id_snisb;nome;municipio_sede;orgao_fiscalizador;uso_principal;dano_potencial_associado;categoria_risco;codigo_trecho_curso_dagua;idap;nivel;nivel_por_pontuacao;completude;confiabilidade;idap_projetado;pontos_a;pontos_b;pontos_c;pontos_d;alertavel;contatos_validados_90d;regras_disparadas;lacunas;municipios_potencialmente_afetados;municipios_posicao_indeterminada;n_municipios_afetados;n_municipios_extraterritoriais;versao_pesos;instante
31990;1A;Alta Floresta;MT - Secretaria de Estado do Meio Ambiente - SEMA;Aquicultura;Não Classificado;Não Classificado;4445546;4;Amarelo;Verde;0,370;insuficiente;10,8;2;2;0;0;não avaliado;;"R06;R10;R11";"B2;B3;B4;B5;B6;C1;C2;C3;C4;C5;C6;C7;D1;D2;D3;D4;D5;D6;D7;D8";;;0;0;0.1.0-metodologica;2026-07-30T09:54:46-04:00
31977;2B;Alta Floresta;MT - Secretaria de Estado do Meio Ambiente - SEMA;Aquicultura;Não Classificado;Não Classificado;4445546;4;Amarelo;Verde;0,370;insuficiente;10,8;2;2;0;0;não avaliado;;"R06;R10;R11";"B2;B3;B4;B5;B6;C1;C2;C3;C4;C5;C6;C7;D1;D2;D3;D4;D5;D6;D7;D8";;;0;0;0.1.0-metodologica;2026-07-30T09:54:46-04:00
21862;BONANZA;Alta Floresta;MT - Secretaria de Estado do Meio Ambiente - SEMA;Industrial;Baixo;Não se Aplica;4445544;3;Amarelo;Verde;0,370;insuficiente;8,1;2;1;0;0;não avaliado;;"R06;R10;R11";"B2;B3;B4;B5;B6;C1;C2;C3;C4;C5;C6;C7;D1;D2;D3;D4;D5;D6;D7;D8";;;0;0;0.1.0-metodologica;2026-07-30T09:54:46-04:00
31551;Barragem 07 - Fazenda Zeniiti III;Alta Floresta;MT - Secretaria de Estado do Meio Ambiente - SEMA;Aquicultura;Baixo;Médio;444546;5;Amarelo;Verde;0,370;insuficiente;13,5;2;3;0;0;não avaliado;;"R06;R10;R11";"B2;B3;B4;B5;B6;C1;C2;C3;C4;C5;C6;C7;D1;D2;D3;D4;D5;D6;D7;D8";;;0;0;0.1.0-metodologica;2026-07-30T09:54:46-04:00
37352;Barragem I - Fazenda Mariana II;Alta Floresta;MT - Secretaria de Estado do Meio Ambiente - SEMA;Recreação;Baixo;Médio;4445548;5;Amarelo;Verde;0,370;insuficiente;13,5;2;3;0;0;não avaliado;;"R06;R10;R11";"B2;B3;B4;B5;B6;C1;C2;C3;C4;C5;C6;C7;D1;D2;D3;D4;D5;D6;D7;D8";;;0;0;0.1.0-metodologica;2026-07-30T09:54:46-04:00
37353;Barragem II - Fazenda Mariana II;Alta Floresta;MT - Secretaria de Estado do Meio Ambiente - SEMA;Recreação;Baixo;Médio;4445548;5;Amarelo;Verde;0,370;insuficiente;13,5;2;3;0;0;não avaliado;;"R06;R10;R11";"B2;B3;B4;B5;B6;C1;C2;C3;C4;C5;C6;C7;D1;D2;D3;D4;D5;D6;D7;D8";;;0;0;0.1.0-metodologica;2026-07-30T09:54:46-04:00
34585;Barramento - Fazenda Cristalino III;Alta Floresta;MT - Secretaria de Estado do Meio Ambiente - SEMA;Irrigação;Baixo;Alto;4445594;7;Amarelo;Verde;0,370;insuficiente;18,9;2;5;0;0;não avaliado;;"R06;R10;R11";"B2;B3;B4;B5;B6;C1;C2;C3;C4;C5;C6;C7;D1;D2;D3;D4;D5;D6;D7;D8";;;0;0;0.1.0-metodologica;2026-07-30T09:54:46-04:00
35005;Barramento - Fazenda Tropeiro Velho IV e V;Alta Floresta;MT - Secretaria de Estado do Meio Ambiente - SEMA;Irrigação;Baixo;Alto;44452872;12;Amarelo;Verde;0,420;parcial;28,6;2;5;5;0;não avaliado;;"R06;R10;R11";"B2;B3;B4;B5;B6;C2;C3;C4;C5;C6;C7;D1;D2;D3;D4;D5;D6;D7;D8";Alta Floresta;;1;0;0.1.0-metodologica;2026-07-30T09:54:46-04:00
35118;Barramento 05 - Fazenda Zeniiti III;Alta Floresta;MT - Secretaria de Estado do Meio Ambiente - SEMA;Aquicultura;Médio;Médio;4445546;5;Amarelo;Verde;0,370;insuficiente;13,5;2;3;0;0;não avaliado;;"R06;R10;R11";"B2;B3;B4;B5;B6;C1;C2;C3;C4;C5;C6;C7;D1;D2;D3;D4;D5;D6;D7;D8";;;0;0;0.1.0-metodologica;2026-07-30T09:54:46-04:00
35110;Barramento 10 - Fazenda Zeniiti III;Alta Floresta;MT - Secretaria de Estado do Meio Ambiente - SEMA;Aquicultura;Médio;Médio;4445546;5;Amarelo;Verde;0,370;insuficiente;13,5;2;3;0;0;não avaliado;;"R06;R10;R11";"B2;B3;B4;B5;B6;C1;C2;C3;C4;C5;C6;C7;D1;D2;D3;D4;D5;D6;D7;D8";;;0;0;0.1.0-metodologica;2026-07-30T09:54:46-04:00
35113;Barramento 12 - fazenda Zeniiti III;Alta Floresta;MT - Secretaria de Estado do Meio Ambiente - SEMA;Aquicultura;Médio;Médio;4445546;5;Amarelo;Verde;0,370;insuficiente;13,5;2;3;0;0;não avaliado;;"R06;R10;R11";"B2;B3;B4;B5;B6;C1;C2;C3;C4;C5;C6;C7;D1;D2;D3;D4;D5;D6;D7;D8";;;0;0;0.1.0-metodologica;2026-07-30T09:54:46-04:00
34519;Barramento 15 - Fazenda Zeniiti III;Alta Floresta;MT - Secretaria de Estado do Meio Ambiente - SEMA;Paisagismo;Médio;Alto;4445546;7;Amarelo;Verde;0,370;insuficiente;18,9;2;5;0;0;não avaliado;;"R06;R10;R11";"B2;B3;B4;B5;B6;C1;C2;C3;C4;C5;C6;C7;D1;D2;D3;D4;D5;D6;D7;D8";;;0;0;0.1.0-metodologica;2026-07-30T09:54:46-04:00
34520;Barramento 16 - Montante;Alta Floresta;MT - Secretaria de Estado do Meio Ambiente - SEMA;Aquicultura;Médio;Alto;4445546;7;Amarelo;Verde;0,370;insuficiente;18,9;2;5;0;0;não avaliado;;"R06;R10;R11";"B2;B3;B4;B5;B6;C1;C2;C3;C4;C5;C6;C7;D1;D2;D3;D4;D5;D6;D7;D8";;;0;0;0.1.0-metodologica;2026-07-30T09:54:46-04:00
34521;Barramento 17 (montante) - Fazenda Zeniiti III;Alta Floresta;MT - Secretaria de Estado do Meio Ambiente - SEMA;Aquicultura;Médio;Alto;4445546;7;Amarelo;Verde;0,370;insuficiente;18,9;2;5;0;0;não avaliado;;"R06;R10;R11";"B2;B3;B4;B5;B6;C1;C2;C3;C4;C5;C6;C7;D1;D2;D3;D4;D5;D6;D7;D8";;;0;0;0.1.0-metodologica;2026-07-30T09:54:46-04:00
34522;Barramento 18 (montante) - Fazenda Zeniiti III;Alta Floresta;MT - Secretaria de Estado do Meio Ambiente - SEMA;Aquicultura;Médio;Alto;4445546;7;Amarelo;Verde;0,370;insuficiente;18,9;2;5;0;0;não avaliado;;"R06;R10;R11";"B2;B3;B4;B5;B6;C1;C2;C3;C4;C5;C6;C7;D1;D2;D3;D4;D5;D6;D7;D8";;;0;0;0.1.0-metodologica;2026-07-30T09:54:46-04:00
36669;Chácara Esteio ? Barramento 02;Alta Floresta;MT - Secretaria de Estado do Meio Ambiente - SEMA;Aquicultura;Baixo;Baixo;44455442;3;Amarelo;Verde;0,370;insuficiente;8,1;2;1;0;0;não avaliado;;"R06;R10;R11";"B2;B3;B4;B5;B6;C1;C2;C3;C4;C5;C6;C7;D1;D2;D3;D4;D5;D6;D7;D8";;;0;0;0.1.0-metodologica;2026-07-30T09:54:46-04:00
31748;Fazenda Agrocondor II;Alta Floresta;MT - Secretaria de Estado do Meio Ambiente - SEMA;Dessedentação Animal;Médio;Médio;4445548;5;Amarelo;Verde;0,370;insuficiente;13,5;2;3;0;0;não avaliado;;"R06;R10;R11";"B2;B3;B4;B5;B6;C1;C2;C3;C4;C5;C6;C7;D1;D2;D3;D4;D5;D6;D7;D8";;;0;0;0.1.0-metodologica;2026-07-30T09:54:46-04:00
35098;Fazenda Zeniiti III (Barramento 6);Alta Floresta;MT - Secretaria de Estado do Meio Ambiente - SEMA;Aquicultura;Médio;Médio;4445546;5;Amarelo;Verde;0,370;insuficiente;13,5;2;3;0;0;não avaliado;;"R06;R10;R11";"B2;B3;B4;B5;B6;C1;C2;C3;C4;C5;C6;C7;D1;D2;D3;D4;D5;D6;D7;D8";;;0;0;0.1.0-metodologica;2026-07-30T09:54:46-04:00
31920;Fazenda Zeniiti III - Barramento 4;Alta Floresta;MT - Secretaria de Estado do Meio Ambiente - SEMA;Aquicultura;Médio;Médio;4445546;5;Amarelo;Verde;0,370;insuficiente;13,5;2;3;0;0;não avaliado;;"R06;R10;R11";"B2;B3;B4;B5;B6;C1;C2;C3;C4;C5;C6;C7;D1;D2;D3;D4;D5;D6;D7;D8";;;0;0;0.1.0-metodologica;2026-07-30T09:54:46-04:00
34468;Fazenda Zeniiti III – Barramento 05;Alta Floresta;MT - Secretaria de Estado do Meio Ambiente - SEMA;Paisagismo;Médio;Médio;4445546;5;Amarelo;Verde;0,370;insuficiente;13,5;2;3;0;0;não avaliado;;"R06;R10;R11";"B2;B3;B4;B5;B6;C1;C2;C3;C4;C5;C6;C7;D1;D2;D3;D4;D5;D6;D7;D8";;;0;0;0.1.0-metodologica;2026-07-30T09:54:46-04:00
4925;PCH Cabeça de Boi - Cabeça de Boi;Alta Floresta;Agência Nacional de Energia Elétrica - ANEEL;Hidroelétrica;Médio;Baixo;4444;5;Verde;Verde;0,360;insuficiente;13,9;1;1;0;3;não avaliado;;R06;"A6;B2;B3;B4;B5;B6;C1;C2;C3;C4;C5;C6;C7;D2;D3;D4;D5;D6;D7;D8";;Paranaíta;0;0;0.1.0-metodologica;2026-07-30T09:54:46-04:00
5159;PCH Da Fazenda - Da Fazenda;Alta Floresta;Agência Nacional de Energia Elétrica - ANEEL;Hidroelétrica;Baixo;Baixo;4444;5;Verde;Verde;0,360;insuficiente;13,9;1;1;0;3;não avaliado;;R06;"A6;B2;B3;B4;B5;B6;C1;C2;C3;C4;C5;C6;C7;D2;D3;D4;D5;D6;D7;D8";;Paranaíta;0;0;0.1.0-metodologica;2026-07-30T09:54:46-04:00
20131;PRINCIPAL 2A;Alta Floresta;MT - Secretaria de Estado do Meio Ambiente - SEMA;Aquicultura;Baixo;Médio;4445546;5;Amarelo;Verde;0,370;insuficiente;13,5;2;3;0;0;não avaliado;;"R06;R10;R11";"B2;B3;B4;B5;B6;C1;C2;C3;C4;C5;C6;C7;D1;D2;D3;D4;D5;D6;D7;D8";;;0;0;0.1.0-metodologica;2026-07-30T09:54:46-04:00
339;Refugio dos Pardais;Alta Floresta;MT - Secretaria de Estado do Meio Ambiente - SEMA;Aquicultura;Baixo;Não se Aplica;4445464;3;Amarelo;Verde;0,370;insuficiente;8,1;2;1;0;0;não avaliado;;"R06;R10;R11";"B2;B3;B4;B5;B6;C1;C2;C3;C4;C5;C6;C7;D1;D2;D3;D4;D5;D6;D7;D8";;;0;0;0.1.0-metodologica;2026-07-30T09:54:46-04:00
333;Sítio São Judas Tadeu;Alta Floresta;MT - Secretaria de Estado do Meio Ambiente - SEMA;Aquicultura;Baixo;Não se Aplica;444554;3;Amarelo;Verde;0,370;insuficiente;8,1;2;1;0;0;não avaliado;;"R06;R10;R11";"B2;B3;B4;B5;B6;C1;C2;C3;C4;C5;C6;C7;D1;D2;D3;D4;D5;D6;D7;D8";;;0;0;0.1.0-metodologica;2026-07-30T09:54:46-04:00
20130;barramento 1B;Alta Floresta;MT - Secretaria de Estado do Meio Ambiente - SEMA;Aquicultura;Médio;Médio;4445546;5;Amarelo;Verde;0,470;parcial;10,6;2;3;0;0;não avaliado;;"R10;R11";"B3;B4;B5;B6;C1;C2;C3;C4;C5;C6;C7;D1;D2;D3;D4;D5;D6;D7;D8";;;0;0;0.1.0-metodologica;2026-07-30T09:54:46-04:00
20132;barramento 4;Alta Floresta;MT - Secretaria de Estado do Meio Ambiente - SEMA;Aquicultura;Médio;Médio;4445546;11;Amarelo;Verde;0,500;parcial;22,0;2;6;0;3;não avaliado;;"R10;R11";"B3;B4;B5;B6;C1;C2;C3;C4;C5;C6;C7;D2;D3;D4;D5;D6;D7;D8";;;0;0;0.1.0-metodologica;2026-07-30T09:54:46-04:00
31228;Barragem na Fazenda dos Sonhos;Alto Araguaia;MT - Secretaria de Estado do Meio Ambiente - SEMA;Dessedentação Animal;Baixo;Não Classificado;699924;7;Verde;Verde;0,380;insuficiente;18,4;0;2;5;0;não avaliado;;R06;"A6;B2;B3;B4;B5;B6;C2;C3;C4;C5;C6;C7;D1;D2;D3;D4;D5;D6;D7;D8";Alto Araguaia | Ponte Branca | Ribeirãozinho | Torixoréu;;4;3;0.1.0-metodologica;2026-07-30T09:54:46-04:00
24104;CGH Alto Garças - ALTO GARÇAS;Alto Araguaia;Agência Nacional de Energia Elétrica - ANEEL;Hidroelétrica;Baixo;Baixo;699766;6;Verde;Verde;0,380;insuficiente;15,8;0;1;5;0;não avaliado;;R06;"A6;B2;B3;B4;B5;B6;C2;C3;C4;C5;C6;C7;D1;D2;D3;D4;D5;D6;D7;D8";Alto Araguaia | Ponte Branca | Ribeirãozinho | Torixoréu;;4;3;0.1.0-metodologica;2026-07-30T09:54:46-04:00
24105;CGH Araguaia - ARAGUAIA;Alto Araguaia;Agência Nacional de Energia Elétrica - ANEEL;Hidroelétrica;Baixo;Baixo;699766;6;Verde;Verde;0,380;insuficiente;15,8;0;1;5;0;não avaliado;;R06;"A6;B2;B3;B4;B5;B6;C2;C3;C4;C5;C6;C7;D1;D2;D3;D4;D5;D6;D7;D8";Alto Araguaia | Ponte Branca | Ribeirãozinho | Torixoréu;;4;3;0.1.0-metodologica;2026-07-30T09:54:46-04:00
24106;CGH Araguainha - ARAGUAINHA;Alto Araguaia;Agência Nacional de Energia Elétrica - ANEEL;Hidroelétrica;Baixo;Baixo;699766;6;Verde;Verde;0,380;insuficiente;15,8;0;1;5;0;não avaliado;;R06;"A6;B2;B3;B4;B5;B6;C2;C3;C4;C5;C6;C7;D1;D2;D3;D4;D5;D6;D7;D8";Alto Araguaia | Ponte Branca | Ribeirãozinho | Torixoréu;;4;3;0.1.0-metodologica;2026-07-30T09:54:46-04:00
4564;PCH Alto Araguaia - Alto Araguaia;Alto Araguaia;Agência Nacional de Energia Elétrica - ANEEL;Hidroelétrica;Baixo;Baixo;6;1;Verde;Verde;0,330;insuficiente;3,0;0;1;0;0;não avaliado;;R06;"A6;B2;B3;B4;B5;B6;C1;C2;C3;C4;C5;C6;C7;D1;D2;D3;D4;D5;D6;D7;D8";;Araguaiana | Barra do Garças | Campinápolis | Campo Verde | Confresa | Dom Aquino | General Carneiro | Luciara | Nova Xavantina | Novo São Joaquim | Pontal do Araguaia | Ponte Branca | Primavera do Leste | Ribeirãozinho | Santa Terezinha | Serra Nova Dourada | Tesouro | Torixoréu;0;0;0.1.0-metodologica;2026-07-30T09:54:46-04:00
36649;Barragem I - Fazenda Água Cristalina;Alto Boa Vista;MT - Secretaria de Estado do Meio Ambiente - SEMA;Irrigação;Baixo;Alto;67824;6;Verde;Verde;0,330;insuficiente;18,2;1;5;0;0;não avaliado;;R06;"A6;B2;B3;B4;B5;B6;C1;C2;C3;C4;C5;C6;C7;D1;D2;D3;D4;D5;D6;D7;D8";;;0;0;0.1.0-metodologica;2026-07-30T09:54:46-04:00
22390;Massa d'Água #100513;Alto Boa Vista;Agência Nacional de Águas e Saneamento Básico - ANA;Irrigação;Não Classificado;Não Classificado;425498;8;Verde;Verde;0,380;insuficiente;21,1;1;2;5;0;não avaliado;;R06;"A6;B2;B3;B4;B5;B6;C2;C3;C4;C5;C6;C7;D1;D2;D3;D4;D5;D6;D7;D8";Alto Boa Vista;;1;0;0.1.0-metodologica;2026-07-30T09:54:46-04:00
22392;Massa d'Água #101453;Alto Boa Vista;Agência Nacional de Águas e Saneamento Básico - ANA;Irrigação;Não Classificado;Não Classificado;678244;3;Verde;Verde;0,330;insuficiente;9,1;1;2;0;0;não avaliado;;R06;"A6;B2;B3;B4;B5;B6;C1;C2;C3;C4;C5;C6;C7;D1;D2;D3;D4;D5;D6;D7;D8";;;0;0;0.1.0-metodologica;2026-07-30T09:54:46-04:00
22395;Massa d'Água #102961;Alto Boa Vista;Agência Nacional de Águas e Saneamento Básico - ANA;Irrigação;Não Classificado;Não Classificado;4254992;8;Verde;Verde;0,380;insuficiente;21,1;1;2;5;0;não avaliado;;R06;"A6;B2;B3;B4;B5;B6;C2;C3;C4;C5;C6;C7;D1;D2;D3;D4;D5;D6;D7;D8";Alto Boa Vista;;1;0;0.1.0-metodologica;2026-07-30T09:54:46-04:00
22421;Massa d'Água #111714;Alto Boa Vista;Agência Nacional de Águas e Saneamento Básico - ANA;Irrigação;Não Classificado;Não Classificado;427278;3;Verde;Verde;0,330;insuficiente;9,1;1;2;0;0;não avaliado;;R06;"A6;B2;B3;B4;B5;B6;C1;C2;C3;C4;C5;C6;C7;D1;D2;D3;D4;D5;D6;D7;D8";;Bom Jesus do Araguaia;0;0;0.1.0-metodologica;2026-07-30T09:54:46-04:00
22422;Massa d'Água #111848;Alto Boa Vista;Agência Nacional de Águas e Saneamento Básico - ANA;Irrigação;Não Classificado;Não Classificado;4254;3;Verde;Verde;0,330;insuficiente;9,1;1;2;0;0;não avaliado;;R06;"A6;B2;B3;B4;B5;B6;C1;C2;C3;C4;C5;C6;C7;D1;D2;D3;D4;D5;D6;D7;D8";;Santa Cruz do Xingu | São Félix do Araguaia | São José do Xingu | Vila Rica;0;0;0.1.0-metodologica;2026-07-30T09:54:46-04:00
22468;Massa d'Água #129111;Alto Boa Vista;Agência Nacional de Águas e Saneamento Básico - ANA;Irrigação;Não Classificado;Não Classificado;6822;2;Verde;Verde;0,330;insuficiente;6,1;0;2;0;0;não avaliado;;R06;"A6;B2;B3;B4;B5;B6;C1;C2;C3;C4;C5;C6;C7;D1;D2;D3;D4;D5;D6;D7;D8";;;0;0;0.1.0-metodologica;2026-07-30T09:54:46-04:00
22469;Massa d'Água #129310;Alto Boa Vista;Agência Nacional de Águas e Saneamento Básico - ANA;Irrigação;Não Classificado;Não Classificado;4254;3;Verde;Verde;0,330;insuficiente;9,1;1;2;0;0;não avaliado;;R06;"A6;B2;B3;B4;B5;B6;C1;C2;C3;C4;C5;C6;C7;D1;D2;D3;D4;D5;D6;D7;D8";;Santa Cruz do Xingu | São Félix do Araguaia | São José do Xingu | Vila Rica;0;0;0.1.0-metodologica;2026-07-30T09:54:46-04:00
22488;Massa d'Água #137078;Alto Boa Vista;Agência Nacional de Águas e Saneamento Básico - ANA;Irrigação;Não Classificado;Não Classificado;4254978;3;Verde;Verde;0,330;insuficiente;9,1;1;2;0;0;não avaliado;;R06;"A6;B2;B3;B4;B5;B6;C1;C2;C3;C4;C5;C6;C7;D1;D2;D3;D4;D5;D6;D7;D8";;;0;0;0.1.0-metodologica;2026-07-30T09:54:46-04:00
22492;Massa d'Água #137918;Alto Boa Vista;Agência Nacional de Águas e Saneamento Básico - ANA;Irrigação;Não Classificado;Não Classificado;678242;3;Verde;Verde;0,330;insuficiente;9,1;1;2;0;0;não avaliado;;R06;"A6;B2;B3;B4;B5;B6;C1;C2;C3;C4;C5;C6;C7;D1;D2;D3;D4;D5;D6;D7;D8";;;0;0;0.1.0-metodologica;2026-07-30T09:54:46-04:00
22496;Massa d'Água #138439;Alto Boa Vista;Agência Nacional de Águas e Saneamento Básico - ANA;Irrigação;Não Classificado;Não Classificado;425498;8;Verde;Verde;0,380;insuficiente;21,1;1;2;5;0;não avaliado;;R06;"A6;B2;B3;B4;B5;B6;C2;C3;C4;C5;C6;C7;D1;D2;D3;D4;D5;D6;D7;D8";Alto Boa Vista;;1;0;0.1.0-metodologica;2026-07-30T09:54:46-04:00
22500;Massa d'Água #139738;Alto Boa Vista;Agência Nacional de Águas e Saneamento Básico - ANA;Irrigação;Não Classificado;Não Classificado;4254;3;Verde;Verde;0,330;insuficiente;9,1;1;2;0;0;não avaliado;;R06;"A6;B2;B3;B4;B5;B6;C1;C2;C3;C4;C5;C6;C7;D1;D2;D3;D4;D5;D6;D7;D8";;Santa Cruz do Xingu | São Félix do Araguaia | São José do Xingu | Vila Rica;0;0;0.1.0-metodologica;2026-07-30T09:54:46-04:00
22502;Massa d'Água #140018;Alto Boa Vista;Agência Nacional de Águas e Saneamento Básico - ANA;Irrigação;Não Classificado;Não Classificado;4254992;8;Verde;Verde;0,380;insuficiente;21,1;1;2;5;0;não avaliado;;R06;"A6;B2;B3;B4;B5;B6;C2;C3;C4;C5;C6;C7;D1;D2;D3;D4;D5;D6;D7;D8";Alto Boa Vista;;1;0;0.1.0-metodologica;2026-07-30T09:54:46-04:00
22513;Massa d'Água #143022;Alto Boa Vista;Agência Nacional de Águas e Saneamento Básico - ANA;Irrigação;Não Classificado;Não Classificado;425498;8;Verde;Verde;0,380;insuficiente;21,1;1;2;5;0;não avaliado;;R06;"A6;B2;B3;B4;B5;B6;C2;C3;C4;C5;C6;C7;D1;D2;D3;D4;D5;D6;D7;D8";Alto Boa Vista;;1;0;0.1.0-metodologica;2026-07-30T09:54:46-04:00
22519;Massa d'Água #144145;Alto Boa Vista;Agência Nacional de Águas e Saneamento Básico - ANA;Irrigação;Não Classificado;Não Classificado;4254978;3;Verde;Verde;0,330;insuficiente;9,1;1;2;0;0;não avaliado;;R06;"A6;B2;B3;B4;B5;B6;C1;C2;C3;C4;C5;C6;C7;D1;D2;D3;D4;D5;D6;D7;D8";;;0;0;0.1.0-metodologica;2026-07-30T09:54:46-04:00
22551;Massa d'Água #150115;Alto Boa Vista;Agência Nacional de Águas e Saneamento Básico - ANA;Irrigação;Não Classificado;Não Classificado;6822;2;Verde;Verde;0,330;insuficiente;6,1;0;2;0;0;não avaliado;;R06;"A6;B2;B3;B4;B5;B6;C1;C2;C3;C4;C5;C6;C7;D1;D2;D3;D4;D5;D6;D7;D8";;;0;0;0.1.0-metodologica;2026-07-30T09:54:46-04:00
22564;Massa d'Água #151821;Alto Boa Vista;Agência Nacional de Águas e Saneamento Básico - ANA;Irrigação;Não Classificado;Não Classificado;4254;3;Verde;Verde;0,330;insuficiente;9,1;1;2;0;0;não avaliado;;R06;"A6;B2;B3;B4;B5;B6;C1;C2;C3;C4;C5;C6;C7;D1;D2;D3;D4;D5;D6;D7;D8";;Santa Cruz do Xingu | São Félix do Araguaia | São José do Xingu | Vila Rica;0;0;0.1.0-metodologica;2026-07-30T09:54:46-04:00
22565;Massa d'Água #151852;Alto Boa Vista;Agência Nacional de Águas e Saneamento Básico - ANA;Irrigação;Não Classificado;Não Classificado;425498;8;Verde;Verde;0,380;insuficiente;21,1;1;2;5;0;não avaliado;;R06;"A6;B2;B3;B4;B5;B6;C2;C3;C4;C5;C6;C7;D1;D2;D3;D4;D5;D6;D7;D8";Alto Boa Vista;;1;0;0.1.0-metodologica;2026-07-30T09:54:46-04:00
22567;Massa d'Água #152660;Alto Boa Vista;Agência Nacional de Águas e Saneamento Básico - ANA;Irrigação;Não Classificado;Não Classificado;427278;3;Verde;Verde;0,330;insuficiente;9,1;1;2;0;0;não avaliado;;R06;"A6;B2;B3;B4;B5;B6;C1;C2;C3;C4;C5;C6;C7;D1;D2;D3;D4;D5;D6;D7;D8";;Bom Jesus do Araguaia;0;0;0.1.0-metodologica;2026-07-30T09:54:46-04:00
22574;Massa d'Água #155534;Alto Boa Vista;Agência Nacional de Águas e Saneamento Básico - ANA;Irrigação;Não Classificado;Não Classificado;4254;3;Verde;Verde;0,330;insuficiente;9,1;1;2;0;0;não avaliado;;R06;"A6;B2;B3;B4;B5;B6;C1;C2;C3;C4;C5;C6;C7;D1;D2;D3;D4;D5;D6;D7;D8";;Santa Cruz do Xingu | São Félix do Araguaia | São José do Xingu | Vila Rica;0;0;0.1.0-metodologica;2026-07-30T09:54:46-04:00
22615;Massa d'Água #160929;Alto Boa Vista;Agência Nacional de Águas e Saneamento Básico - ANA;Irrigação;Não Classificado;Não Classificado;42549782;8;Verde;Verde;0,380;insuficiente;21,1;1;2;5;0;não avaliado;;R06;"A6;B2;B3;B4;B5;B6;C2;C3;C4;C5;C6;C7;D1;D2;D3;D4;D5;D6;D7;D8";Alto Boa Vista;;1;0;0.1.0-metodologica;2026-07-30T09:54:46-04:00
22630;Massa d'Água #164671;Alto Boa Vista;Agência Nacional de Águas e Saneamento Básico - ANA;Irrigação;Não Classificado;Não Classificado;4254;3;Verde;Verde;0,330;insuficiente;9,1;1;2;0;0;não avaliado;;R06;"A6;B2;B3;B4;B5;B6;C1;C2;C3;C4;C5;C6;C7;D1;D2;D3;D4;D5;D6;D7;D8";;Santa Cruz do Xingu | São Félix do Araguaia | São José do Xingu | Vila Rica;0;0;0.1.0-metodologica;2026-07-30T09:54:46-04:00
22641;Massa d'Água #166622;Alto Boa Vista;Agência Nacional de Águas e Saneamento Básico - ANA;Irrigação;Não Classificado;Não Classificado;4254;3;Verde;Verde;0,330;insuficiente;9,1;1;2;0;0;não avaliado;;R06;"A6;B2;B3;B4;B5;B6;C1;C2;C3;C4;C5;C6;C7;D1;D2;D3;D4;D5;D6;D7;D8";;Santa Cruz do Xingu | São Félix do Araguaia | São José do Xingu | Vila Rica;0;0;0.1.0-metodologica;2026-07-30T09:54:46-04:00
23512;Massa d'Água #188820;Alto Boa Vista;Agência Nacional de Águas e Saneamento Básico - ANA;Irrigação;Não Classificado;Não Classificado;4254978;3;Verde;Verde;0,330;insuficiente;9,1;1;2;0;0;não avaliado;;R06;"A6;B2;B3;B4;B5;B6;C1;C2;C3;C4;C5;C6;C7;D1;D2;D3;D4;D5;D6;D7;D8";;;0;0;0.1.0-metodologica;2026-07-30T09:54:46-04:00
23587;Massa d'Água #196269;Alto Boa Vista;Agência Nacional de Águas e Saneamento Básico - ANA;Irrigação;Não Classificado;Não Classificado;425498;8;Verde;Verde;0,380;insuficiente;21,1;1;2;5;0;não avaliado;;R06;"A6;B2;B3;B4;B5;B6;C2;C3;C4;C5;C6;C7;D1;D2;D3;D4;D5;D6;D7;D8";Alto Boa Vista;;1;0;0.1.0-metodologica;2026-07-30T09:54:46-04:00
23599;Massa d'Água #200215;Alto Boa Vista;Agência Nacional de Águas e Saneamento Básico - ANA;Irrigação;Não Classificado;Não Classificado;425498;8;Verde;Verde;0,380;insuficiente;21,1;1;2;5;0;não avaliado;;R06;"A6;B2;B3;B4;B5;B6;C2;C3;C4;C5;C6;C7;D1;D2;D3;D4;D5;D6;D7;D8";Alto Boa Vista;;1;0;0.1.0-metodologica;2026-07-30T09:54:46-04:00
23600;Massa d'Água #201014;Alto Boa Vista;Agência Nacional de Águas e Saneamento Básico - ANA;Irrigação;Não Classificado;Não Classificado;6822;2;Verde;Verde;0,330;insuficiente;6,1;0;2;0;0;não avaliado;;R06;"A6;B2;B3;B4;B5;B6;C1;C2;C3;C4;C5;C6;C7;D1;D2;D3;D4;D5;D6;D7;D8";;;0;0;0.1.0-metodologica;2026-07-30T09:54:46-04:00
23634;Massa d'Água #203966;Alto Boa Vista;Agência Nacional de Águas e Saneamento Básico - ANA;Irrigação;Não Classificado;Não Classificado;67824;3;Verde;Verde;0,330;insuficiente;9,1;1;2;0;0;não avaliado;;R06;"A6;B2;B3;B4;B5;B6;C1;C2;C3;C4;C5;C6;C7;D1;D2;D3;D4;D5;D6;D7;D8";;;0;0;0.1.0-metodologica;2026-07-30T09:54:46-04:00
23671;Massa d'Água #212282;Alto Boa Vista;Agência Nacional de Águas e Saneamento Básico - ANA;Irrigação;Não Classificado;Não Classificado;425498;8;Verde;Verde;0,380;insuficiente;21,1;1;2;5;0;não avaliado;;R06;"A6;B2;B3;B4;B5;B6;C2;C3;C4;C5;C6;C7;D1;D2;D3;D4;D5;D6;D7;D8";Alto Boa Vista;;1;0;0.1.0-metodologica;2026-07-30T09:54:46-04:00
23678;Massa d'Água #216360;Alto Boa Vista;Agência Nacional de Águas e Saneamento Básico - ANA;Irrigação;Não Classificado;Não Classificado;425498;8;Verde;Verde;0,380;insuficiente;21,1;1;2;5;0;não avaliado;;R06;"A6;B2;B3;B4;B5;B6;C2;C3;C4;C5;C6;C7;D1;D2;D3;D4;D5;D6;D7;D8";Alto Boa Vista;;1;0;0.1.0-metodologica;2026-07-30T09:54:46-04:00
23704;Massa d'Água #217286;Alto Boa Vista;Agência Nacional de Águas e Saneamento Básico - ANA;Irrigação;Não Classificado;Não Classificado;425498;8;Verde;Verde;0,380;insuficiente;21,1;1;2;5;0;não avaliado;;R06;"A6;B2;B3;B4;B5;B6;C2;C3;C4;C5;C6;C7;D1;D2;D3;D4;D5;D6;D7;D8";Alto Boa Vista;;1;0;0.1.0-metodologica;2026-07-30T09:54:46-04:00
23746;Massa d'Água #221315;Alto Boa Vista;Agência Nacional de Águas e Saneamento Básico - ANA;Irrigação;Não Classificado;Não Classificado;4254992;8;Verde;Verde;0,380;insuficiente;21,1;1;2;5;0;não avaliado;;R06;"A6;B2;B3;B4;B5;B6;C2;C3;C4;C5;C6;C7;D1;D2;D3;D4;D5;D6;D7;D8";Alto Boa Vista;;1;0;0.1.0-metodologica;2026-07-30T09:54:46-04:00
23768;Massa d'Água #226789;Alto Boa Vista;Agência Nacional de Águas e Saneamento Básico - ANA;Irrigação;Não Classificado;Não Classificado;425498;8;Verde;Verde;0,380;insuficiente;21,1;1;2;5;0;não avaliado;;R06;"A6;B2;B3;B4;B5;B6;C2;C3;C4;C5;C6;C7;D1;D2;D3;D4;D5;D6;D7;D8";Alto Boa Vista;;1;0;0.1.0-metodologica;2026-07-30T09:54:46-04:00
23789;Massa d'Água #234042;Alto Boa Vista;Agência Nacional de Águas e Saneamento Básico - ANA;Irrigação;Não Classificado;Não Classificado;4254978;3;Verde;Verde;0,330;insuficiente;9,1;1;2;0;0;não avaliado;;R06;"A6;B2;B3;B4;B5;B6;C1;C2;C3;C4;C5;C6;C7;D1;D2;D3;D4;D5;D6;D7;D8";;;0;0;0.1.0-metodologica;2026-07-30T09:54:46-04:00
23810;Massa d'Água #237564;Alto Boa Vista;Agência Nacional de Águas e Saneamento Básico - ANA;Irrigação;Não Classificado;Não Classificado;4254978;3;Verde;Verde;0,330;insuficiente;9,1;1;2;0;0;não avaliado;;R06;"A6;B2;B3;B4;B5;B6;C1;C2;C3;C4;C5;C6;C7;D1;D2;D3;D4;D5;D6;D7;D8";;;0;0;0.1.0-metodologica;2026-07-30T09:54:46-04:00
22224;Massa d'Água #57710;Alto Boa Vista;Agência Nacional de Águas e Saneamento Básico - ANA;Irrigação;Não Classificado;Não Classificado;4254992;8;Verde;Verde;0,380;insuficiente;21,1;1;2;5;0;não avaliado;;R06;"A6;B2;B3;B4;B5;B6;C2;C3;C4;C5;C6;C7;D1;D2;D3;D4;D5;D6;D7;D8";Alto Boa Vista;;1;0;0.1.0-metodologica;2026-07-30T09:54:46-04:00
22327;Massa d'Água #84492;Alto Boa Vista;Agência Nacional de Águas e Saneamento Básico - ANA;Irrigação;Não Classificado;Não Classificado;4254;3;Verde;Verde;0,330;insuficiente;9,1;1;2;0;0;não avaliado;;R06;"A6;B2;B3;B4;B5;B6;C1;C2;C3;C4;C5;C6;C7;D1;D2;D3;D4;D5;D6;D7;D8";;Santa Cruz do Xingu | São Félix do Araguaia | São José do Xingu | Vila Rica;0;0;0.1.0-metodologica;2026-07-30T09:54:46-04:00
22330;Massa d'Água #85328;Alto Boa Vista;Agência Nacional de Águas e Saneamento Básico - ANA;Irrigação;Não Classificado;Não Classificado;4254992;8;Verde;Verde;0,380;insuficiente;21,1;1;2;5;0;não avaliado;;R06;"A6;B2;B3;B4;B5;B6;C2;C3;C4;C5;C6;C7;D1;D2;D3;D4;D5;D6;D7;D8";Alto Boa Vista;;1;0;0.1.0-metodologica;2026-07-30T09:54:46-04:00
22371;Massa d'Água #91738;Alto Boa Vista;Agência Nacional de Águas e Saneamento Básico - ANA;Irrigação;Não Classificado;Não Classificado;4254992;8;Verde;Verde;0,380;insuficiente;21,1;1;2;5;0;não avaliado;;R06;"A6;B2;B3;B4;B5;B6;C2;C3;C4;C5;C6;C7;D1;D2;D3;D4;D5;D6;D7;D8";Alto Boa Vista;;1;0;0.1.0-metodologica;2026-07-30T09:54:46-04:00
8122;Barramento Atto Agropecuária LTDA;Alto Garças;MT - Secretaria de Estado do Meio Ambiente - SEMA;Irrigação;Médio;Médio;8964878;8;Verde;Verde;0,380;insuficiente;21,1;0;3;5;0;não avaliado;;R06;"A6;B2;B3;B4;B5;B6;C2;C3;C4;C5;C6;C7;D1;D2;D3;D4;D5;D6;D7;D8";Alto Garças | Guiratinga;;2;1;0.1.0-metodologica;2026-07-30T09:54:46-04:00
4489;PCH Lajari - Barragem Laje;Alto Taquari;Agência Nacional de Energia Elétrica - ANEEL;Hidroelétrica;Baixo;Baixo;8956498;17;Amarelo;Verde;0,450;parcial;37,8;8;1;5;3;não avaliado;;"R06;R10;R11";"B2;B3;B4;B5;B6;C2;C3;C4;C5;C6;C7;D2;D3;D4;D5;D6;D7;D8";Alto Taquari;;1;0;0.1.0-metodologica;2026-07-30T09:54:46-04:00
20534;PCH Lajari - Barragem Taquari;Alto Taquari;Agência Nacional de Energia Elétrica - ANEEL;Hidroelétrica;Baixo;Baixo;8956498;17;Amarelo;Verde;0,450;parcial;37,8;8;1;5;3;não avaliado;;"R06;R10;R11";"B2;B3;B4;B5;B6;C2;C3;C4;C5;C6;C7;D2;D3;D4;D5;D6;D7;D8";Alto Taquari;;1;0;0.1.0-metodologica;2026-07-30T09:54:46-04:00
29886;B1;Araguaiana;MT - Secretaria de Estado do Meio Ambiente - SEMA;Irrigação;Baixo;Alto;69574;5;Verde;Verde;0,330;insuficiente;15,2;0;5;0;0;não avaliado;;R06;"A6;B2;B3;B4;B5;B6;C1;C2;C3;C4;C5;C6;C7;D1;D2;D3;D4;D5;D6;D7;D8";;;0;0;0.1.0-metodologica;2026-07-30T09:54:46-04:00
35097;B1;Araguaiana;MT - Secretaria de Estado do Meio Ambiente - SEMA;Dessedentação Animal;Baixo;Médio;6;3;Verde;Verde;0,330;insuficiente;9,1;0;3;0;0;não avaliado;;R06;"A6;B2;B3;B4;B5;B6;C1;C2;C3;C4;C5;C6;C7;D1;D2;D3;D4;D5;D6;D7;D8";;Alto Araguaia | Barra do Garças | Campinápolis | Campo Verde | Confresa | Dom Aquino | General Carneiro | Luciara | Nova Xavantina | Novo São Joaquim | Pontal do Araguaia | Ponte Branca | Primavera do Leste | Ribeirãozinho | Santa Terezinha | Serra Nova Dourada | Tesouro | Torixoréu;0;0;0.1.0-metodologica;2026-07-30T09:54:46-04:00
29889;B2;Araguaiana;MT - Secretaria de Estado do Meio Ambiente - SEMA;Irrigação;Baixo;Médio;69574;3;Verde;Verde;0,330;insuficiente;9,1;0;3;0;0;não avaliado;;R06;"A6;B2;B3;B4;B5;B6;C1;C2;C3;C4;C5;C6;C7;D1;D2;D3;D4;D5;D6;D7;D8";;;0;0;0.1.0-metodologica;2026-07-30T09:54:46-04:00
29894;B3;Araguaiana;MT - Secretaria de Estado do Meio Ambiente - SEMA;Irrigação;Baixo;Médio;69574;3;Verde;Verde;0,330;insuficiente;9,1;0;3;0;0;não avaliado;;R06;"A6;B2;B3;B4;B5;B6;C1;C2;C3;C4;C5;C6;C7;D1;D2;D3;D4;D5;D6;D7;D8";;;0;0;0.1.0-metodologica;2026-07-30T09:54:46-04:00
36477;Barragem B2;Araguaiana;MT - Secretaria de Estado do Meio Ambiente - SEMA;Regularização de vazão;Baixo;Alto;68428;9;Verde;Verde;0,380;insuficiente;23,7;0;5;4;0;não avaliado;;R06;"A6;B2;B3;B4;B5;B6;C2;C3;C4;C5;C6;C7;D1;D2;D3;D4;D5;D6;D7;D8";Araguaiana;;1;0;0.1.0-metodologica;2026-07-30T09:54:46-04:00
36473;Barragem B3;Araguaiana;MT - Secretaria de Estado do Meio Ambiente - SEMA;Regularização de vazão;Baixo;Não Classificado;68428;6;Verde;Verde;0,380;insuficiente;15,8;0;2;4;0;não avaliado;;R06;"A6;B2;B3;B4;B5;B6;C2;C3;C4;C5;C6;C7;D1;D2;D3;D4;D5;D6;D7;D8";Araguaiana;;1;0;0.1.0-metodologica;2026-07-30T09:54:46-04:00
35126;Barragem III ? Fazenda Nossa Senhora Aparecida;Araguaiana;MT - Secretaria de Estado do Meio Ambiente - SEMA;Dessedentação Animal;Baixo;Médio;69592;3;Verde;Verde;0,330;insuficiente;9,1;0;3;0;0;não avaliado;;R06;"A6;B2;B3;B4;B5;B6;C1;C2;C3;C4;C5;C6;C7;D1;D2;D3;D4;D5;D6;D7;D8";;;0;0;0.1.0-metodologica;2026-07-30T09:54:46-04:00
35127;Barragem V -  Fazenda Nossa Senhora Aparecida;Araguaiana;MT - Secretaria de Estado do Meio Ambiente - SEMA;Dessedentação Animal;Baixo;Médio;69592;3;Verde;Verde;0,330;insuficiente;9,1;0;3;0;0;não avaliado;;R06;"A6;B2;B3;B4;B5;B6;C1;C2;C3;C4;C5;C6;C7;D1;D2;D3;D4;D5;D6;D7;D8";;;0;0;0.1.0-metodologica;2026-07-30T09:54:46-04:00
36615;Barragem XIV ? Fazenda Buriti;Araguaiana;MT - Secretaria de Estado do Meio Ambiente - SEMA;Dessedentação Animal;Baixo;Médio;6;3;Verde;Verde;0,330;insuficiente;9,1;0;3;0;0;não avaliado;;R06;"A6;B2;B3;B4;B5;B6;C1;C2;C3;C4;C5;C6;C7;D1;D2;D3;D4;D5;D6;D7;D8";;Alto Araguaia | Barra do Garças | Campinápolis | Campo Verde | Confresa | Dom Aquino | General Carneiro | Luciara | Nova Xavantina | Novo São Joaquim | Pontal do Araguaia | Ponte Branca | Primavera do Leste | Ribeirãozinho | Santa Terezinha | Serra Nova Dourada | Tesouro | Torixoréu;0;0;0.1.0-metodologica;2026-07-30T09:54:46-04:00
20739;Faz. Jacarandá;Araguaiana;MT - Secretaria de Estado do Meio Ambiente - SEMA;Irrigação;Baixo;Não se Aplica;68428;5;Verde;Verde;0,380;insuficiente;13,2;0;1;4;0;não avaliado;;R06;"A6;B2;B3;B4;B5;B6;C2;C3;C4;C5;C6;C7;D1;D2;D3;D4;D5;D6;D7;D8";Araguaiana;;1;0;0.1.0-metodologica;2026-07-30T09:54:46-04:00
4518;PCH Ombreiras - Ombreiras;Araputanga;Agência Nacional de Energia Elétrica - ANEEL;Hidroelétrica;Alto;Baixo;8994;11;Verde;Verde;0,410;parcial;26,8;4;1;5;1;não avaliado;;R06;"A6;B2;B3;B4;B5;B6;C2;C3;C4;C5;C6;C7;D2;D3;D4;D5;D6;D7;D8";Araputanga | Jauru;Indiavaí | Mirassol d'Oeste | São José dos Quatro Marcos;2;1;0.1.0-metodologica;2026-07-30T09:54:46-04:00
26655;Fazenda Bacurí;Arenápolis;MT - Secretaria de Estado do Meio Ambiente - SEMA;Dessedentação Animal;Baixo;Médio;899994;9;Verde;Verde;0,380;insuficiente;23,7;1;3;5;0;não avaliado;;R06;"A6;B2;B3;B4;B5;B6;C2;C3;C4;C5;C6;C7;D1;D2;D3;D4;D5;D6;D7;D8";Barra do Bugres;;1;1;0.1.0-metodologica;2026-07-30T09:54:46-04:00
27403;Fazenda Fortaleza;Arenápolis;MT - Secretaria de Estado do Meio Ambiente - SEMA;Irrigação;Baixo;Baixo;8999492;7;Verde;Verde;0,380;insuficiente;18,4;1;1;5;0;não avaliado;;R06;"A6;B2;B3;B4;B5;B6;C2;C3;C4;C5;C6;C7;D1;D2;D3;D4;D5;D6;D7;D8";Arenápolis | Barra do Bugres;Denise;2;1;0.1.0-metodologica;2026-07-30T09:54:46-04:00
21945;ARENAL;Aripuanã;Agência Nacional de Mineração - ANM;Contenção de rejeitos de mineração;Baixo;Médio;4629332;10;Verde;Verde;0,480;parcial;20,8;2;6;2;0;não avaliado;;;"A6;B4;B5;B6;C1;C2;C3;C4;C5;C6;C7;D1;D2;D3;D4;D5;D6;D7;D8";;;0;0;0.1.0-metodologica;2026-07-30T09:54:46-04:00
4739;CGH Aripuanã - Dique da UHE Dardanelos;Aripuanã;Agência Nacional de Energia Elétrica - ANEEL;Hidroelétrica;Baixo;Baixo;462;3;Verde;Verde;0,330;insuficiente;9,1;2;1;0;0;não avaliado;;R06;"A6;B2;B3;B4;B5;B6;C1;C2;C3;C4;C5;C6;C7;D1;D2;D3;D4;D5;D6;D7;D8";;Colniza | Juína | Rondolândia;0;0;0.1.0-metodologica;2026-07-30T09:54:46-04:00
20736;CGH Faxinal I - CAPTAÇÃO LATERAL SIMPLES;Aripuanã;Agência Nacional de Energia Elétrica - ANEEL;Hidroelétrica;Baixo;Baixo;462;6;Verde;Verde;0,360;insuficiente;16,7;2;1;0;3;não avaliado;;R06;"A6;B2;B3;B4;B5;B6;C1;C2;C3;C4;C5;C6;C7;D2;D3;D4;D5;D6;D7;D8";;Colniza | Juína | Rondolândia;0;0;0.1.0-metodologica;2026-07-30T09:54:46-04:00
34157;CGH Faxinal I - CAPTAÇÃO LATERAL SIMPLES (CGH FAXINAL I);Aripuanã;Agência Nacional de Energia Elétrica - ANEEL;Hidroelétrica;Baixo;Baixo;462;3;Verde;Verde;0,330;insuficiente;9,1;2;1;0;0;não avaliado;;R06;"A6;B2;B3;B4;B5;B6;C1;C2;C3;C4;C5;C6;C7;D1;D2;D3;D4;D5;D6;D7;D8";;Colniza | Juína | Rondolândia;0;0;0.1.0-metodologica;2026-07-30T09:54:46-04:00
7957;Mineração Dardanelos;Aripuanã;MT - Secretaria de Estado do Meio Ambiente - SEMA;Industrial;Baixo;Baixo;46293322;8;Verde;Verde;0,380;insuficiente;21,1;2;1;5;0;não avaliado;;R06;"A6;B2;B3;B4;B5;B6;C2;C3;C4;C5;C6;C7;D1;D2;D3;D4;D5;D6;D7;D8";Aripuanã;;1;0;0.1.0-metodologica;2026-07-30T09:54:46-04:00
5154;PCH Faxinal II - PCH FAXINAL II;Aripuanã;Agência Nacional de Energia Elétrica - ANEEL;Hidroelétrica;Baixo;Baixo;462;6;Verde;Verde;0,360;insuficiente;16,7;2;1;0;3;não avaliado;;R06;"A6;B2;B3;B4;B5;B6;C1;C2;C3;C4;C5;C6;C7;D2;D3;D4;D5;D6;D7;D8";;Colniza | Juína | Rondolândia;0;0;0.1.0-metodologica;2026-07-30T09:54:46-04:00
34227;PCH Faxinal II - PCH FAXINAL II;Aripuanã;Agência Nacional de Energia Elétrica - ANEEL;Hidroelétrica;Baixo;Baixo;462;3;Verde;Verde;0,330;insuficiente;9,1;2;1;0;0;não avaliado;;R06;"A6;B2;B3;B4;B5;B6;C1;C2;C3;C4;C5;C6;C7;D1;D2;D3;D4;D5;D6;D7;D8";;Colniza | Juína | Rondolândia;0;0;0.1.0-metodologica;2026-07-30T09:54:46-04:00
4157;UHE Dardanelos - UHE Dardanelos;Aripuanã;Agência Nacional de Energia Elétrica - ANEEL;Hidroelétrica;Médio;Baixo;462;4;Verde;Verde;0,360;insuficiente;11,1;2;1;0;1;não avaliado;;R06;"A6;B2;B3;B4;B5;B6;C1;C2;C3;C4;C5;C6;C7;D2;D3;D4;D5;D6;D7;D8";;Colniza | Juína | Rondolândia;0;0;0.1.0-metodologica;2026-07-30T09:54:46-04:00
36651;Chácara Esteio - Barramento I;Alta Floresta;MT - Secretaria de Estado do Meio Ambiente - SEMA;Aquicultura;Médio;Baixo;44455442;3;Amarelo;Verde;0,370;insuficiente;8,1;2;1;0;0;não avaliado;;"R06;R10;R11";"B2;B3;B4;B5;B6;C1;C2;C3;C4;C5;C6;C7;D1;D2;D3;D4;D5;D6;D7;D8";;;0;0;0.1.0-metodologica;2026-07-30T09:54:46-04:00
37416;Fazenda Santa Helena -  Montante 1;Alta Floresta;MT - Secretaria de Estado do Meio Ambiente - SEMA;Irrigação;Baixo;Médio;44454;5;Amarelo;Verde;0,370;insuficiente;13,5;2;3;0;0;não avaliado;;"R06;R10;R11";"B2;B3;B4;B5;B6;C1;C2;C3;C4;C5;C6;C7;D1;D2;D3;D4;D5;D6;D7;D8";;;0;0;0.1.0-metodologica;2026-07-30T09:54:46-04:00
20050;Fazenda Santa Helena - Barramento 01;Alta Floresta;MT - Secretaria de Estado do Meio Ambiente - SEMA;Irrigação;Baixo;Médio;444546;5;Amarelo;Verde;0,370;insuficiente;13,5;2;3;0;0;não avaliado;;"R06;R10;R11";"B2;B3;B4;B5;B6;C1;C2;C3;C4;C5;C6;C7;D1;D2;D3;D4;D5;D6;D7;D8";;;0;0;0.1.0-metodologica;2026-07-30T09:54:46-04:00
37432;Fazenda Santa Helena - Barramento 02;Alta Floresta;MT - Secretaria de Estado do Meio Ambiente - SEMA;Irrigação;Baixo;Médio;44454;5;Amarelo;Verde;0,370;insuficiente;13,5;2;3;0;0;não avaliado;;"R06;R10;R11";"B2;B3;B4;B5;B6;C1;C2;C3;C4;C5;C6;C7;D1;D2;D3;D4;D5;D6;D7;D8";;;0;0;0.1.0-metodologica;2026-07-30T09:54:46-04:00
37386;Tanque Pulmão Fazenda Jacarandá;Araguaiana;MT - Secretaria de Estado do Meio Ambiente - SEMA;Irrigação;Baixo;Baixo;68428;5;Verde;Verde;0,380;insuficiente;13,2;0;1;4;0;não avaliado;;R06;"A6;B2;B3;B4;B5;B6;C2;C3;C4;C5;C6;C7;D1;D2;D3;D4;D5;D6;D7;D8";Araguaiana;;1;0;0.1.0-metodologica;2026-07-30T09:54:46-04:00
34567;Barragem 1 Fazenda Santa Maria;Barra do Bugres;MT - Secretaria de Estado do Meio Ambiente - SEMA;Irrigação;Baixo;Alto;8;5;Verde;Verde;0,330;insuficiente;15,2;0;5;0;0;não avaliado;;R06;"A6;B2;B3;B4;B5;B6;C1;C2;C3;C4;C5;C6;C7;D1;D2;D3;D4;D5;D6;D7;D8";;Alto Garças | Alto Taquari | Araputanga | Arenápolis | Chapada dos Guimarães | Cuiabá | Cáceres | Denise | Diamantino | Guiratinga | Indiavaí | Itiquira | Jaciara | Jangada | Jauru | Juscimeira | Mirassol d'Oeste | Nortelândia | Nossa Senhora do Livramento | Nova Marilândia | Nova Olímpia | Pedra Preta | Poconé | Porto Esperidião | Poxoréu | Rio Branco | Rondonópolis | Rosário Oeste | Salto do Céu | Santo Afonso | Santo Antônio de Leverger | São José do Povo | São José dos Quatro Marcos | Tangará da Serra | Várzea Grande;0;0;0.1.0-metodologica;2026-07-30T09:54:46-04:00
30939;Barramento 09;Barra do Bugres;MT - Secretaria de Estado do Meio Ambiente - SEMA;Irrigação;Baixo;Alto;89994;10;Verde;Verde;0,380;insuficiente;26,3;0;5;5;0;não avaliado;;R06;"A6;B2;B3;B4;B5;B6;C2;C3;C4;C5;C6;C7;D1;D2;D3;D4;D5;D6;D7;D8";Barra do Bugres;Arenápolis | Denise | Nova Olímpia | Tangará da Serra;1;0;0.1.0-metodologica;2026-07-30T09:54:46-04:00
34707;Barramento 2 – Fazenda Santa Maria;Barra do Bugres;MT - Secretaria de Estado do Meio Ambiente - SEMA;Irrigação;Baixo;Alto;8;5;Verde;Verde;0,330;insuficiente;15,2;0;5;0;0;não avaliado;;R06;"A6;B2;B3;B4;B5;B6;C1;C2;C3;C4;C5;C6;C7;D1;D2;D3;D4;D5;D6;D7;D8";;Alto Garças | Alto Taquari | Araputanga | Arenápolis | Chapada dos Guimarães | Cuiabá | Cáceres | Denise | Diamantino | Guiratinga | Indiavaí | Itiquira | Jaciara | Jangada | Jauru | Juscimeira | Mirassol d'Oeste | Nortelândia | Nossa Senhora do Livramento | Nova Marilândia | Nova Olímpia | Pedra Preta | Poconé | Porto Esperidião | Poxoréu | Rio Branco | Rondonópolis | Rosário Oeste | Salto do Céu | Santo Afonso | Santo Antônio de Leverger | São José do Povo | São José dos Quatro Marcos | Tangará da Serra | Várzea Grande;0;0;0.1.0-metodologica;2026-07-30T09:54:46-04:00
34706;Barramento 3 – Fazenda Santa Maria;Barra do Bugres;MT - Secretaria de Estado do Meio Ambiente - SEMA;Irrigação;Baixo;Alto;8;5;Verde;Verde;0,330;insuficiente;15,2;0;5;0;0;não avaliado;;R06;"A6;B2;B3;B4;B5;B6;C1;C2;C3;C4;C5;C6;C7;D1;D2;D3;D4;D5;D6;D7;D8";;Alto Garças | Alto Taquari | Araputanga | Arenápolis | Chapada dos Guimarães | Cuiabá | Cáceres | Denise | Diamantino | Guiratinga | Indiavaí | Itiquira | Jaciara | Jangada | Jauru | Juscimeira | Mirassol d'Oeste | Nortelândia | Nossa Senhora do Livramento | Nova Marilândia | Nova Olímpia | Pedra Preta | Poconé | Porto Esperidião | Poxoréu | Rio Branco | Rondonópolis | Rosário Oeste | Salto do Céu | Santo Afonso | Santo Antônio de Leverger | São José do Povo | São José dos Quatro Marcos | Tangará da Serra | Várzea Grande;0;0;0.1.0-metodologica;2026-07-30T09:54:46-04:00
36671;Barramento Fazenda Ouro Branco;Barra do Bugres;MT - Secretaria de Estado do Meio Ambiente - SEMA;Irrigação;Baixo;Médio;899942;8;Verde;Verde;0,380;insuficiente;21,1;0;3;5;0;não avaliado;;R06;"A6;B2;B3;B4;B5;B6;C2;C3;C4;C5;C6;C7;D1;D2;D3;D4;D5;D6;D7;D8";Barra do Bugres;Nova Olímpia | Tangará da Serra;1;0;0.1.0-metodologica;2026-07-30T09:54:46-04:00
34623;Barramento montante – Fazenda São Sebastião;Barra do Bugres;MT - Secretaria de Estado do Meio Ambiente - SEMA;Dessedentação Animal;Baixo;Médio;8999222;8;Verde;Verde;0,380;insuficiente;21,1;0;3;5;0;não avaliado;;R06;"A6;B2;B3;B4;B5;B6;C2;C3;C4;C5;C6;C7;D1;D2;D3;D4;D5;D6;D7;D8";Barra do Bugres;;1;0;0.1.0-metodologica;2026-07-30T09:54:46-04:00
34622;Barramento – Fazenda São Sebastião;Barra do Bugres;MT - Secretaria de Estado do Meio Ambiente - SEMA;Dessedentação Animal;Baixo;Médio;8999222;8;Verde;Verde;0,380;insuficiente;21,1;0;3;5;0;não avaliado;;R06;"A6;B2;B3;B4;B5;B6;C2;C3;C4;C5;C6;C7;D1;D2;D3;D4;D5;D6;D7;D8";Barra do Bugres;;1;0;0.1.0-metodologica;2026-07-30T09:54:46-04:00
5371;FAZENDA OURO BRANCO;Barra do Bugres;MT - Secretaria de Estado do Meio Ambiente - SEMA;Aquicultura;Não Classificado;Não Classificado;899942;7;Verde;Verde;0,380;insuficiente;18,4;0;2;5;0;não avaliado;;R06;"A6;B2;B3;B4;B5;B6;C2;C3;C4;C5;C6;C7;D1;D2;D3;D4;D5;D6;D7;D8";Barra do Bugres;Nova Olímpia | Tangará da Serra;1;0;0.1.0-metodologica;2026-07-30T09:54:46-04:00
5364;FAZENDA OURO FINO;Barra do Bugres;MT - Secretaria de Estado do Meio Ambiente - SEMA;Aquicultura;Não Classificado;Não Classificado;899942;7;Verde;Verde;0,380;insuficiente;18,4;0;2;5;0;não avaliado;;R06;"A6;B2;B3;B4;B5;B6;C2;C3;C4;C5;C6;C7;D1;D2;D3;D4;D5;D6;D7;D8";Barra do Bugres;Nova Olímpia | Tangará da Serra;1;0;0.1.0-metodologica;2026-07-30T09:54:46-04:00
5362;FAZENDA OURO FINO - Barragem 02;Barra do Bugres;MT - Secretaria de Estado do Meio Ambiente - SEMA;Aquicultura;Não Classificado;Não Classificado;899942;7;Verde;Verde;0,380;insuficiente;18,4;0;2;5;0;não avaliado;;R06;"A6;B2;B3;B4;B5;B6;C2;C3;C4;C5;C6;C7;D1;D2;D3;D4;D5;D6;D7;D8";Barra do Bugres;Nova Olímpia | Tangará da Serra;1;0;0.1.0-metodologica;2026-07-30T09:54:46-04:00
5361;FAZENDA OURO FINO- Barragem 01;Barra do Bugres;MT - Secretaria de Estado do Meio Ambiente - SEMA;Aquicultura;Não Classificado;Não Classificado;899942;7;Verde;Verde;0,380;insuficiente;18,4;0;2;5;0;não avaliado;;R06;"A6;B2;B3;B4;B5;B6;C2;C3;C4;C5;C6;C7;D1;D2;D3;D4;D5;D6;D7;D8";Barra do Bugres;Nova Olímpia | Tangará da Serra;1;0;0.1.0-metodologica;2026-07-30T09:54:46-04:00
26672;Faz São Paulo;Barra do Bugres;MT - Secretaria de Estado do Meio Ambiente - SEMA;Dessedentação Animal;Baixo;Baixo;899916;5;Verde;Verde;0,330;insuficiente;15,2;4;1;0;0;não avaliado;;R06;"A6;B2;B3;B4;B5;B6;C1;C2;C3;C4;C5;C6;C7;D1;D2;D3;D4;D5;D6;D7;D8";;;0;0;0.1.0-metodologica;2026-07-30T09:54:46-04:00
7987;Faz. Ouro Fino - Barragem 05;Barra do Bugres;MT - Secretaria de Estado do Meio Ambiente - SEMA;Aquicultura;Baixo;Não se Aplica;8999422;6;Verde;Verde;0,380;insuficiente;15,8;0;1;5;0;não avaliado;;R06;"A6;B2;B3;B4;B5;B6;C2;C3;C4;C5;C6;C7;D1;D2;D3;D4;D5;D6;D7;D8";Barra do Bugres;;1;0;0.1.0-metodologica;2026-07-30T09:54:46-04:00
7985;Faz. Ouro Fino - Barragem 06;Barra do Bugres;MT - Secretaria de Estado do Meio Ambiente - SEMA;Aquicultura;Baixo;Não se Aplica;8999422;6;Verde;Verde;0,380;insuficiente;15,8;0;1;5;0;não avaliado;;R06;"A6;B2;B3;B4;B5;B6;C2;C3;C4;C5;C6;C7;D1;D2;D3;D4;D5;D6;D7;D8";Barra do Bugres;;1;0;0.1.0-metodologica;2026-07-30T09:54:46-04:00
7986;Faz. Ouro Fino - Barragem 07;Barra do Bugres;MT - Secretaria de Estado do Meio Ambiente - SEMA;Aquicultura;Baixo;Não se Aplica;8999422;6;Verde;Verde;0,380;insuficiente;15,8;0;1;5;0;não avaliado;;R06;"A6;B2;B3;B4;B5;B6;C2;C3;C4;C5;C6;C7;D1;D2;D3;D4;D5;D6;D7;D8";Barra do Bugres;;1;0;0.1.0-metodologica;2026-07-30T09:54:46-04:00
20144;Fazenda Ceita Porã;Barra do Bugres;MT - Secretaria de Estado do Meio Ambiente - SEMA;Dessedentação Animal;Baixo;Não se Aplica;899922;6;Verde;Verde;0,380;insuficiente;15,8;0;1;5;0;não avaliado;;R06;"A6;B2;B3;B4;B5;B6;C2;C3;C4;C5;C6;C7;D1;D2;D3;D4;D5;D6;D7;D8";Barra do Bugres;;1;0;0.1.0-metodologica;2026-07-30T09:54:46-04:00
27373;Fazenda Estrela;Barra do Bugres;MT - Secretaria de Estado do Meio Ambiente - SEMA;Dessedentação Animal;Baixo;Médio;8;3;Verde;Verde;0,330;insuficiente;9,1;0;3;0;0;não avaliado;;R06;"A6;B2;B3;B4;B5;B6;C1;C2;C3;C4;C5;C6;C7;D1;D2;D3;D4;D5;D6;D7;D8";;Alto Garças | Alto Taquari | Araputanga | Arenápolis | Chapada dos Guimarães | Cuiabá | Cáceres | Denise | Diamantino | Guiratinga | Indiavaí | Itiquira | Jaciara | Jangada | Jauru | Juscimeira | Mirassol d'Oeste | Nortelândia | Nossa Senhora do Livramento | Nova Marilândia | Nova Olímpia | Pedra Preta | Poconé | Porto Esperidião | Poxoréu | Rio Branco | Rondonópolis | Rosário Oeste | Salto do Céu | Santo Afonso | Santo Antônio de Leverger | São José do Povo | São José dos Quatro Marcos | Tangará da Serra | Várzea Grande;0;0;0.1.0-metodologica;2026-07-30T09:54:46-04:00
5372;Fazenda Guanabara;Barra do Bugres;MT - Secretaria de Estado do Meio Ambiente - SEMA;Industrial;Baixo;Baixo;899942;6;Verde;Verde;0,380;insuficiente;15,8;0;1;5;0;não avaliado;;R06;"A6;B2;B3;B4;B5;B6;C2;C3;C4;C5;C6;C7;D1;D2;D3;D4;D5;D6;D7;D8";Barra do Bugres;Nova Olímpia | Tangará da Serra;1;0;0.1.0-metodologica;2026-07-30T09:54:46-04:00
27277;Fazenda Jauquara;Barra do Bugres;MT - Secretaria de Estado do Meio Ambiente - SEMA;Dessedentação Animal;Baixo;Baixo;8999194;10;Verde;Verde;0,380;insuficiente;26,3;4;1;5;0;não avaliado;;R06;"A6;B2;B3;B4;B5;B6;C2;C3;C4;C5;C6;C7;D1;D2;D3;D4;D5;D6;D7;D8";Barra do Bugres;;1;0;0.1.0-metodologica;2026-07-30T09:54:46-04:00
7976;Fazenda Tucano;Barra do Bugres;MT - Secretaria de Estado do Meio Ambiente - SEMA;Dessedentação Animal;Baixo;Não Classificado;8999222;7;Verde;Verde;0,380;insuficiente;18,4;0;2;5;0;não avaliado;;R06;"A6;B2;B3;B4;B5;B6;C2;C3;C4;C5;C6;C7;D1;D2;D3;D4;D5;D6;D7;D8";Barra do Bugres;;1;0;0.1.0-metodologica;2026-07-30T09:54:46-04:00
4336;UHE Juba II - Juba II;Barra do Bugres;Agência Nacional de Energia Elétrica - ANEEL;Hidroelétrica;Baixo;Baixo;89982;4;Verde;Verde;0,360;insuficiente;11,1;0;1;0;3;não avaliado;;R06;"A6;B2;B3;B4;B5;B6;C1;C2;C3;C4;C5;C6;C7;D2;D3;D4;D5;D6;D7;D8";;;0;0;0.1.0-metodologica;2026-07-30T09:54:46-04:00
29564;UISA A;Barra do Bugres;MT - Secretaria de Estado do Meio Ambiente - SEMA;Industrial;Baixo;Médio;89992;8;Verde;Verde;0,380;insuficiente;21,1;0;3;5;0;não avaliado;;R06;"A6;B2;B3;B4;B5;B6;C2;C3;C4;C5;C6;C7;D1;D2;D3;D4;D5;D6;D7;D8";Barra do Bugres;;1;0;0.1.0-metodologica;2026-07-30T09:54:46-04:00
31563;BARRAGEM URUTAU;Barra do Garças;MT - Secretaria de Estado do Meio Ambiente - SEMA;Irrigação;Alto;Médio;68442;3;Verde;Verde;0,330;insuficiente;9,1;0;3;0;0;não avaliado;;R06;"A6;B2;B3;B4;B5;B6;C1;C2;C3;C4;C5;C6;C7;D1;D2;D3;D4;D5;D6;D7;D8";;;0;0;0.1.0-metodologica;2026-07-30T09:54:46-04:00
35283;Barragem Agrocentro;Barra do Garças;MT - Secretaria de Estado do Meio Ambiente - SEMA;Paisagismo;Baixo;Médio;68488;3;Verde;Verde;0,330;insuficiente;9,1;0;3;0;0;não avaliado;;R06;"A6;B2;B3;B4;B5;B6;C1;C2;C3;C4;C5;C6;C7;D1;D2;D3;D4;D5;D6;D7;D8";;;0;0;0.1.0-metodologica;2026-07-30T09:54:46-04:00
35121;Barragem Canário;Barra do Garças;MT - Secretaria de Estado do Meio Ambiente - SEMA;Irrigação;Baixo;Médio;684422;8;Verde;Verde;0,380;insuficiente;21,1;0;3;5;0;não avaliado;;R06;"A6;B2;B3;B4;B5;B6;C2;C3;C4;C5;C6;C7;D1;D2;D3;D4;D5;D6;D7;D8";Barra do Garças;;1;0;0.1.0-metodologica;2026-07-30T09:54:46-04:00
35379;Barragem Fazenda Belo Horizonte;Barra do Garças;MT - Secretaria de Estado do Meio Ambiente - SEMA;Paisagismo;Baixo;Não se Aplica;687336;7;Verde;Verde;0,380;insuficiente;18,4;1;1;5;0;não avaliado;;R06;"A6;B2;B3;B4;B5;B6;C2;C3;C4;C5;C6;C7;D1;D2;D3;D4;D5;D6;D7;D8";Novo São Joaquim;;1;1;0.1.0-metodologica;2026-07-30T09:54:46-04:00
35273;Barragem Nossa Senhora Aparecida;Barra do Garças;MT - Secretaria de Estado do Meio Ambiente - SEMA;Aquicultura;Baixo;Médio;698134;3;Verde;Verde;0,330;insuficiente;9,1;0;3;0;0;não avaliado;;R06;"A6;B2;B3;B4;B5;B6;C1;C2;C3;C4;C5;C6;C7;D1;D2;D3;D4;D5;D6;D7;D8";;;0;0;0.1.0-metodologica;2026-07-30T09:54:46-04:00
35152;Barragem Vitória I ? Principal;Barra do Garças;MT - Secretaria de Estado do Meio Ambiente - SEMA;Paisagismo;Baixo;Médio;6846;3;Verde;Verde;0,330;insuficiente;9,1;0;3;0;0;não avaliado;;R06;"A6;B2;B3;B4;B5;B6;C1;C2;C3;C4;C5;C6;C7;D1;D2;D3;D4;D5;D6;D7;D8";;;0;0;0.1.0-metodologica;2026-07-30T09:54:46-04:00
35072;Barramento - Fazenda Belo Horizonte;Barra do Garças;MT - Secretaria de Estado do Meio Ambiente - SEMA;Irrigação;Baixo;Médio;687336;9;Verde;Verde;0,380;insuficiente;23,7;1;3;5;0;não avaliado;;R06;"A6;B2;B3;B4;B5;B6;C2;C3;C4;C5;C6;C7;D1;D2;D3;D4;D5;D6;D7;D8";Novo São Joaquim;;1;1;0.1.0-metodologica;2026-07-30T09:54:46-04:00
35076;Barramento - Fazenda Belo Horizonte II;Barra do Garças;MT - Secretaria de Estado do Meio Ambiente - SEMA;Paisagismo;Baixo;Não Classificado;687336;8;Verde;Verde;0,380;insuficiente;21,1;1;2;5;0;não avaliado;;R06;"A6;B2;B3;B4;B5;B6;C2;C3;C4;C5;C6;C7;D1;D2;D3;D4;D5;D6;D7;D8";Novo São Joaquim;;1;1;0.1.0-metodologica;2026-07-30T09:54:46-04:00
31568;Barramento Fazenda Vera Cruz;Barra do Garças;MT - Secretaria de Estado do Meio Ambiente - SEMA;Irrigação;Baixo;Médio;68442;3;Verde;Verde;0,330;insuficiente;9,1;0;3;0;0;não avaliado;;R06;"A6;B2;B3;B4;B5;B6;C1;C2;C3;C4;C5;C6;C7;D1;D2;D3;D4;D5;D6;D7;D8";;;0;0;0.1.0-metodologica;2026-07-30T09:54:46-04:00
8174;Faz. Agrocentro Barra Brasil;Barra do Garças;MT - Secretaria de Estado do Meio Ambiente - SEMA;Irrigação;Baixo;Não se Aplica;68488;1;Verde;Verde;0,330;insuficiente;3,0;0;1;0;0;não avaliado;;R06;"A6;B2;B3;B4;B5;B6;C1;C2;C3;C4;C5;C6;C7;D1;D2;D3;D4;D5;D6;D7;D8";;;0;0;0.1.0-metodologica;2026-07-30T09:54:46-04:00
6475;Fazenda AFB Brasil;Barra do Garças;MT - Secretaria de Estado do Meio Ambiente - SEMA;Irrigação;Baixo;Não se Aplica;68442;1;Verde;Verde;0,330;insuficiente;3,0;0;1;0;0;não avaliado;;R06;"A6;B2;B3;B4;B5;B6;C1;C2;C3;C4;C5;C6;C7;D1;D2;D3;D4;D5;D6;D7;D8";;;0;0;0.1.0-metodologica;2026-07-30T09:54:46-04:00
19966;Fazenda AFB Brasil;Barra do Garças;MT - Secretaria de Estado do Meio Ambiente - SEMA;Dessedentação Animal;Baixo;Não Classificado;684422;7;Verde;Verde;0,380;insuficiente;18,4;0;2;5;0;não avaliado;;R06;"A6;B2;B3;B4;B5;B6;C2;C3;C4;C5;C6;C7;D1;D2;D3;D4;D5;D6;D7;D8";Barra do Garças;;1;0;0.1.0-metodologica;2026-07-30T09:54:46-04:00
19967;Fazenda AFB Brasil;Barra do Garças;MT - Secretaria de Estado do Meio Ambiente - SEMA;Irrigação;Baixo;Não se Aplica;68442;1;Verde;Verde;0,330;insuficiente;3,0;0;1;0;0;não avaliado;;R06;"A6;B2;B3;B4;B5;B6;C1;C2;C3;C4;C5;C6;C7;D1;D2;D3;D4;D5;D6;D7;D8";;;0;0;0.1.0-metodologica;2026-07-30T09:54:46-04:00
22627;Barragem Aldeia Isibaiadzatsi;Bom Jesus do Araguaia;Agência Nacional de Águas e Saneamento Básico - ANA;Irrigação;Não Classificado;Não Classificado;4254;3;Verde;Verde;0,330;insuficiente;9,1;1;2;0;0;não avaliado;;R06;"A6;B2;B3;B4;B5;B6;C1;C2;C3;C4;C5;C6;C7;D1;D2;D3;D4;D5;D6;D7;D8";;Alto Boa Vista | Santa Cruz do Xingu | São Félix do Araguaia | São José do Xingu | Vila Rica;0;0;0.1.0-metodologica;2026-07-30T09:54:46-04:00
26335;Barramento - Fazenda Guapeva;Bom Jesus do Araguaia;MT - Secretaria de Estado do Meio Ambiente - SEMA;Irrigação;Baixo;Médio;427282;9;Verde;Verde;0,380;insuficiente;23,7;1;3;5;0;não avaliado;;R06;"A6;B2;B3;B4;B5;B6;C2;C3;C4;C5;C6;C7;D1;D2;D3;D4;D5;D6;D7;D8";Bom Jesus do Araguaia;;1;0;0.1.0-metodologica;2026-07-30T09:54:46-04:00
33076;Barramento – Munícipio de Bom Jesus do Araguaia;Bom Jesus do Araguaia;MT - Secretaria de Estado do Meio Ambiente - SEMA;Recreação;Não Classificado;Não Classificado;682222;2;Verde;Verde;0,330;insuficiente;6,1;0;2;0;0;não avaliado;;R06;"A6;B2;B3;B4;B5;B6;C1;C2;C3;C4;C5;C6;C7;D1;D2;D3;D4;D5;D6;D7;D8";;;0;0;0.1.0-metodologica;2026-07-30T09:54:46-04:00
22398;Massa d'Água #103693;Bom Jesus do Araguaia;Agência Nacional de Águas e Saneamento Básico - ANA;Irrigação;Não Classificado;Não Classificado;4254;3;Verde;Verde;0,330;insuficiente;9,1;1;2;0;0;não avaliado;;R06;"A6;B2;B3;B4;B5;B6;C1;C2;C3;C4;C5;C6;C7;D1;D2;D3;D4;D5;D6;D7;D8";;Alto Boa Vista | Santa Cruz do Xingu | São Félix do Araguaia | São José do Xingu | Vila Rica;0;0;0.1.0-metodologica;2026-07-30T09:54:46-04:00
22607;Massa d'Água #158075;Bom Jesus do Araguaia;Agência Nacional de Águas e Saneamento Básico - ANA;Irrigação;Não Classificado;Não Classificado;4254;3;Verde;Verde;0,330;insuficiente;9,1;1;2;0;0;não avaliado;;R06;"A6;B2;B3;B4;B5;B6;C1;C2;C3;C4;C5;C6;C7;D1;D2;D3;D4;D5;D6;D7;D8";;Alto Boa Vista | Santa Cruz do Xingu | São Félix do Araguaia | São José do Xingu | Vila Rica;0;0;0.1.0-metodologica;2026-07-30T09:54:46-04:00
22230;Massa d'Água #65759;Bom Jesus do Araguaia;Agência Nacional de Águas e Saneamento Básico - ANA;Irrigação;Não Classificado;Não Classificado;4272784;8;Verde;Verde;0,380;insuficiente;21,1;1;2;5;0;não avaliado;;R06;"A6;B2;B3;B4;B5;B6;C2;C3;C4;C5;C6;C7;D1;D2;D3;D4;D5;D6;D7;D8";Bom Jesus do Araguaia;;1;0;0.1.0-metodologica;2026-07-30T09:54:46-04:00
19994;PDS Bordolândia;Bom Jesus do Araguaia;MT - Secretaria de Estado do Meio Ambiente - SEMA;Recreação;Baixo;Médio;68226;3;Verde;Verde;0,330;insuficiente;9,1;0;3;0;0;não avaliado;;R06;"A6;B2;B3;B4;B5;B6;C1;C2;C3;C4;C5;C6;C7;D1;D2;D3;D4;D5;D6;D7;D8";;;0;0;0.1.0-metodologica;2026-07-30T09:54:46-04:00
31635;Barragem I - Fazenda Batista;Brasnorte;MT - Secretaria de Estado do Meio Ambiente - SEMA;Irrigação;Baixo;Não Classificado;449474;3;Verde;Verde;0,330;insuficiente;9,1;1;2;0;0;não avaliado;;R06;"A6;B2;B3;B4;B5;B6;C1;C2;C3;C4;C5;C6;C7;D1;D2;D3;D4;D5;D6;D7;D8";;;0;0;0.1.0-metodologica;2026-07-30T09:54:46-04:00
35019;Barramento - Fazenda Paraná - São Bento;Brasnorte;MT - Secretaria de Estado do Meio Ambiente - SEMA;Irrigação;Baixo;Médio;448138;5;Verde;Verde;0,330;insuficiente;15,2;2;3;0;0;não avaliado;;R06;"A6;B2;B3;B4;B5;B6;C1;C2;C3;C4;C5;C6;C7;D1;D2;D3;D4;D5;D6;D7;D8";;;0;0;0.1.0-metodologica;2026-07-30T09:54:46-04:00
35020;Barramento 1 (montante) - Fazenda Paraná - São Bento;Brasnorte;MT - Secretaria de Estado do Meio Ambiente - SEMA;Irrigação;Baixo;Médio;448138;5;Verde;Verde;0,330;insuficiente;15,2;2;3;0;0;não avaliado;;R06;"A6;B2;B3;B4;B5;B6;C1;C2;C3;C4;C5;C6;C7;D1;D2;D3;D4;D5;D6;D7;D8";;;0;0;0.1.0-metodologica;2026-07-30T09:54:46-04:00
36365;Barramento I - Fazenda Três Coqueiros;Brasnorte;MT - Secretaria de Estado do Meio Ambiente - SEMA;Recreação;Baixo;Médio;44822;4;Verde;Verde;0,330;insuficiente;12,1;1;3;0;0;não avaliado;;R06;"A6;B2;B3;B4;B5;B6;C1;C2;C3;C4;C5;C6;C7;D1;D2;D3;D4;D5;D6;D7;D8";;;0;0;0.1.0-metodologica;2026-07-30T09:54:46-04:00
36366;Barramento II - Fazenda Três Coqueiros;Brasnorte;MT - Secretaria de Estado do Meio Ambiente - SEMA;Recreação;Baixo;Médio;44822;4;Verde;Verde;0,330;insuficiente;12,1;1;3;0;0;não avaliado;;R06;"A6;B2;B3;B4;B5;B6;C1;C2;C3;C4;C5;C6;C7;D1;D2;D3;D4;D5;D6;D7;D8";;;0;0;0.1.0-metodologica;2026-07-30T09:54:46-04:00
36367;Barramento III - Fazenda Três Coqueiros;Brasnorte;MT - Secretaria de Estado do Meio Ambiente - SEMA;Recreação;Baixo;Médio;44822;4;Verde;Verde;0,330;insuficiente;12,1;1;3;0;0;não avaliado;;R06;"A6;B2;B3;B4;B5;B6;C1;C2;C3;C4;C5;C6;C7;D1;D2;D3;D4;D5;D6;D7;D8";;;0;0;0.1.0-metodologica;2026-07-30T09:54:46-04:00
20129;Faz. Paraná;Brasnorte;MT - Secretaria de Estado do Meio Ambiente - SEMA;Irrigação;Baixo;Não Classificado;448138;4;Verde;Verde;0,330;insuficiente;12,1;2;2;0;0;não avaliado;;R06;"A6;B2;B3;B4;B5;B6;C1;C2;C3;C4;C5;C6;C7;D1;D2;D3;D4;D5;D6;D7;D8";;;0;0;0.1.0-metodologica;2026-07-30T09:54:46-04:00
5320;Fazenda Itapiranga;Brasnorte;MT - Secretaria de Estado do Meio Ambiente - SEMA;Aquicultura;Baixo;Médio;448222;4;Verde;Verde;0,330;insuficiente;12,1;1;3;0;0;não avaliado;;R06;"A6;B2;B3;B4;B5;B6;C1;C2;C3;C4;C5;C6;C7;D1;D2;D3;D4;D5;D6;D7;D8";;;0;0;0.1.0-metodologica;2026-07-30T09:54:46-04:00
26669;Fazenda Nove de Julho;Brasnorte;MT - Secretaria de Estado do Meio Ambiente - SEMA;Irrigação;Baixo;Médio;449384;7;Verde;Verde;0,330;insuficiente;21,2;4;3;0;0;não avaliado;;R06;"A6;B2;B3;B4;B5;B6;C1;C2;C3;C4;C5;C6;C7;D1;D2;D3;D4;D5;D6;D7;D8";;;0;0;0.1.0-metodologica;2026-07-30T09:54:46-04:00
20314;Fazenda Paraná;Brasnorte;MT - Secretaria de Estado do Meio Ambiente - SEMA;Irrigação;Baixo;Não se Aplica;448138;3;Verde;Verde;0,330;insuficiente;9,1;2;1;0;0;não avaliado;;R06;"A6;B2;B3;B4;B5;B6;C1;C2;C3;C4;C5;C6;C7;D1;D2;D3;D4;D5;D6;D7;D8";;;0;0;0.1.0-metodologica;2026-07-30T09:54:46-04:00
35236;Fazenda Roberto I ? Barragem principal;Brasnorte;MT - Secretaria de Estado do Meio Ambiente - SEMA;Irrigação;Baixo;Médio;448184;5;Verde;Verde;0,330;insuficiente;15,2;2;3;0;0;não avaliado;;R06;"A6;B2;B3;B4;B5;B6;C1;C2;C3;C4;C5;C6;C7;D1;D2;D3;D4;D5;D6;D7;D8";;;0;0;0.1.0-metodologica;2026-07-30T09:54:46-04:00
7965;Fazenda São João VIII;Brasnorte;Agência Nacional de Águas e Saneamento Básico - ANA;Aquicultura;Baixo;Não se Aplica;44822252;7;Verde;Verde;0,380;insuficiente;18,4;1;1;5;0;não avaliado;;R06;"A6;B2;B3;B4;B5;B6;C2;C3;C4;C5;C6;C7;D1;D2;D3;D4;D5;D6;D7;D8";Brasnorte;;1;0;0.1.0-metodologica;2026-07-30T09:54:46-04:00
22393;Massa d'Água #102561;Brasnorte;Agência Nacional de Águas e Saneamento Básico - ANA;Irrigação;Não Classificado;Não Classificado;4494332;5;Verde;Verde;0,330;insuficiente;15,2;3;2;0;0;não avaliado;;R06;"A6;B2;B3;B4;B5;B6;C1;C2;C3;C4;C5;C6;C7;D1;D2;D3;D4;D5;D6;D7;D8";;;0;0;0.1.0-metodologica;2026-07-30T09:54:46-04:00
22394;Massa d'Água #102797;Brasnorte;Agência Nacional de Águas e Saneamento Básico - ANA;Irrigação;Não Classificado;Não Classificado;448;3;Verde;Verde;0,330;insuficiente;9,1;1;2;0;0;não avaliado;;R06;"A6;B2;B3;B4;B5;B6;C1;C2;C3;C4;C5;C6;C7;D1;D2;D3;D4;D5;D6;D7;D8";;Campo Novo do Parecis | Nova Maringá;0;0;0.1.0-metodologica;2026-07-30T09:54:46-04:00
22448;Massa d'Água #121634;Brasnorte;Agência Nacional de Águas e Saneamento Básico - ANA;Irrigação;Não Classificado;Não Classificado;4485642;4;Verde;Verde;0,330;insuficiente;12,1;2;2;0;0;não avaliado;;R06;"A6;B2;B3;B4;B5;B6;C1;C2;C3;C4;C5;C6;C7;D1;D2;D3;D4;D5;D6;D7;D8";;;0;0;0.1.0-metodologica;2026-07-30T09:54:46-04:00
22464;Massa d'Água #127461;Brasnorte;Agência Nacional de Águas e Saneamento Básico - ANA;Irrigação;Não Classificado;Não Classificado;449418;5;Verde;Verde;0,330;insuficiente;15,2;3;2;0;0;não avaliado;;R06;"A6;B2;B3;B4;B5;B6;C1;C2;C3;C4;C5;C6;C7;D1;D2;D3;D4;D5;D6;D7;D8";;;0;0;0.1.0-metodologica;2026-07-30T09:54:46-04:00
22465;Massa d'Água #127642;Brasnorte;Agência Nacional de Águas e Saneamento Básico - ANA;Irrigação;Não Classificado;Não Classificado;448188;4;Verde;Verde;0,330;insuficiente;12,1;2;2;0;0;não avaliado;;R06;"A6;B2;B3;B4;B5;B6;C1;C2;C3;C4;C5;C6;C7;D1;D2;D3;D4;D5;D6;D7;D8";;;0;0;0.1.0-metodologica;2026-07-30T09:54:46-04:00
22493;Massa d'Água #138208;Brasnorte;Agência Nacional de Águas e Saneamento Básico - ANA;Irrigação;Não Classificado;Não Classificado;4482;3;Verde;Verde;0,330;insuficiente;9,1;1;2;0;0;não avaliado;;R06;"A6;B2;B3;B4;B5;B6;C1;C2;C3;C4;C5;C6;C7;D1;D2;D3;D4;D5;D6;D7;D8";;;0;0;0.1.0-metodologica;2026-07-30T09:54:46-04:00
22539;Massa d'Água #149061;Brasnorte;Agência Nacional de Águas e Saneamento Básico - ANA;Irrigação;Não Classificado;Não Classificado;448188;4;Verde;Verde;0,330;insuficiente;12,1;2;2;0;0;não avaliado;;R06;"A6;B2;B3;B4;B5;B6;C1;C2;C3;C4;C5;C6;C7;D1;D2;D3;D4;D5;D6;D7;D8";;;0;0;0.1.0-metodologica;2026-07-30T09:54:46-04:00
22560;Massa d'Água #151451;Brasnorte;Agência Nacional de Águas e Saneamento Básico - ANA;Irrigação;Não Classificado;Não Classificado;448222;3;Verde;Verde;0,330;insuficiente;9,1;1;2;0;0;não avaliado;;R06;"A6;B2;B3;B4;B5;B6;C1;C2;C3;C4;C5;C6;C7;D1;D2;D3;D4;D5;D6;D7;D8";;;0;0;0.1.0-metodologica;2026-07-30T09:54:46-04:00
22613;Massa d'Água #160670;Brasnorte;Agência Nacional de Águas e Saneamento Básico - ANA;Irrigação;Não Classificado;Não Classificado;44822254;3;Verde;Verde;0,330;insuficiente;9,1;1;2;0;0;não avaliado;;R06;"A6;B2;B3;B4;B5;B6;C1;C2;C3;C4;C5;C6;C7;D1;D2;D3;D4;D5;D6;D7;D8";;;0;0;0.1.0-metodologica;2026-07-30T09:54:46-04:00
23395;Massa d'Água #172010;Brasnorte;Agência Nacional de Águas e Saneamento Básico - ANA;Irrigação;Não Classificado;Não Classificado;448222;3;Verde;Verde;0,330;insuficiente;9,1;1;2;0;0;não avaliado;;R06;"A6;B2;B3;B4;B5;B6;C1;C2;C3;C4;C5;C6;C7;D1;D2;D3;D4;D5;D6;D7;D8";;;0;0;0.1.0-metodologica;2026-07-30T09:54:46-04:00
23404;Massa d'Água #178229;Brasnorte;Agência Nacional de Águas e Saneamento Básico - ANA;Irrigação;Não Classificado;Não Classificado;4485644;4;Verde;Verde;0,330;insuficiente;12,1;2;2;0;0;não avaliado;;R06;"A6;B2;B3;B4;B5;B6;C1;C2;C3;C4;C5;C6;C7;D1;D2;D3;D4;D5;D6;D7;D8";;;0;0;0.1.0-metodologica;2026-07-30T09:54:46-04:00
23573;Massa d'Água #191605;Brasnorte;Agência Nacional de Águas e Saneamento Básico - ANA;Irrigação;Não Classificado;Não Classificado;4484;3;Verde;Verde;0,330;insuficiente;9,1;1;2;0;0;não avaliado;;R06;"A6;B2;B3;B4;B5;B6;C1;C2;C3;C4;C5;C6;C7;D1;D2;D3;D4;D5;D6;D7;D8";;;0;0;0.1.0-metodologica;2026-07-30T09:54:46-04:00
23594;Massa d'Água #198298;Brasnorte;Agência Nacional de Águas e Saneamento Básico - ANA;Irrigação;Não Classificado;Não Classificado;4485642;4;Verde;Verde;0,330;insuficiente;12,1;2;2;0;0;não avaliado;;R06;"A6;B2;B3;B4;B5;B6;C1;C2;C3;C4;C5;C6;C7;D1;D2;D3;D4;D5;D6;D7;D8";;;0;0;0.1.0-metodologica;2026-07-30T09:54:46-04:00
23602;Massa d'Água #201444;Brasnorte;Agência Nacional de Águas e Saneamento Básico - ANA;Irrigação;Não Classificado;Não Classificado;448188;4;Verde;Verde;0,330;insuficiente;12,1;2;2;0;0;não avaliado;;R06;"A6;B2;B3;B4;B5;B6;C1;C2;C3;C4;C5;C6;C7;D1;D2;D3;D4;D5;D6;D7;D8";;;0;0;0.1.0-metodologica;2026-07-30T09:54:46-04:00
23646;Massa d'Água #205134;Brasnorte;Agência Nacional de Águas e Saneamento Básico - ANA;Irrigação;Não Classificado;Não Classificado;4481882;4;Verde;Verde;0,330;insuficiente;12,1;2;2;0;0;não avaliado;;R06;"A6;B2;B3;B4;B5;B6;C1;C2;C3;C4;C5;C6;C7;D1;D2;D3;D4;D5;D6;D7;D8";;;0;0;0.1.0-metodologica;2026-07-30T09:54:46-04:00
23657;Massa d'Água #208270;Brasnorte;Agência Nacional de Águas e Saneamento Básico - ANA;Irrigação;Não Classificado;Não Classificado;4486;3;Verde;Verde;0,330;insuficiente;9,1;1;2;0;0;não avaliado;;R06;"A6;B2;B3;B4;B5;B6;C1;C2;C3;C4;C5;C6;C7;D1;D2;D3;D4;D5;D6;D7;D8";;;0;0;0.1.0-metodologica;2026-07-30T09:54:46-04:00
23711;Massa d'Água #218398;Brasnorte;Agência Nacional de Águas e Saneamento Básico - ANA;Irrigação;Não Classificado;Não Classificado;448188;4;Verde;Verde;0,330;insuficiente;12,1;2;2;0;0;não avaliado;;R06;"A6;B2;B3;B4;B5;B6;C1;C2;C3;C4;C5;C6;C7;D1;D2;D3;D4;D5;D6;D7;D8";;;0;0;0.1.0-metodologica;2026-07-30T09:54:46-04:00
23755;Massa d'Água #223691;Brasnorte;Agência Nacional de Águas e Saneamento Básico - ANA;Irrigação;Não Classificado;Não Classificado;448476;3;Verde;Verde;0,330;insuficiente;9,1;1;2;0;0;não avaliado;;R06;"A6;B2;B3;B4;B5;B6;C1;C2;C3;C4;C5;C6;C7;D1;D2;D3;D4;D5;D6;D7;D8";;;0;0;0.1.0-metodologica;2026-07-30T09:54:46-04:00
23760;Massa d'Água #224991;Brasnorte;Agência Nacional de Águas e Saneamento Básico - ANA;Irrigação;Não Classificado;Não Classificado;4481882;4;Verde;Verde;0,330;insuficiente;12,1;2;2;0;0;não avaliado;;R06;"A6;B2;B3;B4;B5;B6;C1;C2;C3;C4;C5;C6;C7;D1;D2;D3;D4;D5;D6;D7;D8";;;0;0;0.1.0-metodologica;2026-07-30T09:54:46-04:00
23784;Massa d'Água #233184;Brasnorte;Agência Nacional de Águas e Saneamento Básico - ANA;Irrigação;Não Classificado;Não Classificado;448222;3;Verde;Verde;0,330;insuficiente;9,1;1;2;0;0;não avaliado;;R06;"A6;B2;B3;B4;B5;B6;C1;C2;C3;C4;C5;C6;C7;D1;D2;D3;D4;D5;D6;D7;D8";;;0;0;0.1.0-metodologica;2026-07-30T09:54:46-04:00
23811;Massa d'Água #237597;Brasnorte;Agência Nacional de Águas e Saneamento Básico - ANA;Irrigação;Não Classificado;Não Classificado;4484;3;Verde;Verde;0,330;insuficiente;9,1;1;2;0;0;não avaliado;;R06;"A6;B2;B3;B4;B5;B6;C1;C2;C3;C4;C5;C6;C7;D1;D2;D3;D4;D5;D6;D7;D8";;;0;0;0.1.0-metodologica;2026-07-30T09:54:46-04:00
23815;Massa d'Água #240888;Brasnorte;Agência Nacional de Águas e Saneamento Básico - ANA;Irrigação;Não Classificado;Não Classificado;4494182;5;Verde;Verde;0,330;insuficiente;15,2;3;2;0;0;não avaliado;;R06;"A6;B2;B3;B4;B5;B6;C1;C2;C3;C4;C5;C6;C7;D1;D2;D3;D4;D5;D6;D7;D8";;;0;0;0.1.0-metodologica;2026-07-30T09:54:46-04:00
22259;Massa d'Água #69653;Brasnorte;Agência Nacional de Águas e Saneamento Básico - ANA;Irrigação;Não Classificado;Não Classificado;448188;4;Verde;Verde;0,330;insuficiente;12,1;2;2;0;0;não avaliado;;R06;"A6;B2;B3;B4;B5;B6;C1;C2;C3;C4;C5;C6;C7;D1;D2;D3;D4;D5;D6;D7;D8";;;0;0;0.1.0-metodologica;2026-07-30T09:54:46-04:00
22260;Massa d'Água #69922;Brasnorte;Agência Nacional de Águas e Saneamento Básico - ANA;Irrigação;Não Classificado;Não Classificado;44822252;8;Verde;Verde;0,380;insuficiente;21,1;1;2;5;0;não avaliado;;R06;"A6;B2;B3;B4;B5;B6;C2;C3;C4;C5;C6;C7;D1;D2;D3;D4;D5;D6;D7;D8";Brasnorte;;1;0;0.1.0-metodologica;2026-07-30T09:54:46-04:00
22279;Massa d'Água #76964;Brasnorte;Agência Nacional de Águas e Saneamento Básico - ANA;Irrigação;Não Classificado;Não Classificado;4482598;3;Verde;Verde;0,330;insuficiente;9,1;1;2;0;0;não avaliado;;R06;"A6;B2;B3;B4;B5;B6;C1;C2;C3;C4;C5;C6;C7;D1;D2;D3;D4;D5;D6;D7;D8";;;0;0;0.1.0-metodologica;2026-07-30T09:54:46-04:00
22307;Massa d'Água #79702;Brasnorte;Agência Nacional de Águas e Saneamento Básico - ANA;Irrigação;Não Classificado;Não Classificado;4482222;3;Verde;Verde;0,330;insuficiente;9,1;1;2;0;0;não avaliado;;R06;"A6;B2;B3;B4;B5;B6;C1;C2;C3;C4;C5;C6;C7;D1;D2;D3;D4;D5;D6;D7;D8";;;0;0;0.1.0-metodologica;2026-07-30T09:54:46-04:00
22322;Massa d'Água #83563;Brasnorte;Agência Nacional de Águas e Saneamento Básico - ANA;Irrigação;Não Classificado;Não Classificado;448188;4;Verde;Verde;0,330;insuficiente;12,1;2;2;0;0;não avaliado;;R06;"A6;B2;B3;B4;B5;B6;C1;C2;C3;C4;C5;C6;C7;D1;D2;D3;D4;D5;D6;D7;D8";;;0;0;0.1.0-metodologica;2026-07-30T09:54:46-04:00
22331;Massa d'Água #86130;Brasnorte;Agência Nacional de Águas e Saneamento Básico - ANA;Irrigação;Não Classificado;Não Classificado;44938;6;Verde;Verde;0,330;insuficiente;18,2;4;2;0;0;não avaliado;;R06;"A6;B2;B3;B4;B5;B6;C1;C2;C3;C4;C5;C6;C7;D1;D2;D3;D4;D5;D6;D7;D8";;;0;0;0.1.0-metodologica;2026-07-30T09:54:46-04:00
22335;Massa d'Água #87134;Brasnorte;Agência Nacional de Águas e Saneamento Básico - ANA;Irrigação;Não Classificado;Não Classificado;4484;3;Verde;Verde;0,330;insuficiente;9,1;1;2;0;0;não avaliado;;R06;"A6;B2;B3;B4;B5;B6;C1;C2;C3;C4;C5;C6;C7;D1;D2;D3;D4;D5;D6;D7;D8";;;0;0;0.1.0-metodologica;2026-07-30T09:54:46-04:00
22379;Massa d'Água #95945;Brasnorte;Agência Nacional de Águas e Saneamento Básico - ANA;Irrigação;Não Classificado;Não Classificado;448188;4;Verde;Verde;0,330;insuficiente;12,1;2;2;0;0;não avaliado;;R06;"A6;B2;B3;B4;B5;B6;C1;C2;C3;C4;C5;C6;C7;D1;D2;D3;D4;D5;D6;D7;D8";;;0;0;0.1.0-metodologica;2026-07-30T09:54:46-04:00
5097;PCH Bocaiúva - PCH Bocaiúva;Brasnorte;Agência Nacional de Energia Elétrica - ANEEL;Hidroelétrica;Alto;Baixo;4482;3;Verde;Verde;0,360;insuficiente;8,3;1;1;0;1;não avaliado;;R06;"A6;B2;B3;B4;B5;B6;C1;C2;C3;C4;C5;C6;C7;D2;D3;D4;D5;D6;D7;D8";;;0;0;0.1.0-metodologica;2026-07-30T09:54:46-04:00
4560;PCH Sacre II - (NÃO EXISTE BARRAGEM NESTA USINA);Brasnorte;Agência Nacional de Energia Elétrica - ANEEL;Hidroelétrica;Baixo;Baixo;4494;5;Verde;Verde;0,360;insuficiente;13,9;1;1;0;3;não avaliado;;R06;"A6;B2;B3;B4;B5;B6;C1;C2;C3;C4;C5;C6;C7;D2;D3;D4;D5;D6;D7;D8";;Sapezal;0;0;0.1.0-metodologica;2026-07-30T09:54:46-04:00
37412;Barragem Terra Nova;Barra do Garças;MT - Secretaria de Estado do Meio Ambiente - SEMA;Irrigação;Baixo;Médio;68442;3;Verde;Verde;0,330;insuficiente;9,1;0;3;0;0;não avaliado;;R06;"A6;B2;B3;B4;B5;B6;C1;C2;C3;C4;C5;C6;C7;D1;D2;D3;D4;D5;D6;D7;D8";;;0;0;0.1.0-metodologica;2026-07-30T09:54:46-04:00
24181;CGH Ronuro - 1;Boa Esperança do Norte;Agência Nacional de Energia Elétrica - ANEEL;Hidroelétrica;Baixo;Baixo;42848;2;Verde;Verde;0,330;insuficiente;6,1;1;1;0;0;não avaliado;;R06;"A6;B2;B3;B4;B5;B6;C1;C2;C3;C4;C5;C6;C7;D1;D2;D3;D4;D5;D6;D7;D8";Boa Esperança do Norte;;1;0;0.1.0-metodologica;2026-07-30T09:54:46-04:00
37458;Fazenda Mundo Novo - Reservatório Pulmão 1;Boa Esperança do Norte;MT - Secretaria de Estado do Meio Ambiente - SEMA;Irrigação;Baixo;Médio;44492;9;Verde;Verde;0,380;insuficiente;23,7;1;3;5;0;não avaliado;;R06;"A6;B2;B3;B4;B5;B6;C2;C3;C4;C5;C6;C7;D1;D2;D3;D4;D5;D6;D7;D8";Alta Floresta | Carlinda | Itaúba | Nova Canaã do Norte | Sinop | Vera;;6;6;0.1.0-metodologica;2026-07-30T09:54:46-04:00
37539;Fazenda Prediger III;Boa Esperança do Norte;MT - Secretaria de Estado do Meio Ambiente - SEMA;Irrigação;Baixo;Médio;44492;9;Verde;Verde;0,380;insuficiente;23,7;1;3;5;0;não avaliado;;R06;"A6;B2;B3;B4;B5;B6;C2;C3;C4;C5;C6;C7;D1;D2;D3;D4;D5;D6;D7;D8";Alta Floresta | Carlinda | Itaúba | Nova Canaã do Norte | Sinop | Vera;;6;6;0.1.0-metodologica;2026-07-30T09:54:46-04:00
7963;Fazenda Catavento jusante;Brasnorte;MT - Secretaria de Estado do Meio Ambiente - SEMA;Aquicultura;Médio;Alto;4481882;7;Verde;Verde;0,330;insuficiente;21,2;2;5;0;0;não avaliado;;R06;"A6;B2;B3;B4;B5;B6;C1;C2;C3;C4;C5;C6;C7;D1;D2;D3;D4;D5;D6;D7;D8";;;0;0;0.1.0-metodologica;2026-07-30T09:54:46-04:00
7964;Fazenda Catavento montante;Brasnorte;MT - Secretaria de Estado do Meio Ambiente - SEMA;Aquicultura;Médio;Alto;4481882;7;Verde;Verde;0,330;insuficiente;21,2;2;5;0;0;não avaliado;;R06;"A6;B2;B3;B4;B5;B6;C1;C2;C3;C4;C5;C6;C7;D1;D2;D3;D4;D5;D6;D7;D8";;;0;0;0.1.0-metodologica;2026-07-30T09:54:46-04:00
23987;CGH Desiderio - Barragem 1;Campinápolis;Agência Nacional de Energia Elétrica - ANEEL;Hidroelétrica;Baixo;Baixo;68728;7;Verde;Verde;0,380;insuficiente;18,4;1;1;5;0;não avaliado;;R06;"A6;B2;B3;B4;B5;B6;C2;C3;C4;C5;C6;C7;D1;D2;D3;D4;D5;D6;D7;D8";Campinápolis;;1;0;0.1.0-metodologica;2026-07-30T09:54:46-04:00
23988;CGH Dona Assunta - Barragem 01;Campinápolis;Agência Nacional de Energia Elétrica - ANEEL;Hidroelétrica;Baixo;Baixo;6872;2;Verde;Verde;0,330;insuficiente;6,1;1;1;0;0;não avaliado;;R06;"A6;B2;B3;B4;B5;B6;C1;C2;C3;C4;C5;C6;C7;D1;D2;D3;D4;D5;D6;D7;D8";;;0;0;0.1.0-metodologica;2026-07-30T09:54:46-04:00
23989;CGH Noidore - Barragem 01;Campinápolis;Agência Nacional de Energia Elétrica - ANEEL;Hidroelétrica;Baixo;Baixo;6872;2;Verde;Verde;0,330;insuficiente;6,1;1;1;0;0;não avaliado;;R06;"A6;B2;B3;B4;B5;B6;C1;C2;C3;C4;C5;C6;C7;D1;D2;D3;D4;D5;D6;D7;D8";;;0;0;0.1.0-metodologica;2026-07-30T09:54:46-04:00
30591;Barragem na Fazenda Gera;Campo Novo do Parecis;MT - Secretaria de Estado do Meio Ambiente - SEMA;Dessedentação Animal;Baixo;Alto;448858;12;Verde;Verde;0,380;insuficiente;31,6;2;5;5;0;não avaliado;;R06;"A6;B2;B3;B4;B5;B6;C2;C3;C4;C5;C6;C7;D1;D2;D3;D4;D5;D6;D7;D8";Campo Novo do Parecis;;1;0;0.1.0-metodologica;2026-07-30T09:54:46-04:00
35075;Barramento - Fazenda Estância Gaúcha;Campo Novo do Parecis;MT - Secretaria de Estado do Meio Ambiente - SEMA;Irrigação;Baixo;Médio;448882;10;Verde;Verde;0,380;insuficiente;26,3;2;3;5;0;não avaliado;;R06;"A6;B2;B3;B4;B5;B6;C2;C3;C4;C5;C6;C7;D1;D2;D3;D4;D5;D6;D7;D8";Campo Novo do Parecis;;1;0;0.1.0-metodologica;2026-07-30T09:54:46-04:00
7966;Barramento - Fazenda Horizonte VI;Campo Novo do Parecis;MT - Secretaria de Estado do Meio Ambiente - SEMA;Irrigação;Baixo;Alto;44948;7;Verde;Verde;0,330;insuficiente;21,2;2;5;0;0;não avaliado;;R06;"A6;B2;B3;B4;B5;B6;C1;C2;C3;C4;C5;C6;C7;D1;D2;D3;D4;D5;D6;D7;D8";;;0;0;0.1.0-metodologica;2026-07-30T09:54:46-04:00
35132;Barramento - Fazenda Santa Maria - Gleba A;Campo Novo do Parecis;MT - Secretaria de Estado do Meio Ambiente - SEMA;Recreação;Baixo;Médio;4482;5;Verde;Verde;0,330;insuficiente;15,2;2;3;0;0;não avaliado;;R06;"A6;B2;B3;B4;B5;B6;C1;C2;C3;C4;C5;C6;C7;D1;D2;D3;D4;D5;D6;D7;D8";;Brasnorte;0;0;0.1.0-metodologica;2026-07-30T09:54:46-04:00
37351;Fazenda Bom Jesus;Campo Novo do Parecis;MT - Secretaria de Estado do Meio Ambiente - SEMA;Irrigação;Baixo;Não Classificado;44948;4;Verde;Verde;0,330;insuficiente;12,1;2;2;0;0;não avaliado;;R06;"A6;B2;B3;B4;B5;B6;C1;C2;C3;C4;C5;C6;C7;D1;D2;D3;D4;D5;D6;D7;D8";;;0;0;0.1.0-metodologica;2026-07-30T09:54:46-04:00
27292;Fazenda Novo Campo;Campo Novo do Parecis;MT - Secretaria de Estado do Meio Ambiente - SEMA;Irrigação;Baixo;Baixo;4482;3;Verde;Verde;0,330;insuficiente;9,1;2;1;0;0;não avaliado;;R06;"A6;B2;B3;B4;B5;B6;C1;C2;C3;C4;C5;C6;C7;D1;D2;D3;D4;D5;D6;D7;D8";;Brasnorte;0;0;0.1.0-metodologica;2026-07-30T09:54:46-04:00
36352;Fazenda Santo Antônio do Membeca;Campo Novo do Parecis;MT - Secretaria de Estado do Meio Ambiente - SEMA;Irrigação;Baixo;Baixo;4486;3;Verde;Verde;0,330;insuficiente;9,1;2;1;0;0;não avaliado;;R06;"A6;B2;B3;B4;B5;B6;C1;C2;C3;C4;C5;C6;C7;D1;D2;D3;D4;D5;D6;D7;D8";;;0;0;0.1.0-metodologica;2026-07-30T09:54:46-04:00
4959;PCH Baruíto - Baruíto;Campo Novo do Parecis;Agência Nacional de Energia Elétrica - ANEEL;Hidroelétrica;Baixo;Baixo;4488;3;Verde;Verde;0,330;insuficiente;9,1;2;1;0;0;não avaliado;;R06;"A6;B2;B3;B4;B5;B6;C1;C2;C3;C4;C5;C6;C7;D1;D2;D3;D4;D5;D6;D7;D8";;;0;0;0.1.0-metodologica;2026-07-30T09:54:46-04:00
36476;Reservatório Milênio;Campo Novo do Parecis;MT - Secretaria de Estado do Meio Ambiente - SEMA;Irrigação;Baixo;Baixo;4482;3;Verde;Verde;0,330;insuficiente;9,1;2;1;0;0;não avaliado;;R06;"A6;B2;B3;B4;B5;B6;C1;C2;C3;C4;C5;C6;C7;D1;D2;D3;D4;D5;D6;D7;D8";;Brasnorte;0;0;0.1.0-metodologica;2026-07-30T09:54:46-04:00
26448;Barragem 1 - PREFEITURA MUNICIPAL DE CAMPO VERDE;Campo Verde;MT - Secretaria de Estado do Meio Ambiente - SEMA;Recreação;Médio;Médio;89642;3;Verde;Verde;0,330;insuficiente;9,1;0;3;0;0;não avaliado;;R06;"A6;B2;B3;B4;B5;B6;C1;C2;C3;C4;C5;C6;C7;D1;D2;D3;D4;D5;D6;D7;D8";;Jaciara | Juscimeira | Rondonópolis;0;0;0.1.0-metodologica;2026-07-30T09:54:46-04:00
35021;Barragem Charrua;Campo Verde;MT - Secretaria de Estado do Meio Ambiente - SEMA;Dessedentação Animal;Baixo;Alto;896;5;Verde;Verde;0,330;insuficiente;15,2;0;5;0;0;não avaliado;;R06;"A6;B2;B3;B4;B5;B6;C1;C2;C3;C4;C5;C6;C7;D1;D2;D3;D4;D5;D6;D7;D8";;Alto Garças | Chapada dos Guimarães | Cuiabá | Guiratinga | Itiquira | Jaciara | Jangada | Juscimeira | Nossa Senhora do Livramento | Pedra Preta | Poxoréu | Rondonópolis | Rosário Oeste | Santo Antônio de Leverger | São José do Povo | Várzea Grande;0;0;0.1.0-metodologica;2026-07-30T09:54:46-04:00
20133;Barragem Água Azul;Campo Verde;MT - Secretaria de Estado do Meio Ambiente - SEMA;Aquicultura;Baixo;Médio;68;3;Verde;Verde;0,330;insuficiente;9,1;0;3;0;0;não avaliado;;R06;"A6;B2;B3;B4;B5;B6;C1;C2;C3;C4;C5;C6;C7;D1;D2;D3;D4;D5;D6;D7;D8";;Araguaiana | Barra do Garças | Campinápolis | Dom Aquino | General Carneiro | Nova Xavantina | Novo São Joaquim | Primavera do Leste | Serra Nova Dourada;0;0;0.1.0-metodologica;2026-07-30T09:54:46-04:00
26442;Fazenda Cristalina;Campo Verde;MT - Secretaria de Estado do Meio Ambiente - SEMA;Irrigação;Baixo;Baixo;689992;6;Verde;Verde;0,380;insuficiente;15,8;0;1;5;0;não avaliado;;R06;"A6;B2;B3;B4;B5;B6;C2;C3;C4;C5;C6;C7;D1;D2;D3;D4;D5;D6;D7;D8";Campo Verde | Dom Aquino;;2;1;0.1.0-metodologica;2026-07-30T09:54:46-04:00
278;Fazenda Santo Antonio 3;Campo Verde;MT - Secretaria de Estado do Meio Ambiente - SEMA;Aquicultura;Baixo;Médio;68;3;Verde;Verde;0,330;insuficiente;9,1;0;3;0;0;não avaliado;;R06;"A6;B2;B3;B4;B5;B6;C1;C2;C3;C4;C5;C6;C7;D1;D2;D3;D4;D5;D6;D7;D8";;Araguaiana | Barra do Garças | Campinápolis | Dom Aquino | General Carneiro | Nova Xavantina | Novo São Joaquim | Primavera do Leste | Serra Nova Dourada;0;0;0.1.0-metodologica;2026-07-30T09:54:46-04:00
35162;Fazenda Água Branca - Barramento;Campo Verde;MT - Secretaria de Estado do Meio Ambiente - SEMA;Abastecimento humano;Baixo;Médio;68;3;Verde;Verde;0,330;insuficiente;9,1;0;3;0;0;não avaliado;;R06;"A6;B2;B3;B4;B5;B6;C1;C2;C3;C4;C5;C6;C7;D1;D2;D3;D4;D5;D6;D7;D8";;Araguaiana | Barra do Garças | Campinápolis | Dom Aquino | General Carneiro | Nova Xavantina | Novo São Joaquim | Primavera do Leste | Serra Nova Dourada;0;0;0.1.0-metodologica;2026-07-30T09:54:46-04:00
277;Santa Juliana I;Campo Verde;MT - Secretaria de Estado do Meio Ambiente - SEMA;Aquicultura;Médio;Médio;68;9;Verde;Verde;0,460;parcial;19,6;0;6;0;3;não avaliado;;;"A6;B3;B4;B5;B6;C1;C2;C3;C4;C5;C6;C7;D2;D3;D4;D5;D6;D7;D8";;Araguaiana | Barra do Garças | Campinápolis | Dom Aquino | General Carneiro | Nova Xavantina | Novo São Joaquim | Primavera do Leste | Serra Nova Dourada;0;0;0.1.0-metodologica;2026-07-30T09:54:46-04:00
276;Santa Juliana II;Campo Verde;MT - Secretaria de Estado do Meio Ambiente - SEMA;Aquicultura;Médio;Médio;68;3;Verde;Verde;0,330;insuficiente;9,1;0;3;0;0;não avaliado;;R06;"A6;B2;B3;B4;B5;B6;C1;C2;C3;C4;C5;C6;C7;D1;D2;D3;D4;D5;D6;D7;D8";;Araguaiana | Barra do Garças | Campinápolis | Dom Aquino | General Carneiro | Nova Xavantina | Novo São Joaquim | Primavera do Leste | Serra Nova Dourada;0;0;0.1.0-metodologica;2026-07-30T09:54:46-04:00
23998;CGH Masutti - MASUTTI;Campos de Júlio;Agência Nacional de Energia Elétrica - ANEEL;Hidroelétrica;Baixo;Médio;44984;12;Verde;Verde;0,380;insuficiente;31,6;4;3;5;0;não avaliado;;R06;"A6;B2;B3;B4;B5;B6;C2;C3;C4;C5;C6;C7;D1;D2;D3;D4;D5;D6;D7;D8";Campos de Júlio;;1;0;0.1.0-metodologica;2026-07-30T09:54:46-04:00
34465;Fazenda Marta;Campos de Júlio;MT - Secretaria de Estado do Meio Ambiente - SEMA;Irrigação;Baixo;Médio;44984;12;Verde;Verde;0,380;insuficiente;31,6;4;3;5;0;não avaliado;;R06;"A6;B2;B3;B4;B5;B6;C2;C3;C4;C5;C6;C7;D1;D2;D3;D4;D5;D6;D7;D8";Campos de Júlio;;1;0;0.1.0-metodologica;2026-07-30T09:54:46-04:00
4668;PCH Divisa - Divisa;Campos de Júlio;Agência Nacional de Energia Elétrica - ANEEL;Hidroelétrica;Baixo;Baixo;44992;5;Verde;Verde;0,330;insuficiente;15,2;4;1;0;0;não avaliado;;R06;"A6;B2;B3;B4;B5;B6;C1;C2;C3;C4;C5;C6;C7;D1;D2;D3;D4;D5;D6;D7;D8";;;0;0;0.1.0-metodologica;2026-07-30T09:54:46-04:00
4216;PCH Ilha Comprida - Barramento PCH Ilha Comprida;Campos de Júlio;Agência Nacional de Energia Elétrica - ANEEL;Hidroelétrica;Médio;Baixo;4498;6;Verde;Verde;0,360;insuficiente;16,7;4;1;0;1;não avaliado;;R06;"A6;B2;B3;B4;B5;B6;C1;C2;C3;C4;C5;C6;C7;D2;D3;D4;D5;D6;D7;D8";;;0;0;0.1.0-metodologica;2026-07-30T09:54:46-04:00
35253;BARRAGEM PRINCIPAL 1A;Canarana;MT - Secretaria de Estado do Meio Ambiente - SEMA;Paisagismo;Não Classificado;Não Classificado;4294;2;Verde;Verde;0,330;insuficiente;6,1;0;2;0;0;não avaliado;;R06;"A6;B2;B3;B4;B5;B6;C1;C2;C3;C4;C5;C6;C7;D1;D2;D3;D4;D5;D6;D7;D8";;;0;0;0.1.0-metodologica;2026-07-30T09:54:46-04:00
36502;Barragem Fazenda Passo Fundo;Canarana;MT - Secretaria de Estado do Meio Ambiente - SEMA;Irrigação;Baixo;Não Classificado;429794;2;Verde;Verde;0,330;insuficiente;6,1;0;2;0;0;não avaliado;;R06;"A6;B2;B3;B4;B5;B6;C1;C2;C3;C4;C5;C6;C7;D1;D2;D3;D4;D5;D6;D7;D8";;;0;0;0.1.0-metodologica;2026-07-30T09:54:46-04:00
35239;Barragem Fazenda Sagarana;Canarana;MT - Secretaria de Estado do Meio Ambiente - SEMA;Dessedentação Animal;Baixo;Médio;68366;4;Verde;Verde;0,330;insuficiente;12,1;1;3;0;0;não avaliado;;R06;"A6;B2;B3;B4;B5;B6;C1;C2;C3;C4;C5;C6;C7;D1;D2;D3;D4;D5;D6;D7;D8";;;0;0;0.1.0-metodologica;2026-07-30T09:54:46-04:00
34767;Barragem I - Fazenda Lagoa Vermelha;Canarana;MT - Secretaria de Estado do Meio Ambiente - SEMA;Irrigação;Baixo;Médio;4294;3;Verde;Verde;0,330;insuficiente;9,1;0;3;0;0;não avaliado;;R06;"A6;B2;B3;B4;B5;B6;C1;C2;C3;C4;C5;C6;C7;D1;D2;D3;D4;D5;D6;D7;D8";;;0;0;0.1.0-metodologica;2026-07-30T09:54:46-04:00
36503;Barragem Montante Fazenda Passo Fundo;Canarana;MT - Secretaria de Estado do Meio Ambiente - SEMA;Irrigação;Baixo;Não Classificado;429794;2;Verde;Verde;0,330;insuficiente;6,1;0;2;0;0;não avaliado;;R06;"A6;B2;B3;B4;B5;B6;C1;C2;C3;C4;C5;C6;C7;D1;D2;D3;D4;D5;D6;D7;D8";;;0;0;0.1.0-metodologica;2026-07-30T09:54:46-04:00
31661;Barragem na Fazenda Nova Esperança II;Canarana;MT - Secretaria de Estado do Meio Ambiente - SEMA;Irrigação;Baixo;Médio;429652;3;Verde;Verde;0,330;insuficiente;9,1;0;3;0;0;não avaliado;;R06;"A6;B2;B3;B4;B5;B6;C1;C2;C3;C4;C5;C6;C7;D1;D2;D3;D4;D5;D6;D7;D8";;;0;0;0.1.0-metodologica;2026-07-30T09:54:46-04:00
31048;Barragem na Fazenda Santa Fé;Canarana;MT - Secretaria de Estado do Meio Ambiente - SEMA;Dessedentação Animal;Baixo;Médio;42974;3;Verde;Verde;0,330;insuficiente;9,1;0;3;0;0;não avaliado;;R06;"A6;B2;B3;B4;B5;B6;C1;C2;C3;C4;C5;C6;C7;D1;D2;D3;D4;D5;D6;D7;D8";;;0;0;0.1.0-metodologica;2026-07-30T09:54:46-04:00
34001;Barramento 1 - Fazenda Progresso Vista Alegre;Canarana;MT - Secretaria de Estado do Meio Ambiente - SEMA;Irrigação;Baixo;Médio;4294;3;Verde;Verde;0,330;insuficiente;9,1;0;3;0;0;não avaliado;;R06;"A6;B2;B3;B4;B5;B6;C1;C2;C3;C4;C5;C6;C7;D1;D2;D3;D4;D5;D6;D7;D8";;;0;0;0.1.0-metodologica;2026-07-30T09:54:46-04:00
34991;Barramento 2 Principal - Fazenda Cocal;Canarana;MT - Secretaria de Estado do Meio Ambiente - SEMA;Irrigação;Baixo;Alto;42944;5;Verde;Verde;0,330;insuficiente;15,2;0;5;0;0;não avaliado;;R06;"A6;B2;B3;B4;B5;B6;C1;C2;C3;C4;C5;C6;C7;D1;D2;D3;D4;D5;D6;D7;D8";;;0;0;0.1.0-metodologica;2026-07-30T09:54:46-04:00
35630;Barramento 2A - Fazenda Santa Helena;Canarana;MT - Secretaria de Estado do Meio Ambiente - SEMA;Paisagismo;Baixo;Médio;4294;3;Verde;Verde;0,330;insuficiente;9,1;0;3;0;0;não avaliado;;R06;"A6;B2;B3;B4;B5;B6;C1;C2;C3;C4;C5;C6;C7;D1;D2;D3;D4;D5;D6;D7;D8";;;0;0;0.1.0-metodologica;2026-07-30T09:54:46-04:00
34992;Barramento 3 Montante - Fazenda Cocal;Canarana;MT - Secretaria de Estado do Meio Ambiente - SEMA;Irrigação;Baixo;Alto;42944;5;Verde;Verde;0,330;insuficiente;15,2;0;5;0;0;não avaliado;;R06;"A6;B2;B3;B4;B5;B6;C1;C2;C3;C4;C5;C6;C7;D1;D2;D3;D4;D5;D6;D7;D8";;;0;0;0.1.0-metodologica;2026-07-30T09:54:46-04:00
35250;Barramento III Fazenda Cocal;Canarana;MT - Secretaria de Estado do Meio Ambiente - SEMA;Irrigação;Baixo;Médio;42948;3;Verde;Verde;0,330;insuficiente;9,1;0;3;0;0;não avaliado;;R06;"A6;B2;B3;B4;B5;B6;C1;C2;C3;C4;C5;C6;C7;D1;D2;D3;D4;D5;D6;D7;D8";;;0;0;0.1.0-metodologica;2026-07-30T09:54:46-04:00
34185;CGH Cocal (75 Kw) - MCH COCAL;Canarana;Agência Nacional de Energia Elétrica - ANEEL;Hidroelétrica;Baixo;Baixo;42944;1;Verde;Verde;0,330;insuficiente;3,0;0;1;0;0;não avaliado;;R06;"A6;B2;B3;B4;B5;B6;C1;C2;C3;C4;C5;C6;C7;D1;D2;D3;D4;D5;D6;D7;D8";;;0;0;0.1.0-metodologica;2026-07-30T09:54:46-04:00
32989;Dall Asta 2;Canarana;MT - Secretaria de Estado do Meio Ambiente - SEMA;Irrigação;Baixo;Médio;4272;4;Verde;Verde;0,330;insuficiente;12,1;1;3;0;0;não avaliado;;R06;"A6;B2;B3;B4;B5;B6;C1;C2;C3;C4;C5;C6;C7;D1;D2;D3;D4;D5;D6;D7;D8";;Bom Jesus do Araguaia | Querência | Ribeirão Cascalheira;0;0;0.1.0-metodologica;2026-07-30T09:54:46-04:00
31827;FAZENDA CAMPO FLORIDO;Canarana;MT - Secretaria de Estado do Meio Ambiente - SEMA;Dessedentação Animal;Baixo;Médio;42974;3;Verde;Verde;0,330;insuficiente;9,1;0;3;0;0;não avaliado;;R06;"A6;B2;B3;B4;B5;B6;C1;C2;C3;C4;C5;C6;C7;D1;D2;D3;D4;D5;D6;D7;D8";;;0;0;0.1.0-metodologica;2026-07-30T09:54:46-04:00
19996;FAZENDA GUAPORÉ;Canarana;MT - Secretaria de Estado do Meio Ambiente - SEMA;Aquicultura;Não Classificado;Não Classificado;4294;2;Verde;Verde;0,330;insuficiente;6,1;0;2;0;0;não avaliado;;R06;"A6;B2;B3;B4;B5;B6;C1;C2;C3;C4;C5;C6;C7;D1;D2;D3;D4;D5;D6;D7;D8";;;0;0;0.1.0-metodologica;2026-07-30T09:54:46-04:00
8159;Fazenda Araribá;Canarana;MT - Secretaria de Estado do Meio Ambiente - SEMA;Dessedentação Animal;Baixo;Não se Aplica;429622;1;Verde;Verde;0,330;insuficiente;3,0;0;1;0;0;não avaliado;;R06;"A6;B2;B3;B4;B5;B6;C1;C2;C3;C4;C5;C6;C7;D1;D2;D3;D4;D5;D6;D7;D8";;;0;0;0.1.0-metodologica;2026-07-30T09:54:46-04:00
34793;Fazenda Canarana – Barramento 01;Canarana;MT - Secretaria de Estado do Meio Ambiente - SEMA;Irrigação;Baixo;Médio;4296272;8;Verde;Verde;0,380;insuficiente;21,1;0;3;5;0;não avaliado;;R06;"A6;B2;B3;B4;B5;B6;C2;C3;C4;C5;C6;C7;D1;D2;D3;D4;D5;D6;D7;D8";Canarana;;1;0;0.1.0-metodologica;2026-07-30T09:54:46-04:00
19989;Fazenda Cocal;Canarana;MT - Secretaria de Estado do Meio Ambiente - SEMA;Aquicultura;Médio;Alto;42944;5;Verde;Verde;0,330;insuficiente;15,2;0;5;0;0;não avaliado;;R06;"A6;B2;B3;B4;B5;B6;C1;C2;C3;C4;C5;C6;C7;D1;D2;D3;D4;D5;D6;D7;D8";;;0;0;0.1.0-metodologica;2026-07-30T09:54:46-04:00
35251;Fazenda Cocal (Barramento III) - Montante;Canarana;MT - Secretaria de Estado do Meio Ambiente - SEMA;Paisagismo;Baixo;Médio;429482;3;Verde;Verde;0,330;insuficiente;9,1;0;3;0;0;não avaliado;;R06;"A6;B2;B3;B4;B5;B6;C1;C2;C3;C4;C5;C6;C7;D1;D2;D3;D4;D5;D6;D7;D8";;;0;0;0.1.0-metodologica;2026-07-30T09:54:46-04:00
35633;Fazenda Cocal - Barramento 05;Canarana;MT - Secretaria de Estado do Meio Ambiente - SEMA;Irrigação;Baixo;Médio;42944;3;Verde;Verde;0,330;insuficiente;9,1;0;3;0;0;não avaliado;;R06;"A6;B2;B3;B4;B5;B6;C1;C2;C3;C4;C5;C6;C7;D1;D2;D3;D4;D5;D6;D7;D8";;;0;0;0.1.0-metodologica;2026-07-30T09:54:46-04:00
35338;Fazenda Cocal ? Barramento 04;Canarana;MT - Secretaria de Estado do Meio Ambiente - SEMA;Irrigação;Baixo;Médio;42944;3;Verde;Verde;0,330;insuficiente;9,1;0;3;0;0;não avaliado;;R06;"A6;B2;B3;B4;B5;B6;C1;C2;C3;C4;C5;C6;C7;D1;D2;D3;D4;D5;D6;D7;D8";;;0;0;0.1.0-metodologica;2026-07-30T09:54:46-04:00
32376;Fazenda Dall Asta – Barramento 1;Canarana;MT - Secretaria de Estado do Meio Ambiente - SEMA;Proteção do meio ambiente;Baixo;Médio;4294;3;Verde;Verde;0,330;insuficiente;9,1;0;3;0;0;não avaliado;;R06;"A6;B2;B3;B4;B5;B6;C1;C2;C3;C4;C5;C6;C7;D1;D2;D3;D4;D5;D6;D7;D8";;;0;0;0.1.0-metodologica;2026-07-30T09:54:46-04:00
31994;Fazenda L Cristina - Barragem 1;Canarana;MT - Secretaria de Estado do Meio Ambiente - SEMA;Irrigação;Baixo;Médio;429746;3;Verde;Verde;0,330;insuficiente;9,1;0;3;0;0;não avaliado;;R06;"A6;B2;B3;B4;B5;B6;C1;C2;C3;C4;C5;C6;C7;D1;D2;D3;D4;D5;D6;D7;D8";;;0;0;0.1.0-metodologica;2026-07-30T09:54:46-04:00
20142;Fazenda Negrinho do Pastoreiro;Canarana;MT - Secretaria de Estado do Meio Ambiente - SEMA;Irrigação;Baixo;Não se Aplica;42964;1;Verde;Verde;0,330;insuficiente;3,0;0;1;0;0;não avaliado;;R06;"A6;B2;B3;B4;B5;B6;C1;C2;C3;C4;C5;C6;C7;D1;D2;D3;D4;D5;D6;D7;D8";;;0;0;0.1.0-metodologica;2026-07-30T09:54:46-04:00
36507;Fazenda Ponta Bonita ? Parte 1;Canarana;MT - Secretaria de Estado do Meio Ambiente - SEMA;Paisagismo;Baixo;Médio;4296;3;Verde;Verde;0,330;insuficiente;9,1;0;3;0;0;não avaliado;;R06;"A6;B2;B3;B4;B5;B6;C1;C2;C3;C4;C5;C6;C7;D1;D2;D3;D4;D5;D6;D7;D8";;Água Boa;0;0;0.1.0-metodologica;2026-07-30T09:54:46-04:00
30131;Fazenda Tanguro;Canarana;MT - Secretaria de Estado do Meio Ambiente - SEMA;Dessedentação Animal;Baixo;Baixo;4294;1;Verde;Verde;0,330;insuficiente;3,0;0;1;0;0;não avaliado;;R06;"A6;B2;B3;B4;B5;B6;C1;C2;C3;C4;C5;C6;C7;D1;D2;D3;D4;D5;D6;D7;D8";;;0;0;0.1.0-metodologica;2026-07-30T09:54:46-04:00
36576;Fazenda Vera Cruz do Xingú;Canarana;MT - Secretaria de Estado do Meio Ambiente - SEMA;Irrigação;Baixo;Médio;4296322;3;Verde;Verde;0,330;insuficiente;9,1;0;3;0;0;não avaliado;;R06;"A6;B2;B3;B4;B5;B6;C1;C2;C3;C4;C5;C6;C7;D1;D2;D3;D4;D5;D6;D7;D8";;;0;0;0.1.0-metodologica;2026-07-30T09:54:46-04:00
23757;Massa d'Água #224375;Canarana;Agência Nacional de Águas e Saneamento Básico - ANA;Irrigação;Não Classificado;Não Classificado;4294;2;Verde;Verde;0,330;insuficiente;6,1;0;2;0;0;não avaliado;;R06;"A6;B2;B3;B4;B5;B6;C1;C2;C3;C4;C5;C6;C7;D1;D2;D3;D4;D5;D6;D7;D8";;;0;0;0.1.0-metodologica;2026-07-30T09:54:46-04:00
31541;Barramento principal (1A);Carlinda;MT - Secretaria de Estado do Meio Ambiente - SEMA;Irrigação;Baixo;Médio;4447334;10;Amarelo;Verde;0,420;parcial;23,8;2;3;5;0;não avaliado;;"R06;R10;R11";"B2;B3;B4;B5;B6;C2;C3;C4;C5;C6;C7;D1;D2;D3;D4;D5;D6;D7;D8";Alta Floresta | Carlinda | Nova Canaã do Norte;;3;2;0.1.0-metodologica;2026-07-30T09:54:46-04:00
35228;Barramento principal - Fazenda Rio da Mata;Carlinda;MT - Secretaria de Estado do Meio Ambiente - SEMA;Recreação;Baixo;Médio;444592;10;Amarelo;Verde;0,420;parcial;23,8;2;3;5;0;não avaliado;;"R06;R10;R11";"B2;B3;B4;B5;B6;C2;C3;C4;C5;C6;C7;D1;D2;D3;D4;D5;D6;D7;D8";Carlinda;;1;0;0.1.0-metodologica;2026-07-30T09:54:46-04:00
27572;LIPINISKY;Carlinda;Agência Nacional de Mineração - ANM;Contenção de rejeitos de mineração;Baixo;Médio;44457212;15;Amarelo;Verde;0,570;parcial;26,3;2;6;7;0;não avaliado;;"R10;R11";"B4;B5;B6;C2;C3;C4;C5;C6;C7;D1;D2;D3;D4;D5;D6;D7;D8";Carlinda;;1;0;0.1.0-metodologica;2026-07-30T09:54:46-04:00
36539;Barramento Pé de Pequi I;Chapada dos Guimarães;MT - Secretaria de Estado do Meio Ambiente - SEMA;Abastecimento humano;Baixo;Médio;89676;17;Amarelo;Verde;0,470;parcial;36,2;4;3;9;1;não;não;"R06;R10;R11";"B2;B3;B4;B5;B6;C2;C4;C5;C6;C7;D1;D2;D3;D4;D5;D6;D7";Chapada dos Guimarães | Cuiabá | Jangada | Nossa Senhora do Livramento | Rosário Oeste | Santo Antônio de Leverger | Várzea Grande;;7;6;0.1.0-metodologica;2026-07-30T09:54:46-04:00
34040;CGH Oeiras - principal;Chapada dos Guimarães;Agência Nacional de Energia Elétrica - ANEEL;Hidroelétrica;Baixo;Baixo;896;5;Amarelo;Verde;0,370;insuficiente;13,5;4;1;0;0;não avaliado;;"R06;R10;R11";"B2;B3;B4;B5;B6;C1;C2;C3;C4;C5;C6;C7;D1;D2;D3;D4;D5;D6;D7;D8";;Alto Garças | Cuiabá | Guiratinga | Itiquira | Jaciara | Jangada | Juscimeira | Nossa Senhora do Livramento | Pedra Preta | Poxoréu | Rondonópolis | Rosário Oeste | Santo Antônio de Leverger | São José do Povo | Várzea Grande;0;0;0.1.0-metodologica;2026-07-30T09:54:46-04:00
34041;CGH Portal do Vale - principal;Chapada dos Guimarães;Agência Nacional de Energia Elétrica - ANEEL;Hidroelétrica;Baixo;Baixo;896;5;Amarelo;Verde;0,370;insuficiente;13,5;4;1;0;0;não avaliado;;"R06;R10;R11";"B2;B3;B4;B5;B6;C1;C2;C3;C4;C5;C6;C7;D1;D2;D3;D4;D5;D6;D7;D8";;Alto Garças | Cuiabá | Guiratinga | Itiquira | Jaciara | Jangada | Juscimeira | Nossa Senhora do Livramento | Pedra Preta | Poxoréu | Rondonópolis | Rosário Oeste | Santo Antônio de Leverger | São José do Povo | Várzea Grande;0;0;0.1.0-metodologica;2026-07-30T09:54:46-04:00
34042;CGH Vale do Roncador - principal;Chapada dos Guimarães;Agência Nacional de Energia Elétrica - ANEEL;Hidroelétrica;Baixo;Baixo;896;5;Amarelo;Verde;0,370;insuficiente;13,5;4;1;0;0;não avaliado;;"R06;R10;R11";"B2;B3;B4;B5;B6;C1;C2;C3;C4;C5;C6;C7;D1;D2;D3;D4;D5;D6;D7;D8";;Alto Garças | Cuiabá | Guiratinga | Itiquira | Jaciara | Jangada | Juscimeira | Nossa Senhora do Livramento | Pedra Preta | Poxoréu | Rondonópolis | Rosário Oeste | Santo Antônio de Leverger | São José do Povo | Várzea Grande;0;0;0.1.0-metodologica;2026-07-30T09:54:46-04:00
4931;PCH Casca II - B01 - CASCA I;Chapada dos Guimarães;Agência Nacional de Energia Elétrica - ANEEL;Hidroelétrica;Baixo;Baixo;89694;15;Amarelo;Verde;0,470;parcial;31,9;4;1;9;1;não;não;"R06;R10;R11";"B2;B3;B4;B5;B6;C2;C4;C5;C6;C7;D1;D2;D3;D4;D5;D6;D7";Chapada dos Guimarães | Cuiabá | Jangada | Nossa Senhora do Livramento | Rosário Oeste | Santo Antônio de Leverger | Várzea Grande;;7;6;0.1.0-metodologica;2026-07-30T09:54:46-04:00
20618;PCH Casca II - B02 - Ponte Alta;Chapada dos Guimarães;Agência Nacional de Energia Elétrica - ANEEL;Hidroelétrica;Baixo;Baixo;89694;15;Amarelo;Verde;0,470;parcial;31,9;4;1;9;1;não;não;"R06;R10;R11";"B2;B3;B4;B5;B6;C2;C4;C5;C6;C7;D1;D2;D3;D4;D5;D6;D7";Chapada dos Guimarães | Cuiabá | Jangada | Nossa Senhora do Livramento | Rosário Oeste | Santo Antônio de Leverger | Várzea Grande;;7;6;0.1.0-metodologica;2026-07-30T09:54:46-04:00
20617;PCH Casca III - Casca III;Chapada dos Guimarães;Agência Nacional de Energia Elétrica - ANEEL;Hidroelétrica;Baixo;Baixo;89694;18;Amarelo;Verde;0,500;parcial;36,0;4;1;9;4;não;não;"R06;R10;R11";"B2;B3;B4;B5;B6;C2;C4;C5;C6;C7;D2;D3;D4;D5;D6;D7";Chapada dos Guimarães | Cuiabá | Jangada | Nossa Senhora do Livramento | Rosário Oeste | Santo Antônio de Leverger | Várzea Grande;;7;6;0.1.0-metodologica;2026-07-30T09:54:46-04:00
34145;UHE Manso - Barragem da Margem Direita;Chapada dos Guimarães;Agência Nacional de Energia Elétrica - ANEEL;Hidroelétrica;Alto;Baixo;896;15;Amarelo;Verde;0,470;parcial;31,9;4;1;9;1;não;não;"R06;R10;R11";"B2;B3;B4;B5;B6;C2;C4;C5;C6;C7;D1;D2;D3;D4;D5;D6;D7";Chapada dos Guimarães | Cuiabá | Várzea Grande;Alto Garças | Guiratinga | Itiquira | Jaciara | Jangada | Juscimeira | Nossa Senhora do Livramento | Pedra Preta | Poxoréu | Rondonópolis | Rosário Oeste | Santo Antônio de Leverger | São José do Povo;3;2;0.1.0-metodologica;2026-07-30T09:54:46-04:00
34146;UHE Manso - Barragem da Margem Esquerda;Chapada dos Guimarães;Agência Nacional de Energia Elétrica - ANEEL;Hidroelétrica;Alto;Baixo;896;15;Amarelo;Verde;0,470;parcial;31,9;4;1;9;1;não;não;"R06;R10;R11";"B2;B3;B4;B5;B6;C2;C4;C5;C6;C7;D1;D2;D3;D4;D5;D6;D7";Chapada dos Guimarães | Cuiabá | Várzea Grande;Alto Garças | Guiratinga | Itiquira | Jaciara | Jangada | Juscimeira | Nossa Senhora do Livramento | Pedra Preta | Poxoréu | Rondonópolis | Rosário Oeste | Santo Antônio de Leverger | São José do Povo;3;2;0.1.0-metodologica;2026-07-30T09:54:46-04:00
4436;UHE Manso - Barragem de Terra do Leito do Rio;Chapada dos Guimarães;Agência Nacional de Energia Elétrica - ANEEL;Hidroelétrica;Alto;Baixo;896;16;Amarelo;Verde;0,500;parcial;32,0;4;1;9;2;não;não;"R06;R10;R11";"B2;B3;B4;B5;B6;C2;C4;C5;C6;C7;D2;D3;D4;D5;D6;D7";Chapada dos Guimarães | Cuiabá | Várzea Grande;Alto Garças | Guiratinga | Itiquira | Jaciara | Jangada | Juscimeira | Nossa Senhora do Livramento | Pedra Preta | Poxoréu | Rondonópolis | Rosário Oeste | Santo Antônio de Leverger | São José do Povo;3;2;0.1.0-metodologica;2026-07-30T09:54:46-04:00
20601;UHE Manso - Dique 2;Chapada dos Guimarães;Agência Nacional de Energia Elétrica - ANEEL;Hidroelétrica;Alto;Baixo;89678;16;Amarelo;Verde;0,500;parcial;32,0;4;1;9;2;não;não;"R06;R10;R11";"B2;B3;B4;B5;B6;C2;C4;C5;C6;C7;D2;D3;D4;D5;D6;D7";Cuiabá | Jangada | Nossa Senhora do Livramento | Rosário Oeste | Santo Antônio de Leverger | Várzea Grande;;6;6;0.1.0-metodologica;2026-07-30T09:54:46-04:00
20602;UHE Manso - Dique 3;Chapada dos Guimarães;Agência Nacional de Energia Elétrica - ANEEL;Hidroelétrica;Alto;Baixo;89678;16;Amarelo;Verde;0,500;parcial;32,0;4;1;9;2;não;não;"R06;R10;R11";"B2;B3;B4;B5;B6;C2;C4;C5;C6;C7;D2;D3;D4;D5;D6;D7";Cuiabá | Jangada | Nossa Senhora do Livramento | Rosário Oeste | Santo Antônio de Leverger | Várzea Grande;;6;6;0.1.0-metodologica;2026-07-30T09:54:46-04:00
20603;UHE Manso - Dique 4;Chapada dos Guimarães;Agência Nacional de Energia Elétrica - ANEEL;Hidroelétrica;Alto;Baixo;89678;16;Amarelo;Verde;0,500;parcial;32,0;4;1;9;2;não;não;"R06;R10;R11";"B2;B3;B4;B5;B6;C2;C4;C5;C6;C7;D2;D3;D4;D5;D6;D7";Cuiabá | Jangada | Nossa Senhora do Livramento | Rosário Oeste | Santo Antônio de Leverger | Várzea Grande;;6;6;0.1.0-metodologica;2026-07-30T09:54:46-04:00
20604;UHE Manso - Dique 5;Chapada dos Guimarães;Agência Nacional de Energia Elétrica - ANEEL;Hidroelétrica;Alto;Baixo;89678;16;Amarelo;Verde;0,500;parcial;32,0;4;1;9;2;não;não;"R06;R10;R11";"B2;B3;B4;B5;B6;C2;C4;C5;C6;C7;D2;D3;D4;D5;D6;D7";Cuiabá | Jangada | Nossa Senhora do Livramento | Rosário Oeste | Santo Antônio de Leverger | Várzea Grande;;6;6;0.1.0-metodologica;2026-07-30T09:54:46-04:00
20605;UHE Manso - Dique 6;Chapada dos Guimarães;Agência Nacional de Energia Elétrica - ANEEL;Hidroelétrica;Alto;Baixo;89678;16;Amarelo;Verde;0,500;parcial;32,0;4;1;9;2;não;não;"R06;R10;R11";"B2;B3;B4;B5;B6;C2;C4;C5;C6;C7;D2;D3;D4;D5;D6;D7";Cuiabá | Jangada | Nossa Senhora do Livramento | Rosário Oeste | Santo Antônio de Leverger | Várzea Grande;;6;6;0.1.0-metodologica;2026-07-30T09:54:46-04:00
20606;UHE Manso - Dique 7;Chapada dos Guimarães;Agência Nacional de Energia Elétrica - ANEEL;Hidroelétrica;Alto;Baixo;89678;16;Amarelo;Verde;0,500;parcial;32,0;4;1;9;2;não;não;"R06;R10;R11";"B2;B3;B4;B5;B6;C2;C4;C5;C6;C7;D2;D3;D4;D5;D6;D7";Cuiabá | Jangada | Nossa Senhora do Livramento | Rosário Oeste | Santo Antônio de Leverger | Várzea Grande;;6;6;0.1.0-metodologica;2026-07-30T09:54:46-04:00
30462;BARRAGEM 01;Cláudia;MT - Secretaria de Estado do Meio Ambiente - SEMA;Aquicultura;Baixo;Alto;426934;10;Verde;Verde;0,380;insuficiente;26,3;0;5;5;0;não avaliado;;R06;"A6;B2;B3;B4;B5;B6;C2;C3;C4;C5;C6;C7;D1;D2;D3;D4;D5;D6;D7;D8";Cláudia | Marcelândia | União do Sul;;3;2;0.1.0-metodologica;2026-07-30T09:54:46-04:00
29953;Barragem 02;Cláudia;MT - Secretaria de Estado do Meio Ambiente - SEMA;Aquicultura;Baixo;Alto;426934;10;Verde;Verde;0,380;insuficiente;26,3;0;5;5;0;não avaliado;;R06;"A6;B2;B3;B4;B5;B6;C2;C3;C4;C5;C6;C7;D1;D2;D3;D4;D5;D6;D7;D8";Cláudia | Marcelândia | União do Sul;;3;2;0.1.0-metodologica;2026-07-30T09:54:46-04:00
36100;Barragem a montante;Cláudia;MT - Secretaria de Estado do Meio Ambiente - SEMA;Recreação;Baixo;Médio;42682;8;Verde;Verde;0,380;insuficiente;21,1;0;3;5;0;não avaliado;;R06;"A6;B2;B3;B4;B5;B6;C2;C3;C4;C5;C6;C7;D1;D2;D3;D4;D5;D6;D7;D8";Marcelândia;;1;1;0.1.0-metodologica;2026-07-30T09:54:46-04:00
35071;Barramento 1 ? Lote n° 114-B, 114-C E 115;Cláudia;MT - Secretaria de Estado do Meio Ambiente - SEMA;Irrigação;Baixo;Médio;426912;8;Verde;Verde;0,380;insuficiente;21,1;0;3;5;0;não avaliado;;R06;"A6;B2;B3;B4;B5;B6;C2;C3;C4;C5;C6;C7;D1;D2;D3;D4;D5;D6;D7;D8";Cláudia | Marcelândia;;2;1;0.1.0-metodologica;2026-07-30T09:54:46-04:00
36099;Lote nº 316;Cláudia;MT - Secretaria de Estado do Meio Ambiente - SEMA;Recreação;Baixo;Médio;42682;8;Verde;Verde;0,380;insuficiente;21,1;0;3;5;0;não avaliado;;R06;"A6;B2;B3;B4;B5;B6;C2;C3;C4;C5;C6;C7;D1;D2;D3;D4;D5;D6;D7;D8";Marcelândia;;1;1;0.1.0-metodologica;2026-07-30T09:54:46-04:00
20653;UHE Sinop - Sinop;Cláudia;Agência Nacional de Energia Elétrica - ANEEL;Hidroelétrica;Alto;Baixo;444;2;Verde;Verde;0,360;insuficiente;5,6;0;1;0;1;não avaliado;;R06;"A6;B2;B3;B4;B5;B6;C1;C2;C3;C4;C5;C6;C7;D2;D3;D4;D5;D6;D7;D8";;Alta Floresta | Carlinda | Ipiranga do Norte | Itaúba | Lucas do Rio Verde | Nova Canaã do Norte | Nova Santa Helena | Paranaíta | Santa Rita do Trivelato | Sinop | Sorriso | Tapurah | Terra Nova do Norte | Vera;0;0;0.1.0-metodologica;2026-07-30T09:54:46-04:00
36475;Agropecuária Madeirinha ? Barramento;Colniza;MT - Secretaria de Estado do Meio Ambiente - SEMA;Recreação;Baixo;Médio;46242914;11;Verde;Verde;0,380;insuficiente;28,9;3;3;5;0;não avaliado;;R06;"A6;B2;B3;B4;B5;B6;C2;C3;C4;C5;C6;C7;D1;D2;D3;D4;D5;D6;D7;D8";Colniza;;1;0;0.1.0-metodologica;2026-07-30T09:54:46-04:00
23992;CGH Margarida 2 Duplicidade  - MARGARIDA;Comodoro;Agência Nacional de Energia Elétrica - ANEEL;Hidroelétrica;Baixo;Médio;469932;8;Verde;Verde;0,330;insuficiente;24,2;5;3;0;0;não avaliado;;R06;"A6;B2;B3;B4;B5;B6;C1;C2;C3;C4;C5;C6;C7;D1;D2;D3;D4;D5;D6;D7;D8";;;0;0;0.1.0-metodologica;2026-07-30T09:54:46-04:00
34123;CGH Miranda Estância - CGH Rio Piolho;Comodoro;Agência Nacional de Energia Elétrica - ANEEL;Hidroelétrica;Baixo;Baixo;46993296;11;Verde;Verde;0,380;insuficiente;28,9;5;1;5;0;não avaliado;;R06;"A6;B2;B3;B4;B5;B6;C2;C3;C4;C5;C6;C7;D1;D2;D3;D4;D5;D6;D7;D8";Comodoro;;1;0;0.1.0-metodologica;2026-07-30T09:54:46-04:00
23999;CGH Rio Margarida 2 - MARGARIDA;Comodoro;Agência Nacional de Energia Elétrica - ANEEL;Hidroelétrica;Baixo;Médio;469932;8;Verde;Verde;0,330;insuficiente;24,2;5;3;0;0;não avaliado;;R06;"A6;B2;B3;B4;B5;B6;C1;C2;C3;C4;C5;C6;C7;D1;D2;D3;D4;D5;D6;D7;D8";;;0;0;0.1.0-metodologica;2026-07-30T09:54:46-04:00
36581;Fazenda Cabanha da Vitória;Comodoro;MT - Secretaria de Estado do Meio Ambiente - SEMA;Irrigação;Baixo;Baixo;46993298;6;Verde;Verde;0,330;insuficiente;18,2;5;1;0;0;não avaliado;;R06;"A6;B2;B3;B4;B5;B6;C1;C2;C3;C4;C5;C6;C7;D1;D2;D3;D4;D5;D6;D7;D8";;;0;0;0.1.0-metodologica;2026-07-30T09:54:46-04:00
22435;Massa d'Água #117161;Comodoro;Agência Nacional de Águas e Saneamento Básico - ANA;Irrigação;Não Classificado;Não Classificado;4699392;7;Verde;Verde;0,330;insuficiente;21,2;5;2;0;0;não avaliado;;R06;"A6;B2;B3;B4;B5;B6;C1;C2;C3;C4;C5;C6;C7;D1;D2;D3;D4;D5;D6;D7;D8";;;0;0;0.1.0-metodologica;2026-07-30T09:54:46-04:00
23813;Massa d'Água #240264;Comodoro;Agência Nacional de Águas e Saneamento Básico - ANA;Irrigação;Não Classificado;Não Classificado;4699392;7;Verde;Verde;0,330;insuficiente;21,2;5;2;0;0;não avaliado;;R06;"A6;B2;B3;B4;B5;B6;C1;C2;C3;C4;C5;C6;C7;D1;D2;D3;D4;D5;D6;D7;D8";;;0;0;0.1.0-metodologica;2026-07-30T09:54:46-04:00
4554;PCH Cabixi II - CABIXI II;Comodoro;Agência Nacional de Energia Elétrica - ANEEL;Hidroelétrica;Baixo;Baixo;4699286;3;Verde;Verde;0,330;insuficiente;9,1;2;1;0;0;não avaliado;;R06;"A6;B2;B3;B4;B5;B6;C1;C2;C3;C4;C5;C6;C7;D1;D2;D3;D4;D5;D6;D7;D8";;;0;0;0.1.0-metodologica;2026-07-30T09:54:46-04:00
4178;PCH Esperança - DESVIO;Comodoro;Agência Nacional de Energia Elétrica - ANEEL;Hidroelétrica;Baixo;Baixo;469938;6;Verde;Verde;0,330;insuficiente;18,2;5;1;0;0;não avaliado;;R06;"A6;B2;B3;B4;B5;B6;C1;C2;C3;C4;C5;C6;C7;D1;D2;D3;D4;D5;D6;D7;D8";;;0;0;0.1.0-metodologica;2026-07-30T09:54:46-04:00
34186;PCH Juí 117 - NÃO POSSUI BARRAMENTO, DERIVAÇÃO LATERAL DIREITA;Comodoro;Agência Nacional de Energia Elétrica - ANEEL;Hidroelétrica;Baixo;Baixo;449974;3;Verde;Verde;0,330;insuficiente;9,1;2;1;0;0;não avaliado;;R06;"A6;B2;B3;B4;B5;B6;C1;C2;C3;C4;C5;C6;C7;D1;D2;D3;D4;D5;D6;D7;D8";;;0;0;0.1.0-metodologica;2026-07-30T09:54:46-04:00
5034;PCH Rio Prata - prata;Comodoro;Agência Nacional de Energia Elétrica - ANEEL;Hidroelétrica;Baixo;Baixo;46993298;6;Verde;Verde;0,330;insuficiente;18,2;5;1;0;0;não avaliado;;R06;"A6;B2;B3;B4;B5;B6;C1;C2;C3;C4;C5;C6;C7;D1;D2;D3;D4;D5;D6;D7;D8";;;0;0;0.1.0-metodologica;2026-07-30T09:54:46-04:00
36066;Barragem I;Confresa;MT - Secretaria de Estado do Meio Ambiente - SEMA;Abastecimento humano;Médio;Médio;678722;9;Verde;Verde;0,380;insuficiente;23,7;1;3;5;0;não avaliado;;R06;"A6;B2;B3;B4;B5;B6;C2;C3;C4;C5;C6;C7;D1;D2;D3;D4;D5;D6;D7;D8";Confresa | Santa Terezinha;;2;1;0.1.0-metodologica;2026-07-30T09:54:46-04:00
29579;Barramento II;Confresa;MT - Secretaria de Estado do Meio Ambiente - SEMA;Irrigação;Baixo;Baixo;67872;7;Verde;Verde;0,380;insuficiente;18,4;1;1;5;0;não avaliado;;R06;"A6;B2;B3;B4;B5;B6;C2;C3;C4;C5;C6;C7;D1;D2;D3;D4;D5;D6;D7;D8";Santa Terezinha;;1;1;0.1.0-metodologica;2026-07-30T09:54:46-04:00
36571;Fazenda Brasil Central;Confresa;MT - Secretaria de Estado do Meio Ambiente - SEMA;Irrigação;Baixo;Alto;42544;6;Verde;Verde;0,330;insuficiente;18,2;1;5;0;0;não avaliado;;R06;"A6;B2;B3;B4;B5;B6;C1;C2;C3;C4;C5;C6;C7;D1;D2;D3;D4;D5;D6;D7;D8";;;0;0;0.1.0-metodologica;2026-07-30T09:54:46-04:00
31569;Fazenda Luta;Confresa;MT - Secretaria de Estado do Meio Ambiente - SEMA;Irrigação;Médio;Não se Aplica;67872;11;Verde;Verde;0,510;parcial;21,6;1;4;5;1;não avaliado;;;"A6;B3;B4;B5;B6;C2;C3;C4;C5;C6;C7;D2;D3;D4;D5;D6;D7;D8";Santa Terezinha;;1;1;0.1.0-metodologica;2026-07-30T09:54:46-04:00
26333;PREFEITURA MUNICIPAL DE CONFRESA;Confresa;MT - Secretaria de Estado do Meio Ambiente - SEMA;Abastecimento humano;Não Classificado;Não Classificado;678722;8;Verde;Verde;0,380;insuficiente;21,1;1;2;5;0;não avaliado;;R06;"A6;B2;B3;B4;B5;B6;C2;C3;C4;C5;C6;C7;D1;D2;D3;D4;D5;D6;D7;D8";Confresa | Santa Terezinha;;2;1;0.1.0-metodologica;2026-07-30T09:54:46-04:00
34039;CGH Fazenda Dois Irmãos - Córrego Seixas - Fazenda Dois Irmãos;Conquista D'Oeste;Agência Nacional de Energia Elétrica - ANEEL;Hidroelétrica;Baixo;Alto;46994962;14;Verde;Verde;0,380;insuficiente;36,8;4;5;5;0;não avaliado;;R06;"A6;B2;B3;B4;B5;B6;C2;C3;C4;C5;C6;C7;D1;D2;D3;D4;D5;D6;D7;D8";Comodoro | Conquista D'Oeste | Nova Lacerda;;3;2;0.1.0-metodologica;2026-07-30T09:54:46-04:00
34226;CGH Galera Centrais Eletricas 1a - 1;Conquista D'Oeste;Agência Nacional de Energia Elétrica - ANEEL;Hidroelétrica;Baixo;Baixo;4699484;10;Verde;Verde;0,380;insuficiente;26,3;4;1;5;0;não avaliado;;R06;"A6;B2;B3;B4;B5;B6;C2;C3;C4;C5;C6;C7;D1;D2;D3;D4;D5;D6;D7;D8";Comodoro | Nova Lacerda;;2;2;0.1.0-metodologica;2026-07-30T09:54:46-04:00
34732;BARRAGEM 1;Cuiabá;MT - Secretaria de Estado do Meio Ambiente - SEMA;Paisagismo;Baixo;Médio;8965754;18;Amarelo;Verde;0,470;parcial;38,3;5;3;9;1;não;não;"R06;R10;R11";"B2;B3;B4;B5;B6;C2;C4;C5;C6;C7;D1;D2;D3;D4;D5;D6;D7";Cuiabá | Nossa Senhora do Livramento | Várzea Grande;;3;2;0.1.0-metodologica;2026-07-30T09:54:46-04:00
34733;BARRAGEM 2 SUPERIOR;Cuiabá;MT - Secretaria de Estado do Meio Ambiente - SEMA;Paisagismo;Baixo;Não Classificado;8965754;17;Amarelo;Verde;0,470;parcial;36,2;5;2;9;1;não;não;"R06;R10;R11";"B2;B3;B4;B5;B6;C2;C4;C5;C6;C7;D1;D2;D3;D4;D5;D6;D7";Cuiabá | Nossa Senhora do Livramento | Várzea Grande;;3;2;0.1.0-metodologica;2026-07-30T09:54:46-04:00
34734;BARRAGEM 3;Cuiabá;MT - Secretaria de Estado do Meio Ambiente - SEMA;Paisagismo;Baixo;Médio;8965754;18;Amarelo;Verde;0,470;parcial;38,3;5;3;9;1;não;não;"R06;R10;R11";"B2;B3;B4;B5;B6;C2;C4;C5;C6;C7;D1;D2;D3;D4;D5;D6;D7";Cuiabá | Nossa Senhora do Livramento | Várzea Grande;;3;2;0.1.0-metodologica;2026-07-30T09:54:46-04:00
36515;BARRAGEM LAGOA TREVISAN;Cuiabá;MT - Secretaria de Estado do Meio Ambiente - SEMA;Recreação;Médio;Alto;896;6;Amarelo;Verde;0,330;insuficiente;18,2;1;5;0;0;não avaliado;;"R06;R10;R11";"A6;B2;B3;B4;B5;B6;C1;C2;C3;C4;C5;C6;C7;D1;D2;D3;D4;D5;D6;D7;D8";;Alto Garças | Chapada dos Guimarães | Guiratinga | Itiquira | Jaciara | Jangada | Juscimeira | Nossa Senhora do Livramento | Pedra Preta | Poxoréu | Rondonópolis | Rosário Oeste | Santo Antônio de Leverger | São José do Povo | Várzea Grande;0;0;0.1.0-metodologica;2026-07-30T09:54:46-04:00
35000;Barragem 01 - Fazenda 3 Irmãos;Cuiabá;MT - Secretaria de Estado do Meio Ambiente - SEMA;Aquicultura;Baixo;Médio;89657542;18;Amarelo;Verde;0,470;parcial;38,3;5;3;9;1;não;não;"R06;R10;R11";"B2;B3;B4;B5;B6;C2;C4;C5;C6;C7;D1;D2;D3;D4;D5;D6;D7";Cuiabá | Nossa Senhora do Livramento | Várzea Grande;;3;2;0.1.0-metodologica;2026-07-30T09:54:46-04:00
32398;Barragem 02 – Fazenda 3 Irmãos;Cuiabá;MT - Secretaria de Estado do Meio Ambiente - SEMA;Aquicultura;Baixo;Médio;89657542;18;Amarelo;Verde;0,470;parcial;38,3;5;3;9;1;não;não;"R06;R10;R11";"B2;B3;B4;B5;B6;C2;C4;C5;C6;C7;D1;D2;D3;D4;D5;D6;D7";Cuiabá | Nossa Senhora do Livramento | Várzea Grande;;3;2;0.1.0-metodologica;2026-07-30T09:54:46-04:00
32421;Barragem 03 – Fazenda 3 Irmãos;Cuiabá;MT - Secretaria de Estado do Meio Ambiente - SEMA;Aquicultura;Médio;Médio;89657542;18;Amarelo;Verde;0,470;parcial;38,3;5;3;9;1;não;não;"R06;R10;R11";"B2;B3;B4;B5;B6;C2;C4;C5;C6;C7;D1;D2;D3;D4;D5;D6;D7";Cuiabá | Nossa Senhora do Livramento | Várzea Grande;;3;2;0.1.0-metodologica;2026-07-30T09:54:46-04:00
34731;Barragem 2  Principal;Cuiabá;MT - Secretaria de Estado do Meio Ambiente - SEMA;Paisagismo;Baixo;Médio;8965754;18;Amarelo;Verde;0,470;parcial;38,3;5;3;9;1;não;não;"R06;R10;R11";"B2;B3;B4;B5;B6;C2;C4;C5;C6;C7;D1;D2;D3;D4;D5;D6;D7";Cuiabá | Nossa Senhora do Livramento | Várzea Grande;;3;2;0.1.0-metodologica;2026-07-30T09:54:46-04:00
36689;Barragem I - Fazenda Pouso da Garça;Cuiabá;MT - Secretaria de Estado do Meio Ambiente - SEMA;Paisagismo;Baixo;Médio;89657542;18;Amarelo;Verde;0,470;parcial;38,3;5;3;9;1;não;não;"R06;R10;R11";"B2;B3;B4;B5;B6;C2;C4;C5;C6;C7;D1;D2;D3;D4;D5;D6;D7";Cuiabá | Nossa Senhora do Livramento | Várzea Grande;;3;2;0.1.0-metodologica;2026-07-30T09:54:46-04:00
36690;Barragem II - Fazenda Pouso da Garça;Cuiabá;MT - Secretaria de Estado do Meio Ambiente - SEMA;Paisagismo;Baixo;Médio;89657542;18;Amarelo;Verde;0,470;parcial;38,3;5;3;9;1;não;não;"R06;R10;R11";"B2;B3;B4;B5;B6;C2;C4;C5;C6;C7;D1;D2;D3;D4;D5;D6;D7";Cuiabá | Nossa Senhora do Livramento | Várzea Grande;;3;2;0.1.0-metodologica;2026-07-30T09:54:46-04:00
36691;Barragem III - Fazenda Pouso da Garça;Cuiabá;MT - Secretaria de Estado do Meio Ambiente - SEMA;Paisagismo;Baixo;Médio;89657542;18;Amarelo;Verde;0,470;parcial;38,3;5;3;9;1;não;não;"R06;R10;R11";"B2;B3;B4;B5;B6;C2;C4;C5;C6;C7;D1;D2;D3;D4;D5;D6;D7";Cuiabá | Nossa Senhora do Livramento | Várzea Grande;;3;2;0.1.0-metodologica;2026-07-30T09:54:46-04:00
29377;Barragem MSJ;Cuiabá;Agência Nacional de Mineração - ANM;Contenção de rejeitos de mineração;Baixo;Baixo;896562;10;Amarelo;Verde;0,520;parcial;19,2;4;4;2;0;não avaliado;;"R10;R11";"B4;B5;B6;C1;C2;C3;C4;C5;C6;C7;D1;D2;D3;D4;D5;D6;D7;D8";;;0;0;0.1.0-metodologica;2026-07-30T09:54:46-04:00
8041;Barragem T04;Cuiabá;Agência Nacional de Mineração - ANM;Contenção de rejeitos de mineração;Baixo;Médio;896564;12;Amarelo;Verde;0,520;parcial;23,1;4;6;2;0;não avaliado;;"R10;R11";"B4;B5;B6;C1;C2;C3;C4;C5;C6;C7;D1;D2;D3;D4;D5;D6;D7;D8";;;0;0;0.1.0-metodologica;2026-07-30T09:54:46-04:00
26146;Barragem TB;Cuiabá;Agência Nacional de Mineração - ANM;Contenção de rejeitos de mineração;Baixo;Baixo;8965752;21;Amarelo;Amarelo;0,620;parcial;33,9;5;4;11;1;não;não;"R10;R11";"B4;B5;B6;C2;C4;C5;C6;C7;D1;D2;D3;D4;D5;D6;D7";Cuiabá | Nossa Senhora do Livramento | Várzea Grande;;3;2;0.1.0-metodologica;2026-07-30T09:54:46-04:00
31578;Barragem Taguá;Cuiabá;MT - Secretaria de Estado do Meio Ambiente - SEMA;Dessedentação Animal;Baixo;Médio;8965754;18;Amarelo;Verde;0,470;parcial;38,3;5;3;9;1;não;não;"R06;R10;R11";"B2;B3;B4;B5;B6;C2;C4;C5;C6;C7;D1;D2;D3;D4;D5;D6;D7";Cuiabá | Nossa Senhora do Livramento | Várzea Grande;;3;2;0.1.0-metodologica;2026-07-30T09:54:46-04:00
35023;Barramento - Mineração Casa de Pedra;Cuiabá;MT - Secretaria de Estado do Meio Ambiente - SEMA;Industrial;Baixo;Médio;896564;7;Amarelo;Verde;0,370;insuficiente;18,9;4;3;0;0;não avaliado;;"R06;R10;R11";"B2;B3;B4;B5;B6;C1;C2;C3;C4;C5;C6;C7;D1;D2;D3;D4;D5;D6;D7;D8";;;0;0;0.1.0-metodologica;2026-07-30T09:54:46-04:00
33960;Barramento 1 - Mangaba Urbanismo LTDA;Cuiabá;MT - Secretaria de Estado do Meio Ambiente - SEMA;Paisagismo;Baixo;Não Classificado;8965754;17;Amarelo;Verde;0,470;parcial;36,2;5;2;9;1;não;não;"R06;R10;R11";"B2;B3;B4;B5;B6;C2;C4;C5;C6;C7;D1;D2;D3;D4;D5;D6;D7";Cuiabá | Nossa Senhora do Livramento | Várzea Grande;;3;2;0.1.0-metodologica;2026-07-30T09:54:46-04:00
36517;Barramento 2 (Montante);Cuiabá;MT - Secretaria de Estado do Meio Ambiente - SEMA;Paisagismo;Baixo;Não se Aplica;8965754;16;Amarelo;Verde;0,470;parcial;34,0;5;1;9;1;não;não;"R06;R10;R11";"B2;B3;B4;B5;B6;C2;C4;C5;C6;C7;D1;D2;D3;D4;D5;D6;D7";Cuiabá | Nossa Senhora do Livramento | Várzea Grande;;3;2;0.1.0-metodologica;2026-07-30T09:54:46-04:00
33355;Barramento 2 - Mangaba Urbanismo LTDA;Cuiabá;MT - Secretaria de Estado do Meio Ambiente - SEMA;Paisagismo;Baixo;Não Classificado;8965754;17;Amarelo;Verde;0,470;parcial;36,2;5;2;9;1;não;não;"R06;R10;R11";"B2;B3;B4;B5;B6;C2;C4;C5;C6;C7;D1;D2;D3;D4;D5;D6;D7";Cuiabá | Nossa Senhora do Livramento | Várzea Grande;;3;2;0.1.0-metodologica;2026-07-30T09:54:46-04:00
36516;Barramento 3;Cuiabá;MT - Secretaria de Estado do Meio Ambiente - SEMA;Paisagismo;Baixo;Não Classificado;8965754;17;Amarelo;Verde;0,470;parcial;36,2;5;2;9;1;não;não;"R06;R10;R11";"B2;B3;B4;B5;B6;C2;C4;C5;C6;C7;D1;D2;D3;D4;D5;D6;D7";Cuiabá | Nossa Senhora do Livramento | Várzea Grande;;3;2;0.1.0-metodologica;2026-07-30T09:54:46-04:00
35136;Barramento 4;Cuiabá;MT - Secretaria de Estado do Meio Ambiente - SEMA;Paisagismo;Baixo;Baixo;8965754;16;Amarelo;Verde;0,470;parcial;34,0;5;1;9;1;não;não;"R06;R10;R11";"B2;B3;B4;B5;B6;C2;C4;C5;C6;C7;D1;D2;D3;D4;D5;D6;D7";Cuiabá | Nossa Senhora do Livramento | Várzea Grande;;3;2;0.1.0-metodologica;2026-07-30T09:54:46-04:00
35182;Barramento 5;Cuiabá;MT - Secretaria de Estado do Meio Ambiente - SEMA;Paisagismo;Baixo;Médio;89657542;18;Amarelo;Verde;0,470;parcial;38,3;5;3;9;1;não;não;"R06;R10;R11";"B2;B3;B4;B5;B6;C2;C4;C5;C6;C7;D1;D2;D3;D4;D5;D6;D7";Cuiabá | Nossa Senhora do Livramento | Várzea Grande;;3;2;0.1.0-metodologica;2026-07-30T09:54:46-04:00
35181;Barramento 6;Cuiabá;MT - Secretaria de Estado do Meio Ambiente - SEMA;Paisagismo;Baixo;Médio;89657542;18;Amarelo;Verde;0,470;parcial;38,3;5;3;9;1;não;não;"R06;R10;R11";"B2;B3;B4;B5;B6;C2;C4;C5;C6;C7;D1;D2;D3;D4;D5;D6;D7";Cuiabá | Nossa Senhora do Livramento | Várzea Grande;;3;2;0.1.0-metodologica;2026-07-30T09:54:46-04:00
35180;Barramento 7;Cuiabá;MT - Secretaria de Estado do Meio Ambiente - SEMA;Paisagismo;Baixo;Médio;89657542;18;Amarelo;Verde;0,470;parcial;38,3;5;3;9;1;não;não;"R06;R10;R11";"B2;B3;B4;B5;B6;C2;C4;C5;C6;C7;D1;D2;D3;D4;D5;D6;D7";Cuiabá | Nossa Senhora do Livramento | Várzea Grande;;3;2;0.1.0-metodologica;2026-07-30T09:54:46-04:00
35027;Barramento ? Fazenda Jardim;Cuiabá;MT - Secretaria de Estado do Meio Ambiente - SEMA;Irrigação;Baixo;Médio;896576;18;Amarelo;Verde;0,470;parcial;38,3;5;3;9;1;não;não;"R06;R10;R11";"B2;B3;B4;B5;B6;C2;C4;C5;C6;C7;D1;D2;D3;D4;D5;D6;D7";Cuiabá | Nossa Senhora do Livramento | Várzea Grande;;3;2;0.1.0-metodologica;2026-07-30T09:54:46-04:00
20211;CASA DE PEDRA;Cuiabá;Agência Nacional de Mineração - ANM;Contenção de rejeitos de mineração;Alto;Médio;896564;10;Amarelo;Verde;0,500;parcial;20,0;4;3;2;1;não avaliado;;"R10;R11";"B3;B4;B5;B6;C1;C2;C3;C4;C5;C6;C7;D2;D3;D4;D5;D6;D7;D8";;;0;0;0.1.0-metodologica;2026-07-30T09:54:46-04:00
34834;CGH Guimarães 02 - Guimarães 2;Cuiabá;Agência Nacional de Energia Elétrica - ANEEL;Hidroelétrica;Baixo;Baixo;896548;5;Amarelo;Verde;0,370;insuficiente;13,5;4;1;0;0;não avaliado;;"R06;R10;R11";"B2;B3;B4;B5;B6;C1;C2;C3;C4;C5;C6;C7;D1;D2;D3;D4;D5;D6;D7;D8";;;0;0;0.1.0-metodologica;2026-07-30T09:54:46-04:00
19991;FAZENDA LUAR;Cuiabá;MT - Secretaria de Estado do Meio Ambiente - SEMA;Irrigação;Baixo;Alto;896568;9;Amarelo;Verde;0,370;insuficiente;24,3;4;5;0;0;não avaliado;;"R06;R10;R11";"B2;B3;B4;B5;B6;C1;C2;C3;C4;C5;C6;C7;D1;D2;D3;D4;D5;D6;D7;D8";;;0;0;0.1.0-metodologica;2026-07-30T09:54:46-04:00
20754;Fazenda 3 irmãos;Cuiabá;MT - Secretaria de Estado do Meio Ambiente - SEMA;Aquicultura;Baixo;Não se Aplica;89657542;16;Amarelo;Verde;0,470;parcial;34,0;5;1;9;1;não;não;"R06;R10;R11";"B2;B3;B4;B5;B6;C2;C4;C5;C6;C7;D1;D2;D3;D4;D5;D6;D7";Cuiabá | Nossa Senhora do Livramento | Várzea Grande;;3;2;0.1.0-metodologica;2026-07-30T09:54:46-04:00
36550;Fazenda Formosa;Cuiabá;MT - Secretaria de Estado do Meio Ambiente - SEMA;Recreação;Baixo;Médio;896568;7;Amarelo;Verde;0,370;insuficiente;18,9;4;3;0;0;não avaliado;;"R06;R10;R11";"B2;B3;B4;B5;B6;C1;C2;C3;C4;C5;C6;C7;D1;D2;D3;D4;D5;D6;D7;D8";;;0;0;0.1.0-metodologica;2026-07-30T09:54:46-04:00
26534;Fazenda KM;Cuiabá;MT - Secretaria de Estado do Meio Ambiente - SEMA;Abastecimento humano;Baixo;Alto;8965768;20;Amarelo;Amarelo;0,470;parcial;42,6;5;5;9;1;não;não;"R06;R10;R11";"B2;B3;B4;B5;B6;C2;C4;C5;C6;C7;D1;D2;D3;D4;D5;D6;D7";Cuiabá | Nossa Senhora do Livramento | Várzea Grande;;3;2;0.1.0-metodologica;2026-07-30T09:54:46-04:00
27954;Lago Recreativo Cuiabá;Cuiabá;MT - Secretaria de Estado do Meio Ambiente - SEMA;Recreação;Alto;Não Classificado;89657544;17;Amarelo;Verde;0,470;parcial;36,2;5;2;9;1;não;não;"R06;R10;R11";"B2;B3;B4;B5;B6;C2;C4;C5;C6;C7;D1;D2;D3;D4;D5;D6;D7";Cuiabá | Nossa Senhora do Livramento | Várzea Grande;;3;2;0.1.0-metodologica;2026-07-30T09:54:46-04:00
31620;Loteamento Brisas do Campo;Cuiabá;MT - Secretaria de Estado do Meio Ambiente - SEMA;Recreação;Baixo;Não Classificado;8965754;17;Amarelo;Verde;0,470;parcial;36,2;5;2;9;1;não;não;"R06;R10;R11";"B2;B3;B4;B5;B6;C2;C4;C5;C6;C7;D1;D2;D3;D4;D5;D6;D7";Cuiabá | Nossa Senhora do Livramento | Várzea Grande;;3;2;0.1.0-metodologica;2026-07-30T09:54:46-04:00
32445;Mangaba e Aterrado;Cuiabá;MT - Secretaria de Estado do Meio Ambiente - SEMA;Regularização de vazão;Baixo;Não Classificado;8965754;17;Amarelo;Verde;0,470;parcial;36,2;5;2;9;1;não;não;"R06;R10;R11";"B2;B3;B4;B5;B6;C2;C4;C5;C6;C7;D1;D2;D3;D4;D5;D6;D7";Cuiabá | Nossa Senhora do Livramento | Várzea Grande;;3;2;0.1.0-metodologica;2026-07-30T09:54:46-04:00
4594;PCH São Tadeu I - São Tadeu I;Cuiabá;Agência Nacional de Energia Elétrica - ANEEL;Hidroelétrica;Alto;Baixo;896556;9;Amarelo;Verde;0,400;parcial;22,5;5;1;0;3;não avaliado;;"R06;R10;R11";"B2;B3;B4;B5;B6;C1;C2;C3;C4;C5;C6;C7;D2;D3;D4;D5;D6;D7;D8";;;0;0;0.1.0-metodologica;2026-07-30T09:54:46-04:00
27623;PURO OURO;Cuiabá;Agência Nacional de Mineração - ANM;Contenção de rejeitos de mineração;Baixo;Médio;896564;12;Amarelo;Verde;0,520;parcial;23,1;4;6;2;0;não avaliado;;"R10;R11";"B4;B5;B6;C1;C2;C3;C4;C5;C6;C7;D1;D2;D3;D4;D5;D6;D7;D8";;;0;0;0.1.0-metodologica;2026-07-30T09:54:46-04:00
32261;Represa da Estrada;Cuiabá;MT - Secretaria de Estado do Meio Ambiente - SEMA;Aquicultura;Médio;Médio;89657542;18;Amarelo;Verde;0,470;parcial;38,3;5;3;9;1;não;não;"R06;R10;R11";"B2;B3;B4;B5;B6;C2;C4;C5;C6;C7;D1;D2;D3;D4;D5;D6;D7";Cuiabá | Nossa Senhora do Livramento | Várzea Grande;;3;2;0.1.0-metodologica;2026-07-30T09:54:46-04:00
31286;Reservatório  B1;Cuiabá;MT - Secretaria de Estado do Meio Ambiente - SEMA;Irrigação;Baixo;Baixo;896562;5;Amarelo;Verde;0,370;insuficiente;13,5;4;1;0;0;não avaliado;;"R06;R10;R11";"B2;B3;B4;B5;B6;C1;C2;C3;C4;C5;C6;C7;D1;D2;D3;D4;D5;D6;D7;D8";;;0;0;0.1.0-metodologica;2026-07-30T09:54:46-04:00
31954;SS RANCH;Cuiabá;MT - Secretaria de Estado do Meio Ambiente - SEMA;Regularização de vazão;Médio;Não se Aplica;89657544;17;Amarelo;Verde;0,600;parcial;28,3;5;1;9;2;não;não;"R10;R11";"B3;B4;B5;B6;C2;C4;C5;C6;C7;D2;D3;D4;D5;D6;D7";Cuiabá | Nossa Senhora do Livramento | Várzea Grande;;3;2;0.1.0-metodologica;2026-07-30T09:54:46-04:00
36582;Árica;Cuiabá;Agência Nacional de Mineração - ANM;Contenção de rejeitos de mineração;Baixo;Baixo;896564;10;Amarelo;Verde;0,520;parcial;19,2;4;4;2;0;não avaliado;;"R10;R11";"B4;B5;B6;C1;C2;C3;C4;C5;C6;C7;D1;D2;D3;D4;D5;D6;D7;D8";;;0;0;0.1.0-metodologica;2026-07-30T09:54:46-04:00
37360;Fazenda São Pedro do Parecis;Campo Novo do Parecis;MT - Secretaria de Estado do Meio Ambiente - SEMA;Irrigação;Baixo;Não Classificado;44948;4;Verde;Verde;0,330;insuficiente;12,1;2;2;0;0;não avaliado;;R06;"A6;B2;B3;B4;B5;B6;C1;C2;C3;C4;C5;C6;C7;D1;D2;D3;D4;D5;D6;D7;D8";;;0;0;0.1.0-metodologica;2026-07-30T09:54:46-04:00
37413;Barragem Adelcir Grigoletto;Cláudia;MT - Secretaria de Estado do Meio Ambiente - SEMA;Aquicultura;Baixo;Médio;4268;8;Verde;Verde;0,380;insuficiente;21,1;0;3;5;0;não avaliado;;R06;"A6;B2;B3;B4;B5;B6;C2;C3;C4;C5;C6;C7;D1;D2;D3;D4;D5;D6;D7;D8";Marcelândia;;1;1;0.1.0-metodologica;2026-07-30T09:54:46-04:00
36573;Barragem Comodoro;Comodoro;MT - Secretaria de Estado do Meio Ambiente - SEMA;Abastecimento humano;Baixo;Alto;469932;10;Verde;Verde;0,330;insuficiente;30,3;5;5;0;0;não avaliado;;R06;"A6;B2;B3;B4;B5;B6;C1;C2;C3;C4;C5;C6;C7;D1;D2;D3;D4;D5;D6;D7;D8";;;0;0;0.1.0-metodologica;2026-07-30T09:54:46-04:00
34993;Fazenda Brasil Central ? Barramento I;Confresa;MT - Secretaria de Estado do Meio Ambiente - SEMA;Irrigação;Baixo;Médio;42544;4;Verde;Verde;0,330;insuficiente;12,1;1;3;0;0;não avaliado;;R06;"A6;B2;B3;B4;B5;B6;C1;C2;C3;C4;C5;C6;C7;D1;D2;D3;D4;D5;D6;D7;D8";;;0;0;0.1.0-metodologica;2026-07-30T09:54:46-04:00
35003;Fazenda Brasil Central ? Barramento II;Confresa;MT - Secretaria de Estado do Meio Ambiente - SEMA;Irrigação;Baixo;Médio;42544;4;Verde;Verde;0,330;insuficiente;12,1;1;3;0;0;não avaliado;;R06;"A6;B2;B3;B4;B5;B6;C1;C2;C3;C4;C5;C6;C7;D1;D2;D3;D4;D5;D6;D7;D8";;;0;0;0.1.0-metodologica;2026-07-30T09:54:46-04:00
26131;BARRAGEM JVR;Cuiabá;Agência Nacional de Mineração - ANM;Contenção de rejeitos de mineração;Alto;Médio;8965752;21;Amarelo;Amarelo;0,600;parcial;35,0;5;3;11;2;não;não;"R10;R11";"B3;B4;B5;B6;C2;C4;C5;C6;C7;D2;D3;D4;D5;D6;D7";Cuiabá | Nossa Senhora do Livramento | Várzea Grande;;3;2;0.1.0-metodologica;2026-07-30T09:54:46-04:00
5794;BARRAGEM T02;Cuiabá;Agência Nacional de Mineração - ANM;Contenção de rejeitos de mineração;Médio;Médio;896564;13;Amarelo;Verde;0,550;parcial;23,6;4;6;2;1;não avaliado;;"R10;R11";"B4;B5;B6;C1;C2;C3;C4;C5;C6;C7;D2;D3;D4;D5;D6;D7;D8";;;0;0;0.1.0-metodologica;2026-07-30T09:54:46-04:00
26138;Barragem Serrinha;Cuiabá;Agência Nacional de Mineração - ANM;Contenção de rejeitos de mineração;Baixo;Médio;896572;24;Amarelo;Amarelo;0,650;parcial;36,9;5;6;11;2;não;não;"R10;R11";"B4;B5;B6;C2;C4;C5;C6;C7;D2;D3;D4;D5;D6;D7";Nossa Senhora do Livramento | Várzea Grande;;2;2;0.1.0-metodologica;2026-07-30T09:54:46-04:00
31618;Barragem Fazenda Morada do Sol;Cáceres;MT - Secretaria de Estado do Meio Ambiente - SEMA;Dessedentação Animal;Baixo;Médio;899412;7;Verde;Verde;0,330;insuficiente;21,2;4;3;0;0;não avaliado;;R06;"A6;B2;B3;B4;B5;B6;C1;C2;C3;C4;C5;C6;C7;D1;D2;D3;D4;D5;D6;D7;D8";;;0;0;0.1.0-metodologica;2026-07-30T09:54:46-04:00
21007;Estância Santa Mônica;Cáceres;Agência Nacional de Águas e Saneamento Básico - ANA;Irrigação;Não Classificado;Não Classificado;8986452;11;Verde;Verde;0,380;insuficiente;28,9;4;2;5;0;não avaliado;;R06;"A6;B2;B3;B4;B5;B6;C2;C3;C4;C5;C6;C7;D1;D2;D3;D4;D5;D6;D7;D8";Cáceres;;1;0;0.1.0-metodologica;2026-07-30T09:54:46-04:00
21010;Fazenda Bom Pastor;Cáceres;Agência Nacional de Águas e Saneamento Básico - ANA;Irrigação;Não Classificado;Não Classificado;8986452;11;Verde;Verde;0,380;insuficiente;28,9;4;2;5;0;não avaliado;;R06;"A6;B2;B3;B4;B5;B6;C2;C3;C4;C5;C6;C7;D1;D2;D3;D4;D5;D6;D7;D8";Cáceres;;1;0;0.1.0-metodologica;2026-07-30T09:54:46-04:00
21003;Gleba Barranqueira XIII;Cáceres;Agência Nacional de Águas e Saneamento Básico - ANA;Irrigação;Não Classificado;Não Classificado;898644;6;Verde;Verde;0,330;insuficiente;18,2;4;2;0;0;não avaliado;;R06;"A6;B2;B3;B4;B5;B6;C1;C2;C3;C4;C5;C6;C7;D1;D2;D3;D4;D5;D6;D7;D8";;;0;0;0.1.0-metodologica;2026-07-30T09:54:46-04:00
21004;Gleba Barranqueira XIII;Cáceres;Agência Nacional de Águas e Saneamento Básico - ANA;Irrigação;Não Classificado;Não Classificado;898644;6;Verde;Verde;0,330;insuficiente;18,2;4;2;0;0;não avaliado;;R06;"A6;B2;B3;B4;B5;B6;C1;C2;C3;C4;C5;C6;C7;D1;D2;D3;D4;D5;D6;D7;D8";;;0;0;0.1.0-metodologica;2026-07-30T09:54:46-04:00
21005;Gleba Barranqueira XIII;Cáceres;Agência Nacional de Águas e Saneamento Básico - ANA;Irrigação;Não Classificado;Não Classificado;898644;6;Verde;Verde;0,330;insuficiente;18,2;4;2;0;0;não avaliado;;R06;"A6;B2;B3;B4;B5;B6;C1;C2;C3;C4;C5;C6;C7;D1;D2;D3;D4;D5;D6;D7;D8";;;0;0;0.1.0-metodologica;2026-07-30T09:54:46-04:00
36555;Barragem I ? Fazenda Machado I;Denise;MT - Secretaria de Estado do Meio Ambiente - SEMA;Recreação;Baixo;Médio;899946;11;Verde;Verde;0,380;insuficiente;28,9;3;3;5;0;não avaliado;;R06;"A6;B2;B3;B4;B5;B6;C2;C3;C4;C5;C6;C7;D1;D2;D3;D4;D5;D6;D7;D8";Barra do Bugres;;1;1;0.1.0-metodologica;2026-07-30T09:54:46-04:00
30902;Barramento 4 - Fazenda Guanabara – Gleba A;Denise;MT - Secretaria de Estado do Meio Ambiente - SEMA;Irrigação;Baixo;Médio;899944;11;Verde;Verde;0,480;parcial;22,9;3;3;5;0;não avaliado;;;"A6;B3;B4;B5;B6;C2;C3;C4;C5;C6;C7;D1;D2;D3;D4;D5;D6;D7;D8";Barra do Bugres;;1;1;0.1.0-metodologica;2026-07-30T09:54:46-04:00
30947;Barramento 8 - Fazenda Guanabara – Gleba A;Denise;MT - Secretaria de Estado do Meio Ambiente - SEMA;Irrigação;Não Classificado;Não Classificado;8999444;10;Verde;Verde;0,380;insuficiente;26,3;3;2;5;0;não avaliado;;R06;"A6;B2;B3;B4;B5;B6;C2;C3;C4;C5;C6;C7;D1;D2;D3;D4;D5;D6;D7;D8";Barra do Bugres;;1;1;0.1.0-metodologica;2026-07-30T09:54:46-04:00
36622;Barramento I ? Fazenda Froes;Denise;MT - Secretaria de Estado do Meio Ambiente - SEMA;Irrigação;Baixo;Alto;8999492;13;Verde;Verde;0,380;insuficiente;34,2;3;5;5;0;não avaliado;;R06;"A6;B2;B3;B4;B5;B6;C2;C3;C4;C5;C6;C7;D1;D2;D3;D4;D5;D6;D7;D8";Arenápolis | Barra do Bugres;;2;2;0.1.0-metodologica;2026-07-30T09:54:46-04:00
36642;Barramento III ? Fazenda Froes;Denise;MT - Secretaria de Estado do Meio Ambiente - SEMA;Irrigação;Baixo;Médio;8999492;11;Verde;Verde;0,380;insuficiente;28,9;3;3;5;0;não avaliado;;R06;"A6;B2;B3;B4;B5;B6;C2;C3;C4;C5;C6;C7;D1;D2;D3;D4;D5;D6;D7;D8";Arenápolis | Barra do Bugres;;2;2;0.1.0-metodologica;2026-07-30T09:54:46-04:00
26670;Buriti;Denise;MT - Secretaria de Estado do Meio Ambiente - SEMA;Irrigação;Baixo;Baixo;8999424;9;Verde;Verde;0,380;insuficiente;23,7;3;1;5;0;não avaliado;;R06;"A6;B2;B3;B4;B5;B6;C2;C3;C4;C5;C6;C7;D1;D2;D3;D4;D5;D6;D7;D8";Barra do Bugres;;1;1;0.1.0-metodologica;2026-07-30T09:54:46-04:00
36624;Fazenda Froes? Barramento 2;Denise;MT - Secretaria de Estado do Meio Ambiente - SEMA;Irrigação;Baixo;Alto;89994922;13;Verde;Verde;0,380;insuficiente;34,2;3;5;5;0;não avaliado;;R06;"A6;B2;B3;B4;B5;B6;C2;C3;C4;C5;C6;C7;D1;D2;D3;D4;D5;D6;D7;D8";Barra do Bugres | Denise;;2;1;0.1.0-metodologica;2026-07-30T09:54:46-04:00
31556;Fazenda Selva de Pedra;Denise;MT - Secretaria de Estado do Meio Ambiente - SEMA;Irrigação;Baixo;Médio;8999472;11;Verde;Verde;0,380;insuficiente;28,9;3;3;5;0;não avaliado;;R06;"A6;B2;B3;B4;B5;B6;C2;C3;C4;C5;C6;C7;D1;D2;D3;D4;D5;D6;D7;D8";Barra do Bugres;;1;1;0.1.0-metodologica;2026-07-30T09:54:46-04:00
27780;Palmital Grande;Denise;MT - Secretaria de Estado do Meio Ambiente - SEMA;Irrigação;Baixo;Médio;899946;11;Verde;Verde;0,380;insuficiente;28,9;3;3;5;0;não avaliado;;R06;"A6;B2;B3;B4;B5;B6;C2;C3;C4;C5;C6;C7;D1;D2;D3;D4;D5;D6;D7;D8";Barra do Bugres;;1;1;0.1.0-metodologica;2026-07-30T09:54:46-04:00
34184;CGH Agromar - BARRAMENTO 1;Diamantino;Agência Nacional de Energia Elétrica - ANEEL;Hidroelétrica;Baixo;Baixo;44694;7;Verde;Verde;0,380;insuficiente;18,4;1;1;5;0;não avaliado;;R06;"A6;B2;B3;B4;B5;B6;C2;C3;C4;C5;C6;C7;D1;D2;D3;D4;D5;D6;D7;D8";Juara | Novo Horizonte do Norte | Porto dos Gaúchos | São José do Rio Claro;;4;4;0.1.0-metodologica;2026-07-30T09:54:46-04:00
20619;PCH Alto Paraguai (Pedro Pedrossian) - Alto Paraguai;Diamantino;Agência Nacional de Energia Elétrica - ANEEL;Hidroelétrica;Baixo;Médio;899992;9;Verde;Verde;0,380;insuficiente;23,7;1;3;5;0;não avaliado;;R06;"A6;B2;B3;B4;B5;B6;C2;C3;C4;C5;C6;C7;D1;D2;D3;D4;D5;D6;D7;D8";Barra do Bugres | Diamantino;;2;1;0.1.0-metodologica;2026-07-30T09:54:46-04:00
35212;Fazenda Vitória ? Reservatório Pulmão;Dom Aquino;MT - Secretaria de Estado do Meio Ambiente - SEMA;Irrigação;Baixo;Baixo;689912;7;Verde;Verde;0,380;insuficiente;18,4;1;1;5;0;não avaliado;;R06;"A6;B2;B3;B4;B5;B6;C2;C3;C4;C5;C6;C7;D1;D2;D3;D4;D5;D6;D7;D8";Dom Aquino;;1;0;0.1.0-metodologica;2026-07-30T09:54:46-04:00
8094;Piscicultura Arco Iris;Dom Aquino;MT - Secretaria de Estado do Meio Ambiente - SEMA;Aquicultura;Baixo;Não se Aplica;6896;2;Verde;Verde;0,330;insuficiente;6,1;1;1;0;0;não avaliado;;R06;"A6;B2;B3;B4;B5;B6;C1;C2;C3;C4;C5;C6;C7;D1;D2;D3;D4;D5;D6;D7;D8";;;0;0;0.1.0-metodologica;2026-07-30T09:54:46-04:00
34545;Barramento - Fazenda Fiorese I;Feliz Natal;MT - Secretaria de Estado do Meio Ambiente - SEMA;Irrigação;Baixo;Alto;42858;5;Verde;Verde;0,330;insuficiente;15,2;0;5;0;0;não avaliado;;R06;"A6;B2;B3;B4;B5;B6;C1;C2;C3;C4;C5;C6;C7;D1;D2;D3;D4;D5;D6;D7;D8";;;0;0;0.1.0-metodologica;2026-07-30T09:54:46-04:00
34554;Barramento II - Fazenda Fiorese I;Feliz Natal;MT - Secretaria de Estado do Meio Ambiente - SEMA;Irrigação;Baixo;Alto;42858;5;Verde;Verde;0,330;insuficiente;15,2;0;5;0;0;não avaliado;;R06;"A6;B2;B3;B4;B5;B6;C1;C2;C3;C4;C5;C6;C7;D1;D2;D3;D4;D5;D6;D7;D8";;;0;0;0.1.0-metodologica;2026-07-30T09:54:46-04:00
8066;Faz. Jatobá;Feliz Natal;MT - Secretaria de Estado do Meio Ambiente - SEMA;Irrigação;Baixo;Médio;42866;8;Verde;Verde;0,380;insuficiente;21,1;0;3;5;0;não avaliado;;R06;"A6;B2;B3;B4;B5;B6;C2;C3;C4;C5;C6;C7;D1;D2;D3;D4;D5;D6;D7;D8";Feliz Natal;;1;0;0.1.0-metodologica;2026-07-30T09:54:46-04:00
20085;Faz. Lote 69-A;Feliz Natal;MT - Secretaria de Estado do Meio Ambiente - SEMA;Irrigação;Baixo;Não Classificado;42866;7;Verde;Verde;0,380;insuficiente;18,4;0;2;5;0;não avaliado;;R06;"A6;B2;B3;B4;B5;B6;C2;C3;C4;C5;C6;C7;D1;D2;D3;D4;D5;D6;D7;D8";Feliz Natal;;1;0;0.1.0-metodologica;2026-07-30T09:54:46-04:00
36628;Fazenda Dona Rosália;Feliz Natal;MT - Secretaria de Estado do Meio Ambiente - SEMA;Recreação;Baixo;Não Classificado;428586;7;Verde;Verde;0,380;insuficiente;18,4;0;2;5;0;não avaliado;;R06;"A6;B2;B3;B4;B5;B6;C2;C3;C4;C5;C6;C7;D1;D2;D3;D4;D5;D6;D7;D8";Feliz Natal;;1;0;0.1.0-metodologica;2026-07-30T09:54:46-04:00
8071;Fazenda Nossa Senhora de Caacupê;Feliz Natal;MT - Secretaria de Estado do Meio Ambiente - SEMA;Irrigação;Baixo;Alto;4262;5;Verde;Verde;0,330;insuficiente;15,2;0;5;0;0;não avaliado;;R06;"A6;B2;B3;B4;B5;B6;C1;C2;C3;C4;C5;C6;C7;D1;D2;D3;D4;D5;D6;D7;D8";;;0;0;0.1.0-metodologica;2026-07-30T09:54:46-04:00
35489;Barragem Bom Jesus do Kuluene;Gaúcha do Norte;MT - Secretaria de Estado do Meio Ambiente - SEMA;Paisagismo;Baixo;Não se Aplica;42976;1;Verde;Verde;0,330;insuficiente;3,0;0;1;0;0;não avaliado;;R06;"A6;B2;B3;B4;B5;B6;C1;C2;C3;C4;C5;C6;C7;D1;D2;D3;D4;D5;D6;D7;D8";;;0;0;0.1.0-metodologica;2026-07-30T09:54:46-04:00
35084;Barragem Terra Nova;Gaúcha do Norte;MT - Secretaria de Estado do Meio Ambiente - SEMA;Irrigação;Baixo;Médio;429228;3;Verde;Verde;0,330;insuficiente;9,1;0;3;0;0;não avaliado;;R06;"A6;B2;B3;B4;B5;B6;C1;C2;C3;C4;C5;C6;C7;D1;D2;D3;D4;D5;D6;D7;D8";;;0;0;0.1.0-metodologica;2026-07-30T09:54:46-04:00
36409;Barramento I;Gaúcha do Norte;MT - Secretaria de Estado do Meio Ambiente - SEMA;Recreação;Baixo;Médio;42952;3;Verde;Verde;0,330;insuficiente;9,1;0;3;0;0;não avaliado;;R06;"A6;B2;B3;B4;B5;B6;C1;C2;C3;C4;C5;C6;C7;D1;D2;D3;D4;D5;D6;D7;D8";;;0;0;0.1.0-metodologica;2026-07-30T09:54:46-04:00
20113;Faz. Amanhecer II;Gaúcha do Norte;MT - Secretaria de Estado do Meio Ambiente - SEMA;Irrigação;Baixo;Não Classificado;42922;2;Verde;Verde;0,330;insuficiente;6,1;0;2;0;0;não avaliado;;R06;"A6;B2;B3;B4;B5;B6;C1;C2;C3;C4;C5;C6;C7;D1;D2;D3;D4;D5;D6;D7;D8";;;0;0;0.1.0-metodologica;2026-07-30T09:54:46-04:00
32377;Fazenda Sant’Ana de Vargem Grande – Barramento 1 (Principal);Gaúcha do Norte;MT - Secretaria de Estado do Meio Ambiente - SEMA;Irrigação;Baixo;Médio;4292632;8;Verde;Verde;0,380;insuficiente;21,1;0;3;5;0;não avaliado;;R06;"A6;B2;B3;B4;B5;B6;C2;C3;C4;C5;C6;C7;D1;D2;D3;D4;D5;D6;D7;D8";Gaúcha do Norte;;1;0;0.1.0-metodologica;2026-07-30T09:54:46-04:00
35197;Barramento III - Fazenda Cruzeiro ? Montante II;General Carneiro;MT - Secretaria de Estado do Meio Ambiente - SEMA;Paisagismo;Baixo;Médio;687382;9;Verde;Verde;0,380;insuficiente;23,7;1;3;5;0;não avaliado;;R06;"A6;B2;B3;B4;B5;B6;C2;C3;C4;C5;C6;C7;D1;D2;D3;D4;D5;D6;D7;D8";General Carneiro | Novo São Joaquim;;2;1;0.1.0-metodologica;2026-07-30T09:54:46-04:00
35195;Fazenda Cruzeiro I - Barramento (principal);General Carneiro;MT - Secretaria de Estado do Meio Ambiente - SEMA;Paisagismo;Baixo;Médio;687382;9;Verde;Verde;0,380;insuficiente;23,7;1;3;5;0;não avaliado;;R06;"A6;B2;B3;B4;B5;B6;C2;C3;C4;C5;C6;C7;D1;D2;D3;D4;D5;D6;D7;D8";General Carneiro | Novo São Joaquim;;2;1;0.1.0-metodologica;2026-07-30T09:54:46-04:00
35196;Fazenda Cruzeiro I - Barramento II - Montante I;General Carneiro;MT - Secretaria de Estado do Meio Ambiente - SEMA;Paisagismo;Baixo;Médio;687382;9;Verde;Verde;0,380;insuficiente;23,7;1;3;5;0;não avaliado;;R06;"A6;B2;B3;B4;B5;B6;C2;C3;C4;C5;C6;C7;D1;D2;D3;D4;D5;D6;D7;D8";General Carneiro | Novo São Joaquim;;2;1;0.1.0-metodologica;2026-07-30T09:54:46-04:00
23769;Massa d'Água #227046;General Carneiro;Agência Nacional de Águas e Saneamento Básico - ANA;Irrigação;Não Classificado;Não Classificado;698298;7;Verde;Verde;0,380;insuficiente;18,4;0;2;5;0;não avaliado;;R06;"A6;B2;B3;B4;B5;B6;C2;C3;C4;C5;C6;C7;D1;D2;D3;D4;D5;D6;D7;D8";Pontal do Araguaia;;1;1;0.1.0-metodologica;2026-07-30T09:54:46-04:00
22263;Massa d'Água #70232;General Carneiro;Agência Nacional de Águas e Saneamento Básico - ANA;Irrigação;Não Classificado;Não Classificado;698298;7;Verde;Verde;0,380;insuficiente;18,4;0;2;5;0;não avaliado;;R06;"A6;B2;B3;B4;B5;B6;C2;C3;C4;C5;C6;C7;D1;D2;D3;D4;D5;D6;D7;D8";Pontal do Araguaia;;1;1;0.1.0-metodologica;2026-07-30T09:54:46-04:00
22397;T.I Sangradouro;General Carneiro;Agência Nacional de Águas e Saneamento Básico - ANA;Irrigação;Não Classificado;Não Classificado;687472;8;Verde;Verde;0,380;insuficiente;21,1;1;2;5;0;não avaliado;;R06;"A6;B2;B3;B4;B5;B6;C2;C3;C4;C5;C6;C7;D1;D2;D3;D4;D5;D6;D7;D8";General Carneiro | Novo São Joaquim;;2;1;0.1.0-metodologica;2026-07-30T09:54:46-04:00
35155;BARRAMENTO I;Guarantã do Norte;MT - Secretaria de Estado do Meio Ambiente - SEMA;Dessedentação Animal;Baixo;Médio;4228962;8;Verde;Verde;0,380;insuficiente;21,1;0;3;5;0;não avaliado;;R06;"A6;B2;B3;B4;B5;B6;C2;C3;C4;C5;C6;C7;D1;D2;D3;D4;D5;D6;D7;D8";Guarantã do Norte;;1;0;0.1.0-metodologica;2026-07-30T09:54:46-04:00
21011;Fazenda Bela Vista;Guarantã do Norte;Agência Nacional de Águas e Saneamento Básico - ANA;Irrigação;Não Classificado;Não Classificado;4228994;2;Verde;Verde;0,330;insuficiente;6,1;0;2;0;0;não avaliado;;R06;"A6;B2;B3;B4;B5;B6;C1;C2;C3;C4;C5;C6;C7;D1;D2;D3;D4;D5;D6;D7;D8";;;0;0;0.1.0-metodologica;2026-07-30T09:54:46-04:00
21008;Fazenda Iriri;Guarantã do Norte;Agência Nacional de Águas e Saneamento Básico - ANA;Irrigação;Não Classificado;Não Classificado;4228994;2;Verde;Verde;0,330;insuficiente;6,1;0;2;0;0;não avaliado;;R06;"A6;B2;B3;B4;B5;B6;C1;C2;C3;C4;C5;C6;C7;D1;D2;D3;D4;D5;D6;D7;D8";;;0;0;0.1.0-metodologica;2026-07-30T09:54:46-04:00
4679;PCH Braço Norte - Braço Norte;Guarantã do Norte;Agência Nacional de Energia Elétrica - ANEEL;Hidroelétrica;Baixo;Médio;44464;8;Verde;Verde;0,380;insuficiente;21,1;0;3;5;0;não avaliado;;R06;"A6;B2;B3;B4;B5;B6;C2;C3;C4;C5;C6;C7;D1;D2;D3;D4;D5;D6;D7;D8";Alta Floresta | Carlinda | Terra Nova do Norte;;3;3;0.1.0-metodologica;2026-07-30T09:54:46-04:00
4843;PCH Braço Norte II - Barragem da Usina Braço Norte II;Guarantã do Norte;Agência Nacional de Energia Elétrica - ANEEL;Hidroelétrica;Médio;Baixo;44464;7;Verde;Verde;0,410;parcial;17,1;0;1;5;1;não avaliado;;R06;"A6;B2;B3;B4;B5;B6;C2;C3;C4;C5;C6;C7;D2;D3;D4;D5;D6;D7;D8";Alta Floresta | Carlinda | Terra Nova do Norte;;3;3;0.1.0-metodologica;2026-07-30T09:54:46-04:00
35614;PCH Braço Sul - Braço Sul;Guarantã do Norte;Agência Nacional de Energia Elétrica - ANEEL;Hidroelétrica;Baixo;Baixo;444644;6;Verde;Verde;0,380;insuficiente;15,8;0;1;5;0;não avaliado;;R06;"A6;B2;B3;B4;B5;B6;C2;C3;C4;C5;C6;C7;D1;D2;D3;D4;D5;D6;D7;D8";Alta Floresta | Carlinda | Terra Nova do Norte;;3;3;0.1.0-metodologica;2026-07-30T09:54:46-04:00
30913;Barragem Fazenda Adriana;Guiratinga;MT - Secretaria de Estado do Meio Ambiente - SEMA;Aquicultura;Médio;Médio;8964878;8;Verde;Verde;0,380;insuficiente;21,1;0;3;5;0;não avaliado;;R06;"A6;B2;B3;B4;B5;B6;C2;C3;C4;C5;C6;C7;D1;D2;D3;D4;D5;D6;D7;D8";Alto Garças | Guiratinga;;2;1;0.1.0-metodologica;2026-07-30T09:54:46-04:00
36574;Barramento Rancho Grande;Indiavaí;MT - Secretaria de Estado do Meio Ambiente - SEMA;Dessedentação Animal;Baixo;Médio;899496;10;Verde;Verde;0,380;insuficiente;26,3;3;3;4;0;não avaliado;;R06;"A6;B2;B3;B4;B5;B6;C2;C3;C4;C5;C6;C7;D1;D2;D3;D4;D5;D6;D7;D8";Indiavaí;;1;0;0.1.0-metodologica;2026-07-30T09:54:46-04:00
4955;PCH Figueirópolis - Figueirópolis;Indiavaí;Agência Nacional de Energia Elétrica - ANEEL;Hidroelétrica;Alto;Baixo;8994;11;Verde;Verde;0,410;parcial;26,8;4;1;5;1;não avaliado;;R06;"A6;B2;B3;B4;B5;B6;C2;C3;C4;C5;C6;C7;D2;D3;D4;D5;D6;D7;D8";Araputanga | Jauru;Mirassol d'Oeste | São José dos Quatro Marcos;2;2;0.1.0-metodologica;2026-07-30T09:54:46-04:00
4487;PCH Salto - Salto;Indiavaí;Agência Nacional de Energia Elétrica - ANEEL;Hidroelétrica;Médio;Baixo;8994;11;Verde;Verde;0,410;parcial;26,8;4;1;5;1;não avaliado;;R06;"A6;B2;B3;B4;B5;B6;C2;C3;C4;C5;C6;C7;D2;D3;D4;D5;D6;D7;D8";Araputanga | Jauru;Mirassol d'Oeste | São José dos Quatro Marcos;2;2;0.1.0-metodologica;2026-07-30T09:54:46-04:00
28709;Barragem 1;Ipiranga do Norte;MT - Secretaria de Estado do Meio Ambiente - SEMA;Irrigação;Baixo;Baixo;4448144;8;Amarelo;Verde;0,420;parcial;19,0;2;1;5;0;não avaliado;;"R06;R10;R11";"B2;B3;B4;B5;B6;C2;C3;C4;C5;C6;C7;D1;D2;D3;D4;D5;D6;D7;D8";Alta Floresta | Carlinda | Itaúba | Nova Canaã do Norte | Sinop;;5;5;0.1.0-metodologica;2026-07-30T09:54:46-04:00
28620;Barramento II - Fazenda Cascata;Ipiranga do Norte;MT - Secretaria de Estado do Meio Ambiente - SEMA;Irrigação;Médio;Alto;4447996;12;Amarelo;Verde;0,420;parcial;28,6;2;5;5;0;não avaliado;;"R06;R10;R11";"B2;B3;B4;B5;B6;C2;C3;C4;C5;C6;C7;D1;D2;D3;D4;D5;D6;D7;D8";Alta Floresta | Carlinda | Nova Canaã do Norte;;3;3;0.1.0-metodologica;2026-07-30T09:54:46-04:00
20036;FAZENDA RINCÃO FLORIDO;Ipiranga do Norte;MT - Secretaria de Estado do Meio Ambiente - SEMA;Irrigação;Não Classificado;Não Classificado;44482;8;Verde;Verde;0,380;insuficiente;21,1;1;2;5;0;não avaliado;;R06;"A6;B2;B3;B4;B5;B6;C2;C3;C4;C5;C6;C7;D1;D2;D3;D4;D5;D6;D7;D8";Alta Floresta | Carlinda | Itaúba | Nova Canaã do Norte | Sinop;;5;5;0.1.0-metodologica;2026-07-30T09:54:46-04:00
8022;Faz. Bogorni;Ipiranga do Norte;MT - Secretaria de Estado do Meio Ambiente - SEMA;Irrigação;Baixo;Não se Aplica;4448282;7;Verde;Verde;0,380;insuficiente;18,4;1;1;5;0;não avaliado;;R06;"A6;B2;B3;B4;B5;B6;C2;C3;C4;C5;C6;C7;D1;D2;D3;D4;D5;D6;D7;D8";Alta Floresta | Carlinda | Itaúba | Nova Canaã do Norte | Sinop;;5;5;0.1.0-metodologica;2026-07-30T09:54:46-04:00
388;Fazenda Cabeceira;Ipiranga do Norte;MT - Secretaria de Estado do Meio Ambiente - SEMA;Irrigação;Baixo;Médio;4448242;9;Verde;Verde;0,380;insuficiente;23,7;1;3;5;0;não avaliado;;R06;"A6;B2;B3;B4;B5;B6;C2;C3;C4;C5;C6;C7;D1;D2;D3;D4;D5;D6;D7;D8";Alta Floresta | Carlinda | Itaúba | Nova Canaã do Norte | Sinop;;5;5;0.1.0-metodologica;2026-07-30T09:54:46-04:00
32064;Fazenda Cafundó - Barramento I;Ipiranga do Norte;MT - Secretaria de Estado do Meio Ambiente - SEMA;Irrigação;Baixo;Médio;444814;10;Amarelo;Verde;0,420;parcial;23,8;2;3;5;0;não avaliado;;"R06;R10;R11";"B2;B3;B4;B5;B6;C2;C3;C4;C5;C6;C7;D1;D2;D3;D4;D5;D6;D7;D8";Alta Floresta | Carlinda | Itaúba | Nova Canaã do Norte | Sinop;;5;5;0.1.0-metodologica;2026-07-30T09:54:46-04:00
20126;Fazenda Duas Nascentes;Ipiranga do Norte;MT - Secretaria de Estado do Meio Ambiente - SEMA;Irrigação;Baixo;Não Classificado;44483152;9;Amarelo;Verde;0,420;parcial;21,4;2;2;5;0;não avaliado;;"R06;R10;R11";"B2;B3;B4;B5;B6;C2;C3;C4;C5;C6;C7;D1;D2;D3;D4;D5;D6;D7;D8";Alta Floresta | Carlinda | Ipiranga do Norte | Itaúba | Nova Canaã do Norte | Sinop;;6;5;0.1.0-metodologica;2026-07-30T09:54:46-04:00
27283;Fazenda Santa Regina;Ipiranga do Norte;MT - Secretaria de Estado do Meio Ambiente - SEMA;Irrigação;Baixo;Baixo;44482;7;Verde;Verde;0,380;insuficiente;18,4;1;1;5;0;não avaliado;;R06;"A6;B2;B3;B4;B5;B6;C2;C3;C4;C5;C6;C7;D1;D2;D3;D4;D5;D6;D7;D8";Alta Floresta | Carlinda | Itaúba | Nova Canaã do Norte | Sinop;;5;5;0.1.0-metodologica;2026-07-30T09:54:46-04:00
27906;Fazenda São Marcos A;Ipiranga do Norte;MT - Secretaria de Estado do Meio Ambiente - SEMA;Irrigação;Baixo;Médio;444826;9;Verde;Verde;0,380;insuficiente;23,7;1;3;5;0;não avaliado;;R06;"A6;B2;B3;B4;B5;B6;C2;C3;C4;C5;C6;C7;D1;D2;D3;D4;D5;D6;D7;D8";Alta Floresta | Carlinda | Itaúba | Nova Canaã do Norte | Sinop;;5;5;0.1.0-metodologica;2026-07-30T09:54:46-04:00
5608;Fazenda São Miguel;Ipiranga do Norte;MT - Secretaria de Estado do Meio Ambiente - SEMA;Irrigação;Baixo;Baixo;4448272;7;Verde;Verde;0,380;insuficiente;18,4;1;1;5;0;não avaliado;;R06;"A6;B2;B3;B4;B5;B6;C2;C3;C4;C5;C6;C7;D1;D2;D3;D4;D5;D6;D7;D8";Alta Floresta | Carlinda | Itaúba | Nova Canaã do Norte | Sinop;;5;5;0.1.0-metodologica;2026-07-30T09:54:46-04:00
36652;Fazenda São Miguel ? Barramento 02;Ipiranga do Norte;MT - Secretaria de Estado do Meio Ambiente - SEMA;Irrigação;Baixo;Alto;4448272;11;Verde;Verde;0,380;insuficiente;28,9;1;5;5;0;não avaliado;;R06;"A6;B2;B3;B4;B5;B6;C2;C3;C4;C5;C6;C7;D1;D2;D3;D4;D5;D6;D7;D8";Alta Floresta | Carlinda | Itaúba | Nova Canaã do Norte | Sinop;;5;5;0.1.0-metodologica;2026-07-30T09:54:46-04:00
35702;Fazenda Tupi;Ipiranga do Norte;MT - Secretaria de Estado do Meio Ambiente - SEMA;Irrigação;Baixo;Médio;4448272;9;Verde;Verde;0,380;insuficiente;23,7;1;3;5;0;não avaliado;;R06;"A6;B2;B3;B4;B5;B6;C2;C3;C4;C5;C6;C7;D1;D2;D3;D4;D5;D6;D7;D8";Alta Floresta | Carlinda | Itaúba | Nova Canaã do Norte | Sinop;;5;5;0.1.0-metodologica;2026-07-30T09:54:46-04:00
35703;Fazenda Tupi;Ipiranga do Norte;MT - Secretaria de Estado do Meio Ambiente - SEMA;Irrigação;Baixo;Médio;4448272;9;Verde;Verde;0,380;insuficiente;23,7;1;3;5;0;não avaliado;;R06;"A6;B2;B3;B4;B5;B6;C2;C3;C4;C5;C6;C7;D1;D2;D3;D4;D5;D6;D7;D8";Alta Floresta | Carlinda | Itaúba | Nova Canaã do Norte | Sinop;;5;5;0.1.0-metodologica;2026-07-30T09:54:46-04:00
5622;Fazenda Tupi Barão;Ipiranga do Norte;MT - Secretaria de Estado do Meio Ambiente - SEMA;Irrigação;Não Classificado;Não Classificado;4448272;8;Verde;Verde;0,380;insuficiente;21,1;1;2;5;0;não avaliado;;R06;"A6;B2;B3;B4;B5;B6;C2;C3;C4;C5;C6;C7;D1;D2;D3;D4;D5;D6;D7;D8";Alta Floresta | Carlinda | Itaúba | Nova Canaã do Norte | Sinop;;5;5;0.1.0-metodologica;2026-07-30T09:54:46-04:00
30900;Lagemann;Ipiranga do Norte;MT - Secretaria de Estado do Meio Ambiente - SEMA;Irrigação;Baixo;Médio;44483152;10;Amarelo;Verde;0,420;parcial;23,8;2;3;5;0;não avaliado;;"R06;R10;R11";"B2;B3;B4;B5;B6;C2;C3;C4;C5;C6;C7;D1;D2;D3;D4;D5;D6;D7;D8";Alta Floresta | Carlinda | Ipiranga do Norte | Itaúba | Nova Canaã do Norte | Sinop;;6;5;0.1.0-metodologica;2026-07-30T09:54:46-04:00
34135;CGH ITAUBÁ - USINA;Itaúba;Agência Nacional de Energia Elétrica - ANEEL;Hidroelétrica;Baixo;Baixo;444762;8;Amarelo;Verde;0,420;parcial;19,0;2;1;5;0;não avaliado;;"R06;R10;R11";"B2;B3;B4;B5;B6;C2;C3;C4;C5;C6;C7;D1;D2;D3;D4;D5;D6;D7;D8";Alta Floresta | Carlinda | Itaúba | Nova Canaã do Norte;;4;3;0.1.0-metodologica;2026-07-30T09:54:46-04:00
20137;Fazenda Arara Azul;Itaúba;MT - Secretaria de Estado do Meio Ambiente - SEMA;Aquicultura;Baixo;Não Classificado;444778;9;Amarelo;Verde;0,420;parcial;21,4;2;2;5;0;não avaliado;;"R06;R10;R11";"B2;B3;B4;B5;B6;C2;C3;C4;C5;C6;C7;D1;D2;D3;D4;D5;D6;D7;D8";Alta Floresta | Carlinda | Nova Canaã do Norte;;3;3;0.1.0-metodologica;2026-07-30T09:54:46-04:00
8106;Assentamento Tio Elias;Itiquira;MT - Secretaria de Estado do Meio Ambiente - SEMA;Abastecimento humano;Baixo;Não se Aplica;89626;3;Verde;Verde;0,330;insuficiente;9,1;2;1;0;0;não avaliado;;R06;"A6;B2;B3;B4;B5;B6;C1;C2;C3;C4;C5;C6;C7;D1;D2;D3;D4;D5;D6;D7;D8";;;0;0;0.1.0-metodologica;2026-07-30T09:54:46-04:00
35629;BARRAGEM SM3;Itiquira;MT - Secretaria de Estado do Meio Ambiente - SEMA;Aquicultura;Baixo;Médio;8962682;5;Verde;Verde;0,330;insuficiente;15,2;2;3;0;0;não avaliado;;R06;"A6;B2;B3;B4;B5;B6;C1;C2;C3;C4;C5;C6;C7;D1;D2;D3;D4;D5;D6;D7;D8";;;0;0;0.1.0-metodologica;2026-07-30T09:54:46-04:00
35148;Barragem Fazenda Ana Paula;Itiquira;MT - Secretaria de Estado do Meio Ambiente - SEMA;Irrigação;Baixo;Médio;89644;5;Verde;Verde;0,330;insuficiente;15,2;2;3;0;0;não avaliado;;R06;"A6;B2;B3;B4;B5;B6;C1;C2;C3;C4;C5;C6;C7;D1;D2;D3;D4;D5;D6;D7;D8";;;0;0;0.1.0-metodologica;2026-07-30T09:54:46-04:00
34836;CGH Michelin - Michelin;Itiquira;Agência Nacional de Energia Elétrica - ANEEL;Hidroelétrica;Baixo;Médio;8962682;5;Verde;Verde;0,330;insuficiente;15,2;2;3;0;0;não avaliado;;R06;"A6;B2;B3;B4;B5;B6;C1;C2;C3;C4;C5;C6;C7;D1;D2;D3;D4;D5;D6;D7;D8";;;0;0;0.1.0-metodologica;2026-07-30T09:54:46-04:00
23993;CGH SM-01 - CGH SM-01;Itiquira;Agência Nacional de Energia Elétrica - ANEEL;Hidroelétrica;Baixo;Baixo;896266;3;Verde;Verde;0,330;insuficiente;9,1;2;1;0;0;não avaliado;;R06;"A6;B2;B3;B4;B5;B6;C1;C2;C3;C4;C5;C6;C7;D1;D2;D3;D4;D5;D6;D7;D8";;;0;0;0.1.0-metodologica;2026-07-30T09:54:46-04:00
23994;CGH SM-06 - CGH SM-06;Itiquira;Agência Nacional de Energia Elétrica - ANEEL;Hidroelétrica;Baixo;Baixo;896266;3;Verde;Verde;0,330;insuficiente;9,1;2;1;0;0;não avaliado;;R06;"A6;B2;B3;B4;B5;B6;C1;C2;C3;C4;C5;C6;C7;D1;D2;D3;D4;D5;D6;D7;D8";;;0;0;0.1.0-metodologica;2026-07-30T09:54:46-04:00
6026;COOP. SERINGUEIROS DE OURO BRANCO;Itiquira;MT - Secretaria de Estado do Meio Ambiente - SEMA;Aquicultura;Não Classificado;Não Classificado;8962682;4;Verde;Verde;0,330;insuficiente;12,1;2;2;0;0;não avaliado;;R06;"A6;B2;B3;B4;B5;B6;C1;C2;C3;C4;C5;C6;C7;D1;D2;D3;D4;D5;D6;D7;D8";;;0;0;0.1.0-metodologica;2026-07-30T09:54:46-04:00
36537;Fazenda Gaúcha;Itiquira;MT - Secretaria de Estado do Meio Ambiente - SEMA;Irrigação;Baixo;Não se Aplica;896276;3;Verde;Verde;0,330;insuficiente;9,1;2;1;0;0;não avaliado;;R06;"A6;B2;B3;B4;B5;B6;C1;C2;C3;C4;C5;C6;C7;D1;D2;D3;D4;D5;D6;D7;D8";;;0;0;0.1.0-metodologica;2026-07-30T09:54:46-04:00
8093;Fazenda Santa Maria;Itiquira;MT - Secretaria de Estado do Meio Ambiente - SEMA;Regularização de vazão;Baixo;Médio;8962678;5;Verde;Verde;0,330;insuficiente;15,2;2;3;0;0;não avaliado;;R06;"A6;B2;B3;B4;B5;B6;C1;C2;C3;C4;C5;C6;C7;D1;D2;D3;D4;D5;D6;D7;D8";;;0;0;0.1.0-metodologica;2026-07-30T09:54:46-04:00
36497;Fazenda Santa Maria ? Barramento II;Itiquira;MT - Secretaria de Estado do Meio Ambiente - SEMA;Dessedentação Animal;Baixo;Médio;8962678;5;Verde;Verde;0,330;insuficiente;15,2;2;3;0;0;não avaliado;;R06;"A6;B2;B3;B4;B5;B6;C1;C2;C3;C4;C5;C6;C7;D1;D2;D3;D4;D5;D6;D7;D8";;;0;0;0.1.0-metodologica;2026-07-30T09:54:46-04:00
8102;Fazenda Sucuri;Itiquira;MT - Secretaria de Estado do Meio Ambiente - SEMA;Irrigação;Baixo;Médio;8962936;5;Verde;Verde;0,330;insuficiente;15,2;2;3;0;0;não avaliado;;R06;"A6;B2;B3;B4;B5;B6;C1;C2;C3;C4;C5;C6;C7;D1;D2;D3;D4;D5;D6;D7;D8";;;0;0;0.1.0-metodologica;2026-07-30T09:54:46-04:00
20067;Ponte de Pedra;Itiquira;MT - Secretaria de Estado do Meio Ambiente - SEMA;Abastecimento humano;Não Classificado;Não Classificado;89644;4;Verde;Verde;0,330;insuficiente;12,1;2;2;0;0;não avaliado;;R06;"A6;B2;B3;B4;B5;B6;C1;C2;C3;C4;C5;C6;C7;D1;D2;D3;D4;D5;D6;D7;D8";;;0;0;0.1.0-metodologica;2026-07-30T09:54:46-04:00
20613;UHE Itiquira (Casas de Forças  I e  II)  - Canal de Adução I;Itiquira;Agência Nacional de Energia Elétrica - ANEEL;Hidroelétrica;Alto;Baixo;89626;4;Verde;Verde;0,360;insuficiente;11,1;2;1;0;1;não avaliado;;R06;"A6;B2;B3;B4;B5;B6;C1;C2;C3;C4;C5;C6;C7;D2;D3;D4;D5;D6;D7;D8";;;0;0;0.1.0-metodologica;2026-07-30T09:54:46-04:00
20612;UHE Itiquira (Casas de Forças  I e  II)  - Dique da Câmara de Carga do Circuito I;Itiquira;Agência Nacional de Energia Elétrica - ANEEL;Hidroelétrica;Alto;Baixo;89626;4;Verde;Verde;0,360;insuficiente;11,1;2;1;0;1;não avaliado;;R06;"A6;B2;B3;B4;B5;B6;C1;C2;C3;C4;C5;C6;C7;D2;D3;D4;D5;D6;D7;D8";;;0;0;0.1.0-metodologica;2026-07-30T09:54:46-04:00
4723;UHE Itiquira (Casas de Forças  I e  II)  - Itiquira;Itiquira;Agência Nacional de Energia Elétrica - ANEEL;Hidroelétrica;Alto;Baixo;89626;4;Verde;Verde;0,360;insuficiente;11,1;2;1;0;1;não avaliado;;R06;"A6;B2;B3;B4;B5;B6;C1;C2;C3;C4;C5;C6;C7;D2;D3;D4;D5;D6;D7;D8";;;0;0;0.1.0-metodologica;2026-07-30T09:54:46-04:00
4946;UHE Ponte de Pedra - Barragem Principal;Itiquira;Agência Nacional de Energia Elétrica - ANEEL;Hidroelétrica;Alto;Baixo;8962;4;Verde;Verde;0,360;insuficiente;11,1;2;1;0;1;não avaliado;;R06;"A6;B2;B3;B4;B5;B6;C1;C2;C3;C4;C5;C6;C7;D2;D3;D4;D5;D6;D7;D8";;;0;0;0.1.0-metodologica;2026-07-30T09:54:46-04:00
20480;UHE Ponte de Pedra - Canal de Adução;Itiquira;Agência Nacional de Energia Elétrica - ANEEL;Hidroelétrica;Alto;Baixo;8962;4;Verde;Verde;0,360;insuficiente;11,1;2;1;0;1;não avaliado;;R06;"A6;B2;B3;B4;B5;B6;C1;C2;C3;C4;C5;C6;C7;D2;D3;D4;D5;D6;D7;D8";;;0;0;0.1.0-metodologica;2026-07-30T09:54:46-04:00
31000;Barramento II - Fazenda Cabeceira;Ipiranga do Norte;MT - Secretaria de Estado do Meio Ambiente - SEMA;Irrigação;Baixo;Baixo;4448242;7;Verde;Verde;0,380;insuficiente;18,4;1;1;5;0;não avaliado;;R06;"A6;B2;B3;B4;B5;B6;C2;C3;C4;C5;C6;C7;D1;D2;D3;D4;D5;D6;D7;D8";Alta Floresta | Carlinda | Itaúba | Nova Canaã do Norte | Sinop;;5;5;0.1.0-metodologica;2026-07-30T09:54:46-04:00
24061;CGH Rio Vermelho - Usina Rio Vermelho;Itaúba;Agência Nacional de Energia Elétrica - ANEEL;Hidroelétrica;Baixo;Médio;444;4;Verde;Verde;0,330;insuficiente;12,1;1;3;0;0;não avaliado;;R06;"A6;B2;B3;B4;B5;B6;C1;C2;C3;C4;C5;C6;C7;D1;D2;D3;D4;D5;D6;D7;D8";;Alta Floresta | Carlinda | Ipiranga do Norte | Lucas do Rio Verde | Nova Canaã do Norte | Nova Santa Helena | Paranaíta | Santa Rita do Trivelato | Sinop | Sorriso | Tapurah | Terra Nova do Norte | Vera;0;0;0.1.0-metodologica;2026-07-30T09:54:46-04:00
37419;Barragem Fazenda Marajoara;Itiquira;MT - Secretaria de Estado do Meio Ambiente - SEMA;Dessedentação Animal;Médio;Alto;89626;7;Verde;Verde;0,330;insuficiente;21,2;2;5;0;0;não avaliado;;R06;"A6;B2;B3;B4;B5;B6;C1;C2;C3;C4;C5;C6;C7;D1;D2;D3;D4;D5;D6;D7;D8";;;0;0;0.1.0-metodologica;2026-07-30T09:54:46-04:00
35226;Barragem Fazenda Santa Fé do Colorado;Itiquira;MT - Secretaria de Estado do Meio Ambiente - SEMA;Dessedentação Animal;Baixo;Médio;896276;5;Verde;Verde;0,330;insuficiente;15,2;2;3;0;0;não avaliado;;R06;"A6;B2;B3;B4;B5;B6;C1;C2;C3;C4;C5;C6;C7;D1;D2;D3;D4;D5;D6;D7;D8";;;0;0;0.1.0-metodologica;2026-07-30T09:54:46-04:00
35176;Barragem Rotacionado 15 ? Fazenda Gravataí;Itiquira;MT - Secretaria de Estado do Meio Ambiente - SEMA;Irrigação;Baixo;Não Classificado;8962674;4;Verde;Verde;0,330;insuficiente;12,1;2;2;0;0;não avaliado;;R06;"A6;B2;B3;B4;B5;B6;C1;C2;C3;C4;C5;C6;C7;D1;D2;D3;D4;D5;D6;D7;D8";;;0;0;0.1.0-metodologica;2026-07-30T09:54:46-04:00
31779;Barramento II - Fazenda Gravataí;Itiquira;MT - Secretaria de Estado do Meio Ambiente - SEMA;Dessedentação Animal;Baixo;Médio;8962662;10;Verde;Verde;0,380;insuficiente;26,3;2;3;5;0;não avaliado;;R06;"A6;B2;B3;B4;B5;B6;C2;C3;C4;C5;C6;C7;D1;D2;D3;D4;D5;D6;D7;D8";Itiquira;;1;0;0.1.0-metodologica;2026-07-30T09:54:46-04:00
31590;FLG Agro e Investimento LTDA;Itiquira;MT - Secretaria de Estado do Meio Ambiente - SEMA;Paisagismo;Baixo;Baixo;8962;3;Verde;Verde;0,330;insuficiente;9,1;2;1;0;0;não avaliado;;R06;"A6;B2;B3;B4;B5;B6;C1;C2;C3;C4;C5;C6;C7;D1;D2;D3;D4;D5;D6;D7;D8";;;0;0;0.1.0-metodologica;2026-07-30T09:54:46-04:00
31747;Fazenda Gravataí;Itiquira;MT - Secretaria de Estado do Meio Ambiente - SEMA;Dessedentação Animal;Baixo;Médio;8962674;5;Verde;Verde;0,330;insuficiente;15,2;2;3;0;0;não avaliado;;R06;"A6;B2;B3;B4;B5;B6;C1;C2;C3;C4;C5;C6;C7;D1;D2;D3;D4;D5;D6;D7;D8";;;0;0;0.1.0-metodologica;2026-07-30T09:54:46-04:00
23960;CGH Cambará - Cambará;Jaciara;Agência Nacional de Energia Elétrica - ANEEL;Hidroelétrica;Baixo;Baixo;8964242;6;Verde;Verde;0,380;insuficiente;15,8;0;1;5;0;não avaliado;;R06;"A6;B2;B3;B4;B5;B6;C2;C3;C4;C5;C6;C7;D1;D2;D3;D4;D5;D6;D7;D8";Juscimeira | Rondonópolis;;2;2;0.1.0-metodologica;2026-07-30T09:54:46-04:00
23961;CGH Embaúba - Embaúba;Jaciara;Agência Nacional de Energia Elétrica - ANEEL;Hidroelétrica;Baixo;Baixo;896424;6;Verde;Verde;0,380;insuficiente;15,8;0;1;5;0;não avaliado;;R06;"A6;B2;B3;B4;B5;B6;C2;C3;C4;C5;C6;C7;D1;D2;D3;D4;D5;D6;D7;D8";Juscimeira | Rondonópolis;;2;2;0.1.0-metodologica;2026-07-30T09:54:46-04:00
23962;CGH Sucupira - Sucupira;Jaciara;Agência Nacional de Energia Elétrica - ANEEL;Hidroelétrica;Baixo;Baixo;896424;6;Verde;Verde;0,380;insuficiente;15,8;0;1;5;0;não avaliado;;R06;"A6;B2;B3;B4;B5;B6;C2;C3;C4;C5;C6;C7;D1;D2;D3;D4;D5;D6;D7;D8";Juscimeira | Rondonópolis;;2;2;0.1.0-metodologica;2026-07-30T09:54:46-04:00
34159;CGH Água Clara - Agua Clara;Jaciara;Agência Nacional de Energia Elétrica - ANEEL;Hidroelétrica;Baixo;Baixo;8964218;1;Verde;Verde;0,330;insuficiente;3,0;0;1;0;0;não avaliado;;R06;"A6;B2;B3;B4;B5;B6;C1;C2;C3;C4;C5;C6;C7;D1;D2;D3;D4;D5;D6;D7;D8";;;0;0;0.1.0-metodologica;2026-07-30T09:54:46-04:00
8063;Fazenda São Pedro do jatobá II;Jaciara;MT - Secretaria de Estado do Meio Ambiente - SEMA;Irrigação;Não Classificado;Não Classificado;89642962;7;Verde;Verde;0,380;insuficiente;18,4;0;2;5;0;não avaliado;;R06;"A6;B2;B3;B4;B5;B6;C2;C3;C4;C5;C6;C7;D1;D2;D3;D4;D5;D6;D7;D8";Jaciara | Juscimeira | Rondonópolis;;3;2;0.1.0-metodologica;2026-07-30T09:54:46-04:00
4967;PCH Pequi - Pequi;Jaciara;Agência Nacional de Energia Elétrica - ANEEL;Hidroelétrica;Baixo;Baixo;896424;6;Verde;Verde;0,380;insuficiente;15,8;0;1;5;0;não avaliado;;R06;"A6;B2;B3;B4;B5;B6;C2;C3;C4;C5;C6;C7;D1;D2;D3;D4;D5;D6;D7;D8";Juscimeira | Rondonópolis;;2;2;0.1.0-metodologica;2026-07-30T09:54:46-04:00
4798;PCH Água Prata - Prata;Jaciara;Agência Nacional de Energia Elétrica - ANEEL;Hidroelétrica;Baixo;Baixo;8964218;1;Verde;Verde;0,330;insuficiente;3,0;0;1;0;0;não avaliado;;R06;"A6;B2;B3;B4;B5;B6;C1;C2;C3;C4;C5;C6;C7;D1;D2;D3;D4;D5;D6;D7;D8";;;0;0;0.1.0-metodologica;2026-07-30T09:54:46-04:00
34857;Barragem I Jangada Agropastoril;Jangada;MT - Secretaria de Estado do Meio Ambiente - SEMA;Irrigação;Médio;Médio;89658;18;Amarelo;Verde;0,470;parcial;38,3;5;3;9;1;não;não;"R06;R10;R11";"B2;B3;B4;B5;B6;C2;C4;C5;C6;C7;D1;D2;D3;D4;D5;D6;D7";Cuiabá | Jangada | Nossa Senhora do Livramento | Várzea Grande;;4;3;0.1.0-metodologica;2026-07-30T09:54:46-04:00
35231;Fazenda Jangada Agropastoril - Barragem a montante;Jangada;MT - Secretaria de Estado do Meio Ambiente - SEMA;Recreação;Baixo;Baixo;89658;16;Amarelo;Verde;0,470;parcial;34,0;5;1;9;1;não;não;"R06;R10;R11";"B2;B3;B4;B5;B6;C2;C4;C5;C6;C7;D1;D2;D3;D4;D5;D6;D7";Cuiabá | Jangada | Nossa Senhora do Livramento | Várzea Grande;;4;3;0.1.0-metodologica;2026-07-30T09:54:46-04:00
35229;Fazenda Jangada Agropastoril II - Barragem Principal;Jangada;MT - Secretaria de Estado do Meio Ambiente - SEMA;Recreação;Baixo;Médio;89658;18;Amarelo;Verde;0,470;parcial;38,3;5;3;9;1;não;não;"R06;R10;R11";"B2;B3;B4;B5;B6;C2;C4;C5;C6;C7;D1;D2;D3;D4;D5;D6;D7";Cuiabá | Jangada | Nossa Senhora do Livramento | Várzea Grande;;4;3;0.1.0-metodologica;2026-07-30T09:54:46-04:00
4715;PCH Antônio Brennand (Antiga  Alto Jauru) - Antônio Brennand;Jauru;Agência Nacional de Energia Elétrica - ANEEL;Hidroelétrica;Baixo;Baixo;8994;13;Verde;Verde;0,410;parcial;31,7;4;1;5;3;não avaliado;;R06;"A6;B2;B3;B4;B5;B6;C2;C3;C4;C5;C6;C7;D2;D3;D4;D5;D6;D7;D8";Araputanga | Jauru;Indiavaí | Mirassol d'Oeste | São José dos Quatro Marcos;2;1;0.1.0-metodologica;2026-07-30T09:54:46-04:00
4202;PCH Indiavaí - Indiavaí;Jauru;Agência Nacional de Energia Elétrica - ANEEL;Hidroelétrica;Médio;Baixo;8994;11;Verde;Verde;0,410;parcial;26,8;4;1;5;1;não avaliado;;R06;"A6;B2;B3;B4;B5;B6;C2;C3;C4;C5;C6;C7;D2;D3;D4;D5;D6;D7;D8";Araputanga | Jauru;Indiavaí | Mirassol d'Oeste | São José dos Quatro Marcos;2;1;0.1.0-metodologica;2026-07-30T09:54:46-04:00
34484;Fazenda Bacuri, Cachoeira e Castanheira;Juara;MT - Secretaria de Estado do Meio Ambiente - SEMA;Dessedentação Animal;Baixo;Médio;448112;5;Verde;Verde;0,330;insuficiente;15,2;2;3;0;0;não avaliado;;R06;"A6;B2;B3;B4;B5;B6;C1;C2;C3;C4;C5;C6;C7;D1;D2;D3;D4;D5;D6;D7;D8";;;0;0;0.1.0-metodologica;2026-07-30T09:54:46-04:00
36101;Prefeitura Municipal de Juara;Juara;MT - Secretaria de Estado do Meio Ambiente - SEMA;Abastecimento humano;Baixo;Alto;4463178;12;Verde;Verde;0,380;insuficiente;31,6;2;5;5;0;não avaliado;;R06;"A6;B2;B3;B4;B5;B6;C2;C3;C4;C5;C6;C7;D1;D2;D3;D4;D5;D6;D7;D8";Juara;Novo Horizonte do Norte;1;0;0.1.0-metodologica;2026-07-30T09:54:46-04:00
5140;UHE Salto Apiacás - Salto Apiacás;Juara;Agência Nacional de Energia Elétrica - ANEEL;Hidroelétrica;Médio;Baixo;4444;5;Verde;Verde;0,360;insuficiente;13,9;1;1;0;3;não avaliado;;R06;"A6;B2;B3;B4;B5;B6;C1;C2;C3;C4;C5;C6;C7;D2;D3;D4;D5;D6;D7;D8";;Paranaíta;0;0;0.1.0-metodologica;2026-07-30T09:54:46-04:00
36612;Barramento Juruena;Juruena;MT - Secretaria de Estado do Meio Ambiente - SEMA;Irrigação;Médio;Baixo;4459848;5;Verde;Verde;0,330;insuficiente;15,2;4;1;0;0;não avaliado;;R06;"A6;B2;B3;B4;B5;B6;C1;C2;C3;C4;C5;C6;C7;D1;D2;D3;D4;D5;D6;D7;D8";;;0;0;0.1.0-metodologica;2026-07-30T09:54:46-04:00
7961;Fazenda Barra Grande II- Barragem I;Juruena;MT - Secretaria de Estado do Meio Ambiente - SEMA;Aquicultura;Baixo;Não Classificado;4459848;6;Verde;Verde;0,330;insuficiente;18,2;4;2;0;0;não avaliado;;R06;"A6;B2;B3;B4;B5;B6;C1;C2;C3;C4;C5;C6;C7;D1;D2;D3;D4;D5;D6;D7;D8";;;0;0;0.1.0-metodologica;2026-07-30T09:54:46-04:00
7962;Fazenda Barra Grande II- Barragem II;Juruena;MT - Secretaria de Estado do Meio Ambiente - SEMA;Aquicultura;Baixo;Não se Aplica;4459848;5;Verde;Verde;0,330;insuficiente;15,2;4;1;0;0;não avaliado;;R06;"A6;B2;B3;B4;B5;B6;C1;C2;C3;C4;C5;C6;C7;D1;D2;D3;D4;D5;D6;D7;D8";;;0;0;0.1.0-metodologica;2026-07-30T09:54:46-04:00
7960;Fazenda Barra Grande II- Barragem III;Juruena;MT - Secretaria de Estado do Meio Ambiente - SEMA;Aquicultura;Baixo;Não Classificado;44598492;11;Verde;Verde;0,380;insuficiente;28,9;4;2;5;0;não avaliado;;R06;"A6;B2;B3;B4;B5;B6;C2;C3;C4;C5;C6;C7;D1;D2;D3;D4;D5;D6;D7;D8";Juruena;;1;0;0.1.0-metodologica;2026-07-30T09:54:46-04:00
32386;Barragem 1 - Fazenda Mirandopolis;Juscimeira;MT - Secretaria de Estado do Meio Ambiente - SEMA;Proteção do meio ambiente;Não Classificado;Não se Aplica;89642166;8;Verde;Verde;0,380;insuficiente;21,1;2;1;5;0;não avaliado;;R06;"A6;B2;B3;B4;B5;B6;C2;C3;C4;C5;C6;C7;D1;D2;D3;D4;D5;D6;D7;D8";Juscimeira;;1;0;0.1.0-metodologica;2026-07-30T09:54:46-04:00
22738;PCH Beleza - PCH BELEZA;Juscimeira;Agência Nacional de Energia Elétrica - ANEEL;Hidroelétrica;Baixo;Baixo;89642172;3;Verde;Verde;0,330;insuficiente;9,1;2;1;0;0;não avaliado;;R06;"A6;B2;B3;B4;B5;B6;C1;C2;C3;C4;C5;C6;C7;D1;D2;D3;D4;D5;D6;D7;D8";;;0;0;0.1.0-metodologica;2026-07-30T09:54:46-04:00
4207;PCH Sete Quedas Alta - Sete Quedas Alta;Juscimeira;Agência Nacional de Energia Elétrica - ANEEL;Hidroelétrica;Baixo;Baixo;8964216;6;Verde;Verde;0,360;insuficiente;16,7;2;1;0;3;não avaliado;;R06;"A6;B2;B3;B4;B5;B6;C1;C2;C3;C4;C5;C6;C7;D2;D3;D4;D5;D6;D7;D8";;;0;0;0.1.0-metodologica;2026-07-30T09:54:46-04:00
4519;PCH São Lourenço (Antiga Zé Fernando) - São Lourenço;Juscimeira;Agência Nacional de Energia Elétrica - ANEEL;Hidroelétrica;Alto;Baixo;89642;4;Verde;Verde;0,360;insuficiente;11,1;2;1;0;1;não avaliado;;R06;"A6;B2;B3;B4;B5;B6;C1;C2;C3;C4;C5;C6;C7;D2;D3;D4;D5;D6;D7;D8";;Jaciara | Rondonópolis;0;0;0.1.0-metodologica;2026-07-30T09:54:46-04:00
5065;PCH Água Brava - Brava;Juscimeira;Agência Nacional de Energia Elétrica - ANEEL;Hidroelétrica;Baixo;Baixo;8964218;3;Verde;Verde;0,330;insuficiente;9,1;2;1;0;0;não avaliado;;R06;"A6;B2;B3;B4;B5;B6;C1;C2;C3;C4;C5;C6;C7;D1;D2;D3;D4;D5;D6;D7;D8";;;0;0;0.1.0-metodologica;2026-07-30T09:54:46-04:00
31998;Barramento Aeroporto Municipal de Juína;Juína;MT - Secretaria de Estado do Meio Ambiente - SEMA;Paisagismo;Médio;Médio;44922;5;Verde;Verde;0,330;insuficiente;15,2;2;3;0;0;não avaliado;;R06;"A6;B2;B3;B4;B5;B6;C1;C2;C3;C4;C5;C6;C7;D1;D2;D3;D4;D5;D6;D7;D8";;;0;0;0.1.0-metodologica;2026-07-30T09:54:46-04:00
33943;Barramento Juína - Montante;Juína;MT - Secretaria de Estado do Meio Ambiente - SEMA;Paisagismo;Médio;Médio;44922;5;Verde;Verde;0,330;insuficiente;15,2;2;3;0;0;não avaliado;;R06;"A6;B2;B3;B4;B5;B6;C1;C2;C3;C4;C5;C6;C7;D1;D2;D3;D4;D5;D6;D7;D8";;;0;0;0.1.0-metodologica;2026-07-30T09:54:46-04:00
33942;Barramento Juína - Principal;Juína;MT - Secretaria de Estado do Meio Ambiente - SEMA;Paisagismo;Médio;Médio;44922;5;Verde;Verde;0,330;insuficiente;15,2;2;3;0;0;não avaliado;;R06;"A6;B2;B3;B4;B5;B6;C1;C2;C3;C4;C5;C6;C7;D1;D2;D3;D4;D5;D6;D7;D8";;;0;0;0.1.0-metodologica;2026-07-30T09:54:46-04:00
33944;Barramento Juína – Montante 2;Juína;MT - Secretaria de Estado do Meio Ambiente - SEMA;Paisagismo;Médio;Médio;44922;5;Verde;Verde;0,330;insuficiente;15,2;2;3;0;0;não avaliado;;R06;"A6;B2;B3;B4;B5;B6;C1;C2;C3;C4;C5;C6;C7;D1;D2;D3;D4;D5;D6;D7;D8";;;0;0;0.1.0-metodologica;2026-07-30T09:54:46-04:00
32067;Barramento Lagoa da Garça;Juína;MT - Secretaria de Estado do Meio Ambiente - SEMA;Paisagismo;Médio;Médio;44922;5;Verde;Verde;0,330;insuficiente;15,2;2;3;0;0;não avaliado;;R06;"A6;B2;B3;B4;B5;B6;C1;C2;C3;C4;C5;C6;C7;D1;D2;D3;D4;D5;D6;D7;D8";;;0;0;0.1.0-metodologica;2026-07-30T09:54:46-04:00
336;CHACARA NOSSA SENHORA DE FATIMA;Juína;MT - Secretaria de Estado do Meio Ambiente - SEMA;Aquicultura;Baixo;Não Classificado;449226;4;Verde;Verde;0,330;insuficiente;12,1;2;2;0;0;não avaliado;;R06;"A6;B2;B3;B4;B5;B6;C1;C2;C3;C4;C5;C6;C7;D1;D2;D3;D4;D5;D6;D7;D8";;;0;0;0.1.0-metodologica;2026-07-30T09:54:46-04:00
7959;Chácara Patrícia;Juína;MT - Secretaria de Estado do Meio Ambiente - SEMA;Aquicultura;Baixo;Não se Aplica;44922;3;Verde;Verde;0,330;insuficiente;9,1;2;1;0;0;não avaliado;;R06;"A6;B2;B3;B4;B5;B6;C1;C2;C3;C4;C5;C6;C7;D1;D2;D3;D4;D5;D6;D7;D8";;;0;0;0.1.0-metodologica;2026-07-30T09:54:46-04:00
4682;PCH Juína - Barragem da PCH Juína;Juína;Agência Nacional de Energia Elétrica - ANEEL;Hidroelétrica;Alto;Baixo;462;4;Verde;Verde;0,360;insuficiente;11,1;2;1;0;1;não avaliado;;R06;"A6;B2;B3;B4;B5;B6;C1;C2;C3;C4;C5;C6;C7;D2;D3;D4;D5;D6;D7;D8";;Aripuanã | Colniza | Rondolândia;0;0;0.1.0-metodologica;2026-07-30T09:54:46-04:00
24089;CGH Mestre - Mestre;Jaciara;Agência Nacional de Energia Elétrica - ANEEL;Hidroelétrica;Baixo;Baixo;89654;5;Amarelo;Verde;0,370;insuficiente;13,5;4;1;0;0;não avaliado;;"R06;R10;R11";"B2;B3;B4;B5;B6;C1;C2;C3;C4;C5;C6;C7;D1;D2;D3;D4;D5;D6;D7;D8";;Santo Antônio de Leverger;0;0;0.1.0-metodologica;2026-07-30T09:54:46-04:00
24088;CGH Santa Cecília - Santa Cecília;Jaciara;Agência Nacional de Energia Elétrica - ANEEL;Hidroelétrica;Baixo;Baixo;89654;5;Amarelo;Verde;0,370;insuficiente;13,5;4;1;0;0;não avaliado;;"R06;R10;R11";"B2;B3;B4;B5;B6;C1;C2;C3;C4;C5;C6;C7;D1;D2;D3;D4;D5;D6;D7;D8";;Santo Antônio de Leverger;0;0;0.1.0-metodologica;2026-07-30T09:54:46-04:00
34737;Barragem PM1;Juruena;Agência Nacional de Mineração - ANM;Contenção de rejeitos de mineração;Baixo;Baixo;445998;10;Verde;Verde;0,480;parcial;20,8;4;4;2;0;não avaliado;;;"A6;B4;B5;B6;C1;C2;C3;C4;C5;C6;C7;D1;D2;D3;D4;D5;D6;D7;D8";;;0;0;0.1.0-metodologica;2026-07-30T09:54:46-04:00
26142;Barragem  LVR;Juína;Agência Nacional de Mineração - ANM;Contenção de rejeitos de mineração;Baixo;Médio;4629968;15;Verde;Verde;0,530;parcial;28,3;2;6;7;0;não avaliado;;;"A6;B4;B5;B6;C2;C3;C4;C5;C6;C7;D1;D2;D3;D4;D5;D6;D7;D8";Aripuanã | Juína;;2;1;0.1.0-metodologica;2026-07-30T09:54:46-04:00
948;Rejeito;Juína;Agência Nacional de Mineração - ANM;Contenção de rejeitos de mineração;Baixo;Médio;46299564;15;Verde;Verde;0,530;parcial;28,3;2;6;7;0;não avaliado;;;"A6;B4;B5;B6;C2;C3;C4;C5;C6;C7;D1;D2;D3;D4;D5;D6;D7;D8";Aripuanã | Juína;;2;1;0.1.0-metodologica;2026-07-30T09:54:46-04:00
32029;BARRAGEM NA FAZENDA ÁGUA SANTA II;Lucas do Rio Verde;MT - Secretaria de Estado do Meio Ambiente - SEMA;Paisagismo;Baixo;Médio;44484;10;Amarelo;Verde;0,420;parcial;23,8;2;3;5;0;não avaliado;;"R06;R10;R11";"B2;B3;B4;B5;B6;C2;C3;C4;C5;C6;C7;D1;D2;D3;D4;D5;D6;D7;D8";Alta Floresta | Carlinda | Ipiranga do Norte | Itaúba | Nova Canaã do Norte | Sinop | Sorriso | Tapurah;;8;8;0.1.0-metodologica;2026-07-30T09:54:46-04:00
31517;Barragem Bem-te-vi;Lucas do Rio Verde;MT - Secretaria de Estado do Meio Ambiente - SEMA;Irrigação;Baixo;Médio;44658;10;Amarelo;Verde;0,420;parcial;23,8;2;3;5;0;não avaliado;;"R06;R10;R11";"B2;B3;B4;B5;B6;C2;C3;C4;C5;C6;C7;D1;D2;D3;D4;D5;D6;D7;D8";Juara | Novo Horizonte do Norte | Porto dos Gaúchos;;3;3;0.1.0-metodologica;2026-07-30T09:54:46-04:00
35359;Barragem do Parque Oeste;Lucas do Rio Verde;MT - Secretaria de Estado do Meio Ambiente - SEMA;Paisagismo;Médio;Não Classificado;4448;9;Amarelo;Verde;0,420;parcial;21,4;2;2;5;0;não avaliado;;"R06;R10;R11";"B2;B3;B4;B5;B6;C2;C3;C4;C5;C6;C7;D1;D2;D3;D4;D5;D6;D7;D8";Alta Floresta | Carlinda | Itaúba | Nova Canaã do Norte | Sinop;Ipiranga do Norte | Santa Rita do Trivelato | Sorriso | Tapurah;5;5;0.1.0-metodologica;2026-07-30T09:54:46-04:00
20051;Barramento Fazenda Carajas  - Lote 64;Lucas do Rio Verde;MT - Secretaria de Estado do Meio Ambiente - SEMA;Irrigação;Médio;Alto;444852;12;Amarelo;Verde;0,420;parcial;28,6;2;5;5;0;não avaliado;;"R06;R10;R11";"B2;B3;B4;B5;B6;C2;C3;C4;C5;C6;C7;D1;D2;D3;D4;D5;D6;D7;D8";Alta Floresta | Carlinda | Ipiranga do Norte | Itaúba | Nova Canaã do Norte | Sinop | Sorriso | Tapurah;;8;8;0.1.0-metodologica;2026-07-30T09:54:46-04:00
31577;Barramento Montante Fazenda Carajas  - Lote 64;Lucas do Rio Verde;MT - Secretaria de Estado do Meio Ambiente - SEMA;Irrigação;Baixo;Baixo;444852;8;Amarelo;Verde;0,420;parcial;19,0;2;1;5;0;não avaliado;;"R06;R10;R11";"B2;B3;B4;B5;B6;C2;C3;C4;C5;C6;C7;D1;D2;D3;D4;D5;D6;D7;D8";Alta Floresta | Carlinda | Ipiranga do Norte | Itaúba | Nova Canaã do Norte | Sinop | Sorriso | Tapurah;;8;8;0.1.0-metodologica;2026-07-30T09:54:46-04:00
34136;CGH Aprovale - Associação Dos Produtores Do Vale Do Cedro - cedro;Lucas do Rio Verde;Agência Nacional de Energia Elétrica - ANEEL;Hidroelétrica;Baixo;Baixo;44484;8;Amarelo;Verde;0,420;parcial;19,0;2;1;5;0;não avaliado;;"R06;R10;R11";"B2;B3;B4;B5;B6;C2;C3;C4;C5;C6;C7;D1;D2;D3;D4;D5;D6;D7;D8";Alta Floresta | Carlinda | Ipiranga do Norte | Itaúba | Nova Canaã do Norte | Sinop | Sorriso | Tapurah;;8;8;0.1.0-metodologica;2026-07-30T09:54:46-04:00
8028;FAZENDA DONA IRILDE;Lucas do Rio Verde;MT - Secretaria de Estado do Meio Ambiente - SEMA;Irrigação;Baixo;Baixo;444844;8;Amarelo;Verde;0,420;parcial;19,0;2;1;5;0;não avaliado;;"R06;R10;R11";"B2;B3;B4;B5;B6;C2;C3;C4;C5;C6;C7;D1;D2;D3;D4;D5;D6;D7;D8";Alta Floresta | Carlinda | Ipiranga do Norte | Itaúba | Nova Canaã do Norte | Sinop | Sorriso | Tapurah;;8;8;0.1.0-metodologica;2026-07-30T09:54:46-04:00
8034;FAZENDA OGLIARI;Lucas do Rio Verde;MT - Secretaria de Estado do Meio Ambiente - SEMA;Aquicultura;Baixo;Não se Aplica;4448632;8;Amarelo;Verde;0,420;parcial;19,0;2;1;5;0;não avaliado;;"R06;R10;R11";"B2;B3;B4;B5;B6;C2;C3;C4;C5;C6;C7;D1;D2;D3;D4;D5;D6;D7;D8";Alta Floresta | Carlinda | Ipiranga do Norte | Itaúba | Nova Canaã do Norte | Sinop | Sorriso | Tapurah;;8;8;0.1.0-metodologica;2026-07-30T09:54:46-04:00
341;Faz. Espera Feliz;Lucas do Rio Verde;MT - Secretaria de Estado do Meio Ambiente - SEMA;Irrigação;Baixo;Não se Aplica;44658;8;Amarelo;Verde;0,420;parcial;19,0;2;1;5;0;não avaliado;;"R06;R10;R11";"B2;B3;B4;B5;B6;C2;C3;C4;C5;C6;C7;D1;D2;D3;D4;D5;D6;D7;D8";Juara | Novo Horizonte do Norte | Porto dos Gaúchos;;3;3;0.1.0-metodologica;2026-07-30T09:54:46-04:00
8033;Fazenda Botucatu lll;Lucas do Rio Verde;MT - Secretaria de Estado do Meio Ambiente - SEMA;Irrigação;Baixo;Médio;444842;10;Amarelo;Verde;0,420;parcial;23,8;2;3;5;0;não avaliado;;"R06;R10;R11";"B2;B3;B4;B5;B6;C2;C3;C4;C5;C6;C7;D1;D2;D3;D4;D5;D6;D7;D8";Alta Floresta | Carlinda | Ipiranga do Norte | Itaúba | Nova Canaã do Norte | Sinop | Sorriso | Tapurah;;8;8;0.1.0-metodologica;2026-07-30T09:54:46-04:00
5679;Fazenda Juliandre II;Lucas do Rio Verde;MT - Secretaria de Estado do Meio Ambiente - SEMA;Irrigação;Baixo;Baixo;444842;8;Amarelo;Verde;0,420;parcial;19,0;2;1;5;0;não avaliado;;"R06;R10;R11";"B2;B3;B4;B5;B6;C2;C3;C4;C5;C6;C7;D1;D2;D3;D4;D5;D6;D7;D8";Alta Floresta | Carlinda | Ipiranga do Norte | Itaúba | Nova Canaã do Norte | Sinop | Sorriso | Tapurah;;8;8;0.1.0-metodologica;2026-07-30T09:54:46-04:00
361;Fazenda Nadin;Lucas do Rio Verde;MT - Secretaria de Estado do Meio Ambiente - SEMA;Irrigação;Baixo;Baixo;4448422;8;Amarelo;Verde;0,420;parcial;19,0;2;1;5;0;não avaliado;;"R06;R10;R11";"B2;B3;B4;B5;B6;C2;C3;C4;C5;C6;C7;D1;D2;D3;D4;D5;D6;D7;D8";Alta Floresta | Carlinda | Ipiranga do Norte | Itaúba | Lucas do Rio Verde | Nova Canaã do Norte | Sinop | Sorriso | Tapurah;;9;8;0.1.0-metodologica;2026-07-30T09:54:46-04:00
20075;Fazenda Ogliari;Lucas do Rio Verde;MT - Secretaria de Estado do Meio Ambiente - SEMA;Aquicultura;Baixo;Não Classificado;4448632;9;Amarelo;Verde;0,420;parcial;21,4;2;2;5;0;não avaliado;;"R06;R10;R11";"B2;B3;B4;B5;B6;C2;C3;C4;C5;C6;C7;D1;D2;D3;D4;D5;D6;D7;D8";Alta Floresta | Carlinda | Ipiranga do Norte | Itaúba | Nova Canaã do Norte | Sinop | Sorriso | Tapurah;;8;8;0.1.0-metodologica;2026-07-30T09:54:46-04:00
8037;Fazenda Palmeira ll;Lucas do Rio Verde;MT - Secretaria de Estado do Meio Ambiente - SEMA;Irrigação;Baixo;Baixo;444856;8;Amarelo;Verde;0,420;parcial;19,0;2;1;5;0;não avaliado;;"R06;R10;R11";"B2;B3;B4;B5;B6;C2;C3;C4;C5;C6;C7;D1;D2;D3;D4;D5;D6;D7;D8";Alta Floresta | Carlinda | Ipiranga do Norte | Itaúba | Nova Canaã do Norte | Sinop | Sorriso | Tapurah;;8;8;0.1.0-metodologica;2026-07-30T09:54:46-04:00
8036;Fazenda Piva;Lucas do Rio Verde;MT - Secretaria de Estado do Meio Ambiente - SEMA;Aquicultura;Baixo;Baixo;4448;8;Amarelo;Verde;0,420;parcial;19,0;2;1;5;0;não avaliado;;"R06;R10;R11";"B2;B3;B4;B5;B6;C2;C3;C4;C5;C6;C7;D1;D2;D3;D4;D5;D6;D7;D8";Alta Floresta | Carlinda | Itaúba | Nova Canaã do Norte | Sinop;Ipiranga do Norte | Santa Rita do Trivelato | Sorriso | Tapurah;5;5;0.1.0-metodologica;2026-07-30T09:54:46-04:00
389;Fazenda Santo Antonio I;Lucas do Rio Verde;MT - Secretaria de Estado do Meio Ambiente - SEMA;Irrigação;Baixo;Não Classificado;44486;9;Amarelo;Verde;0,420;parcial;21,4;2;2;5;0;não avaliado;;"R06;R10;R11";"B2;B3;B4;B5;B6;C2;C3;C4;C5;C6;C7;D1;D2;D3;D4;D5;D6;D7;D8";Alta Floresta | Carlinda | Ipiranga do Norte | Itaúba | Nova Canaã do Norte | Sinop | Sorriso | Tapurah;;8;8;0.1.0-metodologica;2026-07-30T09:54:46-04:00
31561;Prefeitura Municipal de Lucas do Rio Verde;Lucas do Rio Verde;MT - Secretaria de Estado do Meio Ambiente - SEMA;Irrigação;Baixo;Alto;4465882;12;Amarelo;Verde;0,420;parcial;28,6;2;5;5;0;não avaliado;;"R06;R10;R11";"B2;B3;B4;B5;B6;C2;C3;C4;C5;C6;C7;D1;D2;D3;D4;D5;D6;D7;D8";Juara | Novo Horizonte do Norte | Porto dos Gaúchos;;3;3;0.1.0-metodologica;2026-07-30T09:54:46-04:00
5751;Prefeitura de LUCAS DO RIO VERDE;Lucas do Rio Verde;MT - Secretaria de Estado do Meio Ambiente - SEMA;Paisagismo;Não Classificado;Não Classificado;4448;9;Amarelo;Verde;0,420;parcial;21,4;2;2;5;0;não avaliado;;"R06;R10;R11";"B2;B3;B4;B5;B6;C2;C3;C4;C5;C6;C7;D1;D2;D3;D4;D5;D6;D7;D8";Alta Floresta | Carlinda | Itaúba | Nova Canaã do Norte | Sinop;Ipiranga do Norte | Santa Rita do Trivelato | Sorriso | Tapurah;5;5;0.1.0-metodologica;2026-07-30T09:54:46-04:00
22403;Massa d'Água #105287;Luciara;Agência Nacional de Águas e Saneamento Básico - ANA;Irrigação;Não Classificado;Não Classificado;67946;7;Verde;Verde;0,380;insuficiente;18,4;1;2;4;0;não avaliado;;R06;"A6;B2;B3;B4;B5;B6;C2;C3;C4;C5;C6;C7;D1;D2;D3;D4;D5;D6;D7;D8";Luciara;;1;0;0.1.0-metodologica;2026-07-30T09:54:46-04:00
31105;Fazenda Santa Helena;Marcelândia;MT - Secretaria de Estado do Meio Ambiente - SEMA;Irrigação;Baixo;Médio;42678;9;Verde;Verde;0,380;insuficiente;23,7;1;3;5;0;não avaliado;;R06;"A6;B2;B3;B4;B5;B6;C2;C3;C4;C5;C6;C7;D1;D2;D3;D4;D5;D6;D7;D8";Marcelândia;;1;0;0.1.0-metodologica;2026-07-30T09:54:46-04:00
6156;Barragem Carnaíba;Mirassol d'Oeste;MT - Secretaria de Estado do Meio Ambiente - SEMA;Abastecimento humano;Baixo;Baixo;89942;5;Verde;Verde;0,330;insuficiente;15,2;4;1;0;0;não avaliado;;R06;"A6;B2;B3;B4;B5;B6;C1;C2;C3;C4;C5;C6;C7;D1;D2;D3;D4;D5;D6;D7;D8";;São José dos Quatro Marcos;0;0;0.1.0-metodologica;2026-07-30T09:54:46-04:00
28719;Barragem Carnaíba;Mirassol d'Oeste;MT - Secretaria de Estado do Meio Ambiente - SEMA;Abastecimento humano;Médio;Alto;89942;9;Verde;Verde;0,330;insuficiente;27,3;4;5;0;0;não avaliado;;R06;"A6;B2;B3;B4;B5;B6;C1;C2;C3;C4;C5;C6;C7;D1;D2;D3;D4;D5;D6;D7;D8";;São José dos Quatro Marcos;0;0;0.1.0-metodologica;2026-07-30T09:54:46-04:00
34482;Barragem Paranoá;Mirassol d'Oeste;MT - Secretaria de Estado do Meio Ambiente - SEMA;Abastecimento humano;Médio;Médio;89942;7;Verde;Verde;0,330;insuficiente;21,2;4;3;0;0;não avaliado;;R06;"A6;B2;B3;B4;B5;B6;C1;C2;C3;C4;C5;C6;C7;D1;D2;D3;D4;D5;D6;D7;D8";;São José dos Quatro Marcos;0;0;0.1.0-metodologica;2026-07-30T09:54:46-04:00
5318;REPRESA CARNAIBA;Mirassol d'Oeste;MT - Secretaria de Estado do Meio Ambiente - SEMA;Abastecimento humano;Não Classificado;Não Classificado;89942;6;Verde;Verde;0,330;insuficiente;18,2;4;2;0;0;não avaliado;;R06;"A6;B2;B3;B4;B5;B6;C1;C2;C3;C4;C5;C6;C7;D1;D2;D3;D4;D5;D6;D7;D8";;São José dos Quatro Marcos;0;0;0.1.0-metodologica;2026-07-30T09:54:46-04:00
5319;REPRESA SIGLA;Mirassol d'Oeste;MT - Secretaria de Estado do Meio Ambiente - SEMA;Abastecimento humano;Não Classificado;Não Classificado;899428;11;Verde;Verde;0,380;insuficiente;28,9;4;2;5;0;não avaliado;;R06;"A6;B2;B3;B4;B5;B6;C2;C3;C4;C5;C6;C7;D1;D2;D3;D4;D5;D6;D7;D8";Mirassol d'Oeste;;1;0;0.1.0-metodologica;2026-07-30T09:54:46-04:00
20177;Faz. Carvalho;Nobres;MT - Secretaria de Estado do Meio Ambiente - SEMA;Aquicultura;Baixo;Não Classificado;896634;13;Verde;Verde;0,430;parcial;30,2;1;2;9;1;não;não;R06;"A6;B2;B3;B4;B5;B6;C2;C4;C5;C6;C7;D1;D2;D3;D4;D5;D6;D7";Cuiabá | Jangada | Nossa Senhora do Livramento | Rosário Oeste | Santo Antônio de Leverger | Várzea Grande;;6;6;0.1.0-metodologica;2026-07-30T09:54:46-04:00
4224;UHE Manso - Dique 1;Nobres;Agência Nacional de Energia Elétrica - ANEEL;Hidroelétrica;Alto;Baixo;446984;13;Verde;Verde;0,460;parcial;28,3;1;1;9;2;não;não;R06;"A6;B2;B3;B4;B5;B6;C2;C4;C5;C6;C7;D2;D3;D4;D5;D6;D7";Juara | Nobres | Novo Horizonte do Norte | Porto dos Gaúchos | São José do Rio Claro;;5;4;0.1.0-metodologica;2026-07-30T09:54:46-04:00
34718;Barragem 1 - Fazenda Dois Filhos;Nortelândia;MT - Secretaria de Estado do Meio Ambiente - SEMA;Paisagismo;Não Classificado;Não Classificado;8;4;Verde;Verde;0,330;insuficiente;12,1;2;2;0;0;não avaliado;;R06;"A6;B2;B3;B4;B5;B6;C1;C2;C3;C4;C5;C6;C7;D1;D2;D3;D4;D5;D6;D7;D8";;Alto Garças | Alto Taquari | Araputanga | Arenápolis | Barra do Bugres | Chapada dos Guimarães | Cuiabá | Cáceres | Denise | Diamantino | Guiratinga | Indiavaí | Itiquira | Jaciara | Jangada | Jauru | Juscimeira | Mirassol d'Oeste | Nossa Senhora do Livramento | Nova Marilândia | Nova Olímpia | Pedra Preta | Poconé | Porto Esperidião | Poxoréu | Rio Branco | Rondonópolis | Rosário Oeste | Salto do Céu | Santo Afonso | Santo Antônio de Leverger | São José do Povo | São José dos Quatro Marcos | Tangará da Serra | Várzea Grande;0;0;0.1.0-metodologica;2026-07-30T09:54:46-04:00
5169;CGH Diamante - Diamante;Nortelândia;Agência Nacional de Energia Elétrica - ANEEL;Hidroelétrica;Médio;Baixo;8999972;9;Verde;Verde;0,410;parcial;22,0;2;1;5;1;não avaliado;;R06;"A6;B2;B3;B4;B5;B6;C2;C3;C4;C5;C6;C7;D2;D3;D4;D5;D6;D7;D8";Barra do Bugres | Nortelândia;;2;1;0.1.0-metodologica;2026-07-30T09:54:46-04:00
35637;BA-01;Nossa Senhora do Livramento;MT - Secretaria de Estado do Meio Ambiente - SEMA;Industrial;Baixo;Médio;8965742;18;Amarelo;Verde;0,470;parcial;38,3;5;3;9;1;não;não;"R06;R10;R11";"B2;B3;B4;B5;B6;C2;C4;C5;C6;C7;D1;D2;D3;D4;D5;D6;D7";Cuiabá | Nossa Senhora do Livramento | Várzea Grande;;3;2;0.1.0-metodologica;2026-07-30T09:54:46-04:00
1267;BACIA DE REJEITO MINERGOLD;Nossa Senhora do Livramento;Agência Nacional de Mineração - ANM;Contenção de rejeitos de mineração;Baixo;Médio;89657184;22;Amarelo;Amarelo;0,610;parcial;36,1;5;6;11;0;não avaliado;;"R10;R11";"B4;B5;B6;C2;C4;C5;C6;C7;D1;D2;D3;D4;D5;D6;D7;D8";Nossa Senhora do Livramento;;1;0;0.1.0-metodologica;2026-07-30T09:54:46-04:00
26235;BARRAGEM COOP 01;Nossa Senhora do Livramento;Agência Nacional de Mineração - ANM;Contenção de rejeitos de mineração;Baixo;Baixo;89657184;20;Amarelo;Amarelo;0,610;parcial;32,8;5;4;11;0;não avaliado;;"R10;R11";"B4;B5;B6;C2;C4;C5;C6;C7;D1;D2;D3;D4;D5;D6;D7;D8";Nossa Senhora do Livramento;;1;0;0.1.0-metodologica;2026-07-30T09:54:46-04:00
27620;BARRAGEM DE MINERAÇÃO;Nossa Senhora do Livramento;Agência Nacional de Mineração - ANM;Contenção de rejeitos de mineração;Baixo;Baixo;8965718;11;Amarelo;Verde;0,520;parcial;21,2;5;4;2;0;não avaliado;;"R10;R11";"B4;B5;B6;C1;C2;C3;C4;C5;C6;C7;D1;D2;D3;D4;D5;D6;D7;D8";;Várzea Grande;0;0;0.1.0-metodologica;2026-07-30T09:54:46-04:00
34483;BARRAGEM MANAH 1;Nossa Senhora do Livramento;Agência Nacional de Mineração - ANM;Contenção de rejeitos de mineração;Alto;Alto;899228;19;Verde;Verde;0,480;parcial;39,6;2;15;2;0;não avaliado;;;"A6;B4;B5;B6;C1;C2;C3;C4;C5;C6;C7;D1;D2;D3;D4;D5;D6;D7;D8";;;0;0;0.1.0-metodologica;2026-07-30T09:54:46-04:00
26240;BP-01;Nossa Senhora do Livramento;Agência Nacional de Mineração - ANM;Contenção de rejeitos de mineração;Baixo;Médio;8965718;13;Amarelo;Verde;0,520;parcial;25,0;5;6;2;0;não avaliado;;"R10;R11";"B4;B5;B6;C1;C2;C3;C4;C5;C6;C7;D1;D2;D3;D4;D5;D6;D7;D8";;Várzea Grande;0;0;0.1.0-metodologica;2026-07-30T09:54:46-04:00
26241;BP-02;Nossa Senhora do Livramento;Agência Nacional de Mineração - ANM;Contenção de rejeitos de mineração;Baixo;Médio;8965718;13;Amarelo;Verde;0,520;parcial;25,0;5;6;2;0;não avaliado;;"R10;R11";"B4;B5;B6;C1;C2;C3;C4;C5;C6;C7;D1;D2;D3;D4;D5;D6;D7;D8";;Várzea Grande;0;0;0.1.0-metodologica;2026-07-30T09:54:46-04:00
29384;BR SANTA FELICIDADE 04;Nossa Senhora do Livramento;Agência Nacional de Mineração - ANM;Contenção de rejeitos de mineração;Baixo;Baixo;8965742;21;Amarelo;Amarelo;0,620;parcial;33,9;5;4;11;1;não;não;"R10;R11";"B4;B5;B6;C2;C4;C5;C6;C7;D1;D2;D3;D4;D5;D6;D7";Cuiabá | Nossa Senhora do Livramento | Várzea Grande;;3;2;0.1.0-metodologica;2026-07-30T09:54:46-04:00
26671;Barragem 2;Nossa Senhora do Livramento;MT - Secretaria de Estado do Meio Ambiente - SEMA;Industrial;Baixo;Baixo;89922;3;Verde;Verde;0,330;insuficiente;9,1;2;1;0;0;não avaliado;;R06;"A6;B2;B3;B4;B5;B6;C1;C2;C3;C4;C5;C6;C7;D1;D2;D3;D4;D5;D6;D7;D8";;Poconé;0;0;0.1.0-metodologica;2026-07-30T09:54:46-04:00
31722;Barragem 2  Fazenda Sossego;Nossa Senhora do Livramento;MT - Secretaria de Estado do Meio Ambiente - SEMA;Industrial;Baixo;Médio;89657186;8;Amarelo;Verde;0,370;insuficiente;21,6;5;3;0;0;não avaliado;;"R06;R10;R11";"B2;B3;B4;B5;B6;C1;C2;C3;C4;C5;C6;C7;D1;D2;D3;D4;D5;D6;D7;D8";;;0;0;0.1.0-metodologica;2026-07-30T09:54:46-04:00
34856;Barragem GMX;Nossa Senhora do Livramento;Agência Nacional de Mineração - ANM;Contenção de rejeitos de mineração;Baixo;Baixo;8965742;21;Amarelo;Amarelo;0,620;parcial;33,9;5;4;11;1;não;não;"R10;R11";"B4;B5;B6;C2;C4;C5;C6;C7;D1;D2;D3;D4;D5;D6;D7";Cuiabá | Nossa Senhora do Livramento | Várzea Grande;;3;2;0.1.0-metodologica;2026-07-30T09:54:46-04:00
26156;Barragem JL;Nossa Senhora do Livramento;Agência Nacional de Mineração - ANM;Contenção de rejeitos de mineração;Baixo;Baixo;8965742;21;Amarelo;Amarelo;0,620;parcial;33,9;5;4;11;1;não;não;"R10;R11";"B4;B5;B6;C2;C4;C5;C6;C7;D1;D2;D3;D4;D5;D6;D7";Cuiabá | Nossa Senhora do Livramento | Várzea Grande;;3;2;0.1.0-metodologica;2026-07-30T09:54:46-04:00
34750;Barragem Mutuca;Nossa Senhora do Livramento;MT - Secretaria de Estado do Meio Ambiente - SEMA;Industrial;Baixo;Não Classificado;8992284;4;Verde;Verde;0,330;insuficiente;12,1;2;2;0;0;não avaliado;;R06;"A6;B2;B3;B4;B5;B6;C1;C2;C3;C4;C5;C6;C7;D1;D2;D3;D4;D5;D6;D7;D8";;;0;0;0.1.0-metodologica;2026-07-30T09:54:46-04:00
8014;Barragem Salinas 1;Nossa Senhora do Livramento;Agência Nacional de Mineração - ANM;Contenção de rejeitos de mineração;Baixo;Médio;89922;10;Verde;Verde;0,480;parcial;20,8;2;6;2;0;não avaliado;;;"A6;B4;B5;B6;C1;C2;C3;C4;C5;C6;C7;D1;D2;D3;D4;D5;D6;D7;D8";;Poconé;0;0;0.1.0-metodologica;2026-07-30T09:54:46-04:00
33351;Barragem Taquaral I;Nossa Senhora do Livramento;MT - Secretaria de Estado do Meio Ambiente - SEMA;Dessedentação Animal;Baixo;Médio;8992;5;Verde;Verde;0,330;insuficiente;15,2;2;3;0;0;não avaliado;;R06;"A6;B2;B3;B4;B5;B6;C1;C2;C3;C4;C5;C6;C7;D1;D2;D3;D4;D5;D6;D7;D8";;Poconé;0;0;0.1.0-metodologica;2026-07-30T09:54:46-04:00
35108;Barragem VI (montante);Nossa Senhora do Livramento;MT - Secretaria de Estado do Meio Ambiente - SEMA;Aquicultura;Baixo;Médio;8965882;18;Amarelo;Verde;0,470;parcial;38,3;5;3;9;1;não;não;"R06;R10;R11";"B2;B3;B4;B5;B6;C2;C4;C5;C6;C7;D1;D2;D3;D4;D5;D6;D7";Cuiabá | Nossa Senhora do Livramento | Várzea Grande;;3;2;0.1.0-metodologica;2026-07-30T09:54:46-04:00
35107;Barragem VII (montante);Nossa Senhora do Livramento;MT - Secretaria de Estado do Meio Ambiente - SEMA;Aquicultura;Baixo;Médio;8965882;18;Amarelo;Verde;0,470;parcial;38,3;5;3;9;1;não;não;"R06;R10;R11";"B2;B3;B4;B5;B6;C2;C4;C5;C6;C7;D1;D2;D3;D4;D5;D6;D7";Cuiabá | Nossa Senhora do Livramento | Várzea Grande;;3;2;0.1.0-metodologica;2026-07-30T09:54:46-04:00
35106;Barragem VIII (principal);Nossa Senhora do Livramento;MT - Secretaria de Estado do Meio Ambiente - SEMA;Aquicultura;Baixo;Médio;8965882;18;Amarelo;Verde;0,470;parcial;38,3;5;3;9;1;não;não;"R06;R10;R11";"B2;B3;B4;B5;B6;C2;C4;C5;C6;C7;D1;D2;D3;D4;D5;D6;D7";Cuiabá | Nossa Senhora do Livramento | Várzea Grande;;3;2;0.1.0-metodologica;2026-07-30T09:54:46-04:00
35115;Barragem XIX;Nossa Senhora do Livramento;MT - Secretaria de Estado do Meio Ambiente - SEMA;Aquicultura;Baixo;Médio;8965898;18;Amarelo;Verde;0,470;parcial;38,3;5;3;9;1;não;não;"R06;R10;R11";"B2;B3;B4;B5;B6;C2;C4;C5;C6;C7;D1;D2;D3;D4;D5;D6;D7";Cuiabá | Nossa Senhora do Livramento | Várzea Grande;;3;2;0.1.0-metodologica;2026-07-30T09:54:46-04:00
35102;Barragem XVII;Nossa Senhora do Livramento;MT - Secretaria de Estado do Meio Ambiente - SEMA;Aquicultura;Baixo;Médio;89658;18;Amarelo;Verde;0,470;parcial;38,3;5;3;9;1;não;não;"R06;R10;R11";"B2;B3;B4;B5;B6;C2;C4;C5;C6;C7;D1;D2;D3;D4;D5;D6;D7";Cuiabá | Jangada | Nossa Senhora do Livramento | Várzea Grande;;4;3;0.1.0-metodologica;2026-07-30T09:54:46-04:00
35116;Barragem XVIII;Nossa Senhora do Livramento;MT - Secretaria de Estado do Meio Ambiente - SEMA;Aquicultura;Baixo;Médio;8965898;18;Amarelo;Verde;0,470;parcial;38,3;5;3;9;1;não;não;"R06;R10;R11";"B2;B3;B4;B5;B6;C2;C4;C5;C6;C7;D1;D2;D3;D4;D5;D6;D7";Cuiabá | Nossa Senhora do Livramento | Várzea Grande;;3;2;0.1.0-metodologica;2026-07-30T09:54:46-04:00
29382;Barragem de Rejeito - Mineração Ouro Fino;Nossa Senhora do Livramento;Agência Nacional de Mineração - ANM;Contenção de rejeitos de mineração;Baixo;Baixo;8965718;11;Amarelo;Verde;0,520;parcial;21,2;5;4;2;0;não avaliado;;"R10;R11";"B4;B5;B6;C1;C2;C3;C4;C5;C6;C7;D1;D2;D3;D4;D5;D6;D7;D8";;Várzea Grande;0;0;0.1.0-metodologica;2026-07-30T09:54:46-04:00
578;Barragem de Rejeito Max;Nossa Senhora do Livramento;Agência Nacional de Mineração - ANM;Contenção de rejeitos de mineração;Médio;Médio;8965714;14;Amarelo;Verde;0,550;parcial;25,5;5;6;2;1;não avaliado;;"R10;R11";"B4;B5;B6;C1;C2;C3;C4;C5;C6;C7;D2;D3;D4;D5;D6;D7;D8";;;0;0;0.1.0-metodologica;2026-07-30T09:54:46-04:00
5648;Barragem do Serginho;Nossa Senhora do Livramento;Agência Nacional de Mineração - ANM;Contenção de rejeitos de mineração;Médio;Alto;8965714;23;Amarelo;Amarelo;0,550;parcial;41,8;5;15;2;1;não avaliado;;"R10;R11";"B4;B5;B6;C1;C2;C3;C4;C5;C6;C7;D2;D3;D4;D5;D6;D7;D8";;;0;0;0.1.0-metodologica;2026-07-30T09:54:46-04:00
27624;Barragem_Valdenir2;Nossa Senhora do Livramento;Agência Nacional de Mineração - ANM;Contenção de rejeitos de mineração;Baixo;Médio;8965742;20;Amarelo;Amarelo;0,470;parcial;42,6;5;3;11;1;não;não;"R06;R10;R11";"B2;B3;B4;B5;B6;C2;C4;C5;C6;C7;D1;D2;D3;D4;D5;D6;D7";Cuiabá | Nossa Senhora do Livramento | Várzea Grande;;3;2;0.1.0-metodologica;2026-07-30T09:54:46-04:00
35856;Barramento Salinas 2;Nossa Senhora do Livramento;MT - Secretaria de Estado do Meio Ambiente - SEMA;Industrial;Baixo;Alto;89922;7;Verde;Verde;0,330;insuficiente;21,2;2;5;0;0;não avaliado;;R06;"A6;B2;B3;B4;B5;B6;C1;C2;C3;C4;C5;C6;C7;D1;D2;D3;D4;D5;D6;D7;D8";;Poconé;0;0;0.1.0-metodologica;2026-07-30T09:54:46-04:00
19977;Campo Experimental Empaer;Nossa Senhora do Livramento;MT - Secretaria de Estado do Meio Ambiente - SEMA;Aquicultura;Não Classificado;Não Classificado;8965718;7;Amarelo;Verde;0,370;insuficiente;18,9;5;2;0;0;não avaliado;;"R06;R10;R11";"B2;B3;B4;B5;B6;C1;C2;C3;C4;C5;C6;C7;D1;D2;D3;D4;D5;D6;D7;D8";;Várzea Grande;0;0;0.1.0-metodologica;2026-07-30T09:54:46-04:00
8008;Estância Recreio;Nossa Senhora do Livramento;MT - Secretaria de Estado do Meio Ambiente - SEMA;Aquicultura;Baixo;Não se Aplica;896574;16;Amarelo;Verde;0,470;parcial;34,0;5;1;9;1;não;não;"R06;R10;R11";"B2;B3;B4;B5;B6;C2;C4;C5;C6;C7;D1;D2;D3;D4;D5;D6;D7";Cuiabá | Nossa Senhora do Livramento | Várzea Grande;;3;2;0.1.0-metodologica;2026-07-30T09:54:46-04:00
7994;Faz. Cabeça Branca - Barragem 01;Nossa Senhora do Livramento;MT - Secretaria de Estado do Meio Ambiente - SEMA;Aquicultura;Baixo;Não se Aplica;89658;16;Amarelo;Verde;0,470;parcial;34,0;5;1;9;1;não;não;"R06;R10;R11";"B2;B3;B4;B5;B6;C2;C4;C5;C6;C7;D1;D2;D3;D4;D5;D6;D7";Cuiabá | Jangada | Nossa Senhora do Livramento | Várzea Grande;;4;3;0.1.0-metodologica;2026-07-30T09:54:46-04:00
7993;Faz. Cabeça Branca - Barragem 02;Nossa Senhora do Livramento;MT - Secretaria de Estado do Meio Ambiente - SEMA;Aquicultura;Baixo;Não se Aplica;8965896;16;Amarelo;Verde;0,470;parcial;34,0;5;1;9;1;não;não;"R06;R10;R11";"B2;B3;B4;B5;B6;C2;C4;C5;C6;C7;D1;D2;D3;D4;D5;D6;D7";Cuiabá | Nossa Senhora do Livramento | Várzea Grande;;3;2;0.1.0-metodologica;2026-07-30T09:54:46-04:00
7991;Faz. Cabeça Branca - Barragem 04;Nossa Senhora do Livramento;MT - Secretaria de Estado do Meio Ambiente - SEMA;Aquicultura;Baixo;Não se Aplica;8965896;16;Amarelo;Verde;0,470;parcial;34,0;5;1;9;1;não;não;"R06;R10;R11";"B2;B3;B4;B5;B6;C2;C4;C5;C6;C7;D1;D2;D3;D4;D5;D6;D7";Cuiabá | Nossa Senhora do Livramento | Várzea Grande;;3;2;0.1.0-metodologica;2026-07-30T09:54:46-04:00
7990;Faz. Cabeça Branca - Barragem 05;Nossa Senhora do Livramento;MT - Secretaria de Estado do Meio Ambiente - SEMA;Aquicultura;Baixo;Não se Aplica;8965896;16;Amarelo;Verde;0,470;parcial;34,0;5;1;9;1;não;não;"R06;R10;R11";"B2;B3;B4;B5;B6;C2;C4;C5;C6;C7;D1;D2;D3;D4;D5;D6;D7";Cuiabá | Nossa Senhora do Livramento | Várzea Grande;;3;2;0.1.0-metodologica;2026-07-30T09:54:46-04:00
7989;Faz. Cabeça Branca - Barragem 06;Nossa Senhora do Livramento;MT - Secretaria de Estado do Meio Ambiente - SEMA;Aquicultura;Baixo;Não se Aplica;8965896;16;Amarelo;Verde;0,470;parcial;34,0;5;1;9;1;não;não;"R06;R10;R11";"B2;B3;B4;B5;B6;C2;C4;C5;C6;C7;D1;D2;D3;D4;D5;D6;D7";Cuiabá | Nossa Senhora do Livramento | Várzea Grande;;3;2;0.1.0-metodologica;2026-07-30T09:54:46-04:00
7992;Fazenda Cabeça Branca - Barragem 03;Nossa Senhora do Livramento;MT - Secretaria de Estado do Meio Ambiente - SEMA;Aquicultura;Baixo;Não se Aplica;8965896;16;Amarelo;Verde;0,470;parcial;34,0;5;1;9;1;não;não;"R06;R10;R11";"B2;B3;B4;B5;B6;C2;C4;C5;C6;C7;D1;D2;D3;D4;D5;D6;D7";Cuiabá | Nossa Senhora do Livramento | Várzea Grande;;3;2;0.1.0-metodologica;2026-07-30T09:54:46-04:00
20047;Fazenda Murici Sesmaria Molhado;Nossa Senhora do Livramento;MT - Secretaria de Estado do Meio Ambiente - SEMA;Aquicultura;Baixo;Não Classificado;89658992;17;Amarelo;Verde;0,470;parcial;36,2;5;2;9;1;não;não;"R06;R10;R11";"B2;B3;B4;B5;B6;C2;C4;C5;C6;C7;D1;D2;D3;D4;D5;D6;D7";Cuiabá | Nossa Senhora do Livramento | Várzea Grande;;3;2;0.1.0-metodologica;2026-07-30T09:54:46-04:00
20048;Fazenda Murici Sesmaria Molhado;Nossa Senhora do Livramento;MT - Secretaria de Estado do Meio Ambiente - SEMA;Recreação;Baixo;Não Classificado;89658992;17;Amarelo;Verde;0,470;parcial;36,2;5;2;9;1;não;não;"R06;R10;R11";"B2;B3;B4;B5;B6;C2;C4;C5;C6;C7;D1;D2;D3;D4;D5;D6;D7";Cuiabá | Nossa Senhora do Livramento | Várzea Grande;;3;2;0.1.0-metodologica;2026-07-30T09:54:46-04:00
20049;Fazenda Murici Sesmaria Molhado;Nossa Senhora do Livramento;MT - Secretaria de Estado do Meio Ambiente - SEMA;Aquicultura;Baixo;Não Classificado;89658992;17;Amarelo;Verde;0,470;parcial;36,2;5;2;9;1;não;não;"R06;R10;R11";"B2;B3;B4;B5;B6;C2;C4;C5;C6;C7;D1;D2;D3;D4;D5;D6;D7";Cuiabá | Nossa Senhora do Livramento | Várzea Grande;;3;2;0.1.0-metodologica;2026-07-30T09:54:46-04:00
22045;JABURU;Nossa Senhora do Livramento;Agência Nacional de Mineração - ANM;Contenção de rejeitos de mineração;Alto;Alto;8992274;20;Amarelo;Amarelo;0,510;parcial;39,2;2;15;2;1;não avaliado;;;"A6;B4;B5;B6;C1;C2;C3;C4;C5;C6;C7;D2;D3;D4;D5;D6;D7;D8";;;0;0;0.1.0-metodologica;2026-07-30T09:54:46-04:00
23802;JABURU 2;Nossa Senhora do Livramento;Agência Nacional de Mineração - ANM;Contenção de rejeitos de mineração;Baixo;Baixo;8992274;8;Verde;Verde;0,480;parcial;16,7;2;4;2;0;não avaliado;;;"A6;B4;B5;B6;C1;C2;C3;C4;C5;C6;C7;D1;D2;D3;D4;D5;D6;D7;D8";;;0;0;0.1.0-metodologica;2026-07-30T09:54:46-04:00
29386;LD-01;Nossa Senhora do Livramento;Agência Nacional de Mineração - ANM;Contenção de rejeitos de mineração;Baixo;Baixo;896;8;Verde;Verde;0,480;parcial;16,7;2;4;2;0;não avaliado;;;"A6;B4;B5;B6;C1;C2;C3;C4;C5;C6;C7;D1;D2;D3;D4;D5;D6;D7;D8";;Alto Garças | Chapada dos Guimarães | Cuiabá | Guiratinga | Itiquira | Jaciara | Jangada | Juscimeira | Pedra Preta | Poxoréu | Rondonópolis | Rosário Oeste | Santo Antônio de Leverger | São José do Povo | Várzea Grande;0;0;0.1.0-metodologica;2026-07-30T09:54:46-04:00
20403;MANÉ;Nossa Senhora do Livramento;Agência Nacional de Mineração - ANM;Contenção de rejeitos de mineração;Baixo;Baixo;899228;8;Verde;Verde;0,480;parcial;16,7;2;4;2;0;não avaliado;;;"A6;B4;B5;B6;C1;C2;C3;C4;C5;C6;C7;D1;D2;D3;D4;D5;D6;D7;D8";;;0;0;0.1.0-metodologica;2026-07-30T09:54:46-04:00
26171;MULTI 1;Nossa Senhora do Livramento;Agência Nacional de Mineração - ANM;Contenção de rejeitos de mineração;Baixo;Baixo;8965742;21;Amarelo;Amarelo;0,620;parcial;33,9;5;4;11;1;não;não;"R10;R11";"B4;B5;B6;C2;C4;C5;C6;C7;D1;D2;D3;D4;D5;D6;D7";Cuiabá | Nossa Senhora do Livramento | Várzea Grande;;3;2;0.1.0-metodologica;2026-07-30T09:54:46-04:00
29383;Mineração Livramento;Nossa Senhora do Livramento;Agência Nacional de Mineração - ANM;Contenção de rejeitos de mineração;Baixo;Baixo;89657184;20;Amarelo;Amarelo;0,610;parcial;32,8;5;4;11;0;não avaliado;;"R10;R11";"B4;B5;B6;C2;C4;C5;C6;C7;D1;D2;D3;D4;D5;D6;D7;D8";Nossa Senhora do Livramento;;1;0;0.1.0-metodologica;2026-07-30T09:54:46-04:00
340;Piscicultura São Rafael;Nossa Senhora do Livramento;MT - Secretaria de Estado do Meio Ambiente - SEMA;Aquicultura;Baixo;Não Classificado;89658;17;Amarelo;Verde;0,470;parcial;36,2;5;2;9;1;não;não;"R06;R10;R11";"B2;B3;B4;B5;B6;C2;C4;C5;C6;C7;D1;D2;D3;D4;D5;D6;D7";Cuiabá | Jangada | Nossa Senhora do Livramento | Várzea Grande;;4;3;0.1.0-metodologica;2026-07-30T09:54:46-04:00
22157;Rabo de Bica;Nossa Senhora do Livramento;Agência Nacional de Mineração - ANM;Contenção de rejeitos de mineração;Baixo;Baixo;8965714;11;Amarelo;Verde;0,520;parcial;21,2;5;4;2;0;não avaliado;;"R10;R11";"B4;B5;B6;C1;C2;C3;C4;C5;C6;C7;D1;D2;D3;D4;D5;D6;D7;D8";;;0;0;0.1.0-metodologica;2026-07-30T09:54:46-04:00
26536;SAAF;Nossa Senhora do Livramento;MT - Secretaria de Estado do Meio Ambiente - SEMA;Abastecimento humano;Não Classificado;Não Classificado;899228;4;Verde;Verde;0,330;insuficiente;12,1;2;2;0;0;não avaliado;;R06;"A6;B2;B3;B4;B5;B6;C1;C2;C3;C4;C5;C6;C7;D1;D2;D3;D4;D5;D6;D7;D8";;;0;0;0.1.0-metodologica;2026-07-30T09:54:46-04:00
31258;Salinas;Nossa Senhora do Livramento;MT - Secretaria de Estado do Meio Ambiente - SEMA;Industrial;Baixo;Médio;89922;5;Verde;Verde;0,330;insuficiente;15,2;2;3;0;0;não avaliado;;R06;"A6;B2;B3;B4;B5;B6;C1;C2;C3;C4;C5;C6;C7;D1;D2;D3;D4;D5;D6;D7;D8";;Poconé;0;0;0.1.0-metodologica;2026-07-30T09:54:46-04:00
5563;Santa Maria;Nossa Senhora do Livramento;Agência Nacional de Mineração - ANM;Contenção de rejeitos de mineração;Médio;Alto;8965744;33;Amarelo;Amarelo;0,650;parcial;50,8;5;15;11;2;não;não;"R10;R11";"B4;B5;B6;C2;C4;C5;C6;C7;D2;D3;D4;D5;D6;D7";Cuiabá | Nossa Senhora do Livramento | Várzea Grande;;3;2;0.1.0-metodologica;2026-07-30T09:54:46-04:00
5645;Santa Tereza;Nossa Senhora do Livramento;Agência Nacional de Mineração - ANM;Contenção de rejeitos de mineração;Médio;Médio;8965716;14;Amarelo;Verde;0,550;parcial;25,5;5;6;2;1;não avaliado;;"R10;R11";"B4;B5;B6;C1;C2;C3;C4;C5;C6;C7;D2;D3;D4;D5;D6;D7;D8";;;0;0;0.1.0-metodologica;2026-07-30T09:54:46-04:00
5646;Santa Tereza II;Nossa Senhora do Livramento;Agência Nacional de Mineração - ANM;Contenção de sedimentos de mineração;Médio;Médio;8965716;14;Amarelo;Verde;0,550;parcial;25,5;5;6;2;1;não avaliado;;"R10;R11";"B4;B5;B6;C1;C2;C3;C4;C5;C6;C7;D2;D3;D4;D5;D6;D7;D8";;;0;0;0.1.0-metodologica;2026-07-30T09:54:46-04:00
26538;Sitio Pirapora;Nossa Senhora do Livramento;MT - Secretaria de Estado do Meio Ambiente - SEMA;Aquicultura;Baixo;Alto;896574;20;Amarelo;Amarelo;0,470;parcial;42,6;5;5;9;1;não;não;"R06;R10;R11";"B2;B3;B4;B5;B6;C2;C4;C5;C6;C7;D1;D2;D3;D4;D5;D6;D7";Cuiabá | Nossa Senhora do Livramento | Várzea Grande;;3;2;0.1.0-metodologica;2026-07-30T09:54:46-04:00
1282;TB01;Nossa Senhora do Livramento;Agência Nacional de Mineração - ANM;Contenção de rejeitos de mineração;Médio;Médio;89922;11;Verde;Verde;0,510;parcial;21,6;2;6;2;1;não avaliado;;;"A6;B4;B5;B6;C1;C2;C3;C4;C5;C6;C7;D2;D3;D4;D5;D6;D7;D8";;Poconé;0;0;0.1.0-metodologica;2026-07-30T09:54:46-04:00
26267;Tadeu;Nossa Senhora do Livramento;Agência Nacional de Mineração - ANM;Contenção de rejeitos de mineração;Baixo;Baixo;8965714;11;Amarelo;Verde;0,520;parcial;21,2;5;4;2;0;não avaliado;;"R10;R11";"B4;B5;B6;C1;C2;C3;C4;C5;C6;C7;D1;D2;D3;D4;D5;D6;D7;D8";;;0;0;0.1.0-metodologica;2026-07-30T09:54:46-04:00
33358;Taquaral II;Nossa Senhora do Livramento;MT - Secretaria de Estado do Meio Ambiente - SEMA;Dessedentação Animal;Baixo;Médio;8992;5;Verde;Verde;0,330;insuficiente;15,2;2;3;0;0;não avaliado;;R06;"A6;B2;B3;B4;B5;B6;C1;C2;C3;C4;C5;C6;C7;D1;D2;D3;D4;D5;D6;D7;D8";;Poconé;0;0;0.1.0-metodologica;2026-07-30T09:54:46-04:00
29376;VALE DO OURO;Nossa Senhora do Livramento;Agência Nacional de Mineração - ANM;Contenção de rejeitos de mineração;Baixo;Baixo;89922;5;Verde;Verde;0,330;insuficiente;15,2;2;1;2;0;não avaliado;;R06;"A6;B2;B3;B4;B5;B6;C1;C2;C3;C4;C5;C6;C7;D1;D2;D3;D4;D5;D6;D7;D8";;Poconé;0;0;0.1.0-metodologica;2026-07-30T09:54:46-04:00
26231;VALE GOLD;Nossa Senhora do Livramento;Agência Nacional de Mineração - ANM;Contenção de rejeitos de mineração;Baixo;Baixo;89922;8;Verde;Verde;0,480;parcial;16,7;2;4;2;0;não avaliado;;;"A6;B4;B5;B6;C1;C2;C3;C4;C5;C6;C7;D1;D2;D3;D4;D5;D6;D7;D8";;Poconé;0;0;0.1.0-metodologica;2026-07-30T09:54:46-04:00
27627;Barragem Novo Astro;Nova Bandeirantes;Agência Nacional de Mineração - ANM;Contenção de rejeitos de mineração;Baixo;Baixo;4456182;15;Verde;Verde;0,530;parcial;28,3;4;4;7;0;não avaliado;;;"A6;B4;B5;B6;C2;C3;C4;C5;C6;C7;D1;D2;D3;D4;D5;D6;D7;D8";Nova Bandeirantes;;1;0;0.1.0-metodologica;2026-07-30T09:54:46-04:00
27549;Novo Astro I;Nova Bandeirantes;Agência Nacional de Mineração - ANM;Contenção de rejeitos de mineração;Baixo;Baixo;4456182;15;Verde;Verde;0,530;parcial;28,3;4;4;7;0;não avaliado;;;"A6;B4;B5;B6;C2;C3;C4;C5;C6;C7;D1;D2;D3;D4;D5;D6;D7;D8";Nova Bandeirantes;;1;0;0.1.0-metodologica;2026-07-30T09:54:46-04:00
20119;Faz. Olho d'Água;Nova Canaã do Norte;MT - Secretaria de Estado do Meio Ambiente - SEMA;Dessedentação Animal;Baixo;Não Classificado;4447242;9;Amarelo;Verde;0,420;parcial;21,4;2;2;5;0;não avaliado;;"R06;R10;R11";"B2;B3;B4;B5;B6;C2;C3;C4;C5;C6;C7;D1;D2;D3;D4;D5;D6;D7;D8";Alta Floresta | Carlinda;;2;2;0.1.0-metodologica;2026-07-30T09:54:46-04:00
20114;Faz. Telles Pires;Nova Canaã do Norte;MT - Secretaria de Estado do Meio Ambiente - SEMA;Dessedentação Animal;Baixo;Não Classificado;444;2;Verde;Verde;0,330;insuficiente;6,1;0;2;0;0;não avaliado;;R06;"A6;B2;B3;B4;B5;B6;C1;C2;C3;C4;C5;C6;C7;D1;D2;D3;D4;D5;D6;D7;D8";;Alta Floresta | Carlinda | Ipiranga do Norte | Itaúba | Lucas do Rio Verde | Nova Santa Helena | Paranaíta | Santa Rita do Trivelato | Sinop | Sorriso | Tapurah | Terra Nova do Norte | Vera;0;0;0.1.0-metodologica;2026-07-30T09:54:46-04:00
20033;Fazenda Eldorado;Nova Canaã do Norte;MT - Secretaria de Estado do Meio Ambiente - SEMA;Dessedentação Animal;Não Classificado;Não Classificado;44473332;9;Amarelo;Verde;0,420;parcial;21,4;2;2;5;0;não avaliado;;"R06;R10;R11";"B2;B3;B4;B5;B6;C2;C3;C4;C5;C6;C7;D1;D2;D3;D4;D5;D6;D7;D8";Alta Floresta | Carlinda | Nova Canaã do Norte;;3;2;0.1.0-metodologica;2026-07-30T09:54:46-04:00
35726;Fazenda Olho D'Água - Barramento 1;Nova Canaã do Norte;MT - Secretaria de Estado do Meio Ambiente - SEMA;Dessedentação Animal;Baixo;Médio;4447242;10;Amarelo;Verde;0,420;parcial;23,8;2;3;5;0;não avaliado;;"R06;R10;R11";"B2;B3;B4;B5;B6;C2;C3;C4;C5;C6;C7;D1;D2;D3;D4;D5;D6;D7;D8";Alta Floresta | Carlinda;;2;2;0.1.0-metodologica;2026-07-30T09:54:46-04:00
35727;Fazenda Olho D'Água - Barramento 2;Nova Canaã do Norte;MT - Secretaria de Estado do Meio Ambiente - SEMA;Dessedentação Animal;Baixo;Médio;4447242;10;Amarelo;Verde;0,420;parcial;23,8;2;3;5;0;não avaliado;;"R06;R10;R11";"B2;B3;B4;B5;B6;C2;C3;C4;C5;C6;C7;D1;D2;D3;D4;D5;D6;D7;D8";Alta Floresta | Carlinda;;2;2;0.1.0-metodologica;2026-07-30T09:54:46-04:00
4814;UHE Colíder - Colíder;Nova Canaã do Norte;Agência Nacional de Energia Elétrica - ANEEL;Hidroelétrica;Alto;Baixo;444;2;Verde;Verde;0,360;insuficiente;5,6;0;1;0;1;não avaliado;;R06;"A6;B2;B3;B4;B5;B6;C1;C2;C3;C4;C5;C6;C7;D2;D3;D4;D5;D6;D7;D8";;Alta Floresta | Carlinda | Ipiranga do Norte | Itaúba | Lucas do Rio Verde | Nova Santa Helena | Paranaíta | Santa Rita do Trivelato | Sinop | Sorriso | Tapurah | Terra Nova do Norte | Vera;0;0;0.1.0-metodologica;2026-07-30T09:54:46-04:00
1263;B5;Nova Lacerda;Agência Nacional de Mineração - ANM;Contenção de rejeitos de mineração;Médio;Baixo;4699474;16;Verde;Verde;0,560;parcial;28,6;4;4;7;1;não avaliado;;;"A6;B4;B5;B6;C2;C3;C4;C5;C6;C7;D2;D3;D4;D5;D6;D7;D8";Comodoro | Nova Lacerda;;2;1;0.1.0-metodologica;2026-07-30T09:54:46-04:00
35857;BARRAGEM FORTALEZA;Nova Lacerda;MT - Secretaria de Estado do Meio Ambiente - SEMA;Irrigação;Médio;Alto;46993962;15;Verde;Verde;0,380;insuficiente;39,5;5;5;5;0;não avaliado;;R06;"A6;B2;B3;B4;B5;B6;C2;C3;C4;C5;C6;C7;D1;D2;D3;D4;D5;D6;D7;D8";Nova Lacerda;;1;0;0.1.0-metodologica;2026-07-30T09:54:46-04:00
36068;BARRAGEM TRIUNFO IV;Nova Lacerda;MT - Secretaria de Estado do Meio Ambiente - SEMA;Irrigação;Baixo;Alto;46994;13;Verde;Verde;0,380;insuficiente;34,2;3;5;5;0;não avaliado;;R06;"A6;B2;B3;B4;B5;B6;C2;C3;C4;C5;C6;C7;D1;D2;D3;D4;D5;D6;D7;D8";Comodoro | Nova Lacerda;Conquista D'Oeste;2;1;0.1.0-metodologica;2026-07-30T09:54:46-04:00
35120;Barragem Sankara;Nova Lacerda;Agência Nacional de Mineração - ANM;Contenção de rejeitos de mineração;Baixo;Baixo;4699476;15;Verde;Verde;0,530;parcial;28,3;4;4;7;0;não avaliado;;;"A6;B4;B5;B6;C2;C3;C4;C5;C6;C7;D1;D2;D3;D4;D5;D6;D7;D8";Comodoro | Nova Lacerda;;2;1;0.1.0-metodologica;2026-07-30T09:54:46-04:00
34225;CGH Fazenda Galera 1 - Galera 1A;Nova Lacerda;Agência Nacional de Energia Elétrica - ANEEL;Hidroelétrica;Baixo;Baixo;4699484;9;Verde;Verde;0,380;insuficiente;23,7;3;1;5;0;não avaliado;;R06;"A6;B2;B3;B4;B5;B6;C2;C3;C4;C5;C6;C7;D1;D2;D3;D4;D5;D6;D7;D8";Comodoro | Nova Lacerda;;2;1;0.1.0-metodologica;2026-07-30T09:54:46-04:00
24107;CGH MAX-01 (Nova Lacerda)  - NOVA LACERDA;Nova Lacerda;Agência Nacional de Energia Elétrica - ANEEL;Hidroelétrica;Baixo;Baixo;4699482;9;Verde;Verde;0,380;insuficiente;23,7;3;1;5;0;não avaliado;;R06;"A6;B2;B3;B4;B5;B6;C2;C3;C4;C5;C6;C7;D1;D2;D3;D4;D5;D6;D7;D8";Comodoro | Nova Lacerda;;2;1;0.1.0-metodologica;2026-07-30T09:54:46-04:00
34043;CGH Saxão - principal;Nova Lacerda;Agência Nacional de Energia Elétrica - ANEEL;Hidroelétrica;Baixo;Alto;469948;13;Verde;Verde;0,380;insuficiente;34,2;3;5;5;0;não avaliado;;R06;"A6;B2;B3;B4;B5;B6;C2;C3;C4;C5;C6;C7;D1;D2;D3;D4;D5;D6;D7;D8";Comodoro | Nova Lacerda;;2;1;0.1.0-metodologica;2026-07-30T09:54:46-04:00
4256;PCH Salto Corgão - Salto Corgão;Nova Lacerda;Agência Nacional de Energia Elétrica - ANEEL;Hidroelétrica;Baixo;Baixo;469948;10;Verde;Verde;0,410;parcial;24,4;3;1;5;1;não avaliado;;R06;"A6;B2;B3;B4;B5;B6;C2;C3;C4;C5;C6;C7;D2;D3;D4;D5;D6;D7;D8";Comodoro | Nova Lacerda;;2;1;0.1.0-metodologica;2026-07-30T09:54:46-04:00
36532;Barragem Gran Fish - Jusante;Nova Marilândia;MT - Secretaria de Estado do Meio Ambiente - SEMA;Aquicultura;Baixo;Alto;899994;12;Verde;Verde;0,380;insuficiente;31,6;2;5;5;0;não avaliado;;R06;"A6;B2;B3;B4;B5;B6;C2;C3;C4;C5;C6;C7;D1;D2;D3;D4;D5;D6;D7;D8";Barra do Bugres;;1;1;0.1.0-metodologica;2026-07-30T09:54:46-04:00
36533;Barragem Gran Fish – Montante;Nova Marilândia;MT - Secretaria de Estado do Meio Ambiente - SEMA;Aquicultura;Baixo;Alto;899994;12;Verde;Verde;0,380;insuficiente;31,6;2;5;5;0;não avaliado;;R06;"A6;B2;B3;B4;B5;B6;C2;C3;C4;C5;C6;C7;D1;D2;D3;D4;D5;D6;D7;D8";Barra do Bugres;;1;1;0.1.0-metodologica;2026-07-30T09:54:46-04:00
30884;Barragem na Fazenda Paulista III;Nova Marilândia;MT - Secretaria de Estado do Meio Ambiente - SEMA;Aquicultura;Médio;Médio;899994;10;Verde;Verde;0,380;insuficiente;26,3;2;3;5;0;não avaliado;;R06;"A6;B2;B3;B4;B5;B6;C2;C3;C4;C5;C6;C7;D1;D2;D3;D4;D5;D6;D7;D8";Barra do Bugres;;1;1;0.1.0-metodologica;2026-07-30T09:54:46-04:00
4218;PCH Maracanã - Córrego Maracanã;Nova Marilândia;Agência Nacional de Energia Elétrica - ANEEL;Hidroelétrica;Baixo;Baixo;899874;7;Verde;Verde;0,380;insuficiente;18,4;2;1;4;0;não avaliado;;R06;"A6;B2;B3;B4;B5;B6;C2;C3;C4;C5;C6;C7;D1;D2;D3;D4;D5;D6;D7;D8";Nova Marilândia;;1;0;0.1.0-metodologica;2026-07-30T09:54:46-04:00
20146;Sítio São José;Nova Marilândia;MT - Secretaria de Estado do Meio Ambiente - SEMA;Industrial;Baixo;Médio;899994;10;Verde;Verde;0,380;insuficiente;26,3;2;3;5;0;não avaliado;;R06;"A6;B2;B3;B4;B5;B6;C2;C3;C4;C5;C6;C7;D1;D2;D3;D4;D5;D6;D7;D8";Barra do Bugres;;1;1;0.1.0-metodologica;2026-07-30T09:54:46-04:00
35166;Barramento (montante) - Fazenda Ranchinho;Nova Maringá;MT - Secretaria de Estado do Meio Ambiente - SEMA;Irrigação;Baixo;Médio;448928;9;Verde;Verde;0,380;insuficiente;23,7;1;3;5;0;não avaliado;;R06;"A6;B2;B3;B4;B5;B6;C2;C3;C4;C5;C6;C7;D1;D2;D3;D4;D5;D6;D7;D8";Nova Maringá;;1;0;0.1.0-metodologica;2026-07-30T09:54:46-04:00
35025;CGH DUAS PONTES - Barramento Duas Pontes;Nova Maringá;Agência Nacional de Energia Elétrica - ANEEL;Hidroelétrica;Baixo;Baixo;4466;7;Verde;Verde;0,380;insuficiente;18,4;1;1;5;0;não avaliado;;R06;"A6;B2;B3;B4;B5;B6;C2;C3;C4;C5;C6;C7;D1;D2;D3;D4;D5;D6;D7;D8";Juara | Novo Horizonte do Norte | Porto dos Gaúchos;;3;3;0.1.0-metodologica;2026-07-30T09:54:46-04:00
7988;Faz. Ponte de Pedra;Nova Maringá;MT - Secretaria de Estado do Meio Ambiente - SEMA;Aquicultura;Baixo;Não se Aplica;448914;7;Verde;Verde;0,380;insuficiente;18,4;1;1;5;0;não avaliado;;R06;"A6;B2;B3;B4;B5;B6;C2;C3;C4;C5;C6;C7;D1;D2;D3;D4;D5;D6;D7;D8";Nova Maringá;;1;0;0.1.0-metodologica;2026-07-30T09:54:46-04:00
36474;Fazenda Centro Oeste;Nova Maringá;MT - Secretaria de Estado do Meio Ambiente - SEMA;Irrigação;Baixo;Alto;448936;11;Verde;Verde;0,380;insuficiente;28,9;1;5;5;0;não avaliado;;R06;"A6;B2;B3;B4;B5;B6;C2;C3;C4;C5;C6;C7;D1;D2;D3;D4;D5;D6;D7;D8";Nova Maringá;;1;0;0.1.0-metodologica;2026-07-30T09:54:46-04:00
35165;Fazenda Ranchinho ? Barramento (Principal);Nova Maringá;MT - Secretaria de Estado do Meio Ambiente - SEMA;Irrigação;Baixo;Médio;448928;9;Verde;Verde;0,380;insuficiente;23,7;1;3;5;0;não avaliado;;R06;"A6;B2;B3;B4;B5;B6;C2;C3;C4;C5;C6;C7;D1;D2;D3;D4;D5;D6;D7;D8";Nova Maringá;;1;0;0.1.0-metodologica;2026-07-30T09:54:46-04:00
23632;Massa d'Água #203851;Nova Maringá;Agência Nacional de Águas e Saneamento Básico - ANA;Irrigação;Não Classificado;Não Classificado;44896;8;Verde;Verde;0,380;insuficiente;21,1;1;2;5;0;não avaliado;;R06;"A6;B2;B3;B4;B5;B6;C2;C3;C4;C5;C6;C7;D1;D2;D3;D4;D5;D6;D7;D8";Nova Maringá;;1;0;0.1.0-metodologica;2026-07-30T09:54:46-04:00
4172;PCH Garganta da Jararaca - Garganta da Jararaca;Nova Maringá;Agência Nacional de Energia Elétrica - ANEEL;Hidroelétrica;Alto;Baixo;4488;3;Verde;Verde;0,360;insuficiente;8,3;1;1;0;1;não avaliado;;R06;"A6;B2;B3;B4;B5;B6;C1;C2;C3;C4;C5;C6;C7;D2;D3;D4;D5;D6;D7;D8";;Campo Novo do Parecis;0;0;0.1.0-metodologica;2026-07-30T09:54:46-04:00
4278;PCH Inxú - S/N;Nova Maringá;Agência Nacional de Energia Elétrica - ANEEL;Hidroelétrica;Alto;Baixo;4488;5;Verde;Verde;0,360;insuficiente;13,9;1;1;0;3;não avaliado;;R06;"A6;B2;B3;B4;B5;B6;C1;C2;C3;C4;C5;C6;C7;D2;D3;D4;D5;D6;D7;D8";;Campo Novo do Parecis;0;0;0.1.0-metodologica;2026-07-30T09:54:46-04:00
31665;Barramento Fazenda Sossego 2;Nova Mutum;MT - Secretaria de Estado do Meio Ambiente - SEMA;Irrigação;Baixo;Alto;44658;12;Verde;Verde;0,380;insuficiente;31,6;2;5;5;0;não avaliado;;R06;"A6;B2;B3;B4;B5;B6;C2;C3;C4;C5;C6;C7;D1;D2;D3;D4;D5;D6;D7;D8";Juara | Novo Horizonte do Norte | Porto dos Gaúchos;;3;3;0.1.0-metodologica;2026-07-30T09:54:46-04:00
20078;Faz. Karnoski;Nova Mutum;MT - Secretaria de Estado do Meio Ambiente - SEMA;Aquicultura;Baixo;Não Classificado;44486;8;Verde;Verde;0,380;insuficiente;21,1;1;2;5;0;não avaliado;;R06;"A6;B2;B3;B4;B5;B6;C2;C3;C4;C5;C6;C7;D1;D2;D3;D4;D5;D6;D7;D8";Alta Floresta | Carlinda | Ipiranga do Norte | Itaúba | Nova Canaã do Norte | Sinop | Sorriso | Tapurah;;8;8;0.1.0-metodologica;2026-07-30T09:54:46-04:00
8023;Faz. Mafra - Barragem 01;Nova Mutum;MT - Secretaria de Estado do Meio Ambiente - SEMA;Irrigação;Baixo;Não se Aplica;44678;8;Verde;Verde;0,380;insuficiente;21,1;2;1;5;0;não avaliado;;R06;"A6;B2;B3;B4;B5;B6;C2;C3;C4;C5;C6;C7;D1;D2;D3;D4;D5;D6;D7;D8";Juara | Novo Horizonte do Norte | Porto dos Gaúchos;;3;3;0.1.0-metodologica;2026-07-30T09:54:46-04:00
8027;Faz. Mafra - Barragem 02;Nova Mutum;MT - Secretaria de Estado do Meio Ambiente - SEMA;Irrigação;Baixo;Não se Aplica;446788;8;Verde;Verde;0,380;insuficiente;21,1;2;1;5;0;não avaliado;;R06;"A6;B2;B3;B4;B5;B6;C2;C3;C4;C5;C6;C7;D1;D2;D3;D4;D5;D6;D7;D8";Juara | Novo Horizonte do Norte | Porto dos Gaúchos;;3;3;0.1.0-metodologica;2026-07-30T09:54:46-04:00
8019;Faz. Mafra - Barragem 03;Nova Mutum;MT - Secretaria de Estado do Meio Ambiente - SEMA;Irrigação;Baixo;Não se Aplica;44692122;7;Verde;Verde;0,380;insuficiente;18,4;1;1;5;0;não avaliado;;R06;"A6;B2;B3;B4;B5;B6;C2;C3;C4;C5;C6;C7;D1;D2;D3;D4;D5;D6;D7;D8";Juara | Nova Mutum | Novo Horizonte do Norte | Porto dos Gaúchos | São José do Rio Claro;;5;4;0.1.0-metodologica;2026-07-30T09:54:46-04:00
8015;Faz. Porta do Céu;Nova Mutum;MT - Secretaria de Estado do Meio Ambiente - SEMA;Irrigação;Baixo;Não se Aplica;446742;8;Verde;Verde;0,380;insuficiente;21,1;2;1;5;0;não avaliado;;R06;"A6;B2;B3;B4;B5;B6;C2;C3;C4;C5;C6;C7;D1;D2;D3;D4;D5;D6;D7;D8";Juara | Novo Horizonte do Norte | Porto dos Gaúchos;;3;3;0.1.0-metodologica;2026-07-30T09:54:46-04:00
8018;Faz. Propecus - Lagoa 02;Nova Mutum;MT - Secretaria de Estado do Meio Ambiente - SEMA;Irrigação;Baixo;Não se Aplica;446784;8;Verde;Verde;0,380;insuficiente;21,1;2;1;5;0;não avaliado;;R06;"A6;B2;B3;B4;B5;B6;C2;C3;C4;C5;C6;C7;D1;D2;D3;D4;D5;D6;D7;D8";Juara | Novo Horizonte do Norte | Porto dos Gaúchos;;3;3;0.1.0-metodologica;2026-07-30T09:54:46-04:00
8020;Faz. Propecus - Lagoa 04;Nova Mutum;MT - Secretaria de Estado do Meio Ambiente - SEMA;Irrigação;Baixo;Não se Aplica;446786;8;Verde;Verde;0,380;insuficiente;21,1;2;1;5;0;não avaliado;;R06;"A6;B2;B3;B4;B5;B6;C2;C3;C4;C5;C6;C7;D1;D2;D3;D4;D5;D6;D7;D8";Juara | Novo Horizonte do Norte | Porto dos Gaúchos;;3;3;0.1.0-metodologica;2026-07-30T09:54:46-04:00
36499;Fazenda Buriti  - Barramento Montante 1;Nova Mutum;MT - Secretaria de Estado do Meio Ambiente - SEMA;Aquicultura;Baixo;Alto;4469522;11;Verde;Verde;0,380;insuficiente;28,9;1;5;5;0;não avaliado;;R06;"A6;B2;B3;B4;B5;B6;C2;C3;C4;C5;C6;C7;D1;D2;D3;D4;D5;D6;D7;D8";Juara | Novo Horizonte do Norte | Porto dos Gaúchos | São José do Rio Claro;;4;4;0.1.0-metodologica;2026-07-30T09:54:46-04:00
36498;Fazenda Buriti  - Barramento Principal;Nova Mutum;MT - Secretaria de Estado do Meio Ambiente - SEMA;Aquicultura;Baixo;Alto;4469522;11;Verde;Verde;0,380;insuficiente;28,9;1;5;5;0;não avaliado;;R06;"A6;B2;B3;B4;B5;B6;C2;C3;C4;C5;C6;C7;D1;D2;D3;D4;D5;D6;D7;D8";Juara | Novo Horizonte do Norte | Porto dos Gaúchos | São José do Rio Claro;;4;4;0.1.0-metodologica;2026-07-30T09:54:46-04:00
36500;Fazenda Buriti ? Barramento Montante 2;Nova Mutum;MT - Secretaria de Estado do Meio Ambiente - SEMA;Aquicultura;Baixo;Alto;4469522;11;Verde;Verde;0,380;insuficiente;28,9;1;5;5;0;não avaliado;;R06;"A6;B2;B3;B4;B5;B6;C2;C3;C4;C5;C6;C7;D1;D2;D3;D4;D5;D6;D7;D8";Juara | Novo Horizonte do Norte | Porto dos Gaúchos | São José do Rio Claro;;4;4;0.1.0-metodologica;2026-07-30T09:54:46-04:00
20071;Fazenda Faccio;Nova Mutum;MT - Secretaria de Estado do Meio Ambiente - SEMA;Irrigação;Baixo;Não Classificado;4469212;8;Verde;Verde;0,380;insuficiente;21,1;1;2;5;0;não avaliado;;R06;"A6;B2;B3;B4;B5;B6;C2;C3;C4;C5;C6;C7;D1;D2;D3;D4;D5;D6;D7;D8";Juara | Novo Horizonte do Norte | Porto dos Gaúchos | São José do Rio Claro;;4;4;0.1.0-metodologica;2026-07-30T09:54:46-04:00
20037;Fazenda Guri e Guri I;Nova Mutum;MT - Secretaria de Estado do Meio Ambiente - SEMA;Irrigação;Baixo;Médio;44678;10;Verde;Verde;0,380;insuficiente;26,3;2;3;5;0;não avaliado;;R06;"A6;B2;B3;B4;B5;B6;C2;C3;C4;C5;C6;C7;D1;D2;D3;D4;D5;D6;D7;D8";Juara | Novo Horizonte do Norte | Porto dos Gaúchos;;3;3;0.1.0-metodologica;2026-07-30T09:54:46-04:00
20148;Fazenda Progresso;Nova Mutum;MT - Secretaria de Estado do Meio Ambiente - SEMA;Aquicultura;Baixo;Não se Aplica;446974;7;Verde;Verde;0,380;insuficiente;18,4;1;1;5;0;não avaliado;;R06;"A6;B2;B3;B4;B5;B6;C2;C3;C4;C5;C6;C7;D1;D2;D3;D4;D5;D6;D7;D8";Juara | Novo Horizonte do Norte | Porto dos Gaúchos | São José do Rio Claro;;4;4;0.1.0-metodologica;2026-07-30T09:54:46-04:00
36510;Fazenda Sossego;Nova Mutum;MT - Secretaria de Estado do Meio Ambiente - SEMA;Irrigação;Baixo;Médio;446788;10;Verde;Verde;0,380;insuficiente;26,3;2;3;5;0;não avaliado;;R06;"A6;B2;B3;B4;B5;B6;C2;C3;C4;C5;C6;C7;D1;D2;D3;D4;D5;D6;D7;D8";Juara | Novo Horizonte do Norte | Porto dos Gaúchos;;3;3;0.1.0-metodologica;2026-07-30T09:54:46-04:00
20176;Fazenda São José;Nova Mutum;MT - Secretaria de Estado do Meio Ambiente - SEMA;Irrigação;Baixo;Baixo;444868;7;Verde;Verde;0,380;insuficiente;18,4;1;1;5;0;não avaliado;;R06;"A6;B2;B3;B4;B5;B6;C2;C3;C4;C5;C6;C7;D1;D2;D3;D4;D5;D6;D7;D8";Alta Floresta | Carlinda | Ipiranga do Norte | Itaúba | Nova Canaã do Norte | Sinop | Sorriso | Tapurah;;8;8;0.1.0-metodologica;2026-07-30T09:54:46-04:00
31629;Lago Azul;Nova Mutum;MT - Secretaria de Estado do Meio Ambiente - SEMA;Irrigação;Baixo;Médio;446788;10;Verde;Verde;0,380;insuficiente;26,3;2;3;5;0;não avaliado;;R06;"A6;B2;B3;B4;B5;B6;C2;C3;C4;C5;C6;C7;D1;D2;D3;D4;D5;D6;D7;D8";Juara | Novo Horizonte do Norte | Porto dos Gaúchos;;3;3;0.1.0-metodologica;2026-07-30T09:54:46-04:00
4818;PCH Nova Mutum - PCH Nova Mutum;Nova Mutum;Agência Nacional de Energia Elétrica - ANEEL;Hidroelétrica;Baixo;Baixo;44692;7;Verde;Verde;0,380;insuficiente;18,4;1;1;5;0;não avaliado;;R06;"A6;B2;B3;B4;B5;B6;C2;C3;C4;C5;C6;C7;D1;D2;D3;D4;D5;D6;D7;D8";Juara | Novo Horizonte do Norte | Porto dos Gaúchos | São José do Rio Claro;;4;4;0.1.0-metodologica;2026-07-30T09:54:46-04:00
30962;Barramento 1 - Fazenda Guanabara – Gleba A;Nova Olímpia;MT - Secretaria de Estado do Meio Ambiente - SEMA;Irrigação;Baixo;Médio;899942;10;Verde;Verde;0,380;insuficiente;26,3;2;3;5;0;não avaliado;;R06;"A6;B2;B3;B4;B5;B6;C2;C3;C4;C5;C6;C7;D1;D2;D3;D4;D5;D6;D7;D8";Barra do Bugres;Tangará da Serra;1;1;0.1.0-metodologica;2026-07-30T09:54:46-04:00
7982;Faz. Triângulo - Reservatório 01;Nova Olímpia;MT - Secretaria de Estado do Meio Ambiente - SEMA;Aquicultura;Baixo;Não se Aplica;899928;8;Verde;Verde;0,380;insuficiente;21,1;2;1;5;0;não avaliado;;R06;"A6;B2;B3;B4;B5;B6;C2;C3;C4;C5;C6;C7;D1;D2;D3;D4;D5;D6;D7;D8";Barra do Bugres;;1;1;0.1.0-metodologica;2026-07-30T09:54:46-04:00
7981;Faz. Triângulo - Reservatório 02;Nova Olímpia;MT - Secretaria de Estado do Meio Ambiente - SEMA;Aquicultura;Baixo;Não se Aplica;899928;8;Verde;Verde;0,380;insuficiente;21,1;2;1;5;0;não avaliado;;R06;"A6;B2;B3;B4;B5;B6;C2;C3;C4;C5;C6;C7;D1;D2;D3;D4;D5;D6;D7;D8";Barra do Bugres;;1;1;0.1.0-metodologica;2026-07-30T09:54:46-04:00
7979;Faz. Triângulo - Reservatório 03;Nova Olímpia;MT - Secretaria de Estado do Meio Ambiente - SEMA;Aquicultura;Baixo;Não se Aplica;899928;8;Verde;Verde;0,380;insuficiente;21,1;2;1;5;0;não avaliado;;R06;"A6;B2;B3;B4;B5;B6;C2;C3;C4;C5;C6;C7;D1;D2;D3;D4;D5;D6;D7;D8";Barra do Bugres;;1;1;0.1.0-metodologica;2026-07-30T09:54:46-04:00
7980;Faz. Triângulo - Reservatório 04 / 05 / 13;Nova Olímpia;MT - Secretaria de Estado do Meio Ambiente - SEMA;Aquicultura;Baixo;Não se Aplica;899928;8;Verde;Verde;0,380;insuficiente;21,1;2;1;5;0;não avaliado;;R06;"A6;B2;B3;B4;B5;B6;C2;C3;C4;C5;C6;C7;D1;D2;D3;D4;D5;D6;D7;D8";Barra do Bugres;;1;1;0.1.0-metodologica;2026-07-30T09:54:46-04:00
7978;Faz. Triângulo - Reservatório 06 / 10 / 11;Nova Olímpia;MT - Secretaria de Estado do Meio Ambiente - SEMA;Aquicultura;Baixo;Não se Aplica;899928;8;Verde;Verde;0,380;insuficiente;21,1;2;1;5;0;não avaliado;;R06;"A6;B2;B3;B4;B5;B6;C2;C3;C4;C5;C6;C7;D1;D2;D3;D4;D5;D6;D7;D8";Barra do Bugres;;1;1;0.1.0-metodologica;2026-07-30T09:54:46-04:00
7983;Faz. Triângulo - Reservatório 12;Nova Olímpia;MT - Secretaria de Estado do Meio Ambiente - SEMA;Aquicultura;Baixo;Não se Aplica;89992;8;Verde;Verde;0,380;insuficiente;21,1;2;1;5;0;não avaliado;;R06;"A6;B2;B3;B4;B5;B6;C2;C3;C4;C5;C6;C7;D1;D2;D3;D4;D5;D6;D7;D8";Barra do Bugres;;1;1;0.1.0-metodologica;2026-07-30T09:54:46-04:00
20125;Fazenda Guanabara;Nova Olímpia;MT - Secretaria de Estado do Meio Ambiente - SEMA;Industrial;Não Classificado;Não Classificado;89994274;10;Verde;Verde;0,380;insuficiente;26,3;3;2;5;0;não avaliado;;R06;"A6;B2;B3;B4;B5;B6;C2;C3;C4;C5;C6;C7;D1;D2;D3;D4;D5;D6;D7;D8";Barra do Bugres | Nova Olímpia;;2;1;0.1.0-metodologica;2026-07-30T09:54:46-04:00
7977;Fazenda Triangulo;Nova Olímpia;MT - Secretaria de Estado do Meio Ambiente - SEMA;Aquicultura;Baixo;Não se Aplica;899928;8;Verde;Verde;0,380;insuficiente;21,1;2;1;5;0;não avaliado;;R06;"A6;B2;B3;B4;B5;B6;C2;C3;C4;C5;C6;C7;D1;D2;D3;D4;D5;D6;D7;D8";Barra do Bugres;;1;1;0.1.0-metodologica;2026-07-30T09:54:46-04:00
30886;UISA A;Nova Olímpia;MT - Secretaria de Estado do Meio Ambiente - SEMA;Industrial;Baixo;Médio;89994274;11;Verde;Verde;0,380;insuficiente;28,9;3;3;5;0;não avaliado;;R06;"A6;B2;B3;B4;B5;B6;C2;C3;C4;C5;C6;C7;D1;D2;D3;D4;D5;D6;D7;D8";Barra do Bugres | Nova Olímpia;;2;1;0.1.0-metodologica;2026-07-30T09:54:46-04:00
8079;BARRAGEM  BLOCO NORTE;Nova Santa Helena;Agência Nacional de Mineração - ANM;Contenção de rejeitos de mineração;Baixo;Baixo;444692;13;Verde;Verde;0,530;parcial;24,5;2;4;7;0;não avaliado;;;"A6;B4;B5;B6;C2;C3;C4;C5;C6;C7;D1;D2;D3;D4;D5;D6;D7;D8";Alta Floresta | Carlinda | Terra Nova do Norte;;3;3;0.1.0-metodologica;2026-07-30T09:54:46-04:00
35160;BARRAGEM SANTA TEREZINHA;Nova Santa Helena;MT - Secretaria de Estado do Meio Ambiente - SEMA;Abastecimento humano;Baixo;Médio;44462;10;Verde;Verde;0,380;insuficiente;26,3;2;3;5;0;não avaliado;;R06;"A6;B2;B3;B4;B5;B6;C2;C3;C4;C5;C6;C7;D1;D2;D3;D4;D5;D6;D7;D8";Alta Floresta | Carlinda;;2;2;0.1.0-metodologica;2026-07-30T09:54:46-04:00
22041;Dorival;Nova Santa Helena;Agência Nacional de Mineração - ANM;Contenção de rejeitos de mineração;Baixo;Baixo;444628;13;Verde;Verde;0,530;parcial;24,5;2;4;7;0;não avaliado;;;"A6;B4;B5;B6;C2;C3;C4;C5;C6;C7;D1;D2;D3;D4;D5;D6;D7;D8";Alta Floresta | Carlinda;;2;2;0.1.0-metodologica;2026-07-30T09:54:46-04:00
26537;Gilmar Mioranza;Nova Santa Helena;MT - Secretaria de Estado do Meio Ambiente - SEMA;Aquicultura;Baixo;Médio;44462;10;Verde;Verde;0,380;insuficiente;26,3;2;3;5;0;não avaliado;;R06;"A6;B2;B3;B4;B5;B6;C2;C3;C4;C5;C6;C7;D1;D2;D3;D4;D5;D6;D7;D8";Alta Floresta | Carlinda;;2;2;0.1.0-metodologica;2026-07-30T09:54:46-04:00
26331;Prefeitura Municipal de Nova Santa Helena;Nova Santa Helena;MT - Secretaria de Estado do Meio Ambiente - SEMA;Abastecimento humano;Não Classificado;Não Classificado;44462;9;Verde;Verde;0,380;insuficiente;23,7;2;2;5;0;não avaliado;;R06;"A6;B2;B3;B4;B5;B6;C2;C3;C4;C5;C6;C7;D1;D2;D3;D4;D5;D6;D7;D8";Alta Floresta | Carlinda;;2;2;0.1.0-metodologica;2026-07-30T09:54:46-04:00
22158;Santa Helena;Nova Santa Helena;Agência Nacional de Mineração - ANM;Contenção de rejeitos de mineração;Baixo;Baixo;444628;13;Verde;Verde;0,530;parcial;24,5;2;4;7;0;não avaliado;;;"A6;B4;B5;B6;C2;C3;C4;C5;C6;C7;D1;D2;D3;D4;D5;D6;D7;D8";Alta Floresta | Carlinda;;2;2;0.1.0-metodologica;2026-07-30T09:54:46-04:00
338;Barragem A2;Nova Ubiratã;MT - Secretaria de Estado do Meio Ambiente - SEMA;Irrigação;Baixo;Médio;4269982;8;Verde;Verde;0,380;insuficiente;21,1;0;3;5;0;não avaliado;;R06;"A6;B2;B3;B4;B5;B6;C2;C3;C4;C5;C6;C7;D1;D2;D3;D4;D5;D6;D7;D8";Cláudia | Marcelândia | Santa Carmem | União do Sul;;4;4;0.1.0-metodologica;2026-07-30T09:54:46-04:00
35149;Barragem Fazenda Tocantins;Nova Ubiratã;MT - Secretaria de Estado do Meio Ambiente - SEMA;Irrigação;Baixo;Alto;428436;6;Verde;Verde;0,330;insuficiente;18,2;1;5;0;0;não avaliado;;R06;"A6;B2;B3;B4;B5;B6;C1;C2;C3;C4;C5;C6;C7;D1;D2;D3;D4;D5;D6;D7;D8";;;0;0;0.1.0-metodologica;2026-07-30T09:54:46-04:00
34995;Barramento I – Fazenda Futura;Nova Ubiratã;MT - Secretaria de Estado do Meio Ambiente - SEMA;Irrigação;Baixo;Médio;42868;8;Verde;Verde;0,380;insuficiente;21,1;0;3;5;0;não avaliado;;R06;"A6;B2;B3;B4;B5;B6;C2;C3;C4;C5;C6;C7;D1;D2;D3;D4;D5;D6;D7;D8";Feliz Natal;;1;1;0.1.0-metodologica;2026-07-30T09:54:46-04:00
26535;FAZENDA NOSSA SENHORA APARECIDA;Nova Ubiratã;MT - Secretaria de Estado do Meio Ambiente - SEMA;Irrigação;Baixo;Não se Aplica;428674;6;Verde;Verde;0,380;insuficiente;15,8;0;1;5;0;não avaliado;;R06;"A6;B2;B3;B4;B5;B6;C2;C3;C4;C5;C6;C7;D1;D2;D3;D4;D5;D6;D7;D8";Feliz Natal;;1;1;0.1.0-metodologica;2026-07-30T09:54:46-04:00
20088;Faz. Boca da Mata;Nova Ubiratã;MT - Secretaria de Estado do Meio Ambiente - SEMA;Aquicultura;Baixo;Não Classificado;4286;7;Verde;Verde;0,380;insuficiente;18,4;0;2;5;0;não avaliado;;R06;"A6;B2;B3;B4;B5;B6;C2;C3;C4;C5;C6;C7;D1;D2;D3;D4;D5;D6;D7;D8";Feliz Natal;;1;1;0.1.0-metodologica;2026-07-30T09:54:46-04:00
8092;Faz. Sopave;Nova Ubiratã;MT - Secretaria de Estado do Meio Ambiente - SEMA;Irrigação;Baixo;Não se Aplica;42894;6;Verde;Verde;0,380;insuficiente;15,8;0;1;5;0;não avaliado;;R06;"A6;B2;B3;B4;B5;B6;C2;C3;C4;C5;C6;C7;D1;D2;D3;D4;D5;D6;D7;D8";Feliz Natal;;1;1;0.1.0-metodologica;2026-07-30T09:54:46-04:00
20764;Fazenda Alvorada;Nova Ubiratã;MT - Secretaria de Estado do Meio Ambiente - SEMA;Irrigação;Baixo;Não se Aplica;42864;6;Verde;Verde;0,380;insuficiente;15,8;0;1;5;0;não avaliado;;R06;"A6;B2;B3;B4;B5;B6;C2;C3;C4;C5;C6;C7;D1;D2;D3;D4;D5;D6;D7;D8";Feliz Natal;;1;1;0.1.0-metodologica;2026-07-30T09:54:46-04:00
36627;Fazenda Concorcia;Nova Ubiratã;MT - Secretaria de Estado do Meio Ambiente - SEMA;Irrigação;Baixo;Baixo;42866;6;Verde;Verde;0,380;insuficiente;15,8;0;1;5;0;não avaliado;;R06;"A6;B2;B3;B4;B5;B6;C2;C3;C4;C5;C6;C7;D1;D2;D3;D4;D5;D6;D7;D8";Feliz Natal;;1;1;0.1.0-metodologica;2026-07-30T09:54:46-04:00
36632;Fazenda Concordia - Reservatório 2;Nova Ubiratã;MT - Secretaria de Estado do Meio Ambiente - SEMA;Irrigação;Não Classificado;Não Classificado;428678;7;Verde;Verde;0,380;insuficiente;18,4;0;2;5;0;não avaliado;;R06;"A6;B2;B3;B4;B5;B6;C2;C3;C4;C5;C6;C7;D1;D2;D3;D4;D5;D6;D7;D8";Feliz Natal;;1;1;0.1.0-metodologica;2026-07-30T09:54:46-04:00
35490;Fazenda Futura ? Barramento VI;Nova Ubiratã;MT - Secretaria de Estado do Meio Ambiente - SEMA;Irrigação;Baixo;Médio;42892;8;Verde;Verde;0,380;insuficiente;21,1;0;3;5;0;não avaliado;;R06;"A6;B2;B3;B4;B5;B6;C2;C3;C4;C5;C6;C7;D1;D2;D3;D4;D5;D6;D7;D8";Feliz Natal;;1;1;0.1.0-metodologica;2026-07-30T09:54:46-04:00
8062;Fazenda Nossa Senhora Aparecida;Nova Ubiratã;MT - Secretaria de Estado do Meio Ambiente - SEMA;Irrigação;Baixo;Médio;426998;8;Verde;Verde;0,380;insuficiente;21,1;0;3;5;0;não avaliado;;R06;"A6;B2;B3;B4;B5;B6;C2;C3;C4;C5;C6;C7;D1;D2;D3;D4;D5;D6;D7;D8";Cláudia | Marcelândia | Santa Carmem | União do Sul;;4;4;0.1.0-metodologica;2026-07-30T09:54:46-04:00
20086;Fazenda Nossa Senhora Aparecida;Nova Ubiratã;MT - Secretaria de Estado do Meio Ambiente - SEMA;Irrigação;Baixo;Não Classificado;42866;7;Verde;Verde;0,380;insuficiente;18,4;0;2;5;0;não avaliado;;R06;"A6;B2;B3;B4;B5;B6;C2;C3;C4;C5;C6;C7;D1;D2;D3;D4;D5;D6;D7;D8";Feliz Natal;;1;1;0.1.0-metodologica;2026-07-30T09:54:46-04:00
26533;Fazenda Nossa Senhora Aparecida;Nova Ubiratã;MT - Secretaria de Estado do Meio Ambiente - SEMA;Irrigação;Baixo;Não se Aplica;4269982;6;Verde;Verde;0,380;insuficiente;15,8;0;1;5;0;não avaliado;;R06;"A6;B2;B3;B4;B5;B6;C2;C3;C4;C5;C6;C7;D1;D2;D3;D4;D5;D6;D7;D8";Cláudia | Marcelândia | Santa Carmem | União do Sul;;4;4;0.1.0-metodologica;2026-07-30T09:54:46-04:00
5904;Fazenda Orion;Nova Ubiratã;MT - Secretaria de Estado do Meio Ambiente - SEMA;Irrigação;Baixo;Não Classificado;42868;7;Verde;Verde;0,380;insuficiente;18,4;0;2;5;0;não avaliado;;R06;"A6;B2;B3;B4;B5;B6;C2;C3;C4;C5;C6;C7;D1;D2;D3;D4;D5;D6;D7;D8";Feliz Natal;;1;1;0.1.0-metodologica;2026-07-30T09:54:46-04:00
8058;Fazenda Parauna;Nova Ubiratã;MT - Secretaria de Estado do Meio Ambiente - SEMA;Irrigação;Baixo;Baixo;426996;6;Verde;Verde;0,380;insuficiente;15,8;0;1;5;0;não avaliado;;R06;"A6;B2;B3;B4;B5;B6;C2;C3;C4;C5;C6;C7;D1;D2;D3;D4;D5;D6;D7;D8";Cláudia | Marcelândia | Santa Carmem | União do Sul;;4;4;0.1.0-metodologica;2026-07-30T09:54:46-04:00
30879;Fazenda Paraúna;Nova Ubiratã;MT - Secretaria de Estado do Meio Ambiente - SEMA;Irrigação;Baixo;Médio;4269962;8;Verde;Verde;0,380;insuficiente;21,1;0;3;5;0;não avaliado;;R06;"A6;B2;B3;B4;B5;B6;C2;C3;C4;C5;C6;C7;D1;D2;D3;D4;D5;D6;D7;D8";Cláudia | Marcelândia | Nova Ubiratã | Santa Carmem | União do Sul;;5;4;0.1.0-metodologica;2026-07-30T09:54:46-04:00
36554;Fazenda Santa Lúcia;Nova Ubiratã;MT - Secretaria de Estado do Meio Ambiente - SEMA;Irrigação;Baixo;Médio;42866;8;Verde;Verde;0,380;insuficiente;21,1;0;3;5;0;não avaliado;;R06;"A6;B2;B3;B4;B5;B6;C2;C3;C4;C5;C6;C7;D1;D2;D3;D4;D5;D6;D7;D8";Feliz Natal;;1;1;0.1.0-metodologica;2026-07-30T09:54:46-04:00
8056;Fazenda Sorriso;Nova Ubiratã;MT - Secretaria de Estado do Meio Ambiente - SEMA;Irrigação;Baixo;Médio;4449256;8;Verde;Verde;0,380;insuficiente;21,1;0;3;5;0;não avaliado;;R06;"A6;B2;B3;B4;B5;B6;C2;C3;C4;C5;C6;C7;D1;D2;D3;D4;D5;D6;D7;D8";Alta Floresta | Carlinda | Itaúba | Nova Canaã do Norte | Sinop | Vera;;6;6;0.1.0-metodologica;2026-07-30T09:54:46-04:00
34019;Fazenda Talismã II;Nova Ubiratã;MT - Secretaria de Estado do Meio Ambiente - SEMA;Irrigação;Baixo;Não Classificado;426;2;Verde;Verde;0,330;insuficiente;6,1;0;2;0;0;não avaliado;;R06;"A6;B2;B3;B4;B5;B6;C1;C2;C3;C4;C5;C6;C7;D1;D2;D3;D4;D5;D6;D7;D8";;Cláudia | Marcelândia | Santa Carmem | União do Sul;0;0;0.1.0-metodologica;2026-07-30T09:54:46-04:00
8065;Matrícula 7164, 2464, 2095 e 2096;Nova Ubiratã;MT - Secretaria de Estado do Meio Ambiente - SEMA;Irrigação;Baixo;Não se Aplica;42866;6;Verde;Verde;0,380;insuficiente;15,8;0;1;5;0;não avaliado;;R06;"A6;B2;B3;B4;B5;B6;C2;C3;C4;C5;C6;C7;D1;D2;D3;D4;D5;D6;D7;D8";Feliz Natal;;1;1;0.1.0-metodologica;2026-07-30T09:54:46-04:00
5147;PCH ARS - BARRAGEM;Nova Ubiratã;Agência Nacional de Energia Elétrica - ANEEL;Hidroelétrica;Baixo;Baixo;428;1;Verde;Verde;0,330;insuficiente;3,0;0;1;0;0;não avaliado;;R06;"A6;B2;B3;B4;B5;B6;C1;C2;C3;C4;C5;C6;C7;D1;D2;D3;D4;D5;D6;D7;D8";;Boa Esperança do Norte | Feliz Natal | Paranatinga;0;0;0.1.0-metodologica;2026-07-30T09:54:46-04:00
35636;Sítio Bom Futuro;Nova Ubiratã;MT - Secretaria de Estado do Meio Ambiente - SEMA;Recreação;Baixo;Alto;4289244;10;Verde;Verde;0,380;insuficiente;26,3;0;5;5;0;não avaliado;;R06;"A6;B2;B3;B4;B5;B6;C2;C3;C4;C5;C6;C7;D1;D2;D3;D4;D5;D6;D7;D8";Feliz Natal;;1;1;0.1.0-metodologica;2026-07-30T09:54:46-04:00
35382;Barragem Fazenda Jaó II;Nova Xavantina;MT - Secretaria de Estado do Meio Ambiente - SEMA;Irrigação;Baixo;Médio;6844;8;Verde;Verde;0,380;insuficiente;21,1;0;3;5;0;não avaliado;;R06;"A6;B2;B3;B4;B5;B6;C2;C3;C4;C5;C6;C7;D1;D2;D3;D4;D5;D6;D7;D8";Nova Xavantina;Barra do Garças;1;0;0.1.0-metodologica;2026-07-30T09:54:46-04:00
32449;Barramento Principal – Fazenda Jaó;Nova Xavantina;MT - Secretaria de Estado do Meio Ambiente - SEMA;Irrigação;Baixo;Alto;6844;10;Verde;Verde;0,380;insuficiente;26,3;0;5;5;0;não avaliado;;R06;"A6;B2;B3;B4;B5;B6;C2;C3;C4;C5;C6;C7;D1;D2;D3;D4;D5;D6;D7;D8";Nova Xavantina;Barra do Garças;1;0;0.1.0-metodologica;2026-07-30T09:54:46-04:00
945;POND 1 - BARRAGEM DE LIXIVIAÇÃO;Nova Xavantina;Agência Nacional de Mineração - ANM;Contenção de rejeitos de mineração;Alto;Baixo;68;4;Verde;Verde;0,460;parcial;8,7;0;1;2;1;não avaliado;;;"A6;B3;B4;B5;B6;C1;C2;C3;C4;C5;C6;C7;D2;D3;D4;D5;D6;D7;D8";;Araguaiana | Barra do Garças | Campinápolis | Campo Verde | Dom Aquino | General Carneiro | Novo São Joaquim | Primavera do Leste | Serra Nova Dourada;0;0;0.1.0-metodologica;2026-07-30T09:54:46-04:00
946;POND 2 - BARRAGEM DE FLOTAÇÃO;Nova Xavantina;Agência Nacional de Mineração - ANM;Contenção de rejeitos de mineração;Alto;Baixo;68;4;Verde;Verde;0,460;parcial;8,7;0;1;2;1;não avaliado;;;"A6;B3;B4;B5;B6;C1;C2;C3;C4;C5;C6;C7;D2;D3;D4;D5;D6;D7;D8";;Araguaiana | Barra do Garças | Campinápolis | Campo Verde | Dom Aquino | General Carneiro | Novo São Joaquim | Primavera do Leste | Serra Nova Dourada;0;0;0.1.0-metodologica;2026-07-30T09:54:46-04:00
947;POND 3 - BARRAGEM DE FLOTAÇÃO;Nova Xavantina;Agência Nacional de Mineração - ANM;Contenção de rejeitos de mineração;Alto;Baixo;68;4;Verde;Verde;0,460;parcial;8,7;0;1;2;1;não avaliado;;;"A6;B3;B4;B5;B6;C1;C2;C3;C4;C5;C6;C7;D2;D3;D4;D5;D6;D7;D8";;Araguaiana | Barra do Garças | Campinápolis | Campo Verde | Dom Aquino | General Carneiro | Novo São Joaquim | Primavera do Leste | Serra Nova Dourada;0;0;0.1.0-metodologica;2026-07-30T09:54:46-04:00
35249;RESERVATÓRIO ELDORADO;Nova Xavantina;MT - Secretaria de Estado do Meio Ambiente - SEMA;Irrigação;Baixo;Não Classificado;68;2;Verde;Verde;0,330;insuficiente;6,1;0;2;0;0;não avaliado;;R06;"A6;B2;B3;B4;B5;B6;C1;C2;C3;C4;C5;C6;C7;D1;D2;D3;D4;D5;D6;D7;D8";;Araguaiana | Barra do Garças | Campinápolis | Campo Verde | Dom Aquino | General Carneiro | Novo São Joaquim | Primavera do Leste | Serra Nova Dourada;0;0;0.1.0-metodologica;2026-07-30T09:54:46-04:00
27404;Barragem Ramax;Novo Horizonte do Norte;MT - Secretaria de Estado do Meio Ambiente - SEMA;Dessedentação Animal;Baixo;Baixo;44631784;7;Verde;Verde;0,380;insuficiente;18,4;2;1;4;0;não avaliado;;R06;"A6;B2;B3;B4;B5;B6;C2;C3;C4;C5;C6;C7;D1;D2;D3;D4;D5;D6;D7;D8";Novo Horizonte do Norte;;1;0;0.1.0-metodologica;2026-07-30T09:54:46-04:00
24306;CGH Itaquerê I - Barragem 1;Novo São Joaquim;Agência Nacional de Energia Elétrica - ANEEL;Hidroelétrica;Baixo;Baixo;687368;7;Verde;Verde;0,380;insuficiente;18,4;1;1;5;0;não avaliado;;R06;"A6;B2;B3;B4;B5;B6;C2;C3;C4;C5;C6;C7;D1;D2;D3;D4;D5;D6;D7;D8";Novo São Joaquim;;1;0;0.1.0-metodologica;2026-07-30T09:54:46-04:00
24307;CGH Itaquerê II - Barragem 1;Novo São Joaquim;Agência Nacional de Energia Elétrica - ANEEL;Hidroelétrica;Baixo;Baixo;687368;7;Verde;Verde;0,380;insuficiente;18,4;1;1;5;0;não avaliado;;R06;"A6;B2;B3;B4;B5;B6;C2;C3;C4;C5;C6;C7;D1;D2;D3;D4;D5;D6;D7;D8";Novo São Joaquim;;1;0;0.1.0-metodologica;2026-07-30T09:54:46-04:00
24302;CGH Matula - CGH Matula;Novo São Joaquim;Agência Nacional de Energia Elétrica - ANEEL;Hidroelétrica;Baixo;Alto;68;5;Verde;Verde;0,330;insuficiente;15,2;0;5;0;0;não avaliado;;R06;"A6;B2;B3;B4;B5;B6;C1;C2;C3;C4;C5;C6;C7;D1;D2;D3;D4;D5;D6;D7;D8";;Araguaiana | Barra do Garças | Campinápolis | Campo Verde | Dom Aquino | General Carneiro | Nova Xavantina | Primavera do Leste | Serra Nova Dourada;0;0;0.1.0-metodologica;2026-07-30T09:54:46-04:00
34038;CGH Matula I - CGH MATULA I;Novo São Joaquim;Agência Nacional de Energia Elétrica - ANEEL;Hidroelétrica;Baixo;Alto;68;5;Verde;Verde;0,330;insuficiente;15,2;0;5;0;0;não avaliado;;R06;"A6;B2;B3;B4;B5;B6;C1;C2;C3;C4;C5;C6;C7;D1;D2;D3;D4;D5;D6;D7;D8";;Araguaiana | Barra do Garças | Campinápolis | Campo Verde | Dom Aquino | General Carneiro | Nova Xavantina | Primavera do Leste | Serra Nova Dourada;0;0;0.1.0-metodologica;2026-07-30T09:54:46-04:00
5115;CGH Salto Belo - Barragem 01;Novo São Joaquim;Agência Nacional de Energia Elétrica - ANEEL;Hidroelétrica;Baixo;Baixo;6872;2;Verde;Verde;0,330;insuficiente;6,1;1;1;0;0;não avaliado;;R06;"A6;B2;B3;B4;B5;B6;C1;C2;C3;C4;C5;C6;C7;D1;D2;D3;D4;D5;D6;D7;D8";;Campinápolis;0;0;0.1.0-metodologica;2026-07-30T09:54:46-04:00
31533;Campinas;Novo São Joaquim;MT - Secretaria de Estado do Meio Ambiente - SEMA;Regularização de vazão;Baixo;Médio;68;3;Verde;Verde;0,330;insuficiente;9,1;0;3;0;0;não avaliado;;R06;"A6;B2;B3;B4;B5;B6;C1;C2;C3;C4;C5;C6;C7;D1;D2;D3;D4;D5;D6;D7;D8";;Araguaiana | Barra do Garças | Campinápolis | Campo Verde | Dom Aquino | General Carneiro | Nova Xavantina | Primavera do Leste | Serra Nova Dourada;0;0;0.1.0-metodologica;2026-07-30T09:54:46-04:00
20140;Faz. Lavínia;Novo São Joaquim;MT - Secretaria de Estado do Meio Ambiente - SEMA;Irrigação;Baixo;Não Classificado;6873132;8;Verde;Verde;0,380;insuficiente;21,1;1;2;5;0;não avaliado;;R06;"A6;B2;B3;B4;B5;B6;C2;C3;C4;C5;C6;C7;D1;D2;D3;D4;D5;D6;D7;D8";Novo São Joaquim;;1;0;0.1.0-metodologica;2026-07-30T09:54:46-04:00
36469;Fazenda Gleba Wilma;Novo São Joaquim;MT - Secretaria de Estado do Meio Ambiente - SEMA;Irrigação;Baixo;Médio;6876;9;Verde;Verde;0,380;insuficiente;23,7;1;3;5;0;não avaliado;;R06;"A6;B2;B3;B4;B5;B6;C2;C3;C4;C5;C6;C7;D1;D2;D3;D4;D5;D6;D7;D8";General Carneiro | Novo São Joaquim;;2;1;0.1.0-metodologica;2026-07-30T09:54:46-04:00
35825;RESERVATÓRIO 1 - FAZENDA NOVA CONQUISTA;Novo São Joaquim;MT - Secretaria de Estado do Meio Ambiente - SEMA;Dessedentação Animal;Baixo;Médio;6873184;9;Verde;Verde;0,380;insuficiente;23,7;1;3;5;0;não avaliado;;R06;"A6;B2;B3;B4;B5;B6;C2;C3;C4;C5;C6;C7;D1;D2;D3;D4;D5;D6;D7;D8";Novo São Joaquim;;1;0;0.1.0-metodologica;2026-07-30T09:54:46-04:00
20382;B1;Nossa Senhora do Livramento;Agência Nacional de Mineração - ANM;Contenção de rejeitos de mineração;Médio;Médio;89922;11;Verde;Verde;0,510;parcial;21,6;2;6;2;1;não avaliado;;;"A6;B4;B5;B6;C1;C2;C3;C4;C5;C6;C7;D2;D3;D4;D5;D6;D7;D8";;Poconé;0;0;0.1.0-metodologica;2026-07-30T09:54:46-04:00
35611;BARRAGEM DE MINERAÇÃO HUMBERTO;Nossa Senhora do Livramento;Agência Nacional de Mineração - ANM;Contenção de rejeitos de mineração;Baixo;Médio;899228;10;Verde;Verde;0,480;parcial;20,8;2;6;2;0;não avaliado;;;"A6;B4;B5;B6;C1;C2;C3;C4;C5;C6;C7;D1;D2;D3;D4;D5;D6;D7;D8";;;0;0;0.1.0-metodologica;2026-07-30T09:54:46-04:00
37433;BARRAGEM PICOLÉ;Nossa Senhora do Livramento;Agência Nacional de Mineração - ANM;Contenção de rejeitos de mineração;Baixo;Baixo;899228;8;Verde;Verde;0,480;parcial;16,7;2;4;2;0;não avaliado;;;"A6;B4;B5;B6;C1;C2;C3;C4;C5;C6;C7;D1;D2;D3;D4;D5;D6;D7;D8";;;0;0;0.1.0-metodologica;2026-07-30T09:54:46-04:00
20411;BARRAGEM T03;Nossa Senhora do Livramento;Agência Nacional de Mineração - ANM;Contenção de rejeitos de mineração;Baixo;Médio;8965716;14;Amarelo;Verde;0,550;parcial;25,5;5;6;2;1;não avaliado;;"R10;R11";"B4;B5;B6;C1;C2;C3;C4;C5;C6;C7;D2;D3;D4;D5;D6;D7;D8";;;0;0;0.1.0-metodologica;2026-07-30T09:54:46-04:00
586;BR BOSCO;Nossa Senhora do Livramento;Agência Nacional de Mineração - ANM;Contenção de rejeitos de mineração;Médio;Médio;8965742;24;Amarelo;Amarelo;0,650;parcial;36,9;5;6;11;2;não;não;"R10;R11";"B4;B5;B6;C2;C4;C5;C6;C7;D2;D3;D4;D5;D6;D7";Cuiabá | Nossa Senhora do Livramento | Várzea Grande;;3;2;0.1.0-metodologica;2026-07-30T09:54:46-04:00
21927;BR BRASÃO;Nossa Senhora do Livramento;Agência Nacional de Mineração - ANM;Contenção de rejeitos de mineração;Baixo;Alto;899228;20;Amarelo;Amarelo;0,510;parcial;39,2;2;15;2;1;não avaliado;;;"A6;B4;B5;B6;C1;C2;C3;C4;C5;C6;C7;D2;D3;D4;D5;D6;D7;D8";;;0;0;0.1.0-metodologica;2026-07-30T09:54:46-04:00
21940;BR PIRÂMIDE;Nossa Senhora do Livramento;Agência Nacional de Mineração - ANM;Contenção de rejeitos de mineração;Médio;Médio;8965742;24;Amarelo;Amarelo;0,650;parcial;36,9;5;6;11;2;não;não;"R10;R11";"B4;B5;B6;C2;C4;C5;C6;C7;D2;D3;D4;D5;D6;D7";Cuiabá | Nossa Senhora do Livramento | Várzea Grande;;3;2;0.1.0-metodologica;2026-07-30T09:54:46-04:00
5573;BR SANTA 01;Nossa Senhora do Livramento;Agência Nacional de Mineração - ANM;Contenção de rejeitos de mineração;Médio;Médio;8965742;29;Amarelo;Amarelo;0,650;parcial;44,6;5;11;11;2;não;não;"R10;R11";"B4;B5;B6;C2;C4;C5;C6;C7;D2;D3;D4;D5;D6;D7";Cuiabá | Nossa Senhora do Livramento | Várzea Grande;;3;2;0.1.0-metodologica;2026-07-30T09:54:46-04:00
588;BR SANTA FELICIDADE;Nossa Senhora do Livramento;Agência Nacional de Mineração - ANM;Contenção de rejeitos de mineração;Médio;Médio;8965742;24;Amarelo;Amarelo;0,650;parcial;36,9;5;6;11;2;não;não;"R10;R11";"B4;B5;B6;C2;C4;C5;C6;C7;D2;D3;D4;D5;D6;D7";Cuiabá | Nossa Senhora do Livramento | Várzea Grande;;3;2;0.1.0-metodologica;2026-07-30T09:54:46-04:00
22009;BR SANTA FELICIDADE 02;Nossa Senhora do Livramento;Agência Nacional de Mineração - ANM;Contenção de rejeitos de mineração;Baixo;Baixo;8965742;22;Amarelo;Amarelo;0,650;parcial;33,8;5;4;11;2;não;não;"R10;R11";"B4;B5;B6;C2;C4;C5;C6;C7;D2;D3;D4;D5;D6;D7";Cuiabá | Nossa Senhora do Livramento | Várzea Grande;;3;2;0.1.0-metodologica;2026-07-30T09:54:46-04:00
26147;BR ÁGUA DE COCO;Nossa Senhora do Livramento;Agência Nacional de Mineração - ANM;Contenção de rejeitos de mineração;Baixo;Médio;89657184;22;Amarelo;Amarelo;0,610;parcial;36,1;5;6;11;0;não avaliado;;"R10;R11";"B4;B5;B6;C2;C4;C5;C6;C7;D1;D2;D3;D4;D5;D6;D7;D8";Nossa Senhora do Livramento;;1;0;0.1.0-metodologica;2026-07-30T09:54:46-04:00
28934;BR02;Nossa Senhora do Livramento;Agência Nacional de Mineração - ANM;Contenção de rejeitos de mineração;Baixo;Médio;89657184;23;Amarelo;Amarelo;0,640;parcial;35,9;5;6;11;1;não avaliado;;"R10;R11";"B4;B5;B6;C2;C4;C5;C6;C7;D2;D3;D4;D5;D6;D7;D8";Nossa Senhora do Livramento;;1;0;0.1.0-metodologica;2026-07-30T09:54:46-04:00
29381;BR03;Nossa Senhora do Livramento;Agência Nacional de Mineração - ANM;Contenção de rejeitos de mineração;Médio;Médio;89657184;22;Amarelo;Amarelo;0,610;parcial;36,1;5;6;11;0;não avaliado;;"R10;R11";"B4;B5;B6;C2;C4;C5;C6;C7;D1;D2;D3;D4;D5;D6;D7;D8";Nossa Senhora do Livramento;;1;0;0.1.0-metodologica;2026-07-30T09:54:46-04:00
26158;BRITO;Nossa Senhora do Livramento;Agência Nacional de Mineração - ANM;Contenção de rejeitos de mineração;Baixo;Médio;8965714;13;Amarelo;Verde;0,520;parcial;25,0;5;6;2;0;não avaliado;;"R10;R11";"B4;B5;B6;C1;C2;C3;C4;C5;C6;C7;D1;D2;D3;D4;D5;D6;D7;D8";;;0;0;0.1.0-metodologica;2026-07-30T09:54:46-04:00
21948;Bacia de Decantação S1;Nossa Senhora do Livramento;Agência Nacional de Mineração - ANM;Contenção de sedimentos de mineração;Baixo;Médio;8965714;13;Amarelo;Verde;0,520;parcial;25,0;5;6;2;0;não avaliado;;"R10;R11";"B4;B5;B6;C1;C2;C3;C4;C5;C6;C7;D1;D2;D3;D4;D5;D6;D7;D8";;;0;0;0.1.0-metodologica;2026-07-30T09:54:46-04:00
1265;Bacia de Rejeitos;Nossa Senhora do Livramento;Agência Nacional de Mineração - ANM;Contenção de rejeitos de mineração;Baixo;Alto;89657184;32;Amarelo;Amarelo;0,640;parcial;50,0;5;15;11;1;não avaliado;;"R10;R11";"B4;B5;B6;C2;C4;C5;C6;C7;D2;D3;D4;D5;D6;D7;D8";Nossa Senhora do Livramento;;1;0;0.1.0-metodologica;2026-07-30T09:54:46-04:00
27626;Barragem - Valdenir;Nossa Senhora do Livramento;Agência Nacional de Mineração - ANM;Contenção de rejeitos de mineração;Baixo;Médio;8965742;20;Amarelo;Amarelo;0,470;parcial;42,6;5;3;11;1;não;não;"R06;R10;R11";"B2;B3;B4;B5;B6;C2;C4;C5;C6;C7;D1;D2;D3;D4;D5;D6;D7";Cuiabá | Nossa Senhora do Livramento | Várzea Grande;;3;2;0.1.0-metodologica;2026-07-30T09:54:46-04:00
20391;Barragem 01;Nossa Senhora do Livramento;Agência Nacional de Mineração - ANM;Contenção de rejeitos de mineração;Alto;Médio;89922;8;Verde;Verde;0,460;parcial;17,4;2;3;2;1;não avaliado;;;"A6;B3;B4;B5;B6;C1;C2;C3;C4;C5;C6;C7;D2;D3;D4;D5;D6;D7;D8";;Poconé;0;0;0.1.0-metodologica;2026-07-30T09:54:46-04:00
26130;Barragem B1;Nossa Senhora do Livramento;Agência Nacional de Mineração - ANM;Contenção de rejeitos de mineração;Baixo;Baixo;899228;8;Verde;Verde;0,480;parcial;16,7;2;4;2;0;não avaliado;;;"A6;B4;B5;B6;C1;C2;C3;C4;C5;C6;C7;D1;D2;D3;D4;D5;D6;D7;D8";;;0;0;0.1.0-metodologica;2026-07-30T09:54:46-04:00
21950;Barragem Candonga;Nossa Senhora do Livramento;Agência Nacional de Mineração - ANM;Contenção de rejeitos de mineração;Baixo;Médio;8965716;13;Amarelo;Verde;0,520;parcial;25,0;5;6;2;0;não avaliado;;"R10;R11";"B4;B5;B6;C1;C2;C3;C4;C5;C6;C7;D1;D2;D3;D4;D5;D6;D7;D8";;;0;0;0.1.0-metodologica;2026-07-30T09:54:46-04:00
26236;Barragem Fazenda Aguassu;Nossa Senhora do Livramento;Agência Nacional de Mineração - ANM;Contenção de rejeitos de mineração;Baixo;Médio;89657184;22;Amarelo;Amarelo;0,610;parcial;36,1;5;6;11;0;não avaliado;;"R10;R11";"B4;B5;B6;C2;C4;C5;C6;C7;D1;D2;D3;D4;D5;D6;D7;D8";Nossa Senhora do Livramento;;1;0;0.1.0-metodologica;2026-07-30T09:54:46-04:00
32031;Barragem Rejeito Max 2;Nossa Senhora do Livramento;Agência Nacional de Mineração - ANM;Contenção de rejeitos de mineração;Baixo;Baixo;8965714;11;Amarelo;Verde;0,520;parcial;21,2;5;4;2;0;não avaliado;;"R10;R11";"B4;B5;B6;C1;C2;C3;C4;C5;C6;C7;D1;D2;D3;D4;D5;D6;D7;D8";;;0;0;0.1.0-metodologica;2026-07-30T09:54:46-04:00
21957;Barragem T08;Nossa Senhora do Livramento;Agência Nacional de Mineração - ANM;Contenção de rejeitos de mineração;Médio;Médio;89922;11;Verde;Verde;0,510;parcial;21,6;2;6;2;1;não avaliado;;;"A6;B4;B5;B6;C1;C2;C3;C4;C5;C6;C7;D2;D3;D4;D5;D6;D7;D8";;Poconé;0;0;0.1.0-metodologica;2026-07-30T09:54:46-04:00
22006;Barragem T09;Nossa Senhora do Livramento;Agência Nacional de Mineração - ANM;Contenção de rejeitos de mineração;Baixo;Médio;89922;10;Verde;Verde;0,480;parcial;20,8;2;6;2;0;não avaliado;;;"A6;B4;B5;B6;C1;C2;C3;C4;C5;C6;C7;D1;D2;D3;D4;D5;D6;D7;D8";;Poconé;0;0;0.1.0-metodologica;2026-07-30T09:54:46-04:00
22007;Barragem TB02;Nossa Senhora do Livramento;Agência Nacional de Mineração - ANM;Contenção de rejeitos de mineração;Médio;Baixo;89922;9;Verde;Verde;0,510;parcial;17,6;2;4;2;1;não avaliado;;;"A6;B4;B5;B6;C1;C2;C3;C4;C5;C6;C7;D2;D3;D4;D5;D6;D7;D8";;Poconé;0;0;0.1.0-metodologica;2026-07-30T09:54:46-04:00
574;Barragem de Rejeito 01;Nossa Senhora do Livramento;Agência Nacional de Mineração - ANM;Contenção de rejeitos de mineração;Baixo;Alto;8965718;16;Amarelo;Verde;0,550;parcial;29,1;5;8;2;1;não avaliado;;"R10;R11";"B4;B5;B6;C1;C2;C3;C4;C5;C6;C7;D2;D3;D4;D5;D6;D7;D8";;Várzea Grande;0;0;0.1.0-metodologica;2026-07-30T09:54:46-04:00
35082;Barragem de Rejeito 01;Nossa Senhora do Livramento;Agência Nacional de Mineração - ANM;Contenção de rejeitos de mineração;Baixo;Baixo;8965716;12;Amarelo;Verde;0,550;parcial;21,8;5;4;2;1;não avaliado;;"R10;R11";"B4;B5;B6;C1;C2;C3;C4;C5;C6;C7;D2;D3;D4;D5;D6;D7;D8";;;0;0;0.1.0-metodologica;2026-07-30T09:54:46-04:00
29380;Barragem de Rejeito Capim Gold 2;Nossa Senhora do Livramento;Agência Nacional de Mineração - ANM;Contenção de rejeitos de mineração;Baixo;Baixo;89922;8;Verde;Verde;0,480;parcial;16,7;2;4;2;0;não avaliado;;;"A6;B4;B5;B6;C1;C2;C3;C4;C5;C6;C7;D1;D2;D3;D4;D5;D6;D7;D8";;Poconé;0;0;0.1.0-metodologica;2026-07-30T09:54:46-04:00
5560;Barragem de Rejeito Estrela;Nossa Senhora do Livramento;Agência Nacional de Mineração - ANM;Contenção de rejeitos de mineração;Alto;Alto;8965744;30;Amarelo;Amarelo;0,600;parcial;50,0;5;12;11;2;não;não;"R10;R11";"B3;B4;B5;B6;C2;C4;C5;C6;C7;D2;D3;D4;D5;D6;D7";Cuiabá | Nossa Senhora do Livramento | Várzea Grande;;3;2;0.1.0-metodologica;2026-07-30T09:54:46-04:00
5562;Barragem de Rejeito Estrela 02;Nossa Senhora do Livramento;Agência Nacional de Mineração - ANM;Contenção de rejeitos de mineração;Alto;Alto;8965744;30;Amarelo;Amarelo;0,600;parcial;50,0;5;12;11;2;não;não;"R10;R11";"B3;B4;B5;B6;C2;C4;C5;C6;C7;D2;D3;D4;D5;D6;D7";Cuiabá | Nossa Senhora do Livramento | Várzea Grande;;3;2;0.1.0-metodologica;2026-07-30T09:54:46-04:00
5559;Barragem de Rejeito Estrela 03;Nossa Senhora do Livramento;Agência Nacional de Mineração - ANM;Contenção de rejeitos de mineração;Alto;Alto;8965744;30;Amarelo;Amarelo;0,600;parcial;50,0;5;12;11;2;não;não;"R10;R11";"B3;B4;B5;B6;C2;C4;C5;C6;C7;D2;D3;D4;D5;D6;D7";Cuiabá | Nossa Senhora do Livramento | Várzea Grande;;3;2;0.1.0-metodologica;2026-07-30T09:54:46-04:00
5603;Barragem de Rejeitos Bom Futuro;Nossa Senhora do Livramento;Agência Nacional de Mineração - ANM;Contenção de rejeitos de mineração;Médio;Alto;896574;33;Amarelo;Amarelo;0,650;parcial;50,8;5;15;11;2;não;não;"R10;R11";"B4;B5;B6;C2;C4;C5;C6;C7;D2;D3;D4;D5;D6;D7";Cuiabá | Nossa Senhora do Livramento | Várzea Grande;;3;2;0.1.0-metodologica;2026-07-30T09:54:46-04:00
26150;CHIMBUVA;Nossa Senhora do Livramento;Agência Nacional de Mineração - ANM;Contenção de rejeitos de mineração;Médio;Médio;8992274;11;Verde;Verde;0,510;parcial;21,6;2;6;2;1;não avaliado;;;"A6;B4;B5;B6;C1;C2;C3;C4;C5;C6;C7;D2;D3;D4;D5;D6;D7;D8";;;0;0;0.1.0-metodologica;2026-07-30T09:54:46-04:00
26251;FAZENDA 4M;Nossa Senhora do Livramento;Agência Nacional de Mineração - ANM;Contenção de rejeitos de mineração;Médio;Médio;8992274;11;Verde;Verde;0,510;parcial;21,6;2;6;2;1;não avaliado;;;"A6;B4;B5;B6;C1;C2;C3;C4;C5;C6;C7;D2;D3;D4;D5;D6;D7;D8";;;0;0;0.1.0-metodologica;2026-07-30T09:54:46-04:00
5551;Moça Bonita;Nossa Senhora do Livramento;Agência Nacional de Mineração - ANM;Contenção de rejeitos de mineração;Baixo;Médio;89922;11;Verde;Verde;0,510;parcial;21,6;2;6;2;1;não avaliado;;;"A6;B4;B5;B6;C1;C2;C3;C4;C5;C6;C7;D2;D3;D4;D5;D6;D7;D8";;Poconé;0;0;0.1.0-metodologica;2026-07-30T09:54:46-04:00
30135;NSL 01;Nossa Senhora do Livramento;Agência Nacional de Mineração - ANM;Contenção de rejeitos de mineração;Baixo;Médio;8965718;13;Amarelo;Verde;0,520;parcial;25,0;5;6;2;0;não avaliado;;"R10;R11";"B4;B5;B6;C1;C2;C3;C4;C5;C6;C7;D1;D2;D3;D4;D5;D6;D7;D8";;Várzea Grande;0;0;0.1.0-metodologica;2026-07-30T09:54:46-04:00
26254;Neta;Nossa Senhora do Livramento;Agência Nacional de Mineração - ANM;Contenção de rejeitos de mineração;Alto;Alto;8992274;19;Verde;Verde;0,460;parcial;41,3;2;12;2;3;não avaliado;;;"A6;B3;B4;B5;B6;C1;C2;C3;C4;C5;C6;C7;D2;D3;D4;D5;D6;D7;D8";;;0;0;0.1.0-metodologica;2026-07-30T09:54:46-04:00
36607;Primavera;Nossa Senhora do Livramento;Agência Nacional de Mineração - ANM;Contenção de rejeitos de mineração;Baixo;Médio;8965718;13;Amarelo;Verde;0,520;parcial;25,0;5;6;2;0;não avaliado;;"R10;R11";"B4;B5;B6;C1;C2;C3;C4;C5;C6;C7;D1;D2;D3;D4;D5;D6;D7;D8";;Várzea Grande;0;0;0.1.0-metodologica;2026-07-30T09:54:46-04:00
32385;QB-01;Nossa Senhora do Livramento;Agência Nacional de Mineração - ANM;Contenção de rejeitos de mineração;Baixo;Baixo;8992284;8;Verde;Verde;0,480;parcial;16,7;2;4;2;0;não avaliado;;;"A6;B4;B5;B6;C1;C2;C3;C4;C5;C6;C7;D1;D2;D3;D4;D5;D6;D7;D8";;;0;0;0.1.0-metodologica;2026-07-30T09:54:46-04:00
27571;Santa Bárbara;Nossa Senhora do Livramento;Agência Nacional de Mineração - ANM;Contenção de rejeitos de mineração;Baixo;Médio;8965716;13;Amarelo;Verde;0,520;parcial;25,0;5;6;2;0;não avaliado;;"R10;R11";"B4;B5;B6;C1;C2;C3;C4;C5;C6;C7;D1;D2;D3;D4;D5;D6;D7;D8";;;0;0;0.1.0-metodologica;2026-07-30T09:54:46-04:00
37396;Solimões Indústria e Comércio de Óleos e Proteínas Ltda ? Barragem I;Nossa Senhora do Livramento;MT - Secretaria de Estado do Meio Ambiente - SEMA;Dessedentação Animal;Baixo;Médio;896574;18;Amarelo;Verde;0,470;parcial;38,3;5;3;9;1;não;não;"R06;R10;R11";"B2;B3;B4;B5;B6;C2;C4;C5;C6;C7;D1;D2;D3;D4;D5;D6;D7";Cuiabá | Nossa Senhora do Livramento | Várzea Grande;;3;2;0.1.0-metodologica;2026-07-30T09:54:46-04:00
22164;T G de Souza;Nossa Senhora do Livramento;Agência Nacional de Mineração - ANM;Contenção de rejeitos de mineração;Baixo;Alto;89657184;34;Amarelo;Amarelo;0,640;parcial;53,1;5;15;11;3;não avaliado;;"R10;R11";"B4;B5;B6;C2;C4;C5;C6;C7;D2;D3;D4;D5;D6;D7;D8";Nossa Senhora do Livramento;;1;0;0.1.0-metodologica;2026-07-30T09:54:46-04:00
29378;TB04;Nossa Senhora do Livramento;Agência Nacional de Mineração - ANM;Contenção de rejeitos de mineração;Baixo;Baixo;89922;8;Verde;Verde;0,480;parcial;16,7;2;4;2;0;não avaliado;;;"A6;B4;B5;B6;C1;C2;C3;C4;C5;C6;C7;D1;D2;D3;D4;D5;D6;D7;D8";;Poconé;0;0;0.1.0-metodologica;2026-07-30T09:54:46-04:00
29385;TR1;Nossa Senhora do Livramento;Agência Nacional de Mineração - ANM;Contenção de rejeitos de mineração;Médio;Baixo;89657186;12;Amarelo;Verde;0,550;parcial;21,8;5;4;2;1;não avaliado;;"R10;R11";"B4;B5;B6;C1;C2;C3;C4;C5;C6;C7;D2;D3;D4;D5;D6;D7;D8";;;0;0;0.1.0-metodologica;2026-07-30T09:54:46-04:00
27882;Tanque Fundo;Nossa Senhora do Livramento;Agência Nacional de Mineração - ANM;Contenção de rejeitos de mineração;Médio;Baixo;899228;9;Verde;Verde;0,510;parcial;17,6;2;4;2;1;não avaliado;;;"A6;B4;B5;B6;C1;C2;C3;C4;C5;C6;C7;D2;D3;D4;D5;D6;D7;D8";;;0;0;0.1.0-metodologica;2026-07-30T09:54:46-04:00
27619;MD-01;Nova Lacerda;Agência Nacional de Mineração - ANM;Contenção de rejeitos de mineração;Baixo;Baixo;4699436;16;Verde;Verde;0,560;parcial;28,6;4;4;7;1;não avaliado;;;"A6;B4;B5;B6;C2;C3;C4;C5;C6;C7;D2;D3;D4;D5;D6;D7;D8";Comodoro | Nova Lacerda;;2;1;0.1.0-metodologica;2026-07-30T09:54:46-04:00
37527;Fazenda Ventania;Nova Mutum;MT - Secretaria de Estado do Meio Ambiente - SEMA;Irrigação;Alto;Não Classificado;446788;9;Verde;Verde;0,380;insuficiente;23,7;2;2;5;0;não avaliado;;R06;"A6;B2;B3;B4;B5;B6;C2;C3;C4;C5;C6;C7;D1;D2;D3;D4;D5;D6;D7;D8";Juara | Novo Horizonte do Norte | Porto dos Gaúchos;;3;3;0.1.0-metodologica;2026-07-30T09:54:46-04:00
26234;BARRAGEM BLOCO  SUL;Nova Santa Helena;Agência Nacional de Mineração - ANM;Contenção de rejeitos de mineração;Baixo;Médio;444692;15;Verde;Verde;0,530;parcial;28,3;2;6;7;0;não avaliado;;;"A6;B4;B5;B6;C2;C3;C4;C5;C6;C7;D1;D2;D3;D4;D5;D6;D7;D8";Alta Floresta | Carlinda | Terra Nova do Norte;;3;3;0.1.0-metodologica;2026-07-30T09:54:46-04:00
37548;TSF Figueira Branca;Nova Santa Helena;Agência Nacional de Mineração - ANM;Contenção de rejeitos de mineração;Baixo;Baixo;4446924;13;Verde;Verde;0,530;parcial;24,5;2;4;7;0;não avaliado;;;"A6;B4;B5;B6;C2;C3;C4;C5;C6;C7;D1;D2;D3;D4;D5;D6;D7;D8";Alta Floresta | Carlinda | Nova Santa Helena | Terra Nova do Norte;;4;3;0.1.0-metodologica;2026-07-30T09:54:46-04:00
37431;Fazenda Mundo Novo -;Nova Ubiratã;MT - Secretaria de Estado do Meio Ambiente - SEMA;Irrigação;Baixo;Baixo;44492;6;Verde;Verde;0,380;insuficiente;15,8;0;1;5;0;não avaliado;;R06;"A6;B2;B3;B4;B5;B6;C2;C3;C4;C5;C6;C7;D1;D2;D3;D4;D5;D6;D7;D8";Alta Floresta | Carlinda | Itaúba | Nova Canaã do Norte | Sinop | Vera;;6;6;0.1.0-metodologica;2026-07-30T09:54:46-04:00
37442;Fazenda Paraíso I - Montante 1;Nova Ubiratã;MT - Secretaria de Estado do Meio Ambiente - SEMA;Recreação;Baixo;Baixo;428432;2;Verde;Verde;0,330;insuficiente;6,1;1;1;0;0;não avaliado;;R06;"A6;B2;B3;B4;B5;B6;C1;C2;C3;C4;C5;C6;C7;D1;D2;D3;D4;D5;D6;D7;D8";;;0;0;0.1.0-metodologica;2026-07-30T09:54:46-04:00
37446;Fazenda Paraíso I - Principal;Nova Ubiratã;MT - Secretaria de Estado do Meio Ambiente - SEMA;Irrigação;Baixo;Baixo;428432;2;Verde;Verde;0,330;insuficiente;6,1;1;1;0;0;não avaliado;;R06;"A6;B2;B3;B4;B5;B6;C1;C2;C3;C4;C5;C6;C7;D1;D2;D3;D4;D5;D6;D7;D8";;;0;0;0.1.0-metodologica;2026-07-30T09:54:46-04:00
34138;CGH Jatobazinho - Jatobazinho;Paranatinga;Agência Nacional de Energia Elétrica - ANEEL;Hidroelétrica;Baixo;Baixo;42842;1;Verde;Verde;0,330;insuficiente;3,0;0;1;0;0;não avaliado;;R06;"A6;B2;B3;B4;B5;B6;C1;C2;C3;C4;C5;C6;C7;D1;D2;D3;D4;D5;D6;D7;D8";;;0;0;0.1.0-metodologica;2026-07-30T09:54:46-04:00
34134;CGH Santiago Fazenda Agrochapada - SANTIAGO;Paranatinga;Agência Nacional de Energia Elétrica - ANEEL;Hidroelétrica;Baixo;Baixo;42844;1;Verde;Verde;0,330;insuficiente;3,0;0;1;0;0;não avaliado;;R06;"A6;B2;B3;B4;B5;B6;C1;C2;C3;C4;C5;C6;C7;D1;D2;D3;D4;D5;D6;D7;D8";;;0;0;0.1.0-metodologica;2026-07-30T09:54:46-04:00
19952;Faz. Reunidas 15;Paranatinga;MT - Secretaria de Estado do Meio Ambiente - SEMA;Irrigação;Baixo;Médio;428292;8;Verde;Verde;0,380;insuficiente;21,1;0;3;5;0;não avaliado;;R06;"A6;B2;B3;B4;B5;B6;C2;C3;C4;C5;C6;C7;D1;D2;D3;D4;D5;D6;D7;D8";Paranatinga;;1;0;0.1.0-metodologica;2026-07-30T09:54:46-04:00
30819;Fazenda Cambará;Paranatinga;MT - Secretaria de Estado do Meio Ambiente - SEMA;Irrigação;Baixo;Médio;428466;3;Verde;Verde;0,330;insuficiente;9,1;0;3;0;0;não avaliado;;R06;"A6;B2;B3;B4;B5;B6;C1;C2;C3;C4;C5;C6;C7;D1;D2;D3;D4;D5;D6;D7;D8";;;0;0;0.1.0-metodologica;2026-07-30T09:54:46-04:00
30821;Fazenda Cambará;Paranatinga;MT - Secretaria de Estado do Meio Ambiente - SEMA;Irrigação;Baixo;Médio;428466;3;Verde;Verde;0,330;insuficiente;9,1;0;3;0;0;não avaliado;;R06;"A6;B2;B3;B4;B5;B6;C1;C2;C3;C4;C5;C6;C7;D1;D2;D3;D4;D5;D6;D7;D8";;;0;0;0.1.0-metodologica;2026-07-30T09:54:46-04:00
4338;PCH Culuene - Culuene;Paranatinga;Agência Nacional de Energia Elétrica - ANEEL;Hidroelétrica;Baixo;Baixo;42;5;Verde;Verde;0,380;insuficiente;13,2;0;1;4;0;não avaliado;;R06;"A6;B2;B3;B4;B5;B6;C2;C3;C4;C5;C6;C7;D1;D2;D3;D4;D5;D6;D7;D8";Planalto da Serra;Alto Boa Vista | Boa Esperança do Norte | Bom Jesus do Araguaia | Canarana | Cláudia | Feliz Natal | Gaúcha do Norte | Guarantã do Norte | Marcelândia | Nova Ubiratã | Querência | Ribeirão Cascalheira | Santa Carmem | Santa Cruz do Xingu | Santo Antônio do Leste | São Félix do Araguaia | São José do Xingu | União do Sul | Vila Rica | Água Boa;1;1;0.1.0-metodologica;2026-07-30T09:54:46-04:00
4330;PCH Paranatinga II - Paranatinga II;Paranatinga;Agência Nacional de Energia Elétrica - ANEEL;Hidroelétrica;Médio;Baixo;42;6;Verde;Verde;0,410;parcial;14,6;0;1;4;1;não avaliado;;R06;"A6;B2;B3;B4;B5;B6;C2;C3;C4;C5;C6;C7;D2;D3;D4;D5;D6;D7;D8";Planalto da Serra;Alto Boa Vista | Boa Esperança do Norte | Bom Jesus do Araguaia | Canarana | Cláudia | Feliz Natal | Gaúcha do Norte | Guarantã do Norte | Marcelândia | Nova Ubiratã | Querência | Ribeirão Cascalheira | Santa Carmem | Santa Cruz do Xingu | Santo Antônio do Leste | São Félix do Araguaia | São José do Xingu | União do Sul | Vila Rica | Água Boa;1;1;0.1.0-metodologica;2026-07-30T09:54:46-04:00
21944;Alvo Crente;Paranaíta;Agência Nacional de Mineração - ANM;Contenção de rejeitos de mineração;Baixo;Baixo;444532;8;Amarelo;Verde;0,520;parcial;15,4;2;4;2;0;não avaliado;;"R10;R11";"B4;B5;B6;C1;C2;C3;C4;C5;C6;C7;D1;D2;D3;D4;D5;D6;D7;D8";;;0;0;0.1.0-metodologica;2026-07-30T09:54:46-04:00
35135;Barramento Green Fish;Paranaíta;MT - Secretaria de Estado do Meio Ambiente - SEMA;Aquicultura;Baixo;Alto;4445362;7;Amarelo;Verde;0,370;insuficiente;18,9;2;5;0;0;não avaliado;;"R06;R10;R11";"B2;B3;B4;B5;B6;C1;C2;C3;C4;C5;C6;C7;D1;D2;D3;D4;D5;D6;D7;D8";;;0;0;0.1.0-metodologica;2026-07-30T09:54:46-04:00
20061;Fazenda Apiacás;Paranaíta;MT - Secretaria de Estado do Meio Ambiente - SEMA;Dessedentação Animal;Baixo;Não Classificado;4444544;8;Verde;Verde;0,380;insuficiente;21,1;1;2;5;0;não avaliado;;R06;"A6;B2;B3;B4;B5;B6;C2;C3;C4;C5;C6;C7;D1;D2;D3;D4;D5;D6;D7;D8";Paranaíta;;1;0;0.1.0-metodologica;2026-07-30T09:54:46-04:00
5056;UHE São Manoel - 1;Paranaíta;Agência Nacional de Energia Elétrica - ANEEL;Hidroelétrica;Alto;Baixo;444;3;Verde;Verde;0,360;insuficiente;8,3;1;1;0;1;não avaliado;;R06;"A6;B2;B3;B4;B5;B6;C1;C2;C3;C4;C5;C6;C7;D2;D3;D4;D5;D6;D7;D8";;Alta Floresta | Carlinda | Ipiranga do Norte | Itaúba | Lucas do Rio Verde | Nova Canaã do Norte | Nova Santa Helena | Santa Rita do Trivelato | Sinop | Sorriso | Tapurah | Terra Nova do Norte | Vera;0;0;0.1.0-metodologica;2026-07-30T09:54:46-04:00
34774;Barragem I - Fazenda Santa Maria do Jurigue;Pedra Preta;MT - Secretaria de Estado do Meio Ambiente - SEMA;Irrigação;Baixo;Não Classificado;89646;7;Verde;Verde;0,380;insuficiente;18,4;0;2;5;0;não avaliado;;R06;"A6;B2;B3;B4;B5;B6;C2;C3;C4;C5;C6;C7;D1;D2;D3;D4;D5;D6;D7;D8";Pedra Preta;;1;0;0.1.0-metodologica;2026-07-30T09:54:46-04:00
36534;Barragem II - Fazenda Santa Maria do Jurigue;Pedra Preta;MT - Secretaria de Estado do Meio Ambiente - SEMA;Irrigação;Baixo;Médio;89646;8;Verde;Verde;0,380;insuficiente;21,1;0;3;5;0;não avaliado;;R06;"A6;B2;B3;B4;B5;B6;C2;C3;C4;C5;C6;C7;D1;D2;D3;D4;D5;D6;D7;D8";Pedra Preta;;1;0;0.1.0-metodologica;2026-07-30T09:54:46-04:00
21001;Fazenda Boa Vista;Planalto da Serra;Agência Nacional de Águas e Saneamento Básico - ANA;Irrigação;Não Classificado;Não Classificado;42;6;Verde;Verde;0,380;insuficiente;15,8;0;2;4;0;não avaliado;;R06;"A6;B2;B3;B4;B5;B6;C2;C3;C4;C5;C6;C7;D1;D2;D3;D4;D5;D6;D7;D8";Planalto da Serra;Alto Boa Vista | Boa Esperança do Norte | Bom Jesus do Araguaia | Canarana | Cláudia | Feliz Natal | Gaúcha do Norte | Guarantã do Norte | Marcelândia | Nova Ubiratã | Paranatinga | Querência | Ribeirão Cascalheira | Santa Carmem | Santa Cruz do Xingu | Santo Antônio do Leste | São Félix do Araguaia | São José do Xingu | União do Sul | Vila Rica | Água Boa;1;0;0.1.0-metodologica;2026-07-30T09:54:46-04:00
20335;Alain II;Poconé;Agência Nacional de Mineração - ANM;Contenção de rejeitos de mineração;Médio;Médio;899226;12;Verde;Verde;0,510;parcial;23,5;3;6;2;1;não avaliado;;;"A6;B4;B5;B6;C1;C2;C3;C4;C5;C6;C7;D2;D3;D4;D5;D6;D7;D8";;;0;0;0.1.0-metodologica;2026-07-30T09:54:46-04:00
8003;BACIA DE REJEITOS SÃO BENTO;Poconé;Agência Nacional de Mineração - ANM;Contenção de rejeitos de mineração;Médio;Alto;899226;21;Amarelo;Amarelo;0,510;parcial;41,2;3;15;2;1;não avaliado;;;"A6;B4;B5;B6;C1;C2;C3;C4;C5;C6;C7;D2;D3;D4;D5;D6;D7;D8";;;0;0;0.1.0-metodologica;2026-07-30T09:54:46-04:00
27896;BARBA;Poconé;Agência Nacional de Mineração - ANM;Contenção de rejeitos de mineração;Baixo;Baixo;8992262;18;Verde;Verde;0,570;parcial;31,6;3;4;11;0;não avaliado;;;"A6;B4;B5;B6;C2;C4;C5;C6;C7;D1;D2;D3;D4;D5;D6;D7;D8";Poconé;;1;0;0.1.0-metodologica;2026-07-30T09:54:46-04:00
31358;BARRAGEM DE REJEITO NORMA;Poconé;Agência Nacional de Mineração - ANM;Contenção de rejeitos de mineração;Baixo;Baixo;89922;9;Verde;Verde;0,480;parcial;18,8;3;4;2;0;não avaliado;;;"A6;B4;B5;B6;C1;C2;C3;C4;C5;C6;C7;D1;D2;D3;D4;D5;D6;D7;D8";;;0;0;0.1.0-metodologica;2026-07-30T09:54:46-04:00
1279;BARRAGEM T01;Poconé;Agência Nacional de Mineração - ANM;Contenção de rejeitos de mineração;Médio;Médio;89928;12;Verde;Verde;0,510;parcial;23,5;3;6;2;1;não avaliado;;;"A6;B4;B5;B6;C1;C2;C3;C4;C5;C6;C7;D2;D3;D4;D5;D6;D7;D8";;;0;0;0.1.0-metodologica;2026-07-30T09:54:46-04:00
582;BOM PASTOR;Poconé;Agência Nacional de Mineração - ANM;Contenção de rejeitos de mineração;Baixo;Baixo;8992264;9;Verde;Verde;0,480;parcial;18,8;3;4;2;0;não avaliado;;;"A6;B4;B5;B6;C1;C2;C3;C4;C5;C6;C7;D1;D2;D3;D4;D5;D6;D7;D8";;;0;0;0.1.0-metodologica;2026-07-30T09:54:46-04:00
32390;Barragem VERA;Poconé;Agência Nacional de Mineração - ANM;Contenção de rejeitos de mineração;Baixo;Baixo;89922;9;Verde;Verde;0,480;parcial;18,8;3;4;2;0;não avaliado;;;"A6;B4;B5;B6;C1;C2;C3;C4;C5;C6;C7;D1;D2;D3;D4;D5;D6;D7;D8";;;0;0;0.1.0-metodologica;2026-07-30T09:54:46-04:00
32394;Barragem XAVIER;Poconé;Agência Nacional de Mineração - ANM;Contenção de rejeitos de mineração;Baixo;Baixo;8992262;18;Verde;Verde;0,570;parcial;31,6;3;4;11;0;não avaliado;;;"A6;B4;B5;B6;C2;C4;C5;C6;C7;D1;D2;D3;D4;D5;D6;D7;D8";Poconé;;1;0;0.1.0-metodologica;2026-07-30T09:54:46-04:00
21951;Barragem de Mineração-CPM;Poconé;Agência Nacional de Mineração - ANM;Contenção de rejeitos de mineração;Baixo;Médio;89922;14;Verde;Verde;0,510;parcial;27,5;3;6;2;3;não avaliado;;;"A6;B4;B5;B6;C1;C2;C3;C4;C5;C6;C7;D2;D3;D4;D5;D6;D7;D8";;;0;0;0.1.0-metodologica;2026-07-30T09:54:46-04:00
5439;Barragem de Rejeito 1;Poconé;Agência Nacional de Mineração - ANM;Contenção de rejeitos de mineração;Médio;Médio;89928;12;Verde;Verde;0,510;parcial;23,5;3;6;2;1;não avaliado;;;"A6;B4;B5;B6;C1;C2;C3;C4;C5;C6;C7;D2;D3;D4;D5;D6;D7;D8";;;0;0;0.1.0-metodologica;2026-07-30T09:54:46-04:00
26570;Barramento Fazenda Trabuco;Poconé;MT - Secretaria de Estado do Meio Ambiente - SEMA;Dessedentação Animal;Baixo;Médio;89922;6;Verde;Verde;0,330;insuficiente;18,2;3;3;0;0;não avaliado;;R06;"A6;B2;B3;B4;B5;B6;C1;C2;C3;C4;C5;C6;C7;D1;D2;D3;D4;D5;D6;D7;D8";;;0;0;0.1.0-metodologica;2026-07-30T09:54:46-04:00
8001;CAMPOS;Poconé;Agência Nacional de Mineração - ANM;Contenção de rejeitos de mineração;Baixo;Baixo;899226;9;Verde;Verde;0,480;parcial;18,8;3;4;2;0;não avaliado;;;"A6;B4;B5;B6;C1;C2;C3;C4;C5;C6;C7;D1;D2;D3;D4;D5;D6;D7;D8";;;0;0;0.1.0-metodologica;2026-07-30T09:54:46-04:00
29387;CATARINO;Poconé;Agência Nacional de Mineração - ANM;Contenção de rejeitos de mineração;Baixo;Baixo;899226;9;Verde;Verde;0,480;parcial;18,8;3;4;2;0;não avaliado;;;"A6;B4;B5;B6;C1;C2;C3;C4;C5;C6;C7;D1;D2;D3;D4;D5;D6;D7;D8";;;0;0;0.1.0-metodologica;2026-07-30T09:54:46-04:00
787;CHICO;Poconé;Agência Nacional de Mineração - ANM;Contenção de rejeitos de mineração;Baixo;Baixo;899282;9;Verde;Verde;0,480;parcial;18,8;3;4;2;0;não avaliado;;;"A6;B4;B5;B6;C1;C2;C3;C4;C5;C6;C7;D1;D2;D3;D4;D5;D6;D7;D8";;;0;0;0.1.0-metodologica;2026-07-30T09:54:46-04:00
788;COQUEIRAL;Poconé;Agência Nacional de Mineração - ANM;Contenção de rejeitos de mineração;Alto;Baixo;8992264;10;Verde;Verde;0,510;parcial;19,6;3;4;2;1;não avaliado;;;"A6;B4;B5;B6;C1;C2;C3;C4;C5;C6;C7;D2;D3;D4;D5;D6;D7;D8";;;0;0;0.1.0-metodologica;2026-07-30T09:54:46-04:00
22011;Davi;Poconé;Agência Nacional de Mineração - ANM;Contenção de rejeitos de mineração;Médio;Médio;8992262;21;Amarelo;Amarelo;0,600;parcial;35,0;3;6;11;1;não avaliado;;;"A6;B4;B5;B6;C2;C4;C5;C6;C7;D2;D3;D4;D5;D6;D7;D8";Poconé;;1;0;0.1.0-metodologica;2026-07-30T09:54:46-04:00
22043;FRANCÊS;Poconé;Agência Nacional de Mineração - ANM;Contenção de rejeitos de mineração;Médio;Médio;899226;12;Verde;Verde;0,510;parcial;23,5;3;6;2;1;não avaliado;;;"A6;B4;B5;B6;C1;C2;C3;C4;C5;C6;C7;D2;D3;D4;D5;D6;D7;D8";;;0;0;0.1.0-metodologica;2026-07-30T09:54:46-04:00
26539;FRIGOPESCA PSICULTURA E FRIGORÍFICO LTDA-EPP;Poconé;MT - Secretaria de Estado do Meio Ambiente - SEMA;Aquicultura;Baixo;Não se Aplica;89922;4;Verde;Verde;0,330;insuficiente;12,1;3;1;0;0;não avaliado;;R06;"A6;B2;B3;B4;B5;B6;C1;C2;C3;C4;C5;C6;C7;D1;D2;D3;D4;D5;D6;D7;D8";;;0;0;0.1.0-metodologica;2026-07-30T09:54:46-04:00
36132;Fazenda Menolli II ? Barramento;Poconé;MT - Secretaria de Estado do Meio Ambiente - SEMA;Irrigação;Médio;Médio;8992268;6;Verde;Verde;0,330;insuficiente;18,2;3;3;0;0;não avaliado;;R06;"A6;B2;B3;B4;B5;B6;C1;C2;C3;C4;C5;C6;C7;D1;D2;D3;D4;D5;D6;D7;D8";;;0;0;0.1.0-metodologica;2026-07-30T09:54:46-04:00
36102;Fazenda Poconé - Barramento 2;Poconé;MT - Secretaria de Estado do Meio Ambiente - SEMA;Paisagismo;Baixo;Alto;8992268;8;Verde;Verde;0,330;insuficiente;24,2;3;5;0;0;não avaliado;;R06;"A6;B2;B3;B4;B5;B6;C1;C2;C3;C4;C5;C6;C7;D1;D2;D3;D4;D5;D6;D7;D8";;;0;0;0.1.0-metodologica;2026-07-30T09:54:46-04:00
32088;Fazenda Poconé – Barramento I;Poconé;MT - Secretaria de Estado do Meio Ambiente - SEMA;Irrigação;Baixo;Médio;8992266;6;Verde;Verde;0,330;insuficiente;18,2;3;3;0;0;não avaliado;;R06;"A6;B2;B3;B4;B5;B6;C1;C2;C3;C4;C5;C6;C7;D1;D2;D3;D4;D5;D6;D7;D8";;;0;0;0.1.0-metodologica;2026-07-30T09:54:46-04:00
5475;GAÚCHO;Poconé;Agência Nacional de Mineração - ANM;Contenção de rejeitos de mineração;Baixo;Baixo;8992262;18;Verde;Verde;0,570;parcial;31,6;3;4;11;0;não avaliado;;;"A6;B4;B5;B6;C2;C4;C5;C6;C7;D1;D2;D3;D4;D5;D6;D7;D8";Poconé;;1;0;0.1.0-metodologica;2026-07-30T09:54:46-04:00
581;GONÇA;Poconé;Agência Nacional de Mineração - ANM;Contenção de rejeitos de mineração;Médio;Baixo;8992262;19;Verde;Verde;0,600;parcial;31,7;3;4;11;1;não avaliado;;;"A6;B4;B5;B6;C2;C4;C5;C6;C7;D2;D3;D4;D5;D6;D7;D8";Poconé;;1;0;0.1.0-metodologica;2026-07-30T09:54:46-04:00
23801;Isa;Poconé;Agência Nacional de Mineração - ANM;Contenção de rejeitos de mineração;Baixo;Médio;89922;17;Verde;Verde;0,510;parcial;33,3;3;11;2;1;não avaliado;;;"A6;B4;B5;B6;C1;C2;C3;C4;C5;C6;C7;D2;D3;D4;D5;D6;D7;D8";;;0;0;0.1.0-metodologica;2026-07-30T09:54:46-04:00
8000;JOAO PAULO;Poconé;Agência Nacional de Mineração - ANM;Contenção de rejeitos de mineração;Médio;Baixo;8992262;19;Verde;Verde;0,600;parcial;31,7;3;4;11;1;não avaliado;;;"A6;B4;B5;B6;C2;C4;C5;C6;C7;D2;D3;D4;D5;D6;D7;D8";Poconé;;1;0;0.1.0-metodologica;2026-07-30T09:54:46-04:00
894;LU;Poconé;Agência Nacional de Mineração - ANM;Contenção de rejeitos de mineração;Baixo;Baixo;8992262;18;Verde;Verde;0,570;parcial;31,6;3;4;11;0;não avaliado;;;"A6;B4;B5;B6;C2;C4;C5;C6;C7;D1;D2;D3;D4;D5;D6;D7;D8";Poconé;;1;0;0.1.0-metodologica;2026-07-30T09:54:46-04:00
895;MARANATA;Poconé;Agência Nacional de Mineração - ANM;Contenção de rejeitos de mineração;Baixo;Baixo;89922;10;Verde;Verde;0,510;parcial;19,6;3;4;2;1;não avaliado;;;"A6;B4;B5;B6;C1;C2;C3;C4;C5;C6;C7;D2;D3;D4;D5;D6;D7;D8";;;0;0;0.1.0-metodologica;2026-07-30T09:54:46-04:00
20401;MARANATA II;Poconé;Agência Nacional de Mineração - ANM;Contenção de rejeitos de mineração;Baixo;Baixo;89922;9;Verde;Verde;0,480;parcial;18,8;3;4;2;0;não avaliado;;;"A6;B4;B5;B6;C1;C2;C3;C4;C5;C6;C7;D1;D2;D3;D4;D5;D6;D7;D8";;;0;0;0.1.0-metodologica;2026-07-30T09:54:46-04:00
27897;MOCOTÓ;Poconé;Agência Nacional de Mineração - ANM;Contenção de rejeitos de mineração;Baixo;Baixo;8992262;18;Verde;Verde;0,570;parcial;31,6;3;4;11;0;não avaliado;;;"A6;B4;B5;B6;C2;C4;C5;C6;C7;D1;D2;D3;D4;D5;D6;D7;D8";Poconé;;1;0;0.1.0-metodologica;2026-07-30T09:54:46-04:00
30797;Martins 2;Poconé;Agência Nacional de Mineração - ANM;Contenção de rejeitos de mineração;Baixo;Médio;8992264;11;Verde;Verde;0,480;parcial;22,9;3;6;2;0;não avaliado;;;"A6;B4;B5;B6;C1;C2;C3;C4;C5;C6;C7;D1;D2;D3;D4;D5;D6;D7;D8";;;0;0;0.1.0-metodologica;2026-07-30T09:54:46-04:00
899;OURINHOS I;Poconé;Agência Nacional de Mineração - ANM;Contenção de rejeitos de mineração;Baixo;Baixo;899226;9;Verde;Verde;0,480;parcial;18,8;3;4;2;0;não avaliado;;;"A6;B4;B5;B6;C1;C2;C3;C4;C5;C6;C7;D1;D2;D3;D4;D5;D6;D7;D8";;;0;0;0.1.0-metodologica;2026-07-30T09:54:46-04:00
5459;OURO FINO;Poconé;Agência Nacional de Mineração - ANM;Contenção de rejeitos de mineração;Médio;Médio;899282;12;Verde;Verde;0,510;parcial;23,5;3;6;2;1;não avaliado;;;"A6;B4;B5;B6;C1;C2;C3;C4;C5;C6;C7;D2;D3;D4;D5;D6;D7;D8";;;0;0;0.1.0-metodologica;2026-07-30T09:54:46-04:00
5458;RODUÍ II;Poconé;Agência Nacional de Mineração - ANM;Contenção de rejeitos de mineração;Baixo;Baixo;8992262;18;Verde;Verde;0,570;parcial;31,6;3;4;11;0;não avaliado;;;"A6;B4;B5;B6;C2;C4;C5;C6;C7;D1;D2;D3;D4;D5;D6;D7;D8";Poconé;;1;0;0.1.0-metodologica;2026-07-30T09:54:46-04:00
1276;RONDON;Poconé;Agência Nacional de Mineração - ANM;Contenção de rejeitos de mineração;Médio;Baixo;899282;10;Verde;Verde;0,510;parcial;19,6;3;4;2;1;não avaliado;;;"A6;B4;B5;B6;C1;C2;C3;C4;C5;C6;C7;D2;D3;D4;D5;D6;D7;D8";;;0;0;0.1.0-metodologica;2026-07-30T09:54:46-04:00
31383;SÃO RAFAEL;Poconé;Agência Nacional de Mineração - ANM;Contenção de rejeitos de mineração;Baixo;Baixo;8992264;9;Verde;Verde;0,480;parcial;18,8;3;4;2;0;não avaliado;;;"A6;B4;B5;B6;C1;C2;C3;C4;C5;C6;C7;D1;D2;D3;D4;D5;D6;D7;D8";;;0;0;0.1.0-metodologica;2026-07-30T09:54:46-04:00
27628;TARUMÃ II;Poconé;Agência Nacional de Mineração - ANM;Contenção de rejeitos de mineração;Baixo;Médio;8992262;20;Amarelo;Amarelo;0,570;parcial;35,1;3;6;11;0;não avaliado;;;"A6;B4;B5;B6;C2;C4;C5;C6;C7;D1;D2;D3;D4;D5;D6;D7;D8";Poconé;;1;0;0.1.0-metodologica;2026-07-30T09:54:46-04:00
27898;VCS;Poconé;Agência Nacional de Mineração - ANM;Contenção de rejeitos de mineração;Baixo;Baixo;8992262;18;Verde;Verde;0,570;parcial;31,6;3;4;11;0;não avaliado;;;"A6;B4;B5;B6;C2;C4;C5;C6;C7;D1;D2;D3;D4;D5;D6;D7;D8";Poconé;;1;0;0.1.0-metodologica;2026-07-30T09:54:46-04:00
35081;VICTOR;Poconé;Agência Nacional de Mineração - ANM;Contenção de sedimentos de mineração;Baixo;Baixo;899226;9;Verde;Verde;0,480;parcial;18,8;3;4;2;0;não avaliado;;;"A6;B4;B5;B6;C1;C2;C3;C4;C5;C6;C7;D1;D2;D3;D4;D5;D6;D7;D8";;;0;0;0.1.0-metodologica;2026-07-30T09:54:46-04:00
35161;Barragem B1 - Fazenda Sol Nascente;Pontal do Araguaia;MT - Secretaria de Estado do Meio Ambiente - SEMA;Irrigação;Médio;Não Classificado;698132;7;Verde;Verde;0,380;insuficiente;18,4;0;2;5;0;não avaliado;;R06;"A6;B2;B3;B4;B5;B6;C2;C3;C4;C5;C6;C7;D1;D2;D3;D4;D5;D6;D7;D8";Pontal do Araguaia;;1;0;0.1.0-metodologica;2026-07-30T09:54:46-04:00
36543;Barragem Prefeitura Ponte Branca;Ponte Branca;MT - Secretaria de Estado do Meio Ambiente - SEMA;Paisagismo;Baixo;Médio;699592;8;Verde;Verde;0,380;insuficiente;21,1;0;3;5;0;não avaliado;;R06;"A6;B2;B3;B4;B5;B6;C2;C3;C4;C5;C6;C7;D1;D2;D3;D4;D5;D6;D7;D8";Ponte Branca | Ribeirãozinho | Torixoréu;;3;2;0.1.0-metodologica;2026-07-30T09:54:46-04:00
35573;BARRAGEM DO POÇO;Pontes e Lacerda;MT - Secretaria de Estado do Meio Ambiente - SEMA;Industrial;Baixo;Médio;469964;12;Verde;Verde;0,380;insuficiente;31,6;4;3;5;0;não avaliado;;R06;"A6;B2;B3;B4;B5;B6;C2;C3;C4;C5;C6;C7;D1;D2;D3;D4;D5;D6;D7;D8";Comodoro | Nova Lacerda | Vila Bela da Santíssima Trindade;;3;3;0.1.0-metodologica;2026-07-30T09:54:46-04:00
27548;BIG BERION;Pontes e Lacerda;Agência Nacional de Mineração - ANM;Contenção de rejeitos de mineração;Médio;Médio;469962;18;Verde;Verde;0,560;parcial;32,1;4;6;7;1;não avaliado;;;"A6;B4;B5;B6;C2;C3;C4;C5;C6;C7;D2;D3;D4;D5;D6;D7;D8";Comodoro | Nova Lacerda | Vila Bela da Santíssima Trindade;;3;3;0.1.0-metodologica;2026-07-30T09:54:46-04:00
35103;Barragem Tamboril I;Pontes e Lacerda;MT - Secretaria de Estado do Meio Ambiente - SEMA;Dessedentação Animal;Baixo;Médio;469962;12;Verde;Verde;0,380;insuficiente;31,6;4;3;5;0;não avaliado;;R06;"A6;B2;B3;B4;B5;B6;C2;C3;C4;C5;C6;C7;D1;D2;D3;D4;D5;D6;D7;D8";Comodoro | Nova Lacerda | Vila Bela da Santíssima Trindade;;3;3;0.1.0-metodologica;2026-07-30T09:54:46-04:00
35104;Barragem Tamboril II;Pontes e Lacerda;MT - Secretaria de Estado do Meio Ambiente - SEMA;Dessedentação Animal;Baixo;Médio;469962;12;Verde;Verde;0,380;insuficiente;31,6;4;3;5;0;não avaliado;;R06;"A6;B2;B3;B4;B5;B6;C2;C3;C4;C5;C6;C7;D1;D2;D3;D4;D5;D6;D7;D8";Comodoro | Nova Lacerda | Vila Bela da Santíssima Trindade;;3;3;0.1.0-metodologica;2026-07-30T09:54:46-04:00
36585;CPO1;Pontes e Lacerda;Agência Nacional de Mineração - ANM;Contenção de rejeitos de mineração;Baixo;Baixo;469958;16;Verde;Verde;0,530;parcial;30,2;5;4;7;0;não avaliado;;;"A6;B4;B5;B6;C2;C3;C4;C5;C6;C7;D1;D2;D3;D4;D5;D6;D7;D8";Comodoro | Nova Lacerda;Vila Bela da Santíssima Trindade;2;2;0.1.0-metodologica;2026-07-30T09:54:46-04:00
21941;Campos;Pontes e Lacerda;Agência Nacional de Mineração - ANM;Contenção de rejeitos de mineração;Baixo;Médio;469962;18;Verde;Verde;0,560;parcial;32,1;4;6;7;1;não avaliado;;;"A6;B4;B5;B6;C2;C3;C4;C5;C6;C7;D2;D3;D4;D5;D6;D7;D8";Comodoro | Nova Lacerda | Vila Bela da Santíssima Trindade;;3;3;0.1.0-metodologica;2026-07-30T09:54:46-04:00
21942;Elvo 1;Pontes e Lacerda;Agência Nacional de Mineração - ANM;Contenção de rejeitos de mineração;Baixo;Médio;469962;18;Verde;Verde;0,560;parcial;32,1;4;6;7;1;não avaliado;;;"A6;B4;B5;B6;C2;C3;C4;C5;C6;C7;D2;D3;D4;D5;D6;D7;D8";Comodoro | Nova Lacerda | Vila Bela da Santíssima Trindade;;3;3;0.1.0-metodologica;2026-07-30T09:54:46-04:00
21943;Elvo Captação;Pontes e Lacerda;Agência Nacional de Mineração - ANM;Contenção de sedimentos de mineração;Baixo;Médio;469962;18;Verde;Verde;0,560;parcial;32,1;4;6;7;1;não avaliado;;;"A6;B4;B5;B6;C2;C3;C4;C5;C6;C7;D2;D3;D4;D5;D6;D7;D8";Comodoro | Nova Lacerda | Vila Bela da Santíssima Trindade;;3;3;0.1.0-metodologica;2026-07-30T09:54:46-04:00
31305;Manga;Pontes e Lacerda;Agência Nacional de Mineração - ANM;Contenção de rejeitos de mineração;Baixo;Médio;469962;18;Verde;Verde;0,560;parcial;32,1;4;6;7;1;não avaliado;;;"A6;B4;B5;B6;C2;C3;C4;C5;C6;C7;D2;D3;D4;D5;D6;D7;D8";Comodoro | Nova Lacerda | Vila Bela da Santíssima Trindade;;3;3;0.1.0-metodologica;2026-07-30T09:54:46-04:00
22459;Massa d'Água #125702;Pontes e Lacerda;Agência Nacional de Águas e Saneamento Básico - ANA;Irrigação;Não Classificado;Não Classificado;46998;11;Verde;Verde;0,380;insuficiente;28,9;4;2;5;0;não avaliado;;R06;"A6;B2;B3;B4;B5;B6;C2;C3;C4;C5;C6;C7;D1;D2;D3;D4;D5;D6;D7;D8";Comodoro | Nova Lacerda | Pontes e Lacerda | Vila Bela da Santíssima Trindade;;4;3;0.1.0-metodologica;2026-07-30T09:54:46-04:00
22498;Massa d'Água #139258;Pontes e Lacerda;Agência Nacional de Águas e Saneamento Básico - ANA;Irrigação;Não Classificado;Não Classificado;46998;11;Verde;Verde;0,380;insuficiente;28,9;4;2;5;0;não avaliado;;R06;"A6;B2;B3;B4;B5;B6;C2;C3;C4;C5;C6;C7;D1;D2;D3;D4;D5;D6;D7;D8";Comodoro | Nova Lacerda | Pontes e Lacerda | Vila Bela da Santíssima Trindade;;4;3;0.1.0-metodologica;2026-07-30T09:54:46-04:00
22503;Massa d'Água #140377;Pontes e Lacerda;Agência Nacional de Águas e Saneamento Básico - ANA;Irrigação;Não Classificado;Não Classificado;46998;11;Verde;Verde;0,380;insuficiente;28,9;4;2;5;0;não avaliado;;R06;"A6;B2;B3;B4;B5;B6;C2;C3;C4;C5;C6;C7;D1;D2;D3;D4;D5;D6;D7;D8";Comodoro | Nova Lacerda | Pontes e Lacerda | Vila Bela da Santíssima Trindade;;4;3;0.1.0-metodologica;2026-07-30T09:54:46-04:00
22621;Massa d'Água #162788;Pontes e Lacerda;Agência Nacional de Águas e Saneamento Básico - ANA;Irrigação;Não Classificado;Não Classificado;46998;11;Verde;Verde;0,380;insuficiente;28,9;4;2;5;0;não avaliado;;R06;"A6;B2;B3;B4;B5;B6;C2;C3;C4;C5;C6;C7;D1;D2;D3;D4;D5;D6;D7;D8";Comodoro | Nova Lacerda | Pontes e Lacerda | Vila Bela da Santíssima Trindade;;4;3;0.1.0-metodologica;2026-07-30T09:54:46-04:00
22374;Massa d'Água #94452;Pontes e Lacerda;Agência Nacional de Águas e Saneamento Básico - ANA;Irrigação;Não Classificado;Não Classificado;46998;11;Verde;Verde;0,380;insuficiente;28,9;4;2;5;0;não avaliado;;R06;"A6;B2;B3;B4;B5;B6;C2;C3;C4;C5;C6;C7;D1;D2;D3;D4;D5;D6;D7;D8";Comodoro | Nova Lacerda | Pontes e Lacerda | Vila Bela da Santíssima Trindade;;4;3;0.1.0-metodologica;2026-07-30T09:54:46-04:00
29388;P.R.A;Pontes e Lacerda;Agência Nacional de Mineração - ANM;Contenção de rejeitos de mineração;Baixo;Médio;46997456;17;Verde;Verde;0,530;parcial;32,1;4;6;7;0;não avaliado;;;"A6;B4;B5;B6;C2;C3;C4;C5;C6;C7;D1;D2;D3;D4;D5;D6;D7;D8";Comodoro | Nova Lacerda | Pontes e Lacerda | Vila Bela da Santíssima Trindade;;4;3;0.1.0-metodologica;2026-07-30T09:54:46-04:00
31011;Reservatório de Água P.R.A.;Pontes e Lacerda;MT - Secretaria de Estado do Meio Ambiente - SEMA;Industrial;Baixo;Baixo;46997456;10;Verde;Verde;0,380;insuficiente;26,3;4;1;5;0;não avaliado;;R06;"A6;B2;B3;B4;B5;B6;C2;C3;C4;C5;C6;C7;D1;D2;D3;D4;D5;D6;D7;D8";Comodoro | Nova Lacerda | Pontes e Lacerda | Vila Bela da Santíssima Trindade;;4;3;0.1.0-metodologica;2026-07-30T09:54:46-04:00
26261;SR.PEDRINHO;Pontes e Lacerda;Agência Nacional de Mineração - ANM;Contenção de rejeitos de mineração;Baixo;Médio;469962;17;Verde;Verde;0,530;parcial;32,1;4;6;7;0;não avaliado;;;"A6;B4;B5;B6;C2;C3;C4;C5;C6;C7;D1;D2;D3;D4;D5;D6;D7;D8";Comodoro | Nova Lacerda | Vila Bela da Santíssima Trindade;;3;3;0.1.0-metodologica;2026-07-30T09:54:46-04:00
36578;Barramento 1 a montante ? Fazenda Celentano;Porto dos Gaúchos;MT - Secretaria de Estado do Meio Ambiente - SEMA;Irrigação;Baixo;Médio;44632;10;Verde;Verde;0,380;insuficiente;26,3;2;3;5;0;não avaliado;;R06;"A6;B2;B3;B4;B5;B6;C2;C3;C4;C5;C6;C7;D1;D2;D3;D4;D5;D6;D7;D8";Juara | Novo Horizonte do Norte;;2;2;0.1.0-metodologica;2026-07-30T09:54:46-04:00
35728;Barramento Jerusalém;Porto dos Gaúchos;MT - Secretaria de Estado do Meio Ambiente - SEMA;Paisagismo;Baixo;Não Classificado;446268;9;Verde;Verde;0,380;insuficiente;23,7;2;2;5;0;não avaliado;;R06;"A6;B2;B3;B4;B5;B6;C2;C3;C4;C5;C6;C7;D1;D2;D3;D4;D5;D6;D7;D8";Tabaporã;;1;1;0.1.0-metodologica;2026-07-30T09:54:46-04:00
36577;Barramento Principal ? Fazenda Celentano;Porto dos Gaúchos;MT - Secretaria de Estado do Meio Ambiente - SEMA;Irrigação;Baixo;Médio;44632;10;Verde;Verde;0,380;insuficiente;26,3;2;3;5;0;não avaliado;;R06;"A6;B2;B3;B4;B5;B6;C2;C3;C4;C5;C6;C7;D1;D2;D3;D4;D5;D6;D7;D8";Juara | Novo Horizonte do Norte;;2;2;0.1.0-metodologica;2026-07-30T09:54:46-04:00
35001;Barramento Santa Rita;Porto dos Gaúchos;MT - Secretaria de Estado do Meio Ambiente - SEMA;Paisagismo;Baixo;Não Classificado;4463354;9;Verde;Verde;0,380;insuficiente;23,7;2;2;5;0;não avaliado;;R06;"A6;B2;B3;B4;B5;B6;C2;C3;C4;C5;C6;C7;D1;D2;D3;D4;D5;D6;D7;D8";Juara | Novo Horizonte do Norte | Porto dos Gaúchos;;3;2;0.1.0-metodologica;2026-07-30T09:54:46-04:00
34978;Barramento principal - Fazenda Sinop I;Porto dos Gaúchos;MT - Secretaria de Estado do Meio Ambiente - SEMA;Irrigação;Médio;Médio;446282;10;Verde;Verde;0,380;insuficiente;26,3;2;3;5;0;não avaliado;;R06;"A6;B2;B3;B4;B5;B6;C2;C3;C4;C5;C6;C7;D1;D2;D3;D4;D5;D6;D7;D8";Tabaporã;;1;1;0.1.0-metodologica;2026-07-30T09:54:46-04:00
34034;CGH Rancho Fundo - CGH RANCHO FUNDO;Porto dos Gaúchos;Agência Nacional de Energia Elétrica - ANEEL;Hidroelétrica;Baixo;Alto;446298;12;Verde;Verde;0,380;insuficiente;31,6;2;5;5;0;não avaliado;;R06;"A6;B2;B3;B4;B5;B6;C2;C3;C4;C5;C6;C7;D1;D2;D3;D4;D5;D6;D7;D8";Tabaporã;;1;1;0.1.0-metodologica;2026-07-30T09:54:46-04:00
20317;Faz. Agrovera;Porto dos Gaúchos;MT - Secretaria de Estado do Meio Ambiente - SEMA;Irrigação;Baixo;Não Classificado;446298;9;Verde;Verde;0,380;insuficiente;23,7;2;2;5;0;não avaliado;;R06;"A6;B2;B3;B4;B5;B6;C2;C3;C4;C5;C6;C7;D1;D2;D3;D4;D5;D6;D7;D8";Tabaporã;;1;1;0.1.0-metodologica;2026-07-30T09:54:46-04:00
5479;Fazenda Padre Cicero;Porto dos Gaúchos;MT - Secretaria de Estado do Meio Ambiente - SEMA;Irrigação;Não Classificado;Não Classificado;446296;9;Verde;Verde;0,380;insuficiente;23,7;2;2;5;0;não avaliado;;R06;"A6;B2;B3;B4;B5;B6;C2;C3;C4;C5;C6;C7;D1;D2;D3;D4;D5;D6;D7;D8";Tabaporã;;1;1;0.1.0-metodologica;2026-07-30T09:54:46-04:00
20998;Estância Maristela - Barragem 01;Porto Esperidião;Agência Nacional de Águas e Saneamento Básico - ANA;Irrigação;Não Classificado;Não Classificado;89868;11;Verde;Verde;0,380;insuficiente;28,9;4;2;5;0;não avaliado;;R06;"A6;B2;B3;B4;B5;B6;C2;C3;C4;C5;C6;C7;D1;D2;D3;D4;D5;D6;D7;D8";Porto Esperidião;;1;0;0.1.0-metodologica;2026-07-30T09:54:46-04:00
20999;Estância Maristela - Barragem 02;Porto Esperidião;Agência Nacional de Águas e Saneamento Básico - ANA;Irrigação;Não Classificado;Não Classificado;89868;11;Verde;Verde;0,380;insuficiente;28,9;4;2;5;0;não avaliado;;R06;"A6;B2;B3;B4;B5;B6;C2;C3;C4;C5;C6;C7;D1;D2;D3;D4;D5;D6;D7;D8";Porto Esperidião;;1;0;0.1.0-metodologica;2026-07-30T09:54:46-04:00
21000;Estância Maristela - Barragem 03;Porto Esperidião;Agência Nacional de Águas e Saneamento Básico - ANA;Irrigação;Não Classificado;Não Classificado;89868;11;Verde;Verde;0,380;insuficiente;28,9;4;2;5;0;não avaliado;;R06;"A6;B2;B3;B4;B5;B6;C2;C3;C4;C5;C6;C7;D1;D2;D3;D4;D5;D6;D7;D8";Porto Esperidião;;1;0;0.1.0-metodologica;2026-07-30T09:54:46-04:00
5;Fazenda São Pedro;Porto Esperidião;Agência Nacional de Águas e Saneamento Básico - ANA;Aquicultura;Baixo;Não se Aplica;898672;10;Verde;Verde;0,380;insuficiente;26,3;4;1;5;0;não avaliado;;R06;"A6;B2;B3;B4;B5;B6;C2;C3;C4;C5;C6;C7;D1;D2;D3;D4;D5;D6;D7;D8";Porto Esperidião;;1;0;0.1.0-metodologica;2026-07-30T09:54:46-04:00
36061;Barramento - Fazenda São Matheus I;Poxoréu;MT - Secretaria de Estado do Meio Ambiente - SEMA;Irrigação;Baixo;Médio;8964962;8;Verde;Verde;0,380;insuficiente;21,1;0;3;5;0;não avaliado;;R06;"A6;B2;B3;B4;B5;B6;C2;C3;C4;C5;C6;C7;D1;D2;D3;D4;D5;D6;D7;D8";Poxoréu;;1;0;0.1.0-metodologica;2026-07-30T09:54:46-04:00
27278;Fazenda Copacabana;Poxoréu;MT - Secretaria de Estado do Meio Ambiente - SEMA;Dessedentação Animal;Baixo;Médio;6894;3;Verde;Verde;0,330;insuficiente;9,1;0;3;0;0;não avaliado;;R06;"A6;B2;B3;B4;B5;B6;C1;C2;C3;C4;C5;C6;C7;D1;D2;D3;D4;D5;D6;D7;D8";;Primavera do Leste;0;0;0.1.0-metodologica;2026-07-30T09:54:46-04:00
34498;Fazenda Nossa Senhora Aparecida;Poxoréu;MT - Secretaria de Estado do Meio Ambiente - SEMA;Irrigação;Baixo;Médio;6892;3;Verde;Verde;0,330;insuficiente;9,1;0;3;0;0;não avaliado;;R06;"A6;B2;B3;B4;B5;B6;C1;C2;C3;C4;C5;C6;C7;D1;D2;D3;D4;D5;D6;D7;D8";;;0;0;0.1.0-metodologica;2026-07-30T09:54:46-04:00
36565;Fazenda Santa Clara ? Área B;Poxoréu;MT - Secretaria de Estado do Meio Ambiente - SEMA;Irrigação;Baixo;Alto;68954;6;Verde;Verde;0,330;insuficiente;18,2;1;5;0;0;não avaliado;;R06;"A6;B2;B3;B4;B5;B6;C1;C2;C3;C4;C5;C6;C7;D1;D2;D3;D4;D5;D6;D7;D8";;;0;0;0.1.0-metodologica;2026-07-30T09:54:46-04:00
36623;Fazenda Varjão;Poxoréu;MT - Secretaria de Estado do Meio Ambiente - SEMA;Paisagismo;Médio;Não Classificado;8964;2;Verde;Verde;0,330;insuficiente;6,1;0;2;0;0;não avaliado;;R06;"A6;B2;B3;B4;B5;B6;C1;C2;C3;C4;C5;C6;C7;D1;D2;D3;D4;D5;D6;D7;D8";;Alto Garças | Guiratinga | Jaciara | Juscimeira | Pedra Preta | Rondonópolis | São José do Povo;0;0;0.1.0-metodologica;2026-07-30T09:54:46-04:00
26328;Fazenda Água Boa;Poxoréu;MT - Secretaria de Estado do Meio Ambiente - SEMA;Aquicultura;Médio;Médio;6878;9;Verde;Verde;0,380;insuficiente;23,7;1;3;5;0;não avaliado;;R06;"A6;B2;B3;B4;B5;B6;C2;C3;C4;C5;C6;C7;D1;D2;D3;D4;D5;D6;D7;D8";General Carneiro | Novo São Joaquim;;2;2;0.1.0-metodologica;2026-07-30T09:54:46-04:00
30836;Mariana IB;Poxoréu;MT - Secretaria de Estado do Meio Ambiente - SEMA;Aquicultura;Baixo;Médio;6878;9;Verde;Verde;0,380;insuficiente;23,7;1;3;5;0;não avaliado;;R06;"A6;B2;B3;B4;B5;B6;C2;C3;C4;C5;C6;C7;D1;D2;D3;D4;D5;D6;D7;D8";General Carneiro | Novo São Joaquim;;2;2;0.1.0-metodologica;2026-07-30T09:54:46-04:00
28886;Mariana II;Poxoréu;MT - Secretaria de Estado do Meio Ambiente - SEMA;Aquicultura;Baixo;Baixo;6878;7;Verde;Verde;0,380;insuficiente;18,4;1;1;5;0;não avaliado;;R06;"A6;B2;B3;B4;B5;B6;C2;C3;C4;C5;C6;C7;D1;D2;D3;D4;D5;D6;D7;D8";General Carneiro | Novo São Joaquim;;2;2;0.1.0-metodologica;2026-07-30T09:54:46-04:00
4984;PCH Poxoréo (José Fragelli) - Poxoréo;Poxoréu;Agência Nacional de Energia Elétrica - ANEEL;Hidroelétrica;Baixo;Baixo;8964;2;Verde;Verde;0,360;insuficiente;5,6;0;1;0;1;não avaliado;;R06;"A6;B2;B3;B4;B5;B6;C1;C2;C3;C4;C5;C6;C7;D2;D3;D4;D5;D6;D7;D8";;Alto Garças | Guiratinga | Jaciara | Juscimeira | Pedra Preta | Rondonópolis | São José do Povo;0;0;0.1.0-metodologica;2026-07-30T09:54:46-04:00
4257;PCH Primavera - Primavera;Poxoréu;Agência Nacional de Energia Elétrica - ANEEL;Hidroelétrica;Alto;Baixo;68;2;Verde;Verde;0,360;insuficiente;5,6;0;1;0;1;não avaliado;;R06;"A6;B2;B3;B4;B5;B6;C1;C2;C3;C4;C5;C6;C7;D2;D3;D4;D5;D6;D7;D8";;Araguaiana | Barra do Garças | Campinápolis | Campo Verde | Dom Aquino | General Carneiro | Nova Xavantina | Novo São Joaquim | Primavera do Leste | Serra Nova Dourada;0;0;0.1.0-metodologica;2026-07-30T09:54:46-04:00
36069;Reservatório São José;Poxoréu;MT - Secretaria de Estado do Meio Ambiente - SEMA;Irrigação;Baixo;Baixo;68;1;Verde;Verde;0,330;insuficiente;3,0;0;1;0;0;não avaliado;;R06;"A6;B2;B3;B4;B5;B6;C1;C2;C3;C4;C5;C6;C7;D1;D2;D3;D4;D5;D6;D7;D8";;Araguaiana | Barra do Garças | Campinápolis | Campo Verde | Dom Aquino | General Carneiro | Nova Xavantina | Novo São Joaquim | Primavera do Leste | Serra Nova Dourada;0;0;0.1.0-metodologica;2026-07-30T09:54:46-04:00
36494;BARRAGEM IBF;Primavera do Leste;MT - Secretaria de Estado do Meio Ambiente - SEMA;Irrigação;Baixo;Médio;6892;3;Verde;Verde;0,330;insuficiente;9,1;0;3;0;0;não avaliado;;R06;"A6;B2;B3;B4;B5;B6;C1;C2;C3;C4;C5;C6;C7;D1;D2;D3;D4;D5;D6;D7;D8";;;0;0;0.1.0-metodologica;2026-07-30T09:54:46-04:00
35164;BARRAGEM TROJAN;Primavera do Leste;MT - Secretaria de Estado do Meio Ambiente - SEMA;Irrigação;Baixo;Médio;68;3;Verde;Verde;0,330;insuficiente;9,1;0;3;0;0;não avaliado;;R06;"A6;B2;B3;B4;B5;B6;C1;C2;C3;C4;C5;C6;C7;D1;D2;D3;D4;D5;D6;D7;D8";;Araguaiana | Barra do Garças | Campinápolis | Campo Verde | Dom Aquino | General Carneiro | Nova Xavantina | Novo São Joaquim | Serra Nova Dourada;0;0;0.1.0-metodologica;2026-07-30T09:54:46-04:00
34730;Barragem Bravin;Primavera do Leste;MT - Secretaria de Estado do Meio Ambiente - SEMA;Irrigação;Baixo;Médio;6892;3;Verde;Verde;0,330;insuficiente;9,1;0;3;0;0;não avaliado;;R06;"A6;B2;B3;B4;B5;B6;C1;C2;C3;C4;C5;C6;C7;D1;D2;D3;D4;D5;D6;D7;D8";;;0;0;0.1.0-metodologica;2026-07-30T09:54:46-04:00
20151;Barragem Planalto;Primavera do Leste;MT - Secretaria de Estado do Meio Ambiente - SEMA;Irrigação;Baixo;Baixo;6882;1;Verde;Verde;0,330;insuficiente;3,0;0;1;0;0;não avaliado;;R06;"A6;B2;B3;B4;B5;B6;C1;C2;C3;C4;C5;C6;C7;D1;D2;D3;D4;D5;D6;D7;D8";;;0;0;0.1.0-metodologica;2026-07-30T09:54:46-04:00
34610;Barramento - Fazenda Luchese I;Primavera do Leste;MT - Secretaria de Estado do Meio Ambiente - SEMA;Irrigação;Baixo;Alto;6878;11;Verde;Verde;0,380;insuficiente;28,9;1;5;5;0;não avaliado;;R06;"A6;B2;B3;B4;B5;B6;C2;C3;C4;C5;C6;C7;D1;D2;D3;D4;D5;D6;D7;D8";General Carneiro | Novo São Joaquim;;2;2;0.1.0-metodologica;2026-07-30T09:54:46-04:00
30960;Barramento - Fazenda Progresso I e II;Primavera do Leste;MT - Secretaria de Estado do Meio Ambiente - SEMA;Irrigação;Médio;Médio;6884;3;Verde;Verde;0,330;insuficiente;9,1;0;3;0;0;não avaliado;;R06;"A6;B2;B3;B4;B5;B6;C1;C2;C3;C4;C5;C6;C7;D1;D2;D3;D4;D5;D6;D7;D8";;;0;0;0.1.0-metodologica;2026-07-30T09:54:46-04:00
243;Barramento Fazenda Maranata e Maranata II;Primavera do Leste;MT - Secretaria de Estado do Meio Ambiente - SEMA;Irrigação;Baixo;Alto;6892;5;Verde;Verde;0,330;insuficiente;15,2;0;5;0;0;não avaliado;;R06;"A6;B2;B3;B4;B5;B6;C1;C2;C3;C4;C5;C6;C7;D1;D2;D3;D4;D5;D6;D7;D8";;;0;0;0.1.0-metodologica;2026-07-30T09:54:46-04:00
331;Barramento I (montante)  Fazenda São Domingos;Primavera do Leste;MT - Secretaria de Estado do Meio Ambiente - SEMA;Irrigação;Baixo;Médio;68;3;Verde;Verde;0,330;insuficiente;9,1;0;3;0;0;não avaliado;;R06;"A6;B2;B3;B4;B5;B6;C1;C2;C3;C4;C5;C6;C7;D1;D2;D3;D4;D5;D6;D7;D8";;Araguaiana | Barra do Garças | Campinápolis | Campo Verde | Dom Aquino | General Carneiro | Nova Xavantina | Novo São Joaquim | Serra Nova Dourada;0;0;0.1.0-metodologica;2026-07-30T09:54:46-04:00
330;Barramento I (montante) ?  Fazenda São Domingos;Primavera do Leste;MT - Secretaria de Estado do Meio Ambiente - SEMA;Irrigação;Baixo;Médio;68;3;Verde;Verde;0,330;insuficiente;9,1;0;3;0;0;não avaliado;;R06;"A6;B2;B3;B4;B5;B6;C1;C2;C3;C4;C5;C6;C7;D1;D2;D3;D4;D5;D6;D7;D8";;Araguaiana | Barra do Garças | Campinápolis | Campo Verde | Dom Aquino | General Carneiro | Nova Xavantina | Novo São Joaquim | Serra Nova Dourada;0;0;0.1.0-metodologica;2026-07-30T09:54:46-04:00
36004;Barramento II - Fazenda São Domingos;Primavera do Leste;MT - Secretaria de Estado do Meio Ambiente - SEMA;Irrigação;Baixo;Médio;68;3;Verde;Verde;0,330;insuficiente;9,1;0;3;0;0;não avaliado;;R06;"A6;B2;B3;B4;B5;B6;C1;C2;C3;C4;C5;C6;C7;D1;D2;D3;D4;D5;D6;D7;D8";;Araguaiana | Barra do Garças | Campinápolis | Campo Verde | Dom Aquino | General Carneiro | Nova Xavantina | Novo São Joaquim | Serra Nova Dourada;0;0;0.1.0-metodologica;2026-07-30T09:54:46-04:00
36332;Barramento II ? Fazenda São Domingos;Primavera do Leste;MT - Secretaria de Estado do Meio Ambiente - SEMA;Irrigação;Baixo;Médio;68;3;Verde;Verde;0,330;insuficiente;9,1;0;3;0;0;não avaliado;;R06;"A6;B2;B3;B4;B5;B6;C1;C2;C3;C4;C5;C6;C7;D1;D2;D3;D4;D5;D6;D7;D8";;Araguaiana | Barra do Garças | Campinápolis | Campo Verde | Dom Aquino | General Carneiro | Nova Xavantina | Novo São Joaquim | Serra Nova Dourada;0;0;0.1.0-metodologica;2026-07-30T09:54:46-04:00
36005;Barramento III (montante) ? Fazenda São Domingos;Primavera do Leste;MT - Secretaria de Estado do Meio Ambiente - SEMA;Paisagismo;Baixo;Médio;68;3;Verde;Verde;0,330;insuficiente;9,1;0;3;0;0;não avaliado;;R06;"A6;B2;B3;B4;B5;B6;C1;C2;C3;C4;C5;C6;C7;D1;D2;D3;D4;D5;D6;D7;D8";;Araguaiana | Barra do Garças | Campinápolis | Campo Verde | Dom Aquino | General Carneiro | Nova Xavantina | Novo São Joaquim | Serra Nova Dourada;0;0;0.1.0-metodologica;2026-07-30T09:54:46-04:00
36335;Barramento III? Fazenda São Domingos;Primavera do Leste;MT - Secretaria de Estado do Meio Ambiente - SEMA;Irrigação;Baixo;Médio;68;3;Verde;Verde;0,330;insuficiente;9,1;0;3;0;0;não avaliado;;R06;"A6;B2;B3;B4;B5;B6;C1;C2;C3;C4;C5;C6;C7;D1;D2;D3;D4;D5;D6;D7;D8";;Araguaiana | Barra do Garças | Campinápolis | Campo Verde | Dom Aquino | General Carneiro | Nova Xavantina | Novo São Joaquim | Serra Nova Dourada;0;0;0.1.0-metodologica;2026-07-30T09:54:46-04:00
35175;Fazenda Massapé - Barramento (principal);Primavera do Leste;MT - Secretaria de Estado do Meio Ambiente - SEMA;Irrigação;Baixo;Médio;68952;4;Verde;Verde;0,330;insuficiente;12,1;1;3;0;0;não avaliado;;R06;"A6;B2;B3;B4;B5;B6;C1;C2;C3;C4;C5;C6;C7;D1;D2;D3;D4;D5;D6;D7;D8";;;0;0;0.1.0-metodologica;2026-07-30T09:54:46-04:00
219;Fazenda Santa Maria;Primavera do Leste;MT - Secretaria de Estado do Meio Ambiente - SEMA;Irrigação;Baixo;Baixo;6892;1;Verde;Verde;0,330;insuficiente;3,0;0;1;0;0;não avaliado;;R06;"A6;B2;B3;B4;B5;B6;C1;C2;C3;C4;C5;C6;C7;D1;D2;D3;D4;D5;D6;D7;D8";;;0;0;0.1.0-metodologica;2026-07-30T09:54:46-04:00
8101;Fazenda São Judas;Primavera do Leste;MT - Secretaria de Estado do Meio Ambiente - SEMA;Irrigação;Baixo;Não se Aplica;68;1;Verde;Verde;0,330;insuficiente;3,0;0;1;0;0;não avaliado;;R06;"A6;B2;B3;B4;B5;B6;C1;C2;C3;C4;C5;C6;C7;D1;D2;D3;D4;D5;D6;D7;D8";;Araguaiana | Barra do Garças | Campinápolis | Campo Verde | Dom Aquino | General Carneiro | Nova Xavantina | Novo São Joaquim | Serra Nova Dourada;0;0;0.1.0-metodologica;2026-07-30T09:54:46-04:00
279;Fazenda São Judas Tadeu;Primavera do Leste;MT - Secretaria de Estado do Meio Ambiente - SEMA;Irrigação;Baixo;Não Classificado;68;2;Verde;Verde;0,330;insuficiente;6,1;0;2;0;0;não avaliado;;R06;"A6;B2;B3;B4;B5;B6;C1;C2;C3;C4;C5;C6;C7;D1;D2;D3;D4;D5;D6;D7;D8";;Araguaiana | Barra do Garças | Campinápolis | Campo Verde | Dom Aquino | General Carneiro | Nova Xavantina | Novo São Joaquim | Serra Nova Dourada;0;0;0.1.0-metodologica;2026-07-30T09:54:46-04:00
8103;Fazenda São Luiz - Barragem 01;Primavera do Leste;MT - Secretaria de Estado do Meio Ambiente - SEMA;Irrigação;Baixo;Não se Aplica;68;1;Verde;Verde;0,330;insuficiente;3,0;0;1;0;0;não avaliado;;R06;"A6;B2;B3;B4;B5;B6;C1;C2;C3;C4;C5;C6;C7;D1;D2;D3;D4;D5;D6;D7;D8";;Araguaiana | Barra do Garças | Campinápolis | Campo Verde | Dom Aquino | General Carneiro | Nova Xavantina | Novo São Joaquim | Serra Nova Dourada;0;0;0.1.0-metodologica;2026-07-30T09:54:46-04:00
8104;Fazenda São Luiz - Barragem 02;Primavera do Leste;MT - Secretaria de Estado do Meio Ambiente - SEMA;Irrigação;Baixo;Não se Aplica;68;1;Verde;Verde;0,330;insuficiente;3,0;0;1;0;0;não avaliado;;R06;"A6;B2;B3;B4;B5;B6;C1;C2;C3;C4;C5;C6;C7;D1;D2;D3;D4;D5;D6;D7;D8";;Araguaiana | Barra do Garças | Campinápolis | Campo Verde | Dom Aquino | General Carneiro | Nova Xavantina | Novo São Joaquim | Serra Nova Dourada;0;0;0.1.0-metodologica;2026-07-30T09:54:46-04:00
8100;Fazenda São Luiz - Barragem 03;Primavera do Leste;MT - Secretaria de Estado do Meio Ambiente - SEMA;Irrigação;Baixo;Não se Aplica;68;1;Verde;Verde;0,330;insuficiente;3,0;0;1;0;0;não avaliado;;R06;"A6;B2;B3;B4;B5;B6;C1;C2;C3;C4;C5;C6;C7;D1;D2;D3;D4;D5;D6;D7;D8";;Araguaiana | Barra do Garças | Campinápolis | Campo Verde | Dom Aquino | General Carneiro | Nova Xavantina | Novo São Joaquim | Serra Nova Dourada;0;0;0.1.0-metodologica;2026-07-30T09:54:46-04:00
8099;Fazenda São Luiz - Barragem 04;Primavera do Leste;MT - Secretaria de Estado do Meio Ambiente - SEMA;Irrigação;Baixo;Não se Aplica;68;1;Verde;Verde;0,330;insuficiente;3,0;0;1;0;0;não avaliado;;R06;"A6;B2;B3;B4;B5;B6;C1;C2;C3;C4;C5;C6;C7;D1;D2;D3;D4;D5;D6;D7;D8";;Araguaiana | Barra do Garças | Campinápolis | Campo Verde | Dom Aquino | General Carneiro | Nova Xavantina | Novo São Joaquim | Serra Nova Dourada;0;0;0.1.0-metodologica;2026-07-30T09:54:46-04:00
36408;Reservatório artificial - Fazenda Iberê;Primavera do Leste;MT - Secretaria de Estado do Meio Ambiente - SEMA;Irrigação;Baixo;Médio;68;3;Verde;Verde;0,330;insuficiente;9,1;0;3;0;0;não avaliado;;R06;"A6;B2;B3;B4;B5;B6;C1;C2;C3;C4;C5;C6;C7;D1;D2;D3;D4;D5;D6;D7;D8";;Araguaiana | Barra do Garças | Campinápolis | Campo Verde | Dom Aquino | General Carneiro | Nova Xavantina | Novo São Joaquim | Serra Nova Dourada;0;0;0.1.0-metodologica;2026-07-30T09:54:46-04:00
35322;Tanque Pulmão - Reservatório 1;Primavera do Leste;MT - Secretaria de Estado do Meio Ambiente - SEMA;Irrigação;Baixo;Não se Aplica;68;1;Verde;Verde;0,330;insuficiente;3,0;0;1;0;0;não avaliado;;R06;"A6;B2;B3;B4;B5;B6;C1;C2;C3;C4;C5;C6;C7;D1;D2;D3;D4;D5;D6;D7;D8";;Araguaiana | Barra do Garças | Campinápolis | Campo Verde | Dom Aquino | General Carneiro | Nova Xavantina | Novo São Joaquim | Serra Nova Dourada;0;0;0.1.0-metodologica;2026-07-30T09:54:46-04:00
35286;Tanque Pulmão - Reservatório 2;Primavera do Leste;MT - Secretaria de Estado do Meio Ambiente - SEMA;Irrigação;Baixo;Não se Aplica;68;1;Verde;Verde;0,330;insuficiente;3,0;0;1;0;0;não avaliado;;R06;"A6;B2;B3;B4;B5;B6;C1;C2;C3;C4;C5;C6;C7;D1;D2;D3;D4;D5;D6;D7;D8";;Araguaiana | Barra do Garças | Campinápolis | Campo Verde | Dom Aquino | General Carneiro | Nova Xavantina | Novo São Joaquim | Serra Nova Dourada;0;0;0.1.0-metodologica;2026-07-30T09:54:46-04:00
35083;Tanque Pulmão Trojan;Primavera do Leste;MT - Secretaria de Estado do Meio Ambiente - SEMA;Irrigação;Baixo;Baixo;6886;1;Verde;Verde;0,330;insuficiente;3,0;0;1;0;0;não avaliado;;R06;"A6;B2;B3;B4;B5;B6;C1;C2;C3;C4;C5;C6;C7;D1;D2;D3;D4;D5;D6;D7;D8";;;0;0;0.1.0-metodologica;2026-07-30T09:54:46-04:00
26532;ÁGUAS DE PRIMAVERA LTDA;Primavera do Leste;MT - Secretaria de Estado do Meio Ambiente - SEMA;Abastecimento humano;Baixo;Não se Aplica;68942;6;Verde;Verde;0,380;insuficiente;15,8;0;1;5;0;não avaliado;;R06;"A6;B2;B3;B4;B5;B6;C2;C3;C4;C5;C6;C7;D1;D2;D3;D4;D5;D6;D7;D8";Primavera do Leste;;1;0;0.1.0-metodologica;2026-07-30T09:54:46-04:00
26239;Barragem Torio 01;Paranaíta;Agência Nacional de Mineração - ANM;Contenção de rejeitos de mineração;Baixo;Baixo;4445356;8;Amarelo;Verde;0,520;parcial;15,4;2;4;2;0;não avaliado;;"R10;R11";"B4;B5;B6;C1;C2;C3;C4;C5;C6;C7;D1;D2;D3;D4;D5;D6;D7;D8";;;0;0;0.1.0-metodologica;2026-07-30T09:54:46-04:00
8002;BACIA DE REJEITOS BOM JARDIM;Poconé;Agência Nacional de Mineração - ANM;Contenção de rejeitos de mineração;Médio;Médio;899226;12;Verde;Verde;0,510;parcial;23,5;3;6;2;1;não avaliado;;;"A6;B4;B5;B6;C1;C2;C3;C4;C5;C6;C7;D2;D3;D4;D5;D6;D7;D8";;;0;0;0.1.0-metodologica;2026-07-30T09:54:46-04:00
5477;BR ISMAEL;Poconé;Agência Nacional de Mineração - ANM;Contenção de rejeitos de mineração;Baixo;Médio;8992262;21;Amarelo;Amarelo;0,600;parcial;35,0;3;6;11;1;não avaliado;;;"A6;B4;B5;B6;C2;C4;C5;C6;C7;D2;D3;D4;D5;D6;D7;D8";Poconé;;1;0;0.1.0-metodologica;2026-07-30T09:54:46-04:00
23798;Barragem 01;Poconé;Agência Nacional de Mineração - ANM;Contenção de rejeitos de mineração;Médio;Médio;899282;12;Verde;Verde;0,510;parcial;23,5;3;6;2;1;não avaliado;;;"A6;B4;B5;B6;C1;C2;C3;C4;C5;C6;C7;D2;D3;D4;D5;D6;D7;D8";;;0;0;0.1.0-metodologica;2026-07-30T09:54:46-04:00
23799;Barragem 02;Poconé;Agência Nacional de Mineração - ANM;Contenção de rejeitos de mineração;Médio;Médio;899282;12;Verde;Verde;0,510;parcial;23,5;3;6;2;1;não avaliado;;;"A6;B4;B5;B6;C1;C2;C3;C4;C5;C6;C7;D2;D3;D4;D5;D6;D7;D8";;;0;0;0.1.0-metodologica;2026-07-30T09:54:46-04:00
20398;Barragem AFGM GP2;Poconé;Agência Nacional de Mineração - ANM;Contenção de rejeitos de mineração;Médio;Médio;89928;12;Verde;Verde;0,510;parcial;23,5;3;6;2;1;não avaliado;;;"A6;B4;B5;B6;C1;C2;C3;C4;C5;C6;C7;D2;D3;D4;D5;D6;D7;D8";;;0;0;0.1.0-metodologica;2026-07-30T09:54:46-04:00
35939;Barragem Barba 02;Poconé;Agência Nacional de Mineração - ANM;Contenção de rejeitos de mineração;Baixo;Médio;8992262;20;Amarelo;Amarelo;0,570;parcial;35,1;3;6;11;0;não avaliado;;;"A6;B4;B5;B6;C2;C4;C5;C6;C7;D1;D2;D3;D4;D5;D6;D7;D8";Poconé;;1;0;0.1.0-metodologica;2026-07-30T09:54:46-04:00
21952;Barragem Jatobá;Poconé;Agência Nacional de Mineração - ANM;Contenção de rejeitos de mineração;Médio;Baixo;89922;10;Verde;Verde;0,510;parcial;19,6;3;4;2;1;não avaliado;;;"A6;B4;B5;B6;C1;C2;C3;C4;C5;C6;C7;D2;D3;D4;D5;D6;D7;D8";;;0;0;0.1.0-metodologica;2026-07-30T09:54:46-04:00
21954;Barragem Magrini;Poconé;Agência Nacional de Mineração - ANM;Contenção de rejeitos de mineração;Baixo;Médio;899282;11;Verde;Verde;0,480;parcial;22,9;3;6;2;0;não avaliado;;;"A6;B4;B5;B6;C1;C2;C3;C4;C5;C6;C7;D1;D2;D3;D4;D5;D6;D7;D8";;;0;0;0.1.0-metodologica;2026-07-30T09:54:46-04:00
7996;Barragem T05;Poconé;Agência Nacional de Mineração - ANM;Contenção de rejeitos de mineração;Baixo;Baixo;89928;9;Verde;Verde;0,480;parcial;18,8;3;4;2;0;não avaliado;;;"A6;B4;B5;B6;C1;C2;C3;C4;C5;C6;C7;D1;D2;D3;D4;D5;D6;D7;D8";;;0;0;0.1.0-metodologica;2026-07-30T09:54:46-04:00
7995;Barragem T06;Poconé;Agência Nacional de Mineração - ANM;Contenção de rejeitos de mineração;Baixo;Baixo;89928;9;Verde;Verde;0,480;parcial;18,8;3;4;2;0;não avaliado;;;"A6;B4;B5;B6;C1;C2;C3;C4;C5;C6;C7;D1;D2;D3;D4;D5;D6;D7;D8";;;0;0;0.1.0-metodologica;2026-07-30T09:54:46-04:00
26145;Barragem de Rejeitos SB 02;Poconé;Agência Nacional de Mineração - ANM;Contenção de rejeitos de mineração;Baixo;Alto;899226;21;Amarelo;Amarelo;0,510;parcial;41,2;3;15;2;1;não avaliado;;;"A6;B4;B5;B6;C1;C2;C3;C4;C5;C6;C7;D2;D3;D4;D5;D6;D7;D8";;;0;0;0.1.0-metodologica;2026-07-30T09:54:46-04:00
8004;CANGAS;Poconé;Agência Nacional de Mineração - ANM;Contenção de rejeitos de mineração;Baixo;Baixo;899226;10;Verde;Verde;0,510;parcial;19,6;3;4;2;1;não avaliado;;;"A6;B4;B5;B6;C1;C2;C3;C4;C5;C6;C7;D2;D3;D4;D5;D6;D7;D8";;;0;0;0.1.0-metodologica;2026-07-30T09:54:46-04:00
26629;DIEGO;Poconé;Agência Nacional de Mineração - ANM;Contenção de rejeitos de mineração;Baixo;Médio;899226;11;Verde;Verde;0,480;parcial;22,9;3;6;2;0;não avaliado;;;"A6;B4;B5;B6;C1;C2;C3;C4;C5;C6;C7;D1;D2;D3;D4;D5;D6;D7;D8";;;0;0;0.1.0-metodologica;2026-07-30T09:54:46-04:00
792;FRED;Poconé;Agência Nacional de Mineração - ANM;Contenção de rejeitos de mineração;Baixo;Baixo;8992264;10;Verde;Verde;0,510;parcial;19,6;3;4;2;1;não avaliado;;;"A6;B4;B5;B6;C1;C2;C3;C4;C5;C6;C7;D2;D3;D4;D5;D6;D7;D8";;;0;0;0.1.0-metodologica;2026-07-30T09:54:46-04:00
22042;Fazenda Nova;Poconé;Agência Nacional de Mineração - ANM;Contenção de rejeitos de mineração;Baixo;Médio;89928;11;Verde;Verde;0,480;parcial;22,9;3;6;2;0;não avaliado;;;"A6;B4;B5;B6;C1;C2;C3;C4;C5;C6;C7;D1;D2;D3;D4;D5;D6;D7;D8";;;0;0;0.1.0-metodologica;2026-07-30T09:54:46-04:00
20434;Grameiro;Poconé;Agência Nacional de Mineração - ANM;Contenção de rejeitos de mineração;Médio;Médio;8992264;12;Verde;Verde;0,510;parcial;23,5;3;6;2;1;não avaliado;;;"A6;B4;B5;B6;C1;C2;C3;C4;C5;C6;C7;D2;D3;D4;D5;D6;D7;D8";;;0;0;0.1.0-metodologica;2026-07-30T09:54:46-04:00
26133;Martins;Poconé;Agência Nacional de Mineração - ANM;Contenção de rejeitos de mineração;Médio;Médio;8992264;12;Verde;Verde;0,510;parcial;23,5;3;6;2;1;não avaliado;;;"A6;B4;B5;B6;C1;C2;C3;C4;C5;C6;C7;D2;D3;D4;D5;D6;D7;D8";;;0;0;0.1.0-metodologica;2026-07-30T09:54:46-04:00
5436;SANDRO GOMES;Poconé;Agência Nacional de Mineração - ANM;Contenção de rejeitos de mineração;Baixo;Médio;89928;12;Verde;Verde;0,510;parcial;23,5;3;6;2;1;não avaliado;;;"A6;B4;B5;B6;C1;C2;C3;C4;C5;C6;C7;D2;D3;D4;D5;D6;D7;D8";;;0;0;0.1.0-metodologica;2026-07-30T09:54:46-04:00
27573;STC03;Poconé;Agência Nacional de Mineração - ANM;Contenção de rejeitos de mineração;Baixo;Médio;89928;11;Verde;Verde;0,480;parcial;22,9;3;6;2;0;não avaliado;;;"A6;B4;B5;B6;C1;C2;C3;C4;C5;C6;C7;D1;D2;D3;D4;D5;D6;D7;D8";;;0;0;0.1.0-metodologica;2026-07-30T09:54:46-04:00
26139;TUPA 2;Poconé;Agência Nacional de Mineração - ANM;Contenção de rejeitos de mineração;Baixo;Médio;89922;12;Verde;Verde;0,510;parcial;23,5;3;6;2;1;não avaliado;;;"A6;B4;B5;B6;C1;C2;C3;C4;C5;C6;C7;D2;D3;D4;D5;D6;D7;D8";;;0;0;0.1.0-metodologica;2026-07-30T09:54:46-04:00
26140;TUPA 3;Poconé;Agência Nacional de Mineração - ANM;Contenção de rejeitos de mineração;Médio;Médio;89922;12;Verde;Verde;0,510;parcial;23,5;3;6;2;1;não avaliado;;;"A6;B4;B5;B6;C1;C2;C3;C4;C5;C6;C7;D2;D3;D4;D5;D6;D7;D8";;;0;0;0.1.0-metodologica;2026-07-30T09:54:46-04:00
34787;Tupa 1;Poconé;Agência Nacional de Mineração - ANM;Contenção de rejeitos de mineração;Baixo;Médio;89922;12;Verde;Verde;0,510;parcial;23,5;3;6;2;1;não avaliado;;;"A6;B4;B5;B6;C1;C2;C3;C4;C5;C6;C7;D2;D3;D4;D5;D6;D7;D8";;;0;0;0.1.0-metodologica;2026-07-30T09:54:46-04:00
26164;Bacia Grota da Onça;Pontes e Lacerda;Agência Nacional de Mineração - ANM;Contenção de rejeitos de mineração;Alto;Médio;4699672;15;Verde;Verde;0,510;parcial;29,4;4;3;7;1;não avaliado;;;"A6;B3;B4;B5;B6;C2;C3;C4;C5;C6;C7;D2;D3;D4;D5;D6;D7;D8";Comodoro | Nova Lacerda | Vila Bela da Santíssima Trindade;;3;3;0.1.0-metodologica;2026-07-30T09:54:46-04:00
577;Barragem EPP;Pontes e Lacerda;Agência Nacional de Mineração - ANM;Contenção de rejeitos de mineração;Alto;Baixo;4699644;13;Verde;Verde;0,510;parcial;25,5;4;1;7;1;não avaliado;;;"A6;B3;B4;B5;B6;C2;C3;C4;C5;C6;C7;D2;D3;D4;D5;D6;D7;D8";Comodoro | Nova Lacerda | Vila Bela da Santíssima Trindade;;3;3;0.1.0-metodologica;2026-07-30T09:54:46-04:00
31643;Beariz;Pontes e Lacerda;Agência Nacional de Mineração - ANM;Contenção de rejeitos de mineração;Baixo;Baixo;469964;15;Verde;Verde;0,530;parcial;28,3;4;4;7;0;não avaliado;;;"A6;B4;B5;B6;C2;C3;C4;C5;C6;C7;D1;D2;D3;D4;D5;D6;D7;D8";Comodoro | Nova Lacerda | Vila Bela da Santíssima Trindade;;3;3;0.1.0-metodologica;2026-07-30T09:54:46-04:00
35254;Beariz 2;Pontes e Lacerda;Agência Nacional de Mineração - ANM;Contenção de rejeitos de mineração;Baixo;Médio;469964;17;Verde;Verde;0,530;parcial;32,1;4;6;7;0;não avaliado;;;"A6;B4;B5;B6;C2;C3;C4;C5;C6;C7;D1;D2;D3;D4;D5;D6;D7;D8";Comodoro | Nova Lacerda | Vila Bela da Santíssima Trindade;;3;3;0.1.0-metodologica;2026-07-30T09:54:46-04:00
21924;Berion;Pontes e Lacerda;Agência Nacional de Mineração - ANM;Contenção de rejeitos de mineração;Médio;Médio;469962;18;Verde;Verde;0,560;parcial;32,1;4;6;7;1;não avaliado;;;"A6;B4;B5;B6;C2;C3;C4;C5;C6;C7;D2;D3;D4;D5;D6;D7;D8";Comodoro | Nova Lacerda | Vila Bela da Santíssima Trindade;;3;3;0.1.0-metodologica;2026-07-30T09:54:46-04:00
21946;Fortuna;Pontes e Lacerda;Agência Nacional de Mineração - ANM;Contenção de rejeitos de mineração;Alto;Alto;469966;26;Amarelo;Amarelo;0,510;parcial;51,0;4;12;7;3;não avaliado;;;"A6;B3;B4;B5;B6;C2;C3;C4;C5;C6;C7;D2;D3;D4;D5;D6;D7;D8";Comodoro | Nova Lacerda | Vila Bela da Santíssima Trindade;;3;3;0.1.0-metodologica;2026-07-30T09:54:46-04:00
35099;LV-01;Pontes e Lacerda;Agência Nacional de Mineração - ANM;Contenção de rejeitos de mineração;Baixo;Baixo;4699644;15;Verde;Verde;0,530;parcial;28,3;4;4;7;0;não avaliado;;;"A6;B4;B5;B6;C2;C3;C4;C5;C6;C7;D1;D2;D3;D4;D5;D6;D7;D8";Comodoro | Nova Lacerda | Vila Bela da Santíssima Trindade;;3;3;0.1.0-metodologica;2026-07-30T09:54:46-04:00
35109;BARRAGEM II;Querência;MT - Secretaria de Estado do Meio Ambiente - SEMA;Dessedentação Animal;Baixo;Médio;42726;4;Verde;Verde;0,330;insuficiente;12,1;1;3;0;0;não avaliado;;R06;"A6;B2;B3;B4;B5;B6;C1;C2;C3;C4;C5;C6;C7;D1;D2;D3;D4;D5;D6;D7;D8";;;0;0;0.1.0-metodologica;2026-07-30T09:54:46-04:00
32118;BARRAGEM NA FAZENDA WENTZ;Querência;MT - Secretaria de Estado do Meio Ambiente - SEMA;Irrigação;Baixo;Médio;4272656;9;Verde;Verde;0,380;insuficiente;23,7;1;3;5;0;não avaliado;;R06;"A6;B2;B3;B4;B5;B6;C2;C3;C4;C5;C6;C7;D1;D2;D3;D4;D5;D6;D7;D8";Querência;;1;0;0.1.0-metodologica;2026-07-30T09:54:46-04:00
35170;BARRAGEM SÃO JOSÉ I;Querência;MT - Secretaria de Estado do Meio Ambiente - SEMA;Irrigação;Médio;Médio;4272938;9;Verde;Verde;0,380;insuficiente;23,7;1;3;5;0;não avaliado;;R06;"A6;B2;B3;B4;B5;B6;C2;C3;C4;C5;C6;C7;D1;D2;D3;D4;D5;D6;D7;D8";Bom Jesus do Araguaia;;1;1;0.1.0-metodologica;2026-07-30T09:54:46-04:00
35650;BARRAGEM SÃO JOSÉ II;Querência;MT - Secretaria de Estado do Meio Ambiente - SEMA;Irrigação;Baixo;Médio;42726;4;Verde;Verde;0,330;insuficiente;12,1;1;3;0;0;não avaliado;;R06;"A6;B2;B3;B4;B5;B6;C1;C2;C3;C4;C5;C6;C7;D1;D2;D3;D4;D5;D6;D7;D8";;;0;0;0.1.0-metodologica;2026-07-30T09:54:46-04:00
35114;BARRAGEM XI - DO PERERECA;Querência;MT - Secretaria de Estado do Meio Ambiente - SEMA;Aquicultura;Baixo;Médio;42726322;9;Verde;Verde;0,380;insuficiente;23,7;1;3;5;0;não avaliado;;R06;"A6;B2;B3;B4;B5;B6;C2;C3;C4;C5;C6;C7;D1;D2;D3;D4;D5;D6;D7;D8";Querência;;1;0;0.1.0-metodologica;2026-07-30T09:54:46-04:00
33359;Barragem Goiana II;Querência;MT - Secretaria de Estado do Meio Ambiente - SEMA;Irrigação;Baixo;Médio;4272916;9;Verde;Verde;0,380;insuficiente;23,7;1;3;5;0;não avaliado;;R06;"A6;B2;B3;B4;B5;B6;C2;C3;C4;C5;C6;C7;D1;D2;D3;D4;D5;D6;D7;D8";Bom Jesus do Araguaia;;1;1;0.1.0-metodologica;2026-07-30T09:54:46-04:00
31362;Barragem II;Querência;MT - Secretaria de Estado do Meio Ambiente - SEMA;Irrigação;Baixo;Médio;427268;9;Verde;Verde;0,380;insuficiente;23,7;1;3;5;0;não avaliado;;R06;"A6;B2;B3;B4;B5;B6;C2;C3;C4;C5;C6;C7;D1;D2;D3;D4;D5;D6;D7;D8";Querência;;1;0;0.1.0-metodologica;2026-07-30T09:54:46-04:00
31363;Barragem III;Querência;MT - Secretaria de Estado do Meio Ambiente - SEMA;Irrigação;Baixo;Médio;427268;9;Verde;Verde;0,380;insuficiente;23,7;1;3;5;0;não avaliado;;R06;"A6;B2;B3;B4;B5;B6;C2;C3;C4;C5;C6;C7;D1;D2;D3;D4;D5;D6;D7;D8";Querência;;1;0;0.1.0-metodologica;2026-07-30T09:54:46-04:00
36559;Barragem Lago Bétis;Querência;MT - Secretaria de Estado do Meio Ambiente - SEMA;Recreação;Médio;Médio;427264;9;Verde;Verde;0,380;insuficiente;23,7;1;3;5;0;não avaliado;;R06;"A6;B2;B3;B4;B5;B6;C2;C3;C4;C5;C6;C7;D1;D2;D3;D4;D5;D6;D7;D8";Querência;;1;0;0.1.0-metodologica;2026-07-30T09:54:46-04:00
35568;Barragem Lagoa Dourada;Querência;MT - Secretaria de Estado do Meio Ambiente - SEMA;Irrigação;Baixo;Médio;42726;4;Verde;Verde;0,330;insuficiente;12,1;1;3;0;0;não avaliado;;R06;"A6;B2;B3;B4;B5;B6;C1;C2;C3;C4;C5;C6;C7;D1;D2;D3;D4;D5;D6;D7;D8";;;0;0;0.1.0-metodologica;2026-07-30T09:54:46-04:00
20116;Faz. Santa Terezinha;Querência;MT - Secretaria de Estado do Meio Ambiente - SEMA;Irrigação;Não Classificado;Não Classificado;427266;8;Verde;Verde;0,380;insuficiente;21,1;1;2;5;0;não avaliado;;R06;"A6;B2;B3;B4;B5;B6;C2;C3;C4;C5;C6;C7;D1;D2;D3;D4;D5;D6;D7;D8";Querência;;1;0;0.1.0-metodologica;2026-07-30T09:54:46-04:00
35487;Fazenda Aline ? Reservatório Pulmão;Querência;MT - Secretaria de Estado do Meio Ambiente - SEMA;Irrigação;Baixo;Baixo;427264;7;Verde;Verde;0,380;insuficiente;18,4;1;1;5;0;não avaliado;;R06;"A6;B2;B3;B4;B5;B6;C2;C3;C4;C5;C6;C7;D1;D2;D3;D4;D5;D6;D7;D8";Querência;;1;0;0.1.0-metodologica;2026-07-30T09:54:46-04:00
35892;Fazenda Casa Grande ? Lote 202;Querência;MT - Secretaria de Estado do Meio Ambiente - SEMA;Paisagismo;Baixo;Alto;4272752;6;Verde;Verde;0,330;insuficiente;18,2;1;5;0;0;não avaliado;;R06;"A6;B2;B3;B4;B5;B6;C1;C2;C3;C4;C5;C6;C7;D1;D2;D3;D4;D5;D6;D7;D8";;;0;0;0.1.0-metodologica;2026-07-30T09:54:46-04:00
33376;Fazenda Junges;Querência;MT - Secretaria de Estado do Meio Ambiente - SEMA;Irrigação;Baixo;Médio;427268;9;Verde;Verde;0,380;insuficiente;23,7;1;3;5;0;não avaliado;;R06;"A6;B2;B3;B4;B5;B6;C2;C3;C4;C5;C6;C7;D1;D2;D3;D4;D5;D6;D7;D8";Querência;;1;0;0.1.0-metodologica;2026-07-30T09:54:46-04:00
362;Fazenda Palmeira;Querência;MT - Secretaria de Estado do Meio Ambiente - SEMA;Irrigação;Baixo;Não se Aplica;4272642;7;Verde;Verde;0,380;insuficiente;18,4;1;1;5;0;não avaliado;;R06;"A6;B2;B3;B4;B5;B6;C2;C3;C4;C5;C6;C7;D1;D2;D3;D4;D5;D6;D7;D8";Querência;;1;0;0.1.0-metodologica;2026-07-30T09:54:46-04:00
28805;Fazenda Roncador;Querência;MT - Secretaria de Estado do Meio Ambiente - SEMA;Dessedentação Animal;Baixo;Médio;42726;4;Verde;Verde;0,330;insuficiente;12,1;1;3;0;0;não avaliado;;R06;"A6;B2;B3;B4;B5;B6;C1;C2;C3;C4;C5;C6;C7;D1;D2;D3;D4;D5;D6;D7;D8";;;0;0;0.1.0-metodologica;2026-07-30T09:54:46-04:00
35252;Fazenda Roncador - Tanque Pulmão 2;Querência;MT - Secretaria de Estado do Meio Ambiente - SEMA;Irrigação;Baixo;Baixo;4272642;7;Verde;Verde;0,380;insuficiente;18,4;1;1;5;0;não avaliado;;R06;"A6;B2;B3;B4;B5;B6;C2;C3;C4;C5;C6;C7;D1;D2;D3;D4;D5;D6;D7;D8";Querência;;1;0;0.1.0-metodologica;2026-07-30T09:54:46-04:00
35491;Fazenda Schneider - Lote Rural nº69 ? Reservatório Pulmão;Querência;MT - Secretaria de Estado do Meio Ambiente - SEMA;Irrigação;Baixo;Baixo;4272646;7;Verde;Verde;0,380;insuficiente;18,4;1;1;5;0;não avaliado;;R06;"A6;B2;B3;B4;B5;B6;C2;C3;C4;C5;C6;C7;D1;D2;D3;D4;D5;D6;D7;D8";Querência;;1;0;0.1.0-metodologica;2026-07-30T09:54:46-04:00
35535;Lote Rural N°76;Querência;MT - Secretaria de Estado do Meio Ambiente - SEMA;Paisagismo;Baixo;Médio;42726;4;Verde;Verde;0,330;insuficiente;12,1;1;3;0;0;não avaliado;;R06;"A6;B2;B3;B4;B5;B6;C1;C2;C3;C4;C5;C6;C7;D1;D2;D3;D4;D5;D6;D7;D8";;;0;0;0.1.0-metodologica;2026-07-30T09:54:46-04:00
22407;Massa d'Água #107029;Querência;Agência Nacional de Águas e Saneamento Básico - ANA;Irrigação;Não Classificado;Não Classificado;427244;3;Verde;Verde;0,330;insuficiente;9,1;1;2;0;0;não avaliado;;R06;"A6;B2;B3;B4;B5;B6;C1;C2;C3;C4;C5;C6;C7;D1;D2;D3;D4;D5;D6;D7;D8";;;0;0;0.1.0-metodologica;2026-07-30T09:54:46-04:00
22434;Massa d'Água #116795;Querência;Agência Nacional de Águas e Saneamento Básico - ANA;Irrigação;Não Classificado;Não Classificado;427244;3;Verde;Verde;0,330;insuficiente;9,1;1;2;0;0;não avaliado;;R06;"A6;B2;B3;B4;B5;B6;C1;C2;C3;C4;C5;C6;C7;D1;D2;D3;D4;D5;D6;D7;D8";;;0;0;0.1.0-metodologica;2026-07-30T09:54:46-04:00
4350;PCH Riacho Preto - PCH RIACHO PRETO;Querência;Agência Nacional de Energia Elétrica - ANEEL;Hidroelétrica;Alto;Baixo;42726;3;Verde;Verde;0,360;insuficiente;8,3;1;1;0;1;não avaliado;;R06;"A6;B2;B3;B4;B5;B6;C1;C2;C3;C4;C5;C6;C7;D2;D3;D4;D5;D6;D7;D8";;;0;0;0.1.0-metodologica;2026-07-30T09:54:46-04:00
31361;Pascoal;Querência;MT - Secretaria de Estado do Meio Ambiente - SEMA;Irrigação;Baixo;Médio;427268;9;Verde;Verde;0,380;insuficiente;23,7;1;3;5;0;não avaliado;;R06;"A6;B2;B3;B4;B5;B6;C2;C3;C4;C5;C6;C7;D1;D2;D3;D4;D5;D6;D7;D8";Querência;;1;0;0.1.0-metodologica;2026-07-30T09:54:46-04:00
36666;Reservatório Goiana I;Querência;MT - Secretaria de Estado do Meio Ambiente - SEMA;Irrigação;Baixo;Baixo;4272;2;Verde;Verde;0,330;insuficiente;6,1;1;1;0;0;não avaliado;;R06;"A6;B2;B3;B4;B5;B6;C1;C2;C3;C4;C5;C6;C7;D1;D2;D3;D4;D5;D6;D7;D8";;Bom Jesus do Araguaia | Ribeirão Cascalheira;0;0;0.1.0-metodologica;2026-07-30T09:54:46-04:00
36633;Reservatório São Matheus;Querência;MT - Secretaria de Estado do Meio Ambiente - SEMA;Irrigação;Baixo;Não se Aplica;4272644;7;Verde;Verde;0,380;insuficiente;18,4;1;1;5;0;não avaliado;;R06;"A6;B2;B3;B4;B5;B6;C2;C3;C4;C5;C6;C7;D1;D2;D3;D4;D5;D6;D7;D8";Querência;;1;0;0.1.0-metodologica;2026-07-30T09:54:46-04:00
35105;Roncador VI SEDE;Querência;MT - Secretaria de Estado do Meio Ambiente - SEMA;Aquicultura;Baixo;Médio;4272654;9;Verde;Verde;0,380;insuficiente;23,7;1;3;5;0;não avaliado;;R06;"A6;B2;B3;B4;B5;B6;C2;C3;C4;C5;C6;C7;D1;D2;D3;D4;D5;D6;D7;D8";Querência;;1;0;0.1.0-metodologica;2026-07-30T09:54:46-04:00
34508;Santa Terezinha;Querência;MT - Secretaria de Estado do Meio Ambiente - SEMA;Irrigação;Baixo;Médio;4272;4;Verde;Verde;0,330;insuficiente;12,1;1;3;0;0;não avaliado;;R06;"A6;B2;B3;B4;B5;B6;C1;C2;C3;C4;C5;C6;C7;D1;D2;D3;D4;D5;D6;D7;D8";;Bom Jesus do Araguaia | Ribeirão Cascalheira;0;0;0.1.0-metodologica;2026-07-30T09:54:46-04:00
35257;Tanque Pulmão Agropecuária Roncador;Querência;MT - Secretaria de Estado do Meio Ambiente - SEMA;Irrigação;Baixo;Baixo;4272;2;Verde;Verde;0,330;insuficiente;6,1;1;1;0;0;não avaliado;;R06;"A6;B2;B3;B4;B5;B6;C1;C2;C3;C4;C5;C6;C7;D1;D2;D3;D4;D5;D6;D7;D8";;Bom Jesus do Araguaia | Ribeirão Cascalheira;0;0;0.1.0-metodologica;2026-07-30T09:54:46-04:00
37430;Barramento Caxambu II;Querência;MT - Secretaria de Estado do Meio Ambiente - SEMA;Irrigação;Baixo;Médio;4272672;9;Verde;Verde;0,380;insuficiente;23,7;1;3;5;0;não avaliado;;R06;"A6;B2;B3;B4;B5;B6;C2;C3;C4;C5;C6;C7;D1;D2;D3;D4;D5;D6;D7;D8";Querência;;1;0;0.1.0-metodologica;2026-07-30T09:54:46-04:00
32071;BARRAGEM 03;Ribeirão Cascalheira;MT - Secretaria de Estado do Meio Ambiente - SEMA;Dessedentação Animal;Baixo;Médio;4272882;9;Verde;Verde;0,380;insuficiente;23,7;1;3;5;0;não avaliado;;R06;"A6;B2;B3;B4;B5;B6;C2;C3;C4;C5;C6;C7;D1;D2;D3;D4;D5;D6;D7;D8";Bom Jesus do Araguaia;;1;1;0.1.0-metodologica;2026-07-30T09:54:46-04:00
36570;BARRAGEM I;Ribeirão Cascalheira;MT - Secretaria de Estado do Meio Ambiente - SEMA;Abastecimento humano;Baixo;Médio;6824;3;Verde;Verde;0,330;insuficiente;9,1;0;3;0;0;não avaliado;;R06;"A6;B2;B3;B4;B5;B6;C1;C2;C3;C4;C5;C6;C7;D1;D2;D3;D4;D5;D6;D7;D8";;;0;0;0.1.0-metodologica;2026-07-30T09:54:46-04:00
20118;Barragem 1 na Fazenda São João;Ribeirão Cascalheira;MT - Secretaria de Estado do Meio Ambiente - SEMA;Irrigação;Baixo;Médio;4272882;9;Verde;Verde;0,380;insuficiente;23,7;1;3;5;0;não avaliado;;R06;"A6;B2;B3;B4;B5;B6;C2;C3;C4;C5;C6;C7;D1;D2;D3;D4;D5;D6;D7;D8";Bom Jesus do Araguaia;;1;1;0.1.0-metodologica;2026-07-30T09:54:46-04:00
26401;Barragem Principal na Fazenda Campo Claro;Ribeirão Cascalheira;MT - Secretaria de Estado do Meio Ambiente - SEMA;Irrigação;Médio;Médio;427288;9;Verde;Verde;0,380;insuficiente;23,7;1;3;5;0;não avaliado;;R06;"A6;B2;B3;B4;B5;B6;C2;C3;C4;C5;C6;C7;D1;D2;D3;D4;D5;D6;D7;D8";Bom Jesus do Araguaia;;1;1;0.1.0-metodologica;2026-07-30T09:54:46-04:00
35389;Fazenda Campo Forte I, II, III e IV;Ribeirão Cascalheira;MT - Secretaria de Estado do Meio Ambiente - SEMA;Paisagismo;Baixo;Médio;68286;3;Verde;Verde;0,330;insuficiente;9,1;0;3;0;0;não avaliado;;R06;"A6;B2;B3;B4;B5;B6;C1;C2;C3;C4;C5;C6;C7;D1;D2;D3;D4;D5;D6;D7;D8";;;0;0;0.1.0-metodologica;2026-07-30T09:54:46-04:00
30798;Fazenda Furnas;Ribeirão Cascalheira;MT - Secretaria de Estado do Meio Ambiente - SEMA;Irrigação;Baixo;Médio;4272862;9;Verde;Verde;0,380;insuficiente;23,7;1;3;5;0;não avaliado;;R06;"A6;B2;B3;B4;B5;B6;C2;C3;C4;C5;C6;C7;D1;D2;D3;D4;D5;D6;D7;D8";Bom Jesus do Araguaia | Ribeirão Cascalheira;;2;1;0.1.0-metodologica;2026-07-30T09:54:46-04:00
35824;Fazenda Três Marias ? Barramento;Ribeirão Cascalheira;MT - Secretaria de Estado do Meio Ambiente - SEMA;Irrigação;Baixo;Médio;4272862;9;Verde;Verde;0,380;insuficiente;23,7;1;3;5;0;não avaliado;;R06;"A6;B2;B3;B4;B5;B6;C2;C3;C4;C5;C6;C7;D1;D2;D3;D4;D5;D6;D7;D8";Bom Jesus do Araguaia | Ribeirão Cascalheira;;2;1;0.1.0-metodologica;2026-07-30T09:54:46-04:00
33360;Três Marias II;Ribeirão Cascalheira;MT - Secretaria de Estado do Meio Ambiente - SEMA;Irrigação;Baixo;Médio;4272882;9;Verde;Verde;0,380;insuficiente;23,7;1;3;5;0;não avaliado;;R06;"A6;B2;B3;B4;B5;B6;C2;C3;C4;C5;C6;C7;D1;D2;D3;D4;D5;D6;D7;D8";Bom Jesus do Araguaia;;1;1;0.1.0-metodologica;2026-07-30T09:54:46-04:00
4548;PCH São Domingos (Torixoréo) - Torixoréo;Ribeirãozinho;Agência Nacional de Energia Elétrica - ANEEL;Hidroelétrica;Baixo;Baixo;69934;6;Verde;Verde;0,380;insuficiente;15,8;0;1;5;0;não avaliado;;R06;"A6;B2;B3;B4;B5;B6;C2;C3;C4;C5;C6;C7;D1;D2;D3;D4;D5;D6;D7;D8";Ribeirãozinho | Torixoréu;;2;1;0.1.0-metodologica;2026-07-30T09:54:46-04:00
5317;Planta;Rio Branco;Agência Nacional de Mineração - ANM;Contenção de rejeitos de mineração;Alto;Baixo;8996;11;Verde;Verde;0,510;parcial;21,6;3;1;6;1;não avaliado;;;"A6;B3;B4;B5;B6;C2;C3;C4;C5;C6;C7;D2;D3;D4;D5;D6;D7;D8";Rio Branco;Salto do Céu;1;0;0.1.0-metodologica;2026-07-30T09:54:46-04:00
23871;Massa d'Água #243819;Rondolândia;Agência Nacional de Águas e Saneamento Básico - ANA;Irrigação;Não Classificado;Não Classificado;4624494;5;Verde;Verde;0,330;insuficiente;15,2;3;2;0;0;não avaliado;;R06;"A6;B2;B3;B4;B5;B6;C1;C2;C3;C4;C5;C6;C7;D1;D2;D3;D4;D5;D6;D7;D8";;;0;0;0.1.0-metodologica;2026-07-30T09:54:46-04:00
23878;Massa d'Água #243864;Rondolândia;Agência Nacional de Águas e Saneamento Básico - ANA;Irrigação;Não Classificado;Não Classificado;46244948;9;Verde;Verde;0,380;insuficiente;23,7;3;2;4;0;não avaliado;;R06;"A6;B2;B3;B4;B5;B6;C2;C3;C4;C5;C6;C7;D1;D2;D3;D4;D5;D6;D7;D8";Rondolândia;;1;0;0.1.0-metodologica;2026-07-30T09:54:46-04:00
21002;Sítio Santa Helena;Rondolândia;Agência Nacional de Águas e Saneamento Básico - ANA;Irrigação;Não Classificado;Não Classificado;4624494;5;Verde;Verde;0,330;insuficiente;15,2;3;2;0;0;não avaliado;;R06;"A6;B2;B3;B4;B5;B6;C1;C2;C3;C4;C5;C6;C7;D1;D2;D3;D4;D5;D6;D7;D8";;;0;0;0.1.0-metodologica;2026-07-30T09:54:46-04:00
33949;Barragem I Fazenda Talismã;Rondonópolis;MT - Secretaria de Estado do Meio Ambiente - SEMA;Aquicultura;Médio;Médio;89646;8;Verde;Verde;0,380;insuficiente;21,1;0;3;5;0;não avaliado;;R06;"A6;B2;B3;B4;B5;B6;C2;C3;C4;C5;C6;C7;D1;D2;D3;D4;D5;D6;D7;D8";Pedra Preta;;1;1;0.1.0-metodologica;2026-07-30T09:54:46-04:00
35795;Estância Nogueira Agropecuária - Barramento;Rondonópolis;MT - Secretaria de Estado do Meio Ambiente - SEMA;Irrigação;Baixo;Médio;8964;3;Verde;Verde;0,330;insuficiente;9,1;0;3;0;0;não avaliado;;R06;"A6;B2;B3;B4;B5;B6;C1;C2;C3;C4;C5;C6;C7;D1;D2;D3;D4;D5;D6;D7;D8";;Alto Garças | Guiratinga | Jaciara | Juscimeira | Pedra Preta | Poxoréu | São José do Povo;0;0;0.1.0-metodologica;2026-07-30T09:54:46-04:00
8095;Fazenda Conquista;Rondonópolis;MT - Secretaria de Estado do Meio Ambiente - SEMA;Irrigação;Médio;Médio;896456;3;Verde;Verde;0,330;insuficiente;9,1;0;3;0;0;não avaliado;;R06;"A6;B2;B3;B4;B5;B6;C1;C2;C3;C4;C5;C6;C7;D1;D2;D3;D4;D5;D6;D7;D8";;;0;0;0.1.0-metodologica;2026-07-30T09:54:46-04:00
8096;Fazenda Guarita;Rondonópolis;MT - Secretaria de Estado do Meio Ambiente - SEMA;Irrigação;Baixo;Não se Aplica;8964612;1;Verde;Verde;0,330;insuficiente;3,0;0;1;0;0;não avaliado;;R06;"A6;B2;B3;B4;B5;B6;C1;C2;C3;C4;C5;C6;C7;D1;D2;D3;D4;D5;D6;D7;D8";;;0;0;0.1.0-metodologica;2026-07-30T09:54:46-04:00
4211;PCH Engenheiro José Gelásio da Rocha - Barragem Principal;Rondonópolis;Agência Nacional de Energia Elétrica - ANEEL;Hidroelétrica;Médio;Baixo;89644;2;Verde;Verde;0,360;insuficiente;5,6;0;1;0;1;não avaliado;;R06;"A6;B2;B3;B4;B5;B6;C1;C2;C3;C4;C5;C6;C7;D2;D3;D4;D5;D6;D7;D8";;;0;0;0.1.0-metodologica;2026-07-30T09:54:46-04:00
23104;PCH Engenheiro José Gelásio da Rocha - Canal de Adução;Rondonópolis;Agência Nacional de Energia Elétrica - ANEEL;Hidroelétrica;Médio;Baixo;89644;1;Verde;Verde;0,330;insuficiente;3,0;0;1;0;0;não avaliado;;R06;"A6;B2;B3;B4;B5;B6;C1;C2;C3;C4;C5;C6;C7;D1;D2;D3;D4;D5;D6;D7;D8";;;0;0;0.1.0-metodologica;2026-07-30T09:54:46-04:00
23099;PCH Rondonópolis - Canal de Adução;Rondonópolis;Agência Nacional de Energia Elétrica - ANEEL;Hidroelétrica;Médio;Baixo;89644;1;Verde;Verde;0,330;insuficiente;3,0;0;1;0;0;não avaliado;;R06;"A6;B2;B3;B4;B5;B6;C1;C2;C3;C4;C5;C6;C7;D1;D2;D3;D4;D5;D6;D7;D8";;;0;0;0.1.0-metodologica;2026-07-30T09:54:46-04:00
360;Sítio Boa Vista;Rondonópolis;MT - Secretaria de Estado do Meio Ambiente - SEMA;Aquicultura;Baixo;Não se Aplica;8964214;6;Verde;Verde;0,380;insuficiente;15,8;0;1;5;0;não avaliado;;R06;"A6;B2;B3;B4;B5;B6;C2;C3;C4;C5;C6;C7;D1;D2;D3;D4;D5;D6;D7;D8";Rondonópolis;;1;0;0.1.0-metodologica;2026-07-30T09:54:46-04:00
35701;V.S. de Souza & Cia LTDA ? Barramento;Rondonópolis;MT - Secretaria de Estado do Meio Ambiente - SEMA;Irrigação;Baixo;Médio;8964;3;Verde;Verde;0,330;insuficiente;9,1;0;3;0;0;não avaliado;;R06;"A6;B2;B3;B4;B5;B6;C1;C2;C3;C4;C5;C6;C7;D1;D2;D3;D4;D5;D6;D7;D8";;Alto Garças | Guiratinga | Jaciara | Juscimeira | Pedra Preta | Poxoréu | São José do Povo;0;0;0.1.0-metodologica;2026-07-30T09:54:46-04:00
29888;BARRAGEM FAZENDA PANFLORA;Rosário Oeste;MT - Secretaria de Estado do Meio Ambiente - SEMA;Dessedentação Animal;Não Classificado;Não Classificado;896592;16;Amarelo;Verde;0,470;parcial;34,0;4;2;9;1;não;não;"R06;R10;R11";"B2;B3;B4;B5;B6;C2;C4;C5;C6;C7;D1;D2;D3;D4;D5;D6;D7";Cuiabá | Nossa Senhora do Livramento | Várzea Grande;;3;3;0.1.0-metodologica;2026-07-30T09:54:46-04:00
21949;BARRAGEM ÁGUA BRANCA;Rosário Oeste;Agência Nacional de Mineração - ANM;Contenção de rejeitos de mineração;Baixo;Baixo;8965944;20;Amarelo;Amarelo;0,620;parcial;32,3;4;4;11;1;não;não;"R10;R11";"B4;B5;B6;C2;C4;C5;C6;C7;D1;D2;D3;D4;D5;D6;D7";Cuiabá | Nossa Senhora do Livramento | Rosário Oeste | Várzea Grande;;4;3;0.1.0-metodologica;2026-07-30T09:54:46-04:00
35477;Barramento III - Fazenda São José I;Rosário Oeste;MT - Secretaria de Estado do Meio Ambiente - SEMA;Aquicultura;Baixo;Médio;89664;13;Verde;Verde;0,430;parcial;30,2;0;3;9;1;não;não;R06;"A6;B2;B3;B4;B5;B6;C2;C4;C5;C6;C7;D1;D2;D3;D4;D5;D6;D7";Cuiabá | Jangada | Nossa Senhora do Livramento | Rosário Oeste | Santo Antônio de Leverger | Várzea Grande;;6;5;0.1.0-metodologica;2026-07-30T09:54:46-04:00
27940;Estância 2R - Retiro Vista Alegre;Rosário Oeste;MT - Secretaria de Estado do Meio Ambiente - SEMA;Dessedentação Animal;Baixo;Baixo;8965932;15;Amarelo;Verde;0,470;parcial;31,9;4;1;9;1;não;não;"R06;R10;R11";"B2;B3;B4;B5;B6;C2;C4;C5;C6;C7;D1;D2;D3;D4;D5;D6;D7";Cuiabá | Nossa Senhora do Livramento | Rosário Oeste | Várzea Grande;;4;3;0.1.0-metodologica;2026-07-30T09:54:46-04:00
8009;Faz. Dona Leila - Reservatório 12;Rosário Oeste;MT - Secretaria de Estado do Meio Ambiente - SEMA;Aquicultura;Baixo;Não se Aplica;896592;15;Amarelo;Verde;0,470;parcial;31,9;4;1;9;1;não;não;"R06;R10;R11";"B2;B3;B4;B5;B6;C2;C4;C5;C6;C7;D1;D2;D3;D4;D5;D6;D7";Cuiabá | Nossa Senhora do Livramento | Várzea Grande;;3;3;0.1.0-metodologica;2026-07-30T09:54:46-04:00
8010;Faz. Dona Leila - Reservatório 13;Rosário Oeste;MT - Secretaria de Estado do Meio Ambiente - SEMA;Aquicultura;Baixo;Não se Aplica;896592;15;Amarelo;Verde;0,470;parcial;31,9;4;1;9;1;não;não;"R06;R10;R11";"B2;B3;B4;B5;B6;C2;C4;C5;C6;C7;D1;D2;D3;D4;D5;D6;D7";Cuiabá | Nossa Senhora do Livramento | Várzea Grande;;3;3;0.1.0-metodologica;2026-07-30T09:54:46-04:00
8013;Faz. Dona Leila - Reservatório 27;Rosário Oeste;MT - Secretaria de Estado do Meio Ambiente - SEMA;Aquicultura;Baixo;Não se Aplica;896;1;Verde;Verde;0,330;insuficiente;3,0;0;1;0;0;não avaliado;;R06;"A6;B2;B3;B4;B5;B6;C1;C2;C3;C4;C5;C6;C7;D1;D2;D3;D4;D5;D6;D7;D8";;Alto Garças | Chapada dos Guimarães | Cuiabá | Guiratinga | Itiquira | Jaciara | Jangada | Juscimeira | Nossa Senhora do Livramento | Pedra Preta | Poxoréu | Rondonópolis | Santo Antônio de Leverger | São José do Povo | Várzea Grande;0;0;0.1.0-metodologica;2026-07-30T09:54:46-04:00
8012;Faz. Dona Leila - Reservatório 28;Rosário Oeste;MT - Secretaria de Estado do Meio Ambiente - SEMA;Aquicultura;Baixo;Não se Aplica;896;1;Verde;Verde;0,330;insuficiente;3,0;0;1;0;0;não avaliado;;R06;"A6;B2;B3;B4;B5;B6;C1;C2;C3;C4;C5;C6;C7;D1;D2;D3;D4;D5;D6;D7;D8";;Alto Garças | Chapada dos Guimarães | Cuiabá | Guiratinga | Itiquira | Jaciara | Jangada | Juscimeira | Nossa Senhora do Livramento | Pedra Preta | Poxoréu | Rondonópolis | Santo Antônio de Leverger | São José do Povo | Várzea Grande;0;0;0.1.0-metodologica;2026-07-30T09:54:46-04:00
8011;Faz. Dona Leila - Reservatório 29;Rosário Oeste;MT - Secretaria de Estado do Meio Ambiente - SEMA;Aquicultura;Baixo;Não se Aplica;896;1;Verde;Verde;0,330;insuficiente;3,0;0;1;0;0;não avaliado;;R06;"A6;B2;B3;B4;B5;B6;C1;C2;C3;C4;C5;C6;C7;D1;D2;D3;D4;D5;D6;D7;D8";;Alto Garças | Chapada dos Guimarães | Cuiabá | Guiratinga | Itiquira | Jaciara | Jangada | Juscimeira | Nossa Senhora do Livramento | Pedra Preta | Poxoréu | Rondonópolis | Santo Antônio de Leverger | São José do Povo | Várzea Grande;0;0;0.1.0-metodologica;2026-07-30T09:54:46-04:00
35147;Fazenda Curió - Barramento 3;Rosário Oeste;MT - Secretaria de Estado do Meio Ambiente - SEMA;Paisagismo;Baixo;Médio;896592;17;Amarelo;Verde;0,470;parcial;36,2;4;3;9;1;não;não;"R06;R10;R11";"B2;B3;B4;B5;B6;C2;C4;C5;C6;C7;D1;D2;D3;D4;D5;D6;D7";Cuiabá | Nossa Senhora do Livramento | Várzea Grande;;3;3;0.1.0-metodologica;2026-07-30T09:54:46-04:00
35150;Fazenda Curió - Barramento I;Rosário Oeste;MT - Secretaria de Estado do Meio Ambiente - SEMA;Paisagismo;Médio;Médio;896592;17;Amarelo;Verde;0,470;parcial;36,2;4;3;9;1;não;não;"R06;R10;R11";"B2;B3;B4;B5;B6;C2;C4;C5;C6;C7;D1;D2;D3;D4;D5;D6;D7";Cuiabá | Nossa Senhora do Livramento | Várzea Grande;;3;3;0.1.0-metodologica;2026-07-30T09:54:46-04:00
5490;Fazenda Dona Leila - RESERVATÓRIO 1;Rosário Oeste;MT - Secretaria de Estado do Meio Ambiente - SEMA;Aquicultura;Baixo;Não Classificado;896592;16;Amarelo;Verde;0,470;parcial;34,0;4;2;9;1;não;não;"R06;R10;R11";"B2;B3;B4;B5;B6;C2;C4;C5;C6;C7;D1;D2;D3;D4;D5;D6;D7";Cuiabá | Nossa Senhora do Livramento | Várzea Grande;;3;3;0.1.0-metodologica;2026-07-30T09:54:46-04:00
35396;Fazenda São José;Rosário Oeste;MT - Secretaria de Estado do Meio Ambiente - SEMA;Recreação;Médio;Médio;896638;13;Verde;Verde;0,430;parcial;30,2;0;3;9;1;não;não;R06;"A6;B2;B3;B4;B5;B6;C2;C4;C5;C6;C7;D1;D2;D3;D4;D5;D6;D7";Cuiabá | Jangada | Nossa Senhora do Livramento | Rosário Oeste | Santo Antônio de Leverger | Várzea Grande;;6;5;0.1.0-metodologica;2026-07-30T09:54:46-04:00
30922;Barragem na Fazenda Izabel;Rondonópolis;MT - Secretaria de Estado do Meio Ambiente - SEMA;Irrigação;Baixo;Alto;89626;5;Verde;Verde;0,330;insuficiente;15,2;0;5;0;0;não avaliado;;R06;"A6;B2;B3;B4;B5;B6;C1;C2;C3;C4;C5;C6;C7;D1;D2;D3;D4;D5;D6;D7;D8";;Itiquira;0;0;0.1.0-metodologica;2026-07-30T09:54:46-04:00
37441;Fazenda São Francisco;Rondonópolis;MT - Secretaria de Estado do Meio Ambiente - SEMA;Irrigação;Baixo;Baixo;89644;1;Verde;Verde;0,330;insuficiente;3,0;0;1;0;0;não avaliado;;R06;"A6;B2;B3;B4;B5;B6;C1;C2;C3;C4;C5;C6;C7;D1;D2;D3;D4;D5;D6;D7;D8";;;0;0;0.1.0-metodologica;2026-07-30T09:54:46-04:00
8006;VALE DOURADO;Rosário Oeste;Agência Nacional de Mineração - ANM;Contenção de rejeitos de mineração;Baixo;Médio;8965956;22;Amarelo;Amarelo;0,620;parcial;35,5;4;6;11;1;não;não;"R10;R11";"B4;B5;B6;C2;C4;C5;C6;C7;D1;D2;D3;D4;D5;D6;D7";Cuiabá | Nossa Senhora do Livramento | Rosário Oeste | Várzea Grande;;4;3;0.1.0-metodologica;2026-07-30T09:54:46-04:00
23957;CGH Caramujo - Barramento Caramujo;Salto do Céu;Agência Nacional de Energia Elétrica - ANEEL;Hidroelétrica;Baixo;Baixo;899626;7;Verde;Verde;0,380;insuficiente;18,4;2;1;4;0;não avaliado;;R06;"A6;B2;B3;B4;B5;B6;C2;C3;C4;C5;C6;C7;D1;D2;D3;D4;D5;D6;D7;D8";Salto do Céu;;1;0;0.1.0-metodologica;2026-07-30T09:54:46-04:00
36508;Fazenda Santo Antônio;Santa Carmem;MT - Secretaria de Estado do Meio Ambiente - SEMA;Irrigação;Baixo;Baixo;426972;6;Verde;Verde;0,380;insuficiente;15,8;0;1;5;0;não avaliado;;R06;"A6;B2;B3;B4;B5;B6;C2;C3;C4;C5;C6;C7;D1;D2;D3;D4;D5;D6;D7;D8";Cláudia | Marcelândia | Santa Carmem | União do Sul;;4;3;0.1.0-metodologica;2026-07-30T09:54:46-04:00
28918;BARRAGEM 03;Santa Cruz do Xingu;MT - Secretaria de Estado do Meio Ambiente - SEMA;Dessedentação Animal;Baixo;Baixo;42546;2;Verde;Verde;0,330;insuficiente;6,1;1;1;0;0;não avaliado;;R06;"A6;B2;B3;B4;B5;B6;C1;C2;C3;C4;C5;C6;C7;D1;D2;D3;D4;D5;D6;D7;D8";;;0;0;0.1.0-metodologica;2026-07-30T09:54:46-04:00
28863;BARRAGEM 13;Santa Cruz do Xingu;MT - Secretaria de Estado do Meio Ambiente - SEMA;Dessedentação Animal;Baixo;Baixo;425418;2;Verde;Verde;0,330;insuficiente;6,1;1;1;0;0;não avaliado;;R06;"A6;B2;B3;B4;B5;B6;C1;C2;C3;C4;C5;C6;C7;D1;D2;D3;D4;D5;D6;D7;D8";;;0;0;0.1.0-metodologica;2026-07-30T09:54:46-04:00
28361;Barragem 2;Santa Cruz do Xingu;MT - Secretaria de Estado do Meio Ambiente - SEMA;Dessedentação Animal;Baixo;Baixo;42546;2;Verde;Verde;0,330;insuficiente;6,1;1;1;0;0;não avaliado;;R06;"A6;B2;B3;B4;B5;B6;C1;C2;C3;C4;C5;C6;C7;D1;D2;D3;D4;D5;D6;D7;D8";;;0;0;0.1.0-metodologica;2026-07-30T09:54:46-04:00
34535;Barragem 4;Santa Cruz do Xingu;MT - Secretaria de Estado do Meio Ambiente - SEMA;Dessedentação Animal;Baixo;Médio;425462;4;Verde;Verde;0,330;insuficiente;12,1;1;3;0;0;não avaliado;;R06;"A6;B2;B3;B4;B5;B6;C1;C2;C3;C4;C5;C6;C7;D1;D2;D3;D4;D5;D6;D7;D8";;;0;0;0.1.0-metodologica;2026-07-30T09:54:46-04:00
34536;Barragem 5;Santa Cruz do Xingu;MT - Secretaria de Estado do Meio Ambiente - SEMA;Dessedentação Animal;Baixo;Médio;425462;4;Verde;Verde;0,330;insuficiente;12,1;1;3;0;0;não avaliado;;R06;"A6;B2;B3;B4;B5;B6;C1;C2;C3;C4;C5;C6;C7;D1;D2;D3;D4;D5;D6;D7;D8";;;0;0;0.1.0-metodologica;2026-07-30T09:54:46-04:00
34537;Barragem 6;Santa Cruz do Xingu;MT - Secretaria de Estado do Meio Ambiente - SEMA;Dessedentação Animal;Baixo;Médio;425462;4;Verde;Verde;0,330;insuficiente;12,1;1;3;0;0;não avaliado;;R06;"A6;B2;B3;B4;B5;B6;C1;C2;C3;C4;C5;C6;C7;D1;D2;D3;D4;D5;D6;D7;D8";;;0;0;0.1.0-metodologica;2026-07-30T09:54:46-04:00
34534;Barragem 7;Santa Cruz do Xingu;MT - Secretaria de Estado do Meio Ambiente - SEMA;Dessedentação Animal;Baixo;Médio;425462;4;Verde;Verde;0,330;insuficiente;12,1;1;3;0;0;não avaliado;;R06;"A6;B2;B3;B4;B5;B6;C1;C2;C3;C4;C5;C6;C7;D1;D2;D3;D4;D5;D6;D7;D8";;;0;0;0.1.0-metodologica;2026-07-30T09:54:46-04:00
27753;Barragem B9;Santa Cruz do Xingu;MT - Secretaria de Estado do Meio Ambiente - SEMA;Dessedentação Animal;Baixo;Baixo;425462;2;Verde;Verde;0,330;insuficiente;6,1;1;1;0;0;não avaliado;;R06;"A6;B2;B3;B4;B5;B6;C1;C2;C3;C4;C5;C6;C7;D1;D2;D3;D4;D5;D6;D7;D8";;;0;0;0.1.0-metodologica;2026-07-30T09:54:46-04:00
36278;Barragem Jusante Fazenda Santa Filipina;Santa Cruz do Xingu;MT - Secretaria de Estado do Meio Ambiente - SEMA;Recreação;Baixo;Médio;4254672;8;Verde;Verde;0,380;insuficiente;21,1;1;3;4;0;não avaliado;;R06;"A6;B2;B3;B4;B5;B6;C2;C3;C4;C5;C6;C7;D1;D2;D3;D4;D5;D6;D7;D8";Santa Cruz do Xingu;;1;0;0.1.0-metodologica;2026-07-30T09:54:46-04:00
35409;Barragem Principal;Santa Cruz do Xingu;MT - Secretaria de Estado do Meio Ambiente - SEMA;Recreação;Baixo;Médio;42552;4;Verde;Verde;0,330;insuficiente;12,1;1;3;0;0;não avaliado;;R06;"A6;B2;B3;B4;B5;B6;C1;C2;C3;C4;C5;C6;C7;D1;D2;D3;D4;D5;D6;D7;D8";;;0;0;0.1.0-metodologica;2026-07-30T09:54:46-04:00
35091;Barragem Ághata II;Santa Cruz do Xingu;MT - Secretaria de Estado do Meio Ambiente - SEMA;Irrigação;Baixo;Médio;42552;4;Verde;Verde;0,330;insuficiente;12,1;1;3;0;0;não avaliado;;R06;"A6;B2;B3;B4;B5;B6;C1;C2;C3;C4;C5;C6;C7;D1;D2;D3;D4;D5;D6;D7;D8";;;0;0;0.1.0-metodologica;2026-07-30T09:54:46-04:00
35410;Barramento 1 (montante);Santa Cruz do Xingu;MT - Secretaria de Estado do Meio Ambiente - SEMA;Recreação;Baixo;Médio;42552;4;Verde;Verde;0,330;insuficiente;12,1;1;3;0;0;não avaliado;;R06;"A6;B2;B3;B4;B5;B6;C1;C2;C3;C4;C5;C6;C7;D1;D2;D3;D4;D5;D6;D7;D8";;;0;0;0.1.0-metodologica;2026-07-30T09:54:46-04:00
35411;Barramento 1.1;Santa Cruz do Xingu;MT - Secretaria de Estado do Meio Ambiente - SEMA;Recreação;Baixo;Médio;42552;4;Verde;Verde;0,330;insuficiente;12,1;1;3;0;0;não avaliado;;R06;"A6;B2;B3;B4;B5;B6;C1;C2;C3;C4;C5;C6;C7;D1;D2;D3;D4;D5;D6;D7;D8";;;0;0;0.1.0-metodologica;2026-07-30T09:54:46-04:00
32077;Barramento Fazenda Bonanza;Santa Cruz do Xingu;MT - Secretaria de Estado do Meio Ambiente - SEMA;Dessedentação Animal;Baixo;Médio;425742;4;Verde;Verde;0,330;insuficiente;12,1;1;3;0;0;não avaliado;;R06;"A6;B2;B3;B4;B5;B6;C1;C2;C3;C4;C5;C6;C7;D1;D2;D3;D4;D5;D6;D7;D8";;;0;0;0.1.0-metodologica;2026-07-30T09:54:46-04:00
36098;Fazenda Filipina;Santa Cruz do Xingu;MT - Secretaria de Estado do Meio Ambiente - SEMA;Recreação;Baixo;Médio;42552;4;Verde;Verde;0,330;insuficiente;12,1;1;3;0;0;não avaliado;;R06;"A6;B2;B3;B4;B5;B6;C1;C2;C3;C4;C5;C6;C7;D1;D2;D3;D4;D5;D6;D7;D8";;;0;0;0.1.0-metodologica;2026-07-30T09:54:46-04:00
73;Fazenda Reunidas Filipinas;Santa Cruz do Xingu;Agência Nacional de Águas e Saneamento Básico - ANA;Regularização de vazão;Baixo;Não se Aplica;42552;2;Verde;Verde;0,330;insuficiente;6,1;1;1;0;0;não avaliado;;R06;"A6;B2;B3;B4;B5;B6;C1;C2;C3;C4;C5;C6;C7;D1;D2;D3;D4;D5;D6;D7;D8";;;0;0;0.1.0-metodologica;2026-07-30T09:54:46-04:00
27881;Fazenda Santa Fé;Santa Cruz do Xingu;MT - Secretaria de Estado do Meio Ambiente - SEMA;Dessedentação Animal;Baixo;Baixo;425462;2;Verde;Verde;0,330;insuficiente;6,1;1;1;0;0;não avaliado;;R06;"A6;B2;B3;B4;B5;B6;C1;C2;C3;C4;C5;C6;C7;D1;D2;D3;D4;D5;D6;D7;D8";;;0;0;0.1.0-metodologica;2026-07-30T09:54:46-04:00
28616;Fazenda Santa Fé;Santa Cruz do Xingu;MT - Secretaria de Estado do Meio Ambiente - SEMA;Dessedentação Animal;Baixo;Baixo;425418;2;Verde;Verde;0,330;insuficiente;6,1;1;1;0;0;não avaliado;;R06;"A6;B2;B3;B4;B5;B6;C1;C2;C3;C4;C5;C6;C7;D1;D2;D3;D4;D5;D6;D7;D8";;;0;0;0.1.0-metodologica;2026-07-30T09:54:46-04:00
21006;Fazenda Santa Marina;Santa Cruz do Xingu;Agência Nacional de Águas e Saneamento Básico - ANA;Irrigação;Não Classificado;Não Classificado;42552;3;Verde;Verde;0,330;insuficiente;9,1;1;2;0;0;não avaliado;;R06;"A6;B2;B3;B4;B5;B6;C1;C2;C3;C4;C5;C6;C7;D1;D2;D3;D4;D5;D6;D7;D8";;;0;0;0.1.0-metodologica;2026-07-30T09:54:46-04:00
20077;Faz. Três Pinheiros;Santa Rita do Trivelato;MT - Secretaria de Estado do Meio Ambiente - SEMA;Irrigação;Baixo;Não Classificado;444938;7;Verde;Verde;0,380;insuficiente;18,4;0;2;5;0;não avaliado;;R06;"A6;B2;B3;B4;B5;B6;C2;C3;C4;C5;C6;C7;D1;D2;D3;D4;D5;D6;D7;D8";Alta Floresta | Carlinda | Itaúba | Nova Canaã do Norte | Sinop | Vera;;6;6;0.1.0-metodologica;2026-07-30T09:54:46-04:00
28141;Fazenda Confluência;Santa Rita do Trivelato;MT - Secretaria de Estado do Meio Ambiente - SEMA;Aquicultura;Baixo;Médio;444;3;Verde;Verde;0,330;insuficiente;9,1;0;3;0;0;não avaliado;;R06;"A6;B2;B3;B4;B5;B6;C1;C2;C3;C4;C5;C6;C7;D1;D2;D3;D4;D5;D6;D7;D8";;Alta Floresta | Carlinda | Ipiranga do Norte | Itaúba | Lucas do Rio Verde | Nova Canaã do Norte | Nova Santa Helena | Paranaíta | Sinop | Sorriso | Tapurah | Terra Nova do Norte | Vera;0;0;0.1.0-metodologica;2026-07-30T09:54:46-04:00
387;Fazenda Pau da Onça;Santa Rita do Trivelato;MT - Secretaria de Estado do Meio Ambiente - SEMA;Irrigação;Baixo;Baixo;444938;6;Verde;Verde;0,380;insuficiente;15,8;0;1;5;0;não avaliado;;R06;"A6;B2;B3;B4;B5;B6;C2;C3;C4;C5;C6;C7;D1;D2;D3;D4;D5;D6;D7;D8";Alta Floresta | Carlinda | Itaúba | Nova Canaã do Norte | Sinop | Vera;;6;6;0.1.0-metodologica;2026-07-30T09:54:46-04:00
8044;Fazenda Quatrilho;Santa Rita do Trivelato;MT - Secretaria de Estado do Meio Ambiente - SEMA;Aquicultura;Baixo;Não se Aplica;444892;6;Verde;Verde;0,380;insuficiente;15,8;0;1;5;0;não avaliado;;R06;"A6;B2;B3;B4;B5;B6;C2;C3;C4;C5;C6;C7;D1;D2;D3;D4;D5;D6;D7;D8";Alta Floresta | Carlinda | Ipiranga do Norte | Itaúba | Nova Canaã do Norte | Santa Rita do Trivelato | Sinop | Sorriso | Tapurah;;9;8;0.1.0-metodologica;2026-07-30T09:54:46-04:00
33041;Fazenda Canaã – Barragem 1;Santa Terezinha;MT - Secretaria de Estado do Meio Ambiente - SEMA;Irrigação;Baixo;Médio;67612;4;Verde;Verde;0,330;insuficiente;12,1;1;3;0;0;não avaliado;;R06;"A6;B2;B3;B4;B5;B6;C1;C2;C3;C4;C5;C6;C7;D1;D2;D3;D4;D5;D6;D7;D8";;;0;0;0.1.0-metodologica;2026-07-30T09:54:46-04:00
22396;Massa d'Água #102989;Santa Terezinha;Agência Nacional de Águas e Saneamento Básico - ANA;Irrigação;Não Classificado;Não Classificado;678322;8;Verde;Verde;0,380;insuficiente;21,1;1;2;5;0;não avaliado;;R06;"A6;B2;B3;B4;B5;B6;C2;C3;C4;C5;C6;C7;D1;D2;D3;D4;D5;D6;D7;D8";Santa Terezinha;;1;0;0.1.0-metodologica;2026-07-30T09:54:46-04:00
22517;Massa d'Água #143787;Santa Terezinha;Agência Nacional de Águas e Saneamento Básico - ANA;Irrigação;Não Classificado;Não Classificado;678388;3;Verde;Verde;0,330;insuficiente;9,1;1;2;0;0;não avaliado;;R06;"A6;B2;B3;B4;B5;B6;C1;C2;C3;C4;C5;C6;C7;D1;D2;D3;D4;D5;D6;D7;D8";;;0;0;0.1.0-metodologica;2026-07-30T09:54:46-04:00
23767;Massa d'Água #226576;Santa Terezinha;Agência Nacional de Águas e Saneamento Básico - ANA;Irrigação;Não Classificado;Não Classificado;678322;8;Verde;Verde;0,380;insuficiente;21,1;1;2;5;0;não avaliado;;R06;"A6;B2;B3;B4;B5;B6;C2;C3;C4;C5;C6;C7;D1;D2;D3;D4;D5;D6;D7;D8";Santa Terezinha;;1;0;0.1.0-metodologica;2026-07-30T09:54:46-04:00
35383;Barramento - Fazenda Gema;Santo Afonso;MT - Secretaria de Estado do Meio Ambiente - SEMA;Recreação;Baixo;Médio;899896;9;Verde;Verde;0,380;insuficiente;23,7;1;3;5;0;não avaliado;;R06;"A6;B2;B3;B4;B5;B6;C2;C3;C4;C5;C6;C7;D1;D2;D3;D4;D5;D6;D7;D8";Nova Marilândia | Santo Afonso;;2;1;0.1.0-metodologica;2026-07-30T09:54:46-04:00
32740;Barragem Nogueira I e II;Santo Antônio do Leste;MT - Secretaria de Estado do Meio Ambiente - SEMA;Aquicultura;Baixo;Médio;429982;7;Verde;Verde;0,380;insuficiente;18,4;0;3;4;0;não avaliado;;R06;"A6;B2;B3;B4;B5;B6;C2;C3;C4;C5;C6;C7;D1;D2;D3;D4;D5;D6;D7;D8";Santo Antônio do Leste;;1;0;0.1.0-metodologica;2026-07-30T09:54:46-04:00
32159;Barragem na Fazenda Iguaçu;Santo Antônio do Leste;MT - Secretaria de Estado do Meio Ambiente - SEMA;Paisagismo;Baixo;Médio;68766;9;Verde;Verde;0,380;insuficiente;23,7;1;3;5;0;não avaliado;;R06;"A6;B2;B3;B4;B5;B6;C2;C3;C4;C5;C6;C7;D1;D2;D3;D4;D5;D6;D7;D8";General Carneiro | Novo São Joaquim;;2;2;0.1.0-metodologica;2026-07-30T09:54:46-04:00
34160;PCH Mantovilis - Mantovilis;Santo Antônio de Leverger;Agência Nacional de Energia Elétrica - ANEEL;Hidroelétrica;Baixo;Baixo;896544;14;Amarelo;Verde;0,460;parcial;30,4;4;1;9;0;não avaliado;;"R06;R10;R11";"B2;B3;B4;B5;B6;C2;C4;C5;C6;C7;D1;D2;D3;D4;D5;D6;D7;D8";Santo Antônio de Leverger;;1;0;0.1.0-metodologica;2026-07-30T09:54:46-04:00
34847;PCH Mutum I - MUTUM-1;Santo Antônio de Leverger;Agência Nacional de Energia Elétrica - ANEEL;Hidroelétrica;Baixo;Baixo;896544;14;Amarelo;Verde;0,460;parcial;30,4;4;1;9;0;não avaliado;;"R06;R10;R11";"B2;B3;B4;B5;B6;C2;C4;C5;C6;C7;D1;D2;D3;D4;D5;D6;D7;D8";Santo Antônio de Leverger;;1;0;0.1.0-metodologica;2026-07-30T09:54:46-04:00
36618;Barramento I ? Fazenda Caetetu;Sapezal;MT - Secretaria de Estado do Meio Ambiente - SEMA;Irrigação;Baixo;Médio;449464;6;Verde;Verde;0,330;insuficiente;18,2;3;3;0;0;não avaliado;;R06;"A6;B2;B3;B4;B5;B6;C1;C2;C3;C4;C5;C6;C7;D1;D2;D3;D4;D5;D6;D7;D8";;;0;0;0.1.0-metodologica;2026-07-30T09:54:46-04:00
23991;CGH Sapezal - CGH Sapezal;Sapezal;Agência Nacional de Energia Elétrica - ANEEL;Hidroelétrica;Baixo;Baixo;44942;4;Verde;Verde;0,330;insuficiente;12,1;3;1;0;0;não avaliado;;R06;"A6;B2;B3;B4;B5;B6;C1;C2;C3;C4;C5;C6;C7;D1;D2;D3;D4;D5;D6;D7;D8";;;0;0;0.1.0-metodologica;2026-07-30T09:54:46-04:00
24022;CGH Tucunaré - CGH Tucunaré;Sapezal;Agência Nacional de Energia Elétrica - ANEEL;Hidroelétrica;Baixo;Baixo;4498394;5;Verde;Verde;0,330;insuficiente;15,2;4;1;0;0;não avaliado;;R06;"A6;B2;B3;B4;B5;B6;C1;C2;C3;C4;C5;C6;C7;D1;D2;D3;D4;D5;D6;D7;D8";;;0;0;0.1.0-metodologica;2026-07-30T09:54:46-04:00
20111;Fazenda Lapacho - Gleba B;Sapezal;MT - Secretaria de Estado do Meio Ambiente - SEMA;Irrigação;Médio;Alto;449424;8;Verde;Verde;0,330;insuficiente;24,2;3;5;0;0;não avaliado;;R06;"A6;B2;B3;B4;B5;B6;C1;C2;C3;C4;C5;C6;C7;D1;D2;D3;D4;D5;D6;D7;D8";;;0;0;0.1.0-metodologica;2026-07-30T09:54:46-04:00
36513;Fazenda Reunidas do Papagaio - Barramento Jusante;Sapezal;MT - Secretaria de Estado do Meio Ambiente - SEMA;Irrigação;Baixo;Não se Aplica;4494652;4;Verde;Verde;0,330;insuficiente;12,1;3;1;0;0;não avaliado;;R06;"A6;B2;B3;B4;B5;B6;C1;C2;C3;C4;C5;C6;C7;D1;D2;D3;D4;D5;D6;D7;D8";;;0;0;0.1.0-metodologica;2026-07-30T09:54:46-04:00
36514;Fazenda Reunidas do Papagaio - Barramento Montante;Sapezal;MT - Secretaria de Estado do Meio Ambiente - SEMA;Irrigação;Baixo;Não se Aplica;4494652;4;Verde;Verde;0,330;insuficiente;12,1;3;1;0;0;não avaliado;;R06;"A6;B2;B3;B4;B5;B6;C1;C2;C3;C4;C5;C6;C7;D1;D2;D3;D4;D5;D6;D7;D8";;;0;0;0.1.0-metodologica;2026-07-30T09:54:46-04:00
23391;Massa d'Água #170373;Sapezal;Agência Nacional de Águas e Saneamento Básico - ANA;Irrigação;Não Classificado;Não Classificado;4494642;10;Verde;Verde;0,380;insuficiente;26,3;3;2;5;0;não avaliado;;R06;"A6;B2;B3;B4;B5;B6;C2;C3;C4;C5;C6;C7;D1;D2;D3;D4;D5;D6;D7;D8";Sapezal;;1;0;0.1.0-metodologica;2026-07-30T09:54:46-04:00
20572;PCH Buriti - PCH Buriti;Sapezal;Agência Nacional de Energia Elétrica - ANEEL;Hidroelétrica;Baixo;Baixo;44944;4;Verde;Verde;0,330;insuficiente;12,1;3;1;0;0;não avaliado;;R06;"A6;B2;B3;B4;B5;B6;C1;C2;C3;C4;C5;C6;C7;D1;D2;D3;D4;D5;D6;D7;D8";;;0;0;0.1.0-metodologica;2026-07-30T09:54:46-04:00
4580;PCH Cidezal - Principal;Sapezal;Agência Nacional de Energia Elétrica - ANEEL;Hidroelétrica;Médio;Baixo;4498;5;Verde;Verde;0,360;insuficiente;13,9;3;1;0;1;não avaliado;;R06;"A6;B2;B3;B4;B5;B6;C1;C2;C3;C4;C5;C6;C7;D2;D3;D4;D5;D6;D7;D8";;Campos de Júlio;0;0;0.1.0-metodologica;2026-07-30T09:54:46-04:00
34064;PCH Jesuíta - PCH Jesuíta;Sapezal;Agência Nacional de Energia Elétrica - ANEEL;Hidroelétrica;Alto;Baixo;4498392;5;Verde;Verde;0,330;insuficiente;15,2;4;1;0;0;não avaliado;;R06;"A6;B2;B3;B4;B5;B6;C1;C2;C3;C4;C5;C6;C7;D1;D2;D3;D4;D5;D6;D7;D8";;;0;0;0.1.0-metodologica;2026-07-30T09:54:46-04:00
5176;PCH Parecis - Principal;Sapezal;Agência Nacional de Energia Elétrica - ANEEL;Hidroelétrica;Médio;Baixo;4498;5;Verde;Verde;0,360;insuficiente;13,9;3;1;0;1;não avaliado;;R06;"A6;B2;B3;B4;B5;B6;C1;C2;C3;C4;C5;C6;C7;D2;D3;D4;D5;D6;D7;D8";;Campos de Júlio;0;0;0.1.0-metodologica;2026-07-30T09:54:46-04:00
4888;PCH Rondon - Principal;Sapezal;Agência Nacional de Energia Elétrica - ANEEL;Hidroelétrica;Médio;Baixo;4498;5;Verde;Verde;0,360;insuficiente;13,9;3;1;0;1;não avaliado;;R06;"A6;B2;B3;B4;B5;B6;C1;C2;C3;C4;C5;C6;C7;D2;D3;D4;D5;D6;D7;D8";;Campos de Júlio;0;0;0.1.0-metodologica;2026-07-30T09:54:46-04:00
4726;PCH Santa Lúcia - Barramento Central;Sapezal;Agência Nacional de Energia Elétrica - ANEEL;Hidroelétrica;Baixo;Baixo;44944;4;Verde;Verde;0,330;insuficiente;12,1;3;1;0;0;não avaliado;;R06;"A6;B2;B3;B4;B5;B6;C1;C2;C3;C4;C5;C6;C7;D1;D2;D3;D4;D5;D6;D7;D8";;;0;0;0.1.0-metodologica;2026-07-30T09:54:46-04:00
5025;PCH Santa Lúcia II - Barramento Central;Sapezal;Agência Nacional de Energia Elétrica - ANEEL;Hidroelétrica;Baixo;Baixo;4498;4;Verde;Verde;0,330;insuficiente;12,1;3;1;0;0;não avaliado;;R06;"A6;B2;B3;B4;B5;B6;C1;C2;C3;C4;C5;C6;C7;D1;D2;D3;D4;D5;D6;D7;D8";;Campos de Júlio;0;0;0.1.0-metodologica;2026-07-30T09:54:46-04:00
5054;PCH Sapezal - Principal;Sapezal;Agência Nacional de Energia Elétrica - ANEEL;Hidroelétrica;Alto;Baixo;4498;5;Verde;Verde;0,360;insuficiente;13,9;3;1;0;1;não avaliado;;R06;"A6;B2;B3;B4;B5;B6;C1;C2;C3;C4;C5;C6;C7;D2;D3;D4;D5;D6;D7;D8";;Campos de Júlio;0;0;0.1.0-metodologica;2026-07-30T09:54:46-04:00
4313;PCH Segredo - Barramento PCH Segredo;Sapezal;Agência Nacional de Energia Elétrica - ANEEL;Hidroelétrica;Alto;Baixo;4498;5;Verde;Verde;0,360;insuficiente;13,9;3;1;0;1;não avaliado;;R06;"A6;B2;B3;B4;B5;B6;C1;C2;C3;C4;C5;C6;C7;D2;D3;D4;D5;D6;D7;D8";;Campos de Júlio;0;0;0.1.0-metodologica;2026-07-30T09:54:46-04:00
4212;PCH Telegráfica - Principal;Sapezal;Agência Nacional de Energia Elétrica - ANEEL;Hidroelétrica;Médio;Baixo;4498;5;Verde;Verde;0,360;insuficiente;13,9;3;1;0;1;não avaliado;;R06;"A6;B2;B3;B4;B5;B6;C1;C2;C3;C4;C5;C6;C7;D2;D3;D4;D5;D6;D7;D8";;Campos de Júlio;0;0;0.1.0-metodologica;2026-07-30T09:54:46-04:00
34233;UHE Juruena - Barragem UHE Juruena;Sapezal;Agência Nacional de Energia Elétrica - ANEEL;Hidroelétrica;Alto;Baixo;4498;4;Verde;Verde;0,330;insuficiente;12,1;3;1;0;0;não avaliado;;R06;"A6;B2;B3;B4;B5;B6;C1;C2;C3;C4;C5;C6;C7;D1;D2;D3;D4;D5;D6;D7;D8";;Campos de Júlio;0;0;0.1.0-metodologica;2026-07-30T09:54:46-04:00
35483;Barragem II - Tanque II;Serra Nova Dourada;MT - Secretaria de Estado do Meio Ambiente - SEMA;Aquicultura;Médio;Médio;681446;8;Verde;Verde;0,380;insuficiente;21,1;1;3;4;0;não avaliado;;R06;"A6;B2;B3;B4;B5;B6;C2;C3;C4;C5;C6;C7;D1;D2;D3;D4;D5;D6;D7;D8";Serra Nova Dourada;;1;0;0.1.0-metodologica;2026-07-30T09:54:46-04:00
35484;Barragem III;Serra Nova Dourada;MT - Secretaria de Estado do Meio Ambiente - SEMA;Aquicultura;Não Classificado;Não Classificado;681446;7;Verde;Verde;0,380;insuficiente;18,4;1;2;4;0;não avaliado;;R06;"A6;B2;B3;B4;B5;B6;C2;C3;C4;C5;C6;C7;D1;D2;D3;D4;D5;D6;D7;D8";Serra Nova Dourada;;1;0;0.1.0-metodologica;2026-07-30T09:54:46-04:00
35486;Barragem V;Serra Nova Dourada;MT - Secretaria de Estado do Meio Ambiente - SEMA;Aquicultura;Não Classificado;Não Classificado;681446;7;Verde;Verde;0,380;insuficiente;18,4;1;2;4;0;não avaliado;;R06;"A6;B2;B3;B4;B5;B6;C2;C3;C4;C5;C6;C7;D1;D2;D3;D4;D5;D6;D7;D8";Serra Nova Dourada;;1;0;0.1.0-metodologica;2026-07-30T09:54:46-04:00
35488;Barragem VI;Serra Nova Dourada;MT - Secretaria de Estado do Meio Ambiente - SEMA;Aquicultura;Médio;Médio;681446;8;Verde;Verde;0,380;insuficiente;21,1;1;3;4;0;não avaliado;;R06;"A6;B2;B3;B4;B5;B6;C2;C3;C4;C5;C6;C7;D1;D2;D3;D4;D5;D6;D7;D8";Serra Nova Dourada;;1;0;0.1.0-metodologica;2026-07-30T09:54:46-04:00
36650;Barramento II Fazenda Água Cristalina;Serra Nova Dourada;MT - Secretaria de Estado do Meio Ambiente - SEMA;Irrigação;Baixo;Alto;67824;6;Verde;Verde;0,330;insuficiente;18,2;1;5;0;0;não avaliado;;R06;"A6;B2;B3;B4;B5;B6;C1;C2;C3;C4;C5;C6;C7;D1;D2;D3;D4;D5;D6;D7;D8";;;0;0;0.1.0-metodologica;2026-07-30T09:54:46-04:00
35482;Tanque Cascata Produtiva;Serra Nova Dourada;MT - Secretaria de Estado do Meio Ambiente - SEMA;Aquicultura;Não Classificado;Não Classificado;681446;7;Verde;Verde;0,380;insuficiente;18,4;1;2;4;0;não avaliado;;R06;"A6;B2;B3;B4;B5;B6;C2;C3;C4;C5;C6;C7;D1;D2;D3;D4;D5;D6;D7;D8";Serra Nova Dourada;;1;0;0.1.0-metodologica;2026-07-30T09:54:46-04:00
31709;Barragem Chácara nº 270;Sinop;MT - Secretaria de Estado do Meio Ambiente - SEMA;Recreação;Médio;Médio;4447964;10;Amarelo;Verde;0,420;parcial;23,8;2;3;5;0;não avaliado;;"R06;R10;R11";"B2;B3;B4;B5;B6;C2;C3;C4;C5;C6;C7;D1;D2;D3;D4;D5;D6;D7;D8";Alta Floresta | Carlinda | Nova Canaã do Norte;;3;3;0.1.0-metodologica;2026-07-30T09:54:46-04:00
31633;Barragem na Fazenda Remanso I;Sinop;MT - Secretaria de Estado do Meio Ambiente - SEMA;Paisagismo;Baixo;Médio;444794;10;Amarelo;Verde;0,420;parcial;23,8;2;3;5;0;não avaliado;;"R06;R10;R11";"B2;B3;B4;B5;B6;C2;C3;C4;C5;C6;C7;D1;D2;D3;D4;D5;D6;D7;D8";Alta Floresta | Carlinda | Nova Canaã do Norte;;3;3;0.1.0-metodologica;2026-07-30T09:54:46-04:00
31656;Barragerm Chácara nº269;Sinop;MT - Secretaria de Estado do Meio Ambiente - SEMA;Recreação;Médio;Médio;4447964;10;Amarelo;Verde;0,420;parcial;23,8;2;3;5;0;não avaliado;;"R06;R10;R11";"B2;B3;B4;B5;B6;C2;C3;C4;C5;C6;C7;D1;D2;D3;D4;D5;D6;D7;D8";Alta Floresta | Carlinda | Nova Canaã do Norte;;3;3;0.1.0-metodologica;2026-07-30T09:54:46-04:00
34480;Barramento - Fazenda Alvorada II;Sinop;MT - Secretaria de Estado do Meio Ambiente - SEMA;Paisagismo;Baixo;Alto;444;6;Verde;Verde;0,330;insuficiente;18,2;1;5;0;0;não avaliado;;R06;"A6;B2;B3;B4;B5;B6;C1;C2;C3;C4;C5;C6;C7;D1;D2;D3;D4;D5;D6;D7;D8";;Alta Floresta | Carlinda | Ipiranga do Norte | Itaúba | Lucas do Rio Verde | Nova Canaã do Norte | Nova Santa Helena | Paranaíta | Santa Rita do Trivelato | Sorriso | Tapurah | Terra Nova do Norte | Vera;0;0;0.1.0-metodologica;2026-07-30T09:54:46-04:00
31632;Barramento Fazenda Remanso II;Sinop;MT - Secretaria de Estado do Meio Ambiente - SEMA;Paisagismo;Baixo;Médio;4447944;10;Amarelo;Verde;0,420;parcial;23,8;2;3;5;0;não avaliado;;"R06;R10;R11";"B2;B3;B4;B5;B6;C2;C3;C4;C5;C6;C7;D1;D2;D3;D4;D5;D6;D7;D8";Alta Floresta | Carlinda | Nova Canaã do Norte | Sinop;;4;3;0.1.0-metodologica;2026-07-30T09:54:46-04:00
35124;Barramento Sítio Recanto da Natureza;Sinop;MT - Secretaria de Estado do Meio Ambiente - SEMA;Paisagismo;Baixo;Não Classificado;444;3;Verde;Verde;0,330;insuficiente;9,1;1;2;0;0;não avaliado;;R06;"A6;B2;B3;B4;B5;B6;C1;C2;C3;C4;C5;C6;C7;D1;D2;D3;D4;D5;D6;D7;D8";;Alta Floresta | Carlinda | Ipiranga do Norte | Itaúba | Lucas do Rio Verde | Nova Canaã do Norte | Nova Santa Helena | Paranaíta | Santa Rita do Trivelato | Sorriso | Tapurah | Terra Nova do Norte | Vera;0;0;0.1.0-metodologica;2026-07-30T09:54:46-04:00
32150;Fazenda Alvorada III;Sinop;MT - Secretaria de Estado do Meio Ambiente - SEMA;Irrigação;Baixo;Não Classificado;4447982;9;Amarelo;Verde;0,420;parcial;21,4;2;2;5;0;não avaliado;;"R06;R10;R11";"B2;B3;B4;B5;B6;C2;C3;C4;C5;C6;C7;D1;D2;D3;D4;D5;D6;D7;D8";Alta Floresta | Carlinda | Nova Canaã do Norte;;3;3;0.1.0-metodologica;2026-07-30T09:54:46-04:00
31174;LOTES 79 E 80;Sinop;MT - Secretaria de Estado do Meio Ambiente - SEMA;Recreação;Alto;Alto;4449114;11;Verde;Verde;0,380;insuficiente;28,9;1;5;5;0;não avaliado;;R06;"A6;B2;B3;B4;B5;B6;C2;C3;C4;C5;C6;C7;D1;D2;D3;D4;D5;D6;D7;D8";Alta Floresta | Carlinda | Itaúba | Nova Canaã do Norte | Sinop;;5;4;0.1.0-metodologica;2026-07-30T09:54:46-04:00
31175;LOTES 79 E 80;Sinop;MT - Secretaria de Estado do Meio Ambiente - SEMA;Recreação;Médio;Alto;4449114;11;Verde;Verde;0,380;insuficiente;28,9;1;5;5;0;não avaliado;;R06;"A6;B2;B3;B4;B5;B6;C2;C3;C4;C5;C6;C7;D1;D2;D3;D4;D5;D6;D7;D8";Alta Floresta | Carlinda | Itaúba | Nova Canaã do Norte | Sinop;;5;4;0.1.0-metodologica;2026-07-30T09:54:46-04:00
31468;BARRAGEM PRINCIPAL;Sorriso;MT - Secretaria de Estado do Meio Ambiente - SEMA;Irrigação;Baixo;Médio;4449254;9;Verde;Verde;0,380;insuficiente;23,7;1;3;5;0;não avaliado;;R06;"A6;B2;B3;B4;B5;B6;C2;C3;C4;C5;C6;C7;D1;D2;D3;D4;D5;D6;D7;D8";Alta Floresta | Carlinda | Itaúba | Nova Canaã do Norte | Sinop | Vera;;6;6;0.1.0-metodologica;2026-07-30T09:54:46-04:00
5891;Balneário Boa Esperança;Sorriso;MT - Secretaria de Estado do Meio Ambiente - SEMA;Irrigação;Não Classificado;Não Classificado;428694;8;Verde;Verde;0,380;insuficiente;21,1;1;2;5;0;não avaliado;;R06;"A6;B2;B3;B4;B5;B6;C2;C3;C4;C5;C6;C7;D1;D2;D3;D4;D5;D6;D7;D8";Feliz Natal;;1;1;0.1.0-metodologica;2026-07-30T09:54:46-04:00
20139;Barragem 2;Sorriso;MT - Secretaria de Estado do Meio Ambiente - SEMA;Irrigação;Baixo;Médio;4449142;9;Verde;Verde;0,380;insuficiente;23,7;1;3;5;0;não avaliado;;R06;"A6;B2;B3;B4;B5;B6;C2;C3;C4;C5;C6;C7;D1;D2;D3;D4;D5;D6;D7;D8";Alta Floresta | Carlinda | Itaúba | Nova Canaã do Norte | Sinop;;5;5;0.1.0-metodologica;2026-07-30T09:54:46-04:00
8035;Barragem Caititu;Sorriso;MT - Secretaria de Estado do Meio Ambiente - SEMA;Irrigação;Baixo;Baixo;44483392;8;Amarelo;Verde;0,420;parcial;19,0;2;1;5;0;não avaliado;;"R06;R10;R11";"B2;B3;B4;B5;B6;C2;C3;C4;C5;C6;C7;D1;D2;D3;D4;D5;D6;D7;D8";Alta Floresta | Carlinda | Ipiranga do Norte | Itaúba | Nova Canaã do Norte | Sinop | Sorriso;;7;6;0.1.0-metodologica;2026-07-30T09:54:46-04:00
35537;Barragem Fazenda Barreiro III;Sorriso;MT - Secretaria de Estado do Meio Ambiente - SEMA;Irrigação;Baixo;Médio;4449192;9;Verde;Verde;0,380;insuficiente;23,7;1;3;5;0;não avaliado;;R06;"A6;B2;B3;B4;B5;B6;C2;C3;C4;C5;C6;C7;D1;D2;D3;D4;D5;D6;D7;D8";Alta Floresta | Carlinda | Itaúba | Nova Canaã do Norte | Sinop;;5;5;0.1.0-metodologica;2026-07-30T09:54:46-04:00
19988;Barragem I - Fazenda Santa Ernestina I;Sorriso;MT - Secretaria de Estado do Meio Ambiente - SEMA;Irrigação;Baixo;Baixo;4449316;7;Verde;Verde;0,380;insuficiente;18,4;1;1;5;0;não avaliado;;R06;"A6;B2;B3;B4;B5;B6;C2;C3;C4;C5;C6;C7;D1;D2;D3;D4;D5;D6;D7;D8";Alta Floresta | Carlinda | Itaúba | Nova Canaã do Norte | Sinop | Vera;;6;6;0.1.0-metodologica;2026-07-30T09:54:46-04:00
31648;Barragem I Fazenda Santana;Sorriso;MT - Secretaria de Estado do Meio Ambiente - SEMA;Irrigação;Baixo;Médio;44493222;9;Verde;Verde;0,380;insuficiente;23,7;1;3;5;0;não avaliado;;R06;"A6;B2;B3;B4;B5;B6;C2;C3;C4;C5;C6;C7;D1;D2;D3;D4;D5;D6;D7;D8";Alta Floresta | Carlinda | Itaúba | Nova Canaã do Norte | Sinop | Vera;;6;6;0.1.0-metodologica;2026-07-30T09:54:46-04:00
19995;Barragem IMA;Sorriso;MT - Secretaria de Estado do Meio Ambiente - SEMA;Irrigação;Baixo;Baixo;4449344;7;Verde;Verde;0,380;insuficiente;18,4;1;1;5;0;não avaliado;;R06;"A6;B2;B3;B4;B5;B6;C2;C3;C4;C5;C6;C7;D1;D2;D3;D4;D5;D6;D7;D8";Alta Floresta | Carlinda | Itaúba | Nova Canaã do Norte | Sinop | Vera;;6;6;0.1.0-metodologica;2026-07-30T09:54:46-04:00
35227;Barragem Principal - Fazenda Juliana;Sorriso;MT - Secretaria de Estado do Meio Ambiente - SEMA;Paisagismo;Baixo;Médio;44492;9;Verde;Verde;0,380;insuficiente;23,7;1;3;5;0;não avaliado;;R06;"A6;B2;B3;B4;B5;B6;C2;C3;C4;C5;C6;C7;D1;D2;D3;D4;D5;D6;D7;D8";Alta Floresta | Carlinda | Itaúba | Nova Canaã do Norte | Sinop | Vera;;6;6;0.1.0-metodologica;2026-07-30T09:54:46-04:00
35256;Barragem São Miguel;Sorriso;MT - Secretaria de Estado do Meio Ambiente - SEMA;Irrigação;Baixo;Médio;4448572;9;Verde;Verde;0,380;insuficiente;23,7;1;3;5;0;não avaliado;;R06;"A6;B2;B3;B4;B5;B6;C2;C3;C4;C5;C6;C7;D1;D2;D3;D4;D5;D6;D7;D8";Alta Floresta | Carlinda | Ipiranga do Norte | Itaúba | Nova Canaã do Norte | Sinop | Sorriso | Tapurah;;8;7;0.1.0-metodologica;2026-07-30T09:54:46-04:00
35461;Barramento - Fazenda Santo Antônio;Sorriso;MT - Secretaria de Estado do Meio Ambiente - SEMA;Irrigação;Baixo;Médio;4449344;9;Verde;Verde;0,380;insuficiente;23,7;1;3;5;0;não avaliado;;R06;"A6;B2;B3;B4;B5;B6;C2;C3;C4;C5;C6;C7;D1;D2;D3;D4;D5;D6;D7;D8";Alta Floresta | Carlinda | Itaúba | Nova Canaã do Norte | Sinop | Vera;;6;6;0.1.0-metodologica;2026-07-30T09:54:46-04:00
35123;Barramento - Fazenda Seriema;Sorriso;MT - Secretaria de Estado do Meio Ambiente - SEMA;Irrigação;Baixo;Alto;444932;11;Verde;Verde;0,380;insuficiente;28,9;1;5;5;0;não avaliado;;R06;"A6;B2;B3;B4;B5;B6;C2;C3;C4;C5;C6;C7;D1;D2;D3;D4;D5;D6;D7;D8";Alta Floresta | Carlinda | Itaúba | Nova Canaã do Norte | Sinop | Vera;;6;6;0.1.0-metodologica;2026-07-30T09:54:46-04:00
34025;Barramento 01 (Montante) São Cristóvão;Sorriso;MT - Secretaria de Estado do Meio Ambiente - SEMA;Aquicultura;Baixo;Médio;4449362;9;Verde;Verde;0,380;insuficiente;23,7;1;3;5;0;não avaliado;;R06;"A6;B2;B3;B4;B5;B6;C2;C3;C4;C5;C6;C7;D1;D2;D3;D4;D5;D6;D7;D8";Alta Floresta | Carlinda | Itaúba | Nova Canaã do Norte | Sinop | Vera;;6;6;0.1.0-metodologica;2026-07-30T09:54:46-04:00
20070;Barramento 02 (Montante) - São Cristóvão;Sorriso;MT - Secretaria de Estado do Meio Ambiente - SEMA;Aquicultura;Médio;Médio;4449362;9;Verde;Verde;0,380;insuficiente;23,7;1;3;5;0;não avaliado;;R06;"A6;B2;B3;B4;B5;B6;C2;C3;C4;C5;C6;C7;D1;D2;D3;D4;D5;D6;D7;D8";Alta Floresta | Carlinda | Itaúba | Nova Canaã do Norte | Sinop | Vera;;6;6;0.1.0-metodologica;2026-07-30T09:54:46-04:00
35272;Barramento 02 Fazenda Água Azul;Sorriso;MT - Secretaria de Estado do Meio Ambiente - SEMA;Irrigação;Baixo;Médio;444926;9;Verde;Verde;0,380;insuficiente;23,7;1;3;5;0;não avaliado;;R06;"A6;B2;B3;B4;B5;B6;C2;C3;C4;C5;C6;C7;D1;D2;D3;D4;D5;D6;D7;D8";Alta Floresta | Carlinda | Itaúba | Nova Canaã do Norte | Sinop | Vera;;6;6;0.1.0-metodologica;2026-07-30T09:54:46-04:00
34024;Barramento 3-  São Cristóvão;Sorriso;MT - Secretaria de Estado do Meio Ambiente - SEMA;Aquicultura;Médio;Médio;4449362;9;Verde;Verde;0,380;insuficiente;23,7;1;3;5;0;não avaliado;;R06;"A6;B2;B3;B4;B5;B6;C2;C3;C4;C5;C6;C7;D1;D2;D3;D4;D5;D6;D7;D8";Alta Floresta | Carlinda | Itaúba | Nova Canaã do Norte | Sinop | Vera;;6;6;0.1.0-metodologica;2026-07-30T09:54:46-04:00
36511;Barramento Fazenda Cascata e Cascata II;Sorriso;MT - Secretaria de Estado do Meio Ambiente - SEMA;Paisagismo;Baixo;Médio;4449344;9;Verde;Verde;0,380;insuficiente;23,7;1;3;5;0;não avaliado;;R06;"A6;B2;B3;B4;B5;B6;C2;C3;C4;C5;C6;C7;D1;D2;D3;D4;D5;D6;D7;D8";Alta Floresta | Carlinda | Itaúba | Nova Canaã do Norte | Sinop | Vera;;6;6;0.1.0-metodologica;2026-07-30T09:54:46-04:00
8050;Barramento Fazenda Rodeio;Sorriso;MT - Secretaria de Estado do Meio Ambiente - SEMA;Irrigação;Baixo;Alto;4449322;11;Verde;Verde;0,380;insuficiente;28,9;1;5;5;0;não avaliado;;R06;"A6;B2;B3;B4;B5;B6;C2;C3;C4;C5;C6;C7;D1;D2;D3;D4;D5;D6;D7;D8";Alta Floresta | Carlinda | Itaúba | Nova Canaã do Norte | Sinop | Vera;;6;6;0.1.0-metodologica;2026-07-30T09:54:46-04:00
35534;Barramento Fazenda Água Azul II;Sorriso;MT - Secretaria de Estado do Meio Ambiente - SEMA;Irrigação;Baixo;Médio;444926;9;Verde;Verde;0,380;insuficiente;23,7;1;3;5;0;não avaliado;;R06;"A6;B2;B3;B4;B5;B6;C2;C3;C4;C5;C6;C7;D1;D2;D3;D4;D5;D6;D7;D8";Alta Floresta | Carlinda | Itaúba | Nova Canaã do Norte | Sinop | Vera;;6;6;0.1.0-metodologica;2026-07-30T09:54:46-04:00
35130;Barramento MONTANTE;Sorriso;MT - Secretaria de Estado do Meio Ambiente - SEMA;Recreação;Baixo;Médio;4449312;9;Verde;Verde;0,380;insuficiente;23,7;1;3;5;0;não avaliado;;R06;"A6;B2;B3;B4;B5;B6;C2;C3;C4;C5;C6;C7;D1;D2;D3;D4;D5;D6;D7;D8";Alta Floresta | Carlinda | Itaúba | Nova Canaã do Norte | Sinop | Vera;;6;6;0.1.0-metodologica;2026-07-30T09:54:46-04:00
35131;Barramento MONTANTE 2;Sorriso;MT - Secretaria de Estado do Meio Ambiente - SEMA;Recreação;Baixo;Médio;4449312;9;Verde;Verde;0,380;insuficiente;23,7;1;3;5;0;não avaliado;;R06;"A6;B2;B3;B4;B5;B6;C2;C3;C4;C5;C6;C7;D1;D2;D3;D4;D5;D6;D7;D8";Alta Floresta | Carlinda | Itaúba | Nova Canaã do Norte | Sinop | Vera;;6;6;0.1.0-metodologica;2026-07-30T09:54:46-04:00
35230;Barramento Montante - Fazenda Juliana;Sorriso;MT - Secretaria de Estado do Meio Ambiente - SEMA;Paisagismo;Baixo;Médio;44492;9;Verde;Verde;0,380;insuficiente;23,7;1;3;5;0;não avaliado;;R06;"A6;B2;B3;B4;B5;B6;C2;C3;C4;C5;C6;C7;D1;D2;D3;D4;D5;D6;D7;D8";Alta Floresta | Carlinda | Itaúba | Nova Canaã do Norte | Sinop | Vera;;6;6;0.1.0-metodologica;2026-07-30T09:54:46-04:00
35128;Barramento PRINCIPAL;Sorriso;MT - Secretaria de Estado do Meio Ambiente - SEMA;Recreação;Baixo;Médio;4449312;9;Verde;Verde;0,380;insuficiente;23,7;1;3;5;0;não avaliado;;R06;"A6;B2;B3;B4;B5;B6;C2;C3;C4;C5;C6;C7;D1;D2;D3;D4;D5;D6;D7;D8";Alta Floresta | Carlinda | Itaúba | Nova Canaã do Norte | Sinop | Vera;;6;6;0.1.0-metodologica;2026-07-30T09:54:46-04:00
8043;Barramento Sede;Sorriso;MT - Secretaria de Estado do Meio Ambiente - SEMA;Paisagismo;Baixo;Médio;4449118;9;Verde;Verde;0,380;insuficiente;23,7;1;3;5;0;não avaliado;;R06;"A6;B2;B3;B4;B5;B6;C2;C3;C4;C5;C6;C7;D1;D2;D3;D4;D5;D6;D7;D8";Alta Floresta | Carlinda | Itaúba | Nova Canaã do Norte | Sinop;;5;5;0.1.0-metodologica;2026-07-30T09:54:46-04:00
34130;CGH Fazenda Sao Jose I - Sorriso - BARRAGEM - FAZ. SÃO JOSÉ;Sorriso;Agência Nacional de Energia Elétrica - ANEEL;Hidroelétrica;Baixo;Médio;4449342;9;Verde;Verde;0,380;insuficiente;23,7;1;3;5;0;não avaliado;;R06;"A6;B2;B3;B4;B5;B6;C2;C3;C4;C5;C6;C7;D1;D2;D3;D4;D5;D6;D7;D8";Alta Floresta | Carlinda | Itaúba | Nova Canaã do Norte | Sinop | Vera;;6;6;0.1.0-metodologica;2026-07-30T09:54:46-04:00
19992;Chácara Santa Cristina;Sorriso;MT - Secretaria de Estado do Meio Ambiente - SEMA;Aquicultura;Não Classificado;Não Classificado;444;3;Verde;Verde;0,330;insuficiente;9,1;1;2;0;0;não avaliado;;R06;"A6;B2;B3;B4;B5;B6;C1;C2;C3;C4;C5;C6;C7;D1;D2;D3;D4;D5;D6;D7;D8";;Alta Floresta | Carlinda | Ipiranga do Norte | Itaúba | Lucas do Rio Verde | Nova Canaã do Norte | Nova Santa Helena | Paranaíta | Santa Rita do Trivelato | Sinop | Tapurah | Terra Nova do Norte | Vera;0;0;0.1.0-metodologica;2026-07-30T09:54:46-04:00
33406;Estrela de Fogo;Sorriso;MT - Secretaria de Estado do Meio Ambiente - SEMA;Irrigação;Baixo;Médio;4449116;9;Verde;Verde;0,380;insuficiente;23,7;1;3;5;0;não avaliado;;R06;"A6;B2;B3;B4;B5;B6;C2;C3;C4;C5;C6;C7;D1;D2;D3;D4;D5;D6;D7;D8";Alta Floresta | Carlinda | Itaúba | Nova Canaã do Norte | Sinop;;5;5;0.1.0-metodologica;2026-07-30T09:54:46-04:00
8042;FAZ. CEOLATTO;Sorriso;MT - Secretaria de Estado do Meio Ambiente - SEMA;Irrigação;Baixo;Não se Aplica;4449358;7;Verde;Verde;0,380;insuficiente;18,4;1;1;5;0;não avaliado;;R06;"A6;B2;B3;B4;B5;B6;C2;C3;C4;C5;C6;C7;D1;D2;D3;D4;D5;D6;D7;D8";Alta Floresta | Carlinda | Itaúba | Nova Canaã do Norte | Sinop | Vera;;6;6;0.1.0-metodologica;2026-07-30T09:54:46-04:00
295;FAZENDA CAROL I, II e III - Barragem II;Sorriso;MT - Secretaria de Estado do Meio Ambiente - SEMA;Irrigação;Baixo;Médio;4448316;10;Amarelo;Verde;0,420;parcial;23,8;2;3;5;0;não avaliado;;"R06;R10;R11";"B2;B3;B4;B5;B6;C2;C3;C4;C5;C6;C7;D1;D2;D3;D4;D5;D6;D7;D8";Alta Floresta | Carlinda | Ipiranga do Norte | Itaúba | Nova Canaã do Norte | Sinop;;6;6;0.1.0-metodologica;2026-07-30T09:54:46-04:00
20032;FAZENDA CASCATA;Sorriso;MT - Secretaria de Estado do Meio Ambiente - SEMA;Irrigação;Não Classificado;Não Classificado;4449344;8;Verde;Verde;0,380;insuficiente;21,1;1;2;5;0;não avaliado;;R06;"A6;B2;B3;B4;B5;B6;C2;C3;C4;C5;C6;C7;D1;D2;D3;D4;D5;D6;D7;D8";Alta Floresta | Carlinda | Itaúba | Nova Canaã do Norte | Sinop | Vera;;6;6;0.1.0-metodologica;2026-07-30T09:54:46-04:00
20035;FAZENDA JABORANDI;Sorriso;MT - Secretaria de Estado do Meio Ambiente - SEMA;Irrigação;Não Classificado;Não Classificado;44483332;9;Amarelo;Verde;0,420;parcial;21,4;2;2;5;0;não avaliado;;"R06;R10;R11";"B2;B3;B4;B5;B6;C2;C3;C4;C5;C6;C7;D1;D2;D3;D4;D5;D6;D7;D8";Alta Floresta | Carlinda | Ipiranga do Norte | Itaúba | Nova Canaã do Norte | Sinop | Sorriso;;7;6;0.1.0-metodologica;2026-07-30T09:54:46-04:00
294;FAZENDA LUIZ EDUARDO I e II;Sorriso;MT - Secretaria de Estado do Meio Ambiente - SEMA;Irrigação;Baixo;Não se Aplica;44483182;8;Amarelo;Verde;0,420;parcial;19,0;2;1;5;0;não avaliado;;"R06;R10;R11";"B2;B3;B4;B5;B6;C2;C3;C4;C5;C6;C7;D1;D2;D3;D4;D5;D6;D7;D8";Alta Floresta | Carlinda | Ipiranga do Norte | Itaúba | Nova Canaã do Norte | Sinop;;6;6;0.1.0-metodologica;2026-07-30T09:54:46-04:00
305;FAZENDA MEU PEDAÇO;Sorriso;MT - Secretaria de Estado do Meio Ambiente - SEMA;Irrigação;Baixo;Baixo;4449192;7;Verde;Verde;0,380;insuficiente;18,4;1;1;5;0;não avaliado;;R06;"A6;B2;B3;B4;B5;B6;C2;C3;C4;C5;C6;C7;D1;D2;D3;D4;D5;D6;D7;D8";Alta Floresta | Carlinda | Itaúba | Nova Canaã do Norte | Sinop;;5;5;0.1.0-metodologica;2026-07-30T09:54:46-04:00
306;FAZENDA POTRICH;Sorriso;MT - Secretaria de Estado do Meio Ambiente - SEMA;Irrigação;Baixo;Médio;4449326;9;Verde;Verde;0,380;insuficiente;23,7;1;3;5;0;não avaliado;;R06;"A6;B2;B3;B4;B5;B6;C2;C3;C4;C5;C6;C7;D1;D2;D3;D4;D5;D6;D7;D8";Alta Floresta | Carlinda | Itaúba | Nova Canaã do Norte | Sinop | Vera;;6;6;0.1.0-metodologica;2026-07-30T09:54:46-04:00
20034;FAZENDA RIO VERDE;Sorriso;Agência Nacional de Energia Elétrica - ANEEL;Irrigação;Alto;Médio;444854;9;Verde;Verde;0,380;insuficiente;23,7;1;3;5;0;não avaliado;;R06;"A6;B2;B3;B4;B5;B6;C2;C3;C4;C5;C6;C7;D1;D2;D3;D4;D5;D6;D7;D8";Alta Floresta | Carlinda | Ipiranga do Norte | Itaúba | Nova Canaã do Norte | Sinop | Sorriso | Tapurah;;8;7;0.1.0-metodologica;2026-07-30T09:54:46-04:00
20214;Faz. Chapadão Verde;Sorriso;MT - Secretaria de Estado do Meio Ambiente - SEMA;Aquicultura;Não Classificado;Não Classificado;4449342;8;Verde;Verde;0,380;insuficiente;21,1;1;2;5;0;não avaliado;;R06;"A6;B2;B3;B4;B5;B6;C2;C3;C4;C5;C6;C7;D1;D2;D3;D4;D5;D6;D7;D8";Alta Floresta | Carlinda | Itaúba | Nova Canaã do Norte | Sinop | Vera;;6;6;0.1.0-metodologica;2026-07-30T09:54:46-04:00
8039;Faz. Paraíso;Sorriso;MT - Secretaria de Estado do Meio Ambiente - SEMA;Irrigação;Baixo;Não se Aplica;4449334;7;Verde;Verde;0,380;insuficiente;18,4;1;1;5;0;não avaliado;;R06;"A6;B2;B3;B4;B5;B6;C2;C3;C4;C5;C6;C7;D1;D2;D3;D4;D5;D6;D7;D8";Alta Floresta | Carlinda | Itaúba | Nova Canaã do Norte | Sinop | Vera;;6;6;0.1.0-metodologica;2026-07-30T09:54:46-04:00
8038;Faz. Pinheiros;Sorriso;MT - Secretaria de Estado do Meio Ambiente - SEMA;Irrigação;Baixo;Não se Aplica;44483332;8;Amarelo;Verde;0,420;parcial;19,0;2;1;5;0;não avaliado;;"R06;R10;R11";"B2;B3;B4;B5;B6;C2;C3;C4;C5;C6;C7;D1;D2;D3;D4;D5;D6;D7;D8";Alta Floresta | Carlinda | Ipiranga do Norte | Itaúba | Nova Canaã do Norte | Sinop | Sorriso;;7;6;0.1.0-metodologica;2026-07-30T09:54:46-04:00
36407;Fazenda Alegria - Reservatório Pulmão  I;Sorriso;MT - Secretaria de Estado do Meio Ambiente - SEMA;Irrigação;Não Classificado;Não Classificado;4449354;8;Verde;Verde;0,380;insuficiente;21,1;1;2;5;0;não avaliado;;R06;"A6;B2;B3;B4;B5;B6;C2;C3;C4;C5;C6;C7;D1;D2;D3;D4;D5;D6;D7;D8";Alta Floresta | Carlinda | Itaúba | Nova Canaã do Norte | Sinop | Vera;;6;6;0.1.0-metodologica;2026-07-30T09:54:46-04:00
335;Fazenda Barreiro;Sorriso;MT - Secretaria de Estado do Meio Ambiente - SEMA;Irrigação;Baixo;Baixo;4448;7;Verde;Verde;0,380;insuficiente;18,4;1;1;5;0;não avaliado;;R06;"A6;B2;B3;B4;B5;B6;C2;C3;C4;C5;C6;C7;D1;D2;D3;D4;D5;D6;D7;D8";Alta Floresta | Carlinda | Itaúba | Nova Canaã do Norte | Sinop;Ipiranga do Norte | Lucas do Rio Verde | Santa Rita do Trivelato | Tapurah;5;5;0.1.0-metodologica;2026-07-30T09:54:46-04:00
36556;Fazenda Cachoeira II;Sorriso;MT - Secretaria de Estado do Meio Ambiente - SEMA;Irrigação;Baixo;Baixo;444936;7;Verde;Verde;0,380;insuficiente;18,4;1;1;5;0;não avaliado;;R06;"A6;B2;B3;B4;B5;B6;C2;C3;C4;C5;C6;C7;D1;D2;D3;D4;D5;D6;D7;D8";Alta Floresta | Carlinda | Itaúba | Nova Canaã do Norte | Sinop | Vera;;6;6;0.1.0-metodologica;2026-07-30T09:54:46-04:00
8046;Fazenda Capixaba;Sorriso;MT - Secretaria de Estado do Meio Ambiente - SEMA;Aquicultura;Médio;Médio;4449376;9;Verde;Verde;0,380;insuficiente;23,7;1;3;5;0;não avaliado;;R06;"A6;B2;B3;B4;B5;B6;C2;C3;C4;C5;C6;C7;D1;D2;D3;D4;D5;D6;D7;D8";Alta Floresta | Carlinda | Itaúba | Nova Canaã do Norte | Sinop | Vera;;6;6;0.1.0-metodologica;2026-07-30T09:54:46-04:00
8053;Fazenda Caravaggio;Sorriso;MT - Secretaria de Estado do Meio Ambiente - SEMA;Irrigação;Baixo;Não se Aplica;4449254;7;Verde;Verde;0,380;insuficiente;18,4;1;1;5;0;não avaliado;;R06;"A6;B2;B3;B4;B5;B6;C2;C3;C4;C5;C6;C7;D1;D2;D3;D4;D5;D6;D7;D8";Alta Floresta | Carlinda | Itaúba | Nova Canaã do Norte | Sinop | Vera;;6;6;0.1.0-metodologica;2026-07-30T09:54:46-04:00
293;Fazenda Carol I, II e III - Barragem I;Sorriso;MT - Secretaria de Estado do Meio Ambiente - SEMA;Irrigação;Baixo;Médio;4448316;10;Amarelo;Verde;0,420;parcial;23,8;2;3;5;0;não avaliado;;"R06;R10;R11";"B2;B3;B4;B5;B6;C2;C3;C4;C5;C6;C7;D1;D2;D3;D4;D5;D6;D7;D8";Alta Floresta | Carlinda | Ipiranga do Norte | Itaúba | Nova Canaã do Norte | Sinop;;6;6;0.1.0-metodologica;2026-07-30T09:54:46-04:00
8040;Fazenda Córrego Grande;Sorriso;MT - Secretaria de Estado do Meio Ambiente - SEMA;Irrigação;Baixo;Não se Aplica;4449348;7;Verde;Verde;0,380;insuficiente;18,4;1;1;5;0;não avaliado;;R06;"A6;B2;B3;B4;B5;B6;C2;C3;C4;C5;C6;C7;D1;D2;D3;D4;D5;D6;D7;D8";Alta Floresta | Carlinda | Itaúba | Nova Canaã do Norte | Sinop | Vera;;6;6;0.1.0-metodologica;2026-07-30T09:54:46-04:00
334;Fazenda Dal Molin V;Sorriso;MT - Secretaria de Estado do Meio Ambiente - SEMA;Irrigação;Baixo;Baixo;444854;7;Verde;Verde;0,380;insuficiente;18,4;1;1;5;0;não avaliado;;R06;"A6;B2;B3;B4;B5;B6;C2;C3;C4;C5;C6;C7;D1;D2;D3;D4;D5;D6;D7;D8";Alta Floresta | Carlinda | Ipiranga do Norte | Itaúba | Nova Canaã do Norte | Sinop | Sorriso | Tapurah;;8;7;0.1.0-metodologica;2026-07-30T09:54:46-04:00
21903;Fazenda Del Mar;Sorriso;MT - Secretaria de Estado do Meio Ambiente - SEMA;Irrigação;Baixo;Não se Aplica;4449344;7;Verde;Verde;0,380;insuficiente;18,4;1;1;5;0;não avaliado;;R06;"A6;B2;B3;B4;B5;B6;C2;C3;C4;C5;C6;C7;D1;D2;D3;D4;D5;D6;D7;D8";Alta Floresta | Carlinda | Itaúba | Nova Canaã do Norte | Sinop | Vera;;6;6;0.1.0-metodologica;2026-07-30T09:54:46-04:00
26229;Fazenda Eduina Teresa;Sorriso;MT - Secretaria de Estado do Meio Ambiente - SEMA;Irrigação;Baixo;Baixo;444812;8;Amarelo;Verde;0,420;parcial;19,0;2;1;5;0;não avaliado;;"R06;R10;R11";"B2;B3;B4;B5;B6;C2;C3;C4;C5;C6;C7;D1;D2;D3;D4;D5;D6;D7;D8";Alta Floresta | Carlinda | Itaúba | Nova Canaã do Norte | Sinop;;5;5;0.1.0-metodologica;2026-07-30T09:54:46-04:00
337;Fazenda Jaborandi;Sorriso;MT - Secretaria de Estado do Meio Ambiente - SEMA;Irrigação;Baixo;Não Classificado;44483332;9;Amarelo;Verde;0,420;parcial;21,4;2;2;5;0;não avaliado;;"R06;R10;R11";"B2;B3;B4;B5;B6;C2;C3;C4;C5;C6;C7;D1;D2;D3;D4;D5;D6;D7;D8";Alta Floresta | Carlinda | Ipiranga do Norte | Itaúba | Nova Canaã do Norte | Sinop | Sorriso;;7;6;0.1.0-metodologica;2026-07-30T09:54:46-04:00
386;Fazenda Macape;Sorriso;MT - Secretaria de Estado do Meio Ambiente - SEMA;Irrigação;Médio;Médio;4449212;12;Verde;Verde;0,510;parcial;23,5;1;3;5;3;não avaliado;;;"A6;B3;B4;B5;B6;C2;C3;C4;C5;C6;C7;D2;D3;D4;D5;D6;D7;D8";Alta Floresta | Carlinda | Itaúba | Nova Canaã do Norte | Sinop | Vera;;6;6;0.1.0-metodologica;2026-07-30T09:54:46-04:00
8049;Fazenda Marauense;Sorriso;MT - Secretaria de Estado do Meio Ambiente - SEMA;Irrigação;Baixo;Alto;444932;11;Verde;Verde;0,380;insuficiente;28,9;1;5;5;0;não avaliado;;R06;"A6;B2;B3;B4;B5;B6;C2;C3;C4;C5;C6;C7;D1;D2;D3;D4;D5;D6;D7;D8";Alta Floresta | Carlinda | Itaúba | Nova Canaã do Norte | Sinop | Vera;;6;6;0.1.0-metodologica;2026-07-30T09:54:46-04:00
8047;Fazenda Poranga II - III;Sorriso;MT - Secretaria de Estado do Meio Ambiente - SEMA;Irrigação;Baixo;Não se Aplica;4449312;7;Verde;Verde;0,380;insuficiente;18,4;1;1;5;0;não avaliado;;R06;"A6;B2;B3;B4;B5;B6;C2;C3;C4;C5;C6;C7;D1;D2;D3;D4;D5;D6;D7;D8";Alta Floresta | Carlinda | Itaúba | Nova Canaã do Norte | Sinop | Vera;;6;6;0.1.0-metodologica;2026-07-30T09:54:46-04:00
20063;Fazenda Possamai;Sorriso;MT - Secretaria de Estado do Meio Ambiente - SEMA;Irrigação;Baixo;Não Classificado;44483392;9;Amarelo;Verde;0,420;parcial;21,4;2;2;5;0;não avaliado;;"R06;R10;R11";"B2;B3;B4;B5;B6;C2;C3;C4;C5;C6;C7;D1;D2;D3;D4;D5;D6;D7;D8";Alta Floresta | Carlinda | Ipiranga do Norte | Itaúba | Nova Canaã do Norte | Sinop | Sorriso;;7;6;0.1.0-metodologica;2026-07-30T09:54:46-04:00
30796;Fazenda Possamai II;Sorriso;MT - Secretaria de Estado do Meio Ambiente - SEMA;Irrigação;Baixo;Médio;44483392;10;Amarelo;Verde;0,420;parcial;23,8;2;3;5;0;não avaliado;;"R06;R10;R11";"B2;B3;B4;B5;B6;C2;C3;C4;C5;C6;C7;D1;D2;D3;D4;D5;D6;D7;D8";Alta Floresta | Carlinda | Ipiranga do Norte | Itaúba | Nova Canaã do Norte | Sinop | Sorriso;;7;6;0.1.0-metodologica;2026-07-30T09:54:46-04:00
8051;Fazenda Potrich;Sorriso;MT - Secretaria de Estado do Meio Ambiente - SEMA;Irrigação;Baixo;Não se Aplica;4449326;7;Verde;Verde;0,380;insuficiente;18,4;1;1;5;0;não avaliado;;R06;"A6;B2;B3;B4;B5;B6;C2;C3;C4;C5;C6;C7;D1;D2;D3;D4;D5;D6;D7;D8";Alta Floresta | Carlinda | Itaúba | Nova Canaã do Norte | Sinop | Vera;;6;6;0.1.0-metodologica;2026-07-30T09:54:46-04:00
36512;Fazenda Potrich II, IV e V;Sorriso;MT - Secretaria de Estado do Meio Ambiente - SEMA;Paisagismo;Baixo;Médio;4449326;9;Verde;Verde;0,380;insuficiente;23,7;1;3;5;0;não avaliado;;R06;"A6;B2;B3;B4;B5;B6;C2;C3;C4;C5;C6;C7;D1;D2;D3;D4;D5;D6;D7;D8";Alta Floresta | Carlinda | Itaúba | Nova Canaã do Norte | Sinop | Vera;;6;6;0.1.0-metodologica;2026-07-30T09:54:46-04:00
8048;Fazenda Recanto II e III;Sorriso;MT - Secretaria de Estado do Meio Ambiente - SEMA;Irrigação;Baixo;Não se Aplica;44493222;7;Verde;Verde;0,380;insuficiente;18,4;1;1;5;0;não avaliado;;R06;"A6;B2;B3;B4;B5;B6;C2;C3;C4;C5;C6;C7;D1;D2;D3;D4;D5;D6;D7;D8";Alta Floresta | Carlinda | Itaúba | Nova Canaã do Norte | Sinop | Vera;;6;6;0.1.0-metodologica;2026-07-30T09:54:46-04:00
8052;Fazenda Reolon;Sorriso;MT - Secretaria de Estado do Meio Ambiente - SEMA;Irrigação;Baixo;Não se Aplica;4449362;7;Verde;Verde;0,380;insuficiente;18,4;1;1;5;0;não avaliado;;R06;"A6;B2;B3;B4;B5;B6;C2;C3;C4;C5;C6;C7;D1;D2;D3;D4;D5;D6;D7;D8";Alta Floresta | Carlinda | Itaúba | Nova Canaã do Norte | Sinop | Vera;;6;6;0.1.0-metodologica;2026-07-30T09:54:46-04:00
5786;Fazenda Rio Verde III ? Barramento 3;Sorriso;MT - Secretaria de Estado do Meio Ambiente - SEMA;Irrigação;Médio;Alto;444854;11;Verde;Verde;0,380;insuficiente;28,9;1;5;5;0;não avaliado;;R06;"A6;B2;B3;B4;B5;B6;C2;C3;C4;C5;C6;C7;D1;D2;D3;D4;D5;D6;D7;D8";Alta Floresta | Carlinda | Ipiranga do Norte | Itaúba | Nova Canaã do Norte | Sinop | Sorriso | Tapurah;;8;7;0.1.0-metodologica;2026-07-30T09:54:46-04:00
36540;Fazenda Rubin II;Sorriso;MT - Secretaria de Estado do Meio Ambiente - SEMA;Irrigação;Baixo;Médio;444832;10;Amarelo;Verde;0,420;parcial;23,8;2;3;5;0;não avaliado;;"R06;R10;R11";"B2;B3;B4;B5;B6;C2;C3;C4;C5;C6;C7;D1;D2;D3;D4;D5;D6;D7;D8";Alta Floresta | Carlinda | Ipiranga do Norte | Itaúba | Nova Canaã do Norte | Sinop | Sorriso;;7;6;0.1.0-metodologica;2026-07-30T09:54:46-04:00
36525;Fazenda Santa Rita de Cássia;Sorriso;MT - Secretaria de Estado do Meio Ambiente - SEMA;Irrigação;Baixo;Médio;44492;9;Verde;Verde;0,380;insuficiente;23,7;1;3;5;0;não avaliado;;R06;"A6;B2;B3;B4;B5;B6;C2;C3;C4;C5;C6;C7;D1;D2;D3;D4;D5;D6;D7;D8";Alta Floresta | Carlinda | Itaúba | Nova Canaã do Norte | Sinop | Vera;;6;6;0.1.0-metodologica;2026-07-30T09:54:46-04:00
20059;Fazenda Santa Rosa;Sorriso;MT - Secretaria de Estado do Meio Ambiente - SEMA;Irrigação;Baixo;Não Classificado;4449358;8;Verde;Verde;0,380;insuficiente;21,1;1;2;5;0;não avaliado;;R06;"A6;B2;B3;B4;B5;B6;C2;C3;C4;C5;C6;C7;D1;D2;D3;D4;D5;D6;D7;D8";Alta Floresta | Carlinda | Itaúba | Nova Canaã do Norte | Sinop | Vera;;6;6;0.1.0-metodologica;2026-07-30T09:54:46-04:00
5780;Fazenda Santo Antonio I;Sorriso;MT - Secretaria de Estado do Meio Ambiente - SEMA;Aquicultura;Não Classificado;Não Classificado;444934;8;Verde;Verde;0,380;insuficiente;21,1;1;2;5;0;não avaliado;;R06;"A6;B2;B3;B4;B5;B6;C2;C3;C4;C5;C6;C7;D1;D2;D3;D4;D5;D6;D7;D8";Alta Floresta | Carlinda | Itaúba | Nova Canaã do Norte | Sinop | Vera;;6;6;0.1.0-metodologica;2026-07-30T09:54:46-04:00
19993;Fazenda Santo Antônio II;Sorriso;MT - Secretaria de Estado do Meio Ambiente - SEMA;Irrigação;Baixo;Médio;4449344;9;Verde;Verde;0,380;insuficiente;23,7;1;3;5;0;não avaliado;;R06;"A6;B2;B3;B4;B5;B6;C2;C3;C4;C5;C6;C7;D1;D2;D3;D4;D5;D6;D7;D8";Alta Floresta | Carlinda | Itaúba | Nova Canaã do Norte | Sinop | Vera;;6;6;0.1.0-metodologica;2026-07-30T09:54:46-04:00
5797;Fazenda Santo Rosseto;Sorriso;MT - Secretaria de Estado do Meio Ambiente - SEMA;Aquicultura;Não Classificado;Não Classificado;44493584;8;Verde;Verde;0,380;insuficiente;21,1;1;2;5;0;não avaliado;;R06;"A6;B2;B3;B4;B5;B6;C2;C3;C4;C5;C6;C7;D1;D2;D3;D4;D5;D6;D7;D8";Alta Floresta | Carlinda | Itaúba | Nova Canaã do Norte | Sinop | Vera;;6;6;0.1.0-metodologica;2026-07-30T09:54:46-04:00
8055;Fazenda Sempre Verde;Sorriso;MT - Secretaria de Estado do Meio Ambiente - SEMA;Irrigação;Baixo;Não se Aplica;4449258;7;Verde;Verde;0,380;insuficiente;18,4;1;1;5;0;não avaliado;;R06;"A6;B2;B3;B4;B5;B6;C2;C3;C4;C5;C6;C7;D1;D2;D3;D4;D5;D6;D7;D8";Alta Floresta | Carlinda | Itaúba | Nova Canaã do Norte | Sinop | Vera;;6;6;0.1.0-metodologica;2026-07-30T09:54:46-04:00
19997;Fazenda São Filipe;Sorriso;MT - Secretaria de Estado do Meio Ambiente - SEMA;Irrigação;Baixo;Médio;4449354;9;Verde;Verde;0,380;insuficiente;23,7;1;3;5;0;não avaliado;;R06;"A6;B2;B3;B4;B5;B6;C2;C3;C4;C5;C6;C7;D1;D2;D3;D4;D5;D6;D7;D8";Alta Floresta | Carlinda | Itaúba | Nova Canaã do Norte | Sinop | Vera;;6;6;0.1.0-metodologica;2026-07-30T09:54:46-04:00
20072;Fazenda São Jose;Sorriso;MT - Secretaria de Estado do Meio Ambiente - SEMA;Irrigação;Baixo;Alto;4449342;11;Verde;Verde;0,380;insuficiente;28,9;1;5;5;0;não avaliado;;R06;"A6;B2;B3;B4;B5;B6;C2;C3;C4;C5;C6;C7;D1;D2;D3;D4;D5;D6;D7;D8";Alta Floresta | Carlinda | Itaúba | Nova Canaã do Norte | Sinop | Vera;;6;6;0.1.0-metodologica;2026-07-30T09:54:46-04:00
332;Fazenda São Martinho XII - 2;Sorriso;MT - Secretaria de Estado do Meio Ambiente - SEMA;Irrigação;Médio;Alto;4448322;12;Amarelo;Verde;0,420;parcial;28,6;2;5;5;0;não avaliado;;"R06;R10;R11";"B2;B3;B4;B5;B6;C2;C3;C4;C5;C6;C7;D1;D2;D3;D4;D5;D6;D7;D8";Alta Floresta | Carlinda | Ipiranga do Norte | Itaúba | Nova Canaã do Norte | Sinop | Sorriso;;7;6;0.1.0-metodologica;2026-07-30T09:54:46-04:00
363;Fazenda São Roque II;Sorriso;MT - Secretaria de Estado do Meio Ambiente - SEMA;Irrigação;Baixo;Médio;4449344;9;Verde;Verde;0,380;insuficiente;23,7;1;3;5;0;não avaliado;;R06;"A6;B2;B3;B4;B5;B6;C2;C3;C4;C5;C6;C7;D1;D2;D3;D4;D5;D6;D7;D8";Alta Floresta | Carlinda | Itaúba | Nova Canaã do Norte | Sinop | Vera;;6;6;0.1.0-metodologica;2026-07-30T09:54:46-04:00
36521;Fazenda Toca da Onça ? Barramento 01;Sorriso;MT - Secretaria de Estado do Meio Ambiente - SEMA;Paisagismo;Baixo;Médio;4449372;9;Verde;Verde;0,380;insuficiente;23,7;1;3;5;0;não avaliado;;R06;"A6;B2;B3;B4;B5;B6;C2;C3;C4;C5;C6;C7;D1;D2;D3;D4;D5;D6;D7;D8";Alta Floresta | Carlinda | Itaúba | Nova Canaã do Norte | Sinop | Vera;;6;6;0.1.0-metodologica;2026-07-30T09:54:46-04:00
30856;Fazenda Tropeiro Velho;Sorriso;MT - Secretaria de Estado do Meio Ambiente - SEMA;Irrigação;Médio;Não Classificado;4449354;8;Verde;Verde;0,380;insuficiente;21,1;1;2;5;0;não avaliado;;R06;"A6;B2;B3;B4;B5;B6;C2;C3;C4;C5;C6;C7;D1;D2;D3;D4;D5;D6;D7;D8";Alta Floresta | Carlinda | Itaúba | Nova Canaã do Norte | Sinop | Vera;;6;6;0.1.0-metodologica;2026-07-30T09:54:46-04:00
20066;Fazenda Vitoria;Sorriso;MT - Secretaria de Estado do Meio Ambiente - SEMA;Irrigação;Baixo;Baixo;44483162;8;Amarelo;Verde;0,420;parcial;19,0;2;1;5;0;não avaliado;;"R06;R10;R11";"B2;B3;B4;B5;B6;C2;C3;C4;C5;C6;C7;D1;D2;D3;D4;D5;D6;D7;D8";Alta Floresta | Carlinda | Ipiranga do Norte | Itaúba | Nova Canaã do Norte | Sinop | Sorriso;;7;6;0.1.0-metodologica;2026-07-30T09:54:46-04:00
307;Fazenda Vitória;Sorriso;MT - Secretaria de Estado do Meio Ambiente - SEMA;Irrigação;Não Classificado;Não Classificado;4448316;9;Amarelo;Verde;0,420;parcial;21,4;2;2;5;0;não avaliado;;"R06;R10;R11";"B2;B3;B4;B5;B6;C2;C3;C4;C5;C6;C7;D1;D2;D3;D4;D5;D6;D7;D8";Alta Floresta | Carlinda | Ipiranga do Norte | Itaúba | Nova Canaã do Norte | Sinop;;6;6;0.1.0-metodologica;2026-07-30T09:54:46-04:00
20058;Fazenda Água Azul;Sorriso;MT - Secretaria de Estado do Meio Ambiente - SEMA;Irrigação;Baixo;Não Classificado;444926;8;Verde;Verde;0,380;insuficiente;21,1;1;2;5;0;não avaliado;;R06;"A6;B2;B3;B4;B5;B6;C2;C3;C4;C5;C6;C7;D1;D2;D3;D4;D5;D6;D7;D8";Alta Floresta | Carlinda | Itaúba | Nova Canaã do Norte | Sinop | Vera;;6;6;0.1.0-metodologica;2026-07-30T09:54:46-04:00
20057;Fazenda Água Branca;Sorriso;MT - Secretaria de Estado do Meio Ambiente - SEMA;Irrigação;Baixo;Não Classificado;4448574;8;Verde;Verde;0,380;insuficiente;21,1;1;2;5;0;não avaliado;;R06;"A6;B2;B3;B4;B5;B6;C2;C3;C4;C5;C6;C7;D1;D2;D3;D4;D5;D6;D7;D8";Alta Floresta | Carlinda | Ipiranga do Norte | Itaúba | Nova Canaã do Norte | Sinop | Sorriso | Tapurah;;8;7;0.1.0-metodologica;2026-07-30T09:54:46-04:00
5038;PCH Canoa Quebrada - 1;Sorriso;Agência Nacional de Energia Elétrica - ANEEL;Hidroelétrica;Médio;Baixo;4448;8;Verde;Verde;0,410;parcial;19,5;1;1;5;1;não avaliado;;R06;"A6;B2;B3;B4;B5;B6;C2;C3;C4;C5;C6;C7;D2;D3;D4;D5;D6;D7;D8";Alta Floresta | Carlinda | Itaúba | Nova Canaã do Norte | Sinop;Ipiranga do Norte | Lucas do Rio Verde | Santa Rita do Trivelato | Tapurah;5;5;0.1.0-metodologica;2026-07-30T09:54:46-04:00
34181;PCH Foz do Cedro (Antiga A1E8) - 1;Sorriso;Agência Nacional de Energia Elétrica - ANEEL;Hidroelétrica;Baixo;Baixo;4448;7;Verde;Verde;0,380;insuficiente;18,4;1;1;5;0;não avaliado;;R06;"A6;B2;B3;B4;B5;B6;C2;C3;C4;C5;C6;C7;D1;D2;D3;D4;D5;D6;D7;D8";Alta Floresta | Carlinda | Itaúba | Nova Canaã do Norte | Sinop;Ipiranga do Norte | Lucas do Rio Verde | Santa Rita do Trivelato | Tapurah;5;5;0.1.0-metodologica;2026-07-30T09:54:46-04:00
36535;PRODULIRA;Sorriso;MT - Secretaria de Estado do Meio Ambiente - SEMA;Aquicultura;Baixo;Médio;4449312;9;Verde;Verde;0,380;insuficiente;23,7;1;3;5;0;não avaliado;;R06;"A6;B2;B3;B4;B5;B6;C2;C3;C4;C5;C6;C7;D1;D2;D3;D4;D5;D6;D7;D8";Alta Floresta | Carlinda | Itaúba | Nova Canaã do Norte | Sinop | Vera;;6;6;0.1.0-metodologica;2026-07-30T09:54:46-04:00
34713;Rancho Queixo Duro I;Sorriso;MT - Secretaria de Estado do Meio Ambiente - SEMA;Paisagismo;Baixo;Médio;444;4;Verde;Verde;0,330;insuficiente;12,1;1;3;0;0;não avaliado;;R06;"A6;B2;B3;B4;B5;B6;C1;C2;C3;C4;C5;C6;C7;D1;D2;D3;D4;D5;D6;D7;D8";;Alta Floresta | Carlinda | Ipiranga do Norte | Itaúba | Lucas do Rio Verde | Nova Canaã do Norte | Nova Santa Helena | Paranaíta | Santa Rita do Trivelato | Sinop | Tapurah | Terra Nova do Norte | Vera;0;0;0.1.0-metodologica;2026-07-30T09:54:46-04:00
36566;Reservatório Artificial - Fazenda Nossa Senhora Aparecida;Sorriso;MT - Secretaria de Estado do Meio Ambiente - SEMA;Irrigação;Baixo;Baixo;4449354;7;Verde;Verde;0,380;insuficiente;18,4;1;1;5;0;não avaliado;;R06;"A6;B2;B3;B4;B5;B6;C2;C3;C4;C5;C6;C7;D1;D2;D3;D4;D5;D6;D7;D8";Alta Floresta | Carlinda | Itaúba | Nova Canaã do Norte | Sinop | Vera;;6;6;0.1.0-metodologica;2026-07-30T09:54:46-04:00
36567;Reservatório artificial ? Fazenda São Miguel I;Sorriso;MT - Secretaria de Estado do Meio Ambiente - SEMA;Irrigação;Baixo;Baixo;444928;7;Verde;Verde;0,380;insuficiente;18,4;1;1;5;0;não avaliado;;R06;"A6;B2;B3;B4;B5;B6;C2;C3;C4;C5;C6;C7;D1;D2;D3;D4;D5;D6;D7;D8";Alta Floresta | Carlinda | Itaúba | Nova Canaã do Norte | Sinop | Vera;;6;6;0.1.0-metodologica;2026-07-30T09:54:46-04:00
20152;Ribeirão Sossego;Sorriso;MT - Secretaria de Estado do Meio Ambiente - SEMA;Aquicultura;Baixo;Não se Aplica;4449312;7;Verde;Verde;0,380;insuficiente;18,4;1;1;5;0;não avaliado;;R06;"A6;B2;B3;B4;B5;B6;C2;C3;C4;C5;C6;C7;D1;D2;D3;D4;D5;D6;D7;D8";Alta Floresta | Carlinda | Itaúba | Nova Canaã do Norte | Sinop | Vera;;6;6;0.1.0-metodologica;2026-07-30T09:54:46-04:00
27570;BR ÁGUIA DO SOL;Santo Antônio de Leverger;Agência Nacional de Mineração - ANM;Contenção de rejeitos de mineração;Baixo;Baixo;89656;10;Amarelo;Verde;0,520;parcial;19,2;4;4;2;0;não avaliado;;"R10;R11";"B4;B5;B6;C1;C2;C3;C4;C5;C6;C7;D1;D2;D3;D4;D5;D6;D7;D8";;;0;0;0.1.0-metodologica;2026-07-30T09:54:46-04:00
37415;Sítio São Vicente;Sorriso;MT - Secretaria de Estado do Meio Ambiente - SEMA;Irrigação;Baixo;Médio;444832;10;Amarelo;Verde;0,420;parcial;23,8;2;3;5;0;não avaliado;;"R06;R10;R11";"B2;B3;B4;B5;B6;C2;C3;C4;C5;C6;C7;D1;D2;D3;D4;D5;D6;D7;D8";Alta Floresta | Carlinda | Ipiranga do Norte | Itaúba | Nova Canaã do Norte | Sinop | Sorriso;;7;6;0.1.0-metodologica;2026-07-30T09:54:46-04:00
26334;Associação dos Trabalhadores Rurais do Projeto de Assentamento Mãe Maria Núcleo Imbu e Vizinhos - ITOG;São Félix do Araguaia;MT - Secretaria de Estado do Meio Ambiente - SEMA;Aquicultura;Não Classificado;Não Classificado;678244;3;Verde;Verde;0,330;insuficiente;9,1;1;2;0;0;não avaliado;;R06;"A6;B2;B3;B4;B5;B6;C1;C2;C3;C4;C5;C6;C7;D1;D2;D3;D4;D5;D6;D7;D8";;;0;0;0.1.0-metodologica;2026-07-30T09:54:46-04:00
33352;Barragem 01 – Fazenda Esplanada;São Félix do Araguaia;MT - Secretaria de Estado do Meio Ambiente - SEMA;Irrigação;Baixo;Não Classificado;4254942;8;Verde;Verde;0,380;insuficiente;21,1;1;2;5;0;não avaliado;;R06;"A6;B2;B3;B4;B5;B6;C2;C3;C4;C5;C6;C7;D1;D2;D3;D4;D5;D6;D7;D8";São Félix do Araguaia;;1;0;0.1.0-metodologica;2026-07-30T09:54:46-04:00
33384;Barragem 02 – Fazenda Esplanada;São Félix do Araguaia;MT - Secretaria de Estado do Meio Ambiente - SEMA;Irrigação;Baixo;Não Classificado;4254942;8;Verde;Verde;0,380;insuficiente;21,1;1;2;5;0;não avaliado;;R06;"A6;B2;B3;B4;B5;B6;C2;C3;C4;C5;C6;C7;D1;D2;D3;D4;D5;D6;D7;D8";São Félix do Araguaia;;1;0;0.1.0-metodologica;2026-07-30T09:54:46-04:00
35485;Barragem IV;São Félix do Araguaia;MT - Secretaria de Estado do Meio Ambiente - SEMA;Aquicultura;Médio;Médio;681446;8;Verde;Verde;0,380;insuficiente;21,1;1;3;4;0;não avaliado;;R06;"A6;B2;B3;B4;B5;B6;C2;C3;C4;C5;C6;C7;D1;D2;D3;D4;D5;D6;D7;D8";Serra Nova Dourada;;1;1;0.1.0-metodologica;2026-07-30T09:54:46-04:00
35179;Barramento 2 MONTANTE - Fazenda São Luiz;São Félix do Araguaia;MT - Secretaria de Estado do Meio Ambiente - SEMA;Paisagismo;Baixo;Médio;4258;4;Verde;Verde;0,330;insuficiente;12,1;1;3;0;0;não avaliado;;R06;"A6;B2;B3;B4;B5;B6;C1;C2;C3;C4;C5;C6;C7;D1;D2;D3;D4;D5;D6;D7;D8";;;0;0;0.1.0-metodologica;2026-07-30T09:54:46-04:00
31360;Barramento I - Rio Fontoura Agropecuária;São Félix do Araguaia;MT - Secretaria de Estado do Meio Ambiente - SEMA;Irrigação;Baixo;Médio;427272;4;Verde;Verde;0,330;insuficiente;12,1;1;3;0;0;não avaliado;;R06;"A6;B2;B3;B4;B5;B6;C1;C2;C3;C4;C5;C6;C7;D1;D2;D3;D4;D5;D6;D7;D8";;;0;0;0.1.0-metodologica;2026-07-30T09:54:46-04:00
36493;Barramento II Fazenda Espigão do Leste;São Félix do Araguaia;MT - Secretaria de Estado do Meio Ambiente - SEMA;Recreação;Baixo;Médio;4272744;4;Verde;Verde;0,330;insuficiente;12,1;1;3;0;0;não avaliado;;R06;"A6;B2;B3;B4;B5;B6;C1;C2;C3;C4;C5;C6;C7;D1;D2;D3;D4;D5;D6;D7;D8";;;0;0;0.1.0-metodologica;2026-07-30T09:54:46-04:00
8197;Faz. Produtiva;São Félix do Araguaia;MT - Secretaria de Estado do Meio Ambiente - SEMA;Aquicultura;Baixo;Não se Aplica;681446;6;Verde;Verde;0,380;insuficiente;15,8;1;1;4;0;não avaliado;;R06;"A6;B2;B3;B4;B5;B6;C2;C3;C4;C5;C6;C7;D1;D2;D3;D4;D5;D6;D7;D8";Serra Nova Dourada;;1;1;0.1.0-metodologica;2026-07-30T09:54:46-04:00
36523;Fazenda Espigão do Leste ? Barragem I;São Félix do Araguaia;MT - Secretaria de Estado do Meio Ambiente - SEMA;Recreação;Baixo;Médio;4272744;4;Verde;Verde;0,330;insuficiente;12,1;1;3;0;0;não avaliado;;R06;"A6;B2;B3;B4;B5;B6;C1;C2;C3;C4;C5;C6;C7;D1;D2;D3;D4;D5;D6;D7;D8";;;0;0;0.1.0-metodologica;2026-07-30T09:54:46-04:00
36492;Fazenda Espigão do Leste ? Barramento I;São Félix do Araguaia;MT - Secretaria de Estado do Meio Ambiente - SEMA;Recreação;Baixo;Médio;4272744;4;Verde;Verde;0,330;insuficiente;12,1;1;3;0;0;não avaliado;;R06;"A6;B2;B3;B4;B5;B6;C1;C2;C3;C4;C5;C6;C7;D1;D2;D3;D4;D5;D6;D7;D8";;;0;0;0.1.0-metodologica;2026-07-30T09:54:46-04:00
36524;Fazenda Espigão do Leste – Barragem II;São Félix do Araguaia;MT - Secretaria de Estado do Meio Ambiente - SEMA;Recreação;Baixo;Médio;4272744;4;Verde;Verde;0,330;insuficiente;12,1;1;3;0;0;não avaliado;;R06;"A6;B2;B3;B4;B5;B6;C1;C2;C3;C4;C5;C6;C7;D1;D2;D3;D4;D5;D6;D7;D8";;;0;0;0.1.0-metodologica;2026-07-30T09:54:46-04:00
36645;Fazenda Laualo (Morada Nova) - Barramento 2;São Félix do Araguaia;MT - Secretaria de Estado do Meio Ambiente - SEMA;Irrigação;Baixo;Baixo;4254976;2;Verde;Verde;0,330;insuficiente;6,1;1;1;0;0;não avaliado;;R06;"A6;B2;B3;B4;B5;B6;C1;C2;C3;C4;C5;C6;C7;D1;D2;D3;D4;D5;D6;D7;D8";;;0;0;0.1.0-metodologica;2026-07-30T09:54:46-04:00
35171;Fazenda São Luiz - Barramento 1 - Principal;São Félix do Araguaia;MT - Secretaria de Estado do Meio Ambiente - SEMA;Paisagismo;Baixo;Médio;4258;4;Verde;Verde;0,330;insuficiente;12,1;1;3;0;0;não avaliado;;R06;"A6;B2;B3;B4;B5;B6;C1;C2;C3;C4;C5;C6;C7;D1;D2;D3;D4;D5;D6;D7;D8";;;0;0;0.1.0-metodologica;2026-07-30T09:54:46-04:00
35178;Fazenda São Luiz - Barramento 1 Principal;São Félix do Araguaia;MT - Secretaria de Estado do Meio Ambiente - SEMA;Paisagismo;Baixo;Médio;4258;4;Verde;Verde;0,330;insuficiente;12,1;1;3;0;0;não avaliado;;R06;"A6;B2;B3;B4;B5;B6;C1;C2;C3;C4;C5;C6;C7;D1;D2;D3;D4;D5;D6;D7;D8";;;0;0;0.1.0-metodologica;2026-07-30T09:54:46-04:00
22490;Massa d'Água #137748;São Félix do Araguaia;Agência Nacional de Águas e Saneamento Básico - ANA;Irrigação;Não Classificado;Não Classificado;4254;3;Verde;Verde;0,330;insuficiente;9,1;1;2;0;0;não avaliado;;R06;"A6;B2;B3;B4;B5;B6;C1;C2;C3;C4;C5;C6;C7;D1;D2;D3;D4;D5;D6;D7;D8";;Alto Boa Vista | Santa Cruz do Xingu | São José do Xingu | Vila Rica;0;0;0.1.0-metodologica;2026-07-30T09:54:46-04:00
22511;Massa d'Água #142297;São Félix do Araguaia;Agência Nacional de Águas e Saneamento Básico - ANA;Irrigação;Não Classificado;Não Classificado;4254;3;Verde;Verde;0,330;insuficiente;9,1;1;2;0;0;não avaliado;;R06;"A6;B2;B3;B4;B5;B6;C1;C2;C3;C4;C5;C6;C7;D1;D2;D3;D4;D5;D6;D7;D8";;Alto Boa Vista | Santa Cruz do Xingu | São José do Xingu | Vila Rica;0;0;0.1.0-metodologica;2026-07-30T09:54:46-04:00
22532;Massa d'Água #147210;São Félix do Araguaia;Agência Nacional de Águas e Saneamento Básico - ANA;Irrigação;Não Classificado;Não Classificado;67862;8;Verde;Verde;0,380;insuficiente;21,1;1;2;5;0;não avaliado;;R06;"A6;B2;B3;B4;B5;B6;C2;C3;C4;C5;C6;C7;D1;D2;D3;D4;D5;D6;D7;D8";Santa Terezinha;;1;1;0.1.0-metodologica;2026-07-30T09:54:46-04:00
22540;Massa d'Água #149722;São Félix do Araguaia;Agência Nacional de Águas e Saneamento Básico - ANA;Irrigação;Não Classificado;Não Classificado;4254;3;Verde;Verde;0,330;insuficiente;9,1;1;2;0;0;não avaliado;;R06;"A6;B2;B3;B4;B5;B6;C1;C2;C3;C4;C5;C6;C7;D1;D2;D3;D4;D5;D6;D7;D8";;Alto Boa Vista | Santa Cruz do Xingu | São José do Xingu | Vila Rica;0;0;0.1.0-metodologica;2026-07-30T09:54:46-04:00
22569;Massa d'Água #153877;São Félix do Araguaia;Agência Nacional de Águas e Saneamento Básico - ANA;Irrigação;Não Classificado;Não Classificado;4254;3;Verde;Verde;0,330;insuficiente;9,1;1;2;0;0;não avaliado;;R06;"A6;B2;B3;B4;B5;B6;C1;C2;C3;C4;C5;C6;C7;D1;D2;D3;D4;D5;D6;D7;D8";;Alto Boa Vista | Santa Cruz do Xingu | São José do Xingu | Vila Rica;0;0;0.1.0-metodologica;2026-07-30T09:54:46-04:00
22570;Massa d'Água #154055;São Félix do Araguaia;Agência Nacional de Águas e Saneamento Básico - ANA;Irrigação;Não Classificado;Não Classificado;67842;8;Verde;Verde;0,380;insuficiente;21,1;1;2;5;0;não avaliado;;R06;"A6;B2;B3;B4;B5;B6;C2;C3;C4;C5;C6;C7;D1;D2;D3;D4;D5;D6;D7;D8";Santa Terezinha;;1;1;0.1.0-metodologica;2026-07-30T09:54:46-04:00
22619;Massa d'Água #161814;São Félix do Araguaia;Agência Nacional de Águas e Saneamento Básico - ANA;Irrigação;Não Classificado;Não Classificado;67862;8;Verde;Verde;0,380;insuficiente;21,1;1;2;5;0;não avaliado;;R06;"A6;B2;B3;B4;B5;B6;C2;C3;C4;C5;C6;C7;D1;D2;D3;D4;D5;D6;D7;D8";Santa Terezinha;;1;1;0.1.0-metodologica;2026-07-30T09:54:46-04:00
22624;Massa d'Água #163699;São Félix do Araguaia;Agência Nacional de Águas e Saneamento Básico - ANA;Irrigação;Não Classificado;Não Classificado;4254;3;Verde;Verde;0,330;insuficiente;9,1;1;2;0;0;não avaliado;;R06;"A6;B2;B3;B4;B5;B6;C1;C2;C3;C4;C5;C6;C7;D1;D2;D3;D4;D5;D6;D7;D8";;Alto Boa Vista | Santa Cruz do Xingu | São José do Xingu | Vila Rica;0;0;0.1.0-metodologica;2026-07-30T09:54:46-04:00
23398;Massa d'Água #172607;São Félix do Araguaia;Agência Nacional de Águas e Saneamento Básico - ANA;Irrigação;Não Classificado;Não Classificado;4254;3;Verde;Verde;0,330;insuficiente;9,1;1;2;0;0;não avaliado;;R06;"A6;B2;B3;B4;B5;B6;C1;C2;C3;C4;C5;C6;C7;D1;D2;D3;D4;D5;D6;D7;D8";;Alto Boa Vista | Santa Cruz do Xingu | São José do Xingu | Vila Rica;0;0;0.1.0-metodologica;2026-07-30T09:54:46-04:00
23401;Massa d'Água #174258;São Félix do Araguaia;Agência Nacional de Águas e Saneamento Básico - ANA;Irrigação;Não Classificado;Não Classificado;4254;3;Verde;Verde;0,330;insuficiente;9,1;1;2;0;0;não avaliado;;R06;"A6;B2;B3;B4;B5;B6;C1;C2;C3;C4;C5;C6;C7;D1;D2;D3;D4;D5;D6;D7;D8";;Alto Boa Vista | Santa Cruz do Xingu | São José do Xingu | Vila Rica;0;0;0.1.0-metodologica;2026-07-30T09:54:46-04:00
23498;Massa d'Água #182958;São Félix do Araguaia;Agência Nacional de Águas e Saneamento Básico - ANA;Irrigação;Não Classificado;Não Classificado;4254;3;Verde;Verde;0,330;insuficiente;9,1;1;2;0;0;não avaliado;;R06;"A6;B2;B3;B4;B5;B6;C1;C2;C3;C4;C5;C6;C7;D1;D2;D3;D4;D5;D6;D7;D8";;Alto Boa Vista | Santa Cruz do Xingu | São José do Xingu | Vila Rica;0;0;0.1.0-metodologica;2026-07-30T09:54:46-04:00
23592;Massa d'Água #197494;São Félix do Araguaia;Agência Nacional de Águas e Saneamento Básico - ANA;Irrigação;Não Classificado;Não Classificado;425498;8;Verde;Verde;0,380;insuficiente;21,1;1;2;5;0;não avaliado;;R06;"A6;B2;B3;B4;B5;B6;C2;C3;C4;C5;C6;C7;D1;D2;D3;D4;D5;D6;D7;D8";Alto Boa Vista;;1;1;0.1.0-metodologica;2026-07-30T09:54:46-04:00
23642;Massa d'Água #204819;São Félix do Araguaia;Agência Nacional de Águas e Saneamento Básico - ANA;Irrigação;Não Classificado;Não Classificado;67842;8;Verde;Verde;0,380;insuficiente;21,1;1;2;5;0;não avaliado;;R06;"A6;B2;B3;B4;B5;B6;C2;C3;C4;C5;C6;C7;D1;D2;D3;D4;D5;D6;D7;D8";Santa Terezinha;;1;1;0.1.0-metodologica;2026-07-30T09:54:46-04:00
23774;Massa d'Água #228290;São Félix do Araguaia;Agência Nacional de Águas e Saneamento Básico - ANA;Irrigação;Não Classificado;Não Classificado;425498;8;Verde;Verde;0,380;insuficiente;21,1;1;2;5;0;não avaliado;;R06;"A6;B2;B3;B4;B5;B6;C2;C3;C4;C5;C6;C7;D1;D2;D3;D4;D5;D6;D7;D8";Alto Boa Vista;;1;1;0.1.0-metodologica;2026-07-30T09:54:46-04:00
23791;Massa d'Água #234391;São Félix do Araguaia;Agência Nacional de Águas e Saneamento Básico - ANA;Irrigação;Não Classificado;Não Classificado;425498;8;Verde;Verde;0,380;insuficiente;21,1;1;2;5;0;não avaliado;;R06;"A6;B2;B3;B4;B5;B6;C2;C3;C4;C5;C6;C7;D1;D2;D3;D4;D5;D6;D7;D8";Alto Boa Vista;;1;1;0.1.0-metodologica;2026-07-30T09:54:46-04:00
23809;Massa d'Água #237472;São Félix do Araguaia;Agência Nacional de Águas e Saneamento Básico - ANA;Irrigação;Não Classificado;Não Classificado;4254;3;Verde;Verde;0,330;insuficiente;9,1;1;2;0;0;não avaliado;;R06;"A6;B2;B3;B4;B5;B6;C1;C2;C3;C4;C5;C6;C7;D1;D2;D3;D4;D5;D6;D7;D8";;Alto Boa Vista | Santa Cruz do Xingu | São José do Xingu | Vila Rica;0;0;0.1.0-metodologica;2026-07-30T09:54:46-04:00
22223;Massa d'Água #56662;São Félix do Araguaia;Agência Nacional de Águas e Saneamento Básico - ANA;Irrigação;Não Classificado;Não Classificado;4254;3;Verde;Verde;0,330;insuficiente;9,1;1;2;0;0;não avaliado;;R06;"A6;B2;B3;B4;B5;B6;C1;C2;C3;C4;C5;C6;C7;D1;D2;D3;D4;D5;D6;D7;D8";;Alto Boa Vista | Santa Cruz do Xingu | São José do Xingu | Vila Rica;0;0;0.1.0-metodologica;2026-07-30T09:54:46-04:00
22264;Massa d'Água #70517;São Félix do Araguaia;Agência Nacional de Águas e Saneamento Básico - ANA;Irrigação;Não Classificado;Não Classificado;4254;3;Verde;Verde;0,330;insuficiente;9,1;1;2;0;0;não avaliado;;R06;"A6;B2;B3;B4;B5;B6;C1;C2;C3;C4;C5;C6;C7;D1;D2;D3;D4;D5;D6;D7;D8";;Alto Boa Vista | Santa Cruz do Xingu | São José do Xingu | Vila Rica;0;0;0.1.0-metodologica;2026-07-30T09:54:46-04:00
35760;Barramento Santa Rita;São José do Povo;MT - Secretaria de Estado do Meio Ambiente - SEMA;Dessedentação Animal;Baixo;Médio;89648;7;Verde;Verde;0,380;insuficiente;18,4;0;3;4;0;não avaliado;;R06;"A6;B2;B3;B4;B5;B6;C2;C3;C4;C5;C6;C7;D1;D2;D3;D4;D5;D6;D7;D8";São José do Povo;Alto Garças | Guiratinga;1;0;0.1.0-metodologica;2026-07-30T09:54:46-04:00
20472;CGH Buritizal - NÃO POSSUI BARRAMENTO, DERIVAÇÃO LATERAL DIRETA;São José do Rio Claro;Agência Nacional de Energia Elétrica - ANEEL;Hidroelétrica;Baixo;Baixo;44684;8;Verde;Verde;0,380;insuficiente;21,1;2;1;5;0;não avaliado;;R06;"A6;B2;B3;B4;B5;B6;C2;C3;C4;C5;C6;C7;D1;D2;D3;D4;D5;D6;D7;D8";Juara | Novo Horizonte do Norte | Porto dos Gaúchos;;3;3;0.1.0-metodologica;2026-07-30T09:54:46-04:00
8007;Destilaria de Álcool Libra LTDA;São José do Rio Claro;MT - Secretaria de Estado do Meio Ambiente - SEMA;Industrial;Baixo;Não se Aplica;446916;8;Verde;Verde;0,380;insuficiente;21,1;2;1;5;0;não avaliado;;R06;"A6;B2;B3;B4;B5;B6;C2;C3;C4;C5;C6;C7;D1;D2;D3;D4;D5;D6;D7;D8";Juara | Novo Horizonte do Norte | Porto dos Gaúchos | São José do Rio Claro;;4;3;0.1.0-metodologica;2026-07-30T09:54:46-04:00
35507;Fazenda Encosta do Varjão I ? Gleba B ?  Barragem I;São José do Rio Claro;MT - Secretaria de Estado do Meio Ambiente - SEMA;Recreação;Baixo;Médio;44682;10;Verde;Verde;0,380;insuficiente;26,3;2;3;5;0;não avaliado;;R06;"A6;B2;B3;B4;B5;B6;C2;C3;C4;C5;C6;C7;D1;D2;D3;D4;D5;D6;D7;D8";Juara | Novo Horizonte do Norte | Porto dos Gaúchos;;3;3;0.1.0-metodologica;2026-07-30T09:54:46-04:00
35460;Fazenda Vila Nova ? Barragem I;São José do Rio Claro;MT - Secretaria de Estado do Meio Ambiente - SEMA;Recreação;Baixo;Médio;44682;10;Verde;Verde;0,380;insuficiente;26,3;2;3;5;0;não avaliado;;R06;"A6;B2;B3;B4;B5;B6;C2;C3;C4;C5;C6;C7;D1;D2;D3;D4;D5;D6;D7;D8";Juara | Novo Horizonte do Norte | Porto dos Gaúchos;;3;3;0.1.0-metodologica;2026-07-30T09:54:46-04:00
34078;PCH Rio Claro (Antiga Perdidos) - PCH Rio Claro;São José do Rio Claro;Agência Nacional de Energia Elétrica - ANEEL;Hidroelétrica;Baixo;Baixo;4468;8;Verde;Verde;0,380;insuficiente;21,1;2;1;5;0;não avaliado;;R06;"A6;B2;B3;B4;B5;B6;C2;C3;C4;C5;C6;C7;D1;D2;D3;D4;D5;D6;D7;D8";Juara | Novo Horizonte do Norte | Porto dos Gaúchos;;3;3;0.1.0-metodologica;2026-07-30T09:54:46-04:00
34809;PCH Rio Claro (Antiga Perdidos) - PCH Rio Claro;São José do Rio Claro;Agência Nacional de Energia Elétrica - ANEEL;Hidroelétrica;Alto;Baixo;4468;8;Verde;Verde;0,380;insuficiente;21,1;2;1;5;0;não avaliado;;R06;"A6;B2;B3;B4;B5;B6;C2;C3;C4;C5;C6;C7;D1;D2;D3;D4;D5;D6;D7;D8";Juara | Novo Horizonte do Norte | Porto dos Gaúchos;;3;3;0.1.0-metodologica;2026-07-30T09:54:46-04:00
31371;Barragem 01 – Fazenda Ubatuba;São José do Xingu;MT - Secretaria de Estado do Meio Ambiente - SEMA;Irrigação;Médio;Médio;425748;4;Verde;Verde;0,330;insuficiente;12,1;1;3;0;0;não avaliado;;R06;"A6;B2;B3;B4;B5;B6;C1;C2;C3;C4;C5;C6;C7;D1;D2;D3;D4;D5;D6;D7;D8";;;0;0;0.1.0-metodologica;2026-07-30T09:54:46-04:00
31622;Barragem 1 Fazenda Pesa III;São José do Xingu;MT - Secretaria de Estado do Meio Ambiente - SEMA;Irrigação;Baixo;Médio;425748;4;Verde;Verde;0,330;insuficiente;12,1;1;3;0;0;não avaliado;;R06;"A6;B2;B3;B4;B5;B6;C1;C2;C3;C4;C5;C6;C7;D1;D2;D3;D4;D5;D6;D7;D8";;;0;0;0.1.0-metodologica;2026-07-30T09:54:46-04:00
35059;Barragem na Fazenda Havaí;São José do Xingu;MT - Secretaria de Estado do Meio Ambiente - SEMA;Recreação;Baixo;Médio;425824;4;Verde;Verde;0,330;insuficiente;12,1;1;3;0;0;não avaliado;;R06;"A6;B2;B3;B4;B5;B6;C1;C2;C3;C4;C5;C6;C7;D1;D2;D3;D4;D5;D6;D7;D8";;;0;0;0.1.0-metodologica;2026-07-30T09:54:46-04:00
35156;Fazenda Eldorado ? Barramento 01;São José do Xingu;MT - Secretaria de Estado do Meio Ambiente - SEMA;Irrigação;Baixo;Médio;425488;9;Verde;Verde;0,380;insuficiente;23,7;1;3;5;0;não avaliado;;R06;"A6;B2;B3;B4;B5;B6;C2;C3;C4;C5;C6;C7;D1;D2;D3;D4;D5;D6;D7;D8";São José do Xingu;;1;0;0.1.0-metodologica;2026-07-30T09:54:46-04:00
5316;JBS S.A - S.J. DOS QUATRO MARCOS;São José dos Quatro Marcos;MT - Secretaria de Estado do Meio Ambiente - SEMA;Industrial;Não Classificado;Não Classificado;899426;11;Verde;Verde;0,380;insuficiente;28,9;4;2;5;0;não avaliado;;R06;"A6;B2;B3;B4;B5;B6;C2;C3;C4;C5;C6;C7;D1;D2;D3;D4;D5;D6;D7;D8";São José dos Quatro Marcos;;1;0;0.1.0-metodologica;2026-07-30T09:54:46-04:00
37420;Barragem Fazenda Laualo – Morada Nova;São Félix do Araguaia;MT - Secretaria de Estado do Meio Ambiente - SEMA;Recreação;Baixo;Médio;4254976;4;Verde;Verde;0,330;insuficiente;12,1;1;3;0;0;não avaliado;;R06;"A6;B2;B3;B4;B5;B6;C1;C2;C3;C4;C5;C6;C7;D1;D2;D3;D4;D5;D6;D7;D8";;;0;0;0.1.0-metodologica;2026-07-30T09:54:46-04:00
26169;Barragem Jauru;São José dos Quatro Marcos;Agência Nacional de Mineração - ANM;Contenção de rejeitos de mineração;Baixo;Baixo;8994;16;Verde;Verde;0,530;parcial;30,2;5;4;7;0;não avaliado;;;"A6;B4;B5;B6;C2;C3;C4;C5;C6;C7;D1;D2;D3;D4;D5;D6;D7;D8";Araputanga | Jauru;Indiavaí | Mirassol d'Oeste;2;2;0.1.0-metodologica;2026-07-30T09:54:46-04:00
35232;BARRAGEM CRUZEIRO DO SUL 2;Tabaporã;MT - Secretaria de Estado do Meio Ambiente - SEMA;Irrigação;Baixo;Médio;4462898;9;Verde;Verde;0,380;insuficiente;23,7;1;3;5;0;não avaliado;;R06;"A6;B2;B3;B4;B5;B6;C2;C3;C4;C5;C6;C7;D1;D2;D3;D4;D5;D6;D7;D8";Tabaporã;;1;0;0.1.0-metodologica;2026-07-30T09:54:46-04:00
34599;Barragem I - Fazenda Tapena – Gleba Santa Maria-M-4863;Tabaporã;MT - Secretaria de Estado do Meio Ambiente - SEMA;Irrigação;Baixo;Médio;4462582;9;Verde;Verde;0,380;insuficiente;23,7;1;3;5;0;não avaliado;;R06;"A6;B2;B3;B4;B5;B6;C2;C3;C4;C5;C6;C7;D1;D2;D3;D4;D5;D6;D7;D8";Tabaporã;;1;0;0.1.0-metodologica;2026-07-30T09:54:46-04:00
35223;Barramento (Principal) - Fazenda Progresso;Tabaporã;MT - Secretaria de Estado do Meio Ambiente - SEMA;Paisagismo;Baixo;Médio;4462844;9;Verde;Verde;0,380;insuficiente;23,7;1;3;5;0;não avaliado;;R06;"A6;B2;B3;B4;B5;B6;C2;C3;C4;C5;C6;C7;D1;D2;D3;D4;D5;D6;D7;D8";Tabaporã;;1;0;0.1.0-metodologica;2026-07-30T09:54:46-04:00
34580;Barramento I - Fazenda Recanto;Tabaporã;MT - Secretaria de Estado do Meio Ambiente - SEMA;Irrigação;Baixo;Alto;446258;6;Verde;Verde;0,330;insuficiente;18,2;1;5;0;0;não avaliado;;R06;"A6;B2;B3;B4;B5;B6;C1;C2;C3;C4;C5;C6;C7;D1;D2;D3;D4;D5;D6;D7;D8";;;0;0;0.1.0-metodologica;2026-07-30T09:54:46-04:00
35225;Barramento II (Montante) - Fazenda Progresso;Tabaporã;MT - Secretaria de Estado do Meio Ambiente - SEMA;Paisagismo;Baixo;Médio;4462844;9;Verde;Verde;0,380;insuficiente;23,7;1;3;5;0;não avaliado;;R06;"A6;B2;B3;B4;B5;B6;C2;C3;C4;C5;C6;C7;D1;D2;D3;D4;D5;D6;D7;D8";Tabaporã;;1;0;0.1.0-metodologica;2026-07-30T09:54:46-04:00
34581;Barramento montante - Fazenda Recanto;Tabaporã;MT - Secretaria de Estado do Meio Ambiente - SEMA;Irrigação;Baixo;Alto;446258;6;Verde;Verde;0,330;insuficiente;18,2;1;5;0;0;não avaliado;;R06;"A6;B2;B3;B4;B5;B6;C1;C2;C3;C4;C5;C6;C7;D1;D2;D3;D4;D5;D6;D7;D8";;;0;0;0.1.0-metodologica;2026-07-30T09:54:46-04:00
34137;CGH PICCINI V - CGH Piccini V;Tabaporã;Agência Nacional de Energia Elétrica - ANEEL;Hidroelétrica;Baixo;Baixo;44628;7;Verde;Verde;0,380;insuficiente;18,4;1;1;5;0;não avaliado;;R06;"A6;B2;B3;B4;B5;B6;C2;C3;C4;C5;C6;C7;D1;D2;D3;D4;D5;D6;D7;D8";Tabaporã;;1;0;0.1.0-metodologica;2026-07-30T09:54:46-04:00
34820;CGH PICCINI V - CGH Piccini V;Tabaporã;Agência Nacional de Energia Elétrica - ANEEL;Hidroelétrica;Baixo;Baixo;44628;7;Verde;Verde;0,380;insuficiente;18,4;1;1;5;0;não avaliado;;R06;"A6;B2;B3;B4;B5;B6;C2;C3;C4;C5;C6;C7;D1;D2;D3;D4;D5;D6;D7;D8";Tabaporã;;1;0;0.1.0-metodologica;2026-07-30T09:54:46-04:00
26632;Córrego Tonto;Tabaporã;MT - Secretaria de Estado do Meio Ambiente - SEMA;Irrigação;Baixo;Baixo;4462898;7;Verde;Verde;0,380;insuficiente;18,4;1;1;5;0;não avaliado;;R06;"A6;B2;B3;B4;B5;B6;C2;C3;C4;C5;C6;C7;D1;D2;D3;D4;D5;D6;D7;D8";Tabaporã;;1;0;0.1.0-metodologica;2026-07-30T09:54:46-04:00
31117;Depósito Mocelin;Tabaporã;MT - Secretaria de Estado do Meio Ambiente - SEMA;Recreação;Baixo;Alto;4462616;11;Verde;Verde;0,380;insuficiente;28,9;1;5;5;0;não avaliado;;R06;"A6;B2;B3;B4;B5;B6;C2;C3;C4;C5;C6;C7;D1;D2;D3;D4;D5;D6;D7;D8";Tabaporã;;1;0;0.1.0-metodologica;2026-07-30T09:54:46-04:00
5776;Fazenda Progresso;Tabaporã;MT - Secretaria de Estado do Meio Ambiente - SEMA;Irrigação;Baixo;Não Classificado;4462844;8;Verde;Verde;0,380;insuficiente;21,1;1;2;5;0;não avaliado;;R06;"A6;B2;B3;B4;B5;B6;C2;C3;C4;C5;C6;C7;D1;D2;D3;D4;D5;D6;D7;D8";Tabaporã;;1;0;0.1.0-metodologica;2026-07-30T09:54:46-04:00
36679;Barragem Perin II;Tangará da Serra;MT - Secretaria de Estado do Meio Ambiente - SEMA;Aquicultura;Médio;Médio;899876;6;Verde;Verde;0,330;insuficiente;18,2;3;3;0;0;não avaliado;;R06;"A6;B2;B3;B4;B5;B6;C1;C2;C3;C4;C5;C6;C7;D1;D2;D3;D4;D5;D6;D7;D8";;;0;0;0.1.0-metodologica;2026-07-30T09:54:46-04:00
36680;Barragem Perin II (a montante);Tangará da Serra;MT - Secretaria de Estado do Meio Ambiente - SEMA;Aquicultura;Médio;Médio;899876;6;Verde;Verde;0,330;insuficiente;18,2;3;3;0;0;não avaliado;;R06;"A6;B2;B3;B4;B5;B6;C1;C2;C3;C4;C5;C6;C7;D1;D2;D3;D4;D5;D6;D7;D8";;;0;0;0.1.0-metodologica;2026-07-30T09:54:46-04:00
35077;Barragem Primavera;Tangará da Serra;MT - Secretaria de Estado do Meio Ambiente - SEMA;Dessedentação Animal;Baixo;Médio;89982;6;Verde;Verde;0,330;insuficiente;18,2;3;3;0;0;não avaliado;;R06;"A6;B2;B3;B4;B5;B6;C1;C2;C3;C4;C5;C6;C7;D1;D2;D3;D4;D5;D6;D7;D8";;;0;0;0.1.0-metodologica;2026-07-30T09:54:46-04:00
34694;Barragem Rios Psicultura;Tangará da Serra;MT - Secretaria de Estado do Meio Ambiente - SEMA;Aquicultura;Alto;Alto;899872;8;Verde;Verde;0,330;insuficiente;24,2;3;5;0;0;não avaliado;;R06;"A6;B2;B3;B4;B5;B6;C1;C2;C3;C4;C5;C6;C7;D1;D2;D3;D4;D5;D6;D7;D8";;;0;0;0.1.0-metodologica;2026-07-30T09:54:46-04:00
34700;Barragem Rios Psicultura - a montante;Tangará da Serra;MT - Secretaria de Estado do Meio Ambiente - SEMA;Aquicultura;Médio;Alto;899872;8;Verde;Verde;0,330;insuficiente;24,2;3;5;0;0;não avaliado;;R06;"A6;B2;B3;B4;B5;B6;C1;C2;C3;C4;C5;C6;C7;D1;D2;D3;D4;D5;D6;D7;D8";;;0;0;0.1.0-metodologica;2026-07-30T09:54:46-04:00
35070;Barramento - Fazenda Lagoa Azul;Tangará da Serra;MT - Secretaria de Estado do Meio Ambiente - SEMA;Irrigação;Baixo;Médio;89994292;11;Verde;Verde;0,380;insuficiente;28,9;3;3;5;0;não avaliado;;R06;"A6;B2;B3;B4;B5;B6;C2;C3;C4;C5;C6;C7;D1;D2;D3;D4;D5;D6;D7;D8";Barra do Bugres | Nova Olímpia | Tangará da Serra;;3;2;0.1.0-metodologica;2026-07-30T09:54:46-04:00
36626;Casa do Lago;Tangará da Serra;MT - Secretaria de Estado do Meio Ambiente - SEMA;Irrigação;Baixo;Baixo;8999426;9;Verde;Verde;0,380;insuficiente;23,7;3;1;5;0;não avaliado;;R06;"A6;B2;B3;B4;B5;B6;C2;C3;C4;C5;C6;C7;D1;D2;D3;D4;D5;D6;D7;D8";Barra do Bugres;;1;1;0.1.0-metodologica;2026-07-30T09:54:46-04:00
5321;ETA QUEIMA-PÉ;Tangará da Serra;MT - Secretaria de Estado do Meio Ambiente - SEMA;Abastecimento humano;Médio;Baixo;899872;4;Verde;Verde;0,330;insuficiente;12,1;3;1;0;0;não avaliado;;R06;"A6;B2;B3;B4;B5;B6;C1;C2;C3;C4;C5;C6;C7;D1;D2;D3;D4;D5;D6;D7;D8";;;0;0;0.1.0-metodologica;2026-07-30T09:54:46-04:00
7984;Estância Céu Azul;Tangará da Serra;MT - Secretaria de Estado do Meio Ambiente - SEMA;Irrigação;Baixo;Não se Aplica;899892;8;Verde;Verde;0,380;insuficiente;21,1;3;1;4;0;não avaliado;;R06;"A6;B2;B3;B4;B5;B6;C2;C3;C4;C5;C6;C7;D1;D2;D3;D4;D5;D6;D7;D8";Nova Marilândia;;1;1;0.1.0-metodologica;2026-07-30T09:54:46-04:00
19850;Faz. Netolândia;Tangará da Serra;MT - Secretaria de Estado do Meio Ambiente - SEMA;Dessedentação Animal;Baixo;Não Classificado;899838;5;Verde;Verde;0,330;insuficiente;15,2;3;2;0;0;não avaliado;;R06;"A6;B2;B3;B4;B5;B6;C1;C2;C3;C4;C5;C6;C7;D1;D2;D3;D4;D5;D6;D7;D8";;;0;0;0.1.0-metodologica;2026-07-30T09:54:46-04:00
27745;Fazenda Boitanga;Tangará da Serra;MT - Secretaria de Estado do Meio Ambiente - SEMA;Irrigação;Baixo;Baixo;8998722;4;Verde;Verde;0,330;insuficiente;12,1;3;1;0;0;não avaliado;;R06;"A6;B2;B3;B4;B5;B6;C1;C2;C3;C4;C5;C6;C7;D1;D2;D3;D4;D5;D6;D7;D8";;;0;0;0.1.0-metodologica;2026-07-30T09:54:46-04:00
20083;Marfrig;Tangará da Serra;MT - Secretaria de Estado do Meio Ambiente - SEMA;Industrial;Baixo;Baixo;899872;4;Verde;Verde;0,330;insuficiente;12,1;3;1;0;0;não avaliado;;R06;"A6;B2;B3;B4;B5;B6;C1;C2;C3;C4;C5;C6;C7;D1;D2;D3;D4;D5;D6;D7;D8";;;0;0;0.1.0-metodologica;2026-07-30T09:54:46-04:00
20457;PCH Graça Brennand (Antiga Terra Santa)  - Dique Graça Brennand;Tangará da Serra;Agência Nacional de Energia Elétrica - ANEEL;Hidroelétrica;Alto;Baixo;89982;5;Verde;Verde;0,360;insuficiente;13,9;3;1;0;1;não avaliado;;R06;"A6;B2;B3;B4;B5;B6;C1;C2;C3;C4;C5;C6;C7;D2;D3;D4;D5;D6;D7;D8";;;0;0;0.1.0-metodologica;2026-07-30T09:54:46-04:00
4297;PCH Graça Brennand (Antiga Terra Santa)  - Graça Brennand;Tangará da Serra;Agência Nacional de Energia Elétrica - ANEEL;Hidroelétrica;Alto;Baixo;89982;5;Verde;Verde;0,360;insuficiente;13,9;3;1;0;1;não avaliado;;R06;"A6;B2;B3;B4;B5;B6;C1;C2;C3;C4;C5;C6;C7;D2;D3;D4;D5;D6;D7;D8";;;0;0;0.1.0-metodologica;2026-07-30T09:54:46-04:00
4410;PCH Pampeana - Pampeana;Tangará da Serra;Agência Nacional de Energia Elétrica - ANEEL;Hidroelétrica;Alto;Baixo;89982;5;Verde;Verde;0,360;insuficiente;13,9;3;1;0;1;não avaliado;;R06;"A6;B2;B3;B4;B5;B6;C1;C2;C3;C4;C5;C6;C7;D2;D3;D4;D5;D6;D7;D8";;;0;0;0.1.0-metodologica;2026-07-30T09:54:46-04:00
20471;PCH Recanto - PCH Recanto;Tangará da Serra;Agência Nacional de Energia Elétrica - ANEEL;Hidroelétrica;Baixo;Baixo;89986;4;Verde;Verde;0,330;insuficiente;12,1;3;1;0;0;não avaliado;;R06;"A6;B2;B3;B4;B5;B6;C1;C2;C3;C4;C5;C6;C7;D1;D2;D3;D4;D5;D6;D7;D8";;;0;0;0.1.0-metodologica;2026-07-30T09:54:46-04:00
5123;PCH Rio do Sapo - 1;Tangará da Serra;Agência Nacional de Energia Elétrica - ANEEL;Hidroelétrica;Baixo;Baixo;89986;4;Verde;Verde;0,330;insuficiente;12,1;3;1;0;0;não avaliado;;R06;"A6;B2;B3;B4;B5;B6;C1;C2;C3;C4;C5;C6;C7;D1;D2;D3;D4;D5;D6;D7;D8";;;0;0;0.1.0-metodologica;2026-07-30T09:54:46-04:00
27890;Sitio Morada das Rosas;Tangará da Serra;MT - Secretaria de Estado do Meio Ambiente - SEMA;Dessedentação Animal;Baixo;Baixo;8998764;4;Verde;Verde;0,330;insuficiente;12,1;3;1;0;0;não avaliado;;R06;"A6;B2;B3;B4;B5;B6;C1;C2;C3;C4;C5;C6;C7;D1;D2;D3;D4;D5;D6;D7;D8";;;0;0;0.1.0-metodologica;2026-07-30T09:54:46-04:00
5328;Sitio Pica Pau;Tangará da Serra;MT - Secretaria de Estado do Meio Ambiente - SEMA;Aquicultura;Não Classificado;Não Classificado;899876;5;Verde;Verde;0,330;insuficiente;15,2;3;2;0;0;não avaliado;;R06;"A6;B2;B3;B4;B5;B6;C1;C2;C3;C4;C5;C6;C7;D1;D2;D3;D4;D5;D6;D7;D8";;;0;0;0.1.0-metodologica;2026-07-30T09:54:46-04:00
31769;Sítio Estrela;Tangará da Serra;MT - Secretaria de Estado do Meio Ambiente - SEMA;Aquicultura;Baixo;Médio;899876;6;Verde;Verde;0,330;insuficiente;18,2;3;3;0;0;não avaliado;;R06;"A6;B2;B3;B4;B5;B6;C1;C2;C3;C4;C5;C6;C7;D1;D2;D3;D4;D5;D6;D7;D8";;;0;0;0.1.0-metodologica;2026-07-30T09:54:46-04:00
36350;Sítio Nossa Senhora Aparecida;Tangará da Serra;MT - Secretaria de Estado do Meio Ambiente - SEMA;Irrigação;Baixo;Alto;8999292;13;Verde;Verde;0,380;insuficiente;34,2;3;5;5;0;não avaliado;;R06;"A6;B2;B3;B4;B5;B6;C2;C3;C4;C5;C6;C7;D1;D2;D3;D4;D5;D6;D7;D8";Barra do Bugres;;1;1;0.1.0-metodologica;2026-07-30T09:54:46-04:00
4642;UHE Juba I - Juba I;Tangará da Serra;Agência Nacional de Energia Elétrica - ANEEL;Hidroelétrica;Alto;Baixo;899824;5;Verde;Verde;0,360;insuficiente;13,9;3;1;0;1;não avaliado;;R06;"A6;B2;B3;B4;B5;B6;C1;C2;C3;C4;C5;C6;C7;D2;D3;D4;D5;D6;D7;D8";;;0;0;0.1.0-metodologica;2026-07-30T09:54:46-04:00
31784;Barragem Canaã;Tapurah;MT - Secretaria de Estado do Meio Ambiente - SEMA;Aquicultura;Baixo;Médio;446;4;Verde;Verde;0,330;insuficiente;12,1;1;3;0;0;não avaliado;;R06;"A6;B2;B3;B4;B5;B6;C1;C2;C3;C4;C5;C6;C7;D1;D2;D3;D4;D5;D6;D7;D8";;Juara | Nobres | Nova Mutum | Novo Horizonte do Norte | Porto dos Gaúchos | São José do Rio Claro | Tabaporã;0;0;0.1.0-metodologica;2026-07-30T09:54:46-04:00
36471;Barragem Fazenda Campina do Sul;Tapurah;MT - Secretaria de Estado do Meio Ambiente - SEMA;Dessedentação Animal;Não Classificado;Não Classificado;4464442;8;Verde;Verde;0,380;insuficiente;21,1;1;2;5;0;não avaliado;;R06;"A6;B2;B3;B4;B5;B6;C2;C3;C4;C5;C6;C7;D1;D2;D3;D4;D5;D6;D7;D8";Juara | Novo Horizonte do Norte | Porto dos Gaúchos;;3;3;0.1.0-metodologica;2026-07-30T09:54:46-04:00
31785;Barramento Montante;Tapurah;MT - Secretaria de Estado do Meio Ambiente - SEMA;Aquicultura;Baixo;Médio;446;4;Verde;Verde;0,330;insuficiente;12,1;1;3;0;0;não avaliado;;R06;"A6;B2;B3;B4;B5;B6;C1;C2;C3;C4;C5;C6;C7;D1;D2;D3;D4;D5;D6;D7;D8";;Juara | Nobres | Nova Mutum | Novo Horizonte do Norte | Porto dos Gaúchos | São José do Rio Claro | Tabaporã;0;0;0.1.0-metodologica;2026-07-30T09:54:46-04:00
304;CARLOS ALBERTO CAPELETTI - FAZENDA TOLEDO;Tapurah;MT - Secretaria de Estado do Meio Ambiente - SEMA;Irrigação;Baixo;Médio;4448382;10;Amarelo;Verde;0,420;parcial;23,8;2;3;5;0;não avaliado;;"R06;R10;R11";"B2;B3;B4;B5;B6;C2;C3;C4;C5;C6;C7;D1;D2;D3;D4;D5;D6;D7;D8";Alta Floresta | Carlinda | Ipiranga do Norte | Itaúba | Nova Canaã do Norte | Sinop | Sorriso | Tapurah;;8;7;0.1.0-metodologica;2026-07-30T09:54:46-04:00
8024;Faz. Guarantã - Lotes 21, 22 e 23;Tapurah;MT - Secretaria de Estado do Meio Ambiente - SEMA;Irrigação;Baixo;Não se Aplica;4448382;8;Amarelo;Verde;0,420;parcial;19,0;2;1;5;0;não avaliado;;"R06;R10;R11";"B2;B3;B4;B5;B6;C2;C3;C4;C5;C6;C7;D1;D2;D3;D4;D5;D6;D7;D8";Alta Floresta | Carlinda | Ipiranga do Norte | Itaúba | Nova Canaã do Norte | Sinop | Sorriso | Tapurah;;8;7;0.1.0-metodologica;2026-07-30T09:54:46-04:00
20213;Faz. Mata Velha;Tapurah;MT - Secretaria de Estado do Meio Ambiente - SEMA;Irrigação;Baixo;Não Classificado;44644;8;Verde;Verde;0,380;insuficiente;21,1;1;2;5;0;não avaliado;;R06;"A6;B2;B3;B4;B5;B6;C2;C3;C4;C5;C6;C7;D1;D2;D3;D4;D5;D6;D7;D8";Juara | Novo Horizonte do Norte | Porto dos Gaúchos;;3;3;0.1.0-metodologica;2026-07-30T09:54:46-04:00
19946;Faz. Toledo;Tapurah;MT - Secretaria de Estado do Meio Ambiente - SEMA;Irrigação;Baixo;Não Classificado;4448382;9;Amarelo;Verde;0,420;parcial;21,4;2;2;5;0;não avaliado;;"R06;R10;R11";"B2;B3;B4;B5;B6;C2;C3;C4;C5;C6;C7;D1;D2;D3;D4;D5;D6;D7;D8";Alta Floresta | Carlinda | Ipiranga do Norte | Itaúba | Nova Canaã do Norte | Sinop | Sorriso | Tapurah;;8;7;0.1.0-metodologica;2026-07-30T09:54:46-04:00
34760;Fazenda Cristo Rei I – Barramento 04;Tapurah;MT - Secretaria de Estado do Meio Ambiente - SEMA;Recreação;Baixo;Alto;44656;12;Verde;Verde;0,380;insuficiente;31,6;2;5;5;0;não avaliado;;R06;"A6;B2;B3;B4;B5;B6;C2;C3;C4;C5;C6;C7;D1;D2;D3;D4;D5;D6;D7;D8";Juara | Novo Horizonte do Norte | Porto dos Gaúchos;;3;3;0.1.0-metodologica;2026-07-30T09:54:46-04:00
34751;Fazenda Cristo Rei I –Barramento 01;Tapurah;MT - Secretaria de Estado do Meio Ambiente - SEMA;Recreação;Baixo;Alto;44656;12;Verde;Verde;0,380;insuficiente;31,6;2;5;5;0;não avaliado;;R06;"A6;B2;B3;B4;B5;B6;C2;C3;C4;C5;C6;C7;D1;D2;D3;D4;D5;D6;D7;D8";Juara | Novo Horizonte do Norte | Porto dos Gaúchos;;3;3;0.1.0-metodologica;2026-07-30T09:54:46-04:00
27377;Fazenda Tereré;Tapurah;MT - Secretaria de Estado do Meio Ambiente - SEMA;Irrigação;Baixo;Médio;446442;9;Verde;Verde;0,380;insuficiente;23,7;1;3;5;0;não avaliado;;R06;"A6;B2;B3;B4;B5;B6;C2;C3;C4;C5;C6;C7;D1;D2;D3;D4;D5;D6;D7;D8";Juara | Novo Horizonte do Norte | Porto dos Gaúchos;;3;3;0.1.0-metodologica;2026-07-30T09:54:46-04:00
8031;Fazenda Vale do Rio Verde;Tapurah;MT - Secretaria de Estado do Meio Ambiente - SEMA;Irrigação;Baixo;Não Classificado;444834;9;Amarelo;Verde;0,420;parcial;21,4;2;2;5;0;não avaliado;;"R06;R10;R11";"B2;B3;B4;B5;B6;C2;C3;C4;C5;C6;C7;D1;D2;D3;D4;D5;D6;D7;D8";Alta Floresta | Carlinda | Ipiranga do Norte | Itaúba | Nova Canaã do Norte | Sinop | Sorriso | Tapurah;;8;7;0.1.0-metodologica;2026-07-30T09:54:46-04:00
8032;Fazenda Vale do Rio Verde;Tapurah;MT - Secretaria de Estado do Meio Ambiente - SEMA;Irrigação;Baixo;Não se Aplica;444834;8;Amarelo;Verde;0,420;parcial;19,0;2;1;5;0;não avaliado;;"R06;R10;R11";"B2;B3;B4;B5;B6;C2;C3;C4;C5;C6;C7;D1;D2;D3;D4;D5;D6;D7;D8";Alta Floresta | Carlinda | Ipiranga do Norte | Itaúba | Nova Canaã do Norte | Sinop | Sorriso | Tapurah;;8;7;0.1.0-metodologica;2026-07-30T09:54:46-04:00
36538;Fazenda Vale do Rio Verde - Barragem Vale 01;Tapurah;MT - Secretaria de Estado do Meio Ambiente - SEMA;Irrigação;Baixo;Médio;4448338;10;Amarelo;Verde;0,420;parcial;23,8;2;3;5;0;não avaliado;;"R06;R10;R11";"B2;B3;B4;B5;B6;C2;C3;C4;C5;C6;C7;D1;D2;D3;D4;D5;D6;D7;D8";Alta Floresta | Carlinda | Ipiranga do Norte | Itaúba | Nova Canaã do Norte | Sinop | Sorriso | Tapurah;;8;7;0.1.0-metodologica;2026-07-30T09:54:46-04:00
8064;PREFEITURA MUNICIPAL DE TERRA NOVA DO NORTE;Terra Nova do Norte;MT - Secretaria de Estado do Meio Ambiente - SEMA;Abastecimento humano;Baixo;Não se Aplica;444638;8;Verde;Verde;0,380;insuficiente;21,1;2;1;5;0;não avaliado;;R06;"A6;B2;B3;B4;B5;B6;C2;C3;C4;C5;C6;C7;D1;D2;D3;D4;D5;D6;D7;D8";Alta Floresta | Carlinda | Terra Nova do Norte;;3;2;0.1.0-metodologica;2026-07-30T09:54:46-04:00
6192;Fazenda Batovi;Tesouro;MT - Secretaria de Estado do Meio Ambiente - SEMA;Irrigação;Baixo;Não Classificado;6984;7;Verde;Verde;0,380;insuficiente;18,4;0;2;5;0;não avaliado;;R06;"A6;B2;B3;B4;B5;B6;C2;C3;C4;C5;C6;C7;D1;D2;D3;D4;D5;D6;D7;D8";Pontal do Araguaia | Tesouro;;2;1;0.1.0-metodologica;2026-07-30T09:54:46-04:00
36518;Barramento I ? Fazenda Ponte de Pedra;Torixoréu;MT - Secretaria de Estado do Meio Ambiente - SEMA;Paisagismo;Baixo;Médio;69934;8;Verde;Verde;0,380;insuficiente;21,1;0;3;5;0;não avaliado;;R06;"A6;B2;B3;B4;B5;B6;C2;C3;C4;C5;C6;C7;D1;D2;D3;D4;D5;D6;D7;D8";Ribeirãozinho | Torixoréu;;2;1;0.1.0-metodologica;2026-07-30T09:54:46-04:00
36519;Barramento II - Fazenda Ponte de Pedra;Torixoréu;MT - Secretaria de Estado do Meio Ambiente - SEMA;Dessedentação Animal;Baixo;Médio;69934;8;Verde;Verde;0,380;insuficiente;21,1;0;3;5;0;não avaliado;;R06;"A6;B2;B3;B4;B5;B6;C2;C3;C4;C5;C6;C7;D1;D2;D3;D4;D5;D6;D7;D8";Ribeirãozinho | Torixoréu;;2;1;0.1.0-metodologica;2026-07-30T09:54:46-04:00
36520;Barramento III- Fazenda Ponte de Pedra;Torixoréu;MT - Secretaria de Estado do Meio Ambiente - SEMA;Dessedentação Animal;Baixo;Médio;69934;8;Verde;Verde;0,380;insuficiente;21,1;0;3;5;0;não avaliado;;R06;"A6;B2;B3;B4;B5;B6;C2;C3;C4;C5;C6;C7;D1;D2;D3;D4;D5;D6;D7;D8";Ribeirãozinho | Torixoréu;;2;1;0.1.0-metodologica;2026-07-30T09:54:46-04:00
37418;Barramento Sítio Nossa Senhora Aparecida;Tangará da Serra;MT - Secretaria de Estado do Meio Ambiente - SEMA;Irrigação;Baixo;Médio;8999292;11;Verde;Verde;0,380;insuficiente;28,9;3;3;5;0;não avaliado;;R06;"A6;B2;B3;B4;B5;B6;C2;C3;C4;C5;C6;C7;D1;D2;D3;D4;D5;D6;D7;D8";Barra do Bugres;;1;1;0.1.0-metodologica;2026-07-30T09:54:46-04:00
35785;Barramento - Fazenda Sorriso I;União do Sul;MT - Secretaria de Estado do Meio Ambiente - SEMA;Recreação;Baixo;Alto;426918;11;Verde;Verde;0,380;insuficiente;28,9;1;5;5;0;não avaliado;;R06;"A6;B2;B3;B4;B5;B6;C2;C3;C4;C5;C6;C7;D1;D2;D3;D4;D5;D6;D7;D8";Marcelândia | União do Sul;;2;1;0.1.0-metodologica;2026-07-30T09:54:46-04:00
32970;Fazenda Frente da Mata – Barragem I;União do Sul;MT - Secretaria de Estado do Meio Ambiente - SEMA;Irrigação;Baixo;Médio;42692;9;Verde;Verde;0,380;insuficiente;23,7;1;3;5;0;não avaliado;;R06;"A6;B2;B3;B4;B5;B6;C2;C3;C4;C5;C6;C7;D1;D2;D3;D4;D5;D6;D7;D8";Cláudia | Marcelândia | União do Sul;;3;2;0.1.0-metodologica;2026-07-30T09:54:46-04:00
34094;PCH Nova Guaporé - Nova Guaporé;Vale de São Domingos;Agência Nacional de Energia Elétrica - ANEEL;Hidroelétrica;Alto;Baixo;46996;11;Verde;Verde;0,380;insuficiente;28,9;5;1;5;0;não avaliado;;R06;"A6;B2;B3;B4;B5;B6;C2;C3;C4;C5;C6;C7;D1;D2;D3;D4;D5;D6;D7;D8";Comodoro | Nova Lacerda | Vale de São Domingos | Vila Bela da Santíssima Trindade;;4;3;0.1.0-metodologica;2026-07-30T09:54:46-04:00
5212;UHE Guaporé - Guaporé;Vale de São Domingos;Agência Nacional de Energia Elétrica - ANEEL;Hidroelétrica;Alto;Baixo;46996;12;Verde;Verde;0,410;parcial;29,3;5;1;5;1;não avaliado;;R06;"A6;B2;B3;B4;B5;B6;C2;C3;C4;C5;C6;C7;D2;D3;D4;D5;D6;D7;D8";Comodoro | Nova Lacerda | Vale de São Domingos | Vila Bela da Santíssima Trindade;;4;3;0.1.0-metodologica;2026-07-30T09:54:46-04:00
35177;BARRAMENTO PRINCIPAL FAZ. REUNIDAS SÃO ROBERTO;Vera;MT - Secretaria de Estado do Meio Ambiente - SEMA;Recreação;Baixo;Médio;444924;9;Verde;Verde;0,380;insuficiente;23,7;1;3;5;0;não avaliado;;R06;"A6;B2;B3;B4;B5;B6;C2;C3;C4;C5;C6;C7;D1;D2;D3;D4;D5;D6;D7;D8";Alta Floresta | Carlinda | Itaúba | Nova Canaã do Norte | Sinop | Vera;;6;5;0.1.0-metodologica;2026-07-30T09:54:46-04:00
35193;Barragem - Fazenda Jaçanã;Vera;MT - Secretaria de Estado do Meio Ambiente - SEMA;Paisagismo;Baixo;Médio;426986;9;Verde;Verde;0,380;insuficiente;23,7;1;3;5;0;não avaliado;;R06;"A6;B2;B3;B4;B5;B6;C2;C3;C4;C5;C6;C7;D1;D2;D3;D4;D5;D6;D7;D8";Cláudia | Marcelândia | Santa Carmem | União do Sul;;4;4;0.1.0-metodologica;2026-07-30T09:54:46-04:00
31744;Barragem Fazenda Nossa Senhora Salete;Vera;MT - Secretaria de Estado do Meio Ambiente - SEMA;Irrigação;Baixo;Médio;444922;9;Verde;Verde;0,380;insuficiente;23,7;1;3;5;0;não avaliado;;R06;"A6;B2;B3;B4;B5;B6;C2;C3;C4;C5;C6;C7;D1;D2;D3;D4;D5;D6;D7;D8";Alta Floresta | Carlinda | Itaúba | Nova Canaã do Norte | Sinop | Vera;;6;5;0.1.0-metodologica;2026-07-30T09:54:46-04:00
34712;Barragem I - Fazenda Lucion;Vera;MT - Secretaria de Estado do Meio Ambiente - SEMA;Irrigação;Baixo;Médio;4449184;9;Verde;Verde;0,380;insuficiente;23,7;1;3;5;0;não avaliado;;R06;"A6;B2;B3;B4;B5;B6;C2;C3;C4;C5;C6;C7;D1;D2;D3;D4;D5;D6;D7;D8";Alta Floresta | Carlinda | Itaúba | Nova Canaã do Norte | Sinop;;5;5;0.1.0-metodologica;2026-07-30T09:54:46-04:00
5873;Barragem I - Fazenda Militância I;Vera;MT - Secretaria de Estado do Meio Ambiente - SEMA;Irrigação;Baixo;Médio;4449244;9;Verde;Verde;0,380;insuficiente;23,7;1;3;5;0;não avaliado;;R06;"A6;B2;B3;B4;B5;B6;C2;C3;C4;C5;C6;C7;D1;D2;D3;D4;D5;D6;D7;D8";Alta Floresta | Carlinda | Itaúba | Nova Canaã do Norte | Sinop | Vera;;6;5;0.1.0-metodologica;2026-07-30T09:54:46-04:00
30908;Barragem I - Fazenda Nandico;Vera;MT - Secretaria de Estado do Meio Ambiente - SEMA;Irrigação;Baixo;Médio;444918;9;Verde;Verde;0,380;insuficiente;23,7;1;3;5;0;não avaliado;;R06;"A6;B2;B3;B4;B5;B6;C2;C3;C4;C5;C6;C7;D1;D2;D3;D4;D5;D6;D7;D8";Alta Floresta | Carlinda | Itaúba | Nova Canaã do Norte | Sinop;;5;5;0.1.0-metodologica;2026-07-30T09:54:46-04:00
32441;Barragem I - Fazenda Vedana;Vera;MT - Secretaria de Estado do Meio Ambiente - SEMA;Irrigação;Baixo;Médio;42696;9;Verde;Verde;0,380;insuficiente;23,7;1;3;5;0;não avaliado;;R06;"A6;B2;B3;B4;B5;B6;C2;C3;C4;C5;C6;C7;D1;D2;D3;D4;D5;D6;D7;D8";Cláudia | Marcelândia | União do Sul;;3;3;0.1.0-metodologica;2026-07-30T09:54:46-04:00
34590;Barramento a montante 2;Vera;MT - Secretaria de Estado do Meio Ambiente - SEMA;Irrigação;Baixo;Médio;4449244;9;Verde;Verde;0,380;insuficiente;23,7;1;3;5;0;não avaliado;;R06;"A6;B2;B3;B4;B5;B6;C2;C3;C4;C5;C6;C7;D1;D2;D3;D4;D5;D6;D7;D8";Alta Floresta | Carlinda | Itaúba | Nova Canaã do Norte | Sinop | Vera;;6;5;0.1.0-metodologica;2026-07-30T09:54:46-04:00
34589;Barrametno a montante 2;Vera;MT - Secretaria de Estado do Meio Ambiente - SEMA;Irrigação;Baixo;Médio;4449244;9;Verde;Verde;0,380;insuficiente;23,7;1;3;5;0;não avaliado;;R06;"A6;B2;B3;B4;B5;B6;C2;C3;C4;C5;C6;C7;D1;D2;D3;D4;D5;D6;D7;D8";Alta Floresta | Carlinda | Itaúba | Nova Canaã do Norte | Sinop | Vera;;6;5;0.1.0-metodologica;2026-07-30T09:54:46-04:00
30852;FAZENDA CELESTE III;Vera;MT - Secretaria de Estado do Meio Ambiente - SEMA;Aquicultura;Baixo;Baixo;444;2;Verde;Verde;0,330;insuficiente;6,1;1;1;0;0;não avaliado;;R06;"A6;B2;B3;B4;B5;B6;C1;C2;C3;C4;C5;C6;C7;D1;D2;D3;D4;D5;D6;D7;D8";;Alta Floresta | Carlinda | Ipiranga do Norte | Itaúba | Lucas do Rio Verde | Nova Canaã do Norte | Nova Santa Helena | Paranaíta | Santa Rita do Trivelato | Sinop | Sorriso | Tapurah | Terra Nova do Norte;0;0;0.1.0-metodologica;2026-07-30T09:54:46-04:00
35608;FAZENDA JAÇANÃ - RESERVATÓRIO PULMÃO;Vera;MT - Secretaria de Estado do Meio Ambiente - SEMA;Irrigação;Baixo;Médio;426986;9;Verde;Verde;0,380;insuficiente;23,7;1;3;5;0;não avaliado;;R06;"A6;B2;B3;B4;B5;B6;C2;C3;C4;C5;C6;C7;D1;D2;D3;D4;D5;D6;D7;D8";Cláudia | Marcelândia | Santa Carmem | União do Sul;;4;4;0.1.0-metodologica;2026-07-30T09:54:46-04:00
8054;Fazenda Bela Vista II;Vera;MT - Secretaria de Estado do Meio Ambiente - SEMA;Irrigação;Baixo;Alto;4449184;11;Verde;Verde;0,380;insuficiente;28,9;1;5;5;0;não avaliado;;R06;"A6;B2;B3;B4;B5;B6;C2;C3;C4;C5;C6;C7;D1;D2;D3;D4;D5;D6;D7;D8";Alta Floresta | Carlinda | Itaúba | Nova Canaã do Norte | Sinop;;5;5;0.1.0-metodologica;2026-07-30T09:54:46-04:00
27508;Fazenda Nandico;Vera;MT - Secretaria de Estado do Meio Ambiente - SEMA;Irrigação;Baixo;Baixo;44492;7;Verde;Verde;0,380;insuficiente;18,4;1;1;5;0;não avaliado;;R06;"A6;B2;B3;B4;B5;B6;C2;C3;C4;C5;C6;C7;D1;D2;D3;D4;D5;D6;D7;D8";Alta Floresta | Carlinda | Itaúba | Nova Canaã do Norte | Sinop | Vera;;6;5;0.1.0-metodologica;2026-07-30T09:54:46-04:00
20006;Fazenda Pluma;Vera;MT - Secretaria de Estado do Meio Ambiente - SEMA;Irrigação;Baixo;Baixo;426996;7;Verde;Verde;0,380;insuficiente;18,4;1;1;5;0;não avaliado;;R06;"A6;B2;B3;B4;B5;B6;C2;C3;C4;C5;C6;C7;D1;D2;D3;D4;D5;D6;D7;D8";Cláudia | Marcelândia | Santa Carmem | União do Sul;Nova Ubiratã;4;4;0.1.0-metodologica;2026-07-30T09:54:46-04:00
32906;Fazenda São Roque II e São João – Barragem I;Vera;MT - Secretaria de Estado do Meio Ambiente - SEMA;Irrigação;Baixo;Médio;4449252;9;Verde;Verde;0,380;insuficiente;23,7;1;3;5;0;não avaliado;;R06;"A6;B2;B3;B4;B5;B6;C2;C3;C4;C5;C6;C7;D1;D2;D3;D4;D5;D6;D7;D8";Alta Floresta | Carlinda | Itaúba | Nova Canaã do Norte | Sinop | Vera;;6;5;0.1.0-metodologica;2026-07-30T09:54:46-04:00
27405;Fazenda Taguá I;Vera;MT - Secretaria de Estado do Meio Ambiente - SEMA;Irrigação;Baixo;Baixo;4449162;7;Verde;Verde;0,380;insuficiente;18,4;1;1;5;0;não avaliado;;R06;"A6;B2;B3;B4;B5;B6;C2;C3;C4;C5;C6;C7;D1;D2;D3;D4;D5;D6;D7;D8";Alta Floresta | Carlinda | Itaúba | Nova Canaã do Norte | Sinop | Vera;;6;5;0.1.0-metodologica;2026-07-30T09:54:46-04:00
27354;Fazenda Taguá I - Barragem II;Vera;MT - Secretaria de Estado do Meio Ambiente - SEMA;Irrigação;Baixo;Baixo;444916;7;Verde;Verde;0,380;insuficiente;18,4;1;1;5;0;não avaliado;;R06;"A6;B2;B3;B4;B5;B6;C2;C3;C4;C5;C6;C7;D1;D2;D3;D4;D5;D6;D7;D8";Alta Floresta | Carlinda | Itaúba | Nova Canaã do Norte | Sinop;;5;5;0.1.0-metodologica;2026-07-30T09:54:46-04:00
36536;Reservatório artificial - Fazenda Gardin III;Vera;MT - Secretaria de Estado do Meio Ambiente - SEMA;Irrigação;Baixo;Médio;444922;9;Verde;Verde;0,380;insuficiente;23,7;1;3;5;0;não avaliado;;R06;"A6;B2;B3;B4;B5;B6;C2;C3;C4;C5;C6;C7;D1;D2;D3;D4;D5;D6;D7;D8";Alta Floresta | Carlinda | Itaúba | Nova Canaã do Norte | Sinop | Vera;;6;5;0.1.0-metodologica;2026-07-30T09:54:46-04:00
31606;Santa Maria;Vera;MT - Secretaria de Estado do Meio Ambiente - SEMA;Irrigação;Baixo;Não Classificado;4449184;8;Verde;Verde;0,380;insuficiente;21,1;1;2;5;0;não avaliado;;R06;"A6;B2;B3;B4;B5;B6;C2;C3;C4;C5;C6;C7;D1;D2;D3;D4;D5;D6;D7;D8";Alta Floresta | Carlinda | Itaúba | Nova Canaã do Norte | Sinop;;5;5;0.1.0-metodologica;2026-07-30T09:54:46-04:00
36611;Sítio Navarro I;Vera;MT - Secretaria de Estado do Meio Ambiente - SEMA;Irrigação;Baixo;Médio;444924;9;Verde;Verde;0,380;insuficiente;23,7;1;3;5;0;não avaliado;;R06;"A6;B2;B3;B4;B5;B6;C2;C3;C4;C5;C6;C7;D1;D2;D3;D4;D5;D6;D7;D8";Alta Floresta | Carlinda | Itaúba | Nova Canaã do Norte | Sinop | Vera;;6;5;0.1.0-metodologica;2026-07-30T09:54:46-04:00
34631;Sítio Recanto Feliz – Lote Nº 131-B;Vera;MT - Secretaria de Estado do Meio Ambiente - SEMA;Aquicultura;Baixo;Alto;42696;11;Verde;Verde;0,380;insuficiente;28,9;1;5;5;0;não avaliado;;R06;"A6;B2;B3;B4;B5;B6;C2;C3;C4;C5;C6;C7;D1;D2;D3;D4;D5;D6;D7;D8";Cláudia | Marcelândia | União do Sul;;3;3;0.1.0-metodologica;2026-07-30T09:54:46-04:00
35168;Barragem Jatobá ? Principal;Vila Bela da Santíssima Trindade;MT - Secretaria de Estado do Meio Ambiente - SEMA;Irrigação;Baixo;Médio;4699584;13;Verde;Verde;0,380;insuficiente;34,2;5;3;5;0;não avaliado;;R06;"A6;B2;B3;B4;B5;B6;C2;C3;C4;C5;C6;C7;D1;D2;D3;D4;D5;D6;D7;D8";Comodoro | Nova Lacerda;;2;2;0.1.0-metodologica;2026-07-30T09:54:46-04:00
218;Barragem do Córrego Longa Vida;Vila Bela da Santíssima Trindade;MT - Secretaria de Estado do Meio Ambiente - SEMA;Abastecimento humano;Baixo;Não se Aplica;46995822;11;Verde;Verde;0,380;insuficiente;28,9;5;1;5;0;não avaliado;;R06;"A6;B2;B3;B4;B5;B6;C2;C3;C4;C5;C6;C7;D1;D2;D3;D4;D5;D6;D7;D8";Comodoro | Nova Lacerda;;2;2;0.1.0-metodologica;2026-07-30T09:54:46-04:00
35913;Barramento - Fazenda Galerinha;Vila Bela da Santíssima Trindade;MT - Secretaria de Estado do Meio Ambiente - SEMA;Aquicultura;Baixo;Não Classificado;4699398;7;Verde;Verde;0,330;insuficiente;21,2;5;2;0;0;não avaliado;;R06;"A6;B2;B3;B4;B5;B6;C1;C2;C3;C4;C5;C6;C7;D1;D2;D3;D4;D5;D6;D7;D8";;;0;0;0.1.0-metodologica;2026-07-30T09:54:46-04:00
35390;Barramento - Fazenda Rancho Alegre;Vila Bela da Santíssima Trindade;MT - Secretaria de Estado do Meio Ambiente - SEMA;Aquicultura;Baixo;Não Classificado;4699896;9;Verde;Verde;0,380;insuficiente;23,7;2;2;5;0;não avaliado;;R06;"A6;B2;B3;B4;B5;B6;C2;C3;C4;C5;C6;C7;D1;D2;D3;D4;D5;D6;D7;D8";Comodoro | Nova Lacerda | Pontes e Lacerda | Vila Bela da Santíssima Trindade;;4;3;0.1.0-metodologica;2026-07-30T09:54:46-04:00
35391;Barramento II (Montante) - Fazenda Rancho Alegre;Vila Bela da Santíssima Trindade;MT - Secretaria de Estado do Meio Ambiente - SEMA;Paisagismo;Baixo;Não Classificado;4699896;9;Verde;Verde;0,380;insuficiente;23,7;2;2;5;0;não avaliado;;R06;"A6;B2;B3;B4;B5;B6;C2;C3;C4;C5;C6;C7;D1;D2;D3;D4;D5;D6;D7;D8";Comodoro | Nova Lacerda | Pontes e Lacerda | Vila Bela da Santíssima Trindade;;4;3;0.1.0-metodologica;2026-07-30T09:54:46-04:00
35914;Barramento montante - Galerinha;Vila Bela da Santíssima Trindade;MT - Secretaria de Estado do Meio Ambiente - SEMA;Aquicultura;Baixo;Não Classificado;4699398;7;Verde;Verde;0,330;insuficiente;21,2;5;2;0;0;não avaliado;;R06;"A6;B2;B3;B4;B5;B6;C1;C2;C3;C4;C5;C6;C7;D1;D2;D3;D4;D5;D6;D7;D8";;;0;0;0.1.0-metodologica;2026-07-30T09:54:46-04:00
790;Dique de Finos;Vila Bela da Santíssima Trindade;Agência Nacional de Mineração - ANM;Contenção de rejeitos de mineração;Alto;Baixo;46995832;14;Verde;Verde;0,510;parcial;27,5;5;1;7;1;não avaliado;;;"A6;B3;B4;B5;B6;C2;C3;C4;C5;C6;C7;D2;D3;D4;D5;D6;D7;D8";Comodoro | Nova Lacerda;;2;2;0.1.0-metodologica;2026-07-30T09:54:46-04:00
5298;Fazenda Serra Negra;Vila Bela da Santíssima Trindade;MT - Secretaria de Estado do Meio Ambiente - SEMA;Dessedentação Animal;Não Classificado;Não Classificado;46993974;7;Verde;Verde;0,330;insuficiente;21,2;5;2;0;0;não avaliado;;R06;"A6;B2;B3;B4;B5;B6;C1;C2;C3;C4;C5;C6;C7;D1;D2;D3;D4;D5;D6;D7;D8";;;0;0;0.1.0-metodologica;2026-07-30T09:54:46-04:00
26673;Galerinha;Vila Bela da Santíssima Trindade;MT - Secretaria de Estado do Meio Ambiente - SEMA;Dessedentação Animal;Baixo;Baixo;46993982;6;Verde;Verde;0,330;insuficiente;18,2;5;1;0;0;não avaliado;;R06;"A6;B2;B3;B4;B5;B6;C1;C2;C3;C4;C5;C6;C7;D1;D2;D3;D4;D5;D6;D7;D8";;;0;0;0.1.0-metodologica;2026-07-30T09:54:46-04:00
21013;Gleba Tarumã;Vila Bela da Santíssima Trindade;Agência Nacional de Águas e Saneamento Básico - ANA;Irrigação;Não Classificado;Não Classificado;898928;4;Verde;Verde;0,330;insuficiente;12,1;2;2;0;0;não avaliado;;R06;"A6;B2;B3;B4;B5;B6;C1;C2;C3;C4;C5;C6;C7;D1;D2;D3;D4;D5;D6;D7;D8";;;0;0;0.1.0-metodologica;2026-07-30T09:54:46-04:00
23873;Massa d'Água #243832;Vila Bela da Santíssima Trindade;Agência Nacional de Águas e Saneamento Básico - ANA;Irrigação;Não Classificado;Não Classificado;898928;4;Verde;Verde;0,330;insuficiente;12,1;2;2;0;0;não avaliado;;R06;"A6;B2;B3;B4;B5;B6;C1;C2;C3;C4;C5;C6;C7;D1;D2;D3;D4;D5;D6;D7;D8";;;0;0;0.1.0-metodologica;2026-07-30T09:54:46-04:00
26266;SERRA;Vila Bela da Santíssima Trindade;Agência Nacional de Mineração - ANM;Contenção de rejeitos de mineração;Baixo;Baixo;469958224;16;Verde;Verde;0,530;parcial;30,2;5;4;7;0;não avaliado;;;"A6;B4;B5;B6;C2;C3;C4;C5;C6;C7;D1;D2;D3;D4;D5;D6;D7;D8";Comodoro | Nova Lacerda | Vila Bela da Santíssima Trindade;;3;2;0.1.0-metodologica;2026-07-30T09:54:46-04:00
20615;UHE Jauru - Barragem Auxiliar;Vila Bela da Santíssima Trindade;Agência Nacional de Energia Elétrica - ANEEL;Hidroelétrica;Alto;Médio;469978;11;Verde;Verde;0,410;parcial;26,8;2;3;5;1;não avaliado;;R06;"A6;B2;B3;B4;B5;B6;C2;C3;C4;C5;C6;C7;D2;D3;D4;D5;D6;D7;D8";Comodoro | Nova Lacerda | Vila Bela da Santíssima Trindade;;3;2;0.1.0-metodologica;2026-07-30T09:54:46-04:00
5108;UHE Jauru - Barragem Principal;Vila Bela da Santíssima Trindade;Agência Nacional de Energia Elétrica - ANEEL;Hidroelétrica;Alto;Médio;469978;11;Verde;Verde;0,410;parcial;26,8;2;3;5;1;não avaliado;;R06;"A6;B2;B3;B4;B5;B6;C2;C3;C4;C5;C6;C7;D2;D3;D4;D5;D6;D7;D8";Comodoro | Nova Lacerda | Vila Bela da Santíssima Trindade;;3;2;0.1.0-metodologica;2026-07-30T09:54:46-04:00
36541;BARRAGEM ANGICO;Vila Rica;MT - Secretaria de Estado do Meio Ambiente - SEMA;Dessedentação Animal;Baixo;Alto;674;6;Verde;Verde;0,330;insuficiente;18,2;1;5;0;0;não avaliado;;R06;"A6;B2;B3;B4;B5;B6;C1;C2;C3;C4;C5;C6;C7;D1;D2;D3;D4;D5;D6;D7;D8";;;0;0;0.1.0-metodologica;2026-07-30T09:54:46-04:00
36103;Barragem 1 Fazenda Primavera;Vila Rica;MT - Secretaria de Estado do Meio Ambiente - SEMA;Recreação;Baixo;Médio;42542;4;Verde;Verde;0,330;insuficiente;12,1;1;3;0;0;não avaliado;;R06;"A6;B2;B3;B4;B5;B6;C1;C2;C3;C4;C5;C6;C7;D1;D2;D3;D4;D5;D6;D7;D8";;;0;0;0.1.0-metodologica;2026-07-30T09:54:46-04:00
35248;Barragem Fazenda Divisa;Vila Rica;MT - Secretaria de Estado do Meio Ambiente - SEMA;Irrigação;Baixo;Médio;674;4;Verde;Verde;0,330;insuficiente;12,1;1;3;0;0;não avaliado;;R06;"A6;B2;B3;B4;B5;B6;C1;C2;C3;C4;C5;C6;C7;D1;D2;D3;D4;D5;D6;D7;D8";;;0;0;0.1.0-metodologica;2026-07-30T09:54:46-04:00
36496;Barramento Fazenda Primavera;Vila Rica;MT - Secretaria de Estado do Meio Ambiente - SEMA;Recreação;Baixo;Médio;42542;4;Verde;Verde;0,330;insuficiente;12,1;1;3;0;0;não avaliado;;R06;"A6;B2;B3;B4;B5;B6;C1;C2;C3;C4;C5;C6;C7;D1;D2;D3;D4;D5;D6;D7;D8";;;0;0;0.1.0-metodologica;2026-07-30T09:54:46-04:00
22229;Fazenda Europa;Vila Rica;Agência Nacional de Águas e Saneamento Básico - ANA;Recreação;Baixo;Não se Aplica;659852;2;Verde;Verde;0,330;insuficiente;6,1;1;1;0;0;não avaliado;;R06;"A6;B2;B3;B4;B5;B6;C1;C2;C3;C4;C5;C6;C7;D1;D2;D3;D4;D5;D6;D7;D8";;;0;0;0.1.0-metodologica;2026-07-30T09:54:46-04:00
20147;Fazenda Urupianga;Vila Rica;MT - Secretaria de Estado do Meio Ambiente - SEMA;Dessedentação Animal;Baixo;Não se Aplica;67618;2;Verde;Verde;0,330;insuficiente;6,1;1;1;0;0;não avaliado;;R06;"A6;B2;B3;B4;B5;B6;C1;C2;C3;C4;C5;C6;C7;D1;D2;D3;D4;D5;D6;D7;D8";;;0;0;0.1.0-metodologica;2026-07-30T09:54:46-04:00
26332;Fazenda Vila Rica I;Vila Rica;MT - Secretaria de Estado do Meio Ambiente - SEMA;Dessedentação Animal;Baixo;Médio;4254294;9;Verde;Verde;0,380;insuficiente;23,7;1;3;5;0;não avaliado;;R06;"A6;B2;B3;B4;B5;B6;C2;C3;C4;C5;C6;C7;D1;D2;D3;D4;D5;D6;D7;D8";Vila Rica;;1;0;0.1.0-metodologica;2026-07-30T09:54:46-04:00
33981;Vila Rica IV;Vila Rica;MT - Secretaria de Estado do Meio Ambiente - SEMA;Dessedentação Animal;Baixo;Médio;4254296;4;Verde;Verde;0,330;insuficiente;12,1;1;3;0;0;não avaliado;;R06;"A6;B2;B3;B4;B5;B6;C1;C2;C3;C4;C5;C6;C7;D1;D2;D3;D4;D5;D6;D7;D8";;;0;0;0.1.0-metodologica;2026-07-30T09:54:46-04:00
34474;Vila Rica IX;Vila Rica;MT - Secretaria de Estado do Meio Ambiente - SEMA;Dessedentação Animal;Baixo;Médio;42542;4;Verde;Verde;0,330;insuficiente;12,1;1;3;0;0;não avaliado;;R06;"A6;B2;B3;B4;B5;B6;C1;C2;C3;C4;C5;C6;C7;D1;D2;D3;D4;D5;D6;D7;D8";;;0;0;0.1.0-metodologica;2026-07-30T09:54:46-04:00
34471;Vila Rica VII;Vila Rica;MT - Secretaria de Estado do Meio Ambiente - SEMA;Dessedentação Animal;Baixo;Médio;42542;4;Verde;Verde;0,330;insuficiente;12,1;1;3;0;0;não avaliado;;R06;"A6;B2;B3;B4;B5;B6;C1;C2;C3;C4;C5;C6;C7;D1;D2;D3;D4;D5;D6;D7;D8";;;0;0;0.1.0-metodologica;2026-07-30T09:54:46-04:00
34473;Vila Rica VIII;Vila Rica;MT - Secretaria de Estado do Meio Ambiente - SEMA;Dessedentação Animal;Baixo;Médio;42542;4;Verde;Verde;0,330;insuficiente;12,1;1;3;0;0;não avaliado;;R06;"A6;B2;B3;B4;B5;B6;C1;C2;C3;C4;C5;C6;C7;D1;D2;D3;D4;D5;D6;D7;D8";;;0;0;0.1.0-metodologica;2026-07-30T09:54:46-04:00
37452;Fazenda Atlântica - Araras;Vera;MT - Secretaria de Estado do Meio Ambiente - SEMA;Irrigação;Baixo;Baixo;42698;7;Verde;Verde;0,380;insuficiente;18,4;1;1;5;0;não avaliado;;R06;"A6;B2;B3;B4;B5;B6;C2;C3;C4;C5;C6;C7;D1;D2;D3;D4;D5;D6;D7;D8";Cláudia | Marcelândia | Santa Carmem | União do Sul;;4;4;0.1.0-metodologica;2026-07-30T09:54:46-04:00
37519;Fazenda Confiança (Reservatório 1);Vera;MT - Secretaria de Estado do Meio Ambiente - SEMA;Irrigação;Baixo;Médio;4449242;9;Verde;Verde;0,380;insuficiente;23,7;1;3;5;0;não avaliado;;R06;"A6;B2;B3;B4;B5;B6;C2;C3;C4;C5;C6;C7;D1;D2;D3;D4;D5;D6;D7;D8";Alta Floresta | Carlinda | Itaúba | Nova Canaã do Norte | Sinop | Vera;;6;5;0.1.0-metodologica;2026-07-30T09:54:46-04:00
37571;Fazenda Confiança (Reservatório 2);Vera;MT - Secretaria de Estado do Meio Ambiente - SEMA;Irrigação;Baixo;Médio;444924;9;Verde;Verde;0,380;insuficiente;23,7;1;3;5;0;não avaliado;;R06;"A6;B2;B3;B4;B5;B6;C2;C3;C4;C5;C6;C7;D1;D2;D3;D4;D5;D6;D7;D8";Alta Floresta | Carlinda | Itaúba | Nova Canaã do Norte | Sinop | Vera;;6;5;0.1.0-metodologica;2026-07-30T09:54:46-04:00
5314;Cabeceiras;Vila Bela da Santíssima Trindade;Agência Nacional de Mineração - ANM;Contenção de rejeitos de mineração;Médio;Baixo;4699582;17;Verde;Verde;0,560;parcial;30,4;5;4;7;1;não avaliado;;;"A6;B4;B5;B6;C2;C3;C4;C5;C6;C7;D2;D3;D4;D5;D6;D7;D8";Comodoro | Nova Lacerda;;2;2;0.1.0-metodologica;2026-07-30T09:54:46-04:00
5315;Casarão;Vila Bela da Santíssima Trindade;Agência Nacional de Mineração - ANM;Contenção de rejeitos de mineração;Médio;Baixo;46995832;17;Verde;Verde;0,560;parcial;30,4;5;4;7;1;não avaliado;;;"A6;B4;B5;B6;C2;C3;C4;C5;C6;C7;D2;D3;D4;D5;D6;D7;D8";Comodoro | Nova Lacerda;;2;2;0.1.0-metodologica;2026-07-30T09:54:46-04:00
20196;Afluente do Pitomba;Várzea Grande;MT - Secretaria de Estado do Meio Ambiente - SEMA;Industrial;Baixo;Não Classificado;896574;17;Amarelo;Verde;0,470;parcial;36,2;5;2;9;1;não;não;"R06;R10;R11";"B2;B3;B4;B5;B6;C2;C4;C5;C6;C7;D1;D2;D3;D4;D5;D6;D7";Cuiabá | Nossa Senhora do Livramento | Várzea Grande;;3;2;0.1.0-metodologica;2026-07-30T09:54:46-04:00
35119;BARRAGEM ROSA CRISTINA I;Várzea Grande;MT - Secretaria de Estado do Meio Ambiente - SEMA;Aquicultura;Médio;Médio;8965756;18;Amarelo;Verde;0,470;parcial;38,3;5;3;9;1;não;não;"R06;R10;R11";"B2;B3;B4;B5;B6;C2;C4;C5;C6;C7;D1;D2;D3;D4;D5;D6;D7";Cuiabá | Nossa Senhora do Livramento | Várzea Grande;;3;2;0.1.0-metodologica;2026-07-30T09:54:46-04:00
28304;Barragem 4;Várzea Grande;MT - Secretaria de Estado do Meio Ambiente - SEMA;Paisagismo;Médio;Baixo;896;2;Verde;Verde;0,330;insuficiente;6,1;1;1;0;0;não avaliado;;R06;"A6;B2;B3;B4;B5;B6;C1;C2;C3;C4;C5;C6;C7;D1;D2;D3;D4;D5;D6;D7;D8";;Alto Garças | Chapada dos Guimarães | Cuiabá | Guiratinga | Itiquira | Jaciara | Jangada | Juscimeira | Nossa Senhora do Livramento | Pedra Preta | Poxoréu | Rondonópolis | Rosário Oeste | Santo Antônio de Leverger | São José do Povo;0;0;0.1.0-metodologica;2026-07-30T09:54:46-04:00
20141;Chapéu do Sol;Várzea Grande;MT - Secretaria de Estado do Meio Ambiente - SEMA;Aquicultura;Baixo;Não Classificado;896574;17;Amarelo;Verde;0,470;parcial;36,2;5;2;9;1;não;não;"R06;R10;R11";"B2;B3;B4;B5;B6;C2;C4;C5;C6;C7;D1;D2;D3;D4;D5;D6;D7";Cuiabá | Nossa Senhora do Livramento | Várzea Grande;;3;2;0.1.0-metodologica;2026-07-30T09:54:46-04:00
5339;ESTÂNCIA RANCHO DOURADO;Várzea Grande;MT - Secretaria de Estado do Meio Ambiente - SEMA;Aquicultura;Não Classificado;Não Classificado;8965756;17;Amarelo;Verde;0,470;parcial;36,2;5;2;9;1;não;não;"R06;R10;R11";"B2;B3;B4;B5;B6;C2;C4;C5;C6;C7;D1;D2;D3;D4;D5;D6;D7";Cuiabá | Nossa Senhora do Livramento | Várzea Grande;;3;2;0.1.0-metodologica;2026-07-30T09:54:46-04:00
20138;Fazenda Santa Luzia;Várzea Grande;MT - Secretaria de Estado do Meio Ambiente - SEMA;Aquicultura;Baixo;Não Classificado;8965756;17;Amarelo;Verde;0,470;parcial;36,2;5;2;9;1;não;não;"R06;R10;R11";"B2;B3;B4;B5;B6;C2;C4;C5;C6;C7;D1;D2;D3;D4;D5;D6;D7";Cuiabá | Nossa Senhora do Livramento | Várzea Grande;;3;2;0.1.0-metodologica;2026-07-30T09:54:46-04:00
20135;Fazenda São Jose;Várzea Grande;MT - Secretaria de Estado do Meio Ambiente - SEMA;Aquicultura;Não Classificado;Não Classificado;89657182;17;Amarelo;Verde;0,470;parcial;36,2;5;2;9;1;não;não;"R06;R10;R11";"B2;B3;B4;B5;B6;C2;C4;C5;C6;C7;D1;D2;D3;D4;D5;D6;D7";Várzea Grande;;1;0;0.1.0-metodologica;2026-07-30T09:54:46-04:00
21935;córrego Sapateiro;Várzea Grande;MT - Secretaria de Estado do Meio Ambiente - SEMA;Industrial;Baixo;Não Classificado;896574;17;Amarelo;Verde;0,470;parcial;36,2;5;2;9;1;não;não;"R06;R10;R11";"B2;B3;B4;B5;B6;C2;C4;C5;C6;C7;D1;D2;D3;D4;D5;D6;D7";Cuiabá | Nossa Senhora do Livramento | Várzea Grande;;3;2;0.1.0-metodologica;2026-07-30T09:54:46-04:00
27937;BRAVO 1;Várzea Grande;Agência Nacional de Mineração - ANM;Contenção de rejeitos de mineração;Médio;Baixo;896578;19;Amarelo;Verde;0,500;parcial;38,0;5;1;11;2;não;não;"R06;R10;R11";"B2;B3;B4;B5;B6;C2;C4;C5;C6;C7;D2;D3;D4;D5;D6;D7";Cuiabá | Nossa Senhora do Livramento | Várzea Grande;;3;2;0.1.0-metodologica;2026-07-30T09:54:46-04:00
26265;BRAVO II;Várzea Grande;Agência Nacional de Mineração - ANM;Contenção de rejeitos de mineração;Baixo;Baixo;896578;18;Amarelo;Verde;0,470;parcial;38,3;5;1;11;1;não;não;"R06;R10;R11";"B2;B3;B4;B5;B6;C2;C4;C5;C6;C7;D1;D2;D3;D4;D5;D6;D7";Cuiabá | Nossa Senhora do Livramento | Várzea Grande;;3;2;0.1.0-metodologica;2026-07-30T09:54:46-04:00
31525;BRAVO IV;Várzea Grande;Agência Nacional de Mineração - ANM;Contenção de rejeitos de mineração;Baixo;Baixo;896578;18;Amarelo;Verde;0,470;parcial;38,3;5;1;11;1;não;não;"R06;R10;R11";"B2;B3;B4;B5;B6;C2;C4;C5;C6;C7;D1;D2;D3;D4;D5;D6;D7";Cuiabá | Nossa Senhora do Livramento | Várzea Grande;;3;2;0.1.0-metodologica;2026-07-30T09:54:46-04:00
34579;Barragem Fazenda Dois Filhos;Água Boa;MT - Secretaria de Estado do Meio Ambiente - SEMA;Abastecimento humano;Baixo;Médio;429652;3;Verde;Verde;0,330;insuficiente;9,1;0;3;0;0;não avaliado;;R06;"A6;B2;B3;B4;B5;B6;C1;C2;C3;C4;C5;C6;C7;D1;D2;D3;D4;D5;D6;D7;D8";;;0;0;0.1.0-metodologica;2026-07-30T09:54:46-04:00
35339;Barragem I - Fazenda Jerusalém VIII;Água Boa;MT - Secretaria de Estado do Meio Ambiente - SEMA;Paisagismo;Baixo;Médio;42966;3;Verde;Verde;0,330;insuficiente;9,1;0;3;0;0;não avaliado;;R06;"A6;B2;B3;B4;B5;B6;C1;C2;C3;C4;C5;C6;C7;D1;D2;D3;D4;D5;D6;D7;D8";;;0;0;0.1.0-metodologica;2026-07-30T09:54:46-04:00
8176;Barragem principal Estância Bahia Leilões;Água Boa;MT - Secretaria de Estado do Meio Ambiente - SEMA;Irrigação;Baixo;Médio;6868;3;Verde;Verde;0,330;insuficiente;9,1;0;3;0;0;não avaliado;;R06;"A6;B2;B3;B4;B5;B6;C1;C2;C3;C4;C5;C6;C7;D1;D2;D3;D4;D5;D6;D7;D8";;;0;0;0.1.0-metodologica;2026-07-30T09:54:46-04:00
36436;Barramento Fazenda Santana;Água Boa;MT - Secretaria de Estado do Meio Ambiente - SEMA;Irrigação;Baixo;Médio;429652;3;Verde;Verde;0,330;insuficiente;9,1;0;3;0;0;não avaliado;;R06;"A6;B2;B3;B4;B5;B6;C1;C2;C3;C4;C5;C6;C7;D1;D2;D3;D4;D5;D6;D7;D8";;;0;0;0.1.0-metodologica;2026-07-30T09:54:46-04:00
35185;Barramento Fazenda São Luiz;Água Boa;MT - Secretaria de Estado do Meio Ambiente - SEMA;Irrigação;Baixo;Médio;4296;3;Verde;Verde;0,330;insuficiente;9,1;0;3;0;0;não avaliado;;R06;"A6;B2;B3;B4;B5;B6;C1;C2;C3;C4;C5;C6;C7;D1;D2;D3;D4;D5;D6;D7;D8";;Canarana;0;0;0.1.0-metodologica;2026-07-30T09:54:46-04:00
8166;Barramento Principal - Fazenda Estância Bahia II;Água Boa;MT - Secretaria de Estado do Meio Ambiente - SEMA;Irrigação;Baixo;Médio;4296;3;Verde;Verde;0,330;insuficiente;9,1;0;3;0;0;não avaliado;;R06;"A6;B2;B3;B4;B5;B6;C1;C2;C3;C4;C5;C6;C7;D1;D2;D3;D4;D5;D6;D7;D8";;Canarana;0;0;0.1.0-metodologica;2026-07-30T09:54:46-04:00
32379;Condomínio Adama Duvalle – Barragem 1;Água Boa;MT - Secretaria de Estado do Meio Ambiente - SEMA;Recreação;Médio;Não Classificado;6868;2;Verde;Verde;0,330;insuficiente;6,1;0;2;0;0;não avaliado;;R06;"A6;B2;B3;B4;B5;B6;C1;C2;C3;C4;C5;C6;C7;D1;D2;D3;D4;D5;D6;D7;D8";;;0;0;0.1.0-metodologica;2026-07-30T09:54:46-04:00
32400;FAZENDA HARAS;Água Boa;MT - Secretaria de Estado do Meio Ambiente - SEMA;Regularização de vazão;Médio;Médio;6868;3;Verde;Verde;0,430;parcial;7,0;0;3;0;0;não avaliado;;;"A6;B3;B4;B5;B6;C1;C2;C3;C4;C5;C6;C7;D1;D2;D3;D4;D5;D6;D7;D8";;;0;0;0.1.0-metodologica;2026-07-30T09:54:46-04:00
19987;Fazenda Admar Galle & Filhos;Água Boa;MT - Secretaria de Estado do Meio Ambiente - SEMA;Irrigação;Baixo;Médio;42966;3;Verde;Verde;0,330;insuficiente;9,1;0;3;0;0;não avaliado;;R06;"A6;B2;B3;B4;B5;B6;C1;C2;C3;C4;C5;C6;C7;D1;D2;D3;D4;D5;D6;D7;D8";;;0;0;0.1.0-metodologica;2026-07-30T09:54:46-04:00
8164;Fazenda Alto Areões - Barragem 01;Água Boa;MT - Secretaria de Estado do Meio Ambiente - SEMA;Irrigação;Baixo;Não se Aplica;4296;1;Verde;Verde;0,330;insuficiente;3,0;0;1;0;0;não avaliado;;R06;"A6;B2;B3;B4;B5;B6;C1;C2;C3;C4;C5;C6;C7;D1;D2;D3;D4;D5;D6;D7;D8";;Canarana;0;0;0.1.0-metodologica;2026-07-30T09:54:46-04:00
8165;Fazenda Alto Areões-Barragem 02;Água Boa;MT - Secretaria de Estado do Meio Ambiente - SEMA;Irrigação;Baixo;Não se Aplica;4296;1;Verde;Verde;0,330;insuficiente;3,0;0;1;0;0;não avaliado;;R06;"A6;B2;B3;B4;B5;B6;C1;C2;C3;C4;C5;C6;C7;D1;D2;D3;D4;D5;D6;D7;D8";;Canarana;0;0;0.1.0-metodologica;2026-07-30T09:54:46-04:00
19978;Fazenda Santa Lourdes;Água Boa;MT - Secretaria de Estado do Meio Ambiente - SEMA;Aquicultura;Baixo;Médio;42966;3;Verde;Verde;0,330;insuficiente;9,1;0;3;0;0;não avaliado;;R06;"A6;B2;B3;B4;B5;B6;C1;C2;C3;C4;C5;C6;C7;D1;D2;D3;D4;D5;D6;D7;D8";;;0;0;0.1.0-metodologica;2026-07-30T09:54:46-04:00
20127;Fazenda São Paulo;Água Boa;MT - Secretaria de Estado do Meio Ambiente - SEMA;Aquicultura;Baixo;Não Classificado;429664;2;Verde;Verde;0,330;insuficiente;6,1;0;2;0;0;não avaliado;;R06;"A6;B2;B3;B4;B5;B6;C1;C2;C3;C4;C5;C6;C7;D1;D2;D3;D4;D5;D6;D7;D8";;;0;0;0.1.0-metodologica;2026-07-30T09:54:46-04:00
32034;Fazenda Três Marcos – Barragem 1;Água Boa;MT - Secretaria de Estado do Meio Ambiente - SEMA;Irrigação;Baixo;Médio;42968;3;Verde;Verde;0,330;insuficiente;9,1;0;3;0;0;não avaliado;;R06;"A6;B2;B3;B4;B5;B6;C1;C2;C3;C4;C5;C6;C7;D1;D2;D3;D4;D5;D6;D7;D8";;;0;0;0.1.0-metodologica;2026-07-30T09:54:46-04:00
30909;Barragem Principal;Água Boa;MT - Secretaria de Estado do Meio Ambiente - SEMA;Irrigação;Médio;Alto;42966;11;Verde;Verde;0,460;parcial;23,9;0;8;0;3;não avaliado;;;"A6;B3;B4;B5;B6;C1;C2;C3;C4;C5;C6;C7;D2;D3;D4;D5;D6;D7;D8";;;0;0;0.1.0-metodologica;2026-07-30T09:54:46-04:00
37450;Fazenda Córrego Fundo;Água Boa;MT - Secretaria de Estado do Meio Ambiente - SEMA;Industrial;Baixo;Baixo;429626;6;Verde;Verde;0,380;insuficiente;15,8;0;1;5;0;não avaliado;;R06;"A6;B2;B3;B4;B5;B6;C2;C3;C4;C5;C6;C7;D1;D2;D3;D4;D5;D6;D7;D8";Água Boa;;1;0;0.1.0-metodologica;2026-07-30T09:54:46-04:00
