id_snisb;nome_barragem;municipio_sede;piloto_eixo;rank;codigo_estacao;nome_estacao;nome_rio;municipio_estacao;lat;lon;dist_barragem_km;dist_eixo_km;no_corredor_eixo;relacao;cota_cm;vazao_m3s;cota_alerta_cm;razao_nivel_cota_alerta;data_ultima;fonte_estacao;fonte_telemetria;a6_fonte
31990;1A;Alta Floresta;0;1;17381600;UHE TELES PIRES RIO SANTA HELENA;RIO SANTA HELENA;;-9,802800;-56,335000;15,96;544,13;0;montante;;;;;;sqlite:sis_cloud_seed.db:ana_estacoes;sqlite:sis_cloud_seed.db:ana_telemetria;
31990;1A;Alta Floresta;0;2;17381100;UHE TELES PIRES MONTANTE 1;RIO TELES PIRES (OU SÃO MANUEL);;-9,641400;-56,023100;31,97;562,52;0;montante;;;;;;sqlite:sis_cloud_seed.db:ana_estacoes;sqlite:sis_cloud_seed.db:ana_telemetria;
31990;1A;Alta Floresta;0;3;17381000;ALTA FLORESTA - RIO TELES PIRES;RIO TELES PIRES (OU SÃO MANUEL);;-9,639200;-56,014400;32,76;562,80;0;montante;535,0;;;;2026-09-07 10:00:00;sqlite:sis_cloud_seed.db:ana_estacoes;sqlite:sis_cloud_seed.db:ana_telemetria;contexto_somente
31977;2B;Alta Floresta;0;1;17381600;UHE TELES PIRES RIO SANTA HELENA;RIO SANTA HELENA;;-9,802800;-56,335000;16,88;544,13;0;montante;;;;;;sqlite:sis_cloud_seed.db:ana_estacoes;sqlite:sis_cloud_seed.db:ana_telemetria;
31977;2B;Alta Floresta;0;2;17381100;UHE TELES PIRES MONTANTE 1;RIO TELES PIRES (OU SÃO MANUEL);;-9,641400;-56,023100;33,39;562,52;0;montante;;;;;;sqlite:sis_cloud_seed.db:ana_estacoes;sqlite:sis_cloud_seed.db:ana_telemetria;
31977;2B;Alta Floresta;0;3;17381000;ALTA FLORESTA - RIO TELES PIRES;RIO TELES PIRES (OU SÃO MANUEL);;-9,639200;-56,014400;34,16;562,80;0;montante;535,0;;;;2026-09-07 10:00:00;sqlite:sis_cloud_seed.db:ana_estacoes;sqlite:sis_cloud_seed.db:ana_telemetria;contexto_somente
21862;BONANZA;Alta Floresta;0;1;17381100;UHE TELES PIRES MONTANTE 1;RIO TELES PIRES (OU SÃO MANUEL);;-9,641400;-56,023100;21,79;562,52;0;montante;;;;;;sqlite:sis_cloud_seed.db:ana_estacoes;sqlite:sis_cloud_seed.db:ana_telemetria;
21862;BONANZA;Alta Floresta;0;2;17381000;ALTA FLORESTA - RIO TELES PIRES;RIO TELES PIRES (OU SÃO MANUEL);;-9,639200;-56,014400;22,21;562,80;0;montante;535,0;;;;2026-09-07 10:00:00;sqlite:sis_cloud_seed.db:ana_estacoes;sqlite:sis_cloud_seed.db:ana_telemetria;contexto_somente
21862;BONANZA;Alta Floresta;0;3;17378000;UHE TELES PIRES RIO CRISTALINO;RIO CRISTALINO;;-9,598100;-55,930600;29,69;567,85;0;montante;;;;;;sqlite:sis_cloud_seed.db:ana_estacoes;sqlite:sis_cloud_seed.db:ana_telemetria;
31551;Barragem 07 - Fazenda Zeniiti III;Alta Floresta;0;1;17381600;UHE TELES PIRES RIO SANTA HELENA;RIO SANTA HELENA;;-9,802800;-56,335000;18,66;544,13;0;montante;;;;;;sqlite:sis_cloud_seed.db:ana_estacoes;sqlite:sis_cloud_seed.db:ana_telemetria;
31551;Barragem 07 - Fazenda Zeniiti III;Alta Floresta;0;2;17381100;UHE TELES PIRES MONTANTE 1;RIO TELES PIRES (OU SÃO MANUEL);;-9,641400;-56,023100;38,59;562,52;0;montante;;;;;;sqlite:sis_cloud_seed.db:ana_estacoes;sqlite:sis_cloud_seed.db:ana_telemetria;
31551;Barragem 07 - Fazenda Zeniiti III;Alta Floresta;0;3;17381000;ALTA FLORESTA - RIO TELES PIRES;RIO TELES PIRES (OU SÃO MANUEL);;-9,639200;-56,014400;39,34;562,80;0;montante;535,0;;;;2026-09-07 10:00:00;sqlite:sis_cloud_seed.db:ana_estacoes;sqlite:sis_cloud_seed.db:ana_telemetria;contexto_somente
37352;Barragem I - Fazenda Mariana II;Alta Floresta;0;1;17381600;UHE TELES PIRES RIO SANTA HELENA;RIO SANTA HELENA;;-9,802800;-56,335000;24,27;544,13;0;montante;;;;;;sqlite:sis_cloud_seed.db:ana_estacoes;sqlite:sis_cloud_seed.db:ana_telemetria;
37352;Barragem I - Fazenda Mariana II;Alta Floresta;0;2;17381100;UHE TELES PIRES MONTANTE 1;RIO TELES PIRES (OU SÃO MANUEL);;-9,641400;-56,023100;38,49;562,52;0;montante;;;;;;sqlite:sis_cloud_seed.db:ana_estacoes;sqlite:sis_cloud_seed.db:ana_telemetria;
37352;Barragem I - Fazenda Mariana II;Alta Floresta;0;3;17381000;ALTA FLORESTA - RIO TELES PIRES;RIO TELES PIRES (OU SÃO MANUEL);;-9,639200;-56,014400;39,13;562,80;0;montante;535,0;;;;2026-09-07 10:00:00;sqlite:sis_cloud_seed.db:ana_estacoes;sqlite:sis_cloud_seed.db:ana_telemetria;contexto_somente
37353;Barragem II - Fazenda Mariana II;Alta Floresta;0;1;17381600;UHE TELES PIRES RIO SANTA HELENA;RIO SANTA HELENA;;-9,802800;-56,335000;24,50;544,13;0;montante;;;;;;sqlite:sis_cloud_seed.db:ana_estacoes;sqlite:sis_cloud_seed.db:ana_telemetria;
37353;Barragem II - Fazenda Mariana II;Alta Floresta;0;2;17381100;UHE TELES PIRES MONTANTE 1;RIO TELES PIRES (OU SÃO MANUEL);;-9,641400;-56,023100;39,04;562,52;0;montante;;;;;;sqlite:sis_cloud_seed.db:ana_estacoes;sqlite:sis_cloud_seed.db:ana_telemetria;
37353;Barragem II - Fazenda Mariana II;Alta Floresta;0;3;17381000;ALTA FLORESTA - RIO TELES PIRES;RIO TELES PIRES (OU SÃO MANUEL);;-9,639200;-56,014400;39,68;562,80;0;montante;535,0;;;;2026-09-07 10:00:00;sqlite:sis_cloud_seed.db:ana_estacoes;sqlite:sis_cloud_seed.db:ana_telemetria;contexto_somente
34585;Barramento - Fazenda Cristalino III;Alta Floresta;0;1;17381000;ALTA FLORESTA - RIO TELES PIRES;RIO TELES PIRES (OU SÃO MANUEL);;-9,639200;-56,014400;7,39;562,80;0;montante;535,0;;;;2026-09-07 10:00:00;sqlite:sis_cloud_seed.db:ana_estacoes;sqlite:sis_cloud_seed.db:ana_telemetria;contexto_somente
34585;Barramento - Fazenda Cristalino III;Alta Floresta;0;2;17381100;UHE TELES PIRES MONTANTE 1;RIO TELES PIRES (OU SÃO MANUEL);;-9,641400;-56,023100;7,62;562,52;0;montante;;;;;;sqlite:sis_cloud_seed.db:ana_estacoes;sqlite:sis_cloud_seed.db:ana_telemetria;
34585;Barramento - Fazenda Cristalino III;Alta Floresta;0;3;17378000;UHE TELES PIRES RIO CRISTALINO;RIO CRISTALINO;;-9,598100;-55,930600;12,86;567,85;0;montante;;;;;;sqlite:sis_cloud_seed.db:ana_estacoes;sqlite:sis_cloud_seed.db:ana_telemetria;
35005;Barramento - Fazenda Tropeiro Velho IV e V;Alta Floresta;0;1;17385000;PCH CABEÇA DE BOI MONTANTE 2;RIO APIACÁS;;-10,638900;-56,518100;48,80;452,04;0;jusante;;;;;;sqlite:sis_cloud_seed.db:ana_estacoes;sqlite:sis_cloud_seed.db:ana_telemetria;
35005;Barramento - Fazenda Tropeiro Velho IV e V;Alta Floresta;0;2;17381600;UHE TELES PIRES RIO SANTA HELENA;RIO SANTA HELENA;;-9,802800;-56,335000;52,46;544,13;0;montante;;;;;;sqlite:sis_cloud_seed.db:ana_estacoes;sqlite:sis_cloud_seed.db:ana_telemetria;
35005;Barramento - Fazenda Tropeiro Velho IV e V;Alta Floresta;0;3;17382125;UHE TELES PIRES RIO PARANAITA;RIO TELES PIRES (OU SÃO MANUEL);;-9,925600;-56,635300;55,04;532,07;0;montante;;;;;;sqlite:sis_cloud_seed.db:ana_estacoes;sqlite:sis_cloud_seed.db:ana_telemetria;
35118;Barramento 05 - Fazenda Zeniiti III;Alta Floresta;0;1;17381600;UHE TELES PIRES RIO SANTA HELENA;RIO SANTA HELENA;;-9,802800;-56,335000;17,35;544,13;0;montante;;;;;;sqlite:sis_cloud_seed.db:ana_estacoes;sqlite:sis_cloud_seed.db:ana_telemetria;
35118;Barramento 05 - Fazenda Zeniiti III;Alta Floresta;0;2;17381100;UHE TELES PIRES MONTANTE 1;RIO TELES PIRES (OU SÃO MANUEL);;-9,641400;-56,023100;35,68;562,52;0;montante;;;;;;sqlite:sis_cloud_seed.db:ana_estacoes;sqlite:sis_cloud_seed.db:ana_telemetria;
35118;Barramento 05 - Fazenda Zeniiti III;Alta Floresta;0;3;17381000;ALTA FLORESTA - RIO TELES PIRES;RIO TELES PIRES (OU SÃO MANUEL);;-9,639200;-56,014400;36,44;562,80;0;montante;535,0;;;;2026-09-07 10:00:00;sqlite:sis_cloud_seed.db:ana_estacoes;sqlite:sis_cloud_seed.db:ana_telemetria;contexto_somente
35110;Barramento 10 - Fazenda Zeniiti III;Alta Floresta;0;1;17381600;UHE TELES PIRES RIO SANTA HELENA;RIO SANTA HELENA;;-9,802800;-56,335000;17,46;544,13;0;montante;;;;;;sqlite:sis_cloud_seed.db:ana_estacoes;sqlite:sis_cloud_seed.db:ana_telemetria;
35110;Barramento 10 - Fazenda Zeniiti III;Alta Floresta;0;2;17381100;UHE TELES PIRES MONTANTE 1;RIO TELES PIRES (OU SÃO MANUEL);;-9,641400;-56,023100;37,08;562,52;0;montante;;;;;;sqlite:sis_cloud_seed.db:ana_estacoes;sqlite:sis_cloud_seed.db:ana_telemetria;
35110;Barramento 10 - Fazenda Zeniiti III;Alta Floresta;0;3;17381000;ALTA FLORESTA - RIO TELES PIRES;RIO TELES PIRES (OU SÃO MANUEL);;-9,639200;-56,014400;37,84;562,80;0;montante;535,0;;;;2026-09-07 10:00:00;sqlite:sis_cloud_seed.db:ana_estacoes;sqlite:sis_cloud_seed.db:ana_telemetria;contexto_somente
35113;Barramento 12 - fazenda Zeniiti III;Alta Floresta;0;1;17381600;UHE TELES PIRES RIO SANTA HELENA;RIO SANTA HELENA;;-9,802800;-56,335000;17,90;544,13;0;montante;;;;;;sqlite:sis_cloud_seed.db:ana_estacoes;sqlite:sis_cloud_seed.db:ana_telemetria;
35113;Barramento 12 - fazenda Zeniiti III;Alta Floresta;0;2;17381100;UHE TELES PIRES MONTANTE 1;RIO TELES PIRES (OU SÃO MANUEL);;-9,641400;-56,023100;37,59;562,52;0;montante;;;;;;sqlite:sis_cloud_seed.db:ana_estacoes;sqlite:sis_cloud_seed.db:ana_telemetria;
35113;Barramento 12 - fazenda Zeniiti III;Alta Floresta;0;3;17381000;ALTA FLORESTA - RIO TELES PIRES;RIO TELES PIRES (OU SÃO MANUEL);;-9,639200;-56,014400;38,35;562,80;0;montante;535,0;;;;2026-09-07 10:00:00;sqlite:sis_cloud_seed.db:ana_estacoes;sqlite:sis_cloud_seed.db:ana_telemetria;contexto_somente
34519;Barramento 15 - Fazenda Zeniiti III;Alta Floresta;0;1;17381600;UHE TELES PIRES RIO SANTA HELENA;RIO SANTA HELENA;;-9,802800;-56,335000;18,77;544,13;0;montante;;;;;;sqlite:sis_cloud_seed.db:ana_estacoes;sqlite:sis_cloud_seed.db:ana_telemetria;
34519;Barramento 15 - Fazenda Zeniiti III;Alta Floresta;0;2;17381100;UHE TELES PIRES MONTANTE 1;RIO TELES PIRES (OU SÃO MANUEL);;-9,641400;-56,023100;36,56;562,52;0;montante;;;;;;sqlite:sis_cloud_seed.db:ana_estacoes;sqlite:sis_cloud_seed.db:ana_telemetria;
34519;Barramento 15 - Fazenda Zeniiti III;Alta Floresta;0;3;17381000;ALTA FLORESTA - RIO TELES PIRES;RIO TELES PIRES (OU SÃO MANUEL);;-9,639200;-56,014400;37,30;562,80;0;montante;535,0;;;;2026-09-07 10:00:00;sqlite:sis_cloud_seed.db:ana_estacoes;sqlite:sis_cloud_seed.db:ana_telemetria;contexto_somente
34520;Barramento 16 - Montante;Alta Floresta;0;1;17381600;UHE TELES PIRES RIO SANTA HELENA;RIO SANTA HELENA;;-9,802800;-56,335000;18,75;544,13;0;montante;;;;;;sqlite:sis_cloud_seed.db:ana_estacoes;sqlite:sis_cloud_seed.db:ana_telemetria;
34520;Barramento 16 - Montante;Alta Floresta;0;2;17381100;UHE TELES PIRES MONTANTE 1;RIO TELES PIRES (OU SÃO MANUEL);;-9,641400;-56,023100;36,82;562,52;0;montante;;;;;;sqlite:sis_cloud_seed.db:ana_estacoes;sqlite:sis_cloud_seed.db:ana_telemetria;
34520;Barramento 16 - Montante;Alta Floresta;0;3;17381000;ALTA FLORESTA - RIO TELES PIRES;RIO TELES PIRES (OU SÃO MANUEL);;-9,639200;-56,014400;37,56;562,80;0;montante;535,0;;;;2026-09-07 10:00:00;sqlite:sis_cloud_seed.db:ana_estacoes;sqlite:sis_cloud_seed.db:ana_telemetria;contexto_somente
34521;Barramento 17 (montante) - Fazenda Zeniiti III;Alta Floresta;0;1;17381600;UHE TELES PIRES RIO SANTA HELENA;RIO SANTA HELENA;;-9,802800;-56,335000;18,74;544,13;0;montante;;;;;;sqlite:sis_cloud_seed.db:ana_estacoes;sqlite:sis_cloud_seed.db:ana_telemetria;
34521;Barramento 17 (montante) - Fazenda Zeniiti III;Alta Floresta;0;2;17381100;UHE TELES PIRES MONTANTE 1;RIO TELES PIRES (OU SÃO MANUEL);;-9,641400;-56,023100;37,25;562,52;0;montante;;;;;;sqlite:sis_cloud_seed.db:ana_estacoes;sqlite:sis_cloud_seed.db:ana_telemetria;
34521;Barramento 17 (montante) - Fazenda Zeniiti III;Alta Floresta;0;3;17381000;ALTA FLORESTA - RIO TELES PIRES;RIO TELES PIRES (OU SÃO MANUEL);;-9,639200;-56,014400;37,99;562,80;0;montante;535,0;;;;2026-09-07 10:00:00;sqlite:sis_cloud_seed.db:ana_estacoes;sqlite:sis_cloud_seed.db:ana_telemetria;contexto_somente
34522;Barramento 18 (montante) - Fazenda Zeniiti III;Alta Floresta;0;1;17381600;UHE TELES PIRES RIO SANTA HELENA;RIO SANTA HELENA;;-9,802800;-56,335000;18,85;544,13;0;montante;;;;;;sqlite:sis_cloud_seed.db:ana_estacoes;sqlite:sis_cloud_seed.db:ana_telemetria;
34522;Barramento 18 (montante) - Fazenda Zeniiti III;Alta Floresta;0;2;17381100;UHE TELES PIRES MONTANTE 1;RIO TELES PIRES (OU SÃO MANUEL);;-9,641400;-56,023100;37,39;562,52;0;montante;;;;;;sqlite:sis_cloud_seed.db:ana_estacoes;sqlite:sis_cloud_seed.db:ana_telemetria;
34522;Barramento 18 (montante) - Fazenda Zeniiti III;Alta Floresta;0;3;17381000;ALTA FLORESTA - RIO TELES PIRES;RIO TELES PIRES (OU SÃO MANUEL);;-9,639200;-56,014400;38,13;562,80;0;montante;535,0;;;;2026-09-07 10:00:00;sqlite:sis_cloud_seed.db:ana_estacoes;sqlite:sis_cloud_seed.db:ana_telemetria;contexto_somente
36669;Chácara Esteio ? Barramento 02;Alta Floresta;0;1;17381100;UHE TELES PIRES MONTANTE 1;RIO TELES PIRES (OU SÃO MANUEL);;-9,641400;-56,023100;28,82;562,52;0;montante;;;;;;sqlite:sis_cloud_seed.db:ana_estacoes;sqlite:sis_cloud_seed.db:ana_telemetria;
36669;Chácara Esteio ? Barramento 02;Alta Floresta;0;2;17381000;ALTA FLORESTA - RIO TELES PIRES;RIO TELES PIRES (OU SÃO MANUEL);;-9,639200;-56,014400;29,21;562,80;0;montante;535,0;;;;2026-09-07 10:00:00;sqlite:sis_cloud_seed.db:ana_estacoes;sqlite:sis_cloud_seed.db:ana_telemetria;contexto_somente
36669;Chácara Esteio ? Barramento 02;Alta Floresta;0;3;17381600;UHE TELES PIRES RIO SANTA HELENA;RIO SANTA HELENA;;-9,802800;-56,335000;31,82;544,13;0;montante;;;;;;sqlite:sis_cloud_seed.db:ana_estacoes;sqlite:sis_cloud_seed.db:ana_telemetria;
31748;Fazenda Agrocondor II;Alta Floresta;0;1;17381600;UHE TELES PIRES RIO SANTA HELENA;RIO SANTA HELENA;;-9,802800;-56,335000;22,23;544,13;0;montante;;;;;;sqlite:sis_cloud_seed.db:ana_estacoes;sqlite:sis_cloud_seed.db:ana_telemetria;
31748;Fazenda Agrocondor II;Alta Floresta;0;2;17381100;UHE TELES PIRES MONTANTE 1;RIO TELES PIRES (OU SÃO MANUEL);;-9,641400;-56,023100;30,44;562,52;0;montante;;;;;;sqlite:sis_cloud_seed.db:ana_estacoes;sqlite:sis_cloud_seed.db:ana_telemetria;
31748;Fazenda Agrocondor II;Alta Floresta;0;3;17381000;ALTA FLORESTA - RIO TELES PIRES;RIO TELES PIRES (OU SÃO MANUEL);;-9,639200;-56,014400;31,10;562,80;0;montante;535,0;;;;2026-09-07 10:00:00;sqlite:sis_cloud_seed.db:ana_estacoes;sqlite:sis_cloud_seed.db:ana_telemetria;contexto_somente
35098;Fazenda Zeniiti III (Barramento 6);Alta Floresta;0;1;17381600;UHE TELES PIRES RIO SANTA HELENA;RIO SANTA HELENA;;-9,802800;-56,335000;17,67;544,13;0;montante;;;;;;sqlite:sis_cloud_seed.db:ana_estacoes;sqlite:sis_cloud_seed.db:ana_telemetria;
35098;Fazenda Zeniiti III (Barramento 6);Alta Floresta;0;2;17381100;UHE TELES PIRES MONTANTE 1;RIO TELES PIRES (OU SÃO MANUEL);;-9,641400;-56,023100;36,36;562,52;0;montante;;;;;;sqlite:sis_cloud_seed.db:ana_estacoes;sqlite:sis_cloud_seed.db:ana_telemetria;
35098;Fazenda Zeniiti III (Barramento 6);Alta Floresta;0;3;17381000;ALTA FLORESTA - RIO TELES PIRES;RIO TELES PIRES (OU SÃO MANUEL);;-9,639200;-56,014400;37,11;562,80;0;montante;535,0;;;;2026-09-07 10:00:00;sqlite:sis_cloud_seed.db:ana_estacoes;sqlite:sis_cloud_seed.db:ana_telemetria;contexto_somente
31920;Fazenda Zeniiti III - Barramento 4;Alta Floresta;0;1;17381600;UHE TELES PIRES RIO SANTA HELENA;RIO SANTA HELENA;;-9,802800;-56,335000;16,69;544,13;0;montante;;;;;;sqlite:sis_cloud_seed.db:ana_estacoes;sqlite:sis_cloud_seed.db:ana_telemetria;
31920;Fazenda Zeniiti III - Barramento 4;Alta Floresta;0;2;17381100;UHE TELES PIRES MONTANTE 1;RIO TELES PIRES (OU SÃO MANUEL);;-9,641400;-56,023100;37,41;562,52;0;montante;;;;;;sqlite:sis_cloud_seed.db:ana_estacoes;sqlite:sis_cloud_seed.db:ana_telemetria;
31920;Fazenda Zeniiti III - Barramento 4;Alta Floresta;0;3;17381000;ALTA FLORESTA - RIO TELES PIRES;RIO TELES PIRES (OU SÃO MANUEL);;-9,639200;-56,014400;38,19;562,80;0;montante;535,0;;;;2026-09-07 10:00:00;sqlite:sis_cloud_seed.db:ana_estacoes;sqlite:sis_cloud_seed.db:ana_telemetria;contexto_somente
34468;Fazenda Zeniiti III – Barramento 05;Alta Floresta;0;1;17381600;UHE TELES PIRES RIO SANTA HELENA;RIO SANTA HELENA;;-9,802800;-56,335000;16,21;544,13;0;montante;;;;;;sqlite:sis_cloud_seed.db:ana_estacoes;sqlite:sis_cloud_seed.db:ana_telemetria;
34468;Fazenda Zeniiti III – Barramento 05;Alta Floresta;0;2;17381100;UHE TELES PIRES MONTANTE 1;RIO TELES PIRES (OU SÃO MANUEL);;-9,641400;-56,023100;35,52;562,52;0;montante;;;;;;sqlite:sis_cloud_seed.db:ana_estacoes;sqlite:sis_cloud_seed.db:ana_telemetria;
34468;Fazenda Zeniiti III – Barramento 05;Alta Floresta;0;3;17381000;ALTA FLORESTA - RIO TELES PIRES;RIO TELES PIRES (OU SÃO MANUEL);;-9,639200;-56,014400;36,29;562,80;0;montante;535,0;;;;2026-09-07 10:00:00;sqlite:sis_cloud_seed.db:ana_estacoes;sqlite:sis_cloud_seed.db:ana_telemetria;contexto_somente
4925;PCH Cabeça de Boi - Cabeça de Boi;Alta Floresta;0;1;17389500;PCH CABEÇA DE BOI BARRAMENTO;RIO APIACÁS;;-10,355300;-56,981100;0,31;489,13;0;local;;;;;;sqlite:sis_cloud_seed.db:ana_estacoes;sqlite:sis_cloud_seed.db:ana_telemetria;
4925;PCH Cabeça de Boi - Cabeça de Boi;Alta Floresta;0;2;17393500;UHE SALTO APIACÁS BARRAMENTO;RIO APIACÁS;;-10,339400;-56,982200;2,04;490,89;0;local;;;;;;sqlite:sis_cloud_seed.db:ana_estacoes;sqlite:sis_cloud_seed.db:ana_telemetria;
4925;PCH Cabeça de Boi - Cabeça de Boi;Alta Floresta;0;3;17394000;PCH DA FAZENDA BARRAMENTO;RIO APIACÁS;;-10,330300;-56,982800;3,05;491,90;0;local;;;;;;sqlite:sis_cloud_seed.db:ana_estacoes;sqlite:sis_cloud_seed.db:ana_telemetria;
5159;PCH Da Fazenda - Da Fazenda;Alta Floresta;0;1;17394000;PCH DA FAZENDA BARRAMENTO;RIO APIACÁS;;-10,330300;-56,982800;0,15;491,90;0;local;;;;;;sqlite:sis_cloud_seed.db:ana_estacoes;sqlite:sis_cloud_seed.db:ana_telemetria;
5159;PCH Da Fazenda - Da Fazenda;Alta Floresta;0;2;17395000;PCH DA FAZENDA JUSANTE;RIO APIACÁS;;-10,326400;-56,983900;0,51;492,35;0;local;;;;;;sqlite:sis_cloud_seed.db:ana_estacoes;sqlite:sis_cloud_seed.db:ana_telemetria;
5159;PCH Da Fazenda - Da Fazenda;Alta Floresta;0;3;17393500;UHE SALTO APIACÁS BARRAMENTO;RIO APIACÁS;;-10,339400;-56,982200;1,02;490,89;0;local;;;;;;sqlite:sis_cloud_seed.db:ana_estacoes;sqlite:sis_cloud_seed.db:ana_telemetria;
20131;PRINCIPAL 2A;Alta Floresta;0;1;17381600;UHE TELES PIRES RIO SANTA HELENA;RIO SANTA HELENA;;-9,802800;-56,335000;16,61;544,13;0;montante;;;;;;sqlite:sis_cloud_seed.db:ana_estacoes;sqlite:sis_cloud_seed.db:ana_telemetria;
20131;PRINCIPAL 2A;Alta Floresta;0;2;17381100;UHE TELES PIRES MONTANTE 1;RIO TELES PIRES (OU SÃO MANUEL);;-9,641400;-56,023100;33,85;562,52;0;montante;;;;;;sqlite:sis_cloud_seed.db:ana_estacoes;sqlite:sis_cloud_seed.db:ana_telemetria;
20131;PRINCIPAL 2A;Alta Floresta;0;3;17381000;ALTA FLORESTA - RIO TELES PIRES;RIO TELES PIRES (OU SÃO MANUEL);;-9,639200;-56,014400;34,63;562,80;0;montante;535,0;;;;2026-09-07 10:00:00;sqlite:sis_cloud_seed.db:ana_estacoes;sqlite:sis_cloud_seed.db:ana_telemetria;contexto_somente
339;Refugio dos Pardais;Alta Floresta;0;1;17381600;UHE TELES PIRES RIO SANTA HELENA;RIO SANTA HELENA;;-9,802800;-56,335000;30,11;544,13;0;montante;;;;;;sqlite:sis_cloud_seed.db:ana_estacoes;sqlite:sis_cloud_seed.db:ana_telemetria;
339;Refugio dos Pardais;Alta Floresta;0;2;17381100;UHE TELES PIRES MONTANTE 1;RIO TELES PIRES (OU SÃO MANUEL);;-9,641400;-56,023100;46,35;562,52;0;montante;;;;;;sqlite:sis_cloud_seed.db:ana_estacoes;sqlite:sis_cloud_seed.db:ana_telemetria;
339;Refugio dos Pardais;Alta Floresta;0;3;17381000;ALTA FLORESTA - RIO TELES PIRES;RIO TELES PIRES (OU SÃO MANUEL);;-9,639200;-56,014400;46,95;562,80;0;montante;535,0;;;;2026-09-07 10:00:00;sqlite:sis_cloud_seed.db:ana_estacoes;sqlite:sis_cloud_seed.db:ana_telemetria;contexto_somente
333;Sítio São Judas Tadeu;Alta Floresta;0;1;17381600;UHE TELES PIRES RIO SANTA HELENA;RIO SANTA HELENA;;-9,802800;-56,335000;28,21;544,13;0;montante;;;;;;sqlite:sis_cloud_seed.db:ana_estacoes;sqlite:sis_cloud_seed.db:ana_telemetria;
333;Sítio São Judas Tadeu;Alta Floresta;0;2;17381100;UHE TELES PIRES MONTANTE 1;RIO TELES PIRES (OU SÃO MANUEL);;-9,641400;-56,023100;36,20;562,52;0;montante;;;;;;sqlite:sis_cloud_seed.db:ana_estacoes;sqlite:sis_cloud_seed.db:ana_telemetria;
333;Sítio São Judas Tadeu;Alta Floresta;0;3;17381000;ALTA FLORESTA - RIO TELES PIRES;RIO TELES PIRES (OU SÃO MANUEL);;-9,639200;-56,014400;36,74;562,80;0;montante;535,0;;;;2026-09-07 10:00:00;sqlite:sis_cloud_seed.db:ana_estacoes;sqlite:sis_cloud_seed.db:ana_telemetria;contexto_somente
20130;barramento 1B;Alta Floresta;0;1;17381600;UHE TELES PIRES RIO SANTA HELENA;RIO SANTA HELENA;;-9,802800;-56,335000;16,12;544,13;0;montante;;;;;;sqlite:sis_cloud_seed.db:ana_estacoes;sqlite:sis_cloud_seed.db:ana_telemetria;
20130;barramento 1B;Alta Floresta;0;2;17381100;UHE TELES PIRES MONTANTE 1;RIO TELES PIRES (OU SÃO MANUEL);;-9,641400;-56,023100;32,02;562,52;0;montante;;;;;;sqlite:sis_cloud_seed.db:ana_estacoes;sqlite:sis_cloud_seed.db:ana_telemetria;
20130;barramento 1B;Alta Floresta;0;3;17381000;ALTA FLORESTA - RIO TELES PIRES;RIO TELES PIRES (OU SÃO MANUEL);;-9,639200;-56,014400;32,81;562,80;0;montante;535,0;;;;2026-09-07 10:00:00;sqlite:sis_cloud_seed.db:ana_estacoes;sqlite:sis_cloud_seed.db:ana_telemetria;contexto_somente
20132;barramento 4;Alta Floresta;0;1;17381600;UHE TELES PIRES RIO SANTA HELENA;RIO SANTA HELENA;;-9,802800;-56,335000;16,91;544,13;0;montante;;;;;;sqlite:sis_cloud_seed.db:ana_estacoes;sqlite:sis_cloud_seed.db:ana_telemetria;
20132;barramento 4;Alta Floresta;0;2;17381100;UHE TELES PIRES MONTANTE 1;RIO TELES PIRES (OU SÃO MANUEL);;-9,641400;-56,023100;34,65;562,52;0;montante;;;;;;sqlite:sis_cloud_seed.db:ana_estacoes;sqlite:sis_cloud_seed.db:ana_telemetria;
20132;barramento 4;Alta Floresta;0;3;17381000;ALTA FLORESTA - RIO TELES PIRES;RIO TELES PIRES (OU SÃO MANUEL);;-9,639200;-56,014400;35,42;562,80;0;montante;535,0;;;;2026-09-07 10:00:00;sqlite:sis_cloud_seed.db:ana_estacoes;sqlite:sis_cloud_seed.db:ana_telemetria;contexto_somente
31228;Barragem na Fazenda dos Sonhos;Alto Araguaia;0;1;24055000;PCH ALTO ARAGUAIA JUSANTE;RIO ARAGUAIA;;-17,296700;-53,217200;13,53;307,48;0;jusante;;;;;;sqlite:sis_cloud_seed.db:ana_estacoes;sqlite:sis_cloud_seed.db:ana_telemetria;
31228;Barragem na Fazenda dos Sonhos;Alto Araguaia;0;2;24051000;PCH ALTO ARAGUAIA MONTANTE 1;RIO ARAGUAIA;;-17,301100;-53,217200;13,88;307,64;0;jusante;;;;;;sqlite:sis_cloud_seed.db:ana_estacoes;sqlite:sis_cloud_seed.db:ana_telemetria;
31228;Barragem na Fazenda dos Sonhos;Alto Araguaia;0;3;24035000;PCH ALTO ARAGUAIA MONTANTE 2;RIO ARAGUAIA;;-17,332200;-53,205000;17,31;310,01;0;jusante;;;;;;sqlite:sis_cloud_seed.db:ana_estacoes;sqlite:sis_cloud_seed.db:ana_telemetria;
24104;CGH Alto Garças - ALTO GARÇAS;Alto Araguaia;0;1;24055000;PCH ALTO ARAGUAIA JUSANTE;RIO ARAGUAIA;;-17,296700;-53,217200;35,89;307,48;0;jusante;;;;;;sqlite:sis_cloud_seed.db:ana_estacoes;sqlite:sis_cloud_seed.db:ana_telemetria;
24104;CGH Alto Garças - ALTO GARÇAS;Alto Araguaia;0;2;24051000;PCH ALTO ARAGUAIA MONTANTE 1;RIO ARAGUAIA;;-17,301100;-53,217200;36,37;307,64;0;jusante;;;;;;sqlite:sis_cloud_seed.db:ana_estacoes;sqlite:sis_cloud_seed.db:ana_telemetria;
24104;CGH Alto Garças - ALTO GARÇAS;Alto Araguaia;0;3;24035000;PCH ALTO ARAGUAIA MONTANTE 2;RIO ARAGUAIA;;-17,332200;-53,205000;40,01;310,01;0;jusante;;;;;;sqlite:sis_cloud_seed.db:ana_estacoes;sqlite:sis_cloud_seed.db:ana_telemetria;
24105;CGH Araguaia - ARAGUAIA;Alto Araguaia;0;1;24055000;PCH ALTO ARAGUAIA JUSANTE;RIO ARAGUAIA;;-17,296700;-53,217200;35,45;307,48;0;jusante;;;;;;sqlite:sis_cloud_seed.db:ana_estacoes;sqlite:sis_cloud_seed.db:ana_telemetria;
24105;CGH Araguaia - ARAGUAIA;Alto Araguaia;0;2;24051000;PCH ALTO ARAGUAIA MONTANTE 1;RIO ARAGUAIA;;-17,301100;-53,217200;35,93;307,64;0;jusante;;;;;;sqlite:sis_cloud_seed.db:ana_estacoes;sqlite:sis_cloud_seed.db:ana_telemetria;
24105;CGH Araguaia - ARAGUAIA;Alto Araguaia;0;3;24035000;PCH ALTO ARAGUAIA MONTANTE 2;RIO ARAGUAIA;;-17,332200;-53,205000;39,58;310,01;0;jusante;;;;;;sqlite:sis_cloud_seed.db:ana_estacoes;sqlite:sis_cloud_seed.db:ana_telemetria;
24106;CGH Araguainha - ARAGUAINHA;Alto Araguaia;0;1;24055000;PCH ALTO ARAGUAIA JUSANTE;RIO ARAGUAIA;;-17,296700;-53,217200;35,47;307,48;0;jusante;;;;;;sqlite:sis_cloud_seed.db:ana_estacoes;sqlite:sis_cloud_seed.db:ana_telemetria;
24106;CGH Araguainha - ARAGUAINHA;Alto Araguaia;0;2;24051000;PCH ALTO ARAGUAIA MONTANTE 1;RIO ARAGUAIA;;-17,301100;-53,217200;35,94;307,64;0;jusante;;;;;;sqlite:sis_cloud_seed.db:ana_estacoes;sqlite:sis_cloud_seed.db:ana_telemetria;
24106;CGH Araguainha - ARAGUAINHA;Alto Araguaia;0;3;24035000;PCH ALTO ARAGUAIA MONTANTE 2;RIO ARAGUAIA;;-17,332200;-53,205000;39,60;310,01;0;jusante;;;;;;sqlite:sis_cloud_seed.db:ana_estacoes;sqlite:sis_cloud_seed.db:ana_telemetria;
4564;PCH Alto Araguaia - Alto Araguaia;Alto Araguaia;0;1;24055000;PCH ALTO ARAGUAIA JUSANTE;RIO ARAGUAIA;;-17,296700;-53,217200;0,25;307,48;0;local;;;;;;sqlite:sis_cloud_seed.db:ana_estacoes;sqlite:sis_cloud_seed.db:ana_telemetria;
4564;PCH Alto Araguaia - Alto Araguaia;Alto Araguaia;0;2;24051000;PCH ALTO ARAGUAIA MONTANTE 1;RIO ARAGUAIA;;-17,301100;-53,217200;0,36;307,64;0;local;;;;;;sqlite:sis_cloud_seed.db:ana_estacoes;sqlite:sis_cloud_seed.db:ana_telemetria;
4564;PCH Alto Araguaia - Alto Araguaia;Alto Araguaia;0;3;24035000;PCH ALTO ARAGUAIA MONTANTE 2;RIO ARAGUAIA;;-17,332200;-53,205000;4,05;310,01;0;jusante;;;;;;sqlite:sis_cloud_seed.db:ana_estacoes;sqlite:sis_cloud_seed.db:ana_telemetria;
36649;Barragem I - Fazenda Água Cristalina;Alto Boa Vista;0;1;26310000;FAZENDA RANCHO ALTO;RIO MURERE;;-12,331700;-51,333100;49,44;556,90;0;jusante;;;;;;sqlite:sis_cloud_seed.db:ana_estacoes;sqlite:sis_cloud_seed.db:ana_telemetria;
22390;Massa d'Água #100513;Alto Boa Vista;0;1;26310000;FAZENDA RANCHO ALTO;RIO MURERE;;-12,331700;-51,333100;79,67;556,90;0;jusante;;;;;;sqlite:sis_cloud_seed.db:ana_estacoes;sqlite:sis_cloud_seed.db:ana_telemetria;
22392;Massa d'Água #101453;Alto Boa Vista;0;1;26310000;FAZENDA RANCHO ALTO;RIO MURERE;;-12,331700;-51,333100;76,33;556,90;0;jusante;;;;;;sqlite:sis_cloud_seed.db:ana_estacoes;sqlite:sis_cloud_seed.db:ana_telemetria;
22395;Massa d'Água #102961;Alto Boa Vista;0;1;26310000;FAZENDA RANCHO ALTO;RIO MURERE;;-12,331700;-51,333100;79,12;556,90;0;jusante;;;;;;sqlite:sis_cloud_seed.db:ana_estacoes;sqlite:sis_cloud_seed.db:ana_telemetria;
22422;Massa d'Água #111848;Alto Boa Vista;0;1;26310000;FAZENDA RANCHO ALTO;RIO MURERE;;-12,331700;-51,333100;72,53;556,90;0;jusante;;;;;;sqlite:sis_cloud_seed.db:ana_estacoes;sqlite:sis_cloud_seed.db:ana_telemetria;
22468;Massa d'Água #129111;Alto Boa Vista;0;1;26310000;FAZENDA RANCHO ALTO;RIO MURERE;;-12,331700;-51,333100;56,35;556,90;0;jusante;;;;;;sqlite:sis_cloud_seed.db:ana_estacoes;sqlite:sis_cloud_seed.db:ana_telemetria;
22492;Massa d'Água #137918;Alto Boa Vista;0;1;26310000;FAZENDA RANCHO ALTO;RIO MURERE;;-12,331700;-51,333100;71,95;556,90;0;jusante;;;;;;sqlite:sis_cloud_seed.db:ana_estacoes;sqlite:sis_cloud_seed.db:ana_telemetria;
22496;Massa d'Água #138439;Alto Boa Vista;0;1;26310000;FAZENDA RANCHO ALTO;RIO MURERE;;-12,331700;-51,333100;76,18;556,90;0;jusante;;;;;;sqlite:sis_cloud_seed.db:ana_estacoes;sqlite:sis_cloud_seed.db:ana_telemetria;
22513;Massa d'Água #143022;Alto Boa Vista;0;1;26310000;FAZENDA RANCHO ALTO;RIO MURERE;;-12,331700;-51,333100;79,68;556,90;0;jusante;;;;;;sqlite:sis_cloud_seed.db:ana_estacoes;sqlite:sis_cloud_seed.db:ana_telemetria;
22551;Massa d'Água #150115;Alto Boa Vista;0;1;26310000;FAZENDA RANCHO ALTO;RIO MURERE;;-12,331700;-51,333100;63,80;556,90;0;jusante;;;;;;sqlite:sis_cloud_seed.db:ana_estacoes;sqlite:sis_cloud_seed.db:ana_telemetria;
22565;Massa d'Água #151852;Alto Boa Vista;0;1;26310000;FAZENDA RANCHO ALTO;RIO MURERE;;-12,331700;-51,333100;72,48;556,90;0;jusante;;;;;;sqlite:sis_cloud_seed.db:ana_estacoes;sqlite:sis_cloud_seed.db:ana_telemetria;
22567;Massa d'Água #152660;Alto Boa Vista;0;1;26310000;FAZENDA RANCHO ALTO;RIO MURERE;;-12,331700;-51,333100;78,05;556,90;0;jusante;;;;;;sqlite:sis_cloud_seed.db:ana_estacoes;sqlite:sis_cloud_seed.db:ana_telemetria;
22574;Massa d'Água #155534;Alto Boa Vista;0;1;26310000;FAZENDA RANCHO ALTO;RIO MURERE;;-12,331700;-51,333100;77,91;556,90;0;jusante;;;;;;sqlite:sis_cloud_seed.db:ana_estacoes;sqlite:sis_cloud_seed.db:ana_telemetria;
23587;Massa d'Água #196269;Alto Boa Vista;0;1;26310000;FAZENDA RANCHO ALTO;RIO MURERE;;-12,331700;-51,333100;78,00;556,90;0;jusante;;;;;;sqlite:sis_cloud_seed.db:ana_estacoes;sqlite:sis_cloud_seed.db:ana_telemetria;
23599;Massa d'Água #200215;Alto Boa Vista;0;1;26310000;FAZENDA RANCHO ALTO;RIO MURERE;;-12,331700;-51,333100;75,18;556,90;0;jusante;;;;;;sqlite:sis_cloud_seed.db:ana_estacoes;sqlite:sis_cloud_seed.db:ana_telemetria;
23600;Massa d'Água #201014;Alto Boa Vista;0;1;26310000;FAZENDA RANCHO ALTO;RIO MURERE;;-12,331700;-51,333100;59,90;556,90;0;jusante;;;;;;sqlite:sis_cloud_seed.db:ana_estacoes;sqlite:sis_cloud_seed.db:ana_telemetria;
23634;Massa d'Água #203966;Alto Boa Vista;0;1;26310000;FAZENDA RANCHO ALTO;RIO MURERE;;-12,331700;-51,333100;61,36;556,90;0;jusante;;;;;;sqlite:sis_cloud_seed.db:ana_estacoes;sqlite:sis_cloud_seed.db:ana_telemetria;
23671;Massa d'Água #212282;Alto Boa Vista;0;1;26310000;FAZENDA RANCHO ALTO;RIO MURERE;;-12,331700;-51,333100;69,38;556,90;0;jusante;;;;;;sqlite:sis_cloud_seed.db:ana_estacoes;sqlite:sis_cloud_seed.db:ana_telemetria;
23678;Massa d'Água #216360;Alto Boa Vista;0;1;26310000;FAZENDA RANCHO ALTO;RIO MURERE;;-12,331700;-51,333100;68,58;556,90;0;jusante;;;;;;sqlite:sis_cloud_seed.db:ana_estacoes;sqlite:sis_cloud_seed.db:ana_telemetria;
23704;Massa d'Água #217286;Alto Boa Vista;0;1;26310000;FAZENDA RANCHO ALTO;RIO MURERE;;-12,331700;-51,333100;75,95;556,90;0;jusante;;;;;;sqlite:sis_cloud_seed.db:ana_estacoes;sqlite:sis_cloud_seed.db:ana_telemetria;
23746;Massa d'Água #221315;Alto Boa Vista;0;1;26310000;FAZENDA RANCHO ALTO;RIO MURERE;;-12,331700;-51,333100;78,95;556,90;0;jusante;;;;;;sqlite:sis_cloud_seed.db:ana_estacoes;sqlite:sis_cloud_seed.db:ana_telemetria;
23768;Massa d'Água #226789;Alto Boa Vista;0;1;26310000;FAZENDA RANCHO ALTO;RIO MURERE;;-12,331700;-51,333100;78,71;556,90;0;jusante;;;;;;sqlite:sis_cloud_seed.db:ana_estacoes;sqlite:sis_cloud_seed.db:ana_telemetria;
22327;Massa d'Água #84492;Alto Boa Vista;0;1;26310000;FAZENDA RANCHO ALTO;RIO MURERE;;-12,331700;-51,333100;79,78;556,90;0;jusante;;;;;;sqlite:sis_cloud_seed.db:ana_estacoes;sqlite:sis_cloud_seed.db:ana_telemetria;
4489;PCH Lajari - Barragem Laje;Alto Taquari;0;1;66830050;PCH LAJARI BARRAMENTO;RIO TAQUARI;;-17,931900;-53,380800;0,08;322,23;0;local;;;;;;sqlite:sis_cloud_seed.db:ana_estacoes;sqlite:sis_cloud_seed.db:ana_telemetria;
4489;PCH Lajari - Barragem Laje;Alto Taquari;0;2;66830000;PCH LAJARI MONTANTE;RIO TAQUARI;;-17,931900;-53,375300;0,65;322,72;0;local;;;;;;sqlite:sis_cloud_seed.db:ana_estacoes;sqlite:sis_cloud_seed.db:ana_telemetria;
4489;PCH Lajari - Barragem Laje;Alto Taquari;0;3;66313000;PCH LAJARI BARRAMENTO RIBEIRÃO DA LAJE;RIBEIRÃO DA LAJE;;-17,921400;-53,401400;2,39;319,76;0;local;;;;;;sqlite:sis_cloud_seed.db:ana_estacoes;sqlite:sis_cloud_seed.db:ana_telemetria;
20534;PCH Lajari - Barragem Taquari;Alto Taquari;0;1;66830050;PCH LAJARI BARRAMENTO;RIO TAQUARI;;-17,931900;-53,380800;0,08;322,23;0;local;;;;;;sqlite:sis_cloud_seed.db:ana_estacoes;sqlite:sis_cloud_seed.db:ana_telemetria;
20534;PCH Lajari - Barragem Taquari;Alto Taquari;0;2;66830000;PCH LAJARI MONTANTE;RIO TAQUARI;;-17,931900;-53,375300;0,65;322,72;0;local;;;;;;sqlite:sis_cloud_seed.db:ana_estacoes;sqlite:sis_cloud_seed.db:ana_telemetria;
20534;PCH Lajari - Barragem Taquari;Alto Taquari;0;3;66313000;PCH LAJARI BARRAMENTO RIBEIRÃO DA LAJE;RIBEIRÃO DA LAJE;;-17,921400;-53,401400;2,39;319,76;0;local;;;;;;sqlite:sis_cloud_seed.db:ana_estacoes;sqlite:sis_cloud_seed.db:ana_telemetria;
29886;B1;Araguaiana;0;1;24850000;ARAGUAIANA;RIO ARAGUAIA;;-15,738100;-51,828100;15,26;433,73;0;jusante;;;;;;sqlite:sis_cloud_seed.db:ana_estacoes;sqlite:sis_cloud_seed.db:ana_telemetria;
29886;B1;Araguaiana;0;2;24800000;PERES;RIO CAIAPÓ;;-15,889700;-51,852800;32,31;430,91;0;jusante;;;;;;sqlite:sis_cloud_seed.db:ana_estacoes;sqlite:sis_cloud_seed.db:ana_telemetria;
29886;B1;Araguaiana;0;3;25131000;ESTAÇÃO MARIA HELENA MONTANTE (PIVÔ 07);RIBEIRÃO  ÁGUA LIMPA DO ARAGUAIA;;-15,473300;-51,476100;38,62;465,81;0;montante;;;;;;sqlite:sis_cloud_seed.db:ana_estacoes;sqlite:sis_cloud_seed.db:ana_telemetria;
35097;B1;Araguaiana;0;1;24850000;ARAGUAIANA;RIO ARAGUAIA;;-15,738100;-51,828100;5,50;433,73;0;local;;;;;;sqlite:sis_cloud_seed.db:ana_estacoes;sqlite:sis_cloud_seed.db:ana_telemetria;
35097;B1;Araguaiana;0;2;24800000;PERES;RIO CAIAPÓ;;-15,889700;-51,852800;18,20;430,91;0;jusante;;;;;;sqlite:sis_cloud_seed.db:ana_estacoes;sqlite:sis_cloud_seed.db:ana_telemetria;
35097;B1;Araguaiana;0;3;24700000;BARRA DO GARÇAS;RIO ARAGUAIA;;-15,891400;-52,227800;41,58;390,86;0;jusante;;;;;;sqlite:sis_cloud_seed.db:ana_estacoes;sqlite:sis_cloud_seed.db:ana_telemetria;
29889;B2;Araguaiana;0;1;24850000;ARAGUAIANA;RIO ARAGUAIA;;-15,738100;-51,828100;14,08;433,73;0;jusante;;;;;;sqlite:sis_cloud_seed.db:ana_estacoes;sqlite:sis_cloud_seed.db:ana_telemetria;
29889;B2;Araguaiana;0;2;24800000;PERES;RIO CAIAPÓ;;-15,889700;-51,852800;31,14;430,91;0;jusante;;;;;;sqlite:sis_cloud_seed.db:ana_estacoes;sqlite:sis_cloud_seed.db:ana_telemetria;
29889;B2;Araguaiana;0;3;25131000;ESTAÇÃO MARIA HELENA MONTANTE (PIVÔ 07);RIBEIRÃO  ÁGUA LIMPA DO ARAGUAIA;;-15,473300;-51,476100;38,94;465,81;0;montante;;;;;;sqlite:sis_cloud_seed.db:ana_estacoes;sqlite:sis_cloud_seed.db:ana_telemetria;
29894;B3;Araguaiana;0;1;24850000;ARAGUAIANA;RIO ARAGUAIA;;-15,738100;-51,828100;12,98;433,73;0;jusante;;;;;;sqlite:sis_cloud_seed.db:ana_estacoes;sqlite:sis_cloud_seed.db:ana_telemetria;
29894;B3;Araguaiana;0;2;24800000;PERES;RIO CAIAPÓ;;-15,889700;-51,852800;30,04;430,91;0;jusante;;;;;;sqlite:sis_cloud_seed.db:ana_estacoes;sqlite:sis_cloud_seed.db:ana_telemetria;
29894;B3;Araguaiana;0;3;25131000;ESTAÇÃO MARIA HELENA MONTANTE (PIVÔ 07);RIBEIRÃO  ÁGUA LIMPA DO ARAGUAIA;;-15,473300;-51,476100;39,27;465,81;0;montante;;;;;;sqlite:sis_cloud_seed.db:ana_estacoes;sqlite:sis_cloud_seed.db:ana_telemetria;
36477;Barragem B2;Araguaiana;0;1;24850000;ARAGUAIANA;RIO ARAGUAIA;;-15,738100;-51,828100;12,79;433,73;0;jusante;;;;;;sqlite:sis_cloud_seed.db:ana_estacoes;sqlite:sis_cloud_seed.db:ana_telemetria;
36477;Barragem B2;Araguaiana;0;2;24800000;PERES;RIO CAIAPÓ;;-15,889700;-51,852800;28,44;430,91;0;jusante;;;;;;sqlite:sis_cloud_seed.db:ana_estacoes;sqlite:sis_cloud_seed.db:ana_telemetria;
36477;Barragem B2;Araguaiana;0;3;24700000;BARRA DO GARÇAS;RIO ARAGUAIA;;-15,891400;-52,227800;46,67;390,86;0;jusante;;;;;;sqlite:sis_cloud_seed.db:ana_estacoes;sqlite:sis_cloud_seed.db:ana_telemetria;
36473;Barragem B3;Araguaiana;0;1;24850000;ARAGUAIANA;RIO ARAGUAIA;;-15,738100;-51,828100;12,55;433,73;0;jusante;;;;;;sqlite:sis_cloud_seed.db:ana_estacoes;sqlite:sis_cloud_seed.db:ana_telemetria;
36473;Barragem B3;Araguaiana;0;2;24800000;PERES;RIO CAIAPÓ;;-15,889700;-51,852800;28,38;430,91;0;jusante;;;;;;sqlite:sis_cloud_seed.db:ana_estacoes;sqlite:sis_cloud_seed.db:ana_telemetria;
36473;Barragem B3;Araguaiana;0;3;25131000;ESTAÇÃO MARIA HELENA MONTANTE (PIVÔ 07);RIBEIRÃO  ÁGUA LIMPA DO ARAGUAIA;;-15,473300;-51,476100;46,58;465,81;0;montante;;;;;;sqlite:sis_cloud_seed.db:ana_estacoes;sqlite:sis_cloud_seed.db:ana_telemetria;
35126;Barragem III ? Fazenda Nossa Senhora Aparecida;Araguaiana;0;1;24850000;ARAGUAIANA;RIO ARAGUAIA;;-15,738100;-51,828100;6,99;433,73;0;local;;;;;;sqlite:sis_cloud_seed.db:ana_estacoes;sqlite:sis_cloud_seed.db:ana_telemetria;
35126;Barragem III ? Fazenda Nossa Senhora Aparecida;Araguaiana;0;2;24800000;PERES;RIO CAIAPÓ;;-15,889700;-51,852800;20,18;430,91;0;jusante;;;;;;sqlite:sis_cloud_seed.db:ana_estacoes;sqlite:sis_cloud_seed.db:ana_telemetria;
35126;Barragem III ? Fazenda Nossa Senhora Aparecida;Araguaiana;0;3;24700000;BARRA DO GARÇAS;RIO ARAGUAIA;;-15,891400;-52,227800;41,58;390,86;0;jusante;;;;;;sqlite:sis_cloud_seed.db:ana_estacoes;sqlite:sis_cloud_seed.db:ana_telemetria;
35127;Barragem V -  Fazenda Nossa Senhora Aparecida;Araguaiana;0;1;24850000;ARAGUAIANA;RIO ARAGUAIA;;-15,738100;-51,828100;7,48;433,73;0;local;;;;;;sqlite:sis_cloud_seed.db:ana_estacoes;sqlite:sis_cloud_seed.db:ana_telemetria;
35127;Barragem V -  Fazenda Nossa Senhora Aparecida;Araguaiana;0;2;24800000;PERES;RIO CAIAPÓ;;-15,889700;-51,852800;19,06;430,91;0;jusante;;;;;;sqlite:sis_cloud_seed.db:ana_estacoes;sqlite:sis_cloud_seed.db:ana_telemetria;
35127;Barragem V -  Fazenda Nossa Senhora Aparecida;Araguaiana;0;3;24700000;BARRA DO GARÇAS;RIO ARAGUAIA;;-15,891400;-52,227800;40,09;390,86;0;jusante;;;;;;sqlite:sis_cloud_seed.db:ana_estacoes;sqlite:sis_cloud_seed.db:ana_telemetria;
36615;Barragem XIV ? Fazenda Buriti;Araguaiana;0;1;24850000;ARAGUAIANA;RIO ARAGUAIA;;-15,738100;-51,828100;3,91;433,73;0;local;;;;;;sqlite:sis_cloud_seed.db:ana_estacoes;sqlite:sis_cloud_seed.db:ana_telemetria;
36615;Barragem XIV ? Fazenda Buriti;Araguaiana;0;2;24800000;PERES;RIO CAIAPÓ;;-15,889700;-51,852800;15,48;430,91;0;jusante;;;;;;sqlite:sis_cloud_seed.db:ana_estacoes;sqlite:sis_cloud_seed.db:ana_telemetria;
36615;Barragem XIV ? Fazenda Buriti;Araguaiana;0;3;24700000;BARRA DO GARÇAS;RIO ARAGUAIA;;-15,891400;-52,227800;42,13;390,86;0;jusante;;;;;;sqlite:sis_cloud_seed.db:ana_estacoes;sqlite:sis_cloud_seed.db:ana_telemetria;
20739;Faz. Jacarandá;Araguaiana;0;1;24850000;ARAGUAIANA;RIO ARAGUAIA;;-15,738100;-51,828100;14,50;433,73;0;jusante;;;;;;sqlite:sis_cloud_seed.db:ana_estacoes;sqlite:sis_cloud_seed.db:ana_telemetria;
20739;Faz. Jacarandá;Araguaiana;0;2;24800000;PERES;RIO CAIAPÓ;;-15,889700;-51,852800;30,34;430,91;0;jusante;;;;;;sqlite:sis_cloud_seed.db:ana_estacoes;sqlite:sis_cloud_seed.db:ana_telemetria;
20739;Faz. Jacarandá;Araguaiana;0;3;25131000;ESTAÇÃO MARIA HELENA MONTANTE (PIVÔ 07);RIBEIRÃO  ÁGUA LIMPA DO ARAGUAIA;;-15,473300;-51,476100;46,33;465,81;0;montante;;;;;;sqlite:sis_cloud_seed.db:ana_estacoes;sqlite:sis_cloud_seed.db:ana_telemetria;
4518;PCH Ombreiras - Ombreiras;Araputanga;0;1;66071375;PCH OMBREIRAS BARRAMENTO;RIO JAURU;;-15,130000;-58,729400;0,03;242,70;0;local;;;;;;sqlite:sis_cloud_seed.db:ana_estacoes;sqlite:sis_cloud_seed.db:ana_telemetria;
4518;PCH Ombreiras - Ombreiras;Araputanga;0;2;66071380;PCH OMBREIRAS JUSANTE;RIO JAURU;;-15,132200;-58,729700;0,24;242,73;0;local;;;;;;sqlite:sis_cloud_seed.db:ana_estacoes;sqlite:sis_cloud_seed.db:ana_telemetria;
4518;PCH Ombreiras - Ombreiras;Araputanga;0;3;66071382;UHE JAURU MONTANTE;RIO JAURU;;-15,146700;-58,730800;1,86;242,86;0;local;;;;;;sqlite:sis_cloud_seed.db:ana_estacoes;sqlite:sis_cloud_seed.db:ana_telemetria;
26655;Fazenda Bacurí;Arenápolis;0;1;66005950;PCH SANTANA I BARRAMENTO;RIO SANTANA;;-14,391700;-56,829200;10,07;65,43;0;local;;;;;;sqlite:sis_cloud_seed.db:ana_estacoes;sqlite:sis_cloud_seed.db:ana_telemetria;
26655;Fazenda Bacurí;Arenápolis;0;2;66005960;PCH SANTANA I JUSANTE;RIO SANTANA;;-14,425300;-56,824700;10,31;62,48;0;local;;;;;;sqlite:sis_cloud_seed.db:ana_estacoes;sqlite:sis_cloud_seed.db:ana_telemetria;
26655;Fazenda Bacurí;Arenápolis;0;3;66006011;NORTELÂNDIA;RIO SANTANA;;-14,453300;-56,809400;12,65;59,16;0;jusante;;;;;;sqlite:sis_cloud_seed.db:ana_estacoes;sqlite:sis_cloud_seed.db:ana_telemetria;
27403;Fazenda Fortaleza;Arenápolis;0;1;66006011;NORTELÂNDIA;RIO SANTANA;;-14,453300;-56,809400;14,15;59,16;0;montante;;;;;;sqlite:sis_cloud_seed.db:ana_estacoes;sqlite:sis_cloud_seed.db:ana_telemetria;
27403;Fazenda Fortaleza;Arenápolis;0;2;66005960;PCH SANTANA I JUSANTE;RIO SANTANA;;-14,425300;-56,824700;16,67;62,48;0;montante;;;;;;sqlite:sis_cloud_seed.db:ana_estacoes;sqlite:sis_cloud_seed.db:ana_telemetria;
27403;Fazenda Fortaleza;Arenápolis;0;3;66005950;PCH SANTANA I BARRAMENTO;RIO SANTANA;;-14,391700;-56,829200;20,26;65,43;0;montante;;;;;;sqlite:sis_cloud_seed.db:ana_estacoes;sqlite:sis_cloud_seed.db:ana_telemetria;
21945;ARENAL;Aripuanã;0;1;15750600;UHE DARDANELOS JUSANTE;RIO ARIPUANÃ;;-10,110600;-59,437800;3,98;616,18;0;local;;;;;;sqlite:sis_cloud_seed.db:ana_estacoes;sqlite:sis_cloud_seed.db:ana_telemetria;
21945;ARENAL;Aripuanã;0;2;15750550;UHE DARDANELOS BARRAMENTO;RIO ARIPUANÃ;;-10,161100;-59,460600;4,62;612,92;0;jusante;;;;;;sqlite:sis_cloud_seed.db:ana_estacoes;sqlite:sis_cloud_seed.db:ana_telemetria;
21945;ARENAL;Aripuanã;0;3;15750575;ARIPUANÃ;RIO ARIPUANÃ;;-10,142800;-59,429700;5,27;612,71;0;local;;;;;2026-09-07 10:00:00;sqlite:sis_cloud_seed.db:ana_estacoes;sqlite:sis_cloud_seed.db:ana_telemetria;
4739;CGH Aripuanã - Dique da UHE Dardanelos;Aripuanã;0;1;15750550;UHE DARDANELOS BARRAMENTO;RIO ARIPUANÃ;;-10,161100;-59,460600;1,30;612,92;0;local;;;;;;sqlite:sis_cloud_seed.db:ana_estacoes;sqlite:sis_cloud_seed.db:ana_telemetria;
4739;CGH Aripuanã - Dique da UHE Dardanelos;Aripuanã;0;2;15750558;CGH FAXINAL 3 BARRAMENT0;RIO ARIPUANÃ;;-10,165300;-59,454400;1,78;612,15;0;local;;;;;;sqlite:sis_cloud_seed.db:ana_estacoes;sqlite:sis_cloud_seed.db:ana_telemetria;
4739;CGH Aripuanã - Dique da UHE Dardanelos;Aripuanã;0;3;15754000;CGH FAXINAL I JUSANTE;RIO ARIPUANÃ;;-10,164700;-59,446700;2,08;611,73;0;local;;;;;;sqlite:sis_cloud_seed.db:ana_estacoes;sqlite:sis_cloud_seed.db:ana_telemetria;
20736;CGH Faxinal I - CAPTAÇÃO LATERAL SIMPLES;Aripuanã;0;1;15750558;CGH FAXINAL 3 BARRAMENT0;RIO ARIPUANÃ;;-10,165300;-59,454400;0,09;612,15;0;local;;;;;;sqlite:sis_cloud_seed.db:ana_estacoes;sqlite:sis_cloud_seed.db:ana_telemetria;
20736;CGH Faxinal I - CAPTAÇÃO LATERAL SIMPLES;Aripuanã;0;2;15754000;CGH FAXINAL I JUSANTE;RIO ARIPUANÃ;;-10,164700;-59,446700;0,79;611,73;0;local;;;;;;sqlite:sis_cloud_seed.db:ana_estacoes;sqlite:sis_cloud_seed.db:ana_telemetria;
20736;CGH Faxinal I - CAPTAÇÃO LATERAL SIMPLES;Aripuanã;0;3;15750550;UHE DARDANELOS BARRAMENTO;RIO ARIPUANÃ;;-10,161100;-59,460600;0,84;612,92;0;local;;;;;;sqlite:sis_cloud_seed.db:ana_estacoes;sqlite:sis_cloud_seed.db:ana_telemetria;
34157;CGH Faxinal I - CAPTAÇÃO LATERAL SIMPLES (CGH FAXINAL I);Aripuanã;0;1;15750558;CGH FAXINAL 3 BARRAMENT0;RIO ARIPUANÃ;;-10,165300;-59,454400;0,06;612,15;0;local;;;;;;sqlite:sis_cloud_seed.db:ana_estacoes;sqlite:sis_cloud_seed.db:ana_telemetria;
34157;CGH Faxinal I - CAPTAÇÃO LATERAL SIMPLES (CGH FAXINAL I);Aripuanã;0;2;15754000;CGH FAXINAL I JUSANTE;RIO ARIPUANÃ;;-10,164700;-59,446700;0,79;611,73;0;local;;;;;;sqlite:sis_cloud_seed.db:ana_estacoes;sqlite:sis_cloud_seed.db:ana_telemetria;
34157;CGH Faxinal I - CAPTAÇÃO LATERAL SIMPLES (CGH FAXINAL I);Aripuanã;0;3;15750550;UHE DARDANELOS BARRAMENTO;RIO ARIPUANÃ;;-10,161100;-59,460600;0,85;612,92;0;local;;;;;;sqlite:sis_cloud_seed.db:ana_estacoes;sqlite:sis_cloud_seed.db:ana_telemetria;
7957;Mineração Dardanelos;Aripuanã;0;1;15750600;UHE DARDANELOS JUSANTE;RIO ARIPUANÃ;;-10,110600;-59,437800;8,45;616,18;0;jusante;;;;;;sqlite:sis_cloud_seed.db:ana_estacoes;sqlite:sis_cloud_seed.db:ana_telemetria;
7957;Mineração Dardanelos;Aripuanã;0;2;15750550;UHE DARDANELOS BARRAMENTO;RIO ARIPUANÃ;;-10,161100;-59,460600;11,11;612,92;0;jusante;;;;;;sqlite:sis_cloud_seed.db:ana_estacoes;sqlite:sis_cloud_seed.db:ana_telemetria;
7957;Mineração Dardanelos;Aripuanã;0;3;15750575;ARIPUANÃ;RIO ARIPUANÃ;;-10,142800;-59,429700;11,39;612,71;0;jusante;;;;;2026-09-07 10:00:00;sqlite:sis_cloud_seed.db:ana_estacoes;sqlite:sis_cloud_seed.db:ana_telemetria;
5154;PCH Faxinal II - PCH FAXINAL II;Aripuanã;0;1;15750558;CGH FAXINAL 3 BARRAMENT0;RIO ARIPUANÃ;;-10,165300;-59,454400;0,35;612,15;0;local;;;;;;sqlite:sis_cloud_seed.db:ana_estacoes;sqlite:sis_cloud_seed.db:ana_telemetria;
5154;PCH Faxinal II - PCH FAXINAL II;Aripuanã;0;2;15750550;UHE DARDANELOS BARRAMENTO;RIO ARIPUANÃ;;-10,161100;-59,460600;0,50;612,92;0;local;;;;;;sqlite:sis_cloud_seed.db:ana_estacoes;sqlite:sis_cloud_seed.db:ana_telemetria;
5154;PCH Faxinal II - PCH FAXINAL II;Aripuanã;0;3;15754000;CGH FAXINAL I JUSANTE;RIO ARIPUANÃ;;-10,164700;-59,446700;1,18;611,73;0;local;;;;;;sqlite:sis_cloud_seed.db:ana_estacoes;sqlite:sis_cloud_seed.db:ana_telemetria;
34227;PCH Faxinal II - PCH FAXINAL II;Aripuanã;0;1;15750558;CGH FAXINAL 3 BARRAMENT0;RIO ARIPUANÃ;;-10,165300;-59,454400;0,39;612,15;0;local;;;;;;sqlite:sis_cloud_seed.db:ana_estacoes;sqlite:sis_cloud_seed.db:ana_telemetria;
34227;PCH Faxinal II - PCH FAXINAL II;Aripuanã;0;2;15750550;UHE DARDANELOS BARRAMENTO;RIO ARIPUANÃ;;-10,161100;-59,460600;0,48;612,92;0;local;;;;;;sqlite:sis_cloud_seed.db:ana_estacoes;sqlite:sis_cloud_seed.db:ana_telemetria;
34227;PCH Faxinal II - PCH FAXINAL II;Aripuanã;0;3;15754000;CGH FAXINAL I JUSANTE;RIO ARIPUANÃ;;-10,164700;-59,446700;1,22;611,73;0;local;;;;;;sqlite:sis_cloud_seed.db:ana_estacoes;sqlite:sis_cloud_seed.db:ana_telemetria;
4157;UHE Dardanelos - UHE Dardanelos;Aripuanã;0;1;15750550;UHE DARDANELOS BARRAMENTO;RIO ARIPUANÃ;;-10,161100;-59,460600;0,46;612,92;0;local;;;;;;sqlite:sis_cloud_seed.db:ana_estacoes;sqlite:sis_cloud_seed.db:ana_telemetria;
4157;UHE Dardanelos - UHE Dardanelos;Aripuanã;0;2;15750558;CGH FAXINAL 3 BARRAMENT0;RIO ARIPUANÃ;;-10,165300;-59,454400;1,10;612,15;0;local;;;;;;sqlite:sis_cloud_seed.db:ana_estacoes;sqlite:sis_cloud_seed.db:ana_telemetria;
4157;UHE Dardanelos - UHE Dardanelos;Aripuanã;0;3;15754000;CGH FAXINAL I JUSANTE;RIO ARIPUANÃ;;-10,164700;-59,446700;1,92;611,73;0;local;;;;;;sqlite:sis_cloud_seed.db:ana_estacoes;sqlite:sis_cloud_seed.db:ana_telemetria;
36651;Chácara Esteio - Barramento I;Alta Floresta;0;1;17381100;UHE TELES PIRES MONTANTE 1;RIO TELES PIRES (OU SÃO MANUEL);;-9,641400;-56,023100;28,97;562,52;0;montante;;;;;;sqlite:sis_cloud_seed.db:ana_estacoes;sqlite:sis_cloud_seed.db:ana_telemetria;
36651;Chácara Esteio - Barramento I;Alta Floresta;0;2;17381000;ALTA FLORESTA - RIO TELES PIRES;RIO TELES PIRES (OU SÃO MANUEL);;-9,639200;-56,014400;29,35;562,80;0;montante;535,0;;;;2026-09-07 10:00:00;sqlite:sis_cloud_seed.db:ana_estacoes;sqlite:sis_cloud_seed.db:ana_telemetria;contexto_somente
36651;Chácara Esteio - Barramento I;Alta Floresta;0;3;17381600;UHE TELES PIRES RIO SANTA HELENA;RIO SANTA HELENA;;-9,802800;-56,335000;32,28;544,13;0;montante;;;;;;sqlite:sis_cloud_seed.db:ana_estacoes;sqlite:sis_cloud_seed.db:ana_telemetria;
37416;Fazenda Santa Helena -  Montante 1;Alta Floresta;0;1;17381600;UHE TELES PIRES RIO SANTA HELENA;RIO SANTA HELENA;;-9,802800;-56,335000;19,09;544,13;0;montante;;;;;;sqlite:sis_cloud_seed.db:ana_estacoes;sqlite:sis_cloud_seed.db:ana_telemetria;
37416;Fazenda Santa Helena -  Montante 1;Alta Floresta;0;2;17382125;UHE TELES PIRES RIO PARANAITA;RIO TELES PIRES (OU SÃO MANUEL);;-9,925600;-56,635300;40,32;532,07;0;montante;;;;;;sqlite:sis_cloud_seed.db:ana_estacoes;sqlite:sis_cloud_seed.db:ana_telemetria;
37416;Fazenda Santa Helena -  Montante 1;Alta Floresta;0;3;17381100;UHE TELES PIRES MONTANTE 1;RIO TELES PIRES (OU SÃO MANUEL);;-9,641400;-56,023100;44,66;562,52;0;montante;;;;;;sqlite:sis_cloud_seed.db:ana_estacoes;sqlite:sis_cloud_seed.db:ana_telemetria;
20050;Fazenda Santa Helena - Barramento 01;Alta Floresta;0;1;17381600;UHE TELES PIRES RIO SANTA HELENA;RIO SANTA HELENA;;-9,802800;-56,335000;17,68;544,13;0;montante;;;;;;sqlite:sis_cloud_seed.db:ana_estacoes;sqlite:sis_cloud_seed.db:ana_telemetria;
20050;Fazenda Santa Helena - Barramento 01;Alta Floresta;0;2;17382125;UHE TELES PIRES RIO PARANAITA;RIO TELES PIRES (OU SÃO MANUEL);;-9,925600;-56,635300;40,22;532,07;0;local;;;;;;sqlite:sis_cloud_seed.db:ana_estacoes;sqlite:sis_cloud_seed.db:ana_telemetria;
20050;Fazenda Santa Helena - Barramento 01;Alta Floresta;0;3;17381100;UHE TELES PIRES MONTANTE 1;RIO TELES PIRES (OU SÃO MANUEL);;-9,641400;-56,023100;43,42;562,52;0;montante;;;;;;sqlite:sis_cloud_seed.db:ana_estacoes;sqlite:sis_cloud_seed.db:ana_telemetria;
37432;Fazenda Santa Helena - Barramento 02;Alta Floresta;0;1;17381600;UHE TELES PIRES RIO SANTA HELENA;RIO SANTA HELENA;;-9,802800;-56,335000;21,33;544,13;0;montante;;;;;;sqlite:sis_cloud_seed.db:ana_estacoes;sqlite:sis_cloud_seed.db:ana_telemetria;
37432;Fazenda Santa Helena - Barramento 02;Alta Floresta;0;2;17382125;UHE TELES PIRES RIO PARANAITA;RIO TELES PIRES (OU SÃO MANUEL);;-9,925600;-56,635300;37,52;532,07;0;montante;;;;;;sqlite:sis_cloud_seed.db:ana_estacoes;sqlite:sis_cloud_seed.db:ana_telemetria;
37432;Fazenda Santa Helena - Barramento 02;Alta Floresta;0;3;17383100;UHE TELES PIRES RESERVATÓRIO 19;RIO PARANAITA;;-9,710800;-56,628300;47,67;555,82;0;montante;;;;;;sqlite:sis_cloud_seed.db:ana_estacoes;sqlite:sis_cloud_seed.db:ana_telemetria;
37770;JBS S/A – Alta Floresta;Alta Floresta;0;1;17381600;UHE TELES PIRES RIO SANTA HELENA;RIO SANTA HELENA;;-9,802800;-56,335000;22,56;544,13;0;montante;;;;;;sqlite:sis_cloud_seed.db:ana_estacoes;sqlite:sis_cloud_seed.db:ana_telemetria;
37770;JBS S/A – Alta Floresta;Alta Floresta;0;2;17381100;UHE TELES PIRES MONTANTE 1;RIO TELES PIRES (OU SÃO MANUEL);;-9,641400;-56,023100;29,66;562,52;0;montante;;;;;;sqlite:sis_cloud_seed.db:ana_estacoes;sqlite:sis_cloud_seed.db:ana_telemetria;
37770;JBS S/A – Alta Floresta;Alta Floresta;0;3;17381000;ALTA FLORESTA - RIO TELES PIRES;RIO TELES PIRES (OU SÃO MANUEL);;-9,639200;-56,014400;30,31;562,80;0;montante;535,0;;;;2026-09-07 10:00:00;sqlite:sis_cloud_seed.db:ana_estacoes;sqlite:sis_cloud_seed.db:ana_telemetria;contexto_somente
37767;Barramento 1 - Fazenda Jacarandá;Araguaiana;0;1;24850000;ARAGUAIANA;RIO ARAGUAIA;;-15,738100;-51,828100;16,05;433,73;0;jusante;;;;;;sqlite:sis_cloud_seed.db:ana_estacoes;sqlite:sis_cloud_seed.db:ana_telemetria;
37767;Barramento 1 - Fazenda Jacarandá;Araguaiana;0;2;24800000;PERES;RIO CAIAPÓ;;-15,889700;-51,852800;31,55;430,91;0;jusante;;;;;;sqlite:sis_cloud_seed.db:ana_estacoes;sqlite:sis_cloud_seed.db:ana_telemetria;
37767;Barramento 1 - Fazenda Jacarandá;Araguaiana;0;3;25131000;ESTAÇÃO MARIA HELENA MONTANTE (PIVÔ 07);RIBEIRÃO  ÁGUA LIMPA DO ARAGUAIA;;-15,473300;-51,476100;47,33;465,81;0;montante;;;;;;sqlite:sis_cloud_seed.db:ana_estacoes;sqlite:sis_cloud_seed.db:ana_telemetria;
37386;Tanque Pulmão Fazenda Jacarandá;Araguaiana;0;1;24850000;ARAGUAIANA;RIO ARAGUAIA;;-15,738100;-51,828100;15,97;433,73;0;jusante;;;;;;sqlite:sis_cloud_seed.db:ana_estacoes;sqlite:sis_cloud_seed.db:ana_telemetria;
37386;Tanque Pulmão Fazenda Jacarandá;Araguaiana;0;2;24800000;PERES;RIO CAIAPÓ;;-15,889700;-51,852800;29,94;430,91;0;jusante;;;;;;sqlite:sis_cloud_seed.db:ana_estacoes;sqlite:sis_cloud_seed.db:ana_telemetria;
37386;Tanque Pulmão Fazenda Jacarandá;Araguaiana;0;3;24700000;BARRA DO GARÇAS;RIO ARAGUAIA;;-15,891400;-52,227800;43,45;390,86;0;jusante;;;;;;sqlite:sis_cloud_seed.db:ana_estacoes;sqlite:sis_cloud_seed.db:ana_telemetria;
34567;Barragem 1 Fazenda Santa Maria;Barra do Bugres;0;1;66008500;BARRA DO BUGRES - RIO BUGRES;RIO DOS BUGRES;;-14,986700;-57,115800;17,43;70,13;0;montante;;;;;;sqlite:sis_cloud_seed.db:ana_estacoes;sqlite:sis_cloud_seed.db:ana_telemetria;
34567;Barragem 1 Fazenda Santa Maria;Barra do Bugres;0;2;66010000;BARRA DO BUGRES;RIO PARAGUAI;;-15,076100;-57,181900;18,66;76,73;0;montante;;;;;;sqlite:sis_cloud_seed.db:ana_estacoes;sqlite:sis_cloud_seed.db:ana_telemetria;
34567;Barragem 1 Fazenda Santa Maria;Barra do Bugres;0;3;66007000;SÍTIO JAPUIRA;RIO PARAGUAI;;-14,814800;-56,838700;37,32;43,23;0;montante;;;;;;sqlite:sis_cloud_seed.db:ana_estacoes;sqlite:sis_cloud_seed.db:ana_telemetria;
30939;Barramento 09;Barra do Bugres;0;1;66008500;BARRA DO BUGRES - RIO BUGRES;RIO DOS BUGRES;;-14,986700;-57,115800;9,29;70,13;0;jusante;;;;;;sqlite:sis_cloud_seed.db:ana_estacoes;sqlite:sis_cloud_seed.db:ana_telemetria;
30939;Barramento 09;Barra do Bugres;0;2;66010000;BARRA DO BUGRES;RIO PARAGUAI;;-15,076100;-57,181900;21,20;76,73;0;jusante;;;;;;sqlite:sis_cloud_seed.db:ana_estacoes;sqlite:sis_cloud_seed.db:ana_telemetria;
30939;Barramento 09;Barra do Bugres;0;3;66007000;SÍTIO JAPUIRA;RIO PARAGUAI;;-14,814800;-56,838700;29,06;43,23;0;montante;;;;;;sqlite:sis_cloud_seed.db:ana_estacoes;sqlite:sis_cloud_seed.db:ana_telemetria;
34707;Barramento 2 – Fazenda Santa Maria;Barra do Bugres;0;1;66008500;BARRA DO BUGRES - RIO BUGRES;RIO DOS BUGRES;;-14,986700;-57,115800;19,75;70,13;0;montante;;;;;;sqlite:sis_cloud_seed.db:ana_estacoes;sqlite:sis_cloud_seed.db:ana_telemetria;
34707;Barramento 2 – Fazenda Santa Maria;Barra do Bugres;0;2;66010000;BARRA DO BUGRES;RIO PARAGUAI;;-15,076100;-57,181900;20,17;76,73;0;montante;;;;;;sqlite:sis_cloud_seed.db:ana_estacoes;sqlite:sis_cloud_seed.db:ana_telemetria;
34707;Barramento 2 – Fazenda Santa Maria;Barra do Bugres;0;3;66007000;SÍTIO JAPUIRA;RIO PARAGUAI;;-14,814800;-56,838700;38,72;43,23;0;montante;;;;;;sqlite:sis_cloud_seed.db:ana_estacoes;sqlite:sis_cloud_seed.db:ana_telemetria;
34706;Barramento 3 – Fazenda Santa Maria;Barra do Bugres;0;1;66008500;BARRA DO BUGRES - RIO BUGRES;RIO DOS BUGRES;;-14,986700;-57,115800;19,42;70,13;0;montante;;;;;;sqlite:sis_cloud_seed.db:ana_estacoes;sqlite:sis_cloud_seed.db:ana_telemetria;
34706;Barramento 3 – Fazenda Santa Maria;Barra do Bugres;0;2;66010000;BARRA DO BUGRES;RIO PARAGUAI;;-15,076100;-57,181900;19,61;76,73;0;montante;;;;;;sqlite:sis_cloud_seed.db:ana_estacoes;sqlite:sis_cloud_seed.db:ana_telemetria;
34706;Barramento 3 – Fazenda Santa Maria;Barra do Bugres;0;3;66007000;SÍTIO JAPUIRA;RIO PARAGUAI;;-14,814800;-56,838700;39,03;43,23;0;montante;;;;;;sqlite:sis_cloud_seed.db:ana_estacoes;sqlite:sis_cloud_seed.db:ana_telemetria;
36671;Barramento Fazenda Ouro Branco;Barra do Bugres;0;1;66008500;BARRA DO BUGRES - RIO BUGRES;RIO DOS BUGRES;;-14,986700;-57,115800;11,37;70,13;0;jusante;;;;;;sqlite:sis_cloud_seed.db:ana_estacoes;sqlite:sis_cloud_seed.db:ana_telemetria;
36671;Barramento Fazenda Ouro Branco;Barra do Bugres;0;2;66010000;BARRA DO BUGRES;RIO PARAGUAI;;-15,076100;-57,181900;19,29;76,73;0;jusante;;;;;;sqlite:sis_cloud_seed.db:ana_estacoes;sqlite:sis_cloud_seed.db:ana_telemetria;
36671;Barramento Fazenda Ouro Branco;Barra do Bugres;0;3;66007000;SÍTIO JAPUIRA;RIO PARAGUAI;;-14,814800;-56,838700;37,57;43,23;0;montante;;;;;;sqlite:sis_cloud_seed.db:ana_estacoes;sqlite:sis_cloud_seed.db:ana_telemetria;
34623;Barramento montante – Fazenda São Sebastião;Barra do Bugres;0;1;66056000;FAZENDA SANTA RITA DO SEPOTUBA;RIO SEPOTUBA;;-15,230700;-57,698200;26,30;132,56;0;jusante;;;;;;sqlite:sis_cloud_seed.db:ana_estacoes;sqlite:sis_cloud_seed.db:ana_telemetria;
34623;Barramento montante – Fazenda São Sebastião;Barra do Bugres;0;2;66010000;BARRA DO BUGRES;RIO PARAGUAI;;-15,076100;-57,181900;32,36;76,73;0;montante;;;;;;sqlite:sis_cloud_seed.db:ana_estacoes;sqlite:sis_cloud_seed.db:ana_telemetria;
34623;Barramento montante – Fazenda São Sebastião;Barra do Bugres;0;3;66008500;BARRA DO BUGRES - RIO BUGRES;RIO DOS BUGRES;;-14,986700;-57,115800;41,92;70,13;0;montante;;;;;;sqlite:sis_cloud_seed.db:ana_estacoes;sqlite:sis_cloud_seed.db:ana_telemetria;
34622;Barramento – Fazenda São Sebastião;Barra do Bugres;0;1;66056000;FAZENDA SANTA RITA DO SEPOTUBA;RIO SEPOTUBA;;-15,230700;-57,698200;27,08;132,56;0;jusante;;;;;;sqlite:sis_cloud_seed.db:ana_estacoes;sqlite:sis_cloud_seed.db:ana_telemetria;
34622;Barramento – Fazenda São Sebastião;Barra do Bugres;0;2;66010000;BARRA DO BUGRES;RIO PARAGUAI;;-15,076100;-57,181900;31,19;76,73;0;montante;;;;;;sqlite:sis_cloud_seed.db:ana_estacoes;sqlite:sis_cloud_seed.db:ana_telemetria;
34622;Barramento – Fazenda São Sebastião;Barra do Bugres;0;3;66008500;BARRA DO BUGRES - RIO BUGRES;RIO DOS BUGRES;;-14,986700;-57,115800;41,07;70,13;0;montante;;;;;;sqlite:sis_cloud_seed.db:ana_estacoes;sqlite:sis_cloud_seed.db:ana_telemetria;
5371;FAZENDA OURO BRANCO;Barra do Bugres;0;1;66008500;BARRA DO BUGRES - RIO BUGRES;RIO DOS BUGRES;;-14,986700;-57,115800;11,37;70,13;0;jusante;;;;;;sqlite:sis_cloud_seed.db:ana_estacoes;sqlite:sis_cloud_seed.db:ana_telemetria;
5371;FAZENDA OURO BRANCO;Barra do Bugres;0;2;66010000;BARRA DO BUGRES;RIO PARAGUAI;;-15,076100;-57,181900;19,27;76,73;0;jusante;;;;;;sqlite:sis_cloud_seed.db:ana_estacoes;sqlite:sis_cloud_seed.db:ana_telemetria;
5371;FAZENDA OURO BRANCO;Barra do Bugres;0;3;66007000;SÍTIO JAPUIRA;RIO PARAGUAI;;-14,814800;-56,838700;37,60;43,23;0;montante;;;;;;sqlite:sis_cloud_seed.db:ana_estacoes;sqlite:sis_cloud_seed.db:ana_telemetria;
5364;FAZENDA OURO FINO;Barra do Bugres;0;1;66008500;BARRA DO BUGRES - RIO BUGRES;RIO DOS BUGRES;;-14,986700;-57,115800;12,41;70,13;0;jusante;;;;;;sqlite:sis_cloud_seed.db:ana_estacoes;sqlite:sis_cloud_seed.db:ana_telemetria;
5364;FAZENDA OURO FINO;Barra do Bugres;0;2;66010000;BARRA DO BUGRES;RIO PARAGUAI;;-15,076100;-57,181900;19,68;76,73;0;jusante;;;;;;sqlite:sis_cloud_seed.db:ana_estacoes;sqlite:sis_cloud_seed.db:ana_telemetria;
5364;FAZENDA OURO FINO;Barra do Bugres;0;3;66007000;SÍTIO JAPUIRA;RIO PARAGUAI;;-14,814800;-56,838700;38,65;43,23;0;montante;;;;;;sqlite:sis_cloud_seed.db:ana_estacoes;sqlite:sis_cloud_seed.db:ana_telemetria;
5362;FAZENDA OURO FINO - Barragem 02;Barra do Bugres;0;1;66008500;BARRA DO BUGRES - RIO BUGRES;RIO DOS BUGRES;;-14,986700;-57,115800;12,29;70,13;0;jusante;;;;;;sqlite:sis_cloud_seed.db:ana_estacoes;sqlite:sis_cloud_seed.db:ana_telemetria;
5362;FAZENDA OURO FINO - Barragem 02;Barra do Bugres;0;2;66010000;BARRA DO BUGRES;RIO PARAGUAI;;-15,076100;-57,181900;19,63;76,73;0;jusante;;;;;;sqlite:sis_cloud_seed.db:ana_estacoes;sqlite:sis_cloud_seed.db:ana_telemetria;
5362;FAZENDA OURO FINO - Barragem 02;Barra do Bugres;0;3;66007000;SÍTIO JAPUIRA;RIO PARAGUAI;;-14,814800;-56,838700;38,53;43,23;0;montante;;;;;;sqlite:sis_cloud_seed.db:ana_estacoes;sqlite:sis_cloud_seed.db:ana_telemetria;
5361;FAZENDA OURO FINO- Barragem 01;Barra do Bugres;0;1;66008500;BARRA DO BUGRES - RIO BUGRES;RIO DOS BUGRES;;-14,986700;-57,115800;12,06;70,13;0;jusante;;;;;;sqlite:sis_cloud_seed.db:ana_estacoes;sqlite:sis_cloud_seed.db:ana_telemetria;
5361;FAZENDA OURO FINO- Barragem 01;Barra do Bugres;0;2;66010000;BARRA DO BUGRES;RIO PARAGUAI;;-15,076100;-57,181900;19,46;76,73;0;jusante;;;;;;sqlite:sis_cloud_seed.db:ana_estacoes;sqlite:sis_cloud_seed.db:ana_telemetria;
5361;FAZENDA OURO FINO- Barragem 01;Barra do Bugres;0;3;66007000;SÍTIO JAPUIRA;RIO PARAGUAI;;-14,814800;-56,838700;38,41;43,23;0;montante;;;;;;sqlite:sis_cloud_seed.db:ana_estacoes;sqlite:sis_cloud_seed.db:ana_telemetria;
26672;Faz São Paulo;Barra do Bugres;0;1;66056000;FAZENDA SANTA RITA DO SEPOTUBA;RIO SEPOTUBA;;-15,230700;-57,698200;35,49;132,56;0;montante;;;;;;sqlite:sis_cloud_seed.db:ana_estacoes;sqlite:sis_cloud_seed.db:ana_telemetria;
26672;Faz São Paulo;Barra do Bugres;0;2;66010000;BARRA DO BUGRES;RIO PARAGUAI;;-15,076100;-57,181900;48,38;76,73;0;montante;;;;;;sqlite:sis_cloud_seed.db:ana_estacoes;sqlite:sis_cloud_seed.db:ana_telemetria;
26672;Faz São Paulo;Barra do Bugres;0;3;66064000;ESTRADA MT-125;RIO CABAÇAL;;-15,468900;-57,894000;48,68;157,77;0;jusante;;;;;;sqlite:sis_cloud_seed.db:ana_estacoes;sqlite:sis_cloud_seed.db:ana_telemetria;
7987;Faz. Ouro Fino - Barragem 05;Barra do Bugres;0;1;66008500;BARRA DO BUGRES - RIO BUGRES;RIO DOS BUGRES;;-14,986700;-57,115800;13,14;70,13;0;jusante;;;;;;sqlite:sis_cloud_seed.db:ana_estacoes;sqlite:sis_cloud_seed.db:ana_telemetria;
7987;Faz. Ouro Fino - Barragem 05;Barra do Bugres;0;2;66010000;BARRA DO BUGRES;RIO PARAGUAI;;-15,076100;-57,181900;19,57;76,73;0;jusante;;;;;;sqlite:sis_cloud_seed.db:ana_estacoes;sqlite:sis_cloud_seed.db:ana_telemetria;
7987;Faz. Ouro Fino - Barragem 05;Barra do Bugres;0;3;66007000;SÍTIO JAPUIRA;RIO PARAGUAI;;-14,814800;-56,838700;40,00;43,23;0;montante;;;;;;sqlite:sis_cloud_seed.db:ana_estacoes;sqlite:sis_cloud_seed.db:ana_telemetria;
7985;Faz. Ouro Fino - Barragem 06;Barra do Bugres;0;1;66008500;BARRA DO BUGRES - RIO BUGRES;RIO DOS BUGRES;;-14,986700;-57,115800;13,44;70,13;0;jusante;;;;;;sqlite:sis_cloud_seed.db:ana_estacoes;sqlite:sis_cloud_seed.db:ana_telemetria;
7985;Faz. Ouro Fino - Barragem 06;Barra do Bugres;0;2;66010000;BARRA DO BUGRES;RIO PARAGUAI;;-15,076100;-57,181900;19,52;76,73;0;jusante;;;;;;sqlite:sis_cloud_seed.db:ana_estacoes;sqlite:sis_cloud_seed.db:ana_telemetria;
7985;Faz. Ouro Fino - Barragem 06;Barra do Bugres;0;3;66007000;SÍTIO JAPUIRA;RIO PARAGUAI;;-14,814800;-56,838700;40,55;43,23;0;montante;;;;;;sqlite:sis_cloud_seed.db:ana_estacoes;sqlite:sis_cloud_seed.db:ana_telemetria;
7986;Faz. Ouro Fino - Barragem 07;Barra do Bugres;0;1;66008500;BARRA DO BUGRES - RIO BUGRES;RIO DOS BUGRES;;-14,986700;-57,115800;13,28;70,13;0;jusante;;;;;;sqlite:sis_cloud_seed.db:ana_estacoes;sqlite:sis_cloud_seed.db:ana_telemetria;
7986;Faz. Ouro Fino - Barragem 07;Barra do Bugres;0;2;66010000;BARRA DO BUGRES;RIO PARAGUAI;;-15,076100;-57,181900;19,49;76,73;0;jusante;;;;;;sqlite:sis_cloud_seed.db:ana_estacoes;sqlite:sis_cloud_seed.db:ana_telemetria;
7986;Faz. Ouro Fino - Barragem 07;Barra do Bugres;0;3;66007000;SÍTIO JAPUIRA;RIO PARAGUAI;;-14,814800;-56,838700;40,34;43,23;0;montante;;;;;;sqlite:sis_cloud_seed.db:ana_estacoes;sqlite:sis_cloud_seed.db:ana_telemetria;
20144;Fazenda Ceita Porã;Barra do Bugres;0;1;66010000;BARRA DO BUGRES;RIO PARAGUAI;;-15,076100;-57,181900;27,11;76,73;0;local;;;;;;sqlite:sis_cloud_seed.db:ana_estacoes;sqlite:sis_cloud_seed.db:ana_telemetria;
20144;Fazenda Ceita Porã;Barra do Bugres;0;2;66056000;FAZENDA SANTA RITA DO SEPOTUBA;RIO SEPOTUBA;;-15,230700;-57,698200;32,52;132,56;0;jusante;;;;;;sqlite:sis_cloud_seed.db:ana_estacoes;sqlite:sis_cloud_seed.db:ana_telemetria;
20144;Fazenda Ceita Porã;Barra do Bugres;0;3;66008500;BARRA DO BUGRES - RIO BUGRES;RIO DOS BUGRES;;-14,986700;-57,115800;35,97;70,13;0;montante;;;;;;sqlite:sis_cloud_seed.db:ana_estacoes;sqlite:sis_cloud_seed.db:ana_telemetria;
27373;Fazenda Estrela;Barra do Bugres;0;1;66010000;BARRA DO BUGRES;RIO PARAGUAI;;-15,076100;-57,181900;10,76;76,73;0;montante;;;;;;sqlite:sis_cloud_seed.db:ana_estacoes;sqlite:sis_cloud_seed.db:ana_telemetria;
27373;Fazenda Estrela;Barra do Bugres;0;2;66008500;BARRA DO BUGRES - RIO BUGRES;RIO DOS BUGRES;;-14,986700;-57,115800;22,41;70,13;0;montante;;;;;;sqlite:sis_cloud_seed.db:ana_estacoes;sqlite:sis_cloud_seed.db:ana_telemetria;
27373;Fazenda Estrela;Barra do Bugres;0;3;66056000;FAZENDA SANTA RITA DO SEPOTUBA;RIO SEPOTUBA;;-15,230700;-57,698200;47,54;132,56;0;jusante;;;;;;sqlite:sis_cloud_seed.db:ana_estacoes;sqlite:sis_cloud_seed.db:ana_telemetria;
5372;Fazenda Guanabara;Barra do Bugres;0;1;66008500;BARRA DO BUGRES - RIO BUGRES;RIO DOS BUGRES;;-14,986700;-57,115800;14,97;70,13;0;jusante;;;;;;sqlite:sis_cloud_seed.db:ana_estacoes;sqlite:sis_cloud_seed.db:ana_telemetria;
5372;Fazenda Guanabara;Barra do Bugres;0;2;66010000;BARRA DO BUGRES;RIO PARAGUAI;;-15,076100;-57,181900;23,58;76,73;0;jusante;;;;;;sqlite:sis_cloud_seed.db:ana_estacoes;sqlite:sis_cloud_seed.db:ana_telemetria;
5372;Fazenda Guanabara;Barra do Bugres;0;3;66007000;SÍTIO JAPUIRA;RIO PARAGUAI;;-14,814800;-56,838700;36,41;43,23;0;montante;;;;;;sqlite:sis_cloud_seed.db:ana_estacoes;sqlite:sis_cloud_seed.db:ana_telemetria;
27277;Fazenda Jauquara;Barra do Bugres;0;1;66010000;BARRA DO BUGRES;RIO PARAGUAI;;-15,076100;-57,181900;17,71;76,73;0;montante;;;;;;sqlite:sis_cloud_seed.db:ana_estacoes;sqlite:sis_cloud_seed.db:ana_telemetria;
27277;Fazenda Jauquara;Barra do Bugres;0;2;66008500;BARRA DO BUGRES - RIO BUGRES;RIO DOS BUGRES;;-14,986700;-57,115800;26,78;70,13;0;montante;;;;;;sqlite:sis_cloud_seed.db:ana_estacoes;sqlite:sis_cloud_seed.db:ana_telemetria;
27277;Fazenda Jauquara;Barra do Bugres;0;3;66007000;SÍTIO JAPUIRA;RIO PARAGUAI;;-14,814800;-56,838700;55,49;43,23;0;montante;;;;;;sqlite:sis_cloud_seed.db:ana_estacoes;sqlite:sis_cloud_seed.db:ana_telemetria;
7976;Fazenda Tucano;Barra do Bugres;0;1;66010000;BARRA DO BUGRES;RIO PARAGUAI;;-15,076100;-57,181900;23,41;76,73;0;local;;;;;;sqlite:sis_cloud_seed.db:ana_estacoes;sqlite:sis_cloud_seed.db:ana_telemetria;
7976;Fazenda Tucano;Barra do Bugres;0;2;66008500;BARRA DO BUGRES - RIO BUGRES;RIO DOS BUGRES;;-14,986700;-57,115800;32,96;70,13;0;montante;;;;;;sqlite:sis_cloud_seed.db:ana_estacoes;sqlite:sis_cloud_seed.db:ana_telemetria;
7976;Fazenda Tucano;Barra do Bugres;0;3;66056000;FAZENDA SANTA RITA DO SEPOTUBA;RIO SEPOTUBA;;-15,230700;-57,698200;35,20;132,56;0;jusante;;;;;;sqlite:sis_cloud_seed.db:ana_estacoes;sqlite:sis_cloud_seed.db:ana_telemetria;
4336;UHE Juba II - Juba II;Barra do Bugres;0;1;66052081;UHE JUBA II BARRAMENTO;RIO JUBA;;-14,759200;-58,045800;0,40;171,63;0;local;;;;;;sqlite:sis_cloud_seed.db:ana_estacoes;sqlite:sis_cloud_seed.db:ana_telemetria;
4336;UHE Juba II - Juba II;Barra do Bugres;0;2;66052500;UHE JUBA II JUSANTE;RIO JUBA;;-14,760600;-58,024200;2,42;169,31;0;local;;;;;;sqlite:sis_cloud_seed.db:ana_estacoes;sqlite:sis_cloud_seed.db:ana_telemetria;
4336;UHE Juba II - Juba II;Barra do Bugres;0;3;66052080;UHE JUBA I BARRAMENTO;RIO JUBA;;-14,740600;-58,101400;6,18;177,84;0;local;;;;;;sqlite:sis_cloud_seed.db:ana_estacoes;sqlite:sis_cloud_seed.db:ana_telemetria;
29564;UISA A;Barra do Bugres;0;1;66008500;BARRA DO BUGRES - RIO BUGRES;RIO DOS BUGRES;;-14,986700;-57,115800;18,77;70,13;0;jusante;;;;;;sqlite:sis_cloud_seed.db:ana_estacoes;sqlite:sis_cloud_seed.db:ana_telemetria;
29564;UISA A;Barra do Bugres;0;2;66010000;BARRA DO BUGRES;RIO PARAGUAI;;-15,076100;-57,181900;24,28;76,73;0;jusante;;;;;;sqlite:sis_cloud_seed.db:ana_estacoes;sqlite:sis_cloud_seed.db:ana_telemetria;
29564;UISA A;Barra do Bugres;0;3;66007000;SÍTIO JAPUIRA;RIO PARAGUAI;;-14,814800;-56,838700;43,04;43,23;0;montante;;;;;;sqlite:sis_cloud_seed.db:ana_estacoes;sqlite:sis_cloud_seed.db:ana_telemetria;
31563;BARRAGEM URUTAU;Barra do Garças;0;1;26130000;FAZENDA RIO CORRENTES;RIBEIRÃO ÍNSULA;;-15,089200;-52,049200;25,23;400,61;0;jusante;;;;;;sqlite:sis_cloud_seed.db:ana_estacoes;sqlite:sis_cloud_seed.db:ana_telemetria;
31563;BARRAGEM URUTAU;Barra do Garças;0;2;26100000;XAVANTINA;RIO DAS MORTES ;;-14,672500;-52,355000;36,68;368,11;0;montante;;;;;;sqlite:sis_cloud_seed.db:ana_estacoes;sqlite:sis_cloud_seed.db:ana_telemetria;
31563;BARRAGEM URUTAU;Barra do Garças;0;3;26057000;CHÁCARA BOA VISTA;CÓRREGO  ARAES (ou AREÕES);;-14,534200;-52,331400;51,19;372,01;0;montante;;;;;;sqlite:sis_cloud_seed.db:ana_estacoes;sqlite:sis_cloud_seed.db:ana_telemetria;
35283;Barragem Agrocentro;Barra do Garças;0;1;24700000;BARRA DO GARÇAS;RIO ARAGUAIA;;-15,891400;-52,227800;24,56;390,86;0;jusante;;;;;;sqlite:sis_cloud_seed.db:ana_estacoes;sqlite:sis_cloud_seed.db:ana_telemetria;
35283;Barragem Agrocentro;Barra do Garças;0;2;24653000;RIO DAS GARÇAS;RIO DAS GARÇAS;;-15,902200;-52,277200;24,57;385,52;0;jusante;;;;;;sqlite:sis_cloud_seed.db:ana_estacoes;sqlite:sis_cloud_seed.db:ana_telemetria;
35283;Barragem Agrocentro;Barra do Garças;0;3;24710000;SÍTIO ADRIANA;RIO DIAMANTINO;;-16,103100;-52,483300;50,59;362,78;0;jusante;;;;;;sqlite:sis_cloud_seed.db:ana_estacoes;sqlite:sis_cloud_seed.db:ana_telemetria;
35121;Barragem Canário;Barra do Garças;0;1;26130000;FAZENDA RIO CORRENTES;RIBEIRÃO ÍNSULA;;-15,089200;-52,049200;32,95;400,61;0;jusante;;;;;;sqlite:sis_cloud_seed.db:ana_estacoes;sqlite:sis_cloud_seed.db:ana_telemetria;
35121;Barragem Canário;Barra do Garças;0;2;26100000;XAVANTINA;RIO DAS MORTES ;;-14,672500;-52,355000;34,52;368,11;0;montante;;;;;;sqlite:sis_cloud_seed.db:ana_estacoes;sqlite:sis_cloud_seed.db:ana_telemetria;
35121;Barragem Canário;Barra do Garças;0;3;26057000;CHÁCARA BOA VISTA;CÓRREGO  ARAES (ou AREÕES);;-14,534200;-52,331400;49,84;372,01;0;montante;;;;;;sqlite:sis_cloud_seed.db:ana_estacoes;sqlite:sis_cloud_seed.db:ana_telemetria;
35379;Barragem Fazenda Belo Horizonte;Barra do Garças;0;1;26054000;PCH SALTO BELO NOIDORE JUSANTE;RIO F.H. BARBOSA (ou NOIDORE);;-14,867200;-53,283300;59,12;267,49;0;montante;;;;;;sqlite:sis_cloud_seed.db:ana_estacoes;sqlite:sis_cloud_seed.db:ana_telemetria;
35379;Barragem Fazenda Belo Horizonte;Barra do Garças;0;2;26053100;PCH SALTO BELO BARRAMENTO;RIO F.H. BARBOSA (ou NOIDORE);;-14,868900;-53,301400;59,38;265,54;0;montante;;;;;;sqlite:sis_cloud_seed.db:ana_estacoes;sqlite:sis_cloud_seed.db:ana_telemetria;
35379;Barragem Fazenda Belo Horizonte;Barra do Garças;0;3;26053110;PCH SALTO BELO JUSANTE;RIO F.H. BARBOSA (ou NOIDORE);;-14,866900;-53,297200;59,49;265,99;0;montante;;;;;;sqlite:sis_cloud_seed.db:ana_estacoes;sqlite:sis_cloud_seed.db:ana_telemetria;
35273;Barragem Nossa Senhora Aparecida;Barra do Garças;0;1;24653000;RIO DAS GARÇAS;RIO DAS GARÇAS;;-15,902200;-52,277200;14,16;385,52;0;jusante;;;;;;sqlite:sis_cloud_seed.db:ana_estacoes;sqlite:sis_cloud_seed.db:ana_telemetria;
35273;Barragem Nossa Senhora Aparecida;Barra do Garças;0;2;24700000;BARRA DO GARÇAS;RIO ARAGUAIA;;-15,891400;-52,227800;17,46;390,86;0;jusante;;;;;;sqlite:sis_cloud_seed.db:ana_estacoes;sqlite:sis_cloud_seed.db:ana_telemetria;
35273;Barragem Nossa Senhora Aparecida;Barra do Garças;0;3;24710000;SÍTIO ADRIANA;RIO DIAMANTINO;;-16,103100;-52,483300;35,17;362,78;0;jusante;;;;;;sqlite:sis_cloud_seed.db:ana_estacoes;sqlite:sis_cloud_seed.db:ana_telemetria;
35152;Barragem Vitória I ? Principal;Barra do Garças;0;1;26130000;FAZENDA RIO CORRENTES;RIBEIRÃO ÍNSULA;;-15,089200;-52,049200;27,56;400,61;0;local;;;;;;sqlite:sis_cloud_seed.db:ana_estacoes;sqlite:sis_cloud_seed.db:ana_telemetria;
35152;Barragem Vitória I ? Principal;Barra do Garças;0;2;26100000;XAVANTINA;RIO DAS MORTES ;;-14,672500;-52,355000;43,46;368,11;0;montante;;;;;;sqlite:sis_cloud_seed.db:ana_estacoes;sqlite:sis_cloud_seed.db:ana_telemetria;
35152;Barragem Vitória I ? Principal;Barra do Garças;0;3;26057000;CHÁCARA BOA VISTA;CÓRREGO  ARAES (ou AREÕES);;-14,534200;-52,331400;58,57;372,01;0;montante;;;;;;sqlite:sis_cloud_seed.db:ana_estacoes;sqlite:sis_cloud_seed.db:ana_telemetria;
35072;Barramento - Fazenda Belo Horizonte;Barra do Garças;0;1;26054000;PCH SALTO BELO NOIDORE JUSANTE;RIO F.H. BARBOSA (ou NOIDORE);;-14,867200;-53,283300;57,50;267,49;0;montante;;;;;;sqlite:sis_cloud_seed.db:ana_estacoes;sqlite:sis_cloud_seed.db:ana_telemetria;
35072;Barramento - Fazenda Belo Horizonte;Barra do Garças;0;2;26053100;PCH SALTO BELO BARRAMENTO;RIO F.H. BARBOSA (ou NOIDORE);;-14,868900;-53,301400;57,85;265,54;0;montante;;;;;;sqlite:sis_cloud_seed.db:ana_estacoes;sqlite:sis_cloud_seed.db:ana_telemetria;
35072;Barramento - Fazenda Belo Horizonte;Barra do Garças;0;3;26053110;PCH SALTO BELO JUSANTE;RIO F.H. BARBOSA (ou NOIDORE);;-14,866900;-53,297200;57,94;265,99;0;montante;;;;;;sqlite:sis_cloud_seed.db:ana_estacoes;sqlite:sis_cloud_seed.db:ana_telemetria;
35076;Barramento - Fazenda Belo Horizonte II;Barra do Garças;0;1;26054000;PCH SALTO BELO NOIDORE JUSANTE;RIO F.H. BARBOSA (ou NOIDORE);;-14,867200;-53,283300;59,51;267,49;0;montante;;;;;;sqlite:sis_cloud_seed.db:ana_estacoes;sqlite:sis_cloud_seed.db:ana_telemetria;
35076;Barramento - Fazenda Belo Horizonte II;Barra do Garças;0;2;26053100;PCH SALTO BELO BARRAMENTO;RIO F.H. BARBOSA (ou NOIDORE);;-14,868900;-53,301400;59,80;265,54;0;montante;;;;;;sqlite:sis_cloud_seed.db:ana_estacoes;sqlite:sis_cloud_seed.db:ana_telemetria;
35076;Barramento - Fazenda Belo Horizonte II;Barra do Garças;0;3;26053110;PCH SALTO BELO JUSANTE;RIO F.H. BARBOSA (ou NOIDORE);;-14,866900;-53,297200;59,90;265,99;0;montante;;;;;;sqlite:sis_cloud_seed.db:ana_estacoes;sqlite:sis_cloud_seed.db:ana_telemetria;
31568;Barramento Fazenda Vera Cruz;Barra do Garças;0;1;26130000;FAZENDA RIO CORRENTES;RIBEIRÃO ÍNSULA;;-15,089200;-52,049200;25,74;400,61;0;jusante;;;;;;sqlite:sis_cloud_seed.db:ana_estacoes;sqlite:sis_cloud_seed.db:ana_telemetria;
31568;Barramento Fazenda Vera Cruz;Barra do Garças;0;2;26100000;XAVANTINA;RIO DAS MORTES ;;-14,672500;-52,355000;33,82;368,11;0;montante;;;;;;sqlite:sis_cloud_seed.db:ana_estacoes;sqlite:sis_cloud_seed.db:ana_telemetria;
31568;Barramento Fazenda Vera Cruz;Barra do Garças;0;3;26057000;CHÁCARA BOA VISTA;CÓRREGO  ARAES (ou AREÕES);;-14,534200;-52,331400;43,77;372,01;0;montante;;;;;;sqlite:sis_cloud_seed.db:ana_estacoes;sqlite:sis_cloud_seed.db:ana_telemetria;
8174;Faz. Agrocentro Barra Brasil;Barra do Garças;0;1;24700000;BARRA DO GARÇAS;RIO ARAGUAIA;;-15,891400;-52,227800;24,53;390,86;0;jusante;;;;;;sqlite:sis_cloud_seed.db:ana_estacoes;sqlite:sis_cloud_seed.db:ana_telemetria;
8174;Faz. Agrocentro Barra Brasil;Barra do Garças;0;2;24653000;RIO DAS GARÇAS;RIO DAS GARÇAS;;-15,902200;-52,277200;24,54;385,52;0;jusante;;;;;;sqlite:sis_cloud_seed.db:ana_estacoes;sqlite:sis_cloud_seed.db:ana_telemetria;
8174;Faz. Agrocentro Barra Brasil;Barra do Garças;0;3;24710000;SÍTIO ADRIANA;RIO DIAMANTINO;;-16,103100;-52,483300;50,58;362,78;0;jusante;;;;;;sqlite:sis_cloud_seed.db:ana_estacoes;sqlite:sis_cloud_seed.db:ana_telemetria;
6475;Fazenda AFB Brasil;Barra do Garças;0;1;26130000;FAZENDA RIO CORRENTES;RIBEIRÃO ÍNSULA;;-15,089200;-52,049200;28,06;400,61;0;jusante;;;;;;sqlite:sis_cloud_seed.db:ana_estacoes;sqlite:sis_cloud_seed.db:ana_telemetria;
6475;Fazenda AFB Brasil;Barra do Garças;0;2;26100000;XAVANTINA;RIO DAS MORTES ;;-14,672500;-52,355000;39,76;368,11;0;montante;;;;;;sqlite:sis_cloud_seed.db:ana_estacoes;sqlite:sis_cloud_seed.db:ana_telemetria;
6475;Fazenda AFB Brasil;Barra do Garças;0;3;26057000;CHÁCARA BOA VISTA;CÓRREGO  ARAES (ou AREÕES);;-14,534200;-52,331400;54,82;372,01;0;montante;;;;;;sqlite:sis_cloud_seed.db:ana_estacoes;sqlite:sis_cloud_seed.db:ana_telemetria;
19966;Fazenda AFB Brasil;Barra do Garças;0;1;26130000;FAZENDA RIO CORRENTES;RIBEIRÃO ÍNSULA;;-15,089200;-52,049200;27,11;400,61;0;jusante;;;;;;sqlite:sis_cloud_seed.db:ana_estacoes;sqlite:sis_cloud_seed.db:ana_telemetria;
19966;Fazenda AFB Brasil;Barra do Garças;0;2;26100000;XAVANTINA;RIO DAS MORTES ;;-14,672500;-52,355000;37,60;368,11;0;montante;;;;;;sqlite:sis_cloud_seed.db:ana_estacoes;sqlite:sis_cloud_seed.db:ana_telemetria;
19966;Fazenda AFB Brasil;Barra do Garças;0;3;26057000;CHÁCARA BOA VISTA;CÓRREGO  ARAES (ou AREÕES);;-14,534200;-52,331400;52,46;372,01;0;montante;;;;;;sqlite:sis_cloud_seed.db:ana_estacoes;sqlite:sis_cloud_seed.db:ana_telemetria;
19967;Fazenda AFB Brasil;Barra do Garças;0;1;26130000;FAZENDA RIO CORRENTES;RIBEIRÃO ÍNSULA;;-15,089200;-52,049200;25,76;400,61;0;jusante;;;;;;sqlite:sis_cloud_seed.db:ana_estacoes;sqlite:sis_cloud_seed.db:ana_telemetria;
19967;Fazenda AFB Brasil;Barra do Garças;0;2;26100000;XAVANTINA;RIO DAS MORTES ;;-14,672500;-52,355000;36,61;368,11;0;montante;;;;;;sqlite:sis_cloud_seed.db:ana_estacoes;sqlite:sis_cloud_seed.db:ana_telemetria;
19967;Fazenda AFB Brasil;Barra do Garças;0;3;26057000;CHÁCARA BOA VISTA;CÓRREGO  ARAES (ou AREÕES);;-14,534200;-52,331400;51,21;372,01;0;montante;;;;;;sqlite:sis_cloud_seed.db:ana_estacoes;sqlite:sis_cloud_seed.db:ana_telemetria;
22627;Barragem Aldeia Isibaiadzatsi;Bom Jesus do Araguaia;0;1;26310000;FAZENDA RANCHO ALTO;RIO MURERE;;-12,331700;-51,333100;66,51;556,90;0;jusante;;;;;;sqlite:sis_cloud_seed.db:ana_estacoes;sqlite:sis_cloud_seed.db:ana_telemetria;
26335;Barramento - Fazenda Guapeva;Bom Jesus do Araguaia;0;1;26310000;FAZENDA RANCHO ALTO;RIO MURERE;;-12,331700;-51,333100;53,65;556,90;0;jusante;;;;;;sqlite:sis_cloud_seed.db:ana_estacoes;sqlite:sis_cloud_seed.db:ana_telemetria;
26335;Barramento - Fazenda Guapeva;Bom Jesus do Araguaia;0;2;18428000;SANTA CRUZ DO SUIA;RIO SUIA-MIÇU;;-12,621900;-52,058900;60,22;472,91;0;jusante;;;;;;sqlite:sis_cloud_seed.db:ana_estacoes;sqlite:sis_cloud_seed.db:ana_telemetria;
33076;Barramento – Munícipio de Bom Jesus do Araguaia;Bom Jesus do Araguaia;0;1;26310000;FAZENDA RANCHO ALTO;RIO MURERE;;-12,331700;-51,333100;24,70;556,90;0;jusante;;;;;;sqlite:sis_cloud_seed.db:ana_estacoes;sqlite:sis_cloud_seed.db:ana_telemetria;
33076;Barramento – Munícipio de Bom Jesus do Araguaia;Bom Jesus do Araguaia;0;2;18428000;SANTA CRUZ DO SUIA;RIO SUIA-MIÇU;;-12,621900;-52,058900;77,55;472,91;0;jusante;;;;;;sqlite:sis_cloud_seed.db:ana_estacoes;sqlite:sis_cloud_seed.db:ana_telemetria;
22398;Massa d'Água #103693;Bom Jesus do Araguaia;0;1;26310000;FAZENDA RANCHO ALTO;RIO MURERE;;-12,331700;-51,333100;65,77;556,90;0;jusante;;;;;;sqlite:sis_cloud_seed.db:ana_estacoes;sqlite:sis_cloud_seed.db:ana_telemetria;
22607;Massa d'Água #158075;Bom Jesus do Araguaia;0;1;26310000;FAZENDA RANCHO ALTO;RIO MURERE;;-12,331700;-51,333100;68,79;556,90;0;jusante;;;;;;sqlite:sis_cloud_seed.db:ana_estacoes;sqlite:sis_cloud_seed.db:ana_telemetria;
22230;Massa d'Água #65759;Bom Jesus do Araguaia;0;1;26310000;FAZENDA RANCHO ALTO;RIO MURERE;;-12,331700;-51,333100;75,21;556,90;0;jusante;;;;;;sqlite:sis_cloud_seed.db:ana_estacoes;sqlite:sis_cloud_seed.db:ana_telemetria;
19994;PDS Bordolândia;Bom Jesus do Araguaia;0;1;26310000;FAZENDA RANCHO ALTO;RIO MURERE;;-12,331700;-51,333100;41,97;556,90;0;jusante;;;;;;sqlite:sis_cloud_seed.db:ana_estacoes;sqlite:sis_cloud_seed.db:ana_telemetria;
19994;PDS Bordolândia;Bom Jesus do Araguaia;0;2;18428000;SANTA CRUZ DO SUIA;RIO SUIA-MIÇU;;-12,621900;-52,058900;75,93;472,91;0;jusante;;;;;;sqlite:sis_cloud_seed.db:ana_estacoes;sqlite:sis_cloud_seed.db:ana_telemetria;
31635;Barragem I - Fazenda Batista;Brasnorte;0;1;17091600;PCH SACRE 2 MONTANTE 1;RIO SACRE;;-13,025800;-58,184400;17,19;276,37;0;montante;;;;;;sqlite:sis_cloud_seed.db:ana_estacoes;sqlite:sis_cloud_seed.db:ana_telemetria;
31635;Barragem I - Fazenda Batista;Brasnorte;0;2;17091580;PCH SACRE 2 MONTANTE 2;RIO SACRE;;-13,292500;-58,134700;22,08;251,85;0;jusante;;;;;;sqlite:sis_cloud_seed.db:ana_estacoes;sqlite:sis_cloud_seed.db:ana_telemetria;
31635;Barragem I - Fazenda Batista;Brasnorte;0;3;17092850;PCH SACRE 2 JUSANTE;RIO SACRE;;-12,960000;-58,250800;27,31;286,63;0;montante;;;;;;sqlite:sis_cloud_seed.db:ana_estacoes;sqlite:sis_cloud_seed.db:ana_telemetria;
35019;Barramento - Fazenda Paraná - São Bento;Brasnorte;0;1;17093020;RIO JURUENA - PONTE EM JUÍNA;RIO JURUENA;;-11,530300;-58,379700;24,13;420,77;0;montante;;;;;2026-09-07 10:00:00;sqlite:sis_cloud_seed.db:ana_estacoes;sqlite:sis_cloud_seed.db:ana_telemetria;
35019;Barramento - Fazenda Paraná - São Bento;Brasnorte;0;2;17093010;MT-170;RIO JUINA MIRIM;;-11,356400;-58,353600;38,44;435,64;0;montante;;;;;;sqlite:sis_cloud_seed.db:ana_estacoes;sqlite:sis_cloud_seed.db:ana_telemetria;
35019;Barramento - Fazenda Paraná - São Bento;Brasnorte;0;3;17094300;BRASNORTE;RIO DO SANGUE;;-12,098000;-57,880300;59,50;338,41;0;jusante;;;;;;sqlite:sis_cloud_seed.db:ana_estacoes;sqlite:sis_cloud_seed.db:ana_telemetria;
35020;Barramento 1 (montante) - Fazenda Paraná - São Bento;Brasnorte;0;1;17093020;RIO JURUENA - PONTE EM JUÍNA;RIO JURUENA;;-11,530300;-58,379700;23,41;420,77;0;montante;;;;;2026-09-07 10:00:00;sqlite:sis_cloud_seed.db:ana_estacoes;sqlite:sis_cloud_seed.db:ana_telemetria;
35020;Barramento 1 (montante) - Fazenda Paraná - São Bento;Brasnorte;0;2;17093010;MT-170;RIO JUINA MIRIM;;-11,356400;-58,353600;38,58;435,64;0;montante;;;;;;sqlite:sis_cloud_seed.db:ana_estacoes;sqlite:sis_cloud_seed.db:ana_telemetria;
35020;Barramento 1 (montante) - Fazenda Paraná - São Bento;Brasnorte;0;3;17094300;BRASNORTE;RIO DO SANGUE;;-12,098000;-57,880300;59,94;338,41;0;jusante;;;;;;sqlite:sis_cloud_seed.db:ana_estacoes;sqlite:sis_cloud_seed.db:ana_telemetria;
36365;Barramento I - Fazenda Três Coqueiros;Brasnorte;0;1;17092960;PONTE ANTIGA BR-364 ;RIO PAPAGAIO;;-12,799700;-58,398300;28,84;310,56;0;jusante;356,0;;;;2026-09-07 10:00:00;sqlite:sis_cloud_seed.db:ana_estacoes;sqlite:sis_cloud_seed.db:ana_telemetria;contexto_somente
36365;Barramento I - Fazenda Três Coqueiros;Brasnorte;0;2;17092850;PCH SACRE 2 JUSANTE;RIO SACRE;;-12,960000;-58,250800;31,28;286,63;0;jusante;;;;;;sqlite:sis_cloud_seed.db:ana_estacoes;sqlite:sis_cloud_seed.db:ana_telemetria;
36365;Barramento I - Fazenda Três Coqueiros;Brasnorte;0;3;17094400;PCH BOCAIÚVA MONTANTE;RIO CRAVARI;;-12,573300;-57,883100;32,45;294,62;0;montante;;;;;;sqlite:sis_cloud_seed.db:ana_estacoes;sqlite:sis_cloud_seed.db:ana_telemetria;
36366;Barramento II - Fazenda Três Coqueiros;Brasnorte;0;1;17092960;PONTE ANTIGA BR-364 ;RIO PAPAGAIO;;-12,799700;-58,398300;28,21;310,56;0;jusante;356,0;;;;2026-09-07 10:00:00;sqlite:sis_cloud_seed.db:ana_estacoes;sqlite:sis_cloud_seed.db:ana_telemetria;contexto_somente
36366;Barramento II - Fazenda Três Coqueiros;Brasnorte;0;2;17092850;PCH SACRE 2 JUSANTE;RIO SACRE;;-12,960000;-58,250800;30,57;286,63;0;jusante;;;;;;sqlite:sis_cloud_seed.db:ana_estacoes;sqlite:sis_cloud_seed.db:ana_telemetria;
36366;Barramento II - Fazenda Três Coqueiros;Brasnorte;0;3;17094400;PCH BOCAIÚVA MONTANTE;RIO CRAVARI;;-12,573300;-57,883100;33,10;294,62;0;montante;;;;;;sqlite:sis_cloud_seed.db:ana_estacoes;sqlite:sis_cloud_seed.db:ana_telemetria;
36367;Barramento III - Fazenda Três Coqueiros;Brasnorte;0;1;17092960;PONTE ANTIGA BR-364 ;RIO PAPAGAIO;;-12,799700;-58,398300;28,03;310,56;0;jusante;356,0;;;;2026-09-07 10:00:00;sqlite:sis_cloud_seed.db:ana_estacoes;sqlite:sis_cloud_seed.db:ana_telemetria;contexto_somente
36367;Barramento III - Fazenda Três Coqueiros;Brasnorte;0;2;17092850;PCH SACRE 2 JUSANTE;RIO SACRE;;-12,960000;-58,250800;30,38;286,63;0;jusante;;;;;;sqlite:sis_cloud_seed.db:ana_estacoes;sqlite:sis_cloud_seed.db:ana_telemetria;
36367;Barramento III - Fazenda Três Coqueiros;Brasnorte;0;3;17094400;PCH BOCAIÚVA MONTANTE;RIO CRAVARI;;-12,573300;-57,883100;33,28;294,62;0;montante;;;;;;sqlite:sis_cloud_seed.db:ana_estacoes;sqlite:sis_cloud_seed.db:ana_telemetria;
20129;Faz. Paraná;Brasnorte;0;1;17093020;RIO JURUENA - PONTE EM JUÍNA;RIO JURUENA;;-11,530300;-58,379700;24,14;420,77;0;montante;;;;;2026-09-07 10:00:00;sqlite:sis_cloud_seed.db:ana_estacoes;sqlite:sis_cloud_seed.db:ana_telemetria;
20129;Faz. Paraná;Brasnorte;0;2;17093010;MT-170;RIO JUINA MIRIM;;-11,356400;-58,353600;38,45;435,64;0;montante;;;;;;sqlite:sis_cloud_seed.db:ana_estacoes;sqlite:sis_cloud_seed.db:ana_telemetria;
20129;Faz. Paraná;Brasnorte;0;3;17094300;BRASNORTE;RIO DO SANGUE;;-12,098000;-57,880300;59,49;338,41;0;jusante;;;;;;sqlite:sis_cloud_seed.db:ana_estacoes;sqlite:sis_cloud_seed.db:ana_telemetria;
5320;Fazenda Itapiranga;Brasnorte;0;1;01258006;PZ_BRASNORTE SEDE;;;-12,183300;-58,000000;8,44;337,40;0;montante;;;;;;sqlite:sis_cloud_seed.db:ana_estacoes;sqlite:sis_cloud_seed.db:ana_telemetria;
5320;Fazenda Itapiranga;Brasnorte;0;2;17094300;BRASNORTE;RIO DO SANGUE;;-12,098000;-57,880300;21,75;338,41;0;montante;;;;;;sqlite:sis_cloud_seed.db:ana_estacoes;sqlite:sis_cloud_seed.db:ana_telemetria;
5320;Fazenda Itapiranga;Brasnorte;0;3;17094550;PCH BOCAIÚVA JUSANTE;RIO CRAVARI;;-12,482200;-57,874400;28,01;302,28;0;jusante;;;;;;sqlite:sis_cloud_seed.db:ana_estacoes;sqlite:sis_cloud_seed.db:ana_telemetria;
26669;Fazenda Nove de Julho;Brasnorte;0;1;17093020;RIO JURUENA - PONTE EM JUÍNA;RIO JURUENA;;-11,530300;-58,379700;36,37;420,77;0;montante;;;;;2026-09-07 10:00:00;sqlite:sis_cloud_seed.db:ana_estacoes;sqlite:sis_cloud_seed.db:ana_telemetria;
26669;Fazenda Nove de Julho;Brasnorte;0;2;01258006;PZ_BRASNORTE SEDE;;;-12,183300;-58,000000;47,84;337,40;0;jusante;;;;;;sqlite:sis_cloud_seed.db:ana_estacoes;sqlite:sis_cloud_seed.db:ana_telemetria;
26669;Fazenda Nove de Julho;Brasnorte;0;3;17094300;BRASNORTE;RIO DO SANGUE;;-12,098000;-57,880300;50,45;338,41;0;jusante;;;;;;sqlite:sis_cloud_seed.db:ana_estacoes;sqlite:sis_cloud_seed.db:ana_telemetria;
20314;Fazenda Paraná;Brasnorte;0;1;17093020;RIO JURUENA - PONTE EM JUÍNA;RIO JURUENA;;-11,530300;-58,379700;23,71;420,77;0;montante;;;;;2026-09-07 10:00:00;sqlite:sis_cloud_seed.db:ana_estacoes;sqlite:sis_cloud_seed.db:ana_telemetria;
20314;Fazenda Paraná;Brasnorte;0;2;17093010;MT-170;RIO JUINA MIRIM;;-11,356400;-58,353600;37,27;435,64;0;montante;;;;;;sqlite:sis_cloud_seed.db:ana_estacoes;sqlite:sis_cloud_seed.db:ana_telemetria;
20314;Fazenda Paraná;Brasnorte;0;3;17094300;BRASNORTE;RIO DO SANGUE;;-12,098000;-57,880300;60,34;338,41;0;jusante;;;;;;sqlite:sis_cloud_seed.db:ana_estacoes;sqlite:sis_cloud_seed.db:ana_telemetria;
35236;Fazenda Roberto I ? Barragem principal;Brasnorte;0;1;01258006;PZ_BRASNORTE SEDE;;;-12,183300;-58,000000;30,94;337,40;0;jusante;;;;;;sqlite:sis_cloud_seed.db:ana_estacoes;sqlite:sis_cloud_seed.db:ana_telemetria;
35236;Fazenda Roberto I ? Barragem principal;Brasnorte;0;2;17094300;BRASNORTE;RIO DO SANGUE;;-12,098000;-57,880300;38,01;338,41;0;jusante;;;;;;sqlite:sis_cloud_seed.db:ana_estacoes;sqlite:sis_cloud_seed.db:ana_telemetria;
35236;Fazenda Roberto I ? Barragem principal;Brasnorte;0;3;17093020;RIO JURUENA - PONTE EM JUÍNA;RIO JURUENA;;-11,530300;-58,379700;55,40;420,77;0;montante;;;;;2026-09-07 10:00:00;sqlite:sis_cloud_seed.db:ana_estacoes;sqlite:sis_cloud_seed.db:ana_telemetria;
7965;Fazenda São João VIII;Brasnorte;0;1;01258006;PZ_BRASNORTE SEDE;;;-12,183300;-58,000000;17,19;337,40;0;montante;;;;;;sqlite:sis_cloud_seed.db:ana_estacoes;sqlite:sis_cloud_seed.db:ana_telemetria;
7965;Fazenda São João VIII;Brasnorte;0;2;17094300;BRASNORTE;RIO DO SANGUE;;-12,098000;-57,880300;32,98;338,41;0;montante;;;;;;sqlite:sis_cloud_seed.db:ana_estacoes;sqlite:sis_cloud_seed.db:ana_telemetria;
7965;Fazenda São João VIII;Brasnorte;0;3;17094550;PCH BOCAIÚVA JUSANTE;RIO CRAVARI;;-12,482200;-57,874400;40,36;302,28;0;jusante;;;;;;sqlite:sis_cloud_seed.db:ana_estacoes;sqlite:sis_cloud_seed.db:ana_telemetria;
22393;Massa d'Água #102561;Brasnorte;0;1;17092960;PONTE ANTIGA BR-364 ;RIO PAPAGAIO;;-12,799700;-58,398300;38,54;310,56;0;jusante;356,0;;;;2026-09-07 10:00:00;sqlite:sis_cloud_seed.db:ana_estacoes;sqlite:sis_cloud_seed.db:ana_telemetria;contexto_somente
22393;Massa d'Água #102561;Brasnorte;0;2;01258006;PZ_BRASNORTE SEDE;;;-12,183300;-58,000000;54,32;337,40;0;montante;;;;;;sqlite:sis_cloud_seed.db:ana_estacoes;sqlite:sis_cloud_seed.db:ana_telemetria;
22393;Massa d'Água #102561;Brasnorte;0;3;17094550;PCH BOCAIÚVA JUSANTE;RIO CRAVARI;;-12,482200;-57,874400;58,95;302,28;0;local;;;;;;sqlite:sis_cloud_seed.db:ana_estacoes;sqlite:sis_cloud_seed.db:ana_telemetria;
22394;Massa d'Água #102797;Brasnorte;0;1;01357012;PZ_NOVA MARINGÁ SEDE;;;-13,033300;-57,150000;38,26;208,84;0;jusante;;;;;;sqlite:sis_cloud_seed.db:ana_estacoes;sqlite:sis_cloud_seed.db:ana_telemetria;
22394;Massa d'Água #102797;Brasnorte;0;2;01357013;PZ_NOVA MARINGÁ BRIANORTE;;;-13,023100;-57,095300;42,04;207,18;0;jusante;;;;;;sqlite:sis_cloud_seed.db:ana_estacoes;sqlite:sis_cloud_seed.db:ana_telemetria;
22394;Massa d'Água #102797;Brasnorte;0;3;17094050;PCH INXU JUSANTE;RIO DO SANGUE;;-13,205000;-57,505000;46,89;213,81;0;jusante;;;;;;sqlite:sis_cloud_seed.db:ana_estacoes;sqlite:sis_cloud_seed.db:ana_telemetria;
22448;Massa d'Água #121634;Brasnorte;0;1;17094400;PCH BOCAIÚVA MONTANTE;RIO CRAVARI;;-12,573300;-57,883100;35,24;294,62;0;montante;;;;;;sqlite:sis_cloud_seed.db:ana_estacoes;sqlite:sis_cloud_seed.db:ana_telemetria;
22448;Massa d'Água #121634;Brasnorte;0;2;17094520;PCH BOCAIÚVA BARRAMENTO;RIO CRAVARI;;-12,529400;-57,878300;38,21;298,26;0;montante;;;;;;sqlite:sis_cloud_seed.db:ana_estacoes;sqlite:sis_cloud_seed.db:ana_telemetria;
22448;Massa d'Água #121634;Brasnorte;0;3;17094550;PCH BOCAIÚVA JUSANTE;RIO CRAVARI;;-12,482200;-57,874400;41,89;302,28;0;montante;;;;;;sqlite:sis_cloud_seed.db:ana_estacoes;sqlite:sis_cloud_seed.db:ana_telemetria;
22464;Massa d'Água #127461;Brasnorte;0;1;01258006;PZ_BRASNORTE SEDE;;;-12,183300;-58,000000;42,22;337,40;0;montante;;;;;;sqlite:sis_cloud_seed.db:ana_estacoes;sqlite:sis_cloud_seed.db:ana_telemetria;
22464;Massa d'Água #127461;Brasnorte;0;2;17092960;PONTE ANTIGA BR-364 ;RIO PAPAGAIO;;-12,799700;-58,398300;47,06;310,56;0;jusante;356,0;;;;2026-09-07 10:00:00;sqlite:sis_cloud_seed.db:ana_estacoes;sqlite:sis_cloud_seed.db:ana_telemetria;contexto_somente
22464;Massa d'Água #127461;Brasnorte;0;3;17094550;PCH BOCAIÚVA JUSANTE;RIO CRAVARI;;-12,482200;-57,874400;50,87;302,28;0;jusante;;;;;;sqlite:sis_cloud_seed.db:ana_estacoes;sqlite:sis_cloud_seed.db:ana_telemetria;
22465;Massa d'Água #127642;Brasnorte;0;1;01258006;PZ_BRASNORTE SEDE;;;-12,183300;-58,000000;29,45;337,40;0;local;;;;;;sqlite:sis_cloud_seed.db:ana_estacoes;sqlite:sis_cloud_seed.db:ana_telemetria;
22465;Massa d'Água #127642;Brasnorte;0;2;17094300;BRASNORTE;RIO DO SANGUE;;-12,098000;-57,880300;43,19;338,41;0;montante;;;;;;sqlite:sis_cloud_seed.db:ana_estacoes;sqlite:sis_cloud_seed.db:ana_telemetria;
22465;Massa d'Água #127642;Brasnorte;0;3;17094550;PCH BOCAIÚVA JUSANTE;RIO CRAVARI;;-12,482200;-57,874400;55,27;302,28;0;jusante;;;;;;sqlite:sis_cloud_seed.db:ana_estacoes;sqlite:sis_cloud_seed.db:ana_telemetria;
22493;Massa d'Água #138208;Brasnorte;0;1;17094400;PCH BOCAIÚVA MONTANTE;RIO CRAVARI;;-12,573300;-57,883100;27,05;294,62;0;montante;;;;;;sqlite:sis_cloud_seed.db:ana_estacoes;sqlite:sis_cloud_seed.db:ana_telemetria;
22493;Massa d'Água #138208;Brasnorte;0;2;17094520;PCH BOCAIÚVA BARRAMENTO;RIO CRAVARI;;-12,529400;-57,878300;31,75;298,26;0;montante;;;;;;sqlite:sis_cloud_seed.db:ana_estacoes;sqlite:sis_cloud_seed.db:ana_telemetria;
22493;Massa d'Água #138208;Brasnorte;0;3;17094550;PCH BOCAIÚVA JUSANTE;RIO CRAVARI;;-12,482200;-57,874400;36,88;302,28;0;montante;;;;;;sqlite:sis_cloud_seed.db:ana_estacoes;sqlite:sis_cloud_seed.db:ana_telemetria;
22539;Massa d'Água #149061;Brasnorte;0;1;01258006;PZ_BRASNORTE SEDE;;;-12,183300;-58,000000;28,79;337,40;0;local;;;;;;sqlite:sis_cloud_seed.db:ana_estacoes;sqlite:sis_cloud_seed.db:ana_telemetria;
22539;Massa d'Água #149061;Brasnorte;0;2;17094300;BRASNORTE;RIO DO SANGUE;;-12,098000;-57,880300;42,62;338,41;0;montante;;;;;;sqlite:sis_cloud_seed.db:ana_estacoes;sqlite:sis_cloud_seed.db:ana_telemetria;
22539;Massa d'Água #149061;Brasnorte;0;3;17094550;PCH BOCAIÚVA JUSANTE;RIO CRAVARI;;-12,482200;-57,874400;54,56;302,28;0;jusante;;;;;;sqlite:sis_cloud_seed.db:ana_estacoes;sqlite:sis_cloud_seed.db:ana_telemetria;
22560;Massa d'Água #151451;Brasnorte;0;1;01258006;PZ_BRASNORTE SEDE;;;-12,183300;-58,000000;23,15;337,40;0;montante;;;;;;sqlite:sis_cloud_seed.db:ana_estacoes;sqlite:sis_cloud_seed.db:ana_telemetria;
22560;Massa d'Água #151451;Brasnorte;0;2;17094550;PCH BOCAIÚVA JUSANTE;RIO CRAVARI;;-12,482200;-57,874400;37,68;302,28;0;jusante;;;;;;sqlite:sis_cloud_seed.db:ana_estacoes;sqlite:sis_cloud_seed.db:ana_telemetria;
22560;Massa d'Água #151451;Brasnorte;0;3;17094300;BRASNORTE;RIO DO SANGUE;;-12,098000;-57,880300;39,25;338,41;0;montante;;;;;;sqlite:sis_cloud_seed.db:ana_estacoes;sqlite:sis_cloud_seed.db:ana_telemetria;
22613;Massa d'Água #160670;Brasnorte;0;1;01258006;PZ_BRASNORTE SEDE;;;-12,183300;-58,000000;20,57;337,40;0;montante;;;;;;sqlite:sis_cloud_seed.db:ana_estacoes;sqlite:sis_cloud_seed.db:ana_telemetria;
22613;Massa d'Água #160670;Brasnorte;0;2;17094300;BRASNORTE;RIO DO SANGUE;;-12,098000;-57,880300;35,76;338,41;0;montante;;;;;;sqlite:sis_cloud_seed.db:ana_estacoes;sqlite:sis_cloud_seed.db:ana_telemetria;
22613;Massa d'Água #160670;Brasnorte;0;3;17094550;PCH BOCAIÚVA JUSANTE;RIO CRAVARI;;-12,482200;-57,874400;44,95;302,28;0;jusante;;;;;;sqlite:sis_cloud_seed.db:ana_estacoes;sqlite:sis_cloud_seed.db:ana_telemetria;
23395;Massa d'Água #172010;Brasnorte;0;1;01258006;PZ_BRASNORTE SEDE;;;-12,183300;-58,000000;21,16;337,40;0;montante;;;;;;sqlite:sis_cloud_seed.db:ana_estacoes;sqlite:sis_cloud_seed.db:ana_telemetria;
23395;Massa d'Água #172010;Brasnorte;0;2;17094550;PCH BOCAIÚVA JUSANTE;RIO CRAVARI;;-12,482200;-57,874400;35,93;302,28;0;jusante;;;;;;sqlite:sis_cloud_seed.db:ana_estacoes;sqlite:sis_cloud_seed.db:ana_telemetria;
23395;Massa d'Água #172010;Brasnorte;0;3;17094300;BRASNORTE;RIO DO SANGUE;;-12,098000;-57,880300;37,24;338,41;0;montante;;;;;;sqlite:sis_cloud_seed.db:ana_estacoes;sqlite:sis_cloud_seed.db:ana_telemetria;
23404;Massa d'Água #178229;Brasnorte;0;1;17094400;PCH BOCAIÚVA MONTANTE;RIO CRAVARI;;-12,573300;-57,883100;31,91;294,62;0;montante;;;;;;sqlite:sis_cloud_seed.db:ana_estacoes;sqlite:sis_cloud_seed.db:ana_telemetria;
23404;Massa d'Água #178229;Brasnorte;0;2;17094520;PCH BOCAIÚVA BARRAMENTO;RIO CRAVARI;;-12,529400;-57,878300;36,51;298,26;0;montante;;;;;;sqlite:sis_cloud_seed.db:ana_estacoes;sqlite:sis_cloud_seed.db:ana_telemetria;
23404;Massa d'Água #178229;Brasnorte;0;3;17094550;PCH BOCAIÚVA JUSANTE;RIO CRAVARI;;-12,482200;-57,874400;41,56;302,28;0;montante;;;;;;sqlite:sis_cloud_seed.db:ana_estacoes;sqlite:sis_cloud_seed.db:ana_telemetria;
23573;Massa d'Água #191605;Brasnorte;0;1;17094550;PCH BOCAIÚVA JUSANTE;RIO CRAVARI;;-12,482200;-57,874400;30,59;302,28;0;jusante;;;;;;sqlite:sis_cloud_seed.db:ana_estacoes;sqlite:sis_cloud_seed.db:ana_telemetria;
23573;Massa d'Água #191605;Brasnorte;0;2;17094520;PCH BOCAIÚVA BARRAMENTO;RIO CRAVARI;;-12,529400;-57,878300;32,45;298,26;0;jusante;;;;;;sqlite:sis_cloud_seed.db:ana_estacoes;sqlite:sis_cloud_seed.db:ana_telemetria;
23573;Massa d'Água #191605;Brasnorte;0;3;17094400;PCH BOCAIÚVA MONTANTE;RIO CRAVARI;;-12,573300;-57,883100;34,93;294,62;0;jusante;;;;;;sqlite:sis_cloud_seed.db:ana_estacoes;sqlite:sis_cloud_seed.db:ana_telemetria;
23594;Massa d'Água #198298;Brasnorte;0;1;17094400;PCH BOCAIÚVA MONTANTE;RIO CRAVARI;;-12,573300;-57,883100;34,81;294,62;0;montante;;;;;;sqlite:sis_cloud_seed.db:ana_estacoes;sqlite:sis_cloud_seed.db:ana_telemetria;
23594;Massa d'Água #198298;Brasnorte;0;2;17094520;PCH BOCAIÚVA BARRAMENTO;RIO CRAVARI;;-12,529400;-57,878300;37,76;298,26;0;montante;;;;;;sqlite:sis_cloud_seed.db:ana_estacoes;sqlite:sis_cloud_seed.db:ana_telemetria;
23594;Massa d'Água #198298;Brasnorte;0;3;17094550;PCH BOCAIÚVA JUSANTE;RIO CRAVARI;;-12,482200;-57,874400;41,44;302,28;0;montante;;;;;;sqlite:sis_cloud_seed.db:ana_estacoes;sqlite:sis_cloud_seed.db:ana_telemetria;
23602;Massa d'Água #201444;Brasnorte;0;1;01258006;PZ_BRASNORTE SEDE;;;-12,183300;-58,000000;22,51;337,40;0;local;;;;;;sqlite:sis_cloud_seed.db:ana_estacoes;sqlite:sis_cloud_seed.db:ana_telemetria;
23602;Massa d'Água #201444;Brasnorte;0;2;17094300;BRASNORTE;RIO DO SANGUE;;-12,098000;-57,880300;36,61;338,41;0;montante;;;;;;sqlite:sis_cloud_seed.db:ana_estacoes;sqlite:sis_cloud_seed.db:ana_telemetria;
23602;Massa d'Água #201444;Brasnorte;0;3;17094550;PCH BOCAIÚVA JUSANTE;RIO CRAVARI;;-12,482200;-57,874400;49,51;302,28;0;jusante;;;;;;sqlite:sis_cloud_seed.db:ana_estacoes;sqlite:sis_cloud_seed.db:ana_telemetria;
23646;Massa d'Água #205134;Brasnorte;0;1;01258006;PZ_BRASNORTE SEDE;;;-12,183300;-58,000000;18,10;337,40;0;local;;;;;;sqlite:sis_cloud_seed.db:ana_estacoes;sqlite:sis_cloud_seed.db:ana_telemetria;
23646;Massa d'Água #205134;Brasnorte;0;2;17094300;BRASNORTE;RIO DO SANGUE;;-12,098000;-57,880300;32,79;338,41;0;montante;;;;;;sqlite:sis_cloud_seed.db:ana_estacoes;sqlite:sis_cloud_seed.db:ana_telemetria;
23646;Massa d'Água #205134;Brasnorte;0;3;17094550;PCH BOCAIÚVA JUSANTE;RIO CRAVARI;;-12,482200;-57,874400;45,24;302,28;0;jusante;;;;;;sqlite:sis_cloud_seed.db:ana_estacoes;sqlite:sis_cloud_seed.db:ana_telemetria;
23657;Massa d'Água #208270;Brasnorte;0;1;01357012;PZ_NOVA MARINGÁ SEDE;;;-13,033300;-57,150000;34,94;208,84;0;jusante;;;;;;sqlite:sis_cloud_seed.db:ana_estacoes;sqlite:sis_cloud_seed.db:ana_telemetria;
23657;Massa d'Água #208270;Brasnorte;0;2;01357013;PZ_NOVA MARINGÁ BRIANORTE;;;-13,023100;-57,095300;38,92;207,18;0;jusante;;;;;;sqlite:sis_cloud_seed.db:ana_estacoes;sqlite:sis_cloud_seed.db:ana_telemetria;
23657;Massa d'Água #208270;Brasnorte;0;3;17094050;PCH INXU JUSANTE;RIO DO SANGUE;;-13,205000;-57,505000;44,01;213,81;0;jusante;;;;;;sqlite:sis_cloud_seed.db:ana_estacoes;sqlite:sis_cloud_seed.db:ana_telemetria;
23711;Massa d'Água #218398;Brasnorte;0;1;01258006;PZ_BRASNORTE SEDE;;;-12,183300;-58,000000;23,51;337,40;0;local;;;;;;sqlite:sis_cloud_seed.db:ana_estacoes;sqlite:sis_cloud_seed.db:ana_telemetria;
23711;Massa d'Água #218398;Brasnorte;0;2;17094300;BRASNORTE;RIO DO SANGUE;;-12,098000;-57,880300;37,31;338,41;0;montante;;;;;;sqlite:sis_cloud_seed.db:ana_estacoes;sqlite:sis_cloud_seed.db:ana_telemetria;
23711;Massa d'Água #218398;Brasnorte;0;3;17094550;PCH BOCAIÚVA JUSANTE;RIO CRAVARI;;-12,482200;-57,874400;50,90;302,28;0;jusante;;;;;;sqlite:sis_cloud_seed.db:ana_estacoes;sqlite:sis_cloud_seed.db:ana_telemetria;
23755;Massa d'Água #223691;Brasnorte;0;1;17094400;PCH BOCAIÚVA MONTANTE;RIO CRAVARI;;-12,573300;-57,883100;31,30;294,62;0;montante;;;;;;sqlite:sis_cloud_seed.db:ana_estacoes;sqlite:sis_cloud_seed.db:ana_telemetria;
23755;Massa d'Água #223691;Brasnorte;0;2;17094520;PCH BOCAIÚVA BARRAMENTO;RIO CRAVARI;;-12,529400;-57,878300;33,59;298,26;0;montante;;;;;;sqlite:sis_cloud_seed.db:ana_estacoes;sqlite:sis_cloud_seed.db:ana_telemetria;
23755;Massa d'Água #223691;Brasnorte;0;3;17094550;PCH BOCAIÚVA JUSANTE;RIO CRAVARI;;-12,482200;-57,874400;36,73;302,28;0;montante;;;;;;sqlite:sis_cloud_seed.db:ana_estacoes;sqlite:sis_cloud_seed.db:ana_telemetria;
23760;Massa d'Água #224991;Brasnorte;0;1;01258006;PZ_BRASNORTE SEDE;;;-12,183300;-58,000000;18,34;337,40;0;local;;;;;;sqlite:sis_cloud_seed.db:ana_estacoes;sqlite:sis_cloud_seed.db:ana_telemetria;
23760;Massa d'Água #224991;Brasnorte;0;2;17094300;BRASNORTE;RIO DO SANGUE;;-12,098000;-57,880300;33,12;338,41;0;montante;;;;;;sqlite:sis_cloud_seed.db:ana_estacoes;sqlite:sis_cloud_seed.db:ana_telemetria;
23760;Massa d'Água #224991;Brasnorte;0;3;17094550;PCH BOCAIÚVA JUSANTE;RIO CRAVARI;;-12,482200;-57,874400;45,12;302,28;0;jusante;;;;;;sqlite:sis_cloud_seed.db:ana_estacoes;sqlite:sis_cloud_seed.db:ana_telemetria;
23784;Massa d'Água #233184;Brasnorte;0;1;01258006;PZ_BRASNORTE SEDE;;;-12,183300;-58,000000;22,81;337,40;0;montante;;;;;;sqlite:sis_cloud_seed.db:ana_estacoes;sqlite:sis_cloud_seed.db:ana_telemetria;
23784;Massa d'Água #233184;Brasnorte;0;2;17094550;PCH BOCAIÚVA JUSANTE;RIO CRAVARI;;-12,482200;-57,874400;37,83;302,28;0;jusante;;;;;;sqlite:sis_cloud_seed.db:ana_estacoes;sqlite:sis_cloud_seed.db:ana_telemetria;
23784;Massa d'Água #233184;Brasnorte;0;3;17094300;BRASNORTE;RIO DO SANGUE;;-12,098000;-57,880300;38,91;338,41;0;montante;;;;;;sqlite:sis_cloud_seed.db:ana_estacoes;sqlite:sis_cloud_seed.db:ana_telemetria;
23811;Massa d'Água #237597;Brasnorte;0;1;17094400;PCH BOCAIÚVA MONTANTE;RIO CRAVARI;;-12,573300;-57,883100;27,60;294,62;0;montante;;;;;;sqlite:sis_cloud_seed.db:ana_estacoes;sqlite:sis_cloud_seed.db:ana_telemetria;
23811;Massa d'Água #237597;Brasnorte;0;2;17094520;PCH BOCAIÚVA BARRAMENTO;RIO CRAVARI;;-12,529400;-57,878300;31,87;298,26;0;montante;;;;;;sqlite:sis_cloud_seed.db:ana_estacoes;sqlite:sis_cloud_seed.db:ana_telemetria;
23811;Massa d'Água #237597;Brasnorte;0;3;17094550;PCH BOCAIÚVA JUSANTE;RIO CRAVARI;;-12,482200;-57,874400;36,69;302,28;0;montante;;;;;;sqlite:sis_cloud_seed.db:ana_estacoes;sqlite:sis_cloud_seed.db:ana_telemetria;
23815;Massa d'Água #240888;Brasnorte;0;1;01258006;PZ_BRASNORTE SEDE;;;-12,183300;-58,000000;37,55;337,40;0;montante;;;;;;sqlite:sis_cloud_seed.db:ana_estacoes;sqlite:sis_cloud_seed.db:ana_telemetria;
23815;Massa d'Água #240888;Brasnorte;0;2;17094550;PCH BOCAIÚVA JUSANTE;RIO CRAVARI;;-12,482200;-57,874400;51,44;302,28;0;jusante;;;;;;sqlite:sis_cloud_seed.db:ana_estacoes;sqlite:sis_cloud_seed.db:ana_telemetria;
23815;Massa d'Água #240888;Brasnorte;0;3;17094520;PCH BOCAIÚVA BARRAMENTO;RIO CRAVARI;;-12,529400;-57,878300;53,15;298,26;0;jusante;;;;;;sqlite:sis_cloud_seed.db:ana_estacoes;sqlite:sis_cloud_seed.db:ana_telemetria;
22259;Massa d'Água #69653;Brasnorte;0;1;01258006;PZ_BRASNORTE SEDE;;;-12,183300;-58,000000;29,15;337,40;0;local;;;;;;sqlite:sis_cloud_seed.db:ana_estacoes;sqlite:sis_cloud_seed.db:ana_telemetria;
22259;Massa d'Água #69653;Brasnorte;0;2;17094300;BRASNORTE;RIO DO SANGUE;;-12,098000;-57,880300;43,23;338,41;0;montante;;;;;;sqlite:sis_cloud_seed.db:ana_estacoes;sqlite:sis_cloud_seed.db:ana_telemetria;
22259;Massa d'Água #69653;Brasnorte;0;3;17094550;PCH BOCAIÚVA JUSANTE;RIO CRAVARI;;-12,482200;-57,874400;54,14;302,28;0;jusante;;;;;;sqlite:sis_cloud_seed.db:ana_estacoes;sqlite:sis_cloud_seed.db:ana_telemetria;
22260;Massa d'Água #69922;Brasnorte;0;1;01258006;PZ_BRASNORTE SEDE;;;-12,183300;-58,000000;15,54;337,40;0;montante;;;;;;sqlite:sis_cloud_seed.db:ana_estacoes;sqlite:sis_cloud_seed.db:ana_telemetria;
22260;Massa d'Água #69922;Brasnorte;0;2;17094300;BRASNORTE;RIO DO SANGUE;;-12,098000;-57,880300;31,00;338,41;0;montante;;;;;;sqlite:sis_cloud_seed.db:ana_estacoes;sqlite:sis_cloud_seed.db:ana_telemetria;
22260;Massa d'Água #69922;Brasnorte;0;3;17094550;PCH BOCAIÚVA JUSANTE;RIO CRAVARI;;-12,482200;-57,874400;41,41;302,28;0;jusante;;;;;;sqlite:sis_cloud_seed.db:ana_estacoes;sqlite:sis_cloud_seed.db:ana_telemetria;
22279;Massa d'Água #76964;Brasnorte;0;1;17091600;PCH SACRE 2 MONTANTE 1;RIO SACRE;;-13,025800;-58,184400;20,96;276,37;0;jusante;;;;;;sqlite:sis_cloud_seed.db:ana_estacoes;sqlite:sis_cloud_seed.db:ana_telemetria;
22279;Massa d'Água #76964;Brasnorte;0;2;17092850;PCH SACRE 2 JUSANTE;RIO SACRE;;-12,960000;-58,250800;25,12;286,63;0;jusante;;;;;;sqlite:sis_cloud_seed.db:ana_estacoes;sqlite:sis_cloud_seed.db:ana_telemetria;
22279;Massa d'Água #76964;Brasnorte;0;3;17094400;PCH BOCAIÚVA MONTANTE;RIO CRAVARI;;-12,573300;-57,883100;41,74;294,62;0;montante;;;;;;sqlite:sis_cloud_seed.db:ana_estacoes;sqlite:sis_cloud_seed.db:ana_telemetria;
22307;Massa d'Água #79702;Brasnorte;0;1;01258006;PZ_BRASNORTE SEDE;;;-12,183300;-58,000000;25,36;337,40;0;montante;;;;;;sqlite:sis_cloud_seed.db:ana_estacoes;sqlite:sis_cloud_seed.db:ana_telemetria;
22307;Massa d'Água #79702;Brasnorte;0;2;17094550;PCH BOCAIÚVA JUSANTE;RIO CRAVARI;;-12,482200;-57,874400;36,28;302,28;0;jusante;;;;;;sqlite:sis_cloud_seed.db:ana_estacoes;sqlite:sis_cloud_seed.db:ana_telemetria;
22307;Massa d'Água #79702;Brasnorte;0;3;17094520;PCH BOCAIÚVA BARRAMENTO;RIO CRAVARI;;-12,529400;-57,878300;38,56;298,26;0;jusante;;;;;;sqlite:sis_cloud_seed.db:ana_estacoes;sqlite:sis_cloud_seed.db:ana_telemetria;
22322;Massa d'Água #83563;Brasnorte;0;1;01258006;PZ_BRASNORTE SEDE;;;-12,183300;-58,000000;34,30;337,40;0;montante;;;;;;sqlite:sis_cloud_seed.db:ana_estacoes;sqlite:sis_cloud_seed.db:ana_telemetria;
22322;Massa d'Água #83563;Brasnorte;0;2;17094300;BRASNORTE;RIO DO SANGUE;;-12,098000;-57,880300;49,38;338,41;0;montante;;;;;;sqlite:sis_cloud_seed.db:ana_estacoes;sqlite:sis_cloud_seed.db:ana_telemetria;
22322;Massa d'Água #83563;Brasnorte;0;3;17094550;PCH BOCAIÚVA JUSANTE;RIO CRAVARI;;-12,482200;-57,874400;54,23;302,28;0;jusante;;;;;;sqlite:sis_cloud_seed.db:ana_estacoes;sqlite:sis_cloud_seed.db:ana_telemetria;
22331;Massa d'Água #86130;Brasnorte;0;1;01258006;PZ_BRASNORTE SEDE;;;-12,183300;-58,000000;35,55;337,40;0;jusante;;;;;;sqlite:sis_cloud_seed.db:ana_estacoes;sqlite:sis_cloud_seed.db:ana_telemetria;
22331;Massa d'Água #86130;Brasnorte;0;2;17094300;BRASNORTE;RIO DO SANGUE;;-12,098000;-57,880300;44,93;338,41;0;jusante;;;;;;sqlite:sis_cloud_seed.db:ana_estacoes;sqlite:sis_cloud_seed.db:ana_telemetria;
22331;Massa d'Água #86130;Brasnorte;0;3;17093020;RIO JURUENA - PONTE EM JUÍNA;RIO JURUENA;;-11,530300;-58,379700;56,65;420,77;0;montante;;;;;2026-09-07 10:00:00;sqlite:sis_cloud_seed.db:ana_estacoes;sqlite:sis_cloud_seed.db:ana_telemetria;
22335;Massa d'Água #87134;Brasnorte;0;1;17094550;PCH BOCAIÚVA JUSANTE;RIO CRAVARI;;-12,482200;-57,874400;29,30;302,28;0;jusante;;;;;;sqlite:sis_cloud_seed.db:ana_estacoes;sqlite:sis_cloud_seed.db:ana_telemetria;
22335;Massa d'Água #87134;Brasnorte;0;2;17094520;PCH BOCAIÚVA BARRAMENTO;RIO CRAVARI;;-12,529400;-57,878300;30,94;298,26;0;jusante;;;;;;sqlite:sis_cloud_seed.db:ana_estacoes;sqlite:sis_cloud_seed.db:ana_telemetria;
22335;Massa d'Água #87134;Brasnorte;0;3;17094400;PCH BOCAIÚVA MONTANTE;RIO CRAVARI;;-12,573300;-57,883100;33,26;294,62;0;jusante;;;;;;sqlite:sis_cloud_seed.db:ana_estacoes;sqlite:sis_cloud_seed.db:ana_telemetria;
22379;Massa d'Água #95945;Brasnorte;0;1;01258006;PZ_BRASNORTE SEDE;;;-12,183300;-58,000000;28,38;337,40;0;local;;;;;;sqlite:sis_cloud_seed.db:ana_estacoes;sqlite:sis_cloud_seed.db:ana_telemetria;
22379;Massa d'Água #95945;Brasnorte;0;2;17094300;BRASNORTE;RIO DO SANGUE;;-12,098000;-57,880300;42,27;338,41;0;montante;;;;;;sqlite:sis_cloud_seed.db:ana_estacoes;sqlite:sis_cloud_seed.db:ana_telemetria;
22379;Massa d'Água #95945;Brasnorte;0;3;17094550;PCH BOCAIÚVA JUSANTE;RIO CRAVARI;;-12,482200;-57,874400;54,09;302,28;0;jusante;;;;;;sqlite:sis_cloud_seed.db:ana_estacoes;sqlite:sis_cloud_seed.db:ana_telemetria;
5097;PCH Bocaiúva - PCH Bocaiúva;Brasnorte;0;1;17094520;PCH BOCAIÚVA BARRAMENTO;RIO CRAVARI;;-12,529400;-57,878300;0,29;298,26;0;local;;;;;;sqlite:sis_cloud_seed.db:ana_estacoes;sqlite:sis_cloud_seed.db:ana_telemetria;
5097;PCH Bocaiúva - PCH Bocaiúva;Brasnorte;0;2;17094400;PCH BOCAIÚVA MONTANTE;RIO CRAVARI;;-12,573300;-57,883100;4,79;294,62;0;jusante;;;;;;sqlite:sis_cloud_seed.db:ana_estacoes;sqlite:sis_cloud_seed.db:ana_telemetria;
5097;PCH Bocaiúva - PCH Bocaiúva;Brasnorte;0;3;17094550;PCH BOCAIÚVA JUSANTE;RIO CRAVARI;;-12,482200;-57,874400;5,39;302,28;0;montante;;;;;;sqlite:sis_cloud_seed.db:ana_estacoes;sqlite:sis_cloud_seed.db:ana_telemetria;
4560;PCH Sacre II - (NÃO EXISTE BARRAGEM NESTA USINA);Brasnorte;0;1;17091600;PCH SACRE 2 MONTANTE 1;RIO SACRE;;-13,025800;-58,184400;0,43;276,37;0;local;;;;;;sqlite:sis_cloud_seed.db:ana_estacoes;sqlite:sis_cloud_seed.db:ana_telemetria;
4560;PCH Sacre II - (NÃO EXISTE BARRAGEM NESTA USINA);Brasnorte;0;2;17092850;PCH SACRE 2 JUSANTE;RIO SACRE;;-12,960000;-58,250800;9,83;286,63;0;montante;;;;;;sqlite:sis_cloud_seed.db:ana_estacoes;sqlite:sis_cloud_seed.db:ana_telemetria;
4560;PCH Sacre II - (NÃO EXISTE BARRAGEM NESTA USINA);Brasnorte;0;3;17091580;PCH SACRE 2 MONTANTE 2;RIO SACRE;;-13,292500;-58,134700;30,52;251,85;0;jusante;;;;;;sqlite:sis_cloud_seed.db:ana_estacoes;sqlite:sis_cloud_seed.db:ana_telemetria;
37412;Barragem Terra Nova;Barra do Garças;0;1;26130000;FAZENDA RIO CORRENTES;RIBEIRÃO ÍNSULA;;-15,089200;-52,049200;29,94;400,61;0;jusante;;;;;;sqlite:sis_cloud_seed.db:ana_estacoes;sqlite:sis_cloud_seed.db:ana_telemetria;
37412;Barragem Terra Nova;Barra do Garças;0;2;26100000;XAVANTINA;RIO DAS MORTES ;;-14,672500;-52,355000;39,87;368,11;0;montante;;;;;;sqlite:sis_cloud_seed.db:ana_estacoes;sqlite:sis_cloud_seed.db:ana_telemetria;
37412;Barragem Terra Nova;Barra do Garças;0;3;26057000;CHÁCARA BOA VISTA;CÓRREGO  ARAES (ou AREÕES);;-14,534200;-52,331400;55,09;372,01;0;montante;;;;;;sqlite:sis_cloud_seed.db:ana_estacoes;sqlite:sis_cloud_seed.db:ana_telemetria;
24181;CGH Ronuro - 1;Boa Esperança do Norte;0;1;18422400;PCH ARS MONTANTE;RIO ATELCHU OU VAN DEN STEINEN;;-13,148300;-54,835600;56,66;215,98;0;montante;;;;;;sqlite:sis_cloud_seed.db:ana_estacoes;sqlite:sis_cloud_seed.db:ana_telemetria;
24181;CGH Ronuro - 1;Boa Esperança do Norte;0;2;18420000;FAZENDA ITAGUAÇU;RIO RONURO;;-13,140800;-54,445300;60,35;240,04;0;montante;;;;;;sqlite:sis_cloud_seed.db:ana_estacoes;sqlite:sis_cloud_seed.db:ana_telemetria;
24181;CGH Ronuro - 1;Boa Esperança do Norte;0;3;18422480;PCH ARS BARRAMENTO;RIO ATELCHU OU VAN DEN STEINEN;;-13,098300;-54,818100;61,49;221,77;0;montante;;;;;;sqlite:sis_cloud_seed.db:ana_estacoes;sqlite:sis_cloud_seed.db:ana_telemetria;
37458;Fazenda Mundo Novo - Reservatório Pulmão 1;Boa Esperança do Norte;0;1;17277500;UHE SINOP MONTANTE 2;RIO TELES PIRES (OU SÃO MANUEL);;-13,143300;-55,666900;43,10;183,55;0;montante;;;;;;sqlite:sis_cloud_seed.db:ana_estacoes;sqlite:sis_cloud_seed.db:ana_telemetria;
37458;Fazenda Mundo Novo - Reservatório Pulmão 1;Boa Esperança do Norte;0;2;18422400;PCH ARS MONTANTE;RIO ATELCHU OU VAN DEN STEINEN;;-13,148300;-54,835600;50,12;215,98;0;montante;;;;;;sqlite:sis_cloud_seed.db:ana_estacoes;sqlite:sis_cloud_seed.db:ana_telemetria;
37458;Fazenda Mundo Novo - Reservatório Pulmão 1;Boa Esperança do Norte;0;3;18422480;PCH ARS BARRAMENTO;RIO ATELCHU OU VAN DEN STEINEN;;-13,098300;-54,818100;53,51;221,77;0;montante;;;;;;sqlite:sis_cloud_seed.db:ana_estacoes;sqlite:sis_cloud_seed.db:ana_telemetria;
37539;Fazenda Prediger III;Boa Esperança do Norte;0;1;17277500;UHE SINOP MONTANTE 2;RIO TELES PIRES (OU SÃO MANUEL);;-13,143300;-55,666900;37,70;183,55;0;local;;;;;;sqlite:sis_cloud_seed.db:ana_estacoes;sqlite:sis_cloud_seed.db:ana_telemetria;
37539;Fazenda Prediger III;Boa Esperança do Norte;0;2;18422400;PCH ARS MONTANTE;RIO ATELCHU OU VAN DEN STEINEN;;-13,148300;-54,835600;52,32;215,98;0;local;;;;;;sqlite:sis_cloud_seed.db:ana_estacoes;sqlite:sis_cloud_seed.db:ana_telemetria;
37539;Fazenda Prediger III;Boa Esperança do Norte;0;3;18422500;PCH ARS JUSANTE 1;RIO ATELCHU OU VAN DEN STEINEN;;-13,097500;-54,818300;54,49;221,83;0;montante;;;;;;sqlite:sis_cloud_seed.db:ana_estacoes;sqlite:sis_cloud_seed.db:ana_telemetria;
37733;Barragem 02;Bom Jesus do Araguaia;0;1;26310000;FAZENDA RANCHO ALTO;RIO MURERE;;-12,331700;-51,333100;55,54;556,90;0;jusante;;;;;;sqlite:sis_cloud_seed.db:ana_estacoes;sqlite:sis_cloud_seed.db:ana_telemetria;
37733;Barragem 02;Bom Jesus do Araguaia;0;2;18428000;SANTA CRUZ DO SUIA;RIO SUIA-MIÇU;;-12,621900;-52,058900;56,23;472,91;0;jusante;;;;;;sqlite:sis_cloud_seed.db:ana_estacoes;sqlite:sis_cloud_seed.db:ana_telemetria;
37685;Barragem 03;Bom Jesus do Araguaia;0;1;18428000;SANTA CRUZ DO SUIA;RIO SUIA-MIÇU;;-12,621900;-52,058900;55,56;472,91;0;jusante;;;;;;sqlite:sis_cloud_seed.db:ana_estacoes;sqlite:sis_cloud_seed.db:ana_telemetria;
37685;Barragem 03;Bom Jesus do Araguaia;0;2;26310000;FAZENDA RANCHO ALTO;RIO MURERE;;-12,331700;-51,333100;62,69;556,90;0;jusante;;;;;;sqlite:sis_cloud_seed.db:ana_estacoes;sqlite:sis_cloud_seed.db:ana_telemetria;
7963;Fazenda Catavento jusante;Brasnorte;0;1;01258006;PZ_BRASNORTE SEDE;;;-12,183300;-58,000000;17,84;337,40;0;local;;;;;;sqlite:sis_cloud_seed.db:ana_estacoes;sqlite:sis_cloud_seed.db:ana_telemetria;
7963;Fazenda Catavento jusante;Brasnorte;0;2;17094300;BRASNORTE;RIO DO SANGUE;;-12,098000;-57,880300;31,56;338,41;0;montante;;;;;;sqlite:sis_cloud_seed.db:ana_estacoes;sqlite:sis_cloud_seed.db:ana_telemetria;
7963;Fazenda Catavento jusante;Brasnorte;0;3;17094550;PCH BOCAIÚVA JUSANTE;RIO CRAVARI;;-12,482200;-57,874400;47,32;302,28;0;jusante;;;;;;sqlite:sis_cloud_seed.db:ana_estacoes;sqlite:sis_cloud_seed.db:ana_telemetria;
7964;Fazenda Catavento montante;Brasnorte;0;1;01258006;PZ_BRASNORTE SEDE;;;-12,183300;-58,000000;18,14;337,40;0;local;;;;;;sqlite:sis_cloud_seed.db:ana_estacoes;sqlite:sis_cloud_seed.db:ana_telemetria;
7964;Fazenda Catavento montante;Brasnorte;0;2;17094300;BRASNORTE;RIO DO SANGUE;;-12,098000;-57,880300;32,08;338,41;0;montante;;;;;;sqlite:sis_cloud_seed.db:ana_estacoes;sqlite:sis_cloud_seed.db:ana_telemetria;
7964;Fazenda Catavento montante;Brasnorte;0;3;17094550;PCH BOCAIÚVA JUSANTE;RIO CRAVARI;;-12,482200;-57,874400;47,08;302,28;0;jusante;;;;;;sqlite:sis_cloud_seed.db:ana_estacoes;sqlite:sis_cloud_seed.db:ana_telemetria;
23987;CGH Desiderio - Barragem 1;Campinápolis;0;1;26053120;CGH DONA ASSUNTA MONTANTE;RIO F.H. BARBOSA (ou NOIDORE);;-14,856900;-53,291900;0,16;266,58;0;local;;;;;;sqlite:sis_cloud_seed.db:ana_estacoes;sqlite:sis_cloud_seed.db:ana_telemetria;
23987;CGH Desiderio - Barragem 1;Campinápolis;0;2;26053110;PCH SALTO BELO JUSANTE;RIO F.H. BARBOSA (ou NOIDORE);;-14,866900;-53,297200;1,11;265,99;0;local;;;;;;sqlite:sis_cloud_seed.db:ana_estacoes;sqlite:sis_cloud_seed.db:ana_telemetria;
23987;CGH Desiderio - Barragem 1;Campinápolis;0;3;26054000;PCH SALTO BELO NOIDORE JUSANTE;RIO F.H. BARBOSA (ou NOIDORE);;-14,867200;-53,283300;1,35;267,49;0;local;;;;;;sqlite:sis_cloud_seed.db:ana_estacoes;sqlite:sis_cloud_seed.db:ana_telemetria;
23988;CGH Dona Assunta - Barragem 01;Campinápolis;0;1;26053120;CGH DONA ASSUNTA MONTANTE;RIO F.H. BARBOSA (ou NOIDORE);;-14,856900;-53,291900;0,66;266,58;0;local;;;;;;sqlite:sis_cloud_seed.db:ana_estacoes;sqlite:sis_cloud_seed.db:ana_telemetria;
23988;CGH Dona Assunta - Barragem 01;Campinápolis;0;2;26053110;PCH SALTO BELO JUSANTE;RIO F.H. BARBOSA (ou NOIDORE);;-14,866900;-53,297200;0,75;265,99;0;local;;;;;;sqlite:sis_cloud_seed.db:ana_estacoes;sqlite:sis_cloud_seed.db:ana_telemetria;
23988;CGH Dona Assunta - Barragem 01;Campinápolis;0;3;26054000;PCH SALTO BELO NOIDORE JUSANTE;RIO F.H. BARBOSA (ou NOIDORE);;-14,867200;-53,283300;1,03;267,49;0;local;;;;;;sqlite:sis_cloud_seed.db:ana_estacoes;sqlite:sis_cloud_seed.db:ana_telemetria;
23989;CGH Noidore - Barragem 01;Campinápolis;0;1;26054000;PCH SALTO BELO NOIDORE JUSANTE;RIO F.H. BARBOSA (ou NOIDORE);;-14,867200;-53,283300;0,12;267,49;0;local;;;;;;sqlite:sis_cloud_seed.db:ana_estacoes;sqlite:sis_cloud_seed.db:ana_telemetria;
23989;CGH Noidore - Barragem 01;Campinápolis;0;2;26053120;CGH DONA ASSUNTA MONTANTE;RIO F.H. BARBOSA (ou NOIDORE);;-14,856900;-53,291900;1,37;266,58;0;local;;;;;;sqlite:sis_cloud_seed.db:ana_estacoes;sqlite:sis_cloud_seed.db:ana_telemetria;
23989;CGH Noidore - Barragem 01;Campinápolis;0;3;26053110;PCH SALTO BELO JUSANTE;RIO F.H. BARBOSA (ou NOIDORE);;-14,866900;-53,297200;1,38;265,99;0;local;;;;;;sqlite:sis_cloud_seed.db:ana_estacoes;sqlite:sis_cloud_seed.db:ana_telemetria;
30591;Barragem na Fazenda Gera;Campo Novo do Parecis;0;1;17093500;PCH GARGANTA DA JARARACA MONTANTE 2;RIO DO SANGUE;;-13,473300;-57,641700;25,18;199,91;0;montante;;;;;;sqlite:sis_cloud_seed.db:ana_estacoes;sqlite:sis_cloud_seed.db:ana_telemetria;
30591;Barragem na Fazenda Gera;Campo Novo do Parecis;0;2;17093400;PCH GARGANTA DA JARARACA MONTANTE 1;RIO DO SANGUE;;-13,862200;-57,785600;26,85;182,47;0;jusante;;;;;;sqlite:sis_cloud_seed.db:ana_estacoes;sqlite:sis_cloud_seed.db:ana_telemetria;
30591;Barragem na Fazenda Gera;Campo Novo do Parecis;0;3;17093600;PCH GARGANTA DA JARARACA BARRAMENTO;RIO DO SANGUE;;-13,387800;-57,622500;34,42;205,74;0;montante;;;;;;sqlite:sis_cloud_seed.db:ana_estacoes;sqlite:sis_cloud_seed.db:ana_telemetria;
35075;Barramento - Fazenda Estância Gaúcha;Campo Novo do Parecis;0;1;17093400;PCH GARGANTA DA JARARACA MONTANTE 1;RIO DO SANGUE;;-13,862200;-57,785600;13,36;182,47;0;jusante;;;;;;sqlite:sis_cloud_seed.db:ana_estacoes;sqlite:sis_cloud_seed.db:ana_telemetria;
35075;Barramento - Fazenda Estância Gaúcha;Campo Novo do Parecis;0;2;17091546;CAMPO NOVO PARECIS - RIO VERDE;RIO VERDE OU TAUIUINA;;-13,707200;-57,995800;17,33;210,96;0;montante;40,0;;;;2026-09-07 09:45:00;sqlite:sis_cloud_seed.db:ana_estacoes;sqlite:sis_cloud_seed.db:ana_telemetria;contexto_somente
35075;Barramento - Fazenda Estância Gaúcha;Campo Novo do Parecis;0;3;17091550;PCH SACRE 2 RIO VERDE;RIO VERDE OU TAUIUINA;;-13,643100;-58,018100;22,66;217,15;0;montante;;;;;;sqlite:sis_cloud_seed.db:ana_estacoes;sqlite:sis_cloud_seed.db:ana_telemetria;
7966;Barramento - Fazenda Horizonte VI;Campo Novo do Parecis;0;1;17091550;PCH SACRE 2 RIO VERDE;RIO VERDE OU TAUIUINA;;-13,643100;-58,018100;10,19;217,15;0;jusante;;;;;;sqlite:sis_cloud_seed.db:ana_estacoes;sqlite:sis_cloud_seed.db:ana_telemetria;
7966;Barramento - Fazenda Horizonte VI;Campo Novo do Parecis;0;2;17091546;CAMPO NOVO PARECIS - RIO VERDE;RIO VERDE OU TAUIUINA;;-13,707200;-57,995800;17,00;210,96;0;jusante;40,0;;;;2026-09-07 09:45:00;sqlite:sis_cloud_seed.db:ana_estacoes;sqlite:sis_cloud_seed.db:ana_telemetria;contexto_somente
7966;Barramento - Fazenda Horizonte VI;Campo Novo do Parecis;0;3;17091580;PCH SACRE 2 MONTANTE 2;RIO SACRE;;-13,292500;-58,134700;32,83;251,85;0;montante;;;;;;sqlite:sis_cloud_seed.db:ana_estacoes;sqlite:sis_cloud_seed.db:ana_telemetria;
35132;Barramento - Fazenda Santa Maria - Gleba A;Campo Novo do Parecis;0;1;17091550;PCH SACRE 2 RIO VERDE;RIO VERDE OU TAUIUINA;;-13,643100;-58,018100;19,76;217,15;0;jusante;;;;;;sqlite:sis_cloud_seed.db:ana_estacoes;sqlite:sis_cloud_seed.db:ana_telemetria;
35132;Barramento - Fazenda Santa Maria - Gleba A;Campo Novo do Parecis;0;2;17091546;CAMPO NOVO PARECIS - RIO VERDE;RIO VERDE OU TAUIUINA;;-13,707200;-57,995800;23,81;210,96;0;jusante;40,0;;;;2026-09-07 09:45:00;sqlite:sis_cloud_seed.db:ana_estacoes;sqlite:sis_cloud_seed.db:ana_telemetria;contexto_somente
35132;Barramento - Fazenda Santa Maria - Gleba A;Campo Novo do Parecis;0;3;17093500;PCH GARGANTA DA JARARACA MONTANTE 2;RIO DO SANGUE;;-13,473300;-57,641700;26,71;199,91;0;montante;;;;;;sqlite:sis_cloud_seed.db:ana_estacoes;sqlite:sis_cloud_seed.db:ana_telemetria;
37351;Fazenda Bom Jesus;Campo Novo do Parecis;0;1;17091546;CAMPO NOVO PARECIS - RIO VERDE;RIO VERDE OU TAUIUINA;;-13,707200;-57,995800;8,27;210,96;0;local;40,0;;;;2026-09-07 09:45:00;sqlite:sis_cloud_seed.db:ana_estacoes;sqlite:sis_cloud_seed.db:ana_telemetria;contexto_somente
37351;Fazenda Bom Jesus;Campo Novo do Parecis;0;2;17091550;PCH SACRE 2 RIO VERDE;RIO VERDE OU TAUIUINA;;-13,643100;-58,018100;13,65;217,15;0;montante;;;;;;sqlite:sis_cloud_seed.db:ana_estacoes;sqlite:sis_cloud_seed.db:ana_telemetria;
37351;Fazenda Bom Jesus;Campo Novo do Parecis;0;3;17093400;PCH GARGANTA DA JARARACA MONTANTE 1;RIO DO SANGUE;;-13,862200;-57,785600;21,41;182,47;0;jusante;;;;;;sqlite:sis_cloud_seed.db:ana_estacoes;sqlite:sis_cloud_seed.db:ana_telemetria;
27292;Fazenda Novo Campo;Campo Novo do Parecis;0;1;17093700;PCH GARGANTA DA JARARACA  JUSANTE;RIO DO SANGUE;;-13,386700;-57,624400;22,48;205,97;0;jusante;;;;;;sqlite:sis_cloud_seed.db:ana_estacoes;sqlite:sis_cloud_seed.db:ana_telemetria;
27292;Fazenda Novo Campo;Campo Novo do Parecis;0;2;17093600;PCH GARGANTA DA JARARACA BARRAMENTO;RIO DO SANGUE;;-13,387800;-57,622500;22,71;205,74;0;jusante;;;;;;sqlite:sis_cloud_seed.db:ana_estacoes;sqlite:sis_cloud_seed.db:ana_telemetria;
27292;Fazenda Novo Campo;Campo Novo do Parecis;0;3;17093750;PCH INXU BARRAMENTO;RIO DO SANGUE;;-13,355600;-57,613600;23,13;207,90;0;local;;;;;;sqlite:sis_cloud_seed.db:ana_estacoes;sqlite:sis_cloud_seed.db:ana_telemetria;
36352;Fazenda Santo Antônio do Membeca;Campo Novo do Parecis;0;1;17093500;PCH GARGANTA DA JARARACA MONTANTE 2;RIO DO SANGUE;;-13,473300;-57,641700;8,70;199,91;0;jusante;;;;;;sqlite:sis_cloud_seed.db:ana_estacoes;sqlite:sis_cloud_seed.db:ana_telemetria;
36352;Fazenda Santo Antônio do Membeca;Campo Novo do Parecis;0;2;17093700;PCH GARGANTA DA JARARACA  JUSANTE;RIO DO SANGUE;;-13,386700;-57,624400;11,35;205,97;0;montante;;;;;;sqlite:sis_cloud_seed.db:ana_estacoes;sqlite:sis_cloud_seed.db:ana_telemetria;
36352;Fazenda Santo Antônio do Membeca;Campo Novo do Parecis;0;3;17093600;PCH GARGANTA DA JARARACA BARRAMENTO;RIO DO SANGUE;;-13,387800;-57,622500;11,46;205,74;0;montante;;;;;;sqlite:sis_cloud_seed.db:ana_estacoes;sqlite:sis_cloud_seed.db:ana_telemetria;
4959;PCH Baruíto - Baruíto;Campo Novo do Parecis;0;1;17094000;PCH BARUITO BARRAMENTO;RIO DO SANGUE;;-13,319700;-57,597800;0,07;209,97;0;local;;;;;;sqlite:sis_cloud_seed.db:ana_estacoes;sqlite:sis_cloud_seed.db:ana_telemetria;
4959;PCH Baruíto - Baruíto;Campo Novo do Parecis;0;2;17094010;PCH BARUITO JUSANTE;RIO DO SANGUE;;-13,301400;-57,588100;2,33;210,94;0;local;;;;;;sqlite:sis_cloud_seed.db:ana_estacoes;sqlite:sis_cloud_seed.db:ana_telemetria;
4959;PCH Baruíto - Baruíto;Campo Novo do Parecis;0;3;17093750;PCH INXU BARRAMENTO;RIO DO SANGUE;;-13,355600;-57,613600;4,29;207,90;0;jusante;;;;;;sqlite:sis_cloud_seed.db:ana_estacoes;sqlite:sis_cloud_seed.db:ana_telemetria;
36476;Reservatório Milênio;Campo Novo do Parecis;0;1;17093500;PCH GARGANTA DA JARARACA MONTANTE 2;RIO DO SANGUE;;-13,473300;-57,641700;24,92;199,91;0;local;;;;;;sqlite:sis_cloud_seed.db:ana_estacoes;sqlite:sis_cloud_seed.db:ana_telemetria;
36476;Reservatório Milênio;Campo Novo do Parecis;0;2;17091550;PCH SACRE 2 RIO VERDE;RIO VERDE OU TAUIUINA;;-13,643100;-58,018100;25,92;217,15;0;jusante;;;;;;sqlite:sis_cloud_seed.db:ana_estacoes;sqlite:sis_cloud_seed.db:ana_telemetria;
36476;Reservatório Milênio;Campo Novo do Parecis;0;3;17093700;PCH GARGANTA DA JARARACA  JUSANTE;RIO DO SANGUE;;-13,386700;-57,624400;27,91;205,97;0;montante;;;;;;sqlite:sis_cloud_seed.db:ana_estacoes;sqlite:sis_cloud_seed.db:ana_telemetria;
26448;Barragem 1 - PREFEITURA MUNICIPAL DE CAMPO VERDE;Campo Verde;0;1;66164600;PCH CASCA II MONTANTE 3;RIO DA CASCA;;-15,517500;-55,402800;26,05;72,91;0;montante;;;;;;sqlite:sis_cloud_seed.db:ana_estacoes;sqlite:sis_cloud_seed.db:ana_telemetria;
26448;Barragem 1 - PREFEITURA MUNICIPAL DE CAMPO VERDE;Campo Verde;0;2;66170100;PCH CASCA II MONTANTE 2;RIBEIRÃO PONTE ALTA;;-15,356900;-55,398600;33,97;66,87;0;montante;;;;;;sqlite:sis_cloud_seed.db:ana_estacoes;sqlite:sis_cloud_seed.db:ana_telemetria;
26448;Barragem 1 - PREFEITURA MUNICIPAL DE CAMPO VERDE;Campo Verde;0;3;66165000;PCH CASCA II MONTANTE 1;RIO DA CASCA;;-15,366900;-55,436700;36,42;65,42;0;montante;;;;;;sqlite:sis_cloud_seed.db:ana_estacoes;sqlite:sis_cloud_seed.db:ana_telemetria;
35021;Barragem Charrua;Campo Verde;0;1;66223100;CGH GLICÉRIO ROCHA MONTANTE;RIBEIRÃO CAIANA;;-14,994400;-55,118600;21,46;71,45;0;montante;;;;;;sqlite:sis_cloud_seed.db:ana_estacoes;sqlite:sis_cloud_seed.db:ana_telemetria;
35021;Barragem Charrua;Campo Verde;0;2;26033650;CGH GALHEIROS BARRAMENTO;CÓRREGO GALHEIRO;;-15,098900;-54,721100;23,47;115,60;0;local;;;;;;sqlite:sis_cloud_seed.db:ana_estacoes;sqlite:sis_cloud_seed.db:ana_telemetria;
35021;Barragem Charrua;Campo Verde;0;3;26033655;CGH GALHEIROS JUSANTE;CÓRREGO GALHEIRO;;-15,110800;-54,716700;24,10;116,35;0;jusante;;;;;;sqlite:sis_cloud_seed.db:ana_estacoes;sqlite:sis_cloud_seed.db:ana_telemetria;
20133;Barragem Água Azul;Campo Verde;0;1;26033600;PCH PRIMAVERA MONTANTE 2;RIO DAS MORTES ;;-15,366100;-54,800000;21,65;117,75;0;jusante;;;;;;sqlite:sis_cloud_seed.db:ana_estacoes;sqlite:sis_cloud_seed.db:ana_telemetria;
20133;Barragem Água Azul;Campo Verde;0;2;26033655;CGH GALHEIROS JUSANTE;CÓRREGO GALHEIRO;;-15,110800;-54,716700;30,75;116,35;0;montante;;;;;;sqlite:sis_cloud_seed.db:ana_estacoes;sqlite:sis_cloud_seed.db:ana_telemetria;
20133;Barragem Água Azul;Campo Verde;0;3;26033650;CGH GALHEIROS BARRAMENTO;CÓRREGO GALHEIRO;;-15,098900;-54,721100;31,05;115,60;0;montante;;;;;;sqlite:sis_cloud_seed.db:ana_estacoes;sqlite:sis_cloud_seed.db:ana_telemetria;
26442;Fazenda Cristalina;Campo Verde;0;1;26033600;PCH PRIMAVERA MONTANTE 2;RIO DAS MORTES ;;-15,366100;-54,800000;32,70;117,75;0;montante;;;;;;sqlite:sis_cloud_seed.db:ana_estacoes;sqlite:sis_cloud_seed.db:ana_telemetria;
26442;Fazenda Cristalina;Campo Verde;0;2;66170100;PCH CASCA II MONTANTE 2;RIBEIRÃO PONTE ALTA;;-15,356900;-55,398600;32,90;66,87;0;montante;;;;;;sqlite:sis_cloud_seed.db:ana_estacoes;sqlite:sis_cloud_seed.db:ana_telemetria;
26442;Fazenda Cristalina;Campo Verde;0;3;66164600;PCH CASCA II MONTANTE 3;RIO DA CASCA;;-15,517500;-55,402800;34,19;72,91;0;jusante;;;;;;sqlite:sis_cloud_seed.db:ana_estacoes;sqlite:sis_cloud_seed.db:ana_telemetria;
278;Fazenda Santo Antonio 3;Campo Verde;0;1;26033600;PCH PRIMAVERA MONTANTE 2;RIO DAS MORTES ;;-15,366100;-54,800000;8,10;117,75;0;jusante;;;;;;sqlite:sis_cloud_seed.db:ana_estacoes;sqlite:sis_cloud_seed.db:ana_telemetria;
278;Fazenda Santo Antonio 3;Campo Verde;0;2;26033655;CGH GALHEIROS JUSANTE;CÓRREGO GALHEIRO;;-15,110800;-54,716700;28,33;116,35;0;montante;;;;;;sqlite:sis_cloud_seed.db:ana_estacoes;sqlite:sis_cloud_seed.db:ana_telemetria;
278;Fazenda Santo Antonio 3;Campo Verde;0;3;26033650;CGH GALHEIROS BARRAMENTO;CÓRREGO GALHEIRO;;-15,098900;-54,721100;29,20;115,60;0;montante;;;;;;sqlite:sis_cloud_seed.db:ana_estacoes;sqlite:sis_cloud_seed.db:ana_telemetria;
35162;Fazenda Água Branca - Barramento;Campo Verde;0;1;26033600;PCH PRIMAVERA MONTANTE 2;RIO DAS MORTES ;;-15,366100;-54,800000;17,51;117,75;0;jusante;;;;;;sqlite:sis_cloud_seed.db:ana_estacoes;sqlite:sis_cloud_seed.db:ana_telemetria;
35162;Fazenda Água Branca - Barramento;Campo Verde;0;2;26033655;CGH GALHEIROS JUSANTE;CÓRREGO GALHEIRO;;-15,110800;-54,716700;27,98;116,35;0;montante;;;;;;sqlite:sis_cloud_seed.db:ana_estacoes;sqlite:sis_cloud_seed.db:ana_telemetria;
35162;Fazenda Água Branca - Barramento;Campo Verde;0;3;26033650;CGH GALHEIROS BARRAMENTO;CÓRREGO GALHEIRO;;-15,098900;-54,721100;28,44;115,60;0;montante;;;;;;sqlite:sis_cloud_seed.db:ana_estacoes;sqlite:sis_cloud_seed.db:ana_telemetria;
277;Santa Juliana I;Campo Verde;0;1;26033600;PCH PRIMAVERA MONTANTE 2;RIO DAS MORTES ;;-15,366100;-54,800000;11,76;117,75;0;jusante;;;;;;sqlite:sis_cloud_seed.db:ana_estacoes;sqlite:sis_cloud_seed.db:ana_telemetria;
277;Santa Juliana I;Campo Verde;0;2;26033655;CGH GALHEIROS JUSANTE;CÓRREGO GALHEIRO;;-15,110800;-54,716700;29,02;116,35;0;montante;;;;;;sqlite:sis_cloud_seed.db:ana_estacoes;sqlite:sis_cloud_seed.db:ana_telemetria;
277;Santa Juliana I;Campo Verde;0;3;26033650;CGH GALHEIROS BARRAMENTO;CÓRREGO GALHEIRO;;-15,098900;-54,721100;29,74;115,60;0;montante;;;;;;sqlite:sis_cloud_seed.db:ana_estacoes;sqlite:sis_cloud_seed.db:ana_telemetria;
276;Santa Juliana II;Campo Verde;0;1;26033600;PCH PRIMAVERA MONTANTE 2;RIO DAS MORTES ;;-15,366100;-54,800000;13,59;117,75;0;jusante;;;;;;sqlite:sis_cloud_seed.db:ana_estacoes;sqlite:sis_cloud_seed.db:ana_telemetria;
276;Santa Juliana II;Campo Verde;0;2;26033655;CGH GALHEIROS JUSANTE;CÓRREGO GALHEIRO;;-15,110800;-54,716700;27,74;116,35;0;montante;;;;;;sqlite:sis_cloud_seed.db:ana_estacoes;sqlite:sis_cloud_seed.db:ana_telemetria;
276;Santa Juliana II;Campo Verde;0;3;26033650;CGH GALHEIROS BARRAMENTO;CÓRREGO GALHEIRO;;-15,098900;-54,721100;28,38;115,60;0;montante;;;;;;sqlite:sis_cloud_seed.db:ana_estacoes;sqlite:sis_cloud_seed.db:ana_telemetria;
23998;CGH Masutti - MASUTTI;Campos de Júlio;0;1;17090400;PCH SANTA LÚCIA I E II MONTANTE 2;RIO JURUENA;;-13,595600;-59,032500;3,16;313,23;0;local;;;;;;sqlite:sis_cloud_seed.db:ana_estacoes;sqlite:sis_cloud_seed.db:ana_telemetria;
23998;CGH Masutti - MASUTTI;Campos de Júlio;0;2;17090500;PCH SANTA LÚCIA I E II MONTANTE 1;RIO JURUENA;;-13,556700;-59,028300;7,22;314,79;0;montante;;;;;;sqlite:sis_cloud_seed.db:ana_estacoes;sqlite:sis_cloud_seed.db:ana_telemetria;
23998;CGH Masutti - MASUTTI;Campos de Júlio;0;3;17090580;PCH SANTA LÚCIA I E II BARRAMENTO;RIO JURUENA;;-13,543600;-59,030300;8,54;315,66;0;montante;;;;;;sqlite:sis_cloud_seed.db:ana_estacoes;sqlite:sis_cloud_seed.db:ana_telemetria;
34465;Fazenda Marta;Campos de Júlio;0;1;17090400;PCH SANTA LÚCIA I E II MONTANTE 2;RIO JURUENA;;-13,595600;-59,032500;14,54;313,23;0;montante;;;;;;sqlite:sis_cloud_seed.db:ana_estacoes;sqlite:sis_cloud_seed.db:ana_telemetria;
34465;Fazenda Marta;Campos de Júlio;0;2;17090500;PCH SANTA LÚCIA I E II MONTANTE 1;RIO JURUENA;;-13,556700;-59,028300;18,39;314,79;0;montante;;;;;;sqlite:sis_cloud_seed.db:ana_estacoes;sqlite:sis_cloud_seed.db:ana_telemetria;
34465;Fazenda Marta;Campos de Júlio;0;3;17090580;PCH SANTA LÚCIA I E II BARRAMENTO;RIO JURUENA;;-13,543600;-59,030300;19,56;315,66;0;montante;;;;;;sqlite:sis_cloud_seed.db:ana_estacoes;sqlite:sis_cloud_seed.db:ana_telemetria;
4668;PCH Divisa - Divisa;Campos de Júlio;0;1;17091160;PCH DIVISA BARRAMENTO;RIO FORMIGA;;-13,374700;-59,143100;0,16;335,35;0;local;;;;;;sqlite:sis_cloud_seed.db:ana_estacoes;sqlite:sis_cloud_seed.db:ana_telemetria;
4668;PCH Divisa - Divisa;Campos de Júlio;0;2;17091150;PCH DIVISA MONTANTE 1;RIO FORMIGA;;-13,378300;-59,146400;0,69;335,46;0;local;;;;;;sqlite:sis_cloud_seed.db:ana_estacoes;sqlite:sis_cloud_seed.db:ana_telemetria;
4668;PCH Divisa - Divisa;Campos de Júlio;0;3;17091170;PCH DIVISA JUSANTE;RIO FORMIGA;;-13,348900;-59,150800;2,94;337,49;0;local;;;;;;sqlite:sis_cloud_seed.db:ana_estacoes;sqlite:sis_cloud_seed.db:ana_telemetria;
4216;PCH Ilha Comprida - Barramento PCH Ilha Comprida;Campos de Júlio;0;1;17091080;PCH ILHA COMPRIDA BARRAMENTO;RIO JURUENA;;-13,197800;-58,983900;0,07;331,02;0;local;;;;;;sqlite:sis_cloud_seed.db:ana_estacoes;sqlite:sis_cloud_seed.db:ana_telemetria;
4216;PCH Ilha Comprida - Barramento PCH Ilha Comprida;Campos de Júlio;0;2;17091090;PCH ILHA COMPRIDA JUSANTE;RIO JURUENA;;-13,197200;-58,983100;0,12;330,98;0;local;;;;;;sqlite:sis_cloud_seed.db:ana_estacoes;sqlite:sis_cloud_seed.db:ana_telemetria;
4216;PCH Ilha Comprida - Barramento PCH Ilha Comprida;Campos de Júlio;0;3;17091050;PCH SEGREDO BARRAMENTO;RIO JURUENA;;-13,223900;-59,026700;5,48;333,28;0;local;;;;;;sqlite:sis_cloud_seed.db:ana_estacoes;sqlite:sis_cloud_seed.db:ana_telemetria;
35253;BARRAGEM PRINCIPAL 1A;Canarana;0;1;18426200;QUERÊNCIA - RIO SUIÁ MIÇÚ;RIO SUIA-MIÇU;;-13,156900;-52,149700;50,28;435,03;0;montante;;;;;;sqlite:sis_cloud_seed.db:ana_estacoes;sqlite:sis_cloud_seed.db:ana_telemetria;
36502;Barragem Fazenda Passo Fundo;Canarana;0;1;18415000;POUSADA MATRINXA;RIO CULUENE;;-13,569200;-53,076100;15,73;324,89;0;montante;;;;;;sqlite:sis_cloud_seed.db:ana_estacoes;sqlite:sis_cloud_seed.db:ana_telemetria;
36502;Barragem Fazenda Passo Fundo;Canarana;0;2;18415300;GAÚCHA DO NORTE - RIO CULUENE;RIO CULUENE;;-13,394700;-53,041900;28,27;337,33;0;montante;;;;;;sqlite:sis_cloud_seed.db:ana_estacoes;sqlite:sis_cloud_seed.db:ana_telemetria;
36502;Barragem Fazenda Passo Fundo;Canarana;0;3;18409600;PCH PARANATINGA II BARRAMENTO;RIO CULUENE;;-13,851700;-53,255800;41,59;294,01;0;jusante;;;;;;sqlite:sis_cloud_seed.db:ana_estacoes;sqlite:sis_cloud_seed.db:ana_telemetria;
35239;Barragem Fazenda Sagarana;Canarana;0;1;18426200;QUERÊNCIA - RIO SUIÁ MIÇÚ;RIO SUIA-MIÇU;;-13,156900;-52,149700;63,64;435,03;0;montante;;;;;;sqlite:sis_cloud_seed.db:ana_estacoes;sqlite:sis_cloud_seed.db:ana_telemetria;
34767;Barragem I - Fazenda Lagoa Vermelha;Canarana;0;1;18426200;QUERÊNCIA - RIO SUIÁ MIÇÚ;RIO SUIA-MIÇU;;-13,156900;-52,149700;35,49;435,03;0;montante;;;;;;sqlite:sis_cloud_seed.db:ana_estacoes;sqlite:sis_cloud_seed.db:ana_telemetria;
36503;Barragem Montante Fazenda Passo Fundo;Canarana;0;1;18415000;POUSADA MATRINXA;RIO CULUENE;;-13,569200;-53,076100;16,50;324,89;0;montante;;;;;;sqlite:sis_cloud_seed.db:ana_estacoes;sqlite:sis_cloud_seed.db:ana_telemetria;
36503;Barragem Montante Fazenda Passo Fundo;Canarana;0;2;18415300;GAÚCHA DO NORTE - RIO CULUENE;RIO CULUENE;;-13,394700;-53,041900;28,95;337,33;0;montante;;;;;;sqlite:sis_cloud_seed.db:ana_estacoes;sqlite:sis_cloud_seed.db:ana_telemetria;
36503;Barragem Montante Fazenda Passo Fundo;Canarana;0;3;18409600;PCH PARANATINGA II BARRAMENTO;RIO CULUENE;;-13,851700;-53,255800;41,80;294,01;0;jusante;;;;;;sqlite:sis_cloud_seed.db:ana_estacoes;sqlite:sis_cloud_seed.db:ana_telemetria;
31661;Barragem na Fazenda Nova Esperança II;Canarana;0;1;18426200;QUERÊNCIA - RIO SUIÁ MIÇÚ;RIO SUIA-MIÇU;;-13,156900;-52,149700;64,64;435,03;0;montante;;;;;;sqlite:sis_cloud_seed.db:ana_estacoes;sqlite:sis_cloud_seed.db:ana_telemetria;
31661;Barragem na Fazenda Nova Esperança II;Canarana;0;2;18415000;POUSADA MATRINXA;RIO CULUENE;;-13,569200;-53,076100;67,38;324,89;0;montante;;;;;;sqlite:sis_cloud_seed.db:ana_estacoes;sqlite:sis_cloud_seed.db:ana_telemetria;
31661;Barragem na Fazenda Nova Esperança II;Canarana;0;3;18415300;GAÚCHA DO NORTE - RIO CULUENE;RIO CULUENE;;-13,394700;-53,041900;69,33;337,33;0;montante;;;;;;sqlite:sis_cloud_seed.db:ana_estacoes;sqlite:sis_cloud_seed.db:ana_telemetria;
31048;Barragem na Fazenda Santa Fé;Canarana;0;1;18415000;POUSADA MATRINXA;RIO CULUENE;;-13,569200;-53,076100;13,46;324,89;0;jusante;;;;;;sqlite:sis_cloud_seed.db:ana_estacoes;sqlite:sis_cloud_seed.db:ana_telemetria;
31048;Barragem na Fazenda Santa Fé;Canarana;0;2;18415300;GAÚCHA DO NORTE - RIO CULUENE;RIO CULUENE;;-13,394700;-53,041900;18,45;337,33;0;montante;;;;;;sqlite:sis_cloud_seed.db:ana_estacoes;sqlite:sis_cloud_seed.db:ana_telemetria;
31048;Barragem na Fazenda Santa Fé;Canarana;0;3;18409650;PCH PARANATINGA II JUSANTE;RIO CULUENE;;-13,847500;-53,259700;47,57;293,80;0;jusante;;;;;;sqlite:sis_cloud_seed.db:ana_estacoes;sqlite:sis_cloud_seed.db:ana_telemetria;
34001;Barramento 1 - Fazenda Progresso Vista Alegre;Canarana;0;1;18426200;QUERÊNCIA - RIO SUIÁ MIÇÚ;RIO SUIA-MIÇU;;-13,156900;-52,149700;40,00;435,03;0;montante;;;;;;sqlite:sis_cloud_seed.db:ana_estacoes;sqlite:sis_cloud_seed.db:ana_telemetria;
34991;Barramento 2 Principal - Fazenda Cocal;Canarana;0;1;18428000;SANTA CRUZ DO SUIA;RIO SUIA-MIÇU;;-12,621900;-52,058900;65,77;472,91;0;montante;;;;;;sqlite:sis_cloud_seed.db:ana_estacoes;sqlite:sis_cloud_seed.db:ana_telemetria;
34991;Barramento 2 Principal - Fazenda Cocal;Canarana;0;2;18426200;QUERÊNCIA - RIO SUIÁ MIÇÚ;RIO SUIA-MIÇU;;-13,156900;-52,149700;65,85;435,03;0;jusante;;;;;;sqlite:sis_cloud_seed.db:ana_estacoes;sqlite:sis_cloud_seed.db:ana_telemetria;
34991;Barramento 2 Principal - Fazenda Cocal;Canarana;0;3;18415300;GAÚCHA DO NORTE - RIO CULUENE;RIO CULUENE;;-13,394700;-53,041900;79,18;337,33;0;jusante;;;;;;sqlite:sis_cloud_seed.db:ana_estacoes;sqlite:sis_cloud_seed.db:ana_telemetria;
35630;Barramento 2A - Fazenda Santa Helena;Canarana;0;1;18426200;QUERÊNCIA - RIO SUIÁ MIÇÚ;RIO SUIA-MIÇU;;-13,156900;-52,149700;48,44;435,03;0;montante;;;;;;sqlite:sis_cloud_seed.db:ana_estacoes;sqlite:sis_cloud_seed.db:ana_telemetria;
34992;Barramento 3 Montante - Fazenda Cocal;Canarana;0;1;18426200;QUERÊNCIA - RIO SUIÁ MIÇÚ;RIO SUIA-MIÇU;;-13,156900;-52,149700;65,50;435,03;0;jusante;;;;;;sqlite:sis_cloud_seed.db:ana_estacoes;sqlite:sis_cloud_seed.db:ana_telemetria;
34992;Barramento 3 Montante - Fazenda Cocal;Canarana;0;2;18428000;SANTA CRUZ DO SUIA;RIO SUIA-MIÇU;;-12,621900;-52,058900;66,40;472,91;0;montante;;;;;;sqlite:sis_cloud_seed.db:ana_estacoes;sqlite:sis_cloud_seed.db:ana_telemetria;
34992;Barramento 3 Montante - Fazenda Cocal;Canarana;0;3;18415300;GAÚCHA DO NORTE - RIO CULUENE;RIO CULUENE;;-13,394700;-53,041900;78,14;337,33;0;jusante;;;;;;sqlite:sis_cloud_seed.db:ana_estacoes;sqlite:sis_cloud_seed.db:ana_telemetria;
35250;Barramento III Fazenda Cocal;Canarana;0;1;18428000;SANTA CRUZ DO SUIA;RIO SUIA-MIÇU;;-12,621900;-52,058900;58,36;472,91;0;montante;;;;;;sqlite:sis_cloud_seed.db:ana_estacoes;sqlite:sis_cloud_seed.db:ana_telemetria;
35250;Barramento III Fazenda Cocal;Canarana;0;2;18426200;QUERÊNCIA - RIO SUIÁ MIÇÚ;RIO SUIA-MIÇU;;-13,156900;-52,149700;60,01;435,03;0;jusante;;;;;;sqlite:sis_cloud_seed.db:ana_estacoes;sqlite:sis_cloud_seed.db:ana_telemetria;
34185;CGH Cocal (75 Kw) - MCH COCAL;Canarana;0;1;18428000;SANTA CRUZ DO SUIA;RIO SUIA-MIÇU;;-12,621900;-52,058900;65,01;472,91;0;montante;;;;;;sqlite:sis_cloud_seed.db:ana_estacoes;sqlite:sis_cloud_seed.db:ana_telemetria;
34185;CGH Cocal (75 Kw) - MCH COCAL;Canarana;0;2;18426200;QUERÊNCIA - RIO SUIÁ MIÇÚ;RIO SUIA-MIÇU;;-13,156900;-52,149700;65,50;435,03;0;jusante;;;;;;sqlite:sis_cloud_seed.db:ana_estacoes;sqlite:sis_cloud_seed.db:ana_telemetria;
34185;CGH Cocal (75 Kw) - MCH COCAL;Canarana;0;3;18415300;GAÚCHA DO NORTE - RIO CULUENE;RIO CULUENE;;-13,394700;-53,041900;79,84;337,33;0;jusante;;;;;;sqlite:sis_cloud_seed.db:ana_estacoes;sqlite:sis_cloud_seed.db:ana_telemetria;
32989;Dall Asta 2;Canarana;0;1;18426200;QUERÊNCIA - RIO SUIÁ MIÇÚ;RIO SUIA-MIÇU;;-13,156900;-52,149700;40,05;435,03;0;montante;;;;;;sqlite:sis_cloud_seed.db:ana_estacoes;sqlite:sis_cloud_seed.db:ana_telemetria;
31827;FAZENDA CAMPO FLORIDO;Canarana;0;1;18415000;POUSADA MATRINXA;RIO CULUENE;;-13,569200;-53,076100;10,31;324,89;0;jusante;;;;;;sqlite:sis_cloud_seed.db:ana_estacoes;sqlite:sis_cloud_seed.db:ana_telemetria;
31827;FAZENDA CAMPO FLORIDO;Canarana;0;2;18415300;GAÚCHA DO NORTE - RIO CULUENE;RIO CULUENE;;-13,394700;-53,041900;16,54;337,33;0;montante;;;;;;sqlite:sis_cloud_seed.db:ana_estacoes;sqlite:sis_cloud_seed.db:ana_telemetria;
31827;FAZENDA CAMPO FLORIDO;Canarana;0;3;18409650;PCH PARANATINGA II JUSANTE;RIO CULUENE;;-13,847500;-53,259700;45,59;293,80;0;jusante;;;;;;sqlite:sis_cloud_seed.db:ana_estacoes;sqlite:sis_cloud_seed.db:ana_telemetria;
19996;FAZENDA GUAPORÉ;Canarana;0;1;18426200;QUERÊNCIA - RIO SUIÁ MIÇÚ;RIO SUIA-MIÇU;;-13,156900;-52,149700;47,58;435,03;0;montante;;;;;;sqlite:sis_cloud_seed.db:ana_estacoes;sqlite:sis_cloud_seed.db:ana_telemetria;
8159;Fazenda Araribá;Canarana;0;1;18415300;GAÚCHA DO NORTE - RIO CULUENE;RIO CULUENE;;-13,394700;-53,041900;23,40;337,33;0;local;;;;;;sqlite:sis_cloud_seed.db:ana_estacoes;sqlite:sis_cloud_seed.db:ana_telemetria;
8159;Fazenda Araribá;Canarana;0;2;18415000;POUSADA MATRINXA;RIO CULUENE;;-13,569200;-53,076100;31,43;324,89;0;jusante;;;;;;sqlite:sis_cloud_seed.db:ana_estacoes;sqlite:sis_cloud_seed.db:ana_telemetria;
8159;Fazenda Araribá;Canarana;0;3;18409650;PCH PARANATINGA II JUSANTE;RIO CULUENE;;-13,847500;-53,259700;66,42;293,80;0;jusante;;;;;;sqlite:sis_cloud_seed.db:ana_estacoes;sqlite:sis_cloud_seed.db:ana_telemetria;
34793;Fazenda Canarana – Barramento 01;Canarana;0;1;18415300;GAÚCHA DO NORTE - RIO CULUENE;RIO CULUENE;;-13,394700;-53,041900;36,86;337,33;0;montante;;;;;;sqlite:sis_cloud_seed.db:ana_estacoes;sqlite:sis_cloud_seed.db:ana_telemetria;
34793;Fazenda Canarana – Barramento 01;Canarana;0;2;18415000;POUSADA MATRINXA;RIO CULUENE;;-13,569200;-53,076100;40,98;324,89;0;jusante;;;;;;sqlite:sis_cloud_seed.db:ana_estacoes;sqlite:sis_cloud_seed.db:ana_telemetria;
34793;Fazenda Canarana – Barramento 01;Canarana;0;3;18426200;QUERÊNCIA - RIO SUIÁ MIÇÚ;RIO SUIA-MIÇU;;-13,156900;-52,149700;70,06;435,03;0;montante;;;;;;sqlite:sis_cloud_seed.db:ana_estacoes;sqlite:sis_cloud_seed.db:ana_telemetria;
19989;Fazenda Cocal;Canarana;0;1;18426200;QUERÊNCIA - RIO SUIÁ MIÇÚ;RIO SUIA-MIÇU;;-13,156900;-52,149700;63,48;435,03;0;jusante;;;;;;sqlite:sis_cloud_seed.db:ana_estacoes;sqlite:sis_cloud_seed.db:ana_telemetria;
19989;Fazenda Cocal;Canarana;0;2;18428000;SANTA CRUZ DO SUIA;RIO SUIA-MIÇU;;-12,621900;-52,058900;64,10;472,91;0;montante;;;;;;sqlite:sis_cloud_seed.db:ana_estacoes;sqlite:sis_cloud_seed.db:ana_telemetria;
19989;Fazenda Cocal;Canarana;0;3;18415300;GAÚCHA DO NORTE - RIO CULUENE;RIO CULUENE;;-13,394700;-53,041900;79,47;337,33;0;jusante;;;;;;sqlite:sis_cloud_seed.db:ana_estacoes;sqlite:sis_cloud_seed.db:ana_telemetria;
35251;Fazenda Cocal (Barramento III) - Montante;Canarana;0;1;18426200;QUERÊNCIA - RIO SUIÁ MIÇÚ;RIO SUIA-MIÇU;;-13,156900;-52,149700;53,05;435,03;0;jusante;;;;;;sqlite:sis_cloud_seed.db:ana_estacoes;sqlite:sis_cloud_seed.db:ana_telemetria;
35251;Fazenda Cocal (Barramento III) - Montante;Canarana;0;2;18428000;SANTA CRUZ DO SUIA;RIO SUIA-MIÇU;;-12,621900;-52,058900;63,99;472,91;0;montante;;;;;;sqlite:sis_cloud_seed.db:ana_estacoes;sqlite:sis_cloud_seed.db:ana_telemetria;
35251;Fazenda Cocal (Barramento III) - Montante;Canarana;0;3;18415300;GAÚCHA DO NORTE - RIO CULUENE;RIO CULUENE;;-13,394700;-53,041900;74,26;337,33;0;jusante;;;;;;sqlite:sis_cloud_seed.db:ana_estacoes;sqlite:sis_cloud_seed.db:ana_telemetria;
35633;Fazenda Cocal - Barramento 05;Canarana;0;1;18426200;QUERÊNCIA - RIO SUIÁ MIÇÚ;RIO SUIA-MIÇU;;-13,156900;-52,149700;61,46;435,03;0;jusante;;;;;;sqlite:sis_cloud_seed.db:ana_estacoes;sqlite:sis_cloud_seed.db:ana_telemetria;
35633;Fazenda Cocal - Barramento 05;Canarana;0;2;18428000;SANTA CRUZ DO SUIA;RIO SUIA-MIÇU;;-12,621900;-52,058900;64,97;472,91;0;montante;;;;;;sqlite:sis_cloud_seed.db:ana_estacoes;sqlite:sis_cloud_seed.db:ana_telemetria;
35633;Fazenda Cocal - Barramento 05;Canarana;0;3;18415300;GAÚCHA DO NORTE - RIO CULUENE;RIO CULUENE;;-13,394700;-53,041900;77,09;337,33;0;jusante;;;;;;sqlite:sis_cloud_seed.db:ana_estacoes;sqlite:sis_cloud_seed.db:ana_telemetria;
35338;Fazenda Cocal ? Barramento 04;Canarana;0;1;18428000;SANTA CRUZ DO SUIA;RIO SUIA-MIÇU;;-12,621900;-52,058900;65,07;472,91;0;montante;;;;;;sqlite:sis_cloud_seed.db:ana_estacoes;sqlite:sis_cloud_seed.db:ana_telemetria;
35338;Fazenda Cocal ? Barramento 04;Canarana;0;2;18426200;QUERÊNCIA - RIO SUIÁ MIÇÚ;RIO SUIA-MIÇU;;-13,156900;-52,149700;67,95;435,03;0;jusante;;;;;;sqlite:sis_cloud_seed.db:ana_estacoes;sqlite:sis_cloud_seed.db:ana_telemetria;
32376;Fazenda Dall Asta – Barramento 1;Canarana;0;1;18426200;QUERÊNCIA - RIO SUIÁ MIÇÚ;RIO SUIA-MIÇU;;-13,156900;-52,149700;40,95;435,03;0;montante;;;;;;sqlite:sis_cloud_seed.db:ana_estacoes;sqlite:sis_cloud_seed.db:ana_telemetria;
31994;Fazenda L Cristina - Barragem 1;Canarana;0;1;18415300;GAÚCHA DO NORTE - RIO CULUENE;RIO CULUENE;;-13,394700;-53,041900;22,15;337,33;0;montante;;;;;;sqlite:sis_cloud_seed.db:ana_estacoes;sqlite:sis_cloud_seed.db:ana_telemetria;
31994;Fazenda L Cristina - Barragem 1;Canarana;0;2;18415000;POUSADA MATRINXA;RIO CULUENE;;-13,569200;-53,076100;25,05;324,89;0;jusante;;;;;;sqlite:sis_cloud_seed.db:ana_estacoes;sqlite:sis_cloud_seed.db:ana_telemetria;
31994;Fazenda L Cristina - Barragem 1;Canarana;0;3;18409650;PCH PARANATINGA II JUSANTE;RIO CULUENE;;-13,847500;-53,259700;58,89;293,80;0;jusante;;;;;;sqlite:sis_cloud_seed.db:ana_estacoes;sqlite:sis_cloud_seed.db:ana_telemetria;
20142;Fazenda Negrinho do Pastoreiro;Canarana;0;1;18426200;QUERÊNCIA - RIO SUIÁ MIÇÚ;RIO SUIA-MIÇU;;-13,156900;-52,149700;51,53;435,03;0;montante;;;;;;sqlite:sis_cloud_seed.db:ana_estacoes;sqlite:sis_cloud_seed.db:ana_telemetria;
36507;Fazenda Ponta Bonita ? Parte 1;Canarana;0;1;18426200;QUERÊNCIA - RIO SUIÁ MIÇÚ;RIO SUIA-MIÇU;;-13,156900;-52,149700;47,00;435,03;0;montante;;;;;;sqlite:sis_cloud_seed.db:ana_estacoes;sqlite:sis_cloud_seed.db:ana_telemetria;
36507;Fazenda Ponta Bonita ? Parte 1;Canarana;0;2;18415300;GAÚCHA DO NORTE - RIO CULUENE;RIO CULUENE;;-13,394700;-53,041900;72,57;337,33;0;montante;;;;;;sqlite:sis_cloud_seed.db:ana_estacoes;sqlite:sis_cloud_seed.db:ana_telemetria;
36507;Fazenda Ponta Bonita ? Parte 1;Canarana;0;3;18415000;POUSADA MATRINXA;RIO CULUENE;;-13,569200;-53,076100;75,27;324,89;0;jusante;;;;;;sqlite:sis_cloud_seed.db:ana_estacoes;sqlite:sis_cloud_seed.db:ana_telemetria;
30131;Fazenda Tanguro;Canarana;0;1;18426200;QUERÊNCIA - RIO SUIÁ MIÇÚ;RIO SUIA-MIÇU;;-13,156900;-52,149700;52,40;435,03;0;montante;;;;;;sqlite:sis_cloud_seed.db:ana_estacoes;sqlite:sis_cloud_seed.db:ana_telemetria;
36576;Fazenda Vera Cruz do Xingú;Canarana;0;1;18426200;QUERÊNCIA - RIO SUIÁ MIÇÚ;RIO SUIA-MIÇU;;-13,156900;-52,149700;41,78;435,03;0;jusante;;;;;;sqlite:sis_cloud_seed.db:ana_estacoes;sqlite:sis_cloud_seed.db:ana_telemetria;
36576;Fazenda Vera Cruz do Xingú;Canarana;0;2;18415300;GAÚCHA DO NORTE - RIO CULUENE;RIO CULUENE;;-13,394700;-53,041900;63,22;337,33;0;jusante;;;;;;sqlite:sis_cloud_seed.db:ana_estacoes;sqlite:sis_cloud_seed.db:ana_telemetria;
36576;Fazenda Vera Cruz do Xingú;Canarana;0;3;18428000;SANTA CRUZ DO SUIA;RIO SUIA-MIÇU;;-12,621900;-52,058900;75,18;472,91;0;montante;;;;;;sqlite:sis_cloud_seed.db:ana_estacoes;sqlite:sis_cloud_seed.db:ana_telemetria;
23757;Massa d'Água #224375;Canarana;0;1;18426200;QUERÊNCIA - RIO SUIÁ MIÇÚ;RIO SUIA-MIÇU;;-13,156900;-52,149700;51,98;435,03;0;montante;;;;;;sqlite:sis_cloud_seed.db:ana_estacoes;sqlite:sis_cloud_seed.db:ana_telemetria;
31541;Barramento principal (1A);Carlinda;0;1;17340200;UHE TELES PIRES MONTANTE 2;RIO TELES PIRES (OU SÃO MANUEL);;-9,950600;-55,576700;40,64;532,61;0;montante;;;;;;sqlite:sis_cloud_seed.db:ana_estacoes;sqlite:sis_cloud_seed.db:ana_telemetria;
31541;Barramento principal (1A);Carlinda;0;2;17381000;ALTA FLORESTA - RIO TELES PIRES;RIO TELES PIRES (OU SÃO MANUEL);;-9,639200;-56,014400;64,23;562,80;0;montante;535,0;;;;2026-09-07 10:00:00;sqlite:sis_cloud_seed.db:ana_estacoes;sqlite:sis_cloud_seed.db:ana_telemetria;contexto_somente
31541;Barramento principal (1A);Carlinda;0;3;17381100;UHE TELES PIRES MONTANTE 1;RIO TELES PIRES (OU SÃO MANUEL);;-9,641400;-56,023100;64,27;562,52;0;montante;;;;;;sqlite:sis_cloud_seed.db:ana_estacoes;sqlite:sis_cloud_seed.db:ana_telemetria;
35228;Barramento principal - Fazenda Rio da Mata;Carlinda;0;1;17340200;UHE TELES PIRES MONTANTE 2;RIO TELES PIRES (OU SÃO MANUEL);;-9,950600;-55,576700;10,46;532,61;0;montante;;;;;;sqlite:sis_cloud_seed.db:ana_estacoes;sqlite:sis_cloud_seed.db:ana_telemetria;
35228;Barramento principal - Fazenda Rio da Mata;Carlinda;0;2;17378000;UHE TELES PIRES RIO CRISTALINO;RIO CRISTALINO;;-9,598100;-55,930600;59,62;567,85;0;montante;;;;;;sqlite:sis_cloud_seed.db:ana_estacoes;sqlite:sis_cloud_seed.db:ana_telemetria;
35228;Barramento principal - Fazenda Rio da Mata;Carlinda;0;3;17381000;ALTA FLORESTA - RIO TELES PIRES;RIO TELES PIRES (OU SÃO MANUEL);;-9,639200;-56,014400;62,02;562,80;0;montante;535,0;;;;2026-09-07 10:00:00;sqlite:sis_cloud_seed.db:ana_estacoes;sqlite:sis_cloud_seed.db:ana_telemetria;contexto_somente
27572;LIPINISKY;Carlinda;0;1;17378000;UHE TELES PIRES RIO CRISTALINO;RIO CRISTALINO;;-9,598100;-55,930600;26,21;567,85;0;montante;;;;;;sqlite:sis_cloud_seed.db:ana_estacoes;sqlite:sis_cloud_seed.db:ana_telemetria;
27572;LIPINISKY;Carlinda;0;2;17381000;ALTA FLORESTA - RIO TELES PIRES;RIO TELES PIRES (OU SÃO MANUEL);;-9,639200;-56,014400;29,30;562,80;0;montante;535,0;;;;2026-09-07 10:00:00;sqlite:sis_cloud_seed.db:ana_estacoes;sqlite:sis_cloud_seed.db:ana_telemetria;contexto_somente
27572;LIPINISKY;Carlinda;0;3;17340200;UHE TELES PIRES MONTANTE 2;RIO TELES PIRES (OU SÃO MANUEL);;-9,950600;-55,576700;29,85;532,61;0;jusante;;;;;;sqlite:sis_cloud_seed.db:ana_estacoes;sqlite:sis_cloud_seed.db:ana_telemetria;
36539;Barramento Pé de Pequi I;Chapada dos Guimarães;1;1;66223701;BALNEÁRIO SOBERBO - RIO COXIPÓ-AÇU;RIO COXIPO-AÇU;;-15,195000;-56,000300;17,11;31,48;0;jusante;;;;;;sqlite:sis_cloud_seed.db:ana_estacoes;sqlite:sis_cloud_seed.db:ana_telemetria;
36539;Barramento Pé de Pequi I;Chapada dos Guimarães;1;2;66210000;UHE MANSO JUSANTE;RIO MANSO;;-14,867500;-55,800300;25,99;0,06;1;montante;294,0;98,00;400,0;0,735;2026-09-07 09:00:00;sqlite:sis_cloud_seed.db:ana_estacoes;sqlite:sis_cloud_seed.db:ana_telemetria;cota_medida
36539;Barramento Pé de Pequi I;Chapada dos Guimarães;1;3;66240080;UHE MANSO BARRAMENTO;RIO MANSO;;-14,871400;-55,784700;26,77;0,03;1;montante;29549,0;;;;2026-09-07 09:00:00;sqlite:sis_cloud_seed.db:ana_estacoes;sqlite:sis_cloud_seed.db:ana_telemetria;contexto_somente
34040;CGH Oeiras - principal;Chapada dos Guimarães;0;1;66171500;UHE MANSO RIO RONCADOR;RIO RONCADOR;;-15,091900;-55,441700;16,68;42,88;0;local;248,0;26,00;;;2026-09-07 10:00:00;sqlite:sis_cloud_seed.db:ana_estacoes;sqlite:sis_cloud_seed.db:ana_telemetria;contexto_somente
34040;CGH Oeiras - principal;Chapada dos Guimarães;0;2;66223100;CGH GLICÉRIO ROCHA MONTANTE;RIBEIRÃO CAIANA;;-14,994400;-55,118600;21,69;71,45;0;montante;;;;;;sqlite:sis_cloud_seed.db:ana_estacoes;sqlite:sis_cloud_seed.db:ana_telemetria;
34040;CGH Oeiras - principal;Chapada dos Guimarães;0;3;66171400;UHE MANSO RIO CASCA;RIO DA CASCA;;-15,141100;-55,498100;23,09;41,68;0;jusante;160,0;9,00;;;2026-09-07 10:00:00;sqlite:sis_cloud_seed.db:ana_estacoes;sqlite:sis_cloud_seed.db:ana_telemetria;contexto_somente
34041;CGH Portal do Vale - principal;Chapada dos Guimarães;0;1;66223100;CGH GLICÉRIO ROCHA MONTANTE;RIBEIRÃO CAIANA;;-14,994400;-55,118600;15,97;71,45;0;montante;;;;;;sqlite:sis_cloud_seed.db:ana_estacoes;sqlite:sis_cloud_seed.db:ana_telemetria;
34041;CGH Portal do Vale - principal;Chapada dos Guimarães;0;2;66171500;UHE MANSO RIO RONCADOR;RIO RONCADOR;;-15,091900;-55,441700;29,18;42,88;0;montante;248,0;26,00;;;2026-09-07 10:00:00;sqlite:sis_cloud_seed.db:ana_estacoes;sqlite:sis_cloud_seed.db:ana_telemetria;contexto_somente
34041;CGH Portal do Vale - principal;Chapada dos Guimarães;0;3;66171400;UHE MANSO RIO CASCA;RIO DA CASCA;;-15,141100;-55,498100;34,98;41,68;0;local;160,0;9,00;;;2026-09-07 10:00:00;sqlite:sis_cloud_seed.db:ana_estacoes;sqlite:sis_cloud_seed.db:ana_telemetria;contexto_somente
34042;CGH Vale do Roncador - principal;Chapada dos Guimarães;0;1;66171500;UHE MANSO RIO RONCADOR;RIO RONCADOR;;-15,091900;-55,441700;11,03;42,88;0;local;248,0;26,00;;;2026-09-07 10:00:00;sqlite:sis_cloud_seed.db:ana_estacoes;sqlite:sis_cloud_seed.db:ana_telemetria;contexto_somente
34042;CGH Vale do Roncador - principal;Chapada dos Guimarães;0;2;66171400;UHE MANSO RIO CASCA;RIO DA CASCA;;-15,141100;-55,498100;17,61;41,68;0;jusante;160,0;9,00;;;2026-09-07 10:00:00;sqlite:sis_cloud_seed.db:ana_estacoes;sqlite:sis_cloud_seed.db:ana_telemetria;contexto_somente
34042;CGH Vale do Roncador - principal;Chapada dos Guimarães;0;3;66223100;CGH GLICÉRIO ROCHA MONTANTE;RIBEIRÃO CAIANA;;-14,994400;-55,118600;26,51;71,45;0;montante;;;;;;sqlite:sis_cloud_seed.db:ana_estacoes;sqlite:sis_cloud_seed.db:ana_telemetria;
4931;PCH Casca II - B01 - CASCA I;Chapada dos Guimarães;1;1;66165000;PCH CASCA II MONTANTE 1;RIO DA CASCA;;-15,366900;-55,436700;0,37;65,42;0;local;;;;;;sqlite:sis_cloud_seed.db:ana_estacoes;sqlite:sis_cloud_seed.db:ana_telemetria;
4931;PCH Casca II - B01 - CASCA I;Chapada dos Guimarães;1;2;66170500;PCH CASCA III BARRAMENTO;RIO DA CASCA;;-15,357500;-55,455300;2,33;63,46;0;local;;;;;;sqlite:sis_cloud_seed.db:ana_estacoes;sqlite:sis_cloud_seed.db:ana_telemetria;
4931;PCH Casca II - B01 - CASCA I;Chapada dos Guimarães;1;3;66170600;PCH CASCA III JUSANTE;RIO DA CASCA;;-15,342200;-55,461100;3,74;61,69;0;local;;;;;;sqlite:sis_cloud_seed.db:ana_estacoes;sqlite:sis_cloud_seed.db:ana_telemetria;
20618;PCH Casca II - B02 - Ponte Alta;Chapada dos Guimarães;1;1;66165000;PCH CASCA II MONTANTE 1;RIO DA CASCA;;-15,366900;-55,436700;0,37;65,42;0;local;;;;;;sqlite:sis_cloud_seed.db:ana_estacoes;sqlite:sis_cloud_seed.db:ana_telemetria;
20618;PCH Casca II - B02 - Ponte Alta;Chapada dos Guimarães;1;2;66170500;PCH CASCA III BARRAMENTO;RIO DA CASCA;;-15,357500;-55,455300;2,33;63,46;0;local;;;;;;sqlite:sis_cloud_seed.db:ana_estacoes;sqlite:sis_cloud_seed.db:ana_telemetria;
20618;PCH Casca II - B02 - Ponte Alta;Chapada dos Guimarães;1;3;66170600;PCH CASCA III JUSANTE;RIO DA CASCA;;-15,342200;-55,461100;3,74;61,69;0;local;;;;;;sqlite:sis_cloud_seed.db:ana_estacoes;sqlite:sis_cloud_seed.db:ana_telemetria;
20617;PCH Casca III - Casca III;Chapada dos Guimarães;1;1;66170500;PCH CASCA III BARRAMENTO;RIO DA CASCA;;-15,357500;-55,455300;0,18;63,46;0;local;;;;;;sqlite:sis_cloud_seed.db:ana_estacoes;sqlite:sis_cloud_seed.db:ana_telemetria;
20617;PCH Casca III - Casca III;Chapada dos Guimarães;1;2;66170600;PCH CASCA III JUSANTE;RIO DA CASCA;;-15,342200;-55,461100;1,88;61,69;0;local;;;;;;sqlite:sis_cloud_seed.db:ana_estacoes;sqlite:sis_cloud_seed.db:ana_telemetria;
20617;PCH Casca III - Casca III;Chapada dos Guimarães;1;3;66165000;PCH CASCA II MONTANTE 1;RIO DA CASCA;;-15,366900;-55,436700;2,09;65,42;0;local;;;;;;sqlite:sis_cloud_seed.db:ana_estacoes;sqlite:sis_cloud_seed.db:ana_telemetria;
34145;UHE Manso - Barragem da Margem Direita;Chapada dos Guimarães;1;1;66240080;UHE MANSO BARRAMENTO;RIO MANSO;;-14,871400;-55,784700;0,57;0,03;1;local;29549,0;;;;2026-09-07 09:00:00;sqlite:sis_cloud_seed.db:ana_estacoes;sqlite:sis_cloud_seed.db:ana_telemetria;contexto_somente
34145;UHE Manso - Barragem da Margem Direita;Chapada dos Guimarães;1;2;66240060;UHE MANSO RESERVATÓRIO;RIO MANSO;;-14,873100;-55,778100;0,85;0,10;1;local;;;;;;sqlite:sis_cloud_seed.db:ana_estacoes;sqlite:sis_cloud_seed.db:ana_telemetria;
34145;UHE Manso - Barragem da Margem Direita;Chapada dos Guimarães;1;3;01455013;UHE MANSO MET;;;-14,861400;-55,789400;0,95;1,04;1;local;;;400,0;;;sqlite:sis_cloud_seed.db:ana_estacoes;sqlite:sis_cloud_seed.db:ana_telemetria;
34146;UHE Manso - Barragem da Margem Esquerda;Chapada dos Guimarães;1;1;66240080;UHE MANSO BARRAMENTO;RIO MANSO;;-14,871400;-55,784700;1,72;0,03;1;local;29549,0;;;;2026-09-07 09:00:00;sqlite:sis_cloud_seed.db:ana_estacoes;sqlite:sis_cloud_seed.db:ana_telemetria;contexto_somente
34146;UHE Manso - Barragem da Margem Esquerda;Chapada dos Guimarães;1;2;66210000;UHE MANSO JUSANTE;RIO MANSO;;-14,867500;-55,800300;1,74;0,06;1;local;294,0;98,00;400,0;0,735;2026-09-07 09:00:00;sqlite:sis_cloud_seed.db:ana_estacoes;sqlite:sis_cloud_seed.db:ana_telemetria;cota_medida
34146;UHE Manso - Barragem da Margem Esquerda;Chapada dos Guimarães;1;3;66240060;UHE MANSO RESERVATÓRIO;RIO MANSO;;-14,873100;-55,778100;2,17;0,10;1;local;;;;;;sqlite:sis_cloud_seed.db:ana_estacoes;sqlite:sis_cloud_seed.db:ana_telemetria;
4436;UHE Manso - Barragem de Terra do Leito do Rio;Chapada dos Guimarães;1;1;66240080;UHE MANSO BARRAMENTO;RIO MANSO;;-14,871400;-55,784700;0,19;0,03;1;local;29549,0;;;;2026-09-07 09:00:00;sqlite:sis_cloud_seed.db:ana_estacoes;sqlite:sis_cloud_seed.db:ana_telemetria;contexto_somente
4436;UHE Manso - Barragem de Terra do Leito do Rio;Chapada dos Guimarães;1;2;66240060;UHE MANSO RESERVATÓRIO;RIO MANSO;;-14,873100;-55,778100;0,71;0,10;1;local;;;;;;sqlite:sis_cloud_seed.db:ana_estacoes;sqlite:sis_cloud_seed.db:ana_telemetria;
4436;UHE Manso - Barragem de Terra do Leito do Rio;Chapada dos Guimarães;1;3;01455013;UHE MANSO MET;;;-14,861400;-55,789400;1,40;1,04;1;local;;;400,0;;;sqlite:sis_cloud_seed.db:ana_estacoes;sqlite:sis_cloud_seed.db:ana_telemetria;
20601;UHE Manso - Dique 2;Chapada dos Guimarães;1;1;01455013;UHE MANSO MET;;;-14,861400;-55,789400;0,57;1,04;1;local;;;400,0;;;sqlite:sis_cloud_seed.db:ana_estacoes;sqlite:sis_cloud_seed.db:ana_telemetria;
20601;UHE Manso - Dique 2;Chapada dos Guimarães;1;2;66240080;UHE MANSO BARRAMENTO;RIO MANSO;;-14,871400;-55,784700;1,59;0,03;1;local;29549,0;;;;2026-09-07 09:00:00;sqlite:sis_cloud_seed.db:ana_estacoes;sqlite:sis_cloud_seed.db:ana_telemetria;contexto_somente
20601;UHE Manso - Dique 2;Chapada dos Guimarães;1;3;66210000;UHE MANSO JUSANTE;RIO MANSO;;-14,867500;-55,800300;1,88;0,06;1;local;294,0;98,00;400,0;0,735;2026-09-07 09:00:00;sqlite:sis_cloud_seed.db:ana_estacoes;sqlite:sis_cloud_seed.db:ana_telemetria;cota_medida
20602;UHE Manso - Dique 3;Chapada dos Guimarães;1;1;01455013;UHE MANSO MET;;;-14,861400;-55,789400;1,70;1,04;1;local;;;400,0;;;sqlite:sis_cloud_seed.db:ana_estacoes;sqlite:sis_cloud_seed.db:ana_telemetria;
20602;UHE Manso - Dique 3;Chapada dos Guimarães;1;2;66240060;UHE MANSO RESERVATÓRIO;RIO MANSO;;-14,873100;-55,778100;1,82;0,10;1;local;;;;;;sqlite:sis_cloud_seed.db:ana_estacoes;sqlite:sis_cloud_seed.db:ana_telemetria;
20602;UHE Manso - Dique 3;Chapada dos Guimarães;1;3;66240080;UHE MANSO BARRAMENTO;RIO MANSO;;-14,871400;-55,784700;1,94;0,03;1;local;29549,0;;;;2026-09-07 09:00:00;sqlite:sis_cloud_seed.db:ana_estacoes;sqlite:sis_cloud_seed.db:ana_telemetria;contexto_somente
20603;UHE Manso - Dique 4;Chapada dos Guimarães;1;1;66240060;UHE MANSO RESERVATÓRIO;RIO MANSO;;-14,873100;-55,778100;3,44;0,10;1;local;;;;;;sqlite:sis_cloud_seed.db:ana_estacoes;sqlite:sis_cloud_seed.db:ana_telemetria;
20603;UHE Manso - Dique 4;Chapada dos Guimarães;1;2;01455013;UHE MANSO MET;;;-14,861400;-55,789400;3,81;1,04;1;local;;;400,0;;;sqlite:sis_cloud_seed.db:ana_estacoes;sqlite:sis_cloud_seed.db:ana_telemetria;
20603;UHE Manso - Dique 4;Chapada dos Guimarães;1;3;66240080;UHE MANSO BARRAMENTO;RIO MANSO;;-14,871400;-55,784700;3,86;0,03;1;local;29549,0;;;;2026-09-07 09:00:00;sqlite:sis_cloud_seed.db:ana_estacoes;sqlite:sis_cloud_seed.db:ana_telemetria;contexto_somente
20604;UHE Manso - Dique 5;Chapada dos Guimarães;1;1;66240060;UHE MANSO RESERVATÓRIO;RIO MANSO;;-14,873100;-55,778100;4,24;0,10;1;local;;;;;;sqlite:sis_cloud_seed.db:ana_estacoes;sqlite:sis_cloud_seed.db:ana_telemetria;
20604;UHE Manso - Dique 5;Chapada dos Guimarães;1;2;01455013;UHE MANSO MET;;;-14,861400;-55,789400;4,64;1,04;1;local;;;400,0;;;sqlite:sis_cloud_seed.db:ana_estacoes;sqlite:sis_cloud_seed.db:ana_telemetria;
20604;UHE Manso - Dique 5;Chapada dos Guimarães;1;3;66240080;UHE MANSO BARRAMENTO;RIO MANSO;;-14,871400;-55,784700;4,68;0,03;1;local;29549,0;;;;2026-09-07 09:00:00;sqlite:sis_cloud_seed.db:ana_estacoes;sqlite:sis_cloud_seed.db:ana_telemetria;contexto_somente
20605;UHE Manso - Dique 6;Chapada dos Guimarães;1;1;66240060;UHE MANSO RESERVATÓRIO;RIO MANSO;;-14,873100;-55,778100;5,32;0,10;1;jusante;;;;;;sqlite:sis_cloud_seed.db:ana_estacoes;sqlite:sis_cloud_seed.db:ana_telemetria;
20605;UHE Manso - Dique 6;Chapada dos Guimarães;1;2;01455013;UHE MANSO MET;;;-14,861400;-55,789400;5,66;1,04;1;local;;;400,0;;;sqlite:sis_cloud_seed.db:ana_estacoes;sqlite:sis_cloud_seed.db:ana_telemetria;
20605;UHE Manso - Dique 6;Chapada dos Guimarães;1;3;66240080;UHE MANSO BARRAMENTO;RIO MANSO;;-14,871400;-55,784700;5,76;0,03;1;local;29549,0;;;;2026-09-07 09:00:00;sqlite:sis_cloud_seed.db:ana_estacoes;sqlite:sis_cloud_seed.db:ana_telemetria;contexto_somente
20606;UHE Manso - Dique 7;Chapada dos Guimarães;1;1;66240060;UHE MANSO RESERVATÓRIO;RIO MANSO;;-14,873100;-55,778100;5,69;0,10;1;jusante;;;;;;sqlite:sis_cloud_seed.db:ana_estacoes;sqlite:sis_cloud_seed.db:ana_telemetria;
20606;UHE Manso - Dique 7;Chapada dos Guimarães;1;2;01455013;UHE MANSO MET;;;-14,861400;-55,789400;6,05;1,04;1;local;;;400,0;;;sqlite:sis_cloud_seed.db:ana_estacoes;sqlite:sis_cloud_seed.db:ana_telemetria;
20606;UHE Manso - Dique 7;Chapada dos Guimarães;1;3;66240080;UHE MANSO BARRAMENTO;RIO MANSO;;-14,871400;-55,784700;6,14;0,03;1;jusante;29549,0;;;;2026-09-07 09:00:00;sqlite:sis_cloud_seed.db:ana_estacoes;sqlite:sis_cloud_seed.db:ana_telemetria;contexto_somente
30462;BARRAGEM 01;Cláudia;0;1;18421600;PONTE MT 423 RIO AZUL;RIO AZUL;;-11,471700;-54,993900;23,16;383,23;0;montante;;;;;;sqlite:sis_cloud_seed.db:ana_estacoes;sqlite:sis_cloud_seed.db:ana_telemetria;
30462;BARRAGEM 01;Cláudia;0;2;18425200;MT-442 / Rio Tartaruga;RIO TARTARUGA;;-11,927600;-54,998700;31,92;335,96;0;jusante;;;;;;sqlite:sis_cloud_seed.db:ana_estacoes;sqlite:sis_cloud_seed.db:ana_telemetria;
30462;BARRAGEM 01;Cláudia;0;3;17280970;UHE SINOP RESERVATÓRIO 2;RIO TELES PIRES (OU SÃO MANUEL);;-11,401700;-55,510800;72,54;374,83;0;montante;;;;;;sqlite:sis_cloud_seed.db:ana_estacoes;sqlite:sis_cloud_seed.db:ana_telemetria;
29953;Barragem 02;Cláudia;0;1;18421600;PONTE MT 423 RIO AZUL;RIO AZUL;;-11,471700;-54,993900;23,47;383,23;0;montante;;;;;;sqlite:sis_cloud_seed.db:ana_estacoes;sqlite:sis_cloud_seed.db:ana_telemetria;
29953;Barragem 02;Cláudia;0;2;18425200;MT-442 / Rio Tartaruga;RIO TARTARUGA;;-11,927600;-54,998700;31,48;335,96;0;jusante;;;;;;sqlite:sis_cloud_seed.db:ana_estacoes;sqlite:sis_cloud_seed.db:ana_telemetria;
29953;Barragem 02;Cláudia;0;3;17280970;UHE SINOP RESERVATÓRIO 2;RIO TELES PIRES (OU SÃO MANUEL);;-11,401700;-55,510800;72,58;374,83;0;montante;;;;;;sqlite:sis_cloud_seed.db:ana_estacoes;sqlite:sis_cloud_seed.db:ana_telemetria;
36100;Barragem a montante;Cláudia;0;1;18421600;PONTE MT 423 RIO AZUL;RIO AZUL;;-11,471700;-54,993900;19,88;383,23;0;local;;;;;;sqlite:sis_cloud_seed.db:ana_estacoes;sqlite:sis_cloud_seed.db:ana_telemetria;
36100;Barragem a montante;Cláudia;0;2;18425200;MT-442 / Rio Tartaruga;RIO TARTARUGA;;-11,927600;-54,998700;53,48;335,96;0;jusante;;;;;;sqlite:sis_cloud_seed.db:ana_estacoes;sqlite:sis_cloud_seed.db:ana_telemetria;
36100;Barragem a montante;Cláudia;0;3;18422000;RIACHO DE DEUS;RIO MANISSAUA - MIÇU;;-11,127200;-54,476700;53,84;437,84;0;montante;;;;;;sqlite:sis_cloud_seed.db:ana_estacoes;sqlite:sis_cloud_seed.db:ana_telemetria;
35071;Barramento 1 ? Lote n° 114-B, 114-C E 115;Cláudia;0;1;18421600;PONTE MT 423 RIO AZUL;RIO AZUL;;-11,471700;-54,993900;28,40;383,23;0;jusante;;;;;;sqlite:sis_cloud_seed.db:ana_estacoes;sqlite:sis_cloud_seed.db:ana_telemetria;
35071;Barramento 1 ? Lote n° 114-B, 114-C E 115;Cláudia;0;2;18422000;RIACHO DE DEUS;RIO MANISSAUA - MIÇU;;-11,127200;-54,476700;40,84;437,84;0;montante;;;;;;sqlite:sis_cloud_seed.db:ana_estacoes;sqlite:sis_cloud_seed.db:ana_telemetria;
35071;Barramento 1 ? Lote n° 114-B, 114-C E 115;Cláudia;0;3;18425200;MT-442 / Rio Tartaruga;RIO TARTARUGA;;-11,927600;-54,998700;66,97;335,96;0;jusante;;;;;;sqlite:sis_cloud_seed.db:ana_estacoes;sqlite:sis_cloud_seed.db:ana_telemetria;
36099;Lote nº 316;Cláudia;0;1;18421600;PONTE MT 423 RIO AZUL;RIO AZUL;;-11,471700;-54,993900;19,32;383,23;0;local;;;;;;sqlite:sis_cloud_seed.db:ana_estacoes;sqlite:sis_cloud_seed.db:ana_telemetria;
36099;Lote nº 316;Cláudia;0;2;18425200;MT-442 / Rio Tartaruga;RIO TARTARUGA;;-11,927600;-54,998700;53,06;335,96;0;jusante;;;;;;sqlite:sis_cloud_seed.db:ana_estacoes;sqlite:sis_cloud_seed.db:ana_telemetria;
36099;Lote nº 316;Cláudia;0;3;18422000;RIACHO DE DEUS;RIO MANISSAUA - MIÇU;;-11,127200;-54,476700;54,40;437,84;0;montante;;;;;;sqlite:sis_cloud_seed.db:ana_estacoes;sqlite:sis_cloud_seed.db:ana_telemetria;
20653;UHE Sinop - Sinop;Cláudia;0;1;17280990;UHE SINOP JUSANTE;RIO TELES PIRES (OU SÃO MANUEL);;-11,265300;-55,451100;0,20;391,04;0;local;;;;;;sqlite:sis_cloud_seed.db:ana_estacoes;sqlite:sis_cloud_seed.db:ana_telemetria;
20653;UHE Sinop - Sinop;Cláudia;0;2;17280980;UHE SINOP BARRAMENTO;RIO TELES PIRES (OU SÃO MANUEL);;-11,279700;-55,444200;1,58;389,64;0;local;;;;;;sqlite:sis_cloud_seed.db:ana_estacoes;sqlite:sis_cloud_seed.db:ana_telemetria;
20653;UHE Sinop - Sinop;Cláudia;0;3;17280970;UHE SINOP RESERVATÓRIO 2;RIO TELES PIRES (OU SÃO MANUEL);;-11,401700;-55,510800;16,41;374,83;0;jusante;;;;;;sqlite:sis_cloud_seed.db:ana_estacoes;sqlite:sis_cloud_seed.db:ana_telemetria;
23992;CGH Margarida 2 Duplicidade  - MARGARIDA;Comodoro;0;1;15122000;PCH RIO PRATA JUSANTE;RIO PRATA;;-13,630000;-59,876100;7,55;395,44;0;montante;;;;;;sqlite:sis_cloud_seed.db:ana_estacoes;sqlite:sis_cloud_seed.db:ana_telemetria;
23992;CGH Margarida 2 Duplicidade  - MARGARIDA;Comodoro;0;2;15123000;PCH ESPERANÇA JUSANTE;RIO PIOLHINHO;;-13,782200;-59,792200;11,81;381,26;0;jusante;;;;;;sqlite:sis_cloud_seed.db:ana_estacoes;sqlite:sis_cloud_seed.db:ana_telemetria;
23992;CGH Margarida 2 Duplicidade  - MARGARIDA;Comodoro;0;3;15124610;CGH MIRANDA ESTÂNCIA JUSANTE;RIBEIRÃO MIRANDA ESTÂNCIA;;-13,545600;-59,946400;19,62;405,88;0;montante;;;;;;sqlite:sis_cloud_seed.db:ana_estacoes;sqlite:sis_cloud_seed.db:ana_telemetria;
34123;CGH Miranda Estância - CGH Rio Piolho;Comodoro;0;1;15124600;CGH MIRANDA ESTÂNCIA BARRAMENTO;RIBEIRÃO MIRANDA ESTÂNCIA;;-13,533900;-59,931900;0,30;404,89;0;local;;;;;;sqlite:sis_cloud_seed.db:ana_estacoes;sqlite:sis_cloud_seed.db:ana_telemetria;
34123;CGH Miranda Estância - CGH Rio Piolho;Comodoro;0;2;15124610;CGH MIRANDA ESTÂNCIA JUSANTE;RIBEIRÃO MIRANDA ESTÂNCIA;;-13,545600;-59,946400;2,24;405,88;0;local;;;;;;sqlite:sis_cloud_seed.db:ana_estacoes;sqlite:sis_cloud_seed.db:ana_telemetria;
34123;CGH Miranda Estância - CGH Rio Piolho;Comodoro;0;3;15122000;PCH RIO PRATA JUSANTE;RIO PRATA;;-13,630000;-59,876100;12,08;395,44;0;jusante;;;;;;sqlite:sis_cloud_seed.db:ana_estacoes;sqlite:sis_cloud_seed.db:ana_telemetria;
23999;CGH Rio Margarida 2 - MARGARIDA;Comodoro;0;1;15122000;PCH RIO PRATA JUSANTE;RIO PRATA;;-13,630000;-59,876100;8,30;395,44;0;montante;;;;;;sqlite:sis_cloud_seed.db:ana_estacoes;sqlite:sis_cloud_seed.db:ana_telemetria;
23999;CGH Rio Margarida 2 - MARGARIDA;Comodoro;0;2;15123000;PCH ESPERANÇA JUSANTE;RIO PIOLHINHO;;-13,782200;-59,792200;10,96;381,26;0;jusante;;;;;;sqlite:sis_cloud_seed.db:ana_estacoes;sqlite:sis_cloud_seed.db:ana_telemetria;
23999;CGH Rio Margarida 2 - MARGARIDA;Comodoro;0;3;15124610;CGH MIRANDA ESTÂNCIA JUSANTE;RIBEIRÃO MIRANDA ESTÂNCIA;;-13,545600;-59,946400;20,36;405,88;0;montante;;;;;;sqlite:sis_cloud_seed.db:ana_estacoes;sqlite:sis_cloud_seed.db:ana_telemetria;
36581;Fazenda Cabanha da Vitória;Comodoro;0;1;15122000;PCH RIO PRATA JUSANTE;RIO PRATA;;-13,630000;-59,876100;8,05;395,44;0;jusante;;;;;;sqlite:sis_cloud_seed.db:ana_estacoes;sqlite:sis_cloud_seed.db:ana_telemetria;
36581;Fazenda Cabanha da Vitória;Comodoro;0;2;15124600;CGH MIRANDA ESTÂNCIA BARRAMENTO;RIBEIRÃO MIRANDA ESTÂNCIA;;-13,533900;-59,931900;12,88;404,89;0;montante;;;;;;sqlite:sis_cloud_seed.db:ana_estacoes;sqlite:sis_cloud_seed.db:ana_telemetria;
36581;Fazenda Cabanha da Vitória;Comodoro;0;3;15124610;CGH MIRANDA ESTÂNCIA JUSANTE;RIBEIRÃO MIRANDA ESTÂNCIA;;-13,545600;-59,946400;13,93;405,88;0;montante;;;;;;sqlite:sis_cloud_seed.db:ana_estacoes;sqlite:sis_cloud_seed.db:ana_telemetria;
22435;Massa d'Água #117161;Comodoro;0;1;15123000;PCH ESPERANÇA JUSANTE;RIO PIOLHINHO;;-13,782200;-59,792200;16,82;381,26;0;montante;;;;;;sqlite:sis_cloud_seed.db:ana_estacoes;sqlite:sis_cloud_seed.db:ana_telemetria;
22435;Massa d'Água #117161;Comodoro;0;2;17091190;COMODORO - RIO JUÍNA;RIO JUÍNA;;-13,794200;-59,455600;34,73;346,50;0;montante;238,0;;;;2026-09-07 09:45:00;sqlite:sis_cloud_seed.db:ana_estacoes;sqlite:sis_cloud_seed.db:ana_telemetria;contexto_somente
22435;Massa d'Água #117161;Comodoro;0;3;15122000;PCH RIO PRATA JUSANTE;RIO PRATA;;-13,630000;-59,876100;35,85;395,44;0;montante;;;;;;sqlite:sis_cloud_seed.db:ana_estacoes;sqlite:sis_cloud_seed.db:ana_telemetria;
23813;Massa d'Água #240264;Comodoro;0;1;15123000;PCH ESPERANÇA JUSANTE;RIO PIOLHINHO;;-13,782200;-59,792200;17,59;381,26;0;montante;;;;;;sqlite:sis_cloud_seed.db:ana_estacoes;sqlite:sis_cloud_seed.db:ana_telemetria;
23813;Massa d'Água #240264;Comodoro;0;2;17091190;COMODORO - RIO JUÍNA;RIO JUÍNA;;-13,794200;-59,455600;34,96;346,50;0;montante;238,0;;;;2026-09-07 09:45:00;sqlite:sis_cloud_seed.db:ana_estacoes;sqlite:sis_cloud_seed.db:ana_telemetria;contexto_somente
23813;Massa d'Água #240264;Comodoro;0;3;15122000;PCH RIO PRATA JUSANTE;RIO PRATA;;-13,630000;-59,876100;36,60;395,44;0;montante;;;;;;sqlite:sis_cloud_seed.db:ana_estacoes;sqlite:sis_cloud_seed.db:ana_telemetria;
4554;PCH Cabixi II - CABIXI II;Comodoro;0;1;15123080;PCH CABIXI II BARRAMENTO;RIO LAMBARI;;-13,020600;-60,111400;0,05;446,29;0;local;;;;;;sqlite:sis_cloud_seed.db:ana_estacoes;sqlite:sis_cloud_seed.db:ana_telemetria;
4554;PCH Cabixi II - CABIXI II;Comodoro;0;2;15123100;PCH CABIXI II JUSANTE;RIO LAMBARI;;-13,020300;-60,135000;2,50;448,57;0;local;;;;;;sqlite:sis_cloud_seed.db:ana_estacoes;sqlite:sis_cloud_seed.db:ana_telemetria;
4554;PCH Cabixi II - CABIXI II;Comodoro;0;3;15123200;PCH CABIXI BARRAMENTO;RIO CABIXI ou BRANCO;;-12,957500;-60,134700;7,44;451,79;0;montante;;;;;;sqlite:sis_cloud_seed.db:ana_estacoes;sqlite:sis_cloud_seed.db:ana_telemetria;
4178;PCH Esperança - DESVIO;Comodoro;0;1;15123000;PCH ESPERANÇA JUSANTE;RIO PIOLHINHO;;-13,782200;-59,792200;2,19;381,26;0;local;;;;;;sqlite:sis_cloud_seed.db:ana_estacoes;sqlite:sis_cloud_seed.db:ana_telemetria;
4178;PCH Esperança - DESVIO;Comodoro;0;2;15122000;PCH RIO PRATA JUSANTE;RIO PRATA;;-13,630000;-59,876100;20,03;395,44;0;montante;;;;;;sqlite:sis_cloud_seed.db:ana_estacoes;sqlite:sis_cloud_seed.db:ana_telemetria;
4178;PCH Esperança - DESVIO;Comodoro;0;3;15124610;CGH MIRANDA ESTÂNCIA JUSANTE;RIBEIRÃO MIRANDA ESTÂNCIA;;-13,545600;-59,946400;32,08;405,88;0;montante;;;;;;sqlite:sis_cloud_seed.db:ana_estacoes;sqlite:sis_cloud_seed.db:ana_telemetria;
34186;PCH Juí 117 - NÃO POSSUI BARRAMENTO, DERIVAÇÃO LATERAL DIREITA;Comodoro;0;1;17091310;PCH JUÍ 117 MONTANTE 1;RIO JUÍNA;;-13,385600;-59,392200;0,22;358,49;0;local;;;;;;sqlite:sis_cloud_seed.db:ana_estacoes;sqlite:sis_cloud_seed.db:ana_telemetria;
34186;PCH Juí 117 - NÃO POSSUI BARRAMENTO, DERIVAÇÃO LATERAL DIREITA;Comodoro;0;2;17091410;PCH JUÍ 117 JUSANTE;RIO JUÍNA;;-13,361700;-59,395000;2,71;359,98;0;local;;;;;;sqlite:sis_cloud_seed.db:ana_estacoes;sqlite:sis_cloud_seed.db:ana_telemetria;
34186;PCH Juí 117 - NÃO POSSUI BARRAMENTO, DERIVAÇÃO LATERAL DIREITA;Comodoro;0;3;17091210;PCH JUÍ 117 MONTANTE 2;RIO JUÍNA;;-13,457200;-59,390300;7,92;354,73;0;jusante;;;;;;sqlite:sis_cloud_seed.db:ana_estacoes;sqlite:sis_cloud_seed.db:ana_telemetria;
5034;PCH Rio Prata - prata;Comodoro;0;1;15122000;PCH RIO PRATA JUSANTE;RIO PRATA;;-13,630000;-59,876100;0,39;395,44;0;local;;;;;;sqlite:sis_cloud_seed.db:ana_estacoes;sqlite:sis_cloud_seed.db:ana_telemetria;
5034;PCH Rio Prata - prata;Comodoro;0;2;15124610;CGH MIRANDA ESTÂNCIA JUSANTE;RIBEIRÃO MIRANDA ESTÂNCIA;;-13,545600;-59,946400;12,35;405,88;0;montante;;;;;;sqlite:sis_cloud_seed.db:ana_estacoes;sqlite:sis_cloud_seed.db:ana_telemetria;
5034;PCH Rio Prata - prata;Comodoro;0;3;15124600;CGH MIRANDA ESTÂNCIA BARRAMENTO;RIBEIRÃO MIRANDA ESTÂNCIA;;-13,533900;-59,931900;12,49;404,89;0;montante;;;;;;sqlite:sis_cloud_seed.db:ana_estacoes;sqlite:sis_cloud_seed.db:ana_telemetria;
36066;Barragem I;Confresa;0;1;26500000;PORTO ALEGRE DO NORTE;RIO TAPIRAPE;;-10,873300;-51,629200;28,45;632,19;0;jusante;;;;;;sqlite:sis_cloud_seed.db:ana_estacoes;sqlite:sis_cloud_seed.db:ana_telemetria;
36066;Barragem I;Confresa;0;2;01052001;RIO COMANDANTE FONTOURA;RIO COMANDANTE FONTOURA;;-10,554700;-52,183300;65,78;618,32;0;montante;;;;;;sqlite:sis_cloud_seed.db:ana_estacoes;sqlite:sis_cloud_seed.db:ana_telemetria;
36066;Barragem I;Confresa;0;3;18435000;RIO COMANDANTE FONTOURA;RIO COMANDANTE FONTOURA;;-10,554700;-52,183300;65,78;618,32;0;montante;;;;;;sqlite:sis_cloud_seed.db:ana_estacoes;sqlite:sis_cloud_seed.db:ana_telemetria;
29579;Barramento II;Confresa;0;1;26500000;PORTO ALEGRE DO NORTE;RIO TAPIRAPE;;-10,873300;-51,629200;32,35;632,19;0;jusante;;;;;;sqlite:sis_cloud_seed.db:ana_estacoes;sqlite:sis_cloud_seed.db:ana_telemetria;
36571;Fazenda Brasil Central;Confresa;0;1;26500000;PORTO ALEGRE DO NORTE;RIO TAPIRAPE;;-10,873300;-51,629200;54,95;632,19;0;jusante;;;;;;sqlite:sis_cloud_seed.db:ana_estacoes;sqlite:sis_cloud_seed.db:ana_telemetria;
31569;Fazenda Luta;Confresa;0;1;26500000;PORTO ALEGRE DO NORTE;RIO TAPIRAPE;;-10,873300;-51,629200;33,42;632,19;0;jusante;;;;;;sqlite:sis_cloud_seed.db:ana_estacoes;sqlite:sis_cloud_seed.db:ana_telemetria;
26333;PREFEITURA MUNICIPAL DE CONFRESA;Confresa;0;1;26500000;PORTO ALEGRE DO NORTE;RIO TAPIRAPE;;-10,873300;-51,629200;28,53;632,19;0;jusante;;;;;;sqlite:sis_cloud_seed.db:ana_estacoes;sqlite:sis_cloud_seed.db:ana_telemetria;
26333;PREFEITURA MUNICIPAL DE CONFRESA;Confresa;0;2;01052001;RIO COMANDANTE FONTOURA;RIO COMANDANTE FONTOURA;;-10,554700;-52,183300;65,77;618,32;0;montante;;;;;;sqlite:sis_cloud_seed.db:ana_estacoes;sqlite:sis_cloud_seed.db:ana_telemetria;
26333;PREFEITURA MUNICIPAL DE CONFRESA;Confresa;0;3;18435000;RIO COMANDANTE FONTOURA;RIO COMANDANTE FONTOURA;;-10,554700;-52,183300;65,77;618,32;0;montante;;;;;;sqlite:sis_cloud_seed.db:ana_estacoes;sqlite:sis_cloud_seed.db:ana_telemetria;
34039;CGH Fazenda Dois Irmãos - Córrego Seixas - Fazenda Dois Irmãos;Conquista D'Oeste;0;1;15120500;PCH SALTO CORGÃO BARRAMENTO;RIO CORGÃO;;-14,447800;-59,484700;11,58;330,00;0;montante;;;;;;sqlite:sis_cloud_seed.db:ana_estacoes;sqlite:sis_cloud_seed.db:ana_telemetria;
34039;CGH Fazenda Dois Irmãos - Córrego Seixas - Fazenda Dois Irmãos;Conquista D'Oeste;0;2;15121000;PCH SALTO CORGÃO JUSANTE;RIO CORGÃO;;-14,457500;-59,508600;11,90;332,34;0;montante;;;;;;sqlite:sis_cloud_seed.db:ana_estacoes;sqlite:sis_cloud_seed.db:ana_telemetria;
34039;CGH Fazenda Dois Irmãos - Córrego Seixas - Fazenda Dois Irmãos;Conquista D'Oeste;0;3;15121500;CGH NOVA LACERDA JUSANTE;CÓRREGO DO OURO;;-14,421900;-59,525000;16,17;334,79;0;montante;;;;;;sqlite:sis_cloud_seed.db:ana_estacoes;sqlite:sis_cloud_seed.db:ana_telemetria;
34226;CGH Galera Centrais Eletricas 1a - 1;Conquista D'Oeste;0;1;15121000;PCH SALTO CORGÃO JUSANTE;RIO CORGÃO;;-14,457500;-59,508600;1,29;332,34;0;local;;;;;;sqlite:sis_cloud_seed.db:ana_estacoes;sqlite:sis_cloud_seed.db:ana_telemetria;
34226;CGH Galera Centrais Eletricas 1a - 1;Conquista D'Oeste;0;2;15120500;PCH SALTO CORGÃO BARRAMENTO;RIO CORGÃO;;-14,447800;-59,484700;2,48;330,00;0;local;;;;;;sqlite:sis_cloud_seed.db:ana_estacoes;sqlite:sis_cloud_seed.db:ana_telemetria;
34226;CGH Galera Centrais Eletricas 1a - 1;Conquista D'Oeste;0;3;15121500;CGH NOVA LACERDA JUSANTE;CÓRREGO DO OURO;;-14,421900;-59,525000;5,53;334,79;0;montante;;;;;;sqlite:sis_cloud_seed.db:ana_estacoes;sqlite:sis_cloud_seed.db:ana_telemetria;
34732;BARRAGEM 1;Cuiabá;1;1;66258003;COXIPÓ DO OURO;RIO COXIPO;;-15,448100;-55,985800;7,30;21,03;1;local;;;;;;sqlite:sis_cloud_seed.db:ana_estacoes;sqlite:sis_cloud_seed.db:ana_telemetria;
34732;BARRAGEM 1;Cuiabá;1;2;66259650;RIO COXIPÓ - AABB;RIO COXIPO;;-15,617500;-56,051100;17,30;3,76;1;jusante;;;;;;sqlite:sis_cloud_seed.db:ana_estacoes;sqlite:sis_cloud_seed.db:ana_telemetria;
34732;BARRAGEM 1;Cuiabá;1;3;66260001;CUIABÁ;RIO CUIABÁ;;-15,615600;-56,108600;18,12;0,21;1;jusante;;;;;;sqlite:sis_cloud_seed.db:ana_estacoes;sqlite:sis_cloud_seed.db:ana_telemetria;
34733;BARRAGEM 2 SUPERIOR;Cuiabá;1;1;66258003;COXIPÓ DO OURO;RIO COXIPO;;-15,448100;-55,985800;7,76;21,03;1;local;;;;;;sqlite:sis_cloud_seed.db:ana_estacoes;sqlite:sis_cloud_seed.db:ana_telemetria;
34733;BARRAGEM 2 SUPERIOR;Cuiabá;1;2;66259650;RIO COXIPÓ - AABB;RIO COXIPO;;-15,617500;-56,051100;17,36;3,76;1;jusante;;;;;;sqlite:sis_cloud_seed.db:ana_estacoes;sqlite:sis_cloud_seed.db:ana_telemetria;
34733;BARRAGEM 2 SUPERIOR;Cuiabá;1;3;66260001;CUIABÁ;RIO CUIABÁ;;-15,615600;-56,108600;18,02;0,21;1;jusante;;;;;;sqlite:sis_cloud_seed.db:ana_estacoes;sqlite:sis_cloud_seed.db:ana_telemetria;
34734;BARRAGEM 3;Cuiabá;1;1;66258003;COXIPÓ DO OURO;RIO COXIPO;;-15,448100;-55,985800;8,60;21,03;1;local;;;;;;sqlite:sis_cloud_seed.db:ana_estacoes;sqlite:sis_cloud_seed.db:ana_telemetria;
34734;BARRAGEM 3;Cuiabá;1;2;66259650;RIO COXIPÓ - AABB;RIO COXIPO;;-15,617500;-56,051100;17,06;3,76;1;jusante;;;;;;sqlite:sis_cloud_seed.db:ana_estacoes;sqlite:sis_cloud_seed.db:ana_telemetria;
34734;BARRAGEM 3;Cuiabá;1;3;66260001;CUIABÁ;RIO CUIABÁ;;-15,615600;-56,108600;17,45;0,21;1;jusante;;;;;;sqlite:sis_cloud_seed.db:ana_estacoes;sqlite:sis_cloud_seed.db:ana_telemetria;
36515;BARRAGEM LAGOA TREVISAN;Cuiabá;0;1;66259650;RIO COXIPÓ - AABB;RIO COXIPO;;-15,617500;-56,051100;8,91;3,76;1;montante;;;;;;sqlite:sis_cloud_seed.db:ana_estacoes;sqlite:sis_cloud_seed.db:ana_telemetria;
36515;BARRAGEM LAGOA TREVISAN;Cuiabá;0;2;66260006;CUIABÁ-BEIRA RIO;RIO CUIABÁ;;-15,618900;-56,099700;9,72;0,23;1;montante;98,0;;200,0;0,490;2026-09-07 10:00:00;sqlite:sis_cloud_seed.db:ana_estacoes;sqlite:sis_cloud_seed.db:ana_telemetria;cota_medida
36515;BARRAGEM LAGOA TREVISAN;Cuiabá;0;3;66260001;CUIABÁ;RIO CUIABÁ;;-15,615600;-56,108600;10,49;0,21;1;montante;;;;;;sqlite:sis_cloud_seed.db:ana_estacoes;sqlite:sis_cloud_seed.db:ana_telemetria;
35000;Barragem 01 - Fazenda 3 Irmãos;Cuiabá;1;1;66258003;COXIPÓ DO OURO;RIO COXIPO;;-15,448100;-55,985800;16,61;21,03;1;jusante;;;;;;sqlite:sis_cloud_seed.db:ana_estacoes;sqlite:sis_cloud_seed.db:ana_telemetria;
35000;Barragem 01 - Fazenda 3 Irmãos;Cuiabá;1;2;66223701;BALNEÁRIO SOBERBO - RIO COXIPÓ-AÇU;RIO COXIPO-AÇU;;-15,195000;-56,000300;21,68;31,48;0;montante;;;;;;sqlite:sis_cloud_seed.db:ana_estacoes;sqlite:sis_cloud_seed.db:ana_telemetria;
35000;Barragem 01 - Fazenda 3 Irmãos;Cuiabá;1;3;66260001;CUIABÁ;RIO CUIABÁ;;-15,615600;-56,108600;28,56;0,21;1;jusante;;;;;;sqlite:sis_cloud_seed.db:ana_estacoes;sqlite:sis_cloud_seed.db:ana_telemetria;
32398;Barragem 02 – Fazenda 3 Irmãos;Cuiabá;1;1;66258003;COXIPÓ DO OURO;RIO COXIPO;;-15,448100;-55,985800;16,34;21,03;1;jusante;;;;;;sqlite:sis_cloud_seed.db:ana_estacoes;sqlite:sis_cloud_seed.db:ana_telemetria;
32398;Barragem 02 – Fazenda 3 Irmãos;Cuiabá;1;2;66223701;BALNEÁRIO SOBERBO - RIO COXIPÓ-AÇU;RIO COXIPO-AÇU;;-15,195000;-56,000300;20,88;31,48;0;montante;;;;;;sqlite:sis_cloud_seed.db:ana_estacoes;sqlite:sis_cloud_seed.db:ana_telemetria;
32398;Barragem 02 – Fazenda 3 Irmãos;Cuiabá;1;3;66260001;CUIABÁ;RIO CUIABÁ;;-15,615600;-56,108600;29,05;0,21;1;jusante;;;;;;sqlite:sis_cloud_seed.db:ana_estacoes;sqlite:sis_cloud_seed.db:ana_telemetria;
32421;Barragem 03 – Fazenda 3 Irmãos;Cuiabá;1;1;66258003;COXIPÓ DO OURO;RIO COXIPO;;-15,448100;-55,985800;15,98;21,03;1;jusante;;;;;;sqlite:sis_cloud_seed.db:ana_estacoes;sqlite:sis_cloud_seed.db:ana_telemetria;
32421;Barragem 03 – Fazenda 3 Irmãos;Cuiabá;1;2;66223701;BALNEÁRIO SOBERBO - RIO COXIPÓ-AÇU;RIO COXIPO-AÇU;;-15,195000;-56,000300;21,53;31,48;0;montante;;;;;;sqlite:sis_cloud_seed.db:ana_estacoes;sqlite:sis_cloud_seed.db:ana_telemetria;
32421;Barragem 03 – Fazenda 3 Irmãos;Cuiabá;1;3;66260001;CUIABÁ;RIO CUIABÁ;;-15,615600;-56,108600;28,35;0,21;1;jusante;;;;;;sqlite:sis_cloud_seed.db:ana_estacoes;sqlite:sis_cloud_seed.db:ana_telemetria;
34731;Barragem 2  Principal;Cuiabá;1;1;66258003;COXIPÓ DO OURO;RIO COXIPO;;-15,448100;-55,985800;8,24;21,03;1;local;;;;;;sqlite:sis_cloud_seed.db:ana_estacoes;sqlite:sis_cloud_seed.db:ana_telemetria;
34731;Barragem 2  Principal;Cuiabá;1;2;66259650;RIO COXIPÓ - AABB;RIO COXIPO;;-15,617500;-56,051100;17,09;3,76;1;jusante;;;;;;sqlite:sis_cloud_seed.db:ana_estacoes;sqlite:sis_cloud_seed.db:ana_telemetria;
34731;Barragem 2  Principal;Cuiabá;1;3;66260001;CUIABÁ;RIO CUIABÁ;;-15,615600;-56,108600;17,61;0,21;1;jusante;;;;;;sqlite:sis_cloud_seed.db:ana_estacoes;sqlite:sis_cloud_seed.db:ana_telemetria;
29377;Barragem MSJ;Cuiabá;0;1;66258003;COXIPÓ DO OURO;RIO COXIPO;;-15,448100;-55,985800;6,99;21,03;1;montante;;;;;;sqlite:sis_cloud_seed.db:ana_estacoes;sqlite:sis_cloud_seed.db:ana_telemetria;
29377;Barragem MSJ;Cuiabá;0;2;66259650;RIO COXIPÓ - AABB;RIO COXIPO;;-15,617500;-56,051100;18,40;3,76;1;jusante;;;;;;sqlite:sis_cloud_seed.db:ana_estacoes;sqlite:sis_cloud_seed.db:ana_telemetria;
29377;Barragem MSJ;Cuiabá;0;3;66260006;CUIABÁ-BEIRA RIO;RIO CUIABÁ;;-15,618900;-56,099700;22,25;0,23;1;jusante;98,0;;200,0;0,490;2026-09-07 10:00:00;sqlite:sis_cloud_seed.db:ana_estacoes;sqlite:sis_cloud_seed.db:ana_telemetria;cota_medida
8041;Barragem T04;Cuiabá;0;1;66258003;COXIPÓ DO OURO;RIO COXIPO;;-15,448100;-55,985800;23,11;21,03;1;montante;;;;;;sqlite:sis_cloud_seed.db:ana_estacoes;sqlite:sis_cloud_seed.db:ana_telemetria;
8041;Barragem T04;Cuiabá;0;2;66259650;RIO COXIPÓ - AABB;RIO COXIPO;;-15,617500;-56,051100;27,38;3,76;1;jusante;;;;;;sqlite:sis_cloud_seed.db:ana_estacoes;sqlite:sis_cloud_seed.db:ana_telemetria;
8041;Barragem T04;Cuiabá;0;3;66260006;CUIABÁ-BEIRA RIO;RIO CUIABÁ;;-15,618900;-56,099700;32,49;0,23;1;jusante;98,0;;200,0;0,490;2026-09-07 10:00:00;sqlite:sis_cloud_seed.db:ana_estacoes;sqlite:sis_cloud_seed.db:ana_telemetria;contexto_somente
31578;Barragem Taguá;Cuiabá;1;1;66258003;COXIPÓ DO OURO;RIO COXIPO;;-15,448100;-55,985800;9,90;21,03;1;local;;;;;;sqlite:sis_cloud_seed.db:ana_estacoes;sqlite:sis_cloud_seed.db:ana_telemetria;
31578;Barragem Taguá;Cuiabá;1;2;66260001;CUIABÁ;RIO CUIABÁ;;-15,615600;-56,108600;21,87;0,21;1;jusante;;;;;;sqlite:sis_cloud_seed.db:ana_estacoes;sqlite:sis_cloud_seed.db:ana_telemetria;
31578;Barragem Taguá;Cuiabá;1;3;66259650;RIO COXIPÓ - AABB;RIO COXIPO;;-15,617500;-56,051100;21,90;3,76;1;jusante;;;;;;sqlite:sis_cloud_seed.db:ana_estacoes;sqlite:sis_cloud_seed.db:ana_telemetria;
33960;Barramento 1 - Mangaba Urbanismo LTDA;Cuiabá;1;1;66258003;COXIPÓ DO OURO;RIO COXIPO;;-15,448100;-55,985800;7,06;21,03;1;local;;;;;;sqlite:sis_cloud_seed.db:ana_estacoes;sqlite:sis_cloud_seed.db:ana_telemetria;
33960;Barramento 1 - Mangaba Urbanismo LTDA;Cuiabá;1;2;66259650;RIO COXIPÓ - AABB;RIO COXIPO;;-15,617500;-56,051100;21,47;3,76;1;jusante;;;;;;sqlite:sis_cloud_seed.db:ana_estacoes;sqlite:sis_cloud_seed.db:ana_telemetria;
33960;Barramento 1 - Mangaba Urbanismo LTDA;Cuiabá;1;3;66260001;CUIABÁ;RIO CUIABÁ;;-15,615600;-56,108600;22,26;0,21;1;jusante;;;;;;sqlite:sis_cloud_seed.db:ana_estacoes;sqlite:sis_cloud_seed.db:ana_telemetria;
36517;Barramento 2 (Montante);Cuiabá;1;1;66260001;CUIABÁ;RIO CUIABÁ;;-15,615600;-56,108600;15,92;0,21;1;jusante;;;;;;sqlite:sis_cloud_seed.db:ana_estacoes;sqlite:sis_cloud_seed.db:ana_telemetria;
36517;Barramento 2 (Montante);Cuiabá;1;2;66260006;CUIABÁ-BEIRA RIO;RIO CUIABÁ;;-15,618900;-56,099700;16,64;0,23;1;jusante;98,0;;200,0;0,490;2026-09-07 10:00:00;sqlite:sis_cloud_seed.db:ana_estacoes;sqlite:sis_cloud_seed.db:ana_telemetria;cota_medida
36517;Barramento 2 (Montante);Cuiabá;1;3;66259650;RIO COXIPÓ - AABB;RIO COXIPO;;-15,617500;-56,051100;19,33;3,76;1;jusante;;;;;;sqlite:sis_cloud_seed.db:ana_estacoes;sqlite:sis_cloud_seed.db:ana_telemetria;
33355;Barramento 2 - Mangaba Urbanismo LTDA;Cuiabá;1;1;66258003;COXIPÓ DO OURO;RIO COXIPO;;-15,448100;-55,985800;6,94;21,03;1;local;;;;;;sqlite:sis_cloud_seed.db:ana_estacoes;sqlite:sis_cloud_seed.db:ana_telemetria;
33355;Barramento 2 - Mangaba Urbanismo LTDA;Cuiabá;1;2;66259650;RIO COXIPÓ - AABB;RIO COXIPO;;-15,617500;-56,051100;21,61;3,76;1;jusante;;;;;;sqlite:sis_cloud_seed.db:ana_estacoes;sqlite:sis_cloud_seed.db:ana_telemetria;
33355;Barramento 2 - Mangaba Urbanismo LTDA;Cuiabá;1;3;66260001;CUIABÁ;RIO CUIABÁ;;-15,615600;-56,108600;22,44;0,21;1;jusante;;;;;;sqlite:sis_cloud_seed.db:ana_estacoes;sqlite:sis_cloud_seed.db:ana_telemetria;
36516;Barramento 3;Cuiabá;1;1;66260001;CUIABÁ;RIO CUIABÁ;;-15,615600;-56,108600;15,54;0,21;1;jusante;;;;;;sqlite:sis_cloud_seed.db:ana_estacoes;sqlite:sis_cloud_seed.db:ana_telemetria;
36516;Barramento 3;Cuiabá;1;2;66260006;CUIABÁ-BEIRA RIO;RIO CUIABÁ;;-15,618900;-56,099700;16,27;0,23;1;jusante;98,0;;200,0;0,490;2026-09-07 10:00:00;sqlite:sis_cloud_seed.db:ana_estacoes;sqlite:sis_cloud_seed.db:ana_telemetria;cota_medida
36516;Barramento 3;Cuiabá;1;3;66259650;RIO COXIPÓ - AABB;RIO COXIPO;;-15,617500;-56,051100;19,02;3,76;1;jusante;;;;;;sqlite:sis_cloud_seed.db:ana_estacoes;sqlite:sis_cloud_seed.db:ana_telemetria;
35136;Barramento 4;Cuiabá;1;1;66260001;CUIABÁ;RIO CUIABÁ;;-15,615600;-56,108600;15,45;0,21;1;jusante;;;;;;sqlite:sis_cloud_seed.db:ana_estacoes;sqlite:sis_cloud_seed.db:ana_telemetria;
35136;Barramento 4;Cuiabá;1;2;66260006;CUIABÁ-BEIRA RIO;RIO CUIABÁ;;-15,618900;-56,099700;16,19;0,23;1;jusante;98,0;;200,0;0,490;2026-09-07 10:00:00;sqlite:sis_cloud_seed.db:ana_estacoes;sqlite:sis_cloud_seed.db:ana_telemetria;cota_medida
35136;Barramento 4;Cuiabá;1;3;66259650;RIO COXIPÓ - AABB;RIO COXIPO;;-15,617500;-56,051100;18,99;3,76;1;jusante;;;;;;sqlite:sis_cloud_seed.db:ana_estacoes;sqlite:sis_cloud_seed.db:ana_telemetria;
35182;Barramento 5;Cuiabá;1;1;66260001;CUIABÁ;RIO CUIABÁ;;-15,615600;-56,108600;15,66;0,21;1;jusante;;;;;;sqlite:sis_cloud_seed.db:ana_estacoes;sqlite:sis_cloud_seed.db:ana_telemetria;
35182;Barramento 5;Cuiabá;1;2;66260006;CUIABÁ-BEIRA RIO;RIO CUIABÁ;;-15,618900;-56,099700;16,44;0,23;1;jusante;98,0;;200,0;0,490;2026-09-07 10:00:00;sqlite:sis_cloud_seed.db:ana_estacoes;sqlite:sis_cloud_seed.db:ana_telemetria;cota_medida
35182;Barramento 5;Cuiabá;1;3;66259650;RIO COXIPÓ - AABB;RIO COXIPO;;-15,617500;-56,051100;19,45;3,76;1;jusante;;;;;;sqlite:sis_cloud_seed.db:ana_estacoes;sqlite:sis_cloud_seed.db:ana_telemetria;
35181;Barramento 6;Cuiabá;1;1;66260001;CUIABÁ;RIO CUIABÁ;;-15,615600;-56,108600;15,51;0,21;1;jusante;;;;;;sqlite:sis_cloud_seed.db:ana_estacoes;sqlite:sis_cloud_seed.db:ana_telemetria;
35181;Barramento 6;Cuiabá;1;2;66260006;CUIABÁ-BEIRA RIO;RIO CUIABÁ;;-15,618900;-56,099700;16,30;0,23;1;jusante;98,0;;200,0;0,490;2026-09-07 10:00:00;sqlite:sis_cloud_seed.db:ana_estacoes;sqlite:sis_cloud_seed.db:ana_telemetria;cota_medida
35181;Barramento 6;Cuiabá;1;3;66259650;RIO COXIPÓ - AABB;RIO COXIPO;;-15,617500;-56,051100;19,35;3,76;1;jusante;;;;;;sqlite:sis_cloud_seed.db:ana_estacoes;sqlite:sis_cloud_seed.db:ana_telemetria;
35180;Barramento 7;Cuiabá;1;1;66260001;CUIABÁ;RIO CUIABÁ;;-15,615600;-56,108600;15,31;0,21;1;jusante;;;;;;sqlite:sis_cloud_seed.db:ana_estacoes;sqlite:sis_cloud_seed.db:ana_telemetria;
35180;Barramento 7;Cuiabá;1;2;66260006;CUIABÁ-BEIRA RIO;RIO CUIABÁ;;-15,618900;-56,099700;16,11;0,23;1;jusante;98,0;;200,0;0,490;2026-09-07 10:00:00;sqlite:sis_cloud_seed.db:ana_estacoes;sqlite:sis_cloud_seed.db:ana_telemetria;cota_medida
35180;Barramento 7;Cuiabá;1;3;66259650;RIO COXIPÓ - AABB;RIO COXIPO;;-15,617500;-56,051100;19,22;3,76;1;jusante;;;;;;sqlite:sis_cloud_seed.db:ana_estacoes;sqlite:sis_cloud_seed.db:ana_telemetria;
35027;Barramento ? Fazenda Jardim;Cuiabá;1;1;66223701;BALNEÁRIO SOBERBO - RIO COXIPÓ-AÇU;RIO COXIPO-AÇU;;-15,195000;-56,000300;10,29;31,48;0;jusante;;;;;;sqlite:sis_cloud_seed.db:ana_estacoes;sqlite:sis_cloud_seed.db:ana_telemetria;
35027;Barramento ? Fazenda Jardim;Cuiabá;1;2;66210000;UHE MANSO JUSANTE;RIO MANSO;;-14,867500;-55,800300;33,67;0,06;1;montante;294,0;98,00;400,0;0,735;2026-09-07 09:00:00;sqlite:sis_cloud_seed.db:ana_estacoes;sqlite:sis_cloud_seed.db:ana_telemetria;contexto_somente
35027;Barramento ? Fazenda Jardim;Cuiabá;1;3;66240080;UHE MANSO BARRAMENTO;RIO MANSO;;-14,871400;-55,784700;34,42;0,03;1;montante;29549,0;;;;2026-09-07 09:00:00;sqlite:sis_cloud_seed.db:ana_estacoes;sqlite:sis_cloud_seed.db:ana_telemetria;contexto_somente
34834;CGH Guimarães 02 - Guimarães 2;Cuiabá;0;1;66300200;CGH GUIMARÃES 02 JUSANTE;RIO CUIABÁ-MIRIM;;-15,938100;-55,425300;1,42;50,60;0;local;;;;;;sqlite:sis_cloud_seed.db:ana_estacoes;sqlite:sis_cloud_seed.db:ana_telemetria;
34834;CGH Guimarães 02 - Guimarães 2;Cuiabá;0;2;66201400;CGH SANTA CECÍLIA BARRAMENTO;CÓRREGO MESTRE;;-15,982800;-55,376100;7,32;54,61;0;jusante;;;;;;sqlite:sis_cloud_seed.db:ana_estacoes;sqlite:sis_cloud_seed.db:ana_telemetria;
34834;CGH Guimarães 02 - Guimarães 2;Cuiabá;0;3;66201500;CGH SANTA CECÍLIA JUSANTE;CÓRREGO MESTRE;;-15,996700;-55,398600;7,73;51,99;0;jusante;;;;;;sqlite:sis_cloud_seed.db:ana_estacoes;sqlite:sis_cloud_seed.db:ana_telemetria;
19991;FAZENDA LUAR;Cuiabá;0;1;66260050;PCH SÃO TADEU I BARRAMENTO;RIO ARICÁ MIRIM;;-15,741700;-55,530000;29,31;50,43;0;jusante;;;;;;sqlite:sis_cloud_seed.db:ana_estacoes;sqlite:sis_cloud_seed.db:ana_telemetria;
19991;FAZENDA LUAR;Cuiabá;0;2;66260110;PCH SÃO TADEU I JUSANTE;RIO ARICÁ MIRIM;;-15,753600;-55,548300;29,42;48,06;0;jusante;;;;;;sqlite:sis_cloud_seed.db:ana_estacoes;sqlite:sis_cloud_seed.db:ana_telemetria;
19991;FAZENDA LUAR;Cuiabá;0;3;66164600;PCH CASCA II MONTANTE 3;RIO DA CASCA;;-15,517500;-55,402800;29,83;72,91;0;local;;;;;;sqlite:sis_cloud_seed.db:ana_estacoes;sqlite:sis_cloud_seed.db:ana_telemetria;
20754;Fazenda 3 irmãos;Cuiabá;1;1;66258003;COXIPÓ DO OURO;RIO COXIPO;;-15,448100;-55,985800;15,99;21,03;1;jusante;;;;;;sqlite:sis_cloud_seed.db:ana_estacoes;sqlite:sis_cloud_seed.db:ana_telemetria;
20754;Fazenda 3 irmãos;Cuiabá;1;2;66223701;BALNEÁRIO SOBERBO - RIO COXIPÓ-AÇU;RIO COXIPO-AÇU;;-15,195000;-56,000300;21,53;31,48;0;montante;;;;;;sqlite:sis_cloud_seed.db:ana_estacoes;sqlite:sis_cloud_seed.db:ana_telemetria;
20754;Fazenda 3 irmãos;Cuiabá;1;3;66260001;CUIABÁ;RIO CUIABÁ;;-15,615600;-56,108600;28,35;0,21;1;jusante;;;;;;sqlite:sis_cloud_seed.db:ana_estacoes;sqlite:sis_cloud_seed.db:ana_telemetria;
36550;Fazenda Formosa;Cuiabá;0;1;66260110;PCH SÃO TADEU I JUSANTE;RIO ARICÁ MIRIM;;-15,753600;-55,548300;20,33;48,06;0;jusante;;;;;;sqlite:sis_cloud_seed.db:ana_estacoes;sqlite:sis_cloud_seed.db:ana_telemetria;
36550;Fazenda Formosa;Cuiabá;0;2;66260050;PCH SÃO TADEU I BARRAMENTO;RIO ARICÁ MIRIM;;-15,741700;-55,530000;20,70;50,43;0;jusante;;;;;;sqlite:sis_cloud_seed.db:ana_estacoes;sqlite:sis_cloud_seed.db:ana_telemetria;
36550;Fazenda Formosa;Cuiabá;0;3;66164600;PCH CASCA II MONTANTE 3;RIO DA CASCA;;-15,517500;-55,402800;30,53;72,91;0;montante;;;;;;sqlite:sis_cloud_seed.db:ana_estacoes;sqlite:sis_cloud_seed.db:ana_telemetria;
26534;Fazenda KM;Cuiabá;1;1;66223701;BALNEÁRIO SOBERBO - RIO COXIPÓ-AÇU;RIO COXIPO-AÇU;;-15,195000;-56,000300;9,62;31,48;0;local;;;;;;sqlite:sis_cloud_seed.db:ana_estacoes;sqlite:sis_cloud_seed.db:ana_telemetria;
26534;Fazenda KM;Cuiabá;1;2;66258003;COXIPÓ DO OURO;RIO COXIPO;;-15,448100;-55,985800;27,09;21,03;1;jusante;;;;;;sqlite:sis_cloud_seed.db:ana_estacoes;sqlite:sis_cloud_seed.db:ana_telemetria;
26534;Fazenda KM;Cuiabá;1;3;66174000;UHE MANSO RIO QUILOMBO;RIO QUILOMBO;;-15,213600;-55,641100;29,17;40,12;0;local;131,0;8,00;;;2026-09-07 09:00:00;sqlite:sis_cloud_seed.db:ana_estacoes;sqlite:sis_cloud_seed.db:ana_telemetria;contexto_somente
27954;Lago Recreativo Cuiabá;Cuiabá;1;1;66258003;COXIPÓ DO OURO;RIO COXIPO;;-15,448100;-55,985800;12,98;21,03;1;local;;;;;;sqlite:sis_cloud_seed.db:ana_estacoes;sqlite:sis_cloud_seed.db:ana_telemetria;
27954;Lago Recreativo Cuiabá;Cuiabá;1;2;66260001;CUIABÁ;RIO CUIABÁ;;-15,615600;-56,108600;17,62;0,21;1;jusante;;;;;;sqlite:sis_cloud_seed.db:ana_estacoes;sqlite:sis_cloud_seed.db:ana_telemetria;
27954;Lago Recreativo Cuiabá;Cuiabá;1;3;66260006;CUIABÁ-BEIRA RIO;RIO CUIABÁ;;-15,618900;-56,099700;18,01;0,23;1;jusante;98,0;;200,0;0,490;2026-09-07 10:00:00;sqlite:sis_cloud_seed.db:ana_estacoes;sqlite:sis_cloud_seed.db:ana_telemetria;cota_medida
31620;Loteamento Brisas do Campo;Cuiabá;1;1;66260001;CUIABÁ;RIO CUIABÁ;;-15,615600;-56,108600;13,46;0,21;1;jusante;;;;;;sqlite:sis_cloud_seed.db:ana_estacoes;sqlite:sis_cloud_seed.db:ana_telemetria;
31620;Loteamento Brisas do Campo;Cuiabá;1;2;66260006;CUIABÁ-BEIRA RIO;RIO CUIABÁ;;-15,618900;-56,099700;13,90;0,23;1;jusante;98,0;;200,0;0,490;2026-09-07 10:00:00;sqlite:sis_cloud_seed.db:ana_estacoes;sqlite:sis_cloud_seed.db:ana_telemetria;cota_medida
31620;Loteamento Brisas do Campo;Cuiabá;1;3;66258003;COXIPÓ DO OURO;RIO COXIPO;;-15,448100;-55,985800;14,80;21,03;1;montante;;;;;;sqlite:sis_cloud_seed.db:ana_estacoes;sqlite:sis_cloud_seed.db:ana_telemetria;
32445;Mangaba e Aterrado;Cuiabá;1;1;66258003;COXIPÓ DO OURO;RIO COXIPO;;-15,448100;-55,985800;6,12;21,03;1;local;;;;;;sqlite:sis_cloud_seed.db:ana_estacoes;sqlite:sis_cloud_seed.db:ana_telemetria;
32445;Mangaba e Aterrado;Cuiabá;1;2;66259650;RIO COXIPÓ - AABB;RIO COXIPO;;-15,617500;-56,051100;21,47;3,76;1;jusante;;;;;;sqlite:sis_cloud_seed.db:ana_estacoes;sqlite:sis_cloud_seed.db:ana_telemetria;
32445;Mangaba e Aterrado;Cuiabá;1;3;66260001;CUIABÁ;RIO CUIABÁ;;-15,615600;-56,108600;22,53;0,21;1;jusante;;;;;;sqlite:sis_cloud_seed.db:ana_estacoes;sqlite:sis_cloud_seed.db:ana_telemetria;
4594;PCH São Tadeu I - São Tadeu I;Cuiabá;0;1;66260050;PCH SÃO TADEU I BARRAMENTO;RIO ARICÁ MIRIM;;-15,741700;-55,530000;0,26;50,43;0;local;;;;;;sqlite:sis_cloud_seed.db:ana_estacoes;sqlite:sis_cloud_seed.db:ana_telemetria;
4594;PCH São Tadeu I - São Tadeu I;Cuiabá;0;2;66260110;PCH SÃO TADEU I JUSANTE;RIO ARICÁ MIRIM;;-15,753600;-55,548300;2,54;48,06;0;local;;;;;;sqlite:sis_cloud_seed.db:ana_estacoes;sqlite:sis_cloud_seed.db:ana_telemetria;
4594;PCH São Tadeu I - São Tadeu I;Cuiabá;0;3;66300200;CGH GUIMARÃES 02 JUSANTE;RIO CUIABÁ-MIRIM;;-15,938100;-55,425300;24,76;50,60;0;jusante;;;;;;sqlite:sis_cloud_seed.db:ana_estacoes;sqlite:sis_cloud_seed.db:ana_telemetria;
27623;PURO OURO;Cuiabá;0;1;66258003;COXIPÓ DO OURO;RIO COXIPO;;-15,448100;-55,985800;19,18;21,03;1;montante;;;;;;sqlite:sis_cloud_seed.db:ana_estacoes;sqlite:sis_cloud_seed.db:ana_telemetria;
27623;PURO OURO;Cuiabá;0;2;66259650;RIO COXIPÓ - AABB;RIO COXIPO;;-15,617500;-56,051100;22,98;3,76;1;jusante;;;;;;sqlite:sis_cloud_seed.db:ana_estacoes;sqlite:sis_cloud_seed.db:ana_telemetria;
27623;PURO OURO;Cuiabá;0;3;66260006;CUIABÁ-BEIRA RIO;RIO CUIABÁ;;-15,618900;-56,099700;28,03;0,23;1;jusante;98,0;;200,0;0,490;2026-09-07 10:00:00;sqlite:sis_cloud_seed.db:ana_estacoes;sqlite:sis_cloud_seed.db:ana_telemetria;cota_medida
32261;Represa da Estrada;Cuiabá;1;1;66258003;COXIPÓ DO OURO;RIO COXIPO;;-15,448100;-55,985800;16,61;21,03;1;jusante;;;;;;sqlite:sis_cloud_seed.db:ana_estacoes;sqlite:sis_cloud_seed.db:ana_telemetria;
32261;Represa da Estrada;Cuiabá;1;2;66223701;BALNEÁRIO SOBERBO - RIO COXIPÓ-AÇU;RIO COXIPO-AÇU;;-15,195000;-56,000300;21,68;31,48;0;montante;;;;;;sqlite:sis_cloud_seed.db:ana_estacoes;sqlite:sis_cloud_seed.db:ana_telemetria;
32261;Represa da Estrada;Cuiabá;1;3;66260001;CUIABÁ;RIO CUIABÁ;;-15,615600;-56,108600;28,56;0,21;1;jusante;;;;;;sqlite:sis_cloud_seed.db:ana_estacoes;sqlite:sis_cloud_seed.db:ana_telemetria;
31286;Reservatório  B1;Cuiabá;0;1;66258003;COXIPÓ DO OURO;RIO COXIPO;;-15,448100;-55,985800;6,86;21,03;1;montante;;;;;;sqlite:sis_cloud_seed.db:ana_estacoes;sqlite:sis_cloud_seed.db:ana_telemetria;
31286;Reservatório  B1;Cuiabá;0;2;66259650;RIO COXIPÓ - AABB;RIO COXIPO;;-15,617500;-56,051100;19,38;3,76;1;jusante;;;;;;sqlite:sis_cloud_seed.db:ana_estacoes;sqlite:sis_cloud_seed.db:ana_telemetria;
31286;Reservatório  B1;Cuiabá;0;3;66260006;CUIABÁ-BEIRA RIO;RIO CUIABÁ;;-15,618900;-56,099700;23,19;0,23;1;jusante;98,0;;200,0;0,490;2026-09-07 10:00:00;sqlite:sis_cloud_seed.db:ana_estacoes;sqlite:sis_cloud_seed.db:ana_telemetria;cota_medida
31954;SS RANCH;Cuiabá;1;1;66258003;COXIPÓ DO OURO;RIO COXIPO;;-15,448100;-55,985800;15,12;21,03;1;local;;;;;;sqlite:sis_cloud_seed.db:ana_estacoes;sqlite:sis_cloud_seed.db:ana_telemetria;
31954;SS RANCH;Cuiabá;1;2;66260001;CUIABÁ;RIO CUIABÁ;;-15,615600;-56,108600;17,77;0,21;1;jusante;;;;;;sqlite:sis_cloud_seed.db:ana_estacoes;sqlite:sis_cloud_seed.db:ana_telemetria;
31954;SS RANCH;Cuiabá;1;3;66260006;CUIABÁ-BEIRA RIO;RIO CUIABÁ;;-15,618900;-56,099700;18,26;0,23;1;jusante;98,0;;200,0;0,490;2026-09-07 10:00:00;sqlite:sis_cloud_seed.db:ana_estacoes;sqlite:sis_cloud_seed.db:ana_telemetria;cota_medida
36582;Árica;Cuiabá;0;1;66258003;COXIPÓ DO OURO;RIO COXIPO;;-15,448100;-55,985800;22,63;21,03;1;montante;;;;;;sqlite:sis_cloud_seed.db:ana_estacoes;sqlite:sis_cloud_seed.db:ana_telemetria;
36582;Árica;Cuiabá;0;2;66259650;RIO COXIPÓ - AABB;RIO COXIPO;;-15,617500;-56,051100;26,55;3,76;1;jusante;;;;;;sqlite:sis_cloud_seed.db:ana_estacoes;sqlite:sis_cloud_seed.db:ana_telemetria;
36582;Árica;Cuiabá;0;3;66260006;CUIABÁ-BEIRA RIO;RIO CUIABÁ;;-15,618900;-56,099700;31,66;0,23;1;jusante;98,0;;200,0;0,490;2026-09-07 10:00:00;sqlite:sis_cloud_seed.db:ana_estacoes;sqlite:sis_cloud_seed.db:ana_telemetria;contexto_somente
37360;Fazenda São Pedro do Parecis;Campo Novo do Parecis;0;1;17091546;CAMPO NOVO PARECIS - RIO VERDE;RIO VERDE OU TAUIUINA;;-13,707200;-57,995800;9,00;210,96;0;local;40,0;;;;2026-09-07 09:45:00;sqlite:sis_cloud_seed.db:ana_estacoes;sqlite:sis_cloud_seed.db:ana_telemetria;contexto_somente
37360;Fazenda São Pedro do Parecis;Campo Novo do Parecis;0;2;17091550;PCH SACRE 2 RIO VERDE;RIO VERDE OU TAUIUINA;;-13,643100;-58,018100;14,79;217,15;0;montante;;;;;;sqlite:sis_cloud_seed.db:ana_estacoes;sqlite:sis_cloud_seed.db:ana_telemetria;
37360;Fazenda São Pedro do Parecis;Campo Novo do Parecis;0;3;17093400;PCH GARGANTA DA JARARACA MONTANTE 1;RIO DO SANGUE;;-13,862200;-57,785600;20,21;182,47;0;jusante;;;;;;sqlite:sis_cloud_seed.db:ana_estacoes;sqlite:sis_cloud_seed.db:ana_telemetria;
37723;Fazenda Vale Verde ? Reservatório 1;Canarana;0;1;18415300;GAÚCHA DO NORTE - RIO CULUENE;RIO CULUENE;;-13,394700;-53,041900;29,75;337,33;0;jusante;;;;;;sqlite:sis_cloud_seed.db:ana_estacoes;sqlite:sis_cloud_seed.db:ana_telemetria;
37723;Fazenda Vale Verde ? Reservatório 1;Canarana;0;2;18415000;POUSADA MATRINXA;RIO CULUENE;;-13,569200;-53,076100;41,20;324,89;0;jusante;;;;;;sqlite:sis_cloud_seed.db:ana_estacoes;sqlite:sis_cloud_seed.db:ana_telemetria;
37723;Fazenda Vale Verde ? Reservatório 1;Canarana;0;3;18426200;QUERÊNCIA - RIO SUIÁ MIÇÚ;RIO SUIA-MIÇU;;-13,156900;-52,149700;70,52;435,03;0;montante;;;;;;sqlite:sis_cloud_seed.db:ana_estacoes;sqlite:sis_cloud_seed.db:ana_telemetria;
37773;Fazenda Vale Verde ? Reservatório 2;Canarana;0;1;18415300;GAÚCHA DO NORTE - RIO CULUENE;RIO CULUENE;;-13,394700;-53,041900;33,17;337,33;0;jusante;;;;;;sqlite:sis_cloud_seed.db:ana_estacoes;sqlite:sis_cloud_seed.db:ana_telemetria;
37773;Fazenda Vale Verde ? Reservatório 2;Canarana;0;2;18415000;POUSADA MATRINXA;RIO CULUENE;;-13,569200;-53,076100;43,56;324,89;0;jusante;;;;;;sqlite:sis_cloud_seed.db:ana_estacoes;sqlite:sis_cloud_seed.db:ana_telemetria;
37773;Fazenda Vale Verde ? Reservatório 2;Canarana;0;3;18426200;QUERÊNCIA - RIO SUIÁ MIÇÚ;RIO SUIA-MIÇU;;-13,156900;-52,149700;67,41;435,03;0;montante;;;;;;sqlite:sis_cloud_seed.db:ana_estacoes;sqlite:sis_cloud_seed.db:ana_telemetria;
37413;Barragem Adelcir Grigoletto;Cláudia;0;1;18421600;PONTE MT 423 RIO AZUL;RIO AZUL;;-11,471700;-54,993900;5,33;383,23;0;jusante;;;;;;sqlite:sis_cloud_seed.db:ana_estacoes;sqlite:sis_cloud_seed.db:ana_telemetria;
37413;Barragem Adelcir Grigoletto;Cláudia;0;2;17291000;UHE COLÍDER RIO RENATO;RIBEIRÃO RENATO;;-11,062800;-55,278300;51,80;417,34;0;montante;;;;;;sqlite:sis_cloud_seed.db:ana_estacoes;sqlite:sis_cloud_seed.db:ana_telemetria;
37413;Barragem Adelcir Grigoletto;Cláudia;0;3;17280980;UHE SINOP BARRAMENTO;RIO TELES PIRES (OU SÃO MANUEL);;-11,279700;-55,444200;53,11;389,64;0;montante;;;;;;sqlite:sis_cloud_seed.db:ana_estacoes;sqlite:sis_cloud_seed.db:ana_telemetria;
37766;Madeireira Tupinambá;Colniza;0;1;15750600;UHE DARDANELOS JUSANTE;RIO ARIPUANÃ;;-10,110600;-59,437800;75,37;616,18;0;jusante;;;;;;sqlite:sis_cloud_seed.db:ana_estacoes;sqlite:sis_cloud_seed.db:ana_telemetria;
37766;Madeireira Tupinambá;Colniza;0;2;15750575;ARIPUANÃ;RIO ARIPUANÃ;;-10,142800;-59,429700;78,47;612,71;0;jusante;;;;;2026-09-07 10:00:00;sqlite:sis_cloud_seed.db:ana_estacoes;sqlite:sis_cloud_seed.db:ana_telemetria;
36573;Barragem Comodoro;Comodoro;0;1;15122000;PCH RIO PRATA JUSANTE;RIO PRATA;;-13,630000;-59,876100;11,66;395,44;0;local;;;;;;sqlite:sis_cloud_seed.db:ana_estacoes;sqlite:sis_cloud_seed.db:ana_telemetria;
36573;Barragem Comodoro;Comodoro;0;2;15123000;PCH ESPERANÇA JUSANTE;RIO PIOLHINHO;;-13,782200;-59,792200;13,88;381,26;0;jusante;;;;;;sqlite:sis_cloud_seed.db:ana_estacoes;sqlite:sis_cloud_seed.db:ana_telemetria;
36573;Barragem Comodoro;Comodoro;0;3;15124600;CGH MIRANDA ESTÂNCIA BARRAMENTO;RIBEIRÃO MIRANDA ESTÂNCIA;;-13,533900;-59,931900;22,14;404,89;0;montante;;;;;;sqlite:sis_cloud_seed.db:ana_estacoes;sqlite:sis_cloud_seed.db:ana_telemetria;
37776;Estância Nossa Senhora Aparecida;Comodoro;0;1;15123000;PCH ESPERANÇA JUSANTE;RIO PIOLHINHO;;-13,782200;-59,792200;7,92;381,26;0;local;;;;;;sqlite:sis_cloud_seed.db:ana_estacoes;sqlite:sis_cloud_seed.db:ana_telemetria;
37776;Estância Nossa Senhora Aparecida;Comodoro;0;2;15122000;PCH RIO PRATA JUSANTE;RIO PRATA;;-13,630000;-59,876100;14,85;395,44;0;montante;;;;;;sqlite:sis_cloud_seed.db:ana_estacoes;sqlite:sis_cloud_seed.db:ana_telemetria;
37776;Estância Nossa Senhora Aparecida;Comodoro;0;3;15124610;CGH MIRANDA ESTÂNCIA JUSANTE;RIBEIRÃO MIRANDA ESTÂNCIA;;-13,545600;-59,946400;25,79;405,88;0;montante;;;;;;sqlite:sis_cloud_seed.db:ana_estacoes;sqlite:sis_cloud_seed.db:ana_telemetria;
34993;Fazenda Brasil Central ? Barramento I;Confresa;0;1;26500000;PORTO ALEGRE DO NORTE;RIO TAPIRAPE;;-10,873300;-51,629200;54,03;632,19;0;jusante;;;;;;sqlite:sis_cloud_seed.db:ana_estacoes;sqlite:sis_cloud_seed.db:ana_telemetria;
35003;Fazenda Brasil Central ? Barramento II;Confresa;0;1;26500000;PORTO ALEGRE DO NORTE;RIO TAPIRAPE;;-10,873300;-51,629200;55,81;632,19;0;jusante;;;;;;sqlite:sis_cloud_seed.db:ana_estacoes;sqlite:sis_cloud_seed.db:ana_telemetria;
37811;Aeródromo Bom Futuro – Barramento 03;Cuiabá;1;1;66260001;CUIABÁ;RIO CUIABÁ;;-15,615600;-56,108600;13,08;0,21;1;jusante;;;;;;sqlite:sis_cloud_seed.db:ana_estacoes;sqlite:sis_cloud_seed.db:ana_telemetria;
37811;Aeródromo Bom Futuro – Barramento 03;Cuiabá;1;2;66258003;COXIPÓ DO OURO;RIO COXIPO;;-15,448100;-55,985800;13,41;21,03;1;montante;;;;;;sqlite:sis_cloud_seed.db:ana_estacoes;sqlite:sis_cloud_seed.db:ana_telemetria;
37811;Aeródromo Bom Futuro – Barramento 03;Cuiabá;1;3;66260006;CUIABÁ-BEIRA RIO;RIO CUIABÁ;;-15,618900;-56,099700;13,41;0,23;1;jusante;98,0;;200,0;0,490;2026-09-07 10:00:00;sqlite:sis_cloud_seed.db:ana_estacoes;sqlite:sis_cloud_seed.db:ana_telemetria;cota_medida
26131;BARRAGEM JVR;Cuiabá;1;1;66259650;RIO COXIPÓ - AABB;RIO COXIPO;;-15,617500;-56,051100;9,28;3,76;1;jusante;;;;;;sqlite:sis_cloud_seed.db:ana_estacoes;sqlite:sis_cloud_seed.db:ana_telemetria;
26131;BARRAGEM JVR;Cuiabá;1;2;66260006;CUIABÁ-BEIRA RIO;RIO CUIABÁ;;-15,618900;-56,099700;10,80;0,23;1;jusante;98,0;;200,0;0,490;2026-09-07 10:00:00;sqlite:sis_cloud_seed.db:ana_estacoes;sqlite:sis_cloud_seed.db:ana_telemetria;cota_medida
26131;BARRAGEM JVR;Cuiabá;1;3;66260001;CUIABÁ;RIO CUIABÁ;;-15,615600;-56,108600;10,99;0,21;1;jusante;;;;;;sqlite:sis_cloud_seed.db:ana_estacoes;sqlite:sis_cloud_seed.db:ana_telemetria;
5794;BARRAGEM T02;Cuiabá;0;1;66258003;COXIPÓ DO OURO;RIO COXIPO;;-15,448100;-55,985800;21,82;21,03;1;montante;;;;;;sqlite:sis_cloud_seed.db:ana_estacoes;sqlite:sis_cloud_seed.db:ana_telemetria;
5794;BARRAGEM T02;Cuiabá;0;2;66259650;RIO COXIPÓ - AABB;RIO COXIPO;;-15,617500;-56,051100;25,26;3,76;1;jusante;;;;;;sqlite:sis_cloud_seed.db:ana_estacoes;sqlite:sis_cloud_seed.db:ana_telemetria;
5794;BARRAGEM T02;Cuiabá;0;3;66260006;CUIABÁ-BEIRA RIO;RIO CUIABÁ;;-15,618900;-56,099700;30,38;0,23;1;jusante;98,0;;200,0;0,490;2026-09-07 10:00:00;sqlite:sis_cloud_seed.db:ana_estacoes;sqlite:sis_cloud_seed.db:ana_telemetria;contexto_somente
36689;Barragem I - Fazenda Pouso da Garça;Cuiabá;1;1;66260001;CUIABÁ;RIO CUIABÁ;;-15,615600;-56,108600;17,74;0,21;1;jusante;;;;;;sqlite:sis_cloud_seed.db:ana_estacoes;sqlite:sis_cloud_seed.db:ana_telemetria;
36689;Barragem I - Fazenda Pouso da Garça;Cuiabá;1;2;66260006;CUIABÁ-BEIRA RIO;RIO CUIABÁ;;-15,618900;-56,099700;18,45;0,23;1;jusante;98,0;;200,0;0,490;2026-09-07 10:00:00;sqlite:sis_cloud_seed.db:ana_estacoes;sqlite:sis_cloud_seed.db:ana_telemetria;cota_medida
36689;Barragem I - Fazenda Pouso da Garça;Cuiabá;1;3;66258003;COXIPÓ DO OURO;RIO COXIPO;;-15,448100;-55,985800;19,85;21,03;1;local;;;;;;sqlite:sis_cloud_seed.db:ana_estacoes;sqlite:sis_cloud_seed.db:ana_telemetria;
36690;Barragem II - Fazenda Pouso da Garça;Cuiabá;1;1;66260001;CUIABÁ;RIO CUIABÁ;;-15,615600;-56,108600;18,30;0,21;1;jusante;;;;;;sqlite:sis_cloud_seed.db:ana_estacoes;sqlite:sis_cloud_seed.db:ana_telemetria;
36690;Barragem II - Fazenda Pouso da Garça;Cuiabá;1;2;66260006;CUIABÁ-BEIRA RIO;RIO CUIABÁ;;-15,618900;-56,099700;19,00;0,23;1;jusante;98,0;;200,0;0,490;2026-09-07 10:00:00;sqlite:sis_cloud_seed.db:ana_estacoes;sqlite:sis_cloud_seed.db:ana_telemetria;cota_medida
36690;Barragem II - Fazenda Pouso da Garça;Cuiabá;1;3;66258003;COXIPÓ DO OURO;RIO COXIPO;;-15,448100;-55,985800;19,67;21,03;1;local;;;;;;sqlite:sis_cloud_seed.db:ana_estacoes;sqlite:sis_cloud_seed.db:ana_telemetria;
36691;Barragem III - Fazenda Pouso da Garça;Cuiabá;1;1;66260001;CUIABÁ;RIO CUIABÁ;;-15,615600;-56,108600;18,52;0,21;1;jusante;;;;;;sqlite:sis_cloud_seed.db:ana_estacoes;sqlite:sis_cloud_seed.db:ana_telemetria;
36691;Barragem III - Fazenda Pouso da Garça;Cuiabá;1;2;66260006;CUIABÁ-BEIRA RIO;RIO CUIABÁ;;-15,618900;-56,099700;19,21;0,23;1;jusante;98,0;;200,0;0,490;2026-09-07 10:00:00;sqlite:sis_cloud_seed.db:ana_estacoes;sqlite:sis_cloud_seed.db:ana_telemetria;cota_medida
36691;Barragem III - Fazenda Pouso da Garça;Cuiabá;1;3;66258003;COXIPÓ DO OURO;RIO COXIPO;;-15,448100;-55,985800;19,75;21,03;1;local;;;;;;sqlite:sis_cloud_seed.db:ana_estacoes;sqlite:sis_cloud_seed.db:ana_telemetria;
26138;Barragem Serrinha;Cuiabá;1;1;66258003;COXIPÓ DO OURO;RIO COXIPO;;-15,448100;-55,985800;7,25;21,03;1;montante;;;;;;sqlite:sis_cloud_seed.db:ana_estacoes;sqlite:sis_cloud_seed.db:ana_telemetria;
26138;Barragem Serrinha;Cuiabá;1;2;66259650;RIO COXIPÓ - AABB;RIO COXIPO;;-15,617500;-56,051100;13,03;3,76;1;jusante;;;;;;sqlite:sis_cloud_seed.db:ana_estacoes;sqlite:sis_cloud_seed.db:ana_telemetria;
26138;Barragem Serrinha;Cuiabá;1;3;66260006;CUIABÁ-BEIRA RIO;RIO CUIABÁ;;-15,618900;-56,099700;15,33;0,23;1;jusante;98,0;;200,0;0,490;2026-09-07 10:00:00;sqlite:sis_cloud_seed.db:ana_estacoes;sqlite:sis_cloud_seed.db:ana_telemetria;cota_medida
26146;Barragem TB;Cuiabá;1;1;66258003;COXIPÓ DO OURO;RIO COXIPO;;-15,448100;-55,985800;9,54;21,03;1;montante;;;;;;sqlite:sis_cloud_seed.db:ana_estacoes;sqlite:sis_cloud_seed.db:ana_telemetria;
26146;Barragem TB;Cuiabá;1;2;66259650;RIO COXIPÓ - AABB;RIO COXIPO;;-15,617500;-56,051100;12,05;3,76;1;jusante;;;;;;sqlite:sis_cloud_seed.db:ana_estacoes;sqlite:sis_cloud_seed.db:ana_telemetria;
26146;Barragem TB;Cuiabá;1;3;66260006;CUIABÁ-BEIRA RIO;RIO CUIABÁ;;-15,618900;-56,099700;13,38;0,23;1;jusante;98,0;;200,0;0,490;2026-09-07 10:00:00;sqlite:sis_cloud_seed.db:ana_estacoes;sqlite:sis_cloud_seed.db:ana_telemetria;cota_medida
35023;Barramento - Mineração Casa de Pedra;Cuiabá;0;1;66258003;COXIPÓ DO OURO;RIO COXIPO;;-15,448100;-55,985800;21,84;21,03;1;montante;;;;;;sqlite:sis_cloud_seed.db:ana_estacoes;sqlite:sis_cloud_seed.db:ana_telemetria;
35023;Barramento - Mineração Casa de Pedra;Cuiabá;0;2;66259650;RIO COXIPÓ - AABB;RIO COXIPO;;-15,617500;-56,051100;27,66;3,76;1;jusante;;;;;;sqlite:sis_cloud_seed.db:ana_estacoes;sqlite:sis_cloud_seed.db:ana_telemetria;
35023;Barramento - Mineração Casa de Pedra;Cuiabá;0;3;66260006;CUIABÁ-BEIRA RIO;RIO CUIABÁ;;-15,618900;-56,099700;32,69;0,23;1;jusante;98,0;;200,0;0,490;2026-09-07 10:00:00;sqlite:sis_cloud_seed.db:ana_estacoes;sqlite:sis_cloud_seed.db:ana_telemetria;contexto_somente
20211;CASA DE PEDRA;Cuiabá;0;1;66258003;COXIPÓ DO OURO;RIO COXIPO;;-15,448100;-55,985800;24,16;21,03;1;montante;;;;;;sqlite:sis_cloud_seed.db:ana_estacoes;sqlite:sis_cloud_seed.db:ana_telemetria;
20211;CASA DE PEDRA;Cuiabá;0;2;66259650;RIO COXIPÓ - AABB;RIO COXIPO;;-15,617500;-56,051100;28,40;3,76;1;jusante;;;;;;sqlite:sis_cloud_seed.db:ana_estacoes;sqlite:sis_cloud_seed.db:ana_telemetria;
20211;CASA DE PEDRA;Cuiabá;0;3;66260006;CUIABÁ-BEIRA RIO;RIO CUIABÁ;;-15,618900;-56,099700;33,53;0,23;1;jusante;98,0;;200,0;0,490;2026-09-07 10:00:00;sqlite:sis_cloud_seed.db:ana_estacoes;sqlite:sis_cloud_seed.db:ana_telemetria;contexto_somente
31618;Barragem Fazenda Morada do Sol;Cáceres;0;1;66070004;CÁCERES (DNPVN);RIO PARAGUAI;;-16,076100;-57,702200;58,55;144,70;0;montante;;;;;;sqlite:sis_cloud_seed.db:ana_estacoes;sqlite:sis_cloud_seed.db:ana_telemetria;
31618;Barragem Fazenda Morada do Sol;Cáceres;0;2;66070004;CÁCERES (DNPVN);RIO PARAGUAI;;-16,076100;-57,702200;58,55;144,70;0;montante;;;;;;sqlite:sis_cloud_seed.db:ana_estacoes;sqlite:sis_cloud_seed.db:ana_telemetria;
31618;Barragem Fazenda Morada do Sol;Cáceres;0;3;66072005;PORTO ESPERIDIÃO;RIO JAURU;;-15,850800;-58,458300;67,16;226,28;0;montante;;;;;;sqlite:sis_cloud_seed.db:ana_estacoes;sqlite:sis_cloud_seed.db:ana_telemetria;
21007;Estância Santa Mônica;Cáceres;0;1;66072005;PORTO ESPERIDIÃO;RIO JAURU;;-15,850800;-58,458300;51,86;226,28;0;montante;;;;;;sqlite:sis_cloud_seed.db:ana_estacoes;sqlite:sis_cloud_seed.db:ana_telemetria;
21010;Fazenda Bom Pastor;Cáceres;0;1;66072005;PORTO ESPERIDIÃO;RIO JAURU;;-15,850800;-58,458300;49,11;226,28;0;montante;;;;;;sqlite:sis_cloud_seed.db:ana_estacoes;sqlite:sis_cloud_seed.db:ana_telemetria;
21003;Gleba Barranqueira XIII;Cáceres;0;1;66072005;PORTO ESPERIDIÃO;RIO JAURU;;-15,850800;-58,458300;53,49;226,28;0;montante;;;;;;sqlite:sis_cloud_seed.db:ana_estacoes;sqlite:sis_cloud_seed.db:ana_telemetria;
21004;Gleba Barranqueira XIII;Cáceres;0;1;66072005;PORTO ESPERIDIÃO;RIO JAURU;;-15,850800;-58,458300;51,97;226,28;0;montante;;;;;;sqlite:sis_cloud_seed.db:ana_estacoes;sqlite:sis_cloud_seed.db:ana_telemetria;
21005;Gleba Barranqueira XIII;Cáceres;0;1;66072005;PORTO ESPERIDIÃO;RIO JAURU;;-15,850800;-58,458300;54,19;226,28;0;montante;;;;;;sqlite:sis_cloud_seed.db:ana_estacoes;sqlite:sis_cloud_seed.db:ana_telemetria;
36555;Barragem I ? Fazenda Machado I;Denise;0;1;66007000;SÍTIO JAPUIRA;RIO PARAGUAI;;-14,814800;-56,838700;23,14;43,23;0;jusante;;;;;;sqlite:sis_cloud_seed.db:ana_estacoes;sqlite:sis_cloud_seed.db:ana_telemetria;
36555;Barragem I ? Fazenda Machado I;Denise;0;2;66006011;NORTELÂNDIA;RIO SANTANA;;-14,453300;-56,809400;33,99;59,16;0;montante;;;;;;sqlite:sis_cloud_seed.db:ana_estacoes;sqlite:sis_cloud_seed.db:ana_telemetria;
36555;Barragem I ? Fazenda Machado I;Denise;0;3;66008500;BARRA DO BUGRES - RIO BUGRES;RIO DOS BUGRES;;-14,986700;-57,115800;34,97;70,13;0;jusante;;;;;;sqlite:sis_cloud_seed.db:ana_estacoes;sqlite:sis_cloud_seed.db:ana_telemetria;
30902;Barramento 4 - Fazenda Guanabara – Gleba A;Denise;0;1;66007000;SÍTIO JAPUIRA;RIO PARAGUAI;;-14,814800;-56,838700;20,85;43,23;0;local;;;;;;sqlite:sis_cloud_seed.db:ana_estacoes;sqlite:sis_cloud_seed.db:ana_telemetria;
30902;Barramento 4 - Fazenda Guanabara – Gleba A;Denise;0;2;66008500;BARRA DO BUGRES - RIO BUGRES;RIO DOS BUGRES;;-14,986700;-57,115800;23,16;70,13;0;jusante;;;;;;sqlite:sis_cloud_seed.db:ana_estacoes;sqlite:sis_cloud_seed.db:ana_telemetria;
30902;Barramento 4 - Fazenda Guanabara – Gleba A;Denise;0;3;66010000;BARRA DO BUGRES;RIO PARAGUAI;;-15,076100;-57,181900;35,19;76,73;0;jusante;;;;;;sqlite:sis_cloud_seed.db:ana_estacoes;sqlite:sis_cloud_seed.db:ana_telemetria;
36622;Barramento I ? Fazenda Froes;Denise;0;1;66007000;SÍTIO JAPUIRA;RIO PARAGUAI;;-14,814800;-56,838700;18,67;43,23;0;jusante;;;;;;sqlite:sis_cloud_seed.db:ana_estacoes;sqlite:sis_cloud_seed.db:ana_telemetria;
36622;Barramento I ? Fazenda Froes;Denise;0;2;66006011;NORTELÂNDIA;RIO SANTANA;;-14,453300;-56,809400;22,40;59,16;0;montante;;;;;;sqlite:sis_cloud_seed.db:ana_estacoes;sqlite:sis_cloud_seed.db:ana_telemetria;
36622;Barramento I ? Fazenda Froes;Denise;0;3;66005960;PCH SANTANA I JUSANTE;RIO SANTANA;;-14,425300;-56,824700;25,12;62,48;0;montante;;;;;;sqlite:sis_cloud_seed.db:ana_estacoes;sqlite:sis_cloud_seed.db:ana_telemetria;
36642;Barramento III ? Fazenda Froes;Denise;0;1;66007000;SÍTIO JAPUIRA;RIO PARAGUAI;;-14,814800;-56,838700;19,20;43,23;0;jusante;;;;;;sqlite:sis_cloud_seed.db:ana_estacoes;sqlite:sis_cloud_seed.db:ana_telemetria;
36642;Barramento III ? Fazenda Froes;Denise;0;2;66006011;NORTELÂNDIA;RIO SANTANA;;-14,453300;-56,809400;21,42;59,16;0;montante;;;;;;sqlite:sis_cloud_seed.db:ana_estacoes;sqlite:sis_cloud_seed.db:ana_telemetria;
36642;Barramento III ? Fazenda Froes;Denise;0;3;66005960;PCH SANTANA I JUSANTE;RIO SANTANA;;-14,425300;-56,824700;24,26;62,48;0;montante;;;;;;sqlite:sis_cloud_seed.db:ana_estacoes;sqlite:sis_cloud_seed.db:ana_telemetria;
26670;Buriti;Denise;0;1;66008500;BARRA DO BUGRES - RIO BUGRES;RIO DOS BUGRES;;-14,986700;-57,115800;19,06;70,13;0;jusante;;;;;;sqlite:sis_cloud_seed.db:ana_estacoes;sqlite:sis_cloud_seed.db:ana_telemetria;
26670;Buriti;Denise;0;2;66007000;SÍTIO JAPUIRA;RIO PARAGUAI;;-14,814800;-56,838700;28,77;43,23;0;local;;;;;;sqlite:sis_cloud_seed.db:ana_estacoes;sqlite:sis_cloud_seed.db:ana_telemetria;
26670;Buriti;Denise;0;3;66010000;BARRA DO BUGRES;RIO PARAGUAI;;-15,076100;-57,181900;30,09;76,73;0;jusante;;;;;;sqlite:sis_cloud_seed.db:ana_estacoes;sqlite:sis_cloud_seed.db:ana_telemetria;
36624;Fazenda Froes? Barramento 2;Denise;0;1;66007000;SÍTIO JAPUIRA;RIO PARAGUAI;;-14,814800;-56,838700;20,09;43,23;0;jusante;;;;;;sqlite:sis_cloud_seed.db:ana_estacoes;sqlite:sis_cloud_seed.db:ana_telemetria;
36624;Fazenda Froes? Barramento 2;Denise;0;2;66006011;NORTELÂNDIA;RIO SANTANA;;-14,453300;-56,809400;22,02;59,16;0;montante;;;;;;sqlite:sis_cloud_seed.db:ana_estacoes;sqlite:sis_cloud_seed.db:ana_telemetria;
36624;Fazenda Froes? Barramento 2;Denise;0;3;66005960;PCH SANTANA I JUSANTE;RIO SANTANA;;-14,425300;-56,824700;24,51;62,48;0;montante;;;;;;sqlite:sis_cloud_seed.db:ana_estacoes;sqlite:sis_cloud_seed.db:ana_telemetria;
31556;Fazenda Selva de Pedra;Denise;0;1;66007000;SÍTIO JAPUIRA;RIO PARAGUAI;;-14,814800;-56,838700;19,74;43,23;0;jusante;;;;;;sqlite:sis_cloud_seed.db:ana_estacoes;sqlite:sis_cloud_seed.db:ana_telemetria;
31556;Fazenda Selva de Pedra;Denise;0;2;66006011;NORTELÂNDIA;RIO SANTANA;;-14,453300;-56,809400;29,78;59,16;0;montante;;;;;;sqlite:sis_cloud_seed.db:ana_estacoes;sqlite:sis_cloud_seed.db:ana_telemetria;
31556;Fazenda Selva de Pedra;Denise;0;3;66005960;PCH SANTANA I JUSANTE;RIO SANTANA;;-14,425300;-56,824700;31,68;62,48;0;montante;;;;;;sqlite:sis_cloud_seed.db:ana_estacoes;sqlite:sis_cloud_seed.db:ana_telemetria;
27780;Palmital Grande;Denise;0;1;66007000;SÍTIO JAPUIRA;RIO PARAGUAI;;-14,814800;-56,838700;16,38;43,23;0;local;;;;;;sqlite:sis_cloud_seed.db:ana_estacoes;sqlite:sis_cloud_seed.db:ana_telemetria;
27780;Palmital Grande;Denise;0;2;66008500;BARRA DO BUGRES - RIO BUGRES;RIO DOS BUGRES;;-14,986700;-57,115800;24,53;70,13;0;jusante;;;;;;sqlite:sis_cloud_seed.db:ana_estacoes;sqlite:sis_cloud_seed.db:ana_telemetria;
27780;Palmital Grande;Denise;0;3;66010000;BARRA DO BUGRES;RIO PARAGUAI;;-15,076100;-57,181900;36,74;76,73;0;jusante;;;;;;sqlite:sis_cloud_seed.db:ana_estacoes;sqlite:sis_cloud_seed.db:ana_telemetria;
34184;CGH Agromar - BARRAMENTO 1;Diamantino;0;1;17099000;FAZENDA CACHOEIRA DE PAU;RIO ARINOS;;-13,831600;-56,409700;17,34;97,64;0;montante;585,0;148,01;;;2026-09-07 09:45:00;sqlite:sis_cloud_seed.db:ana_estacoes;sqlite:sis_cloud_seed.db:ana_telemetria;contexto_somente
34184;CGH Agromar - BARRAMENTO 1;Diamantino;0;2;17099300;PCH RIO CLARO MONTANTE;RIO CLARO;;-13,958900;-56,742200;26,80;97,57;0;local;;;;;;sqlite:sis_cloud_seed.db:ana_estacoes;sqlite:sis_cloud_seed.db:ana_telemetria;
34184;CGH Agromar - BARRAMENTO 1;Diamantino;0;3;17099320;PCH RIO CLARO BARRAMENTO;RIO CLARO;;-13,796900;-56,700300;29,04;111,12;0;montante;;;;;;sqlite:sis_cloud_seed.db:ana_estacoes;sqlite:sis_cloud_seed.db:ana_telemetria;
20619;PCH Alto Paraguai (Pedro Pedrossian) - Alto Paraguai;Diamantino;0;1;66005100;PCH ALTO PARAGUAI JUSANTE;RIO PARAGUAI;;-14,477200;-56,392200;0,43;28,70;0;local;;;;;;sqlite:sis_cloud_seed.db:ana_estacoes;sqlite:sis_cloud_seed.db:ana_telemetria;
20619;PCH Alto Paraguai (Pedro Pedrossian) - Alto Paraguai;Diamantino;0;2;66244400;NOBRES;RIO CUIABÁ;;-14,756900;-56,306700;32,01;0,25;1;jusante;;;;;;sqlite:sis_cloud_seed.db:ana_estacoes;sqlite:sis_cloud_seed.db:ana_telemetria;
20619;PCH Alto Paraguai (Pedro Pedrossian) - Alto Paraguai;Diamantino;0;3;66005400;CGH DIAMANTE MONTANTE 2;RIO SANTANA;;-14,315300;-56,726900;40,65;64,87;0;montante;;;;;;sqlite:sis_cloud_seed.db:ana_estacoes;sqlite:sis_cloud_seed.db:ana_telemetria;
35212;Fazenda Vitória ? Reservatório Pulmão;Dom Aquino;0;1;26033600;PCH PRIMAVERA MONTANTE 2;RIO DAS MORTES ;;-15,366100;-54,800000;10,95;117,75;0;montante;;;;;;sqlite:sis_cloud_seed.db:ana_estacoes;sqlite:sis_cloud_seed.db:ana_telemetria;
35212;Fazenda Vitória ? Reservatório Pulmão;Dom Aquino;0;2;26033655;CGH GALHEIROS JUSANTE;CÓRREGO GALHEIRO;;-15,110800;-54,716700;40,54;116,35;0;montante;;;;;;sqlite:sis_cloud_seed.db:ana_estacoes;sqlite:sis_cloud_seed.db:ana_telemetria;
35212;Fazenda Vitória ? Reservatório Pulmão;Dom Aquino;0;3;26033700;PCH PRIMAVERA MONTANTE 1;RIO DAS MORTES ;;-15,407200;-54,432200;40,96;155,50;0;montante;;;;;;sqlite:sis_cloud_seed.db:ana_estacoes;sqlite:sis_cloud_seed.db:ana_telemetria;
8094;Piscicultura Arco Iris;Dom Aquino;0;1;26033600;PCH PRIMAVERA MONTANTE 2;RIO DAS MORTES ;;-15,366100;-54,800000;14,17;117,75;0;montante;;;;;;sqlite:sis_cloud_seed.db:ana_estacoes;sqlite:sis_cloud_seed.db:ana_telemetria;
8094;Piscicultura Arco Iris;Dom Aquino;0;2;26033700;PCH PRIMAVERA MONTANTE 1;RIO DAS MORTES ;;-15,407200;-54,432200;30,85;155,50;0;montante;;;;;;sqlite:sis_cloud_seed.db:ana_estacoes;sqlite:sis_cloud_seed.db:ana_telemetria;
8094;Piscicultura Arco Iris;Dom Aquino;0;3;26033750;PCH PRIMAVERA BARRAMENTO;RIO DAS MORTES ;;-15,380000;-54,413600;33,52;156,25;0;montante;;;;;;sqlite:sis_cloud_seed.db:ana_estacoes;sqlite:sis_cloud_seed.db:ana_telemetria;
30947;Barramento 8 - Fazenda Guanabara – Gleba A;Denise;0;1;66008500;BARRA DO BUGRES - RIO BUGRES;RIO DOS BUGRES;;-14,986700;-57,115800;17,46;70,13;0;jusante;;;;;;sqlite:sis_cloud_seed.db:ana_estacoes;sqlite:sis_cloud_seed.db:ana_telemetria;
30947;Barramento 8 - Fazenda Guanabara – Gleba A;Denise;0;2;66007000;SÍTIO JAPUIRA;RIO PARAGUAI;;-14,814800;-56,838700;23,06;43,23;0;local;;;;;;sqlite:sis_cloud_seed.db:ana_estacoes;sqlite:sis_cloud_seed.db:ana_telemetria;
30947;Barramento 8 - Fazenda Guanabara – Gleba A;Denise;0;3;66010000;BARRA DO BUGRES;RIO PARAGUAI;;-15,076100;-57,181900;29,52;76,73;0;jusante;;;;;;sqlite:sis_cloud_seed.db:ana_estacoes;sqlite:sis_cloud_seed.db:ana_telemetria;
37726;Fazenda Duas Meninas - Barragem 1;Denise;0;1;66008500;BARRA DO BUGRES - RIO BUGRES;RIO DOS BUGRES;;-14,986700;-57,115800;23,69;70,13;0;jusante;;;;;;sqlite:sis_cloud_seed.db:ana_estacoes;sqlite:sis_cloud_seed.db:ana_telemetria;
37726;Fazenda Duas Meninas - Barragem 1;Denise;0;2;66007000;SÍTIO JAPUIRA;RIO PARAGUAI;;-14,814800;-56,838700;33,07;43,23;0;jusante;;;;;;sqlite:sis_cloud_seed.db:ana_estacoes;sqlite:sis_cloud_seed.db:ana_telemetria;
37726;Fazenda Duas Meninas - Barragem 1;Denise;0;3;66010000;BARRA DO BUGRES;RIO PARAGUAI;;-15,076100;-57,181900;33,70;76,73;0;jusante;;;;;;sqlite:sis_cloud_seed.db:ana_estacoes;sqlite:sis_cloud_seed.db:ana_telemetria;
37727;Fazenda Duas Meninas - Barragem 2;Denise;0;1;66008500;BARRA DO BUGRES - RIO BUGRES;RIO DOS BUGRES;;-14,986700;-57,115800;24,01;70,13;0;jusante;;;;;;sqlite:sis_cloud_seed.db:ana_estacoes;sqlite:sis_cloud_seed.db:ana_telemetria;
37727;Fazenda Duas Meninas - Barragem 2;Denise;0;2;66007000;SÍTIO JAPUIRA;RIO PARAGUAI;;-14,814800;-56,838700;33,23;43,23;0;jusante;;;;;;sqlite:sis_cloud_seed.db:ana_estacoes;sqlite:sis_cloud_seed.db:ana_telemetria;
37727;Fazenda Duas Meninas - Barragem 2;Denise;0;3;66010000;BARRA DO BUGRES;RIO PARAGUAI;;-15,076100;-57,181900;33,98;76,73;0;jusante;;;;;;sqlite:sis_cloud_seed.db:ana_estacoes;sqlite:sis_cloud_seed.db:ana_telemetria;
34545;Barramento - Fazenda Fiorese I;Feliz Natal;0;1;18421000;FOZ RONURO;RIO RONURO;;-12,369200;-54,138300;49,19;329,31;0;jusante;;;;;;sqlite:sis_cloud_seed.db:ana_estacoes;sqlite:sis_cloud_seed.db:ana_telemetria;
34545;Barramento - Fazenda Fiorese I;Feliz Natal;0;2;18425200;MT-442 / Rio Tartaruga;RIO TARTARUGA;;-11,927600;-54,998700;56,88;335,96;0;montante;;;;;;sqlite:sis_cloud_seed.db:ana_estacoes;sqlite:sis_cloud_seed.db:ana_telemetria;
34545;Barramento - Fazenda Fiorese I;Feliz Natal;0;3;18422600;PCH ARS JUSANTE 2;RIO ATELCHU OU VAN DEN STEINEN;;-12,784700;-54,680600;66,06;259,53;0;jusante;;;;;;sqlite:sis_cloud_seed.db:ana_estacoes;sqlite:sis_cloud_seed.db:ana_telemetria;
34554;Barramento II - Fazenda Fiorese I;Feliz Natal;0;1;18421000;FOZ RONURO;RIO RONURO;;-12,369200;-54,138300;48,18;329,31;0;jusante;;;;;;sqlite:sis_cloud_seed.db:ana_estacoes;sqlite:sis_cloud_seed.db:ana_telemetria;
34554;Barramento II - Fazenda Fiorese I;Feliz Natal;0;2;18425200;MT-442 / Rio Tartaruga;RIO TARTARUGA;;-11,927600;-54,998700;58,09;335,96;0;montante;;;;;;sqlite:sis_cloud_seed.db:ana_estacoes;sqlite:sis_cloud_seed.db:ana_telemetria;
34554;Barramento II - Fazenda Fiorese I;Feliz Natal;0;3;18422600;PCH ARS JUSANTE 2;RIO ATELCHU OU VAN DEN STEINEN;;-12,784700;-54,680600;64,80;259,53;0;jusante;;;;;;sqlite:sis_cloud_seed.db:ana_estacoes;sqlite:sis_cloud_seed.db:ana_telemetria;
8066;Faz. Jatobá;Feliz Natal;0;1;18422600;PCH ARS JUSANTE 2;RIO ATELCHU OU VAN DEN STEINEN;;-12,784700;-54,680600;46,37;259,53;0;jusante;;;;;;sqlite:sis_cloud_seed.db:ana_estacoes;sqlite:sis_cloud_seed.db:ana_telemetria;
8066;Faz. Jatobá;Feliz Natal;0;2;18422500;PCH ARS JUSANTE 1;RIO ATELCHU OU VAN DEN STEINEN;;-13,097500;-54,818300;50,88;221,83;0;jusante;;;;;;sqlite:sis_cloud_seed.db:ana_estacoes;sqlite:sis_cloud_seed.db:ana_telemetria;
8066;Faz. Jatobá;Feliz Natal;0;3;18422480;PCH ARS BARRAMENTO;RIO ATELCHU OU VAN DEN STEINEN;;-13,098300;-54,818100;50,96;221,77;0;jusante;;;;;;sqlite:sis_cloud_seed.db:ana_estacoes;sqlite:sis_cloud_seed.db:ana_telemetria;
20085;Faz. Lote 69-A;Feliz Natal;0;1;18422600;PCH ARS JUSANTE 2;RIO ATELCHU OU VAN DEN STEINEN;;-12,784700;-54,680600;34,24;259,53;0;jusante;;;;;;sqlite:sis_cloud_seed.db:ana_estacoes;sqlite:sis_cloud_seed.db:ana_telemetria;
20085;Faz. Lote 69-A;Feliz Natal;0;2;18422500;PCH ARS JUSANTE 1;RIO ATELCHU OU VAN DEN STEINEN;;-13,097500;-54,818300;61,30;221,83;0;jusante;;;;;;sqlite:sis_cloud_seed.db:ana_estacoes;sqlite:sis_cloud_seed.db:ana_telemetria;
20085;Faz. Lote 69-A;Feliz Natal;0;3;18422480;PCH ARS BARRAMENTO;RIO ATELCHU OU VAN DEN STEINEN;;-13,098300;-54,818100;61,39;221,77;0;jusante;;;;;;sqlite:sis_cloud_seed.db:ana_estacoes;sqlite:sis_cloud_seed.db:ana_telemetria;
36628;Fazenda Dona Rosália;Feliz Natal;0;1;18425200;MT-442 / Rio Tartaruga;RIO TARTARUGA;;-11,927600;-54,998700;51,45;335,96;0;montante;;;;;;sqlite:sis_cloud_seed.db:ana_estacoes;sqlite:sis_cloud_seed.db:ana_telemetria;
36628;Fazenda Dona Rosália;Feliz Natal;0;2;18421000;FOZ RONURO;RIO RONURO;;-12,369200;-54,138300;55,60;329,31;0;jusante;;;;;;sqlite:sis_cloud_seed.db:ana_estacoes;sqlite:sis_cloud_seed.db:ana_telemetria;
36628;Fazenda Dona Rosália;Feliz Natal;0;3;18422600;PCH ARS JUSANTE 2;RIO ATELCHU OU VAN DEN STEINEN;;-12,784700;-54,680600;64,31;259,53;0;jusante;;;;;;sqlite:sis_cloud_seed.db:ana_estacoes;sqlite:sis_cloud_seed.db:ana_telemetria;
8071;Fazenda Nossa Senhora de Caacupê;Feliz Natal;0;1;18422600;PCH ARS JUSANTE 2;RIO ATELCHU OU VAN DEN STEINEN;;-12,784700;-54,680600;53,96;259,53;0;jusante;;;;;;sqlite:sis_cloud_seed.db:ana_estacoes;sqlite:sis_cloud_seed.db:ana_telemetria;
8071;Fazenda Nossa Senhora de Caacupê;Feliz Natal;0;2;18425200;MT-442 / Rio Tartaruga;RIO TARTARUGA;;-11,927600;-54,998700;55,64;335,96;0;montante;;;;;;sqlite:sis_cloud_seed.db:ana_estacoes;sqlite:sis_cloud_seed.db:ana_telemetria;
8071;Fazenda Nossa Senhora de Caacupê;Feliz Natal;0;3;17277000;FAZENDA CERON;RIO CELESTE;;-12,310100;-55,567700;61,18;275,20;0;montante;300,0;36,91;;;2026-09-07 09:30:00;sqlite:sis_cloud_seed.db:ana_estacoes;sqlite:sis_cloud_seed.db:ana_telemetria;contexto_somente
35489;Barragem Bom Jesus do Kuluene;Gaúcha do Norte;0;1;18415300;GAÚCHA DO NORTE - RIO CULUENE;RIO CULUENE;;-13,394700;-53,041900;5,64;337,33;0;jusante;;;;;;sqlite:sis_cloud_seed.db:ana_estacoes;sqlite:sis_cloud_seed.db:ana_telemetria;
35489;Barragem Bom Jesus do Kuluene;Gaúcha do Norte;0;2;18415000;POUSADA MATRINXA;RIO CULUENE;;-13,569200;-53,076100;24,70;324,89;0;jusante;;;;;;sqlite:sis_cloud_seed.db:ana_estacoes;sqlite:sis_cloud_seed.db:ana_telemetria;
35489;Barragem Bom Jesus do Kuluene;Gaúcha do Norte;0;3;18409650;PCH PARANATINGA II JUSANTE;RIO CULUENE;;-13,847500;-53,259700;59,60;293,80;0;jusante;;;;;;sqlite:sis_cloud_seed.db:ana_estacoes;sqlite:sis_cloud_seed.db:ana_telemetria;
35084;Barragem Terra Nova;Gaúcha do Norte;0;1;18415300;GAÚCHA DO NORTE - RIO CULUENE;RIO CULUENE;;-13,394700;-53,041900;20,63;337,33;0;local;;;;;;sqlite:sis_cloud_seed.db:ana_estacoes;sqlite:sis_cloud_seed.db:ana_telemetria;
35084;Barragem Terra Nova;Gaúcha do Norte;0;2;18415000;POUSADA MATRINXA;RIO CULUENE;;-13,569200;-53,076100;23,15;324,89;0;jusante;;;;;;sqlite:sis_cloud_seed.db:ana_estacoes;sqlite:sis_cloud_seed.db:ana_telemetria;
35084;Barragem Terra Nova;Gaúcha do Norte;0;3;18409650;PCH PARANATINGA II JUSANTE;RIO CULUENE;;-13,847500;-53,259700;47,13;293,80;0;jusante;;;;;;sqlite:sis_cloud_seed.db:ana_estacoes;sqlite:sis_cloud_seed.db:ana_telemetria;
36409;Barramento I;Gaúcha do Norte;0;1;18415300;GAÚCHA DO NORTE - RIO CULUENE;RIO CULUENE;;-13,394700;-53,041900;41,59;337,33;0;jusante;;;;;;sqlite:sis_cloud_seed.db:ana_estacoes;sqlite:sis_cloud_seed.db:ana_telemetria;
36409;Barramento I;Gaúcha do Norte;0;2;18415000;POUSADA MATRINXA;RIO CULUENE;;-13,569200;-53,076100;61,33;324,89;0;jusante;;;;;;sqlite:sis_cloud_seed.db:ana_estacoes;sqlite:sis_cloud_seed.db:ana_telemetria;
20113;Faz. Amanhecer II;Gaúcha do Norte;0;1;18415300;GAÚCHA DO NORTE - RIO CULUENE;RIO CULUENE;;-13,394700;-53,041900;30,30;337,33;0;jusante;;;;;;sqlite:sis_cloud_seed.db:ana_estacoes;sqlite:sis_cloud_seed.db:ana_telemetria;
20113;Faz. Amanhecer II;Gaúcha do Norte;0;2;18415000;POUSADA MATRINXA;RIO CULUENE;;-13,569200;-53,076100;49,86;324,89;0;jusante;;;;;;sqlite:sis_cloud_seed.db:ana_estacoes;sqlite:sis_cloud_seed.db:ana_telemetria;
32377;Fazenda Sant’Ana de Vargem Grande – Barramento 1 (Principal);Gaúcha do Norte;0;1;18415300;GAÚCHA DO NORTE - RIO CULUENE;RIO CULUENE;;-13,394700;-53,041900;36,86;337,33;0;jusante;;;;;;sqlite:sis_cloud_seed.db:ana_estacoes;sqlite:sis_cloud_seed.db:ana_telemetria;
32377;Fazenda Sant’Ana de Vargem Grande – Barramento 1 (Principal);Gaúcha do Norte;0;2;18415000;POUSADA MATRINXA;RIO CULUENE;;-13,569200;-53,076100;42,00;324,89;0;jusante;;;;;;sqlite:sis_cloud_seed.db:ana_estacoes;sqlite:sis_cloud_seed.db:ana_telemetria;
32377;Fazenda Sant’Ana de Vargem Grande – Barramento 1 (Principal);Gaúcha do Norte;0;3;18409650;PCH PARANATINGA II JUSANTE;RIO CULUENE;;-13,847500;-53,259700;59,01;293,80;0;jusante;;;;;;sqlite:sis_cloud_seed.db:ana_estacoes;sqlite:sis_cloud_seed.db:ana_telemetria;
35197;Barramento III - Fazenda Cruzeiro ? Montante II;General Carneiro;0;1;26034600;FAZENDA SUSPIRO III / Rio Cumbuco - P. do Leste;RIO CUMBUCO;;-15,223100;-53,966700;47,53;197,69;0;montante;;;;;;sqlite:sis_cloud_seed.db:ana_estacoes;sqlite:sis_cloud_seed.db:ana_telemetria;
35197;Barramento III - Fazenda Cruzeiro ? Montante II;General Carneiro;0;2;26033900;ÁGUAS CLARAS;RIO DAS MORTES ;;-15,305000;-54,186400;57,79;176,82;0;montante;;;;;;sqlite:sis_cloud_seed.db:ana_estacoes;sqlite:sis_cloud_seed.db:ana_telemetria;
35197;Barramento III - Fazenda Cruzeiro ? Montante II;General Carneiro;0;3;24500000;TESOURO;RIO DAS GARÇAS;;-16,077800;-53,548100;58,12;249,05;0;jusante;;;;;;sqlite:sis_cloud_seed.db:ana_estacoes;sqlite:sis_cloud_seed.db:ana_telemetria;
35195;Fazenda Cruzeiro I - Barramento (principal);General Carneiro;0;1;26034600;FAZENDA SUSPIRO III / Rio Cumbuco - P. do Leste;RIO CUMBUCO;;-15,223100;-53,966700;47,50;197,69;0;montante;;;;;;sqlite:sis_cloud_seed.db:ana_estacoes;sqlite:sis_cloud_seed.db:ana_telemetria;
35195;Fazenda Cruzeiro I - Barramento (principal);General Carneiro;0;2;26033900;ÁGUAS CLARAS;RIO DAS MORTES ;;-15,305000;-54,186400;57,91;176,82;0;montante;;;;;;sqlite:sis_cloud_seed.db:ana_estacoes;sqlite:sis_cloud_seed.db:ana_telemetria;
35195;Fazenda Cruzeiro I - Barramento (principal);General Carneiro;0;3;24500000;TESOURO;RIO DAS GARÇAS;;-16,077800;-53,548100;58,22;249,05;0;jusante;;;;;;sqlite:sis_cloud_seed.db:ana_estacoes;sqlite:sis_cloud_seed.db:ana_telemetria;
35196;Fazenda Cruzeiro I - Barramento II - Montante I;General Carneiro;0;1;26034600;FAZENDA SUSPIRO III / Rio Cumbuco - P. do Leste;RIO CUMBUCO;;-15,223100;-53,966700;47,50;197,69;0;montante;;;;;;sqlite:sis_cloud_seed.db:ana_estacoes;sqlite:sis_cloud_seed.db:ana_telemetria;
35196;Fazenda Cruzeiro I - Barramento II - Montante I;General Carneiro;0;2;26033900;ÁGUAS CLARAS;RIO DAS MORTES ;;-15,305000;-54,186400;57,81;176,82;0;montante;;;;;;sqlite:sis_cloud_seed.db:ana_estacoes;sqlite:sis_cloud_seed.db:ana_telemetria;
35196;Fazenda Cruzeiro I - Barramento II - Montante I;General Carneiro;0;3;24500000;TESOURO;RIO DAS GARÇAS;;-16,077800;-53,548100;58,17;249,05;0;jusante;;;;;;sqlite:sis_cloud_seed.db:ana_estacoes;sqlite:sis_cloud_seed.db:ana_telemetria;
23769;Massa d'Água #227046;General Carneiro;0;1;24500000;TESOURO;RIO DAS GARÇAS;;-16,077800;-53,548100;73,22;249,05;0;jusante;;;;;;sqlite:sis_cloud_seed.db:ana_estacoes;sqlite:sis_cloud_seed.db:ana_telemetria;
22263;Massa d'Água #70232;General Carneiro;0;1;24500000;TESOURO;RIO DAS GARÇAS;;-16,077800;-53,548100;74,97;249,05;0;jusante;;;;;;sqlite:sis_cloud_seed.db:ana_estacoes;sqlite:sis_cloud_seed.db:ana_telemetria;
22397;T.I Sangradouro;General Carneiro;0;1;26034600;FAZENDA SUSPIRO III / Rio Cumbuco - P. do Leste;RIO CUMBUCO;;-15,223100;-53,966700;50,02;197,69;0;montante;;;;;;sqlite:sis_cloud_seed.db:ana_estacoes;sqlite:sis_cloud_seed.db:ana_telemetria;
22397;T.I Sangradouro;General Carneiro;0;2;26033900;ÁGUAS CLARAS;RIO DAS MORTES ;;-15,305000;-54,186400;52,85;176,82;0;montante;;;;;;sqlite:sis_cloud_seed.db:ana_estacoes;sqlite:sis_cloud_seed.db:ana_telemetria;
22397;T.I Sangradouro;General Carneiro;0;3;66420000;PCH POXORÉO MONTANTE;RIO POXOREU;;-15,797500;-54,360800;55,77;165,13;0;jusante;;;;;;sqlite:sis_cloud_seed.db:ana_estacoes;sqlite:sis_cloud_seed.db:ana_telemetria;
35155;BARRAMENTO I;Guarantã do Norte;0;1;17349400;PCH BRAÇO SUL JUSANTE;RIO BRAÇO SUL;;-9,544400;-54,732200;42,83;595,93;0;montante;;;;;;sqlite:sis_cloud_seed.db:ana_estacoes;sqlite:sis_cloud_seed.db:ana_telemetria;
35155;BARRAMENTO I;Guarantã do Norte;0;2;17354550;PCH BRAÇO NORTE III CÓRREGO QUINZE DE NOVEMBRO;CÓRREGO QUINZE DE NOVEMBRO;;-9,661100;-54,945800;59,62;577,36;0;montante;;;;;;sqlite:sis_cloud_seed.db:ana_estacoes;sqlite:sis_cloud_seed.db:ana_telemetria;
35155;BARRAMENTO I;Guarantã do Norte;0;3;17354700;PCH BRAÇO NORTE IV BARRAMENTO;RIO BRAÇO NORTE;;-9,683600;-54,963300;61,08;574,47;0;montante;;;;;;sqlite:sis_cloud_seed.db:ana_estacoes;sqlite:sis_cloud_seed.db:ana_telemetria;
21011;Fazenda Bela Vista;Guarantã do Norte;0;1;17349400;PCH BRAÇO SUL JUSANTE;RIO BRAÇO SUL;;-9,544400;-54,732200;19,59;595,93;0;local;;;;;;sqlite:sis_cloud_seed.db:ana_estacoes;sqlite:sis_cloud_seed.db:ana_telemetria;
21011;Fazenda Bela Vista;Guarantã do Norte;0;2;17345001;PCH BRAÇO NORTE III MONTANTE 2;RIO BRAÇO NORTE;;-9,358900;-54,903900;44,31;611,09;0;montante;;;;;;sqlite:sis_cloud_seed.db:ana_estacoes;sqlite:sis_cloud_seed.db:ana_telemetria;
21011;Fazenda Bela Vista;Guarantã do Norte;0;3;17354550;PCH BRAÇO NORTE III CÓRREGO QUINZE DE NOVEMBRO;CÓRREGO QUINZE DE NOVEMBRO;;-9,661100;-54,945800;44,44;577,36;0;jusante;;;;;;sqlite:sis_cloud_seed.db:ana_estacoes;sqlite:sis_cloud_seed.db:ana_telemetria;
21008;Fazenda Iriri;Guarantã do Norte;0;1;17349400;PCH BRAÇO SUL JUSANTE;RIO BRAÇO SUL;;-9,544400;-54,732200;16,89;595,93;0;local;;;;;;sqlite:sis_cloud_seed.db:ana_estacoes;sqlite:sis_cloud_seed.db:ana_telemetria;
21008;Fazenda Iriri;Guarantã do Norte;0;2;17345001;PCH BRAÇO NORTE III MONTANTE 2;RIO BRAÇO NORTE;;-9,358900;-54,903900;41,06;611,09;0;montante;;;;;;sqlite:sis_cloud_seed.db:ana_estacoes;sqlite:sis_cloud_seed.db:ana_telemetria;
21008;Fazenda Iriri;Guarantã do Norte;0;3;17354550;PCH BRAÇO NORTE III CÓRREGO QUINZE DE NOVEMBRO;CÓRREGO QUINZE DE NOVEMBRO;;-9,661100;-54,945800;42,45;577,36;0;jusante;;;;;;sqlite:sis_cloud_seed.db:ana_estacoes;sqlite:sis_cloud_seed.db:ana_telemetria;
4679;PCH Braço Norte - Braço Norte;Guarantã do Norte;0;1;17355000;PCH BRAÇO NORTE JUSANTE;RIO BRAÇO NORTE;;-9,838600;-55,019200;0,68;556,27;0;local;;;;;;sqlite:sis_cloud_seed.db:ana_estacoes;sqlite:sis_cloud_seed.db:ana_telemetria;
4679;PCH Braço Norte - Braço Norte;Guarantã do Norte;0;2;17354000;PCH BRAÇO NORTE RIO BRAÇO SUL;RIO BRAÇO SUL;;-9,821900;-54,983900;3,75;559,00;0;local;;;;;;sqlite:sis_cloud_seed.db:ana_estacoes;sqlite:sis_cloud_seed.db:ana_telemetria;
4679;PCH Braço Norte - Braço Norte;Guarantã do Norte;0;3;17354970;PCH BRAÇO NORTE MONTANTE;RIO BRAÇO NORTE;;-9,799200;-54,986700;4,98;561,38;0;montante;;;;;;sqlite:sis_cloud_seed.db:ana_estacoes;sqlite:sis_cloud_seed.db:ana_telemetria;
4843;PCH Braço Norte II - Barragem da Usina Braço Norte II;Guarantã do Norte;0;1;17354930;PCH BRAÇO NORTE II BARRAMENTO;RIO BRAÇO NORTE;;-9,778900;-54,986700;0,21;563,57;0;local;;;;;;sqlite:sis_cloud_seed.db:ana_estacoes;sqlite:sis_cloud_seed.db:ana_telemetria;
4843;PCH Braço Norte II - Barragem da Usina Braço Norte II;Guarantã do Norte;0;2;17354900;PCH BRAÇO NORTE II RESERVATÓRIO;RIO BRAÇO NORTE;;-9,769400;-54,987500;1,03;564,57;0;local;;;;;;sqlite:sis_cloud_seed.db:ana_estacoes;sqlite:sis_cloud_seed.db:ana_telemetria;
4843;PCH Braço Norte II - Barragem da Usina Braço Norte II;Guarantã do Norte;0;3;17354950;PCH BRAÇO NORTE II JUSANTE;RIO BRAÇO NORTE;;-9,789400;-54,988100;1,20;562,40;0;local;;;;;;sqlite:sis_cloud_seed.db:ana_estacoes;sqlite:sis_cloud_seed.db:ana_telemetria;
35614;PCH Braço Sul - Braço Sul;Guarantã do Norte;0;1;17349400;PCH BRAÇO SUL JUSANTE;RIO BRAÇO SUL;;-9,544400;-54,732200;0,43;595,93;0;local;;;;;;sqlite:sis_cloud_seed.db:ana_estacoes;sqlite:sis_cloud_seed.db:ana_telemetria;
35614;PCH Braço Sul - Braço Sul;Guarantã do Norte;0;2;17354550;PCH BRAÇO NORTE III CÓRREGO QUINZE DE NOVEMBRO;CÓRREGO QUINZE DE NOVEMBRO;;-9,661100;-54,945800;26,92;577,36;0;jusante;;;;;;sqlite:sis_cloud_seed.db:ana_estacoes;sqlite:sis_cloud_seed.db:ana_telemetria;
35614;PCH Braço Sul - Braço Sul;Guarantã do Norte;0;3;17345001;PCH BRAÇO NORTE III MONTANTE 2;RIO BRAÇO NORTE;;-9,358900;-54,903900;27,58;611,09;0;montante;;;;;;sqlite:sis_cloud_seed.db:ana_estacoes;sqlite:sis_cloud_seed.db:ana_telemetria;
36574;Barramento Rancho Grande;Indiavaí;0;1;66071384;UHE JAURU RESERVATÓRIO;RIO JAURU;;-15,221100;-58,730000;12,33;242,98;0;local;;;;;;sqlite:sis_cloud_seed.db:ana_estacoes;sqlite:sis_cloud_seed.db:ana_telemetria;
36574;Barramento Rancho Grande;Indiavaí;0;2;66071385;UHE JAURU BARRAMENTO;RIO JAURU;;-15,237800;-58,729700;12,59;243,03;0;local;;;;;;sqlite:sis_cloud_seed.db:ana_estacoes;sqlite:sis_cloud_seed.db:ana_telemetria;
36574;Barramento Rancho Grande;Indiavaí;0;3;66071390;PCH INDIAVAÍ BARRAMENTO;RIO JAURU;;-15,262200;-58,722200;12,76;242,38;0;jusante;;;;;;sqlite:sis_cloud_seed.db:ana_estacoes;sqlite:sis_cloud_seed.db:ana_telemetria;
4955;PCH Figueirópolis - Figueirópolis;Indiavaí;0;1;66071450;PCH FIGUEIRÓPOLIS BARRAMENTO;RIO JAURU;;-15,392200;-58,637500;0,05;234,67;0;local;;;;;;sqlite:sis_cloud_seed.db:ana_estacoes;sqlite:sis_cloud_seed.db:ana_telemetria;
4955;PCH Figueirópolis - Figueirópolis;Indiavaí;0;2;66071470;PCH FIGUEIRÓPOLIS JUSANTE;RIO JAURU;;-15,394200;-58,632800;0,57;234,20;0;local;;;;;;sqlite:sis_cloud_seed.db:ana_estacoes;sqlite:sis_cloud_seed.db:ana_telemetria;
4955;PCH Figueirópolis - Figueirópolis;Indiavaí;0;3;66071399;INDIAVAÍ;RIO JAURU;;-15,483600;-58,598300;10,98;232,01;0;jusante;;;;;;sqlite:sis_cloud_seed.db:ana_estacoes;sqlite:sis_cloud_seed.db:ana_telemetria;
4487;PCH Salto - Salto;Indiavaí;0;1;66071397;PCH SALTO JUSANTE;RIO JAURU;;-15,291900;-58,707500;0,54;241,03;0;local;;;;;;sqlite:sis_cloud_seed.db:ana_estacoes;sqlite:sis_cloud_seed.db:ana_telemetria;
4487;PCH Salto - Salto;Indiavaí;0;2;66071390;PCH INDIAVAÍ BARRAMENTO;RIO JAURU;;-15,262200;-58,722200;3,87;242,38;0;local;;;;;;sqlite:sis_cloud_seed.db:ana_estacoes;sqlite:sis_cloud_seed.db:ana_telemetria;
4487;PCH Salto - Salto;Indiavaí;0;3;66071385;UHE JAURU BARRAMENTO;RIO JAURU;;-15,237800;-58,729700;6,64;243,03;0;montante;;;;;;sqlite:sis_cloud_seed.db:ana_estacoes;sqlite:sis_cloud_seed.db:ana_telemetria;
28709;Barragem 1;Ipiranga do Norte;0;1;17273100;UHE COLÍDER PONTE MT-222;RIO TELES PIRES (OU SÃO MANUEL);;-11,893900;-55,656100;38,02;318,01;0;jusante;;;;;;sqlite:sis_cloud_seed.db:ana_estacoes;sqlite:sis_cloud_seed.db:ana_telemetria;
28709;Barragem 1;Ipiranga do Norte;0;2;17280940;UHE SINOP RESERVATÓRIO 1;RIO TELES PIRES (OU SÃO MANUEL);;-11,414700;-55,523300;50,55;373,13;0;montante;;;;;;sqlite:sis_cloud_seed.db:ana_estacoes;sqlite:sis_cloud_seed.db:ana_telemetria;
28709;Barragem 1;Ipiranga do Norte;0;3;17280970;UHE SINOP RESERVATÓRIO 2;RIO TELES PIRES (OU SÃO MANUEL);;-11,401700;-55,510800;52,48;374,83;0;montante;;;;;;sqlite:sis_cloud_seed.db:ana_estacoes;sqlite:sis_cloud_seed.db:ana_telemetria;
28620;Barramento II - Fazenda Cascata;Ipiranga do Norte;0;1;17273100;UHE COLÍDER PONTE MT-222;RIO TELES PIRES (OU SÃO MANUEL);;-11,893900;-55,656100;38,35;318,01;0;jusante;;;;;;sqlite:sis_cloud_seed.db:ana_estacoes;sqlite:sis_cloud_seed.db:ana_telemetria;
28620;Barramento II - Fazenda Cascata;Ipiranga do Norte;0;2;17280940;UHE SINOP RESERVATÓRIO 1;RIO TELES PIRES (OU SÃO MANUEL);;-11,414700;-55,523300;43,53;373,13;0;montante;;;;;;sqlite:sis_cloud_seed.db:ana_estacoes;sqlite:sis_cloud_seed.db:ana_telemetria;
28620;Barramento II - Fazenda Cascata;Ipiranga do Norte;0;3;17280970;UHE SINOP RESERVATÓRIO 2;RIO TELES PIRES (OU SÃO MANUEL);;-11,401700;-55,510800;45,45;374,83;0;montante;;;;;;sqlite:sis_cloud_seed.db:ana_estacoes;sqlite:sis_cloud_seed.db:ana_telemetria;
20036;FAZENDA RINCÃO FLORIDO;Ipiranga do Norte;0;1;17275100;UHE SINOP RIO VERDE;RIO VERDE;;-12,173100;-55,899400;46,98;282,99;0;montante;;;;;;sqlite:sis_cloud_seed.db:ana_estacoes;sqlite:sis_cloud_seed.db:ana_telemetria;
20036;FAZENDA RINCÃO FLORIDO;Ipiranga do Norte;0;2;17278500;PCH FOZ DO CEDRO JUSANTE;RIO VERDE;;-12,749400;-56,033600;55,52;217,62;0;jusante;;;;;;sqlite:sis_cloud_seed.db:ana_estacoes;sqlite:sis_cloud_seed.db:ana_telemetria;
20036;FAZENDA RINCÃO FLORIDO;Ipiranga do Norte;0;3;17278490;PCH FOZ DO CEDRO BARRAMENTO;RIO VERDE;;-12,750800;-56,033600;55,65;217,47;0;jusante;;;;;;sqlite:sis_cloud_seed.db:ana_estacoes;sqlite:sis_cloud_seed.db:ana_telemetria;
8022;Faz. Bogorni;Ipiranga do Norte;0;1;17275100;UHE SINOP RIO VERDE;RIO VERDE;;-12,173100;-55,899400;46,10;282,99;0;local;;;;;;sqlite:sis_cloud_seed.db:ana_estacoes;sqlite:sis_cloud_seed.db:ana_telemetria;
8022;Faz. Bogorni;Ipiranga do Norte;0;2;17278500;PCH FOZ DO CEDRO JUSANTE;RIO VERDE;;-12,749400;-56,033600;69,62;217,62;0;jusante;;;;;;sqlite:sis_cloud_seed.db:ana_estacoes;sqlite:sis_cloud_seed.db:ana_telemetria;
8022;Faz. Bogorni;Ipiranga do Norte;0;3;17278490;PCH FOZ DO CEDRO BARRAMENTO;RIO VERDE;;-12,750800;-56,033600;69,76;217,47;0;jusante;;;;;;sqlite:sis_cloud_seed.db:ana_estacoes;sqlite:sis_cloud_seed.db:ana_telemetria;
388;Fazenda Cabeceira;Ipiranga do Norte;0;1;17275100;UHE SINOP RIO VERDE;RIO VERDE;;-12,173100;-55,899400;14,99;282,99;0;jusante;;;;;;sqlite:sis_cloud_seed.db:ana_estacoes;sqlite:sis_cloud_seed.db:ana_telemetria;
388;Fazenda Cabeceira;Ipiranga do Norte;0;2;17273100;UHE COLÍDER PONTE MT-222;RIO TELES PIRES (OU SÃO MANUEL);;-11,893900;-55,656100;49,20;318,01;0;montante;;;;;;sqlite:sis_cloud_seed.db:ana_estacoes;sqlite:sis_cloud_seed.db:ana_telemetria;
388;Fazenda Cabeceira;Ipiranga do Norte;0;3;17277300;UHE SINOP MONTANTE 1;RIO TELES PIRES (OU SÃO MANUEL);;-12,288100;-55,600800;49,79;276,64;0;jusante;;;;;;sqlite:sis_cloud_seed.db:ana_estacoes;sqlite:sis_cloud_seed.db:ana_telemetria;
32064;Fazenda Cafundó - Barramento I;Ipiranga do Norte;0;1;17273100;UHE COLÍDER PONTE MT-222;RIO TELES PIRES (OU SÃO MANUEL);;-11,893900;-55,656100;41,21;318,01;0;jusante;;;;;;sqlite:sis_cloud_seed.db:ana_estacoes;sqlite:sis_cloud_seed.db:ana_telemetria;
32064;Fazenda Cafundó - Barramento I;Ipiranga do Norte;0;2;17275100;UHE SINOP RIO VERDE;RIO VERDE;;-12,173100;-55,899400;50,60;282,99;0;jusante;;;;;;sqlite:sis_cloud_seed.db:ana_estacoes;sqlite:sis_cloud_seed.db:ana_telemetria;
32064;Fazenda Cafundó - Barramento I;Ipiranga do Norte;0;3;17280940;UHE SINOP RESERVATÓRIO 1;RIO TELES PIRES (OU SÃO MANUEL);;-11,414700;-55,523300;62,01;373,13;0;montante;;;;;;sqlite:sis_cloud_seed.db:ana_estacoes;sqlite:sis_cloud_seed.db:ana_telemetria;
20126;Fazenda Duas Nascentes;Ipiranga do Norte;0;1;17275100;UHE SINOP RIO VERDE;RIO VERDE;;-12,173100;-55,899400;6,62;282,99;0;jusante;;;;;;sqlite:sis_cloud_seed.db:ana_estacoes;sqlite:sis_cloud_seed.db:ana_telemetria;
20126;Fazenda Duas Nascentes;Ipiranga do Norte;0;2;17277300;UHE SINOP MONTANTE 1;RIO TELES PIRES (OU SÃO MANUEL);;-12,288100;-55,600800;41,29;276,64;0;jusante;;;;;;sqlite:sis_cloud_seed.db:ana_estacoes;sqlite:sis_cloud_seed.db:ana_telemetria;
20126;Fazenda Duas Nascentes;Ipiranga do Norte;0;3;17273100;UHE COLÍDER PONTE MT-222;RIO TELES PIRES (OU SÃO MANUEL);;-11,893900;-55,656100;41,69;318,01;0;montante;;;;;;sqlite:sis_cloud_seed.db:ana_estacoes;sqlite:sis_cloud_seed.db:ana_telemetria;
27283;Fazenda Santa Regina;Ipiranga do Norte;0;1;17275100;UHE SINOP RIO VERDE;RIO VERDE;;-12,173100;-55,899400;38,61;282,99;0;montante;;;;;;sqlite:sis_cloud_seed.db:ana_estacoes;sqlite:sis_cloud_seed.db:ana_telemetria;
27283;Fazenda Santa Regina;Ipiranga do Norte;0;2;17278500;PCH FOZ DO CEDRO JUSANTE;RIO VERDE;;-12,749400;-56,033600;56,13;217,62;0;jusante;;;;;;sqlite:sis_cloud_seed.db:ana_estacoes;sqlite:sis_cloud_seed.db:ana_telemetria;
27283;Fazenda Santa Regina;Ipiranga do Norte;0;3;17278490;PCH FOZ DO CEDRO BARRAMENTO;RIO VERDE;;-12,750800;-56,033600;56,28;217,47;0;jusante;;;;;;sqlite:sis_cloud_seed.db:ana_estacoes;sqlite:sis_cloud_seed.db:ana_telemetria;
27906;Fazenda São Marcos A;Ipiranga do Norte;0;1;17275100;UHE SINOP RIO VERDE;RIO VERDE;;-12,173100;-55,899400;42,76;282,99;0;jusante;;;;;;sqlite:sis_cloud_seed.db:ana_estacoes;sqlite:sis_cloud_seed.db:ana_telemetria;
27906;Fazenda São Marcos A;Ipiranga do Norte;0;2;17273100;UHE COLÍDER PONTE MT-222;RIO TELES PIRES (OU SÃO MANUEL);;-11,893900;-55,656100;63,78;318,01;0;montante;;;;;;sqlite:sis_cloud_seed.db:ana_estacoes;sqlite:sis_cloud_seed.db:ana_telemetria;
27906;Fazenda São Marcos A;Ipiranga do Norte;0;3;17277300;UHE SINOP MONTANTE 1;RIO TELES PIRES (OU SÃO MANUEL);;-12,288100;-55,600800;77,38;276,64;0;jusante;;;;;;sqlite:sis_cloud_seed.db:ana_estacoes;sqlite:sis_cloud_seed.db:ana_telemetria;
5608;Fazenda São Miguel;Ipiranga do Norte;0;1;17275100;UHE SINOP RIO VERDE;RIO VERDE;;-12,173100;-55,899400;42,62;282,99;0;jusante;;;;;;sqlite:sis_cloud_seed.db:ana_estacoes;sqlite:sis_cloud_seed.db:ana_telemetria;
5608;Fazenda São Miguel;Ipiranga do Norte;0;2;17273100;UHE COLÍDER PONTE MT-222;RIO TELES PIRES (OU SÃO MANUEL);;-11,893900;-55,656100;70,43;318,01;0;montante;;;;;;sqlite:sis_cloud_seed.db:ana_estacoes;sqlite:sis_cloud_seed.db:ana_telemetria;
5608;Fazenda São Miguel;Ipiranga do Norte;0;3;17277300;UHE SINOP MONTANTE 1;RIO TELES PIRES (OU SÃO MANUEL);;-12,288100;-55,600800;77,38;276,64;0;jusante;;;;;;sqlite:sis_cloud_seed.db:ana_estacoes;sqlite:sis_cloud_seed.db:ana_telemetria;
36652;Fazenda São Miguel ? Barramento 02;Ipiranga do Norte;0;1;17275100;UHE SINOP RIO VERDE;RIO VERDE;;-12,173100;-55,899400;42,83;282,99;0;jusante;;;;;;sqlite:sis_cloud_seed.db:ana_estacoes;sqlite:sis_cloud_seed.db:ana_telemetria;
36652;Fazenda São Miguel ? Barramento 02;Ipiranga do Norte;0;2;17273100;UHE COLÍDER PONTE MT-222;RIO TELES PIRES (OU SÃO MANUEL);;-11,893900;-55,656100;70,22;318,01;0;montante;;;;;;sqlite:sis_cloud_seed.db:ana_estacoes;sqlite:sis_cloud_seed.db:ana_telemetria;
36652;Fazenda São Miguel ? Barramento 02;Ipiranga do Norte;0;3;17277300;UHE SINOP MONTANTE 1;RIO TELES PIRES (OU SÃO MANUEL);;-12,288100;-55,600800;77,63;276,64;0;jusante;;;;;;sqlite:sis_cloud_seed.db:ana_estacoes;sqlite:sis_cloud_seed.db:ana_telemetria;
35702;Fazenda Tupi;Ipiranga do Norte;0;1;17275100;UHE SINOP RIO VERDE;RIO VERDE;;-12,173100;-55,899400;38,59;282,99;0;jusante;;;;;;sqlite:sis_cloud_seed.db:ana_estacoes;sqlite:sis_cloud_seed.db:ana_telemetria;
35702;Fazenda Tupi;Ipiranga do Norte;0;2;17273100;UHE COLÍDER PONTE MT-222;RIO TELES PIRES (OU SÃO MANUEL);;-11,893900;-55,656100;66,21;318,01;0;montante;;;;;;sqlite:sis_cloud_seed.db:ana_estacoes;sqlite:sis_cloud_seed.db:ana_telemetria;
35702;Fazenda Tupi;Ipiranga do Norte;0;3;17277300;UHE SINOP MONTANTE 1;RIO TELES PIRES (OU SÃO MANUEL);;-12,288100;-55,600800;73,43;276,64;0;jusante;;;;;;sqlite:sis_cloud_seed.db:ana_estacoes;sqlite:sis_cloud_seed.db:ana_telemetria;
35703;Fazenda Tupi;Ipiranga do Norte;0;1;17275100;UHE SINOP RIO VERDE;RIO VERDE;;-12,173100;-55,899400;40,40;282,99;0;jusante;;;;;;sqlite:sis_cloud_seed.db:ana_estacoes;sqlite:sis_cloud_seed.db:ana_telemetria;
35703;Fazenda Tupi;Ipiranga do Norte;0;2;17273100;UHE COLÍDER PONTE MT-222;RIO TELES PIRES (OU SÃO MANUEL);;-11,893900;-55,656100;68,48;318,01;0;montante;;;;;;sqlite:sis_cloud_seed.db:ana_estacoes;sqlite:sis_cloud_seed.db:ana_telemetria;
35703;Fazenda Tupi;Ipiranga do Norte;0;3;17277300;UHE SINOP MONTANTE 1;RIO TELES PIRES (OU SÃO MANUEL);;-12,288100;-55,600800;75,17;276,64;0;jusante;;;;;;sqlite:sis_cloud_seed.db:ana_estacoes;sqlite:sis_cloud_seed.db:ana_telemetria;
5622;Fazenda Tupi Barão;Ipiranga do Norte;0;1;17275100;UHE SINOP RIO VERDE;RIO VERDE;;-12,173100;-55,899400;38,60;282,99;0;jusante;;;;;;sqlite:sis_cloud_seed.db:ana_estacoes;sqlite:sis_cloud_seed.db:ana_telemetria;
5622;Fazenda Tupi Barão;Ipiranga do Norte;0;2;17273100;UHE COLÍDER PONTE MT-222;RIO TELES PIRES (OU SÃO MANUEL);;-11,893900;-55,656100;66,22;318,01;0;montante;;;;;;sqlite:sis_cloud_seed.db:ana_estacoes;sqlite:sis_cloud_seed.db:ana_telemetria;
5622;Fazenda Tupi Barão;Ipiranga do Norte;0;3;17277300;UHE SINOP MONTANTE 1;RIO TELES PIRES (OU SÃO MANUEL);;-12,288100;-55,600800;73,43;276,64;0;jusante;;;;;;sqlite:sis_cloud_seed.db:ana_estacoes;sqlite:sis_cloud_seed.db:ana_telemetria;
30900;Lagemann;Ipiranga do Norte;0;1;17275100;UHE SINOP RIO VERDE;RIO VERDE;;-12,173100;-55,899400;6,62;282,99;0;jusante;;;;;;sqlite:sis_cloud_seed.db:ana_estacoes;sqlite:sis_cloud_seed.db:ana_telemetria;
30900;Lagemann;Ipiranga do Norte;0;2;17277300;UHE SINOP MONTANTE 1;RIO TELES PIRES (OU SÃO MANUEL);;-12,288100;-55,600800;41,30;276,64;0;jusante;;;;;;sqlite:sis_cloud_seed.db:ana_estacoes;sqlite:sis_cloud_seed.db:ana_telemetria;
30900;Lagemann;Ipiranga do Norte;0;3;17273100;UHE COLÍDER PONTE MT-222;RIO TELES PIRES (OU SÃO MANUEL);;-11,893900;-55,656100;41,72;318,01;0;montante;;;;;;sqlite:sis_cloud_seed.db:ana_estacoes;sqlite:sis_cloud_seed.db:ana_telemetria;
34135;CGH ITAUBÁ - USINA;Itaúba;0;1;17291000;UHE COLÍDER RIO RENATO;RIBEIRÃO RENATO;;-11,062800;-55,278300;4,56;417,34;0;jusante;;;;;;sqlite:sis_cloud_seed.db:ana_estacoes;sqlite:sis_cloud_seed.db:ana_telemetria;
34135;CGH ITAUBÁ - USINA;Itaúba;0;2;17280990;UHE SINOP JUSANTE;RIO TELES PIRES (OU SÃO MANUEL);;-11,265300;-55,451100;33,34;391,04;0;jusante;;;;;;sqlite:sis_cloud_seed.db:ana_estacoes;sqlite:sis_cloud_seed.db:ana_telemetria;
34135;CGH ITAUBÁ - USINA;Itaúba;0;3;17280980;UHE SINOP BARRAMENTO;RIO TELES PIRES (OU SÃO MANUEL);;-11,279700;-55,444200;34,23;389,64;0;jusante;;;;;;sqlite:sis_cloud_seed.db:ana_estacoes;sqlite:sis_cloud_seed.db:ana_telemetria;
20137;Fazenda Arara Azul;Itaúba;0;1;17280990;UHE SINOP JUSANTE;RIO TELES PIRES (OU SÃO MANUEL);;-11,265300;-55,451100;9,78;391,04;0;jusante;;;;;;sqlite:sis_cloud_seed.db:ana_estacoes;sqlite:sis_cloud_seed.db:ana_telemetria;
20137;Fazenda Arara Azul;Itaúba;0;2;17280980;UHE SINOP BARRAMENTO;RIO TELES PIRES (OU SÃO MANUEL);;-11,279700;-55,444200;11,54;389,64;0;jusante;;;;;;sqlite:sis_cloud_seed.db:ana_estacoes;sqlite:sis_cloud_seed.db:ana_telemetria;
20137;Fazenda Arara Azul;Itaúba;0;3;17280970;UHE SINOP RESERVATÓRIO 2;RIO TELES PIRES (OU SÃO MANUEL);;-11,401700;-55,510800;23,51;374,83;0;jusante;;;;;;sqlite:sis_cloud_seed.db:ana_estacoes;sqlite:sis_cloud_seed.db:ana_telemetria;
8106;Assentamento Tio Elias;Itiquira;0;1;66483800;PCH SANTA GABRIELA MONTANTE 2;CÓRREGO ESPINHAL COMPRIDO;;-17,516400;-54,417800;31,64;205,52;0;jusante;;;;;;sqlite:sis_cloud_seed.db:ana_estacoes;sqlite:sis_cloud_seed.db:ana_telemetria;
8106;Assentamento Tio Elias;Itiquira;0;2;66484000;PCH SANTA GABRIELA BARRAMENTO;RIO CORRENTES;;-17,537800;-54,432500;34,42;205,76;0;jusante;;;;;;sqlite:sis_cloud_seed.db:ana_estacoes;sqlite:sis_cloud_seed.db:ana_telemetria;
8106;Assentamento Tio Elias;Itiquira;0;3;66484500;PCH SANTA GABRIELA JUSANTE;RIO CORRENTES;;-17,532800;-54,445000;34,43;204,38;0;jusante;;;;;;sqlite:sis_cloud_seed.db:ana_estacoes;sqlite:sis_cloud_seed.db:ana_telemetria;
35629;BARRAGEM SM3;Itiquira;0;1;66522100;UHE ITIQUIRA RIO SOZINHO;RIBEIRÃO SOZINHO;;-17,298100;-54,760000;10,25;161,97;0;montante;;;;;;sqlite:sis_cloud_seed.db:ana_estacoes;sqlite:sis_cloud_seed.db:ana_telemetria;
35629;BARRAGEM SM3;Itiquira;0;2;66488000;UHE PONTE DE PEDRA RESERVATÓRIO;RIO CORRENTES;;-17,580800;-54,804400;25,11;180,00;0;jusante;;;;;;sqlite:sis_cloud_seed.db:ana_estacoes;sqlite:sis_cloud_seed.db:ana_telemetria;
35629;BARRAGEM SM3;Itiquira;0;3;66521000;UHE ITIQUIRA RIO CACHOEIRA;CÓRREGO CACHOEIRA;;-17,124400;-54,723900;27,93;153,88;0;montante;;;;;;sqlite:sis_cloud_seed.db:ana_estacoes;sqlite:sis_cloud_seed.db:ana_telemetria;
35148;Barragem Fazenda Ana Paula;Itiquira;0;1;66483800;PCH SANTA GABRIELA MONTANTE 2;CÓRREGO ESPINHAL COMPRIDO;;-17,516400;-54,417800;60,51;205,52;0;jusante;;;;;;sqlite:sis_cloud_seed.db:ana_estacoes;sqlite:sis_cloud_seed.db:ana_telemetria;
35148;Barragem Fazenda Ana Paula;Itiquira;0;2;66521000;UHE ITIQUIRA RIO CACHOEIRA;CÓRREGO CACHOEIRA;;-17,124400;-54,723900;62,27;153,88;0;jusante;;;;;;sqlite:sis_cloud_seed.db:ana_estacoes;sqlite:sis_cloud_seed.db:ana_telemetria;
35148;Barragem Fazenda Ana Paula;Itiquira;0;3;66483600;PCH SANTA GABRIELA MONTANTE 1;RIO CORRENTES;;-17,544400;-54,413900;63,07;207,76;0;jusante;;;;;;sqlite:sis_cloud_seed.db:ana_estacoes;sqlite:sis_cloud_seed.db:ana_telemetria;
34836;CGH Michelin - Michelin;Itiquira;0;1;66522100;UHE ITIQUIRA RIO SOZINHO;RIBEIRÃO SOZINHO;;-17,298100;-54,760000;10,18;161,97;0;montante;;;;;;sqlite:sis_cloud_seed.db:ana_estacoes;sqlite:sis_cloud_seed.db:ana_telemetria;
34836;CGH Michelin - Michelin;Itiquira;0;2;66488000;UHE PONTE DE PEDRA RESERVATÓRIO;RIO CORRENTES;;-17,580800;-54,804400;25,20;180,00;0;jusante;;;;;;sqlite:sis_cloud_seed.db:ana_estacoes;sqlite:sis_cloud_seed.db:ana_telemetria;
34836;CGH Michelin - Michelin;Itiquira;0;3;66521000;UHE ITIQUIRA RIO CACHOEIRA;CÓRREGO CACHOEIRA;;-17,124400;-54,723900;27,84;153,88;0;montante;;;;;;sqlite:sis_cloud_seed.db:ana_estacoes;sqlite:sis_cloud_seed.db:ana_telemetria;
23993;CGH SM-01 - CGH SM-01;Itiquira;0;1;66522100;UHE ITIQUIRA RIO SOZINHO;RIBEIRÃO SOZINHO;;-17,298100;-54,760000;17,44;161,97;0;local;;;;;;sqlite:sis_cloud_seed.db:ana_estacoes;sqlite:sis_cloud_seed.db:ana_telemetria;
23993;CGH SM-01 - CGH SM-01;Itiquira;0;2;66522000;UHE ITIQUIRA MONTANTE;RIO ITIQUIRA;;-17,138600;-54,819200;19,64;146,31;0;montante;;;;;;sqlite:sis_cloud_seed.db:ana_estacoes;sqlite:sis_cloud_seed.db:ana_telemetria;
23993;CGH SM-01 - CGH SM-01;Itiquira;0;3;66525100;UHE ITIQUIRA JUSANTE;RIO ITIQUIRA;;-17,095300;-54,936100;21,07;133,40;0;montante;;;;;;sqlite:sis_cloud_seed.db:ana_estacoes;sqlite:sis_cloud_seed.db:ana_telemetria;
23994;CGH SM-06 - CGH SM-06;Itiquira;0;1;66522100;UHE ITIQUIRA RIO SOZINHO;RIBEIRÃO SOZINHO;;-17,298100;-54,760000;18,57;161,97;0;local;;;;;;sqlite:sis_cloud_seed.db:ana_estacoes;sqlite:sis_cloud_seed.db:ana_telemetria;
23994;CGH SM-06 - CGH SM-06;Itiquira;0;2;66522000;UHE ITIQUIRA MONTANTE;RIO ITIQUIRA;;-17,138600;-54,819200;19,31;146,31;0;montante;;;;;;sqlite:sis_cloud_seed.db:ana_estacoes;sqlite:sis_cloud_seed.db:ana_telemetria;
23994;CGH SM-06 - CGH SM-06;Itiquira;0;3;66525100;UHE ITIQUIRA JUSANTE;RIO ITIQUIRA;;-17,095300;-54,936100;19,86;133,40;0;montante;;;;;;sqlite:sis_cloud_seed.db:ana_estacoes;sqlite:sis_cloud_seed.db:ana_telemetria;
6026;COOP. SERINGUEIROS DE OURO BRANCO;Itiquira;0;1;66522100;UHE ITIQUIRA RIO SOZINHO;RIBEIRÃO SOZINHO;;-17,298100;-54,760000;10,20;161,97;0;montante;;;;;;sqlite:sis_cloud_seed.db:ana_estacoes;sqlite:sis_cloud_seed.db:ana_telemetria;
6026;COOP. SERINGUEIROS DE OURO BRANCO;Itiquira;0;2;66488000;UHE PONTE DE PEDRA RESERVATÓRIO;RIO CORRENTES;;-17,580800;-54,804400;25,16;180,00;0;jusante;;;;;;sqlite:sis_cloud_seed.db:ana_estacoes;sqlite:sis_cloud_seed.db:ana_telemetria;
6026;COOP. SERINGUEIROS DE OURO BRANCO;Itiquira;0;3;66521000;UHE ITIQUIRA RIO CACHOEIRA;CÓRREGO CACHOEIRA;;-17,124400;-54,723900;27,87;153,88;0;montante;;;;;;sqlite:sis_cloud_seed.db:ana_estacoes;sqlite:sis_cloud_seed.db:ana_telemetria;
36537;Fazenda Gaúcha;Itiquira;0;1;66488000;UHE PONTE DE PEDRA RESERVATÓRIO;RIO CORRENTES;;-17,580800;-54,804400;13,68;180,00;0;jusante;;;;;;sqlite:sis_cloud_seed.db:ana_estacoes;sqlite:sis_cloud_seed.db:ana_telemetria;
36537;Fazenda Gaúcha;Itiquira;0;2;66489000;UHE PONTE DE PEDRA BARRAMENTO;RIO CORRENTES;;-17,607500;-54,827200;15,29;180,56;0;jusante;;;;;;sqlite:sis_cloud_seed.db:ana_estacoes;sqlite:sis_cloud_seed.db:ana_telemetria;
36537;Fazenda Gaúcha;Itiquira;0;3;66493900;CGH AQUARIUS MONTANTE;RIO CORRENTES;;-17,617500;-54,886700;15,59;177,26;0;jusante;;;;;;sqlite:sis_cloud_seed.db:ana_estacoes;sqlite:sis_cloud_seed.db:ana_telemetria;
8093;Fazenda Santa Maria;Itiquira;0;1;66521000;UHE ITIQUIRA RIO CACHOEIRA;CÓRREGO CACHOEIRA;;-17,124400;-54,723900;5,36;153,88;0;montante;;;;;;sqlite:sis_cloud_seed.db:ana_estacoes;sqlite:sis_cloud_seed.db:ana_telemetria;
8093;Fazenda Santa Maria;Itiquira;0;2;66522000;UHE ITIQUIRA MONTANTE;RIO ITIQUIRA;;-17,138600;-54,819200;9,25;146,31;0;montante;;;;;;sqlite:sis_cloud_seed.db:ana_estacoes;sqlite:sis_cloud_seed.db:ana_telemetria;
8093;Fazenda Santa Maria;Itiquira;0;3;66523000;UHE ITIQUIRA BARRAMENTO;RIO ITIQUIRA;;-17,090800;-54,831100;13,22;142,28;0;montante;;;;;;sqlite:sis_cloud_seed.db:ana_estacoes;sqlite:sis_cloud_seed.db:ana_telemetria;
36497;Fazenda Santa Maria ? Barramento II;Itiquira;0;1;66521000;UHE ITIQUIRA RIO CACHOEIRA;CÓRREGO CACHOEIRA;;-17,124400;-54,723900;7,84;153,88;0;montante;;;;;;sqlite:sis_cloud_seed.db:ana_estacoes;sqlite:sis_cloud_seed.db:ana_telemetria;
36497;Fazenda Santa Maria ? Barramento II;Itiquira;0;2;66522000;UHE ITIQUIRA MONTANTE;RIO ITIQUIRA;;-17,138600;-54,819200;8,34;146,31;0;montante;;;;;;sqlite:sis_cloud_seed.db:ana_estacoes;sqlite:sis_cloud_seed.db:ana_telemetria;
36497;Fazenda Santa Maria ? Barramento II;Itiquira;0;3;66522100;UHE ITIQUIRA RIO SOZINHO;RIBEIRÃO SOZINHO;;-17,298100;-54,760000;12,41;161,97;0;jusante;;;;;;sqlite:sis_cloud_seed.db:ana_estacoes;sqlite:sis_cloud_seed.db:ana_telemetria;
8102;Fazenda Sucuri;Itiquira;0;1;66483800;PCH SANTA GABRIELA MONTANTE 2;CÓRREGO ESPINHAL COMPRIDO;;-17,516400;-54,417800;11,01;205,52;0;jusante;;;;;;sqlite:sis_cloud_seed.db:ana_estacoes;sqlite:sis_cloud_seed.db:ana_telemetria;
8102;Fazenda Sucuri;Itiquira;0;2;66484500;PCH SANTA GABRIELA JUSANTE;RIO CORRENTES;;-17,532800;-54,445000;11,96;204,38;0;jusante;;;;;;sqlite:sis_cloud_seed.db:ana_estacoes;sqlite:sis_cloud_seed.db:ana_telemetria;
8102;Fazenda Sucuri;Itiquira;0;3;66484000;PCH SANTA GABRIELA BARRAMENTO;RIO CORRENTES;;-17,537800;-54,432500;12,76;205,76;0;jusante;;;;;;sqlite:sis_cloud_seed.db:ana_estacoes;sqlite:sis_cloud_seed.db:ana_telemetria;
20067;Ponte de Pedra;Itiquira;0;1;66523000;UHE ITIQUIRA BARRAMENTO;RIO ITIQUIRA;;-17,090800;-54,831100;7,51;142,28;0;local;;;;;;sqlite:sis_cloud_seed.db:ana_estacoes;sqlite:sis_cloud_seed.db:ana_telemetria;
20067;Ponte de Pedra;Itiquira;0;2;66521000;UHE ITIQUIRA RIO CACHOEIRA;CÓRREGO CACHOEIRA;;-17,124400;-54,723900;7,65;153,88;0;jusante;;;;;;sqlite:sis_cloud_seed.db:ana_estacoes;sqlite:sis_cloud_seed.db:ana_telemetria;
20067;Ponte de Pedra;Itiquira;0;3;66522000;UHE ITIQUIRA MONTANTE;RIO ITIQUIRA;;-17,138600;-54,819200;9,78;146,31;0;jusante;;;;;;sqlite:sis_cloud_seed.db:ana_estacoes;sqlite:sis_cloud_seed.db:ana_telemetria;
20613;UHE Itiquira (Casas de Forças  I e  II)  - Canal de Adução I;Itiquira;0;1;66525100;UHE ITIQUIRA JUSANTE;RIO ITIQUIRA;;-17,095300;-54,936100;4,18;133,40;0;local;;;;;;sqlite:sis_cloud_seed.db:ana_estacoes;sqlite:sis_cloud_seed.db:ana_telemetria;
20613;UHE Itiquira (Casas de Forças  I e  II)  - Canal de Adução I;Itiquira;0;2;66523000;UHE ITIQUIRA BARRAMENTO;RIO ITIQUIRA;;-17,090800;-54,831100;7,26;142,28;0;local;;;;;;sqlite:sis_cloud_seed.db:ana_estacoes;sqlite:sis_cloud_seed.db:ana_telemetria;
20613;UHE Itiquira (Casas de Forças  I e  II)  - Canal de Adução I;Itiquira;0;3;66522000;UHE ITIQUIRA MONTANTE;RIO ITIQUIRA;;-17,138600;-54,819200;10,48;146,31;0;jusante;;;;;;sqlite:sis_cloud_seed.db:ana_estacoes;sqlite:sis_cloud_seed.db:ana_telemetria;
20612;UHE Itiquira (Casas de Forças  I e  II)  - Dique da Câmara de Carga do Circuito I;Itiquira;0;1;66523000;UHE ITIQUIRA BARRAMENTO;RIO ITIQUIRA;;-17,090800;-54,831100;3,73;142,28;0;local;;;;;;sqlite:sis_cloud_seed.db:ana_estacoes;sqlite:sis_cloud_seed.db:ana_telemetria;
20612;UHE Itiquira (Casas de Forças  I e  II)  - Dique da Câmara de Carga do Circuito I;Itiquira;0;2;66522000;UHE ITIQUIRA MONTANTE;RIO ITIQUIRA;;-17,138600;-54,819200;6,77;146,31;0;jusante;;;;;;sqlite:sis_cloud_seed.db:ana_estacoes;sqlite:sis_cloud_seed.db:ana_telemetria;
20612;UHE Itiquira (Casas de Forças  I e  II)  - Dique da Câmara de Carga do Circuito I;Itiquira;0;3;66525100;UHE ITIQUIRA JUSANTE;RIO ITIQUIRA;;-17,095300;-54,936100;7,49;133,40;0;local;;;;;;sqlite:sis_cloud_seed.db:ana_estacoes;sqlite:sis_cloud_seed.db:ana_telemetria;
4723;UHE Itiquira (Casas de Forças  I e  II)  - Itiquira;Itiquira;0;1;66523000;UHE ITIQUIRA BARRAMENTO;RIO ITIQUIRA;;-17,090800;-54,831100;4,81;142,28;0;local;;;;;;sqlite:sis_cloud_seed.db:ana_estacoes;sqlite:sis_cloud_seed.db:ana_telemetria;
4723;UHE Itiquira (Casas de Forças  I e  II)  - Itiquira;Itiquira;0;2;66525100;UHE ITIQUIRA JUSANTE;RIO ITIQUIRA;;-17,095300;-54,936100;6,57;133,40;0;local;;;;;;sqlite:sis_cloud_seed.db:ana_estacoes;sqlite:sis_cloud_seed.db:ana_telemetria;
4723;UHE Itiquira (Casas de Forças  I e  II)  - Itiquira;Itiquira;0;3;66522000;UHE ITIQUIRA MONTANTE;RIO ITIQUIRA;;-17,138600;-54,819200;8,60;146,31;0;jusante;;;;;;sqlite:sis_cloud_seed.db:ana_estacoes;sqlite:sis_cloud_seed.db:ana_telemetria;
4946;UHE Ponte de Pedra - Barragem Principal;Itiquira;0;1;66489000;UHE PONTE DE PEDRA BARRAMENTO;RIO CORRENTES;;-17,607500;-54,827200;0,65;180,56;0;local;;;;;;sqlite:sis_cloud_seed.db:ana_estacoes;sqlite:sis_cloud_seed.db:ana_telemetria;
4946;UHE Ponte de Pedra - Barragem Principal;Itiquira;0;2;66488000;UHE PONTE DE PEDRA RESERVATÓRIO;RIO CORRENTES;;-17,580800;-54,804400;3,65;180,00;0;local;;;;;;sqlite:sis_cloud_seed.db:ana_estacoes;sqlite:sis_cloud_seed.db:ana_telemetria;
4946;UHE Ponte de Pedra - Barragem Principal;Itiquira;0;3;66493900;CGH AQUARIUS MONTANTE;RIO CORRENTES;;-17,617500;-54,886700;6,21;177,26;0;local;;;;;;sqlite:sis_cloud_seed.db:ana_estacoes;sqlite:sis_cloud_seed.db:ana_telemetria;
20480;UHE Ponte de Pedra - Canal de Adução;Itiquira;0;1;66489000;UHE PONTE DE PEDRA BARRAMENTO;RIO CORRENTES;;-17,607500;-54,827200;0,03;180,56;0;local;;;;;;sqlite:sis_cloud_seed.db:ana_estacoes;sqlite:sis_cloud_seed.db:ana_telemetria;
20480;UHE Ponte de Pedra - Canal de Adução;Itiquira;0;2;66488000;UHE PONTE DE PEDRA RESERVATÓRIO;RIO CORRENTES;;-17,580800;-54,804400;3,85;180,00;0;local;;;;;;sqlite:sis_cloud_seed.db:ana_estacoes;sqlite:sis_cloud_seed.db:ana_telemetria;
20480;UHE Ponte de Pedra - Canal de Adução;Itiquira;0;3;66493900;CGH AQUARIUS MONTANTE;RIO CORRENTES;;-17,617500;-54,886700;6,40;177,26;0;local;;;;;;sqlite:sis_cloud_seed.db:ana_estacoes;sqlite:sis_cloud_seed.db:ana_telemetria;
37780;Barragem 01 – Fazenda Ranchão;Ipiranga do Norte;0;1;17275100;UHE SINOP RIO VERDE;RIO VERDE;;-12,173100;-55,899400;45,10;282,99;0;jusante;;;;;;sqlite:sis_cloud_seed.db:ana_estacoes;sqlite:sis_cloud_seed.db:ana_telemetria;
37780;Barragem 01 – Fazenda Ranchão;Ipiranga do Norte;0;2;17273100;UHE COLÍDER PONTE MT-222;RIO TELES PIRES (OU SÃO MANUEL);;-11,893900;-55,656100;46,73;318,01;0;jusante;;;;;;sqlite:sis_cloud_seed.db:ana_estacoes;sqlite:sis_cloud_seed.db:ana_telemetria;
37780;Barragem 01 – Fazenda Ranchão;Ipiranga do Norte;0;3;17280940;UHE SINOP RESERVATÓRIO 1;RIO TELES PIRES (OU SÃO MANUEL);;-11,414700;-55,523300;74,29;373,13;0;montante;;;;;;sqlite:sis_cloud_seed.db:ana_estacoes;sqlite:sis_cloud_seed.db:ana_telemetria;
37779;Barragem 02 – Fazenda Ranchão;Ipiranga do Norte;0;1;17275100;UHE SINOP RIO VERDE;RIO VERDE;;-12,173100;-55,899400;46,07;282,99;0;jusante;;;;;;sqlite:sis_cloud_seed.db:ana_estacoes;sqlite:sis_cloud_seed.db:ana_telemetria;
37779;Barragem 02 – Fazenda Ranchão;Ipiranga do Norte;0;2;17273100;UHE COLÍDER PONTE MT-222;RIO TELES PIRES (OU SÃO MANUEL);;-11,893900;-55,656100;47,96;318,01;0;jusante;;;;;;sqlite:sis_cloud_seed.db:ana_estacoes;sqlite:sis_cloud_seed.db:ana_telemetria;
37779;Barragem 02 – Fazenda Ranchão;Ipiranga do Norte;0;3;17280940;UHE SINOP RESERVATÓRIO 1;RIO TELES PIRES (OU SÃO MANUEL);;-11,414700;-55,523300;74,92;373,13;0;montante;;;;;;sqlite:sis_cloud_seed.db:ana_estacoes;sqlite:sis_cloud_seed.db:ana_telemetria;
31000;Barramento II - Fazenda Cabeceira;Ipiranga do Norte;0;1;17275100;UHE SINOP RIO VERDE;RIO VERDE;;-12,173100;-55,899400;15,49;282,99;0;jusante;;;;;;sqlite:sis_cloud_seed.db:ana_estacoes;sqlite:sis_cloud_seed.db:ana_telemetria;
31000;Barramento II - Fazenda Cabeceira;Ipiranga do Norte;0;2;17273100;UHE COLÍDER PONTE MT-222;RIO TELES PIRES (OU SÃO MANUEL);;-11,893900;-55,656100;48,07;318,01;0;montante;;;;;;sqlite:sis_cloud_seed.db:ana_estacoes;sqlite:sis_cloud_seed.db:ana_telemetria;
31000;Barramento II - Fazenda Cabeceira;Ipiranga do Norte;0;3;17277300;UHE SINOP MONTANTE 1;RIO TELES PIRES (OU SÃO MANUEL);;-12,288100;-55,600800;50,37;276,64;0;jusante;;;;;;sqlite:sis_cloud_seed.db:ana_estacoes;sqlite:sis_cloud_seed.db:ana_telemetria;
24061;CGH Rio Vermelho - Usina Rio Vermelho;Itaúba;0;1;17304000;UHE COLÍDER RESERVATÓRIO;RIO TELES PIRES (OU SÃO MANUEL);;-10,982200;-55,700300;1,97;417,13;0;local;;;;;;sqlite:sis_cloud_seed.db:ana_estacoes;sqlite:sis_cloud_seed.db:ana_telemetria;
24061;CGH Rio Vermelho - Usina Rio Vermelho;Itaúba;0;2;17305000;UHE COLÍDER BARRAMENTO;RIO TELES PIRES (OU SÃO MANUEL);;-10,975000;-55,768300;5,72;416,94;0;local;;;;;;sqlite:sis_cloud_seed.db:ana_estacoes;sqlite:sis_cloud_seed.db:ana_telemetria;
24061;CGH Rio Vermelho - Usina Rio Vermelho;Itaúba;0;3;01055005;UHE COLÍDER METEOROLÓGICA;;;-10,954700;-55,778100;7,55;419,05;0;montante;;;;;;sqlite:sis_cloud_seed.db:ana_estacoes;sqlite:sis_cloud_seed.db:ana_telemetria;
37419;Barragem Fazenda Marajoara;Itiquira;0;1;66483800;PCH SANTA GABRIELA MONTANTE 2;CÓRREGO ESPINHAL COMPRIDO;;-17,516400;-54,417800;44,77;205,52;0;jusante;;;;;;sqlite:sis_cloud_seed.db:ana_estacoes;sqlite:sis_cloud_seed.db:ana_telemetria;
37419;Barragem Fazenda Marajoara;Itiquira;0;2;66483600;PCH SANTA GABRIELA MONTANTE 1;RIO CORRENTES;;-17,544400;-54,413900;46,71;207,76;0;jusante;;;;;;sqlite:sis_cloud_seed.db:ana_estacoes;sqlite:sis_cloud_seed.db:ana_telemetria;
37419;Barragem Fazenda Marajoara;Itiquira;0;3;66484000;PCH SANTA GABRIELA BARRAMENTO;RIO CORRENTES;;-17,537800;-54,432500;47,55;205,76;0;jusante;;;;;;sqlite:sis_cloud_seed.db:ana_estacoes;sqlite:sis_cloud_seed.db:ana_telemetria;
35226;Barragem Fazenda Santa Fé do Colorado;Itiquira;0;1;66493000;UHE PONTE DE PEDRA JUSANTE;RIO CORRENTES;;-17,610000;-54,938900;12,80;173,11;0;jusante;;;;;;sqlite:sis_cloud_seed.db:ana_estacoes;sqlite:sis_cloud_seed.db:ana_telemetria;
35226;Barragem Fazenda Santa Fé do Colorado;Itiquira;0;2;66493900;CGH AQUARIUS MONTANTE;RIO CORRENTES;;-17,617500;-54,886700;14,26;177,26;0;jusante;;;;;;sqlite:sis_cloud_seed.db:ana_estacoes;sqlite:sis_cloud_seed.db:ana_telemetria;
35226;Barragem Fazenda Santa Fé do Colorado;Itiquira;0;3;66494000;CGH AQUÁRIUS BARRAMENTO;RIO CORRENTES;;-17,618300;-54,888300;14,29;177,22;0;jusante;;;;;;sqlite:sis_cloud_seed.db:ana_estacoes;sqlite:sis_cloud_seed.db:ana_telemetria;
35176;Barragem Rotacionado 15 ? Fazenda Gravataí;Itiquira;0;1;66525100;UHE ITIQUIRA JUSANTE;RIO ITIQUIRA;;-17,095300;-54,936100;6,62;133,40;0;montante;;;;;;sqlite:sis_cloud_seed.db:ana_estacoes;sqlite:sis_cloud_seed.db:ana_telemetria;
35176;Barragem Rotacionado 15 ? Fazenda Gravataí;Itiquira;0;2;66522000;UHE ITIQUIRA MONTANTE;RIO ITIQUIRA;;-17,138600;-54,819200;7,91;146,31;0;local;;;;;;sqlite:sis_cloud_seed.db:ana_estacoes;sqlite:sis_cloud_seed.db:ana_telemetria;
35176;Barragem Rotacionado 15 ? Fazenda Gravataí;Itiquira;0;3;66523000;UHE ITIQUIRA BARRAMENTO;RIO ITIQUIRA;;-17,090800;-54,831100;8,52;142,28;0;montante;;;;;;sqlite:sis_cloud_seed.db:ana_estacoes;sqlite:sis_cloud_seed.db:ana_telemetria;
31779;Barramento II - Fazenda Gravataí;Itiquira;0;1;66522000;UHE ITIQUIRA MONTANTE;RIO ITIQUIRA;;-17,138600;-54,819200;9,50;146,31;0;montante;;;;;;sqlite:sis_cloud_seed.db:ana_estacoes;sqlite:sis_cloud_seed.db:ana_telemetria;
31779;Barramento II - Fazenda Gravataí;Itiquira;0;2;66525100;UHE ITIQUIRA JUSANTE;RIO ITIQUIRA;;-17,095300;-54,936100;9,99;133,40;0;montante;;;;;;sqlite:sis_cloud_seed.db:ana_estacoes;sqlite:sis_cloud_seed.db:ana_telemetria;
31779;Barramento II - Fazenda Gravataí;Itiquira;0;3;66523000;UHE ITIQUIRA BARRAMENTO;RIO ITIQUIRA;;-17,090800;-54,831100;12,04;142,28;0;montante;;;;;;sqlite:sis_cloud_seed.db:ana_estacoes;sqlite:sis_cloud_seed.db:ana_telemetria;
31590;FLG Agro e Investimento LTDA;Itiquira;0;1;66493000;UHE PONTE DE PEDRA JUSANTE;RIO CORRENTES;;-17,610000;-54,938900;4,79;173,11;0;jusante;;;;;;sqlite:sis_cloud_seed.db:ana_estacoes;sqlite:sis_cloud_seed.db:ana_telemetria;
31590;FLG Agro e Investimento LTDA;Itiquira;0;2;66494000;CGH AQUÁRIUS BARRAMENTO;RIO CORRENTES;;-17,618300;-54,888300;6,14;177,22;0;jusante;;;;;;sqlite:sis_cloud_seed.db:ana_estacoes;sqlite:sis_cloud_seed.db:ana_telemetria;
31590;FLG Agro e Investimento LTDA;Itiquira;0;3;66493900;CGH AQUARIUS MONTANTE;RIO CORRENTES;;-17,617500;-54,886700;6,16;177,26;0;jusante;;;;;;sqlite:sis_cloud_seed.db:ana_estacoes;sqlite:sis_cloud_seed.db:ana_telemetria;
31747;Fazenda Gravataí;Itiquira;0;1;66523000;UHE ITIQUIRA BARRAMENTO;RIO ITIQUIRA;;-17,090800;-54,831100;6,14;142,28;0;local;;;;;;sqlite:sis_cloud_seed.db:ana_estacoes;sqlite:sis_cloud_seed.db:ana_telemetria;
31747;Fazenda Gravataí;Itiquira;0;2;66525100;UHE ITIQUIRA JUSANTE;RIO ITIQUIRA;;-17,095300;-54,936100;6,35;133,40;0;local;;;;;;sqlite:sis_cloud_seed.db:ana_estacoes;sqlite:sis_cloud_seed.db:ana_telemetria;
31747;Fazenda Gravataí;Itiquira;0;3;66522000;UHE ITIQUIRA MONTANTE;RIO ITIQUIRA;;-17,138600;-54,819200;6,99;146,31;0;local;;;;;;sqlite:sis_cloud_seed.db:ana_estacoes;sqlite:sis_cloud_seed.db:ana_telemetria;
23960;CGH Cambará - Cambará;Jaciara;0;1;66385400;CGH CAMBARÁ MONTANTE;RIO TENENTE AMARAL;;-15,968900;-55,091700;0,31;84,91;0;local;;;;;;sqlite:sis_cloud_seed.db:ana_estacoes;sqlite:sis_cloud_seed.db:ana_telemetria;
23960;CGH Cambará - Cambará;Jaciara;0;2;66385000;CGH SUCUPIRA RESERVATÓRIO;CÓRREGO SAIA BRANCA;;-15,992500;-55,088100;2,47;84,99;0;local;;;;;;sqlite:sis_cloud_seed.db:ana_estacoes;sqlite:sis_cloud_seed.db:ana_telemetria;
23960;CGH Cambará - Cambará;Jaciara;0;3;66386000;CGH EMBAÚBA JUSANTE;RIO TENENTE AMARAL;;-15,987200;-55,071100;2,70;86,86;0;local;;;;;;sqlite:sis_cloud_seed.db:ana_estacoes;sqlite:sis_cloud_seed.db:ana_telemetria;
23961;CGH Embaúba - Embaúba;Jaciara;0;1;66385400;CGH CAMBARÁ MONTANTE;RIO TENENTE AMARAL;;-15,968900;-55,091700;1,37;84,91;0;local;;;;;;sqlite:sis_cloud_seed.db:ana_estacoes;sqlite:sis_cloud_seed.db:ana_telemetria;
23961;CGH Embaúba - Embaúba;Jaciara;0;2;66386000;CGH EMBAÚBA JUSANTE;RIO TENENTE AMARAL;;-15,987200;-55,071100;1,63;86,86;0;local;;;;;;sqlite:sis_cloud_seed.db:ana_estacoes;sqlite:sis_cloud_seed.db:ana_telemetria;
23961;CGH Embaúba - Embaúba;Jaciara;0;3;66385000;CGH SUCUPIRA RESERVATÓRIO;CÓRREGO SAIA BRANCA;;-15,992500;-55,088100;1,81;84,99;0;local;;;;;;sqlite:sis_cloud_seed.db:ana_estacoes;sqlite:sis_cloud_seed.db:ana_telemetria;
23962;CGH Sucupira - Sucupira;Jaciara;0;1;66385000;CGH SUCUPIRA RESERVATÓRIO;CÓRREGO SAIA BRANCA;;-15,992500;-55,088100;0,10;84,99;0;local;;;;;;sqlite:sis_cloud_seed.db:ana_estacoes;sqlite:sis_cloud_seed.db:ana_telemetria;
23962;CGH Sucupira - Sucupira;Jaciara;0;2;66384000;PCH PEQUI JUSANTE;CÓRREGO SAIA BRANCA;;-15,996400;-55,096100;1,06;84,10;0;local;;;;;;sqlite:sis_cloud_seed.db:ana_estacoes;sqlite:sis_cloud_seed.db:ana_telemetria;
23962;CGH Sucupira - Sucupira;Jaciara;0;3;66386000;CGH EMBAÚBA JUSANTE;RIO TENENTE AMARAL;;-15,987200;-55,071100;1,81;86,86;0;local;;;;;;sqlite:sis_cloud_seed.db:ana_estacoes;sqlite:sis_cloud_seed.db:ana_telemetria;
34159;CGH Água Clara - Agua Clara;Jaciara;0;1;66400040;CGH ÁGUA CLARA MONTANTE;RIO DA PRATA;;-16,091700;-55,092500;0,24;84,03;0;local;;;;;;sqlite:sis_cloud_seed.db:ana_estacoes;sqlite:sis_cloud_seed.db:ana_telemetria;
34159;CGH Água Clara - Agua Clara;Jaciara;0;2;66400050;PCH ÁGUA PRATA JUSANTE;RIO DA PRATA;;-16,096400;-55,042500;5,18;89,38;0;local;;;;;;sqlite:sis_cloud_seed.db:ana_estacoes;sqlite:sis_cloud_seed.db:ana_telemetria;
34159;CGH Água Clara - Agua Clara;Jaciara;0;3;66384000;PCH PEQUI JUSANTE;CÓRREGO SAIA BRANCA;;-15,996400;-55,096100;10,49;84,10;0;montante;;;;;;sqlite:sis_cloud_seed.db:ana_estacoes;sqlite:sis_cloud_seed.db:ana_telemetria;
8063;Fazenda São Pedro do jatobá II;Jaciara;0;1;66375690;DOM AQUINO;RIO SÃO LOURENÇO;;-15,832200;-54,957800;24,30;101,93;0;jusante;;;;;;sqlite:sis_cloud_seed.db:ana_estacoes;sqlite:sis_cloud_seed.db:ana_telemetria;
8063;Fazenda São Pedro do jatobá II;Jaciara;0;2;66385400;CGH CAMBARÁ MONTANTE;RIO TENENTE AMARAL;;-15,968900;-55,091700;25,90;84,91;0;jusante;;;;;;sqlite:sis_cloud_seed.db:ana_estacoes;sqlite:sis_cloud_seed.db:ana_telemetria;
8063;Fazenda São Pedro do jatobá II;Jaciara;0;3;66385000;CGH SUCUPIRA RESERVATÓRIO;CÓRREGO SAIA BRANCA;;-15,992500;-55,088100;28,52;84,99;0;jusante;;;;;;sqlite:sis_cloud_seed.db:ana_estacoes;sqlite:sis_cloud_seed.db:ana_telemetria;
4967;PCH Pequi - Pequi;Jaciara;0;1;66384000;PCH PEQUI JUSANTE;CÓRREGO SAIA BRANCA;;-15,996400;-55,096100;0,90;84,10;0;local;;;;;;sqlite:sis_cloud_seed.db:ana_estacoes;sqlite:sis_cloud_seed.db:ana_telemetria;
4967;PCH Pequi - Pequi;Jaciara;0;2;66385000;CGH SUCUPIRA RESERVATÓRIO;CÓRREGO SAIA BRANCA;;-15,992500;-55,088100;1,74;84,99;0;local;;;;;;sqlite:sis_cloud_seed.db:ana_estacoes;sqlite:sis_cloud_seed.db:ana_telemetria;
4967;PCH Pequi - Pequi;Jaciara;0;3;66386000;CGH EMBAÚBA JUSANTE;RIO TENENTE AMARAL;;-15,987200;-55,071100;3,53;86,86;0;local;;;;;;sqlite:sis_cloud_seed.db:ana_estacoes;sqlite:sis_cloud_seed.db:ana_telemetria;
4798;PCH Água Prata - Prata;Jaciara;0;1;66400040;CGH ÁGUA CLARA MONTANTE;RIO DA PRATA;;-16,091700;-55,092500;2,06;84,03;0;local;;;;;;sqlite:sis_cloud_seed.db:ana_estacoes;sqlite:sis_cloud_seed.db:ana_telemetria;
4798;PCH Água Prata - Prata;Jaciara;0;2;66400050;PCH ÁGUA PRATA JUSANTE;RIO DA PRATA;;-16,096400;-55,042500;3,37;89,38;0;local;;;;;;sqlite:sis_cloud_seed.db:ana_estacoes;sqlite:sis_cloud_seed.db:ana_telemetria;
4798;PCH Água Prata - Prata;Jaciara;0;3;66400060;PCH ÁGUA BRAVA JUSANTE;RIO DA PRATA;;-16,103900;-54,990800;8,95;94,91;0;local;;;;;;sqlite:sis_cloud_seed.db:ana_estacoes;sqlite:sis_cloud_seed.db:ana_telemetria;
34857;Barragem I Jangada Agropastoril;Jangada;1;1;66007000;SÍTIO JAPUIRA;RIO PARAGUAI;;-14,814800;-56,838700;54,75;43,23;0;montante;;;;;;sqlite:sis_cloud_seed.db:ana_estacoes;sqlite:sis_cloud_seed.db:ana_telemetria;
34857;Barragem I Jangada Agropastoril;Jangada;1;2;66244400;NOBRES;RIO CUIABÁ;;-14,756900;-56,306700;60,56;0,25;1;montante;;;;;;sqlite:sis_cloud_seed.db:ana_estacoes;sqlite:sis_cloud_seed.db:ana_telemetria;
34857;Barragem I Jangada Agropastoril;Jangada;1;3;66223701;BALNEÁRIO SOBERBO - RIO COXIPÓ-AÇU;RIO COXIPO-AÇU;;-15,195000;-56,000300;61,80;31,48;0;montante;;;;;;sqlite:sis_cloud_seed.db:ana_estacoes;sqlite:sis_cloud_seed.db:ana_telemetria;
35231;Fazenda Jangada Agropastoril - Barragem a montante;Jangada;1;1;66223701;BALNEÁRIO SOBERBO - RIO COXIPÓ-AÇU;RIO COXIPO-AÇU;;-15,195000;-56,000300;55,75;31,48;0;montante;;;;;;sqlite:sis_cloud_seed.db:ana_estacoes;sqlite:sis_cloud_seed.db:ana_telemetria;
35231;Fazenda Jangada Agropastoril - Barragem a montante;Jangada;1;2;66260001;CUIABÁ;RIO CUIABÁ;;-15,615600;-56,108600;59,20;0,21;1;jusante;;;;;;sqlite:sis_cloud_seed.db:ana_estacoes;sqlite:sis_cloud_seed.db:ana_telemetria;
35231;Fazenda Jangada Agropastoril - Barragem a montante;Jangada;1;3;66244400;NOBRES;RIO CUIABÁ;;-14,756900;-56,306700;59,89;0,25;1;montante;;;;;;sqlite:sis_cloud_seed.db:ana_estacoes;sqlite:sis_cloud_seed.db:ana_telemetria;
35229;Fazenda Jangada Agropastoril II - Barragem Principal;Jangada;1;1;66223701;BALNEÁRIO SOBERBO - RIO COXIPÓ-AÇU;RIO COXIPO-AÇU;;-15,195000;-56,000300;55,54;31,48;0;montante;;;;;;sqlite:sis_cloud_seed.db:ana_estacoes;sqlite:sis_cloud_seed.db:ana_telemetria;
35229;Fazenda Jangada Agropastoril II - Barragem Principal;Jangada;1;2;66260001;CUIABÁ;RIO CUIABÁ;;-15,615600;-56,108600;58,96;0,21;1;jusante;;;;;;sqlite:sis_cloud_seed.db:ana_estacoes;sqlite:sis_cloud_seed.db:ana_telemetria;
35229;Fazenda Jangada Agropastoril II - Barragem Principal;Jangada;1;3;66244400;NOBRES;RIO CUIABÁ;;-14,756900;-56,306700;59,91;0,25;1;montante;;;;;;sqlite:sis_cloud_seed.db:ana_estacoes;sqlite:sis_cloud_seed.db:ana_telemetria;
4715;PCH Antônio Brennand (Antiga  Alto Jauru) - Antônio Brennand;Jauru;0;1;66071360;PCH ANTÔNIO BRENNAND BARRAMENTO;RIO JAURU;;-15,045000;-58,749200;0,13;245,01;0;local;;;;;;sqlite:sis_cloud_seed.db:ana_estacoes;sqlite:sis_cloud_seed.db:ana_telemetria;
4715;PCH Antônio Brennand (Antiga  Alto Jauru) - Antônio Brennand;Jauru;0;2;66071363;PCH ANTÔNIO BRENNAND JUSANTE;RIO JAURU;;-15,052800;-58,750800;1,01;245,15;0;local;;;;;;sqlite:sis_cloud_seed.db:ana_estacoes;sqlite:sis_cloud_seed.db:ana_telemetria;
4715;PCH Antônio Brennand (Antiga  Alto Jauru) - Antônio Brennand;Jauru;0;3;66071355;PCH ANTÔNIO BRENNAND MONTANTE 1;RIO JAURU;;-15,036900;-58,735800;1,61;243,60;0;local;;;;;;sqlite:sis_cloud_seed.db:ana_estacoes;sqlite:sis_cloud_seed.db:ana_telemetria;
4202;PCH Indiavaí - Indiavaí;Jauru;0;1;66071390;PCH INDIAVAÍ BARRAMENTO;RIO JAURU;;-15,262200;-58,722200;0,15;242,38;0;local;;;;;;sqlite:sis_cloud_seed.db:ana_estacoes;sqlite:sis_cloud_seed.db:ana_telemetria;
4202;PCH Indiavaí - Indiavaí;Jauru;0;2;66071385;UHE JAURU BARRAMENTO;RIO JAURU;;-15,237800;-58,729700;2,74;243,03;0;local;;;;;;sqlite:sis_cloud_seed.db:ana_estacoes;sqlite:sis_cloud_seed.db:ana_telemetria;
4202;PCH Indiavaí - Indiavaí;Jauru;0;3;66071397;PCH SALTO JUSANTE;RIO JAURU;;-15,291900;-58,707500;3,74;241,03;0;jusante;;;;;;sqlite:sis_cloud_seed.db:ana_estacoes;sqlite:sis_cloud_seed.db:ana_telemetria;
34484;Fazenda Bacuri, Cachoeira e Castanheira;Juara;0;1;17093010;MT-170;RIO JUINA MIRIM;;-11,356400;-58,353600;42,59;435,64;0;jusante;;;;;;sqlite:sis_cloud_seed.db:ana_estacoes;sqlite:sis_cloud_seed.db:ana_telemetria;
34484;Fazenda Bacuri, Cachoeira e Castanheira;Juara;0;2;17122001;Rio dos Peixes -Juara;RIO DOS PEIXES;;-10,823870;-57,727300;57,26;459,39;0;montante;;;;;;sqlite:sis_cloud_seed.db:ana_estacoes;sqlite:sis_cloud_seed.db:ana_telemetria;
34484;Fazenda Bacuri, Cachoeira e Castanheira;Juara;0;3;17093020;RIO JURUENA - PONTE EM JUÍNA;RIO JURUENA;;-11,530300;-58,379700;61,87;420,77;0;jusante;;;;;2026-09-07 10:00:00;sqlite:sis_cloud_seed.db:ana_estacoes;sqlite:sis_cloud_seed.db:ana_telemetria;
36101;Prefeitura Municipal de Juara;Juara;0;1;17120200;JUARA - RIO ARINOS;RIO ARINOS;;-11,223900;-57,601900;13,90;412,93;0;montante;246,0;;;;2026-09-07 10:00:00;sqlite:sis_cloud_seed.db:ana_estacoes;sqlite:sis_cloud_seed.db:ana_telemetria;contexto_somente
36101;Prefeitura Municipal de Juara;Juara;0;2;17120050;CGH MESTRE FALCÃO JUSANTE;RIBEIRÃO MESTRE FALCÃO;;-11,463300;-57,118300;45,22;371,55;0;jusante;;;;;;sqlite:sis_cloud_seed.db:ana_estacoes;sqlite:sis_cloud_seed.db:ana_telemetria;
36101;Prefeitura Municipal de Juara;Juara;0;3;17122001;Rio dos Peixes -Juara;RIO DOS PEIXES;;-10,823870;-57,727300;56,41;459,39;0;montante;;;;;;sqlite:sis_cloud_seed.db:ana_estacoes;sqlite:sis_cloud_seed.db:ana_telemetria;
5140;UHE Salto Apiacás - Salto Apiacás;Juara;0;1;17393500;UHE SALTO APIACÁS BARRAMENTO;RIO APIACÁS;;-10,339400;-56,982200;0,11;490,89;0;local;;;;;;sqlite:sis_cloud_seed.db:ana_estacoes;sqlite:sis_cloud_seed.db:ana_telemetria;
5140;UHE Salto Apiacás - Salto Apiacás;Juara;0;2;17394000;PCH DA FAZENDA BARRAMENTO;RIO APIACÁS;;-10,330300;-56,982800;0,92;491,90;0;local;;;;;;sqlite:sis_cloud_seed.db:ana_estacoes;sqlite:sis_cloud_seed.db:ana_telemetria;
5140;UHE Salto Apiacás - Salto Apiacás;Juara;0;3;17395000;PCH DA FAZENDA JUSANTE;RIO APIACÁS;;-10,326400;-56,983900;1,36;492,35;0;local;;;;;;sqlite:sis_cloud_seed.db:ana_estacoes;sqlite:sis_cloud_seed.db:ana_telemetria;
36612;Barramento Juruena;Juruena;0;1;17123100;CGH FAZENDA MODELO BARRAMENTO;RIO APIACÁS;;-10,526900;-57,895000;69,23;496,75;0;jusante;;;;;;sqlite:sis_cloud_seed.db:ana_estacoes;sqlite:sis_cloud_seed.db:ana_telemetria;
36612;Barramento Juruena;Juruena;0;2;17123110;CGH FAZENDA MODELO JUSANTE;RIO APIACÁS;;-10,531100;-57,895600;69,30;496,33;0;jusante;;;;;;sqlite:sis_cloud_seed.db:ana_estacoes;sqlite:sis_cloud_seed.db:ana_telemetria;
7961;Fazenda Barra Grande II- Barragem I;Juruena;0;1;17123100;CGH FAZENDA MODELO BARRAMENTO;RIO APIACÁS;;-10,526900;-57,895000;67,17;496,75;0;jusante;;;;;;sqlite:sis_cloud_seed.db:ana_estacoes;sqlite:sis_cloud_seed.db:ana_telemetria;
7961;Fazenda Barra Grande II- Barragem I;Juruena;0;2;17123110;CGH FAZENDA MODELO JUSANTE;RIO APIACÁS;;-10,531100;-57,895600;67,23;496,33;0;jusante;;;;;;sqlite:sis_cloud_seed.db:ana_estacoes;sqlite:sis_cloud_seed.db:ana_telemetria;
7962;Fazenda Barra Grande II- Barragem II;Juruena;0;1;17123100;CGH FAZENDA MODELO BARRAMENTO;RIO APIACÁS;;-10,526900;-57,895000;67,17;496,75;0;jusante;;;;;;sqlite:sis_cloud_seed.db:ana_estacoes;sqlite:sis_cloud_seed.db:ana_telemetria;
7962;Fazenda Barra Grande II- Barragem II;Juruena;0;2;17123110;CGH FAZENDA MODELO JUSANTE;RIO APIACÁS;;-10,531100;-57,895600;67,23;496,33;0;jusante;;;;;;sqlite:sis_cloud_seed.db:ana_estacoes;sqlite:sis_cloud_seed.db:ana_telemetria;
7960;Fazenda Barra Grande II- Barragem III;Juruena;0;1;17123100;CGH FAZENDA MODELO BARRAMENTO;RIO APIACÁS;;-10,526900;-57,895000;68,58;496,75;0;jusante;;;;;;sqlite:sis_cloud_seed.db:ana_estacoes;sqlite:sis_cloud_seed.db:ana_telemetria;
7960;Fazenda Barra Grande II- Barragem III;Juruena;0;2;17123110;CGH FAZENDA MODELO JUSANTE;RIO APIACÁS;;-10,531100;-57,895600;68,61;496,33;0;jusante;;;;;;sqlite:sis_cloud_seed.db:ana_estacoes;sqlite:sis_cloud_seed.db:ana_telemetria;
32386;Barragem 1 - Fazenda Mirandopolis;Juscimeira;0;1;66455900;PCH MUTUM I MONTANTE;RIBEIRÃO MUTUM;;-16,423900;-55,298600;12,25;68,97;0;jusante;;;;;;sqlite:sis_cloud_seed.db:ana_estacoes;sqlite:sis_cloud_seed.db:ana_telemetria;
32386;Barragem 1 - Fazenda Mirandopolis;Juscimeira;0;2;66400355;PCH SETE QUEDAS ALTAS BARRAMENTO;CÓRREGO IBO;;-16,304700;-55,059700;16,56;90,58;0;montante;;;;;;sqlite:sis_cloud_seed.db:ana_estacoes;sqlite:sis_cloud_seed.db:ana_telemetria;
32386;Barragem 1 - Fazenda Mirandopolis;Juscimeira;0;3;66400325;PCH SETE QUEDAS ALTAS MONTANTE;CÓRREGO DOIS CÓRREGO;;-16,299400;-55,062200;16,65;90,19;0;montante;;;;;;sqlite:sis_cloud_seed.db:ana_estacoes;sqlite:sis_cloud_seed.db:ana_telemetria;
22738;PCH Beleza - PCH BELEZA;Juscimeira;0;1;66222400;PCH BELEZA BARRAMENTO;RIBEIRÃO BELEZA;;-16,183600;-55,014400;0,10;92,94;0;local;;;;;;sqlite:sis_cloud_seed.db:ana_estacoes;sqlite:sis_cloud_seed.db:ana_telemetria;
22738;PCH Beleza - PCH BELEZA;Juscimeira;0;2;66222100;PCH BELEZA MONTANTE;RIBEIRÃO BELEZA;;-16,195600;-55,036100;2,61;90,80;0;local;;;;;;sqlite:sis_cloud_seed.db:ana_estacoes;sqlite:sis_cloud_seed.db:ana_telemetria;
22738;PCH Beleza - PCH BELEZA;Juscimeira;0;3;66400380;PCH SÃO LOURENÇO BARRAMENTO;RIO SÃO LOURENÇO;;-16,216900;-54,943300;8,55;100,94;0;jusante;;;;;;sqlite:sis_cloud_seed.db:ana_estacoes;sqlite:sis_cloud_seed.db:ana_telemetria;
4207;PCH Sete Quedas Alta - Sete Quedas Alta;Juscimeira;0;1;66400355;PCH SETE QUEDAS ALTAS BARRAMENTO;CÓRREGO IBO;;-16,304700;-55,059700;0,09;90,58;0;local;;;;;;sqlite:sis_cloud_seed.db:ana_estacoes;sqlite:sis_cloud_seed.db:ana_telemetria;
4207;PCH Sete Quedas Alta - Sete Quedas Alta;Juscimeira;0;2;66400325;PCH SETE QUEDAS ALTAS MONTANTE;CÓRREGO DOIS CÓRREGO;;-16,299400;-55,062200;0,69;90,19;0;local;;;;;;sqlite:sis_cloud_seed.db:ana_estacoes;sqlite:sis_cloud_seed.db:ana_telemetria;
4207;PCH Sete Quedas Alta - Sete Quedas Alta;Juscimeira;0;3;66400357;PCH SETE QUEDAS ALTAS JUSANTE;CÓRREGO IBO;;-16,288900;-55,010600;5,61;95,34;0;local;;;;;;sqlite:sis_cloud_seed.db:ana_estacoes;sqlite:sis_cloud_seed.db:ana_telemetria;
4519;PCH São Lourenço (Antiga Zé Fernando) - São Lourenço;Juscimeira;0;1;66400380;PCH SÃO LOURENÇO BARRAMENTO;RIO SÃO LOURENÇO;;-16,216900;-54,943300;0,14;100,94;0;local;;;;;;sqlite:sis_cloud_seed.db:ana_estacoes;sqlite:sis_cloud_seed.db:ana_telemetria;
4519;PCH São Lourenço (Antiga Zé Fernando) - São Lourenço;Juscimeira;0;2;66400390;PCH SÃO LOURENÇO JUSANTE;RIO SÃO LOURENÇO;;-16,218900;-54,943100;0,21;100,99;0;local;;;;;;sqlite:sis_cloud_seed.db:ana_estacoes;sqlite:sis_cloud_seed.db:ana_telemetria;
4519;PCH São Lourenço (Antiga Zé Fernando) - São Lourenço;Juscimeira;0;3;66222400;PCH BELEZA BARRAMENTO;RIBEIRÃO BELEZA;;-16,183600;-55,014400;8,37;92,94;0;montante;;;;;;sqlite:sis_cloud_seed.db:ana_estacoes;sqlite:sis_cloud_seed.db:ana_telemetria;
5065;PCH Água Brava - Brava;Juscimeira;0;1;66400050;PCH ÁGUA PRATA JUSANTE;RIO DA PRATA;;-16,096400;-55,042500;0,12;89,38;0;local;;;;;;sqlite:sis_cloud_seed.db:ana_estacoes;sqlite:sis_cloud_seed.db:ana_telemetria;
5065;PCH Água Brava - Brava;Juscimeira;0;2;66400040;CGH ÁGUA CLARA MONTANTE;RIO DA PRATA;;-16,091700;-55,092500;5,29;84,03;0;local;;;;;;sqlite:sis_cloud_seed.db:ana_estacoes;sqlite:sis_cloud_seed.db:ana_telemetria;
5065;PCH Água Brava - Brava;Juscimeira;0;3;66400060;PCH ÁGUA BRAVA JUSANTE;RIO DA PRATA;;-16,103900;-54,990800;5,66;94,91;0;local;;;;;;sqlite:sis_cloud_seed.db:ana_estacoes;sqlite:sis_cloud_seed.db:ana_telemetria;
31998;Barramento Aeroporto Municipal de Juína;Juína;0;1;17093020;RIO JURUENA - PONTE EM JUÍNA;RIO JURUENA;;-11,530300;-58,379700;37,89;420,77;0;jusante;;;;;2026-09-07 10:00:00;sqlite:sis_cloud_seed.db:ana_estacoes;sqlite:sis_cloud_seed.db:ana_telemetria;
31998;Barramento Aeroporto Municipal de Juína;Juína;0;2;17093010;MT-170;RIO JUINA MIRIM;;-11,356400;-58,353600;39,46;435,64;0;montante;;;;;;sqlite:sis_cloud_seed.db:ana_estacoes;sqlite:sis_cloud_seed.db:ana_telemetria;
31998;Barramento Aeroporto Municipal de Juína;Juína;0;3;15720000;PCH JUINA MONTANTE 1;RIO CINTA LARGA;;-11,413100;-59,170300;50,25;482,19;0;local;;;;;;sqlite:sis_cloud_seed.db:ana_estacoes;sqlite:sis_cloud_seed.db:ana_telemetria;
33943;Barramento Juína - Montante;Juína;0;1;17093020;RIO JURUENA - PONTE EM JUÍNA;RIO JURUENA;;-11,530300;-58,379700;43,53;420,77;0;jusante;;;;;2026-09-07 10:00:00;sqlite:sis_cloud_seed.db:ana_estacoes;sqlite:sis_cloud_seed.db:ana_telemetria;
33943;Barramento Juína - Montante;Juína;0;2;15720000;PCH JUINA MONTANTE 1;RIO CINTA LARGA;;-11,413100;-59,170300;44,38;482,19;0;local;;;;;;sqlite:sis_cloud_seed.db:ana_estacoes;sqlite:sis_cloud_seed.db:ana_telemetria;
33943;Barramento Juína - Montante;Juína;0;3;17093010;MT-170;RIO JUINA MIRIM;;-11,356400;-58,353600;45,22;435,64;0;montante;;;;;;sqlite:sis_cloud_seed.db:ana_estacoes;sqlite:sis_cloud_seed.db:ana_telemetria;
33942;Barramento Juína - Principal;Juína;0;1;15720000;PCH JUINA MONTANTE 1;RIO CINTA LARGA;;-11,413100;-59,170300;42,63;482,19;0;local;;;;;;sqlite:sis_cloud_seed.db:ana_estacoes;sqlite:sis_cloud_seed.db:ana_telemetria;
33942;Barramento Juína - Principal;Juína;0;2;17093020;RIO JURUENA - PONTE EM JUÍNA;RIO JURUENA;;-11,530300;-58,379700;45,36;420,77;0;jusante;;;;;2026-09-07 10:00:00;sqlite:sis_cloud_seed.db:ana_estacoes;sqlite:sis_cloud_seed.db:ana_telemetria;
33942;Barramento Juína - Principal;Juína;0;3;17093010;MT-170;RIO JUINA MIRIM;;-11,356400;-58,353600;46,87;435,64;0;montante;;;;;;sqlite:sis_cloud_seed.db:ana_estacoes;sqlite:sis_cloud_seed.db:ana_telemetria;
33944;Barramento Juína – Montante 2;Juína;0;1;15720000;PCH JUINA MONTANTE 1;RIO CINTA LARGA;;-11,413100;-59,170300;42,50;482,19;0;local;;;;;;sqlite:sis_cloud_seed.db:ana_estacoes;sqlite:sis_cloud_seed.db:ana_telemetria;
33944;Barramento Juína – Montante 2;Juína;0;2;17093020;RIO JURUENA - PONTE EM JUÍNA;RIO JURUENA;;-11,530300;-58,379700;45,25;420,77;0;jusante;;;;;2026-09-07 10:00:00;sqlite:sis_cloud_seed.db:ana_estacoes;sqlite:sis_cloud_seed.db:ana_telemetria;
33944;Barramento Juína – Montante 2;Juína;0;3;17093010;MT-170;RIO JUINA MIRIM;;-11,356400;-58,353600;47,14;435,64;0;montante;;;;;;sqlite:sis_cloud_seed.db:ana_estacoes;sqlite:sis_cloud_seed.db:ana_telemetria;
32067;Barramento Lagoa da Garça;Juína;0;1;17093020;RIO JURUENA - PONTE EM JUÍNA;RIO JURUENA;;-11,530300;-58,379700;43,86;420,77;0;jusante;;;;;2026-09-07 10:00:00;sqlite:sis_cloud_seed.db:ana_estacoes;sqlite:sis_cloud_seed.db:ana_telemetria;
32067;Barramento Lagoa da Garça;Juína;0;2;15720000;PCH JUINA MONTANTE 1;RIO CINTA LARGA;;-11,413100;-59,170300;44,05;482,19;0;local;;;;;;sqlite:sis_cloud_seed.db:ana_estacoes;sqlite:sis_cloud_seed.db:ana_telemetria;
32067;Barramento Lagoa da Garça;Juína;0;3;17093010;MT-170;RIO JUINA MIRIM;;-11,356400;-58,353600;45,53;435,64;0;montante;;;;;;sqlite:sis_cloud_seed.db:ana_estacoes;sqlite:sis_cloud_seed.db:ana_telemetria;
336;CHACARA NOSSA SENHORA DE FATIMA;Juína;0;1;17093010;MT-170;RIO JUINA MIRIM;;-11,356400;-58,353600;43,57;435,64;0;local;;;;;;sqlite:sis_cloud_seed.db:ana_estacoes;sqlite:sis_cloud_seed.db:ana_telemetria;
336;CHACARA NOSSA SENHORA DE FATIMA;Juína;0;2;17093020;RIO JURUENA - PONTE EM JUÍNA;RIO JURUENA;;-11,530300;-58,379700;44,17;420,77;0;jusante;;;;;2026-09-07 10:00:00;sqlite:sis_cloud_seed.db:ana_estacoes;sqlite:sis_cloud_seed.db:ana_telemetria;
336;CHACARA NOSSA SENHORA DE FATIMA;Juína;0;3;15720000;PCH JUINA MONTANTE 1;RIO CINTA LARGA;;-11,413100;-59,170300;45,71;482,19;0;jusante;;;;;;sqlite:sis_cloud_seed.db:ana_estacoes;sqlite:sis_cloud_seed.db:ana_telemetria;
7959;Chácara Patrícia;Juína;0;1;17093010;MT-170;RIO JUINA MIRIM;;-11,356400;-58,353600;39,92;435,64;0;local;;;;;;sqlite:sis_cloud_seed.db:ana_estacoes;sqlite:sis_cloud_seed.db:ana_telemetria;
7959;Chácara Patrícia;Juína;0;2;17093020;RIO JURUENA - PONTE EM JUÍNA;RIO JURUENA;;-11,530300;-58,379700;40,47;420,77;0;jusante;;;;;2026-09-07 10:00:00;sqlite:sis_cloud_seed.db:ana_estacoes;sqlite:sis_cloud_seed.db:ana_telemetria;
7959;Chácara Patrícia;Juína;0;3;15720000;PCH JUINA MONTANTE 1;RIO CINTA LARGA;;-11,413100;-59,170300;49,32;482,19;0;jusante;;;;;;sqlite:sis_cloud_seed.db:ana_estacoes;sqlite:sis_cloud_seed.db:ana_telemetria;
4682;PCH Juína - Barragem da PCH Juína;Juína;0;1;15730000;PCH JUINA BARRAMENTO;RIO ARIPUANÃ;;-11,311400;-59,222500;0,09;494,60;0;local;;;;;;sqlite:sis_cloud_seed.db:ana_estacoes;sqlite:sis_cloud_seed.db:ana_telemetria;
4682;PCH Juína - Barragem da PCH Juína;Juína;0;2;15740000;PCH JUINA JUSANTE;RIO ARIPUANÃ;;-11,309700;-59,223600;0,16;494,82;0;local;;;;;;sqlite:sis_cloud_seed.db:ana_estacoes;sqlite:sis_cloud_seed.db:ana_telemetria;
4682;PCH Juína - Barragem da PCH Juína;Juína;0;3;15720000;PCH JUINA MONTANTE 1;RIO CINTA LARGA;;-11,413100;-59,170300;12,73;482,19;0;jusante;;;;;;sqlite:sis_cloud_seed.db:ana_estacoes;sqlite:sis_cloud_seed.db:ana_telemetria;
24089;CGH Mestre - Mestre;Jaciara;0;1;66201350;CGH MESTRE BARRAMENTO;CÓRREGO MESTRE;;-15,977200;-55,358600;0,13;56,56;0;local;;;;;;sqlite:sis_cloud_seed.db:ana_estacoes;sqlite:sis_cloud_seed.db:ana_telemetria;
24089;CGH Mestre - Mestre;Jaciara;0;2;66201400;CGH SANTA CECÍLIA BARRAMENTO;CÓRREGO MESTRE;;-15,982800;-55,376100;1,86;54,61;0;local;;;;;;sqlite:sis_cloud_seed.db:ana_estacoes;sqlite:sis_cloud_seed.db:ana_telemetria;
24089;CGH Mestre - Mestre;Jaciara;0;3;66201300;CGH MESTRE MONTANTE;CÓRREGO MESTRE;;-15,965000;-55,346900;1,98;58,04;0;local;;;;;;sqlite:sis_cloud_seed.db:ana_estacoes;sqlite:sis_cloud_seed.db:ana_telemetria;
24088;CGH Santa Cecília - Santa Cecília;Jaciara;0;1;66201400;CGH SANTA CECÍLIA BARRAMENTO;CÓRREGO MESTRE;;-15,982800;-55,376100;0,09;54,61;0;local;;;;;;sqlite:sis_cloud_seed.db:ana_estacoes;sqlite:sis_cloud_seed.db:ana_telemetria;
24088;CGH Santa Cecília - Santa Cecília;Jaciara;0;2;66201350;CGH MESTRE BARRAMENTO;CÓRREGO MESTRE;;-15,977200;-55,358600;1,90;56,56;0;local;;;;;;sqlite:sis_cloud_seed.db:ana_estacoes;sqlite:sis_cloud_seed.db:ana_telemetria;
24088;CGH Santa Cecília - Santa Cecília;Jaciara;0;3;66201500;CGH SANTA CECÍLIA JUSANTE;CÓRREGO MESTRE;;-15,996700;-55,398600;2,94;51,99;0;local;;;;;;sqlite:sis_cloud_seed.db:ana_estacoes;sqlite:sis_cloud_seed.db:ana_telemetria;
34737;Barragem PM1;Juruena;0;1;17123100;CGH FAZENDA MODELO BARRAMENTO;RIO APIACÁS;;-10,526900;-57,895000;62,02;496,75;0;jusante;;;;;;sqlite:sis_cloud_seed.db:ana_estacoes;sqlite:sis_cloud_seed.db:ana_telemetria;
34737;Barragem PM1;Juruena;0;2;17123110;CGH FAZENDA MODELO JUSANTE;RIO APIACÁS;;-10,531100;-57,895600;62,05;496,33;0;jusante;;;;;;sqlite:sis_cloud_seed.db:ana_estacoes;sqlite:sis_cloud_seed.db:ana_telemetria;
26142;Barragem  LVR;Juína;0;1;15720000;PCH JUINA MONTANTE 1;RIO CINTA LARGA;;-11,413100;-59,170300;25,87;482,19;0;montante;;;;;;sqlite:sis_cloud_seed.db:ana_estacoes;sqlite:sis_cloud_seed.db:ana_telemetria;
26142;Barragem  LVR;Juína;0;2;15710000;PCH JUINA MONTANTE 2;RIO VINTE E UM;;-11,577800;-59,205800;31,78;470,40;0;jusante;;;;;;sqlite:sis_cloud_seed.db:ana_estacoes;sqlite:sis_cloud_seed.db:ana_telemetria;
26142;Barragem  LVR;Juína;0;3;15730000;PCH JUINA BARRAMENTO;RIO ARIPUANÃ;;-11,311400;-59,222500;35,27;494,60;0;montante;;;;;;sqlite:sis_cloud_seed.db:ana_estacoes;sqlite:sis_cloud_seed.db:ana_telemetria;
948;Rejeito;Juína;0;1;15720000;PCH JUINA MONTANTE 1;RIO CINTA LARGA;;-11,413100;-59,170300;14,38;482,19;0;jusante;;;;;;sqlite:sis_cloud_seed.db:ana_estacoes;sqlite:sis_cloud_seed.db:ana_telemetria;
948;Rejeito;Juína;0;2;15730000;PCH JUINA BARRAMENTO;RIO ARIPUANÃ;;-11,311400;-59,222500;14,86;494,60;0;local;;;;;;sqlite:sis_cloud_seed.db:ana_estacoes;sqlite:sis_cloud_seed.db:ana_telemetria;
948;Rejeito;Juína;0;3;15740000;PCH JUINA JUSANTE;RIO ARIPUANÃ;;-11,309700;-59,223600;14,98;494,82;0;local;;;;;;sqlite:sis_cloud_seed.db:ana_estacoes;sqlite:sis_cloud_seed.db:ana_telemetria;
32029;BARRAGEM NA FAZENDA ÁGUA SANTA II;Lucas do Rio Verde;0;1;01355006;PZ_LUCAS DO RIO VERDE;;;-13,073300;-55,923100;26,39;183,74;0;montante;;;;;;sqlite:sis_cloud_seed.db:ana_estacoes;sqlite:sis_cloud_seed.db:ana_telemetria;
32029;BARRAGEM NA FAZENDA ÁGUA SANTA II;Lucas do Rio Verde;0;2;17229000;PCH CANOA QUEBRADA RIBEIRÃO RANCHÃO;RIBEIRÃO RANCHÃO;;-13,298600;-55,912200;29,01;159,47;0;jusante;;;;;;sqlite:sis_cloud_seed.db:ana_estacoes;sqlite:sis_cloud_seed.db:ana_telemetria;
32029;BARRAGEM NA FAZENDA ÁGUA SANTA II;Lucas do Rio Verde;0;3;17230000;PCH CANOA QUEBRADA MONTANTE;RIO VERDE;;-13,051900;-55,905000;29,19;186,45;0;montante;;;;;;sqlite:sis_cloud_seed.db:ana_estacoes;sqlite:sis_cloud_seed.db:ana_telemetria;
31517;Barragem Bem-te-vi;Lucas do Rio Verde;0;1;17229000;PCH CANOA QUEBRADA RIBEIRÃO RANCHÃO;RIBEIRÃO RANCHÃO;;-13,298600;-55,912200;27,12;159,47;0;montante;;;;;;sqlite:sis_cloud_seed.db:ana_estacoes;sqlite:sis_cloud_seed.db:ana_telemetria;
31517;Barragem Bem-te-vi;Lucas do Rio Verde;0;2;17250550;PCH NOVA MUTUM JUSANTE;RIO DOS PATOS;;-13,591400;-56,216400;27,65;122,82;0;jusante;;;;;;sqlite:sis_cloud_seed.db:ana_estacoes;sqlite:sis_cloud_seed.db:ana_telemetria;
31517;Barragem Bem-te-vi;Lucas do Rio Verde;0;3;17250500;PCH NOVA MUTUM BARRRAMENTO;RIO DOS PATOS;;-13,603600;-56,200600;28,65;121,52;0;jusante;;;;;;sqlite:sis_cloud_seed.db:ana_estacoes;sqlite:sis_cloud_seed.db:ana_telemetria;
35359;Barragem do Parque Oeste;Lucas do Rio Verde;0;1;01355006;PZ_LUCAS DO RIO VERDE;;;-13,073300;-55,923100;2,80;183,74;0;local;;;;;;sqlite:sis_cloud_seed.db:ana_estacoes;sqlite:sis_cloud_seed.db:ana_telemetria;
35359;Barragem do Parque Oeste;Lucas do Rio Verde;0;2;17230000;PCH CANOA QUEBRADA MONTANTE;RIO VERDE;;-13,051900;-55,905000;3,95;186,45;0;local;;;;;;sqlite:sis_cloud_seed.db:ana_estacoes;sqlite:sis_cloud_seed.db:ana_telemetria;
35359;Barragem do Parque Oeste;Lucas do Rio Verde;0;3;17229000;PCH CANOA QUEBRADA RIBEIRÃO RANCHÃO;RIBEIRÃO RANCHÃO;;-13,298600;-55,912200;27,22;159,47;0;jusante;;;;;;sqlite:sis_cloud_seed.db:ana_estacoes;sqlite:sis_cloud_seed.db:ana_telemetria;
20051;Barramento Fazenda Carajas  - Lote 64;Lucas do Rio Verde;0;1;17219300;CGH APROVALE BARRAMENTO;RIBEIRÃO DO CEDRO;;-12,890800;-56,139200;8,72;201,01;0;local;;;;;;sqlite:sis_cloud_seed.db:ana_estacoes;sqlite:sis_cloud_seed.db:ana_telemetria;
20051;Barramento Fazenda Carajas  - Lote 64;Lucas do Rio Verde;0;2;17219600;CGH APROVALE JUSANTE;RIBEIRÃO DO CEDRO;;-12,881100;-56,156700;10,68;201,99;0;local;;;;;;sqlite:sis_cloud_seed.db:ana_estacoes;sqlite:sis_cloud_seed.db:ana_telemetria;
20051;Barramento Fazenda Carajas  - Lote 64;Lucas do Rio Verde;0;3;17270000;PCH CANOA QUEBRADA JUSANTE;RIO VERDE;;-12,793300;-56,010800;12,16;213,05;0;montante;;;;;;sqlite:sis_cloud_seed.db:ana_estacoes;sqlite:sis_cloud_seed.db:ana_telemetria;
31577;Barramento Montante Fazenda Carajas  - Lote 64;Lucas do Rio Verde;0;1;17219300;CGH APROVALE BARRAMENTO;RIBEIRÃO DO CEDRO;;-12,890800;-56,139200;7,84;201,01;0;local;;;;;;sqlite:sis_cloud_seed.db:ana_estacoes;sqlite:sis_cloud_seed.db:ana_telemetria;
31577;Barramento Montante Fazenda Carajas  - Lote 64;Lucas do Rio Verde;0;2;17219600;CGH APROVALE JUSANTE;RIBEIRÃO DO CEDRO;;-12,881100;-56,156700;9,57;201,99;0;local;;;;;;sqlite:sis_cloud_seed.db:ana_estacoes;sqlite:sis_cloud_seed.db:ana_telemetria;
31577;Barramento Montante Fazenda Carajas  - Lote 64;Lucas do Rio Verde;0;3;17270000;PCH CANOA QUEBRADA JUSANTE;RIO VERDE;;-12,793300;-56,010800;11,06;213,05;0;montante;;;;;;sqlite:sis_cloud_seed.db:ana_estacoes;sqlite:sis_cloud_seed.db:ana_telemetria;
34136;CGH Aprovale - Associação Dos Produtores Do Vale Do Cedro - cedro;Lucas do Rio Verde;0;1;17219300;CGH APROVALE BARRAMENTO;RIBEIRÃO DO CEDRO;;-12,890800;-56,139200;0,03;201,01;0;local;;;;;;sqlite:sis_cloud_seed.db:ana_estacoes;sqlite:sis_cloud_seed.db:ana_telemetria;
34136;CGH Aprovale - Associação Dos Produtores Do Vale Do Cedro - cedro;Lucas do Rio Verde;0;2;17219600;CGH APROVALE JUSANTE;RIBEIRÃO DO CEDRO;;-12,881100;-56,156700;2,20;201,99;0;local;;;;;;sqlite:sis_cloud_seed.db:ana_estacoes;sqlite:sis_cloud_seed.db:ana_telemetria;
34136;CGH Aprovale - Associação Dos Produtores Do Vale Do Cedro - cedro;Lucas do Rio Verde;0;3;17270000;PCH CANOA QUEBRADA JUSANTE;RIO VERDE;;-12,793300;-56,010800;17,66;213,05;0;montante;;;;;;sqlite:sis_cloud_seed.db:ana_estacoes;sqlite:sis_cloud_seed.db:ana_telemetria;
8028;FAZENDA DONA IRILDE;Lucas do Rio Verde;0;1;17219600;CGH APROVALE JUSANTE;RIBEIRÃO DO CEDRO;;-12,881100;-56,156700;9,26;201,99;0;jusante;;;;;;sqlite:sis_cloud_seed.db:ana_estacoes;sqlite:sis_cloud_seed.db:ana_telemetria;
8028;FAZENDA DONA IRILDE;Lucas do Rio Verde;0;2;17219300;CGH APROVALE BARRAMENTO;RIBEIRÃO DO CEDRO;;-12,890800;-56,139200;11,31;201,01;0;jusante;;;;;;sqlite:sis_cloud_seed.db:ana_estacoes;sqlite:sis_cloud_seed.db:ana_telemetria;
8028;FAZENDA DONA IRILDE;Lucas do Rio Verde;0;3;17278490;PCH FOZ DO CEDRO BARRAMENTO;RIO VERDE;;-12,750800;-56,033600;20,38;217,47;0;montante;;;;;;sqlite:sis_cloud_seed.db:ana_estacoes;sqlite:sis_cloud_seed.db:ana_telemetria;
8034;FAZENDA OGLIARI;Lucas do Rio Verde;0;1;17229000;PCH CANOA QUEBRADA RIBEIRÃO RANCHÃO;RIBEIRÃO RANCHÃO;;-13,298600;-55,912200;21,50;159,47;0;montante;;;;;;sqlite:sis_cloud_seed.db:ana_estacoes;sqlite:sis_cloud_seed.db:ana_telemetria;
8034;FAZENDA OGLIARI;Lucas do Rio Verde;0;2;17250500;PCH NOVA MUTUM BARRRAMENTO;RIO DOS PATOS;;-13,603600;-56,200600;24,75;121,52;0;jusante;;;;;;sqlite:sis_cloud_seed.db:ana_estacoes;sqlite:sis_cloud_seed.db:ana_telemetria;
8034;FAZENDA OGLIARI;Lucas do Rio Verde;0;3;17250550;PCH NOVA MUTUM JUSANTE;RIO DOS PATOS;;-13,591400;-56,216400;24,83;122,82;0;jusante;;;;;;sqlite:sis_cloud_seed.db:ana_estacoes;sqlite:sis_cloud_seed.db:ana_telemetria;
341;Faz. Espera Feliz;Lucas do Rio Verde;0;1;17229000;PCH CANOA QUEBRADA RIBEIRÃO RANCHÃO;RIBEIRÃO RANCHÃO;;-13,298600;-55,912200;27,12;159,47;0;montante;;;;;;sqlite:sis_cloud_seed.db:ana_estacoes;sqlite:sis_cloud_seed.db:ana_telemetria;
341;Faz. Espera Feliz;Lucas do Rio Verde;0;2;17250550;PCH NOVA MUTUM JUSANTE;RIO DOS PATOS;;-13,591400;-56,216400;27,66;122,82;0;jusante;;;;;;sqlite:sis_cloud_seed.db:ana_estacoes;sqlite:sis_cloud_seed.db:ana_telemetria;
341;Faz. Espera Feliz;Lucas do Rio Verde;0;3;17250500;PCH NOVA MUTUM BARRRAMENTO;RIO DOS PATOS;;-13,603600;-56,200600;28,65;121,52;0;jusante;;;;;;sqlite:sis_cloud_seed.db:ana_estacoes;sqlite:sis_cloud_seed.db:ana_telemetria;
8033;Fazenda Botucatu lll;Lucas do Rio Verde;0;1;17278490;PCH FOZ DO CEDRO BARRAMENTO;RIO VERDE;;-12,750800;-56,033600;7,74;217,47;0;local;;;;;;sqlite:sis_cloud_seed.db:ana_estacoes;sqlite:sis_cloud_seed.db:ana_telemetria;
8033;Fazenda Botucatu lll;Lucas do Rio Verde;0;2;17278500;PCH FOZ DO CEDRO JUSANTE;RIO VERDE;;-12,749400;-56,033600;7,76;217,62;0;local;;;;;;sqlite:sis_cloud_seed.db:ana_estacoes;sqlite:sis_cloud_seed.db:ana_telemetria;
8033;Fazenda Botucatu lll;Lucas do Rio Verde;0;3;17270000;PCH CANOA QUEBRADA JUSANTE;RIO VERDE;;-12,793300;-56,010800;10,97;213,05;0;jusante;;;;;;sqlite:sis_cloud_seed.db:ana_estacoes;sqlite:sis_cloud_seed.db:ana_telemetria;
5679;Fazenda Juliandre II;Lucas do Rio Verde;0;1;17219300;CGH APROVALE BARRAMENTO;RIBEIRÃO DO CEDRO;;-12,890800;-56,139200;8,87;201,01;0;jusante;;;;;;sqlite:sis_cloud_seed.db:ana_estacoes;sqlite:sis_cloud_seed.db:ana_telemetria;
5679;Fazenda Juliandre II;Lucas do Rio Verde;0;2;17270000;PCH CANOA QUEBRADA JUSANTE;RIO VERDE;;-12,793300;-56,010800;8,88;213,05;0;montante;;;;;;sqlite:sis_cloud_seed.db:ana_estacoes;sqlite:sis_cloud_seed.db:ana_telemetria;
5679;Fazenda Juliandre II;Lucas do Rio Verde;0;3;17260000;PCH CANOA QUEBRADA BARRAMENTO;RIO VERDE;;-12,793900;-56,008300;9,08;213,01;0;montante;;;;;;sqlite:sis_cloud_seed.db:ana_estacoes;sqlite:sis_cloud_seed.db:ana_telemetria;
361;Fazenda Nadin;Lucas do Rio Verde;0;1;17270000;PCH CANOA QUEBRADA JUSANTE;RIO VERDE;;-12,793300;-56,010800;5,15;213,05;0;montante;;;;;;sqlite:sis_cloud_seed.db:ana_estacoes;sqlite:sis_cloud_seed.db:ana_telemetria;
361;Fazenda Nadin;Lucas do Rio Verde;0;2;17260000;PCH CANOA QUEBRADA BARRAMENTO;RIO VERDE;;-12,793900;-56,008300;5,31;213,01;0;local;;;;;;sqlite:sis_cloud_seed.db:ana_estacoes;sqlite:sis_cloud_seed.db:ana_telemetria;
361;Fazenda Nadin;Lucas do Rio Verde;0;3;17278490;PCH FOZ DO CEDRO BARRAMENTO;RIO VERDE;;-12,750800;-56,033600;8,22;217,47;0;montante;;;;;;sqlite:sis_cloud_seed.db:ana_estacoes;sqlite:sis_cloud_seed.db:ana_telemetria;
20075;Fazenda Ogliari;Lucas do Rio Verde;0;1;17229000;PCH CANOA QUEBRADA RIBEIRÃO RANCHÃO;RIBEIRÃO RANCHÃO;;-13,298600;-55,912200;21,48;159,47;0;montante;;;;;;sqlite:sis_cloud_seed.db:ana_estacoes;sqlite:sis_cloud_seed.db:ana_telemetria;
20075;Fazenda Ogliari;Lucas do Rio Verde;0;2;17250500;PCH NOVA MUTUM BARRRAMENTO;RIO DOS PATOS;;-13,603600;-56,200600;24,64;121,52;0;jusante;;;;;;sqlite:sis_cloud_seed.db:ana_estacoes;sqlite:sis_cloud_seed.db:ana_telemetria;
20075;Fazenda Ogliari;Lucas do Rio Verde;0;3;17228000;PCH CANOA QUEBRADA RIBEIRÃO GRANDE;RIBEIRÃO GRANDE;;-13,401700;-55,826900;24,76;150,79;0;montante;;;;;;sqlite:sis_cloud_seed.db:ana_estacoes;sqlite:sis_cloud_seed.db:ana_telemetria;
8037;Fazenda Palmeira ll;Lucas do Rio Verde;0;1;01355006;PZ_LUCAS DO RIO VERDE;;;-13,073300;-55,923100;6,37;183,74;0;jusante;;;;;;sqlite:sis_cloud_seed.db:ana_estacoes;sqlite:sis_cloud_seed.db:ana_telemetria;
8037;Fazenda Palmeira ll;Lucas do Rio Verde;0;2;17230000;PCH CANOA QUEBRADA MONTANTE;RIO VERDE;;-13,051900;-55,905000;6,44;186,45;0;local;;;;;;sqlite:sis_cloud_seed.db:ana_estacoes;sqlite:sis_cloud_seed.db:ana_telemetria;
8037;Fazenda Palmeira ll;Lucas do Rio Verde;0;3;17219300;CGH APROVALE BARRAMENTO;RIBEIRÃO DO CEDRO;;-12,890800;-56,139200;24,77;201,01;0;montante;;;;;;sqlite:sis_cloud_seed.db:ana_estacoes;sqlite:sis_cloud_seed.db:ana_telemetria;
8036;Fazenda Piva;Lucas do Rio Verde;0;1;17260000;PCH CANOA QUEBRADA BARRAMENTO;RIO VERDE;;-12,793900;-56,008300;14,94;213,01;0;montante;;;;;;sqlite:sis_cloud_seed.db:ana_estacoes;sqlite:sis_cloud_seed.db:ana_telemetria;
8036;Fazenda Piva;Lucas do Rio Verde;0;2;17270000;PCH CANOA QUEBRADA JUSANTE;RIO VERDE;;-12,793300;-56,010800;15,08;213,05;0;montante;;;;;;sqlite:sis_cloud_seed.db:ana_estacoes;sqlite:sis_cloud_seed.db:ana_telemetria;
8036;Fazenda Piva;Lucas do Rio Verde;0;3;17230000;PCH CANOA QUEBRADA MONTANTE;RIO VERDE;;-13,051900;-55,905000;16,07;186,45;0;jusante;;;;;;sqlite:sis_cloud_seed.db:ana_estacoes;sqlite:sis_cloud_seed.db:ana_telemetria;
389;Fazenda Santo Antonio I;Lucas do Rio Verde;0;1;17229000;PCH CANOA QUEBRADA RIBEIRÃO RANCHÃO;RIBEIRÃO RANCHÃO;;-13,298600;-55,912200;5,10;159,47;0;local;;;;;;sqlite:sis_cloud_seed.db:ana_estacoes;sqlite:sis_cloud_seed.db:ana_telemetria;
389;Fazenda Santo Antonio I;Lucas do Rio Verde;0;2;17228000;PCH CANOA QUEBRADA RIBEIRÃO GRANDE;RIBEIRÃO GRANDE;;-13,401700;-55,826900;19,06;150,79;0;jusante;;;;;;sqlite:sis_cloud_seed.db:ana_estacoes;sqlite:sis_cloud_seed.db:ana_telemetria;
389;Fazenda Santo Antonio I;Lucas do Rio Verde;0;3;01355006;PZ_LUCAS DO RIO VERDE;;;-13,073300;-55,923100;24,05;183,74;0;montante;;;;;;sqlite:sis_cloud_seed.db:ana_estacoes;sqlite:sis_cloud_seed.db:ana_telemetria;
31561;Prefeitura Municipal de Lucas do Rio Verde;Lucas do Rio Verde;0;1;17229000;PCH CANOA QUEBRADA RIBEIRÃO RANCHÃO;RIBEIRÃO RANCHÃO;;-13,298600;-55,912200;21,42;159,47;0;local;;;;;;sqlite:sis_cloud_seed.db:ana_estacoes;sqlite:sis_cloud_seed.db:ana_telemetria;
31561;Prefeitura Municipal de Lucas do Rio Verde;Lucas do Rio Verde;0;2;17228000;PCH CANOA QUEBRADA RIBEIRÃO GRANDE;RIBEIRÃO GRANDE;;-13,401700;-55,826900;31,62;150,79;0;jusante;;;;;;sqlite:sis_cloud_seed.db:ana_estacoes;sqlite:sis_cloud_seed.db:ana_telemetria;
31561;Prefeitura Municipal de Lucas do Rio Verde;Lucas do Rio Verde;0;3;17250550;PCH NOVA MUTUM JUSANTE;RIO DOS PATOS;;-13,591400;-56,216400;31,86;122,82;0;jusante;;;;;;sqlite:sis_cloud_seed.db:ana_estacoes;sqlite:sis_cloud_seed.db:ana_telemetria;
5751;Prefeitura de LUCAS DO RIO VERDE;Lucas do Rio Verde;0;1;01355006;PZ_LUCAS DO RIO VERDE;;;-13,073300;-55,923100;2,72;183,74;0;local;;;;;;sqlite:sis_cloud_seed.db:ana_estacoes;sqlite:sis_cloud_seed.db:ana_telemetria;
5751;Prefeitura de LUCAS DO RIO VERDE;Lucas do Rio Verde;0;2;17230000;PCH CANOA QUEBRADA MONTANTE;RIO VERDE;;-13,051900;-55,905000;3,98;186,45;0;local;;;;;;sqlite:sis_cloud_seed.db:ana_estacoes;sqlite:sis_cloud_seed.db:ana_telemetria;
5751;Prefeitura de LUCAS DO RIO VERDE;Lucas do Rio Verde;0;3;17229000;PCH CANOA QUEBRADA RIBEIRÃO RANCHÃO;RIBEIRÃO RANCHÃO;;-13,298600;-55,912200;27,10;159,47;0;jusante;;;;;;sqlite:sis_cloud_seed.db:ana_estacoes;sqlite:sis_cloud_seed.db:ana_telemetria;
22403;Massa d'Água #105287;Luciara;0;1;26350000;SÃO FÉLIX DO ARAGUAIA;RIO ARAGUAIA;;-11,618100;-50,662500;43,82;661,04;0;jusante;;;;;;sqlite:sis_cloud_seed.db:ana_estacoes;sqlite:sis_cloud_seed.db:ana_telemetria;
31105;Fazenda Santa Helena;Marcelândia;0;1;18422000;RIACHO DE DEUS;RIO MANISSAUA - MIÇU;;-11,127200;-54,476700;38,71;437,84;0;jusante;;;;;;sqlite:sis_cloud_seed.db:ana_estacoes;sqlite:sis_cloud_seed.db:ana_telemetria;
31105;Fazenda Santa Helena;Marcelândia;0;2;17291000;UHE COLÍDER RIO RENATO;RIBEIRÃO RENATO;;-11,062800;-55,278300;51,46;417,34;0;jusante;;;;;;sqlite:sis_cloud_seed.db:ana_estacoes;sqlite:sis_cloud_seed.db:ana_telemetria;
31105;Fazenda Santa Helena;Marcelândia;0;3;18421600;PONTE MT 423 RIO AZUL;RIO AZUL;;-11,471700;-54,993900;55,31;383,23;0;jusante;;;;;;sqlite:sis_cloud_seed.db:ana_estacoes;sqlite:sis_cloud_seed.db:ana_telemetria;
6156;Barragem Carnaíba;Mirassol d'Oeste;0;1;66064000;ESTRADA MT-125;RIO CABAÇAL;;-15,468900;-57,894000;36,64;157,77;0;montante;;;;;;sqlite:sis_cloud_seed.db:ana_estacoes;sqlite:sis_cloud_seed.db:ana_telemetria;
6156;Barragem Carnaíba;Mirassol d'Oeste;0;2;66073000;ARAPUTANGA;RIBEIRÃO DAS PITAS;;-15,466900;-58,356400;38,40;206,16;0;montante;;;;;;sqlite:sis_cloud_seed.db:ana_estacoes;sqlite:sis_cloud_seed.db:ana_telemetria;
6156;Barragem Carnaíba;Mirassol d'Oeste;0;3;66072005;PORTO ESPERIDIÃO;RIO JAURU;;-15,850800;-58,458300;39,57;226,28;0;jusante;;;;;;sqlite:sis_cloud_seed.db:ana_estacoes;sqlite:sis_cloud_seed.db:ana_telemetria;
28719;Barragem Carnaíba;Mirassol d'Oeste;0;1;66064000;ESTRADA MT-125;RIO CABAÇAL;;-15,468900;-57,894000;36,64;157,77;0;montante;;;;;;sqlite:sis_cloud_seed.db:ana_estacoes;sqlite:sis_cloud_seed.db:ana_telemetria;
28719;Barragem Carnaíba;Mirassol d'Oeste;0;2;66073000;ARAPUTANGA;RIBEIRÃO DAS PITAS;;-15,466900;-58,356400;38,40;206,16;0;montante;;;;;;sqlite:sis_cloud_seed.db:ana_estacoes;sqlite:sis_cloud_seed.db:ana_telemetria;
28719;Barragem Carnaíba;Mirassol d'Oeste;0;3;66072005;PORTO ESPERIDIÃO;RIO JAURU;;-15,850800;-58,458300;39,57;226,28;0;jusante;;;;;;sqlite:sis_cloud_seed.db:ana_estacoes;sqlite:sis_cloud_seed.db:ana_telemetria;
34482;Barragem Paranoá;Mirassol d'Oeste;0;1;66064000;ESTRADA MT-125;RIO CABAÇAL;;-15,468900;-57,894000;33,27;157,77;0;montante;;;;;;sqlite:sis_cloud_seed.db:ana_estacoes;sqlite:sis_cloud_seed.db:ana_telemetria;
34482;Barragem Paranoá;Mirassol d'Oeste;0;2;66073000;ARAPUTANGA;RIBEIRÃO DAS PITAS;;-15,466900;-58,356400;36,59;206,16;0;montante;;;;;;sqlite:sis_cloud_seed.db:ana_estacoes;sqlite:sis_cloud_seed.db:ana_telemetria;
34482;Barragem Paranoá;Mirassol d'Oeste;0;3;66072005;PORTO ESPERIDIÃO;RIO JAURU;;-15,850800;-58,458300;41,92;226,28;0;jusante;;;;;;sqlite:sis_cloud_seed.db:ana_estacoes;sqlite:sis_cloud_seed.db:ana_telemetria;
5318;REPRESA CARNAIBA;Mirassol d'Oeste;0;1;66064000;ESTRADA MT-125;RIO CABAÇAL;;-15,468900;-57,894000;36,54;157,77;0;montante;;;;;;sqlite:sis_cloud_seed.db:ana_estacoes;sqlite:sis_cloud_seed.db:ana_telemetria;
5318;REPRESA CARNAIBA;Mirassol d'Oeste;0;2;66073000;ARAPUTANGA;RIBEIRÃO DAS PITAS;;-15,466900;-58,356400;38,48;206,16;0;montante;;;;;;sqlite:sis_cloud_seed.db:ana_estacoes;sqlite:sis_cloud_seed.db:ana_telemetria;
5318;REPRESA CARNAIBA;Mirassol d'Oeste;0;3;66072005;PORTO ESPERIDIÃO;RIO JAURU;;-15,850800;-58,458300;39,70;226,28;0;jusante;;;;;;sqlite:sis_cloud_seed.db:ana_estacoes;sqlite:sis_cloud_seed.db:ana_telemetria;
5319;REPRESA SIGLA;Mirassol d'Oeste;0;1;66064000;ESTRADA MT-125;RIO CABAÇAL;;-15,468900;-57,894000;32,67;157,77;0;montante;;;;;;sqlite:sis_cloud_seed.db:ana_estacoes;sqlite:sis_cloud_seed.db:ana_telemetria;
5319;REPRESA SIGLA;Mirassol d'Oeste;0;2;66073000;ARAPUTANGA;RIBEIRÃO DAS PITAS;;-15,466900;-58,356400;39,61;206,16;0;montante;;;;;;sqlite:sis_cloud_seed.db:ana_estacoes;sqlite:sis_cloud_seed.db:ana_telemetria;
5319;REPRESA SIGLA;Mirassol d'Oeste;0;3;66072005;PORTO ESPERIDIÃO;RIO JAURU;;-15,850800;-58,458300;43,80;226,28;0;jusante;;;;;;sqlite:sis_cloud_seed.db:ana_estacoes;sqlite:sis_cloud_seed.db:ana_telemetria;
37707;Fazenda Modelo;Marcelândia;0;1;18422000;RIACHO DE DEUS;RIO MANISSAUA - MIÇU;;-11,127200;-54,476700;51,88;437,84;0;jusante;;;;;;sqlite:sis_cloud_seed.db:ana_estacoes;sqlite:sis_cloud_seed.db:ana_telemetria;
37707;Fazenda Modelo;Marcelândia;0;2;17343010;PEIXOTO DE AZEVEDO;RIO PEIXOTO DE AZEVEDO;;-10,219400;-54,970800;63,13;516,61;0;montante;;;;;;sqlite:sis_cloud_seed.db:ana_estacoes;sqlite:sis_cloud_seed.db:ana_telemetria;
37707;Fazenda Modelo;Marcelândia;0;3;17291000;UHE COLÍDER RIO RENATO;RIBEIRÃO RENATO;;-11,062800;-55,278300;79,40;417,34;0;jusante;;;;;;sqlite:sis_cloud_seed.db:ana_estacoes;sqlite:sis_cloud_seed.db:ana_telemetria;
37708;Fazenda Modelo - Montante 01;Marcelândia;0;1;18422000;RIACHO DE DEUS;RIO MANISSAUA - MIÇU;;-11,127200;-54,476700;51,38;437,84;0;jusante;;;;;;sqlite:sis_cloud_seed.db:ana_estacoes;sqlite:sis_cloud_seed.db:ana_telemetria;
37708;Fazenda Modelo - Montante 01;Marcelândia;0;2;17343010;PEIXOTO DE AZEVEDO;RIO PEIXOTO DE AZEVEDO;;-10,219400;-54,970800;63,59;516,61;0;montante;;;;;;sqlite:sis_cloud_seed.db:ana_estacoes;sqlite:sis_cloud_seed.db:ana_telemetria;
37708;Fazenda Modelo - Montante 01;Marcelândia;0;3;17291000;UHE COLÍDER RIO RENATO;RIBEIRÃO RENATO;;-11,062800;-55,278300;79,14;417,34;0;jusante;;;;;;sqlite:sis_cloud_seed.db:ana_estacoes;sqlite:sis_cloud_seed.db:ana_telemetria;
20177;Faz. Carvalho;Nobres;1;1;66140100;BOM JARDIM;RIO CUIABÁ;;-14,576700;-55,842500;9,86;29,09;0;montante;;;;;;sqlite:sis_cloud_seed.db:ana_estacoes;sqlite:sis_cloud_seed.db:ana_telemetria;
20177;Faz. Carvalho;Nobres;1;2;01455013;UHE MANSO MET;;;-14,861400;-55,789400;30,82;1,04;1;jusante;;;400,0;;;sqlite:sis_cloud_seed.db:ana_estacoes;sqlite:sis_cloud_seed.db:ana_telemetria;
20177;Faz. Carvalho;Nobres;1;3;66210000;UHE MANSO JUSANTE;RIO MANSO;;-14,867500;-55,800300;30,89;0,06;1;jusante;294,0;98,00;400,0;0,735;2026-09-07 09:00:00;sqlite:sis_cloud_seed.db:ana_estacoes;sqlite:sis_cloud_seed.db:ana_telemetria;contexto_somente
4224;UHE Manso - Dique 1;Nobres;1;1;17098500;FAZENDA CACHOEIRA GRANDE;RIO ARINOS;;-14,216900;-56,035800;25,55;57,80;0;montante;254,0;12,61;;;2026-09-07 09:45:00;sqlite:sis_cloud_seed.db:ana_estacoes;sqlite:sis_cloud_seed.db:ana_telemetria;contexto_somente
4224;UHE Manso - Dique 1;Nobres;1;2;17098550;RIO ARINOS - NOVA MUTUM;RIO ARINOS;;-14,146100;-56,099700;34,31;63,10;0;montante;;;;;;sqlite:sis_cloud_seed.db:ana_estacoes;sqlite:sis_cloud_seed.db:ana_telemetria;
4224;UHE Manso - Dique 1;Nobres;1;3;66140100;BOM JARDIM;RIO CUIABÁ;;-14,576700;-55,842500;35,95;29,09;0;jusante;;;;;;sqlite:sis_cloud_seed.db:ana_estacoes;sqlite:sis_cloud_seed.db:ana_telemetria;
34718;Barragem 1 - Fazenda Dois Filhos;Nortelândia;0;1;66006011;NORTELÂNDIA;RIO SANTANA;;-14,453300;-56,809400;8,05;59,16;0;local;;;;;;sqlite:sis_cloud_seed.db:ana_estacoes;sqlite:sis_cloud_seed.db:ana_telemetria;
34718;Barragem 1 - Fazenda Dois Filhos;Nortelândia;0;2;66005960;PCH SANTANA I JUSANTE;RIO SANTANA;;-14,425300;-56,824700;9,65;62,48;0;local;;;;;;sqlite:sis_cloud_seed.db:ana_estacoes;sqlite:sis_cloud_seed.db:ana_telemetria;
34718;Barragem 1 - Fazenda Dois Filhos;Nortelândia;0;3;66005950;PCH SANTANA I BARRAMENTO;RIO SANTANA;;-14,391700;-56,829200;11,30;65,43;0;montante;;;;;;sqlite:sis_cloud_seed.db:ana_estacoes;sqlite:sis_cloud_seed.db:ana_telemetria;
5169;CGH Diamante - Diamante;Nortelândia;0;1;66005800;CGH DIAMANTE BARRAMENTO;RIO SANTANA;;-14,346400;-56,794700;0,00;66,65;0;local;;;;;;sqlite:sis_cloud_seed.db:ana_estacoes;sqlite:sis_cloud_seed.db:ana_telemetria;
5169;CGH Diamante - Diamante;Nortelândia;0;2;66005900;CGH DIAMANTE JUSANTE;RIO SANTANA;;-14,345600;-56,796400;0,20;66,83;0;local;;;;;;sqlite:sis_cloud_seed.db:ana_estacoes;sqlite:sis_cloud_seed.db:ana_telemetria;
5169;CGH Diamante - Diamante;Nortelândia;0;3;66005600;CGH DIAMANTE MONTANTE 1;RIO SANTANA;;-14,327200;-56,749400;5,33;65,38;0;local;;;;;;sqlite:sis_cloud_seed.db:ana_estacoes;sqlite:sis_cloud_seed.db:ana_telemetria;
35637;BA-01;Nossa Senhora do Livramento;1;1;66260001;CUIABÁ;RIO CUIABÁ;;-15,615600;-56,108600;26,78;0,21;1;montante;;;;;;sqlite:sis_cloud_seed.db:ana_estacoes;sqlite:sis_cloud_seed.db:ana_telemetria;
35637;BA-01;Nossa Senhora do Livramento;1;2;66260006;CUIABÁ-BEIRA RIO;RIO CUIABÁ;;-15,618900;-56,099700;27,65;0,23;1;montante;98,0;;200,0;0,490;2026-09-07 10:00:00;sqlite:sis_cloud_seed.db:ana_estacoes;sqlite:sis_cloud_seed.db:ana_telemetria;cota_medida
35637;BA-01;Nossa Senhora do Livramento;1;3;66259650;RIO COXIPÓ - AABB;RIO COXIPO;;-15,617500;-56,051100;32,82;3,76;1;montante;;;;;;sqlite:sis_cloud_seed.db:ana_estacoes;sqlite:sis_cloud_seed.db:ana_telemetria;
1267;BACIA DE REJEITO MINERGOLD;Nossa Senhora do Livramento;0;1;66260001;CUIABÁ;RIO CUIABÁ;;-15,615600;-56,108600;25,75;0,21;1;montante;;;;;;sqlite:sis_cloud_seed.db:ana_estacoes;sqlite:sis_cloud_seed.db:ana_telemetria;
1267;BACIA DE REJEITO MINERGOLD;Nossa Senhora do Livramento;0;2;66260006;CUIABÁ-BEIRA RIO;RIO CUIABÁ;;-15,618900;-56,099700;26,52;0,23;1;montante;98,0;;200,0;0,490;2026-09-07 10:00:00;sqlite:sis_cloud_seed.db:ana_estacoes;sqlite:sis_cloud_seed.db:ana_telemetria;cota_medida
1267;BACIA DE REJEITO MINERGOLD;Nossa Senhora do Livramento;0;3;66259650;RIO COXIPÓ - AABB;RIO COXIPO;;-15,617500;-56,051100;31,53;3,76;1;montante;;;;;;sqlite:sis_cloud_seed.db:ana_estacoes;sqlite:sis_cloud_seed.db:ana_telemetria;
26235;BARRAGEM COOP 01;Nossa Senhora do Livramento;0;1;66260001;CUIABÁ;RIO CUIABÁ;;-15,615600;-56,108600;23,40;0,21;1;montante;;;;;;sqlite:sis_cloud_seed.db:ana_estacoes;sqlite:sis_cloud_seed.db:ana_telemetria;
26235;BARRAGEM COOP 01;Nossa Senhora do Livramento;0;2;66270000;SANTO ANTÔNIO DO LEVERGER;RIO CUIABÁ;;-15,869700;-56,076100;23,45;0,38;1;jusante;;;;;;sqlite:sis_cloud_seed.db:ana_estacoes;sqlite:sis_cloud_seed.db:ana_telemetria;
26235;BARRAGEM COOP 01;Nossa Senhora do Livramento;0;3;66260006;CUIABÁ-BEIRA RIO;RIO CUIABÁ;;-15,618900;-56,099700;23,84;0,23;1;montante;98,0;;200,0;0,490;2026-09-07 10:00:00;sqlite:sis_cloud_seed.db:ana_estacoes;sqlite:sis_cloud_seed.db:ana_telemetria;cota_medida
27620;BARRAGEM DE MINERAÇÃO;Nossa Senhora do Livramento;0;1;66270000;SANTO ANTÔNIO DO LEVERGER;RIO CUIABÁ;;-15,869700;-56,076100;22,38;0,38;1;jusante;;;;;;sqlite:sis_cloud_seed.db:ana_estacoes;sqlite:sis_cloud_seed.db:ana_telemetria;
27620;BARRAGEM DE MINERAÇÃO;Nossa Senhora do Livramento;0;2;66260001;CUIABÁ;RIO CUIABÁ;;-15,615600;-56,108600;26,61;0,21;1;montante;;;;;;sqlite:sis_cloud_seed.db:ana_estacoes;sqlite:sis_cloud_seed.db:ana_telemetria;
27620;BARRAGEM DE MINERAÇÃO;Nossa Senhora do Livramento;0;3;66260006;CUIABÁ-BEIRA RIO;RIO CUIABÁ;;-15,618900;-56,099700;26,97;0,23;1;montante;98,0;;200,0;0,490;2026-09-07 10:00:00;sqlite:sis_cloud_seed.db:ana_estacoes;sqlite:sis_cloud_seed.db:ana_telemetria;cota_medida
26240;BP-01;Nossa Senhora do Livramento;0;1;66270000;SANTO ANTÔNIO DO LEVERGER;RIO CUIABÁ;;-15,869700;-56,076100;15,90;0,38;1;jusante;;;;;;sqlite:sis_cloud_seed.db:ana_estacoes;sqlite:sis_cloud_seed.db:ana_telemetria;
26240;BP-01;Nossa Senhora do Livramento;0;2;66260001;CUIABÁ;RIO CUIABÁ;;-15,615600;-56,108600;16,79;0,21;1;montante;;;;;;sqlite:sis_cloud_seed.db:ana_estacoes;sqlite:sis_cloud_seed.db:ana_telemetria;
26240;BP-01;Nossa Senhora do Livramento;0;3;66260006;CUIABÁ-BEIRA RIO;RIO CUIABÁ;;-15,618900;-56,099700;16,83;0,23;1;montante;98,0;;200,0;0,490;2026-09-07 10:00:00;sqlite:sis_cloud_seed.db:ana_estacoes;sqlite:sis_cloud_seed.db:ana_telemetria;cota_medida
26241;BP-02;Nossa Senhora do Livramento;0;1;66270000;SANTO ANTÔNIO DO LEVERGER;RIO CUIABÁ;;-15,869700;-56,076100;15,80;0,38;1;jusante;;;;;;sqlite:sis_cloud_seed.db:ana_estacoes;sqlite:sis_cloud_seed.db:ana_telemetria;
26241;BP-02;Nossa Senhora do Livramento;0;2;66260001;CUIABÁ;RIO CUIABÁ;;-15,615600;-56,108600;17,34;0,21;1;montante;;;;;;sqlite:sis_cloud_seed.db:ana_estacoes;sqlite:sis_cloud_seed.db:ana_telemetria;
26241;BP-02;Nossa Senhora do Livramento;0;3;66260006;CUIABÁ-BEIRA RIO;RIO CUIABÁ;;-15,618900;-56,099700;17,39;0,23;1;montante;98,0;;200,0;0,490;2026-09-07 10:00:00;sqlite:sis_cloud_seed.db:ana_estacoes;sqlite:sis_cloud_seed.db:ana_telemetria;cota_medida
29384;BR SANTA FELICIDADE 04;Nossa Senhora do Livramento;1;1;66260001;CUIABÁ;RIO CUIABÁ;;-15,615600;-56,108600;26,61;0,21;1;montante;;;;;;sqlite:sis_cloud_seed.db:ana_estacoes;sqlite:sis_cloud_seed.db:ana_telemetria;
29384;BR SANTA FELICIDADE 04;Nossa Senhora do Livramento;1;2;66260006;CUIABÁ-BEIRA RIO;RIO CUIABÁ;;-15,618900;-56,099700;27,47;0,23;1;montante;98,0;;200,0;0,490;2026-09-07 10:00:00;sqlite:sis_cloud_seed.db:ana_estacoes;sqlite:sis_cloud_seed.db:ana_telemetria;cota_medida
29384;BR SANTA FELICIDADE 04;Nossa Senhora do Livramento;1;3;66259650;RIO COXIPÓ - AABB;RIO COXIPO;;-15,617500;-56,051100;32,60;3,76;1;montante;;;;;;sqlite:sis_cloud_seed.db:ana_estacoes;sqlite:sis_cloud_seed.db:ana_telemetria;
26671;Barragem 2;Nossa Senhora do Livramento;0;1;66270000;SANTO ANTÔNIO DO LEVERGER;RIO CUIABÁ;;-15,869700;-56,076100;44,38;0,38;1;montante;;;;;;sqlite:sis_cloud_seed.db:ana_estacoes;sqlite:sis_cloud_seed.db:ana_telemetria;
26671;Barragem 2;Nossa Senhora do Livramento;0;2;66110010;POCONÉ - RIO BENTO GOMES;RIO BENTO GOMES;;-16,337200;-56,560000;47,26;26,95;0;jusante;;;;;;sqlite:sis_cloud_seed.db:ana_estacoes;sqlite:sis_cloud_seed.db:ana_telemetria;
26671;Barragem 2;Nossa Senhora do Livramento;0;3;66260001;CUIABÁ;RIO CUIABÁ;;-15,615600;-56,108600;52,71;0,21;1;montante;;;;;;sqlite:sis_cloud_seed.db:ana_estacoes;sqlite:sis_cloud_seed.db:ana_telemetria;
31722;Barragem 2  Fazenda Sossego;Nossa Senhora do Livramento;0;1;66270000;SANTO ANTÔNIO DO LEVERGER;RIO CUIABÁ;;-15,869700;-56,076100;24,86;0,38;1;local;;;;;;sqlite:sis_cloud_seed.db:ana_estacoes;sqlite:sis_cloud_seed.db:ana_telemetria;
31722;Barragem 2  Fazenda Sossego;Nossa Senhora do Livramento;0;2;66260001;CUIABÁ;RIO CUIABÁ;;-15,615600;-56,108600;33,12;0,21;1;montante;;;;;;sqlite:sis_cloud_seed.db:ana_estacoes;sqlite:sis_cloud_seed.db:ana_telemetria;
31722;Barragem 2  Fazenda Sossego;Nossa Senhora do Livramento;0;3;66260006;CUIABÁ-BEIRA RIO;RIO CUIABÁ;;-15,618900;-56,099700;33,46;0,23;1;montante;98,0;;200,0;0,490;2026-09-07 10:00:00;sqlite:sis_cloud_seed.db:ana_estacoes;sqlite:sis_cloud_seed.db:ana_telemetria;contexto_somente
34856;Barragem GMX;Nossa Senhora do Livramento;1;1;66260001;CUIABÁ;RIO CUIABÁ;;-15,615600;-56,108600;24,75;0,21;1;montante;;;;;;sqlite:sis_cloud_seed.db:ana_estacoes;sqlite:sis_cloud_seed.db:ana_telemetria;
34856;Barragem GMX;Nossa Senhora do Livramento;1;2;66260006;CUIABÁ-BEIRA RIO;RIO CUIABÁ;;-15,618900;-56,099700;25,62;0,23;1;montante;98,0;;200,0;0,490;2026-09-07 10:00:00;sqlite:sis_cloud_seed.db:ana_estacoes;sqlite:sis_cloud_seed.db:ana_telemetria;cota_medida
34856;Barragem GMX;Nossa Senhora do Livramento;1;3;66259650;RIO COXIPÓ - AABB;RIO COXIPO;;-15,617500;-56,051100;30,77;3,76;1;montante;;;;;;sqlite:sis_cloud_seed.db:ana_estacoes;sqlite:sis_cloud_seed.db:ana_telemetria;
26156;Barragem JL;Nossa Senhora do Livramento;1;1;66260001;CUIABÁ;RIO CUIABÁ;;-15,615600;-56,108600;28,35;0,21;1;montante;;;;;;sqlite:sis_cloud_seed.db:ana_estacoes;sqlite:sis_cloud_seed.db:ana_telemetria;
26156;Barragem JL;Nossa Senhora do Livramento;1;2;66260006;CUIABÁ-BEIRA RIO;RIO CUIABÁ;;-15,618900;-56,099700;29,19;0,23;1;montante;98,0;;200,0;0,490;2026-09-07 10:00:00;sqlite:sis_cloud_seed.db:ana_estacoes;sqlite:sis_cloud_seed.db:ana_telemetria;cota_medida
26156;Barragem JL;Nossa Senhora do Livramento;1;3;66259650;RIO COXIPÓ - AABB;RIO COXIPO;;-15,617500;-56,051100;34,32;3,76;1;montante;;;;;;sqlite:sis_cloud_seed.db:ana_estacoes;sqlite:sis_cloud_seed.db:ana_telemetria;
34750;Barragem Mutuca;Nossa Senhora do Livramento;0;1;66270000;SANTO ANTÔNIO DO LEVERGER;RIO CUIABÁ;;-15,869700;-56,076100;38,82;0,38;1;local;;;;;;sqlite:sis_cloud_seed.db:ana_estacoes;sqlite:sis_cloud_seed.db:ana_telemetria;
34750;Barragem Mutuca;Nossa Senhora do Livramento;0;2;66260001;CUIABÁ;RIO CUIABÁ;;-15,615600;-56,108600;46,23;0,21;1;montante;;;;;;sqlite:sis_cloud_seed.db:ana_estacoes;sqlite:sis_cloud_seed.db:ana_telemetria;
34750;Barragem Mutuca;Nossa Senhora do Livramento;0;3;66260006;CUIABÁ-BEIRA RIO;RIO CUIABÁ;;-15,618900;-56,099700;46,73;0,23;1;montante;98,0;;200,0;0,490;2026-09-07 10:00:00;sqlite:sis_cloud_seed.db:ana_estacoes;sqlite:sis_cloud_seed.db:ana_telemetria;contexto_somente
8014;Barragem Salinas 1;Nossa Senhora do Livramento;0;1;66110010;POCONÉ - RIO BENTO GOMES;RIO BENTO GOMES;;-16,337200;-56,560000;22,82;26,95;0;jusante;;;;;;sqlite:sis_cloud_seed.db:ana_estacoes;sqlite:sis_cloud_seed.db:ana_telemetria;
8014;Barragem Salinas 1;Nossa Senhora do Livramento;0;2;66340500;POCONÉ - RIO CUIABÁ;RIO CUIABÁ;;-16,513600;-56,375600;37,02;0,10;1;jusante;72,0;;;;2026-09-07 09:45:00;sqlite:sis_cloud_seed.db:ana_estacoes;sqlite:sis_cloud_seed.db:ana_telemetria;contexto_somente
8014;Barragem Salinas 1;Nossa Senhora do Livramento;0;3;66280000;BARÃO DE MELGAÇO;RIO CUIABÁ;;-16,192800;-55,966900;48,25;0,02;1;local;;;;;;sqlite:sis_cloud_seed.db:ana_estacoes;sqlite:sis_cloud_seed.db:ana_telemetria;
33351;Barragem Taquaral I;Nossa Senhora do Livramento;0;1;66110010;POCONÉ - RIO BENTO GOMES;RIO BENTO GOMES;;-16,337200;-56,560000;68,48;26,95;0;jusante;;;;;;sqlite:sis_cloud_seed.db:ana_estacoes;sqlite:sis_cloud_seed.db:ana_telemetria;
33351;Barragem Taquaral I;Nossa Senhora do Livramento;0;2;66260001;CUIABÁ;RIO CUIABÁ;;-15,615600;-56,108600;77,61;0,21;1;montante;;;;;;sqlite:sis_cloud_seed.db:ana_estacoes;sqlite:sis_cloud_seed.db:ana_telemetria;
33351;Barragem Taquaral I;Nossa Senhora do Livramento;0;3;66260006;CUIABÁ-BEIRA RIO;RIO CUIABÁ;;-15,618900;-56,099700;78,46;0,23;1;montante;98,0;;200,0;0,490;2026-09-07 10:00:00;sqlite:sis_cloud_seed.db:ana_estacoes;sqlite:sis_cloud_seed.db:ana_telemetria;contexto_somente
35108;Barragem VI (montante);Nossa Senhora do Livramento;1;1;66260001;CUIABÁ;RIO CUIABÁ;;-15,615600;-56,108600;70,96;0,21;1;local;;;;;;sqlite:sis_cloud_seed.db:ana_estacoes;sqlite:sis_cloud_seed.db:ana_telemetria;
35108;Barragem VI (montante);Nossa Senhora do Livramento;1;2;66260006;CUIABÁ-BEIRA RIO;RIO CUIABÁ;;-15,618900;-56,099700;71,91;0,23;1;local;98,0;;200,0;0,490;2026-09-07 10:00:00;sqlite:sis_cloud_seed.db:ana_estacoes;sqlite:sis_cloud_seed.db:ana_telemetria;contexto_somente
35108;Barragem VI (montante);Nossa Senhora do Livramento;1;3;66010000;BARRA DO BUGRES;RIO PARAGUAI;;-15,076100;-57,181900;74,83;76,73;0;montante;;;;;;sqlite:sis_cloud_seed.db:ana_estacoes;sqlite:sis_cloud_seed.db:ana_telemetria;
35107;Barragem VII (montante);Nossa Senhora do Livramento;1;1;66260001;CUIABÁ;RIO CUIABÁ;;-15,615600;-56,108600;70,86;0,21;1;local;;;;;;sqlite:sis_cloud_seed.db:ana_estacoes;sqlite:sis_cloud_seed.db:ana_telemetria;
35107;Barragem VII (montante);Nossa Senhora do Livramento;1;2;66260006;CUIABÁ-BEIRA RIO;RIO CUIABÁ;;-15,618900;-56,099700;71,81;0,23;1;local;98,0;;200,0;0,490;2026-09-07 10:00:00;sqlite:sis_cloud_seed.db:ana_estacoes;sqlite:sis_cloud_seed.db:ana_telemetria;contexto_somente
35107;Barragem VII (montante);Nossa Senhora do Livramento;1;3;66010000;BARRA DO BUGRES;RIO PARAGUAI;;-15,076100;-57,181900;74,90;76,73;0;montante;;;;;;sqlite:sis_cloud_seed.db:ana_estacoes;sqlite:sis_cloud_seed.db:ana_telemetria;
35106;Barragem VIII (principal);Nossa Senhora do Livramento;1;1;66260001;CUIABÁ;RIO CUIABÁ;;-15,615600;-56,108600;70,77;0,21;1;local;;;;;;sqlite:sis_cloud_seed.db:ana_estacoes;sqlite:sis_cloud_seed.db:ana_telemetria;
35106;Barragem VIII (principal);Nossa Senhora do Livramento;1;2;66260006;CUIABÁ-BEIRA RIO;RIO CUIABÁ;;-15,618900;-56,099700;71,72;0,23;1;local;98,0;;200,0;0,490;2026-09-07 10:00:00;sqlite:sis_cloud_seed.db:ana_estacoes;sqlite:sis_cloud_seed.db:ana_telemetria;contexto_somente
35106;Barragem VIII (principal);Nossa Senhora do Livramento;1;3;66010000;BARRA DO BUGRES;RIO PARAGUAI;;-15,076100;-57,181900;74,94;76,73;0;montante;;;;;;sqlite:sis_cloud_seed.db:ana_estacoes;sqlite:sis_cloud_seed.db:ana_telemetria;
35115;Barragem XIX;Nossa Senhora do Livramento;1;1;66010000;BARRA DO BUGRES;RIO PARAGUAI;;-15,076100;-57,181900;71,93;76,73;0;montante;;;;;;sqlite:sis_cloud_seed.db:ana_estacoes;sqlite:sis_cloud_seed.db:ana_telemetria;
35115;Barragem XIX;Nossa Senhora do Livramento;1;2;66260001;CUIABÁ;RIO CUIABÁ;;-15,615600;-56,108600;73,57;0,21;1;local;;;;;;sqlite:sis_cloud_seed.db:ana_estacoes;sqlite:sis_cloud_seed.db:ana_telemetria;
35115;Barragem XIX;Nossa Senhora do Livramento;1;3;66260006;CUIABÁ-BEIRA RIO;RIO CUIABÁ;;-15,618900;-56,099700;74,53;0,23;1;local;98,0;;200,0;0,490;2026-09-07 10:00:00;sqlite:sis_cloud_seed.db:ana_estacoes;sqlite:sis_cloud_seed.db:ana_telemetria;contexto_somente
35102;Barragem XVII;Nossa Senhora do Livramento;1;1;66010000;BARRA DO BUGRES;RIO PARAGUAI;;-15,076100;-57,181900;71,47;76,73;0;montante;;;;;;sqlite:sis_cloud_seed.db:ana_estacoes;sqlite:sis_cloud_seed.db:ana_telemetria;
35102;Barragem XVII;Nossa Senhora do Livramento;1;2;66260001;CUIABÁ;RIO CUIABÁ;;-15,615600;-56,108600;72,11;0,21;1;local;;;;;;sqlite:sis_cloud_seed.db:ana_estacoes;sqlite:sis_cloud_seed.db:ana_telemetria;
35102;Barragem XVII;Nossa Senhora do Livramento;1;3;66260006;CUIABÁ-BEIRA RIO;RIO CUIABÁ;;-15,618900;-56,099700;73,08;0,23;1;local;98,0;;200,0;0,490;2026-09-07 10:00:00;sqlite:sis_cloud_seed.db:ana_estacoes;sqlite:sis_cloud_seed.db:ana_telemetria;contexto_somente
35116;Barragem XVIII;Nossa Senhora do Livramento;1;1;66010000;BARRA DO BUGRES;RIO PARAGUAI;;-15,076100;-57,181900;72,26;76,73;0;montante;;;;;;sqlite:sis_cloud_seed.db:ana_estacoes;sqlite:sis_cloud_seed.db:ana_telemetria;
35116;Barragem XVIII;Nossa Senhora do Livramento;1;2;66260001;CUIABÁ;RIO CUIABÁ;;-15,615600;-56,108600;73,17;0,21;1;local;;;;;;sqlite:sis_cloud_seed.db:ana_estacoes;sqlite:sis_cloud_seed.db:ana_telemetria;
35116;Barragem XVIII;Nossa Senhora do Livramento;1;3;66260006;CUIABÁ-BEIRA RIO;RIO CUIABÁ;;-15,618900;-56,099700;74,13;0,23;1;local;98,0;;200,0;0,490;2026-09-07 10:00:00;sqlite:sis_cloud_seed.db:ana_estacoes;sqlite:sis_cloud_seed.db:ana_telemetria;contexto_somente
29382;Barragem de Rejeito - Mineração Ouro Fino;Nossa Senhora do Livramento;0;1;66270000;SANTO ANTÔNIO DO LEVERGER;RIO CUIABÁ;;-15,869700;-56,076100;14,14;0,38;1;jusante;;;;;;sqlite:sis_cloud_seed.db:ana_estacoes;sqlite:sis_cloud_seed.db:ana_telemetria;
29382;Barragem de Rejeito - Mineração Ouro Fino;Nossa Senhora do Livramento;0;2;66260001;CUIABÁ;RIO CUIABÁ;;-15,615600;-56,108600;21,25;0,21;1;montante;;;;;;sqlite:sis_cloud_seed.db:ana_estacoes;sqlite:sis_cloud_seed.db:ana_telemetria;
29382;Barragem de Rejeito - Mineração Ouro Fino;Nossa Senhora do Livramento;0;3;66260006;CUIABÁ-BEIRA RIO;RIO CUIABÁ;;-15,618900;-56,099700;21,28;0,23;1;montante;98,0;;200,0;0,490;2026-09-07 10:00:00;sqlite:sis_cloud_seed.db:ana_estacoes;sqlite:sis_cloud_seed.db:ana_telemetria;cota_medida
578;Barragem de Rejeito Max;Nossa Senhora do Livramento;0;1;66270000;SANTO ANTÔNIO DO LEVERGER;RIO CUIABÁ;;-15,869700;-56,076100;12,04;0,38;1;local;;;;;;sqlite:sis_cloud_seed.db:ana_estacoes;sqlite:sis_cloud_seed.db:ana_telemetria;
578;Barragem de Rejeito Max;Nossa Senhora do Livramento;0;2;66260006;CUIABÁ-BEIRA RIO;RIO CUIABÁ;;-15,618900;-56,099700;32,10;0,23;1;montante;98,0;;200,0;0,490;2026-09-07 10:00:00;sqlite:sis_cloud_seed.db:ana_estacoes;sqlite:sis_cloud_seed.db:ana_telemetria;contexto_somente
578;Barragem de Rejeito Max;Nossa Senhora do Livramento;0;3;66260001;CUIABÁ;RIO CUIABÁ;;-15,615600;-56,108600;32,20;0,21;1;montante;;;;;;sqlite:sis_cloud_seed.db:ana_estacoes;sqlite:sis_cloud_seed.db:ana_telemetria;
5648;Barragem do Serginho;Nossa Senhora do Livramento;0;1;66270000;SANTO ANTÔNIO DO LEVERGER;RIO CUIABÁ;;-15,869700;-56,076100;10,97;0,38;1;montante;;;;;;sqlite:sis_cloud_seed.db:ana_estacoes;sqlite:sis_cloud_seed.db:ana_telemetria;
5648;Barragem do Serginho;Nossa Senhora do Livramento;0;2;66260006;CUIABÁ-BEIRA RIO;RIO CUIABÁ;;-15,618900;-56,099700;34,35;0,23;1;montante;98,0;;200,0;0,490;2026-09-07 10:00:00;sqlite:sis_cloud_seed.db:ana_estacoes;sqlite:sis_cloud_seed.db:ana_telemetria;contexto_somente
5648;Barragem do Serginho;Nossa Senhora do Livramento;0;3;66260001;CUIABÁ;RIO CUIABÁ;;-15,615600;-56,108600;34,54;0,21;1;montante;;;;;;sqlite:sis_cloud_seed.db:ana_estacoes;sqlite:sis_cloud_seed.db:ana_telemetria;
27624;Barragem_Valdenir2;Nossa Senhora do Livramento;1;1;66260001;CUIABÁ;RIO CUIABÁ;;-15,615600;-56,108600;18,02;0,21;1;local;;;;;;sqlite:sis_cloud_seed.db:ana_estacoes;sqlite:sis_cloud_seed.db:ana_telemetria;
27624;Barragem_Valdenir2;Nossa Senhora do Livramento;1;2;66260006;CUIABÁ-BEIRA RIO;RIO CUIABÁ;;-15,618900;-56,099700;18,97;0,23;1;local;98,0;;200,0;0,490;2026-09-07 10:00:00;sqlite:sis_cloud_seed.db:ana_estacoes;sqlite:sis_cloud_seed.db:ana_telemetria;cota_medida
27624;Barragem_Valdenir2;Nossa Senhora do Livramento;1;3;66259650;RIO COXIPÓ - AABB;RIO COXIPO;;-15,617500;-56,051100;24,17;3,76;1;local;;;;;;sqlite:sis_cloud_seed.db:ana_estacoes;sqlite:sis_cloud_seed.db:ana_telemetria;
35856;Barramento Salinas 2;Nossa Senhora do Livramento;0;1;66110010;POCONÉ - RIO BENTO GOMES;RIO BENTO GOMES;;-16,337200;-56,560000;26,06;26,95;0;jusante;;;;;;sqlite:sis_cloud_seed.db:ana_estacoes;sqlite:sis_cloud_seed.db:ana_telemetria;
35856;Barramento Salinas 2;Nossa Senhora do Livramento;0;2;66340500;POCONÉ - RIO CUIABÁ;RIO CUIABÁ;;-16,513600;-56,375600;40,42;0,10;1;jusante;72,0;;;;2026-09-07 09:45:00;sqlite:sis_cloud_seed.db:ana_estacoes;sqlite:sis_cloud_seed.db:ana_telemetria;contexto_somente
35856;Barramento Salinas 2;Nossa Senhora do Livramento;0;3;66270000;SANTO ANTÔNIO DO LEVERGER;RIO CUIABÁ;;-15,869700;-56,076100;47,57;0,38;1;montante;;;;;;sqlite:sis_cloud_seed.db:ana_estacoes;sqlite:sis_cloud_seed.db:ana_telemetria;
19977;Campo Experimental Empaer;Nossa Senhora do Livramento;0;1;66260001;CUIABÁ;RIO CUIABÁ;;-15,615600;-56,108600;28,00;0,21;1;montante;;;;;;sqlite:sis_cloud_seed.db:ana_estacoes;sqlite:sis_cloud_seed.db:ana_telemetria;
19977;Campo Experimental Empaer;Nossa Senhora do Livramento;0;2;66270000;SANTO ANTÔNIO DO LEVERGER;RIO CUIABÁ;;-15,869700;-56,076100;28,40;0,38;1;jusante;;;;;;sqlite:sis_cloud_seed.db:ana_estacoes;sqlite:sis_cloud_seed.db:ana_telemetria;
19977;Campo Experimental Empaer;Nossa Senhora do Livramento;0;3;66260006;CUIABÁ-BEIRA RIO;RIO CUIABÁ;;-15,618900;-56,099700;28,56;0,23;1;montante;98,0;;200,0;0,490;2026-09-07 10:00:00;sqlite:sis_cloud_seed.db:ana_estacoes;sqlite:sis_cloud_seed.db:ana_telemetria;cota_medida
8008;Estância Recreio;Nossa Senhora do Livramento;1;1;66260001;CUIABÁ;RIO CUIABÁ;;-15,615600;-56,108600;41,78;0,21;1;montante;;;;;;sqlite:sis_cloud_seed.db:ana_estacoes;sqlite:sis_cloud_seed.db:ana_telemetria;
8008;Estância Recreio;Nossa Senhora do Livramento;1;2;66260006;CUIABÁ-BEIRA RIO;RIO CUIABÁ;;-15,618900;-56,099700;42,70;0,23;1;local;98,0;;200,0;0,490;2026-09-07 10:00:00;sqlite:sis_cloud_seed.db:ana_estacoes;sqlite:sis_cloud_seed.db:ana_telemetria;contexto_somente
8008;Estância Recreio;Nossa Senhora do Livramento;1;3;66259650;RIO COXIPÓ - AABB;RIO COXIPO;;-15,617500;-56,051100;47,90;3,76;1;montante;;;;;;sqlite:sis_cloud_seed.db:ana_estacoes;sqlite:sis_cloud_seed.db:ana_telemetria;
7994;Faz. Cabeça Branca - Barragem 01;Nossa Senhora do Livramento;1;1;66010000;BARRA DO BUGRES;RIO PARAGUAI;;-15,076100;-57,181900;69,47;76,73;0;montante;;;;;;sqlite:sis_cloud_seed.db:ana_estacoes;sqlite:sis_cloud_seed.db:ana_telemetria;
7994;Faz. Cabeça Branca - Barragem 01;Nossa Senhora do Livramento;1;2;66008500;BARRA DO BUGRES - RIO BUGRES;RIO DOS BUGRES;;-14,986700;-57,115800;74,42;70,13;0;montante;;;;;;sqlite:sis_cloud_seed.db:ana_estacoes;sqlite:sis_cloud_seed.db:ana_telemetria;
7994;Faz. Cabeça Branca - Barragem 01;Nossa Senhora do Livramento;1;3;66260001;CUIABÁ;RIO CUIABÁ;;-15,615600;-56,108600;75,08;0,21;1;local;;;;;;sqlite:sis_cloud_seed.db:ana_estacoes;sqlite:sis_cloud_seed.db:ana_telemetria;
7993;Faz. Cabeça Branca - Barragem 02;Nossa Senhora do Livramento;1;1;66010000;BARRA DO BUGRES;RIO PARAGUAI;;-15,076100;-57,181900;68,74;76,73;0;montante;;;;;;sqlite:sis_cloud_seed.db:ana_estacoes;sqlite:sis_cloud_seed.db:ana_telemetria;
7993;Faz. Cabeça Branca - Barragem 02;Nossa Senhora do Livramento;1;2;66008500;BARRA DO BUGRES - RIO BUGRES;RIO DOS BUGRES;;-14,986700;-57,115800;73,80;70,13;0;montante;;;;;;sqlite:sis_cloud_seed.db:ana_estacoes;sqlite:sis_cloud_seed.db:ana_telemetria;
7993;Faz. Cabeça Branca - Barragem 02;Nossa Senhora do Livramento;1;3;66260001;CUIABÁ;RIO CUIABÁ;;-15,615600;-56,108600;76,05;0,21;1;jusante;;;;;;sqlite:sis_cloud_seed.db:ana_estacoes;sqlite:sis_cloud_seed.db:ana_telemetria;
7991;Faz. Cabeça Branca - Barragem 04;Nossa Senhora do Livramento;1;1;66010000;BARRA DO BUGRES;RIO PARAGUAI;;-15,076100;-57,181900;67,95;76,73;0;montante;;;;;;sqlite:sis_cloud_seed.db:ana_estacoes;sqlite:sis_cloud_seed.db:ana_telemetria;
7991;Faz. Cabeça Branca - Barragem 04;Nossa Senhora do Livramento;1;2;66008500;BARRA DO BUGRES - RIO BUGRES;RIO DOS BUGRES;;-14,986700;-57,115800;72,95;70,13;0;montante;;;;;;sqlite:sis_cloud_seed.db:ana_estacoes;sqlite:sis_cloud_seed.db:ana_telemetria;
7991;Faz. Cabeça Branca - Barragem 04;Nossa Senhora do Livramento;1;3;66260001;CUIABÁ;RIO CUIABÁ;;-15,615600;-56,108600;76,21;0,21;1;jusante;;;;;;sqlite:sis_cloud_seed.db:ana_estacoes;sqlite:sis_cloud_seed.db:ana_telemetria;
7990;Faz. Cabeça Branca - Barragem 05;Nossa Senhora do Livramento;1;1;66010000;BARRA DO BUGRES;RIO PARAGUAI;;-15,076100;-57,181900;67,86;76,73;0;montante;;;;;;sqlite:sis_cloud_seed.db:ana_estacoes;sqlite:sis_cloud_seed.db:ana_telemetria;
7990;Faz. Cabeça Branca - Barragem 05;Nossa Senhora do Livramento;1;2;66008500;BARRA DO BUGRES - RIO BUGRES;RIO DOS BUGRES;;-14,986700;-57,115800;72,85;70,13;0;montante;;;;;;sqlite:sis_cloud_seed.db:ana_estacoes;sqlite:sis_cloud_seed.db:ana_telemetria;
7990;Faz. Cabeça Branca - Barragem 05;Nossa Senhora do Livramento;1;3;66260001;CUIABÁ;RIO CUIABÁ;;-15,615600;-56,108600;76,21;0,21;1;jusante;;;;;;sqlite:sis_cloud_seed.db:ana_estacoes;sqlite:sis_cloud_seed.db:ana_telemetria;
7989;Faz. Cabeça Branca - Barragem 06;Nossa Senhora do Livramento;1;1;66010000;BARRA DO BUGRES;RIO PARAGUAI;;-15,076100;-57,181900;67,82;76,73;0;montante;;;;;;sqlite:sis_cloud_seed.db:ana_estacoes;sqlite:sis_cloud_seed.db:ana_telemetria;
7989;Faz. Cabeça Branca - Barragem 06;Nossa Senhora do Livramento;1;2;66008500;BARRA DO BUGRES - RIO BUGRES;RIO DOS BUGRES;;-14,986700;-57,115800;72,86;70,13;0;montante;;;;;;sqlite:sis_cloud_seed.db:ana_estacoes;sqlite:sis_cloud_seed.db:ana_telemetria;
7989;Faz. Cabeça Branca - Barragem 06;Nossa Senhora do Livramento;1;3;66260001;CUIABÁ;RIO CUIABÁ;;-15,615600;-56,108600;76,42;0,21;1;jusante;;;;;;sqlite:sis_cloud_seed.db:ana_estacoes;sqlite:sis_cloud_seed.db:ana_telemetria;
7992;Fazenda Cabeça Branca - Barragem 03;Nossa Senhora do Livramento;1;1;66010000;BARRA DO BUGRES;RIO PARAGUAI;;-15,076100;-57,181900;68,22;76,73;0;montante;;;;;;sqlite:sis_cloud_seed.db:ana_estacoes;sqlite:sis_cloud_seed.db:ana_telemetria;
7992;Fazenda Cabeça Branca - Barragem 03;Nossa Senhora do Livramento;1;2;66008500;BARRA DO BUGRES - RIO BUGRES;RIO DOS BUGRES;;-14,986700;-57,115800;73,25;70,13;0;montante;;;;;;sqlite:sis_cloud_seed.db:ana_estacoes;sqlite:sis_cloud_seed.db:ana_telemetria;
7992;Fazenda Cabeça Branca - Barragem 03;Nossa Senhora do Livramento;1;3;66260001;CUIABÁ;RIO CUIABÁ;;-15,615600;-56,108600;76,19;0,21;1;jusante;;;;;;sqlite:sis_cloud_seed.db:ana_estacoes;sqlite:sis_cloud_seed.db:ana_telemetria;
20047;Fazenda Murici Sesmaria Molhado;Nossa Senhora do Livramento;1;1;66260001;CUIABÁ;RIO CUIABÁ;;-15,615600;-56,108600;75,87;0,21;1;montante;;;;;;sqlite:sis_cloud_seed.db:ana_estacoes;sqlite:sis_cloud_seed.db:ana_telemetria;
20047;Fazenda Murici Sesmaria Molhado;Nossa Senhora do Livramento;1;2;66010000;BARRA DO BUGRES;RIO PARAGUAI;;-15,076100;-57,181900;76,01;76,73;0;montante;;;;;;sqlite:sis_cloud_seed.db:ana_estacoes;sqlite:sis_cloud_seed.db:ana_telemetria;
20047;Fazenda Murici Sesmaria Molhado;Nossa Senhora do Livramento;1;3;66260006;CUIABÁ-BEIRA RIO;RIO CUIABÁ;;-15,618900;-56,099700;76,79;0,23;1;montante;98,0;;200,0;0,490;2026-09-07 10:00:00;sqlite:sis_cloud_seed.db:ana_estacoes;sqlite:sis_cloud_seed.db:ana_telemetria;contexto_somente
20048;Fazenda Murici Sesmaria Molhado;Nossa Senhora do Livramento;1;1;66260001;CUIABÁ;RIO CUIABÁ;;-15,615600;-56,108600;75,34;0,21;1;montante;;;;;;sqlite:sis_cloud_seed.db:ana_estacoes;sqlite:sis_cloud_seed.db:ana_telemetria;
20048;Fazenda Murici Sesmaria Molhado;Nossa Senhora do Livramento;1;2;66260006;CUIABÁ-BEIRA RIO;RIO CUIABÁ;;-15,618900;-56,099700;76,27;0,23;1;montante;98,0;;200,0;0,490;2026-09-07 10:00:00;sqlite:sis_cloud_seed.db:ana_estacoes;sqlite:sis_cloud_seed.db:ana_telemetria;contexto_somente
20048;Fazenda Murici Sesmaria Molhado;Nossa Senhora do Livramento;1;3;66010000;BARRA DO BUGRES;RIO PARAGUAI;;-15,076100;-57,181900;76,52;76,73;0;montante;;;;;;sqlite:sis_cloud_seed.db:ana_estacoes;sqlite:sis_cloud_seed.db:ana_telemetria;
20049;Fazenda Murici Sesmaria Molhado;Nossa Senhora do Livramento;1;1;66010000;BARRA DO BUGRES;RIO PARAGUAI;;-15,076100;-57,181900;75,79;76,73;0;montante;;;;;;sqlite:sis_cloud_seed.db:ana_estacoes;sqlite:sis_cloud_seed.db:ana_telemetria;
20049;Fazenda Murici Sesmaria Molhado;Nossa Senhora do Livramento;1;2;66260001;CUIABÁ;RIO CUIABÁ;;-15,615600;-56,108600;75,84;0,21;1;montante;;;;;;sqlite:sis_cloud_seed.db:ana_estacoes;sqlite:sis_cloud_seed.db:ana_telemetria;
20049;Fazenda Murici Sesmaria Molhado;Nossa Senhora do Livramento;1;3;66260006;CUIABÁ-BEIRA RIO;RIO CUIABÁ;;-15,618900;-56,099700;76,77;0,23;1;montante;98,0;;200,0;0,490;2026-09-07 10:00:00;sqlite:sis_cloud_seed.db:ana_estacoes;sqlite:sis_cloud_seed.db:ana_telemetria;contexto_somente
22045;JABURU;Nossa Senhora do Livramento;0;1;66270000;SANTO ANTÔNIO DO LEVERGER;RIO CUIABÁ;;-15,869700;-56,076100;23,17;0,38;1;montante;;;;;;sqlite:sis_cloud_seed.db:ana_estacoes;sqlite:sis_cloud_seed.db:ana_telemetria;
22045;JABURU;Nossa Senhora do Livramento;0;2;66260001;CUIABÁ;RIO CUIABÁ;;-15,615600;-56,108600;41,12;0,21;1;montante;;;;;;sqlite:sis_cloud_seed.db:ana_estacoes;sqlite:sis_cloud_seed.db:ana_telemetria;
22045;JABURU;Nossa Senhora do Livramento;0;3;66260006;CUIABÁ-BEIRA RIO;RIO CUIABÁ;;-15,618900;-56,099700;41,22;0,23;1;montante;98,0;;200,0;0,490;2026-09-07 10:00:00;sqlite:sis_cloud_seed.db:ana_estacoes;sqlite:sis_cloud_seed.db:ana_telemetria;contexto_somente
23802;JABURU 2;Nossa Senhora do Livramento;0;1;66270000;SANTO ANTÔNIO DO LEVERGER;RIO CUIABÁ;;-15,869700;-56,076100;25,09;0,38;1;montante;;;;;;sqlite:sis_cloud_seed.db:ana_estacoes;sqlite:sis_cloud_seed.db:ana_telemetria;
23802;JABURU 2;Nossa Senhora do Livramento;0;2;66280000;BARÃO DE MELGAÇO;RIO CUIABÁ;;-16,192800;-55,966900;42,22;0,02;1;jusante;;;;;;sqlite:sis_cloud_seed.db:ana_estacoes;sqlite:sis_cloud_seed.db:ana_telemetria;
23802;JABURU 2;Nossa Senhora do Livramento;0;3;66260001;CUIABÁ;RIO CUIABÁ;;-15,615600;-56,108600;43,73;0,21;1;montante;;;;;;sqlite:sis_cloud_seed.db:ana_estacoes;sqlite:sis_cloud_seed.db:ana_telemetria;
29386;LD-01;Nossa Senhora do Livramento;0;1;66270000;SANTO ANTÔNIO DO LEVERGER;RIO CUIABÁ;;-15,869700;-56,076100;11,52;0,38;1;jusante;;;;;;sqlite:sis_cloud_seed.db:ana_estacoes;sqlite:sis_cloud_seed.db:ana_telemetria;
29386;LD-01;Nossa Senhora do Livramento;0;2;66260006;CUIABÁ-BEIRA RIO;RIO CUIABÁ;;-15,618900;-56,099700;22,29;0,23;1;montante;98,0;;200,0;0,490;2026-09-07 10:00:00;sqlite:sis_cloud_seed.db:ana_estacoes;sqlite:sis_cloud_seed.db:ana_telemetria;cota_medida
29386;LD-01;Nossa Senhora do Livramento;0;3;66260001;CUIABÁ;RIO CUIABÁ;;-15,615600;-56,108600;22,37;0,21;1;montante;;;;;;sqlite:sis_cloud_seed.db:ana_estacoes;sqlite:sis_cloud_seed.db:ana_telemetria;
20403;MANÉ;Nossa Senhora do Livramento;0;1;66270000;SANTO ANTÔNIO DO LEVERGER;RIO CUIABÁ;;-15,869700;-56,076100;34,22;0,38;1;jusante;;;;;;sqlite:sis_cloud_seed.db:ana_estacoes;sqlite:sis_cloud_seed.db:ana_telemetria;
20403;MANÉ;Nossa Senhora do Livramento;0;2;66260001;CUIABÁ;RIO CUIABÁ;;-15,615600;-56,108600;37,18;0,21;1;montante;;;;;;sqlite:sis_cloud_seed.db:ana_estacoes;sqlite:sis_cloud_seed.db:ana_telemetria;
20403;MANÉ;Nossa Senhora do Livramento;0;3;66260006;CUIABÁ-BEIRA RIO;RIO CUIABÁ;;-15,618900;-56,099700;37,75;0,23;1;montante;98,0;;200,0;0,490;2026-09-07 10:00:00;sqlite:sis_cloud_seed.db:ana_estacoes;sqlite:sis_cloud_seed.db:ana_telemetria;contexto_somente
26171;MULTI 1;Nossa Senhora do Livramento;1;1;66260001;CUIABÁ;RIO CUIABÁ;;-15,615600;-56,108600;24,95;0,21;1;local;;;;;;sqlite:sis_cloud_seed.db:ana_estacoes;sqlite:sis_cloud_seed.db:ana_telemetria;
26171;MULTI 1;Nossa Senhora do Livramento;1;2;66260006;CUIABÁ-BEIRA RIO;RIO CUIABÁ;;-15,618900;-56,099700;25,86;0,23;1;local;98,0;;200,0;0,490;2026-09-07 10:00:00;sqlite:sis_cloud_seed.db:ana_estacoes;sqlite:sis_cloud_seed.db:ana_telemetria;cota_medida
26171;MULTI 1;Nossa Senhora do Livramento;1;3;66259650;RIO COXIPÓ - AABB;RIO COXIPO;;-15,617500;-56,051100;31,06;3,76;1;local;;;;;;sqlite:sis_cloud_seed.db:ana_estacoes;sqlite:sis_cloud_seed.db:ana_telemetria;
29383;Mineração Livramento;Nossa Senhora do Livramento;0;1;66260001;CUIABÁ;RIO CUIABÁ;;-15,615600;-56,108600;29,20;0,21;1;montante;;;;;;sqlite:sis_cloud_seed.db:ana_estacoes;sqlite:sis_cloud_seed.db:ana_telemetria;
29383;Mineração Livramento;Nossa Senhora do Livramento;0;2;66260006;CUIABÁ-BEIRA RIO;RIO CUIABÁ;;-15,618900;-56,099700;30,00;0,23;1;montante;98,0;;200,0;0,490;2026-09-07 10:00:00;sqlite:sis_cloud_seed.db:ana_estacoes;sqlite:sis_cloud_seed.db:ana_telemetria;cota_medida
29383;Mineração Livramento;Nossa Senhora do Livramento;0;3;66259650;RIO COXIPÓ - AABB;RIO COXIPO;;-15,617500;-56,051100;35,06;3,76;1;montante;;;;;;sqlite:sis_cloud_seed.db:ana_estacoes;sqlite:sis_cloud_seed.db:ana_telemetria;
340;Piscicultura São Rafael;Nossa Senhora do Livramento;1;1;66010000;BARRA DO BUGRES;RIO PARAGUAI;;-15,076100;-57,181900;71,44;76,73;0;montante;;;;;;sqlite:sis_cloud_seed.db:ana_estacoes;sqlite:sis_cloud_seed.db:ana_telemetria;
340;Piscicultura São Rafael;Nossa Senhora do Livramento;1;2;66260001;CUIABÁ;RIO CUIABÁ;;-15,615600;-56,108600;72,22;0,21;1;local;;;;;;sqlite:sis_cloud_seed.db:ana_estacoes;sqlite:sis_cloud_seed.db:ana_telemetria;
340;Piscicultura São Rafael;Nossa Senhora do Livramento;1;3;66260006;CUIABÁ-BEIRA RIO;RIO CUIABÁ;;-15,618900;-56,099700;73,19;0,23;1;local;98,0;;200,0;0,490;2026-09-07 10:00:00;sqlite:sis_cloud_seed.db:ana_estacoes;sqlite:sis_cloud_seed.db:ana_telemetria;contexto_somente
22157;Rabo de Bica;Nossa Senhora do Livramento;0;1;66270000;SANTO ANTÔNIO DO LEVERGER;RIO CUIABÁ;;-15,869700;-56,076100;14,15;0,38;1;montante;;;;;;sqlite:sis_cloud_seed.db:ana_estacoes;sqlite:sis_cloud_seed.db:ana_telemetria;
22157;Rabo de Bica;Nossa Senhora do Livramento;0;2;66260006;CUIABÁ-BEIRA RIO;RIO CUIABÁ;;-15,618900;-56,099700;33,73;0,23;1;montante;98,0;;200,0;0,490;2026-09-07 10:00:00;sqlite:sis_cloud_seed.db:ana_estacoes;sqlite:sis_cloud_seed.db:ana_telemetria;contexto_somente
22157;Rabo de Bica;Nossa Senhora do Livramento;0;3;66260001;CUIABÁ;RIO CUIABÁ;;-15,615600;-56,108600;33,78;0,21;1;montante;;;;;;sqlite:sis_cloud_seed.db:ana_estacoes;sqlite:sis_cloud_seed.db:ana_telemetria;
26536;SAAF;Nossa Senhora do Livramento;0;1;66270000;SANTO ANTÔNIO DO LEVERGER;RIO CUIABÁ;;-15,869700;-56,076100;32,54;0,38;1;jusante;;;;;;sqlite:sis_cloud_seed.db:ana_estacoes;sqlite:sis_cloud_seed.db:ana_telemetria;
26536;SAAF;Nossa Senhora do Livramento;0;2;66260001;CUIABÁ;RIO CUIABÁ;;-15,615600;-56,108600;34,89;0,21;1;montante;;;;;;sqlite:sis_cloud_seed.db:ana_estacoes;sqlite:sis_cloud_seed.db:ana_telemetria;
26536;SAAF;Nossa Senhora do Livramento;0;3;66260006;CUIABÁ-BEIRA RIO;RIO CUIABÁ;;-15,618900;-56,099700;35,45;0,23;1;montante;98,0;;200,0;0,490;2026-09-07 10:00:00;sqlite:sis_cloud_seed.db:ana_estacoes;sqlite:sis_cloud_seed.db:ana_telemetria;contexto_somente
31258;Salinas;Nossa Senhora do Livramento;0;1;66110010;POCONÉ - RIO BENTO GOMES;RIO BENTO GOMES;;-16,337200;-56,560000;22,06;26,95;0;jusante;;;;;;sqlite:sis_cloud_seed.db:ana_estacoes;sqlite:sis_cloud_seed.db:ana_telemetria;
31258;Salinas;Nossa Senhora do Livramento;0;2;66340500;POCONÉ - RIO CUIABÁ;RIO CUIABÁ;;-16,513600;-56,375600;37,83;0,10;1;jusante;72,0;;;;2026-09-07 09:45:00;sqlite:sis_cloud_seed.db:ana_estacoes;sqlite:sis_cloud_seed.db:ana_telemetria;contexto_somente
31258;Salinas;Nossa Senhora do Livramento;0;3;66280000;BARÃO DE MELGAÇO;RIO CUIABÁ;;-16,192800;-55,966900;50,14;0,02;1;local;;;;;;sqlite:sis_cloud_seed.db:ana_estacoes;sqlite:sis_cloud_seed.db:ana_telemetria;
5563;Santa Maria;Nossa Senhora do Livramento;1;1;66260001;CUIABÁ;RIO CUIABÁ;;-15,615600;-56,108600;29,43;0,21;1;montante;;;;;;sqlite:sis_cloud_seed.db:ana_estacoes;sqlite:sis_cloud_seed.db:ana_telemetria;
5563;Santa Maria;Nossa Senhora do Livramento;1;2;66260006;CUIABÁ-BEIRA RIO;RIO CUIABÁ;;-15,618900;-56,099700;30,33;0,23;1;local;98,0;;200,0;0,490;2026-09-07 10:00:00;sqlite:sis_cloud_seed.db:ana_estacoes;sqlite:sis_cloud_seed.db:ana_telemetria;contexto_somente
5563;Santa Maria;Nossa Senhora do Livramento;1;3;66259650;RIO COXIPÓ - AABB;RIO COXIPO;;-15,617500;-56,051100;35,52;3,76;1;montante;;;;;;sqlite:sis_cloud_seed.db:ana_estacoes;sqlite:sis_cloud_seed.db:ana_telemetria;
5645;Santa Tereza;Nossa Senhora do Livramento;0;1;66270000;SANTO ANTÔNIO DO LEVERGER;RIO CUIABÁ;;-15,869700;-56,076100;10,28;0,38;1;local;;;;;;sqlite:sis_cloud_seed.db:ana_estacoes;sqlite:sis_cloud_seed.db:ana_telemetria;
5645;Santa Tereza;Nossa Senhora do Livramento;0;2;66260006;CUIABÁ-BEIRA RIO;RIO CUIABÁ;;-15,618900;-56,099700;29,25;0,23;1;montante;98,0;;200,0;0,490;2026-09-07 10:00:00;sqlite:sis_cloud_seed.db:ana_estacoes;sqlite:sis_cloud_seed.db:ana_telemetria;cota_medida
5645;Santa Tereza;Nossa Senhora do Livramento;0;3;66260001;CUIABÁ;RIO CUIABÁ;;-15,615600;-56,108600;29,37;0,21;1;montante;;;;;;sqlite:sis_cloud_seed.db:ana_estacoes;sqlite:sis_cloud_seed.db:ana_telemetria;
5646;Santa Tereza II;Nossa Senhora do Livramento;0;1;66270000;SANTO ANTÔNIO DO LEVERGER;RIO CUIABÁ;;-15,869700;-56,076100;9,69;0,38;1;local;;;;;;sqlite:sis_cloud_seed.db:ana_estacoes;sqlite:sis_cloud_seed.db:ana_telemetria;
5646;Santa Tereza II;Nossa Senhora do Livramento;0;2;66260006;CUIABÁ-BEIRA RIO;RIO CUIABÁ;;-15,618900;-56,099700;29,32;0,23;1;montante;98,0;;200,0;0,490;2026-09-07 10:00:00;sqlite:sis_cloud_seed.db:ana_estacoes;sqlite:sis_cloud_seed.db:ana_telemetria;cota_medida
5646;Santa Tereza II;Nossa Senhora do Livramento;0;3;66260001;CUIABÁ;RIO CUIABÁ;;-15,615600;-56,108600;29,46;0,21;1;montante;;;;;;sqlite:sis_cloud_seed.db:ana_estacoes;sqlite:sis_cloud_seed.db:ana_telemetria;
26538;Sitio Pirapora;Nossa Senhora do Livramento;1;1;66260001;CUIABÁ;RIO CUIABÁ;;-15,615600;-56,108600;40,32;0,21;1;montante;;;;;;sqlite:sis_cloud_seed.db:ana_estacoes;sqlite:sis_cloud_seed.db:ana_telemetria;
26538;Sitio Pirapora;Nossa Senhora do Livramento;1;2;66260006;CUIABÁ-BEIRA RIO;RIO CUIABÁ;;-15,618900;-56,099700;41,24;0,23;1;montante;98,0;;200,0;0,490;2026-09-07 10:00:00;sqlite:sis_cloud_seed.db:ana_estacoes;sqlite:sis_cloud_seed.db:ana_telemetria;contexto_somente
26538;Sitio Pirapora;Nossa Senhora do Livramento;1;3;66259650;RIO COXIPÓ - AABB;RIO COXIPO;;-15,617500;-56,051100;46,43;3,76;1;montante;;;;;;sqlite:sis_cloud_seed.db:ana_estacoes;sqlite:sis_cloud_seed.db:ana_telemetria;
1282;TB01;Nossa Senhora do Livramento;0;1;66110010;POCONÉ - RIO BENTO GOMES;RIO BENTO GOMES;;-16,337200;-56,560000;43,08;26,95;0;jusante;;;;;;sqlite:sis_cloud_seed.db:ana_estacoes;sqlite:sis_cloud_seed.db:ana_telemetria;
1282;TB01;Nossa Senhora do Livramento;0;2;66270000;SANTO ANTÔNIO DO LEVERGER;RIO CUIABÁ;;-15,869700;-56,076100;44,41;0,38;1;montante;;;;;;sqlite:sis_cloud_seed.db:ana_estacoes;sqlite:sis_cloud_seed.db:ana_telemetria;
1282;TB01;Nossa Senhora do Livramento;0;3;66260001;CUIABÁ;RIO CUIABÁ;;-15,615600;-56,108600;55,07;0,21;1;montante;;;;;;sqlite:sis_cloud_seed.db:ana_estacoes;sqlite:sis_cloud_seed.db:ana_telemetria;
26267;Tadeu;Nossa Senhora do Livramento;0;1;66270000;SANTO ANTÔNIO DO LEVERGER;RIO CUIABÁ;;-15,869700;-56,076100;14,70;0,38;1;montante;;;;;;sqlite:sis_cloud_seed.db:ana_estacoes;sqlite:sis_cloud_seed.db:ana_telemetria;
26267;Tadeu;Nossa Senhora do Livramento;0;2;66280000;BARÃO DE MELGAÇO;RIO CUIABÁ;;-16,192800;-55,966900;36,31;0,02;1;jusante;;;;;;sqlite:sis_cloud_seed.db:ana_estacoes;sqlite:sis_cloud_seed.db:ana_telemetria;
26267;Tadeu;Nossa Senhora do Livramento;0;3;66260006;CUIABÁ-BEIRA RIO;RIO CUIABÁ;;-15,618900;-56,099700;37,54;0,23;1;montante;98,0;;200,0;0,490;2026-09-07 10:00:00;sqlite:sis_cloud_seed.db:ana_estacoes;sqlite:sis_cloud_seed.db:ana_telemetria;contexto_somente
33358;Taquaral II;Nossa Senhora do Livramento;0;1;66110010;POCONÉ - RIO BENTO GOMES;RIO BENTO GOMES;;-16,337200;-56,560000;68,98;26,95;0;jusante;;;;;;sqlite:sis_cloud_seed.db:ana_estacoes;sqlite:sis_cloud_seed.db:ana_telemetria;
33358;Taquaral II;Nossa Senhora do Livramento;0;2;66260001;CUIABÁ;RIO CUIABÁ;;-15,615600;-56,108600;77,54;0,21;1;montante;;;;;;sqlite:sis_cloud_seed.db:ana_estacoes;sqlite:sis_cloud_seed.db:ana_telemetria;
33358;Taquaral II;Nossa Senhora do Livramento;0;3;66260006;CUIABÁ-BEIRA RIO;RIO CUIABÁ;;-15,618900;-56,099700;78,39;0,23;1;montante;98,0;;200,0;0,490;2026-09-07 10:00:00;sqlite:sis_cloud_seed.db:ana_estacoes;sqlite:sis_cloud_seed.db:ana_telemetria;contexto_somente
29376;VALE DO OURO;Nossa Senhora do Livramento;0;1;66270000;SANTO ANTÔNIO DO LEVERGER;RIO CUIABÁ;;-15,869700;-56,076100;40,08;0,38;1;montante;;;;;;sqlite:sis_cloud_seed.db:ana_estacoes;sqlite:sis_cloud_seed.db:ana_telemetria;
29376;VALE DO OURO;Nossa Senhora do Livramento;0;2;66110010;POCONÉ - RIO BENTO GOMES;RIO BENTO GOMES;;-16,337200;-56,560000;47,97;26,95;0;jusante;;;;;;sqlite:sis_cloud_seed.db:ana_estacoes;sqlite:sis_cloud_seed.db:ana_telemetria;
29376;VALE DO OURO;Nossa Senhora do Livramento;0;3;66260001;CUIABÁ;RIO CUIABÁ;;-15,615600;-56,108600;49,56;0,21;1;montante;;;;;;sqlite:sis_cloud_seed.db:ana_estacoes;sqlite:sis_cloud_seed.db:ana_telemetria;
26231;VALE GOLD;Nossa Senhora do Livramento;0;1;66270000;SANTO ANTÔNIO DO LEVERGER;RIO CUIABÁ;;-15,869700;-56,076100;44,70;0,38;1;montante;;;;;;sqlite:sis_cloud_seed.db:ana_estacoes;sqlite:sis_cloud_seed.db:ana_telemetria;
26231;VALE GOLD;Nossa Senhora do Livramento;0;2;66110010;POCONÉ - RIO BENTO GOMES;RIO BENTO GOMES;;-16,337200;-56,560000;47,05;26,95;0;jusante;;;;;;sqlite:sis_cloud_seed.db:ana_estacoes;sqlite:sis_cloud_seed.db:ana_telemetria;
26231;VALE GOLD;Nossa Senhora do Livramento;0;3;66260001;CUIABÁ;RIO CUIABÁ;;-15,615600;-56,108600;53,05;0,21;1;montante;;;;;;sqlite:sis_cloud_seed.db:ana_estacoes;sqlite:sis_cloud_seed.db:ana_telemetria;
20119;Faz. Olho d'Água;Nova Canaã do Norte;0;1;01055005;UHE COLÍDER METEOROLÓGICA;;;-10,954700;-55,778100;52,09;419,05;0;jusante;;;;;;sqlite:sis_cloud_seed.db:ana_estacoes;sqlite:sis_cloud_seed.db:ana_telemetria;
20119;Faz. Olho d'Água;Nova Canaã do Norte;0;2;17305000;UHE COLÍDER BARRAMENTO;RIO TELES PIRES (OU SÃO MANUEL);;-10,975000;-55,768300;54,29;416,94;0;jusante;;;;;;sqlite:sis_cloud_seed.db:ana_estacoes;sqlite:sis_cloud_seed.db:ana_telemetria;
20119;Faz. Olho d'Água;Nova Canaã do Norte;0;3;17304000;UHE COLÍDER RESERVATÓRIO;RIO TELES PIRES (OU SÃO MANUEL);;-10,982200;-55,700300;55,25;417,13;0;jusante;;;;;;sqlite:sis_cloud_seed.db:ana_estacoes;sqlite:sis_cloud_seed.db:ana_telemetria;
20114;Faz. Telles Pires;Nova Canaã do Norte;0;1;01055005;UHE COLÍDER METEOROLÓGICA;;;-10,954700;-55,778100;31,53;419,05;0;jusante;;;;;;sqlite:sis_cloud_seed.db:ana_estacoes;sqlite:sis_cloud_seed.db:ana_telemetria;
20114;Faz. Telles Pires;Nova Canaã do Norte;0;2;17307000;UHE COLÍDER PESQUEIRO DO GIL;RIO TELES PIRES (OU SÃO MANUEL);;-10,983100;-55,838900;32,93;415,16;0;jusante;;;;;;sqlite:sis_cloud_seed.db:ana_estacoes;sqlite:sis_cloud_seed.db:ana_telemetria;
20114;Faz. Telles Pires;Nova Canaã do Norte;0;3;17305000;UHE COLÍDER BARRAMENTO;RIO TELES PIRES (OU SÃO MANUEL);;-10,975000;-55,768300;34,02;416,94;0;jusante;;;;;;sqlite:sis_cloud_seed.db:ana_estacoes;sqlite:sis_cloud_seed.db:ana_telemetria;
20033;Fazenda Eldorado;Nova Canaã do Norte;0;1;17340200;UHE TELES PIRES MONTANTE 2;RIO TELES PIRES (OU SÃO MANUEL);;-9,950600;-55,576700;45,22;532,61;0;montante;;;;;;sqlite:sis_cloud_seed.db:ana_estacoes;sqlite:sis_cloud_seed.db:ana_telemetria;
20033;Fazenda Eldorado;Nova Canaã do Norte;0;2;01055005;UHE COLÍDER METEOROLÓGICA;;;-10,954700;-55,778100;73,35;419,05;0;jusante;;;;;;sqlite:sis_cloud_seed.db:ana_estacoes;sqlite:sis_cloud_seed.db:ana_telemetria;
20033;Fazenda Eldorado;Nova Canaã do Norte;0;3;17305000;UHE COLÍDER BARRAMENTO;RIO TELES PIRES (OU SÃO MANUEL);;-10,975000;-55,768300;75,64;416,94;0;jusante;;;;;;sqlite:sis_cloud_seed.db:ana_estacoes;sqlite:sis_cloud_seed.db:ana_telemetria;
35726;Fazenda Olho D'Água - Barramento 1;Nova Canaã do Norte;0;1;01055005;UHE COLÍDER METEOROLÓGICA;;;-10,954700;-55,778100;51,91;419,05;0;jusante;;;;;;sqlite:sis_cloud_seed.db:ana_estacoes;sqlite:sis_cloud_seed.db:ana_telemetria;
35726;Fazenda Olho D'Água - Barramento 1;Nova Canaã do Norte;0;2;17305000;UHE COLÍDER BARRAMENTO;RIO TELES PIRES (OU SÃO MANUEL);;-10,975000;-55,768300;54,10;416,94;0;jusante;;;;;;sqlite:sis_cloud_seed.db:ana_estacoes;sqlite:sis_cloud_seed.db:ana_telemetria;
35726;Fazenda Olho D'Água - Barramento 1;Nova Canaã do Norte;0;3;17304000;UHE COLÍDER RESERVATÓRIO;RIO TELES PIRES (OU SÃO MANUEL);;-10,982200;-55,700300;55,06;417,13;0;jusante;;;;;;sqlite:sis_cloud_seed.db:ana_estacoes;sqlite:sis_cloud_seed.db:ana_telemetria;
35727;Fazenda Olho D'Água - Barramento 2;Nova Canaã do Norte;0;1;01055005;UHE COLÍDER METEOROLÓGICA;;;-10,954700;-55,778100;52,10;419,05;0;jusante;;;;;;sqlite:sis_cloud_seed.db:ana_estacoes;sqlite:sis_cloud_seed.db:ana_telemetria;
35727;Fazenda Olho D'Água - Barramento 2;Nova Canaã do Norte;0;2;17305000;UHE COLÍDER BARRAMENTO;RIO TELES PIRES (OU SÃO MANUEL);;-10,975000;-55,768300;54,29;416,94;0;jusante;;;;;;sqlite:sis_cloud_seed.db:ana_estacoes;sqlite:sis_cloud_seed.db:ana_telemetria;
35727;Fazenda Olho D'Água - Barramento 2;Nova Canaã do Norte;0;3;17304000;UHE COLÍDER RESERVATÓRIO;RIO TELES PIRES (OU SÃO MANUEL);;-10,982200;-55,700300;55,25;417,13;0;jusante;;;;;;sqlite:sis_cloud_seed.db:ana_estacoes;sqlite:sis_cloud_seed.db:ana_telemetria;
4814;UHE Colíder - Colíder;Nova Canaã do Norte;0;1;17305000;UHE COLÍDER BARRAMENTO;RIO TELES PIRES (OU SÃO MANUEL);;-10,975000;-55,768300;1,11;416,94;0;local;;;;;;sqlite:sis_cloud_seed.db:ana_estacoes;sqlite:sis_cloud_seed.db:ana_telemetria;
4814;UHE Colíder - Colíder;Nova Canaã do Norte;0;2;01055005;UHE COLÍDER METEOROLÓGICA;;;-10,954700;-55,778100;3,58;419,05;0;local;;;;;;sqlite:sis_cloud_seed.db:ana_estacoes;sqlite:sis_cloud_seed.db:ana_telemetria;
4814;UHE Colíder - Colíder;Nova Canaã do Norte;0;3;17304000;UHE COLÍDER RESERVATÓRIO;RIO TELES PIRES (OU SÃO MANUEL);;-10,982200;-55,700300;7,19;417,13;0;local;;;;;;sqlite:sis_cloud_seed.db:ana_estacoes;sqlite:sis_cloud_seed.db:ana_telemetria;
1263;B5;Nova Lacerda;0;1;15121500;CGH NOVA LACERDA JUSANTE;CÓRREGO DO OURO;;-14,421900;-59,525000;29,35;334,79;0;montante;;;;;;sqlite:sis_cloud_seed.db:ana_estacoes;sqlite:sis_cloud_seed.db:ana_telemetria;
1263;B5;Nova Lacerda;0;2;15121000;PCH SALTO CORGÃO JUSANTE;RIO CORGÃO;;-14,457500;-59,508600;29,53;332,34;0;montante;;;;;;sqlite:sis_cloud_seed.db:ana_estacoes;sqlite:sis_cloud_seed.db:ana_telemetria;
1263;B5;Nova Lacerda;0;3;15121400;CGH NOVA LACERDA BARRAMENTO;CÓRREGO DO OURO;;-14,407200;-59,520800;30,50;334,66;0;montante;;;;;;sqlite:sis_cloud_seed.db:ana_estacoes;sqlite:sis_cloud_seed.db:ana_telemetria;
35857;BARRAGEM FORTALEZA;Nova Lacerda;0;1;15121500;CGH NOVA LACERDA JUSANTE;CÓRREGO DO OURO;;-14,421900;-59,525000;58,39;334,79;0;jusante;;;;;;sqlite:sis_cloud_seed.db:ana_estacoes;sqlite:sis_cloud_seed.db:ana_telemetria;
35857;BARRAGEM FORTALEZA;Nova Lacerda;0;2;15121400;CGH NOVA LACERDA BARRAMENTO;CÓRREGO DO OURO;;-14,407200;-59,520800;58,50;334,66;0;jusante;;;;;;sqlite:sis_cloud_seed.db:ana_estacoes;sqlite:sis_cloud_seed.db:ana_telemetria;
35857;BARRAGEM FORTALEZA;Nova Lacerda;0;3;15121000;PCH SALTO CORGÃO JUSANTE;RIO CORGÃO;;-14,457500;-59,508600;61,07;332,34;0;jusante;;;;;;sqlite:sis_cloud_seed.db:ana_estacoes;sqlite:sis_cloud_seed.db:ana_telemetria;
36068;BARRAGEM TRIUNFO IV;Nova Lacerda;0;1;15121500;CGH NOVA LACERDA JUSANTE;CÓRREGO DO OURO;;-14,421900;-59,525000;50,09;334,79;0;local;;;;;;sqlite:sis_cloud_seed.db:ana_estacoes;sqlite:sis_cloud_seed.db:ana_telemetria;
36068;BARRAGEM TRIUNFO IV;Nova Lacerda;0;2;15121400;CGH NOVA LACERDA BARRAMENTO;CÓRREGO DO OURO;;-14,407200;-59,520800;50,46;334,66;0;local;;;;;;sqlite:sis_cloud_seed.db:ana_estacoes;sqlite:sis_cloud_seed.db:ana_telemetria;
36068;BARRAGEM TRIUNFO IV;Nova Lacerda;0;3;15121000;PCH SALTO CORGÃO JUSANTE;RIO CORGÃO;;-14,457500;-59,508600;52,25;332,34;0;jusante;;;;;;sqlite:sis_cloud_seed.db:ana_estacoes;sqlite:sis_cloud_seed.db:ana_telemetria;
35120;Barragem Sankara;Nova Lacerda;0;1;15121000;PCH SALTO CORGÃO JUSANTE;RIO CORGÃO;;-14,457500;-59,508600;30,93;332,34;0;montante;;;;;;sqlite:sis_cloud_seed.db:ana_estacoes;sqlite:sis_cloud_seed.db:ana_telemetria;
35120;Barragem Sankara;Nova Lacerda;0;2;15121500;CGH NOVA LACERDA JUSANTE;CÓRREGO DO OURO;;-14,421900;-59,525000;32,08;334,79;0;montante;;;;;;sqlite:sis_cloud_seed.db:ana_estacoes;sqlite:sis_cloud_seed.db:ana_telemetria;
35120;Barragem Sankara;Nova Lacerda;0;3;15121400;CGH NOVA LACERDA BARRAMENTO;CÓRREGO DO OURO;;-14,407200;-59,520800;33,54;334,66;0;montante;;;;;;sqlite:sis_cloud_seed.db:ana_estacoes;sqlite:sis_cloud_seed.db:ana_telemetria;
34225;CGH Fazenda Galera 1 - Galera 1A;Nova Lacerda;0;1;15121000;PCH SALTO CORGÃO JUSANTE;RIO CORGÃO;;-14,457500;-59,508600;1,73;332,34;0;local;;;;;;sqlite:sis_cloud_seed.db:ana_estacoes;sqlite:sis_cloud_seed.db:ana_telemetria;
34225;CGH Fazenda Galera 1 - Galera 1A;Nova Lacerda;0;2;15120500;PCH SALTO CORGÃO BARRAMENTO;RIO CORGÃO;;-14,447800;-59,484700;2,22;330,00;0;local;;;;;;sqlite:sis_cloud_seed.db:ana_estacoes;sqlite:sis_cloud_seed.db:ana_telemetria;
34225;CGH Fazenda Galera 1 - Galera 1A;Nova Lacerda;0;3;15121500;CGH NOVA LACERDA JUSANTE;CÓRREGO DO OURO;;-14,421900;-59,525000;5,83;334,79;0;montante;;;;;;sqlite:sis_cloud_seed.db:ana_estacoes;sqlite:sis_cloud_seed.db:ana_telemetria;
24107;CGH MAX-01 (Nova Lacerda)  - NOVA LACERDA;Nova Lacerda;0;1;15121500;CGH NOVA LACERDA JUSANTE;CÓRREGO DO OURO;;-14,421900;-59,525000;0,48;334,79;0;local;;;;;;sqlite:sis_cloud_seed.db:ana_estacoes;sqlite:sis_cloud_seed.db:ana_telemetria;
24107;CGH MAX-01 (Nova Lacerda)  - NOVA LACERDA;Nova Lacerda;0;2;15121400;CGH NOVA LACERDA BARRAMENTO;CÓRREGO DO OURO;;-14,407200;-59,520800;1,22;334,66;0;local;;;;;;sqlite:sis_cloud_seed.db:ana_estacoes;sqlite:sis_cloud_seed.db:ana_telemetria;
24107;CGH MAX-01 (Nova Lacerda)  - NOVA LACERDA;Nova Lacerda;0;3;15121000;PCH SALTO CORGÃO JUSANTE;RIO CORGÃO;;-14,457500;-59,508600;4,70;332,34;0;jusante;;;;;;sqlite:sis_cloud_seed.db:ana_estacoes;sqlite:sis_cloud_seed.db:ana_telemetria;
34043;CGH Saxão - principal;Nova Lacerda;0;1;15120500;PCH SALTO CORGÃO BARRAMENTO;RIO CORGÃO;;-14,447800;-59,484700;4,79;330,00;0;jusante;;;;;;sqlite:sis_cloud_seed.db:ana_estacoes;sqlite:sis_cloud_seed.db:ana_telemetria;
34043;CGH Saxão - principal;Nova Lacerda;0;2;15121400;CGH NOVA LACERDA BARRAMENTO;CÓRREGO DO OURO;;-14,407200;-59,520800;7,28;334,66;0;local;;;;;;sqlite:sis_cloud_seed.db:ana_estacoes;sqlite:sis_cloud_seed.db:ana_telemetria;
34043;CGH Saxão - principal;Nova Lacerda;0;3;15121000;PCH SALTO CORGÃO JUSANTE;RIO CORGÃO;;-14,457500;-59,508600;7,43;332,34;0;jusante;;;;;;sqlite:sis_cloud_seed.db:ana_estacoes;sqlite:sis_cloud_seed.db:ana_telemetria;
4256;PCH Salto Corgão - Salto Corgão;Nova Lacerda;0;1;15121000;PCH SALTO CORGÃO JUSANTE;RIO CORGÃO;;-14,457500;-59,508600;0,19;332,34;0;local;;;;;;sqlite:sis_cloud_seed.db:ana_estacoes;sqlite:sis_cloud_seed.db:ana_telemetria;
4256;PCH Salto Corgão - Salto Corgão;Nova Lacerda;0;2;15120500;PCH SALTO CORGÃO BARRAMENTO;RIO CORGÃO;;-14,447800;-59,484700;2,61;330,00;0;local;;;;;;sqlite:sis_cloud_seed.db:ana_estacoes;sqlite:sis_cloud_seed.db:ana_telemetria;
4256;PCH Salto Corgão - Salto Corgão;Nova Lacerda;0;3;15121500;CGH NOVA LACERDA JUSANTE;CÓRREGO DO OURO;;-14,421900;-59,525000;4,38;334,79;0;montante;;;;;;sqlite:sis_cloud_seed.db:ana_estacoes;sqlite:sis_cloud_seed.db:ana_telemetria;
36532;Barragem Gran Fish - Jusante;Nova Marilândia;0;1;66005950;PCH SANTANA I BARRAMENTO;RIO SANTANA;;-14,391700;-56,829200;14,16;65,43;0;local;;;;;;sqlite:sis_cloud_seed.db:ana_estacoes;sqlite:sis_cloud_seed.db:ana_telemetria;
36532;Barragem Gran Fish - Jusante;Nova Marilândia;0;2;66005960;PCH SANTANA I JUSANTE;RIO SANTANA;;-14,425300;-56,824700;15,10;62,48;0;jusante;;;;;;sqlite:sis_cloud_seed.db:ana_estacoes;sqlite:sis_cloud_seed.db:ana_telemetria;
36532;Barragem Gran Fish - Jusante;Nova Marilândia;0;3;66006011;NORTELÂNDIA;RIO SANTANA;;-14,453300;-56,809400;17,65;59,16;0;jusante;;;;;;sqlite:sis_cloud_seed.db:ana_estacoes;sqlite:sis_cloud_seed.db:ana_telemetria;
36533;Barragem Gran Fish – Montante;Nova Marilândia;0;1;66005950;PCH SANTANA I BARRAMENTO;RIO SANTANA;;-14,391700;-56,829200;14,89;65,43;0;local;;;;;;sqlite:sis_cloud_seed.db:ana_estacoes;sqlite:sis_cloud_seed.db:ana_telemetria;
36533;Barragem Gran Fish – Montante;Nova Marilândia;0;2;66005960;PCH SANTANA I JUSANTE;RIO SANTANA;;-14,425300;-56,824700;15,76;62,48;0;jusante;;;;;;sqlite:sis_cloud_seed.db:ana_estacoes;sqlite:sis_cloud_seed.db:ana_telemetria;
36533;Barragem Gran Fish – Montante;Nova Marilândia;0;3;66006011;NORTELÂNDIA;RIO SANTANA;;-14,453300;-56,809400;18,24;59,16;0;jusante;;;;;;sqlite:sis_cloud_seed.db:ana_estacoes;sqlite:sis_cloud_seed.db:ana_telemetria;
30884;Barragem na Fazenda Paulista III;Nova Marilândia;0;1;66005950;PCH SANTANA I BARRAMENTO;RIO SANTANA;;-14,391700;-56,829200;14,72;65,43;0;local;;;;;;sqlite:sis_cloud_seed.db:ana_estacoes;sqlite:sis_cloud_seed.db:ana_telemetria;
30884;Barragem na Fazenda Paulista III;Nova Marilândia;0;2;66005960;PCH SANTANA I JUSANTE;RIO SANTANA;;-14,425300;-56,824700;15,95;62,48;0;jusante;;;;;;sqlite:sis_cloud_seed.db:ana_estacoes;sqlite:sis_cloud_seed.db:ana_telemetria;
30884;Barragem na Fazenda Paulista III;Nova Marilândia;0;3;66005900;CGH DIAMANTE JUSANTE;RIO SANTANA;;-14,345600;-56,796400;18,61;66,83;0;montante;;;;;;sqlite:sis_cloud_seed.db:ana_estacoes;sqlite:sis_cloud_seed.db:ana_telemetria;
4218;PCH Maracanã - Córrego Maracanã;Nova Marilândia;0;1;66025000;PCH MARACANÃ BARRAMENTO;RIO MARACANÃ;;-14,333100;-57,615600;0,05;139,92;0;local;;;;;;sqlite:sis_cloud_seed.db:ana_estacoes;sqlite:sis_cloud_seed.db:ana_telemetria;
4218;PCH Maracanã - Córrego Maracanã;Nova Marilândia;0;2;66025500;PCH MARACANÃ JUSANTE;RIO MARACANÃ;;-14,355000;-57,616400;2,44;139,02;0;local;;;;;;sqlite:sis_cloud_seed.db:ana_estacoes;sqlite:sis_cloud_seed.db:ana_telemetria;
4218;PCH Maracanã - Córrego Maracanã;Nova Marilândia;0;3;66021000;CGH VERMELHO DO PARECIS MONTANTE;CÓRREGO VERMELHO;;-14,316100;-57,534400;9,00;132,81;0;local;;;;;;sqlite:sis_cloud_seed.db:ana_estacoes;sqlite:sis_cloud_seed.db:ana_telemetria;
20146;Sítio São José;Nova Marilândia;0;1;66005950;PCH SANTANA I BARRAMENTO;RIO SANTANA;;-14,391700;-56,829200;14,87;65,43;0;jusante;;;;;;sqlite:sis_cloud_seed.db:ana_estacoes;sqlite:sis_cloud_seed.db:ana_telemetria;
20146;Sítio São José;Nova Marilândia;0;2;66005960;PCH SANTANA I JUSANTE;RIO SANTANA;;-14,425300;-56,824700;16,59;62,48;0;jusante;;;;;;sqlite:sis_cloud_seed.db:ana_estacoes;sqlite:sis_cloud_seed.db:ana_telemetria;
20146;Sítio São José;Nova Marilândia;0;3;66005900;CGH DIAMANTE JUSANTE;RIO SANTANA;;-14,345600;-56,796400;18,07;66,83;0;local;;;;;;sqlite:sis_cloud_seed.db:ana_estacoes;sqlite:sis_cloud_seed.db:ana_telemetria;
35166;Barramento (montante) - Fazenda Ranchinho;Nova Maringá;0;1;17093600;PCH GARGANTA DA JARARACA BARRAMENTO;RIO DO SANGUE;;-13,387800;-57,622500;23,29;205,74;0;montante;;;;;;sqlite:sis_cloud_seed.db:ana_estacoes;sqlite:sis_cloud_seed.db:ana_telemetria;
35166;Barramento (montante) - Fazenda Ranchinho;Nova Maringá;0;2;17093700;PCH GARGANTA DA JARARACA  JUSANTE;RIO DO SANGUE;;-13,386700;-57,624400;23,53;205,97;0;montante;;;;;;sqlite:sis_cloud_seed.db:ana_estacoes;sqlite:sis_cloud_seed.db:ana_telemetria;
35166;Barramento (montante) - Fazenda Ranchinho;Nova Maringá;0;3;17093750;PCH INXU BARRAMENTO;RIO DO SANGUE;;-13,355600;-57,613600;23,71;207,90;0;montante;;;;;;sqlite:sis_cloud_seed.db:ana_estacoes;sqlite:sis_cloud_seed.db:ana_telemetria;
35025;CGH DUAS PONTES - Barramento Duas Pontes;Nova Maringá;0;1;17099100;CGH NOVO COLORADO BARRAMENTO;RIBEIRÃO ÁGUA VERDE;;-13,983600;-57,068100;30,34;116,56;0;jusante;;;;;;sqlite:sis_cloud_seed.db:ana_estacoes;sqlite:sis_cloud_seed.db:ana_telemetria;
35025;CGH DUAS PONTES - Barramento Duas Pontes;Nova Maringá;0;2;17223000;CGH CORRENTÃO JUSANTE;RIBEIRÃO LAGOA ROSA;;-13,821700;-56,988900;31,55;125,56;0;local;;;;;;sqlite:sis_cloud_seed.db:ana_estacoes;sqlite:sis_cloud_seed.db:ana_telemetria;
35025;CGH DUAS PONTES - Barramento Duas Pontes;Nova Maringá;0;3;17099130;CGH NOVO COLORADO JUSANTE;RIBEIRÃO ÁGUA VERDE;;-13,976400;-57,042800;31,97;115,54;0;jusante;;;;;;sqlite:sis_cloud_seed.db:ana_estacoes;sqlite:sis_cloud_seed.db:ana_telemetria;
7988;Faz. Ponte de Pedra;Nova Maringá;0;1;01357012;PZ_NOVA MARINGÁ SEDE;;;-13,033300;-57,150000;2,17;208,84;0;local;;;;;;sqlite:sis_cloud_seed.db:ana_estacoes;sqlite:sis_cloud_seed.db:ana_telemetria;
7988;Faz. Ponte de Pedra;Nova Maringá;0;2;01357013;PZ_NOVA MARINGÁ BRIANORTE;;;-13,023100;-57,095300;7,96;207,18;0;local;;;;;;sqlite:sis_cloud_seed.db:ana_estacoes;sqlite:sis_cloud_seed.db:ana_telemetria;
7988;Faz. Ponte de Pedra;Nova Maringá;0;3;17094050;PCH INXU JUSANTE;RIO DO SANGUE;;-13,205000;-57,505000;40,84;213,81;0;jusante;;;;;;sqlite:sis_cloud_seed.db:ana_estacoes;sqlite:sis_cloud_seed.db:ana_telemetria;
36474;Fazenda Centro Oeste;Nova Maringá;0;1;01357012;PZ_NOVA MARINGÁ SEDE;;;-13,033300;-57,150000;40,16;208,84;0;montante;;;;;;sqlite:sis_cloud_seed.db:ana_estacoes;sqlite:sis_cloud_seed.db:ana_telemetria;
36474;Fazenda Centro Oeste;Nova Maringá;0;2;01357013;PZ_NOVA MARINGÁ BRIANORTE;;;-13,023100;-57,095300;41,22;207,18;0;montante;;;;;;sqlite:sis_cloud_seed.db:ana_estacoes;sqlite:sis_cloud_seed.db:ana_telemetria;
36474;Fazenda Centro Oeste;Nova Maringá;0;3;17094050;PCH INXU JUSANTE;RIO DO SANGUE;;-13,205000;-57,505000;46,78;213,81;0;montante;;;;;;sqlite:sis_cloud_seed.db:ana_estacoes;sqlite:sis_cloud_seed.db:ana_telemetria;
35165;Fazenda Ranchinho ? Barramento (Principal);Nova Maringá;0;1;17093600;PCH GARGANTA DA JARARACA BARRAMENTO;RIO DO SANGUE;;-13,387800;-57,622500;23,59;205,74;0;montante;;;;;;sqlite:sis_cloud_seed.db:ana_estacoes;sqlite:sis_cloud_seed.db:ana_telemetria;
35165;Fazenda Ranchinho ? Barramento (Principal);Nova Maringá;0;2;17093700;PCH GARGANTA DA JARARACA  JUSANTE;RIO DO SANGUE;;-13,386700;-57,624400;23,82;205,97;0;montante;;;;;;sqlite:sis_cloud_seed.db:ana_estacoes;sqlite:sis_cloud_seed.db:ana_telemetria;
35165;Fazenda Ranchinho ? Barramento (Principal);Nova Maringá;0;3;17093750;PCH INXU BARRAMENTO;RIO DO SANGUE;;-13,355600;-57,613600;23,87;207,90;0;montante;;;;;;sqlite:sis_cloud_seed.db:ana_estacoes;sqlite:sis_cloud_seed.db:ana_telemetria;
23632;Massa d'Água #203851;Nova Maringá;0;1;17093500;PCH GARGANTA DA JARARACA MONTANTE 2;RIO DO SANGUE;;-13,473300;-57,641700;40,45;199,91;0;montante;;;;;;sqlite:sis_cloud_seed.db:ana_estacoes;sqlite:sis_cloud_seed.db:ana_telemetria;
23632;Massa d'Água #203851;Nova Maringá;0;2;17093600;PCH GARGANTA DA JARARACA BARRAMENTO;RIO DO SANGUE;;-13,387800;-57,622500;41,99;205,74;0;montante;;;;;;sqlite:sis_cloud_seed.db:ana_estacoes;sqlite:sis_cloud_seed.db:ana_telemetria;
23632;Massa d'Água #203851;Nova Maringá;0;3;17093700;PCH GARGANTA DA JARARACA  JUSANTE;RIO DO SANGUE;;-13,386700;-57,624400;42,23;205,97;0;montante;;;;;;sqlite:sis_cloud_seed.db:ana_estacoes;sqlite:sis_cloud_seed.db:ana_telemetria;
4172;PCH Garganta da Jararaca - Garganta da Jararaca;Nova Maringá;0;1;17093600;PCH GARGANTA DA JARARACA BARRAMENTO;RIO DO SANGUE;;-13,387800;-57,622500;0,31;205,74;0;local;;;;;;sqlite:sis_cloud_seed.db:ana_estacoes;sqlite:sis_cloud_seed.db:ana_telemetria;
4172;PCH Garganta da Jararaca - Garganta da Jararaca;Nova Maringá;0;2;17093700;PCH GARGANTA DA JARARACA  JUSANTE;RIO DO SANGUE;;-13,386700;-57,624400;0,47;205,97;0;local;;;;;;sqlite:sis_cloud_seed.db:ana_estacoes;sqlite:sis_cloud_seed.db:ana_telemetria;
4172;PCH Garganta da Jararaca - Garganta da Jararaca;Nova Maringá;0;3;17093750;PCH INXU BARRAMENTO;RIO DO SANGUE;;-13,355600;-57,613600;4,02;207,90;0;montante;;;;;;sqlite:sis_cloud_seed.db:ana_estacoes;sqlite:sis_cloud_seed.db:ana_telemetria;
4278;PCH Inxú - S/N;Nova Maringá;0;1;17093750;PCH INXU BARRAMENTO;RIO DO SANGUE;;-13,355600;-57,613600;0,03;207,90;0;local;;;;;;sqlite:sis_cloud_seed.db:ana_estacoes;sqlite:sis_cloud_seed.db:ana_telemetria;
4278;PCH Inxú - S/N;Nova Maringá;0;2;17093700;PCH GARGANTA DA JARARACA  JUSANTE;RIO DO SANGUE;;-13,386700;-57,624400;3,64;205,97;0;jusante;;;;;;sqlite:sis_cloud_seed.db:ana_estacoes;sqlite:sis_cloud_seed.db:ana_telemetria;
4278;PCH Inxú - S/N;Nova Maringá;0;3;17093600;PCH GARGANTA DA JARARACA BARRAMENTO;RIO DO SANGUE;;-13,387800;-57,622500;3,70;205,74;0;jusante;;;;;;sqlite:sis_cloud_seed.db:ana_estacoes;sqlite:sis_cloud_seed.db:ana_telemetria;
31665;Barramento Fazenda Sossego 2;Nova Mutum;0;1;17250550;PCH NOVA MUTUM JUSANTE;RIO DOS PATOS;;-13,591400;-56,216400;18,28;122,82;0;jusante;;;;;;sqlite:sis_cloud_seed.db:ana_estacoes;sqlite:sis_cloud_seed.db:ana_telemetria;
31665;Barramento Fazenda Sossego 2;Nova Mutum;0;2;17250500;PCH NOVA MUTUM BARRRAMENTO;RIO DOS PATOS;;-13,603600;-56,200600;19,15;121,52;0;jusante;;;;;;sqlite:sis_cloud_seed.db:ana_estacoes;sqlite:sis_cloud_seed.db:ana_telemetria;
31665;Barramento Fazenda Sossego 2;Nova Mutum;0;3;17229000;PCH CANOA QUEBRADA RIBEIRÃO RANCHÃO;RIBEIRÃO RANCHÃO;;-13,298600;-55,912200;31,24;159,47;0;montante;;;;;;sqlite:sis_cloud_seed.db:ana_estacoes;sqlite:sis_cloud_seed.db:ana_telemetria;
20078;Faz. Karnoski;Nova Mutum;0;1;17240900;PCH NOVA MUTUM MONTANTE;RIO DOS PATOS;;-13,758300;-56,053600;35,98;106,27;0;montante;;;;;;sqlite:sis_cloud_seed.db:ana_estacoes;sqlite:sis_cloud_seed.db:ana_telemetria;
20078;Faz. Karnoski;Nova Mutum;0;2;17228000;PCH CANOA QUEBRADA RIBEIRÃO GRANDE;RIBEIRÃO GRANDE;;-13,401700;-55,826900;49,53;150,79;0;montante;;;;;;sqlite:sis_cloud_seed.db:ana_estacoes;sqlite:sis_cloud_seed.db:ana_telemetria;
20078;Faz. Karnoski;Nova Mutum;0;3;01355007;PZ_SANTA RITA DO TRIVELATO;;;-13,825300;-55,270300;49,70;127,42;0;local;;;;;;sqlite:sis_cloud_seed.db:ana_estacoes;sqlite:sis_cloud_seed.db:ana_telemetria;
8023;Faz. Mafra - Barragem 01;Nova Mutum;0;1;17250550;PCH NOVA MUTUM JUSANTE;RIO DOS PATOS;;-13,591400;-56,216400;21,59;122,82;0;jusante;;;;;;sqlite:sis_cloud_seed.db:ana_estacoes;sqlite:sis_cloud_seed.db:ana_telemetria;
8023;Faz. Mafra - Barragem 01;Nova Mutum;0;2;17250500;PCH NOVA MUTUM BARRRAMENTO;RIO DOS PATOS;;-13,603600;-56,200600;23,50;121,52;0;jusante;;;;;;sqlite:sis_cloud_seed.db:ana_estacoes;sqlite:sis_cloud_seed.db:ana_telemetria;
8023;Faz. Mafra - Barragem 01;Nova Mutum;0;3;17099500;FAZENDA MASSAPÉ;RIO CLARO;;-13,503200;-56,618300;37,11;138,45;0;jusante;194,0;70,41;;;2026-09-07 09:45:00;sqlite:sis_cloud_seed.db:ana_estacoes;sqlite:sis_cloud_seed.db:ana_telemetria;contexto_somente
8027;Faz. Mafra - Barragem 02;Nova Mutum;0;1;17250550;PCH NOVA MUTUM JUSANTE;RIO DOS PATOS;;-13,591400;-56,216400;24,02;122,82;0;jusante;;;;;;sqlite:sis_cloud_seed.db:ana_estacoes;sqlite:sis_cloud_seed.db:ana_telemetria;
8027;Faz. Mafra - Barragem 02;Nova Mutum;0;2;17250500;PCH NOVA MUTUM BARRRAMENTO;RIO DOS PATOS;;-13,603600;-56,200600;25,55;121,52;0;jusante;;;;;;sqlite:sis_cloud_seed.db:ana_estacoes;sqlite:sis_cloud_seed.db:ana_telemetria;
8027;Faz. Mafra - Barragem 02;Nova Mutum;0;3;17229000;PCH CANOA QUEBRADA RIBEIRÃO RANCHÃO;RIBEIRÃO RANCHÃO;;-13,298600;-55,912200;35,68;159,47;0;montante;;;;;;sqlite:sis_cloud_seed.db:ana_estacoes;sqlite:sis_cloud_seed.db:ana_telemetria;
8019;Faz. Mafra - Barragem 03;Nova Mutum;0;1;17250550;PCH NOVA MUTUM JUSANTE;RIO DOS PATOS;;-13,591400;-56,216400;20,00;122,82;0;jusante;;;;;;sqlite:sis_cloud_seed.db:ana_estacoes;sqlite:sis_cloud_seed.db:ana_telemetria;
8019;Faz. Mafra - Barragem 03;Nova Mutum;0;2;17250500;PCH NOVA MUTUM BARRRAMENTO;RIO DOS PATOS;;-13,603600;-56,200600;22,18;121,52;0;jusante;;;;;;sqlite:sis_cloud_seed.db:ana_estacoes;sqlite:sis_cloud_seed.db:ana_telemetria;
8019;Faz. Mafra - Barragem 03;Nova Mutum;0;3;17099500;FAZENDA MASSAPÉ;RIO CLARO;;-13,503200;-56,618300;27,16;138,45;0;local;194,0;70,41;;;2026-09-07 09:45:00;sqlite:sis_cloud_seed.db:ana_estacoes;sqlite:sis_cloud_seed.db:ana_telemetria;contexto_somente
8015;Faz. Porta do Céu;Nova Mutum;0;1;17099500;FAZENDA MASSAPÉ;RIO CLARO;;-13,503200;-56,618300;33,10;138,45;0;jusante;194,0;70,41;;;2026-09-07 09:45:00;sqlite:sis_cloud_seed.db:ana_estacoes;sqlite:sis_cloud_seed.db:ana_telemetria;contexto_somente
8015;Faz. Porta do Céu;Nova Mutum;0;2;17250550;PCH NOVA MUTUM JUSANTE;RIO DOS PATOS;;-13,591400;-56,216400;40,93;122,82;0;jusante;;;;;;sqlite:sis_cloud_seed.db:ana_estacoes;sqlite:sis_cloud_seed.db:ana_telemetria;
8015;Faz. Porta do Céu;Nova Mutum;0;3;17250500;PCH NOVA MUTUM BARRRAMENTO;RIO DOS PATOS;;-13,603600;-56,200600;42,99;121,52;0;jusante;;;;;;sqlite:sis_cloud_seed.db:ana_estacoes;sqlite:sis_cloud_seed.db:ana_telemetria;
8018;Faz. Propecus - Lagoa 02;Nova Mutum;0;1;17250550;PCH NOVA MUTUM JUSANTE;RIO DOS PATOS;;-13,591400;-56,216400;26,17;122,82;0;jusante;;;;;;sqlite:sis_cloud_seed.db:ana_estacoes;sqlite:sis_cloud_seed.db:ana_telemetria;
8018;Faz. Propecus - Lagoa 02;Nova Mutum;0;2;17099500;FAZENDA MASSAPÉ;RIO CLARO;;-13,503200;-56,618300;28,31;138,45;0;jusante;194,0;70,41;;;2026-09-07 09:45:00;sqlite:sis_cloud_seed.db:ana_estacoes;sqlite:sis_cloud_seed.db:ana_telemetria;contexto_somente
8018;Faz. Propecus - Lagoa 02;Nova Mutum;0;3;17250500;PCH NOVA MUTUM BARRRAMENTO;RIO DOS PATOS;;-13,603600;-56,200600;28,31;121,52;0;jusante;;;;;;sqlite:sis_cloud_seed.db:ana_estacoes;sqlite:sis_cloud_seed.db:ana_telemetria;
8020;Faz. Propecus - Lagoa 04;Nova Mutum;0;1;17250550;PCH NOVA MUTUM JUSANTE;RIO DOS PATOS;;-13,591400;-56,216400;31,31;122,82;0;jusante;;;;;;sqlite:sis_cloud_seed.db:ana_estacoes;sqlite:sis_cloud_seed.db:ana_telemetria;
8020;Faz. Propecus - Lagoa 04;Nova Mutum;0;2;17250500;PCH NOVA MUTUM BARRRAMENTO;RIO DOS PATOS;;-13,603600;-56,200600;33,22;121,52;0;jusante;;;;;;sqlite:sis_cloud_seed.db:ana_estacoes;sqlite:sis_cloud_seed.db:ana_telemetria;
8020;Faz. Propecus - Lagoa 04;Nova Mutum;0;3;17099500;FAZENDA MASSAPÉ;RIO CLARO;;-13,503200;-56,618300;37,26;138,45;0;jusante;194,0;70,41;;;2026-09-07 09:45:00;sqlite:sis_cloud_seed.db:ana_estacoes;sqlite:sis_cloud_seed.db:ana_telemetria;contexto_somente
36499;Fazenda Buriti  - Barramento Montante 1;Nova Mutum;0;1;17240900;PCH NOVA MUTUM MONTANTE;RIO DOS PATOS;;-13,758300;-56,053600;19,83;106,27;0;montante;;;;;;sqlite:sis_cloud_seed.db:ana_estacoes;sqlite:sis_cloud_seed.db:ana_telemetria;
36499;Fazenda Buriti  - Barramento Montante 1;Nova Mutum;0;2;17099000;FAZENDA CACHOEIRA DE PAU;RIO ARINOS;;-13,831600;-56,409700;23,35;97,64;0;montante;585,0;148,01;;;2026-09-07 09:45:00;sqlite:sis_cloud_seed.db:ana_estacoes;sqlite:sis_cloud_seed.db:ana_telemetria;contexto_somente
36499;Fazenda Buriti  - Barramento Montante 1;Nova Mutum;0;3;17250500;PCH NOVA MUTUM BARRRAMENTO;RIO DOS PATOS;;-13,603600;-56,200600;29,59;121,52;0;montante;;;;;;sqlite:sis_cloud_seed.db:ana_estacoes;sqlite:sis_cloud_seed.db:ana_telemetria;
36498;Fazenda Buriti  - Barramento Principal;Nova Mutum;0;1;17240900;PCH NOVA MUTUM MONTANTE;RIO DOS PATOS;;-13,758300;-56,053600;20,70;106,27;0;montante;;;;;;sqlite:sis_cloud_seed.db:ana_estacoes;sqlite:sis_cloud_seed.db:ana_telemetria;
36498;Fazenda Buriti  - Barramento Principal;Nova Mutum;0;2;17099000;FAZENDA CACHOEIRA DE PAU;RIO ARINOS;;-13,831600;-56,409700;22,43;97,64;0;montante;585,0;148,01;;;2026-09-07 09:45:00;sqlite:sis_cloud_seed.db:ana_estacoes;sqlite:sis_cloud_seed.db:ana_telemetria;contexto_somente
36498;Fazenda Buriti  - Barramento Principal;Nova Mutum;0;3;17250500;PCH NOVA MUTUM BARRRAMENTO;RIO DOS PATOS;;-13,603600;-56,200600;29,77;121,52;0;montante;;;;;;sqlite:sis_cloud_seed.db:ana_estacoes;sqlite:sis_cloud_seed.db:ana_telemetria;
36500;Fazenda Buriti ? Barramento Montante 2;Nova Mutum;0;1;17240900;PCH NOVA MUTUM MONTANTE;RIO DOS PATOS;;-13,758300;-56,053600;19,07;106,27;0;montante;;;;;;sqlite:sis_cloud_seed.db:ana_estacoes;sqlite:sis_cloud_seed.db:ana_telemetria;
36500;Fazenda Buriti ? Barramento Montante 2;Nova Mutum;0;2;17099000;FAZENDA CACHOEIRA DE PAU;RIO ARINOS;;-13,831600;-56,409700;23,88;97,64;0;montante;585,0;148,01;;;2026-09-07 09:45:00;sqlite:sis_cloud_seed.db:ana_estacoes;sqlite:sis_cloud_seed.db:ana_telemetria;contexto_somente
36500;Fazenda Buriti ? Barramento Montante 2;Nova Mutum;0;3;17250500;PCH NOVA MUTUM BARRRAMENTO;RIO DOS PATOS;;-13,603600;-56,200600;29,16;121,52;0;montante;;;;;;sqlite:sis_cloud_seed.db:ana_estacoes;sqlite:sis_cloud_seed.db:ana_telemetria;
20071;Fazenda Faccio;Nova Mutum;0;1;17250550;PCH NOVA MUTUM JUSANTE;RIO DOS PATOS;;-13,591400;-56,216400;13,95;122,82;0;jusante;;;;;;sqlite:sis_cloud_seed.db:ana_estacoes;sqlite:sis_cloud_seed.db:ana_telemetria;
20071;Fazenda Faccio;Nova Mutum;0;2;17250500;PCH NOVA MUTUM BARRRAMENTO;RIO DOS PATOS;;-13,603600;-56,200600;15,95;121,52;0;jusante;;;;;;sqlite:sis_cloud_seed.db:ana_estacoes;sqlite:sis_cloud_seed.db:ana_telemetria;
20071;Fazenda Faccio;Nova Mutum;0;3;17099500;FAZENDA MASSAPÉ;RIO CLARO;;-13,503200;-56,618300;37,29;138,45;0;local;194,0;70,41;;;2026-09-07 09:45:00;sqlite:sis_cloud_seed.db:ana_estacoes;sqlite:sis_cloud_seed.db:ana_telemetria;contexto_somente
20037;Fazenda Guri e Guri I;Nova Mutum;0;1;17250550;PCH NOVA MUTUM JUSANTE;RIO DOS PATOS;;-13,591400;-56,216400;14,10;122,82;0;jusante;;;;;;sqlite:sis_cloud_seed.db:ana_estacoes;sqlite:sis_cloud_seed.db:ana_telemetria;
20037;Fazenda Guri e Guri I;Nova Mutum;0;2;17250500;PCH NOVA MUTUM BARRRAMENTO;RIO DOS PATOS;;-13,603600;-56,200600;15,86;121,52;0;jusante;;;;;;sqlite:sis_cloud_seed.db:ana_estacoes;sqlite:sis_cloud_seed.db:ana_telemetria;
20037;Fazenda Guri e Guri I;Nova Mutum;0;3;17240900;PCH NOVA MUTUM MONTANTE;RIO DOS PATOS;;-13,758300;-56,053600;38,38;106,27;0;jusante;;;;;;sqlite:sis_cloud_seed.db:ana_estacoes;sqlite:sis_cloud_seed.db:ana_telemetria;
20148;Fazenda Progresso;Nova Mutum;0;1;17098550;RIO ARINOS - NOVA MUTUM;RIO ARINOS;;-14,146100;-56,099700;10,85;63,10;0;jusante;;;;;;sqlite:sis_cloud_seed.db:ana_estacoes;sqlite:sis_cloud_seed.db:ana_telemetria;
20148;Fazenda Progresso;Nova Mutum;0;2;17098500;FAZENDA CACHOEIRA GRANDE;RIO ARINOS;;-14,216900;-56,035800;21,02;57,80;0;jusante;254,0;12,61;;;2026-09-07 09:45:00;sqlite:sis_cloud_seed.db:ana_estacoes;sqlite:sis_cloud_seed.db:ana_telemetria;contexto_somente
20148;Fazenda Progresso;Nova Mutum;0;3;17240900;PCH NOVA MUTUM MONTANTE;RIO DOS PATOS;;-13,758300;-56,053600;34,29;106,27;0;montante;;;;;;sqlite:sis_cloud_seed.db:ana_estacoes;sqlite:sis_cloud_seed.db:ana_telemetria;
36510;Fazenda Sossego;Nova Mutum;0;1;17250550;PCH NOVA MUTUM JUSANTE;RIO DOS PATOS;;-13,591400;-56,216400;17,55;122,82;0;jusante;;;;;;sqlite:sis_cloud_seed.db:ana_estacoes;sqlite:sis_cloud_seed.db:ana_telemetria;
36510;Fazenda Sossego;Nova Mutum;0;2;17250500;PCH NOVA MUTUM BARRRAMENTO;RIO DOS PATOS;;-13,603600;-56,200600;18,84;121,52;0;jusante;;;;;;sqlite:sis_cloud_seed.db:ana_estacoes;sqlite:sis_cloud_seed.db:ana_telemetria;
36510;Fazenda Sossego;Nova Mutum;0;3;17229000;PCH CANOA QUEBRADA RIBEIRÃO RANCHÃO;RIBEIRÃO RANCHÃO;;-13,298600;-55,912200;34,85;159,47;0;montante;;;;;;sqlite:sis_cloud_seed.db:ana_estacoes;sqlite:sis_cloud_seed.db:ana_telemetria;
20176;Fazenda São José;Nova Mutum;0;1;17240900;PCH NOVA MUTUM MONTANTE;RIO DOS PATOS;;-13,758300;-56,053600;39,24;106,27;0;montante;;;;;;sqlite:sis_cloud_seed.db:ana_estacoes;sqlite:sis_cloud_seed.db:ana_telemetria;
20176;Fazenda São José;Nova Mutum;0;2;01355007;PZ_SANTA RITA DO TRIVELATO;;;-13,825300;-55,270300;48,71;127,42;0;montante;;;;;;sqlite:sis_cloud_seed.db:ana_estacoes;sqlite:sis_cloud_seed.db:ana_telemetria;
20176;Fazenda São José;Nova Mutum;0;3;17098500;FAZENDA CACHOEIRA GRANDE;RIO ARINOS;;-14,216900;-56,035800;50,06;57,80;0;jusante;254,0;12,61;;;2026-09-07 09:45:00;sqlite:sis_cloud_seed.db:ana_estacoes;sqlite:sis_cloud_seed.db:ana_telemetria;contexto_somente
31629;Lago Azul;Nova Mutum;0;1;17250550;PCH NOVA MUTUM JUSANTE;RIO DOS PATOS;;-13,591400;-56,216400;22,03;122,82;0;jusante;;;;;;sqlite:sis_cloud_seed.db:ana_estacoes;sqlite:sis_cloud_seed.db:ana_telemetria;
31629;Lago Azul;Nova Mutum;0;2;17250500;PCH NOVA MUTUM BARRRAMENTO;RIO DOS PATOS;;-13,603600;-56,200600;23,47;121,52;0;jusante;;;;;;sqlite:sis_cloud_seed.db:ana_estacoes;sqlite:sis_cloud_seed.db:ana_telemetria;
31629;Lago Azul;Nova Mutum;0;3;17229000;PCH CANOA QUEBRADA RIBEIRÃO RANCHÃO;RIBEIRÃO RANCHÃO;;-13,298600;-55,912200;34,90;159,47;0;montante;;;;;;sqlite:sis_cloud_seed.db:ana_estacoes;sqlite:sis_cloud_seed.db:ana_telemetria;
4818;PCH Nova Mutum - PCH Nova Mutum;Nova Mutum;0;1;17250500;PCH NOVA MUTUM BARRRAMENTO;RIO DOS PATOS;;-13,603600;-56,200600;0,03;121,52;0;local;;;;;;sqlite:sis_cloud_seed.db:ana_estacoes;sqlite:sis_cloud_seed.db:ana_telemetria;
4818;PCH Nova Mutum - PCH Nova Mutum;Nova Mutum;0;2;17250550;PCH NOVA MUTUM JUSANTE;RIO DOS PATOS;;-13,591400;-56,216400;2,21;122,82;0;local;;;;;;sqlite:sis_cloud_seed.db:ana_estacoes;sqlite:sis_cloud_seed.db:ana_telemetria;
4818;PCH Nova Mutum - PCH Nova Mutum;Nova Mutum;0;3;17240900;PCH NOVA MUTUM MONTANTE;RIO DOS PATOS;;-13,758300;-56,053600;23,39;106,27;0;jusante;;;;;;sqlite:sis_cloud_seed.db:ana_estacoes;sqlite:sis_cloud_seed.db:ana_telemetria;
30962;Barramento 1 - Fazenda Guanabara – Gleba A;Nova Olímpia;0;1;66008500;BARRA DO BUGRES - RIO BUGRES;RIO DOS BUGRES;;-14,986700;-57,115800;25,63;70,13;0;jusante;;;;;;sqlite:sis_cloud_seed.db:ana_estacoes;sqlite:sis_cloud_seed.db:ana_telemetria;
30962;Barramento 1 - Fazenda Guanabara – Gleba A;Nova Olímpia;0;2;66010000;BARRA DO BUGRES;RIO PARAGUAI;;-15,076100;-57,181900;34,42;76,73;0;jusante;;;;;;sqlite:sis_cloud_seed.db:ana_estacoes;sqlite:sis_cloud_seed.db:ana_telemetria;
30962;Barramento 1 - Fazenda Guanabara – Gleba A;Nova Olímpia;0;3;66007000;SÍTIO JAPUIRA;RIO PARAGUAI;;-14,814800;-56,838700;37,79;43,23;0;jusante;;;;;;sqlite:sis_cloud_seed.db:ana_estacoes;sqlite:sis_cloud_seed.db:ana_telemetria;
7982;Faz. Triângulo - Reservatório 01;Nova Olímpia;0;1;66008500;BARRA DO BUGRES - RIO BUGRES;RIO DOS BUGRES;;-14,986700;-57,115800;29,69;70,13;0;jusante;;;;;;sqlite:sis_cloud_seed.db:ana_estacoes;sqlite:sis_cloud_seed.db:ana_telemetria;
7982;Faz. Triângulo - Reservatório 01;Nova Olímpia;0;2;66010000;BARRA DO BUGRES;RIO PARAGUAI;;-15,076100;-57,181900;30,65;76,73;0;jusante;;;;;;sqlite:sis_cloud_seed.db:ana_estacoes;sqlite:sis_cloud_seed.db:ana_telemetria;
7982;Faz. Triângulo - Reservatório 01;Nova Olímpia;0;3;66022080;TANGARÁ - SEPOTUBA;RIO SEPOTUBA;;-14,508900;-57,612800;47,64;132,84;0;montante;;;;;;sqlite:sis_cloud_seed.db:ana_estacoes;sqlite:sis_cloud_seed.db:ana_telemetria;
7981;Faz. Triângulo - Reservatório 02;Nova Olímpia;0;1;66008500;BARRA DO BUGRES - RIO BUGRES;RIO DOS BUGRES;;-14,986700;-57,115800;29,91;70,13;0;jusante;;;;;;sqlite:sis_cloud_seed.db:ana_estacoes;sqlite:sis_cloud_seed.db:ana_telemetria;
7981;Faz. Triângulo - Reservatório 02;Nova Olímpia;0;2;66010000;BARRA DO BUGRES;RIO PARAGUAI;;-15,076100;-57,181900;30,66;76,73;0;jusante;;;;;;sqlite:sis_cloud_seed.db:ana_estacoes;sqlite:sis_cloud_seed.db:ana_telemetria;
7981;Faz. Triângulo - Reservatório 02;Nova Olímpia;0;3;66022080;TANGARÁ - SEPOTUBA;RIO SEPOTUBA;;-14,508900;-57,612800;47,67;132,84;0;montante;;;;;;sqlite:sis_cloud_seed.db:ana_estacoes;sqlite:sis_cloud_seed.db:ana_telemetria;
7979;Faz. Triângulo - Reservatório 03;Nova Olímpia;0;1;66008500;BARRA DO BUGRES - RIO BUGRES;RIO DOS BUGRES;;-14,986700;-57,115800;30,83;70,13;0;jusante;;;;;;sqlite:sis_cloud_seed.db:ana_estacoes;sqlite:sis_cloud_seed.db:ana_telemetria;
7979;Faz. Triângulo - Reservatório 03;Nova Olímpia;0;2;66010000;BARRA DO BUGRES;RIO PARAGUAI;;-15,076100;-57,181900;31,57;76,73;0;jusante;;;;;;sqlite:sis_cloud_seed.db:ana_estacoes;sqlite:sis_cloud_seed.db:ana_telemetria;
7979;Faz. Triângulo - Reservatório 03;Nova Olímpia;0;3;66022080;TANGARÁ - SEPOTUBA;RIO SEPOTUBA;;-14,508900;-57,612800;46,79;132,84;0;montante;;;;;;sqlite:sis_cloud_seed.db:ana_estacoes;sqlite:sis_cloud_seed.db:ana_telemetria;
7980;Faz. Triângulo - Reservatório 04 / 05 / 13;Nova Olímpia;0;1;66008500;BARRA DO BUGRES - RIO BUGRES;RIO DOS BUGRES;;-14,986700;-57,115800;30,33;70,13;0;jusante;;;;;;sqlite:sis_cloud_seed.db:ana_estacoes;sqlite:sis_cloud_seed.db:ana_telemetria;
7980;Faz. Triângulo - Reservatório 04 / 05 / 13;Nova Olímpia;0;2;66010000;BARRA DO BUGRES;RIO PARAGUAI;;-15,076100;-57,181900;30,72;76,73;0;jusante;;;;;;sqlite:sis_cloud_seed.db:ana_estacoes;sqlite:sis_cloud_seed.db:ana_telemetria;
7980;Faz. Triângulo - Reservatório 04 / 05 / 13;Nova Olímpia;0;3;66022080;TANGARÁ - SEPOTUBA;RIO SEPOTUBA;;-14,508900;-57,612800;47,71;132,84;0;montante;;;;;;sqlite:sis_cloud_seed.db:ana_estacoes;sqlite:sis_cloud_seed.db:ana_telemetria;
7978;Faz. Triângulo - Reservatório 06 / 10 / 11;Nova Olímpia;0;1;66008500;BARRA DO BUGRES - RIO BUGRES;RIO DOS BUGRES;;-14,986700;-57,115800;31,21;70,13;0;jusante;;;;;;sqlite:sis_cloud_seed.db:ana_estacoes;sqlite:sis_cloud_seed.db:ana_telemetria;
7978;Faz. Triângulo - Reservatório 06 / 10 / 11;Nova Olímpia;0;2;66010000;BARRA DO BUGRES;RIO PARAGUAI;;-15,076100;-57,181900;31,27;76,73;0;jusante;;;;;;sqlite:sis_cloud_seed.db:ana_estacoes;sqlite:sis_cloud_seed.db:ana_telemetria;
7978;Faz. Triângulo - Reservatório 06 / 10 / 11;Nova Olímpia;0;3;66030000;FAZENDA SANTA AMÁLIA;RIO SEPOTUBA;;-14,610400;-57,728000;47,26;141,43;0;montante;;;;;;sqlite:sis_cloud_seed.db:ana_estacoes;sqlite:sis_cloud_seed.db:ana_telemetria;
7983;Faz. Triângulo - Reservatório 12;Nova Olímpia;0;1;66008500;BARRA DO BUGRES - RIO BUGRES;RIO DOS BUGRES;;-14,986700;-57,115800;27,66;70,13;0;jusante;;;;;;sqlite:sis_cloud_seed.db:ana_estacoes;sqlite:sis_cloud_seed.db:ana_telemetria;
7983;Faz. Triângulo - Reservatório 12;Nova Olímpia;0;2;66010000;BARRA DO BUGRES;RIO PARAGUAI;;-15,076100;-57,181900;27,68;76,73;0;jusante;;;;;;sqlite:sis_cloud_seed.db:ana_estacoes;sqlite:sis_cloud_seed.db:ana_telemetria;
7983;Faz. Triângulo - Reservatório 12;Nova Olímpia;0;3;66022080;TANGARÁ - SEPOTUBA;RIO SEPOTUBA;;-14,508900;-57,612800;50,76;132,84;0;montante;;;;;;sqlite:sis_cloud_seed.db:ana_estacoes;sqlite:sis_cloud_seed.db:ana_telemetria;
20125;Fazenda Guanabara;Nova Olímpia;0;1;66008500;BARRA DO BUGRES - RIO BUGRES;RIO DOS BUGRES;;-14,986700;-57,115800;28,75;70,13;0;jusante;;;;;;sqlite:sis_cloud_seed.db:ana_estacoes;sqlite:sis_cloud_seed.db:ana_telemetria;
20125;Fazenda Guanabara;Nova Olímpia;0;2;66010000;BARRA DO BUGRES;RIO PARAGUAI;;-15,076100;-57,181900;37,57;76,73;0;jusante;;;;;;sqlite:sis_cloud_seed.db:ana_estacoes;sqlite:sis_cloud_seed.db:ana_telemetria;
20125;Fazenda Guanabara;Nova Olímpia;0;3;66007000;SÍTIO JAPUIRA;RIO PARAGUAI;;-14,814800;-56,838700;38,73;43,23;0;jusante;;;;;;sqlite:sis_cloud_seed.db:ana_estacoes;sqlite:sis_cloud_seed.db:ana_telemetria;
7977;Fazenda Triangulo;Nova Olímpia;0;1;66010000;BARRA DO BUGRES;RIO PARAGUAI;;-15,076100;-57,181900;31,72;76,73;0;jusante;;;;;;sqlite:sis_cloud_seed.db:ana_estacoes;sqlite:sis_cloud_seed.db:ana_telemetria;
7977;Fazenda Triangulo;Nova Olímpia;0;2;66008500;BARRA DO BUGRES - RIO BUGRES;RIO DOS BUGRES;;-14,986700;-57,115800;31,80;70,13;0;jusante;;;;;;sqlite:sis_cloud_seed.db:ana_estacoes;sqlite:sis_cloud_seed.db:ana_telemetria;
7977;Fazenda Triangulo;Nova Olímpia;0;3;66030000;FAZENDA SANTA AMÁLIA;RIO SEPOTUBA;;-14,610400;-57,728000;46,75;141,43;0;montante;;;;;;sqlite:sis_cloud_seed.db:ana_estacoes;sqlite:sis_cloud_seed.db:ana_telemetria;
30886;UISA A;Nova Olímpia;0;1;66008500;BARRA DO BUGRES - RIO BUGRES;RIO DOS BUGRES;;-14,986700;-57,115800;28,77;70,13;0;jusante;;;;;;sqlite:sis_cloud_seed.db:ana_estacoes;sqlite:sis_cloud_seed.db:ana_telemetria;
30886;UISA A;Nova Olímpia;0;2;66010000;BARRA DO BUGRES;RIO PARAGUAI;;-15,076100;-57,181900;37,60;76,73;0;jusante;;;;;;sqlite:sis_cloud_seed.db:ana_estacoes;sqlite:sis_cloud_seed.db:ana_telemetria;
30886;UISA A;Nova Olímpia;0;3;66007000;SÍTIO JAPUIRA;RIO PARAGUAI;;-14,814800;-56,838700;38,73;43,23;0;jusante;;;;;;sqlite:sis_cloud_seed.db:ana_estacoes;sqlite:sis_cloud_seed.db:ana_telemetria;
8079;BARRAGEM  BLOCO NORTE;Nova Santa Helena;0;1;17343010;PEIXOTO DE AZEVEDO;RIO PEIXOTO DE AZEVEDO;;-10,219400;-54,970800;54,37;516,61;0;montante;;;;;;sqlite:sis_cloud_seed.db:ana_estacoes;sqlite:sis_cloud_seed.db:ana_telemetria;
8079;BARRAGEM  BLOCO NORTE;Nova Santa Helena;0;2;18422000;RIACHO DE DEUS;RIO MANISSAUA - MIÇU;;-11,127200;-54,476700;61,97;437,84;0;jusante;;;;;;sqlite:sis_cloud_seed.db:ana_estacoes;sqlite:sis_cloud_seed.db:ana_telemetria;
8079;BARRAGEM  BLOCO NORTE;Nova Santa Helena;0;3;17291000;UHE COLÍDER RIO RENATO;RIBEIRÃO RENATO;;-11,062800;-55,278300;64,86;417,34;0;jusante;;;;;;sqlite:sis_cloud_seed.db:ana_estacoes;sqlite:sis_cloud_seed.db:ana_telemetria;
35160;BARRAGEM SANTA TEREZINHA;Nova Santa Helena;0;1;17291000;UHE COLÍDER RIO RENATO;RIBEIRÃO RENATO;;-11,062800;-55,278300;25,70;417,34;0;jusante;;;;;;sqlite:sis_cloud_seed.db:ana_estacoes;sqlite:sis_cloud_seed.db:ana_telemetria;
35160;BARRAGEM SANTA TEREZINHA;Nova Santa Helena;0;2;17280990;UHE SINOP JUSANTE;RIO TELES PIRES (OU SÃO MANUEL);;-11,265300;-55,451100;54,67;391,04;0;jusante;;;;;;sqlite:sis_cloud_seed.db:ana_estacoes;sqlite:sis_cloud_seed.db:ana_telemetria;
35160;BARRAGEM SANTA TEREZINHA;Nova Santa Helena;0;3;17280980;UHE SINOP BARRAMENTO;RIO TELES PIRES (OU SÃO MANUEL);;-11,279700;-55,444200;55,61;389,64;0;jusante;;;;;;sqlite:sis_cloud_seed.db:ana_estacoes;sqlite:sis_cloud_seed.db:ana_telemetria;
22041;Dorival;Nova Santa Helena;0;1;17291000;UHE COLÍDER RIO RENATO;RIBEIRÃO RENATO;;-11,062800;-55,278300;30,64;417,34;0;jusante;;;;;;sqlite:sis_cloud_seed.db:ana_estacoes;sqlite:sis_cloud_seed.db:ana_telemetria;
22041;Dorival;Nova Santa Helena;0;2;17280990;UHE SINOP JUSANTE;RIO TELES PIRES (OU SÃO MANUEL);;-11,265300;-55,451100;59,03;391,04;0;jusante;;;;;;sqlite:sis_cloud_seed.db:ana_estacoes;sqlite:sis_cloud_seed.db:ana_telemetria;
22041;Dorival;Nova Santa Helena;0;3;17304000;UHE COLÍDER RESERVATÓRIO;RIO TELES PIRES (OU SÃO MANUEL);;-10,982200;-55,700300;59,59;417,13;0;jusante;;;;;;sqlite:sis_cloud_seed.db:ana_estacoes;sqlite:sis_cloud_seed.db:ana_telemetria;
26537;Gilmar Mioranza;Nova Santa Helena;0;1;17291000;UHE COLÍDER RIO RENATO;RIBEIRÃO RENATO;;-11,062800;-55,278300;37,94;417,34;0;jusante;;;;;;sqlite:sis_cloud_seed.db:ana_estacoes;sqlite:sis_cloud_seed.db:ana_telemetria;
26537;Gilmar Mioranza;Nova Santa Helena;0;2;17343010;PEIXOTO DE AZEVEDO;RIO PEIXOTO DE AZEVEDO;;-10,219400;-54,970800;61,68;516,61;0;montante;;;;;;sqlite:sis_cloud_seed.db:ana_estacoes;sqlite:sis_cloud_seed.db:ana_telemetria;
26537;Gilmar Mioranza;Nova Santa Helena;0;3;17304000;UHE COLÍDER RESERVATÓRIO;RIO TELES PIRES (OU SÃO MANUEL);;-10,982200;-55,700300;64,54;417,13;0;jusante;;;;;;sqlite:sis_cloud_seed.db:ana_estacoes;sqlite:sis_cloud_seed.db:ana_telemetria;
26331;Prefeitura Municipal de Nova Santa Helena;Nova Santa Helena;0;1;17291000;UHE COLÍDER RIO RENATO;RIBEIRÃO RENATO;;-11,062800;-55,278300;25,68;417,34;0;jusante;;;;;;sqlite:sis_cloud_seed.db:ana_estacoes;sqlite:sis_cloud_seed.db:ana_telemetria;
26331;Prefeitura Municipal de Nova Santa Helena;Nova Santa Helena;0;2;17280990;UHE SINOP JUSANTE;RIO TELES PIRES (OU SÃO MANUEL);;-11,265300;-55,451100;54,64;391,04;0;jusante;;;;;;sqlite:sis_cloud_seed.db:ana_estacoes;sqlite:sis_cloud_seed.db:ana_telemetria;
26331;Prefeitura Municipal de Nova Santa Helena;Nova Santa Helena;0;3;17280980;UHE SINOP BARRAMENTO;RIO TELES PIRES (OU SÃO MANUEL);;-11,279700;-55,444200;55,58;389,64;0;jusante;;;;;;sqlite:sis_cloud_seed.db:ana_estacoes;sqlite:sis_cloud_seed.db:ana_telemetria;
22158;Santa Helena;Nova Santa Helena;0;1;17291000;UHE COLÍDER RIO RENATO;RIBEIRÃO RENATO;;-11,062800;-55,278300;30,64;417,34;0;jusante;;;;;;sqlite:sis_cloud_seed.db:ana_estacoes;sqlite:sis_cloud_seed.db:ana_telemetria;
22158;Santa Helena;Nova Santa Helena;0;2;17280990;UHE SINOP JUSANTE;RIO TELES PIRES (OU SÃO MANUEL);;-11,265300;-55,451100;59,03;391,04;0;jusante;;;;;;sqlite:sis_cloud_seed.db:ana_estacoes;sqlite:sis_cloud_seed.db:ana_telemetria;
22158;Santa Helena;Nova Santa Helena;0;3;17304000;UHE COLÍDER RESERVATÓRIO;RIO TELES PIRES (OU SÃO MANUEL);;-10,982200;-55,700300;59,59;417,13;0;jusante;;;;;;sqlite:sis_cloud_seed.db:ana_estacoes;sqlite:sis_cloud_seed.db:ana_telemetria;
338;Barragem A2;Nova Ubiratã;0;1;18422400;PCH ARS MONTANTE;RIO ATELCHU OU VAN DEN STEINEN;;-13,148300;-54,835600;42,50;215,98;0;jusante;;;;;;sqlite:sis_cloud_seed.db:ana_estacoes;sqlite:sis_cloud_seed.db:ana_telemetria;
338;Barragem A2;Nova Ubiratã;0;2;18422500;PCH ARS JUSANTE 1;RIO ATELCHU OU VAN DEN STEINEN;;-13,097500;-54,818300;42,56;221,83;0;jusante;;;;;;sqlite:sis_cloud_seed.db:ana_estacoes;sqlite:sis_cloud_seed.db:ana_telemetria;
338;Barragem A2;Nova Ubiratã;0;3;18422480;PCH ARS BARRAMENTO;RIO ATELCHU OU VAN DEN STEINEN;;-13,098300;-54,818100;42,60;221,77;0;jusante;;;;;;sqlite:sis_cloud_seed.db:ana_estacoes;sqlite:sis_cloud_seed.db:ana_telemetria;
35149;Barragem Fazenda Tocantins;Nova Ubiratã;0;1;18422600;PCH ARS JUSANTE 2;RIO ATELCHU OU VAN DEN STEINEN;;-12,784700;-54,680600;27,52;259,53;0;jusante;;;;;;sqlite:sis_cloud_seed.db:ana_estacoes;sqlite:sis_cloud_seed.db:ana_telemetria;
35149;Barragem Fazenda Tocantins;Nova Ubiratã;0;2;18420000;FAZENDA ITAGUAÇU;RIO RONURO;;-13,140800;-54,445300;46,68;240,04;0;jusante;;;;;;sqlite:sis_cloud_seed.db:ana_estacoes;sqlite:sis_cloud_seed.db:ana_telemetria;
35149;Barragem Fazenda Tocantins;Nova Ubiratã;0;3;18421000;FOZ RONURO;RIO RONURO;;-12,369200;-54,138300;50,70;329,31;0;montante;;;;;;sqlite:sis_cloud_seed.db:ana_estacoes;sqlite:sis_cloud_seed.db:ana_telemetria;
34995;Barramento I – Fazenda Futura;Nova Ubiratã;0;1;18422400;PCH ARS MONTANTE;RIO ATELCHU OU VAN DEN STEINEN;;-13,148300;-54,835600;24,17;215,98;0;local;;;;;;sqlite:sis_cloud_seed.db:ana_estacoes;sqlite:sis_cloud_seed.db:ana_telemetria;
34995;Barramento I – Fazenda Futura;Nova Ubiratã;0;2;18422500;PCH ARS JUSANTE 1;RIO ATELCHU OU VAN DEN STEINEN;;-13,097500;-54,818300;25,94;221,83;0;local;;;;;;sqlite:sis_cloud_seed.db:ana_estacoes;sqlite:sis_cloud_seed.db:ana_telemetria;
34995;Barramento I – Fazenda Futura;Nova Ubiratã;0;3;18422480;PCH ARS BARRAMENTO;RIO ATELCHU OU VAN DEN STEINEN;;-13,098300;-54,818100;25,95;221,77;0;local;;;;;;sqlite:sis_cloud_seed.db:ana_estacoes;sqlite:sis_cloud_seed.db:ana_telemetria;
26535;FAZENDA NOSSA SENHORA APARECIDA;Nova Ubiratã;0;1;18422500;PCH ARS JUSANTE 1;RIO ATELCHU OU VAN DEN STEINEN;;-13,097500;-54,818300;21,86;221,83;0;jusante;;;;;;sqlite:sis_cloud_seed.db:ana_estacoes;sqlite:sis_cloud_seed.db:ana_telemetria;
26535;FAZENDA NOSSA SENHORA APARECIDA;Nova Ubiratã;0;2;18422480;PCH ARS BARRAMENTO;RIO ATELCHU OU VAN DEN STEINEN;;-13,098300;-54,818100;21,93;221,77;0;jusante;;;;;;sqlite:sis_cloud_seed.db:ana_estacoes;sqlite:sis_cloud_seed.db:ana_telemetria;
26535;FAZENDA NOSSA SENHORA APARECIDA;Nova Ubiratã;0;3;18422400;PCH ARS MONTANTE;RIO ATELCHU OU VAN DEN STEINEN;;-13,148300;-54,835600;24,42;215,98;0;jusante;;;;;;sqlite:sis_cloud_seed.db:ana_estacoes;sqlite:sis_cloud_seed.db:ana_telemetria;
20088;Faz. Boca da Mata;Nova Ubiratã;0;1;18422400;PCH ARS MONTANTE;RIO ATELCHU OU VAN DEN STEINEN;;-13,148300;-54,835600;44,41;215,98;0;montante;;;;;;sqlite:sis_cloud_seed.db:ana_estacoes;sqlite:sis_cloud_seed.db:ana_telemetria;
20088;Faz. Boca da Mata;Nova Ubiratã;0;2;01355007;PZ_SANTA RITA DO TRIVELATO;;;-13,825300;-55,270300;46,97;127,42;0;jusante;;;;;;sqlite:sis_cloud_seed.db:ana_estacoes;sqlite:sis_cloud_seed.db:ana_telemetria;
20088;Faz. Boca da Mata;Nova Ubiratã;0;3;18422480;PCH ARS BARRAMENTO;RIO ATELCHU OU VAN DEN STEINEN;;-13,098300;-54,818100;49,70;221,77;0;montante;;;;;;sqlite:sis_cloud_seed.db:ana_estacoes;sqlite:sis_cloud_seed.db:ana_telemetria;
8092;Faz. Sopave;Nova Ubiratã;0;1;01355007;PZ_SANTA RITA DO TRIVELATO;;;-13,825300;-55,270300;57,35;127,42;0;jusante;;;;;;sqlite:sis_cloud_seed.db:ana_estacoes;sqlite:sis_cloud_seed.db:ana_telemetria;
8092;Faz. Sopave;Nova Ubiratã;0;2;18422400;PCH ARS MONTANTE;RIO ATELCHU OU VAN DEN STEINEN;;-13,148300;-54,835600;71,22;215,98;0;montante;;;;;;sqlite:sis_cloud_seed.db:ana_estacoes;sqlite:sis_cloud_seed.db:ana_telemetria;
8092;Faz. Sopave;Nova Ubiratã;0;3;18422480;PCH ARS BARRAMENTO;RIO ATELCHU OU VAN DEN STEINEN;;-13,098300;-54,818100;76,49;221,77;0;montante;;;;;;sqlite:sis_cloud_seed.db:ana_estacoes;sqlite:sis_cloud_seed.db:ana_telemetria;
20764;Fazenda Alvorada;Nova Ubiratã;0;1;18422500;PCH ARS JUSANTE 1;RIO ATELCHU OU VAN DEN STEINEN;;-13,097500;-54,818300;24,54;221,83;0;jusante;;;;;;sqlite:sis_cloud_seed.db:ana_estacoes;sqlite:sis_cloud_seed.db:ana_telemetria;
20764;Fazenda Alvorada;Nova Ubiratã;0;2;18422480;PCH ARS BARRAMENTO;RIO ATELCHU OU VAN DEN STEINEN;;-13,098300;-54,818100;24,63;221,77;0;jusante;;;;;;sqlite:sis_cloud_seed.db:ana_estacoes;sqlite:sis_cloud_seed.db:ana_telemetria;
20764;Fazenda Alvorada;Nova Ubiratã;0;3;18422400;PCH ARS MONTANTE;RIO ATELCHU OU VAN DEN STEINEN;;-13,148300;-54,835600;28,72;215,98;0;jusante;;;;;;sqlite:sis_cloud_seed.db:ana_estacoes;sqlite:sis_cloud_seed.db:ana_telemetria;
36627;Fazenda Concorcia;Nova Ubiratã;0;1;18422500;PCH ARS JUSANTE 1;RIO ATELCHU OU VAN DEN STEINEN;;-13,097500;-54,818300;36,43;221,83;0;jusante;;;;;;sqlite:sis_cloud_seed.db:ana_estacoes;sqlite:sis_cloud_seed.db:ana_telemetria;
36627;Fazenda Concorcia;Nova Ubiratã;0;2;18422480;PCH ARS BARRAMENTO;RIO ATELCHU OU VAN DEN STEINEN;;-13,098300;-54,818100;36,50;221,77;0;jusante;;;;;;sqlite:sis_cloud_seed.db:ana_estacoes;sqlite:sis_cloud_seed.db:ana_telemetria;
36627;Fazenda Concorcia;Nova Ubiratã;0;3;18422400;PCH ARS MONTANTE;RIO ATELCHU OU VAN DEN STEINEN;;-13,148300;-54,835600;38,24;215,98;0;jusante;;;;;;sqlite:sis_cloud_seed.db:ana_estacoes;sqlite:sis_cloud_seed.db:ana_telemetria;
36632;Fazenda Concordia - Reservatório 2;Nova Ubiratã;0;1;18422500;PCH ARS JUSANTE 1;RIO ATELCHU OU VAN DEN STEINEN;;-13,097500;-54,818300;33,42;221,83;0;jusante;;;;;;sqlite:sis_cloud_seed.db:ana_estacoes;sqlite:sis_cloud_seed.db:ana_telemetria;
36632;Fazenda Concordia - Reservatório 2;Nova Ubiratã;0;2;18422480;PCH ARS BARRAMENTO;RIO ATELCHU OU VAN DEN STEINEN;;-13,098300;-54,818100;33,48;221,77;0;jusante;;;;;;sqlite:sis_cloud_seed.db:ana_estacoes;sqlite:sis_cloud_seed.db:ana_telemetria;
36632;Fazenda Concordia - Reservatório 2;Nova Ubiratã;0;3;18422400;PCH ARS MONTANTE;RIO ATELCHU OU VAN DEN STEINEN;;-13,148300;-54,835600;35,19;215,98;0;jusante;;;;;;sqlite:sis_cloud_seed.db:ana_estacoes;sqlite:sis_cloud_seed.db:ana_telemetria;
35490;Fazenda Futura ? Barramento VI;Nova Ubiratã;0;1;18422400;PCH ARS MONTANTE;RIO ATELCHU OU VAN DEN STEINEN;;-13,148300;-54,835600;12,50;215,98;0;jusante;;;;;;sqlite:sis_cloud_seed.db:ana_estacoes;sqlite:sis_cloud_seed.db:ana_telemetria;
35490;Fazenda Futura ? Barramento VI;Nova Ubiratã;0;2;18422500;PCH ARS JUSANTE 1;RIO ATELCHU OU VAN DEN STEINEN;;-13,097500;-54,818300;13,99;221,83;0;local;;;;;;sqlite:sis_cloud_seed.db:ana_estacoes;sqlite:sis_cloud_seed.db:ana_telemetria;
35490;Fazenda Futura ? Barramento VI;Nova Ubiratã;0;3;18422480;PCH ARS BARRAMENTO;RIO ATELCHU OU VAN DEN STEINEN;;-13,098300;-54,818100;14,00;221,77;0;local;;;;;;sqlite:sis_cloud_seed.db:ana_estacoes;sqlite:sis_cloud_seed.db:ana_telemetria;
8062;Fazenda Nossa Senhora Aparecida;Nova Ubiratã;0;1;18422400;PCH ARS MONTANTE;RIO ATELCHU OU VAN DEN STEINEN;;-13,148300;-54,835600;44,46;215,98;0;jusante;;;;;;sqlite:sis_cloud_seed.db:ana_estacoes;sqlite:sis_cloud_seed.db:ana_telemetria;
8062;Fazenda Nossa Senhora Aparecida;Nova Ubiratã;0;2;18422500;PCH ARS JUSANTE 1;RIO ATELCHU OU VAN DEN STEINEN;;-13,097500;-54,818300;44,67;221,83;0;jusante;;;;;;sqlite:sis_cloud_seed.db:ana_estacoes;sqlite:sis_cloud_seed.db:ana_telemetria;
8062;Fazenda Nossa Senhora Aparecida;Nova Ubiratã;0;3;18422480;PCH ARS BARRAMENTO;RIO ATELCHU OU VAN DEN STEINEN;;-13,098300;-54,818100;44,71;221,77;0;jusante;;;;;;sqlite:sis_cloud_seed.db:ana_estacoes;sqlite:sis_cloud_seed.db:ana_telemetria;
20086;Fazenda Nossa Senhora Aparecida;Nova Ubiratã;0;1;18422500;PCH ARS JUSANTE 1;RIO ATELCHU OU VAN DEN STEINEN;;-13,097500;-54,818300;39,69;221,83;0;jusante;;;;;;sqlite:sis_cloud_seed.db:ana_estacoes;sqlite:sis_cloud_seed.db:ana_telemetria;
20086;Fazenda Nossa Senhora Aparecida;Nova Ubiratã;0;2;18422480;PCH ARS BARRAMENTO;RIO ATELCHU OU VAN DEN STEINEN;;-13,098300;-54,818100;39,75;221,77;0;jusante;;;;;;sqlite:sis_cloud_seed.db:ana_estacoes;sqlite:sis_cloud_seed.db:ana_telemetria;
20086;Fazenda Nossa Senhora Aparecida;Nova Ubiratã;0;3;18422400;PCH ARS MONTANTE;RIO ATELCHU OU VAN DEN STEINEN;;-13,148300;-54,835600;41,06;215,98;0;jusante;;;;;;sqlite:sis_cloud_seed.db:ana_estacoes;sqlite:sis_cloud_seed.db:ana_telemetria;
26533;Fazenda Nossa Senhora Aparecida;Nova Ubiratã;0;1;18422400;PCH ARS MONTANTE;RIO ATELCHU OU VAN DEN STEINEN;;-13,148300;-54,835600;42,50;215,98;0;jusante;;;;;;sqlite:sis_cloud_seed.db:ana_estacoes;sqlite:sis_cloud_seed.db:ana_telemetria;
26533;Fazenda Nossa Senhora Aparecida;Nova Ubiratã;0;2;18422500;PCH ARS JUSANTE 1;RIO ATELCHU OU VAN DEN STEINEN;;-13,097500;-54,818300;42,56;221,83;0;jusante;;;;;;sqlite:sis_cloud_seed.db:ana_estacoes;sqlite:sis_cloud_seed.db:ana_telemetria;
26533;Fazenda Nossa Senhora Aparecida;Nova Ubiratã;0;3;18422480;PCH ARS BARRAMENTO;RIO ATELCHU OU VAN DEN STEINEN;;-13,098300;-54,818100;42,60;221,77;0;jusante;;;;;;sqlite:sis_cloud_seed.db:ana_estacoes;sqlite:sis_cloud_seed.db:ana_telemetria;
5904;Fazenda Orion;Nova Ubiratã;0;1;18422400;PCH ARS MONTANTE;RIO ATELCHU OU VAN DEN STEINEN;;-13,148300;-54,835600;27,40;215,98;0;montante;;;;;;sqlite:sis_cloud_seed.db:ana_estacoes;sqlite:sis_cloud_seed.db:ana_telemetria;
5904;Fazenda Orion;Nova Ubiratã;0;2;18422480;PCH ARS BARRAMENTO;RIO ATELCHU OU VAN DEN STEINEN;;-13,098300;-54,818100;31,55;221,77;0;montante;;;;;;sqlite:sis_cloud_seed.db:ana_estacoes;sqlite:sis_cloud_seed.db:ana_telemetria;
5904;Fazenda Orion;Nova Ubiratã;0;3;18422500;PCH ARS JUSANTE 1;RIO ATELCHU OU VAN DEN STEINEN;;-13,097500;-54,818300;31,58;221,83;0;montante;;;;;;sqlite:sis_cloud_seed.db:ana_estacoes;sqlite:sis_cloud_seed.db:ana_telemetria;
8058;Fazenda Parauna;Nova Ubiratã;0;1;17277500;UHE SINOP MONTANTE 2;RIO TELES PIRES (OU SÃO MANUEL);;-13,143300;-55,666900;44,51;183,55;0;jusante;;;;;;sqlite:sis_cloud_seed.db:ana_estacoes;sqlite:sis_cloud_seed.db:ana_telemetria;
8058;Fazenda Parauna;Nova Ubiratã;0;2;17271100;SORRISO;RIO TENENTE LIRA;;-12,535000;-55,707200;50,87;247,21;0;montante;213,3;19,41;;;2026-09-07 10:00:00;sqlite:sis_cloud_seed.db:ana_estacoes;sqlite:sis_cloud_seed.db:ana_telemetria;contexto_somente
8058;Fazenda Parauna;Nova Ubiratã;0;3;17230000;PCH CANOA QUEBRADA MONTANTE;RIO VERDE;;-13,051900;-55,905000;61,08;186,45;0;jusante;;;;;;sqlite:sis_cloud_seed.db:ana_estacoes;sqlite:sis_cloud_seed.db:ana_telemetria;
30879;Fazenda Paraúna;Nova Ubiratã;0;1;17277500;UHE SINOP MONTANTE 2;RIO TELES PIRES (OU SÃO MANUEL);;-13,143300;-55,666900;46,20;183,55;0;jusante;;;;;;sqlite:sis_cloud_seed.db:ana_estacoes;sqlite:sis_cloud_seed.db:ana_telemetria;
30879;Fazenda Paraúna;Nova Ubiratã;0;2;17271100;SORRISO;RIO TENENTE LIRA;;-12,535000;-55,707200;54,99;247,21;0;montante;213,3;19,41;;;2026-09-07 10:00:00;sqlite:sis_cloud_seed.db:ana_estacoes;sqlite:sis_cloud_seed.db:ana_telemetria;contexto_somente
30879;Fazenda Paraúna;Nova Ubiratã;0;3;18422500;PCH ARS JUSANTE 1;RIO ATELCHU OU VAN DEN STEINEN;;-13,097500;-54,818300;61,68;221,83;0;jusante;;;;;;sqlite:sis_cloud_seed.db:ana_estacoes;sqlite:sis_cloud_seed.db:ana_telemetria;
36554;Fazenda Santa Lúcia;Nova Ubiratã;0;1;18422500;PCH ARS JUSANTE 1;RIO ATELCHU OU VAN DEN STEINEN;;-13,097500;-54,818300;36,52;221,83;0;jusante;;;;;;sqlite:sis_cloud_seed.db:ana_estacoes;sqlite:sis_cloud_seed.db:ana_telemetria;
36554;Fazenda Santa Lúcia;Nova Ubiratã;0;2;18422480;PCH ARS BARRAMENTO;RIO ATELCHU OU VAN DEN STEINEN;;-13,098300;-54,818100;36,58;221,77;0;jusante;;;;;;sqlite:sis_cloud_seed.db:ana_estacoes;sqlite:sis_cloud_seed.db:ana_telemetria;
36554;Fazenda Santa Lúcia;Nova Ubiratã;0;3;18422400;PCH ARS MONTANTE;RIO ATELCHU OU VAN DEN STEINEN;;-13,148300;-54,835600;38,27;215,98;0;jusante;;;;;;sqlite:sis_cloud_seed.db:ana_estacoes;sqlite:sis_cloud_seed.db:ana_telemetria;
8056;Fazenda Sorriso;Nova Ubiratã;0;1;17277500;UHE SINOP MONTANTE 2;RIO TELES PIRES (OU SÃO MANUEL);;-13,143300;-55,666900;39,00;183,55;0;jusante;;;;;;sqlite:sis_cloud_seed.db:ana_estacoes;sqlite:sis_cloud_seed.db:ana_telemetria;
8056;Fazenda Sorriso;Nova Ubiratã;0;2;17271100;SORRISO;RIO TENENTE LIRA;;-12,535000;-55,707200;55,54;247,21;0;montante;213,3;19,41;;;2026-09-07 10:00:00;sqlite:sis_cloud_seed.db:ana_estacoes;sqlite:sis_cloud_seed.db:ana_telemetria;contexto_somente
8056;Fazenda Sorriso;Nova Ubiratã;0;3;17230000;PCH CANOA QUEBRADA MONTANTE;RIO VERDE;;-13,051900;-55,905000;58,01;186,45;0;jusante;;;;;;sqlite:sis_cloud_seed.db:ana_estacoes;sqlite:sis_cloud_seed.db:ana_telemetria;
34019;Fazenda Talismã II;Nova Ubiratã;0;1;17271100;SORRISO;RIO TENENTE LIRA;;-12,535000;-55,707200;52,92;247,21;0;montante;213,3;19,41;;;2026-09-07 10:00:00;sqlite:sis_cloud_seed.db:ana_estacoes;sqlite:sis_cloud_seed.db:ana_telemetria;contexto_somente
34019;Fazenda Talismã II;Nova Ubiratã;0;2;17277500;UHE SINOP MONTANTE 2;RIO TELES PIRES (OU SÃO MANUEL);;-13,143300;-55,666900;56,39;183,55;0;jusante;;;;;;sqlite:sis_cloud_seed.db:ana_estacoes;sqlite:sis_cloud_seed.db:ana_telemetria;
34019;Fazenda Talismã II;Nova Ubiratã;0;3;17277000;FAZENDA CERON;RIO CELESTE;;-12,310100;-55,567700;60,94;275,20;0;montante;300,0;36,91;;;2026-09-07 09:30:00;sqlite:sis_cloud_seed.db:ana_estacoes;sqlite:sis_cloud_seed.db:ana_telemetria;contexto_somente
8065;Matrícula 7164, 2464, 2095 e 2096;Nova Ubiratã;0;1;18422600;PCH ARS JUSANTE 2;RIO ATELCHU OU VAN DEN STEINEN;;-12,784700;-54,680600;46,30;259,53;0;local;;;;;;sqlite:sis_cloud_seed.db:ana_estacoes;sqlite:sis_cloud_seed.db:ana_telemetria;
8065;Matrícula 7164, 2464, 2095 e 2096;Nova Ubiratã;0;2;18422500;PCH ARS JUSANTE 1;RIO ATELCHU OU VAN DEN STEINEN;;-13,097500;-54,818300;47,49;221,83;0;jusante;;;;;;sqlite:sis_cloud_seed.db:ana_estacoes;sqlite:sis_cloud_seed.db:ana_telemetria;
8065;Matrícula 7164, 2464, 2095 e 2096;Nova Ubiratã;0;3;18422480;PCH ARS BARRAMENTO;RIO ATELCHU OU VAN DEN STEINEN;;-13,098300;-54,818100;47,57;221,77;0;jusante;;;;;;sqlite:sis_cloud_seed.db:ana_estacoes;sqlite:sis_cloud_seed.db:ana_telemetria;
5147;PCH ARS - BARRAGEM;Nova Ubiratã;0;1;18422480;PCH ARS BARRAMENTO;RIO ATELCHU OU VAN DEN STEINEN;;-13,098300;-54,818100;0,07;221,77;0;local;;;;;;sqlite:sis_cloud_seed.db:ana_estacoes;sqlite:sis_cloud_seed.db:ana_telemetria;
5147;PCH ARS - BARRAGEM;Nova Ubiratã;0;2;18422500;PCH ARS JUSANTE 1;RIO ATELCHU OU VAN DEN STEINEN;;-13,097500;-54,818300;0,11;221,83;0;local;;;;;;sqlite:sis_cloud_seed.db:ana_estacoes;sqlite:sis_cloud_seed.db:ana_telemetria;
5147;PCH ARS - BARRAGEM;Nova Ubiratã;0;3;18422400;PCH ARS MONTANTE;RIO ATELCHU OU VAN DEN STEINEN;;-13,148300;-54,835600;5,92;215,98;0;jusante;;;;;;sqlite:sis_cloud_seed.db:ana_estacoes;sqlite:sis_cloud_seed.db:ana_telemetria;
35636;Sítio Bom Futuro;Nova Ubiratã;0;1;18422500;PCH ARS JUSANTE 1;RIO ATELCHU OU VAN DEN STEINEN;;-13,097500;-54,818300;15,32;221,83;0;jusante;;;;;;sqlite:sis_cloud_seed.db:ana_estacoes;sqlite:sis_cloud_seed.db:ana_telemetria;
35636;Sítio Bom Futuro;Nova Ubiratã;0;2;18422480;PCH ARS BARRAMENTO;RIO ATELCHU OU VAN DEN STEINEN;;-13,098300;-54,818100;15,41;221,77;0;jusante;;;;;;sqlite:sis_cloud_seed.db:ana_estacoes;sqlite:sis_cloud_seed.db:ana_telemetria;
35636;Sítio Bom Futuro;Nova Ubiratã;0;3;18422400;PCH ARS MONTANTE;RIO ATELCHU OU VAN DEN STEINEN;;-13,148300;-54,835600;19,35;215,98;0;jusante;;;;;;sqlite:sis_cloud_seed.db:ana_estacoes;sqlite:sis_cloud_seed.db:ana_telemetria;
35382;Barragem Fazenda Jaó II;Nova Xavantina;0;1;26130000;FAZENDA RIO CORRENTES;RIBEIRÃO ÍNSULA;;-15,089200;-52,049200;30,18;400,61;0;jusante;;;;;;sqlite:sis_cloud_seed.db:ana_estacoes;sqlite:sis_cloud_seed.db:ana_telemetria;
35382;Barragem Fazenda Jaó II;Nova Xavantina;0;2;26100000;XAVANTINA;RIO DAS MORTES ;;-14,672500;-52,355000;34,37;368,11;0;montante;;;;;;sqlite:sis_cloud_seed.db:ana_estacoes;sqlite:sis_cloud_seed.db:ana_telemetria;
35382;Barragem Fazenda Jaó II;Nova Xavantina;0;3;26057000;CHÁCARA BOA VISTA;CÓRREGO  ARAES (ou AREÕES);;-14,534200;-52,331400;42,09;372,01;0;montante;;;;;;sqlite:sis_cloud_seed.db:ana_estacoes;sqlite:sis_cloud_seed.db:ana_telemetria;
32449;Barramento Principal – Fazenda Jaó;Nova Xavantina;0;1;26130000;FAZENDA RIO CORRENTES;RIBEIRÃO ÍNSULA;;-15,089200;-52,049200;31,06;400,61;0;jusante;;;;;;sqlite:sis_cloud_seed.db:ana_estacoes;sqlite:sis_cloud_seed.db:ana_telemetria;
32449;Barramento Principal – Fazenda Jaó;Nova Xavantina;0;2;26100000;XAVANTINA;RIO DAS MORTES ;;-14,672500;-52,355000;36,02;368,11;0;montante;;;;;;sqlite:sis_cloud_seed.db:ana_estacoes;sqlite:sis_cloud_seed.db:ana_telemetria;
32449;Barramento Principal – Fazenda Jaó;Nova Xavantina;0;3;26150000;RIO PINDAÍBA;RIO PINDAÍBA;;-14,599700;-51,719700;42,68;436,87;0;montante;;;;;;sqlite:sis_cloud_seed.db:ana_estacoes;sqlite:sis_cloud_seed.db:ana_telemetria;
945;POND 1 - BARRAGEM DE LIXIVIAÇÃO;Nova Xavantina;0;1;26100000;XAVANTINA;RIO DAS MORTES ;;-14,672500;-52,355000;15,67;368,11;0;jusante;;;;;;sqlite:sis_cloud_seed.db:ana_estacoes;sqlite:sis_cloud_seed.db:ana_telemetria;
945;POND 1 - BARRAGEM DE LIXIVIAÇÃO;Nova Xavantina;0;2;26057000;CHÁCARA BOA VISTA;CÓRREGO  ARAES (ou AREÕES);;-14,534200;-52,331400;21,39;372,01;0;montante;;;;;;sqlite:sis_cloud_seed.db:ana_estacoes;sqlite:sis_cloud_seed.db:ana_telemetria;
945;POND 1 - BARRAGEM DE LIXIVIAÇÃO;Nova Xavantina;0;3;26130000;FAZENDA RIO CORRENTES;RIBEIRÃO ÍNSULA;;-15,089200;-52,049200;69,30;400,61;0;jusante;;;;;;sqlite:sis_cloud_seed.db:ana_estacoes;sqlite:sis_cloud_seed.db:ana_telemetria;
946;POND 2 - BARRAGEM DE FLOTAÇÃO;Nova Xavantina;0;1;26100000;XAVANTINA;RIO DAS MORTES ;;-14,672500;-52,355000;16,17;368,11;0;jusante;;;;;;sqlite:sis_cloud_seed.db:ana_estacoes;sqlite:sis_cloud_seed.db:ana_telemetria;
946;POND 2 - BARRAGEM DE FLOTAÇÃO;Nova Xavantina;0;2;26057000;CHÁCARA BOA VISTA;CÓRREGO  ARAES (ou AREÕES);;-14,534200;-52,331400;21,70;372,01;0;montante;;;;;;sqlite:sis_cloud_seed.db:ana_estacoes;sqlite:sis_cloud_seed.db:ana_telemetria;
946;POND 2 - BARRAGEM DE FLOTAÇÃO;Nova Xavantina;0;3;26130000;FAZENDA RIO CORRENTES;RIBEIRÃO ÍNSULA;;-15,089200;-52,049200;69,75;400,61;0;jusante;;;;;;sqlite:sis_cloud_seed.db:ana_estacoes;sqlite:sis_cloud_seed.db:ana_telemetria;
947;POND 3 - BARRAGEM DE FLOTAÇÃO;Nova Xavantina;0;1;26100000;XAVANTINA;RIO DAS MORTES ;;-14,672500;-52,355000;16,11;368,11;0;jusante;;;;;;sqlite:sis_cloud_seed.db:ana_estacoes;sqlite:sis_cloud_seed.db:ana_telemetria;
947;POND 3 - BARRAGEM DE FLOTAÇÃO;Nova Xavantina;0;2;26057000;CHÁCARA BOA VISTA;CÓRREGO  ARAES (ou AREÕES);;-14,534200;-52,331400;21,73;372,01;0;montante;;;;;;sqlite:sis_cloud_seed.db:ana_estacoes;sqlite:sis_cloud_seed.db:ana_telemetria;
947;POND 3 - BARRAGEM DE FLOTAÇÃO;Nova Xavantina;0;3;26130000;FAZENDA RIO CORRENTES;RIBEIRÃO ÍNSULA;;-15,089200;-52,049200;69,64;400,61;0;jusante;;;;;;sqlite:sis_cloud_seed.db:ana_estacoes;sqlite:sis_cloud_seed.db:ana_telemetria;
35249;RESERVATÓRIO ELDORADO;Nova Xavantina;0;1;26100000;XAVANTINA;RIO DAS MORTES ;;-14,672500;-52,355000;26,95;368,11;0;local;;;;;;sqlite:sis_cloud_seed.db:ana_estacoes;sqlite:sis_cloud_seed.db:ana_telemetria;
35249;RESERVATÓRIO ELDORADO;Nova Xavantina;0;2;26057000;CHÁCARA BOA VISTA;CÓRREGO  ARAES (ou AREÕES);;-14,534200;-52,331400;30,42;372,01;0;montante;;;;;;sqlite:sis_cloud_seed.db:ana_estacoes;sqlite:sis_cloud_seed.db:ana_telemetria;
35249;RESERVATÓRIO ELDORADO;Nova Xavantina;0;3;26150000;RIO PINDAÍBA;RIO PINDAÍBA;;-14,599700;-51,719700;43,01;436,87;0;montante;;;;;;sqlite:sis_cloud_seed.db:ana_estacoes;sqlite:sis_cloud_seed.db:ana_telemetria;
27404;Barragem Ramax;Novo Horizonte do Norte;0;1;17120200;JUARA - RIO ARINOS;RIO ARINOS;;-11,223900;-57,601900;26,05;412,93;0;montante;246,0;;;;2026-09-07 10:00:00;sqlite:sis_cloud_seed.db:ana_estacoes;sqlite:sis_cloud_seed.db:ana_telemetria;contexto_somente
27404;Barragem Ramax;Novo Horizonte do Norte;0;2;17120050;CGH MESTRE FALCÃO JUSANTE;RIBEIRÃO MESTRE FALCÃO;;-11,463300;-57,118300;33,14;371,55;0;jusante;;;;;;sqlite:sis_cloud_seed.db:ana_estacoes;sqlite:sis_cloud_seed.db:ana_telemetria;
27404;Barragem Ramax;Novo Horizonte do Norte;0;3;17122001;Rio dos Peixes -Juara;RIO DOS PEIXES;;-10,823870;-57,727300;66,31;459,39;0;montante;;;;;;sqlite:sis_cloud_seed.db:ana_estacoes;sqlite:sis_cloud_seed.db:ana_telemetria;
24306;CGH Itaquerê I - Barragem 1;Novo São Joaquim;0;1;26053100;PCH SALTO BELO BARRAMENTO;RIO F.H. BARBOSA (ou NOIDORE);;-14,868900;-53,301400;36,94;265,54;0;montante;;;;;;sqlite:sis_cloud_seed.db:ana_estacoes;sqlite:sis_cloud_seed.db:ana_telemetria;
24306;CGH Itaquerê I - Barragem 1;Novo São Joaquim;0;2;26053110;PCH SALTO BELO JUSANTE;RIO F.H. BARBOSA (ou NOIDORE);;-14,866900;-53,297200;37,37;265,99;0;montante;;;;;;sqlite:sis_cloud_seed.db:ana_estacoes;sqlite:sis_cloud_seed.db:ana_telemetria;
24306;CGH Itaquerê I - Barragem 1;Novo São Joaquim;0;3;26054000;PCH SALTO BELO NOIDORE JUSANTE;RIO F.H. BARBOSA (ou NOIDORE);;-14,867200;-53,283300;38,21;267,49;0;montante;;;;;;sqlite:sis_cloud_seed.db:ana_estacoes;sqlite:sis_cloud_seed.db:ana_telemetria;
24307;CGH Itaquerê II - Barragem 1;Novo São Joaquim;0;1;26053100;PCH SALTO BELO BARRAMENTO;RIO F.H. BARBOSA (ou NOIDORE);;-14,868900;-53,301400;36,53;265,54;0;montante;;;;;;sqlite:sis_cloud_seed.db:ana_estacoes;sqlite:sis_cloud_seed.db:ana_telemetria;
24307;CGH Itaquerê II - Barragem 1;Novo São Joaquim;0;2;26053110;PCH SALTO BELO JUSANTE;RIO F.H. BARBOSA (ou NOIDORE);;-14,866900;-53,297200;36,97;265,99;0;montante;;;;;;sqlite:sis_cloud_seed.db:ana_estacoes;sqlite:sis_cloud_seed.db:ana_telemetria;
24307;CGH Itaquerê II - Barragem 1;Novo São Joaquim;0;3;26054000;PCH SALTO BELO NOIDORE JUSANTE;RIO F.H. BARBOSA (ou NOIDORE);;-14,867200;-53,283300;37,78;267,49;0;montante;;;;;;sqlite:sis_cloud_seed.db:ana_estacoes;sqlite:sis_cloud_seed.db:ana_telemetria;
24302;CGH Matula - CGH Matula;Novo São Joaquim;0;1;26100000;XAVANTINA;RIO DAS MORTES ;;-14,672500;-52,355000;50,01;368,11;0;montante;;;;;;sqlite:sis_cloud_seed.db:ana_estacoes;sqlite:sis_cloud_seed.db:ana_telemetria;
24302;CGH Matula - CGH Matula;Novo São Joaquim;0;2;26054000;PCH SALTO BELO NOIDORE JUSANTE;RIO F.H. BARBOSA (ou NOIDORE);;-14,867200;-53,283300;58,52;267,49;0;montante;;;;;;sqlite:sis_cloud_seed.db:ana_estacoes;sqlite:sis_cloud_seed.db:ana_telemetria;
24302;CGH Matula - CGH Matula;Novo São Joaquim;0;3;26053120;CGH DONA ASSUNTA MONTANTE;RIO F.H. BARBOSA (ou NOIDORE);;-14,856900;-53,291900;59,57;266,58;0;montante;;;;;;sqlite:sis_cloud_seed.db:ana_estacoes;sqlite:sis_cloud_seed.db:ana_telemetria;
34038;CGH Matula I - CGH MATULA I;Novo São Joaquim;0;1;26100000;XAVANTINA;RIO DAS MORTES ;;-14,672500;-52,355000;49,65;368,11;0;montante;;;;;;sqlite:sis_cloud_seed.db:ana_estacoes;sqlite:sis_cloud_seed.db:ana_telemetria;
34038;CGH Matula I - CGH MATULA I;Novo São Joaquim;0;2;26054000;PCH SALTO BELO NOIDORE JUSANTE;RIO F.H. BARBOSA (ou NOIDORE);;-14,867200;-53,283300;59,32;267,49;0;montante;;;;;;sqlite:sis_cloud_seed.db:ana_estacoes;sqlite:sis_cloud_seed.db:ana_telemetria;
34038;CGH Matula I - CGH MATULA I;Novo São Joaquim;0;3;26053120;CGH DONA ASSUNTA MONTANTE;RIO F.H. BARBOSA (ou NOIDORE);;-14,856900;-53,291900;60,38;266,58;0;montante;;;;;;sqlite:sis_cloud_seed.db:ana_estacoes;sqlite:sis_cloud_seed.db:ana_telemetria;
5115;CGH Salto Belo - Barragem 01;Novo São Joaquim;0;1;26053100;PCH SALTO BELO BARRAMENTO;RIO F.H. BARBOSA (ou NOIDORE);;-14,868900;-53,301400;0,05;265,54;0;local;;;;;;sqlite:sis_cloud_seed.db:ana_estacoes;sqlite:sis_cloud_seed.db:ana_telemetria;
5115;CGH Salto Belo - Barragem 01;Novo São Joaquim;0;2;26053110;PCH SALTO BELO JUSANTE;RIO F.H. BARBOSA (ou NOIDORE);;-14,866900;-53,297200;0,55;265,99;0;local;;;;;;sqlite:sis_cloud_seed.db:ana_estacoes;sqlite:sis_cloud_seed.db:ana_telemetria;
5115;CGH Salto Belo - Barragem 01;Novo São Joaquim;0;3;26053120;CGH DONA ASSUNTA MONTANTE;RIO F.H. BARBOSA (ou NOIDORE);;-14,856900;-53,291900;1,73;266,58;0;local;;;;;;sqlite:sis_cloud_seed.db:ana_estacoes;sqlite:sis_cloud_seed.db:ana_telemetria;
31533;Campinas;Novo São Joaquim;0;1;26034600;FAZENDA SUSPIRO III / Rio Cumbuco - P. do Leste;RIO CUMBUCO;;-15,223100;-53,966700;50,24;197,69;0;montante;;;;;;sqlite:sis_cloud_seed.db:ana_estacoes;sqlite:sis_cloud_seed.db:ana_telemetria;
31533;Campinas;Novo São Joaquim;0;2;26034700;CGH SUSPIRO JUSANTE;RIO SUSPIRO;;-15,067800;-53,945300;55,77;197,41;0;montante;;;;;;sqlite:sis_cloud_seed.db:ana_estacoes;sqlite:sis_cloud_seed.db:ana_telemetria;
31533;Campinas;Novo São Joaquim;0;3;26053100;PCH SALTO BELO BARRAMENTO;RIO F.H. BARBOSA (ou NOIDORE);;-14,868900;-53,301400;58,75;265,54;0;montante;;;;;;sqlite:sis_cloud_seed.db:ana_estacoes;sqlite:sis_cloud_seed.db:ana_telemetria;
20140;Faz. Lavínia;Novo São Joaquim;0;1;26054000;PCH SALTO BELO NOIDORE JUSANTE;RIO F.H. BARBOSA (ou NOIDORE);;-14,867200;-53,283300;51,07;267,49;0;montante;;;;;;sqlite:sis_cloud_seed.db:ana_estacoes;sqlite:sis_cloud_seed.db:ana_telemetria;
20140;Faz. Lavínia;Novo São Joaquim;0;2;26053120;CGH DONA ASSUNTA MONTANTE;RIO F.H. BARBOSA (ou NOIDORE);;-14,856900;-53,291900;52,11;266,58;0;montante;;;;;;sqlite:sis_cloud_seed.db:ana_estacoes;sqlite:sis_cloud_seed.db:ana_telemetria;
20140;Faz. Lavínia;Novo São Joaquim;0;3;26053110;PCH SALTO BELO JUSANTE;RIO F.H. BARBOSA (ou NOIDORE);;-14,866900;-53,297200;52,56;265,99;0;montante;;;;;;sqlite:sis_cloud_seed.db:ana_estacoes;sqlite:sis_cloud_seed.db:ana_telemetria;
36469;Fazenda Gleba Wilma;Novo São Joaquim;0;1;26034700;CGH SUSPIRO JUSANTE;RIO SUSPIRO;;-15,067800;-53,945300;17,98;197,41;0;montante;;;;;;sqlite:sis_cloud_seed.db:ana_estacoes;sqlite:sis_cloud_seed.db:ana_telemetria;
36469;Fazenda Gleba Wilma;Novo São Joaquim;0;2;26034600;FAZENDA SUSPIRO III / Rio Cumbuco - P. do Leste;RIO CUMBUCO;;-15,223100;-53,966700;21,93;197,69;0;jusante;;;;;;sqlite:sis_cloud_seed.db:ana_estacoes;sqlite:sis_cloud_seed.db:ana_telemetria;
36469;Fazenda Gleba Wilma;Novo São Joaquim;0;3;26033900;ÁGUAS CLARAS;RIO DAS MORTES ;;-15,305000;-54,186400;47,07;176,82;0;jusante;;;;;;sqlite:sis_cloud_seed.db:ana_estacoes;sqlite:sis_cloud_seed.db:ana_telemetria;
35825;RESERVATÓRIO 1 - FAZENDA NOVA CONQUISTA;Novo São Joaquim;0;1;26054000;PCH SALTO BELO NOIDORE JUSANTE;RIO F.H. BARBOSA (ou NOIDORE);;-14,867200;-53,283300;44,45;267,49;0;montante;;;;;;sqlite:sis_cloud_seed.db:ana_estacoes;sqlite:sis_cloud_seed.db:ana_telemetria;
35825;RESERVATÓRIO 1 - FAZENDA NOVA CONQUISTA;Novo São Joaquim;0;2;26053110;PCH SALTO BELO JUSANTE;RIO F.H. BARBOSA (ou NOIDORE);;-14,866900;-53,297200;45,64;265,99;0;montante;;;;;;sqlite:sis_cloud_seed.db:ana_estacoes;sqlite:sis_cloud_seed.db:ana_telemetria;
35825;RESERVATÓRIO 1 - FAZENDA NOVA CONQUISTA;Novo São Joaquim;0;3;26053100;PCH SALTO BELO BARRAMENTO;RIO F.H. BARBOSA (ou NOIDORE);;-14,868900;-53,301400;45,86;265,54;0;montante;;;;;;sqlite:sis_cloud_seed.db:ana_estacoes;sqlite:sis_cloud_seed.db:ana_telemetria;
20382;B1;Nossa Senhora do Livramento;0;1;66110010;POCONÉ - RIO BENTO GOMES;RIO BENTO GOMES;;-16,337200;-56,560000;28,12;26,95;0;jusante;;;;;;sqlite:sis_cloud_seed.db:ana_estacoes;sqlite:sis_cloud_seed.db:ana_telemetria;
20382;B1;Nossa Senhora do Livramento;0;2;66340500;POCONÉ - RIO CUIABÁ;RIO CUIABÁ;;-16,513600;-56,375600;41,67;0,10;1;jusante;72,0;;;;2026-09-07 09:45:00;sqlite:sis_cloud_seed.db:ana_estacoes;sqlite:sis_cloud_seed.db:ana_telemetria;contexto_somente
20382;B1;Nossa Senhora do Livramento;0;3;66270000;SANTO ANTÔNIO DO LEVERGER;RIO CUIABÁ;;-15,869700;-56,076100;45,48;0,38;1;montante;;;;;;sqlite:sis_cloud_seed.db:ana_estacoes;sqlite:sis_cloud_seed.db:ana_telemetria;
35611;BARRAGEM DE MINERAÇÃO HUMBERTO;Nossa Senhora do Livramento;0;1;66270000;SANTO ANTÔNIO DO LEVERGER;RIO CUIABÁ;;-15,869700;-56,076100;28,93;0,38;1;local;;;;;;sqlite:sis_cloud_seed.db:ana_estacoes;sqlite:sis_cloud_seed.db:ana_telemetria;
35611;BARRAGEM DE MINERAÇÃO HUMBERTO;Nossa Senhora do Livramento;0;2;66260001;CUIABÁ;RIO CUIABÁ;;-15,615600;-56,108600;38,98;0,21;1;montante;;;;;;sqlite:sis_cloud_seed.db:ana_estacoes;sqlite:sis_cloud_seed.db:ana_telemetria;
35611;BARRAGEM DE MINERAÇÃO HUMBERTO;Nossa Senhora do Livramento;0;3;66260006;CUIABÁ-BEIRA RIO;RIO CUIABÁ;;-15,618900;-56,099700;39,34;0,23;1;montante;98,0;;200,0;0,490;2026-09-07 10:00:00;sqlite:sis_cloud_seed.db:ana_estacoes;sqlite:sis_cloud_seed.db:ana_telemetria;contexto_somente
34483;BARRAGEM MANAH 1;Nossa Senhora do Livramento;0;1;66270000;SANTO ANTÔNIO DO LEVERGER;RIO CUIABÁ;;-15,869700;-56,076100;31,65;0,38;1;montante;;;;;;sqlite:sis_cloud_seed.db:ana_estacoes;sqlite:sis_cloud_seed.db:ana_telemetria;
34483;BARRAGEM MANAH 1;Nossa Senhora do Livramento;0;2;66110010;POCONÉ - RIO BENTO GOMES;RIO BENTO GOMES;;-16,337200;-56,560000;43,90;26,95;0;jusante;;;;;;sqlite:sis_cloud_seed.db:ana_estacoes;sqlite:sis_cloud_seed.db:ana_telemetria;
34483;BARRAGEM MANAH 1;Nossa Senhora do Livramento;0;3;66280000;BARÃO DE MELGAÇO;RIO CUIABÁ;;-16,192800;-55,966900;44,53;0,02;1;jusante;;;;;;sqlite:sis_cloud_seed.db:ana_estacoes;sqlite:sis_cloud_seed.db:ana_telemetria;
37433;BARRAGEM PICOLÉ;Nossa Senhora do Livramento;0;1;66270000;SANTO ANTÔNIO DO LEVERGER;RIO CUIABÁ;;-15,869700;-56,076100;31,87;0,38;1;montante;;;;;;sqlite:sis_cloud_seed.db:ana_estacoes;sqlite:sis_cloud_seed.db:ana_telemetria;
37433;BARRAGEM PICOLÉ;Nossa Senhora do Livramento;0;2;66110010;POCONÉ - RIO BENTO GOMES;RIO BENTO GOMES;;-16,337200;-56,560000;43,75;26,95;0;jusante;;;;;;sqlite:sis_cloud_seed.db:ana_estacoes;sqlite:sis_cloud_seed.db:ana_telemetria;
37433;BARRAGEM PICOLÉ;Nossa Senhora do Livramento;0;3;66280000;BARÃO DE MELGAÇO;RIO CUIABÁ;;-16,192800;-55,966900;44,73;0,02;1;jusante;;;;;;sqlite:sis_cloud_seed.db:ana_estacoes;sqlite:sis_cloud_seed.db:ana_telemetria;
20411;BARRAGEM T03;Nossa Senhora do Livramento;0;1;66270000;SANTO ANTÔNIO DO LEVERGER;RIO CUIABÁ;;-15,869700;-56,076100;12,27;0,38;1;jusante;;;;;;sqlite:sis_cloud_seed.db:ana_estacoes;sqlite:sis_cloud_seed.db:ana_telemetria;
20411;BARRAGEM T03;Nossa Senhora do Livramento;0;2;66260006;CUIABÁ-BEIRA RIO;RIO CUIABÁ;;-15,618900;-56,099700;26,16;0,23;1;montante;98,0;;200,0;0,490;2026-09-07 10:00:00;sqlite:sis_cloud_seed.db:ana_estacoes;sqlite:sis_cloud_seed.db:ana_telemetria;cota_medida
20411;BARRAGEM T03;Nossa Senhora do Livramento;0;3;66260001;CUIABÁ;RIO CUIABÁ;;-15,615600;-56,108600;26,18;0,21;1;montante;;;;;;sqlite:sis_cloud_seed.db:ana_estacoes;sqlite:sis_cloud_seed.db:ana_telemetria;
586;BR BOSCO;Nossa Senhora do Livramento;1;1;66260001;CUIABÁ;RIO CUIABÁ;;-15,615600;-56,108600;24,96;0,21;1;montante;;;;;;sqlite:sis_cloud_seed.db:ana_estacoes;sqlite:sis_cloud_seed.db:ana_telemetria;
586;BR BOSCO;Nossa Senhora do Livramento;1;2;66260006;CUIABÁ-BEIRA RIO;RIO CUIABÁ;;-15,618900;-56,099700;25,84;0,23;1;montante;98,0;;200,0;0,490;2026-09-07 10:00:00;sqlite:sis_cloud_seed.db:ana_estacoes;sqlite:sis_cloud_seed.db:ana_telemetria;cota_medida
586;BR BOSCO;Nossa Senhora do Livramento;1;3;66259650;RIO COXIPÓ - AABB;RIO COXIPO;;-15,617500;-56,051100;31,01;3,76;1;montante;;;;;;sqlite:sis_cloud_seed.db:ana_estacoes;sqlite:sis_cloud_seed.db:ana_telemetria;
21927;BR BRASÃO;Nossa Senhora do Livramento;0;1;66270000;SANTO ANTÔNIO DO LEVERGER;RIO CUIABÁ;;-15,869700;-56,076100;36,30;0,38;1;montante;;;;;;sqlite:sis_cloud_seed.db:ana_estacoes;sqlite:sis_cloud_seed.db:ana_telemetria;
21927;BR BRASÃO;Nossa Senhora do Livramento;0;2;66110010;POCONÉ - RIO BENTO GOMES;RIO BENTO GOMES;;-16,337200;-56,560000;38,05;26,95;0;jusante;;;;;;sqlite:sis_cloud_seed.db:ana_estacoes;sqlite:sis_cloud_seed.db:ana_telemetria;
21927;BR BRASÃO;Nossa Senhora do Livramento;0;3;66280000;BARÃO DE MELGAÇO;RIO CUIABÁ;;-16,192800;-55,966900;43,84;0,02;1;jusante;;;;;;sqlite:sis_cloud_seed.db:ana_estacoes;sqlite:sis_cloud_seed.db:ana_telemetria;
21940;BR PIRÂMIDE;Nossa Senhora do Livramento;1;1;66260001;CUIABÁ;RIO CUIABÁ;;-15,615600;-56,108600;25,73;0,21;1;montante;;;;;;sqlite:sis_cloud_seed.db:ana_estacoes;sqlite:sis_cloud_seed.db:ana_telemetria;
21940;BR PIRÂMIDE;Nossa Senhora do Livramento;1;2;66260006;CUIABÁ-BEIRA RIO;RIO CUIABÁ;;-15,618900;-56,099700;26,60;0,23;1;montante;98,0;;200,0;0,490;2026-09-07 10:00:00;sqlite:sis_cloud_seed.db:ana_estacoes;sqlite:sis_cloud_seed.db:ana_telemetria;cota_medida
21940;BR PIRÂMIDE;Nossa Senhora do Livramento;1;3;66259650;RIO COXIPÓ - AABB;RIO COXIPO;;-15,617500;-56,051100;31,75;3,76;1;montante;;;;;;sqlite:sis_cloud_seed.db:ana_estacoes;sqlite:sis_cloud_seed.db:ana_telemetria;
5573;BR SANTA 01;Nossa Senhora do Livramento;1;1;66260001;CUIABÁ;RIO CUIABÁ;;-15,615600;-56,108600;26,74;0,21;1;montante;;;;;;sqlite:sis_cloud_seed.db:ana_estacoes;sqlite:sis_cloud_seed.db:ana_telemetria;
5573;BR SANTA 01;Nossa Senhora do Livramento;1;2;66260006;CUIABÁ-BEIRA RIO;RIO CUIABÁ;;-15,618900;-56,099700;27,61;0,23;1;montante;98,0;;200,0;0,490;2026-09-07 10:00:00;sqlite:sis_cloud_seed.db:ana_estacoes;sqlite:sis_cloud_seed.db:ana_telemetria;cota_medida
5573;BR SANTA 01;Nossa Senhora do Livramento;1;3;66259650;RIO COXIPÓ - AABB;RIO COXIPO;;-15,617500;-56,051100;32,78;3,76;1;montante;;;;;;sqlite:sis_cloud_seed.db:ana_estacoes;sqlite:sis_cloud_seed.db:ana_telemetria;
588;BR SANTA FELICIDADE;Nossa Senhora do Livramento;1;1;66260001;CUIABÁ;RIO CUIABÁ;;-15,615600;-56,108600;26,67;0,21;1;montante;;;;;;sqlite:sis_cloud_seed.db:ana_estacoes;sqlite:sis_cloud_seed.db:ana_telemetria;
588;BR SANTA FELICIDADE;Nossa Senhora do Livramento;1;2;66260006;CUIABÁ-BEIRA RIO;RIO CUIABÁ;;-15,618900;-56,099700;27,54;0,23;1;montante;98,0;;200,0;0,490;2026-09-07 10:00:00;sqlite:sis_cloud_seed.db:ana_estacoes;sqlite:sis_cloud_seed.db:ana_telemetria;cota_medida
588;BR SANTA FELICIDADE;Nossa Senhora do Livramento;1;3;66259650;RIO COXIPÓ - AABB;RIO COXIPO;;-15,617500;-56,051100;32,69;3,76;1;montante;;;;;;sqlite:sis_cloud_seed.db:ana_estacoes;sqlite:sis_cloud_seed.db:ana_telemetria;
22009;BR SANTA FELICIDADE 02;Nossa Senhora do Livramento;1;1;66260001;CUIABÁ;RIO CUIABÁ;;-15,615600;-56,108600;26,89;0,21;1;montante;;;;;;sqlite:sis_cloud_seed.db:ana_estacoes;sqlite:sis_cloud_seed.db:ana_telemetria;
22009;BR SANTA FELICIDADE 02;Nossa Senhora do Livramento;1;2;66260006;CUIABÁ-BEIRA RIO;RIO CUIABÁ;;-15,618900;-56,099700;27,75;0,23;1;montante;98,0;;200,0;0,490;2026-09-07 10:00:00;sqlite:sis_cloud_seed.db:ana_estacoes;sqlite:sis_cloud_seed.db:ana_telemetria;cota_medida
22009;BR SANTA FELICIDADE 02;Nossa Senhora do Livramento;1;3;66259650;RIO COXIPÓ - AABB;RIO COXIPO;;-15,617500;-56,051100;32,91;3,76;1;montante;;;;;;sqlite:sis_cloud_seed.db:ana_estacoes;sqlite:sis_cloud_seed.db:ana_telemetria;
26147;BR ÁGUA DE COCO;Nossa Senhora do Livramento;0;1;66260001;CUIABÁ;RIO CUIABÁ;;-15,615600;-56,108600;22,27;0,21;1;montante;;;;;;sqlite:sis_cloud_seed.db:ana_estacoes;sqlite:sis_cloud_seed.db:ana_telemetria;
26147;BR ÁGUA DE COCO;Nossa Senhora do Livramento;0;2;66260006;CUIABÁ-BEIRA RIO;RIO CUIABÁ;;-15,618900;-56,099700;23,05;0,23;1;montante;98,0;;200,0;0,490;2026-09-07 10:00:00;sqlite:sis_cloud_seed.db:ana_estacoes;sqlite:sis_cloud_seed.db:ana_telemetria;cota_medida
26147;BR ÁGUA DE COCO;Nossa Senhora do Livramento;0;3;66259650;RIO COXIPÓ - AABB;RIO COXIPO;;-15,617500;-56,051100;28,08;3,76;1;montante;;;;;;sqlite:sis_cloud_seed.db:ana_estacoes;sqlite:sis_cloud_seed.db:ana_telemetria;
28934;BR02;Nossa Senhora do Livramento;0;1;66260001;CUIABÁ;RIO CUIABÁ;;-15,615600;-56,108600;27,45;0,21;1;montante;;;;;;sqlite:sis_cloud_seed.db:ana_estacoes;sqlite:sis_cloud_seed.db:ana_telemetria;
28934;BR02;Nossa Senhora do Livramento;0;2;66260006;CUIABÁ-BEIRA RIO;RIO CUIABÁ;;-15,618900;-56,099700;28,26;0,23;1;montante;98,0;;200,0;0,490;2026-09-07 10:00:00;sqlite:sis_cloud_seed.db:ana_estacoes;sqlite:sis_cloud_seed.db:ana_telemetria;cota_medida
28934;BR02;Nossa Senhora do Livramento;0;3;66259650;RIO COXIPÓ - AABB;RIO COXIPO;;-15,617500;-56,051100;33,33;3,76;1;montante;;;;;;sqlite:sis_cloud_seed.db:ana_estacoes;sqlite:sis_cloud_seed.db:ana_telemetria;
29381;BR03;Nossa Senhora do Livramento;0;1;66260001;CUIABÁ;RIO CUIABÁ;;-15,615600;-56,108600;28,29;0,21;1;montante;;;;;;sqlite:sis_cloud_seed.db:ana_estacoes;sqlite:sis_cloud_seed.db:ana_telemetria;
29381;BR03;Nossa Senhora do Livramento;0;2;66260006;CUIABÁ-BEIRA RIO;RIO CUIABÁ;;-15,618900;-56,099700;29,09;0,23;1;montante;98,0;;200,0;0,490;2026-09-07 10:00:00;sqlite:sis_cloud_seed.db:ana_estacoes;sqlite:sis_cloud_seed.db:ana_telemetria;cota_medida
29381;BR03;Nossa Senhora do Livramento;0;3;66259650;RIO COXIPÓ - AABB;RIO COXIPO;;-15,617500;-56,051100;34,16;3,76;1;montante;;;;;;sqlite:sis_cloud_seed.db:ana_estacoes;sqlite:sis_cloud_seed.db:ana_telemetria;
26158;BRITO;Nossa Senhora do Livramento;0;1;66270000;SANTO ANTÔNIO DO LEVERGER;RIO CUIABÁ;;-15,869700;-56,076100;14,51;0,38;1;montante;;;;;;sqlite:sis_cloud_seed.db:ana_estacoes;sqlite:sis_cloud_seed.db:ana_telemetria;
26158;BRITO;Nossa Senhora do Livramento;0;2;66260006;CUIABÁ-BEIRA RIO;RIO CUIABÁ;;-15,618900;-56,099700;33,59;0,23;1;montante;98,0;;200,0;0,490;2026-09-07 10:00:00;sqlite:sis_cloud_seed.db:ana_estacoes;sqlite:sis_cloud_seed.db:ana_telemetria;contexto_somente
26158;BRITO;Nossa Senhora do Livramento;0;3;66260001;CUIABÁ;RIO CUIABÁ;;-15,615600;-56,108600;33,63;0,21;1;montante;;;;;;sqlite:sis_cloud_seed.db:ana_estacoes;sqlite:sis_cloud_seed.db:ana_telemetria;
21948;Bacia de Decantação S1;Nossa Senhora do Livramento;0;1;66270000;SANTO ANTÔNIO DO LEVERGER;RIO CUIABÁ;;-15,869700;-56,076100;11,12;0,38;1;montante;;;;;;sqlite:sis_cloud_seed.db:ana_estacoes;sqlite:sis_cloud_seed.db:ana_telemetria;
21948;Bacia de Decantação S1;Nossa Senhora do Livramento;0;2;66260006;CUIABÁ-BEIRA RIO;RIO CUIABÁ;;-15,618900;-56,099700;34,59;0,23;1;montante;98,0;;200,0;0,490;2026-09-07 10:00:00;sqlite:sis_cloud_seed.db:ana_estacoes;sqlite:sis_cloud_seed.db:ana_telemetria;contexto_somente
21948;Bacia de Decantação S1;Nossa Senhora do Livramento;0;3;66260001;CUIABÁ;RIO CUIABÁ;;-15,615600;-56,108600;34,78;0,21;1;montante;;;;;;sqlite:sis_cloud_seed.db:ana_estacoes;sqlite:sis_cloud_seed.db:ana_telemetria;
1265;Bacia de Rejeitos;Nossa Senhora do Livramento;0;1;66260001;CUIABÁ;RIO CUIABÁ;;-15,615600;-56,108600;27,19;0,21;1;montante;;;;;;sqlite:sis_cloud_seed.db:ana_estacoes;sqlite:sis_cloud_seed.db:ana_telemetria;
1265;Bacia de Rejeitos;Nossa Senhora do Livramento;0;2;66260006;CUIABÁ-BEIRA RIO;RIO CUIABÁ;;-15,618900;-56,099700;27,99;0,23;1;montante;98,0;;200,0;0,490;2026-09-07 10:00:00;sqlite:sis_cloud_seed.db:ana_estacoes;sqlite:sis_cloud_seed.db:ana_telemetria;cota_medida
1265;Bacia de Rejeitos;Nossa Senhora do Livramento;0;3;66259650;RIO COXIPÓ - AABB;RIO COXIPO;;-15,617500;-56,051100;33,07;3,76;1;montante;;;;;;sqlite:sis_cloud_seed.db:ana_estacoes;sqlite:sis_cloud_seed.db:ana_telemetria;
27626;Barragem - Valdenir;Nossa Senhora do Livramento;1;1;66260001;CUIABÁ;RIO CUIABÁ;;-15,615600;-56,108600;17,93;0,21;1;local;;;;;;sqlite:sis_cloud_seed.db:ana_estacoes;sqlite:sis_cloud_seed.db:ana_telemetria;
27626;Barragem - Valdenir;Nossa Senhora do Livramento;1;2;66260006;CUIABÁ-BEIRA RIO;RIO CUIABÁ;;-15,618900;-56,099700;18,88;0,23;1;local;98,0;;200,0;0,490;2026-09-07 10:00:00;sqlite:sis_cloud_seed.db:ana_estacoes;sqlite:sis_cloud_seed.db:ana_telemetria;cota_medida
27626;Barragem - Valdenir;Nossa Senhora do Livramento;1;3;66259650;RIO COXIPÓ - AABB;RIO COXIPO;;-15,617500;-56,051100;24,08;3,76;1;local;;;;;;sqlite:sis_cloud_seed.db:ana_estacoes;sqlite:sis_cloud_seed.db:ana_telemetria;
20391;Barragem 01;Nossa Senhora do Livramento;0;1;66110010;POCONÉ - RIO BENTO GOMES;RIO BENTO GOMES;;-16,337200;-56,560000;21,62;26,95;0;jusante;;;;;;sqlite:sis_cloud_seed.db:ana_estacoes;sqlite:sis_cloud_seed.db:ana_telemetria;
20391;Barragem 01;Nossa Senhora do Livramento;0;2;66340500;POCONÉ - RIO CUIABÁ;RIO CUIABÁ;;-16,513600;-56,375600;37,17;0,10;1;jusante;72,0;;;;2026-09-07 09:45:00;sqlite:sis_cloud_seed.db:ana_estacoes;sqlite:sis_cloud_seed.db:ana_telemetria;contexto_somente
20391;Barragem 01;Nossa Senhora do Livramento;0;3;66280000;BARÃO DE MELGAÇO;RIO CUIABÁ;;-16,192800;-55,966900;50,00;0,02;1;local;;;;;;sqlite:sis_cloud_seed.db:ana_estacoes;sqlite:sis_cloud_seed.db:ana_telemetria;
26130;Barragem B1;Nossa Senhora do Livramento;0;1;66270000;SANTO ANTÔNIO DO LEVERGER;RIO CUIABÁ;;-15,869700;-56,076100;30,61;0,38;1;montante;;;;;;sqlite:sis_cloud_seed.db:ana_estacoes;sqlite:sis_cloud_seed.db:ana_telemetria;
26130;Barragem B1;Nossa Senhora do Livramento;0;2;66260001;CUIABÁ;RIO CUIABÁ;;-15,615600;-56,108600;43,49;0,21;1;montante;;;;;;sqlite:sis_cloud_seed.db:ana_estacoes;sqlite:sis_cloud_seed.db:ana_telemetria;
26130;Barragem B1;Nossa Senhora do Livramento;0;3;66260006;CUIABÁ-BEIRA RIO;RIO CUIABÁ;;-15,618900;-56,099700;43,79;0,23;1;montante;98,0;;200,0;0,490;2026-09-07 10:00:00;sqlite:sis_cloud_seed.db:ana_estacoes;sqlite:sis_cloud_seed.db:ana_telemetria;contexto_somente
21950;Barragem Candonga;Nossa Senhora do Livramento;0;1;66270000;SANTO ANTÔNIO DO LEVERGER;RIO CUIABÁ;;-15,869700;-56,076100;15,93;0,38;1;local;;;;;;sqlite:sis_cloud_seed.db:ana_estacoes;sqlite:sis_cloud_seed.db:ana_telemetria;
21950;Barragem Candonga;Nossa Senhora do Livramento;0;2;66260001;CUIABÁ;RIO CUIABÁ;;-15,615600;-56,108600;30,24;0,21;1;montante;;;;;;sqlite:sis_cloud_seed.db:ana_estacoes;sqlite:sis_cloud_seed.db:ana_telemetria;
21950;Barragem Candonga;Nossa Senhora do Livramento;0;3;66260006;CUIABÁ-BEIRA RIO;RIO CUIABÁ;;-15,618900;-56,099700;30,32;0,23;1;montante;98,0;;200,0;0,490;2026-09-07 10:00:00;sqlite:sis_cloud_seed.db:ana_estacoes;sqlite:sis_cloud_seed.db:ana_telemetria;contexto_somente
26236;Barragem Fazenda Aguassu;Nossa Senhora do Livramento;0;1;66270000;SANTO ANTÔNIO DO LEVERGER;RIO CUIABÁ;;-15,869700;-56,076100;20,14;0,38;1;jusante;;;;;;sqlite:sis_cloud_seed.db:ana_estacoes;sqlite:sis_cloud_seed.db:ana_telemetria;
26236;Barragem Fazenda Aguassu;Nossa Senhora do Livramento;0;2;66260001;CUIABÁ;RIO CUIABÁ;;-15,615600;-56,108600;21,34;0,21;1;montante;;;;;;sqlite:sis_cloud_seed.db:ana_estacoes;sqlite:sis_cloud_seed.db:ana_telemetria;
26236;Barragem Fazenda Aguassu;Nossa Senhora do Livramento;0;3;66260006;CUIABÁ-BEIRA RIO;RIO CUIABÁ;;-15,618900;-56,099700;21,66;0,23;1;montante;98,0;;200,0;0,490;2026-09-07 10:00:00;sqlite:sis_cloud_seed.db:ana_estacoes;sqlite:sis_cloud_seed.db:ana_telemetria;cota_medida
32031;Barragem Rejeito Max 2;Nossa Senhora do Livramento;0;1;66270000;SANTO ANTÔNIO DO LEVERGER;RIO CUIABÁ;;-15,869700;-56,076100;11,92;0,38;1;local;;;;;;sqlite:sis_cloud_seed.db:ana_estacoes;sqlite:sis_cloud_seed.db:ana_telemetria;
32031;Barragem Rejeito Max 2;Nossa Senhora do Livramento;0;2;66260006;CUIABÁ-BEIRA RIO;RIO CUIABÁ;;-15,618900;-56,099700;31,68;0,23;1;montante;98,0;;200,0;0,490;2026-09-07 10:00:00;sqlite:sis_cloud_seed.db:ana_estacoes;sqlite:sis_cloud_seed.db:ana_telemetria;contexto_somente
32031;Barragem Rejeito Max 2;Nossa Senhora do Livramento;0;3;66260001;CUIABÁ;RIO CUIABÁ;;-15,615600;-56,108600;31,77;0,21;1;montante;;;;;;sqlite:sis_cloud_seed.db:ana_estacoes;sqlite:sis_cloud_seed.db:ana_telemetria;
21957;Barragem T08;Nossa Senhora do Livramento;0;1;66110010;POCONÉ - RIO BENTO GOMES;RIO BENTO GOMES;;-16,337200;-56,560000;24,71;26,95;0;jusante;;;;;;sqlite:sis_cloud_seed.db:ana_estacoes;sqlite:sis_cloud_seed.db:ana_telemetria;
21957;Barragem T08;Nossa Senhora do Livramento;0;2;66340500;POCONÉ - RIO CUIABÁ;RIO CUIABÁ;;-16,513600;-56,375600;39,19;0,10;1;jusante;72,0;;;;2026-09-07 09:45:00;sqlite:sis_cloud_seed.db:ana_estacoes;sqlite:sis_cloud_seed.db:ana_telemetria;contexto_somente
21957;Barragem T08;Nossa Senhora do Livramento;0;3;66280000;BARÃO DE MELGAÇO;RIO CUIABÁ;;-16,192800;-55,966900;48,06;0,02;1;local;;;;;;sqlite:sis_cloud_seed.db:ana_estacoes;sqlite:sis_cloud_seed.db:ana_telemetria;
22006;Barragem T09;Nossa Senhora do Livramento;0;1;66110010;POCONÉ - RIO BENTO GOMES;RIO BENTO GOMES;;-16,337200;-56,560000;23,92;26,95;0;jusante;;;;;;sqlite:sis_cloud_seed.db:ana_estacoes;sqlite:sis_cloud_seed.db:ana_telemetria;
22006;Barragem T09;Nossa Senhora do Livramento;0;2;66340500;POCONÉ - RIO CUIABÁ;RIO CUIABÁ;;-16,513600;-56,375600;39,02;0,10;1;jusante;72,0;;;;2026-09-07 09:45:00;sqlite:sis_cloud_seed.db:ana_estacoes;sqlite:sis_cloud_seed.db:ana_telemetria;contexto_somente
22006;Barragem T09;Nossa Senhora do Livramento;0;3;66280000;BARÃO DE MELGAÇO;RIO CUIABÁ;;-16,192800;-55,966900;48,96;0,02;1;local;;;;;;sqlite:sis_cloud_seed.db:ana_estacoes;sqlite:sis_cloud_seed.db:ana_telemetria;
22007;Barragem TB02;Nossa Senhora do Livramento;0;1;66110010;POCONÉ - RIO BENTO GOMES;RIO BENTO GOMES;;-16,337200;-56,560000;42,79;26,95;0;jusante;;;;;;sqlite:sis_cloud_seed.db:ana_estacoes;sqlite:sis_cloud_seed.db:ana_telemetria;
22007;Barragem TB02;Nossa Senhora do Livramento;0;2;66270000;SANTO ANTÔNIO DO LEVERGER;RIO CUIABÁ;;-15,869700;-56,076100;44,17;0,38;1;montante;;;;;;sqlite:sis_cloud_seed.db:ana_estacoes;sqlite:sis_cloud_seed.db:ana_telemetria;
22007;Barragem TB02;Nossa Senhora do Livramento;0;3;66260001;CUIABÁ;RIO CUIABÁ;;-15,615600;-56,108600;55,09;0,21;1;montante;;;;;;sqlite:sis_cloud_seed.db:ana_estacoes;sqlite:sis_cloud_seed.db:ana_telemetria;
574;Barragem de Rejeito 01;Nossa Senhora do Livramento;0;1;66270000;SANTO ANTÔNIO DO LEVERGER;RIO CUIABÁ;;-15,869700;-56,076100;24,79;0,38;1;jusante;;;;;;sqlite:sis_cloud_seed.db:ana_estacoes;sqlite:sis_cloud_seed.db:ana_telemetria;
574;Barragem de Rejeito 01;Nossa Senhora do Livramento;0;2;66260001;CUIABÁ;RIO CUIABÁ;;-15,615600;-56,108600;25,94;0,21;1;montante;;;;;;sqlite:sis_cloud_seed.db:ana_estacoes;sqlite:sis_cloud_seed.db:ana_telemetria;
574;Barragem de Rejeito 01;Nossa Senhora do Livramento;0;3;66260006;CUIABÁ-BEIRA RIO;RIO CUIABÁ;;-15,618900;-56,099700;26,40;0,23;1;montante;98,0;;200,0;0,490;2026-09-07 10:00:00;sqlite:sis_cloud_seed.db:ana_estacoes;sqlite:sis_cloud_seed.db:ana_telemetria;cota_medida
35082;Barragem de Rejeito 01;Nossa Senhora do Livramento;0;1;66270000;SANTO ANTÔNIO DO LEVERGER;RIO CUIABÁ;;-15,869700;-56,076100;8,03;0,38;1;local;;;;;;sqlite:sis_cloud_seed.db:ana_estacoes;sqlite:sis_cloud_seed.db:ana_telemetria;
35082;Barragem de Rejeito 01;Nossa Senhora do Livramento;0;2;66260006;CUIABÁ-BEIRA RIO;RIO CUIABÁ;;-15,618900;-56,099700;28,06;0,23;1;montante;98,0;;200,0;0,490;2026-09-07 10:00:00;sqlite:sis_cloud_seed.db:ana_estacoes;sqlite:sis_cloud_seed.db:ana_telemetria;cota_medida
35082;Barragem de Rejeito 01;Nossa Senhora do Livramento;0;3;66260001;CUIABÁ;RIO CUIABÁ;;-15,615600;-56,108600;28,25;0,21;1;montante;;;;;;sqlite:sis_cloud_seed.db:ana_estacoes;sqlite:sis_cloud_seed.db:ana_telemetria;
29380;Barragem de Rejeito Capim Gold 2;Nossa Senhora do Livramento;0;1;66270000;SANTO ANTÔNIO DO LEVERGER;RIO CUIABÁ;;-15,869700;-56,076100;42,53;0,38;1;montante;;;;;;sqlite:sis_cloud_seed.db:ana_estacoes;sqlite:sis_cloud_seed.db:ana_telemetria;
29380;Barragem de Rejeito Capim Gold 2;Nossa Senhora do Livramento;0;2;66110010;POCONÉ - RIO BENTO GOMES;RIO BENTO GOMES;;-16,337200;-56,560000;45,75;26,95;0;jusante;;;;;;sqlite:sis_cloud_seed.db:ana_estacoes;sqlite:sis_cloud_seed.db:ana_telemetria;
29380;Barragem de Rejeito Capim Gold 2;Nossa Senhora do Livramento;0;3;66260001;CUIABÁ;RIO CUIABÁ;;-15,615600;-56,108600;52,37;0,21;1;montante;;;;;;sqlite:sis_cloud_seed.db:ana_estacoes;sqlite:sis_cloud_seed.db:ana_telemetria;
5560;Barragem de Rejeito Estrela;Nossa Senhora do Livramento;1;1;66260001;CUIABÁ;RIO CUIABÁ;;-15,615600;-56,108600;30,06;0,21;1;montante;;;;;;sqlite:sis_cloud_seed.db:ana_estacoes;sqlite:sis_cloud_seed.db:ana_telemetria;
5560;Barragem de Rejeito Estrela;Nossa Senhora do Livramento;1;2;66260006;CUIABÁ-BEIRA RIO;RIO CUIABÁ;;-15,618900;-56,099700;30,96;0,23;1;montante;98,0;;200,0;0,490;2026-09-07 10:00:00;sqlite:sis_cloud_seed.db:ana_estacoes;sqlite:sis_cloud_seed.db:ana_telemetria;contexto_somente
5560;Barragem de Rejeito Estrela;Nossa Senhora do Livramento;1;3;66259650;RIO COXIPÓ - AABB;RIO COXIPO;;-15,617500;-56,051100;36,16;3,76;1;montante;;;;;;sqlite:sis_cloud_seed.db:ana_estacoes;sqlite:sis_cloud_seed.db:ana_telemetria;
5562;Barragem de Rejeito Estrela 02;Nossa Senhora do Livramento;1;1;66260001;CUIABÁ;RIO CUIABÁ;;-15,615600;-56,108600;30,00;0,21;1;montante;;;;;;sqlite:sis_cloud_seed.db:ana_estacoes;sqlite:sis_cloud_seed.db:ana_telemetria;
5562;Barragem de Rejeito Estrela 02;Nossa Senhora do Livramento;1;2;66260006;CUIABÁ-BEIRA RIO;RIO CUIABÁ;;-15,618900;-56,099700;30,90;0,23;1;montante;98,0;;200,0;0,490;2026-09-07 10:00:00;sqlite:sis_cloud_seed.db:ana_estacoes;sqlite:sis_cloud_seed.db:ana_telemetria;contexto_somente
5562;Barragem de Rejeito Estrela 02;Nossa Senhora do Livramento;1;3;66259650;RIO COXIPÓ - AABB;RIO COXIPO;;-15,617500;-56,051100;36,08;3,76;1;montante;;;;;;sqlite:sis_cloud_seed.db:ana_estacoes;sqlite:sis_cloud_seed.db:ana_telemetria;
5559;Barragem de Rejeito Estrela 03;Nossa Senhora do Livramento;1;1;66260001;CUIABÁ;RIO CUIABÁ;;-15,615600;-56,108600;30,31;0,21;1;montante;;;;;;sqlite:sis_cloud_seed.db:ana_estacoes;sqlite:sis_cloud_seed.db:ana_telemetria;
5559;Barragem de Rejeito Estrela 03;Nossa Senhora do Livramento;1;2;66260006;CUIABÁ-BEIRA RIO;RIO CUIABÁ;;-15,618900;-56,099700;31,21;0,23;1;montante;98,0;;200,0;0,490;2026-09-07 10:00:00;sqlite:sis_cloud_seed.db:ana_estacoes;sqlite:sis_cloud_seed.db:ana_telemetria;contexto_somente
5559;Barragem de Rejeito Estrela 03;Nossa Senhora do Livramento;1;3;66259650;RIO COXIPÓ - AABB;RIO COXIPO;;-15,617500;-56,051100;36,39;3,76;1;montante;;;;;;sqlite:sis_cloud_seed.db:ana_estacoes;sqlite:sis_cloud_seed.db:ana_telemetria;
5603;Barragem de Rejeitos Bom Futuro;Nossa Senhora do Livramento;1;1;66260001;CUIABÁ;RIO CUIABÁ;;-15,615600;-56,108600;19,51;0,21;1;montante;;;;;;sqlite:sis_cloud_seed.db:ana_estacoes;sqlite:sis_cloud_seed.db:ana_telemetria;
5603;Barragem de Rejeitos Bom Futuro;Nossa Senhora do Livramento;1;2;66260006;CUIABÁ-BEIRA RIO;RIO CUIABÁ;;-15,618900;-56,099700;20,35;0,23;1;montante;98,0;;200,0;0,490;2026-09-07 10:00:00;sqlite:sis_cloud_seed.db:ana_estacoes;sqlite:sis_cloud_seed.db:ana_telemetria;cota_medida
5603;Barragem de Rejeitos Bom Futuro;Nossa Senhora do Livramento;1;3;66259650;RIO COXIPÓ - AABB;RIO COXIPO;;-15,617500;-56,051100;25,48;3,76;1;montante;;;;;;sqlite:sis_cloud_seed.db:ana_estacoes;sqlite:sis_cloud_seed.db:ana_telemetria;
26150;CHIMBUVA;Nossa Senhora do Livramento;0;1;66270000;SANTO ANTÔNIO DO LEVERGER;RIO CUIABÁ;;-15,869700;-56,076100;22,30;0,38;1;montante;;;;;;sqlite:sis_cloud_seed.db:ana_estacoes;sqlite:sis_cloud_seed.db:ana_telemetria;
26150;CHIMBUVA;Nossa Senhora do Livramento;0;2;66280000;BARÃO DE MELGAÇO;RIO CUIABÁ;;-16,192800;-55,966900;34,89;0,02;1;jusante;;;;;;sqlite:sis_cloud_seed.db:ana_estacoes;sqlite:sis_cloud_seed.db:ana_telemetria;
26150;CHIMBUVA;Nossa Senhora do Livramento;0;3;66260006;CUIABÁ-BEIRA RIO;RIO CUIABÁ;;-15,618900;-56,099700;45,20;0,23;1;montante;98,0;;200,0;0,490;2026-09-07 10:00:00;sqlite:sis_cloud_seed.db:ana_estacoes;sqlite:sis_cloud_seed.db:ana_telemetria;contexto_somente
26251;FAZENDA 4M;Nossa Senhora do Livramento;0;1;66270000;SANTO ANTÔNIO DO LEVERGER;RIO CUIABÁ;;-15,869700;-56,076100;23,35;0,38;1;montante;;;;;;sqlite:sis_cloud_seed.db:ana_estacoes;sqlite:sis_cloud_seed.db:ana_telemetria;
26251;FAZENDA 4M;Nossa Senhora do Livramento;0;2;66260001;CUIABÁ;RIO CUIABÁ;;-15,615600;-56,108600;41,76;0,21;1;montante;;;;;;sqlite:sis_cloud_seed.db:ana_estacoes;sqlite:sis_cloud_seed.db:ana_telemetria;
26251;FAZENDA 4M;Nossa Senhora do Livramento;0;3;66260006;CUIABÁ-BEIRA RIO;RIO CUIABÁ;;-15,618900;-56,099700;41,85;0,23;1;montante;98,0;;200,0;0,490;2026-09-07 10:00:00;sqlite:sis_cloud_seed.db:ana_estacoes;sqlite:sis_cloud_seed.db:ana_telemetria;contexto_somente
37734;Fazenda Campina Barragem 1;Nossa Senhora do Livramento;0;1;66110010;POCONÉ - RIO BENTO GOMES;RIO BENTO GOMES;;-16,337200;-56,560000;23,46;26,95;0;jusante;;;;;;sqlite:sis_cloud_seed.db:ana_estacoes;sqlite:sis_cloud_seed.db:ana_telemetria;
37734;Fazenda Campina Barragem 1;Nossa Senhora do Livramento;0;2;66340500;POCONÉ - RIO CUIABÁ;RIO CUIABÁ;;-16,513600;-56,375600;34,13;0,10;1;jusante;72,0;;;;2026-09-07 09:45:00;sqlite:sis_cloud_seed.db:ana_estacoes;sqlite:sis_cloud_seed.db:ana_telemetria;contexto_somente
37734;Fazenda Campina Barragem 1;Nossa Senhora do Livramento;0;3;66280000;BARÃO DE MELGAÇO;RIO CUIABÁ;;-16,192800;-55,966900;44,91;0,02;1;local;;;;;;sqlite:sis_cloud_seed.db:ana_estacoes;sqlite:sis_cloud_seed.db:ana_telemetria;
37735;Fazenda Campina Barragem 2;Nossa Senhora do Livramento;0;1;66110010;POCONÉ - RIO BENTO GOMES;RIO BENTO GOMES;;-16,337200;-56,560000;23,77;26,95;0;jusante;;;;;;sqlite:sis_cloud_seed.db:ana_estacoes;sqlite:sis_cloud_seed.db:ana_telemetria;
37735;Fazenda Campina Barragem 2;Nossa Senhora do Livramento;0;2;66340500;POCONÉ - RIO CUIABÁ;RIO CUIABÁ;;-16,513600;-56,375600;34,89;0,10;1;jusante;72,0;;;;2026-09-07 09:45:00;sqlite:sis_cloud_seed.db:ana_estacoes;sqlite:sis_cloud_seed.db:ana_telemetria;contexto_somente
37735;Fazenda Campina Barragem 2;Nossa Senhora do Livramento;0;3;66280000;BARÃO DE MELGAÇO;RIO CUIABÁ;;-16,192800;-55,966900;45,10;0,02;1;local;;;;;;sqlite:sis_cloud_seed.db:ana_estacoes;sqlite:sis_cloud_seed.db:ana_telemetria;
37716;Fazenda São Rafael Barragem I;Nossa Senhora do Livramento;1;1;66260001;CUIABÁ;RIO CUIABÁ;;-15,615600;-56,108600;70,63;0,21;1;local;;;;;;sqlite:sis_cloud_seed.db:ana_estacoes;sqlite:sis_cloud_seed.db:ana_telemetria;
37716;Fazenda São Rafael Barragem I;Nossa Senhora do Livramento;1;2;66260006;CUIABÁ-BEIRA RIO;RIO CUIABÁ;;-15,618900;-56,099700;71,58;0,23;1;local;98,0;;200,0;0,490;2026-09-07 10:00:00;sqlite:sis_cloud_seed.db:ana_estacoes;sqlite:sis_cloud_seed.db:ana_telemetria;contexto_somente
37716;Fazenda São Rafael Barragem I;Nossa Senhora do Livramento;1;3;66010000;BARRA DO BUGRES;RIO PARAGUAI;;-15,076100;-57,181900;75,12;76,73;0;montante;;;;;;sqlite:sis_cloud_seed.db:ana_estacoes;sqlite:sis_cloud_seed.db:ana_telemetria;
37717;Fazenda São Rafael Barragem II;Nossa Senhora do Livramento;1;1;66260001;CUIABÁ;RIO CUIABÁ;;-15,615600;-56,108600;70,70;0,21;1;local;;;;;;sqlite:sis_cloud_seed.db:ana_estacoes;sqlite:sis_cloud_seed.db:ana_telemetria;
37717;Fazenda São Rafael Barragem II;Nossa Senhora do Livramento;1;2;66260006;CUIABÁ-BEIRA RIO;RIO CUIABÁ;;-15,618900;-56,099700;71,65;0,23;1;local;98,0;;200,0;0,490;2026-09-07 10:00:00;sqlite:sis_cloud_seed.db:ana_estacoes;sqlite:sis_cloud_seed.db:ana_telemetria;contexto_somente
37717;Fazenda São Rafael Barragem II;Nossa Senhora do Livramento;1;3;66010000;BARRA DO BUGRES;RIO PARAGUAI;;-15,076100;-57,181900;75,35;76,73;0;montante;;;;;;sqlite:sis_cloud_seed.db:ana_estacoes;sqlite:sis_cloud_seed.db:ana_telemetria;
37719;Fazenda São Rafael Barragem III;Nossa Senhora do Livramento;1;1;66260001;CUIABÁ;RIO CUIABÁ;;-15,615600;-56,108600;70,77;0,21;1;local;;;;;;sqlite:sis_cloud_seed.db:ana_estacoes;sqlite:sis_cloud_seed.db:ana_telemetria;
37719;Fazenda São Rafael Barragem III;Nossa Senhora do Livramento;1;2;66260006;CUIABÁ-BEIRA RIO;RIO CUIABÁ;;-15,618900;-56,099700;71,72;0,23;1;local;98,0;;200,0;0,490;2026-09-07 10:00:00;sqlite:sis_cloud_seed.db:ana_estacoes;sqlite:sis_cloud_seed.db:ana_telemetria;contexto_somente
37719;Fazenda São Rafael Barragem III;Nossa Senhora do Livramento;1;3;66010000;BARRA DO BUGRES;RIO PARAGUAI;;-15,076100;-57,181900;75,72;76,73;0;montante;;;;;;sqlite:sis_cloud_seed.db:ana_estacoes;sqlite:sis_cloud_seed.db:ana_telemetria;
37720;Fazenda São Rafael Barragem IV;Nossa Senhora do Livramento;1;1;66260001;CUIABÁ;RIO CUIABÁ;;-15,615600;-56,108600;70,34;0,21;1;local;;;;;;sqlite:sis_cloud_seed.db:ana_estacoes;sqlite:sis_cloud_seed.db:ana_telemetria;
37720;Fazenda São Rafael Barragem IV;Nossa Senhora do Livramento;1;2;66260006;CUIABÁ-BEIRA RIO;RIO CUIABÁ;;-15,618900;-56,099700;71,28;0,23;1;local;98,0;;200,0;0,490;2026-09-07 10:00:00;sqlite:sis_cloud_seed.db:ana_estacoes;sqlite:sis_cloud_seed.db:ana_telemetria;contexto_somente
37720;Fazenda São Rafael Barragem IV;Nossa Senhora do Livramento;1;3;66259650;RIO COXIPÓ - AABB;RIO COXIPO;;-15,617500;-56,051100;76,49;3,76;1;local;;;;;;sqlite:sis_cloud_seed.db:ana_estacoes;sqlite:sis_cloud_seed.db:ana_telemetria;
37721;Fazenda São Rafael Barragem V;Nossa Senhora do Livramento;1;1;66260001;CUIABÁ;RIO CUIABÁ;;-15,615600;-56,108600;70,26;0,21;1;local;;;;;;sqlite:sis_cloud_seed.db:ana_estacoes;sqlite:sis_cloud_seed.db:ana_telemetria;
37721;Fazenda São Rafael Barragem V;Nossa Senhora do Livramento;1;2;66260006;CUIABÁ-BEIRA RIO;RIO CUIABÁ;;-15,618900;-56,099700;71,20;0,23;1;local;98,0;;200,0;0,490;2026-09-07 10:00:00;sqlite:sis_cloud_seed.db:ana_estacoes;sqlite:sis_cloud_seed.db:ana_telemetria;contexto_somente
37721;Fazenda São Rafael Barragem V;Nossa Senhora do Livramento;1;3;66259650;RIO COXIPÓ - AABB;RIO COXIPO;;-15,617500;-56,051100;76,41;3,76;1;local;;;;;;sqlite:sis_cloud_seed.db:ana_estacoes;sqlite:sis_cloud_seed.db:ana_telemetria;
5551;Moça Bonita;Nossa Senhora do Livramento;0;1;66110010;POCONÉ - RIO BENTO GOMES;RIO BENTO GOMES;;-16,337200;-56,560000;22,72;26,95;0;jusante;;;;;;sqlite:sis_cloud_seed.db:ana_estacoes;sqlite:sis_cloud_seed.db:ana_telemetria;
5551;Moça Bonita;Nossa Senhora do Livramento;0;2;66340500;POCONÉ - RIO CUIABÁ;RIO CUIABÁ;;-16,513600;-56,375600;36,20;0,10;1;jusante;72,0;;;;2026-09-07 09:45:00;sqlite:sis_cloud_seed.db:ana_estacoes;sqlite:sis_cloud_seed.db:ana_telemetria;contexto_somente
5551;Moça Bonita;Nossa Senhora do Livramento;0;3;66280000;BARÃO DE MELGAÇO;RIO CUIABÁ;;-16,192800;-55,966900;47,58;0,02;1;local;;;;;;sqlite:sis_cloud_seed.db:ana_estacoes;sqlite:sis_cloud_seed.db:ana_telemetria;
30135;NSL 01;Nossa Senhora do Livramento;0;1;66260001;CUIABÁ;RIO CUIABÁ;;-15,615600;-56,108600;33,47;0,21;1;montante;;;;;;sqlite:sis_cloud_seed.db:ana_estacoes;sqlite:sis_cloud_seed.db:ana_telemetria;
30135;NSL 01;Nossa Senhora do Livramento;0;2;66270000;SANTO ANTÔNIO DO LEVERGER;RIO CUIABÁ;;-15,869700;-56,076100;33,86;0,38;1;jusante;;;;;;sqlite:sis_cloud_seed.db:ana_estacoes;sqlite:sis_cloud_seed.db:ana_telemetria;
30135;NSL 01;Nossa Senhora do Livramento;0;3;66260006;CUIABÁ-BEIRA RIO;RIO CUIABÁ;;-15,618900;-56,099700;34,11;0,23;1;montante;98,0;;200,0;0,490;2026-09-07 10:00:00;sqlite:sis_cloud_seed.db:ana_estacoes;sqlite:sis_cloud_seed.db:ana_telemetria;contexto_somente
26254;Neta;Nossa Senhora do Livramento;0;1;66270000;SANTO ANTÔNIO DO LEVERGER;RIO CUIABÁ;;-15,869700;-56,076100;24,27;0,38;1;montante;;;;;;sqlite:sis_cloud_seed.db:ana_estacoes;sqlite:sis_cloud_seed.db:ana_telemetria;
26254;Neta;Nossa Senhora do Livramento;0;2;66260001;CUIABÁ;RIO CUIABÁ;;-15,615600;-56,108600;40,83;0,21;1;montante;;;;;;sqlite:sis_cloud_seed.db:ana_estacoes;sqlite:sis_cloud_seed.db:ana_telemetria;
26254;Neta;Nossa Senhora do Livramento;0;3;66260006;CUIABÁ-BEIRA RIO;RIO CUIABÁ;;-15,618900;-56,099700;40,97;0,23;1;montante;98,0;;200,0;0,490;2026-09-07 10:00:00;sqlite:sis_cloud_seed.db:ana_estacoes;sqlite:sis_cloud_seed.db:ana_telemetria;contexto_somente
36607;Primavera;Nossa Senhora do Livramento;0;1;66270000;SANTO ANTÔNIO DO LEVERGER;RIO CUIABÁ;;-15,869700;-56,076100;24,79;0,38;1;jusante;;;;;;sqlite:sis_cloud_seed.db:ana_estacoes;sqlite:sis_cloud_seed.db:ana_telemetria;
36607;Primavera;Nossa Senhora do Livramento;0;2;66260001;CUIABÁ;RIO CUIABÁ;;-15,615600;-56,108600;31,20;0,21;1;montante;;;;;;sqlite:sis_cloud_seed.db:ana_estacoes;sqlite:sis_cloud_seed.db:ana_telemetria;
36607;Primavera;Nossa Senhora do Livramento;0;3;66260006;CUIABÁ-BEIRA RIO;RIO CUIABÁ;;-15,618900;-56,099700;31,58;0,23;1;montante;98,0;;200,0;0,490;2026-09-07 10:00:00;sqlite:sis_cloud_seed.db:ana_estacoes;sqlite:sis_cloud_seed.db:ana_telemetria;contexto_somente
32385;QB-01;Nossa Senhora do Livramento;0;1;66270000;SANTO ANTÔNIO DO LEVERGER;RIO CUIABÁ;;-15,869700;-56,076100;39,04;0,38;1;local;;;;;;sqlite:sis_cloud_seed.db:ana_estacoes;sqlite:sis_cloud_seed.db:ana_telemetria;
32385;QB-01;Nossa Senhora do Livramento;0;2;66260001;CUIABÁ;RIO CUIABÁ;;-15,615600;-56,108600;45,56;0,21;1;montante;;;;;;sqlite:sis_cloud_seed.db:ana_estacoes;sqlite:sis_cloud_seed.db:ana_telemetria;
32385;QB-01;Nossa Senhora do Livramento;0;3;66260006;CUIABÁ-BEIRA RIO;RIO CUIABÁ;;-15,618900;-56,099700;46,08;0,23;1;montante;98,0;;200,0;0,490;2026-09-07 10:00:00;sqlite:sis_cloud_seed.db:ana_estacoes;sqlite:sis_cloud_seed.db:ana_telemetria;contexto_somente
27571;Santa Bárbara;Nossa Senhora do Livramento;0;1;66270000;SANTO ANTÔNIO DO LEVERGER;RIO CUIABÁ;;-15,869700;-56,076100;9,29;0,38;1;local;;;;;;sqlite:sis_cloud_seed.db:ana_estacoes;sqlite:sis_cloud_seed.db:ana_telemetria;
27571;Santa Bárbara;Nossa Senhora do Livramento;0;2;66260006;CUIABÁ-BEIRA RIO;RIO CUIABÁ;;-15,618900;-56,099700;26,12;0,23;1;montante;98,0;;200,0;0,490;2026-09-07 10:00:00;sqlite:sis_cloud_seed.db:ana_estacoes;sqlite:sis_cloud_seed.db:ana_telemetria;cota_medida
27571;Santa Bárbara;Nossa Senhora do Livramento;0;3;66260001;CUIABÁ;RIO CUIABÁ;;-15,615600;-56,108600;26,26;0,21;1;montante;;;;;;sqlite:sis_cloud_seed.db:ana_estacoes;sqlite:sis_cloud_seed.db:ana_telemetria;
37396;Solimões Indústria e Comércio de Óleos e Proteínas Ltda ? Barragem I;Nossa Senhora do Livramento;1;1;66260001;CUIABÁ;RIO CUIABÁ;;-15,615600;-56,108600;11,52;0,21;1;local;;;;;;sqlite:sis_cloud_seed.db:ana_estacoes;sqlite:sis_cloud_seed.db:ana_telemetria;
37396;Solimões Indústria e Comércio de Óleos e Proteínas Ltda ? Barragem I;Nossa Senhora do Livramento;1;2;66260006;CUIABÁ-BEIRA RIO;RIO CUIABÁ;;-15,618900;-56,099700;12,45;0,23;1;local;98,0;;200,0;0,490;2026-09-07 10:00:00;sqlite:sis_cloud_seed.db:ana_estacoes;sqlite:sis_cloud_seed.db:ana_telemetria;cota_medida
37396;Solimões Indústria e Comércio de Óleos e Proteínas Ltda ? Barragem I;Nossa Senhora do Livramento;1;3;66259650;RIO COXIPÓ - AABB;RIO COXIPO;;-15,617500;-56,051100;17,65;3,76;1;local;;;;;;sqlite:sis_cloud_seed.db:ana_estacoes;sqlite:sis_cloud_seed.db:ana_telemetria;
22164;T G de Souza;Nossa Senhora do Livramento;0;1;66260001;CUIABÁ;RIO CUIABÁ;;-15,615600;-56,108600;28,80;0,21;1;montante;;;;;;sqlite:sis_cloud_seed.db:ana_estacoes;sqlite:sis_cloud_seed.db:ana_telemetria;
22164;T G de Souza;Nossa Senhora do Livramento;0;2;66260006;CUIABÁ-BEIRA RIO;RIO CUIABÁ;;-15,618900;-56,099700;29,61;0,23;1;montante;98,0;;200,0;0,490;2026-09-07 10:00:00;sqlite:sis_cloud_seed.db:ana_estacoes;sqlite:sis_cloud_seed.db:ana_telemetria;cota_medida
22164;T G de Souza;Nossa Senhora do Livramento;0;3;66259650;RIO COXIPÓ - AABB;RIO COXIPO;;-15,617500;-56,051100;34,68;3,76;1;montante;;;;;;sqlite:sis_cloud_seed.db:ana_estacoes;sqlite:sis_cloud_seed.db:ana_telemetria;
29378;TB04;Nossa Senhora do Livramento;0;1;66110010;POCONÉ - RIO BENTO GOMES;RIO BENTO GOMES;;-16,337200;-56,560000;40,47;26,95;0;jusante;;;;;;sqlite:sis_cloud_seed.db:ana_estacoes;sqlite:sis_cloud_seed.db:ana_telemetria;
29378;TB04;Nossa Senhora do Livramento;0;2;66270000;SANTO ANTÔNIO DO LEVERGER;RIO CUIABÁ;;-15,869700;-56,076100;46,00;0,38;1;montante;;;;;;sqlite:sis_cloud_seed.db:ana_estacoes;sqlite:sis_cloud_seed.db:ana_telemetria;
29378;TB04;Nossa Senhora do Livramento;0;3;66260001;CUIABÁ;RIO CUIABÁ;;-15,615600;-56,108600;57,53;0,21;1;montante;;;;;;sqlite:sis_cloud_seed.db:ana_estacoes;sqlite:sis_cloud_seed.db:ana_telemetria;
29385;TR1;Nossa Senhora do Livramento;0;1;66270000;SANTO ANTÔNIO DO LEVERGER;RIO CUIABÁ;;-15,869700;-56,076100;25,29;0,38;1;local;;;;;;sqlite:sis_cloud_seed.db:ana_estacoes;sqlite:sis_cloud_seed.db:ana_telemetria;
29385;TR1;Nossa Senhora do Livramento;0;2;66260001;CUIABÁ;RIO CUIABÁ;;-15,615600;-56,108600;33,42;0,21;1;montante;;;;;;sqlite:sis_cloud_seed.db:ana_estacoes;sqlite:sis_cloud_seed.db:ana_telemetria;
29385;TR1;Nossa Senhora do Livramento;0;3;66260006;CUIABÁ-BEIRA RIO;RIO CUIABÁ;;-15,618900;-56,099700;33,77;0,23;1;montante;98,0;;200,0;0,490;2026-09-07 10:00:00;sqlite:sis_cloud_seed.db:ana_estacoes;sqlite:sis_cloud_seed.db:ana_telemetria;contexto_somente
27882;Tanque Fundo;Nossa Senhora do Livramento;0;1;66270000;SANTO ANTÔNIO DO LEVERGER;RIO CUIABÁ;;-15,869700;-56,076100;28,60;0,38;1;montante;;;;;;sqlite:sis_cloud_seed.db:ana_estacoes;sqlite:sis_cloud_seed.db:ana_telemetria;
27882;Tanque Fundo;Nossa Senhora do Livramento;0;2;66280000;BARÃO DE MELGAÇO;RIO CUIABÁ;;-16,192800;-55,966900;43,53;0,02;1;jusante;;;;;;sqlite:sis_cloud_seed.db:ana_estacoes;sqlite:sis_cloud_seed.db:ana_telemetria;
27882;Tanque Fundo;Nossa Senhora do Livramento;0;3;66260001;CUIABÁ;RIO CUIABÁ;;-15,615600;-56,108600;46,83;0,21;1;montante;;;;;;sqlite:sis_cloud_seed.db:ana_estacoes;sqlite:sis_cloud_seed.db:ana_telemetria;
27619;MD-01;Nova Lacerda;0;1;15121500;CGH NOVA LACERDA JUSANTE;CÓRREGO DO OURO;;-14,421900;-59,525000;34,29;334,79;0;montante;;;;;;sqlite:sis_cloud_seed.db:ana_estacoes;sqlite:sis_cloud_seed.db:ana_telemetria;
27619;MD-01;Nova Lacerda;0;2;15121400;CGH NOVA LACERDA BARRAMENTO;CÓRREGO DO OURO;;-14,407200;-59,520800;35,08;334,66;0;montante;;;;;;sqlite:sis_cloud_seed.db:ana_estacoes;sqlite:sis_cloud_seed.db:ana_telemetria;
27619;MD-01;Nova Lacerda;0;3;15121000;PCH SALTO CORGÃO JUSANTE;RIO CORGÃO;;-14,457500;-59,508600;35,53;332,34;0;local;;;;;;sqlite:sis_cloud_seed.db:ana_estacoes;sqlite:sis_cloud_seed.db:ana_telemetria;
37527;Fazenda Ventania;Nova Mutum;0;1;17250550;PCH NOVA MUTUM JUSANTE;RIO DOS PATOS;;-13,591400;-56,216400;18,65;122,82;0;jusante;;;;;;sqlite:sis_cloud_seed.db:ana_estacoes;sqlite:sis_cloud_seed.db:ana_telemetria;
37527;Fazenda Ventania;Nova Mutum;0;2;17250500;PCH NOVA MUTUM BARRRAMENTO;RIO DOS PATOS;;-13,603600;-56,200600;19,94;121,52;0;jusante;;;;;;sqlite:sis_cloud_seed.db:ana_estacoes;sqlite:sis_cloud_seed.db:ana_telemetria;
37527;Fazenda Ventania;Nova Mutum;0;3;17229000;PCH CANOA QUEBRADA RIBEIRÃO RANCHÃO;RIBEIRÃO RANCHÃO;;-13,298600;-55,912200;34,31;159,47;0;montante;;;;;;sqlite:sis_cloud_seed.db:ana_estacoes;sqlite:sis_cloud_seed.db:ana_telemetria;
26234;BARRAGEM BLOCO  SUL;Nova Santa Helena;0;1;17343010;PEIXOTO DE AZEVEDO;RIO PEIXOTO DE AZEVEDO;;-10,219400;-54,970800;54,34;516,61;0;montante;;;;;;sqlite:sis_cloud_seed.db:ana_estacoes;sqlite:sis_cloud_seed.db:ana_telemetria;
26234;BARRAGEM BLOCO  SUL;Nova Santa Helena;0;2;18422000;RIACHO DE DEUS;RIO MANISSAUA - MIÇU;;-11,127200;-54,476700;61,99;437,84;0;jusante;;;;;;sqlite:sis_cloud_seed.db:ana_estacoes;sqlite:sis_cloud_seed.db:ana_telemetria;
26234;BARRAGEM BLOCO  SUL;Nova Santa Helena;0;3;17291000;UHE COLÍDER RIO RENATO;RIBEIRÃO RENATO;;-11,062800;-55,278300;64,89;417,34;0;jusante;;;;;;sqlite:sis_cloud_seed.db:ana_estacoes;sqlite:sis_cloud_seed.db:ana_telemetria;
37548;TSF Figueira Branca;Nova Santa Helena;0;1;17343010;PEIXOTO DE AZEVEDO;RIO PEIXOTO DE AZEVEDO;;-10,219400;-54,970800;56,61;516,61;0;montante;;;;;;sqlite:sis_cloud_seed.db:ana_estacoes;sqlite:sis_cloud_seed.db:ana_telemetria;
37548;TSF Figueira Branca;Nova Santa Helena;0;2;18422000;RIACHO DE DEUS;RIO MANISSAUA - MIÇU;;-11,127200;-54,476700;60,23;437,84;0;jusante;;;;;;sqlite:sis_cloud_seed.db:ana_estacoes;sqlite:sis_cloud_seed.db:ana_telemetria;
37548;TSF Figueira Branca;Nova Santa Helena;0;3;17291000;UHE COLÍDER RIO RENATO;RIBEIRÃO RENATO;;-11,062800;-55,278300;63,14;417,34;0;jusante;;;;;;sqlite:sis_cloud_seed.db:ana_estacoes;sqlite:sis_cloud_seed.db:ana_telemetria;
37431;Fazenda Mundo Novo -;Nova Ubiratã;0;1;17277500;UHE SINOP MONTANTE 2;RIO TELES PIRES (OU SÃO MANUEL);;-13,143300;-55,666900;43,74;183,55;0;montante;;;;;;sqlite:sis_cloud_seed.db:ana_estacoes;sqlite:sis_cloud_seed.db:ana_telemetria;
37431;Fazenda Mundo Novo -;Nova Ubiratã;0;2;18422400;PCH ARS MONTANTE;RIO ATELCHU OU VAN DEN STEINEN;;-13,148300;-54,835600;48,91;215,98;0;montante;;;;;;sqlite:sis_cloud_seed.db:ana_estacoes;sqlite:sis_cloud_seed.db:ana_telemetria;
37431;Fazenda Mundo Novo -;Nova Ubiratã;0;3;18422480;PCH ARS BARRAMENTO;RIO ATELCHU OU VAN DEN STEINEN;;-13,098300;-54,818100;52,22;221,77;0;montante;;;;;;sqlite:sis_cloud_seed.db:ana_estacoes;sqlite:sis_cloud_seed.db:ana_telemetria;
37442;Fazenda Paraíso I - Montante 1;Nova Ubiratã;0;1;18421000;FOZ RONURO;RIO RONURO;;-12,369200;-54,138300;14,52;329,31;0;montante;;;;;;sqlite:sis_cloud_seed.db:ana_estacoes;sqlite:sis_cloud_seed.db:ana_telemetria;
37442;Fazenda Paraíso I - Montante 1;Nova Ubiratã;0;2;18422600;PCH ARS JUSANTE 2;RIO ATELCHU OU VAN DEN STEINEN;;-12,784700;-54,680600;60,38;259,53;0;jusante;;;;;;sqlite:sis_cloud_seed.db:ana_estacoes;sqlite:sis_cloud_seed.db:ana_telemetria;
37446;Fazenda Paraíso I - Principal;Nova Ubiratã;0;1;18421000;FOZ RONURO;RIO RONURO;;-12,369200;-54,138300;14,62;329,31;0;montante;;;;;;sqlite:sis_cloud_seed.db:ana_estacoes;sqlite:sis_cloud_seed.db:ana_telemetria;
37446;Fazenda Paraíso I - Principal;Nova Ubiratã;0;2;18422600;PCH ARS JUSANTE 2;RIO ATELCHU OU VAN DEN STEINEN;;-12,784700;-54,680600;60,26;259,53;0;jusante;;;;;;sqlite:sis_cloud_seed.db:ana_estacoes;sqlite:sis_cloud_seed.db:ana_telemetria;
34138;CGH Jatobazinho - Jatobazinho;Paranatinga;0;1;18420000;FAZENDA ITAGUAÇU;RIO RONURO;;-13,140800;-54,445300;43,95;240,04;0;montante;;;;;;sqlite:sis_cloud_seed.db:ana_estacoes;sqlite:sis_cloud_seed.db:ana_telemetria;
34138;CGH Jatobazinho - Jatobazinho;Paranatinga;0;2;18422400;PCH ARS MONTANTE;RIO ATELCHU OU VAN DEN STEINEN;;-13,148300;-54,835600;76,88;215,98;0;montante;;;;;;sqlite:sis_cloud_seed.db:ana_estacoes;sqlite:sis_cloud_seed.db:ana_telemetria;
34138;CGH Jatobazinho - Jatobazinho;Paranatinga;0;3;18422480;PCH ARS BARRAMENTO;RIO ATELCHU OU VAN DEN STEINEN;;-13,098300;-54,818100;77,87;221,77;0;montante;;;;;;sqlite:sis_cloud_seed.db:ana_estacoes;sqlite:sis_cloud_seed.db:ana_telemetria;
34134;CGH Santiago Fazenda Agrochapada - SANTIAGO;Paranatinga;0;1;18420000;FAZENDA ITAGUAÇU;RIO RONURO;;-13,140800;-54,445300;37,06;240,04;0;montante;;;;;;sqlite:sis_cloud_seed.db:ana_estacoes;sqlite:sis_cloud_seed.db:ana_telemetria;
34134;CGH Santiago Fazenda Agrochapada - SANTIAGO;Paranatinga;0;2;18422400;PCH ARS MONTANTE;RIO ATELCHU OU VAN DEN STEINEN;;-13,148300;-54,835600;67,63;215,98;0;montante;;;;;;sqlite:sis_cloud_seed.db:ana_estacoes;sqlite:sis_cloud_seed.db:ana_telemetria;
34134;CGH Santiago Fazenda Agrochapada - SANTIAGO;Paranatinga;0;3;18422480;PCH ARS BARRAMENTO;RIO ATELCHU OU VAN DEN STEINEN;;-13,098300;-54,818100;68,83;221,77;0;montante;;;;;;sqlite:sis_cloud_seed.db:ana_estacoes;sqlite:sis_cloud_seed.db:ana_telemetria;
19952;Faz. Reunidas 15;Paranatinga;0;1;18420000;FAZENDA ITAGUAÇU;RIO RONURO;;-13,140800;-54,445300;55,15;240,04;0;montante;;;;;;sqlite:sis_cloud_seed.db:ana_estacoes;sqlite:sis_cloud_seed.db:ana_telemetria;
30819;Fazenda Cambará;Paranatinga;0;1;18420000;FAZENDA ITAGUAÇU;RIO RONURO;;-13,140800;-54,445300;66,76;240,04;0;montante;;;;;;sqlite:sis_cloud_seed.db:ana_estacoes;sqlite:sis_cloud_seed.db:ana_telemetria;
30819;Fazenda Cambará;Paranatinga;0;2;18422400;PCH ARS MONTANTE;RIO ATELCHU OU VAN DEN STEINEN;;-13,148300;-54,835600;77,43;215,98;0;montante;;;;;;sqlite:sis_cloud_seed.db:ana_estacoes;sqlite:sis_cloud_seed.db:ana_telemetria;
30821;Fazenda Cambará;Paranatinga;0;1;18420000;FAZENDA ITAGUAÇU;RIO RONURO;;-13,140800;-54,445300;68,01;240,04;0;montante;;;;;;sqlite:sis_cloud_seed.db:ana_estacoes;sqlite:sis_cloud_seed.db:ana_telemetria;
30821;Fazenda Cambará;Paranatinga;0;2;18422400;PCH ARS MONTANTE;RIO ATELCHU OU VAN DEN STEINEN;;-13,148300;-54,835600;78,42;215,98;0;montante;;;;;;sqlite:sis_cloud_seed.db:ana_estacoes;sqlite:sis_cloud_seed.db:ana_telemetria;
4338;PCH Culuene - Culuene;Paranatinga;0;1;18408000;PCH CULUENE BARRAMENTO;RIO CULUENE;;-14,633300;-53,912800;0,05;201,75;0;local;;;;;;sqlite:sis_cloud_seed.db:ana_estacoes;sqlite:sis_cloud_seed.db:ana_telemetria;
4338;PCH Culuene - Culuene;Paranatinga;0;2;18408500;PCH CULUENE JUSANTE 1;RIO CULUENE;;-14,629700;-53,909700;0,57;202,14;0;local;;;;;;sqlite:sis_cloud_seed.db:ana_estacoes;sqlite:sis_cloud_seed.db:ana_telemetria;
4338;PCH Culuene - Culuene;Paranatinga;0;3;18407500;PCH CULUENE MONTANTE;RIO CULUENE;;-14,631700;-53,924200;1,21;200,56;0;local;;;;;;sqlite:sis_cloud_seed.db:ana_estacoes;sqlite:sis_cloud_seed.db:ana_telemetria;
4330;PCH Paranatinga II - Paranatinga II;Paranatinga;0;1;18409600;PCH PARANATINGA II BARRAMENTO;RIO CULUENE;;-13,851700;-53,255800;0,09;294,01;0;local;;;;;;sqlite:sis_cloud_seed.db:ana_estacoes;sqlite:sis_cloud_seed.db:ana_telemetria;
4330;PCH Paranatinga II - Paranatinga II;Paranatinga;0;2;18409650;PCH PARANATINGA II JUSANTE;RIO CULUENE;;-13,847500;-53,259700;0,63;293,80;0;local;;;;;;sqlite:sis_cloud_seed.db:ana_estacoes;sqlite:sis_cloud_seed.db:ana_telemetria;
4330;PCH Paranatinga II - Paranatinga II;Paranatinga;0;3;18415000;POUSADA MATRINXA;RIO CULUENE;;-13,569200;-53,076100;37,01;324,89;0;montante;;;;;;sqlite:sis_cloud_seed.db:ana_estacoes;sqlite:sis_cloud_seed.db:ana_telemetria;
21944;Alvo Crente;Paranaíta;0;1;17382120;UHE TELES PIRES RESERVATÓRIO 16;RIO TELES PIRES (OU SÃO MANUEL);;-9,391400;-56,570600;1,47;590,84;0;local;;;;;;sqlite:sis_cloud_seed.db:ana_estacoes;sqlite:sis_cloud_seed.db:ana_telemetria;
21944;Alvo Crente;Paranaíta;0;2;17382130;UHE TELES PIRES RESERVATÓRIO 15;RIO TELES PIRES (OU SÃO MANUEL);;-9,386400;-56,640600;8,39;591,90;0;local;;;;;;sqlite:sis_cloud_seed.db:ana_estacoes;sqlite:sis_cloud_seed.db:ana_telemetria;
21944;Alvo Crente;Paranaíta;0;3;17382140;UHE TELES PIRES RESERVATÓRIO 14;RIO TELES PIRES (OU SÃO MANUEL);;-9,353300;-56,693600;14,47;596,01;0;local;;;;;;sqlite:sis_cloud_seed.db:ana_estacoes;sqlite:sis_cloud_seed.db:ana_telemetria;
35135;Barramento Green Fish;Paranaíta;0;1;17382110;UHE TELES PIRES RESERVATÓRIO 17;RIO TELES PIRES (OU SÃO MANUEL);;-9,473600;-56,415800;9,72;580,94;0;montante;;;;;;sqlite:sis_cloud_seed.db:ana_estacoes;sqlite:sis_cloud_seed.db:ana_telemetria;
35135;Barramento Green Fish;Paranaíta;0;2;17382100;UHE TELES PIRES RESERVATÓRIO 18;RIO TELES PIRES (OU SÃO MANUEL);;-9,548300;-56,313300;16,72;572,39;0;local;;;;;;sqlite:sis_cloud_seed.db:ana_estacoes;sqlite:sis_cloud_seed.db:ana_telemetria;
35135;Barramento Green Fish;Paranaíta;0;3;17382120;UHE TELES PIRES RESERVATÓRIO 16;RIO TELES PIRES (OU SÃO MANUEL);;-9,391400;-56,570600;20,67;590,84;0;montante;;;;;;sqlite:sis_cloud_seed.db:ana_estacoes;sqlite:sis_cloud_seed.db:ana_telemetria;
20061;Fazenda Apiacás;Paranaíta;0;1;17382125;UHE TELES PIRES RIO PARANAITA;RIO TELES PIRES (OU SÃO MANUEL);;-9,925600;-56,635300;21,28;532,07;0;local;;;;;;sqlite:sis_cloud_seed.db:ana_estacoes;sqlite:sis_cloud_seed.db:ana_telemetria;
20061;Fazenda Apiacás;Paranaíta;0;2;17383100;UHE TELES PIRES RESERVATÓRIO 19;RIO PARANAITA;;-9,710800;-56,628300;30,72;555,82;0;montante;;;;;;sqlite:sis_cloud_seed.db:ana_estacoes;sqlite:sis_cloud_seed.db:ana_telemetria;
20061;Fazenda Apiacás;Paranaíta;0;3;17383300;UHE TELES PIRES RESERVATÓRIO 11;RIO PARANAITA;;-9,609700;-56,648300;38,25;567,20;0;montante;;;;;;sqlite:sis_cloud_seed.db:ana_estacoes;sqlite:sis_cloud_seed.db:ana_telemetria;
5056;UHE São Manoel - 1;Paranaíta;0;1;17396080;UHE SÃO MANOEL BARRAMENTO;RIO TELES PIRES (OU SÃO MANUEL);;-9,187500;-57,042800;1,08;618,54;0;local;;;;;;sqlite:sis_cloud_seed.db:ana_estacoes;sqlite:sis_cloud_seed.db:ana_telemetria;
5056;UHE São Manoel - 1;Paranaíta;0;2;17395900;UHE SÃO MANOEL RIO APIACÁS;RIO APIACÁS;;-9,192200;-57,068600;1,81;618,42;0;local;;;;;;sqlite:sis_cloud_seed.db:ana_estacoes;sqlite:sis_cloud_seed.db:ana_telemetria;
5056;UHE São Manoel - 1;Paranaíta;0;3;17390100;UHE SÃO MANOEL JUSANTE 1;RIO TELES PIRES (OU SÃO MANUEL);;-9,165300;-57,060800;2,94;621,26;0;local;;;;;;sqlite:sis_cloud_seed.db:ana_estacoes;sqlite:sis_cloud_seed.db:ana_telemetria;
34774;Barragem I - Fazenda Santa Maria do Jurigue;Pedra Preta;0;1;66452500;PCH ENG. JOSÉ GELÁSIO DA ROCHA MONTANTE;RIBEIRÃO PONTE DA PEDRA;;-16,748300;-54,721700;29,31;136,47;0;local;;;;;;sqlite:sis_cloud_seed.db:ana_estacoes;sqlite:sis_cloud_seed.db:ana_telemetria;
34774;Barragem I - Fazenda Santa Maria do Jurigue;Pedra Preta;0;2;66454900;PCH RONDONÓPOLIS BARRAMENTO;RIBEIRÃO PONTE DA PEDRA;;-16,666900;-54,735600;32,27;132,63;0;montante;;;;;;sqlite:sis_cloud_seed.db:ana_estacoes;sqlite:sis_cloud_seed.db:ana_telemetria;
34774;Barragem I - Fazenda Santa Maria do Jurigue;Pedra Preta;0;3;66453000;PCH ENG. JOSÉ GELÁSIO DA ROCHA BARRAMENTO;RIBEIRÃO PONTE DA PEDRA;;-16,712800;-54,747800;32,40;132,68;0;montante;;;;;;sqlite:sis_cloud_seed.db:ana_estacoes;sqlite:sis_cloud_seed.db:ana_telemetria;
36534;Barragem II - Fazenda Santa Maria do Jurigue;Pedra Preta;0;1;66452500;PCH ENG. JOSÉ GELÁSIO DA ROCHA MONTANTE;RIBEIRÃO PONTE DA PEDRA;;-16,748300;-54,721700;30,23;136,47;0;local;;;;;;sqlite:sis_cloud_seed.db:ana_estacoes;sqlite:sis_cloud_seed.db:ana_telemetria;
36534;Barragem II - Fazenda Santa Maria do Jurigue;Pedra Preta;0;2;66454900;PCH RONDONÓPOLIS BARRAMENTO;RIBEIRÃO PONTE DA PEDRA;;-16,666900;-54,735600;33,41;132,63;0;montante;;;;;;sqlite:sis_cloud_seed.db:ana_estacoes;sqlite:sis_cloud_seed.db:ana_telemetria;
36534;Barragem II - Fazenda Santa Maria do Jurigue;Pedra Preta;0;3;66453000;PCH ENG. JOSÉ GELÁSIO DA ROCHA BARRAMENTO;RIBEIRÃO PONTE DA PEDRA;;-16,712800;-54,747800;33,43;132,68;0;montante;;;;;;sqlite:sis_cloud_seed.db:ana_estacoes;sqlite:sis_cloud_seed.db:ana_telemetria;
21001;Fazenda Boa Vista;Planalto da Serra;0;1;26033650;CGH GALHEIROS BARRAMENTO;CÓRREGO GALHEIRO;;-15,098900;-54,721100;41,52;115,60;0;jusante;;;;;;sqlite:sis_cloud_seed.db:ana_estacoes;sqlite:sis_cloud_seed.db:ana_telemetria;
21001;Fazenda Boa Vista;Planalto da Serra;0;2;26033655;CGH GALHEIROS JUSANTE;CÓRREGO GALHEIRO;;-15,110800;-54,716700;42,42;116,35;0;jusante;;;;;;sqlite:sis_cloud_seed.db:ana_estacoes;sqlite:sis_cloud_seed.db:ana_telemetria;
21001;Fazenda Boa Vista;Planalto da Serra;0;3;18409000;PASSAGEM DA BR-309;RIO CULUENE;;-14,611100;-53,998600;59,09;192,98;0;montante;;;;;;sqlite:sis_cloud_seed.db:ana_estacoes;sqlite:sis_cloud_seed.db:ana_telemetria;
20335;Alain II;Poconé;0;1;66110010;POCONÉ - RIO BENTO GOMES;RIO BENTO GOMES;;-16,337200;-56,560000;10,88;26,95;0;jusante;;;;;;sqlite:sis_cloud_seed.db:ana_estacoes;sqlite:sis_cloud_seed.db:ana_telemetria;
20335;Alain II;Poconé;0;2;66340500;POCONÉ - RIO CUIABÁ;RIO CUIABÁ;;-16,513600;-56,375600;38,48;0,10;1;jusante;72,0;;;;2026-09-07 09:45:00;sqlite:sis_cloud_seed.db:ana_estacoes;sqlite:sis_cloud_seed.db:ana_telemetria;contexto_somente
20335;Alain II;Poconé;0;3;66280000;BARÃO DE MELGAÇO;RIO CUIABÁ;;-16,192800;-55,966900;69,57;0,02;1;montante;;;;;;sqlite:sis_cloud_seed.db:ana_estacoes;sqlite:sis_cloud_seed.db:ana_telemetria;
8003;BACIA DE REJEITOS SÃO BENTO;Poconé;0;1;66110010;POCONÉ - RIO BENTO GOMES;RIO BENTO GOMES;;-16,337200;-56,560000;9,36;26,95;0;jusante;;;;;;sqlite:sis_cloud_seed.db:ana_estacoes;sqlite:sis_cloud_seed.db:ana_telemetria;
8003;BACIA DE REJEITOS SÃO BENTO;Poconé;0;2;66340500;POCONÉ - RIO CUIABÁ;RIO CUIABÁ;;-16,513600;-56,375600;36,66;0,10;1;jusante;72,0;;;;2026-09-07 09:45:00;sqlite:sis_cloud_seed.db:ana_estacoes;sqlite:sis_cloud_seed.db:ana_telemetria;contexto_somente
8003;BACIA DE REJEITOS SÃO BENTO;Poconé;0;3;66280000;BARÃO DE MELGAÇO;RIO CUIABÁ;;-16,192800;-55,966900;67,54;0,02;1;montante;;;;;;sqlite:sis_cloud_seed.db:ana_estacoes;sqlite:sis_cloud_seed.db:ana_telemetria;
27896;BARBA;Poconé;0;1;66110010;POCONÉ - RIO BENTO GOMES;RIO BENTO GOMES;;-16,337200;-56,560000;13,68;26,95;0;jusante;;;;;;sqlite:sis_cloud_seed.db:ana_estacoes;sqlite:sis_cloud_seed.db:ana_telemetria;
27896;BARBA;Poconé;0;2;66340500;POCONÉ - RIO CUIABÁ;RIO CUIABÁ;;-16,513600;-56,375600;41,44;0,10;1;jusante;72,0;;;;2026-09-07 09:45:00;sqlite:sis_cloud_seed.db:ana_estacoes;sqlite:sis_cloud_seed.db:ana_telemetria;contexto_somente
27896;BARBA;Poconé;0;3;66280000;BARÃO DE MELGAÇO;RIO CUIABÁ;;-16,192800;-55,966900;73,95;0,02;1;montante;;;;;;sqlite:sis_cloud_seed.db:ana_estacoes;sqlite:sis_cloud_seed.db:ana_telemetria;
31358;BARRAGEM DE REJEITO NORMA;Poconé;0;1;66110010;POCONÉ - RIO BENTO GOMES;RIO BENTO GOMES;;-16,337200;-56,560000;8,96;26,95;0;jusante;;;;;;sqlite:sis_cloud_seed.db:ana_estacoes;sqlite:sis_cloud_seed.db:ana_telemetria;
31358;BARRAGEM DE REJEITO NORMA;Poconé;0;2;66340500;POCONÉ - RIO CUIABÁ;RIO CUIABÁ;;-16,513600;-56,375600;36,74;0,10;1;jusante;72,0;;;;2026-09-07 09:45:00;sqlite:sis_cloud_seed.db:ana_estacoes;sqlite:sis_cloud_seed.db:ana_telemetria;contexto_somente
31358;BARRAGEM DE REJEITO NORMA;Poconé;0;3;66280000;BARÃO DE MELGAÇO;RIO CUIABÁ;;-16,192800;-55,966900;70,63;0,02;1;montante;;;;;;sqlite:sis_cloud_seed.db:ana_estacoes;sqlite:sis_cloud_seed.db:ana_telemetria;
582;BOM PASTOR;Poconé;0;1;66110010;POCONÉ - RIO BENTO GOMES;RIO BENTO GOMES;;-16,337200;-56,560000;26,57;26,95;0;jusante;;;;;;sqlite:sis_cloud_seed.db:ana_estacoes;sqlite:sis_cloud_seed.db:ana_telemetria;
582;BOM PASTOR;Poconé;0;2;66340500;POCONÉ - RIO CUIABÁ;RIO CUIABÁ;;-16,513600;-56,375600;50,56;0,10;1;jusante;72,0;;;;2026-09-07 09:45:00;sqlite:sis_cloud_seed.db:ana_estacoes;sqlite:sis_cloud_seed.db:ana_telemetria;contexto_somente
582;BOM PASTOR;Poconé;0;3;66270000;SANTO ANTÔNIO DO LEVERGER;RIO CUIABÁ;;-15,869700;-56,076100;58,46;0,38;1;montante;;;;;;sqlite:sis_cloud_seed.db:ana_estacoes;sqlite:sis_cloud_seed.db:ana_telemetria;
32390;Barragem VERA;Poconé;0;1;66110010;POCONÉ - RIO BENTO GOMES;RIO BENTO GOMES;;-16,337200;-56,560000;33,35;26,95;0;jusante;;;;;;sqlite:sis_cloud_seed.db:ana_estacoes;sqlite:sis_cloud_seed.db:ana_telemetria;
32390;Barragem VERA;Poconé;0;2;66270000;SANTO ANTÔNIO DO LEVERGER;RIO CUIABÁ;;-15,869700;-56,076100;53,11;0,38;1;montante;;;;;;sqlite:sis_cloud_seed.db:ana_estacoes;sqlite:sis_cloud_seed.db:ana_telemetria;
32390;Barragem VERA;Poconé;0;3;66340500;POCONÉ - RIO CUIABÁ;RIO CUIABÁ;;-16,513600;-56,375600;55,77;0,10;1;jusante;72,0;;;;2026-09-07 09:45:00;sqlite:sis_cloud_seed.db:ana_estacoes;sqlite:sis_cloud_seed.db:ana_telemetria;contexto_somente
32394;Barragem XAVIER;Poconé;0;1;66110010;POCONÉ - RIO BENTO GOMES;RIO BENTO GOMES;;-16,337200;-56,560000;14,42;26,95;0;jusante;;;;;;sqlite:sis_cloud_seed.db:ana_estacoes;sqlite:sis_cloud_seed.db:ana_telemetria;
32394;Barragem XAVIER;Poconé;0;2;66340500;POCONÉ - RIO CUIABÁ;RIO CUIABÁ;;-16,513600;-56,375600;42,20;0,10;1;jusante;72,0;;;;2026-09-07 09:45:00;sqlite:sis_cloud_seed.db:ana_estacoes;sqlite:sis_cloud_seed.db:ana_telemetria;contexto_somente
32394;Barragem XAVIER;Poconé;0;3;66280000;BARÃO DE MELGAÇO;RIO CUIABÁ;;-16,192800;-55,966900;73,88;0,02;1;montante;;;;;;sqlite:sis_cloud_seed.db:ana_estacoes;sqlite:sis_cloud_seed.db:ana_telemetria;
21951;Barragem de Mineração-CPM;Poconé;0;1;66110010;POCONÉ - RIO BENTO GOMES;RIO BENTO GOMES;;-16,337200;-56,560000;8,65;26,95;0;jusante;;;;;;sqlite:sis_cloud_seed.db:ana_estacoes;sqlite:sis_cloud_seed.db:ana_telemetria;
21951;Barragem de Mineração-CPM;Poconé;0;2;66340500;POCONÉ - RIO CUIABÁ;RIO CUIABÁ;;-16,513600;-56,375600;36,42;0,10;1;jusante;72,0;;;;2026-09-07 09:45:00;sqlite:sis_cloud_seed.db:ana_estacoes;sqlite:sis_cloud_seed.db:ana_telemetria;contexto_somente
21951;Barragem de Mineração-CPM;Poconé;0;3;66280000;BARÃO DE MELGAÇO;RIO CUIABÁ;;-16,192800;-55,966900;70,14;0,02;1;montante;;;;;;sqlite:sis_cloud_seed.db:ana_estacoes;sqlite:sis_cloud_seed.db:ana_telemetria;
5439;Barragem de Rejeito 1;Poconé;0;1;66110010;POCONÉ - RIO BENTO GOMES;RIO BENTO GOMES;;-16,337200;-56,560000;17,51;26,95;0;jusante;;;;;;sqlite:sis_cloud_seed.db:ana_estacoes;sqlite:sis_cloud_seed.db:ana_telemetria;
5439;Barragem de Rejeito 1;Poconé;0;2;66340500;POCONÉ - RIO CUIABÁ;RIO CUIABÁ;;-16,513600;-56,375600;43,49;0,10;1;jusante;72,0;;;;2026-09-07 09:45:00;sqlite:sis_cloud_seed.db:ana_estacoes;sqlite:sis_cloud_seed.db:ana_telemetria;contexto_somente
26570;Barramento Fazenda Trabuco;Poconé;0;1;66260001;CUIABÁ;RIO CUIABÁ;;-15,615600;-56,108600;45,92;0,21;1;montante;;;;;;sqlite:sis_cloud_seed.db:ana_estacoes;sqlite:sis_cloud_seed.db:ana_telemetria;
26570;Barramento Fazenda Trabuco;Poconé;0;2;66260006;CUIABÁ-BEIRA RIO;RIO CUIABÁ;;-15,618900;-56,099700;46,68;0,23;1;montante;98,0;;200,0;0,490;2026-09-07 10:00:00;sqlite:sis_cloud_seed.db:ana_estacoes;sqlite:sis_cloud_seed.db:ana_telemetria;contexto_somente
26570;Barramento Fazenda Trabuco;Poconé;0;3;66270000;SANTO ANTÔNIO DO LEVERGER;RIO CUIABÁ;;-15,869700;-56,076100;47,63;0,38;1;jusante;;;;;;sqlite:sis_cloud_seed.db:ana_estacoes;sqlite:sis_cloud_seed.db:ana_telemetria;
8001;CAMPOS;Poconé;0;1;66110010;POCONÉ - RIO BENTO GOMES;RIO BENTO GOMES;;-16,337200;-56,560000;18,31;26,95;0;jusante;;;;;;sqlite:sis_cloud_seed.db:ana_estacoes;sqlite:sis_cloud_seed.db:ana_telemetria;
8001;CAMPOS;Poconé;0;2;66340500;POCONÉ - RIO CUIABÁ;RIO CUIABÁ;;-16,513600;-56,375600;44,22;0,10;1;jusante;72,0;;;;2026-09-07 09:45:00;sqlite:sis_cloud_seed.db:ana_estacoes;sqlite:sis_cloud_seed.db:ana_telemetria;contexto_somente
8001;CAMPOS;Poconé;0;3;66270000;SANTO ANTÔNIO DO LEVERGER;RIO CUIABÁ;;-15,869700;-56,076100;65,02;0,38;1;montante;;;;;;sqlite:sis_cloud_seed.db:ana_estacoes;sqlite:sis_cloud_seed.db:ana_telemetria;
29387;CATARINO;Poconé;0;1;66110010;POCONÉ - RIO BENTO GOMES;RIO BENTO GOMES;;-16,337200;-56,560000;8,59;26,95;0;jusante;;;;;;sqlite:sis_cloud_seed.db:ana_estacoes;sqlite:sis_cloud_seed.db:ana_telemetria;
29387;CATARINO;Poconé;0;2;66340500;POCONÉ - RIO CUIABÁ;RIO CUIABÁ;;-16,513600;-56,375600;35,83;0,10;1;jusante;72,0;;;;2026-09-07 09:45:00;sqlite:sis_cloud_seed.db:ana_estacoes;sqlite:sis_cloud_seed.db:ana_telemetria;contexto_somente
29387;CATARINO;Poconé;0;3;66280000;BARÃO DE MELGAÇO;RIO CUIABÁ;;-16,192800;-55,966900;67,00;0,02;1;montante;;;;;;sqlite:sis_cloud_seed.db:ana_estacoes;sqlite:sis_cloud_seed.db:ana_telemetria;
787;CHICO;Poconé;0;1;66110010;POCONÉ - RIO BENTO GOMES;RIO BENTO GOMES;;-16,337200;-56,560000;10,84;26,95;0;jusante;;;;;;sqlite:sis_cloud_seed.db:ana_estacoes;sqlite:sis_cloud_seed.db:ana_telemetria;
787;CHICO;Poconé;0;2;66340500;POCONÉ - RIO CUIABÁ;RIO CUIABÁ;;-16,513600;-56,375600;38,18;0,10;1;jusante;72,0;;;;2026-09-07 09:45:00;sqlite:sis_cloud_seed.db:ana_estacoes;sqlite:sis_cloud_seed.db:ana_telemetria;contexto_somente
787;CHICO;Poconé;0;3;66280000;BARÃO DE MELGAÇO;RIO CUIABÁ;;-16,192800;-55,966900;73,96;0,02;1;montante;;;;;;sqlite:sis_cloud_seed.db:ana_estacoes;sqlite:sis_cloud_seed.db:ana_telemetria;
788;COQUEIRAL;Poconé;0;1;66110010;POCONÉ - RIO BENTO GOMES;RIO BENTO GOMES;;-16,337200;-56,560000;31,93;26,95;0;jusante;;;;;;sqlite:sis_cloud_seed.db:ana_estacoes;sqlite:sis_cloud_seed.db:ana_telemetria;
788;COQUEIRAL;Poconé;0;2;66270000;SANTO ANTÔNIO DO LEVERGER;RIO CUIABÁ;;-15,869700;-56,076100;54,33;0,38;1;montante;;;;;;sqlite:sis_cloud_seed.db:ana_estacoes;sqlite:sis_cloud_seed.db:ana_telemetria;
788;COQUEIRAL;Poconé;0;3;66340500;POCONÉ - RIO CUIABÁ;RIO CUIABÁ;;-16,513600;-56,375600;54,72;0,10;1;jusante;72,0;;;;2026-09-07 09:45:00;sqlite:sis_cloud_seed.db:ana_estacoes;sqlite:sis_cloud_seed.db:ana_telemetria;contexto_somente
22011;Davi;Poconé;0;1;66110010;POCONÉ - RIO BENTO GOMES;RIO BENTO GOMES;;-16,337200;-56,560000;10,52;26,95;0;jusante;;;;;;sqlite:sis_cloud_seed.db:ana_estacoes;sqlite:sis_cloud_seed.db:ana_telemetria;
22011;Davi;Poconé;0;2;66340500;POCONÉ - RIO CUIABÁ;RIO CUIABÁ;;-16,513600;-56,375600;37,35;0,10;1;jusante;72,0;;;;2026-09-07 09:45:00;sqlite:sis_cloud_seed.db:ana_estacoes;sqlite:sis_cloud_seed.db:ana_telemetria;contexto_somente
22011;Davi;Poconé;0;3;66280000;BARÃO DE MELGAÇO;RIO CUIABÁ;;-16,192800;-55,966900;66,56;0,02;1;montante;;;;;;sqlite:sis_cloud_seed.db:ana_estacoes;sqlite:sis_cloud_seed.db:ana_telemetria;
22043;FRANCÊS;Poconé;0;1;66110010;POCONÉ - RIO BENTO GOMES;RIO BENTO GOMES;;-16,337200;-56,560000;10,40;26,95;0;jusante;;;;;;sqlite:sis_cloud_seed.db:ana_estacoes;sqlite:sis_cloud_seed.db:ana_telemetria;
22043;FRANCÊS;Poconé;0;2;66340500;POCONÉ - RIO CUIABÁ;RIO CUIABÁ;;-16,513600;-56,375600;37,88;0,10;1;jusante;72,0;;;;2026-09-07 09:45:00;sqlite:sis_cloud_seed.db:ana_estacoes;sqlite:sis_cloud_seed.db:ana_telemetria;contexto_somente
22043;FRANCÊS;Poconé;0;3;66280000;BARÃO DE MELGAÇO;RIO CUIABÁ;;-16,192800;-55,966900;68,70;0,02;1;montante;;;;;;sqlite:sis_cloud_seed.db:ana_estacoes;sqlite:sis_cloud_seed.db:ana_telemetria;
26539;FRIGOPESCA PSICULTURA E FRIGORÍFICO LTDA-EPP;Poconé;0;1;66260001;CUIABÁ;RIO CUIABÁ;;-15,615600;-56,108600;45,46;0,21;1;montante;;;;;;sqlite:sis_cloud_seed.db:ana_estacoes;sqlite:sis_cloud_seed.db:ana_telemetria;
26539;FRIGOPESCA PSICULTURA E FRIGORÍFICO LTDA-EPP;Poconé;0;2;66260006;CUIABÁ-BEIRA RIO;RIO CUIABÁ;;-15,618900;-56,099700;46,23;0,23;1;montante;98,0;;200,0;0,490;2026-09-07 10:00:00;sqlite:sis_cloud_seed.db:ana_estacoes;sqlite:sis_cloud_seed.db:ana_telemetria;contexto_somente
26539;FRIGOPESCA PSICULTURA E FRIGORÍFICO LTDA-EPP;Poconé;0;3;66270000;SANTO ANTÔNIO DO LEVERGER;RIO CUIABÁ;;-15,869700;-56,076100;47,45;0,38;1;jusante;;;;;;sqlite:sis_cloud_seed.db:ana_estacoes;sqlite:sis_cloud_seed.db:ana_telemetria;
36132;Fazenda Menolli II ? Barramento;Poconé;0;1;66110010;POCONÉ - RIO BENTO GOMES;RIO BENTO GOMES;;-16,337200;-56,560000;34,59;26,95;0;jusante;;;;;;sqlite:sis_cloud_seed.db:ana_estacoes;sqlite:sis_cloud_seed.db:ana_telemetria;
36132;Fazenda Menolli II ? Barramento;Poconé;0;2;66340500;POCONÉ - RIO CUIABÁ;RIO CUIABÁ;;-16,513600;-56,375600;61,82;0,10;1;jusante;72,0;;;;2026-09-07 09:45:00;sqlite:sis_cloud_seed.db:ana_estacoes;sqlite:sis_cloud_seed.db:ana_telemetria;contexto_somente
36132;Fazenda Menolli II ? Barramento;Poconé;0;3;66270000;SANTO ANTÔNIO DO LEVERGER;RIO CUIABÁ;;-15,869700;-56,076100;72,29;0,38;1;montante;;;;;;sqlite:sis_cloud_seed.db:ana_estacoes;sqlite:sis_cloud_seed.db:ana_telemetria;
36102;Fazenda Poconé - Barramento 2;Poconé;0;1;66110010;POCONÉ - RIO BENTO GOMES;RIO BENTO GOMES;;-16,337200;-56,560000;30,11;26,95;0;jusante;;;;;;sqlite:sis_cloud_seed.db:ana_estacoes;sqlite:sis_cloud_seed.db:ana_telemetria;
36102;Fazenda Poconé - Barramento 2;Poconé;0;2;66340500;POCONÉ - RIO CUIABÁ;RIO CUIABÁ;;-16,513600;-56,375600;57,17;0,10;1;jusante;72,0;;;;2026-09-07 09:45:00;sqlite:sis_cloud_seed.db:ana_estacoes;sqlite:sis_cloud_seed.db:ana_telemetria;contexto_somente
36102;Fazenda Poconé - Barramento 2;Poconé;0;3;66270000;SANTO ANTÔNIO DO LEVERGER;RIO CUIABÁ;;-15,869700;-56,076100;70,10;0,38;1;montante;;;;;;sqlite:sis_cloud_seed.db:ana_estacoes;sqlite:sis_cloud_seed.db:ana_telemetria;
32088;Fazenda Poconé – Barramento I;Poconé;0;1;66110010;POCONÉ - RIO BENTO GOMES;RIO BENTO GOMES;;-16,337200;-56,560000;25,89;26,95;0;jusante;;;;;;sqlite:sis_cloud_seed.db:ana_estacoes;sqlite:sis_cloud_seed.db:ana_telemetria;
32088;Fazenda Poconé – Barramento I;Poconé;0;2;66340500;POCONÉ - RIO CUIABÁ;RIO CUIABÁ;;-16,513600;-56,375600;53,03;0,10;1;jusante;72,0;;;;2026-09-07 09:45:00;sqlite:sis_cloud_seed.db:ana_estacoes;sqlite:sis_cloud_seed.db:ana_telemetria;contexto_somente
32088;Fazenda Poconé – Barramento I;Poconé;0;3;66270000;SANTO ANTÔNIO DO LEVERGER;RIO CUIABÁ;;-15,869700;-56,076100;69,97;0,38;1;montante;;;;;;sqlite:sis_cloud_seed.db:ana_estacoes;sqlite:sis_cloud_seed.db:ana_telemetria;
5475;GAÚCHO;Poconé;0;1;66110010;POCONÉ - RIO BENTO GOMES;RIO BENTO GOMES;;-16,337200;-56,560000;10,65;26,95;0;jusante;;;;;;sqlite:sis_cloud_seed.db:ana_estacoes;sqlite:sis_cloud_seed.db:ana_telemetria;
5475;GAÚCHO;Poconé;0;2;66340500;POCONÉ - RIO CUIABÁ;RIO CUIABÁ;;-16,513600;-56,375600;37,75;0,10;1;jusante;72,0;;;;2026-09-07 09:45:00;sqlite:sis_cloud_seed.db:ana_estacoes;sqlite:sis_cloud_seed.db:ana_telemetria;contexto_somente
5475;GAÚCHO;Poconé;0;3;66280000;BARÃO DE MELGAÇO;RIO CUIABÁ;;-16,192800;-55,966900;67,42;0,02;1;montante;;;;;;sqlite:sis_cloud_seed.db:ana_estacoes;sqlite:sis_cloud_seed.db:ana_telemetria;
581;GONÇA;Poconé;0;1;66110010;POCONÉ - RIO BENTO GOMES;RIO BENTO GOMES;;-16,337200;-56,560000;12,67;26,95;0;jusante;;;;;;sqlite:sis_cloud_seed.db:ana_estacoes;sqlite:sis_cloud_seed.db:ana_telemetria;
581;GONÇA;Poconé;0;2;66340500;POCONÉ - RIO CUIABÁ;RIO CUIABÁ;;-16,513600;-56,375600;39,82;0,10;1;jusante;72,0;;;;2026-09-07 09:45:00;sqlite:sis_cloud_seed.db:ana_estacoes;sqlite:sis_cloud_seed.db:ana_telemetria;contexto_somente
581;GONÇA;Poconé;0;3;66280000;BARÃO DE MELGAÇO;RIO CUIABÁ;;-16,192800;-55,966900;68,49;0,02;1;montante;;;;;;sqlite:sis_cloud_seed.db:ana_estacoes;sqlite:sis_cloud_seed.db:ana_telemetria;
23801;Isa;Poconé;0;1;66110010;POCONÉ - RIO BENTO GOMES;RIO BENTO GOMES;;-16,337200;-56,560000;11,32;26,95;0;jusante;;;;;;sqlite:sis_cloud_seed.db:ana_estacoes;sqlite:sis_cloud_seed.db:ana_telemetria;
23801;Isa;Poconé;0;2;66340500;POCONÉ - RIO CUIABÁ;RIO CUIABÁ;;-16,513600;-56,375600;38,96;0,10;1;jusante;72,0;;;;2026-09-07 09:45:00;sqlite:sis_cloud_seed.db:ana_estacoes;sqlite:sis_cloud_seed.db:ana_telemetria;contexto_somente
23801;Isa;Poconé;0;3;66280000;BARÃO DE MELGAÇO;RIO CUIABÁ;;-16,192800;-55,966900;73,30;0,02;1;montante;;;;;;sqlite:sis_cloud_seed.db:ana_estacoes;sqlite:sis_cloud_seed.db:ana_telemetria;
8000;JOAO PAULO;Poconé;0;1;66110010;POCONÉ - RIO BENTO GOMES;RIO BENTO GOMES;;-16,337200;-56,560000;11,39;26,95;0;jusante;;;;;;sqlite:sis_cloud_seed.db:ana_estacoes;sqlite:sis_cloud_seed.db:ana_telemetria;
8000;JOAO PAULO;Poconé;0;2;66340500;POCONÉ - RIO CUIABÁ;RIO CUIABÁ;;-16,513600;-56,375600;38,74;0,10;1;jusante;72,0;;;;2026-09-07 09:45:00;sqlite:sis_cloud_seed.db:ana_estacoes;sqlite:sis_cloud_seed.db:ana_telemetria;contexto_somente
8000;JOAO PAULO;Poconé;0;3;66280000;BARÃO DE MELGAÇO;RIO CUIABÁ;;-16,192800;-55,966900;68,63;0,02;1;montante;;;;;;sqlite:sis_cloud_seed.db:ana_estacoes;sqlite:sis_cloud_seed.db:ana_telemetria;
894;LU;Poconé;0;1;66110010;POCONÉ - RIO BENTO GOMES;RIO BENTO GOMES;;-16,337200;-56,560000;11,68;26,95;0;jusante;;;;;;sqlite:sis_cloud_seed.db:ana_estacoes;sqlite:sis_cloud_seed.db:ana_telemetria;
894;LU;Poconé;0;2;66340500;POCONÉ - RIO CUIABÁ;RIO CUIABÁ;;-16,513600;-56,375600;38,92;0,10;1;jusante;72,0;;;;2026-09-07 09:45:00;sqlite:sis_cloud_seed.db:ana_estacoes;sqlite:sis_cloud_seed.db:ana_telemetria;contexto_somente
894;LU;Poconé;0;3;66280000;BARÃO DE MELGAÇO;RIO CUIABÁ;;-16,192800;-55,966900;68,33;0,02;1;montante;;;;;;sqlite:sis_cloud_seed.db:ana_estacoes;sqlite:sis_cloud_seed.db:ana_telemetria;
895;MARANATA;Poconé;0;1;66110010;POCONÉ - RIO BENTO GOMES;RIO BENTO GOMES;;-16,337200;-56,560000;33,36;26,95;0;jusante;;;;;;sqlite:sis_cloud_seed.db:ana_estacoes;sqlite:sis_cloud_seed.db:ana_telemetria;
895;MARANATA;Poconé;0;2;66270000;SANTO ANTÔNIO DO LEVERGER;RIO CUIABÁ;;-15,869700;-56,076100;52,77;0,38;1;montante;;;;;;sqlite:sis_cloud_seed.db:ana_estacoes;sqlite:sis_cloud_seed.db:ana_telemetria;
895;MARANATA;Poconé;0;3;66340500;POCONÉ - RIO CUIABÁ;RIO CUIABÁ;;-16,513600;-56,375600;55,65;0,10;1;jusante;72,0;;;;2026-09-07 09:45:00;sqlite:sis_cloud_seed.db:ana_estacoes;sqlite:sis_cloud_seed.db:ana_telemetria;contexto_somente
20401;MARANATA II;Poconé;0;1;66110010;POCONÉ - RIO BENTO GOMES;RIO BENTO GOMES;;-16,337200;-56,560000;33,78;26,95;0;jusante;;;;;;sqlite:sis_cloud_seed.db:ana_estacoes;sqlite:sis_cloud_seed.db:ana_telemetria;
20401;MARANATA II;Poconé;0;2;66270000;SANTO ANTÔNIO DO LEVERGER;RIO CUIABÁ;;-15,869700;-56,076100;52,23;0,38;1;montante;;;;;;sqlite:sis_cloud_seed.db:ana_estacoes;sqlite:sis_cloud_seed.db:ana_telemetria;
20401;MARANATA II;Poconé;0;3;66340500;POCONÉ - RIO CUIABÁ;RIO CUIABÁ;;-16,513600;-56,375600;55,88;0,10;1;jusante;72,0;;;;2026-09-07 09:45:00;sqlite:sis_cloud_seed.db:ana_estacoes;sqlite:sis_cloud_seed.db:ana_telemetria;contexto_somente
27897;MOCOTÓ;Poconé;0;1;66110010;POCONÉ - RIO BENTO GOMES;RIO BENTO GOMES;;-16,337200;-56,560000;14,48;26,95;0;jusante;;;;;;sqlite:sis_cloud_seed.db:ana_estacoes;sqlite:sis_cloud_seed.db:ana_telemetria;
27897;MOCOTÓ;Poconé;0;2;66340500;POCONÉ - RIO CUIABÁ;RIO CUIABÁ;;-16,513600;-56,375600;42,25;0,10;1;jusante;72,0;;;;2026-09-07 09:45:00;sqlite:sis_cloud_seed.db:ana_estacoes;sqlite:sis_cloud_seed.db:ana_telemetria;contexto_somente
27897;MOCOTÓ;Poconé;0;3;66280000;BARÃO DE MELGAÇO;RIO CUIABÁ;;-16,192800;-55,966900;74,07;0,02;1;montante;;;;;;sqlite:sis_cloud_seed.db:ana_estacoes;sqlite:sis_cloud_seed.db:ana_telemetria;
30797;Martins 2;Poconé;0;1;66110010;POCONÉ - RIO BENTO GOMES;RIO BENTO GOMES;;-16,337200;-56,560000;27,79;26,95;0;jusante;;;;;;sqlite:sis_cloud_seed.db:ana_estacoes;sqlite:sis_cloud_seed.db:ana_telemetria;
30797;Martins 2;Poconé;0;2;66340500;POCONÉ - RIO CUIABÁ;RIO CUIABÁ;;-16,513600;-56,375600;51,32;0,10;1;jusante;72,0;;;;2026-09-07 09:45:00;sqlite:sis_cloud_seed.db:ana_estacoes;sqlite:sis_cloud_seed.db:ana_telemetria;contexto_somente
30797;Martins 2;Poconé;0;3;66270000;SANTO ANTÔNIO DO LEVERGER;RIO CUIABÁ;;-15,869700;-56,076100;57,09;0,38;1;montante;;;;;;sqlite:sis_cloud_seed.db:ana_estacoes;sqlite:sis_cloud_seed.db:ana_telemetria;
899;OURINHOS I;Poconé;0;1;66110010;POCONÉ - RIO BENTO GOMES;RIO BENTO GOMES;;-16,337200;-56,560000;24,34;26,95;0;jusante;;;;;;sqlite:sis_cloud_seed.db:ana_estacoes;sqlite:sis_cloud_seed.db:ana_telemetria;
899;OURINHOS I;Poconé;0;2;66340500;POCONÉ - RIO CUIABÁ;RIO CUIABÁ;;-16,513600;-56,375600;49,28;0,10;1;jusante;72,0;;;;2026-09-07 09:45:00;sqlite:sis_cloud_seed.db:ana_estacoes;sqlite:sis_cloud_seed.db:ana_telemetria;contexto_somente
899;OURINHOS I;Poconé;0;3;66270000;SANTO ANTÔNIO DO LEVERGER;RIO CUIABÁ;;-15,869700;-56,076100;61,36;0,38;1;montante;;;;;;sqlite:sis_cloud_seed.db:ana_estacoes;sqlite:sis_cloud_seed.db:ana_telemetria;
5459;OURO FINO;Poconé;0;1;66110010;POCONÉ - RIO BENTO GOMES;RIO BENTO GOMES;;-16,337200;-56,560000;10,22;26,95;0;local;;;;;;sqlite:sis_cloud_seed.db:ana_estacoes;sqlite:sis_cloud_seed.db:ana_telemetria;
5459;OURO FINO;Poconé;0;2;66340500;POCONÉ - RIO CUIABÁ;RIO CUIABÁ;;-16,513600;-56,375600;37,03;0,10;1;jusante;72,0;;;;2026-09-07 09:45:00;sqlite:sis_cloud_seed.db:ana_estacoes;sqlite:sis_cloud_seed.db:ana_telemetria;contexto_somente
5459;OURO FINO;Poconé;0;3;66280000;BARÃO DE MELGAÇO;RIO CUIABÁ;;-16,192800;-55,966900;74,37;0,02;1;montante;;;;;;sqlite:sis_cloud_seed.db:ana_estacoes;sqlite:sis_cloud_seed.db:ana_telemetria;
5458;RODUÍ II;Poconé;0;1;66110010;POCONÉ - RIO BENTO GOMES;RIO BENTO GOMES;;-16,337200;-56,560000;14,72;26,95;0;jusante;;;;;;sqlite:sis_cloud_seed.db:ana_estacoes;sqlite:sis_cloud_seed.db:ana_telemetria;
5458;RODUÍ II;Poconé;0;2;66340500;POCONÉ - RIO CUIABÁ;RIO CUIABÁ;;-16,513600;-56,375600;42,49;0,10;1;jusante;72,0;;;;2026-09-07 09:45:00;sqlite:sis_cloud_seed.db:ana_estacoes;sqlite:sis_cloud_seed.db:ana_telemetria;contexto_somente
5458;RODUÍ II;Poconé;0;3;66280000;BARÃO DE MELGAÇO;RIO CUIABÁ;;-16,192800;-55,966900;73,39;0,02;1;montante;;;;;;sqlite:sis_cloud_seed.db:ana_estacoes;sqlite:sis_cloud_seed.db:ana_telemetria;
1276;RONDON;Poconé;0;1;66110010;POCONÉ - RIO BENTO GOMES;RIO BENTO GOMES;;-16,337200;-56,560000;10,89;26,95;0;jusante;;;;;;sqlite:sis_cloud_seed.db:ana_estacoes;sqlite:sis_cloud_seed.db:ana_telemetria;
1276;RONDON;Poconé;0;2;66340500;POCONÉ - RIO CUIABÁ;RIO CUIABÁ;;-16,513600;-56,375600;38,29;0,10;1;jusante;72,0;;;;2026-09-07 09:45:00;sqlite:sis_cloud_seed.db:ana_estacoes;sqlite:sis_cloud_seed.db:ana_telemetria;contexto_somente
1276;RONDON;Poconé;0;3;66280000;BARÃO DE MELGAÇO;RIO CUIABÁ;;-16,192800;-55,966900;73,84;0,02;1;montante;;;;;;sqlite:sis_cloud_seed.db:ana_estacoes;sqlite:sis_cloud_seed.db:ana_telemetria;
31383;SÃO RAFAEL;Poconé;0;1;66110010;POCONÉ - RIO BENTO GOMES;RIO BENTO GOMES;;-16,337200;-56,560000;26,71;26,95;0;jusante;;;;;;sqlite:sis_cloud_seed.db:ana_estacoes;sqlite:sis_cloud_seed.db:ana_telemetria;
31383;SÃO RAFAEL;Poconé;0;2;66340500;POCONÉ - RIO CUIABÁ;RIO CUIABÁ;;-16,513600;-56,375600;50,53;0,10;1;jusante;72,0;;;;2026-09-07 09:45:00;sqlite:sis_cloud_seed.db:ana_estacoes;sqlite:sis_cloud_seed.db:ana_telemetria;contexto_somente
31383;SÃO RAFAEL;Poconé;0;3;66270000;SANTO ANTÔNIO DO LEVERGER;RIO CUIABÁ;;-15,869700;-56,076100;58,04;0,38;1;montante;;;;;;sqlite:sis_cloud_seed.db:ana_estacoes;sqlite:sis_cloud_seed.db:ana_telemetria;
27628;TARUMÃ II;Poconé;0;1;66110010;POCONÉ - RIO BENTO GOMES;RIO BENTO GOMES;;-16,337200;-56,560000;14,41;26,95;0;jusante;;;;;;sqlite:sis_cloud_seed.db:ana_estacoes;sqlite:sis_cloud_seed.db:ana_telemetria;
27628;TARUMÃ II;Poconé;0;2;66340500;POCONÉ - RIO CUIABÁ;RIO CUIABÁ;;-16,513600;-56,375600;41,43;0,10;1;jusante;72,0;;;;2026-09-07 09:45:00;sqlite:sis_cloud_seed.db:ana_estacoes;sqlite:sis_cloud_seed.db:ana_telemetria;contexto_somente
27628;TARUMÃ II;Poconé;0;3;66280000;BARÃO DE MELGAÇO;RIO CUIABÁ;;-16,192800;-55,966900;68,83;0,02;1;local;;;;;;sqlite:sis_cloud_seed.db:ana_estacoes;sqlite:sis_cloud_seed.db:ana_telemetria;
27898;VCS;Poconé;0;1;66110010;POCONÉ - RIO BENTO GOMES;RIO BENTO GOMES;;-16,337200;-56,560000;16,43;26,95;0;jusante;;;;;;sqlite:sis_cloud_seed.db:ana_estacoes;sqlite:sis_cloud_seed.db:ana_telemetria;
27898;VCS;Poconé;0;2;66340500;POCONÉ - RIO CUIABÁ;RIO CUIABÁ;;-16,513600;-56,375600;44,10;0,10;1;jusante;72,0;;;;2026-09-07 09:45:00;sqlite:sis_cloud_seed.db:ana_estacoes;sqlite:sis_cloud_seed.db:ana_telemetria;contexto_somente
27898;VCS;Poconé;0;3;66270000;SANTO ANTÔNIO DO LEVERGER;RIO CUIABÁ;;-15,869700;-56,076100;72,83;0,38;1;montante;;;;;;sqlite:sis_cloud_seed.db:ana_estacoes;sqlite:sis_cloud_seed.db:ana_telemetria;
35081;VICTOR;Poconé;0;1;66110010;POCONÉ - RIO BENTO GOMES;RIO BENTO GOMES;;-16,337200;-56,560000;24,92;26,95;0;jusante;;;;;;sqlite:sis_cloud_seed.db:ana_estacoes;sqlite:sis_cloud_seed.db:ana_telemetria;
35081;VICTOR;Poconé;0;2;66340500;POCONÉ - RIO CUIABÁ;RIO CUIABÁ;;-16,513600;-56,375600;50,02;0,10;1;jusante;72,0;;;;2026-09-07 09:45:00;sqlite:sis_cloud_seed.db:ana_estacoes;sqlite:sis_cloud_seed.db:ana_telemetria;contexto_somente
35081;VICTOR;Poconé;0;3;66270000;SANTO ANTÔNIO DO LEVERGER;RIO CUIABÁ;;-15,869700;-56,076100;61,70;0,38;1;montante;;;;;;sqlite:sis_cloud_seed.db:ana_estacoes;sqlite:sis_cloud_seed.db:ana_telemetria;
35161;Barragem B1 - Fazenda Sol Nascente;Pontal do Araguaia;0;1;24653000;RIO DAS GARÇAS;RIO DAS GARÇAS;;-15,902200;-52,277200;11,27;385,52;0;montante;;;;;;sqlite:sis_cloud_seed.db:ana_estacoes;sqlite:sis_cloud_seed.db:ana_telemetria;
35161;Barragem B1 - Fazenda Sol Nascente;Pontal do Araguaia;0;2;24700000;BARRA DO GARÇAS;RIO ARAGUAIA;;-15,891400;-52,227800;16,66;390,86;0;montante;;;;;;sqlite:sis_cloud_seed.db:ana_estacoes;sqlite:sis_cloud_seed.db:ana_telemetria;
35161;Barragem B1 - Fazenda Sol Nascente;Pontal do Araguaia;0;3;24710000;SÍTIO ADRIANA;RIO DIAMANTINO;;-16,103100;-52,483300;21,81;362,78;0;jusante;;;;;;sqlite:sis_cloud_seed.db:ana_estacoes;sqlite:sis_cloud_seed.db:ana_telemetria;
36543;Barragem Prefeitura Ponte Branca;Ponte Branca;0;1;24179090;PCH SÃO DOMINGOS MONTANTE 2;RIO SÃO DOMINGOS;;-16,337500;-52,745000;47,18;335,76;0;montante;;;;;;sqlite:sis_cloud_seed.db:ana_estacoes;sqlite:sis_cloud_seed.db:ana_telemetria;
36543;Barragem Prefeitura Ponte Branca;Ponte Branca;0;2;24180050;PCH SÃO DOMINGOS MONTANTE 1;RIO SÃO DOMINGOS;;-16,305600;-52,709700;51,46;339,27;0;montante;;;;;;sqlite:sis_cloud_seed.db:ana_estacoes;sqlite:sis_cloud_seed.db:ana_telemetria;
36543;Barragem Prefeitura Ponte Branca;Ponte Branca;0;3;24180070;PCH SÃO DOMINGOS BARRAMENTO;RIO SÃO DOMINGOS;;-16,299400;-52,704700;52,27;339,76;0;montante;;;;;;sqlite:sis_cloud_seed.db:ana_estacoes;sqlite:sis_cloud_seed.db:ana_telemetria;
35573;BARRAGEM DO POÇO;Pontes e Lacerda;0;1;15050001;PONTES E LACERDA;RIO GUAPORÉ;;-15,215300;-59,353900;22,42;309,86;0;montante;;;;;;sqlite:sis_cloud_seed.db:ana_estacoes;sqlite:sis_cloud_seed.db:ana_telemetria;
35573;BARRAGEM DO POÇO;Pontes e Lacerda;0;2;15046000;PCH NOVA GUAPORÉ JUSANTE;RIO GUAPORÉ;;-15,210800;-59,011900;42,45;273,16;0;montante;;;;;;sqlite:sis_cloud_seed.db:ana_estacoes;sqlite:sis_cloud_seed.db:ana_telemetria;
35573;BARRAGEM DO POÇO;Pontes e Lacerda;0;3;15045950;PCH NOVA GUAPORÉ BARRAMENTO;RIO GUAPORÉ;;-15,207200;-59,014200;42,46;273,40;0;montante;;;;;;sqlite:sis_cloud_seed.db:ana_estacoes;sqlite:sis_cloud_seed.db:ana_telemetria;
27548;BIG BERION;Pontes e Lacerda;0;1;15050001;PONTES E LACERDA;RIO GUAPORÉ;;-15,215300;-59,353900;9,62;309,86;0;jusante;;;;;;sqlite:sis_cloud_seed.db:ana_estacoes;sqlite:sis_cloud_seed.db:ana_telemetria;
27548;BIG BERION;Pontes e Lacerda;0;2;15045950;PCH NOVA GUAPORÉ BARRAMENTO;RIO GUAPORÉ;;-15,207200;-59,014200;38,96;273,40;0;jusante;;;;;;sqlite:sis_cloud_seed.db:ana_estacoes;sqlite:sis_cloud_seed.db:ana_telemetria;
27548;BIG BERION;Pontes e Lacerda;0;3;15046000;PCH NOVA GUAPORÉ JUSANTE;RIO GUAPORÉ;;-15,210800;-59,011900;39,29;273,16;0;jusante;;;;;;sqlite:sis_cloud_seed.db:ana_estacoes;sqlite:sis_cloud_seed.db:ana_telemetria;
35103;Barragem Tamboril I;Pontes e Lacerda;0;1;15050001;PONTES E LACERDA;RIO GUAPORÉ;;-15,215300;-59,353900;15,18;309,86;0;jusante;;;;;;sqlite:sis_cloud_seed.db:ana_estacoes;sqlite:sis_cloud_seed.db:ana_telemetria;
35103;Barragem Tamboril I;Pontes e Lacerda;0;2;15045950;PCH NOVA GUAPORÉ BARRAMENTO;RIO GUAPORÉ;;-15,207200;-59,014200;42,18;273,40;0;jusante;;;;;;sqlite:sis_cloud_seed.db:ana_estacoes;sqlite:sis_cloud_seed.db:ana_telemetria;
35103;Barragem Tamboril I;Pontes e Lacerda;0;3;15046000;PCH NOVA GUAPORÉ JUSANTE;RIO GUAPORÉ;;-15,210800;-59,011900;42,55;273,16;0;jusante;;;;;;sqlite:sis_cloud_seed.db:ana_estacoes;sqlite:sis_cloud_seed.db:ana_telemetria;
35104;Barragem Tamboril II;Pontes e Lacerda;0;1;15050001;PONTES E LACERDA;RIO GUAPORÉ;;-15,215300;-59,353900;15,17;309,86;0;jusante;;;;;;sqlite:sis_cloud_seed.db:ana_estacoes;sqlite:sis_cloud_seed.db:ana_telemetria;
35104;Barragem Tamboril II;Pontes e Lacerda;0;2;15045950;PCH NOVA GUAPORÉ BARRAMENTO;RIO GUAPORÉ;;-15,207200;-59,014200;41,59;273,40;0;jusante;;;;;;sqlite:sis_cloud_seed.db:ana_estacoes;sqlite:sis_cloud_seed.db:ana_telemetria;
35104;Barragem Tamboril II;Pontes e Lacerda;0;3;15046000;PCH NOVA GUAPORÉ JUSANTE;RIO GUAPORÉ;;-15,210800;-59,011900;41,96;273,16;0;jusante;;;;;;sqlite:sis_cloud_seed.db:ana_estacoes;sqlite:sis_cloud_seed.db:ana_telemetria;
36585;CPO1;Pontes e Lacerda;0;1;15050001;PONTES E LACERDA;RIO GUAPORÉ;;-15,215300;-59,353900;33,01;309,86;0;jusante;;;;;;sqlite:sis_cloud_seed.db:ana_estacoes;sqlite:sis_cloud_seed.db:ana_telemetria;
36585;CPO1;Pontes e Lacerda;0;2;15120002;VILA BELA ST.TRINDADE;RIO GUAPORÉ;;-15,026100;-59,956700;46,80;374,67;0;jusante;98,0;;;;2026-09-07 09:45:00;sqlite:sis_cloud_seed.db:ana_estacoes;sqlite:sis_cloud_seed.db:ana_telemetria;contexto_somente
36585;CPO1;Pontes e Lacerda;0;3;15121000;PCH SALTO CORGÃO JUSANTE;RIO CORGÃO;;-14,457500;-59,508600;56,87;332,34;0;montante;;;;;;sqlite:sis_cloud_seed.db:ana_estacoes;sqlite:sis_cloud_seed.db:ana_telemetria;
21941;Campos;Pontes e Lacerda;0;1;15050001;PONTES E LACERDA;RIO GUAPORÉ;;-15,215300;-59,353900;9,32;309,86;0;jusante;;;;;;sqlite:sis_cloud_seed.db:ana_estacoes;sqlite:sis_cloud_seed.db:ana_telemetria;
21941;Campos;Pontes e Lacerda;0;2;15045950;PCH NOVA GUAPORÉ BARRAMENTO;RIO GUAPORÉ;;-15,207200;-59,014200;39,68;273,40;0;jusante;;;;;;sqlite:sis_cloud_seed.db:ana_estacoes;sqlite:sis_cloud_seed.db:ana_telemetria;
21941;Campos;Pontes e Lacerda;0;3;15046000;PCH NOVA GUAPORÉ JUSANTE;RIO GUAPORÉ;;-15,210800;-59,011900;40,01;273,16;0;jusante;;;;;;sqlite:sis_cloud_seed.db:ana_estacoes;sqlite:sis_cloud_seed.db:ana_telemetria;
21942;Elvo 1;Pontes e Lacerda;0;1;15050001;PONTES E LACERDA;RIO GUAPORÉ;;-15,215300;-59,353900;9,26;309,86;0;jusante;;;;;;sqlite:sis_cloud_seed.db:ana_estacoes;sqlite:sis_cloud_seed.db:ana_telemetria;
21942;Elvo 1;Pontes e Lacerda;0;2;15045950;PCH NOVA GUAPORÉ BARRAMENTO;RIO GUAPORÉ;;-15,207200;-59,014200;39,93;273,40;0;jusante;;;;;;sqlite:sis_cloud_seed.db:ana_estacoes;sqlite:sis_cloud_seed.db:ana_telemetria;
21942;Elvo 1;Pontes e Lacerda;0;3;15046000;PCH NOVA GUAPORÉ JUSANTE;RIO GUAPORÉ;;-15,210800;-59,011900;40,25;273,16;0;jusante;;;;;;sqlite:sis_cloud_seed.db:ana_estacoes;sqlite:sis_cloud_seed.db:ana_telemetria;
21943;Elvo Captação;Pontes e Lacerda;0;1;15050001;PONTES E LACERDA;RIO GUAPORÉ;;-15,215300;-59,353900;9,56;309,86;0;jusante;;;;;;sqlite:sis_cloud_seed.db:ana_estacoes;sqlite:sis_cloud_seed.db:ana_telemetria;
21943;Elvo Captação;Pontes e Lacerda;0;2;15045950;PCH NOVA GUAPORÉ BARRAMENTO;RIO GUAPORÉ;;-15,207200;-59,014200;39,87;273,40;0;jusante;;;;;;sqlite:sis_cloud_seed.db:ana_estacoes;sqlite:sis_cloud_seed.db:ana_telemetria;
21943;Elvo Captação;Pontes e Lacerda;0;3;15046000;PCH NOVA GUAPORÉ JUSANTE;RIO GUAPORÉ;;-15,210800;-59,011900;40,20;273,16;0;jusante;;;;;;sqlite:sis_cloud_seed.db:ana_estacoes;sqlite:sis_cloud_seed.db:ana_telemetria;
31305;Manga;Pontes e Lacerda;0;1;15050001;PONTES E LACERDA;RIO GUAPORÉ;;-15,215300;-59,353900;9,85;309,86;0;jusante;;;;;;sqlite:sis_cloud_seed.db:ana_estacoes;sqlite:sis_cloud_seed.db:ana_telemetria;
31305;Manga;Pontes e Lacerda;0;2;15045950;PCH NOVA GUAPORÉ BARRAMENTO;RIO GUAPORÉ;;-15,207200;-59,014200;40,02;273,40;0;jusante;;;;;;sqlite:sis_cloud_seed.db:ana_estacoes;sqlite:sis_cloud_seed.db:ana_telemetria;
31305;Manga;Pontes e Lacerda;0;3;15046000;PCH NOVA GUAPORÉ JUSANTE;RIO GUAPORÉ;;-15,210800;-59,011900;40,34;273,16;0;jusante;;;;;;sqlite:sis_cloud_seed.db:ana_estacoes;sqlite:sis_cloud_seed.db:ana_telemetria;
29388;P.R.A;Pontes e Lacerda;0;1;15050001;PONTES E LACERDA;RIO GUAPORÉ;;-15,215300;-59,353900;12,41;309,86;0;montante;;;;;;sqlite:sis_cloud_seed.db:ana_estacoes;sqlite:sis_cloud_seed.db:ana_telemetria;
29388;P.R.A;Pontes e Lacerda;0;2;15045950;PCH NOVA GUAPORÉ BARRAMENTO;RIO GUAPORÉ;;-15,207200;-59,014200;45,22;273,40;0;montante;;;;;;sqlite:sis_cloud_seed.db:ana_estacoes;sqlite:sis_cloud_seed.db:ana_telemetria;
29388;P.R.A;Pontes e Lacerda;0;3;15046000;PCH NOVA GUAPORÉ JUSANTE;RIO GUAPORÉ;;-15,210800;-59,011900;45,36;273,16;0;montante;;;;;;sqlite:sis_cloud_seed.db:ana_estacoes;sqlite:sis_cloud_seed.db:ana_telemetria;
31011;Reservatório de Água P.R.A.;Pontes e Lacerda;0;1;15050001;PONTES E LACERDA;RIO GUAPORÉ;;-15,215300;-59,353900;12,51;309,86;0;montante;;;;;;sqlite:sis_cloud_seed.db:ana_estacoes;sqlite:sis_cloud_seed.db:ana_telemetria;
31011;Reservatório de Água P.R.A.;Pontes e Lacerda;0;2;15045950;PCH NOVA GUAPORÉ BARRAMENTO;RIO GUAPORÉ;;-15,207200;-59,014200;45,18;273,40;0;montante;;;;;;sqlite:sis_cloud_seed.db:ana_estacoes;sqlite:sis_cloud_seed.db:ana_telemetria;
31011;Reservatório de Água P.R.A.;Pontes e Lacerda;0;3;15046000;PCH NOVA GUAPORÉ JUSANTE;RIO GUAPORÉ;;-15,210800;-59,011900;45,32;273,16;0;montante;;;;;;sqlite:sis_cloud_seed.db:ana_estacoes;sqlite:sis_cloud_seed.db:ana_telemetria;
26261;SR.PEDRINHO;Pontes e Lacerda;0;1;15050001;PONTES E LACERDA;RIO GUAPORÉ;;-15,215300;-59,353900;8,44;309,86;0;jusante;;;;;;sqlite:sis_cloud_seed.db:ana_estacoes;sqlite:sis_cloud_seed.db:ana_telemetria;
26261;SR.PEDRINHO;Pontes e Lacerda;0;2;15045950;PCH NOVA GUAPORÉ BARRAMENTO;RIO GUAPORÉ;;-15,207200;-59,014200;37,71;273,40;0;jusante;;;;;;sqlite:sis_cloud_seed.db:ana_estacoes;sqlite:sis_cloud_seed.db:ana_telemetria;
26261;SR.PEDRINHO;Pontes e Lacerda;0;3;15046000;PCH NOVA GUAPORÉ JUSANTE;RIO GUAPORÉ;;-15,210800;-59,011900;38,03;273,16;0;jusante;;;;;;sqlite:sis_cloud_seed.db:ana_estacoes;sqlite:sis_cloud_seed.db:ana_telemetria;
36578;Barramento 1 a montante ? Fazenda Celentano;Porto dos Gaúchos;0;1;17120050;CGH MESTRE FALCÃO JUSANTE;RIBEIRÃO MESTRE FALCÃO;;-11,463300;-57,118300;14,08;371,55;0;local;;;;;;sqlite:sis_cloud_seed.db:ana_estacoes;sqlite:sis_cloud_seed.db:ana_telemetria;
36578;Barramento 1 a montante ? Fazenda Celentano;Porto dos Gaúchos;0;2;17120200;JUARA - RIO ARINOS;RIO ARINOS;;-11,223900;-57,601900;72,83;412,93;0;montante;246,0;;;;2026-09-07 10:00:00;sqlite:sis_cloud_seed.db:ana_estacoes;sqlite:sis_cloud_seed.db:ana_telemetria;contexto_somente
35728;Barramento Jerusalém;Porto dos Gaúchos;0;1;17120050;CGH MESTRE FALCÃO JUSANTE;RIBEIRÃO MESTRE FALCÃO;;-11,463300;-57,118300;67,00;371,55;0;montante;;;;;;sqlite:sis_cloud_seed.db:ana_estacoes;sqlite:sis_cloud_seed.db:ana_telemetria;
36577;Barramento Principal ? Fazenda Celentano;Porto dos Gaúchos;0;1;17120050;CGH MESTRE FALCÃO JUSANTE;RIBEIRÃO MESTRE FALCÃO;;-11,463300;-57,118300;14,52;371,55;0;montante;;;;;;sqlite:sis_cloud_seed.db:ana_estacoes;sqlite:sis_cloud_seed.db:ana_telemetria;
36577;Barramento Principal ? Fazenda Celentano;Porto dos Gaúchos;0;2;17120200;JUARA - RIO ARINOS;RIO ARINOS;;-11,223900;-57,601900;73,33;412,93;0;montante;246,0;;;;2026-09-07 10:00:00;sqlite:sis_cloud_seed.db:ana_estacoes;sqlite:sis_cloud_seed.db:ana_telemetria;contexto_somente
35001;Barramento Santa Rita;Porto dos Gaúchos;0;1;17120050;CGH MESTRE FALCÃO JUSANTE;RIBEIRÃO MESTRE FALCÃO;;-11,463300;-57,118300;30,05;371,55;0;montante;;;;;;sqlite:sis_cloud_seed.db:ana_estacoes;sqlite:sis_cloud_seed.db:ana_telemetria;
35001;Barramento Santa Rita;Porto dos Gaúchos;0;2;17120200;JUARA - RIO ARINOS;RIO ARINOS;;-11,223900;-57,601900;59,23;412,93;0;montante;246,0;;;;2026-09-07 10:00:00;sqlite:sis_cloud_seed.db:ana_estacoes;sqlite:sis_cloud_seed.db:ana_telemetria;contexto_somente
35001;Barramento Santa Rita;Porto dos Gaúchos;0;3;17094300;BRASNORTE;RIO DO SANGUE;;-12,098000;-57,880300;79,30;338,41;0;jusante;;;;;;sqlite:sis_cloud_seed.db:ana_estacoes;sqlite:sis_cloud_seed.db:ana_telemetria;
34978;Barramento principal - Fazenda Sinop I;Porto dos Gaúchos;0;1;17273100;UHE COLÍDER PONTE MT-222;RIO TELES PIRES (OU SÃO MANUEL);;-11,893900;-55,656100;51,94;318,01;0;jusante;;;;;;sqlite:sis_cloud_seed.db:ana_estacoes;sqlite:sis_cloud_seed.db:ana_telemetria;
34978;Barramento principal - Fazenda Sinop I;Porto dos Gaúchos;0;2;17275100;UHE SINOP RIO VERDE;RIO VERDE;;-12,173100;-55,899400;61,00;282,99;0;jusante;;;;;;sqlite:sis_cloud_seed.db:ana_estacoes;sqlite:sis_cloud_seed.db:ana_telemetria;
34978;Barramento principal - Fazenda Sinop I;Porto dos Gaúchos;0;3;17280940;UHE SINOP RESERVATÓRIO 1;RIO TELES PIRES (OU SÃO MANUEL);;-11,414700;-55,523300;64,15;373,13;0;montante;;;;;;sqlite:sis_cloud_seed.db:ana_estacoes;sqlite:sis_cloud_seed.db:ana_telemetria;
34034;CGH Rancho Fundo - CGH RANCHO FUNDO;Porto dos Gaúchos;0;1;17275100;UHE SINOP RIO VERDE;RIO VERDE;;-12,173100;-55,899400;54,24;282,99;0;jusante;;;;;;sqlite:sis_cloud_seed.db:ana_estacoes;sqlite:sis_cloud_seed.db:ana_telemetria;
34034;CGH Rancho Fundo - CGH RANCHO FUNDO;Porto dos Gaúchos;0;2;17273100;UHE COLÍDER PONTE MT-222;RIO TELES PIRES (OU SÃO MANUEL);;-11,893900;-55,656100;69,73;318,01;0;local;;;;;;sqlite:sis_cloud_seed.db:ana_estacoes;sqlite:sis_cloud_seed.db:ana_telemetria;
20317;Faz. Agrovera;Porto dos Gaúchos;0;1;17275100;UHE SINOP RIO VERDE;RIO VERDE;;-12,173100;-55,899400;54,24;282,99;0;jusante;;;;;;sqlite:sis_cloud_seed.db:ana_estacoes;sqlite:sis_cloud_seed.db:ana_telemetria;
20317;Faz. Agrovera;Porto dos Gaúchos;0;2;17273100;UHE COLÍDER PONTE MT-222;RIO TELES PIRES (OU SÃO MANUEL);;-11,893900;-55,656100;69,72;318,01;0;local;;;;;;sqlite:sis_cloud_seed.db:ana_estacoes;sqlite:sis_cloud_seed.db:ana_telemetria;
5479;Fazenda Padre Cicero;Porto dos Gaúchos;0;1;17120050;CGH MESTRE FALCÃO JUSANTE;RIBEIRÃO MESTRE FALCÃO;;-11,463300;-57,118300;76,05;371,55;0;montante;;;;;;sqlite:sis_cloud_seed.db:ana_estacoes;sqlite:sis_cloud_seed.db:ana_telemetria;
5479;Fazenda Padre Cicero;Porto dos Gaúchos;0;2;17275100;UHE SINOP RIO VERDE;RIO VERDE;;-12,173100;-55,899400;79,27;282,99;0;jusante;;;;;;sqlite:sis_cloud_seed.db:ana_estacoes;sqlite:sis_cloud_seed.db:ana_telemetria;
20998;Estância Maristela - Barragem 01;Porto Esperidião;0;1;66072005;PORTO ESPERIDIÃO;RIO JAURU;;-15,850800;-58,458300;62,75;226,28;0;montante;;;;;;sqlite:sis_cloud_seed.db:ana_estacoes;sqlite:sis_cloud_seed.db:ana_telemetria;
20999;Estância Maristela - Barragem 02;Porto Esperidião;0;1;66072005;PORTO ESPERIDIÃO;RIO JAURU;;-15,850800;-58,458300;62,34;226,28;0;montante;;;;;;sqlite:sis_cloud_seed.db:ana_estacoes;sqlite:sis_cloud_seed.db:ana_telemetria;
21000;Estância Maristela - Barragem 03;Porto Esperidião;0;1;66072005;PORTO ESPERIDIÃO;RIO JAURU;;-15,850800;-58,458300;62,46;226,28;0;montante;;;;;;sqlite:sis_cloud_seed.db:ana_estacoes;sqlite:sis_cloud_seed.db:ana_telemetria;
36061;Barramento - Fazenda São Matheus I;Poxoréu;0;1;66420000;PCH POXORÉO MONTANTE;RIO POXOREU;;-15,797500;-54,360800;29,88;165,13;0;jusante;;;;;;sqlite:sis_cloud_seed.db:ana_estacoes;sqlite:sis_cloud_seed.db:ana_telemetria;
36061;Barramento - Fazenda São Matheus I;Poxoréu;0;2;66420250;PCH POXORÉO JUSANTE;RIO POXOREU;;-15,850800;-54,375300;32,58;162,60;0;jusante;;;;;;sqlite:sis_cloud_seed.db:ana_estacoes;sqlite:sis_cloud_seed.db:ana_telemetria;
36061;Barramento - Fazenda São Matheus I;Poxoréu;0;3;66420180;PCH POXORÉO BARRAMENTO;RIO POXOREU;;-15,838600;-54,381900;32,91;162,12;0;jusante;;;;;;sqlite:sis_cloud_seed.db:ana_estacoes;sqlite:sis_cloud_seed.db:ana_telemetria;
27278;Fazenda Copacabana;Poxoréu;0;1;26033700;PCH PRIMAVERA MONTANTE 1;RIO DAS MORTES ;;-15,407200;-54,432200;10,33;155,50;0;montante;;;;;;sqlite:sis_cloud_seed.db:ana_estacoes;sqlite:sis_cloud_seed.db:ana_telemetria;
27278;Fazenda Copacabana;Poxoréu;0;2;26033750;PCH PRIMAVERA BARRAMENTO;RIO DAS MORTES ;;-15,380000;-54,413600;13,04;156,25;0;montante;;;;;;sqlite:sis_cloud_seed.db:ana_estacoes;sqlite:sis_cloud_seed.db:ana_telemetria;
27278;Fazenda Copacabana;Poxoréu;0;3;26033800;PCH PRIMAVERA JUSANTE;RIO DAS MORTES ;;-15,371700;-54,383600;14,19;158,94;0;montante;;;;;;sqlite:sis_cloud_seed.db:ana_estacoes;sqlite:sis_cloud_seed.db:ana_telemetria;
34498;Fazenda Nossa Senhora Aparecida;Poxoréu;0;1;66420000;PCH POXORÉO MONTANTE;RIO POXOREU;;-15,797500;-54,360800;27,65;165,13;0;jusante;;;;;;sqlite:sis_cloud_seed.db:ana_estacoes;sqlite:sis_cloud_seed.db:ana_telemetria;
34498;Fazenda Nossa Senhora Aparecida;Poxoréu;0;2;66420180;PCH POXORÉO BARRAMENTO;RIO POXOREU;;-15,838600;-54,381900;31,78;162,12;0;jusante;;;;;;sqlite:sis_cloud_seed.db:ana_estacoes;sqlite:sis_cloud_seed.db:ana_telemetria;
34498;Fazenda Nossa Senhora Aparecida;Poxoréu;0;3;66420250;PCH POXORÉO JUSANTE;RIO POXOREU;;-15,850800;-54,375300;31,89;162,60;0;jusante;;;;;;sqlite:sis_cloud_seed.db:ana_estacoes;sqlite:sis_cloud_seed.db:ana_telemetria;
36565;Fazenda Santa Clara ? Área B;Poxoréu;0;1;26033700;PCH PRIMAVERA MONTANTE 1;RIO DAS MORTES ;;-15,407200;-54,432200;14,76;155,50;0;montante;;;;;;sqlite:sis_cloud_seed.db:ana_estacoes;sqlite:sis_cloud_seed.db:ana_telemetria;
36565;Fazenda Santa Clara ? Área B;Poxoréu;0;2;26033750;PCH PRIMAVERA BARRAMENTO;RIO DAS MORTES ;;-15,380000;-54,413600;18,38;156,25;0;montante;;;;;;sqlite:sis_cloud_seed.db:ana_estacoes;sqlite:sis_cloud_seed.db:ana_telemetria;
36565;Fazenda Santa Clara ? Área B;Poxoréu;0;3;26033800;PCH PRIMAVERA JUSANTE;RIO DAS MORTES ;;-15,371700;-54,383600;21,10;158,94;0;montante;;;;;;sqlite:sis_cloud_seed.db:ana_estacoes;sqlite:sis_cloud_seed.db:ana_telemetria;
36623;Fazenda Varjão;Poxoréu;0;1;66420000;PCH POXORÉO MONTANTE;RIO POXOREU;;-15,797500;-54,360800;7,22;165,13;0;jusante;;;;;;sqlite:sis_cloud_seed.db:ana_estacoes;sqlite:sis_cloud_seed.db:ana_telemetria;
36623;Fazenda Varjão;Poxoréu;0;2;66420180;PCH POXORÉO BARRAMENTO;RIO POXOREU;;-15,838600;-54,381900;12,21;162,12;0;jusante;;;;;;sqlite:sis_cloud_seed.db:ana_estacoes;sqlite:sis_cloud_seed.db:ana_telemetria;
36623;Fazenda Varjão;Poxoréu;0;3;66420250;PCH POXORÉO JUSANTE;RIO POXOREU;;-15,850800;-54,375300;12,99;162,60;0;jusante;;;;;;sqlite:sis_cloud_seed.db:ana_estacoes;sqlite:sis_cloud_seed.db:ana_telemetria;
26328;Fazenda Água Boa;Poxoréu;0;1;66420000;PCH POXORÉO MONTANTE;RIO POXOREU;;-15,797500;-54,360800;35,06;165,13;0;jusante;;;;;;sqlite:sis_cloud_seed.db:ana_estacoes;sqlite:sis_cloud_seed.db:ana_telemetria;
26328;Fazenda Água Boa;Poxoréu;0;2;66420180;PCH POXORÉO BARRAMENTO;RIO POXOREU;;-15,838600;-54,381900;39,25;162,12;0;jusante;;;;;;sqlite:sis_cloud_seed.db:ana_estacoes;sqlite:sis_cloud_seed.db:ana_telemetria;
26328;Fazenda Água Boa;Poxoréu;0;3;66420250;PCH POXORÉO JUSANTE;RIO POXOREU;;-15,850800;-54,375300;39,37;162,60;0;jusante;;;;;;sqlite:sis_cloud_seed.db:ana_estacoes;sqlite:sis_cloud_seed.db:ana_telemetria;
30836;Mariana IB;Poxoréu;0;1;66420000;PCH POXORÉO MONTANTE;RIO POXOREU;;-15,797500;-54,360800;31,27;165,13;0;jusante;;;;;;sqlite:sis_cloud_seed.db:ana_estacoes;sqlite:sis_cloud_seed.db:ana_telemetria;
30836;Mariana IB;Poxoréu;0;2;66420180;PCH POXORÉO BARRAMENTO;RIO POXOREU;;-15,838600;-54,381900;35,37;162,12;0;jusante;;;;;;sqlite:sis_cloud_seed.db:ana_estacoes;sqlite:sis_cloud_seed.db:ana_telemetria;
30836;Mariana IB;Poxoréu;0;3;66420250;PCH POXORÉO JUSANTE;RIO POXOREU;;-15,850800;-54,375300;35,46;162,60;0;jusante;;;;;;sqlite:sis_cloud_seed.db:ana_estacoes;sqlite:sis_cloud_seed.db:ana_telemetria;
28886;Mariana II;Poxoréu;0;1;66420000;PCH POXORÉO MONTANTE;RIO POXOREU;;-15,797500;-54,360800;28,92;165,13;0;jusante;;;;;;sqlite:sis_cloud_seed.db:ana_estacoes;sqlite:sis_cloud_seed.db:ana_telemetria;
28886;Mariana II;Poxoréu;0;2;66420250;PCH POXORÉO JUSANTE;RIO POXOREU;;-15,850800;-54,375300;32,77;162,60;0;jusante;;;;;;sqlite:sis_cloud_seed.db:ana_estacoes;sqlite:sis_cloud_seed.db:ana_telemetria;
28886;Mariana II;Poxoréu;0;3;66420180;PCH POXORÉO BARRAMENTO;RIO POXOREU;;-15,838600;-54,381900;32,78;162,12;0;jusante;;;;;;sqlite:sis_cloud_seed.db:ana_estacoes;sqlite:sis_cloud_seed.db:ana_telemetria;
4984;PCH Poxoréo (José Fragelli) - Poxoréo;Poxoréu;0;1;66420180;PCH POXORÉO BARRAMENTO;RIO POXOREU;;-15,838600;-54,381900;0,03;162,12;0;local;;;;;;sqlite:sis_cloud_seed.db:ana_estacoes;sqlite:sis_cloud_seed.db:ana_telemetria;
4984;PCH Poxoréo (José Fragelli) - Poxoréo;Poxoréu;0;2;66420250;PCH POXORÉO JUSANTE;RIO POXOREU;;-15,850800;-54,375300;1,50;162,60;0;local;;;;;;sqlite:sis_cloud_seed.db:ana_estacoes;sqlite:sis_cloud_seed.db:ana_telemetria;
4984;PCH Poxoréo (José Fragelli) - Poxoréo;Poxoréu;0;3;66420160;PCH POXORÉO RIO AREIA;RIO AREIA;;-15,834200;-54,405600;2,59;159,69;0;local;;;;;;sqlite:sis_cloud_seed.db:ana_estacoes;sqlite:sis_cloud_seed.db:ana_telemetria;
4257;PCH Primavera - Primavera;Poxoréu;0;1;26033750;PCH PRIMAVERA BARRAMENTO;RIO DAS MORTES ;;-15,380000;-54,413600;0,22;156,25;0;local;;;;;;sqlite:sis_cloud_seed.db:ana_estacoes;sqlite:sis_cloud_seed.db:ana_telemetria;
4257;PCH Primavera - Primavera;Poxoréu;0;2;26033800;PCH PRIMAVERA JUSANTE;RIO DAS MORTES ;;-15,371700;-54,383600;3,21;158,94;0;local;;;;;;sqlite:sis_cloud_seed.db:ana_estacoes;sqlite:sis_cloud_seed.db:ana_telemetria;
4257;PCH Primavera - Primavera;Poxoréu;0;3;26033700;PCH PRIMAVERA MONTANTE 1;RIO DAS MORTES ;;-15,407200;-54,432200;3,63;155,50;0;local;;;;;;sqlite:sis_cloud_seed.db:ana_estacoes;sqlite:sis_cloud_seed.db:ana_telemetria;
36069;Reservatório São José;Poxoréu;0;1;26033700;PCH PRIMAVERA MONTANTE 1;RIO DAS MORTES ;;-15,407200;-54,432200;2,80;155,50;0;local;;;;;;sqlite:sis_cloud_seed.db:ana_estacoes;sqlite:sis_cloud_seed.db:ana_telemetria;
36069;Reservatório São José;Poxoréu;0;2;26033750;PCH PRIMAVERA BARRAMENTO;RIO DAS MORTES ;;-15,380000;-54,413600;6,23;156,25;0;montante;;;;;;sqlite:sis_cloud_seed.db:ana_estacoes;sqlite:sis_cloud_seed.db:ana_telemetria;
36069;Reservatório São José;Poxoréu;0;3;26033800;PCH PRIMAVERA JUSANTE;RIO DAS MORTES ;;-15,371700;-54,383600;8,66;158,94;0;montante;;;;;;sqlite:sis_cloud_seed.db:ana_estacoes;sqlite:sis_cloud_seed.db:ana_telemetria;
36494;BARRAGEM IBF;Primavera do Leste;0;1;26033900;ÁGUAS CLARAS;RIO DAS MORTES ;;-15,305000;-54,186400;9,01;176,82;0;montante;;;;;;sqlite:sis_cloud_seed.db:ana_estacoes;sqlite:sis_cloud_seed.db:ana_telemetria;
36494;BARRAGEM IBF;Primavera do Leste;0;2;26033800;PCH PRIMAVERA JUSANTE;RIO DAS MORTES ;;-15,371700;-54,383600;23,51;158,94;0;local;;;;;;sqlite:sis_cloud_seed.db:ana_estacoes;sqlite:sis_cloud_seed.db:ana_telemetria;
36494;BARRAGEM IBF;Primavera do Leste;0;3;26033750;PCH PRIMAVERA BARRAMENTO;RIO DAS MORTES ;;-15,380000;-54,413600;26,70;156,25;0;local;;;;;;sqlite:sis_cloud_seed.db:ana_estacoes;sqlite:sis_cloud_seed.db:ana_telemetria;
35164;BARRAGEM TROJAN;Primavera do Leste;0;1;26033900;ÁGUAS CLARAS;RIO DAS MORTES ;;-15,305000;-54,186400;5,10;176,82;0;jusante;;;;;;sqlite:sis_cloud_seed.db:ana_estacoes;sqlite:sis_cloud_seed.db:ana_telemetria;
35164;BARRAGEM TROJAN;Primavera do Leste;0;2;26034600;FAZENDA SUSPIRO III / Rio Cumbuco - P. do Leste;RIO CUMBUCO;;-15,223100;-53,966700;23,49;197,69;0;montante;;;;;;sqlite:sis_cloud_seed.db:ana_estacoes;sqlite:sis_cloud_seed.db:ana_telemetria;
35164;BARRAGEM TROJAN;Primavera do Leste;0;3;26033800;PCH PRIMAVERA JUSANTE;RIO DAS MORTES ;;-15,371700;-54,383600;24,93;158,94;0;jusante;;;;;;sqlite:sis_cloud_seed.db:ana_estacoes;sqlite:sis_cloud_seed.db:ana_telemetria;
34730;Barragem Bravin;Primavera do Leste;0;1;26033900;ÁGUAS CLARAS;RIO DAS MORTES ;;-15,305000;-54,186400;23,08;176,82;0;montante;;;;;;sqlite:sis_cloud_seed.db:ana_estacoes;sqlite:sis_cloud_seed.db:ana_telemetria;
34730;Barragem Bravin;Primavera do Leste;0;2;26033800;PCH PRIMAVERA JUSANTE;RIO DAS MORTES ;;-15,371700;-54,383600;29,21;158,94;0;montante;;;;;;sqlite:sis_cloud_seed.db:ana_estacoes;sqlite:sis_cloud_seed.db:ana_telemetria;
34730;Barragem Bravin;Primavera do Leste;0;3;26033750;PCH PRIMAVERA BARRAMENTO;RIO DAS MORTES ;;-15,380000;-54,413600;31,55;156,25;0;montante;;;;;;sqlite:sis_cloud_seed.db:ana_estacoes;sqlite:sis_cloud_seed.db:ana_telemetria;
20151;Barragem Planalto;Primavera do Leste;0;1;26034700;CGH SUSPIRO JUSANTE;RIO SUSPIRO;;-15,067800;-53,945300;18,50;197,41;0;jusante;;;;;;sqlite:sis_cloud_seed.db:ana_estacoes;sqlite:sis_cloud_seed.db:ana_telemetria;
20151;Barragem Planalto;Primavera do Leste;0;2;26034600;FAZENDA SUSPIRO III / Rio Cumbuco - P. do Leste;RIO CUMBUCO;;-15,223100;-53,966700;33,71;197,69;0;jusante;;;;;;sqlite:sis_cloud_seed.db:ana_estacoes;sqlite:sis_cloud_seed.db:ana_telemetria;
20151;Barragem Planalto;Primavera do Leste;0;3;18407500;PCH CULUENE MONTANTE;RIO CULUENE;;-14,631700;-53,924200;35,18;200,56;0;montante;;;;;;sqlite:sis_cloud_seed.db:ana_estacoes;sqlite:sis_cloud_seed.db:ana_telemetria;
34610;Barramento - Fazenda Luchese I;Primavera do Leste;0;1;26033900;ÁGUAS CLARAS;RIO DAS MORTES ;;-15,305000;-54,186400;19,04;176,82;0;montante;;;;;;sqlite:sis_cloud_seed.db:ana_estacoes;sqlite:sis_cloud_seed.db:ana_telemetria;
34610;Barramento - Fazenda Luchese I;Primavera do Leste;0;2;26034600;FAZENDA SUSPIRO III / Rio Cumbuco - P. do Leste;RIO CUMBUCO;;-15,223100;-53,966700;28,81;197,69;0;montante;;;;;;sqlite:sis_cloud_seed.db:ana_estacoes;sqlite:sis_cloud_seed.db:ana_telemetria;
34610;Barramento - Fazenda Luchese I;Primavera do Leste;0;3;26033800;PCH PRIMAVERA JUSANTE;RIO DAS MORTES ;;-15,371700;-54,383600;32,27;158,94;0;montante;;;;;;sqlite:sis_cloud_seed.db:ana_estacoes;sqlite:sis_cloud_seed.db:ana_telemetria;
30960;Barramento - Fazenda Progresso I e II;Primavera do Leste;0;1;26034700;CGH SUSPIRO JUSANTE;RIO SUSPIRO;;-15,067800;-53,945300;21,58;197,41;0;jusante;;;;;;sqlite:sis_cloud_seed.db:ana_estacoes;sqlite:sis_cloud_seed.db:ana_telemetria;
30960;Barramento - Fazenda Progresso I e II;Primavera do Leste;0;2;26034600;FAZENDA SUSPIRO III / Rio Cumbuco - P. do Leste;RIO CUMBUCO;;-15,223100;-53,966700;30,95;197,69;0;jusante;;;;;;sqlite:sis_cloud_seed.db:ana_estacoes;sqlite:sis_cloud_seed.db:ana_telemetria;
30960;Barramento - Fazenda Progresso I e II;Primavera do Leste;0;3;26033900;ÁGUAS CLARAS;RIO DAS MORTES ;;-15,305000;-54,186400;34,99;176,82;0;jusante;;;;;;sqlite:sis_cloud_seed.db:ana_estacoes;sqlite:sis_cloud_seed.db:ana_telemetria;
243;Barramento Fazenda Maranata e Maranata II;Primavera do Leste;0;1;26033900;ÁGUAS CLARAS;RIO DAS MORTES ;;-15,305000;-54,186400;17,92;176,82;0;montante;;;;;;sqlite:sis_cloud_seed.db:ana_estacoes;sqlite:sis_cloud_seed.db:ana_telemetria;
243;Barramento Fazenda Maranata e Maranata II;Primavera do Leste;0;2;26033800;PCH PRIMAVERA JUSANTE;RIO DAS MORTES ;;-15,371700;-54,383600;25,95;158,94;0;montante;;;;;;sqlite:sis_cloud_seed.db:ana_estacoes;sqlite:sis_cloud_seed.db:ana_telemetria;
243;Barramento Fazenda Maranata e Maranata II;Primavera do Leste;0;3;26033750;PCH PRIMAVERA BARRAMENTO;RIO DAS MORTES ;;-15,380000;-54,413600;28,61;156,25;0;montante;;;;;;sqlite:sis_cloud_seed.db:ana_estacoes;sqlite:sis_cloud_seed.db:ana_telemetria;
331;Barramento I (montante)  Fazenda São Domingos;Primavera do Leste;0;1;26033750;PCH PRIMAVERA BARRAMENTO;RIO DAS MORTES ;;-15,380000;-54,413600;11,31;156,25;0;jusante;;;;;;sqlite:sis_cloud_seed.db:ana_estacoes;sqlite:sis_cloud_seed.db:ana_telemetria;
331;Barramento I (montante)  Fazenda São Domingos;Primavera do Leste;0;2;26033700;PCH PRIMAVERA MONTANTE 1;RIO DAS MORTES ;;-15,407200;-54,432200;12,65;155,50;0;jusante;;;;;;sqlite:sis_cloud_seed.db:ana_estacoes;sqlite:sis_cloud_seed.db:ana_telemetria;
331;Barramento I (montante)  Fazenda São Domingos;Primavera do Leste;0;3;26033800;PCH PRIMAVERA JUSANTE;RIO DAS MORTES ;;-15,371700;-54,383600;13,18;158,94;0;jusante;;;;;;sqlite:sis_cloud_seed.db:ana_estacoes;sqlite:sis_cloud_seed.db:ana_telemetria;
330;Barramento I (montante) ?  Fazenda São Domingos;Primavera do Leste;0;1;26033750;PCH PRIMAVERA BARRAMENTO;RIO DAS MORTES ;;-15,380000;-54,413600;9,91;156,25;0;jusante;;;;;;sqlite:sis_cloud_seed.db:ana_estacoes;sqlite:sis_cloud_seed.db:ana_telemetria;
330;Barramento I (montante) ?  Fazenda São Domingos;Primavera do Leste;0;2;26033800;PCH PRIMAVERA JUSANTE;RIO DAS MORTES ;;-15,371700;-54,383600;10,63;158,94;0;jusante;;;;;;sqlite:sis_cloud_seed.db:ana_estacoes;sqlite:sis_cloud_seed.db:ana_telemetria;
330;Barramento I (montante) ?  Fazenda São Domingos;Primavera do Leste;0;3;26033700;PCH PRIMAVERA MONTANTE 1;RIO DAS MORTES ;;-15,407200;-54,432200;12,45;155,50;0;jusante;;;;;;sqlite:sis_cloud_seed.db:ana_estacoes;sqlite:sis_cloud_seed.db:ana_telemetria;
36004;Barramento II - Fazenda São Domingos;Primavera do Leste;0;1;26033750;PCH PRIMAVERA BARRAMENTO;RIO DAS MORTES ;;-15,380000;-54,413600;9,50;156,25;0;jusante;;;;;;sqlite:sis_cloud_seed.db:ana_estacoes;sqlite:sis_cloud_seed.db:ana_telemetria;
36004;Barramento II - Fazenda São Domingos;Primavera do Leste;0;2;26033800;PCH PRIMAVERA JUSANTE;RIO DAS MORTES ;;-15,371700;-54,383600;10,11;158,94;0;jusante;;;;;;sqlite:sis_cloud_seed.db:ana_estacoes;sqlite:sis_cloud_seed.db:ana_telemetria;
36004;Barramento II - Fazenda São Domingos;Primavera do Leste;0;3;26033700;PCH PRIMAVERA MONTANTE 1;RIO DAS MORTES ;;-15,407200;-54,432200;12,14;155,50;0;jusante;;;;;;sqlite:sis_cloud_seed.db:ana_estacoes;sqlite:sis_cloud_seed.db:ana_telemetria;
36332;Barramento II ? Fazenda São Domingos;Primavera do Leste;0;1;26033750;PCH PRIMAVERA BARRAMENTO;RIO DAS MORTES ;;-15,380000;-54,413600;11,84;156,25;0;jusante;;;;;;sqlite:sis_cloud_seed.db:ana_estacoes;sqlite:sis_cloud_seed.db:ana_telemetria;
36332;Barramento II ? Fazenda São Domingos;Primavera do Leste;0;2;26033700;PCH PRIMAVERA MONTANTE 1;RIO DAS MORTES ;;-15,407200;-54,432200;12,96;155,50;0;jusante;;;;;;sqlite:sis_cloud_seed.db:ana_estacoes;sqlite:sis_cloud_seed.db:ana_telemetria;
36332;Barramento II ? Fazenda São Domingos;Primavera do Leste;0;3;26033800;PCH PRIMAVERA JUSANTE;RIO DAS MORTES ;;-15,371700;-54,383600;13,85;158,94;0;jusante;;;;;;sqlite:sis_cloud_seed.db:ana_estacoes;sqlite:sis_cloud_seed.db:ana_telemetria;
36005;Barramento III (montante) ? Fazenda São Domingos;Primavera do Leste;0;1;26033750;PCH PRIMAVERA BARRAMENTO;RIO DAS MORTES ;;-15,380000;-54,413600;10,20;156,25;0;jusante;;;;;;sqlite:sis_cloud_seed.db:ana_estacoes;sqlite:sis_cloud_seed.db:ana_telemetria;
36005;Barramento III (montante) ? Fazenda São Domingos;Primavera do Leste;0;2;26033800;PCH PRIMAVERA JUSANTE;RIO DAS MORTES ;;-15,371700;-54,383600;11,06;158,94;0;jusante;;;;;;sqlite:sis_cloud_seed.db:ana_estacoes;sqlite:sis_cloud_seed.db:ana_telemetria;
36005;Barramento III (montante) ? Fazenda São Domingos;Primavera do Leste;0;3;26033700;PCH PRIMAVERA MONTANTE 1;RIO DAS MORTES ;;-15,407200;-54,432200;12,61;155,50;0;jusante;;;;;;sqlite:sis_cloud_seed.db:ana_estacoes;sqlite:sis_cloud_seed.db:ana_telemetria;
36335;Barramento III? Fazenda São Domingos;Primavera do Leste;0;1;26033750;PCH PRIMAVERA BARRAMENTO;RIO DAS MORTES ;;-15,380000;-54,413600;11,00;156,25;0;jusante;;;;;;sqlite:sis_cloud_seed.db:ana_estacoes;sqlite:sis_cloud_seed.db:ana_telemetria;
36335;Barramento III? Fazenda São Domingos;Primavera do Leste;0;2;26033700;PCH PRIMAVERA MONTANTE 1;RIO DAS MORTES ;;-15,407200;-54,432200;12,63;155,50;0;jusante;;;;;;sqlite:sis_cloud_seed.db:ana_estacoes;sqlite:sis_cloud_seed.db:ana_telemetria;
36335;Barramento III? Fazenda São Domingos;Primavera do Leste;0;3;26033800;PCH PRIMAVERA JUSANTE;RIO DAS MORTES ;;-15,371700;-54,383600;12,63;158,94;0;jusante;;;;;;sqlite:sis_cloud_seed.db:ana_estacoes;sqlite:sis_cloud_seed.db:ana_telemetria;
35175;Fazenda Massapé - Barramento (principal);Primavera do Leste;0;1;26033900;ÁGUAS CLARAS;RIO DAS MORTES ;;-15,305000;-54,186400;11,63;176,82;0;local;;;;;;sqlite:sis_cloud_seed.db:ana_estacoes;sqlite:sis_cloud_seed.db:ana_telemetria;
35175;Fazenda Massapé - Barramento (principal);Primavera do Leste;0;2;26033800;PCH PRIMAVERA JUSANTE;RIO DAS MORTES ;;-15,371700;-54,383600;14,06;158,94;0;jusante;;;;;;sqlite:sis_cloud_seed.db:ana_estacoes;sqlite:sis_cloud_seed.db:ana_telemetria;
35175;Fazenda Massapé - Barramento (principal);Primavera do Leste;0;3;26033750;PCH PRIMAVERA BARRAMENTO;RIO DAS MORTES ;;-15,380000;-54,413600;17,05;156,25;0;jusante;;;;;;sqlite:sis_cloud_seed.db:ana_estacoes;sqlite:sis_cloud_seed.db:ana_telemetria;
219;Fazenda Santa Maria;Primavera do Leste;0;1;26033900;ÁGUAS CLARAS;RIO DAS MORTES ;;-15,305000;-54,186400;18,00;176,82;0;montante;;;;;;sqlite:sis_cloud_seed.db:ana_estacoes;sqlite:sis_cloud_seed.db:ana_telemetria;
219;Fazenda Santa Maria;Primavera do Leste;0;2;26033800;PCH PRIMAVERA JUSANTE;RIO DAS MORTES ;;-15,371700;-54,383600;26,86;158,94;0;montante;;;;;;sqlite:sis_cloud_seed.db:ana_estacoes;sqlite:sis_cloud_seed.db:ana_telemetria;
219;Fazenda Santa Maria;Primavera do Leste;0;3;26033750;PCH PRIMAVERA BARRAMENTO;RIO DAS MORTES ;;-15,380000;-54,413600;29,56;156,25;0;montante;;;;;;sqlite:sis_cloud_seed.db:ana_estacoes;sqlite:sis_cloud_seed.db:ana_telemetria;
8101;Fazenda São Judas;Primavera do Leste;0;1;26033750;PCH PRIMAVERA BARRAMENTO;RIO DAS MORTES ;;-15,380000;-54,413600;13,66;156,25;0;jusante;;;;;;sqlite:sis_cloud_seed.db:ana_estacoes;sqlite:sis_cloud_seed.db:ana_telemetria;
8101;Fazenda São Judas;Primavera do Leste;0;2;26033800;PCH PRIMAVERA JUSANTE;RIO DAS MORTES ;;-15,371700;-54,383600;14,93;158,94;0;jusante;;;;;;sqlite:sis_cloud_seed.db:ana_estacoes;sqlite:sis_cloud_seed.db:ana_telemetria;
8101;Fazenda São Judas;Primavera do Leste;0;3;26033700;PCH PRIMAVERA MONTANTE 1;RIO DAS MORTES ;;-15,407200;-54,432200;15,52;155,50;0;jusante;;;;;;sqlite:sis_cloud_seed.db:ana_estacoes;sqlite:sis_cloud_seed.db:ana_telemetria;
279;Fazenda São Judas Tadeu;Primavera do Leste;0;1;26033750;PCH PRIMAVERA BARRAMENTO;RIO DAS MORTES ;;-15,380000;-54,413600;14,78;156,25;0;jusante;;;;;;sqlite:sis_cloud_seed.db:ana_estacoes;sqlite:sis_cloud_seed.db:ana_telemetria;
279;Fazenda São Judas Tadeu;Primavera do Leste;0;2;26033800;PCH PRIMAVERA JUSANTE;RIO DAS MORTES ;;-15,371700;-54,383600;16,22;158,94;0;jusante;;;;;;sqlite:sis_cloud_seed.db:ana_estacoes;sqlite:sis_cloud_seed.db:ana_telemetria;
279;Fazenda São Judas Tadeu;Primavera do Leste;0;3;26033700;PCH PRIMAVERA MONTANTE 1;RIO DAS MORTES ;;-15,407200;-54,432200;16,43;155,50;0;jusante;;;;;;sqlite:sis_cloud_seed.db:ana_estacoes;sqlite:sis_cloud_seed.db:ana_telemetria;
8103;Fazenda São Luiz - Barragem 01;Primavera do Leste;0;1;26033750;PCH PRIMAVERA BARRAMENTO;RIO DAS MORTES ;;-15,380000;-54,413600;9,86;156,25;0;jusante;;;;;;sqlite:sis_cloud_seed.db:ana_estacoes;sqlite:sis_cloud_seed.db:ana_telemetria;
8103;Fazenda São Luiz - Barragem 01;Primavera do Leste;0;2;26033800;PCH PRIMAVERA JUSANTE;RIO DAS MORTES ;;-15,371700;-54,383600;10,62;158,94;0;jusante;;;;;;sqlite:sis_cloud_seed.db:ana_estacoes;sqlite:sis_cloud_seed.db:ana_telemetria;
8103;Fazenda São Luiz - Barragem 01;Primavera do Leste;0;3;26033700;PCH PRIMAVERA MONTANTE 1;RIO DAS MORTES ;;-15,407200;-54,432200;12,38;155,50;0;jusante;;;;;;sqlite:sis_cloud_seed.db:ana_estacoes;sqlite:sis_cloud_seed.db:ana_telemetria;
8104;Fazenda São Luiz - Barragem 02;Primavera do Leste;0;1;26033750;PCH PRIMAVERA BARRAMENTO;RIO DAS MORTES ;;-15,380000;-54,413600;9,51;156,25;0;jusante;;;;;;sqlite:sis_cloud_seed.db:ana_estacoes;sqlite:sis_cloud_seed.db:ana_telemetria;
8104;Fazenda São Luiz - Barragem 02;Primavera do Leste;0;2;26033800;PCH PRIMAVERA JUSANTE;RIO DAS MORTES ;;-15,371700;-54,383600;10,12;158,94;0;jusante;;;;;;sqlite:sis_cloud_seed.db:ana_estacoes;sqlite:sis_cloud_seed.db:ana_telemetria;
8104;Fazenda São Luiz - Barragem 02;Primavera do Leste;0;3;26033700;PCH PRIMAVERA MONTANTE 1;RIO DAS MORTES ;;-15,407200;-54,432200;12,15;155,50;0;jusante;;;;;;sqlite:sis_cloud_seed.db:ana_estacoes;sqlite:sis_cloud_seed.db:ana_telemetria;
8100;Fazenda São Luiz - Barragem 03;Primavera do Leste;0;1;26033750;PCH PRIMAVERA BARRAMENTO;RIO DAS MORTES ;;-15,380000;-54,413600;11,81;156,25;0;jusante;;;;;;sqlite:sis_cloud_seed.db:ana_estacoes;sqlite:sis_cloud_seed.db:ana_telemetria;
8100;Fazenda São Luiz - Barragem 03;Primavera do Leste;0;2;26033700;PCH PRIMAVERA MONTANTE 1;RIO DAS MORTES ;;-15,407200;-54,432200;12,93;155,50;0;jusante;;;;;;sqlite:sis_cloud_seed.db:ana_estacoes;sqlite:sis_cloud_seed.db:ana_telemetria;
8100;Fazenda São Luiz - Barragem 03;Primavera do Leste;0;3;26033800;PCH PRIMAVERA JUSANTE;RIO DAS MORTES ;;-15,371700;-54,383600;13,82;158,94;0;jusante;;;;;;sqlite:sis_cloud_seed.db:ana_estacoes;sqlite:sis_cloud_seed.db:ana_telemetria;
8099;Fazenda São Luiz - Barragem 04;Primavera do Leste;0;1;26033750;PCH PRIMAVERA BARRAMENTO;RIO DAS MORTES ;;-15,380000;-54,413600;11,85;156,25;0;jusante;;;;;;sqlite:sis_cloud_seed.db:ana_estacoes;sqlite:sis_cloud_seed.db:ana_telemetria;
8099;Fazenda São Luiz - Barragem 04;Primavera do Leste;0;2;26033700;PCH PRIMAVERA MONTANTE 1;RIO DAS MORTES ;;-15,407200;-54,432200;12,95;155,50;0;jusante;;;;;;sqlite:sis_cloud_seed.db:ana_estacoes;sqlite:sis_cloud_seed.db:ana_telemetria;
8099;Fazenda São Luiz - Barragem 04;Primavera do Leste;0;3;26033800;PCH PRIMAVERA JUSANTE;RIO DAS MORTES ;;-15,371700;-54,383600;13,87;158,94;0;jusante;;;;;;sqlite:sis_cloud_seed.db:ana_estacoes;sqlite:sis_cloud_seed.db:ana_telemetria;
36408;Reservatório artificial - Fazenda Iberê;Primavera do Leste;0;1;26033900;ÁGUAS CLARAS;RIO DAS MORTES ;;-15,305000;-54,186400;14,94;176,82;0;jusante;;;;;;sqlite:sis_cloud_seed.db:ana_estacoes;sqlite:sis_cloud_seed.db:ana_telemetria;
36408;Reservatório artificial - Fazenda Iberê;Primavera do Leste;0;2;26033800;PCH PRIMAVERA JUSANTE;RIO DAS MORTES ;;-15,371700;-54,383600;26,94;158,94;0;jusante;;;;;;sqlite:sis_cloud_seed.db:ana_estacoes;sqlite:sis_cloud_seed.db:ana_telemetria;
36408;Reservatório artificial - Fazenda Iberê;Primavera do Leste;0;3;26034600;FAZENDA SUSPIRO III / Rio Cumbuco - P. do Leste;RIO CUMBUCO;;-15,223100;-53,966700;28,95;197,69;0;jusante;;;;;;sqlite:sis_cloud_seed.db:ana_estacoes;sqlite:sis_cloud_seed.db:ana_telemetria;
35322;Tanque Pulmão - Reservatório 1;Primavera do Leste;0;1;26033700;PCH PRIMAVERA MONTANTE 1;RIO DAS MORTES ;;-15,407200;-54,432200;4,54;155,50;0;local;;;;;;sqlite:sis_cloud_seed.db:ana_estacoes;sqlite:sis_cloud_seed.db:ana_telemetria;
35322;Tanque Pulmão - Reservatório 1;Primavera do Leste;0;2;26033750;PCH PRIMAVERA BARRAMENTO;RIO DAS MORTES ;;-15,380000;-54,413600;5,22;156,25;0;local;;;;;;sqlite:sis_cloud_seed.db:ana_estacoes;sqlite:sis_cloud_seed.db:ana_telemetria;
35322;Tanque Pulmão - Reservatório 1;Primavera do Leste;0;3;26033800;PCH PRIMAVERA JUSANTE;RIO DAS MORTES ;;-15,371700;-54,383600;8,46;158,94;0;local;;;;;;sqlite:sis_cloud_seed.db:ana_estacoes;sqlite:sis_cloud_seed.db:ana_telemetria;
35286;Tanque Pulmão - Reservatório 2;Primavera do Leste;0;1;26033750;PCH PRIMAVERA BARRAMENTO;RIO DAS MORTES ;;-15,380000;-54,413600;5,50;156,25;0;jusante;;;;;;sqlite:sis_cloud_seed.db:ana_estacoes;sqlite:sis_cloud_seed.db:ana_telemetria;
35286;Tanque Pulmão - Reservatório 2;Primavera do Leste;0;2;26033800;PCH PRIMAVERA JUSANTE;RIO DAS MORTES ;;-15,371700;-54,383600;7,20;158,94;0;jusante;;;;;;sqlite:sis_cloud_seed.db:ana_estacoes;sqlite:sis_cloud_seed.db:ana_telemetria;
35286;Tanque Pulmão - Reservatório 2;Primavera do Leste;0;3;26033700;PCH PRIMAVERA MONTANTE 1;RIO DAS MORTES ;;-15,407200;-54,432200;7,73;155,50;0;jusante;;;;;;sqlite:sis_cloud_seed.db:ana_estacoes;sqlite:sis_cloud_seed.db:ana_telemetria;
35083;Tanque Pulmão Trojan;Primavera do Leste;0;1;26033900;ÁGUAS CLARAS;RIO DAS MORTES ;;-15,305000;-54,186400;17,90;176,82;0;jusante;;;;;;sqlite:sis_cloud_seed.db:ana_estacoes;sqlite:sis_cloud_seed.db:ana_telemetria;
35083;Tanque Pulmão Trojan;Primavera do Leste;0;2;26034600;FAZENDA SUSPIRO III / Rio Cumbuco - P. do Leste;RIO CUMBUCO;;-15,223100;-53,966700;22,96;197,69;0;jusante;;;;;;sqlite:sis_cloud_seed.db:ana_estacoes;sqlite:sis_cloud_seed.db:ana_telemetria;
35083;Tanque Pulmão Trojan;Primavera do Leste;0;3;26034700;CGH SUSPIRO JUSANTE;RIO SUSPIRO;;-15,067800;-53,945300;25,10;197,41;0;montante;;;;;;sqlite:sis_cloud_seed.db:ana_estacoes;sqlite:sis_cloud_seed.db:ana_telemetria;
26532;ÁGUAS DE PRIMAVERA LTDA;Primavera do Leste;0;1;26033700;PCH PRIMAVERA MONTANTE 1;RIO DAS MORTES ;;-15,407200;-54,432200;18,92;155,50;0;montante;;;;;;sqlite:sis_cloud_seed.db:ana_estacoes;sqlite:sis_cloud_seed.db:ana_telemetria;
26532;ÁGUAS DE PRIMAVERA LTDA;Primavera do Leste;0;2;26033800;PCH PRIMAVERA JUSANTE;RIO DAS MORTES ;;-15,371700;-54,383600;19,27;158,94;0;montante;;;;;;sqlite:sis_cloud_seed.db:ana_estacoes;sqlite:sis_cloud_seed.db:ana_telemetria;
26532;ÁGUAS DE PRIMAVERA LTDA;Primavera do Leste;0;3;26033750;PCH PRIMAVERA BARRAMENTO;RIO DAS MORTES ;;-15,380000;-54,413600;20,03;156,25;0;montante;;;;;;sqlite:sis_cloud_seed.db:ana_estacoes;sqlite:sis_cloud_seed.db:ana_telemetria;
26239;Barragem Torio 01;Paranaíta;0;1;17382110;UHE TELES PIRES RESERVATÓRIO 17;RIO TELES PIRES (OU SÃO MANUEL);;-9,473600;-56,415800;9,52;580,94;0;montante;;;;;;sqlite:sis_cloud_seed.db:ana_estacoes;sqlite:sis_cloud_seed.db:ana_telemetria;
26239;Barragem Torio 01;Paranaíta;0;2;17382120;UHE TELES PIRES RESERVATÓRIO 16;RIO TELES PIRES (OU SÃO MANUEL);;-9,391400;-56,570600;17,30;590,84;0;montante;;;;;;sqlite:sis_cloud_seed.db:ana_estacoes;sqlite:sis_cloud_seed.db:ana_telemetria;
26239;Barragem Torio 01;Paranaíta;0;3;17382100;UHE TELES PIRES RESERVATÓRIO 18;RIO TELES PIRES (OU SÃO MANUEL);;-9,548300;-56,313300;19,21;572,39;0;local;;;;;;sqlite:sis_cloud_seed.db:ana_estacoes;sqlite:sis_cloud_seed.db:ana_telemetria;
8002;BACIA DE REJEITOS BOM JARDIM;Poconé;0;1;66110010;POCONÉ - RIO BENTO GOMES;RIO BENTO GOMES;;-16,337200;-56,560000;10,50;26,95;0;jusante;;;;;;sqlite:sis_cloud_seed.db:ana_estacoes;sqlite:sis_cloud_seed.db:ana_telemetria;
8002;BACIA DE REJEITOS BOM JARDIM;Poconé;0;2;66340500;POCONÉ - RIO CUIABÁ;RIO CUIABÁ;;-16,513600;-56,375600;37,73;0,10;1;jusante;72,0;;;;2026-09-07 09:45:00;sqlite:sis_cloud_seed.db:ana_estacoes;sqlite:sis_cloud_seed.db:ana_telemetria;contexto_somente
8002;BACIA DE REJEITOS BOM JARDIM;Poconé;0;3;66280000;BARÃO DE MELGAÇO;RIO CUIABÁ;;-16,192800;-55,966900;67,81;0,02;1;montante;;;;;;sqlite:sis_cloud_seed.db:ana_estacoes;sqlite:sis_cloud_seed.db:ana_telemetria;
1279;BARRAGEM T01;Poconé;0;1;66110010;POCONÉ - RIO BENTO GOMES;RIO BENTO GOMES;;-16,337200;-56,560000;17,02;26,95;0;jusante;;;;;;sqlite:sis_cloud_seed.db:ana_estacoes;sqlite:sis_cloud_seed.db:ana_telemetria;
1279;BARRAGEM T01;Poconé;0;2;66340500;POCONÉ - RIO CUIABÁ;RIO CUIABÁ;;-16,513600;-56,375600;43,61;0,10;1;jusante;72,0;;;;2026-09-07 09:45:00;sqlite:sis_cloud_seed.db:ana_estacoes;sqlite:sis_cloud_seed.db:ana_telemetria;contexto_somente
5477;BR ISMAEL;Poconé;0;1;66110010;POCONÉ - RIO BENTO GOMES;RIO BENTO GOMES;;-16,337200;-56,560000;10,60;26,95;0;jusante;;;;;;sqlite:sis_cloud_seed.db:ana_estacoes;sqlite:sis_cloud_seed.db:ana_telemetria;
5477;BR ISMAEL;Poconé;0;2;66340500;POCONÉ - RIO CUIABÁ;RIO CUIABÁ;;-16,513600;-56,375600;37,46;0,10;1;jusante;72,0;;;;2026-09-07 09:45:00;sqlite:sis_cloud_seed.db:ana_estacoes;sqlite:sis_cloud_seed.db:ana_telemetria;contexto_somente
5477;BR ISMAEL;Poconé;0;3;66280000;BARÃO DE MELGAÇO;RIO CUIABÁ;;-16,192800;-55,966900;66,66;0,02;1;montante;;;;;;sqlite:sis_cloud_seed.db:ana_estacoes;sqlite:sis_cloud_seed.db:ana_telemetria;
23798;Barragem 01;Poconé;0;1;66110010;POCONÉ - RIO BENTO GOMES;RIO BENTO GOMES;;-16,337200;-56,560000;14,96;26,95;0;jusante;;;;;;sqlite:sis_cloud_seed.db:ana_estacoes;sqlite:sis_cloud_seed.db:ana_telemetria;
23798;Barragem 01;Poconé;0;2;66340500;POCONÉ - RIO CUIABÁ;RIO CUIABÁ;;-16,513600;-56,375600;42,65;0,10;1;jusante;72,0;;;;2026-09-07 09:45:00;sqlite:sis_cloud_seed.db:ana_estacoes;sqlite:sis_cloud_seed.db:ana_telemetria;contexto_somente
23798;Barragem 01;Poconé;0;3;66280000;BARÃO DE MELGAÇO;RIO CUIABÁ;;-16,192800;-55,966900;75,53;0,02;1;montante;;;;;;sqlite:sis_cloud_seed.db:ana_estacoes;sqlite:sis_cloud_seed.db:ana_telemetria;
23799;Barragem 02;Poconé;0;1;66110010;POCONÉ - RIO BENTO GOMES;RIO BENTO GOMES;;-16,337200;-56,560000;14,73;26,95;0;jusante;;;;;;sqlite:sis_cloud_seed.db:ana_estacoes;sqlite:sis_cloud_seed.db:ana_telemetria;
23799;Barragem 02;Poconé;0;2;66340500;POCONÉ - RIO CUIABÁ;RIO CUIABÁ;;-16,513600;-56,375600;42,43;0,10;1;jusante;72,0;;;;2026-09-07 09:45:00;sqlite:sis_cloud_seed.db:ana_estacoes;sqlite:sis_cloud_seed.db:ana_telemetria;contexto_somente
23799;Barragem 02;Poconé;0;3;66280000;BARÃO DE MELGAÇO;RIO CUIABÁ;;-16,192800;-55,966900;75,36;0,02;1;montante;;;;;;sqlite:sis_cloud_seed.db:ana_estacoes;sqlite:sis_cloud_seed.db:ana_telemetria;
20398;Barragem AFGM GP2;Poconé;0;1;66110010;POCONÉ - RIO BENTO GOMES;RIO BENTO GOMES;;-16,337200;-56,560000;20,46;26,95;0;local;;;;;;sqlite:sis_cloud_seed.db:ana_estacoes;sqlite:sis_cloud_seed.db:ana_telemetria;
20398;Barragem AFGM GP2;Poconé;0;2;66340500;POCONÉ - RIO CUIABÁ;RIO CUIABÁ;;-16,513600;-56,375600;45,93;0,10;1;jusante;72,0;;;;2026-09-07 09:45:00;sqlite:sis_cloud_seed.db:ana_estacoes;sqlite:sis_cloud_seed.db:ana_telemetria;contexto_somente
35939;Barragem Barba 02;Poconé;0;1;66110010;POCONÉ - RIO BENTO GOMES;RIO BENTO GOMES;;-16,337200;-56,560000;13,50;26,95;0;jusante;;;;;;sqlite:sis_cloud_seed.db:ana_estacoes;sqlite:sis_cloud_seed.db:ana_telemetria;
35939;Barragem Barba 02;Poconé;0;2;66340500;POCONÉ - RIO CUIABÁ;RIO CUIABÁ;;-16,513600;-56,375600;41,26;0,10;1;jusante;72,0;;;;2026-09-07 09:45:00;sqlite:sis_cloud_seed.db:ana_estacoes;sqlite:sis_cloud_seed.db:ana_telemetria;contexto_somente
35939;Barragem Barba 02;Poconé;0;3;66280000;BARÃO DE MELGAÇO;RIO CUIABÁ;;-16,192800;-55,966900;73,87;0,02;1;montante;;;;;;sqlite:sis_cloud_seed.db:ana_estacoes;sqlite:sis_cloud_seed.db:ana_telemetria;
21952;Barragem Jatobá;Poconé;0;1;66110010;POCONÉ - RIO BENTO GOMES;RIO BENTO GOMES;;-16,337200;-56,560000;8,22;26,95;0;jusante;;;;;;sqlite:sis_cloud_seed.db:ana_estacoes;sqlite:sis_cloud_seed.db:ana_telemetria;
21952;Barragem Jatobá;Poconé;0;2;66340500;POCONÉ - RIO CUIABÁ;RIO CUIABÁ;;-16,513600;-56,375600;35,71;0,10;1;jusante;72,0;;;;2026-09-07 09:45:00;sqlite:sis_cloud_seed.db:ana_estacoes;sqlite:sis_cloud_seed.db:ana_telemetria;contexto_somente
21952;Barragem Jatobá;Poconé;0;3;66280000;BARÃO DE MELGAÇO;RIO CUIABÁ;;-16,192800;-55,966900;71,65;0,02;1;montante;;;;;;sqlite:sis_cloud_seed.db:ana_estacoes;sqlite:sis_cloud_seed.db:ana_telemetria;
21954;Barragem Magrini;Poconé;0;1;66110010;POCONÉ - RIO BENTO GOMES;RIO BENTO GOMES;;-16,337200;-56,560000;16,19;26,95;0;jusante;;;;;;sqlite:sis_cloud_seed.db:ana_estacoes;sqlite:sis_cloud_seed.db:ana_telemetria;
21954;Barragem Magrini;Poconé;0;2;66340500;POCONÉ - RIO CUIABÁ;RIO CUIABÁ;;-16,513600;-56,375600;43,42;0,10;1;jusante;72,0;;;;2026-09-07 09:45:00;sqlite:sis_cloud_seed.db:ana_estacoes;sqlite:sis_cloud_seed.db:ana_telemetria;contexto_somente
21954;Barragem Magrini;Poconé;0;3;66280000;BARÃO DE MELGAÇO;RIO CUIABÁ;;-16,192800;-55,966900;78,37;0,02;1;montante;;;;;;sqlite:sis_cloud_seed.db:ana_estacoes;sqlite:sis_cloud_seed.db:ana_telemetria;
7996;Barragem T05;Poconé;0;1;66110010;POCONÉ - RIO BENTO GOMES;RIO BENTO GOMES;;-16,337200;-56,560000;16,77;26,95;0;jusante;;;;;;sqlite:sis_cloud_seed.db:ana_estacoes;sqlite:sis_cloud_seed.db:ana_telemetria;
7996;Barragem T05;Poconé;0;2;66340500;POCONÉ - RIO CUIABÁ;RIO CUIABÁ;;-16,513600;-56,375600;43,14;0,10;1;jusante;72,0;;;;2026-09-07 09:45:00;sqlite:sis_cloud_seed.db:ana_estacoes;sqlite:sis_cloud_seed.db:ana_telemetria;contexto_somente
7995;Barragem T06;Poconé;0;1;66110010;POCONÉ - RIO BENTO GOMES;RIO BENTO GOMES;;-16,337200;-56,560000;18,91;26,95;0;jusante;;;;;;sqlite:sis_cloud_seed.db:ana_estacoes;sqlite:sis_cloud_seed.db:ana_telemetria;
7995;Barragem T06;Poconé;0;2;66340500;POCONÉ - RIO CUIABÁ;RIO CUIABÁ;;-16,513600;-56,375600;44,90;0,10;1;jusante;72,0;;;;2026-09-07 09:45:00;sqlite:sis_cloud_seed.db:ana_estacoes;sqlite:sis_cloud_seed.db:ana_telemetria;contexto_somente
26145;Barragem de Rejeitos SB 02;Poconé;0;1;66110010;POCONÉ - RIO BENTO GOMES;RIO BENTO GOMES;;-16,337200;-56,560000;9,56;26,95;0;jusante;;;;;;sqlite:sis_cloud_seed.db:ana_estacoes;sqlite:sis_cloud_seed.db:ana_telemetria;
26145;Barragem de Rejeitos SB 02;Poconé;0;2;66340500;POCONÉ - RIO CUIABÁ;RIO CUIABÁ;;-16,513600;-56,375600;36,86;0,10;1;jusante;72,0;;;;2026-09-07 09:45:00;sqlite:sis_cloud_seed.db:ana_estacoes;sqlite:sis_cloud_seed.db:ana_telemetria;contexto_somente
26145;Barragem de Rejeitos SB 02;Poconé;0;3;66280000;BARÃO DE MELGAÇO;RIO CUIABÁ;;-16,192800;-55,966900;67,61;0,02;1;montante;;;;;;sqlite:sis_cloud_seed.db:ana_estacoes;sqlite:sis_cloud_seed.db:ana_telemetria;
8004;CANGAS;Poconé;0;1;66110010;POCONÉ - RIO BENTO GOMES;RIO BENTO GOMES;;-16,337200;-56,560000;25,21;26,95;0;jusante;;;;;;sqlite:sis_cloud_seed.db:ana_estacoes;sqlite:sis_cloud_seed.db:ana_telemetria;
8004;CANGAS;Poconé;0;2;66340500;POCONÉ - RIO CUIABÁ;RIO CUIABÁ;;-16,513600;-56,375600;49,53;0,10;1;jusante;72,0;;;;2026-09-07 09:45:00;sqlite:sis_cloud_seed.db:ana_estacoes;sqlite:sis_cloud_seed.db:ana_telemetria;contexto_somente
8004;CANGAS;Poconé;0;3;66270000;SANTO ANTÔNIO DO LEVERGER;RIO CUIABÁ;;-15,869700;-56,076100;59,59;0,38;1;montante;;;;;;sqlite:sis_cloud_seed.db:ana_estacoes;sqlite:sis_cloud_seed.db:ana_telemetria;
26629;DIEGO;Poconé;0;1;66110010;POCONÉ - RIO BENTO GOMES;RIO BENTO GOMES;;-16,337200;-56,560000;37,09;26,95;0;jusante;;;;;;sqlite:sis_cloud_seed.db:ana_estacoes;sqlite:sis_cloud_seed.db:ana_telemetria;
26629;DIEGO;Poconé;0;2;66270000;SANTO ANTÔNIO DO LEVERGER;RIO CUIABÁ;;-15,869700;-56,076100;60,43;0,38;1;montante;;;;;;sqlite:sis_cloud_seed.db:ana_estacoes;sqlite:sis_cloud_seed.db:ana_telemetria;
26629;DIEGO;Poconé;0;3;66340500;POCONÉ - RIO CUIABÁ;RIO CUIABÁ;;-16,513600;-56,375600;61,98;0,10;1;jusante;72,0;;;;2026-09-07 09:45:00;sqlite:sis_cloud_seed.db:ana_estacoes;sqlite:sis_cloud_seed.db:ana_telemetria;contexto_somente
792;FRED;Poconé;0;1;66110010;POCONÉ - RIO BENTO GOMES;RIO BENTO GOMES;;-16,337200;-56,560000;31,15;26,95;0;jusante;;;;;;sqlite:sis_cloud_seed.db:ana_estacoes;sqlite:sis_cloud_seed.db:ana_telemetria;
792;FRED;Poconé;0;2;66340500;POCONÉ - RIO CUIABÁ;RIO CUIABÁ;;-16,513600;-56,375600;54,51;0,10;1;jusante;72,0;;;;2026-09-07 09:45:00;sqlite:sis_cloud_seed.db:ana_estacoes;sqlite:sis_cloud_seed.db:ana_telemetria;contexto_somente
792;FRED;Poconé;0;3;66270000;SANTO ANTÔNIO DO LEVERGER;RIO CUIABÁ;;-15,869700;-56,076100;55,93;0,38;1;montante;;;;;;sqlite:sis_cloud_seed.db:ana_estacoes;sqlite:sis_cloud_seed.db:ana_telemetria;
22042;Fazenda Nova;Poconé;0;1;66110010;POCONÉ - RIO BENTO GOMES;RIO BENTO GOMES;;-16,337200;-56,560000;24,13;26,95;0;jusante;;;;;;sqlite:sis_cloud_seed.db:ana_estacoes;sqlite:sis_cloud_seed.db:ana_telemetria;
22042;Fazenda Nova;Poconé;0;2;66340500;POCONÉ - RIO CUIABÁ;RIO CUIABÁ;;-16,513600;-56,375600;50,38;0,10;1;jusante;72,0;;;;2026-09-07 09:45:00;sqlite:sis_cloud_seed.db:ana_estacoes;sqlite:sis_cloud_seed.db:ana_telemetria;contexto_somente
20434;Grameiro;Poconé;0;1;66110010;POCONÉ - RIO BENTO GOMES;RIO BENTO GOMES;;-16,337200;-56,560000;30,12;26,95;0;jusante;;;;;;sqlite:sis_cloud_seed.db:ana_estacoes;sqlite:sis_cloud_seed.db:ana_telemetria;
20434;Grameiro;Poconé;0;2;66340500;POCONÉ - RIO CUIABÁ;RIO CUIABÁ;;-16,513600;-56,375600;53,64;0,10;1;jusante;72,0;;;;2026-09-07 09:45:00;sqlite:sis_cloud_seed.db:ana_estacoes;sqlite:sis_cloud_seed.db:ana_telemetria;contexto_somente
20434;Grameiro;Poconé;0;3;66270000;SANTO ANTÔNIO DO LEVERGER;RIO CUIABÁ;;-15,869700;-56,076100;56,55;0,38;1;montante;;;;;;sqlite:sis_cloud_seed.db:ana_estacoes;sqlite:sis_cloud_seed.db:ana_telemetria;
26133;Martins;Poconé;0;1;66110010;POCONÉ - RIO BENTO GOMES;RIO BENTO GOMES;;-16,337200;-56,560000;28,42;26,95;0;jusante;;;;;;sqlite:sis_cloud_seed.db:ana_estacoes;sqlite:sis_cloud_seed.db:ana_telemetria;
26133;Martins;Poconé;0;2;66340500;POCONÉ - RIO CUIABÁ;RIO CUIABÁ;;-16,513600;-56,375600;51,70;0,10;1;jusante;72,0;;;;2026-09-07 09:45:00;sqlite:sis_cloud_seed.db:ana_estacoes;sqlite:sis_cloud_seed.db:ana_telemetria;contexto_somente
26133;Martins;Poconé;0;3;66270000;SANTO ANTÔNIO DO LEVERGER;RIO CUIABÁ;;-15,869700;-56,076100;56,36;0,38;1;montante;;;;;;sqlite:sis_cloud_seed.db:ana_estacoes;sqlite:sis_cloud_seed.db:ana_telemetria;
5436;SANDRO GOMES;Poconé;0;1;66110010;POCONÉ - RIO BENTO GOMES;RIO BENTO GOMES;;-16,337200;-56,560000;18,28;26,95;0;jusante;;;;;;sqlite:sis_cloud_seed.db:ana_estacoes;sqlite:sis_cloud_seed.db:ana_telemetria;
5436;SANDRO GOMES;Poconé;0;2;66340500;POCONÉ - RIO CUIABÁ;RIO CUIABÁ;;-16,513600;-56,375600;44,54;0,10;1;jusante;72,0;;;;2026-09-07 09:45:00;sqlite:sis_cloud_seed.db:ana_estacoes;sqlite:sis_cloud_seed.db:ana_telemetria;contexto_somente
27573;STC03;Poconé;0;1;66110010;POCONÉ - RIO BENTO GOMES;RIO BENTO GOMES;;-16,337200;-56,560000;18,74;26,95;0;jusante;;;;;;sqlite:sis_cloud_seed.db:ana_estacoes;sqlite:sis_cloud_seed.db:ana_telemetria;
27573;STC03;Poconé;0;2;66340500;POCONÉ - RIO CUIABÁ;RIO CUIABÁ;;-16,513600;-56,375600;44,55;0,10;1;jusante;72,0;;;;2026-09-07 09:45:00;sqlite:sis_cloud_seed.db:ana_estacoes;sqlite:sis_cloud_seed.db:ana_telemetria;contexto_somente
37706;Sítio Alegre;Poconé;0;1;66110010;POCONÉ - RIO BENTO GOMES;RIO BENTO GOMES;;-16,337200;-56,560000;73,58;26,95;0;jusante;;;;;;sqlite:sis_cloud_seed.db:ana_estacoes;sqlite:sis_cloud_seed.db:ana_telemetria;
37706;Sítio Alegre;Poconé;0;2;66070004;CÁCERES (DNPVN);RIO PARAGUAI;;-16,076100;-57,702200;74,51;144,70;0;jusante;;;;;;sqlite:sis_cloud_seed.db:ana_estacoes;sqlite:sis_cloud_seed.db:ana_telemetria;
37706;Sítio Alegre;Poconé;0;3;66070004;CÁCERES (DNPVN);RIO PARAGUAI;;-16,076100;-57,702200;74,51;144,70;0;jusante;;;;;;sqlite:sis_cloud_seed.db:ana_estacoes;sqlite:sis_cloud_seed.db:ana_telemetria;
26139;TUPA 2;Poconé;0;1;66110010;POCONÉ - RIO BENTO GOMES;RIO BENTO GOMES;;-16,337200;-56,560000;34,69;26,95;0;jusante;;;;;;sqlite:sis_cloud_seed.db:ana_estacoes;sqlite:sis_cloud_seed.db:ana_telemetria;
26139;TUPA 2;Poconé;0;2;66270000;SANTO ANTÔNIO DO LEVERGER;RIO CUIABÁ;;-15,869700;-56,076100;51,06;0,38;1;montante;;;;;;sqlite:sis_cloud_seed.db:ana_estacoes;sqlite:sis_cloud_seed.db:ana_telemetria;
26139;TUPA 2;Poconé;0;3;66340500;POCONÉ - RIO CUIABÁ;RIO CUIABÁ;;-16,513600;-56,375600;56,39;0,10;1;jusante;72,0;;;;2026-09-07 09:45:00;sqlite:sis_cloud_seed.db:ana_estacoes;sqlite:sis_cloud_seed.db:ana_telemetria;contexto_somente
26140;TUPA 3;Poconé;0;1;66110010;POCONÉ - RIO BENTO GOMES;RIO BENTO GOMES;;-16,337200;-56,560000;35,01;26,95;0;jusante;;;;;;sqlite:sis_cloud_seed.db:ana_estacoes;sqlite:sis_cloud_seed.db:ana_telemetria;
26140;TUPA 3;Poconé;0;2;66270000;SANTO ANTÔNIO DO LEVERGER;RIO CUIABÁ;;-15,869700;-56,076100;50,60;0,38;1;montante;;;;;;sqlite:sis_cloud_seed.db:ana_estacoes;sqlite:sis_cloud_seed.db:ana_telemetria;
26140;TUPA 3;Poconé;0;3;66340500;POCONÉ - RIO CUIABÁ;RIO CUIABÁ;;-16,513600;-56,375600;56,56;0,10;1;jusante;72,0;;;;2026-09-07 09:45:00;sqlite:sis_cloud_seed.db:ana_estacoes;sqlite:sis_cloud_seed.db:ana_telemetria;contexto_somente
34787;Tupa 1;Poconé;0;1;66110010;POCONÉ - RIO BENTO GOMES;RIO BENTO GOMES;;-16,337200;-56,560000;34,75;26,95;0;jusante;;;;;;sqlite:sis_cloud_seed.db:ana_estacoes;sqlite:sis_cloud_seed.db:ana_telemetria;
34787;Tupa 1;Poconé;0;2;66270000;SANTO ANTÔNIO DO LEVERGER;RIO CUIABÁ;;-15,869700;-56,076100;50,44;0,38;1;montante;;;;;;sqlite:sis_cloud_seed.db:ana_estacoes;sqlite:sis_cloud_seed.db:ana_telemetria;
34787;Tupa 1;Poconé;0;3;66340500;POCONÉ - RIO CUIABÁ;RIO CUIABÁ;;-16,513600;-56,375600;56,19;0,10;1;jusante;72,0;;;;2026-09-07 09:45:00;sqlite:sis_cloud_seed.db:ana_estacoes;sqlite:sis_cloud_seed.db:ana_telemetria;contexto_somente
26164;Bacia Grota da Onça;Pontes e Lacerda;0;1;15050001;PONTES E LACERDA;RIO GUAPORÉ;;-15,215300;-59,353900;7,50;309,86;0;montante;;;;;;sqlite:sis_cloud_seed.db:ana_estacoes;sqlite:sis_cloud_seed.db:ana_telemetria;
26164;Bacia Grota da Onça;Pontes e Lacerda;0;2;15045950;PCH NOVA GUAPORÉ BARRAMENTO;RIO GUAPORÉ;;-15,207200;-59,014200;30,24;273,40;0;montante;;;;;;sqlite:sis_cloud_seed.db:ana_estacoes;sqlite:sis_cloud_seed.db:ana_telemetria;
26164;Bacia Grota da Onça;Pontes e Lacerda;0;3;15046000;PCH NOVA GUAPORÉ JUSANTE;RIO GUAPORÉ;;-15,210800;-59,011900;30,43;273,16;0;montante;;;;;;sqlite:sis_cloud_seed.db:ana_estacoes;sqlite:sis_cloud_seed.db:ana_telemetria;
577;Barragem EPP;Pontes e Lacerda;0;1;15050001;PONTES E LACERDA;RIO GUAPORÉ;;-15,215300;-59,353900;18,00;309,86;0;montante;;;;;;sqlite:sis_cloud_seed.db:ana_estacoes;sqlite:sis_cloud_seed.db:ana_telemetria;
577;Barragem EPP;Pontes e Lacerda;0;2;15045950;PCH NOVA GUAPORÉ BARRAMENTO;RIO GUAPORÉ;;-15,207200;-59,014200;30,33;273,40;0;montante;;;;;;sqlite:sis_cloud_seed.db:ana_estacoes;sqlite:sis_cloud_seed.db:ana_telemetria;
577;Barragem EPP;Pontes e Lacerda;0;3;15046000;PCH NOVA GUAPORÉ JUSANTE;RIO GUAPORÉ;;-15,210800;-59,011900;30,34;273,16;0;montante;;;;;;sqlite:sis_cloud_seed.db:ana_estacoes;sqlite:sis_cloud_seed.db:ana_telemetria;
31643;Beariz;Pontes e Lacerda;0;1;15050001;PONTES E LACERDA;RIO GUAPORÉ;;-15,215300;-59,353900;22,17;309,86;0;montante;;;;;;sqlite:sis_cloud_seed.db:ana_estacoes;sqlite:sis_cloud_seed.db:ana_telemetria;
31643;Beariz;Pontes e Lacerda;0;2;15046000;PCH NOVA GUAPORÉ JUSANTE;RIO GUAPORÉ;;-15,210800;-59,011900;42,39;273,16;0;montante;;;;;;sqlite:sis_cloud_seed.db:ana_estacoes;sqlite:sis_cloud_seed.db:ana_telemetria;
31643;Beariz;Pontes e Lacerda;0;3;15045950;PCH NOVA GUAPORÉ BARRAMENTO;RIO GUAPORÉ;;-15,207200;-59,014200;42,40;273,40;0;montante;;;;;;sqlite:sis_cloud_seed.db:ana_estacoes;sqlite:sis_cloud_seed.db:ana_telemetria;
35254;Beariz 2;Pontes e Lacerda;0;1;15050001;PONTES E LACERDA;RIO GUAPORÉ;;-15,215300;-59,353900;22,65;309,86;0;montante;;;;;;sqlite:sis_cloud_seed.db:ana_estacoes;sqlite:sis_cloud_seed.db:ana_telemetria;
35254;Beariz 2;Pontes e Lacerda;0;2;15046000;PCH NOVA GUAPORÉ JUSANTE;RIO GUAPORÉ;;-15,210800;-59,011900;42,78;273,16;0;montante;;;;;;sqlite:sis_cloud_seed.db:ana_estacoes;sqlite:sis_cloud_seed.db:ana_telemetria;
35254;Beariz 2;Pontes e Lacerda;0;3;15045950;PCH NOVA GUAPORÉ BARRAMENTO;RIO GUAPORÉ;;-15,207200;-59,014200;42,79;273,40;0;montante;;;;;;sqlite:sis_cloud_seed.db:ana_estacoes;sqlite:sis_cloud_seed.db:ana_telemetria;
21924;Berion;Pontes e Lacerda;0;1;15050001;PONTES E LACERDA;RIO GUAPORÉ;;-15,215300;-59,353900;9,43;309,86;0;jusante;;;;;;sqlite:sis_cloud_seed.db:ana_estacoes;sqlite:sis_cloud_seed.db:ana_telemetria;
21924;Berion;Pontes e Lacerda;0;2;15045950;PCH NOVA GUAPORÉ BARRAMENTO;RIO GUAPORÉ;;-15,207200;-59,014200;39,23;273,40;0;jusante;;;;;;sqlite:sis_cloud_seed.db:ana_estacoes;sqlite:sis_cloud_seed.db:ana_telemetria;
21924;Berion;Pontes e Lacerda;0;3;15046000;PCH NOVA GUAPORÉ JUSANTE;RIO GUAPORÉ;;-15,210800;-59,011900;39,56;273,16;0;jusante;;;;;;sqlite:sis_cloud_seed.db:ana_estacoes;sqlite:sis_cloud_seed.db:ana_telemetria;
21946;Fortuna;Pontes e Lacerda;0;1;15050001;PONTES E LACERDA;RIO GUAPORÉ;;-15,215300;-59,353900;3,88;309,86;0;jusante;;;;;;sqlite:sis_cloud_seed.db:ana_estacoes;sqlite:sis_cloud_seed.db:ana_telemetria;
21946;Fortuna;Pontes e Lacerda;0;2;15045950;PCH NOVA GUAPORÉ BARRAMENTO;RIO GUAPORÉ;;-15,207200;-59,014200;35,63;273,40;0;local;;;;;;sqlite:sis_cloud_seed.db:ana_estacoes;sqlite:sis_cloud_seed.db:ana_telemetria;
21946;Fortuna;Pontes e Lacerda;0;3;15046000;PCH NOVA GUAPORÉ JUSANTE;RIO GUAPORÉ;;-15,210800;-59,011900;35,91;273,16;0;local;;;;;;sqlite:sis_cloud_seed.db:ana_estacoes;sqlite:sis_cloud_seed.db:ana_telemetria;
35099;LV-01;Pontes e Lacerda;0;1;15050001;PONTES E LACERDA;RIO GUAPORÉ;;-15,215300;-59,353900;21,08;309,86;0;montante;;;;;;sqlite:sis_cloud_seed.db:ana_estacoes;sqlite:sis_cloud_seed.db:ana_telemetria;
35099;LV-01;Pontes e Lacerda;0;2;15046000;PCH NOVA GUAPORÉ JUSANTE;RIO GUAPORÉ;;-15,210800;-59,011900;32,49;273,16;0;montante;;;;;;sqlite:sis_cloud_seed.db:ana_estacoes;sqlite:sis_cloud_seed.db:ana_telemetria;
35099;LV-01;Pontes e Lacerda;0;3;15045950;PCH NOVA GUAPORÉ BARRAMENTO;RIO GUAPORÉ;;-15,207200;-59,014200;32,53;273,40;0;montante;;;;;;sqlite:sis_cloud_seed.db:ana_estacoes;sqlite:sis_cloud_seed.db:ana_telemetria;
37772;Barramento 1 A Montante ? Fazenda Celentano;Porto dos Gaúchos;0;1;17120050;CGH MESTRE FALCÃO JUSANTE;RIBEIRÃO MESTRE FALCÃO;;-11,463300;-57,118300;15,59;371,55;0;local;;;;;;sqlite:sis_cloud_seed.db:ana_estacoes;sqlite:sis_cloud_seed.db:ana_telemetria;
37772;Barramento 1 A Montante ? Fazenda Celentano;Porto dos Gaúchos;0;2;17120200;JUARA - RIO ARINOS;RIO ARINOS;;-11,223900;-57,601900;74,14;412,93;0;montante;246,0;;;;2026-09-07 10:00:00;sqlite:sis_cloud_seed.db:ana_estacoes;sqlite:sis_cloud_seed.db:ana_telemetria;contexto_somente
37771;Barramento Principal ? Fazenda Celentano;Porto dos Gaúchos;0;1;17120050;CGH MESTRE FALCÃO JUSANTE;RIBEIRÃO MESTRE FALCÃO;;-11,463300;-57,118300;15,82;371,55;0;montante;;;;;;sqlite:sis_cloud_seed.db:ana_estacoes;sqlite:sis_cloud_seed.db:ana_telemetria;
37771;Barramento Principal ? Fazenda Celentano;Porto dos Gaúchos;0;2;17120200;JUARA - RIO ARINOS;RIO ARINOS;;-11,223900;-57,601900;74,58;412,93;0;montante;246,0;;;;2026-09-07 10:00:00;sqlite:sis_cloud_seed.db:ana_estacoes;sqlite:sis_cloud_seed.db:ana_telemetria;contexto_somente
35109;BARRAGEM II;Querência;0;1;18428000;SANTA CRUZ DO SUIA;RIO SUIA-MIÇU;;-12,621900;-52,058900;62,03;472,91;0;jusante;;;;;;sqlite:sis_cloud_seed.db:ana_estacoes;sqlite:sis_cloud_seed.db:ana_telemetria;
32118;BARRAGEM NA FAZENDA WENTZ;Querência;0;1;18428000;SANTA CRUZ DO SUIA;RIO SUIA-MIÇU;;-12,621900;-52,058900;39,22;472,91;0;jusante;;;;;;sqlite:sis_cloud_seed.db:ana_estacoes;sqlite:sis_cloud_seed.db:ana_telemetria;
35170;BARRAGEM SÃO JOSÉ I;Querência;0;1;18426200;QUERÊNCIA - RIO SUIÁ MIÇÚ;RIO SUIA-MIÇU;;-13,156900;-52,149700;12,18;435,03;0;jusante;;;;;;sqlite:sis_cloud_seed.db:ana_estacoes;sqlite:sis_cloud_seed.db:ana_telemetria;
35170;BARRAGEM SÃO JOSÉ I;Querência;0;2;18428000;SANTA CRUZ DO SUIA;RIO SUIA-MIÇU;;-12,621900;-52,058900;52,01;472,91;0;montante;;;;;;sqlite:sis_cloud_seed.db:ana_estacoes;sqlite:sis_cloud_seed.db:ana_telemetria;
35650;BARRAGEM SÃO JOSÉ II;Querência;0;1;18426200;QUERÊNCIA - RIO SUIÁ MIÇÚ;RIO SUIA-MIÇU;;-13,156900;-52,149700;13,42;435,03;0;jusante;;;;;;sqlite:sis_cloud_seed.db:ana_estacoes;sqlite:sis_cloud_seed.db:ana_telemetria;
35650;BARRAGEM SÃO JOSÉ II;Querência;0;2;18428000;SANTA CRUZ DO SUIA;RIO SUIA-MIÇU;;-12,621900;-52,058900;56,57;472,91;0;montante;;;;;;sqlite:sis_cloud_seed.db:ana_estacoes;sqlite:sis_cloud_seed.db:ana_telemetria;
35114;BARRAGEM XI - DO PERERECA;Querência;0;1;18428000;SANTA CRUZ DO SUIA;RIO SUIA-MIÇU;;-12,621900;-52,058900;71,14;472,91;0;jusante;;;;;;sqlite:sis_cloud_seed.db:ana_estacoes;sqlite:sis_cloud_seed.db:ana_telemetria;
33359;Barragem Goiana II;Querência;0;1;18428000;SANTA CRUZ DO SUIA;RIO SUIA-MIÇU;;-12,621900;-52,058900;19,79;472,91;0;montante;;;;;;sqlite:sis_cloud_seed.db:ana_estacoes;sqlite:sis_cloud_seed.db:ana_telemetria;
33359;Barragem Goiana II;Querência;0;2;18426200;QUERÊNCIA - RIO SUIÁ MIÇÚ;RIO SUIA-MIÇU;;-13,156900;-52,149700;42,22;435,03;0;jusante;;;;;;sqlite:sis_cloud_seed.db:ana_estacoes;sqlite:sis_cloud_seed.db:ana_telemetria;
31362;Barragem II;Querência;0;1;18428000;SANTA CRUZ DO SUIA;RIO SUIA-MIÇU;;-12,621900;-52,058900;27,22;472,91;0;montante;;;;;;sqlite:sis_cloud_seed.db:ana_estacoes;sqlite:sis_cloud_seed.db:ana_telemetria;
31362;Barragem II;Querência;0;2;18426200;QUERÊNCIA - RIO SUIÁ MIÇÚ;RIO SUIA-MIÇU;;-13,156900;-52,149700;42,04;435,03;0;jusante;;;;;;sqlite:sis_cloud_seed.db:ana_estacoes;sqlite:sis_cloud_seed.db:ana_telemetria;
31363;Barragem III;Querência;0;1;18428000;SANTA CRUZ DO SUIA;RIO SUIA-MIÇU;;-12,621900;-52,058900;28,80;472,91;0;montante;;;;;;sqlite:sis_cloud_seed.db:ana_estacoes;sqlite:sis_cloud_seed.db:ana_telemetria;
31363;Barragem III;Querência;0;2;18426200;QUERÊNCIA - RIO SUIÁ MIÇÚ;RIO SUIA-MIÇU;;-13,156900;-52,149700;42,20;435,03;0;jusante;;;;;;sqlite:sis_cloud_seed.db:ana_estacoes;sqlite:sis_cloud_seed.db:ana_telemetria;
36559;Barragem Lago Bétis;Querência;0;1;18428000;SANTA CRUZ DO SUIA;RIO SUIA-MIÇU;;-12,621900;-52,058900;14,69;472,91;0;local;;;;;;sqlite:sis_cloud_seed.db:ana_estacoes;sqlite:sis_cloud_seed.db:ana_telemetria;
36559;Barragem Lago Bétis;Querência;0;2;18426200;QUERÊNCIA - RIO SUIÁ MIÇÚ;RIO SUIA-MIÇU;;-13,156900;-52,149700;62,11;435,03;0;jusante;;;;;;sqlite:sis_cloud_seed.db:ana_estacoes;sqlite:sis_cloud_seed.db:ana_telemetria;
35568;Barragem Lagoa Dourada;Querência;0;1;18426200;QUERÊNCIA - RIO SUIÁ MIÇÚ;RIO SUIA-MIÇU;;-13,156900;-52,149700;16,33;435,03;0;jusante;;;;;;sqlite:sis_cloud_seed.db:ana_estacoes;sqlite:sis_cloud_seed.db:ana_telemetria;
35568;Barragem Lagoa Dourada;Querência;0;2;18428000;SANTA CRUZ DO SUIA;RIO SUIA-MIÇU;;-12,621900;-52,058900;55,48;472,91;0;montante;;;;;;sqlite:sis_cloud_seed.db:ana_estacoes;sqlite:sis_cloud_seed.db:ana_telemetria;
20116;Faz. Santa Terezinha;Querência;0;1;18428000;SANTA CRUZ DO SUIA;RIO SUIA-MIÇU;;-12,621900;-52,058900;41,49;472,91;0;montante;;;;;;sqlite:sis_cloud_seed.db:ana_estacoes;sqlite:sis_cloud_seed.db:ana_telemetria;
20116;Faz. Santa Terezinha;Querência;0;2;18426200;QUERÊNCIA - RIO SUIÁ MIÇÚ;RIO SUIA-MIÇU;;-13,156900;-52,149700;61,90;435,03;0;jusante;;;;;;sqlite:sis_cloud_seed.db:ana_estacoes;sqlite:sis_cloud_seed.db:ana_telemetria;
35487;Fazenda Aline ? Reservatório Pulmão;Querência;0;1;18428000;SANTA CRUZ DO SUIA;RIO SUIA-MIÇU;;-12,621900;-52,058900;17,93;472,91;0;local;;;;;;sqlite:sis_cloud_seed.db:ana_estacoes;sqlite:sis_cloud_seed.db:ana_telemetria;
35487;Fazenda Aline ? Reservatório Pulmão;Querência;0;2;18426200;QUERÊNCIA - RIO SUIÁ MIÇÚ;RIO SUIA-MIÇU;;-13,156900;-52,149700;58,96;435,03;0;jusante;;;;;;sqlite:sis_cloud_seed.db:ana_estacoes;sqlite:sis_cloud_seed.db:ana_telemetria;
33376;Fazenda Junges;Querência;0;1;18428000;SANTA CRUZ DO SUIA;RIO SUIA-MIÇU;;-12,621900;-52,058900;27,98;472,91;0;montante;;;;;;sqlite:sis_cloud_seed.db:ana_estacoes;sqlite:sis_cloud_seed.db:ana_telemetria;
33376;Fazenda Junges;Querência;0;2;18426200;QUERÊNCIA - RIO SUIÁ MIÇÚ;RIO SUIA-MIÇU;;-13,156900;-52,149700;38,37;435,03;0;jusante;;;;;;sqlite:sis_cloud_seed.db:ana_estacoes;sqlite:sis_cloud_seed.db:ana_telemetria;
362;Fazenda Palmeira;Querência;0;1;18428000;SANTA CRUZ DO SUIA;RIO SUIA-MIÇU;;-12,621900;-52,058900;43,80;472,91;0;jusante;;;;;;sqlite:sis_cloud_seed.db:ana_estacoes;sqlite:sis_cloud_seed.db:ana_telemetria;
28805;Fazenda Roncador;Querência;0;1;18428000;SANTA CRUZ DO SUIA;RIO SUIA-MIÇU;;-12,621900;-52,058900;60,40;472,91;0;jusante;;;;;;sqlite:sis_cloud_seed.db:ana_estacoes;sqlite:sis_cloud_seed.db:ana_telemetria;
35252;Fazenda Roncador - Tanque Pulmão 2;Querência;0;1;18428000;SANTA CRUZ DO SUIA;RIO SUIA-MIÇU;;-12,621900;-52,058900;42,96;472,91;0;jusante;;;;;;sqlite:sis_cloud_seed.db:ana_estacoes;sqlite:sis_cloud_seed.db:ana_telemetria;
35491;Fazenda Schneider - Lote Rural nº69 ? Reservatório Pulmão;Querência;0;1;18428000;SANTA CRUZ DO SUIA;RIO SUIA-MIÇU;;-12,621900;-52,058900;23,92;472,91;0;jusante;;;;;;sqlite:sis_cloud_seed.db:ana_estacoes;sqlite:sis_cloud_seed.db:ana_telemetria;
35491;Fazenda Schneider - Lote Rural nº69 ? Reservatório Pulmão;Querência;0;2;18426200;QUERÊNCIA - RIO SUIÁ MIÇÚ;RIO SUIA-MIÇU;;-13,156900;-52,149700;68,72;435,03;0;jusante;;;;;;sqlite:sis_cloud_seed.db:ana_estacoes;sqlite:sis_cloud_seed.db:ana_telemetria;
35535;Lote Rural N°76;Querência;0;1;18428000;SANTA CRUZ DO SUIA;RIO SUIA-MIÇU;;-12,621900;-52,058900;35,42;472,91;0;montante;;;;;;sqlite:sis_cloud_seed.db:ana_estacoes;sqlite:sis_cloud_seed.db:ana_telemetria;
35535;Lote Rural N°76;Querência;0;2;18426200;QUERÊNCIA - RIO SUIÁ MIÇÚ;RIO SUIA-MIÇU;;-13,156900;-52,149700;35,88;435,03;0;jusante;;;;;;sqlite:sis_cloud_seed.db:ana_estacoes;sqlite:sis_cloud_seed.db:ana_telemetria;
4350;PCH Riacho Preto - PCH RIACHO PRETO;Querência;0;1;18428000;SANTA CRUZ DO SUIA;RIO SUIA-MIÇU;;-12,621900;-52,058900;74,07;472,91;0;jusante;;;;;;sqlite:sis_cloud_seed.db:ana_estacoes;sqlite:sis_cloud_seed.db:ana_telemetria;
31361;Pascoal;Querência;0;1;18428000;SANTA CRUZ DO SUIA;RIO SUIA-MIÇU;;-12,621900;-52,058900;28,28;472,91;0;montante;;;;;;sqlite:sis_cloud_seed.db:ana_estacoes;sqlite:sis_cloud_seed.db:ana_telemetria;
31361;Pascoal;Querência;0;2;18426200;QUERÊNCIA - RIO SUIÁ MIÇÚ;RIO SUIA-MIÇU;;-13,156900;-52,149700;44,22;435,03;0;jusante;;;;;;sqlite:sis_cloud_seed.db:ana_estacoes;sqlite:sis_cloud_seed.db:ana_telemetria;
36666;Reservatório Goiana I;Querência;0;1;18428000;SANTA CRUZ DO SUIA;RIO SUIA-MIÇU;;-12,621900;-52,058900;22,39;472,91;0;montante;;;;;;sqlite:sis_cloud_seed.db:ana_estacoes;sqlite:sis_cloud_seed.db:ana_telemetria;
36666;Reservatório Goiana I;Querência;0;2;18426200;QUERÊNCIA - RIO SUIÁ MIÇÚ;RIO SUIA-MIÇU;;-13,156900;-52,149700;40,24;435,03;0;jusante;;;;;;sqlite:sis_cloud_seed.db:ana_estacoes;sqlite:sis_cloud_seed.db:ana_telemetria;
36633;Reservatório São Matheus;Querência;0;1;18428000;SANTA CRUZ DO SUIA;RIO SUIA-MIÇU;;-12,621900;-52,058900;24,22;472,91;0;jusante;;;;;;sqlite:sis_cloud_seed.db:ana_estacoes;sqlite:sis_cloud_seed.db:ana_telemetria;
35105;Roncador VI SEDE;Querência;0;1;18428000;SANTA CRUZ DO SUIA;RIO SUIA-MIÇU;;-12,621900;-52,058900;57,23;472,91;0;jusante;;;;;;sqlite:sis_cloud_seed.db:ana_estacoes;sqlite:sis_cloud_seed.db:ana_telemetria;
34508;Santa Terezinha;Querência;0;1;18428000;SANTA CRUZ DO SUIA;RIO SUIA-MIÇU;;-12,621900;-52,058900;24,09;472,91;0;jusante;;;;;;sqlite:sis_cloud_seed.db:ana_estacoes;sqlite:sis_cloud_seed.db:ana_telemetria;
35257;Tanque Pulmão Agropecuária Roncador;Querência;0;1;18428000;SANTA CRUZ DO SUIA;RIO SUIA-MIÇU;;-12,621900;-52,058900;39,19;472,91;0;jusante;;;;;;sqlite:sis_cloud_seed.db:ana_estacoes;sqlite:sis_cloud_seed.db:ana_telemetria;
37430;Barramento Caxambu II;Querência;0;1;18428000;SANTA CRUZ DO SUIA;RIO SUIA-MIÇU;;-12,621900;-52,058900;20,68;472,91;0;montante;;;;;;sqlite:sis_cloud_seed.db:ana_estacoes;sqlite:sis_cloud_seed.db:ana_telemetria;
37430;Barramento Caxambu II;Querência;0;2;18426200;QUERÊNCIA - RIO SUIÁ MIÇÚ;RIO SUIA-MIÇU;;-13,156900;-52,149700;51,05;435,03;0;jusante;;;;;;sqlite:sis_cloud_seed.db:ana_estacoes;sqlite:sis_cloud_seed.db:ana_telemetria;
32071;BARRAGEM 03;Ribeirão Cascalheira;0;1;18428000;SANTA CRUZ DO SUIA;RIO SUIA-MIÇU;;-12,621900;-52,058900;23,90;472,91;0;local;;;;;;sqlite:sis_cloud_seed.db:ana_estacoes;sqlite:sis_cloud_seed.db:ana_telemetria;
32071;BARRAGEM 03;Ribeirão Cascalheira;0;2;26310000;FAZENDA RANCHO ALTO;RIO MURERE;;-12,331700;-51,333100;62,66;556,90;0;montante;;;;;;sqlite:sis_cloud_seed.db:ana_estacoes;sqlite:sis_cloud_seed.db:ana_telemetria;
32071;BARRAGEM 03;Ribeirão Cascalheira;0;3;26070000;FAZENDA SÃO JOÃO;RIO SÃO JOÃO GRANDE;;-12,918500;-51,330000;65,52;526,54;0;jusante;;;;;;sqlite:sis_cloud_seed.db:ana_estacoes;sqlite:sis_cloud_seed.db:ana_telemetria;
36570;BARRAGEM I;Ribeirão Cascalheira;0;1;26310000;FAZENDA RANCHO ALTO;RIO MURERE;;-12,331700;-51,333100;38,04;556,90;0;montante;;;;;;sqlite:sis_cloud_seed.db:ana_estacoes;sqlite:sis_cloud_seed.db:ana_telemetria;
36570;BARRAGEM I;Ribeirão Cascalheira;0;2;26070000;FAZENDA SÃO JOÃO;RIO SÃO JOÃO GRANDE;;-12,918500;-51,330000;38,43;526,54;0;jusante;;;;;;sqlite:sis_cloud_seed.db:ana_estacoes;sqlite:sis_cloud_seed.db:ana_telemetria;
36570;BARRAGEM I;Ribeirão Cascalheira;0;3;18428000;SANTA CRUZ DO SUIA;RIO SUIA-MIÇU;;-12,621900;-52,058900;58,98;472,91;0;local;;;;;;sqlite:sis_cloud_seed.db:ana_estacoes;sqlite:sis_cloud_seed.db:ana_telemetria;
20118;Barragem 1 na Fazenda São João;Ribeirão Cascalheira;0;1;18428000;SANTA CRUZ DO SUIA;RIO SUIA-MIÇU;;-12,621900;-52,058900;28,68;472,91;0;local;;;;;;sqlite:sis_cloud_seed.db:ana_estacoes;sqlite:sis_cloud_seed.db:ana_telemetria;
20118;Barragem 1 na Fazenda São João;Ribeirão Cascalheira;0;2;26310000;FAZENDA RANCHO ALTO;RIO MURERE;;-12,331700;-51,333100;59,72;556,90;0;montante;;;;;;sqlite:sis_cloud_seed.db:ana_estacoes;sqlite:sis_cloud_seed.db:ana_telemetria;
20118;Barragem 1 na Fazenda São João;Ribeirão Cascalheira;0;3;26070000;FAZENDA SÃO JOÃO;RIO SÃO JOÃO GRANDE;;-12,918500;-51,330000;60,09;526,54;0;jusante;;;;;;sqlite:sis_cloud_seed.db:ana_estacoes;sqlite:sis_cloud_seed.db:ana_telemetria;
26401;Barragem Principal na Fazenda Campo Claro;Ribeirão Cascalheira;0;1;18428000;SANTA CRUZ DO SUIA;RIO SUIA-MIÇU;;-12,621900;-52,058900;31,89;472,91;0;montante;;;;;;sqlite:sis_cloud_seed.db:ana_estacoes;sqlite:sis_cloud_seed.db:ana_telemetria;
26401;Barragem Principal na Fazenda Campo Claro;Ribeirão Cascalheira;0;2;26070000;FAZENDA SÃO JOÃO;RIO SÃO JOÃO GRANDE;;-12,918500;-51,330000;54,63;526,54;0;jusante;;;;;;sqlite:sis_cloud_seed.db:ana_estacoes;sqlite:sis_cloud_seed.db:ana_telemetria;
26401;Barragem Principal na Fazenda Campo Claro;Ribeirão Cascalheira;0;3;26310000;FAZENDA RANCHO ALTO;RIO MURERE;;-12,331700;-51,333100;61,47;556,90;0;montante;;;;;;sqlite:sis_cloud_seed.db:ana_estacoes;sqlite:sis_cloud_seed.db:ana_telemetria;
35389;Fazenda Campo Forte I, II, III e IV;Ribeirão Cascalheira;0;1;26070000;FAZENDA SÃO JOÃO;RIO SÃO JOÃO GRANDE;;-12,918500;-51,330000;38,47;526,54;0;jusante;;;;;;sqlite:sis_cloud_seed.db:ana_estacoes;sqlite:sis_cloud_seed.db:ana_telemetria;
35389;Fazenda Campo Forte I, II, III e IV;Ribeirão Cascalheira;0;2;18428000;SANTA CRUZ DO SUIA;RIO SUIA-MIÇU;;-12,621900;-52,058900;47,69;472,91;0;montante;;;;;;sqlite:sis_cloud_seed.db:ana_estacoes;sqlite:sis_cloud_seed.db:ana_telemetria;
35389;Fazenda Campo Forte I, II, III e IV;Ribeirão Cascalheira;0;3;26310000;FAZENDA RANCHO ALTO;RIO MURERE;;-12,331700;-51,333100;56,97;556,90;0;montante;;;;;;sqlite:sis_cloud_seed.db:ana_estacoes;sqlite:sis_cloud_seed.db:ana_telemetria;
30798;Fazenda Furnas;Ribeirão Cascalheira;0;1;18428000;SANTA CRUZ DO SUIA;RIO SUIA-MIÇU;;-12,621900;-52,058900;34,48;472,91;0;local;;;;;;sqlite:sis_cloud_seed.db:ana_estacoes;sqlite:sis_cloud_seed.db:ana_telemetria;
30798;Fazenda Furnas;Ribeirão Cascalheira;0;2;26310000;FAZENDA RANCHO ALTO;RIO MURERE;;-12,331700;-51,333100;53,56;556,90;0;montante;;;;;;sqlite:sis_cloud_seed.db:ana_estacoes;sqlite:sis_cloud_seed.db:ana_telemetria;
30798;Fazenda Furnas;Ribeirão Cascalheira;0;3;26070000;FAZENDA SÃO JOÃO;RIO SÃO JOÃO GRANDE;;-12,918500;-51,330000;56,91;526,54;0;jusante;;;;;;sqlite:sis_cloud_seed.db:ana_estacoes;sqlite:sis_cloud_seed.db:ana_telemetria;
35824;Fazenda Três Marias ? Barramento;Ribeirão Cascalheira;0;1;18428000;SANTA CRUZ DO SUIA;RIO SUIA-MIÇU;;-12,621900;-52,058900;28,65;472,91;0;local;;;;;;sqlite:sis_cloud_seed.db:ana_estacoes;sqlite:sis_cloud_seed.db:ana_telemetria;
35824;Fazenda Três Marias ? Barramento;Ribeirão Cascalheira;0;2;26310000;FAZENDA RANCHO ALTO;RIO MURERE;;-12,331700;-51,333100;58,13;556,90;0;montante;;;;;;sqlite:sis_cloud_seed.db:ana_estacoes;sqlite:sis_cloud_seed.db:ana_telemetria;
35824;Fazenda Três Marias ? Barramento;Ribeirão Cascalheira;0;3;26070000;FAZENDA SÃO JOÃO;RIO SÃO JOÃO GRANDE;;-12,918500;-51,330000;62,16;526,54;0;jusante;;;;;;sqlite:sis_cloud_seed.db:ana_estacoes;sqlite:sis_cloud_seed.db:ana_telemetria;
33360;Três Marias II;Ribeirão Cascalheira;0;1;18428000;SANTA CRUZ DO SUIA;RIO SUIA-MIÇU;;-12,621900;-52,058900;25,79;472,91;0;local;;;;;;sqlite:sis_cloud_seed.db:ana_estacoes;sqlite:sis_cloud_seed.db:ana_telemetria;
33360;Três Marias II;Ribeirão Cascalheira;0;2;26310000;FAZENDA RANCHO ALTO;RIO MURERE;;-12,331700;-51,333100;61,41;556,90;0;montante;;;;;;sqlite:sis_cloud_seed.db:ana_estacoes;sqlite:sis_cloud_seed.db:ana_telemetria;
33360;Três Marias II;Ribeirão Cascalheira;0;3;26070000;FAZENDA SÃO JOÃO;RIO SÃO JOÃO GRANDE;;-12,918500;-51,330000;63,37;526,54;0;jusante;;;;;;sqlite:sis_cloud_seed.db:ana_estacoes;sqlite:sis_cloud_seed.db:ana_telemetria;
4548;PCH São Domingos (Torixoréo) - Torixoréo;Ribeirãozinho;0;1;24180070;PCH SÃO DOMINGOS BARRAMENTO;RIO SÃO DOMINGOS;;-16,299400;-52,704700;0,30;339,76;0;local;;;;;;sqlite:sis_cloud_seed.db:ana_estacoes;sqlite:sis_cloud_seed.db:ana_telemetria;
4548;PCH São Domingos (Torixoréo) - Torixoréo;Ribeirãozinho;0;2;24180080;PCH SÃO DOMINGOS JUSANTE;RIO SÃO DOMINGOS;;-16,298600;-52,702800;0,52;339,96;0;local;;;;;;sqlite:sis_cloud_seed.db:ana_estacoes;sqlite:sis_cloud_seed.db:ana_telemetria;
4548;PCH São Domingos (Torixoréo) - Torixoréo;Ribeirãozinho;0;3;24180050;PCH SÃO DOMINGOS MONTANTE 1;RIO SÃO DOMINGOS;;-16,305600;-52,709700;0,70;339,27;0;local;;;;;;sqlite:sis_cloud_seed.db:ana_estacoes;sqlite:sis_cloud_seed.db:ana_telemetria;
5317;Planta;Rio Branco;0;1;66073000;ARAPUTANGA;RIBEIRÃO DAS PITAS;;-15,466900;-58,356400;23,96;206,16;0;jusante;;;;;;sqlite:sis_cloud_seed.db:ana_estacoes;sqlite:sis_cloud_seed.db:ana_telemetria;
5317;Planta;Rio Branco;0;2;66064000;ESTRADA MT-125;RIO CABAÇAL;;-15,468900;-57,894000;28,12;157,77;0;jusante;;;;;;sqlite:sis_cloud_seed.db:ana_estacoes;sqlite:sis_cloud_seed.db:ana_telemetria;
5317;Planta;Rio Branco;0;3;66064500;RESERVA DO CABAÇAL;RIO CABAÇAL;;-15,129700;-58,377200;38,69;204,90;0;montante;;;;;;sqlite:sis_cloud_seed.db:ana_estacoes;sqlite:sis_cloud_seed.db:ana_telemetria;
23871;Massa d'Água #243819;Rondolândia;0;1;15558200;CACOAL;RIO PIRARARA;;-11,444400;-61,440800;62,03;661,43;0;jusante;;;;;2026-09-07 10:15:00;sqlite:sis_cloud_seed.db:ana_estacoes;sqlite:sis_cloud_seed.db:ana_telemetria;
23878;Massa d'Água #243864;Rondolândia;0;1;15558200;CACOAL;RIO PIRARARA;;-11,444400;-61,440800;52,60;661,43;0;jusante;;;;;2026-09-07 10:15:00;sqlite:sis_cloud_seed.db:ana_estacoes;sqlite:sis_cloud_seed.db:ana_telemetria;
21002;Sítio Santa Helena;Rondolândia;0;1;15558200;CACOAL;RIO PIRARARA;;-11,444400;-61,440800;61,70;661,43;0;jusante;;;;;2026-09-07 10:15:00;sqlite:sis_cloud_seed.db:ana_estacoes;sqlite:sis_cloud_seed.db:ana_telemetria;
33949;Barragem I Fazenda Talismã;Rondonópolis;0;1;66450010;RONDONÓPOLIS;RIO VERMELHO;;-16,480600;-54,653600;6,90;137,49;0;montante;;;;;;sqlite:sis_cloud_seed.db:ana_estacoes;sqlite:sis_cloud_seed.db:ana_telemetria;
33949;Barragem I Fazenda Talismã;Rondonópolis;0;2;66454900;PCH RONDONÓPOLIS BARRAMENTO;RIBEIRÃO PONTE DA PEDRA;;-16,666900;-54,735600;21,54;132,63;0;jusante;;;;;;sqlite:sis_cloud_seed.db:ana_estacoes;sqlite:sis_cloud_seed.db:ana_telemetria;
33949;Barragem I Fazenda Talismã;Rondonópolis;0;3;66454800;PCH RONDONÓPOLIS MONTANTE;RIBEIRÃO PONTE DA PEDRA;;-16,668900;-54,740300;22,04;132,19;0;jusante;;;;;;sqlite:sis_cloud_seed.db:ana_estacoes;sqlite:sis_cloud_seed.db:ana_telemetria;
35795;Estância Nogueira Agropecuária - Barramento;Rondonópolis;0;1;66450010;RONDONÓPOLIS;RIO VERMELHO;;-16,480600;-54,653600;19,38;137,49;0;jusante;;;;;;sqlite:sis_cloud_seed.db:ana_estacoes;sqlite:sis_cloud_seed.db:ana_telemetria;
35795;Estância Nogueira Agropecuária - Barramento;Rondonópolis;0;2;66429105;JARUDORE;RIO VERMELHO;;-16,213300;-54,300800;31,28;169,12;0;montante;;;;;;sqlite:sis_cloud_seed.db:ana_estacoes;sqlite:sis_cloud_seed.db:ana_telemetria;
35795;Estância Nogueira Agropecuária - Barramento;Rondonópolis;0;3;66454900;PCH RONDONÓPOLIS BARRAMENTO;RIBEIRÃO PONTE DA PEDRA;;-16,666900;-54,735600;37,50;132,63;0;jusante;;;;;;sqlite:sis_cloud_seed.db:ana_estacoes;sqlite:sis_cloud_seed.db:ana_telemetria;
8095;Fazenda Conquista;Rondonópolis;0;1;66454900;PCH RONDONÓPOLIS BARRAMENTO;RIBEIRÃO PONTE DA PEDRA;;-16,666900;-54,735600;10,73;132,63;0;jusante;;;;;;sqlite:sis_cloud_seed.db:ana_estacoes;sqlite:sis_cloud_seed.db:ana_telemetria;
8095;Fazenda Conquista;Rondonópolis;0;2;66454800;PCH RONDONÓPOLIS MONTANTE;RIBEIRÃO PONTE DA PEDRA;;-16,668900;-54,740300;11,18;132,19;0;jusante;;;;;;sqlite:sis_cloud_seed.db:ana_estacoes;sqlite:sis_cloud_seed.db:ana_telemetria;
8095;Fazenda Conquista;Rondonópolis;0;3;66450010;RONDONÓPOLIS;RIO VERMELHO;;-16,480600;-54,653600;11,97;137,49;0;montante;;;;;;sqlite:sis_cloud_seed.db:ana_estacoes;sqlite:sis_cloud_seed.db:ana_telemetria;
8096;Fazenda Guarita;Rondonópolis;0;1;66454900;PCH RONDONÓPOLIS BARRAMENTO;RIBEIRÃO PONTE DA PEDRA;;-16,666900;-54,735600;8,79;132,63;0;jusante;;;;;;sqlite:sis_cloud_seed.db:ana_estacoes;sqlite:sis_cloud_seed.db:ana_telemetria;
8096;Fazenda Guarita;Rondonópolis;0;2;66454800;PCH RONDONÓPOLIS MONTANTE;RIBEIRÃO PONTE DA PEDRA;;-16,668900;-54,740300;9,31;132,19;0;jusante;;;;;;sqlite:sis_cloud_seed.db:ana_estacoes;sqlite:sis_cloud_seed.db:ana_telemetria;
8096;Fazenda Guarita;Rondonópolis;0;3;66453000;PCH ENG. JOSÉ GELÁSIO DA ROCHA BARRAMENTO;RIBEIRÃO PONTE DA PEDRA;;-16,712800;-54,747800;13,46;132,68;0;jusante;;;;;;sqlite:sis_cloud_seed.db:ana_estacoes;sqlite:sis_cloud_seed.db:ana_telemetria;
4211;PCH Engenheiro José Gelásio da Rocha - Barragem Principal;Rondonópolis;0;1;66453000;PCH ENG. JOSÉ GELÁSIO DA ROCHA BARRAMENTO;RIBEIRÃO PONTE DA PEDRA;;-16,712800;-54,747800;0,03;132,68;0;local;;;;;;sqlite:sis_cloud_seed.db:ana_estacoes;sqlite:sis_cloud_seed.db:ana_telemetria;
4211;PCH Engenheiro José Gelásio da Rocha - Barragem Principal;Rondonópolis;0;2;66452500;PCH ENG. JOSÉ GELÁSIO DA ROCHA MONTANTE;RIBEIRÃO PONTE DA PEDRA;;-16,748300;-54,721700;4,85;136,47;0;jusante;;;;;;sqlite:sis_cloud_seed.db:ana_estacoes;sqlite:sis_cloud_seed.db:ana_telemetria;
4211;PCH Engenheiro José Gelásio da Rocha - Barragem Principal;Rondonópolis;0;3;66454800;PCH RONDONÓPOLIS MONTANTE;RIBEIRÃO PONTE DA PEDRA;;-16,668900;-54,740300;4,95;132,19;0;montante;;;;;;sqlite:sis_cloud_seed.db:ana_estacoes;sqlite:sis_cloud_seed.db:ana_telemetria;
23104;PCH Engenheiro José Gelásio da Rocha - Canal de Adução;Rondonópolis;0;1;66453000;PCH ENG. JOSÉ GELÁSIO DA ROCHA BARRAMENTO;RIBEIRÃO PONTE DA PEDRA;;-16,712800;-54,747800;1,30;132,68;0;local;;;;;;sqlite:sis_cloud_seed.db:ana_estacoes;sqlite:sis_cloud_seed.db:ana_telemetria;
23104;PCH Engenheiro José Gelásio da Rocha - Canal de Adução;Rondonópolis;0;2;66454800;PCH RONDONÓPOLIS MONTANTE;RIBEIRÃO PONTE DA PEDRA;;-16,668900;-54,740300;5,34;132,19;0;montante;;;;;;sqlite:sis_cloud_seed.db:ana_estacoes;sqlite:sis_cloud_seed.db:ana_telemetria;
23104;PCH Engenheiro José Gelásio da Rocha - Canal de Adução;Rondonópolis;0;3;66452500;PCH ENG. JOSÉ GELÁSIO DA ROCHA MONTANTE;RIBEIRÃO PONTE DA PEDRA;;-16,748300;-54,721700;5,65;136,47;0;jusante;;;;;;sqlite:sis_cloud_seed.db:ana_estacoes;sqlite:sis_cloud_seed.db:ana_telemetria;
23099;PCH Rondonópolis - Canal de Adução;Rondonópolis;0;1;66454900;PCH RONDONÓPOLIS BARRAMENTO;RIBEIRÃO PONTE DA PEDRA;;-16,666900;-54,735600;0,80;132,63;0;local;;;;;;sqlite:sis_cloud_seed.db:ana_estacoes;sqlite:sis_cloud_seed.db:ana_telemetria;
23099;PCH Rondonópolis - Canal de Adução;Rondonópolis;0;2;66454800;PCH RONDONÓPOLIS MONTANTE;RIBEIRÃO PONTE DA PEDRA;;-16,668900;-54,740300;1,31;132,19;0;local;;;;;;sqlite:sis_cloud_seed.db:ana_estacoes;sqlite:sis_cloud_seed.db:ana_telemetria;
23099;PCH Rondonópolis - Canal de Adução;Rondonópolis;0;3;66453000;PCH ENG. JOSÉ GELÁSIO DA ROCHA BARRAMENTO;RIBEIRÃO PONTE DA PEDRA;;-16,712800;-54,747800;6,02;132,68;0;jusante;;;;;;sqlite:sis_cloud_seed.db:ana_estacoes;sqlite:sis_cloud_seed.db:ana_telemetria;
360;Sítio Boa Vista;Rondonópolis;0;1;66400390;PCH SÃO LOURENÇO JUSANTE;RIO SÃO LOURENÇO;;-16,218900;-54,943100;18,05;100,99;0;local;;;;;;sqlite:sis_cloud_seed.db:ana_estacoes;sqlite:sis_cloud_seed.db:ana_telemetria;
360;Sítio Boa Vista;Rondonópolis;0;2;66400380;PCH SÃO LOURENÇO BARRAMENTO;RIO SÃO LOURENÇO;;-16,216900;-54,943300;18,09;100,94;0;local;;;;;;sqlite:sis_cloud_seed.db:ana_estacoes;sqlite:sis_cloud_seed.db:ana_telemetria;
360;Sítio Boa Vista;Rondonópolis;0;3;66400610;DISTRITO DE FÁTIMA;RIO SÃO LOURENÇO;;-16,315600;-54,945800;20,27;102,71;0;jusante;;;;;;sqlite:sis_cloud_seed.db:ana_estacoes;sqlite:sis_cloud_seed.db:ana_telemetria;
35701;V.S. de Souza & Cia LTDA ? Barramento;Rondonópolis;0;1;66450010;RONDONÓPOLIS;RIO VERMELHO;;-16,480600;-54,653600;8,21;137,49;0;local;;;;;;sqlite:sis_cloud_seed.db:ana_estacoes;sqlite:sis_cloud_seed.db:ana_telemetria;
35701;V.S. de Souza & Cia LTDA ? Barramento;Rondonópolis;0;2;66454900;PCH RONDONÓPOLIS BARRAMENTO;RIBEIRÃO PONTE DA PEDRA;;-16,666900;-54,735600;26,77;132,63;0;jusante;;;;;;sqlite:sis_cloud_seed.db:ana_estacoes;sqlite:sis_cloud_seed.db:ana_telemetria;
35701;V.S. de Souza & Cia LTDA ? Barramento;Rondonópolis;0;3;66454800;PCH RONDONÓPOLIS MONTANTE;RIBEIRÃO PONTE DA PEDRA;;-16,668900;-54,740300;27,26;132,19;0;jusante;;;;;;sqlite:sis_cloud_seed.db:ana_estacoes;sqlite:sis_cloud_seed.db:ana_telemetria;
29888;BARRAGEM FAZENDA PANFLORA;Rosário Oeste;1;1;66007000;SÍTIO JAPUIRA;RIO PARAGUAI;;-14,814800;-56,838700;42,39;43,23;0;montante;;;;;;sqlite:sis_cloud_seed.db:ana_estacoes;sqlite:sis_cloud_seed.db:ana_telemetria;
29888;BARRAGEM FAZENDA PANFLORA;Rosário Oeste;1;2;66244400;NOBRES;RIO CUIABÁ;;-14,756900;-56,306700;45,48;0,25;1;montante;;;;;;sqlite:sis_cloud_seed.db:ana_estacoes;sqlite:sis_cloud_seed.db:ana_telemetria;
29888;BARRAGEM FAZENDA PANFLORA;Rosário Oeste;1;3;66008500;BARRA DO BUGRES - RIO BUGRES;RIO DOS BUGRES;;-14,986700;-57,115800;60,68;70,13;0;montante;;;;;;sqlite:sis_cloud_seed.db:ana_estacoes;sqlite:sis_cloud_seed.db:ana_telemetria;
21949;BARRAGEM ÁGUA BRANCA;Rosário Oeste;1;1;66007000;SÍTIO JAPUIRA;RIO PARAGUAI;;-14,814800;-56,838700;29,44;43,23;0;montante;;;;;;sqlite:sis_cloud_seed.db:ana_estacoes;sqlite:sis_cloud_seed.db:ana_telemetria;
21949;BARRAGEM ÁGUA BRANCA;Rosário Oeste;1;2;66244400;NOBRES;RIO CUIABÁ;;-14,756900;-56,306700;31,69;0,25;1;montante;;;;;;sqlite:sis_cloud_seed.db:ana_estacoes;sqlite:sis_cloud_seed.db:ana_telemetria;
21949;BARRAGEM ÁGUA BRANCA;Rosário Oeste;1;3;66005100;PCH ALTO PARAGUAI JUSANTE;RIO PARAGUAI;;-14,477200;-56,392200;48,74;28,70;0;montante;;;;;;sqlite:sis_cloud_seed.db:ana_estacoes;sqlite:sis_cloud_seed.db:ana_telemetria;
35477;Barramento III - Fazenda São José I;Rosário Oeste;1;1;66140100;BOM JARDIM;RIO CUIABÁ;;-14,576700;-55,842500;8,32;29,09;0;montante;;;;;;sqlite:sis_cloud_seed.db:ana_estacoes;sqlite:sis_cloud_seed.db:ana_telemetria;
35477;Barramento III - Fazenda São José I;Rosário Oeste;1;2;01455013;UHE MANSO MET;;;-14,861400;-55,789400;24,41;1,04;1;jusante;;;400,0;;;sqlite:sis_cloud_seed.db:ana_estacoes;sqlite:sis_cloud_seed.db:ana_telemetria;
35477;Barramento III - Fazenda São José I;Rosário Oeste;1;3;66210000;UHE MANSO JUSANTE;RIO MANSO;;-14,867500;-55,800300;25,03;0,06;1;jusante;294,0;98,00;400,0;0,735;2026-09-07 09:00:00;sqlite:sis_cloud_seed.db:ana_estacoes;sqlite:sis_cloud_seed.db:ana_telemetria;cota_medida
27940;Estância 2R - Retiro Vista Alegre;Rosário Oeste;1;1;66244400;NOBRES;RIO CUIABÁ;;-14,756900;-56,306700;30,62;0,25;1;montante;;;;;;sqlite:sis_cloud_seed.db:ana_estacoes;sqlite:sis_cloud_seed.db:ana_telemetria;
27940;Estância 2R - Retiro Vista Alegre;Rosário Oeste;1;2;66223701;BALNEÁRIO SOBERBO - RIO COXIPÓ-AÇU;RIO COXIPO-AÇU;;-15,195000;-56,000300;38,82;31,48;0;jusante;;;;;;sqlite:sis_cloud_seed.db:ana_estacoes;sqlite:sis_cloud_seed.db:ana_telemetria;
27940;Estância 2R - Retiro Vista Alegre;Rosário Oeste;1;3;66258003;COXIPÓ DO OURO;RIO COXIPO;;-15,448100;-55,985800;58,54;21,03;1;jusante;;;;;;sqlite:sis_cloud_seed.db:ana_estacoes;sqlite:sis_cloud_seed.db:ana_telemetria;
8009;Faz. Dona Leila - Reservatório 12;Rosário Oeste;1;1;66244400;NOBRES;RIO CUIABÁ;;-14,756900;-56,306700;43,01;0,25;1;montante;;;;;;sqlite:sis_cloud_seed.db:ana_estacoes;sqlite:sis_cloud_seed.db:ana_telemetria;
8009;Faz. Dona Leila - Reservatório 12;Rosário Oeste;1;2;66007000;SÍTIO JAPUIRA;RIO PARAGUAI;;-14,814800;-56,838700;49,48;43,23;0;montante;;;;;;sqlite:sis_cloud_seed.db:ana_estacoes;sqlite:sis_cloud_seed.db:ana_telemetria;
8009;Faz. Dona Leila - Reservatório 12;Rosário Oeste;1;3;66223701;BALNEÁRIO SOBERBO - RIO COXIPÓ-AÇU;RIO COXIPO-AÇU;;-15,195000;-56,000300;53,25;31,48;0;jusante;;;;;;sqlite:sis_cloud_seed.db:ana_estacoes;sqlite:sis_cloud_seed.db:ana_telemetria;
8010;Faz. Dona Leila - Reservatório 13;Rosário Oeste;1;1;66244400;NOBRES;RIO CUIABÁ;;-14,756900;-56,306700;42,25;0,25;1;montante;;;;;;sqlite:sis_cloud_seed.db:ana_estacoes;sqlite:sis_cloud_seed.db:ana_telemetria;
8010;Faz. Dona Leila - Reservatório 13;Rosário Oeste;1;2;66007000;SÍTIO JAPUIRA;RIO PARAGUAI;;-14,814800;-56,838700;49,29;43,23;0;montante;;;;;;sqlite:sis_cloud_seed.db:ana_estacoes;sqlite:sis_cloud_seed.db:ana_telemetria;
8010;Faz. Dona Leila - Reservatório 13;Rosário Oeste;1;3;66223701;BALNEÁRIO SOBERBO - RIO COXIPÓ-AÇU;RIO COXIPO-AÇU;;-15,195000;-56,000300;53,07;31,48;0;jusante;;;;;;sqlite:sis_cloud_seed.db:ana_estacoes;sqlite:sis_cloud_seed.db:ana_telemetria;
8013;Faz. Dona Leila - Reservatório 27;Rosário Oeste;0;1;66244400;NOBRES;RIO CUIABÁ;;-14,756900;-56,306700;40,84;0,25;1;montante;;;;;;sqlite:sis_cloud_seed.db:ana_estacoes;sqlite:sis_cloud_seed.db:ana_telemetria;
8013;Faz. Dona Leila - Reservatório 27;Rosário Oeste;0;2;66007000;SÍTIO JAPUIRA;RIO PARAGUAI;;-14,814800;-56,838700;50,07;43,23;0;montante;;;;;;sqlite:sis_cloud_seed.db:ana_estacoes;sqlite:sis_cloud_seed.db:ana_telemetria;
8013;Faz. Dona Leila - Reservatório 27;Rosário Oeste;0;3;66223701;BALNEÁRIO SOBERBO - RIO COXIPÓ-AÇU;RIO COXIPO-AÇU;;-15,195000;-56,000300;51,67;31,48;0;jusante;;;;;;sqlite:sis_cloud_seed.db:ana_estacoes;sqlite:sis_cloud_seed.db:ana_telemetria;
8012;Faz. Dona Leila - Reservatório 28;Rosário Oeste;0;1;66244400;NOBRES;RIO CUIABÁ;;-14,756900;-56,306700;40,88;0,25;1;montante;;;;;;sqlite:sis_cloud_seed.db:ana_estacoes;sqlite:sis_cloud_seed.db:ana_telemetria;
8012;Faz. Dona Leila - Reservatório 28;Rosário Oeste;0;2;66007000;SÍTIO JAPUIRA;RIO PARAGUAI;;-14,814800;-56,838700;49,75;43,23;0;montante;;;;;;sqlite:sis_cloud_seed.db:ana_estacoes;sqlite:sis_cloud_seed.db:ana_telemetria;
8012;Faz. Dona Leila - Reservatório 28;Rosário Oeste;0;3;66223701;BALNEÁRIO SOBERBO - RIO COXIPÓ-AÇU;RIO COXIPO-AÇU;;-15,195000;-56,000300;52,01;31,48;0;jusante;;;;;;sqlite:sis_cloud_seed.db:ana_estacoes;sqlite:sis_cloud_seed.db:ana_telemetria;
8011;Faz. Dona Leila - Reservatório 29;Rosário Oeste;0;1;66244400;NOBRES;RIO CUIABÁ;;-14,756900;-56,306700;40,92;0,25;1;montante;;;;;;sqlite:sis_cloud_seed.db:ana_estacoes;sqlite:sis_cloud_seed.db:ana_telemetria;
8011;Faz. Dona Leila - Reservatório 29;Rosário Oeste;0;2;66007000;SÍTIO JAPUIRA;RIO PARAGUAI;;-14,814800;-56,838700;49,42;43,23;0;montante;;;;;;sqlite:sis_cloud_seed.db:ana_estacoes;sqlite:sis_cloud_seed.db:ana_telemetria;
8011;Faz. Dona Leila - Reservatório 29;Rosário Oeste;0;3;66223701;BALNEÁRIO SOBERBO - RIO COXIPÓ-AÇU;RIO COXIPO-AÇU;;-15,195000;-56,000300;52,35;31,48;0;jusante;;;;;;sqlite:sis_cloud_seed.db:ana_estacoes;sqlite:sis_cloud_seed.db:ana_telemetria;
35147;Fazenda Curió - Barramento 3;Rosário Oeste;1;1;66244400;NOBRES;RIO CUIABÁ;;-14,756900;-56,306700;45,01;0,25;1;montante;;;;;;sqlite:sis_cloud_seed.db:ana_estacoes;sqlite:sis_cloud_seed.db:ana_telemetria;
35147;Fazenda Curió - Barramento 3;Rosário Oeste;1;2;66007000;SÍTIO JAPUIRA;RIO PARAGUAI;;-14,814800;-56,838700;45,96;43,23;0;montante;;;;;;sqlite:sis_cloud_seed.db:ana_estacoes;sqlite:sis_cloud_seed.db:ana_telemetria;
35147;Fazenda Curió - Barramento 3;Rosário Oeste;1;3;66223701;BALNEÁRIO SOBERBO - RIO COXIPÓ-AÇU;RIO COXIPO-AÇU;;-15,195000;-56,000300;57,72;31,48;0;jusante;;;;;;sqlite:sis_cloud_seed.db:ana_estacoes;sqlite:sis_cloud_seed.db:ana_telemetria;
35150;Fazenda Curió - Barramento I;Rosário Oeste;1;1;66007000;SÍTIO JAPUIRA;RIO PARAGUAI;;-14,814800;-56,838700;44,19;43,23;0;montante;;;;;;sqlite:sis_cloud_seed.db:ana_estacoes;sqlite:sis_cloud_seed.db:ana_telemetria;
35150;Fazenda Curió - Barramento I;Rosário Oeste;1;2;66244400;NOBRES;RIO CUIABÁ;;-14,756900;-56,306700;45,83;0,25;1;montante;;;;;;sqlite:sis_cloud_seed.db:ana_estacoes;sqlite:sis_cloud_seed.db:ana_telemetria;
35150;Fazenda Curió - Barramento I;Rosário Oeste;1;3;66223701;BALNEÁRIO SOBERBO - RIO COXIPÓ-AÇU;RIO COXIPO-AÇU;;-15,195000;-56,000300;59,85;31,48;0;jusante;;;;;;sqlite:sis_cloud_seed.db:ana_estacoes;sqlite:sis_cloud_seed.db:ana_telemetria;
5490;Fazenda Dona Leila - RESERVATÓRIO 1;Rosário Oeste;1;1;66244400;NOBRES;RIO CUIABÁ;;-14,756900;-56,306700;44,59;0,25;1;montante;;;;;;sqlite:sis_cloud_seed.db:ana_estacoes;sqlite:sis_cloud_seed.db:ana_telemetria;
5490;Fazenda Dona Leila - RESERVATÓRIO 1;Rosário Oeste;1;2;66007000;SÍTIO JAPUIRA;RIO PARAGUAI;;-14,814800;-56,838700;48,05;43,23;0;montante;;;;;;sqlite:sis_cloud_seed.db:ana_estacoes;sqlite:sis_cloud_seed.db:ana_telemetria;
5490;Fazenda Dona Leila - RESERVATÓRIO 1;Rosário Oeste;1;3;66223701;BALNEÁRIO SOBERBO - RIO COXIPÓ-AÇU;RIO COXIPO-AÇU;;-15,195000;-56,000300;55,49;31,48;0;jusante;;;;;;sqlite:sis_cloud_seed.db:ana_estacoes;sqlite:sis_cloud_seed.db:ana_telemetria;
35396;Fazenda São José;Rosário Oeste;1;1;66140100;BOM JARDIM;RIO CUIABÁ;;-14,576700;-55,842500;11,96;29,09;0;montante;;;;;;sqlite:sis_cloud_seed.db:ana_estacoes;sqlite:sis_cloud_seed.db:ana_telemetria;
35396;Fazenda São José;Rosário Oeste;1;2;01455013;UHE MANSO MET;;;-14,861400;-55,789400;20,25;1,04;1;jusante;;;400,0;;;sqlite:sis_cloud_seed.db:ana_estacoes;sqlite:sis_cloud_seed.db:ana_telemetria;
35396;Fazenda São José;Rosário Oeste;1;3;66210000;UHE MANSO JUSANTE;RIO MANSO;;-14,867500;-55,800300;20,79;0,06;1;jusante;294,0;98,00;400,0;0,735;2026-09-07 09:00:00;sqlite:sis_cloud_seed.db:ana_estacoes;sqlite:sis_cloud_seed.db:ana_telemetria;cota_medida
30922;Barragem na Fazenda Izabel;Rondonópolis;0;1;66523000;UHE ITIQUIRA BARRAMENTO;RIO ITIQUIRA;;-17,090800;-54,831100;4,93;142,28;0;local;;;;;;sqlite:sis_cloud_seed.db:ana_estacoes;sqlite:sis_cloud_seed.db:ana_telemetria;
30922;Barragem na Fazenda Izabel;Rondonópolis;0;2;66525100;UHE ITIQUIRA JUSANTE;RIO ITIQUIRA;;-17,095300;-54,936100;8,06;133,40;0;jusante;;;;;;sqlite:sis_cloud_seed.db:ana_estacoes;sqlite:sis_cloud_seed.db:ana_telemetria;
30922;Barragem na Fazenda Izabel;Rondonópolis;0;3;66522000;UHE ITIQUIRA MONTANTE;RIO ITIQUIRA;;-17,138600;-54,819200;9,81;146,31;0;jusante;;;;;;sqlite:sis_cloud_seed.db:ana_estacoes;sqlite:sis_cloud_seed.db:ana_telemetria;
37441;Fazenda São Francisco;Rondonópolis;0;1;66452500;PCH ENG. JOSÉ GELÁSIO DA ROCHA MONTANTE;RIBEIRÃO PONTE DA PEDRA;;-16,748300;-54,721700;17,70;136,47;0;montante;;;;;;sqlite:sis_cloud_seed.db:ana_estacoes;sqlite:sis_cloud_seed.db:ana_telemetria;
37441;Fazenda São Francisco;Rondonópolis;0;2;66453000;PCH ENG. JOSÉ GELÁSIO DA ROCHA BARRAMENTO;RIBEIRÃO PONTE DA PEDRA;;-16,712800;-54,747800;20,34;132,68;0;montante;;;;;;sqlite:sis_cloud_seed.db:ana_estacoes;sqlite:sis_cloud_seed.db:ana_telemetria;
37441;Fazenda São Francisco;Rondonópolis;0;3;66523000;UHE ITIQUIRA BARRAMENTO;RIO ITIQUIRA;;-17,090800;-54,831100;22,70;142,28;0;jusante;;;;;;sqlite:sis_cloud_seed.db:ana_estacoes;sqlite:sis_cloud_seed.db:ana_telemetria;
8006;VALE DOURADO;Rosário Oeste;1;1;66244400;NOBRES;RIO CUIABÁ;;-14,756900;-56,306700;29,19;0,25;1;montante;;;;;;sqlite:sis_cloud_seed.db:ana_estacoes;sqlite:sis_cloud_seed.db:ana_telemetria;
8006;VALE DOURADO;Rosário Oeste;1;2;66007000;SÍTIO JAPUIRA;RIO PARAGUAI;;-14,814800;-56,838700;29,81;43,23;0;local;;;;;;sqlite:sis_cloud_seed.db:ana_estacoes;sqlite:sis_cloud_seed.db:ana_telemetria;
8006;VALE DOURADO;Rosário Oeste;1;3;66005100;PCH ALTO PARAGUAI JUSANTE;RIO PARAGUAI;;-14,477200;-56,392200;44,69;28,70;0;montante;;;;;;sqlite:sis_cloud_seed.db:ana_estacoes;sqlite:sis_cloud_seed.db:ana_telemetria;
23957;CGH Caramujo - Barramento Caramujo;Salto do Céu;0;1;66057250;CGH CARAMUJO JUSANTE;RIO CARAMUJO;;-14,970300;-58,035600;3,28;168,80;0;local;;;;;;sqlite:sis_cloud_seed.db:ana_estacoes;sqlite:sis_cloud_seed.db:ana_telemetria;
23957;CGH Caramujo - Barramento Caramujo;Salto do Céu;0;2;66052600;PCH GRAÇA BRENNAND BARRAMENTO;RIO JUBA;;-14,795600;-57,970600;19,60;163,10;0;montante;;;;;;sqlite:sis_cloud_seed.db:ana_estacoes;sqlite:sis_cloud_seed.db:ana_telemetria;
23957;CGH Caramujo - Barramento Caramujo;Salto do Céu;0;3;66052800;PCH PAMPEANA BARRAMENTO;RIO JUBA;;-14,828300;-57,911900;20,76;156,43;0;montante;;;;;;sqlite:sis_cloud_seed.db:ana_estacoes;sqlite:sis_cloud_seed.db:ana_telemetria;
36508;Fazenda Santo Antônio;Santa Carmem;0;1;18425200;MT-442 / Rio Tartaruga;RIO TARTARUGA;;-11,927600;-54,998700;31,86;335,96;0;montante;;;;;;sqlite:sis_cloud_seed.db:ana_estacoes;sqlite:sis_cloud_seed.db:ana_telemetria;
36508;Fazenda Santo Antônio;Santa Carmem;0;2;17277000;FAZENDA CERON;RIO CELESTE;;-12,310100;-55,567700;61,62;275,20;0;jusante;300,0;36,91;;;2026-09-07 09:30:00;sqlite:sis_cloud_seed.db:ana_estacoes;sqlite:sis_cloud_seed.db:ana_telemetria;contexto_somente
36508;Fazenda Santo Antônio;Santa Carmem;0;3;17277300;UHE SINOP MONTANTE 1;RIO TELES PIRES (OU SÃO MANUEL);;-12,288100;-55,600800;64,81;276,64;0;jusante;;;;;;sqlite:sis_cloud_seed.db:ana_estacoes;sqlite:sis_cloud_seed.db:ana_telemetria;
28918;BARRAGEM 03;Santa Cruz do Xingu;0;1;01052001;RIO COMANDANTE FONTOURA;RIO COMANDANTE FONTOURA;;-10,554700;-52,183300;38,71;618,32;0;jusante;;;;;;sqlite:sis_cloud_seed.db:ana_estacoes;sqlite:sis_cloud_seed.db:ana_telemetria;
28918;BARRAGEM 03;Santa Cruz do Xingu;0;2;18435000;RIO COMANDANTE FONTOURA;RIO COMANDANTE FONTOURA;;-10,554700;-52,183300;38,71;618,32;0;jusante;;;;;;sqlite:sis_cloud_seed.db:ana_estacoes;sqlite:sis_cloud_seed.db:ana_telemetria;
28863;BARRAGEM 13;Santa Cruz do Xingu;0;1;01052001;RIO COMANDANTE FONTOURA;RIO COMANDANTE FONTOURA;;-10,554700;-52,183300;43,12;618,32;0;jusante;;;;;;sqlite:sis_cloud_seed.db:ana_estacoes;sqlite:sis_cloud_seed.db:ana_telemetria;
28863;BARRAGEM 13;Santa Cruz do Xingu;0;2;18435000;RIO COMANDANTE FONTOURA;RIO COMANDANTE FONTOURA;;-10,554700;-52,183300;43,12;618,32;0;jusante;;;;;;sqlite:sis_cloud_seed.db:ana_estacoes;sqlite:sis_cloud_seed.db:ana_telemetria;
28361;Barragem 2;Santa Cruz do Xingu;0;1;01052001;RIO COMANDANTE FONTOURA;RIO COMANDANTE FONTOURA;;-10,554700;-52,183300;39,25;618,32;0;jusante;;;;;;sqlite:sis_cloud_seed.db:ana_estacoes;sqlite:sis_cloud_seed.db:ana_telemetria;
28361;Barragem 2;Santa Cruz do Xingu;0;2;18435000;RIO COMANDANTE FONTOURA;RIO COMANDANTE FONTOURA;;-10,554700;-52,183300;39,25;618,32;0;jusante;;;;;;sqlite:sis_cloud_seed.db:ana_estacoes;sqlite:sis_cloud_seed.db:ana_telemetria;
34535;Barragem 4;Santa Cruz do Xingu;0;1;01052001;RIO COMANDANTE FONTOURA;RIO COMANDANTE FONTOURA;;-10,554700;-52,183300;40,01;618,32;0;jusante;;;;;;sqlite:sis_cloud_seed.db:ana_estacoes;sqlite:sis_cloud_seed.db:ana_telemetria;
34535;Barragem 4;Santa Cruz do Xingu;0;2;18435000;RIO COMANDANTE FONTOURA;RIO COMANDANTE FONTOURA;;-10,554700;-52,183300;40,01;618,32;0;jusante;;;;;;sqlite:sis_cloud_seed.db:ana_estacoes;sqlite:sis_cloud_seed.db:ana_telemetria;
34536;Barragem 5;Santa Cruz do Xingu;0;1;01052001;RIO COMANDANTE FONTOURA;RIO COMANDANTE FONTOURA;;-10,554700;-52,183300;39,27;618,32;0;jusante;;;;;;sqlite:sis_cloud_seed.db:ana_estacoes;sqlite:sis_cloud_seed.db:ana_telemetria;
34536;Barragem 5;Santa Cruz do Xingu;0;2;18435000;RIO COMANDANTE FONTOURA;RIO COMANDANTE FONTOURA;;-10,554700;-52,183300;39,27;618,32;0;jusante;;;;;;sqlite:sis_cloud_seed.db:ana_estacoes;sqlite:sis_cloud_seed.db:ana_telemetria;
34537;Barragem 6;Santa Cruz do Xingu;0;1;01052001;RIO COMANDANTE FONTOURA;RIO COMANDANTE FONTOURA;;-10,554700;-52,183300;39,19;618,32;0;jusante;;;;;;sqlite:sis_cloud_seed.db:ana_estacoes;sqlite:sis_cloud_seed.db:ana_telemetria;
34537;Barragem 6;Santa Cruz do Xingu;0;2;18435000;RIO COMANDANTE FONTOURA;RIO COMANDANTE FONTOURA;;-10,554700;-52,183300;39,19;618,32;0;jusante;;;;;;sqlite:sis_cloud_seed.db:ana_estacoes;sqlite:sis_cloud_seed.db:ana_telemetria;
34534;Barragem 7;Santa Cruz do Xingu;0;1;01052001;RIO COMANDANTE FONTOURA;RIO COMANDANTE FONTOURA;;-10,554700;-52,183300;39,23;618,32;0;jusante;;;;;;sqlite:sis_cloud_seed.db:ana_estacoes;sqlite:sis_cloud_seed.db:ana_telemetria;
34534;Barragem 7;Santa Cruz do Xingu;0;2;18435000;RIO COMANDANTE FONTOURA;RIO COMANDANTE FONTOURA;;-10,554700;-52,183300;39,23;618,32;0;jusante;;;;;;sqlite:sis_cloud_seed.db:ana_estacoes;sqlite:sis_cloud_seed.db:ana_telemetria;
27753;Barragem B9;Santa Cruz do Xingu;0;1;01052001;RIO COMANDANTE FONTOURA;RIO COMANDANTE FONTOURA;;-10,554700;-52,183300;40,94;618,32;0;jusante;;;;;;sqlite:sis_cloud_seed.db:ana_estacoes;sqlite:sis_cloud_seed.db:ana_telemetria;
27753;Barragem B9;Santa Cruz do Xingu;0;2;18435000;RIO COMANDANTE FONTOURA;RIO COMANDANTE FONTOURA;;-10,554700;-52,183300;40,94;618,32;0;jusante;;;;;;sqlite:sis_cloud_seed.db:ana_estacoes;sqlite:sis_cloud_seed.db:ana_telemetria;
36278;Barragem Jusante Fazenda Santa Filipina;Santa Cruz do Xingu;0;1;01052001;RIO COMANDANTE FONTOURA;RIO COMANDANTE FONTOURA;;-10,554700;-52,183300;43,75;618,32;0;jusante;;;;;;sqlite:sis_cloud_seed.db:ana_estacoes;sqlite:sis_cloud_seed.db:ana_telemetria;
36278;Barragem Jusante Fazenda Santa Filipina;Santa Cruz do Xingu;0;2;18435000;RIO COMANDANTE FONTOURA;RIO COMANDANTE FONTOURA;;-10,554700;-52,183300;43,75;618,32;0;jusante;;;;;;sqlite:sis_cloud_seed.db:ana_estacoes;sqlite:sis_cloud_seed.db:ana_telemetria;
35409;Barragem Principal;Santa Cruz do Xingu;0;1;01052001;RIO COMANDANTE FONTOURA;RIO COMANDANTE FONTOURA;;-10,554700;-52,183300;46,26;618,32;0;jusante;;;;;;sqlite:sis_cloud_seed.db:ana_estacoes;sqlite:sis_cloud_seed.db:ana_telemetria;
35409;Barragem Principal;Santa Cruz do Xingu;0;2;18435000;RIO COMANDANTE FONTOURA;RIO COMANDANTE FONTOURA;;-10,554700;-52,183300;46,26;618,32;0;jusante;;;;;;sqlite:sis_cloud_seed.db:ana_estacoes;sqlite:sis_cloud_seed.db:ana_telemetria;
35091;Barragem Ághata II;Santa Cruz do Xingu;0;1;01052001;RIO COMANDANTE FONTOURA;RIO COMANDANTE FONTOURA;;-10,554700;-52,183300;53,73;618,32;0;jusante;;;;;;sqlite:sis_cloud_seed.db:ana_estacoes;sqlite:sis_cloud_seed.db:ana_telemetria;
35091;Barragem Ághata II;Santa Cruz do Xingu;0;2;18435000;RIO COMANDANTE FONTOURA;RIO COMANDANTE FONTOURA;;-10,554700;-52,183300;53,73;618,32;0;jusante;;;;;;sqlite:sis_cloud_seed.db:ana_estacoes;sqlite:sis_cloud_seed.db:ana_telemetria;
35410;Barramento 1 (montante);Santa Cruz do Xingu;0;1;01052001;RIO COMANDANTE FONTOURA;RIO COMANDANTE FONTOURA;;-10,554700;-52,183300;47,36;618,32;0;jusante;;;;;;sqlite:sis_cloud_seed.db:ana_estacoes;sqlite:sis_cloud_seed.db:ana_telemetria;
35410;Barramento 1 (montante);Santa Cruz do Xingu;0;2;18435000;RIO COMANDANTE FONTOURA;RIO COMANDANTE FONTOURA;;-10,554700;-52,183300;47,36;618,32;0;jusante;;;;;;sqlite:sis_cloud_seed.db:ana_estacoes;sqlite:sis_cloud_seed.db:ana_telemetria;
35411;Barramento 1.1;Santa Cruz do Xingu;0;1;01052001;RIO COMANDANTE FONTOURA;RIO COMANDANTE FONTOURA;;-10,554700;-52,183300;48,59;618,32;0;jusante;;;;;;sqlite:sis_cloud_seed.db:ana_estacoes;sqlite:sis_cloud_seed.db:ana_telemetria;
35411;Barramento 1.1;Santa Cruz do Xingu;0;2;18435000;RIO COMANDANTE FONTOURA;RIO COMANDANTE FONTOURA;;-10,554700;-52,183300;48,59;618,32;0;jusante;;;;;;sqlite:sis_cloud_seed.db:ana_estacoes;sqlite:sis_cloud_seed.db:ana_telemetria;
32077;Barramento Fazenda Bonanza;Santa Cruz do Xingu;0;1;01052001;RIO COMANDANTE FONTOURA;RIO COMANDANTE FONTOURA;;-10,554700;-52,183300;56,17;618,32;0;jusante;;;;;;sqlite:sis_cloud_seed.db:ana_estacoes;sqlite:sis_cloud_seed.db:ana_telemetria;
32077;Barramento Fazenda Bonanza;Santa Cruz do Xingu;0;2;18435000;RIO COMANDANTE FONTOURA;RIO COMANDANTE FONTOURA;;-10,554700;-52,183300;56,17;618,32;0;jusante;;;;;;sqlite:sis_cloud_seed.db:ana_estacoes;sqlite:sis_cloud_seed.db:ana_telemetria;
36098;Fazenda Filipina;Santa Cruz do Xingu;0;1;01052001;RIO COMANDANTE FONTOURA;RIO COMANDANTE FONTOURA;;-10,554700;-52,183300;45,53;618,32;0;jusante;;;;;;sqlite:sis_cloud_seed.db:ana_estacoes;sqlite:sis_cloud_seed.db:ana_telemetria;
36098;Fazenda Filipina;Santa Cruz do Xingu;0;2;18435000;RIO COMANDANTE FONTOURA;RIO COMANDANTE FONTOURA;;-10,554700;-52,183300;45,53;618,32;0;jusante;;;;;;sqlite:sis_cloud_seed.db:ana_estacoes;sqlite:sis_cloud_seed.db:ana_telemetria;
73;Fazenda Reunidas Filipinas;Santa Cruz do Xingu;0;1;01052001;RIO COMANDANTE FONTOURA;RIO COMANDANTE FONTOURA;;-10,554700;-52,183300;46,22;618,32;0;jusante;;;;;;sqlite:sis_cloud_seed.db:ana_estacoes;sqlite:sis_cloud_seed.db:ana_telemetria;
73;Fazenda Reunidas Filipinas;Santa Cruz do Xingu;0;2;18435000;RIO COMANDANTE FONTOURA;RIO COMANDANTE FONTOURA;;-10,554700;-52,183300;46,22;618,32;0;jusante;;;;;;sqlite:sis_cloud_seed.db:ana_estacoes;sqlite:sis_cloud_seed.db:ana_telemetria;
27881;Fazenda Santa Fé;Santa Cruz do Xingu;0;1;01052001;RIO COMANDANTE FONTOURA;RIO COMANDANTE FONTOURA;;-10,554700;-52,183300;42,77;618,32;0;jusante;;;;;;sqlite:sis_cloud_seed.db:ana_estacoes;sqlite:sis_cloud_seed.db:ana_telemetria;
27881;Fazenda Santa Fé;Santa Cruz do Xingu;0;2;18435000;RIO COMANDANTE FONTOURA;RIO COMANDANTE FONTOURA;;-10,554700;-52,183300;42,77;618,32;0;jusante;;;;;;sqlite:sis_cloud_seed.db:ana_estacoes;sqlite:sis_cloud_seed.db:ana_telemetria;
28616;Fazenda Santa Fé;Santa Cruz do Xingu;0;1;01052001;RIO COMANDANTE FONTOURA;RIO COMANDANTE FONTOURA;;-10,554700;-52,183300;42,65;618,32;0;jusante;;;;;;sqlite:sis_cloud_seed.db:ana_estacoes;sqlite:sis_cloud_seed.db:ana_telemetria;
28616;Fazenda Santa Fé;Santa Cruz do Xingu;0;2;18435000;RIO COMANDANTE FONTOURA;RIO COMANDANTE FONTOURA;;-10,554700;-52,183300;42,65;618,32;0;jusante;;;;;;sqlite:sis_cloud_seed.db:ana_estacoes;sqlite:sis_cloud_seed.db:ana_telemetria;
21006;Fazenda Santa Marina;Santa Cruz do Xingu;0;1;01052001;RIO COMANDANTE FONTOURA;RIO COMANDANTE FONTOURA;;-10,554700;-52,183300;45,42;618,32;0;jusante;;;;;;sqlite:sis_cloud_seed.db:ana_estacoes;sqlite:sis_cloud_seed.db:ana_telemetria;
21006;Fazenda Santa Marina;Santa Cruz do Xingu;0;2;18435000;RIO COMANDANTE FONTOURA;RIO COMANDANTE FONTOURA;;-10,554700;-52,183300;45,42;618,32;0;jusante;;;;;;sqlite:sis_cloud_seed.db:ana_estacoes;sqlite:sis_cloud_seed.db:ana_telemetria;
20077;Faz. Três Pinheiros;Santa Rita do Trivelato;0;1;01355007;PZ_SANTA RITA DO TRIVELATO;;;-13,825300;-55,270300;8,54;127,42;0;montante;;;;;;sqlite:sis_cloud_seed.db:ana_estacoes;sqlite:sis_cloud_seed.db:ana_telemetria;
20077;Faz. Três Pinheiros;Santa Rita do Trivelato;0;2;17228000;PCH CANOA QUEBRADA RIBEIRÃO GRANDE;RIBEIRÃO GRANDE;;-13,401700;-55,826900;77,16;150,79;0;montante;;;;;;sqlite:sis_cloud_seed.db:ana_estacoes;sqlite:sis_cloud_seed.db:ana_telemetria;
28141;Fazenda Confluência;Santa Rita do Trivelato;0;1;17277500;UHE SINOP MONTANTE 2;RIO TELES PIRES (OU SÃO MANUEL);;-13,143300;-55,666900;28,38;183,55;0;montante;;;;;;sqlite:sis_cloud_seed.db:ana_estacoes;sqlite:sis_cloud_seed.db:ana_telemetria;
28141;Fazenda Confluência;Santa Rita do Trivelato;0;2;17228000;PCH CANOA QUEBRADA RIBEIRÃO GRANDE;RIBEIRÃO GRANDE;;-13,401700;-55,826900;33,60;150,79;0;jusante;;;;;;sqlite:sis_cloud_seed.db:ana_estacoes;sqlite:sis_cloud_seed.db:ana_telemetria;
28141;Fazenda Confluência;Santa Rita do Trivelato;0;3;17229000;PCH CANOA QUEBRADA RIBEIRÃO RANCHÃO;RIBEIRÃO RANCHÃO;;-13,298600;-55,912200;42,88;159,47;0;montante;;;;;;sqlite:sis_cloud_seed.db:ana_estacoes;sqlite:sis_cloud_seed.db:ana_telemetria;
387;Fazenda Pau da Onça;Santa Rita do Trivelato;0;1;01355007;PZ_SANTA RITA DO TRIVELATO;;;-13,825300;-55,270300;21,85;127,42;0;jusante;;;;;;sqlite:sis_cloud_seed.db:ana_estacoes;sqlite:sis_cloud_seed.db:ana_telemetria;
387;Fazenda Pau da Onça;Santa Rita do Trivelato;0;2;17228000;PCH CANOA QUEBRADA RIBEIRÃO GRANDE;RIBEIRÃO GRANDE;;-13,401700;-55,826900;55,68;150,79;0;montante;;;;;;sqlite:sis_cloud_seed.db:ana_estacoes;sqlite:sis_cloud_seed.db:ana_telemetria;
387;Fazenda Pau da Onça;Santa Rita do Trivelato;0;3;17277500;UHE SINOP MONTANTE 2;RIO TELES PIRES (OU SÃO MANUEL);;-13,143300;-55,666900;65,48;183,55;0;montante;;;;;;sqlite:sis_cloud_seed.db:ana_estacoes;sqlite:sis_cloud_seed.db:ana_telemetria;
8044;Fazenda Quatrilho;Santa Rita do Trivelato;0;1;17228000;PCH CANOA QUEBRADA RIBEIRÃO GRANDE;RIBEIRÃO GRANDE;;-13,401700;-55,826900;16,94;150,79;0;jusante;;;;;;sqlite:sis_cloud_seed.db:ana_estacoes;sqlite:sis_cloud_seed.db:ana_telemetria;
8044;Fazenda Quatrilho;Santa Rita do Trivelato;0;2;17277500;UHE SINOP MONTANTE 2;RIO TELES PIRES (OU SÃO MANUEL);;-13,143300;-55,666900;24,29;183,55;0;montante;;;;;;sqlite:sis_cloud_seed.db:ana_estacoes;sqlite:sis_cloud_seed.db:ana_telemetria;
8044;Fazenda Quatrilho;Santa Rita do Trivelato;0;3;17229000;PCH CANOA QUEBRADA RIBEIRÃO RANCHÃO;RIBEIRÃO RANCHÃO;;-13,298600;-55,912200;26,51;159,47;0;montante;;;;;;sqlite:sis_cloud_seed.db:ana_estacoes;sqlite:sis_cloud_seed.db:ana_telemetria;
22396;Massa d'Água #102989;Santa Terezinha;0;1;26500000;PORTO ALEGRE DO NORTE;RIO TAPIRAPE;;-10,873300;-51,629200;57,13;632,19;0;jusante;;;;;;sqlite:sis_cloud_seed.db:ana_estacoes;sqlite:sis_cloud_seed.db:ana_telemetria;
22517;Massa d'Água #143787;Santa Terezinha;0;1;26500000;PORTO ALEGRE DO NORTE;RIO TAPIRAPE;;-10,873300;-51,629200;39,30;632,19;0;jusante;;;;;;sqlite:sis_cloud_seed.db:ana_estacoes;sqlite:sis_cloud_seed.db:ana_telemetria;
23767;Massa d'Água #226576;Santa Terezinha;0;1;26500000;PORTO ALEGRE DO NORTE;RIO TAPIRAPE;;-10,873300;-51,629200;56,97;632,19;0;jusante;;;;;;sqlite:sis_cloud_seed.db:ana_estacoes;sqlite:sis_cloud_seed.db:ana_telemetria;
35383;Barramento - Fazenda Gema;Santo Afonso;0;1;66022080;TANGARÁ - SEPOTUBA;RIO SEPOTUBA;;-14,508900;-57,612800;35,84;132,84;0;montante;;;;;;sqlite:sis_cloud_seed.db:ana_estacoes;sqlite:sis_cloud_seed.db:ana_telemetria;
35383;Barramento - Fazenda Gema;Santo Afonso;0;2;66021000;CGH VERMELHO DO PARECIS MONTANTE;CÓRREGO VERMELHO;;-14,316100;-57,534400;37,24;132,81;0;montante;;;;;;sqlite:sis_cloud_seed.db:ana_estacoes;sqlite:sis_cloud_seed.db:ana_telemetria;
35383;Barramento - Fazenda Gema;Santo Afonso;0;3;66025500;PCH MARACANÃ JUSANTE;RIO MARACANÃ;;-14,355000;-57,616400;41,75;139,02;0;montante;;;;;;sqlite:sis_cloud_seed.db:ana_estacoes;sqlite:sis_cloud_seed.db:ana_telemetria;
32740;Barragem Nogueira I e II;Santo Antônio do Leste;0;1;18409350;PCH CULUENE JUSANTE 2;RIO CULUENE;;-14,574400;-53,696700;25,69;225,71;0;montante;;;;;;sqlite:sis_cloud_seed.db:ana_estacoes;sqlite:sis_cloud_seed.db:ana_telemetria;
32740;Barragem Nogueira I e II;Santo Antônio do Leste;0;2;18408500;PCH CULUENE JUSANTE 1;RIO CULUENE;;-14,629700;-53,909700;31,60;202,14;0;montante;;;;;;sqlite:sis_cloud_seed.db:ana_estacoes;sqlite:sis_cloud_seed.db:ana_telemetria;
32740;Barragem Nogueira I e II;Santo Antônio do Leste;0;3;18408000;PCH CULUENE BARRAMENTO;RIO CULUENE;;-14,633300;-53,912800;31,62;201,75;0;montante;;;;;;sqlite:sis_cloud_seed.db:ana_estacoes;sqlite:sis_cloud_seed.db:ana_telemetria;
32159;Barragem na Fazenda Iguaçu;Santo Antônio do Leste;0;1;18409350;PCH CULUENE JUSANTE 2;RIO CULUENE;;-14,574400;-53,696700;24,02;225,71;0;montante;;;;;;sqlite:sis_cloud_seed.db:ana_estacoes;sqlite:sis_cloud_seed.db:ana_telemetria;
32159;Barragem na Fazenda Iguaçu;Santo Antônio do Leste;0;2;18408500;PCH CULUENE JUSANTE 1;RIO CULUENE;;-14,629700;-53,909700;33,14;202,14;0;montante;;;;;;sqlite:sis_cloud_seed.db:ana_estacoes;sqlite:sis_cloud_seed.db:ana_telemetria;
32159;Barragem na Fazenda Iguaçu;Santo Antônio do Leste;0;3;18408000;PCH CULUENE BARRAMENTO;RIO CULUENE;;-14,633300;-53,912800;33,22;201,75;0;montante;;;;;;sqlite:sis_cloud_seed.db:ana_estacoes;sqlite:sis_cloud_seed.db:ana_telemetria;
34160;PCH Mantovilis - Mantovilis;Santo Antônio de Leverger;0;1;66456050;PCH MANTOVILIS JUSANTE;RIBEIRÃO MUTUM;;-16,463900;-55,328100;1,82;66,29;0;local;;;;;;sqlite:sis_cloud_seed.db:ana_estacoes;sqlite:sis_cloud_seed.db:ana_telemetria;
34160;PCH Mantovilis - Mantovilis;Santo Antônio de Leverger;0;2;66455900;PCH MUTUM I MONTANTE;RIBEIRÃO MUTUM;;-16,423900;-55,298600;3,64;68,97;0;local;;;;;;sqlite:sis_cloud_seed.db:ana_estacoes;sqlite:sis_cloud_seed.db:ana_telemetria;
34160;PCH Mantovilis - Mantovilis;Santo Antônio de Leverger;0;3;66460000;ACIMA DO CÓRREGO GRANDE;RIO SÃO LOURENÇO;;-16,608100;-55,206400;20,99;82,54;0;jusante;;;;;;sqlite:sis_cloud_seed.db:ana_estacoes;sqlite:sis_cloud_seed.db:ana_telemetria;
34847;PCH Mutum I - MUTUM-1;Santo Antônio de Leverger;0;1;66455900;PCH MUTUM I MONTANTE;RIBEIRÃO MUTUM;;-16,423900;-55,298600;1,85;68,97;0;local;;;;;;sqlite:sis_cloud_seed.db:ana_estacoes;sqlite:sis_cloud_seed.db:ana_telemetria;
34847;PCH Mutum I - MUTUM-1;Santo Antônio de Leverger;0;2;66456050;PCH MANTOVILIS JUSANTE;RIBEIRÃO MUTUM;;-16,463900;-55,328100;3,76;66,29;0;local;;;;;;sqlite:sis_cloud_seed.db:ana_estacoes;sqlite:sis_cloud_seed.db:ana_telemetria;
34847;PCH Mutum I - MUTUM-1;Santo Antônio de Leverger;0;3;66460000;ACIMA DO CÓRREGO GRANDE;RIO SÃO LOURENÇO;;-16,608100;-55,206400;21,35;82,54;0;jusante;;;;;;sqlite:sis_cloud_seed.db:ana_estacoes;sqlite:sis_cloud_seed.db:ana_telemetria;
36618;Barramento I ? Fazenda Caetetu;Sapezal;0;1;17091400;PCH BURITI JUSANTE;RIO BURITI;;-13,394700;-58,591900;12,84;283,64;0;local;;;;;;sqlite:sis_cloud_seed.db:ana_estacoes;sqlite:sis_cloud_seed.db:ana_telemetria;
36618;Barramento I ? Fazenda Caetetu;Sapezal;0;2;17091300;PCH BURITI BARRAMENTO;RIO BURITI;;-13,405600;-58,597200;13,27;283,42;0;local;;;;;;sqlite:sis_cloud_seed.db:ana_estacoes;sqlite:sis_cloud_seed.db:ana_telemetria;
36618;Barramento I ? Fazenda Caetetu;Sapezal;0;3;17091200;PCH BURITI MONTANTE 1;RIO BURITI;;-13,420000;-58,604700;14,08;283,18;0;local;;;;;;sqlite:sis_cloud_seed.db:ana_estacoes;sqlite:sis_cloud_seed.db:ana_telemetria;
23991;CGH Sapezal - CGH Sapezal;Sapezal;0;1;17090700;PCH JESUÍTA MONTANTE;RIO JURUENA;;-13,515600;-59,022800;19,04;316,39;0;local;;;;;;sqlite:sis_cloud_seed.db:ana_estacoes;sqlite:sis_cloud_seed.db:ana_telemetria;
23991;CGH Sapezal - CGH Sapezal;Sapezal;0;2;17090600;PCH SANTA LÚCIA I E II JUSANTE;RIO JURUENA;;-13,542500;-59,025000;19,11;315,21;0;local;;;;;;sqlite:sis_cloud_seed.db:ana_estacoes;sqlite:sis_cloud_seed.db:ana_telemetria;
23991;CGH Sapezal - CGH Sapezal;Sapezal;0;3;17090500;PCH SANTA LÚCIA I E II MONTANTE 1;RIO JURUENA;;-13,556700;-59,028300;19,56;314,79;0;local;;;;;;sqlite:sis_cloud_seed.db:ana_estacoes;sqlite:sis_cloud_seed.db:ana_telemetria;
24022;CGH Tucunaré - CGH Tucunaré;Sapezal;0;1;17091085;UHE JURUENA MONTANTE;RIO JURUENA;;-13,438300;-58,998100;2,33;318,22;0;local;;;;;;sqlite:sis_cloud_seed.db:ana_estacoes;sqlite:sis_cloud_seed.db:ana_telemetria;
24022;CGH Tucunaré - CGH Tucunaré;Sapezal;0;2;17091030;PCH SEGREDO MONTANTE;RIO JURUENA;;-13,422800;-59,001400;4,05;319,38;0;montante;;;;;;sqlite:sis_cloud_seed.db:ana_estacoes;sqlite:sis_cloud_seed.db:ana_telemetria;
24022;CGH Tucunaré - CGH Tucunaré;Sapezal;0;3;17091035;UHE JURUENA BARRAMENTO;RIO JURUENA;;-13,402800;-59,006700;6,32;321,00;0;montante;;;;;;sqlite:sis_cloud_seed.db:ana_estacoes;sqlite:sis_cloud_seed.db:ana_telemetria;
20111;Fazenda Lapacho - Gleba B;Sapezal;0;1;17091090;PCH ILHA COMPRIDA JUSANTE;RIO JURUENA;;-13,197200;-58,983100;28,05;330,98;0;local;;;;;;sqlite:sis_cloud_seed.db:ana_estacoes;sqlite:sis_cloud_seed.db:ana_telemetria;
20111;Fazenda Lapacho - Gleba B;Sapezal;0;2;17091400;PCH BURITI JUSANTE;RIO BURITI;;-13,394700;-58,591900;28,07;283,64;0;jusante;;;;;;sqlite:sis_cloud_seed.db:ana_estacoes;sqlite:sis_cloud_seed.db:ana_telemetria;
20111;Fazenda Lapacho - Gleba B;Sapezal;0;3;17091080;PCH ILHA COMPRIDA BARRAMENTO;RIO JURUENA;;-13,197800;-58,983900;28,14;331,02;0;local;;;;;;sqlite:sis_cloud_seed.db:ana_estacoes;sqlite:sis_cloud_seed.db:ana_telemetria;
36513;Fazenda Reunidas do Papagaio - Barramento Jusante;Sapezal;0;1;17091508;SAPEZAL - RIO PAPAGAIO;RIO PAPAGAIO;;-13,578300;-58,406900;18,35;255,61;0;jusante;109,0;;;;2026-09-07 09:45:00;sqlite:sis_cloud_seed.db:ana_estacoes;sqlite:sis_cloud_seed.db:ana_telemetria;contexto_somente
36513;Fazenda Reunidas do Papagaio - Barramento Jusante;Sapezal;0;2;17091400;PCH BURITI JUSANTE;RIO BURITI;;-13,394700;-58,591900;21,52;283,64;0;local;;;;;;sqlite:sis_cloud_seed.db:ana_estacoes;sqlite:sis_cloud_seed.db:ana_telemetria;
36513;Fazenda Reunidas do Papagaio - Barramento Jusante;Sapezal;0;3;17091300;PCH BURITI BARRAMENTO;RIO BURITI;;-13,405600;-58,597200;22,01;283,42;0;local;;;;;;sqlite:sis_cloud_seed.db:ana_estacoes;sqlite:sis_cloud_seed.db:ana_telemetria;
36514;Fazenda Reunidas do Papagaio - Barramento Montante;Sapezal;0;1;17091508;SAPEZAL - RIO PAPAGAIO;RIO PAPAGAIO;;-13,578300;-58,406900;16,55;255,61;0;jusante;109,0;;;;2026-09-07 09:45:00;sqlite:sis_cloud_seed.db:ana_estacoes;sqlite:sis_cloud_seed.db:ana_telemetria;contexto_somente
36514;Fazenda Reunidas do Papagaio - Barramento Montante;Sapezal;0;2;17091400;PCH BURITI JUSANTE;RIO BURITI;;-13,394700;-58,591900;19,43;283,64;0;montante;;;;;;sqlite:sis_cloud_seed.db:ana_estacoes;sqlite:sis_cloud_seed.db:ana_telemetria;
36514;Fazenda Reunidas do Papagaio - Barramento Montante;Sapezal;0;3;17091300;PCH BURITI BARRAMENTO;RIO BURITI;;-13,405600;-58,597200;19,79;283,42;0;local;;;;;;sqlite:sis_cloud_seed.db:ana_estacoes;sqlite:sis_cloud_seed.db:ana_telemetria;
23391;Massa d'Água #170373;Sapezal;0;1;17091400;PCH BURITI JUSANTE;RIO BURITI;;-13,394700;-58,591900;19,38;283,64;0;jusante;;;;;;sqlite:sis_cloud_seed.db:ana_estacoes;sqlite:sis_cloud_seed.db:ana_telemetria;
23391;Massa d'Água #170373;Sapezal;0;2;17091300;PCH BURITI BARRAMENTO;RIO BURITI;;-13,405600;-58,597200;20,62;283,42;0;jusante;;;;;;sqlite:sis_cloud_seed.db:ana_estacoes;sqlite:sis_cloud_seed.db:ana_telemetria;
23391;Massa d'Água #170373;Sapezal;0;3;17091200;PCH BURITI MONTANTE 1;RIO BURITI;;-13,420000;-58,604700;22,31;283,18;0;jusante;;;;;;sqlite:sis_cloud_seed.db:ana_estacoes;sqlite:sis_cloud_seed.db:ana_telemetria;
20572;PCH Buriti - PCH Buriti;Sapezal;0;1;17091300;PCH BURITI BARRAMENTO;RIO BURITI;;-13,405600;-58,597200;0,19;283,42;0;local;;;;;;sqlite:sis_cloud_seed.db:ana_estacoes;sqlite:sis_cloud_seed.db:ana_telemetria;
20572;PCH Buriti - PCH Buriti;Sapezal;0;2;17091400;PCH BURITI JUSANTE;RIO BURITI;;-13,394700;-58,591900;1,40;283,64;0;local;;;;;;sqlite:sis_cloud_seed.db:ana_estacoes;sqlite:sis_cloud_seed.db:ana_telemetria;
20572;PCH Buriti - PCH Buriti;Sapezal;0;3;17091200;PCH BURITI MONTANTE 1;RIO BURITI;;-13,420000;-58,604700;1,75;283,18;0;local;;;;;;sqlite:sis_cloud_seed.db:ana_estacoes;sqlite:sis_cloud_seed.db:ana_telemetria;
4580;PCH Cidezal - Principal;Sapezal;0;1;17091040;PCH CIDEZAL BARRAMENTO;RIO JURUENA;;-13,369700;-59,012500;0,05;323,41;0;local;;;;;;sqlite:sis_cloud_seed.db:ana_estacoes;sqlite:sis_cloud_seed.db:ana_telemetria;
4580;PCH Cidezal - Principal;Sapezal;0;2;17091045;PCH CIDEZAL JUSANTE;RIO JURUENA;;-13,368900;-59,014700;0,24;323,66;0;local;;;;;;sqlite:sis_cloud_seed.db:ana_estacoes;sqlite:sis_cloud_seed.db:ana_telemetria;
4580;PCH Cidezal - Principal;Sapezal;0;3;17091035;UHE JURUENA BARRAMENTO;RIO JURUENA;;-13,402800;-59,006700;3,71;321,00;0;jusante;;;;;;sqlite:sis_cloud_seed.db:ana_estacoes;sqlite:sis_cloud_seed.db:ana_telemetria;
34064;PCH Jesuíta - PCH Jesuíta;Sapezal;0;1;17091046;PCH JESUÍTA BARRAMENTO;RIO JURUENA;;-13,318100;-59,032200;0,16;328,20;0;local;;;;;;sqlite:sis_cloud_seed.db:ana_estacoes;sqlite:sis_cloud_seed.db:ana_telemetria;
34064;PCH Jesuíta - PCH Jesuíta;Sapezal;0;2;17091047;PCH SAPEZAL BARRAMENTO;RIO JURUENA;;-13,266400;-59,019400;5,85;330,06;0;montante;;;;;;sqlite:sis_cloud_seed.db:ana_estacoes;sqlite:sis_cloud_seed.db:ana_telemetria;
34064;PCH Jesuíta - PCH Jesuíta;Sapezal;0;3;17091048;PCH SAPEZAL JUSANTE;RIO JURUENA;;-13,266100;-59,018300;5,91;329,98;0;montante;;;;;;sqlite:sis_cloud_seed.db:ana_estacoes;sqlite:sis_cloud_seed.db:ana_telemetria;
5176;PCH Parecis - Principal;Sapezal;0;1;17091093;PCH PARECIS BARRAMENTO;RIO JURUENA;;-13,074200;-58,975800;0,02;338,13;0;local;;;;;;sqlite:sis_cloud_seed.db:ana_estacoes;sqlite:sis_cloud_seed.db:ana_telemetria;
5176;PCH Parecis - Principal;Sapezal;0;2;17091095;PCH PARECIS JUSANTE;RIO JURUENA;;-13,071900;-58,976400;0,29;338,33;0;local;;;;;;sqlite:sis_cloud_seed.db:ana_estacoes;sqlite:sis_cloud_seed.db:ana_telemetria;
5176;PCH Parecis - Principal;Sapezal;0;3;17091090;PCH ILHA COMPRIDA JUSANTE;RIO JURUENA;;-13,197200;-58,983100;13,68;330,98;0;jusante;;;;;;sqlite:sis_cloud_seed.db:ana_estacoes;sqlite:sis_cloud_seed.db:ana_telemetria;
4888;PCH Rondon - Principal;Sapezal;0;1;17091096;PCH RONDON BARRAMENTO;RIO JURUENA;;-12,903600;-58,912800;0,03;344,07;0;local;;;;;;sqlite:sis_cloud_seed.db:ana_estacoes;sqlite:sis_cloud_seed.db:ana_telemetria;
4888;PCH Rondon - Principal;Sapezal;0;2;17091097;PCH RONDON JUSANTE;RIO JURUENA;;-12,900000;-58,913600;0,40;344,39;0;local;;;;;;sqlite:sis_cloud_seed.db:ana_estacoes;sqlite:sis_cloud_seed.db:ana_telemetria;
4888;PCH Rondon - Principal;Sapezal;0;3;17091098;PCH TELEGRÁFICA BARRAMENTO;RIO JURUENA;;-12,848100;-58,927500;6,37;349,18;0;montante;;;;;;sqlite:sis_cloud_seed.db:ana_estacoes;sqlite:sis_cloud_seed.db:ana_telemetria;
4726;PCH Santa Lúcia - Barramento Central;Sapezal;0;1;17091300;PCH BURITI BARRAMENTO;RIO BURITI;;-13,405600;-58,597200;0,28;283,42;0;local;;;;;;sqlite:sis_cloud_seed.db:ana_estacoes;sqlite:sis_cloud_seed.db:ana_telemetria;
4726;PCH Santa Lúcia - Barramento Central;Sapezal;0;2;17091400;PCH BURITI JUSANTE;RIO BURITI;;-13,394700;-58,591900;1,40;283,64;0;local;;;;;;sqlite:sis_cloud_seed.db:ana_estacoes;sqlite:sis_cloud_seed.db:ana_telemetria;
4726;PCH Santa Lúcia - Barramento Central;Sapezal;0;3;17091200;PCH BURITI MONTANTE 1;RIO BURITI;;-13,420000;-58,604700;1,80;283,18;0;local;;;;;;sqlite:sis_cloud_seed.db:ana_estacoes;sqlite:sis_cloud_seed.db:ana_telemetria;
5025;PCH Santa Lúcia II - Barramento Central;Sapezal;0;1;17090580;PCH SANTA LÚCIA I E II BARRAMENTO;RIO JURUENA;;-13,543600;-59,030300;0,09;315,66;0;local;;;;;;sqlite:sis_cloud_seed.db:ana_estacoes;sqlite:sis_cloud_seed.db:ana_telemetria;
5025;PCH Santa Lúcia II - Barramento Central;Sapezal;0;2;17090600;PCH SANTA LÚCIA I E II JUSANTE;RIO JURUENA;;-13,542500;-59,025000;0,58;315,21;0;local;;;;;;sqlite:sis_cloud_seed.db:ana_estacoes;sqlite:sis_cloud_seed.db:ana_telemetria;
5025;PCH Santa Lúcia II - Barramento Central;Sapezal;0;3;17090500;PCH SANTA LÚCIA I E II MONTANTE 1;RIO JURUENA;;-13,556700;-59,028300;1,38;314,79;0;local;;;;;;sqlite:sis_cloud_seed.db:ana_estacoes;sqlite:sis_cloud_seed.db:ana_telemetria;
5054;PCH Sapezal - Principal;Sapezal;0;1;17091047;PCH SAPEZAL BARRAMENTO;RIO JURUENA;;-13,266400;-59,019400;0,09;330,06;0;local;;;;;;sqlite:sis_cloud_seed.db:ana_estacoes;sqlite:sis_cloud_seed.db:ana_telemetria;
5054;PCH Sapezal - Principal;Sapezal;0;2;17091048;PCH SAPEZAL JUSANTE;RIO JURUENA;;-13,266100;-59,018300;0,13;329,98;0;local;;;;;;sqlite:sis_cloud_seed.db:ana_estacoes;sqlite:sis_cloud_seed.db:ana_telemetria;
5054;PCH Sapezal - Principal;Sapezal;0;3;17091050;PCH SEGREDO BARRAMENTO;RIO JURUENA;;-13,223900;-59,026700;4,70;333,28;0;montante;;;;;;sqlite:sis_cloud_seed.db:ana_estacoes;sqlite:sis_cloud_seed.db:ana_telemetria;
4313;PCH Segredo - Barramento PCH Segredo;Sapezal;0;1;17091050;PCH SEGREDO BARRAMENTO;RIO JURUENA;;-13,223900;-59,026700;0,00;333,28;0;local;;;;;;sqlite:sis_cloud_seed.db:ana_estacoes;sqlite:sis_cloud_seed.db:ana_telemetria;
4313;PCH Segredo - Barramento PCH Segredo;Sapezal;0;2;17091048;PCH SAPEZAL JUSANTE;RIO JURUENA;;-13,266100;-59,018300;4,78;329,98;0;jusante;;;;;;sqlite:sis_cloud_seed.db:ana_estacoes;sqlite:sis_cloud_seed.db:ana_telemetria;
4313;PCH Segredo - Barramento PCH Segredo;Sapezal;0;3;17091047;PCH SAPEZAL BARRAMENTO;RIO JURUENA;;-13,266400;-59,019400;4,79;330,06;0;jusante;;;;;;sqlite:sis_cloud_seed.db:ana_estacoes;sqlite:sis_cloud_seed.db:ana_telemetria;
4212;PCH Telegráfica - Principal;Sapezal;0;1;17091098;PCH TELEGRÁFICA BARRAMENTO;RIO JURUENA;;-12,848100;-58,927500;0,16;349,18;0;local;;;;;;sqlite:sis_cloud_seed.db:ana_estacoes;sqlite:sis_cloud_seed.db:ana_telemetria;
4212;PCH Telegráfica - Principal;Sapezal;0;2;17091099;PCH TELEGRÁFICA JUSANTE;RIO JURUENA;;-12,845000;-58,929200;0,52;349,54;0;local;;;;;;sqlite:sis_cloud_seed.db:ana_estacoes;sqlite:sis_cloud_seed.db:ana_telemetria;
4212;PCH Telegráfica - Principal;Sapezal;0;3;17091097;PCH RONDON JUSANTE;RIO JURUENA;;-12,900000;-58,913600;5,87;344,39;0;jusante;;;;;;sqlite:sis_cloud_seed.db:ana_estacoes;sqlite:sis_cloud_seed.db:ana_telemetria;
34233;UHE Juruena - Barragem UHE Juruena;Sapezal;0;1;17091035;UHE JURUENA BARRAMENTO;RIO JURUENA;;-13,402800;-59,006700;0,18;321,00;0;local;;;;;;sqlite:sis_cloud_seed.db:ana_estacoes;sqlite:sis_cloud_seed.db:ana_telemetria;
34233;UHE Juruena - Barragem UHE Juruena;Sapezal;0;2;17091030;PCH SEGREDO MONTANTE;RIO JURUENA;;-13,422800;-59,001400;2,47;319,38;0;local;;;;;;sqlite:sis_cloud_seed.db:ana_estacoes;sqlite:sis_cloud_seed.db:ana_telemetria;
34233;UHE Juruena - Barragem UHE Juruena;Sapezal;0;3;17091040;PCH CIDEZAL BARRAMENTO;RIO JURUENA;;-13,369700;-59,012500;3,57;323,41;0;montante;;;;;;sqlite:sis_cloud_seed.db:ana_estacoes;sqlite:sis_cloud_seed.db:ana_telemetria;
35483;Barragem II - Tanque II;Serra Nova Dourada;0;1;26310000;FAZENDA RANCHO ALTO;RIO MURERE;;-12,331700;-51,333100;40,99;556,90;0;jusante;;;;;;sqlite:sis_cloud_seed.db:ana_estacoes;sqlite:sis_cloud_seed.db:ana_telemetria;
35483;Barragem II - Tanque II;Serra Nova Dourada;0;2;26350000;SÃO FÉLIX DO ARAGUAIA;RIO ARAGUAIA;;-11,618100;-50,662500;71,52;661,04;0;montante;;;;;;sqlite:sis_cloud_seed.db:ana_estacoes;sqlite:sis_cloud_seed.db:ana_telemetria;
35484;Barragem III;Serra Nova Dourada;0;1;26310000;FAZENDA RANCHO ALTO;RIO MURERE;;-12,331700;-51,333100;40,14;556,90;0;jusante;;;;;;sqlite:sis_cloud_seed.db:ana_estacoes;sqlite:sis_cloud_seed.db:ana_telemetria;
35484;Barragem III;Serra Nova Dourada;0;2;26350000;SÃO FÉLIX DO ARAGUAIA;RIO ARAGUAIA;;-11,618100;-50,662500;72,88;661,04;0;montante;;;;;;sqlite:sis_cloud_seed.db:ana_estacoes;sqlite:sis_cloud_seed.db:ana_telemetria;
35486;Barragem V;Serra Nova Dourada;0;1;26310000;FAZENDA RANCHO ALTO;RIO MURERE;;-12,331700;-51,333100;38,38;556,90;0;jusante;;;;;;sqlite:sis_cloud_seed.db:ana_estacoes;sqlite:sis_cloud_seed.db:ana_telemetria;
35486;Barragem V;Serra Nova Dourada;0;2;26350000;SÃO FÉLIX DO ARAGUAIA;RIO ARAGUAIA;;-11,618100;-50,662500;74,90;661,04;0;montante;;;;;;sqlite:sis_cloud_seed.db:ana_estacoes;sqlite:sis_cloud_seed.db:ana_telemetria;
35488;Barragem VI;Serra Nova Dourada;0;1;26310000;FAZENDA RANCHO ALTO;RIO MURERE;;-12,331700;-51,333100;37,87;556,90;0;jusante;;;;;;sqlite:sis_cloud_seed.db:ana_estacoes;sqlite:sis_cloud_seed.db:ana_telemetria;
35488;Barragem VI;Serra Nova Dourada;0;2;26350000;SÃO FÉLIX DO ARAGUAIA;RIO ARAGUAIA;;-11,618100;-50,662500;75,00;661,04;0;montante;;;;;;sqlite:sis_cloud_seed.db:ana_estacoes;sqlite:sis_cloud_seed.db:ana_telemetria;
36650;Barramento II Fazenda Água Cristalina;Serra Nova Dourada;0;1;26310000;FAZENDA RANCHO ALTO;RIO MURERE;;-12,331700;-51,333100;48,84;556,90;0;jusante;;;;;;sqlite:sis_cloud_seed.db:ana_estacoes;sqlite:sis_cloud_seed.db:ana_telemetria;
35482;Tanque Cascata Produtiva;Serra Nova Dourada;0;1;26310000;FAZENDA RANCHO ALTO;RIO MURERE;;-12,331700;-51,333100;39,81;556,90;0;jusante;;;;;;sqlite:sis_cloud_seed.db:ana_estacoes;sqlite:sis_cloud_seed.db:ana_telemetria;
35482;Tanque Cascata Produtiva;Serra Nova Dourada;0;2;26350000;SÃO FÉLIX DO ARAGUAIA;RIO ARAGUAIA;;-11,618100;-50,662500;71,64;661,04;0;montante;;;;;;sqlite:sis_cloud_seed.db:ana_estacoes;sqlite:sis_cloud_seed.db:ana_telemetria;
31709;Barragem Chácara nº 270;Sinop;0;1;17273100;UHE COLÍDER PONTE MT-222;RIO TELES PIRES (OU SÃO MANUEL);;-11,893900;-55,656100;23,98;318,01;0;jusante;;;;;;sqlite:sis_cloud_seed.db:ana_estacoes;sqlite:sis_cloud_seed.db:ana_telemetria;
31709;Barragem Chácara nº 270;Sinop;0;2;17280940;UHE SINOP RESERVATÓRIO 1;RIO TELES PIRES (OU SÃO MANUEL);;-11,414700;-55,523300;45,58;373,13;0;montante;;;;;;sqlite:sis_cloud_seed.db:ana_estacoes;sqlite:sis_cloud_seed.db:ana_telemetria;
31709;Barragem Chácara nº 270;Sinop;0;3;17280970;UHE SINOP RESERVATÓRIO 2;RIO TELES PIRES (OU SÃO MANUEL);;-11,401700;-55,510800;46,79;374,83;0;montante;;;;;;sqlite:sis_cloud_seed.db:ana_estacoes;sqlite:sis_cloud_seed.db:ana_telemetria;
31633;Barragem na Fazenda Remanso I;Sinop;0;1;17280940;UHE SINOP RESERVATÓRIO 1;RIO TELES PIRES (OU SÃO MANUEL);;-11,414700;-55,523300;27,78;373,13;0;local;;;;;;sqlite:sis_cloud_seed.db:ana_estacoes;sqlite:sis_cloud_seed.db:ana_telemetria;
31633;Barragem na Fazenda Remanso I;Sinop;0;2;17280970;UHE SINOP RESERVATÓRIO 2;RIO TELES PIRES (OU SÃO MANUEL);;-11,401700;-55,510800;29,06;374,83;0;local;;;;;;sqlite:sis_cloud_seed.db:ana_estacoes;sqlite:sis_cloud_seed.db:ana_telemetria;
31633;Barragem na Fazenda Remanso I;Sinop;0;3;17280990;UHE SINOP JUSANTE;RIO TELES PIRES (OU SÃO MANUEL);;-11,265300;-55,451100;38,33;391,04;0;montante;;;;;;sqlite:sis_cloud_seed.db:ana_estacoes;sqlite:sis_cloud_seed.db:ana_telemetria;
34480;Barramento - Fazenda Alvorada II;Sinop;0;1;17273100;UHE COLÍDER PONTE MT-222;RIO TELES PIRES (OU SÃO MANUEL);;-11,893900;-55,656100;28,39;318,01;0;jusante;;;;;;sqlite:sis_cloud_seed.db:ana_estacoes;sqlite:sis_cloud_seed.db:ana_telemetria;
34480;Barramento - Fazenda Alvorada II;Sinop;0;2;17280940;UHE SINOP RESERVATÓRIO 1;RIO TELES PIRES (OU SÃO MANUEL);;-11,414700;-55,523300;33,53;373,13;0;montante;;;;;;sqlite:sis_cloud_seed.db:ana_estacoes;sqlite:sis_cloud_seed.db:ana_telemetria;
34480;Barramento - Fazenda Alvorada II;Sinop;0;3;17280970;UHE SINOP RESERVATÓRIO 2;RIO TELES PIRES (OU SÃO MANUEL);;-11,401700;-55,510800;35,51;374,83;0;montante;;;;;;sqlite:sis_cloud_seed.db:ana_estacoes;sqlite:sis_cloud_seed.db:ana_telemetria;
31632;Barramento Fazenda Remanso II;Sinop;0;1;17280940;UHE SINOP RESERVATÓRIO 1;RIO TELES PIRES (OU SÃO MANUEL);;-11,414700;-55,523300;26,92;373,13;0;local;;;;;;sqlite:sis_cloud_seed.db:ana_estacoes;sqlite:sis_cloud_seed.db:ana_telemetria;
31632;Barramento Fazenda Remanso II;Sinop;0;2;17280970;UHE SINOP RESERVATÓRIO 2;RIO TELES PIRES (OU SÃO MANUEL);;-11,401700;-55,510800;28,34;374,83;0;local;;;;;;sqlite:sis_cloud_seed.db:ana_estacoes;sqlite:sis_cloud_seed.db:ana_telemetria;
31632;Barramento Fazenda Remanso II;Sinop;0;3;17280990;UHE SINOP JUSANTE;RIO TELES PIRES (OU SÃO MANUEL);;-11,265300;-55,451100;38,68;391,04;0;montante;;;;;;sqlite:sis_cloud_seed.db:ana_estacoes;sqlite:sis_cloud_seed.db:ana_telemetria;
35124;Barramento Sítio Recanto da Natureza;Sinop;0;1;17273100;UHE COLÍDER PONTE MT-222;RIO TELES PIRES (OU SÃO MANUEL);;-11,893900;-55,656100;8,87;318,01;0;jusante;;;;;;sqlite:sis_cloud_seed.db:ana_estacoes;sqlite:sis_cloud_seed.db:ana_telemetria;
35124;Barramento Sítio Recanto da Natureza;Sinop;0;2;17280940;UHE SINOP RESERVATÓRIO 1;RIO TELES PIRES (OU SÃO MANUEL);;-11,414700;-55,523300;46,72;373,13;0;montante;;;;;;sqlite:sis_cloud_seed.db:ana_estacoes;sqlite:sis_cloud_seed.db:ana_telemetria;
35124;Barramento Sítio Recanto da Natureza;Sinop;0;3;17275100;UHE SINOP RIO VERDE;RIO VERDE;;-12,173100;-55,899400;47,89;282,99;0;jusante;;;;;;sqlite:sis_cloud_seed.db:ana_estacoes;sqlite:sis_cloud_seed.db:ana_telemetria;
32150;Fazenda Alvorada III;Sinop;0;1;17280940;UHE SINOP RESERVATÓRIO 1;RIO TELES PIRES (OU SÃO MANUEL);;-11,414700;-55,523300;29,57;373,13;0;montante;;;;;;sqlite:sis_cloud_seed.db:ana_estacoes;sqlite:sis_cloud_seed.db:ana_telemetria;
32150;Fazenda Alvorada III;Sinop;0;2;17280970;UHE SINOP RESERVATÓRIO 2;RIO TELES PIRES (OU SÃO MANUEL);;-11,401700;-55,510800;31,53;374,83;0;montante;;;;;;sqlite:sis_cloud_seed.db:ana_estacoes;sqlite:sis_cloud_seed.db:ana_telemetria;
32150;Fazenda Alvorada III;Sinop;0;3;17273100;UHE COLÍDER PONTE MT-222;RIO TELES PIRES (OU SÃO MANUEL);;-11,893900;-55,656100;36,87;318,01;0;jusante;;;;;;sqlite:sis_cloud_seed.db:ana_estacoes;sqlite:sis_cloud_seed.db:ana_telemetria;
31175;LOTES 79 E 80;Sinop;0;1;17273100;UHE COLÍDER PONTE MT-222;RIO TELES PIRES (OU SÃO MANUEL);;-11,893900;-55,656100;12,18;318,01;0;jusante;;;;;;sqlite:sis_cloud_seed.db:ana_estacoes;sqlite:sis_cloud_seed.db:ana_telemetria;
31175;LOTES 79 E 80;Sinop;0;2;17280940;UHE SINOP RESERVATÓRIO 1;RIO TELES PIRES (OU SÃO MANUEL);;-11,414700;-55,523300;47,35;373,13;0;montante;;;;;;sqlite:sis_cloud_seed.db:ana_estacoes;sqlite:sis_cloud_seed.db:ana_telemetria;
31175;LOTES 79 E 80;Sinop;0;3;17280970;UHE SINOP RESERVATÓRIO 2;RIO TELES PIRES (OU SÃO MANUEL);;-11,401700;-55,510800;48,92;374,83;0;montante;;;;;;sqlite:sis_cloud_seed.db:ana_estacoes;sqlite:sis_cloud_seed.db:ana_telemetria;
31468;BARRAGEM PRINCIPAL;Sorriso;0;1;17277500;UHE SINOP MONTANTE 2;RIO TELES PIRES (OU SÃO MANUEL);;-13,143300;-55,666900;33,88;183,55;0;jusante;;;;;;sqlite:sis_cloud_seed.db:ana_estacoes;sqlite:sis_cloud_seed.db:ana_telemetria;
31468;BARRAGEM PRINCIPAL;Sorriso;0;2;17271100;SORRISO;RIO TENENTE LIRA;;-12,535000;-55,707200;49,28;247,21;0;montante;213,3;19,41;;;2026-09-07 10:00:00;sqlite:sis_cloud_seed.db:ana_estacoes;sqlite:sis_cloud_seed.db:ana_telemetria;contexto_somente
31468;BARRAGEM PRINCIPAL;Sorriso;0;3;17230000;PCH CANOA QUEBRADA MONTANTE;RIO VERDE;;-13,051900;-55,905000;50,16;186,45;0;jusante;;;;;;sqlite:sis_cloud_seed.db:ana_estacoes;sqlite:sis_cloud_seed.db:ana_telemetria;
5891;Balneário Boa Esperança;Sorriso;0;1;01355007;PZ_SANTA RITA DO TRIVELATO;;;-13,825300;-55,270300;36,79;127,42;0;jusante;;;;;;sqlite:sis_cloud_seed.db:ana_estacoes;sqlite:sis_cloud_seed.db:ana_telemetria;
5891;Balneário Boa Esperança;Sorriso;0;2;18422400;PCH ARS MONTANTE;RIO ATELCHU OU VAN DEN STEINEN;;-13,148300;-54,835600;53,47;215,98;0;montante;;;;;;sqlite:sis_cloud_seed.db:ana_estacoes;sqlite:sis_cloud_seed.db:ana_telemetria;
5891;Balneário Boa Esperança;Sorriso;0;3;18422480;PCH ARS BARRAMENTO;RIO ATELCHU OU VAN DEN STEINEN;;-13,098300;-54,818100;58,97;221,77;0;montante;;;;;;sqlite:sis_cloud_seed.db:ana_estacoes;sqlite:sis_cloud_seed.db:ana_telemetria;
20139;Barragem 2;Sorriso;0;1;17275100;UHE SINOP RIO VERDE;RIO VERDE;;-12,173100;-55,899400;21,23;282,99;0;jusante;;;;;;sqlite:sis_cloud_seed.db:ana_estacoes;sqlite:sis_cloud_seed.db:ana_telemetria;
20139;Barragem 2;Sorriso;0;2;17273100;UHE COLÍDER PONTE MT-222;RIO TELES PIRES (OU SÃO MANUEL);;-11,893900;-55,656100;22,09;318,01;0;montante;;;;;;sqlite:sis_cloud_seed.db:ana_estacoes;sqlite:sis_cloud_seed.db:ana_telemetria;
20139;Barragem 2;Sorriso;0;3;17277300;UHE SINOP MONTANTE 1;RIO TELES PIRES (OU SÃO MANUEL);;-12,288100;-55,600800;27,11;276,64;0;jusante;;;;;;sqlite:sis_cloud_seed.db:ana_estacoes;sqlite:sis_cloud_seed.db:ana_telemetria;
8035;Barragem Caititu;Sorriso;0;1;17278500;PCH FOZ DO CEDRO JUSANTE;RIO VERDE;;-12,749400;-56,033600;28,09;217,62;0;jusante;;;;;;sqlite:sis_cloud_seed.db:ana_estacoes;sqlite:sis_cloud_seed.db:ana_telemetria;
8035;Barragem Caititu;Sorriso;0;2;17278490;PCH FOZ DO CEDRO BARRAMENTO;RIO VERDE;;-12,750800;-56,033600;28,24;217,47;0;jusante;;;;;;sqlite:sis_cloud_seed.db:ana_estacoes;sqlite:sis_cloud_seed.db:ana_telemetria;
8035;Barragem Caititu;Sorriso;0;3;17271100;SORRISO;RIO TENENTE LIRA;;-12,535000;-55,707200;31,46;247,21;0;jusante;213,3;19,41;;;2026-09-07 10:00:00;sqlite:sis_cloud_seed.db:ana_estacoes;sqlite:sis_cloud_seed.db:ana_telemetria;contexto_somente
35537;Barragem Fazenda Barreiro III;Sorriso;0;1;17277300;UHE SINOP MONTANTE 1;RIO TELES PIRES (OU SÃO MANUEL);;-12,288100;-55,600800;10,61;276,64;0;jusante;;;;;;sqlite:sis_cloud_seed.db:ana_estacoes;sqlite:sis_cloud_seed.db:ana_telemetria;
35537;Barragem Fazenda Barreiro III;Sorriso;0;2;17277000;FAZENDA CERON;RIO CELESTE;;-12,310100;-55,567700;13,26;275,20;0;jusante;300,0;36,91;;;2026-09-07 09:30:00;sqlite:sis_cloud_seed.db:ana_estacoes;sqlite:sis_cloud_seed.db:ana_telemetria;contexto_somente
35537;Barragem Fazenda Barreiro III;Sorriso;0;3;17275100;UHE SINOP RIO VERDE;RIO VERDE;;-12,173100;-55,899400;33,54;282,99;0;local;;;;;;sqlite:sis_cloud_seed.db:ana_estacoes;sqlite:sis_cloud_seed.db:ana_telemetria;
19988;Barragem I - Fazenda Santa Ernestina I;Sorriso;0;1;17271100;SORRISO;RIO TENENTE LIRA;;-12,535000;-55,707200;5,74;247,21;0;jusante;213,3;19,41;;;2026-09-07 10:00:00;sqlite:sis_cloud_seed.db:ana_estacoes;sqlite:sis_cloud_seed.db:ana_telemetria;contexto_somente
19988;Barragem I - Fazenda Santa Ernestina I;Sorriso;0;2;17277000;FAZENDA CERON;RIO CELESTE;;-12,310100;-55,567700;23,53;275,20;0;montante;300,0;36,91;;;2026-09-07 09:30:00;sqlite:sis_cloud_seed.db:ana_estacoes;sqlite:sis_cloud_seed.db:ana_telemetria;contexto_somente
19988;Barragem I - Fazenda Santa Ernestina I;Sorriso;0;3;17277300;UHE SINOP MONTANTE 1;RIO TELES PIRES (OU SÃO MANUEL);;-12,288100;-55,600800;24,05;276,64;0;montante;;;;;;sqlite:sis_cloud_seed.db:ana_estacoes;sqlite:sis_cloud_seed.db:ana_telemetria;
31648;Barragem I Fazenda Santana;Sorriso;0;1;17271100;SORRISO;RIO TENENTE LIRA;;-12,535000;-55,707200;21,19;247,21;0;montante;213,3;19,41;;;2026-09-07 10:00:00;sqlite:sis_cloud_seed.db:ana_estacoes;sqlite:sis_cloud_seed.db:ana_telemetria;contexto_somente
31648;Barragem I Fazenda Santana;Sorriso;0;2;17277000;FAZENDA CERON;RIO CELESTE;;-12,310100;-55,567700;43,40;275,20;0;montante;300,0;36,91;;;2026-09-07 09:30:00;sqlite:sis_cloud_seed.db:ana_estacoes;sqlite:sis_cloud_seed.db:ana_telemetria;contexto_somente
31648;Barragem I Fazenda Santana;Sorriso;0;3;17260000;PCH CANOA QUEBRADA BARRAMENTO;RIO VERDE;;-12,793900;-56,008300;44,80;213,01;0;jusante;;;;;;sqlite:sis_cloud_seed.db:ana_estacoes;sqlite:sis_cloud_seed.db:ana_telemetria;
19995;Barragem IMA;Sorriso;0;1;17260000;PCH CANOA QUEBRADA BARRAMENTO;RIO VERDE;;-12,793900;-56,008300;18,07;213,01;0;local;;;;;;sqlite:sis_cloud_seed.db:ana_estacoes;sqlite:sis_cloud_seed.db:ana_telemetria;
19995;Barragem IMA;Sorriso;0;2;17270000;PCH CANOA QUEBRADA JUSANTE;RIO VERDE;;-12,793300;-56,010800;18,33;213,05;0;local;;;;;;sqlite:sis_cloud_seed.db:ana_estacoes;sqlite:sis_cloud_seed.db:ana_telemetria;
19995;Barragem IMA;Sorriso;0;3;17278490;PCH FOZ DO CEDRO BARRAMENTO;RIO VERDE;;-12,750800;-56,033600;20,64;217,47;0;local;;;;;;sqlite:sis_cloud_seed.db:ana_estacoes;sqlite:sis_cloud_seed.db:ana_telemetria;
35227;Barragem Principal - Fazenda Juliana;Sorriso;0;1;17277500;UHE SINOP MONTANTE 2;RIO TELES PIRES (OU SÃO MANUEL);;-13,143300;-55,666900;35,27;183,55;0;jusante;;;;;;sqlite:sis_cloud_seed.db:ana_estacoes;sqlite:sis_cloud_seed.db:ana_telemetria;
35227;Barragem Principal - Fazenda Juliana;Sorriso;0;2;17230000;PCH CANOA QUEBRADA MONTANTE;RIO VERDE;;-13,051900;-55,905000;58,12;186,45;0;jusante;;;;;;sqlite:sis_cloud_seed.db:ana_estacoes;sqlite:sis_cloud_seed.db:ana_telemetria;
35227;Barragem Principal - Fazenda Juliana;Sorriso;0;3;18422400;PCH ARS MONTANTE;RIO ATELCHU OU VAN DEN STEINEN;;-13,148300;-54,835600;59,79;215,98;0;jusante;;;;;;sqlite:sis_cloud_seed.db:ana_estacoes;sqlite:sis_cloud_seed.db:ana_telemetria;
35256;Barragem São Miguel;Sorriso;0;1;17277500;UHE SINOP MONTANTE 2;RIO TELES PIRES (OU SÃO MANUEL);;-13,143300;-55,666900;14,12;183,55;0;local;;;;;;sqlite:sis_cloud_seed.db:ana_estacoes;sqlite:sis_cloud_seed.db:ana_telemetria;
35256;Barragem São Miguel;Sorriso;0;2;17230000;PCH CANOA QUEBRADA MONTANTE;RIO VERDE;;-13,051900;-55,905000;14,51;186,45;0;montante;;;;;;sqlite:sis_cloud_seed.db:ana_estacoes;sqlite:sis_cloud_seed.db:ana_telemetria;
35256;Barragem São Miguel;Sorriso;0;3;01355006;PZ_LUCAS DO RIO VERDE;;;-13,073300;-55,923100;15,03;183,74;0;montante;;;;;;sqlite:sis_cloud_seed.db:ana_estacoes;sqlite:sis_cloud_seed.db:ana_telemetria;
35461;Barramento - Fazenda Santo Antônio;Sorriso;0;1;17260000;PCH CANOA QUEBRADA BARRAMENTO;RIO VERDE;;-12,793900;-56,008300;16,76;213,01;0;local;;;;;;sqlite:sis_cloud_seed.db:ana_estacoes;sqlite:sis_cloud_seed.db:ana_telemetria;
35461;Barramento - Fazenda Santo Antônio;Sorriso;0;2;17270000;PCH CANOA QUEBRADA JUSANTE;RIO VERDE;;-12,793300;-56,010800;17,02;213,05;0;local;;;;;;sqlite:sis_cloud_seed.db:ana_estacoes;sqlite:sis_cloud_seed.db:ana_telemetria;
35461;Barramento - Fazenda Santo Antônio;Sorriso;0;3;17278490;PCH FOZ DO CEDRO BARRAMENTO;RIO VERDE;;-12,750800;-56,033600;19,82;217,47;0;montante;;;;;;sqlite:sis_cloud_seed.db:ana_estacoes;sqlite:sis_cloud_seed.db:ana_telemetria;
35123;Barramento - Fazenda Seriema;Sorriso;0;1;17271100;SORRISO;RIO TENENTE LIRA;;-12,535000;-55,707200;11,40;247,21;0;jusante;213,3;19,41;;;2026-09-07 10:00:00;sqlite:sis_cloud_seed.db:ana_estacoes;sqlite:sis_cloud_seed.db:ana_telemetria;contexto_somente
35123;Barramento - Fazenda Seriema;Sorriso;0;2;17277300;UHE SINOP MONTANTE 1;RIO TELES PIRES (OU SÃO MANUEL);;-12,288100;-55,600800;22,52;276,64;0;montante;;;;;;sqlite:sis_cloud_seed.db:ana_estacoes;sqlite:sis_cloud_seed.db:ana_telemetria;
35123;Barramento - Fazenda Seriema;Sorriso;0;3;17277000;FAZENDA CERON;RIO CELESTE;;-12,310100;-55,567700;23,53;275,20;0;montante;300,0;36,91;;;2026-09-07 09:30:00;sqlite:sis_cloud_seed.db:ana_estacoes;sqlite:sis_cloud_seed.db:ana_telemetria;contexto_somente
34025;Barramento 01 (Montante) São Cristóvão;Sorriso;0;1;17277500;UHE SINOP MONTANTE 2;RIO TELES PIRES (OU SÃO MANUEL);;-13,143300;-55,666900;24,70;183,55;0;montante;;;;;;sqlite:sis_cloud_seed.db:ana_estacoes;sqlite:sis_cloud_seed.db:ana_telemetria;
34025;Barramento 01 (Montante) São Cristóvão;Sorriso;0;2;17228000;PCH CANOA QUEBRADA RIBEIRÃO GRANDE;RIBEIRÃO GRANDE;;-13,401700;-55,826900;45,24;150,79;0;jusante;;;;;;sqlite:sis_cloud_seed.db:ana_estacoes;sqlite:sis_cloud_seed.db:ana_telemetria;
34025;Barramento 01 (Montante) São Cristóvão;Sorriso;0;3;17229000;PCH CANOA QUEBRADA RIBEIRÃO RANCHÃO;RIBEIRÃO RANCHÃO;;-13,298600;-55,912200;50,48;159,47;0;jusante;;;;;;sqlite:sis_cloud_seed.db:ana_estacoes;sqlite:sis_cloud_seed.db:ana_telemetria;
20070;Barramento 02 (Montante) - São Cristóvão;Sorriso;0;1;17277500;UHE SINOP MONTANTE 2;RIO TELES PIRES (OU SÃO MANUEL);;-13,143300;-55,666900;23,74;183,55;0;montante;;;;;;sqlite:sis_cloud_seed.db:ana_estacoes;sqlite:sis_cloud_seed.db:ana_telemetria;
20070;Barramento 02 (Montante) - São Cristóvão;Sorriso;0;2;17228000;PCH CANOA QUEBRADA RIBEIRÃO GRANDE;RIBEIRÃO GRANDE;;-13,401700;-55,826900;44,27;150,79;0;jusante;;;;;;sqlite:sis_cloud_seed.db:ana_estacoes;sqlite:sis_cloud_seed.db:ana_telemetria;
20070;Barramento 02 (Montante) - São Cristóvão;Sorriso;0;3;17229000;PCH CANOA QUEBRADA RIBEIRÃO RANCHÃO;RIBEIRÃO RANCHÃO;;-13,298600;-55,912200;49,44;159,47;0;jusante;;;;;;sqlite:sis_cloud_seed.db:ana_estacoes;sqlite:sis_cloud_seed.db:ana_telemetria;
35272;Barramento 02 Fazenda Água Azul;Sorriso;0;1;17277500;UHE SINOP MONTANTE 2;RIO TELES PIRES (OU SÃO MANUEL);;-13,143300;-55,666900;32,50;183,55;0;montante;;;;;;sqlite:sis_cloud_seed.db:ana_estacoes;sqlite:sis_cloud_seed.db:ana_telemetria;
35272;Barramento 02 Fazenda Água Azul;Sorriso;0;2;17228000;PCH CANOA QUEBRADA RIBEIRÃO GRANDE;RIBEIRÃO GRANDE;;-13,401700;-55,826900;52,78;150,79;0;jusante;;;;;;sqlite:sis_cloud_seed.db:ana_estacoes;sqlite:sis_cloud_seed.db:ana_telemetria;
35272;Barramento 02 Fazenda Água Azul;Sorriso;0;3;17229000;PCH CANOA QUEBRADA RIBEIRÃO RANCHÃO;RIBEIRÃO RANCHÃO;;-13,298600;-55,912200;58,62;159,47;0;jusante;;;;;;sqlite:sis_cloud_seed.db:ana_estacoes;sqlite:sis_cloud_seed.db:ana_telemetria;
34024;Barramento 3-  São Cristóvão;Sorriso;0;1;17277500;UHE SINOP MONTANTE 2;RIO TELES PIRES (OU SÃO MANUEL);;-13,143300;-55,666900;23,40;183,55;0;montante;;;;;;sqlite:sis_cloud_seed.db:ana_estacoes;sqlite:sis_cloud_seed.db:ana_telemetria;
34024;Barramento 3-  São Cristóvão;Sorriso;0;2;17228000;PCH CANOA QUEBRADA RIBEIRÃO GRANDE;RIBEIRÃO GRANDE;;-13,401700;-55,826900;43,72;150,79;0;jusante;;;;;;sqlite:sis_cloud_seed.db:ana_estacoes;sqlite:sis_cloud_seed.db:ana_telemetria;
34024;Barramento 3-  São Cristóvão;Sorriso;0;3;17229000;PCH CANOA QUEBRADA RIBEIRÃO RANCHÃO;RIBEIRÃO RANCHÃO;;-13,298600;-55,912200;48,92;159,47;0;jusante;;;;;;sqlite:sis_cloud_seed.db:ana_estacoes;sqlite:sis_cloud_seed.db:ana_telemetria;
36511;Barramento Fazenda Cascata e Cascata II;Sorriso;0;1;17260000;PCH CANOA QUEBRADA BARRAMENTO;RIO VERDE;;-12,793900;-56,008300;17,70;213,01;0;jusante;;;;;;sqlite:sis_cloud_seed.db:ana_estacoes;sqlite:sis_cloud_seed.db:ana_telemetria;
36511;Barramento Fazenda Cascata e Cascata II;Sorriso;0;2;17270000;PCH CANOA QUEBRADA JUSANTE;RIO VERDE;;-12,793300;-56,010800;17,94;213,05;0;jusante;;;;;;sqlite:sis_cloud_seed.db:ana_estacoes;sqlite:sis_cloud_seed.db:ana_telemetria;
36511;Barramento Fazenda Cascata e Cascata II;Sorriso;0;3;17278490;PCH FOZ DO CEDRO BARRAMENTO;RIO VERDE;;-12,750800;-56,033600;19,95;217,47;0;local;;;;;;sqlite:sis_cloud_seed.db:ana_estacoes;sqlite:sis_cloud_seed.db:ana_telemetria;
8050;Barramento Fazenda Rodeio;Sorriso;0;1;17271100;SORRISO;RIO TENENTE LIRA;;-12,535000;-55,707200;27,07;247,21;0;montante;213,3;19,41;;;2026-09-07 10:00:00;sqlite:sis_cloud_seed.db:ana_estacoes;sqlite:sis_cloud_seed.db:ana_telemetria;contexto_somente
8050;Barramento Fazenda Rodeio;Sorriso;0;2;17277000;FAZENDA CERON;RIO CELESTE;;-12,310100;-55,567700;46,54;275,20;0;montante;300,0;36,91;;;2026-09-07 09:30:00;sqlite:sis_cloud_seed.db:ana_estacoes;sqlite:sis_cloud_seed.db:ana_telemetria;contexto_somente
8050;Barramento Fazenda Rodeio;Sorriso;0;3;17277500;UHE SINOP MONTANTE 2;RIO TELES PIRES (OU SÃO MANUEL);;-13,143300;-55,666900;47,68;183,55;0;jusante;;;;;;sqlite:sis_cloud_seed.db:ana_estacoes;sqlite:sis_cloud_seed.db:ana_telemetria;
35534;Barramento Fazenda Água Azul II;Sorriso;0;1;17277500;UHE SINOP MONTANTE 2;RIO TELES PIRES (OU SÃO MANUEL);;-13,143300;-55,666900;33,67;183,55;0;montante;;;;;;sqlite:sis_cloud_seed.db:ana_estacoes;sqlite:sis_cloud_seed.db:ana_telemetria;
35534;Barramento Fazenda Água Azul II;Sorriso;0;2;17228000;PCH CANOA QUEBRADA RIBEIRÃO GRANDE;RIBEIRÃO GRANDE;;-13,401700;-55,826900;55,28;150,79;0;jusante;;;;;;sqlite:sis_cloud_seed.db:ana_estacoes;sqlite:sis_cloud_seed.db:ana_telemetria;
35534;Barramento Fazenda Água Azul II;Sorriso;0;3;18422400;PCH ARS MONTANTE;RIO ATELCHU OU VAN DEN STEINEN;;-13,148300;-54,835600;57,15;215,98;0;montante;;;;;;sqlite:sis_cloud_seed.db:ana_estacoes;sqlite:sis_cloud_seed.db:ana_telemetria;
35130;Barramento MONTANTE;Sorriso;0;1;17271100;SORRISO;RIO TENENTE LIRA;;-12,535000;-55,707200;11,87;247,21;0;jusante;213,3;19,41;;;2026-09-07 10:00:00;sqlite:sis_cloud_seed.db:ana_estacoes;sqlite:sis_cloud_seed.db:ana_telemetria;contexto_somente
35130;Barramento MONTANTE;Sorriso;0;2;17277000;FAZENDA CERON;RIO CELESTE;;-12,310100;-55,567700;18,56;275,20;0;montante;300,0;36,91;;;2026-09-07 09:30:00;sqlite:sis_cloud_seed.db:ana_estacoes;sqlite:sis_cloud_seed.db:ana_telemetria;contexto_somente
35130;Barramento MONTANTE;Sorriso;0;3;17277300;UHE SINOP MONTANTE 1;RIO TELES PIRES (OU SÃO MANUEL);;-12,288100;-55,600800;20,18;276,64;0;montante;;;;;;sqlite:sis_cloud_seed.db:ana_estacoes;sqlite:sis_cloud_seed.db:ana_telemetria;
35131;Barramento MONTANTE 2;Sorriso;0;1;17271100;SORRISO;RIO TENENTE LIRA;;-12,535000;-55,707200;12,34;247,21;0;jusante;213,3;19,41;;;2026-09-07 10:00:00;sqlite:sis_cloud_seed.db:ana_estacoes;sqlite:sis_cloud_seed.db:ana_telemetria;contexto_somente
35131;Barramento MONTANTE 2;Sorriso;0;2;17277000;FAZENDA CERON;RIO CELESTE;;-12,310100;-55,567700;18,36;275,20;0;montante;300,0;36,91;;;2026-09-07 09:30:00;sqlite:sis_cloud_seed.db:ana_estacoes;sqlite:sis_cloud_seed.db:ana_telemetria;contexto_somente
35131;Barramento MONTANTE 2;Sorriso;0;3;17277300;UHE SINOP MONTANTE 1;RIO TELES PIRES (OU SÃO MANUEL);;-12,288100;-55,600800;20,09;276,64;0;montante;;;;;;sqlite:sis_cloud_seed.db:ana_estacoes;sqlite:sis_cloud_seed.db:ana_telemetria;
35230;Barramento Montante - Fazenda Juliana;Sorriso;0;1;17277500;UHE SINOP MONTANTE 2;RIO TELES PIRES (OU SÃO MANUEL);;-13,143300;-55,666900;33,22;183,55;0;jusante;;;;;;sqlite:sis_cloud_seed.db:ana_estacoes;sqlite:sis_cloud_seed.db:ana_telemetria;
35230;Barramento Montante - Fazenda Juliana;Sorriso;0;2;17230000;PCH CANOA QUEBRADA MONTANTE;RIO VERDE;;-13,051900;-55,905000;56,03;186,45;0;jusante;;;;;;sqlite:sis_cloud_seed.db:ana_estacoes;sqlite:sis_cloud_seed.db:ana_telemetria;
35230;Barramento Montante - Fazenda Juliana;Sorriso;0;3;01355006;PZ_LUCAS DO RIO VERDE;;;-13,073300;-55,923100;58,19;183,74;0;jusante;;;;;;sqlite:sis_cloud_seed.db:ana_estacoes;sqlite:sis_cloud_seed.db:ana_telemetria;
35128;Barramento PRINCIPAL;Sorriso;0;1;17271100;SORRISO;RIO TENENTE LIRA;;-12,535000;-55,707200;11,71;247,21;0;jusante;213,3;19,41;;;2026-09-07 10:00:00;sqlite:sis_cloud_seed.db:ana_estacoes;sqlite:sis_cloud_seed.db:ana_telemetria;contexto_somente
35128;Barramento PRINCIPAL;Sorriso;0;2;17277000;FAZENDA CERON;RIO CELESTE;;-12,310100;-55,567700;18,61;275,20;0;montante;300,0;36,91;;;2026-09-07 09:30:00;sqlite:sis_cloud_seed.db:ana_estacoes;sqlite:sis_cloud_seed.db:ana_telemetria;contexto_somente
35128;Barramento PRINCIPAL;Sorriso;0;3;17277300;UHE SINOP MONTANTE 1;RIO TELES PIRES (OU SÃO MANUEL);;-12,288100;-55,600800;20,19;276,64;0;montante;;;;;;sqlite:sis_cloud_seed.db:ana_estacoes;sqlite:sis_cloud_seed.db:ana_telemetria;
8043;Barramento Sede;Sorriso;0;1;17273100;UHE COLÍDER PONTE MT-222;RIO TELES PIRES (OU SÃO MANUEL);;-11,893900;-55,656100;19,59;318,01;0;montante;;;;;;sqlite:sis_cloud_seed.db:ana_estacoes;sqlite:sis_cloud_seed.db:ana_telemetria;
8043;Barramento Sede;Sorriso;0;2;17275100;UHE SINOP RIO VERDE;RIO VERDE;;-12,173100;-55,899400;22,48;282,99;0;jusante;;;;;;sqlite:sis_cloud_seed.db:ana_estacoes;sqlite:sis_cloud_seed.db:ana_telemetria;
8043;Barramento Sede;Sorriso;0;3;17277300;UHE SINOP MONTANTE 1;RIO TELES PIRES (OU SÃO MANUEL);;-12,288100;-55,600800;29,81;276,64;0;jusante;;;;;;sqlite:sis_cloud_seed.db:ana_estacoes;sqlite:sis_cloud_seed.db:ana_telemetria;
34130;CGH Fazenda Sao Jose I - Sorriso - BARRAGEM - FAZ. SÃO JOSÉ;Sorriso;0;1;17271100;SORRISO;RIO TENENTE LIRA;;-12,535000;-55,707200;19,37;247,21;0;montante;213,3;19,41;;;2026-09-07 10:00:00;sqlite:sis_cloud_seed.db:ana_estacoes;sqlite:sis_cloud_seed.db:ana_telemetria;contexto_somente
34130;CGH Fazenda Sao Jose I - Sorriso - BARRAGEM - FAZ. SÃO JOSÉ;Sorriso;0;2;17278500;PCH FOZ DO CEDRO JUSANTE;RIO VERDE;;-12,749400;-56,033600;24,65;217,62;0;jusante;;;;;;sqlite:sis_cloud_seed.db:ana_estacoes;sqlite:sis_cloud_seed.db:ana_telemetria;
34130;CGH Fazenda Sao Jose I - Sorriso - BARRAGEM - FAZ. SÃO JOSÉ;Sorriso;0;3;17278490;PCH FOZ DO CEDRO BARRAMENTO;RIO VERDE;;-12,750800;-56,033600;24,76;217,47;0;jusante;;;;;;sqlite:sis_cloud_seed.db:ana_estacoes;sqlite:sis_cloud_seed.db:ana_telemetria;
19992;Chácara Santa Cristina;Sorriso;0;1;17271100;SORRISO;RIO TENENTE LIRA;;-12,535000;-55,707200;17,41;247,21;0;montante;213,3;19,41;;;2026-09-07 10:00:00;sqlite:sis_cloud_seed.db:ana_estacoes;sqlite:sis_cloud_seed.db:ana_telemetria;contexto_somente
19992;Chácara Santa Cristina;Sorriso;0;2;17260000;PCH CANOA QUEBRADA BARRAMENTO;RIO VERDE;;-12,793900;-56,008300;31,82;213,01;0;jusante;;;;;;sqlite:sis_cloud_seed.db:ana_estacoes;sqlite:sis_cloud_seed.db:ana_telemetria;
19992;Chácara Santa Cristina;Sorriso;0;3;17270000;PCH CANOA QUEBRADA JUSANTE;RIO VERDE;;-12,793300;-56,010800;32,05;213,05;0;jusante;;;;;;sqlite:sis_cloud_seed.db:ana_estacoes;sqlite:sis_cloud_seed.db:ana_telemetria;
33406;Estrela de Fogo;Sorriso;0;1;17273100;UHE COLÍDER PONTE MT-222;RIO TELES PIRES (OU SÃO MANUEL);;-11,893900;-55,656100;20,49;318,01;0;montante;;;;;;sqlite:sis_cloud_seed.db:ana_estacoes;sqlite:sis_cloud_seed.db:ana_telemetria;
33406;Estrela de Fogo;Sorriso;0;2;17275100;UHE SINOP RIO VERDE;RIO VERDE;;-12,173100;-55,899400;20,53;282,99;0;jusante;;;;;;sqlite:sis_cloud_seed.db:ana_estacoes;sqlite:sis_cloud_seed.db:ana_telemetria;
33406;Estrela de Fogo;Sorriso;0;3;17277300;UHE SINOP MONTANTE 1;RIO TELES PIRES (OU SÃO MANUEL);;-12,288100;-55,600800;32,13;276,64;0;jusante;;;;;;sqlite:sis_cloud_seed.db:ana_estacoes;sqlite:sis_cloud_seed.db:ana_telemetria;
8042;FAZ. CEOLATTO;Sorriso;0;1;17260000;PCH CANOA QUEBRADA BARRAMENTO;RIO VERDE;;-12,793900;-56,008300;25,00;213,01;0;montante;;;;;;sqlite:sis_cloud_seed.db:ana_estacoes;sqlite:sis_cloud_seed.db:ana_telemetria;
8042;FAZ. CEOLATTO;Sorriso;0;2;17270000;PCH CANOA QUEBRADA JUSANTE;RIO VERDE;;-12,793300;-56,010800;25,28;213,05;0;montante;;;;;;sqlite:sis_cloud_seed.db:ana_estacoes;sqlite:sis_cloud_seed.db:ana_telemetria;
8042;FAZ. CEOLATTO;Sorriso;0;3;17230000;PCH CANOA QUEBRADA MONTANTE;RIO VERDE;;-13,051900;-55,905000;26,49;186,45;0;jusante;;;;;;sqlite:sis_cloud_seed.db:ana_estacoes;sqlite:sis_cloud_seed.db:ana_telemetria;
295;FAZENDA CAROL I, II e III - Barragem II;Sorriso;0;1;17275100;UHE SINOP RIO VERDE;RIO VERDE;;-12,173100;-55,899400;12,51;282,99;0;jusante;;;;;;sqlite:sis_cloud_seed.db:ana_estacoes;sqlite:sis_cloud_seed.db:ana_telemetria;
295;FAZENDA CAROL I, II e III - Barragem II;Sorriso;0;2;17273100;UHE COLÍDER PONTE MT-222;RIO TELES PIRES (OU SÃO MANUEL);;-11,893900;-55,656100;28,43;318,01;0;montante;;;;;;sqlite:sis_cloud_seed.db:ana_estacoes;sqlite:sis_cloud_seed.db:ana_telemetria;
295;FAZENDA CAROL I, II e III - Barragem II;Sorriso;0;3;17277300;UHE SINOP MONTANTE 1;RIO TELES PIRES (OU SÃO MANUEL);;-12,288100;-55,600800;31,37;276,64;0;jusante;;;;;;sqlite:sis_cloud_seed.db:ana_estacoes;sqlite:sis_cloud_seed.db:ana_telemetria;
20032;FAZENDA CASCATA;Sorriso;0;1;17260000;PCH CANOA QUEBRADA BARRAMENTO;RIO VERDE;;-12,793900;-56,008300;17,70;213,01;0;jusante;;;;;;sqlite:sis_cloud_seed.db:ana_estacoes;sqlite:sis_cloud_seed.db:ana_telemetria;
20032;FAZENDA CASCATA;Sorriso;0;2;17270000;PCH CANOA QUEBRADA JUSANTE;RIO VERDE;;-12,793300;-56,010800;17,95;213,05;0;jusante;;;;;;sqlite:sis_cloud_seed.db:ana_estacoes;sqlite:sis_cloud_seed.db:ana_telemetria;
20032;FAZENDA CASCATA;Sorriso;0;3;17278490;PCH FOZ DO CEDRO BARRAMENTO;RIO VERDE;;-12,750800;-56,033600;19,95;217,47;0;local;;;;;;sqlite:sis_cloud_seed.db:ana_estacoes;sqlite:sis_cloud_seed.db:ana_telemetria;
20035;FAZENDA JABORANDI;Sorriso;0;1;17275100;UHE SINOP RIO VERDE;RIO VERDE;;-12,173100;-55,899400;21,03;282,99;0;montante;;;;;;sqlite:sis_cloud_seed.db:ana_estacoes;sqlite:sis_cloud_seed.db:ana_telemetria;
20035;FAZENDA JABORANDI;Sorriso;0;2;17271100;SORRISO;RIO TENENTE LIRA;;-12,535000;-55,707200;34,24;247,21;0;jusante;213,3;19,41;;;2026-09-07 10:00:00;sqlite:sis_cloud_seed.db:ana_estacoes;sqlite:sis_cloud_seed.db:ana_telemetria;contexto_somente
20035;FAZENDA JABORANDI;Sorriso;0;3;17277300;UHE SINOP MONTANTE 1;RIO TELES PIRES (OU SÃO MANUEL);;-12,288100;-55,600800;39,79;276,64;0;montante;;;;;;sqlite:sis_cloud_seed.db:ana_estacoes;sqlite:sis_cloud_seed.db:ana_telemetria;
294;FAZENDA LUIZ EDUARDO I e II;Sorriso;0;1;17275100;UHE SINOP RIO VERDE;RIO VERDE;;-12,173100;-55,899400;10,16;282,99;0;montante;;;;;;sqlite:sis_cloud_seed.db:ana_estacoes;sqlite:sis_cloud_seed.db:ana_telemetria;
294;FAZENDA LUIZ EDUARDO I e II;Sorriso;0;2;17277300;UHE SINOP MONTANTE 1;RIO TELES PIRES (OU SÃO MANUEL);;-12,288100;-55,600800;26,36;276,64;0;jusante;;;;;;sqlite:sis_cloud_seed.db:ana_estacoes;sqlite:sis_cloud_seed.db:ana_telemetria;
294;FAZENDA LUIZ EDUARDO I e II;Sorriso;0;3;17277000;FAZENDA CERON;RIO CELESTE;;-12,310100;-55,567700;30,40;275,20;0;jusante;300,0;36,91;;;2026-09-07 09:30:00;sqlite:sis_cloud_seed.db:ana_estacoes;sqlite:sis_cloud_seed.db:ana_telemetria;contexto_somente
305;FAZENDA MEU PEDAÇO;Sorriso;0;1;17277300;UHE SINOP MONTANTE 1;RIO TELES PIRES (OU SÃO MANUEL);;-12,288100;-55,600800;9,98;276,64;0;jusante;;;;;;sqlite:sis_cloud_seed.db:ana_estacoes;sqlite:sis_cloud_seed.db:ana_telemetria;
305;FAZENDA MEU PEDAÇO;Sorriso;0;2;17277000;FAZENDA CERON;RIO CELESTE;;-12,310100;-55,567700;14,27;275,20;0;jusante;300,0;36,91;;;2026-09-07 09:30:00;sqlite:sis_cloud_seed.db:ana_estacoes;sqlite:sis_cloud_seed.db:ana_telemetria;contexto_somente
305;FAZENDA MEU PEDAÇO;Sorriso;0;3;17275100;UHE SINOP RIO VERDE;RIO VERDE;;-12,173100;-55,899400;26,09;282,99;0;montante;;;;;;sqlite:sis_cloud_seed.db:ana_estacoes;sqlite:sis_cloud_seed.db:ana_telemetria;
306;FAZENDA POTRICH;Sorriso;0;1;17277500;UHE SINOP MONTANTE 2;RIO TELES PIRES (OU SÃO MANUEL);;-13,143300;-55,666900;28,59;183,55;0;jusante;;;;;;sqlite:sis_cloud_seed.db:ana_estacoes;sqlite:sis_cloud_seed.db:ana_telemetria;
306;FAZENDA POTRICH;Sorriso;0;2;17230000;PCH CANOA QUEBRADA MONTANTE;RIO VERDE;;-13,051900;-55,905000;45,58;186,45;0;jusante;;;;;;sqlite:sis_cloud_seed.db:ana_estacoes;sqlite:sis_cloud_seed.db:ana_telemetria;
306;FAZENDA POTRICH;Sorriso;0;3;01355006;PZ_LUCAS DO RIO VERDE;;;-13,073300;-55,923100;48,12;183,74;0;jusante;;;;;;sqlite:sis_cloud_seed.db:ana_estacoes;sqlite:sis_cloud_seed.db:ana_telemetria;
20034;FAZENDA RIO VERDE;Sorriso;0;1;17230000;PCH CANOA QUEBRADA MONTANTE;RIO VERDE;;-13,051900;-55,905000;9,87;186,45;0;jusante;;;;;;sqlite:sis_cloud_seed.db:ana_estacoes;sqlite:sis_cloud_seed.db:ana_telemetria;
20034;FAZENDA RIO VERDE;Sorriso;0;2;01355006;PZ_LUCAS DO RIO VERDE;;;-13,073300;-55,923100;12,85;183,74;0;jusante;;;;;;sqlite:sis_cloud_seed.db:ana_estacoes;sqlite:sis_cloud_seed.db:ana_telemetria;
20034;FAZENDA RIO VERDE;Sorriso;0;3;17260000;PCH CANOA QUEBRADA BARRAMENTO;RIO VERDE;;-12,793900;-56,008300;24,61;213,01;0;montante;;;;;;sqlite:sis_cloud_seed.db:ana_estacoes;sqlite:sis_cloud_seed.db:ana_telemetria;
20214;Faz. Chapadão Verde;Sorriso;0;1;17271100;SORRISO;RIO TENENTE LIRA;;-12,535000;-55,707200;21,36;247,21;0;montante;213,3;19,41;;;2026-09-07 10:00:00;sqlite:sis_cloud_seed.db:ana_estacoes;sqlite:sis_cloud_seed.db:ana_telemetria;contexto_somente
20214;Faz. Chapadão Verde;Sorriso;0;2;17278500;PCH FOZ DO CEDRO JUSANTE;RIO VERDE;;-12,749400;-56,033600;23,95;217,62;0;jusante;;;;;;sqlite:sis_cloud_seed.db:ana_estacoes;sqlite:sis_cloud_seed.db:ana_telemetria;
20214;Faz. Chapadão Verde;Sorriso;0;3;17278490;PCH FOZ DO CEDRO BARRAMENTO;RIO VERDE;;-12,750800;-56,033600;24,08;217,47;0;jusante;;;;;;sqlite:sis_cloud_seed.db:ana_estacoes;sqlite:sis_cloud_seed.db:ana_telemetria;
8039;Faz. Paraíso;Sorriso;0;1;17271100;SORRISO;RIO TENENTE LIRA;;-12,535000;-55,707200;25,49;247,21;0;local;213,3;19,41;;;2026-09-07 10:00:00;sqlite:sis_cloud_seed.db:ana_estacoes;sqlite:sis_cloud_seed.db:ana_telemetria;contexto_somente
8039;Faz. Paraíso;Sorriso;0;2;17278500;PCH FOZ DO CEDRO JUSANTE;RIO VERDE;;-12,749400;-56,033600;26,18;217,62;0;jusante;;;;;;sqlite:sis_cloud_seed.db:ana_estacoes;sqlite:sis_cloud_seed.db:ana_telemetria;
8039;Faz. Paraíso;Sorriso;0;3;17278490;PCH FOZ DO CEDRO BARRAMENTO;RIO VERDE;;-12,750800;-56,033600;26,33;217,47;0;jusante;;;;;;sqlite:sis_cloud_seed.db:ana_estacoes;sqlite:sis_cloud_seed.db:ana_telemetria;
8038;Faz. Pinheiros;Sorriso;0;1;17275100;UHE SINOP RIO VERDE;RIO VERDE;;-12,173100;-55,899400;25,59;282,99;0;montante;;;;;;sqlite:sis_cloud_seed.db:ana_estacoes;sqlite:sis_cloud_seed.db:ana_telemetria;
8038;Faz. Pinheiros;Sorriso;0;2;17271100;SORRISO;RIO TENENTE LIRA;;-12,535000;-55,707200;30,72;247,21;0;jusante;213,3;19,41;;;2026-09-07 10:00:00;sqlite:sis_cloud_seed.db:ana_estacoes;sqlite:sis_cloud_seed.db:ana_telemetria;contexto_somente
8038;Faz. Pinheiros;Sorriso;0;3;17277300;UHE SINOP MONTANTE 1;RIO TELES PIRES (OU SÃO MANUEL);;-12,288100;-55,600800;40,08;276,64;0;montante;;;;;;sqlite:sis_cloud_seed.db:ana_estacoes;sqlite:sis_cloud_seed.db:ana_telemetria;
36407;Fazenda Alegria - Reservatório Pulmão  I;Sorriso;0;1;17260000;PCH CANOA QUEBRADA BARRAMENTO;RIO VERDE;;-12,793900;-56,008300;23,57;213,01;0;local;;;;;;sqlite:sis_cloud_seed.db:ana_estacoes;sqlite:sis_cloud_seed.db:ana_telemetria;
36407;Fazenda Alegria - Reservatório Pulmão  I;Sorriso;0;2;17270000;PCH CANOA QUEBRADA JUSANTE;RIO VERDE;;-12,793300;-56,010800;23,84;213,05;0;local;;;;;;sqlite:sis_cloud_seed.db:ana_estacoes;sqlite:sis_cloud_seed.db:ana_telemetria;
36407;Fazenda Alegria - Reservatório Pulmão  I;Sorriso;0;3;17278490;PCH FOZ DO CEDRO BARRAMENTO;RIO VERDE;;-12,750800;-56,033600;26,93;217,47;0;montante;;;;;;sqlite:sis_cloud_seed.db:ana_estacoes;sqlite:sis_cloud_seed.db:ana_telemetria;
335;Fazenda Barreiro;Sorriso;0;1;17273100;UHE COLÍDER PONTE MT-222;RIO TELES PIRES (OU SÃO MANUEL);;-11,893900;-55,656100;20,92;318,01;0;montante;;;;;;sqlite:sis_cloud_seed.db:ana_estacoes;sqlite:sis_cloud_seed.db:ana_telemetria;
335;Fazenda Barreiro;Sorriso;0;2;17275100;UHE SINOP RIO VERDE;RIO VERDE;;-12,173100;-55,899400;27,79;282,99;0;jusante;;;;;;sqlite:sis_cloud_seed.db:ana_estacoes;sqlite:sis_cloud_seed.db:ana_telemetria;
335;Fazenda Barreiro;Sorriso;0;3;17277300;UHE SINOP MONTANTE 1;RIO TELES PIRES (OU SÃO MANUEL);;-12,288100;-55,600800;47,96;276,64;0;jusante;;;;;;sqlite:sis_cloud_seed.db:ana_estacoes;sqlite:sis_cloud_seed.db:ana_telemetria;
36556;Fazenda Cachoeira II;Sorriso;0;1;17277500;UHE SINOP MONTANTE 2;RIO TELES PIRES (OU SÃO MANUEL);;-13,143300;-55,666900;30,04;183,55;0;montante;;;;;;sqlite:sis_cloud_seed.db:ana_estacoes;sqlite:sis_cloud_seed.db:ana_telemetria;
36556;Fazenda Cachoeira II;Sorriso;0;2;17228000;PCH CANOA QUEBRADA RIBEIRÃO GRANDE;RIBEIRÃO GRANDE;;-13,401700;-55,826900;43,59;150,79;0;jusante;;;;;;sqlite:sis_cloud_seed.db:ana_estacoes;sqlite:sis_cloud_seed.db:ana_telemetria;
36556;Fazenda Cachoeira II;Sorriso;0;3;17229000;PCH CANOA QUEBRADA RIBEIRÃO RANCHÃO;RIBEIRÃO RANCHÃO;;-13,298600;-55,912200;51,24;159,47;0;local;;;;;;sqlite:sis_cloud_seed.db:ana_estacoes;sqlite:sis_cloud_seed.db:ana_telemetria;
8046;Fazenda Capixaba;Sorriso;0;1;17277500;UHE SINOP MONTANTE 2;RIO TELES PIRES (OU SÃO MANUEL);;-13,143300;-55,666900;5,27;183,55;0;montante;;;;;;sqlite:sis_cloud_seed.db:ana_estacoes;sqlite:sis_cloud_seed.db:ana_telemetria;
8046;Fazenda Capixaba;Sorriso;0;2;17228000;PCH CANOA QUEBRADA RIBEIRÃO GRANDE;RIBEIRÃO GRANDE;;-13,401700;-55,826900;31,76;150,79;0;jusante;;;;;;sqlite:sis_cloud_seed.db:ana_estacoes;sqlite:sis_cloud_seed.db:ana_telemetria;
8046;Fazenda Capixaba;Sorriso;0;3;17230000;PCH CANOA QUEBRADA MONTANTE;RIO VERDE;;-13,051900;-55,905000;32,23;186,45;0;montante;;;;;;sqlite:sis_cloud_seed.db:ana_estacoes;sqlite:sis_cloud_seed.db:ana_telemetria;
8053;Fazenda Caravaggio;Sorriso;0;1;17277500;UHE SINOP MONTANTE 2;RIO TELES PIRES (OU SÃO MANUEL);;-13,143300;-55,666900;33,38;183,55;0;jusante;;;;;;sqlite:sis_cloud_seed.db:ana_estacoes;sqlite:sis_cloud_seed.db:ana_telemetria;
8053;Fazenda Caravaggio;Sorriso;0;2;17230000;PCH CANOA QUEBRADA MONTANTE;RIO VERDE;;-13,051900;-55,905000;50,20;186,45;0;jusante;;;;;;sqlite:sis_cloud_seed.db:ana_estacoes;sqlite:sis_cloud_seed.db:ana_telemetria;
8053;Fazenda Caravaggio;Sorriso;0;3;17271100;SORRISO;RIO TENENTE LIRA;;-12,535000;-55,707200;50,27;247,21;0;montante;213,3;19,41;;;2026-09-07 10:00:00;sqlite:sis_cloud_seed.db:ana_estacoes;sqlite:sis_cloud_seed.db:ana_telemetria;contexto_somente
293;Fazenda Carol I, II e III - Barragem I;Sorriso;0;1;17275100;UHE SINOP RIO VERDE;RIO VERDE;;-12,173100;-55,899400;14,87;282,99;0;jusante;;;;;;sqlite:sis_cloud_seed.db:ana_estacoes;sqlite:sis_cloud_seed.db:ana_telemetria;
293;Fazenda Carol I, II e III - Barragem I;Sorriso;0;2;17273100;UHE COLÍDER PONTE MT-222;RIO TELES PIRES (OU SÃO MANUEL);;-11,893900;-55,656100;26,69;318,01;0;montante;;;;;;sqlite:sis_cloud_seed.db:ana_estacoes;sqlite:sis_cloud_seed.db:ana_telemetria;
293;Fazenda Carol I, II e III - Barragem I;Sorriso;0;3;17277300;UHE SINOP MONTANTE 1;RIO TELES PIRES (OU SÃO MANUEL);;-12,288100;-55,600800;29,34;276,64;0;jusante;;;;;;sqlite:sis_cloud_seed.db:ana_estacoes;sqlite:sis_cloud_seed.db:ana_telemetria;
8040;Fazenda Córrego Grande;Sorriso;0;1;17260000;PCH CANOA QUEBRADA BARRAMENTO;RIO VERDE;;-12,793900;-56,008300;17,56;213,01;0;local;;;;;;sqlite:sis_cloud_seed.db:ana_estacoes;sqlite:sis_cloud_seed.db:ana_telemetria;
8040;Fazenda Córrego Grande;Sorriso;0;2;17270000;PCH CANOA QUEBRADA JUSANTE;RIO VERDE;;-12,793300;-56,010800;17,84;213,05;0;montante;;;;;;sqlite:sis_cloud_seed.db:ana_estacoes;sqlite:sis_cloud_seed.db:ana_telemetria;
8040;Fazenda Córrego Grande;Sorriso;0;3;17278490;PCH FOZ DO CEDRO BARRAMENTO;RIO VERDE;;-12,750800;-56,033600;21,57;217,47;0;montante;;;;;;sqlite:sis_cloud_seed.db:ana_estacoes;sqlite:sis_cloud_seed.db:ana_telemetria;
334;Fazenda Dal Molin V;Sorriso;0;1;17230000;PCH CANOA QUEBRADA MONTANTE;RIO VERDE;;-13,051900;-55,905000;11,93;186,45;0;local;;;;;;sqlite:sis_cloud_seed.db:ana_estacoes;sqlite:sis_cloud_seed.db:ana_telemetria;
334;Fazenda Dal Molin V;Sorriso;0;2;01355006;PZ_LUCAS DO RIO VERDE;;;-13,073300;-55,923100;13,91;183,74;0;local;;;;;;sqlite:sis_cloud_seed.db:ana_estacoes;sqlite:sis_cloud_seed.db:ana_telemetria;
334;Fazenda Dal Molin V;Sorriso;0;3;17277500;UHE SINOP MONTANTE 2;RIO TELES PIRES (OU SÃO MANUEL);;-13,143300;-55,666900;16,66;183,55;0;jusante;;;;;;sqlite:sis_cloud_seed.db:ana_estacoes;sqlite:sis_cloud_seed.db:ana_telemetria;
21903;Fazenda Del Mar;Sorriso;0;1;17260000;PCH CANOA QUEBRADA BARRAMENTO;RIO VERDE;;-12,793900;-56,008300;18,07;213,01;0;local;;;;;;sqlite:sis_cloud_seed.db:ana_estacoes;sqlite:sis_cloud_seed.db:ana_telemetria;
21903;Fazenda Del Mar;Sorriso;0;2;17270000;PCH CANOA QUEBRADA JUSANTE;RIO VERDE;;-12,793300;-56,010800;18,33;213,05;0;local;;;;;;sqlite:sis_cloud_seed.db:ana_estacoes;sqlite:sis_cloud_seed.db:ana_telemetria;
21903;Fazenda Del Mar;Sorriso;0;3;17278490;PCH FOZ DO CEDRO BARRAMENTO;RIO VERDE;;-12,750800;-56,033600;20,64;217,47;0;local;;;;;;sqlite:sis_cloud_seed.db:ana_estacoes;sqlite:sis_cloud_seed.db:ana_telemetria;
26229;Fazenda Eduina Teresa;Sorriso;0;1;17273100;UHE COLÍDER PONTE MT-222;RIO TELES PIRES (OU SÃO MANUEL);;-11,893900;-55,656100;13,45;318,01;0;jusante;;;;;;sqlite:sis_cloud_seed.db:ana_estacoes;sqlite:sis_cloud_seed.db:ana_telemetria;
26229;Fazenda Eduina Teresa;Sorriso;0;2;17275100;UHE SINOP RIO VERDE;RIO VERDE;;-12,173100;-55,899400;36,93;282,99;0;jusante;;;;;;sqlite:sis_cloud_seed.db:ana_estacoes;sqlite:sis_cloud_seed.db:ana_telemetria;
26229;Fazenda Eduina Teresa;Sorriso;0;3;17277300;UHE SINOP MONTANTE 1;RIO TELES PIRES (OU SÃO MANUEL);;-12,288100;-55,600800;50,88;276,64;0;jusante;;;;;;sqlite:sis_cloud_seed.db:ana_estacoes;sqlite:sis_cloud_seed.db:ana_telemetria;
337;Fazenda Jaborandi;Sorriso;0;1;17275100;UHE SINOP RIO VERDE;RIO VERDE;;-12,173100;-55,899400;21,94;282,99;0;montante;;;;;;sqlite:sis_cloud_seed.db:ana_estacoes;sqlite:sis_cloud_seed.db:ana_telemetria;
337;Fazenda Jaborandi;Sorriso;0;2;17271100;SORRISO;RIO TENENTE LIRA;;-12,535000;-55,707200;33,03;247,21;0;jusante;213,3;19,41;;;2026-09-07 10:00:00;sqlite:sis_cloud_seed.db:ana_estacoes;sqlite:sis_cloud_seed.db:ana_telemetria;contexto_somente
337;Fazenda Jaborandi;Sorriso;0;3;17277300;UHE SINOP MONTANTE 1;RIO TELES PIRES (OU SÃO MANUEL);;-12,288100;-55,600800;39,36;276,64;0;montante;;;;;;sqlite:sis_cloud_seed.db:ana_estacoes;sqlite:sis_cloud_seed.db:ana_telemetria;
386;Fazenda Macape;Sorriso;0;1;17277000;FAZENDA CERON;RIO CELESTE;;-12,310100;-55,567700;15,90;275,20;0;montante;300,0;36,91;;;2026-09-07 09:30:00;sqlite:sis_cloud_seed.db:ana_estacoes;sqlite:sis_cloud_seed.db:ana_telemetria;contexto_somente
386;Fazenda Macape;Sorriso;0;2;17271100;SORRISO;RIO TENENTE LIRA;;-12,535000;-55,707200;16,76;247,21;0;jusante;213,3;19,41;;;2026-09-07 10:00:00;sqlite:sis_cloud_seed.db:ana_estacoes;sqlite:sis_cloud_seed.db:ana_telemetria;contexto_somente
386;Fazenda Macape;Sorriso;0;3;17277300;UHE SINOP MONTANTE 1;RIO TELES PIRES (OU SÃO MANUEL);;-12,288100;-55,600800;18,48;276,64;0;montante;;;;;;sqlite:sis_cloud_seed.db:ana_estacoes;sqlite:sis_cloud_seed.db:ana_telemetria;
8049;Fazenda Marauense;Sorriso;0;1;17277500;UHE SINOP MONTANTE 2;RIO TELES PIRES (OU SÃO MANUEL);;-13,143300;-55,666900;22,23;183,55;0;jusante;;;;;;sqlite:sis_cloud_seed.db:ana_estacoes;sqlite:sis_cloud_seed.db:ana_telemetria;
8049;Fazenda Marauense;Sorriso;0;2;17230000;PCH CANOA QUEBRADA MONTANTE;RIO VERDE;;-13,051900;-55,905000;38,10;186,45;0;jusante;;;;;;sqlite:sis_cloud_seed.db:ana_estacoes;sqlite:sis_cloud_seed.db:ana_telemetria;
8049;Fazenda Marauense;Sorriso;0;3;01355006;PZ_LUCAS DO RIO VERDE;;;-13,073300;-55,923100;40,61;183,74;0;jusante;;;;;;sqlite:sis_cloud_seed.db:ana_estacoes;sqlite:sis_cloud_seed.db:ana_telemetria;
8047;Fazenda Poranga II - III;Sorriso;0;1;17271100;SORRISO;RIO TENENTE LIRA;;-12,535000;-55,707200;11,87;247,21;0;jusante;213,3;19,41;;;2026-09-07 10:00:00;sqlite:sis_cloud_seed.db:ana_estacoes;sqlite:sis_cloud_seed.db:ana_telemetria;contexto_somente
8047;Fazenda Poranga II - III;Sorriso;0;2;17277000;FAZENDA CERON;RIO CELESTE;;-12,310100;-55,567700;18,56;275,20;0;montante;300,0;36,91;;;2026-09-07 09:30:00;sqlite:sis_cloud_seed.db:ana_estacoes;sqlite:sis_cloud_seed.db:ana_telemetria;contexto_somente
8047;Fazenda Poranga II - III;Sorriso;0;3;17277300;UHE SINOP MONTANTE 1;RIO TELES PIRES (OU SÃO MANUEL);;-12,288100;-55,600800;20,18;276,64;0;montante;;;;;;sqlite:sis_cloud_seed.db:ana_estacoes;sqlite:sis_cloud_seed.db:ana_telemetria;
20063;Fazenda Possamai;Sorriso;0;1;17278500;PCH FOZ DO CEDRO JUSANTE;RIO VERDE;;-12,749400;-56,033600;29,77;217,62;0;jusante;;;;;;sqlite:sis_cloud_seed.db:ana_estacoes;sqlite:sis_cloud_seed.db:ana_telemetria;
20063;Fazenda Possamai;Sorriso;0;2;17278490;PCH FOZ DO CEDRO BARRAMENTO;RIO VERDE;;-12,750800;-56,033600;29,93;217,47;0;jusante;;;;;;sqlite:sis_cloud_seed.db:ana_estacoes;sqlite:sis_cloud_seed.db:ana_telemetria;
20063;Fazenda Possamai;Sorriso;0;3;17271100;SORRISO;RIO TENENTE LIRA;;-12,535000;-55,707200;34,23;247,21;0;jusante;213,3;19,41;;;2026-09-07 10:00:00;sqlite:sis_cloud_seed.db:ana_estacoes;sqlite:sis_cloud_seed.db:ana_telemetria;contexto_somente
30796;Fazenda Possamai II;Sorriso;0;1;17278500;PCH FOZ DO CEDRO JUSANTE;RIO VERDE;;-12,749400;-56,033600;29,22;217,62;0;jusante;;;;;;sqlite:sis_cloud_seed.db:ana_estacoes;sqlite:sis_cloud_seed.db:ana_telemetria;
30796;Fazenda Possamai II;Sorriso;0;2;17278490;PCH FOZ DO CEDRO BARRAMENTO;RIO VERDE;;-12,750800;-56,033600;29,38;217,47;0;jusante;;;;;;sqlite:sis_cloud_seed.db:ana_estacoes;sqlite:sis_cloud_seed.db:ana_telemetria;
30796;Fazenda Possamai II;Sorriso;0;3;17271100;SORRISO;RIO TENENTE LIRA;;-12,535000;-55,707200;33,68;247,21;0;jusante;213,3;19,41;;;2026-09-07 10:00:00;sqlite:sis_cloud_seed.db:ana_estacoes;sqlite:sis_cloud_seed.db:ana_telemetria;contexto_somente
8051;Fazenda Potrich;Sorriso;0;1;17277500;UHE SINOP MONTANTE 2;RIO TELES PIRES (OU SÃO MANUEL);;-13,143300;-55,666900;29,19;183,55;0;jusante;;;;;;sqlite:sis_cloud_seed.db:ana_estacoes;sqlite:sis_cloud_seed.db:ana_telemetria;
8051;Fazenda Potrich;Sorriso;0;2;17230000;PCH CANOA QUEBRADA MONTANTE;RIO VERDE;;-13,051900;-55,905000;45,01;186,45;0;jusante;;;;;;sqlite:sis_cloud_seed.db:ana_estacoes;sqlite:sis_cloud_seed.db:ana_telemetria;
8051;Fazenda Potrich;Sorriso;0;3;01355006;PZ_LUCAS DO RIO VERDE;;;-13,073300;-55,923100;47,62;183,74;0;jusante;;;;;;sqlite:sis_cloud_seed.db:ana_estacoes;sqlite:sis_cloud_seed.db:ana_telemetria;
36512;Fazenda Potrich II, IV e V;Sorriso;0;1;17277500;UHE SINOP MONTANTE 2;RIO TELES PIRES (OU SÃO MANUEL);;-13,143300;-55,666900;30,16;183,55;0;jusante;;;;;;sqlite:sis_cloud_seed.db:ana_estacoes;sqlite:sis_cloud_seed.db:ana_telemetria;
36512;Fazenda Potrich II, IV e V;Sorriso;0;2;17230000;PCH CANOA QUEBRADA MONTANTE;RIO VERDE;;-13,051900;-55,905000;46,17;186,45;0;jusante;;;;;;sqlite:sis_cloud_seed.db:ana_estacoes;sqlite:sis_cloud_seed.db:ana_telemetria;
36512;Fazenda Potrich II, IV e V;Sorriso;0;3;01355006;PZ_LUCAS DO RIO VERDE;;;-13,073300;-55,923100;48,78;183,74;0;jusante;;;;;;sqlite:sis_cloud_seed.db:ana_estacoes;sqlite:sis_cloud_seed.db:ana_telemetria;
8048;Fazenda Recanto II e III;Sorriso;0;1;17271100;SORRISO;RIO TENENTE LIRA;;-12,535000;-55,707200;19,70;247,21;0;montante;213,3;19,41;;;2026-09-07 10:00:00;sqlite:sis_cloud_seed.db:ana_estacoes;sqlite:sis_cloud_seed.db:ana_telemetria;contexto_somente
8048;Fazenda Recanto II e III;Sorriso;0;2;17277000;FAZENDA CERON;RIO CELESTE;;-12,310100;-55,567700;41,72;275,20;0;montante;300,0;36,91;;;2026-09-07 09:30:00;sqlite:sis_cloud_seed.db:ana_estacoes;sqlite:sis_cloud_seed.db:ana_telemetria;contexto_somente
8048;Fazenda Recanto II e III;Sorriso;0;3;17277300;UHE SINOP MONTANTE 1;RIO TELES PIRES (OU SÃO MANUEL);;-12,288100;-55,600800;43,95;276,64;0;montante;;;;;;sqlite:sis_cloud_seed.db:ana_estacoes;sqlite:sis_cloud_seed.db:ana_telemetria;
8052;Fazenda Reolon;Sorriso;0;1;17277500;UHE SINOP MONTANTE 2;RIO TELES PIRES (OU SÃO MANUEL);;-13,143300;-55,666900;19,63;183,55;0;montante;;;;;;sqlite:sis_cloud_seed.db:ana_estacoes;sqlite:sis_cloud_seed.db:ana_telemetria;
8052;Fazenda Reolon;Sorriso;0;2;17228000;PCH CANOA QUEBRADA RIBEIRÃO GRANDE;RIBEIRÃO GRANDE;;-13,401700;-55,826900;43,06;150,79;0;jusante;;;;;;sqlite:sis_cloud_seed.db:ana_estacoes;sqlite:sis_cloud_seed.db:ana_telemetria;
8052;Fazenda Reolon;Sorriso;0;3;17229000;PCH CANOA QUEBRADA RIBEIRÃO RANCHÃO;RIBEIRÃO RANCHÃO;;-13,298600;-55,912200;46,95;159,47;0;jusante;;;;;;sqlite:sis_cloud_seed.db:ana_estacoes;sqlite:sis_cloud_seed.db:ana_telemetria;
5786;Fazenda Rio Verde III ? Barramento 3;Sorriso;0;1;17230000;PCH CANOA QUEBRADA MONTANTE;RIO VERDE;;-13,051900;-55,905000;8,39;186,45;0;jusante;;;;;;sqlite:sis_cloud_seed.db:ana_estacoes;sqlite:sis_cloud_seed.db:ana_telemetria;
5786;Fazenda Rio Verde III ? Barramento 3;Sorriso;0;2;01355006;PZ_LUCAS DO RIO VERDE;;;-13,073300;-55,923100;11,46;183,74;0;jusante;;;;;;sqlite:sis_cloud_seed.db:ana_estacoes;sqlite:sis_cloud_seed.db:ana_telemetria;
5786;Fazenda Rio Verde III ? Barramento 3;Sorriso;0;3;17260000;PCH CANOA QUEBRADA BARRAMENTO;RIO VERDE;;-12,793900;-56,008300;26,89;213,01;0;montante;;;;;;sqlite:sis_cloud_seed.db:ana_estacoes;sqlite:sis_cloud_seed.db:ana_telemetria;
36540;Fazenda Rubin II;Sorriso;0;1;17271100;SORRISO;RIO TENENTE LIRA;;-12,535000;-55,707200;21,94;247,21;0;jusante;213,3;19,41;;;2026-09-07 10:00:00;sqlite:sis_cloud_seed.db:ana_estacoes;sqlite:sis_cloud_seed.db:ana_telemetria;contexto_somente
36540;Fazenda Rubin II;Sorriso;0;2;17275100;UHE SINOP RIO VERDE;RIO VERDE;;-12,173100;-55,899400;28,25;282,99;0;montante;;;;;;sqlite:sis_cloud_seed.db:ana_estacoes;sqlite:sis_cloud_seed.db:ana_telemetria;
36540;Fazenda Rubin II;Sorriso;0;3;17277300;UHE SINOP MONTANTE 1;RIO TELES PIRES (OU SÃO MANUEL);;-12,288100;-55,600800;33,57;276,64;0;montante;;;;;;sqlite:sis_cloud_seed.db:ana_estacoes;sqlite:sis_cloud_seed.db:ana_telemetria;
36525;Fazenda Santa Rita de Cássia;Sorriso;0;1;17277500;UHE SINOP MONTANTE 2;RIO TELES PIRES (OU SÃO MANUEL);;-13,143300;-55,666900;44,79;183,55;0;montante;;;;;;sqlite:sis_cloud_seed.db:ana_estacoes;sqlite:sis_cloud_seed.db:ana_telemetria;
36525;Fazenda Santa Rita de Cássia;Sorriso;0;2;01355007;PZ_SANTA RITA DO TRIVELATO;;;-13,825300;-55,270300;53,47;127,42;0;jusante;;;;;;sqlite:sis_cloud_seed.db:ana_estacoes;sqlite:sis_cloud_seed.db:ana_telemetria;
36525;Fazenda Santa Rita de Cássia;Sorriso;0;3;18422400;PCH ARS MONTANTE;RIO ATELCHU OU VAN DEN STEINEN;;-13,148300;-54,835600;55,78;215,98;0;montante;;;;;;sqlite:sis_cloud_seed.db:ana_estacoes;sqlite:sis_cloud_seed.db:ana_telemetria;
20059;Fazenda Santa Rosa;Sorriso;0;1;17230000;PCH CANOA QUEBRADA MONTANTE;RIO VERDE;;-13,051900;-55,905000;24,26;186,45;0;jusante;;;;;;sqlite:sis_cloud_seed.db:ana_estacoes;sqlite:sis_cloud_seed.db:ana_telemetria;
20059;Fazenda Santa Rosa;Sorriso;0;2;17260000;PCH CANOA QUEBRADA BARRAMENTO;RIO VERDE;;-12,793900;-56,008300;24,57;213,01;0;montante;;;;;;sqlite:sis_cloud_seed.db:ana_estacoes;sqlite:sis_cloud_seed.db:ana_telemetria;
20059;Fazenda Santa Rosa;Sorriso;0;3;17270000;PCH CANOA QUEBRADA JUSANTE;RIO VERDE;;-12,793300;-56,010800;24,85;213,05;0;montante;;;;;;sqlite:sis_cloud_seed.db:ana_estacoes;sqlite:sis_cloud_seed.db:ana_telemetria;
5780;Fazenda Santo Antonio I;Sorriso;0;1;17260000;PCH CANOA QUEBRADA BARRAMENTO;RIO VERDE;;-12,793900;-56,008300;16,62;213,01;0;montante;;;;;;sqlite:sis_cloud_seed.db:ana_estacoes;sqlite:sis_cloud_seed.db:ana_telemetria;
5780;Fazenda Santo Antonio I;Sorriso;0;2;17270000;PCH CANOA QUEBRADA JUSANTE;RIO VERDE;;-12,793300;-56,010800;16,89;213,05;0;montante;;;;;;sqlite:sis_cloud_seed.db:ana_estacoes;sqlite:sis_cloud_seed.db:ana_telemetria;
5780;Fazenda Santo Antonio I;Sorriso;0;3;17278490;PCH FOZ DO CEDRO BARRAMENTO;RIO VERDE;;-12,750800;-56,033600;21,39;217,47;0;montante;;;;;;sqlite:sis_cloud_seed.db:ana_estacoes;sqlite:sis_cloud_seed.db:ana_telemetria;
19993;Fazenda Santo Antônio II;Sorriso;0;1;17260000;PCH CANOA QUEBRADA BARRAMENTO;RIO VERDE;;-12,793900;-56,008300;16,75;213,01;0;local;;;;;;sqlite:sis_cloud_seed.db:ana_estacoes;sqlite:sis_cloud_seed.db:ana_telemetria;
19993;Fazenda Santo Antônio II;Sorriso;0;2;17270000;PCH CANOA QUEBRADA JUSANTE;RIO VERDE;;-12,793300;-56,010800;17,02;213,05;0;local;;;;;;sqlite:sis_cloud_seed.db:ana_estacoes;sqlite:sis_cloud_seed.db:ana_telemetria;
19993;Fazenda Santo Antônio II;Sorriso;0;3;17278490;PCH FOZ DO CEDRO BARRAMENTO;RIO VERDE;;-12,750800;-56,033600;19,82;217,47;0;montante;;;;;;sqlite:sis_cloud_seed.db:ana_estacoes;sqlite:sis_cloud_seed.db:ana_telemetria;
5797;Fazenda Santo Rosseto;Sorriso;0;1;17260000;PCH CANOA QUEBRADA BARRAMENTO;RIO VERDE;;-12,793900;-56,008300;21,63;213,01;0;montante;;;;;;sqlite:sis_cloud_seed.db:ana_estacoes;sqlite:sis_cloud_seed.db:ana_telemetria;
5797;Fazenda Santo Rosseto;Sorriso;0;2;17270000;PCH CANOA QUEBRADA JUSANTE;RIO VERDE;;-12,793300;-56,010800;21,90;213,05;0;montante;;;;;;sqlite:sis_cloud_seed.db:ana_estacoes;sqlite:sis_cloud_seed.db:ana_telemetria;
5797;Fazenda Santo Rosseto;Sorriso;0;3;17230000;PCH CANOA QUEBRADA MONTANTE;RIO VERDE;;-13,051900;-55,905000;22,88;186,45;0;jusante;;;;;;sqlite:sis_cloud_seed.db:ana_estacoes;sqlite:sis_cloud_seed.db:ana_telemetria;
19997;Fazenda São Filipe;Sorriso;0;1;17260000;PCH CANOA QUEBRADA BARRAMENTO;RIO VERDE;;-12,793900;-56,008300;20,15;213,01;0;local;;;;;;sqlite:sis_cloud_seed.db:ana_estacoes;sqlite:sis_cloud_seed.db:ana_telemetria;
19997;Fazenda São Filipe;Sorriso;0;2;17270000;PCH CANOA QUEBRADA JUSANTE;RIO VERDE;;-12,793300;-56,010800;20,42;213,05;0;local;;;;;;sqlite:sis_cloud_seed.db:ana_estacoes;sqlite:sis_cloud_seed.db:ana_telemetria;
19997;Fazenda São Filipe;Sorriso;0;3;17278490;PCH FOZ DO CEDRO BARRAMENTO;RIO VERDE;;-12,750800;-56,033600;23,50;217,47;0;montante;;;;;;sqlite:sis_cloud_seed.db:ana_estacoes;sqlite:sis_cloud_seed.db:ana_telemetria;
20072;Fazenda São Jose;Sorriso;0;1;17271100;SORRISO;RIO TENENTE LIRA;;-12,535000;-55,707200;19,07;247,21;0;montante;213,3;19,41;;;2026-09-07 10:00:00;sqlite:sis_cloud_seed.db:ana_estacoes;sqlite:sis_cloud_seed.db:ana_telemetria;contexto_somente
20072;Fazenda São Jose;Sorriso;0;2;17278500;PCH FOZ DO CEDRO JUSANTE;RIO VERDE;;-12,749400;-56,033600;24,94;217,62;0;jusante;;;;;;sqlite:sis_cloud_seed.db:ana_estacoes;sqlite:sis_cloud_seed.db:ana_telemetria;
20072;Fazenda São Jose;Sorriso;0;3;17278490;PCH FOZ DO CEDRO BARRAMENTO;RIO VERDE;;-12,750800;-56,033600;25,06;217,47;0;jusante;;;;;;sqlite:sis_cloud_seed.db:ana_estacoes;sqlite:sis_cloud_seed.db:ana_telemetria;
332;Fazenda São Martinho XII - 2;Sorriso;0;1;17275100;UHE SINOP RIO VERDE;RIO VERDE;;-12,173100;-55,899400;14,20;282,99;0;montante;;;;;;sqlite:sis_cloud_seed.db:ana_estacoes;sqlite:sis_cloud_seed.db:ana_telemetria;
332;Fazenda São Martinho XII - 2;Sorriso;0;2;17277300;UHE SINOP MONTANTE 1;RIO TELES PIRES (OU SÃO MANUEL);;-12,288100;-55,600800;30,50;276,64;0;local;;;;;;sqlite:sis_cloud_seed.db:ana_estacoes;sqlite:sis_cloud_seed.db:ana_telemetria;
332;Fazenda São Martinho XII - 2;Sorriso;0;3;17271100;SORRISO;RIO TENENTE LIRA;;-12,535000;-55,707200;32,29;247,21;0;jusante;213,3;19,41;;;2026-09-07 10:00:00;sqlite:sis_cloud_seed.db:ana_estacoes;sqlite:sis_cloud_seed.db:ana_telemetria;contexto_somente
363;Fazenda São Roque II;Sorriso;0;1;17260000;PCH CANOA QUEBRADA BARRAMENTO;RIO VERDE;;-12,793900;-56,008300;17,17;213,01;0;local;;;;;;sqlite:sis_cloud_seed.db:ana_estacoes;sqlite:sis_cloud_seed.db:ana_telemetria;
363;Fazenda São Roque II;Sorriso;0;2;17270000;PCH CANOA QUEBRADA JUSANTE;RIO VERDE;;-12,793300;-56,010800;17,44;213,05;0;local;;;;;;sqlite:sis_cloud_seed.db:ana_estacoes;sqlite:sis_cloud_seed.db:ana_telemetria;
363;Fazenda São Roque II;Sorriso;0;3;17278490;PCH FOZ DO CEDRO BARRAMENTO;RIO VERDE;;-12,750800;-56,033600;20,43;217,47;0;montante;;;;;;sqlite:sis_cloud_seed.db:ana_estacoes;sqlite:sis_cloud_seed.db:ana_telemetria;
36521;Fazenda Toca da Onça ? Barramento 01;Sorriso;0;1;17230000;PCH CANOA QUEBRADA MONTANTE;RIO VERDE;;-13,051900;-55,905000;17,29;186,45;0;jusante;;;;;;sqlite:sis_cloud_seed.db:ana_estacoes;sqlite:sis_cloud_seed.db:ana_telemetria;
36521;Fazenda Toca da Onça ? Barramento 01;Sorriso;0;2;01355006;PZ_LUCAS DO RIO VERDE;;;-13,073300;-55,923100;20,23;183,74;0;jusante;;;;;;sqlite:sis_cloud_seed.db:ana_estacoes;sqlite:sis_cloud_seed.db:ana_telemetria;
36521;Fazenda Toca da Onça ? Barramento 01;Sorriso;0;3;17277500;UHE SINOP MONTANTE 2;RIO TELES PIRES (OU SÃO MANUEL);;-13,143300;-55,666900;22,21;183,55;0;jusante;;;;;;sqlite:sis_cloud_seed.db:ana_estacoes;sqlite:sis_cloud_seed.db:ana_telemetria;
30856;Fazenda Tropeiro Velho;Sorriso;0;1;17271100;SORRISO;RIO TENENTE LIRA;;-12,535000;-55,707200;20,98;247,21;0;montante;213,3;19,41;;;2026-09-07 10:00:00;sqlite:sis_cloud_seed.db:ana_estacoes;sqlite:sis_cloud_seed.db:ana_telemetria;contexto_somente
30856;Fazenda Tropeiro Velho;Sorriso;0;2;17260000;PCH CANOA QUEBRADA BARRAMENTO;RIO VERDE;;-12,793900;-56,008300;25,13;213,01;0;jusante;;;;;;sqlite:sis_cloud_seed.db:ana_estacoes;sqlite:sis_cloud_seed.db:ana_telemetria;
30856;Fazenda Tropeiro Velho;Sorriso;0;3;17270000;PCH CANOA QUEBRADA JUSANTE;RIO VERDE;;-12,793300;-56,010800;25,35;213,05;0;jusante;;;;;;sqlite:sis_cloud_seed.db:ana_estacoes;sqlite:sis_cloud_seed.db:ana_telemetria;
20066;Fazenda Vitoria;Sorriso;0;1;17275100;UHE SINOP RIO VERDE;RIO VERDE;;-12,173100;-55,899400;8,65;282,99;0;jusante;;;;;;sqlite:sis_cloud_seed.db:ana_estacoes;sqlite:sis_cloud_seed.db:ana_telemetria;
20066;Fazenda Vitoria;Sorriso;0;2;17277300;UHE SINOP MONTANTE 1;RIO TELES PIRES (OU SÃO MANUEL);;-12,288100;-55,600800;30,54;276,64;0;jusante;;;;;;sqlite:sis_cloud_seed.db:ana_estacoes;sqlite:sis_cloud_seed.db:ana_telemetria;
20066;Fazenda Vitoria;Sorriso;0;3;17273100;UHE COLÍDER PONTE MT-222;RIO TELES PIRES (OU SÃO MANUEL);;-11,893900;-55,656100;32,65;318,01;0;montante;;;;;;sqlite:sis_cloud_seed.db:ana_estacoes;sqlite:sis_cloud_seed.db:ana_telemetria;
307;Fazenda Vitória;Sorriso;0;1;17275100;UHE SINOP RIO VERDE;RIO VERDE;;-12,173100;-55,899400;11,28;282,99;0;jusante;;;;;;sqlite:sis_cloud_seed.db:ana_estacoes;sqlite:sis_cloud_seed.db:ana_telemetria;
307;Fazenda Vitória;Sorriso;0;2;17277300;UHE SINOP MONTANTE 1;RIO TELES PIRES (OU SÃO MANUEL);;-12,288100;-55,600800;28,63;276,64;0;jusante;;;;;;sqlite:sis_cloud_seed.db:ana_estacoes;sqlite:sis_cloud_seed.db:ana_telemetria;
307;Fazenda Vitória;Sorriso;0;3;17273100;UHE COLÍDER PONTE MT-222;RIO TELES PIRES (OU SÃO MANUEL);;-11,893900;-55,656100;30,71;318,01;0;montante;;;;;;sqlite:sis_cloud_seed.db:ana_estacoes;sqlite:sis_cloud_seed.db:ana_telemetria;
20058;Fazenda Água Azul;Sorriso;0;1;17277500;UHE SINOP MONTANTE 2;RIO TELES PIRES (OU SÃO MANUEL);;-13,143300;-55,666900;33,67;183,55;0;montante;;;;;;sqlite:sis_cloud_seed.db:ana_estacoes;sqlite:sis_cloud_seed.db:ana_telemetria;
20058;Fazenda Água Azul;Sorriso;0;2;17228000;PCH CANOA QUEBRADA RIBEIRÃO GRANDE;RIBEIRÃO GRANDE;;-13,401700;-55,826900;55,27;150,79;0;jusante;;;;;;sqlite:sis_cloud_seed.db:ana_estacoes;sqlite:sis_cloud_seed.db:ana_telemetria;
20058;Fazenda Água Azul;Sorriso;0;3;18422400;PCH ARS MONTANTE;RIO ATELCHU OU VAN DEN STEINEN;;-13,148300;-54,835600;57,15;215,98;0;montante;;;;;;sqlite:sis_cloud_seed.db:ana_estacoes;sqlite:sis_cloud_seed.db:ana_telemetria;
20057;Fazenda Água Branca;Sorriso;0;1;17277500;UHE SINOP MONTANTE 2;RIO TELES PIRES (OU SÃO MANUEL);;-13,143300;-55,666900;10,13;183,55;0;montante;;;;;;sqlite:sis_cloud_seed.db:ana_estacoes;sqlite:sis_cloud_seed.db:ana_telemetria;
20057;Fazenda Água Branca;Sorriso;0;2;17229000;PCH CANOA QUEBRADA RIBEIRÃO RANCHÃO;RIBEIRÃO RANCHÃO;;-13,298600;-55,912200;21,55;159,47;0;jusante;;;;;;sqlite:sis_cloud_seed.db:ana_estacoes;sqlite:sis_cloud_seed.db:ana_telemetria;
20057;Fazenda Água Branca;Sorriso;0;3;17230000;PCH CANOA QUEBRADA MONTANTE;RIO VERDE;;-13,051900;-55,905000;23,69;186,45;0;montante;;;;;;sqlite:sis_cloud_seed.db:ana_estacoes;sqlite:sis_cloud_seed.db:ana_telemetria;
5038;PCH Canoa Quebrada - 1;Sorriso;0;1;17260000;PCH CANOA QUEBRADA BARRAMENTO;RIO VERDE;;-12,793900;-56,008300;1,48;213,01;0;local;;;;;;sqlite:sis_cloud_seed.db:ana_estacoes;sqlite:sis_cloud_seed.db:ana_telemetria;
5038;PCH Canoa Quebrada - 1;Sorriso;0;2;17270000;PCH CANOA QUEBRADA JUSANTE;RIO VERDE;;-12,793300;-56,010800;1,61;213,05;0;local;;;;;;sqlite:sis_cloud_seed.db:ana_estacoes;sqlite:sis_cloud_seed.db:ana_telemetria;
5038;PCH Canoa Quebrada - 1;Sorriso;0;3;17278490;PCH FOZ DO CEDRO BARRAMENTO;RIO VERDE;;-12,750800;-56,033600;5,13;217,47;0;montante;;;;;;sqlite:sis_cloud_seed.db:ana_estacoes;sqlite:sis_cloud_seed.db:ana_telemetria;
34181;PCH Foz do Cedro (Antiga A1E8) - 1;Sorriso;0;1;17278490;PCH FOZ DO CEDRO BARRAMENTO;RIO VERDE;;-12,750800;-56,033600;0,14;217,47;0;local;;;;;;sqlite:sis_cloud_seed.db:ana_estacoes;sqlite:sis_cloud_seed.db:ana_telemetria;
34181;PCH Foz do Cedro (Antiga A1E8) - 1;Sorriso;0;2;17278500;PCH FOZ DO CEDRO JUSANTE;RIO VERDE;;-12,749400;-56,033600;0,25;217,62;0;local;;;;;;sqlite:sis_cloud_seed.db:ana_estacoes;sqlite:sis_cloud_seed.db:ana_telemetria;
34181;PCH Foz do Cedro (Antiga A1E8) - 1;Sorriso;0;3;17270000;PCH CANOA QUEBRADA JUSANTE;RIO VERDE;;-12,793300;-56,010800;5,22;213,05;0;jusante;;;;;;sqlite:sis_cloud_seed.db:ana_estacoes;sqlite:sis_cloud_seed.db:ana_telemetria;
36535;PRODULIRA;Sorriso;0;1;17277000;FAZENDA CERON;RIO CELESTE;;-12,310100;-55,567700;14,81;275,20;0;montante;300,0;36,91;;;2026-09-07 09:30:00;sqlite:sis_cloud_seed.db:ana_estacoes;sqlite:sis_cloud_seed.db:ana_telemetria;contexto_somente
36535;PRODULIRA;Sorriso;0;2;17271100;SORRISO;RIO TENENTE LIRA;;-12,535000;-55,707200;14,87;247,21;0;jusante;213,3;19,41;;;2026-09-07 10:00:00;sqlite:sis_cloud_seed.db:ana_estacoes;sqlite:sis_cloud_seed.db:ana_telemetria;contexto_somente
36535;PRODULIRA;Sorriso;0;3;17277300;UHE SINOP MONTANTE 1;RIO TELES PIRES (OU SÃO MANUEL);;-12,288100;-55,600800;16,34;276,64;0;montante;;;;;;sqlite:sis_cloud_seed.db:ana_estacoes;sqlite:sis_cloud_seed.db:ana_telemetria;
36566;Reservatório Artificial - Fazenda Nossa Senhora Aparecida;Sorriso;0;1;17260000;PCH CANOA QUEBRADA BARRAMENTO;RIO VERDE;;-12,793900;-56,008300;21,38;213,01;0;local;;;;;;sqlite:sis_cloud_seed.db:ana_estacoes;sqlite:sis_cloud_seed.db:ana_telemetria;
36566;Reservatório Artificial - Fazenda Nossa Senhora Aparecida;Sorriso;0;2;17270000;PCH CANOA QUEBRADA JUSANTE;RIO VERDE;;-12,793300;-56,010800;21,65;213,05;0;local;;;;;;sqlite:sis_cloud_seed.db:ana_estacoes;sqlite:sis_cloud_seed.db:ana_telemetria;
36566;Reservatório Artificial - Fazenda Nossa Senhora Aparecida;Sorriso;0;3;17278490;PCH FOZ DO CEDRO BARRAMENTO;RIO VERDE;;-12,750800;-56,033600;24,71;217,47;0;montante;;;;;;sqlite:sis_cloud_seed.db:ana_estacoes;sqlite:sis_cloud_seed.db:ana_telemetria;
36567;Reservatório artificial ? Fazenda São Miguel I;Sorriso;0;1;18422400;PCH ARS MONTANTE;RIO ATELCHU OU VAN DEN STEINEN;;-13,148300;-54,835600;50,03;215,98;0;montante;;;;;;sqlite:sis_cloud_seed.db:ana_estacoes;sqlite:sis_cloud_seed.db:ana_telemetria;
36567;Reservatório artificial ? Fazenda São Miguel I;Sorriso;0;2;01355007;PZ_SANTA RITA DO TRIVELATO;;;-13,825300;-55,270300;51,05;127,42;0;jusante;;;;;;sqlite:sis_cloud_seed.db:ana_estacoes;sqlite:sis_cloud_seed.db:ana_telemetria;
36567;Reservatório artificial ? Fazenda São Miguel I;Sorriso;0;3;17277500;UHE SINOP MONTANTE 2;RIO TELES PIRES (OU SÃO MANUEL);;-13,143300;-55,666900;52,53;183,55;0;montante;;;;;;sqlite:sis_cloud_seed.db:ana_estacoes;sqlite:sis_cloud_seed.db:ana_telemetria;
20152;Ribeirão Sossego;Sorriso;0;1;17277000;FAZENDA CERON;RIO CELESTE;;-12,310100;-55,567700;14,80;275,20;0;montante;300,0;36,91;;;2026-09-07 09:30:00;sqlite:sis_cloud_seed.db:ana_estacoes;sqlite:sis_cloud_seed.db:ana_telemetria;contexto_somente
20152;Ribeirão Sossego;Sorriso;0;2;17271100;SORRISO;RIO TENENTE LIRA;;-12,535000;-55,707200;14,88;247,21;0;jusante;213,3;19,41;;;2026-09-07 10:00:00;sqlite:sis_cloud_seed.db:ana_estacoes;sqlite:sis_cloud_seed.db:ana_telemetria;contexto_somente
20152;Ribeirão Sossego;Sorriso;0;3;17277300;UHE SINOP MONTANTE 1;RIO TELES PIRES (OU SÃO MANUEL);;-12,288100;-55,600800;16,34;276,64;0;montante;;;;;;sqlite:sis_cloud_seed.db:ana_estacoes;sqlite:sis_cloud_seed.db:ana_telemetria;
27570;BR ÁGUIA DO SOL;Santo Antônio de Leverger;0;1;66259650;RIO COXIPÓ - AABB;RIO COXIPO;;-15,617500;-56,051100;21,79;3,76;1;montante;;;;;;sqlite:sis_cloud_seed.db:ana_estacoes;sqlite:sis_cloud_seed.db:ana_telemetria;
27570;BR ÁGUIA DO SOL;Santo Antônio de Leverger;0;2;66270000;SANTO ANTÔNIO DO LEVERGER;RIO CUIABÁ;;-15,869700;-56,076100;26,14;0,38;1;jusante;;;;;;sqlite:sis_cloud_seed.db:ana_estacoes;sqlite:sis_cloud_seed.db:ana_telemetria;
27570;BR ÁGUIA DO SOL;Santo Antônio de Leverger;0;3;66260006;CUIABÁ-BEIRA RIO;RIO CUIABÁ;;-15,618900;-56,099700;26,19;0,23;1;montante;98,0;;200,0;0,490;2026-09-07 10:00:00;sqlite:sis_cloud_seed.db:ana_estacoes;sqlite:sis_cloud_seed.db:ana_telemetria;cota_medida
31656;Barragerm Chácara nº269;Sinop;0;1;17273100;UHE COLÍDER PONTE MT-222;RIO TELES PIRES (OU SÃO MANUEL);;-11,893900;-55,656100;23,93;318,01;0;jusante;;;;;;sqlite:sis_cloud_seed.db:ana_estacoes;sqlite:sis_cloud_seed.db:ana_telemetria;
31656;Barragerm Chácara nº269;Sinop;0;2;17280940;UHE SINOP RESERVATÓRIO 1;RIO TELES PIRES (OU SÃO MANUEL);;-11,414700;-55,523300;45,74;373,13;0;montante;;;;;;sqlite:sis_cloud_seed.db:ana_estacoes;sqlite:sis_cloud_seed.db:ana_telemetria;
31656;Barragerm Chácara nº269;Sinop;0;3;17280970;UHE SINOP RESERVATÓRIO 2;RIO TELES PIRES (OU SÃO MANUEL);;-11,401700;-55,510800;46,95;374,83;0;montante;;;;;;sqlite:sis_cloud_seed.db:ana_estacoes;sqlite:sis_cloud_seed.db:ana_telemetria;
37812;Fazenda Fortaleza - Reservatório IV;Sorriso;0;1;17275100;UHE SINOP RIO VERDE;RIO VERDE;;-12,173100;-55,899400;15,55;282,99;0;local;;;;;;sqlite:sis_cloud_seed.db:ana_estacoes;sqlite:sis_cloud_seed.db:ana_telemetria;
37812;Fazenda Fortaleza - Reservatório IV;Sorriso;0;2;17277300;UHE SINOP MONTANTE 1;RIO TELES PIRES (OU SÃO MANUEL);;-12,288100;-55,600800;22,12;276,64;0;jusante;;;;;;sqlite:sis_cloud_seed.db:ana_estacoes;sqlite:sis_cloud_seed.db:ana_telemetria;
37812;Fazenda Fortaleza - Reservatório IV;Sorriso;0;3;17277000;FAZENDA CERON;RIO CELESTE;;-12,310100;-55,567700;26,46;275,20;0;jusante;300,0;36,91;;;2026-09-07 09:30:00;sqlite:sis_cloud_seed.db:ana_estacoes;sqlite:sis_cloud_seed.db:ana_telemetria;contexto_somente
37792;Fazenda Rio Manso I;Sorriso;0;1;17275100;UHE SINOP RIO VERDE;RIO VERDE;;-12,173100;-55,899400;16,70;282,99;0;jusante;;;;;;sqlite:sis_cloud_seed.db:ana_estacoes;sqlite:sis_cloud_seed.db:ana_telemetria;
37792;Fazenda Rio Manso I;Sorriso;0;2;17277300;UHE SINOP MONTANTE 1;RIO TELES PIRES (OU SÃO MANUEL);;-12,288100;-55,600800;23,12;276,64;0;jusante;;;;;;sqlite:sis_cloud_seed.db:ana_estacoes;sqlite:sis_cloud_seed.db:ana_telemetria;
37792;Fazenda Rio Manso I;Sorriso;0;3;17277000;FAZENDA CERON;RIO CELESTE;;-12,310100;-55,567700;27,40;275,20;0;jusante;300,0;36,91;;;2026-09-07 09:30:00;sqlite:sis_cloud_seed.db:ana_estacoes;sqlite:sis_cloud_seed.db:ana_telemetria;contexto_somente
8055;Fazenda Sempre Verde;Sorriso;0;1;17277500;UHE SINOP MONTANTE 2;RIO TELES PIRES (OU SÃO MANUEL);;-13,143300;-55,666900;34,16;183,55;0;jusante;;;;;;sqlite:sis_cloud_seed.db:ana_estacoes;sqlite:sis_cloud_seed.db:ana_telemetria;
8055;Fazenda Sempre Verde;Sorriso;0;2;17230000;PCH CANOA QUEBRADA MONTANTE;RIO VERDE;;-13,051900;-55,905000;54,15;186,45;0;jusante;;;;;;sqlite:sis_cloud_seed.db:ana_estacoes;sqlite:sis_cloud_seed.db:ana_telemetria;
8055;Fazenda Sempre Verde;Sorriso;0;3;01355006;PZ_LUCAS DO RIO VERDE;;;-13,073300;-55,923100;56,56;183,74;0;jusante;;;;;;sqlite:sis_cloud_seed.db:ana_estacoes;sqlite:sis_cloud_seed.db:ana_telemetria;
37741;Fazenda São Luiz II Barragem I;Sorriso;0;1;17277500;UHE SINOP MONTANTE 2;RIO TELES PIRES (OU SÃO MANUEL);;-13,143300;-55,666900;34,16;183,55;0;jusante;;;;;;sqlite:sis_cloud_seed.db:ana_estacoes;sqlite:sis_cloud_seed.db:ana_telemetria;
37741;Fazenda São Luiz II Barragem I;Sorriso;0;2;17230000;PCH CANOA QUEBRADA MONTANTE;RIO VERDE;;-13,051900;-55,905000;54,15;186,45;0;jusante;;;;;;sqlite:sis_cloud_seed.db:ana_estacoes;sqlite:sis_cloud_seed.db:ana_telemetria;
37741;Fazenda São Luiz II Barragem I;Sorriso;0;3;01355006;PZ_LUCAS DO RIO VERDE;;;-13,073300;-55,923100;56,56;183,74;0;jusante;;;;;;sqlite:sis_cloud_seed.db:ana_estacoes;sqlite:sis_cloud_seed.db:ana_telemetria;
34713;Rancho Queixo Duro I;Sorriso;0;1;17271100;SORRISO;RIO TENENTE LIRA;;-12,535000;-55,707200;13,79;247,21;0;montante;213,3;19,41;;;2026-09-07 10:00:00;sqlite:sis_cloud_seed.db:ana_estacoes;sqlite:sis_cloud_seed.db:ana_telemetria;contexto_somente
34713;Rancho Queixo Duro I;Sorriso;0;2;17278500;PCH FOZ DO CEDRO JUSANTE;RIO VERDE;;-12,749400;-56,033600;29,72;217,62;0;jusante;;;;;;sqlite:sis_cloud_seed.db:ana_estacoes;sqlite:sis_cloud_seed.db:ana_telemetria;
34713;Rancho Queixo Duro I;Sorriso;0;3;17278490;PCH FOZ DO CEDRO BARRAMENTO;RIO VERDE;;-12,750800;-56,033600;29,79;217,47;0;jusante;;;;;;sqlite:sis_cloud_seed.db:ana_estacoes;sqlite:sis_cloud_seed.db:ana_telemetria;
37415;Sítio São Vicente;Sorriso;0;1;17271100;SORRISO;RIO TENENTE LIRA;;-12,535000;-55,707200;21,66;247,21;0;jusante;213,3;19,41;;;2026-09-07 10:00:00;sqlite:sis_cloud_seed.db:ana_estacoes;sqlite:sis_cloud_seed.db:ana_telemetria;contexto_somente
37415;Sítio São Vicente;Sorriso;0;2;17275100;UHE SINOP RIO VERDE;RIO VERDE;;-12,173100;-55,899400;26,48;282,99;0;montante;;;;;;sqlite:sis_cloud_seed.db:ana_estacoes;sqlite:sis_cloud_seed.db:ana_telemetria;
37415;Sítio São Vicente;Sorriso;0;3;17277300;UHE SINOP MONTANTE 1;RIO TELES PIRES (OU SÃO MANUEL);;-12,288100;-55,600800;30,99;276,64;0;montante;;;;;;sqlite:sis_cloud_seed.db:ana_estacoes;sqlite:sis_cloud_seed.db:ana_telemetria;
26334;Associação dos Trabalhadores Rurais do Projeto de Assentamento Mãe Maria Núcleo Imbu e Vizinhos - ITOG;São Félix do Araguaia;0;1;26310000;FAZENDA RANCHO ALTO;RIO MURERE;;-12,331700;-51,333100;76,80;556,90;0;jusante;;;;;;sqlite:sis_cloud_seed.db:ana_estacoes;sqlite:sis_cloud_seed.db:ana_telemetria;
33352;Barragem 01 – Fazenda Esplanada;São Félix do Araguaia;0;1;01052001;RIO COMANDANTE FONTOURA;RIO COMANDANTE FONTOURA;;-10,554700;-52,183300;74,83;618,32;0;montante;;;;;;sqlite:sis_cloud_seed.db:ana_estacoes;sqlite:sis_cloud_seed.db:ana_telemetria;
33352;Barragem 01 – Fazenda Esplanada;São Félix do Araguaia;0;2;18435000;RIO COMANDANTE FONTOURA;RIO COMANDANTE FONTOURA;;-10,554700;-52,183300;74,83;618,32;0;montante;;;;;;sqlite:sis_cloud_seed.db:ana_estacoes;sqlite:sis_cloud_seed.db:ana_telemetria;
33384;Barragem 02 – Fazenda Esplanada;São Félix do Araguaia;0;1;01052001;RIO COMANDANTE FONTOURA;RIO COMANDANTE FONTOURA;;-10,554700;-52,183300;76,83;618,32;0;montante;;;;;;sqlite:sis_cloud_seed.db:ana_estacoes;sqlite:sis_cloud_seed.db:ana_telemetria;
33384;Barragem 02 – Fazenda Esplanada;São Félix do Araguaia;0;2;18435000;RIO COMANDANTE FONTOURA;RIO COMANDANTE FONTOURA;;-10,554700;-52,183300;76,83;618,32;0;montante;;;;;;sqlite:sis_cloud_seed.db:ana_estacoes;sqlite:sis_cloud_seed.db:ana_telemetria;
35485;Barragem IV;São Félix do Araguaia;0;1;26310000;FAZENDA RANCHO ALTO;RIO MURERE;;-12,331700;-51,333100;40,58;556,90;0;jusante;;;;;;sqlite:sis_cloud_seed.db:ana_estacoes;sqlite:sis_cloud_seed.db:ana_telemetria;
35485;Barragem IV;São Félix do Araguaia;0;2;26350000;SÃO FÉLIX DO ARAGUAIA;RIO ARAGUAIA;;-11,618100;-50,662500;73,45;661,04;0;montante;;;;;;sqlite:sis_cloud_seed.db:ana_estacoes;sqlite:sis_cloud_seed.db:ana_telemetria;
8197;Faz. Produtiva;São Félix do Araguaia;0;1;26310000;FAZENDA RANCHO ALTO;RIO MURERE;;-12,331700;-51,333100;40,50;556,90;0;jusante;;;;;;sqlite:sis_cloud_seed.db:ana_estacoes;sqlite:sis_cloud_seed.db:ana_telemetria;
8197;Faz. Produtiva;São Félix do Araguaia;0;2;26350000;SÃO FÉLIX DO ARAGUAIA;RIO ARAGUAIA;;-11,618100;-50,662500;71,23;661,04;0;montante;;;;;;sqlite:sis_cloud_seed.db:ana_estacoes;sqlite:sis_cloud_seed.db:ana_telemetria;
22511;Massa d'Água #142297;São Félix do Araguaia;0;1;26500000;PORTO ALEGRE DO NORTE;RIO TAPIRAPE;;-10,873300;-51,629200;79,21;632,19;0;montante;;;;;;sqlite:sis_cloud_seed.db:ana_estacoes;sqlite:sis_cloud_seed.db:ana_telemetria;
23642;Massa d'Água #204819;São Félix do Araguaia;0;1;26500000;PORTO ALEGRE DO NORTE;RIO TAPIRAPE;;-10,873300;-51,629200;79,55;632,19;0;montante;;;;;;sqlite:sis_cloud_seed.db:ana_estacoes;sqlite:sis_cloud_seed.db:ana_telemetria;
35760;Barramento Santa Rita;São José do Povo;0;1;66450010;RONDONÓPOLIS;RIO VERMELHO;;-16,480600;-54,653600;32,37;137,49;0;local;;;;;;sqlite:sis_cloud_seed.db:ana_estacoes;sqlite:sis_cloud_seed.db:ana_telemetria;
35760;Barramento Santa Rita;São José do Povo;0;2;66429105;JARUDORE;RIO VERMELHO;;-16,213300;-54,300800;33,23;169,12;0;montante;;;;;;sqlite:sis_cloud_seed.db:ana_estacoes;sqlite:sis_cloud_seed.db:ana_telemetria;
35760;Barramento Santa Rita;São José do Povo;0;3;66454900;PCH RONDONÓPOLIS BARRAMENTO;RIBEIRÃO PONTE DA PEDRA;;-16,666900;-54,735600;44,59;132,63;0;jusante;;;;;;sqlite:sis_cloud_seed.db:ana_estacoes;sqlite:sis_cloud_seed.db:ana_telemetria;
20472;CGH Buritizal - NÃO POSSUI BARRAMENTO, DERIVAÇÃO LATERAL DIRETA;São José do Rio Claro;0;1;17224000;CGH BURITIZAL MONTANTE;RIBEIRÃO BURITIZAL;;-13,702800;-56,786100;0,05;124,63;0;local;;;;;;sqlite:sis_cloud_seed.db:ana_estacoes;sqlite:sis_cloud_seed.db:ana_telemetria;
20472;CGH Buritizal - NÃO POSSUI BARRAMENTO, DERIVAÇÃO LATERAL DIRETA;São José do Rio Claro;0;2;17099400;PCH RIO CLARO JUSANTE;RIO CLARO;;-13,792500;-56,703900;13,31;111,73;0;jusante;;;;;;sqlite:sis_cloud_seed.db:ana_estacoes;sqlite:sis_cloud_seed.db:ana_telemetria;
20472;CGH Buritizal - NÃO POSSUI BARRAMENTO, DERIVAÇÃO LATERAL DIRETA;São José do Rio Claro;0;3;17099320;PCH RIO CLARO BARRAMENTO;RIO CLARO;;-13,796900;-56,700300;13,93;111,12;0;jusante;;;;;;sqlite:sis_cloud_seed.db:ana_estacoes;sqlite:sis_cloud_seed.db:ana_telemetria;
8007;Destilaria de Álcool Libra LTDA;São José do Rio Claro;0;1;17099000;FAZENDA CACHOEIRA DE PAU;RIO ARINOS;;-13,831600;-56,409700;15,72;97,64;0;jusante;585,0;148,01;;;2026-09-07 09:45:00;sqlite:sis_cloud_seed.db:ana_estacoes;sqlite:sis_cloud_seed.db:ana_telemetria;contexto_somente
8007;Destilaria de Álcool Libra LTDA;São José do Rio Claro;0;2;17099320;PCH RIO CLARO BARRAMENTO;RIO CLARO;;-13,796900;-56,700300;17,49;111,12;0;local;;;;;;sqlite:sis_cloud_seed.db:ana_estacoes;sqlite:sis_cloud_seed.db:ana_telemetria;
8007;Destilaria de Álcool Libra LTDA;São José do Rio Claro;0;3;17099400;PCH RIO CLARO JUSANTE;RIO CLARO;;-13,792500;-56,703900;17,80;111,73;0;local;;;;;;sqlite:sis_cloud_seed.db:ana_estacoes;sqlite:sis_cloud_seed.db:ana_telemetria;
35507;Fazenda Encosta do Varjão I ? Gleba B ?  Barragem I;São José do Rio Claro;0;1;17223000;CGH CORRENTÃO JUSANTE;RIBEIRÃO LAGOA ROSA;;-13,821700;-56,988900;8,58;125,56;0;jusante;;;;;;sqlite:sis_cloud_seed.db:ana_estacoes;sqlite:sis_cloud_seed.db:ana_telemetria;
35507;Fazenda Encosta do Varjão I ? Gleba B ?  Barragem I;São José do Rio Claro;0;2;17099130;CGH NOVO COLORADO JUSANTE;RIBEIRÃO ÁGUA VERDE;;-13,976400;-57,042800;22,45;115,54;0;jusante;;;;;;sqlite:sis_cloud_seed.db:ana_estacoes;sqlite:sis_cloud_seed.db:ana_telemetria;
35507;Fazenda Encosta do Varjão I ? Gleba B ?  Barragem I;São José do Rio Claro;0;3;17099100;CGH NOVO COLORADO BARRAMENTO;RIBEIRÃO ÁGUA VERDE;;-13,983600;-57,068100;23,29;116,56;0;jusante;;;;;;sqlite:sis_cloud_seed.db:ana_estacoes;sqlite:sis_cloud_seed.db:ana_telemetria;
35460;Fazenda Vila Nova ? Barragem I;São José do Rio Claro;0;1;17223000;CGH CORRENTÃO JUSANTE;RIBEIRÃO LAGOA ROSA;;-13,821700;-56,988900;9,31;125,56;0;jusante;;;;;;sqlite:sis_cloud_seed.db:ana_estacoes;sqlite:sis_cloud_seed.db:ana_telemetria;
35460;Fazenda Vila Nova ? Barragem I;São José do Rio Claro;0;2;17099130;CGH NOVO COLORADO JUSANTE;RIBEIRÃO ÁGUA VERDE;;-13,976400;-57,042800;21,97;115,54;0;jusante;;;;;;sqlite:sis_cloud_seed.db:ana_estacoes;sqlite:sis_cloud_seed.db:ana_telemetria;
35460;Fazenda Vila Nova ? Barragem I;São José do Rio Claro;0;3;17099100;CGH NOVO COLORADO BARRAMENTO;RIBEIRÃO ÁGUA VERDE;;-13,983600;-57,068100;22,67;116,56;0;jusante;;;;;;sqlite:sis_cloud_seed.db:ana_estacoes;sqlite:sis_cloud_seed.db:ana_telemetria;
34078;PCH Rio Claro (Antiga Perdidos) - PCH Rio Claro;São José do Rio Claro;0;1;17099320;PCH RIO CLARO BARRAMENTO;RIO CLARO;;-13,796900;-56,700300;0,03;111,12;0;local;;;;;;sqlite:sis_cloud_seed.db:ana_estacoes;sqlite:sis_cloud_seed.db:ana_telemetria;
34078;PCH Rio Claro (Antiga Perdidos) - PCH Rio Claro;São José do Rio Claro;0;2;17099400;PCH RIO CLARO JUSANTE;RIO CLARO;;-13,792500;-56,703900;0,61;111,73;0;local;;;;;;sqlite:sis_cloud_seed.db:ana_estacoes;sqlite:sis_cloud_seed.db:ana_telemetria;
34078;PCH Rio Claro (Antiga Perdidos) - PCH Rio Claro;São José do Rio Claro;0;3;17224000;CGH BURITIZAL MONTANTE;RIBEIRÃO BURITIZAL;;-13,702800;-56,786100;13,96;124,63;0;montante;;;;;;sqlite:sis_cloud_seed.db:ana_estacoes;sqlite:sis_cloud_seed.db:ana_telemetria;
34809;PCH Rio Claro (Antiga Perdidos) - PCH Rio Claro;São José do Rio Claro;0;1;17099320;PCH RIO CLARO BARRAMENTO;RIO CLARO;;-13,796900;-56,700300;0,03;111,12;0;local;;;;;;sqlite:sis_cloud_seed.db:ana_estacoes;sqlite:sis_cloud_seed.db:ana_telemetria;
34809;PCH Rio Claro (Antiga Perdidos) - PCH Rio Claro;São José do Rio Claro;0;2;17099400;PCH RIO CLARO JUSANTE;RIO CLARO;;-13,792500;-56,703900;0,61;111,73;0;local;;;;;;sqlite:sis_cloud_seed.db:ana_estacoes;sqlite:sis_cloud_seed.db:ana_telemetria;
34809;PCH Rio Claro (Antiga Perdidos) - PCH Rio Claro;São José do Rio Claro;0;3;17224000;CGH BURITIZAL MONTANTE;RIBEIRÃO BURITIZAL;;-13,702800;-56,786100;13,96;124,63;0;montante;;;;;;sqlite:sis_cloud_seed.db:ana_estacoes;sqlite:sis_cloud_seed.db:ana_telemetria;
31371;Barragem 01 – Fazenda Ubatuba;São José do Xingu;0;1;01052001;RIO COMANDANTE FONTOURA;RIO COMANDANTE FONTOURA;;-10,554700;-52,183300;33,13;618,32;0;montante;;;;;;sqlite:sis_cloud_seed.db:ana_estacoes;sqlite:sis_cloud_seed.db:ana_telemetria;
31371;Barragem 01 – Fazenda Ubatuba;São José do Xingu;0;2;18435000;RIO COMANDANTE FONTOURA;RIO COMANDANTE FONTOURA;;-10,554700;-52,183300;33,13;618,32;0;montante;;;;;;sqlite:sis_cloud_seed.db:ana_estacoes;sqlite:sis_cloud_seed.db:ana_telemetria;
31371;Barragem 01 – Fazenda Ubatuba;São José do Xingu;0;3;18430000;PASSAGEM BR-080;RIO XINGU;;-10,777200;-53,095600;69,60;539,64;0;jusante;;;;;;sqlite:sis_cloud_seed.db:ana_estacoes;sqlite:sis_cloud_seed.db:ana_telemetria;
31622;Barragem 1 Fazenda Pesa III;São José do Xingu;0;1;01052001;RIO COMANDANTE FONTOURA;RIO COMANDANTE FONTOURA;;-10,554700;-52,183300;33,13;618,32;0;montante;;;;;;sqlite:sis_cloud_seed.db:ana_estacoes;sqlite:sis_cloud_seed.db:ana_telemetria;
31622;Barragem 1 Fazenda Pesa III;São José do Xingu;0;2;18435000;RIO COMANDANTE FONTOURA;RIO COMANDANTE FONTOURA;;-10,554700;-52,183300;33,13;618,32;0;montante;;;;;;sqlite:sis_cloud_seed.db:ana_estacoes;sqlite:sis_cloud_seed.db:ana_telemetria;
31622;Barragem 1 Fazenda Pesa III;São José do Xingu;0;3;18430000;PASSAGEM BR-080;RIO XINGU;;-10,777200;-53,095600;69,60;539,64;0;jusante;;;;;;sqlite:sis_cloud_seed.db:ana_estacoes;sqlite:sis_cloud_seed.db:ana_telemetria;
35059;Barragem na Fazenda Havaí;São José do Xingu;0;1;01052001;RIO COMANDANTE FONTOURA;RIO COMANDANTE FONTOURA;;-10,554700;-52,183300;55,79;618,32;0;montante;;;;;;sqlite:sis_cloud_seed.db:ana_estacoes;sqlite:sis_cloud_seed.db:ana_telemetria;
35059;Barragem na Fazenda Havaí;São José do Xingu;0;2;18435000;RIO COMANDANTE FONTOURA;RIO COMANDANTE FONTOURA;;-10,554700;-52,183300;55,79;618,32;0;montante;;;;;;sqlite:sis_cloud_seed.db:ana_estacoes;sqlite:sis_cloud_seed.db:ana_telemetria;
35059;Barragem na Fazenda Havaí;São José do Xingu;0;3;18430000;PASSAGEM BR-080;RIO XINGU;;-10,777200;-53,095600;60,56;539,64;0;montante;;;;;;sqlite:sis_cloud_seed.db:ana_estacoes;sqlite:sis_cloud_seed.db:ana_telemetria;
35156;Fazenda Eldorado ? Barramento 01;São José do Xingu;0;1;01052001;RIO COMANDANTE FONTOURA;RIO COMANDANTE FONTOURA;;-10,554700;-52,183300;39,16;618,32;0;montante;;;;;;sqlite:sis_cloud_seed.db:ana_estacoes;sqlite:sis_cloud_seed.db:ana_telemetria;
35156;Fazenda Eldorado ? Barramento 01;São José do Xingu;0;2;18435000;RIO COMANDANTE FONTOURA;RIO COMANDANTE FONTOURA;;-10,554700;-52,183300;39,16;618,32;0;montante;;;;;;sqlite:sis_cloud_seed.db:ana_estacoes;sqlite:sis_cloud_seed.db:ana_telemetria;
35156;Fazenda Eldorado ? Barramento 01;São José do Xingu;0;3;18430000;PASSAGEM BR-080;RIO XINGU;;-10,777200;-53,095600;74,88;539,64;0;montante;;;;;;sqlite:sis_cloud_seed.db:ana_estacoes;sqlite:sis_cloud_seed.db:ana_telemetria;
5316;JBS S.A - S.J. DOS QUATRO MARCOS;São José dos Quatro Marcos;0;1;66073000;ARAPUTANGA;RIBEIRÃO DAS PITAS;;-15,466900;-58,356400;24,22;206,16;0;montante;;;;;;sqlite:sis_cloud_seed.db:ana_estacoes;sqlite:sis_cloud_seed.db:ana_telemetria;
5316;JBS S.A - S.J. DOS QUATRO MARCOS;São José dos Quatro Marcos;0;2;66072005;PORTO ESPERIDIÃO;RIO JAURU;;-15,850800;-58,458300;37,02;226,28;0;jusante;;;;;;sqlite:sis_cloud_seed.db:ana_estacoes;sqlite:sis_cloud_seed.db:ana_telemetria;
5316;JBS S.A - S.J. DOS QUATRO MARCOS;São José dos Quatro Marcos;0;3;66064000;ESTRADA MT-125;RIO CABAÇAL;;-15,468900;-57,894000;37,42;157,77;0;montante;;;;;;sqlite:sis_cloud_seed.db:ana_estacoes;sqlite:sis_cloud_seed.db:ana_telemetria;
26169;Barragem Jauru;São José dos Quatro Marcos;0;1;66071399;INDIAVAÍ;RIO JAURU;;-15,483600;-58,598300;19,69;232,01;0;montante;;;;;;sqlite:sis_cloud_seed.db:ana_estacoes;sqlite:sis_cloud_seed.db:ana_telemetria;
26169;Barragem Jauru;São José dos Quatro Marcos;0;2;66072005;PORTO ESPERIDIÃO;RIO JAURU;;-15,850800;-58,458300;23,84;226,28;0;jusante;;;;;;sqlite:sis_cloud_seed.db:ana_estacoes;sqlite:sis_cloud_seed.db:ana_telemetria;
26169;Barragem Jauru;São José dos Quatro Marcos;0;3;66073000;ARAPUTANGA;RIBEIRÃO DAS PITAS;;-15,466900;-58,356400;28,71;206,16;0;montante;;;;;;sqlite:sis_cloud_seed.db:ana_estacoes;sqlite:sis_cloud_seed.db:ana_telemetria;
35232;BARRAGEM CRUZEIRO DO SUL 2;Tabaporã;0;1;17280940;UHE SINOP RESERVATÓRIO 1;RIO TELES PIRES (OU SÃO MANUEL);;-11,414700;-55,523300;33,07;373,13;0;local;;;;;;sqlite:sis_cloud_seed.db:ana_estacoes;sqlite:sis_cloud_seed.db:ana_telemetria;
35232;BARRAGEM CRUZEIRO DO SUL 2;Tabaporã;0;2;17280970;UHE SINOP RESERVATÓRIO 2;RIO TELES PIRES (OU SÃO MANUEL);;-11,401700;-55,510800;34,50;374,83;0;local;;;;;;sqlite:sis_cloud_seed.db:ana_estacoes;sqlite:sis_cloud_seed.db:ana_telemetria;
35232;BARRAGEM CRUZEIRO DO SUL 2;Tabaporã;0;3;17280990;UHE SINOP JUSANTE;RIO TELES PIRES (OU SÃO MANUEL);;-11,265300;-55,451100;44,51;391,04;0;montante;;;;;;sqlite:sis_cloud_seed.db:ana_estacoes;sqlite:sis_cloud_seed.db:ana_telemetria;
34599;Barragem I - Fazenda Tapena – Gleba Santa Maria-M-4863;Tabaporã;0;1;17120050;CGH MESTRE FALCÃO JUSANTE;RIBEIRÃO MESTRE FALCÃO;;-11,463300;-57,118300;46,07;371,55;0;jusante;;;;;;sqlite:sis_cloud_seed.db:ana_estacoes;sqlite:sis_cloud_seed.db:ana_telemetria;
34599;Barragem I - Fazenda Tapena – Gleba Santa Maria-M-4863;Tabaporã;0;2;17385000;PCH CABEÇA DE BOI MONTANTE 2;RIO APIACÁS;;-10,638900;-56,518100;67,22;452,04;0;montante;;;;;;sqlite:sis_cloud_seed.db:ana_estacoes;sqlite:sis_cloud_seed.db:ana_telemetria;
34599;Barragem I - Fazenda Tapena – Gleba Santa Maria-M-4863;Tabaporã;0;3;17388000;PCH CABEÇA DE BOI RIO TAPAIUNA;RIBEIRÃO TAPAIUNA;;-10,523100;-56,974200;72,50;470,60;0;montante;;;;;;sqlite:sis_cloud_seed.db:ana_estacoes;sqlite:sis_cloud_seed.db:ana_telemetria;
35223;Barramento (Principal) - Fazenda Progresso;Tabaporã;0;1;17273100;UHE COLÍDER PONTE MT-222;RIO TELES PIRES (OU SÃO MANUEL);;-11,893900;-55,656100;42,89;318,01;0;jusante;;;;;;sqlite:sis_cloud_seed.db:ana_estacoes;sqlite:sis_cloud_seed.db:ana_telemetria;
35223;Barramento (Principal) - Fazenda Progresso;Tabaporã;0;2;17280940;UHE SINOP RESERVATÓRIO 1;RIO TELES PIRES (OU SÃO MANUEL);;-11,414700;-55,523300;43,30;373,13;0;montante;;;;;;sqlite:sis_cloud_seed.db:ana_estacoes;sqlite:sis_cloud_seed.db:ana_telemetria;
35223;Barramento (Principal) - Fazenda Progresso;Tabaporã;0;3;17280970;UHE SINOP RESERVATÓRIO 2;RIO TELES PIRES (OU SÃO MANUEL);;-11,401700;-55,510800;45,15;374,83;0;montante;;;;;;sqlite:sis_cloud_seed.db:ana_estacoes;sqlite:sis_cloud_seed.db:ana_telemetria;
34580;Barramento I - Fazenda Recanto;Tabaporã;0;1;17120050;CGH MESTRE FALCÃO JUSANTE;RIBEIRÃO MESTRE FALCÃO;;-11,463300;-57,118300;47,66;371,55;0;jusante;;;;;;sqlite:sis_cloud_seed.db:ana_estacoes;sqlite:sis_cloud_seed.db:ana_telemetria;
34580;Barramento I - Fazenda Recanto;Tabaporã;0;2;17385000;PCH CABEÇA DE BOI MONTANTE 2;RIO APIACÁS;;-10,638900;-56,518100;65,15;452,04;0;montante;;;;;;sqlite:sis_cloud_seed.db:ana_estacoes;sqlite:sis_cloud_seed.db:ana_telemetria;
34580;Barramento I - Fazenda Recanto;Tabaporã;0;3;17388000;PCH CABEÇA DE BOI RIO TAPAIUNA;RIBEIRÃO TAPAIUNA;;-10,523100;-56,974200;68,95;470,60;0;montante;;;;;;sqlite:sis_cloud_seed.db:ana_estacoes;sqlite:sis_cloud_seed.db:ana_telemetria;
35225;Barramento II (Montante) - Fazenda Progresso;Tabaporã;0;1;17280940;UHE SINOP RESERVATÓRIO 1;RIO TELES PIRES (OU SÃO MANUEL);;-11,414700;-55,523300;41,25;373,13;0;montante;;;;;;sqlite:sis_cloud_seed.db:ana_estacoes;sqlite:sis_cloud_seed.db:ana_telemetria;
35225;Barramento II (Montante) - Fazenda Progresso;Tabaporã;0;2;17273100;UHE COLÍDER PONTE MT-222;RIO TELES PIRES (OU SÃO MANUEL);;-11,893900;-55,656100;42,37;318,01;0;jusante;;;;;;sqlite:sis_cloud_seed.db:ana_estacoes;sqlite:sis_cloud_seed.db:ana_telemetria;
35225;Barramento II (Montante) - Fazenda Progresso;Tabaporã;0;3;17280970;UHE SINOP RESERVATÓRIO 2;RIO TELES PIRES (OU SÃO MANUEL);;-11,401700;-55,510800;43,10;374,83;0;montante;;;;;;sqlite:sis_cloud_seed.db:ana_estacoes;sqlite:sis_cloud_seed.db:ana_telemetria;
34581;Barramento montante - Fazenda Recanto;Tabaporã;0;1;17120050;CGH MESTRE FALCÃO JUSANTE;RIBEIRÃO MESTRE FALCÃO;;-11,463300;-57,118300;47,18;371,55;0;jusante;;;;;;sqlite:sis_cloud_seed.db:ana_estacoes;sqlite:sis_cloud_seed.db:ana_telemetria;
34581;Barramento montante - Fazenda Recanto;Tabaporã;0;2;17385000;PCH CABEÇA DE BOI MONTANTE 2;RIO APIACÁS;;-10,638900;-56,518100;65,50;452,04;0;montante;;;;;;sqlite:sis_cloud_seed.db:ana_estacoes;sqlite:sis_cloud_seed.db:ana_telemetria;
34581;Barramento montante - Fazenda Recanto;Tabaporã;0;3;17388000;PCH CABEÇA DE BOI RIO TAPAIUNA;RIBEIRÃO TAPAIUNA;;-10,523100;-56,974200;67,87;470,60;0;montante;;;;;;sqlite:sis_cloud_seed.db:ana_estacoes;sqlite:sis_cloud_seed.db:ana_telemetria;
34137;CGH PICCINI V - CGH Piccini V;Tabaporã;0;1;17280940;UHE SINOP RESERVATÓRIO 1;RIO TELES PIRES (OU SÃO MANUEL);;-11,414700;-55,523300;37,73;373,13;0;local;;;;;;sqlite:sis_cloud_seed.db:ana_estacoes;sqlite:sis_cloud_seed.db:ana_telemetria;
34137;CGH PICCINI V - CGH Piccini V;Tabaporã;0;2;17280970;UHE SINOP RESERVATÓRIO 2;RIO TELES PIRES (OU SÃO MANUEL);;-11,401700;-55,510800;39,14;374,83;0;local;;;;;;sqlite:sis_cloud_seed.db:ana_estacoes;sqlite:sis_cloud_seed.db:ana_telemetria;
34137;CGH PICCINI V - CGH Piccini V;Tabaporã;0;3;17307000;UHE COLÍDER PESQUEIRO DO GIL;RIO TELES PIRES (OU SÃO MANUEL);;-10,983100;-55,838900;48,69;415,16;0;montante;;;;;;sqlite:sis_cloud_seed.db:ana_estacoes;sqlite:sis_cloud_seed.db:ana_telemetria;
34820;CGH PICCINI V - CGH Piccini V;Tabaporã;0;1;17280940;UHE SINOP RESERVATÓRIO 1;RIO TELES PIRES (OU SÃO MANUEL);;-11,414700;-55,523300;37,73;373,13;0;local;;;;;;sqlite:sis_cloud_seed.db:ana_estacoes;sqlite:sis_cloud_seed.db:ana_telemetria;
34820;CGH PICCINI V - CGH Piccini V;Tabaporã;0;2;17280970;UHE SINOP RESERVATÓRIO 2;RIO TELES PIRES (OU SÃO MANUEL);;-11,401700;-55,510800;39,14;374,83;0;local;;;;;;sqlite:sis_cloud_seed.db:ana_estacoes;sqlite:sis_cloud_seed.db:ana_telemetria;
34820;CGH PICCINI V - CGH Piccini V;Tabaporã;0;3;17307000;UHE COLÍDER PESQUEIRO DO GIL;RIO TELES PIRES (OU SÃO MANUEL);;-10,983100;-55,838900;48,69;415,16;0;montante;;;;;;sqlite:sis_cloud_seed.db:ana_estacoes;sqlite:sis_cloud_seed.db:ana_telemetria;
26632;Córrego Tonto;Tabaporã;0;1;17280940;UHE SINOP RESERVATÓRIO 1;RIO TELES PIRES (OU SÃO MANUEL);;-11,414700;-55,523300;32,83;373,13;0;local;;;;;;sqlite:sis_cloud_seed.db:ana_estacoes;sqlite:sis_cloud_seed.db:ana_telemetria;
26632;Córrego Tonto;Tabaporã;0;2;17280970;UHE SINOP RESERVATÓRIO 2;RIO TELES PIRES (OU SÃO MANUEL);;-11,401700;-55,510800;34,16;374,83;0;local;;;;;;sqlite:sis_cloud_seed.db:ana_estacoes;sqlite:sis_cloud_seed.db:ana_telemetria;
26632;Córrego Tonto;Tabaporã;0;3;17280990;UHE SINOP JUSANTE;RIO TELES PIRES (OU SÃO MANUEL);;-11,265300;-55,451100;43,41;391,04;0;montante;;;;;;sqlite:sis_cloud_seed.db:ana_estacoes;sqlite:sis_cloud_seed.db:ana_telemetria;
31117;Depósito Mocelin;Tabaporã;0;1;17120050;CGH MESTRE FALCÃO JUSANTE;RIBEIRÃO MESTRE FALCÃO;;-11,463300;-57,118300;35,72;371,55;0;jusante;;;;;;sqlite:sis_cloud_seed.db:ana_estacoes;sqlite:sis_cloud_seed.db:ana_telemetria;
5776;Fazenda Progresso;Tabaporã;0;1;17273100;UHE COLÍDER PONTE MT-222;RIO TELES PIRES (OU SÃO MANUEL);;-11,893900;-55,656100;42,93;318,01;0;jusante;;;;;;sqlite:sis_cloud_seed.db:ana_estacoes;sqlite:sis_cloud_seed.db:ana_telemetria;
5776;Fazenda Progresso;Tabaporã;0;2;17280940;UHE SINOP RESERVATÓRIO 1;RIO TELES PIRES (OU SÃO MANUEL);;-11,414700;-55,523300;43,29;373,13;0;montante;;;;;;sqlite:sis_cloud_seed.db:ana_estacoes;sqlite:sis_cloud_seed.db:ana_telemetria;
5776;Fazenda Progresso;Tabaporã;0;3;17280970;UHE SINOP RESERVATÓRIO 2;RIO TELES PIRES (OU SÃO MANUEL);;-11,401700;-55,510800;45,14;374,83;0;montante;;;;;;sqlite:sis_cloud_seed.db:ana_estacoes;sqlite:sis_cloud_seed.db:ana_telemetria;
36679;Barragem Perin II;Tangará da Serra;0;1;66022080;TANGARÁ - SEPOTUBA;RIO SEPOTUBA;;-14,508900;-57,612800;25,23;132,84;0;montante;;;;;;sqlite:sis_cloud_seed.db:ana_estacoes;sqlite:sis_cloud_seed.db:ana_telemetria;
36679;Barragem Perin II;Tangará da Serra;0;2;66030000;FAZENDA SANTA AMÁLIA;RIO SEPOTUBA;;-14,610400;-57,728000;33,24;141,43;0;local;;;;;;sqlite:sis_cloud_seed.db:ana_estacoes;sqlite:sis_cloud_seed.db:ana_telemetria;
36679;Barragem Perin II;Tangará da Serra;0;3;66029000;PCH RIO DO SAPO BARRAMENTO;RIBEIRÃO DO SAPO;;-14,610800;-57,743900;34,94;143,07;0;local;;;;;;sqlite:sis_cloud_seed.db:ana_estacoes;sqlite:sis_cloud_seed.db:ana_telemetria;
36680;Barragem Perin II (a montante);Tangará da Serra;0;1;66022080;TANGARÁ - SEPOTUBA;RIO SEPOTUBA;;-14,508900;-57,612800;25,52;132,84;0;montante;;;;;;sqlite:sis_cloud_seed.db:ana_estacoes;sqlite:sis_cloud_seed.db:ana_telemetria;
36680;Barragem Perin II (a montante);Tangará da Serra;0;2;66030000;FAZENDA SANTA AMÁLIA;RIO SEPOTUBA;;-14,610400;-57,728000;33,43;141,43;0;montante;;;;;;sqlite:sis_cloud_seed.db:ana_estacoes;sqlite:sis_cloud_seed.db:ana_telemetria;
36680;Barragem Perin II (a montante);Tangará da Serra;0;3;66029000;PCH RIO DO SAPO BARRAMENTO;RIBEIRÃO DO SAPO;;-14,610800;-57,743900;35,13;143,07;0;montante;;;;;;sqlite:sis_cloud_seed.db:ana_estacoes;sqlite:sis_cloud_seed.db:ana_telemetria;
35077;Barragem Primavera;Tangará da Serra;0;1;66052900;PCH PAMPEANA JUSANTE;RIO JUBA;;-14,826100;-57,903100;7,54;155,52;0;local;;;;;;sqlite:sis_cloud_seed.db:ana_estacoes;sqlite:sis_cloud_seed.db:ana_telemetria;
35077;Barragem Primavera;Tangará da Serra;0;2;66052800;PCH PAMPEANA BARRAMENTO;RIO JUBA;;-14,828300;-57,911900;8,49;156,43;0;local;;;;;;sqlite:sis_cloud_seed.db:ana_estacoes;sqlite:sis_cloud_seed.db:ana_telemetria;
35077;Barragem Primavera;Tangará da Serra;0;3;66052600;PCH GRAÇA BRENNAND BARRAMENTO;RIO JUBA;;-14,795600;-57,970600;15,19;163,10;0;montante;;;;;;sqlite:sis_cloud_seed.db:ana_estacoes;sqlite:sis_cloud_seed.db:ana_telemetria;
35070;Barramento - Fazenda Lagoa Azul;Tangará da Serra;0;1;66008500;BARRA DO BUGRES - RIO BUGRES;RIO DOS BUGRES;;-14,986700;-57,115800;41,45;70,13;0;jusante;;;;;;sqlite:sis_cloud_seed.db:ana_estacoes;sqlite:sis_cloud_seed.db:ana_telemetria;
35070;Barramento - Fazenda Lagoa Azul;Tangará da Serra;0;2;66007000;SÍTIO JAPUIRA;RIO PARAGUAI;;-14,814800;-56,838700;44,71;43,23;0;jusante;;;;;;sqlite:sis_cloud_seed.db:ana_estacoes;sqlite:sis_cloud_seed.db:ana_telemetria;
35070;Barramento - Fazenda Lagoa Azul;Tangará da Serra;0;3;66022080;TANGARÁ - SEPOTUBA;RIO SEPOTUBA;;-14,508900;-57,612800;45,75;132,84;0;montante;;;;;;sqlite:sis_cloud_seed.db:ana_estacoes;sqlite:sis_cloud_seed.db:ana_telemetria;
36626;Casa do Lago;Tangará da Serra;0;1;66022080;TANGARÁ - SEPOTUBA;RIO SEPOTUBA;;-14,508900;-57,612800;38,31;132,84;0;montante;;;;;;sqlite:sis_cloud_seed.db:ana_estacoes;sqlite:sis_cloud_seed.db:ana_telemetria;
36626;Casa do Lago;Tangará da Serra;0;2;66008500;BARRA DO BUGRES - RIO BUGRES;RIO DOS BUGRES;;-14,986700;-57,115800;40,62;70,13;0;jusante;;;;;;sqlite:sis_cloud_seed.db:ana_estacoes;sqlite:sis_cloud_seed.db:ana_telemetria;
36626;Casa do Lago;Tangará da Serra;0;3;66021000;CGH VERMELHO DO PARECIS MONTANTE;CÓRREGO VERMELHO;;-14,316100;-57,534400;46,58;132,81;0;montante;;;;;;sqlite:sis_cloud_seed.db:ana_estacoes;sqlite:sis_cloud_seed.db:ana_telemetria;
5321;ETA QUEIMA-PÉ;Tangará da Serra;0;1;66022080;TANGARÁ - SEPOTUBA;RIO SEPOTUBA;;-14,508900;-57,612800;16,12;132,84;0;montante;;;;;;sqlite:sis_cloud_seed.db:ana_estacoes;sqlite:sis_cloud_seed.db:ana_telemetria;
5321;ETA QUEIMA-PÉ;Tangará da Serra;0;2;66030000;FAZENDA SANTA AMÁLIA;RIO SEPOTUBA;;-14,610400;-57,728000;20,45;141,43;0;local;;;;;;sqlite:sis_cloud_seed.db:ana_estacoes;sqlite:sis_cloud_seed.db:ana_telemetria;
5321;ETA QUEIMA-PÉ;Tangará da Serra;0;3;66029000;PCH RIO DO SAPO BARRAMENTO;RIBEIRÃO DO SAPO;;-14,610800;-57,743900;22,14;143,07;0;local;;;;;;sqlite:sis_cloud_seed.db:ana_estacoes;sqlite:sis_cloud_seed.db:ana_telemetria;
7984;Estância Céu Azul;Tangará da Serra;0;1;66022080;TANGARÁ - SEPOTUBA;RIO SEPOTUBA;;-14,508900;-57,612800;29,57;132,84;0;montante;;;;;;sqlite:sis_cloud_seed.db:ana_estacoes;sqlite:sis_cloud_seed.db:ana_telemetria;
7984;Estância Céu Azul;Tangará da Serra;0;2;66021000;CGH VERMELHO DO PARECIS MONTANTE;CÓRREGO VERMELHO;;-14,316100;-57,534400;36,66;132,81;0;montante;;;;;;sqlite:sis_cloud_seed.db:ana_estacoes;sqlite:sis_cloud_seed.db:ana_telemetria;
7984;Estância Céu Azul;Tangará da Serra;0;3;66025500;PCH MARACANÃ JUSANTE;RIO MARACANÃ;;-14,355000;-57,616400;38,96;139,02;0;montante;;;;;;sqlite:sis_cloud_seed.db:ana_estacoes;sqlite:sis_cloud_seed.db:ana_telemetria;
19850;Faz. Netolândia;Tangará da Serra;0;1;66052500;UHE JUBA II JUSANTE;RIO JUBA;;-14,760600;-58,024200;15,21;169,31;0;jusante;;;;;;sqlite:sis_cloud_seed.db:ana_estacoes;sqlite:sis_cloud_seed.db:ana_telemetria;
19850;Faz. Netolândia;Tangará da Serra;0;2;66052600;PCH GRAÇA BRENNAND BARRAMENTO;RIO JUBA;;-14,795600;-57,970600;15,39;163,10;0;jusante;;;;;;sqlite:sis_cloud_seed.db:ana_estacoes;sqlite:sis_cloud_seed.db:ana_telemetria;
19850;Faz. Netolândia;Tangará da Serra;0;3;66052081;UHE JUBA II BARRAMENTO;RIO JUBA;;-14,759200;-58,045800;16,85;171,63;0;jusante;;;;;;sqlite:sis_cloud_seed.db:ana_estacoes;sqlite:sis_cloud_seed.db:ana_telemetria;
27745;Fazenda Boitanga;Tangará da Serra;0;1;66022080;TANGARÁ - SEPOTUBA;RIO SEPOTUBA;;-14,508900;-57,612800;9,20;132,84;0;montante;;;;;;sqlite:sis_cloud_seed.db:ana_estacoes;sqlite:sis_cloud_seed.db:ana_telemetria;
27745;Fazenda Boitanga;Tangará da Serra;0;2;66030000;FAZENDA SANTA AMÁLIA;RIO SEPOTUBA;;-14,610400;-57,728000;14,39;141,43;0;local;;;;;;sqlite:sis_cloud_seed.db:ana_estacoes;sqlite:sis_cloud_seed.db:ana_telemetria;
27745;Fazenda Boitanga;Tangará da Serra;0;3;66029000;PCH RIO DO SAPO BARRAMENTO;RIBEIRÃO DO SAPO;;-14,610800;-57,743900;16,08;143,07;0;local;;;;;;sqlite:sis_cloud_seed.db:ana_estacoes;sqlite:sis_cloud_seed.db:ana_telemetria;
20083;Marfrig;Tangará da Serra;0;1;66022080;TANGARÁ - SEPOTUBA;RIO SEPOTUBA;;-14,508900;-57,612800;15,04;132,84;0;montante;;;;;;sqlite:sis_cloud_seed.db:ana_estacoes;sqlite:sis_cloud_seed.db:ana_telemetria;
20083;Marfrig;Tangará da Serra;0;2;66030000;FAZENDA SANTA AMÁLIA;RIO SEPOTUBA;;-14,610400;-57,728000;19,74;141,43;0;local;;;;;;sqlite:sis_cloud_seed.db:ana_estacoes;sqlite:sis_cloud_seed.db:ana_telemetria;
20083;Marfrig;Tangará da Serra;0;3;66029000;PCH RIO DO SAPO BARRAMENTO;RIBEIRÃO DO SAPO;;-14,610800;-57,743900;21,44;143,07;0;local;;;;;;sqlite:sis_cloud_seed.db:ana_estacoes;sqlite:sis_cloud_seed.db:ana_telemetria;
20457;PCH Graça Brennand (Antiga Terra Santa)  - Dique Graça Brennand;Tangará da Serra;0;1;66052600;PCH GRAÇA BRENNAND BARRAMENTO;RIO JUBA;;-14,795600;-57,970600;0,46;163,10;0;local;;;;;;sqlite:sis_cloud_seed.db:ana_estacoes;sqlite:sis_cloud_seed.db:ana_telemetria;
20457;PCH Graça Brennand (Antiga Terra Santa)  - Dique Graça Brennand;Tangará da Serra;0;2;66052500;UHE JUBA II JUSANTE;RIO JUBA;;-14,760600;-58,024200;7,11;169,31;0;montante;;;;;;sqlite:sis_cloud_seed.db:ana_estacoes;sqlite:sis_cloud_seed.db:ana_telemetria;
20457;PCH Graça Brennand (Antiga Terra Santa)  - Dique Graça Brennand;Tangará da Serra;0;3;66052800;PCH PAMPEANA BARRAMENTO;RIO JUBA;;-14,828300;-57,911900;7,12;156,43;0;jusante;;;;;;sqlite:sis_cloud_seed.db:ana_estacoes;sqlite:sis_cloud_seed.db:ana_telemetria;
4297;PCH Graça Brennand (Antiga Terra Santa)  - Graça Brennand;Tangará da Serra;0;1;66052600;PCH GRAÇA BRENNAND BARRAMENTO;RIO JUBA;;-14,795600;-57,970600;0,46;163,10;0;local;;;;;;sqlite:sis_cloud_seed.db:ana_estacoes;sqlite:sis_cloud_seed.db:ana_telemetria;
4297;PCH Graça Brennand (Antiga Terra Santa)  - Graça Brennand;Tangará da Serra;0;2;66052500;UHE JUBA II JUSANTE;RIO JUBA;;-14,760600;-58,024200;7,11;169,31;0;montante;;;;;;sqlite:sis_cloud_seed.db:ana_estacoes;sqlite:sis_cloud_seed.db:ana_telemetria;
4297;PCH Graça Brennand (Antiga Terra Santa)  - Graça Brennand;Tangará da Serra;0;3;66052800;PCH PAMPEANA BARRAMENTO;RIO JUBA;;-14,828300;-57,911900;7,12;156,43;0;jusante;;;;;;sqlite:sis_cloud_seed.db:ana_estacoes;sqlite:sis_cloud_seed.db:ana_telemetria;
4410;PCH Pampeana - Pampeana;Tangará da Serra;0;1;66052800;PCH PAMPEANA BARRAMENTO;RIO JUBA;;-14,828300;-57,911900;0,19;156,43;0;local;;;;;;sqlite:sis_cloud_seed.db:ana_estacoes;sqlite:sis_cloud_seed.db:ana_telemetria;
4410;PCH Pampeana - Pampeana;Tangará da Serra;0;2;66052900;PCH PAMPEANA JUSANTE;RIO JUBA;;-14,826100;-57,903100;1,02;155,52;0;local;;;;;;sqlite:sis_cloud_seed.db:ana_estacoes;sqlite:sis_cloud_seed.db:ana_telemetria;
4410;PCH Pampeana - Pampeana;Tangará da Serra;0;3;66052600;PCH GRAÇA BRENNAND BARRAMENTO;RIO JUBA;;-14,795600;-57,970600;7,40;163,10;0;montante;;;;;;sqlite:sis_cloud_seed.db:ana_estacoes;sqlite:sis_cloud_seed.db:ana_telemetria;
20471;PCH Recanto - PCH Recanto;Tangará da Serra;0;1;66425050;PCH RECANTO JUSANTE;CÓRREGO ÁGUA LIMPA;;-14,428300;-57,812800;3,99;156,05;0;local;;;;;;sqlite:sis_cloud_seed.db:ana_estacoes;sqlite:sis_cloud_seed.db:ana_telemetria;
20471;PCH Recanto - PCH Recanto;Tangará da Serra;0;2;66425000;PCH RECANTO BARRAMENTO;CÓRREGO ÁGUA LIMPA;;-14,419400;-57,818300;4,47;156,91;0;montante;;;;;;sqlite:sis_cloud_seed.db:ana_estacoes;sqlite:sis_cloud_seed.db:ana_telemetria;
20471;PCH Recanto - PCH Recanto;Tangará da Serra;0;3;66028000;PCH RIO DO SAPO MONTANTE 2;RIBEIRÃO DO SAPO;;-14,556400;-57,812200;11,60;151,77;0;jusante;;;;;;sqlite:sis_cloud_seed.db:ana_estacoes;sqlite:sis_cloud_seed.db:ana_telemetria;
5123;PCH Rio do Sapo - 1;Tangará da Serra;0;1;66029010;PCH RIO DO SAPO JUSANTE;RIBEIRÃO DO SAPO;;-14,612200;-57,745800;0,12;143,23;0;local;;;;;;sqlite:sis_cloud_seed.db:ana_estacoes;sqlite:sis_cloud_seed.db:ana_telemetria;
5123;PCH Rio do Sapo - 1;Tangará da Serra;0;2;66029000;PCH RIO DO SAPO BARRAMENTO;RIBEIRÃO DO SAPO;;-14,610800;-57,743900;0,14;143,07;0;local;;;;;;sqlite:sis_cloud_seed.db:ana_estacoes;sqlite:sis_cloud_seed.db:ana_telemetria;
5123;PCH Rio do Sapo - 1;Tangará da Serra;0;3;66030000;FAZENDA SANTA AMÁLIA;RIO SEPOTUBA;;-14,610400;-57,728000;1,83;141,43;0;local;;;;;;sqlite:sis_cloud_seed.db:ana_estacoes;sqlite:sis_cloud_seed.db:ana_telemetria;
27890;Sitio Morada das Rosas;Tangará da Serra;0;1;66022080;TANGARÁ - SEPOTUBA;RIO SEPOTUBA;;-14,508900;-57,612800;22,62;132,84;0;montante;;;;;;sqlite:sis_cloud_seed.db:ana_estacoes;sqlite:sis_cloud_seed.db:ana_telemetria;
27890;Sitio Morada das Rosas;Tangará da Serra;0;2;66030000;FAZENDA SANTA AMÁLIA;RIO SEPOTUBA;;-14,610400;-57,728000;30,31;141,43;0;local;;;;;;sqlite:sis_cloud_seed.db:ana_estacoes;sqlite:sis_cloud_seed.db:ana_telemetria;
27890;Sitio Morada das Rosas;Tangará da Serra;0;3;66029000;PCH RIO DO SAPO BARRAMENTO;RIBEIRÃO DO SAPO;;-14,610800;-57,743900;32,02;143,07;0;local;;;;;;sqlite:sis_cloud_seed.db:ana_estacoes;sqlite:sis_cloud_seed.db:ana_telemetria;
5328;Sitio Pica Pau;Tangará da Serra;0;1;66022080;TANGARÁ - SEPOTUBA;RIO SEPOTUBA;;-14,508900;-57,612800;25,56;132,84;0;montante;;;;;;sqlite:sis_cloud_seed.db:ana_estacoes;sqlite:sis_cloud_seed.db:ana_telemetria;
5328;Sitio Pica Pau;Tangará da Serra;0;2;66030000;FAZENDA SANTA AMÁLIA;RIO SEPOTUBA;;-14,610400;-57,728000;33,40;141,43;0;montante;;;;;;sqlite:sis_cloud_seed.db:ana_estacoes;sqlite:sis_cloud_seed.db:ana_telemetria;
5328;Sitio Pica Pau;Tangará da Serra;0;3;66029000;PCH RIO DO SAPO BARRAMENTO;RIBEIRÃO DO SAPO;;-14,610800;-57,743900;35,09;143,07;0;montante;;;;;;sqlite:sis_cloud_seed.db:ana_estacoes;sqlite:sis_cloud_seed.db:ana_telemetria;
31769;Sítio Estrela;Tangará da Serra;0;1;66022080;TANGARÁ - SEPOTUBA;RIO SEPOTUBA;;-14,508900;-57,612800;24,15;132,84;0;montante;;;;;;sqlite:sis_cloud_seed.db:ana_estacoes;sqlite:sis_cloud_seed.db:ana_telemetria;
31769;Sítio Estrela;Tangará da Serra;0;2;66030000;FAZENDA SANTA AMÁLIA;RIO SEPOTUBA;;-14,610400;-57,728000;32,13;141,43;0;local;;;;;;sqlite:sis_cloud_seed.db:ana_estacoes;sqlite:sis_cloud_seed.db:ana_telemetria;
31769;Sítio Estrela;Tangará da Serra;0;3;66029000;PCH RIO DO SAPO BARRAMENTO;RIBEIRÃO DO SAPO;;-14,610800;-57,743900;33,83;143,07;0;local;;;;;;sqlite:sis_cloud_seed.db:ana_estacoes;sqlite:sis_cloud_seed.db:ana_telemetria;
36350;Sítio Nossa Senhora Aparecida;Tangará da Serra;0;1;66022080;TANGARÁ - SEPOTUBA;RIO SEPOTUBA;;-14,508900;-57,612800;30,78;132,84;0;montante;;;;;;sqlite:sis_cloud_seed.db:ana_estacoes;sqlite:sis_cloud_seed.db:ana_telemetria;
36350;Sítio Nossa Senhora Aparecida;Tangará da Serra;0;2;66030000;FAZENDA SANTA AMÁLIA;RIO SEPOTUBA;;-14,610400;-57,728000;37,37;141,43;0;montante;;;;;;sqlite:sis_cloud_seed.db:ana_estacoes;sqlite:sis_cloud_seed.db:ana_telemetria;
36350;Sítio Nossa Senhora Aparecida;Tangará da Serra;0;3;66029000;PCH RIO DO SAPO BARRAMENTO;RIBEIRÃO DO SAPO;;-14,610800;-57,743900;39,03;143,07;0;montante;;;;;;sqlite:sis_cloud_seed.db:ana_estacoes;sqlite:sis_cloud_seed.db:ana_telemetria;
4642;UHE Juba I - Juba I;Tangará da Serra;0;1;66052080;UHE JUBA I BARRAMENTO;RIO JUBA;;-14,740600;-58,101400;0,21;177,84;0;local;;;;;;sqlite:sis_cloud_seed.db:ana_estacoes;sqlite:sis_cloud_seed.db:ana_telemetria;
4642;UHE Juba I - Juba I;Tangará da Serra;0;2;66052100;PCH GRAÇA BRENNAND TOCO DO AROEIRA;CÓRREGO TOCO DE AROEIRA;;-14,747500;-58,103900;0,80;178,00;0;local;;;;;;sqlite:sis_cloud_seed.db:ana_estacoes;sqlite:sis_cloud_seed.db:ana_telemetria;
4642;UHE Juba I - Juba I;Tangará da Serra;0;3;66051000;UHE JUBA I MONTANTE;RIO JUBA;;-14,710600;-58,102500;3,30;178,46;0;local;;;;;;sqlite:sis_cloud_seed.db:ana_estacoes;sqlite:sis_cloud_seed.db:ana_telemetria;
31784;Barragem Canaã;Tapurah;0;1;01357013;PZ_NOVA MARINGÁ BRIANORTE;;;-13,023100;-57,095300;72,00;207,18;0;jusante;;;;;;sqlite:sis_cloud_seed.db:ana_estacoes;sqlite:sis_cloud_seed.db:ana_telemetria;
31784;Barragem Canaã;Tapurah;0;2;01357012;PZ_NOVA MARINGÁ SEDE;;;-13,033300;-57,150000;74,69;208,84;0;jusante;;;;;;sqlite:sis_cloud_seed.db:ana_estacoes;sqlite:sis_cloud_seed.db:ana_telemetria;
36471;Barragem Fazenda Campina do Sul;Tapurah;0;1;17219600;CGH APROVALE JUSANTE;RIBEIRÃO DO CEDRO;;-12,881100;-56,156700;56,77;201,99;0;jusante;;;;;;sqlite:sis_cloud_seed.db:ana_estacoes;sqlite:sis_cloud_seed.db:ana_telemetria;
36471;Barragem Fazenda Campina do Sul;Tapurah;0;2;17219300;CGH APROVALE BARRAMENTO;RIBEIRÃO DO CEDRO;;-12,890800;-56,139200;58,93;201,01;0;jusante;;;;;;sqlite:sis_cloud_seed.db:ana_estacoes;sqlite:sis_cloud_seed.db:ana_telemetria;
36471;Barragem Fazenda Campina do Sul;Tapurah;0;3;17278500;PCH FOZ DO CEDRO JUSANTE;RIO VERDE;;-12,749400;-56,033600;61,32;217,62;0;jusante;;;;;;sqlite:sis_cloud_seed.db:ana_estacoes;sqlite:sis_cloud_seed.db:ana_telemetria;
31785;Barramento Montante;Tapurah;0;1;01357013;PZ_NOVA MARINGÁ BRIANORTE;;;-13,023100;-57,095300;72,26;207,18;0;jusante;;;;;;sqlite:sis_cloud_seed.db:ana_estacoes;sqlite:sis_cloud_seed.db:ana_telemetria;
31785;Barramento Montante;Tapurah;0;2;01357012;PZ_NOVA MARINGÁ SEDE;;;-13,033300;-57,150000;74,98;208,84;0;jusante;;;;;;sqlite:sis_cloud_seed.db:ana_estacoes;sqlite:sis_cloud_seed.db:ana_telemetria;
304;CARLOS ALBERTO CAPELETTI - FAZENDA TOLEDO;Tapurah;0;1;17219600;CGH APROVALE JUSANTE;RIBEIRÃO DO CEDRO;;-12,881100;-56,156700;28,07;201,99;0;jusante;;;;;;sqlite:sis_cloud_seed.db:ana_estacoes;sqlite:sis_cloud_seed.db:ana_telemetria;
304;CARLOS ALBERTO CAPELETTI - FAZENDA TOLEDO;Tapurah;0;2;17219300;CGH APROVALE BARRAMENTO;RIBEIRÃO DO CEDRO;;-12,890800;-56,139200;30,10;201,01;0;jusante;;;;;;sqlite:sis_cloud_seed.db:ana_estacoes;sqlite:sis_cloud_seed.db:ana_telemetria;
304;CARLOS ALBERTO CAPELETTI - FAZENDA TOLEDO;Tapurah;0;3;17278500;PCH FOZ DO CEDRO JUSANTE;RIO VERDE;;-12,749400;-56,033600;31,52;217,62;0;jusante;;;;;;sqlite:sis_cloud_seed.db:ana_estacoes;sqlite:sis_cloud_seed.db:ana_telemetria;
8024;Faz. Guarantã - Lotes 21, 22 e 23;Tapurah;0;1;17278500;PCH FOZ DO CEDRO JUSANTE;RIO VERDE;;-12,749400;-56,033600;30,67;217,62;0;jusante;;;;;;sqlite:sis_cloud_seed.db:ana_estacoes;sqlite:sis_cloud_seed.db:ana_telemetria;
8024;Faz. Guarantã - Lotes 21, 22 e 23;Tapurah;0;2;17278490;PCH FOZ DO CEDRO BARRAMENTO;RIO VERDE;;-12,750800;-56,033600;30,74;217,47;0;jusante;;;;;;sqlite:sis_cloud_seed.db:ana_estacoes;sqlite:sis_cloud_seed.db:ana_telemetria;
8024;Faz. Guarantã - Lotes 21, 22 e 23;Tapurah;0;3;17219600;CGH APROVALE JUSANTE;RIBEIRÃO DO CEDRO;;-12,881100;-56,156700;31,91;201,99;0;jusante;;;;;;sqlite:sis_cloud_seed.db:ana_estacoes;sqlite:sis_cloud_seed.db:ana_telemetria;
20213;Faz. Mata Velha;Tapurah;0;1;17219600;CGH APROVALE JUSANTE;RIBEIRÃO DO CEDRO;;-12,881100;-56,156700;56,03;201,99;0;jusante;;;;;;sqlite:sis_cloud_seed.db:ana_estacoes;sqlite:sis_cloud_seed.db:ana_telemetria;
20213;Faz. Mata Velha;Tapurah;0;2;17219300;CGH APROVALE BARRAMENTO;RIBEIRÃO DO CEDRO;;-12,890800;-56,139200;58,13;201,01;0;jusante;;;;;;sqlite:sis_cloud_seed.db:ana_estacoes;sqlite:sis_cloud_seed.db:ana_telemetria;
20213;Faz. Mata Velha;Tapurah;0;3;17278500;PCH FOZ DO CEDRO JUSANTE;RIO VERDE;;-12,749400;-56,033600;58,46;217,62;0;jusante;;;;;;sqlite:sis_cloud_seed.db:ana_estacoes;sqlite:sis_cloud_seed.db:ana_telemetria;
19946;Faz. Toledo;Tapurah;0;1;17219600;CGH APROVALE JUSANTE;RIBEIRÃO DO CEDRO;;-12,881100;-56,156700;28,09;201,99;0;jusante;;;;;;sqlite:sis_cloud_seed.db:ana_estacoes;sqlite:sis_cloud_seed.db:ana_telemetria;
19946;Faz. Toledo;Tapurah;0;2;17219300;CGH APROVALE BARRAMENTO;RIBEIRÃO DO CEDRO;;-12,890800;-56,139200;30,10;201,01;0;jusante;;;;;;sqlite:sis_cloud_seed.db:ana_estacoes;sqlite:sis_cloud_seed.db:ana_telemetria;
19946;Faz. Toledo;Tapurah;0;3;17278500;PCH FOZ DO CEDRO JUSANTE;RIO VERDE;;-12,749400;-56,033600;31,13;217,62;0;jusante;;;;;;sqlite:sis_cloud_seed.db:ana_estacoes;sqlite:sis_cloud_seed.db:ana_telemetria;
34760;Fazenda Cristo Rei I – Barramento 04;Tapurah;0;1;01357013;PZ_NOVA MARINGÁ BRIANORTE;;;-13,023100;-57,095300;52,34;207,18;0;jusante;;;;;;sqlite:sis_cloud_seed.db:ana_estacoes;sqlite:sis_cloud_seed.db:ana_telemetria;
34760;Fazenda Cristo Rei I – Barramento 04;Tapurah;0;2;01357012;PZ_NOVA MARINGÁ SEDE;;;-13,033300;-57,150000;57,86;208,84;0;jusante;;;;;;sqlite:sis_cloud_seed.db:ana_estacoes;sqlite:sis_cloud_seed.db:ana_telemetria;
34760;Fazenda Cristo Rei I – Barramento 04;Tapurah;0;3;17219600;CGH APROVALE JUSANTE;RIBEIRÃO DO CEDRO;;-12,881100;-56,156700;61,38;201,99;0;jusante;;;;;;sqlite:sis_cloud_seed.db:ana_estacoes;sqlite:sis_cloud_seed.db:ana_telemetria;
34751;Fazenda Cristo Rei I –Barramento 01;Tapurah;0;1;01357013;PZ_NOVA MARINGÁ BRIANORTE;;;-13,023100;-57,095300;54,91;207,18;0;jusante;;;;;;sqlite:sis_cloud_seed.db:ana_estacoes;sqlite:sis_cloud_seed.db:ana_telemetria;
34751;Fazenda Cristo Rei I –Barramento 01;Tapurah;0;2;17219600;CGH APROVALE JUSANTE;RIBEIRÃO DO CEDRO;;-12,881100;-56,156700;60,23;201,99;0;jusante;;;;;;sqlite:sis_cloud_seed.db:ana_estacoes;sqlite:sis_cloud_seed.db:ana_telemetria;
34751;Fazenda Cristo Rei I –Barramento 01;Tapurah;0;3;01357012;PZ_NOVA MARINGÁ SEDE;;;-13,033300;-57,150000;60,40;208,84;0;jusante;;;;;;sqlite:sis_cloud_seed.db:ana_estacoes;sqlite:sis_cloud_seed.db:ana_telemetria;
27377;Fazenda Tereré;Tapurah;0;1;17219600;CGH APROVALE JUSANTE;RIBEIRÃO DO CEDRO;;-12,881100;-56,156700;63,10;201,99;0;jusante;;;;;;sqlite:sis_cloud_seed.db:ana_estacoes;sqlite:sis_cloud_seed.db:ana_telemetria;
27377;Fazenda Tereré;Tapurah;0;2;17278500;PCH FOZ DO CEDRO JUSANTE;RIO VERDE;;-12,749400;-56,033600;64,62;217,62;0;jusante;;;;;;sqlite:sis_cloud_seed.db:ana_estacoes;sqlite:sis_cloud_seed.db:ana_telemetria;
27377;Fazenda Tereré;Tapurah;0;3;17278490;PCH FOZ DO CEDRO BARRAMENTO;RIO VERDE;;-12,750800;-56,033600;64,70;217,47;0;jusante;;;;;;sqlite:sis_cloud_seed.db:ana_estacoes;sqlite:sis_cloud_seed.db:ana_telemetria;
8031;Fazenda Vale do Rio Verde;Tapurah;0;1;17278500;PCH FOZ DO CEDRO JUSANTE;RIO VERDE;;-12,749400;-56,033600;29,84;217,62;0;jusante;;;;;;sqlite:sis_cloud_seed.db:ana_estacoes;sqlite:sis_cloud_seed.db:ana_telemetria;
8031;Fazenda Vale do Rio Verde;Tapurah;0;2;17278490;PCH FOZ DO CEDRO BARRAMENTO;RIO VERDE;;-12,750800;-56,033600;29,98;217,47;0;jusante;;;;;;sqlite:sis_cloud_seed.db:ana_estacoes;sqlite:sis_cloud_seed.db:ana_telemetria;
8031;Fazenda Vale do Rio Verde;Tapurah;0;3;17270000;PCH CANOA QUEBRADA JUSANTE;RIO VERDE;;-12,793300;-56,010800;35,31;213,05;0;jusante;;;;;;sqlite:sis_cloud_seed.db:ana_estacoes;sqlite:sis_cloud_seed.db:ana_telemetria;
8032;Fazenda Vale do Rio Verde;Tapurah;0;1;17278500;PCH FOZ DO CEDRO JUSANTE;RIO VERDE;;-12,749400;-56,033600;29,84;217,62;0;jusante;;;;;;sqlite:sis_cloud_seed.db:ana_estacoes;sqlite:sis_cloud_seed.db:ana_telemetria;
8032;Fazenda Vale do Rio Verde;Tapurah;0;2;17278490;PCH FOZ DO CEDRO BARRAMENTO;RIO VERDE;;-12,750800;-56,033600;29,98;217,47;0;jusante;;;;;;sqlite:sis_cloud_seed.db:ana_estacoes;sqlite:sis_cloud_seed.db:ana_telemetria;
8032;Fazenda Vale do Rio Verde;Tapurah;0;3;17270000;PCH CANOA QUEBRADA JUSANTE;RIO VERDE;;-12,793300;-56,010800;35,31;213,05;0;jusante;;;;;;sqlite:sis_cloud_seed.db:ana_estacoes;sqlite:sis_cloud_seed.db:ana_telemetria;
36538;Fazenda Vale do Rio Verde - Barragem Vale 01;Tapurah;0;1;17278500;PCH FOZ DO CEDRO JUSANTE;RIO VERDE;;-12,749400;-56,033600;39,14;217,62;0;jusante;;;;;;sqlite:sis_cloud_seed.db:ana_estacoes;sqlite:sis_cloud_seed.db:ana_telemetria;
36538;Fazenda Vale do Rio Verde - Barragem Vale 01;Tapurah;0;2;17278490;PCH FOZ DO CEDRO BARRAMENTO;RIO VERDE;;-12,750800;-56,033600;39,28;217,47;0;jusante;;;;;;sqlite:sis_cloud_seed.db:ana_estacoes;sqlite:sis_cloud_seed.db:ana_telemetria;
36538;Fazenda Vale do Rio Verde - Barragem Vale 01;Tapurah;0;3;17275100;UHE SINOP RIO VERDE;RIO VERDE;;-12,173100;-55,899400;42,52;282,99;0;montante;;;;;;sqlite:sis_cloud_seed.db:ana_estacoes;sqlite:sis_cloud_seed.db:ana_telemetria;
8064;PREFEITURA MUNICIPAL DE TERRA NOVA DO NORTE;Terra Nova do Norte;0;1;17343010;PEIXOTO DE AZEVEDO;RIO PEIXOTO DE AZEVEDO;;-10,219400;-54,970800;46,84;516,61;0;montante;;;;;;sqlite:sis_cloud_seed.db:ana_estacoes;sqlite:sis_cloud_seed.db:ana_telemetria;
8064;PREFEITURA MUNICIPAL DE TERRA NOVA DO NORTE;Terra Nova do Norte;0;2;17291000;UHE COLÍDER RIO RENATO;RIBEIRÃO RENATO;;-11,062800;-55,278300;52,78;417,34;0;jusante;;;;;;sqlite:sis_cloud_seed.db:ana_estacoes;sqlite:sis_cloud_seed.db:ana_telemetria;
8064;PREFEITURA MUNICIPAL DE TERRA NOVA DO NORTE;Terra Nova do Norte;0;3;17304000;UHE COLÍDER RESERVATÓRIO;RIO TELES PIRES (OU SÃO MANUEL);;-10,982200;-55,700300;75,96;417,13;0;jusante;;;;;;sqlite:sis_cloud_seed.db:ana_estacoes;sqlite:sis_cloud_seed.db:ana_telemetria;
6192;Fazenda Batovi;Tesouro;0;1;24500000;TESOURO;RIO DAS GARÇAS;;-16,077800;-53,548100;27,55;249,05;0;jusante;;;;;;sqlite:sis_cloud_seed.db:ana_estacoes;sqlite:sis_cloud_seed.db:ana_telemetria;
6192;Fazenda Batovi;Tesouro;0;2;66420000;PCH POXORÉO MONTANTE;RIO POXOREU;;-15,797500;-54,360800;67,42;165,13;0;montante;;;;;;sqlite:sis_cloud_seed.db:ana_estacoes;sqlite:sis_cloud_seed.db:ana_telemetria;
6192;Fazenda Batovi;Tesouro;0;3;66420250;PCH POXORÉO JUSANTE;RIO POXOREU;;-15,850800;-54,375300;68,06;162,60;0;montante;;;;;;sqlite:sis_cloud_seed.db:ana_estacoes;sqlite:sis_cloud_seed.db:ana_telemetria;
36518;Barramento I ? Fazenda Ponte de Pedra;Torixoréu;0;1;24180070;PCH SÃO DOMINGOS BARRAMENTO;RIO SÃO DOMINGOS;;-16,299400;-52,704700;2,33;339,76;0;local;;;;;;sqlite:sis_cloud_seed.db:ana_estacoes;sqlite:sis_cloud_seed.db:ana_telemetria;
36518;Barramento I ? Fazenda Ponte de Pedra;Torixoréu;0;2;24180080;PCH SÃO DOMINGOS JUSANTE;RIO SÃO DOMINGOS;;-16,298600;-52,702800;2,33;339,96;0;local;;;;;;sqlite:sis_cloud_seed.db:ana_estacoes;sqlite:sis_cloud_seed.db:ana_telemetria;
36518;Barramento I ? Fazenda Ponte de Pedra;Torixoréu;0;3;24180050;PCH SÃO DOMINGOS MONTANTE 1;RIO SÃO DOMINGOS;;-16,305600;-52,709700;2,88;339,27;0;local;;;;;;sqlite:sis_cloud_seed.db:ana_estacoes;sqlite:sis_cloud_seed.db:ana_telemetria;
36519;Barramento II - Fazenda Ponte de Pedra;Torixoréu;0;1;24180080;PCH SÃO DOMINGOS JUSANTE;RIO SÃO DOMINGOS;;-16,298600;-52,702800;2,86;339,96;0;local;;;;;;sqlite:sis_cloud_seed.db:ana_estacoes;sqlite:sis_cloud_seed.db:ana_telemetria;
36519;Barramento II - Fazenda Ponte de Pedra;Torixoréu;0;2;24180070;PCH SÃO DOMINGOS BARRAMENTO;RIO SÃO DOMINGOS;;-16,299400;-52,704700;2,87;339,76;0;local;;;;;;sqlite:sis_cloud_seed.db:ana_estacoes;sqlite:sis_cloud_seed.db:ana_telemetria;
36519;Barramento II - Fazenda Ponte de Pedra;Torixoréu;0;3;24180050;PCH SÃO DOMINGOS MONTANTE 1;RIO SÃO DOMINGOS;;-16,305600;-52,709700;3,45;339,27;0;jusante;;;;;;sqlite:sis_cloud_seed.db:ana_estacoes;sqlite:sis_cloud_seed.db:ana_telemetria;
36520;Barramento III- Fazenda Ponte de Pedra;Torixoréu;0;1;24180070;PCH SÃO DOMINGOS BARRAMENTO;RIO SÃO DOMINGOS;;-16,299400;-52,704700;3,75;339,76;0;jusante;;;;;;sqlite:sis_cloud_seed.db:ana_estacoes;sqlite:sis_cloud_seed.db:ana_telemetria;
36520;Barramento III- Fazenda Ponte de Pedra;Torixoréu;0;2;24180080;PCH SÃO DOMINGOS JUSANTE;RIO SÃO DOMINGOS;;-16,298600;-52,702800;3,77;339,96;0;local;;;;;;sqlite:sis_cloud_seed.db:ana_estacoes;sqlite:sis_cloud_seed.db:ana_telemetria;
36520;Barramento III- Fazenda Ponte de Pedra;Torixoréu;0;3;24180050;PCH SÃO DOMINGOS MONTANTE 1;RIO SÃO DOMINGOS;;-16,305600;-52,709700;4,21;339,27;0;jusante;;;;;;sqlite:sis_cloud_seed.db:ana_estacoes;sqlite:sis_cloud_seed.db:ana_telemetria;
34700;Barragem Rios Piscicultura Montante;Tangará da Serra;0;1;66022080;TANGARÁ - SEPOTUBA;RIO SEPOTUBA;;-14,508900;-57,612800;12,13;132,84;0;montante;;;;;;sqlite:sis_cloud_seed.db:ana_estacoes;sqlite:sis_cloud_seed.db:ana_telemetria;
34700;Barragem Rios Piscicultura Montante;Tangará da Serra;0;2;66030000;FAZENDA SANTA AMÁLIA;RIO SEPOTUBA;;-14,610400;-57,728000;20,18;141,43;0;local;;;;;;sqlite:sis_cloud_seed.db:ana_estacoes;sqlite:sis_cloud_seed.db:ana_telemetria;
34700;Barragem Rios Piscicultura Montante;Tangará da Serra;0;3;66029000;PCH RIO DO SAPO BARRAMENTO;RIBEIRÃO DO SAPO;;-14,610800;-57,743900;21,88;143,07;0;local;;;;;;sqlite:sis_cloud_seed.db:ana_estacoes;sqlite:sis_cloud_seed.db:ana_telemetria;
34694;Barragem Rios Psicultura;Tangará da Serra;0;1;66022080;TANGARÁ - SEPOTUBA;RIO SEPOTUBA;;-14,508900;-57,612800;12,04;132,84;0;montante;;;;;;sqlite:sis_cloud_seed.db:ana_estacoes;sqlite:sis_cloud_seed.db:ana_telemetria;
34694;Barragem Rios Psicultura;Tangará da Serra;0;2;66030000;FAZENDA SANTA AMÁLIA;RIO SEPOTUBA;;-14,610400;-57,728000;19,99;141,43;0;local;;;;;;sqlite:sis_cloud_seed.db:ana_estacoes;sqlite:sis_cloud_seed.db:ana_telemetria;
34694;Barragem Rios Psicultura;Tangará da Serra;0;3;66029000;PCH RIO DO SAPO BARRAMENTO;RIBEIRÃO DO SAPO;;-14,610800;-57,743900;21,70;143,07;0;local;;;;;;sqlite:sis_cloud_seed.db:ana_estacoes;sqlite:sis_cloud_seed.db:ana_telemetria;
37418;Barramento Sítio Nossa Senhora Aparecida;Tangará da Serra;0;1;66022080;TANGARÁ - SEPOTUBA;RIO SEPOTUBA;;-14,508900;-57,612800;31,17;132,84;0;montante;;;;;;sqlite:sis_cloud_seed.db:ana_estacoes;sqlite:sis_cloud_seed.db:ana_telemetria;
37418;Barramento Sítio Nossa Senhora Aparecida;Tangará da Serra;0;2;66030000;FAZENDA SANTA AMÁLIA;RIO SEPOTUBA;;-14,610400;-57,728000;37,82;141,43;0;montante;;;;;;sqlite:sis_cloud_seed.db:ana_estacoes;sqlite:sis_cloud_seed.db:ana_telemetria;
37418;Barramento Sítio Nossa Senhora Aparecida;Tangará da Serra;0;3;66029000;PCH RIO DO SAPO BARRAMENTO;RIBEIRÃO DO SAPO;;-14,610800;-57,743900;39,48;143,07;0;montante;;;;;;sqlite:sis_cloud_seed.db:ana_estacoes;sqlite:sis_cloud_seed.db:ana_telemetria;
37718;Fazenda Boa Vista;Tangará da Serra;0;1;66022080;TANGARÁ - SEPOTUBA;RIO SEPOTUBA;;-14,508900;-57,612800;26,91;132,84;0;montante;;;;;;sqlite:sis_cloud_seed.db:ana_estacoes;sqlite:sis_cloud_seed.db:ana_telemetria;
37718;Fazenda Boa Vista;Tangará da Serra;0;2;66030000;FAZENDA SANTA AMÁLIA;RIO SEPOTUBA;;-14,610400;-57,728000;36,29;141,43;0;local;;;;;;sqlite:sis_cloud_seed.db:ana_estacoes;sqlite:sis_cloud_seed.db:ana_telemetria;
37718;Fazenda Boa Vista;Tangará da Serra;0;3;66021000;CGH VERMELHO DO PARECIS MONTANTE;CÓRREGO VERMELHO;;-14,316100;-57,534400;37,20;132,81;0;montante;;;;;;sqlite:sis_cloud_seed.db:ana_estacoes;sqlite:sis_cloud_seed.db:ana_telemetria;
37732;Barramento I Lago de Lazer;Torixoréu;0;1;24710000;SÍTIO ADRIANA;RIO DIAMANTINO;;-16,103100;-52,483300;2,19;362,78;0;local;;;;;;sqlite:sis_cloud_seed.db:ana_estacoes;sqlite:sis_cloud_seed.db:ana_telemetria;
37732;Barramento I Lago de Lazer;Torixoréu;0;2;24180080;PCH SÃO DOMINGOS JUSANTE;RIO SÃO DOMINGOS;;-16,298600;-52,702800;30,80;339,96;0;jusante;;;;;;sqlite:sis_cloud_seed.db:ana_estacoes;sqlite:sis_cloud_seed.db:ana_telemetria;
37732;Barramento I Lago de Lazer;Torixoréu;0;3;24180070;PCH SÃO DOMINGOS BARRAMENTO;RIO SÃO DOMINGOS;;-16,299400;-52,704700;31,01;339,76;0;jusante;;;;;;sqlite:sis_cloud_seed.db:ana_estacoes;sqlite:sis_cloud_seed.db:ana_telemetria;
35785;Barramento - Fazenda Sorriso I;União do Sul;0;1;18421600;PONTE MT 423 RIO AZUL;RIO AZUL;;-11,471700;-54,993900;45,58;383,23;0;montante;;;;;;sqlite:sis_cloud_seed.db:ana_estacoes;sqlite:sis_cloud_seed.db:ana_telemetria;
35785;Barramento - Fazenda Sorriso I;União do Sul;0;2;18425200;MT-442 / Rio Tartaruga;RIO TARTARUGA;;-11,927600;-54,998700;52,23;335,96;0;jusante;;;;;;sqlite:sis_cloud_seed.db:ana_estacoes;sqlite:sis_cloud_seed.db:ana_telemetria;
35785;Barramento - Fazenda Sorriso I;União do Sul;0;3;18422000;RIACHO DE DEUS;RIO MANISSAUA - MIÇU;;-11,127200;-54,476700;59,58;437,84;0;montante;;;;;;sqlite:sis_cloud_seed.db:ana_estacoes;sqlite:sis_cloud_seed.db:ana_telemetria;
32970;Fazenda Frente da Mata – Barragem I;União do Sul;0;1;18421600;PONTE MT 423 RIO AZUL;RIO AZUL;;-11,471700;-54,993900;35,90;383,23;0;montante;;;;;;sqlite:sis_cloud_seed.db:ana_estacoes;sqlite:sis_cloud_seed.db:ana_telemetria;
32970;Fazenda Frente da Mata – Barragem I;União do Sul;0;2;18425200;MT-442 / Rio Tartaruga;RIO TARTARUGA;;-11,927600;-54,998700;47,64;335,96;0;jusante;;;;;;sqlite:sis_cloud_seed.db:ana_estacoes;sqlite:sis_cloud_seed.db:ana_telemetria;
32970;Fazenda Frente da Mata – Barragem I;União do Sul;0;3;18422000;RIACHO DE DEUS;RIO MANISSAUA - MIÇU;;-11,127200;-54,476700;59,46;437,84;0;montante;;;;;;sqlite:sis_cloud_seed.db:ana_estacoes;sqlite:sis_cloud_seed.db:ana_telemetria;
34094;PCH Nova Guaporé - Nova Guaporé;Vale de São Domingos;0;1;15045950;PCH NOVA GUAPORÉ BARRAMENTO;RIO GUAPORÉ;;-15,207200;-59,014200;0,10;273,40;0;local;;;;;;sqlite:sis_cloud_seed.db:ana_estacoes;sqlite:sis_cloud_seed.db:ana_telemetria;
34094;PCH Nova Guaporé - Nova Guaporé;Vale de São Domingos;0;2;15046000;PCH NOVA GUAPORÉ JUSANTE;RIO GUAPORÉ;;-15,210800;-59,011900;0,46;273,16;0;local;;;;;;sqlite:sis_cloud_seed.db:ana_estacoes;sqlite:sis_cloud_seed.db:ana_telemetria;
34094;PCH Nova Guaporé - Nova Guaporé;Vale de São Domingos;0;3;15046050;UHE GUAPORÉ CÓRREGO PALMITAL;CÓRREGO PALMITAL;;-15,220600;-59,002800;1,89;272,22;0;local;;;;;;sqlite:sis_cloud_seed.db:ana_estacoes;sqlite:sis_cloud_seed.db:ana_telemetria;
5212;UHE Guaporé - Guaporé;Vale de São Domingos;0;1;15044000;UHE GUAPORÉ BARRAMENTO;RIO GUAPORÉ;;-15,123600;-58,962200;0,27;267,69;0;local;;;;;;sqlite:sis_cloud_seed.db:ana_estacoes;sqlite:sis_cloud_seed.db:ana_telemetria;
5212;UHE Guaporé - Guaporé;Vale de São Domingos;0;2;15044100;UHE GUAPORÉ JUSANTE;RIO GUAPORÉ;;-15,138100;-58,982500;2,48;269,87;0;local;;;;;;sqlite:sis_cloud_seed.db:ana_estacoes;sqlite:sis_cloud_seed.db:ana_telemetria;
5212;UHE Guaporé - Guaporé;Vale de São Domingos;0;3;15043000;UHE GUAPORÉ MONTANTE 1;RIO GUAPORÉ;;-15,059400;-58,910600;9,23;262,27;0;montante;;;280,0;;;sqlite:sis_cloud_seed.db:ana_estacoes;sqlite:sis_cloud_seed.db:ana_telemetria;
35177;BARRAMENTO PRINCIPAL FAZ. REUNIDAS SÃO ROBERTO;Vera;0;1;17271100;SORRISO;RIO TENENTE LIRA;;-12,535000;-55,707200;24,18;247,21;0;montante;213,3;19,41;;;2026-09-07 10:00:00;sqlite:sis_cloud_seed.db:ana_estacoes;sqlite:sis_cloud_seed.db:ana_telemetria;contexto_somente
35177;BARRAMENTO PRINCIPAL FAZ. REUNIDAS SÃO ROBERTO;Vera;0;2;17277000;FAZENDA CERON;RIO CELESTE;;-12,310100;-55,567700;33,71;275,20;0;montante;300,0;36,91;;;2026-09-07 09:30:00;sqlite:sis_cloud_seed.db:ana_estacoes;sqlite:sis_cloud_seed.db:ana_telemetria;contexto_somente
35177;BARRAMENTO PRINCIPAL FAZ. REUNIDAS SÃO ROBERTO;Vera;0;3;17277300;UHE SINOP MONTANTE 1;RIO TELES PIRES (OU SÃO MANUEL);;-12,288100;-55,600800;37,03;276,64;0;montante;;;;;;sqlite:sis_cloud_seed.db:ana_estacoes;sqlite:sis_cloud_seed.db:ana_telemetria;
35193;Barragem - Fazenda Jaçanã;Vera;0;1;17277000;FAZENDA CERON;RIO CELESTE;;-12,310100;-55,567700;41,42;275,20;0;montante;300,0;36,91;;;2026-09-07 09:30:00;sqlite:sis_cloud_seed.db:ana_estacoes;sqlite:sis_cloud_seed.db:ana_telemetria;contexto_somente
35193;Barragem - Fazenda Jaçanã;Vera;0;2;17277300;UHE SINOP MONTANTE 1;RIO TELES PIRES (OU SÃO MANUEL);;-12,288100;-55,600800;45,76;276,64;0;montante;;;;;;sqlite:sis_cloud_seed.db:ana_estacoes;sqlite:sis_cloud_seed.db:ana_telemetria;
35193;Barragem - Fazenda Jaçanã;Vera;0;3;17271100;SORRISO;RIO TENENTE LIRA;;-12,535000;-55,707200;51,16;247,21;0;jusante;213,3;19,41;;;2026-09-07 10:00:00;sqlite:sis_cloud_seed.db:ana_estacoes;sqlite:sis_cloud_seed.db:ana_telemetria;contexto_somente
31744;Barragem Fazenda Nossa Senhora Salete;Vera;0;1;17277000;FAZENDA CERON;RIO CELESTE;;-12,310100;-55,567700;22,16;275,20;0;montante;300,0;36,91;;;2026-09-07 09:30:00;sqlite:sis_cloud_seed.db:ana_estacoes;sqlite:sis_cloud_seed.db:ana_telemetria;contexto_somente
31744;Barragem Fazenda Nossa Senhora Salete;Vera;0;2;17277300;UHE SINOP MONTANTE 1;RIO TELES PIRES (OU SÃO MANUEL);;-12,288100;-55,600800;26,21;276,64;0;montante;;;;;;sqlite:sis_cloud_seed.db:ana_estacoes;sqlite:sis_cloud_seed.db:ana_telemetria;
31744;Barragem Fazenda Nossa Senhora Salete;Vera;0;3;17271100;SORRISO;RIO TENENTE LIRA;;-12,535000;-55,707200;27,64;247,21;0;jusante;213,3;19,41;;;2026-09-07 10:00:00;sqlite:sis_cloud_seed.db:ana_estacoes;sqlite:sis_cloud_seed.db:ana_telemetria;contexto_somente
34712;Barragem I - Fazenda Lucion;Vera;0;1;17277000;FAZENDA CERON;RIO CELESTE;;-12,310100;-55,567700;11,67;275,20;0;local;300,0;36,91;;;2026-09-07 09:30:00;sqlite:sis_cloud_seed.db:ana_estacoes;sqlite:sis_cloud_seed.db:ana_telemetria;contexto_somente
34712;Barragem I - Fazenda Lucion;Vera;0;2;17277300;UHE SINOP MONTANTE 1;RIO TELES PIRES (OU SÃO MANUEL);;-12,288100;-55,600800;15,52;276,64;0;local;;;;;;sqlite:sis_cloud_seed.db:ana_estacoes;sqlite:sis_cloud_seed.db:ana_telemetria;
34712;Barragem I - Fazenda Lucion;Vera;0;3;17271100;SORRISO;RIO TENENTE LIRA;;-12,535000;-55,707200;36,41;247,21;0;jusante;213,3;19,41;;;2026-09-07 10:00:00;sqlite:sis_cloud_seed.db:ana_estacoes;sqlite:sis_cloud_seed.db:ana_telemetria;contexto_somente
5873;Barragem I - Fazenda Militância I;Vera;0;1;17271100;SORRISO;RIO TENENTE LIRA;;-12,535000;-55,707200;32,21;247,21;0;montante;213,3;19,41;;;2026-09-07 10:00:00;sqlite:sis_cloud_seed.db:ana_estacoes;sqlite:sis_cloud_seed.db:ana_telemetria;contexto_somente
5873;Barragem I - Fazenda Militância I;Vera;0;2;17277000;FAZENDA CERON;RIO CELESTE;;-12,310100;-55,567700;43,80;275,20;0;montante;300,0;36,91;;;2026-09-07 09:30:00;sqlite:sis_cloud_seed.db:ana_estacoes;sqlite:sis_cloud_seed.db:ana_telemetria;contexto_somente
5873;Barragem I - Fazenda Militância I;Vera;0;3;17277300;UHE SINOP MONTANTE 1;RIO TELES PIRES (OU SÃO MANUEL);;-12,288100;-55,600800;47,23;276,64;0;montante;;;;;;sqlite:sis_cloud_seed.db:ana_estacoes;sqlite:sis_cloud_seed.db:ana_telemetria;
30908;Barragem I - Fazenda Nandico;Vera;0;1;17277000;FAZENDA CERON;RIO CELESTE;;-12,310100;-55,567700;6,81;275,20;0;jusante;300,0;36,91;;;2026-09-07 09:30:00;sqlite:sis_cloud_seed.db:ana_estacoes;sqlite:sis_cloud_seed.db:ana_telemetria;contexto_somente
30908;Barragem I - Fazenda Nandico;Vera;0;2;17277300;UHE SINOP MONTANTE 1;RIO TELES PIRES (OU SÃO MANUEL);;-12,288100;-55,600800;8,58;276,64;0;local;;;;;;sqlite:sis_cloud_seed.db:ana_estacoes;sqlite:sis_cloud_seed.db:ana_telemetria;
30908;Barragem I - Fazenda Nandico;Vera;0;3;17271100;SORRISO;RIO TENENTE LIRA;;-12,535000;-55,707200;35,95;247,21;0;jusante;213,3;19,41;;;2026-09-07 10:00:00;sqlite:sis_cloud_seed.db:ana_estacoes;sqlite:sis_cloud_seed.db:ana_telemetria;contexto_somente
32441;Barragem I - Fazenda Vedana;Vera;0;1;17277000;FAZENDA CERON;RIO CELESTE;;-12,310100;-55,567700;33,03;275,20;0;local;300,0;36,91;;;2026-09-07 09:30:00;sqlite:sis_cloud_seed.db:ana_estacoes;sqlite:sis_cloud_seed.db:ana_telemetria;contexto_somente
32441;Barragem I - Fazenda Vedana;Vera;0;2;17277300;UHE SINOP MONTANTE 1;RIO TELES PIRES (OU SÃO MANUEL);;-12,288100;-55,600800;36,62;276,64;0;local;;;;;;sqlite:sis_cloud_seed.db:ana_estacoes;sqlite:sis_cloud_seed.db:ana_telemetria;
32441;Barragem I - Fazenda Vedana;Vera;0;3;18425200;MT-442 / Rio Tartaruga;RIO TARTARUGA;;-11,927600;-54,998700;50,27;335,96;0;montante;;;;;;sqlite:sis_cloud_seed.db:ana_estacoes;sqlite:sis_cloud_seed.db:ana_telemetria;
34590;Barramento a montante 2;Vera;0;1;17271100;SORRISO;RIO TENENTE LIRA;;-12,535000;-55,707200;32,77;247,21;0;montante;213,3;19,41;;;2026-09-07 10:00:00;sqlite:sis_cloud_seed.db:ana_estacoes;sqlite:sis_cloud_seed.db:ana_telemetria;contexto_somente
34590;Barramento a montante 2;Vera;0;2;17277000;FAZENDA CERON;RIO CELESTE;;-12,310100;-55,567700;44,68;275,20;0;montante;300,0;36,91;;;2026-09-07 09:30:00;sqlite:sis_cloud_seed.db:ana_estacoes;sqlite:sis_cloud_seed.db:ana_telemetria;contexto_somente
34590;Barramento a montante 2;Vera;0;3;17277300;UHE SINOP MONTANTE 1;RIO TELES PIRES (OU SÃO MANUEL);;-12,288100;-55,600800;48,10;276,64;0;montante;;;;;;sqlite:sis_cloud_seed.db:ana_estacoes;sqlite:sis_cloud_seed.db:ana_telemetria;
34589;Barrametno a montante 2;Vera;0;1;17271100;SORRISO;RIO TENENTE LIRA;;-12,535000;-55,707200;32,77;247,21;0;montante;213,3;19,41;;;2026-09-07 10:00:00;sqlite:sis_cloud_seed.db:ana_estacoes;sqlite:sis_cloud_seed.db:ana_telemetria;contexto_somente
34589;Barrametno a montante 2;Vera;0;2;17277000;FAZENDA CERON;RIO CELESTE;;-12,310100;-55,567700;44,68;275,20;0;montante;300,0;36,91;;;2026-09-07 09:30:00;sqlite:sis_cloud_seed.db:ana_estacoes;sqlite:sis_cloud_seed.db:ana_telemetria;contexto_somente
34589;Barrametno a montante 2;Vera;0;3;17277300;UHE SINOP MONTANTE 1;RIO TELES PIRES (OU SÃO MANUEL);;-12,288100;-55,600800;48,10;276,64;0;montante;;;;;;sqlite:sis_cloud_seed.db:ana_estacoes;sqlite:sis_cloud_seed.db:ana_telemetria;
30852;FAZENDA CELESTE III;Vera;0;1;17277300;UHE SINOP MONTANTE 1;RIO TELES PIRES (OU SÃO MANUEL);;-12,288100;-55,600800;8,84;276,64;0;jusante;;;;;;sqlite:sis_cloud_seed.db:ana_estacoes;sqlite:sis_cloud_seed.db:ana_telemetria;
30852;FAZENDA CELESTE III;Vera;0;2;17277000;FAZENDA CERON;RIO CELESTE;;-12,310100;-55,567700;10,79;275,20;0;jusante;300,0;36,91;;;2026-09-07 09:30:00;sqlite:sis_cloud_seed.db:ana_estacoes;sqlite:sis_cloud_seed.db:ana_telemetria;contexto_somente
30852;FAZENDA CELESTE III;Vera;0;3;17275100;UHE SINOP RIO VERDE;RIO VERDE;;-12,173100;-55,899400;35,72;282,99;0;montante;;;;;;sqlite:sis_cloud_seed.db:ana_estacoes;sqlite:sis_cloud_seed.db:ana_telemetria;
35608;FAZENDA JAÇANÃ - RESERVATÓRIO PULMÃO;Vera;0;1;17277000;FAZENDA CERON;RIO CELESTE;;-12,310100;-55,567700;40,57;275,20;0;montante;300,0;36,91;;;2026-09-07 09:30:00;sqlite:sis_cloud_seed.db:ana_estacoes;sqlite:sis_cloud_seed.db:ana_telemetria;contexto_somente
35608;FAZENDA JAÇANÃ - RESERVATÓRIO PULMÃO;Vera;0;2;17277300;UHE SINOP MONTANTE 1;RIO TELES PIRES (OU SÃO MANUEL);;-12,288100;-55,600800;44,89;276,64;0;montante;;;;;;sqlite:sis_cloud_seed.db:ana_estacoes;sqlite:sis_cloud_seed.db:ana_telemetria;
35608;FAZENDA JAÇANÃ - RESERVATÓRIO PULMÃO;Vera;0;3;17271100;SORRISO;RIO TENENTE LIRA;;-12,535000;-55,707200;51,62;247,21;0;jusante;213,3;19,41;;;2026-09-07 10:00:00;sqlite:sis_cloud_seed.db:ana_estacoes;sqlite:sis_cloud_seed.db:ana_telemetria;contexto_somente
8054;Fazenda Bela Vista II;Vera;0;1;17277000;FAZENDA CERON;RIO CELESTE;;-12,310100;-55,567700;13,17;275,20;0;local;300,0;36,91;;;2026-09-07 09:30:00;sqlite:sis_cloud_seed.db:ana_estacoes;sqlite:sis_cloud_seed.db:ana_telemetria;contexto_somente
8054;Fazenda Bela Vista II;Vera;0;2;17277300;UHE SINOP MONTANTE 1;RIO TELES PIRES (OU SÃO MANUEL);;-12,288100;-55,600800;16,92;276,64;0;local;;;;;;sqlite:sis_cloud_seed.db:ana_estacoes;sqlite:sis_cloud_seed.db:ana_telemetria;
8054;Fazenda Bela Vista II;Vera;0;3;17271100;SORRISO;RIO TENENTE LIRA;;-12,535000;-55,707200;37,90;247,21;0;jusante;213,3;19,41;;;2026-09-07 10:00:00;sqlite:sis_cloud_seed.db:ana_estacoes;sqlite:sis_cloud_seed.db:ana_telemetria;contexto_somente
27508;Fazenda Nandico;Vera;0;1;17277000;FAZENDA CERON;RIO CELESTE;;-12,310100;-55,567700;5,20;275,20;0;jusante;300,0;36,91;;;2026-09-07 09:30:00;sqlite:sis_cloud_seed.db:ana_estacoes;sqlite:sis_cloud_seed.db:ana_telemetria;contexto_somente
27508;Fazenda Nandico;Vera;0;2;17277300;UHE SINOP MONTANTE 1;RIO TELES PIRES (OU SÃO MANUEL);;-12,288100;-55,600800;5,61;276,64;0;local;;;;;;sqlite:sis_cloud_seed.db:ana_estacoes;sqlite:sis_cloud_seed.db:ana_telemetria;
27508;Fazenda Nandico;Vera;0;3;17271100;SORRISO;RIO TENENTE LIRA;;-12,535000;-55,707200;34,28;247,21;0;jusante;213,3;19,41;;;2026-09-07 10:00:00;sqlite:sis_cloud_seed.db:ana_estacoes;sqlite:sis_cloud_seed.db:ana_telemetria;contexto_somente
20006;Fazenda Pluma;Vera;0;1;17277500;UHE SINOP MONTANTE 2;RIO TELES PIRES (OU SÃO MANUEL);;-13,143300;-55,666900;47,11;183,55;0;jusante;;;;;;sqlite:sis_cloud_seed.db:ana_estacoes;sqlite:sis_cloud_seed.db:ana_telemetria;
20006;Fazenda Pluma;Vera;0;2;17271100;SORRISO;RIO TENENTE LIRA;;-12,535000;-55,707200;48,37;247,21;0;montante;213,3;19,41;;;2026-09-07 10:00:00;sqlite:sis_cloud_seed.db:ana_estacoes;sqlite:sis_cloud_seed.db:ana_telemetria;contexto_somente
20006;Fazenda Pluma;Vera;0;3;17277000;FAZENDA CERON;RIO CELESTE;;-12,310100;-55,567700;61,14;275,20;0;montante;300,0;36,91;;;2026-09-07 09:30:00;sqlite:sis_cloud_seed.db:ana_estacoes;sqlite:sis_cloud_seed.db:ana_telemetria;contexto_somente
32906;Fazenda São Roque II e São João – Barragem I;Vera;0;1;17277500;UHE SINOP MONTANTE 2;RIO TELES PIRES (OU SÃO MANUEL);;-13,143300;-55,666900;42,20;183,55;0;jusante;;;;;;sqlite:sis_cloud_seed.db:ana_estacoes;sqlite:sis_cloud_seed.db:ana_telemetria;
32906;Fazenda São Roque II e São João – Barragem I;Vera;0;2;17271100;SORRISO;RIO TENENTE LIRA;;-12,535000;-55,707200;46,16;247,21;0;montante;213,3;19,41;;;2026-09-07 10:00:00;sqlite:sis_cloud_seed.db:ana_estacoes;sqlite:sis_cloud_seed.db:ana_telemetria;contexto_somente
32906;Fazenda São Roque II e São João – Barragem I;Vera;0;3;17230000;PCH CANOA QUEBRADA MONTANTE;RIO VERDE;;-13,051900;-55,905000;56,83;186,45;0;jusante;;;;;;sqlite:sis_cloud_seed.db:ana_estacoes;sqlite:sis_cloud_seed.db:ana_telemetria;
27405;Fazenda Taguá I;Vera;0;1;17277000;FAZENDA CERON;RIO CELESTE;;-12,310100;-55,567700;22,41;275,20;0;jusante;300,0;36,91;;;2026-09-07 09:30:00;sqlite:sis_cloud_seed.db:ana_estacoes;sqlite:sis_cloud_seed.db:ana_telemetria;contexto_somente
27405;Fazenda Taguá I;Vera;0;2;17277300;UHE SINOP MONTANTE 1;RIO TELES PIRES (OU SÃO MANUEL);;-12,288100;-55,600800;24,69;276,64;0;jusante;;;;;;sqlite:sis_cloud_seed.db:ana_estacoes;sqlite:sis_cloud_seed.db:ana_telemetria;
27405;Fazenda Taguá I;Vera;0;3;17273100;UHE COLÍDER PONTE MT-222;RIO TELES PIRES (OU SÃO MANUEL);;-11,893900;-55,656100;45,96;318,01;0;montante;;;;;;sqlite:sis_cloud_seed.db:ana_estacoes;sqlite:sis_cloud_seed.db:ana_telemetria;
27354;Fazenda Taguá I - Barragem II;Vera;0;1;17277000;FAZENDA CERON;RIO CELESTE;;-12,310100;-55,567700;20,64;275,20;0;jusante;300,0;36,91;;;2026-09-07 09:30:00;sqlite:sis_cloud_seed.db:ana_estacoes;sqlite:sis_cloud_seed.db:ana_telemetria;contexto_somente
27354;Fazenda Taguá I - Barragem II;Vera;0;2;17277300;UHE SINOP MONTANTE 1;RIO TELES PIRES (OU SÃO MANUEL);;-12,288100;-55,600800;22,43;276,64;0;jusante;;;;;;sqlite:sis_cloud_seed.db:ana_estacoes;sqlite:sis_cloud_seed.db:ana_telemetria;
27354;Fazenda Taguá I - Barragem II;Vera;0;3;17273100;UHE COLÍDER PONTE MT-222;RIO TELES PIRES (OU SÃO MANUEL);;-11,893900;-55,656100;42,78;318,01;0;montante;;;;;;sqlite:sis_cloud_seed.db:ana_estacoes;sqlite:sis_cloud_seed.db:ana_telemetria;
36536;Reservatório artificial - Fazenda Gardin III;Vera;0;1;17277000;FAZENDA CERON;RIO CELESTE;;-12,310100;-55,567700;26,60;275,20;0;montante;300,0;36,91;;;2026-09-07 09:30:00;sqlite:sis_cloud_seed.db:ana_estacoes;sqlite:sis_cloud_seed.db:ana_telemetria;contexto_somente
36536;Reservatório artificial - Fazenda Gardin III;Vera;0;2;17271100;SORRISO;RIO TENENTE LIRA;;-12,535000;-55,707200;27,53;247,21;0;local;213,3;19,41;;;2026-09-07 10:00:00;sqlite:sis_cloud_seed.db:ana_estacoes;sqlite:sis_cloud_seed.db:ana_telemetria;contexto_somente
36536;Reservatório artificial - Fazenda Gardin III;Vera;0;3;17277300;UHE SINOP MONTANTE 1;RIO TELES PIRES (OU SÃO MANUEL);;-12,288100;-55,600800;30,50;276,64;0;montante;;;;;;sqlite:sis_cloud_seed.db:ana_estacoes;sqlite:sis_cloud_seed.db:ana_telemetria;
31606;Santa Maria;Vera;0;1;17277000;FAZENDA CERON;RIO CELESTE;;-12,310100;-55,567700;8,99;275,20;0;local;300,0;36,91;;;2026-09-07 09:30:00;sqlite:sis_cloud_seed.db:ana_estacoes;sqlite:sis_cloud_seed.db:ana_telemetria;contexto_somente
31606;Santa Maria;Vera;0;2;17277300;UHE SINOP MONTANTE 1;RIO TELES PIRES (OU SÃO MANUEL);;-12,288100;-55,600800;12,73;276,64;0;local;;;;;;sqlite:sis_cloud_seed.db:ana_estacoes;sqlite:sis_cloud_seed.db:ana_telemetria;
31606;Santa Maria;Vera;0;3;17271100;SORRISO;RIO TENENTE LIRA;;-12,535000;-55,707200;35,10;247,21;0;jusante;213,3;19,41;;;2026-09-07 10:00:00;sqlite:sis_cloud_seed.db:ana_estacoes;sqlite:sis_cloud_seed.db:ana_telemetria;contexto_somente
36611;Sítio Navarro I;Vera;0;1;17277000;FAZENDA CERON;RIO CELESTE;;-12,310100;-55,567700;24,74;275,20;0;montante;300,0;36,91;;;2026-09-07 09:30:00;sqlite:sis_cloud_seed.db:ana_estacoes;sqlite:sis_cloud_seed.db:ana_telemetria;contexto_somente
36611;Sítio Navarro I;Vera;0;2;17271100;SORRISO;RIO TENENTE LIRA;;-12,535000;-55,707200;25,34;247,21;0;local;213,3;19,41;;;2026-09-07 10:00:00;sqlite:sis_cloud_seed.db:ana_estacoes;sqlite:sis_cloud_seed.db:ana_telemetria;contexto_somente
36611;Sítio Navarro I;Vera;0;3;17277300;UHE SINOP MONTANTE 1;RIO TELES PIRES (OU SÃO MANUEL);;-12,288100;-55,600800;28,53;276,64;0;montante;;;;;;sqlite:sis_cloud_seed.db:ana_estacoes;sqlite:sis_cloud_seed.db:ana_telemetria;
34631;Sítio Recanto Feliz – Lote Nº 131-B;Vera;0;1;18425200;MT-442 / Rio Tartaruga;RIO TARTARUGA;;-11,927600;-54,998700;35,23;335,96;0;montante;;;;;;sqlite:sis_cloud_seed.db:ana_estacoes;sqlite:sis_cloud_seed.db:ana_telemetria;
34631;Sítio Recanto Feliz – Lote Nº 131-B;Vera;0;2;17277000;FAZENDA CERON;RIO CELESTE;;-12,310100;-55,567700;41,05;275,20;0;jusante;300,0;36,91;;;2026-09-07 09:30:00;sqlite:sis_cloud_seed.db:ana_estacoes;sqlite:sis_cloud_seed.db:ana_telemetria;contexto_somente
34631;Sítio Recanto Feliz – Lote Nº 131-B;Vera;0;3;17277300;UHE SINOP MONTANTE 1;RIO TELES PIRES (OU SÃO MANUEL);;-12,288100;-55,600800;43,44;276,64;0;jusante;;;;;;sqlite:sis_cloud_seed.db:ana_estacoes;sqlite:sis_cloud_seed.db:ana_telemetria;
35168;Barragem Jatobá ? Principal;Vila Bela da Santíssima Trindade;0;1;15050001;PONTES E LACERDA;RIO GUAPORÉ;;-15,215300;-59,353900;26,02;309,86;0;jusante;;;;;;sqlite:sis_cloud_seed.db:ana_estacoes;sqlite:sis_cloud_seed.db:ana_telemetria;
35168;Barragem Jatobá ? Principal;Vila Bela da Santíssima Trindade;0;2;15120002;VILA BELA ST.TRINDADE;RIO GUAPORÉ;;-15,026100;-59,956700;42,08;374,67;0;montante;98,0;;;;2026-09-07 09:45:00;sqlite:sis_cloud_seed.db:ana_estacoes;sqlite:sis_cloud_seed.db:ana_telemetria;contexto_somente
35168;Barragem Jatobá ? Principal;Vila Bela da Santíssima Trindade;0;3;15045950;PCH NOVA GUAPORÉ BARRAMENTO;RIO GUAPORÉ;;-15,207200;-59,014200;61,32;273,40;0;jusante;;;;;;sqlite:sis_cloud_seed.db:ana_estacoes;sqlite:sis_cloud_seed.db:ana_telemetria;
218;Barragem do Córrego Longa Vida;Vila Bela da Santíssima Trindade;0;1;15120002;VILA BELA ST.TRINDADE;RIO GUAPORÉ;;-15,026100;-59,956700;39,55;374,67;0;jusante;98,0;;;;2026-09-07 09:45:00;sqlite:sis_cloud_seed.db:ana_estacoes;sqlite:sis_cloud_seed.db:ana_telemetria;contexto_somente
218;Barragem do Córrego Longa Vida;Vila Bela da Santíssima Trindade;0;2;15121000;PCH SALTO CORGÃO JUSANTE;RIO CORGÃO;;-14,457500;-59,508600;42,87;332,34;0;montante;;;;;;sqlite:sis_cloud_seed.db:ana_estacoes;sqlite:sis_cloud_seed.db:ana_telemetria;
218;Barragem do Córrego Longa Vida;Vila Bela da Santíssima Trindade;0;3;15120500;PCH SALTO CORGÃO BARRAMENTO;RIO CORGÃO;;-14,447800;-59,484700;44,89;330,00;0;montante;;;;;;sqlite:sis_cloud_seed.db:ana_estacoes;sqlite:sis_cloud_seed.db:ana_telemetria;
35913;Barramento - Fazenda Galerinha;Vila Bela da Santíssima Trindade;0;1;15120002;VILA BELA ST.TRINDADE;RIO GUAPORÉ;;-15,026100;-59,956700;67,62;374,67;0;jusante;98,0;;;;2026-09-07 09:45:00;sqlite:sis_cloud_seed.db:ana_estacoes;sqlite:sis_cloud_seed.db:ana_telemetria;contexto_somente
35913;Barramento - Fazenda Galerinha;Vila Bela da Santíssima Trindade;0;2;15121500;CGH NOVA LACERDA JUSANTE;CÓRREGO DO OURO;;-14,421900;-59,525000;69,83;334,79;0;montante;;;;;;sqlite:sis_cloud_seed.db:ana_estacoes;sqlite:sis_cloud_seed.db:ana_telemetria;
35913;Barramento - Fazenda Galerinha;Vila Bela da Santíssima Trindade;0;3;15121400;CGH NOVA LACERDA BARRAMENTO;CÓRREGO DO OURO;;-14,407200;-59,520800;70,39;334,66;0;montante;;;;;;sqlite:sis_cloud_seed.db:ana_estacoes;sqlite:sis_cloud_seed.db:ana_telemetria;
35914;Barramento montante - Galerinha;Vila Bela da Santíssima Trindade;0;1;15120002;VILA BELA ST.TRINDADE;RIO GUAPORÉ;;-15,026100;-59,956700;66,14;374,67;0;jusante;98,0;;;;2026-09-07 09:45:00;sqlite:sis_cloud_seed.db:ana_estacoes;sqlite:sis_cloud_seed.db:ana_telemetria;contexto_somente
35914;Barramento montante - Galerinha;Vila Bela da Santíssima Trindade;0;2;15121500;CGH NOVA LACERDA JUSANTE;CÓRREGO DO OURO;;-14,421900;-59,525000;69,75;334,79;0;montante;;;;;;sqlite:sis_cloud_seed.db:ana_estacoes;sqlite:sis_cloud_seed.db:ana_telemetria;
35914;Barramento montante - Galerinha;Vila Bela da Santíssima Trindade;0;3;15121400;CGH NOVA LACERDA BARRAMENTO;CÓRREGO DO OURO;;-14,407200;-59,520800;70,34;334,66;0;montante;;;;;;sqlite:sis_cloud_seed.db:ana_estacoes;sqlite:sis_cloud_seed.db:ana_telemetria;
790;Dique de Finos;Vila Bela da Santíssima Trindade;0;1;15120002;VILA BELA ST.TRINDADE;RIO GUAPORÉ;;-15,026100;-59,956700;37,62;374,67;0;jusante;98,0;;;;2026-09-07 09:45:00;sqlite:sis_cloud_seed.db:ana_estacoes;sqlite:sis_cloud_seed.db:ana_telemetria;contexto_somente
790;Dique de Finos;Vila Bela da Santíssima Trindade;0;2;15121000;PCH SALTO CORGÃO JUSANTE;RIO CORGÃO;;-14,457500;-59,508600;46,44;332,34;0;montante;;;;;;sqlite:sis_cloud_seed.db:ana_estacoes;sqlite:sis_cloud_seed.db:ana_telemetria;
790;Dique de Finos;Vila Bela da Santíssima Trindade;0;3;15120500;PCH SALTO CORGÃO BARRAMENTO;RIO CORGÃO;;-14,447800;-59,484700;48,39;330,00;0;montante;;;;;;sqlite:sis_cloud_seed.db:ana_estacoes;sqlite:sis_cloud_seed.db:ana_telemetria;
5298;Fazenda Serra Negra;Vila Bela da Santíssima Trindade;0;1;15121500;CGH NOVA LACERDA JUSANTE;CÓRREGO DO OURO;;-14,421900;-59,525000;74,98;334,79;0;jusante;;;;;;sqlite:sis_cloud_seed.db:ana_estacoes;sqlite:sis_cloud_seed.db:ana_telemetria;
5298;Fazenda Serra Negra;Vila Bela da Santíssima Trindade;0;2;15121400;CGH NOVA LACERDA BARRAMENTO;CÓRREGO DO OURO;;-14,407200;-59,520800;75,36;334,66;0;local;;;;;;sqlite:sis_cloud_seed.db:ana_estacoes;sqlite:sis_cloud_seed.db:ana_telemetria;
5298;Fazenda Serra Negra;Vila Bela da Santíssima Trindade;0;3;15120002;VILA BELA ST.TRINDADE;RIO GUAPORÉ;;-15,026100;-59,956700;76,94;374,67;0;jusante;98,0;;;;2026-09-07 09:45:00;sqlite:sis_cloud_seed.db:ana_estacoes;sqlite:sis_cloud_seed.db:ana_telemetria;contexto_somente
26673;Galerinha;Vila Bela da Santíssima Trindade;0;1;15120002;VILA BELA ST.TRINDADE;RIO GUAPORÉ;;-15,026100;-59,956700;71,81;374,67;0;jusante;98,0;;;;2026-09-07 09:45:00;sqlite:sis_cloud_seed.db:ana_estacoes;sqlite:sis_cloud_seed.db:ana_telemetria;contexto_somente
26673;Galerinha;Vila Bela da Santíssima Trindade;0;2;15121500;CGH NOVA LACERDA JUSANTE;CÓRREGO DO OURO;;-14,421900;-59,525000;72,95;334,79;0;local;;;;;;sqlite:sis_cloud_seed.db:ana_estacoes;sqlite:sis_cloud_seed.db:ana_telemetria;
26673;Galerinha;Vila Bela da Santíssima Trindade;0;3;15121400;CGH NOVA LACERDA BARRAMENTO;CÓRREGO DO OURO;;-14,407200;-59,520800;73,43;334,66;0;local;;;;;;sqlite:sis_cloud_seed.db:ana_estacoes;sqlite:sis_cloud_seed.db:ana_telemetria;
26266;SERRA;Vila Bela da Santíssima Trindade;0;1;15121000;PCH SALTO CORGÃO JUSANTE;RIO CORGÃO;;-14,457500;-59,508600;35,45;332,34;0;montante;;;;;;sqlite:sis_cloud_seed.db:ana_estacoes;sqlite:sis_cloud_seed.db:ana_telemetria;
26266;SERRA;Vila Bela da Santíssima Trindade;0;2;15121500;CGH NOVA LACERDA JUSANTE;CÓRREGO DO OURO;;-14,421900;-59,525000;37,42;334,79;0;montante;;;;;;sqlite:sis_cloud_seed.db:ana_estacoes;sqlite:sis_cloud_seed.db:ana_telemetria;
26266;SERRA;Vila Bela da Santíssima Trindade;0;3;15120500;PCH SALTO CORGÃO BARRAMENTO;RIO CORGÃO;;-14,447800;-59,484700;37,99;330,00;0;montante;;;;;;sqlite:sis_cloud_seed.db:ana_estacoes;sqlite:sis_cloud_seed.db:ana_telemetria;
20615;UHE Jauru - Barragem Auxiliar;Vila Bela da Santíssima Trindade;0;1;15120002;VILA BELA ST.TRINDADE;RIO GUAPORÉ;;-15,026100;-59,956700;49,72;374,67;0;montante;98,0;;;;2026-09-07 09:45:00;sqlite:sis_cloud_seed.db:ana_estacoes;sqlite:sis_cloud_seed.db:ana_telemetria;contexto_somente
20615;UHE Jauru - Barragem Auxiliar;Vila Bela da Santíssima Trindade;0;2;15050001;PONTES E LACERDA;RIO GUAPORÉ;;-15,215300;-59,353900;57,42;309,86;0;montante;;;;;;sqlite:sis_cloud_seed.db:ana_estacoes;sqlite:sis_cloud_seed.db:ana_telemetria;
5108;UHE Jauru - Barragem Principal;Vila Bela da Santíssima Trindade;0;1;15120002;VILA BELA ST.TRINDADE;RIO GUAPORÉ;;-15,026100;-59,956700;49,72;374,67;0;montante;98,0;;;;2026-09-07 09:45:00;sqlite:sis_cloud_seed.db:ana_estacoes;sqlite:sis_cloud_seed.db:ana_telemetria;contexto_somente
5108;UHE Jauru - Barragem Principal;Vila Bela da Santíssima Trindade;0;2;15050001;PONTES E LACERDA;RIO GUAPORÉ;;-15,215300;-59,353900;57,42;309,86;0;montante;;;;;;sqlite:sis_cloud_seed.db:ana_estacoes;sqlite:sis_cloud_seed.db:ana_telemetria;
36103;Barragem 1 Fazenda Primavera;Vila Rica;0;1;01052001;RIO COMANDANTE FONTOURA;RIO COMANDANTE FONTOURA;;-10,554700;-52,183300;60,25;618,32;0;jusante;;;;;;sqlite:sis_cloud_seed.db:ana_estacoes;sqlite:sis_cloud_seed.db:ana_telemetria;
36103;Barragem 1 Fazenda Primavera;Vila Rica;0;2;18435000;RIO COMANDANTE FONTOURA;RIO COMANDANTE FONTOURA;;-10,554700;-52,183300;60,25;618,32;0;jusante;;;;;;sqlite:sis_cloud_seed.db:ana_estacoes;sqlite:sis_cloud_seed.db:ana_telemetria;
36496;Barramento Fazenda Primavera;Vila Rica;0;1;01052001;RIO COMANDANTE FONTOURA;RIO COMANDANTE FONTOURA;;-10,554700;-52,183300;60,20;618,32;0;jusante;;;;;;sqlite:sis_cloud_seed.db:ana_estacoes;sqlite:sis_cloud_seed.db:ana_telemetria;
36496;Barramento Fazenda Primavera;Vila Rica;0;2;18435000;RIO COMANDANTE FONTOURA;RIO COMANDANTE FONTOURA;;-10,554700;-52,183300;60,20;618,32;0;jusante;;;;;;sqlite:sis_cloud_seed.db:ana_estacoes;sqlite:sis_cloud_seed.db:ana_telemetria;
37452;Fazenda Atlântica - Araras;Vera;0;1;17277000;FAZENDA CERON;RIO CELESTE;;-12,310100;-55,567700;37,76;275,20;0;montante;300,0;36,91;;;2026-09-07 09:30:00;sqlite:sis_cloud_seed.db:ana_estacoes;sqlite:sis_cloud_seed.db:ana_telemetria;contexto_somente
37452;Fazenda Atlântica - Araras;Vera;0;2;17277300;UHE SINOP MONTANTE 1;RIO TELES PIRES (OU SÃO MANUEL);;-12,288100;-55,600800;42,05;276,64;0;montante;;;;;;sqlite:sis_cloud_seed.db:ana_estacoes;sqlite:sis_cloud_seed.db:ana_telemetria;
37452;Fazenda Atlântica - Araras;Vera;0;3;17271100;SORRISO;RIO TENENTE LIRA;;-12,535000;-55,707200;42,53;247,21;0;local;213,3;19,41;;;2026-09-07 10:00:00;sqlite:sis_cloud_seed.db:ana_estacoes;sqlite:sis_cloud_seed.db:ana_telemetria;contexto_somente
37519;Fazenda Confiança (Reservatório 1);Vera;0;1;17271100;SORRISO;RIO TENENTE LIRA;;-12,535000;-55,707200;28,03;247,21;0;montante;213,3;19,41;;;2026-09-07 10:00:00;sqlite:sis_cloud_seed.db:ana_estacoes;sqlite:sis_cloud_seed.db:ana_telemetria;contexto_somente
37519;Fazenda Confiança (Reservatório 1);Vera;0;2;17277000;FAZENDA CERON;RIO CELESTE;;-12,310100;-55,567700;34,12;275,20;0;montante;300,0;36,91;;;2026-09-07 09:30:00;sqlite:sis_cloud_seed.db:ana_estacoes;sqlite:sis_cloud_seed.db:ana_telemetria;contexto_somente
37519;Fazenda Confiança (Reservatório 1);Vera;0;3;17277300;UHE SINOP MONTANTE 1;RIO TELES PIRES (OU SÃO MANUEL);;-12,288100;-55,600800;37,76;276,64;0;montante;;;;;;sqlite:sis_cloud_seed.db:ana_estacoes;sqlite:sis_cloud_seed.db:ana_telemetria;
37571;Fazenda Confiança (Reservatório 2);Vera;0;1;17271100;SORRISO;RIO TENENTE LIRA;;-12,535000;-55,707200;26,56;247,21;0;montante;213,3;19,41;;;2026-09-07 10:00:00;sqlite:sis_cloud_seed.db:ana_estacoes;sqlite:sis_cloud_seed.db:ana_telemetria;contexto_somente
37571;Fazenda Confiança (Reservatório 2);Vera;0;2;17277000;FAZENDA CERON;RIO CELESTE;;-12,310100;-55,567700;34,15;275,20;0;montante;300,0;36,91;;;2026-09-07 09:30:00;sqlite:sis_cloud_seed.db:ana_estacoes;sqlite:sis_cloud_seed.db:ana_telemetria;contexto_somente
37571;Fazenda Confiança (Reservatório 2);Vera;0;3;17277300;UHE SINOP MONTANTE 1;RIO TELES PIRES (OU SÃO MANUEL);;-12,288100;-55,600800;37,66;276,64;0;montante;;;;;;sqlite:sis_cloud_seed.db:ana_estacoes;sqlite:sis_cloud_seed.db:ana_telemetria;
37781;Fazenda Primavera – Reservatório 2;Vera;0;1;17271100;SORRISO;RIO TENENTE LIRA;;-12,535000;-55,707200;30,83;247,21;0;montante;213,3;19,41;;;2026-09-07 10:00:00;sqlite:sis_cloud_seed.db:ana_estacoes;sqlite:sis_cloud_seed.db:ana_telemetria;contexto_somente
37781;Fazenda Primavera – Reservatório 2;Vera;0;2;17277000;FAZENDA CERON;RIO CELESTE;;-12,310100;-55,567700;39,79;275,20;0;montante;300,0;36,91;;;2026-09-07 09:30:00;sqlite:sis_cloud_seed.db:ana_estacoes;sqlite:sis_cloud_seed.db:ana_telemetria;contexto_somente
37781;Fazenda Primavera – Reservatório 2;Vera;0;3;17277300;UHE SINOP MONTANTE 1;RIO TELES PIRES (OU SÃO MANUEL);;-12,288100;-55,600800;43,36;276,64;0;montante;;;;;;sqlite:sis_cloud_seed.db:ana_estacoes;sqlite:sis_cloud_seed.db:ana_telemetria;
37725;Fazenda Santa Inês;Vera;0;1;17271100;SORRISO;RIO TENENTE LIRA;;-12,535000;-55,707200;27,92;247,21;0;local;213,3;19,41;;;2026-09-07 10:00:00;sqlite:sis_cloud_seed.db:ana_estacoes;sqlite:sis_cloud_seed.db:ana_telemetria;contexto_somente
37725;Fazenda Santa Inês;Vera;0;2;17277000;FAZENDA CERON;RIO CELESTE;;-12,310100;-55,567700;28,90;275,20;0;montante;300,0;36,91;;;2026-09-07 09:30:00;sqlite:sis_cloud_seed.db:ana_estacoes;sqlite:sis_cloud_seed.db:ana_telemetria;contexto_somente
37725;Fazenda Santa Inês;Vera;0;3;17277300;UHE SINOP MONTANTE 1;RIO TELES PIRES (OU SÃO MANUEL);;-12,288100;-55,600800;32,75;276,64;0;montante;;;;;;sqlite:sis_cloud_seed.db:ana_estacoes;sqlite:sis_cloud_seed.db:ana_telemetria;
5314;Cabeceiras;Vila Bela da Santíssima Trindade;0;1;15120002;VILA BELA ST.TRINDADE;RIO GUAPORÉ;;-15,026100;-59,956700;37,44;374,67;0;jusante;98,0;;;;2026-09-07 09:45:00;sqlite:sis_cloud_seed.db:ana_estacoes;sqlite:sis_cloud_seed.db:ana_telemetria;contexto_somente
5314;Cabeceiras;Vila Bela da Santíssima Trindade;0;2;15121000;PCH SALTO CORGÃO JUSANTE;RIO CORGÃO;;-14,457500;-59,508600;45,49;332,34;0;montante;;;;;;sqlite:sis_cloud_seed.db:ana_estacoes;sqlite:sis_cloud_seed.db:ana_telemetria;
5314;Cabeceiras;Vila Bela da Santíssima Trindade;0;3;15120500;PCH SALTO CORGÃO BARRAMENTO;RIO CORGÃO;;-14,447800;-59,484700;47,50;330,00;0;montante;;;;;;sqlite:sis_cloud_seed.db:ana_estacoes;sqlite:sis_cloud_seed.db:ana_telemetria;
5315;Casarão;Vila Bela da Santíssima Trindade;0;1;15120002;VILA BELA ST.TRINDADE;RIO GUAPORÉ;;-15,026100;-59,956700;37,78;374,67;0;jusante;98,0;;;;2026-09-07 09:45:00;sqlite:sis_cloud_seed.db:ana_estacoes;sqlite:sis_cloud_seed.db:ana_telemetria;contexto_somente
5315;Casarão;Vila Bela da Santíssima Trindade;0;2;15121000;PCH SALTO CORGÃO JUSANTE;RIO CORGÃO;;-14,457500;-59,508600;46,63;332,34;0;montante;;;;;;sqlite:sis_cloud_seed.db:ana_estacoes;sqlite:sis_cloud_seed.db:ana_telemetria;
5315;Casarão;Vila Bela da Santíssima Trindade;0;3;15120500;PCH SALTO CORGÃO BARRAMENTO;RIO CORGÃO;;-14,447800;-59,484700;48,56;330,00;0;montante;;;;;;sqlite:sis_cloud_seed.db:ana_estacoes;sqlite:sis_cloud_seed.db:ana_telemetria;
20196;Afluente do Pitomba;Várzea Grande;1;1;66260001;CUIABÁ;RIO CUIABÁ;;-15,615600;-56,108600;12,39;0,21;1;local;;;;;;sqlite:sis_cloud_seed.db:ana_estacoes;sqlite:sis_cloud_seed.db:ana_telemetria;
20196;Afluente do Pitomba;Várzea Grande;1;2;66260006;CUIABÁ-BEIRA RIO;RIO CUIABÁ;;-15,618900;-56,099700;13,28;0,23;1;local;98,0;;200,0;0,490;2026-09-07 10:00:00;sqlite:sis_cloud_seed.db:ana_estacoes;sqlite:sis_cloud_seed.db:ana_telemetria;cota_medida
20196;Afluente do Pitomba;Várzea Grande;1;3;66259650;RIO COXIPÓ - AABB;RIO COXIPO;;-15,617500;-56,051100;18,46;3,76;1;local;;;;;;sqlite:sis_cloud_seed.db:ana_estacoes;sqlite:sis_cloud_seed.db:ana_telemetria;
35119;BARRAGEM ROSA CRISTINA I;Várzea Grande;1;1;66260001;CUIABÁ;RIO CUIABÁ;;-15,615600;-56,108600;24,30;0,21;1;jusante;;;;;;sqlite:sis_cloud_seed.db:ana_estacoes;sqlite:sis_cloud_seed.db:ana_telemetria;
35119;BARRAGEM ROSA CRISTINA I;Várzea Grande;1;2;66260006;CUIABÁ-BEIRA RIO;RIO CUIABÁ;;-15,618900;-56,099700;25,29;0,23;1;jusante;98,0;;200,0;0,490;2026-09-07 10:00:00;sqlite:sis_cloud_seed.db:ana_estacoes;sqlite:sis_cloud_seed.db:ana_telemetria;cota_medida
35119;BARRAGEM ROSA CRISTINA I;Várzea Grande;1;3;66259650;RIO COXIPÓ - AABB;RIO COXIPO;;-15,617500;-56,051100;29,63;3,76;1;jusante;;;;;;sqlite:sis_cloud_seed.db:ana_estacoes;sqlite:sis_cloud_seed.db:ana_telemetria;
28304;Barragem 4;Várzea Grande;0;1;66260001;CUIABÁ;RIO CUIABÁ;;-15,615600;-56,108600;9,77;0,21;1;jusante;;;;;;sqlite:sis_cloud_seed.db:ana_estacoes;sqlite:sis_cloud_seed.db:ana_telemetria;
28304;Barragem 4;Várzea Grande;0;2;66260006;CUIABÁ-BEIRA RIO;RIO CUIABÁ;;-15,618900;-56,099700;10,72;0,23;1;jusante;98,0;;200,0;0,490;2026-09-07 10:00:00;sqlite:sis_cloud_seed.db:ana_estacoes;sqlite:sis_cloud_seed.db:ana_telemetria;cota_medida
28304;Barragem 4;Várzea Grande;0;3;66259650;RIO COXIPÓ - AABB;RIO COXIPO;;-15,617500;-56,051100;15,00;3,76;1;jusante;;;;;;sqlite:sis_cloud_seed.db:ana_estacoes;sqlite:sis_cloud_seed.db:ana_telemetria;
20141;Chapéu do Sol;Várzea Grande;1;1;66260001;CUIABÁ;RIO CUIABÁ;;-15,615600;-56,108600;8,35;0,21;1;local;;;;;;sqlite:sis_cloud_seed.db:ana_estacoes;sqlite:sis_cloud_seed.db:ana_telemetria;
20141;Chapéu do Sol;Várzea Grande;1;2;66260006;CUIABÁ-BEIRA RIO;RIO CUIABÁ;;-15,618900;-56,099700;9,36;0,23;1;local;98,0;;200,0;0,490;2026-09-07 10:00:00;sqlite:sis_cloud_seed.db:ana_estacoes;sqlite:sis_cloud_seed.db:ana_telemetria;cota_medida
20141;Chapéu do Sol;Várzea Grande;1;3;66259650;RIO COXIPÓ - AABB;RIO COXIPO;;-15,617500;-56,051100;14,48;3,76;1;local;;;;;;sqlite:sis_cloud_seed.db:ana_estacoes;sqlite:sis_cloud_seed.db:ana_telemetria;
5339;ESTÂNCIA RANCHO DOURADO;Várzea Grande;1;1;66260001;CUIABÁ;RIO CUIABÁ;;-15,615600;-56,108600;24,02;0,21;1;jusante;;;;;;sqlite:sis_cloud_seed.db:ana_estacoes;sqlite:sis_cloud_seed.db:ana_telemetria;
5339;ESTÂNCIA RANCHO DOURADO;Várzea Grande;1;2;66260006;CUIABÁ-BEIRA RIO;RIO CUIABÁ;;-15,618900;-56,099700;25,01;0,23;1;jusante;98,0;;200,0;0,490;2026-09-07 10:00:00;sqlite:sis_cloud_seed.db:ana_estacoes;sqlite:sis_cloud_seed.db:ana_telemetria;cota_medida
5339;ESTÂNCIA RANCHO DOURADO;Várzea Grande;1;3;66259650;RIO COXIPÓ - AABB;RIO COXIPO;;-15,617500;-56,051100;29,37;3,76;1;jusante;;;;;;sqlite:sis_cloud_seed.db:ana_estacoes;sqlite:sis_cloud_seed.db:ana_telemetria;
20138;Fazenda Santa Luzia;Várzea Grande;1;1;66260001;CUIABÁ;RIO CUIABÁ;;-15,615600;-56,108600;21,12;0,21;1;jusante;;;;;;sqlite:sis_cloud_seed.db:ana_estacoes;sqlite:sis_cloud_seed.db:ana_telemetria;
20138;Fazenda Santa Luzia;Várzea Grande;1;2;66260006;CUIABÁ-BEIRA RIO;RIO CUIABÁ;;-15,618900;-56,099700;22,14;0,23;1;jusante;98,0;;200,0;0,490;2026-09-07 10:00:00;sqlite:sis_cloud_seed.db:ana_estacoes;sqlite:sis_cloud_seed.db:ana_telemetria;cota_medida
20138;Fazenda Santa Luzia;Várzea Grande;1;3;66259650;RIO COXIPÓ - AABB;RIO COXIPO;;-15,617500;-56,051100;26,84;3,76;1;jusante;;;;;;sqlite:sis_cloud_seed.db:ana_estacoes;sqlite:sis_cloud_seed.db:ana_telemetria;
20135;Fazenda São Jose;Várzea Grande;1;1;66260001;CUIABÁ;RIO CUIABÁ;;-15,615600;-56,108600;12,24;0,21;1;montante;;;;;;sqlite:sis_cloud_seed.db:ana_estacoes;sqlite:sis_cloud_seed.db:ana_telemetria;
20135;Fazenda São Jose;Várzea Grande;1;2;66260006;CUIABÁ-BEIRA RIO;RIO CUIABÁ;;-15,618900;-56,099700;13,03;0,23;1;montante;98,0;;200,0;0,490;2026-09-07 10:00:00;sqlite:sis_cloud_seed.db:ana_estacoes;sqlite:sis_cloud_seed.db:ana_telemetria;cota_medida
20135;Fazenda São Jose;Várzea Grande;1;3;66259650;RIO COXIPÓ - AABB;RIO COXIPO;;-15,617500;-56,051100;18,10;3,76;1;montante;;;;;;sqlite:sis_cloud_seed.db:ana_estacoes;sqlite:sis_cloud_seed.db:ana_telemetria;
21935;córrego Sapateiro;Várzea Grande;1;1;66260001;CUIABÁ;RIO CUIABÁ;;-15,615600;-56,108600;11,52;0,21;1;local;;;;;;sqlite:sis_cloud_seed.db:ana_estacoes;sqlite:sis_cloud_seed.db:ana_telemetria;
21935;córrego Sapateiro;Várzea Grande;1;2;66260006;CUIABÁ-BEIRA RIO;RIO CUIABÁ;;-15,618900;-56,099700;12,45;0,23;1;local;98,0;;200,0;0,490;2026-09-07 10:00:00;sqlite:sis_cloud_seed.db:ana_estacoes;sqlite:sis_cloud_seed.db:ana_telemetria;cota_medida
21935;córrego Sapateiro;Várzea Grande;1;3;66259650;RIO COXIPÓ - AABB;RIO COXIPO;;-15,617500;-56,051100;17,65;3,76;1;local;;;;;;sqlite:sis_cloud_seed.db:ana_estacoes;sqlite:sis_cloud_seed.db:ana_telemetria;
27937;BRAVO 1;Várzea Grande;1;1;66260001;CUIABÁ;RIO CUIABÁ;;-15,615600;-56,108600;41,22;0,21;1;jusante;;;;;;sqlite:sis_cloud_seed.db:ana_estacoes;sqlite:sis_cloud_seed.db:ana_telemetria;
27937;BRAVO 1;Várzea Grande;1;2;66260006;CUIABÁ-BEIRA RIO;RIO CUIABÁ;;-15,618900;-56,099700;42,24;0,23;1;jusante;98,0;;200,0;0,490;2026-09-07 10:00:00;sqlite:sis_cloud_seed.db:ana_estacoes;sqlite:sis_cloud_seed.db:ana_telemetria;contexto_somente
27937;BRAVO 1;Várzea Grande;1;3;66259650;RIO COXIPÓ - AABB;RIO COXIPO;;-15,617500;-56,051100;47,00;3,76;1;jusante;;;;;;sqlite:sis_cloud_seed.db:ana_estacoes;sqlite:sis_cloud_seed.db:ana_telemetria;
26265;BRAVO II;Várzea Grande;1;1;66260001;CUIABÁ;RIO CUIABÁ;;-15,615600;-56,108600;40,94;0,21;1;jusante;;;;;;sqlite:sis_cloud_seed.db:ana_estacoes;sqlite:sis_cloud_seed.db:ana_telemetria;
26265;BRAVO II;Várzea Grande;1;2;66260006;CUIABÁ-BEIRA RIO;RIO CUIABÁ;;-15,618900;-56,099700;41,96;0,23;1;jusante;98,0;;200,0;0,490;2026-09-07 10:00:00;sqlite:sis_cloud_seed.db:ana_estacoes;sqlite:sis_cloud_seed.db:ana_telemetria;contexto_somente
26265;BRAVO II;Várzea Grande;1;3;66259650;RIO COXIPÓ - AABB;RIO COXIPO;;-15,617500;-56,051100;46,71;3,76;1;jusante;;;;;;sqlite:sis_cloud_seed.db:ana_estacoes;sqlite:sis_cloud_seed.db:ana_telemetria;
31525;BRAVO IV;Várzea Grande;1;1;66260001;CUIABÁ;RIO CUIABÁ;;-15,615600;-56,108600;41,17;0,21;1;jusante;;;;;;sqlite:sis_cloud_seed.db:ana_estacoes;sqlite:sis_cloud_seed.db:ana_telemetria;
31525;BRAVO IV;Várzea Grande;1;2;66260006;CUIABÁ-BEIRA RIO;RIO CUIABÁ;;-15,618900;-56,099700;42,19;0,23;1;jusante;98,0;;200,0;0,490;2026-09-07 10:00:00;sqlite:sis_cloud_seed.db:ana_estacoes;sqlite:sis_cloud_seed.db:ana_telemetria;contexto_somente
31525;BRAVO IV;Várzea Grande;1;3;66259650;RIO COXIPÓ - AABB;RIO COXIPO;;-15,617500;-56,051100;46,89;3,76;1;jusante;;;;;;sqlite:sis_cloud_seed.db:ana_estacoes;sqlite:sis_cloud_seed.db:ana_telemetria;
37736;Solstício Agronegócios S.A;Várzea Grande;1;1;66260001;CUIABÁ;RIO CUIABÁ;;-15,615600;-56,108600;33,76;0,21;1;jusante;;;;;;sqlite:sis_cloud_seed.db:ana_estacoes;sqlite:sis_cloud_seed.db:ana_telemetria;
37736;Solstício Agronegócios S.A;Várzea Grande;1;2;66260006;CUIABÁ-BEIRA RIO;RIO CUIABÁ;;-15,618900;-56,099700;34,78;0,23;1;jusante;98,0;;200,0;0,490;2026-09-07 10:00:00;sqlite:sis_cloud_seed.db:ana_estacoes;sqlite:sis_cloud_seed.db:ana_telemetria;contexto_somente
37736;Solstício Agronegócios S.A;Várzea Grande;1;3;66259650;RIO COXIPÓ - AABB;RIO COXIPO;;-15,617500;-56,051100;39,60;3,76;1;jusante;;;;;;sqlite:sis_cloud_seed.db:ana_estacoes;sqlite:sis_cloud_seed.db:ana_telemetria;
34579;Barragem Fazenda Dois Filhos;Água Boa;0;1;18415000;POUSADA MATRINXA;RIO CULUENE;;-13,569200;-53,076100;52,59;324,89;0;montante;;;;;;sqlite:sis_cloud_seed.db:ana_estacoes;sqlite:sis_cloud_seed.db:ana_telemetria;
34579;Barragem Fazenda Dois Filhos;Água Boa;0;2;18409600;PCH PARANATINGA II BARRAMENTO;RIO CULUENE;;-13,851700;-53,255800;61,28;294,01;0;local;;;;;;sqlite:sis_cloud_seed.db:ana_estacoes;sqlite:sis_cloud_seed.db:ana_telemetria;
34579;Barragem Fazenda Dois Filhos;Água Boa;0;3;18409650;PCH PARANATINGA II JUSANTE;RIO CULUENE;;-13,847500;-53,259700;61,70;293,80;0;local;;;;;;sqlite:sis_cloud_seed.db:ana_estacoes;sqlite:sis_cloud_seed.db:ana_telemetria;
35339;Barragem I - Fazenda Jerusalém VIII;Água Boa;0;1;26057000;CHÁCARA BOA VISTA;CÓRREGO  ARAES (ou AREÕES);;-14,534200;-52,331400;63,01;372,01;0;jusante;;;;;;sqlite:sis_cloud_seed.db:ana_estacoes;sqlite:sis_cloud_seed.db:ana_telemetria;
35339;Barragem I - Fazenda Jerusalém VIII;Água Boa;0;2;26100000;XAVANTINA;RIO DAS MORTES ;;-14,672500;-52,355000;78,49;368,11;0;jusante;;;;;;sqlite:sis_cloud_seed.db:ana_estacoes;sqlite:sis_cloud_seed.db:ana_telemetria;
8176;Barragem principal Estância Bahia Leilões;Água Boa;0;1;26057000;CHÁCARA BOA VISTA;CÓRREGO  ARAES (ou AREÕES);;-14,534200;-52,331400;51,24;372,01;0;jusante;;;;;;sqlite:sis_cloud_seed.db:ana_estacoes;sqlite:sis_cloud_seed.db:ana_telemetria;
8176;Barragem principal Estância Bahia Leilões;Água Boa;0;2;26100000;XAVANTINA;RIO DAS MORTES ;;-14,672500;-52,355000;66,66;368,11;0;jusante;;;;;;sqlite:sis_cloud_seed.db:ana_estacoes;sqlite:sis_cloud_seed.db:ana_telemetria;
8176;Barragem principal Estância Bahia Leilões;Água Boa;0;3;26150000;RIO PINDAÍBA;RIO PINDAÍBA;;-14,599700;-51,719700;74,37;436,87;0;jusante;;;;;;sqlite:sis_cloud_seed.db:ana_estacoes;sqlite:sis_cloud_seed.db:ana_telemetria;
36436;Barramento Fazenda Santana;Água Boa;0;1;18415000;POUSADA MATRINXA;RIO CULUENE;;-13,569200;-53,076100;63,44;324,89;0;montante;;;;;;sqlite:sis_cloud_seed.db:ana_estacoes;sqlite:sis_cloud_seed.db:ana_telemetria;
36436;Barramento Fazenda Santana;Água Boa;0;2;18415300;GAÚCHA DO NORTE - RIO CULUENE;RIO CULUENE;;-13,394700;-53,041900;66,19;337,33;0;montante;;;;;;sqlite:sis_cloud_seed.db:ana_estacoes;sqlite:sis_cloud_seed.db:ana_telemetria;
36436;Barramento Fazenda Santana;Água Boa;0;3;18426200;QUERÊNCIA - RIO SUIÁ MIÇÚ;RIO SUIA-MIÇU;;-13,156900;-52,149700;68,16;435,03;0;montante;;;;;;sqlite:sis_cloud_seed.db:ana_estacoes;sqlite:sis_cloud_seed.db:ana_telemetria;
35185;Barramento Fazenda São Luiz;Água Boa;0;1;18415000;POUSADA MATRINXA;RIO CULUENE;;-13,569200;-53,076100;63,85;324,89;0;montante;;;;;;sqlite:sis_cloud_seed.db:ana_estacoes;sqlite:sis_cloud_seed.db:ana_telemetria;
35185;Barramento Fazenda São Luiz;Água Boa;0;2;18415300;GAÚCHA DO NORTE - RIO CULUENE;RIO CULUENE;;-13,394700;-53,041900;71,16;337,33;0;montante;;;;;;sqlite:sis_cloud_seed.db:ana_estacoes;sqlite:sis_cloud_seed.db:ana_telemetria;
35185;Barramento Fazenda São Luiz;Água Boa;0;3;18409600;PCH PARANATINGA II BARRAMENTO;RIO CULUENE;;-13,851700;-53,255800;77,65;294,01;0;jusante;;;;;;sqlite:sis_cloud_seed.db:ana_estacoes;sqlite:sis_cloud_seed.db:ana_telemetria;
8166;Barramento Principal - Fazenda Estância Bahia II;Água Boa;0;1;18415000;POUSADA MATRINXA;RIO CULUENE;;-13,569200;-53,076100;60,88;324,89;0;montante;;;;;;sqlite:sis_cloud_seed.db:ana_estacoes;sqlite:sis_cloud_seed.db:ana_telemetria;
8166;Barramento Principal - Fazenda Estância Bahia II;Água Boa;0;2;18409600;PCH PARANATINGA II BARRAMENTO;RIO CULUENE;;-13,851700;-53,255800;70,40;294,01;0;local;;;;;;sqlite:sis_cloud_seed.db:ana_estacoes;sqlite:sis_cloud_seed.db:ana_telemetria;
8166;Barramento Principal - Fazenda Estância Bahia II;Água Boa;0;3;18415300;GAÚCHA DO NORTE - RIO CULUENE;RIO CULUENE;;-13,394700;-53,041900;70,79;337,33;0;montante;;;;;;sqlite:sis_cloud_seed.db:ana_estacoes;sqlite:sis_cloud_seed.db:ana_telemetria;
32379;Condomínio Adama Duvalle – Barragem 1;Água Boa;0;1;26057000;CHÁCARA BOA VISTA;CÓRREGO  ARAES (ou AREÕES);;-14,534200;-52,331400;50,90;372,01;0;jusante;;;;;;sqlite:sis_cloud_seed.db:ana_estacoes;sqlite:sis_cloud_seed.db:ana_telemetria;
32379;Condomínio Adama Duvalle – Barragem 1;Água Boa;0;2;26100000;XAVANTINA;RIO DAS MORTES ;;-14,672500;-52,355000;66,29;368,11;0;jusante;;;;;;sqlite:sis_cloud_seed.db:ana_estacoes;sqlite:sis_cloud_seed.db:ana_telemetria;
32379;Condomínio Adama Duvalle – Barragem 1;Água Boa;0;3;26150000;RIO PINDAÍBA;RIO PINDAÍBA;;-14,599700;-51,719700;73,51;436,87;0;jusante;;;;;;sqlite:sis_cloud_seed.db:ana_estacoes;sqlite:sis_cloud_seed.db:ana_telemetria;
32400;FAZENDA HARAS;Água Boa;0;1;26057000;CHÁCARA BOA VISTA;CÓRREGO  ARAES (ou AREÕES);;-14,534200;-52,331400;56,00;372,01;0;jusante;;;;;;sqlite:sis_cloud_seed.db:ana_estacoes;sqlite:sis_cloud_seed.db:ana_telemetria;
32400;FAZENDA HARAS;Água Boa;0;2;26100000;XAVANTINA;RIO DAS MORTES ;;-14,672500;-52,355000;71,34;368,11;0;jusante;;;;;;sqlite:sis_cloud_seed.db:ana_estacoes;sqlite:sis_cloud_seed.db:ana_telemetria;
32400;FAZENDA HARAS;Água Boa;0;3;26150000;RIO PINDAÍBA;RIO PINDAÍBA;;-14,599700;-51,719700;75,21;436,87;0;jusante;;;;;;sqlite:sis_cloud_seed.db:ana_estacoes;sqlite:sis_cloud_seed.db:ana_telemetria;
19987;Fazenda Admar Galle & Filhos;Água Boa;0;1;26057000;CHÁCARA BOA VISTA;CÓRREGO  ARAES (ou AREÕES);;-14,534200;-52,331400;65,17;372,01;0;jusante;;;;;;sqlite:sis_cloud_seed.db:ana_estacoes;sqlite:sis_cloud_seed.db:ana_telemetria;
8164;Fazenda Alto Areões - Barragem 01;Água Boa;0;1;18415000;POUSADA MATRINXA;RIO CULUENE;;-13,569200;-53,076100;58,74;324,89;0;montante;;;;;;sqlite:sis_cloud_seed.db:ana_estacoes;sqlite:sis_cloud_seed.db:ana_telemetria;
8164;Fazenda Alto Areões - Barragem 01;Água Boa;0;2;18409600;PCH PARANATINGA II BARRAMENTO;RIO CULUENE;;-13,851700;-53,255800;66,86;294,01;0;local;;;;;;sqlite:sis_cloud_seed.db:ana_estacoes;sqlite:sis_cloud_seed.db:ana_telemetria;
8164;Fazenda Alto Areões - Barragem 01;Água Boa;0;3;18409650;PCH PARANATINGA II JUSANTE;RIO CULUENE;;-13,847500;-53,259700;67,30;293,80;0;montante;;;;;;sqlite:sis_cloud_seed.db:ana_estacoes;sqlite:sis_cloud_seed.db:ana_telemetria;
8165;Fazenda Alto Areões-Barragem 02;Água Boa;0;1;18415000;POUSADA MATRINXA;RIO CULUENE;;-13,569200;-53,076100;59,87;324,89;0;montante;;;;;;sqlite:sis_cloud_seed.db:ana_estacoes;sqlite:sis_cloud_seed.db:ana_telemetria;
8165;Fazenda Alto Areões-Barragem 02;Água Boa;0;2;18409600;PCH PARANATINGA II BARRAMENTO;RIO CULUENE;;-13,851700;-53,255800;68,72;294,01;0;local;;;;;;sqlite:sis_cloud_seed.db:ana_estacoes;sqlite:sis_cloud_seed.db:ana_telemetria;
8165;Fazenda Alto Areões-Barragem 02;Água Boa;0;3;18409650;PCH PARANATINGA II JUSANTE;RIO CULUENE;;-13,847500;-53,259700;69,16;293,80;0;local;;;;;;sqlite:sis_cloud_seed.db:ana_estacoes;sqlite:sis_cloud_seed.db:ana_telemetria;
19978;Fazenda Santa Lourdes;Água Boa;0;1;26057000;CHÁCARA BOA VISTA;CÓRREGO  ARAES (ou AREÕES);;-14,534200;-52,331400;61,82;372,01;0;jusante;;;;;;sqlite:sis_cloud_seed.db:ana_estacoes;sqlite:sis_cloud_seed.db:ana_telemetria;
19978;Fazenda Santa Lourdes;Água Boa;0;2;26100000;XAVANTINA;RIO DAS MORTES ;;-14,672500;-52,355000;77,29;368,11;0;jusante;;;;;;sqlite:sis_cloud_seed.db:ana_estacoes;sqlite:sis_cloud_seed.db:ana_telemetria;
20127;Fazenda São Paulo;Água Boa;0;1;26057000;CHÁCARA BOA VISTA;CÓRREGO  ARAES (ou AREÕES);;-14,534200;-52,331400;68,57;372,01;0;jusante;;;;;;sqlite:sis_cloud_seed.db:ana_estacoes;sqlite:sis_cloud_seed.db:ana_telemetria;
32034;Fazenda Três Marcos – Barragem 1;Água Boa;0;1;18415000;POUSADA MATRINXA;RIO CULUENE;;-13,569200;-53,076100;69,13;324,89;0;montante;;;;;;sqlite:sis_cloud_seed.db:ana_estacoes;sqlite:sis_cloud_seed.db:ana_telemetria;
32034;Fazenda Três Marcos – Barragem 1;Água Boa;0;2;26057000;CHÁCARA BOA VISTA;CÓRREGO  ARAES (ou AREÕES);;-14,534200;-52,331400;71,82;372,01;0;jusante;;;;;;sqlite:sis_cloud_seed.db:ana_estacoes;sqlite:sis_cloud_seed.db:ana_telemetria;
32034;Fazenda Três Marcos – Barragem 1;Água Boa;0;3;18409600;PCH PARANATINGA II BARRAMENTO;RIO CULUENE;;-13,851700;-53,255800;76,54;294,01;0;montante;;;;;;sqlite:sis_cloud_seed.db:ana_estacoes;sqlite:sis_cloud_seed.db:ana_telemetria;
30909;Barragem Principal;Água Boa;0;1;26057000;CHÁCARA BOA VISTA;CÓRREGO  ARAES (ou AREÕES);;-14,534200;-52,331400;68,30;372,01;0;jusante;;;;;;sqlite:sis_cloud_seed.db:ana_estacoes;sqlite:sis_cloud_seed.db:ana_telemetria;
37450;Fazenda Córrego Fundo;Água Boa;0;1;18415000;POUSADA MATRINXA;RIO CULUENE;;-13,569200;-53,076100;43,65;324,89;0;montante;;;;;;sqlite:sis_cloud_seed.db:ana_estacoes;sqlite:sis_cloud_seed.db:ana_telemetria;
37450;Fazenda Córrego Fundo;Água Boa;0;2;18415300;GAÚCHA DO NORTE - RIO CULUENE;RIO CULUENE;;-13,394700;-53,041900;51,77;337,33;0;montante;;;;;;sqlite:sis_cloud_seed.db:ana_estacoes;sqlite:sis_cloud_seed.db:ana_telemetria;
37450;Fazenda Córrego Fundo;Água Boa;0;3;18409600;PCH PARANATINGA II BARRAMENTO;RIO CULUENE;;-13,851700;-53,255800;60,98;294,01;0;jusante;;;;;;sqlite:sis_cloud_seed.db:ana_estacoes;sqlite:sis_cloud_seed.db:ana_telemetria;
