rank;score_prioridade;faixa;id_snisb;nome;municipio_sede;nivel;idap;dano_potencial_associado;uso_principal;n_municipios_extraterritoriais;n_lacunas_pae;alertavel;pts_dpa;pts_rejeito;pts_nivel;pts_extraterritorial;pts_pae;pts_nao_alertavel
1;75;crítica;21946;Fortuna;Pontes e Lacerda;Amarelo;35;Alto;Contenção de rejeitos de mineração;3;6;não avaliado;20;15;10;15;15;0
2;67;alta;26164;Bacia Grota da Onça;Pontes e Lacerda;Amarelo;24;Alto;Contenção de rejeitos de mineração;3;3;não avaliado;20;15;10;15;7;0
3;62;alta;4224;UHE Manso - Dique 1;Nobres;Verde;14;Alto;Hidroelétrica;4;6;não;20;0;2;15;15;10
4;61;alta;26131;BARRAGEM JVR;Cuiabá;Amarelo;25;Alto;Contenção de rejeitos de mineração;2;3;sim;20;15;10;9;7;0
5;61;alta;5560;Barragem de Rejeito Estrela;Nossa Senhora do Livramento;Amarelo;32;Alto;Contenção de rejeitos de mineração;2;3;sim;20;15;10;9;7;0
6;61;alta;5562;Barragem de Rejeito Estrela 02;Nossa Senhora do Livramento;Amarelo;32;Alto;Contenção de rejeitos de mineração;2;3;sim;20;15;10;9;7;0
7;61;alta;5559;Barragem de Rejeito Estrela 03;Nossa Senhora do Livramento;Amarelo;32;Alto;Contenção de rejeitos de mineração;2;3;sim;20;15;10;9;7;0
8;61;alta;790;Dique de Finos;Vila Bela da Santíssima Trindade;Amarelo;20;Alto;Contenção de rejeitos de mineração;2;2;não avaliado;20;15;10;9;7;0
9;60;alta;31174;LOTES 79 E 80;Sinop;Amarelo;20;Alto;Recreação;4;8;não avaliado;20;0;10;15;15;0
10;60;alta;26254;Neta;Nossa Senhora do Livramento;Amarelo;21;Alto;Contenção de rejeitos de mineração;0;6;não avaliado;20;15;10;0;15;0
11;60;alta;34094;PCH Nova Guaporé - Nova Guaporé;Vale de São Domingos;Amarelo;20;Alto;Hidroelétrica;3;8;não avaliado;20;0;10;15;15;0
12;60;alta;5212;UHE Guaporé - Guaporé;Vale de São Domingos;Amarelo;21;Alto;Hidroelétrica;3;6;não avaliado;20;0;10;15;15;0
13;60;alta;20601;UHE Manso - Dique 2;Chapada dos Guimarães;Amarelo;21;Alto;Hidroelétrica;6;6;sim;20;0;10;15;15;0
14;60;alta;20602;UHE Manso - Dique 3;Chapada dos Guimarães;Amarelo;21;Alto;Hidroelétrica;6;6;sim;20;0;10;15;15;0
15;60;alta;20603;UHE Manso - Dique 4;Chapada dos Guimarães;Amarelo;21;Alto;Hidroelétrica;6;6;sim;20;0;10;15;15;0
16;60;alta;20604;UHE Manso - Dique 5;Chapada dos Guimarães;Amarelo;21;Alto;Hidroelétrica;6;6;sim;20;0;10;15;15;0
17;60;alta;20605;UHE Manso - Dique 6;Chapada dos Guimarães;Amarelo;21;Alto;Hidroelétrica;6;6;sim;20;0;10;15;15;0
18;60;alta;20606;UHE Manso - Dique 7;Chapada dos Guimarães;Amarelo;21;Alto;Hidroelétrica;6;6;sim;20;0;10;15;15;0
19;59;alta;577;Barragem EPP;Pontes e Lacerda;Verde;19;Alto;Contenção de rejeitos de mineração;3;2;não avaliado;20;15;2;15;7;0
20;55;alta;26234;BARRAGEM BLOCO  SUL;Nova Santa Helena;Amarelo;21;Baixo;Contenção de rejeitos de mineração;3;5;não avaliado;0;15;10;15;15;0
21;55;alta;21949;BARRAGEM ÁGUA BRANCA;Rosário Oeste;Amarelo;20;Baixo;Contenção de rejeitos de mineração;3;5;sim;0;15;10;15;15;0
22;55;alta;31643;Beariz;Pontes e Lacerda;Amarelo;21;Baixo;Contenção de rejeitos de mineração;3;5;não avaliado;0;15;10;15;15;0
23;55;alta;35254;Beariz 2;Pontes e Lacerda;Amarelo;23;Baixo;Contenção de rejeitos de mineração;3;5;não avaliado;0;15;10;15;15;0
24;55;alta;35099;LV-01;Pontes e Lacerda;Amarelo;21;Baixo;Contenção de rejeitos de mineração;3;5;não avaliado;0;15;10;15;15;0
25;55;alta;29388;P.R.A;Pontes e Lacerda;Amarelo;23;Baixo;Contenção de rejeitos de mineração;3;5;não avaliado;0;15;10;15;15;0
26;55;alta;26261;SR.PEDRINHO;Pontes e Lacerda;Amarelo;23;Baixo;Contenção de rejeitos de mineração;3;5;não avaliado;0;15;10;15;15;0
27;55;alta;8006;VALE DOURADO;Rosário Oeste;Amarelo;22;Baixo;Contenção de rejeitos de mineração;3;5;sim;0;15;10;15;15;0
28;54;alta;27954;Lago Recreativo Cuiabá;Cuiabá;Amarelo;22;Alto;Recreação;2;8;sim;20;0;10;9;15;0
29;54;alta;34145;UHE Manso - Barragem da Margem Direita;Chapada dos Guimarães;Amarelo;20;Alto;Hidroelétrica;2;8;sim;20;0;10;9;15;0
30;54;alta;34146;UHE Manso - Barragem da Margem Esquerda;Chapada dos Guimarães;Amarelo;20;Alto;Hidroelétrica;2;8;sim;20;0;10;9;15;0
31;54;alta;4436;UHE Manso - Barragem de Terra do Leito do Rio;Chapada dos Guimarães;Amarelo;21;Alto;Hidroelétrica;2;6;sim;20;0;10;9;15;0
32;52;alta;34483;BARRAGEM MANAH 1;Nossa Senhora do Livramento;Verde;18;Alto;Contenção de rejeitos de mineração;0;7;não avaliado;20;15;2;0;15;0
33;52;alta;20211;CASA DE PEDRA;Cuiabá;Amarelo;13;Alto;Contenção de rejeitos de mineração;0;2;não avaliado;20;15;10;0;7;0
34;52;alta;20034;FAZENDA RIO VERDE;Sorriso;Verde;15;Alto;Irrigação;7;8;não avaliado;20;0;2;15;15;0
35;52;alta;37527;Fazenda Ventania;Nova Mutum;Verde;15;Alto;Irrigação;3;8;não avaliado;20;0;2;15;15;0
36;52;alta;34809;PCH Rio Claro (Antiga Perdidos) - PCH Rio Claro;São José do Rio Claro;Verde;14;Alto;Hidroelétrica;3;8;não avaliado;20;0;2;15;15;0
37;49;alta;29384;BR SANTA FELICIDADE 04;Nossa Senhora do Livramento;Amarelo;25;Baixo;Contenção de rejeitos de mineração;2;5;sim;0;15;10;9;15;0
38;49;alta;26142;Barragem  LVR;Juína;Amarelo;21;Baixo;Contenção de rejeitos de mineração;1;5;não avaliado;0;15;10;9;15;0
39;49;alta;27626;Barragem - Valdenir;Nossa Senhora do Livramento;Amarelo;22;Baixo;Contenção de rejeitos de mineração;2;5;sim;0;15;10;9;15;0
40;49;alta;34856;Barragem GMX;Nossa Senhora do Livramento;Amarelo;25;Baixo;Contenção de rejeitos de mineração;2;5;sim;0;15;10;9;15;0
41;49;alta;26156;Barragem JL;Nossa Senhora do Livramento;Amarelo;25;Baixo;Contenção de rejeitos de mineração;2;5;sim;0;15;10;9;15;0
42;49;alta;26169;Barragem Jauru;São José dos Quatro Marcos;Amarelo;22;Baixo;Contenção de rejeitos de mineração;2;5;não avaliado;0;15;10;9;15;0
43;49;alta;35120;Barragem Sankara;Nova Lacerda;Amarelo;21;Baixo;Contenção de rejeitos de mineração;1;5;não avaliado;0;15;10;9;15;0
44;49;alta;26146;Barragem TB;Cuiabá;Amarelo;25;Baixo;Contenção de rejeitos de mineração;2;5;sim;0;15;10;9;15;0
45;49;alta;27624;Barragem_Valdenir2;Nossa Senhora do Livramento;Amarelo;22;Baixo;Contenção de rejeitos de mineração;2;5;sim;0;15;10;9;15;0
46;49;alta;36585;CPO1;Pontes e Lacerda;Amarelo;22;Baixo;Contenção de rejeitos de mineração;2;5;não avaliado;0;15;10;9;15;0
47;49;alta;26171;MULTI 1;Nossa Senhora do Livramento;Amarelo;25;Baixo;Contenção de rejeitos de mineração;2;6;sim;0;15;10;9;15;0
48;49;alta;948;Rejeito;Juína;Amarelo;21;Baixo;Contenção de rejeitos de mineração;1;6;não avaliado;0;15;10;9;15;0
49;49;alta;26266;SERRA;Vila Bela da Santíssima Trindade;Amarelo;22;Baixo;Contenção de rejeitos de mineração;2;5;não avaliado;0;15;10;9;15;0
50;47;alta;8079;BARRAGEM  BLOCO NORTE;Nova Santa Helena;Verde;19;Baixo;Contenção de rejeitos de mineração;3;5;não avaliado;0;15;2;15;15;0
51;47;alta;27548;BIG BERION;Pontes e Lacerda;Amarelo;24;Médio;Contenção de rejeitos de mineração;3;2;não avaliado;0;15;10;15;7;0
52;47;alta;21924;Berion;Pontes e Lacerda;Amarelo;24;Médio;Contenção de rejeitos de mineração;3;2;não avaliado;0;15;10;15;7;0
53;47;alta;21941;Campos;Pontes e Lacerda;Amarelo;24;Baixo;Contenção de rejeitos de mineração;3;2;não avaliado;0;15;10;15;7;0
54;47;alta;21942;Elvo 1;Pontes e Lacerda;Amarelo;24;Baixo;Contenção de rejeitos de mineração;3;2;não avaliado;0;15;10;15;7;0
55;47;alta;21943;Elvo Captação;Pontes e Lacerda;Amarelo;24;Baixo;Contenção de sedimentos de mineração;3;3;não avaliado;0;15;10;15;7;0
56;47;alta;31305;Manga;Pontes e Lacerda;Amarelo;24;Baixo;Contenção de rejeitos de mineração;3;3;não avaliado;0;15;10;15;7;0
57;47;alta;37548;TSF Figueira Branca;Nova Santa Helena;Verde;19;Baixo;Contenção de rejeitos de mineração;3;5;não avaliado;0;15;2;15;15;0
58;46;alta;4955;PCH Figueirópolis - Figueirópolis;Indiavaí;Verde;17;Alto;Hidroelétrica;2;6;não avaliado;20;0;2;9;15;0
59;46;alta;4518;PCH Ombreiras - Ombreiras;Araputanga;Verde;14;Alto;Hidroelétrica;1;6;não avaliado;20;0;2;9;15;0
60;46;alta;22164;T G de Souza;Nossa Senhora do Livramento;Laranja;41;Baixo;Contenção de rejeitos de mineração;0;6;não avaliado;0;15;16;0;15;0
61;46;alta;20615;UHE Jauru - Barragem Auxiliar;Vila Bela da Santíssima Trindade;Verde;17;Alto;Hidroelétrica;2;6;não avaliado;20;0;2;9;15;0
62;46;alta;5108;UHE Jauru - Barragem Principal;Vila Bela da Santíssima Trindade;Verde;17;Alto;Hidroelétrica;2;6;não avaliado;20;0;2;9;15;0
63;45;alta;4594;PCH São Tadeu I - São Tadeu I;Cuiabá;Amarelo;11;Alto;Hidroelétrica;0;7;não avaliado;20;0;10;0;15;0
64;44;média;20391;Barragem 01;Nossa Senhora do Livramento;Verde;10;Alto;Contenção de rejeitos de mineração;0;2;não avaliado;20;15;2;0;7;0
65;44;média;788;COQUEIRAL;Poconé;Verde;13;Alto;Contenção de rejeitos de mineração;0;2;não avaliado;20;15;2;0;7;0
66;44;média;22045;JABURU;Nossa Senhora do Livramento;Verde;19;Alto;Contenção de rejeitos de mineração;0;2;não avaliado;20;15;2;0;7;0
67;44;média;945;POND 1 - BARRAGEM DE LIXIVIAÇÃO;Nova Xavantina;Verde;9;Alto;Contenção de rejeitos de mineração;0;2;não avaliado;20;15;2;0;7;0
68;44;média;946;POND 2 - BARRAGEM DE FLOTAÇÃO;Nova Xavantina;Verde;9;Alto;Contenção de rejeitos de mineração;0;2;não avaliado;20;15;2;0;7;0
69;44;média;947;POND 3 - BARRAGEM DE FLOTAÇÃO;Nova Xavantina;Verde;9;Alto;Contenção de rejeitos de mineração;0;2;não avaliado;20;15;2;0;7;0
70;44;média;5317;Planta;Rio Branco;Verde;17;Alto;Contenção de rejeitos de mineração;0;2;não avaliado;20;15;2;0;7;0
71;41;média;1263;B5;Nova Lacerda;Amarelo;22;Médio;Contenção de rejeitos de mineração;1;2;não avaliado;0;15;10;9;7;0
72;41;média;586;BR BOSCO;Nossa Senhora do Livramento;Amarelo;28;Médio;Contenção de rejeitos de mineração;2;2;sim;0;15;10;9;7;0
73;41;média;21940;BR PIRÂMIDE;Nossa Senhora do Livramento;Amarelo;28;Médio;Contenção de rejeitos de mineração;2;2;sim;0;15;10;9;7;0
74;41;média;5573;BR SANTA 01;Nossa Senhora do Livramento;Amarelo;33;Médio;Contenção de rejeitos de mineração;2;2;sim;0;15;10;9;7;0
75;41;média;588;BR SANTA FELICIDADE;Nossa Senhora do Livramento;Amarelo;28;Médio;Contenção de rejeitos de mineração;2;2;sim;0;15;10;9;7;0
76;41;média;22009;BR SANTA FELICIDADE 02;Nossa Senhora do Livramento;Amarelo;26;Baixo;Contenção de rejeitos de mineração;2;3;sim;0;15;10;9;7;0
77;41;média;27937;BRAVO 1;Várzea Grande;Amarelo;21;Médio;Contenção de rejeitos de mineração;2;2;sim;0;15;10;9;7;0
78;41;média;26265;BRAVO II;Várzea Grande;Verde;17;Baixo;Contenção de rejeitos de mineração;2;5;sim;0;15;2;9;15;0
79;41;média;31525;BRAVO IV;Várzea Grande;Verde;17;Baixo;Contenção de rejeitos de mineração;2;5;sim;0;15;2;9;15;0
80;41;média;26138;Barragem Serrinha;Cuiabá;Amarelo;28;Baixo;Contenção de rejeitos de mineração;2;3;sim;0;15;10;9;7;0
81;41;média;5603;Barragem de Rejeitos Bom Futuro;Nossa Senhora do Livramento;Amarelo;37;Médio;Contenção de rejeitos de mineração;2;3;sim;0;15;10;9;7;0
82;41;média;5314;Cabeceiras;Vila Bela da Santíssima Trindade;Amarelo;23;Médio;Contenção de rejeitos de mineração;2;2;não avaliado;0;15;10;9;7;0
83;41;média;5315;Casarão;Vila Bela da Santíssima Trindade;Amarelo;23;Médio;Contenção de rejeitos de mineração;2;2;não avaliado;0;15;10;9;7;0
84;41;média;22041;Dorival;Nova Santa Helena;Verde;19;Baixo;Contenção de rejeitos de mineração;2;5;não avaliado;0;15;2;9;15;0
85;41;média;27619;MD-01;Nova Lacerda;Amarelo;22;Baixo;Contenção de rejeitos de mineração;1;3;não avaliado;0;15;10;9;7;0
86;41;média;22158;Santa Helena;Nova Santa Helena;Verde;19;Baixo;Contenção de rejeitos de mineração;2;5;não avaliado;0;15;2;9;15;0
87;41;média;5563;Santa Maria;Nossa Senhora do Livramento;Amarelo;35;Médio;Contenção de rejeitos de mineração;2;3;sim;0;15;10;9;7;0
88;40;média;1267;BACIA DE REJEITO MINERGOLD;Nossa Senhora do Livramento;Amarelo;29;Baixo;Contenção de rejeitos de mineração;0;6;não avaliado;0;15;10;0;15;0
89;40;média;27896;BARBA;Poconé;Amarelo;26;Baixo;Contenção de rejeitos de mineração;0;5;não avaliado;0;15;10;0;15;0
90;40;média;26235;BARRAGEM COOP 01;Nossa Senhora do Livramento;Amarelo;22;Baixo;Contenção de rejeitos de mineração;0;5;não avaliado;0;15;10;0;15;0
91;40;média;32029;BARRAGEM NA FAZENDA ÁGUA SANTA II;Lucas do Rio Verde;Amarelo;16;Baixo;Paisagismo;8;8;não avaliado;0;0;10;15;15;0
92;40;média;26240;BP-01;Nossa Senhora do Livramento;Amarelo;22;Baixo;Contenção de rejeitos de mineração;0;6;não avaliado;0;15;10;0;15;0
93;40;média;26241;BP-02;Nossa Senhora do Livramento;Amarelo;22;Baixo;Contenção de rejeitos de mineração;0;6;não avaliado;0;15;10;0;15;0
94;40;média;26147;BR ÁGUA DE COCO;Nossa Senhora do Livramento;Amarelo;29;Baixo;Contenção de rejeitos de mineração;0;6;não avaliado;0;15;10;0;15;0
95;40;média;29381;BR03;Nossa Senhora do Livramento;Amarelo;29;Médio;Contenção de rejeitos de mineração;0;6;não avaliado;0;15;10;0;15;0
96;40;média;35939;Barragem Barba 02;Poconé;Amarelo;28;Baixo;Contenção de rejeitos de mineração;0;5;não avaliado;0;15;10;0;15;0
97;40;média;31517;Barragem Bem-te-vi;Lucas do Rio Verde;Amarelo;16;Baixo;Irrigação;3;8;não avaliado;0;0;10;15;15;0
98;40;média;26236;Barragem Fazenda Aguassu;Nossa Senhora do Livramento;Amarelo;28;Baixo;Contenção de rejeitos de mineração;0;6;não avaliado;0;15;10;0;15;0
99;40;média;29377;Barragem MSJ;Cuiabá;Amarelo;18;Baixo;Contenção de rejeitos de mineração;0;5;não avaliado;0;15;10;0;15;0
100;40;média;8041;Barragem T04;Cuiabá;Amarelo;15;Baixo;Contenção de rejeitos de mineração;0;5;não avaliado;0;15;10;0;15;0
101;40;média;32394;Barragem XAVIER;Poconé;Amarelo;26;Baixo;Contenção de rejeitos de mineração;0;5;não avaliado;0;15;10;0;15;0
102;40;média;21951;Barragem de Mineração-CPM;Poconé;Amarelo;22;Baixo;Contenção de rejeitos de mineração;0;4;não avaliado;0;15;10;0;15;0
103;40;média;35359;Barragem do Parque Oeste;Lucas do Rio Verde;Amarelo;18;Médio;Paisagismo;5;5;não avaliado;0;0;10;15;15;0
104;40;média;35123;Barramento - Fazenda Seriema;Sorriso;Amarelo;20;Baixo;Irrigação;6;8;não avaliado;0;0;10;15;15;0
105;40;média;20051;Barramento Fazenda Carajas  - Lote 64;Lucas do Rio Verde;Amarelo;18;Médio;Irrigação;8;8;não avaliado;0;0;10;15;15;0
106;40;média;31577;Barramento Montante Fazenda Carajas  - Lote 64;Lucas do Rio Verde;Amarelo;14;Baixo;Irrigação;8;8;não avaliado;0;0;10;15;15;0
107;40;média;36539;Barramento Pé de Pequi I;Chapada dos Guimarães;Amarelo;21;Baixo;Abastecimento humano;6;8;sim;0;0;10;15;15;0
108;40;média;34136;CGH Aprovale - Associação Dos Produtores Do Vale Do Cedro - cedro;Lucas do Rio Verde;Amarelo;14;Baixo;Hidroelétrica;8;8;não avaliado;0;0;10;15;15;0
109;40;média;8028;FAZENDA DONA IRILDE;Lucas do Rio Verde;Amarelo;17;Baixo;Irrigação;8;8;não avaliado;0;0;10;15;15;0
110;40;média;8034;FAZENDA OGLIARI;Lucas do Rio Verde;Amarelo;14;Baixo;Aquicultura;8;8;não avaliado;0;0;10;15;15;0
111;40;média;341;Faz. Espera Feliz;Lucas do Rio Verde;Amarelo;14;Baixo;Irrigação;3;8;não avaliado;0;0;10;15;15;0
112;40;média;8033;Fazenda Botucatu lll;Lucas do Rio Verde;Amarelo;19;Baixo;Irrigação;8;8;não avaliado;0;0;10;15;15;0
113;40;média;35231;Fazenda Jangada Agropastoril - Barragem a montante;Jangada;Amarelo;20;Baixo;Recreação;3;8;sim;0;0;10;15;15;0
114;40;média;35229;Fazenda Jangada Agropastoril II - Barragem Principal;Jangada;Amarelo;22;Baixo;Recreação;3;8;sim;0;0;10;15;15;0
115;40;média;5679;Fazenda Juliandre II;Lucas do Rio Verde;Amarelo;17;Baixo;Irrigação;8;8;não avaliado;0;0;10;15;15;0
116;40;média;361;Fazenda Nadin;Lucas do Rio Verde;Amarelo;17;Baixo;Irrigação;8;8;não avaliado;0;0;10;15;15;0
117;40;média;20075;Fazenda Ogliari;Lucas do Rio Verde;Amarelo;16;Baixo;Aquicultura;8;8;não avaliado;0;0;10;15;15;0
118;40;média;8037;Fazenda Palmeira ll;Lucas do Rio Verde;Amarelo;17;Baixo;Irrigação;8;8;não avaliado;0;0;10;15;15;0
119;40;média;8036;Fazenda Piva;Lucas do Rio Verde;Amarelo;14;Baixo;Aquicultura;5;8;não avaliado;0;0;10;15;15;0
120;40;média;389;Fazenda Santo Antonio I;Lucas do Rio Verde;Amarelo;16;Baixo;Irrigação;8;8;não avaliado;0;0;10;15;15;0
121;40;média;5475;GAÚCHO;Poconé;Amarelo;26;Baixo;Contenção de rejeitos de mineração;0;5;não avaliado;0;15;10;0;15;0
122;40;média;27572;LIPINISKY;Carlinda;Amarelo;21;Baixo;Contenção de rejeitos de mineração;0;5;não avaliado;0;15;10;0;15;0
123;40;média;31175;LOTES 79 E 80;Sinop;Amarelo;20;Médio;Recreação;4;8;não avaliado;0;0;10;15;15;0
124;40;média;894;LU;Poconé;Amarelo;26;Baixo;Contenção de rejeitos de mineração;0;6;não avaliado;0;15;10;0;15;0
125;40;média;27897;MOCOTÓ;Poconé;Amarelo;26;Baixo;Contenção de rejeitos de mineração;0;5;não avaliado;0;15;10;0;15;0
126;40;média;29383;Mineração Livramento;Nossa Senhora do Livramento;Amarelo;27;Baixo;Contenção de rejeitos de mineração;0;5;não avaliado;0;15;10;0;15;0
127;40;média;30135;NSL 01;Nossa Senhora do Livramento;Amarelo;21;Baixo;Contenção de rejeitos de mineração;0;5;não avaliado;0;15;10;0;15;0
128;40;média;4931;PCH Casca II - B01 - CASCA I;Chapada dos Guimarães;Amarelo;15;Baixo;Hidroelétrica;6;8;sim;0;0;10;15;15;0
129;40;média;20618;PCH Casca II - B02 - Ponte Alta;Chapada dos Guimarães;Amarelo;15;Baixo;Hidroelétrica;6;8;sim;0;0;10;15;15;0
130;40;média;20617;PCH Casca III - Casca III;Chapada dos Guimarães;Amarelo;18;Baixo;Hidroelétrica;6;6;sim;0;0;10;15;15;0
131;40;média;27623;PURO OURO;Cuiabá;Amarelo;15;Baixo;Contenção de rejeitos de mineração;0;5;não avaliado;0;15;10;0;15;0
132;40;média;31561;Prefeitura Municipal de Lucas do Rio Verde;Lucas do Rio Verde;Amarelo;21;Baixo;Irrigação;3;8;não avaliado;0;0;10;15;15;0
133;40;média;5751;Prefeitura de LUCAS DO RIO VERDE;Lucas do Rio Verde;Amarelo;18;Não Classificado;Paisagismo;5;8;não avaliado;0;0;10;15;15;0
134;40;média;36607;Primavera;Nossa Senhora do Livramento;Amarelo;21;Baixo;Contenção de rejeitos de mineração;0;5;não avaliado;0;15;10;0;15;0
135;40;média;5458;RODUÍ II;Poconé;Amarelo;26;Baixo;Contenção de rejeitos de mineração;0;5;não avaliado;0;15;10;0;15;0
136;40;média;27628;TARUMÃ II;Poconé;Amarelo;28;Baixo;Contenção de rejeitos de mineração;0;5;não avaliado;0;15;10;0;15;0
137;40;média;27898;VCS;Poconé;Amarelo;26;Baixo;Contenção de rejeitos de mineração;0;5;não avaliado;0;15;10;0;15;0
138;40;média;36582;Árica;Cuiabá;Amarelo;13;Baixo;Contenção de rejeitos de mineração;0;5;não avaliado;0;15;10;0;15;0
139;37;média;31563;BARRAGEM URUTAU;Barra do Garças;Verde;8;Alto;Irrigação;0;8;não avaliado;20;0;2;0;15;0
140;37;média;34694;Barragem Rios Psicultura;Tangará da Serra;Verde;13;Alto;Aquicultura;0;8;não avaliado;20;0;2;0;15;0
141;37;média;5097;PCH Bocaiúva - PCH Bocaiúva;Brasnorte;Verde;5;Alto;Hidroelétrica;0;6;não avaliado;20;0;2;0;15;0
142;37;média;4172;PCH Garganta da Jararaca - Garganta da Jararaca;Nova Maringá;Verde;5;Alto;Hidroelétrica;0;6;não avaliado;20;0;2;0;15;0
143;37;média;20457;PCH Graça Brennand (Antiga Terra Santa)  - Dique Graça Brennand;Tangará da Serra;Verde;7;Alto;Hidroelétrica;0;6;não avaliado;20;0;2;0;15;0
144;37;média;4297;PCH Graça Brennand (Antiga Terra Santa)  - Graça Brennand;Tangará da Serra;Verde;7;Alto;Hidroelétrica;0;6;não avaliado;20;0;2;0;15;0
145;37;média;4278;PCH Inxú - S/N;Nova Maringá;Verde;7;Alto;Hidroelétrica;0;8;não avaliado;20;0;2;0;15;0
146;37;média;34064;PCH Jesuíta - PCH Jesuíta;Sapezal;Verde;7;Alto;Hidroelétrica;0;8;não avaliado;20;0;2;0;15;0
147;37;média;4682;PCH Juína - Barragem da PCH Juína;Juína;Verde;6;Alto;Hidroelétrica;0;6;não avaliado;20;0;2;0;15;0
148;37;média;4410;PCH Pampeana - Pampeana;Tangará da Serra;Verde;7;Alto;Hidroelétrica;0;6;não avaliado;20;0;2;0;15;0
149;37;média;4257;PCH Primavera - Primavera;Poxoréu;Verde;4;Alto;Hidroelétrica;0;5;não avaliado;20;0;2;0;15;0
150;37;média;4350;PCH Riacho Preto - PCH RIACHO PRETO;Querência;Verde;5;Alto;Hidroelétrica;0;6;não avaliado;20;0;2;0;15;0
151;37;média;5054;PCH Sapezal - Principal;Sapezal;Verde;7;Alto;Hidroelétrica;0;5;não avaliado;20;0;2;0;15;0
152;37;média;4313;PCH Segredo - Barramento PCH Segredo;Sapezal;Verde;7;Alto;Hidroelétrica;0;5;não avaliado;20;0;2;0;15;0
153;37;média;4519;PCH São Lourenço (Antiga Zé Fernando) - São Lourenço;Juscimeira;Verde;5;Alto;Hidroelétrica;0;5;não avaliado;20;0;2;0;15;0
154;37;média;4814;UHE Colíder - Colíder;Nova Canaã do Norte;Verde;4;Alto;Hidroelétrica;0;6;não avaliado;20;0;2;0;15;0
155;37;média;20613;UHE Itiquira (Casas de Forças  I e  II)  - Canal de Adução I;Itiquira;Verde;6;Alto;Hidroelétrica;0;6;não avaliado;20;0;2;0;15;0
156;37;média;20612;UHE Itiquira (Casas de Forças  I e  II)  - Dique da Câmara de Carga do Circuito I;Itiquira;Verde;6;Alto;Hidroelétrica;0;6;não avaliado;20;0;2;0;15;0
157;37;média;4723;UHE Itiquira (Casas de Forças  I e  II)  - Itiquira;Itiquira;Verde;6;Alto;Hidroelétrica;0;6;não avaliado;20;0;2;0;15;0
158;37;média;4642;UHE Juba I - Juba I;Tangará da Serra;Verde;7;Alto;Hidroelétrica;0;6;não avaliado;20;0;2;0;15;0
159;37;média;34233;UHE Juruena - Barragem UHE Juruena;Sapezal;Verde;6;Alto;Hidroelétrica;0;8;não avaliado;20;0;2;0;15;0
160;37;média;4946;UHE Ponte de Pedra - Barragem Principal;Itiquira;Verde;6;Alto;Hidroelétrica;0;6;não avaliado;20;0;2;0;15;0
161;37;média;20480;UHE Ponte de Pedra - Canal de Adução;Itiquira;Verde;6;Alto;Hidroelétrica;0;6;não avaliado;20;0;2;0;15;0
162;37;média;20653;UHE Sinop - Sinop;Cláudia;Verde;5;Alto;Hidroelétrica;0;6;não avaliado;20;0;2;0;15;0
163;37;média;5056;UHE São Manoel - 1;Paranaíta;Verde;5;Alto;Hidroelétrica;0;6;não avaliado;20;0;2;0;15;0
164;34;média;35637;BA-01;Nossa Senhora do Livramento;Amarelo;22;Baixo;Industrial;2;8;sim;0;0;10;9;15;0
165;34;média;34732;BARRAGEM 1;Cuiabá;Amarelo;20;Baixo;Paisagismo;2;8;sim;0;0;10;9;15;0
166;34;média;34733;BARRAGEM 2 SUPERIOR;Cuiabá;Amarelo;19;Baixo;Paisagismo;2;8;sim;0;0;10;9;15;0
167;34;média;34734;BARRAGEM 3;Cuiabá;Amarelo;21;Baixo;Paisagismo;2;8;sim;0;0;10;9;15;0
168;34;média;35000;Barragem 01 - Fazenda 3 Irmãos;Cuiabá;Amarelo;21;Baixo;Aquicultura;2;8;sim;0;0;10;9;15;0
169;34;média;32398;Barragem 02 – Fazenda 3 Irmãos;Cuiabá;Amarelo;21;Baixo;Aquicultura;2;8;sim;0;0;10;9;15;0
170;34;média;32421;Barragem 03 – Fazenda 3 Irmãos;Cuiabá;Amarelo;21;Médio;Aquicultura;2;8;sim;0;0;10;9;15;0
171;34;média;34731;Barragem 2  Principal;Cuiabá;Amarelo;21;Baixo;Paisagismo;2;8;sim;0;0;10;9;15;0
172;34;média;36532;Barragem Gran Fish - Jusante;Nova Marilândia;Amarelo;21;Baixo;Aquicultura;1;8;não avaliado;0;0;10;9;15;0
173;34;média;36533;Barragem Gran Fish – Montante;Nova Marilândia;Amarelo;21;Baixo;Aquicultura;1;8;não avaliado;0;0;10;9;15;0
174;34;média;36689;Barragem I - Fazenda Pouso da Garça;Cuiabá;Amarelo;20;Baixo;Paisagismo;2;8;sim;0;0;10;9;15;0
175;34;média;36690;Barragem II - Fazenda Pouso da Garça;Cuiabá;Amarelo;20;Baixo;Paisagismo;2;8;sim;0;0;10;9;15;0
176;34;média;36691;Barragem III - Fazenda Pouso da Garça;Cuiabá;Amarelo;20;Baixo;Paisagismo;2;8;sim;0;0;10;9;15;0
177;34;média;31578;Barragem Taguá;Cuiabá;Amarelo;20;Baixo;Dessedentação Animal;2;8;sim;0;0;10;9;15;0
178;34;média;33960;Barramento 1 - Mangaba Urbanismo LTDA;Cuiabá;Amarelo;19;Baixo;Paisagismo;2;8;sim;0;0;10;9;15;0
179;34;média;36517;Barramento 2 (Montante);Cuiabá;Amarelo;21;Baixo;Paisagismo;2;8;sim;0;0;10;9;15;0
180;34;média;33355;Barramento 2 - Mangaba Urbanismo LTDA;Cuiabá;Amarelo;19;Baixo;Paisagismo;2;8;sim;0;0;10;9;15;0
181;34;média;36516;Barramento 3;Cuiabá;Amarelo;22;Baixo;Paisagismo;2;8;sim;0;0;10;9;15;0
182;34;média;35136;Barramento 4;Cuiabá;Amarelo;21;Baixo;Paisagismo;2;8;sim;0;0;10;9;15;0
183;34;média;35182;Barramento 5;Cuiabá;Amarelo;23;Baixo;Paisagismo;2;8;sim;0;0;10;9;15;0
184;34;média;35181;Barramento 6;Cuiabá;Amarelo;23;Baixo;Paisagismo;2;8;sim;0;0;10;9;15;0
185;34;média;35180;Barramento 7;Cuiabá;Amarelo;23;Baixo;Paisagismo;2;8;sim;0;0;10;9;15;0
186;34;média;35027;Barramento ? Fazenda Jardim;Cuiabá;Amarelo;21;Baixo;Irrigação;2;8;sim;0;0;10;9;15;0
187;34;média;34039;CGH Fazenda Dois Irmãos - Córrego Seixas - Fazenda Dois Irmãos;Conquista D'Oeste;Amarelo;20;Baixo;Hidroelétrica;2;8;não avaliado;0;0;10;9;15;0
188;34;média;34043;CGH Saxão - principal;Nova Lacerda;Amarelo;20;Baixo;Hidroelétrica;1;8;não avaliado;0;0;10;9;15;0
189;34;média;20141;Chapéu do Sol;Várzea Grande;Amarelo;21;Baixo;Aquicultura;2;8;sim;0;0;10;9;15;0
190;34;média;20754;Fazenda 3 irmãos;Cuiabá;Amarelo;19;Baixo;Aquicultura;2;8;sim;0;0;10;9;15;0
191;34;média;26534;Fazenda KM;Cuiabá;Amarelo;19;Baixo;Abastecimento humano;2;8;sim;0;0;10;9;15;0
192;34;média;31620;Loteamento Brisas do Campo;Cuiabá;Amarelo;21;Baixo;Recreação;2;8;sim;0;0;10;9;15;0
193;34;média;32445;Mangaba e Aterrado;Cuiabá;Amarelo;20;Baixo;Regularização de vazão;2;8;sim;0;0;10;9;15;0
194;34;média;32261;Represa da Estrada;Cuiabá;Amarelo;21;Médio;Aquicultura;2;8;sim;0;0;10;9;15;0
195;34;média;31954;SS RANCH;Cuiabá;Amarelo;21;Médio;Regularização de vazão;2;6;sim;0;0;10;9;15;0
196;34;média;26538;Sitio Pirapora;Nossa Senhora do Livramento;Amarelo;22;Baixo;Aquicultura;2;8;sim;0;0;10;9;15;0
197;32;média;21945;ARENAL;Aripuanã;Verde;10;Baixo;Contenção de rejeitos de mineração;0;5;não avaliado;0;15;2;0;15;0
198;32;média;20335;Alain II;Poconé;Amarelo;20;Médio;Contenção de rejeitos de mineração;0;2;não avaliado;0;15;10;0;7;0
199;32;média;21944;Alvo Crente;Paranaíta;Verde;10;Baixo;Contenção de rejeitos de mineração;0;5;não avaliado;0;15;2;0;15;0
200;32;média;8002;BACIA DE REJEITOS BOM JARDIM;Poconé;Amarelo;20;Médio;Contenção de rejeitos de mineração;0;3;não avaliado;0;15;10;0;7;0
201;32;média;8003;BACIA DE REJEITOS SÃO BENTO;Poconé;Amarelo;26;Médio;Contenção de rejeitos de mineração;0;3;não avaliado;0;15;10;0;7;0
202;32;média;27620;BARRAGEM DE MINERAÇÃO;Nossa Senhora do Livramento;Verde;17;Baixo;Contenção de rejeitos de mineração;0;5;não avaliado;0;15;2;0;15;0
203;32;média;35611;BARRAGEM DE MINERAÇÃO HUMBERTO;Nossa Senhora do Livramento;Verde;13;Baixo;Contenção de rejeitos de mineração;0;5;não avaliado;0;15;2;0;15;0
204;32;média;31358;BARRAGEM DE REJEITO NORMA;Poconé;Verde;17;Baixo;Contenção de rejeitos de mineração;0;5;não avaliado;0;15;2;0;15;0
205;32;média;35573;BARRAGEM DO POÇO;Pontes e Lacerda;Verde;18;Baixo;Industrial;3;5;não avaliado;0;0;2;15;15;0
206;32;média;29888;BARRAGEM FAZENDA PANFLORA;Rosário Oeste;Verde;16;Não Classificado;Dessedentação Animal;3;6;sim;0;0;2;15;15;0
207;32;média;37433;BARRAGEM PICOLÉ;Nossa Senhora do Livramento;Verde;10;Baixo;Contenção de rejeitos de mineração;0;5;não avaliado;0;15;2;0;15;0
208;32;média;31468;BARRAGEM PRINCIPAL;Sorriso;Verde;15;Baixo;Irrigação;6;8;não avaliado;0;0;2;15;15;0
209;32;média;1279;BARRAGEM T01;Poconé;Amarelo;20;Médio;Contenção de rejeitos de mineração;0;2;não avaliado;0;15;10;0;7;0
210;32;média;5794;BARRAGEM T02;Cuiabá;Amarelo;16;Médio;Contenção de rejeitos de mineração;0;2;não avaliado;0;15;10;0;7;0
211;32;média;35177;BARRAMENTO PRINCIPAL FAZ. REUNIDAS SÃO ROBERTO;Vera;Verde;15;Baixo;Recreação;5;8;não avaliado;0;0;2;15;15;0
212;32;média;582;BOM PASTOR;Poconé;Verde;12;Baixo;Contenção de rejeitos de mineração;0;5;não avaliado;0;15;2;0;15;0
213;32;média;21927;BR BRASÃO;Nossa Senhora do Livramento;Amarelo;22;Baixo;Contenção de rejeitos de mineração;0;3;não avaliado;0;15;10;0;7;0
214;32;média;5477;BR ISMAEL;Poconé;Amarelo;26;Baixo;Contenção de rejeitos de mineração;0;3;não avaliado;0;15;10;0;7;0
215;32;média;27570;BR ÁGUIA DO SOL;Santo Antônio de Leverger;Verde;13;Baixo;Contenção de rejeitos de mineração;0;5;não avaliado;0;15;2;0;15;0
216;32;média;28934;BR02;Nossa Senhora do Livramento;Amarelo;28;Baixo;Contenção de rejeitos de mineração;0;3;não avaliado;0;15;10;0;7;0
217;32;média;26158;BRITO;Nossa Senhora do Livramento;Verde;17;Baixo;Contenção de rejeitos de mineração;0;5;não avaliado;0;15;2;0;15;0
218;32;média;21948;Bacia de Decantação S1;Nossa Senhora do Livramento;Verde;17;Baixo;Contenção de sedimentos de mineração;0;5;não avaliado;0;15;2;0;15;0
219;32;média;1265;Bacia de Rejeitos;Nossa Senhora do Livramento;Amarelo;37;Baixo;Contenção de rejeitos de mineração;0;3;não avaliado;0;15;10;0;7;0
220;32;média;35193;Barragem - Fazenda Jaçanã;Vera;Verde;15;Baixo;Paisagismo;4;8;não avaliado;0;0;2;15;15;0
221;32;média;23798;Barragem 01;Poconé;Amarelo;20;Médio;Contenção de rejeitos de mineração;0;2;não avaliado;0;15;10;0;7;0
222;32;média;23799;Barragem 02;Poconé;Amarelo;20;Médio;Contenção de rejeitos de mineração;0;2;não avaliado;0;15;10;0;7;0
223;32;média;28709;Barragem 1;Ipiranga do Norte;Verde;12;Baixo;Irrigação;5;8;não avaliado;0;0;2;15;15;0
224;32;média;20139;Barragem 2;Sorriso;Verde;15;Baixo;Irrigação;5;8;não avaliado;0;0;2;15;15;0
225;32;média;338;Barragem A2;Nova Ubiratã;Verde;14;Baixo;Irrigação;4;8;não avaliado;0;0;2;15;15;0
226;32;média;26130;Barragem B1;Nossa Senhora do Livramento;Verde;10;Baixo;Contenção de rejeitos de mineração;0;5;não avaliado;0;15;2;0;15;0
227;32;média;8035;Barragem Caititu;Sorriso;Verde;14;Baixo;Irrigação;6;8;não avaliado;0;0;2;15;15;0
228;32;média;21950;Barragem Candonga;Nossa Senhora do Livramento;Verde;17;Baixo;Contenção de rejeitos de mineração;0;5;não avaliado;0;15;2;0;15;0
229;32;média;31709;Barragem Chácara nº 270;Sinop;Verde;16;Médio;Recreação;3;7;não avaliado;0;0;2;15;15;0
230;32;média;35537;Barragem Fazenda Barreiro III;Sorriso;Verde;15;Baixo;Irrigação;5;6;não avaliado;0;0;2;15;15;0
231;32;média;36471;Barragem Fazenda Campina do Sul;Tapurah;Verde;14;Não Classificado;Dessedentação Animal;3;6;não avaliado;0;0;2;15;15;0
232;32;média;31744;Barragem Fazenda Nossa Senhora Salete;Vera;Verde;15;Baixo;Irrigação;5;6;não avaliado;0;0;2;15;15;0
233;32;média;34712;Barragem I - Fazenda Lucion;Vera;Verde;15;Baixo;Irrigação;5;8;não avaliado;0;0;2;15;15;0
234;32;média;5873;Barragem I - Fazenda Militância I;Vera;Verde;15;Baixo;Irrigação;5;8;não avaliado;0;0;2;15;15;0
235;32;média;30908;Barragem I - Fazenda Nandico;Vera;Verde;15;Baixo;Irrigação;5;8;não avaliado;0;0;2;15;15;0
236;32;média;19988;Barragem I - Fazenda Santa Ernestina I;Sorriso;Verde;13;Baixo;Irrigação;6;8;não avaliado;0;0;2;15;15;0
237;32;média;32441;Barragem I - Fazenda Vedana;Vera;Verde;15;Baixo;Irrigação;3;8;não avaliado;0;0;2;15;15;0
238;32;média;31648;Barragem I Fazenda Santana;Sorriso;Verde;15;Baixo;Irrigação;6;8;não avaliado;0;0;2;15;15;0
239;32;média;34857;Barragem I Jangada Agropastoril;Jangada;Verde;17;Médio;Irrigação;3;8;sim;0;0;2;15;15;0
240;32;média;19995;Barragem IMA;Sorriso;Verde;13;Baixo;Irrigação;6;8;não avaliado;0;0;2;15;15;0
241;32;média;21954;Barragem Magrini;Poconé;Verde;19;Baixo;Contenção de rejeitos de mineração;0;6;não avaliado;0;15;2;0;15;0
242;32;média;27627;Barragem Novo Astro;Nova Bandeirantes;Verde;18;Baixo;Contenção de rejeitos de mineração;0;5;não avaliado;0;15;2;0;15;0
243;32;média;34737;Barragem PM1;Juruena;Verde;9;Baixo;Contenção de rejeitos de mineração;0;5;não avaliado;0;15;2;0;15;0
244;32;média;35227;Barragem Principal - Fazenda Juliana;Sorriso;Verde;15;Baixo;Paisagismo;6;8;não avaliado;0;0;2;15;15;0
245;32;média;32031;Barragem Rejeito Max 2;Nossa Senhora do Livramento;Verde;15;Baixo;Contenção de rejeitos de mineração;0;5;não avaliado;0;15;2;0;15;0
246;32;média;8014;Barragem Salinas 1;Nossa Senhora do Livramento;Verde;12;Baixo;Contenção de rejeitos de mineração;0;5;não avaliado;0;15;2;0;15;0
247;32;média;35256;Barragem São Miguel;Sorriso;Verde;15;Baixo;Irrigação;7;8;não avaliado;0;0;2;15;15;0
248;32;média;7996;Barragem T05;Poconé;Verde;15;Baixo;Contenção de rejeitos de mineração;0;5;não avaliado;0;15;2;0;15;0
249;32;média;7995;Barragem T06;Poconé;Verde;11;Baixo;Contenção de rejeitos de mineração;0;5;não avaliado;0;15;2;0;15;0
250;32;média;22006;Barragem T09;Nossa Senhora do Livramento;Verde;12;Baixo;Contenção de rejeitos de mineração;0;5;não avaliado;0;15;2;0;15;0
251;32;média;35103;Barragem Tamboril I;Pontes e Lacerda;Verde;18;Baixo;Dessedentação Animal;3;8;não avaliado;0;0;2;15;15;0
252;32;média;35104;Barragem Tamboril II;Pontes e Lacerda;Verde;18;Baixo;Dessedentação Animal;3;8;não avaliado;0;0;2;15;15;0
253;32;média;26239;Barragem Torio 01;Paranaíta;Verde;10;Baixo;Contenção de rejeitos de mineração;0;5;não avaliado;0;15;2;0;15;0
254;32;média;32390;Barragem VERA;Poconé;Verde;12;Baixo;Contenção de rejeitos de mineração;0;5;não avaliado;0;15;2;0;15;0
255;32;média;35102;Barragem XVII;Nossa Senhora do Livramento;Verde;17;Baixo;Aquicultura;3;8;sim;0;0;2;15;15;0
256;32;média;29382;Barragem de Rejeito - Mineração Ouro Fino;Nossa Senhora do Livramento;Verde;18;Baixo;Contenção de rejeitos de mineração;0;5;não avaliado;0;15;2;0;15;0
257;32;média;574;Barragem de Rejeito 01;Nossa Senhora do Livramento;Amarelo;31;Baixo;Contenção de rejeitos de mineração;0;3;não avaliado;0;15;10;0;7;0
258;32;média;35082;Barragem de Rejeito 01;Nossa Senhora do Livramento;Amarelo;25;Baixo;Contenção de rejeitos de mineração;0;3;não avaliado;0;15;10;0;7;0
259;32;média;29380;Barragem de Rejeito Capim Gold 2;Nossa Senhora do Livramento;Verde;10;Baixo;Contenção de rejeitos de mineração;0;5;não avaliado;0;15;2;0;15;0
260;32;média;26145;Barragem de Rejeitos SB 02;Poconé;Amarelo;26;Baixo;Contenção de rejeitos de mineração;0;3;não avaliado;0;15;10;0;7;0
261;32;média;5648;Barragem do Serginho;Nossa Senhora do Livramento;Amarelo;27;Médio;Contenção de rejeitos de mineração;0;3;não avaliado;0;15;10;0;7;0
262;32;média;31633;Barragem na Fazenda Remanso I;Sinop;Verde;16;Baixo;Paisagismo;3;8;não avaliado;0;0;2;15;15;0
263;32;média;31228;Barragem na Fazenda dos Sonhos;Alto Araguaia;Verde;12;Baixo;Dessedentação Animal;3;8;não avaliado;0;0;2;15;15;0
264;32;média;31656;Barragerm Chácara nº269;Sinop;Verde;16;Médio;Recreação;3;7;não avaliado;0;0;2;15;15;0
265;32;média;35390;Barramento - Fazenda Rancho Alegre;Vila Bela da Santíssima Trindade;Verde;15;Baixo;Aquicultura;3;8;não avaliado;0;0;2;15;15;0
266;32;média;35461;Barramento - Fazenda Santo Antônio;Sorriso;Verde;15;Baixo;Irrigação;6;8;não avaliado;0;0;2;15;15;0
267;32;média;34025;Barramento 01 (Montante) São Cristóvão;Sorriso;Verde;15;Baixo;Aquicultura;6;8;não avaliado;0;0;2;15;15;0
268;32;média;20070;Barramento 02 (Montante) - São Cristóvão;Sorriso;Verde;15;Médio;Aquicultura;6;8;não avaliado;0;0;2;15;15;0
269;32;média;35272;Barramento 02 Fazenda Água Azul;Sorriso;Verde;15;Baixo;Irrigação;6;8;não avaliado;0;0;2;15;15;0
270;32;média;34024;Barramento 3-  São Cristóvão;Sorriso;Verde;15;Médio;Aquicultura;6;8;não avaliado;0;0;2;15;15;0
271;32;média;36511;Barramento Fazenda Cascata e Cascata II;Sorriso;Verde;15;Baixo;Paisagismo;6;8;não avaliado;0;0;2;15;15;0
272;32;média;31632;Barramento Fazenda Remanso II;Sinop;Verde;16;Baixo;Paisagismo;3;8;não avaliado;0;0;2;15;15;0
273;32;média;8050;Barramento Fazenda Rodeio;Sorriso;Verde;17;Baixo;Irrigação;6;8;não avaliado;0;0;2;15;15;0
274;32;média;31665;Barramento Fazenda Sossego 2;Nova Mutum;Verde;18;Baixo;Irrigação;3;8;não avaliado;0;0;2;15;15;0
275;32;média;35534;Barramento Fazenda Água Azul II;Sorriso;Verde;15;Baixo;Irrigação;6;8;não avaliado;0;0;2;15;15;0
276;32;média;35391;Barramento II (Montante) - Fazenda Rancho Alegre;Vila Bela da Santíssima Trindade;Verde;15;Baixo;Paisagismo;3;8;não avaliado;0;0;2;15;15;0
277;32;média;31000;Barramento II - Fazenda Cabeceira;Ipiranga do Norte;Verde;13;Baixo;Irrigação;5;8;não avaliado;0;0;2;15;15;0
278;32;média;28620;Barramento II - Fazenda Cascata;Ipiranga do Norte;Verde;18;Médio;Irrigação;3;8;não avaliado;0;0;2;15;15;0
279;32;média;35477;Barramento III - Fazenda São José I;Rosário Oeste;Verde;14;Baixo;Aquicultura;5;8;sim;0;0;2;15;15;0
280;32;média;35130;Barramento MONTANTE;Sorriso;Verde;15;Baixo;Recreação;6;8;não avaliado;0;0;2;15;15;0
281;32;média;35131;Barramento MONTANTE 2;Sorriso;Verde;15;Baixo;Recreação;6;8;não avaliado;0;0;2;15;15;0
282;32;média;35230;Barramento Montante - Fazenda Juliana;Sorriso;Verde;15;Baixo;Paisagismo;6;8;não avaliado;0;0;2;15;15;0
283;32;média;35128;Barramento PRINCIPAL;Sorriso;Verde;15;Baixo;Recreação;6;8;não avaliado;0;0;2;15;15;0
284;32;média;8043;Barramento Sede;Sorriso;Verde;15;Baixo;Paisagismo;5;8;não avaliado;0;0;2;15;15;0
285;32;média;34590;Barramento a montante 2;Vera;Verde;15;Baixo;Irrigação;5;8;não avaliado;0;0;2;15;15;0
286;32;média;34589;Barrametno a montante 2;Vera;Verde;15;Baixo;Irrigação;5;8;não avaliado;0;0;2;15;15;0
287;32;média;8001;CAMPOS;Poconé;Verde;11;Baixo;Contenção de rejeitos de mineração;0;5;não avaliado;0;15;2;0;15;0
288;32;média;304;CARLOS ALBERTO CAPELETTI - FAZENDA TOLEDO;Tapurah;Verde;16;Baixo;Irrigação;7;8;não avaliado;0;0;2;15;15;0
289;32;média;29387;CATARINO;Poconé;Verde;17;Baixo;Contenção de rejeitos de mineração;0;5;não avaliado;0;15;2;0;15;0
290;32;média;34184;CGH Agromar - BARRAMENTO 1;Diamantino;Verde;12;Baixo;Hidroelétrica;4;8;não avaliado;0;0;2;15;15;0
291;32;média;24104;CGH Alto Garças - ALTO GARÇAS;Alto Araguaia;Verde;11;Baixo;Hidroelétrica;3;8;não avaliado;0;0;2;15;15;0
292;32;média;24105;CGH Araguaia - ARAGUAIA;Alto Araguaia;Verde;11;Baixo;Hidroelétrica;3;8;não avaliado;0;0;2;15;15;0
293;32;média;24106;CGH Araguainha - ARAGUAINHA;Alto Araguaia;Verde;11;Baixo;Hidroelétrica;3;8;não avaliado;0;0;2;15;15;0
294;32;média;20472;CGH Buritizal - NÃO POSSUI BARRAMENTO, DERIVAÇÃO LATERAL DIRETA;São José do Rio Claro;Verde;14;Baixo;Hidroelétrica;3;8;não avaliado;0;0;2;15;15;0
295;32;média;35025;CGH DUAS PONTES - Barramento Duas Pontes;Nova Maringá;Verde;13;Baixo;Hidroelétrica;3;8;não avaliado;0;0;2;15;15;0
296;32;média;34130;CGH Fazenda Sao Jose I - Sorriso - BARRAGEM - FAZ. SÃO JOSÉ;Sorriso;Verde;15;Baixo;Hidroelétrica;6;8;não avaliado;0;0;2;15;15;0
297;32;média;34135;CGH ITAUBÁ - USINA;Itaúba;Verde;12;Baixo;Hidroelétrica;3;8;não avaliado;0;0;2;15;15;0
298;32;média;787;CHICO;Poconé;Verde;17;Baixo;Contenção de rejeitos de mineração;0;6;não avaliado;0;15;2;0;15;0
299;32;média;26629;DIEGO;Poconé;Verde;13;Baixo;Contenção de rejeitos de mineração;0;6;não avaliado;0;15;2;0;15;0
300;32;média;22011;Davi;Poconé;Amarelo;26;Médio;Contenção de rejeitos de mineração;0;3;não avaliado;0;15;10;0;7;0
301;32;média;8007;Destilaria de Álcool Libra LTDA;São José do Rio Claro;Verde;14;Baixo;Industrial;3;8;não avaliado;0;0;2;15;15;0
302;32;média;33406;Estrela de Fogo;Sorriso;Verde;15;Baixo;Irrigação;5;8;não avaliado;0;0;2;15;15;0
303;32;média;27940;Estância 2R - Retiro Vista Alegre;Rosário Oeste;Verde;16;Baixo;Dessedentação Animal;3;8;sim;0;0;2;15;15;0
304;32;média;8042;FAZ. CEOLATTO;Sorriso;Verde;13;Baixo;Irrigação;6;8;não avaliado;0;0;2;15;15;0
305;32;média;295;FAZENDA CAROL I, II e III - Barragem II;Sorriso;Verde;16;Baixo;Irrigação;6;8;não avaliado;0;0;2;15;15;0
306;32;média;20032;FAZENDA CASCATA;Sorriso;Verde;14;Não Classificado;Irrigação;6;8;não avaliado;0;0;2;15;15;0
307;32;média;20035;FAZENDA JABORANDI;Sorriso;Verde;15;Não Classificado;Irrigação;6;8;não avaliado;0;0;2;15;15;0
308;32;média;35608;FAZENDA JAÇANÃ - RESERVATÓRIO PULMÃO;Vera;Verde;15;Baixo;Irrigação;4;8;não avaliado;0;0;2;15;15;0
309;32;média;294;FAZENDA LUIZ EDUARDO I e II;Sorriso;Verde;14;Baixo;Irrigação;6;8;não avaliado;0;0;2;15;15;0
310;32;média;305;FAZENDA MEU PEDAÇO;Sorriso;Verde;13;Baixo;Irrigação;5;8;não avaliado;0;0;2;15;15;0
311;32;média;306;FAZENDA POTRICH;Sorriso;Verde;15;Baixo;Irrigação;6;8;não avaliado;0;0;2;15;15;0
312;32;média;20036;FAZENDA RINCÃO FLORIDO;Ipiranga do Norte;Verde;14;Não Classificado;Irrigação;5;8;não avaliado;0;0;2;15;15;0
313;32;média;22043;FRANCÊS;Poconé;Amarelo;20;Médio;Contenção de rejeitos de mineração;0;2;não avaliado;0;15;10;0;7;0
314;32;média;8022;Faz. Bogorni;Ipiranga do Norte;Verde;13;Baixo;Irrigação;5;8;não avaliado;0;0;2;15;15;0
315;32;média;7994;Faz. Cabeça Branca - Barragem 01;Nossa Senhora do Livramento;Verde;15;Baixo;Aquicultura;3;8;sim;0;0;2;15;15;0
316;32;média;20177;Faz. Carvalho;Nobres;Verde;16;Baixo;Aquicultura;6;8;sim;0;0;2;15;15;0
317;32;média;20214;Faz. Chapadão Verde;Sorriso;Verde;14;Não Classificado;Aquicultura;6;8;não avaliado;0;0;2;15;15;0
318;32;média;8009;Faz. Dona Leila - Reservatório 12;Rosário Oeste;Verde;15;Baixo;Aquicultura;3;8;sim;0;0;2;15;15;0
319;32;média;8010;Faz. Dona Leila - Reservatório 13;Rosário Oeste;Verde;15;Baixo;Aquicultura;3;8;sim;0;0;2;15;15;0
320;32;média;8024;Faz. Guarantã - Lotes 21, 22 e 23;Tapurah;Verde;14;Baixo;Irrigação;7;8;não avaliado;0;0;2;15;15;0
321;32;média;20078;Faz. Karnoski;Nova Mutum;Verde;14;Baixo;Aquicultura;8;8;não avaliado;0;0;2;15;15;0
322;32;média;8023;Faz. Mafra - Barragem 01;Nova Mutum;Verde;14;Baixo;Irrigação;3;8;não avaliado;0;0;2;15;15;0
323;32;média;8027;Faz. Mafra - Barragem 02;Nova Mutum;Verde;14;Baixo;Irrigação;3;8;não avaliado;0;0;2;15;15;0
324;32;média;8019;Faz. Mafra - Barragem 03;Nova Mutum;Verde;13;Baixo;Irrigação;4;8;não avaliado;0;0;2;15;15;0
325;32;média;20213;Faz. Mata Velha;Tapurah;Verde;14;Baixo;Irrigação;3;8;não avaliado;0;0;2;15;15;0
326;32;média;8039;Faz. Paraíso;Sorriso;Verde;13;Baixo;Irrigação;6;8;não avaliado;0;0;2;15;15;0
327;32;média;8038;Faz. Pinheiros;Sorriso;Verde;14;Baixo;Irrigação;6;8;não avaliado;0;0;2;15;15;0
328;32;média;8015;Faz. Porta do Céu;Nova Mutum;Verde;14;Baixo;Irrigação;3;8;não avaliado;0;0;2;15;15;0
329;32;média;8018;Faz. Propecus - Lagoa 02;Nova Mutum;Verde;14;Baixo;Irrigação;3;8;não avaliado;0;0;2;15;15;0
330;32;média;8020;Faz. Propecus - Lagoa 04;Nova Mutum;Verde;14;Baixo;Irrigação;3;8;não avaliado;0;0;2;15;15;0
331;32;média;19946;Faz. Toledo;Tapurah;Verde;15;Baixo;Irrigação;7;8;não avaliado;0;0;2;15;15;0
332;32;média;20077;Faz. Três Pinheiros;Santa Rita do Trivelato;Verde;13;Baixo;Irrigação;6;8;não avaliado;0;0;2;15;15;0
333;32;média;36407;Fazenda Alegria - Reservatório Pulmão  I;Sorriso;Verde;14;Não Classificado;Irrigação;6;8;não avaliado;0;0;2;15;15;0
334;32;média;32150;Fazenda Alvorada III;Sinop;Verde;15;Baixo;Irrigação;3;8;não avaliado;0;0;2;15;15;0
335;32;média;20137;Fazenda Arara Azul;Itaúba;Verde;15;Baixo;Aquicultura;3;8;não avaliado;0;0;2;15;15;0
336;32;média;37452;Fazenda Atlântica - Araras;Vera;Verde;13;Baixo;Irrigação;4;8;não avaliado;0;0;2;15;15;0
337;32;média;335;Fazenda Barreiro;Sorriso;Verde;13;Baixo;Irrigação;5;8;não avaliado;0;0;2;15;15;0
338;32;média;8054;Fazenda Bela Vista II;Vera;Verde;19;Baixo;Irrigação;5;8;não avaliado;0;0;2;15;15;0
339;32;média;36499;Fazenda Buriti  - Barramento Montante 1;Nova Mutum;Verde;17;Baixo;Aquicultura;4;8;não avaliado;0;0;2;15;15;0
340;32;média;36498;Fazenda Buriti  - Barramento Principal;Nova Mutum;Verde;17;Baixo;Aquicultura;4;8;não avaliado;0;0;2;15;15;0
341;32;média;36500;Fazenda Buriti ? Barramento Montante 2;Nova Mutum;Verde;17;Baixo;Aquicultura;4;8;não avaliado;0;0;2;15;15;0
342;32;média;388;Fazenda Cabeceira;Ipiranga do Norte;Verde;15;Baixo;Irrigação;5;8;não avaliado;0;0;2;15;15;0
343;32;média;36556;Fazenda Cachoeira II;Sorriso;Verde;13;Baixo;Irrigação;6;8;não avaliado;0;0;2;15;15;0
344;32;média;32064;Fazenda Cafundó - Barramento I;Ipiranga do Norte;Verde;16;Baixo;Irrigação;5;8;não avaliado;0;0;2;15;15;0
345;32;média;8046;Fazenda Capixaba;Sorriso;Verde;15;Médio;Aquicultura;6;8;não avaliado;0;0;2;15;15;0
346;32;média;8053;Fazenda Caravaggio;Sorriso;Verde;13;Baixo;Irrigação;6;8;não avaliado;0;0;2;15;15;0
347;32;média;293;Fazenda Carol I, II e III - Barragem I;Sorriso;Verde;16;Baixo;Irrigação;6;8;não avaliado;0;0;2;15;15;0
348;32;média;37519;Fazenda Confiança (Reservatório 1);Vera;Verde;15;Baixo;Irrigação;5;8;não avaliado;0;0;2;15;15;0
349;32;média;37571;Fazenda Confiança (Reservatório 2);Vera;Verde;15;Baixo;Irrigação;5;8;não avaliado;0;0;2;15;15;0
350;32;média;34760;Fazenda Cristo Rei I – Barramento 04;Tapurah;Verde;18;Baixo;Recreação;3;8;não avaliado;0;0;2;15;15;0
351;32;média;34751;Fazenda Cristo Rei I –Barramento 01;Tapurah;Verde;18;Baixo;Recreação;3;8;não avaliado;0;0;2;15;15;0
352;32;média;35147;Fazenda Curió - Barramento 3;Rosário Oeste;Verde;17;Baixo;Paisagismo;3;8;sim;0;0;2;15;15;0
353;32;média;35150;Fazenda Curió - Barramento I;Rosário Oeste;Verde;17;Médio;Paisagismo;3;8;sim;0;0;2;15;15;0
354;32;média;8040;Fazenda Córrego Grande;Sorriso;Verde;13;Baixo;Irrigação;6;8;não avaliado;0;0;2;15;15;0
355;32;média;334;Fazenda Dal Molin V;Sorriso;Verde;13;Baixo;Irrigação;7;8;não avaliado;0;0;2;15;15;0
356;32;média;21903;Fazenda Del Mar;Sorriso;Verde;13;Baixo;Irrigação;6;8;não avaliado;0;0;2;15;15;0
357;32;média;5490;Fazenda Dona Leila - RESERVATÓRIO 1;Rosário Oeste;Verde;16;Baixo;Aquicultura;3;8;sim;0;0;2;15;15;0
358;32;média;20126;Fazenda Duas Nascentes;Ipiranga do Norte;Verde;15;Baixo;Irrigação;5;8;não avaliado;0;0;2;15;15;0
359;32;média;26229;Fazenda Eduina Teresa;Sorriso;Verde;14;Baixo;Irrigação;5;8;não avaliado;0;0;2;15;15;0
360;32;média;35507;Fazenda Encosta do Varjão I ? Gleba B ?  Barragem I;São José do Rio Claro;Verde;16;Baixo;Recreação;3;8;não avaliado;0;0;2;15;15;0
361;32;média;20071;Fazenda Faccio;Nova Mutum;Verde;14;Baixo;Irrigação;4;8;não avaliado;0;0;2;15;15;0
362;32;média;20037;Fazenda Guri e Guri I;Nova Mutum;Verde;16;Baixo;Irrigação;3;8;não avaliado;0;0;2;15;15;0
363;32;média;337;Fazenda Jaborandi;Sorriso;Verde;15;Baixo;Irrigação;6;8;não avaliado;0;0;2;15;15;0
364;32;média;386;Fazenda Macape;Sorriso;Verde;18;Médio;Irrigação;6;6;não avaliado;0;0;2;15;15;0
365;32;média;8049;Fazenda Marauense;Sorriso;Verde;19;Baixo;Irrigação;6;8;não avaliado;0;0;2;15;15;0
366;32;média;37431;Fazenda Mundo Novo -;Nova Ubiratã;Verde;12;Baixo;Irrigação;6;8;não avaliado;0;0;2;15;15;0
367;32;média;37458;Fazenda Mundo Novo - Reservatório Pulmão 1;Boa Esperança do Norte;Verde;15;Baixo;Irrigação;6;8;não avaliado;0;0;2;15;15;0
368;32;média;27508;Fazenda Nandico;Vera;Verde;13;Baixo;Irrigação;5;8;não avaliado;0;0;2;15;15;0
369;32;média;8062;Fazenda Nossa Senhora Aparecida;Nova Ubiratã;Verde;14;Baixo;Irrigação;4;8;não avaliado;0;0;2;15;15;0
370;32;média;26533;Fazenda Nossa Senhora Aparecida;Nova Ubiratã;Verde;12;Baixo;Irrigação;4;8;não avaliado;0;0;2;15;15;0
371;32;média;22042;Fazenda Nova;Poconé;Verde;13;Baixo;Contenção de rejeitos de mineração;0;5;não avaliado;0;15;2;0;15;0
372;32;média;8058;Fazenda Parauna;Nova Ubiratã;Verde;12;Baixo;Irrigação;4;8;não avaliado;0;0;2;15;15;0
373;32;média;30879;Fazenda Paraúna;Nova Ubiratã;Verde;14;Baixo;Irrigação;4;8;não avaliado;0;0;2;15;15;0
374;32;média;387;Fazenda Pau da Onça;Santa Rita do Trivelato;Verde;12;Baixo;Irrigação;6;8;não avaliado;0;0;2;15;15;0
375;32;média;20006;Fazenda Pluma;Vera;Verde;13;Baixo;Irrigação;4;8;não avaliado;0;0;2;15;15;0
376;32;média;8047;Fazenda Poranga II - III;Sorriso;Verde;13;Baixo;Irrigação;6;8;não avaliado;0;0;2;15;15;0
377;32;média;20063;Fazenda Possamai;Sorriso;Verde;15;Baixo;Irrigação;6;8;não avaliado;0;0;2;15;15;0
378;32;média;30796;Fazenda Possamai II;Sorriso;Verde;16;Baixo;Irrigação;6;8;não avaliado;0;0;2;15;15;0
379;32;média;8051;Fazenda Potrich;Sorriso;Verde;13;Baixo;Irrigação;6;8;não avaliado;0;0;2;15;15;0
380;32;média;36512;Fazenda Potrich II, IV e V;Sorriso;Verde;15;Baixo;Paisagismo;6;8;não avaliado;0;0;2;15;15;0
381;32;média;37539;Fazenda Prediger III;Boa Esperança do Norte;Verde;15;Baixo;Irrigação;6;8;não avaliado;0;0;2;15;15;0
382;32;média;20148;Fazenda Progresso;Nova Mutum;Verde;13;Baixo;Aquicultura;4;8;não avaliado;0;0;2;15;15;0
383;32;média;8044;Fazenda Quatrilho;Santa Rita do Trivelato;Verde;12;Baixo;Aquicultura;8;8;não avaliado;0;0;2;15;15;0
384;32;média;8048;Fazenda Recanto II e III;Sorriso;Verde;13;Baixo;Irrigação;6;8;não avaliado;0;0;2;15;15;0
385;32;média;8052;Fazenda Reolon;Sorriso;Verde;13;Baixo;Irrigação;6;8;não avaliado;0;0;2;15;15;0
386;32;média;5786;Fazenda Rio Verde III ? Barramento 3;Sorriso;Verde;17;Médio;Irrigação;7;8;não avaliado;0;0;2;15;15;0
387;32;média;36540;Fazenda Rubin II;Sorriso;Verde;16;Baixo;Irrigação;6;8;não avaliado;0;0;2;15;15;0
388;32;média;27283;Fazenda Santa Regina;Ipiranga do Norte;Verde;13;Baixo;Irrigação;5;8;não avaliado;0;0;2;15;15;0
389;32;média;36525;Fazenda Santa Rita de Cássia;Sorriso;Verde;15;Baixo;Irrigação;6;8;não avaliado;0;0;2;15;15;0
390;32;média;20059;Fazenda Santa Rosa;Sorriso;Verde;14;Baixo;Irrigação;6;8;não avaliado;0;0;2;15;15;0
391;32;média;5780;Fazenda Santo Antonio I;Sorriso;Verde;14;Não Classificado;Aquicultura;6;8;não avaliado;0;0;2;15;15;0
392;32;média;36508;Fazenda Santo Antônio;Santa Carmem;Verde;12;Baixo;Irrigação;3;8;não avaliado;0;0;2;15;15;0
393;32;média;19993;Fazenda Santo Antônio II;Sorriso;Verde;15;Baixo;Irrigação;6;8;não avaliado;0;0;2;15;15;0
394;32;média;5797;Fazenda Santo Rosseto;Sorriso;Verde;14;Não Classificado;Aquicultura;6;8;não avaliado;0;0;2;15;15;0
395;32;média;8055;Fazenda Sempre Verde;Sorriso;Verde;13;Baixo;Irrigação;6;8;não avaliado;0;0;2;15;15;0
396;32;média;8056;Fazenda Sorriso;Nova Ubiratã;Verde;14;Baixo;Irrigação;6;8;não avaliado;0;0;2;15;15;0
397;32;média;36510;Fazenda Sossego;Nova Mutum;Verde;16;Baixo;Irrigação;3;8;não avaliado;0;0;2;15;15;0
398;32;média;19997;Fazenda São Filipe;Sorriso;Verde;15;Baixo;Irrigação;6;8;não avaliado;0;0;2;15;15;0
399;32;média;20072;Fazenda São Jose;Sorriso;Verde;17;Baixo;Irrigação;6;8;não avaliado;0;0;2;15;15;0
400;32;média;20176;Fazenda São José;Nova Mutum;Verde;13;Baixo;Irrigação;8;8;não avaliado;0;0;2;15;15;0
401;32;média;35396;Fazenda São José;Rosário Oeste;Verde;14;Médio;Recreação;5;8;sim;0;0;2;15;15;0
402;32;média;27906;Fazenda São Marcos A;Ipiranga do Norte;Verde;15;Baixo;Irrigação;5;8;não avaliado;0;0;2;15;15;0
403;32;média;332;Fazenda São Martinho XII - 2;Sorriso;Verde;18;Médio;Irrigação;6;8;não avaliado;0;0;2;15;15;0
404;32;média;5608;Fazenda São Miguel;Ipiranga do Norte;Verde;13;Baixo;Irrigação;5;8;não avaliado;0;0;2;15;15;0
405;32;média;36652;Fazenda São Miguel ? Barramento 02;Ipiranga do Norte;Verde;17;Baixo;Irrigação;5;8;não avaliado;0;0;2;15;15;0
406;32;média;363;Fazenda São Roque II;Sorriso;Verde;15;Baixo;Irrigação;6;8;não avaliado;0;0;2;15;15;0
407;32;média;32906;Fazenda São Roque II e São João – Barragem I;Vera;Verde;15;Baixo;Irrigação;5;8;não avaliado;0;0;2;15;15;0
408;32;média;27405;Fazenda Taguá I;Vera;Verde;13;Baixo;Irrigação;5;8;não avaliado;0;0;2;15;15;0
409;32;média;27354;Fazenda Taguá I - Barragem II;Vera;Verde;13;Baixo;Irrigação;5;8;não avaliado;0;0;2;15;15;0
410;32;média;27377;Fazenda Tereré;Tapurah;Verde;15;Baixo;Irrigação;3;8;não avaliado;0;0;2;15;15;0
411;32;média;36521;Fazenda Toca da Onça ? Barramento 01;Sorriso;Verde;15;Baixo;Paisagismo;6;8;não avaliado;0;0;2;15;15;0
412;32;média;30856;Fazenda Tropeiro Velho;Sorriso;Verde;14;Médio;Irrigação;6;8;não avaliado;0;0;2;15;15;0
413;32;média;35702;Fazenda Tupi;Ipiranga do Norte;Verde;15;Baixo;Irrigação;5;8;não avaliado;0;0;2;15;15;0
414;32;média;35703;Fazenda Tupi;Ipiranga do Norte;Verde;15;Baixo;Irrigação;5;8;não avaliado;0;0;2;15;15;0
415;32;média;5622;Fazenda Tupi Barão;Ipiranga do Norte;Verde;14;Não Classificado;Irrigação;5;8;não avaliado;0;0;2;15;15;0
416;32;média;8031;Fazenda Vale do Rio Verde;Tapurah;Verde;15;Baixo;Irrigação;7;8;não avaliado;0;0;2;15;15;0
417;32;média;8032;Fazenda Vale do Rio Verde;Tapurah;Verde;14;Baixo;Irrigação;7;8;não avaliado;0;0;2;15;15;0
418;32;média;36538;Fazenda Vale do Rio Verde - Barragem Vale 01;Tapurah;Verde;16;Baixo;Irrigação;7;8;não avaliado;0;0;2;15;15;0
419;32;média;35460;Fazenda Vila Nova ? Barragem I;São José do Rio Claro;Verde;16;Baixo;Recreação;3;8;não avaliado;0;0;2;15;15;0
420;32;média;20066;Fazenda Vitoria;Sorriso;Verde;14;Baixo;Irrigação;6;8;não avaliado;0;0;2;15;15;0
421;32;média;307;Fazenda Vitória;Sorriso;Verde;15;Não Classificado;Irrigação;6;8;não avaliado;0;0;2;15;15;0
422;32;média;20058;Fazenda Água Azul;Sorriso;Verde;14;Baixo;Irrigação;6;8;não avaliado;0;0;2;15;15;0
423;32;média;20057;Fazenda Água Branca;Sorriso;Verde;14;Baixo;Irrigação;7;8;não avaliado;0;0;2;15;15;0
424;32;média;581;GONÇA;Poconé;Amarelo;27;Médio;Contenção de rejeitos de mineração;0;2;não avaliado;0;15;10;0;7;0
425;32;média;23801;Isa;Poconé;Amarelo;25;Baixo;Contenção de rejeitos de mineração;0;3;não avaliado;0;15;10;0;7;0
426;32;média;23802;JABURU 2;Nossa Senhora do Livramento;Verde;10;Baixo;Contenção de rejeitos de mineração;0;5;não avaliado;0;15;2;0;15;0
427;32;média;8000;JOAO PAULO;Poconé;Amarelo;27;Médio;Contenção de rejeitos de mineração;0;2;não avaliado;0;15;10;0;7;0
428;32;média;29386;LD-01;Nossa Senhora do Livramento;Verde;15;Baixo;Contenção de rejeitos de mineração;0;5;não avaliado;0;15;2;0;15;0
429;32;média;30900;Lagemann;Ipiranga do Norte;Verde;16;Baixo;Irrigação;5;8;não avaliado;0;0;2;15;15;0
430;32;média;31629;Lago Azul;Nova Mutum;Verde;16;Baixo;Irrigação;3;8;não avaliado;0;0;2;15;15;0
431;32;média;20403;MANÉ;Nossa Senhora do Livramento;Verde;16;Baixo;Contenção de rejeitos de mineração;0;5;não avaliado;0;15;2;0;15;0
432;32;média;20401;MARANATA II;Poconé;Verde;12;Baixo;Contenção de rejeitos de mineração;0;5;não avaliado;0;15;2;0;15;0
433;32;média;30797;Martins 2;Poconé;Verde;14;Baixo;Contenção de rejeitos de mineração;0;5;não avaliado;0;15;2;0;15;0
434;32;média;22459;Massa d'Água #125702;Pontes e Lacerda;Verde;17;Não Classificado;Irrigação;3;8;não avaliado;0;0;2;15;15;0
435;32;média;22498;Massa d'Água #139258;Pontes e Lacerda;Verde;17;Não Classificado;Irrigação;3;8;não avaliado;0;0;2;15;15;0
436;32;média;22503;Massa d'Água #140377;Pontes e Lacerda;Verde;17;Não Classificado;Irrigação;3;8;não avaliado;0;0;2;15;15;0
437;32;média;22621;Massa d'Água #162788;Pontes e Lacerda;Verde;17;Não Classificado;Irrigação;3;8;não avaliado;0;0;2;15;15;0
438;32;média;22374;Massa d'Água #94452;Pontes e Lacerda;Verde;17;Não Classificado;Irrigação;3;8;não avaliado;0;0;2;15;15;0
439;32;média;27549;Novo Astro I;Nova Bandeirantes;Verde;18;Baixo;Contenção de rejeitos de mineração;0;5;não avaliado;0;15;2;0;15;0
440;32;média;899;OURINHOS I;Poconé;Verde;12;Baixo;Contenção de rejeitos de mineração;0;5;não avaliado;0;15;2;0;15;0
441;32;média;5459;OURO FINO;Poconé;Amarelo;20;Médio;Contenção de rejeitos de mineração;0;2;não avaliado;0;15;10;0;7;0
442;32;média;4679;PCH Braço Norte - Braço Norte;Guarantã do Norte;Verde;14;Baixo;Hidroelétrica;3;8;não avaliado;0;0;2;15;15;0
443;32;média;4843;PCH Braço Norte II - Barragem da Usina Braço Norte II;Guarantã do Norte;Verde;13;Médio;Hidroelétrica;3;5;não avaliado;0;0;2;15;15;0
444;32;média;35614;PCH Braço Sul - Braço Sul;Guarantã do Norte;Verde;12;Baixo;Hidroelétrica;3;8;não avaliado;0;0;2;15;15;0
445;32;média;5038;PCH Canoa Quebrada - 1;Sorriso;Verde;14;Médio;Hidroelétrica;5;6;não avaliado;0;0;2;15;15;0
446;32;média;34181;PCH Foz do Cedro (Antiga A1E8) - 1;Sorriso;Verde;13;Baixo;Hidroelétrica;5;8;não avaliado;0;0;2;15;15;0
447;32;média;4818;PCH Nova Mutum - PCH Nova Mutum;Nova Mutum;Verde;13;Baixo;Hidroelétrica;4;8;não avaliado;0;0;2;15;15;0
448;32;média;34078;PCH Rio Claro (Antiga Perdidos) - PCH Rio Claro;São José do Rio Claro;Verde;14;Baixo;Hidroelétrica;3;8;não avaliado;0;0;2;15;15;0
449;32;média;36535;PRODULIRA;Sorriso;Verde;15;Baixo;Aquicultura;6;8;não avaliado;0;0;2;15;15;0
450;32;média;340;Piscicultura São Rafael;Nossa Senhora do Livramento;Verde;16;Baixo;Aquicultura;3;8;sim;0;0;2;15;15;0
451;32;média;32385;QB-01;Nossa Senhora do Livramento;Verde;11;Baixo;Contenção de rejeitos de mineração;0;5;não avaliado;0;15;2;0;15;0
452;32;média;22157;Rabo de Bica;Nossa Senhora do Livramento;Verde;15;Baixo;Contenção de rejeitos de mineração;0;5;não avaliado;0;15;2;0;15;0
453;32;média;36566;Reservatório Artificial - Fazenda Nossa Senhora Aparecida;Sorriso;Verde;13;Baixo;Irrigação;6;8;não avaliado;0;0;2;15;15;0
454;32;média;36536;Reservatório artificial - Fazenda Gardin III;Vera;Verde;15;Baixo;Irrigação;5;8;não avaliado;0;0;2;15;15;0
455;32;média;36567;Reservatório artificial ? Fazenda São Miguel I;Sorriso;Verde;13;Baixo;Irrigação;6;8;não avaliado;0;0;2;15;15;0
456;32;média;31011;Reservatório de Água P.R.A.;Pontes e Lacerda;Verde;16;Baixo;Industrial;3;8;não avaliado;0;0;2;15;15;0
457;32;média;20152;Ribeirão Sossego;Sorriso;Verde;13;Baixo;Aquicultura;6;8;não avaliado;0;0;2;15;15;0
458;32;média;5436;SANDRO GOMES;Poconé;Amarelo;20;Baixo;Contenção de rejeitos de mineração;0;2;não avaliado;0;15;10;0;7;0
459;32;média;27573;STC03;Poconé;Verde;13;Baixo;Contenção de rejeitos de mineração;0;5;não avaliado;0;15;2;0;15;0
460;32;média;27571;Santa Bárbara;Nossa Senhora do Livramento;Verde;17;Baixo;Contenção de rejeitos de mineração;0;5;não avaliado;0;15;2;0;15;0
461;32;média;31606;Santa Maria;Vera;Verde;14;Baixo;Irrigação;5;5;não avaliado;0;0;2;15;15;0
462;32;média;5645;Santa Tereza;Nossa Senhora do Livramento;Amarelo;22;Médio;Contenção de rejeitos de mineração;0;2;não avaliado;0;15;10;0;7;0
463;32;média;31383;SÃO RAFAEL;Poconé;Verde;12;Baixo;Contenção de rejeitos de mineração;0;5;não avaliado;0;15;2;0;15;0
464;32;média;36611;Sítio Navarro I;Vera;Verde;15;Baixo;Irrigação;5;8;não avaliado;0;0;2;15;15;0
465;32;média;34631;Sítio Recanto Feliz – Lote Nº 131-B;Vera;Verde;17;Baixo;Aquicultura;3;8;não avaliado;0;0;2;15;15;0
466;32;média;37415;Sítio São Vicente;Sorriso;Verde;16;Baixo;Irrigação;6;8;não avaliado;0;0;2;15;15;0
467;32;média;29378;TB04;Nossa Senhora do Livramento;Verde;10;Baixo;Contenção de rejeitos de mineração;0;5;não avaliado;0;15;2;0;15;0
468;32;média;26267;Tadeu;Nossa Senhora do Livramento;Verde;15;Baixo;Contenção de rejeitos de mineração;0;5;não avaliado;0;15;2;0;15;0
469;32;média;29376;VALE DO OURO;Nossa Senhora do Livramento;Verde;8;Baixo;Contenção de rejeitos de mineração;0;5;não avaliado;0;15;2;0;15;0
470;32;média;26231;VALE GOLD;Nossa Senhora do Livramento;Verde;10;Baixo;Contenção de rejeitos de mineração;0;5;não avaliado;0;15;2;0;15;0
471;32;média;35081;VICTOR;Poconé;Verde;12;Baixo;Contenção de sedimentos de mineração;0;5;não avaliado;0;15;2;0;15;0
472;26;média;20196;Afluente do Pitomba;Várzea Grande;Verde;18;Baixo;Industrial;2;8;sim;0;0;2;9;15;0
473;26;média;30462;BARRAGEM 01;Cláudia;Verde;16;Baixo;Aquicultura;2;5;não avaliado;0;0;2;9;15;0
474;26;média;32071;BARRAGEM 03;Ribeirão Cascalheira;Verde;13;Baixo;Dessedentação Animal;1;8;não avaliado;0;0;2;9;15;0
475;26;média;35119;BARRAGEM ROSA CRISTINA I;Várzea Grande;Verde;17;Médio;Aquicultura;2;8;sim;0;0;2;9;15;0
476;26;média;35160;BARRAGEM SANTA TEREZINHA;Nova Santa Helena;Verde;16;Baixo;Abastecimento humano;2;5;não avaliado;0;0;2;9;15;0
477;26;média;35170;BARRAGEM SÃO JOSÉ I;Querência;Verde;14;Médio;Irrigação;1;8;não avaliado;0;0;2;9;15;0
478;26;média;36068;BARRAGEM TRIUNFO IV;Nova Lacerda;Verde;19;Baixo;Irrigação;1;8;não avaliado;0;0;2;9;15;0
479;26;média;5891;Balneário Boa Esperança;Sorriso;Verde;13;Não Classificado;Irrigação;1;8;não avaliado;0;0;2;9;15;0
480;26;média;29953;Barragem 02;Cláudia;Verde;16;Baixo;Aquicultura;2;5;não avaliado;0;0;2;9;15;0
481;26;média;20118;Barragem 1 na Fazenda São João;Ribeirão Cascalheira;Verde;13;Baixo;Irrigação;1;8;não avaliado;0;0;2;9;15;0
482;26;média;37413;Barragem Adelcir Grigoletto;Cláudia;Verde;14;Baixo;Aquicultura;1;8;não avaliado;0;0;2;9;15;0
483;26;média;30913;Barragem Fazenda Adriana;Guiratinga;Verde;14;Médio;Aquicultura;1;6;não avaliado;0;0;2;9;15;0
484;26;média;35379;Barragem Fazenda Belo Horizonte;Barra do Garças;Verde;12;Baixo;Paisagismo;1;6;não avaliado;0;0;2;9;15;0
485;26;média;33359;Barragem Goiana II;Querência;Verde;14;Baixo;Irrigação;1;8;não avaliado;0;0;2;9;15;0
486;26;média;36066;Barragem I;Confresa;Verde;14;Médio;Abastecimento humano;1;8;não avaliado;0;0;2;9;15;0
487;26;média;36555;Barragem I ? Fazenda Machado I;Denise;Verde;14;Baixo;Recreação;1;8;não avaliado;0;0;2;9;15;0
488;26;média;33949;Barragem I Fazenda Talismã;Rondonópolis;Verde;14;Médio;Aquicultura;1;8;não avaliado;0;0;2;9;15;0
489;26;média;35485;Barragem IV;São Félix do Araguaia;Verde;12;Médio;Aquicultura;1;8;não avaliado;0;0;2;9;15;0
490;26;média;35168;Barragem Jatobá ? Principal;Vila Bela da Santíssima Trindade;Verde;19;Baixo;Irrigação;2;5;não avaliado;0;0;2;9;15;0
491;26;média;36543;Barragem Prefeitura Ponte Branca;Ponte Branca;Verde;13;Baixo;Paisagismo;2;8;não avaliado;0;0;2;9;15;0
492;26;média;26401;Barragem Principal na Fazenda Campo Claro;Ribeirão Cascalheira;Verde;13;Médio;Irrigação;1;8;não avaliado;0;0;2;9;15;0
493;26;média;35108;Barragem VI (montante);Nossa Senhora do Livramento;Verde;17;Baixo;Aquicultura;2;8;sim;0;0;2;9;15;0
494;26;média;35107;Barragem VII (montante);Nossa Senhora do Livramento;Verde;17;Baixo;Aquicultura;2;8;sim;0;0;2;9;15;0
495;26;média;35106;Barragem VIII (principal);Nossa Senhora do Livramento;Verde;17;Baixo;Aquicultura;2;8;sim;0;0;2;9;15;0
496;26;média;35115;Barragem XIX;Nossa Senhora do Livramento;Verde;17;Baixo;Aquicultura;2;8;sim;0;0;2;9;15;0
497;26;média;35116;Barragem XVIII;Nossa Senhora do Livramento;Verde;17;Baixo;Aquicultura;2;8;sim;0;0;2;9;15;0
498;26;média;36100;Barragem a montante;Cláudia;Verde;14;Baixo;Recreação;1;8;não avaliado;0;0;2;9;15;0
499;26;média;218;Barragem do Córrego Longa Vida;Vila Bela da Santíssima Trindade;Verde;17;Baixo;Abastecimento humano;2;5;não avaliado;0;0;2;9;15;0
500;26;média;32159;Barragem na Fazenda Iguaçu;Santo Antônio do Leste;Verde;14;Baixo;Paisagismo;2;8;não avaliado;0;0;2;9;15;0
501;26;média;30884;Barragem na Fazenda Paulista III;Nova Marilândia;Verde;16;Médio;Aquicultura;1;8;não avaliado;0;0;2;9;15;0
502;26;média;35072;Barramento - Fazenda Belo Horizonte;Barra do Garças;Verde;14;Baixo;Irrigação;1;8;não avaliado;0;0;2;9;15;0
503;26;média;35076;Barramento - Fazenda Belo Horizonte II;Barra do Garças;Verde;13;Baixo;Paisagismo;1;8;não avaliado;0;0;2;9;15;0
504;26;média;35383;Barramento - Fazenda Gema;Santo Afonso;Verde;14;Baixo;Recreação;1;8;não avaliado;0;0;2;9;15;0
505;26;média;35070;Barramento - Fazenda Lagoa Azul;Tangará da Serra;Verde;17;Baixo;Irrigação;2;8;não avaliado;0;0;2;9;15;0
506;26;média;34610;Barramento - Fazenda Luchese I;Primavera do Leste;Verde;16;Baixo;Irrigação;2;8;não avaliado;0;0;2;9;15;0
507;26;média;35785;Barramento - Fazenda Sorriso I;União do Sul;Verde;17;Baixo;Recreação;1;8;não avaliado;0;0;2;9;15;0
508;26;média;30962;Barramento 1 - Fazenda Guanabara – Gleba A;Nova Olímpia;Verde;16;Baixo;Irrigação;1;8;não avaliado;0;0;2;9;15;0
509;26;média;35071;Barramento 1 ? Lote n° 114-B, 114-C E 115;Cláudia;Verde;14;Baixo;Irrigação;1;8;não avaliado;0;0;2;9;15;0
510;26;média;36578;Barramento 1 a montante ? Fazenda Celentano;Porto dos Gaúchos;Verde;16;Baixo;Irrigação;2;8;não avaliado;0;0;2;9;15;0
511;26;média;30902;Barramento 4 - Fazenda Guanabara – Gleba A;Denise;Verde;17;Baixo;Irrigação;1;8;não avaliado;0;0;2;9;15;0
512;26;média;30947;Barramento 8 - Fazenda Guanabara – Gleba A;Denise;Verde;16;Não Classificado;Irrigação;1;8;não avaliado;0;0;2;9;15;0
513;26;média;8122;Barramento Atto Agropecuária LTDA;Alto Garças;Verde;14;Médio;Irrigação;1;8;não avaliado;0;0;2;9;15;0
514;26;média;36622;Barramento I ? Fazenda Froes;Denise;Verde;19;Baixo;Irrigação;2;8;não avaliado;0;0;2;9;15;0
515;26;média;36518;Barramento I ? Fazenda Ponte de Pedra;Torixoréu;Verde;13;Baixo;Paisagismo;1;8;não avaliado;0;0;2;9;15;0
516;26;média;34995;Barramento I – Fazenda Futura;Nova Ubiratã;Verde;13;Baixo;Irrigação;1;8;não avaliado;0;0;2;9;15;0
517;26;média;29579;Barramento II;Confresa;Verde;12;Baixo;Irrigação;1;8;não avaliado;0;0;2;9;15;0
518;26;média;36519;Barramento II - Fazenda Ponte de Pedra;Torixoréu;Verde;13;Baixo;Dessedentação Animal;1;8;não avaliado;0;0;2;9;15;0
519;26;média;35197;Barramento III - Fazenda Cruzeiro ? Montante II;General Carneiro;Verde;14;Baixo;Paisagismo;1;8;não avaliado;0;0;2;9;15;0
520;26;média;36642;Barramento III ? Fazenda Froes;Denise;Verde;17;Baixo;Irrigação;2;8;não avaliado;0;0;2;9;15;0
521;26;média;36520;Barramento III- Fazenda Ponte de Pedra;Torixoréu;Verde;13;Baixo;Dessedentação Animal;1;8;não avaliado;0;0;2;9;15;0
522;26;média;35728;Barramento Jerusalém;Porto dos Gaúchos;Verde;15;Baixo;Paisagismo;1;8;não avaliado;0;0;2;9;15;0
523;26;média;36577;Barramento Principal ? Fazenda Celentano;Porto dos Gaúchos;Verde;16;Baixo;Irrigação;2;8;não avaliado;0;0;2;9;15;0
524;26;média;35001;Barramento Santa Rita;Porto dos Gaúchos;Verde;15;Baixo;Paisagismo;2;8;não avaliado;0;0;2;9;15;0
525;26;média;37418;Barramento Sítio Nossa Senhora Aparecida;Tangará da Serra;Verde;17;Baixo;Irrigação;1;8;não avaliado;0;0;2;9;15;0
526;26;média;31541;Barramento principal (1A);Carlinda;Verde;14;Baixo;Irrigação;2;8;não avaliado;0;0;2;9;15;0
527;26;média;34978;Barramento principal - Fazenda Sinop I;Porto dos Gaúchos;Verde;16;Médio;Irrigação;1;8;não avaliado;0;0;2;9;15;0
528;26;média;26670;Buriti;Denise;Verde;15;Baixo;Irrigação;1;8;não avaliado;0;0;2;9;15;0
529;26;média;23960;CGH Cambará - Cambará;Jaciara;Verde;12;Baixo;Hidroelétrica;2;8;não avaliado;0;0;2;9;15;0
530;26;média;5169;CGH Diamante - Diamante;Nortelândia;Verde;15;Médio;Hidroelétrica;1;6;não avaliado;0;0;2;9;15;0
531;26;média;23961;CGH Embaúba - Embaúba;Jaciara;Verde;12;Baixo;Hidroelétrica;2;8;não avaliado;0;0;2;9;15;0
532;26;média;34225;CGH Fazenda Galera 1 - Galera 1A;Nova Lacerda;Verde;15;Baixo;Hidroelétrica;1;8;não avaliado;0;0;2;9;15;0
533;26;média;34226;CGH Galera Centrais Eletricas 1a - 1;Conquista D'Oeste;Verde;16;Baixo;Hidroelétrica;2;8;não avaliado;0;0;2;9;15;0
534;26;média;24107;CGH MAX-01 (Nova Lacerda)  - NOVA LACERDA;Nova Lacerda;Verde;15;Baixo;Hidroelétrica;1;8;não avaliado;0;0;2;9;15;0
535;26;média;34034;CGH Rancho Fundo - CGH RANCHO FUNDO;Porto dos Gaúchos;Verde;19;Baixo;Hidroelétrica;1;8;não avaliado;0;0;2;9;15;0
536;26;média;23962;CGH Sucupira - Sucupira;Jaciara;Verde;12;Baixo;Hidroelétrica;2;8;não avaliado;0;0;2;9;15;0
537;26;média;36626;Casa do Lago;Tangará da Serra;Verde;15;Baixo;Irrigação;1;8;não avaliado;0;0;2;9;15;0
538;26;média;5339;ESTÂNCIA RANCHO DOURADO;Várzea Grande;Verde;16;Não Classificado;Aquicultura;2;8;sim;0;0;2;9;15;0
539;26;média;7984;Estância Céu Azul;Tangará da Serra;Verde;13;Baixo;Irrigação;1;8;não avaliado;0;0;2;9;15;0
540;26;média;8008;Estância Recreio;Nossa Senhora do Livramento;Verde;18;Baixo;Aquicultura;2;8;sim;0;0;2;9;15;0
541;26;média;26535;FAZENDA NOSSA SENHORA APARECIDA;Nova Ubiratã;Verde;11;Baixo;Irrigação;1;8;não avaliado;0;0;2;9;15;0
542;26;média;20317;Faz. Agrovera;Porto dos Gaúchos;Verde;15;Baixo;Irrigação;1;8;não avaliado;0;0;2;9;15;0
543;26;média;20088;Faz. Boca da Mata;Nova Ubiratã;Verde;12;Baixo;Aquicultura;1;8;não avaliado;0;0;2;9;15;0
544;26;média;7993;Faz. Cabeça Branca - Barragem 02;Nossa Senhora do Livramento;Verde;15;Baixo;Aquicultura;2;8;sim;0;0;2;9;15;0
545;26;média;7991;Faz. Cabeça Branca - Barragem 04;Nossa Senhora do Livramento;Verde;15;Baixo;Aquicultura;2;8;sim;0;0;2;9;15;0
546;26;média;7990;Faz. Cabeça Branca - Barragem 05;Nossa Senhora do Livramento;Verde;15;Baixo;Aquicultura;2;8;sim;0;0;2;9;15;0
547;26;média;7989;Faz. Cabeça Branca - Barragem 06;Nossa Senhora do Livramento;Verde;15;Baixo;Aquicultura;2;8;sim;0;0;2;9;15;0
548;26;média;20119;Faz. Olho d'Água;Nova Canaã do Norte;Verde;15;Baixo;Dessedentação Animal;2;8;não avaliado;0;0;2;9;15;0
549;26;média;8197;Faz. Produtiva;São Félix do Araguaia;Verde;10;Baixo;Aquicultura;1;8;não avaliado;0;0;2;9;15;0
550;26;média;8092;Faz. Sopave;Nova Ubiratã;Verde;11;Baixo;Irrigação;1;8;não avaliado;0;0;2;9;15;0
551;26;média;7982;Faz. Triângulo - Reservatório 01;Nova Olímpia;Verde;14;Baixo;Aquicultura;1;8;não avaliado;0;0;2;9;15;0
552;26;média;7981;Faz. Triângulo - Reservatório 02;Nova Olímpia;Verde;14;Baixo;Aquicultura;1;8;não avaliado;0;0;2;9;15;0
553;26;média;7979;Faz. Triângulo - Reservatório 03;Nova Olímpia;Verde;14;Baixo;Aquicultura;1;8;não avaliado;0;0;2;9;15;0
554;26;média;7980;Faz. Triângulo - Reservatório 04 / 05 / 13;Nova Olímpia;Verde;14;Baixo;Aquicultura;1;8;não avaliado;0;0;2;9;15;0
555;26;média;7978;Faz. Triângulo - Reservatório 06 / 10 / 11;Nova Olímpia;Verde;14;Baixo;Aquicultura;1;8;não avaliado;0;0;2;9;15;0
556;26;média;7983;Faz. Triângulo - Reservatório 12;Nova Olímpia;Verde;14;Baixo;Aquicultura;1;8;não avaliado;0;0;2;9;15;0
557;26;média;20764;Fazenda Alvorada;Nova Ubiratã;Verde;11;Baixo;Irrigação;1;8;não avaliado;0;0;2;9;15;0
558;26;média;26655;Fazenda Bacurí;Arenápolis;Verde;14;Baixo;Dessedentação Animal;1;8;não avaliado;0;0;2;9;15;0
559;26;média;6192;Fazenda Batovi;Tesouro;Verde;13;Baixo;Irrigação;1;8;não avaliado;0;0;2;9;15;0
560;26;média;7992;Fazenda Cabeça Branca - Barragem 03;Nossa Senhora do Livramento;Verde;15;Baixo;Aquicultura;2;8;sim;0;0;2;9;15;0
561;26;média;36627;Fazenda Concorcia;Nova Ubiratã;Verde;11;Baixo;Irrigação;1;8;não avaliado;0;0;2;9;15;0
562;26;média;36632;Fazenda Concordia - Reservatório 2;Nova Ubiratã;Verde;12;Não Classificado;Irrigação;1;8;não avaliado;0;0;2;9;15;0
563;26;média;26442;Fazenda Cristalina;Campo Verde;Verde;12;Baixo;Irrigação;1;8;não avaliado;0;0;2;9;15;0
564;26;média;35195;Fazenda Cruzeiro I - Barramento (principal);General Carneiro;Verde;14;Baixo;Paisagismo;1;8;não avaliado;0;0;2;9;15;0
565;26;média;35196;Fazenda Cruzeiro I - Barramento II - Montante I;General Carneiro;Verde;14;Baixo;Paisagismo;1;8;não avaliado;0;0;2;9;15;0
566;26;média;20033;Fazenda Eldorado;Nova Canaã do Norte;Verde;15;Não Classificado;Dessedentação Animal;2;8;não avaliado;0;0;2;9;15;0
567;26;média;27403;Fazenda Fortaleza;Arenápolis;Verde;13;Baixo;Irrigação;1;8;não avaliado;0;0;2;9;15;0
568;26;média;32970;Fazenda Frente da Mata – Barragem I;União do Sul;Verde;15;Baixo;Irrigação;2;8;não avaliado;0;0;2;9;15;0
569;26;média;36624;Fazenda Froes? Barramento 2;Denise;Verde;19;Baixo;Irrigação;1;8;não avaliado;0;0;2;9;15;0
570;26;média;30798;Fazenda Furnas;Ribeirão Cascalheira;Verde;14;Baixo;Irrigação;1;8;não avaliado;0;0;2;9;15;0
571;26;média;35490;Fazenda Futura ? Barramento VI;Nova Ubiratã;Verde;13;Baixo;Irrigação;1;8;não avaliado;0;0;2;9;15;0
572;26;média;36469;Fazenda Gleba Wilma;Novo São Joaquim;Verde;14;Baixo;Irrigação;1;8;não avaliado;0;0;2;9;15;0
573;26;média;20125;Fazenda Guanabara;Nova Olímpia;Verde;16;Não Classificado;Industrial;1;8;não avaliado;0;0;2;9;15;0
574;26;média;31569;Fazenda Luta;Confresa;Verde;16;Médio;Irrigação;1;6;não avaliado;0;0;2;9;15;0
575;26;média;20047;Fazenda Murici Sesmaria Molhado;Nossa Senhora do Livramento;Verde;19;Baixo;Aquicultura;2;8;sim;0;0;2;9;15;0
576;26;média;20048;Fazenda Murici Sesmaria Molhado;Nossa Senhora do Livramento;Verde;19;Baixo;Recreação;2;8;sim;0;0;2;9;15;0
577;26;média;20049;Fazenda Murici Sesmaria Molhado;Nossa Senhora do Livramento;Verde;19;Baixo;Aquicultura;2;8;sim;0;0;2;9;15;0
578;26;média;20086;Fazenda Nossa Senhora Aparecida;Nova Ubiratã;Verde;12;Baixo;Irrigação;1;8;não avaliado;0;0;2;9;15;0
579;26;média;35726;Fazenda Olho D'Água - Barramento 1;Nova Canaã do Norte;Verde;16;Baixo;Dessedentação Animal;2;8;não avaliado;0;0;2;9;15;0
580;26;média;35727;Fazenda Olho D'Água - Barramento 2;Nova Canaã do Norte;Verde;16;Baixo;Dessedentação Animal;2;8;não avaliado;0;0;2;9;15;0
581;26;média;5904;Fazenda Orion;Nova Ubiratã;Verde;12;Baixo;Irrigação;1;8;não avaliado;0;0;2;9;15;0
582;26;média;5479;Fazenda Padre Cicero;Porto dos Gaúchos;Verde;15;Não Classificado;Irrigação;1;8;não avaliado;0;0;2;9;15;0
583;26;média;20138;Fazenda Santa Luzia;Várzea Grande;Verde;16;Baixo;Aquicultura;2;8;sim;0;0;2;9;15;0
584;26;média;36554;Fazenda Santa Lúcia;Nova Ubiratã;Verde;13;Baixo;Irrigação;1;8;não avaliado;0;0;2;9;15;0
585;26;média;31556;Fazenda Selva de Pedra;Denise;Verde;17;Baixo;Irrigação;1;8;não avaliado;0;0;2;9;15;0
586;26;média;8063;Fazenda São Pedro do jatobá II;Jaciara;Verde;13;Não Classificado;Irrigação;2;8;não avaliado;0;0;2;9;15;0
587;26;média;7977;Fazenda Triangulo;Nova Olímpia;Verde;14;Baixo;Aquicultura;1;8;não avaliado;0;0;2;9;15;0
588;26;média;35824;Fazenda Três Marias ? Barramento;Ribeirão Cascalheira;Verde;14;Baixo;Irrigação;1;8;não avaliado;0;0;2;9;15;0
589;26;média;26328;Fazenda Água Boa;Poxoréu;Verde;14;Médio;Aquicultura;2;8;não avaliado;0;0;2;9;15;0
590;26;média;26537;Gilmar Mioranza;Nova Santa Helena;Verde;16;Baixo;Aquicultura;2;8;não avaliado;0;0;2;9;15;0
591;26;média;36099;Lote nº 316;Cláudia;Verde;14;Baixo;Recreação;1;8;não avaliado;0;0;2;9;15;0
592;26;média;30836;Mariana IB;Poxoréu;Verde;14;Baixo;Aquicultura;2;8;não avaliado;0;0;2;9;15;0
593;26;média;28886;Mariana II;Poxoréu;Verde;12;Baixo;Aquicultura;2;8;não avaliado;0;0;2;9;15;0
594;26;média;22532;Massa d'Água #147210;São Félix do Araguaia;Verde;13;Não Classificado;Irrigação;1;8;não avaliado;0;0;2;9;15;0
595;26;média;22570;Massa d'Água #154055;São Félix do Araguaia;Verde;13;Não Classificado;Irrigação;1;8;não avaliado;0;0;2;9;15;0
596;26;média;22619;Massa d'Água #161814;São Félix do Araguaia;Verde;13;Não Classificado;Irrigação;1;8;não avaliado;0;0;2;9;15;0
597;26;média;23592;Massa d'Água #197494;São Félix do Araguaia;Verde;12;Não Classificado;Irrigação;1;8;não avaliado;0;0;2;9;15;0
598;26;média;23642;Massa d'Água #204819;São Félix do Araguaia;Verde;13;Não Classificado;Irrigação;1;8;não avaliado;0;0;2;9;15;0
599;26;média;23769;Massa d'Água #227046;General Carneiro;Verde;12;Não Classificado;Irrigação;1;8;não avaliado;0;0;2;9;15;0
600;26;média;23774;Massa d'Água #228290;São Félix do Araguaia;Verde;12;Não Classificado;Irrigação;1;8;não avaliado;0;0;2;9;15;0
601;26;média;23791;Massa d'Água #234391;São Félix do Araguaia;Verde;12;Não Classificado;Irrigação;1;8;não avaliado;0;0;2;9;15;0
602;26;média;22263;Massa d'Água #70232;General Carneiro;Verde;12;Não Classificado;Irrigação;1;8;não avaliado;0;0;2;9;15;0
603;26;média;8065;Matrícula 7164, 2464, 2095 e 2096;Nova Ubiratã;Verde;11;Baixo;Irrigação;1;8;não avaliado;0;0;2;9;15;0
604;26;média;20619;PCH Alto Paraguai (Pedro Pedrossian) - Alto Paraguai;Diamantino;Verde;15;Baixo;Hidroelétrica;1;8;não avaliado;0;0;2;9;15;0
605;26;média;4715;PCH Antônio Brennand (Antiga  Alto Jauru) - Antônio Brennand;Jauru;Verde;19;Baixo;Hidroelétrica;1;8;não avaliado;0;0;2;9;15;0
606;26;média;4338;PCH Culuene - Culuene;Paranatinga;Verde;10;Baixo;Hidroelétrica;1;8;não avaliado;0;0;2;9;15;0
607;26;média;4202;PCH Indiavaí - Indiavaí;Jauru;Verde;17;Médio;Hidroelétrica;1;6;não avaliado;0;0;2;9;15;0
608;26;média;4330;PCH Paranatinga II - Paranatinga II;Paranatinga;Verde;11;Médio;Hidroelétrica;1;5;não avaliado;0;0;2;9;15;0
609;26;média;4967;PCH Pequi - Pequi;Jaciara;Verde;12;Baixo;Hidroelétrica;2;8;não avaliado;0;0;2;9;15;0
610;26;média;4487;PCH Salto - Salto;Indiavaí;Verde;17;Médio;Hidroelétrica;2;6;não avaliado;0;0;2;9;15;0
611;26;média;4256;PCH Salto Corgão - Salto Corgão;Nova Lacerda;Verde;16;Baixo;Hidroelétrica;1;6;não avaliado;0;0;2;9;15;0
612;26;média;4548;PCH São Domingos (Torixoréo) - Torixoréo;Ribeirãozinho;Verde;11;Baixo;Hidroelétrica;1;8;não avaliado;0;0;2;9;15;0
613;26;média;26333;PREFEITURA MUNICIPAL DE CONFRESA;Confresa;Verde;13;Não Classificado;Abastecimento humano;1;8;não avaliado;0;0;2;9;15;0
614;26;média;8064;PREFEITURA MUNICIPAL DE TERRA NOVA DO NORTE;Terra Nova do Norte;Verde;14;Baixo;Abastecimento humano;2;8;não avaliado;0;0;2;9;15;0
615;26;média;27780;Palmital Grande;Denise;Verde;17;Baixo;Irrigação;1;8;não avaliado;0;0;2;9;15;0
616;26;média;26331;Prefeitura Municipal de Nova Santa Helena;Nova Santa Helena;Verde;15;Não Classificado;Abastecimento humano;2;8;não avaliado;0;0;2;9;15;0
617;26;média;37396;Solimões Indústria e Comércio de Óleos e Proteínas Ltda ? Barragem I;Nossa Senhora do Livramento;Verde;19;Baixo;Dessedentação Animal;2;8;sim;0;0;2;9;15;0
618;26;média;35636;Sítio Bom Futuro;Nova Ubiratã;Verde;15;Baixo;Recreação;1;8;não avaliado;0;0;2;9;15;0
619;26;média;36350;Sítio Nossa Senhora Aparecida;Tangará da Serra;Verde;19;Baixo;Irrigação;1;8;não avaliado;0;0;2;9;15;0
620;26;média;20146;Sítio São José;Nova Marilândia;Verde;16;Baixo;Industrial;1;8;não avaliado;0;0;2;9;15;0
621;26;média;22397;T.I Sangradouro;General Carneiro;Verde;13;Não Classificado;Irrigação;1;8;não avaliado;0;0;2;9;15;0
622;26;média;33360;Três Marias II;Ribeirão Cascalheira;Verde;13;Baixo;Irrigação;1;8;não avaliado;0;0;2;9;15;0
623;26;média;30886;UISA A;Nova Olímpia;Verde;17;Baixo;Industrial;1;8;não avaliado;0;0;2;9;15;0
624;26;média;21935;córrego Sapateiro;Várzea Grande;Verde;18;Baixo;Industrial;2;8;sim;0;0;2;9;15;0
625;25;média;35857;BARRAGEM FORTALEZA;Nova Lacerda;Amarelo;20;Médio;Irrigação;0;8;não avaliado;0;0;10;0;15;0
626;25;média;36515;BARRAGEM LAGOA TREVISAN;Cuiabá;Amarelo;12;Médio;Recreação;0;8;não avaliado;0;0;10;0;15;0
627;25;média;35023;Barramento - Mineração Casa de Pedra;Cuiabá;Amarelo;10;Baixo;Industrial;0;8;não avaliado;0;0;10;0;15;0
628;25;média;34834;CGH Guimarães 02 - Guimarães 2;Cuiabá;Amarelo;7;Baixo;Hidroelétrica;0;8;não avaliado;0;0;10;0;15;0
629;25;média;34040;CGH Oeiras - principal;Chapada dos Guimarães;Amarelo;6;Baixo;Hidroelétrica;0;8;não avaliado;0;0;10;0;15;0
630;25;média;34041;CGH Portal do Vale - principal;Chapada dos Guimarães;Amarelo;7;Baixo;Hidroelétrica;0;8;não avaliado;0;0;10;0;15;0
631;25;média;34042;CGH Vale do Roncador - principal;Chapada dos Guimarães;Amarelo;7;Baixo;Hidroelétrica;0;8;não avaliado;0;0;10;0;15;0
632;25;média;31117;Depósito Mocelin;Tabaporã;Amarelo;20;Baixo;Recreação;0;8;não avaliado;0;0;10;0;15;0
633;25;média;19991;FAZENDA LUAR;Cuiabá;Amarelo;14;Baixo;Irrigação;0;8;não avaliado;0;0;10;0;15;0
634;25;média;36550;Fazenda Formosa;Cuiabá;Amarelo;9;Baixo;Recreação;0;8;não avaliado;0;0;10;0;15;0
635;25;média;20135;Fazenda São Jose;Várzea Grande;Amarelo;21;Não Classificado;Aquicultura;0;8;sim;0;0;10;0;15;0
636;25;média;36101;Prefeitura Municipal de Juara;Juara;Amarelo;21;Baixo;Abastecimento humano;0;8;não avaliado;0;0;10;0;15;0
637;25;média;31286;Reservatório  B1;Cuiabá;Amarelo;13;Baixo;Irrigação;0;8;não avaliado;0;0;10;0;15;0
638;24;baixa;20382;B1;Nossa Senhora do Livramento;Verde;13;Médio;Contenção de rejeitos de mineração;0;2;não avaliado;0;15;2;0;7;0
639;24;baixa;20411;BARRAGEM T03;Nossa Senhora do Livramento;Verde;16;Baixo;Contenção de rejeitos de mineração;0;2;não avaliado;0;15;2;0;7;0
640;24;baixa;20398;Barragem AFGM GP2;Poconé;Verde;14;Médio;Contenção de rejeitos de mineração;0;2;não avaliado;0;15;2;0;7;0
641;24;baixa;21952;Barragem Jatobá;Poconé;Verde;18;Médio;Contenção de rejeitos de mineração;0;3;não avaliado;0;15;2;0;7;0
642;24;baixa;21957;Barragem T08;Nossa Senhora do Livramento;Verde;13;Médio;Contenção de rejeitos de mineração;0;3;não avaliado;0;15;2;0;7;0
643;24;baixa;22007;Barragem TB02;Nossa Senhora do Livramento;Verde;11;Médio;Contenção de rejeitos de mineração;0;3;não avaliado;0;15;2;0;7;0
644;24;baixa;5439;Barragem de Rejeito 1;Poconé;Verde;17;Médio;Contenção de rejeitos de mineração;0;2;não avaliado;0;15;2;0;7;0
645;24;baixa;578;Barragem de Rejeito Max;Nossa Senhora do Livramento;Verde;18;Médio;Contenção de rejeitos de mineração;0;2;não avaliado;0;15;2;0;7;0
646;24;baixa;8004;CANGAS;Poconé;Verde;13;Baixo;Contenção de rejeitos de mineração;0;2;não avaliado;0;15;2;0;7;0
647;24;baixa;26150;CHIMBUVA;Nossa Senhora do Livramento;Verde;15;Médio;Contenção de rejeitos de mineração;0;3;não avaliado;0;15;2;0;7;0
648;24;baixa;26251;FAZENDA 4M;Nossa Senhora do Livramento;Verde;13;Médio;Contenção de rejeitos de mineração;0;2;não avaliado;0;15;2;0;7;0
649;24;baixa;792;FRED;Poconé;Verde;13;Baixo;Contenção de rejeitos de mineração;0;2;não avaliado;0;15;2;0;7;0
650;24;baixa;20434;Grameiro;Poconé;Verde;15;Médio;Contenção de rejeitos de mineração;0;2;não avaliado;0;15;2;0;7;0
651;24;baixa;895;MARANATA;Poconé;Verde;13;Baixo;Contenção de rejeitos de mineração;0;2;não avaliado;0;15;2;0;7;0
652;24;baixa;26133;Martins;Poconé;Verde;15;Médio;Contenção de rejeitos de mineração;0;2;não avaliado;0;15;2;0;7;0
653;24;baixa;5551;Moça Bonita;Nossa Senhora do Livramento;Verde;13;Baixo;Contenção de rejeitos de mineração;0;2;não avaliado;0;15;2;0;7;0
654;24;baixa;1276;RONDON;Poconé;Verde;18;Médio;Contenção de rejeitos de mineração;0;2;não avaliado;0;15;2;0;7;0
655;24;baixa;5646;Santa Tereza II;Nossa Senhora do Livramento;Verde;18;Médio;Contenção de sedimentos de mineração;0;2;não avaliado;0;15;2;0;7;0
656;24;baixa;1282;TB01;Nossa Senhora do Livramento;Verde;13;Médio;Contenção de rejeitos de mineração;0;2;não avaliado;0;15;2;0;7;0
657;24;baixa;29385;TR1;Nossa Senhora do Livramento;Verde;15;Médio;Contenção de rejeitos de mineração;0;3;não avaliado;0;15;2;0;7;0
658;24;baixa;26139;TUPA 2;Poconé;Verde;15;Baixo;Contenção de rejeitos de mineração;0;3;não avaliado;0;15;2;0;7;0
659;24;baixa;26140;TUPA 3;Poconé;Verde;15;Médio;Contenção de rejeitos de mineração;0;3;não avaliado;0;15;2;0;7;0
660;24;baixa;27882;Tanque Fundo;Nossa Senhora do Livramento;Verde;11;Médio;Contenção de rejeitos de mineração;0;2;não avaliado;0;15;2;0;7;0
661;24;baixa;34787;Tupa 1;Poconé;Verde;15;Baixo;Contenção de rejeitos de mineração;0;3;não avaliado;0;15;2;0;7;0
662;17;baixa;31990;1A;Alta Floresta;Verde;4;Não Classificado;Aquicultura;0;8;não avaliado;0;0;2;0;15;0
663;17;baixa;31977;2B;Alta Floresta;Verde;6;Não Classificado;Aquicultura;0;8;não avaliado;0;0;2;0;15;0
664;17;baixa;36475;Agropecuária Madeirinha ? Barramento;Colniza;Verde;15;Baixo;Recreação;0;8;não avaliado;0;0;2;0;15;0
665;17;baixa;8106;Assentamento Tio Elias;Itiquira;Verde;3;Baixo;Abastecimento humano;0;8;não avaliado;0;0;2;0;15;0
666;17;baixa;26334;Associação dos Trabalhadores Rurais do Projeto de Assentamento Mãe Maria Núcleo Imbu e Vizinhos - ITOG;São Félix do Araguaia;Verde;4;Não Classificado;Aquicultura;0;8;não avaliado;0;0;2;0;15;0
667;17;baixa;29886;B1;Araguaiana;Verde;7;Baixo;Irrigação;0;5;não avaliado;0;0;2;0;15;0
668;17;baixa;35097;B1;Araguaiana;Verde;5;Baixo;Dessedentação Animal;0;5;não avaliado;0;0;2;0;15;0
669;17;baixa;29889;B2;Araguaiana;Verde;5;Baixo;Irrigação;0;8;não avaliado;0;0;2;0;15;0
670;17;baixa;29894;B3;Araguaiana;Verde;5;Baixo;Irrigação;0;8;não avaliado;0;0;2;0;15;0
671;17;baixa;28918;BARRAGEM 03;Santa Cruz do Xingu;Verde;4;Baixo;Dessedentação Animal;0;8;não avaliado;0;0;2;0;15;0
672;17;baixa;28863;BARRAGEM 13;Santa Cruz do Xingu;Verde;4;Baixo;Dessedentação Animal;0;8;não avaliado;0;0;2;0;15;0
673;17;baixa;36541;BARRAGEM ANGICO;Vila Rica;Verde;10;Baixo;Dessedentação Animal;0;8;não avaliado;0;0;2;0;15;0
674;17;baixa;35232;BARRAGEM CRUZEIRO DO SUL 2;Tabaporã;Verde;15;Baixo;Irrigação;0;8;não avaliado;0;0;2;0;15;0
675;17;baixa;36570;BARRAGEM I;Ribeirão Cascalheira;Verde;5;Baixo;Abastecimento humano;0;8;não avaliado;0;0;2;0;15;0
676;17;baixa;36494;BARRAGEM IBF;Primavera do Leste;Verde;5;Baixo;Irrigação;0;8;não avaliado;0;0;2;0;15;0
677;17;baixa;35109;BARRAGEM II;Querência;Verde;6;Baixo;Dessedentação Animal;0;8;não avaliado;0;0;2;0;15;0
678;17;baixa;32118;BARRAGEM NA FAZENDA WENTZ;Querência;Verde;15;Baixo;Irrigação;0;8;não avaliado;0;0;2;0;15;0
679;17;baixa;35253;BARRAGEM PRINCIPAL 1A;Canarana;Verde;4;Não Classificado;Paisagismo;0;8;não avaliado;0;0;2;0;15;0
680;17;baixa;35629;BARRAGEM SM3;Itiquira;Verde;7;Baixo;Aquicultura;0;8;não avaliado;0;0;2;0;15;0
681;17;baixa;35650;BARRAGEM SÃO JOSÉ II;Querência;Verde;6;Baixo;Irrigação;0;8;não avaliado;0;0;2;0;15;0
682;17;baixa;35164;BARRAGEM TROJAN;Primavera do Leste;Verde;5;Baixo;Irrigação;0;8;não avaliado;0;0;2;0;15;0
683;17;baixa;35114;BARRAGEM XI - DO PERERECA;Querência;Verde;15;Baixo;Aquicultura;0;8;não avaliado;0;0;2;0;15;0
684;17;baixa;35155;BARRAMENTO I;Guarantã do Norte;Verde;14;Baixo;Dessedentação Animal;0;8;não avaliado;0;0;2;0;15;0
685;17;baixa;21862;BONANZA;Alta Floresta;Verde;5;Baixo;Industrial;0;8;não avaliado;0;0;2;0;15;0
686;17;baixa;33352;Barragem 01 – Fazenda Esplanada;São Félix do Araguaia;Verde;13;Baixo;Irrigação;0;8;não avaliado;0;0;2;0;15;0
687;17;baixa;31371;Barragem 01 – Fazenda Ubatuba;São José do Xingu;Verde;4;Médio;Irrigação;0;8;não avaliado;0;0;2;0;15;0
688;17;baixa;33384;Barragem 02 – Fazenda Esplanada;São Félix do Araguaia;Verde;13;Baixo;Irrigação;0;8;não avaliado;0;0;2;0;15;0
689;17;baixa;31551;Barragem 07 - Fazenda Zeniiti III;Alta Floresta;Verde;7;Baixo;Aquicultura;0;8;não avaliado;0;0;2;0;15;0
690;17;baixa;34718;Barragem 1 - Fazenda Dois Filhos;Nortelândia;Verde;5;Não Classificado;Paisagismo;0;8;não avaliado;0;0;2;0;15;0
691;17;baixa;32386;Barragem 1 - Fazenda Mirandopolis;Juscimeira;Verde;13;Não Classificado;Proteção do meio ambiente;0;8;não avaliado;0;0;2;0;15;0
692;17;baixa;26448;Barragem 1 - PREFEITURA MUNICIPAL DE CAMPO VERDE;Campo Verde;Verde;5;Médio;Recreação;0;7;não avaliado;0;0;2;0;15;0
693;17;baixa;31622;Barragem 1 Fazenda Pesa III;São José do Xingu;Verde;4;Baixo;Irrigação;0;8;não avaliado;0;0;2;0;15;0
694;17;baixa;36103;Barragem 1 Fazenda Primavera;Vila Rica;Verde;5;Baixo;Recreação;0;8;não avaliado;0;0;2;0;15;0
695;17;baixa;34567;Barragem 1 Fazenda Santa Maria;Barra do Bugres;Verde;7;Baixo;Irrigação;0;8;não avaliado;0;0;2;0;15;0
696;17;baixa;26671;Barragem 2;Nossa Senhora do Livramento;Verde;5;Baixo;Industrial;0;8;não avaliado;0;0;2;0;15;0
697;17;baixa;28361;Barragem 2;Santa Cruz do Xingu;Verde;4;Baixo;Dessedentação Animal;0;8;não avaliado;0;0;2;0;15;0
698;17;baixa;31722;Barragem 2  Fazenda Sossego;Nossa Senhora do Livramento;Verde;11;Baixo;Industrial;0;8;não avaliado;0;0;2;0;15;0
699;17;baixa;34535;Barragem 4;Santa Cruz do Xingu;Verde;6;Baixo;Dessedentação Animal;0;8;não avaliado;0;0;2;0;15;0
700;17;baixa;28304;Barragem 4;Várzea Grande;Verde;9;Médio;Paisagismo;0;8;não avaliado;0;0;2;0;15;0
701;17;baixa;34536;Barragem 5;Santa Cruz do Xingu;Verde;6;Baixo;Dessedentação Animal;0;8;não avaliado;0;0;2;0;15;0
702;17;baixa;34537;Barragem 6;Santa Cruz do Xingu;Verde;6;Baixo;Dessedentação Animal;0;8;não avaliado;0;0;2;0;15;0
703;17;baixa;34534;Barragem 7;Santa Cruz do Xingu;Verde;6;Baixo;Dessedentação Animal;0;8;não avaliado;0;0;2;0;15;0
704;17;baixa;35283;Barragem Agrocentro;Barra do Garças;Verde;5;Baixo;Paisagismo;0;8;não avaliado;0;0;2;0;15;0
705;17;baixa;22627;Barragem Aldeia Isibaiadzatsi;Bom Jesus do Araguaia;Verde;4;Não Classificado;Irrigação;0;8;não avaliado;0;0;2;0;15;0
706;17;baixa;35161;Barragem B1 - Fazenda Sol Nascente;Pontal do Araguaia;Verde;12;Médio;Irrigação;0;8;não avaliado;0;0;2;0;15;0
707;17;baixa;36477;Barragem B2;Araguaiana;Verde;14;Baixo;Regularização de vazão;0;8;não avaliado;0;0;2;0;15;0
708;17;baixa;36473;Barragem B3;Araguaiana;Verde;11;Baixo;Regularização de vazão;0;8;não avaliado;0;0;2;0;15;0
709;17;baixa;27753;Barragem B9;Santa Cruz do Xingu;Verde;4;Baixo;Dessedentação Animal;0;8;não avaliado;0;0;2;0;15;0
710;17;baixa;35489;Barragem Bom Jesus do Kuluene;Gaúcha do Norte;Verde;3;Baixo;Paisagismo;0;8;não avaliado;0;0;2;0;15;0
711;17;baixa;34730;Barragem Bravin;Primavera do Leste;Verde;5;Baixo;Irrigação;0;8;não avaliado;0;0;2;0;15;0
712;17;baixa;31784;Barragem Canaã;Tapurah;Verde;6;Baixo;Aquicultura;0;5;não avaliado;0;0;2;0;15;0
713;17;baixa;35121;Barragem Canário;Barra do Garças;Verde;14;Baixo;Irrigação;0;5;não avaliado;0;0;2;0;15;0
714;17;baixa;6156;Barragem Carnaíba;Mirassol d'Oeste;Verde;7;Baixo;Abastecimento humano;0;8;não avaliado;0;0;2;0;15;0
715;17;baixa;28719;Barragem Carnaíba;Mirassol d'Oeste;Verde;14;Médio;Abastecimento humano;0;8;não avaliado;0;0;2;0;15;0
716;17;baixa;35021;Barragem Charrua;Campo Verde;Verde;7;Baixo;Dessedentação Animal;0;8;não avaliado;0;0;2;0;15;0
717;17;baixa;36573;Barragem Comodoro;Comodoro;Verde;15;Baixo;Abastecimento humano;0;8;não avaliado;0;0;2;0;15;0
718;17;baixa;35148;Barragem Fazenda Ana Paula;Itiquira;Verde;7;Baixo;Irrigação;0;6;não avaliado;0;0;2;0;15;0
719;17;baixa;35248;Barragem Fazenda Divisa;Vila Rica;Verde;5;Baixo;Irrigação;0;6;não avaliado;0;0;2;0;15;0
720;17;baixa;34579;Barragem Fazenda Dois Filhos;Água Boa;Verde;5;Baixo;Abastecimento humano;0;6;não avaliado;0;0;2;0;15;0
721;17;baixa;35382;Barragem Fazenda Jaó II;Nova Xavantina;Verde;14;Baixo;Irrigação;0;6;não avaliado;0;0;2;0;15;0
722;17;baixa;37420;Barragem Fazenda Laualo – Morada Nova;São Félix do Araguaia;Verde;5;Baixo;Recreação;0;6;não avaliado;0;0;2;0;15;0
723;17;baixa;37419;Barragem Fazenda Marajoara;Itiquira;Verde;12;Médio;Dessedentação Animal;0;6;não avaliado;0;0;2;0;15;0
724;17;baixa;31618;Barragem Fazenda Morada do Sol;Cáceres;Verde;5;Baixo;Dessedentação Animal;0;6;não avaliado;0;0;2;0;15;0
725;17;baixa;36502;Barragem Fazenda Passo Fundo;Canarana;Verde;4;Baixo;Irrigação;0;6;não avaliado;0;0;2;0;15;0
726;17;baixa;35239;Barragem Fazenda Sagarana;Canarana;Verde;5;Baixo;Dessedentação Animal;0;6;não avaliado;0;0;2;0;15;0
727;17;baixa;35226;Barragem Fazenda Santa Fé do Colorado;Itiquira;Verde;7;Baixo;Dessedentação Animal;0;6;não avaliado;0;0;2;0;15;0
728;17;baixa;35149;Barragem Fazenda Tocantins;Nova Ubiratã;Verde;8;Baixo;Irrigação;0;6;não avaliado;0;0;2;0;15;0
729;17;baixa;31635;Barragem I - Fazenda Batista;Brasnorte;Verde;4;Baixo;Irrigação;0;8;não avaliado;0;0;2;0;15;0
730;17;baixa;35339;Barragem I - Fazenda Jerusalém VIII;Água Boa;Verde;5;Baixo;Paisagismo;0;8;não avaliado;0;0;2;0;15;0
731;17;baixa;34767;Barragem I - Fazenda Lagoa Vermelha;Canarana;Verde;5;Baixo;Irrigação;0;8;não avaliado;0;0;2;0;15;0
732;17;baixa;37352;Barragem I - Fazenda Mariana II;Alta Floresta;Verde;7;Baixo;Recreação;0;8;não avaliado;0;0;2;0;15;0
733;17;baixa;34774;Barragem I - Fazenda Santa Maria do Jurigue;Pedra Preta;Verde;13;Baixo;Irrigação;0;8;não avaliado;0;0;2;0;15;0
734;17;baixa;34599;Barragem I - Fazenda Tapena – Gleba Santa Maria-M-4863;Tabaporã;Verde;15;Baixo;Irrigação;0;8;não avaliado;0;0;2;0;15;0
735;17;baixa;36649;Barragem I - Fazenda Água Cristalina;Alto Boa Vista;Verde;7;Baixo;Irrigação;0;8;não avaliado;0;0;2;0;15;0
736;17;baixa;31362;Barragem II;Querência;Verde;15;Baixo;Irrigação;0;8;não avaliado;0;0;2;0;15;0
737;17;baixa;37353;Barragem II - Fazenda Mariana II;Alta Floresta;Verde;7;Baixo;Recreação;0;8;não avaliado;0;0;2;0;15;0
738;17;baixa;36534;Barragem II - Fazenda Santa Maria do Jurigue;Pedra Preta;Verde;14;Baixo;Irrigação;0;8;não avaliado;0;0;2;0;15;0
739;17;baixa;35483;Barragem II - Tanque II;Serra Nova Dourada;Verde;12;Médio;Aquicultura;0;8;não avaliado;0;0;2;0;15;0
740;17;baixa;31363;Barragem III;Querência;Verde;15;Baixo;Irrigação;0;8;não avaliado;0;0;2;0;15;0
741;17;baixa;35484;Barragem III;Serra Nova Dourada;Verde;11;Não Classificado;Aquicultura;0;8;não avaliado;0;0;2;0;15;0
742;17;baixa;35126;Barragem III ? Fazenda Nossa Senhora Aparecida;Araguaiana;Verde;5;Baixo;Dessedentação Animal;0;8;não avaliado;0;0;2;0;15;0
743;17;baixa;36278;Barragem Jusante Fazenda Santa Filipina;Santa Cruz do Xingu;Verde;13;Baixo;Recreação;0;8;não avaliado;0;0;2;0;15;0
744;17;baixa;36559;Barragem Lago Bétis;Querência;Verde;15;Médio;Recreação;0;8;não avaliado;0;0;2;0;15;0
745;17;baixa;35568;Barragem Lagoa Dourada;Querência;Verde;6;Baixo;Irrigação;0;8;não avaliado;0;0;2;0;15;0
746;17;baixa;36503;Barragem Montante Fazenda Passo Fundo;Canarana;Verde;4;Baixo;Irrigação;0;8;não avaliado;0;0;2;0;15;0
747;17;baixa;34750;Barragem Mutuca;Nossa Senhora do Livramento;Verde;7;Baixo;Industrial;0;8;não avaliado;0;0;2;0;15;0
748;17;baixa;32740;Barragem Nogueira I e II;Santo Antônio do Leste;Verde;12;Baixo;Aquicultura;0;8;não avaliado;0;0;2;0;15;0
749;17;baixa;35273;Barragem Nossa Senhora Aparecida;Barra do Garças;Verde;5;Baixo;Aquicultura;0;8;não avaliado;0;0;2;0;15;0
750;17;baixa;34482;Barragem Paranoá;Mirassol d'Oeste;Verde;9;Médio;Abastecimento humano;0;8;não avaliado;0;0;2;0;15;0
751;17;baixa;36679;Barragem Perin II;Tangará da Serra;Verde;8;Médio;Aquicultura;0;8;não avaliado;0;0;2;0;15;0
752;17;baixa;36680;Barragem Perin II (a montante);Tangará da Serra;Verde;8;Médio;Aquicultura;0;8;não avaliado;0;0;2;0;15;0
753;17;baixa;20151;Barragem Planalto;Primavera do Leste;Verde;3;Baixo;Irrigação;0;8;não avaliado;0;0;2;0;15;0
754;17;baixa;35077;Barragem Primavera;Tangará da Serra;Verde;8;Baixo;Dessedentação Animal;0;8;não avaliado;0;0;2;0;15;0
755;17;baixa;35409;Barragem Principal;Santa Cruz do Xingu;Verde;6;Baixo;Recreação;0;8;não avaliado;0;0;2;0;15;0
756;17;baixa;30909;Barragem Principal;Água Boa;Verde;16;Médio;Irrigação;0;8;não avaliado;0;0;2;0;15;0
757;17;baixa;27404;Barragem Ramax;Novo Horizonte do Norte;Verde;12;Baixo;Dessedentação Animal;0;8;não avaliado;0;0;2;0;15;0
758;17;baixa;34700;Barragem Rios Psicultura - a montante;Tangará da Serra;Verde;13;Médio;Aquicultura;0;8;não avaliado;0;0;2;0;15;0
759;17;baixa;35176;Barragem Rotacionado 15 ? Fazenda Gravataí;Itiquira;Verde;6;Baixo;Irrigação;0;8;não avaliado;0;0;2;0;15;0
760;17;baixa;33351;Barragem Taquaral I;Nossa Senhora do Livramento;Verde;10;Baixo;Dessedentação Animal;0;8;não avaliado;0;0;2;0;15;0
761;17;baixa;37412;Barragem Terra Nova;Barra do Garças;Verde;5;Baixo;Irrigação;0;8;não avaliado;0;0;2;0;15;0
762;17;baixa;35084;Barragem Terra Nova;Gaúcha do Norte;Verde;5;Baixo;Irrigação;0;8;não avaliado;0;0;2;0;15;0
763;17;baixa;35486;Barragem V;Serra Nova Dourada;Verde;11;Não Classificado;Aquicultura;0;5;não avaliado;0;0;2;0;15;0
764;17;baixa;35127;Barragem V -  Fazenda Nossa Senhora Aparecida;Araguaiana;Verde;5;Baixo;Dessedentação Animal;0;8;não avaliado;0;0;2;0;15;0
765;17;baixa;35488;Barragem VI;Serra Nova Dourada;Verde;12;Médio;Aquicultura;0;8;não avaliado;0;0;2;0;15;0
766;17;baixa;35152;Barragem Vitória I ? Principal;Barra do Garças;Verde;5;Baixo;Paisagismo;0;8;não avaliado;0;0;2;0;15;0
767;17;baixa;36615;Barragem XIV ? Fazenda Buriti;Araguaiana;Verde;5;Baixo;Dessedentação Animal;0;8;não avaliado;0;0;2;0;15;0
768;17;baixa;30591;Barragem na Fazenda Gera;Campo Novo do Parecis;Verde;16;Baixo;Dessedentação Animal;0;8;não avaliado;0;0;2;0;15;0
769;17;baixa;35059;Barragem na Fazenda Havaí;São José do Xingu;Verde;4;Baixo;Recreação;0;8;não avaliado;0;0;2;0;15;0
770;17;baixa;30922;Barragem na Fazenda Izabel;Rondonópolis;Verde;7;Baixo;Irrigação;0;8;não avaliado;0;0;2;0;15;0
771;17;baixa;31661;Barragem na Fazenda Nova Esperança II;Canarana;Verde;5;Baixo;Irrigação;0;8;não avaliado;0;0;2;0;15;0
772;17;baixa;31048;Barragem na Fazenda Santa Fé;Canarana;Verde;5;Baixo;Dessedentação Animal;0;8;não avaliado;0;0;2;0;15;0
773;17;baixa;8176;Barragem principal Estância Bahia Leilões;Água Boa;Verde;5;Baixo;Irrigação;0;8;não avaliado;0;0;2;0;15;0
774;17;baixa;35091;Barragem Ághata II;Santa Cruz do Xingu;Verde;6;Baixo;Irrigação;0;8;não avaliado;0;0;2;0;15;0
775;17;baixa;20133;Barragem Água Azul;Campo Verde;Verde;5;Baixo;Aquicultura;0;5;não avaliado;0;0;2;0;15;0
776;17;baixa;35223;Barramento (Principal) - Fazenda Progresso;Tabaporã;Verde;15;Baixo;Paisagismo;0;8;não avaliado;0;0;2;0;15;0
777;17;baixa;35166;Barramento (montante) - Fazenda Ranchinho;Nova Maringá;Verde;14;Baixo;Irrigação;0;8;não avaliado;0;0;2;0;15;0
778;17;baixa;34480;Barramento - Fazenda Alvorada II;Sinop;Verde;8;Baixo;Paisagismo;0;8;não avaliado;0;0;2;0;15;0
779;17;baixa;34585;Barramento - Fazenda Cristalino III;Alta Floresta;Verde;10;Baixo;Irrigação;0;8;não avaliado;0;0;2;0;15;0
780;17;baixa;35075;Barramento - Fazenda Estância Gaúcha;Campo Novo do Parecis;Verde;16;Baixo;Irrigação;0;8;não avaliado;0;0;2;0;15;0
781;17;baixa;34545;Barramento - Fazenda Fiorese I;Feliz Natal;Verde;10;Baixo;Irrigação;0;8;não avaliado;0;0;2;0;15;0
782;17;baixa;35913;Barramento - Fazenda Galerinha;Vila Bela da Santíssima Trindade;Verde;9;Baixo;Aquicultura;0;8;não avaliado;0;0;2;0;15;0
783;17;baixa;26335;Barramento - Fazenda Guapeva;Bom Jesus do Araguaia;Verde;13;Baixo;Irrigação;0;8;não avaliado;0;0;2;0;15;0
784;17;baixa;7966;Barramento - Fazenda Horizonte VI;Campo Novo do Parecis;Verde;9;Baixo;Irrigação;0;8;não avaliado;0;0;2;0;15;0
785;17;baixa;35019;Barramento - Fazenda Paraná - São Bento;Brasnorte;Verde;7;Baixo;Irrigação;0;8;não avaliado;0;0;2;0;15;0
786;17;baixa;30960;Barramento - Fazenda Progresso I e II;Primavera do Leste;Verde;5;Médio;Irrigação;0;8;não avaliado;0;0;2;0;15;0
787;17;baixa;35132;Barramento - Fazenda Santa Maria - Gleba A;Campo Novo do Parecis;Verde;7;Baixo;Recreação;0;8;não avaliado;0;0;2;0;15;0
788;17;baixa;36061;Barramento - Fazenda São Matheus I;Poxoréu;Verde;14;Baixo;Irrigação;0;8;não avaliado;0;0;2;0;15;0
789;17;baixa;35005;Barramento - Fazenda Tropeiro Velho IV e V;Alta Floresta;Verde;18;Baixo;Irrigação;0;8;não avaliado;0;0;2;0;15;0
790;17;baixa;35118;Barramento 05 - Fazenda Zeniiti III;Alta Floresta;Verde;7;Médio;Aquicultura;0;8;não avaliado;0;0;2;0;15;0
791;17;baixa;30939;Barramento 09;Barra do Bugres;Verde;16;Baixo;Irrigação;0;8;não avaliado;0;0;2;0;15;0
792;17;baixa;35410;Barramento 1 (montante);Santa Cruz do Xingu;Verde;6;Baixo;Recreação;0;8;não avaliado;0;0;2;0;15;0
793;17;baixa;35020;Barramento 1 (montante) - Fazenda Paraná - São Bento;Brasnorte;Verde;7;Baixo;Irrigação;0;8;não avaliado;0;0;2;0;15;0
794;17;baixa;34001;Barramento 1 - Fazenda Progresso Vista Alegre;Canarana;Verde;5;Baixo;Irrigação;0;8;não avaliado;0;0;2;0;15;0
795;17;baixa;35411;Barramento 1.1;Santa Cruz do Xingu;Verde;6;Baixo;Recreação;0;8;não avaliado;0;0;2;0;15;0
796;17;baixa;35110;Barramento 10 - Fazenda Zeniiti III;Alta Floresta;Verde;7;Médio;Aquicultura;0;8;não avaliado;0;0;2;0;15;0
797;17;baixa;35113;Barramento 12 - fazenda Zeniiti III;Alta Floresta;Verde;7;Médio;Aquicultura;0;8;não avaliado;0;0;2;0;15;0
798;17;baixa;34519;Barramento 15 - Fazenda Zeniiti III;Alta Floresta;Verde;12;Médio;Paisagismo;0;8;não avaliado;0;0;2;0;15;0
799;17;baixa;34520;Barramento 16 - Montante;Alta Floresta;Verde;12;Médio;Aquicultura;0;8;não avaliado;0;0;2;0;15;0
800;17;baixa;34521;Barramento 17 (montante) - Fazenda Zeniiti III;Alta Floresta;Verde;9;Médio;Aquicultura;0;8;não avaliado;0;0;2;0;15;0
801;17;baixa;34522;Barramento 18 (montante) - Fazenda Zeniiti III;Alta Floresta;Verde;9;Médio;Aquicultura;0;8;não avaliado;0;0;2;0;15;0
802;17;baixa;35179;Barramento 2 MONTANTE - Fazenda São Luiz;São Félix do Araguaia;Verde;5;Baixo;Paisagismo;0;8;não avaliado;0;0;2;0;15;0
803;17;baixa;34991;Barramento 2 Principal - Fazenda Cocal;Canarana;Verde;7;Baixo;Irrigação;0;8;não avaliado;0;0;2;0;15;0
804;17;baixa;34707;Barramento 2 – Fazenda Santa Maria;Barra do Bugres;Verde;7;Baixo;Irrigação;0;8;não avaliado;0;0;2;0;15;0
805;17;baixa;35630;Barramento 2A - Fazenda Santa Helena;Canarana;Verde;5;Baixo;Paisagismo;0;8;não avaliado;0;0;2;0;15;0
806;17;baixa;34992;Barramento 3 Montante - Fazenda Cocal;Canarana;Verde;7;Baixo;Irrigação;0;8;não avaliado;0;0;2;0;15;0
807;17;baixa;34706;Barramento 3 – Fazenda Santa Maria;Barra do Bugres;Verde;7;Baixo;Irrigação;0;8;não avaliado;0;0;2;0;15;0
808;17;baixa;31998;Barramento Aeroporto Municipal de Juína;Juína;Verde;7;Médio;Paisagismo;0;8;não avaliado;0;0;2;0;15;0
809;17;baixa;37430;Barramento Caxambu II;Querência;Verde;15;Baixo;Irrigação;0;8;não avaliado;0;0;2;0;15;0
810;17;baixa;32077;Barramento Fazenda Bonanza;Santa Cruz do Xingu;Verde;6;Baixo;Dessedentação Animal;0;8;não avaliado;0;0;2;0;15;0
811;17;baixa;243;Barramento Fazenda Maranata e Maranata II;Primavera do Leste;Verde;7;Baixo;Irrigação;0;8;não avaliado;0;0;2;0;15;0
812;17;baixa;36671;Barramento Fazenda Ouro Branco;Barra do Bugres;Verde;14;Baixo;Irrigação;0;8;não avaliado;0;0;2;0;15;0
813;17;baixa;36496;Barramento Fazenda Primavera;Vila Rica;Verde;5;Baixo;Recreação;0;8;não avaliado;0;0;2;0;15;0
814;17;baixa;36436;Barramento Fazenda Santana;Água Boa;Verde;5;Baixo;Irrigação;0;8;não avaliado;0;0;2;0;15;0
815;17;baixa;35185;Barramento Fazenda São Luiz;Água Boa;Verde;5;Baixo;Irrigação;0;8;não avaliado;0;0;2;0;15;0
816;17;baixa;26570;Barramento Fazenda Trabuco;Poconé;Verde;8;Baixo;Dessedentação Animal;0;8;não avaliado;0;0;2;0;15;0
817;17;baixa;31568;Barramento Fazenda Vera Cruz;Barra do Garças;Verde;5;Baixo;Irrigação;0;8;não avaliado;0;0;2;0;15;0
818;17;baixa;35135;Barramento Green Fish;Paranaíta;Verde;9;Baixo;Aquicultura;0;8;não avaliado;0;0;2;0;15;0
819;17;baixa;36409;Barramento I;Gaúcha do Norte;Verde;5;Baixo;Recreação;0;8;não avaliado;0;0;2;0;15;0
820;17;baixa;331;Barramento I (montante)  Fazenda São Domingos;Primavera do Leste;Verde;5;Baixo;Irrigação;0;8;não avaliado;0;0;2;0;15;0
821;17;baixa;330;Barramento I (montante) ?  Fazenda São Domingos;Primavera do Leste;Verde;5;Baixo;Irrigação;0;8;não avaliado;0;0;2;0;15;0
822;17;baixa;34580;Barramento I - Fazenda Recanto;Tabaporã;Verde;8;Baixo;Irrigação;0;8;não avaliado;0;0;2;0;15;0
823;17;baixa;36365;Barramento I - Fazenda Três Coqueiros;Brasnorte;Verde;6;Baixo;Recreação;0;8;não avaliado;0;0;2;0;15;0
824;17;baixa;31360;Barramento I - Rio Fontoura Agropecuária;São Félix do Araguaia;Verde;5;Baixo;Irrigação;0;8;não avaliado;0;0;2;0;15;0
825;17;baixa;36618;Barramento I ? Fazenda Caetetu;Sapezal;Verde;8;Baixo;Irrigação;0;8;não avaliado;0;0;2;0;15;0
826;17;baixa;35225;Barramento II (Montante) - Fazenda Progresso;Tabaporã;Verde;15;Baixo;Paisagismo;0;8;não avaliado;0;0;2;0;15;0
827;17;baixa;34554;Barramento II - Fazenda Fiorese I;Feliz Natal;Verde;10;Baixo;Irrigação;0;8;não avaliado;0;0;2;0;15;0
828;17;baixa;31779;Barramento II - Fazenda Gravataí;Itiquira;Verde;16;Baixo;Dessedentação Animal;0;8;não avaliado;0;0;2;0;15;0
829;17;baixa;36004;Barramento II - Fazenda São Domingos;Primavera do Leste;Verde;5;Baixo;Irrigação;0;8;não avaliado;0;0;2;0;15;0
830;17;baixa;36366;Barramento II - Fazenda Três Coqueiros;Brasnorte;Verde;6;Baixo;Recreação;0;8;não avaliado;0;0;2;0;15;0
831;17;baixa;36332;Barramento II ? Fazenda São Domingos;Primavera do Leste;Verde;5;Baixo;Irrigação;0;8;não avaliado;0;0;2;0;15;0
832;17;baixa;36493;Barramento II Fazenda Espigão do Leste;São Félix do Araguaia;Verde;5;Baixo;Recreação;0;8;não avaliado;0;0;2;0;15;0
833;17;baixa;36650;Barramento II Fazenda Água Cristalina;Serra Nova Dourada;Verde;7;Baixo;Irrigação;0;8;não avaliado;0;0;2;0;15;0
834;17;baixa;36005;Barramento III (montante) ? Fazenda São Domingos;Primavera do Leste;Verde;5;Baixo;Paisagismo;0;8;não avaliado;0;0;2;0;15;0
835;17;baixa;36367;Barramento III - Fazenda Três Coqueiros;Brasnorte;Verde;6;Baixo;Recreação;0;8;não avaliado;0;0;2;0;15;0
836;17;baixa;35250;Barramento III Fazenda Cocal;Canarana;Verde;5;Baixo;Irrigação;0;8;não avaliado;0;0;2;0;15;0
837;17;baixa;36335;Barramento III? Fazenda São Domingos;Primavera do Leste;Verde;5;Baixo;Irrigação;0;8;não avaliado;0;0;2;0;15;0
838;17;baixa;36612;Barramento Juruena;Juruena;Verde;4;Médio;Irrigação;0;8;não avaliado;0;0;2;0;15;0
839;17;baixa;33943;Barramento Juína - Montante;Juína;Verde;7;Médio;Paisagismo;0;8;não avaliado;0;0;2;0;15;0
840;17;baixa;33942;Barramento Juína - Principal;Juína;Verde;7;Médio;Paisagismo;0;8;não avaliado;0;0;2;0;15;0
841;17;baixa;33944;Barramento Juína – Montante 2;Juína;Verde;7;Médio;Paisagismo;0;8;não avaliado;0;0;2;0;15;0
842;17;baixa;32067;Barramento Lagoa da Garça;Juína;Verde;7;Médio;Paisagismo;0;8;não avaliado;0;0;2;0;15;0
843;17;baixa;31785;Barramento Montante;Tapurah;Verde;6;Baixo;Aquicultura;0;8;não avaliado;0;0;2;0;15;0
844;17;baixa;8166;Barramento Principal - Fazenda Estância Bahia II;Água Boa;Verde;5;Baixo;Irrigação;0;8;não avaliado;0;0;2;0;15;0
845;17;baixa;32449;Barramento Principal – Fazenda Jaó;Nova Xavantina;Verde;16;Baixo;Irrigação;0;8;não avaliado;0;0;2;0;15;0
846;17;baixa;36574;Barramento Rancho Grande;Indiavaí;Verde;13;Baixo;Dessedentação Animal;0;8;não avaliado;0;0;2;0;15;0
847;17;baixa;35856;Barramento Salinas 2;Nossa Senhora do Livramento;Verde;9;Baixo;Industrial;0;8;não avaliado;0;0;2;0;15;0
848;17;baixa;35760;Barramento Santa Rita;São José do Povo;Verde;12;Baixo;Dessedentação Animal;0;8;não avaliado;0;0;2;0;15;0
849;17;baixa;35124;Barramento Sítio Recanto da Natureza;Sinop;Verde;5;Baixo;Paisagismo;0;8;não avaliado;0;0;2;0;15;0
850;17;baixa;34581;Barramento montante - Fazenda Recanto;Tabaporã;Verde;8;Baixo;Irrigação;0;8;não avaliado;0;0;2;0;15;0
851;17;baixa;35914;Barramento montante - Galerinha;Vila Bela da Santíssima Trindade;Verde;9;Baixo;Aquicultura;0;8;não avaliado;0;0;2;0;15;0
852;17;baixa;34623;Barramento montante – Fazenda São Sebastião;Barra do Bugres;Verde;14;Baixo;Dessedentação Animal;0;8;não avaliado;0;0;2;0;15;0
853;17;baixa;35228;Barramento principal - Fazenda Rio da Mata;Carlinda;Verde;16;Baixo;Recreação;0;8;não avaliado;0;0;2;0;15;0
854;17;baixa;34622;Barramento – Fazenda São Sebastião;Barra do Bugres;Verde;14;Baixo;Dessedentação Animal;0;8;não avaliado;0;0;2;0;15;0
855;17;baixa;33076;Barramento – Munícipio de Bom Jesus do Araguaia;Bom Jesus do Araguaia;Verde;4;Não Classificado;Recreação;0;8;não avaliado;0;0;2;0;15;0
856;17;baixa;4739;CGH Aripuanã - Dique da UHE Dardanelos;Aripuanã;Verde;5;Baixo;Hidroelétrica;0;8;não avaliado;0;0;2;0;15;0
857;17;baixa;23957;CGH Caramujo - Barramento Caramujo;Salto do Céu;Verde;12;Baixo;Hidroelétrica;0;8;não avaliado;0;0;2;0;15;0
858;17;baixa;34185;CGH Cocal (75 Kw) - MCH COCAL;Canarana;Verde;3;Baixo;Hidroelétrica;0;8;não avaliado;0;0;2;0;15;0
859;17;baixa;23987;CGH Desiderio - Barragem 1;Campinápolis;Verde;12;Baixo;Hidroelétrica;0;8;não avaliado;0;0;2;0;15;0
860;17;baixa;23988;CGH Dona Assunta - Barragem 01;Campinápolis;Verde;3;Baixo;Hidroelétrica;0;8;não avaliado;0;0;2;0;15;0
861;17;baixa;20736;CGH Faxinal I - CAPTAÇÃO LATERAL SIMPLES;Aripuanã;Verde;8;Baixo;Hidroelétrica;0;8;não avaliado;0;0;2;0;15;0
862;17;baixa;34157;CGH Faxinal I - CAPTAÇÃO LATERAL SIMPLES (CGH FAXINAL I);Aripuanã;Verde;5;Baixo;Hidroelétrica;0;8;não avaliado;0;0;2;0;15;0
863;17;baixa;24306;CGH Itaquerê I - Barragem 1;Novo São Joaquim;Verde;12;Baixo;Hidroelétrica;0;8;não avaliado;0;0;2;0;15;0
864;17;baixa;24307;CGH Itaquerê II - Barragem 1;Novo São Joaquim;Verde;12;Baixo;Hidroelétrica;0;8;não avaliado;0;0;2;0;15;0
865;17;baixa;34138;CGH Jatobazinho - Jatobazinho;Paranatinga;Verde;3;Baixo;Hidroelétrica;0;8;não avaliado;0;0;2;0;15;0
866;17;baixa;23992;CGH Margarida 2 Duplicidade  - MARGARIDA;Comodoro;Verde;7;Baixo;Hidroelétrica;0;8;não avaliado;0;0;2;0;15;0
867;17;baixa;23998;CGH Masutti - MASUTTI;Campos de Júlio;Verde;16;Baixo;Hidroelétrica;0;8;não avaliado;0;0;2;0;15;0
868;17;baixa;24302;CGH Matula - CGH Matula;Novo São Joaquim;Verde;7;Baixo;Hidroelétrica;0;8;não avaliado;0;0;2;0;15;0
869;17;baixa;34038;CGH Matula I - CGH MATULA I;Novo São Joaquim;Verde;7;Baixo;Hidroelétrica;0;8;não avaliado;0;0;2;0;15;0
870;17;baixa;24089;CGH Mestre - Mestre;Jaciara;Verde;7;Baixo;Hidroelétrica;0;8;não avaliado;0;0;2;0;15;0
871;17;baixa;34836;CGH Michelin - Michelin;Itiquira;Verde;7;Baixo;Hidroelétrica;0;8;não avaliado;0;0;2;0;15;0
872;17;baixa;34123;CGH Miranda Estância - CGH Rio Piolho;Comodoro;Verde;17;Baixo;Hidroelétrica;0;8;não avaliado;0;0;2;0;15;0
873;17;baixa;23989;CGH Noidore - Barragem 01;Campinápolis;Verde;3;Baixo;Hidroelétrica;0;8;não avaliado;0;0;2;0;15;0
874;17;baixa;34137;CGH PICCINI V - CGH Piccini V;Tabaporã;Verde;13;Baixo;Hidroelétrica;0;8;não avaliado;0;0;2;0;15;0
875;17;baixa;34820;CGH PICCINI V - CGH Piccini V;Tabaporã;Verde;13;Baixo;Hidroelétrica;0;8;não avaliado;0;0;2;0;15;0
876;17;baixa;23999;CGH Rio Margarida 2 - MARGARIDA;Comodoro;Verde;10;Baixo;Hidroelétrica;0;8;não avaliado;0;0;2;0;15;0
877;17;baixa;24061;CGH Rio Vermelho - Usina Rio Vermelho;Itaúba;Verde;6;Baixo;Hidroelétrica;0;8;não avaliado;0;0;2;0;15;0
878;17;baixa;24181;CGH Ronuro - 1;Boa Esperança do Norte;Verde;4;Baixo;Hidroelétrica;0;8;não avaliado;0;0;2;0;15;0
879;17;baixa;23993;CGH SM-01 - CGH SM-01;Itiquira;Verde;5;Baixo;Hidroelétrica;0;8;não avaliado;0;0;2;0;15;0
880;17;baixa;23994;CGH SM-06 - CGH SM-06;Itiquira;Verde;5;Baixo;Hidroelétrica;0;8;não avaliado;0;0;2;0;15;0
881;17;baixa;5115;CGH Salto Belo - Barragem 01;Novo São Joaquim;Verde;3;Baixo;Hidroelétrica;0;8;não avaliado;0;0;2;0;15;0
882;17;baixa;24088;CGH Santa Cecília - Santa Cecília;Jaciara;Verde;7;Baixo;Hidroelétrica;0;8;não avaliado;0;0;2;0;15;0
883;17;baixa;34134;CGH Santiago Fazenda Agrochapada - SANTIAGO;Paranatinga;Verde;3;Baixo;Hidroelétrica;0;8;não avaliado;0;0;2;0;15;0
884;17;baixa;23991;CGH Sapezal - CGH Sapezal;Sapezal;Verde;6;Baixo;Hidroelétrica;0;8;não avaliado;0;0;2;0;15;0
885;17;baixa;24022;CGH Tucunaré - CGH Tucunaré;Sapezal;Verde;7;Baixo;Hidroelétrica;0;8;não avaliado;0;0;2;0;15;0
886;17;baixa;34159;CGH Água Clara - Agua Clara;Jaciara;Verde;3;Baixo;Hidroelétrica;0;8;não avaliado;0;0;2;0;15;0
887;17;baixa;336;CHACARA NOSSA SENHORA DE FATIMA;Juína;Verde;6;Baixo;Aquicultura;0;8;não avaliado;0;0;2;0;15;0
888;17;baixa;6026;COOP. SERINGUEIROS DE OURO BRANCO;Itiquira;Verde;6;Não Classificado;Aquicultura;0;8;não avaliado;0;0;2;0;15;0
889;17;baixa;31533;Campinas;Novo São Joaquim;Verde;5;Baixo;Regularização de vazão;0;8;não avaliado;0;0;2;0;15;0
890;17;baixa;19977;Campo Experimental Empaer;Nossa Senhora do Livramento;Verde;15;Não Classificado;Aquicultura;0;8;não avaliado;0;0;2;0;15;0
891;17;baixa;36651;Chácara Esteio - Barramento I;Alta Floresta;Verde;5;Médio;Aquicultura;0;8;não avaliado;0;0;2;0;15;0
892;17;baixa;36669;Chácara Esteio ? Barramento 02;Alta Floresta;Verde;5;Baixo;Aquicultura;0;8;não avaliado;0;0;2;0;15;0
893;17;baixa;7959;Chácara Patrícia;Juína;Verde;5;Baixo;Aquicultura;0;8;não avaliado;0;0;2;0;15;0
894;17;baixa;19992;Chácara Santa Cristina;Sorriso;Verde;5;Não Classificado;Aquicultura;0;8;não avaliado;0;0;2;0;15;0
895;17;baixa;32379;Condomínio Adama Duvalle – Barragem 1;Água Boa;Verde;4;Médio;Recreação;0;8;não avaliado;0;0;2;0;15;0
896;17;baixa;26632;Córrego Tonto;Tabaporã;Verde;13;Baixo;Irrigação;0;8;não avaliado;0;0;2;0;15;0
897;17;baixa;32989;Dall Asta 2;Canarana;Verde;5;Baixo;Irrigação;0;8;não avaliado;0;0;2;0;15;0
898;17;baixa;5321;ETA QUEIMA-PÉ;Tangará da Serra;Verde;6;Médio;Abastecimento humano;0;8;não avaliado;0;0;2;0;15;0
899;17;baixa;20998;Estância Maristela - Barragem 01;Porto Esperidião;Verde;16;Não Classificado;Irrigação;0;8;não avaliado;0;0;2;0;15;0
900;17;baixa;20999;Estância Maristela - Barragem 02;Porto Esperidião;Verde;16;Não Classificado;Irrigação;0;8;não avaliado;0;0;2;0;15;0
901;17;baixa;21000;Estância Maristela - Barragem 03;Porto Esperidião;Verde;16;Não Classificado;Irrigação;0;8;não avaliado;0;0;2;0;15;0
902;17;baixa;35795;Estância Nogueira Agropecuária - Barramento;Rondonópolis;Verde;5;Baixo;Irrigação;0;8;não avaliado;0;0;2;0;15;0
903;17;baixa;21007;Estância Santa Mônica;Cáceres;Verde;17;Não Classificado;Irrigação;0;8;não avaliado;0;0;2;0;15;0
904;17;baixa;31827;FAZENDA CAMPO FLORIDO;Canarana;Verde;5;Baixo;Dessedentação Animal;0;8;não avaliado;0;0;2;0;15;0
905;17;baixa;30852;FAZENDA CELESTE III;Vera;Verde;4;Baixo;Aquicultura;0;8;não avaliado;0;0;2;0;15;0
906;17;baixa;19996;FAZENDA GUAPORÉ;Canarana;Verde;4;Não Classificado;Aquicultura;0;8;não avaliado;0;0;2;0;15;0
907;17;baixa;32400;FAZENDA HARAS;Água Boa;Verde;5;Médio;Regularização de vazão;0;7;não avaliado;0;0;2;0;15;0
908;17;baixa;5371;FAZENDA OURO BRANCO;Barra do Bugres;Verde;13;Não Classificado;Aquicultura;0;8;não avaliado;0;0;2;0;15;0
909;17;baixa;5364;FAZENDA OURO FINO;Barra do Bugres;Verde;13;Não Classificado;Aquicultura;0;8;não avaliado;0;0;2;0;15;0
910;17;baixa;5362;FAZENDA OURO FINO - Barragem 02;Barra do Bugres;Verde;13;Não Classificado;Aquicultura;0;8;não avaliado;0;0;2;0;15;0
911;17;baixa;5361;FAZENDA OURO FINO- Barragem 01;Barra do Bugres;Verde;13;Não Classificado;Aquicultura;0;8;não avaliado;0;0;2;0;15;0
912;17;baixa;31590;FLG Agro e Investimento LTDA;Itiquira;Verde;5;Baixo;Paisagismo;0;8;não avaliado;0;0;2;0;15;0
913;17;baixa;26539;FRIGOPESCA PSICULTURA E FRIGORÍFICO LTDA-EPP;Poconé;Verde;6;Baixo;Aquicultura;0;8;não avaliado;0;0;2;0;15;0
914;17;baixa;26672;Faz São Paulo;Barra do Bugres;Verde;7;Baixo;Dessedentação Animal;0;8;não avaliado;0;0;2;0;15;0
915;17;baixa;8174;Faz. Agrocentro Barra Brasil;Barra do Garças;Verde;3;Baixo;Irrigação;0;8;não avaliado;0;0;2;0;15;0
916;17;baixa;20113;Faz. Amanhecer II;Gaúcha do Norte;Verde;4;Baixo;Irrigação;0;8;não avaliado;0;0;2;0;15;0
917;17;baixa;8013;Faz. Dona Leila - Reservatório 27;Rosário Oeste;Verde;3;Baixo;Aquicultura;0;8;não avaliado;0;0;2;0;15;0
918;17;baixa;8012;Faz. Dona Leila - Reservatório 28;Rosário Oeste;Verde;3;Baixo;Aquicultura;0;8;não avaliado;0;0;2;0;15;0
919;17;baixa;8011;Faz. Dona Leila - Reservatório 29;Rosário Oeste;Verde;3;Baixo;Aquicultura;0;8;não avaliado;0;0;2;0;15;0
920;17;baixa;20739;Faz. Jacarandá;Araguaiana;Verde;10;Baixo;Irrigação;0;8;não avaliado;0;0;2;0;15;0
921;17;baixa;8066;Faz. Jatobá;Feliz Natal;Verde;13;Baixo;Irrigação;0;8;não avaliado;0;0;2;0;15;0
922;17;baixa;20140;Faz. Lavínia;Novo São Joaquim;Verde;13;Baixo;Irrigação;0;8;não avaliado;0;0;2;0;15;0
923;17;baixa;20085;Faz. Lote 69-A;Feliz Natal;Verde;12;Baixo;Irrigação;0;8;não avaliado;0;0;2;0;15;0
924;17;baixa;19850;Faz. Netolândia;Tangará da Serra;Verde;7;Baixo;Dessedentação Animal;0;8;não avaliado;0;0;2;0;15;0
925;17;baixa;7987;Faz. Ouro Fino - Barragem 05;Barra do Bugres;Verde;12;Baixo;Aquicultura;0;8;não avaliado;0;0;2;0;15;0
926;17;baixa;7985;Faz. Ouro Fino - Barragem 06;Barra do Bugres;Verde;12;Baixo;Aquicultura;0;8;não avaliado;0;0;2;0;15;0
927;17;baixa;7986;Faz. Ouro Fino - Barragem 07;Barra do Bugres;Verde;12;Baixo;Aquicultura;0;8;não avaliado;0;0;2;0;15;0
928;17;baixa;20129;Faz. Paraná;Brasnorte;Verde;6;Baixo;Irrigação;0;8;não avaliado;0;0;2;0;15;0
929;17;baixa;7988;Faz. Ponte de Pedra;Nova Maringá;Verde;12;Baixo;Aquicultura;0;8;não avaliado;0;0;2;0;15;0
930;17;baixa;19952;Faz. Reunidas 15;Paranatinga;Verde;14;Baixo;Irrigação;0;8;não avaliado;0;0;2;0;15;0
931;17;baixa;20116;Faz. Santa Terezinha;Querência;Verde;14;Não Classificado;Irrigação;0;8;não avaliado;0;0;2;0;15;0
932;17;baixa;20114;Faz. Telles Pires;Nova Canaã do Norte;Verde;4;Baixo;Dessedentação Animal;0;8;não avaliado;0;0;2;0;15;0
933;17;baixa;6475;Fazenda AFB Brasil;Barra do Garças;Verde;3;Baixo;Irrigação;0;8;não avaliado;0;0;2;0;15;0
934;17;baixa;19966;Fazenda AFB Brasil;Barra do Garças;Verde;13;Baixo;Dessedentação Animal;0;8;não avaliado;0;0;2;0;15;0
935;17;baixa;19967;Fazenda AFB Brasil;Barra do Garças;Verde;3;Baixo;Irrigação;0;8;não avaliado;0;0;2;0;15;0
936;17;baixa;19987;Fazenda Admar Galle & Filhos;Água Boa;Verde;5;Baixo;Irrigação;0;8;não avaliado;0;0;2;0;15;0
937;17;baixa;31748;Fazenda Agrocondor II;Alta Floresta;Verde;7;Médio;Dessedentação Animal;0;8;não avaliado;0;0;2;0;15;0
938;17;baixa;35487;Fazenda Aline ? Reservatório Pulmão;Querência;Verde;13;Baixo;Irrigação;0;8;não avaliado;0;0;2;0;15;0
939;17;baixa;8164;Fazenda Alto Areões - Barragem 01;Água Boa;Verde;3;Baixo;Irrigação;0;8;não avaliado;0;0;2;0;15;0
940;17;baixa;8165;Fazenda Alto Areões-Barragem 02;Água Boa;Verde;3;Baixo;Irrigação;0;8;não avaliado;0;0;2;0;15;0
941;17;baixa;20061;Fazenda Apiacás;Paranaíta;Verde;14;Baixo;Dessedentação Animal;0;8;não avaliado;0;0;2;0;15;0
942;17;baixa;8159;Fazenda Araribá;Canarana;Verde;3;Baixo;Dessedentação Animal;0;8;não avaliado;0;0;2;0;15;0
943;17;baixa;34484;Fazenda Bacuri, Cachoeira e Castanheira;Juara;Verde;7;Baixo;Dessedentação Animal;0;8;não avaliado;0;0;2;0;15;0
944;17;baixa;7961;Fazenda Barra Grande II- Barragem I;Juruena;Verde;5;Baixo;Aquicultura;0;8;não avaliado;0;0;2;0;15;0
945;17;baixa;7962;Fazenda Barra Grande II- Barragem II;Juruena;Verde;4;Baixo;Aquicultura;0;8;não avaliado;0;0;2;0;15;0
946;17;baixa;7960;Fazenda Barra Grande II- Barragem III;Juruena;Verde;14;Baixo;Aquicultura;0;8;não avaliado;0;0;2;0;15;0
947;17;baixa;21011;Fazenda Bela Vista;Guarantã do Norte;Verde;4;Não Classificado;Irrigação;0;8;não avaliado;0;0;2;0;15;0
948;17;baixa;21001;Fazenda Boa Vista;Planalto da Serra;Verde;11;Não Classificado;Irrigação;0;8;não avaliado;0;0;2;0;15;0
949;17;baixa;27745;Fazenda Boitanga;Tangará da Serra;Verde;6;Baixo;Irrigação;0;8;não avaliado;0;0;2;0;15;0
950;17;baixa;37351;Fazenda Bom Jesus;Campo Novo do Parecis;Verde;6;Baixo;Irrigação;0;8;não avaliado;0;0;2;0;15;0
951;17;baixa;21010;Fazenda Bom Pastor;Cáceres;Verde;17;Não Classificado;Irrigação;0;8;não avaliado;0;0;2;0;15;0
952;17;baixa;36571;Fazenda Brasil Central;Confresa;Verde;7;Baixo;Irrigação;0;8;não avaliado;0;0;2;0;15;0
953;17;baixa;34993;Fazenda Brasil Central ? Barramento I;Confresa;Verde;5;Baixo;Irrigação;0;8;não avaliado;0;0;2;0;15;0
954;17;baixa;35003;Fazenda Brasil Central ? Barramento II;Confresa;Verde;5;Baixo;Irrigação;0;8;não avaliado;0;0;2;0;15;0
955;17;baixa;36581;Fazenda Cabanha da Vitória;Comodoro;Verde;8;Baixo;Irrigação;0;8;não avaliado;0;0;2;0;15;0
956;17;baixa;30819;Fazenda Cambará;Paranatinga;Verde;5;Baixo;Irrigação;0;8;não avaliado;0;0;2;0;15;0
957;17;baixa;30821;Fazenda Cambará;Paranatinga;Verde;5;Baixo;Irrigação;0;8;não avaliado;0;0;2;0;15;0
958;17;baixa;35389;Fazenda Campo Forte I, II, III e IV;Ribeirão Cascalheira;Verde;5;Baixo;Paisagismo;0;8;não avaliado;0;0;2;0;15;0
959;17;baixa;34793;Fazenda Canarana – Barramento 01;Canarana;Verde;14;Baixo;Irrigação;0;8;não avaliado;0;0;2;0;15;0
960;17;baixa;33041;Fazenda Canaã – Barragem 1;Santa Terezinha;Verde;5;Baixo;Irrigação;0;8;não avaliado;0;0;2;0;15;0
961;17;baixa;35892;Fazenda Casa Grande ? Lote 202;Querência;Verde;8;Baixo;Paisagismo;0;8;não avaliado;0;0;2;0;15;0
962;17;baixa;7963;Fazenda Catavento jusante;Brasnorte;Verde;9;Médio;Aquicultura;0;8;não avaliado;0;0;2;0;15;0
963;17;baixa;7964;Fazenda Catavento montante;Brasnorte;Verde;9;Médio;Aquicultura;0;8;não avaliado;0;0;2;0;15;0
964;17;baixa;20144;Fazenda Ceita Porã;Barra do Bugres;Verde;12;Baixo;Dessedentação Animal;0;8;não avaliado;0;0;2;0;15;0
965;17;baixa;36474;Fazenda Centro Oeste;Nova Maringá;Verde;16;Baixo;Irrigação;0;8;não avaliado;0;0;2;0;15;0
966;17;baixa;19989;Fazenda Cocal;Canarana;Verde;7;Médio;Aquicultura;0;8;não avaliado;0;0;2;0;15;0
967;17;baixa;35251;Fazenda Cocal (Barramento III) - Montante;Canarana;Verde;5;Baixo;Paisagismo;0;8;não avaliado;0;0;2;0;15;0
968;17;baixa;35633;Fazenda Cocal - Barramento 05;Canarana;Verde;5;Baixo;Irrigação;0;8;não avaliado;0;0;2;0;15;0
969;17;baixa;35338;Fazenda Cocal ? Barramento 04;Canarana;Verde;5;Baixo;Irrigação;0;8;não avaliado;0;0;2;0;15;0
970;17;baixa;28141;Fazenda Confluência;Santa Rita do Trivelato;Verde;5;Baixo;Aquicultura;0;8;não avaliado;0;0;2;0;15;0
971;17;baixa;8095;Fazenda Conquista;Rondonópolis;Verde;5;Médio;Irrigação;0;8;não avaliado;0;0;2;0;15;0
972;17;baixa;27278;Fazenda Copacabana;Poxoréu;Verde;5;Baixo;Dessedentação Animal;0;8;não avaliado;0;0;2;0;15;0
973;17;baixa;37450;Fazenda Córrego Fundo;Água Boa;Verde;12;Baixo;Industrial;0;8;não avaliado;0;0;2;0;15;0
974;17;baixa;32376;Fazenda Dall Asta – Barramento 1;Canarana;Verde;5;Baixo;Proteção do meio ambiente;0;8;não avaliado;0;0;2;0;15;0
975;17;baixa;36628;Fazenda Dona Rosália;Feliz Natal;Verde;12;Baixo;Recreação;0;8;não avaliado;0;0;2;0;15;0
976;17;baixa;35156;Fazenda Eldorado ? Barramento 01;São José do Xingu;Verde;13;Baixo;Irrigação;0;8;não avaliado;0;0;2;0;15;0
977;17;baixa;36523;Fazenda Espigão do Leste ? Barragem I;São Félix do Araguaia;Verde;5;Baixo;Recreação;0;8;não avaliado;0;0;2;0;15;0
978;17;baixa;36492;Fazenda Espigão do Leste ? Barramento I;São Félix do Araguaia;Verde;5;Baixo;Recreação;0;8;não avaliado;0;0;2;0;15;0
979;17;baixa;36524;Fazenda Espigão do Leste – Barragem II;São Félix do Araguaia;Verde;5;Baixo;Recreação;0;8;não avaliado;0;0;2;0;15;0
980;17;baixa;27373;Fazenda Estrela;Barra do Bugres;Verde;5;Baixo;Dessedentação Animal;0;8;não avaliado;0;0;2;0;15;0
981;17;baixa;22229;Fazenda Europa;Vila Rica;Verde;3;Baixo;Recreação;0;8;não avaliado;0;0;2;0;15;0
982;17;baixa;36098;Fazenda Filipina;Santa Cruz do Xingu;Verde;6;Baixo;Recreação;0;8;não avaliado;0;0;2;0;15;0
983;17;baixa;36537;Fazenda Gaúcha;Itiquira;Verde;5;Baixo;Irrigação;0;8;não avaliado;0;0;2;0;15;0
984;17;baixa;31747;Fazenda Gravataí;Itiquira;Verde;7;Baixo;Dessedentação Animal;0;8;não avaliado;0;0;2;0;15;0
985;17;baixa;5372;Fazenda Guanabara;Barra do Bugres;Verde;12;Baixo;Industrial;0;8;não avaliado;0;0;2;0;15;0
986;17;baixa;8096;Fazenda Guarita;Rondonópolis;Verde;3;Baixo;Irrigação;0;8;não avaliado;0;0;2;0;15;0
987;17;baixa;21008;Fazenda Iriri;Guarantã do Norte;Verde;4;Não Classificado;Irrigação;0;8;não avaliado;0;0;2;0;15;0
988;17;baixa;5320;Fazenda Itapiranga;Brasnorte;Verde;6;Baixo;Aquicultura;0;8;não avaliado;0;0;2;0;15;0
989;17;baixa;27277;Fazenda Jauquara;Barra do Bugres;Verde;16;Baixo;Dessedentação Animal;0;8;não avaliado;0;0;2;0;15;0
990;17;baixa;33376;Fazenda Junges;Querência;Verde;15;Baixo;Irrigação;0;8;não avaliado;0;0;2;0;15;0
991;17;baixa;31994;Fazenda L Cristina - Barragem 1;Canarana;Verde;5;Baixo;Irrigação;0;8;não avaliado;0;0;2;0;15;0
992;17;baixa;20111;Fazenda Lapacho - Gleba B;Sapezal;Verde;10;Médio;Irrigação;0;8;não avaliado;0;0;2;0;15;0
993;17;baixa;36645;Fazenda Laualo (Morada Nova) - Barramento 2;São Félix do Araguaia;Verde;3;Baixo;Irrigação;0;8;não avaliado;0;0;2;0;15;0
994;17;baixa;34465;Fazenda Marta;Campos de Júlio;Verde;18;Baixo;Irrigação;0;8;não avaliado;0;0;2;0;15;0
995;17;baixa;35175;Fazenda Massapé - Barramento (principal);Primavera do Leste;Verde;6;Baixo;Irrigação;0;8;não avaliado;0;0;2;0;15;0
996;17;baixa;36132;Fazenda Menolli II ? Barramento;Poconé;Verde;10;Médio;Irrigação;0;8;não avaliado;0;0;2;0;15;0
997;17;baixa;20142;Fazenda Negrinho do Pastoreiro;Canarana;Verde;3;Baixo;Irrigação;0;8;não avaliado;0;0;2;0;15;0
998;17;baixa;34498;Fazenda Nossa Senhora Aparecida;Poxoréu;Verde;5;Baixo;Irrigação;0;8;não avaliado;0;0;2;0;15;0
999;17;baixa;8071;Fazenda Nossa Senhora de Caacupê;Feliz Natal;Verde;7;Baixo;Irrigação;0;8;não avaliado;0;0;2;0;15;0
1000;17;baixa;26669;Fazenda Nove de Julho;Brasnorte;Verde;9;Baixo;Irrigação;0;8;não avaliado;0;0;2;0;15;0
1001;17;baixa;27292;Fazenda Novo Campo;Campo Novo do Parecis;Verde;5;Baixo;Irrigação;0;8;não avaliado;0;0;2;0;15;0
1002;17;baixa;362;Fazenda Palmeira;Querência;Verde;13;Baixo;Irrigação;0;8;não avaliado;0;0;2;0;15;0
1003;17;baixa;20314;Fazenda Paraná;Brasnorte;Verde;5;Baixo;Irrigação;0;8;não avaliado;0;0;2;0;15;0
1004;17;baixa;37442;Fazenda Paraíso I - Montante 1;Nova Ubiratã;Verde;4;Baixo;Recreação;0;8;não avaliado;0;0;2;0;15;0
1005;17;baixa;37446;Fazenda Paraíso I - Principal;Nova Ubiratã;Verde;4;Baixo;Irrigação;0;8;não avaliado;0;0;2;0;15;0
1006;17;baixa;36102;Fazenda Poconé - Barramento 2;Poconé;Verde;12;Baixo;Paisagismo;0;8;não avaliado;0;0;2;0;15;0
1007;17;baixa;32088;Fazenda Poconé – Barramento I;Poconé;Verde;8;Baixo;Irrigação;0;8;não avaliado;0;0;2;0;15;0
1008;17;baixa;36507;Fazenda Ponta Bonita ? Parte 1;Canarana;Verde;5;Baixo;Paisagismo;0;8;não avaliado;0;0;2;0;15;0
1009;17;baixa;5776;Fazenda Progresso;Tabaporã;Verde;14;Baixo;Irrigação;0;8;não avaliado;0;0;2;0;15;0
1010;17;baixa;35165;Fazenda Ranchinho ? Barramento (Principal);Nova Maringá;Verde;14;Baixo;Irrigação;0;8;não avaliado;0;0;2;0;15;0
1011;17;baixa;73;Fazenda Reunidas Filipinas;Santa Cruz do Xingu;Verde;4;Baixo;Regularização de vazão;0;8;não avaliado;0;0;2;0;15;0
1012;17;baixa;36513;Fazenda Reunidas do Papagaio - Barramento Jusante;Sapezal;Verde;6;Baixo;Irrigação;0;8;não avaliado;0;0;2;0;15;0
1013;17;baixa;36514;Fazenda Reunidas do Papagaio - Barramento Montante;Sapezal;Verde;6;Baixo;Irrigação;0;8;não avaliado;0;0;2;0;15;0
1014;17;baixa;35236;Fazenda Roberto I ? Barragem principal;Brasnorte;Verde;7;Baixo;Irrigação;0;8;não avaliado;0;0;2;0;15;0
1015;17;baixa;28805;Fazenda Roncador;Querência;Verde;6;Baixo;Dessedentação Animal;0;8;não avaliado;0;0;2;0;15;0
1016;17;baixa;35252;Fazenda Roncador - Tanque Pulmão 2;Querência;Verde;13;Baixo;Irrigação;0;8;não avaliado;0;0;2;0;15;0
1017;17;baixa;36565;Fazenda Santa Clara ? Área B;Poxoréu;Verde;9;Baixo;Irrigação;0;8;não avaliado;0;0;2;0;15;0
1018;17;baixa;27881;Fazenda Santa Fé;Santa Cruz do Xingu;Verde;4;Baixo;Dessedentação Animal;0;8;não avaliado;0;0;2;0;15;0
1019;17;baixa;28616;Fazenda Santa Fé;Santa Cruz do Xingu;Verde;4;Baixo;Dessedentação Animal;0;8;não avaliado;0;0;2;0;15;0
1020;17;baixa;31105;Fazenda Santa Helena;Marcelândia;Verde;15;Baixo;Irrigação;0;8;não avaliado;0;0;2;0;15;0
1021;17;baixa;37416;Fazenda Santa Helena -  Montante 1;Alta Floresta;Verde;7;Baixo;Irrigação;0;8;não avaliado;0;0;2;0;15;0
1022;17;baixa;20050;Fazenda Santa Helena - Barramento 01;Alta Floresta;Verde;7;Baixo;Irrigação;0;8;não avaliado;0;0;2;0;15;0
1023;17;baixa;37432;Fazenda Santa Helena - Barramento 02;Alta Floresta;Verde;7;Baixo;Irrigação;0;8;não avaliado;0;0;2;0;15;0
1024;17;baixa;19978;Fazenda Santa Lourdes;Água Boa;Verde;5;Baixo;Aquicultura;0;8;não avaliado;0;0;2;0;15;0
1025;17;baixa;8093;Fazenda Santa Maria;Itiquira;Verde;7;Baixo;Regularização de vazão;0;8;não avaliado;0;0;2;0;15;0
1026;17;baixa;219;Fazenda Santa Maria;Primavera do Leste;Verde;3;Baixo;Irrigação;0;8;não avaliado;0;0;2;0;15;0
1027;17;baixa;36497;Fazenda Santa Maria ? Barramento II;Itiquira;Verde;7;Baixo;Dessedentação Animal;0;8;não avaliado;0;0;2;0;15;0
1028;17;baixa;21006;Fazenda Santa Marina;Santa Cruz do Xingu;Verde;5;Não Classificado;Irrigação;0;8;não avaliado;0;0;2;0;15;0
1029;17;baixa;278;Fazenda Santo Antonio 3;Campo Verde;Verde;5;Baixo;Aquicultura;0;8;não avaliado;0;0;2;0;15;0
1030;17;baixa;36352;Fazenda Santo Antônio do Membeca;Campo Novo do Parecis;Verde;5;Baixo;Irrigação;0;8;não avaliado;0;0;2;0;15;0
1031;17;baixa;32377;Fazenda Sant’Ana de Vargem Grande – Barramento 1 (Principal);Gaúcha do Norte;Verde;14;Baixo;Irrigação;0;8;não avaliado;0;0;2;0;15;0
1032;17;baixa;35491;Fazenda Schneider - Lote Rural nº69 ? Reservatório Pulmão;Querência;Verde;13;Baixo;Irrigação;0;8;não avaliado;0;0;2;0;15;0
1033;17;baixa;5298;Fazenda Serra Negra;Vila Bela da Santíssima Trindade;Verde;9;Não Classificado;Dessedentação Animal;0;8;não avaliado;0;0;2;0;15;0
1034;17;baixa;8102;Fazenda Sucuri;Itiquira;Verde;7;Baixo;Irrigação;0;8;não avaliado;0;0;2;0;15;0
1035;17;baixa;37441;Fazenda São Francisco;Rondonópolis;Verde;3;Baixo;Irrigação;0;8;não avaliado;0;0;2;0;15;0
1036;17;baixa;7965;Fazenda São João VIII;Brasnorte;Verde;13;Baixo;Aquicultura;0;8;não avaliado;0;0;2;0;15;0
1037;17;baixa;8101;Fazenda São Judas;Primavera do Leste;Verde;3;Baixo;Irrigação;0;8;não avaliado;0;0;2;0;15;0
1038;17;baixa;279;Fazenda São Judas Tadeu;Primavera do Leste;Verde;4;Baixo;Irrigação;0;8;não avaliado;0;0;2;0;15;0
1039;17;baixa;8103;Fazenda São Luiz - Barragem 01;Primavera do Leste;Verde;3;Baixo;Irrigação;0;8;não avaliado;0;0;2;0;15;0
1040;17;baixa;8104;Fazenda São Luiz - Barragem 02;Primavera do Leste;Verde;3;Baixo;Irrigação;0;8;não avaliado;0;0;2;0;15;0
1041;17;baixa;8100;Fazenda São Luiz - Barragem 03;Primavera do Leste;Verde;3;Baixo;Irrigação;0;8;não avaliado;0;0;2;0;15;0
1042;17;baixa;8099;Fazenda São Luiz - Barragem 04;Primavera do Leste;Verde;3;Baixo;Irrigação;0;8;não avaliado;0;0;2;0;15;0
1043;17;baixa;35171;Fazenda São Luiz - Barramento 1 - Principal;São Félix do Araguaia;Verde;5;Baixo;Paisagismo;0;8;não avaliado;0;0;2;0;15;0
1044;17;baixa;35178;Fazenda São Luiz - Barramento 1 Principal;São Félix do Araguaia;Verde;5;Baixo;Paisagismo;0;8;não avaliado;0;0;2;0;15;0
1045;17;baixa;20127;Fazenda São Paulo;Água Boa;Verde;4;Baixo;Aquicultura;0;8;não avaliado;0;0;2;0;15;0
1046;17;baixa;5;Fazenda São Pedro;Porto Esperidião;Verde;15;Baixo;Aquicultura;0;8;não avaliado;0;0;2;0;15;0
1047;17;baixa;37360;Fazenda São Pedro do Parecis;Campo Novo do Parecis;Verde;6;Baixo;Irrigação;0;8;não avaliado;0;0;2;0;15;0
1048;17;baixa;34019;Fazenda Talismã II;Nova Ubiratã;Verde;4;Baixo;Irrigação;0;8;não avaliado;0;0;2;0;15;0
1049;17;baixa;30131;Fazenda Tanguro;Canarana;Verde;3;Baixo;Dessedentação Animal;0;8;não avaliado;0;0;2;0;15;0
1050;17;baixa;32034;Fazenda Três Marcos – Barragem 1;Água Boa;Verde;5;Baixo;Irrigação;0;8;não avaliado;0;0;2;0;15;0
1051;17;baixa;7976;Fazenda Tucano;Barra do Bugres;Verde;13;Baixo;Dessedentação Animal;0;8;não avaliado;0;0;2;0;15;0
1052;17;baixa;20147;Fazenda Urupianga;Vila Rica;Verde;3;Baixo;Dessedentação Animal;0;8;não avaliado;0;0;2;0;15;0
1053;17;baixa;36623;Fazenda Varjão;Poxoréu;Verde;4;Médio;Paisagismo;0;8;não avaliado;0;0;2;0;15;0
1054;17;baixa;36576;Fazenda Vera Cruz do Xingú;Canarana;Verde;5;Baixo;Irrigação;0;8;não avaliado;0;0;2;0;15;0
1055;17;baixa;26332;Fazenda Vila Rica I;Vila Rica;Verde;14;Baixo;Dessedentação Animal;0;8;não avaliado;0;0;2;0;15;0
1056;17;baixa;35212;Fazenda Vitória ? Reservatório Pulmão;Dom Aquino;Verde;11;Baixo;Irrigação;0;8;não avaliado;0;0;2;0;15;0
1057;17;baixa;35098;Fazenda Zeniiti III (Barramento 6);Alta Floresta;Verde;7;Médio;Aquicultura;0;8;não avaliado;0;0;2;0;15;0
1058;17;baixa;31920;Fazenda Zeniiti III - Barramento 4;Alta Floresta;Verde;7;Médio;Aquicultura;0;8;não avaliado;0;0;2;0;15;0
1059;17;baixa;34468;Fazenda Zeniiti III – Barramento 05;Alta Floresta;Verde;7;Médio;Paisagismo;0;8;não avaliado;0;0;2;0;15;0
1060;17;baixa;35162;Fazenda Água Branca - Barramento;Campo Verde;Verde;5;Baixo;Abastecimento humano;0;8;não avaliado;0;0;2;0;15;0
1061;17;baixa;26673;Galerinha;Vila Bela da Santíssima Trindade;Verde;8;Baixo;Dessedentação Animal;0;8;não avaliado;0;0;2;0;15;0
1062;17;baixa;21003;Gleba Barranqueira XIII;Cáceres;Verde;8;Não Classificado;Irrigação;0;8;não avaliado;0;0;2;0;15;0
1063;17;baixa;21004;Gleba Barranqueira XIII;Cáceres;Verde;8;Não Classificado;Irrigação;0;8;não avaliado;0;0;2;0;15;0
1064;17;baixa;21005;Gleba Barranqueira XIII;Cáceres;Verde;8;Não Classificado;Irrigação;0;8;não avaliado;0;0;2;0;15;0
1065;17;baixa;21013;Gleba Tarumã;Vila Bela da Santíssima Trindade;Verde;6;Não Classificado;Irrigação;0;8;não avaliado;0;0;2;0;15;0
1066;17;baixa;5316;JBS S.A - S.J. DOS QUATRO MARCOS;São José dos Quatro Marcos;Verde;17;Não Classificado;Industrial;0;8;não avaliado;0;0;2;0;15;0
1067;17;baixa;35535;Lote Rural N°76;Querência;Verde;6;Baixo;Paisagismo;0;8;não avaliado;0;0;2;0;15;0
1068;17;baixa;20083;Marfrig;Tangará da Serra;Verde;6;Baixo;Industrial;0;8;não avaliado;0;0;2;0;15;0
1069;17;baixa;22390;Massa d'Água #100513;Alto Boa Vista;Verde;12;Não Classificado;Irrigação;0;8;não avaliado;0;0;2;0;15;0
1070;17;baixa;22392;Massa d'Água #101453;Alto Boa Vista;Verde;4;Não Classificado;Irrigação;0;8;não avaliado;0;0;2;0;15;0
1071;17;baixa;22393;Massa d'Água #102561;Brasnorte;Verde;7;Não Classificado;Irrigação;0;8;não avaliado;0;0;2;0;15;0
1072;17;baixa;22394;Massa d'Água #102797;Brasnorte;Verde;5;Não Classificado;Irrigação;0;8;não avaliado;0;0;2;0;15;0
1073;17;baixa;22395;Massa d'Água #102961;Alto Boa Vista;Verde;12;Não Classificado;Irrigação;0;8;não avaliado;0;0;2;0;15;0
1074;17;baixa;22396;Massa d'Água #102989;Santa Terezinha;Verde;13;Não Classificado;Irrigação;0;8;não avaliado;0;0;2;0;15;0
1075;17;baixa;22398;Massa d'Água #103693;Bom Jesus do Araguaia;Verde;4;Não Classificado;Irrigação;0;8;não avaliado;0;0;2;0;15;0
1076;17;baixa;22403;Massa d'Água #105287;Luciara;Verde;11;Não Classificado;Irrigação;0;8;não avaliado;0;0;2;0;15;0
1077;17;baixa;22407;Massa d'Água #107029;Querência;Verde;5;Não Classificado;Irrigação;0;8;não avaliado;0;0;2;0;15;0
1078;17;baixa;22421;Massa d'Água #111714;Alto Boa Vista;Verde;4;Não Classificado;Irrigação;0;8;não avaliado;0;0;2;0;15;0
1079;17;baixa;22422;Massa d'Água #111848;Alto Boa Vista;Verde;4;Não Classificado;Irrigação;0;8;não avaliado;0;0;2;0;15;0
1080;17;baixa;22434;Massa d'Água #116795;Querência;Verde;5;Não Classificado;Irrigação;0;8;não avaliado;0;0;2;0;15;0
1081;17;baixa;22435;Massa d'Água #117161;Comodoro;Verde;9;Não Classificado;Irrigação;0;8;não avaliado;0;0;2;0;15;0
1082;17;baixa;22448;Massa d'Água #121634;Brasnorte;Verde;6;Não Classificado;Irrigação;0;8;não avaliado;0;0;2;0;15;0
1083;17;baixa;22464;Massa d'Água #127461;Brasnorte;Verde;7;Não Classificado;Irrigação;0;8;não avaliado;0;0;2;0;15;0
1084;17;baixa;22465;Massa d'Água #127642;Brasnorte;Verde;6;Não Classificado;Irrigação;0;8;não avaliado;0;0;2;0;15;0
1085;17;baixa;22468;Massa d'Água #129111;Alto Boa Vista;Verde;4;Não Classificado;Irrigação;0;8;não avaliado;0;0;2;0;15;0
1086;17;baixa;22469;Massa d'Água #129310;Alto Boa Vista;Verde;4;Não Classificado;Irrigação;0;8;não avaliado;0;0;2;0;15;0
1087;17;baixa;22488;Massa d'Água #137078;Alto Boa Vista;Verde;4;Não Classificado;Irrigação;0;8;não avaliado;0;0;2;0;15;0
1088;17;baixa;22490;Massa d'Água #137748;São Félix do Araguaia;Verde;4;Não Classificado;Irrigação;0;8;não avaliado;0;0;2;0;15;0
1089;17;baixa;22492;Massa d'Água #137918;Alto Boa Vista;Verde;4;Não Classificado;Irrigação;0;8;não avaliado;0;0;2;0;15;0
1090;17;baixa;22493;Massa d'Água #138208;Brasnorte;Verde;5;Não Classificado;Irrigação;0;8;não avaliado;0;0;2;0;15;0
1091;17;baixa;22496;Massa d'Água #138439;Alto Boa Vista;Verde;12;Não Classificado;Irrigação;0;8;não avaliado;0;0;2;0;15;0
1092;17;baixa;22500;Massa d'Água #139738;Alto Boa Vista;Verde;4;Não Classificado;Irrigação;0;8;não avaliado;0;0;2;0;15;0
1093;17;baixa;22502;Massa d'Água #140018;Alto Boa Vista;Verde;12;Não Classificado;Irrigação;0;8;não avaliado;0;0;2;0;15;0
1094;17;baixa;22511;Massa d'Água #142297;São Félix do Araguaia;Verde;4;Não Classificado;Irrigação;0;8;não avaliado;0;0;2;0;15;0
1095;17;baixa;22513;Massa d'Água #143022;Alto Boa Vista;Verde;12;Não Classificado;Irrigação;0;8;não avaliado;0;0;2;0;15;0
1096;17;baixa;22517;Massa d'Água #143787;Santa Terezinha;Verde;4;Não Classificado;Irrigação;0;8;não avaliado;0;0;2;0;15;0
1097;17;baixa;22519;Massa d'Água #144145;Alto Boa Vista;Verde;4;Não Classificado;Irrigação;0;8;não avaliado;0;0;2;0;15;0
1098;17;baixa;22539;Massa d'Água #149061;Brasnorte;Verde;6;Não Classificado;Irrigação;0;8;não avaliado;0;0;2;0;15;0
1099;17;baixa;22540;Massa d'Água #149722;São Félix do Araguaia;Verde;4;Não Classificado;Irrigação;0;8;não avaliado;0;0;2;0;15;0
1100;17;baixa;22551;Massa d'Água #150115;Alto Boa Vista;Verde;4;Não Classificado;Irrigação;0;8;não avaliado;0;0;2;0;15;0
1101;17;baixa;22560;Massa d'Água #151451;Brasnorte;Verde;5;Não Classificado;Irrigação;0;8;não avaliado;0;0;2;0;15;0
1102;17;baixa;22564;Massa d'Água #151821;Alto Boa Vista;Verde;4;Não Classificado;Irrigação;0;8;não avaliado;0;0;2;0;15;0
1103;17;baixa;22565;Massa d'Água #151852;Alto Boa Vista;Verde;12;Não Classificado;Irrigação;0;8;não avaliado;0;0;2;0;15;0
1104;17;baixa;22567;Massa d'Água #152660;Alto Boa Vista;Verde;4;Não Classificado;Irrigação;0;8;não avaliado;0;0;2;0;15;0
1105;17;baixa;22569;Massa d'Água #153877;São Félix do Araguaia;Verde;4;Não Classificado;Irrigação;0;8;não avaliado;0;0;2;0;15;0
1106;17;baixa;22574;Massa d'Água #155534;Alto Boa Vista;Verde;4;Não Classificado;Irrigação;0;8;não avaliado;0;0;2;0;15;0
1107;17;baixa;22607;Massa d'Água #158075;Bom Jesus do Araguaia;Verde;4;Não Classificado;Irrigação;0;8;não avaliado;0;0;2;0;15;0
1108;17;baixa;22613;Massa d'Água #160670;Brasnorte;Verde;5;Não Classificado;Irrigação;0;8;não avaliado;0;0;2;0;15;0
1109;17;baixa;22615;Massa d'Água #160929;Alto Boa Vista;Verde;12;Não Classificado;Irrigação;0;8;não avaliado;0;0;2;0;15;0
1110;17;baixa;22624;Massa d'Água #163699;São Félix do Araguaia;Verde;4;Não Classificado;Irrigação;0;8;não avaliado;0;0;2;0;15;0
1111;17;baixa;22630;Massa d'Água #164671;Alto Boa Vista;Verde;4;Não Classificado;Irrigação;0;8;não avaliado;0;0;2;0;15;0
1112;17;baixa;22641;Massa d'Água #166622;Alto Boa Vista;Verde;4;Não Classificado;Irrigação;0;8;não avaliado;0;0;2;0;15;0
1113;17;baixa;23391;Massa d'Água #170373;Sapezal;Verde;16;Não Classificado;Irrigação;0;8;não avaliado;0;0;2;0;15;0
1114;17;baixa;23395;Massa d'Água #172010;Brasnorte;Verde;5;Não Classificado;Irrigação;0;8;não avaliado;0;0;2;0;15;0
1115;17;baixa;23398;Massa d'Água #172607;São Félix do Araguaia;Verde;4;Não Classificado;Irrigação;0;8;não avaliado;0;0;2;0;15;0
1116;17;baixa;23401;Massa d'Água #174258;São Félix do Araguaia;Verde;4;Não Classificado;Irrigação;0;8;não avaliado;0;0;2;0;15;0
1117;17;baixa;23404;Massa d'Água #178229;Brasnorte;Verde;6;Não Classificado;Irrigação;0;8;não avaliado;0;0;2;0;15;0
1118;17;baixa;23498;Massa d'Água #182958;São Félix do Araguaia;Verde;4;Não Classificado;Irrigação;0;8;não avaliado;0;0;2;0;15;0
1119;17;baixa;23512;Massa d'Água #188820;Alto Boa Vista;Verde;4;Não Classificado;Irrigação;0;8;não avaliado;0;0;2;0;15;0
1120;17;baixa;23573;Massa d'Água #191605;Brasnorte;Verde;5;Não Classificado;Irrigação;0;8;não avaliado;0;0;2;0;15;0
1121;17;baixa;23587;Massa d'Água #196269;Alto Boa Vista;Verde;12;Não Classificado;Irrigação;0;8;não avaliado;0;0;2;0;15;0
1122;17;baixa;23594;Massa d'Água #198298;Brasnorte;Verde;6;Não Classificado;Irrigação;0;8;não avaliado;0;0;2;0;15;0
1123;17;baixa;23599;Massa d'Água #200215;Alto Boa Vista;Verde;12;Não Classificado;Irrigação;0;8;não avaliado;0;0;2;0;15;0
1124;17;baixa;23600;Massa d'Água #201014;Alto Boa Vista;Verde;4;Não Classificado;Irrigação;0;8;não avaliado;0;0;2;0;15;0
1125;17;baixa;23602;Massa d'Água #201444;Brasnorte;Verde;6;Não Classificado;Irrigação;0;8;não avaliado;0;0;2;0;15;0
1126;17;baixa;23632;Massa d'Água #203851;Nova Maringá;Verde;13;Não Classificado;Irrigação;0;8;não avaliado;0;0;2;0;15;0
1127;17;baixa;23634;Massa d'Água #203966;Alto Boa Vista;Verde;4;Não Classificado;Irrigação;0;8;não avaliado;0;0;2;0;15;0
1128;17;baixa;23646;Massa d'Água #205134;Brasnorte;Verde;6;Não Classificado;Irrigação;0;8;não avaliado;0;0;2;0;15;0
1129;17;baixa;23657;Massa d'Água #208270;Brasnorte;Verde;5;Não Classificado;Irrigação;0;8;não avaliado;0;0;2;0;15;0
1130;17;baixa;23671;Massa d'Água #212282;Alto Boa Vista;Verde;12;Não Classificado;Irrigação;0;8;não avaliado;0;0;2;0;15;0
1131;17;baixa;23678;Massa d'Água #216360;Alto Boa Vista;Verde;12;Não Classificado;Irrigação;0;8;não avaliado;0;0;2;0;15;0
1132;17;baixa;23704;Massa d'Água #217286;Alto Boa Vista;Verde;12;Não Classificado;Irrigação;0;8;não avaliado;0;0;2;0;15;0
1133;17;baixa;23711;Massa d'Água #218398;Brasnorte;Verde;6;Não Classificado;Irrigação;0;8;não avaliado;0;0;2;0;15;0
1134;17;baixa;23746;Massa d'Água #221315;Alto Boa Vista;Verde;12;Não Classificado;Irrigação;0;8;não avaliado;0;0;2;0;15;0
1135;17;baixa;23755;Massa d'Água #223691;Brasnorte;Verde;5;Não Classificado;Irrigação;0;8;não avaliado;0;0;2;0;15;0
1136;17;baixa;23757;Massa d'Água #224375;Canarana;Verde;4;Não Classificado;Irrigação;0;8;não avaliado;0;0;2;0;15;0
1137;17;baixa;23760;Massa d'Água #224991;Brasnorte;Verde;6;Não Classificado;Irrigação;0;8;não avaliado;0;0;2;0;15;0
1138;17;baixa;23767;Massa d'Água #226576;Santa Terezinha;Verde;13;Não Classificado;Irrigação;0;8;não avaliado;0;0;2;0;15;0
1139;17;baixa;23768;Massa d'Água #226789;Alto Boa Vista;Verde;12;Não Classificado;Irrigação;0;8;não avaliado;0;0;2;0;15;0
1140;17;baixa;23784;Massa d'Água #233184;Brasnorte;Verde;5;Não Classificado;Irrigação;0;8;não avaliado;0;0;2;0;15;0
1141;17;baixa;23789;Massa d'Água #234042;Alto Boa Vista;Verde;4;Não Classificado;Irrigação;0;8;não avaliado;0;0;2;0;15;0
1142;17;baixa;23809;Massa d'Água #237472;São Félix do Araguaia;Verde;4;Não Classificado;Irrigação;0;8;não avaliado;0;0;2;0;15;0
1143;17;baixa;23810;Massa d'Água #237564;Alto Boa Vista;Verde;4;Não Classificado;Irrigação;0;8;não avaliado;0;0;2;0;15;0
1144;17;baixa;23811;Massa d'Água #237597;Brasnorte;Verde;5;Não Classificado;Irrigação;0;8;não avaliado;0;0;2;0;15;0
1145;17;baixa;23813;Massa d'Água #240264;Comodoro;Verde;9;Não Classificado;Irrigação;0;8;não avaliado;0;0;2;0;15;0
1146;17;baixa;23815;Massa d'Água #240888;Brasnorte;Verde;7;Não Classificado;Irrigação;0;8;não avaliado;0;0;2;0;15;0
1147;17;baixa;23871;Massa d'Água #243819;Rondolândia;Verde;7;Não Classificado;Irrigação;0;8;não avaliado;0;0;2;0;15;0
1148;17;baixa;23873;Massa d'Água #243832;Vila Bela da Santíssima Trindade;Verde;6;Não Classificado;Irrigação;0;8;não avaliado;0;0;2;0;15;0
1149;17;baixa;23878;Massa d'Água #243864;Rondolândia;Verde;14;Não Classificado;Irrigação;0;8;não avaliado;0;0;2;0;15;0
1150;17;baixa;22223;Massa d'Água #56662;São Félix do Araguaia;Verde;4;Não Classificado;Irrigação;0;8;não avaliado;0;0;2;0;15;0
1151;17;baixa;22224;Massa d'Água #57710;Alto Boa Vista;Verde;12;Não Classificado;Irrigação;0;8;não avaliado;0;0;2;0;15;0
1152;17;baixa;22230;Massa d'Água #65759;Bom Jesus do Araguaia;Verde;12;Não Classificado;Irrigação;0;8;não avaliado;0;0;2;0;15;0
1153;17;baixa;22259;Massa d'Água #69653;Brasnorte;Verde;6;Não Classificado;Irrigação;0;8;não avaliado;0;0;2;0;15;0
1154;17;baixa;22260;Massa d'Água #69922;Brasnorte;Verde;14;Não Classificado;Irrigação;0;8;não avaliado;0;0;2;0;15;0
1155;17;baixa;22264;Massa d'Água #70517;São Félix do Araguaia;Verde;4;Não Classificado;Irrigação;0;8;não avaliado;0;0;2;0;15;0
1156;17;baixa;22279;Massa d'Água #76964;Brasnorte;Verde;5;Não Classificado;Irrigação;0;8;não avaliado;0;0;2;0;15;0
1157;17;baixa;22307;Massa d'Água #79702;Brasnorte;Verde;5;Não Classificado;Irrigação;0;8;não avaliado;0;0;2;0;15;0
1158;17;baixa;22322;Massa d'Água #83563;Brasnorte;Verde;6;Não Classificado;Irrigação;0;8;não avaliado;0;0;2;0;15;0
1159;17;baixa;22327;Massa d'Água #84492;Alto Boa Vista;Verde;4;Não Classificado;Irrigação;0;8;não avaliado;0;0;2;0;15;0
1160;17;baixa;22330;Massa d'Água #85328;Alto Boa Vista;Verde;12;Não Classificado;Irrigação;0;8;não avaliado;0;0;2;0;15;0
1161;17;baixa;22331;Massa d'Água #86130;Brasnorte;Verde;8;Não Classificado;Irrigação;0;8;não avaliado;0;0;2;0;15;0
1162;17;baixa;22335;Massa d'Água #87134;Brasnorte;Verde;5;Não Classificado;Irrigação;0;8;não avaliado;0;0;2;0;15;0
1163;17;baixa;22371;Massa d'Água #91738;Alto Boa Vista;Verde;12;Não Classificado;Irrigação;0;8;não avaliado;0;0;2;0;15;0
1164;17;baixa;22379;Massa d'Água #95945;Brasnorte;Verde;6;Não Classificado;Irrigação;0;8;não avaliado;0;0;2;0;15;0
1165;17;baixa;7957;Mineração Dardanelos;Aripuanã;Verde;14;Baixo;Industrial;0;8;não avaliado;0;0;2;0;15;0
1166;17;baixa;5147;PCH ARS - BARRAGEM;Nova Ubiratã;Verde;3;Baixo;Hidroelétrica;0;8;não avaliado;0;0;2;0;15;0
1167;17;baixa;4564;PCH Alto Araguaia - Alto Araguaia;Alto Araguaia;Verde;3;Baixo;Hidroelétrica;0;8;não avaliado;0;0;2;0;15;0
1168;17;baixa;4959;PCH Baruíto - Baruíto;Campo Novo do Parecis;Verde;5;Baixo;Hidroelétrica;0;8;não avaliado;0;0;2;0;15;0
1169;17;baixa;22738;PCH Beleza - PCH BELEZA;Juscimeira;Verde;4;Baixo;Hidroelétrica;0;8;não avaliado;0;0;2;0;15;0
1170;17;baixa;20572;PCH Buriti - PCH Buriti;Sapezal;Verde;6;Baixo;Hidroelétrica;0;8;não avaliado;0;0;2;0;15;0
1171;17;baixa;4925;PCH Cabeça de Boi - Cabeça de Boi;Alta Floresta;Verde;7;Médio;Hidroelétrica;0;6;não avaliado;0;0;2;0;15;0
1172;17;baixa;4554;PCH Cabixi II - CABIXI II;Comodoro;Verde;5;Baixo;Hidroelétrica;0;8;não avaliado;0;0;2;0;15;0
1173;17;baixa;4580;PCH Cidezal - Principal;Sapezal;Verde;7;Médio;Hidroelétrica;0;5;não avaliado;0;0;2;0;15;0
1174;17;baixa;5159;PCH Da Fazenda - Da Fazenda;Alta Floresta;Verde;7;Baixo;Hidroelétrica;0;6;não avaliado;0;0;2;0;15;0
1175;17;baixa;4668;PCH Divisa - Divisa;Campos de Júlio;Verde;7;Baixo;Hidroelétrica;0;8;não avaliado;0;0;2;0;15;0
1176;17;baixa;4211;PCH Engenheiro José Gelásio da Rocha - Barragem Principal;Rondonópolis;Verde;4;Médio;Hidroelétrica;0;5;não avaliado;0;0;2;0;15;0
1177;17;baixa;23104;PCH Engenheiro José Gelásio da Rocha - Canal de Adução;Rondonópolis;Verde;3;Médio;Hidroelétrica;0;8;não avaliado;0;0;2;0;15;0
1178;17;baixa;4178;PCH Esperança - DESVIO;Comodoro;Verde;8;Baixo;Hidroelétrica;0;8;não avaliado;0;0;2;0;15;0
1179;17;baixa;5154;PCH Faxinal II - PCH FAXINAL II;Aripuanã;Verde;8;Baixo;Hidroelétrica;0;8;não avaliado;0;0;2;0;15;0
1180;17;baixa;34227;PCH Faxinal II - PCH FAXINAL II;Aripuanã;Verde;5;Baixo;Hidroelétrica;0;8;não avaliado;0;0;2;0;15;0
1181;17;baixa;4216;PCH Ilha Comprida - Barramento PCH Ilha Comprida;Campos de Júlio;Verde;8;Médio;Hidroelétrica;0;5;não avaliado;0;0;2;0;15;0
1182;17;baixa;34186;PCH Juí 117 - NÃO POSSUI BARRAMENTO, DERIVAÇÃO LATERAL DIREITA;Comodoro;Verde;5;Baixo;Hidroelétrica;0;8;não avaliado;0;0;2;0;15;0
1183;17;baixa;4489;PCH Lajari - Barragem Laje;Alto Taquari;Verde;15;Baixo;Hidroelétrica;0;6;não avaliado;0;0;2;0;15;0
1184;17;baixa;20534;PCH Lajari - Barragem Taquari;Alto Taquari;Verde;16;Baixo;Hidroelétrica;0;6;não avaliado;0;0;2;0;15;0
1185;17;baixa;34160;PCH Mantovilis - Mantovilis;Santo Antônio de Leverger;Verde;16;Baixo;Hidroelétrica;0;8;não avaliado;0;0;2;0;15;0
1186;17;baixa;4218;PCH Maracanã - Córrego Maracanã;Nova Marilândia;Verde;12;Baixo;Hidroelétrica;0;8;não avaliado;0;0;2;0;15;0
1187;17;baixa;34847;PCH Mutum I - MUTUM-1;Santo Antônio de Leverger;Verde;16;Baixo;Hidroelétrica;0;8;não avaliado;0;0;2;0;15;0
1188;17;baixa;5176;PCH Parecis - Principal;Sapezal;Verde;7;Médio;Hidroelétrica;0;5;não avaliado;0;0;2;0;15;0
1189;17;baixa;4984;PCH Poxoréo (José Fragelli) - Poxoréo;Poxoréu;Verde;4;Baixo;Hidroelétrica;0;5;não avaliado;0;0;2;0;15;0
1190;17;baixa;20471;PCH Recanto - PCH Recanto;Tangará da Serra;Verde;6;Baixo;Hidroelétrica;0;8;não avaliado;0;0;2;0;15;0
1191;17;baixa;5034;PCH Rio Prata - prata;Comodoro;Verde;8;Baixo;Hidroelétrica;0;8;não avaliado;0;0;2;0;15;0
1192;17;baixa;5123;PCH Rio do Sapo - 1;Tangará da Serra;Verde;6;Baixo;Hidroelétrica;0;8;não avaliado;0;0;2;0;15;0
1193;17;baixa;4888;PCH Rondon - Principal;Sapezal;Verde;7;Médio;Hidroelétrica;0;5;não avaliado;0;0;2;0;15;0
1194;17;baixa;23099;PCH Rondonópolis - Canal de Adução;Rondonópolis;Verde;3;Médio;Hidroelétrica;0;8;não avaliado;0;0;2;0;15;0
1195;17;baixa;4560;PCH Sacre II - (NÃO EXISTE BARRAGEM NESTA USINA);Brasnorte;Verde;7;Baixo;Hidroelétrica;0;8;não avaliado;0;0;2;0;15;0
1196;17;baixa;4726;PCH Santa Lúcia - Barramento Central;Sapezal;Verde;6;Baixo;Hidroelétrica;0;8;não avaliado;0;0;2;0;15;0
1197;17;baixa;5025;PCH Santa Lúcia II - Barramento Central;Sapezal;Verde;6;Baixo;Hidroelétrica;0;8;não avaliado;0;0;2;0;15;0
1198;17;baixa;4207;PCH Sete Quedas Alta - Sete Quedas Alta;Juscimeira;Verde;7;Baixo;Hidroelétrica;0;8;não avaliado;0;0;2;0;15;0
1199;17;baixa;4212;PCH Telegráfica - Principal;Sapezal;Verde;7;Médio;Hidroelétrica;0;5;não avaliado;0;0;2;0;15;0
1200;17;baixa;5065;PCH Água Brava - Brava;Juscimeira;Verde;4;Baixo;Hidroelétrica;0;8;não avaliado;0;0;2;0;15;0
1201;17;baixa;4798;PCH Água Prata - Prata;Jaciara;Verde;3;Baixo;Hidroelétrica;0;8;não avaliado;0;0;2;0;15;0
1202;17;baixa;19994;PDS Bordolândia;Bom Jesus do Araguaia;Verde;5;Baixo;Recreação;0;8;não avaliado;0;0;2;0;15;0
1203;17;baixa;20131;PRINCIPAL 2A;Alta Floresta;Verde;7;Baixo;Aquicultura;0;8;não avaliado;0;0;2;0;15;0
1204;17;baixa;31361;Pascoal;Querência;Verde;15;Baixo;Irrigação;0;8;não avaliado;0;0;2;0;15;0
1205;17;baixa;8094;Piscicultura Arco Iris;Dom Aquino;Verde;3;Baixo;Aquicultura;0;8;não avaliado;0;0;2;0;15;0
1206;17;baixa;20067;Ponte de Pedra;Itiquira;Verde;6;Não Classificado;Abastecimento humano;0;8;não avaliado;0;0;2;0;15;0
1207;17;baixa;5318;REPRESA CARNAIBA;Mirassol d'Oeste;Verde;8;Não Classificado;Abastecimento humano;0;8;não avaliado;0;0;2;0;15;0
1208;17;baixa;5319;REPRESA SIGLA;Mirassol d'Oeste;Verde;17;Não Classificado;Abastecimento humano;0;8;não avaliado;0;0;2;0;15;0
1209;17;baixa;35825;RESERVATÓRIO 1 - FAZENDA NOVA CONQUISTA;Novo São Joaquim;Verde;14;Baixo;Dessedentação Animal;0;8;não avaliado;0;0;2;0;15;0
1210;17;baixa;35249;RESERVATÓRIO ELDORADO;Nova Xavantina;Verde;4;Baixo;Irrigação;0;8;não avaliado;0;0;2;0;15;0
1211;17;baixa;34713;Rancho Queixo Duro I;Sorriso;Verde;6;Baixo;Paisagismo;0;8;não avaliado;0;0;2;0;15;0
1212;17;baixa;339;Refugio dos Pardais;Alta Floresta;Verde;5;Baixo;Aquicultura;0;8;não avaliado;0;0;2;0;15;0
1213;17;baixa;36666;Reservatório Goiana I;Querência;Verde;4;Baixo;Irrigação;0;8;não avaliado;0;0;2;0;15;0
1214;17;baixa;36476;Reservatório Milênio;Campo Novo do Parecis;Verde;5;Baixo;Irrigação;0;8;não avaliado;0;0;2;0;15;0
1215;17;baixa;36069;Reservatório São José;Poxoréu;Verde;3;Baixo;Irrigação;0;8;não avaliado;0;0;2;0;15;0
1216;17;baixa;36633;Reservatório São Matheus;Querência;Verde;13;Baixo;Irrigação;0;8;não avaliado;0;0;2;0;15;0
1217;17;baixa;36408;Reservatório artificial - Fazenda Iberê;Primavera do Leste;Verde;5;Baixo;Irrigação;0;8;não avaliado;0;0;2;0;15;0
1218;17;baixa;35105;Roncador VI SEDE;Querência;Verde;15;Baixo;Aquicultura;0;8;não avaliado;0;0;2;0;15;0
1219;17;baixa;26536;SAAF;Nossa Senhora do Livramento;Verde;12;Não Classificado;Abastecimento humano;0;8;não avaliado;0;0;2;0;15;0
1220;17;baixa;31258;Salinas;Nossa Senhora do Livramento;Verde;7;Baixo;Industrial;0;8;não avaliado;0;0;2;0;15;0
1221;17;baixa;277;Santa Juliana I;Campo Verde;Verde;11;Médio;Aquicultura;0;8;não avaliado;0;0;2;0;15;0
1222;17;baixa;276;Santa Juliana II;Campo Verde;Verde;5;Médio;Aquicultura;0;8;não avaliado;0;0;2;0;15;0
1223;17;baixa;34508;Santa Terezinha;Querência;Verde;6;Baixo;Irrigação;0;8;não avaliado;0;0;2;0;15;0
1224;17;baixa;27890;Sitio Morada das Rosas;Tangará da Serra;Verde;6;Baixo;Dessedentação Animal;0;8;não avaliado;0;0;2;0;15;0
1225;17;baixa;5328;Sitio Pica Pau;Tangará da Serra;Verde;7;Não Classificado;Aquicultura;0;8;não avaliado;0;0;2;0;15;0
1226;17;baixa;360;Sítio Boa Vista;Rondonópolis;Verde;12;Baixo;Aquicultura;0;8;não avaliado;0;0;2;0;15;0
1227;17;baixa;31769;Sítio Estrela;Tangará da Serra;Verde;8;Baixo;Aquicultura;0;8;não avaliado;0;0;2;0;15;0
1228;17;baixa;21002;Sítio Santa Helena;Rondolândia;Verde;7;Não Classificado;Irrigação;0;8;não avaliado;0;0;2;0;15;0
1229;17;baixa;333;Sítio São Judas Tadeu;Alta Floresta;Verde;5;Baixo;Aquicultura;0;8;não avaliado;0;0;2;0;15;0
1230;17;baixa;35482;Tanque Cascata Produtiva;Serra Nova Dourada;Verde;11;Não Classificado;Aquicultura;0;8;não avaliado;0;0;2;0;15;0
1231;17;baixa;35322;Tanque Pulmão - Reservatório 1;Primavera do Leste;Verde;3;Baixo;Irrigação;0;8;não avaliado;0;0;2;0;15;0
1232;17;baixa;35286;Tanque Pulmão - Reservatório 2;Primavera do Leste;Verde;3;Baixo;Irrigação;0;8;não avaliado;0;0;2;0;15;0
1233;17;baixa;35257;Tanque Pulmão Agropecuária Roncador;Querência;Verde;4;Baixo;Irrigação;0;8;não avaliado;0;0;2;0;15;0
1234;17;baixa;37386;Tanque Pulmão Fazenda Jacarandá;Araguaiana;Verde;10;Baixo;Irrigação;0;8;não avaliado;0;0;2;0;15;0
1235;17;baixa;35083;Tanque Pulmão Trojan;Primavera do Leste;Verde;3;Baixo;Irrigação;0;8;não avaliado;0;0;2;0;15;0
1236;17;baixa;33358;Taquaral II;Nossa Senhora do Livramento;Verde;10;Baixo;Dessedentação Animal;0;8;não avaliado;0;0;2;0;15;0
1237;17;baixa;4157;UHE Dardanelos - UHE Dardanelos;Aripuanã;Verde;6;Médio;Hidroelétrica;0;6;não avaliado;0;0;2;0;15;0
1238;17;baixa;4336;UHE Juba II - Juba II;Barra do Bugres;Verde;6;Baixo;Hidroelétrica;0;7;não avaliado;0;0;2;0;15;0
1239;17;baixa;5140;UHE Salto Apiacás - Salto Apiacás;Juara;Verde;7;Médio;Hidroelétrica;0;6;não avaliado;0;0;2;0;15;0
1240;17;baixa;29564;UISA A;Barra do Bugres;Verde;14;Baixo;Industrial;0;8;não avaliado;0;0;2;0;15;0
1241;17;baixa;35701;V.S. de Souza & Cia LTDA ? Barramento;Rondonópolis;Verde;5;Baixo;Irrigação;0;8;não avaliado;0;0;2;0;15;0
1242;17;baixa;33981;Vila Rica IV;Vila Rica;Verde;5;Baixo;Dessedentação Animal;0;8;não avaliado;0;0;2;0;15;0
1243;17;baixa;34474;Vila Rica IX;Vila Rica;Verde;5;Baixo;Dessedentação Animal;0;8;não avaliado;0;0;2;0;15;0
1244;17;baixa;34471;Vila Rica VII;Vila Rica;Verde;5;Baixo;Dessedentação Animal;0;8;não avaliado;0;0;2;0;15;0
1245;17;baixa;34473;Vila Rica VIII;Vila Rica;Verde;5;Baixo;Dessedentação Animal;0;8;não avaliado;0;0;2;0;15;0
1246;17;baixa;20130;barramento 1B;Alta Floresta;Verde;7;Médio;Aquicultura;0;8;não avaliado;0;0;2;0;15;0
1247;17;baixa;20132;barramento 4;Alta Floresta;Verde;13;Médio;Aquicultura;0;8;não avaliado;0;0;2;0;15;0
1248;17;baixa;26532;ÁGUAS DE PRIMAVERA LTDA;Primavera do Leste;Verde;12;Baixo;Abastecimento humano;0;8;não avaliado;0;0;2;0;15;0
