codigo_cnes;nome_fantasia;nome_razao_social;codigo_municipio;municipio;no_eixo_montante;no_eixo_jusante;bairro_estabelecimento;endereco_estabelecimento;descricao_esfera_administrativa;descricao_nivel_hierarquia;descricao_turno_atendimento;codigo_tipo_unidade;tipo_gestao;atendimento_hospitalar;atendimento_ambulatorial;ambulatorial_sus;centro_cirurgico;centro_obstetrico;centro_neonatal;servico_apoio;latitude;longitude;numero_telefone_estabelecimento;data_atualizacao
9792732;FARMACIA BASICA;MUNICIPIO DE ACORIZAL;510010;Acorizal;Sim;Não;CENTRO;AV HONORATO PEDROSO DE BARROS;MUNICIPAL;;ATENDIMENTOS NOS TURNOS DA MANHA E A TARDE;43;M;;Não;SIM;;;;Não;-15.199636;-56.366027;;2025-09-03
8297177;DROGARIA ACORIZAL;DROGARIA ACORIZAL LTDA;510010;Acorizal;Sim;Não;CENTRO;AVENIDA HONORATO PEDROSO DE BARROS;MUNICIPAL;;ATENDIMENTOS NOS TURNOS DA MANHA E A TARDE;43;M;Não;Não;NAO;Não;Não;Não;Sim;-15.19913;-56.36823;;2026-06-16
8301816;CONCESIONARIA ROTA DO OESTE SAU 09;CONCESIONARIA ROTA DO OESTE S A;510010;Acorizal;Sim;Não;ZONA RURAL;RODOVIA BR 364 KM 487;MUNICIPAL;;ATENDIMENTO CONTINUO DE 24 HORAS/DIA (PLANTAO:INCLUI SABADOS, DOMINGOS E FERIADOS);42;M;;Não;NAO;;;;Sim;-15.2765429;-56.442701;;2026-06-16
2390981;CENTRO DE SAUDE DE ACORIZAL;PREFEITURA MUNICIPAL DE ACORIZAL;510010;Acorizal;Sim;Não;CENTRO;AVN HONORATO PEDROSO DE BARROS;MUNICIPAL;;ATENDIMENTO NOS TURNOS DA MANHA, TARDE E NOITE;2;M;Não;Não;SIM;Não;Não;Não;Sim;-15.19972;-56.36567;(65)33531226;2025-09-03
2391007;POSTO DE SAUDE DE CHAPEU DE SOL;PREFEITURA MUNICIPAL DE ACORIZAL;510010;Acorizal;Sim;Não;ZONA RURAL;CHAPEU DE SOL;MUNICIPAL;;ATENDIMENTOS NOS TURNOS DA MANHA E A TARDE;1;M;Não;Não;NAO;Não;Não;Não;Não;-15.056223;-56.32548;(65)03531226;2025-09-03
2391015;POSTO DE SAUDE DE BAUS;PREFEITURA MUNICIPAL DE ACORIZAL;510010;Acorizal;Sim;Não;ZONA RURAL;BAUS;MUNICIPAL;;ATENDIMENTOS NOS TURNOS DA MANHA E A TARDE;1;M;Não;Não;NAO;Não;Não;Não;Não;-15.235251;-56.295097;65 33531226;2025-09-03
2391023;POSTO DE SAUDE DE ENGENHO;PREFEITURA MUNICIPAL DE ACORIZAL;510010;Acorizal;Sim;Não;ZONA RURAL;ENGENHO;MUNICIPAL;;ATENDIMENTOS NOS TURNOS DA MANHA E A TARDE;1;M;Não;Não;NAO;Não;Não;Não;Não;-15.155809;-56.414213;(65)03531226;2025-09-03
2854279;SORRIR MAIS CONSULTORIO ODONTOLOGICO;CONSULTORIO ODONTOLOGICO SORRIR MAIS LTDA;510010;Acorizal;Sim;Não;CENTRO;AV HONORATO PEDROSO DE BARROS;MUNICIPAL;;ATENDIMENTOS NOS TURNOS DA MANHA E A TARDE;22;M;Não;Não;NAO;Não;Não;Não;Sim;-15.2005024;-56.364259;;2026-03-17
3049167;UDR ACORIZAL IRINEU JOSE DE ARRUDA;PREFEITURA MUNICIPAL DE ACORIZAL;510010;Acorizal;Sim;Não;CENTRO;AV HONORATO PEDROSO DE BARROS;MUNICIPAL;;ATENDIMENTOS NOS TURNOS DA MANHA E A TARDE;36;M;Não;Não;SIM;Não;Não;Não;Sim;-15.19983;-56.36557;(65) 3531226;2025-09-03
5286158;DROGARIA FARMALIDER;DROGARIA FARMALIDER LTDA;510010;Acorizal;Sim;Não;CENTRO;HONORATO PEDROSO DE BARROS;MUNICIPAL;;ATENDIMENTOS NOS TURNOS DA MANHA E A TARDE;43;M;Não;Não;NAO;Não;Não;Não;Sim;-15.199245239273816;-56.36793443899205;65 36826688;2025-09-03
6467067;SECRETARIA MUNICIPAL DE SAUDE DE ACORIZAL;PREFEITURA MUNICIPAL DE ACORIZAL;510010;Acorizal;Sim;Não;CENTRO;AV HONORATO PEDROSO DE BARROS;MUNICIPAL;;ATENDIMENTOS NOS TURNOS DA MANHA E A TARDE;68;M;;Não;SIM;;;;Sim;-15.200056;-56.365951;(65) 3353-1341;2025-09-03
7355777;LABORATORIO MUNICIPAL DE ACORIZAL;PREFEITURA MUNICIPAL DE ACORIZAL;510010;Acorizal;Sim;Não;CENTRO;AV HONORATO PEDROSO DE BARROS;MUNICIPAL;;ATENDIMENTOS NOS TURNOS DA MANHA E A TARDE;39;M;Não;Não;SIM;Não;Não;Não;Sim;-15.199678;-56.365937;(65)33531341;2025-09-03
7855532;CENTRAL DE REGULACAO ACORIZAL;PREFEITURA MUNICIPAL DE ACORIZAL;510010;Acorizal;Sim;Não;CENTRO;AVENIDA HONORATO PEDROSO DE BARROS;MUNICIPAL;;ATENDIMENTOS NOS TURNOS DA MANHA E A TARDE;81;M;;Não;NAO;;;;Não;-15.200297157575555;-56.36382222175598;6533241081;2025-09-03
9906584;FARMACIA BASICA;MUNICIPIO DE BARAO DE MELGACO;510160;Barão de Melgaço;Não;Sim;CENTRO;RUA ALIPIO DUARTE;MUNICIPAL;;ATENDIMENTOS NOS TURNOS DA MANHA E A TARDE;43;M;Não;Não;SIM;Não;Não;Não;Sim;-16.199056036522506;-55.967724323272705;;2025-09-03
4877160;LABORATORIO LPC;A L BORBA;510160;Barão de Melgaço;Não;Sim;CENTRO;RUA ESTEVAO DE MENDONCA;MUNICIPAL;;ATENDIMENTOS NOS TURNOS DA MANHA E A TARDE;39;M;;Não;SIM;;;;Não;-16.196440529495693;-55.96741780092451;65-993596116;2025-09-23
8197326;DROGARIA PRECO BAIXO;D A M GONCALVES;510160;Barão de Melgaço;Não;Sim;CENTRO;MARECHAL RONDON;MUNICIPAL;;ATENDIMENTO NOS TURNOS DA MANHA, TARDE E NOITE;43;M;;Não;NAO;;;;Sim;-16.196436;-55.966766;65999575803;2026-04-16
2390663;UDR EDGAR MARQUES DA SILVA;PREFEITURA MUNICIPAL DE BARAO DE MELGACO;510160;Barão de Melgaço;Não;Sim;CENTRO;RUA MARECHAL RONDON;MUNICIPAL;;ATENDIMENTOS NOS TURNOS DA MANHA E A TARDE;36;M;Não;Não;SIM;Não;Não;Não;Não;-16.195576207148292;-55.966013073921204;;2025-09-03
2391309;CENTRO DE SAUDE DA FAMILIA BARAO DE MELGACO PSF URBANO;PREFEITURA MUNICIPAL DE BARAO DO MELGACO;510160;Barão de Melgaço;Não;Sim;CENTRO;RUA ALIPIO DUARTE;MUNICIPAL;;ATENDIMENTOS NOS TURNOS DA MANHA E A TARDE;2;M;Não;Não;SIM;Não;Não;Não;Sim;-16.199159065323954;-55.96804618835449;(65)03311155;2025-09-03
2391317;POSTO DE SAUDE DE CAPOEIRINHA;PREFEITURA MUNICIPACL DE BARAO DE MELGACO;510160;Barão de Melgaço;Não;Sim;ZONA RURAL;CAPOEIRINHA;MUNICIPAL;;ATENDIMENTOS NOS TURNOS DA MANHA E A TARDE;1;M;Não;Não;NAO;Não;Não;Não;Não;-16.469011702048046;-55.93963623046875;;2025-09-03
2391325;UNIDADE DE SAUDE DA FAMILIA DE JOSELANDIA PSF RURAL;PREFEITURA MUNICIPAL DE BARAO DO MELGACO;510160;Barão de Melgaço;Não;Sim;JOSELANDIA;SAO PEDRO DE JOSELANDIA;MUNICIPAL;;ATENDIMENTOS NOS TURNOS DA MANHA E A TARDE;2;M;Não;Não;SIM;Não;Não;Não;Sim;-16.547025217796605;-56.16193771362305;;2025-09-03
2391333;POSTO DE SAUDE DE PORTO BRANDAO;PREFEITURA MUNICIPAL DE BARAO DO MELGACO;510160;Barão de Melgaço;Não;Sim;PORTO BRANDAO;PORTO BRANDAO;MUNICIPAL;;ATENDIMENTOS NOS TURNOS DA MANHA E A TARDE;1;M;Não;Não;SIM;Não;Não;Não;Não;-16.296579564556815;-55.9669303894043;;2025-09-03
2391341;POSTO DE SAUDE PIRIGARA;PREFEITURA MUNICIPAL DE BARAO DO MELGACO;510160;Barão de Melgaço;Não;Sim;PIRIGARA;PIRAGARA;MUNICIPAL;;ATENDIMENTOS NOS TURNOS DA MANHA E A TARDE;1;M;Não;Não;NAO;Não;Não;Não;Não;;;;2025-09-03
2391376;POSTO DE SAUDE DE ESTIRAO COMPRIDO;PREFEITURA MUNICIPAL DE BARAO DO MELGACO;510160;Barão de Melgaço;Não;Sim;ESTIRAO COMPRIDO;ESTIRAO COMPRIDO;MUNICIPAL;;ATENDIMENTOS NOS TURNOS DA MANHA E A TARDE;1;M;Não;Não;NAO;Não;Não;Não;Não;;;;2025-09-03
2391384;POSTO DE SAUDE DE VILA RECREIO;PREFEITURA MUNICIPAL DE BARAO DO MELGACO;510160;Barão de Melgaço;Não;Sim;CENTRO;EUGENIO DA SILVA TAQUES;MUNICIPAL;;ATENDIMENTOS NOS TURNOS DA MANHA E A TARDE;1;M;Não;Não;NAO;Não;Não;Não;Não;-16.194007559326394;-55.94830513000488;;2025-09-03
2391392;PRONTO ATENDIMENTO BARAO DE MELGACO;PREFEITURA MUNICIPAL DE BARAO DO MELGACO;510160;Barão de Melgaço;Não;Sim;CENTRO;AV AUGUSTO LEVERGER;MUNICIPAL;;ATENDIMENTO CONTINUO DE 24 HORAS/DIA (PLANTAO:INCLUI SABADOS, DOMINGOS E FERIADOS);73;M;Sim;Sim;SIM;Não;Sim;Não;Sim;-16.194646353376697;-55.967702865600586;;2025-09-03
2571331;SECRETARIA MUNICIPAL DE SAUDE DE BARAO DE MELGACO;PREFEITURA MUNICIPAL DE BARAO DE MELGACO;510160;Barão de Melgaço;Não;Sim;CENTRO;RUA EUGENIO FIGUEIREDO;MUNICIPAL;;ATENDIMENTOS NOS TURNOS DA MANHA E A TARDE;68;M;Não;Não;SIM;Não;Não;Não;Não;-16.194751960258355;-55.96765726804733;65 3331 1233;2025-09-03
2699400;POSTO DE SAUDE MUCAMBO;PREFEITURA MUNICOPAL DE BARAO DE MELGACO;510160;Barão de Melgaço;Não;Sim;ZONA RURAL;MUCAMBO;MUNICIPAL;;ATENDIMENTOS NOS TURNOS DA MANHA E A TARDE;1;M;Não;Não;NAO;Não;Não;Não;Não;;;;2025-09-03
2699427;POSTO DE SAUDE PIMENTEIRA;PREFEITUTA MUNICIPAL DE BARAO DE MELGACO;510160;Barão de Melgaço;Não;Sim;ZONA RURAL;PIMENTEIRA;MUNICIPAL;;ATENDIMENTOS NOS TURNOS DA MANHA E A TARDE;1;M;Não;Não;NAO;Não;Não;Não;Não;;;;2025-09-03
2699702;POSTO DE SAUDE BOCA DAS CONCHAS;PREFEITURA MUNICIPAL DE BARAO DE MELGACO;510160;Barão de Melgaço;Não;Sim;ZONA RURAL;BOCA DAS CONCHAS;MUNICIPAL;;ATENDIMENTOS NOS TURNOS DA MANHA E A TARDE;1;M;Não;Não;NAO;Não;Não;Não;Não;;;;2025-09-03
4270940;CENTRO DE IMUNIZACAO UBSI ALDEIA PERIGARA;DISTRITO SANITARIO ESPECIAL INDIGENA CUIABA;510160;Barão de Melgaço;Não;Sim;ZONA RURAL;PANTANAL;MUNICIPAL;;ATENDIMENTOS NOS TURNOS DA MANHA E A TARDE;85;M;Não;Não;SIM;Não;Não;Não;Não;-16.86106245852951;-56.19781494140625;;2025-09-03
4865316;DROGARIA CONFIANCA;J C LEITE JUNIOR DROGARIA;510160;Barão de Melgaço;Não;Sim;CENTRO;ESTEVAO DE MENDONCA;MUNICIPAL;;ATENDIMENTO NOS TURNOS DA MANHA, TARDE E NOITE;43;M;;Não;NAO;;;;Sim;-16.195494;-55.966526;65 3311345;2025-09-03
7044402;LABORATORIO MUNICIPAL DE BARAO DE MELGACO;PREFEITURA MUNICIPAL DE BARAO DE MELGACO;510160;Barão de Melgaço;Não;Sim;CENTRO;RUA MARECHAL RONDON;MUNICIPAL;;ATENDIMENTOS NOS TURNOS DA MANHA E A TARDE;80;M;Não;Não;SIM;Não;Não;Não;Não;-16.19559423751051;-55.96603184938431;6533311171;2025-09-03
7366647;CENTRAL DE REGULACAO DE BARAO DE MELGACO;PREFEITURA MUNICIPAL DE BARAO DE MELGACO;510160;Barão de Melgaço;Não;Sim;CENTRO;AV AUGUSTO LEVERGER;MUNICIPAL;;ATENDIMENTOS NOS TURNOS DA MANHA E A TARDE;81;M;;Não;SIM;;;;Não;-16.194821506222723;-55.96786379814148;6533311233;2025-09-03
7795939;UNIDADE BASICA DE SAUDE INDIGENA PERIGARA;DISTRITO SANITARIO ESPECIAL INDIGENA CUIABA;510160;Barão de Melgaço;Não;Sim;ZONA RURAL;PANTANAL;MUNICIPAL;;ATENDIMENTOS NOS TURNOS DA MANHA E A TARDE;72;M;Não;Não;NAO;Não;Não;Não;Sim;-16.920933685516673;-56.226396560668945;;2025-09-03
9288503;LABVITTA;LABORATORIO DE ANALISES CLINICAS LABVITTA LTDA ME;510160;Barão de Melgaço;Não;Sim;CENTRO;R TRAVESSA DA IGREJINHA;MUNICIPAL;;ATENDIMENTOS NOS TURNOS DA MANHA E A TARDE;39;M;;Não;NAO;;;;Não;-16.19455877689538;-55.96538543701172;66996289955;2025-09-03
9415165;UNIDADE DE SAUDE DA FAMILIA RIBEIRINHO;PREFEITURA MUNICIPAL DE BARAO DE MELGACO;510160;Barão de Melgaço;Não;Sim;CENTRO;RUA ALIPIO DUARTE;MUNICIPAL;;ATENDIMENTOS NOS TURNOS DA MANHA E A TARDE;2;M;Não;Não;SIM;Não;Não;Não;Sim;-16.199205428267042;-55.96785843372345;;2025-09-03
9663754;LABORATORIO BIOCENTER ANALISES CLINICAS;KLOCK E LARA DIAGNOSTICO LABORATORIAL EIRELI;510300;Chapada dos Guimarães;Sim;Não;CENTRO;RUA SANTO ANTONIO;MUNICIPAL;;ATENDIMENTOS NOS TURNOS DA MANHA E A TARDE;39;M;Não;Não;SIM;Não;Não;Não;Não;-15.464103;-55.747547;;2025-09-03
552283;GRANJIMMY CENTRO DE TRATAMENTO;GRANJIMMY UNIDADE DE PRONTO ATENDIMENTO EM SAUDE MENTAL LTDA;510300;Chapada dos Guimarães;Sim;Não;ALDEIA VELHA;EMANUEL PINHEIRO;MUNICIPAL;;ATENDIMENTO CONTINUO DE 24 HORAS/DIA (PLANTAO:INCLUI SABADOS, DOMINGOS E FERIADOS);21;M;Não;Sim;NAO;Não;Não;Não;Sim;-15.43911965871689;-55.77110767364502;65 96885508;2026-07-21
9752714;SOLARES CENTRO DE RECUPERACAO;JULIO RODRIGUES DO NASCIMENTO NETO;510300;Chapada dos Guimarães;Sim;Não;ALDEIA VELHA;ROD 251;MUNICIPAL;;ATENDIMENTO CONTINUO DE 24 HORAS/DIA (PLANTAO:INCLUI SABADOS, DOMINGOS E FERIADOS);36;M;Não;Não;NAO;Não;Não;Não;Sim;-15.451526;-55.752529;(65) 3301-1887;2025-09-03
9828958;UPA 24 H FREI OSVALDO CHAPADA DOS GUIMARAES;MUNICIPIO DE CHAPADA DOS GUIMARAES;510300;Chapada dos Guimarães;Sim;Não;SANTA CRUZ;AVENIDA F;MUNICIPAL;;ATENDIMENTO CONTINUO DE 24 HORAS/DIA (PLANTAO:INCLUI SABADOS, DOMINGOS E FERIADOS);73;M;Não;Não;SIM;Não;Não;Não;Sim;-15.463424164370833;-55.739559737265914;(65)996393109;2025-09-03
4570561;UNICA CLINICA MEDICA E TERAPIAS PARA SAUDE HUMANA;UNICA CLINICA INTERDISCIPLINAR E INTERVECAO ABA LTDA;510300;Chapada dos Guimarães;Sim;Não;SAO SEBASTIAO;R RUA DAS PALMEIRAS;MUNICIPAL;;ATENDIMENTOS NOS TURNOS DA MANHA E A TARDE;22;M;Não;Não;NAO;Não;Não;Não;Não;-15.4670552;-55.7353103;(65) 9645-9023;2025-09-11
8179352;KORPUS CENTRO DE FISIOTERAPIA E ESPECIALIDADES MEDICAS;KORPUS CENTRO DE FISIOTERAPIA E ESPECIALIDADES MEDICAS LTDA;510300;Chapada dos Guimarães;Sim;Não;ALTOS DOS MIRANTES;R DOS ARICAS;MUNICIPAL;;ATENDIMENTOS NOS TURNOS DA MANHA E A TARDE;36;M;Não;Não;NAO;Não;Não;Não;Não;-15.466419880216211;-55.73814868927002;(65) 8142-2356;2026-06-23
637343;COMPLEXO DE ATENDIMENTO AO COVID 19;COMPLEXO DE ATENDIMENTO AO COVID 19;510300;Chapada dos Guimarães;Sim;Não;SANTA CRUZ;RUA VEREADOR DE SOUZA NEVES;MUNICIPAL;;ATENDIMENTOS NOS TURNOS DA MANHA E A TARDE;2;M;Não;Não;NAO;Não;Não;Não;Não;-15.462103;-55.737638;;2025-09-03
8218587;ORAL SIN IMPLANTES;BIANCA G PORELLI LTDA;510300;Chapada dos Guimarães;Sim;Não;CENTRO;R FERNANDO CORREA;MUNICIPAL;;ATENDIMENTOS NOS TURNOS DA MANHA E A TARDE;22;M;Não;Não;NAO;Não;Não;Não;Não;-15.459078128730495;-55.746774673461914;(66) 9661-3160;2026-04-16
8304815;VIEIRA ODONTOLOGIA AVANCADA;VIEIRA ODONTOLOGIA AVANCADA LTDA;510300;Chapada dos Guimarães;Sim;Não;CENTRO;CIPRIANO CURVO;MUNICIPAL;;ATENDIMENTOS NOS TURNOS DA MANHA E A TARDE;22;M;Não;Não;NAO;Não;Não;Não;Não;-15.457878606575033;-55.748019218444824;65 92717211;2026-06-16
5393302;GRANJIMMY UNID DE TRATAMENTO CONTINUADO EM SAUDE MENTAL;GRANJIMMY UNIDADE DE TRATAMENTO CONTINUADO EM SAUDE MENTAL L;510300;Chapada dos Guimarães;Sim;Não;ALDEIA VELHA;EMANUEL PINHEIRO;MUNICIPAL;;ATENDIMENTO CONTINUO DE 24 HORAS/DIA (PLANTAO:INCLUI SABADOS, DOMINGOS E FERIADOS);36;M;Não;Não;NAO;Não;Não;Não;Não;-15.449461074751547;-55.75355529785156;65 96885508;2026-06-23
7913214;ROSA DE SARON CENTRO DE TRATAMENTO FEMININO;GRANJIMMY UNIDADE DE TRATAMENTO CONTINUADO EM SAUDE MENTAL F;510300;Chapada dos Guimarães;Sim;Não;JARDIM ACLIMACAO;DAS HORTENSIAS;MUNICIPAL;;ATENDIMENTO CONTINUO DE 24 HORAS/DIA (PLANTAO:INCLUI SABADOS, DOMINGOS E FERIADOS);36;M;Não;Não;NAO;Não;Não;Não;Não;-15.46038105009942;-55.73930740356445;65 33011451;2026-06-23
8286574;NATU FARMA FARMACIA E DROGARIA;NATU FARMA FARMACIA E DROGARIA LTDA;510300;Chapada dos Guimarães;Sim;Não;CENTRO;R DR PENN GOMES;MUNICIPAL;;ATENDIMENTO NOS TURNOS DA MANHA, TARDE E NOITE;43;M;;Não;NAO;;;;Não;-15.460319006410517;-55.74962854385376;(65) 9222-3333;2026-07-15
8304793;CLINICA MAGNOLIGA;MAGNOLIA CLINICA DE SAUDE E TERAPIAS LTDA;510300;Chapada dos Guimarães;Sim;Não;SAO SEBASTIAO;DAS PALMEIRAS;MUNICIPAL;;ATENDIMENTOS NOS TURNOS DA MANHA E A TARDE;36;M;Não;Não;NAO;Não;Não;Não;Não;-15.467743435893045;-55.73540210723877;65 92511124;2026-07-23
698725;ACADEMIA DA SAUDE DE CHAPADA DOS GUIMARAES;ACADEMIA DA SAUDE DE CHAPADA DOS GUIMARAES;510300;Chapada dos Guimarães;Sim;Não;SAO SEBASTIAO;AVENIDA SAO SEBASTIAO;MUNICIPAL;;ATENDIMENTOS NOS TURNOS DA MANHA E A TARDE;74;M;Não;Não;NAO;Não;Não;Não;Sim;-15.466051;-55.736727;;2025-09-03
9696326;CLINICA ESPECIALIZADA VIDA SERENA PREMIER SAUDE MENTAL;VIDA SERENA PREMIER CLINICA HOSPITALAR ESPECIALIZADA LTDA;510300;Chapada dos Guimarães;Sim;Não;JARDIM MIRAFLORES;AV DAS FLORES;MUNICIPAL;;ATENDIMENTO NOS TURNOS DA MANHA, TARDE E NOITE;7;M;Não;Sim;NAO;Não;Não;Não;Sim;-15.469441;-55.744306;(65) 992664636;2026-03-17
2390604;UNIDADE DE SAUDE DA FAMILIA AGUA FRIA;PREFEITURA MUNICIPAL DE CHAPADA DOS GUIMARAES;510300;Chapada dos Guimarães;Sim;Não;AGUA FRIA;AV PRINCIPAL;MUNICIPAL;;ATENDIMENTOS NOS TURNOS DA MANHA E A TARDE;2;M;Não;Não;SIM;Não;Não;Não;Sim;-15.105114;-55.450425;(65)33011929;2025-09-03
2390612;UNIDADE DA SAUDE DA FAMILIA OLHO D AGUA;PREFEITURA MUNICIPAL DE CHAPADA DOS GUIMARAES;510300;Chapada dos Guimarães;Sim;Não;VALE DA CHAPADA;RUA DO JASMIM;MUNICIPAL;;ATENDIMENTOS NOS TURNOS DA MANHA E A TARDE;2;M;Não;Não;SIM;Não;Não;Não;Não;-15.46058786226154;-55.7501220703125;;2025-09-03
2390620;CENTRO DE SAUDE MATA GRANDE;PREFEITURA MUNICIPAL DE CHAPADA DOS GUIMARAES;510300;Chapada dos Guimarães;Sim;Não;ZONA RURAL;MATA GRANDE;MUNICIPAL;;ATENDIMENTOS NOS TURNOS DA MANHA E A TARDE;2;M;Não;Não;SIM;Não;Não;Não;Não;-15.213533;-55.272999;( );2025-09-03
2390639;POSTO DE SAUDE ALDEIA VELHA;PREFEITURA MUNICIPAL DE CHAPADA DOS GUIMARAES;510300;Chapada dos Guimarães;Sim;Não;ALDEIA VELHA;RUA DOS COROADOS;MUNICIPAL;;ATENDIMENTOS NOS TURNOS DA MANHA E A TARDE;1;M;Não;Não;NAO;Não;Não;Não;Não;-15.443043;-55.759204;(65)03012337;2025-09-03
2390647;HOSPITAL DOM OSVALDO;PREFEITURA MUNICIPAL DE CHAPADA DOS GUIMARAES;510300;Chapada dos Guimarães;Sim;Não;SANTA CRUZ;RUA E;MUNICIPAL;;ATENDIMENTO CONTINUO DE 24 HORAS/DIA (PLANTAO:INCLUI SABADOS, DOMINGOS E FERIADOS);5;M;Não;Sim;SIM;Não;Não;Não;Sim;-15.464202;-55.73724;(65)33011116;2025-09-03
2390655;POSTO DE SAUDE RIO DA CASCA;PREFEITURA MUNICIPAL DE CHAPADA DOS GUIMARAES;510300;Chapada dos Guimarães;Sim;Não;CASCA;AVENIDA PRINCIPAL;MUNICIPAL;;ATENDIMENTOS NOS TURNOS DA MANHA E A TARDE;1;M;Não;Não;NAO;Não;Não;Não;Não;-15.221557;-55.272205;;2025-09-03
2390671;UNIDADE DA SAUDE DA FAMILIA CENTRO;PREFEITURA MUNICIPAL DE CHAPADA DOS GUIMARAES;510300;Chapada dos Guimarães;Sim;Não;CENTRO;RUA HOMERO MOUSSER;MUNICIPAL;;ATENDIMENTOS NOS TURNOS DA MANHA E A TARDE;2;M;Não;Não;SIM;Não;Não;Não;Não;-15.461994179488217;-55.749773383140564;;2025-09-03
2390701;UNIDADE DE REABILITACAO FREI OSVALDO;PREFEITURA MUNICIPAL DE CHAPADA DOS GUIMARAES;510300;Chapada dos Guimarães;Sim;Não;SAO SEBASTIAO;AVENIDA PRINCIPAL;MUNICIPAL;;ATENDIMENTOS NOS TURNOS DA MANHA E A TARDE;36;M;Não;Não;SIM;Não;Não;Não;Sim;-15.466295796437773;-55.73683977127075;;2025-09-03
2767333;UNIDADE DE SAUDE DA FAMILIA JOAO CARRO;PREFEITURA MUNICIPAL DE CHAPADA DOS GUIMARAES;510300;Chapada dos Guimarães;Sim;Não;JOAO CARRO;COMUNIDADE;MUNICIPAL;;ATENDIMENTOS NOS TURNOS DA MANHA E A TARDE;2;M;Não;Não;SIM;Não;Não;Não;Não;-15.051112;-55.392988;;2025-09-03
4088298;MASCARROZ CLINICA E AVALIACAO DE PSICOLOGIA LTDA;MASCARROZ CLINICA E AVALIACAO DE PSICOLOGIA LTDA;510300;Chapada dos Guimarães;Sim;Não;CENTRO;RUA DR PENN GOMES;MUNICIPAL;;ATENDIMENTO COM TURNOS INTERMITENTES;22;M;Não;Não;NAO;Não;Não;Não;Não;-15.466668;-55.745379;;2025-09-03
4106857;HARMONIZE ODONTOLOGIA E ESTETICA OROFACIAL;V M GRANGEIRO;510300;Chapada dos Guimarães;Sim;Não;CENTRO;R GOV FERNANDO CORREA DA COSTA;MUNICIPAL;;ATENDIMENTOS NOS TURNOS DA MANHA E A TARDE;22;M;Não;Não;NAO;Não;Não;Não;Não;-15.466233;-55.745916;65993355376;2025-09-03
4178599;CLINICA HOMEOPED;L A DIONELLO;510300;Chapada dos Guimarães;Sim;Não;CENTRO;AV HOMERO MOUSER;MUNICIPAL;;ATENDIMENTOS NOS TURNOS DA MANHA E A TARDE;22;M;Não;Não;NAO;Não;Não;Não;Não;-15.461001485966346;-55.75209617614746;(69) 99207766;2026-06-23
4565177;CLINICA FRATARI;LEONARDO CALDAS FRATARI CIA LTDA;510300;Chapada dos Guimarães;Sim;Não;CENTRO;R GOVERNADOR FERNANDO CORREA DA COSTA;MUNICIPAL;;ATENDIMENTOS NOS TURNOS DA MANHA E A TARDE;22;M;Não;Não;NAO;Não;Não;Não;Não;-15.461875434613589;-55.74991483068867;65 3624-4254;2025-09-03
4842065;DROGARIA FAVO DE MEL;DROGARIA FAVO DE MEL LTDA;510300;Chapada dos Guimarães;Sim;Não;SAO SEBASTIAO;R SAO SEBASTIAO;MUNICIPAL;;ATENDIMENTO NOS TURNOS DA MANHA, TARDE E NOITE;43;M;;Não;NAO;;;;Sim;-15.47283;-55.732548;(65) 9340-9743;2025-09-03
4876504;DROGARIA MARANATA;DROGARIA MARANATA LTDA;510300;Chapada dos Guimarães;Sim;Não;CENTRO;R BISPO DOM WUNIBALDO;MUNICIPAL;;ATENDIMENTO CONTINUO DE 24 HORAS/DIA (PLANTAO:INCLUI SABADOS, DOMINGOS E FERIADOS);43;M;;Não;NAO;;;;Não;-15.466026;-55.742182;(65) 9274-4033;2025-09-03
4945220;NATU FARMA FARMACIA E DROGARIA LTDA;NATU FARMA FARMACIA E DROGARIA LTDA;510300;Chapada dos Guimarães;Sim;Não;ALTOS DO MIRANTE;R ARICA;MUNICIPAL;;ATENDIMENTO NOS TURNOS DA MANHA, TARDE E NOITE;43;M;;Não;NAO;;;;Não;-15.46633;-55.738273;(65) 9222-3333;2025-09-03
4976665;ESPACO POTENCIALIZE;CLINICA DE PSICOLOGIA ESPACO POTENCIALIZE ESPECIALIZADA EM A;510300;Chapada dos Guimarães;Sim;Não;CENTRO;R MANECO ALBERNAZ;MUNICIPAL;;ATENDIMENTOS NOS TURNOS DA MANHA E A TARDE;22;M;Não;Não;NAO;Não;Não;Não;Não;-15.461932;-55.735745;65 9212-4141;2025-09-03
5078776;UNIDADE DE SAUDE JANGADA RONCADOR;PREFEITURA MUNICIPAL DE CHAPADA DOS GUIMARAES;510300;Chapada dos Guimarães;Sim;Não;JANGADA;COMUNIDADE JANGADA;MUNICIPAL;;ATENDIMENTOS NOS TURNOS DA MANHA E A TARDE;2;M;Não;Não;SIM;Não;Não;Não;Sim;-15.092235;-55.194988;;2025-09-03
5078784;UNIDADE DE SAUDE PRAIA RICA;PREFEITURA MUNICIPAL DE CHAPADA DOS GUIMARAES;510300;Chapada dos Guimarães;Sim;Não;PRAIA RICA;AVENIDA PRINCIPAL;MUNICIPAL;;ATENDIMENTOS NOS TURNOS DA MANHA E A TARDE;2;M;Não;Não;SIM;Não;Não;Não;Sim;-14.45072;-55.410802;;2025-09-03
5535387;DROGARIA DO POVO;JESSICA DA SILVA SOUZA PAULA CIA LTDA;510300;Chapada dos Guimarães;Sim;Não;SAO SEBASTIAO;SAO SEBASTIAO;MUNICIPAL;;ATENDIMENTO NOS TURNOS DA MANHA, TARDE E NOITE;43;M;;Não;NAO;;;;Não;-15.4672603;-55.7337723;65 33012218;2025-09-03
6500544;SECRETARIA MUNICIPAL DE CHAPADA DOS GUIMARAES;PREFEITURA MUNICIPAL DE CHAPADA DOS GUIMARAES;510300;Chapada dos Guimarães;Sim;Não;SANTA CRUZ;RUA E;MUNICIPAL;;ATENDIMENTOS NOS TURNOS DA MANHA E A TARDE;68;M;;Não;SIM;;;;Sim;-15.464069;-55.737158;065 33013215;2025-09-03
7102968;SAMU 192 CHAPADA DOS GUIMARAES USB B6;SECRETARIA DE ESTADO DE SAUDE DE MATO GROSSO;510300;Chapada dos Guimarães;Sim;Não;SAO SEBASTIAO;RUA E;ESTADUAL;;ATENDIMENTO CONTINUO DE 24 HORAS/DIA (PLANTAO:INCLUI SABADOS, DOMINGOS E FERIADOS);42;E;;Não;NAO;;;;Não;-15.464576711440065;-55.73709189891815;(65) 3317-3200;2025-09-03
7606974;CENTRO DE SAUDE SANTA CRUZ;PREFEITURA MUNICIPAL DE CHAPADA DOS GUIMARAES;510300;Chapada dos Guimarães;Sim;Não;SANTA CRUZ;RUA MILITAO GOMES;MUNICIPAL;;ATENDIMENTOS NOS TURNOS DA MANHA E A TARDE;2;M;Não;Não;SIM;Não;Não;Não;Não;-15.460715;-55.741594;65 3301 3215;2025-09-03
7607008;CADEIA PUBLICA DE CHAPADA DOS GUIMARAES;PREFEITURA MUNICIPAL DE CHAPADA DOS GUIMARAES;510300;Chapada dos Guimarães;Sim;Não;BOM CLIMA;RUA GENEROSO ANTONIO;MUNICIPAL;;ATENDIMENTOS NOS TURNOS DA MANHA E A TARDE;2;M;Não;Não;NAO;Não;Não;Não;Não;-15.46253;-55.750608;;2025-09-03
7843224;CENTRO DE ESPECIALIDADES CHAPADA DOS GUIMARAES;PREFEITURA MUNICIPAL DE CHAPADA DOS GUIMARAES;510300;Chapada dos Guimarães;Sim;Não;SANTA CRUZ;RUA ERNESTO BOURET;MUNICIPAL;;ATENDIMENTOS NOS TURNOS DA MANHA E A TARDE;36;M;Não;Não;SIM;Não;Não;Não;Não;-15.458956;-55.749641;65 3301 3215;2025-09-03
7858221;CENTRAL DE REGULACAO DE CHAPADA DOS GUIMARAES;PREFEITURA MUNICIPAL DE CHAPADA DOS GUIMARAES;510300;Chapada dos Guimarães;Sim;Não;SANTA CRUZ;RUA ERNESTO BOURET;MUNICIPAL;;ATENDIMENTOS NOS TURNOS DA MANHA E A TARDE;81;M;;Não;NAO;;;;Não;-15.458956;-55.749641;65 3301 3215;2026-06-23
7934904;UNIDADE DA SAUDE DA FAMILIA OLHO DAGUA II;PREFEITURA MUNICIPAL DE CHAPADA DOS GUIMARAES;510300;Chapada dos Guimarães;Sim;Não;VALE DA CHAPADA;RUA DO JASMIM;MUNICIPAL;;ATENDIMENTOS NOS TURNOS DA MANHA E A TARDE;2;M;Não;Não;SIM;Não;Não;Não;Não;-15.474088;-55.731848;;2025-09-03
9352821;FARMACIA BASICA DE CHAPADA DOS GUIMARAES;PREFEITURA MUNICIPAL DE CHAPADA DOS GUIMARAES;510300;Chapada dos Guimarães;Sim;Não;SAO SEBASTIAO;AV PRINCIPAL;MUNICIPAL;;ATENDIMENTOS NOS TURNOS DA MANHA E A TARDE;43;M;Não;Não;NAO;Não;Não;Não;Sim;-15.464118;-55.737431;33011116;2025-09-03
9524452;CLINICA DUARTE;E DE FATIMA DUARTE;510300;Chapada dos Guimarães;Sim;Não;VILLAGE I;R C;MUNICIPAL;;ATENDIMENTOS NOS TURNOS DA MANHA E A TARDE;36;M;Não;Não;NAO;Não;Não;Não;Não;-15.471602;-55.739854;(65) 9979-9757;2025-09-03
9533419;KLEBERSON KLEINUBING ODONTOLOGIA INTEGRADA;KLEBERSON KLEINUBING ODONTOLOGIA INTEGRADA LTDA;510300;Chapada dos Guimarães;Sim;Não;ALTO DOS MIRANTE;DOS IPES;MUNICIPAL;;ATENDIMENTOS NOS TURNOS DA MANHA E A TARDE;22;M;Não;Não;NAO;Não;Não;Não;Não;-15.46828112797009;-55.73990821838379;65 92833839;2026-06-23
9635890;POSTO DE COLETA UNIDADE ONCOMED;LABORATORIO CARLOS CHAGAS LTDA;510340;Cuiabá;Sim;Sim;CENTRO SUL;COMANDANTE COSTA;MUNICIPAL;;ATENDIMENTOS NOS TURNOS DA MANHA E A TARDE;39;M;Não;Não;NAO;Não;Não;Não;Sim;-15.596;-56.097;65 39014700;2025-09-03
9636633;FEB SAUDE;INSTITUTO MACHADO PEREIRA;510340;Cuiabá;Sim;Sim;BOSQUE DA SAUDE;HISTORIADOR RUBENS DE MENDONCA;MUNICIPAL;;ATENDIMENTOS NOS TURNOS DA MANHA E A TARDE;36;M;Não;Não;NAO;Não;Não;Não;Sim;-15.596;-56.097;65 36851331;2025-09-03
9641440;CENTRO DE RETINA CUIABA;CENTRO DE RETINA DE CUIABA LTDA;510340;Cuiabá;Sim;Sim;JARDIM DAS AMERICAS;BUENOS AIRES;MUNICIPAL;;ATENDIMENTOS NOS TURNOS DA MANHA E A TARDE;36;M;Não;Não;NAO;Não;Não;Não;Sim;-15.609996388409332;-56.0727913190162;65 30279986;2025-09-03
9642803;LABORATORIO CARLOS CHAGAS LTDA;LABORATORIO CARLOS CHAGAS LTDA;510340;Cuiabá;Sim;Sim;BOSQUE DA SAUDE;OURO FINO;MUNICIPAL;;ATENDIMENTOS NOS TURNOS DA MANHA E A TARDE;39;M;Não;Não;NAO;Não;Não;Não;Sim;-15.589833750043772;-56.07560900885242;65 39014700;2025-11-13
9644059;POSTO DE COLETA UNIDADE IRHPA;LABORATORIO CARLOS CHAGAS LTDA;510340;Cuiabá;Sim;Sim;BANDEIRANTES;GENERAL VALE;MUNICIPAL;;ATENDIMENTOS NOS TURNOS DA MANHA E A TARDE;39;M;Não;Não;NAO;Não;Não;Não;Sim;-15.596;-56.097;65 39014700;2025-09-03
9644148;LARISSA MOURA ODONTOLOGIA;LARISSA MOURA;510340;Cuiabá;Sim;Sim;JARDIM CUIABA;RUA MARGARIDAS;MUNICIPAL;;ATENDIMENTOS NOS TURNOS DA MANHA E A TARDE;22;M;Não;Não;NAO;Não;Não;Não;Sim;-15.5951335;-56.1159465;;2025-09-03
9658289;L P C LABORATORIO DE PATOLOGIA CLINICA;A L BORBA;510340;Cuiabá;Sim;Sim;COOPHAMIL;MANOEL RAMOS LINO;MUNICIPAL;;ATENDIMENTOS NOS TURNOS DA MANHA E A TARDE;39;M;Não;Não;NAO;Não;Não;Não;Não;-15.616577749739177;-56.126913964010924;65 36249133;2025-11-04
9667725;IDEALE ODONTOLOGIA;IDEALE ODONTOLOGIA LTDA;510340;Cuiabá;Sim;Sim;COOPHEMA;ITAPARICA;MUNICIPAL;;ATENDIMENTOS NOS TURNOS DA MANHA E A TARDE;36;M;Não;Não;NAO;Não;Não;Não;Sim;-15.6293201;-56.056585;65 33221144;2025-09-03
9672036;PROJESAN;PROJESAN GESTAO SANITARIA AMBIENTAL SEGURANCA DO TRABALHO E;510340;Cuiabá;Sim;Sim;GOIABEIRAS;BRIGADEIRO EDUARDO GOMES;MUNICIPAL;;ATENDIMENTO SOMENTE PELA MANHA;22;M;Não;Não;NAO;Não;Não;Não;Sim;-15.595341266909003;-56.10333879159907;65 30236189;2025-10-11
9839739;SAMU 192 CUIABA USB B8;SECRETARIA DE ESTADO DE SAUDE DE MATO GROSSO;510340;Cuiabá;Sim;Sim;PASCOAL RAMOS;RUA RAIMUNDO PINHEIRO;ESTADUAL;;ATENDIMENTO CONTINUO DE 24 HORAS/DIA (PLANTAO:INCLUI SABADOS, DOMINGOS E FERIADOS);42;E;;Não;NAO;;;;Não;-15.640074336874804;-55.979976654052734;(65) 3317-3200;2025-09-03
9676961;ZAROUR SERVICOS MEDICOS;ZAROUR SERVICOS MEDICOS EIRELI;510340;Cuiabá;Sim;Sim;DUQUE DE CAXIAS II;VINTE E CINCO DE AGOSTO;MUNICIPAL;;ATENDIMENTOS NOS TURNOS DA MANHA E A TARDE;36;M;Não;Não;NAO;Não;Não;Não;Não;-15.589689704950404;-56.10383747605056;65 81749999;2025-09-03
9680896;ONCOLOG;ONCOLOG CLINICA DE TRATAMENTO E PESQUISA EM HEMATOLOGIA E ON;510340;Cuiabá;Sim;Sim;RIBEIRAO DA PONTE;MIGUEL SUTIL;MUNICIPAL;;ATENDIMENTOS NOS TURNOS DA MANHA E A TARDE;36;M;Não;Não;NAO;Não;Não;Não;Sim;-15.5985529;-56.1245061;65 81143619;2025-09-03
9685758;UP VISION;AM SERVICOS MEDICOS E OFTALMOLOGICOS LTDA;510340;Cuiabá;Sim;Sim;JARDIM CUIABA;DAS FLORES;MUNICIPAL;;ATENDIMENTOS NOS TURNOS DA MANHA E A TARDE;36;M;Não;Não;NAO;Não;Não;Não;Sim;-15.595683315476803;-56.11363665181271;65 96101111;2025-11-27
9688528;CLINICA REVIVERE;CLINICA MEDICA REVIVERE LTDA;510340;Cuiabá;Sim;Sim;CENTRO NORTE;COMANDANTE COSTA;MUNICIPAL;;ATENDIMENTOS NOS TURNOS DA MANHA E A TARDE;36;M;Não;Não;NAO;Não;Não;Não;Sim;-15.5922214;-56.0949969;65 36231000;2025-10-11
9689834;DROGARIA LONGA VIDA;DROGARIA LONGA VIDA LTDA;510340;Cuiabá;Sim;Sim;JARDIM ALVORADA;POXOREO;MUNICIPAL;;ATENDIMENTO NOS TURNOS DA MANHA, TARDE E NOITE;43;M;Não;Não;NAO;Não;Não;Não;Não;-15.596;-56.097;65 36213490;2025-09-03
9690654;CLIN MED;S B CLINICA LTDA;510340;Cuiabá;Sim;Sim;MORADA DA SERRA;RIBEIRAO PRETO NUC HAB CPA I;MUNICIPAL;;ATENDIMENTOS NOS TURNOS DA MANHA E A TARDE;36;M;Não;Não;NAO;Não;Não;Não;Não;-15.556649149294403;-56.054593025304364;65 36231000;2025-09-03
9691405;NB CLINICA ODONTOLOGIA;NB ODONTOLOGIA LTDA;510340;Cuiabá;Sim;Sim;BOSQUE DA SAUDE;HISTORIADOR RUBENS DE MENDONCA;MUNICIPAL;;ATENDIMENTOS NOS TURNOS DA MANHA E A TARDE;22;M;Não;Não;NAO;Não;Não;Não;Sim;-15.581220125848505;-56.07759604446309;65 99966262;2025-11-13
9699651;CONSULTORIO DRA MONNIZE;MONNIZE DA COSTA DIAS EIRELI;510340;Cuiabá;Sim;Sim;CIDADE ALTA;MIGUEL SUTIL;MUNICIPAL;;ATENDIMENTOS NOS TURNOS DA MANHA E A TARDE;22;M;Não;Não;NAO;Não;Não;Não;Sim;-15.596;-56.097;65 81419249;2025-09-03
9702636;QUALYVIDA ATENDIMENTO DOMICILIAR EM SAUDE;QUALYVIDA ATENDIMENTO DOMICILIAR EM SAUDE LTDA;510340;Cuiabá;Sim;Sim;AREAO;IPANEMA JD GUANABARA;MUNICIPAL;;ATENDIMENTO CONTINUO DE 24 HORAS/DIA (PLANTAO:INCLUI SABADOS, DOMINGOS E FERIADOS);77;M;Não;Não;NAO;Não;Não;Não;Sim;-15.603557567332832;-56.07925539191901;65 41014659;2025-10-11
9643435;LABORATORIO CARLOS CHAGAS SHOPPING POPULAR;LABORATORIO CARLOS CHAGAS LTDA;510340;Cuiabá;Sim;Sim;DOM AQUINO;TENENTE CORONEL DUARTE;MUNICIPAL;;ATENDIMENTOS NOS TURNOS DA MANHA E A TARDE;39;M;Não;Não;NAO;Não;Não;Não;Sim;-15.5959545;-56.0925983;65 39014700;2025-09-03
423122;PONCIONI SERVICOS MEDICOS;PONCIONI SERVICOS MEDICOS EIRELI;510340;Cuiabá;Sim;Sim;BOSQUE DA SAUDE;ACLIMACAO;MUNICIPAL;;ATENDIMENTOS NOS TURNOS DA MANHA E A TARDE;36;M;Não;Não;NAO;Não;Não;Não;Não;-15.58260315;-56.076452641767126;65 30269292;2025-12-17
451339;COGNITIVE PSICOLOGIA;COGNITIVE CLINICA DE PSICOLOGIA LTDA;510340;Cuiabá;Sim;Sim;JARDIM ACLIMACAO;HISTORIADOR RUBENS DE MENDONCA;MUNICIPAL;;ATENDIMENTOS NOS TURNOS DA MANHA E A TARDE;36;M;Não;Não;NAO;Não;Não;Não;Sim;-15.580810939437567;-56.07680575120956;65 36220414;2025-12-17
9671048;CARDIOCORE;N C MARTINS SERVICOS MEDICOS EIRELI;510340;Cuiabá;Sim;Sim;POCAO;MIRANDA REIS;MUNICIPAL;;ATENDIMENTOS NOS TURNOS DA MANHA E A TARDE;36;M;Não;Não;NAO;Não;Não;Não;Sim;-15.603960416624934;-56.093278204670305;65 81182765;2026-03-03
2534363;CLINICA DE DOENCAS RENAIS;FIGUEIREDO E RABEL FILHO LTDA;510340;Cuiabá;Sim;Sim;BOA ESPERANCA;VINTE E SETE;MUNICIPAL;;ATENDIMENTO COM TURNOS INTERMITENTES;36;M;Não;Não;SIM;Não;Não;Não;Sim;-15.608696535474426;-56.055580558190215;65 36231000;2026-07-14
4006003;CLINICA PEQUENO PRINCIPE;CLINICA DE PSICOLOGIA PEQUENO PRINCIPE ESPECIALIZADA EM ABA;510340;Cuiabá;Sim;Sim;DOM AQUINO;GENERAL MELO;MUNICIPAL;;ATENDIMENTOS NOS TURNOS DA MANHA E A TARDE;36;M;Não;Não;NAO;Não;Não;Não;Não;-15.60766709009642;-56.0896467415643;65 92883563;2025-12-17
9665994;ANA LAURA MEIRELLES;ANA LAURA MACHADO MEIRELLES;510340;Cuiabá;Sim;Sim;JARDIM CUIABA;DAS FLORES;MUNICIPAL;;ATENDIMENTOS NOS TURNOS DA MANHA E A TARDE;22;M;Não;Não;NAO;Não;Não;Não;Não;-15.595754373689605;-56.11346449754144;65 92269245;2025-09-03
4228774;EMPHATICA;EMPHATICA SOLUCAO SAUDE LTDA;510340;Cuiabá;Sim;Sim;JARDIM CALIFORNIA;SACRAMENTO;MUNICIPAL;;ATENDIMENTO CONTINUO DE 24 HORAS/DIA (PLANTAO:INCLUI SABADOS, DOMINGOS E FERIADOS);36;M;Não;Não;NAO;Não;Não;Não;Não;-15.625658645028743;-56.07263006283294;65 81732810;2026-03-10
548162;PRISMA PSICOLOGIA COMPORTAMENTAL;PRISMA PSICOLOGIA COMPORTAMENTAL LTDA;510340;Cuiabá;Sim;Sim;COXIPO;IVAN RODRIGUES ARRAIS VL BALN S JOAO;MUNICIPAL;;ATENDIMENTOS NOS TURNOS DA MANHA E A TARDE;36;M;Não;Não;NAO;Não;Não;Não;Sim;-15.627535576654683;-56.060629638203906;65 99993414;2025-09-03
548170;RENATA E DANIEL FISIOTERAPIA;SANTOS PENHA FISIOTERAPIA LTDA;510340;Cuiabá;Sim;Sim;COXIPO;IVAN RODRIGUES ARRAIS VL BALN S JOAO;MUNICIPAL;;ATENDIMENTOS NOS TURNOS DA MANHA E A TARDE;36;M;Não;Não;NAO;Não;Não;Não;Sim;-15.627529764777881;-56.06062159157699;65 99993414;2025-09-03
548189;L N TERAPEUTA;L N MARQUES;510340;Cuiabá;Sim;Sim;SANTA ROSA;MIGUEL SEROR;MUNICIPAL;;ATENDIMENTOS NOS TURNOS DA MANHA E A TARDE;36;M;Não;Não;NAO;Não;Não;Não;Sim;-15.596;-56.097;65 81015561;2025-09-03
8026858;SMART SEG APOIO ADMINISTRATIVO EM SAUDE E SEGURANCA DO TRABA;SMART SEG APOIO ADMINISTRATIVO EM SAUDE E SEGURANCA DO TRABA;510340;Cuiabá;Sim;Sim;ARAES;HISTORIADOR RUBENS DE MENDONCA;MUNICIPAL;;ATENDIMENTOS NOS TURNOS DA MANHA E A TARDE;22;M;Não;Não;NAO;Não;Não;Não;Não;-15.588545264884997;-56.0843589295658;65 30287328;2025-12-17
8032432;IZABELA FRAGA FONOAUDIOLOGIA;IZABELA FRAGA FONOAUDIOLOGIA LTDA;510340;Cuiabá;Sim;Sim;JARDIM DAS AMERICAS;NASSAU;MUNICIPAL;;ATENDIMENTOS NOS TURNOS DA MANHA E A TARDE;22;M;Não;Não;NAO;Não;Não;Não;Não;-15.604536275050267;-56.06756826399354;65 99563621;2025-12-17
8032440;VEDANA FISIOTERAPIA;JV SERVICOS DE FISIOTERAPIA LTDA;510340;Cuiabá;Sim;Sim;RESIDENCIAL COXIPO;37 RES S TEREZINHA 2A ETAPA;MUNICIPAL;;ATENDIMENTOS NOS TURNOS DA MANHA E A TARDE;36;M;Não;Não;NAO;Não;Não;Não;Não;-15.650707884414782;-56.019908068921154;65 84385760;2025-12-17
8032459;KLAYNE MOURA SERVICOS MEDICOS;KLAYNE MOURA SERVICOS MEDICOS LTDA;510340;Cuiabá;Sim;Sim;GOIABEIRA;ISAAC POVOAS;MUNICIPAL;;ATENDIMENTOS NOS TURNOS DA MANHA E A TARDE;22;M;Não;Não;NAO;Não;Não;Não;Não;-15.594656025214583;-56.10219681816354;65 30287328;2025-12-17
8032467;MED PLASTICA;MED PLASTICA MEDICINA E CIRURGIA LTDA;510340;Cuiabá;Sim;Sim;SANTA ROSA;RUSSIA;MUNICIPAL;;ATENDIMENTOS NOS TURNOS DA MANHA E A TARDE;22;M;Não;Não;NAO;Não;Não;Não;Não;-15.583444809464707;-56.121108033780075;65 99712117;2025-12-17
8032483;LAURA LERMEN ATIVIDADE MEDICA;LAURA LERMEN ATIVIDADE MEDICA LTDA;510340;Cuiabá;Sim;Sim;ALVORADA;HISTORIADOR RUBENS DE MENDONCA;MUNICIPAL;;ATENDIMENTOS NOS TURNOS DA MANHA E A TARDE;22;M;Não;Não;NAO;Não;Não;Não;Não;-15.58101352076066;-56.07756180888045;65 99890033;2025-12-17
8032491;JM SERVICOS MEDICOS;JM SERVICOS MEDICOS LTDA;510340;Cuiabá;Sim;Sim;JARDIM CUIABA;DAS DALIAS;MUNICIPAL;;ATENDIMENTOS NOS TURNOS DA MANHA E A TARDE;22;M;Não;Não;NAO;Não;Não;Não;Não;-15.594293405489362;-56.11709715313857;65 30252008;2025-12-17
9692789;RESSIGNIFICAR PESSOAS;ISABEL CHRISTINA DE CAMPOS PINTO;510340;Cuiabá;Sim;Sim;BAU;BOSQUE DA SAUDE;MUNICIPAL;;ATENDIMENTOS NOS TURNOS DA MANHA E A TARDE;22;M;Não;Não;NAO;Não;Não;Não;Sim;-15.5899501;-56.0785532673708;65 92615498;2025-09-03
8036772;TRES BELLE CLINICA DA AUTOESTIMA;THAIS MARA NOGUEIRA DOS SANTOS ALVES LTDA;510340;Cuiabá;Sim;Sim;JARDIM CUIABA;DAS PAPOULAS;MUNICIPAL;;ATENDIMENTOS NOS TURNOS DA MANHA E A TARDE;22;M;Não;Não;NAO;Não;Não;Não;Não;-15.596703066132168;-56.114755094451674;65 21277864;2025-12-17
8036780;LOSS OTORRINO;LOSS OTORRINO LTDA;510340;Cuiabá;Sim;Sim;BOSQUE DA SAUDE;BOSQUE DA SAUDE;MUNICIPAL;;ATENDIMENTOS NOS TURNOS DA MANHA E A TARDE;22;M;Não;Não;NAO;Não;Não;Não;Não;-15.588706919435518;-56.07851484145481;65 30287328;2025-12-17
8036799;CLINICA SER SAUDAVEL;CAROLINA PULCHERIO RIVERA;510340;Cuiabá;Sim;Sim;CENTRO SUL;BARAO DE MELGACO;MUNICIPAL;;ATENDIMENTOS NOS TURNOS DA MANHA E A TARDE;22;M;Não;Não;NAO;Não;Não;Não;Não;-15.603309987441127;-56.10360839149396;65 84238006;2025-12-17
8039909;OTOMED;OTOMED CLINICA MEDICA LTDA;510340;Cuiabá;Sim;Sim;BOSQUE DA SAUDE;BOSQUE DA SAUDE;MUNICIPAL;;ATENDIMENTOS NOS TURNOS DA MANHA E A TARDE;36;M;Não;Não;NAO;Não;Não;Não;Não;-15.587937201345886;-56.07867571686735;65 81141993;2025-12-17
8039933;ADAPTA T O;ESPACO ADAPTA LTDA;510340;Cuiabá;Sim;Sim;CENTRO NORTE;BARAO DE MELGACO;MUNICIPAL;;ATENDIMENTOS NOS TURNOS DA MANHA E A TARDE;22;M;Não;Não;NAO;Não;Não;Não;Sim;-15.593740262724175;-56.09525269070517;65 92215516;2025-12-17
8039976;PAULA CORDEIRO;PAULA CORDEIRO DERMATOLOGIA E CIRURGIA DERMATOLOGICA LTDA;510340;Cuiabá;Sim;Sim;ALVORADA;CORONEL CIVIS LEAO DE MORAES LOT M SUTIL;MUNICIPAL;;ATENDIMENTOS NOS TURNOS DA MANHA E A TARDE;22;M;Não;Não;NAO;Não;Não;Não;Sim;-15.58075948476102;-56.08145746561087;65 30287328;2025-12-17
8039992;LEAL FISIO;LEAL FISIO LTDA;510340;Cuiabá;Sim;Sim;ARAES;GAGO COUTINHO;MUNICIPAL;;ATENDIMENTOS NOS TURNOS DA MANHA E A TARDE;22;M;Não;Não;NAO;Não;Não;Não;Não;-15.58977102079301;-56.09039239357402;65 96276165;2025-12-17
8040001;CARDIOFISIOCARE SERVICOS MEDICOS E ESPECIALIDADES;CARDIOFISIOCARE SERVICOS MEDICOS E ESPECIALIDADES LTDA;510340;Cuiabá;Sim;Sim;BANDEIRANTES;GENERAL VALE;MUNICIPAL;;ATENDIMENTOS NOS TURNOS DA MANHA E A TARDE;22;M;Não;Não;NAO;Não;Não;Não;Não;-15.601912528245236;-56.09107802918764;65 36231000;2025-12-17
8040303;IMPULSOS DESENVOLVIMENTO INFANTIL;IMPULSOS DESENVOLVIMENTO INFANTIL LTDA;510340;Cuiabá;Sim;Sim;BANDEIRANTES;DIOGO DOMINGOS FERREIRA;MUNICIPAL;;ATENDIMENTOS NOS TURNOS DA MANHA E A TARDE;36;M;Não;Não;NAO;Não;Não;Não;Não;-15.598962468749987;-56.09205686076569;65 93583443;2025-12-17
8044287;T VICTORIA TONDORF DELBEN;T VICTORIA SERVICOS MEDICOS LTDA;510340;Cuiabá;Sim;Sim;BOSQUE DA SAUDE;OURO FINO;MUNICIPAL;;ATENDIMENTOS NOS TURNOS DA MANHA E A TARDE;22;M;Não;Não;NAO;Não;Não;Não;Sim;-15.58967292515659;-56.07570221629934;65 81104800;2025-12-17
8044295;VIDA PREMIUM;VIDA PREMIUM SERVICOS DE FISIOTERAPIA LTDA;510340;Cuiabá;Sim;Sim;CENTRO SUL;SENADOR METELLO;MUNICIPAL;;ATENDIMENTOS NOS TURNOS DA MANHA E A TARDE;22;M;Não;Não;NAO;Não;Não;Não;Não;-15.601013529664039;-56.11447278350606;65 96257993;2025-12-17
8044309;JGJR SERVICOS MEDICOS E OFTAL;JGJR SERVICOS MEDICOS E OFTAL LTDA;510340;Cuiabá;Sim;Sim;DUQUE DE CAXIAS;ALICE BORGES LIMA AVELINO;MUNICIPAL;;ATENDIMENTOS NOS TURNOS DA MANHA E A TARDE;22;M;Não;Não;NAO;Não;Não;Não;Não;-15.585043560878086;-56.11135197860931;65 30287328;2025-12-17
8044317;ORTOPMED BEL SERVICOS MEDICOS;ORTOPMED BEL SERVICOS MEDICOS LTDA;510340;Cuiabá;Sim;Sim;JARDIM CUIABA;DAS DALIAS;MUNICIPAL;;ATENDIMENTOS NOS TURNOS DA MANHA E A TARDE;22;M;Não;Não;NAO;Não;Não;Não;Não;-15.594190066459472;-56.11714006848111;65 30287328;2025-12-17
8051399;VELOSO SERVICOS MEDICOS;VELOSO SERVICOS MEDICOS LTDA;510340;Cuiabá;Sim;Sim;ALVORADA;CORONEL CIVIS LEAO DE MORAES LOT M SUTIL;MUNICIPAL;;ATENDIMENTOS NOS TURNOS DA MANHA E A TARDE;22;M;Não;Não;NAO;Não;Não;Não;Não;-15.584032148052543;-56.08144407675435;65 36446264;2025-12-17
8051429;INFECTO BR;INFECTO BR LTDA;510340;Cuiabá;Sim;Sim;JARDIM CUIABA;DAS FLORES;MUNICIPAL;;ATENDIMENTOS NOS TURNOS DA MANHA E A TARDE;22;M;Não;Não;NAO;Não;Não;Não;Não;-15.594631709242945;-56.11667445259146;65 30287328;2025-12-17
8059330;LUCINEY PAULA ENTRELACOS CONSULTORIO DE PSICOLOGIA;LUCINEY A P SILVA;510340;Cuiabá;Sim;Sim;BOSQUE DA SAUDE;HISTORIADOR RUBENS DE MENDONCA;MUNICIPAL;;ATENDIMENTOS NOS TURNOS DA MANHA E A TARDE;22;M;Não;Não;NAO;Não;Não;Não;Não;-15.579556255240936;-56.07790181627867;65 92079734;2025-12-17
8059403;COMUNICARE FONOAUDIOLOGIA;T KARLA DE CARVALHO GOMES TAQUES OLIVEIRA RAMOS LTDA;510340;Cuiabá;Sim;Sim;JARDIM SANTA MARTA;SANTA MONICA;MUNICIPAL;;ATENDIMENTOS NOS TURNOS DA MANHA E A TARDE;22;M;Não;Não;NAO;Não;Não;Não;Não;-15.575800120706228;-56.09975613932852;65 99999999;2025-12-17
8059489;DOM DIAGNOSTICOS E TERAPIAS MEDICAS;DOM DIAGNOSTICOS E TERAPIAS MEDICAS LTDA;510340;Cuiabá;Sim;Sim;BOSQUE DA SAUDE;TOPAZIO;MUNICIPAL;;ATENDIMENTOS NOS TURNOS DA MANHA E A TARDE;36;M;Não;Não;NAO;Não;Não;Não;Sim;-15.58936672284653;-56.07855890652024;65 59961453;2025-12-17
8059500;FISIO EAN;EDPO ARAUJO NUNES;510340;Cuiabá;Sim;Sim;TIJUCAL;CENTO E TRES;MUNICIPAL;;ATENDIMENTOS NOS TURNOS DA MANHA E A TARDE;22;M;Não;Não;NAO;Não;Não;Não;Não;-15.635834401002333;-56.02121481811123;65 92744033;2025-12-17
9341145;VALOR DA VIDA;VALOR DA VIDA COMUNIDADE TERAPEUTICA LTDA ME;510340;Cuiabá;Sim;Sim;SUCURI II;NOVA DA GUIA;MUNICIPAL;;ATENDIMENTOS NOS TURNOS DA MANHA E A TARDE;22;M;Não;Não;NAO;Não;Não;Não;Sim;-15.596;-56.097;65 30254210;2025-12-17
8039917;DROGARIA SAO PAULO;DROGARIA SAO PAULO S A;510340;Cuiabá;Sim;Sim;JARDIM DAS AMERICAS;BRASILIA;MUNICIPAL;;ATENDIMENTOS NOS TURNOS DA MANHA E A TARDE;43;M;Não;Não;NAO;Não;Não;Não;Sim;-15.611157666364285;-56.07346948669644;11 32747400;2025-12-23
553530;CLINICA DE PSICOLOGIA ENTRELACOS;CLINICA DE PSICOLOGIA ENTRELACOS LTDA;510340;Cuiabá;Sim;Sim;MORADA DA SERRA;JORNALISTA CARAMURU DE CAMPOS MACIEL NUC HAB CPA;MUNICIPAL;;ATENDIMENTOS NOS TURNOS DA MANHA E A TARDE;22;M;Não;Não;NAO;Não;Não;Não;Não;-15.558027666745616;-56.04708649355884;65 99810200;2025-09-03
9710698;MARCIA ARANTES DA COSTA;MARCIA ARANTES DA COSTA;510340;Cuiabá;Sim;Sim;BANDEIRANTES;RUA MANOEL GARCIA VELHO;MUNICIPAL;;ATENDIMENTOS NOS TURNOS DA MANHA E A TARDE;22;M;Não;Não;NAO;Não;Não;Não;Não;-15.600389822859693;-56.09204609230672;65 3322-54444;2025-11-27
9712089;NASOGAPE;NASOGAPE SERVICOS MEDICOS LTDA;510340;Cuiabá;Sim;Sim;POPULAR;ESTEVAO DE MENDONCA;MUNICIPAL;;ATENDIMENTOS NOS TURNOS DA MANHA E A TARDE;22;M;Não;Não;NAO;Não;Não;Não;Sim;-15.59306093124412;-56.10780257420377;65 30287328;2025-11-13
9714235;DESITHA ENFERMAGEM DOMICILIAR;DESITHA ENFERMAGEM DOMICILIAR EIRELI;510340;Cuiabá;Sim;Sim;CENTRO SUL;BARAO DE MELGACO;MUNICIPAL;;ATENDIMENTO CONTINUO DE 24 HORAS/DIA (PLANTAO:INCLUI SABADOS, DOMINGOS E FERIADOS);22;M;Não;Não;NAO;Não;Não;Não;Não;-15.596;-56.097;65 92241990;2025-09-03
9715886;AMANDA SANTA CECILIA CURY;AMANDA SANTA CECILIA CURY TETILLA;510340;Cuiabá;Sim;Sim;JARDIM CUIABA;RUA DAS AMERICAS;MUNICIPAL;;ATENDIMENTOS NOS TURNOS DA MANHA E A TARDE;22;M;Não;Não;NAO;Não;Não;Não;Sim;-15.594714352999878;-56.11443153012443;21272121;2025-09-11
9717021;NADIA ROBERTA FORTUNATO MUZZI;NADIA ROBERTA FORTUNATO MUZZI;510340;Cuiabá;Sim;Sim;JARDIM CUIABA;RUA DAS DALIAS;MUNICIPAL;;ATENDIMENTOS NOS TURNOS DA MANHA E A TARDE;22;M;Não;Não;NAO;Não;Não;Não;Não;-15.595047266876595;-56.11778858710507;65 3051-3500;2025-09-03
9718826;SIMONE FINKE CAVATONI;SIMONE FINKE CAVATONI;510340;Cuiabá;Sim;Sim;JARDIM AMERICA;RUA BUENOS AIRES;MUNICIPAL;;ATENDIMENTOS NOS TURNOS DA MANHA E A TARDE;22;M;Não;Não;NAO;Não;Não;Não;Sim;-15.60826516068177;-56.074804118479264;65 9991- 0666;2025-11-27
9720782;NUTROFLEX;NUTROFLEX COMERCIO DE PRODUTOS NUTRICIONAIS LTDA;510340;Cuiabá;Sim;Sim;JARDIM CALIFORNIA;MANOEL JOSE DE ARRUDA;MUNICIPAL;;ATENDIMENTOS NOS TURNOS DA MANHA E A TARDE;36;M;Não;Não;NAO;Não;Não;Não;Sim;-15.6194829;-56.1137815;65 30210826;2025-09-03
9722661;QUALIFIC HOMECARE;API SERVICOS DE ATENCAO A SAUDE LTDA;510340;Cuiabá;Sim;Sim;DOM AQUINO;CARMINDO DE CAMPOS;MUNICIPAL;;ATENDIMENTO CONTINUO DE 24 HORAS/DIA (PLANTAO:INCLUI SABADOS, DOMINGOS E FERIADOS);77;M;Não;Não;NAO;Não;Não;Não;Sim;-15.61767301326559;-56.091178305704695;65 36224577;2025-09-03
9723072;APOIO MEDICINA E SEGURANCA DO TRABALHO;APOIO MEDICINA E SEGURANCA DO TRABALHO S S LTDA;510340;Cuiabá;Sim;Sim;CENTRO;TENENTE CORONEL DUARTE;MUNICIPAL;;ATENDIMENTOS NOS TURNOS DA MANHA E A TARDE;36;M;Não;Não;NAO;Não;Não;Não;Sim;-15.599521299050533;-56.094922937100954;65 36274999;2025-09-03
9730079;GASTROVIDEO;GASTROVIDEO PRESTADORA DE SERVCIOS MEDICOS E COMERCIO DE MAT;510340;Cuiabá;Sim;Sim;JARDIM CUIABA;DAS FLORES;MUNICIPAL;;ATENDIMENTOS NOS TURNOS DA MANHA E A TARDE;22;M;Não;Não;NAO;Não;Não;Não;Não;-15.595074774009607;-56.11660739736966;65 30522033;2025-10-17
9736344;VANESSA KASY NUTRICIONISTA;VANESSA KASY GOMES FERREIRA;510340;Cuiabá;Sim;Sim;JARDIM PAULISTA;MIGUEL SUTIL;MUNICIPAL;;ATENDIMENTOS NOS TURNOS DA MANHA E A TARDE;22;M;Não;Não;NAO;Não;Não;Não;Sim;-15.620419228602339;-56.08064134776242;65 92223454;2025-11-27
9738290;C I M MEDICINA DIAGNOSTICA;C I M MEDICINA DIAGNOSTICA POR IMAGEM S A;510340;Cuiabá;Sim;Sim;JARDIM DAS AMERICAS;BUENOS AIRES;MUNICIPAL;;ATENDIMENTOS NOS TURNOS DA MANHA E A TARDE;36;M;Não;Não;NAO;Não;Não;Não;Sim;-15.596423873143632;-56.09706312417984;65 40098000;2025-09-03
9752943;MEDTRAUMA;MEDTRAUMA CENTRO ESPECIALIZADO EM ORTOPEDIA E TRAUMATOLOGIA;510340;Cuiabá;Sim;Sim;RIBEIRAO DA PONTE;MIGUEL SUTIL;MUNICIPAL;;ATENDIMENTO CONTINUO DE 24 HORAS/DIA (PLANTAO:INCLUI SABADOS, DOMINGOS E FERIADOS);36;M;Não;Não;SIM;Não;Não;Não;Não;-15.579428527644582;-56.11023803231461;65 30545544;2025-09-03
9772510;HABILITAMED;HABILITAMED PERICIAS MEDICAS LTDA;510340;Cuiabá;Sim;Sim;CENTRO SUL;BARAO DE MELGACO;MUNICIPAL;;ATENDIMENTOS NOS TURNOS DA MANHA E A TARDE;36;M;Não;Não;NAO;Não;Não;Não;Sim;-15.602221784751018;-56.101454343300304;65 30579998;2025-09-03
9772588;BERNARDINO SERVICOS CIRURGICOS;BERNARDINO SERVICOS CIRURGICOS LTDA;510340;Cuiabá;Sim;Sim;JARDIM DAS AMERICAS;CARACAS;MUNICIPAL;;ATENDIMENTOS NOS TURNOS DA MANHA E A TARDE;36;M;Não;Não;NAO;Não;Não;Não;Não;-15.60785227650557;-56.07223564885576;65 93338644;2025-09-03
9773762;DL DIAGNOSTICO LABORATORIAL;DL DIAGNOSTICO LABORATORIAL LTDA;510340;Cuiabá;Sim;Sim;PEDRA 90;NEWTON RABELLO DE CASTRO;MUNICIPAL;;ATENDIMENTOS NOS TURNOS DA MANHA E A TARDE;39;M;;Não;NAO;;;;Sim;-15.634046593705657;-55.95284309900011;65 36674513;2025-09-03
9775692;CEMEDIG;CASSIUS CLAY SCOFONI FALEIROS;510340;Cuiabá;Sim;Sim;JARDIM CUIABA;DAS FLORES;MUNICIPAL;;ATENDIMENTOS NOS TURNOS DA MANHA E A TARDE;36;M;Não;Não;NAO;Não;Não;Não;Sim;-15.4692575;-55.742278913681;65 30262297;2025-09-03
9780556;CEC;CENTRO DE ENDOSCOPIA CUIABA LTDA;510340;Cuiabá;Sim;Sim;JARDIM DAS AMERICAS;BRASILIA;MUNICIPAL;;ATENDIMENTOS NOS TURNOS DA MANHA E A TARDE;36;M;Não;Não;NAO;Não;Não;Não;Sim;-15.609287375596168;-56.07024010923227;65 36220220;2025-10-11
9786953;THAYNARA ALVES BOSAIPO;THAYNARA ALVES BOSAIPO;510340;Cuiabá;Sim;Sim;CENTRO;RUA COMANDANTE COSTA;MUNICIPAL;;ATENDIMENTOS NOS TURNOS DA MANHA E A TARDE;22;M;Não;Não;NAO;Não;Não;Não;Sim;-15.604646193126177;-56.10666517329335;65 99930-1701;2025-09-03
9790454;JOEL MARCOS PEREIRA;JOEL MARCOS PEREIRA;510340;Cuiabá;Sim;Sim;JARDIM CUIABA;RUA DAS PAPOULAS;MUNICIPAL;;ATENDIMENTO SOMENTE A TARDE;22;M;Não;Não;NAO;Não;Não;Não;Sim;-15.5987918;-56.117309;65 36221884;2025-09-03
9793046;CAROLINE AMORIMSOUZA DE LIMA;CAROLINE AMORIMSOUZA DE LIMA;510340;Cuiabá;Sim;Sim;CENTRO SUL;RUA COMANDANTE COSTA;MUNICIPAL;;ATENDIMENTOS NOS TURNOS DA MANHA E A TARDE;22;M;Não;Não;NAO;Não;Não;Não;Sim;-15.604710977183146;-56.10678471972037;;2025-10-11
9802169;MARINA ASSIS OLIVEIRA;MARINA ASSIS OLIVEIRA;510340;Cuiabá;Sim;Sim;PICO DO AMOR;AV TANCREDO NEVES;MUNICIPAL;;ATENDIMENTOS NOS TURNOS DA MANHA E A TARDE;22;M;Não;Não;NAO;Não;Não;Não;Sim;-15.6214795;-56.0770656;011996799965;2025-09-03
9809856;CLINICA DO COLON;CLINICA MEDICA DE COLOPROCTOLOGIA EIRELI;510340;Cuiabá;Sim;Sim;JARDIM CUIABA;DAS FLORES;MUNICIPAL;;ATENDIMENTOS NOS TURNOS DA MANHA E A TARDE;36;M;Não;Não;NAO;Não;Não;Não;Sim;-15.59511740116377;-56.11662617281135;65 36341983;2025-10-11
9811567;CLINICA DE PSICOLOGIA MOVER SE;MOVER SE CLINICA PSICOLOGICA LTDA;510340;Cuiabá;Sim;Sim;JARDIM ACLIMACAO;HISTORIADOR RUBENS DE MENDONCA;MUNICIPAL;;ATENDIMENTO NOS TURNOS DA MANHA, TARDE E NOITE;36;M;Não;Não;NAO;Não;Não;Não;Não;-15.596;-56.097;65 96412998;2025-09-03
9812555;CTABRAAO;COMUNIDADE TERAPEUTICA TENDA DE ABRAAO;510340;Cuiabá;Sim;Sim;ZONA RUAL;BARREIRO BRANCO;MUNICIPAL;;ATENDIMENTO NOS TURNOS DA MANHA, TARDE E NOITE;36;M;Não;Não;NAO;Não;Não;Não;Sim;-15.59530492041029;-56.093851832203725;65 36247573;2025-10-17
9816844;EXAME DIAGNOSTICO LABORATORIAL LTDA;DIAGNOSTICO ANALISES CLINICAS LTDA;510340;Cuiabá;Sim;Sim;DOM AQUINO;DOM AQUINO;MUNICIPAL;;ATENDIMENTOS NOS TURNOS DA MANHA E A TARDE;39;M;Não;Não;NAO;Não;Não;Não;Sim;-15.6037759;-56.096797797653;65 30287288;2025-09-03
9821899;SCA;SOCIEDADE CUIABANA DE ANESTESIOLOGIA LTDA;510340;Cuiabá;Sim;Sim;BANDEIRANTES;GENERAL VALE;MUNICIPAL;;ATENDIMENTOS NOS TURNOS DA MANHA E A TARDE;22;M;Não;Não;NAO;Não;Não;Não;Sim;-15.6018826;-56.0923791;65 30563660;2025-09-03
9826378;SAMIR CHAAR EL HUSNY FILHO;SAMIR CHAAR EL HUSNY FILHO;510340;Cuiabá;Sim;Sim;ALVORADA;RUA ORIENTE TENUTA LOT CONSIL;MUNICIPAL;;ATENDIMENTO SOMENTE PELA MANHA;22;M;Não;Não;NAO;Não;Não;Não;Sim;-15.569588125882014;-56.06697268972507;65 99917-1886;2025-11-27
9828230;GIULIANO DOS SANTOS ALVES CORREA;GIULIANO DOS SANTOS ALVES CORREA;510340;Cuiabá;Sim;Sim;DUQUE DE CAXIAS;TRAVESSA ALVINO DE CARVALHO;MUNICIPAL;;ATENDIMENTO SOMENTE PELA MANHA;22;M;Não;Não;NAO;Não;Não;Não;Sim;-15.590277854068953;-56.114900248342515;65 999074714;2025-10-17
9831002;LUCAS COELHO MIRANDA;LUCAS COELHO MIRANDA;510340;Cuiabá;Sim;Sim;RIBEIRAO DA PONTE;AV MIGUEL SUTIL ED SANTA ROSA TOWER 7 ANDAR S 703;MUNICIPAL;;ATENDIMENTO SOMENTE A TARDE;22;M;Não;Não;NAO;Não;Não;Não;Sim;-15.5396106007107;-56.09443403269639;;2025-11-27
9832432;WALDEMAR VAZ DA SILVA JUNIOR;WALDEMAR VAZ DA SILVA JUNIOR;510340;Cuiabá;Sim;Sim;DUQUE DE CAXIAS;RUA FRANKLIN CASSIANO DA SILVA;MUNICIPAL;;ATENDIMENTO SOMENTE A TARDE;22;M;Não;Não;NAO;Não;Não;Não;Sim;-15.5896699;-56.1168971;65 981226301;2025-09-03
9839828;EXAME DIAGNOSTICO LABORATORIAL;EXAME DIAGNOSTICO LABORATORIAL LTDA;510340;Cuiabá;Sim;Sim;JARDIM ITALIA;ERICO GONCALVES PREZA FILHO;MUNICIPAL;;ATENDIMENTOS NOS TURNOS DA MANHA E A TARDE;39;M;Não;Não;NAO;Não;Não;Não;Sim;-15.60550672261336;-56.05957235367483;65 30287288;2025-10-17
9839844;DIAGNOSTICO ANALISES CLINICAS;DIAGNOSTICO ANALISES CLINICAS LTDA;510340;Cuiabá;Sim;Sim;DUQUE DE CAXIAS;ALMIRANTE HENRIQUE PINHEIRO GUEDES;MUNICIPAL;;ATENDIMENTOS NOS TURNOS DA MANHA E A TARDE;39;M;Não;Não;NAO;Não;Não;Não;Sim;-15.587992974414423;-56.116069591169015;65 30287288;2025-09-03
9839852;EXAME DIAGNOSTICO LABORATORIAL;DIAGNOSTICO ANALISES CLINICAS LTDA;510340;Cuiabá;Sim;Sim;BARBADO;TANCREDO DE ALMEIDA NEVES;MUNICIPAL;;ATENDIMENTO NOS TURNOS DA MANHA, TARDE E NOITE;39;M;;Não;NAO;;;;Não;-15.596;-56.097;65 30287328;2025-09-03
9841105;INSTITUTO FONSECA DE ODONTOLOGIA;FONSECA ODONTOLOGIA LTDA;510340;Cuiabá;Sim;Sim;POCAO;MIRANDA REIS;MUNICIPAL;;ATENDIMENTOS NOS TURNOS DA MANHA E A TARDE;22;M;Não;Não;NAO;Não;Não;Não;Sim;-15.6034378;-56.0906627;65 92967414;2025-09-03
9841911;IMEDI INSTITUTO MEDICO DE DIAGNOSTICO POR IMAGEM;MEDIMAGEM RADIOLOGIA E ULTRASSONOGRAFIA LTDA;510340;Cuiabá;Sim;Sim;JARDIM MARIANA;MIGUEL SULTIL;MUNICIPAL;;ATENDIMENTO SOMENTE PELA MANHA;36;M;Não;Não;NAO;Não;Não;Não;Sim;-15.596;-56.097;65 33142400;2025-09-03
9844880;MARCO ANTONIO GONCALVES PREZA;MARCO ANTONIO GONCALVES PREZA;510340;Cuiabá;Sim;Sim;BOSQUE DA SAUDE;RUA OURO FINO;MUNICIPAL;;ATENDIMENTO SOMENTE PELA MANHA;22;M;Não;Não;NAO;Não;Não;Não;Sim;-15.5883783;-56.0744633;65 3644-5948;2025-09-03
9846913;DIAGNOSTICOS LABORATORIO SANTA ROSA;CLINICA SANTA ROSA LTDA;510340;Cuiabá;Sim;Sim;JARDIM CALIFORNIA;TANCREDO DE ALMEIDA NEVES;MUNICIPAL;;ATENDIMENTOS NOS TURNOS DA MANHA E A TARDE;39;M;Não;Não;NAO;Não;Não;Não;Sim;-15.596;-56.097;65 36188000;2025-09-03
9846921;DIAGNOSTICOS LABORATORIO SANTA ROSA TOWER;CLINICA SANTA ROSA LTDA;510340;Cuiabá;Sim;Sim;RIBEIRAO DA PONTE;MIGUEL SUTIL;MUNICIPAL;;ATENDIMENTOS NOS TURNOS DA MANHA E A TARDE;69;M;Não;Não;NAO;Não;Não;Não;Sim;-15.579183079589919;-56.11033995614859;65 36188000;2025-09-03
9852786;R KAZAN CONSULTORIA E SERVICOS MEDICOS;ROBERTO KAZAN;510340;Cuiabá;Sim;Sim;BANDEIRANTES;GENERAL VALE;MUNICIPAL;;ATENDIMENTOS NOS TURNOS DA MANHA E A TARDE;22;M;Não;Não;NAO;Não;Não;Não;Sim;-15.596;-56.097;65 30521841;2026-02-14
9854193;PERICIAS MEDICAS ORTOPEDIA E SAUDE;POS PERICIAS MEDICAS ORTOPEDIA E SAUDE LTDA;510340;Cuiabá;Sim;Sim;CENTRO SUL;ALICE FARIAS;MUNICIPAL;;ATENDIMENTOS NOS TURNOS DA MANHA E A TARDE;22;M;Não;Não;NAO;Não;Não;Não;Sim;-15.597360748797433;-56.100727082581315;65 30287328;2026-07-07
221376;PROJETO CATARATA;PROATIVA OFTALMOLOGIA E SERVICOS MEDICOS LTDA;510340;Cuiabá;Sim;Sim;CENTRO SUL;TENENTE CORONEL THOGO DA SILVA PEREIRA;MUNICIPAL;;ATENDIMENTOS NOS TURNOS DA MANHA E A TARDE;36;M;Não;Não;NAO;Não;Não;Não;Sim;-15.600724723459866;-56.10658575279969;65 81757871;2025-11-27
9870598;VISAGE ODONTOLOGIA;VISAGE ODONTOLOGIA LTDA;510340;Cuiabá;Sim;Sim;QUILOMBO;ESTEVAO DE MENDONCA;MUNICIPAL;;ATENDIMENTOS NOS TURNOS DA MANHA E A TARDE;36;M;Não;Não;NAO;Não;Não;Não;Sim;-15.583958443078327;-56.10045950913787;65 96839198;2025-11-27
9878696;ELVIRA LOPES DA SILVA;ELVIRA LOPES DA SILVA;510340;Cuiabá;Sim;Sim;JARDIM MARIANA;AVENIDA MIGUEL SUTIL;MUNICIPAL;;ATENDIMENTO SOMENTE A TARDE;22;M;Não;Não;NAO;Não;Não;Não;Sim;-15.58276830484202;-56.1117164399273;65 36263512;2025-10-17
9878777;LETICIA WISNIESKI BETT;LETICIA WISNIESKI BETT;510340;Cuiabá;Sim;Sim;JARDIM ITALIA;AVENIDA ERICO GONCALVES PREZA FILHO;MUNICIPAL;;ATENDIMENTOS NOS TURNOS DA MANHA E A TARDE;22;M;Não;Não;NAO;Não;Não;Não;Sim;-15.5974744;-56.0583179;6530463400;2025-09-03
9878785;GISELE AGOSTINI FRAGERI;GISELE AGOSTINI FRAGERI;510340;Cuiabá;Sim;Sim;CENTRO SUL;RUA COMANDANTE COSTA;MUNICIPAL;;ATENDIMENTO SOMENTE PELA MANHA;22;M;Não;Não;NAO;Não;Não;Não;Sim;-15.598784649298022;-56.10081122673349;65 999517586;2025-10-17
9880453;MARCOS BENEDITO FIGUEIREDO BRANDAO;MARCOS BENEDITO FIGUEIREDO BRANDAO;510340;Cuiabá;Sim;Sim;POCAO;RUA MIRANDA REIS;MUNICIPAL;;ATENDIMENTOS NOS TURNOS DA MANHA E A TARDE;22;M;Não;Não;NAO;Não;Não;Não;Sim;-15.6028393;-56.0879919;65 99630-9263;2025-09-03
9881271;FISIO PELVICARE;FLAVIA MONTEIRO DE PAULA SIQUEIRA;510340;Cuiabá;Sim;Sim;BAU;RUA CORUMBA;MUNICIPAL;;ATENDIMENTOS NOS TURNOS DA MANHA E A TARDE;36;M;Não;Não;NAO;Não;Não;Não;Sim;-15.6519069;-56.1439071;65 981 1917;2025-09-03
9884955;PAMELLA SUELLEN MACEDO BEZERRA;PAMELLA SUELLEN MACEDO BEZERRA;510340;Cuiabá;Sim;Sim;BOSQUE DA SAUDE;AV ACLIMACAO ED VILLAGIO BOSQUE;MUNICIPAL;;ATENDIMENTOS NOS TURNOS DA MANHA E A TARDE;22;M;Não;Não;NAO;Não;Não;Não;Sim;-15.58808611131234;-56.07719905805192;65 3054-7371;2025-11-13
9885226;DEBORA AJALA NUTRICIONISTA;DEBORA PATRICIA DE AJALA MENDES;510340;Cuiabá;Sim;Sim;MORADA DA SERRA;DINIZ PINTO DE MATOS NUC HAB CPA II;MUNICIPAL;;ATENDIMENTOS NOS TURNOS DA MANHA E A TARDE;22;M;Não;Não;NAO;Não;Não;Não;Sim;-15.596;-56.097;65 96779911;2025-09-03
9893083;ESPACO VEM SER SAUDE E BEM ESTAR;R C LUZ KALIL DA SILVA EIRELI;510340;Cuiabá;Sim;Sim;BOA ESPERANCA;VINTE E SEIS;MUNICIPAL;;ATENDIMENTOS NOS TURNOS DA MANHA E A TARDE;36;M;Não;Não;NAO;Não;Não;Não;Sim;-15.608992986710112;-56.056184580731745;65 98080058;2025-11-27
9893598;SUPREME CARE MEDICINA INTENSIVA;ORGANIZACAO GOIANA DE TERAPIA INTENSIVA LTDA;510340;Cuiabá;Sim;Sim;CENTRO SUL;QUINZE DE NOVEMBRO;MUNICIPAL;;ATENDIMENTO CONTINUO DE 24 HORAS/DIA (PLANTAO:INCLUI SABADOS, DOMINGOS E FERIADOS);7;M;Não;Sim;NAO;Não;Não;Não;Sim;-15.596;-56.097;62 81329417;2025-09-03
9901213;CLINICA PETTERLE;CLINICA PETTERLE LTDA;510340;Cuiabá;Sim;Sim;QUILOMBO;SAO SEBASTIAO;MUNICIPAL;;ATENDIMENTOS NOS TURNOS DA MANHA E A TARDE;36;M;Não;Não;NAO;Não;Não;Não;Sim;-15.588313300163186;-56.10101807016784;65 30269292;2025-09-03
9901957;NUCLEO DE APOIO A SAUDE DA FAMILIA NASF OESTE I;SECRETARIA MUNICIPAL DE SAUDE;510340;Cuiabá;Sim;Sim;RIBEIAO DO LIPA;RUA ORIVALDO DE SOUZA;MUNICIPAL;;ATENDIMENTOS NOS TURNOS DA MANHA E A TARDE;71;M;Não;Não;NAO;Não;Não;Não;Sim;-15.596;-56.097;(65)3617-1687;2025-09-03
9903046;USF JOCKEY CLUB;SECRETARIA MUNICIPAL DE SAUDE;510340;Cuiabá;Sim;Sim;JARDIM JOCKEY CLUB;RUA BRITNEY SAN;MUNICIPAL;;ATENDIMENTOS NOS TURNOS DA MANHA E A TARDE;2;M;Não;Não;SIM;Não;Não;Não;Sim;-15.654290840640828;-56.04692111349414;;2025-09-03
280917;CLINICA VISAO POPULAR;CLINICA DE CONSULTA POPULAR LTDA;510340;Cuiabá;Sim;Sim;MORADA DA SERRA;PERNAMBUCO NUC HAB CPA II;MUNICIPAL;;ATENDIMENTOS NOS TURNOS DA MANHA E A TARDE;36;M;Não;Não;NAO;Não;Não;Não;Sim;-15.560395096709774;-56.04813301680363;65 30269292;2025-11-27
9908390;BRARRISO ODONTOLOGICA;NEILE LUCI GOMES DA SILVA ODONTOLOGICA;510340;Cuiabá;Sim;Sim;CENTRO NORTE;TENENTE CORONEL DUARTE;MUNICIPAL;;ATENDIMENTOS NOS TURNOS DA MANHA E A TARDE;36;M;Não;Não;NAO;Não;Não;Não;Sim;-15.596;-56.097;65 30210900;2025-09-03
9912460;NEOVIDANS GESTAO EM SAUDE LANES;NEOVIDANS GESTAO EM SAUDE LTDA;510340;Cuiabá;Sim;Sim;BANDEIRANTES;GENERAL VALE;MUNICIPAL;;ATENDIMENTO CONTINUO DE 24 HORAS/DIA (PLANTAO:INCLUI SABADOS, DOMINGOS E FERIADOS);42;M;;Não;NAO;;;;Sim;-15.60244841851005;-56.091637248461325;62 81111438;2025-09-03
9913483;ORTOCLIN ESPECIALIZADA EM VOCE;PME FONSECA ORTOCLIN EIRELI;510340;Cuiabá;Sim;Sim;JARDIM IMPERIAL;CEM;MUNICIPAL;;ATENDIMENTOS NOS TURNOS DA MANHA E A TARDE;36;M;Não;Não;NAO;Não;Não;Não;Sim;-15.609054895427814;-56.03096744916718;65 21297620;2025-09-03
9919538;MEDCARE SERVICOS MEDICOS;MEDCARE SERVICOS MEDICOS LTDA;510340;Cuiabá;Sim;Sim;ARAES;TENENTE EULALIO GUERRA;MUNICIPAL;;ATENDIMENTOS NOS TURNOS DA MANHA E A TARDE;22;M;Não;Não;NAO;Não;Não;Não;Sim;-15.589126652226021;-56.09346502227703;65 21288000;2025-11-27
9922814;BONE MEDICINA;BONE MEDICINA ESPECIALIZADA LTDA;510340;Cuiabá;Sim;Sim;RIBEIRAO DA PONTE;MIGUEL SUTIL;MUNICIPAL;;ATENDIMENTO CONTINUO DE 24 HORAS/DIA (PLANTAO:INCLUI SABADOS, DOMINGOS E FERIADOS);36;M;Não;Não;NAO;Não;Não;Não;Sim;-15.5794181929663;-56.110350684859135;65 30237055;2025-09-03
9927255;SAUDE LIVRE CLINICA DE VACINACAO;SAUDE LIVRE CLINICA DE VACINACAO E IMUNIZACAO HUMANA LTDA;510340;Cuiabá;Sim;Sim;BOSQUE DA SAUDE;AV ACLIMACAO;MUNICIPAL;;ATENDIMENTOS NOS TURNOS DA MANHA E A TARDE;36;M;Não;Não;NAO;Não;Não;Não;Sim;-15.588215288934782;-56.077054217010044;65 3644 6530;2025-11-27
9927344;SAUDE LIVRE VACINAS;SAUDE LIVRE CLINICA DE VACINACAO E IMUNIZACAO HUMANA LTDA;510340;Cuiabá;Sim;Sim;SANTA ROSA;MIGUEL SUTIL;MUNICIPAL;;ATENDIMENTOS NOS TURNOS DA MANHA E A TARDE;36;M;Não;Não;NAO;Não;Não;Não;Sim;-15.603318699999999;-56.076873793792174;65 35484200;2025-09-03
9933581;PAULO ISAO SASSAKI NETO EIRELI;ISAO SERVICOS MEDICOS LTDA;510340;Cuiabá;Sim;Sim;BAU;CORUMBA;MUNICIPAL;;ATENDIMENTOS NOS TURNOS DA MANHA E A TARDE;22;M;Não;Não;NAO;Não;Não;Não;Sim;-15.590957431221934;-56.088411265189556;65 30287328;2025-09-03
9841903;HOSPITAL ESTADUAL SANTA CASA;SECRETARIA ESTADUAL DE SAUDE DE MATO GROSSO;510340;Cuiabá;Sim;Sim;BANDEIRANTES;CORONEL PEIXOTO;ESTADUAL;;ATENDIMENTO CONTINUO DE 24 HORAS/DIA (PLANTAO:INCLUI SABADOS, DOMINGOS E FERIADOS);5;E;Sim;Sim;SIM;Sim;Não;Não;Sim;-15.602404468897955;-56.095311641693115;(65)3618-8800;2025-09-03
49530;MEDICAL SERVICOS MEDICOS;MEDICAL SERVICOS MEDICOS E GESTAO LTDA;510340;Cuiabá;Sim;Sim;VISTA ALEGRE;VINTE E CINCO DE AGOSTO;MUNICIPAL;;ATENDIMENTOS NOS TURNOS DA MANHA E A TARDE;36;M;Não;Não;NAO;Não;Não;Não;Sim;-15.63515963291729;-56.04879691469022;65 36231000;2025-09-03
154512;SESTRA SEGURANCA E MEDICINA DO TRABALHO;SESTRA SEGURANCA E MEDICINA DO TRABALHO LTDA;510340;Cuiabá;Sim;Sim;BOA ESPERANCA;SEBASTIANA PAES DE BARROS;MUNICIPAL;;ATENDIMENTOS NOS TURNOS DA MANHA E A TARDE;36;M;Não;Não;NAO;Não;Não;Não;Sim;-15.616814950523453;-56.06857795980327;65 36248727;2025-09-03
9938435;MGSR SAUDE;MARCOS GIUBERTI SUCENA RASGA;510340;Cuiabá;Sim;Sim;JARDIM CUIABA;DAS FLORES;MUNICIPAL;;ATENDIMENTOS NOS TURNOS DA MANHA E A TARDE;22;M;Não;Não;NAO;Não;Não;Não;Sim;-15.594611041475181;-56.11663153724893;65 92622922;2025-11-27
9946837;ODONTOLOGIA VERLANGIERI;RAFAEL DE CASTRO VERLANGIERI CARMO;510340;Cuiabá;Sim;Sim;CENTRO POLITICO ADMI;AV ANDRE ANTONIO MAGGI;MUNICIPAL;;ATENDIMENTO SOMENTE PELA MANHA;22;M;Não;Não;NAO;Não;Não;Não;Sim;-15.601608346862307;-56.10170940517017;65 36418841;2025-11-13
9642323;METRA MEDICINA E SEGURANA DO TRABALHO;METRA MEDICINA E SEGURANA DO TRABALHO LTDA;510340;Cuiabá;Sim;Sim;CENTRO NORTE;BARAO DE MELGACO;MUNICIPAL;;ATENDIMENTOS NOS TURNOS DA MANHA E A TARDE;22;M;Não;Não;NAO;Não;Não;Não;Sim;-15.603375127001847;-56.103455994281916;65 36221030;2025-09-03
9644601;L P C LABORATORIO DE PATOLOGIA CLINICA;A L BORBA;510340;Cuiabá;Sim;Sim;DOM AQUINO;TENENTE CORONEL DUARTE;MUNICIPAL;;ATENDIMENTOS NOS TURNOS DA MANHA E A TARDE;39;M;Não;Não;NAO;Não;Não;Não;Sim;-15.605115501729198;-56.099968959267756;65 36249133;2025-10-11
9644660;L P C LABORATORIO DE PATOLOGIA CLINICA;A L BORBA;510340;Cuiabá;Sim;Sim;CENTRO SUL;BARAO DE MELGACO;MUNICIPAL;;ATENDIMENTOS NOS TURNOS DA MANHA E A TARDE;39;M;Não;Não;NAO;Não;Não;Não;Sim;-15.60582581829176;-56.10621311387018;65 36249133;2025-11-27
9671080;GUIMARAES ODONTOLOGIA;OSMAR E GUIMARAES LTDA;510340;Cuiabá;Sim;Sim;QUILOMBO;PRESIDENTE JOAQUIM AUGUSTO DA COSTA MARQUES;MUNICIPAL;;ATENDIMENTOS NOS TURNOS DA MANHA E A TARDE;22;M;Não;Não;NAO;Não;Não;Não;Sim;-15.583414305559373;-56.0945960844846;65 99640606;2025-09-03
9747672;MARIANA BARBARA SUZUKI PEREIRA;MARIANA BARBARA SUZUKI PEREIRA;510340;Cuiabá;Sim;Sim;BAIRRO QUILOMBO;RUA JOAO BENTO;MUNICIPAL;;ATENDIMENTOS NOS TURNOS DA MANHA E A TARDE;22;M;Não;Não;NAO;Não;Não;Não;Não;-15.590600619154868;-56.1011369218518;;2025-09-03
9753923;ABO;ASSOCIACAO BRASILEIRA DE ODONOTOLOGIA SECAO MATO GROSSO;510340;Cuiabá;Sim;Sim;BAU;PADRE REMETER;MUNICIPAL;;ATENDIMENTOS NOS TURNOS DA MANHA E A TARDE;36;M;Não;Não;NAO;Não;Não;Não;Sim;-15.591909959287873;-56.084763364057984;;2025-09-03
9963820;L F SERVICOS MEDICOS;L F SERVICOS MEDICOS EIRELI;510340;Cuiabá;Sim;Sim;JARDIM ACLIMACAO;T;MUNICIPAL;;ATENDIMENTO SOMENTE PELA MANHA;22;M;Não;Não;NAO;Não;Não;Não;Sim;-15.58750100917636;-56.07529850414047;65 30269292;2025-09-03
9965432;ASSOCIACAO VIA LACTEA CAMINHO LUZ E VIDA;ASSOCIACAO VIA LACTEA CAMINHO LUZ E VIDA;510340;Cuiabá;Sim;Sim;ALVORADA;P LOT M SUTIL;MUNICIPAL;;ATENDIMENTO CONTINUO DE 24 HORAS/DIA (PLANTAO:INCLUI SABADOS, DOMINGOS E FERIADOS);36;M;Não;Não;NAO;Não;Não;Não;Sim;-15.586695144176371;-56.08465394016479;65 36424329;2025-09-03
9975837;CLINICA EMANAH;CLINICA DE PSIQUIATRIA E FONOAUDIOLOGIA LTDA;510340;Cuiabá;Sim;Sim;CENTRO NORTE;VINTE E QUATRO DE OUTUBRO;MUNICIPAL;;ATENDIMENTOS NOS TURNOS DA MANHA E A TARDE;36;M;Não;Não;NAO;Não;Não;Não;Sim;-15.595293261923104;-56.09984142365994;65 99991229;2025-10-11
9979549;ICSP INSTITUTO CUIABANO DE SAUDE POPULAR;INSTITUTO CUIABANO DE SAUDE POPULAR LTDA;510340;Cuiabá;Sim;Sim;POCAO;GENERAL VALE;MUNICIPAL;;ATENDIMENTOS NOS TURNOS DA MANHA E A TARDE;36;M;Não;Não;SIM;Não;Não;Não;Sim;-15.602501377615516;-56.09145754069785;65 36376642;2025-10-17
9983252;FLUIR CIRURGIA VASCULAR;FLUIR CLINICA DE CIRURGIA VASCULAR LTDA;510340;Cuiabá;Sim;Sim;QUILOMBO;SAO SEBASTIAO;MUNICIPAL;;ATENDIMENTO SOMENTE A TARDE;22;M;Não;Não;NAO;Não;Não;Não;Sim;-15.585774872944814;-56.09897635644989;65 30269292;2025-10-17
9993053;CENTRO ESPECIALIZADO DA VISAO;CENTRO AMERICO LATINO MEDICOS LTDA;510340;Cuiabá;Sim;Sim;JARDIM DAS AMERICAS;BUENOS AIRES;MUNICIPAL;;ATENDIMENTOS NOS TURNOS DA MANHA E A TARDE;36;M;Não;Não;NAO;Não;Não;Não;Sim;-15.596;-56.097;65 99959543;2025-09-03
9998063;USF SANTA TEREZINHA;SECRETARIA MUNICIPAL DE SAUDE;510340;Cuiabá;Sim;Sim;SANTA TEREZINHA;RUA 38;MUNICIPAL;;ATENDIMENTOS NOS TURNOS DA MANHA E A TARDE;2;M;Não;Não;SIM;Não;Não;Não;Sim;-15.6476075;-56.0518732;;2025-09-03
9999876;E VISION OFTALMOLOGIA AVANCADA E CIRURGIA VASCULAR;E VISION OFTALMOLOGIA AVANCADA E CIRURGIA VASCULAR LTDA;510340;Cuiabá;Sim;Sim;DUQUE DE CAXIAS;GENERAL RABELLO;MUNICIPAL;;ATENDIMENTOS NOS TURNOS DA MANHA E A TARDE;36;M;Não;Não;NAO;Não;Não;Não;Sim;-15.589836032641102;-56.112994904397134;65 21298397;2025-11-04
2604175;LACEN MT;SECRETARIA DE ESTADO DE SAUDE DE MATO GROSSO;510340;Cuiabá;Sim;Sim;CENTRO POLITICO ADMI;R G;ESTADUAL;;ATENDIMENTO CONTINUO DE 24 HORAS/DIA (PLANTAO:INCLUI SABADOS, DOMINGOS E FERIADOS);80;E;Não;Não;SIM;Não;Não;Não;Sim;-15.564989;-56.068201;(65)36246095;2025-09-05
2916908;LUDICANDO KIDS CLINICA MULTIDISCIPLINAR;LUDICANDO KIDS CLINICA MULTIDISCIPLINAR LTDA;510340;Cuiabá;Sim;Sim;CIDADE ALTA;LUIS DE MATOS;MUNICIPAL;;ATENDIMENTOS NOS TURNOS DA MANHA E A TARDE;22;M;Não;Não;NAO;Não;Não;Não;Não;-15.608417771552284;-56.12447633529222;65 92278513;2025-09-11
3052117;CENTRO DE ULTRASSOM;EVANDRO LOUREIRO BORBA;510340;Cuiabá;Sim;Sim;BANDEIRANTES;GENERAL VALLE;MUNICIPAL;;ATENDIMENTOS NOS TURNOS DA MANHA E A TARDE;39;M;Não;Não;NAO;Não;Não;Não;Não;-15.602407248306463;-56.09422000517032;65 36234888;2025-09-11
3118762;GASTRO CENTER;GRIPP CLIN SERVICOS MEDICOS LTDA;510340;Cuiabá;Sim;Sim;DUQUE DE CAXIAS;JOSE MONTEIRO DE FIGUEIREDO;MUNICIPAL;;ATENDIMENTOS NOS TURNOS DA MANHA E A TARDE;36;M;Não;Não;NAO;Não;Não;Não;Não;-15.586357161970632;-56.11373663350651;65 36149500;2025-09-11
3999033;LABORATORIO UNIMED CUIABA;UNIMED CUIABA COOPERATIVA DE TRABALHO MEDICO;510340;Cuiabá;Sim;Sim;CENTRO SUL;BARAO DE MELGACO;MUNICIPAL;;ATENDIMENTOS NOS TURNOS DA MANHA E A TARDE;39;M;Não;Não;NAO;Não;Não;Não;Sim;-15.60613308572578;-56.10624703350597;65 36123129;2025-09-11
4239695;TRATTE ESPACO DE DESENVOLVIMENTO INFANTIL;TRATTE DESENVOLVIMENTO MULTIDISCIPLINAR LTDA;510340;Cuiabá;Sim;Sim;CENTRO SUL;BARAO DE MELGACO;MUNICIPAL;;ATENDIMENTOS NOS TURNOS DA MANHA E A TARDE;22;M;Não;Não;NAO;Não;Não;Não;Não;-15.601968613815698;-56.10162600467045;65 99626556;2025-09-11
4362675;AMBULATORIOS UNIMED CUIABA;UNIMED CUIABA COOPERATIVA DE TRABALHO MEDICO;510340;Cuiabá;Sim;Sim;CENTRO SUL;COMANDANTE COSTA;MUNICIPAL;;ATENDIMENTOS NOS TURNOS DA MANHA E A TARDE;36;M;Não;Não;NAO;Não;Não;Não;Sim;-15.602061933052868;-56.10376170704972;65 36123129;2025-09-11
5266076;CELSO JOSE HOFFMANN;CELSO JOSE HOFFMANN;510340;Cuiabá;Sim;Sim;LIXEIRA;RUA CORUMBA;MUNICIPAL;;ATENDIMENTOS NOS TURNOS DA MANHA E A TARDE;22;M;Não;Não;NAO;Não;Não;Não;Não;-15.590733767251713;-56.08851006284088;65 3624-5769;2025-09-11
5266106;CELIA REGINA DE FARIA MOREIRA TEIXEIRA;CELIA REGINA DE FARIA MOREIRA TEIXEIRA;510340;Cuiabá;Sim;Sim;BANDEIRANTES;AVENIDA GENERAL VALE;MUNICIPAL;;ATENDIMENTO SOMENTE PELA MANHA;22;M;Não;Não;NAO;Não;Não;Não;Não;-15.601911280747608;-56.09243413400543;65 3624-2073;2025-09-11
5278716;CELSO ANTUNES MACIEL;CELSO ANTUNES MACIEL;510340;Cuiabá;Sim;Sim;PORTO;RUA COMANDANTE COSTA;MUNICIPAL;;ATENDIMENTO SOMENTE A TARDE;22;M;Não;Não;NAO;Não;Não;Não;Não;-15.605251151446154;-56.10768517633486;(65) 3624-5277;2025-09-11
5816424;TH REABILITACAO;TELMO FERNANDO PENA HEINECK;510340;Cuiabá;Sim;Sim;CIDADE ALTA;TENENTE CORONEL JUAREZ LUCAS DE JESUS LOT JD PRIM;MUNICIPAL;;ATENDIMENTOS NOS TURNOS DA MANHA E A TARDE;22;M;Não;Não;NAO;Não;Não;Não;Não;-15.597003169742441;-56.120808546999235;65 30276266;2025-09-11
5816432;BUSSIKIS FISIO;BUSSIKIS FISIOTERAPIA LTDA;510340;Cuiabá;Sim;Sim;QUILOMBO;MARECHAL FLORIANO PEIXOTO;MUNICIPAL;;ATENDIMENTOS NOS TURNOS DA MANHA E A TARDE;22;M;Não;Não;NAO;Não;Não;Não;Não;-15.590760087249178;-56.10334032246176;65 36231000;2025-09-11
5816440;M PEREZI ULTRASSONOGRAFIA E SERVICOS MEDICOS;M PEREZI ULTRASSONOGRAFIA E SERVICOS MEDICOS LTDA;510340;Cuiabá;Sim;Sim;QUILOMBO;SENADOR FILINTO MULLER;MUNICIPAL;;ATENDIMENTOS NOS TURNOS DA MANHA E A TARDE;22;M;Não;Não;NAO;Não;Não;Não;Não;-15.587249679562106;-56.105093122479786;65 36231000;2025-09-11
5816459;C F FREITAS CIA;C F FREITAS CIA LTDA;510340;Cuiabá;Sim;Sim;JARDIM CUIABA;DAS BEGONIAS;MUNICIPAL;;ATENDIMENTOS NOS TURNOS DA MANHA E A TARDE;22;M;Não;Não;NAO;Não;Não;Não;Não;-15.59375159984113;-56.11828205751309;65 36231000;2025-09-11
556114;TOXIDNA;VALERIA CRISTINA COELHO RAFAEL LTDA;510340;Cuiabá;Sim;Sim;RESIDENCIAL PAIAGUAS;RUA DOUTOR HELIO RIBEIRO;MUNICIPAL;;ATENDIMENTOS NOS TURNOS DA MANHA E A TARDE;39;M;Não;Não;NAO;Não;Não;Não;Não;-15.564488033326853;-56.08106247028731;65 21274469;2025-11-27
5850185;CASA ABBA;INSTITUTO DE DESENVOLVIMENTO INFANTIL CASA ABBA LTDA;510340;Cuiabá;Sim;Sim;MORADA DA SERRA;PAVAO NUC HAB CPA IV;MUNICIPAL;;ATENDIMENTOS NOS TURNOS DA MANHA E A TARDE;22;M;Não;Não;NAO;Não;Não;Não;Sim;-15.558939449561457;-56.04103336414418;65 92475790;2025-09-11
5850207;FPM SERVICOS DE SAUDE;FPM SERVICOS DE SAUDE LTDA;510340;Cuiabá;Sim;Sim;CENTRO SUL;BARAO DE MELGACO;MUNICIPAL;;ATENDIMENTOS NOS TURNOS DA MANHA E A TARDE;22;M;Não;Não;NAO;Não;Não;Não;Não;-15.603587981298999;-56.104336634005406;65 30287328;2025-09-11
5850223;GABRIELA POLISEL ENDOCRINOLOGIA;GABRIELA POLISEL GONCALVES VICENTE LTDA;510340;Cuiabá;Sim;Sim;BOSQUE DA SAUDE;ACLIMACAO;MUNICIPAL;;ATENDIMENTOS NOS TURNOS DA MANHA E A TARDE;22;M;Não;Não;NAO;Não;Não;Não;Não;-15.589427496614553;-56.07573062296174;65 99450909;2025-09-11
5850231;CLINICA NEUROCONEXXAO;CLINICA NEUROCONEXXAO LTDA;510340;Cuiabá;Sim;Sim;JARDIM MARIANA;MIGUEL SUTIL;MUNICIPAL;;ATENDIMENTOS NOS TURNOS DA MANHA E A TARDE;22;M;Não;Não;NAO;Não;Não;Não;Não;-15.579128822552544;-56.11029167633552;65 99427742;2025-09-11
5850266;CLINICA SERELEPE;CLINICA SERELEPE LTDA;510340;Cuiabá;Sim;Sim;POCAO;AMARILIO DE ALMEIDA;MUNICIPAL;;ATENDIMENTOS NOS TURNOS DA MANHA E A TARDE;22;M;Não;Não;NAO;Não;Não;Não;Não;-15.608078221391622;-56.083592347499604;65 92548449;2025-09-11
6191916;CENTRO DE CIRURGIA E IMPLANTODONTIA DE CUIABA;ANA PAULA DA CUNHA BARBOSA;510340;Cuiabá;Sim;Sim;JARDIM ACLIMACAO;AV HISTORIADOR RUBENS DE MENDONCA;MUNICIPAL;;ATENDIMENTOS NOS TURNOS DA MANHA E A TARDE;22;M;Não;Não;NAO;Não;Não;Não;Sim;-15.58861646469626;-56.07940923400575;;2025-09-11
6382266;CEDIC CEDILAB JARDIM DAS AMERICAS;DIAGNOSTICOS DA AMERICA S A;510340;Cuiabá;Sim;Sim;JARDIM DAS AMERICAS;BRASILIA;MUNICIPAL;;ATENDIMENTOS NOS TURNOS DA MANHA E A TARDE;39;M;Não;Não;NAO;Não;Não;Não;Sim;-15.611173165900446;-56.07338365977344;65 36175502;2025-09-11
6584276;CENTRO DE INFUSAO DE BIOLOGICOS DE MT;CENTRO DE INFUSAO DE BIOLOGICOS DE MT LTDA;510340;Cuiabá;Sim;Sim;JARDIM CUIABA;DAS FLORES;MUNICIPAL;;ATENDIMENTOS NOS TURNOS DA MANHA E A TARDE;36;M;Não;Não;NAO;Não;Não;Não;Sim;-15.594606219982419;-56.11988127116482;65 33637094;2025-09-11
6991807;CEAC;CEAC CENTRO AVANCADO DE COLUNA LTDA;510340;Cuiabá;Sim;Sim;DOM AQUINO;DOM AQUINO;MUNICIPAL;;ATENDIMENTOS NOS TURNOS DA MANHA E A TARDE;36;M;Não;Não;NAO;Não;Não;Não;Não;-15.60411925664678;-56.09689517718764;65 30287328;2025-09-11
7217412;ODONTO MEDICINA;ODONTO MEDICINA CLINICA INTEGRADA LTDA;510340;Cuiabá;Sim;Sim;CENTRO NORTE;ISAAC POVOAS;MUNICIPAL;;ATENDIMENTOS NOS TURNOS DA MANHA E A TARDE;36;M;Não;Não;NAO;Não;Não;Não;Sim;-15.598735666360907;-56.09831622296064;65 30252263;2025-09-11
7229097;CENTRO ODONTOLOGICO HOSPITAL DO DENTE LTDA ME;CENTRO ODONTOLOGICO HOSPITAL DO DENTE LTDA;510340;Cuiabá;Sim;Sim;CENTRO NORTE;TEN CEL DUARTE;MUNICIPAL;;ATENDIMENTOS NOS TURNOS DA MANHA E A TARDE;36;M;Não;Não;NAO;Não;Não;Não;Sim;-15.600304616618898;-56.09649576950133;65 36241460;2025-09-11
7994087;CLINICA FLESSIBILITA;EVLIN ROSSI DOMICIANO DE SOUZA;510340;Cuiabá;Sim;Sim;CENTRO NORTE;MARECHAL DEODORO;MUNICIPAL;;ATENDIMENTOS NOS TURNOS DA MANHA E A TARDE;36;M;Não;Não;NAO;Não;Não;Não;Não;-15.592017680909796;-56.099397186875535;65 96088886;2025-09-11
7998406;HARMONIZE;MEGA CIRURG PLASTICA LTDA;510340;Cuiabá;Sim;Sim;SANTA ROSA;CHINA;MUNICIPAL;;ATENDIMENTOS NOS TURNOS DA MANHA E A TARDE;22;M;Não;Não;NAO;Não;Não;Não;Não;-15.58493409119078;-56.119059125866215;65 30287328;2025-09-11
9151117;CENTRO ODONTOLOGICO PERSONAL;CENTRO ODONTOLOGICO PERSONAL LTDA ME;510340;Cuiabá;Sim;Sim;CAMPO VELHO;GENERAL MELLO;MUNICIPAL;;ATENDIMENTOS NOS TURNOS DA MANHA E A TARDE;22;M;Não;Não;NAO;Não;Não;Não;Sim;-15.618728090132267;-56.08003500293583;65 6346657;2025-09-11
9421181;CARDIOM;CARDIOM CIRURGIOES E CLINICA LTDA;510340;Cuiabá;Sim;Sim;RIBEIRAO DA PONTE;JOSE RODRIGUES DO PRADO;MUNICIPAL;;ATENDIMENTOS NOS TURNOS DA MANHA E A TARDE;22;M;Não;Não;NAO;Não;Não;Não;Não;-15.579735990032598;-56.12219224876637;65 30287328;2025-09-11
9507876;ESTRUTURAR CLINICA DE FISIOTERAPIA;ADRIENE AMORIM DA SILVA;510340;Cuiabá;Sim;Sim;JARDIM CUIABA;DOS MIOSOTIS;MUNICIPAL;;ATENDIMENTO NOS TURNOS DA MANHA, TARDE E NOITE;36;M;Não;Não;NAO;Não;Não;Não;Sim;-15.596;-56.097;65 92977303;2025-09-16
8065330;CLINICA FITS;H J DE FRANCA ARRUDA LTDA;510340;Cuiabá;Sim;Sim;JARDIM CUIABA;DAS ACACIAS;MUNICIPAL;;ATENDIMENTOS NOS TURNOS DA MANHA E A TARDE;22;M;Não;Não;NAO;Não;Não;Não;Não;-15.584775739102563;-56.10953404899642;65 81243594;2026-01-14
5807875;CMO CENTRO MATOGROSSENSE DE OFTALMOLOGIA;CENTRO MATOGROSSENSE DE OFTALMOLOGIA CMO;510340;Cuiabá;Sim;Sim;MORADA DA SERRA;RUA ARANCUA NUC HAB CPA IV;ESTADUAL;;ATENDIMENTOS NOS TURNOS DA MANHA E A TARDE;36;E;Não;Não;SIM;Não;Não;Não;Sim;-15.560410030148203;-56.040243208408356;(65) 2121-8080;2025-09-23
8070474;JL FISIO;JL FISIO LTDA;510340;Cuiabá;Sim;Sim;CIDADE ALTA;TRACAIA LOT JD PRIMAVERA;MUNICIPAL;;ATENDIMENTOS NOS TURNOS DA MANHA E A TARDE;22;M;Não;Não;NAO;Não;Não;Não;Não;-15.600661517364305;-56.1221109279577;65 92537171;2026-01-14
8070482;GM MOUSSALEM;GM SERVICOS DE SAUDE LTDA;510340;Cuiabá;Sim;Sim;CIDADE ALTA;DOUTOR HENRIQUE GOMES DA SILVA LOT JD PRIMAVERA;MUNICIPAL;;ATENDIMENTOS NOS TURNOS DA MANHA E A TARDE;22;M;Não;Não;NAO;Não;Não;Não;Não;-15.61085443793654;-56.12167955079062;92 84159510;2026-01-14
8070504;R L SERVICOS MEDICOS;R L SERVICOS MEDICOS LTDA;510340;Cuiabá;Sim;Sim;JARDIM ITALIA;ERICO GONCALVES PREZA FILHO;MUNICIPAL;;ATENDIMENTOS NOS TURNOS DA MANHA E A TARDE;22;M;Não;Não;NAO;Não;Não;Não;Não;-15.604349385746733;-56.05944360764722;65 30287328;2026-01-14
8074194;PRIMAMED SERVICOS;PRIMAMED SERVICOS MEDICOS LTDA;510340;Cuiabá;Sim;Sim;CENTRO NORTE;MATO GROSSO;MUNICIPAL;;ATENDIMENTOS NOS TURNOS DA MANHA E A TARDE;22;M;Não;Não;NAO;Não;Não;Não;Não;-15.590083693915998;-56.09529647371213;65 30287328;2026-01-14
8074216;PSIEDUCA DESENVOLVIMENTO;PSIEDUCA DESENVOLVIMENTO LTDA;510340;Cuiabá;Sim;Sim;CONDOMINIO BELVEDERE;BELVEDERE;MUNICIPAL;;ATENDIMENTOS NOS TURNOS DA MANHA E A TARDE;22;M;Não;Não;NAO;Não;Não;Não;Não;-15.605698114385657;-56.02534936561072;65 92231292;2026-01-14
8074240;M M PRESTADORA DE SERVICOS MEDICOS;M M PRESTADORA DE SERVICOS MEDICOS LTDA;510340;Cuiabá;Sim;Sim;SANTA ROSA;EGITO;MUNICIPAL;;ATENDIMENTOS NOS TURNOS DA MANHA E A TARDE;22;M;Não;Não;NAO;Não;Não;Não;Não;-15.585875846851268;-56.122265592316026;65 36231000;2026-01-14
8084491;RAIA DROGASIL;RAIA DROGASIL S A;510340;Cuiabá;Sim;Sim;CIDADE ALTA;AGRICOLA PAES DE BARROS;MUNICIPAL;;ATENDIMENTOS NOS TURNOS DA MANHA E A TARDE;22;M;Não;Não;NAO;Não;Não;Não;Sim;-15.607029887331288;-56.11876735217322;11 37695731;2026-01-14
119407;QUALIFIC HOME CARE;QUALIFIC SERVICOS EM SAUDE S A;510340;Cuiabá;Sim;Sim;TERCEIRO;CARMINDO DE CAMPOS;MUNICIPAL;;ATENDIMENTO CONTINUO DE 24 HORAS/DIA (PLANTAO:INCLUI SABADOS, DOMINGOS E FERIADOS);77;M;Não;Não;NAO;Não;Não;Não;Sim;-15.618523866681555;-56.09034282337687;65 36224577;2025-10-11
156248;CLINIPREV ESTETICA;CLINIPREV ESTETICA LTDA;510340;Cuiabá;Sim;Sim;BANDEIRANTES;GENERAL VALE;MUNICIPAL;;ATENDIMENTOS NOS TURNOS DA MANHA E A TARDE;36;M;Não;Não;NAO;Não;Não;Não;Sim;-15.601371347760471;-56.089469504670355;65 92376665;2025-10-11
2836475;PROJETO ESTIMULAR MT;R D CASTRO LTDA;510340;Cuiabá;Sim;Sim;JARDIM DAS AMERICAS;BUENOS AIRES;MUNICIPAL;;ATENDIMENTOS NOS TURNOS DA MANHA E A TARDE;22;M;Não;Não;NAO;Não;Não;Não;Não;-15.608631988814224;-56.074932864455505;65 81207999;2025-10-11
2941007;CLINICA DE PSICOLOGIA ANA PAULA MARINHO;CLINICA DE PSICOLOGIA ANA PAULA MARINHO LTDA;510340;Cuiabá;Sim;Sim;JARDIM CUIABA;DAS FLORES;MUNICIPAL;;ATENDIMENTOS NOS TURNOS DA MANHA E A TARDE;22;M;Não;Não;NAO;Não;Não;Não;Não;-15.595472740631372;-56.113668991177526;65 99832493;2025-10-11
2981408;CLINICA METAMORFOSE SAUDE MENTAL;CLINICA PSICOLOGIA METAMORFOSE SAUDE MENTAL LTDA;510340;Cuiabá;Sim;Sim;NOSSA SENHORA APAREC;QUATRO LOT JD BURITY;MUNICIPAL;;ATENDIMENTOS NOS TURNOS DA MANHA E A TARDE;22;M;Não;Não;NAO;Não;Não;Não;Não;-15.636454117806263;-56.04718890466944;69 92140630;2025-10-11
3062619;AMA CLINICA INTEGRADA;AMAFISIO CLINICA MEDICA LTDA;510340;Cuiabá;Sim;Sim;JARDIM PETROPOLIS;LUIZ ANTONIO DE FIGUEIREDO;MUNICIPAL;;ATENDIMENTOS NOS TURNOS DA MANHA E A TARDE;36;M;Não;Não;SIM;Não;Não;Não;Não;-15.61866121832936;-56.07222387051045;65 21278580;2025-10-11
3069842;FISIOMT CLINICA DE FISIOTERAPIA;FISIOMT CLINICA DE FISIOTERAPIA LTDA;510340;Cuiabá;Sim;Sim;BOSQUE DA SAUDE;ACLIMACAO;MUNICIPAL;;ATENDIMENTOS NOS TURNOS DA MANHA E A TARDE;36;M;Não;Não;NAO;Não;Não;Não;Não;-15.587858758509546;-56.077048852623356;65 98001221;2025-10-11
3109747;CARDIOCLIN;CARDIOLOGIA CLINICA LTDA;510340;Cuiabá;Sim;Sim;CENTRO;RUA JOAQUIM MURTINHO;MUNICIPAL;;ATENDIMENTOS NOS TURNOS DA MANHA E A TARDE;36;M;Não;Não;NAO;Não;Não;Não;Não;-15.600227199704793;-56.09892242910141;(65) 6230003;2025-10-11
3137708;CENTER MED;GASTRO DERM CENTRO MEDICO ESPECIALIZADO LTDA;510340;Cuiabá;Sim;Sim;ARAES;GAGO COUTINHO;MUNICIPAL;;ATENDIMENTOS NOS TURNOS DA MANHA E A TARDE;39;M;Não;Não;NAO;Não;Não;Não;Sim;-15.591329824013995;-56.091016246633096;;2025-10-11
3935728;ANA CAROLINA JALORETTO RIBEIRO;ANA CAROLINA JALORETTO RIBEIRO;510340;Cuiabá;Sim;Sim;CENTRO;RUA 24 DE OUTUBRO;MUNICIPAL;;ATENDIMENTOS NOS TURNOS DA MANHA E A TARDE;22;M;Não;Não;NAO;Não;Não;Não;Sim;-15.59433533766874;-56.10138679096735;;2025-10-11
3967557;BG FONOAUDIOLOGIA E ORTOPEDIA;BG FONOAUDIOLOGIA E ORTOPEDIA LTDA;510340;Cuiabá;Sim;Sim;CENTRO SUL;RUA MAJOR GAMA;MUNICIPAL;;ATENDIMENTOS NOS TURNOS DA MANHA E A TARDE;36;M;Não;Não;NAO;Não;Não;Não;Não;-15.604150534296313;-56.10480864955288;065 3624-6807;2025-10-11
4036387;CLINICA COLORE;COLORE CLINICA DE NEURO DESENVOLVIMENTO INFANTIL LTDA;510340;Cuiabá;Sim;Sim;MORADA DA SERRA;BRASIL NUC HAB CPA II;MUNICIPAL;;ATENDIMENTOS NOS TURNOS DA MANHA E A TARDE;22;M;Não;Não;NAO;Não;Não;Não;Não;-15.560874190476467;-56.04990566256347;65 96797786;2025-10-11
4130219;CLINICA MULTIDISCIPLINAR COMPORTAMENTAL EXISTIR;CLINICA MULTIDISCIPLINAR COMPORTAMENTAL EXISTIR LTDA;510340;Cuiabá;Sim;Sim;JARDIM CUIABA;SENADOR METELLO;MUNICIPAL;;ATENDIMENTOS NOS TURNOS DA MANHA E A TARDE;36;M;Não;Não;NAO;Não;Não;Não;Não;-15.596128019606926;-56.12067879731677;65 92412205;2025-10-11
4221699;CLINICA MULTIDISCIPLINAR INTERAGIR;CLINICA MULTIDISCIPLINAR INTERAGIR LTDA;510340;Cuiabá;Sim;Sim;MORADA DA SERRA;RIBEIRAO PRETO NUC HAB CPA I;MUNICIPAL;;ATENDIMENTOS NOS TURNOS DA MANHA E A TARDE;36;M;Não;Não;NAO;Não;Não;Não;Não;-15.55518268364301;-56.05382255286893;65 96594729;2025-10-11
4262336;DROGASIL DS0748;RAIA DROGASIL S A;510340;Cuiabá;Sim;Sim;BAU;HISTORIADOR RUBENS DE MENDONCA;MUNICIPAL;;ATENDIMENTO NOS TURNOS DA MANHA, TARDE E NOITE;43;M;Não;Não;NAO;Não;Não;Não;Sim;-15.591786564366986;-56.0898866868795;65 999381823;2025-10-11
4689089;CLINICA EMANA AMOR;EMANA AMOR EMA CLINICA DE DESENVOLVIMENTO INFANTIL E FIS;510340;Cuiabá;Sim;Sim;SANTA ROSA;MIGUEL SUTIL;MUNICIPAL;;ATENDIMENTO NOS TURNOS DA MANHA, TARDE E NOITE;22;M;Não;Não;NAO;Não;Não;Não;Não;-15.586500065707652;-56.11546305582182;65 92919382;2025-10-11
4705246;CAPRIATA SERVICOS MEDICOS;CAPRIATA SERVICOS MEDICOS LTDA;510340;Cuiabá;Sim;Sim;DUQUE DE CAXIAS;ALMIRANTE HENRIQUE PINHEIRO GUEDES;MUNICIPAL;;ATENDIMENTOS NOS TURNOS DA MANHA E A TARDE;22;M;Não;Não;NAO;Não;Não;Não;Não;-15.58785836868934;-56.113672221550836;65 36231000;2025-10-11
4747267;R S B DORES CIA LTDA;R S B DORES CIA LTDA;510340;Cuiabá;Sim;Sim;COXIPO;IVAN RODRIGUES ARRAIS VL BALN S JOAO;MUNICIPAL;;ATENDIMENTO SOMENTE PELA MANHA;22;M;Não;Não;NAO;Não;Não;Não;Não;-15.627575616371905;-56.06060245009808;65 99993414;2025-10-11
4941136;BIODYNAMO;J R TENUTA PRADO LTDA;510340;Cuiabá;Sim;Sim;BOSQUE DA SAUDE;TOPAZIO;MUNICIPAL;;ATENDIMENTOS NOS TURNOS DA MANHA E A TARDE;22;M;Não;Não;NAO;Não;Não;Não;Não;-15.590174612891651;-56.078963430710544;65 92835780;2025-10-11
4956788;CENTRO OFTALMOLOGICO LTDA;CENTRO OFTALMOLOGICO LTDA;510340;Cuiabá;Sim;Sim;POCAO;GENERAL VALE;MUNICIPAL;;ATENDIMENTOS NOS TURNOS DA MANHA E A TARDE;36;M;Não;Não;NAO;Não;Não;Não;Sim;-15.602730550753858;-56.093633035737355;65 92401030;2025-10-11
5081149;CLINICA DE OLHOS DR SARDINHA;JOSE ANTONIO DA COSTA SARDINHA;510340;Cuiabá;Sim;Sim;CENTRO NORTE;RUA CANDIDO MARIANO;MUNICIPAL;;ATENDIMENTOS NOS TURNOS DA MANHA E A TARDE;22;M;Não;Não;NAO;Não;Não;Não;Não;-15.594779698287956;-56.09779924025121;3623-1764;2025-10-11
5116058;CLINICA ODONTOLOGICA 13 DE JUNHO;GILBERTO A A BALDO CIA LTDA;510340;Cuiabá;Sim;Sim;CENTRO SUL;RUA 13 DE JUNHO;MUNICIPAL;;ATENDIMENTOS NOS TURNOS DA MANHA E A TARDE;22;M;Não;Não;NAO;Não;Não;Não;Não;-15.603899331447124;-56.100306371164365;;2025-10-11
5177189;CLOVIS BOTELHO;CLOVIS BOTELHO;510340;Cuiabá;Sim;Sim;SANTA ROSA;RUA ADEL MALUF;MUNICIPAL;;ATENDIMENTO SOMENTE A TARDE;22;M;Não;Não;NAO;Não;Não;Não;Não;-15.579057247907071;-56.11015702116464;;2025-10-11
5188598;ALEXANDRE RECHE CORREA;ALEXANDRE RECHE CORREA;510340;Cuiabá;Sim;Sim;JARDIM TROPICAL;AVENIDA FERNANDO CORREA DA COSTA;MUNICIPAL;;ATENDIMENTOS NOS TURNOS DA MANHA E A TARDE;22;M;Não;Não;NAO;Não;Não;Não;Sim;-15.610968812040973;-56.0778117174055;65 3627-2663;2025-10-11
5214017;CARLOS AUGUSTO CARRETONI VAZ;CARLOS AUGUSTO CARRETONI VAZ;510340;Cuiabá;Sim;Sim;CENTRO;RUA THOGO DA SILVA PEREIRA;MUNICIPAL;;ATENDIMENTO SOMENTE A TARDE;22;M;Não;Não;NAO;Não;Não;Não;Sim;-15.604487394824304;-56.10176328821815;65 3623-0375;2025-10-11
5222087;VALERIA BENEDITA MOLINA DE FRANCA MAIA;VALERIA BENEDITA MOLINA DE FRANCA MAIA;510340;Cuiabá;Sim;Sim;LIXEIRA;RUA CORUMBA;MUNICIPAL;;ATENDIMENTOS NOS TURNOS DA MANHA E A TARDE;22;M;Não;Não;NAO;Não;Não;Não;Não;-15.592274465184284;-56.089874089328056;;2025-10-11
5225248;ANTONIO D OLIVEIRA GONCALVES PREZA;ANTONIO D OLIVEIRA GONCALVES PREZA;510340;Cuiabá;Sim;Sim;CENTRO;RUA GENERAL VALLE;MUNICIPAL;;ATENDIMENTOS NOS TURNOS DA MANHA E A TARDE;22;M;Não;Não;NAO;Não;Não;Não;Não;-15.601716146338225;-56.09100294176754;65 3322-3796;2025-10-11
5229936;CLINICA DR MARCOS ANTONIO GARCIA;MARCOS ANTONIO GARCIA;510340;Cuiabá;Sim;Sim;BOSQUE DA SAUDE;BOSQUE DA SAUDE;MUNICIPAL;;ATENDIMENTO SOMENTE A TARDE;22;M;Não;Não;NAO;Não;Não;Não;Sim;-15.58659623005467;-56.07642772924923;65 21216414;2025-10-11
5268028;ARAY CARLOS DA FONSECA FILHO;ARAY CARLOS DA FONSECA FILHO;510340;Cuiabá;Sim;Sim;CENTRO;AVENIDA ISAAC POVOAS;MUNICIPAL;;ATENDIMENTOS NOS TURNOS DA MANHA E A TARDE;22;M;Não;Não;NAO;Não;Não;Não;Não;-15.596511421579155;-56.10009430069803;;2025-10-11
5270758;AURELIO LEAL BOICA JUNIOR;AURELIO LEAL BOICA JUNIOR;510340;Cuiabá;Sim;Sim;CENTRO NORTE;AVENIDA TENENTE CEL DUARTE;MUNICIPAL;;ATENDIMENTO SOMENTE A TARDE;22;M;Não;Não;NAO;Não;Não;Não;Não;-15.59885085973639;-56.094609589327796;65 3023-5551;2025-10-11
5270987;RENATA ALICE LIBARDI;RENATA ALICE LIBARDI;510340;Cuiabá;Sim;Sim;JARDIM CUIABA;AVENIDA DAS FLORES;MUNICIPAL;;ATENDIMENTO SOMENTE PELA MANHA;22;M;Não;Não;NAO;Não;Não;Não;Não;-15.594936558575665;-56.11661544399547;65 3051-3511;2025-10-11
5278759;ARLY EDSON DOMINGUES BRIANEZE;ARLY EDSON DOMINGUES BRIANEZE;510340;Cuiabá;Sim;Sim;BANDEIRANTES;TRAVESSA FRANCISCO DE SIQUEIRA;MUNICIPAL;;ATENDIMENTO SOMENTE A TARDE;22;M;Não;Não;NAO;Não;Não;Não;Não;-15.602173614556689;-56.09394006234157;65 3322-7117;2025-10-11
5278767;ANTONIO CARLOS DE CARVALHO REINERS;ANTONIO CARLOS DE CARVALHO REINERS;510340;Cuiabá;Sim;Sim;JARDIM CUIABA;AVENIDA DAS FLORES;MUNICIPAL;;ATENDIMENTO SOMENTE A TARDE;22;M;Não;Não;NAO;Não;Não;Não;Não;-15.594686074508592;-56.11937663558218;;2025-10-11
5279208;ANDREIA ATHAYDE FIRMIANO CASAROTTO;ANDREIA ATHAYDE FIRMIANO CASAROTTO;510340;Cuiabá;Sim;Sim;BOSQUE DA SAUDE;AVENIDA ACLIMACAO;MUNICIPAL;;ATENDIMENTO SOMENTE A TARDE;22;M;Não;Não;NAO;Não;Não;Não;Não;-15.587863925595045;-56.07713468326838;65 3051-2320;2025-10-11
5281989;ALAOR SANTOS FILHO;ALAOR SANTOS FILHO;510340;Cuiabá;Sim;Sim;JARDIM CUIABA;AVENIDA DAS FLORES;MUNICIPAL;;ATENDIMENTOS NOS TURNOS DA MANHA E A TARDE;22;M;Não;Não;NAO;Não;Não;Não;Não;-15.594631709239765;-56.11661008134747;65 3901-2370;2025-10-11
5282888;DORISMAR RODRIGUES DOS SANTOS;DORISMAR RODRIGUES DOS SANTOS;510340;Cuiabá;Sim;Sim;CENTRO;RUA CANDIDO MARIANO;MUNICIPAL;;ATENDIMENTOS NOS TURNOS DA MANHA E A TARDE;22;M;Não;Não;NAO;Não;Não;Não;Não;-15.596710346914385;-56.10012849870573;65 3623 - 0575;2025-10-11
5282926;CLAUDIO POLATTO CASAROTTO;CLAUDIO POLATTO CASAROTTO;510340;Cuiabá;Sim;Sim;GOIABEIRAS;RUA 24 DE OUTUBRO;MUNICIPAL;;ATENDIMENTOS NOS TURNOS DA MANHA E A TARDE;22;M;Não;Não;NAO;Não;Não;Não;Não;-15.591659429436042;-56.10545104109243;65 3623-1696;2025-10-11
5288509;ATIVA FISIOTERAPIA;ATIVA FISIOTERAPIA LTDA;510340;Cuiabá;Sim;Sim;MORADA DO OURO;AVENIDA DJALMA DE SOUZA;MUNICIPAL;;ATENDIMENTOS NOS TURNOS DA MANHA E A TARDE;36;M;Não;Não;NAO;Não;Não;Não;Sim;-15.569190346721326;-56.065224375835584;65 3025-4886;2025-10-11
5295726;ANTONIO RAIMUNDO DE FIGUEIREDO FILHO;ANTONIO RAIMUNDO DE FIGUEIREDO FILHO;510340;Cuiabá;Sim;Sim;CENTRO;RUA 13 DE JUNHO;MUNICIPAL;;ATENDIMENTOS NOS TURNOS DA MANHA E A TARDE;22;M;Não;Não;NAO;Não;Não;Não;Não;-15.603886707828597;-56.10014263558218;;2025-10-11
5398878;ANALICE NAGEL RODRIGUES;ANALICE NAGEL RODRIGUES;510340;Cuiabá;Sim;Sim;JARDIM MARIANA;AVENIDA MIGUEL SUTIL;MUNICIPAL;;ATENDIMENTOS NOS TURNOS DA MANHA E A TARDE;22;M;Não;Não;NAO;Não;Não;Não;Não;-15.586139285933339;-56.114456682208896;65 3626-3090;2025-10-11
5468027;SANTA ROSA COOP;COOPERATIVA DOS PROFISSIONAIS DE SAUDE SANTA ROSA;510340;Cuiabá;Sim;Sim;RIBEIRAO DA PONTE;MIGUEL SUTIL;MUNICIPAL;;;60;M;;Não;NAO;;;;Não;-15.582564198754092;-56.11209463138343;65 36188472;2025-11-27
5671809;CENTRO OFTALMOLOGICO DR EDSON BUSSIKI;EDSON BUSSIKI OFTALMOLOGIA;510340;Cuiabá;Sim;Sim;SANTA ROSA;JOSE RODRIGUES DO PRADO;MUNICIPAL;;ATENDIMENTO NOS TURNOS DA MANHA, TARDE E NOITE;36;M;Não;Não;NAO;Não;Não;Não;Sim;-15.583522975178274;-56.116839413493096;65 36265066;2025-10-11
6099149;CLINICA MAGNO CEZAR;CLINICA MAGNO CEZAR CIRURGIA PLASTICA LTDA;510340;Cuiabá;Sim;Sim;CENTRO SUL;PRESIDENTE JOAQUIM AUGUSTO DA COSTA MARQUES;MUNICIPAL;;ATENDIMENTOS NOS TURNOS DA MANHA E A TARDE;36;M;Não;Não;NAO;Não;Não;Não;Sim;-15.592123425419487;-56.10074915674953;65 33224120;2025-10-11
6114768;CENTRO DE DESENVOLVIMENTO DA CRIANCA;LUCIANA COPETTI KERN ME;510340;Cuiabá;Sim;Sim;JARDIM CUIABA;AVENIDA DAS FLORES;MUNICIPAL;;ATENDIMENTOS NOS TURNOS DA MANHA E A TARDE;22;M;Não;Não;NAO;Não;Não;Não;Não;-15.595203716537824;-56.11335993807725;;2025-10-11
6278035;LABORATORIO CARLOS CHAGAS UNIDADE HOSPITAL FEMINA;LABORATORIO CARLOS CHAGAS LTDA;510340;Cuiabá;Sim;Sim;BAU;HISTORIADOR RUBENS DE MENDONCA;MUNICIPAL;;ATENDIMENTO CONTINUO DE 24 HORAS/DIA (PLANTAO:INCLUI SABADOS, DOMINGOS E FERIADOS);39;M;;Não;NAO;;;;Não;-15.586291971528404;-56.080969797969395;65 39014700;2025-10-11
6383548;CARLA PAIVA FONSECA;CARLA PAIVA FONSECA;510340;Cuiabá;Sim;Sim;JARDIM CUIABA;AVENIDA DAS FLORES;MUNICIPAL;;ATENDIMENTOS NOS TURNOS DA MANHA E A TARDE;22;M;Não;Não;NAO;Não;Não;Não;Sim;-15.594323539359548;-56.11933134699932;(65) 3623-1258;2025-10-11
6467830;UNIDADE DE RADIOLOGIA DE CUIABA;URC UNIDADE DE RADIOLOGIA DE CUIABA LTDA;510340;Cuiabá;Sim;Sim;CPA I;AVENIDA HISTORIADOR RUBENS DE MENDONCA;MUNICIPAL;;ATENDIMENTOS NOS TURNOS DA MANHA E A TARDE;36;M;Não;Não;NAO;Não;Não;Não;Sim;-15.57047000943528;-56.069649502892396;(65) 3052-9300;2026-07-07
6642055;ANA CRISTINA CARDOSO GONSALVES DE OLIVEIRA;ANA CRISTINA CARDOSO GONSALVES DE OLIVEIRA LTDA;510340;Cuiabá;Sim;Sim;JARDIM CUIABA;DAS FLORES;MUNICIPAL;;ATENDIMENTOS NOS TURNOS DA MANHA E A TARDE;36;M;Não;Não;NAO;Não;Não;Não;Não;-15.594832773145296;-56.11951621292143;65 99871752;2025-10-11
154822;CLINICA ODODNTOLOGICA REGINA YATSUDA;REGINA YATSUDA SAKIAMA OKAMOTO;510340;Cuiabá;Sim;Sim;CENTRO SUL;RUA BARAO DE MELGACO;MUNICIPAL;;ATENDIMENTOS NOS TURNOS DA MANHA E A TARDE;22;M;Não;Não;NAO;Não;Não;Não;Não;-15.604147464681299;-56.10361946586096;65 3028 6990;2025-09-03
176842;CLINICA HUMANAMENTE SERVICOS MEDICOS;CLINICA HUMANAMENTE SERVICOS MEDICOS LTDA;510340;Cuiabá;Sim;Sim;ALVORADA;G LOT M SUTIL;MUNICIPAL;;ATENDIMENTOS NOS TURNOS DA MANHA E A TARDE;36;M;Não;Não;NAO;Não;Não;Não;Sim;-15.583875873565516;-56.082325683652726;65 99427742;2025-09-03
7070667;UTI PED;INSTITUTO DE TERAPIA INTENSIVA PEDIATRICA E NEONATAL LTDA;510340;Cuiabá;Sim;Sim;QUILOMBO;RUA ESTEVAO DE MENDONCA;MUNICIPAL;;ATENDIMENTO CONTINUO DE 24 HORAS/DIA (PLANTAO:INCLUI SABADOS, DOMINGOS E FERIADOS);36;M;Não;Não;NAO;Não;Não;Não;Não;-15.585424249212116;-56.101478901152724;(65) 9254-5939;2025-10-11
7221479;CLINICA DENTARIA SAO BENEDITO;YOSHIE KAWANO;510340;Cuiabá;Sim;Sim;CENTRO;RUA RICARDO FRANCO;MUNICIPAL;;ATENDIMENTOS NOS TURNOS DA MANHA E A TARDE;22;M;Não;Não;NAO;Não;Não;Não;Não;-15.596632199241217;-56.09441948184096;3321-9582;2025-10-11
7223137;BUCAL SAUDE;MYLENA KOZAN BERTHOLDO DE SOUZA ME;510340;Cuiabá;Sim;Sim;CENTRO NORTE;RUA 13 DE JUNHO;MUNICIPAL;;ATENDIMENTOS NOS TURNOS DA MANHA E A TARDE;22;M;Não;Não;NAO;Não;Não;Não;Sim;-15.600253264268769;-56.09693585370316;3023-7472;2025-10-11
7359926;CLINICA ANGIOCATE CIRURGIA VASCULAR;R DE SOUZA VIEGAS ME;510340;Cuiabá;Sim;Sim;JD CUIABA;AV DAS FLORES LOT JD CUIABA;MUNICIPAL;;ATENDIMENTOS NOS TURNOS DA MANHA E A TARDE;22;M;Não;Não;NAO;Não;Não;Não;Não;-15.595244514601122;-56.11389850555593;(65)2127-7262;2025-10-11
7424698;CLINICA RENA;PASCHOAL RENA DE LIMA JUNIOR;510340;Cuiabá;Sim;Sim;PARQUE CUIABA;AVENIDA 5;MUNICIPAL;;ATENDIMENTOS NOS TURNOS DA MANHA E A TARDE;22;M;Não;Não;NAO;Não;Não;Não;Sim;-15.659851861777781;-56.043736484657465;;2025-10-11
7439156;ANESTESIO CENTRO;ANESTESIO CENTRO SERVICO DE ANESTESIOLOGIA LTDA;510340;Cuiabá;Sim;Sim;ARAES;DESEMBARGADOR TRIGO DE LOUREIRO;MUNICIPAL;;ATENDIMENTOS NOS TURNOS DA MANHA E A TARDE;22;M;Não;Não;NAO;Não;Não;Não;Não;-15.587010988350988;-56.08598285868744;65 30287328;2025-10-11
7538049;A M PSICOLOGIA HOSPITALAR;A M PSICOLOGIA HOSPITALAR LTDA;510340;Cuiabá;Sim;Sim;BOA ESPERANCA;QUINZE;MUNICIPAL;;ATENDIMENTOS NOS TURNOS DA MANHA E A TARDE;22;M;Não;Não;NAO;Não;Não;Não;Não;-15.619427702746528;-56.07519843636832;65 81112752;2025-10-11
7752369;CENTRO MEDICO INTEGRADO PRESTACAO DE SERVICOS MEDICOS;CENTRO MEDICO INTEGRADO PRESTACAO DE SERVICOS MEDICOS LTDA;510340;Cuiabá;Sim;Sim;BOSQUE DA SAUDE;RUA DAS PEROLAS;MUNICIPAL;;ATENDIMENTOS NOS TURNOS DA MANHA E A TARDE;22;M;Não;Não;NAO;Não;Não;Não;Sim;-15.588760189700665;-56.077987522461775;36480718;2025-10-11
7771428;ASA;ASA SERVICOS DE ANESTESIOLOGIA LTDA;510340;Cuiabá;Sim;Sim;AREAO;SAO BENEDITO;MUNICIPAL;;ATENDIMENTOS NOS TURNOS DA MANHA E A TARDE;22;M;Não;Não;NAO;Não;Não;Não;Não;-15.596837377237534;-56.0889365388895;65 99991348;2025-10-11
7825137;CASSI MATO GROSSO MT;CAIXA DE ASSISTENCIA DOS FUNCIONARIOS DO BANCO DO BRASIL;510340;Cuiabá;Sim;Sim;GOIABEIRAS;RUI BARBOSA;MUNICIPAL;;ATENDIMENTOS NOS TURNOS DA MANHA E A TARDE;36;M;Não;Não;NAO;Não;Não;Não;Sim;-15.598441856980362;-56.10591066665177;65 36179191;2025-10-11
9003827;CLINICA DA CATARATA;CLINICA DA CATARATA LTDA;510340;Cuiabá;Sim;Sim;JARDIM CUIABA;DAS DALIAS;MUNICIPAL;;ATENDIMENTOS NOS TURNOS DA MANHA E A TARDE;36;M;Não;Não;NAO;Não;Não;Não;Sim;-15.596375185249258;-56.11935239755119;65 98136261;2025-10-11
9186018;CLINICA VASCULAR DR LUIZ CARLOS FURTAT JR;SANTOS FURTAT SERVICOS MEDICOS LTDA;510340;Cuiabá;Sim;Sim;RIBEIRAO DA PONTE;MIGUEL SUTIL;MUNICIPAL;;ATENDIMENTOS NOS TURNOS DA MANHA E A TARDE;36;M;Não;Não;NAO;Não;Não;Não;Não;-15.579206347492075;-56.110205840479296;65 30287328;2025-10-11
9307737;CAROLINE BERALDI BERTASSI;CAROLINE BERALDI BERTASSI;510340;Cuiabá;Sim;Sim;DUQUE DE CAXIAS;RUA ALMIRANTE HENRIQUE PINHEIRO GUEDES;MUNICIPAL;;ATENDIMENTOS NOS TURNOS DA MANHA E A TARDE;22;M;Não;Não;NAO;Não;Não;Não;Não;-15.58798368952625;-56.11471284663341;999245562;2025-10-11
9513655;AMOR SAUDE;NSRA APARECIDA SERVICOS ADMINISTRATIVOS LTDA;510340;Cuiabá;Sim;Sim;DUQUE DE CAXIAS;JOSE MONTEIRO DE FIGUEIREDO;MUNICIPAL;;ATENDIMENTOS NOS TURNOS DA MANHA E A TARDE;36;M;Não;Não;NAO;Não;Não;Não;Sim;-15.58743536459488;-56.11176313834785;65 30284649;2025-10-11
9616659;CLINICA ORAL DENTE;NICOLAS VASCONCELLOS ANDRADE;510340;Cuiabá;Sim;Sim;CPA II;AV BRASIL;MUNICIPAL;;ATENDIMENTOS NOS TURNOS DA MANHA E A TARDE;22;M;Não;Não;NAO;Não;Não;Não;Sim;-15.560858687104524;-56.049889569310025;(65)3644-0798;2025-10-11
9688536;CLINICA REABILITY SAUDE;MARIZETE APARECIDA DE ARRUDA;510340;Cuiabá;Sim;Sim;BANDEIRANTES;ALMEIDA LARA;MUNICIPAL;;ATENDIMENTOS NOS TURNOS DA MANHA E A TARDE;36;M;Não;Não;NAO;Não;Não;Não;Sim;-15.600631224018805;-56.09270250424066;65 99590833;2025-10-11
9832416;ANA RAFAELLA ORMOND DE CAMPOS;ANA RAFAELLA ORMOND DE CAMPOS;510340;Cuiabá;Sim;Sim;DUQUE DE CAXIAS;RUA FRANKLIN CASSINO DA SILVA;MUNICIPAL;;ATENDIMENTOS NOS TURNOS DA MANHA E A TARDE;22;M;Não;Não;NAO;Não;Não;Não;Sim;-15.589729555547848;-56.115927946999506;;2025-10-11
534323;UROMEDICAL;UROMEDICAL CENTRO DE UROLOGIA CLINICA E CIRURGICA LTDA;510340;Cuiabá;Sim;Sim;JARDIM CUIABA;DAS FLORES;MUNICIPAL;;ATENDIMENTOS NOS TURNOS DA MANHA E A TARDE;36;M;Não;Não;NAO;Não;Não;Não;Não;-15.595026546398275;-56.11806320277611;65 30287328;2025-09-03
553522;CONSULTORIO ODONTOLOGICO DRA TAIRINE TIESEN;TAIRINE TIESEN;510340;Cuiabá;Sim;Sim;VISTA ALEGRE;JOAO BATISTA S DE OLIVEIRA;MUNICIPAL;;ATENDIMENTOS NOS TURNOS DA MANHA E A TARDE;36;M;Não;Não;NAO;Não;Não;Não;Sim;-15.62891424294017;-56.05657140144261;65 92940995;2025-09-03
282871;ECHAD ESPACO VIDA SAUDE;ECHAD ESPACO VIDA SAUDE EIRELI;510340;Cuiabá;Sim;Sim;ZONA RURAL;ROD MT 010;MUNICIPAL;;ATENDIMENTOS NOS TURNOS DA MANHA E A TARDE;36;M;Não;Não;NAO;Não;Não;Não;Sim;-15.548569301455112;-56.09736579893321;65 3322-5186;2025-10-17
503878;CUIABA MT UNIDADE A N 03;SEST SERVICO SOCIAL DO TRANSPORTE;510340;Cuiabá;Sim;Sim;COXIPO DA PONTE;FERNANDO CORREA DA COSTA;MUNICIPAL;;ATENDIMENTOS NOS TURNOS DA MANHA E A TARDE;36;M;Não;Não;NAO;Não;Não;Não;Sim;-15.63158353896211;-56.050917064732666;61 33157000;2025-10-17
516228;VITA EMERGENCIAS MEDICAS;CUIABA VITA HOME CARE LTDA;510340;Cuiabá;Sim;Sim;DISTRITO INDUSTRIAL;PEDRO PAULO DE FARIA JUNIOR;MUNICIPAL;;ATENDIMENTO CONTINUO DE 24 HORAS/DIA (PLANTAO:INCLUI SABADOS, DOMINGOS E FERIADOS);77;M;Não;Não;SIM;Não;Não;Não;Sim;-15.629288447805374;-56.07778693558218;65 32666571;2026-06-09
2655071;ABURAD DIAGNOSTICO;CPC CENTRO DE PATOLOGIA E CITOLOGIA LTDA;510340;Cuiabá;Sim;Sim;CENTRO;SEMINARIO;MUNICIPAL;;ATENDIMENTOS NOS TURNOS DA MANHA E A TARDE;39;M;Não;Não;SIM;Não;Não;Não;Sim;-15.601342791830026;-56.09517416314538;;2025-10-17
3064158;FISIONOVA FISIOTERAPIA LTDA;FISIONOVA FISIOTERAPIA LTDA;510340;Cuiabá;Sim;Sim;JARDIM MARIANA;ADEL MALUF;MUNICIPAL;;ATENDIMENTOS NOS TURNOS DA MANHA E A TARDE;36;M;Não;Não;NAO;Não;Não;Não;Não;-15.579361859277764;-56.11112924667406;65 36188141;2025-10-17
3182681;MARIA AUXILIADORA C OLIVEIRA;MARIA AUXILIADORA C OLIVEIRA;510340;Cuiabá;Sim;Sim;POPULAR;ISAAC POVOAS;MUNICIPAL;;ATENDIMENTOS NOS TURNOS DA MANHA E A TARDE;22;M;Não;Não;NAO;Não;Não;Não;Não;-15.59277823351868;-56.10603454567338;65 99999999;2025-12-20
3198928;FISIOACUS FISIOTERAPIA E ACUPUNTURA LTDA;MARIETE IZABEL COSTA MARIA AUGUSTA F COSTA;510340;Cuiabá;Sim;Sim;JARDIM CUIABA;RUA DAS DALIAS;MUNICIPAL;;ATENDIMENTOS NOS TURNOS DA MANHA E A TARDE;36;M;Não;Não;NAO;Não;Não;Não;Não;-15.593963947603285;-56.11657476723896;(65) 3224150;2025-10-17
3721957;ERNANI CAPOROSSI;ERNANI CAPOROSSI;510340;Cuiabá;Sim;Sim;DUQUE DE CAXIAS;RUA MASCARENHAS DE MORAES;MUNICIPAL;;ATENDIMENTOS NOS TURNOS DA MANHA E A TARDE;22;M;Não;Não;NAO;Não;Não;Não;Sim;-15.574987894320703;-56.101409983207205;(65) 3622-0002;2025-10-17
3966232;FETALCARE;FETALCARE ATENDIMENTO EM MEDICINA FETAL E ULTRASSONOGRAFIA;510340;Cuiabá;Sim;Sim;BOSQUE DA SAUDE;OURO FINO;MUNICIPAL;;ATENDIMENTOS NOS TURNOS DA MANHA E A TARDE;36;M;Não;Não;NAO;Não;Não;Não;Sim;-15.589809852377833;-56.075659300971886;65 30236107;2025-10-17
4099443;G M S SERVICOS FONOAUDIOLOGICOS;G M S SERVICOS FONOAUDIOLOGICOS;510340;Cuiabá;Sim;Sim;JARDIM DAS AMERICAS;HAITI;MUNICIPAL;;ATENDIMENTOS NOS TURNOS DA MANHA E A TARDE;22;M;Não;Não;NAO;Não;Não;Não;Não;-15.608547604379803;-56.07316709851356;65 84196980;2025-10-17
4340728;LGI MEDICOS;LGI MEDICOS LTDA;510340;Cuiabá;Sim;Sim;DESPRAIADO;MISTRAL JD BOM CLIMA;MUNICIPAL;;ATENDIMENTO CONTINUO DE 24 HORAS/DIA (PLANTAO:INCLUI SABADOS, DOMINGOS E FERIADOS);36;M;Não;Não;NAO;Não;Não;Não;Não;-15.565502145482617;-56.086178512342535;53 84114851;2026-05-14
4348206;EQUILIBRIO SAUDE ATENDIMENTO DOMICILIAR LTDA;EQUILIBRIO SAUDE ATENDIMENTO DOMICILIAR LTDA;510340;Cuiabá;Sim;Sim;JARDIM IMPERIAL;DAS PALMEIRAS;MUNICIPAL;;ATENDIMENTOS NOS TURNOS DA MANHA E A TARDE;77;M;;Não;NAO;;;;Não;-15.609103463088404;-56.027950229660675;65 96146113;2025-10-17
4354869;EXME;CENTRO DE EXAMES NEUROCLINICOS LTDA;510340;Cuiabá;Sim;Sim;JARDIM TROPICAL;URUGUAI;MUNICIPAL;;ATENDIMENTO SOMENTE PELA MANHA;36;M;Não;Não;NAO;Não;Não;Não;Não;-15.619206134063127;-56.07864071163822;65 81174381;2025-10-17
4396774;ENCANTO SENSORIAL TERAPIAS ESPECIALIZADAS;RIOS TERAPIA OCUPACIONAL LTDA;510340;Cuiabá;Sim;Sim;JARDIM DAS AMERICAS;HAVANA;MUNICIPAL;;ATENDIMENTOS NOS TURNOS DA MANHA E A TARDE;36;M;Não;Não;NAO;Não;Não;Não;Não;-15.605339162939245;-56.07586888030211;31 87419976;2025-10-17
4418638;ESTIMULUS DESENVOLVIMENTO INFANTO JUVENIL;ESTIMULUS DESENVOLVIMENTO INFANTO JUVENIL LTDA;510340;Cuiabá;Sim;Sim;SANTA ROSA;VENEZUELA;MUNICIPAL;;ATENDIMENTOS NOS TURNOS DA MANHA E A TARDE;22;M;Não;Não;NAO;Não;Não;Não;Não;-15.585102229618828;-56.122398436554036;65 92651075;2025-10-17
4424174;ENDOMAT;ENDOMAT CLINICA MEDICA LTDA;510340;Cuiabá;Sim;Sim;QUILOMBO;SENADOR FILINTO MULLER;MUNICIPAL;;ATENDIMENTOS NOS TURNOS DA MANHA E A TARDE;36;M;Não;Não;NAO;Não;Não;Não;Não;-15.585813031690124;-56.10379815249581;65 99479997;2025-10-17
4512804;CUIABA VITA HOME CARE;CUIABA VITA HOME CARE LTDA;510340;Cuiabá;Sim;Sim;CIDADE ALTA;DA CARIDADE LOT JD PRIMAVERA;MUNICIPAL;;ATENDIMENTOS NOS TURNOS DA MANHA E A TARDE;77;M;Não;Não;NAO;Não;Não;Não;Sim;-15.601510973097842;-56.123929656309706;65 32666571;2025-10-17
4727029;CRISTIANA BEZERRA DE JESUS DIAS;CRISTIANA BEZERRA DE JESUS DIAS LTDA;510340;Cuiabá;Sim;Sim;QUILOMBO;SENADOR FILINTO MULLER;MUNICIPAL;;ATENDIMENTOS NOS TURNOS DA MANHA E A TARDE;22;M;Não;Não;NAO;Não;Não;Não;Não;-15.585753609300358;-56.103967131657065;65 84033548;2025-10-17
4727037;ESPACO SINAPSES;L S A DA CRUZ;510340;Cuiabá;Sim;Sim;POCAO;AVENIDA AMARILIO DE ALMEIDA;MUNICIPAL;;ATENDIMENTOS NOS TURNOS DA MANHA E A TARDE;22;M;Não;Não;NAO;Não;Não;Não;Não;-15.607428014722474;-56.085308330905136;65 93610752;2025-10-17
5123747;FONOCLIN;INEZ CRISTINA LEITE;510340;Cuiabá;Sim;Sim;JARDIM CUIABA;AVENIDA DAS FLORES;MUNICIPAL;;ATENDIMENTOS NOS TURNOS DA MANHA E A TARDE;22;M;Não;Não;NAO;Não;Não;Não;Sim;-15.595088983072266;-56.11678710536558;65 3901-2370;2025-10-17
5167116;GERALDO MESSIAS SANTOS DA SILVA;GERALDO MESSIAS SANTOS DA SILVA;510340;Cuiabá;Sim;Sim;BOSQUE DA SAUDE;AVENIDA ACLIMACAO;MUNICIPAL;;ATENDIMENTO SOMENTE A TARDE;22;M;Não;Não;NAO;Não;Não;Não;Não;-15.587816957033038;-56.07724056973046;;2025-10-17
5170435;ELVANY VERONICA DOS SANTOS;ELVANY VERONICA DOS SANTOS;510340;Cuiabá;Sim;Sim;BOSQUE DA SAUDE;AVENIDA RUBENS DE MENDONCA;MUNICIPAL;;ATENDIMENTO SOMENTE A TARDE;22;M;Não;Não;NAO;Não;Não;Não;Não;-15.58115714753516;-56.07669846285319;65 3642-2983;2025-10-17
5206057;GIL DE FIGUEIREDO SCAFFA;GIL DE FIGUEIREDO SCAFFA;510340;Cuiabá;Sim;Sim;JARDIM CUIABA;AVENIDA DAS FLORES;MUNICIPAL;;ATENDIMENTO SOMENTE A TARDE;22;M;Não;Não;NAO;Não;Não;Não;Não;-15.605919657008496;-56.10139092587786;65 3624-2292;2025-10-17
5220629;EDSON FRANCO FRATARI;EDSON FRANCO FRATARI;510340;Cuiabá;Sim;Sim;CENTRO SUL;RUA COMANDANTE COSTA;MUNICIPAL;;ATENDIMENTOS NOS TURNOS DA MANHA E A TARDE;22;M;Não;Não;NAO;Não;Não;Não;Sim;-15.602564815009435;-56.104613891177266;65 3023-1609;2025-10-17
5221935;EDSON BUSSIKI;EDSON BUSSIKI;510340;Cuiabá;Sim;Sim;SANTA ROSA;AVENIDA JOSE RODRIGUES DO PRADO;MUNICIPAL;;ATENDIMENTOS NOS TURNOS DA MANHA E A TARDE;22;M;Não;Não;NAO;Não;Não;Não;Sim;-15.580140332137201;-56.12259994807011;65 3626-5066;2025-10-17
5221978;FABIOLA MARIA DE MOURA SANTOS;FABIOLA MARIA DE MOURA SANTOS;510340;Cuiabá;Sim;Sim;ARAES;RUA DESEMBARGADOR JOSE DE MESQUITA;MUNICIPAL;;ATENDIMENTO SOMENTE A TARDE;22;M;Não;Não;NAO;Não;Não;Não;Sim;-15.58810443742454;-56.09171565868758;;2025-10-17
5222109;GILDA HELENA ARRUDA SOUSA PACHECO;GILDA HELENA ARRUDA SOUSA PACHECO;510340;Cuiabá;Sim;Sim;BANDEIRANTES;RUA MANOEL GARCIA VELHO;MUNICIPAL;;ATENDIMENTOS NOS TURNOS DA MANHA E A TARDE;22;M;Não;Não;NAO;Não;Não;Não;Sim;-15.601200485054177;-56.094047670558595;65 3624-3733;2025-10-17
5234905;EGLE SOUSA PEREIRA;EGLE SOUSA PEREIRA;510340;Cuiabá;Sim;Sim;JARDIM CUIABA;AV DAS FLORES;MUNICIPAL;;ATENDIMENTO SOMENTE A TARDE;22;M;Não;Não;NAO;Não;Não;Não;Não;-15.59509156653732;-56.1156713064596;65 3023-0408;2025-10-17
5247349;FRANCISCO MARIO MONTEIRO FORTES;FRANCISCO MARIO MONTEIRO FORTES;510340;Cuiabá;Sim;Sim;BANDEIRANTES;RUA CORONEL ESCOLASTICO;MUNICIPAL;;ATENDIMENTO SOMENTE A TARDE;22;M;Não;Não;NAO;Não;Não;Não;Não;-15.597960836765067;-56.089432085524685;65 3623-4936;2025-10-17
5267803;GILMAR FERREIRA DO ESPIRITO SANTO;GILMAR FERREIRA DO ESPIRITO SANTO;510340;Cuiabá;Sim;Sim;CENTRO;AVENIDA ISAAC POVOAS;MUNICIPAL;;ATENDIMENTOS NOS TURNOS DA MANHA E A TARDE;22;M;Não;Não;NAO;Não;Não;Não;Não;-15.596714222071308;-56.10013319272899;65 3623-5221;2025-10-17
5270693;GISELE DO COUTO OLIVEIRA;GISELE DO COUTO OLIVEIRA;510340;Cuiabá;Sim;Sim;LIXEIRA;RUA CORUMBA;MUNICIPAL;;ATENDIMENTOS NOS TURNOS DA MANHA E A TARDE;22;M;Não;Não;NAO;Não;Não;Não;Não;-15.592555471469444;-56.0899028074591;;2025-10-17
5270766;DEBORA LUZIA DALPONTE CARVALHO;DEBORA LUZIA DALPONTE CARVALHO;510340;Cuiabá;Sim;Sim;LIXEIRA;RUA CORUMBA;MUNICIPAL;;ATENDIMENTO SOMENTE PELA MANHA;22;M;Não;Não;NAO;Não;Não;Não;Não;-15.591442104689609;-56.08782097169698;65 3624 2673;2025-10-17
5278678;ELSON LEMES DE MORAES;ELSON LEMES DE MORAES;510340;Cuiabá;Sim;Sim;CENTO;RUA VINTE E QUATRO DE OUTUBRO;MUNICIPAL;;ATENDIMENTOS NOS TURNOS DA MANHA E A TARDE;22;M;Não;Não;NAO;Não;Não;Não;Não;-15.591502577611065;-56.10544250467057;65 3623-1696;2025-10-17
5278686;ELISEU EDUARDO VALARINE;ELISEU EDUARDO VALARINE;510340;Cuiabá;Sim;Sim;DUQUE DE CAXIAS;RUA ALMIRANTE HENRIQUE PINHEIRO GUEDES;MUNICIPAL;;ATENDIMENTO SOMENTE A TARDE;22;M;Não;Não;NAO;Não;Não;Não;Não;-15.588090459906962;-56.115008964949695;65 3322-0201;2025-10-17
5279127;EDMUNDO FELIX DE BARROS;EDMUNDO FELIX DE BARROS;510340;Cuiabá;Sim;Sim;BAU;RUA VILA MARIA;MUNICIPAL;;ATENDIMENTOS NOS TURNOS DA MANHA E A TARDE;22;M;Não;Não;NAO;Não;Não;Não;Não;-15.589063872464196;-56.091496616314274;65 3623-6969;2025-10-17
5283116;FERNANDO TOSTES DE OLIVEIRA;FERNANDO TOSTES DE OLIVEIRA;510340;Cuiabá;Sim;Sim;CENTRO;RUA TENENTE CEL THOGO S PEREIRA;MUNICIPAL;;ATENDIMENTOS NOS TURNOS DA MANHA E A TARDE;22;M;Não;Não;NAO;Não;Não;Não;Não;-15.603559971184877;-56.102538446661015;65 3622-2255;2025-10-17
5295734;GEOVANA DA GAMA FORTUNATO;GEOVANA DA GAMA FORTUNATO;510340;Cuiabá;Sim;Sim;BAU;RUA CORUMBA;MUNICIPAL;;ATENDIMENTOS NOS TURNOS DA MANHA E A TARDE;22;M;Não;Não;NAO;Não;Não;Não;Não;-15.592535398566092;-56.0899545555783;;2025-10-17
5359759;FARMACIA POPULAR DO BRASIL CUIABA;PREFEITURA MUNICIPAL DE CUIABA;510340;Cuiabá;Sim;Sim;MORADA DA SERRA;RUA ANU BRANCO;MUNICIPAL;;ATENDIMENTOS NOS TURNOS DA MANHA E A TARDE;43;M;;Não;NAO;;;;Não;-15.562664341870011;-56.037754749831635;;2025-10-17
5968798;CRISTIANNE SERAFIM SERVICOS MEDICO;CRISTIANNE SERAFIM SERVICOS MEDICOS LTDA;510340;Cuiabá;Sim;Sim;JARDIM ITALIA;ERICO GONCALVES PREZA FILHO;MUNICIPAL;;ATENDIMENTOS NOS TURNOS DA MANHA E A TARDE;22;M;Não;Não;NAO;Não;Não;Não;Não;-15.605335576657907;-56.059456344623136;65 30287328;2025-10-17
6050646;DANIELA PARENTE LOPES;DANIELA PARENTE LOPES;510340;Cuiabá;Sim;Sim;JARDIM KENNEDY;AVENIDA TANCREDO NEVES;MUNICIPAL;;ATENDIMENTOS NOS TURNOS DA MANHA E A TARDE;22;M;Não;Não;NAO;Não;Não;Não;Sim;-15.61540157694808;-56.07615062883579;;2025-10-17
6176488;FERNANDO WALLACE SERVIO RONDON CIA LTDA;FERNANDO WALLACE SERVIO RONDON CIA LTDA;510340;Cuiabá;Sim;Sim;SANTA ISABEL;AV AGRICOLA PAES DE BARROS;MUNICIPAL;;ATENDIMENTOS NOS TURNOS DA MANHA E A TARDE;39;M;Não;Não;NAO;Não;Não;Não;Sim;-15.60398440791265;-56.13188032665853;;2025-10-17
6378226;GASTRUM;GASTRUM SERVICOS MEDICOS LTDA;510340;Cuiabá;Sim;Sim;BOSQUE DA SAUDE;AVENIDA ACLIMACAO;MUNICIPAL;;ATENDIMENTOS NOS TURNOS DA MANHA E A TARDE;36;M;Não;Não;NAO;Não;Não;Não;Não;-15.587874259837196;-56.07710383787786;(65) 2121-6400;2025-10-17
6558208;DANIELLE AMARAL CORREIA;DANIELLE AMARAL CORREIA;510340;Cuiabá;Sim;Sim;TIJUCAL SETOR II;AVENIDA ESPIGAO;MUNICIPAL;;ATENDIMENTOS NOS TURNOS DA MANHA E A TARDE;22;M;Não;Não;NAO;Não;Não;Não;Sim;-15.63476537749428;-56.01203806343487;(65) 8448-4198;2025-10-17
6824188;GISELE DA COSTA ANDRADE;GISELE DA COSTA ANDRADE;510340;Cuiabá;Sim;Sim;CENTRO;RUA 24 DE OUTUBRO;MUNICIPAL;;ATENDIMENTOS NOS TURNOS DA MANHA E A TARDE;22;M;Não;Não;NAO;Não;Não;Não;Sim;-15.595298428848071;-56.09992993655393;;2025-10-17
7193785;ODONTOLOGIA SANTA ROSA;G DA COSTA ANDRADE LTDA;510340;Cuiabá;Sim;Sim;JARDIM SANTA MARTA;SANTA MONICA;MUNICIPAL;;ATENDIMENTOS NOS TURNOS DA MANHA E A TARDE;22;M;Não;Não;NAO;Não;Não;Não;Sim;-15.575957726816073;-56.09976418534071;65 33226818;2025-12-17
7224672;EDINA RUTH GAZZONI;EDINA RUTH GAZZONI;510340;Cuiabá;Sim;Sim;CENTRO SUL;RUA BARAO DE MELGACO;MUNICIPAL;;ATENDIMENTOS NOS TURNOS DA MANHA E A TARDE;22;M;Não;Não;NAO;Não;Não;Não;Sim;-15.603609657167294;-56.10359766265832;3627-6060;2025-10-17
7282508;EXPECTA SERVICOS EM MEDICINA PREVENTIVA;EXPECTA SERVICOS EM MEDICINA PREVENTIVA LTDA;510340;Cuiabá;Sim;Sim;JARDIM PETROPOLIS;CARMINDO DE CAMPOS CENTRO CARMINDO DA CONSTRUCAO;MUNICIPAL;;ATENDIMENTOS NOS TURNOS DA MANHA E A TARDE;77;M;Não;Não;NAO;Não;Não;Não;Não;-15.618489002502741;-56.08930349681568;65 30286055;2025-10-17
7341326;FABIANA LOULY BAPTISTA SANTOS DALLASTRA;FABIANA LOULY BAPTISTA SANTOS DALLASTRA;510340;Cuiabá;Sim;Sim;GOIABEIRAS;AV ISAAC POVOAS;MUNICIPAL;;ATENDIMENTOS NOS TURNOS DA MANHA E A TARDE;22;M;Não;Não;NAO;Não;Não;Não;Sim;-15.59322910514478;-56.10473690880773;(65)3025-1405;2025-10-17
7357974;GEOVANNI BRAGA DE LIMA;GEOVANNI BRAGA DE LIMA;510340;Cuiabá;Sim;Sim;BOSQUE DA SAUDE;AV ACLIMACAO BOSQUE DA SAUDE;MUNICIPAL;;ATENDIMENTOS NOS TURNOS DA MANHA E A TARDE;22;M;Não;Não;NAO;Não;Não;Não;Sim;-15.58779112146559;-56.07710377707612;(65)3023-6678;2025-10-17
7792638;CREPALDI DERMATO;CLINICA DE DERMATOLOGIA CREPALDI LTDA;510340;Cuiabá;Sim;Sim;GOIABEIRAS;ISAAC POVOAS;MUNICIPAL;;ATENDIMENTOS NOS TURNOS DA MANHA E A TARDE;36;M;Não;Não;NAO;Não;Não;Não;Sim;-15.594666359096454;-56.10221827583481;65 33213565;2026-07-14
7822669;ELLIN DE CASSIA MENDONCA BERTOLINO FERREIRA;ELLIN DE CASSIA MENDONCA BERTOLINO FERREIRA;510340;Cuiabá;Sim;Sim;DUQUE DE CAXIAS;AVENIDA JOSE MONTEIRO DE FIGUEIREDO;MUNICIPAL;;ATENDIMENTO NOS TURNOS DA MANHA, TARDE E NOITE;22;M;Não;Não;NAO;Não;Não;Não;Não;-15.586481887982561;-56.11358845649855;;2025-10-17
7931166;DR CINTIA PROCOPIO CLINICA DERMATOLOGICA;C M O LIMA PROCOPIO LTDA;510340;Cuiabá;Sim;Sim;ARAES;DESEMBARGADOR TRIGO DE LOUREIRO;MUNICIPAL;;ATENDIMENTOS NOS TURNOS DA MANHA E A TARDE;22;M;Não;Não;NAO;Não;Não;Não;Sim;-15.58666995725889;-56.08605796128623;65 36231000;2025-10-17
7933045;CONSULTORIO SABRINA DA FONSECA;SABRINA DA FONSECA ME;510340;Cuiabá;Sim;Sim;ALPHAVILLE;RUA DA CARIUNAS;MUNICIPAL;;ATENDIMENTOS NOS TURNOS DA MANHA E A TARDE;22;M;Não;Não;NAO;Não;Não;Não;Sim;-15.594008061048157;-56.06038594884873;06521270075;2025-10-17
9293728;COPSI;CLINICA DE ORIENTACAO PSICOLOGICA E PSICOTERAPIA CUIABA LTDA;510340;Cuiabá;Sim;Sim;SANTA HELENA;AMERICO SALGADO;MUNICIPAL;;ATENDIMENTOS NOS TURNOS DA MANHA E A TARDE;22;M;Não;Não;NAO;Não;Não;Não;Não;-15.592795967854194;-56.08918598747846;00 96000000;2025-10-17
9324941;ELITA BATISTA NEVES;ELITA BATISTA NEVES;510340;Cuiabá;Sim;Sim;CENTRO SUL;RUA BARAO DE MELGACO EDIFICIO WORK TOWER;MUNICIPAL;;ATENDIMENTOS NOS TURNOS DA MANHA E A TARDE;22;M;Não;Não;NAO;Não;Não;Não;Sim;-15.603725908220397;-56.103538654061126;(65)30230690;2025-10-17
9366938;DENSIMAT AMERICA;DENSIMAT UNIDADE DE DENSITOMETRIA OSSEA DE MATO GROSSO LTDA;510340;Cuiabá;Sim;Sim;JARDIM DAS AMERICAS;BRASILIA;MUNICIPAL;;ATENDIMENTOS NOS TURNOS DA MANHA E A TARDE;39;M;Não;Não;NAO;Não;Não;Não;Sim;-15.611157666358753;-56.073426574200596;65 36244001;2025-10-17
9366946;DENSIMAT IMAGENS;DENSIMAT UNIDADE DE DENSITOMETRIA OSSEA DE MATO GROSSO LTDA;510340;Cuiabá;Sim;Sim;JARDIM CUIABA;DAS FLORES;MUNICIPAL;;ATENDIMENTOS NOS TURNOS DA MANHA E A TARDE;39;M;Não;Não;NAO;Não;Não;Não;Sim;-15.595078775596782;-56.116758233674915;65 36220220;2025-10-17
9394478;FONOCARE;FONOCARE ASSISTENCIA EM FONOAUDIOLOGIA LTDA ME;510340;Cuiabá;Sim;Sim;CENTRO NORTE;CANDIDO MARIANO;MUNICIPAL;;ATENDIMENTOS NOS TURNOS DA MANHA E A TARDE;22;M;Não;Não;NAO;Não;Não;Não;Não;-15.595342557729092;-56.09728003594636;65 92883354;2025-10-17
9442677;CONSULTORIO ODONTOLOGICO FLAVIO VIEIRA DE MOURA;FLAVIO VIEIRA DE MOURA;510340;Cuiabá;Sim;Sim;MORADA DA SERRA;AVENIDA JOINVILLE;MUNICIPAL;;ATENDIMENTOS NOS TURNOS DA MANHA E A TARDE;22;M;Não;Não;NAO;Não;Não;Não;Sim;-15.556941052291437;-56.052671035912134;(65) 3641-1636;2025-10-17
9492860;CLINICA MENTORI;DANILLO CESAR CORREIA DA SILVA;510340;Cuiabá;Sim;Sim;JARDIM CUIABA;DAS FLORES;MUNICIPAL;;ATENDIMENTO NOS TURNOS DA MANHA, TARDE E NOITE;22;M;Não;Não;NAO;Não;Não;Não;Não;-15.59502601862628;-56.11995369479782;65 96286556;2025-10-17
9639799;CONSULTORIO ODONTOLOGICO ELIZANGELA;ELIZANGELA CRISTINA BARBOSA VIANA;510340;Cuiabá;Sim;Sim;JD CUIABA;RUA DAS MARGARIDAS;MUNICIPAL;;ATENDIMENTO SOMENTE A TARDE;22;M;Não;Não;NAO;Não;Não;Não;Sim;-15.596717852460438;-56.11474061617875;9844558088;2025-10-17
9716688;DEXTRA MED SOLUCOES EM SAUDE OCUPACIONAL;DEXTRA MED SOLUCOES EM SAUDE OCUPACIONAL LTDA;510340;Cuiabá;Sim;Sim;CENTRO NORTE;PRESIDENTE GETULIO VARGAS;MUNICIPAL;;ATENDIMENTOS NOS TURNOS DA MANHA E A TARDE;36;M;Não;Não;NAO;Não;Não;Não;Sim;-15.593304197718274;-56.10039476132061;65 81131481;2025-10-17
1052667;ERN CLINICA ODONTOLOGICA LTDA;ERN CLINICA ODONTOLOGICA LTDA CNPJ 23198537000103;510340;Cuiabá;Sim;Sim;GOIABEIRAS;VILA BRANCA 2;MUNICIPAL;;ATENDIMENTOS NOS TURNOS DA MANHA E A TARDE;22;M;Não;Não;NAO;Não;Não;Não;Não;-15.24178985596171;-56.2060546875;(65)3025-1062;2025-10-18
1137808;ODONTOLOGIA LAGE E NIGRO LTDA;ODONTOLOGIA LAGE E NIGRO LTDA CNPJ 51371038000101;510340;Cuiabá;Sim;Sim;GOIABEIRA;RUA ARNALDO DE MATOS 02;MUNICIPAL;;ATENDIMENTOS NOS TURNOS DA MANHA E A TARDE;22;M;Não;Não;NAO;Não;Não;Não;Não;-15.597930302123627;-56.10256995304556;(65) 98421-8353;2025-10-18
5887518;GRAZIELLY RODRIGUES TEIXEIRA;GRAZIELLY RODRIGUES TEIXEIRA;510340;Cuiabá;Sim;Sim;POCAO;AMARILIO DE ALMEIDA;MUNICIPAL;;ATENDIMENTOS NOS TURNOS DA MANHA E A TARDE;22;M;Não;Não;NAO;Não;Não;Não;Não;-15.60806788818591;-56.08362453350577;65 92189062;2025-10-18
5900174;ANDREA NOVAES ODONTOLOGIA;ANDREA NOVAES ODONTOLOGIA LTDA;510340;Cuiabá;Sim;Sim;ALVORADA;HISTORIADOR RUBENS DE MENDONCA;MUNICIPAL;;ATENDIMENTOS NOS TURNOS DA MANHA E A TARDE;22;M;Não;Não;NAO;Não;Não;Não;Sim;-15.587374465908916;-56.08319639117753;65 36239023;2025-10-18
5900239;SUPREMUS LABORATORIA DE ANALISES CLINICAS;JONNY CARLINI SILVA;510340;Cuiabá;Sim;Sim;CENTRO SUL;BARAO DE MELGACO;MUNICIPAL;;ATENDIMENTOS NOS TURNOS DA MANHA E A TARDE;22;M;Não;Não;NAO;Não;Não;Não;Não;-15.594795664862364;-56.09589186198441;65 84355668;2025-10-18
5943167;VICTORIA FELIX ODONTOLOGIA;VICTORIA FELIX ODONTOLOGIA LTDA;510340;Cuiabá;Sim;Sim;PARQUE CUIABA;PROFESSOR ALTAMIRO ARI RUTZ;MUNICIPAL;;ATENDIMENTOS NOS TURNOS DA MANHA E A TARDE;22;M;Não;Não;NAO;Não;Não;Não;Sim;-15.657798969132518;-56.046102618747774;65 93060681;2025-10-18
5943183;REALIZA LABORATORIO DE ANALISES CLINICAS E CONSULTORIA;REALIZA LABORATORIO DE ANALISES CLINICAS E CONSULTORIA LTDA;510340;Cuiabá;Sim;Sim;DUQUE DE CAXIAS;ALMIRANTE HENRIQUE PINHEIRO GUEDES;MUNICIPAL;;ATENDIMENTOS NOS TURNOS DA MANHA E A TARDE;22;M;Não;Não;NAO;Não;Não;Não;Não;-15.587744263619493;-56.114979460810645;65 30287328;2025-10-18
5950759;CLINICA REATIVE CUIABA;CLINICA REATIVE CUIABA LTDA;510340;Cuiabá;Sim;Sim;JARDIM DAS AMERICAS;BRASILIA;MUNICIPAL;;ATENDIMENTOS NOS TURNOS DA MANHA E A TARDE;22;M;Não;Não;NAO;Não;Não;Não;Sim;-15.611157666360418;-56.07349094642958;65 81197809;2025-10-18
5950767;ENDOCRINO KIDS CLINICA DE ENDOCRINOLOGIA PEDIATRICA;ENDOCRINO KIDS CLINICA DE ENDOCRINOLOGIA PEDIATRICA LTDA;510340;Cuiabá;Sim;Sim;SANTA ROSA;RUSSIA;MUNICIPAL;;ATENDIMENTOS NOS TURNOS DA MANHA E A TARDE;22;M;Não;Não;NAO;Não;Não;Não;Não;-15.583455143910744;-56.121129491451335;65 99752662;2025-10-18
5950775;CLINICA DE PSICOLOGIA HORIZONTE PSICOLOGICO;HORIZONTE PSICOLOGICO LTDA;510340;Cuiabá;Sim;Sim;OSMAR CABRAL;SETE;MUNICIPAL;;ATENDIMENTOS NOS TURNOS DA MANHA E A TARDE;22;M;Não;Não;NAO;Não;Não;Não;Não;-15.612314057176091;-55.995229868163094;65 84727053;2025-10-18
5962781;LARISSA CAMARGO COELHO;LARISSA CAMARGO COELHO;510340;Cuiabá;Sim;Sim;BARRA DO PARI;AVENIDA MIGUEL SUTIL;MUNICIPAL;;ATENDIMENTOS NOS TURNOS DA MANHA E A TARDE;22;M;Não;Não;NAO;Não;Não;Não;Não;-15.596605465264178;-56.12332955380678;;2025-10-18
5950783;SANDRA CASTALDELI ALVES DE BARROS;SANDRA CASTALDELI ALVES DE BARROS;510340;Cuiabá;Sim;Sim;JARDIM PETROPOLIS;SA PORTO;MUNICIPAL;;ATENDIMENTOS NOS TURNOS DA MANHA E A TARDE;22;M;Não;Não;NAO;Não;Não;Não;Não;-15.616251898077328;-56.07382056234122;65 36825353;2026-02-03
9674152;SC AVALIACOES PSICOLOGIAS;SANDRA CAROLINO SEVERO RIBEIRO PSICOLOGIA;510340;Cuiabá;Sim;Sim;BOA ESPERANCA;CINQUENTA E CINCO;MUNICIPAL;;ATENDIMENTOS NOS TURNOS DA MANHA E A TARDE;22;M;Não;Não;NAO;Não;Não;Não;Sim;-15.621192347717246;-56.06391730275864;65 99488881;2025-09-03
9783962;NOT CUIABA;NOT NUCLEO DE ORTOPEDIA E TRAUMATOLOGIA LTDA;510340;Cuiabá;Sim;Sim;SANTA ROSA;JOSE RODRIGUES DO PRADO;MUNICIPAL;;ATENDIMENTO CONTINUO DE 24 HORAS/DIA (PLANTAO:INCLUI SABADOS, DOMINGOS E FERIADOS);36;M;Não;Não;NAO;Não;Não;Não;Sim;-15.583168172959919;-56.11777733934091;65 36262200;2025-09-03
2393433;CLINEMAT;CLINEMAT NEFROLOGICA DE MATO GROSSO LTDA;510340;Cuiabá;Sim;Sim;POCAO;FERNANDO CORREA DA COSTA;MUNICIPAL;;ATENDIMENTOS NOS TURNOS DA MANHA E A TARDE;36;M;Não;Não;SIM;Não;Não;Não;Sim;-15.605093742614718;-56.08462572097778;65 30463400;2025-11-04
2393492;USF SANTA ISABEL;PREFEITURA MUNICIPAL DE CUIABA;510340;Cuiabá;Sim;Sim;SANTA ISABEL;AVENIDA AGRICOLA PAES DE BARROS;MUNICIPAL;;ATENDIMENTOS NOS TURNOS DA MANHA E A TARDE;2;M;Não;Não;SIM;Não;Não;Não;Sim;-15.603930198083077;-56.13286377116471;(65) 3617-1450;2025-11-04
2835258;HORUS COMERCIO REPRESENTACOES E SERVICOS;CENTRO INTEGRADO DE PSICOLOGIA E SAUDE MENTAL DA FAMILIA ALE;510340;Cuiabá;Sim;Sim;CARUMBE;DA SAUDADE;MUNICIPAL;;ATENDIMENTO NOS TURNOS DA MANHA, TARDE E NOITE;22;M;Não;Não;NAO;Não;Não;Não;Não;-15.592562166600265;-56.07610415852915;65 36536568;2025-11-04
3133338;JOSENITA SOARES DE OLIVEIRA;JOSENITA SOARES DE OLIVEIRA;510340;Cuiabá;Sim;Sim;CONSIL;RUA ORIENTE TENUTA;MUNICIPAL;;ATENDIMENTOS NOS TURNOS DA MANHA E A TARDE;22;M;Não;Não;NAO;Não;Não;Não;Não;-15.58230268416402;-56.08418596471825;(65)30282000;2025-11-04
4214501;FAMVAG;SOLMEDIC SERVICOS MEDICOS E GESTAO S A;510340;Cuiabá;Sim;Sim;CENTRO SUL;DESEMBARGADOR FERREIRA MENDES;MUNICIPAL;;ATENDIMENTO CONTINUO DE 24 HORAS/DIA (PLANTAO:INCLUI SABADOS, DOMINGOS E FERIADOS);22;M;Não;Não;NAO;Não;Não;Não;Não;-15.5636891;-56.0716867;65 99942878;2026-02-03
4738225;GOBBI SERVICOS MEDICOS;GOBBI SERVICOS MEDICOS LTDA;510340;Cuiabá;Sim;Sim;CENTRO SUL;COMANDANTE COSTA;MUNICIPAL;;ATENDIMENTOS NOS TURNOS DA MANHA E A TARDE;22;M;Não;Não;NAO;Não;Não;Não;Não;-15.598820817154813;-56.100884987478494;65 36231000;2025-11-04
5170486;GLAUCE LINS BARBOSA MORAES;GLAUCE LINS BARBOSA MORAES;510340;Cuiabá;Sim;Sim;JARDIM TROPICAL;AVENIDA FERNANDO CORREA DA COSTA;MUNICIPAL;;ATENDIMENTOS NOS TURNOS DA MANHA E A TARDE;22;M;Não;Não;NAO;Não;Não;Não;Sim;-15.622036699991517;-56.085501208043055;65 3627-1084;2025-11-04
5256186;JOAO JOSE AIDAMUS DE LAMONICA FREIRE;JOAO JOSE AIDAMUS DE LAMONICA FREIRE;510340;Cuiabá;Sim;Sim;SANTA ROSA;RUA ADEL MALUF;MUNICIPAL;;ATENDIMENTO SOMENTE PELA MANHA;22;M;Não;Não;NAO;Não;Não;Não;Não;-15.587214267543336;-56.128000370778594;;2025-11-04
5256348;JULIANA MARIA FRANCIOSO JULIANI;JULIANA MARIA FRANCIOSO JULIANI;510340;Cuiabá;Sim;Sim;CENTRO;AV ISAAC POVOAS;MUNICIPAL;;ATENDIMENTO SOMENTE PELA MANHA;22;M;Não;Não;NAO;Não;Não;Não;Não;-15.596997109075804;-56.10058782651184;65 3623-5221;2025-11-04
5364639;IRENIR ALVES DA SILVA ROCHA;IRENIR ALVES DA SILVA ROCHA;510340;Cuiabá;Sim;Sim;TIJUCAL;AVENIDA ESPIGAO;MUNICIPAL;;ATENDIMENTOS NOS TURNOS DA MANHA E A TARDE;22;M;Não;Não;NAO;Não;Não;Não;Sim;-15.634604060955208;-56.0203358880367;65 3665-4011;2025-11-04
6500072;HIPERBARICA SANTA ROSA;HIPERBARICA SANTA ROSA LTDA;510340;Cuiabá;Sim;Sim;JD MARIANA;ADEL MALUF;MUNICIPAL;;ATENDIMENTOS NOS TURNOS DA MANHA E A TARDE;36;M;Não;Não;NAO;Não;Não;Não;Sim;-15.579329563480252;-56.11121105404722;3626-3701;2025-11-04
7441088;HUGO LUCIANO DE ALMEIDA;HUGO LUCIANO DE ALMEIDA;510340;Cuiabá;Sim;Sim;JARDIM CUIABA;AV DAS FLORES;MUNICIPAL;;ATENDIMENTOS NOS TURNOS DA MANHA E A TARDE;22;M;Não;Não;NAO;Não;Não;Não;Sim;-15.594951739880317;-56.116492225329004;(65)3027-5441;2025-11-04
9355987;IVAN PANTALEAO DOS SANTOS;IVAN PANTALEAO DOS SANTOS;510340;Cuiabá;Sim;Sim;ARAES;RUA GAGO COUTINHO;MUNICIPAL;;ATENDIMENTOS NOS TURNOS DA MANHA E A TARDE;22;M;Não;Não;NAO;Não;Não;Não;Não;-15.590225721922732;-56.090370935174995;;2025-11-04
198196;NEVES MOURA SERVICOS MEDICOS;NOSSA SENHORA DAS GRACAS SERVICOS MEDICOS LTDA;510340;Cuiabá;Sim;Sim;JARDIM CUIABA;DOS LIRIOS;MUNICIPAL;;ATENDIMENTOS NOS TURNOS DA MANHA E A TARDE;36;M;Não;Não;NAO;Não;Não;Não;Sim;-15.596630222640295;-56.11888208878837;65 30511833;2025-11-13
3220176;NORMA CRISTINA BOEHLER IGLESIAS ARAUJO;NORMA CRISTINA BOEHLER IGLESIAS ARAUJO;510340;Cuiabá;Sim;Sim;QUILOMBO;RUA MARECHAL FLORIANO PEIXOTO;MUNICIPAL;;ATENDIMENTOS NOS TURNOS DA MANHA E A TARDE;22;M;Não;Não;NAO;Não;Não;Não;Não;-15.590401774236934;-56.10325019295255;(65) 6234343;2025-11-13
4012011;NAYARA MIRANDA DE ALMEIDA MENCK;NAYARA MIRANDA DE ALMEIDA MENCK;510340;Cuiabá;Sim;Sim;JARDIM DAS AMERICAS;NASSAU;MUNICIPAL;;ATENDIMENTOS NOS TURNOS DA MANHA E A TARDE;22;M;Não;Não;NAO;Não;Não;Não;Não;-15.604695301623869;-56.06788601723869;15 96375915;2025-11-13
4191005;NASCER JUNTO;ASSISTENCIA OBSTETRICA MULTIPROFISSIONAL LTDA;510340;Cuiabá;Sim;Sim;JARDIM ITALIA;NAPOLI;MUNICIPAL;;ATENDIMENTOS NOS TURNOS DA MANHA E A TARDE;22;M;Não;Não;NAO;Não;Não;Não;Não;-15.604740152131285;-56.05688860704304;65 36231000;2025-11-13
4373006;NIP MT;NUCLEO PLENITUDE NEURO REABILITACAO E FORMACAO PROFISSIONAL;510340;Cuiabá;Sim;Sim;CENTRO SUL;SENADOR METELLO;MUNICIPAL;;ATENDIMENTOS NOS TURNOS DA MANHA E A TARDE;36;M;Não;Não;NAO;Não;Não;Não;Não;-15.600992862538098;-56.11453715701658;65 99528144;2025-11-13
4483928;LEV TERAPIAS COGNITIVAS E NEUROPSICOLOGIA;LEV TERAPIAS COGNITIVAS E NEUROPSICOLOGIA LTDA;510340;Cuiabá;Sim;Sim;JARDIM DAS AMERICAS;BUENOS AIRES;MUNICIPAL;;ATENDIMENTOS NOS TURNOS DA MANHA E A TARDE;22;M;Não;Não;NAO;Não;Não;Não;Não;-15.608770240062434;-56.074779964104195;65 36231000;2025-11-13
4676882;CLINICA CONCEITO EM SAUDE;CLINICA CONCEITO EM SAUDE INTERVENCAO PRECOCE A SENESCENCI;510340;Cuiabá;Sim;Sim;POPULAR;SENADOR FILINTO MULLER;MUNICIPAL;;ATENDIMENTO SOMENTE PELA MANHA;22;M;Não;Não;NAO;Não;Não;Não;Não;-15.591077050137788;-56.10742891399539;65 98057474;2025-11-13
4760964;PRISCILA BIAGGI A DE ALENCAR LTDA;PRISCILA BIAGGI A DE ALENCAR LTDA;510340;Cuiabá;Sim;Sim;JARDIM DAS AMERICAS;CIDADE DO MEXICO;MUNICIPAL;;ATENDIMENTOS NOS TURNOS DA MANHA E A TARDE;22;M;Não;Não;NAO;Não;Não;Não;Sim;-15.60770694113035;-56.07510109765236;65 96595724;2025-11-13
5076749;NUTRIMIX;COMERCIAL NUTRICIONAL E ALIMENTAR LTDA;510340;Cuiabá;Sim;Sim;BOSQUE DA SAUDE;ACLIMACAO;MUNICIPAL;;ATENDIMENTOS NOS TURNOS DA MANHA E A TARDE;84;M;Não;Não;NAO;Não;Não;Não;Sim;-15.58785875850508;-56.076684073962575;65 36619147;2025-11-13
5203449;NILO PERSIO ARTAL;NILO PERSIO ARTAL;510340;Cuiabá;Sim;Sim;LIXEIRA;RUA CORUMBA;MUNICIPAL;;ATENDIMENTO SOMENTE PELA MANHA;22;M;Não;Não;NAO;Não;Não;Não;Não;-15.592305467187291;-56.08987408982978;65 2128-9198;2025-11-13
5215137;NICODEMOS NUNES DA COSTA;NICODEMOS NUNES DA COSTA;510340;Cuiabá;Sim;Sim;BOSQUE DA SAUDE;AVENIDA DA ACLIMACAO;MUNICIPAL;;ATENDIMENTOS NOS TURNOS DA MANHA E A TARDE;22;M;Não;Não;NAO;Não;Não;Não;Não;-15.587486726095793;-56.07711322737036;65 3051-2279;2025-11-13
5377749;ODONTO IMAGEM;ODONTO IMAGEM RADIOLOGIA E DOC ODONTOLOGICA LTDA;510340;Cuiabá;Sim;Sim;GOIABEIRAS;AV IPIRANGA;MUNICIPAL;;ATENDIMENTOS NOS TURNOS DA MANHA E A TARDE;36;M;Não;Não;NAO;Não;Não;Não;Sim;-15.594823277038689;-56.10480248598765;65 3623-1200;2025-11-13
6236316;LILIAN LIMA DO CARMO BETONI E S M;LILIAN LIMA DO CARMO BETONI E S M;510340;Cuiabá;Sim;Sim;BANDEIRANTES;RUA BALTAZAR NAVARRO;MUNICIPAL;;ATENDIMENTOS NOS TURNOS DA MANHA E A TARDE;22;M;Não;Não;NAO;Não;Não;Não;Sim;-15.589681595006295;-56.0797467060905;(65) 3052-8475;2025-11-13
6582958;LAURA BEU CARVALHO MAGALHARES;LAURA BEU CARVALHO MAGALHARES;510340;Cuiabá;Sim;Sim;COOPHAMIL;RUA JULIO FREDERICO MUELLR;MUNICIPAL;;ATENDIMENTOS NOS TURNOS DA MANHA E A TARDE;22;M;Não;Não;NAO;Não;Não;Não;Sim;-15.616451631093058;-56.1295318177546;(65) 3625-2558;2025-11-13
6839029;INSTITUTO CACTOS CENTRO DE DESENVOLVIMENTO HUMANO;INSTITUTO CACTOS CENTRO DE DESENVOLVIMENTO HUMANO LTDA;510340;Cuiabá;Sim;Sim;JARDIM DAS AMERICAS;CARACAS;MUNICIPAL;;ATENDIMENTOS NOS TURNOS DA MANHA E A TARDE;22;M;Não;Não;NAO;Não;Não;Não;Não;-15.607508066822323;-56.072850695083346;17 33059030;2025-11-13
7037678;NAYARA MOTA OLIVEIRA CERUTTI;NAYARA MOTA OLIVEIRA CERUTTI;510340;Cuiabá;Sim;Sim;JD CUIABA;RUA DAS VIOLETAS;MUNICIPAL;;ATENDIMENTOS NOS TURNOS DA MANHA E A TARDE;22;M;Não;Não;NAO;Não;Não;Não;Sim;-15.596027372912975;-56.1153973671275;3052-4362;2025-11-13
7387709;ODONTOLOGIA CAPOROSSI;CAPOROSSI ODONTOLOGIA ESPECIALIZADA LTDA;510340;Cuiabá;Sim;Sim;JARDIM CUIABA;DAS FLORES;MUNICIPAL;;ATENDIMENTOS NOS TURNOS DA MANHA E A TARDE;36;M;Não;Não;NAO;Não;Não;Não;Sim;-15.594967560174169;-56.11680856479857;65 36220002;2025-11-13
7544766;ORTOFIX ODONTOLOGIA ESPECIALIZADA;CRIVELLARO 7 CIA LTDA ME;510340;Cuiabá;Sim;Sim;QUILOMBO;RUA ESTEVAO DE MENDONCA;MUNICIPAL;;ATENDIMENTOS NOS TURNOS DA MANHA E A TARDE;22;M;Não;Não;NAO;Não;Não;Não;Sim;-15.583973944708307;-56.10044878046464;(65)3322-4347;2025-11-13
7570619;ODONTOLOGIA BATISTELLA;ODONTOLOGIA BATISTELLA LTDA;510340;Cuiabá;Sim;Sim;QUILOMBO;PRESIDENTE CASTELO BRANCO;MUNICIPAL;;ATENDIMENTOS NOS TURNOS DA MANHA E A TARDE;22;M;Não;Não;NAO;Não;Não;Não;Sim;-15.59017711098563;-56.10324146760843;;2025-11-13
7779003;LABORATORIO CARLOS CHAGAS UNIDADE JARDIM DAS AMERICAS;LABORATORIO CARLOS CHAGAS LTDA;510340;Cuiabá;Sim;Sim;JARDIM DAS AMERICAS;BUENOS AIRES;MUNICIPAL;;ATENDIMENTOS NOS TURNOS DA MANHA E A TARDE;39;M;Não;Não;NAO;Não;Não;Não;Sim;-15.608761844360572;-56.07478599907479;65 39014700;2025-11-13
8017204;GO BABY CLINICA PEDIATRICA;GO BABY CLINICA PEDIATRICA LTDA;510340;Cuiabá;Sim;Sim;SANTA CRUZ;PROFESSORA EDNA MARIA DE ALBUQUERQUE AFFI;MUNICIPAL;;ATENDIMENTOS NOS TURNOS DA MANHA E A TARDE;22;M;Não;Não;NAO;Não;Não;Não;Sim;-15.60489825217917;-56.04906726320769;65 30269292;2025-11-13
8017220;MAFRA ODONTOLOGIA;MARIA LUIZA SILVA MAFRA;510340;Cuiabá;Sim;Sim;JARDIM PAULISTA;BAHIA;MUNICIPAL;;ATENDIMENTOS NOS TURNOS DA MANHA E A TARDE;22;M;Não;Não;NAO;Não;Não;Não;Não;-15.61987639734231;-56.08733432469342;65 96682408;2025-11-13
8017239;CLINICA NEXUS PSICOLOGIA;CLINICA NEXUS FELIZ PSICOLOGIA LTDA;510340;Cuiabá;Sim;Sim;JARDIM UNIVERSITARIO;PROFESSORA EDNA MARIA DE ALBUQUERQUE AFFI;MUNICIPAL;;ATENDIMENTOS NOS TURNOS DA MANHA E A TARDE;22;M;Não;Não;NAO;Não;Não;Não;Não;-15.613192210458699;-56.033760026857024;65 98401027;2025-11-13
8024200;TRANSFORMA VIDAS;PSICO TRANSFORMA VIDAS LTDA;510340;Cuiabá;Sim;Sim;POCAO;GENERAL VALE;MUNICIPAL;;ATENDIMENTOS NOS TURNOS DA MANHA E A TARDE;22;M;Não;Não;NAO;Não;Não;Não;Não;-15.601623814029896;-56.089703960363515;62 99612848;2025-11-13
8024251;AG SERVICOS MEDICOS;AG SERVICOS MEDICOS LTDA;510340;Cuiabá;Sim;Sim;SANTA ROSA;EGITO;MUNICIPAL;;ATENDIMENTOS NOS TURNOS DA MANHA E A TARDE;22;M;Não;Não;NAO;Não;Não;Não;Não;-15.586338307326525;-56.122228043213;65 36231000;2025-11-13
8024294;RAIA DROGASIL;RAIA DROGASIL S A;510340;Cuiabá;Sim;Sim;ALTOS DO COXIPO;DOUTOR MEIRELLES;MUNICIPAL;;ATENDIMENTOS NOS TURNOS DA MANHA E A TARDE;43;M;Não;Não;NAO;Não;Não;Não;Sim;-15.59793483054189;-55.999333284413005;11 37695731;2025-11-13
8024332;ALBERTINI CLINICA DERMATOLOGICA;LUNA CHAGAS DERMATOLOGIA LTDA;510340;Cuiabá;Sim;Sim;BOSQUE DA SAUDE;OURO FINO;MUNICIPAL;;ATENDIMENTOS NOS TURNOS DA MANHA E A TARDE;22;M;Não;Não;NAO;Não;Não;Não;Não;-15.58967809222761;-56.07568612356582;65 99726644;2025-11-13
8026807;CLINICA MOSCATI;CLINICA MOSCATI LTDA;510340;Cuiabá;Sim;Sim;JARDIM MARIANA;ARAGUARI;MUNICIPAL;;ATENDIMENTOS NOS TURNOS DA MANHA E A TARDE;22;M;Não;Não;NAO;Não;Não;Não;Não;-15.580462982434353;-56.11371646284125;65 96174933;2025-11-13
8026815;AZAMBUJA PSICOLOGA CLINICA;ROSILLEYA DE OLIVEIRA AZAMBUJA LTDA;510340;Cuiabá;Sim;Sim;CENTRO SUL;BARAO DE MELGACO;MUNICIPAL;;ATENDIMENTOS NOS TURNOS DA MANHA E A TARDE;22;M;Não;Não;NAO;Não;Não;Não;Não;-15.60322731985043;-56.10356547793861;65 96820065;2025-11-13
8026890;PRIMUS SERVICOS MEDICOS;PRIMUS SERVICOS MEDICOS LTDA;510340;Cuiabá;Sim;Sim;CENTRO NORTE;MATO GROSSO;MUNICIPAL;;ATENDIMENTOS NOS TURNOS DA MANHA E A TARDE;22;M;Não;Não;NAO;Não;Não;Não;Não;-15.590280041954454;-56.0952857453688;65 30287328;2025-11-13
9415742;ELEVE DESENVOLVIMENTO HUMANO;ELEVE DESENVOLVIMENTO HUMANO LTDA ME;510340;Cuiabá;Sim;Sim;CENTRO NORTE;ISAAC POVOAS;MUNICIPAL;;ATENDIMENTOS NOS TURNOS DA MANHA E A TARDE;22;M;Não;Não;NAO;Não;Não;Não;Não;-15.596501087790157;-56.10009430069803;65 99763378;2025-11-27
9548300;ULTRA PRIME MEDICINA DIAGNOSTICA;PRIME SERVICOS DE RADIOLOGIA E DIAGNOSTICOS POR IMAGENS LTDA;510340;Cuiabá;Sim;Sim;JARDIM DAS AMERICAS;BRASILIA;MUNICIPAL;;ATENDIMENTOS NOS TURNOS DA MANHA E A TARDE;36;M;Não;Não;NAO;Não;Não;Não;Sim;-15.609921722833532;-56.07120940282078;65 36231000;2025-11-27
3101185;IMEDI INSTITUTO MEDICO DE DIAGNOSTICO POR IMAGEM;CENTRO DE DIAGNOSTICO SANTA ROSA LTDA;510340;Cuiabá;Sim;Sim;RIBEIRAO DA PONTE;AVENIDA MIGUEL SUTIL;DUPLA;;ATENDIMENTOS NOS TURNOS DA MANHA E A TARDE;39;D;Não;Não;SIM;Não;Não;Não;Sim;-15.578974521710862;-56.111329793930054;(65) 3626-2200;2025-11-18
52558;MEDICINA ESPECIALIZADA MAZUY E CARVALHO;MEDICINA ESPECIALIZADA M E C LTDA;510340;Cuiabá;Sim;Sim;ARAES;GAGO COUTINHO;MUNICIPAL;;ATENDIMENTOS NOS TURNOS DA MANHA E A TARDE;22;M;Não;Não;NAO;Não;Não;Não;Sim;-15.589993204424907;-56.09043597932517;65 99777089;2025-11-27
999776;SINGULLARE CLINICA DE PSICOLOGIA E SAUDE MENTAL;ALICE MARJORIE SANTOS ZUMIOTI LTDA;510340;Cuiabá;Sim;Sim;JARDIM DAS AMERICAS;MANOEL DA COSTA GRANJA;MUNICIPAL;;ATENDIMENTO NOS TURNOS DA MANHA, TARDE E NOITE;22;M;Não;Não;NAO;Não;Não;Não;Não;-15.60876115352686;-56.07504015286323;65 84095317;2025-11-27
2655136;VISION MED;CLINICA DE OLHOS NAKAMURA LTDA;510340;Cuiabá;Sim;Sim;CENTRO NORTE;RUA BARAO DE MELGACO;MUNICIPAL;;ATENDIMENTOS NOS TURNOS DA MANHA E A TARDE;36;M;Não;Não;NAO;Não;Não;Não;Sim;-15.593786765386572;-56.0952097758349;(65) 33217211;2025-11-27
2655446;TECNOVIDA;CLINICA DIETETICA;510340;Cuiabá;Sim;Sim;JD CUIABA;AV DAS FLORES;MUNICIPAL;;ATENDIMENTOS NOS TURNOS DA MANHA E A TARDE;39;M;;Não;NAO;;;;Sim;-15.594740667321846;-56.11512027877831;(65) 3623-6500;2025-11-27
2918919;SINGULUS INTERVENCOES;3CS CLINICA MULTIDISCIPLINAR LTDA;510340;Cuiabá;Sim;Sim;CIDADE ALTA;PROFESSOR RANULFO PAES DE BARROS;MUNICIPAL;;ATENDIMENTOS NOS TURNOS DA MANHA E A TARDE;22;M;Não;Não;NAO;Não;Não;Não;Não;-15.603782150551012;-56.11822012371166;65 36231000;2025-11-27
3166368;MAMO DADY IMAGEM E DIAGNOSTICO;MAMO RADY DIAGNOSTICO MATERNO INFANTIL LTDA;510340;Cuiabá;Sim;Sim;BAU;CORUMBA;MUNICIPAL;;ATENDIMENTOS NOS TURNOS DA MANHA E A TARDE;39;M;Não;Não;NAO;Não;Não;Não;Não;-15.592583839137376;-56.08993645000359;65 33220630;2025-11-27
4176782;LONGEVITTA;LONGEVITTA SERVICOS MEDICOS LTDA;510340;Cuiabá;Sim;Sim;JARDIM CUIABA;DAS FLORES;MUNICIPAL;;ATENDIMENTOS NOS TURNOS DA MANHA E A TARDE;22;M;Não;Não;NAO;Não;Não;Não;Não;-15.594962438214317;-56.116547033682544;65 36243535;2025-11-27
4198018;MEDICS SERVICOS MEDICOS;MEDICS SERVICOS MEDICOS LTDA;510340;Cuiabá;Sim;Sim;RIBEIRAO DA PONTE;MIGUEL SUTIL;MUNICIPAL;;ATENDIMENTO CONTINUO DE 24 HORAS/DIA (PLANTAO:INCLUI SABADOS, DOMINGOS E FERIADOS);36;M;Não;Não;NAO;Não;Não;Não;Não;-15.582460853822111;-56.11175130864311;65 30545544;2025-11-27
4361709;LUCI CLINICA MULTIDISCIPLINAR;CLINICA MULTIDISCIPLINAR LUCI ESPECIALIZADA EM ABA E INTERVE;510340;Cuiabá;Sim;Sim;JARDIM CUIABA;DOS CRISANTEMOS;MUNICIPAL;;ATENDIMENTOS NOS TURNOS DA MANHA E A TARDE;36;M;Não;Não;NAO;Não;Não;Não;Sim;-15.594045027180066;-56.11830468305187;65 84095366;2025-11-27
4405625;REVITALIZA CLINICA DE PSICOLOGIA INTEGRADA;REVITALIZA CLINICA DE PSICOLOGIA INTEGRADA LTDA;510340;Cuiabá;Sim;Sim;JARDIM ITALIA;ERICO GONCALVES PREZA FILHO;MUNICIPAL;;ATENDIMENTOS NOS TURNOS DA MANHA E A TARDE;22;M;Não;Não;NAO;Não;Não;Não;Não;-15.605488639291012;-56.05937922635272;65 92562120;2025-11-27
4941438;LUCILANTE;ESPACO AMANHESER SERVICOS TERAPEUTICOS LTDA;510340;Cuiabá;Sim;Sim;GOIABEIRA;CORONEL NETO;MUNICIPAL;;ATENDIMENTOS NOS TURNOS DA MANHA E A TARDE;22;M;Não;Não;NAO;Não;Não;Não;Sim;-15.605618138605339;-56.11029470701284;65 99965522;2025-11-27
5142369;MARCOS AGOSTINHO;MARCOS ANTONIO SANCHES AGOSTINHO;510340;Cuiabá;Sim;Sim;CENTRO;RUA BARAO DE MELGACO;MUNICIPAL;;ATENDIMENTOS NOS TURNOS DA MANHA E A TARDE;22;M;Não;Não;NAO;Não;Não;Não;Sim;-15.60376680834057;-56.103466287746464;65 3624-4080;2025-11-27
5177278;VALMIR APARECIDO FRANCO;VALMIR APARECIDO FRANCO;510340;Cuiabá;Sim;Sim;BOSQUE DE SAUDE;AVENIDA RUBENS DE MENDONCA;MUNICIPAL;;ATENDIMENTOS NOS TURNOS DA MANHA E A TARDE;22;M;Não;Não;NAO;Não;Não;Não;Não;-15.58136997688782;-56.07764968864128;65 3642-3756;2025-11-27
5189276;WERNHER HUND LUCAS;WERNHER HUND LUCAS;510340;Cuiabá;Sim;Sim;ARAES;RUA TENENTE EULALIO GUERRA;MUNICIPAL;;ATENDIMENTOS NOS TURNOS DA MANHA E A TARDE;22;M;Não;Não;NAO;Não;Não;Não;Não;-15.598334175538934;-56.09465250467029;65 3025-3669;2025-11-27
5189322;VERA MARIA COUTINHO TEODORIO DE OLIVEIRA;VERA MARIA COUTINHO TEODORIO DE OLIVEIRA;510340;Cuiabá;Sim;Sim;MORADA DA SERRA;RUA PERNAMBUCO;MUNICIPAL;;ATENDIMENTO SOMENTE PELA MANHA;22;M;Não;Não;NAO;Não;Não;Não;Não;-15.571207415823546;-56.119314122755895;65 3641-2022;2025-11-27
5189624;MARIA MARGARETH GADELHA;MARIA MARGARETH GADELHA;510340;Cuiabá;Sim;Sim;ARAES;RUA DESEMBARGADOR JOSE DE MESQUITA;MUNICIPAL;;ATENDIMENTO SOMENTE A TARDE;22;M;Não;Não;NAO;Não;Não;Não;Não;-15.58818457250808;-56.091771300548544;65 3321-8725;2025-11-27
5222176;ROGERIO LEITE SANTOS;ROGERIO LEITE SANTOS;510340;Cuiabá;Sim;Sim;CENTRO;AVENIDA ISAC POVOAS;MUNICIPAL;;ATENDIMENTO SOMENTE A TARDE;22;M;Não;Não;NAO;Não;Não;Não;Não;-15.59302639190164;-56.102025501459885;65 3623-5221;2025-11-27
5222257;MARIA REGINA VIEIRA ANGELO MARQUES;MARIA REGINA VIEIRA ANGELO MARQUES;510340;Cuiabá;Sim;Sim;SANTA ROSA;AVENIDA JOSE RODRIGUES DO PRADO;MUNICIPAL;;ATENDIMENTOS NOS TURNOS DA MANHA E A TARDE;22;M;Não;Não;NAO;Não;Não;Não;Não;-15.579599702017934;-56.12211982914439;65 3626-2761;2025-11-27
5222281;PAULO HENRIQUE PULCHERIO;PAULO HENRIQUE PULCHERIO;510340;Cuiabá;Sim;Sim;JARDIM MARIANA;RUA ADEL MALUF;MUNICIPAL;;ATENDIMENTOS NOS TURNOS DA MANHA E A TARDE;22;M;Não;Não;NAO;Não;Não;Não;Não;-15.578654482398756;-56.11104871346329;65 3618-8176;2025-11-27
5227275;MARLENE DE MIRANDA;MARLENE DE MIRANDA;510340;Cuiabá;Sim;Sim;JARDIM CUIABA;AV DAS FLORES;MUNICIPAL;;ATENDIMENTOS NOS TURNOS DA MANHA E A TARDE;22;M;Não;Não;NAO;Não;Não;Não;Não;-15.594904310202297;-56.11650009503778;;2025-11-27
5236096;LUCRECIA MARIA DE MELO;LUCRECIA MARIA DE MELO;510340;Cuiabá;Sim;Sim;CPA II;AVENIDA PERNAMBUCO;MUNICIPAL;;ATENDIMENTOS NOS TURNOS DA MANHA E A TARDE;22;M;Não;Não;NAO;Não;Não;Não;Não;-15.561501048346878;-56.04477487963709;65 3623-2346;2025-11-27
5256429;MARCOS BENEDITO CORREA GABRIEL;MARCOS BENEDITO CORREA GABRIEL;510340;Cuiabá;Sim;Sim;JARDIM CUIABA;AVENIDA DAS FLORES;MUNICIPAL;;ATENDIMENTO SOMENTE A TARDE;22;M;Não;Não;NAO;Não;Não;Não;Não;-15.594927728476256;-56.11660699121267;;2025-11-27
5256437;MIRELLA DE FIGUEIREDO ABREU;MIRELLA DE FIGUEIREDO ABREU;510340;Cuiabá;Sim;Sim;LIXEIRA;RUA CORUMBA;MUNICIPAL;;ATENDIMENTO SOMENTE A TARDE;22;M;Não;Não;NAO;Não;Não;Não;Não;-15.592305467187977;-56.08991700467059;65 3322-6138;2025-11-27
5267757;MARCELO BENEDITO MANSUI BUNILAI;MARCELO BENEDITO MANSUI BUNILAI;510340;Cuiabá;Sim;Sim;CENTRO;AVENIDA ISAAC POVOAS;MUNICIPAL;;ATENDIMENTOS NOS TURNOS DA MANHA E A TARDE;22;M;Não;Não;NAO;Não;Não;Não;Não;-15.596661261462026;-56.10014056813441;65 3623-5221;2025-11-27
5267765;MARIA DE LOURDES DOS SANTOS CARNEIRO;MARIA DE LOURDES DOS SANTOS CARNEIRO;510340;Cuiabá;Sim;Sim;CENTRO SUL;RUA THOGO PEREIRA DA SILVA;MUNICIPAL;;ATENDIMENTO SOMENTE PELA MANHA;22;M;Não;Não;NAO;Não;Não;Não;Não;-15.589516248812966;-56.08004711834202;65 3363-7075;2025-11-27
5270979;PEDRO ADEMAR ROCKENBACH;PEDRO ADEMAR ROCKENBACH;510340;Cuiabá;Sim;Sim;COXIPO;AVENIDA FERNANDO CORREA DA COSTA;MUNICIPAL;;ATENDIMENTOS NOS TURNOS DA MANHA E A TARDE;22;M;Não;Não;NAO;Não;Não;Não;Não;-15.628397870175963;-56.05690444113094;;2025-11-27
5270995;ROBERTO CALIX;ROBERTO CALIX;510340;Cuiabá;Sim;Sim;JARDIM CUIABA;AVENIDA DAS FLORES;MUNICIPAL;;ATENDIMENTO SOMENTE PELA MANHA;22;M;Não;Não;NAO;Não;Não;Não;Não;-15.595313744411586;-56.11360600559995;65 3623-2079;2025-11-27
5271037;RODRIGO FONSECA CAETANO;RODRIGO FONSECA CAETANO;510340;Cuiabá;Sim;Sim;CENTRO;RUA MARECHAL DEODORO;MUNICIPAL;;ATENDIMENTOS NOS TURNOS DA MANHA E A TARDE;22;M;Não;Não;NAO;Não;Não;Não;Não;-15.588209793811542;-56.09711302169088;65 3623-4020;2025-11-27
5281865;MANOEL GARIBALDI CAVALCANTE MELLO FILHO;MANOEL GARIBALDI CAVALCANTE MELLO FILHO;510340;Cuiabá;Sim;Sim;LIXEIRA;RUA CORUMBA;MUNICIPAL;;ATENDIMENTOS NOS TURNOS DA MANHA E A TARDE;22;M;Não;Não;NAO;Não;Não;Não;Não;-15.59259675662449;-56.08991901566496;65 3624-8811;2025-11-27
5283159;LUCIANA OSSI RIBEIRO;LUCIANA OSSI RIBEIRO;510340;Cuiabá;Sim;Sim;JARDIM MARIANA;RUA ADEL MALUF;MUNICIPAL;;ATENDIMENTO SOMENTE A TARDE;22;M;Não;Não;NAO;Não;Não;Não;Não;-15.587233644274743;-56.12806273365052;65 3626-3001;2025-11-27
5283248;PAULO CESAR DE FIGUEIREDO PONCE;PAULO CESAR DE FIGUEIREDO PONCE;510340;Cuiabá;Sim;Sim;LIXEIRA;RUA CORUMBA;MUNICIPAL;;ATENDIMENTO SOMENTE A TARDE;22;M;Não;Não;NAO;Não;Não;Não;Não;-15.592605152982332;-56.0899706488488;65 3321-2784;2025-11-27
5283256;REGINA COELLI PORTILHO FAVA;REGINA COELLI PORTILHO FAVA;510340;Cuiabá;Sim;Sim;JARDIM CUIABA;AVENIDA DAS FLORES;MUNICIPAL;;ATENDIMENTO SOMENTE A TARDE;22;M;Não;Não;NAO;Não;Não;Não;Não;-15.595324078264245;-56.114657429218234;65 3623-1252;2025-11-27
5295645;VALERIA FREIRE MORATELLI;VALERIA FREIRE MORATELLI;510340;Cuiabá;Sim;Sim;POCAO;RUA BELA VISTA;MUNICIPAL;;ATENDIMENTO SOMENTE A TARDE;22;M;Não;Não;NAO;Não;Não;Não;Não;-15.604631351796701;-56.0898801022217;65 3623-1782;2025-11-27
5438748;SIGA SEGURANCA INTEGRADA E GESTAO AMBIENTAL;CRISTINA CATARINA MACHADO ME;510340;Cuiabá;Sim;Sim;CENTRO NORTE;AV MATO GROSSO;MUNICIPAL;;ATENDIMENTOS NOS TURNOS DA MANHA E A TARDE;22;M;Não;Não;NAO;Não;Não;Não;Não;-15.590347213600781;-56.09528574486436;3321-0656;2025-11-27
5496799;MARCELO ADRIANO CORREA DA COSTA;MARCELO ADRIANO CORREA DA COSTA;510340;Cuiabá;Sim;Sim;LIXEIRA;RUA CORUMBA;MUNICIPAL;;ATENDIMENTOS NOS TURNOS DA MANHA E A TARDE;22;M;Não;Não;NAO;Não;Não;Não;Sim;-15.592585776759813;-56.089910298464254;36230379;2025-11-27
5605938;PLASTICA MT;PLASTICA MT SERVICOS DE CIRURGIA PLASTICA DE MATO GROSSO LTD;510340;Cuiabá;Sim;Sim;LOTEAMENTO ALPHAVILL;DAS CAVIUNAS;MUNICIPAL;;ATENDIMENTOS NOS TURNOS DA MANHA E A TARDE;22;M;Não;Não;NAO;Não;Não;Não;Sim;-15.594066136522834;-56.060260793339744;65 36234995;2025-11-27
5724643;LUCY MARIA DE OLIVEIRA FARAH;LUCY MARIA DE OLIVEIRA FARAH;510340;Cuiabá;Sim;Sim;JARDIM CUIABA;RUA DOS LIRIOS;MUNICIPAL;;ATENDIMENTOS NOS TURNOS DA MANHA E A TARDE;22;M;Não;Não;NAO;Não;Não;Não;Sim;-15.59497923075142;-56.11660470117998;;2025-11-27
5917158;THIAGO BEZERRA DA SILVA;THIAGO BEZERRA DA SILVA;510340;Cuiabá;Sim;Sim;JARDIM ACLIMACAO;AV RUBENS DE MENDONCA;MUNICIPAL;;ATENDIMENTOS NOS TURNOS DA MANHA E A TARDE;22;M;Não;Não;NAO;Não;Não;Não;Sim;-15.58126146407716;-56.07719371312679;65 3642-4365;2025-11-27
5931886;MARCOS VINICIUS ALVES BERNARDES BOTELHO;MARCOS VINICIUS ALVES BERNARDES BOTELHO;510340;Cuiabá;Sim;Sim;DUQUE DE CAXIAS;AV GENERAL NEVES;MUNICIPAL;;ATENDIMENTOS NOS TURNOS DA MANHA E A TARDE;22;M;Não;Não;NAO;Não;Não;Não;Não;-15.588480902616869;-56.11238601004127;36233980;2025-11-27
6243797;LUISA MOREIRA GOMES MONTEIRO;LUISA MOREIRA GOMES MONTEIRO;510340;Cuiabá;Sim;Sim;BOA ESPERANCA;RUA QUATRO;MUNICIPAL;;ATENDIMENTOS NOS TURNOS DA MANHA E A TARDE;22;M;Não;Não;NAO;Não;Não;Não;Sim;-15.626261703877713;-56.067702485781545;(65) 3052-1010;2025-11-27
6244777;MICHELE HANNA JORGE;MICHELE HANNA JORGE;510340;Cuiabá;Sim;Sim;COOPHAMIL;RUA MANOEL RAMOS LINO;MUNICIPAL;;ATENDIMENTOS NOS TURNOS DA MANHA E A TARDE;22;M;Não;Não;NAO;Não;Não;Não;Sim;-15.615585130934958;-56.126479702820475;3028-1491;2025-11-27
6352685;ROSANA ALVES RIBEIRO VARGAS;ROSANA ALVES RIBEIRO VARGAS;510340;Cuiabá;Sim;Sim;JD LEBLON;AV DANTE MARTINS DE OLIVEIRA;MUNICIPAL;;ATENDIMENTOS NOS TURNOS DA MANHA E A TARDE;22;M;Não;Não;NAO;Não;Não;Não;Sim;-15.5953735526981;-56.07718821616949;(65) 3653-2732;2025-11-27
6858074;UNIMED BOSQUE DA SAUDE;DIAGNOSTICOS DA AMERICA S A;510340;Cuiabá;Sim;Sim;BOSQUE DA SAUDE;ACLIMACAO;MUNICIPAL;;ATENDIMENTOS NOS TURNOS DA MANHA E A TARDE;39;M;Não;Não;NAO;Não;Não;Não;Não;-15.587714079318065;-56.07702739492094;11 41975494;2025-11-27
7427204;CASAI CUIABA;DISTRITO SANITARIO ESPECIAL INDIGENA CUIABA;510340;Cuiabá;Sim;Sim;ZONA RURAL;RODOVIA PALMIRO PAES DE BARROS SETOR DE CHACARAS;MUNICIPAL;;ATENDIMENTO CONTINUO DE 24 HORAS/DIA (PLANTAO:INCLUI SABADOS, DOMINGOS E FERIADOS);72;M;Não;Não;NAO;Não;Não;Não;Sim;-15.740290270694302;-56.05897510590743;(65)40429993;2025-11-27
7477198;MHM FONOAUDIOLOGIA;M H M DE MENDONCA ME;510340;Cuiabá;Sim;Sim;JD MARIANA;RUA ADEL MALUF;MUNICIPAL;;ATENDIMENTOS NOS TURNOS DA MANHA E A TARDE;22;M;Não;Não;NAO;Não;Não;Não;Não;-15.579087490526659;-56.11091056813921;65 3621-8537;2025-11-27
7577494;SERGIO ISSAO YAMADA;SERGIO ISSAO YAMADA;510340;Cuiabá;Sim;Sim;CIDADE ALTA;AV AGRICOLA PAES DE BARROS;MUNICIPAL;;ATENDIMENTOS NOS TURNOS DA MANHA E A TARDE;22;M;Não;Não;NAO;Não;Não;Não;Sim;-15.607465653908491;-56.11928146234147;3627-4471;2025-11-27
9347186;UROPLASTIC SS LTDA EPP;UROPLASTIC S S LTDA EPP;510340;Cuiabá;Sim;Sim;JARDIM CUIABA;DAS FLORES;MUNICIPAL;;ATENDIMENTOS NOS TURNOS DA MANHA E A TARDE;36;M;Não;Não;NAO;Não;Não;Não;Não;-15.594576707232209;-56.11808680131319;65 81756444;2025-11-27
9772715;SKOPIEN;SKOPIA SERVICOS MEDICOS LTDA;510340;Cuiabá;Sim;Sim;CENTRO SUL;TENENTE THOGO DA SILVA PEREIRA;MUNICIPAL;;ATENDIMENTOS NOS TURNOS DA MANHA E A TARDE;22;M;Não;Não;NAO;Não;Não;Não;Sim;-15.603606471677399;-56.102653781699665;65 30287328;2025-11-27
9828265;LUIZ FERNANDO LOPES DE ALMEIDA MOLINA;LUIZ FERNANDO LOPES DE ALMEIDA MOLINA;510340;Cuiabá;Sim;Sim;BOSQUE DA SAUDE;RUA DA CEREJA;MUNICIPAL;;ATENDIMENTOS NOS TURNOS DA MANHA E A TARDE;22;M;Não;Não;NAO;Não;Não;Não;Sim;-15.58921257333578;-56.079282021490705;65-33596531;2025-11-27
9912657;RADIUS DIAGNOSTICOS POR IMAGEM;RADIUS DIAGNOSTICOS POR IMAGEM LTDA;510340;Cuiabá;Sim;Sim;JARDIM ACLIMACAO;HISTORIADOR RUBENS DE MENDONCA;MUNICIPAL;;ATENDIMENTOS NOS TURNOS DA MANHA E A TARDE;39;M;Não;Não;NAO;Não;Não;Não;Sim;-15.58128632951173;-56.07667700518195;65 36249586;2025-11-27
2470993;CENTRO DE ESPECIALIDADES MEDICAS DO PLANALTO;PREFEITURA MUNICIPAL DE CUIABA;510340;Cuiabá;Sim;Sim;CARUMBE;AV DOS TRABALHADORES;MUNICIPAL;;ATENDIMENTOS NOS TURNOS DA MANHA E A TARDE;36;M;Não;Não;NAO;Não;Não;Não;Sim;-15.602678393067464;-56.13006885905694;63171415/361714;2026-02-14
2471019;POLICLINICA VERDAO;PREFEITURA MUNICIPAL DE CUIABA;510340;Cuiabá;Sim;Sim;VERDAO;AV AGRICOLA PAES DE BARROS;MUNICIPAL;;ATENDIMENTO CONTINUO DE 24 HORAS/DIA (PLANTAO:INCLUI SABADOS, DOMINGOS E FERIADOS);4;M;Não;Não;SIM;Não;Não;Não;Sim;-15.596;-56.097;(65) 3617-1459;2026-02-14
7212445;SAUDE DIGITAL MATO GROSSO;SECRETARIA ESTADUAL DE SAUDE DE MATO GROSSO;510340;Cuiabá;Sim;Sim;QUILOMBO;RUA ESTEVAO DE MENDONCA;ESTADUAL;;ATENDIMENTOS NOS TURNOS DA MANHA E A TARDE;75;E;Não;Não;SIM;Não;Não;Não;Não;-15.56897031639589;-56.071064472198486;65-3613-2310;2026-02-14
7775148;UTI H BENTO;H BENTO UNIDADE DE TERAPIA INTENSIVA LTDA;510340;Cuiabá;Sim;Sim;DOM AQUINO;DOM AQUINO;MUNICIPAL;;ATENDIMENTO CONTINUO DE 24 HORAS/DIA (PLANTAO:INCLUI SABADOS, DOMINGOS E FERIADOS);5;M;Não;Sim;NAO;Não;Não;Não;Sim;-15.6037759;-56.09679779765301;65 21294891;2026-03-10
8103240;CLINITRAN ESPECIALISTA EM PSICOLOGIA DE TRAFEGO;CLINITRAN ESPECIALISTA EM PSICOLOGIA DE TRAFEGO LTDA;510340;Cuiabá;Sim;Sim;JARDIM PETROPOLIS;TANCREDO DE ALMEIDA NEVES;MUNICIPAL;;ATENDIMENTOS NOS TURNOS DA MANHA E A TARDE;22;M;Não;Não;NAO;Não;Não;Não;Não;-15.617385918831623;-56.07618408752012;65 93492326;2026-02-14
8103283;CENTRO ODONTOLOGICO AUBE;CENTRO ODONTOLOGICO AUBE LTDA;510340;Cuiabá;Sim;Sim;CENTRO NORTE;JOAQUIM MURTINHO;MUNICIPAL;;ATENDIMENTOS NOS TURNOS DA MANHA E A TARDE;22;M;Não;Não;NAO;Não;Não;Não;Sim;-15.599389976811647;-56.09836122398532;65 33591488;2026-02-14
8119171;INTEGRATUM SAUDE;INTEGRATUM SAUDE LTDA;510340;Cuiabá;Sim;Sim;CIDADE ALTA;PROFESSOR RANULFO PAES DE BARROS;MUNICIPAL;;ATENDIMENTOS NOS TURNOS DA MANHA E A TARDE;36;M;Não;Não;NAO;Não;Não;Não;Sim;-15.603813150816467;-56.118230852547285;65 99542183;2026-02-14
8119228;CLINICA AVANCA KIDS;CLINICA AVANCA KIDS LTDA;510340;Cuiabá;Sim;Sim;BOA ESPERANCA;NOVE;MUNICIPAL;;ATENDIMENTOS NOS TURNOS DA MANHA E A TARDE;22;M;Não;Não;NAO;Não;Não;Não;Não;-15.61207440879069;-56.05705237724418;65 96638245;2026-02-14
8119627;INSTITUTO VIDAH;C C R DA PAIXAO LTDA;510340;Cuiabá;Sim;Sim;JARDIM DAS AMERICAS;MONTEVIDEU;MUNICIPAL;;ATENDIMENTOS NOS TURNOS DA MANHA E A TARDE;22;M;Não;Não;NAO;Não;Não;Não;Não;-15.609283319849018;-56.07256944912188;65 96982210;2026-02-14
8119880;GISLAYNE RODRIGUES DAS NEVES FRAGERI;GISLAYNE RODRIGUES DAS NEVES FRAGERI;510340;Cuiabá;Sim;Sim;GOIABEIRAS;RUA BRIGADEIRO EDUARDO GOMES;MUNICIPAL;;ATENDIMENTOS NOS TURNOS DA MANHA E A TARDE;22;M;Não;Não;NAO;Não;Não;Não;Não;-15.594423512513021;-56.104692409463574;65992246977;2026-02-14
8125236;CLINICA DR JOAO AUGUSTO MESSIAS;CLINICA DR JOAO AUGUSTO MESSIAS LTDA;510340;Cuiabá;Sim;Sim;JARDIM ACLIMACAO;HISTORIADOR RUBENS DE MENDONCA;MUNICIPAL;;ATENDIMENTOS NOS TURNOS DA MANHA E A TARDE;22;M;Não;Não;NAO;Não;Não;Não;Não;-15.581017630798774;-56.07675210702033;65 30287328;2026-02-14
8125368;INERVA SERVICOS MEDICOS;INERVA SERVICOS MEDICOS LTDA;510340;Cuiabá;Sim;Sim;JARDIM MARIANA;ADEL MALUF RES SAO JOSE;MUNICIPAL;;ATENDIMENTOS NOS TURNOS DA MANHA E A TARDE;22;M;Não;Não;NAO;Não;Não;Não;Não;-15.579106076489886;-56.11118020864332;65 99191008;2026-02-14
8125406;SPAZZIO CORPUS;SPAZZIO CORPUS PRESTACAO DE SERVICO LTDA;510340;Cuiabá;Sim;Sim;BAU;BOSQUE DA SAUDE;MUNICIPAL;;ATENDIMENTOS NOS TURNOS DA MANHA E A TARDE;39;M;Não;Não;NAO;Não;Não;Não;Não;-15.58379060394274;-56.07096109248642;65 81155700;2026-07-21
8129681;BARRETO SERVICOS MEDICOS;BARRETO SERVICOS MEDICOS LTDA;510340;Cuiabá;Sim;Sim;JARDIM CUIABA;DAS FLORES;MUNICIPAL;;ATENDIMENTOS NOS TURNOS DA MANHA E A TARDE;22;M;Não;Não;NAO;Não;Não;Não;Não;-15.594569705933422;-56.11663153724893;65 30287328;2026-02-14
8129711;DGM ASSISTENCIA MEDICA;DGM ASSISTENCIA MEDICA LTDA;510340;Cuiabá;Sim;Sim;JARDIM ACLIMACAO;HISTORIADOR RUBENS DE MENDONCA;MUNICIPAL;;ATENDIMENTOS NOS TURNOS DA MANHA E A TARDE;22;M;Não;Não;NAO;Não;Não;Não;Não;-15.580757529887041;-56.07686142713978;65 30238600;2026-02-14
8129886;AC DOURADO SERVICOS MEDICOS;AC DOURADO SERVICOS MEDICOS LTDA;510340;Cuiabá;Sim;Sim;BOA ESPERANCA;VINTE E OITO;MUNICIPAL;;ATENDIMENTOS NOS TURNOS DA MANHA E A TARDE;22;M;Não;Não;NAO;Não;Não;Não;Não;-15.607340899342686;-56.05524004629587;65 36231000;2026-02-14
9419128;HISMET;HISMET HIGIENE SEGURANCA E MEDICINA DO TRABALHO LTDA;510340;Cuiabá;Sim;Sim;CENTRO;GENERAL MELLO;MUNICIPAL;;ATENDIMENTOS NOS TURNOS DA MANHA E A TARDE;22;M;Não;Não;NAO;Não;Não;Não;Não;-15.608741742878484;-56.08902446909748;65 33217051;2026-02-14
9578307;CLINICA ALESSANDRA PINHEIRO;ALPIN SERVICOS DE GINECOLOGIA E OBSTETRICIA LTDA;510340;Cuiabá;Sim;Sim;SANTA ROSA;RUSSIA;MUNICIPAL;;ATENDIMENTOS NOS TURNOS DA MANHA E A TARDE;22;M;Não;Não;NAO;Não;Não;Não;Não;-15.583676053800156;-56.1211811204901;65 30287328;2026-03-03
9334696;IMAGGI;IMAGGI CLINICA DE RADIOLOGIA E DIAGNOSTICO POR IMAGEM LTDA;510340;Cuiabá;Sim;Sim;DOM AQUINO;GENERAL MELLO;MUNICIPAL;;ATENDIMENTOS NOS TURNOS DA MANHA E A TARDE;36;M;Não;Não;NAO;Não;Não;Não;Sim;-15.609196401975813;-56.08668558292914;65 36235602;2026-03-10
8135452;RAFAELA ARAUJO;RP SERVICOS MEDICOS LTDA;510340;Cuiabá;Sim;Sim;DUQUE DE CAXIAS;SENADOR FILINTO MULLER;MUNICIPAL;;ATENDIMENTOS NOS TURNOS DA MANHA E A TARDE;22;M;Não;Não;NAO;Não;Não;Não;Não;-15.587847416408378;-56.10533336049263;27 99080507;2026-03-17
8135460;L A B D E P R OT E S E D E N T A R I A RONDON;LABORATORIO DE PROTESE DENTARIA RONDON LTDA;510340;Cuiabá;Sim;Sim;ALVORADA;C 1;MUNICIPAL;;ATENDIMENTOS NOS TURNOS DA MANHA E A TARDE;36;M;Não;Não;NAO;Não;Não;Não;Não;-15.576852984372863;-56.0833686255906;65 92104440;2026-03-17
8145512;CUIDAR E FLORIR CLINICA DE PSICOLOGIA;CLINICA DE PSICOLOGIA CUIDAR E FLORIR LTDA;510340;Cuiabá;Sim;Sim;SANTA CRUZ;OLAVO BILAC;MUNICIPAL;;ATENDIMENTOS NOS TURNOS DA MANHA E A TARDE;22;M;Não;Não;NAO;Não;Não;Não;Não;-15.608576634884846;-56.04768312697128;65 99333832;2026-03-17
8145571;AMALU CENTRO DE DESENVOLVIMENTO HUMANO;AMALU PSICOLOGIA PSICANALISE E FONOAUDIOLOGIA LTDA;510340;Cuiabá;Sim;Sim;CENTRO SUL;BARAO DE MELGACO;MUNICIPAL;;ATENDIMENTOS NOS TURNOS DA MANHA E A TARDE;22;M;Não;Não;NAO;Não;Não;Não;Não;-15.60323765330369;-56.10359766265826;65 99245731;2026-03-17
8149070;JAQUELINE ROCHA PSICOLOGA;JAQUELINE CORREA ROCHA LTDA;510340;Cuiabá;Sim;Sim;JARDIM DAS AMERICAS;NASSAU;MUNICIPAL;;ATENDIMENTOS NOS TURNOS DA MANHA E A TARDE;22;M;Não;Não;NAO;Não;Não;Não;Sim;-15.604560967684016;-56.067891381656494;65 93574498;2026-03-17
8149089;A FERREIRA PSICANALISTA;AMARILDO FERREIRA PSICOLOGIA CLINICA E PSICANALISE LTDA;510340;Cuiabá;Sim;Sim;POPULAR;SENADOR FILINTO MULLER;MUNICIPAL;;ATENDIMENTOS NOS TURNOS DA MANHA E A TARDE;22;M;Não;Não;NAO;Não;Não;Não;Não;-15.5908057808342;-56.10739270498843;65 93088321;2026-03-17
8149143;LUMINAE ALTA PERFORMANCE EM SAUDE;LUMINAE ALTA PERFORMANCE EM SAUDE LTDA;510340;Cuiabá;Sim;Sim;JARDIM DAS AMERICAS;BUENOS AIRES;MUNICIPAL;;ATENDIMENTOS NOS TURNOS DA MANHA E A TARDE;22;M;Não;Não;NAO;Não;Não;Não;Não;-15.608244494287202;-56.074761203136724;65 30287328;2026-03-17
8163618;CENTRAL ESTADUAL DE REDE DE FRIO DE MATO GROSSO;CENTRAL ESTADUAL DE REDE DE FRIO DE MATO GROSSO;510340;Cuiabá;Sim;Sim;COOPHEMA;AVENIDA ANTONIO DORILEO;ESTADUAL;;ATENDIMENTOS NOS TURNOS DA MANHA E A TARDE;84;E;Não;Não;SIM;Não;Não;Não;Não;-15.634040597772279;-56.06180548667908;;2026-03-17
1150537;INSTITUTO MATUOKA LTDA;INSTITUTO MATUOKA LTDA CNPJ13018385000247;510340;Cuiabá;Sim;Sim;JARDIM DAS AMERICAS;AVENIDA BRASILIA;MUNICIPAL;;ATENDIMENTOS NOS TURNOS DA MANHA E A TARDE;22;M;Não;Não;NAO;Não;Não;Não;Não;-15.610286188651287;-56.071343421936035;(11) 5083-3306;2026-04-16
8172897;DROGARIA REFARMA;DROGARIA REFARMA LTDA;510340;Cuiabá;Sim;Sim;PARQUE CUIABA;CINCO;MUNICIPAL;;ATENDIMENTOS NOS TURNOS DA MANHA E A TARDE;22;M;Não;Não;NAO;Não;Não;Não;Não;-15.663559728360578;-56.04108354570174;65 92686271;2026-04-16
8172900;CLINICA AMBIENTOTERAPIA;CLINICA AMBIENTOTERAPIA ESPECIALIZADA EM ABA DENVER E NEUROM;510340;Cuiabá;Sim;Sim;JARDIM CUIABA;DOS CRISANTEMOS;MUNICIPAL;;ATENDIMENTOS NOS TURNOS DA MANHA E A TARDE;36;M;Não;Não;NAO;Não;Não;Não;Sim;-15.593860308407338;-56.11821013535557;65 99681110;2026-04-16
8172927;SOLLIEVO UND2;ILZA DE ANDRADE CARVALHO;510340;Cuiabá;Sim;Sim;JARDIM DAS AMERICAS;BRASILIA;MUNICIPAL;;ATENDIMENTOS NOS TURNOS DA MANHA E A TARDE;22;M;Não;Não;NAO;Não;Não;Não;Não;-15.61124033075195;-56.073469488758306;65 92805592;2026-04-16
8195889;FLORESCER ESPECIALIDADES PEDIATRICAS;FLORESCER ESPECIALIDADES PEDIATRICAS LTDA;510340;Cuiabá;Sim;Sim;CENTRO NORTE;VINTE E QUATRO DE OUTUBRO;MUNICIPAL;;ATENDIMENTOS NOS TURNOS DA MANHA E A TARDE;22;M;Não;Não;NAO;Não;Não;Não;Não;-15.595285511535431;-56.099836059242094;65 36235729;2026-04-16
8195897;DRA GIOVANNA MARCHEZINE;GIOVANNA MARCHEZINE REZENDE LTDA;510340;Cuiabá;Sim;Sim;LIXEIRA;CORONEL CARACIOLO DE MELO;MUNICIPAL;;ATENDIMENTOS NOS TURNOS DA MANHA E A TARDE;22;M;Não;Não;NAO;Não;Não;Não;Não;-15.593912274541315;-56.08508510651997;65 99830025;2026-04-16
8195919;REABILITARE CONSULTORIO DE FISIOTERAPIA;M A AUDERO;510340;Cuiabá;Sim;Sim;DOM AQUINO;FENELON MULLER;MUNICIPAL;;ATENDIMENTOS NOS TURNOS DA MANHA E A TARDE;22;M;Não;Não;NAO;Não;Não;Não;Não;-15.612112791966807;-56.09189189546518;65 92312437;2026-04-16
8195927;ANA CLAUDIA ALVES PSICOLOGA;ANA CLAUDIA ALVES LTDA;510340;Cuiabá;Sim;Sim;JARDIM DAS AMERICAS;BOGOTA;MUNICIPAL;;ATENDIMENTOS NOS TURNOS DA MANHA E A TARDE;22;M;Não;Não;NAO;Não;Não;Não;Sim;-15.605381941321546;-56.073898756836094;65 92243005;2026-04-16
5313961;MT HEMOCENTRO UNIDADE MOVEL II;SECRETARIA ESTADUAL DE SAUDE DE MATO GROSSO;510340;Cuiabá;Sim;Sim;CENTRO SUL;RUA 13 DE JUNHO;ESTADUAL;;ATENDIMENTOS NOS TURNOS DA MANHA E A TARDE;40;E;Não;Não;NAO;Não;Não;Não;Não;-15.6149841;-56.1098252;6536230044;2026-04-30
5313988;MT HEMOCENTRO UNIDADE MOVEL III;SECRETARIA ESTADUAL DE SAUDE DE MATO GROSSO;510340;Cuiabá;Sim;Sim;CENTRO SUL;RUA 13 DE JUNHO;ESTADUAL;;ATENDIMENTO NOS TURNOS DA MANHA, TARDE E NOITE;40;E;Não;Não;NAO;Não;Não;Não;Não;-15.6149841;-56.1098252;6536230044;2026-04-30
640557;E R PARANAGUA SERRA;E R PARANAGUA SERRA;510340;Cuiabá;Sim;Sim;BAU;H;MUNICIPAL;;ATENDIMENTOS NOS TURNOS DA MANHA E A TARDE;36;M;Não;Não;NAO;Não;Não;Não;Não;-15.589890632135033;-56.08321686636668;65 36220220;2025-10-17
640565;OLIVEIRA;SAUDABILE EMAGRECIMENTO E LONGEVIDADE LTDA;510340;Cuiabá;Sim;Sim;BOSQUE DA SAUDE;HISTORIADOR RUBENS DE MENDONCA;MUNICIPAL;;ATENDIMENTOS NOS TURNOS DA MANHA E A TARDE;36;M;Não;Não;NAO;Não;Não;Não;Não;-15.5814371511821;-56.077472688740805;65 30287328;2025-11-13
640581;HORIE ODONTO FAMILY;HORIE ODONTO FAMILY LTDA;510340;Cuiabá;Sim;Sim;CIDADE ALTA;DOUTOR HUMBERTO MARCILIO;MUNICIPAL;;ATENDIMENTOS NOS TURNOS DA MANHA E A TARDE;36;M;Não;Não;NAO;Não;Não;Não;Sim;-15.609616603842941;-56.126256382354015;65 30524215;2025-09-03
640638;CORINA CARLOTTO FISIOTERAPIA;CORINA A CARLOTTO FISIOTERAPIA;510340;Cuiabá;Sim;Sim;JARDIM CUIABA;DAS BEGONIAS;MUNICIPAL;;ATENDIMENTOS NOS TURNOS DA MANHA E A TARDE;36;M;Não;Não;NAO;Não;Não;Não;Não;-15.639042;-56.0111739;65 33220083;2025-09-03
640646;HANDS CLIN CIRURGIOES DA MAO E ORTOPEDIA;HANDS CLINICA DE CIRURGIA DE MAO E ORTOPEDIA LTDA;510340;Cuiabá;Sim;Sim;ARAES;GAGO COUTINHO;MUNICIPAL;;ATENDIMENTOS NOS TURNOS DA MANHA E A TARDE;36;M;Não;Não;NAO;Não;Não;Não;Sim;-15.590957580592729;-56.09070962298829;65 00000001;2025-09-03
640654;INTIMUS VITALLE;INTIMUS VITALLE ATIVIDADES MEDICAS LTDA;510340;Cuiabá;Sim;Sim;QUILOMBO;PRESIDENTE CASTELO BRANCO;MUNICIPAL;;ATENDIMENTOS NOS TURNOS DA MANHA E A TARDE;36;M;Não;Não;NAO;Não;Não;Não;Não;-15.589899133234395;-56.10310760828798;65 81346216;2025-09-03
640670;CARLOS AUGUSTO COSTA MARQUES;CARLOS AUGUSTO COSTA MARQUES;510340;Cuiabá;Sim;Sim;JARDIM MARIANA;MIGUEL SUTIL;MUNICIPAL;;ATENDIMENTOS NOS TURNOS DA MANHA E A TARDE;36;M;Não;Não;NAO;Não;Não;Não;Não;-15.5749016;-56.1038232;65 30522033;2025-09-03
640697;JOAO MARCELO GONCALO APARECIDO BARACAT DE ALMEIDA;JOAO MARCELO GONCALO APARECIDO BARACAT DE ALMEIDA;510340;Cuiabá;Sim;Sim;JARDIM CUIABA 510340;AV DAS FLORES;MUNICIPAL;;ATENDIMENTOS NOS TURNOS DA MANHA E A TARDE;22;M;Não;Não;NAO;Não;Não;Não;Sim;-15.595168469587067;-56.116547703768084;;2025-11-04
640719;FISIOATIVA;FISIOATIVA LTDA;510340;Cuiabá;Sim;Sim;ALVORADA;PROFESSOR LIDIO MODESTO DA SILVA;MUNICIPAL;;ATENDIMENTOS NOS TURNOS DA MANHA E A TARDE;36;M;Não;Não;NAO;Não;Não;Não;Sim;-15.579539793872078;-56.07744066141746;65 30282520;2025-10-17
640727;VITAL KIDS;VITAL KIDS FISIOTERAPIA LTDA;510340;Cuiabá;Sim;Sim;SANTA ROSA;PORTUGAL;MUNICIPAL;;ATENDIMENTOS NOS TURNOS DA MANHA E A TARDE;36;M;Não;Não;NAO;Não;Não;Não;Sim;-15.55719;-56.0807132;65 36246067;2025-09-03
640735;PERICIAS MEDICAS CUIABA;PERICIAS MEDICAS MATO GROSSO LTDA;510340;Cuiabá;Sim;Sim;JARDIM DAS AMERICAS;FERNANDO CORREA DA COSTA;MUNICIPAL;;ATENDIMENTOS NOS TURNOS DA MANHA E A TARDE;36;M;Não;Não;NAO;Não;Não;Não;Não;-15.608605152751167;-56.079482360994035;65 36273786;2025-11-27
640743;SEDEME SERV ESPECIALIZADO EM DERMAT E MED ESTETICA;SEDEME SERVICOS ESPECIALIZADOS EM DERMATOLOGIA E MEDICINA ES;510340;Cuiabá;Sim;Sim;POPULAR;ESTEVAO DE MENDONCA;MUNICIPAL;;ATENDIMENTOS NOS TURNOS DA MANHA E A TARDE;36;M;Não;Não;NAO;Não;Não;Não;Sim;-15.5957402;-56.1096959;65 33228501;2025-09-03
640751;SPADONI ORTODONTIA;C M SPADONI CLINICA ODONTOLOGICA;510340;Cuiabá;Sim;Sim;JARDIM DAS AMERICAS;BUENOS AIRES;MUNICIPAL;;ATENDIMENTOS NOS TURNOS DA MANHA E A TARDE;36;M;Não;Não;NAO;Não;Não;Não;Sim;-15.6071643;-56.0764734;65 96242677;2025-09-03
640778;ODONTOLOGIA PRADO;EMPRESA DE ODONTOLOGIA PRADO EIRELI;510340;Cuiabá;Sim;Sim;BAU;ESMERALDA;MUNICIPAL;;ATENDIMENTOS NOS TURNOS DA MANHA E A TARDE;36;M;Não;Não;NAO;Não;Não;Não;Sim;-15.6784668;-56.1646146;65 36423880;2025-09-03
640794;ROYALDENT CLINICA ODONTOLOGICA;ROYALDENT CLINICA ODONTOLOGICA LTDA;510340;Cuiabá;Sim;Sim;CENTRO NORTE;PEDRO CELESTINO;MUNICIPAL;;ATENDIMENTOS NOS TURNOS DA MANHA E A TARDE;36;M;Não;Não;NAO;Não;Não;Não;Não;-15.6111535;-56.0589281;65 36231000;2025-09-03
640921;FARMACIA PAGUE MENOS;EMPREENDIMENTOS PAGUE MENOS S A;510340;Cuiabá;Sim;Sim;BOA ESPERANCA;FERNANDO CORREA DA COSTA;MUNICIPAL;;ATENDIMENTO CONTINUO DE 24 HORAS/DIA (PLANTAO:INCLUI SABADOS, DOMINGOS E FERIADOS);43;M;Não;Não;NAO;Não;Não;Não;Sim;-15.616961621774816;-56.069902875503146;65 33216340;2025-09-03
640964;FARMACIAS PAGUE MENOS S A;EMPREENDIMENTOS PAGUE MENOS S A;510340;Cuiabá;Sim;Sim;BAU;HISTORIADOR RUBENS DE MEDONCA;MUNICIPAL;;ATENDIMENTO CONTINUO DE 24 HORAS/DIA (PLANTAO:INCLUI SABADOS, DOMINGOS E FERIADOS);43;M;Não;Não;NAO;Não;Não;Não;Sim;-15.590012286965667;-56.08579777765715;85 32555503;2025-10-17
640972;BIOLOGICA FARMACIA DE MANIPULACAO;BIOLOGICA COMERCIO E MANIPULACAO DE MEDICAMENTOS LTDA;510340;Cuiabá;Sim;Sim;DOM AQUINO;GENERAL MELLO;MUNICIPAL;;ATENDIMENTOS NOS TURNOS DA MANHA E A TARDE;43;M;Não;Não;NAO;Não;Não;Não;Sim;-15.603653672163668;-56.09405353272858;65 33195000;2025-09-03
640980;DROGARIA VAREJAO DOS REMEDIOS;DROGARIA SOUZA LTDA;510340;Cuiabá;Sim;Sim;OSMAR CABRAL;01;MUNICIPAL;;ATENDIMENTO NOS TURNOS DA MANHA, TARDE E NOITE;43;M;Não;Não;NAO;Não;Não;Não;Sim;-15.6541262;-55.98485443574448;065 6213323;2025-09-03
641014;VITALE;MONIZ FIGUEIRA CIA LTDA;510340;Cuiabá;Sim;Sim;CENTRO NORTE;MATO GROSSO;MUNICIPAL;;ATENDIMENTOS NOS TURNOS DA MANHA E A TARDE;36;M;Não;Não;NAO;Não;Não;Não;Sim;-15.5986686;-56.0991301;65 33223430;2025-09-03
641022;DROGARIA VAREJAO DOS REMEDIOS;DIVINO FERREIRA DE SOUZA;510340;Cuiabá;Sim;Sim;CENTRO NORTE;JOAQUIM MURTINHO;MUNICIPAL;;ATENDIMENTO NOS TURNOS DA MANHA, TARDE E NOITE;43;M;Não;Não;NAO;Não;Não;Não;Sim;-16.2589672;-56.6261718;65 21293880;2025-09-03
641030;FORMULA CERTA;FORMULA CERTA COMERCIO E MANIPULACAO DE MEDICAMENTOS LTDA;510340;Cuiabá;Sim;Sim;POPULAR;SAO SEBASTIAO;MUNICIPAL;;ATENDIMENTOS NOS TURNOS DA MANHA E A TARDE;43;M;Não;Não;NAO;Não;Não;Não;Sim;-15.593798186448597;-56.10453004421028;65 36242774;2025-09-03
641049;DROGARIA ATIVA;S K COMERCIO DE MEDICAMENTOS LTDA;510340;Cuiabá;Sim;Sim;BOSQUE DA SAUDE;ACLIMACAO;MUNICIPAL;;ATENDIMENTOS NOS TURNOS DA MANHA E A TARDE;43;M;Não;Não;NAO;Não;Não;Não;Sim;-15.586630272200932;-56.07806457600345;65 30251010;2025-10-17
641057;DROGARIA VIDA POPULAR;DROGARIA PEDRA NOVENTA LTDA;510340;Cuiabá;Sim;Sim;PEDRA 90;NEWTON RABELLO DE CASTRO;MUNICIPAL;;ATENDIMENTO NOS TURNOS DA MANHA, TARDE E NOITE;43;M;Não;Não;NAO;Não;Não;Não;Sim;-15.632583109827332;-55.95447106125422;65 30527102;2025-11-27
641065;FARMAFORMULA;PHARMA LINDA FARMACIA DE MANIPULACAO LTDA;510340;Cuiabá;Sim;Sim;QUILOMBO;ESTEVAO DE MENDONCA;MUNICIPAL;;ATENDIMENTOS NOS TURNOS DA MANHA E A TARDE;43;M;Não;Não;NAO;Não;Não;Não;Sim;-15.5857449;-56.101867;;2025-09-03
648299;TRANSITAR AVALIACAO PSICOLOGICA;TRANSITAR AVALIACAO PSICOLOGICA LTDA;510340;Cuiabá;Sim;Sim;JARDIM DAS AMERICAS;AV FERNANDO CORREA DA COSTA;MUNICIPAL;;ATENDIMENTOS NOS TURNOS DA MANHA E A TARDE;36;M;Não;Não;NAO;Não;Não;Não;Não;-15.6121902;-56.0755823;;2025-09-03
648329;ESPACO VITALLE;SANDRA CASTALDELI ALVES DE BARROS;510340;Cuiabá;Sim;Sim;DUQUE DE CAXIAS;ALMIRANTE HENRIQUE PINHEIRO GUEDES;MUNICIPAL;;ATENDIMENTOS NOS TURNOS DA MANHA E A TARDE;36;M;Não;Não;NAO;Não;Não;Não;Não;-15.588188635028438;-56.1152208596124;65 96270420;2026-02-03
648981;AMO CLINICA DE ASSISTENCIA MEDICA ODON;ELIBELREGINNA DE SIQUEIRA CARVALHO;510340;Cuiabá;Sim;Sim;BANDEIRANTES;RUA MANOEL GARCIA VELHO;MUNICIPAL;;ATENDIMENTOS NOS TURNOS DA MANHA E A TARDE;22;M;Não;Não;NAO;Não;Não;Não;Sim;-15.600754039151218;-56.09175774760131;65 3624-8789;2025-09-03
649007;UROCLINICA;UROMED SERVICOS MEDICOS LTDA;510340;Cuiabá;Sim;Sim;JARDIM CUIABA;RUA DAS ORQUIDEAS;MUNICIPAL;;ATENDIMENTOS NOS TURNOS DA MANHA E A TARDE;36;M;Não;Não;NAO;Não;Não;Não;Sim;-15.5685891;-56.1263162;;2025-09-03
649058;HELP DENTE;CLINICA ODONTOLOGICA HELP DENTE LTDA;510340;Cuiabá;Sim;Sim;BANDEIRANTES;TENENTE CORONEL DUARTE;MUNICIPAL;;ATENDIMENTOS NOS TURNOS DA MANHA E A TARDE;36;M;Não;Não;NAO;Não;Não;Não;Sim;-15.599712007502525;-56.09528234689035;65 30551870;2025-11-04
649066;DROGA GERAL;PAULA PINTO CALIL EIRELI;510340;Cuiabá;Sim;Sim;CENTRO SUL;TENENTE THOGO DA SILVA PEREIRA;MUNICIPAL;;ATENDIMENTOS NOS TURNOS DA MANHA E A TARDE;43;M;Não;Não;NAO;Não;Não;Não;Sim;-15.604602098957438;-56.101292528889864;065 3242900;2025-10-17
4673964;SAMU 192 CUIABA USB GMAU 01 MOTO 2;SECRETARIA ESTADUAL DE SAUDE DE MATO GROSSO;510340;Cuiabá;Sim;Sim;CENTRO SUL;AVENIDA PRAINHA;ESTADUAL;;ATENDIMENTOS NOS TURNOS DA MANHA E A TARDE;42;E;;Não;NAO;;;;Sim;-15.582369433203176;-56.082560420036316;(65) 3317-3200;2026-06-02
7103085;SAMU 192 CUIABA USB MOTO NJT2773;SECRETARIA ESTADUAL DE SAUDE DE MATO GROSSO;510340;Cuiabá;Sim;Sim;CENTRO SUL;AVENIDA PRAINHA;ESTADUAL;;ATENDIMENTOS NOS TURNOS DA MANHA E A TARDE;42;E;;Não;NAO;;;;Sim;-15.582364265952824;-56.08267307281494;(65) 3317-3200;2026-06-11
7103093;SAMU 192 CUIABA USB MOTO NJT2823;SECRETARIA ESTADUAL DE SAUDE DE MATO GROSSO;510340;Cuiabá;Sim;Sim;CENTRO SUL;AVENIDA PRAINHA;ESTADUAL;;ATENDIMENTOS NOS TURNOS DA MANHA E A TARDE;42;E;;Não;NAO;;;;Sim;-15.582302258938325;-56.0826301574707;(65) 3317-3200;2026-06-11
1161962;AUTO ESCOLA DORADO;AUTO ESCOLA DORADO LTDA CNPJ 05207890000120;510340;Cuiabá;Sim;Sim;LIXEIRA;AVENIDA CORONEL ESCOLASTICO 525;MUNICIPAL;;ATENDIMENTOS NOS TURNOS DA MANHA E A TARDE;22;M;Não;Não;NAO;Não;Não;Não;Não;-15.570231203794648;-56.07396125793457;(65) 3624-0042;2026-06-16
1162497;CAIO HENRIQUE GONCALVES PIOVAN;CAIO HENRIQUE GONCALVES PIOVAN CNPJ 58210434000104;510340;Cuiabá;Sim;Sim;JARDIM ACLIMACAO;RUA G 42;MUNICIPAL;;ATENDIMENTOS NOS TURNOS DA MANHA E A TARDE;22;M;Não;Não;NAO;Não;Não;Não;Não;-15.570458576109303;-56.074090003967285;(11) 3758-2026;2026-06-16
6652891;ICTUS CORDIS;GAMA CENTRO DE DIAGNOSTICO E TRATAMENTO DE DOENCAS CARDIOV;510340;Cuiabá;Sim;Sim;BOSQUE DA SAUDE;ACLIMACAO;MUNICIPAL;;ATENDIMENTOS NOS TURNOS DA MANHA E A TARDE;36;M;Não;Não;NAO;Não;Não;Não;Não;-15.58929150887981;-56.07570942355897;65 81418383;2026-06-16
8317755;VANESSA BRITTO ZAFRA;VANESSA BRITTO ZAFRA;510340;Cuiabá;Sim;Sim;JARDIM CUIABA;DAS ORQUIDEAS;MUNICIPAL;;ATENDIMENTOS NOS TURNOS DA MANHA E A TARDE;22;M;Não;Não;NAO;Não;Não;Não;Não;-15.59574982984877;-56.11693145235802;65 36274999;2026-06-16
8363609;SAUDE ON;SAUDE ON LTDA;510340;Cuiabá;Sim;Sim;ALVORADA;DOUTOR CASSIO VEIGA DE SA;MUNICIPAL;;ATENDIMENTOS NOS TURNOS DA MANHA E A TARDE;22;M;Não;Não;NAO;Não;Não;Não;Não;-15.581643660279061;-56.08466824071095;65 92755560;2026-06-16
655074;CENTRO ODONTOLOGICO DO POVO;COP CPA CLINICA ODONTOLOGICA LTDA;510340;Cuiabá;Sim;Sim;MORADA DA SERRA;JOINVILLE;MUNICIPAL;;ATENDIMENTOS NOS TURNOS DA MANHA E A TARDE;36;M;Não;Não;NAO;Não;Não;Não;Sim;-15.5568723;-56.0523668;65 30272327;2025-09-03
655724;ELYSSA PSICOLOGIA E PSICANALISE;ELYSSA DE CARVALHO ANCHESCHI SIQUEIRA;510340;Cuiabá;Sim;Sim;BOA ESPERANCA;AV EDGAR VIEIRA;MUNICIPAL;;ATENDIMENTOS NOS TURNOS DA MANHA E A TARDE;22;M;Não;Não;NAO;Não;Não;Não;Não;-15.6114622;-56.0615427;;2025-09-03
655775;ODONTOCOMPANY JARDIM ELDORADO;GOMES DE MORAES E FELIX DOS SANTOS LTDA;510340;Cuiabá;Sim;Sim;NOVO HORIZONTE;AV DANTE MARTINS DE OLIVEIRA GOV;MUNICIPAL;;ATENDIMENTOS NOS TURNOS DA MANHA E A TARDE;36;M;Não;Não;NAO;Não;Não;Não;Sim;-15.576042543580023;-56.03461262533298;65 2127-5441;2025-09-03
655791;CLINICA BOTTURA RESTAURACAO CAPILAR;CLINICA BOTTURA RESTAURACAO CAPILAR LTDA;510340;Cuiabá;Sim;Sim;BOSQUE DA SAUDE;TOPAZIO;MUNICIPAL;;ATENDIMENTOS NOS TURNOS DA MANHA E A TARDE;36;M;Não;Não;NAO;Não;Não;Não;Não;-15.589700714668494;-56.07832264267243;65 30287328;2025-09-03
656348;MAIS SORRISOS;MAIS SORRISOS SERVICOS DE SAUDE LTDA;510340;Cuiabá;Sim;Sim;SAO JOAO DEL REI;18;MUNICIPAL;;ATENDIMENTOS NOS TURNOS DA MANHA E A TARDE;36;M;Não;Não;NAO;Não;Não;Não;Sim;-15.6457135;-55.97674724354643;65 30256374;2025-09-03
656356;DOUTOR HERNIA UNIDADE CUIABA;CLINICA ZANCHI LTDA;510340;Cuiabá;Sim;Sim;JARDIM DAS AMERICAS;BRASILIA;MUNICIPAL;;ATENDIMENTOS NOS TURNOS DA MANHA E A TARDE;36;M;Não;Não;NAO;Não;Não;Não;Não;-15.604903978966556;-56.066882447859115;66 96677704;2025-10-17
656364;DROGARIA VAREJAO DOS REMEDIOS;E R A DE OLIVEIRA DROGARIA;510340;Cuiabá;Sim;Sim;CENTRO NORTE;TENENTE CORONEL DUARTE;MUNICIPAL;;ATENDIMENTOS NOS TURNOS DA MANHA E A TARDE;43;M;Não;Não;NAO;Não;Não;Não;Sim;-15.593399764812439;-56.09256862244802;66 30256374;2025-09-03
656372;FARMA POPULAR MEDICAMENTO;FARMA POPULAR MEDICAMENTO LTDA;510340;Cuiabá;Sim;Sim;ALVORADA;REPUBLICA DO LIBANO JD MTE LIBANO;MUNICIPAL;;ATENDIMENTO NOS TURNOS DA MANHA, TARDE E NOITE;43;M;Não;Não;NAO;Não;Não;Não;Sim;-15.596;-56.097;65 36213122;2025-09-03
656380;FARMACIA NATURALIS;FARMACIA HOMEOPATICA NATURALIS LTDA;510340;Cuiabá;Sim;Sim;JARDIM CUIABA;AVENIDA DAS FLORES;MUNICIPAL;;ATENDIMENTOS NOS TURNOS DA MANHA E A TARDE;43;M;Não;Não;NAO;Não;Não;Não;Sim;-15.594477234726911;-56.119955904357866;65 36825793;2025-09-03
657425;DR ARY LEITE CIRURGIA PLASTICA;A R CAMPOS CLINICA LTDA;510340;Cuiabá;Sim;Sim;JARDIM CUIABA;DAS FLORES;MUNICIPAL;;ATENDIMENTOS NOS TURNOS DA MANHA E A TARDE;36;M;Não;Não;NAO;Não;Não;Não;Sim;-15.594782110987314;-56.11948647024176;65 36660317;2025-09-03
3108295;GASTRODENICA;GASTROCLINICA DE CUIABA LTDA;510340;Cuiabá;Sim;Sim;CENTRO;MAL DEODORO;MUNICIPAL;;ATENDIMENTOS NOS TURNOS DA MANHA E A TARDE;22;M;Não;Não;NAO;Não;Não;Não;Não;-15.58849616856215;-56.097610035954986;;2025-10-17
5080630;IMDO;IMDO INSTITUTO MEDICO DE DERMATOLOGIA E OTORRINOLARINGOLOG;510340;Cuiabá;Sim;Sim;DUQUE DE CAXIAS;GENERAL NEVES;MUNICIPAL;;ATENDIMENTOS NOS TURNOS DA MANHA E A TARDE;22;M;Não;Não;NAO;Não;Não;Não;Não;-15.588795167408957;-56.112483704670694;65 36233980;2026-07-11
8367256;BRAUMPED;BRAUMPED SERVICOS MEDICOS LTDA;510340;Cuiabá;Sim;Sim;JARDIM ACLIMACAO;BOSQUE DA SAUDE;MUNICIPAL;;ATENDIMENTOS NOS TURNOS DA MANHA E A TARDE;22;M;Não;Não;NAO;Não;Não;Não;Não;-15.586785210222816;-56.07842504695162;65 96961984;2026-07-15
8367272;NOSSO SONHO;NOSSO SONHO LTDA;510340;Cuiabá;Sim;Sim;CENTRO SUL;BARAO DE MELGACO;MUNICIPAL;;ATENDIMENTOS NOS TURNOS DA MANHA E A TARDE;22;M;Não;Não;NAO;Não;Não;Não;Não;-15.603206652951288;-56.10358693382269;65 93031103;2026-07-15
8367280;THAYSSA FERRAZ DA GAMA PSICOLOGIA;THAYSSA FERRAZ DA GAMA;510340;Cuiabá;Sim;Sim;BOSQUE DA SAUDE;HISTORIADOR RUBENS DE MENDONCA;MUNICIPAL;;ATENDIMENTOS NOS TURNOS DA MANHA E A TARDE;22;M;Não;Não;NAO;Não;Não;Não;Não;-15.581003099990044;-56.077547764715064;65 93372808;2026-07-15
8372950;MM CLINICA MEDICA LTDA;MM CLINICA MEDICA LTDA;510340;Cuiabá;Sim;Sim;BOSQUE DA SAUDE;BOSQUE DA SAUDE;MUNICIPAL;;ATENDIMENTOS NOS TURNOS DA MANHA E A TARDE;22;M;Não;Não;NAO;Não;Não;Não;Não;-15.587647663117618;-56.07801058614771;65 30287328;2026-07-15
8372985;CLINICA DEBORA ORMOND LTDA;CLINICA DEBORA ORMOND LTDA;510340;Cuiabá;Sim;Sim;QUILOMBO;SENADOR FILINTO MULLER;MUNICIPAL;;ATENDIMENTOS NOS TURNOS DA MANHA E A TARDE;22;M;Não;Não;NAO;Não;Não;Não;Não;-15.585712271975606;-56.103924216314525;65 36237753;2026-07-15
8373035;DRA ROBERTA COELHO SERVICOS MEDICOS LTDA;DRA ROBERTA COELHO SERVICOS MEDICOS LTDA;510340;Cuiabá;Sim;Sim;JARDIM ITALIA;DAS CAVIUNAS LOT ALPHAVILLE CUIABA;MUNICIPAL;;ATENDIMENTOS NOS TURNOS DA MANHA E A TARDE;22;M;Não;Não;NAO;Não;Não;Não;Não;-15.59434510189823;-56.06073957125476;65 30287328;2026-07-15
8379955;BEM QUERER SAUDE;BEM QUERER SAUDE OCUPACIONAL E PREVENTIVA LTDA;510340;Cuiabá;Sim;Sim;CENTRO NORTE;ENGENHEIRO RICARDO FRANCO;MUNICIPAL;;ATENDIMENTOS NOS TURNOS DA MANHA E A TARDE;36;M;Não;Não;NAO;Não;Não;Não;Não;-15.595335921956366;-56.09385183220378;65 30545655;2026-07-15
8379998;CONSULTORIO DR PEDRO BALATA;BALATA CONSULTORIO MEDICO LTDA;510340;Cuiabá;Sim;Sim;BOSQUE DA SAUDE;TOPAZIO;MUNICIPAL;;ATENDIMENTOS NOS TURNOS DA MANHA E A TARDE;22;M;Não;Não;NAO;Não;Não;Não;Não;-15.58938739114219;-56.07853744884897;65 30287328;2026-07-15
8380007;NAKATA ONCOLOGIA LTDA;NAKATA ONCOLOGIA LTDA;510340;Cuiabá;Sim;Sim;CENTRO SUL;COMANDANTE COSTA;MUNICIPAL;;ATENDIMENTOS NOS TURNOS DA MANHA E A TARDE;36;M;Não;Não;NAO;Não;Não;Não;Não;-15.598567642023541;-56.1008528009716;65 30287328;2026-07-15
8380015;SANTOS E REIS SERVICOS MEDICOS LTDA;SANTOS E REIS SERVICOS MEDICOS LTDA;510340;Cuiabá;Sim;Sim;JARDIM CUIABA;DAS BEGONIAS;MUNICIPAL;;ATENDIMENTOS NOS TURNOS DA MANHA E A TARDE;22;M;Não;Não;NAO;Não;Não;Não;Não;-15.596035462203288;-56.11625621450836;65 30287328;2026-07-15
8388113;MONIKE RODRIGUES BORGES;MONIKE RODRIGUES BORGES;510340;Cuiabá;Sim;Sim;JARDIM PETROPOLIS;RUA E;MUNICIPAL;;ATENDIMENTOS NOS TURNOS DA MANHA E A TARDE;22;M;Não;Não;NAO;Não;Não;Não;Sim;-15.55994401858082;-56.07761224179356;65981329004;2026-07-15
8388156;TURBAN SERVICOS DE SAUDE LTDA;TURBAN SERVICOS DE SAUDE LTDA;510340;Cuiabá;Sim;Sim;JARDIM CUIABA;DAS DALIAS;MUNICIPAL;;ATENDIMENTOS NOS TURNOS DA MANHA E A TARDE;22;M;Não;Não;NAO;Não;Não;Não;Não;-15.594231402077666;-56.1172258991662;65 30287328;2026-07-15
8388172;MVAL SERVICOS MEDICOS LTDA;MVAL SERVICOS MEDICOS LTDA;510340;Cuiabá;Sim;Sim;JARDIM CUIABA;DAS DALIAS;MUNICIPAL;;ATENDIMENTOS NOS TURNOS DA MANHA E A TARDE;22;M;Não;Não;NAO;Não;Não;Não;Não;-15.594210734269598;-56.11707569546731;65 30287328;2026-07-15
8388202;IMOC INTEGRATIVA;IMOC INSTITUTO DE MASTOLOGIA E ONCOLOGIA CIRURGICA INTEGRA;510340;Cuiabá;Sim;Sim;BANDEIRANTES;GENERAL VALE;MUNICIPAL;;ATENDIMENTOS NOS TURNOS DA MANHA E A TARDE;22;M;Não;Não;NAO;Não;Não;Não;Não;-15.601778147488787;-56.09117460313769;65 30287328;2026-07-15
8396523;ANNA VAZ PSICOLOGIA;ANNA VAZ PSICOLOGIA LTDA;510340;Cuiabá;Sim;Sim;JARDIM CUIABA;DAS FLORES;MUNICIPAL;;ATENDIMENTOS NOS TURNOS DA MANHA E A TARDE;22;M;Não;Não;NAO;Não;Não;Não;Não;-15.594569706179037;-56.11652425062735;65 92336221;2026-07-15
8396558;ESPACO MENTE CONSCIENTE;THIAGO ALEX S CUNHA PSICOLOGIA;510340;Cuiabá;Sim;Sim;JARDIM ITALIA;ROMA;MUNICIPAL;;ATENDIMENTOS NOS TURNOS DA MANHA E A TARDE;22;M;Não;Não;NAO;Não;Não;Não;Não;-15.578939691065095;-56.08769843428681;65 92546709;2026-07-15
8396574;PRISCILLA MICKOSZ SERVICOS MEDICOS;PRISCILLA MAGALHAES DELIBERADOR MICKOSZ SALOMAO CIA LTDA;510340;Cuiabá;Sim;Sim;BOSQUE DA SAUDE;HISTORIADOR RUBENS DE MENDONCA;MUNICIPAL;;ATENDIMENTOS NOS TURNOS DA MANHA E A TARDE;22;M;Não;Não;NAO;Não;Não;Não;Sim;-15.579390904828587;-56.077644353359545;65 96912128;2026-07-15
8396590;BEATRIZ SCHMIDT DAL BERTO;BEATRIZ SCHMIDT DAL BERTO;510340;Cuiabá;Sim;Sim;JARDIM CUIABA;DAS BEGONIAS;MUNICIPAL;;ATENDIMENTOS NOS TURNOS DA MANHA E A TARDE;22;M;Não;Não;NAO;Não;Não;Não;Não;-15.596056130073288;-56.11625621623714;65 92616850;2026-07-15
8397481;DR THIAGO P TEIXEIRA;THIAGO PEREIRA TEIXEIRA LTDA;510340;Cuiabá;Sim;Sim;JARDIM MARIANA;MIGUEL SUTIL;MUNICIPAL;;ATENDIMENTOS NOS TURNOS DA MANHA E A TARDE;22;M;Não;Não;NAO;Não;Não;Não;Não;-15.581950753604913;-56.11127247822857;65 30287328;2026-07-15
8402620;DR ANGELO B SERVICOS MEDICOS LTDA;DR ANGELO B SERVICOS MEDICOS LTDA;510340;Cuiabá;Sim;Sim;BAU;CORUMBA;MUNICIPAL;;ATENDIMENTOS NOS TURNOS DA MANHA E A TARDE;22;M;Não;Não;NAO;Não;Não;Não;Não;-15.592326135187845;-56.08988481816369;65 30287328;2026-07-15
8402655;M G SERVICOS MEDICOS LTDA;M G SERVICOS MEDICOS LTDA;510340;Cuiabá;Sim;Sim;BAU;CORUMBA;MUNICIPAL;;ATENDIMENTOS NOS TURNOS DA MANHA E A TARDE;22;M;Não;Não;NAO;Não;Não;Não;Não;-15.592305467187977;-56.089906275834956;65 30287328;2026-07-15
8403104;MACHADO SAUDE LTDA;MACHADO SAUDE LTDA;510340;Cuiabá;Sim;Sim;SANTA ROSA;POLONIA;MUNICIPAL;;ATENDIMENTOS NOS TURNOS DA MANHA E A TARDE;22;M;Não;Não;NAO;Não;Não;Não;Não;-15.582688430368808;-56.11981924145123;65 30287328;2026-07-15
8403112;INSTITURO OLIVEIRA DE FISIOTERAPIA INTEGRADA;INSTITUTO OLIVEIRA DE FISIOTERAPIA INTEGRADA LTDA;510340;Cuiabá;Sim;Sim;JARDIM CUIABA;DAS ORQUIDEAS;MUNICIPAL;;ATENDIMENTOS NOS TURNOS DA MANHA E A TARDE;36;M;Não;Não;NAO;Não;Não;Não;Sim;-15.595526936005795;-56.116216689124705;65 92964391;2026-07-15
8403139;RAIA DROGASIL S A;RAIA DROGASIL S A;510340;Cuiabá;Sim;Sim;GOIABEIRA;SAO SEBASTIAO;MUNICIPAL;;ATENDIMENTOS NOS TURNOS DA MANHA E A TARDE;43;M;Não;Não;NAO;Não;Não;Não;Sim;-15.596089758912383;-56.10673721631416;11 37695731;2026-07-15
8403147;RAIA DROGASIL S A;RAIA DROGASIL S A;510340;Cuiabá;Sim;Sim;DUQUE DE CAXIAS;JOSE MONTEIRO DE FIGUEIREDO;MUNICIPAL;;ATENDIMENTOS NOS TURNOS DA MANHA E A TARDE;43;M;Não;Não;NAO;Não;Não;Não;Sim;-15.58777866695064;-56.110853678183744;11 37695731;2026-07-15
665134;ODONTOCOMPANY CPA;ESTACAO SORRISO ODONTOLOGIA LTDA;510340;Cuiabá;Sim;Sim;MORADA DA SERRA;PERNAMBUCO NUC HAB CPA II;MUNICIPAL;;ATENDIMENTOS NOS TURNOS DA MANHA E A TARDE;36;M;Não;Não;NAO;Não;Não;Não;Sim;-15.560292676745318;-56.04841890016932;65 99355921;2025-09-03
665142;ODONTOLOGIA DR HELIO KAWAI;HELIO IWAO KAWAI;510340;Cuiabá;Sim;Sim;MORADA DO OURO SET;DEPUTADO MILTON TEIXEIRA DE FIGUEREDO;MUNICIPAL;;ATENDIMENTOS NOS TURNOS DA MANHA E A TARDE;36;M;Não;Não;NAO;Não;Não;Não;Sim;-15.56706756390759;-56.06229348644351;65 36346753;2025-09-03
665193;J R CONCEITO ODONTOLOGIA;JESSICA LARISSA RIBEIRO;510340;Cuiabá;Sim;Sim;CENTRO NORTE;RUA TRAVESSA PRESIDENTE BALBINO DE CARVALHO;MUNICIPAL;;ATENDIMENTOS NOS TURNOS DA MANHA E A TARDE;22;M;Não;Não;NAO;Não;Não;Não;Sim;-15.591153335786133;-56.097065015150534;;2025-09-03
665215;ANABELLE SILVA SANTANA;ANABELLE SILVA SANTANA;510340;Cuiabá;Sim;Sim;VILA MILITAR;RUA MONTESE;MUNICIPAL;;ATENDIMENTOS NOS TURNOS DA MANHA E A TARDE;22;M;Não;Não;NAO;Não;Não;Não;Não;-15.5964536;-56.1240488;;2025-09-03
665223;CEDE ENFERMAGEM ESPECIALIZADAS;CEDE ENFERMAGEM ESPECIALIZADAS LTDA;510340;Cuiabá;Sim;Sim;CPA III;QUARENTA E SETE;MUNICIPAL;;ATENDIMENTO CONTINUO DE 24 HORAS/DIA (PLANTAO:INCLUI SABADOS, DOMINGOS E FERIADOS);36;M;Não;Não;NAO;Não;Não;Não;Não;-15.5710121;-56.0421151;65 36467169;2025-09-03
8416389;GIOVANA MENDONCA DE MOURA;GIOVANA MENDONCA DE MOURA;510340;Cuiabá;Sim;Sim;JARDIM CUIABA;RUA DAS CAMELIAS;MUNICIPAL;;ATENDIMENTOS NOS TURNOS DA MANHA E A TARDE;22;M;Não;Não;NAO;Não;Não;Não;Não;-15.59494169821635;-56.11436715711062;;2026-07-15
8416397;CLINICA NEUROLOGICA DRA MARIANA SANTANA;CONSULTORIO NEUROLOGICO ESPECIALIZADO EM CEFALEIA DRA MARIA;510340;Cuiabá;Sim;Sim;JARDIM CUIABA;DAS FLORES;MUNICIPAL;;ATENDIMENTOS NOS TURNOS DA MANHA E A TARDE;22;M;Não;Não;NAO;Não;Não;Não;Não;-15.59469371253373;-56.116438418207494;65 92025182;2026-07-15
8416400;RAIA DROGASIL S A;RAIA DROGASIL S A;510340;Cuiabá;Sim;Sim;COXIPO;FERNANDO CORREA DA COSTA;MUNICIPAL;;ATENDIMENTOS NOS TURNOS DA MANHA E A TARDE;22;M;Não;Não;NAO;Não;Não;Não;Sim;-15.625587497446832;-56.05767691729663;11 37695731;2026-07-15
8416419;MORAIS COSTA SERVICOS MEDICOS;MORAIS COSTA SERVICOS MEDICOS LTDA;510340;Cuiabá;Sim;Sim;ALVORADA;MIGUEL SUTIL;MUNICIPAL;;ATENDIMENTOS NOS TURNOS DA MANHA E A TARDE;22;M;Não;Não;NAO;Não;Não;Não;Não;-15.572979963158872;-56.099507717382515;65 99519877;2026-07-15
8422915;CARDIOVASCULAR SAUDE INTEGRADA;J C DE SOUZA CARDIOVASCULAR SAUDE INTEGRADA LTDA;510340;Cuiabá;Sim;Sim;JARDIM CUIABA;DAS FLORES;MUNICIPAL;;ATENDIMENTOS NOS TURNOS DA MANHA E A TARDE;36;M;Não;Não;NAO;Não;Não;Não;Não;-15.594714380293158;-56.116524248892574;16 81763198;2026-07-15
8422923;MARIA REGINA INFECTOLOGIA E HANSENOLOGIA;MARIA REGINA INFECTOLOGIA E HANSENOLOGIA LTDA;510340;Cuiabá;Sim;Sim;JARDIM CUIABA;DAS FLORES;MUNICIPAL;;ATENDIMENTOS NOS TURNOS DA MANHA E A TARDE;22;M;Não;Não;NAO;Não;Não;Não;Não;-15.594507702605183;-56.11686757163289;65 92043891;2026-07-15
8422931;FLORESER CLINICA INTEGRADA;FLORESER CLINICA INTEGRADA LTDA;510340;Cuiabá;Sim;Sim;CARUMBE;GOVERNADOR DANTE MARTINS DE OLIVEIRA;MUNICIPAL;;ATENDIMENTOS NOS TURNOS DA MANHA E A TARDE;36;M;Não;Não;NAO;Não;Não;Não;Sim;-15.576454000024576;-56.035635258369936;41 98130414;2026-07-15
666505;FARMACIA PAGUE MENOS;EMPREENDIMENTOS PAGUE MENOS S A;510340;Cuiabá;Sim;Sim;ALVORADA;HISTORIADOR RUBENS DE MENDONCA;MUNICIPAL;;ATENDIMENTO CONTINUO DE 24 HORAS/DIA (PLANTAO:INCLUI SABADOS, DOMINGOS E FERIADOS);43;M;Não;Não;NAO;Não;Não;Não;Sim;-15.581242282033852;-56.07761921982587;65 33169000;2025-10-17
8396671;CEICO;CENTRO DE IMAGEM DO CENTRO OESTE LTDA;510340;Cuiabá;Sim;Sim;ARAES;TENENTE EULALIO GUERRA;MUNICIPAL;;ATENDIMENTOS NOS TURNOS DA MANHA E A TARDE;36;M;;Não;NAO;;;;Não;-15.5892663;-56.0937694;65 30262878;2026-07-21
666513;FARMACIA PAGUE MENOS;EMPREENDIMENTOS PAGUE MENOS S A;510340;Cuiabá;Sim;Sim;PICO DO AMOR;FERNANDO CORREA DA COSTA;MUNICIPAL;;ATENDIMENTO CONTINUO DE 24 HORAS/DIA (PLANTAO:INCLUI SABADOS, DOMINGOS E FERIADOS);43;M;Não;Não;NAO;Não;Não;Não;Sim;-15.609038225374851;-56.07930943720468;65 33169000;2025-10-17
666521;FARMACIA PAGUE MENOS;EMPREENDIMENTOS PAGUE MENOS S A;510340;Cuiabá;Sim;Sim;JARDIM ITALIA;AV ERICO GONCALVES PREZA FILHO;MUNICIPAL;;ATENDIMENTO CONTINUO DE 24 HORAS/DIA (PLANTAO:INCLUI SABADOS, DOMINGOS E FERIADOS);43;M;Não;Não;NAO;Não;Não;Não;Sim;-15.5923631;-56.0603554;65 33216340;2025-09-03
666548;FARMACIA PAGUE MENOS;EMPREENDIMENTOS PAGUE MENOS S A;510340;Cuiabá;Sim;Sim;CIDADE ALTA;IPIRANGA;MUNICIPAL;;ATENDIMENTO CONTINUO DE 24 HORAS/DIA (PLANTAO:INCLUI SABADOS, DOMINGOS E FERIADOS);43;M;Não;Não;NAO;Não;Não;Não;Sim;-15.608893045133021;-56.11666673155227;65 33169000;2025-10-17
8434891;VCQ SERVICOS MEDICOS;VCQ SERVICOS MEDICOS LTDA;510340;Cuiabá;Sim;Sim;BOSQUE DA SAUDE;HISTORIADOR RUBENS DE MENDONCA;MUNICIPAL;;ATENDIMENTOS NOS TURNOS DA MANHA E A TARDE;22;M;;Não;NAO;;;;Não;-15.579060191831562;-56.07721517079805;65 36231000;2026-07-21
8434921;CANAVARROS SERRA;C S SERVICOS MEDICOS LTDA;510340;Cuiabá;Sim;Sim;JARDIM CUIABA;GENERAL RAMIRO DE NORONHA;MUNICIPAL;;ATENDIMENTOS NOS TURNOS DA MANHA E A TARDE;22;M;;Não;NAO;;;;Não;-15.593014605130636;-56.114038017830005;65 98028815;2026-07-21
666556;FARMACIA PAGUE MENOS;EMPREENDIMENTOS PAGUE MENOS S A;510340;Cuiabá;Sim;Sim;JARDIM CUIABA;DAS DALIAS;MUNICIPAL;;ATENDIMENTO CONTINUO DE 24 HORAS/DIA (PLANTAO:INCLUI SABADOS, DOMINGOS E FERIADOS);43;M;Não;Não;NAO;Não;Não;Não;Sim;-15.594637802807993;-56.11719280934762;65 33216340;2025-10-17
666564;FARMACIA PAGUE MENOS;EMPREENDIMENTOS PAGUE MENOS S A;510340;Cuiabá;Sim;Sim;DOM AQUINO;GENERAL MELLO;MUNICIPAL;;ATENDIMENTO CONTINUO DE 24 HORAS/DIA (PLANTAO:INCLUI SABADOS, DOMINGOS E FERIADOS);43;M;Não;Não;NAO;Não;Não;Não;Sim;-15.6095995;-56.0963085;65 33216340;2025-09-03
666572;FARMACIA POPULAR DO POVO;FARMACIA POPULAR DO POVO EIRELI;510340;Cuiabá;Sim;Sim;MORADA DA SERRA;RUA PERNAMBUCO;MUNICIPAL;;ATENDIMENTO CONTINUO DE 24 HORAS/DIA (PLANTAO:INCLUI SABADOS, DOMINGOS E FERIADOS);43;M;Não;Não;NAO;Não;Não;Não;Sim;-15.5606934;-56.0479436;65 36412870;2025-09-03
666580;DROGARIA NOVA AMERICA;DROGARIA NOVA AMERICA LTDA;510340;Cuiabá;Sim;Sim;RESIDENCIAL PAIAGUAS;DOUTOR HELIO RIBEIRO;MUNICIPAL;;ATENDIMENTO NOS TURNOS DA MANHA, TARDE E NOITE;43;M;Não;Não;NAO;Não;Não;Não;Sim;-15.558707;-56.0746106;65 96080977;2025-09-03
666610;DROGARIA VAREJAO DOS REMEDIOS;M A DE SOUZA;510340;Cuiabá;Sim;Sim;JARDIM INDUSTRIARIO;DOIS LOT JD INDUSTRIARIO II;MUNICIPAL;;ATENDIMENTOS NOS TURNOS DA MANHA E A TARDE;43;M;Não;Não;NAO;Não;Não;Não;Sim;-15.596;-56.097;65 30256374;2025-09-03
666637;FARMACIA DE MANIPULACAO;PHLORACEAE FARMACIA DE MANIPULACAO LTDA;510340;Cuiabá;Sim;Sim;BAU;HISTORIADOR RUBENS DE MENDONCA;MUNICIPAL;;ATENDIMENTOS NOS TURNOS DA MANHA E A TARDE;43;M;Não;Não;NAO;Não;Não;Não;Sim;-15.59050185106345;-56.087470491367036;;2025-10-17
8441790;ZENILDO PACHECO SAMPAIO;ZENILDO PACHECO SAMPAIO;510340;Cuiabá;Sim;Sim;DUQUE DE CAXIAS;RUA MARECHAL FLORIANO PEIXOTO;MUNICIPAL;;ATENDIMENTOS NOS TURNOS DA MANHA E A TARDE;22;M;;Não;NAO;;;;Não;-15.586503802120026;-56.11013548726549;65992883008;2026-07-21
666653;PHLORACEAE;PEMASI COMERCIO DE COSMETICOS EIRELI;510340;Cuiabá;Sim;Sim;JARDIM DAS AMERICAS;BUENOS AIRES;MUNICIPAL;;ATENDIMENTOS NOS TURNOS DA MANHA E A TARDE;43;M;Não;Não;NAO;Não;Não;Não;Sim;-15.6074769;-56.0761219;65 36243075;2025-09-03
666688;PHLORACEAE;PHLORACEAE FARMACIA DE MANIPULACAO LTDA;510340;Cuiabá;Sim;Sim;GOIABEIRAS;ISAAC POVOAS;MUNICIPAL;;ATENDIMENTOS NOS TURNOS DA MANHA E A TARDE;43;M;Não;Não;NAO;Não;Não;Não;Sim;-15.596480420209767;-56.10009430119264;;2025-11-27
1164716;NATHALIA BIGAI FERREIRA NUNES;NATHALIA BIGAI FERREIRA NUNES;510340;Cuiabá;Sim;Sim;DESPRAIADO;RUA DOUTOR SANTO SCARAVELLI;MUNICIPAL;;ATENDIMENTOS NOS TURNOS DA MANHA E A TARDE;22;M;;Não;NAO;;;;Não;-15.568472;-56.096389;65 99219-1866;2026-07-25
1164724;NATHALIA BIGAI FERREIRA NUNES;NATHALIA BIGAI FERREIRA NUNES;510340;Cuiabá;Sim;Sim;DESPRAIADO;RUA DOUTOR SANTO SCARAVELLI;MUNICIPAL;;ATENDIMENTOS NOS TURNOS DA MANHA E A TARDE;22;M;;Não;NAO;;;;Não;-15.568472;-56.096389;6 99219-1866;2026-07-25
3408558;CLINICA DO BOSQUE DESENVOLVIMENTO INFANTIL;G F COELHO CIA LTDA;510340;Cuiabá;Sim;Sim;ALVORADA;DEPUTADO ROBERTO CRUZ LOT M SUTIL;MUNICIPAL;;ATENDIMENTOS NOS TURNOS DA MANHA E A TARDE;22;M;Não;Não;NAO;Não;Não;Não;Não;-15.585826693453392;-56.08301838689257;65 96283009;2026-07-28
8400644;ESSENCIALIZE CLINICA INTEGRADA;ESSENCIALIZE CLINICA INTEGRADA LTDA;510340;Cuiabá;Sim;Sim;MORADA DA SERRA;OITO NUC HAB CPA III;MUNICIPAL;;ATENDIMENTOS NOS TURNOS DA MANHA E A TARDE;36;M;;Não;NAO;;;;Não;-15.575607458837256;-56.04184256458002;65 93466398;2026-07-28
8450447;ALGODAO DOCE PEDIATRIA ESPECIALIZADA;ALGODAO DOCE PEDIATRIA ESPECIALIZADA LTDA;510340;Cuiabá;Sim;Sim;JARDIM DAS AMERICAS;BUENOS AIRES;MUNICIPAL;;ATENDIMENTOS NOS TURNOS DA MANHA E A TARDE;2;M;;Não;NAO;;;;Não;-15.608306493464156;-56.074761203503066;66 35665967;2026-07-28
8450544;VICTORIA MENDES SERVICOS DE PSICOLOGIA;VICTORIA MENDES SERVICOS DE PSICOLOGIA LTDA;510340;Cuiabá;Sim;Sim;JARDIM DAS AMERICAS;NASSAU;MUNICIPAL;;ATENDIMENTOS NOS TURNOS DA MANHA E A TARDE;22;M;;Não;NAO;;;;Não;-15.604467967212303;-56.06788065293392;65 98105564;2026-07-28
671428;NATIVA FARMACIA DE MANIPULACAO;N B M CASTILHO;510340;Cuiabá;Sim;Sim;JARDIM CUIABA;SENADOR METELLO;MUNICIPAL;;ATENDIMENTOS NOS TURNOS DA MANHA E A TARDE;43;M;Não;Não;NAO;Não;Não;Não;Sim;-15.594909195300453;-56.12113521581409;;2025-11-13
673099;GABINETE DA PRESIDENCIA;CUIABA CAMARA MUNICIPAL;510340;Cuiabá;Sim;Sim;CENTRO;BARAO DE MELGACO;MUNICIPAL;;ATENDIMENTOS NOS TURNOS DA MANHA E A TARDE;36;M;Não;Não;NAO;Não;Não;Não;Sim;-15.600102722357661;-56.10147225712211;65 36171500;2025-10-17
673234;INSTITUTO EXPRESSAR;BIANCA LOUIZE DA SILVA GARCIA PSICOLOGIA;510340;Cuiabá;Sim;Sim;JARDIM CUIABA;DAS FLORES;MUNICIPAL;;ATENDIMENTO SOMENTE PELA MANHA;36;M;Não;Não;NAO;Não;Não;Não;Não;-15.594937280278305;-56.12000677517996;65 96790889;2025-09-03
673250;FEB SAUDE;INSTITUTO MACHADO PEREIRA FILIAL 1;510340;Cuiabá;Sim;Sim;JARDIM PETROPOLIS;CARMINDO DE CAMPOS;MUNICIPAL;;ATENDIMENTOS NOS TURNOS DA MANHA E A TARDE;36;M;Não;Não;NAO;Não;Não;Não;Sim;-15.6208044;-56.0822975;65 30287328;2025-09-03
673269;REDE FARMACIA DO TRABALHADOR;DG MEDICAMENTOS EIRELI;510340;Cuiabá;Sim;Sim;CHACARA DOS PINHEIRO;FERNANDO CORREA DA COSTA;MUNICIPAL;;ATENDIMENTO NOS TURNOS DA MANHA, TARDE E NOITE;43;M;Não;Não;NAO;Não;Não;Não;Sim;-15.625785068402964;-56.057909691323474;65 30521444;2025-11-27
673277;YUITI IANAE;YUITI IANAE;510340;Cuiabá;Sim;Sim;QUILOMBO;RUA CANDIDO MARIANO;MUNICIPAL;;ATENDIMENTOS NOS TURNOS DA MANHA E A TARDE;22;M;Não;Não;NAO;Não;Não;Não;Sim;-15.591175356760873;-56.1029981779109;65 3322-8207;2025-11-27
673293;MEDIODONTO CLINICA MEDICA;MEDIODONTO CLINICA MEDICA EIRELI;510340;Cuiabá;Sim;Sim;BOSQUE DA SAUDE;ACLIMACAO;MUNICIPAL;;ATENDIMENTOS NOS TURNOS DA MANHA E A TARDE;36;M;Não;Não;NAO;Não;Não;Não;Não;-15.582442149999999;-56.07622688812493;65 30287328;2025-09-03
678678;ODONTOCOMPANY CUIABA;CENTRO ORAL CUIABANO CLINICA ODONTOLOGICA LTDA;510340;Cuiabá;Sim;Sim;BANDEIRANTES;TENENTE CORONEL DUARTE;MUNICIPAL;;ATENDIMENTOS NOS TURNOS DA MANHA E A TARDE;36;M;Não;Não;NAO;Não;Não;Não;Sim;-15.59869930947;-56.09529041958556;65 99355921;2025-11-13
683612;DROGARIA NOVA;RICARDO B DIAS;510340;Cuiabá;Sim;Sim;NOVO TEMPO;ANTARTICA;MUNICIPAL;;ATENDIMENTO NOS TURNOS DA MANHA, TARDE E NOITE;43;M;;Não;NAO;;;;Sim;-15.5754217;-56.1241182;65 84013404;2025-09-03
683744;SAUDE LIVRE CLINICA DE VACINACAO E IMUNIZACAO HUMANA;SAUDE LIVRE CLINICA DE VACINACAO E IMUNIZACAO HUMANA LTDA;510340;Cuiabá;Sim;Sim;DUQUE DE CAXIAS;JOSE MONTEIRO DE FIGUEIREDO;MUNICIPAL;;ATENDIMENTOS NOS TURNOS DA MANHA E A TARDE;85;M;Não;Não;NAO;Não;Não;Não;Não;-15.596;-56.097;65 30287328;2025-09-03
687391;DROGARIA AMERICA PARQUE;SIMONE MESQUITA S SANTOS COMERCIO DE MEDICAMENTOS;510340;Cuiabá;Sim;Sim;PARQUE CUIABA;CINCO;MUNICIPAL;;ATENDIMENTOS NOS TURNOS DA MANHA E A TARDE;43;M;Não;Não;NAO;Não;Não;Não;Sim;-15.6653163;-56.040943;65 36663100;2026-03-28
687693;ATB NEUROLOGIA;ATB SERVICOS MEDICOS EIRELI;510340;Cuiabá;Sim;Sim;BOSQUE DA SAUDE;PROFESSOR RAFAEL RUEDA;MUNICIPAL;;ATENDIMENTOS NOS TURNOS DA MANHA E A TARDE;36;M;Não;Não;NAO;Não;Não;Não;Sim;-15.5870296;-56.0799838;61 81196196;2025-09-03
687790;ENLEVA ODONTOLOGIA INTEGRADA;ENLEVA ODONTOLOGIA INTEGRADA LTDA;510340;Cuiabá;Sim;Sim;ALVORADA;ENIO CARLOS DE SOUZA VIEIRA LOT M SUTIL;MUNICIPAL;;ATENDIMENTOS NOS TURNOS DA MANHA E A TARDE;36;M;Não;Não;NAO;Não;Não;Não;Sim;-15.582513372996088;-56.081093496348466;65 99770268;2025-10-17
687839;MEDICALLY SERVICOS MEDICOS E ADMNISTRATIVOS;MEDICALLY SERVICOS MEDICOS E ADMNISTRATIVOS;510340;Cuiabá;Sim;Sim;RIBEIRAO DA PONTE;MIGUEL SUTIL;MUNICIPAL;;ATENDIMENTOS NOS TURNOS DA MANHA E A TARDE;36;M;Não;Não;NAO;Não;Não;Não;Não;-15.613842;-56.1258231;65 96399336;2025-09-03
687847;FARMACIA REDE DO POVO;RODRIGUES SODEIRO LTDA;510340;Cuiabá;Sim;Sim;POCAO;AVENIDA GENERAL VALE;MUNICIPAL;;ATENDIMENTOS NOS TURNOS DA MANHA E A TARDE;43;M;;Não;NAO;;;;Sim;-15.6016091;-56.0881866;65 21362000;2025-09-03
694371;FARMACIA MODERNA;VALERIA CARDOSO DE PAULA;510340;Cuiabá;Sim;Sim;POPULAR;ISAAC POVOAS;MUNICIPAL;;ATENDIMENTOS NOS TURNOS DA MANHA E A TARDE;43;M;;Não;NAO;;;;Sim;-15.592369727574912;-56.10600017123737;65 30525121;2025-10-17
694401;DROGALINS;FERNANDA FERNANDES ADERALDO NASCIMENTO;510340;Cuiabá;Sim;Sim;JARDIM ACLIMACAO;HISTORIADOR RUBENS DE MENDONCA;MUNICIPAL;;ATENDIMENTO NOS TURNOS DA MANHA, TARDE E NOITE;43;M;Não;Não;NAO;Não;Não;Não;Sim;-15.5929662;-56.0923395;65 36440224;2025-09-03
694568;STUDIO MOVIMENTO;MED FISIOTERAPIA E ESTETICA EIRELI;510340;Cuiabá;Sim;Sim;SANTE HELENA;PRESIDENTE MARQUES;MUNICIPAL;;ATENDIMENTOS NOS TURNOS DA MANHA E A TARDE;36;M;Não;Não;NAO;Não;Não;Não;Não;-15.591315086841476;-56.09986032272693;65 30543419;2025-11-27
695858;SPADONI SERVICOS MEDICOS;SPADONI SERVICOS MEDICOS LTDA;510340;Cuiabá;Sim;Sim;QUILOMBO;SENADOR FILINTO MULLER;MUNICIPAL;;ATENDIMENTOS NOS TURNOS DA MANHA E A TARDE;36;M;Não;Não;NAO;Não;Não;Não;Não;-14.7158446;-56.3359733;65 40529101;2025-09-03
696544;DROGARIA REDE DO POVO;PAULA MASSAROLI EIRELI;510340;Cuiabá;Sim;Sim;CPA II;AV BRASIL;MUNICIPAL;;ATENDIMENTOS NOS TURNOS DA MANHA E A TARDE;43;M;;Não;NAO;;;;Sim;-15.581212;-56.1171582;65 99941324;2025-09-03
700312;DROGARIA ATIVA;DROGARIA ATIVA LTDA;510340;Cuiabá;Sim;Sim;QUILOMBO;SAO SEBASTIAO;MUNICIPAL;;ATENDIMENTOS NOS TURNOS DA MANHA E A TARDE;43;M;;Não;NAO;;;;Sim;-15.584882783584252;-56.09832649327526;;2025-09-03
700320;CLINICA DE PSICOLOGIA PADILHA;DANIELLE PAULA PADILHA;510340;Cuiabá;Sim;Sim;RIBEIRAO DA PONTE;MIGUEL SUTIL;MUNICIPAL;;ATENDIMENTOS NOS TURNOS DA MANHA E A TARDE;36;M;Não;Não;NAO;Não;Não;Não;Não;-15.613842;-56.1258231;65 30522033;2025-09-03
701548;CLINICA SALUTTE;CLINICA SALUTTE SERVICOS MEDICOS LTDA;510340;Cuiabá;Sim;Sim;PARQUE OHARA;FERNANDO CORREA DA COSTA;MUNICIPAL;;ATENDIMENTOS NOS TURNOS DA MANHA E A TARDE;36;M;Não;Não;NAO;Não;Não;Não;Não;-15.634484624211975;-56.04567450286065;65 36234995;2025-10-11
701572;ROSACLIN;ROSEMEIRE TANGANELI LTDA;510340;Cuiabá;Sim;Sim;DUQUE DE CAXIAS;GENERAL AMILCAR MAGALHAES;MUNICIPAL;;ATENDIMENTOS NOS TURNOS DA MANHA E A TARDE;36;M;Não;Não;NAO;Não;Não;Não;Não;-15.589843903920395;-56.1173059664085;65 99034204;2025-09-03
701580;SORRISUS ODONTOLOGIA;L P RASCHE CLINICA ODONTOLOGICA EIRELI;510340;Cuiabá;Sim;Sim;JARDIM TROPICAL;GENERAL MELO;MUNICIPAL;;ATENDIMENTOS NOS TURNOS DA MANHA E A TARDE;36;M;Não;Não;NAO;Não;Não;Não;Sim;-15.594535749999999;-56.08688680737052;65 81084701;2025-09-03
701661;DROGARIA FARMA PLUS;DROGARIA FARMA PLUS COMERCIO DE MEDICAMENTOS LTDA;510340;Cuiabá;Sim;Sim;JARDIM INDUSTRIARIO;GUILHERME JOSE SANTANA ANT AV 30;MUNICIPAL;;ATENDIMENTO CONTINUO DE 24 HORAS/DIA (PLANTAO:INCLUI SABADOS, DOMINGOS E FERIADOS);43;M;;Não;NAO;;;;Sim;-15.643206536396194;-55.978912082286435;65 36670017;2025-09-03
701726;IDEA INSTITUTO DE DERMATOLOGIA E ESTETICA;IDEA INSTITUTO DE DERMATOLOGIA E ESTETICA LTDA;510340;Cuiabá;Sim;Sim;ALVORADA;I;MUNICIPAL;;ATENDIMENTOS NOS TURNOS DA MANHA E A TARDE;36;M;Não;Não;NAO;Não;Não;Não;Não;-15.577812048985654;-56.07735469448449;65 99862419;2025-11-04
702528;DROGARIA ECONOMICA;NATHALIA BAPTISTELLA DE OLIVEIRA;510340;Cuiabá;Sim;Sim;JARDIM IMPERIAL;PROFESSORA EDNA MARIA DE ALBUQUERQUE AFFI JD IMPE;MUNICIPAL;;ATENDIMENTOS NOS TURNOS DA MANHA E A TARDE;43;M;;Não;NAO;;;;Sim;-15.613420393430399;-56.02632203350562;65 36634201;2025-10-17
702811;CLINICA SPECIALI;DANIELLE APARECIDA SALAMANCA;510340;Cuiabá;Sim;Sim;CENTRO SUL;TREZE DE JUNHO;MUNICIPAL;;ATENDIMENTOS NOS TURNOS DA MANHA E A TARDE;36;M;Não;Não;NAO;Não;Não;Não;Não;-15.6098701;-56.1053162;65 99179566;2025-09-03
703761;EQUOTERAPIA RANCHO DOURADO;EQUOTERAPIA EQUITAKIDS RANCHO DOURADO EIRELI;510340;Cuiabá;Sim;Sim;COOPHAMIL;CERILO PINTO DA SILVA LOT JD UBATA;MUNICIPAL;;ATENDIMENTOS NOS TURNOS DA MANHA E A TARDE;36;M;Não;Não;NAO;Não;Não;Não;Sim;-15.616971183266045;-56.12535660836901;65 99594035;2025-10-17
704016;LUNA MANIPULACAO E HOMEOPATIA;LUNA MANIPULACAO E HOMEOPATIA EIRELI;510340;Cuiabá;Sim;Sim;RECANTO DOS PASSAROS;ROUXINOL;MUNICIPAL;;ATENDIMENTOS NOS TURNOS DA MANHA E A TARDE;43;M;;Não;NAO;;;;Sim;-15.5888448;-56.135252;65 30256700;2025-09-03
706337;EQUIPE EVOLUIR;CLINICA DE PSICOLOGIA EQUIPE EVOLUIR ESPECIALIZADA EM ABA DI;510340;Cuiabá;Sim;Sim;DUQUE DE CAXIAS;ALMIRANTE HENRIQUE PINHEIRO GUEDES;MUNICIPAL;;ATENDIMENTOS NOS TURNOS DA MANHA E A TARDE;22;M;Não;Não;NAO;Não;Não;Não;Não;-15.588400486155981;-56.11514039334451;65 30586318;2025-12-02
3995062;CLINICA DA MULHER;CLINICA DA MULHER;510340;Cuiabá;Sim;Sim;MIGUEL SUTIL;RUA G;MUNICIPAL;;ATENDIMENTOS NOS TURNOS DA MANHA E A TARDE;36;M;Não;Não;NAO;Não;Não;Não;Sim;-15.583921732567243;-56.082325013093254;65 3642-3020;2025-09-03
714380;SORRIR CLINICA ODONTOLOGICA;SORRIR CLINICA ODONTOLOGICA EIRELI;510340;Cuiabá;Sim;Sim;DUQUE DE CAXIAS;GENERAL RABELLO;MUNICIPAL;;ATENDIMENTOS NOS TURNOS DA MANHA E A TARDE;36;M;Não;Não;NAO;Não;Não;Não;Sim;-15.59165649010796;-56.11440991625068;48 30281399;2025-09-03
714410;IMO CUIABA;INSTITUTO MATOGROSSENSE DE ODONTOLOGIA CUIABA LTDA;510340;Cuiabá;Sim;Sim;GOIABEIRAS;SENADOR FILINTO MULLER;MUNICIPAL;;ATENDIMENTOS NOS TURNOS DA MANHA E A TARDE;36;M;Não;Não;NAO;Não;Não;Não;Sim;-15.595776114314935;-56.110952573836066;66 34382359;2025-09-03
714496;ROSANA TREVISAN DOS SANTOS;ROSANA TREVISAN DOS SANTOS;510340;Cuiabá;Sim;Sim;JARDIM ACLIMACAO;HISTORIADOR RUBENS DE MENDONCA;MUNICIPAL;;ATENDIMENTO SOMENTE A NOITE;36;M;Não;Não;NAO;Não;Não;Não;Não;-15.58268355;-56.077366804807255;65 92012007;2025-09-03
714518;DROGARIA MEDRADO;JOSE SANDRO MEDRADO LUZ;510340;Cuiabá;Sim;Sim;JARDIM VISTA ALEGRE;FERNANDO CORREA DA COSTA;MUNICIPAL;;ATENDIMENTO NOS TURNOS DA MANHA, TARDE E NOITE;43;M;Não;Não;NAO;Não;Não;Não;Sim;-15.631605407717652;-56.050067326107346;65 36616111;2025-10-17
715298;DROGARIA SUL AMERICA;MAXIMIANO COMERCIO DE PRODUTOS FARMACEUTICOS EIRELI;510340;Cuiabá;Sim;Sim;JARDIM INDUSTRIARIO;DOIS LOT JD INDUSTRIARIO II;MUNICIPAL;;ATENDIMENTO NOS TURNOS DA MANHA, TARDE E NOITE;43;M;Não;Não;NAO;Não;Não;Não;Sim;-15.643888481516614;-55.97817664857379;65 36220355;2025-10-17
720135;COT;C O T CLINICA DE ORTOPEDIA E TRAUMATOLOGIA LTDA;510340;Cuiabá;Sim;Sim;CENTRO;DOM AQUINO;MUNICIPAL;;ATENDIMENTOS NOS TURNOS DA MANHA E A TARDE;36;M;Não;Não;NAO;Não;Não;Não;Não;-15.603962963826856;-56.096950162615066;65 6234995;2025-10-17
723126;PATRICIA KATZ PSICOLOGA;PATRICIA LUDWIG KATZ PSICOLOGA EMDR E BRAINSPOTTING LTDA;510340;Cuiabá;Sim;Sim;QUILOMBO;SAO SEBASTIAO;MUNICIPAL;;ATENDIMENTOS NOS TURNOS DA MANHA E A TARDE;36;M;Não;Não;NAO;Não;Não;Não;Não;-15.585234903578504;-56.09903536505637;65 81576478;2025-11-27
723177;DROGARIA NOVA VIDA II;LENILSON ELZON ROSA;510340;Cuiabá;Sim;Sim;PEDRA 90;NEWTON RABELO DE CASTRO;MUNICIPAL;;ATENDIMENTO NOS TURNOS DA MANHA, TARDE E NOITE;43;M;Não;Não;NAO;Não;Não;Não;Sim;-15.63568198429126;-55.94861292517277;65 36243472;2025-10-17
723185;JOANA MULLER AFFI;JOANA MULLER AFFI;510340;Cuiabá;Sim;Sim;RECANTO DOS PASSAROS;CARDEAL;MUNICIPAL;;ATENDIMENTOS NOS TURNOS DA MANHA E A TARDE;36;M;Não;Não;NAO;Não;Não;Não;Não;-15.6103585;-56.0360335;65 92171451;2025-09-03
724017;CISVARC;CONSORCIO INTERMUNICIPAL DE SAUDE VALE DO RIO CUIABA CISVA;510340;Cuiabá;Sim;Sim;MORADA DO OURO;HISTORIADOR RUBENS DE MENDONCA;MUNICIPAL;;ATENDIMENTOS NOS TURNOS DA MANHA E A TARDE;68;M;;Não;NAO;;;;Não;-15.570369995389454;-56.06914922883562;66 84221435;2025-10-11
726370;MARIA LUCIA SADDI ORNELLAS DE ALMEIDA;MARIA LUCIA SADDI ORNELLAS DE ALMEIDA;510340;Cuiabá;Sim;Sim;CENTRO SUL;RUA FERREIRA MENDES;MUNICIPAL;;ATENDIMENTO SOMENTE PELA MANHA;22;M;Não;Não;NAO;Não;Não;Não;Sim;-15.600336966093233;-56.09986589157519;;2025-09-03
738204;CLINICA SORRITA;FRANGE ODONTOLOGIA LTDA;510340;Cuiabá;Sim;Sim;SANTO ANTONIO DO PED;GOVERNADOR DANTE MARTINS DE OLIVEIRA;MUNICIPAL;;ATENDIMENTOS NOS TURNOS DA MANHA E A TARDE;36;M;Não;Não;NAO;Não;Não;Não;Sim;-15.593932699690427;-56.07362863772479;65 81329216;2025-09-03
738212;KALON;KALON DENTAL SOLUTIONS LTDA;510340;Cuiabá;Sim;Sim;SANTA ROSA;MIGUEL SUTIL;MUNICIPAL;;ATENDIMENTOS NOS TURNOS DA MANHA E A TARDE;36;M;Não;Não;NAO;Não;Não;Não;Sim;-15.5795744;-56.1100098;66 34382359;2025-09-03
738239;ALLEVIARE;ALLEVIARE CLINICA DE TRATAMENTO DA DOR LTDA;510340;Cuiabá;Sim;Sim;CIDADE ALTA;SENADOR METELLO;MUNICIPAL;;ATENDIMENTOS NOS TURNOS DA MANHA E A TARDE;36;M;Não;Não;NAO;Não;Não;Não;Não;-15.599844144642775;-56.11607658982932;65 30287328;2025-10-11
738719;DROGARIA ELEMENTAL;DROGARIA ELEMENTAL COMERCIO DE MEDICAMENTOS LTDA;510340;Cuiabá;Sim;Sim;GRANDE TERCEIRO;MANOEL JOSE DE ARRUDA;MUNICIPAL;;ATENDIMENTOS NOS TURNOS DA MANHA E A TARDE;43;M;;Não;NAO;;;;Não;-15.6638346;-56.1356021;65 99190285;2025-09-03
739537;FABRICIO ALMEIDA CIRURGIA PLASTICA;ALMEIDA MEDICINA E CIRURGIA LTDA;510340;Cuiabá;Sim;Sim;QUILOMBO;SAO SEBASTIAO;MUNICIPAL;;ATENDIMENTOS NOS TURNOS DA MANHA E A TARDE;36;M;Não;Não;NAO;Não;Não;Não;Não;-15.585772289400447;-56.098944169953505;65 30287328;2025-10-17
740195;HIPERMED SERVICOS MEDICOS HOSPITALARES;HIPERMED SERVICOS MEDICOS HOSPITALARES EM RECUPERACAO JUDI;510340;Cuiabá;Sim;Sim;CENTRO SUL;COMANDANTE COSTA;MUNICIPAL;;ATENDIMENTOS NOS TURNOS DA MANHA E A TARDE;36;M;Não;Não;SIM;Não;Não;Não;Sim;-15.598804024936388;-56.10079781568896;65 99119085;2025-11-04
740985;DROGARIA ULTRAPOPULAR;DROGARIA DMD LTDA;510340;Cuiabá;Sim;Sim;POPULAR;OITO DE ABRIL;MUNICIPAL;;ATENDIMENTO NOS TURNOS DA MANHA, TARDE E NOITE;43;M;;Não;NAO;;;;Sim;-15.597616;-56.1099496;21 26354903;2025-09-03
741019;ULTRA POPULAR;MARTINS BONFIM COMERCIO LTDA;510340;Cuiabá;Sim;Sim;CIDADE ALTA;AGRICOLA PAES DE BARROS;MUNICIPAL;;ATENDIMENTO NOS TURNOS DA MANHA, TARDE E NOITE;43;M;Não;Não;NAO;Não;Não;Não;Sim;-15.607193520086723;-56.120088045149465;65 92192465;2025-11-27
743712;VERITA CARE CUIABA;AMRR TERAPIAS INTEGRATIVAS PARA PROMOCAO DE SAUDE LTDA;510340;Cuiabá;Sim;Sim;GOIABEIRAS;DOM BOSCO;MUNICIPAL;;ATENDIMENTO NOS TURNOS DA MANHA, TARDE E NOITE;36;M;Não;Não;NAO;Não;Não;Não;Não;-15.585678349999998;-56.06662851554688;65 99942435;2025-09-03
743801;LYGIA METELLO FONOAUDIOLOGIA INFANTIL LTDA;LYGIA METELLO FONOAUDIOLOGIA INFANTIL LTDA;510340;Cuiabá;Sim;Sim;JARDIM CUIABA;DAS FLORES;MUNICIPAL;;ATENDIMENTOS NOS TURNOS DA MANHA E A TARDE;36;M;Não;Não;NAO;Não;Não;Não;Não;-15.594673044772211;-56.116524248892574;65 30287328;2026-07-07
743828;DELLA CRUZ ODONTOLOGIA;DELLA CRUZ ODONTOLOGIA LTDA;510340;Cuiabá;Sim;Sim;BANDEIRANTES;DIOGO DOMINGOS FERREIRA;MUNICIPAL;;ATENDIMENTOS NOS TURNOS DA MANHA E A TARDE;36;M;Não;Não;NAO;Não;Não;Não;Sim;-15.5999333;-56.0931906;65 36242063;2025-09-03
743844;INTENSIVA CLINICA DE REABILITACAO;FRANCIELE GERMANO DE PAULA EIRELI;510340;Cuiabá;Sim;Sim;BOA ESPERANCA;QUARENTA E NOVE;MUNICIPAL;;ATENDIMENTOS NOS TURNOS DA MANHA E A TARDE;22;M;Não;Não;NAO;Não;Não;Não;Não;-15.5843902;-56.0195069;65 92731846;2025-09-03
743887;DROGARIA ULTRAPOPULAR;DROGARIA DMD LTDA;510340;Cuiabá;Sim;Sim;COXIPO;FERNANDO CORREA DA COSTA;MUNICIPAL;;ATENDIMENTO NOS TURNOS DA MANHA, TARDE E NOITE;43;M;;Não;NAO;;;;Sim;-15.629758809085242;-56.054205665648425;21 26354903;2025-10-17
746142;IMUNOCLIN CLINICA DE VACINAS;IMUNOCLIN VACINAS CUIABA LTDA;510340;Cuiabá;Sim;Sim;BOSQUE DA SAUDE;ACLIMACAO;MUNICIPAL;;ATENDIMENTOS NOS TURNOS DA MANHA E A TARDE;85;M;Não;Não;NAO;Não;Não;Não;Não;-15.584551099999999;-56.07666488650719;65 81378068;2025-09-03
1051466;ERASMO FIGUEIREDO ALVES CORREA;ERASMO FIGUEIREDO ALVES CORREA;510340;Cuiabá;Sim;Sim;CIDADE ALTA;AVENIDA SAO SEBASTIAO;MUNICIPAL;;ATENDIMENTOS NOS TURNOS DA MANHA E A TARDE;22;M;Não;Não;NAO;Não;Não;Não;Não;-15.5997113;-56.1108162;(65)981010819;2025-09-03
751669;H FACES;H FACES ODONTOLOGIA CIRURGICA E BUCOMAXILOFACIAL LTDA;510340;Cuiabá;Sim;Sim;CENTRO SUL;TREZE DE JUNHO;MUNICIPAL;;ATENDIMENTOS NOS TURNOS DA MANHA E A TARDE;36;M;Não;Não;NAO;Não;Não;Não;Não;-15.6148525;-56.10930217092489;65 99127150;2025-09-03
754609;SER ESSENCIA;TATIANA LIMA DA SILVA FERNANDES;510340;Cuiabá;Sim;Sim;ARAES;MANOEL LEOPOLDINO;MUNICIPAL;;ATENDIMENTO NOS TURNOS DA MANHA, TARDE E NOITE;36;M;Não;Não;NAO;Não;Não;Não;Não;-15.5843218;-56.0933776;31 85763944;2025-09-03
761648;COTE CENTRO DE ORTOPEDIA E TRAUMATOLOGIA ESPECIALIZADA;COTE CENTRO DE ORTOPEDIA E TRAUMATOLOGIA ESPECIALIZADA LTD;510340;Cuiabá;Sim;Sim;BOSQUE DA SAUDE;ACLIMACAO;MUNICIPAL;;ATENDIMENTOS NOS TURNOS DA MANHA E A TARDE;36;M;Não;Não;NAO;Não;Não;Não;Sim;-15.58701815;-56.07747991197754;65 36234995;2025-09-03
761664;CLINICA MUNDO AZUL;CLINICA MUNDO AZUL EIRELI;510340;Cuiabá;Sim;Sim;JARDIM DAS AMERICAS;LIMA;MUNICIPAL;;ATENDIMENTOS NOS TURNOS DA MANHA E A TARDE;36;M;Não;Não;NAO;Não;Não;Não;Não;-15.6073786;-56.0594951;65 92856848;2025-09-03
763969;FARMA GUIA;DROGARIA N SRA DA GUIA EIRELI;510340;Cuiabá;Sim;Sim;CENTRO;VICENTE DE FIGUEIREDO;MUNICIPAL;;ATENDIMENTOS NOS TURNOS DA MANHA E A TARDE;43;M;Não;Não;NAO;Não;Não;Não;Sim;-15.670739988078521;-56.14101175475108;65 33534189;2025-10-17
768189;CLINICA ODONTOLOGICA MURIEL;MURIEL NUNES AMARAL LTDA;510340;Cuiabá;Sim;Sim;SANTA ROSA;JOSE RODRIGUES DO PRADO;MUNICIPAL;;ATENDIMENTOS NOS TURNOS DA MANHA E A TARDE;36;M;Não;Não;NAO;Não;Não;Não;Sim;-15.58457260761165;-56.11610530000001;65 92926886;2025-10-11
768898;FARMACIA NOSSA SENHORA DE FATIMA;FARMACIA NOSSA SENHORA DE FATIMA LTDA;510340;Cuiabá;Sim;Sim;CENTRO;ISAAC POVOAS;MUNICIPAL;;ATENDIMENTOS NOS TURNOS DA MANHA E A TARDE;43;M;;Não;NAO;;;;Sim;-15.5914847;-56.1079;;2025-09-03
773328;DR DANILO SOUZA REABILITACAO ORAL E IMPLANTES;DANILO OLIVEIRA DE SOUZA LTDA;510340;Cuiabá;Sim;Sim;LIXEIRA;PROFESSOR JOAO GOMES MONTEIRO SOBRINHO;MUNICIPAL;;ATENDIMENTOS NOS TURNOS DA MANHA E A TARDE;22;M;Não;Não;NAO;Não;Não;Não;Não;-15.597768914934594;-56.08477325097754;65 99728112;2025-10-17
778974;CAMPOS E ROMERO;CAMPOS E ROMERO LTDA;510340;Cuiabá;Sim;Sim;BOSQUE DA SAUDE;ACLIMACAO;MUNICIPAL;;ATENDIMENTOS NOS TURNOS DA MANHA E A TARDE;22;M;Não;Não;NAO;Não;Não;Não;Não;-15.58701815;-56.07747991197754;65 30287328;2025-09-03
782513;K L SERVICOS DE DERMATOLOGIA E ESTETICA;K L SERVICOS DE DERMATOLOGIA E ESTETICA LTDA;510340;Cuiabá;Sim;Sim;JARDIM CUIABA;DAS VIOLETAS;MUNICIPAL;;ATENDIMENTOS NOS TURNOS DA MANHA E A TARDE;22;M;Não;Não;NAO;Não;Não;Não;Não;-15.594964631672148;-56.114202805243664;65 30287328;2025-09-03
784370;CAPILLARY MT;CLINICA BELLA IMAGEM LTDA;510340;Cuiabá;Sim;Sim;ALVORADA;MIGUEL SUTIL;MUNICIPAL;;ATENDIMENTOS NOS TURNOS DA MANHA E A TARDE;22;M;Não;Não;NAO;Não;Não;Não;Não;-15.5694444;-56.09682628190633;65 99972701;2025-09-03
786519;SORRIZE CLINICA ODONTOLOGICA;SORRIZE CLINICA ODONTOLOGICA EIRELI;510340;Cuiabá;Sim;Sim;MORADA DA SERRA;COCA NUC HAB CPA IV;MUNICIPAL;;ATENDIMENTOS NOS TURNOS DA MANHA E A TARDE;22;M;Não;Não;NAO;Não;Não;Não;Não;-15.560812760029867;-56.03779930069898;65 30544077;2025-11-27
786527;FARMACIA REDE DO POVO;FARMACIA REDE DO POVO LTDA;510340;Cuiabá;Sim;Sim;CENTRO SUL;TENENTE CEL THOGO DA SILVA PEREIRA;MUNICIPAL;;ATENDIMENTOS NOS TURNOS DA MANHA E A TARDE;43;M;;Não;NAO;;;;Não;-15.60354141897142;-56.10253707581277;65 30540515;2025-10-17
788023;INPEO;INSTITUTO DE PESQUISA EXTENSAO E ENSINO ODONTOLOGICO LTDA;510340;Cuiabá;Sim;Sim;CENTRO SUL;COMANDANTE COSTA;MUNICIPAL;;ATENDIMENTOS NOS TURNOS DA MANHA E A TARDE;22;M;Não;Não;NAO;Não;Não;Não;Não;-15.6032809;-56.1053928;65 30515040;2025-09-03
789232;GINGER BARANHUK RABELLO DE MELLO;GINGER BARANHUK RABELLO DE MELLO;510340;Cuiabá;Sim;Sim;CENTRO;RUA VINTE E QUATRO DE OUTUBRO;MUNICIPAL;;ATENDIMENTOS NOS TURNOS DA MANHA E A TARDE;22;M;Não;Não;NAO;Não;Não;Não;Não;-15.5947669;-56.1009106;6530287328;2025-09-03
789240;ESPACO PSICOLOGICO CARMEM CHABA;TRANSCENDER ESPACO PSICOLOGICO EIRELI;510340;Cuiabá;Sim;Sim;BOA ESPERANCA;TRINTA E CINCO;MUNICIPAL;;ATENDIMENTOS NOS TURNOS DA MANHA E A TARDE;22;M;Não;Não;NAO;Não;Não;Não;Não;-15.6145551;-56.0668122;65 99896030;2025-09-03
789852;ELAINE APARECIDA RIVOLTA TOZETTO;ELAINE APARECIDA RIVOLTA TOZETTO;510340;Cuiabá;Sim;Sim;JARDIM CUIABA;RUA DAS VIOLETAS;MUNICIPAL;;ATENDIMENTOS NOS TURNOS DA MANHA E A TARDE;22;M;Não;Não;NAO;Não;Não;Não;Não;-15.6366249;-56.0138951;;2025-09-03
789860;TM SERVICOS DE ESTETICA E BELEZA;TM SERVICOS DE ESTETICA E BELEZA LTDA;510340;Cuiabá;Sim;Sim;SANTA ROSA;PORTUGAL;MUNICIPAL;;ATENDIMENTOS NOS TURNOS DA MANHA E A TARDE;36;M;Não;Não;NAO;Não;Não;Não;Não;-15.5737397;-56.0823545;65 30287328;2026-03-17
793841;OUVIR MENTE PSICOLOGIA CLINICA E ORGANIZACIONAL;OUVIR MENTE PSICOLOGIA CLINICA E ORGANIZACIONAL LTDA;510340;Cuiabá;Sim;Sim;CENTRO SUL;TENENTE CORONEL THOGO DA SILVA PEREIRA;MUNICIPAL;;ATENDIMENTOS NOS TURNOS DA MANHA E A TARDE;36;M;Não;Não;NAO;Não;Não;Não;Não;-15.603712285058187;-56.10268865133001;65 99644633;2025-09-03
794996;VISION CARE;ANDREA C L PREZA CIA LTDA;510340;Cuiabá;Sim;Sim;JARDIM CUIABA;GENERAL RAMIRO DE NORONHA;MUNICIPAL;;ATENDIMENTOS NOS TURNOS DA MANHA E A TARDE;22;M;Não;Não;NAO;Não;Não;Não;Não;-15.5972828;-56.1099098;65 36238382;2025-09-03
5236401;ANTONIO AUGUSTO DE CARVALHO;ANTONIO AUGUSTO DE CARVALHO;510340;Cuiabá;Sim;Sim;CENTRO;RUA GENERAL VALLE;MUNICIPAL;;ATENDIMENTO SOMENTE PELA MANHA;22;M;Não;Não;NAO;Não;Não;Não;Não;;;65 3322-3796;2025-09-03
5256445;PEDRO ROMAO DE MOURA NETO;PEDRO ROMAO DE MOURA NETO;510340;Cuiabá;Sim;Sim;JARDIM CUIABA;RUA DOS LIRIOS;MUNICIPAL;;ATENDIMENTO SOMENTE A TARDE;22;M;Não;Não;NAO;Não;Não;Não;Não;-15.595210405895328;-56.11390641299772;;2025-11-27
5267730;OSVALDO TOMIYAMA;OSVALDO TOMIYAMA;510340;Cuiabá;Sim;Sim;ARAES;RUA GAGO COUTINHO;MUNICIPAL;;ATENDIMENTOS NOS TURNOS DA MANHA E A TARDE;22;M;Não;Não;NAO;Não;Não;Não;Não;-15.591648075662379;-56.091347599882546;65 2128-8000;2025-09-03
5270960;OTILIA MARIA TEOFILO;OTILIA MARIA TEOFILO;510340;Cuiabá;Sim;Sim;CENTRO;AVENIDA ISAAC POVOAS;MUNICIPAL;;ATENDIMENTO SOMENTE A TARDE;22;M;Não;Não;NAO;Não;Não;Não;Não;-15.596634469864204;-56.10010476053044;65 3321-0517;2025-09-03
5365899;TATIANA OPOLSKI;TATIANA OPOLSKI;510340;Cuiabá;Sim;Sim;TIJUCAL;RUA 404;MUNICIPAL;;ATENDIMENTOS NOS TURNOS DA MANHA E A TARDE;22;M;Não;Não;NAO;Não;Não;Não;Sim;-15.634933566697605;-56.0077019;65 3665-1234;2025-11-27
802077;CLINICA DR MARCO AURELIO;HOMEOPATIA RIBEIRO EIRELI;510340;Cuiabá;Sim;Sim;BOA ESPERANCA;NOVE;MUNICIPAL;;ATENDIMENTOS NOS TURNOS DA MANHA E A TARDE;22;M;Não;Não;NAO;Não;Não;Não;Sim;-15.5650345;-56.0404485;65 30543046;2025-09-03
805696;JLL SERVICOS MEDICOS LTDA;JLL SERVICOS MEDICOS LTDA;510340;Cuiabá;Sim;Sim;JARDIM CUIABA;DAS CAMELIAS;MUNICIPAL;;ATENDIMENTOS NOS TURNOS DA MANHA E A TARDE;22;M;Não;Não;NAO;Não;Não;Não;Não;-15.6396195;-56.0124555;65 30287328;2025-09-03
808008;GRANDY DH;GRANDY DESENVOLVIMENTO HUMANO LTDA;510340;Cuiabá;Sim;Sim;JARDIM ITALIA;ERICO GONCALVES PREZA FILHO;MUNICIPAL;;ATENDIMENTO NOS TURNOS DA MANHA, TARDE E NOITE;22;M;Não;Não;NAO;Não;Não;Não;Não;-15.5896046;-56.0613217;65 21272316;2025-09-03
2393638;CEDIC;CEDIC CENTRO DE DIAGNOSTICOS POR IMAGEM DE CUIABA LTDA;510340;Cuiabá;Sim;Sim;CENTRO;BARAO DE MELGACO;MUNICIPAL;;ATENDIMENTOS NOS TURNOS DA MANHA E A TARDE;39;M;;Não;NAO;;;;Sim;-15.596;-56.097;;2025-09-03
2393646;IRHPA;INSTITUTO DE DIAGNOSTICO POR IMAGEM LTDA;510340;Cuiabá;Sim;Sim;CENTRO;GENERAL VALLE;MUNICIPAL;;ATENDIMENTOS NOS TURNOS DA MANHA E A TARDE;39;M;;Não;NAO;;;;Sim;-15.602518200276315;-56.091237066639714;65 36110000;2025-09-03
817341;DRA MARINA DERMATOLOGISTA;MARINA BEZERRA DERMATOLOGIA LTDA;510340;Cuiabá;Sim;Sim;JARDIM ITALIA;ERICO GONCALVES PREZA FILHO;MUNICIPAL;;ATENDIMENTO COM TURNOS INTERMITENTES;22;M;Não;Não;NAO;Não;Não;Não;Não;-15.603311207876752;-56.05781383634692;65 36217879;2026-07-21
819484;NESPOLI SERVICOS MEDICOS;PAULA C DA SILVA CIA LTDA;510340;Cuiabá;Sim;Sim;BAU;CORUMBA;MUNICIPAL;;ATENDIMENTOS NOS TURNOS DA MANHA E A TARDE;22;M;Não;Não;NAO;Não;Não;Não;Não;-15.5909906;-56.0882884;65 99389401;2025-09-03
820717;DILENNY CARVALHO STUDIO PILATES ESTETIC;D F DE CARVALHO;510340;Cuiabá;Sim;Sim;CENTRO NORTE;PRESIDENTE JOAQUIM AUGUSTO DA COSTA MARQUES;MUNICIPAL;;ATENDIMENTO NOS TURNOS DA MANHA, TARDE E NOITE;22;M;Não;Não;NAO;Não;Não;Não;Não;-15.591721879282442;-56.10012569379445;65 92126674;2025-10-17
821039;UTI UNIMED CUIABA;UNIMED CUIABA COOPERATIVA DE TRABALHO MEDICO;510340;Cuiabá;Sim;Sim;ARAES;MARECHAL DEODORO;MUNICIPAL;;ATENDIMENTO CONTINUO DE 24 HORAS/DIA (PLANTAO:INCLUI SABADOS, DOMINGOS E FERIADOS);7;M;Não;Sim;NAO;Não;Não;Não;Não;-15.5958114;-56.1017934;65 36123339;2025-09-03
828483;CMO CENTRO MATOGROSSENSE DE OFTALMOLOGIA;CMO CENTRO MATOGROSSENSE DE OFTALMOLOGIA LTDA;510340;Cuiabá;Sim;Sim;BAU;HISTORIADOR RUBENS DE MENDONCA;MUNICIPAL;;ATENDIMENTOS NOS TURNOS DA MANHA E A TARDE;36;M;Sim;Sim;SIM;Sim;Não;Não;Não;-15.5485883;-56.0528094;65 81322714;2025-09-03
835129;CLINICA MONTE CARE;CLINICA MONTE CARE LTDA;510340;Cuiabá;Sim;Sim;JARDIM TROPICAL;URUGUAI;MUNICIPAL;;ATENDIMENTO COM TURNOS INTERMITENTES;22;M;Não;Não;NAO;Não;Não;Não;Não;-15.5887365;-56.1254684;65 99014818;2025-09-03
837369;TRIUNFO;CLINICA DE PSICOLOGIA BORBOLETAS EIRELI;510340;Cuiabá;Sim;Sim;BELA VISTA;D MIRANTE DE CUIABA;MUNICIPAL;;ATENDIMENTO NOS TURNOS DA MANHA, TARDE E NOITE;36;M;Não;Não;NAO;Não;Não;Não;Não;-15.6161042;-56.1091625;65 92850633;2025-09-03
837482;GENESIS LABORATORIO DE ANALISES CLINICAS E CITOPATOLOGI;GENESIS LABORATORIO DE ANALISES CLINICAS E CITOPATOLOGIA LTD;510340;Cuiabá;Sim;Sim;PEDRA 90;NEWTON RABELLO DE CASTRO;MUNICIPAL;;ATENDIMENTO SOMENTE A TARDE;39;M;Não;Não;NAO;Não;Não;Não;Sim;-15.6306883;-55.9621822;65 92916140;2025-09-03
839132;DEBORA MORAES NASCIMENTO FILGUEIRA;DEBORA MORAES NASCIMENTO FILGUEIRA;510340;Cuiabá;Sim;Sim;PLANALTO;RUA CAXIMBO LOT PLANALTO SET A;MUNICIPAL;;ATENDIMENTOS NOS TURNOS DA MANHA E A TARDE;22;M;Não;Não;NAO;Não;Não;Não;Não;-15.596;-56.097;;2025-12-17
843148;CLINICA SOU SAUDE;CLINICA SOU MAIS SAUDE MEDICINA INTEGRADA LTDA;510340;Cuiabá;Sim;Sim;LIXEIRA;PROFESSOR JOAO GOMES MONTEIRO SOBRINHO;MUNICIPAL;;ATENDIMENTOS NOS TURNOS DA MANHA E A TARDE;22;M;Não;Não;NAO;Não;Não;Não;Sim;-15.596;-56.097;65 30548400;2025-09-03
848557;INSTITUTO PATRIS;INSTITUTO PATRIS;510340;Cuiabá;Sim;Sim;JARDIM DAS AMERICAS;CIDADE DO MEXICO;MUNICIPAL;;ATENDIMENTOS NOS TURNOS DA MANHA E A TARDE;36;M;Não;Não;NAO;Não;Não;Não;Não;-15.607938483937524;-56.07506265282071;65 30286055;2025-11-04
853402;ODONTO VILLY SAUDE E DIAGNOSTICO;ODONTO VILLY SAUDE LTDA;510340;Cuiabá;Sim;Sim;TRES BARRAS;QUINZE;MUNICIPAL;;ATENDIMENTOS NOS TURNOS DA MANHA E A TARDE;22;M;Não;Não;NAO;Não;Não;Não;Não;-15.6241079;-55.9535174;65 99945084;2025-09-03
854107;TATIANA CASTRILLON GUARESQUI BEXIGA;TATIANA CASTRILLON GUARESQUI BEXIGA;510340;Cuiabá;Sim;Sim;JARDIM ACLIMACAO;NIGERIA;MUNICIPAL;;ATENDIMENTO SOMENTE A TARDE;22;M;Não;Não;NAO;Não;Não;Não;Não;-15.5869776;-56.1236053;65 81197171;2025-09-03
945072;ONCONEUROLOGIA;ZANARDO SERVICOS MEDICOS LTDA;510340;Cuiabá;Sim;Sim;CENTRO SUL;COMANDANTE COSTA;MUNICIPAL;;ATENDIMENTO SOMENTE PELA MANHA;22;M;Não;Não;NAO;Não;Não;Não;Não;-15.601475324393833;-56.10377198940323;65 30287328;2025-09-03
7223129;ANGELA KEIKO WATANABE;ANGELA KEIKO WATANABE;510340;Cuiabá;Sim;Sim;CENTRO;RUA ANTONIO MARIA;MUNICIPAL;;ATENDIMENTOS NOS TURNOS DA MANHA E A TARDE;22;M;Não;Não;NAO;Não;Não;Não;Sim;-15.599504492467336;-56.097307971588926;3322-9493;2025-10-11
865087;FERNANDA CRISTINA BORGES ARAUJO JESUS;FERNANDA CRISTINA BORGES ARAUJO JESUS;510340;Cuiabá;Sim;Sim;BANDEIRANTES;GENERAL VALE;MUNICIPAL;;ATENDIMENTO NOS TURNOS DA MANHA, TARDE E NOITE;22;M;Não;Não;NAO;Não;Não;Não;Não;-15.602212155018087;-56.09104585711006;65 99983981;2025-10-17
869368;ESPACO ALINE FRANCIA;A M F BARROSO LTDA;510340;Cuiabá;Sim;Sim;JARDIM CUIABA;DAS FLORES;MUNICIPAL;;ATENDIMENTOS NOS TURNOS DA MANHA E A TARDE;22;M;Não;Não;NAO;Não;Não;Não;Não;-15.594642043126038;-56.11664763050237;65 99721417;2025-10-17
873527;SANTANA SILVA E PAGOTTO;C H DE SANTANA SILVA E D F PAGOTTO LTDA;510340;Cuiabá;Sim;Sim;PEDRA 90;NEWTON RABELLO DE CASTRO;MUNICIPAL;;ATENDIMENTO NOS TURNOS DA MANHA, TARDE E NOITE;36;M;Não;Não;SIM;Não;Não;Não;Sim;-15.6315106;-55.946492;65 96040222;2025-09-03
875392;CLINICA SALUTARE;WESLEY LOPES NONATO;510340;Cuiabá;Sim;Sim;QUILOMBO;MARECHAL FLORIANO PEIXOTO;MUNICIPAL;;ATENDIMENTO NOS TURNOS DA MANHA, TARDE E NOITE;22;M;Não;Não;NAO;Não;Não;Não;Não;-15.591692151559597;-56.101964578763265;65 92356696;2025-09-03
877417;COGITARE CLINICA DE PSICOLOGIA;COGITARE CLINICA DE PSICOLOGIA AVALIACAO PSICOLOGICA E NE;510340;Cuiabá;Sim;Sim;CENTRO SUL;BARAO DE MELGACO;MUNICIPAL;;ATENDIMENTOS NOS TURNOS DA MANHA E A TARDE;22;M;Não;Não;NAO;Não;Não;Não;Não;-16.1956788;-55.9668317;65 93321026;2025-09-03
884243;IMMII INSTITUTO MATOGROSSENSE DE MEDICINA INTERNA E I;INSTITUTO MATOGROSSENSE DE MEDICINA INTERNA E INFECTOLOGIA L;510340;Cuiabá;Sim;Sim;DUQUE DE CAXIAS;MAJOR ARNALDO DE MATTOS CABRAL;MUNICIPAL;;ATENDIMENTOS NOS TURNOS DA MANHA E A TARDE;36;M;Não;Não;NAO;Não;Não;Não;Sim;-15.569989;-56.073252;65 30287328;2026-07-21
889571;NUTRICAO COM HARMONIA;MDM SERVICOS DE ESCRITORIO ADMINISTRATIVO LTDA;510340;Cuiabá;Sim;Sim;JARDIM DAS AMERICAS;RUA MANOEL DA COSTA;MUNICIPAL;;ATENDIMENTO SOMENTE A TARDE;22;M;Não;Não;NAO;Não;Não;Não;Não;-15.601777285636953;-56.11520676539937;65 30511833;2025-09-03
890510;SMC CLINICA ODONTOLOGICA;SMC CLINICA ODONTOLOGICA LTDA;510340;Cuiabá;Sim;Sim;CENTRO NORTE;GENEROSO PONCE;MUNICIPAL;;ATENDIMENTOS NOS TURNOS DA MANHA E A TARDE;22;M;Não;Não;NAO;Não;Não;Não;Não;-15.601428;-56.0960104;84 99427100;2025-09-03
890553;SOS SAUDE SERVICOS MEDICOS;SOS SAUDE SERVICOS MEDICOS LTDA;510340;Cuiabá;Sim;Sim;RESIDENCIAL PAIAGUAS;DOUTOR HELIO RIBEIRO;MUNICIPAL;;ATENDIMENTOS NOS TURNOS DA MANHA E A TARDE;36;M;Não;Não;NAO;Não;Não;Não;Não;-15.5593563;-56.0750576;65 96268804;2025-09-03
895962;CONCEITO CLINICA ODONTOLOGICA;CONCEITO CLINICA ODONTOLOGICA LTDA;510340;Cuiabá;Sim;Sim;JARDIM PETROPOLIS;SA PORTO 1;MUNICIPAL;;ATENDIMENTOS NOS TURNOS DA MANHA E A TARDE;22;M;Não;Não;NAO;Não;Não;Não;Não;-15.616732840918033;-56.07359872618705;65 81504008;2025-09-03
895997;CLINICA EXISTIR;CLINICA DE PSICOLOGIA MMC LTDA;510340;Cuiabá;Sim;Sim;JARDIM ITALIA;CARRARA;MUNICIPAL;;ATENDIMENTOS NOS TURNOS DA MANHA E A TARDE;36;M;Não;Não;NAO;Não;Não;Não;Não;-15.601361919100786;-56.05900393350615;65 96116894;2026-07-07
896020;CADIM CENTRO AVANCADO DE DIAGNOSTICO POR IMAGEM LTDA;CADIM CENTRO AVANCADO DE DIAGNOSTICO POR IMAGEM LTDA;510340;Cuiabá;Sim;Sim;BOSQUE DA SAUDE;ACLIMACAO;MUNICIPAL;;ATENDIMENTOS NOS TURNOS DA MANHA E A TARDE;36;M;Não;Não;SIM;Não;Não;Não;Não;-15.582322927945231;-56.076305508613586;65 21216363;2025-09-03
898252;PRAXIS DESENVOLVIMENTO INFANTIL;J C L F F B K LTDA;510340;Cuiabá;Sim;Sim;SANTA ROSA;MIGUEL SEROR;MUNICIPAL;;ATENDIMENTO NOS TURNOS DA MANHA, TARDE E NOITE;22;M;Não;Não;NAO;Não;Não;Não;Não;-15.585694916412157;-56.11751506030182;66 96126460;2025-09-03
901873;EMAD EMAP EQUIPES MULTIPROFISSIONAIS;SECRETARIA MUNICIPAL DE SAUDE;510340;Cuiabá;Sim;Sim;JARDIM IMPERIAL;RUA 2300;MUNICIPAL;;ATENDIMENTOS NOS TURNOS DA MANHA E A TARDE;77;M;Não;Não;SIM;Não;Não;Não;Sim;-15.6122159;-56.0252644;65 3617-1661;2025-09-03
905364;COMVIDA MEDICINA DIAGNOSTICA LTDA;COMVIDA MEDICINA DIAGNOSTICA LTDA;510340;Cuiabá;Sim;Sim;MORADA DA SERRA;CAMPINAS NUC HAB CPA I;MUNICIPAL;;ATENDIMENTOS NOS TURNOS DA MANHA E A TARDE;22;M;Não;Não;NAO;Não;Não;Não;Não;-15.596;-56.097;65 30287328;2025-09-03
905534;AMB3;AMB3 SERVICOS MEDICOS LTDA;510340;Cuiabá;Sim;Sim;MORADA DA SERRA;CAMPINAS NUC HAB CPA I;MUNICIPAL;;ATENDIMENTOS NOS TURNOS DA MANHA E A TARDE;22;M;Não;Não;NAO;Não;Não;Não;Não;-15.557948292046866;-56.05225681910316;65 36231000;2025-09-11
908908;CEDROC CLINICA DE RADIOLOGIA ODONTOLOGICA LTDA;CEDROC CLINICA DE RADIOLOGIA ODONTOLOGICA LTDA;510340;Cuiabá;Sim;Sim;BAU;HISTORIADOR RUBENS DE MENDONCA;MUNICIPAL;;ATENDIMENTOS NOS TURNOS DA MANHA E A TARDE;36;M;Não;Não;SIM;Não;Não;Não;Não;-15.5485883;-56.0528094;65 92380707;2025-09-03
917672;VITAL DOR E REGENERACAO;VITAL SAUDE SERVICOS MEDICOS LTDA;510340;Cuiabá;Sim;Sim;JARDIM CUIABA;DAS FLORES;MUNICIPAL;;ATENDIMENTOS NOS TURNOS DA MANHA E A TARDE;22;M;Não;Não;NAO;Não;Não;Não;Não;-15.594804599990379;-56.11662926747386;65 30287328;2025-09-03
921815;EMPATICA PSICOLOGIA E SAUDE;EMPATICA PSICOLOGIA E SAUDE LTDA;510340;Cuiabá;Sim;Sim;BOSQUE DA SAUDE;HISTORIADOR RUBENS DE MENDONCA;MUNICIPAL;;ATENDIMENTOS NOS TURNOS DA MANHA E A TARDE;22;M;Não;Não;NAO;Não;Não;Não;Não;-15.581313136752641;-56.077655053088364;65 99610061;2025-10-17
921904;CARDIOCENTER MT SERVICOS CARDIOLOGICOS;CARDIOCENTER MT SERVICOS CARDIOLOGICOS LTDA;510340;Cuiabá;Sim;Sim;BOSQUE DA SAUDE;HISTORIADOR RUBENS DE MENDONCA;MUNICIPAL;;ATENDIMENTOS NOS TURNOS DA MANHA E A TARDE;22;M;Não;Não;NAO;Não;Não;Não;Não;-15.579886963515243;-56.07790181627867;65 36231000;2026-07-07
924776;PSICOLOGIA E EXISTIR;PSICOLOGIA E EXISTIR LTDA;510340;Cuiabá;Sim;Sim;MORADA DA SERRA;SETENTA E OITO NUC HAB CPA III;MUNICIPAL;;ATENDIMENTOS NOS TURNOS DA MANHA E A TARDE;22;M;Não;Não;NAO;Não;Não;Não;Não;-15.562891540290167;-56.044123587122215;65 36462384;2025-10-11
927554;BUCAL ORTHO ODONTOLOGIA ESPECIALIZADA;BRUNO HENRIQUE CARNEIRO DE SOUZA DENTISTA;510340;Cuiabá;Sim;Sim;GOIABEIRAS;SENADOR FILINTO MULLER;MUNICIPAL;;ATENDIMENTOS NOS TURNOS DA MANHA E A TARDE;22;M;Não;Não;NAO;Não;Não;Não;Sim;-14.7240924;-56.3387677;65 99495396;2025-09-03
928712;JANINE HORSTH SILVA EIRELI;JANINE HORSTH SILVA EIRELI;510340;Cuiabá;Sim;Sim;BOSQUE DA SAUDE;ESMERALDA;MUNICIPAL;;ATENDIMENTOS NOS TURNOS DA MANHA E A TARDE;22;M;Não;Não;NAO;Não;Não;Não;Não;-15.5901877;-56.082131;65 92171451;2025-09-03
9639357;CONSULTORIO ODONTOLOGICO ANNY KELLEN;ANNY KELLEN PIRES MENDES MANTELE;510340;Cuiabá;Sim;Sim;ALVORADA;AV HISTORIADOR RUBENS DE MENDONCA;MUNICIPAL;;ATENDIMENTOS NOS TURNOS DA MANHA E A TARDE;22;M;Não;Não;NAO;Não;Não;Não;Sim;-15.596;-56.097;(65) 98445-1972;2025-09-03
9958061;HOSPITALLAR SAUDE;HOSPITALLAR ASSISTENCIA MEDICA DOMICILIAR LTDA;510340;Cuiabá;Sim;Sim;JARDIM DAS AMERICAS;LA PAZ;MUNICIPAL;;ATENDIMENTO CONTINUO DE 24 HORAS/DIA (PLANTAO:INCLUI SABADOS, DOMINGOS E FERIADOS);77;M;Não;Não;NAO;Não;Não;Não;Sim;-15.606646153203544;-56.07497046166003;65 30529077;2025-09-03
6079210;ADELSON BALBINO VIEIRA;ADELSON BALBINO VIEIRA;510340;Cuiabá;Sim;Sim;BAU;RUA SAO BENEDITO;MUNICIPAL;;ATENDIMENTO SOMENTE PELA MANHA;22;M;Não;Não;NAO;Não;Não;Não;Sim;-15.59727936749579;-56.0886297515228;3023 - 3773;2025-09-03
936081;ORTOPMT SERVICOS MEDICOS LTDA;ORTOPMT SERVICOS MEDICOS LTDA;510340;Cuiabá;Sim;Sim;JARDIM CUIABA;DAS FLORES;MUNICIPAL;;ATENDIMENTOS NOS TURNOS DA MANHA E A TARDE;22;M;Não;Não;NAO;Não;Não;Não;Não;-15.59489813708571;-56.119991247036744;65 30273199;2025-09-03
938130;ROMA MEDICAL CARE;ROMA MEDICAL CARE EIRELI;510340;Cuiabá;Sim;Sim;DUQUE DE CAXIAS;AV LAPA PES CUIABA;MUNICIPAL;;ATENDIMENTOS NOS TURNOS DA MANHA E A TARDE;22;M;Não;Não;NAO;Não;Não;Não;Não;-15.589727495581002;-56.10884936029458;65 99156699;2025-09-03
938998;ALVES FONOAUDIOLOGIA;JARDELINE ALVES DOS SANTOS;510340;Cuiabá;Sim;Sim;BANDEIRANTES;MANOEL GARCIA VELHO;MUNICIPAL;;ATENDIMENTOS NOS TURNOS DA MANHA E A TARDE;22;M;Não;Não;NAO;Não;Não;Não;Não;-15.600171480588997;-56.092007216575816;65 92886819;2025-10-11
5256275;JOSE ARAUJO SILVA;JOSE ARAUJO SILVA;510340;Cuiabá;Sim;Sim;CENTRO;RUA ANTONIO MARIA COELHO;MUNICIPAL;;ATENDIMENTO SOMENTE PELA MANHA;22;M;Não;Não;NAO;Não;Não;Não;Não;-15.601147946005563;-56.099272367891466;65 3624-1929;2025-09-03
5289564;CAROLINA MALUF PEREIRA;CAROLINA MALUF PEREIRA;510340;Cuiabá;Sim;Sim;CENTRO;RUA SAO BENEDITO;MUNICIPAL;;ATENDIMENTOS NOS TURNOS DA MANHA E A TARDE;22;M;Não;Não;NAO;Não;Não;Não;Sim;-15.594110884460084;-56.092469171471684;65 3321-6419;2026-06-02
940267;SANTA ROSA VISION;SANTA ROSA VISION LTDA;510340;Cuiabá;Sim;Sim;SANTA ROSA;WALDO GUSTAVO OLAVARRIA CALVO;MUNICIPAL;;ATENDIMENTOS NOS TURNOS DA MANHA E A TARDE;22;M;Não;Não;NAO;Não;Não;Não;Não;-15.58404551588532;-56.12108413372401;65 92730615;2025-11-27
940275;CLINIKIDS;CLINIKIDS ESPECIALIDADES PEDIATRICAS LTDA;510340;Cuiabá;Sim;Sim;JARDIM CUIABA;DAS CAMELIAS;MUNICIPAL;;ATENDIMENTOS NOS TURNOS DA MANHA E A TARDE;22;M;Não;Não;NAO;Não;Não;Não;Não;-15.6392988;-56.0133302;65 30287328;2025-09-03
941360;CLINICA POPULAR FAMILIA DE JESUS;F BUREI TOZETTO;510340;Cuiabá;Sim;Sim;BAU;H;MUNICIPAL;;ATENDIMENTOS NOS TURNOS DA MANHA E A TARDE;22;M;Não;Não;NAO;Não;Não;Não;Não;-15.5986686;-56.0991301;65 81051566;2025-09-03
941433;CLINICA ABRACA ME;CLINICA ABRACA ME LTDA;510340;Cuiabá;Sim;Sim;BAU;SANTO ANTONIO;MUNICIPAL;;ATENDIMENTOS NOS TURNOS DA MANHA E A TARDE;22;M;Não;Não;NAO;Não;Não;Não;Não;-15.593399039054415;-56.08997315682038;65 92144889;2025-09-03
942898;IMATI;INSTITUTO MATOGROSSENSE DE TERAPIA INTENSIVA LTDA;510340;Cuiabá;Sim;Sim;DOM AQUINO;DO SEMINARIO;MUNICIPAL;;ATENDIMENTO NOS TURNOS DA MANHA, TARDE E NOITE;36;M;;Sim;NAO;;;;Não;-15.6463723;-56.0943398;62 39565850;2025-09-03
943223;PLENITUDE;PLENITUDE NEURO REABILITACAO INTERDISCIPLINAR LTDA;510340;Cuiabá;Sim;Sim;CENTRO SUL;SENADOR METELLO;MUNICIPAL;;ATENDIMENTO NOS TURNOS DA MANHA, TARDE E NOITE;36;M;Não;Não;NAO;Não;Não;Não;Não;-15.60750392649406;-56.106833181756414;65 99528144;2025-09-03
9697853;VALORE DAY HOSPITAL;HOSPITAL VALORE LTDA;510340;Cuiabá;Sim;Sim;SANTA ROSA;WALDO GUSTAVO OLAVARRIA CALVO;MUNICIPAL;;ATENDIMENTO CONTINUO DE 24 HORAS/DIA (PLANTAO:INCLUI SABADOS, DOMINGOS E FERIADOS);5;M;Sim;Sim;NAO;Sim;Não;Não;Sim;-15.58411858339675;-56.12159510562486;65 36212018;2025-09-03
9777555;INSTITUTO TERRA SAUDE E ODONTOLOGIA;A M TERRA;510340;Cuiabá;Sim;Sim;CENTRO NORTE;VOLUNTARIOS DA PATRIA;MUNICIPAL;;ATENDIMENTOS NOS TURNOS DA MANHA E A TARDE;22;M;Não;Não;NAO;Não;Não;Não;Sim;-15.593496949250964;-56.09679212605362;65 81327088;2025-09-03
9868763;IPEC;IPEC INSTITUTO DE PSIQUIATRIA E ESTIMULACAO CEREBRAL LTDA;510340;Cuiabá;Sim;Sim;JARDIM CUIABA;DOS CRISANTEMOS;MUNICIPAL;;ATENDIMENTOS NOS TURNOS DA MANHA E A TARDE;36;M;Não;Não;NAO;Não;Não;Não;Sim;-15.595158384063971;-56.12018878988594;65 21271275;2025-09-03
9949402;IPA INSTITUTO DE PSICOLOGIA APLICADA;IPA INSTITUTO DE PSICOLOGIA APLICADA LTDA;510340;Cuiabá;Sim;Sim;JARDIM IMPERIAL;MIL E SEISCENTOS;MUNICIPAL;;ATENDIMENTOS NOS TURNOS DA MANHA E A TARDE;36;M;Não;Não;NAO;Não;Não;Não;Sim;-15.611173363435434;-56.02425582977349;65 33587000;2025-09-03
9949755;INSTITUTO ANGELICA ALMEIDA FISIOPILATES;ANGELICA ALMEIDA DE CAMPOS MOREIRA;510340;Cuiabá;Sim;Sim;SANTA ROSA;ALEMANHA;MUNICIPAL;;ATENDIMENTOS NOS TURNOS DA MANHA E A TARDE;36;M;Não;Não;NAO;Não;Não;Não;Sim;-15.582519359579246;-56.122108130694926;65 81224089;2025-09-03
36838;TOXILABOR;E SPINOSA DA SILVA EIRELI;510340;Cuiabá;Sim;Sim;JARDIM DAS AMERICAS;FERNANDO CORREA DA COSTA;MUNICIPAL;;ATENDIMENTOS NOS TURNOS DA MANHA E A TARDE;36;M;Não;Não;NAO;Não;Não;Não;Sim;-15.596;-56.097;65 30576405;2025-09-03
43869;LABORATORIO CARLOS CHAGAS UNIDADE BANDEIRANTES;LABORATORIO CARLOS CHAGAS LTDA;510340;Cuiabá;Sim;Sim;BANDEIRANTES;MANOEL GARCIA VELHO;MUNICIPAL;;ATENDIMENTOS NOS TURNOS DA MANHA E A TARDE;39;M;Não;Não;NAO;Não;Não;Não;Sim;-15.6010383;-56.0942224;65 39014700;2025-09-03
43885;LABORATORIO CARLOS CHAGAS UNIDADE FEMINA II;LABORATORIO CARLOS CHAGAS LTDA;510340;Cuiabá;Sim;Sim;BAU;CORUMBA;MUNICIPAL;;ATENDIMENTOS NOS TURNOS DA MANHA E A TARDE;39;M;Não;Não;NAO;Não;Não;Não;Sim;-15.592494062607729;-56.0898660420152;65 39014700;2025-11-13
43893;LABORATORIO CARLOS CHAGAS UNIDADE BARAO DE MELGACO;LABORATORIO CARLOS CHAGAS LTDA;510340;Cuiabá;Sim;Sim;CENTRO SUL;BARAO DE MELGACO;MUNICIPAL;;ATENDIMENTOS NOS TURNOS DA MANHA E A TARDE;39;M;Não;Não;NAO;Não;Não;Não;Sim;-16.46289935;-56.1169489699347;65 39014700;2025-09-03
47589;H CLIN TERAPIA INFANTIL ESPECIALIZADA;FRANCIELLY M HEBERT;510340;Cuiabá;Sim;Sim;CENTRO SUL;BARAO DE MELGACO;MUNICIPAL;;ATENDIMENTOS NOS TURNOS DA MANHA E A TARDE;36;M;Não;Não;NAO;Não;Não;Não;Sim;-15.603268653648444;-56.103608393279394;65 99401546;2026-07-21
52264;INSTITUTO DO MOVIMENTO;INSTITUTO DO MOVIMENTO MEDICO E FISIOTERAPICO LTDA;510340;Cuiabá;Sim;Sim;LIXEIRA;SAO BENEDITO;MUNICIPAL;;ATENDIMENTOS NOS TURNOS DA MANHA E A TARDE;36;M;Não;Não;NAO;Não;Não;Não;Sim;-15.5956333;-56.0917388;65 21277512;2025-09-03
56707;MEDICINA MAZUY E CARVALHO;MEDICINA ESPECIALIZADA M E C LTDA;510340;Cuiabá;Sim;Sim;POCAO;GENERAL MELO;MUNICIPAL;;ATENDIMENTO SOMENTE PELA MANHA;36;M;Não;Não;NAO;Não;Não;Não;Sim;-15.6079457;-56.0900439;65 99777089;2025-09-03
56731;UROPELV;KARLA MERCEDES DE LIMA SODA;510340;Cuiabá;Sim;Sim;JARDIM CUIABA;DAS FLORES;MUNICIPAL;;ATENDIMENTOS NOS TURNOS DA MANHA E A TARDE;36;M;Não;Não;NAO;Não;Não;Não;Sim;-15.5448254;-56.0431998;65 99030996;2025-09-03
63703;SONICARDIO;ARRUDA ARRUDA JUNIOR LTDA;510340;Cuiabá;Sim;Sim;DOM AQUINO;DO SEMINARIO;MUNICIPAL;;ATENDIMENTOS NOS TURNOS DA MANHA E A TARDE;39;M;Não;Não;SIM;Não;Não;Não;Sim;-15.6025389;-56.0977491;65 36346753;2025-09-03
69191;AUDIO MT APARELHOS AUDITIVOS;JANAINA NATALIA METELO PEDROSO;510340;Cuiabá;Sim;Sim;ARAES;HISTORIADOR RUBENS DE MENDONCA;MUNICIPAL;;ATENDIMENTOS NOS TURNOS DA MANHA E A TARDE;36;M;Não;Não;NAO;Não;Não;Não;Sim;-15.596077690774894;-56.09718918800354;65 92800554;2025-09-03
85839;ELADIUM INSTITUTO DE ENDOMETRIOSE;ELADIUM INSTITUTO DE ENDOMETRIOSE E CIRURGIA MINIMAMENTE INV;510340;Cuiabá;Sim;Sim;JARDIM CUIABA;DAS FLORES;MUNICIPAL;;ATENDIMENTOS NOS TURNOS DA MANHA E A TARDE;36;M;Não;Não;NAO;Não;Não;Não;Sim;-15.5956292;-56.1116336;65 92178730;2025-09-03
109290;HOPE SAUDE;HOPE SAUDE GESTAO HOSPITALAR LTDA;510340;Cuiabá;Sim;Sim;ALVORADA;HISTORIADOR RUBENS DE MENDONCA;MUNICIPAL;;ATENDIMENTOS NOS TURNOS DA MANHA E A TARDE;36;M;Não;Não;NAO;Não;Não;Não;Sim;-15.58779863960352;-56.08337345152382;65 32234297;2025-09-03
116440;VIVENTI HOME CARE;VIVENTI HOME CARE HOSPITAL DOMICILIAR LTDA;510340;Cuiabá;Sim;Sim;JARDIM CUIABA;DAS ORQUIDEAS;MUNICIPAL;;ATENDIMENTOS NOS TURNOS DA MANHA E A TARDE;77;M;Não;Não;NAO;Não;Não;Não;Sim;-15.5605323;-56.0805155;62 39565850;2025-09-03
127221;IFMT CAMPUS BELA VISTA;INSTITUTO FEDERAL DE EDUCACAO CIENCIA E TECNOLOGIA DE MATO;510340;Cuiabá;Sim;Sim;BELA VISTA;AVENIDA JULIANO COSTA MARQUES;MUNICIPAL;;ATENDIMENTOS NOS TURNOS DA MANHA E A TARDE;39;M;Não;Não;SIM;Não;Não;Não;Sim;-15.58019255453357;-56.06151376234213;65 33185100;2025-09-03
136611;PEREZ ATENDIMENTO AMBULATORIAL E HOSPITALAR;PEREZ ATENDIMENTO AMBULATORIAL E HOSPITALAR LTDA;510340;Cuiabá;Sim;Sim;ALVORADA;HISTORIADOR RUBENS DE MENDONCA;MUNICIPAL;;ATENDIMENTOS NOS TURNOS DA MANHA E A TARDE;36;M;Não;Não;NAO;Não;Não;Não;Sim;-15.587801208236467;-56.083516954772236;65 32234297;2025-09-03
163384;MEDCAL SAUDE;MEDCAL SAUDE S S;510340;Cuiabá;Sim;Sim;JARDIM ACLIMACAO;HISTORIADOR RUBENS DE MENDONCA;MUNICIPAL;;ATENDIMENTOS NOS TURNOS DA MANHA E A TARDE;36;M;Não;Não;NAO;Não;Não;Não;Não;-15.5470348;-56.0515211;65 32234297;2025-09-03
176818;CLINICA REATIVE CUIABA;JULIANA DA SILVA COSTA CIA LTDA;510340;Cuiabá;Sim;Sim;JARDIM CUIABA;DAS CAMELIAS;MUNICIPAL;;ATENDIMENTOS NOS TURNOS DA MANHA E A TARDE;36;M;Não;Não;NAO;Não;Não;Não;Sim;-15.595008868322195;-56.114503949768725;65 91197809;2025-10-11
179655;USF PARQUE OHARA;SECRETARIA MUNICIPAL DE SAUDE SMS;510340;Cuiabá;Sim;Sim;PARQUE OHARA;RUA JOAO DE BARROA;MUNICIPAL;;ATENDIMENTOS NOS TURNOS DA MANHA E A TARDE;2;M;Não;Não;SIM;Não;Não;Não;Sim;-15.628669014803089;-56.04814192621459;65 3617-7364;2025-09-03
200069;LIFE PILATES E FISIOTERAPIA ESPECIALIZADA;ISABELLA CRISTINA TAQUES DA SILVA;510340;Cuiabá;Sim;Sim;GOIABEIRAS;AV IPIRANGA;MUNICIPAL;;ATENDIMENTOS NOS TURNOS DA MANHA E A TARDE;36;M;Não;Não;NAO;Não;Não;Não;Sim;-15.6086981;-56.1158023;65 9224 2876;2025-09-03
221392;TAIAMA EMERGENCIAS MEDICAS;A DELGADO SOLUCOES LTDA;510340;Cuiabá;Sim;Sim;CENTRO NORTE;BATISTA DAS NEVES;MUNICIPAL;;ATENDIMENTOS NOS TURNOS DA MANHA E A TARDE;40;M;Não;Não;NAO;Não;Não;Não;Sim;-15.591838635528067;-56.09619690335317;65 33596342;2025-09-03
224804;FACILITTA SERVICOS MEDICOS;FACILITTA SERVICOS MEDICOS LTDA;510340;Cuiabá;Sim;Sim;BANDEIRANTES;GENERAL VALE;MUNICIPAL;;ATENDIMENTOS NOS TURNOS DA MANHA E A TARDE;36;M;Não;Não;NAO;Não;Não;Não;Sim;-15.60265815;-56.092005456044205;65 36231000;2025-09-03
226971;PRIME DIAGNOSTICO POR IMAGEM;PRIME DIAGNOSTICO POR IMAGEM LTDA;510340;Cuiabá;Sim;Sim;SANTA ROSA;SINJAO CURVO;MUNICIPAL;;ATENDIMENTO NOS TURNOS DA MANHA, TARDE E NOITE;39;M;Não;Não;SIM;Não;Não;Não;Sim;-15.586116929209288;-56.115431994722165;65 30287328;2025-09-03
256625;UNICA PSICOLOGIA LTDA;UNICA PSICOLOGIA LTDA;510340;Cuiabá;Sim;Sim;JARDIM CUIABA;DOS GIRASSOIS;MUNICIPAL;;ATENDIMENTOS NOS TURNOS DA MANHA E A TARDE;36;M;Não;Não;NAO;Não;Não;Não;Sim;-15.597416481230004;-56.113575643744426;65 96459023;2025-10-11
264946;PSICOCENTER CLINICAS INTEGRADAS;PSICOCENTER CLINICAS INTEGRADAS LTDA;510340;Cuiabá;Sim;Sim;SANTA ROSA;MIGUEL SUTIL;MUNICIPAL;;ATENDIMENTOS NOS TURNOS DA MANHA E A TARDE;36;M;Não;Não;NAO;Não;Não;Não;Sim;-15.5898364;-56.0788355;65 96199297;2025-09-03
278521;JOAO LEAO PINTO NETO;JOAO LEAO PINTO NETO EIRELI;510340;Cuiabá;Sim;Sim;BANDEIRANTES;CORONEL PEIXOTO;MUNICIPAL;;ATENDIMENTO SOMENTE A TARDE;36;M;Não;Não;NAO;Não;Não;Não;Sim;-15.601146;-56.095469;65 84637522;2025-09-03
281514;SAE CTA REGIONAL NORTE;SECRETARIA MUNICIPAL DE SAUDE SMS;510340;Cuiabá;Sim;Sim;CPA I;RUA ABIDOS;MUNICIPAL;;ATENDIMENTOS NOS TURNOS DA MANHA E A TARDE;36;M;Não;Não;SIM;Não;Não;Não;Sim;-15.5546894;-56.0546452;;2026-02-14
287377;SOARES E CHRISTONI SERVICOS MEDICOS;SOARES E CHRISTONI SERVICOS MEDICOS LTDA;510340;Cuiabá;Sim;Sim;SANTA ROSA;HELIO CORREA DA COSTA;MUNICIPAL;;ATENDIMENTOS NOS TURNOS DA MANHA E A TARDE;36;M;Não;Não;NAO;Não;Não;Não;Sim;-15.596;-56.097;65 92200128;2025-09-03
297798;AUTENTIC MIND;AUTENTIC MIND SERVICOS MEDICOS LTDA;510340;Cuiabá;Sim;Sim;JARDIM CUIABA;DOS GIRASSOIS;MUNICIPAL;;ATENDIMENTO SOMENTE A TARDE;36;M;Não;Não;NAO;Não;Não;Não;Sim;-15.6386896;-56.01073;65 30287328;2025-09-03
299987;CLINICA MIND;ROGONI SERVICOS MEDICOS LTDA;510340;Cuiabá;Sim;Sim;JARDIM CUIABA;DAS FLORES;MUNICIPAL;;ATENDIMENTOS NOS TURNOS DA MANHA E A TARDE;36;M;Não;Não;NAO;Não;Não;Não;Sim;-15.59474027494871;-56.11958194869665;65 36232116;2025-10-11
303054;VITOR ELIAS ROSSETTO DA SILVA;VITOR ELIAS ROSSETTO DA SILVA EIRELI;510340;Cuiabá;Sim;Sim;DUQUE DE CAXIAS;MARECHAL ANTONIO ANIBAL DA MOTTA;MUNICIPAL;;ATENDIMENTOS NOS TURNOS DA MANHA E A TARDE;36;M;Não;Não;NAO;Não;Não;Não;Sim;-15.596;-56.097;65 98040170;2025-09-03
303062;VIVER MELHOR;AZ SOLUCOES INTELIGENTES LTDA;510340;Cuiabá;Sim;Sim;BOSQUE DA SAUDE;ACLIMACAO;MUNICIPAL;;ATENDIMENTOS NOS TURNOS DA MANHA E A TARDE;36;M;Não;Não;NAO;Não;Não;Não;Sim;-15.58260315;-56.076452641767126;65 99653011;2025-09-03
311537;USF ILZA TEREZINHA PICOLLI;SECRETARIA MUNICIPAL DE SAUDE;510340;Cuiabá;Sim;Sim;RESID ILZA TEREZINH;RUA K;MUNICIPAL;;ATENDIMENTOS NOS TURNOS DA MANHA E A TARDE;2;M;Não;Não;SIM;Não;Não;Não;Sim;-15.5845984;-56.0479382;65 3617-7364;2025-09-03
399272;INOVA TELEDIGITAL;INOVA TELEMEDICINA DIGITAL LTDA;510340;Cuiabá;Sim;Sim;JARDIM ACLIMACAO;HISTORIADOR RUBENS DE MENDONCA;MUNICIPAL;;ATENDIMENTOS NOS TURNOS DA MANHA E A TARDE;36;M;Não;Não;NAO;Não;Não;Não;Sim;-15.584983725464479;-56.07980558420867;65 33211876;2025-09-03
419281;CLINICA HARMONIZE;CLINICA HARMONIZE LTDA;510340;Cuiabá;Sim;Sim;BOSQUE DA SAUDE;HISTORIADOR RUBENS DE MENDONCA;MUNICIPAL;;ATENDIMENTOS NOS TURNOS DA MANHA E A TARDE;36;M;Não;Não;NAO;Não;Não;Não;Sim;-15.586557747327323;-56.08128639480707;65 99581794;2025-09-03
419311;AFIP PS;ASSOCIACAO FUNDO DE INCENTIVO A PESQUISA;510340;Cuiabá;Sim;Sim;BANDEIRANTES;GENERAL VALLE;MUNICIPAL;;ATENDIMENTO CONTINUO DE 24 HORAS/DIA (PLANTAO:INCLUI SABADOS, DOMINGOS E FERIADOS);39;M;Não;Não;SIM;Não;Não;Não;Sim;-15.596;-56.097;11 32552525;2025-09-03
423130;RAIA DROGASIL S A;RAIA DROGASIL S A;510340;Cuiabá;Sim;Sim;JARDIM ITALIA;ERICO PREZA;MUNICIPAL;;ATENDIMENTO NOS TURNOS DA MANHA, TARDE E NOITE;43;M;Não;Não;NAO;Não;Não;Não;Não;-15.593544;-56.05989709895786;11 37695707;2025-09-03
427500;MC VASCULARES SERVICOS MEDICOS;MC VASCULARES SERVICOS MEDICOS LTDA;510340;Cuiabá;Sim;Sim;POCAO;MIRANDA REIS;MUNICIPAL;;ATENDIMENTO SOMENTE A TARDE;36;M;Não;Não;NAO;Não;Não;Não;Sim;-15.6041542;-56.0940446;65 30287328;2025-09-03
427519;PRUDENCIO LACERDA CARE;RENYEL BRUNO RODRIGUES PRUDENCIO;510340;Cuiabá;Sim;Sim;ARAES;TENENTE EULALIO GUERRA;MUNICIPAL;;ATENDIMENTOS NOS TURNOS DA MANHA E A TARDE;36;M;Não;Não;NAO;Não;Não;Não;Sim;-15.5902442;-56.0930178;65 21288102;2025-09-03
448079;SELFIQUE PSICOLOGIA;SELFIQUE PSICOLOGIA LTDA;510340;Cuiabá;Sim;Sim;JARDIM ACLIMACAO;HISTORIADOR RUBENS DE MENDONCA;MUNICIPAL;;ATENDIMENTOS NOS TURNOS DA MANHA E A TARDE;36;M;Não;Não;NAO;Não;Não;Não;Sim;-15.581079638310241;-56.0765268014831;65 81306784;2025-11-27
448117;INTEGRAR CLINICA MULTIDISCIPLINAR;INTEGRAR SERVICOS MULTIDISCIPLINAR LTDA;510340;Cuiabá;Sim;Sim;JARDIM CUIABA;DAS DALIAS;MUNICIPAL;;ATENDIMENTOS NOS TURNOS DA MANHA E A TARDE;36;M;Não;Não;NAO;Não;Não;Não;Sim;-15.594686093328505;-56.11709178872075;65 96622863;2025-11-04
452564;NUTRI CARE;NUTRI CARE PRODUTOS PARA SAUDE LTDA;510340;Cuiabá;Sim;Sim;COOPHAMIL;MIGUEL SUTIL;MUNICIPAL;;ATENDIMENTOS NOS TURNOS DA MANHA E A TARDE;36;M;Não;Não;NAO;Não;Não;Não;Sim;-15.621267270098153;-56.119586144456235;65 21294966;2025-09-03
452572;GUIO HOSPITALAR E NUTRICAO;NUTRILIFE PRODUTOS NUTRICIONAIS LTDA;510340;Cuiabá;Sim;Sim;CIDADE ALTA;MIGUEL SUTIL;MUNICIPAL;;ATENDIMENTOS NOS TURNOS DA MANHA E A TARDE;36;M;Não;Não;NAO;Não;Não;Não;Não;-15.5851237;-56.08263164828046;65 21368363;2025-09-03
455571;INSTITUTO SENAI DE TECNOLOGIA DE MATO GROSSO;SENAI SERVICO NACIONAL DE APRENDIZAGEM INDUSTRIAL;510340;Cuiabá;Sim;Sim;CENTRO NORTE;PRESIDENTE GETULIO VARGAS;MUNICIPAL;;ATENDIMENTOS NOS TURNOS DA MANHA E A TARDE;39;M;Não;Não;NAO;Não;Não;Não;Sim;-15.595030802772984;-56.09909138661099;65 36111625;2025-09-03
456411;CLINICA OTTIMIZZARE;ARB PSICOLOGIA LTDA;510340;Cuiabá;Sim;Sim;JARDIM MARIANA;MIGUEL SUTIL;MUNICIPAL;;ATENDIMENTOS NOS TURNOS DA MANHA E A TARDE;36;M;Não;Não;NAO;Não;Não;Não;Sim;-15.579259799278105;-56.11039825213652;65 92480792;2025-09-03
460877;CONSULTORIO NA RUA LUZ;SECRETARIA MUNICIPAL DE SAUDE;510340;Cuiabá;Sim;Sim;DOM AQUINO;AV CARMINDO DE CAMPOS;MUNICIPAL;;ATENDIMENTOS NOS TURNOS DA MANHA E A TARDE;2;M;Não;Não;NAO;Não;Não;Não;Sim;-15.613584741422342;-56.09854623570665;65 99213-3772;2026-03-03
464120;CENTRO DE CIRURGIA DE CABECA E PESCOCO;CENTRO DE CIRURGIA DE CABECA E PESCOCO LTDA;510340;Cuiabá;Sim;Sim;GOIABEIRAS;IPIRANGA;MUNICIPAL;;ATENDIMENTOS NOS TURNOS DA MANHA E A TARDE;36;M;Não;Não;NAO;Não;Não;Não;Sim;-15.596727088074935;-56.10551834209713;65 99838372;2025-09-03
490113;VACINA PRA TODOS;APICAL IMUNIZACOES LTDA;510340;Cuiabá;Sim;Sim;JARDIM EUROPA;JORNALISTA ROBERTO JACQUES BRUNINI;MUNICIPAL;;ATENDIMENTOS NOS TURNOS DA MANHA E A TARDE;85;M;Não;Não;NAO;Não;Não;Não;Não;-15.622453784236749;-56.08338945581972;65 36233777;2025-09-03
503886;UNIGASTRO ENDOSCOPIA ESPECIALIZADA;UNIGASTRO ENDOSCOPIA ESPECIALIZADA LTDA;510340;Cuiabá;Sim;Sim;MORADA DA SERRA;HISTORIADOR RUBENS DE MENDONCA;MUNICIPAL;;ATENDIMENTOS NOS TURNOS DA MANHA E A TARDE;36;M;Não;Não;NAO;Não;Não;Não;Sim;-15.55328325;-56.058864188482815;65 98114851;2025-09-03
514950;LUCIANA GASQUES DE SOUZA;LUCIANA GASQUES DE SOUZA LTDA;510340;Cuiabá;Sim;Sim;QUILOMBO;SAO SEBASTIAO;MUNICIPAL;;ATENDIMENTOS NOS TURNOS DA MANHA E A TARDE;36;M;Não;Não;NAO;Não;Não;Não;Sim;-15.588643898979061;-56.101184778092055;65 30287328;2025-09-03
517755;ONCOMAIS SERVICOS MEDICOS;ONCOMAIS SERVICOS MEDICOS LTDA;510340;Cuiabá;Sim;Sim;ARAES;TENENTE EULALIO GUERRA;MUNICIPAL;;ATENDIMENTO SOMENTE PELA MANHA;36;M;Não;Não;NAO;Não;Não;Não;Sim;-15.588985203349061;-56.0934589879835;65 81182710;2025-11-13
531723;GRIPP MEDICAL;GRIPP MEDICAL SERVICOS MEDICOS LTDA;510340;Cuiabá;Sim;Sim;DUQUE DE CAXIAS;JOSE MONTEIRO DE FIGUEIREDO;MUNICIPAL;;ATENDIMENTOS NOS TURNOS DA MANHA E A TARDE;36;M;Não;Não;NAO;Não;Não;Não;Sim;-15.58831947131587;-56.11091913816076;65 36149500;2025-11-04
534315;MORRONI SERVICOS MEDICOS;MORRONI SERVICOS MEDICOS LTDA;510340;Cuiabá;Sim;Sim;JARDIM CUIABA;DAS FLORES;MUNICIPAL;;ATENDIMENTO SOMENTE PELA MANHA;36;M;Não;Não;NAO;Não;Não;Não;Não;-15.594616553866796;-56.119849084659236;65 30287328;2025-11-13
534331;SB PERAZOLO;SB SERVICOS MEDICOS E ESTETICOS LTDA;510340;Cuiabá;Sim;Sim;DUQUE DE CAXIAS;ALMIRANTE HENRIQUE PINHEIRO GUEDES;MUNICIPAL;;ATENDIMENTO SOMENTE PELA MANHA;36;M;Não;Não;NAO;Não;Não;Não;Não;-15.588081004089103;-56.115804005198;65 30287328;2025-09-03
535338;ROSA LILLIAM PINHEIRO MONZON MEIRA;ROSA LILLIAM PINHEIRO MONZON MEIRA;510340;Cuiabá;Sim;Sim;ENZO RICCI;C;MUNICIPAL;;ATENDIMENTOS NOS TURNOS DA MANHA E A TARDE;36;M;Não;Não;NAO;Não;Não;Não;Não;-15.585097160450307;-56.10002118932813;65 33225186;2025-11-27
945668;PARADA TELEMEDICINA E TELESSAUDE;SERVICO DE TELEMEDICINA E TELESSAUDE BR LTDA;510340;Cuiabá;Sim;Sim;PORTO;IPIRANGA;MUNICIPAL;;ATENDIMENTOS NOS TURNOS DA MANHA E A TARDE;22;M;Não;Não;NAO;Não;Não;Não;Não;-15.605417823207985;-56.11254006468589;65 96641556;2025-11-27
948845;MARCELA SILVA OLIVEIRA FREIRE;MARCELA SILVA OLIVEIRA FREIRE;510340;Cuiabá;Sim;Sim;CIDADE ALTA;FREDERICO KUNZE LOT JD PRIMAVERA;MUNICIPAL;;ATENDIMENTOS NOS TURNOS DA MANHA E A TARDE;22;M;Não;Não;NAO;Não;Não;Não;Não;-15.599263365228751;-56.12229300084527;65 96861840;2025-11-27
957844;LABORATORIO UNIMED CUIABA BOSQUE DA SAUDE;UNIMED CUIABA COOPERATIVA DE TRABALHO MEDICO;510340;Cuiabá;Sim;Sim;BOSQUE DA SAUDE;ACLIMACAO;MUNICIPAL;;ATENDIMENTOS NOS TURNOS DA MANHA E A TARDE;39;M;Não;Não;NAO;Não;Não;Não;Sim;-15.5873908;-56.0778205;65 36123129;2025-09-03
957852;DELLA VITA FISIOTERAPIA;A H FISIOTERAPIA LTDA;510340;Cuiabá;Sim;Sim;CIDADE ALTA;DOUTOR LIMA AVELINO LOT JD PRIMAVERA;MUNICIPAL;;ATENDIMENTOS NOS TURNOS DA MANHA E A TARDE;22;M;Não;Não;NAO;Não;Não;Não;Não;-15.602791266937889;-56.124442897953145;65 99899793;2025-09-03
958182;CLINICA DE PSICOLOGIA SISTEMICA;CLINICA DE PSICOLOGIA SISTEMICA LTDA;510340;Cuiabá;Sim;Sim;POCAO;GENERAL VALE;MUNICIPAL;;ATENDIMENTOS NOS TURNOS DA MANHA E A TARDE;22;M;Não;Não;NAO;Não;Não;Não;Não;-15.6016091;-56.0881866;65 92268445;2025-09-03
961558;CLINICA DE SAUDE NUTRICIONAL MACENA;DANILO MACENA FERREIRA CAMARGO EIRELI;510340;Cuiabá;Sim;Sim;CENTRO SUL;BARAO DE MELGACO;MUNICIPAL;;ATENDIMENTOS NOS TURNOS DA MANHA E A TARDE;22;M;Não;Não;NAO;Não;Não;Não;Não;-15.60097687961984;-56.10092674699916;65 99910805;2025-10-11
961590;ESPACO INTEGRADO BLUE;CARINA KUHN;510340;Cuiabá;Sim;Sim;JARDIM MARIANA;MIGUEL SUTIL;MUNICIPAL;;ATENDIMENTOS NOS TURNOS DA MANHA E A TARDE;22;M;Não;Não;NAO;Não;Não;Não;Não;-16.2589672;-56.6261718;65 81483165;2025-09-03
965456;ESPACO SINGULAR;ESPACO SINGULAR EM SAUDE LTDA;510340;Cuiabá;Sim;Sim;BOA ESPERANCA;QUARENTA;MUNICIPAL;;ATENDIMENTOS NOS TURNOS DA MANHA E A TARDE;22;M;Não;Não;NAO;Não;Não;Não;Não;-15.5601403;-56.033491;65 92478427;2025-09-03
966606;INSTITUTO PIOTTO;INSTITUTO PIOTTO LTDA;510340;Cuiabá;Sim;Sim;JARDIM DAS AMERICAS;QUEBEC;MUNICIPAL;;ATENDIMENTOS NOS TURNOS DA MANHA E A TARDE;22;M;Não;Não;NAO;Não;Não;Não;Não;-15.607682879958126;-56.0681631689424;65 99959588;2025-11-04
968161;UMEX UNIDADE MOVEL DE EXAMES;SECRETARIA ESTADUAL DE SAUDE DE MATO GROSSO;510340;Cuiabá;Sim;Sim;CENTRO POLITICO ADMI;RUA D;ESTADUAL;;ATENDIMENTOS NOS TURNOS DA MANHA E A TARDE;40;E;Não;Não;SIM;Não;Não;Não;Sim;-15.56739936390219;-56.073124408721924;65-3613-5310;2025-09-03
968781;CLINICA PUZZLE;CLINICA PUZZLE INTERVENCAO COMPORTAMENTAL INFANTIL LTDA;510340;Cuiabá;Sim;Sim;JARDIM ITALIA;ERICO GONCALVES PREZA FILHO;MUNICIPAL;;ATENDIMENTOS NOS TURNOS DA MANHA E A TARDE;22;M;Não;Não;NAO;Não;Não;Não;Não;-15.603034448318084;-56.05883876234165;65 92021131;2025-09-03
969451;CLINICA GIRASSOIS;CLINICA GIRASSOIS LTDA;510340;Cuiabá;Sim;Sim;JARDIM TROPICAL;PORTUGAL;MUNICIPAL;;ATENDIMENTO SOMENTE PELA MANHA;22;M;Não;Não;NAO;Não;Não;Não;Não;-15.621764721182249;-56.08545422607794;65 36222826;2025-09-03
969788;CBS SERVICOS MEDICOS LTDA;CBS SERVICOS MEDICOS LTDA;510340;Cuiabá;Sim;Sim;BOSQUE DA SAUDE;HISTORIADOR RUBENS DE MENDONCA;MUNICIPAL;;ATENDIMENTOS NOS TURNOS DA MANHA E A TARDE;36;M;Não;Não;NAO;Não;Não;Não;Não;-15.579638932359419;-56.07764432422344;65 96266686;2025-10-11
973246;RANGEL PSICOLOGIA;SANDRA MARIA GUIMARAES DOS SANTOS RANGEL;510340;Cuiabá;Sim;Sim;BANDEIRANTES;GENERAL VALE;MUNICIPAL;;ATENDIMENTOS NOS TURNOS DA MANHA E A TARDE;22;M;Não;Não;NAO;Não;Não;Não;Não;-15.6018826;-56.0923791;65 33219955;2025-09-03
977144;VBHS SERVICOS MEDICOS S S LTDA;VBHS SERVICOS MEDICOS S S LTDA;510340;Cuiabá;Sim;Sim;RIBEIRAO DA PONTE;MIGUEL SUTIL;MUNICIPAL;;ATENDIMENTOS NOS TURNOS DA MANHA E A TARDE;22;M;Não;Não;NAO;Não;Não;Não;Não;-15.5749406;-56.1033889;65 30287328;2025-09-03
982660;TRANSFORMAR PSICOLOGIA;ADRIANE SOUZA NASCIMENTO;510340;Cuiabá;Sim;Sim;CENTRO NORTE;VINTE E QUATRO DE OUTUBRO;MUNICIPAL;;ATENDIMENTOS NOS TURNOS DA MANHA E A TARDE;22;M;Não;Não;NAO;Não;Não;Não;Não;-15.5921715;-56.1048764;65 93350039;2025-09-03
982806;ESPACO ESTIMULAR FONOAUDIOLOGIA E REABILITACAO;ESPACO NEUROESTIMULAR MT TERAPIAS INTEGRADAS LTDA;510340;Cuiabá;Sim;Sim;PICO DO AMOR;TIRADENTES;MUNICIPAL;;ATENDIMENTOS NOS TURNOS DA MANHA E A TARDE;22;M;Não;Não;NAO;Não;Não;Não;Não;-15.6029648;-56.095362;65 92253171;2025-09-03
990043;VIP SERVICOS MEDICOS;VIP PRESTACAO DE SERVICOS MEDICOS LTDA;510340;Cuiabá;Sim;Sim;CENTRO NORTE;CANDIDO MARIANO II;MUNICIPAL;;ATENDIMENTO NOS TURNOS DA MANHA, TARDE E NOITE;36;M;Não;Não;NAO;Não;Não;Não;Não;-15.592954886032816;-56.100865723293666;65 30522033;2025-09-03
990051;FAMILY MEDICINA E SAUDE;FAMILY MEDICINA E SAUDE LTDA;510340;Cuiabá;Sim;Sim;PAIAGUAS;DOUTOR HELIO RIBEIRO;MUNICIPAL;;ATENDIMENTO NOS TURNOS DA MANHA, TARDE E NOITE;36;M;Não;Não;NAO;Não;Não;Não;Não;-15.5585977;-56.0745347;65 21365257;2025-09-03
990868;ANDREIA CORREA PSIQUE;ANDREIA DE C CORREA E VALDIR A HEBERLE LTDA;510340;Cuiabá;Sim;Sim;CENTRO SUL;BARAO DE MELGACO;MUNICIPAL;;ATENDIMENTOS NOS TURNOS DA MANHA E A TARDE;36;M;Não;Não;NAO;Não;Não;Não;Não;-15.603795703840749;-56.103486337023156;65 36220364;2026-06-26
992631;CLIN VIDA;CLINVIDA CLINICA DA FAMILIA LTDA;510340;Cuiabá;Sim;Sim;MORADA DA SERRA;BRASIL NUC HAB CPA II;MUNICIPAL;;ATENDIMENTOS NOS TURNOS DA MANHA E A TARDE;36;M;Não;Não;NAO;Não;Não;Não;Não;-15.564330351548968;-56.05250950949431;65 92877091;2025-09-03
999725;CLINICA ABILITY SELF PSICOLOGIA PSICANALISE;CLINICA DE PSICOLOGIA PLMT LTDA;510340;Cuiabá;Sim;Sim;TIJUCAL;RADIALISTA EDSON LUIS DA SILVA;MUNICIPAL;;ATENDIMENTOS NOS TURNOS DA MANHA E A TARDE;22;M;Não;Não;NAO;Não;Não;Não;Não;-15.635283382691915;-56.017085209621236;65 92317377;2025-09-03
1046624;ROZELI ALVES GOMES;ROZELI ALVES GOMES;510340;Cuiabá;Sim;Sim;MORADA DA SERRA;AVENIDA RIBEIRAO PRETO;MUNICIPAL;;ATENDIMENTOS NOS TURNOS DA MANHA E A TARDE;22;M;Não;Não;NAO;Não;Não;Não;Não;-15.5556953;-56.0539751;65 98467-8082;2025-09-03
1046934;ELIZABETH JUSTINIANO CAPISTRANO PINHO;ELIZABETH JUSTINIANO CAPISTRANO PINHO;510340;Cuiabá;Sim;Sim;CENTRO;RUA TREZE DE JUNHO;MUNICIPAL;;ATENDIMENTOS NOS TURNOS DA MANHA E A TARDE;22;M;Não;Não;NAO;Não;Não;Não;Não;-15.5988672;-56.0959312;65 98127-3575;2025-09-03
1052683;ORAL OPTIMUS ODONTOLOGIA INTEGRADA;ORAL OPTIMUS ODONTOLOGIA INTEGRADA LTDA CNPJ 42424012000193;510340;Cuiabá;Sim;Sim;BOA ESPERANCA;RUA DESEMBARGADOR CESARINO DELFINO CESAR;MUNICIPAL;;ATENDIMENTOS NOS TURNOS DA MANHA E A TARDE;22;M;Não;Não;NAO;Não;Não;Não;Não;-15.6180309;-56.0529614;(65) 98468-9661;2025-09-03
1053078;FELIPE STEFANES SANTAMARIA;FELIPE STEFANES SANTAMARIA;510340;Cuiabá;Sim;Sim;CENTRO NORTE;RUA CORSINO DO AMARANTE;MUNICIPAL;;ATENDIMENTOS NOS TURNOS DA MANHA E A TARDE;22;M;Não;Não;NAO;Não;Não;Não;Não;-15.5907728;-56.098676;66 992339395;2025-09-03
1053477;LEILA FIGUEIREDO ALVES CORREA;LEILA FIGUEIREDO ALVES CORREA;510340;Cuiabá;Sim;Sim;JARDIM ITALIA;RUA NOVARA;MUNICIPAL;;ATENDIMENTO NOS TURNOS DA MANHA, TARDE E NOITE;22;M;Não;Não;NAO;Não;Não;Não;Não;-15.6017827;-56.0551262;(65) 99271-3435;2025-09-03
1055704;ADRIANA MOUSSA;ADRIANA BACARJI MOUSSA DE MIRANDA CNPJ 25337381000120;510340;Cuiabá;Sim;Sim;BOSQUE DA SAUDE;AV BOSQUE DA SAUDE;MUNICIPAL;;ATENDIMENTO NOS TURNOS DA MANHA, TARDE E NOITE;22;M;Não;Não;NAO;Não;Não;Não;Não;-15.5917445;-56.0817256;(65) 999444959;2025-09-03
1109715;STANLEYS HAIR CUIABA LTDA;STANLEYS HAIR CUIABA LTDA CNPJ 48303179000182;510340;Cuiabá;Sim;Sim;GOIABEIRA;AV DOM BOSCO;MUNICIPAL;;ATENDIMENTOS NOS TURNOS DA MANHA E A TARDE;22;M;Não;Não;NAO;Não;Não;Não;Não;-15.6082248;-56.0944999;(11) 1408-1695;2025-09-03
2311674;HOSPITAL E MATERNIDADE BOM JESUS;ASSOCIACAO BENEFICENTE BOM JESUS LTDA;510340;Cuiabá;Sim;Sim;SANTA ISABEL;AV AGRICOLA PAES DE BARROS;MUNICIPAL;;ATENDIMENTO CONTINUO DE 24 HORAS/DIA (PLANTAO:INCLUI SABADOS, DOMINGOS E FERIADOS);5;M;Sim;Sim;NAO;Sim;Sim;Sim;Sim;-15.596;-56.097;(65) 36376642;2025-09-03
2311682;HOSPITAL SANTA HELENA;HOSPITAL BENEFICENTE SANTA HELENA;510340;Cuiabá;Sim;Sim;ARAES;RUA MARECHAL DEODORO;MUNICIPAL;;ATENDIMENTO CONTINUO DE 24 HORAS/DIA (PLANTAO:INCLUI SABADOS, DOMINGOS E FERIADOS);5;M;Sim;Sim;SIM;Sim;Sim;Não;Sim;-15.58418825231758;-56.09452849079095;6521230341;2026-01-01
2393654;INCARDIO;INCARDIO INSTITUTO CARDIOVASCULAR DO CENTRO OESTE LTDA;510340;Cuiabá;Sim;Sim;DUQUE DE CAXIAS;ALMIRANTE HENRIQUE PINHEIRO GUEDES;MUNICIPAL;;ATENDIMENTOS NOS TURNOS DA MANHA E A TARDE;36;M;Não;Não;SIM;Não;Não;Não;Sim;-15.5881107791649;-56.115982600311824;;2025-09-03
2393662;LABORATORIO CARLOS CHAGAS;LABORATORIO CARLOS CHAGAS LTDA;510340;Cuiabá;Sim;Sim;DOM AQUINO;DO SEMINARIO;MUNICIPAL;;ATENDIMENTOS NOS TURNOS DA MANHA E A TARDE;39;M;Não;Não;NAO;Não;Não;Não;Sim;-15.6475511;-56.0965386;61 33298000;2025-09-03
2393670;PREVENCOR;PREVENCOR DIAGNOSTICO NAO INVASIVO LTDA;510340;Cuiabá;Sim;Sim;BOSQUE DA SAUDE;TOPAZIO;MUNICIPAL;;ATENDIMENTOS NOS TURNOS DA MANHA E A TARDE;36;M;Não;Não;NAO;Não;Não;Não;Sim;-15.58861454212931;-56.077729758443354;65 36262200;2025-09-03
2393689;COR;CENTRO DE ONCOLOGIA E RADIOTERAPIA LTDA;510340;Cuiabá;Sim;Sim;DOM AQUINO;DO SEMINARIO;MUNICIPAL;;ATENDIMENTOS NOS TURNOS DA MANHA E A TARDE;36;M;Não;Não;NAO;Não;Não;Não;Sim;-15.601872765852168;-56.095405724382815;65 81190044;2026-07-07
2393697;CECAN;CENTRO DE CANCER DE CUIABA LTDA;510340;Cuiabá;Sim;Sim;CPA I;HISTORIADOR RUBENS DE MENDONCA;MUNICIPAL;;ATENDIMENTOS NOS TURNOS DA MANHA E A TARDE;36;M;Não;Não;NAO;Não;Não;Não;Sim;-15.54483220689424;-56.051398462912346;65 36247471;2025-10-11
2393700;ITC;INSTITUTO DE TUMORES E CUIDADOS PALEATIVOS DE CUIABA S C LTD;510340;Cuiabá;Sim;Sim;CENTRO;RUA 13 DE JUNHO;MUNICIPAL;;ATENDIMENTOS NOS TURNOS DA MANHA E A TARDE;36;M;Não;Não;NAO;Não;Não;Não;Sim;-15.60443715061627;-56.10109534739806;(65)36249031;2026-07-11
2393719;CENTRO DE ONCOLOGIA DE CUIABA LTDA;CENTRO DE ONCOLOGIA DE CUIABA LTDA;510340;Cuiabá;Sim;Sim;JARDIM CUIABA;DAS FLORES;MUNICIPAL;;ATENDIMENTOS NOS TURNOS DA MANHA E A TARDE;36;M;Não;Não;NAO;Não;Não;Não;Sim;-15.594717003992079;-56.11785238257925;065 3215220;2025-10-11
2393727;CLINICA DE TRATAMENTO RENAL;CLINICA DE TRATAMENTO RENAL LTDA;510340;Cuiabá;Sim;Sim;JARDIM CUIABA;DAS ORQUIDEAS;MUNICIPAL;;ATENDIMENTO NOS TURNOS DA MANHA, TARDE E NOITE;36;M;Não;Não;SIM;Não;Não;Não;Sim;-15.637286;-56.0138797;65 30257047;2025-09-03
2393735;SECRETARIA MUNICIPAL DE SAUDE DE CUIABA;PREFEITURA MUNICIPAL DE CUIABA;510340;Cuiabá;Sim;Sim;DUQUE DE CAXIAS I;RUA GENERAL ANIBAL DA MATA;MUNICIPAL;;ATENDIMENTOS NOS TURNOS DA MANHA E A TARDE;68;M;;Não;SIM;;;;Sim;-15.589201611961613;-56.11816421559777;(65) 3617-7355;2025-09-03
2393417;CENTRO DE REABILITACAO INTEGRAL DOM AQUINO CORREA CUIABA;SECRETARIA DE ESTADO DE SAUDE;510340;Cuiabá;Sim;Sim;CENTRO POLITICO ADMI;RUA G;ESTADUAL;;ATENDIMENTOS NOS TURNOS DA MANHA E A TARDE;36;E;Não;Não;SIM;Não;Não;Não;Sim;-15.5634655;-56.0723893;(65) 36131928;2025-09-03
2393425;UROCENTRO;CENTRO DE LITOTRIPSIA E DOENCA DA PROSTATA DE CUIABA LTDA;510340;Cuiabá;Sim;Sim;BOSQUE DA SAUDE;ACLIMACAO;MUNICIPAL;;ATENDIMENTOS NOS TURNOS DA MANHA E A TARDE;39;M;Não;Não;NAO;Não;Não;Não;Sim;-15.58701815;-56.07747991197754;65 3025-1922;2025-09-03
2393441;USF DA GUIA;PREFEITURA MUNICIPAL DE CUIABA;510340;Cuiabá;Sim;Sim;NOSSA SRA GUIA;RUA VICENTE FIGUEIREDO;MUNICIPAL;;ATENDIMENTOS NOS TURNOS DA MANHA E A TARDE;2;M;Não;Não;SIM;Não;Não;Não;Sim;-15.665824584491595;-56.13594490817828;(65) 3353-4013;2025-09-03
2393468;CLINICA ODONTOLOGICA DO PASCOAL RAMOS;PREFEITURA MUNICIPAL DE CUIABA;510340;Cuiabá;Sim;Sim;PASCOAL RAMOS;RUA BENEDITO ANTONIO;MUNICIPAL;;ATENDIMENTO NOS TURNOS DA MANHA, TARDE E NOITE;36;M;Não;Não;SIM;Não;Não;Não;Sim;-15.6398742;-55.9806558;(65)36171653;2025-09-03
2393476;USF PARQUE CUIABA;PREFEITURA MUNICIPAL DE CUIABA;510340;Cuiabá;Sim;Sim;PARQUE CUIABA;RUA D 4;MUNICIPAL;;ATENDIMENTOS NOS TURNOS DA MANHA E A TARDE;2;M;Não;Não;SIM;Não;Não;Não;Sim;-15.660018571466887;-56.048910027203284;(65) 3617-1640;2025-09-03
2393484;USF JARDIM VITORIA III;PREFEITURA MUNICIPAL DE CUIABA;510340;Cuiabá;Sim;Sim;JD VITORIA;AV B;MUNICIPAL;;ATENDIMENTOS NOS TURNOS DA MANHA E A TARDE;2;M;Não;Não;SIM;Não;Não;Não;Não;-15.557484539968645;-56.071160598714215;(65) 3617-1466;2025-09-03
2393506;HOSPITAL ORTOPEDICO LTDA;HOSPITAL ORTOPEDICO LTDA;510340;Cuiabá;Sim;Sim;ARAES;OSORIO DUQUE ESTRADA;MUNICIPAL;;ATENDIMENTO CONTINUO DE 24 HORAS/DIA (PLANTAO:INCLUI SABADOS, DOMINGOS E FERIADOS);5;M;Sim;Sim;NAO;Sim;Não;Não;Sim;-15.58849801213524;-56.0889458561945;65 33141200;2026-03-10
2393514;HEMOCOR;HEMOCOR SERVICOS MEDICOS LTDA;510340;Cuiabá;Sim;Sim;BAU;HISTORIADOR RUBENS DE MENDONCA;MUNICIPAL;;ATENDIMENTO CONTINUO DE 24 HORAS/DIA (PLANTAO:INCLUI SABADOS, DOMINGOS E FERIADOS);39;M;Não;Não;SIM;Não;Não;Não;Sim;-15.589901345495004;-56.087388448848706;65 99895519;2025-09-03
2393522;CLINICA ARTIMED;IDEMOR MOLIN;510340;Cuiabá;Sim;Sim;POPULAR;RUA 24 DE OUTUBRO;MUNICIPAL;;ATENDIMENTOS NOS TURNOS DA MANHA E A TARDE;39;M;Não;Não;NAO;Não;Não;Não;Sim;-15.591543267887337;-56.10539288364487;(65) 36231696;2025-09-03
2393530;DIAGNOSTICO MEDICOS DO CENTRO OESTE LTDA;DIAGNOSTICO MEDICOS DO CENTRO OESTE LTDA;510340;Cuiabá;Sim;Sim;CENTRO;BARAO DE MELGACO;MUNICIPAL;;ATENDIMENTOS NOS TURNOS DA MANHA E A TARDE;39;M;Não;Não;NAO;Não;Não;Não;Sim;-15.601492939773127;-56.102203495930794;065 40092880;2026-03-03
2393549;C C G E;CENTRO CLINICO DE GASTROENTEROLOGIA E ENDOSCOPIA LTDA;510340;Cuiabá;Sim;Sim;BARBADO;TANCREDO DE ALMEIDA NEVES;MUNICIPAL;;ATENDIMENTO SOMENTE PELA MANHA;39;M;Não;Não;NAO;Não;Não;Não;Sim;-15.6301818;-56.0801247;65 99585705;2025-11-11
2393557;USMAT;DIAGNOSTICO POR IMAGEM LTDA;510340;Cuiabá;Sim;Sim;ARAES;RUA DESEMBARGADOR JOSE DE MESQUITA;MUNICIPAL;;ATENDIMENTOS NOS TURNOS DA MANHA E A TARDE;39;M;Não;Não;NAO;Não;Não;Não;Sim;;;(65)3224591;2025-09-03
2393565;HOSPITAL AMECOR;HOSPITAL AMECOR LTDA;510340;Cuiabá;Sim;Sim;BOSQUE DA SAUDE;RUBENS DE MENDONCA;MUNICIPAL;;ATENDIMENTO CONTINUO DE 24 HORAS/DIA (PLANTAO:INCLUI SABADOS, DOMINGOS E FERIADOS);5;M;Sim;Sim;SIM;Sim;Não;Não;Não;-15.5469343;-56.0514306;65 36127131;2026-07-14
2393573;UNIMAGEM;UNIMAGEM UNIDADE DE DIAGNOSTICOS POR IMAGEM LTDA EPP;510340;Cuiabá;Sim;Sim;JARDIM CALIFORNIA;AV TANCREDO DE ALMEIDA NEVES;ESTADUAL;;ATENDIMENTOS NOS TURNOS DA MANHA E A TARDE;36;E;Não;Não;SIM;Não;Não;Não;Sim;-15.62266744602214;-56.07575297355652;(65) 2121-6400;2025-09-03
2393581;MEDICINA NUCLEAR;INSTITUTO DE MEDICINA NUCLEAR LIMITADA;510340;Cuiabá;Sim;Sim;DOM AQUINO;PIMENTA BUENO;DUPLA;;ATENDIMENTOS NOS TURNOS DA MANHA E A TARDE;7;D;Não;Sim;SIM;Não;Não;Não;Sim;-15.60962486949613;-56.09938859939575;;2025-09-03
2470926;CLINICA DE RADIOLOGIA;CLINICA DE RADIOLOGIA CUIABA LTDA;510340;Cuiabá;Sim;Sim;CENTRO SUL;RUA COMANDANTE COSTA;MUNICIPAL;;ATENDIMENTOS NOS TURNOS DA MANHA E A TARDE;39;M;Não;Não;SIM;Não;Não;Não;Sim;;;(65)3023-1609;2025-09-03
2470934;LACIC;LACIC LABORATORIO DE HEMOD E CARD INTERV CBA LTDA;510340;Cuiabá;Sim;Sim;JARDIM CUIABA;AV DAS FLORES;DUPLA;;ATENDIMENTO CONTINUO DE 24 HORAS/DIA (PLANTAO:INCLUI SABADOS, DOMINGOS E FERIADOS);39;D;Não;Não;SIM;Não;Não;Não;Sim;-15.59515797955632;-56.118067502975464;(65)36247971;2025-09-03
2470942;IAPCC;INSTITUTO DE ANATOMIA PATOLOGICA E CITOLOGIA DE CUIABA;510340;Cuiabá;Sim;Sim;CENTRO;RUA BARAO DE MELGACO;DUPLA;;ATENDIMENTOS NOS TURNOS DA MANHA E A TARDE;39;D;Não;Não;SIM;Não;Não;Não;Sim;-15.619089796698942;-56.119816303253174;(65) 36239255;2025-09-03
2470950;POLICLINICA DO CPA I;PREFEITURA MUNICIPAL DE CUIABA;510340;Cuiabá;Sim;Sim;CPA I;RUA OBIDOS;MUNICIPAL;;ATENDIMENTO NOS TURNOS DA MANHA, TARDE E NOITE;4;M;Não;Não;SIM;Não;Não;Não;Sim;;;(65) 3617-1617;2025-09-03
2470969;USF COHAB SAO GONCALO;PREFEITURA MUNICIPAL DE CUIABA;510340;Cuiabá;Sim;Sim;SAO GONCALO;AV B;MUNICIPAL;;ATENDIMENTOS NOS TURNOS DA MANHA E A TARDE;2;M;Não;Não;SIM;Não;Não;Não;Sim;-15.647326919504332;-56.045058000087494;(65) 3617-1445;2025-09-03
2470977;USF DR JOSE EDUARDO FARIA;PREFEITURA MUNICIPAL DE CUIABA;510340;Cuiabá;Sim;Sim;RIBEIRAO DO LIPA;RUA ORIVALDO DE SOUZA;MUNICIPAL;;ATENDIMENTOS NOS TURNOS DA MANHA E A TARDE;2;M;Não;Não;SIM;Não;Não;Não;Sim;-15.5677372;-56.1067834;(65) 3617-1687;2025-09-03
2470985;USF AREAO;PREFEITURA MUNICIPAL DE CUIABA;510340;Cuiabá;Sim;Sim;AREAO;AV DESEMBARGADOR ANTONIO QUIRINO DE ARAUJO;MUNICIPAL;;ATENDIMENTOS NOS TURNOS DA MANHA E A TARDE;2;M;Não;Não;SIM;Não;Não;Não;Sim;-15.60228251405033;-56.083525320197815;(65) 3617-1760;2025-09-03
2471027;USF SUCURI;PREFEITURA MUNICIPAL DE CUIABA;510340;Cuiabá;Sim;Sim;SUCURI;ESTRADA VELHA DA GUIA KM 08;MUNICIPAL;;ATENDIMENTOS NOS TURNOS DA MANHA E A TARDE;2;M;Não;Não;SIM;Não;Não;Não;Sim;-15.548019238626742;-56.15859247575755;(65) 3617-1490;2025-09-03
2471043;USF NOVO PARAISO II;PREFEITURA MUNICIPAL DE CUIABA;510340;Cuiabá;Sim;Sim;NOVO PARAISO;RUA DANTE DE OLIVEIRA;MUNICIPAL;;ATENDIMENTOS NOS TURNOS DA MANHA E A TARDE;2;M;Não;Não;SIM;Não;Não;Não;Sim;-15.5447975;-56.0534853;(65) 3617-1191;2025-09-03
2471051;USF PICO DO AMOR;PREFEITURA MUNICIPAL DE CUIABA;510340;Cuiabá;Sim;Sim;PICO DO AMOR;R CAPITAO IPORA;MUNICIPAL;;ATENDIMENTOS NOS TURNOS DA MANHA E A TARDE;2;M;Não;Não;SIM;Não;Não;Não;Sim;-15.611199072023856;-56.08183423315814;(65) 992228546;2025-09-03
2471078;USF ELDORADO;PREFEITURA MUNICIPAL DE CUIABA;510340;Cuiabá;Sim;Sim;JD ELDORADO;R1;MUNICIPAL;;ATENDIMENTO NOS TURNOS DA MANHA, TARDE E NOITE;2;M;Não;Não;SIM;Não;Não;Não;Sim;-15.6643539;-56.0408509;(65)6531503;2025-09-03
2471086;CEM COXIPO;PREFEITURA MUNICIPAL DE CUIABA;510340;Cuiabá;Sim;Sim;COXIPO;RUA 24 DE AGOSTO;MUNICIPAL;;ATENDIMENTOS NOS TURNOS DA MANHA E A TARDE;36;M;Não;Não;SIM;Não;Não;Não;Sim;-15.59600535408678;-56.09702825546265;(65) 3617-1444;2025-10-11
2473054;CERMAC CENTRO ESTADUAL DE REF DE MEDIA E ALTA COMPLEXIDAD;SECRETARIA DE ESTADO DE SAUDE DE MATO GROSSO;510340;Cuiabá;Sim;Sim;CENTRO SUL;RUA THOGO DA SILVA PEREIRA;ESTADUAL;;ATENDIMENTOS NOS TURNOS DA MANHA E A TARDE;4;E;Não;Não;SIM;Não;Não;Não;Sim;-15.605594909804198;-56.1002254486084;(65) 36135376;2025-09-03
2473062;HOSPITAL DE OLHOS DE CUIABA;HOSPITAL DE OLHOS DE CUIABA;510340;Cuiabá;Sim;Sim;JD CUIABA;RUA RAMIRO DE NORONHA;DUPLA;;ATENDIMENTO NOS TURNOS DA MANHA, TARDE E NOITE;62;D;Sim;Sim;SIM;Sim;Não;Não;Sim;-15.594564373511062;-56.11265920308596;(65) 3027-9999;2025-09-03
2494523;FEMINA HOSPITAL INFANTIL E MATERNIDADE;FEMINA PRESTADORA DE SERVICOS MEDICO HOSPITALAR LTDA;510340;Cuiabá;Sim;Sim;BAU;CORUMBA;ESTADUAL;;ATENDIMENTO CONTINUO DE 24 HORAS/DIA (PLANTAO:INCLUI SABADOS, DOMINGOS E FERIADOS);7;E;Sim;Sim;SIM;Sim;Sim;Não;Sim;-15.59156;-56.087605;65 21289000;2026-05-14
2494817;USF CIDADE VERDE;PREFEITURA MUNICIPAL DE CUIABA;510340;Cuiabá;Sim;Sim;CIDADE VERDE;RUA SANTA LUZIA;MUNICIPAL;;ATENDIMENTO SOMENTE A TARDE;2;M;Não;Não;SIM;Não;Não;Não;Sim;-15.610874217973532;-56.1319432310479;(65) 3617-1470;2025-09-03
2494825;USF CPA III;PREFEITURA MUNICIPAL DE CUIABA;510340;Cuiabá;Sim;Sim;CPIII SETOR 2;RUA 39 QD 2;MUNICIPAL;;ATENDIMENTO NOS TURNOS DA MANHA, TARDE E NOITE;2;M;Não;Não;SIM;Não;Não;Não;Sim;-15.56454401275077;-56.03968872126072;(65) 3646-5161;2025-09-03
2494833;SANTA HELENA IMAGEM;IMAGEM SANTA HELENA LTDA;510340;Cuiabá;Sim;Sim;SANTA HELENA;CLOVIS CORREA DA COSTA;MUNICIPAL;;ATENDIMENTOS NOS TURNOS DA MANHA E A TARDE;39;M;Não;Não;SIM;Não;Não;Não;Sim;-15.584698471758164;-56.09477504875708;65 36211806;2025-09-03
2494841;USF PLANALTO;PREFEITURA MUNICIPAL DE CUIABA;510340;Cuiabá;Sim;Sim;PLANALTO;RUA MONTE AZUL;MUNICIPAL;;ATENDIMENTOS NOS TURNOS DA MANHA E A TARDE;2;M;Não;Não;SIM;Não;Não;Não;Sim;-15.5821045;-56.0381569;(65)992192076;2025-09-03
2494868;USF DOM AQUINO;PREFEITURA MUNICIPAL DE CUIABA;510340;Cuiabá;Sim;Sim;DOM AQUINO;RUA IRMA ELVIRA PARIS;MUNICIPAL;;ATENDIMENTOS NOS TURNOS DA MANHA E A TARDE;2;M;Não;Não;SIM;Não;Não;Não;Sim;-15.608412038840873;-56.09340119199477;(65) 3617-1256;2025-09-03
2494876;USF SANTA ISABEL III;PREFEITURA MUNICIPAL DE CUIABA;510340;Cuiabá;Sim;Sim;SANTA ISABEL;AVENIDA AGRICOLA PAES DE BARROS;MUNICIPAL;;ATENDIMENTOS NOS TURNOS DA MANHA E A TARDE;2;M;Não;Não;SIM;Não;Não;Não;Sim;-15.603783;-56.1301353;(65) 3617-1452;2025-09-03
2494884;USF NOVO TERCEIRO;PREFEITURA MUNICIPAL DE CUIABA;510340;Cuiabá;Sim;Sim;NOVO TERCEIRO;RUA PROFESSOR FLORIANO SIQUEIRA DE CARVALHO;MUNICIPAL;;ATENDIMENTOS NOS TURNOS DA MANHA E A TARDE;2;M;Não;Não;SIM;Não;Não;Não;Sim;-15.6138206;-56.1282535;(65) 99219-0765;2025-09-03
2495015;HOSPITAL E PRONTO SOCORRO MUNICIPAL DE CUIABA;SECRETARIA MUNICIPAL DE SAUDE SMS;510340;Cuiabá;Sim;Sim;BANDEIRANTES;AV GENERAL VALE;MUNICIPAL;;ATENDIMENTO CONTINUO DE 24 HORAS/DIA (PLANTAO:INCLUI SABADOS, DOMINGOS E FERIADOS);5;M;Sim;Sim;SIM;Sim;Não;Não;Sim;-15.355532;-56.055676;(65) 3617-7876;2025-09-03
2534258;MT HEMOCENTRO;SECRETARIA ESTADUAL DE SAUDE DE MATO GROSSO;510340;Cuiabá;Sim;Sim;CENTRO SUL;RUA 13 DE JUNHO;ESTADUAL;;ATENDIMENTOS NOS TURNOS DA MANHA E A TARDE;69;E;Não;Não;SIM;Não;Não;Não;Sim;-15.596;-56.097;(65)36230044;2025-09-03
2534266;SAE LIXEIRA;PREFEITURA MUNICIPAL DE CUIABA;510340;Cuiabá;Sim;Sim;LIXEIRA;AVENIDA JOAO GOMES MONTEIRO SOBRINHO;MUNICIPAL;;ATENDIMENTOS NOS TURNOS DA MANHA E A TARDE;36;M;Não;Não;SIM;Não;Não;Não;Sim;-15.5789287;-56.0341823;(65) 9964963;2025-09-03
2534274;MEDCLIN;MEDCLIN CENTER MEDICO DIAGNOSTICO LTDA;510340;Cuiabá;Sim;Sim;CENTRO;RUA JOAQUIM MURTINHO;MUNICIPAL;;ATENDIMENTOS NOS TURNOS DA MANHA E A TARDE;39;M;;Não;SIM;;;;Sim;-14.8305278;-56.4292858;;2025-09-03
2534282;USF CIDADE ALTA;PREFEITURA MUNICIPAL DE CUIABA;510340;Cuiabá;Sim;Sim;CIDADE ALTA;AV JORNALISTA ALVES DE OLIVEIRA;MUNICIPAL;;ATENDIMENTOS NOS TURNOS DA MANHA E A TARDE;2;M;Não;Não;SIM;Não;Não;Não;Sim;-15.6097746;-56.1245628;(65) 3617-1404;2025-09-03
2534290;USF AGUACU;PREFEITURA MUNICIPAL DE CUIABA;510340;Cuiabá;Sim;Sim;AGUACU;KM 55 ESTRADA DA GUIA;MUNICIPAL;;ATENDIMENTOS NOS TURNOS DA MANHA E A TARDE;2;M;Não;Não;SIM;Não;Não;Não;Sim;-15.28110227597099;-56.12968079779643;(65) 99694-4849;2025-09-03
2534304;USF JARDIM INDEPENDENCIA;PREFEITURA MUNICIPAL DE CUIABA;510340;Cuiabá;Sim;Sim;JD INDEPENDENCIA;AV SAO SEBASTIAO;MUNICIPAL;;ATENDIMENTOS NOS TURNOS DA MANHA E A TARDE;2;M;Não;Não;SIM;Não;Não;Não;Sim;-15.6094039;-56.1200537;(65) 3617-1221;2025-09-03
2534312;CONSULTORIO ITINERANTE;PREFEITURA MUNICIPAL DE CUIABA;510340;Cuiabá;Sim;Sim;ZONA RURAL;COXIPO DO OURO;MUNICIPAL;;ATENDIMENTOS NOS TURNOS DA MANHA E A TARDE;40;M;Não;Não;NAO;Não;Não;Não;Sim;-15.596;-56.097;;2025-09-03
2534320;USF JARDIM IMPERIAL;PREFEITURA MUNICIPAL DE CUIABA;510340;Cuiabá;Sim;Sim;JD IMPERIAL;RUA GOIABA;MUNICIPAL;;ATENDIMENTOS NOS TURNOS DA MANHA E A TARDE;2;M;Não;Não;SIM;Não;Não;Não;Sim;-15.616569388592453;-56.025647373253186;(65) 3617-1661;2025-09-03
2534339;CENTRO DE ESPECIALIDADES MEDICAS;PREFEITURA MUNICIPAL DE CUIABA;510340;Cuiabá;Sim;Sim;BANDEIRANTES;RUA BALTAZAR NAVARROS;MUNICIPAL;;ATENDIMENTOS NOS TURNOS DA MANHA E A TARDE;36;M;Não;Não;SIM;Não;Não;Não;Sim;-15.6017066;-56.0899469;(65) 3617-1312;2025-09-03
2534355;USF ALVORADA;PREFEITURA MUNICIPAL DE CUIABA;510340;Cuiabá;Sim;Sim;ALVORADA;RUA PIRATININGA;MUNICIPAL;;ATENDIMENTOS NOS TURNOS DA MANHA E A TARDE;2;M;Não;Não;SIM;Não;Não;Não;Sim;-15.579446735520111;-56.08138827978235;(65) 3617-1700;2025-09-03
2534371;USF NOVO PARAISO I;PREFEITURA MUNICIPAL DE CUIABA;510340;Cuiabá;Sim;Sim;NOVO PARAISO;RUA D;MUNICIPAL;;ATENDIMENTOS NOS TURNOS DA MANHA E A TARDE;2;M;Não;Não;SIM;Não;Não;Não;Sim;-15.5479836;-56.0550717;(65) 3617-1190;2025-09-03
2534398;USF TIJUCAL;PREFEITURA MUNICIPAL DE CUIABA;510340;Cuiabá;Sim;Sim;TIJUCAL;AVENIDA ESPIGAO;MUNICIPAL;;ATENDIMENTO NOS TURNOS DA MANHA, TARDE E NOITE;2;M;Não;Não;SIM;Não;Não;Não;Sim;-15.6357604;-56.013425;(65) 3617-1341;2025-09-03
2534436;INSTITUTO LIONS DA VISAO;INSTITUTO LIONS DA VISAO;510340;Cuiabá;Sim;Sim;CENTRO POLITICO ADMI;RUA U;MUNICIPAL;;ATENDIMENTOS NOS TURNOS DA MANHA E A TARDE;36;M;Não;Não;SIM;Não;Não;Não;Sim;-15.552350684802255;-56.05823278427124;(65) 3319-4209;2025-09-03
2534444;HOSPITAL DE CANCER DE MATO GROSSO;ASSOCIACAO MATOGROSSENSE DE COMBATE AO CANCER;510340;Cuiabá;Sim;Sim;CPA I;HISTORIADOR RUBENS DE MENDONCA;ESTADUAL;;ATENDIMENTO COM TURNOS INTERMITENTES;7;E;Sim;Sim;SIM;Sim;Não;Não;Sim;-15.55952155;-56.067241834147;65 36487575;2025-09-03
2534452;LABORATORIO SAO THOME;LABORATORIO SAO THOME LTDA;510340;Cuiabá;Sim;Sim;CONSIL;RUA ORIENTE TENUTA;ESTADUAL;;ATENDIMENTO CONTINUO DE 24 HORAS/DIA (PLANTAO:INCLUI SABADOS, DOMINGOS E FERIADOS);4;E;;Não;NAO;;;;Não;;;(65)6423737;2025-09-03
2604248;USF CAMPO VELHO;PREFEITURA MUNICIPAL DE CUIABA;510340;Cuiabá;Sim;Sim;CAMPO VELHO;RUA PRESIDENTI MEDICI;MUNICIPAL;;ATENDIMENTOS NOS TURNOS DA MANHA E A TARDE;2;M;Não;Não;SIM;Não;Não;Não;Sim;-15.61819537521344;-56.08220559881974;(65) 3617-1601;2025-09-03
2604256;USF ROLAND GERALD TRECHAUD E CURVO;PREFEITURA MUNICIPAL DE CUIABA;510340;Cuiabá;Sim;Sim;OSMAR CABRAL;RUA UM QD 01;MUNICIPAL;;ATENDIMENTOS NOS TURNOS DA MANHA E A TARDE;2;M;Não;Não;SIM;Não;Não;Não;Sim;-15.6732748;-55.9528488;(65) 3617-1861/1860;2025-09-03
2604272;NUCLEO DE REABILITACAO DO CPA IV;FUSC;510340;Cuiabá;Sim;Sim;CPA IV;AV PRINCIPAL DO CPA IV;MUNICIPAL;;ATENDIMENTOS NOS TURNOS DA MANHA E A TARDE;2;M;Não;Não;SIM;Não;Não;Não;Não;;;(65) 6491088;2025-09-03
2604280;CENTRO DE OFTALMOLOGIA ESPECIALIZADA SANTA CASA;ANA PAULA DE FIGUEIREDO MATIAS DUARTE;510340;Cuiabá;Sim;Sim;POCAO;GENERAL VALE;MUNICIPAL;;ATENDIMENTOS NOS TURNOS DA MANHA E A TARDE;36;M;Sim;Não;NAO;Sim;Não;Não;Sim;-15.602886377585435;-56.093486708144304;65 33223812;2025-09-03
2604299;CLINICA ODONTOLOGICA DOM AQUINO;PREFEITURA MUNICIPAL DE CUIABA;510340;Cuiabá;Sim;Sim;DOM AQUINO;AV CARMINDO DE CAMPOS;MUNICIPAL;;ATENDIMENTO NOS TURNOS DA MANHA, TARDE E NOITE;36;M;Não;Não;SIM;Não;Não;Não;Sim;-15.612178;-56.1021473;(65) 3617-1329;2025-09-03
2604302;USF ANA POUPINA;PREFEITURA MUNICIPAL DE CUIABA;510340;Cuiabá;Sim;Sim;DOM AQUINO;AV CARMINDO DE CAMPOS;MUNICIPAL;;ATENDIMENTOS NOS TURNOS DA MANHA E A TARDE;2;M;Não;Não;SIM;Não;Não;Não;Sim;-15.613364360441235;-56.09858019173047;(65) 3617-1253;2025-09-03
2604310;USF PAIAGUAS;PREFEITURA MUNICIPAL DE CUIABA;510340;Cuiabá;Sim;Sim;RESIDENCIAL PAIAGUAS;AVENIDA A ESQUINA COM A RUA C;MUNICIPAL;;ATENDIMENTOS NOS TURNOS DA MANHA E A TARDE;2;M;Não;Não;SIM;Não;Não;Não;Sim;-15.66037731162662;-56.055343443816376;(65) 3617-1670;2025-09-03
2604329;USF SANTA ISABEL II;PREFEITURA MUNICIPAL DE CUIABA;510340;Cuiabá;Sim;Sim;SANTA ISABEL;AVENIDA AGRICOLA PAES DE BARROS;MUNICIPAL;;ATENDIMENTOS NOS TURNOS DA MANHA E A TARDE;2;M;Não;Não;SIM;Não;Não;Não;Sim;-15.603783;-56.1301353;(65) 3617-1455;2025-09-03
2604337;USF QUILOMBO;PREFEITURA MUNICIPAL DE CUIABA;510340;Cuiabá;Sim;Sim;QUILOMBO;RUA AMERICO SALGADO;MUNICIPAL;;ATENDIMENTOS NOS TURNOS DA MANHA E A TARDE;2;M;Não;Não;SIM;Não;Não;Não;Sim;-15.5961384;-56.0861468;(65) 3617-1489;2025-09-03
2604345;USF OURO FINO;PREFEITURA MUNICIPAL DE CUIABA;510340;Cuiabá;Sim;Sim;JARDIM DAS AROEIRAS;AVENIDA A1;MUNICIPAL;;ATENDIMENTOS NOS TURNOS DA MANHA E A TARDE;2;M;Não;Não;SIM;Não;Não;Não;Sim;-15.547944789610115;-56.04568538370876;(65) 3617-1464;2026-03-28
2604388;HOSPITAL SANTA ROSA;HOSPITAL DE MEDICINA ESPECIALIZADA S A;510340;Cuiabá;Sim;Sim;JARDIM MARIANA;ADEL MALUF RES SAO JOSE;DUPLA;;ATENDIMENTO CONTINUO DE 24 HORAS/DIA (PLANTAO:INCLUI SABADOS, DOMINGOS E FERIADOS);5;D;Sim;Sim;SIM;Sim;Não;Não;Sim;-15.5791388;-56.111168;65 36188000;2025-09-03
2604396;CIAPS HOSPITAL ADAUTO BOTELHO;SECRETARIA DE ESTADO DE SAUDE DE MATO GROSSO;510340;Cuiabá;Sim;Sim;COOPHEMA;RUA ADAUTO BOTELHO;ESTADUAL;;ATENDIMENTO CONTINUO DE 24 HORAS/DIA (PLANTAO:INCLUI SABADOS, DOMINGOS E FERIADOS);7;E;Não;Sim;SIM;Não;Não;Não;Sim;-15.633596325706371;-56.056129932403564;(65) 36614350;2025-09-03
2653001;CLINICA ODONTOLOGICA DO COXIPO;PREFEITURA MUNICIPAL DE CUIABA;510340;Cuiabá;Sim;Sim;VISTA ALEGRE;RUA 24 DE AGOSTO;MUNICIPAL;;ATENDIMENTO NOS TURNOS DA MANHA, TARDE E NOITE;36;M;Não;Não;SIM;Não;Não;Não;Sim;-15.6212771;-56.0744756;(65)36171634;2026-03-17
2654296;USF RESIDENCIAL COXIPO III;PREFEITURA MUNICIPAL DE CUIABA;510340;Cuiabá;Sim;Sim;ITAPAJE;AVENIDA BACAI;MUNICIPAL;;ATENDIMENTOS NOS TURNOS DA MANHA E A TARDE;2;M;Não;Não;SIM;Não;Não;Não;Sim;-15.656118674043336;-56.02672153558211;(65) 3617-1381;2025-09-03
2655004;POLICLINICA PASCOAL RAMOS;PREFEITURA MUNICIPAL DE CUIABA;510340;Cuiabá;Sim;Sim;PASCOAL RAMOS;RUA BENEDITO ANTONIO;MUNICIPAL;;ATENDIMENTO CONTINUO DE 24 HORAS/DIA (PLANTAO:INCLUI SABADOS, DOMINGOS E FERIADOS);4;M;Não;Não;SIM;Não;Não;Não;Sim;-15.63896047692339;-55.98040756358793;(65) 3617-1302/1304;2026-02-14
2655012;CLINICA ODONTOLOGICA JARDIM LEBLON;PREFEITURA MUNICIPAL DE CUIABA;510340;Cuiabá;Sim;Sim;JARDIM LEBLON;RUA PROJETADA;MUNICIPAL;;ATENDIMENTOS NOS TURNOS DA MANHA E A TARDE;36;M;Não;Não;SIM;Não;Não;Não;Sim;-15.60085327961401;-56.07368380817912;(65)36171413;2025-09-03
2655020;CLINICA ODONTOLOGICA CPA III;PREFEITURA MUNICIPAL DE CUIABA;510340;Cuiabá;Sim;Sim;CPA III;RUA D;MUNICIPAL;;ATENDIMENTO NOS TURNOS DA MANHA, TARDE E NOITE;36;M;Não;Não;SIM;Não;Não;Não;Sim;-15.5684943;-56.0600482;(65)3646-4574;2025-09-03
2655039;USF CAIC;PREFEITURA MUNICIPAL DE CUIABA;510340;Cuiabá;Sim;Sim;PEDRA 90 I CAIC;AV NILTON RABELO DE CASTRO;MUNICIPAL;;ATENDIMENTOS NOS TURNOS DA MANHA E A TARDE;2;M;Não;Não;SIM;Não;Não;Não;Sim;-15.58921450706304;-56.04786658979468;(65) 3617-1431/1430;2025-09-03
2655047;USF PEDRA 90;PREFEITURA MUNICIPAL DE CUIABA;510340;Cuiabá;Sim;Sim;PEDRA 90;AV INTEGRACAO III;MUNICIPAL;;ATENDIMENTOS NOS TURNOS DA MANHA E A TARDE;2;M;Não;Não;SIM;Não;Não;Não;Sim;-15.630481030492984;-55.96212885790945;(65) 3617-1431;2025-09-03
2655055;CLINICA ODONTOLOGICA VERDAO;PREFEITURA MUNICIPAL DE CUIABA;510340;Cuiabá;Sim;Sim;VERDAO;AV AGRICOLA PAES DE BARROS;MUNICIPAL;;ATENDIMENTO NOS TURNOS DA MANHA, TARDE E NOITE;36;M;Não;Não;SIM;Não;Não;Não;Sim;-15.6041633;-56.1339931;(65)3617-1401;2025-09-03
2655063;LITOCENTER CENTRO DE DIAGNOSTICO E TRATAMENTO UROLOGICO;CENTRO DE LITOTRIPSIA SC LTDA;510340;Cuiabá;Sim;Sim;ARAES;AV MATO GROSSO;MUNICIPAL;;ATENDIMENTOS NOS TURNOS DA MANHA E A TARDE;39;M;Não;Não;NAO;Não;Não;Não;Sim;-15.590468367460973;-56.094876633121025;(65) 3222505;2025-09-03
2655098;USF JARDIM ARACA;PREFEITURA MUNICIPAL DE CUIABA;510340;Cuiabá;Sim;Sim;JD SANTA AMALIA;AV TANGARA;MUNICIPAL;;ATENDIMENTOS NOS TURNOS DA MANHA E A TARDE;2;M;Não;Não;SIM;Não;Não;Não;Sim;-15.612385808946387;-55.979962228835284;(65) 3617-1451;2025-09-03
2655101;SONICARDIO;DOARRUDA ARRUDA SERVICOS MEDICOS SS LTDA;510340;Cuiabá;Sim;Sim;CENTRO SUL;TENENTE CORONEL THOGO DA SILVA PEREIRA;MUNICIPAL;;ATENDIMENTO CONTINUO DE 24 HORAS/DIA (PLANTAO:INCLUI SABADOS, DOMINGOS E FERIADOS);39;M;Não;Não;SIM;Não;Não;Não;Sim;-15.59809296127573;-56.1095796585783;65 30211003;2026-07-28
2655128;USF LIXEIRA;PREFEITURA MUNICIPAL DE CUIABA;510340;Cuiabá;Sim;Sim;LIXEIRA;AV PROF JOAO FELIX;MUNICIPAL;;ATENDIMENTOS NOS TURNOS DA MANHA E A TARDE;2;M;Não;Não;SIM;Não;Não;Não;Sim;-15.592154932010601;-56.08308307835933;(65) 3617-1276/1277;2025-09-03
2655144;USF BELA VISTA;PREFEITURA MUNICIPAL DE CUIABA;510340;Cuiabá;Sim;Sim;BELA VISTA;AVENIDA OATOMO CANAVARROS;MUNICIPAL;;ATENDIMENTOS NOS TURNOS DA MANHA E A TARDE;2;M;Não;Não;SIM;Não;Não;Não;Sim;-15.576538;-56.0591339;(65) 3617-1338;2025-09-03
2655152;USF JARDIM FLORIANOPOLIS;PREFEITURA MUNICIPAL DE CUIABA;510340;Cuiabá;Sim;Sim;JD FLORIANOPOLIS;RUA 19 QUADRA 52 LOTE11;MUNICIPAL;;ATENDIMENTOS NOS TURNOS DA MANHA E A TARDE;2;M;Não;Não;SIM;Não;Não;Não;Sim;-15.545882858849506;-56.08047873005463;(65) 3617-1671;2025-09-03
2655489;USF GRANDE TERCEIRO;PREFEITURA MUNICIPAL DE CUIABA;510340;Cuiabá;Sim;Sim;GRANDE TERCEIRO;RUA TELES PIRES;MUNICIPAL;;ATENDIMENTOS NOS TURNOS DA MANHA E A TARDE;2;M;Não;Não;SIM;Não;Não;Não;Sim;-15.6115046;-56.0879758;(65) 3617-1328;2025-09-03
2655411;HOSPITAL UNIVERSITARIO JULIO MULLER EBSERH;EMPRESA BRASILEIRA DE SERVICOS HOSPITALARES EBSERH;510340;Cuiabá;Sim;Sim;JARDIM ALVORADA;LUIS PHILIPPE PEREIRA LEITE;MUNICIPAL;;ATENDIMENTO CONTINUO DE 24 HORAS/DIA (PLANTAO:INCLUI SABADOS, DOMINGOS E FERIADOS);5;M;Sim;Sim;SIM;Sim;Sim;Não;Sim;-15.56847422743117;-56.071600914001465;65 36157260;2025-09-03
2655438;HBENTO;HBENTO SERVICOS EM SAUDE LTDA;510340;Cuiabá;Sim;Sim;DOM AQUINO;DOM AQUINO;MUNICIPAL;;ATENDIMENTO CONTINUO DE 24 HORAS/DIA (PLANTAO:INCLUI SABADOS, DOMINGOS E FERIADOS);5;M;Sim;Sim;NAO;Sim;Sim;Não;Sim;-15.609503400000001;-56.09356328280765;65 36249211;2026-02-03
2655454;LACEC;PREFEITURA MUNICIPAL DE CUIABA;510340;Cuiabá;Sim;Sim;GRANDE TERCEIRO;RUA RIO PIRAIN;MUNICIPAL;;ATENDIMENTO COM TURNOS INTERMITENTES;80;M;Não;Não;SIM;Não;Não;Não;Sim;-15.623854817525405;-56.081077260124104;(65) 3617-1607;2025-09-03
2655462;USF JARDIM VITORIA II;PREFEITURA MUNICIPAL DE CUIABA;510340;Cuiabá;Sim;Sim;JARDIM VITORIA;AV B;MUNICIPAL;;ATENDIMENTOS NOS TURNOS DA MANHA E A TARDE;2;M;Não;Não;SIM;Não;Não;Não;Sim;-15.6111146;-56.0351074;(65) 3617-1461;2025-09-03
2655470;PSF JARDIM VITORIA IV;FUSC;510340;Cuiabá;Sim;Sim;JARDIM VITORIA;RUA B;MUNICIPAL;;ATENDIMENTOS NOS TURNOS DA MANHA E A TARDE;2;M;Não;Não;SIM;Não;Não;Não;Sim;;;(65) 6171616;2025-09-03
2655497;USF JARDIM LEBLON;PREFEITURA MUNICIPAL DE CUIABA;510340;Cuiabá;Sim;Sim;JARDIM LEBLON;RUA PROJETADA;MUNICIPAL;;ATENDIMENTOS NOS TURNOS DA MANHA E A TARDE;2;M;Não;Não;SIM;Não;Não;Não;Sim;-15.565671;-56.0911811;(65) 3617-1661;2025-09-03
2655500;USF JARDIM VITORIA I;PREFEITURA MUNICIPAL DE CUIABA;510340;Cuiabá;Sim;Sim;JD VITORIA;AV B;MUNICIPAL;;ATENDIMENTOS NOS TURNOS DA MANHA E A TARDE;2;M;Não;Não;SIM;Não;Não;Não;Sim;-15.53820549174037;-56.071094466885334;(65) 3617-1616;2025-09-03
2655519;SANTA CASA DE MISERICORDIA DE CUIABA;SOCIEDADE BENEFICENTE SANTA CASA DE MISERICORDIA DE CUIABA;510340;Cuiabá;Sim;Sim;CENTRO;PRACA DO SEMINARIO;MUNICIPAL;;ATENDIMENTO CONTINUO DE 24 HORAS/DIA (PLANTAO:INCLUI SABADOS, DOMINGOS E FERIADOS);5;M;Sim;Sim;SIM;Sim;Não;Não;Sim;-15.596;-56.097;(65)30511946;2025-09-03
2655810;IHEMCO;IHEMCO BANCO DE SANGUE LTDA;510340;Cuiabá;Sim;Sim;QUILOMBO;RUA NILO PECANHA SANTA HELENA;ESTADUAL;;ATENDIMENTO CONTINUO DE 24 HORAS/DIA (PLANTAO:INCLUI SABADOS, DOMINGOS E FERIADOS);69;E;Não;Não;SIM;Não;Não;Não;Não;-15.582917161004683;-56.09645426273346;(65)3621-6348;2025-11-18
2659093;USF CPA IV;PREFEITURA MUNICIPAL DE CUIABA;510340;Cuiabá;Sim;Sim;CPA IV;AVENIDA CURIO;MUNICIPAL;;ATENDIMENTOS NOS TURNOS DA MANHA E A TARDE;2;M;Não;Não;SIM;Não;Não;Não;Sim;-15.557484539968645;-56.03115787299368;(65) 3649-7271;2025-09-03
2659107;HOSPITAL GERAL E MATERNIDADE DE CUIABA;ASSOCIACAO DE PROTECAO A MATERNIDADE E A INFANCIA DE CUIABA;510340;Cuiabá;Sim;Sim;CENTRO;TREZE DE JUNHO;DUPLA;;ATENDIMENTO CONTINUO DE 24 HORAS/DIA (PLANTAO:INCLUI SABADOS, DOMINGOS E FERIADOS);5;D;Sim;Sim;SIM;Sim;Sim;Sim;Sim;-15.6098572;-56.1053457;;2025-09-03
2659115;PROJETO AMOR ASSISTENCIA ODONTOLOGICA RURAL;PREFEITURA MUNICIPAL DE CUIABA;510340;Cuiabá;Sim;Sim;BAU;RUA SAO BENEDITO;MUNICIPAL;;ATENDIMENTOS NOS TURNOS DA MANHA E A TARDE;40;M;Não;Não;SIM;Não;Não;Não;Sim;;;(65) 6171432;2025-09-03
2659123;CAPS CPA IV;PREFEITURA MUNICIPAL DE CUIABA;510340;Cuiabá;Sim;Sim;CPA IV;RUA 82;MUNICIPAL;;ATENDIMENTOS NOS TURNOS DA MANHA E A TARDE;70;M;Não;Não;SIM;Não;Não;Não;Sim;-15.5664498;-56.0420094;(65) 3318-6057;2025-09-03
2659131;USF PRAEIRO;PREFEITURA MUNICIPAL DE CUIABA;510340;Cuiabá;Sim;Sim;PRAEIRO;AV GENERAL MELLO;MUNICIPAL;;ATENDIMENTOS NOS TURNOS DA MANHA E A TARDE;2;M;Não;Não;SIM;Não;Não;Não;Sim;-15.621976813055241;-56.0809072241167;(65) 3617-1605;2025-09-03
2659158;USF RESIDENCIAL COXIPO II;PREFEITURA MUNICIPAL DE CUIABA;510340;Cuiabá;Sim;Sim;RES COXIPO;AVENIDA PRINCIPAL D;MUNICIPAL;;ATENDIMENTOS NOS TURNOS DA MANHA E A TARDE;2;M;Não;Não;SIM;Não;Não;Não;Sim;-15.648041154941582;-56.03047169639083;(65) 3617-1380;2025-09-03
2674920;USF RIBEIRAO DA PONTE;PREFEITURA MUNICIPAL DE CUIABA;510340;Cuiabá;Sim;Sim;RIBEIRAO DA PONTE;RUA EPITACIO AMANCIO DA FONSECA;MUNICIPAL;;ATENDIMENTOS NOS TURNOS DA MANHA E A TARDE;2;M;Não;Não;SIM;Não;Não;Não;Sim;-15.581800052235105;-56.116572783826456;(65) 3617-1692;2025-09-03
2674947;LABORATORIO SAO THOME;LABORATORIO SAO THOME;510340;Cuiabá;Sim;Sim;CONSIL;RUA ORIENTE TENUTA;MUNICIPAL;;ATENDIMENTOS NOS TURNOS DA MANHA E A TARDE;39;M;Não;Não;SIM;Não;Não;Não;Sim;-15.596;-56.097;(65) 36423737;2025-09-03
2674955;HOSPITAL JARDIM CUIABA;HOSPITAL JARDIM CUIABA LTDA;510340;Cuiabá;Sim;Sim;JARDIM CUIABA;AV DAS FLORES;MUNICIPAL;;ATENDIMENTO CONTINUO DE 24 HORAS/DIA (PLANTAO:INCLUI SABADOS, DOMINGOS E FERIADOS);5;M;Sim;Sim;SIM;Sim;Sim;Sim;Sim;;;(61)30513000;2025-09-03
2767392;DAVITA;DAVITA SERVICOS DE NEFROLOGIA CUIABA LTDA;510340;Cuiabá;Sim;Sim;QUILOMBO;SENADOR FILINTO MULLER;MUNICIPAL;;ATENDIMENTO NOS TURNOS DA MANHA, TARDE E NOITE;36;M;Não;Não;SIM;Não;Não;Não;Sim;-15.5923147;-56.1085183;21 39527900;2025-09-03
2767635;SIATE 048 CUIABA;SISTEMA INTEGRADO DE ATENDIMENTO AO TRAUMA EM EMERGENCIAS;510340;Cuiabá;Sim;Sim;JD IMPERADOR;AV CASTELO BRANCO;ESTADUAL;;ATENDIMENTO CONTINUO DE 24 HORAS/DIA (PLANTAO:INCLUI SABADOS, DOMINGOS E FERIADOS);42;E;;Não;NAO;;;;Sim;;;(65) 6441106;2025-09-03
2793768;CENTRO DE CONV PARA IDOSOS PADRE FIRMO DUARTE;PREFEITURA MUNICIPAL DE CUIABA;510340;Cuiabá;Sim;Sim;DOM AQUINO;AV BEIRA RIO;MUNICIPAL;;ATENDIMENTOS NOS TURNOS DA MANHA E A TARDE;2;M;Não;Não;SIM;Não;Não;Não;Não;-15.614267925865152;-56.101875232823254;(65) 36166737;2025-09-03
2793776;NUTEC;INSTITUTO CUIABANO DE RADIOTERAPIA S A;510340;Cuiabá;Sim;Sim;JARDIM MARIANA;ADEL MALUF;MUNICIPAL;;ATENDIMENTOS NOS TURNOS DA MANHA E A TARDE;36;M;Não;Não;NAO;Não;Não;Não;Sim;-15.578908037645764;-56.11105652110272;;2025-11-13
2795647;HOSPITAL OTORRINO;CLINICA OTORRINO SC LTDA;510340;Cuiabá;Sim;Sim;ARAES;RUA GAGO COUTINHO;MUNICIPAL;;ATENDIMENTO CONTINUO DE 24 HORAS/DIA (PLANTAO:INCLUI SABADOS, DOMINGOS E FERIADOS);7;M;Sim;Sim;NAO;Sim;Não;Não;Sim;;;(65) 3171777;2025-09-03
2795663;HOSPITAL SANTO ANTONIO;ANTONIO JOSE LUIZ GUERREIRO;510340;Cuiabá;Sim;Sim;COXIPO;AV FERNANDO CORREA DA COSTA;MUNICIPAL;;ATENDIMENTO CONTINUO DE 24 HORAS/DIA (PLANTAO:INCLUI SABADOS, DOMINGOS E FERIADOS);5;M;Sim;Sim;NAO;Sim;Sim;Sim;Sim;;;(65) 6614301;2025-09-03
2803984;HOSPITAL SAO JUDAS TADEU;HOSPITAL SAO JUDAS TADEU LTDA;510340;Cuiabá;Sim;Sim;BARBADO;TANCREDO NEVES;MUNICIPAL;;ATENDIMENTO CONTINUO DE 24 HORAS/DIA (PLANTAO:INCLUI SABADOS, DOMINGOS E FERIADOS);5;M;Sim;Sim;SIM;Sim;Não;Sim;Sim;-15.622635284996841;-56.075676808653775;65 21285418;2025-09-03
2803992;HOSPITAL SAO LUCAS;CLINICA SAO LUCAS LTDA;510340;Cuiabá;Sim;Sim;CPA II;RUA PERNAMBUCO;MUNICIPAL;;ATENDIMENTO NOS TURNOS DA MANHA, TARDE E NOITE;5;M;Não;Não;NAO;Não;Não;Não;Sim;;;(65) 6412022;2025-09-03
2811871;EXAME LABORATORIO;ALESSIO E REDIVO LTDA;510340;Cuiabá;Sim;Sim;BOSQUE DA SAUDE;ACLIMACAO;MUNICIPAL;;ATENDIMENTO NOS TURNOS DA MANHA, TARDE E NOITE;36;M;Não;Não;SIM;Não;Não;Não;Não;-15.587210848269285;-56.07737533598048;65 30285950;2025-10-17
2811898;ONCOFISIO;CLINICA ONCOFISIO FISIOTERAPIA LTDA;510340;Cuiabá;Sim;Sim;MORADA DA SERRA;AV HISTORIADOR RUBENS DE MENDONCA;MUNICIPAL;;ATENDIMENTOS NOS TURNOS DA MANHA E A TARDE;36;M;Não;Não;NAO;Não;Não;Não;Não;;;(65) 3641-7575;2025-09-03
2814412;PROVIDA MEDICINA DIAGNOSTICA LTDA;PROVIDA MEDICINA DIAGNOSTICA LTDA;510340;Cuiabá;Sim;Sim;CENTRO;MARECHAL FLORIANO PEIXOTO;MUNICIPAL;;ATENDIMENTOS NOS TURNOS DA MANHA E A TARDE;39;M;Não;Não;NAO;Não;Não;Não;Não;-15.588936903349271;-56.10651254653931;65 36217277;2025-09-03
2814420;LACC LABORATORIO DE CITOLOGIA CLINICA;LACC LABORATORIO DE CITOLOGIA CLINICA LTDA;510340;Cuiabá;Sim;Sim;JD LEBLON;AVENIDA GOVERNADOR DANTE MARTINS DE OLIVEIRA;ESTADUAL;;ATENDIMENTOS NOS TURNOS DA MANHA E A TARDE;39;E;Não;Não;NAO;Não;Não;Não;Não;-15.593499388796884;-56.077871918678284;(65)6538401;2025-09-03
2814439;LAPAT CUIABA;LAPAT CUIABA;510340;Cuiabá;Sim;Sim;ARAES;AV MARECHAL DEODORO;DUPLA;;ATENDIMENTOS NOS TURNOS DA MANHA E A TARDE;39;D;Não;Não;SIM;Não;Não;Não;Não;-15.584265805310382;-56.09438896179199;(65) 3051-2800;2025-09-03
2820978;USF NICO BARACAT ENF MIRIAM PINHEIRO;SECRETARIA MUNICIPAL DE SAUDE;510340;Cuiabá;Sim;Sim;OSMAR CABRAL;AV PRINCIPAL;MUNICIPAL;;ATENDIMENTOS NOS TURNOS DA MANHA E A TARDE;2;M;Não;Não;SIM;Não;Não;Não;Sim;-15.6426186;-56.0333609;;2025-09-03
2823438;LUIZ CESAR NAZARIO SCALA CARDIOLOGISTA;LUIZ CESAR NAZARIO SCALA CARDIOLOGISTA;510340;Cuiabá;Sim;Sim;BOSQUE DA SAUDE;AVN HISTORIADOR RUBENS DE MENDONCA;ESTADUAL;Media - M2 e M3;ATENDIMENTO SOMENTE PELA MANHA;22;E;Não;Não;NAO;Não;Não;Não;Não;;;;2025-09-03
2826577;EVOLVERE CENTRO DE CUIDADO A PESSOA;JANAINE SILVESTRE DE PAULA;510340;Cuiabá;Sim;Sim;BOA ESPERANCA;VINTE E SETE;MUNICIPAL;;ATENDIMENTOS NOS TURNOS DA MANHA E A TARDE;22;M;Não;Não;NAO;Não;Não;Não;Não;-15.5365227;-56.0740244;65 81348315;2025-09-03
2829878;ELMER SALVIANO CLINICA OFTALMOLOGICA;ELMER B S SALVIANO CLINICA OFTALMOLOGICA EIRELI;510340;Cuiabá;Sim;Sim;JARDIM CUIABA;GENERAL RAMIRO DE NORONHA;MUNICIPAL;;ATENDIMENTOS NOS TURNOS DA MANHA E A TARDE;22;M;Não;Não;NAO;Não;Não;Não;Não;-15.5965236;-56.1104914;65 98833064;2025-09-03
2832763;PRO MENTE SERVICOS DE SAUDE LTDA;PRO MENTE SERVICOS DE SAUDE LTDA;510340;Cuiabá;Sim;Sim;DUQUE DE CAXIAS;MIGUEL SUTIL;MUNICIPAL;;ATENDIMENTOS NOS TURNOS DA MANHA E A TARDE;22;M;Não;Não;NAO;Não;Não;Não;Não;-15.5878371;-56.0843936;65 36271771;2025-09-03
2832836;MYRELLA GARCIA CUNHA;MYRELLA GARCIA CUNHA LTDA;510340;Cuiabá;Sim;Sim;CENTRO SUL;JOAQUIM MURTINHO;MUNICIPAL;;ATENDIMENTOS NOS TURNOS DA MANHA E A TARDE;22;M;Não;Não;NAO;Não;Não;Não;Não;-15.604680933752462;-56.1032193284661;65 99651108;2025-11-13
2837072;INSTITUTO UNICO;INSTITUTO UNICO;510340;Cuiabá;Sim;Sim;RIBEIRAO DA PONTE;MIGUEL SUTIL;MUNICIPAL;;ATENDIMENTOS NOS TURNOS DA MANHA E A TARDE;36;M;Não;Não;NAO;Não;Não;Não;Sim;-15.6027009;-56.0762418;65 36414207;2025-12-02
2839520;BARBARA PSICOLOGIA;BARBARA DAVID RECH PSICOLOGA;510340;Cuiabá;Sim;Sim;BOA ESPERANCA;TRINTA E UM;MUNICIPAL;;ATENDIMENTOS NOS TURNOS DA MANHA E A TARDE;22;M;Não;Não;NAO;Não;Não;Não;Não;-15.555741;-56.049632;66 96750030;2025-09-03
2841843;CLINICA KUPPER;KUPPER SAUDE LTDA;510340;Cuiabá;Sim;Sim;QUILOMBO;SAO SEBASTIAO;MUNICIPAL;;ATENDIMENTOS NOS TURNOS DA MANHA E A TARDE;22;M;Não;Não;NAO;Não;Não;Não;Não;-15.582110378270055;-56.09708199469378;65 30233962;2025-09-03
2842858;PSIQUE MED PLAN SERVICOS MEDICOS;PSIQUE MED PLAN SERVICOS MEDICOS EIRELI;510340;Cuiabá;Sim;Sim;BOSQUE DA SAUDE;BOSQUE DA SAUDE;MUNICIPAL;;ATENDIMENTOS NOS TURNOS DA MANHA E A TARDE;22;M;Não;Não;NAO;Não;Não;Não;Não;-15.586542136815899;-56.076293898906;65 30269292;2025-11-27
2855143;FISIOTERAPIA REABILITAR E AMAR;DIEGO SOUZA DO AMARAL SALDANHA;510340;Cuiabá;Sim;Sim;MORADA DA SERRA;BRASIL NUC HAB CPA II;MUNICIPAL;;ATENDIMENTOS NOS TURNOS DA MANHA E A TARDE;22;M;Não;Não;NAO;Não;Não;Não;Não;-15.560765666848475;-56.04990566256348;65 84424517;2025-10-11
2856018;PAMELLA FIGUEIREDO FISIOTERAPIA NEUROLOGICA;PRIME FISIO LTDA;510340;Cuiabá;Sim;Sim;BOA ESPERANCA;DESEMBARGADOR CESARINO DELFINO CESAR;MUNICIPAL;;ATENDIMENTOS NOS TURNOS DA MANHA E A TARDE;22;M;Não;Não;NAO;Não;Não;Não;Não;-15.61753772062507;-56.05306884352169;65 92088646;2025-11-13
2856034;CLINICA DE FISIOTERAPIA BIO CORPORE;CLINICA DE FISIOTERAPIA BIO CORPORE LTDA;510340;Cuiabá;Sim;Sim;MORADA DA SERRA;TESOURINHA NUC HAB CPA IV;MUNICIPAL;;ATENDIMENTOS NOS TURNOS DA MANHA E A TARDE;22;M;Não;Não;NAO;Não;Não;Não;Não;-15.596;-56.097;65 92718963;2025-09-03
2862646;NASF SUL 1;SECRETARIA MUNICIPAL DE SAUDE SMS;510340;Cuiabá;Sim;Sim;SAO GONCALO;AV B;MUNICIPAL;;ATENDIMENTOS NOS TURNOS DA MANHA E A TARDE;71;M;Não;Não;NAO;Não;Não;Não;Sim;-15.6473717;-56.0447087;65 98116-4258;2025-09-03
2866218;DROGARIA LONGA VIDA;M B SILVA;510340;Cuiabá;Sim;Sim;ALVORADA;POXOREU;MUNICIPAL;;ATENDIMENTOS NOS TURNOS DA MANHA E A TARDE;43;M;Não;Não;NAO;Não;Não;Não;Sim;-15.5805028;-56.0849972;65 36213490;2025-09-03
2868865;UNIMAGEM UNIDADE DE DIAGNOSTICOS POR IMAGEM SIMPLES LTDA;UNIMAGEM UNIDADE DE DIAGNOSTICOS POR IMAGEM SIMPLES LTDA;510340;Cuiabá;Sim;Sim;DOM AQUINO;DOM AQUINO;MUNICIPAL;;ATENDIMENTOS NOS TURNOS DA MANHA E A TARDE;36;M;Não;Não;NAO;Não;Não;Não;Não;-15.60404563111815;-56.096917976108166;65 21216400;2025-11-27
2870800;TOPMED SERVICOS MEDICOS LTDA;TOPMED SERVICOS MEDICOS LTDA;510340;Cuiabá;Sim;Sim;CENTRO SUL;COMANDANTE COSTA;MUNICIPAL;;ATENDIMENTOS NOS TURNOS DA MANHA E A TARDE;22;M;Não;Não;NAO;Não;Não;Não;Não;-15.59889438450191;-56.10126607571908;65 30287358;2025-09-03
2876264;ADOP SERVICOS MEDICOS;ADOP SERVICOS MEDICOS EIRELI;510340;Cuiabá;Sim;Sim;RIBEIRAO DA PONTE;MIGUEL SUTIL;MUNICIPAL;;ATENDIMENTOS NOS TURNOS DA MANHA E A TARDE;22;M;Não;Não;NAO;Não;Não;Não;Não;-15.579299344389785;-56.11029972303015;65 30545544;2025-09-03
2874954;GJ CLINICA ODONTOLOGICA LTDA;GJ CLINICA ODONTOLOGICA LTDA;510340;Cuiabá;Sim;Sim;SANTA CRUZ;EUCLIDES DA CUNHA;MUNICIPAL;;ATENDIMENTOS NOS TURNOS DA MANHA E A TARDE;22;M;Não;Não;NAO;Não;Não;Não;Não;-15.6097872;-56.0524679;65 92163248;2025-09-03
2880660;HFM OB SERVICOS MEDICOS LTDA;HFM OB SERVICOS MEDICOS LTDA;510340;Cuiabá;Sim;Sim;SANTA CRUZ;JOSE DE ALENCAR;MUNICIPAL;;ATENDIMENTOS NOS TURNOS DA MANHA E A TARDE;36;M;Não;Não;NAO;Não;Não;Não;Não;-15.607544218838719;-56.04669855804351;65 30281790;2025-09-03
2880792;EQUILIBRARE PSICOLOGIA CLINICA;EQUILIBRARE PSICOLOGIA CLINICA LTDA;510340;Cuiabá;Sim;Sim;ALVORADA;HISTORIADOR RUBENS DE MENDONCA;MUNICIPAL;;ATENDIMENTO NOS TURNOS DA MANHA, TARDE E NOITE;36;M;Não;Não;NAO;Não;Não;Não;Não;-15.5881459;-56.0831711;65 81116230;2025-09-03
2883333;UNIMAGEM;UNIMAGEM UNIDADE DE DIAGNOSTICOS POR IMAGEM SIMPLES LTDA;510340;Cuiabá;Sim;Sim;JARDIM CALIFORNIA;PEDREGAL;MUNICIPAL;;ATENDIMENTOS NOS TURNOS DA MANHA E A TARDE;36;M;Não;Não;NAO;Não;Não;Não;Sim;-15.5974424;-56.07083738688336;65 21216400;2025-09-03
2893398;PSIQUE CIA;MARCELA O BOSAIPO;510340;Cuiabá;Sim;Sim;BOA ESPERANCA;CORONEL JOSE PEREIRA DINIZ;MUNICIPAL;;ATENDIMENTOS NOS TURNOS DA MANHA E A TARDE;22;M;Não;Não;NAO;Não;Não;Não;Não;-15.6125381;-56.0578849;65 92131689;2025-09-03
2893703;EIKON DIAGNOSTICOS MEDICOS;EIKON DIAGNOSTICOS MEDICOS LTDA;510340;Cuiabá;Sim;Sim;BOSQUE DA SAUDE;HISTORIADOR RUBENS DE MENDONCA;MUNICIPAL;;ATENDIMENTO COM TURNOS INTERMITENTES;36;M;;Não;NAO;;;;Não;-15.58176785670328;-56.077494120524555;65 96201345;2025-10-17
2896389;INSTITUTO DE ENDOSCOPIA DIGESTIVA LTDA;INSTITUTO DE ENDOSCOPIA DIGESTIVA LTDA;510340;Cuiabá;Sim;Sim;JARDIM TROPICAL;TANCREDO DE ALMEIDA NEVES II;MUNICIPAL;;ATENDIMENTOS NOS TURNOS DA MANHA E A TARDE;22;M;Não;Não;NAO;Não;Não;Não;Não;-15.596;-56.097;65 33225186;2025-09-03
2900661;CER II CENTRO ESPECIALIZADO EM REABILITACAO DA REGIAO SUL;SECRETARIA MUNICIPAL DE SAUDE;510340;Cuiabá;Sim;Sim;PASCOAL RAMOS;RUA BENEDITO ANTONIO;MUNICIPAL;;ATENDIMENTOS NOS TURNOS DA MANHA E A TARDE;36;M;Não;Não;SIM;Não;Não;Não;Sim;-15.639149802204184;-55.979531731984494;;2025-09-03
2900971;ESPACO CLINICO PSICOPEDAGOGICO INFLUENCIAR;CLINICA PSICOLOGICA INFLUENCIAR LTDA;510340;Cuiabá;Sim;Sim;MORADA DA SERRA;ALENKER NUC HAB CPA I;MUNICIPAL;;ATENDIMENTOS NOS TURNOS DA MANHA E A TARDE;36;M;Não;Não;NAO;Não;Não;Não;Não;-15.556524533222813;-56.05295479805588;65 33654635;2025-10-17
2908425;CLINICA DE ALERGIA E IMUNOLOGIA DR JULIANO PHILIPPI;CLINICA DE ALERGIA E IMUNOLOGIA DR JULIANO PHILIPPI LTDA;510340;Cuiabá;Sim;Sim;BOSQUE DA SAUDE;PRIMAVERA;MUNICIPAL;;ATENDIMENTOS NOS TURNOS DA MANHA E A TARDE;22;M;Não;Não;NAO;Não;Não;Não;Não;-15.585368330571487;-56.07640237033123;65 99892138;2026-07-07
2910519;INSTITUTO OPTOMETRICO MASAO HOTTA;INSTITUTO OPTOMETRICO MASAO HOTTA LTDA;510340;Cuiabá;Sim;Sim;CENTRO NORTE;CAMPO GRANDE I;MUNICIPAL;;ATENDIMENTOS NOS TURNOS DA MANHA E A TARDE;36;M;Não;Não;NAO;Não;Não;Não;Não;-15.5955972;-56.0950595;11 71622107;2025-09-03
2912252;TAMIRES PIRES DE MENDONCA;TAMIRES PIRES DE MENDONCA LTDA;510340;Cuiabá;Sim;Sim;JARDIM CUIABA;DAS FLORES;MUNICIPAL;;ATENDIMENTOS NOS TURNOS DA MANHA E A TARDE;22;M;Não;Não;NAO;Não;Não;Não;Não;-15.5951321;-56.1159083;65 30287325;2025-09-03
2912430;QUALITY SAUDE;NORDESTE EMERGENCIAS E SOLUCOES MEDICAS LTDA;510340;Cuiabá;Sim;Sim;JARDIM PETROPOLIS;DESEMBARGADOR MILTON FIGUEIREDO FERREIRA MENDES;MUNICIPAL;;ATENDIMENTO CONTINUO DE 24 HORAS/DIA (PLANTAO:INCLUI SABADOS, DOMINGOS E FERIADOS);77;M;Não;Não;NAO;Não;Não;Não;Sim;-15.615876331434023;-56.07374311936222;85 30211764;2025-09-03
2912449;CLINICA REVER;CLINICA REVER LTDA;510340;Cuiabá;Sim;Sim;BOA ESPERANCA;TRINTA E UM;MUNICIPAL;;ATENDIMENTO NOS TURNOS DA MANHA, TARDE E NOITE;22;M;Não;Não;NAO;Não;Não;Não;Não;-15.5488046;-56.0284322;65 99394004;2025-09-03
2914093;DERMATO E CONVENIOS;CREPALDI DERMATO E CONVENIOS LTDA;510340;Cuiabá;Sim;Sim;GOIABEIRAS;ISAAC POVOAS;MUNICIPAL;;ATENDIMENTOS NOS TURNOS DA MANHA E A TARDE;22;M;Não;Não;NAO;Não;Não;Não;Não;-15.594576854446498;-56.103192611884566;65 33213565;2026-07-14
2921936;NEUROCOR SERVICOS MEDICOS;NEUROCOR SERVICOS MEDICOS LTDA;510340;Cuiabá;Sim;Sim;MORADA DA SERRA;PARANATINGA NUC HAB CPA II;MUNICIPAL;;ATENDIMENTOS NOS TURNOS DA MANHA E A TARDE;22;M;Não;Não;NAO;Não;Não;Não;Não;-15.558982734552558;-56.049776251478704;65 33652581;2025-11-13
2921944;FLORESCER AUTISMO;NASCIMENTO CAMPOS CIA LTDA;510340;Cuiabá;Sim;Sim;JARDIM CUIABA;DAS ORQUIDEAS;MUNICIPAL;;ATENDIMENTOS NOS TURNOS DA MANHA E A TARDE;22;M;Não;Não;NAO;Não;Não;Não;Não;-15.595864147782658;-56.116955592220876;65 36231000;2025-12-20
2927055;ESPACO ATIVA MENTE;CLINICA MULTIDISCIPLINAR ESPACO ATIVA MENTE LTDA;510340;Cuiabá;Sim;Sim;BOA ESPERANCA;TRINTA E CINCO;MUNICIPAL;;ATENDIMENTOS NOS TURNOS DA MANHA E A TARDE;22;M;Não;Não;NAO;Não;Não;Não;Não;-15.628551;-55.9874922;65 93201050;2025-09-03
2928205;O CASTELO DA FADA DO DENTE;CLINICA O CASTELO DA FADA DO DENTE LTDA;510340;Cuiabá;Sim;Sim;JARDIM CUIABA;DAS DALIAS;MUNICIPAL;;ATENDIMENTOS NOS TURNOS DA MANHA E A TARDE;22;M;Não;Não;NAO;Não;Não;Não;Não;-15.5451464;-56.043435;65 96159700;2025-09-03
2932490;FISIOTERAPIA KIDS;FISIOTERAPIA KIDS LTDA;510340;Cuiabá;Sim;Sim;CENTRO SUL;COMANDANTE COSTA;MUNICIPAL;;ATENDIMENTOS NOS TURNOS DA MANHA E A TARDE;22;M;Não;Não;NAO;Não;Não;Não;Não;-15.597998745393745;-56.10055845778436;65 81160784;2025-09-03
2932504;MM RESGATE;F A M VIEIRA;510340;Cuiabá;Sim;Sim;MORADA DA SERRA;QUARENTA E UM NUC HAB CPA III;MUNICIPAL;;ATENDIMENTOS NOS TURNOS DA MANHA E A TARDE;77;M;Não;Não;NAO;Não;Não;Não;Sim;-15.571576743295626;-56.04842263696478;65 84688199;2025-11-13
2932512;MEZZA CLIN;MEZZA CLIN FONOAUDIOLOGIA E ESPACO INTEGRADO MULTIDISCIPLI;510340;Cuiabá;Sim;Sim;JARDIM CUIABA;DAS ACACIAS;MUNICIPAL;;ATENDIMENTO SOMENTE PELA MANHA;22;M;Não;Não;NAO;Não;Não;Não;Não;-15.596692483077272;-56.11102658998446;65 99259608;2025-09-03
2935198;TRANSFORMARE DESENVOLVIMENTO HUMANO LTDA;TRANSFORMARE DESENVOLVIMENTO HUMANO LTDA;510340;Cuiabá;Sim;Sim;CIDADE ALTA;IPIRANGA;MUNICIPAL;;ATENDIMENTOS NOS TURNOS DA MANHA E A TARDE;36;M;Não;Não;NAO;Não;Não;Não;Sim;-15.60488998993906;-56.112645512712874;65 96439654;2025-09-03
2935864;L G DIAGNOSTICOS;LUIZ GUSTAVO RABONI PALMA;510340;Cuiabá;Sim;Sim;CIDADE ALTA;ARACATUBA LOT JD PRIMAVERA;MUNICIPAL;;ATENDIMENTOS NOS TURNOS DA MANHA E A TARDE;22;M;Não;Não;NAO;Não;Não;Não;Não;-15.595122048635945;-56.116858145095144;65 99976578;2025-09-03
2936216;NUTRI FOR LIFE LTDA;NUTRI FOR LIFE LTDA;510340;Cuiabá;Sim;Sim;DUQUE DE CAXIAS;GENERAL RAMIRO DE NORONHA;MUNICIPAL;;ATENDIMENTOS NOS TURNOS DA MANHA E A TARDE;22;M;Não;Não;NAO;Não;Não;Não;Não;-15.595433565419423;-56.11121284025302;65 81141133;2025-09-11
2937182;WOLKMER SAUDE INTEGRAL;WOLKMER SERVICOS DE SAUDE INTEGRAL LTDA;510340;Cuiabá;Sim;Sim;JARDIM ACLIMACAO;VEREADOR JULIANO DA COSTA MARQUES;MUNICIPAL;;ATENDIMENTOS NOS TURNOS DA MANHA E A TARDE;22;M;Não;Não;NAO;Não;Não;Não;Não;-15.5825918;-56.0505996;65 36220414;2025-09-03
2941392;PSICO DESENVOLVIMENTO COMPORTAMENTAL;APARECIDA DA COSTA NUNES PSICOLOGA LTDA;510340;Cuiabá;Sim;Sim;JARDIM ITALIA;RUA NAPOLI;MUNICIPAL;;ATENDIMENTOS NOS TURNOS DA MANHA E A TARDE;22;M;Não;Não;NAO;Não;Não;Não;Não;-15.604548135099927;-56.05767409524867;65 33620750;2025-09-03
2944189;PROJETO CATARATA;IONC INSTITUTO OFTALMOLOGICO DO NORTE E CENTRO OESTE LTDA;510340;Cuiabá;Sim;Sim;CENTRO NORTE;JOAQUIM MURTINHO;DUPLA;;ATENDIMENTOS NOS TURNOS DA MANHA E A TARDE;62;D;Sim;Sim;SIM;Sim;Não;Não;Não;-16.2709309;-56.6429486;65 40420157;2025-09-03
2945517;DANIELA SANTANA LOPES;DANIELA SANTANA LOPES;510340;Cuiabá;Sim;Sim;TIJUCAL;AVENIDA EDSON LUIS DA SILVA;MUNICIPAL;;ATENDIMENTOS NOS TURNOS DA MANHA E A TARDE;22;M;Não;Não;NAO;Não;Não;Não;Não;-15.6038376;-55.9938447;;2025-09-03
2945525;WAGNER MARQUES PEREIRA MALHEIROS;WAGNER MARQUES PEREIRA MALHEIROS;510340;Cuiabá;Sim;Sim;JARDIM CUIABA;AV DAS FLORES LOT JD CUIABA;MUNICIPAL;;ATENDIMENTOS NOS TURNOS DA MANHA E A TARDE;22;M;Não;Não;NAO;Não;Não;Não;Não;-15.594631709242945;-56.116652994920194;;2025-11-27
2950251;IRF PSICOLOGIA INTEGRADA LTDA;IRF PSICOLOGIA INTEGRADA LTDA;510340;Cuiabá;Sim;Sim;CENTRO SUL;COMANDANTE COSTA;MUNICIPAL;;ATENDIMENTOS NOS TURNOS DA MANHA E A TARDE;22;M;Não;Não;NAO;Não;Não;Não;Não;-15.5922214;-56.0949969;65 99791779;2025-09-03
2951908;INSTITUTO NEURO MENTE PLENA;INSTITUTO NEURO MENTE PLENA LTDA;510340;Cuiabá;Sim;Sim;JARDIM CUIABA;DAS VIOLETAS;MUNICIPAL;;ATENDIMENTOS NOS TURNOS DA MANHA E A TARDE;22;M;Não;Não;NAO;Não;Não;Não;Não;-15.6363405;-56.0092582;65 99223282;2025-09-03
2951924;MARIANA MOREIRA SANT ANA;MARIANA MOREIRA SANT ANA;510340;Cuiabá;Sim;Sim;JARDIM CUIABA;AVENIDA DAS FLORES;MUNICIPAL;;ATENDIMENTOS NOS TURNOS DA MANHA E A TARDE;22;M;Não;Não;NAO;Não;Não;Não;Não;-15.600056169360379;-56.0771369934082;;2025-09-03
2954753;CEICO;CENTRO DE IMAGEM DO CENTRO OESTE LTDA;510340;Cuiabá;Sim;Sim;ARAES;MATO GROSSO;MUNICIPAL;;ATENDIMENTOS NOS TURNOS DA MANHA E A TARDE;36;M;Não;Não;NAO;Não;Não;Não;Não;-15.592072151569596;-56.092877178117035;65 30262878;2025-09-03
2955733;SESI SST CUIABA;SESI SERVICO SOCIAL DA INDUSTRIA;510340;Cuiabá;Sim;Sim;CENTRO SUL;AV QUINZE DE NOVEMBRO;MUNICIPAL;;ATENDIMENTOS NOS TURNOS DA MANHA E A TARDE;22;M;Não;Não;NAO;Não;Não;Não;Não;-15.6089157;-56.1015317;65 36111591;2025-09-03
2956845;DROGARIA SAO PAULO;DROGARIA SAO PAULO S A;510340;Cuiabá;Sim;Sim;SANTA CRUZ;PROFESSORA EDNA MARIA DE ALBUQUERQUE AFFI;MUNICIPAL;;ATENDIMENTO NOS TURNOS DA MANHA, TARDE E NOITE;43;M;Não;Não;NAO;Não;Não;Não;Sim;-15.60852835;-56.024871059348236;11 32747400;2025-09-03
2957965;CLINICA MIDORI;CLINICA MIDORI LTDA;510340;Cuiabá;Sim;Sim;CENTRO SUL;JESSE PINTO FREIRE;MUNICIPAL;;ATENDIMENTOS NOS TURNOS DA MANHA E A TARDE;22;M;Não;Não;NAO;Não;Não;Não;Não;-15.5967679;-56.1013276;65 30526706;2025-09-03
2961547;FONO BEATRIZ PORTO;CLINICA DE FONOAUDIOLOGIA BEATRIZ PORTO LTDA;510340;Cuiabá;Sim;Sim;JARDIM CUIABA;DAS VIOLETAS;MUNICIPAL;;ATENDIMENTOS NOS TURNOS DA MANHA E A TARDE;22;M;Não;Não;NAO;Não;Não;Não;Não;-15.595663043771415;-56.11493876234183;65 96799733;2025-09-03
2961563;TAFURI SERVICOS MEDICOS EM UROLOGIA LTDA;TAFURI SERVICOS MEDICOS EM UROLOGIA LTDA;510340;Cuiabá;Sim;Sim;JARDIM ITALIA;ERICO GONCALVES PREZA FILHO;MUNICIPAL;;ATENDIMENTOS NOS TURNOS DA MANHA E A TARDE;22;M;Não;Não;NAO;Não;Não;Não;Não;-15.606414135398976;-56.05923573759351;65 30287328;2025-09-03
2964953;DROGARIA SAO PAULO;DROGARIA SAO PAULO S A;510340;Cuiabá;Sim;Sim;BOSQUE DA SAUDE;ACLIMACAO;MUNICIPAL;;ATENDIMENTO NOS TURNOS DA MANHA, TARDE E NOITE;43;M;Não;Não;NAO;Não;Não;Não;Não;-15.585824746414504;-56.07898229999999;11 32747400;2025-09-03
2966883;DROGARIA SAO PAULO 2286 CUIABAII;DROGARIA SAO PAULO S A;510340;Cuiabá;Sim;Sim;JARDIM CUIABA;DAS FLORES;MUNICIPAL;;ATENDIMENTO NOS TURNOS DA MANHA, TARDE E NOITE;43;M;Não;Não;NAO;Não;Não;Não;Sim;-15.59465237700862;-56.116610079577654;11 32747400;2026-03-28
2967286;LAURA OLIVEIRA PRADO;LAURA OLIVEIRA PRADO EIRELI;510340;Cuiabá;Sim;Sim;BOSQUE DA SAUDE;BOSQUE DA SAUDE;MUNICIPAL;;ATENDIMENTOS NOS TURNOS DA MANHA E A TARDE;22;M;Não;Não;NAO;Não;Não;Não;Não;-15.5899448;-56.078490862706715;65 35492492;2025-09-03
2970198;INSTITUTO AQUARELA TERAPIAS INTEGRADAS;TATIANE COSTA DOS SANTOS;510340;Cuiabá;Sim;Sim;JARDIM DAS AMERICAS;NASSAU;MUNICIPAL;;ATENDIMENTOS NOS TURNOS DA MANHA E A TARDE;22;M;Não;Não;NAO;Não;Não;Não;Não;-15.604681583039431;-56.06783982825503;69 93791203;2025-11-04
2970406;CLINICA HABILITA MENTE SAUDE E BEM ESTAR;CLINICA HABILITA MENTE SAUDE E BEM ESTAR LTDA;510340;Cuiabá;Sim;Sim;DOM AQUINO;PADRE JERONIMO BOTELHO;MUNICIPAL;;ATENDIMENTOS NOS TURNOS DA MANHA E A TARDE;36;M;Não;Não;NAO;Não;Não;Não;Não;-15.6119769;-56.0862619;65 96999695;2025-09-03
2972115;ESPACO SENSORIAL TERAPEUTICO OCUPACIONAL;JANETE RODRIGUES DA SILVA;510340;Cuiabá;Sim;Sim;POCAO;MIRANDA REIS;MUNICIPAL;;ATENDIMENTOS NOS TURNOS DA MANHA E A TARDE;22;M;Não;Não;NAO;Não;Não;Não;Não;-15.6035389;-56.0911575;65 96121340;2025-09-03
2981416;CLISSLABOR SERVICOS E SEGURANCA DO TRABALHO;R AUGUSTO BRANDAO SERVICOS MEDICOS LTDA;510340;Cuiabá;Sim;Sim;BANDEIRANTES;GENERAL VALE;MUNICIPAL;;ATENDIMENTOS NOS TURNOS DA MANHA E A TARDE;22;M;Não;Não;NAO;Não;Não;Não;Não;-15.601757480440694;-56.09100294176754;65 92362836;2026-06-02
2986140;CLINICA ESSENCIAL KIDS;CLINICA ESSENCIAL KIDS LTDA;510340;Cuiabá;Sim;Sim;BOA ESPERANCA;VINTE E OITO;MUNICIPAL;;ATENDIMENTOS NOS TURNOS DA MANHA E A TARDE;22;M;Não;Não;NAO;Não;Não;Não;Não;-15.60733056609909;-56.055186402117705;65 98112880;2026-07-21
2986604;ESPACO TIMPANYKIDS;ESPACO TIMPANY CLIN EQUIPE MULTIDISCIPLINAR LTDA;510340;Cuiabá;Sim;Sim;PORTO;BARAO DE MELGACO;MUNICIPAL;;ATENDIMENTOS NOS TURNOS DA MANHA E A TARDE;22;M;Não;Não;NAO;Não;Não;Não;Não;-15.5920384;-56.1069363;65 96169747;2025-09-03
2990814;BALPAS;BALPAS SERVICOS MEDICOS LTDA;510340;Cuiabá;Sim;Sim;JARDIM CUIABA;DAS DALIAS;MUNICIPAL;;ATENDIMENTOS NOS TURNOS DA MANHA E A TARDE;36;M;Não;Não;NAO;Não;Não;Não;Não;-15.596404364033797;-56.11978195475633;65 30287328;2025-09-03
2994259;CDI CENTRO DESENVOLVIMENTO INFANTIL;CENTRO INFANTIL DE PSICOLOGIA LTDA;510340;Cuiabá;Sim;Sim;RESIDENCIAL COXIPO;1 RES S TEREZINHA 2A ETAPA;MUNICIPAL;;ATENDIMENTOS NOS TURNOS DA MANHA E A TARDE;22;M;Não;Não;NAO;Não;Não;Não;Não;-15.645209124935718;-56.038534767330404;65 99882921;2025-10-11
2997037;TAKANO DIAGNOSTICO E TRATAMENTO LTDA;TAKANO DIAGNOSTICO E TRATAMENTO LTDA;510340;Cuiabá;Sim;Sim;JARDIM CUIABA;DAS DALIAS;MUNICIPAL;;ATENDIMENTOS NOS TURNOS DA MANHA E A TARDE;22;M;Não;Não;NAO;Não;Não;Não;Não;-16.2508998;-56.6197149;65 21270944;2025-09-03
3009289;USF 1 DE MARCO;PREFEITURA MUNICIPAL DE CUIABA;510340;Cuiabá;Sim;Sim;1 DE MARCO;AV PRINCIPAL;MUNICIPAL;;ATENDIMENTOS NOS TURNOS DA MANHA E A TARDE;2;M;Não;Não;SIM;Não;Não;Não;Sim;-15.549264425678356;-56.03197597301245;(65) 3649-1541;2025-09-03
3012816;USF JOAO BOSCO PINHEIRO;PREFEITURA MUNICIPAL DE CUIABA;510340;Cuiabá;Sim;Sim;1 DE MARCO;AVENIDA PRINCIPAL;MUNICIPAL;;ATENDIMENTOS NOS TURNOS DA MANHA E A TARDE;2;M;Não;Não;SIM;Não;Não;Não;Sim;-15.549414124635733;-56.031923847421204;(65) 3649-3310;2025-09-03
3019853;USF TRES BARRAS;PREFEITURA MUNICIPAL DE CUIABA;510340;Cuiabá;Sim;Sim;TRES BARRAS;RUA 29;MUNICIPAL;;ATENDIMENTOS NOS TURNOS DA MANHA E A TARDE;2;M;Não;Não;SIM;Não;Não;Não;Sim;-15.5738447;-56.0597532;(65) 3649-2913;2025-09-03
3023087;USF JARDIM UMUARAMA ALTOS DA GLORIA;PREFEITURA MUNICIPAL DE CUIABA;510340;Cuiabá;Sim;Sim;TRES BARRAS;RUA 29;MUNICIPAL;;ATENDIMENTOS NOS TURNOS DA MANHA E A TARDE;2;M;Não;Não;SIM;Não;Não;Não;Sim;-15.557257840724281;-56.0250105257455;(65) 3649-1450;2025-09-03
3036715;CORMED CARDIOLIGIA E INTERVENCAO;CORMED CARDIOLOGIA E INTERVENCAO LTDA;510340;Cuiabá;Sim;Sim;RIBEIRAO DA PONTE;MIGUEL SUTIL;MUNICIPAL;;ATENDIMENTOS NOS TURNOS DA MANHA E A TARDE;36;M;Não;Não;NAO;Não;Não;Não;Não;-15.63046855;-55.959339543166564;65 36613283;2025-09-03
3036723;DROGARIA SAO PAULO;DROGARIA SAO PAULO S A;510340;Cuiabá;Sim;Sim;CENTRO NORTE;PRESIDENTE GETULIO VARGAS;MUNICIPAL;;ATENDIMENTO NOS TURNOS DA MANHA, TARDE E NOITE;43;M;Não;Não;NAO;Não;Não;Não;Sim;-15.592077007644924;-56.10435857984308;11 32747400;2025-09-03
3040208;SONAR;SONAR UNIDADE AVANCADA DE DIAGNOSTICO POR IMAGEM LTDA;510340;Cuiabá;Sim;Sim;JARDIM MARIANA;MIGUEL SUTIL;MUNICIPAL;;ATENDIMENTOS NOS TURNOS DA MANHA E A TARDE;39;M;Não;Não;NAO;Não;Não;Não;Sim;-15.581930084741828;-56.111293935865;65 33222168;2025-11-27
3040240;USF RIO DOS PEIXES;PREFEITURA MUNICIPAL DE CUIABA;510340;Cuiabá;Sim;Sim;RIO DOS PEIXES;RODOVIA EMANUAL PINHEIRO;MUNICIPAL;;ATENDIMENTOS NOS TURNOS DA MANHA E A TARDE;2;M;Não;Não;SIM;Não;Não;Não;Sim;-15.395520419809216;-55.99094794091662;33186987;2026-04-07
3042200;CLINICA CARDIOLOGICA DR ADENA;CLINICA CARDIOLOGICA DR ADENA LTDA;510340;Cuiabá;Sim;Sim;CENTRO;ISAAC POVOAS;MUNICIPAL;;ATENDIMENTOS NOS TURNOS DA MANHA E A TARDE;36;M;Não;Não;NAO;Não;Não;Não;Sim;-15.59656309051629;-56.100062114191125;;2026-07-07
3042367;CLINICA PAIS E FILHOS S C LTDA;CLINICA PAIS E FILHOS S S LTDA;510340;Cuiabá;Sim;Sim;CENTRO;BARAO DE MELGACO;MUNICIPAL;;ATENDIMENTOS NOS TURNOS DA MANHA E A TARDE;22;M;Não;Não;NAO;Não;Não;Não;Não;-15.6192643;-56.1200692;;2025-09-03
3043959;BARROS E VIEIRA;BARROS E VIEIRA LTDA;510340;Cuiabá;Sim;Sim;CENTRO;RUA 13 DE JUNHO;MUNICIPAL;;ATENDIMENTOS NOS TURNOS DA MANHA E A TARDE;22;M;Não;Não;NAO;Não;Não;Não;Não;-15.603614031095049;-56.100083771164364;(65) 3219049;2025-10-11
3044106;IB LABORATORIO;IB LABORATORIO DE ANALISES CLINICAS;510340;Cuiabá;Sim;Sim;BOSQUE DA SAUDE;AV HISTORIADOR RUBENS DE MENDONCA;MUNICIPAL;;ATENDIMENTOS NOS TURNOS DA MANHA E A TARDE;39;M;;Não;NAO;;;;Sim;-15.581099059401533;-56.07765510182462;(65) 6424962;2025-11-04
3045536;INSTITUTO CARVALHO DE PSICOLOGIA;DANIELA CRISTIANE CARVALHO LTDA;510340;Cuiabá;Sim;Sim;JARDIM DAS AMERICAS;BUENOS AIRES;MUNICIPAL;;ATENDIMENTOS NOS TURNOS DA MANHA E A TARDE;22;M;Não;Não;NAO;Não;Não;Não;Não;-16.2662115;-56.6415775;41 96869828;2025-09-03
3052796;CLINICA DE NEUROLOGIA;CLINICA DE NEUROLOGIA DR LUIZ EUGENIO CERVELLINI LTDA;510340;Cuiabá;Sim;Sim;JARDIM CUIABA;DAS FLORES;MUNICIPAL;;ATENDIMENTOS NOS TURNOS DA MANHA E A TARDE;36;M;Não;Não;NAO;Não;Não;Não;Não;-15.596;-56.097;65 33220271;2025-09-03
3052990;TORRES LASER OFTALMOLOGIA;BRAULIO TORRES CRUZ JUNIOR;510340;Cuiabá;Sim;Sim;ALVORADA;HISTORIADOR RUBENS DE MENDONCA;MUNICIPAL;;ATENDIMENTOS NOS TURNOS DA MANHA E A TARDE;84;M;Não;Não;NAO;Não;Não;Não;Não;-15.587762454818535;-56.08352097822194;65 36232963;2025-09-03
3054071;CLINICA DE PSICOLOGIA E PSICOPEDAG SINTONIA DA MENTE;CLINICA DE PSICOLOGIA E PSICOPEDAGOGIA SINTONIA DA MENTE LTD;510340;Cuiabá;Sim;Sim;JARDIM DAS AMERICAS;SAN SALVADOR;MUNICIPAL;;ATENDIMENTOS NOS TURNOS DA MANHA E A TARDE;22;M;Não;Não;NAO;Não;Não;Não;Não;-15.605690410026464;-56.07526276845318;65 30215230;2025-09-03
3054578;PRATA MEDICINA E SEGURANCA;UROLITO SERVICOS MEDICOS LTDA;510340;Cuiabá;Sim;Sim;BAU;AV RUBENS DE MENDONCA;MUNICIPAL;;ATENDIMENTOS NOS TURNOS DA MANHA E A TARDE;39;M;Não;Não;NAO;Não;Não;Não;Não;-15.596;-56.097;(65) 6238226;2025-09-03
3054586;GASTRO CENTRO;GASTRO CENTRO LTDA;510340;Cuiabá;Sim;Sim;BANDEIRANTES;MANOEL GARCIA VELHO;MUNICIPAL;;ATENDIMENTOS NOS TURNOS DA MANHA E A TARDE;36;M;Não;Não;NAO;Não;Não;Não;Sim;-15.600109478955629;-56.09202867282027;65 92162774;2026-06-02
3055442;ECOCENTER ULTRASSONOGRAFIA;QUEIROZ REZENDE CIA LTDA;510340;Cuiabá;Sim;Sim;JARDIM LEBLON;AV GOVERNADOR DANTE MARTINS DE OLIVEIRA;MUNICIPAL;;ATENDIMENTOS NOS TURNOS DA MANHA E A TARDE;39;M;Não;Não;NAO;Não;Não;Não;Não;-15.5844435;-56.0480249;;2025-09-03
3055612;ULTRACENTER SERVICOS MEDICOS;ULTRACENTER SERVICOS MEDICOS LTDA;510340;Cuiabá;Sim;Sim;CENTRO;GENERAL VALLE;MUNICIPAL;;ATENDIMENTOS NOS TURNOS DA MANHA E A TARDE;36;M;Não;Não;NAO;Não;Não;Não;Sim;-15.602709853504631;-56.09209885600147;;2025-09-03
3058387;CLINICA SANTA MARTA;REGINA MARTA VRECH COELHO;510340;Cuiabá;Sim;Sim;SANTA MARTA;SANTA MONICA;MUNICIPAL;;ATENDIMENTOS NOS TURNOS DA MANHA E A TARDE;36;M;Não;Não;NAO;Não;Não;Não;Sim;-15.575893134162099;-56.09979369025324;65 30273056;2025-10-11
3058395;AYRTES DE MATTOS PULCHERIO RIVERA;AYRTES DE MATTOS PULCHERIO RIVERA;510340;Cuiabá;Sim;Sim;CENTRO;RUA BARAO E MELGACO;MUNICIPAL;;ATENDIMENTOS NOS TURNOS DA MANHA E A TARDE;22;M;Não;Não;NAO;Não;Não;Não;Não;-15.602288952497744;-56.101813759294025;(65) 6244430;2025-09-03
3059952;USMED CENTRO ESPECIALIZADO EM ULTRA SONOGRAFIA;SHIBASAKI SHIBASAKI LTDA;510340;Cuiabá;Sim;Sim;TANCREDO NEVES;TANCREDO NEVES;MUNICIPAL;;ATENDIMENTO COM TURNOS INTERMITENTES;39;M;;Não;NAO;;;;Sim;-15.569820844648024;-56.05457545102445;65 36277003;2025-11-27
3061078;CLINICA DE DOENCAS NEUROLOGICAS;CLINICA DE DOENCAS NEUROLOGICAS CARLOS BOTELHO SC LTDA;510340;Cuiabá;Sim;Sim;CENTRO;RUA JOAQUIM MURTINHO;MUNICIPAL;;ATENDIMENTOS NOS TURNOS DA MANHA E A TARDE;36;M;Não;Não;NAO;Não;Não;Não;Sim;;;;2025-09-03
3062627;;CIRURGIA GERAL E ENDOSCOPIA CENTRO OESTE LTDA;510340;Cuiabá;Sim;Sim;QUILOMBO;MARECHAL DEODORO;MUNICIPAL;;ATENDIMENTOS NOS TURNOS DA MANHA E A TARDE;22;M;Não;Não;NAO;Não;Não;Não;Sim;-15.586303938052044;-56.097397893526356;65 33225186;2026-06-26
3062694;CADIM MEDICINA DIAGNOSTICA;CADIM CENTRO AVANCADO DE DIAGNOSTICO POR IMAGEM LTDA;510340;Cuiabá;Sim;Sim;BOSQUE DA SAUDE;ACLIMACAO;MUNICIPAL;;ATENDIMENTO CONTINUO DE 24 HORAS/DIA (PLANTAO:INCLUI SABADOS, DOMINGOS E FERIADOS);36;M;Não;Não;SIM;Não;Não;Não;Sim;-15.586898754189228;-56.07810138853735;65 21216363;2025-09-03
3064123;CLINICA ANGEL;ANGELA CENTRO TERAPEUTICO LTDA;510340;Cuiabá;Sim;Sim;ARAES;RUA AZELIA MAMORE DE MELU;MUNICIPAL;;ATENDIMENTOS NOS TURNOS DA MANHA E A TARDE;36;M;Não;Não;NAO;Não;Não;Não;Não;-15.590067310888083;-56.092295073837946;(65) 6221374;2025-09-03
3064131;YULIA JACOB DE MORAES;YULIA JACOB DE MORAES;510340;Cuiabá;Sim;Sim;JD ACLIMACAO;AV HISTORIADOR RUBENS DE MENDONCA;MUNICIPAL;;ATENDIMENTO SOMENTE A TARDE;22;M;Não;Não;NAO;Não;Não;Não;Não;-15.582740762690568;-56.07743350490292;(65) 6427074;2025-09-03
3064344;CENTRO INTERDISCIPLINAR DE EQUOTERAPIA;NOETHEN NOETHEN LTDA;510340;Cuiabá;Sim;Sim;POPULAR;SENADOR FILINTO MLLER;MUNICIPAL;;ATENDIMENTOS NOS TURNOS DA MANHA E A TARDE;36;M;Não;Não;NAO;Não;Não;Não;Não;-15.593551971602604;-56.10931260000462;65 30284747;2025-09-03
3066649;DENSIMAT;DENSIMAT UNIDADE DE DENSITOMETRIA OSSEA DE MATO GROSSO LTD;510340;Cuiabá;Sim;Sim;JARDIM CUIABA;DAS FLORES;MUNICIPAL;;ATENDIMENTOS NOS TURNOS DA MANHA E A TARDE;39;M;Não;Não;NAO;Não;Não;Não;Não;-15.59462170581704;-56.11991346251064;65 36244001;2025-10-17
3066657;INSTITUTO DE REUMATOLOGIA E ENDOCRINOLOGIA DE MT;INSTITUTO DE REUMATOLOGIA E ENDOCRINOLOGIA DE MT;510340;Cuiabá;Sim;Sim;JD CUIABA;AV DAS FLORES;MUNICIPAL;;ATENDIMENTOS NOS TURNOS DA MANHA E A TARDE;36;M;Não;Não;NAO;Não;Não;Não;Sim;-15.5945002;-56.1205235;(65) 6231229;2025-09-03
3068293;UNIDADE RURAL COIVARAS;PREFEITURA MUNICIPAL DE CUIABA;510340;Cuiabá;Sim;Sim;ZONA RURAL;ESTRADA DO MANSO KM 80;MUNICIPAL;;ATENDIMENTOS NOS TURNOS DA MANHA E A TARDE;1;M;Não;Não;NAO;Não;Não;Não;Sim;-15.023455518584763;-55.75746325371898;(65) 6171432;2025-09-03
3069745;CLINICA RENASCER;RENASCER CENTRO DE ORIENTACAO E ATIV TERAPEUTICAS LTDA;510340;Cuiabá;Sim;Sim;BANDEIRANTES;MANOEL GARCIA VELHO;MUNICIPAL;;ATENDIMENTOS NOS TURNOS DA MANHA E A TARDE;36;M;Não;Não;NAO;Não;Não;Não;Não;-15.600150813382287;-56.09198575711017;065 6243424;2026-07-21
3069753;DENSIMAGEM;ELE MARIA KUHN EPP;510340;Cuiabá;Sim;Sim;JARDIM CUIABA;AV DAS FLORES;MUNICIPAL;;ATENDIMENTOS NOS TURNOS DA MANHA E A TARDE;39;M;Não;Não;NAO;Não;Não;Não;Não;-15.595113092488493;-56.11805515543899;(65)3051-3511;2025-09-03
3069788;LABORATORIO GENOMA;GENOMA LABORATORIO DE ANALISES CLINICAS LTDA;510340;Cuiabá;Sim;Sim;ALVORADA;LUIS PHILIPPE PEREIRA LEITE;MUNICIPAL;;ATENDIMENTOS NOS TURNOS DA MANHA E A TARDE;39;M;Não;Não;NAO;Não;Não;Não;Não;-15.580787546018245;-56.07936083499851;65 30274240;2025-11-13
3071286;LABORATORIO HEMACLIN;LABORATORIO DE HEMATOLOGIA E ANALISES CLINICAS HEMACLIN LTDA;510340;Cuiabá;Sim;Sim;JARDIM CUIABA;DAS FLORES;MUNICIPAL;;ATENDIMENTOS NOS TURNOS DA MANHA E A TARDE;39;M;Não;Não;NAO;Não;Não;Não;Não;-15.594611041475181;-56.11641696053623;65 30527445;2026-06-26
3072037;IPC MT INSTITUTO DE PESQUISAS CLINICAS DE MATO GROSSO;L S GUEDES BARBOSA CIA LTDA;510340;Cuiabá;Sim;Sim;CENTRO SUL;TENENTE CORONEL THOGO DA SILVA PEREIRA;MUNICIPAL;;ATENDIMENTOS NOS TURNOS DA MANHA E A TARDE;36;M;Não;Não;NAO;Não;Não;Não;Não;-15.603562554495776;-56.102535764636;65 36236033;2025-11-04
3072045;CLIN MED;S B CLINICA LTDA;510340;Cuiabá;Sim;Sim;JARDIM EUROPA;JORNALISTA ROBERTO JACQUES BRUNINI I;MUNICIPAL;;ATENDIMENTOS NOS TURNOS DA MANHA E A TARDE;36;M;Não;Não;NAO;Não;Não;Não;Não;-15.622748375299013;-56.0834375983252;65 36231000;2025-09-03
3072142;CLINIMED;ANTONIO CARLOS JAUDY;510340;Cuiabá;Sim;Sim;BOA ESPERANCA;01;MUNICIPAL;;ATENDIMENTOS NOS TURNOS DA MANHA E A TARDE;36;M;Não;Não;NAO;Não;Não;Não;Não;-15.595930695376817;-56.10944563567438;;2025-09-03
3078167;USF DR FABIO I;PREFEITURA MUNICIPAL DE CUIABA;510340;Cuiabá;Sim;Sim;DOUTOR FABIO;RUA RONDONOPOLIS;MUNICIPAL;;ATENDIMENTOS NOS TURNOS DA MANHA E A TARDE;2;M;Não;Não;SIM;Não;Não;Não;Sim;-15.6351092;-56.002831;(65) 3649-2150;2025-09-03
3078183;USF DR FABIO II;PREFEITURA MUNICIPAL DE CUIABA;510340;Cuiabá;Sim;Sim;DR FABIO;RUA RONDONOPOLIS;MUNICIPAL;;ATENDIMENTOS NOS TURNOS DA MANHA E A TARDE;2;M;Não;Não;SIM;Não;Não;Não;Sim;-15.6385011;-56.1573885;(65) 3649-5725;2025-09-03
3078191;CLINICA PRO SAUDE;CLINICA PRO SAUDE LTDA;510340;Cuiabá;Sim;Sim;BAU;H;MUNICIPAL;;ATENDIMENTOS NOS TURNOS DA MANHA E A TARDE;22;M;Não;Não;NAO;Não;Não;Não;Não;-15.59017423908316;-56.082857075765176;65 36237402;2025-09-03
3075788;SONIA MARIA BARBOSA CEBALHO;SONIA MARIA BARBOSA CEBALHO;510340;Cuiabá;Sim;Sim;BANDEIRANTES;RUA MANOEL GARCIA VELHO;MUNICIPAL;;ATENDIMENTOS NOS TURNOS DA MANHA E A TARDE;22;M;Não;Não;NAO;Não;Não;Não;Não;;;(65) 6243424;2025-09-03
3076113;CENTRO DE VIDEO ENDOSCOPIA;CENTRO DE VIDEO ENDOSCOPIA LTDA;510340;Cuiabá;Sim;Sim;BOSQUE DA SAUDE;ACLIMACAO;MUNICIPAL;;ATENDIMENTOS NOS TURNOS DA MANHA E A TARDE;36;M;Não;Não;NAO;Não;Não;Não;Não;-15.587023180687115;-56.07747827750078;65 84040269;2025-09-03
3076121;LABORATORIO SAO CAMILO;LABORATORIO DE ANALISES CLINICAS SAO CAMILO LTDA;510340;Cuiabá;Sim;Sim;CENTRO;AV DOM AQUINO;MUNICIPAL;;ATENDIMENTOS NOS TURNOS DA MANHA E A TARDE;39;M;;Não;SIM;;;;Não;-15.60365451820059;-56.09668199095487;(65)36249211;2025-09-03
3076148;PROCENESTEC;CLINICA DE PROCEDIMENTO ANESTESIOLOGICO DE CBA LTDA;510340;Cuiabá;Sim;Sim;CENTRO;RUA A;MUNICIPAL;;ATENDIMENTOS NOS TURNOS DA MANHA E A TARDE;36;M;Não;Não;NAO;Não;Não;Não;Não;;;(65) 6234995;2025-09-03
3076156;CONSULTORIO DE PSICOLOGIA;CONSULTORIO DE PSICOLOGIA;510340;Cuiabá;Sim;Sim;CENTRO;RUA GALDINO PIMENTEL;MUNICIPAL;;ATENDIMENTOS NOS TURNOS DA MANHA E A TARDE;22;M;Não;Não;NAO;Não;Não;Não;Não;-15.59795604730629;-56.09500560467053;(65) 3212029;2025-09-03
3080676;INSTITUTO DE CARDIOLOGIA DE MT;INSTITUTO DE CARDIOLOGIA DE MATO GROSSO CENTRO DE DIAGNOSTIC;510340;Cuiabá;Sim;Sim;JARDIM CUIABA;DAS FLORES;MUNICIPAL;;ATENDIMENTOS NOS TURNOS DA MANHA E A TARDE;36;M;Não;Não;NAO;Não;Não;Não;Não;-15.594953351110453;-56.116848796170515;65 33210304;2025-11-04
3082814;CITODIAGNOSTICO;CITODIAGNOSTICO S S LTDA;510340;Cuiabá;Sim;Sim;JARDIM BURITY;UM;MUNICIPAL;;ATENDIMENTOS NOS TURNOS DA MANHA E A TARDE;39;M;Não;Não;NAO;Não;Não;Não;Não;-14.605870641819116;-57.5174696873161;65 36611615;2025-09-03
3087670;MARIA IRISMAR PINHEIRO PEIXOTO MIRANDA;MARIA IRISMAR PINHEIRO PEIXOTO MIRANDA;510340;Cuiabá;Sim;Sim;AREAO;BOTAFOGO JD GUANABARA;MUNICIPAL;;ATENDIMENTOS NOS TURNOS DA MANHA E A TARDE;22;M;Não;Não;NAO;Não;Não;Não;Não;-15.604908939325822;-56.08263653696512;65 36243424;2025-09-03
3089770;ECOX;FANZERES E MONTEIRO FORTES LTDA;510340;Cuiabá;Sim;Sim;BAU;AV HISTORIADOR RUBENS DE MENDONCA;MUNICIPAL;;ATENDIMENTOS NOS TURNOS DA MANHA E A TARDE;39;M;Não;Não;NAO;Não;Não;Não;Sim;-15.590190700691652;-56.08733480467053;(65) 6233068;2025-10-17
3089827;HIDROCLIN CLINICA DE FISIOTERAPIA;HIDROCLIN CLINICA DE FISIOTERAPIA E EVENTOS E PRODUCOES DE C;510340;Cuiabá;Sim;Sim;JARDIM CUIABA;DA HORTENCIAS;MUNICIPAL;;ATENDIMENTOS NOS TURNOS DA MANHA E A TARDE;22;M;Não;Não;NAO;Não;Não;Não;Não;-15.5395177;-56.0972857;;2025-09-03
3090515;CLINICA ACREDITAR AVALIACAO PSICOLOGICA LTDA;CLINICA ACREDITAR AVALIACAO PSICOLOGICA LTDA;510340;Cuiabá;Sim;Sim;DUQUE DE CAXIAS;MAJOR OTAVIO PITALUGA;MUNICIPAL;;ATENDIMENTOS NOS TURNOS DA MANHA E A TARDE;22;M;Não;Não;NAO;Não;Não;Não;Não;-15.5893767;-56.113462;65 92591664;2025-09-03
3091309;CRP;CENTRO DE REABILITACAO PELVICA LTDA;510340;Cuiabá;Sim;Sim;JARDIM MARIANA;MIGUEL SUTIL;MUNICIPAL;;ATENDIMENTOS NOS TURNOS DA MANHA E A TARDE;22;M;Não;Não;NAO;Não;Não;Não;Não;-15.6065608;-56.1284272;65 30447799;2025-09-03
3092445;RADIMAGEM;RADIMAGEM SERVICOS MEDICOS LTDA;510340;Cuiabá;Sim;Sim;JARDIM CUIABA;DAS FLORES;MUNICIPAL;;ATENDIMENTOS NOS TURNOS DA MANHA E A TARDE;39;M;Não;Não;NAO;Não;Não;Não;Não;-15.594739765032248;-56.11668172122037;65 30463400;2025-11-27
3094901;USF ALTOS DA SERRA I;PREFEITURA MUNICIPAL DE CUIABA;510340;Cuiabá;Sim;Sim;ALTOS DA SERRA;RUA RUI BARBOSA;MUNICIPAL;;ATENDIMENTOS NOS TURNOS DA MANHA E A TARDE;2;M;Não;Não;SIM;Não;Não;Não;Sim;-15.5764361;-56.0207635;(65) 3617-1339;2025-09-03
3094979;FILOMENA RIBEIRO COSTA;FILOMENA CRISTINA RIBEIRO ALVES BARROS COSTA;510340;Cuiabá;Sim;Sim;GOIABEIRAS;RUA ESTEVAO DE MENDONCA;MUNICIPAL;;ATENDIMENTOS NOS TURNOS DA MANHA E A TARDE;22;M;Não;Não;NAO;Não;Não;Não;Não;-15.595882886471196;-56.10952006908843;(65) 3223895;2025-10-17
3096386;CLINICA FERRAZ;CLINICA PEDIATRICA SAO JUDAS LTDA;510340;Cuiabá;Sim;Sim;JARDIM CALIFORNIA;TANCREDO DE ALMEIDA NEVES;MUNICIPAL;;ATENDIMENTOS NOS TURNOS DA MANHA E A TARDE;36;M;Não;Não;NAO;Não;Não;Não;Sim;-15.622575253209314;-56.0758472427231;65 36276488;2025-10-11
3096394;ALFREDO AUGUSTO DE ARRUDA;ALFREDO AUGUSTO DE ARRUDA;510340;Cuiabá;Sim;Sim;CENTRO;RUA THOGO PERREIRA;MUNICIPAL;;ATENDIMENTOS NOS TURNOS DA MANHA E A TARDE;22;M;Não;Não;NAO;Não;Não;Não;Não;-15.604477529693076;-56.10176710910859;(65) 3228186;2025-09-03
3096653;IMAGEN;IMAGEN INSTITUTO MATOGROSSENSE DE GASTROENTEROLOGIA E ENDOSC;510340;Cuiabá;Sim;Sim;JARDIM CUIABA;DAS BEGONIAS;MUNICIPAL;;ATENDIMENTOS NOS TURNOS DA MANHA E A TARDE;36;M;Não;Não;NAO;Não;Não;Não;Não;-15.6374128;-56.0119346;65 36243894;2025-09-03
3099865;JDJ SERVICOS MEDICOS;JDJ SERVICOS MEDICOS LTDA;510340;Cuiabá;Sim;Sim;JARDIM CUIABA;AV DAS FLORES;MUNICIPAL;;ATENDIMENTOS NOS TURNOS DA MANHA E A TARDE;22;M;Não;Não;NAO;Não;Não;Não;Não;-15.595221597968852;-56.11805716656107;(65) 6244505;2025-09-03
3099873;LABORATORIO LPC;INSTITUTO DE PATOLOGIA CLINICA;510340;Cuiabá;Sim;Sim;CPA;AV HISTORIADOR RUBENS DE MENDONCA;MUNICIPAL;;ATENDIMENTOS NOS TURNOS DA MANHA E A TARDE;39;M;Não;Não;NAO;Não;Não;Não;Não;-15.590384314814257;-56.08669899223289;(65) 6410555;2025-11-13
3099911;IMED;IMED INSTITUTO DE MEDICINA ESTETICA E DERMATOLOGIA LTDA;510340;Cuiabá;Sim;Sim;CENTRO SUL;RUA COMANDANTE COSTA;MUNICIPAL;;ATENDIMENTOS NOS TURNOS DA MANHA E A TARDE;22;M;Não;Não;NAO;Não;Não;Não;Não;;;(65) 3324-0000;2025-09-03
3109240;ANTONIO BENEDITO DA COSTA;ANTONIO BENEDITO DA COSTA;510340;Cuiabá;Sim;Sim;BANDEIRANTES;RUA MANOEL GARCIA VELHO;MUNICIPAL;;ATENDIMENTOS NOS TURNOS DA MANHA E A TARDE;22;M;Não;Não;NAO;Não;Não;Não;Não;-15.595940767736575;-56.096835136413574;(65) 6233333;2025-09-03
3109402;DENSITOMETRIA OSSEA CUIABANA;DENSITOMETRIA OSSEA CUIABANA;510340;Cuiabá;Sim;Sim;BANDEIRANTES;RUA GENERAL VALLE;MUNICIPAL;;ATENDIMENTOS NOS TURNOS DA MANHA E A TARDE;39;M;Não;Não;NAO;Não;Não;Não;Sim;-15.602442605904567;-56.09162920206536;(65) 6234864;2025-09-03
3111326;CEC;CENTRO DE ENDOSCOPIA CUIABA LTDA;510340;Cuiabá;Sim;Sim;CENTRO;BARAO DE MELGACO;MUNICIPAL;;ATENDIMENTOS NOS TURNOS DA MANHA E A TARDE;36;M;Não;Não;NAO;Não;Não;Não;Sim;-15.601534594092826;-56.102122026313964;065 6215669;2025-10-11
3112713;INSTITUTO GENUS;INSTITUTO DE FISIOTERAPIA GENUS LTDA;510340;Cuiabá;Sim;Sim;BOSQUE DA SAUDE;AV ACLIMACAO;MUNICIPAL;;ATENDIMENTOS NOS TURNOS DA MANHA E A TARDE;36;M;Não;Não;NAO;Não;Não;Não;Não;-15.588515771137864;-56.076889961051265;(65) 6424358;2025-09-03
3114082;MADY CLIN;CLINICA MEDICA MADY LTDA;510340;Cuiabá;Sim;Sim;COOPHAMIL;AV MANOEL RAMOS LINO;MUNICIPAL;;ATENDIMENTOS NOS TURNOS DA MANHA E A TARDE;22;M;Não;Não;NAO;Não;Não;Não;Não;-15.616069484267934;-56.126290920797516;(65) 6251491;2025-09-03
3114171;CEFISA;CEFISA MEDICINA FISICA E REABILITACAO;510340;Cuiabá;Sim;Sim;BANDEIRANTES;RUA SAO FRANCISCO DE SIQUEIRA;MUNICIPAL;;ATENDIMENTOS NOS TURNOS DA MANHA E A TARDE;36;M;Não;Não;NAO;Não;Não;Não;Não;-15.596;-56.097;(65) 6246453;2025-09-03
3114384;OFTALMOLASER;CENTRO DE DIAGNOSTICO E LASERTERAPIA EM OFTALMOLOGIA LTDA;510340;Cuiabá;Sim;Sim;JD CUIABA;AV DAS FLORES;MUNICIPAL;;ATENDIMENTOS NOS TURNOS DA MANHA E A TARDE;39;M;Não;Não;NAO;Não;Não;Não;Sim;-15.5945002;-56.1205235;(65) 3242348;2025-09-03
3114503;PAULO BATISTA BARBOSA;PAULO BATISTA BARBOSA;510340;Cuiabá;Sim;Sim;QUILOMBO;AV SAO SEBASTIAO;MUNICIPAL;;ATENDIMENTOS NOS TURNOS DA MANHA E A TARDE;22;M;Não;Não;NAO;Não;Não;Não;Não;;;(65) 6241135;2025-09-03
3114511;VISION LASER CIRURGIAS OFTALMOLOGICAS A LASER;VISION LASER LTDA;510340;Cuiabá;Sim;Sim;JARDIM CUIABA;DOS MIOSOTIS;MUNICIPAL;;ATENDIMENTOS NOS TURNOS DA MANHA E A TARDE;36;M;Não;Não;NAO;Não;Não;Não;Sim;-15.594441035499672;-56.119429967996794;65 36241730;2025-09-03
3115909;COOPANEST;COOPERATIVA DOS MEDICOS ANESTESIOLOGISTAS DO ESTADO DE MATO;510340;Cuiabá;Sim;Sim;ALVORADA;DOUTOR HELIO RIBEIRO;MUNICIPAL;;;60;M;;Não;NAO;;;;Não;-15.570436869147168;-56.078751448849374;65 30287328;2025-10-17
3115917;CLINICA DE FISIOTERAPIA;FISIOFORMA LTDA;510340;Cuiabá;Sim;Sim;SANTA ROSA;RUA ADEL MALOUF;MUNICIPAL;;ATENDIMENTOS NOS TURNOS DA MANHA E A TARDE;36;M;Não;Não;NAO;Não;Não;Não;Não;-15.57893690102973;-56.110883883533795;(65) 6188263;2025-10-11
3115925;LABORATORIO SANTA ROSA;LABORATORIO SANTA ROSA S A;510340;Cuiabá;Sim;Sim;JARDIM MARIANA;ADEL MALUF;MUNICIPAL;;ATENDIMENTO CONTINUO DE 24 HORAS/DIA (PLANTAO:INCLUI SABADOS, DOMINGOS E FERIADOS);39;M;Não;Não;SIM;Não;Não;Não;Sim;-15.579116411154134;-56.11114802213642;65 36220220;2026-03-10
3116182;LABORATORIO GERSIN;LABORATORIO GERSIN LTDA;510340;Cuiabá;Sim;Sim;SANTA HELENA;AV MARECHAL DEODORO;MUNICIPAL;;ATENDIMENTOS NOS TURNOS DA MANHA E A TARDE;39;M;Não;Não;NAO;Não;Não;Não;Não;-15.588289417848069;-56.097243051698214;(65) 6213675;2025-11-13
3116581;SL SERVICOS MEDICOS;SL SERVICOS MEDICOS LTDA;510340;Cuiabá;Sim;Sim;LIXEIRA;HISTORIADOR RUBENS DE MENDONCA;MUNICIPAL;;ATENDIMENTOS NOS TURNOS DA MANHA E A TARDE;39;M;Não;Não;NAO;Não;Não;Não;Não;-15.590407716820263;-56.08720740027754;;2025-09-03
3116603;INCOR MT;IDC INSTITUTO DE DOENCAS DO CORACAO;510340;Cuiabá;Sim;Sim;JD MARIANA;RUA ADEL MALOUF;MUNICIPAL;;ATENDIMENTOS NOS TURNOS DA MANHA E A TARDE;36;M;Não;Não;NAO;Não;Não;Não;Não;;;(65) 6261200;2025-09-03
3116956;CLINICA TERAPEUTICA EQUILIBRIO;CLINICA TERAPEUTICA EQUILIBRIO LTDA;510340;Cuiabá;Sim;Sim;QUILOMBO;RUA CURSINO DO AMARANTE;MUNICIPAL;;ATENDIMENTOS NOS TURNOS DA MANHA E A TARDE;36;M;Não;Não;NAO;Não;Não;Não;Não;-15.584785475615934;-56.10847600466409;(65) 3023-1107;2025-10-11
3118894;COMAR E COMAR;COMAR E COMAR LTDA;510340;Cuiabá;Sim;Sim;DUQUE DE CAXIAS;AV LAVA PES;MUNICIPAL;;ATENDIMENTOS NOS TURNOS DA MANHA E A TARDE;36;M;Não;Não;NAO;Não;Não;Não;Não;;;(65) 6171200;2025-09-03
3118924;WALDEMAR VIEIRA CLINICA DE CIRURGIA PLASTICA;WVJ CLINICA DE CIRURGIA PLASTICA LTDA;510340;Cuiabá;Sim;Sim;LIXEIRA;TRAVESSA LARANJEIRA;MUNICIPAL;;ATENDIMENTOS NOS TURNOS DA MANHA E A TARDE;22;M;Não;Não;NAO;Não;Não;Não;Sim;;;(65) 3216663;2025-09-03
3127141;PATRICIA ALESSANDRA NARDO KISSER;PATRICIA ALESSANDRA NARDO KISSER;510340;Cuiabá;Sim;Sim;JARDIM CUIABA;AVENIDA DAS FLORES;MUNICIPAL;;ATENDIMENTOS NOS TURNOS DA MANHA E A TARDE;36;M;Não;Não;NAO;Não;Não;Não;Não;-15.595177447259404;-56.11638564419783;65 99238746;2025-09-03
3129489;ULTRAMATER ULTRASSONOGRAFIA INTEGRADA;SER MED SERVICOS MEDICOS E DIAGNOSTICOS LTDA;510340;Cuiabá;Sim;Sim;BAU;CORUMBA;MUNICIPAL;;ATENDIMENTOS NOS TURNOS DA MANHA E A TARDE;39;M;;Não;NAO;;;;Não;-15.5907643;-56.0882813;65 36230272;2025-09-03
3133303;VASCULARIS;VASCULARIS CENTRO DE TRATAMENTO VASCULAR LTDA;510340;Cuiabá;Sim;Sim;CENTRO;RUA BARAO DE MELGACO;MUNICIPAL;;ATENDIMENTOS NOS TURNOS DA MANHA E A TARDE;22;M;Não;Não;NAO;Não;Não;Não;Sim;-15.603485655963093;-56.10351183204637;(65)3023-0892;2025-11-27
3133796;NEUROLAB LABORATORIO DE PATOLOGIA CLINICA LTDA;NEUROLAB LABORATORIO DE PATOLOGIA CLINICA LTDA;510340;Cuiabá;Sim;Sim;CPA II;RUA RENATO SPINELLI;MUNICIPAL;;ATENDIMENTOS NOS TURNOS DA MANHA E A TARDE;39;M;Não;Não;NAO;Não;Não;Não;Não;-15.58283436111548;-56.06193414565399;(65)6413419;2025-11-13
3137694;CLINICA DO SONO;CLINICA DO SONO DE MATO GROSSO LTDA;510340;Cuiabá;Sim;Sim;JARDIM CUIABA;DOS LIRIOS;MUNICIPAL;;ATENDIMENTOS NOS TURNOS DA MANHA E A TARDE;36;M;Não;Não;NAO;Não;Não;Não;Não;-15.5603251;-56.0799748;65 36249133;2025-09-03
3137732;CENTRO DIAGNOSTICO;CENTRO DIAGNOSTICO MEDICO ESPECIALIZADO CUIABA LTDA;510340;Cuiabá;Sim;Sim;BAU;RUBENS DE MENDONCA;MUNICIPAL;;ATENDIMENTOS NOS TURNOS DA MANHA E A TARDE;39;M;;Não;NAO;;;;Não;-15.590503307185784;-56.087392472014535;065 3231609;2025-09-03
3140857;CENTRO OTORRINO;CENTRO OTORRINO SERVICOS MEDICOS LTDA;510340;Cuiabá;Sim;Sim;CIDADE ALTA;DOUTOR HENRIQUE GOMES DA SILVA LOT JD PRIMAVERA;MUNICIPAL;;ATENDIMENTOS NOS TURNOS DA MANHA E A TARDE;36;M;Não;Não;NAO;Não;Não;Não;Não;-15.596708191411869;-56.12195347116436;65 30513080;2025-11-27
3141276;CENTRO DE DIAGNOSTICO AUDITIVO DE CUIABA CEDAC;CENTRO DE DIAGNOSTICO AUDITIVO DE CUIABA CEDAC;510340;Cuiabá;Sim;Sim;QUILOMBO;RUA CURSINO DO AMARANTE;MUNICIPAL;;ATENDIMENTOS NOS TURNOS DA MANHA E A TARDE;36;M;Não;Não;NAO;Não;Não;Não;Não;;;(65)6241250;2025-09-03
3145751;EXAME DIAGNOSTICO;DIAGNOSTICO ANALISES CLINICAS MT LTDA;510340;Cuiabá;Sim;Sim;BAU;HISTORIADOR RUBENS DE MENDONCA;MUNICIPAL;;ATENDIMENTOS NOS TURNOS DA MANHA E A TARDE;39;M;;Não;NAO;;;;Não;-15.590454220246693;-56.087219470484705;65 30287328;2025-09-03
3148319;PENITENCIARIA CENTRAL DO ESTADO;SECRETARIA DE ESTADO DE JUSTICA E DIREITOS HUMANOS;510340;Cuiabá;Sim;Sim;JARDIM INDUSTRIARIO;ALAMEDA B;DUPLA;;ATENDIMENTOS NOS TURNOS DA MANHA E A TARDE;2;D;Não;Não;SIM;Não;Não;Não;Sim;-15.651800358636748;-55.983924865722656;(65)06670665;2025-09-03
3151158;ELAINE CRISTINA DE LARA;ELAINE CRISTINA DE LARA SPADA;510340;Cuiabá;Sim;Sim;CENTRO NORTE;ENGENHEIRO RICARDO FRANCO;MUNICIPAL;;ATENDIMENTOS NOS TURNOS DA MANHA E A TARDE;22;M;Não;Não;NAO;Não;Não;Não;Não;-15.5952518;-56.0935637;65 81232824;2025-09-03
3153029;LABORATORIO GENOMA INVIRUS;LABORATORIO GENOMA INVIRUS LTDA;510340;Cuiabá;Sim;Sim;BAU;RUA VILA MARIA;MUNICIPAL;;ATENDIMENTOS NOS TURNOS DA MANHA E A TARDE;39;M;Não;Não;NAO;Não;Não;Não;Não;-15.596;-56.097;(65)30277204;2025-09-03
3153045;LABORATORIO INVIRUS;INVIRUS INSTITUTO DE VIROLOGIA E APOIO LTDA;510340;Cuiabá;Sim;Sim;BAU;RUA VILA MARIA;MUNICIPAL;;ATENDIMENTOS NOS TURNOS DA MANHA E A TARDE;39;M;;Não;NAO;;;;Não;-15.596;-56.097;(65)30277211;2025-09-03
3172376;UNIDADE DA PESSOA;ABDALA E IVANAGA LTDA;510340;Cuiabá;Sim;Sim;JD CUIABA;RUA DAS VIOLETAS;MUNICIPAL;;ATENDIMENTOS NOS TURNOS DA MANHA E A TARDE;22;M;Não;Não;NAO;Não;Não;Não;Não;-15.596246643774954;-56.116083191494475;(65) 6236266;2025-11-27
3172384;HELP VIDA;HELP VIDA HOME CARE E REMOCAO LTDA;510340;Cuiabá;Sim;Sim;JARDIM CUIABA;DAS CAMELIAS;MUNICIPAL;;ATENDIMENTO CONTINUO DE 24 HORAS/DIA (PLANTAO:INCLUI SABADOS, DOMINGOS E FERIADOS);77;M;Não;Não;SIM;Não;Não;Não;Sim;-15.595736465513815;-56.114071834528325;65 36111300;2025-09-03
3174611;CLIRMEF;CLIRMEF CLINICA DE REABILITACAO E MEDICINA FISICA LTDA;510340;Cuiabá;Sim;Sim;CENTRO;MAJOR GAMA;MUNICIPAL;;ATENDIMENTOS NOS TURNOS DA MANHA E A TARDE;36;M;Não;Não;NAO;Não;Não;Não;Não;-15.603851509452351;-56.104482595396775;65 30545422;2025-09-03
3176738;ONCOMED;ONCOMED CLINICA DE TRATAMENTO MULTIDISCIPLINAR DO CANCER L;510340;Cuiabá;Sim;Sim;CENTRO;COMANDANTE COSTA;MUNICIPAL;;ATENDIMENTOS NOS TURNOS DA MANHA E A TARDE;36;M;Não;Não;SIM;Não;Não;Não;Sim;-15.6116656;-56.1137438;65 36155221;2025-09-03
3198979;LABORATORIO SUZUKI;LABORATORIO DE ANALISES CLINICAS SUZUKI LTDA;510340;Cuiabá;Sim;Sim;CPA II;RUA PARA;MUNICIPAL;;ATENDIMENTOS NOS TURNOS DA MANHA E A TARDE;39;M;;Não;NAO;;;;Não;-15.5590264;-56.0501605;(65) 6411417;2025-09-03
3210456;CLINICA DE OTORRINOS;ORL SERVICOS MEDICOS LTDA;510340;Cuiabá;Sim;Sim;ARAES;TENENTE EULALIO GUERRA;MUNICIPAL;;ATENDIMENTOS NOS TURNOS DA MANHA E A TARDE;36;M;Não;Não;NAO;Não;Não;Não;Não;-15.596;-56.097;65 21288000;2025-09-03
3210472;ENDOCORPUS;ENDOCORPUS CLINICA MEDICA LTDA;510340;Cuiabá;Sim;Sim;CPA I;PELOTAS;MUNICIPAL;;ATENDIMENTOS NOS TURNOS DA MANHA E A TARDE;22;M;Não;Não;NAO;Não;Não;Não;Sim;-15.556013533443023;-56.05054670417649;65 30230856;2026-06-26
3210480;INSTITUTO DO SONO DE MATO GROSSO;A D SERVICOS MEDICOS ESPECIALIZADOS LTDA;510340;Cuiabá;Sim;Sim;CENTRO SUL;BARAO DE MELGACO;MUNICIPAL;;ATENDIMENTOS NOS TURNOS DA MANHA E A TARDE;36;M;Não;Não;NAO;Não;Não;Não;Sim;-15.616968581764826;-56.11809866168427;65 6242979;2026-07-14
3210502;CLINICA BELLE;DEISE HELENA PELLOSO BORGHESAN;510340;Cuiabá;Sim;Sim;BOA ESPERANCA;RUA 37;MUNICIPAL;;ATENDIMENTOS NOS TURNOS DA MANHA E A TARDE;22;M;Não;Não;NAO;Não;Não;Não;Não;;;(65) 6271437;2025-09-03
3210510;CLINICA DE FISIOTERAPIA BETEL;CLINICA DE FISIOTERAPIA BETEL LTDA;510340;Cuiabá;Sim;Sim;SANTA HELENA;AV MARECHAL DEODORO;MUNICIPAL;;ATENDIMENTOS NOS TURNOS DA MANHA E A TARDE;36;M;Não;Não;NAO;Não;Não;Não;Não;;;(65)99811953;2025-09-03
3210545;CLINICA ORL DRA ROXANE;BUZELLE MIGLIOZZI LTDA;510340;Cuiabá;Sim;Sim;CENTRO;RUA BARAO DE MELGACO;MUNICIPAL;;ATENDIMENTOS NOS TURNOS DA MANHA E A TARDE;36;M;Não;Não;NAO;Não;Não;Não;Não;;;(65) 6232550;2025-09-03
3210553;LABORSAN;LABORSAN ANALISES LABORATORIAIS LIMITADA;510340;Cuiabá;Sim;Sim;JARDIM CUIABA;DAS FLORES;MUNICIPAL;;ATENDIMENTOS NOS TURNOS DA MANHA E A TARDE;39;M;Não;Não;SIM;Não;Não;Não;Sim;-15.596;-56.097;65 36241730;2025-09-03
3225267;CLINICA ODONTOLOGICA OSMAR CABRAL;PREFEITURA MUNICIPAL DE CUIABA;510340;Cuiabá;Sim;Sim;JARDIM FORTALEZA;RUA F 12;MUNICIPAL;;ATENDIMENTO NOS TURNOS DA MANHA, TARDE E NOITE;36;M;Não;Não;SIM;Não;Não;Não;Sim;-15.6196568;-55.9968877;(65) 3617-1635;2025-09-03
3227340;FISIOTERAPIA HIDROTERAPIA SAO LUCAS;FISIOTERAPIA HIDROTERAPIA SAO LUCAS LTDA;510340;Cuiabá;Sim;Sim;CPA IV;CURIANGO ESQ COM AV TUIUIU;MUNICIPAL;;ATENDIMENTOS NOS TURNOS DA MANHA E A TARDE;36;M;Não;Não;NAO;Não;Não;Não;Não;-15.560182069876944;-56.04100768807859;65 36467298;2025-09-03
3244938;USF NOVO COLORADO I;PREFEITURA MUNICIPAL DE CUIABA;510340;Cuiabá;Sim;Sim;NOVO COLORADO;AVENIDA TRES CRUZES;MUNICIPAL;;ATENDIMENTOS NOS TURNOS DA MANHA E A TARDE;2;M;Não;Não;SIM;Não;Não;Não;Sim;-15.5812345;-56.1119954;( 65) 3617-1390;2025-09-03
3251918;VERBENE OFTALMOLOGIA INTEGRADA;VERBENE OFTALMOLOGIA INTEGRADA LTDA;510340;Cuiabá;Sim;Sim;JARDIM CUIABA;DAS FLORES;MUNICIPAL;;ATENDIMENTOS NOS TURNOS DA MANHA E A TARDE;22;M;Não;Não;NAO;Não;Não;Não;Não;-15.594569705933422;-56.116652994920194;65 30287328;2025-11-27
3259846;FISIOCOR;FISIOCOR CLINICA FISIOTERAPIA LTDA;510340;Cuiabá;Sim;Sim;CONSIL;RUA PADRE ROQUETE PINTO;MUNICIPAL;;ATENDIMENTOS NOS TURNOS DA MANHA E A TARDE;22;M;Não;Não;NAO;Não;Não;Não;Não;-15.583940959055354;-56.086787370013354;(65) 6127000;2025-11-27
3265870;CENTRO DE OFTALMOLOGIA CLINICA E CIRURGICA;R DURANTE SAUDE LTDA;510340;Cuiabá;Sim;Sim;SANTA ROSA;MIGUEL SUTIL;MUNICIPAL;;ATENDIMENTOS NOS TURNOS DA MANHA E A TARDE;22;M;Não;Não;NAO;Não;Não;Não;Não;-15.579359992942972;-56.110204234773455;65 36264884;2025-09-03
3266540;MARIANA SOUBIHE HASEGAWA;MARIANA SOUBIHE HASEGAWA;510340;Cuiabá;Sim;Sim;DUQUE DE CAXIAS;AV LAVA PES;MUNICIPAL;;ATENDIMENTOS NOS TURNOS DA MANHA E A TARDE;22;M;Não;Não;NAO;Não;Não;Não;Sim;-15.589289154625819;-56.10866156588035;(65) 3223586;2025-09-03
3269272;PENITENCIARIA FEMININA ANA MARIA DO COUTO MAY;SECRETARIA DE JUSTICA E SEGURANCA DO ESTADO DE MATO GROSSO;510340;Cuiabá;Sim;Sim;JARDIM INDUSTRIARIO;BR 364;DUPLA;;ATENDIMENTOS NOS TURNOS DA MANHA E A TARDE;2;D;Não;Não;SIM;Não;Não;Não;Sim;-15.655405846054508;-55.98064184188843;(65)06673154;2025-09-03
3269493;FRANCISCO RICARDO BOTTER;FRANCISCO RICARDO BOTTER;510340;Cuiabá;Sim;Sim;QUILOMBO;RUA PRES CASTELO BRANCO;MUNICIPAL;;ATENDIMENTOS NOS TURNOS DA MANHA E A TARDE;22;M;Não;Não;NAO;Não;Não;Não;Não;-15.590984638870584;-56.10386379362616;(65) 6244005;2025-10-17
3274292;LUCIANA FREITAS SOARES;LUCIANA FREITAS SOARES;510340;Cuiabá;Sim;Sim;CENTRO;RUA BARAO DE MELGACO;MUNICIPAL;;ATENDIMENTOS NOS TURNOS DA MANHA E A TARDE;22;M;Não;Não;NAO;Não;Não;Não;Não;-15.603772453642744;-56.103535287336626;(65) 3223818;2025-11-27
3276635;CAPS AD ADOLESCER;PREFEITURA MUNICIPAL DE CUIABA;510340;Cuiabá;Sim;Sim;JARDIM EUROPA;RUA ROMENIA;MUNICIPAL;;ATENDIMENTOS NOS TURNOS DA MANHA E A TARDE;70;M;Não;Não;NAO;Não;Não;Não;Sim;-15.620984196711422;-56.08904604568685;(65) 36171835;2026-07-07
3276791;CLINICA DE MEDICINA E PSICOLOGIA;CLINICA MEDICA E PERICIAL EIRELI;510340;Cuiabá;Sim;Sim;JARDIM CUIABA;DAS FLORES;MUNICIPAL;;ATENDIMENTOS NOS TURNOS DA MANHA E A TARDE;22;M;Não;Não;NAO;Não;Não;Não;Não;-15.595177033232304;-56.118039061660255;65 30253060;2025-09-03
3286142;FISIOLOGICA;FISIOLOGICA;510340;Cuiabá;Sim;Sim;BOA ESPERANCA;RUA 03;MUNICIPAL;;ATENDIMENTOS NOS TURNOS DA MANHA E A TARDE;36;M;Não;Não;NAO;Não;Não;Não;Não;;;(65) 6276299;2025-09-03
3310094;USF NOVO MATO GROSSO;PREFEITURA MUNICIPAL DE CUIABA;510340;Cuiabá;Sim;Sim;NOVO MATO GROSSO;RUA ANDRODINA;MUNICIPAL;;ATENDIMENTOS NOS TURNOS DA MANHA E A TARDE;2;M;Não;Não;SIM;Não;Não;Não;Sim;-15.592144669307888;-56.08307339255402;(65) 3617-1330;2025-09-03
3313220;USF NOVO HORIZONTE;PREFEITURA MUNICIPAL DE CUIABA;510340;Cuiabá;Sim;Sim;NOVO HORIZONTE;RUA BRASILIA;MUNICIPAL;;ATENDIMENTOS NOS TURNOS DA MANHA E A TARDE;2;M;Não;Não;SIM;Não;Não;Não;Sim;-15.5769478;-56.0269658;(65) 3646-2066;2025-09-03
3315266;ALPHA FONOAUDIOLOGIA ESPECIALIZADA;ALINE ARAUJO FELIX DE BRITO;510340;Cuiabá;Sim;Sim;JARDIM DAS AMERICAS;LA PAZ;MUNICIPAL;;ATENDIMENTOS NOS TURNOS DA MANHA E A TARDE;22;M;Não;Não;NAO;Não;Não;Não;Não;-15.6105523;-56.0777281;65 92312458;2026-03-03
3319997;CUIABA HOME CARE ASSISTENCIA MEDICA DOMICILIAR;HOME DOCTOR FORNECIMENTO DE INFRAESTRUTURA DE APOIO E ASSIST;510340;Cuiabá;Sim;Sim;CENTRO SUL;RUA DESEMBARGADOR FERREIRA MENDES;MUNICIPAL;;ATENDIMENTOS NOS TURNOS DA MANHA E A TARDE;77;M;;Não;NAO;;;;Não;-15.6005218;-56.0997896;11 38972317;2025-09-03
3342646;LABORATORIO LPC;A L BORBA;510340;Cuiabá;Sim;Sim;CENTRO POLITICO ADMI;HISTORIADOR RUBENS DE MENDONCA;MUNICIPAL;;ATENDIMENTOS NOS TURNOS DA MANHA E A TARDE;39;M;;Não;SIM;;;;Não;-15.568153537805104;-56.06878937041711;65 36410855;2025-11-13
3342956;UNIDADE OFTALMOLOGICA DRA MARCIA AZEVEDO;CLINICA DE OLHOS AZEVEDO LTDA;510340;Cuiabá;Sim;Sim;POPULAR;ESTEVAO DE MENDONCA;MUNICIPAL;;ATENDIMENTOS NOS TURNOS DA MANHA E A TARDE;36;M;Não;Não;NAO;Não;Não;Não;Não;-15.593252109475767;-56.10776234016289;65 33224320;2025-09-03
3345920;CONSULTORIO MEDICO CARLOS AFONSO;CARLOS AFONSO LOBO DA COSTA;510340;Cuiabá;Sim;Sim;CPA II;RUA MARANHAO;MUNICIPAL;;ATENDIMENTOS NOS TURNOS DA MANHA E A TARDE;22;M;Não;Não;NAO;Não;Não;Não;Sim;-15.5564693;-56.0469596;(65) 6418793;2025-09-03
3388158;CLINICA ODONTOLOGICA DO TIJUCAL;PREFEITURA MUNICIPAL DE CUIABA;510340;Cuiabá;Sim;Sim;TIJUCAL;AV ESPIGAO;MUNICIPAL;;ATENDIMENTO NOS TURNOS DA MANHA, TARDE E NOITE;36;M;Não;Não;SIM;Não;Não;Não;Sim;-15.6353565;-56.0175997;(65) 3617-1340;2025-09-03
3388182;CLINICA ODONTOLOGICA DO PLANALTO;PREFEITURA MUNICIPAL DE CUIABA;510340;Cuiabá;Sim;Sim;PLANALTO;AVN DOS TRABALHADORES;MUNICIPAL;;ATENDIMENTO NOS TURNOS DA MANHA, TARDE E NOITE;36;M;Não;Não;SIM;Não;Não;Não;Sim;-15.596;-56.097;(65) 3617-1418;2025-09-03
3391922;CLINICA ODONTOLOGICA JARDIM VITORIA;PREFEITURA MUNICIPAL DE CUIABA;510340;Cuiabá;Sim;Sim;JARDIM VITORIA;RUA 19;MUNICIPAL;;ATENDIMENTO NOS TURNOS DA MANHA, TARDE E NOITE;36;M;Não;Não;SIM;Não;Não;Não;Sim;-15.647087;-56.0462643;(65) 3617-1460;2025-09-03
3393909;USF JOAO BORRALHO;PREFEITURA MUNICIPAL DE CUIABA;510340;Cuiabá;Sim;Sim;DISPRAIADO;RUA PRESIDENTE AFONSO PENA;MUNICIPAL;;ATENDIMENTO NOS TURNOS DA MANHA, TARDE E NOITE;2;M;Não;Não;SIM;Não;Não;Não;Sim;-15.5860356;-56.1000699;(65) 3617-1203;2025-09-03
3394336;CLINICA MULTIDISCIPLINAR APRIMORAR;T SOARES DA SILVA LTDA;510340;Cuiabá;Sim;Sim;SANTA ROSA;SINJAO CURVO;MUNICIPAL;;ATENDIMENTOS NOS TURNOS DA MANHA E A TARDE;36;M;Não;Não;NAO;Não;Não;Não;Não;-15.587381746642894;-56.118735069073345;65 81520946;2026-06-02
3406237;AMEVISAO;CLINICA OFTALMOLOGICA AMEVISAO LTDA;510340;Cuiabá;Sim;Sim;ARAES;GAGO COUTINHO;MUNICIPAL;;ATENDIMENTOS NOS TURNOS DA MANHA E A TARDE;36;M;Não;Não;NAO;Não;Não;Não;Não;-15.5901499;-56.0902262;65 33594688;2025-09-03
3408566;IGOR NUTRICAO;I T BORBA LTDA;510340;Cuiabá;Sim;Sim;JARDIM MARIANA;ADEL MALUF;MUNICIPAL;;ATENDIMENTO SOMENTE PELA MANHA;22;M;Não;Não;NAO;Não;Não;Não;Não;-15.579171823671315;-56.11093540097216;65 93086212;2025-11-04
3420310;CEDILAB BARAO;DIAGNOSTICOS DA AMERICA S A;510340;Cuiabá;Sim;Sim;CENTRO;BARAO DE MELGACO;MUNICIPAL;;ATENDIMENTOS NOS TURNOS DA MANHA E A TARDE;39;M;Não;Não;NAO;Não;Não;Não;Não;-15.600985823221784;-56.1018747960486;65 36175502;2025-09-03
3420426;POSTO DE SAUDE DA COMUNIDADE RURAL BARREIRO VELHO;PREFEITURA MUNICIPAL DE CUIABA;510340;Cuiabá;Sim;Sim;BARREIRO BRANCO;LINHA 02;MUNICIPAL;;ATENDIMENTOS NOS TURNOS DA MANHA E A TARDE;1;M;Não;Não;SIM;Não;Não;Não;Sim;;;(65) 6171208;2025-09-03
3431894;CLINICA DE RADIOLOGIA;JJL CLINICA ODONTOLOGICA DE DIAGNOSTICO POR IMAGEM LTDA;510340;Cuiabá;Sim;Sim;CENTRO NORTE;MATO GROSSO;MUNICIPAL;;ATENDIMENTOS NOS TURNOS DA MANHA E A TARDE;22;M;Não;Não;NAO;Não;Não;Não;Não;-15.591368307264508;-56.09475385478221;65 30520808;2025-09-03
3433781;INTERPLASTICA;INTERPLASTICA CLINICA MEDICA;510340;Cuiabá;Sim;Sim;GOIABEIRAS;TRAVESSA LEO EDILBERTO GRIGGI;MUNICIPAL;;ATENDIMENTOS NOS TURNOS DA MANHA E A TARDE;22;M;Não;Não;NAO;Não;Não;Não;Não;-15.594373061318676;-56.10398476785084;(65) 6249002;2025-09-03
3437612;HELP VIDA 1;HELP VIDA PRONTO SOCORRO MOVEL DE CUIABA LTDA;510340;Cuiabá;Sim;Sim;JARDIM CUIABA;RUA DAS CAMELIAS;MUNICIPAL;;ATENDIMENTO CONTINUO DE 24 HORAS/DIA (PLANTAO:INCLUI SABADOS, DOMINGOS E FERIADOS);42;M;;Não;NAO;;;;Sim;-15.6396195;-56.0124555;(65) 6220000;2025-09-03
3441776;CONSULTORIO DE ORTODONTIA DRA JOANA DARC;JOANA DARC LUSTOSA DE FIGUEIREDO COUTO;510340;Cuiabá;Sim;Sim;BOSQUE DA SAUDE;AV BOSQUE DA SAUDE;MUNICIPAL;;ATENDIMENTOS NOS TURNOS DA MANHA E A TARDE;22;M;Não;Não;NAO;Não;Não;Não;Não;-15.588367283711587;-56.078096634092304;(65) 6421251;2025-10-17
3443213;HELP VIDA 2;HELP VIDA PRONTO SOCORRO MOVEL DE CUIABA EIRELI;510340;Cuiabá;Sim;Sim;JARDIM CUIABA;DAS CAMELIAS;MUNICIPAL;;ATENDIMENTO CONTINUO DE 24 HORAS/DIA (PLANTAO:INCLUI SABADOS, DOMINGOS E FERIADOS);42;M;;Não;NAO;;;;Sim;-15.6396195;-56.0124555;65 36111300;2025-09-03
3443221;HELP VIDA 3;HELP VIDA PRONTO SOCORRO MOVEL DE CUIABA LTDA;510340;Cuiabá;Sim;Sim;JARDIM CUIABA;DAS CAMELIAS;MUNICIPAL;;ATENDIMENTO CONTINUO DE 24 HORAS/DIA (PLANTAO:INCLUI SABADOS, DOMINGOS E FERIADOS);42;M;;Não;NAO;;;;Sim;-15.6396195;-56.0124555;65 36111300;2025-09-03
3443248;HELP VIDA 4;HELP VIDA PRONTO SOCORRO MOVEL DE CUIABA LTDA;510340;Cuiabá;Sim;Sim;JARDIM CUIABA;DAS CAMELIAS;MUNICIPAL;;ATENDIMENTO CONTINUO DE 24 HORAS/DIA (PLANTAO:INCLUI SABADOS, DOMINGOS E FERIADOS);42;M;;Não;NAO;;;;Sim;-15.6396195;-56.0124555;65 36111300;2025-09-03
3443256;HELP VIDA 5;HELP VIDA PRONTO SOCORRO MOVEL DE CUIABA LTDA;510340;Cuiabá;Sim;Sim;JARDIM CUIABA;DAS CAMELIAS;MUNICIPAL;;ATENDIMENTO CONTINUO DE 24 HORAS/DIA (PLANTAO:INCLUI SABADOS, DOMINGOS E FERIADOS);42;M;;Não;NAO;;;;Sim;-15.6396195;-56.0124555;65 36111300;2025-09-03
3443264;HELP VIDA 6;HELP VIDA PRONTO SOCORRO MOVEL DE CUIABA LTDA;510340;Cuiabá;Sim;Sim;JARDIM CUIABA;DAS CAMELIAS;MUNICIPAL;;ATENDIMENTOS NOS TURNOS DA MANHA E A TARDE;42;M;;Não;NAO;;;;Sim;-15.6396195;-56.0124555;65 36111300;2025-09-03
3445771;SERVICOS NEUROLOGICOS DE CUIABA SNC;PAULO BATISTA BARBOSA;510340;Cuiabá;Sim;Sim;JARDIM MARIANA;RUA ADEL MALUF;MUNICIPAL;;ATENDIMENTOS NOS TURNOS DA MANHA E A TARDE;36;M;Não;Não;NAO;Não;Não;Não;Sim;;;(65) 6265600;2025-09-03
3449181;PRO ORTO;PRO ORTO CLINICA DE ORTODONTIA LTDA;510340;Cuiabá;Sim;Sim;JARDIM CUIABA;AV DAS FLORES;MUNICIPAL;;ATENDIMENTOS NOS TURNOS DA MANHA E A TARDE;22;M;Não;Não;NAO;Não;Não;Não;Sim;-15.594521175135078;-56.119395720414076;(66) 6240522;2025-09-03
3450457;CENTRO DE RESSOCIALIZACAO DE CUIABA;SECRETARIA DE ESTADO DE JUSTICA E DIREITOS HUMANOS;510340;Cuiabá;Sim;Sim;CARUMBE;AV GONCALO ANTUNES DE BARROS;DUPLA;;ATENDIMENTOS NOS TURNOS DA MANHA E A TARDE;2;D;Não;Não;SIM;Não;Não;Não;Sim;-15.581899212887945;-56.05143070220947;(65)6531047;2025-09-03
3454002;DENTALIX RADIOLOGIA ODONTOLOGICA;JA DE MATOS PINTO;510340;Cuiabá;Sim;Sim;BANDEIRANTES;RUA DIOGO D FERREIRA;MUNICIPAL;;ATENDIMENTOS NOS TURNOS DA MANHA E A TARDE;39;M;;Não;NAO;;;;Não;-15.598171987242104;-56.0899815934533;(65) 6241593;2025-09-03
3450864;CENTRO CLINICO ODONTOLOGICO;DENIS OSMANI TREVISAN;510340;Cuiabá;Sim;Sim;BOSQUE DA SAUDE;AV BOSQUE DA SAUDE;MUNICIPAL;;ATENDIMENTOS NOS TURNOS DA MANHA E A TARDE;22;M;Não;Não;NAO;Não;Não;Não;Não;-15.588322071654186;-56.07810401059285;(65) 6424447;2025-09-03
3453898;PSF NOVO COLORADO;FUSC;510340;Cuiabá;Sim;Sim;NOVO COLORADO;AV TRES CRUZES;MUNICIPAL;;ATENDIMENTOS NOS TURNOS DA MANHA E A TARDE;2;M;Não;Não;SIM;Não;Não;Não;Sim;;;(  );2025-09-03
3455475;INTERFISIO;INTERFISIO CLINICA DE FISIOTERAPIA E TERAPIA OCUPACIONAL LTD;510340;Cuiabá;Sim;Sim;JD CUIABA;DAS FLORES 1 ANDAR LADO SALA15;MUNICIPAL;;ATENDIMENTOS NOS TURNOS DA MANHA E A TARDE;36;M;Não;Não;NAO;Não;Não;Não;Não;-15.595428257284137;-56.118272537124355;065 6124582;2025-09-03
3457192;CLINICA ORIGAMI ESPECIALIZADA EM ABA;CLINICA DE PSICOLOGIA ORIGAMI LTDA;510340;Cuiabá;Sim;Sim;BOSQUE DA SAUDE;TOPAZIO;MUNICIPAL;;ATENDIMENTOS NOS TURNOS DA MANHA E A TARDE;22;M;Não;Não;NAO;Não;Não;Não;Não;-15.587592716539142;-56.07649318548365;65 81217514;2025-09-03
3461475;INTERODONTO;MATO GROSSO ASSISTENCIA ODONTOLOGICA LTDA EPP;510340;Cuiabá;Sim;Sim;BANDEIRANTES;RUA MANOEL FERREIRA MENDONCA;MUNICIPAL;;ATENDIMENTOS NOS TURNOS DA MANHA E A TARDE;22;M;Não;Não;NAO;Não;Não;Não;Sim;-15.599221550400758;-56.091532656113884;(65) 6240177;2025-09-03
3476421;SINAPSES;AXONS CENTRO ESPECIALIZADO EM NEUROLOGIA E NEUROFISIOLOGIA D;510340;Cuiabá;Sim;Sim;ALVORADA;HISTORIADOR RUBENS DE MENDONCA;MUNICIPAL;;ATENDIMENTOS NOS TURNOS DA MANHA E A TARDE;36;M;Não;Não;NAO;Não;Não;Não;Não;-15.587677197390171;-56.08355048252112;65 96708339;2025-09-03
3518965;SMC;SERVICOS MEDICOS CUIABA LTDA;510340;Cuiabá;Sim;Sim;BOSQUE DA SAUDE;RUBENS DE MENDONCA;MUNICIPAL;;ATENDIMENTOS NOS TURNOS DA MANHA E A TARDE;22;M;Não;Não;NAO;Não;Não;Não;Não;-15.584142425272706;-56.08017586778459;;2025-11-27
3520609;AMBULATORIO CENTRAL DA POLICIA MILITAR;POLICIA MILITAR DO ESTADO DE MATO GROSSO;510340;Cuiabá;Sim;Sim;PAIAGUAS AO LADO DO;AV HELIO RIBEIRO;ESTADUAL;;ATENDIMENTOS NOS TURNOS DA MANHA E A TARDE;2;E;Não;Não;NAO;Não;Não;Não;Sim;-15.581482;-56.099433;(65)6217573;2025-09-03
3524582;CATIVA PSICOLOGIA;CATIVA PSICOLOGIA LTDA;510340;Cuiabá;Sim;Sim;JARDIM CUIABA;DAS FLORES;MUNICIPAL;;ATENDIMENTO COM TURNOS INTERMITENTES;36;M;Não;Não;NAO;Não;Não;Não;Não;-15.59469508010882;-56.11983310266858;65 99505265;2025-09-03
3524590;CLINICA RAIO DE SOL TERAPIAS INTEGRADAS;BRENDA MONTEIRO MAIA TERAPEUTA OCUPACIONAL;510340;Cuiabá;Sim;Sim;BANDEIRANTES;MANOEL GARCIA VELHO;MUNICIPAL;;ATENDIMENTOS NOS TURNOS DA MANHA E A TARDE;22;M;Não;Não;NAO;Não;Não;Não;Não;-15.600208843911501;-56.090750910120704;65 93541879;2025-09-03
3527360;IONG;CDTO CLINICA DE DIAG E TRATAMENTO OTORRINOLARINGOLOGICO;510340;Cuiabá;Sim;Sim;PORTO;RUA MAJOR GAMA;MUNICIPAL;;ATENDIMENTOS NOS TURNOS DA MANHA E A TARDE;36;M;Não;Não;SIM;Não;Não;Não;Não;;;;2025-09-03
3529401;UNIDADE AMBULATORIAL SALGADEIRA;PREFEITURA MUNICIPAL DE CUIABA;510340;Cuiabá;Sim;Sim;ESTRADA DA CHAPADA;RODOVIA EMANUEL PINHEIRO;MUNICIPAL;;ATENDIMENTOS NOS TURNOS DA MANHA E A TARDE;2;M;Não;Não;NAO;Não;Não;Não;Sim;-15.357706308821324;-55.829937697479096;(65) 6171432;2025-09-03
3531848;SMHO SERVICOS HOSPITALARES LTDA;SMHO SERVICOS HOSPITALARES LTDA;510340;Cuiabá;Sim;Sim;ARAES;GAGO COUTINHO;MUNICIPAL;;ATENDIMENTO CONTINUO DE 24 HORAS/DIA (PLANTAO:INCLUI SABADOS, DOMINGOS E FERIADOS);39;M;Não;Não;NAO;Não;Não;Não;Sim;-15.596;-56.097;65 3171777;2025-09-03
3533867;MARCUS BENEDITO FAVA;MARCUS BENEDITO FAVA;510340;Cuiabá;Sim;Sim;JARDIM CUIABA;AV DAS FLORES;MUNICIPAL;;ATENDIMENTOS NOS TURNOS DA MANHA E A TARDE;22;M;Não;Não;NAO;Não;Não;Não;Sim;-15.59593552782682;-56.1178387719767;;2025-11-27
3567427;CLINICA DE OLHOS;KENJI EGUCHI;510340;Cuiabá;Sim;Sim;BAU;AV RUBENS DE MENDONCA;MUNICIPAL;;ATENDIMENTOS NOS TURNOS DA MANHA E A TARDE;22;M;Não;Não;NAO;Não;Não;Não;Não;;;;2025-09-03
3575632;CENTRO DE ESTUDOS;CENTRO DE ESTUDOS DR CERVANTES CAPOROSSI LTDA;510340;Cuiabá;Sim;Sim;JARDIM MARIANA;ADEL MALUF;MUNICIPAL;;ATENDIMENTOS NOS TURNOS DA MANHA E A TARDE;22;M;Não;Não;NAO;Não;Não;Não;Sim;-15.578970742340529;-56.11093549364683;;2025-09-03
3638030;PRONTIL;FRATARI TAVARES SOUZA LTDA;510340;Cuiabá;Sim;Sim;TIJUCAL;AVENIDA RADIALISTA EDSON LUIS DA SILVA;MUNICIPAL;;ATENDIMENTOS NOS TURNOS DA MANHA E A TARDE;22;M;Não;Não;NAO;Não;Não;Não;Sim;-15.596;-56.097;;2025-09-03
3658406;ESTIMULE BRINCANDO DESENVOLVIMENTO INFANTIL;ESTIMULE BRINCANDO DESENVOLVIMENTO INFANTIL LTDA;510340;Cuiabá;Sim;Sim;TERCEIRO;CARMINDO DE CAMPOS;MUNICIPAL;;ATENDIMENTOS NOS TURNOS DA MANHA E A TARDE;22;M;Não;Não;NAO;Não;Não;Não;Não;-15.618467036942745;-56.09034014117673;65 99435620;2026-06-09
3675564;DIAGNOSTICO ANALISES CLINICAS;DIAGNOSTICO ANALISES CLINICAS LTDA;510340;Cuiabá;Sim;Sim;BAU;HISTORIADOR RUBENS DE MENDONCA;MUNICIPAL;;ATENDIMENTOS NOS TURNOS DA MANHA E A TARDE;39;M;Não;Não;NAO;Não;Não;Não;Não;-15.590393507430628;-56.08733882798673;65 33224120;2025-09-03
3769291;CLINER;CLINER CLINICA DE NEUROFISIOLOGIA E REABILITACAO LTDA;510340;Cuiabá;Sim;Sim;CENTRO SUL;BARAO DE MELGACO;MUNICIPAL;;ATENDIMENTOS NOS TURNOS DA MANHA E A TARDE;36;M;Não;Não;NAO;Não;Não;Não;Não;-15.604022630845588;-56.10428432974336;65 30545422;2025-09-03
3769313;CLINICA ODONTOLOGICA KINCHESKI;CLINICA ODONTOLOGICA KINCHESKI LTDA;510340;Cuiabá;Sim;Sim;BOSUQE DA SAUDE;AV HISTORIADOR RUBENS DE MENDONCA;MUNICIPAL;;ATENDIMENTOS NOS TURNOS DA MANHA E A TARDE;22;M;Não;Não;NAO;Não;Não;Não;Não;;;;2025-09-03
3769356;CONSULTORIO ODONTOLOGICO MORENO;SOLANGE MORENO KINCHESKI;510340;Cuiabá;Sim;Sim;BOSQUE DA SAUDE;AV HISTORIADOR RUBENS DE MENDONCA;MUNICIPAL;;ATENDIMENTOS NOS TURNOS DA MANHA E A TARDE;22;M;Não;Não;NAO;Não;Não;Não;Sim;-15.58492160073279;-56.07984621890614;;2025-10-17
3782034;CLINICA DE FISIOTERAPIA RONALDO MOLINA;RONALDO BRANDAO MOLINA;510340;Cuiabá;Sim;Sim;CENTRO;RUA ANTONIO MARIA;MUNICIPAL;;ATENDIMENTOS NOS TURNOS DA MANHA E A TARDE;36;M;Não;Não;NAO;Não;Não;Não;Não;-15.60086906411994;-56.098894854145406;33222964;2025-09-03
3783707;OTAVIO DE PAULA CUNHA NETO;OTAVIO DE PAULA CUNHA NETO;510340;Cuiabá;Sim;Sim;CENTRO;AV ISSAC POVOAS;MUNICIPAL;;ATENDIMENTOS NOS TURNOS DA MANHA E A TARDE;22;M;Não;Não;NAO;Não;Não;Não;Não;-15.58837312677873;-56.09157618572591;;2025-11-13
3783790;TEDILAMAR DE LOURDES GARLET ARFOX;TEDILAMAR DE LOURDES GARLET ARFOX;510340;Cuiabá;Sim;Sim;BOSQUE DA SAUDE;AV HISTORIADOR RUBENS DE MENDONCA;MUNICIPAL;;ATENDIMENTO NOS TURNOS DA MANHA, TARDE E NOITE;22;M;Não;Não;NAO;Não;Não;Não;Não;-15.585039272660033;-56.079817654279566;;2025-09-03
3784398;JOSELITA ALCANTARA DE FIGUEIREDO ME;JOSELITA ALCANTARA DE FIGUEIREDO ME;510340;Cuiabá;Sim;Sim;JARDIM CUIABA;RUA DOS LIRIOS;MUNICIPAL;;ATENDIMENTOS NOS TURNOS DA MANHA E A TARDE;22;M;Não;Não;NAO;Não;Não;Não;Sim;-15.6382776;-56.0153807;;2025-09-03
3785122;CAPS AD ADAUTO BOTELHO;SECRETARIA ESTADUAL DE SAUDE DE MATO GROSSO;510340;Cuiabá;Sim;Sim;BOA ESPERANCA;AVENIDA EDGAR VIEIRA;ESTADUAL;;ATENDIMENTOS NOS TURNOS DA MANHA E A TARDE;70;E;Não;Não;NAO;Não;Não;Não;Sim;-15.611925925861044;-56.06578930344896;(65) 36135468;2025-09-03
3785750;CLINICA DR EUGENIO PROCOPIO;JB PROCOPIO CLINICA DE OFTALMOLOGIA LTDA;510340;Cuiabá;Sim;Sim;ARAES;DESEMB TRIGO DE LOUREIRO;MUNICIPAL;;ATENDIMENTOS NOS TURNOS DA MANHA E A TARDE;36;M;Não;Não;NAO;Não;Não;Não;Não;-15.589651454490225;-56.08800856718908;;2025-09-03
3787567;IBMO INSTITUO BRASILEIRO DE MEDICINA OROFACIAL;IBMO INSTITUTO BRASILEIRO DE MEDICINA OROFACIAL LTDA;510340;Cuiabá;Sim;Sim;ALVORADA;DESEMBARGADOR TRIGO DE LOUREIRO;MUNICIPAL;;ATENDIMENTOS NOS TURNOS DA MANHA E A TARDE;22;M;Não;Não;NAO;Não;Não;Não;Não;-15.5846041;-56.0845457;65 99425619;2025-09-03
3787575;FONOAUDIOLOGA RAYNARA SILVA;RAYNARA PEREIRA DA SILVA;510340;Cuiabá;Sim;Sim;RESIDENCIAL SANTA IN;GOVERNADOR DANTE MARTINS DE OLIVEIRA;MUNICIPAL;;ATENDIMENTOS NOS TURNOS DA MANHA E A TARDE;22;M;Não;Não;NAO;Não;Não;Não;Não;-15.5945664;-56.0754455;65 92170797;2025-09-03
3791343;PROCLINIC PSICOLOGIA;ELIANA OLIVEIRA DE JESUS RODRIGUES;510340;Cuiabá;Sim;Sim;JARDIM DAS AMERICAS;NASSAU;MUNICIPAL;;ATENDIMENTOS NOS TURNOS DA MANHA E A TARDE;22;M;Não;Não;NAO;Não;Não;Não;Não;-15.604567434782233;-56.06756005866882;65 92353935;2025-09-03
3794067;CLINICAS UNIMED CUIABA;UNIMED CUIABA COOPERATIVA DE TRABALHO MEDICO;510340;Cuiabá;Sim;Sim;JARDIM CUIABA;DAS CAMELIAS;MUNICIPAL;;ATENDIMENTOS NOS TURNOS DA MANHA E A TARDE;36;M;Não;Não;NAO;Não;Não;Não;Não;-15.6389934;-56.0140379;65 36123339;2025-09-03
3804933;INTEGRARIS CENTRO DE DES INFANTIL ESP INT SENSORIAL;SIMONE REKSUA TERAPIA OCUPACIONAL;510340;Cuiabá;Sim;Sim;CENTRO SUL;COMANDANTE COSTA;MUNICIPAL;;ATENDIMENTOS NOS TURNOS DA MANHA E A TARDE;22;M;Não;Não;NAO;Não;Não;Não;Não;-15.6038165;-56.1059631;65 96622181;2025-09-03
3812901;OSMAIR FERREIRA DE FREITAS;OSMAIR FERREIRA DE FREITAS;510340;Cuiabá;Sim;Sim;CENTRO;AVENIDA TENENTE CORONEL DUARTE;MUNICIPAL;;ATENDIMENTOS NOS TURNOS DA MANHA E A TARDE;22;M;Não;Não;NAO;Não;Não;Não;Não;;;;2025-09-03
3834417;RM FISIOTERAPIA;RM FISIOTERAPIA ESPECIALIZADA LTDA;510340;Cuiabá;Sim;Sim;PORTO;RUA BARAO DE MELGACO;MUNICIPAL;;ATENDIMENTOS NOS TURNOS DA MANHA E A TARDE;36;M;Não;Não;NAO;Não;Não;Não;Não;-15.60358899022472;-56.10359766247854;33242445;2025-11-27
3851249;C A M;CAIXA DE ASSISTENCIA DOS MILITARES DE MATO GROSSO;510340;Cuiabá;Sim;Sim;GOIABEIRAS;AVENIDA MARECHAL DEODORO;MUNICIPAL;;ATENDIMENTO NOS TURNOS DA MANHA, TARDE E NOITE;5;M;Sim;Sim;SIM;Sim;Sim;Sim;Sim;-15.5871674;-56.0968769;(65) 36234302;2025-09-03
3855422;GRACIELA BACANI DE MORAES PEREIRA;GRACIELA BACANI DE MORAES PEREIRA;510340;Cuiabá;Sim;Sim;ARAES;AV MATO GROSSO;MUNICIPAL;;ATENDIMENTO NOS TURNOS DA MANHA, TARDE E NOITE;22;M;Não;Não;NAO;Não;Não;Não;Sim;-15.590290376057347;-56.09533938905466;36235821;2025-11-04
3857840;ALESSANDRA DOMINGUES MENDONCA;ALESSANDRA DOMINGUES MENDONCA;510340;Cuiabá;Sim;Sim;LIXEIRA;AV JOAO GOMES SOBRINHO;MUNICIPAL;;ATENDIMENTO NOS TURNOS DA MANHA, TARDE E NOITE;22;M;Não;Não;NAO;Não;Não;Não;Sim;-15.597738129086714;-56.08476598747725;3324-1049;2025-09-03
3867749;NUTRICIONISTA DAYSE OJEDA;DAYSE REGINA PETINARI FERRATTO OJEDA NUTRICIONISTA;510340;Cuiabá;Sim;Sim;JARDIM CUIABA;DAS FLORES;MUNICIPAL;;ATENDIMENTOS NOS TURNOS DA MANHA E A TARDE;22;M;Não;Não;NAO;Não;Não;Não;Não;-15.594765847875596;-56.116825067873194;65 99020515;2025-09-03
3890503;ITSUKO MIYASHITA PIONA;ITSUKO MIYASHITA PIONA;510340;Cuiabá;Sim;Sim;MORADA DA SERRA;RUA PROF ALICE FREIRE SILVA PEREIRA;MUNICIPAL;;ATENDIMENTOS NOS TURNOS DA MANHA E A TARDE;22;M;Não;Não;NAO;Não;Não;Não;Não;-15.560122522590094;-56.04403117233787;065 36465375;2025-11-04
3893626;CRISTINA MARIA MEIRA CANAVARROS;CRISTINA MARIA MEIRA CANAVARROS;510340;Cuiabá;Sim;Sim;LIXEIRA;RUA SAO BENEDITO;MUNICIPAL;;ATENDIMENTOS NOS TURNOS DA MANHA E A TARDE;22;M;Não;Não;NAO;Não;Não;Não;Sim;-15.592284799186036;-56.08988481816369;6536234428;2025-10-17
3894282;LUELY RIBEIRO DE BARROS SANTOS;LUELY RIBEIRO DE BARROS SANTOS;510340;Cuiabá;Sim;Sim;CENTRO;RUA 13 DE JUNHO 3 ANDAR SALA 302;MUNICIPAL;;ATENDIMENTOS NOS TURNOS DA MANHA E A TARDE;22;M;Não;Não;NAO;Não;Não;Não;Sim;-15.605547657333654;-56.10140031280527;36232852;2025-11-27
3897079;JULIANA PERES FRANK;JULIANA PERES FRANK;510340;Cuiabá;Sim;Sim;CENTRO;RUA 24 DE OUTUBRO;MUNICIPAL;;ATENDIMENTOS NOS TURNOS DA MANHA E A TARDE;22;M;Não;Não;NAO;Não;Não;Não;Sim;-15.597462158677299;-56.113370707699836;;2025-11-04
3897265;CENTRO SOCIO EDUCATIVO POMERI;SECRETARIA DE ESTADO DE JUSTICA E DIREITOS HUMANOS;510340;Cuiabá;Sim;Sim;CARUMBE;AVENIDA DOS TRABALHADORES;DUPLA;;ATENDIMENTOS NOS TURNOS DA MANHA E A TARDE;2;D;Não;Não;NAO;Não;Não;Não;Sim;-15.581310144161325;-56.04342699050903;(65) 3648-3225;2025-09-03
3901076;USF NOVO COLORADO II;PREFEITURA MUNICIPAL DE CUIABA;510340;Cuiabá;Sim;Sim;NOVO COLORADO;AVENIDA JOAQUIM LOUZADA;MUNICIPAL;;ATENDIMENTOS NOS TURNOS DA MANHA E A TARDE;2;M;Não;Não;SIM;Não;Não;Não;Sim;-15.56456;-56.11717;(65) 3617-1391;2026-03-28
3905977;I O C O;IOCO INSTITUTO DE OFTAMOLOGIA DO CENTRO OESTE LTDA;510340;Cuiabá;Sim;Sim;DUQUE DE CAXIAS;ALICE BORGES AVELINO;MUNICIPAL;;ATENDIMENTOS NOS TURNOS DA MANHA E A TARDE;22;M;Não;Não;NAO;Não;Não;Não;Sim;-15.585209973477316;-56.111447653133986;65 36220012;2025-11-04
3915077;VIVELIN CLINICA ESPECIALIZADA;ASTROCARE SERVICOS MEDICOS LTDA;510340;Cuiabá;Sim;Sim;RIBEIRAO DA PONTE;MIGUEL SUTIL;MUNICIPAL;;ATENDIMENTOS NOS TURNOS DA MANHA E A TARDE;36;M;Não;Não;NAO;Não;Não;Não;Não;-15.58760045;-56.053717494283134;65 99500906;2025-09-03
3921441;VITORIA AGUIRRE BARION;VITORIA AGUIRRE BARION;510340;Cuiabá;Sim;Sim;BOSQUE DA SAUDE;AVENIDA RUBENS DE MENDONCA;MUNICIPAL;;ATENDIMENTOS NOS TURNOS DA MANHA E A TARDE;22;M;Não;Não;NAO;Não;Não;Não;Não;-15.584719163105746;-56.079611718163854;;2025-11-27
3926745;ULTRASSONOGRAFIA SAO LUCAS;NEVES CLINICA MEDICA LTDA;510340;Cuiabá;Sim;Sim;CPA I;PELOTAS;MUNICIPAL;;ATENDIMENTOS NOS TURNOS DA MANHA E A TARDE;22;M;Não;Não;NAO;Não;Não;Não;Sim;-15.555913405118975;-56.050511835630154;65 36220220;2025-11-27
3929469;CENTRO ESTADUAL DE ODONTOLOGIA PARA PACIENTES ESPECIAIS;SECRETARIA ESTADUAL DE SAUDE DE MATO GROSSO;510340;Cuiabá;Sim;Sim;BOSQUE DA SAUDE;RUA PRIMAVERA;ESTADUAL;;ATENDIMENTOS NOS TURNOS DA MANHA E A TARDE;36;E;Não;Não;SIM;Não;Não;Não;Sim;-15.567874785002129;-56.12488031387329;(65) 36411405;2025-09-03
3934233;CLIN MED POSTO DE COLETA;CENTRO MEDICO DE DIAGNOSTICO LABORATORIAL LTDA;510340;Cuiabá;Sim;Sim;CENTRO;BARAO DE MELGACO;MUNICIPAL;;ATENDIMENTOS NOS TURNOS DA MANHA E A TARDE;39;M;Não;Não;NAO;Não;Não;Não;Não;-15.596;-56.097;;2025-09-03
3934268;INSTITUTO DE REUMATOLOGIA E ENDO DE MT POSTO DE COLETA;CENTRO MEDICO DE DIAGNOSTICO LABORATORIAL LTDA;510340;Cuiabá;Sim;Sim;JARDIM CUIABA;AVENIDA DAS FLORES;MUNICIPAL;;ATENDIMENTOS NOS TURNOS DA MANHA E A TARDE;39;M;Não;Não;NAO;Não;Não;Não;Não;;;;2025-09-03
3934276;RICARDO FALCAO EUBANK;RICARDO FALCAO EUBANK;510340;Cuiabá;Sim;Sim;VERDAO;AVENIDA SAO SEBASTIAO;MUNICIPAL;;ATENDIMENTOS NOS TURNOS DA MANHA E A TARDE;22;M;Não;Não;NAO;Não;Não;Não;Sim;-15.605287435774489;-56.11614456087676;;2025-11-27
3934284;CEDILAB JARDIM DAS AMERICAS;DIAGNOSTICOS DA AMERICA S A;510340;Cuiabá;Sim;Sim;JARDIM DAS AMERICAS;BRASILIA;MUNICIPAL;;ATENDIMENTOS NOS TURNOS DA MANHA E A TARDE;39;M;Não;Não;NAO;Não;Não;Não;Não;-15.581321987794057;-56.03275622147788;65 36175502;2025-09-03
3934292;CLINICA ENDO ESPIRO;CLINICA ENDO ESPIRO LTDA;510340;Cuiabá;Sim;Sim;RIBEIRAO DA PONTE;MIGUEL SUTIL;MUNICIPAL;;ATENDIMENTOS NOS TURNOS DA MANHA E A TARDE;22;M;Não;Não;NAO;Não;Não;Não;Não;-15.579423360245265;-56.110394940701426;65 30523002;2025-09-03
3935744;CONSULTORIO ODONTOLOGICO DRA LUCELENE QUECADA;LUCELENE QUECADA ME;510340;Cuiabá;Sim;Sim;BANDEIRANTES;AVENIDA GENERAL VALLE;MUNICIPAL;;ATENDIMENTOS NOS TURNOS DA MANHA E A TARDE;22;M;Não;Não;NAO;Não;Não;Não;Sim;-15.602774783359104;-56.093586375834704;;2025-09-03
3935760;PSICO CLINICA;PSICO CLINICA LTDA;510340;Cuiabá;Sim;Sim;PICO DO AMOR;FERNANDO CORREA DA COSTA;MUNICIPAL;;ATENDIMENTOS NOS TURNOS DA MANHA E A TARDE;22;M;Não;Não;NAO;Não;Não;Não;Não;-15.610531950842695;-56.0781636216356;65 99756555;2025-09-03
3950492;UROMED;UROMED CLINICA UROLOGICA LTDA;510340;Cuiabá;Sim;Sim;BOSQUE DA SAUDE;ACLIMACAO;MUNICIPAL;;ATENDIMENTOS NOS TURNOS DA MANHA E A TARDE;36;M;Sim;Não;NAO;Sim;Não;Não;Sim;-15.587111760134297;-56.07765311382143;;2025-09-03
3951413;NUTRICAO E BEM ESTAR;H DE F C B;510340;Cuiabá;Sim;Sim;CENTRO SUL;JOAQUIM MURTINHO;MUNICIPAL;;ATENDIMENTOS NOS TURNOS DA MANHA E A TARDE;22;M;Não;Não;NAO;Não;Não;Não;Não;-16.2589672;-56.6261718;65 41411767;2025-09-03
3953009;CONSULTORIO ODONTOLOGICO DR DANILO SOUZA;DANILO OLIVEIRA DE SOUZA;510340;Cuiabá;Sim;Sim;LIXEIRA;AVENIDA JOAO GOMES SOBRINHO;MUNICIPAL;;ATENDIMENTOS NOS TURNOS DA MANHA E A TARDE;22;M;Não;Não;NAO;Não;Não;Não;Sim;-15.597525641727078;-56.08476397583484;;2025-10-17
3953041;SOCICAP;SOCICAP SOC DE OTORRINO E CIRUR DE CABECA E PESCOCO S C LTDA;510340;Cuiabá;Sim;Sim;JARDIM MARIANA;AVENIDA MIGUEL SUTIL;MUNICIPAL;;ATENDIMENTOS NOS TURNOS DA MANHA E A TARDE;22;M;Não;Não;NAO;Não;Não;Não;Não;-15.57929934442719;-56.11021121009938;065 3626-3512;2026-03-10
3953238;HOSPITAL E MATERNIDADE SAO MATEUS;HOSPITAL E MATERNIDADE SAO MATEUS LTDA;510340;Cuiabá;Sim;Sim;BOSQUE DA SAUDE;ACLIMACAO;DUPLA;;ATENDIMENTO CONTINUO DE 24 HORAS/DIA (PLANTAO:INCLUI SABADOS, DOMINGOS E FERIADOS);5;D;Sim;Sim;SIM;Sim;Não;Não;Sim;-15.58718;-56.07768;;2025-09-03
3959430;USF ALTOS DA SERRA II;PREFEITURA MUNICIPAL DE CUIABA;510340;Cuiabá;Sim;Sim;ALTOS DA SERRA;AVENIDA RUI BARBOSA;MUNICIPAL;;ATENDIMENTOS NOS TURNOS DA MANHA E A TARDE;2;M;Não;Não;SIM;Não;Não;Não;Sim;-15.6116282;-56.0332802;(65) 3617-1710;2025-09-03
3961796;ALEXANDRE DA ROCHA SERRA;ALEXANDRE DA ROCHA SERRA;510340;Cuiabá;Sim;Sim;CENTRO;RUA BARAO DE MELGACO SALA 1008 10 ANDAR;MUNICIPAL;;ATENDIMENTOS NOS TURNOS DA MANHA E A TARDE;22;M;Não;Não;NAO;Não;Não;Não;Não;-15.596;-56.097;(65) 3322-8996;2025-09-03
3961966;WALKIRIA PAGLIARO NAVES;WALKIRIA PAGLIARO NAVES;510340;Cuiabá;Sim;Sim;LIXEIRA;AVENIDA HISTORIADOR RUBENS DE MENDONCA;MUNICIPAL;;ATENDIMENTOS NOS TURNOS DA MANHA E A TARDE;22;M;Não;Não;NAO;Não;Não;Não;Sim;-15.590078734663019;-56.086225946999505;;2025-11-27
3962202;VIVALDO NAVES DE OLIVEIRA;VIVALDO NAVES DE OLIVEIRA;510340;Cuiabá;Sim;Sim;BOSQUE DA SAUDE;RUA PRIMAVERA;MUNICIPAL;;ATENDIMENTO SOMENTE A TARDE;22;M;Não;Não;NAO;Não;Não;Não;Não;-15.585037631120178;-56.07647747218066;3052-9280;2025-11-27
3963136;INSTITUTO CUIABANO DE NEUROLOGIA E NEUROCIRURGIA S C LTDA;INSTITUTO CUIABANO DE NEUROLOGIA E NEUROCIRURGIA S S LTDA;510340;Cuiabá;Sim;Sim;CENTRO SUL;BARAO DE MELGACO;MUNICIPAL;;ATENDIMENTOS NOS TURNOS DA MANHA E A TARDE;22;M;Não;Não;NAO;Não;Não;Não;Não;-16.46289935;-56.1169489699347;65 39012360;2025-09-03
3969762;FERREIRA MELO LEAO E CIA LTDA;FERREIRA MELO LEAO E CIA LTDA;510340;Cuiabá;Sim;Sim;CONSIL;RUA ORIENTE TENUTA TERREO;MUNICIPAL;;ATENDIMENTOS NOS TURNOS DA MANHA E A TARDE;39;M;Não;Não;NAO;Não;Não;Não;Sim;-15.596;-56.097;;2025-09-03
3970426;RITA DE CASSIA OLIVA SCHOMMER;RITA DE CASSIA OLIVA SCHOMMER;510340;Cuiabá;Sim;Sim;JARDIM CALIFORNIA;RUA SALEN HOUS;MUNICIPAL;;ATENDIMENTOS NOS TURNOS DA MANHA E A TARDE;22;M;Não;Não;NAO;Não;Não;Não;Sim;-15.625806698038092;-56.075019994873045;;2025-11-27
3991814;UFC CUIABA;COOPERFISIO SAUDE COOPERATIVA DE TRABALHO DOS PROFISSIONAIS;510340;Cuiabá;Sim;Sim;PICO DO AMOR;TIRADENTES;MUNICIPAL;;;60;M;;Não;NAO;;;;Não;-16.2685573;-56.6229424;65 81003445;2025-09-03
3992705;HIRSCHS APARELHOS AUDITIVOS;HIRSCHS APARELHOS AUDITIVOS LTDA;510340;Cuiabá;Sim;Sim;POPULAR;SENADOR FILINTO MULLER;MUNICIPAL;;ATENDIMENTOS NOS TURNOS DA MANHA E A TARDE;22;M;Não;Não;NAO;Não;Não;Não;Não;-14.7090417;-56.333605;65 36248823;2025-09-03
3994414;CLINICA NEUROPSICOLOGICA NASCER;CLINICA PSICOLOGICA LD LTDA;510340;Cuiabá;Sim;Sim;CENTRO SUL;COMANDANTE COSTA;MUNICIPAL;;ATENDIMENTOS NOS TURNOS DA MANHA E A TARDE;22;M;Não;Não;NAO;Não;Não;Não;Não;-15.60461639570472;-56.1066804483334;65 93091962;2025-09-03
3999068;NUCLEO DE VACINACAO;UNIMED CUIABA COOPERATIVA DE TRABALHO MEDICO;510340;Cuiabá;Sim;Sim;PORTO;BARAO DE MELGAO;MUNICIPAL;;ATENDIMENTOS NOS TURNOS DA MANHA E A TARDE;22;M;Não;Não;NAO;Não;Não;Não;Não;-15.603268653648444;-56.103586935609;65 36123129;2025-11-13
3999114;UNIDADE DE FISIOTERAPIA UNIMED;UNIMED CUIABA COOPERATIVA DE TRABALHO MEDICO;510340;Cuiabá;Sim;Sim;ARAES;RUA TENENTE EULALIO GUERRA;MUNICIPAL;;ATENDIMENTOS NOS TURNOS DA MANHA E A TARDE;36;M;Não;Não;NAO;Não;Não;Não;Sim;;;65 3623-9951;2025-09-03
4003896;OFTALMOCENTER SANTA ROSA;OFTALMOCENTER SANTA ROSA SERVICOS EM OFTALMOLOGIA LTDA;510340;Cuiabá;Sim;Sim;JARDIM MARIANA;MIGUEL SUTIL;MUNICIPAL;;ATENDIMENTOS NOS TURNOS DA MANHA E A TARDE;36;M;Não;Não;NAO;Não;Não;Não;Não;-15.58760045;-56.053717494283134;65 36266757;2025-09-03
4004647;CLINICA RESSIGNIFICA;CLINICA RESSIGNIFICAR LTDA;510340;Cuiabá;Sim;Sim;POCAO;GENERAL VALE;MUNICIPAL;;ATENDIMENTOS NOS TURNOS DA MANHA E A TARDE;22;M;Não;Não;NAO;Não;Não;Não;Não;-15.60294472799138;-56.093697477853524;65 92334272;2025-11-04
4007476;CLINICA LIFE BLUE;CLINICA LIFE BLUE LTDA;510340;Cuiabá;Sim;Sim;JARDIM DAS AMERICAS;CARACAS;MUNICIPAL;;ATENDIMENTOS NOS TURNOS DA MANHA E A TARDE;36;M;Não;Não;NAO;Não;Não;Não;Não;-15.60670074580697;-56.073587255531756;65 96596079;2025-10-11
4007484;ESTIMULOS CLINICA ESPECIALIZADA EM ABA;AGNALDO ANTUNES DOS REIS;510340;Cuiabá;Sim;Sim;BOSQUE DA SAUDE;SAFIRA;MUNICIPAL;;ATENDIMENTOS NOS TURNOS DA MANHA E A TARDE;22;M;Não;Não;NAO;Não;Não;Não;Não;-15.55100465;-56.11035540855491;65 99229851;2025-09-03
4007492;LABORATORIO BIOEXAME;LABORATORIO DE ANALISES CLINICA BIOEXAME LTDA;510340;Cuiabá;Sim;Sim;POCAO;GENERAL MELO;MUNICIPAL;;ATENDIMENTO SOMENTE PELA MANHA;39;M;Não;Não;NAO;Não;Não;Não;Não;-15.603183;-56.0951256;65 30236465;2025-09-03
4012135;CLINICA REATIVE MULTIDISCIPLINAR;J RAIGNIERI ALMEIDA J DA SILVA COSTA LTDA;510340;Cuiabá;Sim;Sim;JARDIM CUIABA;DAS TULIPAS;MUNICIPAL;;ATENDIMENTOS NOS TURNOS DA MANHA E A TARDE;22;M;Não;Não;NAO;Não;Não;Não;Não;-15.593737988754366;-56.11935499463728;65 98057474;2025-09-03
4019555;THIAGO A SARTORI;THIAGO DE ASSIS SARTORI LTDA;510340;Cuiabá;Sim;Sim;QUILOMBO;MARECHAL DEODORO;MUNICIPAL;;ATENDIMENTOS NOS TURNOS DA MANHA E A TARDE;22;M;Não;Não;NAO;Não;Não;Não;Não;-15.5919906;-56.0992236;65 99072279;2025-09-03
4029151;CLINICA POPULAR GENESIS;CLINICA GENESIS DIAGNOSTICO E SAUDE LTDA;510340;Cuiabá;Sim;Sim;PEDRA 90;NEWTON RABELLO DE CASTRO;MUNICIPAL;;ATENDIMENTOS NOS TURNOS DA MANHA E A TARDE;22;M;Não;Não;NAO;Não;Não;Não;Não;-15.630641171784937;-55.962182788030155;65 92916140;2025-09-03
4036379;IZABEL LEITE DA SILVA PSICOLOGA NEUROPSICOLOGA;IZABEL LEITE DA SILVA;510340;Cuiabá;Sim;Sim;JARDIM DAS AMERICAS;HAITI;MUNICIPAL;;ATENDIMENTOS NOS TURNOS DA MANHA E A TARDE;22;M;Não;Não;NAO;Não;Não;Não;Não;-15.608552815980866;-56.0733441098035;65 93177117;2026-06-02
4036751;CLINICA SIBERIA EMANUELLE;S E CALDEIRA COELHO LTDA;510340;Cuiabá;Sim;Sim;JARDIM DAS AMERICAS;LA PAZ;MUNICIPAL;;ATENDIMENTOS NOS TURNOS DA MANHA E A TARDE;22;M;Não;Não;NAO;Não;Não;Não;Não;-15.60853000508914;-56.07232623836141;66 99972899;2025-09-03
4036794;FALACLIN;FALACLIN CLINICAS INTEGRADAS MULTIDISCIPLINAR LTDA;510340;Cuiabá;Sim;Sim;CENTRO SUL;BARAO DE MELGACO;MUNICIPAL;;ATENDIMENTOS NOS TURNOS DA MANHA E A TARDE;22;M;Não;Não;NAO;Não;Não;Não;Não;-15.603733658305316;-56.10353865406234;65 99201784;2025-10-17
4037812;ESPACO SUPERACAO;ESPACO SUPERACAO LIMITADA;510340;Cuiabá;Sim;Sim;MORADA DO OURO;DEZ ST MORADA DO OURO II;MUNICIPAL;;ATENDIMENTOS NOS TURNOS DA MANHA E A TARDE;22;M;Não;Não;NAO;Não;Não;Não;Não;-15.596;-56.097;65 96481427;2025-09-03
4037820;LOHMANN CARRIJO PSICOLOGIA;LOHMANN CARRIJO PSICOLOGIA LTDA;510340;Cuiabá;Sim;Sim;POCAO;FERNANDO CORREA DA COSTA;MUNICIPAL;;ATENDIMENTO NOS TURNOS DA MANHA, TARDE E NOITE;22;M;Não;Não;NAO;Não;Não;Não;Não;-15.6633708;-55.9670846;65 93296526;2025-09-03
4042654;M C V DOS REIS LTDA;M C V DOS REIS LTDA;510340;Cuiabá;Sim;Sim;JARDIM ACLIMACAO;VEREADOR JULIANO DA COSTA MARQUES;MUNICIPAL;;ATENDIMENTOS NOS TURNOS DA MANHA E A TARDE;22;M;Não;Não;NAO;Não;Não;Não;Não;-15.5824206;-56.0515898;65 99631601;2025-09-03
4042662;LALESCA MORAES MARTINS FERNANDES;MATURE CLINICA DE PSICOLOGIA LTDA;510340;Cuiabá;Sim;Sim;SANTA ROSA;MIGUEL SEROR;MUNICIPAL;;ATENDIMENTOS NOS TURNOS DA MANHA E A TARDE;22;M;Não;Não;NAO;Não;Não;Não;Não;-15.590664;-56.1264502;65 92838685;2025-09-03
4042670;CEDAP CENTRO DE DESENVOLVIMENTO DA APRENDIZAGEM;CENTRO DE DESENVOLVIMENTO DA APRENDIZAGEM CEDAP EIRELI;510340;Cuiabá;Sim;Sim;JARDIM DAS AMERICAS;HAITI;MUNICIPAL;;ATENDIMENTOS NOS TURNOS DA MANHA E A TARDE;36;M;Não;Não;NAO;Não;Não;Não;Não;-15.596054439699348;-56.09680563211441;65 30281372;2025-09-03
4042689;B D SERVICO DE SAUDE LTDA;B D SERVICO DE SAUDE LTDA;510340;Cuiabá;Sim;Sim;JARDIM CUIABA;DAS FLORES;MUNICIPAL;;ATENDIMENTOS NOS TURNOS DA MANHA E A TARDE;22;M;Não;Não;NAO;Não;Não;Não;Não;-15.595356222412187;-56.113664199999995;65 30287328;2025-10-11
4050479;PSICO COMPANY;PSICO COMPANY CLINICA INTEGRADA DE SAUDE LTDA;510340;Cuiabá;Sim;Sim;JARDIM ITALIA;CARRARA;MUNICIPAL;;ATENDIMENTOS NOS TURNOS DA MANHA E A TARDE;22;M;Não;Não;NAO;Não;Não;Não;Não;-15.602023264882554;-56.05901466234174;65 96745249;2025-11-27
4052870;ROSIN CLINICA DE PSICOLOGIA;ROSIN CLINICA DE PSICOLOGIA LTDA;510340;Cuiabá;Sim;Sim;COOPHAMIL;JULIO FREDERICO MULLER;MUNICIPAL;;ATENDIMENTOS NOS TURNOS DA MANHA E A TARDE;22;M;Não;Não;NAO;Não;Não;Não;Não;-15.617483397727616;-56.12926476049167;65 36821616;2025-09-03
4052897;CRIAZE DESENVOLVENDO HABILIDADES;CRIAZE DESENVOLVIMENTO DE HABILIDADES COMPORTAMENTAIS LTDA;510340;Cuiabá;Sim;Sim;BOSQUE DA SAUDE;HISTORIADOR RUBENS DE MENDONCA;MUNICIPAL;;ATENDIMENTOS NOS TURNOS DA MANHA E A TARDE;22;M;Não;Não;NAO;Não;Não;Não;Não;-15.6186707;-56.027645041025124;65 92843113;2025-09-03
4062493;FAROL CONSULTORIO DE PSICOLOGIA;FAROL CONSULTORIO DE PSICOLOGIA LTDA;510340;Cuiabá;Sim;Sim;CENTRO SUL;DESEMBARGADOR FERREIRA MENDES;MUNICIPAL;;ATENDIMENTOS NOS TURNOS DA MANHA E A TARDE;22;M;Não;Não;NAO;Não;Não;Não;Não;-15.5636891;-56.0716867;65 93164664;2025-09-03
4064046;DON CARRIJO PSICOLOGIA;VORTEX SOLUCOES EM SAUDE LTDA;510340;Cuiabá;Sim;Sim;POCAO;FERNANDO CORREA DA COSTA;MUNICIPAL;;ATENDIMENTOS NOS TURNOS DA MANHA E A TARDE;22;M;Não;Não;NAO;Não;Não;Não;Não;-15.6585676;-55.9785617;65 99424241;2025-09-03
4069455;HEMOSAN;CENTRO DE HEMATOLOGIA E HEMOTERAPIA DE MATO GROSSO LTDA;510340;Cuiabá;Sim;Sim;SANTA HELENA;MARIA DO CARMO REGO;ESTADUAL;;ATENDIMENTO NOS TURNOS DA MANHA, TARDE E NOITE;39;E;Não;Não;SIM;Não;Não;Não;Sim;-15.584183130052129;-56.094796657562256;;2025-09-03
4069463;SECRETARIA DE ESTADO DE SAUDE DE MATO GROSSO;SECRETARIA DE ESTADO DE SAUDE DE MATO GROSSO;510340;Cuiabá;Sim;Sim;CPA;RUA JULIO DOMINGOS DE CAMPOS;ESTADUAL;;ATENDIMENTOS NOS TURNOS DA MANHA E A TARDE;68;E;;Não;SIM;;;;Sim;-15.567626739347977;-56.072829365730286;(65) 36135300;2025-09-03
4069501;SIATE 051 CUIABA;SISTEMA INTEGRADO DE ATENDIMENTO AO TRAUMA EM EMERGENCIAS;510340;Cuiabá;Sim;Sim;ARAES;RUA CARLOS GOMES;ESTADUAL;;ATENDIMENTO CONTINUO DE 24 HORAS/DIA (PLANTAO:INCLUI SABADOS, DOMINGOS E FERIADOS);42;E;;Não;NAO;;;;Sim;;;(65);2025-09-03
4069528;SIATE 050 CUIABA;SISTEMA INTEGRADO DE ATENDIMENTO AO TRAUMA EM EMERGENCIAS;510340;Cuiabá;Sim;Sim;CIDADE ALTA;AV AGRICOLA PAES DE BARROS;ESTADUAL;;ATENDIMENTO CONTINUO DE 24 HORAS/DIA (PLANTAO:INCLUI SABADOS, DOMINGOS E FERIADOS);42;E;;Não;NAO;;;;Sim;;;(65) 6441106;2025-09-03
4069668;CENTRO DE ATENCAO PSICOSSOCIAL INFANTO JUVENIL CURUMIM;SECRETARIA DE ESTADO DE SAUDE DE MATO GROSSO;510340;Cuiabá;Sim;Sim;JARDIM LUCIANOPOLIS;RUA ANTONIO DORILEO;ESTADUAL;;ATENDIMENTOS NOS TURNOS DA MANHA E A TARDE;70;E;Não;Não;NAO;Não;Não;Não;Não;-15.634022516951196;-56.062001287937164;(65) 3613-5419;2025-09-03
4072650;DR VINICIUS CIRURGIA E TRAUMATOLOGIA BUCOMAXILOFACIAL;CIRURGIA E TRAUMATOLOGIA BUCOMAXILOFACIAL LTDA;510340;Cuiabá;Sim;Sim;DUQUE DE CAXIAS;ALMIRANTE HENRIQUE PINHEIRO GUEDES;MUNICIPAL;;ATENDIMENTOS NOS TURNOS DA MANHA E A TARDE;22;M;Não;Não;NAO;Não;Não;Não;Não;-15.588064098912833;-56.114648474952766;65 96016767;2025-09-03
4072693;VISO SERVICOS MEDICO E ODONTOLOGICO;VISO SERVICOS MEDICO E ODONTOLOGICO LTDA;510340;Cuiabá;Sim;Sim;CENTRO SUL;DOM BOSCO;MUNICIPAL;;ATENDIMENTOS NOS TURNOS DA MANHA E A TARDE;36;M;Não;Não;NAO;Não;Não;Não;Não;-15.601680067873048;-56.10077769261612;65 92103404;2025-09-03
4075420;CLINICA VIVERE;VIVERE CLINICA DE PSICOLOGIA E DESENVOLVIMENTO HUMANO LTDA;510340;Cuiabá;Sim;Sim;BOA ESPERANCA;SEBASTIANA PAES DE BARROS;MUNICIPAL;;ATENDIMENTOS NOS TURNOS DA MANHA E A TARDE;22;M;Não;Não;NAO;Não;Não;Não;Não;-15.61355835323723;-56.06554046490134;65 92511900;2025-09-03
4075439;MEDICO AQUI;DIGITAL TECNOLOGIA E GESTAO EM SAUDE LTDA;510340;Cuiabá;Sim;Sim;CENTRO SUL;BARAO DE MELGACO;MUNICIPAL;;ATENDIMENTO CONTINUO DE 24 HORAS/DIA (PLANTAO:INCLUI SABADOS, DOMINGOS E FERIADOS);36;M;Não;Não;NAO;Não;Não;Não;Não;-15.60335132122249;-56.10362984916523;65 30544077;2025-11-27
4077997;DANIELE L P E SILVA;DANIELE L P E SILVA;510340;Cuiabá;Sim;Sim;BANDEIRANTES;GENERAL VALE;MUNICIPAL;;ATENDIMENTOS NOS TURNOS DA MANHA E A TARDE;22;M;Não;Não;NAO;Não;Não;Não;Não;-15.601922816765706;-56.091067315525;65 81144458;2025-10-17
4078020;BAMBINOS CLINICA INTEGRADA;BAMBINOS CLINICA INTEGRADA EM DESENVOLVIMENTO INFANTIL ABA L;510340;Cuiabá;Sim;Sim;POCAO;MIRANDA REIS;MUNICIPAL;;ATENDIMENTOS NOS TURNOS DA MANHA E A TARDE;22;M;Não;Não;NAO;Não;Não;Não;Não;-15.603745235128581;-56.091105937957764;65 74008013;2025-09-03
4079698;GEORGETO SERVICOS MEDICOS LTDA;GEORGETO SERVICOS MEDICOS LTDA;510340;Cuiabá;Sim;Sim;JARDIM CUIABA;DAS FLORES;MUNICIPAL;;ATENDIMENTOS NOS TURNOS DA MANHA E A TARDE;22;M;Não;Não;NAO;Não;Não;Não;Não;-15.595107067327039;-56.11654570656385;65 30287328;2025-10-17
4081870;ESPACO DESENVOLVER EQUIPE MULTIDISCIPLINAR II;CLAUDIANE MARQUES DE CAMPOS;510340;Cuiabá;Sim;Sim;JARDIM ITALIA;NAPOLI;MUNICIPAL;;ATENDIMENTOS NOS TURNOS DA MANHA E A TARDE;22;M;Não;Não;NAO;Não;Não;Não;Não;-15.604794402357632;-56.056936886279935;65 99356037;2025-10-17
4089219;MARANATA MED;RODRIGUES SOLUCOES HOSPITALARES LTDA;510340;Cuiabá;Sim;Sim;SAO ROQUE;F;MUNICIPAL;;ATENDIMENTO CONTINUO DE 24 HORAS/DIA (PLANTAO:INCLUI SABADOS, DOMINGOS E FERIADOS);42;M;;Não;NAO;;;;Sim;-15.566146156510008;-56.06280022864962;65 92930505;2025-09-03
4089359;VENDRAMIN DISTRIBUIDORA DE MEDICAMENTOS;VENDRAMIN COMERCIO E DISTRIBUIDORA DE MEDICAMENTOS LTDA;510340;Cuiabá;Sim;Sim;POCAO;AMARILIO DE ALMEIDA;MUNICIPAL;;ATENDIMENTOS NOS TURNOS DA MANHA E A TARDE;43;M;Não;Não;NAO;Não;Não;Não;Não;-15.606557771066981;-56.08532698121743;65 99820112;2025-12-17
4094794;GM ULTRASSONOGRAFIA;GM ULTRASSONOGRAFIA LTDA;510340;Cuiabá;Sim;Sim;TIJUCAL;DOUTOR MEIRELLES;MUNICIPAL;;ATENDIMENTOS NOS TURNOS DA MANHA E A TARDE;22;M;Não;Não;NAO;Não;Não;Não;Não;-15.6225332;-56.0078514;66 99315565;2025-09-03
4098161;RG SERVICOS MEDICOS LTDA;RG SERVICOS MEDICOS LTDA;510340;Cuiabá;Sim;Sim;BARBADO;TANCREDO NEVES;MUNICIPAL;;ATENDIMENTOS NOS TURNOS DA MANHA E A TARDE;22;M;Não;Não;NAO;Não;Não;Não;Não;-15.5683774;-56.0530041;65 36231000;2025-09-03
4102797;CLINICA AMEVISAO;AMEVISAO CONSULTORIO MEDICO OFTALMOLOGICO LTDA;510340;Cuiabá;Sim;Sim;CENTRO NORTE;CANDIDO MARIANO;MUNICIPAL;;ATENDIMENTOS NOS TURNOS DA MANHA E A TARDE;22;M;Não;Não;NAO;Não;Não;Não;Não;-15.8619163;-56.0782698;65 99835775;2025-09-03
4104625;DP PRESTADORA DE SERVICOS MEDICOS LTDA;DP PRESTADORA DE SERVICOS MEDICOS LTDA;510340;Cuiabá;Sim;Sim;JARDIM CUIABA;DAS FLORES;MUNICIPAL;;ATENDIMENTOS NOS TURNOS DA MANHA E A TARDE;22;M;Não;Não;NAO;Não;Não;Não;Não;-15.595042693040789;-56.11805984947016;65 30520203;2025-09-03
4106903;PONDERAR SOLUCOES EM SAUDE;ANDRESSA DE AMORIM FONSECA LTDA;510340;Cuiabá;Sim;Sim;JARDIM CUIABA;DAS FLORES;MUNICIPAL;;ATENDIMENTOS NOS TURNOS DA MANHA E A TARDE;22;M;Não;Não;NAO;Não;Não;Não;Não;-15.59477413060919;-56.12000734005614;65 99732481;2025-09-03
4106911;NOVOS PASSOS DESENVOLVIMENTO INFANTIL;OLSEN SILVA CLINICA DE PSICOLOGIA LTDA;510340;Cuiabá;Sim;Sim;CIDADE ALTA;TRACAIA LOT JD PRIMAVERA;MUNICIPAL;;ATENDIMENTOS NOS TURNOS DA MANHA E A TARDE;22;M;Não;Não;NAO;Não;Não;Não;Não;-15.596;-56.097;65 96711626;2025-09-03
4107004;ODONTOGD;DAUZACKER CLINICA ODONTOLOGICA LTDA;510340;Cuiabá;Sim;Sim;NOVO PARAISO;JOSE ESTEVAO TORQUATO DA SILVA;MUNICIPAL;;ATENDIMENTOS NOS TURNOS DA MANHA E A TARDE;36;M;Não;Não;NAO;Não;Não;Não;Não;-15.5379753;-56.0692644;67 98076029;2025-09-03
4111354;NOSSO ESPACO PSICOLOGIA E AUTISMO;NOSSO ESPACO CLINICA ESPECIALIZADA EM AUTISMO LTDA;510340;Cuiabá;Sim;Sim;BOSQUE DA SAUDE;DAS ORQUIDEAS;MUNICIPAL;;ATENDIMENTOS NOS TURNOS DA MANHA E A TARDE;36;M;Não;Não;NAO;Não;Não;Não;Não;-15.590603880505105;-56.07995514025287;65 30573448;2025-09-03
4111893;CER II PLANALTO;SECRETARIA MUNICIPAL DE SAUDE SMS;510340;Cuiabá;Sim;Sim;CAMPO VERDE CARUMBE;RUA DOUTOR ANTONIO MACIEL EPAMINONDAS;MUNICIPAL;;ATENDIMENTOS NOS TURNOS DA MANHA E A TARDE;36;M;Não;Não;SIM;Não;Não;Não;Não;-15.585639;-56.0587521;;2025-09-03
4116526;SEDI KIDS;BRUNA CATARINA DA SILVA;510340;Cuiabá;Sim;Sim;JARDIM DAS AMERICAS;LA PAZ;MUNICIPAL;;ATENDIMENTOS NOS TURNOS DA MANHA E A TARDE;22;M;Não;Não;NAO;Não;Não;Não;Não;-15.608145993243069;-56.07297009363863;65 84698481;2025-11-27
4130146;PRAXIS DESENVOLVIMENTO INFANTIL;J C L F F B K LTDA;510340;Cuiabá;Sim;Sim;DOM AQUINO;DOM BOSCO;MUNICIPAL;;ATENDIMENTOS NOS TURNOS DA MANHA E A TARDE;36;M;Não;Não;NAO;Não;Não;Não;Não;-15.5856564;-56.06658195624616;66 96126460;2025-09-03
4130162;LABORATORIO SANTA HELENA LTDA;CUIABA DIAGNOSTICOS LTDA;510340;Cuiabá;Sim;Sim;QUILOMBO;MARECHAL DEODORO;MUNICIPAL;;ATENDIMENTOS NOS TURNOS DA MANHA E A TARDE;39;M;;Não;NAO;;;;Não;-14.8339725;-56.4291419;65 81133010;2025-09-03
4130189;IGPA SERVICOS MEDICOS;IGPA SERVICOS MEDICOS LTDA;510340;Cuiabá;Sim;Sim;CENTRO SUL;BARAO DE MELGACO;MUNICIPAL;;ATENDIMENTOS NOS TURNOS DA MANHA E A TARDE;36;M;Não;Não;NAO;Não;Não;Não;Não;-15.603754325154359;-56.103479645466344;65 30299700;2025-11-04
4130227;LASAN ANALISES CLINICAS;JESSIKA SANABRIA DE OLIVEIRA;510340;Cuiabá;Sim;Sim;BANDEIRANTES;BALTAZAR NAVARROS;MUNICIPAL;;ATENDIMENTOS NOS TURNOS DA MANHA E A TARDE;39;M;Não;Não;SIM;Não;Não;Não;Não;-15.599890034770022;-56.0903801081759;65 99615350;2025-11-13
4130235;CDI CENTRO DE DESENVOLVIMENTO PSICOLOGICO INFANTIL;CDI CENTRO DE DESENVOLVIMENTO INFANTIL LTDA;510340;Cuiabá;Sim;Sim;JARDIM DAS AMERICAS;BOGOTA;MUNICIPAL;;ATENDIMENTOS NOS TURNOS DA MANHA E A TARDE;36;M;Não;Não;NAO;Não;Não;Não;Não;-15.606208283267884;-56.07263092232787;65 99882921;2025-09-03
4134176;JAQUELINE MIRIAM CAVALLI SODRE LTDA;JAQUELINE MIRIAM CAVALLI SODRE LTDA;510340;Cuiabá;Sim;Sim;BOA ESPERANCA;VINTE E SETE;MUNICIPAL;;ATENDIMENTOS NOS TURNOS DA MANHA E A TARDE;22;M;Não;Não;NAO;Não;Não;Não;Não;-15.5619087;-56.1203313;65 93310761;2025-09-03
4136993;CLINICA DE PSICOLOGIA BEM TE VI ESPECIALIZADA EM ABA;CLINICA DE PSICOLOGIA AMA LTDA;510340;Cuiabá;Sim;Sim;SANTA CRUZ;BERNARDO GUIMARAES;MUNICIPAL;;ATENDIMENTOS NOS TURNOS DA MANHA E A TARDE;22;M;Não;Não;NAO;Não;Não;Não;Não;-15.606486867888231;-56.04884355559501;65 96495421;2026-07-07
4136985;IDAPI INSTITUTO DE DIAGNOSTICO AVANCADO POR IMAGEM;J V SILVA MAGALHAES CIA LTDA;510340;Cuiabá;Sim;Sim;QUILOMBO;JOAO BENTO;MUNICIPAL;;ATENDIMENTOS NOS TURNOS DA MANHA E A TARDE;39;M;Não;Não;NAO;Não;Não;Não;Não;-15.588808176984106;-56.1042599107982;65 99186219;2026-06-02
4139364;ALEXANDRA SALES LOTUFO;ALEXANDRA SALES LOTUFO;510340;Cuiabá;Sim;Sim;JARDIM CUIABA;DAS FLORES;MUNICIPAL;;ATENDIMENTOS NOS TURNOS DA MANHA E A TARDE;22;M;Não;Não;NAO;Não;Não;Não;Não;-15.59488625679117;-56.11990820537765;65 30522033;2025-09-03
4142845;RENATA R BRITO LTDA;RENATA R BRITO LTDA;510340;Cuiabá;Sim;Sim;QUILOMBO;MARECHAL DEODORO;MUNICIPAL;;ATENDIMENTOS NOS TURNOS DA MANHA E A TARDE;22;M;Não;Não;NAO;Não;Não;Não;Não;-15.5762372;-56.0439667;65 92526923;2025-09-03
4146875;CLINICA MATIAS;IGLESIAS MATIAS SERVICOS MEDICOS LTDA;510340;Cuiabá;Sim;Sim;JARDIM CUIABA;DAS ORQUIDEAS;MUNICIPAL;;ATENDIMENTOS NOS TURNOS DA MANHA E A TARDE;22;M;Não;Não;NAO;Não;Não;Não;Não;-15.596960732624536;-56.11822857417183;65 99047965;2025-09-03
4149203;JTP SERVICOS MEDICOS;JTP SERVICOS MEDICOS LTDA;510340;Cuiabá;Sim;Sim;COXIPO;IVAN RODRIGUES ARRAIS VL BALN S JOAO;MUNICIPAL;;ATENDIMENTOS NOS TURNOS DA MANHA E A TARDE;22;M;Não;Não;NAO;Não;Não;Não;Não;-15.627178164346214;-56.060478583766745;65 36231000;2025-09-03
4149823;AUBE ODONTOLOGIA LTDA;AUBE ODONTOLOGIA LTDA;510340;Cuiabá;Sim;Sim;DUQUE DE CAXIAS;25 DE AGOSTO;MUNICIPAL;;ATENDIMENTOS NOS TURNOS DA MANHA E A TARDE;36;M;Não;Não;NAO;Não;Não;Não;Não;-15.5832257210447;-56.11067367759491;65 33591488;2025-09-03
4150457;EVOLUE PSICOLOGIA;CAROLINE WEBER CAVALCANTI;510340;Cuiabá;Sim;Sim;DESPRAIADO;MISTRAL JD BOM CLIMA;MUNICIPAL;;ATENDIMENTOS NOS TURNOS DA MANHA E A TARDE;22;M;Não;Não;NAO;Não;Não;Não;Não;-15.56587163385546;-56.08590224482494;65 99678988;2025-10-17
4152123;SCHMIDT SCHMIDT SERVICOS MEDICOS;SCHMIDT CIA LTDA;510340;Cuiabá;Sim;Sim;AREAO;FILINTO COSTA;MUNICIPAL;;ATENDIMENTOS NOS TURNOS DA MANHA E A TARDE;22;M;Não;Não;NAO;Não;Não;Não;Não;-15.6013194;-56.0778518;65 99108227;2025-09-03
4152646;ENTER HOSPITAL;ENTER HOSPITAL LTDA;510340;Cuiabá;Sim;Sim;CENTRO SUL;MAJOR GAMA;MUNICIPAL;;ATENDIMENTO CONTINUO DE 24 HORAS/DIA (PLANTAO:INCLUI SABADOS, DOMINGOS E FERIADOS);5;M;Sim;Sim;NAO;Sim;Não;Não;Sim;-15.6100537;-56.0965642;65 99996005;2025-09-03
4157435;CLINICA ELEVAR DESENVOLVIMENTO INFALTIL ABA;CLINICA DE PSICOLOGIA ELEVAR LTDA;510340;Cuiabá;Sim;Sim;ARAES;MANOEL LEOPOLDINO;MUNICIPAL;;ATENDIMENTOS NOS TURNOS DA MANHA E A TARDE;22;M;Não;Não;NAO;Não;Não;Não;Não;-15.5864716;-56.0948616;65 99688007;2025-09-03
4157443;3L SERVICOS MEDICOS;3L SERVICOS MEDICOS LTDA;510340;Cuiabá;Sim;Sim;JARDIM CUIABA;DAS ORQUIDEAS;MUNICIPAL;;ATENDIMENTOS NOS TURNOS DA MANHA E A TARDE;36;M;Não;Não;NAO;Não;Não;Não;Não;-15.595847616529086;-56.1164757475067;65 30287328;2025-09-03
4159675;SCAN RASTREAMENTO EM MEDICINA DIAGNOSTICA LTDA;SCAN RASTREAMENTO EM MEDICINA DIAGNOSTICA LTDA;510340;Cuiabá;Sim;Sim;JARDIM CUIABA;DAS MARGARIDAS;MUNICIPAL;;ATENDIMENTOS NOS TURNOS DA MANHA E A TARDE;39;M;Não;Não;NAO;Não;Não;Não;Sim;-16.2482039;-56.6199337;65 92360606;2025-09-03
4167023;ALINE QUINTAL;QUINTAL E COMPANHIA LTDA;510340;Cuiabá;Sim;Sim;ALVORADA;HISTORIADOR RUBENS DE MENDONCA;MUNICIPAL;;ATENDIMENTOS NOS TURNOS DA MANHA E A TARDE;22;M;Não;Não;NAO;Não;Não;Não;Não;-15.587773971004893;-56.08368123821506;65 33012218;2025-09-03
4167066;SAO MIGUEL PREV;SAO MIGUEL PREV LTDA;510340;Cuiabá;Sim;Sim;BANDEIRANTES;BALTAZAR NAVARROS;MUNICIPAL;;ATENDIMENTOS NOS TURNOS DA MANHA E A TARDE;36;M;Não;Não;NAO;Não;Não;Não;Não;-15.599658174074102;-56.09032177028655;65 99872369;2025-11-27
4169107;ELAINE TOZETTO FISIOTERAPEUTA;ELAINE APARECIDA RIVOLTA TOZETTO;510340;Cuiabá;Sim;Sim;JARDIM CUIABA;DAS ORQUIDEAS;MUNICIPAL;;ATENDIMENTOS NOS TURNOS DA MANHA E A TARDE;22;M;Não;Não;NAO;Não;Não;Não;Não;-16.2489915;-56.6211504;65 81006571;2025-09-03
4169115;CENTRO DE DIAGNOSTICO OTORRINO CUIABA CDOC LTDA;CENTRO DE DIAGNOSTICO OTORRINO CUIABA CDOC LTDA;510340;Cuiabá;Sim;Sim;ARAES;TENENTE EULALIO GUERRA;MUNICIPAL;;ATENDIMENTOS NOS TURNOS DA MANHA E A TARDE;39;M;Não;Não;NAO;Não;Não;Não;Não;-15.591439397307754;-56.09156039098174;65 81182710;2025-09-03
4169166;SPECIALLY TERAPIAS MULTIDISCIPLINARES;HERMOZA CLINICA LTDA;510340;Cuiabá;Sim;Sim;JARDIM IMPERIAL;MIL E OITOCENTOS;MUNICIPAL;;ATENDIMENTOS NOS TURNOS DA MANHA E A TARDE;36;M;Não;Não;NAO;Não;Não;Não;Não;-15.611134957971913;-56.02532674749957;65 92021999;2025-09-03
4171101;SORAYA FISIOTERAPIA LTDA;SORAYA TAMAE COSTA NOMURA LTDA;510340;Cuiabá;Sim;Sim;JARDIM CUIABA;AVENIDA DAS FLORES;MUNICIPAL;;ATENDIMENTOS NOS TURNOS DA MANHA E A TARDE;22;M;Não;Não;NAO;Não;Não;Não;Não;-15.595679438465286;-56.1136066588721;65 81566634;2025-09-03
4172035;COOPERHEMO;COOPERHEMO COOPERATIVA DE CARDIOLOGIA CARDIOLOGIA INTERVE;510340;Cuiabá;Sim;Sim;JARDIM CUIABA;DAS DALIAS;MUNICIPAL;;;60;M;;Não;NAO;;;;Não;-15.596202209023833;-56.11985236319342;65 33589287;2025-09-03
4176758;PRONTO MEDIC;LABORATORIO VITAL BRAZIL LTDA;510340;Cuiabá;Sim;Sim;MORADA DA SERRA;ALENKER NUC HAB CPA I;MUNICIPAL;;ATENDIMENTOS NOS TURNOS DA MANHA E A TARDE;39;M;Não;Não;NAO;Não;Não;Não;Não;-15.555010532692567;-56.055065998293635;65 36231000;2025-11-27
4176774;DIPCLIN;INFECTOCLIN ASSISTENCIA MEDICA LTDA;510340;Cuiabá;Sim;Sim;JARDIM ACLIMACAO;VEREADOR JULIANO DA COSTA MARQUES;MUNICIPAL;;ATENDIMENTOS NOS TURNOS DA MANHA E A TARDE;36;M;Não;Não;NAO;Não;Não;Não;Não;-15.581525;-56.0560337;65 36231000;2025-09-03
4182219;ECOAR CLINICA DE PSICOLOGIA LTDA;ECOAR CLINICA DE PSICOLOGIA LTDA;510340;Cuiabá;Sim;Sim;JARDIM ITALIA;RUA CARRARA;MUNICIPAL;;ATENDIMENTOS NOS TURNOS DA MANHA E A TARDE;22;M;Não;Não;NAO;Não;Não;Não;Não;-15.6045507;-56.054746;65 96374182;2025-09-03
4184564;CLINICA ESCALADA;CLINICA ESCALADA LTDA;510340;Cuiabá;Sim;Sim;JARDIM PAULISTA;CARMINDO DE CAMPOS;MUNICIPAL;;ATENDIMENTOS NOS TURNOS DA MANHA E A TARDE;22;M;Não;Não;NAO;Não;Não;Não;Não;-15.619585876170715;-56.085379955182106;65 92822462;2026-06-02
4190998;RENATO BONAFIM;R M S BONAFIM LTDA;510340;Cuiabá;Sim;Sim;BOSQUE DA SAUDE;BOSQUE DA SAUDE;MUNICIPAL;;ATENDIMENTOS NOS TURNOS DA MANHA E A TARDE;22;M;Não;Não;NAO;Não;Não;Não;Não;-15.5850849364256;-56.06852623790889;65 81548226;2025-11-27
4192141;ELKE DELFINO ACUPUNTURA;EMABE PRATICAS INTEGRATIVAS EM SAUDE HUMANA LTDA;510340;Cuiabá;Sim;Sim;JARDIM TROPICAL;PORTUGAL;MUNICIPAL;;ATENDIMENTOS NOS TURNOS DA MANHA E A TARDE;22;M;Não;Não;NAO;Não;Não;Não;Não;-15.5874255;-56.1240837;65 81220330;2025-09-03
4195442;COM TATO DESENVOLVIMENTO HUMANO E PSICOMOTOR;RBS CONSULTORIO PSICOLOGIA E PSICOMOTRICISTA LTDA;510340;Cuiabá;Sim;Sim;JARDIM CUIABA;DAS VIOLETAS;MUNICIPAL;;ATENDIMENTOS NOS TURNOS DA MANHA E A TARDE;22;M;Não;Não;NAO;Não;Não;Não;Não;-15.5432225;-56.0432178;65 99785615;2025-09-03
4198085;CLINICA AIRES;CENTRO DE MEDICINA AIRES LTDA;510340;Cuiabá;Sim;Sim;JARDIM CUIABA;DAS ORQUIDEAS;MUNICIPAL;;ATENDIMENTOS NOS TURNOS DA MANHA E A TARDE;36;M;Não;Não;NAO;Não;Não;Não;Não;-15.59485468686229;-56.11582687647243;65 36231000;2025-09-03
4200438;LETICIA ROSSETTO DA SILVA CAVALCANTE;LETICIA ROSSETTO DA SILVA CAVALCANTE CIA LTDA;510340;Cuiabá;Sim;Sim;ALVORADA;HISTORIADOR RUBENS DE MENDONCA;MUNICIPAL;;ATENDIMENTOS NOS TURNOS DA MANHA E A TARDE;22;M;Não;Não;NAO;Não;Não;Não;Não;-15.5902747;-56.0880952;65 99069664;2025-09-03
4200446;ACL SERVICOS EM SAUDE LTDA;ACL SERVICOS EM SAUDE LTDA;510340;Cuiabá;Sim;Sim;CENTRO SUL;TENENTE CORONEL THOGO DA SILVA PEREIRA;MUNICIPAL;;ATENDIMENTOS NOS TURNOS DA MANHA E A TARDE;22;M;Não;Não;NAO;Não;Não;Não;Não;-15.5976614;-56.1098752;11 47204308;2025-09-03
4200454;BRINCAR PSICOMOTOR;APRENDIZAGENS PISICOMOTORAS E TREINAMENTOS LTDA;510340;Cuiabá;Sim;Sim;CENTRO SUL;COMANDANTE COSTA;MUNICIPAL;;ATENDIMENTOS NOS TURNOS DA MANHA E A TARDE;36;M;Não;Não;NAO;Não;Não;Não;Não;-15.6038165;-56.1059631;65 84112560;2025-09-03
4204786;ANA BASTOS DESENVOLVIMENTO INFANTIL;ANA CLAUDIA BASTOS;510340;Cuiabá;Sim;Sim;ARAES;MANOEL LEOPOLDINO;MUNICIPAL;;ATENDIMENTOS NOS TURNOS DA MANHA E A TARDE;22;M;Não;Não;NAO;Não;Não;Não;Não;-15.5864716;-56.0948616;41 92417585;2025-09-03
4208161;CLINICA LUZ AZUL;CLINICA LUZ AZUL LTDA;510340;Cuiabá;Sim;Sim;CENTRO SUL;JESSE PINTO FREIRE;MUNICIPAL;;ATENDIMENTOS NOS TURNOS DA MANHA E A TARDE;22;M;Não;Não;NAO;Não;Não;Não;Não;-15.596771251891447;-56.101209446350836;65 96969600;2025-09-03
4209419;BIOSEG SEGURANCA DO TRABALHO;BIOSEG SEGURANCA DO TRABALHO S A;510340;Cuiabá;Sim;Sim;CENTRO NORTE;MATO GROSSO;MUNICIPAL;;ATENDIMENTOS NOS TURNOS DA MANHA E A TARDE;36;M;Não;Não;NAO;Não;Não;Não;Não;-15.6;-55.3;66 35450391;2025-09-03
4209435;LAB MEDICINA DIAGNOSTICA;BIOSEG MEDICINA LABORATORIAL LTDA;510340;Cuiabá;Sim;Sim;CENTRO NORTE;AV MATO GROSSO;MUNICIPAL;;ATENDIMENTOS NOS TURNOS DA MANHA E A TARDE;39;M;Não;Não;NAO;Não;Não;Não;Não;-15.590333004232113;-56.09529110864792;65 40094512;2025-11-27
4211510;LEVEMENTE CLINICA DE PSICOLOGIA;44 903 518 LTDA;510340;Cuiabá;Sim;Sim;BOSQUE DA SAUDE;BOSQUE DA SAUDE;MUNICIPAL;;ATENDIMENTOS NOS TURNOS DA MANHA E A TARDE;22;M;Não;Não;NAO;Não;Não;Não;Não;-15.58659091224172;-56.07629226901816;66 96706763;2025-09-03
4214498;CLINICA LENA;CLINICA LENA LTDA;510340;Cuiabá;Sim;Sim;JARDIM CALIFORNIA;LAS VEGAS;MUNICIPAL;;ATENDIMENTOS NOS TURNOS DA MANHA E A TARDE;22;M;Não;Não;NAO;Não;Não;Não;Não;-15.628037695352209;-56.07164706926798;65 96702027;2025-11-13
4221621;FPM FISIOTERAPIA;FPM SERVICOS DE FISIOTERAPIA LTDA;510340;Cuiabá;Sim;Sim;MORADA DA SERRA;AVENIDA DJALMA FERREIRA DE SOUZA ST OESTE;MUNICIPAL;;ATENDIMENTOS NOS TURNOS DA MANHA E A TARDE;22;M;Não;Não;NAO;Não;Não;Não;Não;-15.571527315933459;-56.063662877684756;65 96045454;2025-10-17
4222970;JORGE LINO DO AMARAL NETO;JORGE LINO DO AMARAL NETO;510340;Cuiabá;Sim;Sim;BOA ESPERANCA;VINTE E SETE;MUNICIPAL;;ATENDIMENTOS NOS TURNOS DA MANHA E A TARDE;22;M;Não;Não;NAO;Não;Não;Não;Não;-15.5619087;-56.1203313;65 92439975;2025-09-03
4227093;CLINICA ESTIMULAR LTDA;CLINICA ESTIMULAR LTDA;510340;Cuiabá;Sim;Sim;SANTA ROSA;CANADA;MUNICIPAL;;ATENDIMENTOS NOS TURNOS DA MANHA E A TARDE;22;M;Não;Não;NAO;Não;Não;Não;Não;-15.5863663;-56.1213894;65 93148586;2025-09-03
4228790;INSTITUTO MAHFOUZ;INSTITUTO MAHFOUZ SERVICOS MEDICOS LTDA;510340;Cuiabá;Sim;Sim;LOTEAMENTO ALPHAVILL;DAS CAVIUNAS;MUNICIPAL;;ATENDIMENTO CONTINUO DE 24 HORAS/DIA (PLANTAO:INCLUI SABADOS, DOMINGOS E FERIADOS);36;M;Não;Não;NAO;Não;Não;Não;Não;-15.5943306;-56.0605354;65 30235777;2025-09-03
4229053;JR ESPACO SAUDE BEM ESTAR;JR ESPACO SAUDE E BEM ESTAR LTDA;510340;Cuiabá;Sim;Sim;CENTRO NORTE;VOLUNTARIOS DA PATRIA;MUNICIPAL;;ATENDIMENTOS NOS TURNOS DA MANHA E A TARDE;22;M;Não;Não;NAO;Não;Não;Não;Não;-15.6268245;-55.954597399307154;65 92077220;2025-09-03
4232070;M R SAUDE;M R SERVICOS MEDICOS LTDA;510340;Cuiabá;Sim;Sim;PICO DO AMOR;PERU;MUNICIPAL;;ATENDIMENTOS NOS TURNOS DA MANHA E A TARDE;22;M;Não;Não;NAO;Não;Não;Não;Não;-15.560855019354078;-56.048891668719484;65 36231000;2025-09-03
4236130;HOSPITAL MILAGRES;HOSPITAL MILAGRES SERVICOS DE SAUDE LTDA;510340;Cuiabá;Sim;Sim;BANDEIRANTES;DIOGO DOMINGOS FERREIRA;MUNICIPAL;;ATENDIMENTO CONTINUO DE 24 HORAS/DIA (PLANTAO:INCLUI SABADOS, DOMINGOS E FERIADOS);77;M;;Não;NAO;;;;Não;-15.599269895064186;-56.09196968883205;83 96539475;2026-06-02
4237862;CLINICA VIDA NOVA;FABIANA N SILVA LTDA;510340;Cuiabá;Sim;Sim;BOSQUE DA SAUDE;BOSQUE DA SAUDE;MUNICIPAL;;ATENDIMENTOS NOS TURNOS DA MANHA E A TARDE;22;M;Não;Não;NAO;Não;Não;Não;Não;-15.588753423270166;-56.07853629909382;65 41411767;2026-07-11
4237870;H P L S SAUDE;H P L S PRESTADORA DE SERVICOS MEDICOS S S;510340;Cuiabá;Sim;Sim;RIBEIRAO DA PONTE;MIGUEL SUTIL;MUNICIPAL;;ATENDIMENTO CONTINUO DE 24 HORAS/DIA (PLANTAO:INCLUI SABADOS, DOMINGOS E FERIADOS);22;M;Não;Não;NAO;Não;Não;Não;Não;-15.579317362496106;-56.10967718135795;65 30252008;2025-09-03
4241819;ALPHA FAMILY SAUDE;H 2 G GONCALVES SERVICOS MEDICOS LTDA;510340;Cuiabá;Sim;Sim;MORADA DA SERRA;PROFESSORA ENILDES SILVA FERREIRA NUC HAB CPA III;MUNICIPAL;;ATENDIMENTO CONTINUO DE 24 HORAS/DIA (PLANTAO:INCLUI SABADOS, DOMINGOS E FERIADOS);22;M;Não;Não;NAO;Não;Não;Não;Não;-15.570292380991262;-56.04587111779117;65 81081011;2025-10-11
4242084;IMEDI INSTITUTO MEDICO DE DIAGNOSTICO POR IMAGEM;MEDIMAGEM RADIOLOGIA E ULTRASSONOGRAFIA LTDA;510340;Cuiabá;Sim;Sim;SANTA ROSA;AV MIGUEL SUTIL;ESTADUAL;;ATENDIMENTOS NOS TURNOS DA MANHA E A TARDE;39;E;Não;Não;SIM;Não;Não;Não;Sim;-15.57909853772958;-56.110267639160156;(65)36262200;2025-09-03
4242858;JOAO PAULO ZANIN TRESSOLDI;JOAO PAULO ZANIN TRESSOLDI;510340;Cuiabá;Sim;Sim;CARUMBE;GOVERNADOR DANTE MARTINS DE OLIVEIRA;MUNICIPAL;;ATENDIMENTOS NOS TURNOS DA MANHA E A TARDE;22;M;Não;Não;NAO;Não;Não;Não;Não;-15.5934235;-56.0723929;65 36422227;2025-09-03
4244141;LABORATORIO BIOCENTER ANALISES CLINICAS;KLOCK E LARA DIAGNOSTICO LABORATORIAL LTDA;510340;Cuiabá;Sim;Sim;MORADA DA SERRA;PERNAMBUCO NUC HAB CPA II;MUNICIPAL;;ATENDIMENTOS NOS TURNOS DA MANHA E A TARDE;39;M;Não;Não;NAO;Não;Não;Não;Sim;-15.55809313427736;-56.05136675741308;65 92553973;2025-09-03
4244168;IDAC;INSTITUTO DE DESENVOLVIMENTO E ANALISE DO COMPORTAMENTO LTDA;510340;Cuiabá;Sim;Sim;BOSQUE DA SAUDE;HISTORIADOR RUBENS DE MENDONCA;MUNICIPAL;;ATENDIMENTOS NOS TURNOS DA MANHA E A TARDE;36;M;Não;Não;NAO;Não;Não;Não;Não;-15.581908191412458;-56.07711617269782;65 99727280;2025-11-04
4248023;RAIA DROGASIL S A;RAIA DROGASIL S A;510340;Cuiabá;Sim;Sim;JARDIM PETROPOLIS;FERNANDO CORREA DA COSTA;MUNICIPAL;;ATENDIMENTO NOS TURNOS DA MANHA, TARDE E NOITE;43;M;Não;Não;NAO;Não;Não;Não;Não;-15.611809;-56.0760993;11 37695731;2025-09-03
4248082;CONSULTORIO DE ANALISE DO COMPORTAMENTO LAYANE MACHADO;LAYANE MACHADO BUOSI LTDA;510340;Cuiabá;Sim;Sim;ALVORADA;HISTORIADOR RUBENS DE MENDONCA;MUNICIPAL;;ATENDIMENTOS NOS TURNOS DA MANHA E A TARDE;22;M;Não;Não;NAO;Não;Não;Não;Não;-15.585424606294021;-56.08122229715632;65 36231000;2025-09-03
4255763;COMUNICAI FONOAUDIOLOGIA;DANIELLA CRISTINA DA COSTA SANTANA NICOLETTI;510340;Cuiabá;Sim;Sim;BOA ESPERANCA;VINTE E SETE;MUNICIPAL;;ATENDIMENTOS NOS TURNOS DA MANHA E A TARDE;22;M;Não;Não;NAO;Não;Não;Não;Não;-15.5619087;-56.1203313;65 93564113;2025-09-03
4255801;CLINICA INFINITY ESPECIALIDADES CURSOS E CONSULTORIA;CLINICA INFINITY ESPECIALIDADES CURSOS E CONSULTORIA LTDA;510340;Cuiabá;Sim;Sim;BOSQUE DA SAUDE;TOPAZIO;MUNICIPAL;;ATENDIMENTOS NOS TURNOS DA MANHA E A TARDE;36;M;Não;Não;NAO;Não;Não;Não;Não;-15.58936672284653;-56.07853744884897;65 81106443;2026-03-03
4257162;SAMU 192 CUIABA USA A4;SECRETARIA DE ESTADO DE SAUDE DE MATO GROSSO;510340;Cuiabá;Sim;Sim;CENTRO SUL;AVENIDA PRAINHA;ESTADUAL;;ATENDIMENTO CONTINUO DE 24 HORAS/DIA (PLANTAO:INCLUI SABADOS, DOMINGOS E FERIADOS);42;E;;Não;NAO;;;;Não;-15.582591624845858;-56.08445405960083;33173239;2025-09-03
4257456;MEDSIM SERVICOS MEDICOS;MEDSIM SERVICOS MEDICOS LTDA;510340;Cuiabá;Sim;Sim;RIBEIRAO DA PONTE;MIGUEL SUTIL;MUNICIPAL;;ATENDIMENTO CONTINUO DE 24 HORAS/DIA (PLANTAO:INCLUI SABADOS, DOMINGOS E FERIADOS);22;M;Não;Não;NAO;Não;Não;Não;Não;-15.5851237;-56.08263164828046;65 30545544;2025-09-03
4262263;MAMA VIE;SUZIANE RAQUEL DE OLIVEIRA REVELES;510340;Cuiabá;Sim;Sim;SANTA ROSA;MIGUEL SEROR;MUNICIPAL;;ATENDIMENTOS NOS TURNOS DA MANHA E A TARDE;22;M;Não;Não;NAO;Não;Não;Não;Não;-15.589768600361294;-56.122026278467885;65 99146700;2025-09-03
4262697;VITALLE CHILDREN INTEGRACAO E REABILITACAO;VITALLE CHILDREN INTEGRACAO E REABILITACAO LTDA;510340;Cuiabá;Sim;Sim;DUQUE DE CAXIAS;GENERAL AMILCAR MAGALHAES;MUNICIPAL;;ATENDIMENTOS NOS TURNOS DA MANHA E A TARDE;36;M;Não;Não;NAO;Não;Não;Não;Não;-15.5900414;-56.1172481;65 96270420;2025-09-03
4263847;TRILHAR CLINICA DE DESENVOLVIMENTO INFANTIL;SAMYLLA NEVES ALMEIDA LTDA;510340;Cuiabá;Sim;Sim;JARDIM DAS AMERICAS;LA PAZ;MUNICIPAL;;ATENDIMENTOS NOS TURNOS DA MANHA E A TARDE;22;M;Não;Não;NAO;Não;Não;Não;Não;-15.608187326078228;-56.07293254269135;65 92573927;2025-11-27
4264029;ULTRALAB ULTRASSOM;DANILO OLAVARRIA D AQUINO;510340;Cuiabá;Sim;Sim;JARDIM CUIABA;DAS FLORES;MUNICIPAL;;ATENDIMENTOS NOS TURNOS DA MANHA E A TARDE;22;M;Não;Não;NAO;Não;Não;Não;Não;-15.5945547;-56.1208101;65 36262200;2025-09-03
4267656;HBENTO IMAGENS;HBENTO IMAGENS LTDA;510340;Cuiabá;Sim;Sim;DOM AQUINO;DOM AQUINO;MUNICIPAL;;ATENDIMENTO CONTINUO DE 24 HORAS/DIA (PLANTAO:INCLUI SABADOS, DOMINGOS E FERIADOS);39;M;Não;Não;NAO;Não;Não;Não;Sim;-15.603561517261667;-56.09674770467039;65 81150098;2025-09-03
4269403;DINAMICA SAUDE;AXRC SERVICOS MEDICOS LTDA;510340;Cuiabá;Sim;Sim;JARDIM CUIABA;DAS ACACIAS;MUNICIPAL;;ATENDIMENTOS NOS TURNOS DA MANHA E A TARDE;36;M;Não;Não;NAO;Não;Não;Não;Não;-15.5722026;-56.0928239;65 99026062;2025-09-03
4269411;PENSEE CLINICA DE PSICOLOGIA;PENSEE CLINICA DE PSICOLOGIA LTDA;510340;Cuiabá;Sim;Sim;BOSQUE DA SAUDE;TOPAZIO;MUNICIPAL;;ATENDIMENTOS NOS TURNOS DA MANHA E A TARDE;22;M;Não;Não;NAO;Não;Não;Não;Não;-15.590709399313731;-56.07942950077164;65 96628186;2025-09-03
4270002;INTEGRA TO;ESPACO INTEGRA TO TERAPIA OCUPACIONAL E TERAPIAS ESPECIALI;510340;Cuiabá;Sim;Sim;JARDIM DAS AMERICAS;BOGOTA;MUNICIPAL;;ATENDIMENTOS NOS TURNOS DA MANHA E A TARDE;22;M;Não;Não;NAO;Não;Não;Não;Não;-15.60780293204232;-56.07071688003846;65 92872840;2025-09-03
4273265;UDR CPA;PREFEITURA MUNICIPAL DE CUIABA;510340;Cuiabá;Sim;Sim;CPA I;RUA OBIDOS;MUNICIPAL;;ATENDIMENTOS NOS TURNOS DA MANHA E A TARDE;36;M;Não;Não;SIM;Não;Não;Não;Não;-15.555471;-56.052643;65 3617 1617;2025-09-03
4273427;UDR OESTE;PREFEITURA MUNICIPAL DE CUIABA;510340;Cuiabá;Sim;Sim;DOM AQUINO;AV CARMINDO DE CAMPOS;MUNICIPAL;;ATENDIMENTOS NOS TURNOS DA MANHA E A TARDE;36;M;Não;Não;SIM;Não;Não;Não;Não;-15.596018271354392;-56.09700679779053;65 36171253;2026-06-02
4273443;UDR COXIPO;PREFEITURA MUNICIPAL DE CUIABA;510340;Cuiabá;Sim;Sim;COXIPO;RUA 24 DE AGOSTO;MUNICIPAL;;ATENDIMENTOS NOS TURNOS DA MANHA E A TARDE;36;M;Não;Não;SIM;Não;Não;Não;Não;-15.59600535408678;-56.096971929073334;65 3617 1617;2025-10-17
4277287;MT LAB MEDICINA DIAGNOSTICA;MF SERVICOS DE LABORATORIO LTDA;510340;Cuiabá;Sim;Sim;JARDIM ITALIA;MESSINA;MUNICIPAL;;ATENDIMENTOS NOS TURNOS DA MANHA E A TARDE;39;M;Não;Não;NAO;Não;Não;Não;Não;-15.603755;-56.0594585;65 21369905;2025-09-03
4286340;RAQUEL DEL CANALI;RAQUEL DEL CANALI;510340;Cuiabá;Sim;Sim;SANTA ROSA;MIGUEL SEROR;MUNICIPAL;;ATENDIMENTOS NOS TURNOS DA MANHA E A TARDE;22;M;Não;Não;NAO;Não;Não;Não;Não;-15.585753047019486;-56.11746946274375;41 99869376;2025-09-03
4289528;DIRETORIA DE VIGILANCIA EM SAUDE;SECRETARIA MUNICIPAL DE SAUDE;510340;Cuiabá;Sim;Sim;RIBEIRAO DO LIPA;RUA BERNARDO ANTONIO DE OLIVEIRA NETO;MUNICIPAL;;ATENDIMENTOS NOS TURNOS DA MANHA E A TARDE;50;M;;Não;SIM;;;;Não;-15.5961079;-56.0917318;;2025-09-03
4289579;COMPLEXO DE NUTRICAO;PEDRO HENRIQUE GONCALVES DA SILVA;510340;Cuiabá;Sim;Sim;QUILOMBO;DOUTOR ESTEVAO ALVES CORREA LOT S HELENA;MUNICIPAL;;ATENDIMENTOS NOS TURNOS DA MANHA E A TARDE;22;M;Não;Não;NAO;Não;Não;Não;Não;-15.596;-56.097;65 81459057;2025-09-03
4295617;LA VITA GESTAO OCUPACIONAL;DRP MEDICINA E GESTAO OCUPACIONAL LTDA;510340;Cuiabá;Sim;Sim;CENTRO SUL;TREZE DE JUNHO;MUNICIPAL;;ATENDIMENTOS NOS TURNOS DA MANHA E A TARDE;36;M;Não;Não;NAO;Não;Não;Não;Não;-15.6004624;-56.0973401;65 92477272;2025-09-03
4293770;ESPACO VITALLE KIDS INTEGRACAO E REABILITACAO;ESPACO VITALLE KIDS INTEGRACAO E REABILITACAO LTDA;510340;Cuiabá;Sim;Sim;DUQUE DE CAXIAS;GENERAL AMILCAR MAGALHAES;MUNICIPAL;;ATENDIMENTOS NOS TURNOS DA MANHA E A TARDE;22;M;Não;Não;NAO;Não;Não;Não;Não;-15.588464623078352;-56.11346214793146;65 36825353;2025-10-17
4295633;CLINICA MEDICA RMF LTDA;CLINICA MEDICA RMF LTDA;510340;Cuiabá;Sim;Sim;BOA ESPERANCA;EDGAR VIEIRA;MUNICIPAL;;ATENDIMENTOS NOS TURNOS DA MANHA E A TARDE;22;M;Não;Não;NAO;Não;Não;Não;Não;-15.611699882754793;-56.06382333805236;65 30287328;2026-07-07
4297296;PSI INFANTIL WANESSA ABA;ABA PRA VIDA LTDA;510340;Cuiabá;Sim;Sim;JARDIM DAS AMERICAS;RUA VARSOVIA;MUNICIPAL;;ATENDIMENTOS NOS TURNOS DA MANHA E A TARDE;22;M;Não;Não;NAO;Não;Não;Não;Não;-15.618386113922508;-56.07976027547199;65 93310358;2025-09-03
4301080;CLINICA IDADE PRIME;CLINICA IDADE PRIME LTDA;510340;Cuiabá;Sim;Sim;JARDIM MARIANA;MIGUEL SUTIL;MUNICIPAL;;ATENDIMENTOS NOS TURNOS DA MANHA E A TARDE;22;M;Não;Não;NAO;Não;Não;Não;Não;-15.57935553910719;-56.11027625244807;65 99207809;2025-09-03
4302958;CLINICA LIRIO SAUDE;CLINICA LIRIO SAUDE LTDA;510340;Cuiabá;Sim;Sim;JARDIM DAS AMERICAS;LA PAZ;MUNICIPAL;;ATENDIMENTOS NOS TURNOS DA MANHA E A TARDE;22;M;Não;Não;NAO;Não;Não;Não;Não;-15.607835996953897;-56.0728520764241;65 81120776;2026-06-26
4304373;BARUC CLINICA DE TERAPIAS INTEGRADAS;BARUC TERAPIAS INTEGRADAS LTDA;510340;Cuiabá;Sim;Sim;PICO DO AMOR;CAPITAO IPORA;MUNICIPAL;;ATENDIMENTOS NOS TURNOS DA MANHA E A TARDE;22;M;Não;Não;NAO;Não;Não;Não;Não;-15.6109962;-56.0815764;65 92861858;2025-09-03
4313763;MARQUES ODONTOLOGIA;WILLIAN M SOUZA MARQUES;510340;Cuiabá;Sim;Sim;LIXEIRA;ANTONIO BATISTA BELEM;MUNICIPAL;;ATENDIMENTOS NOS TURNOS DA MANHA E A TARDE;22;M;Não;Não;NAO;Não;Não;Não;Não;-15.5953446;-56.0848688;65 93479669;2025-09-03
4313887;ESPACO SER PSICOLOGIA;ESPACO SER PSICOLOGIA LTDA;510340;Cuiabá;Sim;Sim;BOSQUE DA SAUDE;HISTORIADOR RUBENS DE MENDONCA;MUNICIPAL;;ATENDIMENTOS NOS TURNOS DA MANHA E A TARDE;22;M;Não;Não;NAO;Não;Não;Não;Não;-15.585549264312775;-56.08150325869527;65 99937153;2025-10-17
4315413;JULIANA SILVA TAVARES LTDA;JULIANA SILVA TAVARES LTDA;510340;Cuiabá;Sim;Sim;BAU;PROFESSOR JOAO FELIX;MUNICIPAL;;ATENDIMENTOS NOS TURNOS DA MANHA E A TARDE;22;M;Não;Não;NAO;Não;Não;Não;Não;-15.592422;-56.0858891;65 84125010;2025-09-03
4320328;CLINICA MADRE VIDA;M A F CLINICA MEDICA LTDA;510340;Cuiabá;Sim;Sim;JARDIM ITALIA;MESSINA;MUNICIPAL;;ATENDIMENTOS NOS TURNOS DA MANHA E A TARDE;22;M;Não;Não;NAO;Não;Não;Não;Não;-15.596;-56.097;65 36344063;2025-09-03
4320336;FUNCAO ODONTOLOGIA;FUNCAO E ESTETICA ODONTOLOGIA INTEGRADA LTDA;510340;Cuiabá;Sim;Sim;LIXEIRA;SAO BENEDITO;MUNICIPAL;;ATENDIMENTOS NOS TURNOS DA MANHA E A TARDE;22;M;Não;Não;NAO;Não;Não;Não;Não;-15.597297229590588;-56.08885607262225;65 39286533;2025-10-17
4320344;BETA CELL CENTER DIABETES E ENDOCRINOLOGIA;CLINICA DE ENDOCRINOLOGIA E NUTRICAO LTDA;510340;Cuiabá;Sim;Sim;JARDIM CUIABA;DAS MARGARIDAS;MUNICIPAL;;ATENDIMENTOS NOS TURNOS DA MANHA E A TARDE;22;M;Não;Não;NAO;Não;Não;Não;Não;-15.597035801611598;-56.114276124089486;65 30283515;2025-09-03
4329287;NEUROMOVIMENTO FISIOTERAPIAS INTEGRADAS CBA;NEUROMOVIMENTO FISIOTERAPIAS INTEGRADAS CBA LTDA;510340;Cuiabá;Sim;Sim;PICO DO AMOR;TIRADENTES;MUNICIPAL;;ATENDIMENTOS NOS TURNOS DA MANHA E A TARDE;22;M;Não;Não;NAO;Não;Não;Não;Não;-15.610918805953029;-56.08051897914261;65 92253171;2025-11-13
4334981;VIVER BEM UNIMED CUIABA MEDICINA PREVENTIVA;UNIMED CUIABA COOPERATIVA DE TRABALHO MEDICO;510340;Cuiabá;Sim;Sim;CENTRO SUL;BARAO DE MELGACO;MUNICIPAL;;ATENDIMENTO CONTINUO DE 24 HORAS/DIA (PLANTAO:INCLUI SABADOS, DOMINGOS E FERIADOS);36;M;Não;Não;NAO;Não;Não;Não;Sim;-15.602268122307743;-56.101679843755726;65 36123149;2025-09-03
4333993;LIBERTAR DESENVOLVIMENTO INFANTIL;LIBERTAR DESENVOLVIMENTO INFANTIL LTDA;510340;Cuiabá;Sim;Sim;JARDIM PETROPOLIS;AMANCIO PEDROSO DE JESUS NETO;MUNICIPAL;;ATENDIMENTOS NOS TURNOS DA MANHA E A TARDE;22;M;Não;Não;NAO;Não;Não;Não;Não;-15.595840025279276;-56.096828764906434;92 95360908;2025-09-03
4334787;INSTITUTO MATOGROSSENSE DE AUTISMO;ESPACO VIDA E APRENDIZADO TEA LTDA;510340;Cuiabá;Sim;Sim;CENTRO SUL;JESSE PINTO FREIRE;MUNICIPAL;;ATENDIMENTOS NOS TURNOS DA MANHA E A TARDE;22;M;Não;Não;NAO;Não;Não;Não;Não;-15.597025674622786;-56.10159784699921;65 96969600;2026-07-07
4337107;DROGARIA SAO PAULO;DROGARIA SAO PAULO S A;510340;Cuiabá;Sim;Sim;CENTRO NORTE;MARECHAL DEODORO;MUNICIPAL;;ATENDIMENTO NOS TURNOS DA MANHA, TARDE E NOITE;43;M;Não;Não;NAO;Não;Não;Não;Sim;-15.588178791173595;-56.09709156400643;11 32747400;2025-10-17
4337174;NOUS CONSULTORIO DE PSICOLOGIA E PSICOPEDAGOGIA;ALICE SARMENTO SILVA RIBEIRO;510340;Cuiabá;Sim;Sim;CENTRO NORTE;TREZE DE JUNHO;MUNICIPAL;;ATENDIMENTOS NOS TURNOS DA MANHA E A TARDE;22;M;Não;Não;NAO;Não;Não;Não;Não;-15.599497566592502;-56.09666882246157;65 99684500;2025-09-03
4349210;LAJ FEME SERVICOS MEDICOS;LAJ FEME SERVICOS MEDICOS LTDA;510340;Cuiabá;Sim;Sim;JARDIM ITALIA;ERICO GONCALVES PREZA FILHO;MUNICIPAL;;ATENDIMENTOS NOS TURNOS DA MANHA E A TARDE;22;M;Não;Não;NAO;Não;Não;Não;Não;-15.603246692684081;-56.0579187239966;65 36611135;2025-09-03
4354842;ELMER BRUNO SILVA SALVIANO;ELMER BRUNO SILVA SALVIANO;510340;Cuiabá;Sim;Sim;JARDIM CUIABA;RAMIRO DE NORONHA;MUNICIPAL;;ATENDIMENTOS NOS TURNOS DA MANHA E A TARDE;22;M;Não;Não;NAO;Não;Não;Não;Não;-15.59163043637973;-56.115778633506196;;2025-10-17
4362667;FARMACIA PAGUE MENOS;EMPREENDIMENTOS PAGUE MENOS S A;510340;Cuiabá;Sim;Sim;MORADA DA SERRA;TUIUIU NUC HAB CPA IV;MUNICIPAL;;ATENDIMENTO NOS TURNOS DA MANHA, TARDE E NOITE;43;M;Não;Não;NAO;Não;Não;Não;Não;-15.562709377382403;-56.03769835568153;85 32555511;2025-10-17
4362683;ANTONIO AUGUSTO SARDINHA NETO;ANTONIO AUGUSTO SARDINHA NETO;510340;Cuiabá;Sim;Sim;JARDIM CUIABA;GENERAL RAMIRO DE NORONHA;MUNICIPAL;;ATENDIMENTOS NOS TURNOS DA MANHA E A TARDE;22;M;Não;Não;NAO;Não;Não;Não;Não;-15.594882554592532;-56.112444129770005;;2025-09-03
4362705;ROSACLIN;ROSEMEIRE TANGANELI LTDA;510340;Cuiabá;Sim;Sim;JARDIM CUIABA;DAS ROSAS;MUNICIPAL;;ATENDIMENTOS NOS TURNOS DA MANHA E A TARDE;22;M;Não;Não;NAO;Não;Não;Não;Não;-15.597464124532653;-56.11959178585048;65 99034204;2025-11-27
4364163;FARMACIA PAGUE MENOS;EMPREENDIMENTOS PAGUE MENOS S A;510340;Cuiabá;Sim;Sim;BELA VISTA;VEREADOR JULIANO DA COSTA MARQUES;MUNICIPAL;;ATENDIMENTO NOS TURNOS DA MANHA, TARDE E NOITE;43;M;Não;Não;NAO;Não;Não;Não;Não;-15.580237585860825;-56.0632664273965;65 33216340;2025-10-17
4365038;FARMACIA PAGUE MENOS;EMPREENDIMENTOS PAGUE MENOS S A;510340;Cuiabá;Sim;Sim;RECANTO DOS PASSAROS;PROFESSORA EDNA MARIA DE ALBUQUERQUE AFFI;MUNICIPAL;;ATENDIMENTO NOS TURNOS DA MANHA, TARDE E NOITE;43;M;Não;Não;NAO;Não;Não;Não;Não;-15.611606697172585;-56.02377152450801;85 32555489;2025-10-17
4365046;JULIANA FUMES OFTALMOLOGIA;OFTALMOCLIN JLF LTDA;510340;Cuiabá;Sim;Sim;JARDIM DAS AMERICAS;BUENOS AIRES;MUNICIPAL;;ATENDIMENTOS NOS TURNOS DA MANHA E A TARDE;22;M;Não;Não;NAO;Não;Não;Não;Não;-15.608699199497334;-56.07410672960508;65 30287328;2025-11-04
4365054;FARMACIA PAGUE MENOS;EMPREENDIMENTOS PAGUE MENOS S A;510340;Cuiabá;Sim;Sim;JARDIM PETROPOLIS;FERNANDO CORREA DA COSTA;MUNICIPAL;;ATENDIMENTO NOS TURNOS DA MANHA, TARDE E NOITE;43;M;Não;Não;NAO;Não;Não;Não;Não;-15.620817585659637;-56.06704789955632;85 32555489;2025-11-27
4365135;CLINICA RESPLANDECER;CLINICA MULTIPROFISSIONAL RESPLANDECER LTDA;510340;Cuiabá;Sim;Sim;DUQUE DE CAXIAS;GENERAL RABELLO;MUNICIPAL;;ATENDIMENTOS NOS TURNOS DA MANHA E A TARDE;36;M;Não;Não;NAO;Não;Não;Não;Não;-15.591663609742684;-56.1143669957037;6599800524;2025-09-03
4365402;FARMACIA PAGUE MENOS;EMPREENDIMENTOS PAGUE MENOS S A;510340;Cuiabá;Sim;Sim;MORADA DA SERRA;PERNAMBUCO NUC HAB CPA II;MUNICIPAL;;ATENDIMENTO NOS TURNOS DA MANHA, TARDE E NOITE;43;M;Não;Não;NAO;Não;Não;Não;Não;-15.561221943441312;-56.04675972807057;85 32555511;2025-10-17
4372409;ACOLHER;NUCLEO MULTIPROFISSIONAL ACOLHER LTDA;510340;Cuiabá;Sim;Sim;LIXEIRA;SAO BENEDITO;MUNICIPAL;;ATENDIMENTOS NOS TURNOS DA MANHA E A TARDE;22;M;Não;Não;NAO;Não;Não;Não;Não;-15.597173224559999;-56.08884534562804;65 93481903;2025-10-11
4372417;FARMACIAS PAGUE MENOS;EMPREENDIMENTOS PAGUE MENOS S A;510340;Cuiabá;Sim;Sim;GOIABEIRAS;PRESIDENTE GETULIO VARGAS;MUNICIPAL;;ATENDIMENTO NOS TURNOS DA MANHA, TARDE E NOITE;43;M;Não;Não;NAO;Não;Não;Não;Não;-15.592988980267837;-56.10259540254442;65 33216340;2025-10-17
4396707;DROGARIA SAO PAULO;DROGARIA SAO PAULO S A;510340;Cuiabá;Sim;Sim;CIDADE ALTA;AGRICOLA PAES DE BARROS;MUNICIPAL;;ATENDIMENTO NOS TURNOS DA MANHA, TARDE E NOITE;43;M;Não;Não;NAO;Não;Não;Não;Não;-15.606855852778951;-56.12161322086385;11 32747400;2025-09-03
4396782;SEME SERVICOS E EXAMES MEDICOS;SEME SERVICOS E EXAMES MEDICOS LTDA;510340;Cuiabá;Sim;Sim;CIDADE ALTA;TRACAIA LOT JD PRIMAVERA;MUNICIPAL;;ATENDIMENTOS NOS TURNOS DA MANHA E A TARDE;39;M;Não;Não;NAO;Não;Não;Não;Não;-15.599339752763369;-56.12121622730009;65 30463400;2025-09-03
4396812;FARMACIA PAGUE MENOS;EMPREENDIMENTOS PAGUE MENOS S A;510340;Cuiabá;Sim;Sim;BOSQUE DA SAUDE;SAFIRA;MUNICIPAL;;ATENDIMENTO NOS TURNOS DA MANHA, TARDE E NOITE;43;M;Não;Não;NAO;Não;Não;Não;Não;-15.58736610347267;-56.07813578107192;85 32555489;2025-09-03
4396820;FARMACIA PAGUE MENOS;EMPREENDIMENTOS PAGUE MENOS S A;510340;Cuiabá;Sim;Sim;JARDIM LEBLON;MIGUEL SUTIL;MUNICIPAL;;ATENDIMENTO NOS TURNOS DA MANHA, TARDE E NOITE;43;M;Não;Não;NAO;Não;Não;Não;Não;-15.59573858049969;-56.078068753454865;85 32555489;2025-09-03
4398955;DOUTOR VISAO E SAUDE;DOUTOR VISAO E SAUDE LTDA;510340;Cuiabá;Sim;Sim;SANTA ROSA;MIGUEL SUTIL;MUNICIPAL;;ATENDIMENTOS NOS TURNOS DA MANHA E A TARDE;22;M;Não;Não;NAO;Não;Não;Não;Não;-15.5902278;-56.1202622;65 81479043;2025-09-03
4398963;ESPACO VEM SER POLO 02;ESPACO VEM SER POLO 02 LTDA;510340;Cuiabá;Sim;Sim;BOA ESPERANCA;QUARENTA E TRES;MUNICIPAL;;ATENDIMENTOS NOS TURNOS DA MANHA E A TARDE;36;M;Não;Não;NAO;Não;Não;Não;Não;-15.6003119;-56.045802;65 99710011;2025-09-03
4400712;CONSULTORIO DRA KETILA OLIVEIRA;MARIA KETILA OLIVEIRA SILVA;510340;Cuiabá;Sim;Sim;PASCOAL RAMOS;BENEDITO ANTONIO;MUNICIPAL;;ATENDIMENTOS NOS TURNOS DA MANHA E A TARDE;22;M;Não;Não;NAO;Não;Não;Não;Não;-15.640295423136838;-55.98197584255632;65 96104378;2025-09-03
4405617;COGNI CLINICA DE PSICOLOGIA;ALVES E CINTRA CLINICA DE PSICOLOGIA LTDA;510340;Cuiabá;Sim;Sim;BANDEIRANTES;GENERAL VALE;MUNICIPAL;;ATENDIMENTOS NOS TURNOS DA MANHA E A TARDE;22;M;Não;Não;NAO;Não;Não;Não;Não;-15.602102450720654;-56.09242608687921;65 99190120;2025-09-03
4408098;ATB SERVICOS MEDICOS LTDA;ATB SERVICOS MEDICOS LTDA;510340;Cuiabá;Sim;Sim;BOSQUE DA SAUDE;PROFESSOR RAFAEL RUEDA;MUNICIPAL;;ATENDIMENTOS NOS TURNOS DA MANHA E A TARDE;22;M;Não;Não;NAO;Não;Não;Não;Não;-15.58760407825545;-56.080597571551735;65 81127193;2025-10-11
4417631;CLINICA FISIOCUIABANA;DAIANNE BASTOS CAMPOS;510340;Cuiabá;Sim;Sim;MORADA DA SERRA;CORONEL EVARISTO DA COSTA E SILVA NUC HAB CPA I;MUNICIPAL;;ATENDIMENTOS NOS TURNOS DA MANHA E A TARDE;22;M;Não;Não;NAO;Não;Não;Não;Não;-15.558392505608264;-56.053491391707674;65 96051379;2025-09-03
4418662;ENDO IMAGEM CLINICA DE ENDOSCOPIA LTDA;ENDO IMAGEM CLINICA DE ENDOSCOPIA LTDA;510340;Cuiabá;Sim;Sim;BANDEIRANTES;GENERAL VALE;MUNICIPAL;;ATENDIMENTOS NOS TURNOS DA MANHA E A TARDE;39;M;Não;Não;NAO;Não;Não;Não;Não;-15.6016118;-56.0882934;65 96364464;2025-09-03
4420683;DROGASIL CB JD CUIABA 1;RAIA DROGASIL S A;510340;Cuiabá;Sim;Sim;JARDIM CUIABA;DAS FLORES;MUNICIPAL;;ATENDIMENTO NOS TURNOS DA MANHA, TARDE E NOITE;43;M;Não;Não;NAO;Não;Não;Não;Não;-15.595090717930919;-56.11478375385677;(65) 30575951;2025-09-03
4420705;IDEALE;INSTITUTO MATOGROSSENSE DE MEDICINA INTERNA E INFECTOLOGIA L;510340;Cuiabá;Sim;Sim;DUQUE DE CAXIAS;MAJOR ARNALDO DE MATTOS CABRAL;MUNICIPAL;;ATENDIMENTO CONTINUO DE 24 HORAS/DIA (PLANTAO:INCLUI SABADOS, DOMINGOS E FERIADOS);42;M;;Não;NAO;;;;Sim;-15.591152600309236;-56.1147457510889;65 30287328;2025-11-04
4420713;CLINICA DE PSICOLOGIA EQUIPE EVOLUIR ESPECIALIZADA EM ABA DI;CLINICA DE PSICOLOGIA EQUIPE EVOLUIR ESPECIALIZADA EM ABA DI;510340;Cuiabá;Sim;Sim;JARDIM SANTA MARTA;NOSSA SENHORA DA GUIA;MUNICIPAL;;ATENDIMENTOS NOS TURNOS DA MANHA E A TARDE;22;M;Não;Não;NAO;Não;Não;Não;Não;-15.38161605;-56.22851807274184;65 30586318;2025-12-02
4424204;PATRICIA ALESSANDRA NARDO KISSER FONOAUDIOLOGIA;PATRICIA ALESSANDRA NARDO KISSER FONOAUDIOLOGIA LTDA;510340;Cuiabá;Sim;Sim;JARDIM CUIABA;DAS BEGONIAS;MUNICIPAL;;ATENDIMENTOS NOS TURNOS DA MANHA E A TARDE;22;M;Não;Não;NAO;Não;Não;Não;Não;-15.6389915;-56.0112116;65 99238746;2025-09-03
4427734;CENTRO DE ALERGIA DE MATO GROSSO LTDA;CENTRO DE ALERGIA DE MATO GROSSO LTDA;510340;Cuiabá;Sim;Sim;JARDIM DAS AMERICAS;LA PAZ;MUNICIPAL;;ATENDIMENTOS NOS TURNOS DA MANHA E A TARDE;22;M;Não;Não;NAO;Não;Não;Não;Não;-15.6128656;-56.0819247;65 81266860;2025-09-03
4426606;LABORATORIO NEUROLIQUOR;NEUROLIQUOR LTDA;510340;Cuiabá;Sim;Sim;JARDIM MARIANA;MIGUEL SUTIL;MUNICIPAL;;ATENDIMENTOS NOS TURNOS DA MANHA E A TARDE;39;M;Não;Não;NAO;Não;Não;Não;Não;-15.58235258109646;-56.11124945140936;65 99672582;2025-11-13
4429249;LABORATORIO MARCOS DONADON;LABORATORIO CLINICO LHD CUIABA LTDA;510340;Cuiabá;Sim;Sim;BANDEIRANTES;CORONEL ESCOLASTICO;MUNICIPAL;;ATENDIMENTOS NOS TURNOS DA MANHA E A TARDE;39;M;Não;Não;NAO;Não;Não;Não;Não;-15.601512;-56.0885949;65 30415057;2025-09-03
4432096;CREAP CUIABA;CENTRO DE REABILITACAO PSICOSSOCIAL DE CUIABA LTDA;510340;Cuiabá;Sim;Sim;JARDIM CUIABA;DOS CRISANTEMOS;MUNICIPAL;;ATENDIMENTO CONTINUO DE 24 HORAS/DIA (PLANTAO:INCLUI SABADOS, DOMINGOS E FERIADOS);7;M;Não;Sim;NAO;Não;Não;Não;Sim;-15.6401179;-56.0147888;51 97571112;2026-07-07
4430484;AME FISIOCARDIO;JOILCE TAVEIRA DE JESUS;510340;Cuiabá;Sim;Sim;BAU;HISTORIADOR RUBENS DE MENDONCA;MUNICIPAL;;ATENDIMENTOS NOS TURNOS DA MANHA E A TARDE;22;M;Não;Não;NAO;Não;Não;Não;Não;-15.5860913;-56.081491;65 84075464;2025-09-03
4430492;UNIDADE MULTIDISCIPLINAR DE TERAPIAS ESPECIAIS E FISIOT;UNIMED CUIABA COOPERATIVA DE TRABALHO MEDICO;510340;Cuiabá;Sim;Sim;CENTRO SUL;CORONEL BENEDITO LEITE;MUNICIPAL;;ATENDIMENTOS NOS TURNOS DA MANHA E A TARDE;36;M;Não;Não;NAO;Não;Não;Não;Não;-15.608041866321365;-56.10528318462627;65 36123129;2025-09-03
4436563;FENIX NEUROREABILITACAO;ROSANGELA L ANDRADE NERY LTDA;510340;Cuiabá;Sim;Sim;BOA ESPERANCA;DESEMBARGADOR CESARINO DELFINO CESAR;MUNICIPAL;;ATENDIMENTOS NOS TURNOS DA MANHA E A TARDE;36;M;Não;Não;NAO;Não;Não;Não;Não;-15.6174758;-56.0532544;65 98101917;2025-09-03
4436636;SELFKIDS;SELFKIDS CLINICA DE PSICOLOGIA INTEGRADA LTDA;510340;Cuiabá;Sim;Sim;BOSQUE DA SAUDE;HISTORIADOR RUBENS DE MENDONCA;MUNICIPAL;;ATENDIMENTOS NOS TURNOS DA MANHA E A TARDE;22;M;Não;Não;NAO;Não;Não;Não;Não;-15.5602514;-56.0553902;65 96630583;2025-09-03
4438353;DROGARIA SAO PAULO;DROGARIA SAO PAULO S A;510340;Cuiabá;Sim;Sim;JARDIM ITALIA;DAS CAVIUNAS LOT ALPHAVILLE CUIABA;MUNICIPAL;;ATENDIMENTO NOS TURNOS DA MANHA, TARDE E NOITE;43;M;Não;Não;NAO;Não;Não;Não;Sim;-15.594413306602727;-56.05987640850521;11 32747400;2025-09-03
4440587;INSTITUTO CARVALHO MEDICINA INTEGRADA LTDA;INSTITUTO CARVALHO MEDICINA INTEGRADA LTDA;510340;Cuiabá;Sim;Sim;DOM AQUINO;GENERAL MELO;MUNICIPAL;;ATENDIMENTOS NOS TURNOS DA MANHA E A TARDE;36;M;Não;Não;NAO;Não;Não;Não;Não;-15.6295087;-56.0746358;65 30253080;2025-09-03
4441869;MEDSIM SERVICOS MEDICOS E HOSPITALARES LTDA;MEDSIM SERVICOS MEDICOS E HOSPITALARES LTDA;510340;Cuiabá;Sim;Sim;JARDIM CUIABA;DAS FLORES;MUNICIPAL;;ATENDIMENTOS NOS TURNOS DA MANHA E A TARDE;22;M;Não;Não;NAO;Não;Não;Não;Não;-15.5735499;-56.05622582425854;65 30287328;2025-09-03
4442865;CLINICA DE PSICOLOGIA EVOLVER;CLINICA DE PSICOLOGIA EVOLVER ESPECIALIZADA EM ABA E INTERVE;510340;Cuiabá;Sim;Sim;PICO DO AMOR;SAO PEDRO JD KENNEDY;MUNICIPAL;;ATENDIMENTOS NOS TURNOS DA MANHA E A TARDE;22;M;Não;Não;NAO;Não;Não;Não;Não;-15.5936541;-56.1063673;65 93077883;2025-09-03
4442873;FENIX CLINICA DE NEUROREABILITACAO INTEGRADA;P M R CLINICA DE REABILITACAO LTDA;510340;Cuiabá;Sim;Sim;BOA ESPERANCA;DESEMBARGADOR CESARINO DELFINO CESAR;MUNICIPAL;;ATENDIMENTOS NOS TURNOS DA MANHA E A TARDE;22;M;Não;Não;NAO;Não;Não;Não;Não;-15.6174758;-56.0532544;65 98101917;2025-09-03
4448162;LABORATORIO HEMACLIN;C C DA COSTA MARQUES GAMBALLI;510340;Cuiabá;Sim;Sim;JARDIM CUIABA;DAS FLORES;MUNICIPAL;;ATENDIMENTOS NOS TURNOS DA MANHA E A TARDE;39;M;Não;Não;NAO;Não;Não;Não;Não;-15.59513875974404;-56.11655843259948;65 36826688;2025-11-13
4451775;ESPACO RECRIAR ESPECIALIZAZADO EM ABA;ESPACO RECRIAR DESENVOLVIMENTO HUMANO ESPECIALIZADO EM ABA L;510340;Cuiabá;Sim;Sim;PICO DO AMOR;SAO PEDRO JD KENNEDY;MUNICIPAL;;ATENDIMENTOS NOS TURNOS DA MANHA E A TARDE;22;M;Não;Não;NAO;Não;Não;Não;Não;-15.575307482511915;-56.08247192244584;65 81078855;2026-07-07
4462823;HUMANIZE SAUDE MAIS;HUMANIZE SAUDE MAIS LTDA;510340;Cuiabá;Sim;Sim;BANDEIRANTES;GENERAL VALE;MUNICIPAL;;ATENDIMENTOS NOS TURNOS DA MANHA E A TARDE;22;M;Não;Não;NAO;Não;Não;Não;Não;-15.6028606;-56.0947857;65 93185154;2026-06-16
4463439;ATLAM FISIOTERAPIA E PILATES;MARIN E SANCHES SERVICOS LTDA;510340;Cuiabá;Sim;Sim;QUILOMBO;TENENTE EULALIO GUERRA;MUNICIPAL;;ATENDIMENTOS NOS TURNOS DA MANHA E A TARDE;22;M;Não;Não;NAO;Não;Não;Não;Não;-15.583069915858959;-56.09956980153024;65 84066644;2025-10-11
4466934;GNOSIS CENTRO DE PSICOLOGIA;GNOSIS CENTRO DE PSICOLOGIA LTDA;510340;Cuiabá;Sim;Sim;MORADA DA SERRA;JORNALISTA AMARO DE FIGUEIREDO FALCAO NUC HAB CPA;MUNICIPAL;;ATENDIMENTOS NOS TURNOS DA MANHA E A TARDE;22;M;Não;Não;NAO;Não;Não;Não;Não;-15.557243398772934;-56.05100563483441;65 96762758;2025-11-04
4467949;DROGARIA SAO PAULO;DROGARIA SAO PAULO S A;510340;Cuiabá;Sim;Sim;CENTRO SUL;BARAO DE MELGACO;MUNICIPAL;;ATENDIMENTO NOS TURNOS DA MANHA, TARDE E NOITE;43;M;Não;Não;NAO;Não;Não;Não;Não;-15.603680869989201;-56.103590347199656;11 32747400;2025-10-17
4476603;VENESSE ODONTOLOGIA E ESTETICA;VENESSE ODONTOLOGIA E ESTETICA LTDA;510340;Cuiabá;Sim;Sim;QUILOMBO;SENADOR FILINTO MULLER;MUNICIPAL;;ATENDIMENTOS NOS TURNOS DA MANHA E A TARDE;22;M;Não;Não;NAO;Não;Não;Não;Não;-15.585701937643115;-56.103881300971985;65 36373553;2025-11-27
4477065;INPACC;DIANA A P CANAVARROS;510340;Cuiabá;Sim;Sim;JARDIM CUIABA;DAS ORQUIDEAS;MUNICIPAL;;ATENDIMENTOS NOS TURNOS DA MANHA E A TARDE;22;M;Não;Não;NAO;Não;Não;Não;Não;-15.587897;-56.0825899;65 81750802;2025-09-03
4479521;SUELLEN MONIQUE DA SILVA;SUELLEN MONIQUE DA SILVA;510340;Cuiabá;Sim;Sim;CENTRO SUL;COMANDANTE COSTA;MUNICIPAL;;ATENDIMENTOS NOS TURNOS DA MANHA E A TARDE;22;M;Não;Não;NAO;Não;Não;Não;Sim;-15.596361;-56.0979229;65 92416741;2025-09-03
4479556;DO VALLE MED;DAYSE DO VALLE OLIVEIRA LTDA;510340;Cuiabá;Sim;Sim;JARDIM CUIABA;DAS CAMELIAS;MUNICIPAL;;ATENDIMENTOS NOS TURNOS DA MANHA E A TARDE;22;M;Não;Não;NAO;Não;Não;Não;Não;-15.5945558;-56.0426711;65 36231000;2025-09-03
4483936;DR VITOR CANDIDO ARAUJO GUIMARAES;VITOR CANDIDO ARAUJO GUIMARAES;510340;Cuiabá;Sim;Sim;DOM BOSCO;DULCE BALATA;MUNICIPAL;;ATENDIMENTOS NOS TURNOS DA MANHA E A TARDE;22;M;Não;Não;NAO;Não;Não;Não;Não;-15.586793593183868;-56.067334873908294;55 96607223;2025-10-17
4483987;HIPERBARICA MT;HIPERBARICA CAMARAS MT LTDA;510340;Cuiabá;Sim;Sim;JARDIM CUIABA;DAS MARGARIDAS;MUNICIPAL;;ATENDIMENTOS NOS TURNOS DA MANHA E A TARDE;36;M;Não;Não;NAO;Não;Não;Não;Não;-15.5940276;-56.0422008;65 99551991;2025-09-03
4488652;CENTRO MEDICO UNIMED CUIABA;UNIMED CUIABA COOPERATIVA DE TRABALHO MEDICO;510340;Cuiabá;Sim;Sim;CENTRO SUL;COMANDANTE COSTA;MUNICIPAL;;ATENDIMENTO NOS TURNOS DA MANHA, TARDE E NOITE;36;M;Não;Não;NAO;Não;Não;Não;Não;-15.604919543206865;-56.10689214988867;65 36123129;2025-09-03
4488687;FLAVIANE CAMARGO CLINICA DE PSICOLOGIA;FLAVIANE M S CAMARGO;510340;Cuiabá;Sim;Sim;BOSQUE DA SAUDE;HISTORIADOR RUBENS DE MENDONCA;MUNICIPAL;;ATENDIMENTOS NOS TURNOS DA MANHA E A TARDE;22;M;Não;Não;NAO;Não;Não;Não;Não;-15.58265545;-56.07736100480725;65 92978704;2025-09-03
4504542;DR VICTOR ALBUQUERQUE CLINICA MEDICA;VATS CLINICA MEDICA LTDA;510340;Cuiabá;Sim;Sim;JARDIM ITALIA;ERICO GONCALVES PREZA FILHO;MUNICIPAL;;ATENDIMENTOS NOS TURNOS DA MANHA E A TARDE;22;M;Não;Não;NAO;Não;Não;Não;Não;-15.589791;-56.0610633;65 33655090;2025-09-03
4504569;LUMA CENTRO INTEGRADO DE NEURODESENVOLVIMENTO;LUMA CENTRO INTEGRADO DE NEURODESENVOLVIMENTO LTDA;510340;Cuiabá;Sim;Sim;JARDIM DAS AMERICAS;BOGOTA;MUNICIPAL;;ATENDIMENTOS NOS TURNOS DA MANHA E A TARDE;36;M;Não;Não;NAO;Não;Não;Não;Sim;-15.596;-56.097;65 92370796;2025-09-03
4504577;REABILITARE CLINICA DE REABILITACAO NEUROLGICA;SANDRA LIMA DA SILVA;510340;Cuiabá;Sim;Sim;JARDIM ITALIA;LIVORNO;MUNICIPAL;;ATENDIMENTOS NOS TURNOS DA MANHA E A TARDE;36;M;Não;Não;NAO;Não;Não;Não;Não;-15.6025556;-56.0567938;65 30541388;2025-09-03
4507339;CLINICA REVER;CLEIDE ALVES DA SILVA LTDA;510340;Cuiabá;Sim;Sim;BOA ESPERANCA;TRINTA E UM;MUNICIPAL;;ATENDIMENTOS NOS TURNOS DA MANHA E A TARDE;36;M;Não;Não;NAO;Não;Não;Não;Não;-15.5350979;-56.075932;65 99022002;2025-09-03
4507347;CONSULTORIO DE PSICANALISE ALINE CAMPOS;ALINE DE SOUZA CAMPOS LTDA;510340;Cuiabá;Sim;Sim;ALVORADA;HISTORIADOR RUBENS DE MENDONCA;MUNICIPAL;;ATENDIMENTOS NOS TURNOS DA MANHA E A TARDE;22;M;Não;Não;NAO;Não;Não;Não;Não;-15.583620509776008;-56.0792651251367;65 92373786;2025-10-17
4507363;DROGASIL CB GETULIO VARGAS;RAIA DROGASIL S A;510340;Cuiabá;Sim;Sim;QUILOMBO;PRESIDENTE GETULIO VARGAS;MUNICIPAL;;ATENDIMENTO NOS TURNOS DA MANHA, TARDE E NOITE;43;M;Não;Não;NAO;Não;Não;Não;Sim;-15.6611101;-56.126399;6536266839;2025-09-03
4507371;CIRURGIA ONCOLOGICA ONCOMED;CIRURGIA ONCOLOGICA ONCOMED LTDA;510340;Cuiabá;Sim;Sim;CENTRO SUL;COMANDANTE COSTA;MUNICIPAL;;ATENDIMENTOS NOS TURNOS DA MANHA E A TARDE;22;M;Não;Não;NAO;Não;Não;Não;Não;-15.596323118633862;-56.0980099439621;65 36231000;2025-09-03
4514696;CLINICA EQUILIBRIUM PSIQUIATRIA E PSICOLOGIA LTDA;CLINICA EQUILIBRIUM PSIQUIATRIA E PSICOLOGIA LTDA;510340;Cuiabá;Sim;Sim;SANTA ROSA;MIGUEL SUTIL;MUNICIPAL;;ATENDIMENTOS NOS TURNOS DA MANHA E A TARDE;22;M;Não;Não;NAO;Não;Não;Não;Não;-15.58601759229424;-56.11527233893274;65 81130754;2025-10-11
4516079;KARHAWI SAUDE;KARHAWI SAUDE LTDA;510340;Cuiabá;Sim;Sim;JARDIM DAS AMERICAS;BRASILIA;MUNICIPAL;;ATENDIMENTOS NOS TURNOS DA MANHA E A TARDE;22;M;Não;Não;NAO;Não;Não;Não;Não;-15.611756982447698;-56.07220348405052;65 36220500;2025-11-04
4516095;CLINICA DE NEUROLOGIA E NEUROFISIOLOGIA DE CUIABA S S LTDA;CLINICA DE NEUROLOGIA E NEUROFISIOLOGIA DE CUIABA S S LTDA;510340;Cuiabá;Sim;Sim;CENTRO SUL;BARAO DE MELGACO;MUNICIPAL;;ATENDIMENTOS NOS TURNOS DA MANHA E A TARDE;39;M;Não;Não;NAO;Não;Não;Não;Sim;-15.602340620041769;-56.10174402226488;65 30231403;2025-09-03
4529219;CLINICA DE PSICOLOGIA SIGNIFICAR;CLINICA DE PSICOLOGIA SIGNIFICAR LTDA;510340;Cuiabá;Sim;Sim;BOSQUE DA SAUDE;HISTORIADOR RUBENS DE MENDONCA;MUNICIPAL;;ATENDIMENTOS NOS TURNOS DA MANHA E A TARDE;22;M;Não;Não;NAO;Não;Não;Não;Não;-15.5725702;-56.0718705;65 99215800;2025-09-03
4529235;BB INFANCIA;BIANCA KVIECINSKI;510340;Cuiabá;Sim;Sim;SANTA ROSA;MIGUEL SEROR;MUNICIPAL;;ATENDIMENTOS NOS TURNOS DA MANHA E A TARDE;22;M;Não;Não;NAO;Não;Não;Não;Não;-15.585751755268168;-56.117448005107946;65 96013700;2025-09-03
4529634;ESPACO SAUDE LB;F B DE OLIVEIRA LTDA;510340;Cuiabá;Sim;Sim;JARDIM DAS AMERICAS;CARACAS;MUNICIPAL;;ATENDIMENTOS NOS TURNOS DA MANHA E A TARDE;22;M;Não;Não;NAO;Não;Não;Não;Não;-15.6077536;-56.0723497;65 96251086;2025-09-03
4536762;CRESCER APRENDER PARA INCLUIR;NUTRICLIN CLINICA DE NUTRICAO E TERAPIA INTEGRADAS LTDA;510340;Cuiabá;Sim;Sim;JARDIM ACLIMACAO;RUBI;MUNICIPAL;;ATENDIMENTOS NOS TURNOS DA MANHA E A TARDE;22;M;Não;Não;NAO;Não;Não;Não;Não;-15.6724029;-56.0369709;65 99174803;2026-06-02
4536770;MAIRA FAVALI CLINICA DE PSICOLOGIA;MAIRA CRISTINA DE OLIVEIRA FAVALI;510340;Cuiabá;Sim;Sim;BOSQUE DA SAUDE;HISTORIADOR RUBENS DE MENDONCA;MUNICIPAL;;ATENDIMENTOS NOS TURNOS DA MANHA E A TARDE;22;M;Não;Não;NAO;Não;Não;Não;Não;-15.58265545;-56.07736100480725;65 81505073;2025-09-03
4565436;CONSULTORIO DE PSICANALISE GOMES BALIEIRO;FATIMA GOMES BALIEIRO LTDA;510340;Cuiabá;Sim;Sim;JARDIM DAS AMERICAS;NASSAU;MUNICIPAL;;ATENDIMENTOS NOS TURNOS DA MANHA E A TARDE;22;M;Não;Não;NAO;Não;Não;Não;Não;-15.604652024792266;-56.06789165745384;65 30232006;2025-10-17
4565444;AGAPE CLINICA DE PSICOLOGIA;QUEIROZ PSICOLOGIA LTDA;510340;Cuiabá;Sim;Sim;BOSQUE DA SAUDE;BOSQUE DA SAUDE;MUNICIPAL;;ATENDIMENTOS NOS TURNOS DA MANHA E A TARDE;22;M;Não;Não;NAO;Não;Não;Não;Não;-15.58200285;-56.08455651525395;65 93429017;2025-09-03
4576306;G M Z MAGALHAES PSICOLOGIA LTDA;G M Z MAGALHAES PSICOLOGIA LTDA;510340;Cuiabá;Sim;Sim;CENTRO;ISAAC POVOAS;MUNICIPAL;;ATENDIMENTOS NOS TURNOS DA MANHA E A TARDE;22;M;Não;Não;NAO;Não;Não;Não;Não;-15.596757051594677;-56.10006211451718;65 33218633;2025-10-17
4577450;NEUROCENTER MT;NEUROCENTER MT SERVICOS MEDICOS LTDA;510340;Cuiabá;Sim;Sim;JARDIM DAS AMERICAS;BUENOS AIRES;MUNICIPAL;;ATENDIMENTOS NOS TURNOS DA MANHA E A TARDE;22;M;Não;Não;NAO;Não;Não;Não;Sim;-15.610347884323582;-56.07357410405539;65 30269292;2025-09-03
4580842;CENTRO INTEGRADO PLENITUDE CIP;M I NELLI;510340;Cuiabá;Sim;Sim;CENTRO SUL;SENADOR METELLO;MUNICIPAL;;ATENDIMENTOS NOS TURNOS DA MANHA E A TARDE;22;M;Não;Não;NAO;Não;Não;Não;Sim;-15.607496152823089;-56.10660105111209;65 21367684;2025-09-03
4588576;CLINTOMS REABILITACAO E APRENDIZAGEM;DANIELI FARIAS LIMA GUEDES CAMPOS;510340;Cuiabá;Sim;Sim;JARDIM PETROPOLIS;DEZESSETE;MUNICIPAL;;ATENDIMENTOS NOS TURNOS DA MANHA E A TARDE;22;M;Não;Não;NAO;Não;Não;Não;Não;-15.5672095;-56.0370407;65 99685168;2025-09-03
4598210;BUCOMAXILO;SERVICOS DE CIRURGIA E TRAUMATOLOGIA BUCOMAXILOFACIAL LTDA;510340;Cuiabá;Sim;Sim;CENTRO SUL;COMANDANTE COSTA;MUNICIPAL;;ATENDIMENTO SOMENTE PELA MANHA;22;M;Não;Não;NAO;Não;Não;Não;Não;-15.603833069219391;-56.10586076974869;65 30525040;2025-09-03
4602129;INSTITUTO DE APRENDIZAGEM PC NEUROEDUCACAO LTDA;INSTITUTO DE APRENDIZAGEM PC NEUROEDUCACAO LTDA;510340;Cuiabá;Sim;Sim;JARDIM DAS AMERICAS;CIDADE DO MEXICO;MUNICIPAL;;ATENDIMENTOS NOS TURNOS DA MANHA E A TARDE;22;M;Não;Não;NAO;Não;Não;Não;Sim;-15.607762819237454;-56.07499559759801;65 92283474;2025-11-04
4610547;CLINICA DO BEN UNIDADE JARDIM GUANABARA;CLINICA DO BEN INTERVENCOES COMPORTAMENTAIS LTDA;510340;Cuiabá;Sim;Sim;AREAO;DO CASTELO JD GUANABARA;MUNICIPAL;;ATENDIMENTOS NOS TURNOS DA MANHA E A TARDE;22;M;Não;Não;NAO;Não;Não;Não;Não;-15.602613144059776;-56.08073592214726;65 99482778;2025-10-11
4610563;DROGASIL CB GOIABEIRAS 3;RAIA DROGASIL S A;510340;Cuiabá;Sim;Sim;GOIABEIRAS;ISAAC POVOAS;MUNICIPAL;;ATENDIMENTO NOS TURNOS DA MANHA, TARDE E NOITE;43;M;Não;Não;NAO;Não;Não;Não;Sim;-15.5919805;-56.1070371;11 37695707;2025-09-03
4612485;CLINICA AFAGHO INTEGRADA DE PSICOLOGIA;CLINICA AFAGHO CLINICA INTEGRADA DE PSICOLOGIA LTDA;510340;Cuiabá;Sim;Sim;LIXEIRA;BENEDITO DE MELO;MUNICIPAL;;ATENDIMENTOS NOS TURNOS DA MANHA E A TARDE;22;M;Não;Não;NAO;Não;Não;Não;Não;-15.594560414753897;-56.08745722296165;65 92103819;2025-09-03
4626451;ESTRUTURAR CLINICA INTERDISCIPLINAR;ESTRUTURAR CLINICA INTERDISCIPLINAR LTDA;510340;Cuiabá;Sim;Sim;JARDIM DAS AMERICAS;QUEBEC;MUNICIPAL;;ATENDIMENTO NOS TURNOS DA MANHA, TARDE E NOITE;22;M;Não;Não;NAO;Não;Não;Não;Não;-15.6082359;-56.0676224;65 84766562;2025-09-03
4633067;FISIOMOVE;FISIOMOVE REABILITACAO ESPORTIVA LTDA;510340;Cuiabá;Sim;Sim;JARDIM ITALIA;ITALIA;MUNICIPAL;;ATENDIMENTOS NOS TURNOS DA MANHA E A TARDE;22;M;Não;Não;NAO;Não;Não;Não;Não;-15.5913344;-56.0526336;65 99725560;2025-09-03
4641396;RAMUS PSICOLOGIA;RAMUS PSICOLOGIA E PSICANALISE LTDA;510340;Cuiabá;Sim;Sim;ALVORADA;DOUTOR HELIO RIBEIRO LOT PRQ ELDORADO;MUNICIPAL;;ATENDIMENTOS NOS TURNOS DA MANHA E A TARDE;22;M;Não;Não;NAO;Não;Não;Não;Sim;-15.571237541175659;-56.078154193743465;65 99325466;2025-11-27
4641418;ABRACO INTERVENCAO COMPORTAMENTAL;STEPHANIE VICTORIA RODRIGUES MENDES RIBEIRO;510340;Cuiabá;Sim;Sim;BOSQUE DA SAUDE;BOSQUE DA SAUDE;MUNICIPAL;;ATENDIMENTOS NOS TURNOS DA MANHA E A TARDE;22;M;Não;Não;NAO;Não;Não;Não;Não;-15.589827116904264;-56.079556118817756;65 96152293;2025-10-11
4641426;QUECADA ODONTOLOGIA;LUCELENE QUECADA ODONTOLOGIA LTDA;510340;Cuiabá;Sim;Sim;JARDIM PAULISTA;RUA BAHIA;MUNICIPAL;;ATENDIMENTOS NOS TURNOS DA MANHA E A TARDE;22;M;Não;Não;NAO;Não;Não;Não;Sim;-15.6200301;-56.0873731;65 96452081;2025-09-03
4642414;KAYRA FONTELENE QUEMEL;KAYRA FONTENELE QUEMEL;510340;Cuiabá;Sim;Sim;JARDIM CUIABA;RUA DAS PAPOULAS;MUNICIPAL;;ATENDIMENTOS NOS TURNOS DA MANHA E A TARDE;22;M;Não;Não;NAO;Não;Não;Não;Não;-15.6172006;-56.0068612;;2025-09-03
4642449;ESTRUTURAR CLINICA INTEGRADA;ESTRUTURAR CLINICA INTEGRADA LTDA;510340;Cuiabá;Sim;Sim;JARDIM DAS AMERICAS;QUEBEC;MUNICIPAL;;ATENDIMENTO NOS TURNOS DA MANHA, TARDE E NOITE;22;M;Não;Não;NAO;Não;Não;Não;Não;-15.6082359;-56.0676224;65 30522033;2025-09-03
4650085;CENTRO HARMONIA MUSICOTERAPIA ESPECIALIZADA;MARCELO MENDONCA SILVEIRA;510340;Cuiabá;Sim;Sim;BAU;SANTO ANTONIO;MUNICIPAL;;ATENDIMENTOS NOS TURNOS DA MANHA E A TARDE;36;M;Não;Não;NAO;Não;Não;Não;Não;-14.8386347;-56.4342915;65 99317486;2025-09-03
4653424;DROGARIA RAIA DS0751;RAIA DROGASIL S A;510340;Cuiabá;Sim;Sim;DOM AQUINO;GENERAL MELO;MUNICIPAL;;ATENDIMENTO NOS TURNOS DA MANHA, TARDE E NOITE;43;M;Não;Não;NAO;Não;Não;Não;Não;-15.6169858;-56.0812019;65999315314;2025-09-03
4653467;DROGARIA RAIA DS1156;RAIA DROGASIL S A;510340;Cuiabá;Sim;Sim;BOSQUE DA SAUDE;HISTORIADOR RUBENS DE MENDONCA;MUNICIPAL;;ATENDIMENTO NOS TURNOS DA MANHA, TARDE E NOITE;43;M;Não;Não;NAO;Não;Não;Não;Não;-15.5772071;-56.07144604651959;11 37695707;2025-09-03
4653645;DROGARIA SAO PAULO 2381 BOSQUE DA SAUDE;DROGARIA SAO PAULO S A;510340;Cuiabá;Sim;Sim;ALVORADA;HISTORIADOR RUBENS DE MENDONCA;MUNICIPAL;;ATENDIMENTO NOS TURNOS DA MANHA, TARDE E NOITE;43;M;Não;Não;NAO;Não;Não;Não;Não;-15.586255212044971;-56.08212492246183;11 32747400;2025-09-03
4660900;NAIZA PIVATTO SAUDE INTEGRADA;NAIZA PIVATTO SAUDE INTEGRADA LTDA;510340;Cuiabá;Sim;Sim;JARDIM DAS AMERICAS;RUA LA PAZ;MUNICIPAL;;ATENDIMENTO SOMENTE PELA MANHA;22;M;Não;Não;NAO;Não;Não;Não;Não;-15.611056;-56.0791433;65 96140874;2025-09-03
4662083;AR ODONTOLOGIA;AR ODONTOLOGIA LTDA;510340;Cuiabá;Sim;Sim;MORADA DA SERRA;BRASIL NUC HAB CPA II;MUNICIPAL;;ATENDIMENTO SOMENTE PELA MANHA;22;M;Não;Não;NAO;Não;Não;Não;Sim;-15.561995564139334;-56.043543606839165;65 96103528;2025-09-03
4667743;UROPELV FISIOTERAPIA;UROPELV CLINICA DE FISIOTERAPIA LTDA;510340;Cuiabá;Sim;Sim;JARDIM CUIABA;RUA DAS FLORES;MUNICIPAL;;ATENDIMENTOS NOS TURNOS DA MANHA E A TARDE;22;M;Não;Não;NAO;Não;Não;Não;Não;-15.5464902;-56.0480832;65 81272694;2025-09-03
4673921;SAMU 192 CUIABA USA VIR VEICULO DE INTERVENCAO RAPIDA;SECRETARIA DE ESTADO DE SAUDE DE MATO GROSSO;510340;Cuiabá;Sim;Sim;VERDAO;AVENIDA AGRICOLA PAES DE BARROS;ESTADUAL;;ATENDIMENTO CONTINUO DE 24 HORAS/DIA (PLANTAO:INCLUI SABADOS, DOMINGOS E FERIADOS);42;E;;Não;NAO;;;;Não;-15.604281198688822;-56.12627639170704;33173239;2025-09-03
4673956;SAMU 192 CUIABA USB GMAU 01 MOTO 1;SECRETARIA ESTADUAL DE SAUDE DE MATO GROSSO;510340;Cuiabá;Sim;Sim;CENTRO SUL;AVENIDA PRAINHA;ESTADUAL;;ATENDIMENTOS NOS TURNOS DA MANHA E A TARDE;42;E;;Não;NAO;;;;Sim;-15.582369433203176;-56.082560420036316;(65) 3317-3200;2026-06-02
4674324;ALIMENTAR SOLUCOES NUTRICIONAIS INTELIGENTE LTDA;ALIMENTAR SOLUCOES NUTRICIONAIS INTELIGENTE LTDA;510340;Cuiabá;Sim;Sim;CENTRO SUL;BARAO DE MELGACO;MUNICIPAL;;ATENDIMENTOS NOS TURNOS DA MANHA E A TARDE;22;M;Não;Não;NAO;Não;Não;Não;Não;-15.6021751;-56.101719391582186;65 81086867;2025-09-03
4674340;CLINICA FOCUS;GIOVANNIA EMILIA DOS SANTOS SOUSA MORAES;510340;Cuiabá;Sim;Sim;JARDIM IMPERIAL;NOVECENTOS;MUNICIPAL;;ATENDIMENTOS NOS TURNOS DA MANHA E A TARDE;22;M;Não;Não;NAO;Não;Não;Não;Sim;-15.60796756244939;-56.02780672566103;65 99278604;2025-10-17
4680758;CLINICA KIDS ABA MULTIDISCIPLINAR;CLINICA KIDS ABA MULTIDISCIPLINAR LTDA;510340;Cuiabá;Sim;Sim;BOA ESPERANCA;TRINTA E SETE;MUNICIPAL;;ATENDIMENTO SOMENTE PELA MANHA;22;M;Não;Não;NAO;Não;Não;Não;Não;-15.613065409810211;-56.06598318950843;65 92353935;2025-09-03
4689054;DROGASIL DS0719;RAIA DROGASIL S A;510340;Cuiabá;Sim;Sim;ALVORADA;HISTORIADOR RUBENS DE MENDONCA;MUNICIPAL;;ATENDIMENTO NOS TURNOS DA MANHA, TARDE E NOITE;43;M;Não;Não;NAO;Não;Não;Não;Sim;-15.586802501507647;-56.082464106921755;(65) 999336439;2025-09-03
4689062;DROGASIL DS 1432;RAIA DROGASIL S A;510340;Cuiabá;Sim;Sim;BOA ESPERANCA;FERNANDO CORREA DA COSTA;MUNICIPAL;;ATENDIMENTO NOS TURNOS DA MANHA, TARDE E NOITE;43;M;Não;Não;NAO;Não;Não;Não;Sim;-15.61594825957871;-56.07097539760864;11 37695707;2025-09-03
4689070;DROGASIL DS 1281;RAIA DROGASIL S A;510340;Cuiabá;Sim;Sim;SANTA ROSA;MIGUEL SUTIL;MUNICIPAL;;ATENDIMENTO NOS TURNOS DA MANHA, TARDE E NOITE;43;M;Não;Não;NAO;Não;Não;Não;Sim;-15.59019485;-56.120545713713284;11 37695707;2025-09-03
4689615;INSTITUTO ESTRUTURAR DESENVOLVIMENTO PSICANALISE E T;INSTITUTO ESTRUTURAR DESENVOLVIMENTO PSICANALISE E TRANSD;510340;Cuiabá;Sim;Sim;JARDIM DAS AMERICAS;QUEBEC;MUNICIPAL;;ATENDIMENTO NOS TURNOS DA MANHA, TARDE E NOITE;22;M;Não;Não;NAO;Não;Não;Não;Não;-15.6082359;-56.0676224;65 92380202;2025-09-03
4692764;AMANDA PEREIRA RODRIGUES ANDRADE;AMANDA PEREIRA RODRIGUES ANDRADE;510340;Cuiabá;Sim;Sim;POCAO;AMARILIO DE ALMEIDA;MUNICIPAL;;ATENDIMENTOS NOS TURNOS DA MANHA E A TARDE;22;M;Não;Não;NAO;Não;Não;Não;Não;-15.60837142590036;-56.083617158137926;66 99919936;2025-09-03
4699459;ESPACO FONOTERAPIA;ESPACO FONOTERAPIA LTDA;510340;Cuiabá;Sim;Sim;JARDIM DAS AMERICAS;HAITI;MUNICIPAL;;ATENDIMENTOS NOS TURNOS DA MANHA E A TARDE;22;M;Não;Não;NAO;Não;Não;Não;Não;-15.605763;-56.0709321;65 99387038;2025-09-03
4705211;STUDIO RAFA MELO PILATES E FISIOTERAPIA;RAFAELA BEZERRA DE MELO SILVA;510340;Cuiabá;Sim;Sim;DUQUE DE CAXIAS;TENENTE ALCIDES DUARTE DE SOUZA;MUNICIPAL;;ATENDIMENTOS NOS TURNOS DA MANHA E A TARDE;22;M;Não;Não;NAO;Não;Não;Não;Não;-15.5907041;-56.1120084;65 99735553;2025-09-03
4705238;INSTITUTO LOMBARDI CLINICA DE SAUDE;INSTITUTO LOMBARDI LTDA;510340;Cuiabá;Sim;Sim;QUILOMBO;AVENIDA SAO SEBASTIAO;MUNICIPAL;;ATENDIMENTOS NOS TURNOS DA MANHA E A TARDE;22;M;Não;Não;NAO;Não;Não;Não;Sim;-15.5993646;-56.1103324;65 99911044;2025-09-03
4705270;RD SAUDE;RD SAUDE LTDA;510340;Cuiabá;Sim;Sim;BANDEIRANTES;RUA BALTAZAR NAVARROS;MUNICIPAL;;ATENDIMENTOS NOS TURNOS DA MANHA E A TARDE;22;M;Não;Não;NAO;Não;Não;Não;Não;-15.599844919975661;-56.09001914250659;65 99831847;2025-09-03
4712072;USF COXIPO DO OURO;SECRETARIA MUNICIPAL DE SAUDE;510340;Cuiabá;Sim;Sim;DISTRITO COXIPO DO O;BENEDITO DEMECIANO;MUNICIPAL;;ATENDIMENTOS NOS TURNOS DA MANHA E A TARDE;2;M;Não;Não;SIM;Não;Não;Não;Sim;-15.458586215316517;-55.981666496029895;;2025-09-03
4714873;WINNY PSICOLOGA;WINNY GODOY SILVA MORAIS;510340;Cuiabá;Sim;Sim;RENASCER;RUA PRINCESA ISABEL;MUNICIPAL;;ATENDIMENTOS NOS TURNOS DA MANHA E A TARDE;22;M;Não;Não;NAO;Não;Não;Não;Não;-15.5759397;-56.0233022;65 96114701;2025-09-03
4717821;CLINICA ESPERANCA;CLINICA ESPERANCA LTDA;510340;Cuiabá;Sim;Sim;JARDIM CUIABA;RUA DAS MARGARIDAS;MUNICIPAL;;ATENDIMENTOS NOS TURNOS DA MANHA E A TARDE;22;M;Não;Não;NAO;Não;Não;Não;Não;-15.6295731;-56.0239049;65 99449436;2025-09-03
4720245;4M SAUDE E BEM ESTAR;M M DE CERQUEIRA CIA LTDA;510340;Cuiabá;Sim;Sim;ARAES;GENERAL OSORIO DUQUE ESTRADA;MUNICIPAL;;ATENDIMENTOS NOS TURNOS DA MANHA E A TARDE;22;M;Não;Não;NAO;Não;Não;Não;Não;-15.590487035576922;-56.08982976243986;65 36231000;2025-09-03
4725379;CAPOROSSI E ANCHIETA SERVICOS MEDICOS LTDA;CAPOROSSI E ANCHIETA SERVICOS MEDICOS LTDA;510340;Cuiabá;Sim;Sim;PICO DO AMOR;RUA PERU;MUNICIPAL;;ATENDIMENTOS NOS TURNOS DA MANHA E A TARDE;22;M;Não;Não;NAO;Não;Não;Não;Não;-15.6130167;-56.0789448;65 36231000;2025-09-03
4725387;CAROLINA SOSSAI FISIOTERAPIA DE COLUNA;SOSSAI FISIOTERAPIA LTDA;510340;Cuiabá;Sim;Sim;BOSQUE DA SAUDE;AVENIDA BOSQUE DA SAUDE;MUNICIPAL;;ATENDIMENTOS NOS TURNOS DA MANHA E A TARDE;22;M;Não;Não;NAO;Não;Não;Não;Sim;-15.5917445;-56.0817256;65 81167404;2025-09-03
4725395;PINHEIRO ZOBIOLE SERVICOS MEDICOS LTDA;PINHEIRO ZOBIOLE SERVICOS MEDICOS LTDA;510340;Cuiabá;Sim;Sim;NOVA CONQUISTA;MARIA AUXILIADORA GRISSOLIA MENDES;MUNICIPAL;;ATENDIMENTOS NOS TURNOS DA MANHA E A TARDE;22;M;Não;Não;NAO;Não;Não;Não;Não;-15.5449127;-56.0376409;11 23380455;2025-09-03
4725409;GABRIELA ANTONIOLLI DE SOUZA TRENTIN;GABRIELA ANTONIOLLI DE SOUZA TRENTIN;510340;Cuiabá;Sim;Sim;JARDIM CUIABA;AV DAS FLORES;MUNICIPAL;;ATENDIMENTOS NOS TURNOS DA MANHA E A TARDE;22;M;Não;Não;NAO;Não;Não;Não;Não;-15.6361639;-56.011128;65 33225186;2025-09-03
4727045;CLINICA TIA ITA;ITALUSE CRISTINE DE LARA PINTO CUNHA;510340;Cuiabá;Sim;Sim;CHACARA DOS PINHEIRO;RUA NOSSA SENHORA APARECIDA;MUNICIPAL;;ATENDIMENTO SOMENTE PELA MANHA;22;M;Não;Não;NAO;Não;Não;Não;Não;-15.5512215;-56.0748028;65 81540421;2025-09-03
4727940;CLINICA SAO CAMILO;CLINICA SAO CAMILO PSICOLOGIA LTDA;510340;Cuiabá;Sim;Sim;CENTRO SUL;RUA SAO JOAQUIM;MUNICIPAL;;ATENDIMENTO SOMENTE PELA MANHA;22;M;Não;Não;NAO;Não;Não;Não;Sim;-15.6033683;-56.1084477;65 99183867;2025-09-03
4733282;MAGALHAES SERVICOS MEDICOS;MAGALHAES SERVICOS MEDICOS LTDA;510340;Cuiabá;Sim;Sim;DUQUE DE CAXIAS;MIGUEL SUTIL;MUNICIPAL;;ATENDIMENTOS NOS TURNOS DA MANHA E A TARDE;22;M;Não;Não;NAO;Não;Não;Não;Não;-15.587425585174945;-56.11554181012357;65 36231000;2025-09-03
4733290;INSTITUTO AQUARELA INTEGRACAO E REABILITACAO;INSTITUTO AQUARELA INTEGRACAO E REABILITACAO LTDA;510340;Cuiabá;Sim;Sim;JARDIM DAS AMERICAS;CARACAS;MUNICIPAL;;ATENDIMENTO SOMENTE PELA MANHA;22;M;Não;Não;NAO;Não;Não;Não;Não;-15.60814319515416;-56.071622003617534;65 99811544;2025-09-03
4735366;REAB CLINICA DE REABILITACAO NEUROPSICOLOGICA;REAB CLINICA DE REABILITACAO NEUROPSICOLOGICA LTDA;510340;Cuiabá;Sim;Sim;LIXEIRA;BENEDITO DE MELO;MUNICIPAL;;ATENDIMENTOS NOS TURNOS DA MANHA E A TARDE;22;M;Não;Não;NAO;Não;Não;Não;Não;-15.594192107197195;-56.08673048655082;65 92090017;2025-11-27
4735374;M M CENTRO ODONTOLOGICO LTDA;M M CENTRO ODONTOLOGICO LTDA;510340;Cuiabá;Sim;Sim;JARDIM DAS AMERICAS;HAVANA;MUNICIPAL;;ATENDIMENTOS NOS TURNOS DA MANHA E A TARDE;22;M;Não;Não;NAO;Não;Não;Não;Não;-15.6054048;-56.0758192;65 36231000;2025-09-03
4736222;ARTE DE INCLUIR CLINICA MULTIDISCIPLINAR;ARTE DE INCLUIR CLINICA MULTIDISCIPLINAR LTDA;510340;Cuiabá;Sim;Sim;BOA ESPERANCA;NOVE;MUNICIPAL;;ATENDIMENTOS NOS TURNOS DA MANHA E A TARDE;22;M;Não;Não;NAO;Não;Não;Não;Não;-15.607359944230922;-56.03417204913711;65 92697050;2025-11-27
4738217;ESPACO MAIS INTERACAO;LAILA UEMURA;510340;Cuiabá;Sim;Sim;GOIABEIRA;BRANCA;MUNICIPAL;;ATENDIMENTOS NOS TURNOS DA MANHA E A TARDE;22;M;Não;Não;NAO;Não;Não;Não;Não;-15.69022855;-56.0276743019503;65 84799868;2025-09-03
4739280;WATZEL SERVICOS MEDICOS;WATZEL SERVICOS MEDICOS LTDA;510340;Cuiabá;Sim;Sim;RIBEIRAO DO LIPA;DOS FLORAIS;MUNICIPAL;;ATENDIMENTOS NOS TURNOS DA MANHA E A TARDE;22;M;Não;Não;NAO;Não;Não;Não;Não;-15.518498300000001;-56.131008569703695;65 36231000;2025-09-03
4747240;ENDOCON;ENDOCON ENDOSCOPIA E CIRURGIA ONCOLOGICA LTDA;510340;Cuiabá;Sim;Sim;QUILOMBO;SENADOR FILINTO MULLER;MUNICIPAL;;ATENDIMENTOS NOS TURNOS DA MANHA E A TARDE;22;M;Não;Não;NAO;Não;Não;Não;Não;-15.58600163307423;-56.103964449448156;65 30544847;2025-10-17
4752201;RAIA DROGASIL S A;RAIA DROGASIL S A;510340;Cuiabá;Sim;Sim;CONDOMINIO FLORAIS C;DOS FLORAIS;MUNICIPAL;;ATENDIMENTO NOS TURNOS DA MANHA, TARDE E NOITE;43;M;Não;Não;NAO;Não;Não;Não;Sim;-15.537935950000001;-56.08984652616267;11 37695678;2026-03-28
4752228;HARMONIA FISIOTERAPIA;CENTRO DE FISIOTERAPIA HARMONIA LTDA;510340;Cuiabá;Sim;Sim;JARDIM DAS AMERICAS;RUA BUENOS AIRES;MUNICIPAL;;ATENDIMENTOS NOS TURNOS DA MANHA E A TARDE;22;M;Não;Não;NAO;Não;Não;Não;Não;-15.606676;-56.0769667;65 36231000;2025-09-03
4752236;CLINICA FRUTIFICAR;CLINICA FRUTIFICAR LTDA;510340;Cuiabá;Sim;Sim;SANTA ROSA;DONA MARIA ARRUDA MULLER;MUNICIPAL;;ATENDIMENTO SOMENTE PELA MANHA;22;M;Não;Não;NAO;Não;Não;Não;Não;-15.5862655;-56.1162114;65 96515126;2025-09-03
4760956;DROGASIL DS 2206;RAIA DROGASIL S A;510340;Cuiabá;Sim;Sim;MORADA DO OURO;THOME DE ARRUDA FORTES;MUNICIPAL;;ATENDIMENTO NOS TURNOS DA MANHA, TARDE E NOITE;43;M;Não;Não;NAO;Não;Não;Não;Sim;-15.563874149443908;-56.05923050405855;11 37695731;2025-11-27
4760980;CLINICA RENA LTDA;CLINICA RENA LTDA;510340;Cuiabá;Sim;Sim;PARQUE CUIABA;RUA CINCO;MUNICIPAL;;ATENDIMENTOS NOS TURNOS DA MANHA E A TARDE;22;M;Não;Não;NAO;Não;Não;Não;Não;-15.5685097;-56.0546661;65 36660023;2025-09-03
4763785;DROGASIL DS 1798;RAIA DROGASIL S A;510340;Cuiabá;Sim;Sim;JARDIM IMPERIAL;TREZENTOS;MUNICIPAL;;ATENDIMENTO NOS TURNOS DA MANHA, TARDE E NOITE;43;M;Não;Não;NAO;Não;Não;Não;Sim;-15.6294069;-56.0083236;6530251787;2025-09-03
4764811;J C IMAGENS LTDA;J C IMAGENS LTDA;510340;Cuiabá;Sim;Sim;JARDIM CUIABA;DAS DALIAS;MUNICIPAL;;ATENDIMENTOS NOS TURNOS DA MANHA E A TARDE;39;M;Não;Não;SIM;Não;Não;Não;Sim;-15.6281845;-56.0234381;65 36262200;2025-09-03
4764854;PERSONALLE ODONTOLOGIA;PERSONALLE ODONTOLOGIA LTDA;510340;Cuiabá;Sim;Sim;QUILOMBO;SAO SEBASTIAO;MUNICIPAL;;ATENDIMENTOS NOS TURNOS DA MANHA E A TARDE;22;M;Não;Não;NAO;Não;Não;Não;Não;-15.585265966578497;-56.09903534659222;65 36231000;2025-11-27
4764870;ELISANGELA ALVES DE LIMA;ELISANGELA ALVES DE LIMA;510340;Cuiabá;Sim;Sim;ALVORADA;MIGUEL SUTIL;MUNICIPAL;;ATENDIMENTOS NOS TURNOS DA MANHA E A TARDE;22;M;Não;Não;NAO;Não;Não;Não;Não;-15.5859949;-56.08599606334563;65 92816516;2025-09-03
4771893;GARCIA MATSUBARA SERVICOS MEDICOS LTDA;GARCIA MATSUBARA LTDA;510340;Cuiabá;Sim;Sim;BANDEIRANTES;BALTAZAR NAVARROS;MUNICIPAL;;ATENDIMENTOS NOS TURNOS DA MANHA E A TARDE;22;M;Não;Não;NAO;Não;Não;Não;Não;-15.6002244;-56.0901682;65 92361950;2025-09-03
5227283;MUNIR BUCAIR;MUNIR BUCAIR;510340;Cuiabá;Sim;Sim;JARDIM CUIABA;AVENIDA DAS FLORES;MUNICIPAL;;ATENDIMENTO SOMENTE A TARDE;22;M;Não;Não;NAO;Não;Não;Não;Não;-15.595060131524873;-56.11815976239468;;2025-09-03
4776453;DROGASIL DS0744;RAIA DROGASIL S A;510340;Cuiabá;Sim;Sim;BOSQUE DA SAUDE;ACLIMACAO;MUNICIPAL;;ATENDIMENTO NOS TURNOS DA MANHA, TARDE E NOITE;43;M;;Não;NAO;;;;Sim;-15.586602908747317;-56.07823525892196;11 37695731;2025-09-03
4777751;DROGASIL DS0884;RAIA DROGASIL S A;510340;Cuiabá;Sim;Sim;JARDIM DAS AMERICAS;BRASILIA;MUNICIPAL;;ATENDIMENTO NOS TURNOS DA MANHA, TARDE E NOITE;43;M;;Não;NAO;;;;Sim;-15.6099713548506;-56.07179841781752;11 37695707;2025-09-03
4777778;CLINICA MULTIPROFISSIONAL NEURO SAUDE;CLINICA MULTIPROFISSIONAL NEURO SAUDE LTDA;510340;Cuiabá;Sim;Sim;CENTRO SUL;SENADOR METELLO;MUNICIPAL;;ATENDIMENTOS NOS TURNOS DA MANHA E A TARDE;22;M;Não;Não;NAO;Não;Não;Não;Não;-15.601023863225818;-56.11449424117734;65 99126787;2025-10-11
4780612;JESSICA BRIOSCHI;JESSICA BRIOSCHI SAO MIGUEL;510340;Cuiabá;Sim;Sim;JARDIM CUIABA;GENERAL RAMIRO DE NORONHA;MUNICIPAL;;ATENDIMENTOS NOS TURNOS DA MANHA E A TARDE;22;M;Não;Não;NAO;Não;Não;Não;Não;-15.5972019;-56.1098694;65 96079410;2025-09-03
4785312;INSTITUTO DA MENTE;INSTITUTO DA MENTE LTDA;510340;Cuiabá;Sim;Sim;JARDIM DAS AMERICAS;RUA BOGOTA;MUNICIPAL;;ATENDIMENTO SOMENTE PELA MANHA;22;M;Não;Não;NAO;Não;Não;Não;Sim;-15.6051514;-56.0749532;65 99986318;2025-09-03
4785339;LABOCENTER EXAMES LABORATORIAIS;LABOCENTER EXAMES LABORATORIAIS LTDA;510340;Cuiabá;Sim;Sim;ARAES;TENENTE EULALIO GUERRA;MUNICIPAL;;ATENDIMENTO CONTINUO DE 24 HORAS/DIA (PLANTAO:INCLUI SABADOS, DOMINGOS E FERIADOS);39;M;Não;Não;NAO;Não;Não;Não;Não;-15.5822785;-56.1012867;65 36238800;2025-09-03
4791207;TIA LAILA ESPACO MULTIDISCIPLINAR;LAILA MACEDO DE FREITAS LTDA;510340;Cuiabá;Sim;Sim;BOSQUE DA SAUDE;PROFESSOR RAFAEL RUEDA;MUNICIPAL;;ATENDIMENTOS NOS TURNOS DA MANHA E A TARDE;22;M;Não;Não;NAO;Não;Não;Não;Não;-15.5869999;-56.0799674;65 81496136;2025-09-03
4793455;ELEVANDO A SAUDE;ELEVANDO A SAUDE PILATES E FISIOTERAPIA LTDA;510340;Cuiabá;Sim;Sim;MORADA DO OURO;DEZ ST MORADA DO OURO II;MUNICIPAL;;ATENDIMENTOS NOS TURNOS DA MANHA E A TARDE;22;M;Não;Não;NAO;Não;Não;Não;Não;-15.570127750675029;-56.05764310093425;65 92987642;2025-10-17
4794869;ESPACO DIVERTIDAMENTE;NATALINA SAMPAIO FONOAUDIOLOGA E PSICOMOTRICIDADE LTDA;510340;Cuiabá;Sim;Sim;CENTRO SUL;BARAO DE MELGACO;MUNICIPAL;;ATENDIMENTOS NOS TURNOS DA MANHA E A TARDE;22;M;Não;Não;NAO;Não;Não;Não;Não;-15.6044011016092;-56.054797564190956;65 96002177;2025-10-17
4800923;CERRADO CLINIC;CERRADO CLINIC SERVICOS DE SAUDE LTDA;510340;Cuiabá;Sim;Sim;CENTRO SUL;BARAO DE MELGACO;MUNICIPAL;;ATENDIMENTOS NOS TURNOS DA MANHA E A TARDE;22;M;Não;Não;NAO;Não;Não;Não;Sim;-15.602354828531318;-56.101656179372156;65 30269292;2025-09-03
4801067;PSICOLOGA MICHELLY NISHIYAMA;M N SERVICOS DE PSICOLOGIA LTDA;510340;Cuiabá;Sim;Sim;CENTRO SUL;COMANDANTE COSTA;MUNICIPAL;;ATENDIMENTOS NOS TURNOS DA MANHA E A TARDE;22;M;Não;Não;NAO;Não;Não;Não;Não;-15.6048541;-56.1069839;65 22223333;2025-09-03
4801911;DROGASIL DS 1224;RAIA DROGASIL S A;510340;Cuiabá;Sim;Sim;BANDEIRANTES;DIOGO DOMINGOS FERREIRA;MUNICIPAL;;ATENDIMENTO NOS TURNOS DA MANHA, TARDE E NOITE;43;M;Não;Não;NAO;Não;Não;Não;Sim;-15.5979526;-56.0898502;65 999356062;2025-09-03
4805135;NTO CUIABA;DIAGNOSTICOS DA AMERICA S A;510340;Cuiabá;Sim;Sim;CENTRO SUL;BARAO DE MELGACO;MUNICIPAL;;ATENDIMENTO CONTINUO DE 24 HORAS/DIA (PLANTAO:INCLUI SABADOS, DOMINGOS E FERIADOS);39;M;Não;Não;NAO;Não;Não;Não;Não;-15.606241038636657;-56.10623491430424;11 26303000;2025-09-03
4807952;A M M MEDICAL;A M M CLINICA MEDICA LTDA;510340;Cuiabá;Sim;Sim;BOSQUE DA SAUDE;ACLIMACAO;MUNICIPAL;;ATENDIMENTOS NOS TURNOS DA MANHA E A TARDE;22;M;Não;Não;NAO;Não;Não;Não;Não;-15.5870184;-56.07748286592682;65 30287328;2025-09-03
4811704;HORN PSICOLOGIA;HORN SERVICOS DE PSICOLOGIA LTDA;510340;Cuiabá;Sim;Sim;BOSQUE DA SAUDE;TOPAZIO;MUNICIPAL;;ATENDIMENTOS NOS TURNOS DA MANHA E A TARDE;22;M;Não;Não;NAO;Não;Não;Não;Não;-15.6186707;-56.027645041025124;65 99201565;2025-09-03
4817257;UNIDADE CAPAO;SECRETARIA DE ESTADO DE JUSTICA E DIREITOS HUMANOS;510340;Cuiabá;Sim;Sim;JARDIM INDUSTRIARIO;ALAMEDA B;ESTADUAL;;ATENDIMENTOS NOS TURNOS DA MANHA E A TARDE;2;E;Não;Não;NAO;Não;Não;Não;Sim;-15.650932552746172;-55.984182357788086;;2025-09-03
4817729;MISLAINE SANTOS STUDIO;MISLAINE SANTOS STUDIO ESTETICA PILATES FISIOTERAPIA OZONIOT;510340;Cuiabá;Sim;Sim;PAIAGUAS;KAYTTO GUILHERME DO NASCIMENTO PINTO;MUNICIPAL;;ATENDIMENTOS NOS TURNOS DA MANHA E A TARDE;22;M;Não;Não;NAO;Não;Não;Não;Sim;-15.569989;-56.073252;65 98029495;2025-09-03
4828054;DROGARIA SAO PAULO 2416 FERNANDO CORREA II;DROGARIA SAO PAULO S A;510340;Cuiabá;Sim;Sim;JARDIM PETROPOLIS;FERNANDO CORREA DA COSTA;MUNICIPAL;;ATENDIMENTO NOS TURNOS DA MANHA, TARDE E NOITE;43;M;Não;Não;NAO;Não;Não;Não;Sim;-15.616034302239779;-56.07179950031096;11 32747400;2025-09-03
4828445;G LIMA VERDE SERVICOS MEDICOS;G LIMA VERDE SERVICOS MEDICOS LTDA;510340;Cuiabá;Sim;Sim;DUQUE DE CAXIAS;AVENIDA MIGUEL SUTIL;MUNICIPAL;;ATENDIMENTOS NOS TURNOS DA MANHA E A TARDE;22;M;Não;Não;NAO;Não;Não;Não;Não;-15.5910417;-56.0810155;65 36231000;2025-09-03
4828461;INSTITUTO SINAI;INSTITUTO SINAI LTDA;510340;Cuiabá;Sim;Sim;JARDIM PETROPOLIS;NEIDE LUIZA BASTOS VIEIRA;MUNICIPAL;;ATENDIMENTOS NOS TURNOS DA MANHA E A TARDE;22;M;Não;Não;NAO;Não;Não;Não;Não;-15.617286541164408;-56.07317850651941;65 96710489;2025-11-27
5279062;JOSE CABRAL LOPES;JOSE CABRAL LOPES;510340;Cuiabá;Sim;Sim;CENTRO;RUA ANTONIO MARIA;MUNICIPAL;;ATENDIMENTO SOMENTE A TARDE;22;M;Não;Não;NAO;Não;Não;Não;Não;;;65 3624-3355;2025-09-03
5279070;JORGE LUIZ NOVAK;JORGE LUIZ NOVAK;510340;Cuiabá;Sim;Sim;BOSQUE DA SAUDE;AVENIDA ACLIMACAO;MUNICIPAL;;ATENDIMENTO SOMENTE A TARDE;22;M;Não;Não;NAO;Não;Não;Não;Não;-15.5867372811307;-56.07782377990556;65 3051-2318;2025-09-03
5279089;JOAO FERNANDO RODRIGUES;JOAO FERNANDO RODRIGUES;510340;Cuiabá;Sim;Sim;CENTRO;RUA JOAQUIM MURTINHO;MUNICIPAL;;ATENDIMENTO SOMENTE A TARDE;22;M;Não;Não;NAO;Não;Não;Não;Não;;;65 3623-3226;2025-09-03
4833287;INSTITUTO QUALIVIDA BRASIL;INSTITUTO QUALIVIDA BRASIL;510340;Cuiabá;Sim;Sim;JARDIM CUIABA;RUA DOS CRISANTEMOS;MUNICIPAL;;ATENDIMENTOS NOS TURNOS DA MANHA E A TARDE;22;M;Não;Não;NAO;Não;Não;Não;Sim;-15.6297023;-56.0243396;65 99683370;2025-09-03
4835565;NEUROCOG SAUDE E BEM ESTAR;NEUROCOG CLINICA DE SAUDE E BEM ESTAR LTDA;510340;Cuiabá;Sim;Sim;JARDIM ITALIA;ROMA;MUNICIPAL;;ATENDIMENTO SOMENTE PELA MANHA;22;M;Não;Não;NAO;Não;Não;Não;Sim;-15.57919611996748;-56.08772592719781;65 99990545;2025-11-13
4842197;LIFE ESPACO DE DESENVOLVIMENTO INFANTIL;MARILENE LEMES DA S CAMPELO;510340;Cuiabá;Sim;Sim;BANDEIRANTES;GENERAL VALE;MUNICIPAL;;ATENDIMENTO SOMENTE PELA MANHA;22;M;Não;Não;NAO;Não;Não;Não;Não;-15.60265815;-56.092005456044205;65 92913431;2025-09-03
4842200;CLINICA AVANCAR;CLINICA AVANCAR REABILITACAO NEUROFUNCIONAL LTDA;510340;Cuiabá;Sim;Sim;ARAES;DESEMBARGADOR TRIGO DE LOUREIRO;MUNICIPAL;;ATENDIMENTOS NOS TURNOS DA MANHA E A TARDE;22;M;Não;Não;NAO;Não;Não;Não;Não;-15.587100121378702;-56.08599425734365;65 99989533;2026-04-14
4842375;FIALKOSKI MOLINA E MOLINA;FIALKOSKI MOLINA E MOLINA LTDA;510340;Cuiabá;Sim;Sim;BOSQUE DA SAUDE;PROFESSOR RAFAEL RUEDA;MUNICIPAL;;ATENDIMENTOS NOS TURNOS DA MANHA E A TARDE;22;M;Não;Não;NAO;Não;Não;Não;Não;-15.5878776;-56.0808223;65 30287328;2025-09-03
4852451;INSTITUTO ENTRE VIVENCIAS;C G P R CLINICA DE PSICOLOGIA INTEGRATIVA LTDA;510340;Cuiabá;Sim;Sim;LIXEIRA;AMERICO SALGADO;MUNICIPAL;;ATENDIMENTO SOMENTE PELA MANHA;22;M;Não;Não;NAO;Não;Não;Não;Não;-15.5895712;-56.0916772;65 92247242;2025-09-03
4852702;TAMIOZZO PSICOLOGIA;TAMIOZZO PSICOLOGIA LTDA;510340;Cuiabá;Sim;Sim;BOSQUE DA SAUDE;BOSQUE DA SAUDE;MUNICIPAL;;ATENDIMENTOS NOS TURNOS DA MANHA E A TARDE;22;M;Não;Não;NAO;Não;Não;Não;Não;-15.589850997388375;-56.0794381837732;65 36372000;2025-09-03
4858999;REHAB;LEAL E SILVA LTDA;510340;Cuiabá;Sim;Sim;CIDADE ALTA;TRACAIA LOT JD PRIMAVERA;MUNICIPAL;;ATENDIMENTOS NOS TURNOS DA MANHA E A TARDE;22;M;Não;Não;NAO;Não;Não;Não;Não;-15.600671850944712;-56.12207874082609;65 96226165;2025-12-17
4865030;MM SERVICO DE FISIOTERAPIA PELVICA;MM SERVICO DE FISIOTERAPIA PELVICA LTDA;510340;Cuiabá;Sim;Sim;JARDIM ITALIA;ERICO GONCALVES PREZA FILHO;MUNICIPAL;;ATENDIMENTOS NOS TURNOS DA MANHA E A TARDE;22;M;Não;Não;NAO;Não;Não;Não;Não;-15.6005448;-56.05756;65 33583154;2025-09-03
4865952;PACO NUCLEO DE TREINAMENTO INTEGRAL;PACO NUCLEO DE TREINAMENTO INTEGRAL LTDA;510340;Cuiabá;Sim;Sim;JARDIM CUIABA;DAS ORQUIDEAS;MUNICIPAL;;ATENDIMENTO SOMENTE PELA MANHA;36;M;Não;Não;NAO;Não;Não;Não;Não;-15.6172028;-56.0048582;65 98163843;2025-09-03
4871537;NUTRICIONISTA FERNANDA PIMENTA;FERNANDA LUDUGERIO PIMENTA ANTONIO LTDA;510340;Cuiabá;Sim;Sim;RIBEIRAO DA PONTE;MIGUEL SUTIL;MUNICIPAL;;ATENDIMENTOS NOS TURNOS DA MANHA E A TARDE;22;M;Não;Não;NAO;Não;Não;Não;Não;-15.582781222941236;-56.11138652875168;41 97880145;2025-11-13
4870212;DIAGNOSTICOS DA AMERICA;DIAGNOSTICOS DA AMERICA S A;510340;Cuiabá;Sim;Sim;JARDIM CUIABA;AVENIDA DAS FLORES;MUNICIPAL;;ATENDIMENTO SOMENTE PELA MANHA;39;M;Não;Não;NAO;Não;Não;Não;Sim;-15.595073262959527;-56.11434520267805;11 26303000;2025-09-03
4879287;COGN ACAO CLINICA MULTIDISCIPLINAR;COGN ACAO CLINICA MULTIDISCIPLINAR LTDA;510340;Cuiabá;Sim;Sim;GOIABEIRA;AVENIDA IPIRANGA;MUNICIPAL;;ATENDIMENTO SOMENTE PELA MANHA;22;M;Não;Não;NAO;Não;Não;Não;Não;-15.6002779;-56.1091046;65 92682949;2025-09-03
4882695;MED FARMA;MED FARMA LTDA;510340;Cuiabá;Sim;Sim;PEDRA 90;NEWTON RABELLO DE CASTRO;MUNICIPAL;;ATENDIMENTO NOS TURNOS DA MANHA, TARDE E NOITE;43;M;;Não;NAO;;;;Sim;-15.6305471;-55.9624635;65 93437249;2025-09-03
4891805;CLINICA DE OFTALMOLOGIA DRA JANAINA LAGO;J S LAGO CLINICA DE OLHOS LTDA;510340;Cuiabá;Sim;Sim;JARDIM CUIABA;DAS FLORES;MUNICIPAL;;ATENDIMENTOS NOS TURNOS DA MANHA E A TARDE;22;M;Não;Não;NAO;Não;Não;Não;Não;-15.594745141480022;-56.1165354126369;65 30287328;2025-09-03
4891813;MAME MAIS FONOAUDIOLOGIA ESPECIALIZADA;ADRIANA B V FUTIGAMI FONOAUDIOLOGIA LTDA;510340;Cuiabá;Sim;Sim;CIDADE ALTA;DOUTOR HENRIQUE GOMES DA SILVA LOT JD PRIMAVERA;MUNICIPAL;;ATENDIMENTOS NOS TURNOS DA MANHA E A TARDE;22;M;Não;Não;NAO;Não;Não;Não;Não;-15.596847682457112;-56.12181668397774;65 99583796;2025-09-03
4900448;TOSENSORY;E C A MAGALHAES SERVICOS DE TERAPIA OCUPACIONAL LTDA;510340;Cuiabá;Sim;Sim;DOM AQUINO;DOM BOSCO;MUNICIPAL;;ATENDIMENTOS NOS TURNOS DA MANHA E A TARDE;22;M;Não;Não;NAO;Não;Não;Não;Não;-15.58566415;-56.06658216259981;65 93601414;2025-09-03
4908805;INNOVAR SERVICOS EM SAUDE;INNOVAR SERVICOS EM SAUDE LTDA;510340;Cuiabá;Sim;Sim;JARDIM ITALIA;ROMA;MUNICIPAL;;ATENDIMENTOS NOS TURNOS DA MANHA E A TARDE;22;M;Não;Não;NAO;Não;Não;Não;Sim;-15.604858941711957;-56.06124997222977;65 92194561;2025-09-03
4909143;ESPACO APRENDER E CRESCER;A C CORREIA PSICOLOGIA;510340;Cuiabá;Sim;Sim;JARDIM CUIABA;DAS FLORES;MUNICIPAL;;ATENDIMENTOS NOS TURNOS DA MANHA E A TARDE;22;M;Não;Não;NAO;Não;Não;Não;Não;-15.595588523386487;-56.11926486772714;65 96127925;2025-09-03
4909356;GABRIELA BRAGA SERVICOS FONOAUDIOLOGICOS;GABRIELA BRAGA MIRANDA;510340;Cuiabá;Sim;Sim;JARDIM DAS AMERICAS;HAITI;MUNICIPAL;;ATENDIMENTOS NOS TURNOS DA MANHA E A TARDE;22;M;Não;Não;NAO;Não;Não;Não;Não;-15.605911378336822;-56.07088800941918;66 96548221;2025-09-03
4913965;MUOVERE BENESSERE CLINICA E PROD ORTOP E HOSPITALARES;MUOVERE BENESSERE CLINICA E PROD ORTOP E HOSPITALARES LT;510340;Cuiabá;Sim;Sim;CIDADE ALTA;OIR CASTILHO;MUNICIPAL;;ATENDIMENTOS NOS TURNOS DA MANHA E A TARDE;22;M;Não;Não;NAO;Não;Não;Não;Não;-15.601281782610931;-56.11975622890406;65 96050995;2025-09-03
4921925;ORTHODONTIC;ROSA E CRUZ ODONTOLOGIA LTDA;510340;Cuiabá;Sim;Sim;PICO DO AMOR;FERNANDO CORREA DA COSTA;MUNICIPAL;;ATENDIMENTOS NOS TURNOS DA MANHA E A TARDE;22;M;Não;Não;NAO;Não;Não;Não;Não;-15.609027892216009;-56.079277251192195;65 81393914;2025-11-13
4921941;INSTITUTO VITALLE TERAPIAS INTEGRADAS;INSTITUTO VITALLE TERAPIAS INTEGRADAS LTDA;510340;Cuiabá;Sim;Sim;DUQUE DE CAXIAS;GENERAL AMILCAR MAGALHAES;MUNICIPAL;;ATENDIMENTOS NOS TURNOS DA MANHA E A TARDE;22;M;Não;Não;NAO;Não;Não;Não;Não;-15.589969603396389;-56.11691654609206;65 36825353;2025-09-03
4921976;IONG;IONG INSTITUTO DE OUVIDOS NARIZ E GARGANTA LTDA;510340;Cuiabá;Sim;Sim;PORTO;TREZE DE JUNHO;MUNICIPAL;;ATENDIMENTOS NOS TURNOS DA MANHA E A TARDE;36;M;Não;Não;NAO;Não;Não;Não;Não;-15.612377328621555;-56.107391358312746;65 99811420;2026-06-02
4921984;VIVERE NEURO INFANTIL;VIVERE NEURO INFANTIL LTDA;510340;Cuiabá;Sim;Sim;JARDIM PETROPOLIS;SA PORTO;MUNICIPAL;;ATENDIMENTOS NOS TURNOS DA MANHA E A TARDE;36;M;Não;Não;NAO;Não;Não;Não;Não;-15.616086272281308;-56.074377703042366;65 36825353;2026-03-03
4921992;DNA NUTRI;K J F MATSUNAGA LTDA;510340;Cuiabá;Sim;Sim;JARDIM ITALIA;NAPOLI;MUNICIPAL;;ATENDIMENTOS NOS TURNOS DA MANHA E A TARDE;22;M;Não;Não;NAO;Não;Não;Não;Não;-15.597025601494174;-56.06126005158054;65 96201653;2025-09-03
4922018;OTOS CLINICA ARCLINIC MEDICINA AEROESPACIAL;OTOCLINICA CLINICA MEDICA DE OTORRINOLARINGOLOGIA LTDA;510340;Cuiabá;Sim;Sim;POCAO;MIRANDA REIS;MUNICIPAL;;ATENDIMENTOS NOS TURNOS DA MANHA E A TARDE;22;M;Não;Não;NAO;Não;Não;Não;Não;-15.615171409646287;-56.05840374440297;65 35492601;2025-09-03
4922034;MYLENA PINHEIRO INTERVENCAO COMPORTAMENTAL;MYLENA GONCALVES PINHEIRO;510340;Cuiabá;Sim;Sim;BOSQUE DA SAUDE;BOSQUE DA SAUDE;MUNICIPAL;;ATENDIMENTOS NOS TURNOS DA MANHA E A TARDE;22;M;Não;Não;NAO;Não;Não;Não;Não;-15.588319567138438;-56.07877227751507;65 99041909;2025-09-03
4922042;ACOLHER PRIME;ELIZABETH BARBOSA PEREIRA PSICOPEDAGOGIA LTDA;510340;Cuiabá;Sim;Sim;LIXEIRA;SAO BENEDITO;MUNICIPAL;;ATENDIMENTOS NOS TURNOS DA MANHA E A TARDE;22;M;Não;Não;NAO;Não;Não;Não;Não;-15.596914218695801;-56.08823342605348;65 81131061;2025-09-03
4925971;DR PERFORMANCE;DR PERFORMANCE SAUDE FUNCIONAL LTDA;510340;Cuiabá;Sim;Sim;JARDIM CUIABA;DAS DALIAS;MUNICIPAL;;ATENDIMENTOS NOS TURNOS DA MANHA E A TARDE;22;M;Não;Não;NAO;Não;Não;Não;Não;-15.59637837272421;-56.11939284058962;65 30269292;2025-09-03
4929934;IONG INSTITUTO DE OUVIDOS NARIZ E GARGANTA LTDA;IONG INSTITUTO DE OUVIDOS NARIZ E GARGANTA LTDA;510340;Cuiabá;Sim;Sim;PORTO;TREZE DE JUNHO;MUNICIPAL;;ATENDIMENTOS NOS TURNOS DA MANHA E A TARDE;36;M;Não;Não;NAO;Não;Não;Não;Não;-15.60396175;-56.10135871310409;65 99811420;2025-09-03
4935853;SFX MEDICA;SFX SERVICOS MEDICOS LTDA;510340;Cuiabá;Sim;Sim;DUQUE DE CAXIAS;MIGUEL SUTIL;MUNICIPAL;;ATENDIMENTOS NOS TURNOS DA MANHA E A TARDE;36;M;Não;Não;NAO;Não;Não;Não;Não;-15.587685139632145;-56.11580012729593;65 99525198;2025-09-03
4935861;HB COOPERATIVA;HB COOPERATIVA MEDICA;510340;Cuiabá;Sim;Sim;DOM AQUINO;JOAQUIM LEITE DE FIGUEIREDO;MUNICIPAL;;;60;M;;Não;NAO;;;;Não;-15.60347065;-56.09752215;65 36441772;2025-09-03
4935888;EQUIPE EVOLUIR DESENVOLVIMENTO HUMANO;EQUIPE EVOLUIR ESPECIALIZADA EM AUTISMO E DESENVOLVIMENTO HU;510340;Cuiabá;Sim;Sim;BOA ESPERANCA;CINQUENTA E QUATRO;MUNICIPAL;;ATENDIMENTOS NOS TURNOS DA MANHA E A TARDE;22;M;Não;Não;NAO;Não;Não;Não;Não;-15.5729439;-56.04468;65 99553417;2025-09-03
4940237;ADRIANA LIMA FONOAUDIOLOGIA LTDA;ADRIANA LIMA FONOAUDIOLOGIA LTDA;510340;Cuiabá;Sim;Sim;CIDADE ALTA;DOUTOR HENRIQUE GOMES DA SILVA LOT JD PRIMAVERA;MUNICIPAL;;ATENDIMENTOS NOS TURNOS DA MANHA E A TARDE;22;M;Não;Não;NAO;Não;Não;Não;Não;-15.596847682385409;-56.1219668868794;65 81125434;2025-09-03
4940245;JSP NUTRI;JULIANA DOS SANTOS PINHEIRO LTDA;510340;Cuiabá;Sim;Sim;JARDIM ITALIA;NAPOLI;MUNICIPAL;;ATENDIMENTO SOMENTE A TARDE;22;M;Não;Não;NAO;Não;Não;Não;Não;-15.604753847679703;-56.05505203895746;65 96926264;2025-09-03
4940253;TALISMA ODONTOLOGIA;IGOR FRANCISCO ARRUDA DE ABREU;510340;Cuiabá;Sim;Sim;MORADA DA SERRA;BENEDITO AVELINO TEIXEIRA NUC HAB CPA IV;MUNICIPAL;;ATENDIMENTOS NOS TURNOS DA MANHA E A TARDE;22;M;Não;Não;NAO;Não;Não;Não;Não;-15.5828987517001;-56.0393684694277;65 81240004;2025-11-27
4940261;QUINDOM CLINICA DE PSICOLOGIA E TRATAMENTO MULTIDISCIPLINA;QUINDOM CLINICA DE PSICOLOGIA E TRATAMENTO MULTIDISCIPLINA;510340;Cuiabá;Sim;Sim;GOIABEIRA;DOUTOR VIRGILIO ALVES CORREIA;MUNICIPAL;;ATENDIMENTOS NOS TURNOS DA MANHA E A TARDE;36;M;Não;Não;NAO;Não;Não;Não;Não;-15.600653868090234;-56.114602131458476;65 30287328;2025-09-03
4941551;ABL FISIO LTDA;ABL FISIO LTDA;510340;Cuiabá;Sim;Sim;JARDIM ACLIMACAO;T;MUNICIPAL;;ATENDIMENTOS NOS TURNOS DA MANHA E A TARDE;36;M;Não;Não;NAO;Não;Não;Não;Não;-15.586976332114524;-56.07514843655623;65 33572552;2025-09-03
4942221;SOLAINE RIOS FISIOTERAPIA ESPECIALIZADA;SOLAINE RIOS FISIOTERAPIA ESPECIALIZADA LTDA;510340;Cuiabá;Sim;Sim;JARDIM DAS AMERICAS;HAITI;MUNICIPAL;;ATENDIMENTOS NOS TURNOS DA MANHA E A TARDE;36;M;Não;Não;NAO;Não;Não;Não;Não;-15.6066363;-56.0713032;65 98123324;2025-09-03
4945654;PANTANAL MED;PANTANAL MED LTDA;510340;Cuiabá;Sim;Sim;JARDIM CUIABA;DAS FLORES;MUNICIPAL;;ATENDIMENTOS NOS TURNOS DA MANHA E A TARDE;22;M;Não;Não;NAO;Não;Não;Não;Não;-15.594652707467132;-56.12022459840936;65 92365583;2025-09-03
5689252;CONSULTORIO DRA LUCIANA NEDER LTDA;CONSULTORIO DRA LUCIANA NEDER LTDA;510340;Cuiabá;Sim;Sim;LOTEAMENTO ALPHAVILL;DAS CAVIUNAS;MUNICIPAL;;ATENDIMENTOS NOS TURNOS DA MANHA E A TARDE;22;M;Não;Não;NAO;Não;Não;Não;Não;-15.594308915521273;-56.0608276339532;65 30287328;2026-04-07
4957644;LUZIA DE CARVALHO LTDA;LUZIA ANTONIA OLIVEIRA ANDRADE DE CARVALHO LTDA;510340;Cuiabá;Sim;Sim;POPULAR;SENADOR FILINTO MULLER;MUNICIPAL;;ATENDIMENTOS NOS TURNOS DA MANHA E A TARDE;22;M;Não;Não;NAO;Não;Não;Não;Sim;-15.58536056666008;-56.103552544068535;65 99208269;2025-09-03
4964551;SOLLIEVO CLINICA DE PSICOLOGIA;SOLLIEVO CLINICA DE PSICOLOGIA LTDA;510340;Cuiabá;Sim;Sim;JARDIM DAS AMERICAS;BRASILIA;MUNICIPAL;;ATENDIMENTOS NOS TURNOS DA MANHA E A TARDE;36;M;Não;Não;NAO;Não;Não;Não;Não;-15.604991318451408;-56.067505606362275;65 81152152;2025-09-03
4969448;DROGARIA SAO PAULO S A;DROGARIA SAO PAULO S A;510340;Cuiabá;Sim;Sim;MORADA DA SERRA;PERNAMBUCO NUC HAB CPA II;MUNICIPAL;;ATENDIMENTO NOS TURNOS DA MANHA, TARDE E NOITE;43;M;Não;Não;NAO;Não;Não;Não;Sim;-15.560484145807953;-56.048539639881064;11 32747400;2025-09-03
4975790;CLARTE DERMATO NUTRICAO;F C BARBOSA GARCIA CIA LTDA;510340;Cuiabá;Sim;Sim;QUILOMBO;SAO SEBASTIAO;MUNICIPAL;;ATENDIMENTOS NOS TURNOS DA MANHA E A TARDE;36;M;Não;Não;NAO;Não;Não;Não;Não;-15.588659473312475;-56.10098474692493;65 84226332;2025-09-03
4976576;R R DA SILVA FISIOTERAPEUTA;R R DA SILVA FISIOTERAPEUTA;510340;Cuiabá;Sim;Sim;CIDADE ALTA;PROFESSOR RANULFO PAES DE BARROS;MUNICIPAL;;ATENDIMENTOS NOS TURNOS DA MANHA E A TARDE;22;M;Não;Não;NAO;Não;Não;Não;Não;-15.60577435203391;-56.12056182086389;65 99268911;2025-09-03
4976649;STEFANY CANAVARROS FONOAUDIOLOGIA;STEFANY PRISCILA CAMPOS CANAVARROS;510340;Cuiabá;Sim;Sim;JARDIM DAS AMERICAS;SAN SALVADOR;MUNICIPAL;;ATENDIMENTOS NOS TURNOS DA MANHA E A TARDE;22;M;Não;Não;NAO;Não;Não;Não;Não;-15.606773783823346;-56.07555331391743;65 93150509;2026-07-07
4982207;CENTRO DE REABILITACAO BORBA;DAFNE TORRES BORBA CAVALCANTE MENDES LTDA;510340;Cuiabá;Sim;Sim;CENTRO SUL;COMANDANTE COSTA;MUNICIPAL;;ATENDIMENTOS NOS TURNOS DA MANHA E A TARDE;22;M;Não;Não;NAO;Não;Não;Não;Não;-15.59787756111544;-56.100609144176765;65 93335782;2025-09-03
4982223;STIMULUS ESPACO DE NEURODESENVOLVIMENTO;STIMULUS ESPACO DE NEURODESENVOLVIMENTO LTDA;510340;Cuiabá;Sim;Sim;JARDIM DAS AMERICAS;LIMA;MUNICIPAL;;ATENDIMENTOS NOS TURNOS DA MANHA E A TARDE;22;M;Não;Não;NAO;Não;Não;Não;Não;-15.605554151790074;-56.07209262271119;65 30269009;2025-09-03
4982231;NB CLINICA ODONTOLOGIA;NB ODONTO CLINICA LTDA;510340;Cuiabá;Sim;Sim;ALVORADA;HISTORIADOR RUBENS DE MENDONCA;MUNICIPAL;;ATENDIMENTOS NOS TURNOS DA MANHA E A TARDE;36;M;Não;Não;NAO;Não;Não;Não;Sim;-15.587529934532343;-56.083435147852214;65 999966262;2025-09-03
4982258;NAIARA BRAS COSTA;NAIARA BRAS COSTA;510340;Cuiabá;Sim;Sim;JARDIM CALIFORNIA;TENENTE PRAEIRO;MUNICIPAL;;ATENDIMENTOS NOS TURNOS DA MANHA E A TARDE;22;M;Não;Não;NAO;Não;Não;Não;Não;-15.629954082557166;-56.07413184785096;65 81134580;2025-09-03
4982215;ANDREIA DE C CORREA E VALDIR A HEBERLE LTDA;ANDREIA DE C CORREA E VALDIR A HEBERLE LTDA;510340;Cuiabá;Sim;Sim;CENTRO SUL;DESEMBARGADOR FERREIRA MENDES;MUNICIPAL;;ATENDIMENTOS NOS TURNOS DA MANHA E A TARDE;36;M;Não;Não;NAO;Não;Não;Não;Não;-15.600185730261998;-56.10060280366318;65 36220364;2026-06-02
4990021;PIRILAMPO VACINAS;PIRILAMPO VACINAS LTDA;510340;Cuiabá;Sim;Sim;BANDEIRANTES;GENERAL VALE;MUNICIPAL;;ATENDIMENTOS NOS TURNOS DA MANHA E A TARDE;22;M;Não;Não;NAO;Não;Não;Não;Não;-15.602570848486781;-56.0931042343579;65 99719149;2025-09-03
4990048;SG VACINAS;SG VACINAS LTDA;510340;Cuiabá;Sim;Sim;JARDIM CUIABA;DAS FLORES;MUNICIPAL;;ATENDIMENTOS NOS TURNOS DA MANHA E A TARDE;85;M;Não;Não;NAO;Não;Não;Não;Não;-15.595056846413197;-56.115585227611206;65 99719114;2025-09-03
4990056;C S SERVICOS DE TERAPIA OCUPACIONAL;C S SERVICOS DE TERAPIA OCUPACIONAL LTDA;510340;Cuiabá;Sim;Sim;BOSQUE DA SAUDE;PROFESSOR RAFAEL RUEDA;MUNICIPAL;;ATENDIMENTOS NOS TURNOS DA MANHA E A TARDE;22;M;Não;Não;NAO;Não;Não;Não;Não;-15.586672167987363;-56.07953240552301;65 92961206;2025-09-03
4996798;DR THIAGO VIANA BARBOSA 3D OFFICE PRINT ODONTOLOGIA;T V BARBOSA ODONTOLOGIA LTDA;510340;Cuiabá;Sim;Sim;BOSQUE DA SAUDE;HISTORIADOR RUBENS DE MENDONCA;MUNICIPAL;;ATENDIMENTO NOS TURNOS DA MANHA, TARDE E NOITE;22;M;Não;Não;NAO;Não;Não;Não;Não;-15.585327075871767;-56.08118407668775;65 99219000;2025-09-03
4996801;RAIA DROGASIL S A;RAIA DROGASIL S A;510340;Cuiabá;Sim;Sim;CARUMBE;GOVERNADOR DANTE MARTINS DE OLIVEIRA;MUNICIPAL;;ATENDIMENTO NOS TURNOS DA MANHA, TARDE E NOITE;43;M;Não;Não;NAO;Não;Não;Não;Sim;-15.587865369066963;-56.05855974415725;11 37695731;2025-09-03
4997174;ANDREIA DE C CORREA E VALDIR A HEBERLE FILIAL;ANDREIA DE C CORREA E VALDIR A HEBERLE LTDA;510340;Cuiabá;Sim;Sim;CIDADE ALTA;DA FE LOT JD PRIMAVERA;MUNICIPAL;;ATENDIMENTO NOS TURNOS DA MANHA, TARDE E NOITE;36;M;Não;Não;NAO;Não;Não;Não;Não;-15.601154165652364;-56.12447277780968;65 36220364;2026-06-02
5000556;LABORATORIO EXCELLENCE;LABORATORIO EXCELLENCE LTDA;510340;Cuiabá;Sim;Sim;COOPHEMA;TAUBATE;MUNICIPAL;;ATENDIMENTOS NOS TURNOS DA MANHA E A TARDE;36;M;Não;Não;NAO;Não;Não;Não;Não;-15.637985914490553;-56.062799949698196;65 36652917;2025-09-03
4999053;EBB CLINICA MEDICA;EBB CLINICA MEDICA LTDA;510340;Cuiabá;Sim;Sim;JARDIM TROPICAL;TANCREDO DE ALMEIDA NEVES;MUNICIPAL;;ATENDIMENTOS NOS TURNOS DA MANHA E A TARDE;22;M;Não;Não;NAO;Não;Não;Não;Não;-15.619215746159153;-56.07744841376565;65 30287328;2025-09-03
4999096;FACE ODONTOLOGIA;FACE ODONTOLOGIA LTDA;510340;Cuiabá;Sim;Sim;ALVORADA;Q LOT M SUTIL;MUNICIPAL;;ATENDIMENTO NOS TURNOS DA MANHA, TARDE E NOITE;22;M;Não;Não;NAO;Não;Não;Não;Sim;-15.584629863009983;-56.081832307370526;65 84026756;2025-09-03
4999908;BKR ODONTOLOGIA;BKR ODONTOLOGIA LTDA;510340;Cuiabá;Sim;Sim;MORADA DA SERRA;TUIUIU NUC HAB CPA IV;MUNICIPAL;;ATENDIMENTOS NOS TURNOS DA MANHA E A TARDE;22;M;Não;Não;NAO;Não;Não;Não;Sim;-15.567152415080868;-56.031904076688164;65 92292829;2025-09-03
5005183;CLINICA DE PSICOLOGIA ANA PAULA;A P C MARINHO CLINICA DE PSICOLOGIA;510340;Cuiabá;Sim;Sim;POCAO;GENERAL VALE;MUNICIPAL;;ATENDIMENTOS NOS TURNOS DA MANHA E A TARDE;22;M;Não;Não;NAO;Não;Não;Não;Não;-15.596;-56.097;65 99832493;2025-09-03
5006120;PAULA GOULART PUPPIM;PAULA GOULART PUPPIM;510340;Cuiabá;Sim;Sim;JARDIM CUIABA;RUA DOS LIRIOS;MUNICIPAL;;ATENDIMENTOS NOS TURNOS DA MANHA E A TARDE;22;M;Não;Não;NAO;Não;Não;Não;Sim;-15.595201423243411;-56.12033129511845;3322-2504;2025-09-03
5006716;UNIMED CUIABA NUCLEO DE SAUDE OCUPACIONAL;UNIMED CUIABA COOPERATIVA DE TRABALHO MEDICO;510340;Cuiabá;Sim;Sim;CENTRO SUL;AVENIDA DOM BOSCO;MUNICIPAL;;ATENDIMENTOS NOS TURNOS DA MANHA E A TARDE;36;M;Não;Não;NAO;Não;Não;Não;Sim;;;;2025-09-03
5009332;KATIA HELENA RIBEIRO PIMENTEL;KATIA HELENA RIBEIRO PIMENTEL;510340;Cuiabá;Sim;Sim;CENTRO SUL;RUA BARAO DE MELGACO;MUNICIPAL;;ATENDIMENTOS NOS TURNOS DA MANHA E A TARDE;22;M;Não;Não;NAO;Não;Não;Não;Sim;-15.602021573068665;-56.10164612055552;3052-3049;2025-09-03
5010810;COTENPASA;COOPERATIVA DE AUXILIARES E TECNICOS DE ENFERMAGEM E PROFISS;510340;Cuiabá;Sim;Sim;CENTRO;BARAO DE MELGACO;MUNICIPAL;;;60;M;;Não;NAO;;;;Não;-15.601802902822682;-56.10155427824602;65 6222557;2025-09-03
5014336;NAIRA DOMINGOS SE;NAIRA DOMINGOS SE;510340;Cuiabá;Sim;Sim;JARDIM CUIABA;RUA DOS LIRIOS;MUNICIPAL;;ATENDIMENTOS NOS TURNOS DA MANHA E A TARDE;22;M;Não;Não;NAO;Não;Não;Não;Não;-15.594962453211842;-56.11783046620675;(65) 3322-2504;2025-11-13
5014360;DENISE DE CARVALHO CAFFER;DENISE DE CARVALHO CAFFER;510340;Cuiabá;Sim;Sim;GOIABEIRAS;RUA BRIGADEIRO EDUARDO GOMES;MUNICIPAL;;ATENDIMENTOS NOS TURNOS DA MANHA E A TARDE;22;M;Não;Não;NAO;Não;Não;Não;Sim;-15.594722912374111;-56.10414090390301;65 3321-4075;2025-09-03
5015510;SEBASTIAO MARCOS DA SILVA CAMPOS;SEBASTIAO MARCOS DA SILVA CAMPOS;510340;Cuiabá;Sim;Sim;CENTRO;AVENIDA MARECHAL DEODORO;MUNICIPAL;;ATENDIMENTOS NOS TURNOS DA MANHA E A TARDE;22;M;Não;Não;NAO;Não;Não;Não;Sim;-15.594625804832852;-56.10052398741808;;2025-09-03
5019621;CENTRO ESTADUAL DE REFERENCIA EM SAUDE DO TRABALHADOR;SECRETARIA DE ESTADO DE SAUDE DO ESTADO DE MATO GROSSO;510340;Cuiabá;Sim;Sim;COPHEMA;RUA NOVA IGUACU;ESTADUAL;;ATENDIMENTOS NOS TURNOS DA MANHA E A TARDE;36;E;Não;Não;SIM;Não;Não;Não;Sim;-15.633327695617456;-56.0566771030426;(65) 3613-5481;2025-09-03
5022282;ANDREA ALMEIDA DE BARROS;ANDREA ALMEIDA DE BARROS;510340;Cuiabá;Sim;Sim;LIXEIRA;RUA SAO BENEDITO;MUNICIPAL;;ATENDIMENTOS NOS TURNOS DA MANHA E A TARDE;22;M;Não;Não;NAO;Não;Não;Não;Não;-15.595664929440952;-56.08902988314229;;2025-09-03
5022304;DANILO ZANIRATO;DANILO ZANIRATO;510340;Cuiabá;Sim;Sim;CPA II;RUA PERNANBUCO;MUNICIPAL;;ATENDIMENTOS NOS TURNOS DA MANHA E A TARDE;22;M;Não;Não;NAO;Não;Não;Não;Não;-15.57852570786096;-56.120157998639385;065 3641-2022;2025-09-03
5022576;ADRIANA DE CASSIA BANDEIRA GOMES;ADRIANA DE CASSIA BANDEIRA GOMES;510340;Cuiabá;Sim;Sim;BAU;AVENIDA HISTORIADOR RUBENS DE MENDONCA;MUNICIPAL;;ATENDIMENTOS NOS TURNOS DA MANHA E A TARDE;22;M;Não;Não;NAO;Não;Não;Não;Sim;-15.58919059412937;-56.08561241812102;;2025-09-03
5028736;CLINICA DE PSICOLOGIA E PSICOPEDAG SINTONIA DA MENTE;CLINICA DE PSICOLOGIA E PSICOPEDAGOGIA SINTONIA DA MENTE LTD;510340;Cuiabá;Sim;Sim;JARDIM PETROPOLIS;CARMINDO DE CAMPOS;MUNICIPAL;;ATENDIMENTOS NOS TURNOS DA MANHA E A TARDE;22;M;Não;Não;NAO;Não;Não;Não;Não;-15.62014256348163;-56.069634461345245;65 81270017;2025-09-03
5038057;S O S RESGATE;SOS RESGATE LTDA;510340;Cuiabá;Sim;Sim;QUILOMBO;PRESIDENTE MARQUES;MUNICIPAL;;ATENDIMENTO CONTINUO DE 24 HORAS/DIA (PLANTAO:INCLUI SABADOS, DOMINGOS E FERIADOS);42;M;;Não;SIM;;;;Sim;-15.596;-56.097;;2025-09-03
5040078;FERNANDA SILVA LEMES;FERNANDA SILVA LEMES;510340;Cuiabá;Sim;Sim;BOSQUE DA SAUDE;AVENIDA HISTORIADOR RUBENS DE MENDONCA;MUNICIPAL;;ATENDIMENTOS NOS TURNOS DA MANHA E A TARDE;22;M;Não;Não;NAO;Não;Não;Não;Não;-15.581298171803045;-56.07729840977428;65 3028-2007;2025-10-17
5040183;CENTRO DE GERIATRIA;CENTRO DE GERIATRIA DE MATO GROSSO;510340;Cuiabá;Sim;Sim;CENTRO SUL;RUA MAJOR GAMA;MUNICIPAL;;ATENDIMENTOS NOS TURNOS DA MANHA E A TARDE;36;M;Não;Não;NAO;Não;Não;Não;Não;;;3617-8300;2025-09-03
5041570;MILENA SOARES TEODORO DOS SANTOS;MILENA SOARES TEODORO DOS SANTOS;510340;Cuiabá;Sim;Sim;LIXEIRA;RUA ANTONIO BATISTA BELEM;MUNICIPAL;;ATENDIMENTOS NOS TURNOS DA MANHA E A TARDE;22;M;Não;Não;NAO;Não;Não;Não;Não;-15.5980209;-56.0870791;;2025-09-03
5041694;LILIAN CRISTINE PINTO;LILIAN CRISTINE PINTO;510340;Cuiabá;Sim;Sim;BANDEIRANTES;RUA MANOEL GARCIA VELHO;MUNICIPAL;;ATENDIMENTOS NOS TURNOS DA MANHA E A TARDE;22;M;Não;Não;NAO;Não;Não;Não;Não;-15.600702413823393;-56.09206285611393;0653624-3424;2025-11-13
5042003;BIOSEG LABORATORIO DE ANALISES CLINICAS;LUCINEIA DA SILVA OLIVEIRA ME;510340;Cuiabá;Sim;Sim;VISTA ALEGRE COXIP;AVENIDA FERNANDO CORREA DA COSTA;MUNICIPAL;;ATENDIMENTOS NOS TURNOS DA MANHA E A TARDE;39;M;Não;Não;NAO;Não;Não;Não;Sim;-15.63198090797802;-56.04967417138234;;2025-09-03
5043131;CENTRO DE CONVIVENCIA IDOSOS AIDEE PEREIRA DO NASCIMENTO;PREFEITURA MUNICIPAL DE CUIABA;510340;Cuiabá;Sim;Sim;NOVO HORIZONTE;RUA FLAMENGO;MUNICIPAL;;ATENDIMENTOS NOS TURNOS DA MANHA E A TARDE;2;M;Não;Não;NAO;Não;Não;Não;Sim;-15.577168603992188;-56.03391277231008;065 3646-9299;2025-09-03
5043565;IMO INSTITUTO MATOGROSSENSE DE OFTALMOLOGIA;A M CLINICA MEDICA LTDA;510340;Cuiabá;Sim;Sim;CENTRO SUL;COMANDANTE COSTA;DUPLA;;ATENDIMENTO SOMENTE PELA MANHA;36;D;Não;Não;NAO;Não;Não;Não;Sim;-15.604217434911762;-56.105755935756996;65 30255100;2025-09-03
5049121;ORLANDO CERCI FILHO;ORLANDO CERCI FILHO;510340;Cuiabá;Sim;Sim;CPA I;RUA PELOTAS;MUNICIPAL;;ATENDIMENTOS NOS TURNOS DA MANHA E A TARDE;22;M;Não;Não;NAO;Não;Não;Não;Não;-15.558461340409698;-56.05052078998867;065 36441733;2025-09-03
5050553;LBC LABORATORIO BIO CENTER;LBC LABORATORIOS CLINICOS LTDA;510340;Cuiabá;Sim;Sim;CENTRO SUL;TENENTE THOGO DA SILVA PEREIRA;MUNICIPAL;;ATENDIMENTOS NOS TURNOS DA MANHA E A TARDE;39;M;Não;Não;NAO;Não;Não;Não;Sim;-15.60450837279865;-56.10180363223232;65 36241870;2026-03-28
5051045;LISANGELA CRISTINA DOS REIS FERREIRA PRIOLI;LISANGELA CRISTINA DOS REIS FERREIRA PRIOLI;510340;Cuiabá;Sim;Sim;BANDEIRANTES;RUA MANOEL GARCIA VELERO;MUNICIPAL;;ATENDIMENTOS NOS TURNOS DA MANHA E A TARDE;22;M;Não;Não;NAO;Não;Não;Não;Não;-15.598072739126106;-56.091505511047316;;2025-11-13
5051053;MARCOS VINICIUS LOPES PRIOLI;MARCOS VINICIUS LOPES PRIOLI;510340;Cuiabá;Sim;Sim;BANDEIRANTES;RUA MANOEL GARCIA VELERO;MUNICIPAL;;ATENDIMENTOS NOS TURNOS DA MANHA E A TARDE;22;M;Não;Não;NAO;Não;Não;Não;Não;-15.60034441905605;-56.09123934270902;;2025-09-03
5058139;ANGIOMEDIC;CENTRO DE DIAGNOSTICO E TRATAMENTO VASCULAR LTDA;510340;Cuiabá;Sim;Sim;CENTRO SUL;BARAO DE MELGACO;MUNICIPAL;;ATENDIMENTOS NOS TURNOS DA MANHA E A TARDE;36;M;Não;Não;NAO;Não;Não;Não;Sim;-15.603830579139379;-56.10344141002788;65 30272799;2025-09-03
5058651;CINECOR;NEUROCOR DIAGNOSTICO E TERAPEUTICA ENDOVASCULAR LTDA;510340;Cuiabá;Sim;Sim;BOSQUE DA SAUDE;ACLIMACAO;MUNICIPAL;;ATENDIMENTO CONTINUO DE 24 HORAS/DIA (PLANTAO:INCLUI SABADOS, DOMINGOS E FERIADOS);36;M;Não;Não;NAO;Não;Não;Não;Sim;-15.58710650069661;-56.077275770559524;;2025-09-03
5060796;ODONTOLOGIA CAPOROSSI;ERNANI CAPOROSSI;510340;Cuiabá;Sim;Sim;DUQUE DE CAXIAS;RUA MASCARENHAS CAPOROSSI;MUNICIPAL;;ATENDIMENTOS NOS TURNOS DA MANHA E A TARDE;22;M;Não;Não;NAO;Não;Não;Não;Não;;;3622-0002;2025-09-03
5065437;ENDOGASTRO;ENDOGASTRO SERVICOS DE MEDICINA LTDA;510340;Cuiabá;Sim;Sim;JARDIM MARIANA;MIGUEL SUTIL;MUNICIPAL;;ATENDIMENTOS NOS TURNOS DA MANHA E A TARDE;22;M;Não;Não;NAO;Não;Não;Não;Sim;-15.582312114994881;-56.11132885044848;65 36263110;2025-09-03
5080746;CLINOMAT CLINICA DE OTORRINOLARINGOLOGIA DE MT LTDA;CLINOMAT;510340;Cuiabá;Sim;Sim;BANDEIRANTES;RUA GENERAL VALLE;MUNICIPAL;;ATENDIMENTOS NOS TURNOS DA MANHA E A TARDE;36;M;Não;Não;NAO;Não;Não;Não;Não;-15.596;-56.097;3624-3132;2025-09-03
5082633;CENTRO DE VIDEO LAPAROSCOPIA DE CUIABA LTDA;CENTRO DE VIDEOLAPAROSCOPIA DE CUIABA LTDA;510340;Cuiabá;Sim;Sim;JARDIM CUIABA;DAS FLORES;MUNICIPAL;;ATENDIMENTO CONTINUO DE 24 HORAS/DIA (PLANTAO:INCLUI SABADOS, DOMINGOS E FERIADOS);36;M;Não;Não;NAO;Não;Não;Não;Sim;-15.59500694226479;-56.1180609794367;065 30231403;2025-09-03
5082722;ZEINAB AHMAD CHARANEK;ZEINAB AHMAD CHARANEK;510340;Cuiabá;Sim;Sim;SANTA HELENA;AVENIDA PRESIDENTE MARQUES;MUNICIPAL;;ATENDIMENTOS NOS TURNOS DA MANHA E A TARDE;22;M;Não;Não;NAO;Não;Não;Não;Não;-15.586850534373792;-56.097327713464566;3621-1237;2025-09-03
5084539;CAM;CAM CLINICA DE ANESTESIA MODELO S S LTDA;510340;Cuiabá;Sim;Sim;BOSQUE SA SAUDE;RUA DAS PEROLAS;MUNICIPAL;;ATENDIMENTO NOS TURNOS DA MANHA, TARDE E NOITE;22;M;Não;Não;NAO;Não;Não;Não;Não;;;;2025-09-03
5086205;OACIR MONTEIRO DA SILVA JUNIOR;OACIR MONTEIRO DA SILVA JUNIOR;510340;Cuiabá;Sim;Sim;JARDIM CUIABA;AVENIDA DAS FLORES;MUNICIPAL;;ATENDIMENTOS NOS TURNOS DA MANHA E A TARDE;22;M;Não;Não;NAO;Não;Não;Não;Não;-15.595394405209362;-56.11315283558217;;2025-09-03
5088119;LUIZ CARLOS DA CUNHA JUNIOR;LUIZ CARLOS DA CUNHA JUNIOR;510340;Cuiabá;Sim;Sim;JARDIM MARIANA;RUA ADEL MALOUF;MUNICIPAL;;ATENDIMENTO SOMENTE PELA MANHA;22;M;Não;Não;NAO;Não;Não;Não;Não;-15.596;-56.097;;2025-09-03
5095883;HAROLDO CABRAL;HAROLDO CABRAL;510340;Cuiabá;Sim;Sim;CAMPO VELHO;AVENIDA GENERAL MELLO;MUNICIPAL;;ATENDIMENTOS NOS TURNOS DA MANHA E A TARDE;22;M;Não;Não;NAO;Não;Não;Não;Sim;-15.61913527226409;-56.08007533404203;36346657;2025-09-03
5096499;AVALIARE PSICOLOGIA;AVALIARE PSICOLOGIA LTDA;510340;Cuiabá;Sim;Sim;JARDIM CUIABA;DAS ACACIAS;MUNICIPAL;;ATENDIMENTOS NOS TURNOS DA MANHA E A TARDE;22;M;Não;Não;NAO;Não;Não;Não;Não;-15.597176620278981;-56.11145186481333;65 81086867;2025-09-03
5097169;MARIA APARECIDA MAZZUTTI;MARIA APARECIDA MAZZUTTI;510340;Cuiabá;Sim;Sim;LIXEIRA;RUA CORUMBA;MUNICIPAL;;ATENDIMENTOS NOS TURNOS DA MANHA E A TARDE;22;M;Não;Não;NAO;Não;Não;Não;Não;-15.592603861234615;-56.089887500218566;3624-6488;2025-11-27
5097835;CELIA APARECIDA MATTOSO;CELIA APARECIDA MATTOSO;510340;Cuiabá;Sim;Sim;BOSQUE DA SAUDE;RUA H;MUNICIPAL;;ATENDIMENTO SOMENTE A TARDE;22;M;Não;Não;NAO;Não;Não;Não;Não;;;;2025-09-03
5097878;ELOISA HELENA PACHECO LESSA;ELOISA HELENA PACHECO LESSA;510340;Cuiabá;Sim;Sim;POCAO;AVENIDA GENERAL MELLO;MUNICIPAL;;ATENDIMENTOS NOS TURNOS DA MANHA E A TARDE;22;M;Não;Não;NAO;Não;Não;Não;Não;-15.605321987368463;-56.09267842887411;65 3622-2150;2025-10-17
5115744;INSTITUTO ODONTOLOGICO;INSTITUTO ODONTOLOGICO MB LTDA;510340;Cuiabá;Sim;Sim;BOSQUE DA SAUDE;AVENIDA HISTORIADOR RUBENS DE MENDONCA;MUNICIPAL;;ATENDIMENTOS NOS TURNOS DA MANHA E A TARDE;22;M;Não;Não;NAO;Não;Não;Não;Sim;-15.584189724334406;-56.078528665280395;3027-3131;2025-09-03
5116031;FRAGA ODONTOLOGIA;FRAGA ODONTOLOGIA LTDA;510340;Cuiabá;Sim;Sim;GOIABEIRAS;FILINTO MULLER;MUNICIPAL;;ATENDIMENTOS NOS TURNOS DA MANHA E A TARDE;36;M;Não;Não;NAO;Não;Não;Não;Sim;-15.5945589;-56.1101809;65 30285578;2025-09-03
5117798;RAQUEL VIEIRA ESPINDOLA;RAQUEL VIEIRA ESPINDOLA CAMPOS;510340;Cuiabá;Sim;Sim;DOM AQUINO;RUA MAJOR GAMA;MUNICIPAL;;ATENDIMENTOS NOS TURNOS DA MANHA E A TARDE;22;M;Não;Não;NAO;Não;Não;Não;Não;-15.6087082;-56.0986119;3623-3944;2025-09-03
5119898;FISIOMED;FISIOMED FISIOTERAPIA E REABILITACAO LTDA;510340;Cuiabá;Sim;Sim;LIXEIRA;SAO BENEDITO;MUNICIPAL;;ATENDIMENTOS NOS TURNOS DA MANHA E A TARDE;36;M;Não;Não;NAO;Não;Não;Não;Sim;-16.271073;-56.6276466;65 36241204;2025-09-03
5119960;CLINICA MATERNA;MATERNA MEDICINA FETAL E DIAGNOSE S C LTDA;510340;Cuiabá;Sim;Sim;DUQUE DE CAXIAS;RUA PRESIDENTE ARTHUR BERNARDES;MUNICIPAL;;ATENDIMENTOS NOS TURNOS DA MANHA E A TARDE;36;M;Não;Não;NAO;Não;Não;Não;Sim;-15.589823066166971;-56.106926370239194;;2025-09-03
5121574;CLINICA SHALLON DE DIABETES;CLINICA SHALLON DE DIABETES LTDA EPP;510340;Cuiabá;Sim;Sim;BOA ESPERANCA;RUA TRINTA E OITO;MUNICIPAL;;ATENDIMENTOS NOS TURNOS DA MANHA E A TARDE;22;M;Não;Não;NAO;Não;Não;Não;Sim;;;(65) 3025-7575;2025-09-03
5121639;OSTEOCENTER DENSITOMETRIA OSSEA S C LTDA;OSTEOCENTER DENSITOMETRIA OSSEA S C LTDA;510340;Cuiabá;Sim;Sim;BOSQUE DA SAUDE;AVENIDA ACLIMACAO;MUNICIPAL;;ATENDIMENTOS NOS TURNOS DA MANHA E A TARDE;36;M;Não;Não;NAO;Não;Não;Não;Sim;-15.596;-56.097;3642-6155;2025-09-03
5121795;RMC;RESSONANCIA MAGNETICA CUIABA LTDA;510340;Cuiabá;Sim;Sim;JARDIM DAS AMERICAS;AVENIDA BRASILIA;MUNICIPAL;;ATENDIMENTOS NOS TURNOS DA MANHA E A TARDE;39;M;Não;Não;NAO;Não;Não;Não;Sim;-15.6078905;-56.06992;;2025-09-03
5121841;CMI;CENTRO MEDICO DE IMAGENOLOGIA LTDA;510340;Cuiabá;Sim;Sim;JARDIM DAS AMERICAS;BRASILIA;MUNICIPAL;;ATENDIMENTOS NOS TURNOS DA MANHA E A TARDE;39;M;Não;Não;NAO;Não;Não;Não;Sim;-15.60928298354302;-56.07002533650931;65 36175502;2025-09-03
5123674;AGUIAR FARINA;AGUIAR FARINA;510340;Cuiabá;Sim;Sim;CENTRO;RUA BARAO DE MELGACO;MUNICIPAL;;ATENDIMENTOS NOS TURNOS DA MANHA E A TARDE;22;M;Não;Não;NAO;Não;Não;Não;Não;-15.60126263091302;-56.10091915761959;3324-2100;2025-09-03
5123690;DARKLE FERREIRA MODESTO;DARKLE FERREIRA MODESTO;510340;Cuiabá;Sim;Sim;PORTO;RUA JOAQUIM MURTINHO;MUNICIPAL;;ATENDIMENTO SOMENTE PELA MANHA;22;M;Não;Não;NAO;Não;Não;Não;Não;-15.604461201482975;-56.10337447323074;65 3623-3413;2025-09-03
5123720;NATCLIN CLINICA ODONTOLOGICA;NATCLIN CLINICA ODONTOLOGICA LTDA;510340;Cuiabá;Sim;Sim;CENTRO SUL;DOM BOSCO;MUNICIPAL;;ATENDIMENTOS NOS TURNOS DA MANHA E A TARDE;36;M;Não;Não;NAO;Não;Não;Não;Não;-15.601671026019368;-56.10080317337251;65 36230096;2025-09-03
5123739;LUCIA HELENA BARBOZA SAMPAIO;LUCIA HELENA BARBOZA SAMPAIO;510340;Cuiabá;Sim;Sim;PORTO;RUA COMANDANTE COSTA;MUNICIPAL;;ATENDIMENTOS NOS TURNOS DA MANHA E A TARDE;22;M;Não;Não;NAO;Não;Não;Não;Não;-15.610355358822826;-56.112299346213184;(65)3052-4300;2025-11-27
5130336;GERMANO AUGUSTO FISCHDICK;GERMANO AUGUSTO FISCHDICK;510340;Cuiabá;Sim;Sim;SANTA CRUZ;RUA AUGUSTO DOS ANJOS;MUNICIPAL;;ATENDIMENTOS NOS TURNOS DA MANHA E A TARDE;22;M;Não;Não;NAO;Não;Não;Não;Não;-15.609518212805224;-56.0517041082999;3664-3402;2025-10-17
5132517;ATRIUM CENTRO DE CARDIOLOGIA;ATRIUM CENTRO DE CARDIOLOGIA INVASIVA E TERAPEUTICA CARDIO;510340;Cuiabá;Sim;Sim;BAIRRO JARDIM CUIABA;DAS DALIAS;MUNICIPAL;;ATENDIMENTOS NOS TURNOS DA MANHA E A TARDE;36;M;Não;Não;NAO;Não;Não;Não;Sim;-15.595565933876811;-56.11825342296158;65 6234995;2025-09-03
5139619;SINVAL ANTONIO RIBEIRO;SINVAL ANTONIO RIBEIRO;510340;Cuiabá;Sim;Sim;SANTA HELENA;AVENIDA PRESIDENTE MARQUES;MUNICIPAL;;ATENDIMENTOS NOS TURNOS DA MANHA E A TARDE;22;M;Não;Não;NAO;Não;Não;Não;Sim;-15.586589593700934;-56.09737733350646;65 3621-1237;2025-11-27
5139635;JOAO YOSHIME HORIE;JOAO YOSHIME HORIE;510340;Cuiabá;Sim;Sim;CIDADE VERDE;RUA TAUBATE;MUNICIPAL;;ATENDIMENTOS NOS TURNOS DA MANHA E A TARDE;22;M;Não;Não;NAO;Não;Não;Não;Sim;-15.6379278;-56.0629307;65 3625-2291;2025-09-03
5149681;MARIO APARECIDO FERREIRA;MARIO APARECIDO FERREIRA;510340;Cuiabá;Sim;Sim;BANDEIRANTES;RUA DIOGO DOMINGOS FERREIRA;MUNICIPAL;;ATENDIMENTOS NOS TURNOS DA MANHA E A TARDE;22;M;Não;Não;NAO;Não;Não;Não;Sim;-15.598007543518415;-56.090307680698395;;2025-09-03
5154286;MARIA TERESA MARRANGHELLO MALUF;MARIA TERESA MARRANGHELLO MALUF;510340;Cuiabá;Sim;Sim;JARDIM MARIANA;RUA ADEL MALUF;MUNICIPAL;;ATENDIMENTOS NOS TURNOS DA MANHA E A TARDE;22;M;Não;Não;NAO;Não;Não;Não;Não;-15.58721878878475;-56.12807547413623;65 3618-8195;2025-11-27
5154537;CRECHE CAMINHO REDENTOR;CASA CAMINHO REDENTOR;510340;Cuiabá;Sim;Sim;NOVA ESPERANCA;RUA I;MUNICIPAL;;ATENDIMENTO NOS TURNOS DA MANHA, TARDE E NOITE;36;M;Não;Não;NAO;Não;Não;Não;Sim;-15.595137710004666;-56.132999828835615;(65) 99625-4673;2025-10-17
5166977;IRACEMA MARIA DE QUEIROZ;IRACEMA MARIA DE QUEIROZ;510340;Cuiabá;Sim;Sim;JARDIM MARIANA;AVENIDA MIGUEL SUTIL;MUNICIPAL;;ATENDIMENTO SOMENTE PELA MANHA;22;M;Não;Não;NAO;Não;Não;Não;Não;-15.587256896344211;-56.12819483093917;;2025-11-04
5164354;BRUNA FERREIRA DORILEO;BRUNA FERREIRA DORILEO;510340;Cuiabá;Sim;Sim;CENTRO;RUA 24 DE OUTUBRO;MUNICIPAL;;ATENDIMENTOS NOS TURNOS DA MANHA E A TARDE;22;M;Não;Não;NAO;Não;Não;Não;Não;-15.591519313823689;-56.105484107517725;65 3028-6138;2025-09-03
5164427;GUNTHER PERES PIMENTA;GUNTHER PERES PIMENTA;510340;Cuiabá;Sim;Sim;JARDIM MARIANA;RUA ADEL MALUF;MUNICIPAL;;ATENDIMENTOS NOS TURNOS DA MANHA E A TARDE;22;M;Não;Não;NAO;Não;Não;Não;Não;-15.579384482180492;-56.11119348353736;65 3618-8343;2025-11-04
5165881;DR NAVANTINO REINERS BORBA;DR NAVANTINO REINERS BORBA;510340;Cuiabá;Sim;Sim;SANTA ROSA;AVENIDA JOSE RODRIGUES DO PRADO;MUNICIPAL;;ATENDIMENTOS NOS TURNOS DA MANHA E A TARDE;22;M;Não;Não;NAO;Não;Não;Não;Não;-15.585297616517053;-56.11541915382534;;2025-09-03
5166632;ROSARIA MARIA SOARES ALVIM;ROSARIA MARIA SOARES ALVIM;510340;Cuiabá;Sim;Sim;JARDIM MARIANA;RUA ADEL MALUF;MUNICIPAL;;ATENDIMENTOS NOS TURNOS DA MANHA E A TARDE;22;M;Não;Não;NAO;Não;Não;Não;Não;-15.579364442940662;-56.1112043485235;065 3618-8432;2026-03-10
5167132;KEYLA MEDEIROS MAIA SILVA;KEYLA MEDEIROS MAIA SILVA;510340;Cuiabá;Sim;Sim;BOSQUE DA SAUDE;AVENIDA ACLIMACAO;MUNICIPAL;;ATENDIMENTOS NOS TURNOS DA MANHA E A TARDE;22;M;Não;Não;NAO;Não;Não;Não;Não;-15.586964404534484;-56.07735355426328;65 3051-2222;2025-09-03
5168457;DUTRA EMERGENCIAS MEDICAS;DUTRA EMERGENCIAS MEDICAS LTDA;510340;Cuiabá;Sim;Sim;GOIABEIRA;SAO JOAQUIM;MUNICIPAL;;ATENDIMENTO CONTINUO DE 24 HORAS/DIA (PLANTAO:INCLUI SABADOS, DOMINGOS E FERIADOS);42;M;;Não;NAO;;;;Sim;-15.60277554989124;-56.108825420863916;65 99432273;2025-09-03
5170508;ELIANE TEREZINHA DIAS MENDES;ELIANE TEREZINHA DIAS MENDES;510340;Cuiabá;Sim;Sim;POCAO;RUA MIRANDA REIS;MUNICIPAL;;ATENDIMENTOS NOS TURNOS DA MANHA E A TARDE;22;M;Não;Não;NAO;Não;Não;Não;Não;-15.603606083054798;-56.09168223350602;65 3321-6335;2025-10-17
5174198;ELOISA MARA DOMINGUES ALBANO DA SILVA;ELOISA MARA DOMINGUES ALBANO DA SILVA;510340;Cuiabá;Sim;Sim;CENTRO;RUA BARAO DE MELGACO;MUNICIPAL;;ATENDIMENTOS NOS TURNOS DA MANHA E A TARDE;22;M;Não;Não;NAO;Não;Não;Não;Não;-15.60237260225893;-56.10153945829457;65 3052-8500;2025-10-17
5171792;RELIGARE CUIDADO E SAUDE PSICOLOGICA;RAIA GOULART PSICOLOGIA LTDA;510340;Cuiabá;Sim;Sim;ALVORADA;MARCOS PEREIRA DA LUZ LOT M SUTIL;MUNICIPAL;;ATENDIMENTOS NOS TURNOS DA MANHA E A TARDE;22;M;Não;Não;NAO;Não;Não;Não;Não;-15.587380460498828;-56.08352634969985;65 92134376;2025-09-03
6081622;SATICO NOMURA;SATICO NOMURA;510340;Cuiabá;Sim;Sim;JARDIM CUIABA;RUA DOS LIRIOS;MUNICIPAL;;ATENDIMENTOS NOS TURNOS DA MANHA E A TARDE;22;M;Não;Não;NAO;Não;Não;Não;Sim;-15.595209050381344;-56.120356502450825;;2025-09-03
5177243;NELSON SOUZA RANGEL;NELSON SOUZA RANGEL;510340;Cuiabá;Sim;Sim;SANTA HELENA;RUA MARECHAL DEODORO ANEXO AO HOSP STA HELENA;MUNICIPAL;;ATENDIMENTOS NOS TURNOS DA MANHA E A TARDE;22;M;Não;Não;NAO;Não;Não;Não;Não;-15.591476219107603;-56.099159115100086;;2025-09-03
5177332;CLAUDIA MARCIA DE ALMEIDA NEVES;CLAUDIA MARCIA DE ALMEIDA NEVES;510340;Cuiabá;Sim;Sim;BAU;AVENIDA HISTORIADOR RUBENS DE MENDONCA;MUNICIPAL;;ATENDIMENTOS NOS TURNOS DA MANHA E A TARDE;22;M;Não;Não;NAO;Não;Não;Não;Sim;-15.589149889329338;-56.085665395933496;;2025-09-03
5179882;UBIRAJARA CALDAS MIGUEIS JUNIOR;UBIRAJARA CALDAS MIGUEIS JUNIOR;510340;Cuiabá;Sim;Sim;BAU;AVENIDA HISTORIADOR RUBENS DE MENDONCA;MUNICIPAL;;ATENDIMENTOS NOS TURNOS DA MANHA E A TARDE;22;M;Não;Não;NAO;Não;Não;Não;Sim;;;65 3027-3462;2025-09-03
5180082;CLAN;CLAN CLINICA DE ANESTESIA;510340;Cuiabá;Sim;Sim;BANDEIRANTE;RUA GENERAL VALE;MUNICIPAL;;ATENDIMENTOS NOS TURNOS DA MANHA E A TARDE;22;M;Não;Não;NAO;Não;Não;Não;Sim;-15.596;-56.097;65 3324-0477;2025-09-03
5183251;GILBERTO SIEBERT FILHO;GILBERTO SIEBERT FILHO;510340;Cuiabá;Sim;Sim;BOSQUE DA SAUDE;AVENIDA ACLIMACAO;MUNICIPAL;;ATENDIMENTOS NOS TURNOS DA MANHA E A TARDE;22;M;Não;Não;NAO;Não;Não;Não;Sim;-15.586185323465516;-56.07858136817667;65 3028-1176;2025-09-03
5184223;SERVICO DE VERIFICACAO DE OBITO SVO SES MT;SECRETARIA ESTADUAL DE SAUDE DE MATO GROSSO;510340;Cuiabá;Sim;Sim;ALVORADA;RUA LUIZ PHILIPE PEREIRA LEITE;ESTADUAL;;ATENDIMENTO CONTINUO DE 24 HORAS/DIA (PLANTAO:INCLUI SABADOS, DOMINGOS E FERIADOS);2;E;Não;Não;NAO;Não;Não;Não;Não;-15.569989;-56.073252;;2025-09-03
5188776;BENEDITO SOARES NETO;BENEDITO SOARES NETO;510340;Cuiabá;Sim;Sim;POCAO;AVENIDA GENERAL VALLE;MUNICIPAL;;ATENDIMENTO SOMENTE A TARDE;22;M;Não;Não;NAO;Não;Não;Não;Não;-15.602396914815072;-56.09414490282092;;2025-10-11
5188881;WALTER AVILA FRANCO;WALTER AVILA FRANCO;510340;Cuiabá;Sim;Sim;BAU;RUA CORUMBA;MUNICIPAL;;ATENDIMENTO SOMENTE A TARDE;22;M;Não;Não;NAO;Não;Não;Não;Não;;;;2025-09-03
5188938;GILSON MARCIO DA COSTA;GILSON MARCIO DA COSTA;510340;Cuiabá;Sim;Sim;JARDIM CUIABA;AVENIDA DAS FLORES;MUNICIPAL;;ATENDIMENTO SOMENTE A TARDE;22;M;Não;Não;NAO;Não;Não;Não;Não;-15.594967560177324;-56.11679783420125;;2025-10-17
5188946;ESTEVAO VIRGILIO VAZ CURVO;ESTEVAO VIRGILIO VAZ CURVO;510340;Cuiabá;Sim;Sim;JARDIM CUIABA;AVENIDA DAS FLORES;MUNICIPAL;;ATENDIMENTOS NOS TURNOS DA MANHA E A TARDE;22;M;Não;Não;NAO;Não;Não;Não;Não;-15.595163903546023;-56.11646524029659;;2025-10-17
5188954;ANGELO BARRIONUEVO GIL JUNIOR;ANGELO BARRIONUEVO GIL JUNIOR;510340;Cuiabá;Sim;Sim;LIXEIRA;RUA CORUMBA;MUNICIPAL;;ATENDIMENTOS NOS TURNOS DA MANHA E A TARDE;22;M;Não;Não;NAO;Não;Não;Não;Sim;-15.591379963556017;-56.08823805967067;65 3322-3540;2025-09-03
5189004;LUIZ MACHADO BALSTER NETO;LUIZ MACHADO BALSTER NETO;510340;Cuiabá;Sim;Sim;JARDIM KENNEDY;RUA SAO MIGUEL;MUNICIPAL;;ATENDIMENTOS NOS TURNOS DA MANHA E A TARDE;22;M;Não;Não;NAO;Não;Não;Não;Não;-15.61072583159349;-56.08008364541143;65 3052-2346;2025-11-27
5189144;RUBIA BERTOLDO VESTENA;RUBIA BERTOLDO VESTENA;510340;Cuiabá;Sim;Sim;JARDIM ACLIMACAO;AVENIDA RUBENS DE MENDONCA HIST ANT AV CPA;MUNICIPAL;;ATENDIMENTOS NOS TURNOS DA MANHA E A TARDE;22;M;Não;Não;NAO;Não;Não;Não;Sim;-15.581395813262889;-56.07804129114192;;2025-11-27
5189217;GIOVANI MENDES FERREIRA;GIOVANI MENDES FERREIRA;510340;Cuiabá;Sim;Sim;BAU;AVENIDA RUBENS DE MENDONCA;MUNICIPAL;;ATENDIMENTO SOMENTE A TARDE;22;M;Não;Não;NAO;Não;Não;Não;Não;-15.592321948890337;-56.091248026206095;65 3612-7033;2025-10-17
5189233;MARCELO RAMOS MENDES;MARCELO RAMOS MENDES;510340;Cuiabá;Sim;Sim;CENTRO SUL;RUA BARAO DE MELGACO;MUNICIPAL;;ATENDIMENTOS NOS TURNOS DA MANHA E A TARDE;22;M;Não;Não;NAO;Não;Não;Não;Sim;-15.60228380074655;-56.10180637859597;;2025-09-03
5189268;LUIZ MARIO CUIABANO;LUIZ MARIO CUIABANO;510340;Cuiabá;Sim;Sim;CENTRO;RUA CANDIDO MARIANO;MUNICIPAL;;ATENDIMENTO SOMENTE A TARDE;22;M;Não;Não;NAO;Não;Não;Não;Não;-15.595247014587748;-56.09735646440451;65 9902-5620;2025-11-27
5189292;JESUS APARECIDO DIAS;JESUS APARECIDO DIAS;510340;Cuiabá;Sim;Sim;ARAES;RUA GAGO COUTINHO;MUNICIPAL;;ATENDIMENTOS NOS TURNOS DA MANHA E A TARDE;22;M;Não;Não;NAO;Não;Não;Não;Não;-15.591507498325367;-56.091412978840005;65 3321-5914;2025-09-03
5189314;CLINICA GENUS;CLINICA DE ORTOPEDIA E TRAUMATOLOGIA GENUS LTDA;510340;Cuiabá;Sim;Sim;BOSQUE DA SAUDE;TOPAZIO;MUNICIPAL;;ATENDIMENTOS NOS TURNOS DA MANHA E A TARDE;36;M;Não;Não;NAO;Não;Não;Não;Sim;-15.58844573513535;-56.07706334965534;65 36480700;2025-09-03
5189365;GLAUCO LUIGI DALL AGLIO FERREIRA;GLAUCO LUIGI DALL AGLIO FERREIRA;510340;Cuiabá;Sim;Sim;JARDIM INDUSTRIARIO;AVENIDA 30;MUNICIPAL;;ATENDIMENTOS NOS TURNOS DA MANHA E A TARDE;22;M;Não;Não;NAO;Não;Não;Não;Sim;;;65 3052-0670;2025-09-03
5189381;GLAUCO LUIGI DALL AGLIO FERREIRA;GLAUCO LUIGI DALL AGLIO FERREIRA;510340;Cuiabá;Sim;Sim;CPA II;AVENIDA PROF ALICE FREIRE SILVA PEREIRA;MUNICIPAL;;ATENDIMENTOS NOS TURNOS DA MANHA E A TARDE;22;M;Não;Não;NAO;Não;Não;Não;Sim;;;(65) 3641-0129;2025-09-03
5189411;VERA MARIA COUTINHO TEODORIO DE OLIVEIRA;VERA MARIA COUTINHO TEODORIO DE OLIVEIRA;510340;Cuiabá;Sim;Sim;ARAES;RUA DESEMBARGADOR JOSE DE MESQUITA;MUNICIPAL;;ATENDIMENTO SOMENTE A TARDE;22;M;Não;Não;NAO;Não;Não;Não;Não;-15.588299696771152;-56.092304253359295;65 3321-8725;2025-09-03
5189519;SERGIO GRACAS DORILEO;SERGIO GRACAS DORILEO;510340;Cuiabá;Sim;Sim;CPA II;RUA RENATO SPINELLI;MUNICIPAL;;ATENDIMENTOS NOS TURNOS DA MANHA E A TARDE;22;M;Não;Não;NAO;Não;Não;Não;Sim;-15.586374645973082;-56.084553229162246;65 3641-1517;2025-11-27
5189535;GLAICE FRANCA ERRERA;GLAICE FRANCA ERRERA;510340;Cuiabá;Sim;Sim;BOSQUE DA SAUDE;AVENIDA RUBENS DE MENDONCA;MUNICIPAL;;ATENDIMENTOS NOS TURNOS DA MANHA E A TARDE;22;M;Não;Não;NAO;Não;Não;Não;Sim;-15.581209791282141;-56.077612137770494;65 3642-2042;2025-10-17
5189551;MARIA CECILIA KNOLL FARAH;MARIA CECILIA KNOLL FARAH;510340;Cuiabá;Sim;Sim;JARDIM CUIABA;AVENIDA DAS FLORES;MUNICIPAL;;ATENDIMENTO SOMENTE PELA MANHA;22;M;Não;Não;NAO;Não;Não;Não;Sim;-15.596;-56.097;65 3023-1252;2025-09-03
5189578;SIMONE BEZERRA SIQUEIRA;SIMONE BEZERRA SIQUEIRA;510340;Cuiabá;Sim;Sim;BANDEIRANTES;RUA GENERAL VALE;MUNICIPAL;;ATENDIMENTOS NOS TURNOS DA MANHA E A TARDE;22;M;Não;Não;NAO;Não;Não;Não;Sim;-15.602363275302276;-56.09234890859596;65 3321-6230;2025-11-27
5189594;RONIE RODRIGUES DOS SANTOS;RONIE RODRIGUES DOS SANTOS;510340;Cuiabá;Sim;Sim;ARAES;RUA GAGO COUTINHO;MUNICIPAL;;ATENDIMENTO SOMENTE A TARDE;22;M;Não;Não;NAO;Não;Não;Não;Não;-15.589843359676294;-56.09039239357402;65 2128-8000;2025-11-27
5189616;HILVANETE MONTEIRO FORTES;HILVANETE MONTEIRO FORTES;510340;Cuiabá;Sim;Sim;LIXEIRA;RUA CORUMBA;MUNICIPAL;;ATENDIMENTOS NOS TURNOS DA MANHA E A TARDE;22;M;Não;Não;NAO;Não;Não;Não;Não;-15.592528293951768;-56.089953214490855;65 3321-2619;2025-11-04
5189632;MARILIA MOTA DA SILVA PEREIRA;MARILIA MOTA DA SILVA PEREIRA;510340;Cuiabá;Sim;Sim;BAU;RUA CORUMBA;MUNICIPAL;;ATENDIMENTO SOMENTE A TARDE;22;M;Não;Não;NAO;Não;Não;Não;Não;-15.592543265826817;-56.09025845984974;65 3321-2277;2025-09-03
5189675;REJANE MARTINS RIBEIRO ITABORAHY;REJANE MARTINS RIBEIRO ITABORAHY;510340;Cuiabá;Sim;Sim;JD MARIANA;AV MIGUEL SUTIL;MUNICIPAL;;ATENDIMENTOS NOS TURNOS DA MANHA E A TARDE;22;M;Não;Não;NAO;Não;Não;Não;Não;-15.582312461672274;-56.11132612241505;65 3322-3540;2025-10-11
5189683;FABIO ALEXANDRO LOPES;FABIO ALEXANDRO LOPES;510340;Cuiabá;Sim;Sim;JARDIM CUIABA;AVENIDA DAS FLORES;MUNICIPAL;;ATENDIMENTOS NOS TURNOS DA MANHA E A TARDE;22;M;Não;Não;NAO;Não;Não;Não;Não;-15.59509544172873;-56.116525589997444;;2025-10-17
5189691;KENIA KATIA BRANDAO DE VASCONCELOS;KENIA KATIA BRANDAO DE VASCONCELOS;510340;Cuiabá;Sim;Sim;DUQUE DE CAXIAS;RUA GENERAL RAMIRO DE NORONHA;MUNICIPAL;;ATENDIMENTOS NOS TURNOS DA MANHA E A TARDE;22;M;Não;Não;NAO;Não;Não;Não;Não;-15.595991383560744;-56.1112183635686;;2025-09-03
5189705;CELSO TAQUES SALDANHA;CELSO TAQUES SALDANHA;510340;Cuiabá;Sim;Sim;BANDEIRANTES;RUA BALTAZAR NAVARROS;MUNICIPAL;;ATENDIMENTOS NOS TURNOS DA MANHA E A TARDE;22;M;Não;Não;NAO;Não;Não;Não;Não;-15.59856233426379;-56.090686419771785;;2025-09-03
5189756;MASTER;S O S RESGATE LTDA;510340;Cuiabá;Sim;Sim;QUILOMBO;AVENIDA PRESIDENTE MARQUES;MUNICIPAL;;ATENDIMENTO CONTINUO DE 24 HORAS/DIA (PLANTAO:INCLUI SABADOS, DOMINGOS E FERIADOS);42;M;;Não;NAO;;;;Sim;;;65 3622-0606;2025-09-03
5189780;IVECO I;S O S RESGATE LTDA;510340;Cuiabá;Sim;Sim;QUILOMBO;AVENIDA PRESIDENTE MARQUES;MUNICIPAL;;ATENDIMENTO CONTINUO DE 24 HORAS/DIA (PLANTAO:INCLUI SABADOS, DOMINGOS E FERIADOS);42;M;;Não;NAO;;;;Sim;;;;2025-09-03
5189799;IVECO II;S O S RESGATE LTDA;510340;Cuiabá;Sim;Sim;QUILOMBO;AVENIDA PRESIDENTE MARQUES;MUNICIPAL;;ATENDIMENTO CONTINUO DE 24 HORAS/DIA (PLANTAO:INCLUI SABADOS, DOMINGOS E FERIADOS);42;M;;Não;NAO;;;;Sim;;;065 3622-0606;2025-09-03
5192757;CLINICA DO FALAR E OUVIR BEM;ALECIO E ALECIO LTDA;510340;Cuiabá;Sim;Sim;CENTRO SUL;RUA MAJOR GAMA;MUNICIPAL;;ATENDIMENTOS NOS TURNOS DA MANHA E A TARDE;36;M;Não;Não;NAO;Não;Não;Não;Sim;;;65 3624-6807;2025-09-03
5194946;LUIZ AUGUSTO PEREIRA INEZ DE ALMEIDA;LUIZ AUGUSTO PEREIRA INEZ DE ALMEIDA;510340;Cuiabá;Sim;Sim;CENTRO;RUA MARECHAL FLORIANO PEIXOTO;MUNICIPAL;;ATENDIMENTOS NOS TURNOS DA MANHA E A TARDE;22;M;Não;Não;NAO;Não;Não;Não;Não;-15.59352275474679;-56.09814225738277;;2025-11-27
5199581;JOSE ALFREDO SEJOPOLES;JOSE ALFREDO SEJOPOLES;510340;Cuiabá;Sim;Sim;BOSQUE DA SAUDE;AVENIDA HIST RUBENS DE MENDONCA;MUNICIPAL;;ATENDIMENTOS NOS TURNOS DA MANHA E A TARDE;22;M;Não;Não;NAO;Não;Não;Não;Sim;-15.584907765546967;-56.07971632470996;65 3642-3664;2025-09-03
5199662;JOSE CARLOS GUIMARAES;JOSE CARLOS GUIMARAES;510340;Cuiabá;Sim;Sim;SANTA HELENA;RUA MARECHAL DEODORO;MUNICIPAL;;ATENDIMENTOS NOS TURNOS DA MANHA E A TARDE;22;M;Não;Não;NAO;Não;Não;Não;Não;;;65 2123-0300;2025-09-03
5199980;NEI MOREIRA DA SILVA;NEI MOREIRA DA SILVA;510340;Cuiabá;Sim;Sim;CENTRO SUL;RUA BARAO DE MELGACO;MUNICIPAL;;ATENDIMENTO SOMENTE A TARDE;22;M;Não;Não;NAO;Não;Não;Não;Não;-15.602234538423266;-56.101757627563295;(65) 3322-4432;2025-09-03
5200040;MARIA CRISTINA DE PROSPERO AMUI;MARIA CRISTINA DE PROSPERO AMUI;510340;Cuiabá;Sim;Sim;JARDIM CUIABA;AVENIDA DAS FLORES;MUNICIPAL;;ATENDIMENTO SOMENTE A TARDE;22;M;Não;Não;NAO;Não;Não;Não;Não;-15.595011045665174;-56.11800419402525;65 3051-3562;2025-09-03
5205360;AKIRA TAKIUCHI;AKIRA TAKIUCHI;510340;Cuiabá;Sim;Sim;BOSQUE DA SAUDE;AVENIDA ACLIMACAO;MUNICIPAL;;ATENDIMENTOS NOS TURNOS DA MANHA E A TARDE;22;M;Não;Não;NAO;Não;Não;Não;Não;;;65 3642-1700;2025-09-03
5206286;TATHIANE ANDREA PEREIRA AMORIM;TATHIANE ANDREA PEREIRA AMORIM;510340;Cuiabá;Sim;Sim;BAU;RUA SAO BENEDITO;MUNICIPAL;;ATENDIMENTOS NOS TURNOS DA MANHA E A TARDE;22;M;Não;Não;NAO;Não;Não;Não;Sim;-15.593835470996558;-56.09252810467056;65 3321-6419;2025-11-27
5208084;RAFAEL ALBUQUERQUE;RAFAEL ALBUQUERQUE;510340;Cuiabá;Sim;Sim;CENTRO SUL;RUA TENENTE CEL THOGO DA SILVA PEREIRA;MUNICIPAL;;ATENDIMENTOS NOS TURNOS DA MANHA E A TARDE;22;M;Não;Não;NAO;Não;Não;Não;Sim;-15.597851410685534;-56.10963061940252;;2025-11-27
5208734;SIMAO BARGAS DA COSTA;SIMAO BARGAS DA COSTA;510340;Cuiabá;Sim;Sim;GOIABEIRAS;RUA 24 DE OUTUBRO;MUNICIPAL;;ATENDIMENTO SOMENTE A TARDE;22;M;Não;Não;NAO;Não;Não;Não;Não;-15.591677392699829;-56.10555703258556;65 3623-1696;2025-11-27
5210933;ANA MARIA PEREIRA AKIAMA;ANA MARIA PEREIRA AKIAMA;510340;Cuiabá;Sim;Sim;CENTRO NORTE;RUA CANDIDO MARIANO;MUNICIPAL;;ATENDIMENTOS NOS TURNOS DA MANHA E A TARDE;22;M;Não;Não;NAO;Não;Não;Não;Não;-15.594952293278002;-56.097307199670034;65 3025-2385;2025-09-03
5211077;MEDNEURO;MEDNEURO SERVICOS MEDICOS LTDA;510340;Cuiabá;Sim;Sim;BOSQUE DA SAUDE;ACLIMACAO;MUNICIPAL;;ATENDIMENTO CONTINUO DE 24 HORAS/DIA (PLANTAO:INCLUI SABADOS, DOMINGOS E FERIADOS);36;M;Não;Não;NAO;Não;Não;Não;Não;-15.586179481066251;-56.078696023682156;65 33225186;2025-09-03
5212278;WILSON GUIMARAES NOVAIS;WILSON GUIMARAES NOVAIS;510340;Cuiabá;Sim;Sim;BANDEIRANTES;RUA MANOEL GARCIA VELHO;MUNICIPAL;;ATENDIMENTOS NOS TURNOS DA MANHA E A TARDE;22;M;Não;Não;NAO;Não;Não;Não;Não;;;;2025-09-03
5212286;LUCIANO RICARDO FRANCA DA SILVA;LUCIANO RICARDO FRANCA DA SILVA;510340;Cuiabá;Sim;Sim;BOSQUE DA SAUDE;AVENIDA ACLIMACAO;MUNICIPAL;;ATENDIMENTOS NOS TURNOS DA MANHA E A TARDE;22;M;Não;Não;NAO;Não;Não;Não;Sim;-15.587886576688351;-56.0770387803241;65 3051-2345;2025-11-27
5212294;JONY SOARES RAMOS;JONY SOARES RAMOS;510340;Cuiabá;Sim;Sim;BOSQUE DA SAUDE;AVENIDA ACLIMACAO;MUNICIPAL;;ATENDIMENTOS NOS TURNOS DA MANHA E A TARDE;22;M;Não;Não;NAO;Não;Não;Não;Sim;-15.596;-56.097;;2025-09-03
5212308;EISLER CRISTIANE CARVALHO VIEGAS;EISLER CRISTIANE CARVALHO VIEGAS;510340;Cuiabá;Sim;Sim;CENTRO;RUA MARECHAL DEODORO DA FONSECA;MUNICIPAL;;ATENDIMENTOS NOS TURNOS DA MANHA E A TARDE;22;M;Não;Não;NAO;Não;Não;Não;Não;-15.6623496;-56.1209502;8416-8007;2025-09-03
5212316;SONIA MARIA TRINDADE GUTIERREZ;SONIA MARIA TRINDADE GUTIERREZ;510340;Cuiabá;Sim;Sim;GOIABEIRAS;AVENIDA ISAAC POVOAS;MUNICIPAL;;ATENDIMENTO SOMENTE A TARDE;22;M;Não;Não;NAO;Não;Não;Não;Não;-15.594656025214583;-56.10218608932791;;2025-11-27
5215056;ADEMIR CAPISTRANO PEREIRA;ADEMIR CAPISTRANO PEREIRA;510340;Cuiabá;Sim;Sim;QUILOMBO;RUA JOAO BENTO;MUNICIPAL;;ATENDIMENTO SOMENTE A TARDE;22;M;Não;Não;NAO;Não;Não;Não;Não;-15.5874785;-56.1066574;65 3624-5530;2025-09-03
5214858;REGINALDO NUNES DE MORAES;REGINALDO NUNES DE MORAES;510340;Cuiabá;Sim;Sim;JARDIM MARIANA;RUA ADEL MALUF;MUNICIPAL;;ATENDIMENTOS NOS TURNOS DA MANHA E A TARDE;22;M;Não;Não;NAO;Não;Não;Não;Não;;;65 3618-8122;2025-09-03
5214882;DENISE APARECIDA DE ALMEIDA BOTTI;DENISE APARECIDA DE ALMEIDA BOTTI;510340;Cuiabá;Sim;Sim;BAU;RUA GAGO COUTINHO;MUNICIPAL;;ATENDIMENTOS NOS TURNOS DA MANHA E A TARDE;22;M;Não;Não;NAO;Não;Não;Não;Não;-15.591510081835024;-56.09136402905389;2128-8000;2025-09-03
5214890;ANTONIO DE MORAES CHAGAS;ANTONIO DE MORAES CHAGAS;510340;Cuiabá;Sim;Sim;BANDEIRANTES;RUA MANOEL GARCIA VELHO;MUNICIPAL;;ATENDIMENTOS NOS TURNOS DA MANHA E A TARDE;22;M;Não;Não;NAO;Não;Não;Não;Não;-15.595845179900968;-56.096682250499725;;2025-09-03
5214904;HELIO COSTA FILHO;HELIO COSTA FILHO;510340;Cuiabá;Sim;Sim;JARDIM CUIABA;AVENIDA DAS DALIAS;MUNICIPAL;;ATENDIMENTO SOMENTE A TARDE;22;M;Não;Não;NAO;Não;Não;Não;Não;-15.596;-56.097;65 3051-3562;2025-09-03
5214920;ALVINO FRANCISCO DA SILVA FILHO;ALVINO FRANCISCO DA SILVA FILHO;510340;Cuiabá;Sim;Sim;JARDIM CUIABA;AVENIDA DAS FLORES;MUNICIPAL;;ATENDIMENTOS NOS TURNOS DA MANHA E A TARDE;22;M;Não;Não;NAO;Não;Não;Não;Não;-15.595082736761105;-56.11795256107755;65 3322-8288;2025-09-03
5214963;NADIM AMUI JUNIOR;NADIM AMUI JUNIOR;510340;Cuiabá;Sim;Sim;JARDIM CUIABA;AVENIDA DAS FLORES;MUNICIPAL;;ATENDIMENTO SOMENTE A TARDE;22;M;Não;Não;NAO;Não;Não;Não;Não;-15.5945002;-56.1205235;;2025-09-03
5220599;WILSON XAVIER GOGOLEVSKY;WILSON XAVIER GOGOLEVSKY;510340;Cuiabá;Sim;Sim;JARDIM MARIANA;AV MIGUEL SUTIL;MUNICIPAL;;ATENDIMENTOS NOS TURNOS DA MANHA E A TARDE;22;M;Não;Não;NAO;Não;Não;Não;Não;-15.580772614962179;-56.11148705490644;65 3028-2768;2026-03-10
5221315;DEOCLECIANO OLIVEIRA FILHO;DEOCLECIANO OLIVEIRA FILHO;510340;Cuiabá;Sim;Sim;POCAO;RUA MIRANDA REIS;MUNICIPAL;;ATENDIMENTOS NOS TURNOS DA MANHA E A TARDE;22;M;Não;Não;NAO;Não;Não;Não;Não;-15.603909601279762;-56.09349042246154;65 3624-0044;2025-09-03
5221609;WILFRAN OLIVEIRA BERTHOLDO DE SOUZA;WILFRAN OLIVEIRA BERTHOLDO DE SOUZA;510340;Cuiabá;Sim;Sim;BANDEIRANTES;RUA MIRANDA REIS;MUNICIPAL;;ATENDIMENTOS NOS TURNOS DA MANHA E A TARDE;22;M;Não;Não;NAO;Não;Não;Não;Não;-15.603232621103517;-56.09094012827455;65 3623-7744;2025-11-27
5221625;ERIKA MONICA LOPES BELLO;ERIKA MONICA LOPES BELLO;510340;Cuiabá;Sim;Sim;ARAES;RUA GAGO COUTINHO;MUNICIPAL;;ATENDIMENTOS NOS TURNOS DA MANHA E A TARDE;22;M;Não;Não;NAO;Não;Não;Não;Não;;;65 3623-1698;2025-09-03
5221692;INTEGRAL SAUDE;ALIPIO CESAR DOS SANTOS OLIVEIRA;510340;Cuiabá;Sim;Sim;JARDIM TROPICAL;AVENIDA TANCREDO NEVES;MUNICIPAL;;ATENDIMENTOS NOS TURNOS DA MANHA E A TARDE;22;M;Não;Não;NAO;Não;Não;Não;Não;-15.619045978614677;-56.07741427021425;65 3621-5665;2025-09-03
5221765;ACIR ANDRE NOVACZYK;ACIR ANDRE NOVACZYK;510340;Cuiabá;Sim;Sim;ARAES;RUA GAGO COUTINHO;MUNICIPAL;;ATENDIMENTOS NOS TURNOS DA MANHA E A TARDE;22;M;Não;Não;NAO;Não;Não;Não;Não;-15.591672842906;-56.09134257224198;65 3321-5999;2025-09-03
5221803;ROBERTA COELHO RODRIGUES DUARTE;ROBERTA COELHO RODRIGUES DUARTE;510340;Cuiabá;Sim;Sim;LIXEIRA;RUA CORUMBA;MUNICIPAL;;ATENDIMENTOS NOS TURNOS DA MANHA E A TARDE;22;M;Não;Não;NAO;Não;Não;Não;Não;-15.591336689728843;-56.08828231611685;65 3322-6346;2025-09-03
5221811;CARLOS ALBERTO ZAGUINI;CARLOS ALBERTO ZAGUINI;510340;Cuiabá;Sim;Sim;LIXEIRA;RUA CORUMBA;MUNICIPAL;;ATENDIMENTOS NOS TURNOS DA MANHA E A TARDE;22;M;Não;Não;NAO;Não;Não;Não;Não;-15.595876181366043;-56.09721601009369;;2025-09-03
5221846;ACIR ANDRE NOVACZYK LTDA;ACIR ANDRE NOVACZYK LTDA;510340;Cuiabá;Sim;Sim;BAU;CORUMBA;MUNICIPAL;;ATENDIMENTOS NOS TURNOS DA MANHA E A TARDE;22;M;Não;Não;NAO;Não;Não;Não;Não;-15.59153793768288;-56.08859095379801;65 30287328;2025-09-03
5221900;WALDEMIR OLOVARRIA DE PINHO;WALDEMIR OLOVARRIA DE PINHO;510340;Cuiabá;Sim;Sim;CENTRO;RUA ANTONIO MARIA;MUNICIPAL;;ATENDIMENTO SOMENTE PELA MANHA;22;M;Não;Não;NAO;Não;Não;Não;Sim;;;;2025-09-03
5221943;MARCELO ROSA DA SILVA;MARCELO ROSA DA SILVA;510340;Cuiabá;Sim;Sim;LIXEIRA;RUA AMERICO SALGADO;MUNICIPAL;;ATENDIMENTO SOMENTE A TARDE;22;M;Não;Não;NAO;Não;Não;Não;Não;-15.593603259345375;-56.08874713122959;65 3321-9401;2025-09-03
5221951;GILBERTO YOSHIEI KANASHIRO;GILBERTO YOSHIEI KANASHIRO;510340;Cuiabá;Sim;Sim;JARDIM MARIANA;RUA ADEL MALUF;MUNICIPAL;;ATENDIMENTOS NOS TURNOS DA MANHA E A TARDE;22;M;Não;Não;NAO;Não;Não;Não;Não;-15.596;-56.097;65 3618-8176;2025-09-03
5221994;ALZICLEIDE FLORENCIO PINHEIRO;ALZICLEIDE FLORENCIO PINHEIRO;510340;Cuiabá;Sim;Sim;BANDEIRANTES;RUA GENERAL VALE;MUNICIPAL;;ATENDIMENTO SOMENTE A TARDE;22;M;Não;Não;NAO;Não;Não;Não;Não;-15.6029817716624;-56.09438020333495;65 3322-3796;2025-09-03
5222001;ANTONIO APARECIDO DA SILVA;ANTONIO APARECIDO DA SILVA;510340;Cuiabá;Sim;Sim;JARDIM BURITY;RUA 1;MUNICIPAL;;ATENDIMENTO SOMENTE A TARDE;22;M;Não;Não;NAO;Não;Não;Não;Não;-15.596046689340252;-56.09696388244629;65 3661-6725;2025-09-03
5222036;HUMBERTO IKUO SHIBASAKI;HUMBERTO IKUO SHIBASAKI;510340;Cuiabá;Sim;Sim;BOSQUE DA SAUDE;RUA DAS PEROLAS;MUNICIPAL;;ATENDIMENTO SOMENTE A TARDE;22;M;Não;Não;NAO;Não;Não;Não;Não;-15.589598451071199;-56.07755131936349;65 3642-6500;2025-11-04
5222044;PERCIO ROBERTO ALVES DE MACEDO;PERCIO ROBERTO ALVES DE MACEDO;510340;Cuiabá;Sim;Sim;CENTRO;RUA CORUMBA;MUNICIPAL;;ATENDIMENTO SOMENTE A TARDE;22;M;Não;Não;NAO;Não;Não;Não;Não;-15.592685241353317;-56.08989822920824;65 3321-9074;2025-11-27
5222052;ANA CAROLINA SPERANDEO DE FRANCA;ANA CAROLINA SPERANDEO DE FRANCA;510340;Cuiabá;Sim;Sim;DUQUE DE CAXIAS;RUA ALMIRANTE HENRIQUE PINHEIRO GUEDES;MUNICIPAL;;ATENDIMENTOS NOS TURNOS DA MANHA E A TARDE;22;M;Não;Não;NAO;Não;Não;Não;Não;;;65 3622-0037;2025-09-03
5222060;ANDREA MAZONI LOPES;ANDREA MAZONI LOPES;510340;Cuiabá;Sim;Sim;BAU;AVENIDA RUBENS DE MENDONCA;MUNICIPAL;;ATENDIMENTO SOMENTE A TARDE;22;M;Não;Não;NAO;Não;Não;Não;Não;;;65 3612-7001;2025-09-03
5222079;OCTACIR SILVA JUNIOR;OCTACIR SILVA JUNIOR;510340;Cuiabá;Sim;Sim;BOSQUE DA SAUDE;RUA ACLIMACAO;MUNICIPAL;;ATENDIMENTO SOMENTE A TARDE;22;M;Não;Não;NAO;Não;Não;Não;Não;;;65 3025-1922;2025-09-03
5222117;SANDRA MARIA SILVA LEITE SAKATA;SANDRA MARIA SILVA LEITE SAKATA;510340;Cuiabá;Sim;Sim;CENTRO;RUA BARAO DE MELGACO;MUNICIPAL;;ATENDIMENTOS NOS TURNOS DA MANHA E A TARDE;22;M;Não;Não;NAO;Não;Não;Não;Sim;-15.606731951207136;-56.106727206519636;65 3624-7462;2025-11-27
5222125;AUGUSTO AURELIO DE CARVALHO;AUGUSTO AURELIO DE CARVALHO;510340;Cuiabá;Sim;Sim;POCAO;AVENIDA GENERAL VALLE;MUNICIPAL;;ATENDIMENTO SOMENTE A TARDE;22;M;Não;Não;NAO;Não;Não;Não;Não;-15.602738818290954;-56.092763038881635;65 3622-0007;2025-10-11
5222141;VANDA PARREIRA DE ARAUJO SILVA;VANDA PARREIRA DE ARAUJO SILVA;510340;Cuiabá;Sim;Sim;JARDIM CUIABA;AVENIDA DAS FLORES;MUNICIPAL;;ATENDIMENTO SOMENTE A TARDE;22;M;Não;Não;NAO;Não;Não;Não;Não;-15.594637575191788;-56.12047450275687;65 321-9734;2025-11-27
5222168;WERNER HEINZ FOCKINK;WERNER HEINZ FOCKINK;510340;Cuiabá;Sim;Sim;JARDIM CUIABA;RUA DAS DALIAS;MUNICIPAL;;ATENDIMENTO SOMENTE A TARDE;22;M;Não;Não;NAO;Não;Não;Não;Não;-15.594611041475181;-56.11654570656385;;2025-11-27
5222192;NAJOA TERESA BAZZI;NAJOA TERESA BAZZI;510340;Cuiabá;Sim;Sim;BOSQUE DA SAUDE;AVENIDA ACLIMACAO;MUNICIPAL;;ATENDIMENTO SOMENTE PELA MANHA;22;M;Não;Não;NAO;Não;Não;Não;Não;-15.596;-56.097;65 3051-2222;2025-09-03
5222214;IZAUL DE ALMEIDA NASCIMENTO;IZAUL DE ALMEIDA NASCIMENTO;510340;Cuiabá;Sim;Sim;JD ACLIMACAO;AVENIDA RUBENS DE MENDONCA;MUNICIPAL;;ATENDIMENTO SOMENTE A TARDE;22;M;Não;Não;NAO;Não;Não;Não;Não;-15.58220767859416;-56.07693652303389;3025-5507;2025-09-03
5222222;GONCALO CURVO DA SILVA;GONCALO CURVO DA SILVA;510340;Cuiabá;Sim;Sim;BOSQUE DA SAUDE;AVENIDA ACLIMACAO;MUNICIPAL;;ATENDIMENTOS NOS TURNOS DA MANHA E A TARDE;22;M;Não;Não;NAO;Não;Não;Não;Não;-15.587946599395444;-56.0769925262051;65 3051-2300;2025-11-04
5222230;ELIZABETH VAZ DE FIGUEIREDO MORENO BATISTA;ELIZABETH VAZ DE FIGUEIREDO MORENO BATISTA;510340;Cuiabá;Sim;Sim;DUQUE DE CAXIAS;RUA ALMIRANTE HENRIQUE GUEDES;MUNICIPAL;;ATENDIMENTOS NOS TURNOS DA MANHA E A TARDE;22;M;Não;Não;NAO;Não;Não;Não;Não;-15.587805732148555;-56.11470480467063;65 3624-8344;2025-10-17
5222249;JOEL BRANDAO MOLINA;JOEL BRANDAO MOLINA;510340;Cuiabá;Sim;Sim;CENTRO;RUA JOAQUIM MURTINHO;MUNICIPAL;;ATENDIMENTOS NOS TURNOS DA MANHA E A TARDE;22;M;Não;Não;NAO;Não;Não;Não;Não;-15.6012442;-56.0999392;65 3321-4906;2025-09-03
5222273;ENORI JUNGES;ENORI JUNGES;510340;Cuiabá;Sim;Sim;SANTA IZABEL;AVENIDA AGRICOLA PAES DE BARROS;MUNICIPAL;;ATENDIMENTO SOMENTE PELA MANHA;22;M;Não;Não;NAO;Não;Não;Não;Não;-15.603783;-56.1301353;;2025-09-03
5222303;HELIA APARECIDA VEXEL FONTES;HELIA APARECIDA VEXEL FONTES;510340;Cuiabá;Sim;Sim;JARDIM MARIANA;RUA ADEL MALUF;MUNICIPAL;;ATENDIMENTO SOMENTE PELA MANHA;22;M;Não;Não;NAO;Não;Não;Não;Não;-15.579297267701504;-56.11116947971467;65 3618-8185;2025-09-03
5222389;HILDENETE MONTEIRO FORTES;HILDENETE MONTEIRO FORTES;510340;Cuiabá;Sim;Sim;BANDEIRANTES;RUA CORONEL ESCOLASTICO;MUNICIPAL;;ATENDIMENTO SOMENTE A TARDE;22;M;Não;Não;NAO;Não;Não;Não;Não;-15.598858826967154;-56.08910944699927;;2025-11-04
5222419;ADALBERTO FERREIRA DA SILVA;ADALBERTO FERREIRA DA SILVA;510340;Cuiabá;Sim;Sim;JARDIM CUIABA;AVENIDA DAS FLORES;MUNICIPAL;;ATENDIMENTOS NOS TURNOS DA MANHA E A TARDE;22;M;Não;Não;NAO;Não;Não;Não;Não;-15.5956726;-56.1115172;65 3624-1741;2025-09-03
5224772;CHARLIE SCALABRIN DA SILVA;CHARLIE SCALABRIN DA SILVA;510340;Cuiabá;Sim;Sim;CENTRO SUL;RUA COMANDANTE COSTA;MUNICIPAL;;ATENDIMENTOS NOS TURNOS DA MANHA E A TARDE;22;M;Não;Não;NAO;Não;Não;Não;Sim;-15.601570342566205;-56.10381062169107;65 3322-0764;2025-09-03
5224799;ANA ELISA PELAYO HERRERA E SILVA;ANA ELISA PELAYO HERRERA E SILVA;510340;Cuiabá;Sim;Sim;CENTRO;RUA COMANDANTE COSTA;MUNICIPAL;;ATENDIMENTOS NOS TURNOS DA MANHA E A TARDE;22;M;Não;Não;NAO;Não;Não;Não;Sim;-15.601614333828543;-56.10380757341652;65 33220764;2025-10-11
5225221;CLINICA SILHUETA;SILHUETA CLINICA MEDICA LTDA;510340;Cuiabá;Sim;Sim;CENTRO;24 DE OUTUBRO;MUNICIPAL;;ATENDIMENTOS NOS TURNOS DA MANHA E A TARDE;22;M;Não;Não;NAO;Não;Não;Não;Sim;-15.595476749466371;-56.09952645002402;;2025-09-03
5225280;ANDREIA MAGUI SILVA DO AMARAL;ANDREIA MAGUI SILVA DO AMARAL;510340;Cuiabá;Sim;Sim;MIGUEL SUTIL;RUA G;MUNICIPAL;;ATENDIMENTOS NOS TURNOS DA MANHA E A TARDE;22;M;Não;Não;NAO;Não;Não;Não;Não;;;65 3642-3020;2025-09-03
5225302;FABIANO SAULO ROCHA JUNIOR;FABIANO SAULO ROCHA JUNIOR;510340;Cuiabá;Sim;Sim;DUQUE DE CAXIAS;RUA RAMIRO DE NORONHA;MUNICIPAL;;ATENDIMENTOS NOS TURNOS DA MANHA E A TARDE;22;M;Não;Não;NAO;Não;Não;Não;Não;;;65 3617-9927;2025-09-03
5225310;ANDREIA MAGUI SILVA DO AMARAL;ANDREIA MAGUI SILVA DO AMARAL;510340;Cuiabá;Sim;Sim;JARDIM CUIABA;AVENIDA DAS FLORES;MUNICIPAL;;ATENDIMENTOS NOS TURNOS DA MANHA E A TARDE;22;M;Não;Não;NAO;Não;Não;Não;Não;-15.595036880261281;-56.11784594328142;65 3623-9880;2025-09-03
5225329;FABIANO SAULO ROCHA JUNIOR;FABIANO SAULO ROCHA JUNIOR;510340;Cuiabá;Sim;Sim;JARDIM CUIABA;AVENIDA DAS FLORES;MUNICIPAL;;ATENDIMENTOS NOS TURNOS DA MANHA E A TARDE;22;M;Não;Não;NAO;Não;Não;Não;Não;;;65 3051-3598;2025-09-03
5225418;JOAO GUALBERTO CABRAL NETO;JOAO GUALBERTO CABRAL NETO;510340;Cuiabá;Sim;Sim;GRANDE TERCEIRO;RUA RIO CAJABI;MUNICIPAL;;ATENDIMENTOS NOS TURNOS DA MANHA E A TARDE;22;M;Não;Não;NAO;Não;Não;Não;Não;;;65 3624-5422;2025-09-03
5225620;ANA FRANCISCA POMPEU DE BARROS;ANA FRANCISCA POMPEU DE BARROS;510340;Cuiabá;Sim;Sim;CENTRO;RUA COMANDANTE COSTA;MUNICIPAL;;ATENDIMENTOS NOS TURNOS DA MANHA E A TARDE;22;M;Não;Não;NAO;Não;Não;Não;Sim;-15.601636218823334;-56.10381933902164;;2025-09-03
5225639;CID DE CAMPOS BORGES;CID DE CAMPOS BORGES;510340;Cuiabá;Sim;Sim;CENTRO;RUA CANDIDO MARIANO;MUNICIPAL;;ATENDIMENTOS NOS TURNOS DA MANHA E A TARDE;22;M;Não;Não;NAO;Não;Não;Não;Sim;;;65 3623-0608;2025-09-03
5225698;BENILDES BENEDITA CORREA DO AMARAL;BENILDES BENEDITA CORREA DO AMARAL;510340;Cuiabá;Sim;Sim;JARDIM DAS AMERICAS;AVENIDA BRASILIA;MUNICIPAL;;ATENDIMENTO SOMENTE A TARDE;22;M;Não;Não;NAO;Não;Não;Não;Não;;;;2025-09-03
5225728;FRANCISCO LUSTOSA DE FIGUEIREDO;FRANCISCO LUSTOSA DE FIGUEIREDO;510340;Cuiabá;Sim;Sim;QUILOMBO;RUA 24 DE OUTUBRO;MUNICIPAL;;ATENDIMENTO SOMENTE A TARDE;22;M;Não;Não;NAO;Não;Não;Não;Não;;;65 3623-1696;2025-09-03
5226732;ARQUIMEDIO ANTONIO DE OLIVEIRA;ARQUIMEDIO ANTONIO DE OLIVEIRA;510340;Cuiabá;Sim;Sim;BAU;AVENIDA RUBENS DE MENDONCA;MUNICIPAL;;ATENDIMENTO SOMENTE A TARDE;22;M;Não;Não;NAO;Não;Não;Não;Não;-15.590517516559743;-56.08737570768521;65 3612-7000;2025-09-03
5227119;PEDRO DE MIRANDA MARTINS;PEDRO DE MIRANDA MARTINS;510340;Cuiabá;Sim;Sim;JARDIM CUIABA;RUA DAS DALIAS;MUNICIPAL;;ATENDIMENTO SOMENTE A TARDE;22;M;Não;Não;NAO;Não;Não;Não;Não;-15.594190066459472;-56.11716152615238;65 3023-1616;2025-11-27
5227356;AUGUSTO BUENO DE AZEVEDO NETO;AUGUSTO BUENO DE AZEVEDO NETO;510340;Cuiabá;Sim;Sim;QUILOMBO;AVENIDA SENADOR FILINTO MULLER;MUNICIPAL;;ATENDIMENTOS NOS TURNOS DA MANHA E A TARDE;22;M;Não;Não;NAO;Não;Não;Não;Não;-15.586629794376584;-56.104594649821124;65 3621-2633;2025-10-11
5227364;ALDA ELIZABETH BOEHLER IGLESIAS AZEVEDO;ALDA ELIZABETH BOEHLER IGLESIAS AZEVEDO;510340;Cuiabá;Sim;Sim;QUILOMBO;AVENIDA SENADOR FILINTO MULLER;MUNICIPAL;;ATENDIMENTOS NOS TURNOS DA MANHA E A TARDE;22;M;Não;Não;NAO;Não;Não;Não;Não;-15.586472767142476;-56.10458271825768;65 3621-2633;2025-09-03
5229340;IZABEL CRISTINA SILVA;IZABEL CRISTINA SILVA;510340;Cuiabá;Sim;Sim;CENTRO NORTE;AVENIDA DOM BOSCO;MUNICIPAL;;ATENDIMENTOS NOS TURNOS DA MANHA E A TARDE;22;M;Não;Não;NAO;Não;Não;Não;Não;-15.606422059979138;-56.09605261303962;65 3624-9211;2025-09-03
5229383;IPSI INSTITUTO PANAMERICANO DE SAUDE INTEGRAL;CLINICA CARDIO PULMONAR DE CUIABA LTDA;510340;Cuiabá;Sim;Sim;JARDIM MARIANA;AVENIDA MIGUEL SUTIL EDF SANTA ROSA TOWER;MUNICIPAL;;ATENDIMENTOS NOS TURNOS DA MANHA E A TARDE;36;M;Não;Não;NAO;Não;Não;Não;Sim;-15.579023661125863;-56.11011008053512;(65) 3626-2020;2025-09-03
5229774;JORGE BARBOSA CARAMURU;JORGE BARBOSA CARAMURU;510340;Cuiabá;Sim;Sim;JARDIM CUIABA;AVENIDA DAS FLORES;MUNICIPAL;;ATENDIMENTOS NOS TURNOS DA MANHA E A TARDE;22;M;Não;Não;NAO;Não;Não;Não;Não;-15.595110509024126;-56.11808465921596;65 3623-2510;2025-09-03
5229839;ADEMAR GARCIA;ADEMAR GARCIA;510340;Cuiabá;Sim;Sim;JARDIM CUIABA;AVENIDA DAS FLORES;MUNICIPAL;;ATENDIMENTOS NOS TURNOS DA MANHA E A TARDE;22;M;Não;Não;NAO;Não;Não;Não;Não;-15.5956726;-56.1115172;;2025-09-03
5229863;FATIMA GRUNWALD LAILA GARCIA;FATIMA GRUNWALD LAILA GARCIA;510340;Cuiabá;Sim;Sim;JARDIM CUIABA;AVENIDA DAS FLORES;MUNICIPAL;;ATENDIMENTOS NOS TURNOS DA MANHA E A TARDE;22;M;Não;Não;NAO;Não;Não;Não;Não;-15.59502439643495;-56.11670127468056;;2025-10-17
5229901;LUIZ JOSE BARAO DE ARRUDA VIEGAS;LUIZ JOSE BARAO DE ARRUDA VIEGAS;510340;Cuiabá;Sim;Sim;QUILOMBO;RUA FILINTO MULER;MUNICIPAL;;ATENDIMENTOS NOS TURNOS DA MANHA E A TARDE;22;M;Não;Não;NAO;Não;Não;Não;Não;;;65 3623-3131;2025-09-03
5229979;JUAREZ ANTONIO BATISTA;JUAREZ ANTONIO BATISTA;510340;Cuiabá;Sim;Sim;BANDEIRANTES;AVENIDA GENERAL VALLE;MUNICIPAL;;ATENDIMENTOS NOS TURNOS DA MANHA E A TARDE;22;M;Não;Não;NAO;Não;Não;Não;Não;-15.601695479283885;-56.09106731478135;65 3622-0007;2026-03-10
5230004;ANTONIO BATISTA DE QUEIROZ;ANTONIO BATISTA DE QUEIROZ;510340;Cuiabá;Sim;Sim;CENTRO;RUA 13 DE JUNHO;MUNICIPAL;;ATENDIMENTOS NOS TURNOS DA MANHA E A TARDE;22;M;Não;Não;NAO;Não;Não;Não;Não;;;65 8115-7305;2025-09-03
5230403;DEBORA ANDREA CASTIGLIONI ALVES;DEBORA ANDREA CASTIGLIONI ALVES;510340;Cuiabá;Sim;Sim;JARDIM CUIABA;RUA DAS DALIAS;MUNICIPAL;;ATENDIMENTO SOMENTE A TARDE;22;M;Não;Não;NAO;Não;Não;Não;Sim;;;;2025-09-03
5230411;DEBORA ANDREA CASTIGLIONI ALVES;DEBORA ANDREA CASTIGLIONI ALVES;510340;Cuiabá;Sim;Sim;JARDIM CUIABA;RUA DAS BEGONIAS;MUNICIPAL;;ATENDIMENTO SOMENTE A TARDE;22;M;Não;Não;NAO;Não;Não;Não;Sim;-15.594213955103614;-56.11754254561036;;2025-09-03
5230594;AYRDES BENEDITA DUARTE DOS ANJOS PIVETTA;AYRDES BENEDITA DUARTE DOS ANJOS PIVETTA;510340;Cuiabá;Sim;Sim;BAU;AVENIDA RUBENS DE MENDONCA;MUNICIPAL;;ATENDIMENTOS NOS TURNOS DA MANHA E A TARDE;22;M;Não;Não;NAO;Não;Não;Não;Não;-15.590399966310816;-56.087235563338275;65 3612-7000;2025-09-03
5232570;HERBERT MONTEIRO DA SILVA;HERBERT MONTEIRO DA SILVA;510340;Cuiabá;Sim;Sim;CENTRO SUL;RUA BARAO DE MELGACO;MUNICIPAL;;ATENDIMENTO SOMENTE PELA MANHA;22;M;Não;Não;NAO;Não;Não;Não;Sim;-15.60217270061449;-56.10183789917423;65 3623-7139;2025-09-03
5234778;FERNANDO ARTUR PENA BORGES CANAVARROS;FERNANDO ARTUR PENA BORGES CANAVARROS;510340;Cuiabá;Sim;Sim;JARDIM MARIANA;AVENIDA MIGUEL SUTIL;MUNICIPAL;;ATENDIMENTOS NOS TURNOS DA MANHA E A TARDE;22;M;Não;Não;NAO;Não;Não;Não;Sim;;;6536234995;2025-09-03
5234824;CELIO EIJI TOBISAWA;CELIO EIJI TOBISAWA;510340;Cuiabá;Sim;Sim;CENTRO SUL;RUA MAJOR GAMA;MUNICIPAL;;ATENDIMENTOS NOS TURNOS DA MANHA E A TARDE;22;M;Não;Não;NAO;Não;Não;Não;Não;-15.596;-56.097;65 3322-6018;2025-09-03
5234840;VALERIA ROCHA RIPARI;VALERIA ROCHA RIPARI;510340;Cuiabá;Sim;Sim;JARDIM ITALIA;RUA CAVIUNAS;MUNICIPAL;;ATENDIMENTO SOMENTE A TARDE;22;M;Não;Não;NAO;Não;Não;Não;Não;-15.594291723768187;-56.060850582521134;65 3623-4023;2025-09-03
5234859;CELIO EIJI TOBISAWA;CELIO EIJI TOBISAWA;510340;Cuiabá;Sim;Sim;BARBADO;AVENIDA TANCREDO NEVES;MUNICIPAL;;ATENDIMENTO SOMENTE A TARDE;22;M;Não;Não;NAO;Não;Não;Não;Não;-15.596;-56.097;65 3627-1445;2025-09-03
5234867;WAGNER TARGA RIPARI;WAGNER TARGA RIPARI;510340;Cuiabá;Sim;Sim;BAU;RUA CORUMBA;MUNICIPAL;;ATENDIMENTO SOMENTE A TARDE;22;M;Não;Não;NAO;Não;Não;Não;Não;-15.592274465184284;-56.08988481816369;65 3623-4023;2025-11-27
5234891;MARIA HELENA BRAGANCA;MARIA HELENA BRAGANCA;510340;Cuiabá;Sim;Sim;CENTRO;RUA BARAO DE MELGACO;MUNICIPAL;;ATENDIMENTO SOMENTE A TARDE;22;M;Não;Não;NAO;Não;Não;Não;Não;-15.602334161607153;-56.10166489710014;65 3623-9319;2025-09-03
5236029;RACHID NABIH ZEIDAN;RACHID NABIH ZEIDAN;510340;Cuiabá;Sim;Sim;JARDIM MARIANA;RUA ADEL MALUF;MUNICIPAL;;ATENDIMENTO SOMENTE A TARDE;22;M;Não;Não;NAO;Não;Não;Não;Não;-15.579478124076104;-56.111166797598784;65 3618-8434;2025-11-27
5236045;MARINA FARIA FEDRIZZI;MARINA FARIA FEDRIZZI;510340;Cuiabá;Sim;Sim;BOSQUE DA SAUDE;AV HIST RUBENS DE MENDONCA;MUNICIPAL;;ATENDIMENTOS NOS TURNOS DA MANHA E A TARDE;22;M;Não;Não;NAO;Não;Não;Não;Não;-15.582064986677949;-56.07684801118896;65 3642-6329;2025-09-03
5236061;TERESINHA LERMEN DONATTI;TERESINHA LERMEN DONATTI;510340;Cuiabá;Sim;Sim;BAU;RUA CORUMBA;MUNICIPAL;;ATENDIMENTOS NOS TURNOS DA MANHA E A TARDE;22;M;Não;Não;NAO;Não;Não;Não;Não;-15.592474026264506;-56.09024600090636;65 3321-2277;2025-09-03
5236088;MAURICIO DONATTI;MAURICIO DONATTI;510340;Cuiabá;Sim;Sim;JARDIM CUIABA;AVENIDA DAS FLORES;MUNICIPAL;;ATENDIMENTOS NOS TURNOS DA MANHA E A TARDE;22;M;Não;Não;NAO;Não;Não;Não;Não;-15.594861682993578;-56.1164732729477;65 3623-2079;2025-11-27
5236428;NEY DA SILVA PEREIRA;NEY DA SILVA PEREIRA;510340;Cuiabá;Sim;Sim;CENTRO SUL;RUA 13 DE JUNHO;MUNICIPAL;;ATENDIMENTOS NOS TURNOS DA MANHA E A TARDE;22;M;Não;Não;NAO;Não;Não;Não;Não;-15.605175656980897;-56.10151967367596;65 3616-7000;2025-11-13
5236444;JOSE MEIRELLES FILHO;JOSE MEIRELLES FILHO;510340;Cuiabá;Sim;Sim;JARDIM CUIABA;AVENIDA DAS FLORES;MUNICIPAL;;ATENDIMENTO SOMENTE A TARDE;22;M;Não;Não;NAO;Não;Não;Não;Não;-15.59502783812233;-56.118072589283635;65 3051-3196;2025-09-03
5236533;DERLY ORTIZ RODRIGUES;DERLY ORTIZ RODRIGUES;510340;Cuiabá;Sim;Sim;JARDIM MARIANA;RUA ADEL MALUF;MUNICIPAL;;ATENDIMENTOS NOS TURNOS DA MANHA E A TARDE;22;M;Não;Não;NAO;Não;Não;Não;Não;-15.578253147166578;-56.11175385362094;65 3618-8180;2025-09-03
5236673;ALESSANDRA MEDEIROS LOBO DE VASCONCELOS;ALESSANDRA MEDEIROS LOBO DE VASCONCELOS;510340;Cuiabá;Sim;Sim;DUQUE DE CAXIAS;RUA ALMIRANTE HENRIQUE PINHEIRO GUEDES;MUNICIPAL;;ATENDIMENTOS NOS TURNOS DA MANHA E A TARDE;22;M;Não;Não;NAO;Não;Não;Não;Sim;-15.588061504114624;-56.11470078119615;;2025-09-03
5236703;ROBERTO MAIA DE ALMEIDA;ROBERTO MAIA DE ALMEIDA;510340;Cuiabá;Sim;Sim;DUQUE DE CAXIAS;RUA ALMIRANTE HENRIQUE PINHEIRO GUEDES;MUNICIPAL;;ATENDIMENTOS NOS TURNOS DA MANHA E A TARDE;22;M;Não;Não;NAO;Não;Não;Não;Sim;-15.588101249864243;-56.11472829303934;;2025-09-03
5236711;SANTA FELICIDADE CLINICA DE SAUDE;SANTA FELICIDADE CLINICA DE SAUDE;510340;Cuiabá;Sim;Sim;DUQUE DE CAXIAS;AVENIDA ALMIRANTE HENRIQUE PINHEIRO GUEDES;MUNICIPAL;;ATENDIMENTOS NOS TURNOS DA MANHA E A TARDE;36;M;Não;Não;NAO;Não;Não;Não;Sim;-15.588035668629857;-56.11475308483189;3622-0083;2025-09-03
5236738;DEBORA GOUGET DE PAIVA;DEBORA GOUGET DE PAIVA;510340;Cuiabá;Sim;Sim;LIXEIRA;RUA CORUMBA;MUNICIPAL;;ATENDIMENTO SOMENTE A TARDE;22;M;Não;Não;NAO;Não;Não;Não;Não;-15.592264131181691;-56.089906276003276;65 3624-3596;2025-10-17
5238234;MAURO YOSHIMITSU MISAWA;MAURO YOSHIMITSU MISAWA;510340;Cuiabá;Sim;Sim;JARDIM CALIFORNIA;AVENIDA TANCREDO NEVES;MUNICIPAL;;ATENDIMENTOS NOS TURNOS DA MANHA E A TARDE;22;M;Não;Não;NAO;Não;Não;Não;Não;-15.6214795;-56.0770656;65 3627-4055;2025-09-03
5238285;OSMAR AUGUSTO TEIXEIRA;OSMAR AUGUSTO TEIXEIRA;510340;Cuiabá;Sim;Sim;JARDIM CALIFORNIA;AVENIDA TANCREDO NEVES;MUNICIPAL;;ATENDIMENTOS NOS TURNOS DA MANHA E A TARDE;22;M;Não;Não;NAO;Não;Não;Não;Não;-15.623743520754113;-56.07544445664538;65 3627-4055;2025-11-13
5238439;JOSE BENEDITO VILELA;JOSE BENEDITO VILELA;510340;Cuiabá;Sim;Sim;JARDIM CALIFORNIA;AVENIDA TANCREDO NEVES;MUNICIPAL;;ATENDIMENTOS NOS TURNOS DA MANHA E A TARDE;22;M;Não;Não;NAO;Não;Não;Não;Não;-15.62372303613242;-56.076699665976555;65 3627-4055;2025-11-04
5238501;SHARON CRISTINE PARONETO DE SOUSA;SHARON CRISTINE PARONETO DE SOUSA;510340;Cuiabá;Sim;Sim;JARDIM CALIFORNIA;AVENIDA TANCREDO NEVES;MUNICIPAL;;ATENDIMENTOS NOS TURNOS DA MANHA E A TARDE;22;M;Não;Não;NAO;Não;Não;Não;Não;-15.622605564165827;-56.075725093565126;65 3627-4055;2025-09-03
5238749;SANDRA MARIA TORQUATO DE AQUINO;SANDRA MARIA TORQUATO DE AQUINO;510340;Cuiabá;Sim;Sim;JARDIM MARIANA;RUA ADEL MALUF;MUNICIPAL;;ATENDIMENTO SOMENTE A TARDE;22;M;Não;Não;NAO;Não;Não;Não;Não;-15.579493626044217;-56.111164115389876;65 3618-8000;2025-11-27
5238765;ERLENO PEREIRA DE AQUINO;ERLENO PEREIRA DE AQUINO;510340;Cuiabá;Sim;Sim;JARDIM MARIANA;RUA ADEL MALUF;MUNICIPAL;;ATENDIMENTO SOMENTE A TARDE;22;M;Não;Não;NAO;Não;Não;Não;Não;-15.57947554041463;-56.11130895467094;65 3618-8000;2025-10-17
5239044;ATILA MONTEIRO BORGES;ATILA MONTEIRO BORGES;510340;Cuiabá;Sim;Sim;BAU;AVENIDA HIST RUBENS DE MENDONCA;MUNICIPAL;;ATENDIMENTOS NOS TURNOS DA MANHA E A TARDE;22;M;Não;Não;NAO;Não;Não;Não;Não;;;65 3621-7000;2025-09-03
5239060;ANTONIO JOSE DE AMORIM;ANTONIO JOSE DE AMORIM;510340;Cuiabá;Sim;Sim;BAU;RUA CORUMBA;MUNICIPAL;;ATENDIMENTOS NOS TURNOS DA MANHA E A TARDE;22;M;Não;Não;NAO;Não;Não;Não;Não;-15.595902015916693;-56.097060441970825;65 3321-2277;2025-09-03
5239095;JOSE DE SOUZA NEVES;JOSE DE SOUZA NEVES;510340;Cuiabá;Sim;Sim;JARDIM CALIFORNIA;AVENIDA TANCREDO NEVES;MUNICIPAL;;ATENDIMENTO SOMENTE A TARDE;22;M;Não;Não;NAO;Não;Não;Não;Não;-15.622692744398318;-56.07552057390434;65 9982-1141;2025-09-03
5239214;TERESA CRISTINA LOPES DOS SANTOS;TERESA CRISTINA LOPES DOS SANTOS;510340;Cuiabá;Sim;Sim;JARDIM MARIANA;RUA ADEL MALUF;MUNICIPAL;;ATENDIMENTOS NOS TURNOS DA MANHA E A TARDE;22;M;Não;Não;NAO;Não;Não;Não;Não;-15.579478124076104;-56.11116947980769;65 3626-2020;2025-11-27
5239230;LUIZ AUGUSTO DOS SANTOS;LUIZ AUGUSTO DOS SANTOS;510340;Cuiabá;Sim;Sim;JARDIM MARIANA;RUA ADEL MALUF;MUNICIPAL;;ATENDIMENTOS NOS TURNOS DA MANHA E A TARDE;22;M;Não;Não;NAO;Não;Não;Não;Sim;-15.57895336673058;-56.110827719785824;65 3626-2020;2025-09-03
5239346;BRUNO REGIS PRADO SILVEIRA;BRUNO REGIS PRADO SILVEIRA;510340;Cuiabá;Sim;Sim;JARDIM MARIANA;RUA ADEL MALUF;MUNICIPAL;;ATENDIMENTO SOMENTE A TARDE;22;M;Não;Não;NAO;Não;Não;Não;Não;;;65 3626-1600;2025-09-03
5239354;ARLAN DE AZEVEDO FERREIRA;ARLAN DE AZEVEDO FERREIRA;510340;Cuiabá;Sim;Sim;ACLIMACAO;AVENIDA HIST RUBENS DE MENDONCA;MUNICIPAL;;ATENDIMENTO SOMENTE A TARDE;22;M;Não;Não;NAO;Não;Não;Não;Não;-15.583299822898566;-56.078028415519306;65 3644-9024;2025-09-03
5239540;MAURELIO DE LIMA BATISTA RIBEIRO;MAURELIO DE LIMA BATISTA RIBEIRO;510340;Cuiabá;Sim;Sim;JARDIM MARIANA;AVENIDA ADEL MALUF;MUNICIPAL;;ATENDIMENTO SOMENTE A TARDE;22;M;Não;Não;NAO;Não;Não;Não;Não;-15.578946907565111;-56.11084783659608;65 3626-5153;2025-09-03
5239621;LEONARDO ANDRADE PINHEIRO;LEONARDO ANDRADE PINHEIRO;510340;Cuiabá;Sim;Sim;MORADA DA SERRA;AVENIDA RUBENS DE MENDONCA;MUNICIPAL;;ATENDIMENTOS NOS TURNOS DA MANHA E A TARDE;22;M;Não;Não;NAO;Não;Não;Não;Não;-15.564502776460673;-56.06477746644542;65 3641-7471;2025-09-03
5239648;ELIANE LOPES DE SANTA ROSA;ELIANE LOPES DE SANTA ROSA;510340;Cuiabá;Sim;Sim;CENTRO;PRACA DO SEMINARIO;MUNICIPAL;;ATENDIMENTOS NOS TURNOS DA MANHA E A TARDE;22;M;Não;Não;NAO;Não;Não;Não;Não;-15.60186243227175;-56.095405723985166;65 3623-7032;2025-10-17
5242096;MARCOS ANTONIO BERTIN;MARCOS ANTONIO BERTIN;510340;Cuiabá;Sim;Sim;DUQUE DE CAXIAS;RUA PRESIDENTE ARTHUR BERNARDES;MUNICIPAL;;ATENDIMENTO SOMENTE A TARDE;22;M;Não;Não;NAO;Não;Não;Não;Não;-15.589495091056087;-56.10739139661967;65 3321-7834;2025-11-27
5242916;ANGELITA CARLOTTO DE ABREU;ANGELITA CARLOTTO DE ABREU;510340;Cuiabá;Sim;Sim;JARDIM CUIABA;RUA DOS LIRIOS;MUNICIPAL;;ATENDIMENTOS NOS TURNOS DA MANHA E A TARDE;22;M;Não;Não;NAO;Não;Não;Não;Não;-15.595050577154206;-56.12027263558218;65 3623-4334;2025-10-11
5247187;JUBERT SANCHES CIBANTOS FILHO;JUBERT SANCHES CIBANTOS FILHO;510340;Cuiabá;Sim;Sim;LIXEIRA;RUA CORUMBA;MUNICIPAL;;ATENDIMENTO SOMENTE A TARDE;22;M;Não;Não;NAO;Não;Não;Não;Não;-15.592460477135965;-56.08987073584958;65 3623-4023;2025-11-04
5247195;MARIA AUXILIADORA DA CRUZ;MARIA AUXILIADORA DA CRUZ;510340;Cuiabá;Sim;Sim;JARDIM MARIANA;RUA ADEL MALUF;MUNICIPAL;;ATENDIMENTO SOMENTE PELA MANHA;22;M;Não;Não;NAO;Não;Não;Não;Não;;;;2025-09-03
5247209;LUCIANO CORREA RIBEIRO;LUCIANO CORREA RIBEIRO;510340;Cuiabá;Sim;Sim;JARDIM MARIANA;RUA ADEL MALUF;MUNICIPAL;;ATENDIMENTO SOMENTE A TARDE;22;M;Não;Não;NAO;Não;Não;Não;Não;-15.579372839845306;-56.11120367781984;65 3618-8190;2025-11-27
5247217;CETIMIO VIEIRA ZAGABRIA;CETIMIO VIEIRA ZAGABRIA;510340;Cuiabá;Sim;Sim;BAU;RUA CORUMBA;MUNICIPAL;;ATENDIMENTO SOMENTE A TARDE;22;M;Não;Não;NAO;Não;Não;Não;Não;-15.596;-56.097;65 3624-9395;2025-12-17
5247225;RANUCE RIBEIRO AZIZ YDY;RANUCE RIBEIRO AZIZ YDY;510340;Cuiabá;Sim;Sim;CENTRO SUL;RUA TEN CORONEL THOGO DA SILVA PEREIRA;MUNICIPAL;;ATENDIMENTOS NOS TURNOS DA MANHA E A TARDE;22;M;Não;Não;NAO;Não;Não;Não;Não;;;65 3623-5536;2025-09-03
5247276;SUZANA APARECIDA RODRIGUES DOS SANTOS PALMA;SUZANA APARECIDA RODRIGUES DOS SANTOS PALMA;510340;Cuiabá;Sim;Sim;JARDIM MARIANA;RUA ADEL MALUF;MUNICIPAL;;ATENDIMENTO SOMENTE PELA MANHA;22;M;Não;Não;NAO;Não;Não;Não;Não;;;;2025-09-03
5247284;LUDMILA TERESA MIRANDA GUIMARAES;LUDMILA TERESA MIRANDA GUIMARAES;510340;Cuiabá;Sim;Sim;ARAES;RUA DESEMBARGADOR JOSE DE MESQUITA;MUNICIPAL;;ATENDIMENTO SOMENTE A TARDE;22;M;Não;Não;NAO;Não;Não;Não;Sim;-15.577321600666977;-56.07541226149838;;2025-11-27
5247314;OFTALMO CLINICA LTDA;OFTALMO CLINICA LTDA;510340;Cuiabá;Sim;Sim;ARAES;GAGO COUTINHO;MUNICIPAL;;ATENDIMENTOS NOS TURNOS DA MANHA E A TARDE;22;M;Não;Não;NAO;Não;Não;Não;Sim;-15.5904948;-56.0903704;65 6241730;2025-09-03
5247594;JOSE ROBERTO MOYA;JOSE ROBERTO MOYA;510340;Cuiabá;Sim;Sim;JARDIM MARIANA;RUA ADEL MALUF;MUNICIPAL;;ATENDIMENTOS NOS TURNOS DA MANHA E A TARDE;22;M;Não;Não;NAO;Não;Não;Não;Sim;-15.578943614608342;-56.11079741752959;;2025-09-03
5252148;RENEE ELIZABETH DE FIGUEIREDO FREIRE;RENEE ELIZABETH DE FIGUEIREDO FREIRE;510340;Cuiabá;Sim;Sim;JARDIM CUIABA;RUA DOS TUTILIAS;MUNICIPAL;;ATENDIMENTOS NOS TURNOS DA MANHA E A TARDE;22;M;Não;Não;NAO;Não;Não;Não;Não;-15.594735048054407;-56.117747334031066;65 3023-3101;2025-11-27
5252407;EZILAINE DO NASCIMENTO ROSA;EZILAINE DO NASCIMENTO ROSA;510340;Cuiabá;Sim;Sim;JARDIM CUIABA;AVENIDA MIGUEL SUTIL SALA 604 607;MUNICIPAL;;ATENDIMENTO SOMENTE PELA MANHA;22;M;Não;Não;NAO;Não;Não;Não;Não;-15.582732134157691;-56.11168157121149;(65) 3626-2990;2025-10-17
5256097;GABRIEL FELSKY DOS ANJOS;GABRIEL FELSKY DOS ANJOS;510340;Cuiabá;Sim;Sim;JARDIM CUIABA;AVENIDA DAS FLORES;MUNICIPAL;;ATENDIMENTOS NOS TURNOS DA MANHA E A TARDE;22;M;Não;Não;NAO;Não;Não;Não;Não;-15.595631950427064;-56.11249348443092;65 3323-1323;2025-10-17
5256135;ISLER MONTEIRO DA SILVA;ISLER MONTEIRO DA SILVA;510340;Cuiabá;Sim;Sim;CENTRO SUL;RUA THOGO DA SILVA PEREIRA;MUNICIPAL;;ATENDIMENTOS NOS TURNOS DA MANHA E A TARDE;22;M;Não;Não;NAO;Não;Não;Não;Não;;;65 3321-4451;2025-09-03
5256178;JAIRO LEW;JAIRO LEW;510340;Cuiabá;Sim;Sim;BOSQUE DA SAUDE;AVENIDA RUBENS DE MENDONCA;MUNICIPAL;;ATENDIMENTO SOMENTE A TARDE;22;M;Não;Não;NAO;Não;Não;Não;Não;;;65 3642-1425;2025-09-03
5256224;JONAS EDUARDO BERNARDES VALENCA;JONAS EDUARDO BERNARDES VALENCA;510340;Cuiabá;Sim;Sim;JARDIM CUABA;AVENIDA DAS FLORES;MUNICIPAL;;ATENDIMENTO SOMENTE A TARDE;22;M;Não;Não;NAO;Não;Não;Não;Não;-15.594929691459594;-56.119427154948546;65 3901-2370;2025-09-03
5256232;JOAO JOSE AIDAMUS DE LAMONICA FREIRE;JOAO JOSE AIDAMUS DE LAMONICA FREIRE;510340;Cuiabá;Sim;Sim;JARDIM CUIABA;RUA RAMIRO DE NORONHA;MUNICIPAL;;ATENDIMENTO SOMENTE A TARDE;22;M;Não;Não;NAO;Não;Não;Não;Não;-15.59470433424608;-56.11282958252964;;2025-12-02
5256259;JORGE FERNANDEZ;JORGE FERNANDEZ;510340;Cuiabá;Sim;Sim;CENTRO;RUA CAMPO GRANDE;MUNICIPAL;;ATENDIMENTO SOMENTE A TARDE;22;M;Não;Não;NAO;Não;Não;Não;Não;-15.8441848;-56.0794574;65 3624-1404;2025-09-03
5256291;JOSE CARLOS DANTAS DOS SANTOS;JOSE CARLOS DANTAS DOS SANTOS;510340;Cuiabá;Sim;Sim;BOSQUE DA SAUDE;AVENIDA ACLIMACAO;MUNICIPAL;;ATENDIMENTO SOMENTE PELA MANHA;22;M;Não;Não;NAO;Não;Não;Não;Não;-15.587258285108758;-56.077426645149984;65 3051-2222;2025-09-03
5256305;JOSE MILTON PELLOSO JUNIOR;JOSE MILTON PELLOSO JUNIOR;510340;Cuiabá;Sim;Sim;JARDIM MARIANA;RUA ADEL MALUF;MUNICIPAL;;ATENDIMENTOS NOS TURNOS DA MANHA E A TARDE;22;M;Não;Não;NAO;Não;Não;Não;Não;-15.578952657446747;-56.11061368620214;;2025-09-03
5256321;JULIANA BUISSA DE MARQUI SOUZA;JULIANA BUISSA DE MARQUI SOUZA;510340;Cuiabá;Sim;Sim;LIXEIRA;RUA CORUMBA;MUNICIPAL;;ATENDIMENTOS NOS TURNOS DA MANHA E A TARDE;22;M;Não;Não;NAO;Não;Não;Não;Não;-15.591373504705308;-56.08822464823092;65 3623-3980;2025-09-03
5256356;LAERTE BASSO JUNIOR;LAERTE BASSO JUNIOR;510340;Cuiabá;Sim;Sim;BAU;RUA CORUMBA;MUNICIPAL;;ATENDIMENTO SOMENTE PELA MANHA;22;M;Não;Não;NAO;Não;Não;Não;Não;-15.592585130885706;-56.08994851994479;65 3028-2009;2025-11-13
5256364;LIA RACHEL CHAVES DO AMARAL PELLOSO;LIA RACHEL CHAVES DO AMARAL PELLOSO;510340;Cuiabá;Sim;Sim;JARDIM MARIANA;RUA ADEL MALUF;MUNICIPAL;;ATENDIMENTOS NOS TURNOS DA MANHA E A TARDE;22;M;Não;Não;NAO;Não;Não;Não;Não;-15.579385112234341;-56.11122312330239;;2025-11-13
5256372;LUCIANO COLOGNESE;LUCIANO COLOGNESE;510340;Cuiabá;Sim;Sim;JARDIM CUIABA;AVENIDA DAS FLORES;MUNICIPAL;;ATENDIMENTO SOMENTE PELA MANHA;22;M;Não;Não;NAO;Não;Não;Não;Não;-15.594939187017289;-56.11657452633073;;2025-11-27
5256399;LUIZ CEZAR DIAS BETONTI;LUIZ CEZAR DIAS BETONTI;510340;Cuiabá;Sim;Sim;BOSQUE DA SAUDE;AVENIDA ACLIMACAO;MUNICIPAL;;ATENDIMENTOS NOS TURNOS DA MANHA E A TARDE;22;M;Não;Não;NAO;Não;Não;Não;Não;-15.587819404234606;-56.07704213263817;;2025-11-27
5256402;MARCOS BENEDITO CORREA GABRIEL;MARCOS BENEDITO CORREA GABRIEL;510340;Cuiabá;Sim;Sim;DOM AQUINO;RUA DOM AQUINO;MUNICIPAL;;ATENDIMENTO SOMENTE A TARDE;22;M;Não;Não;NAO;Não;Não;Não;Não;-15.60375260475186;-56.09671163604245;;2025-09-03
5256410;MARIA ANGELICA DE MACEDO ORIONE;MARIA ANGELICA DE MACEDO ORIONE;510340;Cuiabá;Sim;Sim;JARDIM CUIABA;AVENIDA DAS FLORES;MUNICIPAL;;ATENDIMENTO SOMENTE A TARDE;22;M;Não;Não;NAO;Não;Não;Não;Não;-15.595033907001488;-56.118059648045765;65 3051-3567;2025-09-03
5256453;REGINALDO CAMPOS GRANJEIRO;REGINALDO CAMPOS GRANJEIRO;510340;Cuiabá;Sim;Sim;LIXEIRA;RUA SAO BENEDITO;MUNICIPAL;;ATENDIMENTO SOMENTE A TARDE;22;M;Não;Não;NAO;Não;Não;Não;Não;-15.595424722096388;-56.08927005894648;;2025-09-03
5256488;ROQUE RAFAEL DE OLIVEIRA NETO;ROQUE RAFAEL DE OLIVEIRA NETO;510340;Cuiabá;Sim;Sim;JARDIM CUIABA;AVENIDA DAS FLORES;MUNICIPAL;;ATENDIMENTOS NOS TURNOS DA MANHA E A TARDE;22;M;Não;Não;NAO;Não;Não;Não;Não;;;65 3624-7043;2025-09-03
5256496;SANDOVAL CARNEIRO FILHO;SANDOVAL CARNEIRO FILHO;510340;Cuiabá;Sim;Sim;BAU;RUA CORUMBA;MUNICIPAL;;ATENDIMENTO SOMENTE A TARDE;22;M;Não;Não;NAO;Não;Não;Não;Não;-15.5909906;-56.0882884;65 3624-2673;2025-09-03
5256577;ROQUE RAFAEL DE OLIVEIRA NETO;ROQUE RAFAEL DE OLIVEIRA NETO;510340;Cuiabá;Sim;Sim;CENTRO;RUA CLOVIS HUGNEY;MUNICIPAL;;ATENDIMENTOS NOS TURNOS DA MANHA E A TARDE;22;M;Não;Não;NAO;Não;Não;Não;Não;;;65 3026-7576;2025-09-03
5256585;VICTOR CEZAR SANO GARCIA;VICTOR CEZAR SANO GARCIA;510340;Cuiabá;Sim;Sim;BOSQUE DA SAUDE;AVENIDA ACLIMACAO;MUNICIPAL;;ATENDIMENTO SOMENTE PELA MANHA;22;M;Não;Não;NAO;Não;Não;Não;Não;-15.61508477826426;-56.08273488363231;65 3051-2222;2025-11-27
5256593;ROQUE RAFAEL DE OLIVEIRA NETO;ROQUE RAFAEL DE OLIVEIRA NETO;510340;Cuiabá;Sim;Sim;JD MARIANA;AV MIGUEL SUTIL;MUNICIPAL;;ATENDIMENTOS NOS TURNOS DA MANHA E A TARDE;22;M;Não;Não;NAO;Não;Não;Não;Não;-15.579418192951923;-56.110297040652405;30283223;2025-09-03
5258243;MURILO DE CAMPOS BORGES;MURILO DE CAMPOS BORGES;510340;Cuiabá;Sim;Sim;DUQUE DE CAXIAS II;RUA CECILIA BORGES DE LIMA AVELINO;MUNICIPAL;;ATENDIMENTOS NOS TURNOS DA MANHA E A TARDE;22;M;Não;Não;NAO;Não;Não;Não;Não;-15.587535761055385;-56.11077228892534;65 3622-0012;2025-11-13
5261686;MARCIAL FRANCIS GALERA;MARCIAL FRANCIS GALERA;510340;Cuiabá;Sim;Sim;CENTRO NORTE;RUA 24 DE OUTUBRO;MUNICIPAL;;ATENDIMENTOS NOS TURNOS DA MANHA E A TARDE;22;M;Não;Não;NAO;Não;Não;Não;Não;-15.595340421352587;-56.09973547266653;65 3623-1218;2025-11-27
5263980;WALDEMAR VIEIRA JUNIOR;WALDEMAR VIEIRA JUNIOR;510340;Cuiabá;Sim;Sim;LIXEIRA;TRAVESSA LARANJEIRAS;MUNICIPAL;;ATENDIMENTO SOMENTE A TARDE;22;M;Não;Não;NAO;Não;Não;Não;Não;;;65 3321-6663;2025-09-03
5265991;MARCIO BENEDITO PALMA PIMENTA;MARCIO BENEDITO PALMA PIMENTA;510340;Cuiabá;Sim;Sim;JARDIM MARIANA;AVENIDA MIGUEL SUTIL;MUNICIPAL;;ATENDIMENTOS NOS TURNOS DA MANHA E A TARDE;22;M;Não;Não;NAO;Não;Não;Não;Não;-15.579446613254486;-56.11023266763278;65 3025-5560;2026-02-14
5266009;RONEI EDMAR RIBEIRO;RONEI EDMAR RIBEIRO;510340;Cuiabá;Sim;Sim;GOIABEIRAS;RUA BRIGADEIRO EDUARDO GOMES;MUNICIPAL;;ATENDIMENTOS NOS TURNOS DA MANHA E A TARDE;22;M;Não;Não;NAO;Não;Não;Não;Não;-15.596;-56.097;65 3324-2259;2025-09-03
5266025;PAULO ROBERTO VIEIRA DE FIGUEIREDO;PAULO ROBERTO VIEIRA DE FIGUEIREDO;510340;Cuiabá;Sim;Sim;CENTRO;AVENIDA GETULIO VARGAS;MUNICIPAL;;ATENDIMENTOS NOS TURNOS DA MANHA E A TARDE;22;M;Não;Não;NAO;Não;Não;Não;Não;-15.6583217;-56.1864196;65 3623-9393;2025-09-03
5266033;PAULO ROBERTO BEZERRA DE MELLO;PAULO ROBERTO BEZERRA DE MELLO;510340;Cuiabá;Sim;Sim;JARDIM CUIABA;AVENIDA DAS FLORES;MUNICIPAL;;ATENDIMENTO SOMENTE A TARDE;22;M;Não;Não;NAO;Não;Não;Não;Não;-15.59502938593326;-56.11797314680441;65 3051-3591;2025-09-03
5266092;ESTEVAM VAZ CURVO;ESTEVAM VAZ CURVO;510340;Cuiabá;Sim;Sim;QUILOMBO;AVENIDA SAO SEBASTIAO;MUNICIPAL;;ATENDIMENTO SOMENTE A TARDE;22;M;Não;Não;NAO;Não;Não;Não;Não;-15.6142361;-56.1219381;65 3321-2002;2025-09-03
5266114;NICANDRO DE FIGUEIREDO NETO;NICANDRO DE FIGUEIREDO NETO;510340;Cuiabá;Sim;Sim;JARDIM CUIABA;AVENIDA DAS FLORES;MUNICIPAL;;ATENDIMENTOS NOS TURNOS DA MANHA E A TARDE;22;M;Não;Não;NAO;Não;Não;Não;Não;-15.595107067323884;-56.11648669974273;;2025-11-13
5266149;BERTHOLDO MODESTO PARANAGUA;BERTHOLDO MODESTO PARANAGUA;510340;Cuiabá;Sim;Sim;CENTRO SUL;RUA 13 DE JUNHO;MUNICIPAL;;ATENDIMENTO SOMENTE A TARDE;22;M;Não;Não;NAO;Não;Não;Não;Não;-15.609182222088991;-56.10478836234144;;2025-10-11
5266165;PAULO AFFONSO FORTUNATO;PAULO AFFONSO FORTUNATO;510340;Cuiabá;Sim;Sim;BAU;RUA CORUMBA;MUNICIPAL;;ATENDIMENTO SOMENTE A TARDE;22;M;Não;Não;NAO;Não;Não;Não;Não;-15.592326135187845;-56.089906275834956;65 3321-2983;2025-11-27
5266173;FRANCISCO CARLOS DE ALMEIDA FONSECA;FRANCISCO CARLOS DE ALMEIDA FONSECA;510340;Cuiabá;Sim;Sim;CENTRO SUL;RUA THOGO PEREIRA;MUNICIPAL;;ATENDIMENTOS NOS TURNOS DA MANHA E A TARDE;22;M;Não;Não;NAO;Não;Não;Não;Não;-15.60358322142764;-56.102530400102175;65 3622-2255;2025-10-17
5266203;ELIBENE DE ALMEIDA ORRO JUNQUEIRA;ELIBENE DE ALMEIDA ORRO JUNQUEIRA;510340;Cuiabá;Sim;Sim;GOIABEIRAS;RUA FILINTO MULLER;MUNICIPAL;;ATENDIMENTO SOMENTE A TARDE;22;M;Não;Não;NAO;Não;Não;Não;Não;-15.593120001419155;-56.10916174083923;65 3321-2974;2025-10-17
5266475;SANDRA REGINA GUIRALDELI BORGES VILELA;SANDRA REGINA GUIRALDELI BORGES VILELA;510340;Cuiabá;Sim;Sim;SANTA HELENA;RUA PRESIDENTE MARQUES;MUNICIPAL;;ATENDIMENTO SOMENTE PELA MANHA;22;M;Não;Não;NAO;Não;Não;Não;Não;-15.5953116;-56.1026261;;2025-09-03
5266483;SOLANGE DE MORAIS MONTANHA;SOLANGE DE MORAIS MONTANHA;510340;Cuiabá;Sim;Sim;BOSQUE DA SAUDE;AVENIDA ACLIMACAO;MUNICIPAL;;ATENDIMENTO SOMENTE A TARDE;22;M;Não;Não;NAO;Não;Não;Não;Não;-15.5870968123183;-56.07764122240223;65 3648-2222;2025-09-03
5266491;CARLA DE MATOS;CARLA DE MATOS;510340;Cuiabá;Sim;Sim;COOPHAMIL;AVENIDA MANOEL RAMOS LINO;MUNICIPAL;;ATENDIMENTO SOMENTE A TARDE;22;M;Não;Não;NAO;Não;Não;Não;Sim;-15.569988328544444;-56.0734623670578;65 3625-1491;2025-09-03
5266505;ZIAD HAMAOUI;ZIAD HAMAOUI;510340;Cuiabá;Sim;Sim;LIXEIRA;RUA CORUMBA;MUNICIPAL;;ATENDIMENTOS NOS TURNOS DA MANHA E A TARDE;22;M;Não;Não;NAO;Não;Não;Não;Não;-15.592760162704336;-56.08997064884877;65 3623-0379;2025-11-27
5266513;SULLEGE FABIOLA SUZUKI;SULLEGE FABIOLA SUZUKI;510340;Cuiabá;Sim;Sim;CPA II;RUA PARA;MUNICIPAL;;ATENDIMENTO SOMENTE PELA MANHA;22;M;Não;Não;NAO;Não;Não;Não;Não;-15.557508593066244;-56.049498602759854;65 3641-2249;2025-09-03
5266521;RUBENS CHICONELLI;RUBENS CHICONELLI;510340;Cuiabá;Sim;Sim;CENTRO;RUA CANDIDO MARIANO;MUNICIPAL;;ATENDIMENTOS NOS TURNOS DA MANHA E A TARDE;22;M;Não;Não;NAO;Não;Não;Não;Não;;;65 3623-4007;2025-09-03
5267706;FABIANE UEMURA MATSUMOTO DINIZ;FABIANE UEMURA MATSUMOTO DINIZ;510340;Cuiabá;Sim;Sim;DUQUE DE CAXIAS;RUA ALMIRANTE HENRIQUE PINHEIRO GUEDES;MUNICIPAL;;ATENDIMENTOS NOS TURNOS DA MANHA E A TARDE;22;M;Não;Não;NAO;Não;Não;Não;Sim;-15.588508995215166;-56.11519940194114;65 3622-0037;2025-10-17
5267714;ROSANA SANTANA OLIVEIRA;ROSANA SANTANA OLIVEIRA;510340;Cuiabá;Sim;Sim;JARDIM CUIABA;RUA DAS DALIAS;MUNICIPAL;;ATENDIMENTOS NOS TURNOS DA MANHA E A TARDE;22;M;Não;Não;NAO;Não;Não;Não;Não;-15.594549038159427;-56.11694803790015;65 3023-1616;2025-11-27
5267749;MARIA VANIA VIEIRA DA SILVA;MARIA VANIA VIEIRA DA SILVA;510340;Cuiabá;Sim;Sim;CENTRO;AVENIDA ISAAC POVOAS;MUNICIPAL;;ATENDIMENTOS NOS TURNOS DA MANHA E A TARDE;22;M;Não;Não;NAO;Não;Não;Não;Não;-15.596608300829248;-56.10015934409792;65 3623-5221;2025-11-27
5267773;MAURICIO DE OLIVEIRA MALHEIROS;MAURICIO DE OLIVEIRA MALHEIROS;510340;Cuiabá;Sim;Sim;ARAES;RUA DESEMBARGADOR JOSE DE MESQUITA;MUNICIPAL;;ATENDIMENTOS NOS TURNOS DA MANHA E A TARDE;22;M;Não;Não;NAO;Não;Não;Não;Não;-15.590613711815367;-56.09440380420312;65 3322-8857;2025-09-03
5267781;FRANCISCO GERALDO LUCIO SILVA;FRANCISCO GERALDO LUCIO SILVA;510340;Cuiabá;Sim;Sim;ARAES;RUA GAGO COUTINHO;MUNICIPAL;;ATENDIMENTOS NOS TURNOS DA MANHA E A TARDE;22;M;Não;Não;NAO;Não;Não;Não;Não;;;65 2128-8000;2025-09-03
5267811;IVENS CUIABANO SCAFF;IVENS CUIABANO SCAFF;510340;Cuiabá;Sim;Sim;CENTRO;RUA FLORIANO PEIXOTO;MUNICIPAL;;ATENDIMENTO SOMENTE A TARDE;22;M;Não;Não;NAO;Não;Não;Não;Não;-15.5756186;-56.03972;65 3322-2507;2025-12-17
5267846;JOAO MANOEL DE OLIVEIRA;JOAO MANOEL DE OLIVEIRA;510340;Cuiabá;Sim;Sim;JARDIM CUIABA;RUA RAMIRO DE NORONHA;MUNICIPAL;;ATENDIMENTOS NOS TURNOS DA MANHA E A TARDE;22;M;Não;Não;NAO;Não;Não;Não;Não;-15.596;-56.097;65 3027-1818;2025-09-03
5267862;LENUCE RIBEIRO AZIZ YDY;LENUCE RIBEIRO AZIZ YDY;510340;Cuiabá;Sim;Sim;BOSQUE DA SAUDE;AVENIDA ACLIMACAO;MUNICIPAL;;ATENDIMENTOS NOS TURNOS DA MANHA E A TARDE;22;M;Não;Não;NAO;Não;Não;Não;Não;-15.596;-56.097;65 3051-2222;2025-09-03
5267870;ELAINE CRISTINA FORTES ZYS DE MELLO;ELAINE CRISTINA FORTES ZYS DE MELLO;510340;Cuiabá;Sim;Sim;MORADA DA SERRA;AVENIDA HISTORIADOR RUBENS DE MENDONCA;MUNICIPAL;;ATENDIMENTO SOMENTE PELA MANHA;22;M;Não;Não;NAO;Não;Não;Não;Não;;;65 3641-0101;2025-09-03
5267919;EDUARDO BUSSIKI CUIABANO;EDUARDO BUSSIKI CUIABANO;510340;Cuiabá;Sim;Sim;BAU;RUA CORUMBA;MUNICIPAL;;ATENDIMENTOS NOS TURNOS DA MANHA E A TARDE;22;M;Não;Não;NAO;Não;Não;Não;Não;-15.592284799186036;-56.08992773350623;65 3623-6698;2025-10-17
5267927;DIRCEU GONCALO ALMEIDA COSTA;DIRCEU GONCALO ALMEIDA COSTA;510340;Cuiabá;Sim;Sim;CENTRO;AVENIDA ISAAC POVOAS;MUNICIPAL;;ATENDIMENTOS NOS TURNOS DA MANHA E A TARDE;22;M;Não;Não;NAO;Não;Não;Não;Não;-15.596;-56.097;65 3623-5221;2025-09-03
5267935;EDMAR JORGE DE ANUNCIACAO;EDMAR JORGE DE ANUNCIACAO;510340;Cuiabá;Sim;Sim;BANDEIRANTES;RUA GENERAL VALE;MUNICIPAL;;ATENDIMENTO SOMENTE A TARDE;22;M;Não;Não;NAO;Não;Não;Não;Não;;;;2025-09-03
5267943;DALVA ALVES DAS NEVES;DALVA ALVES DAS NEVES;510340;Cuiabá;Sim;Sim;POCAO;RUA MIRANDA REIS;MUNICIPAL;;ATENDIMENTO SOMENTE A TARDE;22;M;Não;Não;NAO;Não;Não;Não;Não;-15.60337322532095;-56.091624785503406;65 3624-1735;2025-09-03
5267951;CRISTINA GUIMARAES INOCENCIO;CRISTINA GUIMARAES INOCENCIO;510340;Cuiabá;Sim;Sim;CENTRO;AVENIDA ISAAC POVOAS;MUNICIPAL;;ATENDIMENTOS NOS TURNOS DA MANHA E A TARDE;22;M;Não;Não;NAO;Não;Não;Não;Não;-15.594753990365659;-56.10189413278525;65 3623-5221;2025-09-03
5267978;ADRIANA MARQUES MONTEIRO;ADRIANA MARQUES MONTEIRO;510340;Cuiabá;Sim;Sim;JARDIM MARIANA;RUA ADEL MALUF;MUNICIPAL;;ATENDIMENTOS NOS TURNOS DA MANHA E A TARDE;22;M;Não;Não;NAO;Não;Não;Não;Não;-15.57894577878179;-56.110805429082276;65 3618-8222;2025-10-11
5267994;ALEXANDRA SALES;ALEXANDRA SALES;510340;Cuiabá;Sim;Sim;BOSQUE DA SAUDE;AVENIDA ACLIMACAO;MUNICIPAL;;ATENDIMENTOS NOS TURNOS DA MANHA E A TARDE;22;M;Não;Não;NAO;Não;Não;Não;Não;-15.587008971063787;-56.077539298623606;;2025-09-03
5268001;ANGELO LOBATO CAMPOS TONUSSI;ANGELO LOBATO CAMPOS TONUSSI;510340;Cuiabá;Sim;Sim;JARDIM MARIANA;RUA ADEL MALUF;MUNICIPAL;;ATENDIMENTOS NOS TURNOS DA MANHA E A TARDE;22;M;Não;Não;NAO;Não;Não;Não;Não;-15.578992121699658;-56.11097926419168;;2025-09-03
5268036;AUGUSTO CESAR TAQUES SALDANHA;AUGUSTO CESAR TAQUES SALDANHA;510340;Cuiabá;Sim;Sim;BANDEIRANTES;RUA BALTAZAR NAVARROS;MUNICIPAL;;ATENDIMENTOS NOS TURNOS DA MANHA E A TARDE;22;M;Não;Não;NAO;Não;Não;Não;Não;-15.596;-56.097;65 3623-1094;2025-09-03
5268044;AURELIO ABDIAS SAMPAIO FERREIRA;AURELIO ABDIAS SAMPAIO FERREIRA;510340;Cuiabá;Sim;Sim;CENTRO;AVENIDA ISAAC POVOAS;MUNICIPAL;;ATENDIMENTOS NOS TURNOS DA MANHA E A TARDE;22;M;Não;Não;NAO;Não;Não;Não;Não;-15.59468229914221;-56.101802938800894;;2025-09-03
5270510;CLINICA GASTROMT;JULIANO BLANCO CANAVARROS;510340;Cuiabá;Sim;Sim;JARDIM CUIABA;RUA DAS BEGONIAS;MUNICIPAL;;ATENDIMENTO SOMENTE PELA MANHA;22;M;Não;Não;NAO;Não;Não;Não;Não;-15.594237206368046;-56.11761429416803;;2025-09-03
5270553;LEANDRO COMBIS MANDALOUFAS;LEANDRO COMBIS MANDALOUFAS;510340;Cuiabá;Sim;Sim;BAU;AVENIDA RUENS DE MENDONCA;MUNICIPAL;;ATENDIMENTOS NOS TURNOS DA MANHA E A TARDE;22;M;Não;Não;NAO;Não;Não;Não;Não;-15.590260305611123;-56.08622692342077;;2025-11-13
5270588;LINDOLFO ARAUJO FILHO;LINDOLFO ARAUJO FILHO;510340;Cuiabá;Sim;Sim;CENTRO;PRACA DO SEMINARIO;MUNICIPAL;;ATENDIMENTOS NOS TURNOS DA MANHA E A TARDE;22;M;Não;Não;NAO;Não;Não;Não;Não;-15.602048435535492;-56.095350738005926;;2025-11-13
5270596;LILIAN FURQUIM DE GODOY;LILIAN FURQUIM DE GODOY;510340;Cuiabá;Sim;Sim;GOIABEIRAS;RUA 24 DE OUTUBRO;MUNICIPAL;;ATENDIMENTO SOMENTE PELA MANHA;22;M;Não;Não;NAO;Não;Não;Não;Não;;;65 3623-1696;2025-09-03
5270618;MANOEL DESCHAMPS CAVALCANTI NETO;MANOEL DESCHAMPS CAVALCANTI NETO;510340;Cuiabá;Sim;Sim;CENTRO;RUA MAJOR GAMA;MUNICIPAL;;ATENDIMENTOS NOS TURNOS DA MANHA E A TARDE;22;M;Não;Não;NAO;Não;Não;Não;Não;-15.605671151694562;-56.10247187825186;65 3323-7438;2025-11-27
5270626;JAIR GIAMPANI JUNIOR;JAIR GIAMPANI JUNIOR;510340;Cuiabá;Sim;Sim;DUQUE DE CAXIAS;ALICE BORGES LIMA AVELINO;MUNICIPAL;;ATENDIMENTOS NOS TURNOS DA MANHA E A TARDE;22;M;Não;Não;NAO;Não;Não;Não;Não;-15.585148842196451;-56.11133588466907;;2025-11-04
5270634;JONAS CORREA DA COSTA;JONAS CORREA DA COSTA;510340;Cuiabá;Sim;Sim;CENTRO;AVENIDA DOM AQUINO;MUNICIPAL;;ATENDIMENTO SOMENTE A TARDE;22;M;Não;Não;NAO;Não;Não;Não;Não;-15.6037759;-56.096797797653;;2025-09-03
5270642;JOSE VALDEMAR OST MEDICINA DO TRABALHO;JOSE VALDEMAR OST;510340;Cuiabá;Sim;Sim;CENTRO;RUA JOAQUIM MURTINHO;MUNICIPAL;;ATENDIMENTOS NOS TURNOS DA MANHA E A TARDE;22;M;Não;Não;NAO;Não;Não;Não;Não;-15.604428263806655;-56.103416046949434;3624-2941;2025-09-03
5270650;WILSON BENEDITO PEREIRA;WILSON BENEDITO PEREIRA;510340;Cuiabá;Sim;Sim;CENTRO;RUA GENERAL VALE;MUNICIPAL;;ATENDIMENTO SOMENTE A TARDE;22;M;Não;Não;NAO;Não;Não;Não;Não;-15.601716146338225;-56.09098148409627;65 3322-7117;2025-11-27
5270677;FRANCISCO PEREIRA FILHO;FRANCISCO PEREIRA FILHO;510340;Cuiabá;Sim;Sim;CENTRO;AVENIDA GENERAL VALLE;MUNICIPAL;;ATENDIMENTOS NOS TURNOS DA MANHA E A TARDE;22;M;Não;Não;NAO;Não;Não;Não;Não;-15.602201821502641;-56.09100830618216;;2025-10-17
5270685;GENTIL FARRATH JUNIOR;GENTIL FARRATH JUNIOR;510340;Cuiabá;Sim;Sim;BAU;AVENIDA RUBENS DE MENDONCA;MUNICIPAL;;ATENDIMENTOS NOS TURNOS DA MANHA E A TARDE;22;M;Não;Não;NAO;Não;Não;Não;Não;;;;2025-09-03
5270707;ADRIANA SILVA BORGES GIAMPANI;ADRIANA SILVA BORGES GIAMPANI;510340;Cuiabá;Sim;Sim;JD CUIABA;AVENIDA DAS FLORES;MUNICIPAL;;ATENDIMENTOS NOS TURNOS DA MANHA E A TARDE;22;M;Não;Não;NAO;Não;Não;Não;Não;;;;2025-09-03
5270715;ANGELA MAR GOMES ALVAREZ;ANGELA MAR GOMES ALVAREZ;510340;Cuiabá;Sim;Sim;JARDIM MARIANA;RUA ADEL MALUF;MUNICIPAL;;ATENDIMENTO SOMENTE A TARDE;22;M;Não;Não;NAO;Não;Não;Não;Não;-15.578934635145313;-56.11086661181762;;2025-09-03
5270774;DOUGLAS ALBERTO DE ARRUDA GOMES;DOUGLAS ALBERTO DE ARRUDA GOMES;510340;Cuiabá;Sim;Sim;JARDIM CUIABA;AVENIDA DAS FLORES;MUNICIPAL;;ATENDIMENTOS NOS TURNOS DA MANHA E A TARDE;22;M;Não;Não;NAO;Não;Não;Não;Não;-15.595099529277588;-56.11806320223129;;2025-09-03
5270782;EDUARDO DE TOLEDO BARROS;EDUARDO DE TOLEDO BARROS;510340;Cuiabá;Sim;Sim;BAU;AVENIDA RUBENS DE MENDONCA;MUNICIPAL;;ATENDIMENTOS NOS TURNOS DA MANHA E A TARDE;22;M;Não;Não;NAO;Não;Não;Não;Não;;;;2025-09-03
5270804;ELTON HUGO MAIA TEIXEIRA;ELTON HUGO MAIA TEIXEIRA;510340;Cuiabá;Sim;Sim;BOSQUE DA SAUDE;AVENIDA ACLIMACAO;MUNICIPAL;;ATENDIMENTO SOMENTE A TARDE;22;M;Não;Não;NAO;Não;Não;Não;Não;-15.5870184;-56.07748286592682;65 3051-2222;2025-09-03
5270812;FABIOLA LAUREN DE CASTRO SULZBACHER;FABIOLA LAUREN DE CASTRO SULZBACHER;510340;Cuiabá;Sim;Sim;MIGUEL SUTIL;RUA G;MUNICIPAL;;ATENDIMENTOS NOS TURNOS DA MANHA E A TARDE;22;M;Não;Não;NAO;Não;Não;Não;Não;-15.583440581220744;-56.082437554478595;;2025-09-03
5270839;AMANDA CAROLINA RIZENTAL PINTO;AMANDA CAROLINA RIZENTAL PINTO;510340;Cuiabá;Sim;Sim;CENTRO;RUA COMANDANTE COSTA;MUNICIPAL;;ATENDIMENTO SOMENTE A TARDE;22;M;Não;Não;NAO;Não;Não;Não;Não;-15.601211317937738;-56.1035460690625;;2025-10-11
5270855;FABIOLA LAUREN DE CASTRO SULZBACHER;FABIOLA LAUREN DE CASTRO SULZBACHER;510340;Cuiabá;Sim;Sim;BOSQUE DA SAUDE;AVENIDA ACLIMACAO;MUNICIPAL;;ATENDIMENTO SOMENTE PELA MANHA;22;M;Não;Não;NAO;Não;Não;Não;Não;-15.587965976056651;-56.07706092253232;;2025-10-17
5270863;MANOEL ROMULO RIZENTAL PINTO;MANOEL ROMULO RIZENTAL PINTO;510340;Cuiabá;Sim;Sim;CENTRO;RUA COMANDANTE COSTA;MUNICIPAL;;ATENDIMENTOS NOS TURNOS DA MANHA E A TARDE;22;M;Não;Não;NAO;Não;Não;Não;Não;-15.601118850852131;-56.10373875392889;;2025-09-03
5270871;MARCONDES COSTA MARQUES;MARCONDES COSTA MARQUES;510340;Cuiabá;Sim;Sim;JARDIM CUIABA;AVENIDA DAS FLORES;MUNICIPAL;;ATENDIMENTO SOMENTE PELA MANHA;22;M;Não;Não;NAO;Não;Não;Não;Não;-15.595005488875952;-56.118059648045765;;2025-09-03
5270898;MARIA ELISA DE OLIVEIRA NOETHEN;MARIA ELISA DE OLIVEIRA NOETHEN;510340;Cuiabá;Sim;Sim;DUQUE DE CAXIAS;RUA ALMIRANTE HENRIQUE PINHEIRO GUEDES;MUNICIPAL;;ATENDIMENTOS NOS TURNOS DA MANHA E A TARDE;22;M;Não;Não;NAO;Não;Não;Não;Não;-15.58820288949953;-56.11503242042634;65 3322-4852;2025-11-27
5270901;MARIA LUIZA BIANCHINI DAS NEVES;MARIA LUIZA BIANCHINI DAS NEVES;510340;Cuiabá;Sim;Sim;CENTRO;RUA TENENTE CEL THOGO DA SILVA PEREIRA;MUNICIPAL;;ATENDIMENTOS NOS TURNOS DA MANHA E A TARDE;22;M;Não;Não;NAO;Não;Não;Não;Não;;;65 3623-2000;2025-09-03
5270936;MARIA NAZARE GAIVA DE MATTOS;MARIA NAZARE GAIVA DE MATTOS;510340;Cuiabá;Sim;Sim;JARDIM CUIABA;AVENIDA DAS FLORES;MUNICIPAL;;ATENDIMENTOS NOS TURNOS DA MANHA E A TARDE;22;M;Não;Não;NAO;Não;Não;Não;Não;-15.594908185411303;-56.11660738338881;65 3322-7159;2025-11-27
5270944;MOHAMED KASSEM OMAIS;MOHAMED KASSEM OMAIS;510340;Cuiabá;Sim;Sim;LIXEIRA;RUA CORUMBA;MUNICIPAL;;ATENDIMENTOS NOS TURNOS DA MANHA E A TARDE;22;M;Não;Não;NAO;Não;Não;Não;Não;-15.592475978118895;-56.08989822963437;65 3322-6138;2025-11-13
5270952;ODERLINO RODRIGUES DE GODOY;ODERLINO RODRIGUES DE GODOY;510340;Cuiabá;Sim;Sim;GOIABEIRAS;RUA 24 DE OUTUBRO;MUNICIPAL;;ATENDIMENTOS NOS TURNOS DA MANHA E A TARDE;22;M;Não;Não;NAO;Não;Não;Não;Não;-15.591670505767592;-56.10539154331122;65 3623-1696;2025-09-03
5271053;ROZENO BENEDITO SOUZA DA COSTA;ROZENO BENEDITO SOUZA DA COSTA;510340;Cuiabá;Sim;Sim;LIXEIRA;RUA CORUMBA;MUNICIPAL;;ATENDIMENTOS NOS TURNOS DA MANHA E A TARDE;22;M;Não;Não;NAO;Não;Não;Não;Não;-15.591346377853638;-56.088276950852396;;2025-09-03
5271088;SANDRA APARECIDA MOREIRA GOMES MONTEIRO;SANDRA APARECIDA MOREIRA GOMES MONTEIRO;510340;Cuiabá;Sim;Sim;CENTRO SUL;RUA THOGO DA SILVA PEREIRA;MUNICIPAL;;ATENDIMENTOS NOS TURNOS DA MANHA E A TARDE;22;M;Não;Não;NAO;Não;Não;Não;Não;-15.6056077;-56.1001724;65 3622-2255;2025-09-03
5271126;SANDRA ROSA TEIXEIRA;SANDRA ROSA TEIXEIRA;510340;Cuiabá;Sim;Sim;MIGUEL SUTIL;RUA G;MUNICIPAL;;ATENDIMENTOS NOS TURNOS DA MANHA E A TARDE;22;M;Não;Não;NAO;Não;Não;Não;Não;-15.5843648;-56.0609066;65 3642-5146;2025-09-03
5271134;UBIRAJARA LUPOLI BARBOSA;UBIRAJARA LUPOLI BARBOSA;510340;Cuiabá;Sim;Sim;LIXEIRA;AVENIDA RUBENS DE MENDONCA;MUNICIPAL;;ATENDIMENTOS NOS TURNOS DA MANHA E A TARDE;22;M;Não;Não;NAO;Não;Não;Não;Não;-15.5928658;-56.092424;;2025-09-03
5273765;LAWRENCE COSTA SAMPAIO;LAWRENCE COSTA SAMPAIO;510340;Cuiabá;Sim;Sim;JARDIM CALIFORNIA;AVENIDA TANCREDO NEVES;MUNICIPAL;;ATENDIMENTOS NOS TURNOS DA MANHA E A TARDE;22;M;Não;Não;NAO;Não;Não;Não;Não;-15.618886351588099;-56.076552681321665;;2025-11-13
5273803;SIMONE MARQUES DE SOUZA FONSECA;SIMONE MARQUES DE SOUZA FONSECA;510340;Cuiabá;Sim;Sim;JARDIM CALIFORNIA;AVENIDA TANCREDO NEVES;MUNICIPAL;;ATENDIMENTOS NOS TURNOS DA MANHA E A TARDE;22;M;Não;Não;NAO;Não;Não;Não;Não;-15.62265205;-56.075706226282804;;2025-09-03
5274214;MARCO AURELIO SILVA RIBEIRO;MARCO AURELIO SILVA RIBEIRO;510340;Cuiabá;Sim;Sim;BOSQUE DA SAUDE;RUA BOSQUE DA SAUDE;MUNICIPAL;;ATENDIMENTOS NOS TURNOS DA MANHA E A TARDE;22;M;Não;Não;NAO;Não;Não;Não;Não;-15.621782505407358;-56.04932635258363;65 3642-3570;2025-11-27
5278376;MICHELLE CHRISTINA DE ARRUDA CAMPOS;MICHELLE CHRISTINA DE ARRUDA CAMPOS;510340;Cuiabá;Sim;Sim;DUQUE DE CAXIAS;AVENIDA SENADOR FILINTO MULLER;MUNICIPAL;;ATENDIMENTOS NOS TURNOS DA MANHA E A TARDE;22;M;Não;Não;NAO;Não;Não;Não;Sim;-15.587888753303414;-56.10530117398572;65 3623-6475;2025-11-27
5278600;DAGOBERTO PASCHOAL FIGUEIRA PERES;DAGOBERTO PASCHOAL FIGUEIRA PERES;510340;Cuiabá;Sim;Sim;POPULAR;RUA 24 DE OUTUBRO;MUNICIPAL;;ATENDIMENTOS NOS TURNOS DA MANHA E A TARDE;22;M;Não;Não;NAO;Não;Não;Não;Sim;-15.59634153983764;-56.098657423006216;65 3661-2888;2025-09-03
5278619;MONICA MARIA PEDROX PERES;MONICA MARIA PEDROX PERES;510340;Cuiabá;Sim;Sim;JARDIM VISTA ALEGRE;RUA 24 DE OUTUBRO;MUNICIPAL;;ATENDIMENTO SOMENTE A TARDE;22;M;Não;Não;NAO;Não;Não;Não;Não;-15.596314434704208;-56.09865684769411;65 3661-2888;2026-03-10
5278635;GRACIELA ARAUJO DO ESPIRITO SANTO;GRACIELA ARAUJO DO ESPIRITO SANTO;510340;Cuiabá;Sim;Sim;JD MARIANA;AVENIDA MIGUEL SUTIL;MUNICIPAL;;ATENDIMENTOS NOS TURNOS DA MANHA E A TARDE;22;M;Não;Não;NAO;Não;Não;Não;Não;-15.582657621476805;-56.11172456273856;30283223;2025-11-04
5278643;FAUZE OMAR;FAUZE OMAR;510340;Cuiabá;Sim;Sim;DUQUE DE CAXIAS;TRAVESSA CORONEL FRANCISCO P DE OLIVEIRA;MUNICIPAL;;ATENDIMENTO SOMENTE A TARDE;22;M;Não;Não;NAO;Não;Não;Não;Não;;;;2025-09-03
5278694;ELIANNE MARIA FERREIRA CURVO;ELIANNE MARIA FERREIRA CURVO;510340;Cuiabá;Sim;Sim;CENTRO;AVENIDA ISAAC POVOAS;MUNICIPAL;;ATENDIMENTO SOMENTE A TARDE;22;M;Não;Não;NAO;Não;Não;Não;Não;-15.59652175536762;-56.10012648720493;;2025-10-17
5278708;EDSON VIRGILIO MARTINS;EDSON VIRGILIO MARTINS;510340;Cuiabá;Sim;Sim;DOM AQUINO;RUA GENERAL MELLO;MUNICIPAL;;ATENDIMENTO SOMENTE A TARDE;22;M;Não;Não;NAO;Não;Não;Não;Não;;;65 3623-2175;2025-09-03
5278724;CARLA MARQUES RONDON CAMPOS;CARLA MARQUES RONDON CAMPOS;510340;Cuiabá;Sim;Sim;JARDIM PRIMAVERA;AVENIDA DAS FLORES;MUNICIPAL;;ATENDIMENTOS NOS TURNOS DA MANHA E A TARDE;22;M;Não;Não;NAO;Não;Não;Não;Não;-15.594979070672654;-56.11852129647282;;2025-09-03
5278732;BRUNO BELTRAO DE SOUZA;BRUNO BELTRAO DE SOUZA;510340;Cuiabá;Sim;Sim;LIXEIRA;RUA CORUMBA;MUNICIPAL;;ATENDIMENTOS NOS TURNOS DA MANHA E A TARDE;22;M;Não;Não;NAO;Não;Não;Não;Não;-15.591371567084172;-56.08823202414428;65 3623-3980;2025-09-03
5278740;BENEDITO SALDANHA FILHO;BENEDITO SALDANHA FILHO;510340;Cuiabá;Sim;Sim;CENTRO SUL;RUA GENERAL VALLE;MUNICIPAL;;ATENDIMENTOS NOS TURNOS DA MANHA E A TARDE;22;M;Não;Não;NAO;Não;Não;Não;Não;;;;2025-09-03
5278775;ANTONIO CARLOS ARRUDA OLIVEIRA;ANTONIO CARLOS ARRUDA OLIVEIRA;510340;Cuiabá;Sim;Sim;CENTRO NORTE;RUA MARECHAL FLORIANO PEIXOTO;MUNICIPAL;;ATENDIMENTOS NOS TURNOS DA MANHA E A TARDE;22;M;Não;Não;NAO;Não;Não;Não;Não;-15.59218642294412;-56.099001121935636;;2025-09-03
5278783;ANDERSON KUNTZ GRZESIUK;ANDERSON KUNTZ GRZESIUK;510340;Cuiabá;Sim;Sim;JARDIM CUIABA;AVENIDA DAS FLORES;MUNICIPAL;;ATENDIMENTOS NOS TURNOS DA MANHA E A TARDE;22;M;Não;Não;NAO;Não;Não;Não;Não;-15.59476509002692;-56.11956645801509;65;2025-09-03
5278791;VICTOR RODRIGUES;VICTOR RODRIGUES;510340;Cuiabá;Sim;Sim;BOSQUE DA SAUDE;AVENIDA ACLIMACAO;MUNICIPAL;;ATENDIMENTOS NOS TURNOS DA MANHA E A TARDE;22;M;Não;Não;NAO;Não;Não;Não;Não;-15.585069062500866;-56.08005386992455;65 3051-2250;2025-09-03
5278805;VALERIA REGINA COSTA LEITE;VALERIA REGINA COSTA LEITE;510340;Cuiabá;Sim;Sim;CENTRO SUL;RUA TEN CEL THOGO DA SILVA PEREIRA;MUNICIPAL;;ATENDIMENTOS NOS TURNOS DA MANHA E A TARDE;22;M;Não;Não;NAO;Não;Não;Não;Não;;;65 3622-2255;2025-09-03
5278813;SEBASTIAO FERNANDEZ;SEBASTIAO FERNANDEZ;510340;Cuiabá;Sim;Sim;JARDIM CUIABA;AVENIDA DAS FLORES;MUNICIPAL;;ATENDIMENTO SOMENTE PELA MANHA;22;M;Não;Não;NAO;Não;Não;Não;Não;-15.594995544805572;-56.117937138936696;65 3051-3194;2025-09-03
5278821;RICARDO DE MATOS CHICONELLI;RICARDO DE MATOS CHICONELLI;510340;Cuiabá;Sim;Sim;JARDIM CUIABA;AVENIDA DAS FLORES;MUNICIPAL;;ATENDIMENTOS NOS TURNOS DA MANHA E A TARDE;22;M;Não;Não;NAO;Não;Não;Não;Não;-15.594985211002884;-56.118336787938105;65 3052-8208;2025-09-03
5278848;PEDRO ERNESTO PULCHERIO;PEDRO ERNESTO PULCHERIO;510340;Cuiabá;Sim;Sim;JARDIM MARIANA;RUA ADEL MALUF;MUNICIPAL;;ATENDIMENTO SOMENTE A TARDE;22;M;Não;Não;NAO;Não;Não;Não;Não;-15.579147415143844;-56.11116947980769;65 3618-8122;2025-11-27
5278856;NILZA MARIA DE FIGUEIREDO EPAMINONDAS;NILZA MARIA DE FIGUEIREDO EPAMINONDAS;510340;Cuiabá;Sim;Sim;QUILOMBO;AV SENADOR FILINTO MULLER;MUNICIPAL;;ATENDIMENTOS NOS TURNOS DA MANHA E A TARDE;22;M;Não;Não;NAO;Não;Não;Não;Não;-15.581380797742344;-56.1008080051708;65 3322-8660;2025-11-13
5278864;NILZA CARDOSO DOURADO;NILZA CARDOSO DOURADO;510340;Cuiabá;Sim;Sim;BOSQUE DA SAUDE;AVENIDA ACLIMACAO;MUNICIPAL;;ATENDIMENTO SOMENTE A TARDE;22;M;Não;Não;NAO;Não;Não;Não;Não;-15.585072361345098;-56.080045362506254;65 3051-2250;2025-09-03
5278880;MARIA JULIA VENTRESQUI GUEDES FERNANDEZ;MARIA JULIA VENTRESQUI GUEDES FERNANDEZ;510340;Cuiabá;Sim;Sim;JARDIM CUIABA;AVENIDA DAS FLORES;MUNICIPAL;;ATENDIMENTO SOMENTE PELA MANHA;22;M;Não;Não;NAO;Não;Não;Não;Não;-15.595025510724227;-56.11806300080376;65 3051-3000;2025-09-03
5278899;MARIA INES BARROS TENUTA;MARIA INES BARROS TENUTA;510340;Cuiabá;Sim;Sim;CENTRO NORTE;RUA CANDIDO MARIANO;MUNICIPAL;;ATENDIMENTOS NOS TURNOS DA MANHA E A TARDE;22;M;Não;Não;NAO;Não;Não;Não;Não;-15.576288122642115;-56.07159279613649;65 3624-3758;2025-11-28
5278902;MARCO YUNES CASAROTTO;MARCO YUNES CASAROTTO;510340;Cuiabá;Sim;Sim;JARDIM CUIABA;AVENIDA DAS FLORES;MUNICIPAL;;ATENDIMENTOS NOS TURNOS DA MANHA E A TARDE;22;M;Não;Não;NAO;Não;Não;Não;Não;-15.594998384339132;-56.118016062348;65 3321-0304;2025-09-03
5278910;MARCO SERGIO CABRAL CORREA;MARCO SERGIO CABRAL CORREA;510340;Cuiabá;Sim;Sim;CENTRO NORTE;RUA CTE COSTA;MUNICIPAL;;ATENDIMENTO SOMENTE A TARDE;22;M;Não;Não;NAO;Não;Não;Não;Não;-15.595371870068659;-56.09716859586137;65 3321-2777;2025-09-03
5278929;MARCELO COLOGNESE;MARCELO COLOGNESE;510340;Cuiabá;Sim;Sim;JARDIM CUIABA;AVENIDA DAS FLORES;MUNICIPAL;;ATENDIMENTO SOMENTE PELA MANHA;22;M;Não;Não;NAO;Não;Não;Não;Não;-15.596;-56.097;;2025-12-17
5278937;LUIZ DE GONZAGA FIGUEIREDO;LUIZ DE GONZAGA FIGUEIREDO;510340;Cuiabá;Sim;Sim;CENTRO NORTE;RUA GENERAL VALE;MUNICIPAL;;ATENDIMENTO SOMENTE PELA MANHA;22;M;Não;Não;NAO;Não;Não;Não;Não;-15.596;-56.097;65 3051-1946;2025-09-03
5278953;LUIZ AUGUSTO CAVALLINI MENECHINO;LUIZ AUGUSTO CAVALLINI MENECHINO;510340;Cuiabá;Sim;Sim;BOSQUE DA SAUDE;AVENIDA RUBENS DE MENDONCA;MUNICIPAL;;ATENDIMENTOS NOS TURNOS DA MANHA E A TARDE;22;M;Não;Não;NAO;Não;Não;Não;Não;-15.58115819161193;-56.07745030640523;65 3642-2617;2025-11-27
5278961;LUIZ ARTHUR DE FARIA FIGUEIREDO;LUIZ ARTHUR DE FARIA FIGUEIREDO;510340;Cuiabá;Sim;Sim;JARDIM CUIABA;AVENIDA GENERAL RAMIRO DE NORONHA;MUNICIPAL;;ATENDIMENTO SOMENTE PELA MANHA;22;M;Não;Não;NAO;Não;Não;Não;Não;-15.5958943;-56.1110745;65 3321-5034;2025-09-03
5278988;LUIS FELIPE SABOIA RIBEIRO FILHO;LUIS FELIPE SABOIA RIBEIRO FILHO;510340;Cuiabá;Sim;Sim;CENTRO;RUA GENERAL VALE;MUNICIPAL;;ATENDIMENTO SOMENTE A TARDE;22;M;Não;Não;NAO;Não;Não;Não;Não;-15.596;-56.097;65 3322-3796;2025-09-03
5278996;LAUZAMAR ROGE SALOMAO JUNIOR;LAUZAMAR ROGE SALOMAO JUNIOR;510340;Cuiabá;Sim;Sim;JD MARIANA;RUA ADEL MALUF;MUNICIPAL;;ATENDIMENTO SOMENTE PELA MANHA;22;M;Não;Não;NAO;Não;Não;Não;Não;-15.587199412048662;-56.128107659132766;;2025-11-13
5279011;JOSEMAR HONORIO BARRETO;JOSEMAR HONORIO BARRETO;510340;Cuiabá;Sim;Sim;BAU;AVENIDA HIST RUBENS DE MENDONCA;MUNICIPAL;;ATENDIMENTO SOMENTE PELA MANHA;22;M;Não;Não;NAO;Não;Não;Não;Não;-15.590180707937106;-56.0868926926357;;2025-09-03
5279097;IVONETE DE FATIMA CALLEGARI PADOIN;IVONETE DE FATIMA CALLEGARI PADOIN;510340;Cuiabá;Sim;Sim;PORTO;RUA COMANDANTE COSTA;MUNICIPAL;;ATENDIMENTO SOMENTE PELA MANHA;22;M;Não;Não;NAO;Não;Não;Não;Não;-15.5976142;-56.099541;65 3624-5277;2025-09-03
5279100;GABRIELA ALONSO CORREA DA COSTA CHICONELLI;GABRIELA ALONSO CORREA DA COSTA CHICONELLI;510340;Cuiabá;Sim;Sim;JARDIM CUIABA;AVENIDA DAS FLORES;MUNICIPAL;;ATENDIMENTOS NOS TURNOS DA MANHA E A TARDE;22;M;Não;Não;NAO;Não;Não;Não;Não;-15.59535361057792;-56.1179121261465;65 3052-8208;2026-03-10
5279119;EDUARDO BENEVIDES LINDOTE FILHO;EDUARDO BENEVIDES LINDOTE FILHO;510340;Cuiabá;Sim;Sim;CENTRO SUL;RUA BARAO DE MELGACO;MUNICIPAL;;ATENDIMENTOS NOS TURNOS DA MANHA E A TARDE;22;M;Não;Não;NAO;Não;Não;Não;Não;-15.603583823571116;-56.1035815693836;65 3622-2005;2025-10-17
5279135;DALVA NOELI CORDEIRO;DALVA NOELI CORDEIRO;510340;Cuiabá;Sim;Sim;BAU;RUA CORUMBA;MUNICIPAL;;ATENDIMENTOS NOS TURNOS DA MANHA E A TARDE;22;M;Não;Não;NAO;Não;Não;Não;Não;-15.59091753388596;-56.088490070206916;65 3624-2194;2025-09-03
5279143;CYNTHIA CASTILHO MORENO;CYNTHIA CASTILHO MORENO;510340;Cuiabá;Sim;Sim;JARDIM CUIABA;AVENIDA DAS FLORES;MUNICIPAL;;ATENDIMENTO SOMENTE A TARDE;22;M;Não;Não;NAO;Não;Não;Não;Não;-15.595021379539473;-56.11787276593585;;2025-09-03
5279151;AUGUSTO CESAR DA MOTA MENEZES;AUGUSTO CESAR DA MOTA MENEZES;510340;Cuiabá;Sim;Sim;POCAO;RUA MIRANDA REIS;MUNICIPAL;;ATENDIMENTO SOMENTE A TARDE;22;M;Não;Não;NAO;Não;Não;Não;Não;-15.595765092761203;-56.09710603952408;;2025-09-03
5279186;ANITA DE SOUZA MELO;ANITA DE SOUZA MELO;510340;Cuiabá;Sim;Sim;JARDIM MARIANA;RUA ADEL MALOUF;MUNICIPAL;;ATENDIMENTO SOMENTE A TARDE;22;M;Não;Não;NAO;Não;Não;Não;Não;-15.596;-56.097;65 3618-8000;2025-09-03
5279216;ALVARO ROBERTO DE ASSUMPCAO;ALVARO ROBERTO DE ASSUMPCAO;510340;Cuiabá;Sim;Sim;JARDIM MARIANA;RUA ADEL MALOUF;MUNICIPAL;;ATENDIMENTOS NOS TURNOS DA MANHA E A TARDE;22;M;Não;Não;NAO;Não;Não;Não;Não;-15.57895749029456;-56.11098093927441;65 3618-8000;2025-09-03
5279224;ABRAO ANTONIO SEBE;ABRAO ANTONIO SEBE;510340;Cuiabá;Sim;Sim;CENTRO;RUA 13 DE JUNHO;MUNICIPAL;;ATENDIMENTO SOMENTE PELA MANHA;22;M;Não;Não;NAO;Não;Não;Não;Não;-15.596;-56.097;65 3616-7000;2025-09-03
5279232;HELIO BORBA MORATELLI;HELIO BORBA MORATELLI;510340;Cuiabá;Sim;Sim;POCAO;RUA BELA VISTA;MUNICIPAL;;ATENDIMENTO SOMENTE A TARDE;22;M;Não;Não;NAO;Não;Não;Não;Não;-15.576821054701073;-56.0846548851546;65 3623-1782;2025-09-03
5279240;GERMANA DE FREITAS E SILVA MATIAS;GERMANA DE FREITAS E SILVA MATIAS;510340;Cuiabá;Sim;Sim;BOSQUE DA SAUDE;AVENIDA ACLIMACAO;MUNICIPAL;;ATENDIMENTOS NOS TURNOS DA MANHA E A TARDE;22;M;Não;Não;NAO;Não;Não;Não;Não;-15.587368086516847;-56.07751247583282;;2025-09-03
5282640;SONAR;MAURO FERREIRA PACHECO FILHO;510340;Cuiabá;Sim;Sim;BANDEIRANTES;RUA MANOEL GARCIA VELHO;MUNICIPAL;;ATENDIMENTOS NOS TURNOS DA MANHA E A TARDE;22;M;Não;Não;NAO;Não;Não;Não;Não;-15.601287336464363;-56.094036276369174;65;2025-09-03
5282551;VENCESLAU DE MATOS DOURADO;VENCESLAU DE MATOS DOURADO;510340;Cuiabá;Sim;Sim;BOSUQE DA SAUDE;AVENIDA ACLIMACAO;MUNICIPAL;;ATENDIMENTO SOMENTE A TARDE;22;M;Não;Não;NAO;Não;Não;Não;Não;-15.587548731547317;-56.0769844795784;65 3051-2250;2025-11-27
5282632;EUNICE MARTINS DE SOUZA E SILVA;EUNICE MARTINS DE SOUZA E SILVA;510340;Cuiabá;Sim;Sim;POCAO;RUA MIRANDA REIS;MUNICIPAL;;ATENDIMENTOS NOS TURNOS DA MANHA E A TARDE;22;M;Não;Não;NAO;Não;Não;Não;Não;-15.603537457636019;-56.090891848515696;65 3624-2078;2025-10-17
5282659;DIVINO CEZAR DOS SANTOS;DIVINO CEZAR DOS SANTOS;510340;Cuiabá;Sim;Sim;CENTRO NORTE;RUA CANDIDO MARIANO;MUNICIPAL;;ATENDIMENTOS NOS TURNOS DA MANHA E A TARDE;22;M;Não;Não;NAO;Não;Não;Não;Não;-15.593321538250459;-56.099634662510674;65 3624-0860;2025-10-17
5282667;AYRTON PULCHERIO FILHO;AYRTON PULCHERIO FILHO;510340;Cuiabá;Sim;Sim;CENTRO SUL;RUA THOGO DA SILVA PEREIRA;MUNICIPAL;;ATENDIMENTOS NOS TURNOS DA MANHA E A TARDE;22;M;Não;Não;NAO;Não;Não;Não;Não;;;65 3622-2255;2025-09-03
5282675;CLINICA VIVO MEDICINA;CLINICA VIVO MEDICINA LTDA;510340;Cuiabá;Sim;Sim;BOSQUE DA SAUDE;ACLIMACAO;MUNICIPAL;;ATENDIMENTOS NOS TURNOS DA MANHA E A TARDE;36;M;Não;Não;NAO;Não;Não;Não;Sim;-15.58624342467115;-56.07865109710061;65 30252575;2026-07-07
5282683;DALTON FERREIRA;DALTON FERREIRA;510340;Cuiabá;Sim;Sim;JARDIM CUIABA;AVENIDA DAS FLORES;MUNICIPAL;;ATENDIMENTOS NOS TURNOS DA MANHA E A TARDE;22;M;Não;Não;NAO;Não;Não;Não;Não;-15.595104050343334;-56.11806186091386;6503051-3555;2025-09-03
5282691;ADEMAR RODRIGUES CARVALHO;ADEMAR RODRIGUES CARVALHO;510340;Cuiabá;Sim;Sim;JARDIM CUIABA;AVENIDA MIGUEL SUTIL ED SANTA ROSA TOWER;MUNICIPAL;;ATENDIMENTOS NOS TURNOS DA MANHA E A TARDE;22;M;Não;Não;NAO;Não;Não;Não;Não;-15.596;-56.097;(65) 3626-4500;2025-09-03
5282713;AFRANIO BATISTA DA COSTA;AFRANIO BATISTA DA COSTA;510340;Cuiabá;Sim;Sim;CENTO SUL;RUA THOGO P DA SILVA;MUNICIPAL;;ATENDIMENTO SOMENTE PELA MANHA;22;M;Não;Não;NAO;Não;Não;Não;Não;-15.598030313157878;-56.10956222351848;65 3616-7001;2025-09-03
5282721;JOAO FELIX DIAS;JOAO FELIX DIAS;510340;Cuiabá;Sim;Sim;BAU;RUA CORUMBA;MUNICIPAL;;ATENDIMENTOS NOS TURNOS DA MANHA E A TARDE;22;M;Não;Não;NAO;Não;Não;Não;Não;-15.59136058721943;-56.088228671935575;65 3623-9135;2025-09-03
5282756;CRISTINA GOULART LEMES DE MORAES;CRISTINA GOULART LEMES DE MORAES;510340;Cuiabá;Sim;Sim;JARDIM CUIABA;AVENIDA DAS FLORES;MUNICIPAL;;ATENDIMENTOS NOS TURNOS DA MANHA E A TARDE;22;M;Não;Não;NAO;Não;Não;Não;Não;-15.594590373705344;-56.116652994920194;65 3051-3369;2025-10-17
5282764;SANDRA MARIA GEORGETO;SANDRA MARIA GEORGETO;510340;Cuiabá;Sim;Sim;JARDIM CUIABA;AVENIDA DAS FLORES;MUNICIPAL;;ATENDIMENTOS NOS TURNOS DA MANHA E A TARDE;22;M;Não;Não;NAO;Não;Não;Não;Não;-15.5955946;-56.1116329;65;2025-09-03
5282772;MARCIO CANAVARROS SERRA;MARCIO CANAVARROS SERRA;510340;Cuiabá;Sim;Sim;JARDIM CUIABA;AVENIDA DAS FLORES;MUNICIPAL;;ATENDIMENTO SOMENTE A TARDE;22;M;Não;Não;NAO;Não;Não;Não;Não;-15.595161094333951;-56.11795995696147;65 3051-3515;2025-09-03
5282799;JOAO BOSCO DE ALMEIDA DUARTE;JOAO BOSCO DE ALMEIDA DUARTE;510340;Cuiabá;Sim;Sim;CENTRO;RUA MARECHAL DEODORO;MUNICIPAL;;ATENDIMENTO SOMENTE A TARDE;22;M;Não;Não;NAO;Não;Não;Não;Não;-15.5881466;-56.097385;65 3322-1545;2025-09-03
5282802;SHEILA HORST DUQUE GRIPP;SHEILA HORST DUQUE GRIPP;510340;Cuiabá;Sim;Sim;JARDIM DAS AMERICAS;AVENIDA BRASILIA;MUNICIPAL;;ATENDIMENTOS NOS TURNOS DA MANHA E A TARDE;22;M;Não;Não;NAO;Não;Não;Não;Não;-15.606619367864646;-56.13176359238667;65 3627-2226;2025-09-03
5282810;CELSO MARCELO CUNHA;CELSO MARCELO CUNHA;510340;Cuiabá;Sim;Sim;JARDIM MARIANA;RUA ADEL MALUF;MUNICIPAL;;ATENDIMENTO SOMENTE A TARDE;22;M;Não;Não;NAO;Não;Não;Não;Não;-15.579307814591457;-56.11218810081482;65 3626-6757;2025-09-03
5282845;REJANE CESARIO LINDOTE;REJANE CESARIO LINDOTE;510340;Cuiabá;Sim;Sim;CENTRO SUL;RUA BARAO DE MELGACO;MUNICIPAL;;ATENDIMENTO SOMENTE A TARDE;22;M;Não;Não;NAO;Não;Não;Não;Não;-15.602453598121974;-56.10165549080115;65 3622-2005;2025-10-11
5282853;CELSO MARCELO CUNHA;CELSO MARCELO CUNHA;510340;Cuiabá;Sim;Sim;JARDIM CUIABA;RUA RAMIRO DE NORONHA;MUNICIPAL;;ATENDIMENTO SOMENTE PELA MANHA;22;M;Não;Não;NAO;Não;Não;Não;Não;-15.594710792914542;-56.112681391006255;65 3624-0150;2025-09-03
5282861;ANA HELENA DOTTA;ANA HELENA DOTTA;510340;Cuiabá;Sim;Sim;GOIABEIRAS;RUA 24 DE OUTUBRO;MUNICIPAL;;ATENDIMENTOS NOS TURNOS DA MANHA E A TARDE;22;M;Não;Não;NAO;Não;Não;Não;Não;-15.591604626231655;-56.10548474945708;65 3623-1696;2025-09-03
5282918;DIJALMAS RIBEIRO DE CASTRO;DIJALMAS RIBEIRO DE CASTRO;510340;Cuiabá;Sim;Sim;BANDEIRANTES;RUA GENERAL VALLE;MUNICIPAL;;ATENDIMENTOS NOS TURNOS DA MANHA E A TARDE;22;M;Não;Não;NAO;Não;Não;Não;Não;-15.596;-56.097;65 3624-4165;2025-09-03
5282934;BENEDITO CESARINO LARA FERNANDES;BENEDITO CESARINO LARA FERNANDES;510340;Cuiabá;Sim;Sim;BOSQUE DA SAUDE;AVENIDA HIST RUBENS DE MENDONCA;MUNICIPAL;;ATENDIMENTO SOMENTE A TARDE;22;M;Não;Não;NAO;Não;Não;Não;Não;-15.583375640949257;-56.07811734797833;65 3644-8060;2025-09-03
5282942;AUGUSTO CESAR REGIS DE OLIVEIRA;AUGUSTO CESAR REGIS DE OLIVEIRA;510340;Cuiabá;Sim;Sim;JARDIM CUIABA;AVENIDA DAS FLORES;MUNICIPAL;;ATENDIMENTOS NOS TURNOS DA MANHA E A TARDE;22;M;Não;Não;NAO;Não;Não;Não;Não;;;65 3051-3550;2025-09-03
5282950;ARTHUR OCTAVIO MONTEIRO;ARTHUR OCTAVIO MONTEIRO;510340;Cuiabá;Sim;Sim;GOIABEIRAS;RUA ESTEVAO DE MENDONCA;MUNICIPAL;;ATENDIMENTOS NOS TURNOS DA MANHA E A TARDE;22;M;Não;Não;NAO;Não;Não;Não;Não;-15.596;-56.097;65 3321-6034;2025-09-03
5282977;ARIADNE DE OLIVEIRA DESSUNTE FIGUEIREDO;ARIADNE DE OLIVEIRA DESSUNTE FIGUEIREDO;510340;Cuiabá;Sim;Sim;JARDIM EUROPA;RUA JORNALISTA JAQUES BRUNINI;MUNICIPAL;;ATENDIMENTO SOMENTE PELA MANHA;22;M;Não;Não;NAO;Não;Não;Não;Não;;;65 3634-4823;2025-09-03
5282985;ANTONIO MANUEL CARDOSO FERNANDES;ANTONIO MANUEL CARDOSO FERNANDES;510340;Cuiabá;Sim;Sim;JARDIM MARIANA;RUA ADEL MALUF;MUNICIPAL;;ATENDIMENTOS NOS TURNOS DA MANHA E A TARDE;22;M;Não;Não;NAO;Não;Não;Não;Não;-15.596;-56.097;65 3618-8131;2025-09-03
5282993;ANGELA APARECIDA SIQUINELLI;ANGELA APARECIDA SIQUINELLI;510340;Cuiabá;Sim;Sim;CENTRO;RUA TE CEL THOGO S PEREIRA;MUNICIPAL;;ATENDIMENTOS NOS TURNOS DA MANHA E A TARDE;22;M;Não;Não;NAO;Não;Não;Não;Não;-15.604438749680694;-56.10211050142384;65 3622-2255;2025-09-03
5283000;JOSE LUIZ RAINHO CUNHA;JOSE LUIZ RAINHO CUNHA;510340;Cuiabá;Sim;Sim;ARAES;RUA DESEMBARGADOR JOSE DE MESQUITA;MUNICIPAL;;ATENDIMENTO SOMENTE A TARDE;22;M;Não;Não;NAO;Não;Não;Não;Não;;;;2025-09-03
5283027;JOAQUIM DA CUNHA CAMPOS GONCALVES;JOAQUIM DA CUNHA CAMPOS GONCALVES;510340;Cuiabá;Sim;Sim;QUILOMBO;AVENIDA SAO SEBASTIAO;MUNICIPAL;;ATENDIMENTO SOMENTE A TARDE;22;M;Não;Não;NAO;Não;Não;Não;Não;-15.5950389;-56.1055293;65 3322-5050;2025-09-03
5283043;JOACIR RODRIGUES CARVALHO;JOACIR RODRIGUES CARVALHO;510340;Cuiabá;Sim;Sim;JARDIM MARIANA;RUA ADEL MALUF;MUNICIPAL;;ATENDIMENTO SOMENTE A TARDE;22;M;Não;Não;NAO;Não;Não;Não;Não;-15.5791388;-56.111168;65 3626-4500;2025-12-17
5283108;HENRIQUE LABOISSIERE DA SILVA;HENRIQUE LABOISSIERE DA SILVA;510340;Cuiabá;Sim;Sim;JARDIM CUIABA;AVENIDA DAS FLORES;MUNICIPAL;;ATENDIMENTO SOMENTE A TARDE;22;M;Não;Não;NAO;Não;Não;Não;Não;-15.595045064161097;-56.1170553262565;65 3623-2079;2025-11-04
5283124;MARCIA MARIA DE AZEVEDO SOUZA;MARCIA MARIA DE AZEVEDO SOUZA;510340;Cuiabá;Sim;Sim;GOIABEIRAS;RUA ESTEVAO DE MENDONCA;MUNICIPAL;;ATENDIMENTOS NOS TURNOS DA MANHA E A TARDE;22;M;Não;Não;NAO;Não;Não;Não;Não;-15.588326453748511;-56.11107003867583;65 3624-0100;2025-11-27
5283132;MARCO ANTONIO DE ARRUDA FIGUEIREDO;MARCO ANTONIO DE ARRUDA FIGUEIREDO;510340;Cuiabá;Sim;Sim;CENTRO;RUA BARAO DE MELGACO;MUNICIPAL;;ATENDIMENTOS NOS TURNOS DA MANHA E A TARDE;22;M;Não;Não;NAO;Não;Não;Não;Não;-15.602242451813703;-56.101773526765484;65 3624-3643;2025-09-03
5283140;MARIELA DA GAMA FORTUNATO;MARIELA DA GAMA FORTUNATO;510340;Cuiabá;Sim;Sim;LIXEIRA;AVENIDA CORUMBA;MUNICIPAL;;ATENDIMENTOS NOS TURNOS DA MANHA E A TARDE;22;M;Não;Não;NAO;Não;Não;Não;Não;-15.592412799178996;-56.090044553689744;65 3321-0943;2025-09-03
5283175;JUNOT RUELA PEREIRA;JUNOT RUELA PEREIRA;510340;Cuiabá;Sim;Sim;BOSQUE DA SAUDE;AVENIDA RUBENS DE MENDONCA;MUNICIPAL;;ATENDIMENTOS NOS TURNOS DA MANHA E A TARDE;22;M;Não;Não;NAO;Não;Não;Não;Não;-15.588869006213127;-56.07943270215241;65 3642-1312;2025-09-03
5283183;NILSON TADEU PEREZ;NILSON TADEU PEREZ;510340;Cuiabá;Sim;Sim;QUILOMBO;RUA ESTEVAO DE MENDONCA;MUNICIPAL;;ATENDIMENTOS NOS TURNOS DA MANHA E A TARDE;22;M;Não;Não;NAO;Não;Não;Não;Não;-15.588264571240702;-56.10383047644398;;2025-09-03
5283205;MYRIAN CURY HADDAD;MYRIAN CURY HADDAD;510340;Cuiabá;Sim;Sim;DUQUE DE CAXIAS;RUA MASCARENHAS DE MORAES;MUNICIPAL;;ATENDIMENTO SOMENTE A TARDE;22;M;Não;Não;NAO;Não;Não;Não;Não;-15.58713433140516;-56.11109342448907;65 3324-6010;2025-11-13
5283213;MAURO JARROS;MAURO JARROS;510340;Cuiabá;Sim;Sim;BOSQUE DA SAUDE;AVENIDA ACLIMACAO;MUNICIPAL;;ATENDIMENTO SOMENTE A TARDE;22;M;Não;Não;NAO;Não;Não;Não;Não;-15.586800787921968;-56.07809408078829;65 3642-1700;2025-09-03
5283221;MARIO TOSHIO ISHITANI;MARIO TOSHIO ISHITANI;510340;Cuiabá;Sim;Sim;ARAES;AVENIDA MATO GROSSO;MUNICIPAL;;ATENDIMENTOS NOS TURNOS DA MANHA E A TARDE;22;M;Não;Não;NAO;Não;Não;Não;Não;-15.590407021573133;-56.0957966249078;65 3321-3666;2025-09-03
5283264;WILSON DE BARROS;WILSON DE BARROS;510340;Cuiabá;Sim;Sim;CENTRO;RUA 13 DE JUNHO;MUNICIPAL;;ATENDIMENTOS NOS TURNOS DA MANHA E A TARDE;22;M;Não;Não;NAO;Não;Não;Não;Não;-15.6030141;-56.0994771;65 3321-9049;2025-09-03
5283272;ZULEIDE APARECIDA FELIX CABRAL;ZULEIDE APARECIDA FELIX CABRAL;510340;Cuiabá;Sim;Sim;JARDIM CUIABA;AVENIDA DAS FLORES;MUNICIPAL;;ATENDIMENTO SOMENTE A TARDE;22;M;Não;Não;NAO;Não;Não;Não;Não;-15.59502525473838;-56.11804442759459;65 3624-5989;2025-09-03
5283280;VICTOR HUGO DE ALMEIDA;VICTOR HUGO DE ALMEIDA;510340;Cuiabá;Sim;Sim;ARAES;RUA DESEMBARGADOR JOSE DE MESQUITA;MUNICIPAL;;ATENDIMENTO SOMENTE A TARDE;22;M;Não;Não;NAO;Não;Não;Não;Não;-15.590671723675452;-56.09426114844047;65 3623-1290;2025-09-03
5283299;SEBASTIAO DIAS DE OLIVEIRA;SEBASTIAO DIAS DE OLIVEIRA;510340;Cuiabá;Sim;Sim;BANDEIRANTES;RUA MANOEL GARCIA VELHO;MUNICIPAL;;ATENDIMENTO SOMENTE A TARDE;22;M;Não;Não;NAO;Não;Não;Não;Não;-15.600693326952982;-56.092114503137765;65 3052-0375;2025-11-27
5283310;ROSA ESTELA ROJAS DIAZ;ROSA ESTELA ROJAS DIAZ;510340;Cuiabá;Sim;Sim;BOSQUE DA SAUDE;AVENIDA ACLIMACAO;MUNICIPAL;;ATENDIMENTO SOMENTE A TARDE;22;M;Não;Não;NAO;Não;Não;Não;Não;-15.58674136580768;-56.07811687930952;65 3642-1700;2025-09-03
5283329;RONALDO PEREIRA CUIABANO;RONALDO PEREIRA CUIABANO;510340;Cuiabá;Sim;Sim;JARDIM CUIABA;AVENIDA DAS FLORES;MUNICIPAL;;ATENDIMENTOS NOS TURNOS DA MANHA E A TARDE;22;M;Não;Não;NAO;Não;Não;Não;Não;-15.594879722293715;-56.11727526738701;65 3321-0768;2025-11-27
5283353;ROBERTO EDISON MINIKOWSKI;ROBERTO EDISON MINIKOWSKI;510340;Cuiabá;Sim;Sim;QUILOMBO;RUA ESTEVAO DE MENDONCA;MUNICIPAL;;ATENDIMENTOS NOS TURNOS DA MANHA E A TARDE;22;M;Não;Não;NAO;Não;Não;Não;Não;-15.588273613668981;-56.10381974740116;;2025-09-03
5285240;CLINICA MEDICA DE ELETROENCEFALOGRAFIA LTDA ME;CLINICA MEDICA DE ELETROENCEFALOGRAFIA LTDA ME;510340;Cuiabá;Sim;Sim;JARDIM CUIABA;AVENIDA DAS FLORES;MUNICIPAL;;ATENDIMENTO SOMENTE A TARDE;36;M;Não;Não;NAO;Não;Não;Não;Sim;-15.594972413319887;-56.11953561311917;65 3901-2360;2025-09-03
5286832;KELLI CRISTINA PENAS CATHARINO;KELLI CRISTINA PENAS CATHARINO;510340;Cuiabá;Sim;Sim;JARDIM CUIABA;AVENIDA DAS FLORES;MUNICIPAL;;ATENDIMENTOS NOS TURNOS DA MANHA E A TARDE;22;M;Não;Não;NAO;Não;Não;Não;Não;-15.594804393275266;-56.11924811747707;65 3901-2359;2025-09-03
5287863;A C FENIX;A C FENIX PSICOLOGIA E ESTETICA LTDA;510340;Cuiabá;Sim;Sim;ALVORADA;RUA LUIZ PHILLIPS PEREIRA LEITE;MUNICIPAL;;ATENDIMENTOS NOS TURNOS DA MANHA E A TARDE;22;M;Não;Não;NAO;Não;Não;Não;Não;;;65 3028-1072;2025-09-03
5288002;OSVANIO SALOMAO PIMENTA;OSVANIO SALOMAO PIMENTA;510340;Cuiabá;Sim;Sim;JARDIM CALIFORNIA;RUA TANCREDO NEVES;MUNICIPAL;;ATENDIMENTOS NOS TURNOS DA MANHA E A TARDE;22;M;Não;Não;NAO;Não;Não;Não;Não;-15.622858709683666;-56.07562853414375;65 3627-1444;2025-09-03
5289041;DEISELLU ANAH TORQUATO DA SILVA;DEISELLU ANAH TORQUATO DA SILVA;510340;Cuiabá;Sim;Sim;CENTRO;RUA COMANDANTE COSTA;MUNICIPAL;;ATENDIMENTO SOMENTE PELA MANHA;22;M;Não;Não;NAO;Não;Não;Não;Sim;-15.601555488107246;-56.10389309961531;65 3322-0764;2025-09-03
5289556;EDY ROSALVO;EDY ROSALVO ALVES PEREIRA ME;510340;Cuiabá;Sim;Sim;CENTRO SUL;RUA SAO BENEDITO;MUNICIPAL;;ATENDIMENTOS NOS TURNOS DA MANHA E A TARDE;22;M;Não;Não;NAO;Não;Não;Não;Sim;;;65 3321-6419;2025-09-03
5290600;IARA PASCOLAT CORADINI;IARA PASCOLAT CORADINI;510340;Cuiabá;Sim;Sim;CENTRO;RUA GENERAL VALLE;MUNICIPAL;;ATENDIMENTOS NOS TURNOS DA MANHA E A TARDE;22;M;Não;Não;NAO;Não;Não;Não;Não;-15.596;-56.097;65 3622-0007;2025-09-03
5291313;CLINICA E LABORATORIO SAO RAFAEL;INSTITUTO ODARA DE SAUDE INTEGRATIVA E BEM ESTAR LTDA;510340;Cuiabá;Sim;Sim;BELA VISTA;OATOMO CANAVARROS;MUNICIPAL;;ATENDIMENTOS NOS TURNOS DA MANHA E A TARDE;36;M;Não;Não;NAO;Não;Não;Não;Não;-15.582942604779294;-56.058841288597876;65 99845383;2025-09-03
5291321;ISGHP;INSTITUTO SOCIAL DE GESTAO HUMANIZADA DE PESSOAS ISGHP;510340;Cuiabá;Sim;Sim;CENTRO SUL;TENENTE CORONEL THOGO DA SILVA PEREIRA;MUNICIPAL;;ATENDIMENTOS NOS TURNOS DA MANHA E A TARDE;36;M;Não;Não;NAO;Não;Não;Não;Sim;-15.600674714232358;-56.10670824785191;65 99838372;2025-09-03
5291348;A L CLINICA MEDICA;A L CLINICA MEDICA LTDA;510340;Cuiabá;Sim;Sim;JARDIM EUROPA;JORNALISTA ROBERTO JACQUES BRUNINI;MUNICIPAL;;ATENDIMENTOS NOS TURNOS DA MANHA E A TARDE;22;M;Não;Não;NAO;Não;Não;Não;Não;-15.622626770705711;-56.08309606134523;65 99750959;2025-09-03
5291356;LABTOX;LABTOX TOXICOLOGICO DNA LTDA;510340;Cuiabá;Sim;Sim;JARDIM DAS AMERICAS;FERNANDO CORREA DA COSTA;MUNICIPAL;;ATENDIMENTOS NOS TURNOS DA MANHA E A TARDE;36;M;Não;Não;NAO;Não;Não;Não;Não;-15.612157490040948;-56.07482323435769;65 30443072;2025-09-03
5295491;DANIELA FARIA DE AGUIAR;DANIELA FARIA DE AGUIAR;510340;Cuiabá;Sim;Sim;BOSQUE DA SAUDE;AVENIDA ACLIMACAO;MUNICIPAL;;ATENDIMENTOS NOS TURNOS DA MANHA E A TARDE;22;M;Não;Não;NAO;Não;Não;Não;Não;-15.58701815;-56.07747991197754;65 3051-2222;2025-09-03
5295505;MARIA DO SOCORRO BORGES DE SOUSA;MARIA DO SOCORRO BORGES DE SOUSA;510340;Cuiabá;Sim;Sim;CENTRO;RUA COMANDANTE COSTA;MUNICIPAL;;ATENDIMENTO SOMENTE A TARDE;22;M;Não;Não;NAO;Não;Não;Não;Não;-15.598802744465278;-56.10071734592881;65 3623-8521;2025-11-27
5295513;NOEMY SONIA UENO;NOEMY SONIA UENO;510340;Cuiabá;Sim;Sim;BAU;AVENIDA HISTORIADOR RUBENS DE MENDONCA;MUNICIPAL;;ATENDIMENTO SOMENTE PELA MANHA;22;M;Não;Não;NAO;Não;Não;Não;Não;-15.590402549821428;-56.08737503839924;65 3612-7000;2025-09-03
5295548;JULIANA FERNANDES DE MENDONCA;JULIANA FERNANDES DE MENDONCA;510340;Cuiabá;Sim;Sim;CENTRO SUL;RUA TEN CEL THOGO DA SILVA PEREIRA;MUNICIPAL;;ATENDIMENTOS NOS TURNOS DA MANHA E A TARDE;22;M;Não;Não;NAO;Não;Não;Não;Não;-15.60228124981235;-56.10160234123877;65 3622-2255;2025-11-04
5295572;CELSO FIMMO RODRIGUES;CELSO FIMMO RODRIGUES;510340;Cuiabá;Sim;Sim;BOSQUE DA SAUDE;AVENIDA CLIMACAO;MUNICIPAL;;ATENDIMENTOS NOS TURNOS DA MANHA E A TARDE;22;M;Não;Não;NAO;Não;Não;Não;Não;-15.586799672382783;-56.078026794463696;65 3322-3840;2025-09-03
5295580;BENEDITO VIEIRA DE FIGUEIREDO;BENEDITO VIEIRA DE FIGUEIREDO;510340;Cuiabá;Sim;Sim;CENTRO;AVENIDA GETULIO VARGAS;MUNICIPAL;;ATENDIMENTOS NOS TURNOS DA MANHA E A TARDE;22;M;Não;Não;NAO;Não;Não;Não;Não;;;65 3623-9393;2025-09-03
5295599;DEBORA TERESA DA SILVA ORMOND;DEBORA TERESA DA SILVA ORMOND;510340;Cuiabá;Sim;Sim;QUILOMBO;AV SENADOR FILINTO MULLER I;MUNICIPAL;;ATENDIMENTOS NOS TURNOS DA MANHA E A TARDE;22;M;Não;Não;NAO;Não;Não;Não;Não;-14.7240924;-56.3387677;3623-7753;2025-09-03
5295602;ROBERTO COSENTIMO;ROBERTO COSENTIMO;510340;Cuiabá;Sim;Sim;CENTRO;AVENIDA ISAAC POVOAS;MUNICIPAL;;ATENDIMENTOS NOS TURNOS DA MANHA E A TARDE;22;M;Não;Não;NAO;Não;Não;Não;Não;;;65 3623-0977;2025-09-03
5295610;ERVINO KLEIM;ERVINO KLEIM;510340;Cuiabá;Sim;Sim;SANTA CRUZ;RUA CASSEMIRO DE ABREU;MUNICIPAL;;ATENDIMENTOS NOS TURNOS DA MANHA E A TARDE;22;M;Não;Não;NAO;Não;Não;Não;Não;-15.607546550786742;-56.05231878041503;65 3664-2128;2026-03-10
5295637;AUREO MATTOSO JUNIOR;AUREO MATTOSO JUNIOR;510340;Cuiabá;Sim;Sim;JARDIM CUIABA;AVENIDA DAS FLORES;MUNICIPAL;;ATENDIMENTO SOMENTE PELA MANHA;22;M;Não;Não;NAO;Não;Não;Não;Não;-15.595075081065252;-56.11840017401144;65 3322-2022;2025-10-11
5295653;ANTONIO LUCAS BARROS TENUTA;ANTONIO LUCAS BARROS TENUTA;510340;Cuiabá;Sim;Sim;CENTRO;RUA CANDIDO MARIANO;MUNICIPAL;;ATENDIMENTO SOMENTE PELA MANHA;22;M;Não;Não;NAO;Não;Não;Não;Não;-15.593129829943205;-56.1006067371289;65 3624-3563;2025-09-03
5295661;EVELINE MEIRELLES GONCALVES LIMA;EVELINE MEIRELLES GONCALVES LIMA;510340;Cuiabá;Sim;Sim;CENTRO;RUA GOVERNADOR RONDON;MUNICIPAL;;ATENDIMENTO SOMENTE A TARDE;22;M;Não;Não;NAO;Não;Não;Não;Não;-15.59212998033441;-56.0940744425588;65 3322-2021;2025-10-17
5295688;NILSON FERREIRA NOVAIS;NILSON FERREIRA NOVAIS;510340;Cuiabá;Sim;Sim;BANDEIRANTES;RUA MANOEL GARCIA VELHO;MUNICIPAL;;ATENDIMENTOS NOS TURNOS DA MANHA E A TARDE;22;M;Não;Não;NAO;Não;Não;Não;Não;-15.596;-56.097;65;2025-09-03
5295696;MARIA GORETTI JULIANO MASSUDA;MARIA GORETTI JULIANO MASSUDA;510340;Cuiabá;Sim;Sim;BOSQUE DA SAUDE;AVENIDA ACLIMACAO;MUNICIPAL;;ATENDIMENTOS NOS TURNOS DA MANHA E A TARDE;22;M;Não;Não;NAO;Não;Não;Não;Não;-15.5871243;-56.0781045;;2025-09-03
5295718;JORGE DE ARAUJO LAFETA NETO;JORGE DE ARAUJO LAFETA NETO;510340;Cuiabá;Sim;Sim;JARDIM MARIANA;RUA ADEL MALUF;MUNICIPAL;;ATENDIMENTOS NOS TURNOS DA MANHA E A TARDE;22;M;Não;Não;NAO;Não;Não;Não;Não;-15.579294684031874;-56.11117953739529;65 3618-8230;2025-11-04
5295777;IVALDO RIBEIRO DA CUNHA;IVALDO RIBEIRO DA CUNHA;510340;Cuiabá;Sim;Sim;CENTRO;AVENIDA TENENTE CEL DUARTE;MUNICIPAL;;ATENDIMENTOS NOS TURNOS DA MANHA E A TARDE;22;M;Não;Não;NAO;Não;Não;Não;Não;;;;2025-09-03
5295890;ANA CELIA ARANTES DOS SANTOS;ANA CELIA ARANTES DOS SANTOS;510340;Cuiabá;Sim;Sim;PORTO;AVENIDA SENADOR METELLO;MUNICIPAL;;ATENDIMENTOS NOS TURNOS DA MANHA E A TARDE;22;M;Não;Não;NAO;Não;Não;Não;Sim;-15.605794326614411;-56.108750031637875;65 3322-0055;2025-09-03
5297370;CARLOS ALBERTO DE ALBUQUERQUE MARANHAO;CARLOS ALBERTO DE ALBUQUERQUE MARANHAO;510340;Cuiabá;Sim;Sim;GOIABEIRAS;AVENIDA 31 DE MARCO;MUNICIPAL;;ATENDIMENTO SOMENTE A TARDE;22;M;Não;Não;NAO;Não;Não;Não;Não;-15.595840012989662;-56.09720528125763;65 3623-2121;2025-09-03
5301408;FERNANDA RIBEIRO CARVALHO DOS SANTOS;FERNANDA RIBEIRO CARVALHO DOS SANTOS;510340;Cuiabá;Sim;Sim;JARDIM KENNEDY;AVENIDA TANCREDO NEVES;MUNICIPAL;;ATENDIMENTO SOMENTE A TARDE;22;M;Não;Não;NAO;Não;Não;Não;Sim;-15.615648544441651;-56.07604552579217;;2025-10-17
5303567;URSULA MICHELE PAITACH BATISTELLA;URSULA MICHELE PAITACH BATISTELLA;510340;Cuiabá;Sim;Sim;CENTRO SUL;RUA BARAO DE MELGACO;MUNICIPAL;;ATENDIMENTOS NOS TURNOS DA MANHA E A TARDE;22;M;Não;Não;NAO;Não;Não;Não;Sim;-15.603971326943629;-56.10369422217904;65 3023-2909;2025-11-27
5305888;EDUARDO DICKE;EDUARDO DICKE;510340;Cuiabá;Sim;Sim;CENTRO;AVENIDA ISAAC POVOAS;MUNICIPAL;;ATENDIMENTOS NOS TURNOS DA MANHA E A TARDE;22;M;Não;Não;NAO;Não;Não;Não;Não;-15.59652175536762;-56.1000835718624;65 3623-5221;2025-10-17
5307058;CLEBERSON JEAN DOS SANTOS QUEIROZ;CLEBERSON JEAN DOS SANTOS QUEIROZ;510340;Cuiabá;Sim;Sim;JARDIM MARIANA;RIA ADEL MALOUF;MUNICIPAL;;ATENDIMENTO SOMENTE PELA MANHA;22;M;Não;Não;NAO;Não;Não;Não;Não;-15.579153738013359;-56.1113109102194;65 3626-3001;2025-10-11
5310555;LUIS FERNANDO CORREA DE BARROS;LUIS FERNANDO CORREA DE BARROS;510340;Cuiabá;Sim;Sim;CENTRO;AVENIDA ISAAC POVOAS;MUNICIPAL;;ATENDIMENTO SOMENTE PELA MANHA;22;M;Não;Não;NAO;Não;Não;Não;Não;-15.5924403;-56.1062212;65 3623-5221;2025-09-03
5313562;SMC;SMC SERVICOS MEDICOS CIRURGICOS LTDA;510340;Cuiabá;Sim;Sim;JARDIM ITALIA;ERICO GONCALVES PREZA FILHO;MUNICIPAL;;ATENDIMENTO SOMENTE A TARDE;22;M;Não;Não;NAO;Não;Não;Não;Não;-15.6034682;-56.0583869;65 30287328;2025-09-03
5313937;MT HEMOCENTRO UNIDADE MOVEL I;SECRETARIA ESTADUAL DE SAUDE DE MATO GROSSO;510340;Cuiabá;Sim;Sim;CENTRO SUL;RUA 13 DE JUNHO;ESTADUAL;;ATENDIMENTOS NOS TURNOS DA MANHA E A TARDE;40;E;Não;Não;NAO;Não;Não;Não;Não;-15.615180729345997;-56.110013081427674;6536230044;2026-04-30
5314739;EDUARDO DICKE;EDUARDO DICKE;510340;Cuiabá;Sim;Sim;JARDIM CUIABA;AVENIDA DAS FLORES;MUNICIPAL;;ATENDIMENTOS NOS TURNOS DA MANHA E A TARDE;22;M;Não;Não;NAO;Não;Não;Não;Não;-15.595039897229768;-56.11674955444089;65 3623-7030;2025-10-17
5315514;ERIK DE FREITAS FORTES BUSTAMANTE;ERIK DE FREITAS FORTES BUSTAMANTE;510340;Cuiabá;Sim;Sim;MORADA DA SERRA;AV HISTORIADOR RUBENS DE MENDONCA;MUNICIPAL;;ATENDIMENTO SOMENTE PELA MANHA;22;M;Não;Não;NAO;Não;Não;Não;Não;;;65 3028-7575;2025-09-03
5317142;JULIANA PAULA LOUZICH COELHO VACCARI;JULIANA PAULA LOUZICH COELHO VACCARI;510340;Cuiabá;Sim;Sim;CENTRO;RUA BARAO DE MELGACO;MUNICIPAL;;ATENDIMENTOS NOS TURNOS DA MANHA E A TARDE;22;M;Não;Não;NAO;Não;Não;Não;Não;-15.610103430813558;-56.11165932727267;65 3324-2100;2025-09-03
5320178;LARISSA ROSA SILVERIO DA SILVA;LARISSA ROSA SILVERIO DA SILVA;510340;Cuiabá;Sim;Sim;CENTRO;RUA BARAO DE MELGACO;MUNICIPAL;;ATENDIMENTOS NOS TURNOS DA MANHA E A TARDE;22;M;Não;Não;NAO;Não;Não;Não;Não;-15.6021801;-56.1017305;65 3324-2100;2025-09-03
5321581;BERNARDO TAVARES DOS SANTOS;BERNARDO TAVARES DOS SANTOS;510340;Cuiabá;Sim;Sim;CENTRO;RUA CANDIDO MARIANO;MUNICIPAL;;ATENDIMENTOS NOS TURNOS DA MANHA E A TARDE;22;M;Não;Não;NAO;Não;Não;Não;Não;-15.59602602171456;-56.09726697206497;65 3623-4007;2025-09-03
5322588;JANAINA GRAZIELLA GUIMARAES FRANSOSI;JANAINA GRAZIELLA GUIMARAES FRANSOSI;510340;Cuiabá;Sim;Sim;CENTRO;RUA GALDINO PIMENTEL;MUNICIPAL;;ATENDIMENTO NOS TURNOS DA MANHA, TARDE E NOITE;22;M;Não;Não;NAO;Não;Não;Não;Sim;-15.596894150528877;-56.094111150668;65 3027-6509;2025-11-04
5322626;CINTIA MARIA CAVALCANTE;CINTIA MARIA CAVALCANTE;510340;Cuiabá;Sim;Sim;JARDIM MARIANA;RUA ADEL MALOUF;MUNICIPAL;;ATENDIMENTOS NOS TURNOS DA MANHA E A TARDE;22;M;Não;Não;NAO;Não;Não;Não;Não;-15.596;-56.097;65 3027-2611;2025-09-03
5323886;DANIELI VIEIRA DE SOUZA;DANIELI VIEIRA DE SOUZA;510340;Cuiabá;Sim;Sim;JARDIM TROPICAL;RUA TANCREDO NEVES;MUNICIPAL;;ATENDIMENTOS NOS TURNOS DA MANHA E A TARDE;22;M;Não;Não;NAO;Não;Não;Não;Não;;;65 3627-1020;2025-09-03
5327628;WESLEY CORDEIRO VIANA;WESLEY CORDEIRO VIANA;510340;Cuiabá;Sim;Sim;BOSQUE DA SAUDE;AVENIDA ACLIMACAO;MUNICIPAL;;ATENDIMENTOS NOS TURNOS DA MANHA E A TARDE;22;M;Não;Não;NAO;Não;Não;Não;Sim;-15.587383383643461;-56.07702739492094;65 3028-1328;2025-11-27
5331684;FRANCINE FARIA PERAZOLO;FRANCINE FARIA PERAZOLO;510340;Cuiabá;Sim;Sim;DUQUE DE CAXIAS;RUA FLORIANO PEIXOTO;MUNICIPAL;;ATENDIMENTO SOMENTE PELA MANHA;22;M;Não;Não;NAO;Não;Não;Não;Não;-15.586767326401816;-56.11020790712301;3052-9932;2025-10-17
5334896;TELEMED CENTER;TELEMED CENTER SERVICOS DE TELEMEDICINA COMERCIO E IMPORT;510340;Cuiabá;Sim;Sim;JARDIM ACLIMACAO;HISTORIADOR RUBENS DE MENDONCA;MUNICIPAL;;ATENDIMENTO NOS TURNOS DA MANHA, TARDE E NOITE;39;M;Não;Não;NAO;Não;Não;Não;Sim;-15.596;-56.097;65 30281790;2025-09-03
5336201;BENEDITO CANDELARIO SALES;BENEDITO CANDELARIO SALES;510340;Cuiabá;Sim;Sim;BAU;RUA CORUMBA;MUNICIPAL;;ATENDIMENTOS NOS TURNOS DA MANHA E A TARDE;22;M;Não;Não;NAO;Não;Não;Não;Não;-15.593773238039;-56.091210544109344;65 3322-3280;2025-09-03
5339324;COOPERMED;COOPERMED COOPERATIVA DOS PROFISSIONAIS DA SAUDE DO COMPLE;510340;Cuiabá;Sim;Sim;JARDIM CUIABA;DAS FLORES;MUNICIPAL;;;60;M;;Não;NAO;;;;Não;-15.595012337395627;-56.118057838204805;65 30543138;2026-03-10
5342473;CLINICA NOTRE DAME;CLINICA NOTRE DAME LTDA;510340;Cuiabá;Sim;Sim;JD MARIANA;MIGUEL SUTIL;MUNICIPAL;;ATENDIMENTOS NOS TURNOS DA MANHA E A TARDE;22;M;Não;Não;NAO;Não;Não;Não;Não;-15.57920181110099;-56.11014750695659;65 36262200;2025-09-03
5342902;H M FORTES CIA LTDA;H M FORTES CIA LTDA;510340;Cuiabá;Sim;Sim;LIXEIRA;CORUMBA;MUNICIPAL;;ATENDIMENTOS NOS TURNOS DA MANHA E A TARDE;22;M;Não;Não;NAO;Não;Não;Não;Sim;-15.591306537815852;-56.08827566372418;65 36231905;2025-09-03
5346266;REINALDO PRESTES NETO;REINALDO PRESTES NETO;510340;Cuiabá;Sim;Sim;BOSQUE DA SAUDE;AVENIDA ACLIMACAO;MUNICIPAL;;ATENDIMENTOS NOS TURNOS DA MANHA E A TARDE;22;M;Não;Não;NAO;Não;Não;Não;Não;-15.596;-56.097;65 81313-1037;2025-09-03
5352711;AFIP;ASSOCIACAO FUNDO DE INCENTIVO A PESQUISA;510340;Cuiabá;Sim;Sim;DOM AQUINO;DOM AQUINO;MUNICIPAL;;ATENDIMENTOS NOS TURNOS DA MANHA E A TARDE;39;M;Não;Não;SIM;Não;Não;Não;Sim;-15.604019393620726;-56.09370802523789;11 32552525;2025-09-03
5355613;INEMAT JARDIM CUIABA;INEMAT INSTITUTO NEFROLOGICO DE MT S C LTDA;510340;Cuiabá;Sim;Sim;JARDIM CUIABA;RUA DAS ORQUIDEAS;MUNICIPAL;;ATENDIMENTOS NOS TURNOS DA MANHA E A TARDE;39;M;Não;Não;NAO;Não;Não;Não;Sim;-15.6189102;-56.0233183;(65) 36234879;2025-09-03
5359406;SORRI PROTESE;JOAO BOSCO GOMES DA SILVA;510340;Cuiabá;Sim;Sim;SAO JOAO DEL REI;SEIS;MUNICIPAL;;ATENDIMENTOS NOS TURNOS DA MANHA E A TARDE;22;M;Não;Não;NAO;Não;Não;Não;Sim;-15.614138723041725;-56.00706839997529;65 92585686;2025-09-03
5359449;LARA RIGOLON SERVICOS MEDICOS;LARA RIGOLON SERVICOS MEDICOS LTDA;510340;Cuiabá;Sim;Sim;CENTRO SUL;JOAQUIM MURTINHO;MUNICIPAL;;ATENDIMENTOS NOS TURNOS DA MANHA E A TARDE;22;M;Não;Não;NAO;Não;Não;Não;Sim;-15.60002180142457;-56.09888238305216;11 42290166;2025-09-03
5360234;LEANDRO FERREIRA DA SILVA;LEANDRO FERREIRA DA SILVA;510340;Cuiabá;Sim;Sim;POCAO;AVENIDA FERNANDO CORREA DA COSTA;MUNICIPAL;;ATENDIMENTOS NOS TURNOS DA MANHA E A TARDE;22;M;Não;Não;NAO;Não;Não;Não;Sim;-15.585878599033336;-56.08180664272532;(65) 3627-4565;2025-11-13
5360242;SERVICOS MEDICOS AGAPE;CELSO VARGAS REIS;510340;Cuiabá;Sim;Sim;JARDIM CALIFORNIA;AVENIDA TANCREDO NEVES;MUNICIPAL;;ATENDIMENTOS NOS TURNOS DA MANHA E A TARDE;22;M;Não;Não;NAO;Não;Não;Não;Não;-15.614484741137284;-56.07306764724347;(65) 3627-4055;2025-09-03
5360293;KEILA MARIA BATISTA;KEILA MARIA BATISTA;510340;Cuiabá;Sim;Sim;LIXEIRA;RUA PROFESSOR JOAO FELIX;MUNICIPAL;;ATENDIMENTOS NOS TURNOS DA MANHA E A TARDE;22;M;Não;Não;NAO;Não;Não;Não;Sim;-15.592136987041059;-56.08329627945121;(65) 3324-0614;2025-09-03
5364620;MARCELO DA ROCHA DUTRA;MARCELO DA ROCHA DUTRA;510340;Cuiabá;Sim;Sim;JARDIM ACLIMACAO;AVENIDA ACLIMACAO;MUNICIPAL;;ATENDIMENTOS NOS TURNOS DA MANHA E A TARDE;22;M;Não;Não;NAO;Não;Não;Não;Não;-15.58675019898112;-56.07783182653247;65 3051-2222;2025-09-03
5367581;SILVANIA FRANCA DA SILVA;SILVANIA FRANCA DA SILVA;510340;Cuiabá;Sim;Sim;BAU;RUA CORUMBA;MUNICIPAL;;ATENDIMENTOS NOS TURNOS DA MANHA E A TARDE;22;M;Não;Não;NAO;Não;Não;Não;Não;-15.592488235502989;-56.090235272070295;65 3321-2277;2025-09-03
5366232;MAGI ODONTOLOGIA INTEGRADA;MARIA GIANELLI ODONTOLOGIA INTEGRADA LTDA;510340;Cuiabá;Sim;Sim;ALVORADA;HISTORIADOR RUBENS DE MENDONCA;MUNICIPAL;;ATENDIMENTOS NOS TURNOS DA MANHA E A TARDE;36;M;Não;Não;NAO;Não;Não;Não;Sim;-15.587560937252334;-56.08345660552292;65 96639382;2025-09-03
5367743;CASSIANO ROJAS MAIA;CASSIANO ROJAS MAIA;510340;Cuiabá;Sim;Sim;LIXEIRA;RUA CORUMBA;MUNICIPAL;;ATENDIMENTOS NOS TURNOS DA MANHA E A TARDE;22;M;Não;Não;NAO;Não;Não;Não;Não;-15.591365754182387;-56.08821727199575;65 8126-7131;2025-09-03
5369789;MARIA HELENA CARMONA DA SILVA;MARIA HELENA CARMONA DA SILVA;510340;Cuiabá;Sim;Sim;LIXEIRA;RUA ANTONIO BATISTA BELEM;MUNICIPAL;;ATENDIMENTOS NOS TURNOS DA MANHA E A TARDE;22;M;Não;Não;NAO;Não;Não;Não;Sim;-15.591189333297976;-56.081057283036145;65 3624-2712;2025-11-27
5381509;VENULA DIAGNOSTICO VASCULAR AVANCADO;VENULA DIAGNOSTICO VASCULAR AVANCADO LTDA;510340;Cuiabá;Sim;Sim;JARDIM MARIANA;ADEL MALUF RES SAO JOSE;MUNICIPAL;;ATENDIMENTOS NOS TURNOS DA MANHA E A TARDE;36;M;Não;Não;NAO;Não;Não;Não;Sim;-15.5782172935255;-56.11104073347708;65 30258207;2026-03-10
5390567;MEDTRAN SERVICOS MEDICOS;MEDTRAN SERVICOS MEDICOS LTDA;510340;Cuiabá;Sim;Sim;JARDIM DAS AMERICAS;FERNANDO CORREA DA COSTA;MUNICIPAL;;ATENDIMENTOS NOS TURNOS DA MANHA E A TARDE;22;M;Não;Não;NAO;Não;Não;Não;Não;-15.612126491036683;-56.07482323435769;65 81124353;2025-09-03
5390575;AUDAX EMERGENCIA MEDICA;AUDAX EMERGENCIA MEDICA LTDA;510340;Cuiabá;Sim;Sim;MORADA DOS NOBRES;13;MUNICIPAL;;ATENDIMENTO CONTINUO DE 24 HORAS/DIA (PLANTAO:INCLUI SABADOS, DOMINGOS E FERIADOS);42;M;;Não;NAO;;;;Sim;-15.654004950000001;-55.9762363132068;65 81117070;2025-09-03
5390583;TEZ SAUDE E BEM ESTAR;TEZ SAUDE E BEM ESTAR LTDA;510340;Cuiabá;Sim;Sim;QUILOMBO;PRESIDENTE PRUDENTE DE MORAES LOT MORADA DO SOL;MUNICIPAL;;ATENDIMENTOS NOS TURNOS DA MANHA E A TARDE;36;M;Não;Não;NAO;Não;Não;Não;Não;-15.584291735015492;-56.10031471550817;65 30543324;2025-09-03
5392268;PAULO BATISTA BARBOSA;PAULO BATISTA BARBOSA;510340;Cuiabá;Sim;Sim;JARDIM MARIANA;RUA ADEL MALOUF;MUNICIPAL;;ATENDIMENTOS NOS TURNOS DA MANHA E A TARDE;22;M;Não;Não;NAO;Não;Não;Não;Não;;;65 3626-5600;2025-09-03
5395968;LILIAN MOREIRA GARCIA SALLES;LILIAN MOREIRA GARCIA SALLES;510340;Cuiabá;Sim;Sim;DUQUE DE CAXIAS;RUA MARECHAL ANTONIO ANIBAL DA MOTA;MUNICIPAL;;ATENDIMENTO SOMENTE A TARDE;22;M;Não;Não;NAO;Não;Não;Não;Não;;;65 30256538;2025-09-03
5397898;MAEVE FISIOTERAPIA E MEDICINA ORIENTAL;KELY LOPES DE AMORIM ME;510340;Cuiabá;Sim;Sim;DOM AQUINO;AVENIDA GENERAL MELO;MUNICIPAL;;ATENDIMENTOS NOS TURNOS DA MANHA E A TARDE;22;M;Não;Não;NAO;Não;Não;Não;Sim;-15.6306533;-56.0742524;65 3322-9114;2026-03-10
5405203;RENATA SANTOS DE SOUZA MASSONI;RENATA SANTOS DE SOUZA MASSONI;510340;Cuiabá;Sim;Sim;BOSQUE DA SAUDE;AVENIDA ACLIMACAO;MUNICIPAL;;ATENDIMENTOS NOS TURNOS DA MANHA E A TARDE;22;M;Não;Não;NAO;Não;Não;Não;Não;-15.587135565861928;-56.077783379340964;65 3051-2222;2025-09-03
5406498;JANICE LILIAN PARENTE DE AVILA;JANICE LILIAN PARENTE DE AVILA;510340;Cuiabá;Sim;Sim;CENTRO;RUA BARAO DE MELGACO;MUNICIPAL;;ATENDIMENTOS NOS TURNOS DA MANHA E A TARDE;22;M;Não;Não;NAO;Não;Não;Não;Sim;-15.601209202275383;-56.10086914138601;65 3624-7819;2025-11-04
5413095;CENTRO REGIONAL DE REFERENCIA EM SAUDE DO TRABALHADOR;SECRETARIA MUNICIPAL DE SAUDE DE CUIABA;510340;Cuiabá;Sim;Sim;GOIABEIRAS;RUA RUI BARBOSA;MUNICIPAL;;ATENDIMENTOS NOS TURNOS DA MANHA E A TARDE;36;M;Não;Não;SIM;Não;Não;Não;Sim;-15.600988053575465;-56.10839483097215;3318-6080/3318-6081;2025-09-03
5421926;RICARDO GONCALVES DA SILVA;RICARDO GONCALVES DA SILVA;510340;Cuiabá;Sim;Sim;JARDIM MARIANA;AVENIDA MIGUEL SUTIL;MUNICIPAL;;ATENDIMENTOS NOS TURNOS DA MANHA E A TARDE;22;M;Não;Não;NAO;Não;Não;Não;Não;-15.587682068681882;-56.105333360623426;65 3626-3090;2025-11-27
5435986;PRISCILA RICCI RAPCHAN;PRISCILA RICCI RAPCHAN;510340;Cuiabá;Sim;Sim;BOSQUE DE SAUDE;AVENIDA RUBENS DE MENDONCA;MUNICIPAL;;ATENDIMENTOS NOS TURNOS DA MANHA E A TARDE;22;M;Não;Não;NAO;Não;Não;Não;Sim;-15.567556174529711;-56.068032376335964;65 3642-7211;2025-11-27
5445558;NICOLAU AVILA CRUZ;NICOLAU AVILA CRUZ;510340;Cuiabá;Sim;Sim;RIBEIRAO DA PONTE;AV MIGUEL SUTIL ED SANTA ROSA TOWER;MUNICIPAL;;ATENDIMENTOS NOS TURNOS DA MANHA E A TARDE;22;M;Não;Não;NAO;Não;Não;Não;Não;-15.582491857306351;-56.11177276681869;65 3626-5002;2025-11-13
5449758;CAPS II VERDAO;PREFEITURA MUNICIPAL DE CUIABA;510340;Cuiabá;Sim;Sim;CIDADE ALTA;RUA MAURICIO CARDOSO;MUNICIPAL;;ATENDIMENTOS NOS TURNOS DA MANHA E A TARDE;70;M;Não;Não;SIM;Não;Não;Não;Sim;-15.6088486;-56.1227989;(65) 3318-6057;2025-09-03
5453658;RENE DIAZ RODRIGUEZ;RENE DIAZ RODRIGUEZ;510340;Cuiabá;Sim;Sim;ARAES;RUA JOSE DE MESQUITA;MUNICIPAL;;ATENDIMENTO SOMENTE A TARDE;22;M;Não;Não;NAO;Não;Não;Não;Não;-15.589420585474388;-56.093465551422774;65 3623-1290;2025-11-27
5454425;INARA PAULA SILVEIRA DA SILVA WEISSHEIMER;INARA PAULA SILVEIRA DA SILVA WEISSHEIMER;510340;Cuiabá;Sim;Sim;JARDIM ITALIA;ROMA;MUNICIPAL;;ATENDIMENTOS NOS TURNOS DA MANHA E A TARDE;36;M;Não;Não;NAO;Não;Não;Não;Não;-15.58058011260291;-56.08803164904832;65 81157299;2025-09-03
5454573;BEM MELHOR LTDA;BEM MELHOR LTDA;510340;Cuiabá;Sim;Sim;QUILOMBO;SAO SEBASTIAO;MUNICIPAL;;ATENDIMENTOS NOS TURNOS DA MANHA E A TARDE;22;M;Não;Não;NAO;Não;Não;Não;Não;-15.590000302785787;-56.10206387853493;11 95950064;2025-09-03
5454646;CLINICA DE FONOAUDIOLOGIA DAVID;CLINICA DE FONOAUDIOLOGIA DAVID LTDA;510340;Cuiabá;Sim;Sim;JARDIM DAS AMERICAS;HAITI;MUNICIPAL;;ATENDIMENTOS NOS TURNOS DA MANHA E A TARDE;36;M;Não;Não;NAO;Não;Não;Não;Não;-15.609374389150677;-56.073868792028385;65 96822998;2025-09-03
5454689;PSICOEQUIDADE PSICOLOGIA E EQUIDADE;PSICOEQUIDADE LTDA;510340;Cuiabá;Sim;Sim;JARDIM CALIFORNIA;TENENTE PRAEIRO;MUNICIPAL;;ATENDIMENTOS NOS TURNOS DA MANHA E A TARDE;36;M;Não;Não;NAO;Não;Não;Não;Não;-15.6261978;-56.0758992;65 92550026;2025-09-03
5454719;BRILHANTE MENTE CLINICA ESP EM NEURODESENVOLVIMENTO;J AMARAL E CAVALLI CLINICA INTEGRADA LTDA;510340;Cuiabá;Sim;Sim;CIDADE ALTA;DOUTOR HENRIQUE GOMES DA SILVA LOT JD PRIMAVERA;MUNICIPAL;;ATENDIMENTO NOS TURNOS DA MANHA, TARDE E NOITE;36;M;Não;Não;NAO;Não;Não;Não;Não;-15.5970195644234;-56.12177512629677;65 92886173;2025-09-03
5454824;MOSCATI SAUDE;OLIVEIRA E OLIVEIRA ATIVIDADE MEDICA LTDA;510340;Cuiabá;Sim;Sim;SANTA ROSA;RUSSIA;MUNICIPAL;;ATENDIMENTOS NOS TURNOS DA MANHA E A TARDE;22;M;Não;Não;NAO;Não;Não;Não;Não;-15.583965646881289;-56.12121362130768;65 92582848;2026-07-28
5455332;FINESSE;MARIA GUIMARAES BUENO ARAUJO ME;510340;Cuiabá;Sim;Sim;SANTA CRUZ;RUA CASSIMIRO DE ABREU;MUNICIPAL;;ATENDIMENTOS NOS TURNOS DA MANHA E A TARDE;36;M;Não;Não;NAO;Não;Não;Não;Sim;;;99736770;2025-09-03
5455529;ALEXANDRE MAITELLI;ALEXANDRE MAITELLI;510340;Cuiabá;Sim;Sim;JARDIM CUIABA;AVENIDA DAS FLORES;MUNICIPAL;;ATENDIMENTOS NOS TURNOS DA MANHA E A TARDE;22;M;Não;Não;NAO;Não;Não;Não;Não;-15.59550433600945;-56.11386690902864;65 3624-2424;2025-10-11
5457211;ULTRALAB;DANILO OLAVARRIA D AQUINO;510340;Cuiabá;Sim;Sim;CPA I;AVENIDA RIBEIRAO PRETO;MUNICIPAL;;ATENDIMENTOS NOS TURNOS DA MANHA E A TARDE;22;M;Não;Não;NAO;Não;Não;Não;Sim;-15.555971907476978;-56.0540864846561;65-36262200;2025-09-03
5459257;ORTODONTIA FERREIRA;D A FERREIRA CLINICA ODONTOLOGICA;510340;Cuiabá;Sim;Sim;BOSQUE DA SAUDE;AVENIDA HISTORIADOR RUBENS DE MENDONCA;MUNICIPAL;;ATENDIMENTOS NOS TURNOS DA MANHA E A TARDE;36;M;Não;Não;NAO;Não;Não;Não;Não;-15.58135447500823;-56.07731175641007;65 36446122;2025-11-13
5461685;ACRIFE;ACRIFE ASSOCIACAO CRIANCA FELIZ;510340;Cuiabá;Sim;Sim;SUCURI;ESTRADA VELHA DA GUIA KM 9 AV ANTARCTICA;MUNICIPAL;;ATENDIMENTOS NOS TURNOS DA MANHA E A TARDE;36;M;Não;Não;NAO;Não;Não;Não;Sim;-15.54806022730801;-56.1574165150781;(65) 8416-7483;2025-09-03
5463823;PAULO CESAR DA SILVA NEVES;PAULO CESAR DA SILVA NEVES;510340;Cuiabá;Sim;Sim;JARDIM CUIABA;AVENIDA DAS FLORES ANEXO CLINICA CORONADO;MUNICIPAL;;ATENDIMENTO SOMENTE A TARDE;22;M;Não;Não;NAO;Não;Não;Não;Não;-15.59510638445976;-56.118587146422996;65 3624-1142;2025-09-03
5465834;BUCALMED;JOSE EDUARDO RODRIGUES GIMENES;510340;Cuiabá;Sim;Sim;SANTA HELENA;AVENIDA PRESIDENTE MARQUES;MUNICIPAL;;ATENDIMENTOS NOS TURNOS DA MANHA E A TARDE;36;M;Não;Não;NAO;Não;Não;Não;Sim;-15.583491724529374;-56.09470783760895;(65) 3621-4440;2025-09-03
5466784;CLINICA INTRO;INSTITUTO TROPICAL DE MEDICINA REPRODUTIVA LTDA;510340;Cuiabá;Sim;Sim;DUQUE DE CAXIAS;ALMIRANTE HENRIQUE GUEDES;MUNICIPAL;;ATENDIMENTO NOS TURNOS DA MANHA, TARDE E NOITE;62;M;Sim;Sim;NAO;Sim;Não;Não;Sim;-15.586152786034699;-56.115194037523274;65 33222017;2026-06-26
5467969;VERIDIANA SILVIA FAVERO COMETTI DONATTI;VERIDIANA SILVIA FAVERO COMETTI DONATTI;510340;Cuiabá;Sim;Sim;LIXEIRA;RUA CORUMBA;MUNICIPAL;;ATENDIMENTOS NOS TURNOS DA MANHA E A TARDE;22;M;Não;Não;NAO;Não;Não;Não;Sim;-15.589833055670926;-56.085943546054544;3321-2277;2025-11-27
5469732;PROCLIN;SOCIEDADE MATOGROSSENSE DE ASSINTENCIA EM MEDICINA INTERNA L;510340;Cuiabá;Sim;Sim;JARDIM MARIANA;MIGUEL SUTIL;MUNICIPAL;;ATENDIMENTOS NOS TURNOS DA MANHA E A TARDE;36;M;Não;Sim;NAO;Não;Não;Não;Sim;-15.596;-56.097;65 36234995;2025-09-03
5476046;EDNA MARIA DE OLIVEIRA;EDNA MARIA DE OLIVEIRA;510340;Cuiabá;Sim;Sim;JARDIM TROPICAL;AVENIDA FERNANDO CORREA DA COSTA;MUNICIPAL;;ATENDIMENTOS NOS TURNOS DA MANHA E A TARDE;22;M;Não;Não;NAO;Não;Não;Não;Sim;-15.615978175700858;-55.999155749732466;3627-1519;2025-10-17
5482763;CLARISSE PINTO COELHO DE AZEVEDO NETA;CLARISSE PINTO COELHO DE AZEVEDO NETA MAHON;510340;Cuiabá;Sim;Sim;POPULAR;ISAAC POVOAS 1331;MUNICIPAL;;ATENDIMENTOS NOS TURNOS DA MANHA E A TARDE;36;M;Não;Não;NAO;Não;Não;Não;Sim;-15.592801413631255;-56.106045314334594;65 36231000;2025-09-03
5482798;PATRICIA STRUTZ RAMOS;PATRICIA STRUTZ RAMOS;510340;Cuiabá;Sim;Sim;JARDIM CUIABA;AVENIDA DAS FLORES;MUNICIPAL;;ATENDIMENTO SOMENTE A TARDE;22;M;Não;Não;NAO;Não;Não;Não;Sim;;;65 3051-3541;2025-09-03
5494672;LEONARDO DOTTA;LEONARDO DOTTA;510340;Cuiabá;Sim;Sim;POPULAR;RUA 24 DE OUTUBRO;MUNICIPAL;;ATENDIMENTOS NOS TURNOS DA MANHA E A TARDE;22;M;Não;Não;NAO;Não;Não;Não;Sim;-15.591596875776874;-56.105407636794496;99825881;2025-09-03
5498406;COE CLINICA ORTOESTETICA;CONSULTORIO ODONTOLOGICO;510340;Cuiabá;Sim;Sim;CENTRO;RUA BARAO DE MELGACO;MUNICIPAL;;ATENDIMENTOS NOS TURNOS DA MANHA E A TARDE;22;M;Não;Não;NAO;Não;Não;Não;Sim;-15.601166708415214;-56.10090862162206;36232911;2025-09-03
5515548;ANA PAULA ARRAIS PADILHA;ANA PAULA ARRAIS PADILHA;510340;Cuiabá;Sim;Sim;CENTRO;RUA TREZE DE JUNHO;MUNICIPAL;;ATENDIMENTO SOMENTE PELA MANHA;22;M;Não;Não;NAO;Não;Não;Não;Não;;;;2025-09-03
5520088;USF JARDIM UNIAO;PREFEITURA MUNICIPAL DE CUIABA;510340;Cuiabá;Sim;Sim;JARDIM FLORIANOPOLIS;RUA 19 QDR 52 LOTE 11;MUNICIPAL;;ATENDIMENTOS NOS TURNOS DA MANHA E A TARDE;2;M;Não;Não;SIM;Não;Não;Não;Sim;-15.546060933454205;-56.08054507622034;(65) 3617-1672;2025-09-03
5520096;USF JARDIM SANTA AMALIA;PREFEITURA MUNICIPAL DE CUIABA;510340;Cuiabá;Sim;Sim;JARDIM SANTA AMALIA;AVENIDA TANGARA;MUNICIPAL;;ATENDIMENTOS NOS TURNOS DA MANHA E A TARDE;2;M;Não;Não;SIM;Não;Não;Não;Sim;-15.595558787476552;-56.13902079557901;(65) 3617-1690;2025-09-03
5529476;HO SERVICOS MEDICOS;HO SERVICOS MEDICOS LTDA;510340;Cuiabá;Sim;Sim;ARAES;RUA OSORIO DUQUE ESTRADA;MUNICIPAL;;ATENDIMENTOS NOS TURNOS DA MANHA E A TARDE;22;M;Não;Não;NAO;Não;Não;Não;Sim;-15.588490261491014;-56.088921716314296;;2025-11-04
5548845;LIVIA TEIXEIRA DE OLIVEIRA;LIVIA TEIXEIRA DE OLIVEIRA;510340;Cuiabá;Sim;Sim;JARDIM PETROPOLIS;TANCREDO DE ALMEIDA NEVES;MUNICIPAL;;ATENDIMENTOS NOS TURNOS DA MANHA E A TARDE;36;M;Não;Não;NAO;Não;Não;Não;Não;-15.619175397427727;-56.077033220012424;65 99782530;2025-09-03
5548861;ALINE DE SOUZA MORAIS LTDA;ALINE DE SOUZA MORAIS LTDA;510340;Cuiabá;Sim;Sim;JARDIM CALIFORNIA;MONTERREY;MUNICIPAL;;ATENDIMENTOS NOS TURNOS DA MANHA E A TARDE;36;M;Não;Não;NAO;Não;Não;Não;Não;-15.625158254627163;-56.07397213249213;65 99895159;2025-09-03
5549078;IDC;INSTITUTO DUAILIBI DE MEDICINA ESPECIALIZADA LTDA;510340;Cuiabá;Sim;Sim;DUQUE DE CAXIAS;MIGUEL SUTIL;MUNICIPAL;;ATENDIMENTOS NOS TURNOS DA MANHA E A TARDE;22;M;Não;Não;NAO;Não;Não;Não;Não;-15.596169107607745;-56.12180070467054;65 99835780;2025-09-03
5549108;ESPACO REFLORESCERMENTE NEUROPSICOLOGICA E P;ESPACO DE DESENVOLVIMENTO INFANTIL E AVALIACAO NEUROPSICOLOG;510340;Cuiabá;Sim;Sim;MORADA DO OURO;DJALMA FERREIRA DE SOUZA ST OESTE;MUNICIPAL;;ATENDIMENTOS NOS TURNOS DA MANHA E A TARDE;36;M;Não;Não;NAO;Não;Não;Não;Não;-15.572494470196245;-56.06180724663812;65 92512661;2025-09-03
5549124;ESPACO SULLEGE SUZUKI;ESPACO SULLEGE SUZUKI LTDA;510340;Cuiabá;Sim;Sim;QUILOMBO;JOAO BENTO;MUNICIPAL;;ATENDIMENTOS NOS TURNOS DA MANHA E A TARDE;22;M;Não;Não;NAO;Não;Não;Não;Sim;-15.590355273591848;-56.10113911816371;65 36412247;2025-09-03
5557720;HYPNOS CENTER;HYPNOS CENTER SERVICO DE ANESTESIOLOGIA LTDA;510340;Cuiabá;Sim;Sim;JARDIM CUIABA;DAS FLORES;MUNICIPAL;;ATENDIMENTOS NOS TURNOS DA MANHA E A TARDE;22;M;Não;Não;NAO;Não;Não;Não;Não;-15.544180957256518;-56.04898402468381;;2025-09-03
5558638;HOSPITAL CENTRAL DE ALTA COMPLEXIDADE DE MATO GROSSO;SECRETARIA ESTADUAL DE SAUDE DE MATO GROSSO;510340;Cuiabá;Sim;Sim;CENTRO POLITICO ADMI;RUA G;ESTADUAL;;ATENDIMENTO NOS TURNOS DA MANHA, TARDE E NOITE;5;E;Sim;Sim;SIM;Sim;Não;Não;Sim;-15.6364429;-55.9889053;;2025-09-03
5585554;EMILY NASCIMENTO GARCIA;EMILY NASCIMENTO GARCIA CALAZANS;510340;Cuiabá;Sim;Sim;MORADA DA SERRA;AV OSASCO;MUNICIPAL;;ATENDIMENTOS NOS TURNOS DA MANHA E A TARDE;22;M;Não;Não;NAO;Não;Não;Não;Sim;-15.553418001083033;-56.05448159089862;;2025-09-03
5615763;SANTANEST ANESTESIOLOGIA;NUCLEO ANESTESIOLOGIA E SERVICOS MEDICOS LTDA;510340;Cuiabá;Sim;Sim;JARDIM MARIANA;MIGUEL SUTIL;MUNICIPAL;;ATENDIMENTOS NOS TURNOS DA MANHA E A TARDE;36;M;Não;Não;NAO;Não;Não;Não;Não;-15.579064984871083;-56.110302535221344;33 35236106;2025-09-03
5616263;CENTRO DE GENETICA SAO THOME;CENTRO DE GENETICA SAO THOME LTDA;510340;Cuiabá;Sim;Sim;CONSIL;ORIENTE TENUTA;MUNICIPAL;;ATENDIMENTOS NOS TURNOS DA MANHA E A TARDE;39;M;Não;Não;NAO;Não;Não;Não;Sim;-15.596;-56.097;;2025-09-03
5624576;NOESIS INSTITUTO DE PSICOLOGIA;NOESIS INSTITUTO DE PSICOLOGIA LTDA;510340;Cuiabá;Sim;Sim;JARDIM PETROPOLIS;CARMINDO DE CAMPOS;MUNICIPAL;;ATENDIMENTOS NOS TURNOS DA MANHA E A TARDE;22;M;Não;Não;NAO;Não;Não;Não;Não;-15.620416056328882;-56.07398095154652;65 96884760;2025-09-03
5624584;DMJ MED;DMJ MED LTDA;510340;Cuiabá;Sim;Sim;BANDEIRANTES;TENENTE CORONEL DUARTE;MUNICIPAL;;ATENDIMENTOS NOS TURNOS DA MANHA E A TARDE;22;M;Não;Não;NAO;Não;Não;Não;Sim;-15.596775063305728;-56.09278146474771;17 96528323;2025-09-03
5624592;KELLY MORAES;K R MORAES SILVA LTDA;510340;Cuiabá;Sim;Sim;GOIABEIRA;SAO SEBASTIAO;MUNICIPAL;;ATENDIMENTOS NOS TURNOS DA MANHA E A TARDE;22;M;Não;Não;NAO;Não;Não;Não;Sim;-15.588557995986848;-56.10115393225947;65 99980408;2025-09-03
5624606;MF SERVICOS MEDICOS;MF SERVICOS MEDICOS LTDA;510340;Cuiabá;Sim;Sim;BOSQUE DA SAUDE;OURO FINO;MUNICIPAL;;ATENDIMENTOS NOS TURNOS DA MANHA E A TARDE;22;M;Não;Não;NAO;Não;Não;Não;Não;-15.589435253716259;-56.07514087638325;65 99024159;2025-09-03
5624622;PLENIVIDA SAUDE INTEGRAL;PLENIVIDA SAUDE INTEGRAL LTDA;510340;Cuiabá;Sim;Sim;SANTA CRUZ;CASSIMIRO DE ABREU;MUNICIPAL;;ATENDIMENTOS NOS TURNOS DA MANHA E A TARDE;36;M;Não;Não;NAO;Não;Não;Não;Sim;-15.608823237472704;-56.05076860458261;65 30520127;2025-09-03
5631564;INSTITUTO LEAO KIDS;INSTITUTO LEAO KIDS LTDA;510340;Cuiabá;Sim;Sim;PICO DO AMOR;RUA SAO PEDRO JD KENNEDY;MUNICIPAL;;ATENDIMENTOS NOS TURNOS DA MANHA E A TARDE;22;M;Não;Não;NAO;Não;Não;Não;Não;-15.57526614299267;-56.082455829241205;;2026-06-02
5631599;INSTITUTO NAVARROS;G DE MORAES NAVARROS SOUZA TAVARES;510340;Cuiabá;Sim;Sim;CIDADE ALTA;DOUTOR LIMA AVELINO LOT JD PRIMAVERA;MUNICIPAL;;ATENDIMENTOS NOS TURNOS DA MANHA E A TARDE;22;M;Não;Não;NAO;Não;Não;Não;Não;-15.598293144294173;-56.12071210432146;65 96339094;2025-09-03
5631602;CLINICA MULTIDISCIPLINAR CORACAO DE MAE;CLINICA MULTIDISCIPLINAR CORACAO DE MAE LTDA;510340;Cuiabá;Sim;Sim;ARAES;MANOEL LEOPOLDINO;MUNICIPAL;;ATENDIMENTOS NOS TURNOS DA MANHA E A TARDE;22;M;Não;Não;NAO;Não;Não;Não;Não;-15.585879676805943;-56.09415496095743;65 96217712;2025-09-03
5634997;NEW SKIN FISIOTERAPAI E ESTETICA;ELIACY ARRUDA JAUDY DE ARAUJO ME;510340;Cuiabá;Sim;Sim;JARDIM TROPICAL;TANCREDO NEVES;MUNICIPAL;;ATENDIMENTOS NOS TURNOS DA MANHA E A TARDE;22;M;Não;Não;NAO;Não;Não;Não;Sim;-15.6213627;-56.0768351;36347831;2025-09-03
5646073;PRFC FONOAUDIOLOGIA;02 IRMAOS CLINICA MULTIDISCIPLINAR LTDA;510340;Cuiabá;Sim;Sim;MORADA DA SERRA;LUIZ GERALDO DA SILVA NUC HAB CPA II;MUNICIPAL;;ATENDIMENTO NOS TURNOS DA MANHA, TARDE E NOITE;22;M;Não;Não;NAO;Não;Não;Não;Não;-15.61588730403756;-56.13131624378191;65 96244515;2025-09-03
5646219;ESPACO CRESCER REABILITACAO NEUROFUNCIOAL;ESPACO CRESCER REABILITACAO NEUROFUNCIOAL LTDA;510340;Cuiabá;Sim;Sim;JARDIM ITALIA;TIVOLI;MUNICIPAL;;ATENDIMENTOS NOS TURNOS DA MANHA E A TARDE;22;M;Não;Não;NAO;Não;Não;Não;Não;-15.601049767035859;-56.057587922914216;65 99587217;2025-09-03
5646294;NEUROMOVERSE;GABRIELE NEVES;510340;Cuiabá;Sim;Sim;JARDIM ITALIA;NAPOLI;MUNICIPAL;;ATENDIMENTO NOS TURNOS DA MANHA, TARDE E NOITE;39;M;Não;Não;NAO;Não;Não;Não;Não;-15.60446417627652;-56.05766537751759;65 96305310;2025-09-03
5646324;CLINICA DA MENTE;DANYELLE RODRIGUES DE AGUIAR;510340;Cuiabá;Sim;Sim;POPULAR;ISAAC POVOAS;MUNICIPAL;;ATENDIMENTOS NOS TURNOS DA MANHA E A TARDE;22;M;Não;Não;NAO;Não;Não;Não;Não;-15.592723262920044;-56.10590449836292;65 96232309;2025-09-03
5646332;INSTITUTO MENTES PLURAIS LTDA;INSTITUTO MENTES PLURAIS LTDA;510340;Cuiabá;Sim;Sim;CENTRO SUL;COMANDANTE COSTA;MUNICIPAL;;ATENDIMENTOS NOS TURNOS DA MANHA E A TARDE;22;M;Não;Não;NAO;Não;Não;Não;Não;-15.604923418223485;-56.10688276217476;65 92719663;2025-09-03
5646723;SOLEV ESPACO TERAPEUTICO DA MULHER;SOLEV FISIOTERAPIA E TERAPIAS COMPLEMENTARES LTDA;510340;Cuiabá;Sim;Sim;JARDIM PAULISTA;GUANABARA;MUNICIPAL;;ATENDIMENTOS NOS TURNOS DA MANHA E A TARDE;36;M;Não;Não;NAO;Não;Não;Não;Não;-15.608321051486818;-56.13396418645482;41 97880145;2025-09-03
5664691;TEREZINHA BERTOLI RICCI BRIANCHINI;TEREZINHA BERTOLI RICCI BRIANCHINI;510340;Cuiabá;Sim;Sim;BANDEIRANTE;AVENIDA GENERAL VALLE;MUNICIPAL;;ATENDIMENTOS NOS TURNOS DA MANHA E A TARDE;22;M;Não;Não;NAO;Não;Não;Não;Sim;-15.602154118238815;-56.09246363834051;30527667;2025-09-03
5670179;M R OFTALMOCLINICA;M R OFTALMOCLINICA LTDA;510340;Cuiabá;Sim;Sim;SANTA ROSA;AV JOSE RODRIGUES DO PRADO;MUNICIPAL;;ATENDIMENTOS NOS TURNOS DA MANHA E A TARDE;22;M;Não;Não;NAO;Não;Não;Não;Sim;-15.57954350740984;-56.122155364119074;3626-2761;2025-11-27
5675618;CB ODONTOLOGIA;CLEA BORGES;510340;Cuiabá;Sim;Sim;SANTA HELENA;ODORICO TOCANTINS;MUNICIPAL;;ATENDIMENTOS NOS TURNOS DA MANHA E A TARDE;22;M;Não;Não;NAO;Não;Não;Não;Sim;-15.58773838612305;-56.09917483991961;65 30521593;2025-10-11
5676452;CIAF CENTRO INTEGRADO DE ACUPUNTURA E FONOAUDIOLOGIA;J M DA SILVA SANTOS;510340;Cuiabá;Sim;Sim;JARDIM ACLIMACAO;HISTORIADOR RUBENS DE MENDONCA EDIF WORK CENTER;MUNICIPAL;;ATENDIMENTOS NOS TURNOS DA MANHA E A TARDE;36;M;Não;Não;NAO;Não;Não;Não;Não;-15.58523091795765;-56.07982624548892;65 36460692;2025-09-03
5677939;ELZA MARIA MOREIRA;ELZA MARIA MOREIRA;510340;Cuiabá;Sim;Sim;LIXEIRA;RUA CORUMBA;MUNICIPAL;;ATENDIMENTO SOMENTE PELA MANHA;22;M;Não;Não;NAO;Não;Não;Não;Sim;-15.592550899551984;-56.089941144550764;;2025-10-17
5687616;ELETROCOR SERVICOS DE ELETROCARDIOGRAMAS;ELETROCOR SERVICOS DE ELETROCARDIOGRAMAS DE MATO GROSSO LT;510340;Cuiabá;Sim;Sim;RIBEIRAO DA PONTE;MIGUEL SUTIL;MUNICIPAL;;ATENDIMENTOS NOS TURNOS DA MANHA E A TARDE;22;M;Não;Não;NAO;Não;Não;Não;Sim;-15.582595202223551;-56.11177813073222;65 30551035;2025-10-17
5693543;DENTALLE ODONTOLOGIA;DENTALLE ODONTOLOGIA LTDA;510340;Cuiabá;Sim;Sim;POPULAR;SENADOR FILINTO MULLER;MUNICIPAL;;ATENDIMENTOS NOS TURNOS DA MANHA E A TARDE;22;M;Não;Não;NAO;Não;Não;Não;Sim;-15.591280435759243;-56.107606254594835;66 96287701;2025-09-03
5704456;RAIZES DO SABER;ANA KAROLINA MODESTO LIMA LTDA;510340;Cuiabá;Sim;Sim;DOM AQUINO;CARMINDO DE CAMPOS;MUNICIPAL;;ATENDIMENTOS NOS TURNOS DA MANHA E A TARDE;22;M;Não;Não;NAO;Não;Não;Não;Não;-15.617308377532312;-56.09244944495034;65 30252402;2025-09-03
5704464;MED PRIME SERVICOS MEDICOS;MED PRIME SERVICOS MEDICOS LTDA;510340;Cuiabá;Sim;Sim;JARDIM CUIABA;DAS FLORES;MUNICIPAL;;ATENDIMENTOS NOS TURNOS DA MANHA E A TARDE;22;M;Não;Não;NAO;Não;Não;Não;Não;-15.595023962995102;-56.11805783820474;65 30287328;2025-09-03
5704480;INSTITUTO SENSORIANDO;INSTITUTO SENSORIANDO DE DESENVOLVIMENTO INFANTIL TERAPIAS;510340;Cuiabá;Sim;Sim;ALVORADA;DESEMBARGADOR TRIGO DE LOUREIRO;MUNICIPAL;;ATENDIMENTOS NOS TURNOS DA MANHA E A TARDE;22;M;Não;Não;NAO;Não;Não;Não;Não;-15.584450707168202;-56.0846711186673;65 92086996;2025-09-03
5708753;FERNANDA MONTEIRO DE PAULA SIQUEIRA JUVENIZ;FERNANDA MONTEIRO DE PAULA SIQUEIRA JUVENIZ;510340;Cuiabá;Sim;Sim;LIXEIRA;RUA CORUMBA;MUNICIPAL;;ATENDIMENTO SOMENTE A TARDE;22;M;Não;Não;NAO;Não;Não;Não;Sim;-15.592636154936104;-56.08991700467061;33212619;2025-10-17
5708788;RICARDO JUVENIZ SOUZA DOS SANTOS;RICARDO JUVENIZ SOUZA DOS SANTOS;510340;Cuiabá;Sim;Sim;SANTA ROSA;AV MIGUEL SUTIL;MUNICIPAL;;ATENDIMENTO SOMENTE PELA MANHA;22;M;Não;Não;NAO;Não;Não;Não;Sim;-15.580343416595941;-56.11058220581818;36265306;2025-11-27
5709288;ALEIXO GLADKI PETRENKO JUNIOR;ALEIXO GLADKI PETRENKO JUNIOR;510340;Cuiabá;Sim;Sim;CENTRO;RUA TREZE DE JUNHO;MUNICIPAL;;ATENDIMENTO SOMENTE PELA MANHA;22;M;Não;Não;NAO;Não;Não;Não;Não;-15.609774663421334;-56.1081911744884;;2025-10-11
5709717;RENATA PINTO CAMIA;RENATA PINTO CAMIA;510340;Cuiabá;Sim;Sim;BOSQUE DA SAUDE;AV HIST RUBENS DE MENDONCA;MUNICIPAL;;ATENDIMENTOS NOS TURNOS DA MANHA E A TARDE;22;M;Não;Não;NAO;Não;Não;Não;Sim;-15.582491857307165;-56.11180495282128;30520094;2025-10-11
5721822;CLIMAGEM CLINICA DE DIAGNOSTICO POR IMAGEM DE CUIABA;LUDE PRESTADORA DE SERVICOS EM RADIOLOGIA E PEDIATRIA LTDA;510340;Cuiabá;Sim;Sim;JARDIM EUROPA;JAQUES BRUNINI;MUNICIPAL;;ATENDIMENTOS NOS TURNOS DA MANHA E A TARDE;36;M;;Não;NAO;;;;Não;-15.596;-56.097;65 36220220;2025-09-03
5722675;SOE SPERANDIO ODONTOLOGIA ESPECIALIZADA;MARIA IZABEL RODRIGUES SPERANDEO COURA;510340;Cuiabá;Sim;Sim;BOSQUE DA SAUDE;HISORIADOR RUBENS DE MENDONCA;MUNICIPAL;;ATENDIMENTOS NOS TURNOS DA MANHA E A TARDE;22;M;Não;Não;NAO;Não;Não;Não;Sim;-15.588354800672327;-56.07717759861982;65 36426414;2025-11-27
5745977;ADRIANA COSTA C PARDAL RADIOLOGIA S S LTDA;ADRIANA COSTA C PARDAL RADIOLOGIA S S LTDA;510340;Cuiabá;Sim;Sim;BOA ESPERANCA;1;MUNICIPAL;;ATENDIMENTO SOMENTE A TARDE;36;M;Não;Não;NAO;Não;Não;Não;Sim;-15.602304543365781;-56.05942099090677;;2025-09-03
5754070;FABIOLA LAUREN GINECOLOGIA E SAUDE INTEGRATIVA;FABIOLA LAUREN GINECOLOGIA E SAUDE INTEGRATIVA LTDA;510340;Cuiabá;Sim;Sim;SANTA ROSA;RUSSIA;MUNICIPAL;;ATENDIMENTOS NOS TURNOS DA MANHA E A TARDE;22;M;Não;Não;NAO;Não;Não;Não;Não;-15.584195112485476;-56.12123226136324;65 36231000;2025-09-03
5754100;INTENSIVO EMERGENCIAS MEDICAS;INTENSIVO GESTAO HOSPITALAR LTDA;510340;Cuiabá;Sim;Sim;JARDIM CUIABA;DAS FLORES;MUNICIPAL;;ATENDIMENTOS NOS TURNOS DA MANHA E A TARDE;22;M;Não;Não;NAO;Não;Não;Não;Sim;-15.595018165122712;-56.1180471042993;65 00000010;2025-09-03
5761026;CM FISIOTERAPIA ESPECIALIZADA LTDA;GB CONSULTORIA ASSESSORIA E SERVICOS PROFISSIONAIS LTDA;510340;Cuiabá;Sim;Sim;ARAES;DESEMBARGADOR TRIGO DE LOUREIRO;MUNICIPAL;;ATENDIMENTOS NOS TURNOS DA MANHA E A TARDE;36;M;Não;Não;NAO;Não;Não;Não;Sim;-15.587102718560038;-56.08598523600708;65 30251579;2025-09-03
5767571;FISIOSIM FISIOTERAPIA NA SAUDE INTEGRAL DA MULHER LTDA;FISIOSIM FISIOTERAPIA NA SAUDE INTEGRAL DA MULHER LTDA;510340;Cuiabá;Sim;Sim;JARDIM CUIABA;RUA DAS VIOLETAS;MUNICIPAL;;ATENDIMENTOS NOS TURNOS DA MANHA E A TARDE;36;M;Não;Não;NAO;Não;Não;Não;Sim;-15.596010966294708;-56.115039986874095;36236266;2025-09-03
5778271;DAIANNY COIMBRA ULHOA;DAIANNY COIMBRA ULHOA;510340;Cuiabá;Sim;Sim;ARAES;RUA DESEMBRAGADOR TRIGO LOUREIRO;MUNICIPAL;;ATENDIMENTO SOMENTE PELA MANHA;22;M;Não;Não;NAO;Não;Não;Não;Não;-15.589418977854972;-56.08802377261796;30252993;2025-09-03
5781116;FRANCIELE JODAS SAUDE E PSICOLOGIA;FRANCIELE JODAS SAUDE E PSICOLOGIA LTDA;510340;Cuiabá;Sim;Sim;COOPHAMIL;JORNALISTA AMARO DE FIGUEIREDO FALCAO;MUNICIPAL;;ATENDIMENTOS NOS TURNOS DA MANHA E A TARDE;22;M;Não;Não;NAO;Não;Não;Não;Não;-15.561271165422301;-56.0540722944766;14 34322227;2025-09-03
5781264;ESPACO SB CLINICA;ESPACO SB CLINICA LTDA;510340;Cuiabá;Sim;Sim;PICO DO AMOR;TIRADENTES;MUNICIPAL;;ATENDIMENTOS NOS TURNOS DA MANHA E A TARDE;22;M;Não;Não;NAO;Não;Não;Não;Sim;-15.6106109581742;-56.08085234355193;65 96048288;2025-09-03
5785588;GENESIS VALORIZANDO A VIDA;ASSOCIACAO MATOGROSSENSE DE RECUPERACAO E REABILITACAO DE TO;510340;Cuiabá;Sim;Sim;SUCURI II AREA RURA;ESTRADA DA GUIA;MUNICIPAL;;ATENDIMENTOS NOS TURNOS DA MANHA E A TARDE;36;M;Não;Não;NAO;Não;Não;Não;Sim;-15.547973579616638;-56.15737843071448;65 30254210;2025-09-03
5790271;BM MEDICAL CARE LTDA;BM MEDICAL CARE LTDA;510340;Cuiabá;Sim;Sim;CENTRO NORTE;CANDIDO MARIANO;MUNICIPAL;;ATENDIMENTOS NOS TURNOS DA MANHA E A TARDE;22;M;Não;Não;NAO;Não;Não;Não;Não;-15.594954876736482;-56.09732128196499;65 99118911;2025-09-03
5800625;LUIGI RODRIGUES BRIANEZ;LUIGI RODRIGUES BRIANEZ;510340;Cuiabá;Sim;Sim;JARDIM MARIANA;RUA ADEL MALUF;MUNICIPAL;;ATENDIMENTO SOMENTE A TARDE;22;M;Não;Não;NAO;Não;Não;Não;Sim;-15.579348295042148;-56.11124726369825;;2025-11-27
5841445;LETICIA HELENA FURTADO DE ABREU;LETICIA HELENA FURTADO DE ABREU;510340;Cuiabá;Sim;Sim;JARDIM CUIABA;RUA DOS MIOSOTIS;MUNICIPAL;;ATENDIMENTO NOS TURNOS DA MANHA, TARDE E NOITE;22;M;Não;Não;NAO;Não;Não;Não;Sim;-15.59597944654559;-56.11785821743062;30233797;2025-11-13
5847826;ODONTOFACE;DIAGNOSTICO E RADIOLOGIA ODONTOLOGICA ODONTOFACE LTDA;510340;Cuiabá;Sim;Sim;CENTRO NORTE;CAMPO GRANDE;MUNICIPAL;;ATENDIMENTOS NOS TURNOS DA MANHA E A TARDE;22;M;Não;Não;NAO;Não;Não;Não;Sim;-15.595165251865671;-56.09542840886304;65 36824936;2025-11-13
5878195;JULIANA DA COSTA MARQUES;JULIANA DA COSTA MARQUES;510340;Cuiabá;Sim;Sim;JARDIM CUIABA;RUA DAS MIOSATIS;MUNICIPAL;;ATENDIMENTOS NOS TURNOS DA MANHA E A TARDE;22;M;Não;Não;NAO;Não;Não;Não;Sim;-15.594363531216482;-56.11952652608346;065 3023-3797;2025-09-03
5909031;CLINICA BIOLIFE;LUCIANI MORENO IORIS CLINICA;510340;Cuiabá;Sim;Sim;JARDIM CUIABA;RUAS DAS DALIAS;MUNICIPAL;;ATENDIMENTOS NOS TURNOS DA MANHA E A TARDE;36;M;Não;Não;NAO;Não;Não;Não;Não;;;3023-9708;2025-09-03
5927110;UNIMED CUIABA HOME CARE;UNIMED CUIABA COOPERATIVA DE TRABALHO MEDICO;510340;Cuiabá;Sim;Sim;CENTRO SUL;AVENIDA DOM BOSCO;MUNICIPAL;;ATENDIMENTO CONTINUO DE 24 HORAS/DIA (PLANTAO:INCLUI SABADOS, DOMINGOS E FERIADOS);42;M;;Não;NAO;;;;Sim;;;;2025-09-03
5927668;APARECIDA PEREIRA CAMACHO;APARECIDA PEREIRA CAMACHO;510340;Cuiabá;Sim;Sim;JARDIM CUIABA;AVENIDA DAS FLORES;MUNICIPAL;;ATENDIMENTOS NOS TURNOS DA MANHA E A TARDE;22;M;Não;Não;NAO;Não;Não;Não;Não;-15.595126440248142;-56.11789736234187;65 3051-3531;2025-10-11
5927684;CECI;CECI CENTRO ESPECIALIZADO EM CANCER INFANTO JUVENIL EIRELI;510340;Cuiabá;Sim;Sim;BANDEIRANTES;FRANCISCO DE SIQUEIRA;MUNICIPAL;;ATENDIMENTO SOMENTE PELA MANHA;36;M;Não;Não;SIM;Não;Não;Não;Sim;-15.601746954934246;-56.09398179579195;65 30525008;2025-09-03
5927730;GRAZIELLA SCALABRIN DA SILVA;GRAZIELLA SCALABRIN DA SILVA;510340;Cuiabá;Sim;Sim;COOPHAMIL;AVENIDA MANUEL RAMOS LIMA;MUNICIPAL;;ATENDIMENTOS NOS TURNOS DA MANHA E A TARDE;22;M;Não;Não;NAO;Não;Não;Não;Sim;-15.616041083991213;-56.12624732948323;65 3625-1491;2025-09-03
5933153;DALVANI ELIAS DORN;DALVANI ELIAS DORN;510340;Cuiabá;Sim;Sim;JARDIM EUROPA;AV JORNALISTA ROBERTO JACQUES BRUNINI;MUNICIPAL;;ATENDIMENTO SOMENTE PELA MANHA;22;M;Não;Não;NAO;Não;Não;Não;Não;-15.624997182965856;-56.08444601251912;36343888;2025-09-03
5934702;VISIONARE CENTRO DE OFTALMOLOGIA;INSTITUTO DA VISAO LTDA;510340;Cuiabá;Sim;Sim;BOSQUE DA SAUDE;AVENIDA ACLIMACAO;DUPLA;;ATENDIMENTOS NOS TURNOS DA MANHA E A TARDE;36;D;Sim;Não;SIM;Sim;Não;Não;Sim;-15.588068831219472;-56.0767936706543;(65) 3611-6363;2025-09-03
5935881;RODRIGO PEREIRA DE SOUZA FLORENCIO;RODRIGO PEREIRA DE SOUZA FLORENCIO;510340;Cuiabá;Sim;Sim;BOA ESPERANCA;RUA 23;MUNICIPAL;;ATENDIMENTOS NOS TURNOS DA MANHA E A TARDE;22;M;Não;Não;NAO;Não;Não;Não;Sim;-15.60988324003429;-56.05802924514941;;2025-11-27
5936578;ODONTOCATO;ODONTOLOGIA CAIADO TOSTA LTDA;510340;Cuiabá;Sim;Sim;BOSQUE DA SAUDE;AV RUBENS DE MENDONCA EDIFICIO CUIABA WORK CENTER;MUNICIPAL;;ATENDIMENTOS NOS TURNOS DA MANHA E A TARDE;36;M;Não;Não;NAO;Não;Não;Não;Sim;-15.585173112226986;-56.07988307633547;65 36421462;2025-11-13
5938120;RENATO JOSE BETTI CORREIA;RENATO JOSE BETTI CORREIA;510340;Cuiabá;Sim;Sim;CENTRO SUL;RUA THOGO DA SILVA PEREIRA;MUNICIPAL;;ATENDIMENTOS NOS TURNOS DA MANHA E A TARDE;22;M;Não;Não;NAO;Não;Não;Não;Não;-15.6032047;-56.1031304;;2025-09-03
5938678;FERNANDA PAULLA FREITAS AGUIRRE;FERNANDA PAULLA FREITAS AGUIRRE;510340;Cuiabá;Sim;Sim;BOSQUE DA SAUDE;RUA TOPAZIO;MUNICIPAL;;ATENDIMENTOS NOS TURNOS DA MANHA E A TARDE;22;M;Não;Não;NAO;Não;Não;Não;Não;-15.58964574466242;-56.07851062675988;(65) 3644-0630;2025-10-17
5939755;VERONICA CRISTINA MORAES BRANDAO;VERONICA CRISTINA MORAES BRANDAO;510340;Cuiabá;Sim;Sim;JARDIM CUIABA;AVENIDA DAS FLORES;MUNICIPAL;;ATENDIMENTOS NOS TURNOS DA MANHA E A TARDE;22;M;Não;Não;NAO;Não;Não;Não;Não;-15.594549038159427;-56.116610079577654;;2025-11-27
5939798;ANDREIA MIDORI HIRAKAVA DE ALMEIDA;ANDREIA MIDORI HIRAKAVA DE ALMEIDA;510340;Cuiabá;Sim;Sim;ARAES;OSORIO DUQUE ESTRADA;MUNICIPAL;;ATENDIMENTOS NOS TURNOS DA MANHA E A TARDE;22;M;Não;Não;NAO;Não;Não;Não;Sim;-15.591237465286083;-56.09042158687956;;2025-10-11
5939836;INSTITUTO DOS OLHOS DE MATO GROSSO;INSTITUTO DE OLHOS DE MATO GROSSO LTDA;510340;Cuiabá;Sim;Sim;DOS ARAES;TENENTE EULALIO GUERRA;MUNICIPAL;;ATENDIMENTOS NOS TURNOS DA MANHA E A TARDE;36;M;Não;Não;NAO;Não;Não;Não;Sim;-15.589253891530337;-56.093582369088445;65 84188494;2025-11-04
5939887;DIOGO VIANNA DE ARRUDA;DIOGO VIANNA DE ARRUDA;510340;Cuiabá;Sim;Sim;CENTRO NORTE;AV PRESIDENTE MARQUES;MUNICIPAL;;ATENDIMENTOS NOS TURNOS DA MANHA E A TARDE;22;M;Não;Não;NAO;Não;Não;Não;Não;-15.5874002;-56.0978736;;2025-09-03
5940230;LUIZ CARLOS DE ALVARENGA JUNIOR;LUIZ CARLOS DE ALVARENGA JUNIOR;510340;Cuiabá;Sim;Sim;BOSQUE DA SAUDE;RUA ACLIMACAO;MUNICIPAL;;ATENDIMENTOS NOS TURNOS DA MANHA E A TARDE;22;M;Não;Não;NAO;Não;Não;Não;Não;;;30512776;2025-09-03
5955718;COG;COG CENTRO DE OBSTETRICIA E GINECOLOGIA DE CUIABA LTDA;510340;Cuiabá;Sim;Sim;CENTRO;CANDIDO MARIANO;MUNICIPAL;;ATENDIMENTOS NOS TURNOS DA MANHA E A TARDE;22;M;Não;Não;NAO;Não;Não;Não;Não;-15.8618969;-56.0782403;65 36265641;2025-09-03
5962641;CRISTINA REIS GAMA DORNELLES;CRISTINA REIS GAMA DORNELLES;510340;Cuiabá;Sim;Sim;JARDIM EUROPA;RUA JAQUES BRUNINI;MUNICIPAL;;ATENDIMENTOS NOS TURNOS DA MANHA E A TARDE;22;M;Não;Não;NAO;Não;Não;Não;Não;-15.622756124593447;-56.083416139569536;;2025-09-03
5962676;LEONARDO NERY RIBEIRO GUIMARAES;LEONARDO NERY RIBEIRO GUIMARAES;510340;Cuiabá;Sim;Sim;DUQUE DE CAXIAS;RUA GENERAL JOAO LUIS PEREIRA;MUNICIPAL;;ATENDIMENTOS NOS TURNOS DA MANHA E A TARDE;22;M;Não;Não;NAO;Não;Não;Não;Não;-15.596;-56.097;;2025-09-03
5962838;MANOEL DE JESUS FREITAS JUNIOR;MANOEL DE JESUS FREITAS JUNIOR;510340;Cuiabá;Sim;Sim;MORADA DA SERRA;RUA PARA;MUNICIPAL;;ATENDIMENTOS NOS TURNOS DA MANHA E A TARDE;22;M;Não;Não;NAO;Não;Não;Não;Não;-15.56220809410932;-56.0524605093831;;2025-11-27
5969670;MAGDA LUCIA SCARDINI DE MELLO;MAGDA LUCIA SCARDINI DE MELLO;510340;Cuiabá;Sim;Sim;GOIABEIRAS;RUA ESTEVAO DE MENDONCA;MUNICIPAL;;ATENDIMENTOS NOS TURNOS DA MANHA E A TARDE;22;M;Não;Não;NAO;Não;Não;Não;Não;-15.594182194176902;-56.108636888502964;3322 8020;2025-09-03
5971160;FOZ SAUDE OCUPACIONAL;FOZ SAUDE OCUPACIONAL E SERVICOS CLINICOS;510340;Cuiabá;Sim;Sim;DOM AQUINO;AV DOM AQUINO;MUNICIPAL;;ATENDIMENTOS NOS TURNOS DA MANHA E A TARDE;36;M;Não;Não;NAO;Não;Não;Não;Não;;;65 33225132;2025-09-03
5971284;RONEY CAMPOS GRANJEIRO;RONEY CAMPOS GRANJEIRO;510340;Cuiabá;Sim;Sim;LIXEIRA;RUA SAO BENEDITO;MUNICIPAL;;ATENDIMENTO SOMENTE A TARDE;22;M;Não;Não;NAO;Não;Não;Não;Não;-15.6328989;-56.1134595;;2025-09-03
5972426;LUIS ANTONIO SOARES PIRES;LUIS ANTONIO SOARES PIRES;510340;Cuiabá;Sim;Sim;JARDIM CUIABA;RUA DOS LIVROS;MUNICIPAL;;ATENDIMENTOS NOS TURNOS DA MANHA E A TARDE;22;M;Não;Não;NAO;Não;Não;Não;Não;-15.595190429025044;-56.11678977358138;;2025-11-27
5991455;FLAVIA DOMINGUES MENDONCA PRATA;FLAVIA DOMINGUES MENDONCA PRATA;510340;Cuiabá;Sim;Sim;LIXEIRA;AV JOAO GOMES SOBRINHO;MUNICIPAL;;ATENDIMENTOS NOS TURNOS DA MANHA E A TARDE;22;M;Não;Não;NAO;Não;Não;Não;Sim;-15.597876988507013;-56.08474251816356;;2025-10-17
5991633;RENATO ABDALLA PRATA;RENATO ABDALLA PRATA;510340;Cuiabá;Sim;Sim;LIXEIRA;AV JOAO GOMES SOBRINHO;MUNICIPAL;;ATENDIMENTOS NOS TURNOS DA MANHA E A TARDE;22;M;Não;Não;NAO;Não;Não;Não;Sim;-15.597789151929762;-56.084800186055354;;2025-09-03
5995175;TANIA DE ARRUDA MELO CAMPOS;TANIA DE ARRUDA MELO CAMPOS;510340;Cuiabá;Sim;Sim;CIDADE ALTA;AV MIGUEL SUTIL;MUNICIPAL;;ATENDIMENTOS NOS TURNOS DA MANHA E A TARDE;22;M;Não;Não;NAO;Não;Não;Não;Sim;-15.61126776017213;-56.1212074820227;;2025-11-27
6003575;HOSPITAL UNIMED CUIABA;UNIMED CUIABA COOPERATIVA DE TRABALHO MEDICO;510340;Cuiabá;Sim;Sim;CENTRO SUL;RUA BARAO DE MELGACO;MUNICIPAL;;ATENDIMENTO CONTINUO DE 24 HORAS/DIA (PLANTAO:INCLUI SABADOS, DOMINGOS E FERIADOS);5;M;Sim;Sim;NAO;Sim;Não;Não;Sim;-15.8652096;-56.0743385;65 36123339;2025-09-03
6015875;EYE CARE;OFTALMOLOGIA DALVA NOELI LTDA;510340;Cuiabá;Sim;Sim;JARDIM DAS AMERICAS;FERNANDO CORREA DA COSTA;MUNICIPAL;;ATENDIMENTOS NOS TURNOS DA MANHA E A TARDE;36;M;Não;Não;NAO;Não;Não;Não;Não;-15.612059326584717;-56.07491442944058;65 36271045;2025-09-03
6017215;BIOCARDIOS;CENTRO DE CARDIOLOGIA APLICADA LTDA;510340;Cuiabá;Sim;Sim;RIBEIRAO DA PONTE;MIGUEL SUTIL;MUNICIPAL;;ATENDIMENTOS NOS TURNOS DA MANHA E A TARDE;36;M;Não;Não;NAO;Não;Não;Não;Não;-15.579211499885725;-56.110098557215515;65 36234995;2025-09-03
6019005;INSTITUTO MEDICO LEGAL;SECRETARIA DE JUSTICA E SEGURANCA PUBLICA DO ESTADO DE MT;510340;Cuiabá;Sim;Sim;CARUMBE;RUA SETE ESQUINA COM A PARECIS;ESTADUAL;;ATENDIMENTO CONTINUO DE 24 HORAS/DIA (PLANTAO:INCLUI SABADOS, DOMINGOS E FERIADOS);36;E;Não;Não;NAO;Não;Não;Não;Não;-15.58073657562056;-56.04595899581909;36131205/1212/1202;2025-09-03
6030467;BIODNA;BIODENA DIAGNOSTICO LABORATORIAL LTDA;510340;Cuiabá;Sim;Sim;CPA I;RUA PELOTAS;MUNICIPAL;;ATENDIMENTOS NOS TURNOS DA MANHA E A TARDE;39;M;Não;Não;NAO;Não;Não;Não;Sim;-15.555934150264164;-56.05057976708027;(065) 3641-1517;2025-10-11
6033059;MEMORIAL HOSPITAL KAROL WOJTYLA;KAROL WOJTYLA INSTITUTO DE CIRURGIA PLASTICA LTDA;510340;Cuiabá;Sim;Sim;JARDIM CUIABA;AVENIDA OITO DE ABRIL;MUNICIPAL;;ATENDIMENTOS NOS TURNOS DA MANHA E A TARDE;62;M;Sim;Sim;NAO;Sim;Não;Não;Sim;-15.597282575158442;-56.113462675834796;(65) 3624-7350;2025-11-27
6033962;CLINICOR;CLINICOR CLINICA DE CORACAO LTDA;510340;Cuiabá;Sim;Sim;CENTRO SUL;TENENTE THOGO PEREIRA DA SILVA;MUNICIPAL;;ATENDIMENTOS NOS TURNOS DA MANHA E A TARDE;36;M;Não;Não;NAO;Não;Não;Não;Sim;-15.604486414348516;-56.101814361573425;65 30281204;2025-09-03
6041019;CENTRO INTEGRADO DE CARDIOLOGIA;CECORD CENTRO INTEGRADO DE CARDIOLOGIA LTDA;510340;Cuiabá;Sim;Sim;BOSQUE DA SAUDE;ACLIMACAO;MUNICIPAL;;ATENDIMENTOS NOS TURNOS DA MANHA E A TARDE;36;M;Não;Não;SIM;Não;Não;Não;Sim;-15.587091440897467;-56.07788838399125;65 36234995;2025-10-11
6041663;ONCOCENTER;ONCOCENTER ONCOLOGIA CLINICA LTDA;510340;Cuiabá;Sim;Sim;CENTRO NORTE;MATO GROSSO;MUNICIPAL;;ATENDIMENTOS NOS TURNOS DA MANHA E A TARDE;36;M;Não;Não;NAO;Não;Não;Não;Sim;-15.591881469611295;-56.09325638322066;65 36421228;2025-09-03
6078974;ANA PAULA ZANETTI FEUSER;ANA PAULA ZANETTI FEUSER;510340;Cuiabá;Sim;Sim;BOSQUE DA SAUDE;AV ACLIMACAO;MUNICIPAL;;ATENDIMENTOS NOS TURNOS DA MANHA E A TARDE;22;M;Não;Não;NAO;Não;Não;Não;Não;-15.596;-56.097;;2025-09-03
6081568;RUBENS HAJIME ARATANI E OUTROS;RUBENS HAJIME ARATANI E OUTROS;510340;Cuiabá;Sim;Sim;JARDIM CUIABA;AVENIDA DAS FLORES;MUNICIPAL;;ATENDIMENTOS NOS TURNOS DA MANHA E A TARDE;22;M;Não;Não;NAO;Não;Não;Não;Sim;-15.595065731885173;-56.118927508074734;;2025-11-27
6083714;VANESSA SALLES CORREA;VANESSA SALLES CORREA;510340;Cuiabá;Sim;Sim;CPA III MORADA DA;RUA MARANHAO;MUNICIPAL;;ATENDIMENTOS NOS TURNOS DA MANHA E A TARDE;22;M;Não;Não;NAO;Não;Não;Não;Não;-15.618429067468105;-56.0850948146859;(65) 3641-8793;2025-11-27
6083919;SANDRA FRANCO DE ASSIS;SANDRA FRANCO DE ASSIS;510340;Cuiabá;Sim;Sim;SANTA ROSA;RUA ADEL MALUF;MUNICIPAL;;ATENDIMENTOS NOS TURNOS DA MANHA E A TARDE;22;M;Não;Não;NAO;Não;Não;Não;Não;-15.583506816133161;-56.121108033780075;(065) 3636-3311;2025-10-11
6084591;CYRIACO FORTUNATO;CYRIACO FORTUNATO;510340;Cuiabá;Sim;Sim;DUQUE DE CAXIAS;RUA PRESIDENTE ARTHUR BERNARDES;MUNICIPAL;;ATENDIMENTO SOMENTE PELA MANHA;22;M;Não;Não;NAO;Não;Não;Não;Não;-15.589823452213068;-56.10691088165298;(65) 3322-3840;2025-09-03
6086330;WASHINGTON LUIZ PEREIRA DE SENNA;WASHINGTON LUIZ PEREIRA DE SENNA;510340;Cuiabá;Sim;Sim;SANTA HELENA;RUA PRESIDENTE MARQUES;MUNICIPAL;;ATENDIMENTOS NOS TURNOS DA MANHA E A TARDE;22;M;Não;Não;NAO;Não;Não;Não;Não;-15.590839719977538;-56.100160730124706;;2025-11-27
6086373;MILTON MOREIRA PEIXOTO JUNIOR;MILTON MOREIRA PEIXOTO JUNIOR;510340;Cuiabá;Sim;Sim;JARDIM MARIANA;AV ADEL MALOUF;MUNICIPAL;;ATENDIMENTOS NOS TURNOS DA MANHA E A TARDE;22;M;Não;Não;NAO;Não;Não;Não;Não;-15.578997289106315;-56.11098462926258;(65) 3626-5306;2025-09-03
6086764;ESPACO ADMON KADMON;VANIA DE M C MENDES;510340;Cuiabá;Sim;Sim;QUILOMBO;AV SAO SEBASTIAO;MUNICIPAL;;ATENDIMENTOS NOS TURNOS DA MANHA E A TARDE;22;M;Não;Não;NAO;Não;Não;Não;Não;-15.5842367;-56.0979389;65 6211156;2025-09-03
6088880;LILLIAN SANCHEZ LACERDA MORAES;LILLIAN SANCHEZ LACERDA MORAES;510340;Cuiabá;Sim;Sim;JARDIM CUIABA;AV DAS FLORES;MUNICIPAL;;ATENDIMENTOS NOS TURNOS DA MANHA E A TARDE;22;M;Não;Não;NAO;Não;Não;Não;Não;-15.594999676067015;-56.11801270938911;(65) 3052-0464;2025-09-03
6089712;CLINEST;CLINEST CLINICA DE ANESTESIA LTDA;510340;Cuiabá;Sim;Sim;CENTRO SUL;BARAO DE MELGACO;MUNICIPAL;;ATENDIMENTOS NOS TURNOS DA MANHA E A TARDE;22;M;Não;Não;NAO;Não;Não;Não;Sim;-15.601654738862392;-56.10163634627466;65 36234285;2025-09-03
6091881;SARAH DE FREITAS NOVAIS;SARAH DE FREITAS NOVAIS;510340;Cuiabá;Sim;Sim;BOSQUE DA SAUDE;AV HIST RUBENS DE MENDONCA;MUNICIPAL;;ATENDIMENTOS NOS TURNOS DA MANHA E A TARDE;22;M;Não;Não;NAO;Não;Não;Não;Não;-15.582125764016132;-56.07693456533029;30520094;2025-09-03
6095275;JAMIL BENEDITO BRANDAO;JAMIL BENEDITO BRANDAO;510340;Cuiabá;Sim;Sim;BANDEIRANTES;RUA GENERAL VALLE;MUNICIPAL;;ATENDIMENTO SOMENTE A TARDE;22;M;Não;Não;NAO;Não;Não;Não;Não;-15.602467311717215;-56.094200557970225;(65) 3321-1948;2025-09-03
6099440;AMEDYFONO;A E MALHEIROS S S LTDA;510340;Cuiabá;Sim;Sim;ARAES;RUA DESEMBARGADOR JOSE DE MESQUITA;MUNICIPAL;;ATENDIMENTOS NOS TURNOS DA MANHA E A TARDE;22;M;Não;Não;NAO;Não;Não;Não;Não;-15.59061488614118;-56.09433356723898;;2025-09-03
6099602;SEDARE;SEDARE ANESTESIOLOGIA LTDA;510340;Cuiabá;Sim;Sim;ARAES;RUA TENENTE EULALIO GUERRA;MUNICIPAL;;ATENDIMENTOS NOS TURNOS DA MANHA E A TARDE;22;M;Não;Não;NAO;Não;Não;Não;Sim;-15.590966953147456;-56.091434954280736;(65) 3025-8200;2025-09-03
6102492;FAROUK HASSAN FARES;FAROUK HASSAN FARES;510340;Cuiabá;Sim;Sim;BANDEIRANTES;RUA MANOEL GARCIA VELHO;MUNICIPAL;;ATENDIMENTOS NOS TURNOS DA MANHA E A TARDE;22;M;Não;Não;NAO;Não;Não;Não;Não;-15.600750161625024;-56.09172826505494;3321-3730;2025-10-17
6102603;CLINICA RAYNA;PARALELLO SERVICOS E TERCEIRIZACOES LTDA;510340;Cuiabá;Sim;Sim;MORADA DOS NOBRES;DOM PEDRO II;MUNICIPAL;;ATENDIMENTOS NOS TURNOS DA MANHA E A TARDE;22;M;Não;Não;NAO;Não;Não;Não;Sim;-15.5917486;-56.0817635;65 36240000;2025-09-03
6102832;CLINICA DR FERNANDO;CLINICA DR FERNANDO ARRUDA;510340;Cuiabá;Sim;Sim;DUQUE DE CAXIAS;AV JOSE RODRIGUES DO PRADO;MUNICIPAL;;ATENDIMENTO SOMENTE A TARDE;36;M;Não;Não;NAO;Não;Não;Não;Sim;-15.596;-56.097;(65) 3624-1212;2025-09-03
6107540;CLINICA MEDICA TIJUCAL;CENTRO MEDICO TIJUCAL LTDA;510340;Cuiabá;Sim;Sim;TIJUCAL;124 QDA 30 CASA;MUNICIPAL;;ATENDIMENTO SOMENTE A TARDE;22;M;Não;Não;NAO;Não;Não;Não;Sim;-15.635498483954896;-56.01863947528248;65 6752929;2025-09-03
6111564;HOMERO FLORISBELO DA SILVA;HOMERO FLORISBELO DA SILVA;510340;Cuiabá;Sim;Sim;GOIABEIRAS;AV FILINTO MULLER;MUNICIPAL;;ATENDIMENTO SOMENTE A TARDE;22;M;Não;Não;NAO;Não;Não;Não;Não;-15.590627186588597;-56.10322605259979;;2025-11-04
6111998;CONSULTORIO ODONTOLOGICO DRA ALESSANDRA G O FERNANDES;ALESSANDRA GARCIA DE OLIVEIRA FERNANDES;510340;Cuiabá;Sim;Sim;CENTRO NORTE;AV PRESIDENTE MARQUES;MUNICIPAL;;ATENDIMENTO SOMENTE A TARDE;22;M;Não;Não;NAO;Não;Não;Não;Não;-15.58891801915734;-56.098502487737804;;2025-10-17
6113915;JORGE KHAUAM JUNIOR;JORGE KHAUAM JUNIOR;510340;Cuiabá;Sim;Sim;CENTRO SUL;RUA BARAO DE MELGACO;MUNICIPAL;;ATENDIMENTO SOMENTE A TARDE;22;M;Não;Não;NAO;Não;Não;Não;Não;-15.6021801;-56.1017305;;2025-09-03
6113982;ANESCLIN;CLINICA DE ANESTESIA E DOR LTDA;510340;Cuiabá;Sim;Sim;CENTRO;RUA BARAO DE MELGACO;MUNICIPAL;;ATENDIMENTOS NOS TURNOS DA MANHA E A TARDE;36;M;Não;Não;NAO;Não;Não;Não;Não;-15.602472372002689;-56.101611922388734;3052 3326;2025-09-03
6115764;ANA LUCIA ALVES LACERDA MONTEIRO;ANA LUCIA ALVES LACERDA MONTEIRO;510340;Cuiabá;Sim;Sim;JARDIM CUIABA;RUA DOS LIRIOS;MUNICIPAL;;ATENDIMENTOS NOS TURNOS DA MANHA E A TARDE;22;M;Não;Não;NAO;Não;Não;Não;Sim;-15.59517546536165;-56.12032431593758;;2025-09-03
6115918;ODONTOFISIO;TARTARI ODONTOLOGIA EIRELI;510340;Cuiabá;Sim;Sim;PORTO;MIGUEL SUTIL;MUNICIPAL;;ATENDIMENTOS NOS TURNOS DA MANHA E A TARDE;36;M;Não;Não;NAO;Não;Não;Não;Sim;-15.617699677342738;-56.12312021666957;65 36378888;2025-11-13
6117147;SOMIC;SOCIEDADE DE MEDICOS IMAG DE CUIABA S C;510340;Cuiabá;Sim;Sim;CENTRO SUL;RUA BARAO DE MELGACO;MUNICIPAL;;ATENDIMENTOS NOS TURNOS DA MANHA E A TARDE;39;M;Não;Não;NAO;Não;Não;Não;Não;-15.596;-56.097;3617-5500;2025-09-03
6117201;GISELE BIANCHINI MACACCHERO FEGURI;GISELE BIANCHINI MACACCHERO FEGURI;510340;Cuiabá;Sim;Sim;JD MARIANA;AV MIGUEL SUTIL;MUNICIPAL;;ATENDIMENTOS NOS TURNOS DA MANHA E A TARDE;22;M;Não;Não;NAO;Não;Não;Não;Sim;-15.579465344750101;-56.110251442667995;3626-3512;2025-09-03
6117538;ANTONIO FLORENCIO DE OLIVEIRA FILHO;ANTONIO FLORENCIO DE OLIVEIRA FILHO;510340;Cuiabá;Sim;Sim;CENTRO SUL;RUA BARAO DE MELGACO;MUNICIPAL;;ATENDIMENTOS NOS TURNOS DA MANHA E A TARDE;22;M;Não;Não;NAO;Não;Não;Não;Sim;-15.594490971787952;-56.095753633506085;(65) 3321-1598;2025-10-11
6121071;ARMANDO MARQUES MARTINS;ARMANDO MARQUES MARTINS;510340;Cuiabá;Sim;Sim;CENTRO SUL;RUA DESEMBRAGADOR FERREIRA MENDES;MUNICIPAL;;ATENDIMENTOS NOS TURNOS DA MANHA E A TARDE;22;M;Não;Não;NAO;Não;Não;Não;Sim;-15.56983330163901;-56.073355078697205;3623-0881;2025-09-03
6121853;ESCRITORIO REGIONAL DE SAUDE DA BAIXADA CUIABANA;SECRETARIA ESTADUAL DE SAUDE DE MATO GROSSO;510340;Cuiabá;Sim;Sim;JD DAS AMERICAS;RUA GUADALAJARA;ESTADUAL;;ATENDIMENTOS NOS TURNOS DA MANHA E A TARDE;68;E;;Não;SIM;;;;Não;-15.612652453785092;-56.07292592525482;(065) 3324-1081-1082;2026-05-14
6124194;DANIELA MARIA ROSSETTO;DANIELA MARIA ROSSETTO;510340;Cuiabá;Sim;Sim;CENTRO SUL;RUA COMANDANTE COSTA;MUNICIPAL;;ATENDIMENTOS NOS TURNOS DA MANHA E A TARDE;22;M;Não;Não;NAO;Não;Não;Não;Sim;-15.60117568533456;-56.103588549447565;(65) 3623-8521;2025-09-03
6129471;SANTA ROSA COR;INSTITUTO DE CARDIOLOGIA SANTA ROSA LTDA;510340;Cuiabá;Sim;Sim;JD MARIANA;RUA ADEL MALOUF;MUNICIPAL;;ATENDIMENTO NOS TURNOS DA MANHA, TARDE E NOITE;39;M;Não;Não;NAO;Não;Não;Não;Sim;-15.578824134888944;-56.1106190466311;(65) 3626-3066;2025-09-03
6138241;JOSE MAMEDE BIANCARDINI;JOSE MAMEDE BIANCARDINI;510340;Cuiabá;Sim;Sim;BAU;AV HISTORIADOR RUBENS DE MENDONCA;MUNICIPAL;;ATENDIMENTO SOMENTE A TARDE;22;M;Não;Não;NAO;Não;Não;Não;Não;-15.590477471957408;-56.087232880732024;9981-7223;2025-09-03
6140661;JOSE AUGUSTO DE ROYA FREIRE;JOSE AUGUSTO DE ROYA FREIRE;510340;Cuiabá;Sim;Sim;CENTRO;AV ISAAC POVOAS;MUNICIPAL;;ATENDIMENTOS NOS TURNOS DA MANHA E A TARDE;22;M;Não;Não;NAO;Não;Não;Não;Sim;-15.5963647540559;-56.100174554124884;;2025-09-03
6141102;UNILASER;UNIDADE LASER DE CORRECAO VISUAL LTDA;510340;Cuiabá;Sim;Sim;DUQUE DE CAXIAS;RUA RAMIRO DE NORONHA;MUNICIPAL;;ATENDIMENTOS NOS TURNOS DA MANHA E A TARDE;22;M;Não;Não;NAO;Não;Não;Não;Sim;-15.594679145410646;-56.11271022546062;3027-9999;2025-09-03
6143962;CLINICA DR MARCELO SANDRIN;CLINICA DR MARCELO SANDRIN LTDA;510340;Cuiabá;Sim;Sim;ARAES;MARECHAL DEODORO;MUNICIPAL;;ATENDIMENTOS NOS TURNOS DA MANHA E A TARDE;36;M;Não;Não;NAO;Não;Não;Não;Sim;-15.58409630136553;-56.093989806344936;65 33225186;2025-09-03
6145280;IRINEU DAMIANO ROSA;IRINEU DAMIANO ROSA;510340;Cuiabá;Sim;Sim;MORADA DA SERRA;RUA BENJAMIN PEDROSO DA SILVA;MUNICIPAL;;ATENDIMENTO SOMENTE A TARDE;22;M;Não;Não;NAO;Não;Não;Não;Não;-15.55738843995332;-56.049477144139864;3641-2333;2025-09-03
6145388;ENDOGIN CENTRO DE ENDOSCOPIA GINICOLOGICA;O M DA SILVA;510340;Cuiabá;Sim;Sim;CENTRO;AV DOM BOSCO;MUNICIPAL;;ATENDIMENTOS NOS TURNOS DA MANHA E A TARDE;22;M;Não;Não;NAO;Não;Não;Não;Sim;-15.5952461;-56.1092816;3617-5500;2025-09-03
6145434;GISLENE LINS BEAUMONT;GISLENE LINS BEAUMONT;510340;Cuiabá;Sim;Sim;BAU;RUA CORUMBA;MUNICIPAL;;ATENDIMENTO SOMENTE A TARDE;22;M;Não;Não;NAO;Não;Não;Não;Sim;-15.592673020547789;-56.08988403199673;3321-2277;2025-10-17
6145558;CENTRO CLINICA;CENTRO CLINICA LTDA;510340;Cuiabá;Sim;Sim;CENTRO;CANDIDO MARIANO;MUNICIPAL;;ATENDIMENTOS NOS TURNOS DA MANHA E A TARDE;36;M;Não;Não;NAO;Não;Não;Não;Sim;-15.593615786605474;-56.09892817116437;;2025-10-11
6145647;MED SALVA CUIABA EMERGENCIAS MEDICAS;VALPAMED SERVICOS DE ASSISTENCIA A SAUDE LTDA;510340;Cuiabá;Sim;Sim;GOIABEIRAS;AV DOM BOSCO;MUNICIPAL;;ATENDIMENTO CONTINUO DE 24 HORAS/DIA (PLANTAO:INCLUI SABADOS, DOMINGOS E FERIADOS);42;M;;Não;NAO;;;;Sim;;;2028-3000;2025-09-03
6146716;NATASHA PINHEIRO CREPALDI;NATASHA PINHEIRO CREPALDI;510340;Cuiabá;Sim;Sim;QUILOMBO;AV SENADOR FILINTO MULLER;MUNICIPAL;;ATENDIMENTOS NOS TURNOS DA MANHA E A TARDE;22;M;Não;Não;NAO;Não;Não;Não;Sim;-15.58598354800679;-56.103932262939864;3321-3565;2025-11-13
6149693;MAMAE CANGURU LTDA;MAMAE CANGURU LTDA;510340;Cuiabá;Sim;Sim;CONSIL;P;MUNICIPAL;;ATENDIMENTO CONTINUO DE 24 HORAS/DIA (PLANTAO:INCLUI SABADOS, DOMINGOS E FERIADOS);7;M;Sim;Sim;NAO;Não;Não;Sim;Sim;-15.583875766985344;-56.08340327971888;;2025-09-03
6152708;CLINICA GALHARDO;CLINICA GALHARDO LTDA;510340;Cuiabá;Sim;Sim;BOSQUE DA SAUDE;HISTORIADOR RUBENS DE MENDONCA;MUNICIPAL;;ATENDIMENTOS NOS TURNOS DA MANHA E A TARDE;22;M;Não;Não;NAO;Não;Não;Não;Sim;-15.585172060540678;-56.08115188932823;65 99824277;2025-10-11
6159877;INMAGI DIAGNOSTICO POR IMAGEM LTDA;INMAGI DIAGNOSTICO POR IMAGEM LTDA;510340;Cuiabá;Sim;Sim;DUQUE DE CAXIAS;RUA ALMIRANTE HENRIQUE PINHEIRO GUEDES;MUNICIPAL;;ATENDIMENTOS NOS TURNOS DA MANHA E A TARDE;36;M;Não;Não;NAO;Não;Não;Não;Sim;-15.58767279777959;-56.113908327202545;(65) 3623-4995;2025-11-04
6162746;ELIANE PARO;ELIANE PARO;510340;Cuiabá;Sim;Sim;JD CUIABA;RUA DOS LIRIOS;MUNICIPAL;;ATENDIMENTOS NOS TURNOS DA MANHA E A TARDE;22;M;Não;Não;NAO;Não;Não;Não;Não;;;(65) 3322-2504;2025-09-03
6221327;CRISTIANE MARIA LENZI SCHAAB;CRISTIANE MARIA LENZI SCHAAB;510340;Cuiabá;Sim;Sim;BAU;RUA CORUMBA;MUNICIPAL;;ATENDIMENTO SOMENTE A TARDE;22;M;Não;Não;NAO;Não;Não;Não;Não;-15.591980487073226;-56.10490427143273;3052-7899;2025-10-17
6177409;ODONTOMED ODONTOLOGIA INTEGRADA;ODONTOLOGIA ARRUDA SOCIEDADE LTDA;510340;Cuiabá;Sim;Sim;BAU;RUA PROFESSOR JOAO FELIX;MUNICIPAL;;ATENDIMENTOS NOS TURNOS DA MANHA E A TARDE;22;M;Não;Não;NAO;Não;Não;Não;Sim;-15.593576824612885;-56.08674018028025;(65) 3023-5926;2025-11-13
6179894;KATIA ROBERTA VAREJAO GOBBI CASELI;KATIA ROBERTA VAREJAO GOBBI CASELI;510340;Cuiabá;Sim;Sim;BAU;RUA H;MUNICIPAL;;ATENDIMENTOS NOS TURNOS DA MANHA E A TARDE;22;M;Não;Não;NAO;Não;Não;Não;Sim;-15.590017912068966;-56.082649062882304;3023-2313;2025-09-03
6180698;RENATA FRANCO PEREIRA;RENATA FRANCO PEREIRA;510340;Cuiabá;Sim;Sim;POPULAR;AV ISAAC POVOAS;MUNICIPAL;;ATENDIMENTOS NOS TURNOS DA MANHA E A TARDE;22;M;Não;Não;NAO;Não;Não;Não;Sim;-15.592935873627177;-56.10538617767873;3624-6360;2025-11-27
6184863;GREICY COUTINHO LESSA;GREICY COUTINHO LESSA;510340;Cuiabá;Sim;Sim;CENTRO NORTE;AV PRESIDENTE MARQUES;MUNICIPAL;;ATENDIMENTOS NOS TURNOS DA MANHA E A TARDE;22;M;Não;Não;NAO;Não;Não;Não;Sim;-15.58891848627075;-56.09851129240197;(65) 3624-1998;2025-11-04
6185479;ANGELA EMIKO YONEZAWA;ANGELA EMIKO YONEZAWA;510340;Cuiabá;Sim;Sim;BOSQUE DA SAUDE;AV HISTORIADOR RUBENS DE MENDONCA;MUNICIPAL;;ATENDIMENTO SOMENTE A TARDE;22;M;Não;Não;NAO;Não;Não;Não;Sim;;;(65) 3642-3481;2025-09-03
6191762;SOLMED;SOLMED SOLUCOES MEDICAS NA SAUDE LTDA;510340;Cuiabá;Sim;Sim;CENTRO SUL;AV DOM BOSCO;MUNICIPAL;;ATENDIMENTO CONTINUO DE 24 HORAS/DIA (PLANTAO:INCLUI SABADOS, DOMINGOS E FERIADOS);42;M;;Não;NAO;;;;Sim;;;;2025-09-03
6199186;FEMINA MEDICOS ASSOCIADOS;FEMINA MEDICOS ASSOCIADOS LTDA;510340;Cuiabá;Sim;Sim;LIXEIRA;CORUMBA;MUNICIPAL;;ATENDIMENTO SOMENTE PELA MANHA;22;M;Não;Não;NAO;Não;Não;Não;Sim;-15.596;-56.097;065 6248700;2025-09-03
6201393;REABRINCARTE;S T G BARBOSA;510340;Cuiabá;Sim;Sim;COOPHAMIL;AV MIGUEL SUTIL;MUNICIPAL;;ATENDIMENTOS NOS TURNOS DA MANHA E A TARDE;36;M;Não;Não;NAO;Não;Não;Não;Sim;-15.621358516390949;-56.119546754143826;3637-4539;2025-09-03
6204538;MERIDIAN BEM ESTAR2;MICHELLE M FARIAS GOMES;510340;Cuiabá;Sim;Sim;CPA III SETOR 2;04;MUNICIPAL;;ATENDIMENTOS NOS TURNOS DA MANHA E A TARDE;36;M;Não;Não;NAO;Não;Não;Não;Sim;-15.580046417140611;-56.04168589792485;65 30252008;2025-11-27
6204570;JANAINA DE MEDEIROS CAMPOS;JANAINA DE MEDEIROS CAMPOS;510340;Cuiabá;Sim;Sim;JARDIM KENNEDY;AV FERNANDO CORREA DA COSTA;MUNICIPAL;;ATENDIMENTOS NOS TURNOS DA MANHA E A TARDE;22;M;Não;Não;NAO;Não;Não;Não;Sim;-15.610759259557963;-56.07811033267742;(65) 3028-6557;2025-09-03
6207901;PRYSMA HOME CARE E REMOCAO;PRYSMA CENTRO DE SAUDE INTEGRADA LTDA;510340;Cuiabá;Sim;Sim;JARDIM CUIABA;DOS MIOSOTIS;MUNICIPAL;;ATENDIMENTO CONTINUO DE 24 HORAS/DIA (PLANTAO:INCLUI SABADOS, DOMINGOS E FERIADOS);42;M;;Não;NAO;;;;Sim;-15.594456536315114;-56.119539938207744;65 30287328;2026-03-10
6213634;CUIDARE;COOPERATIVA DE PROFISSIONAL DE ENFERMAGEM;510340;Cuiabá;Sim;Sim;CENTRO NORTE;AV MARECHAL DEODORO;MUNICIPAL;;;60;M;;Não;NAO;;;;Não;-15.59476022097227;-56.1006867335037;(65) 3623-4302;2025-09-03
6214118;CLINICA DE FISIOTERAPIA RESPIRAR;CLINICA DE FISIOTERAPIA FISIOCARDIO LTDA;510340;Cuiabá;Sim;Sim;BOSQUE DA SAUDE;ACLIMACAO;MUNICIPAL;;ATENDIMENTO NOS TURNOS DA MANHA, TARDE E NOITE;36;M;Não;Não;SIM;Não;Não;Não;Sim;-15.587059350614332;-56.07758221326668;65 30512341;2025-09-03
6217230;FISIOLIFE FISIOTERAPIA;L S SUGAHARA;510340;Cuiabá;Sim;Sim;CENTRO;RUA MARECHAL DEODORO;MUNICIPAL;;ATENDIMENTOS NOS TURNOS DA MANHA E A TARDE;36;M;Não;Não;NAO;Não;Não;Não;Sim;-15.594759521067688;-56.10067819597346;;2025-09-03
6217427;CENTRO RADIOLOGICO CPA;CENTRO RADIOLOGICO CPA LTDA;510340;Cuiabá;Sim;Sim;MORADA DA SERRA;RUA PELOTAS;MUNICIPAL;;ATENDIMENTOS NOS TURNOS DA MANHA E A TARDE;36;M;Não;Não;NAO;Não;Não;Não;Sim;;;(65) 3025-7642;2025-09-03
6225047;AME;ASSOCIACAO MATO GROSSENSE DE EQUOTERAPIA E ESPORTE EQUESTRE;510340;Cuiabá;Sim;Sim;COOPHAMIL;AV MIGUEL SUTIL;MUNICIPAL;;ATENDIMENTOS NOS TURNOS DA MANHA E A TARDE;36;M;Não;Não;NAO;Não;Não;Não;Não;-15.5920518;-56.0800119;(65) 3637-4539;2025-09-03
6225659;USF NOVO MILLENIUM;PREFEITURA MUNICIPAL DE CUIABA;510340;Cuiabá;Sim;Sim;NOVO MILLENIUM;RUA 02 QDR 05;MUNICIPAL;;ATENDIMENTOS NOS TURNOS DA MANHA E A TARDE;2;M;Não;Não;SIM;Não;Não;Não;Sim;-15.616162875875865;-56.007986374439064;(65) 3617-1862/1869;2025-09-03
6225845;USF CINTURAO VERDE;PREFEITURA MUNICIPAL DE CUIABA;510340;Cuiabá;Sim;Sim;PEDRA 90;AV NILTON RABELO DE CASTRO;MUNICIPAL;;ATENDIMENTOS NOS TURNOS DA MANHA E A TARDE;2;M;Não;Não;SIM;Não;Não;Não;Sim;-15.636213669055994;-55.94706148954814;(65) 3617-1951/1952;2025-09-03
6225853;USF SERRA DOURADA;PREFEITURA MUNICIPAL DE CUIABA;510340;Cuiabá;Sim;Sim;OURO FINO;AV BRASIL;MUNICIPAL;;ATENDIMENTOS NOS TURNOS DA MANHA E A TARDE;2;M;Não;Não;SIM;Não;Não;Não;Sim;-15.637475943200485;-55.980115376731376;(65) 3617-1464;2025-09-03
6225861;USF JARDIM FORTALEZA;PREFEITURA MUNICIPAL DE CUIABA;510340;Cuiabá;Sim;Sim;JARDIM FORTALEZA;RUA F12;MUNICIPAL;;ATENDIMENTOS NOS TURNOS DA MANHA E A TARDE;2;M;Não;Não;SIM;Não;Não;Não;Sim;-15.617488062126322;-55.99596284159754;(65) 3617-1638;2025-09-03
6225888;USF NOVA ESPERANCA;PREFEITURA MUNICIPAL DE CUIABA;510340;Cuiabá;Sim;Sim;NOVA ESPERANCA;TRAVESSA J;MUNICIPAL;;ATENDIMENTOS NOS TURNOS DA MANHA E A TARDE;2;M;Não;Não;SIM;Não;Não;Não;Sim;-15.6461014;-55.9734564;(65) 3617-1301/1300;2025-09-03
6225896;USF TERRA NOVA;PREFEITURA MUNICIPAL DE CUIABA;510340;Cuiabá;Sim;Sim;TERRA NOVA;AV SENEGAL;MUNICIPAL;;ATENDIMENTOS NOS TURNOS DA MANHA E A TARDE;2;M;Não;Não;SIM;Não;Não;Não;Sim;-15.582078547511761;-56.0737060590923;(65) 3617-1879/1870;2025-09-03
6225926;USF PEDREGAL;PREFEITURA MUNICIPAL DE CUIABA;510340;Cuiabá;Sim;Sim;PEDREGAL;RUA TAIAMA;MUNICIPAL;;ATENDIMENTOS NOS TURNOS DA MANHA E A TARDE;2;M;Não;Não;SIM;Não;Não;Não;Sim;-15.6000068;-56.0675816;(65) 3617-1711;2025-09-03
6226124;USF PARQUE ATALAIA;PREFEITURA MUNICIPAL DE CUIABA;510340;Cuiabá;Sim;Sim;PARQUE ATALAIA;RUA D;MUNICIPAL;;ATENDIMENTOS NOS TURNOS DA MANHA E A TARDE;2;M;Não;Não;SIM;Não;Não;Não;Sim;-15.660385819278002;-56.05533750381305;36177339;2025-09-03
6226132;USF RENASCER ADELAIDE ALVES DA SILVA;PREFEITURA MUNICIPAL DE CUIABA;510340;Cuiabá;Sim;Sim;PEDREGAL;RUA ROSARIO OESTE;MUNICIPAL;;ATENDIMENTOS NOS TURNOS DA MANHA E A TARDE;2;M;Não;Não;SIM;Não;Não;Não;Sim;-15.599333856957717;-56.06718807161255;(65) 3617-1717;2025-09-03
6226159;USF JARDIM INDUSTRIARIO;PREFEITURA MUNICIPAL DE CUIABA;510340;Cuiabá;Sim;Sim;JARDIM INDUSTRIARIO;RUA 20;MUNICIPAL;;ATENDIMENTOS NOS TURNOS DA MANHA E A TARDE;2;M;Não;Não;SIM;Não;Não;Não;Sim;-15.650417799031313;-55.98032308666685;(65) 3617-1308/1309;2025-09-03
6229514;NOELANI LEW;NOELANI LEW;510340;Cuiabá;Sim;Sim;TIJUCAL;AV EDSON LUIS DA SILVA;MUNICIPAL;;ATENDIMENTOS NOS TURNOS DA MANHA E A TARDE;22;M;Não;Não;NAO;Não;Não;Não;Sim;-15.63200105845574;-56.008756304102405;(65) 3665-1357;2025-09-03
6229557;PATRICIA ATHAYDE FIRMIANO E OUTRAS;PATRICIA ATHAYDE FIRMIANO E OUTRAS;510340;Cuiabá;Sim;Sim;CENTRO SUL;RUA BARAO DE MELGACO;MUNICIPAL;;ATENDIMENTOS NOS TURNOS DA MANHA E A TARDE;22;M;Não;Não;NAO;Não;Não;Não;Sim;-15.6021801;-56.1017305;(65) 3028-2263;2025-09-03
6230210;ROSANA CRISTINA DE FIGUEIREDO MORAES;ROSANA CRISTINA DE FIGUEIREDO MORAES;510340;Cuiabá;Sim;Sim;JARDIM CUIABA;AVENIDA DAS FLORES;MUNICIPAL;;ATENDIMENTOS NOS TURNOS DA MANHA E A TARDE;22;M;Não;Não;NAO;Não;Não;Não;Sim;-15.595234703167455;-56.11336798972646;;2025-09-03
6234038;JORGE LUIZ RIZZARDI;JORGE LUIZ RIZZARDI;510340;Cuiabá;Sim;Sim;JARDIM MARIANA;AVENIDA MIGUEL SUTIL;MUNICIPAL;;ATENDIMENTOS NOS TURNOS DA MANHA E A TARDE;22;M;Não;Não;NAO;Não;Não;Não;Sim;-15.5876918;-56.0844745;(65) 3025-1400;2025-09-03
6233139;ROBERTA GIAMPANI;ROBERTA GIAMPANI;510340;Cuiabá;Sim;Sim;JARDIM CUIABA;AVENIDA DAS FLORES;MUNICIPAL;;ATENDIMENTOS NOS TURNOS DA MANHA E A TARDE;22;M;Não;Não;NAO;Não;Não;Não;Sim;;;(65) 3624-2222;2025-09-03
6234674;BETHANIA LIA FERRARI;BETHANIA LIA FERRARI;510340;Cuiabá;Sim;Sim;ALVORADA;AV HIST RUBENS DE MENDONCA;MUNICIPAL;;ATENDIMENTOS NOS TURNOS DA MANHA E A TARDE;22;M;Não;Não;NAO;Não;Não;Não;Sim;-15.587591940030519;-56.08330908357668;65 3041-2700;2025-09-03
6235042;MEIRE HERIS MARTINEZ NEVES RIBEIRO;MEIRE HERIS MARTINEZ NEVES RIBEIRO;510340;Cuiabá;Sim;Sim;JARDIM ACLIMACAO;AVENIDA HISTORIADOR RUBENS DE MENDONCA;MUNICIPAL;;ATENDIMENTOS NOS TURNOS DA MANHA E A TARDE;22;M;Não;Não;NAO;Não;Não;Não;Sim;-15.582833773004976;-56.07726720777644;(65) 3027-5779;2025-09-03
6239013;ADRIANA CANDIDA ALBUQUERQUE NOGUEIRA;ADRIANA CANDIDA ALBUQUERQUE NOGUEIRA;510340;Cuiabá;Sim;Sim;JARDIM ACLIMACAO;AVENIDA HISTORIADOR RUBENS DE MENDONCA;MUNICIPAL;;ATENDIMENTOS NOS TURNOS DA MANHA E A TARDE;22;M;Não;Não;NAO;Não;Não;Não;Sim;-15.585223999374975;-56.07982502962683;65 999727752;2025-09-03
6239978;RENATO ANDRE VAZ DALL ACQUA;RENATO ANDRE VAZ DALL ACQUA;510340;Cuiabá;Sim;Sim;CENTRO SUL;RUA TREZE DE JUNHO;MUNICIPAL;;ATENDIMENTOS NOS TURNOS DA MANHA E A TARDE;22;M;Não;Não;NAO;Não;Não;Não;Sim;-15.604344259806826;-56.100419088319086;;2025-11-27
6239986;LILIAN LIMA DO CARMO BETONI;LILIAN LIMA DO CARMO BETONI;510340;Cuiabá;Sim;Sim;JARDIM MARIANA;AVENIDA MIGUEL SUTIL;MUNICIPAL;;ATENDIMENTOS NOS TURNOS DA MANHA E A TARDE;22;M;Não;Não;NAO;Não;Não;Não;Sim;-15.598651426077009;-56.08528278579645;;2025-11-13
6240534;CARLOS RODRIGO BARROS DE SIQUEIRA;CARLOS RODRIGO BARROS DE SIQUEIRA;510340;Cuiabá;Sim;Sim;BOSQUE DA SAUDE;RUA SAFIRA;MUNICIPAL;;ATENDIMENTOS NOS TURNOS DA MANHA E A TARDE;22;M;Não;Não;NAO;Não;Não;Não;Sim;-15.588523638294575;-56.079166469488335;(65) 3642-1346;2025-09-03
6242499;DANIELLE CHRISTIAN DE ARRUDA COSTA;DANIELLE CHRISTIAN DE ARRUDA COSTA;510340;Cuiabá;Sim;Sim;BANDEIRANTES;RUA BALTAZAR NAVARROS;MUNICIPAL;;ATENDIMENTOS NOS TURNOS DA MANHA E A TARDE;22;M;Não;Não;NAO;Não;Não;Não;Não;;;(65) 3322-8403;2025-09-03
6242545;CEOM;CEOM CENTRO DE ONCOLOGIA MEDICA LTDA;510340;Cuiabá;Sim;Sim;MORADA DA SERRA;AVENIDA HISTORIADOR RUBENS DE MENDONCA;MUNICIPAL;;ATENDIMENTOS NOS TURNOS DA MANHA E A TARDE;36;M;Não;Não;NAO;Não;Não;Não;Sim;-15.553723993303155;-56.05732258728036;(65) 3641-7471;2025-09-03
6244769;MARA ANDREIA CANNO BETONI;MARA ANDREIA CANNO BETONI;510340;Cuiabá;Sim;Sim;BOSQUE DA SAUDE;AV HISTORIADOR RUBENS DE MENDONCA;MUNICIPAL;;ATENDIMENTOS NOS TURNOS DA MANHA E A TARDE;22;M;Não;Não;NAO;Não;Não;Não;Sim;-15.589268229283379;-56.080476271753476;3642-3131;2025-11-27
6245765;AGAPE;AGAPE INSTITUTO MEDICO S C LTDA;510340;Cuiabá;Sim;Sim;BOSQUE DA SAUDE;AVENIDA HISTORIADOR RUBENS DE MENDONCA;MUNICIPAL;;ATENDIMENTOS NOS TURNOS DA MANHA E A TARDE;36;M;Não;Não;NAO;Não;Não;Não;Sim;-15.581539221626942;-56.07757396319396;(65) 3641-0101;2025-09-03
6247148;THIAGO IAFELICE DOS SANTOS;THIAGO IAFELICE DOS SANTOS;510340;Cuiabá;Sim;Sim;JARDIM CUIABA;AVENIDA DAS FLORES;MUNICIPAL;;ATENDIMENTOS NOS TURNOS DA MANHA E A TARDE;22;M;Não;Não;NAO;Não;Não;Não;Sim;;;;2025-09-03
6247180;J D DERMATOLOGIA MEDICINA E ESTETICA LTDA;J D DERMATOLOGIA MEDICINA E ESTETICA LTDA;510340;Cuiabá;Sim;Sim;GOIABEIRAS;AVENIDA GETULIO VARGAS;MUNICIPAL;;ATENDIMENTOS NOS TURNOS DA MANHA E A TARDE;22;M;Não;Não;NAO;Não;Não;Não;Sim;-15.6583614;-56.1863955;(65) 3623-3323;2025-09-03
6266096;JANAINA KARLA LUGOKENSKI;JANAINA KARLA LUGOKENSKI;510340;Cuiabá;Sim;Sim;POPULAR;RUA ESTEVAO DE MENDONCA;MUNICIPAL;;ATENDIMENTOS NOS TURNOS DA MANHA E A TARDE;22;M;Não;Não;NAO;Não;Não;Não;Sim;-15.585804;-56.1019267;65 3623-0137;2025-09-03
6271820;LILIAN FABIANA PEREIRA LEITE;LILIAN FABIANA PEREIRA LEITE;510340;Cuiabá;Sim;Sim;JARDIM CUIABA;RUA DAS MARGARIDAS;MUNICIPAL;;ATENDIMENTOS NOS TURNOS DA MANHA E A TARDE;22;M;Não;Não;NAO;Não;Não;Não;Sim;-15.597021603565869;-56.114531058443156;65-3624-3944;2025-09-03
6278094;LABORATORIO CARLOS CHAGAS UNIDADE CPA;LABORATORIO CARLOS CHAGAS LTDA;510340;Cuiabá;Sim;Sim;CPA I;RIBEIRAO PRETO;MUNICIPAL;;ATENDIMENTOS NOS TURNOS DA MANHA E A TARDE;39;M;;Não;NAO;;;;Não;-15.555990770599388;-56.0539823904744;65 39014700;2025-09-03
6278108;LABORATORIO CARLOS CHAGAS UNIDADE JARDIM CUIABA;LABORATORIO CARLOS CHAGAS S C;510340;Cuiabá;Sim;Sim;JARDIM CUIABA;AVENIDA DAS FLORES;MUNICIPAL;;ATENDIMENTOS NOS TURNOS DA MANHA E A TARDE;39;M;;Não;NAO;;;;Não;-15.59489526807444;-56.116671085384205;(65) 3901-4724;2025-11-13
6278124;LABORATORIO CARLOS CHAGAS UNIDADE GOIABEIRAS;LABORATORIO CARLOS CHAGAS S C;510340;Cuiabá;Sim;Sim;DUQUE DE CAXIAS;RUA ALMIRANTE HENRIQUE PINHEIRO GUEDES;MUNICIPAL;;ATENDIMENTOS NOS TURNOS DA MANHA E A TARDE;39;M;;Não;NAO;;;;Não;-15.596;-56.097;;2025-09-03
6281052;CAROLINA PINHEIRO RAMAZOTI;CAROLINA PINHEIRO RAMAZOTI;510340;Cuiabá;Sim;Sim;CENTRO SUL;RUA BARAO DE MELGACO;MUNICIPAL;;ATENDIMENTOS NOS TURNOS DA MANHA E A TARDE;22;M;Não;Não;NAO;Não;Não;Não;Não;-15.6039709637804;-56.1043225517544;(65) 3623-8227;2025-09-03
6288790;MARISTELA BORGES DE MOURA FRAGA;MARISTELA BORGES DE MOURA FRAGA;510340;Cuiabá;Sim;Sim;GOIABEIRAS;AVENIDA SENADOR FILINTO MULLER;MUNICIPAL;;ATENDIMENTOS NOS TURNOS DA MANHA E A TARDE;22;M;Não;Não;NAO;Não;Não;Não;Não;-15.593092779592956;-56.10890237629324;(65) 3621-5554;2025-09-03
6292402;ANDREA FETTER TORRACA LTDA;ANDREA FETTER TORRACA LTDA;510340;Cuiabá;Sim;Sim;JARDIM CUIABA;DAS ORQUIDEAS;MUNICIPAL;;ATENDIMENTOS NOS TURNOS DA MANHA E A TARDE;36;M;Não;Não;NAO;Não;Não;Não;Não;-15.595765330590384;-56.1168637265954;65 30287328;2025-10-17
6295487;MARILIA GABRIELA RORATO;MARILIA GABRIELA RORATO;510340;Cuiabá;Sim;Sim;JD CUIABA;AV DAS FLORES;MUNICIPAL;;ATENDIMENTOS NOS TURNOS DA MANHA E A TARDE;22;M;Não;Não;NAO;Não;Não;Não;Não;-15.5945002;-56.1205235;65-30513567;2025-09-03
6296858;POLICLINICA DO PEDRA 90;PREFEITURA MUNICIPAL DE CUIABA;510340;Cuiabá;Sim;Sim;PEDRA 90;AVENIDA NEWTON RABELLO DE CASTRO;MUNICIPAL;;ATENDIMENTO CONTINUO DE 24 HORAS/DIA (PLANTAO:INCLUI SABADOS, DOMINGOS E FERIADOS);4;M;Não;Não;SIM;Não;Não;Não;Sim;-15.635642035590434;-55.947425365448;;2025-10-17
6303129;CARLOS EDUARDO DE ALMEIDA BOURET;CARLOS EDUARDO DE ALMEIDA BOURET;510340;Cuiabá;Sim;Sim;JD MARIANA;AV MIGUEL SUTIL;MUNICIPAL;;ATENDIMENTOS NOS TURNOS DA MANHA E A TARDE;22;M;Não;Não;NAO;Não;Não;Não;Não;-15.578942798528239;-56.11031313350664;3618-8122;2025-10-11
6310915;CANDICE CASTRO DE BARROS TAQUES;CANDICE CASTRO DE BARROS TAQUES;510340;Cuiabá;Sim;Sim;BOSQUE DA SAUDE;AVENIDA ACLIMACAO;MUNICIPAL;;ATENDIMENTOS NOS TURNOS DA MANHA E A TARDE;22;M;Não;Não;NAO;Não;Não;Não;Não;-15.586831916075724;-56.07804710894101;(65) 2121-6425;2025-09-03
6313515;IAFELICE E MILANEZ ODONTOLOGIA;SANTOS MOREIRA JUNIOR LTDA;510340;Cuiabá;Sim;Sim;JARDIM CUIABA;AV DAS FLORES;MUNICIPAL;;ATENDIMENTOS NOS TURNOS DA MANHA E A TARDE;36;M;Não;Não;NAO;Não;Não;Não;Sim;;;(65) 3623-2312;2025-09-03
6313574;ANA AMELIA DO NASCIMENTO CUNHA DA ROSA;ANA AMELIA DO NASCIMENTO CUNHA DA ROSA;510340;Cuiabá;Sim;Sim;BOSQUE DA SAUDE;AV ACLIMACAO;MUNICIPAL;;ATENDIMENTOS NOS TURNOS DA MANHA E A TARDE;22;M;Não;Não;NAO;Não;Não;Não;Não;-15.5873908;-56.0778205;(65) 2121-6425;2025-09-03
6317847;CONSULTORIO DE PSICOLOGIA;VALERIA DA COSTA MARQUES VUOLO;510340;Cuiabá;Sim;Sim;CENTRO NORTE;RUA BATISTA DAS NEVES;MUNICIPAL;;ATENDIMENTOS NOS TURNOS DA MANHA E A TARDE;22;M;Não;Não;NAO;Não;Não;Não;Não;-15.5940403;-56.0976054;(65) 3321-7061;2025-09-03
6326781;FRANCISCO AURELIO DA SILVA CAMPOS FILHO;FRANCISCO AURELIO DA SILVA CAMPOS FILHO;510340;Cuiabá;Sim;Sim;DUQUE DE CAXIAS;RUA MARECHAL FLORIANO PEIXOTO;MUNICIPAL;;ATENDIMENTO SOMENTE A TARDE;22;M;Não;Não;NAO;Não;Não;Não;Não;-15.587073583298807;-56.10969057256767;(65)3023-3797;2025-09-03
6331378;VISAO OFTALMOLOGIA;CENTRO CUIABANO DE EXCELENCIA EM OFTALMOLOGIA LTDA;510340;Cuiabá;Sim;Sim;ARAES;DESEMBARGADOR TRIGO DE LOUREIRO;DUPLA;;ATENDIMENTOS NOS TURNOS DA MANHA E A TARDE;7;D;Sim;Sim;SIM;Sim;Não;Não;Sim;-15.589598289175788;-56.08816623687744;65 30522435;2025-09-03
6331157;ROSITA RIBEIRO DA SILVA;ROSITA RIBEIRO DA SILVA;510340;Cuiabá;Sim;Sim;CENTRO;AVENIDA ISAAC POVOAS;MUNICIPAL;;ATENDIMENTOS NOS TURNOS DA MANHA E A TARDE;22;M;Não;Não;NAO;Não;Não;Não;Sim;-15.596532089155577;-56.10012648720493;065 (3624-4937);2025-11-27
6338291;MAMEDE RODER FILHO;MAMEDE RODER FILHO;510340;Cuiabá;Sim;Sim;QUILOMBO;AVENIDA PRESIDENTE MARQUES;MUNICIPAL;;ATENDIMENTO SOMENTE A TARDE;22;M;Não;Não;NAO;Não;Não;Não;Sim;-15.591351269658668;-56.100217041876;;2025-09-03
6346480;HELLEN CARLA ALVES DA SILVA;HELLEN CARLA ALVES DA SILVA;510340;Cuiabá;Sim;Sim;JARDIM CUIABA;AVENIDA DAS FLORES;MUNICIPAL;;ATENDIMENTO SOMENTE A TARDE;22;M;Não;Não;NAO;Não;Não;Não;Sim;-15.594532800705027;-56.119397061117574;(65) 3025-5737;2025-09-03
6351948;REGINA REZENDE DA SILVA;REGINA REZENDE DA SILVA;510340;Cuiabá;Sim;Sim;JD CUIABA;RUA DAS PAPOULAS;MUNICIPAL;;ATENDIMENTOS NOS TURNOS DA MANHA E A TARDE;22;M;Não;Não;NAO;Não;Não;Não;Sim;-15.596728885585922;-56.1147550984986;3624-0504;2025-11-27
6356796;CLINICA DE OLHOS DRA EUNICE MARTINS;EUNICE MARTINS DE SOUZA E SILVA E CIA LTDA;510340;Cuiabá;Sim;Sim;POCAO;CEL MIRANDA REIS;MUNICIPAL;;ATENDIMENTOS NOS TURNOS DA MANHA E A TARDE;36;M;Não;Não;NAO;Não;Não;Não;Sim;-15.603166148338662;-56.08995199822817;65 36211309;2025-10-11
6358497;CENTRO AUDITIVO SR LTDA;CENTRO AUDITIVO SR LTDA;510340;Cuiabá;Sim;Sim;JARDIM MARIANA;ADEL MALLUF;MUNICIPAL;;ATENDIMENTOS NOS TURNOS DA MANHA E A TARDE;36;M;Não;Não;NAO;Não;Não;Não;Sim;-15.596;-56.097;;2025-09-03
6358721;ELLEN LAURA CUNHA GARCIA SANTANA;ELLEN LAURA CUNHA GARCIA SANTANA;510340;Cuiabá;Sim;Sim;SANTA HELENA;AVENIDA SAO SEBASTIAO;MUNICIPAL;;ATENDIMENTOS NOS TURNOS DA MANHA E A TARDE;22;M;Não;Não;NAO;Não;Não;Não;Sim;-15.585498211313974;-56.09848546908738;(65) 3027-2912;2025-10-17
6374522;VANIA DE MELO VIANA ME;VANIA DE MELO VIANA ME;510340;Cuiabá;Sim;Sim;JARDIM MARIANA;AVENIDA MIGUEL SUTIL;MUNICIPAL;;ATENDIMENTOS NOS TURNOS DA MANHA E A TARDE;22;M;Não;Não;NAO;Não;Não;Não;Sim;-15.586457927854944;-56.1277348341536;(65) 3618-8437;2025-11-27
6377645;GASTROPLAST;GASTROPLAST CLINICA MEDICA ESPECIALIZADA LTDA ME;510340;Cuiabá;Sim;Sim;JARDIM MARIANA;MIGUEL SUTIL;MUNICIPAL;;ATENDIMENTOS NOS TURNOS DA MANHA E A TARDE;36;M;Não;Não;NAO;Não;Não;Não;Sim;-15.582788973801666;-56.11175935526985;65 36265153;2025-10-17
6378153;CEDIC CEDILAB BARAO;DIAGNOSTICOS DA AMERICA S A;510340;Cuiabá;Sim;Sim;CENTRO;BARAO DE MELGACO;MUNICIPAL;;ATENDIMENTOS NOS TURNOS DA MANHA E A TARDE;39;M;Não;Não;NAO;Não;Não;Não;Sim;-15.600911550730457;-56.101792989166015;65 36175502;2025-09-03
6378587;CEDIC JARDIM CUIABA;DIAGNOSTICOS DA AMERICA S A;510340;Cuiabá;Sim;Sim;JARDIM CUIABA;DAS FLORES;MUNICIPAL;;ATENDIMENTOS NOS TURNOS DA MANHA E A TARDE;39;M;;Não;NAO;;;;Não;-16.2470922;-56.6194462;11 41975494;2025-09-03
6378897;CEDILAB JARDIM CUIABA;DIAGNOSTICOS DA AMERICA S A;510340;Cuiabá;Sim;Sim;JARDIM CUIABA;DAS FLORES;MUNICIPAL;;ATENDIMENTOS NOS TURNOS DA MANHA E A TARDE;39;M;Não;Não;NAO;Não;Não;Não;Sim;-15.594702981726408;-56.11979366958402;11 41975494;2025-09-11
6378919;UNIMED COXIPO;DIAGNOSTICOS DA AMERICA S A;510340;Cuiabá;Sim;Sim;JARDIM PETROPOLIS;FERNANDO CORREA DA COSTA;MUNICIPAL;;ATENDIMENTO SOMENTE PELA MANHA;39;M;Não;Não;NAO;Não;Não;Não;Sim;-15.616265798094128;-56.07190823350556;11 26303000;2025-10-11
6378935;CINTIA MARIA CAVALCANTE;CINTIA MARIA CAVALCANTE;510340;Cuiabá;Sim;Sim;CENTRO SUL;RUA THOGO DA SILVA PEREIRA;MUNICIPAL;;ATENDIMENTOS NOS TURNOS DA MANHA E A TARDE;22;M;Não;Não;NAO;Não;Não;Não;Não;-15.596;-56.097;;2025-09-03
6379117;GIVALDO ALVES DE OLIVEIRA;GIVALDO ALVES DE OLIVEIRA;510340;Cuiabá;Sim;Sim;BOSQUE DA SAUDE;AVENIDA ACLIMACAO;MUNICIPAL;;ATENDIMENTOS NOS TURNOS DA MANHA E A TARDE;22;M;Não;Não;NAO;Não;Não;Não;Não;-15.588305357336795;-56.07687141571515;(65) 2121-6400;2025-10-17
6382231;UNIMED BAU;DIAGNOSTICOS DA AMERICA S A;510340;Cuiabá;Sim;Sim;BOSQUE DA SAUDE;HISTORIADOR RUBENS DE MENDONCA;MUNICIPAL;;ATENDIMENTO SOMENTE PELA MANHA;39;M;Não;Não;NAO;Não;Não;Não;Não;-15.590904203707934;-56.08868221441571;11 26303000;2025-09-03
6385788;TATIANE DE OLIVEIRA ARIZAWA;TATIANE DE OLIVEIRA ARIZAWA;510340;Cuiabá;Sim;Sim;QUILOMBO;AVENIDA PRESIDENTE MARQUES;MUNICIPAL;;ATENDIMENTO SOMENTE A TARDE;22;M;Não;Não;NAO;Não;Não;Não;Sim;-15.586457415041579;-56.09744197990709;(65) 3621-1237;2025-11-27
6407625;ORAL PREV;ARIEL JOSE DE CAMARGO;510340;Cuiabá;Sim;Sim;GOIABEIRAS;BRIGADEIRO EDUARDO GOMES;MUNICIPAL;;ATENDIMENTOS NOS TURNOS DA MANHA E A TARDE;22;M;Não;Não;NAO;Não;Não;Não;Sim;-15.5952544;-56.1034817;65 36242960;2025-09-03
6410642;LUCIANA ABILIO MIGUEL DINIZ;LUCIANA ABILIO MIGUEL DINIZ;510340;Cuiabá;Sim;Sim;JARDIM MARIANA;AVENIDA MIGUEL SUTIL;MUNICIPAL;;ATENDIMENTOS NOS TURNOS DA MANHA E A TARDE;22;M;Não;Não;NAO;Não;Não;Não;Não;-15.593233927778826;-56.079242860033666;(65) 3626-5500;2025-11-27
6420125;CIAPS ADAUTO BOTELHO UNIDADE II;SECRETARIA DE JUSTICA E SEGURANCA PUBLICA DO ESTADO DE MT;510340;Cuiabá;Sim;Sim;PASCOAL RAMOS;BR 364 KM 12;DUPLA;;ATENDIMENTOS NOS TURNOS DA MANHA E A TARDE;2;D;Não;Não;NAO;Não;Não;Não;Não;-15.66386661123606;-55.96006393432617;(65) 3667-0337;2025-09-03
6429882;MARA VANIA VIEIRA DA SILVA;MARA VANIA VIEIRA DA SILVA;510340;Cuiabá;Sim;Sim;JD CUIABA;AV DAS FLORES;MUNICIPAL;;ATENDIMENTO SOMENTE A TARDE;22;M;Não;Não;NAO;Não;Não;Não;Não;-15.59477154876846;-56.119517509147535;3901-2379;2025-09-03
6439349;PAULA MACIEL SANTOS CAMPOS;PAULA MACIEL SANTOS CAMPOS;510340;Cuiabá;Sim;Sim;BOSQUE DA SAUDE;AV ACLIMACAO;MUNICIPAL;;ATENDIMENTOS NOS TURNOS DA MANHA E A TARDE;22;M;Não;Não;NAO;Não;Não;Não;Não;-15.587548731547317;-56.07702739492094;;2025-11-27
6445330;CLINICA CARDIOS;CLINICA CARDIOS EXAMES GRAFICOS LTDA;510340;Cuiabá;Sim;Sim;JARDIM CUIABA;DAS VIOLETAS;MUNICIPAL;;ATENDIMENTOS NOS TURNOS DA MANHA E A TARDE;36;M;Não;Não;NAO;Não;Não;Não;Sim;-15.59628345261024;-56.11594390154126;65 30284872;2025-09-03
6448569;COOPERATIVA DE TRAB DOS MEDICOS DA CLIN;COOPERATIVA DE TRABALHO DOS MEDICOS DA CLINICA FEMINA DE CUI;510340;Cuiabá;Sim;Sim;LIXEIRA;CORUMBA;MUNICIPAL;;;60;M;;Não;NAO;;;;Não;-15.591268058732986;-56.088216803645494;;2025-10-17
6460402;LABORATORIO RUBENS;LABORATORIO RUBENS DE PROTESE DENTARIA;510340;Cuiabá;Sim;Sim;BANDEIRANTES;RUA BALTAZAR NAVARROS;MUNICIPAL;;ATENDIMENTOS NOS TURNOS DA MANHA E A TARDE;39;M;Não;Não;SIM;Não;Não;Não;Sim;-15.590301642020487;-56.08451030955844;3624-3133;2025-11-13
6465315;MARIO LUIS CORREA TOCANTINS;MARIO LUIS CORREA TOCANTINS;510340;Cuiabá;Sim;Sim;DUQUE DE CAXIAS;RUA HENRIQUE PINHEIRO GUEDES;MUNICIPAL;;ATENDIMENTOS NOS TURNOS DA MANHA E A TARDE;22;M;Não;Não;NAO;Não;Não;Não;Sim;-15.597824729926655;-56.09176300647458;3321-2512;2025-11-27
6466346;ASTEC;ASTEC SERVICOS TECNICOS DE RADIOLOGIA;510340;Cuiabá;Sim;Sim;CONSIL;MIRASSOL;MUNICIPAL;;ATENDIMENTOS NOS TURNOS DA MANHA E A TARDE;36;M;Não;Não;NAO;Não;Não;Não;Sim;-15.583221401393379;-56.08564390282801;3023-9568;2025-10-11
6473008;JAMYLA DE FIGUEIREDO;JAMYLA DE FIGUEIREDO;510340;Cuiabá;Sim;Sim;MORADA DA SERRA;PELOTAS;MUNICIPAL;;ATENDIMENTO SOMENTE PELA MANHA;22;M;Não;Não;NAO;Não;Não;Não;Não;;;3641-7100;2025-09-03
6473016;GUSTAVO ALVES DE ANDRADE;GUSTAVO ALVES DE ANDRADE;510340;Cuiabá;Sim;Sim;MORADA DA SERRA;RUA PELOTAS;MUNICIPAL;;ATENDIMENTO SOMENTE PELA MANHA;22;M;Não;Não;NAO;Não;Não;Não;Não;-15.556047770865764;-56.050611077359775;3641-7100;2025-11-04
6492878;FISIO BEM;V MONTEIRO FRANCA;510340;Cuiabá;Sim;Sim;GOIABEIRAS;RUI BARBOSA;MUNICIPAL;;ATENDIMENTOS NOS TURNOS DA MANHA E A TARDE;22;M;Não;Não;NAO;Não;Não;Não;Não;-15.596673385431089;-56.10411456588447;65 92017383;2025-10-17
6500048;VIVA VIDA SAUDE OCUPACIONAL;VIVA VIDA CENTRO EM SAUDE OCUPACIONAL LTDA ME;510340;Cuiabá;Sim;Sim;ALVORADA;RUA RUBENS DE MENDONCA;MUNICIPAL;;ATENDIMENTO CONTINUO DE 24 HORAS/DIA (PLANTAO:INCLUI SABADOS, DOMINGOS E FERIADOS);36;M;Não;Não;NAO;Não;Não;Não;Não;-15.596;-56.097;3644-0742;2025-09-03
6507336;INAC INSTITUTO DE ANALISES CLINICAS;INAC INSTITUTO DE ANALISES CLINICAS LTDA;510340;Cuiabá;Sim;Sim;JARDIM CUIABA;DAS FLORES;MUNICIPAL;;ATENDIMENTOS NOS TURNOS DA MANHA E A TARDE;39;M;Não;Não;SIM;Não;Não;Não;Sim;-15.595098181858393;-56.11555572246149;65 36412333;2025-09-03
6509983;HOLANDO JUNIOR;HOLANDO DE S CAMPOS JUNIOR ME;510340;Cuiabá;Sim;Sim;BAU;RUA CORUMBA;MUNICIPAL;;ATENDIMENTO NOS TURNOS DA MANHA, TARDE E NOITE;22;M;Não;Não;NAO;Não;Não;Não;Sim;-15.592592235500206;-56.08987475988029;(65) 3321-2040;2025-11-04
6525288;ODONTOLOGIA SIQUEIRA;CARLOS R BARROS DE SIQUEIRA ME;510340;Cuiabá;Sim;Sim;JD ACLIMACAO;AV HISTORIADOR RUBENS DE MENDONCA;MUNICIPAL;;ATENDIMENTOS NOS TURNOS DA MANHA E A TARDE;22;M;Não;Não;NAO;Não;Não;Não;Sim;-15.580201616820112;-56.07719826729338;3023-8577;2025-11-13
6544037;LIVIA LACERDA VIEIRA SANTOS;LIVIA LACERDA VIEIRA SANTOS;510340;Cuiabá;Sim;Sim;JD CUIABA;AV DA FLORES;MUNICIPAL;;ATENDIMENTOS NOS TURNOS DA MANHA E A TARDE;22;M;Não;Não;NAO;Não;Não;Não;Sim;-15.584390450999807;-56.08009003368318;;2025-11-27
6550479;HIPERCLINICA;HIPERCLINICA CLINICA DE HIPERT DIABETE E OBES LTDA;510340;Cuiabá;Sim;Sim;BOSQUE DA SAUDE;AVENIDA F;MUNICIPAL;;ATENDIMENTO SOMENTE A TARDE;22;M;Não;Não;NAO;Não;Não;Não;Sim;-15.5986686;-56.0991301;(65) 3027-1701;2025-09-03
6553885;MARCIA SODRE PACHE GOMES;MARCIA SODRE PACHE GOMES;510340;Cuiabá;Sim;Sim;BOSQUE DA SAUDE;AVENIDA GONCALO ANTUNES DE BARROS;MUNICIPAL;;ATENDIMENTOS NOS TURNOS DA MANHA E A TARDE;22;M;Não;Não;NAO;Não;Não;Não;Sim;-15.590563773640724;-56.072380715302444;(65) 3642-1795;2025-11-27
6555306;JOAO HENRIQUE ELIAS MORTARI;JOAO HENRIQUE ELIAS MORTARI;510340;Cuiabá;Sim;Sim;RECANTO DOS PASSAROS;RUA 11 LOT PARQUE RESID UNIVERSITARIO;MUNICIPAL;;ATENDIMENTOS NOS TURNOS DA MANHA E A TARDE;22;M;Não;Não;NAO;Não;Não;Não;Sim;-15.566156961496478;-56.01783805068492;;2025-11-04
6556787;ADRIANA MARIA DE CASTRO BORGES E LIMA;ADRIANA MARIA DE CASTRO BORGES;510340;Cuiabá;Sim;Sim;BOSQUE DA SAUDE;ACLIMACAO;MUNICIPAL;;ATENDIMENTOS NOS TURNOS DA MANHA E A TARDE;22;M;Não;Não;NAO;Não;Não;Não;Sim;-15.585763940447322;-56.079519628835634;65 36237500;2025-09-03
6558216;SUPERARE CLINICA DE SAUDE EMOCIONAL;SUPERARE CLINICA DE SAUDE EMOCIONAL;510340;Cuiabá;Sim;Sim;JARDIM CUIABA;RUA DOS LIRIOS;MUNICIPAL;;ATENDIMENTOS NOS TURNOS DA MANHA E A TARDE;22;M;Não;Não;NAO;Não;Não;Não;Não;-15.59497390150351;-56.1203385479217;(65) 3322-2504;2025-09-03
6558224;MILENA FERNANDES TAMASHIRO;MILENA FERNANDES TAMASHIRO;510340;Cuiabá;Sim;Sim;BAU;RUA DAS PALMEIRAS;MUNICIPAL;;ATENDIMENTOS NOS TURNOS DA MANHA E A TARDE;22;M;Não;Não;NAO;Não;Não;Não;Sim;-15.590671528698582;-56.08267082186263;(65) 3624-8981;2025-11-27
6559425;ERNESTO FARIA DE FIGUEIREDO JUNIOR;ERNESTO FARIA DE FIGUEIREDO JUNIOR;510340;Cuiabá;Sim;Sim;CENTRO;RUA MARECHAL FLORIANO PEIXOTO;MUNICIPAL;;ATENDIMENTOS NOS TURNOS DA MANHA E A TARDE;22;M;Não;Não;NAO;Não;Não;Não;Sim;-15.5890591;-56.1061818;(65) 3624-3931;2025-09-03
6562906;CECILIA DIAS DA CUNHA PEREIRA;CECILIA DIAS DA CUNHA PEREIRA;510340;Cuiabá;Sim;Sim;SANTA HELENA;RUA MARECHAL DEODORO;MUNICIPAL;;ATENDIMENTOS NOS TURNOS DA MANHA E A TARDE;22;M;Não;Não;NAO;Não;Não;Não;Sim;-15.58789976738048;-56.09714520819782;(65) 3621-5200;2025-10-11
6562914;EDUARDO FRANKLIM TABACCHI NETO;EDUARDO FRANKLIM TABACCHI NETO;510340;Cuiabá;Sim;Sim;BANDEIRANTES;AVENIDA GENERAL VALE;MUNICIPAL;;ATENDIMENTOS NOS TURNOS DA MANHA E A TARDE;22;M;Não;Não;NAO;Não;Não;Não;Sim;-15.602127954136327;-56.09001970131012;(65) 3321-2116;2025-10-17
6562922;MARCELO COELHO DE CARVALHO;MARCELO COELHO DE CARVALHO;510340;Cuiabá;Sim;Sim;CENTRO;RUA BARAO DE MELGACO;MUNICIPAL;;ATENDIMENTOS NOS TURNOS DA MANHA E A TARDE;22;M;Não;Não;NAO;Não;Não;Não;Sim;-15.602353551846631;-56.1017245712295;(65) 3622-2614;2025-09-03
6564445;ADRIANA MARIA BUENO BRANDAO;ADRIANA MARIA BUENO BRANDAO;510340;Cuiabá;Sim;Sim;DOM AQUINO;AVENIDA GENERAL MELLO;MUNICIPAL;;ATENDIMENTOS NOS TURNOS DA MANHA E A TARDE;22;M;Não;Não;NAO;Não;Não;Não;Sim;-15.61164227946819;-56.084887597290546;(65) 3023-7274;2025-09-03
6564453;CEDROC;CENTRO DE RADIOGRAFIA ORO FACIAL DE CUIABA LTDA;510340;Cuiabá;Sim;Sim;BAU;AVENIDA HISTORIADOR RUBENS DE MENDONCA;MUNICIPAL;;ATENDIMENTOS NOS TURNOS DA MANHA E A TARDE;36;M;Não;Não;NAO;Não;Não;Não;Sim;-15.592076144785528;-56.09053602414101;(65) 3321-0782;2025-09-03
6564461;JANAINA BARBOSA SCARAMAL;JANAINA BARBOSA SCARAMAL;510340;Cuiabá;Sim;Sim;DOM AQUINO;RUA MANOEL FERNANDES GUIMARAES;MUNICIPAL;;ATENDIMENTOS NOS TURNOS DA MANHA E A TARDE;22;M;Não;Não;NAO;Não;Não;Não;Sim;-15.6162464;-56.0907086;(65) 3634-8855;2025-09-03
6564488;KARINE DA SILVA CASTRO;KARINE DA SILVA CASTRO;510340;Cuiabá;Sim;Sim;PARQUE CUIABA;AVENIDA 05;MUNICIPAL;;ATENDIMENTOS NOS TURNOS DA MANHA E A TARDE;22;M;Não;Não;NAO;Não;Não;Não;Não;-15.590797678283824;-56.086827738272554;(65) 3028-1689;2025-11-04
6565751;OLYNTHO GONCALVES NETO;OLYNTHO GONCALVES NETO;510340;Cuiabá;Sim;Sim;JARDIM CUIABA;AVENIDA DAS FLORES;MUNICIPAL;;ATENDIMENTOS NOS TURNOS DA MANHA E A TARDE;22;M;Não;Não;NAO;Não;Não;Não;Não;-15.595232761080768;-56.11642381385989;(65) 3054-0754;2025-09-03
6567738;KARINE FERNANDES SOARES DA SILVA;KARINE FERNANDES SOARES DA SILVA;510340;Cuiabá;Sim;Sim;MORADA DO OURO;AVENIDA DJALMA FERREIRA DE SOUZA;MUNICIPAL;;ATENDIMENTOS NOS TURNOS DA MANHA E A TARDE;22;M;Não;Não;NAO;Não;Não;Não;Sim;-15.63518558556602;-56.020922648169204;(65) 3644-1755;2025-11-04
6569935;ANA PAULA BARROS NINCE;ANA PAULA BARROS NINCE;510340;Cuiabá;Sim;Sim;BAU;RUA CORUMBA;MUNICIPAL;;ATENDIMENTOS NOS TURNOS DA MANHA E A TARDE;22;M;Não;Não;NAO;Não;Não;Não;Não;-15.5924634163734;-56.09024969720377;(65) 3321-2277;2025-09-03
6572812;CLAUDIA PARENTE CHERIN;CLAUDIA PARENTE CHERIN;510340;Cuiabá;Sim;Sim;DOM AQUINO;AVENIDA GENERAL MELLO;MUNICIPAL;;ATENDIMENTOS NOS TURNOS DA MANHA E A TARDE;22;M;Não;Não;NAO;Não;Não;Não;Não;-15.606628559819272;-56.09194963887264;(65) 3623-2175;2025-09-03
6572820;IGOR AZEVEDO BOTTURA;IGOR A ZEVEDO BOTTURA;510340;Cuiabá;Sim;Sim;BOSQUE DA SAUDE;RUA TOPAZIO;MUNICIPAL;;ATENDIMENTOS NOS TURNOS DA MANHA E A TARDE;22;M;Não;Não;NAO;Não;Não;Não;Não;-15.5898526;-56.0788521;(65) 3624-9000;2025-09-03
6575307;CLINICA MEDICA DR IVANIO DALLAGNOL;IVANIO DALL AGNOL CLINICA MEDICA LTDA;510340;Cuiabá;Sim;Sim;PEDRA 90;NEWTON RABELO DE CASTRO;MUNICIPAL;;ATENDIMENTOS NOS TURNOS DA MANHA E A TARDE;22;M;Não;Não;NAO;Não;Não;Não;Não;-15.596;-56.097;65 92894842;2025-09-03
6575315;PRODENTE;PRODENTE SERVICOS ODONTOLOGICOS LTDA;510340;Cuiabá;Sim;Sim;DUQUE DE CAXIAS;RUA MARECHAL FLORIANO PEIXOTO;MUNICIPAL;;ATENDIMENTOS NOS TURNOS DA MANHA E A TARDE;22;M;Não;Não;NAO;Não;Não;Não;Sim;-15.586503802119173;-56.110210589829855;(65) 3023-4909;2025-11-27
6575323;IZABEL CRISTINA LIMA TAURINES;IZABEL CRISTINA LIMA TAURINES;510340;Cuiabá;Sim;Sim;CENTRO;RUA CANDIDO MARIANO;MUNICIPAL;;ATENDIMENTOS NOS TURNOS DA MANHA E A TARDE;22;M;Não;Não;NAO;Não;Não;Não;Não;-15.593184042873819;-56.10081109541303;(65) 3322-3264;2025-09-03
6576443;MARIANNE SONNENSCHEIN STEFANI FIGUEIREDO;MARIANNE SONNENSCHEIN STEFANI FIGUEIREDO;510340;Cuiabá;Sim;Sim;CENTRO;RUA BATISTA DAS NEVES;MUNICIPAL;;ATENDIMENTOS NOS TURNOS DA MANHA E A TARDE;22;M;Não;Não;NAO;Não;Não;Não;Não;-15.5940403;-56.0976054;(65) 3025-6409;2025-09-03
6583008;SUSANA BALBINO VILELA CAJANGO;SUSANA BALBINO VILELA CAJANGO;510340;Cuiabá;Sim;Sim;BANDEIRANTES;AV GENERAL VALLE;MUNICIPAL;;ATENDIMENTOS NOS TURNOS DA MANHA E A TARDE;22;M;Não;Não;NAO;Não;Não;Não;Sim;-15.60221066408545;-56.092514151853315;(65)-3321-8799;2025-11-27
6583512;CLINICA ORTOLEGAL;ORTOLEGAL CLINICA ODONTOLOGICA LTDA;510340;Cuiabá;Sim;Sim;DUQUE DE CAXIAS;RUA GENERAL RABELLO;MUNICIPAL;;ATENDIMENTOS NOS TURNOS DA MANHA E A TARDE;36;M;Não;Não;NAO;Não;Não;Não;Sim;-15.588892339425609;-56.11187160266867;65-3624-1551;2025-09-03
6583598;HELLEN CORREA DA COSTA B DE SOUZA;HELLEN CORREA DA COSTA B DE SOUZA;510340;Cuiabá;Sim;Sim;GOIABEIRAS;AVENIDA SAO SEBASTIAO;MUNICIPAL;;ATENDIMENTOS NOS TURNOS DA MANHA E A TARDE;22;M;Não;Não;NAO;Não;Não;Não;Sim;-15.59043020321969;-56.10218587583506;(65) 3622-1463;2025-11-04
6587690;ANAHI GRANJA DE SOUZA VIEIRA MILLER;ANAHI GRANJA DE SOUZA VIEIRA MILLER;510340;Cuiabá;Sim;Sim;CENTRO;RUA COMANDANTE COSTA;MUNICIPAL;;ATENDIMENTO SOMENTE A TARDE;22;M;Não;Não;NAO;Não;Não;Não;Sim;-15.602088934346671;-56.103910147607465;(65) 3322-9996;2025-09-03
6585590;BRUNA BERTOLI PALMEIRA;BRUNA BERTOLI PALMEIRA;510340;Cuiabá;Sim;Sim;BOSQUE DA SAUDE;AVENIDA ACLIMACAO;MUNICIPAL;;ATENDIMENTOS NOS TURNOS DA MANHA E A TARDE;22;M;Não;Não;NAO;Não;Não;Não;Sim;-15.595873597910797;-56.09663665294647;(65) 3025-3162;2025-09-03
6585639;VALERIA CRISTHINE LEAL CABRAL;VALERIA CRISTHINE LEAL CABRAL;510340;Cuiabá;Sim;Sim;MORADA DA SERRA;RUA ITIQUIRA;MUNICIPAL;;ATENDIMENTOS NOS TURNOS DA MANHA E A TARDE;22;M;Não;Não;NAO;Não;Não;Não;Sim;-15.574330181877304;-56.02460464492125;3027-2068;2025-11-27
6586155;CIOM CENTRO INTEGRADO ODONTOLOGICO E MEDICO;LUZIANI MARIA MARTELLI;510340;Cuiabá;Sim;Sim;JARDIM CUIABA;AVENIDA DAS FLORES;MUNICIPAL;;ATENDIMENTOS NOS TURNOS DA MANHA E A TARDE;22;M;Não;Não;NAO;Não;Não;Não;Sim;-15.5951830488202;-56.11344509816906;(65) 3622-0464;2025-09-03
6586570;FERNANDO FUSARI BENTO DE LIMA;FERNANDO FUSARI BENTO DE LIMA;510340;Cuiabá;Sim;Sim;DUQUE DE CAXIAS;RUA FLORIANO PEIXOTO;MUNICIPAL;;ATENDIMENTOS NOS TURNOS DA MANHA E A TARDE;22;M;Não;Não;NAO;Não;Não;Não;Sim;;;(65) 3624-3264;2025-09-03
6586678;VALTER LUIZ KOZAN;VALTER LUIZ KOZAN;510340;Cuiabá;Sim;Sim;CENTRO NORTE;AVENIDA MARECHAL DEODORO;MUNICIPAL;;ATENDIMENTOS NOS TURNOS DA MANHA E A TARDE;22;M;Não;Não;NAO;Não;Não;Não;Sim;-15.593941905474894;-56.10037559727291;(65) 3623-1835;2025-11-27
6587070;KATIA BOA VENTURA FERREIRA MARQUES;KATIA BOA VENTURA FERREIRA MARQUES;510340;Cuiabá;Sim;Sim;JD CUIABA;AV DAS FLORES;MUNICIPAL;;ATENDIMENTOS NOS TURNOS DA MANHA E A TARDE;22;M;Não;Não;NAO;Não;Não;Não;Sim;-15.591872419410251;-56.09275005609752;(65)3622-0464;2025-11-04
6587933;DINAMICA CLINICA DE FISIOTERAPIA;DINAMICA CLINICA DE FISIOTERAPIA E REABILITACAO LTDA ME;510340;Cuiabá;Sim;Sim;JARDIM CUIABA;RUA DOS CRISANTEMOS;MUNICIPAL;;ATENDIMENTOS NOS TURNOS DA MANHA E A TARDE;36;M;Não;Não;NAO;Não;Não;Não;Sim;-15.592672729120103;-56.11597300060372;(65) 3623-6022;2025-09-03
6588727;NELSON CHUHITI TAKESHIMA;NELSON CHUHITI TAKESHIMA;510340;Cuiabá;Sim;Sim;PARQUE CUIABA;AVENIDA 02;MUNICIPAL;;ATENDIMENTOS NOS TURNOS DA MANHA E A TARDE;22;M;Não;Não;NAO;Não;Não;Não;Sim;-15.659434848223725;-56.046800377682594;(65) 3666-2332;2025-11-13
6588743;INSTITUTO ODONTOLOGICO INTEGRADO;A J GARCIA PALMA;510340;Cuiabá;Sim;Sim;JD CUIABA;AV DAS FLORES;MUNICIPAL;;ATENDIMENTOS NOS TURNOS DA MANHA E A TARDE;22;M;Não;Não;NAO;Não;Não;Não;Sim;-15.5953218949769;-56.11344644339415;;2025-09-03
6588859;RADIUS IMAGENS;D IMPLANTE SERVICOS ODONTOLOGICOS LTDA ME;510340;Cuiabá;Sim;Sim;JARDIM CUIABA;AVENIDA DAS FLORES;MUNICIPAL;;ATENDIMENTOS NOS TURNOS DA MANHA E A TARDE;22;M;Não;Não;NAO;Não;Não;Não;Sim;-15.59506929038705;-56.116374966822264;(65) 3624-1133;2025-11-27
6588921;ERICO MARQUES ALCANTARA;ERICO MARQUES ALCANTARA;510340;Cuiabá;Sim;Sim;BANDEIRANTES;AVENIDA CORONEL ESCOLASTICO;MUNICIPAL;;ATENDIMENTOS NOS TURNOS DA MANHA E A TARDE;22;M;Não;Não;NAO;Não;Não;Não;Sim;-15.595766;-56.0912912;(65) 3626-5200;2025-09-03
6589138;FERNANDA SILVA DE ASSIS;FERNANDA SILVA DE ASSIS;510340;Cuiabá;Sim;Sim;PARQUE CUIABA;AVENIDA 05;MUNICIPAL;;ATENDIMENTOS NOS TURNOS DA MANHA E A TARDE;22;M;Não;Não;NAO;Não;Não;Não;Sim;-15.596;-56.097;(65) 3666-3821;2025-09-03
6589588;ANDREY MARCELO BARBEIRO TEIXEIRA;ANDREY MARCELO BARBEIRO TEIXEIRA;510340;Cuiabá;Sim;Sim;JARDIM CUIABA;AVENIDA DAS FLORES;MUNICIPAL;;ATENDIMENTOS NOS TURNOS DA MANHA E A TARDE;22;M;Não;Não;NAO;Não;Não;Não;Sim;-15.595144296864037;-56.11341894662674;(65) 3025-6776;2025-10-11
6589758;CENTRO DE RADIOLOGIA IMAGENS;M REIS BUENO;510340;Cuiabá;Sim;Sim;JD CUIABA;AV GENERAL RAMIRO DE NORONHA;MUNICIPAL;;ATENDIMENTOS NOS TURNOS DA MANHA E A TARDE;39;M;;Não;NAO;;;;Sim;-15.5958761617581;-56.11116186734046;3623-2233;2025-10-11
6591248;LAURA ELAINE MURAI;LAURA ELAINE MURAI;510340;Cuiabá;Sim;Sim;DUQUE DE CAXIAS;AVENIDA LAVA PES;MUNICIPAL;;ATENDIMENTOS NOS TURNOS DA MANHA E A TARDE;22;M;Não;Não;NAO;Não;Não;Não;Sim;-15.5884992;-56.1104539;(65) 3624-0889;2025-09-03
6591558;CLINICA TRES AMERICAS;CLINICA TRES AMERICAS LTDA;510340;Cuiabá;Sim;Sim;PICO DO AMOR;TANCREDO NEVES;MUNICIPAL;;ATENDIMENTOS NOS TURNOS DA MANHA E A TARDE;22;M;Não;Não;NAO;Não;Não;Não;Sim;-15.569603806775119;-56.054588862069;65 36271020;2025-10-11
6594913;SANDRO MARCO STEFANINI DE ALMEIDA;SANDRO MARCO STEFANINI DE ALMEIDA;510340;Cuiabá;Sim;Sim;JARDIM DAS AMERICAS;AVENIDA BRASILIA;MUNICIPAL;;ATENDIMENTOS NOS TURNOS DA MANHA E A TARDE;22;M;Não;Não;NAO;Não;Não;Não;Sim;-15.612294817034153;-56.07479114250296;(65) 3627-1003;2025-09-03
6593747;MARINELLA COIMBRA ULHOA CARVALHO;MARINELLA COIMBRA ULHOA CARVALHO;510340;Cuiabá;Sim;Sim;BAU;RUA DES TRIGO DE LOUREIRO;MUNICIPAL;;ATENDIMENTOS NOS TURNOS DA MANHA E A TARDE;22;M;Não;Não;NAO;Não;Não;Não;Sim;-15.58715889748362;-56.08601370320858;3025-2993;2025-11-27
6594042;FABRICIO MARTINS DE ARAUJO;FABRICIO MARTINS DE ARAUJO;510340;Cuiabá;Sim;Sim;BANDEIRANTES;RUA BALTAZAR NAVARRO;MUNICIPAL;;ATENDIMENTOS NOS TURNOS DA MANHA E A TARDE;22;M;Não;Não;NAO;Não;Não;Não;Sim;-15.601175780486502;-56.0898327911772;(65) 3028-5437;2025-10-17
6599729;MARIA ROSANGELA SANTOS;MARIA ROSANGELA SANTOS;510340;Cuiabá;Sim;Sim;POCAO;AVENIDA GENERAL MELLO;MUNICIPAL;;ATENDIMENTOS NOS TURNOS DA MANHA E A TARDE;22;M;Não;Não;NAO;Não;Não;Não;Sim;-15.596915360322635;-56.086398588831464;(65) 3321-6103;2025-11-27
6602002;LIDIA ONO IDE;LIDIA ONO IDE;510340;Cuiabá;Sim;Sim;JARDIM CUIABA;RUA DAS VIOLETAS;MUNICIPAL;;ATENDIMENTOS NOS TURNOS DA MANHA E A TARDE;22;M;Não;Não;NAO;Não;Não;Não;Não;-15.595978673220321;-56.115044011005246;(65) 3623-6266;2025-09-03
6606962;ANDRE DESTEFANI MONTEIRO;ANDRE DESTEFANI MONTEIRO;510340;Cuiabá;Sim;Sim;BOSQUE DA SAUDE;AVENIDA ACLI8MACAO;MUNICIPAL;;ATENDIMENTOS NOS TURNOS DA MANHA E A TARDE;22;M;Não;Não;NAO;Não;Não;Não;Sim;-15.586155583007285;-56.07858001749397;(65) 3025-3162;2025-09-03
6610277;EMILIO JOSE MARQUARDT FILHO;EMILIO JOSE MARQUARDT FILHO;510340;Cuiabá;Sim;Sim;JARDIM CUIABA;RUA MIOSOTIS SALA 02;MUNICIPAL;;ATENDIMENTOS NOS TURNOS DA MANHA E A TARDE;22;M;Não;Não;NAO;Não;Não;Não;Sim;-15.595978154819921;-56.11796952980737;(65) 3052-1410;2025-10-17
6616607;INSTITUTO DE SAUDE VIDA NOVA;CLINICA MEDICA E ESTETICA VIDA NOVA LTDA;510340;Cuiabá;Sim;Sim;CENTRO SUL;RUA JOAQUIM MURTINHO;MUNICIPAL;;ATENDIMENTOS NOS TURNOS DA MANHA E A TARDE;36;M;Não;Não;NAO;Não;Não;Não;Sim;-15.6012442;-56.0999392;(65) 4141-1767;2025-09-03
6617182;RONALDO SILVA JARDIM;RONALDO SILVA JARDIM CONSULTORIO ODONTOLOGICO;510340;Cuiabá;Sim;Sim;BOSQUE DA SAUDE;AVENIDA HISTORIADOR RUBENS DE MENDONCA;MUNICIPAL;;ATENDIMENTOS NOS TURNOS DA MANHA E A TARDE;22;M;Não;Não;NAO;Não;Não;Não;Sim;-15.585062525045155;-56.07982301856264;(65) 3642-1083;2025-09-03
6619290;HANI HAMED FARES;HANI HAMED FARES;510340;Cuiabá;Sim;Sim;JD PETROPOLIS;RUA NEIDE LUIZA BASTOS VIEIRA;MUNICIPAL;;ATENDIMENTOS NOS TURNOS DA MANHA E A TARDE;22;M;Não;Não;NAO;Não;Não;Não;Sim;-15.616746683293412;-56.07529088012826;3052-9070;2025-09-03
6619312;NABILA HANI FARES;NABILA HANI FARES;510340;Cuiabá;Sim;Sim;JD IMPERIAL;AV DAS PALMEIRAS;MUNICIPAL;;ATENDIMENTOS NOS TURNOS DA MANHA E A TARDE;22;M;Não;Não;NAO;Não;Não;Não;Sim;-15.6096092452498;-56.0289495658795;3027-5621;2025-09-03
6622992;CONSULTORIO DODONTOLIGICO;MELISSA CRISTINA MONTENEGRO DE OLIVEIRA;510340;Cuiabá;Sim;Sim;CENTRO NORTE;RUA COMANDANTE COSTA;MUNICIPAL;;ATENDIMENTOS NOS TURNOS DA MANHA E A TARDE;22;M;Não;Não;NAO;Não;Não;Não;Sim;-15.59659452774547;-56.09825515665793;3028-2624;2025-09-03
6623603;CLINICA ODONTOLOGICA INTEGRADA;CLINICA ODONTOLOGICA INTEGRADA LTDA;510340;Cuiabá;Sim;Sim;CENTRO;RUA CANDIDO MARIANO;MUNICIPAL;;ATENDIMENTOS NOS TURNOS DA MANHA E A TARDE;36;M;Não;Não;NAO;Não;Não;Não;Sim;-15.593147228162444;-56.100764157276714;(65) 3322-3264;2025-09-03
6624812;MARTA FERNANDES PAPAZIAN;MARTA FERNANDES PAPAZIAN;510340;Cuiabá;Sim;Sim;PICO DO AMOR;AV FERNANDO CORREA DA COSTA;MUNICIPAL;;ATENDIMENTOS NOS TURNOS DA MANHA E A TARDE;22;M;Não;Não;NAO;Não;Não;Não;Sim;-15.610693386226588;-56.07805266529202;3681-0209;2025-09-03
6629881;MOEMA MEDANHA CAIXETA;MOEMA MEDANHA CAIXETA;510340;Cuiabá;Sim;Sim;BOSQUE DA SAUDE;RUA PRIMAVERA;MUNICIPAL;;ATENDIMENTOS NOS TURNOS DA MANHA E A TARDE;22;M;Não;Não;NAO;Não;Não;Não;Sim;-15.596;-56.097;3634-7425;2025-09-03
6641865;IMAGENS;IMAGENS MEDICINA DIAGNOSTICA S A;510340;Cuiabá;Sim;Sim;JARDIM CUIABA;DAS FLORES;MUNICIPAL;;ATENDIMENTO SOMENTE PELA MANHA;36;M;Não;Não;NAO;Não;Não;Não;Sim;-15.595224530066426;-56.11686635363537;65 40098000;2025-11-04
6643647;CLINICA VIVER CIN;CENTRO DE DIAGNOSTICO E TERAPIA EM OFTALMOLOGIA LTDA;510340;Cuiabá;Sim;Sim;JARDIM CUIABA;DAS DALIAS;MUNICIPAL;;ATENDIMENTOS NOS TURNOS DA MANHA E A TARDE;36;M;Não;Não;NAO;Não;Não;Não;Sim;-15.596691447421238;-56.119481337193015;65 30287328;2025-09-03
6646425;ALESSANDRA DO CARMO EVARISTO;ALESSANDRA DO CARMO EVARISTO;510340;Cuiabá;Sim;Sim;CPA III MORADA DA;AVENIDA BRASIL;MUNICIPAL;;ATENDIMENTOS NOS TURNOS DA MANHA E A TARDE;22;M;Não;Não;NAO;Não;Não;Não;Sim;-15.560685870559709;-56.04933112870079;(65) 3641-3631;2025-09-03
6664822;CLINICA MEDICA DO EXERCICIO FISICO LTDA;CLINICA MEDICA DO EXERCICIO FISICO LTDA;510340;Cuiabá;Sim;Sim;JD CUIABA;RUA TRACAIA;MUNICIPAL;;ATENDIMENTOS NOS TURNOS DA MANHA E A TARDE;36;M;Não;Não;NAO;Não;Não;Não;Sim;-15.6050883;-56.1250831;3052-9790;2025-09-03
6667759;FRAGA ODONTO;LUCIANE CONCEICAO FIGUEIREDO FRAGA;510340;Cuiabá;Sim;Sim;BAU;DO CARMO;MUNICIPAL;;ATENDIMENTOS NOS TURNOS DA MANHA E A TARDE;22;M;Não;Não;NAO;Não;Não;Não;Sim;-15.596;-56.097;65 30285773;2025-09-03
6670482;RADIODOCC;RADIODOCC CLINICA RADIOLOGICA ODONTOLOGICA LTDA;510340;Cuiabá;Sim;Sim;DUQUE DE CAXIAS;RUA MAL MASCARENHAS DE MORAES;MUNICIPAL;;ATENDIMENTOS NOS TURNOS DA MANHA E A TARDE;39;M;Não;Não;NAO;Não;Não;Não;Sim;-15.588039968631634;-56.11015353820236;3623-4707;2025-09-03
6670512;ESTETICLIN;ESTETICLIN CLINICA ODONTOLOGICA LTDA;510340;Cuiabá;Sim;Sim;DUQUE DE CAXIAS;RUA HENRIQUE PINHEIRO GUEDES;MUNICIPAL;;ATENDIMENTOS NOS TURNOS DA MANHA E A TARDE;36;M;Não;Não;NAO;Não;Não;Não;Sim;;;(65) 3052-0596;2025-09-03
6675956;QUALIERGO;M M SERVICOS FISIOTERAPICOS LTDA ME;510340;Cuiabá;Sim;Sim;CENTRO SUL;RUA MAJOR GAMA;MUNICIPAL;;ATENDIMENTOS NOS TURNOS DA MANHA E A TARDE;36;M;Não;Não;NAO;Não;Não;Não;Sim;-15.596;-56.097;;2025-09-03
6680224;ULTRACLIN;ULTRACLIN CENTRO DE DIAGNOSTICO POR IMAGEM LTDA EPP;510340;Cuiabá;Sim;Sim;SANTA ISABEL;AV AGRICOLA PAES DE BARROS;MUNICIPAL;;ATENDIMENTOS NOS TURNOS DA MANHA E A TARDE;39;M;;Não;NAO;;;;Sim;-15.61184637281642;-56.11322812980679;3637-4550;2025-11-27
6693482;ALESSANDRO AUGUSTO LOPES SANTANA DA SILVA;ALESSANDRO AUGUSTO LOPES SANTANA DA SILVA;510340;Cuiabá;Sim;Sim;BANDEIRANTES;AV GENERAL VALLE;MUNICIPAL;;ATENDIMENTOS NOS TURNOS DA MANHA E A TARDE;22;M;Não;Não;NAO;Não;Não;Não;Sim;-15.602447772642508;-56.09155342966224;3611-0000;2025-09-03
6709788;VIVIANE SONEMAR FERREIRA SEVERO;VIVIANE SONEMAR FERREIRA SEVERO;510340;Cuiabá;Sim;Sim;MORADA DA SERRA CPA;AV TUIUIU;MUNICIPAL;;ATENDIMENTOS NOS TURNOS DA MANHA E A TARDE;22;M;Não;Não;NAO;Não;Não;Não;Sim;-15.60904855853241;-56.07927725069777;( 65) 3025-1908;2025-11-27
6721710;VITAL DENTE;VITAL DENTE ODONTOLOGIA LTDA ME;510340;Cuiabá;Sim;Sim;PEDRA 90;NEWTON RABELO DE CASTRO;MUNICIPAL;;ATENDIMENTOS NOS TURNOS DA MANHA E A TARDE;22;M;Não;Não;NAO;Não;Não;Não;Sim;-15.631113762687184;-55.960563103667866;3667-4513;2025-09-03
6721753;DENTE FACIL;DENTE FACIL ODONTOLOGIA LTDA;510340;Cuiabá;Sim;Sim;CENTRO NORTE;AV TENENTE CEL DUARTE;MUNICIPAL;;ATENDIMENTOS NOS TURNOS DA MANHA E A TARDE;36;M;Não;Não;NAO;Não;Não;Não;Sim;-15.597512852482222;-56.093044348065895;3023-3030;2025-09-03
6721990;INSTITUTO DE ODNTOLOGIA E PESQUISA;INSTITUTO DE PESQUISA E ENSINO LTDA;510340;Cuiabá;Sim;Sim;JARDIM CUIABA;DAS FLORES;MUNICIPAL;;ATENDIMENTOS NOS TURNOS DA MANHA E A TARDE;36;M;Não;Não;SIM;Não;Não;Não;Sim;-15.595715840445278;-56.11205174347154;65 36247544;2025-09-03
6724205;IOCI;INSTITUTO DE OBESIDADE E CIRURGIA LTDA;510340;Cuiabá;Sim;Sim;JARDIM ITALIA;AVENIDA ERICO GONCALVES PREZA FILHO;MUNICIPAL;;ATENDIMENTOS NOS TURNOS DA MANHA E A TARDE;36;M;Não;Não;NAO;Não;Não;Não;Não;-15.606464066904973;-56.05920551160084;(65) 3028-7000;2025-09-03
6724566;PAIVA FONSECA SERVICOS MEDICOS E ODONTOLOGICOS;PAIVA FONSECA SERVICOS MEDICOS E ODONTOLOGICOS LTDA;510340;Cuiabá;Sim;Sim;JD CUIABA;AV DAS FLORES;MUNICIPAL;;ATENDIMENTOS NOS TURNOS DA MANHA E A TARDE;36;M;Não;Não;NAO;Não;Não;Não;Sim;-15.595797312966903;-56.117872970796164;3623-1258;2025-11-13
6725570;CONSULTORIO ODONTOLOGICO SHALLON;FRANCISCO COUTINHO DANTAS DE SOUZA;510340;Cuiabá;Sim;Sim;CPA III;RUA 53;MUNICIPAL;;ATENDIMENTOS NOS TURNOS DA MANHA E A TARDE;22;M;Não;Não;NAO;Não;Não;Não;Sim;-15.571045998506882;-56.04380936288305;3646-3831;2025-09-03
6731996;SANTE;CLINICA ODOTOLOGICA SANTE LTDA;510340;Cuiabá;Sim;Sim;POPULAR;AVENIDA SENADOR FILINTO MULLER;MUNICIPAL;;ATENDIMENTOS NOS TURNOS DA MANHA E A TARDE;36;M;Não;Não;NAO;Não;Não;Não;Sim;-15.591033130378785;-56.107505357762626;(65) 3623-6475;2025-11-27
6737072;CEDILAB SANTA HELENA;DIAGNOSTICOS DA AMERICA S A;510340;Cuiabá;Sim;Sim;SANTA HELENA;PRESIDENTE MARQUES;MUNICIPAL;;ATENDIMENTOS NOS TURNOS DA MANHA E A TARDE;39;M;;Não;NAO;;;;Não;-15.596;-56.097;11 41975494;2025-09-03
6739164;ODONTO BM;COMERCIO E SERVICOS ODONTOLOGICOS SORRIA MAIS EIRELI;510340;Cuiabá;Sim;Sim;CENTRO NORTE;TENENTE CORONEL DUARTE;MUNICIPAL;;ATENDIMENTOS NOS TURNOS DA MANHA E A TARDE;22;M;Não;Não;NAO;Não;Não;Não;Não;-15.6100341;-56.1003973;65 30550306;2025-09-03
6740928;MD K;MED K PROD SERV MED HOSPITALAR LAB LTDA;510340;Cuiabá;Sim;Sim;RIBEIRAO DA PONTE;AV JOSE RODRIGUES DO PRADO;MUNICIPAL;;ATENDIMENTOS NOS TURNOS DA MANHA E A TARDE;22;M;Não;Não;NAO;Não;Não;Não;Sim;-15.579655250692587;-56.12210507697979;65-36266022;2025-11-27
6741363;CARDIORITMO;CARDIORITMO SERVICO DE ELETROFISIOLOGIA CARDIACA INVASIVA;510340;Cuiabá;Sim;Sim;RIBEIRAO DA PONTE;MIGUEL SUTIL;MUNICIPAL;;ATENDIMENTOS NOS TURNOS DA MANHA E A TARDE;36;M;Não;Não;NAO;Não;Não;Não;Sim;-15.579253484393119;-56.11036610697554;65 36234995;2025-09-03
6742769;ORAL SPACE;A S DOS SANTOS JUNIOR ME;510340;Cuiabá;Sim;Sim;ALVORADA;RUA DES TRIGO DE LOUREIRO;MUNICIPAL;;ATENDIMENTOS NOS TURNOS DA MANHA E A TARDE;36;M;Não;Não;NAO;Não;Não;Não;Sim;-15.596;-56.097;3054-2280;2025-09-03
6750656;FONO MT;A C M DOS SANTOS ME;510340;Cuiabá;Sim;Sim;CENTRO NORTE;AVENIDA MATO GROSSO;MUNICIPAL;;ATENDIMENTOS NOS TURNOS DA MANHA E A TARDE;36;M;Não;Não;NAO;Não;Não;Não;Sim;-15.5892892;-56.0965643;(65) 3028-3888;2025-09-03
6752128;LEILA ANDRAUS;LEILA ANDRAUS;510340;Cuiabá;Sim;Sim;CENTRO NORTE;RUA BARAO DE MELGACO;MUNICIPAL;;ATENDIMENTOS NOS TURNOS DA MANHA E A TARDE;22;M;Não;Não;NAO;Não;Não;Não;Sim;-15.589681595006295;-56.08017585955613;(65) 3022-4551;2025-11-13
6754570;JULIANA TORRES VEDANA PICCINI;JULIANA TORRES VEDANA PICCINI;510340;Cuiabá;Sim;Sim;JD CUIABA;AV DAS FLORES;MUNICIPAL;;ATENDIMENTOS NOS TURNOS DA MANHA E A TARDE;22;M;Não;Não;NAO;Não;Não;Não;Sim;-15.595681681991575;-56.11231578808036;3623-1323;2025-09-03
6755283;ANDERSON ANDREU CUNHA;ANDERSON ANDREU CUNHA;510340;Cuiabá;Sim;Sim;QUILOMBO;RUA CASTELO BRANCO;MUNICIPAL;;ATENDIMENTOS NOS TURNOS DA MANHA E A TARDE;22;M;Não;Não;NAO;Não;Não;Não;Não;-15.589890090875082;-56.10305530521189;3324-0001;2025-09-03
6756484;CARLOS AUGUSTO LEITE DE BARROS CARVALHO;CARLOS AUGUSTO LEITE DE BARROS CARVALHO;510340;Cuiabá;Sim;Sim;POCAO;AV GENERAL VALLE;MUNICIPAL;;ATENDIMENTO SOMENTE A TARDE;22;M;Não;Não;NAO;Não;Não;Não;Não;-15.601944335974826;-56.09421559804853;3622-0007;2025-09-03
6759394;INSTITUTO DE MEDICINA OCUPACIONAL DE C;SIMAO BARGAS DA COSTA LTDA;510340;Cuiabá;Sim;Sim;CENTRO NORTE;VINTE E QUATRO DE OUTUBRO;MUNICIPAL;;ATENDIMENTO SOMENTE PELA MANHA;22;M;Não;Não;NAO;Não;Não;Não;Sim;-15.5921855;-56.1049246;65 99813257;2025-09-03
6760465;CHRISLEY PAVAN;CHRISLEY PAVAN;510340;Cuiabá;Sim;Sim;DUQUE DE CAXIAS;RUA MARECHAL FLORIANO PEIXOTO;MUNICIPAL;;ATENDIMENTOS NOS TURNOS DA MANHA E A TARDE;22;M;Não;Não;NAO;Não;Não;Não;Sim;-15.586493467827214;-56.11019986049251;30233797;2025-10-11
6762832;LABMAX ANALISES CLINICAS;COLOMBO E CIA LTDA;510340;Cuiabá;Sim;Sim;PEDRA 90;AV NEWTON RABELLO DE CASTRO;MUNICIPAL;;ATENDIMENTOS NOS TURNOS DA MANHA E A TARDE;39;M;Não;Não;NAO;Não;Não;Não;Sim;-15.6336361;-55.954353;3667-6268;2025-09-03
6797059;ASSOCIACAO PESTALOZZI DE CUIABA;ASSOCIACAO PESTALOZZI DE CUIABA;510340;Cuiabá;Sim;Sim;PRAEIRO;PARNAIBA;MUNICIPAL;;ATENDIMENTOS NOS TURNOS DA MANHA E A TARDE;22;M;Não;Não;NAO;Não;Não;Não;Não;-15.629472174648273;-56.076191362341014;;2025-10-11
6801056;SUE ELLEN FERREIRA MODESTO;SUE ELLEN FERREIRA MODESTO;510340;Cuiabá;Sim;Sim;CENTRO SUL;RUA BARAO DE MELGACO;MUNICIPAL;;ATENDIMENTOS NOS TURNOS DA MANHA E A TARDE;22;M;Não;Não;NAO;Não;Não;Não;Não;-15.586268550787924;-56.122222676973465;(65) 3321-9074;2025-10-17
6811108;LABORSEG SEGURANCA E MEIO AMBIENTE DO TRABALHO;LABORSEG SEGURANCA E MEIO AMBIENTE DO TRABALHO LTDA ME;510340;Cuiabá;Sim;Sim;QUILOMBO;RUA PRESIDENTE CASTELO BRAANCO;MUNICIPAL;;ATENDIMENTOS NOS TURNOS DA MANHA E A TARDE;36;M;Não;Não;NAO;Não;Não;Não;Não;;;(65) 9973-0322;2025-09-03
6824293;ANA GISELA ARRUDA SANTOS;ANA GISELA ARRUDA SANTOS;510340;Cuiabá;Sim;Sim;ARAES;RUA TENENTE EULALIO GUERRA;MUNICIPAL;;ATENDIMENTOS NOS TURNOS DA MANHA E A TARDE;22;M;Não;Não;NAO;Não;Não;Não;Não;-15.590946285007544;-56.09145506963923;9942-7165;2025-09-03
6825281;ECARDIO CARDIOLOGIA INTEGRADA;CARDIOEXAMES SERVICOS MEDICOS LTDA;510340;Cuiabá;Sim;Sim;BAU;RUBENS DE MENDONCA;MUNICIPAL;;ATENDIMENTOS NOS TURNOS DA MANHA E A TARDE;36;M;Não;Não;NAO;Não;Não;Não;Sim;-15.590527548336121;-56.087358338329956;65 36234995;2025-09-03
6825303;INMO;INMO INSTITUTO DE MOTILIDADE DIGESTIVA MED DIAGNOSTICA LTDA;510340;Cuiabá;Sim;Sim;JARDIM CUIABA;AVENIDA DAS FLORES;MUNICIPAL;;ATENDIMENTOS NOS TURNOS DA MANHA E A TARDE;22;M;Não;Não;NAO;Não;Não;Não;Não;-15.5952647850629;-56.1166670388023;(65) 3623-4995;2025-09-03
6833209;GUANABARA CENTRO ODONTOLOGICO;A C J R RODRIGUES ODONTOLOGIA ME;510340;Cuiabá;Sim;Sim;JARDIM GUANABARA;RUA DA PENHA;MUNICIPAL;;ATENDIMENTOS NOS TURNOS DA MANHA E A TARDE;22;M;Não;Não;NAO;Não;Não;Não;Não;-15.6030615;-56.0808423;(65) 3627-1137;2025-09-03
6847617;JOSE GERALDO DA MOTA;JOSE GERALDO DA MOTA;510340;Cuiabá;Sim;Sim;POCAO;AV GENERAL VALLE;MUNICIPAL;;ATENDIMENTOS NOS TURNOS DA MANHA E A TARDE;22;M;Não;Não;NAO;Não;Não;Não;Não;-15.600748939764195;-56.09539159233709;(65) 3623-5293;2025-11-04
6848850;CLINICA FERRARI;CLINICA FERRARI SERVICOS MEDICOS LTDA;510340;Cuiabá;Sim;Sim;JARDIM DAS AMERICAS;BRASILIA;MUNICIPAL;;ATENDIMENTOS NOS TURNOS DA MANHA E A TARDE;36;M;Não;Não;NAO;Não;Não;Não;Não;-15.605242168357611;-56.06721446662164;65 30256095;2025-09-03
6853196;C G SAUDE;CG SAUDE PRESTADORA DE SERVICOS MEDICOS S S;510340;Cuiabá;Sim;Sim;RIBEIRAO DO LIPA;ARQUITETO HELDER CANDIA;MUNICIPAL;;ATENDIMENTOS NOS TURNOS DA MANHA E A TARDE;22;M;Não;Não;NAO;Não;Não;Não;Não;-15.596;-56.097;65 30252008;2025-09-03
6853226;3 C;3C CRITICAL CARE CUIABA SERVICOS MEDICOS LTDA;510340;Cuiabá;Sim;Sim;JARDIM MARIANA;MIGUEL SUTIL;MUNICIPAL;;ATENDIMENTOS NOS TURNOS DA MANHA E A TARDE;22;M;Não;Não;NAO;Não;Não;Não;Não;-15.5851237;-56.08263164828046;65 36234995;2025-09-03
6854133;RENATA FERREIRA PEREIRA;RENATA FERREIRA PEREIRA;510340;Cuiabá;Sim;Sim;CENTRO NORTE;AV ISAAC POVOAS;MUNICIPAL;;ATENDIMENTOS NOS TURNOS DA MANHA E A TARDE;22;M;Não;Não;NAO;Não;Não;Não;Sim;-15.594788221393193;-56.10191022715989;3624-1248;2025-09-03
6864910;CEDILAB INEC;DIAGNOSTICOS DA AMERICA S A;510340;Cuiabá;Sim;Sim;JARDIM CUIABA;DAS FLORES;MUNICIPAL;;ATENDIMENTOS NOS TURNOS DA MANHA E A TARDE;39;M;;Não;NAO;;;;Não;-16.2470922;-56.6194462;11 41975494;2025-09-03
6868673;SORRICENTER;LALIANE C DO A SIQUEIRA ME;510340;Cuiabá;Sim;Sim;POPULAR;AVENIDA SAO SEBASTIAO;MUNICIPAL;;ATENDIMENTOS NOS TURNOS DA MANHA E A TARDE;36;M;Não;Não;NAO;Não;Não;Não;Sim;-15.59435749984465;-56.10501068986123;(65) 3322-9106;2025-09-03
6877664;W M CORREA EXAMES NEUROLOGICOS;W M CORREA EXAMES NEUROLOGICOS;510340;Cuiabá;Sim;Sim;BOSQUE DA SAUDE;ACLIMACAO;MUNICIPAL;;ATENDIMENTOS NOS TURNOS DA MANHA E A TARDE;22;M;Não;Não;NAO;Não;Não;Não;Sim;-16.2470922;-56.6194462;65 99439393;2025-09-03
6885225;ESPACO FISIO MULHER;ESPACO FISIO SERVICOS EM FISIOTERAPIA LTDA ME;510340;Cuiabá;Sim;Sim;CPA I;AVENIDA JOINVILLE;MUNICIPAL;;ATENDIMENTOS NOS TURNOS DA MANHA E A TARDE;36;M;Não;Não;NAO;Não;Não;Não;Sim;-15.5587974;-56.0538508;(65) 3054-0952;2025-09-03
6893708;ANA CAROLINA ALVES FELICIANO DE SOUSA SANTOS;ANA CAROLINA ALVES FELICIANO DE SOUSA SANTOS;510340;Cuiabá;Sim;Sim;POPULAR;AVENIDA SENADOR FILINTO MULLER;MUNICIPAL;;ATENDIMENTOS NOS TURNOS DA MANHA E A TARDE;22;M;Não;Não;NAO;Não;Não;Não;Sim;-15.590785112678105;-56.107446350951264;;2025-10-11
6894593;NEZER HUSSEIN REICHEMBACH FARES;NEZER HUSSEIN REICHEMBACH FARES;510340;Cuiabá;Sim;Sim;BOSQUE DA SAUDE;AV ACLIMACAO;MUNICIPAL;;ATENDIMENTOS NOS TURNOS DA MANHA E A TARDE;22;M;Não;Não;NAO;Não;Não;Não;Sim;-15.586017116444761;-56.07946867214676;(65) 3052-3333;2025-09-03
6897983;INSTITUTO DA VISAO CUIABA;INSTITUTO DA VISAO OFTALMOLOGIA CUIABA LTDA;510340;Cuiabá;Sim;Sim;CENTRO SUL;RUA BARAO DE MELGACO;MUNICIPAL;;ATENDIMENTOS NOS TURNOS DA MANHA E A TARDE;22;M;Não;Não;NAO;Não;Não;Não;Sim;-15.610172533437327;-56.11160501309031;(65)3623-4995;2025-09-03
6901999;CEDILAB AME;DIAGNOSTICOS DA AMERICA S A;510340;Cuiabá;Sim;Sim;ARAES;DESEMBARGADOR JOSE DE MESQUITA;MUNICIPAL;;ATENDIMENTOS NOS TURNOS DA MANHA E A TARDE;39;M;Não;Não;NAO;Não;Não;Não;Não;-15.587995928171257;-56.0918122182083;11 41975494;2025-10-11
6910378;RENATA FIGUEIRA LISBOA ROMANI;RENATA FIGUEIRA LISBOA ROMANI;510340;Cuiabá;Sim;Sim;BANDEIRANTES;RUA BALTAZAR NAVARROS;MUNICIPAL;;ATENDIMENTOS NOS TURNOS DA MANHA E A TARDE;22;M;Não;Não;NAO;Não;Não;Não;Sim;-15.601670021456693;-56.08984809479677;(65) 3052-8475;2025-11-27
6910386;INSTITUTO NEUROLOGICO E DA COLUNA VERTEBRAL;INSTITUTO NEUROLOGICO DE CUIABA SOCIEDADE SIMPLES;510340;Cuiabá;Sim;Sim;CENTRO SUL;BARAO DE MELGACO;MUNICIPAL;;ATENDIMENTOS NOS TURNOS DA MANHA E A TARDE;36;M;Não;Não;NAO;Não;Não;Não;Sim;-15.603769825242876;-56.1036191202102;65 33228186;2025-11-04
6911811;STJ ASSESSORIA CONSULTORIA E TREINAMENTO;JOSIANE TOMAZ DA SILVA;510340;Cuiabá;Sim;Sim;CPA II;RUA FONTANILHAS;MUNICIPAL;;ATENDIMENTOS NOS TURNOS DA MANHA E A TARDE;22;M;Não;Não;NAO;Não;Não;Não;Sim;-15.563061914087514;-56.05117936074925;(65) 3641-5569;2025-09-03
6914373;AMAURY ANTONIO ALVES DOS SANTOS;AMAURY ANTONIO ALVES DOS SANTOS;510340;Cuiabá;Sim;Sim;CENTRO NORTE;RUA FLORIANO PEIXOTO;MUNICIPAL;;ATENDIMENTO SOMENTE PELA MANHA;22;M;Não;Não;NAO;Não;Não;Não;Sim;-15.593473300602927;-56.09887497379967;(65) 3028-5600;2025-09-03
6918964;COOPERMED;COOPERATIVA DE TRABALHO MEDICO DE CUIABA LTDA;510340;Cuiabá;Sim;Sim;BOSQUE DA SAUDE;HISTORIADOR RUBENS DE MENDONCA;MUNICIPAL;;;60;M;;Não;NAO;;;;Não;-15.58520250986511;-56.079877102550824;65 30524560;2025-10-17
6919588;PSCOLL;C P DE LARA FERNANDES ME;510340;Cuiabá;Sim;Sim;BOA ESPERANCA;RUA CANDIDO DE JORGE ANT 59;MUNICIPAL;;ATENDIMENTO SOMENTE A TARDE;22;M;Não;Não;NAO;Não;Não;Não;Sim;-15.596;-56.097;(65) 3627-4183;2025-09-03
6920101;ELABORAR PSICOLOGIA CLINICA;J A DA ROCHA DA SILVA ME;510340;Cuiabá;Sim;Sim;QUILOMBO;RUA FILINTO MULLER;MUNICIPAL;;ATENDIMENTOS NOS TURNOS DA MANHA E A TARDE;22;M;Não;Não;NAO;Não;Não;Não;Não;-15.596;-56.097;3621-2087;2025-09-03
6922775;ANGELA IARA BALDISSERA;ANGELA IARA BALDISSERA;510340;Cuiabá;Sim;Sim;MORADA DA SERRA;RUA POXOREU;MUNICIPAL;;ATENDIMENTOS NOS TURNOS DA MANHA E A TARDE;22;M;Não;Não;NAO;Não;Não;Não;Sim;-15.579594755098128;-56.02321983249682;(65) 3641-9927;2025-09-03
6923089;HOSPITAL OTORRINO;HOSPITAL OTORRINO LTDA;510340;Cuiabá;Sim;Sim;ARAES;TENENTE EULALIO GUERRA;MUNICIPAL;;ATENDIMENTO CONTINUO DE 24 HORAS/DIA (PLANTAO:INCLUI SABADOS, DOMINGOS E FERIADOS);5;M;Sim;Sim;SIM;Sim;Não;Não;Sim;-15.5892663;-56.0937694;65 21288000;2025-09-03
6934854;CLINICA NEUROCARDIO E DERMIS;CLINICA MEDICA NEUROCARDIO E DERMIS LTDA ME;510340;Cuiabá;Sim;Sim;JARDIM MARIANA;RUA ADEL MALOUF SALA 02;MUNICIPAL;;ATENDIMENTOS NOS TURNOS DA MANHA E A TARDE;22;M;Não;Não;NAO;Não;Não;Não;Sim;-15.578906860707251;-56.11088538727089;(65) 3618-8185;2025-09-03
6940331;DERLY DE JESUS RODRIGUES CARDOZO;DERLY DE JESUS RODRIGUES CARDOZO;510340;Cuiabá;Sim;Sim;CENTRO SUL;RUA BARAO DE MELGACO;MUNICIPAL;;ATENDIMENTOS NOS TURNOS DA MANHA E A TARDE;22;M;Não;Não;NAO;Não;Não;Não;Não;-15.603984526384625;-56.10435674991685;(65) 3054-5331;2025-09-03
6951937;ULTRA VISION;M F SERVICOS MEDICOS LTDA;510340;Cuiabá;Sim;Sim;CENTRO SUL;RUA TREZE DE JUNHO;MUNICIPAL;;ATENDIMENTOS NOS TURNOS DA MANHA E A TARDE;22;M;Não;Não;NAO;Não;Não;Não;Sim;-15.603883816322089;-56.10025273165644;(65) 3054-7144;2025-11-27
6986196;REUMACENTRO;BIO CENTRO DE INFUSAO E ATENDIMENTO REUMATOLOGICO LTDA;510340;Cuiabá;Sim;Sim;GOIABEIRAS;LEO EDILBERTO GRIGGI;MUNICIPAL;;ATENDIMENTOS NOS TURNOS DA MANHA E A TARDE;36;M;Não;Não;NAO;Não;Não;Não;Não;-15.594055271536295;-56.103959125221685;65 98114-6464;2025-11-27
6991696;NUCLEUS CITOLOGIA CLINICA;HELIO DE CAMPOS LEITE JUNIOR;510340;Cuiabá;Sim;Sim;NOSSA SENHORA APAREC;H 8;MUNICIPAL;;ATENDIMENTOS NOS TURNOS DA MANHA E A TARDE;39;M;Não;Não;NAO;Não;Não;Não;Sim;-15.596;-56.097;65 36657853;2025-09-03
6999549;CLINICA DE ANESTESIOLOGIA DO HOSPITAL DE OLHOS;CLINICA DE ANESTESIOLOGIA DO HOSPITAL DE OLHOS;510340;Cuiabá;Sim;Sim;JD CUIABA;AV RAMIRO DE NORONHA;MUNICIPAL;;ATENDIMENTOS NOS TURNOS DA MANHA E A TARDE;22;M;Não;Não;NAO;Não;Não;Não;Não;-15.596;-56.097;3023-3372;2025-09-03
7003161;J C IMAGENS;J C SERVICOS TECNICOS EM RADIOLOGIA LTDA;510340;Cuiabá;Sim;Sim;BANDEIRANTES;GENERAL VALE;MUNICIPAL;;ATENDIMENTO CONTINUO DE 24 HORAS/DIA (PLANTAO:INCLUI SABADOS, DOMINGOS E FERIADOS);39;M;Não;Não;SIM;Não;Não;Não;Sim;-15.602199168821198;-56.092879954473844;65 84130012;2025-09-03
7003099;QUALIMAGEM;QUALIMAGEM SERVICOS DIAGNOSTICOS POR IMAGEM LTDA ME;510340;Cuiabá;Sim;Sim;BANDEIRANTES;AVENIDA GENERAL VALLE;MUNICIPAL;;ATENDIMENTO CONTINUO DE 24 HORAS/DIA (PLANTAO:INCLUI SABADOS, DOMINGOS E FERIADOS);39;M;Não;Não;SIM;Não;Não;Não;Sim;-15.596;-56.097;06530542478;2025-09-03
7003811;ONCOLOG;ONCOLOG CLINICA DE TRATAMENTO E PESQUISA EM HEMATOLOGIA E ON;510340;Cuiabá;Sim;Sim;MORADA DA SERRA;HISTORIADOR RUBENS DE MENDONCA;MUNICIPAL;;ATENDIMENTOS NOS TURNOS DA MANHA E A TARDE;36;M;Não;Não;NAO;Não;Não;Não;Sim;-15.589499214378725;-56.08538823904227;65 81143619;2025-09-03
7011180;INSTITUTO DE OLHOS DE CUIABA;DORISMAR RODRIGUES DOS SANTOS;510340;Cuiabá;Sim;Sim;CENTRO;CANDIDO MARIANO;MUNICIPAL;;ATENDIMENTOS NOS TURNOS DA MANHA E A TARDE;22;M;Não;Não;NAO;Não;Não;Não;Não;-15.59423410585303;-56.09864918725934;;2025-09-03
7015682;SANDRA MARIA GUIMARAES DOS SANTOS RANGEL;SANDRA MARIA GUIMARAES DOS SANTOS RANGEL;510340;Cuiabá;Sim;Sim;BANDEIRANTES;AVENIDA GENERAL VALE;MUNICIPAL;;ATENDIMENTOS NOS TURNOS DA MANHA E A TARDE;22;M;Não;Não;NAO;Não;Não;Não;Não;-15.60215670168411;-56.092487778084944;36243424;2025-09-03
7017650;DSEI CUIABA;DISTRITO SANITARIO ESPECIAL INDIGENA DE CUIABA;510340;Cuiabá;Sim;Sim;GOIABEIRAS;RUA RUI BARBOSA;MUNICIPAL;;ATENDIMENTOS NOS TURNOS DA MANHA E A TARDE;72;M;Não;Não;NAO;Não;Não;Não;Não;-15.354941;-56.061801;65-40429947;2025-09-03
7026145;JANDER RUELA PEREIRA;JANDER RUELA PEREIRA;510340;Cuiabá;Sim;Sim;LIXEIRA;AVENIDA JOAO GOMES MONTEIRO SOBRINHO;MUNICIPAL;;ATENDIMENTOS NOS TURNOS DA MANHA E A TARDE;22;M;Não;Não;NAO;Não;Não;Não;Sim;-15.5973247;-56.0828534;(65) 3322-4313;2025-09-03
7030045;DAYSE DO VALLE OLIVEIRA;DAYSE DO VALLE OLIVEIRA;510340;Cuiabá;Sim;Sim;JARDIM CUIABA;AVENIDA DAS FLORES;MUNICIPAL;;ATENDIMENTO SOMENTE A TARDE;22;M;Não;Não;NAO;Não;Não;Não;Não;-15.595683619585602;-56.11228158992713;(65) 3623-1323;2025-09-03
7057172;ODONTO SAUDE;ODONTO SAUDE CLINICA ODONTOLOGICA LTDA;510340;Cuiabá;Sim;Sim;CENTRO;VOLUNTARIOS DA PATRIA;MUNICIPAL;;ATENDIMENTOS NOS TURNOS DA MANHA E A TARDE;22;M;Não;Não;NAO;Não;Não;Não;Sim;-15.593553785978024;-56.09692020282959;65 36448534;2025-09-03
7068042;CENTRAL DE REGULACAO DAS URGENCIAS SAMU 192 SUS MT;SECRETARIA DE ESTADO DE SAUDE DE MATO GROSSO;510340;Cuiabá;Sim;Sim;CENTRO SUL;AVENIDA COMANDANTE COSTA;ESTADUAL;;ATENDIMENTO CONTINUO DE 24 HORAS/DIA (PLANTAO:INCLUI SABADOS, DOMINGOS E FERIADOS);76;E;Não;Não;NAO;Não;Não;Não;Sim;-15.599704826304324;-56.10236048698425;(65) 3317-3200;2025-09-03
7068735;ANESTPLAN;SERVICO DE ANESTESIOLOGIA PLANEJADA LTDA;510340;Cuiabá;Sim;Sim;GOIABEIRAS;IPIRANGA;MUNICIPAL;;ATENDIMENTOS NOS TURNOS DA MANHA E A TARDE;22;M;Não;Não;NAO;Não;Não;Não;Não;-15.596055512669484;-56.10536108363553;65 30287328;2025-09-03
7074182;VISAO CLINICA E CIRURGIA DE OLHOS;SANCHES OLIVEIRA SANCHES OLIVEIRA LTDA;510340;Cuiabá;Sim;Sim;CENTRO SUL;COMANDANTE COSTA;MUNICIPAL;;ATENDIMENTOS NOS TURNOS DA MANHA E A TARDE;22;M;Não;Não;NAO;Não;Não;Não;Não;-15.60429751875131;-56.1056593762339;65 30283003;2025-09-03
7074220;CLINICA DO TORAX;CLINICA DO TORAX SERVICOS MEDICOS LTDA;510340;Cuiabá;Sim;Sim;CENTRO SUL;COMANDANTE COSTA;MUNICIPAL;;ATENDIMENTOS NOS TURNOS DA MANHA E A TARDE;22;M;Não;Não;NAO;Não;Não;Não;Não;-15.601320318546685;-56.10354228805792;65 30287328;2025-09-03
7074247;SMCP;SERVICO MEDICO EM CIRURGIA PEDIATRICA LTDA;510340;Cuiabá;Sim;Sim;JARDIM CUIABA;AVENIDA DAS FLORES;MUNICIPAL;;ATENDIMENTOS NOS TURNOS DA MANHA E A TARDE;22;M;Não;Não;NAO;Não;Não;Não;Não;-15.594404363683177;-56.11952832287028;;2025-11-27
7084749;CYNARA MONIZ FIGUEIRA;CYNARA MONIZ FIGUEIRA;510340;Cuiabá;Sim;Sim;CENTRO SUL;RUA BARAO DE MELGACO;MUNICIPAL;;ATENDIMENTOS NOS TURNOS DA MANHA E A TARDE;22;M;Não;Não;NAO;Não;Não;Não;Sim;-15.603653574243971;-56.103586934568895;(65) 3023-1920;2025-10-17
7088582;CLINICA SORRIDENTE;OSMAR LOPES DE ALMEIDA JUNIOR;510340;Cuiabá;Sim;Sim;PARQUE OHARA;AVENIDA FERNANDO CORREA DA COSTA;MUNICIPAL;;ATENDIMENTOS NOS TURNOS DA MANHA E A TARDE;22;M;Não;Não;NAO;Não;Não;Não;Não;-15.631594044459561;-56.050514331502775;(65) 3661-3044;2025-09-03
7090196;NEUROCIRURGIA DO CENTRO OESTE;NEUROCIRURGIA DO CENTRO OESTE SERVICOS MEDICOS LTDA;510340;Cuiabá;Sim;Sim;BAU;AVENIDA RUBENS DE MENDONCA;MUNICIPAL;;ATENDIMENTOS NOS TURNOS DA MANHA E A TARDE;22;M;Não;Não;NAO;Não;Não;Não;Não;-15.589309565871643;-56.083737847881274;(65) 3623-4995;2025-11-13
7098871;CLINICA ODONTOLOGICA PRATA;R A PRATA E CIA LTDA;510340;Cuiabá;Sim;Sim;LIXEIRA;AV JOAO GOMES SOBRINHO;MUNICIPAL;;ATENDIMENTOS NOS TURNOS DA MANHA E A TARDE;36;M;Não;Não;NAO;Não;Não;Não;Sim;-15.597749108679198;-56.08480219663473;3321-7515;2025-09-03
7102976;SAMU 192 CUIABA USA A1;SECRETARIA DE ESTADO DE SAUDE DE MATO GROSSO;510340;Cuiabá;Sim;Sim;ALVORADA;RUA ORIENTE TENUTA;ESTADUAL;;ATENDIMENTO CONTINUO DE 24 HORAS/DIA (PLANTAO:INCLUI SABADOS, DOMINGOS E FERIADOS);42;E;;Não;NAO;;;;Não;-15.583687077803882;-56.08563423156738;(65) 3317-3200;2025-09-03
7102984;SAMU 192 CUIABA USB B1;SECRETARIA DE ESTADO DE SAUDE DE MATO GROSSO;510340;Cuiabá;Sim;Sim;VERDAO;AVENIDA AGRICOLA PAES DE BARROS;ESTADUAL;;ATENDIMENTO CONTINUO DE 24 HORAS/DIA (PLANTAO:INCLUI SABADOS, DOMINGOS E FERIADOS);42;E;;Não;NAO;;;;Sim;-15.59836661709688;-56.09452307224274;(65) 3317-3200;2025-09-03
7103050;SAMU 192 CUIABA USB B2;SECRETARIA DE ESTADO DE SAUDE DE MATO GROSSO;510340;Cuiabá;Sim;Sim;COOPHEMA;AVENIDA ADAUTO BOTELHO;ESTADUAL;;ATENDIMENTO CONTINUO DE 24 HORAS/DIA (PLANTAO:INCLUI SABADOS, DOMINGOS E FERIADOS);42;E;;Não;NAO;;;;Não;-15.639113496492676;-55.980963706970215;(65) 3317-3200;2025-09-03
7103069;SAMU 192 CUIABA USB B3;SECRETARIA DE ESTADO DE SAUDE DE MATO GROSSO;510340;Cuiabá;Sim;Sim;MORADA DO OURO;RUA 17 QUADRA 26;ESTADUAL;;ATENDIMENTO CONTINUO DE 24 HORAS/DIA (PLANTAO:INCLUI SABADOS, DOMINGOS E FERIADOS);42;E;;Não;NAO;;;;Não;-15.570375895296708;-56.05450451374054;(65) 3317-3200;2025-09-03
7103077;SAMU 192 CUIABA USB MOTO NJT2723;SECRETARIA ESTADUAL DE SAUDE DE MATO GROSSO;510340;Cuiabá;Sim;Sim;CENTRO SUL;AVENIDA PRAINHA;ESTADUAL;;ATENDIMENTOS NOS TURNOS DA MANHA E A TARDE;42;E;;Não;NAO;;;;Sim;-15.582369433203176;-56.082560420036316;(65) 3317-3200;2026-06-11
7106211;CENTRO ODONTOLOGICO PEDRA 90;VIVIANY ALMEIDA PEREIRA DA SILVA LOPES;510340;Cuiabá;Sim;Sim;PEDRA 90;NEWTON RABELLO DE CASTRO;MUNICIPAL;;ATENDIMENTOS NOS TURNOS DA MANHA E A TARDE;36;M;Não;Não;NAO;Não;Não;Não;Não;-15.630788422238933;-55.96161876471659;65 84053960;2025-09-03
7107471;NUCLEO DE ESTETICA E SAUDE ODONTOLOGICA LTDA;NUCLEO DE ESTETICA E SAUDE ODONTOLOGICA LTDA;510340;Cuiabá;Sim;Sim;CENTRO NORTE;ISAAC POVOAS;MUNICIPAL;;ATENDIMENTOS NOS TURNOS DA MANHA E A TARDE;22;M;Não;Não;NAO;Não;Não;Não;Não;-15.596359587157558;-56.10021210527914;65 30273125;2025-09-03
7108702;LUCIANA BELON FERNANDES ZAGO;LUCIANA BELON FERNANDES ZAGO;510340;Cuiabá;Sim;Sim;BOSQUE DA SAUDE;AVENIDA HISTORIADOR RUBENS DE MENDONCA;MUNICIPAL;;ATENDIMENTOS NOS TURNOS DA MANHA E A TARDE;22;M;Não;Não;NAO;Não;Não;Não;Sim;-15.581160129365072;-56.07763068976327;(65) 3642-6111;2025-11-27
7111061;CONSULTORIO ODONTOLOGICO BERNAR MONTEIRO BENITES;BERNAR MONTEIRO BENITES;510340;Cuiabá;Sim;Sim;CENTRO SUL;RUA COMANDANTE COSTA;MUNICIPAL;;ATENDIMENTOS NOS TURNOS DA MANHA E A TARDE;22;M;Não;Não;NAO;Não;Não;Não;Sim;-15.601124017557872;-56.10370723651589;(65) 3623-8521;2025-09-03
7113161;JAQUELINE DOS SANTOS JAVORSKI;JAQUELINE DOS SANTOS JAVORSKI;510340;Cuiabá;Sim;Sim;JARDIM CUIABA;AVENIDA DAS FLORES;MUNICIPAL;;ATENDIMENTOS NOS TURNOS DA MANHA E A TARDE;22;M;Não;Não;NAO;Não;Não;Não;Não;-15.59522269750831;-56.11382072924184;(65) 3622-0464;2025-09-03
7115776;MARIA LUCIA PINHEIRO PERRI;MARIA LUCIA PINHEIRO PERRI;510340;Cuiabá;Sim;Sim;CENTRO SUL;RUA BARAO DE MELGACO;MUNICIPAL;;ATENDIMENTO SOMENTE A TARDE;22;M;Não;Não;NAO;Não;Não;Não;Sim;-15.603762766058376;-56.10351382966606;(65) 3623-3592;2025-11-27
7127081;CLINCARDIO CLINICA CARDIOLOGICA LTDA;CLINCARDIO CLINICA CARDIOLOGICA LTDA;510340;Cuiabá;Sim;Sim;BOSQUE DA SAUDE;ACLIMACAO;MUNICIPAL;;ATENDIMENTOS NOS TURNOS DA MANHA E A TARDE;36;M;Não;Não;NAO;Não;Não;Não;Não;-15.58734532886141;-56.077442363470446;65 36220220;2025-09-03
7139055;CLIM CLINICA DE IMPLANTES DENTARIOS;CLINICA ODONTOLOGICA REABILITA LTDA;510340;Cuiabá;Sim;Sim;BOSQUE;PRESIDENTE MARQUES;MUNICIPAL;;ATENDIMENTOS NOS TURNOS DA MANHA E A TARDE;36;M;Não;Não;NAO;Não;Não;Não;Sim;-15.596;-56.097;65 36233125;2025-09-03
7144156;VIVIAN UEMURA;VIVIAN UEMURA;510340;Cuiabá;Sim;Sim;JARDIM ACLIMACAO;AV RUBENS DE MENDONCA HIST;MUNICIPAL;;ATENDIMENTOS NOS TURNOS DA MANHA E A TARDE;22;M;Não;Não;NAO;Não;Não;Não;Não;-15.579556255240936;-56.07773015490852;(65) 3054-3795;2025-11-27
7164424;CLINICA DE DOR DR JOSE REINALDO COUTINHO;CLINICA DE DOR DR JOSE REINALDO COUTINHO LTDA;510340;Cuiabá;Sim;Sim;BOSQUE DA SAUDE;RUA ACLIMACAO;MUNICIPAL;;ATENDIMENTOS NOS TURNOS DA MANHA E A TARDE;22;M;Não;Não;NAO;Não;Não;Não;Não;-15.587295746839073;-56.0774937007717;(65) 3051-2258;2025-09-03
7166052;ODONTOCUIABA;CLINICA ODONTOLOGICA CUIABA LTDA;510340;Cuiabá;Sim;Sim;CENTRO SUL;PRACA JOSE RACHID JAUDY;MUNICIPAL;;ATENDIMENTOS NOS TURNOS DA MANHA E A TARDE;22;M;Não;Não;NAO;Não;Não;Não;Sim;-15.597823411669461;-56.09951302185279;3322-0082;2025-09-03
7177062;HELENE NASCIMENTO ARAUJO;HELENE NASCIMENTO ARAUJO;510340;Cuiabá;Sim;Sim;DUQUE DE CAXIAS;R MARECHAL FLORIANO PEIXOTO;MUNICIPAL;;ATENDIMENTOS NOS TURNOS DA MANHA E A TARDE;22;M;Não;Não;NAO;Não;Não;Não;Não;-15.586980728715409;-56.10970227583507;3023-3241;2025-09-03
7189931;APAE CUIABA;ASSOCIACAO DE PAIS E AMIGOS DOS EXCEPCIONAIS DE CUIABA;510340;Cuiabá;Sim;Sim;CENTRO SUL;RUA MAJOR GAMA;ESTADUAL;;ATENDIMENTOS NOS TURNOS DA MANHA E A TARDE;39;E;Não;Não;SIM;Não;Não;Não;Não;-15.607227569682227;-56.100289821624756;(65) 3322-8853;2025-09-03
7193777;LUIS EDUARDO SHIGUEKI MASHIMA;LUIS EDUARDO SHIGUEKI MASHIMA;510340;Cuiabá;Sim;Sim;ALVORADA;AV RUBENS DE MENDONCA;MUNICIPAL;;ATENDIMENTOS NOS TURNOS DA MANHA E A TARDE;22;M;Não;Não;NAO;Não;Não;Não;Sim;-15.58110199742424;-56.077444276207025;3642-3612;2025-11-27
7199228;MARCOS FONSECA;MARCOS FONSECA;510340;Cuiabá;Sim;Sim;CENTRO NORTE;RUA 13;MUNICIPAL;;ATENDIMENTOS NOS TURNOS DA MANHA E A TARDE;22;M;Não;Não;NAO;Não;Não;Não;Sim;-15.600330672751337;-56.09658475737178;3025-1234;2025-12-17
7199252;ROGERIA CINTYA BATISTA E SILVA;ROGERIA CINTYA BATISTA E SILVA;510340;Cuiabá;Sim;Sim;CENTRO NORTE;RUA 13 JUNHO;MUNICIPAL;;ATENDIMENTOS NOS TURNOS DA MANHA E A TARDE;22;M;Não;Não;NAO;Não;Não;Não;Sim;-15.599720893613181;-56.09647836685445;3025-1234;2025-09-03
7200331;HOSPITAL OTORRINO CENTRO MEDICO II PORTO;ORL SERVICOS MEDICOS LTDA;510340;Cuiabá;Sim;Sim;PORTO;MAJOR GAMA;MUNICIPAL;;ATENDIMENTOS NOS TURNOS DA MANHA E A TARDE;22;M;Não;Não;NAO;Não;Não;Não;Sim;-15.6087082;-56.0986119;65 21288000;2025-09-03
7204485;MARILIA DE ORNELLAS SIVIERI;MARILIA DE ORNELLAS SIVEIRI;510340;Cuiabá;Sim;Sim;CENTRO SUL;AV HISTORIADOR RUBENS DE MENDONCA;MUNICIPAL;;ATENDIMENTOS NOS TURNOS DA MANHA E A TARDE;22;M;Não;Não;NAO;Não;Não;Não;Sim;-15.593277841618969;-56.0912051070397;3624-2609;2025-11-27
7221460;CENTER CLINICA;CENTER CLINICA CENTRO ODONTOLOGICO S S;510340;Cuiabá;Sim;Sim;CENTRO SUL;RUA ANTONIO JOAO;MUNICIPAL;;ATENDIMENTOS NOS TURNOS DA MANHA E A TARDE;22;M;Não;Não;NAO;Não;Não;Não;Sim;-15.599662017303155;-56.09594975061413;3624-2815;2025-09-03
7221487;CURAT SERVICOS MEDICOS ESPECIALIZADOS;CURAT SERVICOS MEDICOS ESPECIALIZADOS LTDA;510340;Cuiabá;Sim;Sim;RIBEIRAO DA PONTE;MIGUEL SUTIL;MUNICIPAL;;ATENDIMENTOS NOS TURNOS DA MANHA E A TARDE;36;M;Não;Não;NAO;Não;Não;Não;Não;-15.596;-56.097;65 30545544;2026-02-14
7223684;LAURA NEYA NOGUEIRA DE ALMEIDA;LAURA NEYA NOGUEIRA DE ALMEIDA;510340;Cuiabá;Sim;Sim;JD LEBLON;RUA SETE DE JANEIRO;MUNICIPAL;;ATENDIMENTOS NOS TURNOS DA MANHA E A TARDE;22;M;Não;Não;NAO;Não;Não;Não;Sim;-15.5959592;-56.0758943;3653-7776;2025-09-03
7223692;ADRIANA FRANGE CALDAS;ADRIANA FRANGE CALDAS;510340;Cuiabá;Sim;Sim;JD LEBLON;RUA 7 DE JANEIRO;MUNICIPAL;;ATENDIMENTOS NOS TURNOS DA MANHA E A TARDE;22;M;Não;Não;NAO;Não;Não;Não;Sim;-15.596;-56.097;3653-1326;2025-09-03
7228139;JUAREZ PENSO JUNIOR;JUAREZ PENSO JUNIOR;510340;Cuiabá;Sim;Sim;JD AMERICA;AV FILINTO MULLER;MUNICIPAL;;ATENDIMENTOS NOS TURNOS DA MANHA E A TARDE;22;M;Não;Não;NAO;Não;Não;Não;Sim;-15.581349794091429;-56.100829461730584;9607-7184;2025-11-27
7230389;INFINITY MAIS SAUDE;JENR DE MORAIS E CIA LTDA;510340;Cuiabá;Sim;Sim;JD EUROPA;RUA ALEMANHA;MUNICIPAL;;ATENDIMENTO CONTINUO DE 24 HORAS/DIA (PLANTAO:INCLUI SABADOS, DOMINGOS E FERIADOS);77;M;Não;Não;NAO;Não;Não;Não;Não;-15.6398083;-55.9981764;9614-6113/9913-0813;2025-09-03
7245793;JACARANDA CENTRO DE RECUPERACAO;MARIA CELIA XAVIER CHECCHIN ME;510340;Cuiabá;Sim;Sim;RIBEIRAO DO LIPA;RUA MARIA DA SILVA;MUNICIPAL;;ATENDIMENTO CONTINUO DE 24 HORAS/DIA (PLANTAO:INCLUI SABADOS, DOMINGOS E FERIADOS);22;M;Não;Não;NAO;Não;Não;Não;Não;-15.596;-56.097;3631-3302;2025-09-03
7247427;LORIAN DE SOUZA BOURET;LORIAN DE SOUZA BOURET;510340;Cuiabá;Sim;Sim;JD MARIANA;AV MIGUEL SUTIL;MUNICIPAL;;ATENDIMENTOS NOS TURNOS DA MANHA E A TARDE;22;M;Não;Não;NAO;Não;Não;Não;Sim;-15.58265075009636;-56.11178148336157;3626-1597;2025-11-27
7247923;ELAINE TOMIE LEITE TOGUE;ELAINE TOMIE LEITE TOGUE;510340;Cuiabá;Sim;Sim;JD CUIABA;AV OITO DE ABRIL;MUNICIPAL;;ATENDIMENTOS NOS TURNOS DA MANHA E A TARDE;22;M;Não;Não;NAO;Não;Não;Não;Não;-15.594963471762085;-56.117694548283104;;2025-10-17
7257678;QUALIS SERVICOS MEDICOS;QUALIS SERVICOS MEDICOS LTDA;510340;Cuiabá;Sim;Sim;BOSQUE DA SAUDE;RUA PRIMAVERA;MUNICIPAL;;ATENDIMENTOS NOS TURNOS DA MANHA E A TARDE;36;M;Não;Não;NAO;Não;Não;Não;Não;-15.596;-56.097;3052-9280;2025-09-03
7263813;UNIDADE DE PRONTO ATENDIMENTO MORADA DO OURO;SECRETARIA MUNICIPAL DE CUIABA;510340;Cuiabá;Sim;Sim;MORADA DO OURO;AV TANCREDO NEVES;MUNICIPAL;;ATENDIMENTO CONTINUO DE 24 HORAS/DIA (PLANTAO:INCLUI SABADOS, DOMINGOS E FERIADOS);73;M;Não;Não;SIM;Não;Não;Não;Sim;-15.5541883;-56.043811;3645 - 5700;2025-09-03
7270097;ODONTO FACIL;ODONTOPLUS CLINICA ODONTOLOGICA LTDA;510340;Cuiabá;Sim;Sim;NOVO HORIZONTE;DOS TRABALHADORES;MUNICIPAL;;ATENDIMENTOS NOS TURNOS DA MANHA E A TARDE;22;M;Não;Não;NAO;Não;Não;Não;Sim;-15.596;-56.097;65 36230500;2025-09-03
7270119;MIGUEL LUIZ DE SERRA CANNO;MIGUEL LUIZ DE SERRA CANNO;510340;Cuiabá;Sim;Sim;CENTRO SUL;AV ISAAC POVOAS;MUNICIPAL;;ATENDIMENTOS NOS TURNOS DA MANHA E A TARDE;22;M;Não;Não;NAO;Não;Não;Não;Sim;;;3624-2545;2025-09-03
7270127;VANIA DE MELO VIANA ME;VANIA DE MELO VIANA ME;510340;Cuiabá;Sim;Sim;JARDIM MARIANA;AV MIGUEL SUTIL SALA 1108;MUNICIPAL;;ATENDIMENTOS NOS TURNOS DA MANHA E A TARDE;22;M;Não;Não;NAO;Não;Não;Não;Sim;-15.582584867734258;-56.111740579807474;(065) 3052-8431;2025-11-27
7270151;CLINICA BORDA DO CAMPO;ALVARO ARCANJO DA COSTA JUNIOR;510340;Cuiabá;Sim;Sim;BANDEIRANTES;RUA CORONEL PEIXOTO;MUNICIPAL;;ATENDIMENTOS NOS TURNOS DA MANHA E A TARDE;22;M;Não;Não;NAO;Não;Não;Não;Sim;-15.60039010947483;-56.095489782018475;(065) 3322-6823;2025-09-03
7273541;FLAVIO KEKUCHI QUEIROZ;FLAVIO KEKUCHI QUEIROZ;510340;Cuiabá;Sim;Sim;BOA ESPERANCA;AVENIDA EDGAR VIEIRA;MUNICIPAL;;ATENDIMENTOS NOS TURNOS DA MANHA E A TARDE;22;M;Não;Não;NAO;Não;Não;Não;Sim;-15.615131239897666;-56.070147957432646;(65) 3025-1251;2025-09-03
7275129;MILTON MINORU MATSUOKA;MILTON MINORU MATSUOKA;510340;Cuiabá;Sim;Sim;CENTRO SUL;AV MARECHAL DEODORO;MUNICIPAL;;ATENDIMENTOS NOS TURNOS DA MANHA E A TARDE;22;M;Não;Não;NAO;Não;Não;Não;Sim;-15.59569536432634;-56.10326298556577;;2025-11-27
7275137;LABORATORIO DE PROTESE MATSUOKA;LABORATORIO DE PROTESE MATSUOKA LTDA;510340;Cuiabá;Sim;Sim;ARAES;AV MARECHAL DEODORO;MUNICIPAL;;ATENDIMENTOS NOS TURNOS DA MANHA E A TARDE;39;M;;Não;NAO;;;;Não;-15.602180737891018;-56.107800903874754;(65)3621-1959;2025-11-13
7275145;JULIANA ZIGART BRUM CARMO;JULIANA ZIGART BRUM CARMO;510340;Cuiabá;Sim;Sim;CENTRO;RUA MARECHAL DEODORO;MUNICIPAL;;ATENDIMENTO COM TURNOS INTERMITENTES;22;M;Não;Não;NAO;Não;Não;Não;Sim;-15.589574800174741;-56.09840384325292;(65)3321-3000;2025-09-03
7275153;IDEN INSTITUTO DERMATOLOGIA E NUTRICAO;GARCIA E PASQUALI GARCIA LTDA;510340;Cuiabá;Sim;Sim;BOSQUE DA SAUDE;AV BOSQUE DA SAUDE;MUNICIPAL;;ATENDIMENTOS NOS TURNOS DA MANHA E A TARDE;22;M;Não;Não;NAO;Não;Não;Não;Sim;-15.5917486;-56.0817635;3324-0000;2025-09-03
7275161;FRANCISCO CARLOS CERQUEIRA;FRANCISCO CARLOS CERQUEIRA;510340;Cuiabá;Sim;Sim;JD ACLIMACAO;AV RUBENS DE MENDONCA;MUNICIPAL;;ATENDIMENTOS NOS TURNOS DA MANHA E A TARDE;22;M;Não;Não;NAO;Não;Não;Não;Sim;-15.582624499661494;-56.07712102673465;(65)3642-4690;2025-09-03
7278284;RADIOFACE;RADIOLOGIA ODONTOLOGICA DE MATO GROSSO LTDA ME;510340;Cuiabá;Sim;Sim;BANDEIRANTES;RUA CORONEL PEIXOTO;MUNICIPAL;;ATENDIMENTOS NOS TURNOS DA MANHA E A TARDE;39;M;;Não;NAO;;;;Sim;-15.5996521;-56.0954147;;2025-09-03
7293542;IMAGENS;IMAGENS MEDICINA DIAGNOSTICA LTDA;510340;Cuiabá;Sim;Sim;BAU;CORUMBA;MUNICIPAL;;ATENDIMENTO NOS TURNOS DA MANHA, TARDE E NOITE;36;M;;Não;NAO;;;;Sim;-15.592571754798547;-56.08989923754335;65 30463400;2025-11-04
7293631;GRAZIELA NEVES DE OLIVEIRA;GRAZIELA NEVES DE OLIVEIRA;510340;Cuiabá;Sim;Sim;JD EUROPA;AVENIDA JORNALISTA JAQUES BRUNINI;MUNICIPAL;;ATENDIMENTOS NOS TURNOS DA MANHA E A TARDE;22;M;Não;Não;NAO;Não;Não;Não;Sim;-15.62009968606453;-56.08294978687393;(65)3634-1234;2025-09-03
7299516;COMPLEXO REGULADOR DE CUIABA;PREFEITURA MUNICIPAL DE CUIABA;510340;Cuiabá;Sim;Sim;CENTRO SUL;AVENIDA TEN CORONEL DUARTE;MUNICIPAL;;ATENDIMENTOS NOS TURNOS DA MANHA E A TARDE;81;M;;Não;SIM;;;;Não;-15.6033457;-56.0988928;36169101;2025-09-03
7304900;ODONTOLOGIA PATRICIA ANDRADE;ODONTOLOGIA PATRICIA ANDRADE;510340;Cuiabá;Sim;Sim;BOA ESPERANCA;RUA NOEMI EVANGELISTA MARTINS ANT 04;MUNICIPAL;;ATENDIMENTOS NOS TURNOS DA MANHA E A TARDE;22;M;Não;Não;NAO;Não;Não;Não;Sim;-15.613023012352386;-56.06371823532516;(65)3052-1010;2025-09-03
7315279;LIFE REPRODUCAO HUMANA;LIFE ASSISTENCIA MEDICA LTDA;510340;Cuiabá;Sim;Sim;JARDIM MARIANA;AV MIGUEL SUTIL;MUNICIPAL;;ATENDIMENTOS NOS TURNOS DA MANHA E A TARDE;36;M;Não;Não;NAO;Não;Não;Não;Sim;-15.594641918692968;-56.08845852144173;;2025-11-13
7315899;EQUILIBRIO NATURAL;JMT ODONTOLOGIA ESPECIALIZADA LTDA ME;510340;Cuiabá;Sim;Sim;QUILMBO;RUA CORSINO AMARANTE;MUNICIPAL;;ATENDIMENTOS NOS TURNOS DA MANHA E A TARDE;22;M;Não;Não;NAO;Não;Não;Não;Sim;-15.5902233;-56.100618912708;(65)3322-5665;2025-09-03
7316046;ROSANA RODRIGUES DOS SANTOS;ROSANA RODRIGUES DOS SANTOS;510340;Cuiabá;Sim;Sim;DUQUE DE CAXIAS;RUA ALMIRANTE HENRIQUE PINHEIRO GUEDES;MUNICIPAL;;ATENDIMENTOS NOS TURNOS DA MANHA E A TARDE;22;M;Não;Não;NAO;Não;Não;Não;Sim;-15.58790390728064;-56.11470480467064;(65)3623-3052;2025-11-27
7321503;CENTRO DE SAUDE SAO JOSE;CENTRO DE SAUDE E ODONTOLOGICO SAO JOSE LTDA;510340;Cuiabá;Sim;Sim;PEDRA 90;NEWTON RABELLO DE CASTRO;MUNICIPAL;;ATENDIMENTOS NOS TURNOS DA MANHA E A TARDE;36;M;Não;Não;NAO;Não;Não;Não;Sim;-15.6336361;-55.954353;65 36647160;2025-09-03
7341229;DENTECLIN;CLINICA ODONTOLOGICA CPA LTDA;510340;Cuiabá;Sim;Sim;CPA II;AV BRASIL;MUNICIPAL;;ATENDIMENTOS NOS TURNOS DA MANHA E A TARDE;36;M;Não;Não;NAO;Não;Não;Não;Sim;-15.596;-56.097;(65)3025-3999;2025-09-03
7341253;DR VIDAL GUERREIRO CIRURGIA PLASTICA;VIDAL GUERREIRO;510340;Cuiabá;Sim;Sim;BOSQUE DA SAUDE;RUA PRIMAVERA;MUNICIPAL;;ATENDIMENTOS NOS TURNOS DA MANHA E A TARDE;22;M;Não;Não;NAO;Não;Não;Não;Não;-15.6253382;-56.1570679;3052-9280/9969-6131;2025-09-03
7341296;ELIZANGELA SOCORRO DE OLIVEIRA;ELIZANGELA SOCORRO DE OLIVEIRA;510340;Cuiabá;Sim;Sim;CPA II;RUA PERNAMBUCO;MUNICIPAL;;ATENDIMENTOS NOS TURNOS DA MANHA E A TARDE;22;M;Não;Não;NAO;Não;Não;Não;Sim;-15.578471106669909;-56.12016010240956;(65)3359-0091;2025-10-17
7341342;CIPE CIRURGIA PEDIATRICA;CIPE CIRURGIA PEDIATRICA LTDA;510340;Cuiabá;Sim;Sim;BAU;CORUMBA;MUNICIPAL;;ATENDIMENTOS NOS TURNOS DA MANHA E A TARDE;36;M;Não;Não;NAO;Não;Não;Não;Não;-15.591599662380597;-56.08875507994853;65 99991229;2025-09-03
7341350;BARROS CARVALHO LTDA;BARROS CARVALHO LTDA;510340;Cuiabá;Sim;Sim;POCAO;AV GENERAL VALLE;MUNICIPAL;;ATENDIMENTOS NOS TURNOS DA MANHA E A TARDE;22;M;Não;Não;NAO;Não;Não;Não;Não;-15.570094263529274;-56.073349714279175;(65)3622-0007;2025-09-03
7349270;HOSPITAL MUNICIPAL SAO BENEDITO DE CUIABA;SECRETARIA MUNICIPAL DE SAUDE;510340;Cuiabá;Sim;Sim;QUILOMBO;AVENIDA SAO SEBASTIAO;MUNICIPAL;;ATENDIMENTO CONTINUO DE 24 HORAS/DIA (PLANTAO:INCLUI SABADOS, DOMINGOS E FERIADOS);5;M;Sim;Sim;SIM;Sim;Não;Não;Sim;-15.587239073491025;-56.09907901935753;6533130700;2026-02-25
7351844;ODONTOCLINIC CUIABA;ODONTOLOGIA CUIABA LTDA;510340;Cuiabá;Sim;Sim;CENTRO SUL;BARAO DE MELGACO;MUNICIPAL;;ATENDIMENTOS NOS TURNOS DA MANHA E A TARDE;22;M;Não;Não;NAO;Não;Não;Não;Sim;-15.600069488113482;-56.10003861818816;67 30267880;2025-09-03
7353480;IREDIR MARIA LACCAL DA SILVA;IREDIR MARIA LACCAL DA SILVA;510340;Cuiabá;Sim;Sim;SAO JOAO DEL REI;AVENIDA CARLOS ADAO DE SOUZA;MUNICIPAL;;ATENDIMENTOS NOS TURNOS DA MANHA E A TARDE;22;M;Não;Não;NAO;Não;Não;Não;Sim;-15.614641126568852;-55.99757015685392;(65)3665-1384;2025-09-03
7357966;IMMA;IMMA INSTITUTO MEDICOMATO GROSSENSE DE ACUPUNTURA LTDA;510340;Cuiabá;Sim;Sim;BOSQUE DA SAUDE;AV BOSQUE DA SAUDE;MUNICIPAL;;ATENDIMENTOS NOS TURNOS DA MANHA E A TARDE;36;M;Não;Não;NAO;Não;Não;Não;Não;;;9962-2495/3028-1214;2025-09-03
7359934;HELMA ROSA DE SOUZA;HELMA ROSA DE SOUZA;510340;Cuiabá;Sim;Sim;COOPHAMIL;RUA MANOEL RAMOS LINO;MUNICIPAL;;ATENDIMENTOS NOS TURNOS DA MANHA E A TARDE;22;M;Não;Não;NAO;Não;Não;Não;Sim;-15.615809797542827;-56.126283662341194;3028-1491/9625-4446;2025-09-03
7363354;INSTITUTO ODONTOLOGIA INTEGRADA;IMAGEM DIGITAL E PROTESE LTDA;510340;Cuiabá;Sim;Sim;JARDIM CUIABA;AV DAS FLORES;MUNICIPAL;;ATENDIMENTOS NOS TURNOS DA MANHA E A TARDE;36;M;Não;Não;NAO;Não;Não;Não;Sim;-15.595212954897878;-56.11648623099972;(65)3624-4456;2025-09-03
7363478;INSTITUTO CUIABANO DE OTORRINOLARINGOLOGIA E CIRV CEVICO FAC;FERNANDO ARTUR PENA BORGES CANAVARROS;510340;Cuiabá;Sim;Sim;BOSQUE DE SAUDE;AV ACLIMACAO;MUNICIPAL;;ATENDIMENTOS NOS TURNOS DA MANHA E A TARDE;22;M;Não;Não;NAO;Não;Não;Não;Não;-15.5871243;-56.0781045;;2025-09-03
7381816;HEVANIE BOTEGA LEITE;HEVANIE BOTEGA LEITE;510340;Cuiabá;Sim;Sim;CENTRO NORTE;RUA 24 DE OUTUBRO;MUNICIPAL;;ATENDIMENTOS NOS TURNOS DA MANHA E A TARDE;22;M;Não;Não;NAO;Não;Não;Não;Sim;-15.594182839203928;-56.10181516234183;(65)2127-3235;2025-09-03
7382685;CETRA OHB;CENTRO DE TRATAMENTO DE OXIGENOTERAPIA HIPERBARICA EIRELI;510340;Cuiabá;Sim;Sim;CENTRO;TREZE DE JUNHO;MUNICIPAL;;ATENDIMENTOS NOS TURNOS DA MANHA E A TARDE;22;M;Não;Não;NAO;Não;Não;Não;Sim;-15.596;-56.097;65 36263698;2025-09-03
7398964;SILVIA MOMOSE;SILVIA MOMOSE;510340;Cuiabá;Sim;Sim;CPA 1;RUA ALENQUER;MUNICIPAL;;ATENDIMENTOS NOS TURNOS DA MANHA E A TARDE;22;M;Não;Não;NAO;Não;Não;Não;Sim;-15.555026890679507;-56.055118679570704;(65)3641-3700;2025-11-27
7406517;UNIODONTO DE MATOGROSSO;UNIODONTO DE MATO GROSSO COOP DE TRAB ODONTOLOGICO LTDA;510340;Cuiabá;Sim;Sim;DOM AQUINO;GENERAL MELO;MUNICIPAL;;ATENDIMENTOS NOS TURNOS DA MANHA E A TARDE;22;M;Não;Não;NAO;Não;Não;Não;Sim;-15.608245749986464;-56.09033338704492;065 6247835;2025-11-27
7406525;DENTECLIN;DENTECLIN CLINICAS ODONTOLOGICAS LTDA;510340;Cuiabá;Sim;Sim;CENTRO NORTE;AV ISAAC POVOAS;MUNICIPAL;;ATENDIMENTO NOS TURNOS DA MANHA, TARDE E NOITE;36;M;Não;Não;NAO;Não;Não;Não;Sim;-15.598243954723136;-56.09914236374504;(65)3028-3024;2025-09-03
7406584;DENTECLIN;CLINICA ODONTOLOGICA CUIABA 2 LTDA;510340;Cuiabá;Sim;Sim;CENTRO SUL;JOAQUIM MURTINHO;MUNICIPAL;;ATENDIMENTOS NOS TURNOS DA MANHA E A TARDE;36;M;Não;Não;NAO;Não;Não;Não;Sim;-15.599835999881007;-56.098461886879235;65 30283024;2025-09-03
7406630;ORTOCEO;CLINICA DE ORTODONTIA MATOGROSSENSE LTDA ME;510340;Cuiabá;Sim;Sim;BAU;AV HISTORIADOR RUBENS DE MENDONCA;MUNICIPAL;;ATENDIMENTOS NOS TURNOS DA MANHA E A TARDE;36;M;Não;Não;NAO;Não;Não;Não;Sim;-15.589163973140927;-56.085431589888174;;2025-09-03
7427018;POLO BASE CUIABA;DISTRITO SANITARIO ESPECIAL INDIGENA CUIABA;510340;Cuiabá;Sim;Sim;GOIABEIRAS;RUA RUI BARBOSA;MUNICIPAL;;ATENDIMENTOS NOS TURNOS DA MANHA E A TARDE;72;M;;Não;NAO;;;;Não;-15.354941;-56.061801;;2025-09-03
7427581;CLINICA RENA;PAULIANA DA SILVA RENA SERRA;510340;Cuiabá;Sim;Sim;PARQUE CUIABA;AV 05;MUNICIPAL;;ATENDIMENTOS NOS TURNOS DA MANHA E A TARDE;22;M;Não;Não;NAO;Não;Não;Não;Sim;-15.66009267854479;-56.043821648783435;(65)3666-0003;2025-09-03
7429061;CONSULTORIO ODONTOLOGICO;CLODOALDO CALIXTO DA SILVA JUNIOR;510340;Cuiabá;Sim;Sim;CPA II;AV PERNAMBUCO;MUNICIPAL;;ATENDIMENTOS NOS TURNOS DA MANHA E A TARDE;22;M;Não;Não;NAO;Não;Não;Não;Sim;-15.562553115717705;-56.045544605209926;(65)3023-7176;2025-09-03
7429797;ORAL SIN IMPLANTES E ORTODONTIA;O S INSTITUTO ODONTOLOGICO LTDA ME;510340;Cuiabá;Sim;Sim;GOIABEIRAS;AV SENADOR FILINTO MULLER;MUNICIPAL;;ATENDIMENTOS NOS TURNOS DA MANHA E A TARDE;36;M;Não;Não;NAO;Não;Não;Não;Sim;-15.594441449206824;-56.110225505455354;;2025-11-13
7430043;IRHPA ODONTOLOGICO;INSTITUTO DE DIAGNOSTICO POR IMAGEM OROFACIAL LTDA;510340;Cuiabá;Sim;Sim;BANDEIRANTES;RUA GENERAL VALLE;MUNICIPAL;;ATENDIMENTOS NOS TURNOS DA MANHA E A TARDE;39;M;;Não;NAO;;;;Sim;-15.602456814454523;-56.09159768558501;(65)4141-4320;2025-09-03
7439113;VACICLIN CLINICA DE VACINACAO;VACICLIN CLINICA DE IMUNIZACOES DE CUIABA LTDA;510340;Cuiabá;Sim;Sim;BAU;CORUMBA;MUNICIPAL;;ATENDIMENTOS NOS TURNOS DA MANHA E A TARDE;22;M;Não;Não;NAO;Não;Não;Não;Sim;-15.592389209756847;-56.09007171626804;;2025-09-03
7445857;ORTHOS CPA ORTOPEDIA ESPECIALIZADA;CLINICA DE ORTOPEDIA MATO GROSSO LTDA;510340;Cuiabá;Sim;Sim;BANDEIRANTES;GENERAL VALE;MUNICIPAL;;ATENDIMENTO NOS TURNOS DA MANHA, TARDE E NOITE;36;M;Não;Não;NAO;Não;Não;Não;Sim;-15.596;-56.097;65 30269292;2025-09-03
7445865;MARCO ANTONIO DE AVILA;MARCO ANTONIO DE AVILA;510340;Cuiabá;Sim;Sim;CENTRO SUL PORTO;AV SENADOR DE METELO;MUNICIPAL;;ATENDIMENTOS NOS TURNOS DA MANHA E A TARDE;22;M;Não;Não;NAO;Não;Não;Não;Sim;-15.596;-56.097;(65)3322-2439;2025-12-17
7445938;ORTHOS CUIABA ORTOPEDIA ESPECIALIZADA;MONTEIRO CAMARGO MONTEIRO LTDA;510340;Cuiabá;Sim;Sim;CENTRO SUL;COMANDANTE COSTA;MUNICIPAL;;ATENDIMENTOS NOS TURNOS DA MANHA E A TARDE;36;M;Não;Não;NAO;Não;Não;Não;Sim;-15.610108656114708;-56.11230269963092;65 30252008;2025-11-13
7450982;BRUNO OLAVARRIA AQUINO;BRUNO OLAVARRIA AQUINO;510340;Cuiabá;Sim;Sim;DUQUE DE CAXIAS;RUA HENRIQUE PINHEIRO GUEDES ALMIRANTE;MUNICIPAL;;ATENDIMENTOS NOS TURNOS DA MANHA E A TARDE;22;M;Não;Não;NAO;Não;Não;Não;Não;-15.587844424787399;-56.113589565831575;(65)3621-1893;2025-09-03
7471408;EDMILSON B DE FIGUEIREDO;EDMILSON B DE FIGUEIREDO;510340;Cuiabá;Sim;Sim;CENTRO SUL;RUA 13 DE JUNHO;MUNICIPAL;;ATENDIMENTOS NOS TURNOS DA MANHA E A TARDE;22;M;Não;Não;NAO;Não;Não;Não;Sim;-15.596;-56.097;(65) 3322-5522;2025-09-03
7487193;SENEPE MT;SERVICO DE NEFROLOGIA PEDIATRICA DE MATO GROSSO ME;510340;Cuiabá;Sim;Sim;GOIABEIRAS;AV SAO SEBASTIAO;MUNICIPAL;;ATENDIMENTOS NOS TURNOS DA MANHA E A TARDE;22;M;Não;Não;NAO;Não;Não;Não;Não;-15.6005259348126;-56.11199054938565;(65)3321-2277;2025-09-03
7490674;PROJESAN;IMP INSTITUTO DE MEDICINA PREVENTIVA LTDA;510340;Cuiabá;Sim;Sim;SANTA ROSA;MIGUEL SUTIL;MUNICIPAL;;ATENDIMENTOS NOS TURNOS DA MANHA E A TARDE;22;M;Não;Não;NAO;Não;Não;Não;Não;-15.579094697028484;-56.11021670517073;11 59919500;2025-11-27
7490704;CLINICA DE CIRURGIA PLASTICA DR HENRIQUE LABOISSIERE;CLIN DE CIRURG PLASTICA DR HENRIQUE LABOISSIERE LTDA ME;510340;Cuiabá;Sim;Sim;JARDIM CUIABA;AV DAS FLORES;MUNICIPAL;;ATENDIMENTOS NOS TURNOS DA MANHA E A TARDE;22;M;Não;Não;NAO;Não;Não;Não;Não;-15.595008462199113;-56.11805247378679;(65)3623-2079;2025-09-03
7493681;FLAVIO SIMOES;FLAVIO SIMOES;510340;Cuiabá;Sim;Sim;DUQUE DE CAXIAS;RUA HENRIQUE PINHEIRO GUEDES;MUNICIPAL;;ATENDIMENTOS NOS TURNOS DA MANHA E A TARDE;22;M;Não;Não;NAO;Não;Não;Não;Sim;-15.587971079712375;-56.11470480467064;(65) 3322-2216;2025-09-03
7493800;JULIANA LUCIENE BUDOIA ME;JULIANA LUCIENE BUDOIA FONTOLAN EIRELI;510340;Cuiabá;Sim;Sim;CENTRO SUL;COMANDANTE COSTA;MUNICIPAL;;ATENDIMENTOS NOS TURNOS DA MANHA E A TARDE;22;M;Não;Não;NAO;Não;Não;Não;Sim;-15.599700016432227;-56.102574190578295;65 30567800;2025-09-03
7493835;ANA THEREZA DE SABOIA CAMPOS NEVES;ANA THEREZA DE SABOIA CAMPOS NEVES;510340;Cuiabá;Sim;Sim;DUQUE DE CAXIAS;AV MIGUEL SUTIL;MUNICIPAL;;ATENDIMENTOS NOS TURNOS DA MANHA E A TARDE;22;M;Não;Não;NAO;Não;Não;Não;Sim;-15.610073242901025;-56.12862942347777;(65) 3321-7361;2025-09-03
7514271;UNIMED CPA 2;DIAGNOSTICOS DA AMERICA S A;510340;Cuiabá;Sim;Sim;MORADA DA SERRA;BENJAMIN PEDROSO DA SILVA NUC HAB CPA II;MUNICIPAL;;ATENDIMENTO SOMENTE PELA MANHA;39;M;Não;Não;NAO;Não;Não;Não;Sim;-15.558322543951622;-56.05003798068694;11 26303000;2025-09-03
7514298;INSTITUTO MACHADO;CASALENUOVO JUNIOR MORAES LTDA;510340;Cuiabá;Sim;Sim;DUQUE DE CAXIAS;RUA JOAO BENTO;MUNICIPAL;;ATENDIMENTOS NOS TURNOS DA MANHA E A TARDE;22;M;Não;Não;NAO;Não;Não;Não;Sim;-15.584288134622124;-56.10926332638213;3623-6066;2025-11-04
7524811;IMPLANT CENTER;IMPLANT CENTER ODONTOLOGIA LTDA ME;510340;Cuiabá;Sim;Sim;CENTRO NORTE;AV TENENTE CORONEL DUARTE;MUNICIPAL;;ATENDIMENTOS NOS TURNOS DA MANHA E A TARDE;22;M;Não;Não;NAO;Não;Não;Não;Sim;-15.597861075857068;-56.09367791816347;065 36230444;2025-09-03
7524846;OFTALMOLUZ;HELDER RONDON LUZ CLINICA DE OLHOS LTDA;510340;Cuiabá;Sim;Sim;CENTRO;ISSAC POVOAS;MUNICIPAL;;ATENDIMENTOS NOS TURNOS DA MANHA E A TARDE;22;M;Não;Não;NAO;Não;Não;Não;Sim;-15.596678053852788;-56.100077536732535;65 21271010;2025-12-02
7524870;IMACULADA CONCEICAO ODONTOLOGIA;G C NEVES SERVICOS;510340;Cuiabá;Sim;Sim;CPA III;RUA 8;MUNICIPAL;;ATENDIMENTOS NOS TURNOS DA MANHA E A TARDE;22;M;Não;Não;NAO;Não;Não;Não;Sim;-15.57413958213582;-56.033748991178;06536469630;2025-09-03
7533233;CLINICA ODONTOLOGICA;MARCUS VINICIUS CORREA DA COSTA;510340;Cuiabá;Sim;Sim;QUILOMBO;RUA PRESIDENTE CASTELO BRANCO;MUNICIPAL;;ATENDIMENTOS NOS TURNOS DA MANHA E A TARDE;22;M;Não;Não;NAO;Não;Não;Não;Sim;-15.5917404;-56.1045596;65 33216409;2025-09-03
7535872;LUCIANO DE FRANCA CASTRO;LUCIANO DE FRANCA CASTRO;510340;Cuiabá;Sim;Sim;GRANDE TERCEIRO;AV CARMINDO DE CAMPOS;MUNICIPAL;;ATENDIMENTOS NOS TURNOS DA MANHA E A TARDE;22;M;Não;Não;NAO;Não;Não;Não;Sim;-15.620331190197609;-56.08527780293078;(65) 33586235;2025-11-27
7537654;CONSULTORIO ODONTOLOGICO;PATRICIA MONTEIRO OLIVEIRA;510340;Cuiabá;Sim;Sim;BOA ESPERANCA;RUA 31;MUNICIPAL;;ATENDIMENTO SOMENTE A TARDE;22;M;Não;Não;NAO;Não;Não;Não;Sim;-15.616181645043953;-56.068943256090044;65 36273997;2025-09-03
7543689;PREV DENT ESPACO SAUDE;J M PASCOAL ME;510340;Cuiabá;Sim;Sim;CENTRO;RUA ANTONIO MARIA;MUNICIPAL;;ATENDIMENTOS NOS TURNOS DA MANHA E A TARDE;36;M;Não;Não;NAO;Não;Não;Não;Sim;-15.59970083147892;-56.09731601869919;3026-4637;2025-11-27
7544898;VIVIANE FERREIRA VARGAS DE SIQUEIRA ZAPAROLI;VIVANE FERREIRA VARGAS DE SIQUEIRA ZAPAROLI;510340;Cuiabá;Sim;Sim;PORTO;RUA COMANDANTE COSTA;MUNICIPAL;;ATENDIMENTOS NOS TURNOS DA MANHA E A TARDE;22;M;Não;Não;NAO;Não;Não;Não;Sim;-15.596;-56.097;(65)3052-4300;2025-09-03
7550146;LARISSA DA SILVA NUNES;LARISSA DA SILVA NUNES;510340;Cuiabá;Sim;Sim;JD DAS AMERICAS;AV BRASILIA;MUNICIPAL;;ATENDIMENTOS NOS TURNOS DA MANHA E A TARDE;22;M;Não;Não;NAO;Não;Não;Não;Sim;;;65 9972-9067;2025-09-03
7554974;CENTRAL ESTADUAL DE TRANSPLANTES;SECRETARIA DE ESTADO DE SAUDE DE MATO GROSSO;510340;Cuiabá;Sim;Sim;CENTRO SUL;RUA COMANDANTE COSTA;ESTADUAL;;ATENDIMENTO CONTINUO DE 24 HORAS/DIA (PLANTAO:INCLUI SABADOS, DOMINGOS E FERIADOS);82;E;;Não;NAO;;;;Sim;-15.599663491787593;-56.102038621902466;65-3317-3215;2025-09-03
7555822;FLAVIA BATTITUZ;FLAVIA BATTISTUZ;510340;Cuiabá;Sim;Sim;JD KENNEDY;AV TANCREDO NEVES;MUNICIPAL;;ATENDIMENTO NOS TURNOS DA MANHA, TARDE E NOITE;22;M;Não;Não;NAO;Não;Não;Não;Sim;-15.615675381938964;-56.076215006518346;65 9972-2523;2025-10-17
7560818;CARLOS LUCIO ANTUNES;CARLOS LUCIO ANTUNES;510340;Cuiabá;Sim;Sim;BANDEIRANTES;AV CEL ESCOLASTICO;MUNICIPAL;;ATENDIMENTOS NOS TURNOS DA MANHA E A TARDE;22;M;Não;Não;NAO;Não;Não;Não;Sim;-15.597681826276593;-56.089984620560074;65 3624-1011;2025-10-11
7560826;IMAGENS;IMAGENS MEDICINA DIAGNOSTICA LTDA;510340;Cuiabá;Sim;Sim;JD CUIABA;RUA DAS DALIAS;MUNICIPAL;;ATENDIMENTO CONTINUO DE 24 HORAS/DIA (PLANTAO:INCLUI SABADOS, DOMINGOS E FERIADOS);39;M;;Não;NAO;;;;Sim;-15.5448254;-56.0431998;(65) 4009-8000;2025-09-03
7565321;LILIAN DA SILVA SANTANNA;LILIAN DA SILVA SANTANNA;510340;Cuiabá;Sim;Sim;JD CUIABA;RUA DAS PAPOULAS;MUNICIPAL;;ATENDIMENTOS NOS TURNOS DA MANHA E A TARDE;22;M;Não;Não;NAO;Não;Não;Não;Sim;-15.596726033391667;-56.11414936150421;3025-3777;2025-09-03
7570597;GUSTAVO BARBOSA RIBEIRO;GUSTAVO BARBOSA RIBEIRO;510340;Cuiabá;Sim;Sim;CENTRO SUL;RUA JESSE PINTO FREIRE;MUNICIPAL;;ATENDIMENTOS NOS TURNOS DA MANHA E A TARDE;22;M;Não;Não;NAO;Não;Não;Não;Sim;-15.597394207386259;-56.102265564073;65 3052-6706;2025-09-03
7575998;ALEDINER MESQUITA BORBA;ALEDINER MESQUITA BORBA;510340;Cuiabá;Sim;Sim;ACLIMACAO;AV RUBENS DE MENDONCA;MUNICIPAL;;ATENDIMENTOS NOS TURNOS DA MANHA E A TARDE;22;M;Não;Não;NAO;Não;Não;Não;Sim;;;36530339;2025-09-03
7591543;ONCOVIDA;CENTRO DE ONCO HEMATOLOGIA DE MATO GROSSO LTDA;510340;Cuiabá;Sim;Sim;JD CUIABA;RUA DAS VIOLETAS;MUNICIPAL;;ATENDIMENTO CONTINUO DE 24 HORAS/DIA (PLANTAO:INCLUI SABADOS, DOMINGOS E FERIADOS);36;M;Não;Não;SIM;Não;Não;Não;Sim;-15.59518036183566;-56.11432894089145;3051-8700;2026-03-28
7601271;LUCIANA TIEMI TAKASHIMA;LUCIANA TIEMI TAKASHIMA;510340;Cuiabá;Sim;Sim;PORTO;RUA MAJ JOAO BUENO;MUNICIPAL;;ATENDIMENTOS NOS TURNOS DA MANHA E A TARDE;22;M;Não;Não;NAO;Não;Não;Não;Sim;-15.610193642157586;-56.104998606756254;3622-0934;2025-09-03
7611544;CLINICA E CIRURGIA DOS OLHOS;CLINICA E CIRURGIA DOS OLHOS LTDA;510340;Cuiabá;Sim;Sim;ARAES;GAGO COUTINHO;MUNICIPAL;;ATENDIMENTOS NOS TURNOS DA MANHA E A TARDE;36;M;Não;Não;NAO;Não;Não;Não;Sim;-15.591653466588538;-56.09139152226884;65 21288076;2025-09-03
7613970;HISTO;HISTO DIAGNOSTICOS EM PATOLOGIAS CIRURGICAS LTDA;510340;Cuiabá;Sim;Sim;CENTRO SUL;MAJOR GAMA;MUNICIPAL;;ATENDIMENTOS NOS TURNOS DA MANHA E A TARDE;39;M;Não;Não;NAO;Não;Não;Não;Sim;-15.605319118199956;-56.10268978932772;65 93142020;2025-09-03
7620063;SAMU 192 CUIABA USA A3;SECRETARIA DE ESTADO DE SAUDE DE MATO GROSSO;510340;Cuiabá;Sim;Sim;COOPHEMA;AVENIDA ADAUTO BOTELHO;ESTADUAL;;ATENDIMENTO CONTINUO DE 24 HORAS/DIA (PLANTAO:INCLUI SABADOS, DOMINGOS E FERIADOS);42;E;;Não;NAO;;;;Não;-15.634102589146694;-56.05853319168091;(65) 3317-3200;2025-09-03
7635230;CLINLIFE CLINICA DE FISIOTERAPIA;CLINLIFE CLINICA DE FISIOTERAPIA LTDA;510340;Cuiabá;Sim;Sim;QUILOMBO;BRIENE CARVALHO;MUNICIPAL;;ATENDIMENTOS NOS TURNOS DA MANHA E A TARDE;36;M;Não;Não;NAO;Não;Não;Não;Sim;-15.596;-56.097;65 36267645;2025-09-03
7641168;WASHINGTON PAULO SOARES;WASHINGTON PAULO SOARES;510340;Cuiabá;Sim;Sim;CPA II;AV BRASIL;MUNICIPAL;;ATENDIMENTOS NOS TURNOS DA MANHA E A TARDE;22;M;Não;Não;NAO;Não;Não;Não;Não;-15.559566343786372;-56.051391426608006;65 2136-3154;2025-11-27
7645791;CONSULTORIO ODONTOLOGICO;PAULO ANDRE MASSAROTTE IBANHES;510340;Cuiabá;Sim;Sim;CENTRO SUL;RUA BARAO DE MELGACO;MUNICIPAL;;ATENDIMENTOS NOS TURNOS DA MANHA E A TARDE;22;M;Não;Não;NAO;Não;Não;Não;Sim;-15.601253302267336;-56.10090126531146;3624-0203;2025-09-03
7645813;RADIMAGEM SERVICOS MEDICOS LTDA;RADIMAGEM SERVICOS MEDICOS LTDA EPP;510340;Cuiabá;Sim;Sim;JD CALIFORNIA;AV TANCREDO NEVES;MUNICIPAL;;ATENDIMENTOS NOS TURNOS DA MANHA E A TARDE;39;M;;Não;NAO;;;;Sim;-15.596;-56.097;3627-1132;2025-09-03
7668554;TAMARA LACERDA VIEIRA;TAMARA LACERDA VIEIRA;510340;Cuiabá;Sim;Sim;JARDIM CUIABA;RUA DAS VIOLETAS;MUNICIPAL;;ATENDIMENTOS NOS TURNOS DA MANHA E A TARDE;22;M;Não;Não;NAO;Não;Não;Não;Não;-15.59508639960715;-56.11362746327122;06536263223;2025-11-27
7672004;VISAO OFTALMOLOGIA;CENTRO CUIABANO DE EXCELENCIA EM OFTALMOLOGIA LTDA ME;510340;Cuiabá;Sim;Sim;ARAES;RUA DESEMBARGADOR TRIGO DE LOUREIRO;MUNICIPAL;;ATENDIMENTOS NOS TURNOS DA MANHA E A TARDE;36;M;Não;Não;NAO;Não;Não;Não;Sim;-15.589387933898808;-56.088001862342004;06530522435;2025-09-03
7681984;CENTRO MEDICO ORTO VIDA;CENTRO MEDICO ORTO VIDA SS LTDA;510340;Cuiabá;Sim;Sim;PEDRA NOVENTA;AVENIDA NEWTON RABELLO DE CASTRO;MUNICIPAL;;ATENDIMENTOS NOS TURNOS DA MANHA E A TARDE;22;M;Não;Não;NAO;Não;Não;Não;Sim;-15.596;-56.097;06536654810;2025-09-03
7699530;EXPECTA ATENDIMENTO E ASSISTENCIA A SAUDE;EXPECTA ATENDIMENTO E ASSISTENCIA A SAUDE LTDA;510340;Cuiabá;Sim;Sim;JARDIM PETROPOLIS;CARMINDO DE CAMPOS;MUNICIPAL;;ATENDIMENTOS NOS TURNOS DA MANHA E A TARDE;77;M;Não;Não;NAO;Não;Não;Não;Não;-15.620397925614617;-56.069771472092874;65 30281460;2025-09-03
7704100;VALMIR PAGLIARO FRANCO;VALMIR PAGLIARO FRANCO;510340;Cuiabá;Sim;Sim;JARDIM ACLIMACAO;RUA ACLIMACAO;MUNICIPAL;;ATENDIMENTOS NOS TURNOS DA MANHA E A TARDE;22;M;Não;Não;NAO;Não;Não;Não;Sim;-15.588484768537764;-56.07689733845182;;2025-09-03
7720726;CEICO;CENTRO DE IMAGENOLOGIA DO CENTRO OESTE LTDA;510340;Cuiabá;Sim;Sim;BANDEIRANTES;GENERAL VALE;MUNICIPAL;;ATENDIMENTO CONTINUO DE 24 HORAS/DIA (PLANTAO:INCLUI SABADOS, DOMINGOS E FERIADOS);39;M;Não;Não;NAO;Não;Não;Não;Sim;-15.601544044059443;-56.095110051723694;65 30261328;2025-09-03
7726449;LARA TAVARES NEIVA;LAARA TAVARES NEIVA;510340;Cuiabá;Sim;Sim;JARDIM CUIABA;RUA DAS VIOLETAS;MUNICIPAL;;ATENDIMENTOS NOS TURNOS DA MANHA E A TARDE;22;M;Não;Não;NAO;Não;Não;Não;Sim;-15.5427285;-56.0429132;;2025-09-03
7728964;NATHALIA BARBOSA E SILVA;NATHALIA BARBOSA E SILVA;510340;Cuiabá;Sim;Sim;JARDIM DAS AMERICAS;RUA MANOEL DA COSTA GRANJA;MUNICIPAL;;ATENDIMENTOS NOS TURNOS DA MANHA E A TARDE;22;M;Não;Não;NAO;Não;Não;Não;Sim;-15.60826516068177;-56.07482557615053;;2025-11-13
7731434;AC FENIX CONSULTORIA RH;ALESSANDRA PAELLO CAMARAO;510340;Cuiabá;Sim;Sim;ALVORADA;RUA LUIS PHELLIPE PEREIRA LEITE;MUNICIPAL;;ATENDIMENTOS NOS TURNOS DA MANHA E A TARDE;22;M;Não;Não;NAO;Não;Não;Não;Sim;-15.581232875345602;-56.08021039556417;;2025-09-03
7743203;CENTRO HIPICO RANCHO DOURADO;JULIANA DALVA RODRIGUES CAOBIANCO;510340;Cuiabá;Sim;Sim;SANTA CRUZ II;TRINTA E SETE S CRUZ II;MUNICIPAL;;ATENDIMENTOS NOS TURNOS DA MANHA E A TARDE;22;M;Não;Não;NAO;Não;Não;Não;Sim;-15.600566189386962;-56.04660616955909;65 92427841;2025-09-03
7743238;RESPIRE SERVICOS MEDICOS;KGMS SERVICOS MEDICOS ESPECIALIZADOS LTDA;510340;Cuiabá;Sim;Sim;BOSQUE DA SAUDE;ACLIMACAO;MUNICIPAL;;ATENDIMENTOS NOS TURNOS DA MANHA E A TARDE;22;M;Não;Não;NAO;Não;Não;Não;Sim;-15.58787942695978;-56.07672698533151;65 30252008;2025-11-27
7743262;FABIANE DE MELLO PINHEIRO CIA LTDA;FMP ODONTOLOGIA EIRELI;510340;Cuiabá;Sim;Sim;CENTRO;BARAO DE MELGACO;MUNICIPAL;;ATENDIMENTOS NOS TURNOS DA MANHA E A TARDE;22;M;Não;Não;NAO;Não;Não;Não;Sim;-15.603790492135134;-56.10361375591175;;2025-10-17
7743270;PAULO ROBERTO ALVES;PAULO ROBERTO ALVES;510340;Cuiabá;Sim;Sim;DOM AQUINO;RUA PIMENTA BUENO;MUNICIPAL;;ATENDIMENTO SOMENTE A TARDE;22;M;Não;Não;NAO;Não;Não;Não;Sim;-15.607790676880978;-56.09799734495054;06536239240;2025-09-03
7752350;CLINICA ARTUS ORTOPEDIA;ARTUS SAUDE LTDA;510340;Cuiabá;Sim;Sim;SANTA ROSA;POLONIA;MUNICIPAL;;ATENDIMENTOS NOS TURNOS DA MANHA E A TARDE;22;M;Não;Não;NAO;Não;Não;Não;Sim;-15.582774335747722;-56.119858133322474;65 30287328;2026-03-03
7757506;CARLOS AUGUSTO SILVA XAVIER ARAUJO;CARLOS AUGUSTO SILVA XAVIER ARAUJO;510340;Cuiabá;Sim;Sim;JARDIM MARIANA;AVENIDA MIGUEL SUTIL;MUNICIPAL;;ATENDIMENTOS NOS TURNOS DA MANHA E A TARDE;22;M;Não;Não;NAO;Não;Não;Não;Não;;;;2025-09-03
7761228;ESPACO PIU VITA;INSTITUTO DE GERIATRIA E ODONTOLOGIA LTDA;510340;Cuiabá;Sim;Sim;CENTRO SUL;RUA COMANDANTE COSTA;MUNICIPAL;;ATENDIMENTOS NOS TURNOS DA MANHA E A TARDE;36;M;Não;Não;NAO;Não;Não;Não;Sim;-15.598859568422869;-56.10084475434486;06530567800;2025-10-17
7770200;DIAGNOSTICOS DA AMERICA S A;DIAGNOSTICOS DA AMERICA S A;510340;Cuiabá;Sim;Sim;CENTRO NORTE;MONSENHOR TREBAURE;MUNICIPAL;;ATENDIMENTOS NOS TURNOS DA MANHA E A TARDE;39;M;Não;Não;NAO;Não;Não;Não;Sim;-15.596;-56.097;11 41975433;2025-09-03
7776268;SANTA ROSA ONCO;SANTA ROSA ONCO SERVICO DE DIAGNOSTICO TERAPEUTICO LTDA;510340;Cuiabá;Sim;Sim;JARDIM MARIANA;RUA ADEL MALUF;MUNICIPAL;;ATENDIMENTOS NOS TURNOS DA MANHA E A TARDE;36;M;Não;Não;NAO;Não;Não;Não;Sim;-15.596;-56.097;36188480;2025-09-03
7778996;LABORATORIO CARLOS CHAGAS UNIDADE IMAGENS;LABORATORIO CARLOS CHAGAS LTDA;510340;Cuiabá;Sim;Sim;JARDIM CUIABA;DAS FLORES;MUNICIPAL;;ATENDIMENTOS NOS TURNOS DA MANHA E A TARDE;39;M;Não;Não;NAO;Não;Não;Não;Sim;-15.595100007773516;-56.116623476149;65 39014700;2025-11-13
7779046;LABORATORIO CARLOS CHAGAS UNIDADE PAX;LABORATORIO CARLOS CHAGAS LTDA;510340;Cuiabá;Sim;Sim;BANDEIRANTES;BALTAZAR CANAVARROS;MUNICIPAL;;ATENDIMENTOS NOS TURNOS DA MANHA E A TARDE;39;M;Não;Não;NAO;Não;Não;Não;Sim;-15.596;-56.097;65 39014700;2025-09-03
7784252;VIRTUS UROLOGIA;RODNEY PEREIRA DO NASCIMENTO;510340;Cuiabá;Sim;Sim;MORADA DA SERRA;PELOTAS NUC HAB CPA I;MUNICIPAL;;ATENDIMENTOS NOS TURNOS DA MANHA E A TARDE;36;M;Não;Não;NAO;Não;Não;Não;Sim;-15.55592015784225;-56.05083487727647;65 36417100;2025-09-03
7792123;USF JARDIM PASSAREDO;SECRETARIA MUNICIPAL DE SAUDE;510340;Cuiabá;Sim;Sim;SAO FRANCISCO;AV FERNANDO CORREA DA COSTA;MUNICIPAL;;ATENDIMENTOS NOS TURNOS DA MANHA E A TARDE;2;M;Não;Não;SIM;Não;Não;Não;Sim;-15.643941156338007;-56.01537168680591;(65) 3617-7339;2026-01-01
7792611;CENTRO DE IMAGEM E RADIOLOGIA DIGITAL 3D;EMERSON HOKUMURA BRAGAROLI;510340;Cuiabá;Sim;Sim;JARDIM CUIABA;DAS ORQUIDEAS;MUNICIPAL;;ATENDIMENTOS NOS TURNOS DA MANHA E A TARDE;39;M;Não;Não;NAO;Não;Não;Não;Sim;-15.593756391371429;-56.113855556137146;65 36371083;2025-09-03
7800983;BIO BELLE;GONCALVES PREZA BORGES PREZA LTDA ME;510340;Cuiabá;Sim;Sim;QUILOMBO;RUA PRESIDENTE CASTELO BRANCO;MUNICIPAL;;ATENDIMENTOS NOS TURNOS DA MANHA E A TARDE;22;M;Não;Não;NAO;Não;Não;Não;Sim;-15.589910113238291;-56.10311498436316;3023-2515;2025-09-03
7807570;SANTA ROSA IMAGEM;CEDIMAGEM CENTRO DE DIAGNOSTICO MEDICO POR IMAGEM LTDA;510340;Cuiabá;Sim;Sim;JARDIM MARIANA;RUA ADEL MALUF;ESTADUAL;;ATENDIMENTOS NOS TURNOS DA MANHA E A TARDE;39;E;Não;Não;NAO;Não;Não;Não;Sim;-15.5791388;-56.111168;6536188242;2025-09-03
7810652;IMUNE VITA CENTRO DE VACINAS;CENTRO DE VACINAS SOUZA LTDA EPP;510340;Cuiabá;Sim;Sim;RIBERIAO DA PONTE;AVENIDA MIGUEL SUTIL;MUNICIPAL;;ATENDIMENTO SOMENTE A TARDE;85;M;Não;Não;NAO;Não;Não;Não;Sim;-15.6138224;-56.126257;;2025-09-03
7810660;RADIMAGEM;RADIMAGEM SERVICOS MEDICOS LTDA;510340;Cuiabá;Sim;Sim;MORADA DA SERRA;PELOTAS;MUNICIPAL;;ATENDIMENTOS NOS TURNOS DA MANHA E A TARDE;39;M;Não;Não;NAO;Não;Não;Não;Sim;-15.596;-56.097;65 36344063;2025-09-03
7810679;ODONTOULTRACENTER;ODONTOULTRACENTER LTDA;510340;Cuiabá;Sim;Sim;BANDEIRANTES;GENERAL VALE;MUNICIPAL;;ATENDIMENTOS NOS TURNOS DA MANHA E A TARDE;22;M;Não;Não;NAO;Não;Não;Não;Sim;-15.6017574804374;-56.0910244012348;65 30552552;2025-11-13
7830041;GL BUMLAI;GL BUMLAI SERVICOS MEDICOS LTDA;510340;Cuiabá;Sim;Sim;JARDIM CUIABA;AVENIDA DAS FLORES;MUNICIPAL;;ATENDIMENTOS NOS TURNOS DA MANHA E A TARDE;22;M;Não;Não;NAO;Não;Não;Não;Sim;-15.596;-56.097;30287328;2025-09-03
7839693;MAIZE SOUZA CAMILO;MAIZE SOUZA CAMILO;510340;Cuiabá;Sim;Sim;POCAO;RUA DOM ANTONIO MALAN;MUNICIPAL;;ATENDIMENTO SOMENTE A TARDE;22;M;Não;Não;NAO;Não;Não;Não;Sim;-15.604974703355312;-56.086332976891896;06521278876;2025-09-03
7842414;CLINICA MEDICA FADUL E CUNHA;CLINICA MEDICA FADUL E CUNHA LTDA;510340;Cuiabá;Sim;Sim;BOSQUE DA SAUDE;AVENIDA DA ACLIMACAO;MUNICIPAL;;ATENDIMENTO SOMENTE A TARDE;22;M;Não;Não;NAO;Não;Não;Não;Não;-15.58682415137197;-56.07801023329579;06530512266;2025-09-03
7849737;V S FATURAMENTO HOSPITALAR;V S SERVICOS DE FATURAMENTO HOSPITALAR EIRELI;510340;Cuiabá;Sim;Sim;DOM AQUINO;VEIGA CABRAL;MUNICIPAL;;;60;M;;Não;NAO;;;;Não;-15.596;-56.097;65 92918129;2025-09-03
7851987;CLINICA DOS OLHOS BOSQUE DA SAUDE;ANNY CLINICA OFTALMOLOGICA LTDA EPP;510340;Cuiabá;Sim;Sim;BANDEIRANTE;RUA GENERAL VALLE;MUNICIPAL;;ATENDIMENTOS NOS TURNOS DA MANHA E A TARDE;36;M;Não;Não;NAO;Não;Não;Não;Não;;;06530529490;2025-09-03
7861826;UNIDADE DE PRONTO ATENDIMENTO VERDAO;UNIDADE DE PRONTO ATENDIMENTO VERDAO;510340;Cuiabá;Sim;Sim;VERDAO;AVENIDA AGRICOLA PAES DE BARROS;MUNICIPAL;;ATENDIMENTO CONTINUO DE 24 HORAS/DIA (PLANTAO:INCLUI SABADOS, DOMINGOS E FERIADOS);73;M;Não;Não;SIM;Não;Não;Não;Sim;-15.604814741793133;-56.12711727619171;;2025-09-03
7865473;N B BRUNETTA DALBEN;N B BRUNETTA DALBEN EIRELI ME;510340;Cuiabá;Sim;Sim;JARDIM KENNEDY;AVENIDA TANCREDO NEVES;MUNICIPAL;;ATENDIMENTOS NOS TURNOS DA MANHA E A TARDE;22;M;Não;Não;NAO;Não;Não;Não;Sim;-15.596;-56.097;;2025-09-03
7868170;PET CT IMN;PET CT DIAGNOSTICOS POR IMAGENS DE MATO GROSSO LTDA;510340;Cuiabá;Sim;Sim;DOM AQUINO;PIMENTA BUENO;MUNICIPAL;;ATENDIMENTO SOMENTE A TARDE;39;M;Não;Não;NAO;Não;Não;Não;Sim;-15.609415518196563;-56.099312676233815;65 36249133;2025-09-03
7869312;UNIDADE DE PRONTO ATENDIMENTO PASCOAL RAMOS;UNIDADE DE PRONTO ATENDIMENTO PASCOAL RAMOS;510340;Cuiabá;Sim;Sim;PASCOAL RAMOS;AVENIDA BRASIL;MUNICIPAL;;ATENDIMENTO CONTINUO DE 24 HORAS/DIA (PLANTAO:INCLUI SABADOS, DOMINGOS E FERIADOS);73;M;Não;Não;SIM;Não;Não;Não;Sim;-15.601812875617275;-56.11445188522339;(65) 3617-7352;2026-02-14
7870299;NOA NUCLEO DE OFTALMOLOGIA AVANCDA;NOA NUCLEO DE OFTALMOLOGIA AVANCADA LTDA;510340;Cuiabá;Sim;Sim;JARDIM CUIABA;GENERAL RAMIRO NORONHA;MUNICIPAL;;ATENDIMENTO SOMENTE A TARDE;22;M;Não;Não;NAO;Não;Não;Não;Sim;-15.594826403224102;-56.112672674596006;65 36262200;2025-09-03
7877935;DIAG X DIGITAL DIAGNOSTICOS RADIOLOGICOS;DIAG X DIGITAL DIAGNOSTICOS RADIOLOGICOS LTDA;510340;Cuiabá;Sim;Sim;ARAES;MARIA DO CARMO REGO;MUNICIPAL;;ATENDIMENTOS NOS TURNOS DA MANHA E A TARDE;39;M;Não;Não;SIM;Não;Não;Não;Sim;-15.585234984386338;-56.09381940383086;65 36220719;2025-09-03
7877951;J A NERI FISIOTERAPIA INTEGRADA;J A NERI FISIOTERAPIA INTEGRADA EIRELI ME;510340;Cuiabá;Sim;Sim;BOSQUE DA SAUDE;RUA SAFIRA;MUNICIPAL;;ATENDIMENTOS NOS TURNOS DA MANHA E A TARDE;22;M;Não;Não;NAO;Não;Não;Não;Não;-15.5908707;-56.081887;3027-6752;2025-09-03
7887132;FISIOVIDA CLINICA DE REABILITACAO;JANINNE KATIUSCIA DO CARMO;510340;Cuiabá;Sim;Sim;ARAES;GAGO COUTINHO;MUNICIPAL;;ATENDIMENTOS NOS TURNOS DA MANHA E A TARDE;36;M;Não;Não;NAO;Não;Não;Não;Sim;-15.590083627927212;-56.090384346947296;65 99592026;2025-10-17
7893329;VACCINE CARE;LE BIL SERVICOS MEDICOS E VACINAS LTDA ME;510340;Cuiabá;Sim;Sim;DUQUE DE CAXIAS I;AVENIDA JOSE MONTEIRO DE FUGUEREDO;MUNICIPAL;;ATENDIMENTOS NOS TURNOS DA MANHA E A TARDE;36;M;Não;Não;NAO;Não;Não;Não;Sim;-15.596;-56.097;06536410023;2025-09-03
7897839;SESC SAUDE MULHER;SERVICO SOCIAL DO COMERCIO SESC AR MT;510340;Cuiabá;Sim;Sim;CENTRO SUL;R TREZE DE JUNHO;MUNICIPAL;;ATENDIMENTOS NOS TURNOS DA MANHA E A TARDE;36;M;Não;Não;NAO;Não;Não;Não;Sim;-15.605619344825282;-56.10150357785139;(65) 3616-7912;2025-11-04
7901798;J M A;J M A ASCKAR EPP;510340;Cuiabá;Sim;Sim;CENTRO;AV ISAAC POVOAS;MUNICIPAL;;ATENDIMENTOS NOS TURNOS DA MANHA E A TARDE;22;M;Não;Não;NAO;Não;Não;Não;Sim;-15.592758747328839;-56.10604332615512;3634-9486;2025-11-04
7926804;UNIDADE DE PRONTO ATENDIMENTO JARDIM LEBLON;SECRETARIA MUNICIPAL DE SAUDE;510340;Cuiabá;Sim;Sim;JARDIM LEBLON;ESTRADA DO MOINHO;MUNICIPAL;;ATENDIMENTO CONTINUO DE 24 HORAS/DIA (PLANTAO:INCLUI SABADOS, DOMINGOS E FERIADOS);73;M;Não;Não;SIM;Não;Não;Não;Sim;-15.6389469166339;-55.9804437734116;;2025-09-03
7935196;CLINICA MEDICINA BEM ESTAR;CLINICA MEDICINA E BEM ESTAR EIRELI;510340;Cuiabá;Sim;Sim;JARDIM DAS AMERICAS;BRASILIA;MUNICIPAL;;ATENDIMENTOS NOS TURNOS DA MANHA E A TARDE;36;M;Não;Não;NAO;Não;Não;Não;Sim;-15.6098508;-56.0710838;65 33589470;2025-09-03
7935307;ADAPTA T O;ESPACO ADAPTA LTDA;510340;Cuiabá;Sim;Sim;CENTRO SUL;MAJOR GAMA;MUNICIPAL;;ATENDIMENTO SOMENTE PELA MANHA;22;M;Não;Não;NAO;Não;Não;Não;Sim;-15.605021551118858;-56.10292306234153;65 92215516;2026-07-21
7936419;DENTISTA DO TRABALHADOR ODONTOFAR;ODONTOLOGICA ODONTOFAR LTDA ME;510340;Cuiabá;Sim;Sim;PEDRA 90;AVENIDA NEWTON RABELLO DE CASTRO;MUNICIPAL;;ATENDIMENTOS NOS TURNOS DA MANHA E A TARDE;22;M;Não;Não;NAO;Não;Não;Não;Sim;-15.596;-56.097;06536677160;2025-09-03
7938233;FELIPE JOSE DE LIMA LISTO;FELIPE JOSE DE LIMA LISTO;510340;Cuiabá;Sim;Sim;BOSQUE DA SAUDE;AENIDA HISTORIADOR RUBENS DE MENDONCA;MUNICIPAL;;ATENDIMENTOS NOS TURNOS DA MANHA E A TARDE;22;M;Não;Não;NAO;Não;Não;Não;Sim;-15.58782570413791;-56.08281368013313;06536707373;2025-10-17
7948034;LACIC UNIDADE HOSPITAL GERAL UNIVERSITARIO;LABORATORIO DE HEMODINAMICA E CARDIOLOGIA INTERVENCIONISTA;510340;Cuiabá;Sim;Sim;CENTRO;AVENIDA 13 DE JUNHO;DUPLA;;ATENDIMENTO NOS TURNOS DA MANHA, TARDE E NOITE;39;D;Não;Não;SIM;Não;Não;Não;Sim;-15.603941570103188;-56.101341247558594;65-3363-8300;2025-09-03
7970803;MEGA SAUDE;MEGA SAUDE LTDA;510340;Cuiabá;Sim;Sim;MORADA DO OURO II;MARIO AUGUSTO VIEIRA;MUNICIPAL;;ATENDIMENTOS NOS TURNOS DA MANHA E A TARDE;22;M;Não;Não;NAO;Não;Não;Não;Sim;-15.567217024070603;-56.05732356853371;65 30545455;2025-09-03
7974051;CLINICA OFTALMODERME;CLINICA OFTALMODERME SERVICOS MEDICOS LTDA;510340;Cuiabá;Sim;Sim;CENTRO NORTE;VINTE E QUATRO DE OUTUBRO;MUNICIPAL;;ATENDIMENTOS NOS TURNOS DA MANHA E A TARDE;36;M;Não;Não;NAO;Não;Não;Não;Sim;-15.593595771767003;-56.10281872553021;65 36231000;2025-11-27
7984545;INSIGHT DESENVOLVIMENTO E PESSOAS LTDA;WF SERVICO DE PSICOLOGIA CONSULTORIA E TREINAMENTO LTDA ME;510340;Cuiabá;Sim;Sim;CPA II;BRASIL;MUNICIPAL;;ATENDIMENTO NOS TURNOS DA MANHA, TARDE E NOITE;22;M;Não;Não;NAO;Não;Não;Não;Não;-15.5986686;-56.0991301;65 92783939;2025-09-03
7993854;CRC CENTRO DE RADIOLOGIA CATARUZZI;MEGA RADIOLOGIA ODONTOLOGICA LTDA EPP;510340;Cuiabá;Sim;Sim;JARDIM CUIABA;GENERAL RAMIRO NORONHA;MUNICIPAL;;ATENDIMENTOS NOS TURNOS DA MANHA E A TARDE;22;M;Não;Não;NAO;Não;Não;Não;Sim;-15.592565077171528;-56.11405411108345;65 30287328;2025-10-17
7993862;ONCOBRAINS;ONCOBRAINS NEUROCIRURGIA NEURO ONCOLOGIA LTDA EPP;510340;Cuiabá;Sim;Sim;BAU;HISTORIADOR RUBENS DE MENDONCA;MUNICIPAL;;ATENDIMENTO COM TURNOS INTERMITENTES;22;M;Não;Não;NAO;Não;Não;Não;Sim;-15.590509824288135;-56.08731633857517;65 30287328;2025-09-03
8002487;USF RESIDENCIAL COXIPO I;PREFEITURA MUNICIPAL DE CUIABA;510340;Cuiabá;Sim;Sim;RES COXIPO;AVENIDA B;MUNICIPAL;;ATENDIMENTOS NOS TURNOS DA MANHA E A TARDE;2;M;Não;Não;SIM;Não;Não;Não;Sim;-15.647976089219652;-56.030563068731;(65) 3617-1449;2025-09-03
8002495;CENTRO DE CONV P IDOSOS DR MARIA INES FRANCA AUAD;PREFEITURA MUNICIPAL DE CUIABA;510340;Cuiabá;Sim;Sim;CPA III;AV CURIO;MUNICIPAL;;ATENDIMENTOS NOS TURNOS DA MANHA E A TARDE;2;M;Não;Não;SIM;Não;Não;Não;Sim;-15.566023560774763;-56.03827060644372;(65) 3646-0022;2025-09-03
8013969;LABORATORIO SAO NICOLAU;LAB DE ANATOMIA PATOLOGICA E CITOPATOLOGICA SAO NICOLAU;510340;Cuiabá;Sim;Sim;JARDIM MARIANA;AV MIGUEL SUTIL ED EMPRESARIAL SANTA ROSA TOWER;DUPLA;;ATENDIMENTOS NOS TURNOS DA MANHA E A TARDE;36;D;Não;Não;SIM;Não;Não;Não;Não;-15.578850505617313;-56.11018180847168;(65) 3626-2494;2025-09-03
9010203;LEILIANE DOS SANTOS NOVAIS SIQUEIRA;LEILIANE DOS SANTOS NOVAIS SIQUEIRA;510340;Cuiabá;Sim;Sim;JARDIM CUIABA;RUA DAS DALIAS;MUNICIPAL;;ATENDIMENTOS NOS TURNOS DA MANHA E A TARDE;22;M;Não;Não;NAO;Não;Não;Não;Não;-15.5448254;-56.0431998;065981034376;2025-09-03
9011897;ANA PAULA LEITE ACCORSI;ANA PAULA LEITE ACCORSI;510340;Cuiabá;Sim;Sim;JARDIM IMPERIAL;RUA 100;MUNICIPAL;;ATENDIMENTOS NOS TURNOS DA MANHA E A TARDE;22;M;Não;Não;NAO;Não;Não;Não;Sim;-15.60892817183226;-56.03106541866445;06533653777;2025-10-11
9014926;INSTITUTO TETILLA DE SAUDE BUCAL;JOSE RENATO GUERREIRO TETILLA ME;510340;Cuiabá;Sim;Sim;JARDIM TROPICAL;TANCREDO NEVES;MUNICIPAL;;ATENDIMENTOS NOS TURNOS DA MANHA E A TARDE;22;M;Não;Não;NAO;Não;Não;Não;Sim;-15.621408381348166;-56.07762240352169;65 81518630;2025-11-04
9016643;CLINICA DA FAMILIA CPA I;SECRETARIA MUNICIPAL DE SAUDE;510340;Cuiabá;Sim;Sim;CPA I;RUA OBIDOS;MUNICIPAL;;ATENDIMENTOS NOS TURNOS DA MANHA E A TARDE;2;M;Não;Não;SIM;Não;Não;Não;Sim;-15.554701587933637;-56.05350709049779;(65) 3617-1617;2025-09-03
9016651;NUCLEO DE APOIO A SAUDE DA FAMILIA NASF NORTE;SECRETARIA MUNICIPAL DE SAUDE;510340;Cuiabá;Sim;Sim;CPA I;RUA OBIDOS;MUNICIPAL;;ATENDIMENTOS NOS TURNOS DA MANHA E A TARDE;71;M;Não;Não;NAO;Não;Não;Não;Sim;-15.5538736;-56.0549955;(65) 98411-1589;2025-09-03
9016856;20 20 SERVICOS MEDICOS MT;20 20 SERVICOS MEDICOS SS;510340;Cuiabá;Sim;Sim;CENTRO;RUA COMADANTE COSTA;ESTADUAL;;ATENDIMENTO CONTINUO DE 24 HORAS/DIA (PLANTAO:INCLUI SABADOS, DOMINGOS E FERIADOS);40;E;Não;Não;SIM;Não;Não;Não;Sim;-15.596;-56.097;;2025-09-03
9017569;LAURA DENISE PEREIRA PAREDES;LAURA DENISE PEREIRA PAREDES;510340;Cuiabá;Sim;Sim;MIGUEL SUTIL;G;MUNICIPAL;;ATENDIMENTOS NOS TURNOS DA MANHA E A TARDE;22;M;Não;Não;NAO;Não;Não;Não;Sim;-15.5986686;-56.0991301;65 36220220;2025-09-03
9022791;JENNIFFER LAURA DALTRO MONTEIRO DA SILVA;JENNIFFER LAURA DALTRO MONTEIRO DA SILVA;510340;Cuiabá;Sim;Sim;VILLAGE FLAMBOYANT;RUA A;MUNICIPAL;;ATENDIMENTOS NOS TURNOS DA MANHA E A TARDE;22;M;Não;Não;NAO;Não;Não;Não;Sim;-15.591943786332703;-56.12613193354218;06530251298;2025-09-03
9022805;LETICIA BORTOLINI;LETICIA BORTOLINI;510340;Cuiabá;Sim;Sim;BOSQUE DA SAUDE;AV HIST RUBENS DE MENDONCA;MUNICIPAL;;ATENDIMENTOS NOS TURNOS DA MANHA E A TARDE;22;M;Não;Não;NAO;Não;Não;Não;Sim;-15.587407067527348;-56.079146511937964;06533644300;2025-11-13
9022848;VIVEZ DERMATOLOGIA;CLINICA VIVEZ DERMATOLOGIA EIRELI ME;510340;Cuiabá;Sim;Sim;JARDIM CUIABA;DAS VIOLETAS;MUNICIPAL;;ATENDIMENTOS NOS TURNOS DA MANHA E A TARDE;36;M;Não;Não;NAO;Não;Não;Não;Sim;-15.6362253;-56.0110876;65 81381414;2025-09-03
9023135;RS SERVICOS MEDICOS EIRELI ME;RS SERVICOS MEDICOS EIRELI;510340;Cuiabá;Sim;Sim;RIBEIRAO DO LIPA;RAUL SANTOS COSTA;MUNICIPAL;;ATENDIMENTO SOMENTE PELA MANHA;22;M;Não;Não;NAO;Não;Não;Não;Sim;-15.596;-56.097;65 96203174;2025-09-03
9040110;OFICINA ORTOPEDICA ITINERANTE;SECRETARIA ESTADUAL DE SAUDE DE MATO GROSSO;510340;Cuiabá;Sim;Sim;CENTRO POLICITO ADMI;RUA G;ESTADUAL;;ATENDIMENTOS NOS TURNOS DA MANHA E A TARDE;40;E;Não;Não;NAO;Não;Não;Não;Não;-15.5634655;-56.0723893;65 3613-1900/1951;2025-09-03
9046178;FONOCLIN;FONOCLIN CLINICA DE FISIOTERAPIA LTDA ME;510340;Cuiabá;Sim;Sim;GRANDE TERCEIRO;JORNALISTA ROBERTO JACQUES BRUNINI;MUNICIPAL;;ATENDIMENTOS NOS TURNOS DA MANHA E A TARDE;36;M;Não;Não;NAO;Não;Não;Não;Sim;-15.622416992847898;-56.08304310989258;65 36342236;2025-10-17
9071652;IPPS INSTITUTO DE PROMOCAO E PREVENCAO A SAUDE;PAULA MARTINS DOS ANJOS ME;510340;Cuiabá;Sim;Sim;DOM AQUINO;GENERAL MELLO;MUNICIPAL;;ATENDIMENTO SOMENTE A TARDE;22;M;Não;Não;NAO;Não;Não;Não;Não;-15.611688937791284;-56.08489524265588;65 81267992;2025-09-03
9074643;PRIME CLINICA ORTOPEDICA;PRIME CLINICA ORTOPEDICA EIRELI ME;510340;Cuiabá;Sim;Sim;ARAES;MARECHAL DEODORO;MUNICIPAL;;ATENDIMENTOS NOS TURNOS DA MANHA E A TARDE;36;M;Não;Não;NAO;Não;Não;Não;Sim;-15.58637005803275;-56.095715558443565;65 81184285;2025-09-03
9086730;ABREU BORBA SAUDE;ABREU BORBA SERVICOS DE SAUDE LTDA ME;510340;Cuiabá;Sim;Sim;CENTRO SUL;ALMIRANTE BARROSO;MUNICIPAL;;ATENDIMENTO SOMENTE A TARDE;22;M;Não;Não;NAO;Não;Não;Não;Sim;-15.67008626606653;-56.12846267362718;65 33211876;2025-09-03
9087583;NADIA DOS ANJOS FERNANDES;NADIA DOS ANJOS FERNANDES ME;510340;Cuiabá;Sim;Sim;LIXEIRA;SAO BENEDITO;MUNICIPAL;;ATENDIMENTOS NOS TURNOS DA MANHA E A TARDE;22;M;Não;Não;NAO;Não;Não;Não;Sim;-15.59599967687845;-56.08939296731959;65 81156645;2025-09-03
9089241;SHC;SOCIEDADE HIPICA CUIABANA SHC;510340;Cuiabá;Sim;Sim;POCAO;SAO CRISTOVAO;MUNICIPAL;;ATENDIMENTOS NOS TURNOS DA MANHA E A TARDE;22;M;Não;Não;NAO;Não;Não;Não;Sim;-15.616667239626128;-56.09998181380308;65 92430002;2025-09-03
9089268;CYNTIA ESGANZELA FISIOTERAPIA ESPECIALIZADA;C L ESGANZELA FISIOTERAPIA EIRELI;510340;Cuiabá;Sim;Sim;CENTRO SUL;COMANDANTE COSTA;MUNICIPAL;;ATENDIMENTOS NOS TURNOS DA MANHA E A TARDE;36;M;Não;Não;NAO;Não;Não;Não;Sim;-15.598536640965184;-56.10082061463066;65 99582542;2025-10-17
9092781;BUSINESS COACHING CONSULTING EMPREENDEDOR;IVENA ISABEL DE O LIMA ME;510340;Cuiabá;Sim;Sim;ARAES;DESEMBARGADOR TRIGO DE LOUREIRO;MUNICIPAL;;ATENDIMENTO SOMENTE PELA MANHA;22;M;Não;Não;NAO;Não;Não;Não;Não;-15.596;-56.097;65 81148201;2025-09-03
9093125;ODONTO PRIME;CLINICA ODONTOLOGICA ODONTO PRIME LTDA ME;510340;Cuiabá;Sim;Sim;CENTRO SUL;DONA ELVIRA FERREIRA DA SILVA;MUNICIPAL;;ATENDIMENTOS NOS TURNOS DA MANHA E A TARDE;22;M;Não;Não;NAO;Não;Não;Não;Sim;-15.601297772704449;-56.10069191875385;11 66474056;2025-09-03
9098003;ODONTOCENTRO;JULIANDRA PACHECO E SILVA;510340;Cuiabá;Sim;Sim;CENTRO NORTE;JOAO DIAS;MUNICIPAL;;ATENDIMENTOS NOS TURNOS DA MANHA E A TARDE;22;M;Não;Não;NAO;Não;Não;Não;Sim;-15.598667872368855;-56.0962578476093;11 96433410;2025-09-03
9099166;MARCOS YASSUDA;MARCOS YASSUDA;510340;Cuiabá;Sim;Sim;BOSQUE DA SAUDE;AVENIDA ACLIMACAO;MUNICIPAL;;ATENDIMENTOS NOS TURNOS DA MANHA E A TARDE;22;M;Não;Não;NAO;Não;Não;Não;Sim;-15.587851698685421;-56.077022016521326;06536422413;2025-11-27
9102361;NUTRIRE;NUTRIRE SERVICOS NUTRICIONAIS LTDA;510340;Cuiabá;Sim;Sim;SANTA ROSA;AUSTRIA;MUNICIPAL;;ATENDIMENTOS NOS TURNOS DA MANHA E A TARDE;22;M;Não;Não;NAO;Não;Não;Não;Não;-15.583519829263471;-56.1206981739945;65 84057493;2025-09-03
9111654;ARY LEITE DE CAMPOS SOBRINHO;ARY LEITE DE CAMPOS SOBRINHO;510340;Cuiabá;Sim;Sim;JARDIM CUIABA;RUA DAS BEGONIA;MUNICIPAL;;ATENDIMENTOS NOS TURNOS DA MANHA E A TARDE;22;M;Não;Não;NAO;Não;Não;Não;Sim;-15.594266916417682;-56.11755394554709;06530547477;2025-09-03
9114599;FISIOPRIME CLINICA DE FISIOTERAPIA RPG E PILATES;JAQUELINE LEMES TAVARES ME;510340;Cuiabá;Sim;Sim;CENTRO SUL;JOAQUIM MURTINHO;MUNICIPAL;;ATENDIMENTOS NOS TURNOS DA MANHA E A TARDE;22;M;Não;Não;NAO;Não;Não;Não;Sim;-15.60493345550245;-56.10322737458493;65 36231000;2025-10-17
9114602;CLINICA GASTROMT;J B CANAVARROS CIA LTDA;510340;Cuiabá;Sim;Sim;JARDIM CUIABA;DAS BEGONIAS;MUNICIPAL;;ATENDIMENTOS NOS TURNOS DA MANHA E A TARDE;22;M;Não;Não;NAO;Não;Não;Não;Sim;-15.594266357028912;-56.11761348251626;65 21274412;2025-09-03
9112375;INSTITUTO MEDICO INTEGRADO DE CUIABA;INSTITUTO MEDICO INTEGRADO DE CUIABA LTDA;510340;Cuiabá;Sim;Sim;CPA II;BRASIL;MUNICIPAL;;ATENDIMENTOS NOS TURNOS DA MANHA E A TARDE;22;M;Não;Não;NAO;Não;Não;Não;Sim;-15.596;-56.097;65 30286827;2025-09-03
9112383;URPICS;SECRETARIA MUNICIPAL DE SAUDE;510340;Cuiabá;Sim;Sim;COXIPO DA PONTE;RUA IVAN RODRIGUES ARRAS;MUNICIPAL;;ATENDIMENTOS NOS TURNOS DA MANHA E A TARDE;36;M;Não;Não;SIM;Não;Não;Não;Não;-15.629224249510653;-56.0615463070743;06536177362;2026-06-02
9115005;PRO SAUDE;PRO SAUDE SERVICOS MEDICOS EIRELI;510340;Cuiabá;Sim;Sim;JARDIM CUIABA;DAS DALIAS;MUNICIPAL;;;60;M;;Não;NAO;;;;Não;-15.596;-56.097;65 30287328;2025-09-03
9127771;INSTITUTO DE SAUDE SANTA ROSA;INSTITUTO DE SAUDE SANTA ROSA;510340;Cuiabá;Sim;Sim;JARDIM MARIANA;MIGUEL SUTIL;MUNICIPAL;;ATENDIMENTOS NOS TURNOS DA MANHA E A TARDE;83;M;Não;Não;NAO;Não;Não;Não;Não;-15.57938978761952;-56.110401641738235;65 40630820;2025-12-17
9132155;COMPLEXO REGULADOR ESTADUAL;SECRETARIA ESTADUAL DE SAUDE DE MATO GROSSO;510340;Cuiabá;Sim;Sim;CENTRO SUL;AVENIDA COMANDANTE COSTA;ESTADUAL;;ATENDIMENTOS NOS TURNOS DA MANHA E A TARDE;81;E;;Não;SIM;;;;Não;-15.599663491787593;-56.10234975814819;;2025-09-03
9139516;VIP SAUDE;VIP SAUDE E SOLUCOES MEDICAS LTDA;510340;Cuiabá;Sim;Sim;JARDIM UBATA;MIGUEL SUTIL;MUNICIPAL;;ATENDIMENTO CONTINUO DE 24 HORAS/DIA (PLANTAO:INCLUI SABADOS, DOMINGOS E FERIADOS);36;M;Não;Não;NAO;Não;Não;Não;Sim;-15.617451691882426;-56.12312021624854;65 99268764;2025-11-27
9139753;IMAGENS;IMAGENS MEDICINA DIAGNOSTICA LTDA;510340;Cuiabá;Sim;Sim;GOIABEIRAS;CORONEL NETO;MUNICIPAL;;ATENDIMENTOS NOS TURNOS DA MANHA E A TARDE;39;M;Não;Não;NAO;Não;Não;Não;Sim;-15.6055488;-56.1102251;65 36344063;2025-09-03
9144005;SORRIPROTESE;J B GOMES DA SILVA ME;510340;Cuiabá;Sim;Sim;SAO JOAO DEL REY;RUA SEIS;MUNICIPAL;;ATENDIMENTOS NOS TURNOS DA MANHA E A TARDE;39;M;Não;Não;NAO;Não;Não;Não;Não;-15.596;-56.097;06536660812;2025-09-03
9145338;NAW ALLY;NAW ALLY RISSO DE BRITO KRUNGER DALMEIDA;510340;Cuiabá;Sim;Sim;JARDIM CUIABA;RUA DAS BEGONIAS;MUNICIPAL;;ATENDIMENTOS NOS TURNOS DA MANHA E A TARDE;22;M;Não;Não;NAO;Não;Não;Não;Não;-15.596345476300655;-56.11626157891683;;2025-11-13
9155686;FOCUS MEDICINA NUCLEAR;CEDIMAGEM CENTRO DE DIAGNOSTICO MEDICO POR IMAGEM LTDA;510340;Cuiabá;Sim;Sim;JARDIM DAS AMERICAS;BRASILIA;MUNICIPAL;;ATENDIMENTOS NOS TURNOS DA MANHA E A TARDE;36;M;Não;Não;NAO;Não;Não;Não;Sim;-15.61168465128544;-56.073383658073226;6533184545;2025-10-17
9157247;LABORALLE SAUDE E SEGURANCA OCUPACIONAL;LABORALLE SAUDE E SEGURANCA OCUPACIONAL LTDA ME;510340;Cuiabá;Sim;Sim;JARDIM DAS AMERICAS;HAITI;MUNICIPAL;;ATENDIMENTO NOS TURNOS DA MANHA, TARDE E NOITE;36;M;Não;Não;NAO;Não;Não;Não;Sim;-15.596;-56.097;65 30541388;2025-09-03
9162275;CINECOR;NEUROCOR DIAGNOSTICO E TERAPEUTICA ENDOVASCULAR LTDA;510340;Cuiabá;Sim;Sim;ARAES;MARECHAL DEODORO DA FONSECA;MUNICIPAL;;ATENDIMENTOS NOS TURNOS DA MANHA E A TARDE;39;M;Não;Não;NAO;Não;Não;Não;Sim;-15.586846581155283;-56.07718676324298;65 36220220;2025-09-03
9162860;CLINICA INSTITUTO DA FACE;JOSE ABEL PORTO DE ALMEIDA;510340;Cuiabá;Sim;Sim;BOSQUE DA SAUDE;BOSQUE DA SAUDE;MUNICIPAL;;ATENDIMENTOS NOS TURNOS DA MANHA E A TARDE;22;M;Não;Não;NAO;Não;Não;Não;Sim;-15.587108143306251;-56.076882580068165;65 30271720;2025-09-03
9162879;CLINICA MADRE VIDA;M A F CLINICA MEDICA LTDA;510340;Cuiabá;Sim;Sim;JARDIM ITALIA;MESSINA;MUNICIPAL;;ATENDIMENTOS NOS TURNOS DA MANHA E A TARDE;22;M;Não;Não;NAO;Não;Não;Não;Não;-15.603544351118838;-56.059929486879184;65 36231000;2025-10-11
9162917;PRIME MED CARE;PRIME MEDICINA LTDA;510340;Cuiabá;Sim;Sim;BANDEIRANTES;GENERAL VALE;MUNICIPAL;;ATENDIMENTOS NOS TURNOS DA MANHA E A TARDE;22;M;Não;Não;NAO;Não;Não;Não;Não;-15.5838752;-56.0587461;65 36231000;2025-09-03
9167617;USCENTER CENTRO DE ULTRASSONOGRAFIA;V C ULTRASSONOGRAFIA LTDA;510340;Cuiabá;Sim;Sim;CENTRO NORTE;MATO GROSSO;MUNICIPAL;;ATENDIMENTOS NOS TURNOS DA MANHA E A TARDE;39;M;Não;Não;NAO;Não;Não;Não;Sim;-15.590331717615292;-56.0952693931131;65 99824311;2025-11-27
9169903;CLINICA REVIE;CENTRO DE MEDICINA FLOR DA PELE LTDA;510340;Cuiabá;Sim;Sim;POPULAR;SENADOR FILINTO MULLER;MUNICIPAL;;ATENDIMENTOS NOS TURNOS DA MANHA E A TARDE;22;M;Não;Não;NAO;Não;Não;Não;Não;-15.5906874;-56.1073326;65 33222200;2025-09-03
9169911;CINECOR;NEUROCOR DIAGNOSTICO E TERAPEUTICA ENDOVASCULAR LTDA;510340;Cuiabá;Sim;Sim;JARDIM MARIANA;ADEL MALOUF;MUNICIPAL;;ATENDIMENTOS NOS TURNOS DA MANHA E A TARDE;39;M;Não;Não;NAO;Não;Não;Não;Sim;-15.596;-56.097;65 36220220;2025-09-03
9175601;C R O JR DIAGNOSTICO POR IMAGEM;C R O JR DIAGNOSTICO POR IMAGEM LTDA ME;510340;Cuiabá;Sim;Sim;RIBEIRAO DA PONTE;MIGUEL SUTIL;MUNICIPAL;;ATENDIMENTOS NOS TURNOS DA MANHA E A TARDE;22;M;Não;Não;NAO;Não;Não;Não;Sim;-15.595718590536666;-56.09702289104462;65 30463400;2025-09-03
9175733;CLINIPREV DIAGNOSTICOS;CLINIPREV DIAGNOSTICOS LTDA;510340;Cuiabá;Sim;Sim;BANDEIRANTES;BALTAZAR NAVARROS;MUNICIPAL;;ATENDIMENTOS NOS TURNOS DA MANHA E A TARDE;39;M;Não;Não;NAO;Não;Não;Não;Sim;-15.601375992995493;-56.0897348903992;65 30557800;2025-09-03
9180559;AFONSO HIDEO YAMAMOTO;AFONSO HIDEO YAMAMOTO;510340;Cuiabá;Sim;Sim;MORADA DO SOL;RUA PRES PRUDENTE DE MORAES;MUNICIPAL;;ATENDIMENTOS NOS TURNOS DA MANHA E A TARDE;22;M;Não;Não;NAO;Não;Não;Não;Sim;-15.583766101760286;-56.100806110689334;06536219444;2025-10-11
9186042;LASER VISION;CENTRO AVANCADO DE CORRECOES OFTALMOLOGICAS A LASER LTDA;510340;Cuiabá;Sim;Sim;JARDIM CUIABA;DAS FLORES;MUNICIPAL;;ATENDIMENTO SOMENTE A TARDE;2;M;Não;Não;NAO;Não;Não;Não;Sim;-15.5951187378935;-56.11658927800487;65 33242348;2025-11-13
9188886;CAMILA FALCAO DE ARRUDA;CAMILA FALCAO DE ARRUDA;510340;Cuiabá;Sim;Sim;ARAES;RUA DESEMBARGADOR JOSE DE MESQUITA;MUNICIPAL;;ATENDIMENTOS NOS TURNOS DA MANHA E A TARDE;22;M;Não;Não;NAO;Não;Não;Não;Sim;-15.58703172271977;-56.09046840786462;06533218907;2025-10-11
9190368;NEOMED ATENDIMENTO HOSPITALAR;NEOMED ATENDIMENTO HOSPITALAR HOLDING LTDA;510340;Cuiabá;Sim;Sim;POCAO;MIRANDA REIS;MUNICIPAL;;ATENDIMENTOS NOS TURNOS DA MANHA E A TARDE;36;M;Não;Não;NAO;Não;Não;Não;Não;-15.6035389;-56.0911575;65 92245809;2025-09-03
9202625;PATRICIA LOBO DOS SANTOS;PATRICIA LOBO DOS SANTOS;510340;Cuiabá;Sim;Sim;MORADA DO OURO;AVENIDA DJALMA FERREIRA DE SOUZA;MUNICIPAL;;ATENDIMENTOS NOS TURNOS DA MANHA E A TARDE;22;M;Não;Não;NAO;Não;Não;Não;Não;-15.574680905592203;-56.063690696849584;;2025-11-27
9202641;LABORATORIO UMBRELLA;THIAGO PINHO DOS SANTOS;510340;Cuiabá;Sim;Sim;OSMAR CABRAL;MANOEL JOSE DA SILVA;MUNICIPAL;;ATENDIMENTOS NOS TURNOS DA MANHA E A TARDE;39;M;Não;Não;NAO;Não;Não;Não;Sim;-15.61299594403436;-55.998174059373284;65 36672254;2025-09-03
9207155;FEMINA CENTRO DE ESPECIALIDADES MEDICAS;FEMINA PRESTADORA DE SERVICOS MEDICO HOSPITALAR LTDA;510340;Cuiabá;Sim;Sim;BAU;CORUMBA;ESTADUAL;;ATENDIMENTO CONTINUO DE 24 HORAS/DIA (PLANTAO:INCLUI SABADOS, DOMINGOS E FERIADOS);73;E;Não;Não;NAO;Não;Não;Não;Sim;-15.91317;-56.088715;65 21289077;2026-06-11
9209352;HOSPITAL MUNICIPAL DE CUIABA E P S DR LEONY PALMA CARVALHO;SECRETARIA MUNICIPAL DE SAUDE;510340;Cuiabá;Sim;Sim;RIBEIRAO DO LIPA;RUA ORIVALDO DE SOUZA;MUNICIPAL;;ATENDIMENTO CONTINUO DE 24 HORAS/DIA (PLANTAO:INCLUI SABADOS, DOMINGOS E FERIADOS);5;M;Sim;Sim;SIM;Sim;Não;Não;Sim;-15.561809211317186;-56.106755344945384;;2025-09-03
9226923;INPRO;INSTITUTO PRIME DE ODONTOLOGIA LTDA;510340;Cuiabá;Sim;Sim;DUQUE DE CAXIAS;MARECHAL FLORIANO PEIXOTO;MUNICIPAL;;ATENDIMENTOS NOS TURNOS DA MANHA E A TARDE;22;M;Não;Não;NAO;Não;Não;Não;Sim;-15.587105162910708;-56.10964819372828;65 36243264;2025-09-03
9231285;PRONTO CLINICA HOME CARE;PRONTO CLINICA SOCIEDADE DE PROFISSIONAIS DA SAUDE;510340;Cuiabá;Sim;Sim;SANTA ROSA;JOSE RABELLO LEITE;MUNICIPAL;;ATENDIMENTO CONTINUO DE 24 HORAS/DIA (PLANTAO:INCLUI SABADOS, DOMINGOS E FERIADOS);42;M;;Não;NAO;;;;Sim;-15.588219660145501;-56.121309063229475;65 33260600;2025-11-27
9253637;CLINILAB;CLINILAB LABORATORIO DE ANALISES CLINICAS LTDA;510340;Cuiabá;Sim;Sim;CENTRO SUL;TENENTE CORONEL THOGO DA SILVA PEREIRA;MUNICIPAL;;ATENDIMENTO CONTINUO DE 24 HORAS/DIA (PLANTAO:INCLUI SABADOS, DOMINGOS E FERIADOS);39;M;Não;Não;SIM;Não;Não;Não;Sim;-15.5976614;-56.1098752;47 91082121;2025-09-03
9254064;VIVIANNE SANT ANA GIACOMELI ROZIN;VIVIANNE SANT ANA GIACOMELI ROZIN;510340;Cuiabá;Sim;Sim;JARDIM CUIABA;AVENIDA DAS FLORES;MUNICIPAL;;ATENDIMENTOS NOS TURNOS DA MANHA E A TARDE;22;M;Não;Não;NAO;Não;Não;Não;Não;-15.594569705933422;-56.11654570656385;(65)3027-2425;2025-11-27
9265074;CLINICA YAMADA;MARCEL YAMADA USHIMA CLINICA DE NEUROCIRURGIA EPP;510340;Cuiabá;Sim;Sim;SANTA ROSA;MIGUEL SUTIL;MUNICIPAL;;ATENDIMENTOS NOS TURNOS DA MANHA E A TARDE;22;M;Não;Não;NAO;Não;Não;Não;Não;-15.579029283880969;-56.10969193390647;65 81756265;2025-09-03
9279601;ROSANE MARIA WOJCIK DE MACEDO;ROSANE MARIA WOJCIK DE MACEDO;510340;Cuiabá;Sim;Sim;BAU;RUA CORUMBA;MUNICIPAL;;ATENDIMENTO SOMENTE A TARDE;22;M;Não;Não;NAO;Não;Não;Não;Não;-15.591354128429051;-56.088266222869734;3044-1122;2025-09-03
9282513;INSTITUTO DE ORTOPEDIA E MEDICINA DO ESPORTE;A L P M SERVICOS MEDICOS LTDA;510340;Cuiabá;Sim;Sim;ARAES;GAGO COUTINHO;MUNICIPAL;;ATENDIMENTOS NOS TURNOS DA MANHA E A TARDE;22;M;Não;Não;NAO;Não;Não;Não;Não;-15.590988582810155;-56.09067207138406;65 33141200;2025-09-03
9284044;MEYRE LAURA ROSA DE OLIVEIRA;MEYRE LAURA ROSA DE OLIVEIRA;510340;Cuiabá;Sim;Sim;POCAO;RUA DESEMBARGADOR PALMIRO PIMENTA;MUNICIPAL;;ATENDIMENTOS NOS TURNOS DA MANHA E A TARDE;22;M;Não;Não;NAO;Não;Não;Não;Sim;-15.607379281372593;-56.08579410701477;99967-1185;2025-11-27
9291881;MARIA AUXILIADORA MANSUR BUMLAI;MARIA AUXILIADORA MANSUR BUMLAI;510340;Cuiabá;Sim;Sim;JARDIM CUIABA;DAS PAPOULAS;MUNICIPAL;;ATENDIMENTOS NOS TURNOS DA MANHA E A TARDE;22;M;Não;Não;NAO;Não;Não;Não;Não;-15.595724455070517;-56.112809962796874;65 81270640;2025-09-03
9292098;KAMMILA REGINA AUXILIADORA SAMPAIO;KAMMILA REGINA AUXILIADORA SAMPAIO;510340;Cuiabá;Sim;Sim;TIJUCAL;RUA RADIALISTA EDSON LUIS DA SILVA ESPIGAO;MUNICIPAL;;ATENDIMENTOS NOS TURNOS DA MANHA E A TARDE;22;M;Não;Não;NAO;Não;Não;Não;Sim;-15.623206033192867;-56.062035067920625;;2025-11-04
9299963;ESPACO LA BELLE FEMME;ESPACO LA BELLE FEMME PILATES E ESTETICA LTDA;510340;Cuiabá;Sim;Sim;JARDIM SANTA MARTA;BOM JESUS DE CUIABA;MUNICIPAL;;ATENDIMENTOS NOS TURNOS DA MANHA E A TARDE;36;M;Não;Não;NAO;Não;Não;Não;Sim;-15.6055605;-56.0078531357053;65 30286393;2025-09-03
9307753;FADUA BRUNETTA HAMIDA;FADUA BRUNETTA HAMIDA;510340;Cuiabá;Sim;Sim;DUQUE DE CAXIAS;RUA ALMIRANTE HENRIQUE GUEDES;MUNICIPAL;;ATENDIMENTOS NOS TURNOS DA MANHA E A TARDE;22;M;Não;Não;NAO;Não;Não;Não;Não;-15.588178300820545;-56.1150652914957;99950111;2025-10-17
9318437;BEM VIVER;BEM VIVER TRATAMENTO ESPECIALIZADO EM DEPENDENCIA QUIMICA E;510340;Cuiabá;Sim;Sim;SUCURI;JOAQUIM MARINHO ANT ESTRADA VICINAL;MUNICIPAL;;ATENDIMENTOS NOS TURNOS DA MANHA E A TARDE;36;M;Não;Não;NAO;Não;Não;Não;Não;-15.568883961123968;-56.12660682024387;65 99710471;2026-03-10
9320423;ODONTO CARE;THIAGO LEONARDO RIOS;510340;Cuiabá;Sim;Sim;CENTRO SUL;BARAO DE MELGACO;MUNICIPAL;;ATENDIMENTOS NOS TURNOS DA MANHA E A TARDE;22;M;Não;Não;NAO;Não;Não;Não;Não;-15.604173751868581;-56.103723102206494;65 81026064;2025-09-03
9323732;NUCLEO DE APOIO A SAUDE DA FAMILIA NASF LESTE 1;SECRETARIA MUNICIPAL DE SAUDE;510340;Cuiabá;Sim;Sim;PRAEIRO;AV GENERAL MELLO;MUNICIPAL;;ATENDIMENTOS NOS TURNOS DA MANHA E A TARDE;71;M;Não;Não;NAO;Não;Não;Não;Sim;-15.596;-56.097;(65) 99921-7403;2025-09-03
9323813;CONSULTORIO NA RUA NOVO AMANHECER;SECRETARIA MUNICIPAL DE SAUDE;510340;Cuiabá;Sim;Sim;DOM AQUINO;AV CARMINDO DE CAMPOS;MUNICIPAL;;ATENDIMENTO NOS TURNOS DA MANHA, TARDE E NOITE;2;M;Não;Não;NAO;Não;Não;Não;Sim;-15.61358768729075;-56.098547831999944;(65) 99237-9769;2026-03-03
9325700;DIO CLINICA;MORENO E PIMENTA SERVICOS MEDICOS LTDA;510340;Cuiabá;Sim;Sim;CENTRO NORTE;MATO GROSSO;MUNICIPAL;;ATENDIMENTOS NOS TURNOS DA MANHA E A TARDE;36;M;Não;Não;NAO;Não;Não;Não;Sim;-15.587879439695993;-56.09768300090627;65 30287328;2026-06-26
9326278;ESPACO PILATES;CARBONI FISIOTERAPIA INTEGRADA EIRELI;510340;Cuiabá;Sim;Sim;BOSQUE DA SAUDE;TOPAZIO;MUNICIPAL;;ATENDIMENTOS NOS TURNOS DA MANHA E A TARDE;22;M;Não;Não;NAO;Não;Não;Não;Não;-15.5899448;-56.078558894441684;65 30276752;2025-09-03
9329730;RADIOCORE MEDICINA DIAGNOSTICA;RADIOCORE MEDICINA DIAGNOSTICA LTDA;510340;Cuiabá;Sim;Sim;BAU;HISTORIADOR RUBENS DE MENDONCA;MUNICIPAL;;ATENDIMENTOS NOS TURNOS DA MANHA E A TARDE;39;M;Não;Não;NAO;Não;Não;Não;Sim;-15.59048051668285;-56.087229609536564;65 33169000;2025-09-03
9328599;DANIELA ODORISSIO MARTIN;DANIELA ODORISSIO MARTIN;510340;Cuiabá;Sim;Sim;CENTRO SUL;RUA JESSE PINTO FREIRE;MUNICIPAL;;ATENDIMENTO SOMENTE PELA MANHA;22;M;Não;Não;NAO;Não;Não;Não;Não;-15.5967679;-56.1013276;;2025-09-03
9328955;VALLE MEDICAL;MOTORE MEDICINA AVANCADA EIRELI;510340;Cuiabá;Sim;Sim;JARDIM CUIABA;DAS FLORES;MUNICIPAL;;ATENDIMENTOS NOS TURNOS DA MANHA E A TARDE;22;M;Não;Não;NAO;Não;Não;Não;Não;-15.59448703482494;-56.119657068897894;65 96774477;2025-11-27
9331050;HOSPITAL SANTA ROSA S A;HOSPITAL SANTA ROSA S A;510340;Cuiabá;Sim;Sim;JARDIM MARIANA;ADEL MALUF RES SAO JOSE;DUPLA;;ATENDIMENTO CONTINUO DE 24 HORAS/DIA (PLANTAO:INCLUI SABADOS, DOMINGOS E FERIADOS);5;D;Sim;Sim;SIM;Sim;Não;Não;Sim;-15.5791388;-56.111168;65 36188000;2025-09-03
9340599;RODRIGUES CORREA CLINICA DE PSICOLOGIA E PSIQUIATRIA;FABIO RODRIGUES CORREA ME;510340;Cuiabá;Sim;Sim;BOA ESPERANCA;EDGAR VIEIRA;MUNICIPAL;;ATENDIMENTOS NOS TURNOS DA MANHA E A TARDE;22;M;Não;Não;NAO;Não;Não;Não;Não;-15.612314;-56.0664519;65 99814227;2025-09-03
9344357;VOX FONOAUDIOLOGIA;CLINICA FONOAUDIOLOGIA VOX SAUDE E BEM ESTAR LTDA ME;510340;Cuiabá;Sim;Sim;BOSQUE DA SAUDE;ACLIMACAO;MUNICIPAL;;ATENDIMENTOS NOS TURNOS DA MANHA E A TARDE;22;M;Não;Não;NAO;Não;Não;Não;Não;-15.587507394583838;-56.07707031026348;65 30235415;2025-11-27
9346244;POSTO DE COLETA UNIDADE GASTROCLINICA;LABORATORIO CARLOS CHAGAS LTDA;510340;Cuiabá;Sim;Sim;CENTRO NORTE;MARECHAL DEODORO;MUNICIPAL;;ATENDIMENTOS NOS TURNOS DA MANHA E A TARDE;39;M;Não;Não;NAO;Não;Não;Não;Sim;-15.5939371;-56.1000430647848;65 39014700;2025-09-03
9352171;TRS CARNEIRO DE OLIVEIRA;T R DOS S CARNEIRO DE OLIVEIRA ME;510340;Cuiabá;Sim;Sim;CENTRO NORTE;CANDIDO MARIANO;MUNICIPAL;;ATENDIMENTOS NOS TURNOS DA MANHA E A TARDE;22;M;Não;Não;NAO;Não;Não;Não;Não;;;65 36274999;2025-09-03
9361650;CONSULTORIO ODONTOLOGICO REVITHALIZE;REVITHALIZE SAUDE E ESTETICA LTDA;510340;Cuiabá;Sim;Sim;JARDIM PETROPOLIS;CARMINDO DE CAMPOS;MUNICIPAL;;ATENDIMENTOS NOS TURNOS DA MANHA E A TARDE;22;M;Não;Não;NAO;Não;Não;Não;Sim;-15.620498851277592;-56.07413698558448;65 99377439;2025-09-03
9361766;ULTRA PRIME MEDICINA DIAGNOSTICA;PRIME SERVICOS DE RADIOLOGIA E DIAGNOSTICOS POR IMAGENS LTDA;510340;Cuiabá;Sim;Sim;CENTRO SUL;COMANDANTE COSTA;MUNICIPAL;;ATENDIMENTOS NOS TURNOS DA MANHA E A TARDE;22;M;Não;Não;NAO;Não;Não;Não;Sim;-15.599593712437688;-56.10207607398536;65 36231000;2025-11-27
9361928;DE CORPORE FISIOTERAPIA E PILATES;ELLEN COUTO SILVA;510340;Cuiabá;Sim;Sim;MORADA DO OURO;DJALMA FERREIRA DE SOUZA ST OESTE;MUNICIPAL;;ATENDIMENTOS NOS TURNOS DA MANHA E A TARDE;36;M;Não;Não;NAO;Não;Não;Não;Não;-15.572753863117612;-56.061895766637704;65 93099281;2025-09-03
9362193;IGPA INSTITUTO DE GASTRO E PROCTOLOGIA AVANCADO;VIDA ENDOSCOPIA LTDA EPP;510340;Cuiabá;Sim;Sim;CENTRO SUL;BARAO DE MELGACO;MUNICIPAL;;ATENDIMENTOS NOS TURNOS DA MANHA E A TARDE;36;M;Não;Não;NAO;Não;Não;Não;Não;-16.46289935;-56.1169489699347;65 36244239;2025-09-03
9366954;DENSIMAT BARAO;DENSIMAT UNIDADE DE DENSITOMETRIA OSSEA DE MATO GROSSO LTDA;510340;Cuiabá;Sim;Sim;CENTRO;BARAO DE MELGACO;MUNICIPAL;;ATENDIMENTOS NOS TURNOS DA MANHA E A TARDE;39;M;Não;Não;NAO;Não;Não;Não;Sim;-15.601613889764804;-56.102088920920245;65 6248778;2025-09-03
9371001;NIC MT;FABIA ELOINA DE OLIVEIRA VASCONCELOS ME;510340;Cuiabá;Sim;Sim;JARDIM CUIABA;DAS DALIAS;MUNICIPAL;;ATENDIMENTOS NOS TURNOS DA MANHA E A TARDE;22;M;Não;Não;NAO;Não;Não;Não;Não;-15.596770271176585;-56.12016799423496;65 99528144;2025-09-03
9384952;CANDIDO DUARTE BRAGA NETO;CANDIDO DUARTE BRAGA NETO;510340;Cuiabá;Sim;Sim;BOA ESPERANCA;RUA TRINTA E OITO;MUNICIPAL;;ATENDIMENTOS NOS TURNOS DA MANHA E A TARDE;22;M;Não;Não;NAO;Não;Não;Não;Não;-15.616599666073258;-56.069431871995086;;2025-09-03
9392025;CENTRO MEDICO;CENTRO MEDICO E ESTETICO LCM LTDA;510340;Cuiabá;Sim;Sim;CPA I;PELOTAS;MUNICIPAL;;ATENDIMENTOS NOS TURNOS DA MANHA E A TARDE;22;M;Não;Não;NAO;Não;Não;Não;Não;-15.558347647659813;-56.05048055659245;65 30287328;2025-09-03
9396861;MEDICINA NUCLEAR;INSTITUTO DE MEDICINA NUCLEAR LIMITADA;510340;Cuiabá;Sim;Sim;CPA I;HISTORIADOR RUBENS DE MENDONCA;MUNICIPAL;;ATENDIMENTOS NOS TURNOS DA MANHA E A TARDE;39;M;Não;Não;NAO;Não;Não;Não;Sim;;;65 40092887;2025-09-03
9398864;ESTACAO SAUDE FISIOTERAPIA E PILATES;ESTACAO SAUDE FISIOTERAPIA E PILATES LTDA ME;510340;Cuiabá;Sim;Sim;BOA ESPERANCA;QUARENTA E CINCO;MUNICIPAL;;ATENDIMENTOS NOS TURNOS DA MANHA E A TARDE;36;M;Não;Não;NAO;Não;Não;Não;Não;-15.6159057391197;-56.05707271962504;65 30239535;2025-10-17
9401695;MMA ENDOCRINOLOGIA PEDIATRICA E DO ADOLECENTE;M MULLER DE ARRUDA ME;510340;Cuiabá;Sim;Sim;JARDIM CUIABA;DAS FLORES;MUNICIPAL;;ATENDIMENTOS NOS TURNOS DA MANHA E A TARDE;22;M;Não;Não;NAO;Não;Não;Não;Não;-15.594929402774717;-56.11748456680032;65 30234067;2025-11-13
9402799;CLINICA REABILITANDO;CLINICA DE FISIOTERAPIA REABILITANDO EIRELI;510340;Cuiabá;Sim;Sim;JARDIM CALIFORNIA;TANCREDO NEVES;MUNICIPAL;;ATENDIMENTOS NOS TURNOS DA MANHA E A TARDE;22;M;Não;Não;NAO;Não;Não;Não;Sim;-15.5683774;-56.0530041;65 99836223;2025-09-03
9411526;ATELIE DO SORRISO;ATELIE DO SORRISO SERVICOS ODONTOLOGICOS LTDA ME;510340;Cuiabá;Sim;Sim;JARDIM IMPERIAL;DUZENTOS;MUNICIPAL;;ATENDIMENTOS NOS TURNOS DA MANHA E A TARDE;22;M;Não;Não;NAO;Não;Não;Não;Sim;-15.633976463329674;-56.021273366932505;65 99082654;2025-10-11
9418547;CLINICA MEDICA MORETE;TAISA MORETE DA SILVA EIRELI;510340;Cuiabá;Sim;Sim;BOSQUE DA SAUDE;DA CEREJA;MUNICIPAL;;ATENDIMENTOS NOS TURNOS DA MANHA E A TARDE;22;M;Não;Não;NAO;Não;Não;Não;Não;-15.596;-56.097;65 36231731;2025-09-03
9423532;UMA MEDICINA E SEGURANCA DO TRABALHO;UMA MEDICINA E SEGURANCA DE TRABALHO LTDA;510340;Cuiabá;Sim;Sim;POPULAR;SAO SEBASTIAO;MUNICIPAL;;ATENDIMENTOS NOS TURNOS DA MANHA E A TARDE;36;M;Não;Não;NAO;Não;Não;Não;Sim;-15.594244175891923;-56.104964607669636;65 36231799;2025-09-03
9428658;VIVARE FISIOTERAPIA PILATES;VIVARE FISIOTERAPIA PILATES;510340;Cuiabá;Sim;Sim;QUILOMBO;SAO SEBASTIAO;MUNICIPAL;;ATENDIMENTOS NOS TURNOS DA MANHA E A TARDE;36;M;Não;Não;NAO;Não;Não;Não;Sim;-15.585296909706635;-56.09909973807018;65 98000080;2026-03-28
9429484;MASTER FISIO;MASTER CLINICA DE FISIOTERAPIA E REABILITACAO EIRELI;510340;Cuiabá;Sim;Sim;JARDIM DAS AMERICAS;BUENOS AIRES;MUNICIPAL;;ATENDIMENTOS NOS TURNOS DA MANHA E A TARDE;22;M;Não;Não;NAO;Não;Não;Não;Sim;-15.596;-56.097;65 81544045;2025-09-03
9430946;USMEDIC;CLINICA DE ULTRASSOM USMEDIC LTDA;510340;Cuiabá;Sim;Sim;ARAES;DESEMBARGADOR JOSE DE MESQUITA;MUNICIPAL;;ATENDIMENTOS NOS TURNOS DA MANHA E A TARDE;39;M;Não;Não;NAO;Não;Não;Não;Sim;-15.58804243212058;-56.09179880716323;65 36234888;2025-10-11
9432507;EQUIPE MEDICA E SEGURANCA DO TRABALHO;EQUIPE ASSISTENCIA MEDICA LTDA EPP;510340;Cuiabá;Sim;Sim;CENTRO SUL;AVENIDA 15 DE NOVEMBRO;MUNICIPAL;;ATENDIMENTOS NOS TURNOS DA MANHA E A TARDE;36;M;Não;Não;NAO;Não;Não;Não;Sim;-15.6089643;-56.101611;;2025-09-03
9433112;INSTITUTO DE OTORRINOLARINGOLOGIA;OTORRINOS MT SERVICOS MEDICOS LTDA;510340;Cuiabá;Sim;Sim;BAU;CORUMBA;MUNICIPAL;;ATENDIMENTOS NOS TURNOS DA MANHA E A TARDE;36;M;Não;Não;NAO;Não;Não;Não;Sim;-15.591586744841388;-56.08872624570279;65 21289000;2025-09-03
9438580;MAMO RADY SERVICOS DE IMAGENS E DIAGNOSTICO;MAMO RADY DIAGNOSTICO MATERNO INFANTIL EIRELI;510340;Cuiabá;Sim;Sim;JARDIM CALIFORNIA;TANCREDO DE ALMEIDA NEVES;MUNICIPAL;;ATENDIMENTO CONTINUO DE 24 HORAS/DIA (PLANTAO:INCLUI SABADOS, DOMINGOS E FERIADOS);39;M;Não;Não;NAO;Não;Não;Não;Sim;-15.596;-56.097;65 36246092;2025-09-03
9441999;PSICOLOGA KAMILA COSTA;KAMILA CRISTINA DA COSTA ME;510340;Cuiabá;Sim;Sim;DOM AQUINO;DESEMBARGADOR ALIRIO FIGUEIREDO;MUNICIPAL;;ATENDIMENTOS NOS TURNOS DA MANHA E A TARDE;22;M;Não;Não;NAO;Não;Não;Não;Não;-15.596;-56.097;65 81012343;2025-09-03
9458093;MANOEL DOS SANTOS DA SILVA NETO;MANOEL DOS SANTOS DA SILVA NETO;510340;Cuiabá;Sim;Sim;PICO DO AMOR;AVENIDA TANCREDO DE ALMEIDA NEVES;MUNICIPAL;;ATENDIMENTOS NOS TURNOS DA MANHA E A TARDE;22;M;Não;Não;NAO;Não;Não;Não;Não;-15.61576293284074;-56.07608714350348;;2025-09-03
9470549;CLINICA ORTHOS;DNR CLINICA DE ORTOPEDIA LTDA;510340;Cuiabá;Sim;Sim;PORTO;COMANDANTE COSTA;MUNICIPAL;;ATENDIMENTOS NOS TURNOS DA MANHA E A TARDE;36;M;Não;Não;SIM;Não;Não;Não;Sim;-15.596;-56.097;65 30547075;2025-09-03
9476601;RESIDENCIAL GERIATRICO CASANNOVA;FERNANDO CESAR FREDERICO;510340;Cuiabá;Sim;Sim;BOA ESPERANCA;05;MUNICIPAL;;ATENDIMENTO CONTINUO DE 24 HORAS/DIA (PLANTAO:INCLUI SABADOS, DOMINGOS E FERIADOS);36;M;Não;Não;NAO;Não;Não;Não;Sim;-15.613041188982399;-56.06242845374545;65 33225186;2026-03-10
9478175;COMPLEXO HOSPITALAR JARDIM CUIABA;COMPLEXO HOSPITALAR JARDIM CUIABA LTDA;510340;Cuiabá;Sim;Sim;JARDIM CUIABA;DAS FLORES;MUNICIPAL;;ATENDIMENTO CONTINUO DE 24 HORAS/DIA (PLANTAO:INCLUI SABADOS, DOMINGOS E FERIADOS);5;M;Sim;Sim;NAO;Sim;Sim;Sim;Sim;-15.594774;-56.118243;65 30513000;2025-09-03
9494731;MARTINS CLINICA DE PSICOLOGIA;ADRIANA VIEIRA MARTINS;510340;Cuiabá;Sim;Sim;BARRA DO PARI;MONTESE VL MILITAR;MUNICIPAL;;ATENDIMENTOS NOS TURNOS DA MANHA E A TARDE;22;M;Não;Não;NAO;Não;Não;Não;Não;-15.594544239172548;-56.12204673780297;65 99036693;2025-09-03
9496491;CARDIO MAIS;CARDIO DERMATOLOGIA ASSISTENCIA MEDICA LTDA;510340;Cuiabá;Sim;Sim;BOSQUE DA SAUDE;HISTORIADOR RUBENS DE MENDONCA;MUNICIPAL;;ATENDIMENTOS NOS TURNOS DA MANHA E A TARDE;36;M;Não;Não;NAO;Não;Não;Não;Sim;-15.596075107322193;-56.09713017940521;65 30269292;2025-09-03
9498141;BOM CORACAO CARDIOLOGIA;BOM CORACAO CARDIOLOGIA CLINICA LTDA;510340;Cuiabá;Sim;Sim;JARDIM CUIABA;DAS FLORES;MUNICIPAL;;ATENDIMENTOS NOS TURNOS DA MANHA E A TARDE;36;M;Não;Não;NAO;Não;Não;Não;Sim;-15.595863264089495;-56.097186505794525;65 30547400;2025-09-03
9499210;SOMEC;SOMEC SERVICOS MEDICOS LTDA;510340;Cuiabá;Sim;Sim;BANDEIRANTES;BALTAZAR NAVARROS;MUNICIPAL;;;60;M;;Não;NAO;;;;Não;-15.599708164117793;-56.090389364743544;65 30287328;2025-09-03
9507388;STUDIO PILATES DO BOSQUE;A B L MIRANDA;510340;Cuiabá;Sim;Sim;JARDIM ACLIMACAO;T;MUNICIPAL;;ATENDIMENTOS NOS TURNOS DA MANHA E A TARDE;36;M;Não;Não;NAO;Não;Não;Não;Não;-15.587084701582137;-56.07521798432677;65 30234677;2025-11-27
9514295;JESSIKA VIEIRA DE CASTRO;JESSIKA VIEIRA DE CASTRO;510340;Cuiabá;Sim;Sim;JARDIM CUIABA;AVENIDA DAS FLORES;MUNICIPAL;;ATENDIMENTOS NOS TURNOS DA MANHA E A TARDE;22;M;Não;Não;NAO;Não;Não;Não;Sim;-15.595167351771964;-56.1134353469248;(65) 3365-0516;2025-09-03
9524835;CLINICA RIDOLFI;M D COELHO RIDOLFI;510340;Cuiabá;Sim;Sim;BOSQUE DA SAUDE II;G;MUNICIPAL;;ATENDIMENTOS NOS TURNOS DA MANHA E A TARDE;22;M;Não;Não;NAO;Não;Não;Não;Não;-15.587793115855506;-56.081770072561845;65 30283472;2025-09-03
9525874;ECCOR EQUIPE DE CIRURGIA CARDIOVASCULAR;ECCOR EQUIPE DE CIRURGIA CARDIOVASCULAR LTDA;510340;Cuiabá;Sim;Sim;CENTRO SUL;TREZE DE JUNHO;MUNICIPAL;;;60;M;;Não;NAO;;;;Não;-15.606323151886244;-56.102189169088184;65 30540688;2025-09-03
9525939;CONSULTORIO DR ANTONIO;ANTONIO R DE FIGUEIREDO FILHO;510340;Cuiabá;Sim;Sim;PORTO;TREZE DE JUNHO;MUNICIPAL;;ATENDIMENTOS NOS TURNOS DA MANHA E A TARDE;22;M;Não;Não;NAO;Não;Não;Não;Não;-15.608629032513877;-56.104551818308344;65 36241533;2025-10-17
9529098;ANJOS DA VIDA MAIS SAUDE;ANJOS DA VIDA SERVICOS DE ATENDIMENTO A SAUDE DOMICILIAR LTD;510340;Cuiabá;Sim;Sim;BOSQUE DA SAUDE;HISTORIADOR RUBENS DE MENDONCA;MUNICIPAL;;;60;M;;Não;NAO;;;;Não;-15.579101531088519;-56.07781596227356;65 30237055;2025-11-27
9531475;CARLOS VASCULAR;MC VASCULARES SERVICOS MEDICOS LTDA;510340;Cuiabá;Sim;Sim;JARDIM MARIANA;MIGUEL SUTIL;MUNICIPAL;;ATENDIMENTOS NOS TURNOS DA MANHA E A TARDE;36;M;Não;Não;NAO;Não;Não;Não;Sim;-15.579471803964296;-56.11025345475718;65 30287328;2025-09-03
9541683;PRO VIDA EMERGENCIAS MEDICAS;F C V DA COSTA;510340;Cuiabá;Sim;Sim;SAO JOAO DEL REI;QUARENTA E DOIS;MUNICIPAL;;ATENDIMENTO CONTINUO DE 24 HORAS/DIA (PLANTAO:INCLUI SABADOS, DOMINGOS E FERIADOS);42;M;;Não;NAO;;;;Sim;-15.614500595676702;-55.99898221270982;65 92059234;2025-09-03
9543082;DIAG X DIGITAL DIAGNOSTICOS RADIOLOGICOS;DIAG X DIGITAL DIAGNOSTICOS RADIOLOGICOS LTDA;510340;Cuiabá;Sim;Sim;PORTO;TREZE DE JUNHO;MUNICIPAL;;ATENDIMENTO CONTINUO DE 24 HORAS/DIA (PLANTAO:INCLUI SABADOS, DOMINGOS E FERIADOS);39;M;Não;Não;SIM;Não;Não;Não;Sim;-15.597844764809432;-56.095075607299805;65 36220719;2025-09-03
9545476;SENAP MT;SERVICO DE NEUROLOGIA ADULTO E PEDIATRICO DE MT LTDA;510340;Cuiabá;Sim;Sim;QUILOMBO;ESTEVAO DE MENDONCA;MUNICIPAL;;ATENDIMENTO SOMENTE A TARDE;22;M;Não;Não;NAO;Não;Não;Não;Não;-15.587488467967123;-56.10362770434018;65 30287328;2025-11-27
9563644;LAPC LPB;LABORATORIO DE ANATOMIA PATOLOGICA E CITOPATOLOGIA DO HOSPIT;510340;Cuiabá;Sim;Sim;CPA I;HISTORIADOR RUBENS DE MENDONCA;MUNICIPAL;;ATENDIMENTOS NOS TURNOS DA MANHA E A TARDE;39;M;Não;Não;SIM;Não;Não;Não;Sim;-15.55952155;-56.067241834147;65 41413498;2025-09-03
9569782;ODONTOLOGIA CONCEITO;ODONTOLOGIA CONCEITO LTDA;510340;Cuiabá;Sim;Sim;POPULAR;ESTEVAO DE MENDONCA;MUNICIPAL;;ATENDIMENTOS NOS TURNOS DA MANHA E A TARDE;36;M;Não;Não;NAO;Não;Não;Não;Sim;-15.593060119032078;-56.10784930708173;65 30277603;2025-09-03
9575006;LP MEDICAL CENTER LTDA;LP MEDICAL CENTER LTDA;510340;Cuiabá;Sim;Sim;BAU;CORUMBA;MUNICIPAL;;ATENDIMENTOS NOS TURNOS DA MANHA E A TARDE;36;M;Não;Não;NAO;Não;Não;Não;Sim;-15.591337436054776;-56.08873630517055;65 99113604;2026-04-15
9579664;INSTITUTO GEODESICO DA VISAO LTDA;INSTITUTO GEODESICO DA VISAO LTDA;510340;Cuiabá;Sim;Sim;JARDIM MARIANA;MIGUEL SUTIL;MUNICIPAL;;ATENDIMENTOS NOS TURNOS DA MANHA E A TARDE;36;M;Não;Não;SIM;Não;Não;Não;Não;-15.579196643768299;-56.11043047947538;65 30254479;2025-09-03
9582169;CENTRO INTTEGRARE DE PSICOLOGIA;CENTRO INTTEGRARE DE PSICOLOGIA LTDA;510340;Cuiabá;Sim;Sim;BOSQUE DA SAUDE;HISTORIADOR RUBENS DE MENDONCA;MUNICIPAL;;ATENDIMENTOS NOS TURNOS DA MANHA E A TARDE;22;M;Não;Não;NAO;Não;Não;Não;Não;-15.585029842539225;-56.079998240749504;65 99732294;2025-10-11
9584773;INSTITUTO DA CRIANCA;INSTITUTO DE ESPECIALIDADES PEDIATRICAS LTDA;510340;Cuiabá;Sim;Sim;JARDIM CUIABA;DAS CAMELIAS;MUNICIPAL;;ATENDIMENTOS NOS TURNOS DA MANHA E A TARDE;36;M;Não;Não;NAO;Não;Não;Não;Não;-15.593661353732815;-56.115366337090045;65 30544488;2025-09-03
9601090;CLINVERT;CUIABA SPINE CLINICA ORTOPEDICA LTDA;510340;Cuiabá;Sim;Sim;BANDEIRANTES;GENERAL VALLE;MUNICIPAL;;ATENDIMENTOS NOS TURNOS DA MANHA E A TARDE;36;M;Não;Não;NAO;Não;Não;Não;Não;-15.602942702225434;-56.09345025303445;65 33227117;2025-09-03
9612572;L A SERVICOS MEDICOS;L A SERVICOS MEDICOS LTDA;510340;Cuiabá;Sim;Sim;JARDIM CUIABA;DAS ORQUIDEAS;MUNICIPAL;;ATENDIMENTOS NOS TURNOS DA MANHA E A TARDE;39;M;Não;Não;NAO;Não;Não;Não;Sim;-15.595784285745681;-56.11706354631378;65 30287328;2025-09-03
9613323;LIDERME ESTETICA;LIANNI M BORGES;510340;Cuiabá;Sim;Sim;CENTRO NORTE;ISAAC POVOAS;MUNICIPAL;;ATENDIMENTOS NOS TURNOS DA MANHA E A TARDE;36;M;Não;Não;NAO;Não;Não;Não;Sim;-15.59622266424033;-56.10029793532983;65 30550003;2025-09-03
9619496;INTENSICRIN;MAMAE CANGURU LTDA;510340;Cuiabá;Sim;Sim;JARDIM CUIABA;DAS FLORES;MUNICIPAL;;ATENDIMENTO CONTINUO DE 24 HORAS/DIA (PLANTAO:INCLUI SABADOS, DOMINGOS E FERIADOS);5;M;Sim;Sim;NAO;Não;Não;Sim;Sim;-15.594865156763;-56.11810936564864;65 36825615;2025-11-04
9622535;ODONTO LIGHT ESPACO SAUDE;AL ODONTOLOGIA LTDA;510340;Cuiabá;Sim;Sim;JARDIM LEBLON;BENEDITO CAMARGO;MUNICIPAL;;ATENDIMENTOS NOS TURNOS DA MANHA E A TARDE;36;M;Não;Não;NAO;Não;Não;Não;Sim;-15.5926869;-56.0784955;65 36531326;2025-09-03
9967826;UNIDADE DE SAUDE DA FAMILIA NOVA JANGADA;UNIDADE DE SAUDE DA FAMILIA NOVA JANGADA;510490;Jangada;Sim;Não;CENTRO;RUA FEIRAO DO NORTE;MUNICIPAL;;ATENDIMENTOS NOS TURNOS DA MANHA E A TARDE;2;M;Não;Não;SIM;Não;Não;Não;Sim;-15.182757617816446;-56.51865005493164;;2025-09-03
787000;MEDICAL CLINIC;GERALDO MENEZES MENDES;510490;Jangada;Sim;Não;CENTRO;RUA MARIA FELIPA;MUNICIPAL;;ATENDIMENTOS NOS TURNOS DA MANHA E A TARDE;36;M;Não;Não;NAO;Não;Não;Não;Sim;-15.235868743607988;-56.488845348358154;65 984411382;2025-09-03
81078;ALMOXARIFADO SAUDE;PREFEITURA MUNICIPAL DE JANGADA;510490;Jangada;Sim;Não;CENTRO;RUA JOAO PONCE DE ARRUDA;MUNICIPAL;;ATENDIMENTO SOMENTE A TARDE;84;M;Não;Não;NAO;Não;Não;Não;Sim;-15.234916381305192;-56.49152755737305;653344-1155;2025-09-03
2391104;LABORATORIO MUNICIPAL AMARILDO BENEDITO DE FIGUEIREDO;PREFEITURA MUNICIPAL DE JANGADA;510490;Jangada;Sim;Não;CENTRO;RUA SANTA CRUZ;MUNICIPAL;;ATENDIMENTOS NOS TURNOS DA MANHA E A TARDE;39;M;Não;Não;SIM;Não;Não;Não;Sim;-15.23729727897797;-56.48972511291504;(65)33441155;2025-09-03
2391120;UNIDADE BASICA SAUDE HELTON CARLOS SILVA PONCE;PREFEITURA MUNICIPAL DE JANGADA;510490;Jangada;Sim;Não;CENTRO;RUA SANTA CRUZ;MUNICIPAL;;ATENDIMENTOS NOS TURNOS DA MANHA E A TARDE;2;M;Não;Não;SIM;Não;Não;Não;Sim;-15.237214465598228;-56.48961782455444;;2025-09-03
2795507;PRONTO ATENDIMENTO OTILIO FRANCISCO DE PAULA;PREFEITURA MUNICIPAL DE JANGADA;510490;Jangada;Sim;Não;COHAB;RUA RAMIRO MENDES;MUNICIPAL;;ATENDIMENTO CONTINUO DE 24 HORAS/DIA (PLANTAO:INCLUI SABADOS, DOMINGOS E FERIADOS);73;M;Não;Não;SIM;Não;Não;Não;Sim;-15.2376492354781;-56.485347747802734;6533441569;2025-09-03
4075048;FISIOTERAPIA NILSON VIEIRA DA SILVA;MUNICIPIO DE JANGADA;510490;Jangada;Sim;Não;ZONA RURAL;COMUNIDADE MUTUM;MUNICIPAL;;ATENDIMENTOS NOS TURNOS DA MANHA E A TARDE;36;M;Não;Não;SIM;Não;Não;Não;Sim;-15.365804942948355;-56.641645431518555;;2025-09-03
4291115;VIGILANCIA EM SAUDE DE JANGADA;PREFEITURA DE JANGADA;510490;Jangada;Sim;Não;CENTRO;RUA RAMIRO MENDES;MUNICIPAL;;ATENDIMENTOS NOS TURNOS DA MANHA E A TARDE;50;M;;Não;SIM;;;;Não;-15.237783806925444;-56.48491859436035;;2025-09-03
4551001;UBS CRISTINO MILITINO DE OLIVEIRA;PREFEITURA MUNICIPAL DE JANGADA;510490;Jangada;Sim;Não;CENTRO;RUA SANTA CRUZ;MUNICIPAL;;ATENDIMENTO NOS TURNOS DA MANHA, TARDE E NOITE;2;M;Não;Não;SIM;Não;Não;Não;Sim;-15.237214465598228;-56.48961782455444;;2025-09-03
4664639;SAMU JANGADA;MUNICIPIO DE JANGADA;510490;Jangada;Sim;Não;CENTRO;RUA RAMIRO MENDES;MUNICIPAL;;ATENDIMENTO CONTINUO DE 24 HORAS/DIA (PLANTAO:INCLUI SABADOS, DOMINGOS E FERIADOS);42;M;;Não;NAO;;;;Não;-15.237989;-56.485214;;2025-09-03
6300197;UNIDADE BASICA SAUDE PATRICIO DE OLIVEIRA BASTOS;PREFEITURA MUNICIPAL DE JANGADA;510490;Jangada;Sim;Não;ZONA RURAL;COMUNIDADE NOVO MATO GROSSO;MUNICIPAL;;ATENDIMENTOS NOS TURNOS DA MANHA E A TARDE;2;M;Não;Não;SIM;Não;Não;Não;Sim;-15.374453451134428;-56.64992809295654;6533441155;2025-09-03
6300200;UNIDADE DE SAUDE DA FAMILIA MUTUM;PREFEITURA MUNICIPAL DE JANGADA;510490;Jangada;Sim;Não;ZONA RURAL;COMUNIDADE DO MUTUM;MUNICIPAL;;ATENDIMENTOS NOS TURNOS DA MANHA E A TARDE;2;M;Não;Não;SIM;Não;Não;Não;Sim;-15.359680423515899;-56.64276123046875;6533441155;2025-09-03
6403573;SECRETARIA MUNICIPAL DE SAUDE DE JANGADA;PREFEITURA MUNICIPAL DE JANGADA;510490;Jangada;Sim;Não;COHAB JAIME CAMPOS;RUA RAMIRO MENDES;MUNICIPAL;;ATENDIMENTOS NOS TURNOS DA MANHA E A TARDE;68;M;;Não;SIM;;;;Não;-15.237876971723185;-56.48513317108154;6533441155;2025-09-03
7855230;CENTRAL DE REGULACAO JANGADA;PREFEITURA MUNICIPAL DE JANGADA;510490;Jangada;Sim;Não;COHAB JAIME CAMPOS;RUA RAMIRO MENDES;MUNICIPAL;;ATENDIMENTOS NOS TURNOS DA MANHA E A TARDE;81;M;;Não;NAO;;;;Não;-15.236158592148717;-56.48863077163696;6533441155;2025-09-03
9197028;UNIDADE DESCENTRALIZADA DE REABILITACAO;MUNICIPIO DE JANGADA;510490;Jangada;Sim;Não;CENTRO;RUA SANTA CRUZ;MUNICIPAL;;ATENDIMENTOS NOS TURNOS DA MANHA E A TARDE;36;M;Não;Não;SIM;Não;Não;Não;Sim;-15.237235168946219;-56.489553451538086;;2025-09-03
9270426;ACADEMIA SAUDE JANGADA;MUNICIPIO JANGADA;510490;Jangada;Sim;Não;CENTRO;RUA JOAO PONCE DE ARRUDA;MUNICIPAL;;ATENDIMENTO COM TURNOS INTERMITENTES;74;M;Não;Não;SIM;Não;Não;Não;Sim;-15.236;-56.489;;2025-09-03
9618074;FARMACIA MUNICIPAL ANISIO BISPO DE GUSMAO;MUNICIPIO DE JANGADA;510490;Jangada;Sim;Não;CENTRO;RUA JOAO PONCE DE ARRUDA;MUNICIPAL;;ATENDIMENTOS NOS TURNOS DA MANHA E A TARDE;43;M;Não;Não;SIM;Não;Não;Não;Não;-15.236;-56.489;65 33441155;2025-09-03
550434;CONSULTORIO ODONTOLOGICO DR ANDRE;ANDRE AVELINO BEZERRA;510590;Nobres;Sim;Não;SAO JOSE;RUA BAHIA;MUNICIPAL;;ATENDIMENTOS NOS TURNOS DA MANHA E A TARDE;36;M;Não;Não;NAO;Não;Não;Não;Não;-14.72584902992113;-56.324758529663086;6533761527;2025-09-03
559407;ULTRA POPULAR;MARTINS BONFIM COMERCIO LTDA;510590;Nobres;Sim;Não;CENTRO;AVENIDA OSVALDO DA SILVA CAMPOS;MUNICIPAL;;ATENDIMENTO NOS TURNOS DA MANHA, TARDE E NOITE;43;M;Não;Não;NAO;Não;Não;Não;Não;-14.718502395255499;-56.3318395614624;33761307;2025-09-03
625388;DROGARIA NOBRES PAG MENOS;HERCIONE DA SILVA EIRELI;510590;Nobres;Sim;Não;BOM JARDIM;RODOVIA MT 241;MUNICIPAL;;ATENDIMENTO NOS TURNOS DA MANHA, TARDE E NOITE;43;M;Não;Não;NAO;Não;Não;Não;Não;-14.72;-56.328;999718881;2025-09-03
5960851;ELEVARE ODONTOLOGIA;K CAMPOS DE ALMEIDA E CIA LTADA;510590;Nobres;Sim;Não;CENTRO;AV OSVALDO DA SILVA CAMPOS;MUNICIPAL;;ATENDIMENTOS NOS TURNOS DA MANHA E A TARDE;36;M;Não;Não;NAO;Não;Não;Não;Sim;-14.720058906315101;-56.3284707069397;65999912621;2025-10-18
616680;DROGARIA VERDES MARES;DROGARIA VERDES MARES AIRELI;510590;Nobres;Sim;Não;CENTRO;AVENIDA OSVALDO DA SILVA CAMPOS;MUNICIPAL;;ATENDIMENTO NOS TURNOS DA MANHA, TARDE E NOITE;43;M;Não;Não;NAO;Não;Não;Não;Sim;-14.720266440283735;-56.328771114349365;6533761678;2025-09-03
618403;DROGARIA IDEAL;GLADECIR COLOGNESE VALANDRO FIRMINO;510590;Nobres;Sim;Não;CENTRO;AVENIDA JK;MUNICIPAL;;ATENDIMENTOS NOS TURNOS DA MANHA E A TARDE;43;M;Não;Não;NAO;Não;Não;Não;Sim;-14.718502395255499;-56.33095979690552;;2025-09-03
8114897;CENTRO ESPECIALIZADO DE INCLUSAO NOBRES CUIDA;PREFEITURA MUNICIPAL DE NOBRES;510590;Nobres;Sim;Não;JARDIM PARANA;UA ALAOR SOARES DE SOUZA;MUNICIPAL;;ATENDIMENTOS NOS TURNOS DA MANHA E A TARDE;36;M;Não;Não;SIM;Não;Não;Não;Sim;-14.727135703173461;-56.3408088684082;;2026-02-14
623628;DROGARIA IMPERIAL;SILVA E LEITE LTDA ME;510590;Nobres;Sim;Não;COQUEIRAL;AVENIDA PRINCIPAL;MUNICIPAL;;ATENDIMENTOS NOS TURNOS DA MANHA E A TARDE;43;M;Não;Não;NAO;Não;Não;Não;Não;-14.714953508506948;-56.32274150848389;;2025-09-03
623857;DROGA NOBRES;E H LOPES E SILVA EIRELI;510590;Nobres;Sim;Não;CENTRO;AVENIDA OSVALDO DA SILVA CAMPOS;MUNICIPAL;;ATENDIMENTO NOS TURNOS DA MANHA, TARDE E NOITE;43;M;Não;Não;NAO;Não;Não;Não;Não;-14.720743767662102;-56.32793426513672;;2025-09-03
624659;NOBRES ODONTOLOGIA ESPECIALIZADA;J Z ANDRADE;510590;Nobres;Sim;Não;CENTRO;AVENIDA GETULIO VARGAS;MUNICIPAL;;ATENDIMENTOS NOS TURNOS DA MANHA E A TARDE;36;M;Não;Não;NAO;Não;Não;Não;Não;-14.719623084338144;-56.32812738418579;65 33763174;2025-09-03
8162182;DROGARIA ULTRA POPULAR;DROGARIA DMD LTDA;510590;Nobres;Sim;Não;CENTRO;AVNIDA JK;MUNICIPAL;;ATENDIMENTO NOS TURNOS DA MANHA, TARDE E NOITE;43;M;Não;Não;NAO;Não;Não;Não;Sim;-14.718543902361253;-56.33143186569214;6635666767;2026-04-16
8162646;BT CIRURGIA DO APARELHO DIGESTIVO E OBESIDADE;BT CIRURGIA DO APARELHO DIGESTIVO E OBESIDADE LTDA;510590;Nobres;Sim;Não;CENTRO;AV JK;MUNICIPAL;;ATENDIMENTOS NOS TURNOS DA MANHA E A TARDE;22;M;Não;Não;NAO;Não;Não;Não;Não;-14.718606163005065;-56.33186101913452;65992091337;2026-04-16
8193576;ORTOCLIN;DEBORA FIGUEIREDO MARTINS;510590;Nobres;Sim;Não;CENTRO;RUA VALDON VARJAO;MUNICIPAL;;ATENDIMENTO NOS TURNOS DA MANHA, TARDE E NOITE;22;M;Não;Não;NAO;Não;Não;Não;Não;-14.720500652228898;-56.333709990063554;;2026-04-16
8239215;CLINOCOR;JOEMIL JOSE BALDUINO DE ARAUJO E CIA LTDA;510590;Nobres;Sim;Não;CENTRO;RUA PORTO PUBLICO 3 ESQINA COM AV JK;MUNICIPAL;;ATENDIMENTOS NOS TURNOS DA MANHA E A TARDE;36;M;Não;Não;NAO;Não;Não;Não;Não;-14.718087323763564;-56.33282661437988;65 999531216;2026-05-14
647608;FISIOTERAPIA E PILATES KHALIL;MUNIRA KHALIL;510590;Nobres;Sim;Não;CENTRO;PORTO PUBLICO I;MUNICIPAL;;ATENDIMENTOS NOS TURNOS DA MANHA E A TARDE;36;M;Não;Não;NAO;Não;Não;Não;Não;-14.719726851554508;-56.32814884185791;65 99210739;2025-09-03
8304505;CONCESSIONARIA ROTA DO OESTE SAU11;CONCESSIONARIA ROTA DO OESTE S A;510590;Nobres;Sim;Não;ZONA RURAL;RODOVIA BR 364 KM 584 8;MUNICIPAL;;ATENDIMENTO CONTINUO DE 24 HORAS/DIA (PLANTAO:INCLUI SABADOS, DOMINGOS E FERIADOS);40;M;Não;Não;NAO;Não;Não;Não;Sim;-14.705904623764036;-56.32162570953369;6530569101;2026-06-16
656844;MM OHLWEILLER;MILLENA OHLWELLER MANFRINATO;510590;Nobres;Sim;Não;AEROPORTO;AVENI FILINTO MULLER;MUNICIPAL;;ATENDIMENTOS NOS TURNOS DA MANHA E A TARDE;36;M;Não;Não;NAO;Não;Não;Não;Não;-14.711051741831998;-56.33488655090332;65999434148;2025-09-03
8437610;UOM UNIDADE ODONTOLOGICA MOVEL;UOM;510590;Nobres;Sim;Não;CENTRO;PRACA JOSINO SERRA;MUNICIPAL;;ATENDIMENTOS NOS TURNOS DA MANHA E A TARDE;40;M;;Não;NAO;;;;Não;-14.718709930705256;-56.3304877281189;6533764200;2026-07-21
8456593;HOSPITAL MUNICIPAL LAURA DE VICUNA;MUNICIPIO DE NOBRES;510590;Nobres;Sim;Não;CENTRO;AV JK;MUNICIPAL;;ATENDIMENTO NOS TURNOS DA MANHA, TARDE E NOITE;5;M;;Não;SIM;;;;Não;-14.717734512374404;-56.3303804397583;;2026-07-28
672548;JB BRITO;ORTOCLIN;510590;Nobres;Sim;Não;CENTRO;RUA PROFESSORA NAZARETH BALBINO DA ROCHA;MUNICIPAL;;ATENDIMENTOS NOS TURNOS DA MANHA E A TARDE;36;M;Não;Não;NAO;Não;Não;Não;Não;-14.719747604991861;-56.32821321487427;;2025-09-03
693146;REAL ODONTO;M H REAL SILVA;510590;Nobres;Sim;Não;CENTRO;RUA NIVA MATOS DE OLIVEIRA;MUNICIPAL;;ATENDIMENTOS NOS TURNOS DA MANHA E A TARDE;36;M;Não;Não;NAO;Não;Não;Não;Não;-14.7233849;-56.3357838;65 33762643;2026-05-01
805629;ALURI ODONTOLOGIA;ALEXIA YUKARI SANTOS;510590;Nobres;Sim;Não;CENTRO;RUA PARA;MUNICIPAL;;ATENDIMENTOS NOS TURNOS DA MANHA E A TARDE;36;M;Não;Não;NAO;Não;Não;Não;Não;-14.71902123350963;-56.332054138183594;65996194208;2025-09-03
9046488;FARMACIA MUNICIPAL DE NOBRES;MUNICIPIO DE NOBRES;510590;Nobres;Sim;Não;CENTRO;PRACA JOSINO SERRA;MUNICIPAL;;ATENDIMENTOS NOS TURNOS DA MANHA E A TARDE;43;M;Não;Não;SIM;Não;Não;Não;Sim;-14.719809865292047;-56.328749656677246;;2025-09-03
61050;CLINICA ODONTOLOGICA HANEL;ELLIZANGELA HANEL DAVID;510590;Nobres;Sim;Não;CENTRO;AVENIDA GETULIO VARGAS;MUNICIPAL;;ATENDIMENTOS NOS TURNOS DA MANHA E A TARDE;36;M;Não;Não;NAO;Não;Não;Não;Sim;-14.721698419284467;-56.336764097213745;6533761617;2025-09-03
519642;ODONTO ART;NILZA ALVES BUENO;510590;Nobres;Sim;Não;CENTRO;AV MARECHAL RONDON;MUNICIPAL;;ATENDIMENTOS NOS TURNOS DA MANHA E A TARDE;36;M;Não;Não;NAO;Não;Não;Não;Não;-14.718543902361253;-56.32784843444824;65 33762010;2025-09-03
2397706;LABORATORIO SANTA ROSA;CLAUDECI MARIA DA SILVA;510590;Nobres;Sim;Não;CENTRO;AVN JUSCELINO KUBISTCHEK;MUNICIPAL;;ATENDIMENTOS NOS TURNOS DA MANHA E A TARDE;39;M;Não;Não;NAO;Não;Não;Não;Não;;;(65)3762020;2025-09-03
2398311;UBS RODA D AGUA;PREFEITURA MUNICIPAL DE NOBRES;510590;Nobres;Sim;Não;ZONA RURAL;COQUEIRAL;MUNICIPAL;;ATENDIMENTOS NOS TURNOS DA MANHA E A TARDE;2;M;Não;Não;SIM;Não;Não;Não;Sim;-14.581756010095889;-55.956974029541016;;2025-09-03
2398338;PSF JARDIM PETROPOLIS;PREFEITURA MUNICIPAL DE NOBRES;510590;Nobres;Sim;Não;JARDIM PETROPOLIS;AVENIDA MARZAGAO;MUNICIPAL;;ATENDIMENTOS NOS TURNOS DA MANHA E A TARDE;2;M;Não;Não;SIM;Não;Não;Não;Não;-14.721210717347367;-56.31066083908081;;2025-09-03
2398346;ESF VILA BOM JARDIM;PREFEITURA MUNICIPAL DE NOBRES;510590;Nobres;Sim;Não;RURAL;VILA BOM JARDIM;MUNICIPAL;;ATENDIMENTOS NOS TURNOS DA MANHA E A TARDE;2;M;Não;Não;SIM;Não;Não;Não;Sim;-14.551476362647604;-55.874104499816895;;2025-09-03
2398354;ESF CENTRAL;PREFEITURA MUNICIPAL DE NOBRES;510590;Nobres;Sim;Não;CENTRO;AV JK;MUNICIPAL;;ATENDIMENTOS NOS TURNOS DA MANHA E A TARDE;2;M;Não;Não;SIM;Não;Não;Não;Sim;-14.71831561318189;-56.32887840270996;(65)33762504;2025-09-03
2655209;EQUIPE DE SAUDE DA FAMILIA JARDIM GLORIA;PREFEITURA MUNICIPAL DE NOBRES;510590;Nobres;Sim;Não;JARDIM GLORIA;AV GETULIO VARGAS;MUNICIPAL;;ATENDIMENTOS NOS TURNOS DA MANHA E A TARDE;2;M;Não;Não;SIM;Não;Não;Não;Não;-14.689518131494223;-56.31689429283142;(65)3761429;2025-09-03
2655241;SECRETARIA DE SAUDE DE NOBRES;PREFEITURA MUNICIPAL DE NOBRES;510590;Nobres;Sim;Não;CENTRO;PRACA JOSINO SERRA;MUNICIPAL;;ATENDIMENTOS NOS TURNOS DA MANHA E A TARDE;68;M;;Não;SIM;;;;Não;-14.720266440283735;-56.32821321487427;(65)3761429;2025-09-03
2655365;PSF SAO JOSE;PREFEITURA MUNICIPAL DE NOBRES;510590;Nobres;Sim;Não;SAO JOSE;RUA TANCREDO NEVES;MUNICIPAL;;ATENDIMENTOS NOS TURNOS DA MANHA E A TARDE;2;M;Não;Não;SIM;Não;Não;Não;Não;-14.7232341544291;-56.33072376251221;( );2025-09-03
2802473;HOSPITAL E MATERNIDADE LAURA VICUNA;FONSECA E MANFRIN LTDA;510590;Nobres;Sim;Não;CENTRO;AV JUSCELINO KUBISTCHEK;MUNICIPAL;;ATENDIMENTO CONTINUO DE 24 HORAS/DIA (PLANTAO:INCLUI SABADOS, DOMINGOS E FERIADOS);5;M;Sim;Sim;SIM;Sim;Sim;Não;Sim;-14.717838280489277;-56.33265495300293;(65)33762812;2025-09-03
3171949;LABORATORIO DE ANALISES CLINICAS S BENTO;LABORATORIO SAO BENTO LTDA;510590;Nobres;Sim;Não;CENTRO;AVENIDA JK;MUNICIPAL;;ATENDIMENTO CONTINUO DE 24 HORAS/DIA (PLANTAO:INCLUI SABADOS, DOMINGOS E FERIADOS);39;M;Não;Não;SIM;Não;Não;Não;Não;-14.717838280489277;-56.33068084716797;(65)3761322;2025-09-03
3804925;ALS SERVICOS;ANA LUCIA DA SILVA;510590;Nobres;Sim;Não;JARDIM PETROPOLIS;RUA 02;MUNICIPAL;;ATENDIMENTO SOMENTE A TARDE;22;M;Não;Não;NAO;Não;Não;Não;Não;-14.719062740516632;-56.31439447402954;;2025-09-03
4082540;CLINICA VITTA INTEGRADA;CLINICA VITTA INTEGRADA LTDA;510590;Nobres;Sim;Não;CENTRO;GETULIO VARGAS;MUNICIPAL;;ATENDIMENTO NOS TURNOS DA MANHA, TARDE E NOITE;36;M;Não;Não;NAO;Não;Não;Não;Não;-14.724209548160992;-56.33681774139404;65 99205413;2025-09-03
4781880;DROGARIA SAO JOSE;PAULA SANTIAGO BERTO LTDA;510590;Nobres;Sim;Não;CENTRO;AVENIDA JK;MUNICIPAL;;ATENDIMENTO NOS TURNOS DA MANHA, TARDE E NOITE;43;M;;Não;NAO;;;;Sim;-14.718398627456573;-56.330037117004395;65 999706810;2025-09-03
4926196;FARMA POPULAR;MARQUES FARMA LTDA;510590;Nobres;Sim;Não;JARDIM PETROPOLIS;AV MARZAGAO;MUNICIPAL;;ATENDIMENTO NOS TURNOS DA MANHA, TARDE E NOITE;43;M;Não;Não;NAO;Não;Não;Não;Sim;-14.72047397405487;-56.31162643432617;65 999132068;2025-09-03
4928172;DROGARIAS NOBRES;DROGARIAS NOBRES LTDA;510590;Nobres;Sim;Não;CENTRO;AVENIDA OSVALDO DA SILVA CAMPOS;MUNICIPAL;;ATENDIMENTO NOS TURNOS DA MANHA, TARDE E NOITE;43;M;Não;Não;NAO;Não;Não;Não;Sim;-14.720370207193989;-56.3284707069397;65999397012;2025-09-03
5244684;CAPS I NOBRES;CENTRO DE ATENCAO PSICOSSOCIAL;510590;Nobres;Sim;Não;CENTRO;AVENIDA JK;MUNICIPAL;;ATENDIMENTOS NOS TURNOS DA MANHA E A TARDE;70;M;Não;Não;SIM;Não;Não;Não;Sim;-14.717879787721412;-56.32995128631592;6533764200;2025-09-03
5561841;DROGARIA MEGA POPULAR;DANIELE SILVA LEITE E CAIO CESAR MENDES BORGES LTDA;510590;Nobres;Sim;Não;COQUEIRAL;RUA CARLINHOS TEIXEIRA ESPINDOLA;MUNICIPAL;;ATENDIMENTOS NOS TURNOS DA MANHA E A TARDE;43;M;Não;Não;NAO;Não;Não;Não;Sim;-14.565972899265157;-55.97465515136719;6592935968;2025-09-03
5576512;DROGARIA POLO CENTRO;DALMOLIN MEDICAMENTOS LTDA;510590;Nobres;Sim;Não;CENTRO;AV JK;MUNICIPAL;;ATENDIMENTOS NOS TURNOS DA MANHA E A TARDE;43;M;Não;Não;NAO;Não;Não;Não;Sim;-14.718606163005065;-56.33312702178955;65999822953;2025-12-23
5622115;SAMU 192 NOBRES;SERVICO DE ATENDIMENTO MOVEL DE URGENCIA SAMU;510590;Nobres;Sim;Não;SAO JOSE;RUA TREZE DE JUNHO;MUNICIPAL;;ATENDIMENTO COM TURNOS INTERMITENTES;42;M;;Não;NAO;;;;Sim;-14.72425105418046;-56.334757804870605;659993370071;2025-09-03
5641225;DROGARIA JARDIM PETROPOLIS;E PEREIRA;510590;Nobres;Sim;Não;JARDIM PETROPOLIS;ESTRADA MARZAGAO;MUNICIPAL;;ATENDIMENTOS NOS TURNOS DA MANHA E A TARDE;43;M;;Não;NAO;;;;Sim;-14.72155314648109;-56.31119728088379;65999413877;2025-09-03
5643414;DROGARIA BOM JARDIM;F T RIBEIRO;510590;Nobres;Sim;Não;BOM JARDIM;RODOVIA MT241;MUNICIPAL;;ATENDIMENTO NOS TURNOS DA MANHA, TARDE E NOITE;43;M;Não;Não;NAO;Não;Não;Não;Sim;-14.553013289888911;-55.87697982788086;65 996822663;2025-09-03
7519974;SERRANO DATSCH SERVICOS MEDICOS;SERRANO DATSCH SERVICOS MEDICOS LTDA;510590;Nobres;Sim;Não;CENTRO;JUSCELINO KUBITSCHEK;MUNICIPAL;;ATENDIMENTOS NOS TURNOS DA MANHA E A TARDE;22;M;Não;Não;NAO;Não;Não;Não;Não;-14.717942048554798;-56.33136749267578;65 99827812;2025-09-03
7550308;CENTRAL DE REGULACAO MUNICIPAL;PREFEITURA MUNICIPAL DE NOBRES;510590;Nobres;Sim;Não;CENTRO;PRACA JOSINO SERRA;MUNICIPAL;;ATENDIMENTOS NOS TURNOS DA MANHA E A TARDE;81;M;;Não;NAO;;;;Não;-14.718948596228346;-56.32967233657837;6533762099;2025-09-03
7597878;UNIDADE BASICA DE SAUDE INDIGENA ALDEIA SANTANA;DISTRITO SANITARIO ESPECIAL INDIGENA CUIABA;510590;Nobres;Sim;Não;ZONA RURAL;ALDEIA SANTANA;MUNICIPAL;;ATENDIMENTOS NOS TURNOS DA MANHA E A TARDE;72;M;Não;Não;NAO;Não;Não;Não;Não;-14.713459223130467;-56.27815246582031;;2025-09-03
7759711;BIODENTE;I V CORREA RIBEIRO ME;510590;Nobres;Sim;Não;JARDIM PARANA;RUA SEVERINO FRANCISCO PEIXOTO;MUNICIPAL;;ATENDIMENTOS NOS TURNOS DA MANHA E A TARDE;39;M;Não;Não;NAO;Não;Não;Não;Não;-14.72769602624819;-56.34211778640747;65 96145653;2025-09-03
7810083;LABORATORIO MUNICIPAL DE NOBRES MT;PREFEITURA MUNICIPAL DE NOBRES;510590;Nobres;Sim;Não;CENTRO;PRACA JOSINO SERRA;MUNICIPAL;;ATENDIMENTOS NOS TURNOS DA MANHA E A TARDE;39;M;Não;Não;SIM;Não;Não;Não;Não;-14.718834451880317;-56.32782697677612;6533762405;2025-09-03
7810091;UDR UNIDADE DESCENTRALIZADA DE REABILITACAO DE NOBRES;PREFEITURA MUNICIPAL DE NOBRES;510590;Nobres;Sim;Não;CENTRO;PRACA JOSINO SERRA;MUNICIPAL;;ATENDIMENTOS NOS TURNOS DA MANHA E A TARDE;36;M;Não;Não;SIM;Não;Não;Não;Não;-14.719114624264295;-56.329554319381714;6533762405;2025-09-03
7817436;CENTRO DE REFERENCIA EM SAUDE;PREFEITURA MUNICIPAL DE NOBRES;510590;Nobres;Sim;Não;CENTRO;PRACA JOSINO SERRA;MUNICIPAL;;ATENDIMENTO NOS TURNOS DA MANHA, TARDE E NOITE;36;M;Não;Não;SIM;Não;Não;Não;Sim;-14.71945705668927;-56.32870674133301;6533762504;2025-09-03
7857705;CLINICA DE DIAGNOSTICO POR IMAGEM HAFATH;MB ARAUJO ME;510590;Nobres;Sim;Não;CENTRO;AV JK;MUNICIPAL;;ATENDIMENTOS NOS TURNOS DA MANHA E A TARDE;36;M;Não;Não;NAO;Não;Não;Não;Não;-14.718232598875593;-56.33156061172485;6533761268;2025-09-03
9046356;PACS NOBRES;MUNICIPIO DE NOBRES;510590;Nobres;Sim;Não;CENTRO;PRACA JOSINO SERRA;MUNICIPAL;;ATENDIMENTOS NOS TURNOS DA MANHA E A TARDE;2;M;Não;Não;NAO;Não;Não;Não;Não;;;6533762504;2025-09-03
9318070;LABORSAN;LABORSAN ANALISES LABORATORIAIS LIMITADA ME;510590;Nobres;Sim;Não;CENTRO;RUA PORTO PUBLICO III;MUNICIPAL;;ATENDIMENTOS NOS TURNOS DA MANHA E A TARDE;39;M;Não;Não;NAO;Não;Não;Não;Não;-14.719934385839125;-56.32859945297241;65 36241730;2025-09-03
9323392;EMULTI VIVER SAUDAVEL;MUNICIPIO DE NOBRES;510590;Nobres;Sim;Não;CENTRO;PRACA JOSINO SERRA;MUNICIPAL;;ATENDIMENTOS NOS TURNOS DA MANHA E A TARDE;71;M;Não;Não;NAO;Não;Não;Não;Não;-14.720100413124628;-56.32793426513672;33762504;2025-09-03
9481117;IDEAL LABORATORIO;VHV FIRMINO;510590;Nobres;Sim;Não;CENTRO;AVENIDA JK;MUNICIPAL;;ATENDIMENTOS NOS TURNOS DA MANHA E A TARDE;39;M;Não;Não;NAO;Não;Não;Não;Não;-14.71875143777152;-56.33484363555908;65 33761643;2025-09-03
723460;AME CENTRO DE REABILITACAO;ASSOCIACAO AME CENTRO DE REABILITACAO PARA DEPENDENTES QUIMI;510610;Nossa Senhora do Livramento;Não;Sim;ZONA RURAL;DO PARIZINHO;MUNICIPAL;;ATENDIMENTOS NOS TURNOS DA MANHA E A TARDE;39;M;Não;Não;NAO;Não;Não;Não;Não;-15.60542957643372;-56.263389587402344;66 96921444;2025-09-03
2391139;UNIDADE DE SAUDE DA FAMILIA RURAL SUL NORTE;PREFEITURA MUNICPAL DE NOSSA SENHORA DO LIVRAMENTO;510610;Nossa Senhora do Livramento;Não;Sim;CENTRO;RUA CORONEL MANOEL FELIX;MUNICIPAL;;ATENDIMENTOS NOS TURNOS DA MANHA E A TARDE;2;M;Não;Não;SIM;Não;Não;Não;Sim;-15.772121016230754;-56.3418173789978;(65)3351-1293;2025-09-03
2391155;UNIDADE BASICA DE SAUDE URBANO;PREFEITURA MUNICIPAL DE NOSSA SENHORA DO LIVRAMENTO;510610;Nossa Senhora do Livramento;Não;Sim;CENTRO;RUA CORONEL MANOEL FELIX;MUNICIPAL;;ATENDIMENTOS NOS TURNOS DA MANHA E A TARDE;2;M;Não;Não;SIM;Não;Não;Não;Sim;-15.7728632;-56.3427673;(65)335-1293;2025-09-03
2699699;NUCLEO DE REABILITACAO N SRA LIVRAMENTO;PREFEITURA MUNICIPAL DE NOSSA SENHORA DO LIVRAMENTO;510610;Nossa Senhora do Livramento;Não;Sim;CENTRO;AVENIDA CARLOS ANTUNES DE ALMEIDA;MUNICIPAL;;ATENDIMENTOS NOS TURNOS DA MANHA E A TARDE;36;M;Não;Não;SIM;Não;Não;Não;Não;-15.774882907992222;-56.34619474411011;(65)3351-1401;2025-09-03
4069870;HOSPITAL MUNICIPAL PROFESSORA MARIA ARLINDA DA COSTA;PREFEITURA MUNICIPAL DE NOSSA SENHORA DO LIVRAMENTO;510610;Nossa Senhora do Livramento;Não;Sim;CENTRO;RUA CORONEL MANOEL FELIX;MUNICIPAL;;ATENDIMENTO CONTINUO DE 24 HORAS/DIA (PLANTAO:INCLUI SABADOS, DOMINGOS E FERIADOS);5;M;Sim;Sim;SIM;Não;Não;Não;Sim;-15.77156605213393;-56.34050577878952;(65)3351-1133;2025-09-03
6467768;SECRETARIA MUNICIPAL DE SAUDE DE NOSSA SENHORA DO LIVRAMENTO;PREFEITURA MUNICIPAL DE NOSSA SENHORA DO LIVRAMENTO;510610;Nossa Senhora do Livramento;Não;Sim;CENTRO;RUA CORONEL BOTELHO;MUNICIPAL;;ATENDIMENTOS NOS TURNOS DA MANHA E A TARDE;68;M;;Não;SIM;;;;Não;-15.774531;-56.346239;3351-1058;2025-09-03
7187971;FARMACIA BASICA MUNICIPAL DE NOSSA SENHORA DO LIVRAMENTO;PREFEITURA MUNICIPAL DE NOSSA SENHORA DO LIVRAMENTO;510610;Nossa Senhora do Livramento;Não;Sim;CENTRO;AV CARLOS ANTUNES DE ALMEIDA;MUNICIPAL;;ATENDIMENTO SOMENTE PELA MANHA;43;M;Não;Não;SIM;Não;Não;Não;Sim;-15.772162315823772;-56.34196758270264;653351-1401;2025-09-03
7267665;CENTRAL MUNICIPAL DE REGULACAO;PREFEITURA MUNICIPAL DE NOSSA SENHORA DO LIVRAMENTO;510610;Nossa Senhora do Livramento;Não;Sim;CENTRO;RUA CARLOS ANTUNES DE ALMEIDA;MUNICIPAL;;ATENDIMENTO SOMENTE PELA MANHA;81;M;Não;Não;SIM;Não;Não;Não;Não;-15.771687369996398;-56.34218215942383;3351-1401;2025-09-03
7267703;POSTO DE SAUDE DO PIRIZAL;PREFEITURA MUNICIPAL DE NOSSA SENHORA DO LIVRAMENTO;510610;Nossa Senhora do Livramento;Não;Sim;ZONA RURAL;DISTRITO DO PIRIZAL;MUNICIPAL;;ATENDIMENTOS NOS TURNOS DA MANHA E A TARDE;1;M;Não;Não;NAO;Não;Não;Não;Não;-16.232634;-56.375078;3351-1058;2025-09-03
7267711;POSTO DE SAUDE DO RIBEIRAO DOS COCAIS;PREFEITURA MUNICIPAL DE NOSSA SENHORA DO LIVRAMENTO;510610;Nossa Senhora do Livramento;Não;Sim;ZONA RURAL;DISTRITO DO RIBEIRAO DOS COCAIS;MUNICIPAL;;ATENDIMENTOS NOS TURNOS DA MANHA E A TARDE;1;M;Não;Não;NAO;Não;Não;Não;Não;-15.780454;-56.223919;3351-1058;2025-09-03
7790899;ACADEMIA DE SAUDE;MUNICIPIO DE NOSSA SENHORA DO LIVRAMENTO;510610;Nossa Senhora do Livramento;Não;Sim;CENTRO;AV CARLOS ANTUNES DE ALMEIDA;MUNICIPAL;;ATENDIMENTOS NOS TURNOS DA MANHA E A TARDE;74;M;Não;Não;NAO;Não;Não;Não;Sim;-15.771955817774582;-56.34286880493164;653351-1058;2025-09-03
7792409;UNIDADE BASICA DE SAUDE III;MUNIICIPIO DE NOSSA SENHORA DO LIVRAMENTO;510610;Nossa Senhora do Livramento;Não;Sim;CENTRO;AV CARLOS ANTUNES QD 11;MUNICIPAL;;ATENDIMENTOS NOS TURNOS DA MANHA E A TARDE;2;M;Não;Não;SIM;Não;Não;Não;Não;-15.771749319515209;-56.34216070175171;6533511401;2025-09-03
5658268;ANALISIS LABORATORIO CLINICO;PATRICIA PAULINO DE ARAUJO;510650;Poconé;Não;Sim;SANTA TEREZA;RUA MARINHO COSTA RONDON;MUNICIPAL;;ATENDIMENTOS NOS TURNOS DA MANHA E A TARDE;39;M;Não;Não;SIM;Não;Não;Não;Não;-16.248029854114154;-56.628148555755615;(65) 33452471;2025-12-11
9714944;FAZENDA DA ESPERANCA FAZ ESPERANCA N SRA DAS GRACAS;OBRA SOCIAL N S DA GLORIA FAZENDA DA ESPERANCA;510650;Poconé;Não;Sim;PICHAIM;TRANSPANTANEIRA;MUNICIPAL;;ATENDIMENTO CONTINUO DE 24 HORAS/DIA (PLANTAO:INCLUI SABADOS, DOMINGOS E FERIADOS);83;M;Não;Não;NAO;Não;Não;Não;Não;-16.298433154997735;-56.6319465637207;65 96793159;2025-09-03
5961785;EMULTI COMPLEMENTAR POCONE;MUNICIPIO DE POCONE;510650;Poconé;Não;Sim;SANTA TEREZA;RUA MANOEL BENEDITO DA COSTA;MUNICIPAL;;ATENDIMENTOS NOS TURNOS DA MANHA E A TARDE;2;M;Não;Não;NAO;Não;Não;Não;Sim;-16.245691667406213;-56.62858843803406;;2025-10-18
8215766;DROGA BEM POPULAR AVENIDA LTDA;DROGA BEM POPULAR AVENIDA LTDA;510650;Poconé;Não;Sim;CENTRO;ANIBAL DE TOLEDO;MUNICIPAL;;ATENDIMENTO NOS TURNOS DA MANHA, TARDE E NOITE;43;M;Não;Não;NAO;Não;Não;Não;Não;-16.25595579111307;-56.62578284740448;35 32679000;2026-04-16
8291284;MBR SERVICOS MEDICOS;MBR SERVICOS MEDICOS LTDA;510650;Poconé;Não;Sim;CENTRO;RUA SAO FRANCISCO;MUNICIPAL;;ATENDIMENTOS NOS TURNOS DA MANHA E A TARDE;22;M;Não;Não;SIM;Não;Não;Não;Não;-16.269061983468216;-56.624929904937744;65 99350-8282;2026-06-02
658170;CENTRO DE ENFRENTAMENTO COVID 19;MUNICIPIO DE POCONE;510650;Poconé;Não;Sim;CENTRO;AV DOM AQUINO;MUNICIPAL;;ATENDIMENTOS NOS TURNOS DA MANHA E A TARDE;2;M;Não;Não;NAO;Não;Não;Não;Sim;-16.270442073842617;-56.62332057952881;65 3345 2534;2025-09-03
804487;CLINICA ASSIS ODONTOLOGICA ESPECIALIZADA;ANIELLE MARIA DE ARRUDA ASSIS;510650;Poconé;Não;Sim;CENTRO;SALVADOR MARQUES;MUNICIPAL;;ATENDIMENTOS NOS TURNOS DA MANHA E A TARDE;22;M;Não;Não;NAO;Não;Não;Não;Não;-16.262944152612484;-56.62783741950989;65 33451794;2025-09-03
813885;EXCELENCIA FISIOTERAPIA;EXCELENCIA FISIOTERAPIA LTDA;510650;Poconé;Não;Sim;CENTRO;PRESIDENTE MARQUES;MUNICIPAL;;ATENDIMENTOS NOS TURNOS DA MANHA E A TARDE;36;M;Não;Não;NAO;Não;Não;Não;Sim;-16.260513446374564;-56.624168157577515;65 99078436;2025-09-03
814466;ODONTO CLINICA;HAMILTON LUIZ DA SILVA;510650;Poconé;Não;Sim;CENTRO;PRACA DA MATRIZ;MUNICIPAL;;ATENDIMENTOS NOS TURNOS DA MANHA E A TARDE;22;M;Não;Não;NAO;Não;Não;Não;Não;-16.265150816440883;-56.62771672010422;65 3345 1496;2025-09-03
814784;ODONTO POCONE CONSULTORIO ODONTOLOGICO;TR ODONTO EIRELI;510650;Poconé;Não;Sim;CENTRO;PRESIDENTE MARQUES;MUNICIPAL;;ATENDIMENTOS NOS TURNOS DA MANHA E A TARDE;22;M;Não;Não;NAO;Não;Não;Não;Não;-16.260400150011165;-56.62397503852844;65 33453165;2025-09-03
843954;ESPACO SAUDE;RAFAEL FERREIRA FIGUEIREDO;510650;Poconé;Não;Sim;DISTRITO DE CANGAS;ARLINDO ANGELO MORAES;MUNICIPAL;;ATENDIMENTOS NOS TURNOS DA MANHA E A TARDE;22;M;Não;Não;NAO;Não;Não;Não;Não;-16.080454899498577;-56.56903266906738;;2025-09-03
844152;DROGARIA MARQUES;DROGARIA MARQUES LTDA;510650;Poconé;Não;Sim;BOM PASTOR;ANIBAL DE TOLEDO;MUNICIPAL;;ATENDIMENTO SOMENTE PELA MANHA;43;M;Não;Não;NAO;Não;Não;Não;Não;-16.255178146719366;-56.62679672241211;54 30254135;2025-09-03
47686;ESF DO 120;PREFEITURA MUNICIPAL DE POCONE;510650;Poconé;Não;Sim;ZONA RURAL;BR 070 KM 120;MUNICIPAL;;ATENDIMENTOS NOS TURNOS DA MANHA E A TARDE;2;M;Não;Não;SIM;Não;Não;Não;Sim;-15.941797;-57.1089499;;2025-09-03
2390531;PSF DO DISTRITO DO CHUMBO;PREFEITURA MUNICIPAL DE POCONE;510650;Poconé;Não;Sim;DISTRITO DO CHUMBO;CENTRO;MUNICIPAL;;ATENDIMENTOS NOS TURNOS DA MANHA E A TARDE;2;M;Não;Não;SIM;Não;Não;Não;Sim;-16.048259;-56.724721;(65)33453020;2025-09-03
2390558;PSF JOAO GODOFREDO;PREFEITURA MUNICIPAL DE POCONE;510650;Poconé;Não;Sim;JOAO GODOFREDO;R DAS VIOLETAS;MUNICIPAL;;ATENDIMENTOS NOS TURNOS DA MANHA E A TARDE;2;M;Não;Não;SIM;Não;Não;Não;Sim;-16.247659042218377;-56.61875009536743;(65)33453020;2025-09-03
2390566;PSF DO DISTRITO DE CANGAS;PREFEITURA MUNICIPAL DE POCONE;510650;Poconé;Não;Sim;CENTRO;DISTRITO DE CANGAS;MUNICIPAL;;ATENDIMENTOS NOS TURNOS DA MANHA E A TARDE;2;M;Não;Não;SIM;Não;Não;Não;Sim;-16.079048;-56.568349;(65)33453020;2025-09-03
2391414;PSF SAO BENEDITO;PREFEITURA MUNICIPAL DE POCONE;510650;Poconé;Não;Sim;CENTRO;RUA MARIANO CATARINO DA COSTA;MUNICIPAL;;ATENDIMENTOS NOS TURNOS DA MANHA E A TARDE;2;M;Não;Não;SIM;Não;Não;Não;Sim;-16.270896;-56.628693;(65)33453020;2025-09-03
2391422;CENTRO DE ESPECIALIDADES DE POCONE;PREFEITURA MUNICIPAL DE POCONE;510650;Poconé;Não;Sim;JURUMIRIM;RUA CUIABA;MUNICIPAL;;ATENDIMENTOS NOS TURNOS DA MANHA E A TARDE;36;M;Não;Não;SIM;Não;Não;Não;Sim;-16.263778413497512;-56.63750410079956;(65)33452303;2025-09-03
2391430;LABORATORIO DE ANALISES CLINICAS DE POCONE;L A BRENNER;510650;Poconé;Não;Sim;SANTA TEREZA;RUA H;MUNICIPAL;;ATENDIMENTOS NOS TURNOS DA MANHA E A TARDE;39;M;Não;Não;SIM;Não;Não;Não;Não;-16.048308664122434;-56.72215461730957;65 99717787;2026-07-14
2391449;HOSPITAL GERAL DE POCONE;FILANTROPICA SAO CAMILO DE LELLIS;510650;Poconé;Não;Sim;CENTRO;DOM AQUINO;MUNICIPAL;;ATENDIMENTO CONTINUO DE 24 HORAS/DIA (PLANTAO:INCLUI SABADOS, DOMINGOS E FERIADOS);5;M;Sim;Sim;SIM;Sim;Sim;Sim;Sim;-16.2702424;-56.6262367;;2026-05-14
2391465;PSF CENTRAL;PREFEITURA MUNICIPAL DE POCONE;510650;Poconé;Não;Sim;CRUZ PRETA;RUA FREI CARLOS VALET;MUNICIPAL;;ATENDIMENTOS NOS TURNOS DA MANHA E A TARDE;2;M;Não;Não;SIM;Não;Não;Não;Não;-16.255548944430025;-56.62353515625;(65)33453020;2025-09-03
2391473;PSF COHAB NOVA;PREFEITURA MUNICIPAL DE POCONE;510650;Poconé;Não;Sim;COHAB NOVA;RUA 03;MUNICIPAL;;ATENDIMENTOS NOS TURNOS DA MANHA E A TARDE;2;M;Não;Não;SIM;Não;Não;Não;Não;-16.269569;-56.644764;(65)33453020;2025-09-03
2391481;PSF BOM PASTOR;PREFEITURA MUNICIPAL DE POCONE;510650;Poconé;Não;Sim;BOM PASTOR;RUA PINHEIRO MACHADO;MUNICIPAL;;ATENDIMENTOS NOS TURNOS DA MANHA E A TARDE;2;M;Não;Não;SIM;Não;Não;Não;Sim;-16.254432;-56.630818;(65)33452534;2025-09-03
2391511;CENTRO DE REABILITACAO DE POCONE;PREFEITURA MUNICIPAL DE POCONE;510650;Poconé;Não;Sim;CENTRO;RUA PADRE MANOEL FRANCISCO;MUNICIPAL;;ATENDIMENTOS NOS TURNOS DA MANHA E A TARDE;36;M;Não;Não;SIM;Não;Não;Não;Sim;-16.2663378213829;-56.62473946809769;(65)33453020;2026-01-27
2795752;UPA UNIDADE DE PRONTO ATENDIMENTO DE POCONE;PREFEITURA MUNICIPAL DE POCONE;510650;Poconé;Não;Sim;COHAB STA TERESA;RUA DR CID NUNES DA CUNHA;MUNICIPAL;;ATENDIMENTO CONTINUO DE 24 HORAS/DIA (PLANTAO:INCLUI SABADOS, DOMINGOS E FERIADOS);73;M;Não;Não;SIM;Não;Não;Não;Sim;-16.2475354380977;-56.62873864173889;(65)33451952;2025-09-03
2951665;CENTRO OFTALMOLOGICO PANTANAL POCONE;CENTRO OFTALMOLOGICO PANTANAL LTDA;510650;Poconé;Não;Sim;CENTRO;AV DOM AQUINO;MUNICIPAL;;ATENDIMENTO COM TURNOS INTERMITENTES;36;M;Não;Não;SIM;Não;Não;Não;Sim;-16.268500675279473;-56.62413865327835;65 996798140;2025-11-13
3493245;PSF SANTA TEREZA;PREFEITURA MUNICIPAL DE POCONE;510650;Poconé;Não;Sim;SANTA TEREZA;RUA MANOEL BENEDITO DA COSTA;MUNICIPAL;;ATENDIMENTOS NOS TURNOS DA MANHA E A TARDE;2;M;Não;Não;SIM;Não;Não;Não;Sim;-16.246465;-56.628658;(65)33453020;2025-09-03
3558347;CAPS POCONE;PREFEITURA MUNICIPAL DE POCONE;510650;Poconé;Não;Sim;CENTRO;RUA ANTONIO JOAO;MUNICIPAL;;ATENDIMENTOS NOS TURNOS DA MANHA E A TARDE;70;M;Não;Não;SIM;Não;Não;Não;Não;-16.249904503547768;-56.61932945251465;(65)33453020;2025-09-03
4883659;CENTRO DE DESENVOLVIMENTO SOCIAL SESC POCONE;SERVICO SOCIAL DO COMERCIO SESC;510650;Poconé;Não;Sim;CENTRO;RUA GENEROSO PONCE;MUNICIPAL;;ATENDIMENTO SOMENTE A TARDE;36;M;Não;Não;NAO;Não;Não;Não;Sim;-16.259421678699194;-56.62623882293701;;2025-09-03
4914031;BEM POPUPAR BRASIL;ROBERTA G VAZ GUIMARAES;510650;Poconé;Não;Sim;CENTRO;DA MATRIZ;MUNICIPAL;;ATENDIMENTO NOS TURNOS DA MANHA, TARDE E NOITE;43;M;Não;Não;NAO;Não;Não;Não;Sim;-16.26600363067768;-56.62679336853146;65 33453535;2025-09-03
5855985;EMULTI POCONE;PREFEITURA MUNICIPAL DE POCONE;510650;Poconé;Não;Sim;BOM PASTOR;BOM PASTOR;MUNICIPAL;;ATENDIMENTOS NOS TURNOS DA MANHA E A TARDE;2;M;Não;Não;SIM;Não;Não;Não;Sim;-16.263170742339195;-56.636173725128174;;2025-09-03
6193870;LABORATORIO FREI VALLET;VANILDA DE SOUZA LTDA;510650;Poconé;Não;Sim;CENTRO;DOM AQUINO;MUNICIPAL;;ATENDIMENTOS NOS TURNOS DA MANHA E A TARDE;39;M;Não;Não;NAO;Não;Não;Não;Não;-16.267243;-56.625182;66 99041640;2026-04-16
6300464;SECRETARIA MUNICIPAL DE SAUDE DE POCONE;PREFEITURA MUNICIPAL DE POCONE;510650;Poconé;Não;Sim;CENTRO;AV DOM AQUINO;MUNICIPAL;;ATENDIMENTO SOMENTE PELA MANHA;68;M;Não;Não;SIM;Não;Não;Não;Sim;-16.270693;-56.622563;(65)33453020;2025-09-03
6627471;CLINICA MEDICA PLENA;CLINICA MEDICA PLENA LTDA;510650;Poconé;Não;Sim;CENTRO;AV DOM AQUINO;MUNICIPAL;;ATENDIMENTO NOS TURNOS DA MANHA, TARDE E NOITE;36;M;Não;Não;SIM;Não;Não;Não;Sim;-16.269793226591407;-56.62307381629944;6533451081;2025-09-03
6627498;CONSULTORIO ESPECIALIZADO DE ODONTOLOGIA;NILTON DE CAMPOS;510650;Poconé;Não;Sim;CENTRO;AV ANIBAL DE TOLEDO;MUNICIPAL;;ATENDIMENTOS NOS TURNOS DA MANHA E A TARDE;22;M;Não;Não;NAO;Não;Não;Não;Não;;;65 33452777;2025-09-03
6873235;LABORATORIO DE ANALISES CLINICAS MUNICIPAL;PREFEITURA MUNICIPAL DE POCONE;510650;Poconé;Não;Sim;CENTRO;RUA GENEROSO PONCE;MUNICIPAL;;ATENDIMENTOS NOS TURNOS DA MANHA E A TARDE;39;M;Não;Não;SIM;Não;Não;Não;Não;-16.270998226922483;-56.62211894989014;6533453020;2025-09-03
6873243;POLO ACADEMIA DA SAUDE MUNICIPAL;PREFEITURA MUNICIPAL DE POCONE;510650;Poconé;Não;Sim;JOAO GODOFREDO;JUSTINO FRANCISCO;MUNICIPAL;;ATENDIMENTOS NOS TURNOS DA MANHA E A TARDE;74;M;;Não;SIM;;;;Sim;-16.2529032;-56.6236183;65 33453020;2025-09-03
6922619;FARMACIA MUNICIPAL DE POCONE MT;PREFEITURA MUNICIPAL DE POCONE;510650;Poconé;Não;Sim;CENTRO;RUA PADRE MANOEL FRANCISCO;MUNICIPAL;;ATENDIMENTOS NOS TURNOS DA MANHA E A TARDE;43;M;Não;Não;SIM;Não;Não;Não;Sim;-16.26552417017876;-56.623899936676025;33453020;2025-09-03
7103042;SAMU 192 POCONE USB B7;SECRETARIA DE ESTADO DE SAUDE DE MATO GROSSO;510650;Poconé;Não;Sim;COHAB SANTA TEREZA;RUA DR CID NUNES DA CUNHA;ESTADUAL;;ATENDIMENTO CONTINUO DE 24 HORAS/DIA (PLANTAO:INCLUI SABADOS, DOMINGOS E FERIADOS);42;E;;Não;NAO;;;;Não;-16.256290537752275;-56.62344932556152;(65) 3317-3200;2025-09-03
7389086;PREVICLIN;PREVMED SERVICOS MEDICOS LTDA;510650;Poconé;Não;Sim;CENTRO;SAO FRANCISCO;MUNICIPAL;;ATENDIMENTOS NOS TURNOS DA MANHA E A TARDE;36;M;Não;Não;SIM;Não;Não;Não;Sim;-16.269443054168043;-56.62584185600281;65 33453186;2025-09-03
7460481;MULTIMAGEM;JONAS EDUARDO DE QUEIROZ DE MORAES ME;510650;Poconé;Não;Sim;CENTRO;RUA SAO FRANCISCO;MUNICIPAL;;ATENDIMENTOS NOS TURNOS DA MANHA E A TARDE;36;M;Não;Não;NAO;Não;Não;Não;Sim;-16.268871;-56.624893;6533452032;2025-12-11
7461100;CENTRAL DE REGULACAO DE POCONE;PREFEITURA MUNICIPAL DE POCONE;510650;Poconé;Não;Sim;CENTRO;RUA PADRE MANOEL FRANCISCO;MUNICIPAL;;ATENDIMENTOS NOS TURNOS DA MANHA E A TARDE;81;M;;Não;SIM;;;;Não;-16.25944227814545;-56.6265606880188;;2025-09-03
9099980;SANTE;SANTE FISIOTERAPIA EIRELI;510650;Poconé;Não;Sim;JARDIM DAS PALMEIRAS;RUA JOAQUIM MURTINHO;MUNICIPAL;;ATENDIMENTOS NOS TURNOS DA MANHA E A TARDE;36;M;Não;Não;NAO;Não;Não;Não;Sim;-16.2589672;-56.6261718;;2026-07-14
9623159;AGENCIA TRANSFUNCIONAL DE POCONE;PREFEITURA MUNICIPAL DE POCONE;510650;Poconé;Não;Sim;CENTRO;AV DOM AQUINO;MUNICIPAL;;ATENDIMENTO CONTINUO DE 24 HORAS/DIA (PLANTAO:INCLUI SABADOS, DOMINGOS E FERIADOS);69;M;Não;Não;SIM;Não;Não;Não;Sim;-16.270133099228545;-56.62383556365967;;2025-09-03
5813247;MM SERVICOS MEDICOS LTDA;PREVENTUS MEDICINA LTDA;510770;Rosário Oeste;Sim;Não;COHAB VELHA;AV MAL HUMBERTO DE ALENCAR CASTEL;MUNICIPAL;;ATENDIMENTOS NOS TURNOS DA MANHA E A TARDE;36;M;Não;Não;SIM;Não;Não;Não;Sim;-14.826560068790823;-56.428163051605225;65 30524215;2026-05-14
5956285;CENTRO ESPECIALIZADO DA SAUDE;CENTRO ESPECIALIZADO DA SAUDE LTDA;510770;Rosário Oeste;Sim;Não;CENTRO;MARECHAL HUMBERTO CASTELO BRANCO;MUNICIPAL;;ATENDIMENTOS NOS TURNOS DA MANHA E A TARDE;39;M;Não;Não;SIM;Não;Não;Não;Sim;-14.826427;-56.428293;;2026-05-14
8149038;DRA AMANDA ARAUJO GO LTDA;DRA AMANDA ARAUJO GO LTDA;510770;Rosário Oeste;Sim;Não;CENTRO;CORONEL ANTONIO BRUNO;MUNICIPAL;;ATENDIMENTOS NOS TURNOS DA MANHA E A TARDE;36;M;Não;Não;NAO;Não;Não;Não;Sim;-14.826062230550974;-56.42859220504761;(65)98118-3338;2026-05-14
2655306;CENTRO DE REFERENCIA DE ROSARIO OESTE;PREFEITURA MUNICIPAL DE ROSARIO OESTE;510770;Rosário Oeste;Sim;Não;CENTRO;RUA PEDRO CELESTINO;MUNICIPAL;;ATENDIMENTO CONTINUO DE 24 HORAS/DIA (PLANTAO:INCLUI SABADOS, DOMINGOS E FERIADOS);36;M;Não;Não;SIM;Não;Não;Não;Sim;-14.83224364086217;-56.42850637435913;;2026-05-14
7384378;E MULTI;PREFEITURA MUNICIPAL DE ROSARIO OESTE;510770;Rosário Oeste;Sim;Não;CENTRO;RUA;MUNICIPAL;;ATENDIMENTOS NOS TURNOS DA MANHA E A TARDE;2;M;Não;Não;SIM;Não;Não;Não;Não;-14.832113999002342;-56.42857879400253;(65)3356-1991;2026-05-14
8162107;DROGARIA DMD LTDA;DROGARIA DMD LTDA;510770;Rosário Oeste;Sim;Não;CENTRO;AV CORONEL ARTUR BORGES;MUNICIPAL;;ATENDIMENTOS NOS TURNOS DA MANHA E A TARDE;43;M;Não;Não;NAO;Não;Não;Não;Sim;-14.82837;-56.426887;66 35666767;2026-07-11
8328021;CONCESSIONARIA ROTA DO OESTE SAU 10;CONCESSIONARIA ROTA DO OESTE S A;510770;Rosário Oeste;Sim;Não;RURAL;RODOVIA BR 364;MUNICIPAL;;ATENDIMENTO CONTINUO DE 24 HORAS/DIA (PLANTAO:INCLUI SABADOS, DOMINGOS E FERIADOS);40;M;Não;Não;NAO;Não;Não;Não;Não;-14.826394122838096;-56.428399085998535;65 30569108;2026-06-16
8365083;ROSARIO FARMA;ROSARIO COMERCIO DE PRODUTOS FARMACEUTICO LTDA;510770;Rosário Oeste;Sim;Não;CENTRO;CORONEL ANTONIO BRUNO;MUNICIPAL;;ATENDIMENTO NOS TURNOS DA MANHA, TARDE E NOITE;43;M;Não;Não;NAO;Não;Não;Não;Sim;-14.826497839073463;-56.4281952381134;65 99379958;2026-06-16
794678;CLINICA SAO LUCAS;MAITIARA B T GONDIM ARAUJO CIA LTDA;510770;Rosário Oeste;Sim;Não;CENTRO;CORONEL ANTONIO BRUNO;MUNICIPAL;;ATENDIMENTOS NOS TURNOS DA MANHA E A TARDE;36;M;Não;Não;SIM;Não;Não;Não;Não;-14.8337305;-56.4287038;6599738050;2026-05-14
800147;CLINIPRESS;JOEMIL JOSE BALDUINO DE ARAUJO E CIA LTDA;510770;Rosário Oeste;Sim;Não;CENTRO;RUA DOUTOR MURTINHO;MUNICIPAL;;ATENDIMENTOS NOS TURNOS DA MANHA E A TARDE;36;M;Não;Não;SIM;Não;Não;Não;Não;-14.8347269;-56.4295107;(65)3356-2297;2026-05-14
9960147;VIGILANCIA EM SAUDE DE ROSARIO OESTE;VIGILANCIA EPIDEMIOLOGICA;510770;Rosário Oeste;Sim;Não;CENTRO;MARECHAL FLORIANO PEIXOTO;MUNICIPAL;;ATENDIMENTOS NOS TURNOS DA MANHA E A TARDE;50;M;;Não;SIM;;;;Sim;-14.835977293088689;-56.428141593933105;;2025-09-03
2397943;UNIDADE DE SAUDE DA FAMILIA I CENTRO;PREFEITURA MUNICIPAL DE ROSARIO OESTE;510770;Rosário Oeste;Sim;Não;CENTRO;AV MARECHAL FLORIANO PEIXOTO;MUNICIPAL;;ATENDIMENTOS NOS TURNOS DA MANHA E A TARDE;2;M;Não;Não;SIM;Não;Não;Não;Sim;-14.83137244607124;-56.42951488494873;;2026-05-14
2397951;POSTO DE SAUDE DO MARZAGAO;PREFEITURA MUNICIPAL DE ROSARIO OESTE;510770;Rosário Oeste;Sim;Não;ZONA RURAL;ZONA RURAL;MUNICIPAL;;ATENDIMENTOS NOS TURNOS DA MANHA E A TARDE;1;M;Não;Não;NAO;Não;Não;Não;Não;;;;2025-09-03
2397986;UNIDADE DE SAUDE DA FAMILIA BAUXI;PREFEITURA MUNICIPAL DE ROSARIO OESTE;510770;Rosário Oeste;Sim;Não;ZONA RURAL;ZONA RURAL;MUNICIPAL;;ATENDIMENTOS NOS TURNOS DA MANHA E A TARDE;2;M;Não;Não;SIM;Não;Não;Não;Sim;-14.835915066079622;-56.42820596694946;;2026-05-14
2398052;LABORATORIO DE ANALISES CLINICAS OSVALDO CRUZ;PEDRO HIDENBURGO GASPAR;510770;Rosário Oeste;Sim;Não;CENTRO;RUA MARECHAL DEODORO;ESTADUAL;;ATENDIMENTOS NOS TURNOS DA MANHA E A TARDE;39;E;;Não;NAO;;;;Não;;;(65)3561447;2025-09-03
2655225;UNIDADE DE SAUDE DA FAMILIA II N SRA APARECIDA;PREFEITURA MUNICIPAL DE ROSARIO OESTE;510770;Rosário Oeste;Sim;Não;NOSSA SRA APARECIDA;RUA WC;MUNICIPAL;;ATENDIMENTOS NOS TURNOS DA MANHA E A TARDE;2;M;Não;Não;SIM;Não;Não;Não;Sim;-14.826601555259126;-56.428184509277344;;2025-09-03
2655284;F C R D A C UNIDADE DR HORLLANDO SOUZA CAMPOS;PREFEITURA MUNICIPAL DE ROSARIO OESTE;510770;Rosário Oeste;Sim;Não;NOSSA SENHORA APAREC;RUA CW3;MUNICIPAL;;ATENDIMENTOS NOS TURNOS DA MANHA E A TARDE;36;M;Não;Não;SIM;Não;Não;Não;Não;-14.832347354294097;-56.42859220504761;;2026-05-14
2655330;SECRETARIA MUNICIPAL DE SAUDE DE ROSARIO OESTE;PREFEITURA MUNICIPAL DE ROSARIO OESTE;510770;Rosário Oeste;Sim;Não;CENTRO;AV CEL ARTHUR BORGES;MUNICIPAL;;ATENDIMENTOS NOS TURNOS DA MANHA E A TARDE;68;M;;Não;SIM;;;;Não;-14.827638714382344;-56.425652503967285;;2026-05-14
2655780;HOSPITAL MUNICIPAL DE ROSARIO OESTE;PREFEITURA MUNICIPAL DE ROSARIO OESTE;510770;Rosário Oeste;Sim;Não;CENTRO;RUA MARECHAL DEODORO;MUNICIPAL;;ATENDIMENTO CONTINUO DE 24 HORAS/DIA (PLANTAO:INCLUI SABADOS, DOMINGOS E FERIADOS);5;M;Sim;Sim;SIM;Sim;Sim;Não;Sim;-14.8339725;-56.4291419;;2026-05-14
3339955;UNIDADE DE SAUDE DA FAMILIA III N SRA ROSARIO;PREFEITURA MUNICIPAL DE ROSARIO OESTE;510770;Rosário Oeste;Sim;Não;COHAB N SRA DO ROSAR;RUA B;MUNICIPAL;;ATENDIMENTOS NOS TURNOS DA MANHA E A TARDE;2;M;Não;Não;SIM;Não;Não;Não;Sim;-14.8415162;-56.4379544;;2026-05-14
4027531;R S MED;RSMED SOLUCOES HOSPITALARES LTDA;510770;Rosário Oeste;Sim;Não;CENTRO;MARECHAL DEODORO DA FONSECA;MUNICIPAL;;ATENDIMENTOS NOS TURNOS DA MANHA E A TARDE;36;M;Sim;Sim;SIM;Sim;Não;Não;Sim;-14.826373379585057;-56.428377628326416;65 98031684;2026-05-14
4264363;LABORATORIO POPULAR BEM ESTAR;R DE OLIVEIRA CIA LTDA;510770;Rosário Oeste;Sim;Não;CENTRO;DR MURTINHO;MUNICIPAL;;ATENDIMENTO NOS TURNOS DA MANHA, TARDE E NOITE;39;M;Não;Não;SIM;Não;Não;Não;Sim;-14.8344382;-56.4297643;65 92480273;2026-05-14
4277996;ESPACO SAUDE;GIRLENE CRISTINA DOS SANTOS;510770;Rosário Oeste;Sim;Não;CENTRO;CORONEL ANTONIO BRUNO;MUNICIPAL;;ATENDIMENTOS NOS TURNOS DA MANHA E A TARDE;39;M;Não;Não;SIM;Não;Não;Não;Não;-14.83589432373929;-56.42803430557251;65 99966046;2026-05-14
4558103;CAPS I ROSARIO OESTE;CENTRO DE ATENCAO PSICOSSOCIAL;510770;Rosário Oeste;Sim;Não;SANTA IZABEL;RUA AIRTON SERRA;MUNICIPAL;;ATENDIMENTOS NOS TURNOS DA MANHA E A TARDE;70;M;Não;Não;SIM;Não;Não;Não;Sim;-14.82626966329006;-56.42844200134277;;2026-05-14
4653580;SAMU 192 ROSARIO OESTE;SERVICOS DE ATENDIMENTO MOVEL DE URGENCIA;510770;Rosário Oeste;Sim;Não;CENTRO;RUA MARECHAL DEODORO;MUNICIPAL;;ATENDIMENTO CONTINUO DE 24 HORAS/DIA (PLANTAO:INCLUI SABADOS, DOMINGOS E FERIADOS);42;M;;Não;NAO;;;;Sim;-14.8339725;-56.4291419;;2026-05-14
5335612;ULTRA POPULAR;MARTINS BONFIM COMERCIO LTDA;510770;Rosário Oeste;Sim;Não;CENTRO;CORONEL ARTUR BORGES;MUNICIPAL;;ATENDIMENTOS NOS TURNOS DA MANHA E A TARDE;43;M;Não;Não;NAO;Não;Não;Não;Sim;-14.826435609338203;-56.42827033996582;65 33761876;2025-09-03
5574072;DROGARIA VERDES MARES;DROGARIA VERDES MARES LTDA;510770;Rosário Oeste;Sim;Não;CENTRO;MARECHAL HUMBERTO CASTELO BRANCO;MUNICIPAL;;ATENDIMENTOS NOS TURNOS DA MANHA E A TARDE;43;M;Não;Não;NAO;Não;Não;Não;Sim;-14.826560068790823;-56.42831325531006;65 33761876;2025-09-03
5610087;LAB CENTER;LABORATORIO DE ANALISES CLINICAS ROSARIO OESTE LTDA;510770;Rosário Oeste;Sim;Não;CENTRO;RUA CEL ANTONIO BRUNO;ESTADUAL;;ATENDIMENTOS NOS TURNOS DA MANHA E A TARDE;39;E;;Não;NAO;;;;Não;;;65 3356 1720;2025-09-03
6942350;LABORATORIO SAO JOSE;RIBEIRO DE SOUZA LTDA ME;510770;Rosário Oeste;Sim;Não;CENTRO;CEL ANTONIO BRUNO;MUNICIPAL;;ATENDIMENTOS NOS TURNOS DA MANHA E A TARDE;39;M;Não;Não;SIM;Não;Não;Não;Não;-14.83603952007983;-56.42794847488403;65 33562186;2026-05-14
7284314;ACADEMIA DA SAUDE BEATRIZ JOAQUIM RONDON;PREFEITURA MUNICIPAL DE ROSARIO OESTE;510770;Rosário Oeste;Sim;Não;NOSSA SENHORA APAREC;RUA CW3;MUNICIPAL;;ATENDIMENTOS NOS TURNOS DA MANHA E A TARDE;74;M;;Não;SIM;;;;Sim;-14.824335345282387;-56.425038278102875;(65)3356-1496;2026-05-14
7289529;CENTRO DE ESPECIALIDADES MEDICAS DE ROSARIO OESTE;CENTRO DE ESPECIALIDADES MEDICAS DE ROSARIO OESTE;510770;Rosário Oeste;Sim;Não;CENTRO;RUA MARECHAL FLORIANO PEIXOTO;MUNICIPAL;;ATENDIMENTOS NOS TURNOS DA MANHA E A TARDE;36;M;Não;Não;SIM;Não;Não;Não;Sim;-14.832285126240905;-56.42859220504761;(65)3356-1991;2026-05-14
7807120;CENTRAL DE VAGAS DE ROSARIO OESTE;CENTRAL DE REGULACAO DE VAGAS DE ROSARIO OESTE;510770;Rosário Oeste;Sim;Não;CENTRO;RUA PEDRO CELESTINO;MUNICIPAL;;ATENDIMENTOS NOS TURNOS DA MANHA E A TARDE;81;M;;Não;SIM;;;;Não;-14.832119184678234;-56.428635120391846;;2026-05-14
7847505;UNIDADE DE SAUDE DA FAMILIA RURAL IRMA ELISA;PREFEITURA MUNICIPAL DE ROSARIO OESTE;510770;Rosário Oeste;Sim;Não;CENTRO;RUA PEDRO CELESTINO;MUNICIPAL;;ATENDIMENTOS NOS TURNOS DA MANHA E A TARDE;2;M;Não;Não;SIM;Não;Não;Não;Sim;-14.832305868927294;-56.42881751060486;;2025-09-03
7921616;UNIDADE DE SAUDE AEROPORTO;PREFEITURA MUNICIPAL DE ROSARIO OESTE;510770;Rosário Oeste;Sim;Não;AEROPORTO;SANTOS DUMONT;MUNICIPAL;;ATENDIMENTOS NOS TURNOS DA MANHA E A TARDE;2;M;Não;Não;SIM;Não;Não;Não;Sim;-14.843879977711898;-56.44803285598755;;2025-09-03
9080821;LABORATORIO MUNICIPAL JOSE RODRIGUES;PREFEITURA MUNICIPAL DE ROSARIO OESTE;510770;Rosário Oeste;Sim;Não;CENTRO;RUA MARECHAL FLORIANO PEIXOTO;MUNICIPAL;;ATENDIMENTOS NOS TURNOS DA MANHA E A TARDE;80;M;;Não;SIM;;;;Sim;-14.826456352585275;-56.42827033996582;;2026-05-14
9118489;FARMACIA MUNICIPAL DE ROSARIO OESTE;PREFEITURA MUNICIPAL DE ROSARIO OESTE;510770;Rosário Oeste;Sim;Não;CENTRO;RUA MARECHAL FLORIANO PEIXOTO;MUNICIPAL;;ATENDIMENTOS NOS TURNOS DA MANHA E A TARDE;43;M;;Não;SIM;;;;Não;-14.835977293088689;-56.427884101867676;;2025-09-03
9583769;SERVIO CLIN;FERNANDO WALLACE SERVIO RONDON;510770;Rosário Oeste;Sim;Não;CENTRO;CORONEL ANTONIO BRUNO;MUNICIPAL;;ATENDIMENTOS NOS TURNOS DA MANHA E A TARDE;39;M;;Não;SIM;;;;Não;-14.834234930068618;-56.42930030822754;65 92615031;2026-05-14
2821052;CENTRO DE DISTRIBUICAO DE MEDICAMENTO;MUNICIPIO DE SANTO ANTONIO DO LEVERGER;510780;Santo Antônio de Leverger;Não;Sim;CENTRO;RUA PRACA DAS BANDEIRAS;MUNICIPAL;;ATENDIMENTOS NOS TURNOS DA MANHA E A TARDE;84;M;Não;Não;SIM;Não;Não;Não;Não;-15.865553;-56.076235;6533411229;2025-09-11
5869552;REDE DE FRIO MUNICIPAL;MUNICIPIO DE SANTO ANTONIO DO LEVERGER;510780;Santo Antônio de Leverger;Não;Sim;CENTRO;RUA XV DE NOVEMBRO;MUNICIPAL;;ATENDIMENTOS NOS TURNOS DA MANHA E A TARDE;84;M;Não;Não;SIM;Não;Não;Não;Não;-15.866708;-56.071107;6533411229;2026-05-09
2391236;ESF AGROVILA;PREFEITURA MUNICIPAL DE SANTO ANTONIO DO LEVERGER;510780;Santo Antônio de Leverger;Não;Sim;ZONA RURAL;VILA AGROVILA;MUNICIPAL;;ATENDIMENTOS NOS TURNOS DA MANHA E A TARDE;2;M;Não;Não;SIM;Não;Não;Não;Sim;-15.965718;-55.539198;(65 )3335-1015;2025-11-20
638137;CENTRO DE TRIAGEM E ATENDIMENTO PARA SIMDROME GRIPAL COVID1;PREFEITURA DE SANTO ANTONIO DE LEVERGER;510780;Santo Antônio de Leverger;Não;Sim;CENTRO;RUA 13 DE JUNHO;MUNICIPAL;;ATENDIMENTOS NOS TURNOS DA MANHA E A TARDE;2;M;Sim;Não;SIM;Não;Não;Não;Sim;-15.866;-56.077;6533141229;2025-09-03
8395225;CLINICA PASSINHOS DO SABER MULTIDICIPLINAR;CLINICA PASSINHOS DO SABER LTDA;510780;Santo Antônio de Leverger;Não;Sim;JARDIM SANTO ANTONIO;RUA ARAGUAIA;MUNICIPAL;;ATENDIMENTOS NOS TURNOS DA MANHA E A TARDE;22;M;Não;Não;NAO;Não;Não;Não;Não;-15.843019;-56.077904;65-993404166;2026-07-15
870986;UNIDADE DE SAUDE DA FAMILIA EAP;MUNICIPIO DE SANTO ANTONIO DE LEVERGER;510780;Santo Antônio de Leverger;Não;Sim;CENTRO;RUA XV DE NOVEMBRO;MUNICIPAL;;ATENDIMENTOS NOS TURNOS DA MANHA E A TARDE;2;M;Não;Não;NAO;Não;Não;Não;Sim;-15.866767;-56.071222;6533411229;2026-02-25
2391171;HOSPITAL MUNICIPAL DE SANTO ANTONIO DO LEVERGER;PREFEITURA MUNICIPAL DE SANTO ANTONIO DO LEVERGER;510780;Santo Antônio de Leverger;Não;Sim;JARDIM ESTORIL;RODOVIA PALMIRO PAES DE BARROS;MUNICIPAL;;ATENDIMENTO CONTINUO DE 24 HORAS/DIA (PLANTAO:INCLUI SABADOS, DOMINGOS E FERIADOS);5;M;Sim;Sim;SIM;Sim;Não;Não;Sim;-15.855302;-56.078364;(65)3341-1509;2025-09-03
2391198;ESF OLHO DAGUA;PREFEITURA MUNICIPAL DE SANTO ANTONIO DE LEVERGER;510780;Santo Antônio de Leverger;Não;Sim;ZONA RURAL;VILA OLHO DAGUA;MUNICIPAL;;ATENDIMENTOS NOS TURNOS DA MANHA E A TARDE;2;M;Não;Não;SIM;Não;Não;Não;Sim;-15.704481;-56.743311;65 3302 2001;2025-09-03
2391252;ESF MANOEL JULIO PEDROSO;PREFEITURA MUNICIPAL DE SANTO ANTONIO DE LEVERGER;510780;Santo Antônio de Leverger;Não;Sim;CENTRO;RUA XV DE NOVEMBRO;MUNICIPAL;;ATENDIMENTOS NOS TURNOS DA MANHA E A TARDE;2;M;Não;Não;SIM;Não;Não;Não;Sim;-15.866705;-56.071193;65 3341-1629;2025-09-03
2391260;ESF VARGINHA;PREFEITURA MUNICIPAL DE SANTO ANTONIO DO LEVERGER;510780;Santo Antônio de Leverger;Não;Sim;ZONA RURAL;VARGINHA;MUNICIPAL;;ATENDIMENTOS NOS TURNOS DA MANHA E A TARDE;2;M;Não;Não;SIM;Não;Não;Não;Sim;-15.813684;-56.099667;65 3302 1000;2025-09-03
2391279;POSTO DE SAUDE DE ENGENHO VELHO;PREFEITURA MUNICIPAL DE SANTO ANTONIO DO LEVERGER;510780;Santo Antônio de Leverger;Não;Sim;ZONA RURAL;VILA ENGENHO VELHO;MUNICIPAL;;ATENDIMENTOS NOS TURNOS DA MANHA E A TARDE;1;M;Não;Não;NAO;Não;Não;Não;Não;-15.864693543895244;-56.077094078063965;;2025-09-03
2391295;ESF MIMOSO;PREFEITURA MUNICIPAL DE SANTO ANTONIO DO LEVERGER;510780;Santo Antônio de Leverger;Não;Sim;ZONA RURAL;VILA MIMOSO;MUNICIPAL;;ATENDIMENTOS NOS TURNOS DA MANHA E A TARDE;2;M;Não;Não;SIM;Não;Não;Não;Sim;-16.272666;-55.799206;65 3331 1292;2025-09-03
2391406;UNIDADE DE REABILITACAO ARY BICUDO DORNELLAS;PREFEITURA MUNICIPAL DE SANTO ANTONIO DO LEVERGER;510780;Santo Antônio de Leverger;Não;Sim;JARDIM ESTORIL;RODOVIA PALMIRO PAES DE BARRO;MUNICIPAL;;ATENDIMENTOS NOS TURNOS DA MANHA E A TARDE;36;M;Não;Não;SIM;Não;Não;Não;Sim;-15.855018;-56.078333;65 3341 1450;2025-09-03
3187101;COLONIA PENAL REGIONAL AGRICOLA DE PALMEIRAS;SECRETARIA DE JUSTICA E SEGURANCA PUBLICA DO ESTADO DE MT;510780;Santo Antônio de Leverger;Não;Sim;ZONA RURAL;AGROVILA DAS PALMEIRAS;ESTADUAL;;ATENDIMENTOS NOS TURNOS DA MANHA E A TARDE;1;E;Não;Não;SIM;Não;Não;Não;Sim;;;;2025-09-03
3493229;UNIDADE DE SAUDE DE NOVA ESPERANCA;PREFEITURA MUNICIPAL DE SANTO ANTONIO DO LEVERGER;510780;Santo Antônio de Leverger;Não;Sim;ZONA RURAL;NOVA ESPERANCA PEQUIZEIRO;MUNICIPAL;;ATENDIMENTO SOMENTE PELA MANHA;1;M;Não;Não;NAO;Não;Não;Não;Não;;;;2025-09-03
3493237;ESF PORTO DE FORA;PREFEITURA MUNICIPAL DE SANTO ANTONIO DO LEVERGER;510780;Santo Antônio de Leverger;Não;Sim;ZONA RURAL;PORTO DE FORA;MUNICIPAL;;ATENDIMENTOS NOS TURNOS DA MANHA E A TARDE;2;M;Não;Não;SIM;Não;Não;Não;Sim;-16.091516;-55.822246;(65)33411229;2025-09-03
3518582;POSTO DE SAUDE BARREIRINHO;PREFEITURA MUNICIPAL DE SANTO ANTONIO DE LEVERGER;510780;Santo Antônio de Leverger;Não;Sim;ZONA RURAL;BARREIRINHO;MUNICIPAL;;ATENDIMENTOS NOS TURNOS DA MANHA E A TARDE;1;M;Não;Não;NAO;Não;Não;Não;Não;-15.86434265767058;-56.07672929763794;;2025-09-03
4335554;EMULTI;PREFEITURA MUNICIPAL DE SANTO ANTONIO DO LEVERGER;510780;Santo Antônio de Leverger;Não;Sim;CENTRO;13 DE JUNHO;MUNICIPAL;;ATENDIMENTO SOMENTE A TARDE;71;M;;Não;NAO;;;;Não;-15.86806;-56.07615;65 33411229;2026-03-14
5543967;CONSULTORIO MEDICO RICHARD PEROTO;RICHARD PEROTO;510780;Santo Antônio de Leverger;Não;Sim;CENTRO;AVENIDA SANTO ANTONIO;MUNICIPAL;;ATENDIMENTOS NOS TURNOS DA MANHA E A TARDE;22;M;Não;Não;NAO;Não;Não;Não;Não;-15.8644695;-56.0725095;65 3341-1179;2025-09-03
5663784;DROGARIA MULT MAIS POPULAR;DROGARIA MULT MAIS POPULAR S A L LTDA;510780;Santo Antônio de Leverger;Não;Sim;LAGE;PALMIRO PAES DE BARROS;MUNICIPAL;;ATENDIMENTO NOS TURNOS DA MANHA, TARDE E NOITE;43;M;;Não;NAO;;;;Sim;-15.857256952347427;-56.07944868923128;65 99009001;2025-09-03
6309739;SECRETARIA MUNICIPAL DE SANTO ANTONIO DO LEVERGER;PREFEITURA MUNICIPAL DE SANTO ANTONIO DO LEVERGER;510780;Santo Antônio de Leverger;Não;Sim;FRONTEIRA;RUA TRIANGULO CAMPEAO;MUNICIPAL;;ATENDIMENTOS NOS TURNOS DA MANHA E A TARDE;68;M;Não;Não;SIM;Não;Não;Não;Não;-15.86073;-56.08144;65 33411229;2026-03-28
7513704;POSTO DE SAUDE INDIGENA ALDEIA GOMES CARNEIRO;DISTRITO SANITARIO ESPECIAL INDIGENA CUIABA;510780;Santo Antônio de Leverger;Não;Sim;ZONA RURAL;ALDEIA GOMES CARNEIRO;MUNICIPAL;;ATENDIMENTOS NOS TURNOS DA MANHA E A TARDE;72;M;Não;Não;NAO;Não;Não;Não;Sim;-16.594225;-55.213928;;2025-09-03
7513895;POSTO DE SAUDE INDIGENA ALDEIA PIEBAGA;DISTRITO SANITARIO ESPECIAL INDIGENA DE CUIABA;510780;Santo Antônio de Leverger;Não;Sim;ZONA RURAL;ALDEIA PIEBAGA;MUNICIPAL;;ATENDIMENTOS NOS TURNOS DA MANHA E A TARDE;72;M;Não;Não;NAO;Não;Não;Não;Sim;-16.59095;-54.99018;;2026-04-04
7523637;CAPS I TRANSTORNO MENTAL SANTO ANTONIO LEVERGER;PREFEITURA MUNICIPAL DE SANTO ANTONIO DE LEVERGER;510780;Santo Antônio de Leverger;Não;Sim;FRONTEIRA;AVENIDA FRONTEIRA;MUNICIPAL;;ATENDIMENTOS NOS TURNOS DA MANHA E A TARDE;70;M;Não;Não;NAO;Não;Não;Não;Não;;;;2025-09-03
7802714;CENTRAL DE REGULACAO DE SANTO ANTONIO DO LEVERGER;PREFEITURA MUNICIPAL DE SANTO ANTONIO DO LEVERGER;510780;Santo Antônio de Leverger;Não;Sim;CENTRO;RUA TREZE DE JUNHO;MUNICIPAL;;ATENDIMENTO SOMENTE PELA MANHA;81;M;;Não;NAO;;;;Não;-15.867541;-56.076412;65-3341-1229;2025-09-03
9640290;MARIANA LIMA PEREIRA ODONTOLOGIA;MARIANA LIMA PEREIRA ODONTOLOGIA;510840;Várzea Grande;Sim;Sim;CRISTO REI;RUA VEREADOR JORGE WITZAK;MUNICIPAL;;ATENDIMENTOS NOS TURNOS DA MANHA E A TARDE;22;M;Não;Não;NAO;Não;Não;Não;Sim;-15.641386444949056;-56.10644817352295;65-3364-9129;2025-09-03
9661700;ORAL BELLE;ORAL BELLE VARZEA GRANDE CLINICA ODONTOLOGICA LTDA;510840;Várzea Grande;Sim;Sim;CENTRO NORTE;AVENIDA COUTO MAGALHAES LOT CENTRO;MUNICIPAL;;ATENDIMENTOS NOS TURNOS DA MANHA E A TARDE;22;M;Não;Não;NAO;Não;Não;Não;Sim;-15.645725640077874;-56.128270626068115;65-3681-0990;2025-09-03
9674292;GRUPO OLHARES SAUDE E BEM ESTAR;OLHARES CENTRO DE SAUDE INTEGRADA LTDA;510840;Várzea Grande;Sim;Sim;CRISTO REI;ALVES DE OLIVEIRA LOT GOV J FRAGELLI;MUNICIPAL;;ATENDIMENTOS NOS TURNOS DA MANHA E A TARDE;62;M;Sim;Sim;SIM;Sim;Não;Não;Sim;-15.644816483004915;-56.103830337524414;065 21370880;2025-09-11
9693297;ABACS;ASSOCIACAO BRASILEIRA AMERICANA DE CAPACITACAO SOLIDARIA AB;510840;Várzea Grande;Sim;Sim;CENTRO SUL;FILINTO MULLER LOT C SUL;MUNICIPAL;;ATENDIMENTOS NOS TURNOS DA MANHA E A TARDE;22;M;Não;Não;NAO;Não;Não;Não;Não;-15.647;-56.133;65 36823422;2025-09-03
8044791;LC MEDICINA;L C MORAES SILVA MEDICINA LTDA;510840;Várzea Grande;Sim;Sim;CENTRO SUL;AVENIDA ALZIRA SANTANA;MUNICIPAL;;ATENDIMENTOS NOS TURNOS DA MANHA E A TARDE;22;M;Não;Não;NAO;Não;Não;Não;Não;-15.6592798;-56.1362655;65 9 9926 2666;2025-12-17
8044872;MULTIVIDA VIDAS QUE FLORESCEM;BRITES CURADO CONSULTORIA LTDA;510840;Várzea Grande;Sim;Sim;CENTRO SUL;AVENIDA ALZIRA SANTANA;MUNICIPAL;;ATENDIMENTOS NOS TURNOS DA MANHA E A TARDE;22;M;Não;Não;NAO;Não;Não;Não;Não;-15.6752053;-56.1298999;65 9 9951 7341;2026-01-27
9747826;SINAPSES;AXONS CENTRO ESPECIALIZADO EM NEUROLOGIA E NEUROCIRURGIA MT;510840;Várzea Grande;Sim;Sim;CENTRO NORTE;RUA MAMED UNTAR;MUNICIPAL;;ATENDIMENTOS NOS TURNOS DA MANHA E A TARDE;39;M;Não;Não;NAO;Não;Não;Não;Sim;-15.647;-56.133;65-99670-8339;2025-09-03
8055033;VITALE CLINICA DE OLHOS;CLINICA DE OLHOS ALZIRA LTDA;510840;Várzea Grande;Sim;Sim;CENTRO NORTE;AVENIDA FILINTO MULLER;MUNICIPAL;;ATENDIMENTOS NOS TURNOS DA MANHA E A TARDE;36;M;Não;Não;SIM;Não;Não;Não;Não;-15.6521788;-56.1445489;65 99679 6899;2026-02-14
9790764;DENTESIM;DENTESIM CLINICA ODONTOLOGICA LTDA;510840;Várzea Grande;Sim;Sim;CRISTO REI;RUA ARI PAES BARRETO;MUNICIPAL;;ATENDIMENTOS NOS TURNOS DA MANHA E A TARDE;22;M;Não;Não;NAO;Não;Não;Não;Sim;-15.647006718186624;-56.13288402557373;65-3026-8119;2025-09-03
9720073;LAR DOS IDOSOS SAO VICENTE DE PAULO DE VARZEA GRANDE;LAR DOS IDOSOS SAO VICENTE DE PAULO DE VARZEA GRANDE;510840;Várzea Grande;Sim;Sim;JARDIM PAULA I;RUA AQUILINO ROBERTO;MUNICIPAL;;ATENDIMENTO NOS TURNOS DA MANHA, TARDE E NOITE;2;M;Não;Não;NAO;Não;Não;Não;Não;-15.6500883;-56.1549654;65-36820446;2025-09-03
9724508;CLINICA ODONTOLOGICA CAVALEIRO;CLINICA ODONTOLOGICA CAVALEIRO LTDA;510840;Várzea Grande;Sim;Sim;MARINGA I;AVENIDA JULIAO DE BRITO;MUNICIPAL;;ATENDIMENTOS NOS TURNOS DA MANHA E A TARDE;22;M;Não;Não;NAO;Não;Não;Não;Sim;-15.6623496;-56.0905904;65-3691-4969;2025-09-03
9742158;VIDA VACINAS;VIDA CLINICA DE VACINACAO E IMUNIZACAO HUMANA LTDA;510840;Várzea Grande;Sim;Sim;CENTRO NORTE;RUA MAMED UNTAR;MUNICIPAL;;ATENDIMENTOS NOS TURNOS DA MANHA E A TARDE;39;M;;Não;NAO;;;;Não;-15.647;-56.133;65-3029-9712;2025-09-03
9792376;UPA CRISTO REI UNIDADE DE PRONTO ATENDIMENTO CRISTO REI;PREFEITURA MUNICIPAL DE VARZEA GRANDE;510840;Várzea Grande;Sim;Sim;CRISTO REI;AVENIDA GONCALO BOTELHO DE CAMPOS;MUNICIPAL;;ATENDIMENTO CONTINUO DE 24 HORAS/DIA (PLANTAO:INCLUI SABADOS, DOMINGOS E FERIADOS);73;M;Não;Não;SIM;Não;Não;Não;Sim;-15.6354368;-56.1094236;;2025-09-03
9804048;AMBULATORIO MEDICO FORUM DE VARZEA GRANDE;PREFEITURA MUNICIPAL DE VARZEA GRANDE;510840;Várzea Grande;Sim;Sim;AGUA LIMPA;AV CASTELO BRANCO;MUNICIPAL;;ATENDIMENTOS NOS TURNOS DA MANHA E A TARDE;1;M;Não;Não;NAO;Não;Não;Não;Sim;-15.667737;-56.1327238;;2025-09-03
9808620;HIPERBARICA VARZEA GRANDE;PREFEITURA MUNICIPAL DE VARZEA GRANDE;510840;Várzea Grande;Sim;Sim;NOVA V GRANDE;AV ALZIRA SANTANA;MUNICIPAL;;ATENDIMENTO CONTINUO DE 24 HORAS/DIA (PLANTAO:INCLUI SABADOS, DOMINGOS E FERIADOS);22;M;Não;Não;NAO;Não;Não;Não;Sim;-15.667869598448858;-56.13283038139343;;2025-09-03
9818529;ANNA ZARDINI ODONTOLOGIA;ANNA BEATRIZ ZARDINI DOURADO;510840;Várzea Grande;Sim;Sim;CENTRO SUL;AV CASTELO BRANCO;MUNICIPAL;;ATENDIMENTOS NOS TURNOS DA MANHA E A TARDE;22;M;Não;Não;NAO;Não;Não;Não;Sim;-15.66752353684517;-56.13264799118042;6536680189;2025-09-03
155624;TOXICLIN;MICHEL RICARDO MAGALHAES DA SILVA;510840;Várzea Grande;Sim;Sim;CENTRO SUL;AV FILINTO MULLER LOT JD AEROPORTO;MUNICIPAL;;ATENDIMENTOS NOS TURNOS DA MANHA E A TARDE;39;M;;Não;NAO;;;;Não;-15.643989973069093;-56.13065242767334;92820564;2025-09-03
9834435;SORRIDENTS;CENTRO CLINICO ODONTOLOGICO DE VARZEA GRANDE LTDA;510840;Várzea Grande;Sim;Sim;CENTRO NORTE;AV COUTO MAGALHAES;MUNICIPAL;;ATENDIMENTOS NOS TURNOS DA MANHA E A TARDE;22;M;Não;Não;NAO;Não;Não;Não;Sim;-15.648543;-56.1412239;65 2137 0915;2025-09-03
9850341;ODONTOLOGIA;ODONTOLOGIA;510840;Várzea Grande;Sim;Sim;CENTRO;RUA MAMED UNTAR;MUNICIPAL;;ATENDIMENTOS NOS TURNOS DA MANHA E A TARDE;22;M;Não;Não;NAO;Não;Não;Não;Sim;-15.646345517583871;-56.132519245147705;6536824529;2025-09-03
9864253;VIDA CENTRO;VIDA CENTRO DE DIAGNOSTICO EM SAUDE LTDA;510840;Várzea Grande;Sim;Sim;CENTRO NORTE;RUA MAMED UNTAR;MUNICIPAL;;ATENDIMENTOS NOS TURNOS DA MANHA E A TARDE;22;M;Não;Não;NAO;Não;Não;Não;Sim;-15.645539676459821;-56.138527393341064;36232730;2025-09-03
9872043;LABORATORIO LPC;A L BORBA;510840;Várzea Grande;Sim;Sim;CRISTO REI;VEREADOR JORGE WITZAK LOT DOMINGOS SAVIO;MUNICIPAL;;ATENDIMENTOS NOS TURNOS DA MANHA E A TARDE;39;M;Não;Não;NAO;Não;Não;Não;Não;-15.649196929917878;-56.10136270523071;65 36410555;2026-03-10
9909249;CLINICA DE OLHOS ALZIRA;L S BARBOSA OELKE CLINICA DE OLHOS;510840;Várzea Grande;Sim;Sim;CENTRO NORTE;AVENIDA FILINTO MULLER;MUNICIPAL;;ATENDIMENTOS NOS TURNOS DA MANHA E A TARDE;22;M;Não;Não;NAO;Não;Não;Não;Sim;-15.6519069;-56.1439071;65-3364-9400;2025-09-03
9913696;SUPREME;SUPREME CLINICA ODONTOLOGICA;510840;Várzea Grande;Sim;Sim;CENTRO SUL;AV FILINTO MULLER;MUNICIPAL;;ATENDIMENTOS NOS TURNOS DA MANHA E A TARDE;22;M;Não;Não;NAO;Não;Não;Não;Não;-15.6677377;-56.1327235;96097873;2025-09-03
317160;USF JARDIM ELDORADO ALVARO RIBEIRO ROCHA;PREFEITURA MUNICIPAL DE VARZE GRANDE;510840;Várzea Grande;Sim;Sim;JARDIM ELDORADO;RUA TRIUNFO;MUNICIPAL;;ATENDIMENTOS NOS TURNOS DA MANHA E A TARDE;2;M;Não;Não;SIM;Não;Não;Não;Sim;-15.662178;-56.1843496;;2025-09-03
9947329;NAVIS NUCLEO DE ATENDIMENTO A VITIMA VIOLENCIA SEXUAL;PREFEITURA MUNICIPAL DE VARZEA GRANDE;510840;Várzea Grande;Sim;Sim;COSTA VERDE;RUA BENEDITO CURVO;MUNICIPAL;;ATENDIMENTOS NOS TURNOS DA MANHA E A TARDE;36;M;Não;Não;NAO;Não;Não;Não;Não;-15.6831545;-56.1134354;3688 3646;2025-09-03
9955305;CCEO;CENTRO CUIABANO DE EXCELENCIA EM OFTALMOLOGIA LTDA;510840;Várzea Grande;Sim;Sim;CENTRO;MAMED UNTAR;MUNICIPAL;;ATENDIMENTOS NOS TURNOS DA MANHA E A TARDE;22;M;Não;Não;NAO;Não;Não;Não;Sim;-15.647058374393717;-56.132991313934326;65 36262200;2025-09-03
9966838;TOXICLIN;MICHEL RICARDO MAGALHAES DA SILVA;510840;Várzea Grande;Sim;Sim;CENTRO SUL;AV PRESIDENTE ARTHUR BERNARDES;MUNICIPAL;;ATENDIMENTOS NOS TURNOS DA MANHA E A TARDE;39;M;;Não;NAO;;;;Não;-15.6557209357735;-56.12267553806305;9360 0194;2025-09-19
431672;TELESSAUDE VG;PREFEITURA MUNICIPAL DE VARZEA GRANDE;510840;Várzea Grande;Sim;Sim;LOT CERRADOS;AV DA FEB;MUNICIPAL;;ATENDIMENTOS NOS TURNOS DA MANHA E A TARDE;75;M;;Não;NAO;;;;Não;-15.624801;-56.11078;;2025-09-03
5354676;INTEGRATUM SAUDE E VIDA;MAGALI FARIAS DONOSO FACHETI;510840;Várzea Grande;Sim;Sim;CENTRO;RUA BENEDITO MONTEIRO;MUNICIPAL;;ATENDIMENTOS NOS TURNOS DA MANHA E A TARDE;22;M;Não;Não;NAO;Não;Não;Não;Não;-15.6465932;-56.1395102;65992827779;2025-09-05
5819253;ALENTO MEDICINA PARA TODOS;ALENTO MEDICINA PARA TODOS LTDA;510840;Várzea Grande;Sim;Sim;CENTRO NORTE;AV FILINTO MULLER;MUNICIPAL;;ATENDIMENTOS NOS TURNOS DA MANHA E A TARDE;36;M;Não;Não;NAO;Não;Não;Não;Sim;-15.662372;-56.1691624;65 33627199;2025-09-11
559598;SAUDE LIVRE;SAUDE LIVRE CLINICA DE VACINACAO E IMUNIZACAO HUMANA LTDA;510840;Várzea Grande;Sim;Sim;CENTRO SUL;FILINTO MULLER LOT JD AEROPORTO;MUNICIPAL;;ATENDIMENTOS NOS TURNOS DA MANHA E A TARDE;22;M;Não;Não;NAO;Não;Não;Não;Não;-15.647;-56.133;65 30287328;2025-09-03
80489;CENTRO ODONTOLOGICO DO POVO;COP VARZEA GRANDE CLINICA ODONTOLOGICA LTDA;510840;Várzea Grande;Sim;Sim;CENTRO;AV COUTO MAGALHAES;MUNICIPAL;;ATENDIMENTOS NOS TURNOS DA MANHA E A TARDE;39;M;;Não;NAO;;;;Não;-15.64727533032103;-56.133055686950684;65 9 9665 9652;2025-09-19
163988;VIVA CENTRO ODONTOLOGICO;FIGUEIREDO ODONTOLOGIA LTDA;510840;Várzea Grande;Sim;Sim;CENTRO SUL;CASTELO BRANCO LOT JD IMPERADOR II;MUNICIPAL;;ATENDIMENTOS NOS TURNOS DA MANHA E A TARDE;22;M;Não;Não;NAO;Não;Não;Não;Sim;-15.646614130586492;-56.13219738006592;65 36860189;2025-09-19
2921529;ONCOLOG;ONCOLOG CLINICA DE TRATAMENTO E PESQUISA EM HEMATOLOGIA E ON;510840;Várzea Grande;Sim;Sim;CENTRO NORTE;MAMED UNTAH LOT CENTRO;MUNICIPAL;;ATENDIMENTOS NOS TURNOS DA MANHA E A TARDE;36;M;Não;Não;NAO;Não;Não;Não;Sim;-15.644919796512127;-56.13605976104736;65 81143619;2025-09-19
4158857;CRISTIANE MIRANDA CLINICA DE NUTRICAO;C M C MIRANDA DA SILVA CLINICA DE NUTRICAO;510840;Várzea Grande;Sim;Sim;CENTRO NORTE;MAMED UNTAH LOT CENTRO;MUNICIPAL;;ATENDIMENTOS NOS TURNOS DA MANHA E A TARDE;22;M;Não;Não;NAO;Não;Não;Não;Não;-15.647027380671016;-56.13290548324585;65 81019052;2025-09-19
4240898;NOROESTE SERVICOS MEDICOS;NOROESTE SERVICOS MEDICOS LTDA;510840;Várzea Grande;Sim;Sim;CENTRO;RUA PRESIDENTE ARTHUR BERNARDES;MUNICIPAL;;ATENDIMENTOS NOS TURNOS DA MANHA E A TARDE;36;M;Não;Não;NAO;Não;Não;Não;Não;-15.655209560410304;-56.12232685089111;;2025-09-19
4954548;INSTITUTO POLEGATO DE SAUDE;INSTITUTO POLEGATO DE SAUDE LTDA;510840;Várzea Grande;Sim;Sim;CENTRO SUL;RUA MANAUS LOT N V GRANDE;MUNICIPAL;;ATENDIMENTOS NOS TURNOS DA MANHA E A TARDE;22;M;Não;Não;NAO;Não;Não;Não;Não;-15.65812283324413;-56.14464282989502;;2025-09-19
5654238;FELICIANA JULIENE DE ALMEIDA;FELICIANA JULIENE DE ALMEIDA;510840;Várzea Grande;Sim;Sim;PLANALTO IPIRANGA;RUA EPITACIO PESSOA;MUNICIPAL;;ATENDIMENTOS NOS TURNOS DA MANHA E A TARDE;22;M;Não;Não;NAO;Não;Não;Não;Não;-15.64417593809575;-56.13522291183472;3686-5706;2025-09-19
6100619;JOSIAS SANTOS GUIMARAES;JOSIAS SANTOS GUIMARAES;510840;Várzea Grande;Sim;Sim;JARDIM GLORIA I;AVENIDA GOVERNADOR JULIO CAMPOS;MUNICIPAL;;ATENDIMENTOS NOS TURNOS DA MANHA E A TARDE;22;M;Não;Não;NAO;Não;Não;Não;Não;-15.647;-56.133;3684-2000;2025-09-19
6787118;MED CENTER;LUCIENE MARIA BERNARDINO ME;510840;Várzea Grande;Sim;Sim;CENTRO;RUA FILINTO MULLER;MUNICIPAL;;ATENDIMENTOS NOS TURNOS DA MANHA E A TARDE;39;M;Não;Não;NAO;Não;Não;Não;Não;-15.647729903898778;-56.133034229278564;(65)3682-8631;2025-09-19
7499558;ODONTO GUIMARAES;ESSENCE ODONTOLOGIA LTDA;510840;Várzea Grande;Sim;Sim;HELIO PONCE DE ARRUD;DAS GARCAS;MUNICIPAL;;ATENDIMENTOS NOS TURNOS DA MANHA E A TARDE;22;M;Não;Não;NAO;Não;Não;Não;Sim;-15.63787886163791;-56.115326285362244;65 36823316;2025-09-19
7691289;TECNOLOGICA DIAGNOSTICO POR IMAGEM;JF SERVICOS DE DIAGNOSTICO E IMAGEM LTDA ME;510840;Várzea Grande;Sim;Sim;CENTRO NORTE;RUA VER ALIBEL FERREIRA DA SILVA;MUNICIPAL;;ATENDIMENTO CONTINUO DE 24 HORAS/DIA (PLANTAO:INCLUI SABADOS, DOMINGOS E FERIADOS);39;M;Não;Não;SIM;Não;Não;Não;Sim;-15.644423891201702;-56.13369941711426;(65) 2136-1050;2025-09-19
7908288;LIBERDADE CENTRO DE REABILITACAO PARA DEPENDETES QUI;ASSOCIACAO DE INTERVENCAO E REABILITACAO DE DEPENDENTES QUIM;510840;Várzea Grande;Sim;Sim;CAPAO DO PEQUI;RUA SD;MUNICIPAL;;ATENDIMENTO CONTINUO DE 24 HORAS/DIA (PLANTAO:INCLUI SABADOS, DOMINGOS E FERIADOS);39;M;Não;Não;NAO;Não;Não;Não;Sim;-15.647;-56.133;(65)9601-5406;2025-09-19
9272658;VIDA OTORRINO;VIDA OTORRINO SERVICOS MEDICOS ESPECIALIZADOS LTDA;510840;Várzea Grande;Sim;Sim;CENTRO NORTE;RUA MAMED UNTAR;MUNICIPAL;;ATENDIMENTOS NOS TURNOS DA MANHA E A TARDE;22;M;Não;Não;NAO;Não;Não;Não;Não;-15.64732440365363;-56.1295822262764;;2026-07-28
9526889;CONSULTORIO ODONTOLOGICO ELZA ARRUDA;CONSULTORIO DE ODONTOLOGIA;510840;Várzea Grande;Sim;Sim;CENTRO;RUA MAMED UNTAR;MUNICIPAL;;ATENDIMENTOS NOS TURNOS DA MANHA E A TARDE;22;M;Não;Não;NAO;Não;Não;Não;Sim;-15.646944730720907;-56.1331844329834;659992-76843;2025-09-19
561371;LABORMED LABORATORIOS MEDICOS DE ANALISES CLINICAS;LABORMED LABORATORIOS MEDICOS DE ANALISES CLINICAS EIRELI;510840;Várzea Grande;Sim;Sim;CENTRO NORTE;BENEDITO MONTEIRO LOT CENTRO;MUNICIPAL;;ATENDIMENTOS NOS TURNOS DA MANHA E A TARDE;39;M;Não;Não;NAO;Não;Não;Não;Não;-15.647;-56.133;65 81340500;2025-09-03
5908779;ESTRUTURAR CLINICA DE FISIOTERAPIA;ESTRUTURAR CLINICA DE FISIOTERAPIA LTDA;510840;Várzea Grande;Sim;Sim;CENTRO NORTE;RUA ALIBEL FERREIRA DA SILVA;MUNICIPAL;;ATENDIMENTOS NOS TURNOS DA MANHA E A TARDE;36;M;Não;Não;NAO;Não;Não;Não;Sim;-15.657730266984714;-56.14408493041992;65 9 9297 7303;2025-10-18
8077339;PSICOLOGIA CLINICA ELABORE;PSICOLOGIA CLINICA ELABORE LTDA;510840;Várzea Grande;Sim;Sim;NOVA VARZEA GRANDE;RUA GOIAIS;MUNICIPAL;;ATENDIMENTOS NOS TURNOS DA MANHA E A TARDE;22;M;Não;Não;NAO;Não;Não;Não;Não;-15.658825318352994;-56.1440634727478;65 9 9620 8663;2026-01-14
2390868;HOSPITAL SANT ANA;LIV CENTRO MEDICO HOSPITALAR LTDA;510840;Várzea Grande;Sim;Sim;PARQUE DO LAGO;GALERA LOT PRQ LAGO;MUNICIPAL;;ATENDIMENTO CONTINUO DE 24 HORAS/DIA (PLANTAO:INCLUI SABADOS, DOMINGOS E FERIADOS);5;M;Sim;Sim;SIM;Sim;Sim;Não;Sim;-15.65799886503313;-56.144492626190186;65 21360916;2025-12-23
4620216;CLINICA DE VACINACAO SAUDE LIVRE;WERC CLINICA DE VACINACAO IMUNIZACAO E INFUSAO LTDA;510840;Várzea Grande;Sim;Sim;CENTRO SUL;FILINTO MULLER;MUNICIPAL;;ATENDIMENTOS NOS TURNOS DA MANHA E A TARDE;85;M;Não;Não;NAO;Não;Não;Não;Não;-15.6487564;-56.1366618;21 9 9235 2768;2025-10-14
5907748;LABORATORIO AQUARELA DE ANALISES CLINICAS;LABORATORIO AQUARELA LTDA;510840;Várzea Grande;Sim;Sim;CRISTO REI;RUA BRASIL;MUNICIPAL;;ATENDIMENTOS NOS TURNOS DA MANHA E A TARDE;39;M;Não;Não;SIM;Não;Não;Não;Não;-15.6461649;-56.2041625;66 99982 9538;2025-10-18
5950112;SENTIR CLINICA PSICOLOGICA;SENTIR CLINICA PSICOLOGICA LTDA;510840;Várzea Grande;Sim;Sim;CENTRO SUL;AVENIDA PRESIDENTE ARTHUR BERNARDES;MUNICIPAL;;ATENDIMENTOS NOS TURNOS DA MANHA E A TARDE;22;M;Não;Não;NAO;Não;Não;Não;Não;-15.657916219517364;-56.12292766571045;65 3685 4189;2025-10-18
5950406;CLINICA PEQUENOS PASSOS;CLINICA PEQUENOS PASSOS LTDA;510840;Várzea Grande;Sim;Sim;MARAJOARA;RUA BOROROS;MUNICIPAL;;ATENDIMENTOS NOS TURNOS DA MANHA E A TARDE;22;M;Não;Não;NAO;Não;Não;Não;Não;-15.6573515;-56.1665467;65 9 9340 4166;2025-10-18
3255298;CLINICA DE FISIOTERAPIA SANTA RITA;CLINICA DE FISIOTERAPIA SANTA RITA LTDA;510840;Várzea Grande;Sim;Sim;CENTRO SUL;RUA TUPINAMBA;MUNICIPAL;;ATENDIMENTOS NOS TURNOS DA MANHA E A TARDE;36;M;Não;Não;NAO;Não;Não;Não;Sim;-15.661552590599054;-56.12614631652832;65 98415-0812;2026-07-28
4817907;DROGARAIA DS1378;RAIA DROGASIL S A;510840;Várzea Grande;Sim;Sim;CENTRO;AVENIDA JULIO MULLER;MUNICIPAL;;ATENDIMENTO NOS TURNOS DA MANHA, TARDE E NOITE;43;M;Não;Não;NAO;Não;Não;Não;Não;-15.6704999;-56.0800432;65 9 9957 9079;2025-11-01
264644;CONSULTORIO ODONTOLOGICO PAULO CESAR;PAULO CESAR DE BARROS E SILVA FILHO;510840;Várzea Grande;Sim;Sim;CENTRO SUL;RUA MAMED UNTAR;MUNICIPAL;;ATENDIMENTOS NOS TURNOS DA MANHA E A TARDE;22;M;Não;Não;NAO;Não;Não;Não;Não;-15.647017049429081;-56.133023500442505;3682 4529/99976-6031;2025-09-03
5955300;ARRUDA SERVICOS HOSPITALARES LTDA;ARRUDA SERVICOS HOSPITALARES;510840;Várzea Grande;Sim;Sim;NOVA VARZEA GRANDE;RUA SERGIPE;MUNICIPAL;;ATENDIMENTOS NOS TURNOS DA MANHA E A TARDE;22;M;Não;Não;NAO;Não;Não;Não;Não;-15.6557747;-56.1469079;65 9 9966 9494;2025-11-13
6001386;SPEED SERVICE SAUDE;F A GOMES LTDA;510840;Várzea Grande;Sim;Sim;CENTRO SUL;RIO DE JANEIRO LOT JD KATAGUAS;MUNICIPAL;;ATENDIMENTOS NOS TURNOS DA MANHA E A TARDE;22;M;Não;Não;NAO;Não;Não;Não;Não;-15.65799886503313;-56.14457845687866;65 984141364;2025-11-13
6009328;LA VITA GESTAO OCUPACIONAL;DRP OCUPACIONAL LTDA;510840;Várzea Grande;Sim;Sim;CENTRO SUL;RIO DE JANEIRO LOT N V GRANDE;MUNICIPAL;;ATENDIMENTOS NOS TURNOS DA MANHA E A TARDE;36;M;Não;Não;NAO;Não;Não;Não;Não;-15.65812283324413;-56.144750118255615;65 36843259;2025-11-13
8003335;UNIDADE DE COLETA DE SANGUE;MUNICIPIO DE VARZEA GRANDE;510840;Várzea Grande;Sim;Sim;CRISTO REI;AVENIDA GONCALO BOTELHO DE CAMPOS;MUNICIPAL;;ATENDIMENTOS NOS TURNOS DA MANHA E A TARDE;69;M;Não;Não;NAO;Não;Não;Não;Sim;-15.6309753;-56.1132117;;2025-11-13
8014744;CLINICA DECOLAR;CLINICA DECOLAR INTERVENCOES COMPORTAMENTAIS LTDA;510840;Várzea Grande;Sim;Sim;CRISTO REI;RUA ARY PAES BARRETO;MUNICIPAL;;ATENDIMENTOS NOS TURNOS DA MANHA E A TARDE;22;M;Não;Não;NAO;Não;Não;Não;Não;-15.649672161442343;-56.102564334869385;65 9 9310 9978;2025-11-13
8111413;CLINICA DE SAUDE;ESPACO TERAPEUTICO DO SOM AO SENTIDO LTDA;510840;Várzea Grande;Sim;Sim;CENTRO SUL;RUA CASTRO ALVES;MUNICIPAL;;ATENDIMENTOS NOS TURNOS DA MANHA E A TARDE;22;M;Não;Não;NAO;Não;Não;Não;Não;-15.6822656;-56.1120831;11 9 9284 0314;2026-02-14
8122245;CENTRAL DO DENTE;A J CORREA DA COSTA ORTODONTIA;510840;Várzea Grande;Sim;Sim;CENTRO;RUA SALIN NADAF;MUNICIPAL;;ATENDIMENTOS NOS TURNOS DA MANHA E A TARDE;22;M;Não;Não;NAO;Não;Não;Não;Não;-15.6430853;-56.1273837;65 98465 2004;2026-02-14
8131473;FONODIALOGAR;FONODIALOGAR FONOAUDIOLOGIA LURY RODRIGUES LTDA;510840;Várzea Grande;Sim;Sim;SAO SIMAO;CLARO ALVES DA SILVA;MUNICIPAL;;ATENDIMENTOS NOS TURNOS DA MANHA E A TARDE;22;M;Não;Não;NAO;Não;Não;Não;Não;-15.6940074;-56.1591161;;2026-02-14
8133360;FARMACIA ESCOLA UNIVAG;IEMAT SOCIEDADE EDUCACIONAL LTDA;510840;Várzea Grande;Sim;Sim;CRISTO REI;AV DOM ORLANDO CHAVES;MUNICIPAL;;ATENDIMENTOS NOS TURNOS DA MANHA E A TARDE;43;M;Não;Não;NAO;Não;Não;Não;Não;-15.6454364;-56.100608;65 3322 5186;2026-02-14
623199;CENTRAL DO DENTE;ARISTIDES JOSE CORREA DA COSTA;510840;Várzea Grande;Sim;Sim;CENTRO SUL;SALIN NADAF;MUNICIPAL;;ATENDIMENTOS NOS TURNOS DA MANHA E A TARDE;22;M;Não;Não;NAO;Não;Não;Não;Sim;-15.6466133;-56.1352475;;2026-02-13
8154058;CLINICA PEQUENO PRINCIPE;H MENEZES VICENTE CIA LTDA;510840;Várzea Grande;Sim;Sim;CENTRO SUL;RUA 24 DE MAIO;MUNICIPAL;;ATENDIMENTOS NOS TURNOS DA MANHA E A TARDE;22;M;Não;Não;NAO;Não;Não;Não;Não;-15.65804018777849;-56.144492626190186;;2026-03-17
8154325;BEM ESTAR GESTAO DE SAUDE OCUPACIONAL;BEM ESTAR GESTAO DE SAUDE OCUPACIONAL LTDA;510840;Várzea Grande;Sim;Sim;CENTRO NORTE;AVENIDA FILINTO MULLER;MUNICIPAL;;ATENDIMENTOS NOS TURNOS DA MANHA E A TARDE;22;M;Não;Não;NAO;Não;Não;Não;Não;-15.654424415949029;-56.15041494369507;65 9 9615 5010;2026-03-17
631175;CENTRO DE RESSOCIALIZACAO INDUSTRIAL AHMENON LEMOS DANTAS;PREFEITURA MUNICIPAL DE VARZEA GRANDE;510840;Várzea Grande;Sim;Sim;LIMPO GRANDE;ROD MT 351 DISTRITO DE AGUACU;MUNICIPAL;;ATENDIMENTOS NOS TURNOS DA MANHA E A TARDE;2;M;Não;Não;SIM;Não;Não;Não;Sim;-15.646996386943636;-56.13314151763916;;2025-09-03
8169349;CLINIALPHA;60 762 771 ANA PAULA DA SILVA ALMEIDA;510840;Várzea Grande;Sim;Sim;PARQUE DO LAGO;RUA MINEIRAO;MUNICIPAL;;ATENDIMENTOS NOS TURNOS DA MANHA E A TARDE;22;M;Não;Não;NAO;Não;Não;Não;Não;-15.666139284568048;-56.0871148109436;;2026-03-17
8199213;REVIVA SERVICOS PSICOLOGICOS;REVIVA GESTAO DE EMOCOES E DESENVOLVIMENTO HUMANO LTDA;510840;Várzea Grande;Sim;Sim;COSTA VERDE;RUA PRESIDENTE EPTACIO PESSOA;MUNICIPAL;;ATENDIMENTOS NOS TURNOS DA MANHA E A TARDE;22;M;Não;Não;NAO;Não;Não;Não;Não;-15.664362469391834;-56.12232685089111;;2026-04-16
634344;PAGUE MENOS;EMPREENDIMENTOS PAGUE MENOS S A;510840;Várzea Grande;Sim;Sim;CENTRO NORTE;COUTO MAGALHAES LOT CENTRO;MUNICIPAL;;ATENDIMENTO NOS TURNOS DA MANHA, TARDE E NOITE;43;M;Não;Não;NAO;Não;Não;Não;Não;-15.640663236814822;-56.122283935546875;65 33216340;2025-09-03
636444;CLINICA SORRISO FELIZ;BRUNA LORENA DOS SANTOS OLIVEIRA;510840;Várzea Grande;Sim;Sim;CENTRO NORTE;COUTO MAGALHAES LOT CENTRO;MUNICIPAL;;ATENDIMENTOS NOS TURNOS DA MANHA E A TARDE;22;M;Não;Não;NAO;Não;Não;Não;Sim;-15.640559921158447;-56.12194061279297;65 36948108;2025-09-03
8180547;INSTITUTO CUIABANO DE SAUDE ICSP;INSTITUTO CUIABANO DE SAUDE LTDA;510840;Várzea Grande;Sim;Sim;CENTRO SUL;RUA RIO DE JANEIRO;MUNICIPAL;;ATENDIMENTOS NOS TURNOS DA MANHA E A TARDE;36;M;Não;Não;SIM;Não;Não;Não;Sim;-15.656077348149013;-56.14017963409424;;2026-04-16
1161563;CFC DORADO;AUTO ESCOLA DORADO LTDA CNPJ 05207890000392;510840;Várzea Grande;Sim;Sim;CENTRO NORTE;AVENIDA FILINTO MULLER LOT CENTRO 130;MUNICIPAL;;ATENDIMENTOS NOS TURNOS DA MANHA E A TARDE;22;M;Não;Não;NAO;Não;Não;Não;Não;-15.658350108102367;-56.145501136779785;(65) 3622-0966;2026-06-16
8327807;DROGASIL DS2239;RAIA DROGASIL S A;510840;Várzea Grande;Sim;Sim;JD GLORIA I;AVENIDA JULIO CAMPOS;MUNICIPAL;;ATENDIMENTO NOS TURNOS DA MANHA, TARDE E NOITE;43;M;;Não;NAO;;;;Não;-15.64436190295338;-56.1540412902832;1137695731;2026-05-26
649015;FARMACIA NATURALIS;FARMACIA HOMEOPATICA NATURALIS LTDA;510840;Várzea Grande;Sim;Sim;CENTRO;AVENIDA COUTO MAGALHAES;MUNICIPAL;;ATENDIMENTOS NOS TURNOS DA MANHA E A TARDE;43;M;Não;Não;NAO;Não;Não;Não;Não;-15.649638585338277;-56.144771575927734;;2025-09-03
4673980;SAMU 192 VARZEA GRANDE USB GMAU 02 MOTO 1;SECRETARIA ESTADUAL DE SAUDE DE MATO GROSSO;510840;Várzea Grande;Sim;Sim;MANGA;AVENIDA DA FEB;ESTADUAL;;ATENDIMENTOS NOS TURNOS DA MANHA E A TARDE;42;E;;Não;NAO;;;;Sim;-15.633203967643205;-56.117447442329194;(65) 3317-3200;2026-06-02
8425795;DROGARIA ULTRAPOPULAR;DROGARIA DMD LTDA;510840;Várzea Grande;Sim;Sim;LOTEAMENTO JD ESTADO;AV JULIO DOMINGOS DE CAMPOS LOT JD ESTADOS;MUNICIPAL;;ATENDIMENTO NOS TURNOS DA MANHA, TARDE E NOITE;43;M;;Não;NAO;;;;Não;-15.64429991468629;-56.182944774627686;(66) 3566-4747;2026-07-21
1163140;RENASCER HOME CARE;RENASCER SERVICOS DE HOME CARE LTDA CNPJ 36646027000365;510840;Várzea Grande;Sim;Sim;CANELAS;R ESPIRITO SANTO 827 LOTE PT 01 E 02 QUADRA04;MUNICIPAL;;ATENDIMENTOS NOS TURNOS DA MANHA E A TARDE;22;M;Não;Não;NAO;Não;Não;Não;Não;-15.657854235358611;-56.14509344100952;63 30280904;2026-07-15
8389314;DROGASIL DS2464;RAIA DROGASIL S A;510840;Várzea Grande;Sim;Sim;CRISTO REI;AVENIDA IRIS SIQUEIRA;MUNICIPAL;;ATENDIMENTO NOS TURNOS DA MANHA, TARDE E NOITE;43;M;Não;Não;NAO;Não;Não;Não;Sim;-15.654755003458108;-56.09569787979126;01134695731;2026-07-15
8396361;MED MAIS SOLUCOES EM SEVICOS;MED MAIS SOLUCOES EM SERVICOS ESPECIAIS LTDA;510840;Várzea Grande;Sim;Sim;CENTRO SUL;AV GOV JOAO PONCE DE ARRUDA;MUNICIPAL;;ATENDIMENTO CONTINUO DE 24 HORAS/DIA (PLANTAO:INCLUI SABADOS, DOMINGOS E FERIADOS);39;M;Não;Não;NAO;Não;Não;Não;Sim;-15.651511090415715;-56.121554374694824;61 3052 9500;2026-07-15
8407541;CLINICA LUMI;CLINICA LUMI LTDA;510840;Várzea Grande;Sim;Sim;NOVA VARZEA GRANDE;RUA MANAUS;MUNICIPAL;;ATENDIMENTOS NOS TURNOS DA MANHA E A TARDE;22;M;Não;Não;NAO;Não;Não;Não;Não;-15.657193069829079;-56.13805532455444;;2026-07-15
8419450;LOTUS POPULAR CLINIC;S T DE OLIVEIRA FIGUEIREDO;510840;Várzea Grande;Sim;Sim;CENTRO NORTE;RUA JAIME BENEVIDES;MUNICIPAL;;ATENDIMENTOS NOS TURNOS DA MANHA E A TARDE;22;M;Não;Não;NAO;Não;Não;Não;Não;-15.661180691981235;-56.13133907318115;65 9 9813 5980;2026-07-15
8433747;CLINICA ABC;CLINICA ABC LTDA;510840;Várzea Grande;Sim;Sim;CENTRO NORTE;RUA SALIN NADAF;MUNICIPAL;;ATENDIMENTO NOS TURNOS DA MANHA, TARDE E NOITE;36;M;;Não;NAO;;;;Não;-15.646676118152383;-56.13545894622803;65 99274-9041;2026-07-21
8443777;DROGARIA ULTRAPOPULAR;DROGARIA DMD LTDA;510840;Várzea Grande;Sim;Sim;CRISTO REI;RUA JORGE WITZAK;MUNICIPAL;;ATENDIMENTO NOS TURNOS DA MANHA, TARDE E NOITE;43;M;;Não;NAO;;;;Não;-15.65756497570258;-56.1265754699707;65 99392-7602;2026-07-28
8445931;RENASCER HOME CARE;RENASCER SERVICOS DE HOME CARE LTDA;510840;Várzea Grande;Sim;Sim;CANELAS;RUA ESPIRITO SANTO LOTE PT 01 E 02 QUADRA04;MUNICIPAL;;ATENDIMENTOS NOS TURNOS DA MANHA E A TARDE;77;M;;Não;NAO;;;;Não;-15.663825289668766;-56.13960027694702;6330280904;2026-07-28
8454337;FACIL ODONTO;FACIL ODONTO QUEIROZ E CARNEIRO LTDA;510840;Várzea Grande;Sim;Sim;CENTRO NORTE;AVENIDA FILINTO MULLER;MUNICIPAL;;ATENDIMENTOS NOS TURNOS DA MANHA E A TARDE;22;M;;Não;NAO;;;;Não;-15.654858311945079;-56.15103721618652;65 99675-0868;2026-07-28
8456100;CARDIUM INSTITUTO;INSTITUTO CARDIO MT LTDA;510840;Várzea Grande;Sim;Sim;CENTRO SUL;RUA RIO DE JANEIRO LOTE JD KATAGUAS;MUNICIPAL;;ATENDIMENTOS NOS TURNOS DA MANHA E A TARDE;36;M;;Não;NAO;;;;Não;-15.657461668583373;-56.13966464996338;65 99603-8185;2026-07-28
8457964;DROGARIA ULTRAPOPULAR;DROGARIA DMD LTDA;510840;Várzea Grande;Sim;Sim;CRISTO REI;RUA ARY PAES BARRETO;MUNICIPAL;;ATENDIMENTO NOS TURNOS DA MANHA, TARDE E NOITE;43;M;;Não;NAO;;;;Não;-15.647667916652214;-56.10374450683594;;2026-07-28
704644;ORTHUS FISIOTERAPIA PILATE E RPG;SHARLENE APARECIDA AMIKI DA SILVA;510840;Várzea Grande;Sim;Sim;NOVA VARZEA GRANDE;RUA MANAUS;MUNICIPAL;;ATENDIMENTOS NOS TURNOS DA MANHA E A TARDE;22;M;Não;Não;NAO;Não;Não;Não;Não;-15.6574843;-56.1378011;65 3058 2202;2025-09-03
726826;DENTE FELIZ;CLEIDIANE LEITE PEREIRA;510840;Várzea Grande;Sim;Sim;MANGA;DOM ORLANDO CHAVES;MUNICIPAL;;ATENDIMENTOS NOS TURNOS DA MANHA E A TARDE;22;M;Não;Não;NAO;Não;Não;Não;Não;-15.628767;-56.1116043;65 36858955;2025-09-03
735647;DENTECLIN I;CLINICA ODONTOLOGICA VARZEA GRANDE LTDA;510840;Várzea Grande;Sim;Sim;CENTRO;COUTO MAGALHAES;MUNICIPAL;;ATENDIMENTOS NOS TURNOS DA MANHA E A TARDE;22;M;Não;Não;NAO;Não;Não;Não;Sim;-15.640642573687728;-56.122026443481445;65 36821900;2025-09-03
758019;DENTECLIN II;CLINICA ODONTOLOGICA VARZEA GRANDE 2 LTDA;510840;Várzea Grande;Sim;Sim;CENTRO NORTE;COUTO MAGALHAES LOT CENTRO;MUNICIPAL;;ATENDIMENTOS NOS TURNOS DA MANHA E A TARDE;22;M;Não;Não;NAO;Não;Não;Não;Não;-15.647;-56.133;65 30271515;2025-09-03
9830855;TECNOLAB SERVICOS DE DIAGNOSTICO DE IMAGEM;TECNO X SERVICOS DE DIAGNOSTICO E IMAGEM LTDA;510840;Várzea Grande;Sim;Sim;CRISTO REI;AV DOM ORLANDO CHAVES;MUNICIPAL;;ATENDIMENTO CONTINUO DE 24 HORAS/DIA (PLANTAO:INCLUI SABADOS, DOMINGOS E FERIADOS);39;M;;Não;SIM;;;;Não;-15.628037677452173;-56.11140489578247;30262927;2025-09-03
777420;CENTRO DE ACOLHIMENTO COVID 19 IPASE;PREFEITURA MUNICIPAL DE VARZEA GRANDE;510840;Várzea Grande;Sim;Sim;CENTRO SUL;RUA PRESIDENTE EURICO GASTAR DUTRA;MUNICIPAL;;ATENDIMENTO CONTINUO DE 24 HORAS/DIA (PLANTAO:INCLUI SABADOS, DOMINGOS E FERIADOS);2;M;Não;Não;NAO;Não;Não;Não;Sim;-15.647;-56.133;;2025-09-03
778079;HABILITAMED;HABILITAMED PERICIAS MEDICAS LTDA;510840;Várzea Grande;Sim;Sim;CENTRO NORTE;COUTO MAGALHAES LOT CENTRO;MUNICIPAL;;ATENDIMENTOS NOS TURNOS DA MANHA E A TARDE;22;M;Não;Não;NAO;Não;Não;Não;Não;-15.6407008;-56.1221449;65 30287328;2025-09-03
5408458;CARLA DE MATOS;CARLA DE MATOS;510840;Várzea Grande;Sim;Sim;CENTRO;RUA BENEDITO MONTEIRO;MUNICIPAL;;ATENDIMENTO SOMENTE PELA MANHA;22;M;Não;Não;NAO;Não;Não;Não;Não;-15.646593468060345;-56.139482259750366;3682-2183;2025-09-03
811491;ORTHOFISIO;ANA CRISTINA DA SILVA CLINICA DE FISIOTERAPIA EIRELI;510840;Várzea Grande;Sim;Sim;PARQUE DO LAGO;JULIAO DE BRITO LOT MARINGA III;MUNICIPAL;;ATENDIMENTOS NOS TURNOS DA MANHA E A TARDE;22;M;Não;Não;NAO;Não;Não;Não;Não;-15.647;-56.133;65 92702996;2025-09-03
812919;CAMPI CENTRO DE ACOLHIMENTO SOCIAL;CAMPI RESIDENCIAL INCLUSIVO LTDA;510840;Várzea Grande;Sim;Sim;CENTRO SUL;GOVERNADOR FERNANDO CORREA LOT C SUL;MUNICIPAL;;ATENDIMENTOS NOS TURNOS DA MANHA E A TARDE;36;M;Não;Não;NAO;Não;Não;Não;Sim;-15.647017049429081;-56.133034229278564;51 30791287;2025-09-03
883735;ASSOCIACAO PARA TODOS VEREM;ASSOCIACAO PARA TODOS VEREM DE COMBATE A CEGUEIRA DE MATO GR;510840;Várzea Grande;Sim;Sim;CRISTO REI;ALVES DE OLIVEIRA LOT GOV J FRAGELLI;MUNICIPAL;;ATENDIMENTOS NOS TURNOS DA MANHA E A TARDE;22;M;Não;Não;NAO;Não;Não;Não;Não;-15.646975724456112;-56.133055686950684;65 30239909;2025-09-03
890472;PSICOMED;PSICOMED CLINICA DE PSICOLOGIA LTDA;510840;Várzea Grande;Sim;Sim;CENTRO NORTE;BENEDITO MONTEIRO LOT CENTRO;MUNICIPAL;;ATENDIMENTOS NOS TURNOS DA MANHA E A TARDE;22;M;Não;Não;NAO;Não;Não;Não;Não;-15.65126314590062;-56.128013134002686;65 92897273;2025-09-03
891207;DESAFIO PENIEL;DESAFIO JOVEM PENIEL;510840;Várzea Grande;Sim;Sim;JARDIM PAMPULHA;CARLOS GOMES;MUNICIPAL;;ATENDIMENTOS NOS TURNOS DA MANHA E A TARDE;22;M;Não;Não;NAO;Não;Não;Não;Não;-15.6766025;-56.1555021;;2026-01-23
896292;CENTRO ODONTOLOGICO DE VARZEA GRANDE TIPO 1;PREFEITURA MUNICIPAL DE VARZEA GRANDE MT;510840;Várzea Grande;Sim;Sim;CNETRO SUL;RUA 24 DEMAIO;MUNICIPAL;;ATENDIMENTOS NOS TURNOS DA MANHA E A TARDE;2;M;Não;Não;NAO;Não;Não;Não;Sim;-15.645581001722896;-56.13243341445923;65-3688-3633;2025-09-03
930385;SURGERY MT;SURGERY MT LTDA;510840;Várzea Grande;Sim;Sim;CENTRO SUL;CASTELO BRANCO LOT JD IMPERADOR;MUNICIPAL;;ATENDIMENTOS NOS TURNOS DA MANHA E A TARDE;36;M;Não;Não;NAO;Não;Não;Não;Sim;-15.646283529917792;-56.13110303878784;65 81231410;2025-09-03
52523;CLINICA AMOR SAUDE;LM NOSSA SENHORA APARECIDA SERVICOS ADMINISTRATIVOS EIRELI;510840;Várzea Grande;Sim;Sim;CENTRO SUL;PRESIDENTE ARTHUR BERNARDES;MUNICIPAL;;ATENDIMENTOS NOS TURNOS DA MANHA E A TARDE;22;M;Não;Não;NAO;Não;Não;Não;Não;-15.660684826104742;-56.12438678741455;65 36231000;2025-09-03
79952;POP EXAME;POP EXAME SERVICOS DE DIAGNOSTICOS LTDA;510840;Várzea Grande;Sim;Sim;CENTRO SUL;AV ALZIRA SANTANA;MUNICIPAL;;ATENDIMENTOS NOS TURNOS DA MANHA E A TARDE;39;M;;Não;NAO;;;;Não;-15.6678155;-56.1328385;65 99255 4862;2025-09-03
151017;USF SANTA ISABEL NEUZALINA FIGUEIREDO DE FREITAS;PREFEITURA MUNICIPAL DE VARZEA GRANDE;510840;Várzea Grande;Sim;Sim;SANTA ISABEL;RUA ABDALA JOSE DE ALMEIDA;MUNICIPAL;;ATENDIMENTOS NOS TURNOS DA MANHA E A TARDE;2;M;Não;Não;SIM;Não;Não;Não;Sim;-15.650806;-56.1730179;;2025-09-03
222992;HR ESTETICA;HELMA ROSA DE SOUZA SERVICOS FISIOTERAPIA E PILATES;510840;Várzea Grande;Sim;Sim;CRISTO REI;VEREADOR JORGE WITZAK LOT GOV J FRAGELLI;MUNICIPAL;;ATENDIMENTOS NOS TURNOS DA MANHA E A TARDE;22;M;Não;Não;NAO;Não;Não;Não;Não;-15.639320129213651;-56.10449552536011;65 84030143;2025-09-03
317217;USF CONSTRUMAT GONCALO GOMES DA SILVA;PREFEITURA MUNICIPAL DE VARZEA GRANDE;510840;Várzea Grande;Sim;Sim;PONTE NOVA;RUA ANTONIO LINO;MUNICIPAL;;ATENDIMENTOS NOS TURNOS DA MANHA E A TARDE;2;M;Não;Não;SIM;Não;Não;Não;Sim;-15.623522456215344;-56.104656457901;;2025-09-03
429724;BUCAIR BUCOMAXILOFACIAL;M R DA C BUCAIR;510840;Várzea Grande;Sim;Sim;PARQUE DO LAGO;UIRAPURU LOT PRQ LAGO;MUNICIPAL;;ATENDIMENTOS NOS TURNOS DA MANHA E A TARDE;22;M;Não;Não;NAO;Não;Não;Não;Sim;-15.64698089007819;-56.13295912742615;65 36859615;2025-09-03
447072;USF CABO MICHEL TEREZINHA MARIA DE CAMPOS KALIX;PREFEITURA MUNICIPAL DE VARZEA GRANDE;510840;Várzea Grande;Sim;Sim;COHAB CABO MICHEL;AVENIDA DOIS;MUNICIPAL;;ATENDIMENTOS NOS TURNOS DA MANHA E A TARDE;2;M;Não;Não;SIM;Não;Não;Não;Sim;-15.6707824;-56.1495809;;2025-09-03
993204;LABORSAN;LABORSAN ANALISES LABORATORIAIS LIMITADA;510840;Várzea Grande;Sim;Sim;CENTRO SUL;ALZIRA SANTANA LOT N V GRANDE;MUNICIPAL;;ATENDIMENTO CONTINUO DE 24 HORAS/DIA (PLANTAO:INCLUI SABADOS, DOMINGOS E FERIADOS);39;M;Não;Não;SIM;Não;Não;Não;Não;-15.646118229383092;-56.131510734558105;65 36241730;2025-09-03
1052403;THAIS GUIMARAES MARTINS;THAIS GUIMARAES MARTINS;510840;Várzea Grande;Sim;Sim;CENTRO SUL;ALZIRA SANTANA;MUNICIPAL;;ATENDIMENTO NOS TURNOS DA MANHA, TARDE E NOITE;22;M;Não;Não;NAO;Não;Não;Não;Não;-15.6674542;-56.1329811;65 999100922;2025-09-03
1125214;MICKELLY CRISTINA COSTA SANTOS;MICKELLY CRISTINA COSTA SANTOS;510840;Várzea Grande;Sim;Sim;MAPIM;RUA DO DNER;MUNICIPAL;;ATENDIMENTO NOS TURNOS DA MANHA, TARDE E NOITE;22;M;Não;Não;NAO;Não;Não;Não;Não;-15.658064;-56.144663;;2025-09-03
2390795;USF COHAB CRISTO REI;PREFEITURA MUNICIPAL DE VARZEA GRANDE;510840;Várzea Grande;Sim;Sim;COHAB CRISTO REI PQ;RUA PRESIDENTE CARDOSO JUNIOR;MUNICIPAL;;ATENDIMENTOS NOS TURNOS DA MANHA E A TARDE;2;M;Não;Não;SIM;Não;Não;Não;Sim;-15.6580014;-56.1005925;3691-2022/98443-1085;2025-09-03
2390809;USF NOSSA SENHORA DA GUIA;PREFEITURA MUNICIPAL DE VARZEA GRANDE;510840;Várzea Grande;Sim;Sim;NOSSA SENHORA DA GUI;ALZIRA SANTANA;MUNICIPAL;;ATENDIMENTOS NOS TURNOS DA MANHA E A TARDE;2;M;Não;Não;SIM;Não;Não;Não;Sim;-15.6752952;-56.1298636;3688-3094/98443-8839;2025-09-03
2390728;USF CRISTO REI VITOR MARQUES PEREIRA MALHEIROS;PREFEITURA MUNICIPAL DE VARZEA GRANDE;510840;Várzea Grande;Sim;Sim;CRISTO REI;AV DOM ORLANDO CHAVES;MUNICIPAL;;ATENDIMENTOS NOS TURNOS DA MANHA E A TARDE;2;M;Não;Não;SIM;Não;Não;Não;Sim;-15.6290887;-56.1117425;3688-3156/3199/3600;2025-09-03
2390736;USF JARDIM GLORIA MOACYR D LANNES;PREFEITURA MUNICIPAL DE VARZEA GRANDE;510840;Várzea Grande;Sim;Sim;JARDIM GLORIA II;RUA DA HARMONIA;MUNICIPAL;;ATENDIMENTOS NOS TURNOS DA MANHA E A TARDE;2;M;Não;Não;SIM;Não;Não;Não;Sim;-15.6040305;-56.1772661;(65)3688-3166/3610;2025-09-03
2390752;USF CAPAO GRANDE MARIA JOSE PEDROSA;PREFEITURA MUNICIPAL DE VARZEA GRANDE;510840;Várzea Grande;Sim;Sim;CAPAO GRANDE;AVENIDA LUIZ PEDRO DE LIMA;MUNICIPAL;;ATENDIMENTO SOMENTE PELA MANHA;2;M;Não;Não;SIM;Não;Não;Não;Sim;-15.703345547301094;-56.159963607788086;3692-4959/98439-7926;2025-09-03
2390779;USF AGUA VERMELHA CELESTINA GOMES COELHO;PREFEITURA MUNICIPAL DE VARZEA GRANDE;510840;Várzea Grande;Sim;Sim;AGUA VERMELHA;RUA VAZ DE CAMOES;MUNICIPAL;;ATENDIMENTOS NOS TURNOS DA MANHA E A TARDE;2;M;Não;Não;SIM;Não;Não;Não;Sim;-15.64899030717153;-56.149535179138184;3688-3164/98442-1959;2025-09-03
2390787;USF JARDIM IMPERIAL;PREFEITURA MUNICIPAL DE VARZEA GRANDE;510840;Várzea Grande;Sim;Sim;JARDIM IMPERIAL;AVENIDA Z QD 17;MUNICIPAL;;ATENDIMENTOS NOS TURNOS DA MANHA E A TARDE;2;M;Não;Não;SIM;Não;Não;Não;Sim;-15.64646949285967;-56.133055686950684;3682-9277/98442-9580;2025-09-03
2390817;USF AGUA LIMPA LAURENTINO PAULO DE CERQUEIRA;PREFEITURA MUNICIPAL DE VARZEA GRANDE;510840;Várzea Grande;Sim;Sim;AGUA LIMPA;RUA EDUARDO GOMES;MUNICIPAL;;ATENDIMENTOS NOS TURNOS DA MANHA E A TARDE;2;M;Não;Não;SIM;Não;Não;Não;Sim;-15.661056725624906;-56.12893581390381;3688-1888/98476-5665;2025-09-03
2390833;CES CENTRO ESPECIALIZADO EM SAUDE;PREFEITURA MUNICIPAL DE VARZEA GRANDE;510840;Várzea Grande;Sim;Sim;CENTRO SUL;RUA SAO PEDRO;MUNICIPAL;;ATENDIMENTOS NOS TURNOS DA MANHA E A TARDE;4;M;Não;Não;SIM;Não;Não;Não;Sim;-15.6514252;-56.1363421;3686-9100/98444-3497;2025-09-03
2391503;HOSPITAL SANTA RITA;SOCIEDADE HOSPITALAR NOSSA SENHORA DA GUIA LTDA;510840;Várzea Grande;Sim;Sim;NOVA VARZEA GRANDE;RUA SAO PAULO;MUNICIPAL;;ATENDIMENTO CONTINUO DE 24 HORAS/DIA (PLANTAO:INCLUI SABADOS, DOMINGOS E FERIADOS);5;M;Sim;Sim;NAO;Sim;Sim;Não;Sim;-15.656614548236576;-56.13872051239014;(65)3026-1400;2025-09-03
2391538;HOSPITAL SAO LUIZ;GUIMARAES DUARTE LTDA;510840;Várzea Grande;Sim;Sim;JARDIM GLORIA;AV GOVERNADOR JULIO CAMPOS;ESTADUAL;;ATENDIMENTO CONTINUO DE 24 HORAS/DIA (PLANTAO:INCLUI SABADOS, DOMINGOS E FERIADOS);5;E;Sim;Sim;NAO;Sim;Sim;Não;Sim;;;(65)3684-2000;2025-09-03
2391546;LABORATORIO DE ANALISES CLINICAS VITAL BRASIL;BENEDITO E AVANCO;510840;Várzea Grande;Sim;Sim;JARDIM GLORIA;AV GOVERNADOR JULIO CAMPOS;MUNICIPAL;;ATENDIMENTOS NOS TURNOS DA MANHA E A TARDE;39;M;Não;Não;NAO;Não;Não;Não;Não;-15.647048043153335;-56.13294839859009;(65)3684-8415;2025-09-03
2391570;HOSPITAL SAO LUCAS;FUNDACAO DE SAUDE COMUNITARIA DE VARZEA GRANDE;510840;Várzea Grande;Sim;Sim;NOVA VARZEA GRANDE;RUA ESPIRITO SANTO;MUNICIPAL;;ATENDIMENTO CONTINUO DE 24 HORAS/DIA (PLANTAO:INCLUI SABADOS, DOMINGOS E FERIADOS);5;M;Sim;Sim;SIM;Sim;Sim;Sim;Sim;-15.6583477;-56.1400371;(65)3686-2009;2025-09-03
2391597;LABORSAN;LABORSAN LABORATORIO SANTOS LTDA;510840;Várzea Grande;Sim;Sim;CRISTO REI;RUA VEREADOR JORGE WITZAK;MUNICIPAL;;ATENDIMENTOS NOS TURNOS DA MANHA E A TARDE;39;M;Não;Não;NAO;Não;Não;Não;Sim;-15.647;-56.133;(65)36852955;2025-09-03
2391600;HOSPITAL SAMARITANO;SOCIEDADE HOSPITALAR BENEFICIENTE SAMARITANO;510840;Várzea Grande;Sim;Sim;CRISTO REI;RUA JORGE WITZAK;ESTADUAL;;ATENDIMENTO CONTINUO DE 24 HORAS/DIA (PLANTAO:INCLUI SABADOS, DOMINGOS E FERIADOS);5;E;Sim;Sim;NAO;Sim;Sim;Sim;Sim;;;(65)06852000;2025-09-03
2391619;ECO X VARZEA GRANDE;FANZERES E MONTEIRO FORTES LTDA;510840;Várzea Grande;Sim;Sim;NOVA VARZEA GRANDE;RUA ESPIRITO SANTO;MUNICIPAL;;ATENDIMENTOS NOS TURNOS DA MANHA E A TARDE;39;M;Não;Não;NAO;Não;Não;Não;Sim;-15.6525173;-56.142493;3623-3068;2025-09-03
2391627;USF VEREADOR JOAO AVELINO BULHOES SAO MATHEUS II;PREFEITURA MUNICIPAL DE VARZEA GRANDE;510840;Várzea Grande;Sim;Sim;SAO MATHEUS;RUA 14;MUNICIPAL;;ATENDIMENTOS NOS TURNOS DA MANHA E A TARDE;2;M;Não;Não;SIM;Não;Não;Não;Sim;-15.6736585;-56.186068;3694-4636/98442-8325;2025-09-03
2391635;HOSPITAL E PRONTO SOCORRO MUNICIPAL DE VARZEA GRANDE;PREFEITURA MUNICIPAL DE VARZEA GRANDE;510840;Várzea Grande;Sim;Sim;CENTRO SUL;AVENIDA ALZIRA SANTANA;MUNICIPAL;;ATENDIMENTO CONTINUO DE 24 HORAS/DIA (PLANTAO:INCLUI SABADOS, DOMINGOS E FERIADOS);5;M;Sim;Sim;SIM;Sim;Sim;Sim;Sim;-15.6549822;-56.1380111;;2025-09-03
2569590;USF PARQUE DO LAGO DR LUCILO DE FREITAS MACEDO;PREFEITURA MUNICIPAL DE VARZEA GRANDE;510840;Várzea Grande;Sim;Sim;JARDIM MARINGA;AVENIDA JULIAO DE BRITO;MUNICIPAL;;ATENDIMENTO NOS TURNOS DA MANHA, TARDE E NOITE;2;M;Não;Não;SIM;Não;Não;Não;Sim;-15.662451342798036;-56.090537309646606;3691-5908/2633;2025-09-03
2699540;INEMATT INSTITUTO NEFROLOGICO LTDA;INEMATT INSTITUTO NEFROLOGICO LTDA;510840;Várzea Grande;Sim;Sim;NOVA VARZEA GRANDE;RUA ESPIRITO SANTO;DUPLA;;ATENDIMENTO NOS TURNOS DA MANHA, TARDE E NOITE;36;D;Não;Sim;SIM;Não;Não;Não;Sim;-15.654775665159674;-56.14230394363403;(65)3621-4060;2025-09-03
2699737;CER II CENTRO ESPECIALIZADO EM REABILITACAO;PREFEITURA MUNICIPAL DE VARZEA GRANDE;510840;Várzea Grande;Sim;Sim;PONTE NOVA;RUA PREFEITO NAPOLEAO JOSE DA COSTA;MUNICIPAL;;ATENDIMENTOS NOS TURNOS DA MANHA E A TARDE;36;M;Não;Não;SIM;Não;Não;Não;Sim;-15.62812033503686;-56.11658692359924;3685-8641/98441-3591;2026-03-20
2837390;DROGARIA MAIS VOCE;C F PEREIRA LEITE DROGARIA EIRELI;510840;Várzea Grande;Sim;Sim;JARDIM DOS ESTADOS;JULIO DOMINGOS DE CAMPOS LOT JD ESTADOS;MUNICIPAL;;ATENDIMENTO NOS TURNOS DA MANHA, TARDE E NOITE;43;M;Não;Não;NAO;Não;Não;Não;Não;-15.640394615999755;-56.16811752319336;65 36441417;2025-09-03
2844206;CLINICA DO BEN INTERVENCOES COMPORTAMENTAIS;TAYNA ISRAELA ALCANTERA MELO;510840;Várzea Grande;Sim;Sim;CENTRO SUL;RUA PARA;MUNICIPAL;;ATENDIMENTOS NOS TURNOS DA MANHA E A TARDE;36;M;Não;Não;NAO;Não;Não;Não;Não;-15.6930873;-56.1524522;(65)9948-2778;2025-09-03
2849666;DROGARIAS MAXI POPULAR;RIODROGAS COMERCIO DE PRODUTOS FARMACEUTICOS LTDA;510840;Várzea Grande;Sim;Sim;MARAJOARA;JULIO DOMINGOS DE CAMPOS LOT S SEBASTIAO;MUNICIPAL;;ATENDIMENTOS NOS TURNOS DA MANHA E A TARDE;43;M;Não;Não;NAO;Não;Não;Não;Não;-15.647;-56.133;65 36860881;2025-09-03
2884216;PSI INFANTIL WANESSA ABA;WANESSA LISBOA OCTAVE;510840;Várzea Grande;Sim;Sim;CANELAS;IPE AMARELO LOT PRQ O BRANCO;MUNICIPAL;;ATENDIMENTOS NOS TURNOS DA MANHA E A TARDE;22;M;Não;Não;NAO;Não;Não;Não;Não;-15.647;-56.133;65 93310358;2025-09-03
2895072;CARDIOCENTER MT SERVICOS CARDIOLOGICOS;CARDIOCENTER MT SERVICOS CARDIOLOGICOS LTDA;510840;Várzea Grande;Sim;Sim;CENTRO SUL;SAO PAULO LOT N V GRANDE;MUNICIPAL;;ATENDIMENTOS NOS TURNOS DA MANHA E A TARDE;22;M;Não;Não;NAO;Não;Não;Não;Não;-15.65801952640686;-56.14471793174744;65 36231000;2025-09-03
2898489;ZOONOSES;PREFEITURA MUNICIPAL DE VARZEA GRANDE;510840;Várzea Grande;Sim;Sim;PAIAGUAS;RUA 40;MUNICIPAL;;ATENDIMENTOS NOS TURNOS DA MANHA E A TARDE;50;M;;Não;NAO;;;;Não;-15.6747433;-56.1843729;;2025-09-03
2910322;CLINICA INCENTIVE DESENVOLVIMENTO HUMANO;CRISTIANE MACIEL DOS SANTOS GALINDO;510840;Várzea Grande;Sim;Sim;CENTRO NORTE;MARACANA LOT EMBAUVAL;MUNICIPAL;;ATENDIMENTOS NOS TURNOS DA MANHA E A TARDE;22;M;Não;Não;NAO;Não;Não;Não;Não;-15.658060849148033;-56.14457845687866;(65) 99618-7586;2025-10-17
2922487;LABORATORIO UNIMED CUIABA FILINTO MULLER;UNIMED CUIABA COOPERATIVA DE TRABALHO MEDICO;510840;Várzea Grande;Sim;Sim;CENTRO SUL;FILINTO MULLER LOT C SUL;MUNICIPAL;;ATENDIMENTOS NOS TURNOS DA MANHA E A TARDE;39;M;;Não;NAO;;;;Não;-15.647;-56.133;65 36123129;2025-09-03
2926539;LABORATORIO UNIMED CUIABA CRISTO REI;UNIMED CUIABA COOPERATIVA DE TRABALHO MEDICO;510840;Várzea Grande;Sim;Sim;PONTE NOVA;VEREADOR JORGE WITZAK LOT N SESI;MUNICIPAL;;ATENDIMENTOS NOS TURNOS DA MANHA E A TARDE;39;M;;Não;NAO;;;;Sim;-15.647;-56.133;65 36123129;2025-09-03
2928604;MATERNIDADE DR FRANCISCO LUSTOSA DE FIGUEIREDO;PREFEITURA MUNICIPAL DE VARZEA GRANDE;510840;Várzea Grande;Sim;Sim;NOVA VARZEA GRANDE;RUA ESPIRITO SANTO;MUNICIPAL;;ATENDIMENTO CONTINUO DE 24 HORAS/DIA (PLANTAO:INCLUI SABADOS, DOMINGOS E FERIADOS);5;M;Sim;Sim;SIM;Sim;Sim;Sim;Sim;-15.6902735;-56.1462731;;2025-09-03
2982323;R A VIDA E SAUDE LTDA;R A VIDA E SAUDE LTDA;510840;Várzea Grande;Sim;Sim;CENTRO SUL;SANTA GENOVEVA LOT JD AEROPORTO;MUNICIPAL;;ATENDIMENTOS NOS TURNOS DA MANHA E A TARDE;22;M;Não;Não;NAO;Não;Não;Não;Não;-15.663205465156524;-56.11764907836914;65 81090538;2025-09-03
2994623;SIMONE FARMACIA;SIMONE S DE GODOY;510840;Várzea Grande;Sim;Sim;PRIMAVERA;DOS IMIGRANTES;MUNICIPAL;;ATENDIMENTOS NOS TURNOS DA MANHA E A TARDE;43;M;;Não;NAO;;;;Não;-15.66502361172764;-56.18408203125;65 92031350;2025-09-03
3028038;CAPS III DE VARZEA GRANDE;PREFEITURA MUNICIPAL DE VARZEA GRANDE;510840;Várzea Grande;Sim;Sim;CENTRO SUL;RUA 24 DE MAIO;MUNICIPAL;;ATENDIMENTOS NOS TURNOS DA MANHA E A TARDE;70;M;Não;Não;SIM;Não;Não;Não;Sim;-15.649052294017354;-56.13462209701538;3688-3112/98442-8341;2025-09-03
3148513;CLINICA METROPOLITANA;HOSPITAL METROPOLITANO LTDA;510840;Várzea Grande;Sim;Sim;CENTRO;AVENIDA ALZIRA SANTANA;MUNICIPAL;;ATENDIMENTOS NOS TURNOS DA MANHA E A TARDE;39;M;Sim;Não;NAO;Sim;Não;Não;Sim;;;3682-0004;2025-09-03
3148521;CEICO I;CENTRO DE IMAGENOLOGIA DO CENTRO OESTE LTDA;510840;Várzea Grande;Sim;Sim;CENTRO SUL;SAO PAULO;MUNICIPAL;;ATENDIMENTOS NOS TURNOS DA MANHA E A TARDE;39;M;Não;Não;SIM;Não;Não;Não;Sim;-15.652268882275715;-56.14197134971619;065 3026 2878;2025-09-03
3182479;CEDAC CENTRO DE DIAGNOSTICO AUDITIVO DE CUIABA;CENTRO DE DIAGNOSTICO AUDITIVO DE CUIABA LTDA;510840;Várzea Grande;Sim;Sim;NOVA VARZEA GRANDE;AV SAO PAULO;ESTADUAL;;ATENDIMENTOS NOS TURNOS DA MANHA E A TARDE;39;E;Não;Não;NAO;Não;Não;Não;Sim;;;(65)3682-6070;2025-09-03
3252981;LABOCENTER;LABOCENTER EXAMES LABORATORIAIS LTDA;510840;Várzea Grande;Sim;Sim;NOVA VARZEA GRANDE;RUA ESPIRITO SANTO;MUNICIPAL;;ATENDIMENTOS NOS TURNOS DA MANHA E A TARDE;39;M;Não;Não;NAO;Não;Não;Não;Não;-15.6903045;-56.146257;;2025-09-03
3255344;LABORATORIO PRO EXAME;LABORATORIO PRO EXAME LTDA;510840;Várzea Grande;Sim;Sim;CENTRO SUL;RUA SAO PAULO LOT N V GRANDE;MUNICIPAL;;ATENDIMENTOS NOS TURNOS DA MANHA E A TARDE;39;M;Não;Não;NAO;Não;Não;Não;Não;-15.659093914962476;-56.14367723464966;(65)3686-1676;2026-06-23
3261913;CLINICA ODONTOLOGICA ENEIDA AMADO ME;ENEIDA AMADO;510840;Várzea Grande;Sim;Sim;CENTRO SUL;AVENIDA CASTELO;MUNICIPAL;;ATENDIMENTOS NOS TURNOS DA MANHA E A TARDE;22;M;Não;Não;NAO;Não;Não;Não;Sim;-15.647;-56.133;3682-8902;2025-09-03
3263126;BRASIL BRASILEIRO DA SILVA;BRASIL BRASILEIRO DA SILVA;510840;Várzea Grande;Sim;Sim;CENTRO NORTE;RUA MIGUEL LEITE;MUNICIPAL;;ATENDIMENTOS NOS TURNOS DA MANHA E A TARDE;22;M;Não;Não;NAO;Não;Não;Não;Sim;-15.6553504;-56.136238;3682-7520;2025-09-03
3284522;JOSE SEBASTIAO METELO;JOSE SEBASTIAO METELO;510840;Várzea Grande;Sim;Sim;NOVA VARZEA GRANDE;RUA PARA;MUNICIPAL;;ATENDIMENTOS NOS TURNOS DA MANHA E A TARDE;22;M;Não;Não;NAO;Não;Não;Não;Sim;-15.6554702;-56.1429734;(65)6862009;2025-09-03
3316505;USF VILA ARTHUR MARIA GALDINA DA SILVA;PREFEITURA MUNICIPAL DE VARZEA GRANDE;510840;Várzea Grande;Sim;Sim;VILA ARTHUR;RUA 07 DE SETEMBRO QD 26 LT 09;MUNICIPAL;;ATENDIMENTOS NOS TURNOS DA MANHA E A TARDE;2;M;Não;Não;SIM;Não;Não;Não;Sim;-15.647006718186624;-56.13517999649048;3684-9893/98443-3723;2025-09-03
3326721;USF UNIPARK MANOEL BERNARDO DE BARROS;PREFEITURA MUNICIPAL DE VARZEA GRANDE;510840;Várzea Grande;Sim;Sim;SANTA LUZIA;AVENIDA PREFEITO MURILO DOMINGOS;MUNICIPAL;;ATENDIMENTOS NOS TURNOS DA MANHA E A TARDE;2;M;Não;Não;SIM;Não;Não;Não;Sim;-15.675012798795661;-56.09299421310425;3691-4001/98444-1127;2025-09-03
3364798;CLINICA DO BEM;CLINICA DO BEN INTERVENCOES COMPORTAMENTAIS LTDA;510840;Várzea Grande;Sim;Sim;CENTRO SUL;PARA LOT N V GRANDE;MUNICIPAL;;ATENDIMENTOS NOS TURNOS DA MANHA E A TARDE;22;M;Não;Não;NAO;Não;Não;Não;Não;-15.646841418236296;-56.13294839859009;65 99482778;2025-09-19
3368831;RECOVERY CLINIC;RECOVERY CLINIC SERVICOS DE SAUDE LTDA;510840;Várzea Grande;Sim;Sim;JARDIM AEROPORTO;RUA GOV FERNANDO CORREA;MUNICIPAL;;ATENDIMENTOS NOS TURNOS DA MANHA E A TARDE;36;M;Não;Não;NAO;Não;Não;Não;Sim;-15.647;-56.133;3686-1279;2025-09-03
3461742;CDI CENTRO DIAGNOSTICO POR IMAGEM;CENTRO DE DIAGNOSTICO POR IMAGEM;510840;Várzea Grande;Sim;Sim;NOVA VARZEA GRANDE;RUA SAO PAULO;MUNICIPAL;;ATENDIMENTOS NOS TURNOS DA MANHA E A TARDE;39;M;Não;Não;NAO;Não;Não;Não;Sim;-15.6438085;-56.1246553;(65)3682-0300;2025-09-03
3589986;SERVICO DE ASSISTENCIA ESPECIALIZADA SAE CTA;PREFEITURA MUNICIPAL DE VARZEA GRANDE;510840;Várzea Grande;Sim;Sim;COSTA VERDE;RUA BENEDITO CURVO;MUNICIPAL;;ATENDIMENTOS NOS TURNOS DA MANHA E A TARDE;36;M;Não;Não;SIM;Não;Não;Não;Sim;-15.6831545;-56.1134354;3688-3646;2026-02-14
3590224;CAPS AD ALCOOL E DROGAS;PREFEITURA MUNICIPAL DE VARZEA GRANDE;510840;Várzea Grande;Sim;Sim;CENTRO SUL;TRAVESSA TEN BERNARDO MARKOSKI;MUNICIPAL;;ATENDIMENTO NOS TURNOS DA MANHA, TARDE E NOITE;70;M;Não;Não;SIM;Não;Não;Não;Sim;-15.667792122021359;-56.132776737213135;3688-3045/98444-1065;2025-09-03
3752003;UNIMAGEM VG;UNIDADE DE DIAGNOSTICO POR IMAGEM;510840;Várzea Grande;Sim;Sim;NOVA VARZEA GRANDE;RUA ALZIRA SANTANA;ESTADUAL;;ATENDIMENTOS NOS TURNOS DA MANHA E A TARDE;39;E;Não;Não;NAO;Não;Não;Não;Sim;;;3692-1559;2025-09-03
3752011;JULIANA MEDEIROS DE LIMA FRISON;JULIANA MEDEIROS DE LIMA FRISON;510840;Várzea Grande;Sim;Sim;CENTRO;RUA GOV PEDRO PEDROSSIAN;MUNICIPAL;;ATENDIMENTOS NOS TURNOS DA MANHA E A TARDE;22;M;Não;Não;NAO;Não;Não;Não;Sim;-15.653329341007419;-56.12764835357666;65-9203-4098;2025-09-03
3768287;CLINICA ALECRIM;CAMILA CIMADON CABRAL;510840;Várzea Grande;Sim;Sim;CENTRO NORTE;AV COUTO MAGALHAES;MUNICIPAL;;ATENDIMENTOS NOS TURNOS DA MANHA E A TARDE;22;M;Não;Não;NAO;Não;Não;Não;Não;-15.6483496;-56.1397388;65 9 9954 5133;2025-09-03
3895467;USF MANGA BINOCA MARIA DA COSTA;PREFEITURA MUNICIPAL DE VARZEA GRANDE;510840;Várzea Grande;Sim;Sim;MANGA;AVENIDA ARY PAES BARRETO;MUNICIPAL;;ATENDIMENTOS NOS TURNOS DA MANHA E A TARDE;2;M;Não;Não;SIM;Não;Não;Não;Sim;-15.6373787;-56.1112889;3688-3604/98442-1960;2025-09-03
3907368;SERVICO DE NEUROLOGIA E NEUROCIRURGIA CUIABA LTDA;SERVICO DE NEUROLOGIA E NEUROCIRURGIA CUIABA LTDA;510840;Várzea Grande;Sim;Sim;CENTRO;RUA BENEDITO MONTEIRO;MUNICIPAL;;ATENDIMENTOS NOS TURNOS DA MANHA E A TARDE;39;M;Não;Não;NAO;Não;Não;Não;Sim;-15.6465932;-56.1395102;(65)3682-2183;2025-09-03
4020820;APP SERVICOS MEDICOS;APP SERVICOS MEDICOS LTDA;510840;Várzea Grande;Sim;Sim;CENTRO NORTE;AVENIDA COUTO MAGALHAES;MUNICIPAL;;ATENDIMENTOS NOS TURNOS DA MANHA E A TARDE;22;M;Não;Não;NAO;Não;Não;Não;Sim;-15.6423711;-56.1235804;65 30237022;2025-09-03
4021401;ORIENTE AVALIACOES PSICOLOGICAS;ORIENTE AVALIACOES PSICOLOGICAS LTDA;510840;Várzea Grande;Sim;Sim;CENTRO NORTE;COUTO MAGALHAES LOT CENTRO;MUNICIPAL;;ATENDIMENTOS NOS TURNOS DA MANHA E A TARDE;22;M;Não;Não;NAO;Não;Não;Não;Não;-15.647492286018238;-56.135759353637695;65 99246801;2025-09-03
4022092;EDUARDO BARROS BARUKI CLINICA MEDICA;EBB CLINICA MEDICA LTDA;510840;Várzea Grande;Sim;Sim;CENTRO SUL;SAO PAULO LOT N V GRANDE;MUNICIPAL;;ATENDIMENTOS NOS TURNOS DA MANHA E A TARDE;39;M;Não;Não;NAO;Não;Não;Não;Não;-15.65801952640686;-56.144492626190186;65 30287328;2025-09-03
4025903;MEDCENTRO;MEDCENTRO SERVICOS MEDICOS LTDA;510840;Várzea Grande;Sim;Sim;CRISTO REI;WEIMAR TORRES LOT D SAVIO;MUNICIPAL;;ATENDIMENTOS NOS TURNOS DA MANHA E A TARDE;22;M;Não;Não;NAO;Não;Não;Não;Sim;-15.640683899939853;-56.10346555709839;66 99033363;2025-09-03
4062825;IRDESI;INSTITUTO RIOGRANDENSE DE DESENVOLVIMENTO SOCIAL INTEGRADO;510840;Várzea Grande;Sim;Sim;CENTRO SUL;GOVERNADOR FERNANDO CORREA LOT C SUL;MUNICIPAL;;ATENDIMENTOS NOS TURNOS DA MANHA E A TARDE;22;M;Não;Não;NAO;Não;Não;Não;Não;-15.646593468060345;-56.13264799118042;51 96661708;2025-09-03
4082397;CORACAO EM DIA;CLINICA DE CARDIOLOGIA CORACAO EM DIA LTDA;510840;Várzea Grande;Sim;Sim;CENTRO SUL;RIO DE JANEIRO LOT JD KATAGUAS;MUNICIPAL;;ATENDIMENTOS NOS TURNOS DA MANHA E A TARDE;22;M;Não;Não;NAO;Não;Não;Não;Sim;-15.646986055700134;-56.13284111022949;65 81635454;2025-09-03
4085086;DENSIMAT;UNIDADE DE DENSITOMETRIA OSSEA DE MATO GROSSO LTDA;510840;Várzea Grande;Sim;Sim;CENTRO NORTE;RUA MAMED UNTAR;MUNICIPAL;;ATENDIMENTOS NOS TURNOS DA MANHA E A TARDE;39;M;;Não;NAO;;;;Não;-15.647089368111697;-56.13309860229492;65-3624-4001;2025-09-03
4101790;SUPERA FISIOTERAPIA E PILATES;SUPERA FISIOTERAPIA E PILATES LTDA;510840;Várzea Grande;Sim;Sim;CENTRO SUL;FILINTO MULLER LOT C SUL;MUNICIPAL;;ATENDIMENTOS NOS TURNOS DA MANHA E A TARDE;22;M;Não;Não;NAO;Não;Não;Não;Não;-15.650767255968544;-56.14187479019165;65 93299697;2025-09-03
4105680;CENTRO DE TRATAMENTO AUREA;L R CARVALHO LTDA;510840;Várzea Grande;Sim;Sim;DISTRITO BONSUCESSO;PROJ;MUNICIPAL;;ATENDIMENTOS NOS TURNOS DA MANHA E A TARDE;39;M;Não;Não;NAO;Não;Não;Não;Não;-15.5878047;-56.1829068;65 96285979;2025-09-03
4179897;BRUNA PSICOLOGA;BRUNA C CORREA DA SILVA LTDA;510840;Várzea Grande;Sim;Sim;CENTRO SUL;DA INDEPENDENCIA LOT C SUL;MUNICIPAL;;ATENDIMENTOS NOS TURNOS DA MANHA E A TARDE;22;M;Não;Não;NAO;Não;Não;Não;Não;-15.646955061966494;-56.133034229278564;65 92813440;2025-09-03
4200861;CMO CENTRO MATOGROSSENSE DE OFTALMOLOGIA;CMO CENTRO MATOGROSSENSE DE OFTALMOLOGIA LTDA;510840;Várzea Grande;Sim;Sim;CENTRO SUL;AV CASTELO BRANCO;ESTADUAL;;ATENDIMENTOS NOS TURNOS DA MANHA E A TARDE;62;E;Sim;Sim;SIM;Sim;Não;Não;Sim;-15.6511309;-56.1312274;65 9 9603-0142;2026-07-21
4226577;VIDA SERVICOS FONOAUDIOLOGICO;VIDA ATENDIMENTO E SERVICOS FONOAUDIOLOGICO LTDA;510840;Várzea Grande;Sim;Sim;GLORIA;RUA CACERES LOT NUCLEO G AMP;MUNICIPAL;;ATENDIMENTOS NOS TURNOS DA MANHA E A TARDE;36;M;Não;Não;NAO;Não;Não;Não;Não;-15.647068705633565;-56.13316297531128;;2025-09-03
4257200;SAMU 192 CUIABA TRANSPORTE AEROMEDICO;SECRETARIA DE ESTADO DE SAUDE DE MATO GROSSO;510840;Várzea Grande;Sim;Sim;JARDIM AEROPORTO;AVENIDA JOAO PONCE DE ARRUDA;ESTADUAL;;ATENDIMENTOS NOS TURNOS DA MANHA E A TARDE;42;E;;Não;NAO;;;;Não;-15.650325246130613;-56.11976152928404;33173239;2025-09-03
4261577;ESPACO SENSORIAL TERAPEUTICO OCUPACIONAL VARZEA GRANDE;ESPACO SENSORIAL TERAPEUTICO OCUPACIONAL VARZEA GRANDE LTDA;510840;Várzea Grande;Sim;Sim;CENTRO;AVENIDA FILINTO MULLER;MUNICIPAL;;ATENDIMENTOS NOS TURNOS DA MANHA E A TARDE;22;M;Não;Não;NAO;Não;Não;Não;Não;-15.647048043153335;-56.1330771446228;65993081833;2025-09-03
4272900;ROMA SERVICOS MEDICOS;ROMA SERVICOS MEDICOS LTDA;510840;Várzea Grande;Sim;Sim;CENTRO SUL;RUA HERCILIO LUZ LOT JD AEROPORTO;MUNICIPAL;;ATENDIMENTOS NOS TURNOS DA MANHA E A TARDE;36;M;Não;Não;NAO;Não;Não;Não;Não;-15.647135858679883;-56.133753061294556;65 9 8477 7800;2025-09-03
4290828;HUMANIZE FONOAUDIOLOGIA;HUMANIZE FONOAUDIOLOGIA LTDA;510840;Várzea Grande;Sim;Sim;JARDIM DOS ESTADOS;RUA CEARA;MUNICIPAL;;ATENDIMENTOS NOS TURNOS DA MANHA E A TARDE;22;M;Não;Não;NAO;Não;Não;Não;Não;-15.6760136;-56.1450008;659 9318 5154;2025-09-03
4293479;HOSPITAL DE OLHOS DE VARZEA GRANDE;CLINICA E MICROCIRURGIA DE OLHOS LTDA;510840;Várzea Grande;Sim;Sim;CENTRO SUL;AVENIDA CASTELO BRANCO;MUNICIPAL;;ATENDIMENTOS NOS TURNOS DA MANHA E A TARDE;36;M;Sim;Sim;SIM;Sim;Não;Não;Sim;-15.6622957;-56.1322626;(65)30279999;2025-09-03
4296257;INAC INSTITUTO DE ANALISES CLINICAS LTDA;INAC INSTITUTO DE ANALISES CLINICAS LTDA ME;510840;Várzea Grande;Sim;Sim;CENTRO SUL;AVENIDA ALZIRA SANTANA;MUNICIPAL;;ATENDIMENTOS NOS TURNOS DA MANHA E A TARDE;39;M;Não;Não;NAO;Não;Não;Não;Não;-15.6783467;-56.128677;65 30581022;2025-09-03
4298756;VIMEDIC SERVICOS MEDICOS;VIMEDIC CONSULTORIO LTDA;510840;Várzea Grande;Sim;Sim;CRISTO REI;AV BRASIL RES A S CURVO;MUNICIPAL;;ATENDIMENTOS NOS TURNOS DA MANHA E A TARDE;22;M;Não;Não;NAO;Não;Não;Não;Não;-15.647048043153335;-56.13314151763916;65 9 9236 7086;2025-09-03
4304403;CLINICA FAROL INTERVENCOES COMPORTAMENTAIS;BRUNA P DA SILVA;510840;Várzea Grande;Sim;Sim;CENTRO SUL;RUA MINAS GERAIS;MUNICIPAL;;ATENDIMENTOS NOS TURNOS DA MANHA E A TARDE;22;M;Não;Não;NAO;Não;Não;Não;Não;-15.6459668;-56.0907234;65 3209 3555;2025-09-03
4306813;CLINICA QUINDOM;CLINICA INTERDISCIPLINAR ESPECIALIZADA EM ABA DIRECIONADA AO;510840;Várzea Grande;Sim;Sim;CENTRO;AVENIDA FILINTO MULLER;MUNICIPAL;;ATENDIMENTOS NOS TURNOS DA MANHA E A TARDE;22;M;Não;Não;NAO;Não;Não;Não;Não;-15.6512793;-56.1243607;65 3058 6318;2025-09-03
4313453;CLINICA VIVER;CLINICA VIVER LTDA;510840;Várzea Grande;Sim;Sim;CENTRO NORTE;AVENIDA COUTO MAGALHAES 1 ANDAR SALA 107 B;MUNICIPAL;;ATENDIMENTOS NOS TURNOS DA MANHA E A TARDE;22;M;Não;Não;NAO;Não;Não;Não;Não;-15.647399305033325;-56.13693952560425;65 9 9303 1060;2025-09-03
4345975;NUTRICIONISTA EMANUELY FRANCISCHINI;EMANUELY NAWALI E FRANCISCHINI NUTRICIONISTA;510840;Várzea Grande;Sim;Sim;CENTRO SUL;RUA MANAUS;MUNICIPAL;;ATENDIMENTOS NOS TURNOS DA MANHA E A TARDE;22;M;Não;Não;NAO;Não;Não;Não;Não;-15.6518264;-56.139577;65 9 9207 0403;2025-09-03
4356055;ANA CRISTINA DE MORAIS DIAS;ANA CRISTINA DE MORAIS DIAS;510840;Várzea Grande;Sim;Sim;JARDIM PAULA II;RUA MARECHAL MASCARENHAS DE MORAES;MUNICIPAL;;ATENDIMENTOS NOS TURNOS DA MANHA E A TARDE;22;M;Não;Não;NAO;Não;Não;Não;Não;-15.653206;-56.149562;65 9 9274 9041;2025-09-03
4375041;TOXIDNA DIAGNOSTICOS LABORATORIAIS;TOXIDNA DIAGNOSTICOS LABORATORIAIS LTDA;510840;Várzea Grande;Sim;Sim;CENTRO SUL;AVENIDA PRESIDENTE ARTHUR BERNARDES;MUNICIPAL;;ATENDIMENTOS NOS TURNOS DA MANHA E A TARDE;39;M;Não;Não;NAO;Não;Não;Não;Não;-15.659858380303698;-56.12334609031677;65 3026 2525;2025-09-03
4399595;UNICA PSICOLOGIA E INTERVENCAO ABA;SIMONI CASTANHO SAGIN;510840;Várzea Grande;Sim;Sim;CENTRO NORTE;RUA FENELON MULLER;MUNICIPAL;;ATENDIMENTOS NOS TURNOS DA MANHA E A TARDE;22;M;Não;Não;NAO;Não;Não;Não;Não;-15.6498261;-56.1358041;65- 9 9957-7976;2026-05-08
4412850;CLINICA DE SAUDE E ESPECIALIDADES MEDICAS;CLINICA DE SAUDE E ESPECIALIDADE MEDICAS LTDA;510840;Várzea Grande;Sim;Sim;CENTRO SUL;AV PRESIDENTE ARTHUR BERNARDES;MUNICIPAL;;ATENDIMENTOS NOS TURNOS DA MANHA E A TARDE;22;M;Não;Não;NAO;Não;Não;Não;Não;-15.656139332846541;-56.12232685089111;65 3333 3556;2025-09-03
4422112;REJANE CORREA SAUDE INTEGRADA E FISIOTERAPIA;REJANE FRANCA CORREA;510840;Várzea Grande;Sim;Sim;CANELAS;RUA SENADOR VERGUEIRO LOT JD PAULA II;MUNICIPAL;;ATENDIMENTOS NOS TURNOS DA MANHA E A TARDE;22;M;Não;Não;NAO;Não;Não;Não;Não;-15.664197183473615;-56.1496639251709;65 99246-2205;2026-04-02
4426436;RAIA DROGARIA;RAIA DROGARIA S A;510840;Várzea Grande;Sim;Sim;CENTRO SUL;AV ALZIRA SANTANA LOT JD N KANAA;MUNICIPAL;;ATENDIMENTOS NOS TURNOS DA MANHA E A TARDE;43;M;Não;Não;NAO;Não;Não;Não;Não;-15.647006718186624;-56.1330771446228;(11) 3769-5678;2025-09-03
4427580;NEIVA PSICOLOGA;TEREZINHA NEIVA PSICOLOGA LTDA;510840;Várzea Grande;Sim;Sim;CENTRO SUL;RUA DO LIVRAMENTO;MUNICIPAL;;ATENDIMENTOS NOS TURNOS DA MANHA E A TARDE;22;M;Não;Não;NAO;Não;Não;Não;Não;-15.650591627995931;-56.13185405731201;;2025-09-03
4475771;DROGARAIA DS1904;RAIA DROGASIL S A;510840;Várzea Grande;Sim;Sim;PONTE NOVA;RUA VEREADOR JORGE WITZAK LOT N SESI;MUNICIPAL;;ATENDIMENTO CONTINUO DE 24 HORAS/DIA (PLANTAO:INCLUI SABADOS, DOMINGOS E FERIADOS);43;M;Não;Não;NAO;Não;Não;Não;Não;-15.63941311387003;-56.104291677474976;65 99678 9540;2025-09-03
4477618;CARDIOINTERV SERVICOS DE CARDIOLOGIA INTERVENCIONISTA;INSTITUTO DE TRATAMENTO ENDOVASCULAR LTDA;510840;Várzea Grande;Sim;Sim;CENTR SUL;RUA SAO PEDRO LOT NOVA VARZEA GRANDE;MUNICIPAL;;ATENDIMENTOS NOS TURNOS DA MANHA E A TARDE;39;M;Sim;Não;NAO;Sim;Não;Não;Sim;-15.647027380671016;-56.13306641578674;(65) 996290737;2025-09-03
4546032;DROGARIA SAO PAULO 2518 COUTO MAGALHAES;DROGARIA SAO PAULO S A;510840;Várzea Grande;Sim;Sim;CENTRO NORTE;AVENIDA COUTO MAGALHAES;MUNICIPAL;;ATENDIMENTO NOS TURNOS DA MANHA, TARDE E NOITE;43;M;Não;Não;NAO;Não;Não;Não;Sim;-15.647605929386845;-56.136746406555176;11 2389 3101;2025-09-03
4626435;USF PASTOR JOSE GERARDO DOS ANJOS MARINGA I;MUNICIPIO DE VARZEA GRANDE;510840;Várzea Grande;Sim;Sim;JARDIM MARINGA;RUA SOL NASCENTE;MUNICIPAL;;ATENDIMENTOS NOS TURNOS DA MANHA E A TARDE;2;M;Não;Não;SIM;Não;Não;Não;Sim;-15.6721551;-56.0857356;65 9 8475 7161;2025-09-03
4639049;CENTERBOP;CENTRO DE PROMOCOES HUMANAS BOM PASTOR MT;510840;Várzea Grande;Sim;Sim;CAPAO DO PEQUI;RUA DEMOCRACIA;MUNICIPAL;;ATENDIMENTOS NOS TURNOS DA MANHA E A TARDE;36;M;Não;Não;NAO;Não;Não;Não;Não;-15.7191617;-56.1389416;65 9 984097495;2025-09-03
4672259;EQUILIBRIO AVALIACAO PSICOLOGICA;EQUILIBRIO AVALIACAO PSICOLOGICA LTDA;510840;Várzea Grande;Sim;Sim;CENTRO NORTE;RUA FENELON MULLER;MUNICIPAL;;ATENDIMENTOS NOS TURNOS DA MANHA E A TARDE;22;M;Não;Não;NAO;Não;Não;Não;Não;-15.6498261;-56.1358041;66 9 9662 4220;2025-09-03
4674006;SAMU 192 VARZEA GRANDE USB GMAU 02 MOTO 2;SECRETARIA ESTADUAL DE SAUDE DE MATO GROSSO;510840;Várzea Grande;Sim;Sim;MANGA;AVENIDA DA FEB;ESTADUAL;;ATENDIMENTOS NOS TURNOS DA MANHA E A TARDE;42;E;;Não;NAO;;;;Sim;-15.633214299582265;-56.117425984658375;(65) 3317-3200;2026-06-02
4687760;COMUNIQUE DESENVOLVIMENTO INFANTIL ESPECIALIZADA EM ABA;COMUNIQUE TERAPIA ESPECIALIZADA LTDA;510840;Várzea Grande;Sim;Sim;PONTE NOVA;AVENIDA DOM ORLANDO CHAVES;MUNICIPAL;;ATENDIMENTOS NOS TURNOS DA MANHA E A TARDE;22;M;Não;Não;NAO;Não;Não;Não;Não;-15.6271885;-56.1117871;65 9 9233 2772;2025-09-03
4700198;FISIOATIVA;FISIOATIVA SERVICOS DE FISIOTERAPIA LTDA;510840;Várzea Grande;Sim;Sim;SAO GONCALO;RUA NORONHA DOS SANTOS;MUNICIPAL;;ATENDIMENTOS NOS TURNOS DA MANHA E A TARDE;22;M;Não;Não;NAO;Não;Não;Não;Não;-15.6749586;-56.1326893;65 9 9283 5780;2025-09-03
4732685;DIAGNOSTICOS DA AMERICA;DIAGNOSTICOS DA AMERICA SA;510840;Várzea Grande;Sim;Sim;CENTRO SUL;AVENIDA FILINTO MULLER;MUNICIPAL;;ATENDIMENTOS NOS TURNOS DA MANHA E A TARDE;39;M;Não;Não;NAO;Não;Não;Não;Não;-15.6495379;-56.1281593;;2025-09-03
4734661;DESPERTARE;A P DA S ARAUJO;510840;Várzea Grande;Sim;Sim;PARQUE DO LAGO;FRANCISCO F DE ARRUDA QD 20 C 02;MUNICIPAL;;ATENDIMENTOS NOS TURNOS DA MANHA E A TARDE;22;M;Não;Não;NAO;Não;Não;Não;Não;-15.656511240637064;-56.0892391204834;65 9 9296 8878;2025-09-03
4743954;UNIVERSO ENCANTADO REABILITACAO E NEURODESENVOLVIMENTO;GEOVANA M DOS SANTOS;510840;Várzea Grande;Sim;Sim;MARAJOARA;RUA CAPITAO ALBERTO AGUIAR;MUNICIPAL;;ATENDIMENTOS NOS TURNOS DA MANHA E A TARDE;22;M;Não;Não;NAO;Não;Não;Não;Não;-15.65810217188086;-56.144256591796875;65 9 9976 3524;2025-09-03
4757459;DROGASIL DS0721;RAIA DROGASIL S A;510840;Várzea Grande;Sim;Sim;CENTRO;AVENIDA COUTO MAGALHAES;MUNICIPAL;;ATENDIMENTO NOS TURNOS DA MANHA, TARDE E NOITE;43;M;;Não;NAO;;;;Não;-15.646537;-56.1302006;65 9 9957 0374;2025-09-03
4757793;FUNDACAO NOVA SUICA;FUNDACAO ESPIRITA RACHELE STEINGRUBER;510840;Várzea Grande;Sim;Sim;JARDIM POTIGUAR;RUA BENEDITA BERNARDINA CURVO;MUNICIPAL;;ATENDIMENTO NOS TURNOS DA MANHA, TARDE E NOITE;61;M;Não;Não;NAO;Não;Não;Não;Sim;-15.631798563783093;-56.12361431121826;65 3686 2209;2026-02-14
4765028;DIAGNOSTICOS DA AMERICA II;DIAGNOSTICOS DA AMERICA S A;510840;Várzea Grande;Sim;Sim;PONTE NOVA;RUA VEREADOR JORGE WITZAK;MUNICIPAL;;ATENDIMENTOS NOS TURNOS DA MANHA E A TARDE;39;M;Não;Não;NAO;Não;Não;Não;Não;-15.6383218;-56.1031638;;2025-09-03
4773748;UNIDADE AVANCADA SANTA ROSA;HOSPITAL DE MEDICINA ESPECIALIDA SA;510840;Várzea Grande;Sim;Sim;CENTRO SUL;AVENIDA PRESIDENTE ARTHUR BERNARDES;MUNICIPAL;;ATENDIMENTO CONTINUO DE 24 HORAS/DIA (PLANTAO:INCLUI SABADOS, DOMINGOS E FERIADOS);20;M;Não;Não;NAO;Não;Não;Não;Sim;-15.658064;-56.144663;65 3618 8000;2025-09-03
4793757;LIFE SAVER;LIFE SAVER LTDA;510840;Várzea Grande;Sim;Sim;CENTRO SUL;RUA NAPOLEAO JOSE DA COSTA;MUNICIPAL;;ATENDIMENTOS NOS TURNOS DA MANHA E A TARDE;22;M;Não;Não;NAO;Não;Não;Não;Não;-15.650767255968544;-56.137497425079346;;2025-09-03
4805410;OLHAR PREV CLINICAS OFTALMOLOGICAS;OLHAR PREV CLINICAS OFTALMOLOGICAS LTDA;510840;Várzea Grande;Sim;Sim;CENTRO SUL;RUA DO LIVRAMENTO;MUNICIPAL;;ATENDIMENTOS NOS TURNOS DA MANHA E A TARDE;22;M;Não;Não;NAO;Não;Não;Não;Não;-15.65047282075247;-56.131736040115356;;2025-09-03
4827015;INOVACOR;CENTRO INTEGRADO DE DIAGNOSTICO E TRATAMENTO DE DOENCAS CARD;510840;Várzea Grande;Sim;Sim;CENTRO SUL;RUA SAO PAULO;MUNICIPAL;;ATENDIMENTOS NOS TURNOS DA MANHA E A TARDE;36;M;Não;Não;NAO;Não;Não;Não;Não;-15.6941937;-56.1522569;65 9 9967 8867;2025-09-03
4828801;DROGARIA SAO PAULO 2547 VG ARTHUR BERNARDES;DROGARIA SAO PAULO S A;510840;Várzea Grande;Sim;Sim;CENTRO SUL;AVENIDA PRESIDENTE ARTHUR BERNARDES;MUNICIPAL;;ATENDIMENTO NOS TURNOS DA MANHA, TARDE E NOITE;43;M;Não;Não;NAO;Não;Não;Não;Sim;-15.655064928762403;-56.122541427612305;11 2389 3101;2025-09-03
4858883;AMEDCLIN MEDICINA DIAGNOSTICA;AMEDCLIN MEDICINA DIAGNOSTICA LTDA;510840;Várzea Grande;Sim;Sim;PETROPOLIS;RODOVIA MARIO ANDREAZZA;MUNICIPAL;;ATENDIMENTOS NOS TURNOS DA MANHA E A TARDE;75;M;Não;Não;SIM;Não;Não;Não;Não;-15.6186219;-56.1776162;65 9 9668 1074;2025-09-03
4872142;INTER CLINICA DE PSICOLOGIA E NEUROPSICOLOGIA INTEGRADA;INTER CLINICA DE PSICOLOGIA E NEUROPSICOLOGIA INTEGRADA LTDA;510840;Várzea Grande;Sim;Sim;CRISTO REI;R ARY PAES BARRETO;MUNICIPAL;;ATENDIMENTOS NOS TURNOS DA MANHA E A TARDE;22;M;Não;Não;NAO;Não;Não;Não;Não;-15.6338314;-56.1148489;65 9 9611 3002;2025-09-03
4898842;DROGARIA SAO PAULO 2524 ALZIRA SANTANA;DROGARIA SAO PAULO S A;510840;Várzea Grande;Sim;Sim;CENTRO SUL;AVENIDA ALZIRA SANTANA;MUNICIPAL;;ATENDIMENTO NOS TURNOS DA MANHA, TARDE E NOITE;43;M;Não;Não;NAO;Não;Não;Não;Não;-15.6513373;-56.1394467;11 2389-3101;2025-09-03
4901207;CLINICA OFTALMOLOGICA SANTA RITA;CLINICA OFTALMOLOGICA SANTA RITA LTDA;510840;Várzea Grande;Sim;Sim;CENTRO SUL;RUA SAO PAULO;MUNICIPAL;;ATENDIMENTOS NOS TURNOS DA MANHA E A TARDE;36;M;Não;Não;NAO;Não;Não;Não;Não;-15.6518154;-56.14147931622726;;2025-09-03
4924134;CLINICA EMANA AMOR;CLINICA EMANA AMOR INSTITUTO DE TERAPIAS MULTIDISCIPLINARE;510840;Várzea Grande;Sim;Sim;JD PETROPOLIS;RUA DESEMBARGADOR SIMAO AURELINO DE BARROS FILHO;MUNICIPAL;;ATENDIMENTOS NOS TURNOS DA MANHA E A TARDE;22;M;Não;Não;NAO;Não;Não;Não;Não;-15.658081510515489;-56.14459991455078;65 992919382;2025-09-03
4941950;LAR E SAUDE ASSISTENCIA DOMICILIAR;HOME AND HEALTH SERVICOS DE SAUDE LTDA;510840;Várzea Grande;Sim;Sim;CENTRO SUL;RUA DOM JOAO VI;MUNICIPAL;;ATENDIMENTO CONTINUO DE 24 HORAS/DIA (PLANTAO:INCLUI SABADOS, DOMINGOS E FERIADOS);77;M;Não;Não;NAO;Não;Não;Não;Não;-15.660404338212128;-56.1294902478076;;2025-09-03
4973402;LABORSAN ANALISES LABORATORIAIS;LABORSAN ANALISES LABORATORIAIS LIMITADA;510840;Várzea Grande;Sim;Sim;CRISTO REI;AV DOM ORLANDO CHAVES;MUNICIPAL;;ATENDIMENTO NOS TURNOS DA MANHA, TARDE E NOITE;39;M;Não;Não;SIM;Não;Não;Não;Não;-15.632137829130615;-56.10937487683436;65 9 8121 3156;2025-09-03
5019567;DIETA PERSONALIZADA;MARIELZA PEREIRA MORAES;510840;Várzea Grande;Sim;Sim;JARDIM PLANALTO IPIR;RUA PRESIDENTE ARTHUR BERNARDES;MUNICIPAL;;ATENDIMENTOS NOS TURNOS DA MANHA E A TARDE;22;M;Não;Não;NAO;Não;Não;Não;Não;-15.5891545;-56.1082774;3686-6532/9971-6180;2025-09-03
5019850;INSTITUTO DO CORACAO E PULMAO;INSTITUTO DE CLINICAS MEDICAS LTDA;510840;Várzea Grande;Sim;Sim;JARDIM AEROPORTO;RUA CLOVIS HUGUINEI;MUNICIPAL;;ATENDIMENTOS NOS TURNOS DA MANHA E A TARDE;39;M;Não;Não;NAO;Não;Não;Não;Não;-15.657089762521926;-56.1216402053833;(65)3026-7576 / 3682-7576;2025-09-03
5028094;CEDILAB AEROPORTO;DIAGNOSTICOS DA AMERICA S A;510840;Várzea Grande;Sim;Sim;CENTRO;RUA CLOVIS HUGNEY;MUNICIPAL;;ATENDIMENTOS NOS TURNOS DA MANHA E A TARDE;39;M;Não;Não;NAO;Não;Não;Não;Sim;;;65-3682-3459;2025-09-03
5160626;CLINICA PRONTIL;FRATARI TAVARES SOUZA LTDA;510840;Várzea Grande;Sim;Sim;NOVA VARZEA GRANDE;AVENIDA SAO PAULO;MUNICIPAL;;ATENDIMENTO SOMENTE PELA MANHA;22;M;Não;Não;NAO;Não;Não;Não;Não;-15.647;-56.133;3686-3954;2025-09-03
5200687;CLINICA AUREA PLENUS;ROSANGELA BORGES SANTANA PINTO ME;510840;Várzea Grande;Sim;Sim;VILA IPASE;RUA PRESIDENTE EPITACIO PESSOA;MUNICIPAL;;ATENDIMENTOS NOS TURNOS DA MANHA E A TARDE;22;M;Não;Não;NAO;Não;Não;Não;Não;-15.6693849;-56.1208684;3686-5706;2025-09-03
5200695;YALILE ESTHER ELJACK DE ALBA;YALILE ESTHER ELJACK DE ALBA;510840;Várzea Grande;Sim;Sim;NOVA VARZEA GRANDE;RUA SAO PAULO;MUNICIPAL;;ATENDIMENTO SOMENTE A TARDE;22;M;Não;Não;NAO;Não;Não;Não;Não;-15.6564905791109;-56.13796949386597;3692-1237;2025-09-03
5216265;ERIKA REIS MAGALHAES;ERIKA REIS MAGALHAES;510840;Várzea Grande;Sim;Sim;CENTRO SUL;AVENIDA CASTELO BRANCO CENTRO EMPRESARIAL;MUNICIPAL;;ATENDIMENTOS NOS TURNOS DA MANHA E A TARDE;22;M;Não;Não;NAO;Não;Não;Não;Sim;-15.646758768211036;-56.133763790130615;3682-5010;2025-09-03
5216400;MARIA DE FATIMA GONCALVES CARVALHO;MARIA DE FATIMA GONCALVES CARVALHO;510840;Várzea Grande;Sim;Sim;CENTRO;RUA BENEDITO MONTEIRO;MUNICIPAL;;ATENDIMENTO SOMENTE PELA MANHA;22;M;Não;Não;NAO;Não;Não;Não;Não;-15.649713485870544;-56.1456298828125;3682-3224;2025-09-03
5216443;PAULO AUGUSTO KINCHESKI;PAULO AUGUSTO KINCHESKI;510840;Várzea Grande;Sim;Sim;NOVA VARZEA GRANDE;RUA ESPIRITO SANTO;MUNICIPAL;;ATENDIMENTO SOMENTE A TARDE;22;M;Não;Não;NAO;Não;Não;Não;Não;-15.65873234252133;-56.14015817642212;3686-2009;2025-09-03
5244293;RITA NEY DUARTE;RITA NEY DUARTE;510840;Várzea Grande;Sim;Sim;CENTRO;AV FILINTO MULLER;MUNICIPAL;;ATENDIMENTOS NOS TURNOS DA MANHA E A TARDE;22;M;Não;Não;NAO;Não;Não;Não;Não;-15.647729903898778;-56.13183259963989;;2025-09-03
5250722;LUIZ CARLOS DE ARRUDA;LUIZ CARLOS DE ARRUDA;510840;Várzea Grande;Sim;Sim;NOVA VARZEA GRANDE;RUA SAO PAULO;MUNICIPAL;;ATENDIMENTO SOMENTE A TARDE;22;M;Não;Não;NAO;Não;Não;Não;Não;-15.656036025006888;-56.139020919799805;3686-3044;2025-09-03
5298091;ANTONIO CARLOS JUNIOR MASSARIOLI DA SILVA;ANTONIO CARLOS JUNIOR MASSARIOLI DA SILVA;510840;Várzea Grande;Sim;Sim;CENTRO;AVENIDA COUTO MAGALHAES;MUNICIPAL;;ATENDIMENTOS NOS TURNOS DA MANHA E A TARDE;22;M;Não;Não;NAO;Não;Não;Não;Sim;-15.6448593;-56.1264075;65-3026-3254;2025-09-03
5298105;MARCIA REGINA FALCAO DE ARRUDA CARMONA;MARCIA REGINA FALCAO DE ARRUDA CARMONA;510840;Várzea Grande;Sim;Sim;CENTRO;RUA JOAO NORBERTO DE BARROS;MUNICIPAL;;ATENDIMENTOS NOS TURNOS DA MANHA E A TARDE;22;M;Não;Não;NAO;Não;Não;Não;Sim;-15.647378642586489;-56.133506298065186;65-3684-1178;2025-09-03
5301963;ANTONIETA COSTA CLINICA DE ESPECIALIDADES EM PSICOTERAPIAS;ANTONIETA DA COSTA LEMES;510840;Várzea Grande;Sim;Sim;CRISTO REI;AVENIDA BRASIL;MUNICIPAL;;ATENDIMENTOS NOS TURNOS DA MANHA E A TARDE;22;M;Não;Não;NAO;Não;Não;Não;Não;-15.652089626448573;-56.14082336425781;65 9 9289 1851;2025-09-03
5311632;FARMACIA POPULAR DO BRASIL CENTRO VG;PREFEITURA MUNICIPAL DE VARZEA GRANDE;510840;Várzea Grande;Sim;Sim;CENTRO;RUA FENELON MULLER;MUNICIPAL;;ATENDIMENTOS NOS TURNOS DA MANHA E A TARDE;43;M;;Não;NAO;;;;Não;-15.6496189;-56.1360535;(65)3688-3117;2025-09-03
5315395;UNIDADE MOVEL VARZEA GRANDE;PREFEITURA MUNICIPAL DE VARZEA GRANDE;510840;Várzea Grande;Sim;Sim;VILA IPASE;AVENIDA PRES ARTHUR BERNARDES;DUPLA;;ATENDIMENTOS NOS TURNOS DA MANHA E A TARDE;40;D;;Não;NAO;;;;Não;;;65-3688-3007;2025-09-03
5332494;ARITUSA LEITE NOBREGA;ARITUSA LEITE NOBREGA;510840;Várzea Grande;Sim;Sim;CENTRO;AVENIDA COUTO MAGALHAES;MUNICIPAL;;ATENDIMENTOS NOS TURNOS DA MANHA E A TARDE;22;M;Não;Não;NAO;Não;Não;Não;Sim;-15.626901132280242;-56.08104228973389;3682-6070;2025-09-03
5332532;CAROLINA FERNANDES PAPAZIAN;CAROLINA FERNANDES PAPAZIAN;510840;Várzea Grande;Sim;Sim;CENTRO SUL;AVENIDA CASTELO BRANCO;MUNICIPAL;;ATENDIMENTOS NOS TURNOS DA MANHA E A TARDE;22;M;Não;Não;NAO;Não;Não;Não;Sim;-15.6581426;-56.1318707;3682-4218;2025-09-03
5332540;FABRICIO MARTINS DE ARAUJO;FABRICIO MARTINS DE ARAUJO;510840;Várzea Grande;Sim;Sim;NOVA VARZEA GRANDE;RUA ALZIRA SANTANA;MUNICIPAL;;ATENDIMENTOS NOS TURNOS DA MANHA E A TARDE;22;M;Não;Não;NAO;Não;Não;Não;Sim;-15.653267355457988;-56.13863468170166;65-3682-8881;2025-09-03
5332567;PEDRO CARLOS FRANCESCHINI FILHO;PEDRO CARLOS FRANCESCHINI FILHO;510840;Várzea Grande;Sim;Sim;CRISTO REI;RUA ARY PAES BARRETO;MUNICIPAL;;ATENDIMENTOS NOS TURNOS DA MANHA E A TARDE;22;M;Não;Não;NAO;Não;Não;Não;Sim;-15.646965393211572;-56.13292694091797;3685-2455;2025-09-03
5354374;AUGUSTO CESAR DA MOTA MENEZES;AUGUSTO CESAR DA MOTA MENEZES;510840;Várzea Grande;Sim;Sim;CENTRO SUL;RUA ESPIRITO SANTO;MUNICIPAL;;ATENDIMENTO SOMENTE PELA MANHA;22;M;Não;Não;NAO;Não;Não;Não;Não;-15.658412092110757;-56.140007972717285;3686-2009;2025-09-03
5354390;ERLICE ROSALIA VUADEN;ERLICE ROSALIA VUADEN;510840;Várzea Grande;Sim;Sim;CRISTO REI;RUA ARI PAES BARRETO;MUNICIPAL;;ATENDIMENTOS NOS TURNOS DA MANHA E A TARDE;22;M;Não;Não;NAO;Não;Não;Não;Sim;;;3026-2500;2025-09-03
5354412;FRANCISCO NUNES DE OLIVEIRA;FRANCISCO NUNES DE OLIVEIRA;510840;Várzea Grande;Sim;Sim;PARQUE DO LAGO;RUA GALERA QUADRA 37;MUNICIPAL;;ATENDIMENTO SOMENTE PELA MANHA;22;M;Não;Não;NAO;Não;Não;Não;Não;-15.665767394298184;-56.0932731628418;;2025-09-03
5354439;JOSE ARMANDO COSTA JUNIOR;JOSE ARMANDO COSTA JUNIOR;510840;Várzea Grande;Sim;Sim;CRISTO REI;RUA ARY PAES BARRETO;MUNICIPAL;;ATENDIMENTOS NOS TURNOS DA MANHA E A TARDE;22;M;Não;Não;NAO;Não;Não;Não;Sim;-15.64832911298053;-56.103572845458984;;2025-09-19
5354463;JULIANDRA PACHECO E SILVA;JULIANDRA PACHECO E SILVA;510840;Várzea Grande;Sim;Sim;CENTRO;RUA BENEDITO MONTEIRO;MUNICIPAL;;ATENDIMENTOS NOS TURNOS DA MANHA E A TARDE;22;M;Não;Não;NAO;Não;Não;Não;Sim;-15.646758768211036;-56.13990068435669;;2025-09-03
5354552;LETICIA MARQUES DE SIQUEIRA;LETICIA MARQUES DE SIQUEIRA;510840;Várzea Grande;Sim;Sim;CENTRO SUL;RUA 24 DE MAIO;MUNICIPAL;;ATENDIMENTOS NOS TURNOS DA MANHA E A TARDE;22;M;Não;Não;NAO;Não;Não;Não;Sim;-15.646531480469404;-56.13271236419678;;2025-09-03
5354617;LUCIANA BAUTZ DA SILVA IBANEZ;LUCIANA BAUTZ DA SILVA IBANEZ;510840;Várzea Grande;Sim;Sim;CENTRO;AVENIDA COUTO MAGALHAES ED LARISSA GALDINO;MUNICIPAL;;ATENDIMENTOS NOS TURNOS DA MANHA E A TARDE;22;M;Não;Não;NAO;Não;Não;Não;Sim;-15.647048043153335;-56.13292694091797;;2025-09-03
5354692;MONICA TAKESAWA;MONICA TAKESAWA;510840;Várzea Grande;Sim;Sim;CENTRO NORTE;AVENIDA COUTO MAGALHAES;MUNICIPAL;;ATENDIMENTOS NOS TURNOS DA MANHA E A TARDE;22;M;Não;Não;NAO;Não;Não;Não;Sim;-15.644444553946965;-56.12760543823242;;2025-09-03
5354714;USF JARDIM MARAJOARA DRA ARMINDA GUIMARAES SATO;PREFEITURA MUNICIPAL DE VARZEA GRANDE;510840;Várzea Grande;Sim;Sim;JARDIM MARAJOARA;RUA GOV GENERAL MALLET;MUNICIPAL;;ATENDIMENTO NOS TURNOS DA MANHA, TARDE E NOITE;2;M;Não;Não;SIM;Não;Não;Não;Sim;-15.658432753442707;-56.16888999938965;(65)3688-3169/3167;2025-09-03
5354765;SONYA LUCIA NUNES;SONYA LUCIA NUNES;510840;Várzea Grande;Sim;Sim;CENTRO SUL;AVENIDA CASTELO BRANCO;MUNICIPAL;;ATENDIMENTOS NOS TURNOS DA MANHA E A TARDE;22;M;Não;Não;NAO;Não;Não;Não;Sim;-15.64797785269723;-56.130802631378174;;2025-09-03
5354781;VANESSA PERGHER;VANESSA PERGHER;510840;Várzea Grande;Sim;Sim;NOVA VARZEA GRANDE;AVENIDA ALZIRA SANTANA;MUNICIPAL;;ATENDIMENTOS NOS TURNOS DA MANHA E A TARDE;22;M;Não;Não;NAO;Não;Não;Não;Não;-15.667502876432364;-56.13288402557373;65-3686-1673;2025-09-03
5354803;VANIA DE OLIVEIRA E RAINHO CUNHA;VANIA DE OLIVEIRA E RAINHO CUNHA;510840;Várzea Grande;Sim;Sim;CRISTO REI;RUA ARY PAES BARRETO;MUNICIPAL;;ATENDIMENTOS NOS TURNOS DA MANHA E A TARDE;22;M;Não;Não;NAO;Não;Não;Não;Não;;;;2025-09-03
5455006;BRANDELERO;EVELIN BRANDELERO LTDA;510840;Várzea Grande;Sim;Sim;PONTE NOVA;RUA ENG FRANCISCO RODRIGUES PEREIRA;MUNICIPAL;;ATENDIMENTO NOS TURNOS DA MANHA, TARDE E NOITE;22;M;Não;Não;NAO;Não;Não;Não;Não;-15.657957542279426;-56.14464282989502;65 9 9966 6049;2025-09-03
5491606;ILTON JOSE SARAGIOTTO;ILTON JOSE SARAGIOTTO;510840;Várzea Grande;Sim;Sim;NOVA VARZEA GRANDE;AVENIDA SAO PAULO;MUNICIPAL;;ATENDIMENTO SOMENTE PELA MANHA;22;M;Não;Não;NAO;Não;Não;Não;Não;-15.647027380671016;-56.132798194885254;;2025-09-03
5491622;RAFAEL CUBEL ZURIAGA JUNIOR;RAFAEL CUBEL ZURIAGA JUNIOR;510840;Várzea Grande;Sim;Sim;NOVA VARZEA GRANDE;AVENIDA SAO PAULO;MUNICIPAL;;ATENDIMENTOS NOS TURNOS DA MANHA E A TARDE;22;M;Não;Não;NAO;Não;Não;Não;Não;-15.655891393943662;-56.138978004455566;(65)3686-7075;2025-09-03
5491703;SECRETARIA MUNICIPAL DE SAUDE DE VARZEA GRANDE;PREFEITURA MUNICIPAL DE VARZEA GRANDE;510840;Várzea Grande;Sim;Sim;PONTE NOVA;AVENIDA DA FEB;MUNICIPAL;;ATENDIMENTOS NOS TURNOS DA MANHA E A TARDE;68;M;Não;Não;SIM;Não;Não;Não;Não;-15.624783008542003;-56.111276149749756;(65)3688-8132/8120;2025-09-03
5499291;CESAR TAUJI TAKANO;CESAR TAUJI TAKANO;510840;Várzea Grande;Sim;Sim;NOVA VARZEA GRANDE;AVENIDA SAO PAULO;MUNICIPAL;;ATENDIMENTO SOMENTE PELA MANHA;22;M;Não;Não;NAO;Não;Não;Não;Não;-15.649527525877879;-56.135029792785645;;2025-09-03
5509300;AMOR SAUDE VARZEA GRANDE MT;CLINICA NOSSA SENHORA VARZEA GRANDE LTDA;510840;Várzea Grande;Sim;Sim;MARAJOARA;AV JULIO DOMINGOS DE CAMPOS;MUNICIPAL;;ATENDIMENTOS NOS TURNOS DA MANHA E A TARDE;22;M;Não;Não;NAO;Não;Não;Não;Não;-15.658226140029202;-56.14466428756714;65 3364 7798;2025-09-03
5568188;DENTE LIFE;DENTE LIFE CLINICA ODONTOLOGICA LTDA;510840;Várzea Grande;Sim;Sim;JARDIM DOS ESTADOS;RUA MINAS GERAIS;MUNICIPAL;;ATENDIMENTOS NOS TURNOS DA MANHA E A TARDE;22;M;Não;Não;NAO;Não;Não;Não;Não;-15.6391078;-56.1743417;65 9 9669 6900;2025-09-03
5629950;ODONTOLOGIA ESPECIALIZADA;CLINICA ONDONTOLOGICA RB LTDA;510840;Várzea Grande;Sim;Sim;PAIAGUAS;RUA EMILIA JACINTA NETO;MUNICIPAL;;ATENDIMENTOS NOS TURNOS DA MANHA E A TARDE;22;M;Não;Não;NAO;Não;Não;Não;Sim;-15.6675518;-56.1685152;65 9 9979 2445;2025-09-03
5632005;CLINICA AUDITY;AUDITY SOLUCOES EM SERVICOS DE SAUDE LTDA;510840;Várzea Grande;Sim;Sim;CENTRO SUL;RUA DO LIVRAMENTO;MUNICIPAL;;ATENDIMENTOS NOS TURNOS DA MANHA E A TARDE;22;M;Não;Não;NAO;Não;Não;Não;Não;-15.6556946;-56.1329739;65 9 9811 0306;2025-09-03
5646766;PASSARINHO CLINICA MULTIDISCIPLINAR;PASSARINHO CLINICA MULTIDISCIPLINAR LTDA;510840;Várzea Grande;Sim;Sim;MARAJOARA;RUA BOROROS LOT JD MARAJOARA II;MUNICIPAL;;ATENDIMENTOS NOS TURNOS DA MANHA E A TARDE;22;M;Não;Não;NAO;Não;Não;Não;Não;-15.65804018777849;-56.144750118255615;65 99340 4166;2025-09-03
5654211;CLINIPREV;CLINIPREV CONSULTORIOS MEDICOS LTDA;510840;Várzea Grande;Sim;Sim;CENTRO SUL;RUA DO LIVRAMENTO;MUNICIPAL;;ATENDIMENTOS NOS TURNOS DA MANHA E A TARDE;39;M;Não;Não;NAO;Não;Não;Não;Sim;-15.6541522;-56.1330312;(65)3688-7400;2025-09-03
5678013;CLINICA DE OLHOS;CLINICA E MICROCIRURGIA DE OLHOS LTDA;510840;Várzea Grande;Sim;Sim;AGUA LIMPA;AVENIDA CASTELO BRANCO;MUNICIPAL;;ATENDIMENTOS NOS TURNOS DA MANHA E A TARDE;36;M;Não;Não;SIM;Não;Não;Não;Sim;-15.6511309;-56.1312274;(65)3682-7373;2026-07-15
5707471;JULIANA RIBEIRO DE OLIVEIRA KOLLING;JULIANA RIBEIRO DE OLIVEIRA KOLLING;510840;Várzea Grande;Sim;Sim;JARDIM GLORIA II;RUA IARA;MUNICIPAL;;ATENDIMENTOS NOS TURNOS DA MANHA E A TARDE;22;M;Não;Não;NAO;Não;Não;Não;Sim;-15.6773899;-56.0972597;65-3684-7730;2025-09-03
5790239;BEM ESTAR CLINICA;JOEL ACELINO BISPO DA COSTA;510840;Várzea Grande;Sim;Sim;VILA IPASE CENTRO;AV PRESIDENTE ARTHUR BERNARDES;MUNICIPAL;;ATENDIMENTOS NOS TURNOS DA MANHA E A TARDE;22;M;Não;Não;NAO;Não;Não;Não;Não;-15.658701350568036;-56.12262725830078;65 9 9271 8585;2025-09-03
5830745;CAPITAL HOME SAUDE;CAPITAL FISIO HOME CARE LTDA;510840;Várzea Grande;Sim;Sim;CENTRO SUL;RITA DE ALMEIDA MONTEIRO ANTIGA DA INDEPENDENCIA;MUNICIPAL;;ATENDIMENTOS NOS TURNOS DA MANHA E A TARDE;77;M;;Não;NAO;;;;Não;-15.657916219517364;-56.14457845687866;65 92770504;2025-09-03
5933927;EXACOR EXAMES DO CORACAO;AMELIA ELIAS NEHME EXAMES CARDIOLOGICOS;510840;Várzea Grande;Sim;Sim;JARDIM AEROPORTO;RUA CLOVIS HUGNEY;MUNICIPAL;;ATENDIMENTOS NOS TURNOS DA MANHA E A TARDE;39;M;Não;Não;NAO;Não;Não;Não;Não;-15.647048043153335;-56.13312005996704;65-3026-7576;2025-09-03
6010563;CEDIEN;CENTRO DE DIAGNOSTICO ENDOSCOPICO LTDA;510840;Várzea Grande;Sim;Sim;CENTRO;RUA CLOVIS HUGNEY;MUNICIPAL;;ATENDIMENTOS NOS TURNOS DA MANHA E A TARDE;39;M;Não;Não;NAO;Não;Não;Não;Não;-15.646676118152383;-56.13393545150757;65-3026-7576;2025-09-03
6010571;CENTRO INTEGRADO DA MULHER CIM;PREFEITURA MUNICIPAL DE VARZEA GRANDE;510840;Várzea Grande;Sim;Sim;CENTRO SUL;RUA SAO PEDRO;MUNICIPAL;;ATENDIMENTOS NOS TURNOS DA MANHA E A TARDE;36;M;Não;Não;SIM;Não;Não;Não;Sim;-15.651676386592126;-56.135995388031006;3692-4580;2025-09-03
6010598;OTOMED;OTOMED CLINICA MEDICA LTDA;510840;Várzea Grande;Sim;Sim;NOVA VARZEA GRANDE;RUA SAO PAULO;MUNICIPAL;;ATENDIMENTOS NOS TURNOS DA MANHA E A TARDE;39;M;Não;Não;NAO;Não;Não;Não;Não;-15.6566239;-56.1390373;65-3028-2589;2025-09-03
6024785;PNEUMOVIDA;ER FIGUEIREDO DE ARRUDA;510840;Várzea Grande;Sim;Sim;NOVA VARZEA GRANDE;RUA SAO PAULO;MUNICIPAL;;ATENDIMENTOS NOS TURNOS DA MANHA E A TARDE;39;M;Não;Não;NAO;Não;Não;Não;Não;;;65-3686-2335;2025-09-03
6085466;ENEIDA AMADO;ENEIDA AMADO;510840;Várzea Grande;Sim;Sim;CENTRO SUL;AVENIDA CASTELO BRANCO;MUNICIPAL;;ATENDIMENTOS NOS TURNOS DA MANHA E A TARDE;22;M;Não;Não;NAO;Não;Não;Não;Não;;;3682-8902;2025-09-03
6085474;MARIA ENIR FRANCISCA COELHO;MARIA ENIR FRANCISCA COELHO ME;510840;Várzea Grande;Sim;Sim;CENTRO;RUA BENEDITO MONTEIRO;MUNICIPAL;;ATENDIMENTOS NOS TURNOS DA MANHA E A TARDE;22;M;Não;Não;NAO;Não;Não;Não;Não;-15.6465932;-56.1395102;3682-2183;2025-09-03
6085482;MARIO FAVALESSA;MARIO FAVALESSA;510840;Várzea Grande;Sim;Sim;NOVA VARZEA GRANDE;RUA SAO PAULO;MUNICIPAL;;ATENDIMENTOS NOS TURNOS DA MANHA E A TARDE;22;M;Não;Não;NAO;Não;Não;Não;Não;-15.656573225203035;-56.13940715789795;;2025-09-03
6085490;RAMILSON BENEDITO FERRAZ DA COSTA;RAMILSON BENEDITO FERRAZ DA COSTA;510840;Várzea Grande;Sim;Sim;CRISTO REI;RUA ANTONIO JACOB;MUNICIPAL;;ATENDIMENTO SOMENTE A TARDE;22;M;Não;Não;NAO;Não;Não;Não;Não;-15.6298544;-56.1101809;3685-6854;2026-01-13
6100570;JAQUELINE BEBER GUIMARAES;JAQUELINE BEBER GUIMARAES;510840;Várzea Grande;Sim;Sim;JARDIM AEROPORTO;AVENIDA FILINTO MULLER;MUNICIPAL;;ATENDIMENTOS NOS TURNOS DA MANHA E A TARDE;22;M;Não;Não;NAO;Não;Não;Não;Não;-15.64828778827263;-56.13159656524658;;2025-09-03
6100627;ROBERTO AKIRA SATO;ROBERTO AKIRA SATO;510840;Várzea Grande;Sim;Sim;CENTRO;AVENIDA FILINTO MULLER;MUNICIPAL;;ATENDIMENTOS NOS TURNOS DA MANHA E A TARDE;22;M;Não;Não;NAO;Não;Não;Não;Não;-15.64820513883178;-56.13146781921387;3682-2351;2025-09-03
6100635;WALACE SANTOS GUIMARAES;WALACE SANTOS GUIMARAES;510840;Várzea Grande;Sim;Sim;NOVA VARZEA GRANDE;RUA ESPIRITO SANTO;MUNICIPAL;;ATENDIMENTOS NOS TURNOS DA MANHA E A TARDE;22;M;Não;Não;NAO;Não;Não;Não;Não;-15.6583477;-56.1400371;;2025-09-03
6100678;WALDIR BENTO DA COSTA;WALDIR BENTO DA COSTA;510840;Várzea Grande;Sim;Sim;NOVA VARZEA GRANDE;RUA SAO PAULO;MUNICIPAL;;ATENDIMENTOS NOS TURNOS DA MANHA E A TARDE;22;M;Não;Não;NAO;Não;Não;Não;Não;;;;2025-09-03
6150268;CLINICA ACQUAFISIO;CLINICA ACQUAFISIO LTDA EPP;510840;Várzea Grande;Sim;Sim;NOVA VARZEA GRANDE;RUA ESPIRITO SANTO;MUNICIPAL;;ATENDIMENTOS NOS TURNOS DA MANHA E A TARDE;39;M;Não;Não;NAO;Não;Não;Não;Sim;-15.6583477;-56.1400371;65-3026-6174;2025-09-03
6152481;CARLOS ROBERTO DA SILVA;CARLOS ROBERTO DA SILVA;510840;Várzea Grande;Sim;Sim;NOVA VARZEA GRANDE;RUA ESPIRITO SANTO;MUNICIPAL;;ATENDIMENTO SOMENTE A TARDE;22;M;Não;Não;NAO;Não;Não;Não;Não;-15.658360438771739;-56.14006161689758;;2025-09-03
6152503;CEMEDIC;CLINICA DE ESPECIALIDADES MEDICAS LTDA;510840;Várzea Grande;Sim;Sim;CENTRO;RUA BENEDITO MONTEIRO;MUNICIPAL;;ATENDIMENTOS NOS TURNOS DA MANHA E A TARDE;39;M;Não;Não;NAO;Não;Não;Não;Não;-15.646567639899747;-56.139519810676575;65-3682-2183/1244;2025-09-03
6152511;JOSE EDELCIO VANZELLA;JOSE EDELCIO VANZELLA;510840;Várzea Grande;Sim;Sim;NOVA VARZEA GRANDE;RUA SAO PAULO;MUNICIPAL;;ATENDIMENTOS NOS TURNOS DA MANHA E A TARDE;22;M;Não;Não;NAO;Não;Não;Não;Não;-15.656469917582635;-56.13917112350464;;2025-09-03
6152554;MIGUEL ANGEL FERRIER CUELLAR;MIGUEL ANGEL FERRIER CUELLAR;510840;Várzea Grande;Sim;Sim;JARDIM GLORIA I;AVENIDA JULIO CAMPOS;MUNICIPAL;;ATENDIMENTOS NOS TURNOS DA MANHA E A TARDE;22;M;Não;Não;NAO;Não;Não;Não;Não;-15.647;-56.133;3684-2000;2025-09-03
6152562;MOACYR DE LANNES;MOACYR DE LANNES;510840;Várzea Grande;Sim;Sim;NOVA VARZEA GRANDE;RUA ESPIRITO SANTO;MUNICIPAL;;ATENDIMENTOS NOS TURNOS DA MANHA E A TARDE;22;M;Não;Não;NAO;Não;Não;Não;Não;-15.658432753442707;-56.13985776901245;65-3686-2009;2025-09-03
6213502;FISIOLIFE;FISIOLIFE CLINICA DE FISIOTERAPIA E REABILITACAO LTDA;510840;Várzea Grande;Sim;Sim;CENTRO;24 DE MAIO;MUNICIPAL;;ATENDIMENTOS NOS TURNOS DA MANHA E A TARDE;36;M;Não;Não;NAO;Não;Não;Não;Não;-15.6490265;-56.1346234;;2025-09-03
6213510;JOSE OLIVEIRA DOS SANTOS;JOSE OLIVEIRA DOS SANTOS;510840;Várzea Grande;Sim;Sim;CENTRO;AVENIDA FILINTO MULLER;MUNICIPAL;;ATENDIMENTOS NOS TURNOS DA MANHA E A TARDE;22;M;Não;Não;NAO;Não;Não;Não;Não;-15.648907658014547;-56.12910747528076;65-3682-3161;2025-09-03
6249876;CLINICA BETONI;CLINICA ODONTOLOGICA BETONI LTDA ME;510840;Várzea Grande;Sim;Sim;CENTRO;AV CASTELO BRANCO;MUNICIPAL;;ATENDIMENTOS NOS TURNOS DA MANHA E A TARDE;22;M;Não;Não;NAO;Não;Não;Não;Sim;-15.6480612;-56.1309072;(65)3682-3457;2025-09-03
6300502;AMBULATORIO ATENCAO ESPEC REGIONALIZADO EM HANSENIASE AAER;PREFEITURA MUNICIPAL DE VARZEA GRANDE;510840;Várzea Grande;Sim;Sim;CENTRO SUL;RUA SAO PEDRO;MUNICIPAL;;ATENDIMENTOS NOS TURNOS DA MANHA E A TARDE;36;M;Não;Não;SIM;Não;Não;Não;Sim;-15.651655724577388;-56.13590955734253;;2025-09-03
6319807;CENTRO EQUESTRE DE EQUOTERAPIA DE VARZEA GRANDE;CENTRO EQUESTRE DE VARZEA GRANDE;510840;Várzea Grande;Sim;Sim;CRISTO REI;AVENIDA 31 DE MARCO;MUNICIPAL;;ATENDIMENTOS NOS TURNOS DA MANHA E A TARDE;39;M;Não;Não;NAO;Não;Não;Não;Não;-15.6526583;-56.1049755;65-3685-1120;2025-09-03
6385389;CLINICA ESPECIALIZADA EM OFTALMOLOGIA VARZEA GRANDE;CLINICA ESPECIALIZADA EM OFTALMOLOGIA MOHN MACIEL;510840;Várzea Grande;Sim;Sim;CENTRO;AVENIDA COUTO MAGALHAES;MUNICIPAL;;ATENDIMENTOS NOS TURNOS DA MANHA E A TARDE;22;M;Não;Não;NAO;Não;Não;Não;Não;-15.626873;-56.0808952;(65)3029-5353;2025-09-03
6400302;OLAVO DORILEO VIEIRA;OLAVO DORILEO VIEIRA;510840;Várzea Grande;Sim;Sim;LOTEAMENTO VILA SADI;RUA CAPITAO BERNARDES;MUNICIPAL;;ATENDIMENTOS NOS TURNOS DA MANHA E A TARDE;22;M;Não;Não;NAO;Não;Não;Não;Não;-15.637005830823206;-56.136789321899414;65-9981-3728;2025-09-03
6420176;DENSIMAGEM VG;ELE MARIA KUHN;510840;Várzea Grande;Sim;Sim;CENTRO;COUTO MAGALHAES;MUNICIPAL;;ATENDIMENTOS NOS TURNOS DA MANHA E A TARDE;39;M;Não;Não;NAO;Não;Não;Não;Sim;-15.6489106;-56.1472406;65 36820300;2025-09-03
6446949;LABORATORIO MUNICIPAL DE VARZEA GRANDE LAMU;PREFEITURA MUNICIPAL DE VARZEA GRANDE;510840;Várzea Grande;Sim;Sim;IPASE;AVENIDA PRESIDENTE ARTHUR BERNARDES;MUNICIPAL;;ATENDIMENTOS NOS TURNOS DA MANHA E A TARDE;39;M;Não;Não;SIM;Não;Não;Não;Não;;;65-3688-3027;2025-09-03
6451853;LABOR ZAN;A ZANUTTO;510840;Várzea Grande;Sim;Sim;MAPIM;AVENIDA MATO GROSSO;MUNICIPAL;;ATENDIMENTOS NOS TURNOS DA MANHA E A TARDE;39;M;;Não;NAO;;;;Não;-15.5892892;-56.0965643;65-3694-5987;2025-09-03
6453457;USF AURILIA SALES CURVO JD UNIAO;PREFEITURA MUNICIPAL DE VARZEA GRANDE;510840;Várzea Grande;Sim;Sim;CRISTO REI;RUA DAS AVENCAS;MUNICIPAL;;ATENDIMENTOS NOS TURNOS DA MANHA E A TARDE;2;M;Não;Não;SIM;Não;Não;Não;Sim;-15.6457082;-56.0847192;65 3623 - 1525;2025-09-03
6507905;MICAELA JIOVANA DELGADILLO VARGAS;MICAELA JIOVANA DELGADILLO VARGAS;510840;Várzea Grande;Sim;Sim;NOVA VARZEA GRANDE;RUA SAO PAULO;MUNICIPAL;;ATENDIMENTOS NOS TURNOS DA MANHA E A TARDE;22;M;Não;Não;NAO;Não;Não;Não;Não;-15.656531902161145;-56.13906383514404;3026-1444;2025-09-03
6537146;CLINICA LA VITA;K DE SOUZA OLIVEIRA E CIA LTDA;510840;Várzea Grande;Sim;Sim;JARDIM AEROPORTO;AVENIDA FILINTO MULLER;MUNICIPAL;;ATENDIMENTOS NOS TURNOS DA MANHA E A TARDE;22;M;Não;Não;NAO;Não;Não;Não;Não;;;65-3682-2351;2025-09-03
6566871;KENIA VILELA DE SOUZA;KENIA VILELA DE SOUZA;510840;Várzea Grande;Sim;Sim;CENTRO;AVENIDA COUTO MAGALHAES;MUNICIPAL;;ATENDIMENTOS NOS TURNOS DA MANHA E A TARDE;22;M;Não;Não;NAO;Não;Não;Não;Não;-15.64832911298053;-56.14133834838867;65-3682-8986;2025-09-03
6566987;FARMACIA POPULAR DO BRASIL CRISTO REI VG;PREFEITURA MUNICIPAL DE VARZEA GRANDE;510840;Várzea Grande;Sim;Sim;CRISTO REI;RUA MANOEL VARGAS;MUNICIPAL;;ATENDIMENTOS NOS TURNOS DA MANHA E A TARDE;43;M;;Não;NAO;;;;Não;-15.6442473;-56.1038606;65-3688-3159;2025-09-03
6567010;JANINE NAZARETH DE ARRUDA;JANINE NAZARETH DE ARRUDA;510840;Várzea Grande;Sim;Sim;JARDIM AEROPORTO;RUA CLOVIS HUGNEY;MUNICIPAL;;ATENDIMENTO SOMENTE A TARDE;22;M;Não;Não;NAO;Não;Não;Não;Não;-15.647;-56.133;65-3026-7577;2025-09-03
6598048;CAPS INFANTO JUVENIL;PREFEITURA MUNICIPAL DE VARZEA GRANDE;510840;Várzea Grande;Sim;Sim;VILA IPASE;RUA PRESIDENTE PRUDENTE DE MORAES;MUNICIPAL;;ATENDIMENTOS NOS TURNOS DA MANHA E A TARDE;70;M;Não;Não;SIM;Não;Não;Não;Não;-15.66027418626507;-56.12582713365555;3688-3046/98443-1164;2025-09-03
6598447;SUZE APARECIDA RODRIGUES MENEGUETI;SUZE APARECIDA RODRIGUES MENEGUETI;510840;Várzea Grande;Sim;Sim;CENTRO SUL;RUA DA INDEPENDENCIA;MUNICIPAL;;ATENDIMENTOS NOS TURNOS DA MANHA E A TARDE;22;M;Não;Não;NAO;Não;Não;Não;Não;-15.648928320306924;-56.132519245147705;65-3682-4876;2025-09-03
6719368;NOBEL ODONTOLOGIA ESPECIALIZADA;ANDREIA GARCIA MOURA YASSUDA;510840;Várzea Grande;Sim;Sim;CENTRO;AVENIDA FILINTO MULLER;MUNICIPAL;;ATENDIMENTOS NOS TURNOS DA MANHA E A TARDE;22;M;Não;Não;NAO;Não;Não;Não;Sim;-15.6481856;-56.1316781;(65)3026-3000;2025-09-03
6740774;ELIANE SOLANGE DE SOUZA PIRES;ELIANE SOLANGE DE SOUZA PIRES ME;510840;Várzea Grande;Sim;Sim;CENTRO;RUA SALIM NADAF;MUNICIPAL;;ATENDIMENTO SOMENTE A TARDE;22;M;Não;Não;NAO;Não;Não;Não;Não;-15.647295992778297;-56.13309860229492;65-3029-2377;2025-09-03
6756158;CLINICA MEDICA FEMME;CLINICA MEDICA FEMME LTDA ME;510840;Várzea Grande;Sim;Sim;NOVA VARZEA GRANDE;RUA SAO PAULO;MUNICIPAL;;ATENDIMENTOS NOS TURNOS DA MANHA E A TARDE;39;M;Não;Não;NAO;Não;Não;Não;Não;-15.656717855783885;-56.13908529281616;65-3686-0405;2025-09-19
6761674;EDNIL LIBANIO DA COSTA;EDNIL LIBANIO DA COSTA;510840;Várzea Grande;Sim;Sim;NOVA VARZEA GRANDE;RUA ESPIRITO SANTO;DUPLA;;ATENDIMENTOS NOS TURNOS DA MANHA E A TARDE;22;D;Não;Não;NAO;Não;Não;Não;Não;;;;2025-09-03
6815111;CLINICA FAMILY;CLEUMAR SOARES ZEITOUN;510840;Várzea Grande;Sim;Sim;CENTRO;TRAVESSA JOAQUIM VIANA;MUNICIPAL;;ATENDIMENTOS NOS TURNOS DA MANHA E A TARDE;22;M;Não;Não;NAO;Não;Não;Não;Não;-15.647;-56.133;65-3692-4008;2025-09-03
6853552;JEANE FERNANDA DE OLIVEIRA PEREIRA;JEANE FERNANDA DE OLIVEIRA PEREIRA;510840;Várzea Grande;Sim;Sim;CENTRO;AVENIDA COUTO MAGALHAES;MUNICIPAL;;ATENDIMENTOS NOS TURNOS DA MANHA E A TARDE;22;M;Não;Não;NAO;Não;Não;Não;Sim;-15.626873;-56.0808952;(65)3026-2332;2025-09-03
6853781;METROPOLITANO HOSPITAL ESTADUAL LOUSITE FERREIRA DA SILVA;SECRETARIA ESTADUAL DE SAUDE DE MATO GROSSO;510840;Várzea Grande;Sim;Sim;CRISTO REI;AVENIDA DOM ORLANDO CHAVES;ESTADUAL;;ATENDIMENTO CONTINUO DE 24 HORAS/DIA (PLANTAO:INCLUI SABADOS, DOMINGOS E FERIADOS);5;E;Sim;Sim;SIM;Sim;Não;Não;Sim;-15.6439763276918;-56.10091209411621;(65) 33880600;2025-09-03
6864376;RODRIGO DAVID FRAGA;RODRIGO DAVID FRAGA;510840;Várzea Grande;Sim;Sim;CENTRO;AVENIDA COUTO MAGALHAES;MUNICIPAL;;ATENDIMENTOS NOS TURNOS DA MANHA E A TARDE;22;M;Não;Não;NAO;Não;Não;Não;Sim;;;(65)3026-2332;2025-09-03
6868908;USF SOUZA LIMA LUIRICO FERREIRA MAGALHAES;PREFEITURA MUNICIPAL DE VARZEA GRANDE;510840;Várzea Grande;Sim;Sim;SOUZA LIMA;AVENIDA PRINCIPAL;MUNICIPAL;;ATENDIMENTOS NOS TURNOS DA MANHA E A TARDE;2;M;Não;Não;SIM;Não;Não;Não;Não;-15.72088;-56.12701;(65)3686-9692/9725;2025-09-03
6870449;USF MANAIRA MARGARIDA TAVARES PEREIRA;PREFEITURA MUNICIPAL DE VARZEA GRANDE;510840;Várzea Grande;Sim;Sim;NOVA ESPERANCA;RUA DA HARMONIA;MUNICIPAL;;ATENDIMENTOS NOS TURNOS DA MANHA E A TARDE;2;M;Não;Não;SIM;Não;Não;Não;Sim;-15.604148238294497;-56.17762327194214;3695-2827/98444-2246;2025-09-03
6873251;CENTRO MIGUEL SUTIL;R DA SILVA TIBALDI E CIA LTDA ME;510840;Várzea Grande;Sim;Sim;CENTRO;AVENIDA SALIN NADAF;MUNICIPAL;;ATENDIMENTOS NOS TURNOS DA MANHA E A TARDE;39;M;Não;Não;NAO;Não;Não;Não;Não;;;65-3023-0118;2025-09-03
6884202;JOSE FERNANDO BARROS DE FIGUEIREDO;JOSE FERNANDO BARROS DE FIGUEIREDO;510840;Várzea Grande;Sim;Sim;CENTRO;AVENIDA COUTO MAGALHAES;MUNICIPAL;;ATENDIMENTOS NOS TURNOS DA MANHA E A TARDE;22;M;Não;Não;NAO;Não;Não;Não;Sim;-15.64473383216158;-56.12760543823242;(65)3026-2332;2025-09-03
6884245;UROCENTER;CENTRO DE DIAGNOSTICO E TRATAMENTO UROLOGICO LTDA;510840;Várzea Grande;Sim;Sim;JARDIM AEROPORTO;AVENIDA FILINTO MULLER;MUNICIPAL;;ATENDIMENTOS NOS TURNOS DA MANHA E A TARDE;36;M;Não;Não;SIM;Não;Não;Não;Sim;-15.647853878335573;-56.132782101631165;(65)3682-0504;2026-07-15
6887023;POLO DE ACADEMIA PARQUE DO FANCHO;PREFEITURA MUNICIPAL DE VARZEA GRANDE;510840;Várzea Grande;Sim;Sim;AGUA LIMPA;AVENIDA CASTELO BRANCO;MUNICIPAL;;ATENDIMENTO NOS TURNOS DA MANHA, TARDE E NOITE;74;M;;Não;NAO;;;;Sim;;;;2025-09-03
6956068;CLINAUDIO;MENEGUETI CIA LTDA;510840;Várzea Grande;Sim;Sim;CENTRO SUL;RUA SANTO ANTONIO LOT CENTRO SUL;MUNICIPAL;;ATENDIMENTOS NOS TURNOS DA MANHA E A TARDE;39;M;Não;Não;SIM;Não;Não;Não;Não;-15.6506414;-56.1352804;(65)3682-4876;2025-09-03
6956106;CENTRO MEDICO SANTA RITA;CENTRO MEDICO SANTA RITA EMKUHN EPP;510840;Várzea Grande;Sim;Sim;NOVA VARZEA GRANDE;RUA SAO PAULO;DUPLA;;ATENDIMENTOS NOS TURNOS DA MANHA E A TARDE;22;D;Não;Não;NAO;Não;Não;Não;Não;;;;2025-09-03
6963897;HILDEBRANDO DE AZEVEDO JUNIOR;HILDEBRANDO DE AZEVEDO JUNIOR;510840;Várzea Grande;Sim;Sim;NOVA VARZEA GRANDE;AVENIDA ALZIRA SANTANA;MUNICIPAL;;ATENDIMENTOS NOS TURNOS DA MANHA E A TARDE;22;M;Não;Não;NAO;Não;Não;Não;Sim;-15.667836025333878;-56.13282233476639;(65)3686-0152;2025-09-03
6984878;SHALON ADONAI ULTRASONOGRAFIA;M G B DE ALMEIDA ME;510840;Várzea Grande;Sim;Sim;PARQUE DO LAGO;RUA GALERA;MUNICIPAL;;ATENDIMENTOS NOS TURNOS DA MANHA E A TARDE;39;M;Não;Não;NAO;Não;Não;Não;Sim;-15.647;-56.133;(65) 3691-2980;2025-09-03
7021895;VIDA ODONTO CENTRO ODONTOLOGICO;VANA PAULA DE MATOS FALCAO;510840;Várzea Grande;Sim;Sim;CENTRO;AV FELINTO MULLER;MUNICIPAL;;ATENDIMENTOS NOS TURNOS DA MANHA E A TARDE;22;M;Não;Não;NAO;Não;Não;Não;Não;-15.646820755733113;-56.13442897796631;65 30295900;2025-09-03
7103107;SAMU 192 VARZEA GRANDE USA A2;SECRETARIA DE ESTADO DE SAUDE DE MATO GROSSO;510840;Várzea Grande;Sim;Sim;VILA IPASE;RUA PRESIDENTE PRUDENTE DE MORAES;ESTADUAL;;ATENDIMENTO CONTINUO DE 24 HORAS/DIA (PLANTAO:INCLUI SABADOS, DOMINGOS E FERIADOS);42;E;;Não;NAO;;;;Não;-15.656805667158055;-56.12533628940582;(65) 3317-3200;2025-09-03
7103115;SAMU 192 VARZEA GRANDE USB B4;SECRETARIA DE ESTADO DE SAUDE DE MATO GROSSO;510840;Várzea Grande;Sim;Sim;CRISTO REI;AVENIDA DOM ORLANDO CHAVES;ESTADUAL;;ATENDIMENTO CONTINUO DE 24 HORAS/DIA (PLANTAO:INCLUI SABADOS, DOMINGOS E FERIADOS);42;E;;Não;NAO;;;;Não;-15.637832368966503;-56.09971046447754;(65) 3317-3200;2025-09-03
7103123;SAMU 192 VARZEA GRANDE USB B5;SECRETARIA DE ESTADO DE SAUDE DE MATO GROSSO;510840;Várzea Grande;Sim;Sim;JARDIM ANA LUIZA;AVENIDA GOVERNADOR JULIO CAMPOS;ESTADUAL;;ATENDIMENTO CONTINUO DE 24 HORAS/DIA (PLANTAO:INCLUI SABADOS, DOMINGOS E FERIADOS);42;E;;Não;NAO;;;;Não;-15.65812283324413;-56.1236572265625;(65) 3317-3200;2025-09-03
7151772;MICHELLE RAMIRES PINTO;MICHELLE RAMIRES PINTO;510840;Várzea Grande;Sim;Sim;CENTRO SUL;AVENIDA ALZIRA SANTANA;MUNICIPAL;;ATENDIMENTOS NOS TURNOS DA MANHA E A TARDE;22;M;Não;Não;NAO;Não;Não;Não;Sim;-15.668019386125378;-56.1330771446228;65-3684-3679;2025-09-03
7177607;GLAZIELLEN LARA CARVALHAES DE OLIVEIRA;GLAZIELLEN LARA CARVALHAES DE OLIVEIRA;510840;Várzea Grande;Sim;Sim;JARDIM COSTA VERDE;RUA ORLANDO SILVA;MUNICIPAL;;ATENDIMENTOS NOS TURNOS DA MANHA E A TARDE;22;M;Não;Não;NAO;Não;Não;Não;Não;-15.646986055700134;-56.13260507583618;65-3686-2491;2025-09-03
7194951;NADIA ROBERTA FORTUNATO MUZZI;NADIA ROBERTA FORTUNATO MUZZI;510840;Várzea Grande;Sim;Sim;CENTRO;RUA BENEDITO MONTEIRO;MUNICIPAL;;ATENDIMENTOS NOS TURNOS DA MANHA E A TARDE;22;M;Não;Não;NAO;Não;Não;Não;Não;-15.64465118128486;-56.13288402557373;65-3682-2183;2025-09-03
7209479;CLINICA FISIOTERAPIA ALEGRIA;CLINICA DE FISIOTERAPIA ALEGRIA VG LTDA;510840;Várzea Grande;Sim;Sim;NOVA VARZEA GRANDE;RUA ESPIRITO SANTO;MUNICIPAL;;ATENDIMENTOS NOS TURNOS DA MANHA E A TARDE;36;M;Não;Não;NAO;Não;Não;Não;Não;-15.6525173;-56.142493;65-3364-6939;2026-03-11
7242034;USF LIMPO GRANDE;PREFEITURA MUNICIPAL DE VARZEA GRANDE;510840;Várzea Grande;Sim;Sim;LIMPO GRANDE;RUA NOSSA SENHORA APARECIDA;MUNICIPAL;;ATENDIMENTOS NOS TURNOS DA MANHA E A TARDE;2;M;Não;Não;SIM;Não;Não;Não;Sim;-15.5823294;-56.1449499;(65) 3688-8131;2025-09-03
7278934;COMPLEXO REGULADOR MUNICIPAL DE VARZEA GRANDE;PREFEITURA MUNICIPAL DE VARZEA GRANDE;510840;Várzea Grande;Sim;Sim;PONTE NOVA;AVENIDA DA FEB;MUNICIPAL;;ATENDIMENTOS NOS TURNOS DA MANHA E A TARDE;81;M;;Não;SIM;;;;Sim;-15.6196129;-56.1069135;(65) 3688-8128;2025-09-03
7279892;LABORATORIO DE PROTESE DENTARIA LPM;LAURINDA LEMES DA SILVA ME;510840;Várzea Grande;Sim;Sim;AGUA VERMELHA;RUA NOSSA SENHORA APARECIDA;MUNICIPAL;;ATENDIMENTOS NOS TURNOS DA MANHA E A TARDE;39;M;Não;Não;NAO;Não;Não;Não;Não;-15.6681075;-56.1341958;(65) 3684-3305;2025-09-03
7318278;CLINICA PRO SORRISO;CLINICA ODONTOLOGICA PRO SORRISO LTDA ME;510840;Várzea Grande;Sim;Sim;CENTRO;AVENIDA COUTO MAGALHAES;MUNICIPAL;;ATENDIMENTOS NOS TURNOS DA MANHA E A TARDE;22;M;Não;Não;NAO;Não;Não;Não;Sim;-15.6508051;-56.1395518;65-3682-0007;2025-09-03
7429851;UNIDADE DE SAUDE DO SISTEMA PRISIONAL DE VARZEA GRANDE;PREFEITURA MUNICIPAL DE VARZEA GRANDE;510840;Várzea Grande;Sim;Sim;CAPAO GRANDE;RUA R QD 34;MUNICIPAL;;ATENDIMENTOS NOS TURNOS DA MANHA E A TARDE;2;M;Não;Não;SIM;Não;Não;Não;Não;-15.6739378;-56.0817354;;2025-09-03
7470428;LIBERTARE COMUNIDADE TERAPEUTICA;LIBERTARE COMUNIDADE TERAPEUTICA LTDA ME;510840;Várzea Grande;Sim;Sim;IPASE;RUA PRESIDENTE VENCESLAU BRAZ;MUNICIPAL;;ATENDIMENTO NOS TURNOS DA MANHA, TARDE E NOITE;36;M;Não;Não;NAO;Não;Não;Não;Não;-15.6627806;-56.1279273;65-3026-8004;2025-09-03
7472773;REDE ORTO VARZEA GRANDE;MOREIRA CALDAS CLINICA DE ORTODONTIA LTDA ME;510840;Várzea Grande;Sim;Sim;CENTRO;RUA SALIM NADAF;MUNICIPAL;;ATENDIMENTOS NOS TURNOS DA MANHA E A TARDE;22;M;Não;Não;NAO;Não;Não;Não;Sim;-15.646552143001808;-56.13612413406372;65-3026-2678;2025-09-03
7529287;CLINICA SOLUCOES ODONTOLOGICAS;CLINICA ODONTO SOLUCAO LTDA ME;510840;Várzea Grande;Sim;Sim;CENTRO SUL;AVENIDA ALZIRA SANTANA;MUNICIPAL;;ATENDIMENTOS NOS TURNOS DA MANHA E A TARDE;22;M;Não;Não;NAO;Não;Não;Não;Sim;-15.6678155;-56.1328385;65-3026-6666;2025-09-03
7710534;POLYANNA CAROLINE VITOR DA SILVA;POLYANNA CAROLINE VITOR DA SILVA;510840;Várzea Grande;Sim;Sim;CENTRO;RUA GOV PEDRO PEDROSSIAN;MUNICIPAL;;ATENDIMENTOS NOS TURNOS DA MANHA E A TARDE;22;M;Não;Não;NAO;Não;Não;Não;Não;-15.64477515758742;-56.134278774261475;(65) 3692-1417;2025-09-03
7807597;IMEDI INSTITUTO MEDICO DE DIAGNOSTICO POR IMAGEM;MEDIMAGEM RADIOLOGIA E ULTRASSONOGRAFIA LTDA;510840;Várzea Grande;Sim;Sim;CENTRO SUL;AV FILINTO MULLER LOTEAMENTO JARDIM AEROPORTO;ESTADUAL;;ATENDIMENTOS NOS TURNOS DA MANHA E A TARDE;39;E;Não;Não;SIM;Não;Não;Não;Sim;-15.588676;-56.0833309;653626-2200;2025-09-03
7849281;LABORATORIO CARLOS CHAGAS VARZEA GRANDE;LABORATORIO CARLOS CHAGAS LTDA;510840;Várzea Grande;Sim;Sim;CENTRO NORTE;AVENIDA FILINTO MULLER;MUNICIPAL;;ATENDIMENTOS NOS TURNOS DA MANHA E A TARDE;39;M;Não;Não;NAO;Não;Não;Não;Sim;-15.651325132057563;-56.12417221069336;(65) 3901-4717;2025-09-03
7853165;DR MICHEL PATRICK DO AMARAL SILVA;M P DO AMARAL SILVA EIRELI ME;510840;Várzea Grande;Sim;Sim;PLANALTO IPIRANGA;AV MARECHAL RONDON;MUNICIPAL;;ATENDIMENTO NOS TURNOS DA MANHA, TARDE E NOITE;22;M;Não;Não;NAO;Não;Não;Não;Não;-15.647027380671016;-56.1330771446228;(65) 8108-8877;2025-09-03
7854196;CLINICA SAO BENICIO;A K MARTINS CLINICA MEDICA EPP;510840;Várzea Grande;Sim;Sim;CRISTO REI;RUA ALVES DE OLIVEIRA;MUNICIPAL;;ATENDIMENTOS NOS TURNOS DA MANHA E A TARDE;36;M;Não;Não;NAO;Não;Não;Não;Sim;-15.6399155;-56.107281;(65) 3364-6465;2025-09-03
7896867;EQUIPE ASSITENCIA MEDICA;EQUIPE ASSISTENCIA MEDICA LTDA;510840;Várzea Grande;Sim;Sim;CENTRO;RUA NAPOLEAO JOSE DA COSTA;MUNICIPAL;;ATENDIMENTOS NOS TURNOS DA MANHA E A TARDE;36;M;Não;Não;NAO;Não;Não;Não;Sim;-15.650849904374049;-56.137776374816895;(65) 3023 7022;2025-09-03
7995504;FEB SAUDE;INSTITUTO MACHADO PEREIRA;510840;Várzea Grande;Sim;Sim;PONTE NOVA;DA FEB LOT MANGA;MUNICIPAL;;ATENDIMENTO NOS TURNOS DA MANHA, TARDE E NOITE;39;M;Não;Não;SIM;Não;Não;Não;Sim;-15.62696312581587;-56.11245632171631;65 30287328;2025-12-23
8015937;USF 24 DEZEMBRO MIGUEL BARACAT;PREFEITURA MUNICIPAL DE VARZEA GRANDE;510840;Várzea Grande;Sim;Sim;24 DE DEZEMBRO;AV PRINCIPAL DA PRAIA GRANDE;MUNICIPAL;;ATENDIMENTO NOS TURNOS DA MANHA, TARDE E NOITE;2;M;Não;Não;SIM;Não;Não;Não;Sim;-15.719333271338613;-56.13796949386597;(65)3688-3660/3661;2025-09-03
9024980;UPA IPASE UNIDADE DE PRONTO ATENDIMENTO IPASE;PREFEITURA MUNICIPAL DE VARZEA GRANDE;510840;Várzea Grande;Sim;Sim;IPASE;AV GUARARAPES;MUNICIPAL;;ATENDIMENTO CONTINUO DE 24 HORAS/DIA (PLANTAO:INCLUI SABADOS, DOMINGOS E FERIADOS);73;M;Não;Não;SIM;Não;Não;Não;Sim;-15.658742673171377;-56.12442970275879;3686-2968/9443-1191;2025-09-03
9082123;OI MAMAE;KENNEDY DE SOUZA OLIVEIRA ME;510840;Várzea Grande;Sim;Sim;CENTRO SUL;RIO DE JANEIRO LOT N V GRANDE;MUNICIPAL;;ATENDIMENTOS NOS TURNOS DA MANHA E A TARDE;22;M;Não;Não;NAO;Não;Não;Não;Não;-15.647378642586489;-56.13312005996704;65 30267710;2025-09-03
9093230;CARDIOVITTA;CARDIOVITTA SERVICOS MEDICOS LTDA EPP;510840;Várzea Grande;Sim;Sim;CENTRO SUL;SAO PAULO LOT N V GRANDE;MUNICIPAL;;ATENDIMENTO NOS TURNOS DA MANHA, TARDE E NOITE;22;M;Não;Não;NAO;Não;Não;Não;Não;-15.647;-56.133;65 92361950;2025-09-03
9140417;USF PASSAGEM DA CONCEICAO;PREFEITURA MUNICIPAL DE VARZEA GRANDE;510840;Várzea Grande;Sim;Sim;PASSAGEM DA CONCEICA;AVENIDA PRINCIPAL;MUNICIPAL;;ATENDIMENTOS NOS TURNOS DA MANHA E A TARDE;2;M;Não;Não;SIM;Não;Não;Não;Não;-15.56654489;-56.14283234;65-99698-9748;2025-09-03
9165797;DEBORA KASSIA DA SILVA;DEBORA KASSIA DA SILVA;510840;Várzea Grande;Sim;Sim;MARINGA II;AVENIDA JULIAO DE BRITO;MUNICIPAL;;ATENDIMENTOS NOS TURNOS DA MANHA E A TARDE;22;M;Não;Não;NAO;Não;Não;Não;Sim;-15.662172420124806;-56.090569496154785;65-36915125;2025-09-03
9178473;DENTS ODONTOLOGIA;A KEKUCHI QUEIROZ ME;510840;Várzea Grande;Sim;Sim;CRISTO REI;RUA ARY PAES BARRETO;MUNICIPAL;;ATENDIMENTOS NOS TURNOS DA MANHA E A TARDE;22;M;Não;Não;NAO;Não;Não;Não;Não;-15.642791527731715;-56.10649108886719;65-3026-5026;2025-09-03
9180990;TOTALITY ODONTO;TOTALITY SERVICOS ODONTOLOGICOS LTDA ME;510840;Várzea Grande;Sim;Sim;LOT DOMGOS SAVIOS;RUA BENEDITO VAZ DE FIGUEIREDO;MUNICIPAL;;ATENDIMENTOS NOS TURNOS DA MANHA E A TARDE;22;M;Não;Não;NAO;Não;Não;Não;Sim;-15.612869446164094;-56.17232322692871;65 3026-2500;2025-09-03
9203761;VIDA POSTO DE COLETA;VIDA POSTO DE COLETA EIRELI ME;510840;Várzea Grande;Sim;Sim;CENTRO NORTE;RUA MAMED UNTAR ED VIDA CENTRO MEDICO DE DIAGNOS;MUNICIPAL;;ATENDIMENTOS NOS TURNOS DA MANHA E A TARDE;39;M;;Não;NAO;;;;Não;-15.647626591810717;-56.1395788192749;;2025-09-03
9203842;VIDA ENDOSCOPIA;VIDA ENDOSCOPIA LTDA EPP;510840;Várzea Grande;Sim;Sim;CENTRO NORTE;RUA MAMED UNTAR;MUNICIPAL;;ATENDIMENTOS NOS TURNOS DA MANHA E A TARDE;39;M;Não;Não;NAO;Não;Não;Não;Não;-15.645622326977596;-56.13788366317749;65-3055-9371;2025-09-03
9203885;VIDA IMAGEM;VIDA MEDICINA DIAGNOSTICA POR IMAGEM LTDA;510840;Várzea Grande;Sim;Sim;CENTRO NORTE;RUA MAMED UNTAR;MUNICIPAL;;ATENDIMENTOS NOS TURNOS DA MANHA E A TARDE;39;M;Não;Não;NAO;Não;Não;Não;Sim;-15.645560339092388;-56.13011598587036;65-3682-0602;2025-09-03
9226230;USF JD OURO VERDE CELINA BATISTA DANTAS;PREFEITURA MUNICIPAL DE VARZEA GRANDE;510840;Várzea Grande;Sim;Sim;JARDIM OURO VERDE;RUA SAO JOSE;MUNICIPAL;;ATENDIMENTOS NOS TURNOS DA MANHA E A TARDE;2;M;Não;Não;SIM;Não;Não;Não;Sim;-15.66312282174617;-56.142759919166565;3685-8711/98443-4993;2025-09-03
9248447;CLINICA OFTALMOLOGICA BOSQUE DA SAUDE;ANNY CLINICA OFTALMOLOGICALTDA EPP;510840;Várzea Grande;Sim;Sim;CENTRO;AVENIDA COUTO MAGALHAES;MUNICIPAL;;ATENDIMENTOS NOS TURNOS DA MANHA E A TARDE;36;M;Não;Não;NAO;Não;Não;Não;Sim;-15.6533423;-56.1315121;(65)3052-3153;2025-09-03
9252088;ALANA FISIOTERAPIA;ALANA CRISTINA BASSO GILIOLI;510840;Várzea Grande;Sim;Sim;CENTRO NORTE;RUA BENEDITO MONTEIRO;MUNICIPAL;;ATENDIMENTOS NOS TURNOS DA MANHA E A TARDE;22;M;Não;Não;NAO;Não;Não;Não;Não;-15.6491214;-56.1394906;65-3685-7317;2025-09-03
9253602;MUNDO NOVO;CENTRO DE RECUPERACAO MUNDO NOVO LTDA;510840;Várzea Grande;Sim;Sim;JARDIM AEROPORTO;RUA VIRACOPOS;MUNICIPAL;;ATENDIMENTOS NOS TURNOS DA MANHA E A TARDE;22;M;Não;Não;NAO;Não;Não;Não;Sim;-15.652679;-56.1244926;65-98404-8887;2025-09-03
9283145;MARS ODONTOLOGIA INTEGRADA;JESSE PARENTE TOCANTINS CIRURGIAO DENTISTA ME;510840;Várzea Grande;Sim;Sim;CRISTO REI;RUA ARY PAES BARRETO;MUNICIPAL;;ATENDIMENTOS NOS TURNOS DA MANHA E A TARDE;22;M;Não;Não;NAO;Não;Não;Não;Sim;-15.647;-56.133;65-99602-8442;2025-09-03
9305718;ARTHUR ATHANASIO NETO;ARTHUR ATHANASIO NETO;510840;Várzea Grande;Sim;Sim;CENTRO;RUA NOSSA SENHORA DO CARMO;MUNICIPAL;;ATENDIMENTOS NOS TURNOS DA MANHA E A TARDE;22;M;Não;Não;NAO;Não;Não;Não;Sim;-15.647006718186624;-56.1331844329834;65 36828609;2025-09-03
9313079;DNR CLINICA DE ORTOPEDIA;DNR CLINICA DE ORTOPEDIA LTDA ME;510840;Várzea Grande;Sim;Sim;CENTRO;RUA MAMED UNTAR;MUNICIPAL;;ATENDIMENTOS NOS TURNOS DA MANHA E A TARDE;22;M;Não;Não;NAO;Não;Não;Não;Não;-15.647;-56.133;65-3054-1500;2025-09-03
9316590;COOPERATIVA DE TRABALHOS MEDICOS DE VARZEA GRANDE;COOPERATIVA DE TRABALHOS MEDICOS DE VARZEA GRANDE;510840;Várzea Grande;Sim;Sim;CENTRO SUL;RUA SAO PAULO;MUNICIPAL;;;60;M;;Não;NAO;;;;Não;-15.656671367394061;-56.139026284217834;65-3362-1406;2025-09-03
9320458;ECARDIO CARDIOLOGIA INTEGRADA;CARDIOEXAMES SERVICOS MEDICOS LTDA EPP;510840;Várzea Grande;Sim;Sim;CENTRO;RUA MAMED UNTAR;MUNICIPAL;;ATENDIMENTOS NOS TURNOS DA MANHA E A TARDE;39;M;Não;Não;NAO;Não;Não;Não;Sim;-15.64677943072049;-56.133034229278564;65-3028-7328;2025-09-19
9322361;CEICO II;CENTRO DE IMAGENOLOGIA DO CENTRO OESTE LTDA;510840;Várzea Grande;Sim;Sim;NOVA VARZEA GRANDE;TRAVESSA DIACUI;DUPLA;;ATENDIMENTOS NOS TURNOS DA MANHA E A TARDE;39;D;Não;Não;SIM;Não;Não;Não;Sim;-15.652688822757142;-56.14197134971619;6530262878/981318583;2026-08-01
9348700;CENTRO TERAPEUTICO NOVA MULHER;A MACHADO TERAPEUTICO NOVA MULHER;510840;Várzea Grande;Sim;Sim;CENTRO SUL;PRESIDENTE VENCESLAU BRAS;MUNICIPAL;;ATENDIMENTO CONTINUO DE 24 HORAS/DIA (PLANTAO:INCLUI SABADOS, DOMINGOS E FERIADOS);22;M;Não;Não;NAO;Não;Não;Não;Sim;-15.647;-56.133;;2025-09-03
9361537;CLINICA INTEGRADA UNIVAG;IEMAT SOCIEDADE EDUCACIONAL LTDA;510840;Várzea Grande;Sim;Sim;CRISTO REI;AVENIDA DOM ORLANDO CHAVES;MUNICIPAL;;ATENDIMENTOS NOS TURNOS DA MANHA E A TARDE;36;M;Não;Não;NAO;Não;Não;Não;Sim;-15.6281642;-56.1118287;65-3688-6152;2026-02-14
9380922;POSTO DE COLETA UNIDADE CRISTO REI;LABORATORIO CARLOS CHAGAS LTDA;510840;Várzea Grande;Sim;Sim;CRISTO REI;AVENIDA DOM ORLANDO CHAVES;MUNICIPAL;;ATENDIMENTOS NOS TURNOS DA MANHA E A TARDE;39;M;Não;Não;NAO;Não;Não;Não;Sim;-15.6285905;-56.1118068786523;(65) 3901-4700;2025-09-03
9398325;CEMED;CENTRO DE ESPECIALIDADES MEDICAS DE VARZEA GRANDE LTDA;510840;Várzea Grande;Sim;Sim;CENTRO SUL;RUA RIO DE JANEIRO;MUNICIPAL;;ATENDIMENTOS NOS TURNOS DA MANHA E A TARDE;39;M;Não;Não;SIM;Não;Não;Não;Sim;-15.6580236;-56.1393565;65 99930-0040;2025-09-03
9402144;VIDA DIAGNOSTICO E MEDICINA NUCLEAR;VIDA DIAGNOSTICO E MEDICINA NUCLEAR LTDA EPP;510840;Várzea Grande;Sim;Sim;CENTRO SUL;RUA MAMED UNTAR;MUNICIPAL;;ATENDIMENTOS NOS TURNOS DA MANHA E A TARDE;39;M;;Não;NAO;;;;Sim;-15.649403552455503;-56.13288402557373;;2025-09-03
9409130;FRANCISCA NASCIMENTO SILVA SANTOS;FRANCISCA NASCIMENTO SILVA SANTOS;510840;Várzea Grande;Sim;Sim;NOVA VARZEA GRANDE;RUA ESPIRITO SANTO;MUNICIPAL;;ATENDIMENTOS NOS TURNOS DA MANHA E A TARDE;22;M;Não;Não;NAO;Não;Não;Não;Não;-15.658474076100346;-56.140007972717285;;2025-09-03
9416528;MARISA FRATARI TAVARES DE SOUZA;CENTRO MEDICO DE PSIQUIATRIA SS LTDA;510840;Várzea Grande;Sim;Sim;CENTRO SUL;JOSE BONIFACIO LOT JD IMPERADOR;MUNICIPAL;;ATENDIMENTO SOMENTE PELA MANHA;22;M;Não;Não;NAO;Não;Não;Não;Não;-15.647;-56.133;65 36866109;2025-09-03
9430199;CENTRO DE TRATAMENTO ESPERANCA;CENTRO DE TRATAMENTO ESPERANCA LTDA ME;510840;Várzea Grande;Sim;Sim;COSTA VERDE;RUA GUIMARAES ROSA;MUNICIPAL;;ATENDIMENTO CONTINUO DE 24 HORAS/DIA (PLANTAO:INCLUI SABADOS, DOMINGOS E FERIADOS);39;M;Não;Não;NAO;Não;Não;Não;Sim;-15.6807893;-56.1117596;65-99255-0330;2025-09-03
9466096;CENTRO DE ESPECIALIDADES ODONTOLOGICAS DE VG CEO TIPO 2;PREFEITURA MUNICIPAL DE VARZEA GRANDE;510840;Várzea Grande;Sim;Sim;CENTRO SUL;RUA 24 DE MAIO;MUNICIPAL;;ATENDIMENTOS NOS TURNOS DA MANHA E A TARDE;36;M;Não;Não;SIM;Não;Não;Não;Sim;-15.6482187;-56.1349953;36883633/98443-3650;2025-09-03
9516255;HOSPITAL SANTA RITA;HOSPITAL SANTA RITA VG LTDA;510840;Várzea Grande;Sim;Sim;NOVA VARZEA GRANDE;RUA SAO PAULO;MUNICIPAL;;ATENDIMENTO CONTINUO DE 24 HORAS/DIA (PLANTAO:INCLUI SABADOS, DOMINGOS E FERIADOS);5;M;Sim;Sim;SIM;Sim;Não;Não;Sim;-15.6518154;-56.14147931622726;65-3026-1400;2026-02-10
9528237;K S SOUSA DO NASCIMENTO LEITE EIRELI;K S SOUSA DO NASCIMENTO LEITE EIRELI;510840;Várzea Grande;Sim;Sim;CENTR SUL;RUA MARECHAL RONDON LOT P IPIRANGA I;MUNICIPAL;;ATENDIMENTOS NOS TURNOS DA MANHA E A TARDE;22;M;Não;Não;NAO;Não;Não;Não;Não;-15.647027380671016;-56.13284111022949;(65) 3682-1335;2025-09-03
9552669;CAMPOS CONSULTORIO ODONTOLOGICO;RUAN DE CAMPOS MARQUES;510840;Várzea Grande;Sim;Sim;CRISTO REI;AVENIDA GONCALO BOTELHO DE CAMPOS;MUNICIPAL;;ATENDIMENTOS NOS TURNOS DA MANHA E A TARDE;22;M;Não;Não;NAO;Não;Não;Não;Sim;-15.6369837;-56.1075178;65-30434545;2025-09-03
9606548;SORRISO CLIN;GABRIELA APARECIDA GALIEGO SILVADOS REIS;510840;Várzea Grande;Sim;Sim;CRISTO REI;AVENIDA DEPUTADO GONCALO BOTELHO DE CAMPOS;MUNICIPAL;;ATENDIMENTOS NOS TURNOS DA MANHA E A TARDE;22;M;Não;Não;NAO;Não;Não;Não;Sim;-15.642026998590703;-56.12417221069336;65-3685-7299;2025-09-19
9606556;SERVICO CLINICO;VALDIR SILVA DOS REIS;510840;Várzea Grande;Sim;Sim;CRISTO REI;AVENIDA DEPUTADO GONCALO BOTELHO DE CAMPOS;MUNICIPAL;;ATENDIMENTOS NOS TURNOS DA MANHA E A TARDE;22;M;Não;Não;NAO;Não;Não;Não;Não;-15.646986055700134;-56.13314151763916;65-3685-7299;2025-09-03
9608117;PRIMELAB;TIAGO ALTOBELLE DA SILVA SIQUEIRA;510840;Várzea Grande;Sim;Sim;CENTRO SUL;RUA 24 DE MAIO;MUNICIPAL;;ATENDIMENTOS NOS TURNOS DA MANHA E A TARDE;22;M;Não;Não;NAO;Não;Não;Não;Não;-15.6490265;-56.1346234;65-3359-2659;2025-09-03
9609229;SEMET;SEMET SERVICOS EM SEGURANCA E MEDICINA DO TRABALHO LTDA;510840;Várzea Grande;Sim;Sim;CENTRO NORTE;RUA MAMED UNTAR;MUNICIPAL;;ATENDIMENTOS NOS TURNOS DA MANHA E A TARDE;22;M;Não;Não;NAO;Não;Não;Não;Não;-15.6490267;-56.1325916;65-3682-7047;2025-09-03
