{
 "type": "FeatureCollection",
 "features": [
  {
   "type": "Feature",
   "geometry": {
    "type": "LineString",
    "coordinates": [
     [
      -55.77223270000001,
      -14.875730899531257
     ],
     [
      -55.77800289999999,
      -14.872221899531356
     ],
     [
      -55.78114909999999,
      -14.87167819953138
     ],
     [
      -55.7848922,
      -14.871153499531378
     ],
     [
      -55.78592579999997,
      -14.87136159953138
     ],
     [
      -55.78717330000001,
      -14.871514199531342
     ],
     [
      -55.78879119999999,
      -14.871171299531396
     ],
     [
      -55.789848800000016,
      -14.870772199531366
     ],
     [
      -55.790032,
      -14.870898099531367
     ],
     [
      -55.79123229999999,
      -14.871536399531394
     ],
     [
      -55.79264740000003,
      -14.871984599531372
     ],
     [
      -55.79363280000002,
      -14.87313079953133
     ],
     [
      -55.79533279999998,
      -14.873730799531284
     ],
     [
      -55.796232799999984,
      -14.874230799531315
     ],
     [
      -55.797432800000024,
      -14.874130799531288
     ],
     [
      -55.79833280000003,
      -14.873430799531317
     ],
     [
      -55.799032899999986,
      -14.872830799531304
     ],
     [
      -55.79963279999998,
      -14.871030799531418
     ],
     [
      -55.799732800000015,
      -14.870230799531408
     ],
     [
      -55.8002328,
      -14.86893079953143
     ],
     [
      -55.80083280000002,
      -14.86743079953151
     ],
     [
      -55.80133289999998,
      -14.866630799531505
     ],
     [
      -55.80183290000002,
      -14.865930799531526
     ],
     [
      -55.80253290000002,
      -14.865630799531559
     ],
     [
      -55.80323290000001,
      -14.866030799531503
     ],
     [
      -55.804432899999995,
      -14.867230799531505
     ],
     [
      -55.80563289999998,
      -14.868030799531455
     ],
     [
      -55.806432900000004,
      -14.868630799531457
     ],
     [
      -55.80723289999997,
      -14.86893079953143
     ],
     [
      -55.808432900000014,
      -14.869030799531465
     ],
     [
      -55.809232899999984,
      -14.868430799531456
     ],
     [
      -55.8096329,
      -14.86743079953151
     ],
     [
      -55.8096329,
      -14.866230799531511
     ],
     [
      -55.80973289999997,
      -14.864930799531587
     ],
     [
      -55.809232899999984,
      -14.863230799531607
     ],
     [
      -55.80903289999998,
      -14.862030799531656
     ],
     [
      -55.808932899999995,
      -14.860930699531659
     ],
     [
      -55.809232899999984,
      -14.859630699531742
     ],
     [
      -55.809532900000015,
      -14.858430699531732
     ],
     [
      -55.810232900000024,
      -14.857430699531786
     ],
     [
      -55.81063289999997,
      -14.85533069953186
     ],
     [
      -55.81123289999999,
      -14.85403069953188
     ],
     [
      -55.8123329,
      -14.852630699531929
     ],
     [
      -55.81263289999999,
      -14.850530699531951
     ],
     [
      -55.812432899999976,
      -14.848730699531997
     ],
     [
      -55.81233290000001,
      -14.846930699532052
     ]
    ]
   },
   "properties": {
    "segmento": "manso_capital",
    "ordem": 0,
    "cotrecho": 110295,
    "cobacia": "89679",
    "comprimento_km": 7.4590000000000005
   }
  },
  {
   "type": "Feature",
   "geometry": {
    "type": "LineString",
    "coordinates": [
     [
      -55.81233290000001,
      -14.846930699532052
     ],
     [
      -55.8123329,
      -14.845330699532102
     ],
     [
      -55.812732900000015,
      -14.843930699532148
     ],
     [
      -55.8132329,
      -14.843330699532203
     ],
     [
      -55.81383290000002,
      -14.843030699532168
     ],
     [
      -55.81503290000001,
      -14.843430699532169
     ],
     [
      -55.81653290000002,
      -14.844530699532156
     ],
     [
      -55.8171329,
      -14.84523069953213
     ],
     [
      -55.81803289999999,
      -14.845930699532099
     ],
     [
      -55.81833289999997,
      -14.846930699532045
     ],
     [
      -55.81833289999997,
      -14.847730699532057
     ],
     [
      -55.81843290000001,
      -14.84863069953203
     ],
     [
      -55.81863290000001,
      -14.84963069953198
     ],
     [
      -55.81863290000001,
      -14.850730699531953
     ],
     [
      -55.819232899999975,
      -14.85133069953195
     ],
     [
      -55.82033289999998,
      -14.851930699531962
     ],
     [
      -55.82163289999999,
      -14.852230699531933
     ],
     [
      -55.82293290000001,
      -14.852230699531933
     ],
     [
      -55.824232900000034,
      -14.852530699531895
     ],
     [
      -55.82553300000001,
      -14.853030699531875
     ],
     [
      -55.82633299999998,
      -14.85403069953188
     ],
     [
      -55.82723299999997,
      -14.855430699531839
     ],
     [
      -55.827833,
      -14.856430699531783
     ],
     [
      -55.82823300000001,
      -14.857630699531782
     ],
     [
      -55.828832999999975,
      -14.858830699531737
     ],
     [
      -55.828933,
      -14.860030699531679
     ],
     [
      -55.83013299999999,
      -14.860630699531681
     ],
     [
      -55.830933000000016,
      -14.860430699531683
     ],
     [
      -55.832033000000024,
      -14.85983069953168
     ],
     [
      -55.832832999999994,
      -14.859330699531707
     ],
     [
      -55.83353299999999,
      -14.858730699531755
     ],
     [
      -55.834333000000015,
      -14.857630699531782
     ],
     [
      -55.83453300000002,
      -14.856530699531811
     ],
     [
      -55.83453300000003,
      -14.855230699531827
     ],
     [
      -55.83453300000003,
      -14.853330699531908
     ],
     [
      -55.834333000000015,
      -14.851030699531982
     ],
     [
      -55.834333000000015,
      -14.848830699532027
     ],
     [
      -55.834633000000004,
      -14.847330699532053
     ],
     [
      -55.83533299999999,
      -14.846430699532082
     ],
     [
      -55.83603299999999,
      -14.846430699532082
     ],
     [
      -55.83683300000001,
      -14.84703069953207
     ],
     [
      -55.83753300000001,
      -14.848530699532049
     ],
     [
      -55.83763299999998,
      -14.850030699531976
     ],
     [
      -55.837733000000014,
      -14.851730699531949
     ],
     [
      -55.83833299999997,
      -14.853130699531912
     ],
     [
      -55.83953300000002,
      -14.854630699531828
     ],
     [
      -55.84073300000001,
      -14.856030699531832
     ],
     [
      -55.84173299999998,
      -14.856630699531772
     ],
     [
      -55.84313309999999,
      -14.857030699531776
     ],
     [
      -55.844133100000015,
      -14.856930699531816
     ],
     [
      -55.84483310000002,
      -14.856530699531806
     ],
     [
      -55.84583309999999,
      -14.8557306995318
     ],
     [
      -55.84653309999999,
      -14.854530699531855
     ],
     [
      -55.84773310000003,
      -14.852730699531904
     ],
     [
      -55.84913310000002,
      -14.85083059953196
     ],
     [
      -55.84983310000001,
      -14.849330599531983
     ],
     [
      -55.85093310000002,
      -14.84783059953206
     ],
     [
      -55.851633100000015,
      -14.846830599532053
     ],
     [
      -55.853633100000025,
      -14.846030599532108
     ],
     [
      -55.85493309999998,
      -14.845030599532105
     ],
     [
      -55.856433100000004,
      -14.84373059953219
     ],
     [
      -55.85763309999999,
      -14.842630599532209
     ],
     [
      -55.85853309999999,
      -14.84103059953225
     ],
     [
      -55.85913310000001,
      -14.839630599532304
     ],
     [
      -55.85953310000002,
      -14.838530599532328
     ],
     [
      -55.86033309999999,
      -14.837730599532321
     ],
     [
      -55.86163310000001,
      -14.838430599532296
     ],
     [
      -55.86283309999999,
      -14.839330599532277
     ],
     [
      -55.8639331,
      -14.840030599532252
     ],
     [
      -55.86603309999998,
      -14.84133059953223
     ],
     [
      -55.867733199999975,
      -14.842530599532179
     ],
     [
      -55.8690332,
      -14.843230599532204
     ],
     [
      -55.870633199999986,
      -14.844030599532148
     ],
     [
      -55.871733199999994,
      -14.843630599532155
     ],
     [
      -55.87273320000003,
      -14.842630599532209
     ],
     [
      -55.874033199999985,
      -14.84133059953223
     ],
     [
      -55.87593320000002,
      -14.8420305995322
     ],
     [
      -55.87733320000002,
      -14.842830599532201
     ],
     [
      -55.878933200000006,
      -14.843930599532179
     ],
     [
      -55.88023320000002,
      -14.84543059953211
     ],
     [
      -55.8823332,
      -14.846630599532112
     ],
     [
      -55.88443330000001,
      -14.84773059953203
     ],
     [
      -55.886533299999996,
      -14.848830599531997
     ],
     [
      -55.887933299999986,
      -14.850230599531956
     ],
     [
      -55.8901333,
      -14.851430599531962
     ],
     [
      -55.891733300000006,
      -14.85283059953191
     ],
     [
      -55.89343330000003,
      -14.85483059953186
     ],
     [
      -55.8951333,
      -14.856130599531781
     ],
     [
      -55.89643330000001,
      -14.856730599531785
     ],
     [
      -55.898233300000015,
      -14.856730599531785
     ],
     [
      -55.8997334,
      -14.856730599531785
     ],
     [
      -55.90163339999998,
      -14.857230599531755
     ],
     [
      -55.902933399999995,
      -14.858230599531765
     ],
     [
      -55.904333399999985,
      -14.858930599531737
     ],
     [
      -55.9056334,
      -14.859930599531687
     ],
     [
      -55.90683339999998,
      -14.860630599531655
     ],
     [
      -55.907633400000016,
      -14.861430599531664
     ],
     [
      -55.907833400000015,
      -14.862130599531639
     ],
     [
      -55.908633399999985,
      -14.862830599531614
     ],
     [
      -55.90943340000001,
      -14.86303059953162
     ],
     [
      -55.911233400000015,
      -14.863930599531594
     ],
     [
      -55.912033399999984,
      -14.864930599531537
     ],
     [
      -55.91203339999999,
      -14.866630599531522
     ],
     [
      -55.91233340000002,
      -14.867930599531494
     ],
     [
      -55.912633400000004,
      -14.869430599531414
     ],
     [
      -55.913933499999985,
      -14.869730599531449
     ],
     [
      -55.914933500000025,
      -14.869530599531446
     ]
    ]
   },
   "properties": {
    "segmento": "manso_capital",
    "ordem": 1,
    "cotrecho": 27444,
    "cobacia": "896773",
    "comprimento_km": 17.34
   }
  },
  {
   "type": "Feature",
   "geometry": {
    "type": "LineString",
    "coordinates": [
     [
      -55.914933500000025,
      -14.869530599531446
     ],
     [
      -55.91633350000001,
      -14.869230599531418
     ],
     [
      -55.917933500000004,
      -14.86863059953147
     ],
     [
      -55.91973350000001,
      -14.868130599531442
     ],
     [
      -55.92243350000001,
      -14.868430599531465
     ],
     [
      -55.9247335,
      -14.869030599531415
     ],
     [
      -55.9263335,
      -14.869630599531424
     ],
     [
      -55.9286335,
      -14.87003059953142
     ],
     [
      -55.9316336,
      -14.8706304995314
     ],
     [
      -55.93493360000002,
      -14.871230499531405
     ],
     [
      -55.93713359999998,
      -14.871430499531337
     ],
     [
      -55.93913359999999,
      -14.872030499531354
     ],
     [
      -55.941333600000014,
      -14.872830499531352
     ],
     [
      -55.94303359999998,
      -14.874630499531307
     ],
     [
      -55.94433359999999,
      -14.876730499531233
     ],
     [
      -55.9463336,
      -14.878130499531183
     ],
     [
      -55.9489337,
      -14.878730499531182
     ],
     [
      -55.9514337,
      -14.878730499531182
     ],
     [
      -55.95383370000002,
      -14.87843049953115
     ],
     [
      -55.955733699999996,
      -14.87783049953121
     ],
     [
      -55.95723370000002,
      -14.877230499531205
     ],
     [
      -55.958633700000014,
      -14.876630499531196
     ],
     [
      -55.96013369999997,
      -14.87543049953125
     ],
     [
      -55.9618337,
      -14.874130499531269
     ],
     [
      -55.96473370000001,
      -14.872930499531314
     ],
     [
      -55.966233699999975,
      -14.872430499531347
     ],
     [
      -55.96833370000002,
      -14.872030499531354
     ],
     [
      -55.970233800000024,
      -14.872230499531346
     ],
     [
      -55.97123379999999,
      -14.873430499531297
     ],
     [
      -55.972433799999976,
      -14.874830499531248
     ],
     [
      -55.97333379999997,
      -14.87593049953122
     ],
     [
      -55.97433380000001,
      -14.877330499531238
     ],
     [
      -55.97533379999999,
      -14.878130499531176
     ],
     [
      -55.97693379999998,
      -14.878830499531151
     ],
     [
      -55.977833799999985,
      -14.880130499531127
     ],
     [
      -55.97883380000002,
      -14.881430499531108
     ],
     [
      -55.97973380000002,
      -14.882730499531021
     ],
     [
      -55.981133800000016,
      -14.883530499531037
     ],
     [
      -55.98283379999998,
      -14.883630499531005
     ],
     [
      -55.984633900000006,
      -14.884130499531032
     ],
     [
      -55.98593390000002,
      -14.88513049953099
     ],
     [
      -55.98653389999998,
      -14.886230499530962
     ],
     [
      -55.98733390000001,
      -14.88753049953093
     ],
     [
      -55.98803390000001,
      -14.888830499530862
     ],
     [
      -55.98923389999999,
      -14.889130499530886
     ],
     [
      -55.99103389999999,
      -14.888930499530888
     ],
     [
      -55.992333900000006,
      -14.888630499530857
     ],
     [
      -55.99383390000003,
      -14.888330499530879
     ],
     [
      -55.99543390000002,
      -14.889030499530863
     ],
     [
      -55.99653389999998,
      -14.889930499530841
     ],
     [
      -55.99813390000003,
      -14.89063049953081
     ],
     [
      -55.99913400000003,
      -14.891530499530786
     ],
     [
      -56.00023399999997,
      -14.892830499530758
     ],
     [
      -56.001034000000004,
      -14.894230499530709
     ],
     [
      -56.00133399999998,
      -14.896130499530694
     ],
     [
      -56.00143400000002,
      -14.89753049953065
     ],
     [
      -56.001934000000006,
      -14.898630499530611
     ],
     [
      -56.002434,
      -14.899730499530536
     ],
     [
      -56.002733999999975,
      -14.901330499530488
     ],
     [
      -56.00413400000002,
      -14.902230499530468
     ],
     [
      -56.00523399999997,
      -14.902430499530468
     ],
     [
      -56.00663400000002,
      -14.902430499530468
     ],
     [
      -56.008334,
      -14.902030499530527
     ],
     [
      -56.010234000000025,
      -14.901430499530521
     ],
     [
      -56.01183400000002,
      -14.901230499530518
     ],
     [
      -56.01413400000001,
      -14.900830499530517
     ]
    ]
   },
   "properties": {
    "segmento": "manso_capital",
    "ordem": 2,
    "cotrecho": 78109,
    "cobacia": "896771",
    "comprimento_km": 13.049000000000001
   }
  },
  {
   "type": "Feature",
   "geometry": {
    "type": "LineString",
    "coordinates": [
     [
      -56.01413400000001,
      -14.900830499530517
     ],
     [
      -56.015834100000006,
      -14.900230499530567
     ],
     [
      -56.0174341,
      -14.898930499530595
     ],
     [
      -56.017434099999996,
      -14.897230499530615
     ],
     [
      -56.0174341,
      -14.895730499530686
     ],
     [
      -56.01693410000002,
      -14.894030499530711
     ],
     [
      -56.01633399999997,
      -14.891830499530808
     ],
     [
      -56.01573400000001,
      -14.889330399530872
     ],
     [
      -56.015833999999984,
      -14.886630399530945
     ],
     [
      -56.015833999999984,
      -14.883030399531037
     ],
     [
      -56.015833999999984,
      -14.880130399531113
     ],
     [
      -56.01573400000001,
      -14.87793039953121
     ],
     [
      -56.01543400000003,
      -14.876530399531209
     ],
     [
      -56.01403399999998,
      -14.876130399531263
     ],
     [
      -56.01263399999999,
      -14.87643039953123
     ],
     [
      -56.011634000000015,
      -14.877230399531179
     ],
     [
      -56.010133999999994,
      -14.87783039953118
     ],
     [
      -56.008234000000016,
      -14.877630399531183
     ],
     [
      -56.00653399999999,
      -14.876830399531238
     ],
     [
      -56.006533999999995,
      -14.875430399531284
     ],
     [
      -56.00753400000002,
      -14.873430399531337
     ],
     [
      -56.00803400000001,
      -14.871130399531406
     ],
     [
      -56.008534,
      -14.869030399531429
     ],
     [
      -56.00953399999998,
      -14.86643039953152
     ],
     [
      -56.011033999999995,
      -14.86443039953158
     ],
     [
      -56.01293399999997,
      -14.862930399531603
     ],
     [
      -56.014534000000026,
      -14.862630399531623
     ],
     [
      -56.017034000000024,
      -14.8633303995316
     ],
     [
      -56.01863400000002,
      -14.863930399531597
     ],
     [
      -56.020133999999985,
      -14.864730399531554
     ],
     [
      -56.02183400000001,
      -14.865730399531548
     ],
     [
      -56.02323400000001,
      -14.866630399531529
     ],
     [
      -56.025034000000005,
      -14.867830399531478
     ],
     [
      -56.026834099999974,
      -14.867930399531451
     ],
     [
      -56.02803410000002,
      -14.867130399531506
     ],
     [
      -56.02823410000002,
      -14.865630299531565
     ],
     [
      -56.028234,
      -14.863430299531604
     ],
     [
      -56.029234100000004,
      -14.861430299531651
     ],
     [
      -56.031134099999974,
      -14.860230299531706
     ],
     [
      -56.032834099999995,
      -14.861230299531659
     ],
     [
      -56.03393410000001,
      -14.861830299531652
     ],
     [
      -56.0353341,
      -14.862030299531657
     ],
     [
      -56.036434100000015,
      -14.862130299531636
     ],
     [
      -56.038334099999986,
      -14.861730299531628
     ],
     [
      -56.04023410000002,
      -14.860830299531651
     ],
     [
      -56.041734099999985,
      -14.860230299531706
     ],
     [
      -56.0430341,
      -14.859030299531703
     ],
     [
      -56.04323410000001,
      -14.857630299531753
     ],
     [
      -56.04323410000001,
      -14.855230299531852
     ],
     [
      -56.04323410000001,
      -14.853230299531901
     ],
     [
      -56.04323410000001,
      -14.851230299531952
     ],
     [
      -56.04353409999999,
      -14.849330299532031
     ],
     [
      -56.04433410000002,
      -14.847830299532042
     ],
     [
      -56.04503410000001,
      -14.846730299532068
     ],
     [
      -56.04593410000001,
      -14.84533029953213
     ],
     [
      -56.04683410000001,
      -14.84393019953215
     ],
     [
      -56.04793410000002,
      -14.841730199532192
     ],
     [
      -56.04883410000002,
      -14.839130199532292
     ],
     [
      -56.04963409999999,
      -14.837030199532377
     ],
     [
      -56.0507341,
      -14.834430199532425
     ],
     [
      -56.051734099999976,
      -14.832630199532465
     ],
     [
      -56.05243410000003,
      -14.83093019953254
     ],
     [
      -56.053234100000005,
      -14.829330199532588
     ],
     [
      -56.0541341,
      -14.828330199532587
     ],
     [
      -56.055534099999996,
      -14.828330199532587
     ],
     [
      -56.05643409999999,
      -14.82893019953259
     ],
     [
      -56.05723410000002,
      -14.829930199532546
     ],
     [
      -56.05813410000002,
      -14.83093019953254
     ],
     [
      -56.05883410000001,
      -14.831730199532489
     ],
     [
      -56.05973419999998,
      -14.832030199532513
     ],
     [
      -56.06083419999998,
      -14.83233019953249
     ],
     [
      -56.06203420000003,
      -14.83213019953249
     ],
     [
      -56.06303420000001,
      -14.831830199532517
     ],
     [
      -56.06383419999998,
      -14.831130199532545
     ],
     [
      -56.06483420000001,
      -14.83043019953257
     ],
     [
      -56.06603419999999,
      -14.829230199532564
     ],
     [
      -56.06683420000002,
      -14.828830199532618
     ],
     [
      -56.06783419999999,
      -14.827630199532612
     ],
     [
      -56.0680342,
      -14.82593019953269
     ],
     [
      -56.0680342,
      -14.824230099532752
     ],
     [
      -56.06833419999998,
      -14.822330099532767
     ],
     [
      -56.0689342,
      -14.82143009953279
     ],
     [
      -56.0698342,
      -14.820530099532812
     ],
     [
      -56.07093420000002,
      -14.819830099532837
     ],
     [
      -56.07183420000002,
      -14.819230099532895
     ],
     [
      -56.07383420000002,
      -14.818530099532863
     ],
     [
      -56.07543420000002,
      -14.818130099532912
     ],
     [
      -56.07763419999998,
      -14.817830099532893
     ],
     [
      -56.07973420000002,
      -14.818030099532892
     ],
     [
      -56.08113420000001,
      -14.818430099532893
     ],
     [
      -56.08193419999998,
      -14.818630099532891
     ],
     [
      -56.08343430000003,
      -14.819030099532892
     ],
     [
      -56.08473429999998,
      -14.819030099532892
     ],
     [
      -56.086134300000026,
      -14.819130099532869
     ],
     [
      -56.08723429999998,
      -14.818730099532857
     ],
     [
      -56.088634300000024,
      -14.817630099532884
     ],
     [
      -56.08943429999999,
      -14.816030099532933
     ],
     [
      -56.09063429999998,
      -14.814130099533008
     ],
     [
      -56.091334300000035,
      -14.812330099533064
     ],
     [
      -56.0921343,
      -14.810030099533135
     ],
     [
      -56.09413430000001,
      -14.808630099533191
     ],
     [
      -56.09623429999999,
      -14.807929999533194
     ],
     [
      -56.0987343,
      -14.807629999533212
     ],
     [
      -56.10113430000001,
      -14.807629999533221
     ],
     [
      -56.10223430000002,
      -14.807929999533194
     ],
     [
      -56.10333429999997,
      -14.808729999533197
     ],
     [
      -56.10443429999998,
      -14.809929999533143
     ],
     [
      -56.10543439999998,
      -14.81142999953306
     ],
     [
      -56.10673439999999,
      -14.813629999533015
     ],
     [
      -56.10833439999999,
      -14.815129999532996
     ],
     [
      -56.10953439999997,
      -14.815529999532997
     ],
     [
      -56.110834399999995,
      -14.815729999532948
     ],
     [
      -56.112434399999984,
      -14.815729999532948
     ],
     [
      -56.113634400000024,
      -14.814929999532996
     ]
    ]
   },
   "properties": {
    "segmento": "manso_capital",
    "ordem": 3,
    "cotrecho": 78081,
    "cobacia": "89675",
    "comprimento_km": 22.096
   }
  },
  {
   "type": "Feature",
   "geometry": {
    "type": "LineString",
    "coordinates": [
     [
      -56.113634400000024,
      -14.814929999532996
     ],
     [
      -56.11423439999999,
      -14.813329999533044
     ],
     [
      -56.11423439999999,
      -14.812429999533064
     ],
     [
      -56.11463439999999,
      -14.811229999533122
     ],
     [
      -56.11433440000002,
      -14.810029999533116
     ],
     [
      -56.11323440000001,
      -14.808729999533197
     ],
     [
      -56.11293439999997,
      -14.807129999533188
     ],
     [
      -56.112734400000015,
      -14.804529999533292
     ],
     [
      -56.11273440000002,
      -14.801829999533364
     ],
     [
      -56.112534400000015,
      -14.799129999533431
     ],
     [
      -56.112434399999984,
      -14.796729999533534
     ],
     [
      -56.11263439999999,
      -14.795429999533553
     ],
     [
      -56.113634400000024,
      -14.794229999533604
     ],
     [
      -56.114534400000025,
      -14.793729999533577
     ],
     [
      -56.11573440000001,
      -14.794529999533585
     ],
     [
      -56.116234399999996,
      -14.795629999533562
     ],
     [
      -56.1171344,
      -14.796829999533507
     ],
     [
      -56.118234400000006,
      -14.797729999533484
     ],
     [
      -56.11943439999999,
      -14.798229999533458
     ],
     [
      -56.121234399999985,
      -14.798129999533488
     ],
     [
      -56.123034399999995,
      -14.797329999533487
     ],
     [
      -56.12523440000002,
      -14.795629999533562
     ],
     [
      -56.12663439999999,
      -14.793929899533612
     ],
     [
      -56.12883440000002,
      -14.791629899533632
     ],
     [
      -56.13023440000001,
      -14.789929899533712
     ],
     [
      -56.13143439999999,
      -14.788829899533736
     ],
     [
      -56.13223440000001,
      -14.78782989953379
     ],
     [
      -56.132934499999976,
      -14.786729899533807
     ],
     [
      -56.134334500000016,
      -14.785129899533855
     ],
     [
      -56.135434499999974,
      -14.78422989953388
     ],
     [
      -56.13823450000002,
      -14.783729899533908
     ],
     [
      -56.14023450000002,
      -14.783129899533908
     ],
     [
      -56.141734499999984,
      -14.782329899533906
     ],
     [
      -56.14393450000001,
      -14.781329899533956
     ],
     [
      -56.14583449999998,
      -14.781229899533985
     ],
     [
      -56.148034499999994,
      -14.78042989953398
     ],
     [
      -56.14993449999997,
      -14.779229899534027
     ],
     [
      -56.151534500000025,
      -14.777829799534059
     ],
     [
      -56.15353449999997,
      -14.775929799534081
     ],
     [
      -56.15533449999998,
      -14.775029799534162
     ]
    ]
   },
   "properties": {
    "segmento": "manso_capital",
    "ordem": 4,
    "cotrecho": 78093,
    "cobacia": "89673",
    "comprimento_km": 8.08
   }
  },
  {
   "type": "Feature",
   "geometry": {
    "type": "LineString",
    "coordinates": [
     [
      -56.15533449999998,
      -14.775029799534162
     ],
     [
      -56.157434599999995,
      -14.774829799534157
     ],
     [
      -56.158534599999996,
      -14.774429799534156
     ],
     [
      -56.160034600000024,
      -14.773529799534172
     ],
     [
      -56.161434600000014,
      -14.772629799534208
     ],
     [
      -56.16223459999998,
      -14.771229799534261
     ],
     [
      -56.16223459999998,
      -14.769529799534276
     ],
     [
      -56.1623346,
      -14.767629799534355
     ],
     [
      -56.16213460000001,
      -14.765829799534409
     ],
     [
      -56.16173459999999,
      -14.764129799534421
     ],
     [
      -56.161334599999975,
      -14.762229799534504
     ],
     [
      -56.16013450000003,
      -14.761229799534554
     ],
     [
      -56.15883450000001,
      -14.760829799534546
     ],
     [
      -56.15723450000002,
      -14.760429799534549
     ],
     [
      -56.156234499999975,
      -14.759829799534549
     ],
     [
      -56.15493450000002,
      -14.759229799534596
     ],
     [
      -56.153234499999996,
      -14.758129799534627
     ],
     [
      -56.15223450000002,
      -14.757029799534644
     ],
     [
      -56.15183450000001,
      -14.755929799534668
     ],
     [
      -56.1518345,
      -14.753529799534771
     ],
     [
      -56.15223450000002,
      -14.751829799534796
     ],
     [
      -56.15273450000001,
      -14.749929799534872
     ],
     [
      -56.15383450000002,
      -14.748229799534895
     ],
     [
      -56.15533449999998,
      -14.74732969953495
     ],
     [
      -56.157234500000015,
      -14.746729699534946
     ],
     [
      -56.15903450000002,
      -14.746229699534979
     ],
     [
      -56.160934499999996,
      -14.746029699534978
     ],
     [
      -56.163434499999994,
      -14.745329699534993
     ],
     [
      -56.164834499999984,
      -14.744929699534998
     ],
     [
      -56.16673450000002,
      -14.743429699535024
     ],
     [
      -56.169134600000014,
      -14.741329699535099
     ],
     [
      -56.17113460000001,
      -14.739429699535174
     ],
     [
      -56.17313460000003,
      -14.738029699535227
     ],
     [
      -56.17583459999997,
      -14.73552969953524
     ],
     [
      -56.1775346,
      -14.73422969953531
     ],
     [
      -56.17893459999999,
      -14.733029699535308
     ],
     [
      -56.18233459999999,
      -14.729929599535419
     ],
     [
      -56.185934599999996,
      -14.72602959953555
     ],
     [
      -56.18833460000002,
      -14.723829599535588
     ],
     [
      -56.19103460000002,
      -14.722229599535636
     ],
     [
      -56.1947346,
      -14.719229599535733
     ],
     [
      -56.19873469999998,
      -14.716529599535807
     ],
     [
      -56.20143469999999,
      -14.714929599535864
     ],
     [
      -56.203734699999984,
      -14.714629599535883
     ],
     [
      -56.20703470000001,
      -14.714629499535867
     ],
     [
      -56.209434699999974,
      -14.715129499535843
     ],
     [
      -56.21323469999999,
      -14.715429499535878
     ],
     [
      -56.21663480000001,
      -14.715329499535844
     ],
     [
      -56.218834800000025,
      -14.71502949953587
     ],
     [
      -56.2214348,
      -14.714329499535893
     ],
     [
      -56.2241348,
      -14.71322949953591
     ],
     [
      -56.226734799999974,
      -14.71162949953597
     ],
     [
      -56.22973480000002,
      -14.709029499536014
     ],
     [
      -56.23213479999998,
      -14.70642949953612
     ],
     [
      -56.23473480000001,
      -14.703529499536186
     ],
     [
      -56.2361348,
      -14.701129499536238
     ],
     [
      -56.23733479999999,
      -14.700229399536289
     ],
     [
      -56.23973480000001,
      -14.698029399536336
     ],
     [
      -56.241634799999986,
      -14.697129399536365
     ],
     [
      -56.24343490000001,
      -14.696229399536389
     ]
    ]
   },
   "properties": {
    "segmento": "manso_capital",
    "ordem": 5,
    "cotrecho": 78105,
    "cobacia": "89671",
    "comprimento_km": 15.856
   }
  },
  {
   "type": "Feature",
   "geometry": {
    "type": "LineString",
    "coordinates": [
     [
      -56.24343490000001,
      -14.696229399536389
     ],
     [
      -56.24673489999998,
      -14.695529399536413
     ],
     [
      -56.24953490000002,
      -14.695829399536391
     ],
     [
      -56.25203490000001,
      -14.69682939953639
     ],
     [
      -56.25403490000002,
      -14.698029399536336
     ],
     [
      -56.256034899999975,
      -14.699929399536257
     ],
     [
      -56.25743490000003,
      -14.70152939953627
     ],
     [
      -56.25743490000003,
      -14.70302939953619
     ],
     [
      -56.2568349,
      -14.70412939953616
     ],
     [
      -56.25513489999997,
      -14.70502939953615
     ],
     [
      -56.25313490000002,
      -14.705829399536142
     ],
     [
      -56.25013489999998,
      -14.706829399536097
     ],
     [
      -56.248134900000025,
      -14.707929499536037
     ],
     [
      -56.24803489999999,
      -14.709529499535993
     ],
     [
      -56.24873489999999,
      -14.710929499535995
     ],
     [
      -56.250734900000005,
      -14.712029499535971
     ],
     [
      -56.252334899999994,
      -14.712729499535943
     ],
     [
      -56.2543349,
      -14.713429499535918
     ],
     [
      -56.255335,
      -14.713829499535866
     ],
     [
      -56.25703499999997,
      -14.714629499535867
     ],
     [
      -56.25833499999999,
      -14.715129499535843
     ],
     [
      -56.260035000000016,
      -14.71612949953585
     ],
     [
      -56.26153499999999,
      -14.717129499535787
     ],
     [
      -56.262634999999996,
      -14.71812949953574
     ],
     [
      -56.263334999999984,
      -14.719429499535718
     ],
     [
      -56.263334999999984,
      -14.720429499535724
     ],
     [
      -56.263034999999995,
      -14.72182949953567
     ],
     [
      -56.262035000000026,
      -14.722629499535627
     ],
     [
      -56.26043499999997,
      -14.72292949953565
     ],
     [
      -56.25953500000003,
      -14.723629499535624
     ],
     [
      -56.258534999999995,
      -14.724429499535567
     ],
     [
      -56.25663500000002,
      -14.726329499535552
     ],
     [
      -56.254835000000014,
      -14.72862949953547
     ],
     [
      -56.254234999999994,
      -14.730829499535426
     ],
     [
      -56.254435,
      -14.73182949953538
     ],
     [
      -56.25523500000002,
      -14.73282949953533
     ],
     [
      -56.25613499999997,
      -14.7341294995353
     ],
     [
      -56.257135000000005,
      -14.735229499535277
     ],
     [
      -56.258534999999995,
      -14.736629499535224
     ],
     [
      -56.26043499999997,
      -14.7377294995352
     ],
     [
      -56.26343500000002,
      -14.738929499535159
     ],
     [
      -56.26593509999998,
      -14.739929499535153
     ],
     [
      -56.268735100000015,
      -14.741029499535129
     ],
     [
      -56.270435099999986,
      -14.742029499535082
     ],
     [
      -56.271635100000026,
      -14.743229499535026
     ],
     [
      -56.27283510000001,
      -14.744629499534984
     ],
     [
      -56.27463510000002,
      -14.747129499534964
     ],
     [
      -56.27643510000002,
      -14.749729499534855
     ],
     [
      -56.27793509999998,
      -14.751929499534816
     ],
     [
      -56.2795352,
      -14.75392949953476
     ],
     [
      -56.28083520000001,
      -14.755329499534714
     ],
     [
      -56.28273519999999,
      -14.75642949953469
     ],
     [
      -56.28423520000001,
      -14.757329499534666
     ],
     [
      -56.28503519999998,
      -14.758329499534616
     ],
     [
      -56.28553520000002,
      -14.759429499534589
     ],
     [
      -56.28563520000001,
      -14.760929499534512
     ],
     [
      -56.28583520000001,
      -14.762429499534498
     ],
     [
      -56.28613519999999,
      -14.763929599534432
     ],
     [
      -56.28643520000003,
      -14.765429599534416
     ],
     [
      -56.28663519999997,
      -14.767029599534366
     ],
     [
      -56.286935200000016,
      -14.76822959953431
     ],
     [
      -56.28743520000001,
      -14.769129599534285
     ],
     [
      -56.288335200000006,
      -14.769729599534287
     ],
     [
      -56.290235199999984,
      -14.769629599534264
     ],
     [
      -56.29283529999998,
      -14.768929599534296
     ],
     [
      -56.29543530000001,
      -14.767529499534369
     ],
     [
      -56.297335299999986,
      -14.766529499534375
     ],
     [
      -56.29923530000002,
      -14.764629499534442
     ],
     [
      -56.30093529999999,
      -14.76262949953449
     ],
     [
      -56.303835299999996,
      -14.760029499534541
     ],
     [
      -56.309035300000005,
      -14.75682949953464
     ],
     [
      -56.31323529999998,
      -14.75382949953474
     ],
     [
      -56.31533530000002,
      -14.75122949953484
     ],
     [
      -56.31723529999999,
      -14.749129399534889
     ],
     [
      -56.31953540000001,
      -14.747929399534883
     ],
     [
      -56.322035400000004,
      -14.747629399534912
     ]
    ]
   },
   "properties": {
    "segmento": "manso_capital",
    "ordem": 6,
    "cotrecho": 33476,
    "cobacia": "896599",
    "comprimento_km": 17.514
   }
  },
  {
   "type": "Feature",
   "geometry": {
    "type": "LineString",
    "coordinates": [
     [
      -56.322035400000004,
      -14.747629399534912
     ],
     [
      -56.32453540000001,
      -14.749629399534872
     ],
     [
      -56.3261354,
      -14.75202939953482
     ],
     [
      -56.327735399999995,
      -14.753629399534775
     ],
     [
      -56.329135399999984,
      -14.755929399534699
     ],
     [
      -56.32993540000001,
      -14.758129499534618
     ],
     [
      -56.33083540000001,
      -14.760029499534541
     ],
     [
      -56.33203550000002,
      -14.761829499534489
     ],
     [
      -56.332535500000006,
      -14.763229499534491
     ],
     [
      -56.33343550000001,
      -14.764529499534422
     ],
     [
      -56.33383550000001,
      -14.765929499534423
     ],
     [
      -56.33383550000002,
      -14.767429499534336
     ],
     [
      -56.3332355,
      -14.769129499534323
     ],
     [
      -56.33153549999997,
      -14.771129499534219
     ],
     [
      -56.32953550000002,
      -14.773029499534202
     ],
     [
      -56.32693549999999,
      -14.775029499534156
     ],
     [
      -56.32323539999999,
      -14.777129499534075
     ],
     [
      -56.32073539999998,
      -14.778329499534028
     ],
     [
      -56.318335400000024,
      -14.779829499533998
     ],
     [
      -56.3168354,
      -14.781329499533978
     ],
     [
      -56.31613540000001,
      -14.783229599533922
     ],
     [
      -56.31673540000003,
      -14.786529599533798
     ],
     [
      -56.31783539999998,
      -14.788629599533715
     ],
     [
      -56.318335400000024,
      -14.790629599533668
     ],
     [
      -56.32043540000001,
      -14.791629599533682
     ],
     [
      -56.32293550000003,
      -14.791929599533653
     ],
     [
      -56.32583549999998,
      -14.792129599533652
     ],
     [
      -56.329135500000014,
      -14.792329599533657
     ],
     [
      -56.33173549999998,
      -14.792429599533627
     ],
     [
      -56.33523550000001,
      -14.792729499533639
     ],
     [
      -56.33863550000001,
      -14.792429499533657
     ],
     [
      -56.342735600000026,
      -14.792029499533657
     ],
     [
      -56.34683560000002,
      -14.791629499533656
     ],
     [
      -56.351535599999984,
      -14.791329499533685
     ],
     [
      -56.35363560000002,
      -14.791629499533656
     ],
     [
      -56.35433560000001,
      -14.792729499533639
     ],
     [
      -56.355035600000015,
      -14.795029499533554
     ],
     [
      -56.35473560000002,
      -14.797229499533506
     ],
     [
      -56.35433560000001,
      -14.79952949953344
     ],
     [
      -56.353235600000005,
      -14.801729499533385
     ],
     [
      -56.3523356,
      -14.803229499533312
     ],
     [
      -56.35083559999998,
      -14.80512959953326
     ],
     [
      -56.35003560000001,
      -14.807129599533209
     ],
     [
      -56.35003560000001,
      -14.809729599533172
     ],
     [
      -56.34993559999998,
      -14.811629599533093
     ],
     [
      -56.3487356,
      -14.814029599533043
     ],
     [
      -56.34703560000003,
      -14.815929599532968
     ],
     [
      -56.344635600000004,
      -14.817529599532914
     ],
     [
      -56.34263559999999,
      -14.81962959953284
     ]
    ]
   },
   "properties": {
    "segmento": "manso_capital",
    "ordem": 7,
    "cotrecho": 113654,
    "cobacia": "896597",
    "comprimento_km": 13.551
   }
  },
  {
   "type": "Feature",
   "geometry": {
    "type": "LineString",
    "coordinates": [
     [
      -56.34263559999999,
      -14.81962959953284
     ],
     [
      -56.34223559999998,
      -14.819929599532868
     ],
     [
      -56.340835599999984,
      -14.822329599532772
     ],
     [
      -56.34033560000001,
      -14.824129599532723
     ],
     [
      -56.340635599999985,
      -14.826429599532645
     ],
     [
      -56.34163560000002,
      -14.827929599532615
     ],
     [
      -56.343235600000014,
      -14.829529599532574
     ],
     [
      -56.34413569999998,
      -14.831129599532526
     ],
     [
      -56.343935699999975,
      -14.833029699532474
     ],
     [
      -56.343735700000025,
      -14.834929699532392
     ],
     [
      -56.34283570000002,
      -14.836729699532349
     ],
     [
      -56.34183569999998,
      -14.838429699532321
     ],
     [
      -56.34073569999999,
      -14.840229699532276
     ],
     [
      -56.33983569999998,
      -14.84152969953225
     ],
     [
      -56.33923570000002,
      -14.843029699532178
     ],
     [
      -56.339735700000006,
      -14.844429699532128
     ],
     [
      -56.340835700000014,
      -14.845429699532128
     ],
     [
      -56.3422357,
      -14.846529699532104
     ],
     [
      -56.34423570000001,
      -14.84642969953208
     ],
     [
      -56.3456357,
      -14.84642969953208
     ],
     [
      -56.3472357,
      -14.846029699532075
     ],
     [
      -56.34943570000002,
      -14.8453296995321
     ],
     [
      -56.35203569999999,
      -14.84422969953218
     ],
     [
      -56.354235700000004,
      -14.84202969953222
     ],
     [
      -56.35613569999998,
      -14.839929699532302
     ],
     [
      -56.35773569999998,
      -14.836429599532348
     ],
     [
      -56.35893570000002,
      -14.832829599532499
     ],
     [
      -56.359735699999995,
      -14.829729599532575
     ],
     [
      -56.36063569999999,
      -14.828229599532596
     ],
     [
      -56.36213570000001,
      -14.826529599532673
     ],
     [
      -56.36473569999998,
      -14.82392959953272
     ],
     [
      -56.36663579999998,
      -14.822129599532772
     ],
     [
      -56.36833580000001,
      -14.82162959953279
     ],
     [
      -56.37143579999997,
      -14.821929599532767
     ],
     [
      -56.37453579999999,
      -14.822429599532798
     ],
     [
      -56.37803580000003,
      -14.823029599532747
     ],
     [
      -56.38143580000002,
      -14.824229599532746
     ],
     [
      -56.38453590000001,
      -14.825229599532692
     ],
     [
      -56.386435899999974,
      -14.825929599532671
     ],
     [
      -56.38963589999997,
      -14.825829499532679
     ],
     [
      -56.392235899999996,
      -14.825329499532701
     ],
     [
      -56.39363589999999,
      -14.82412949953275
     ],
     [
      -56.3965359,
      -14.820829499532822
     ],
     [
      -56.39763590000001,
      -14.818629499532877
     ],
     [
      -56.398335900000006,
      -14.816829499532918
     ],
     [
      -56.398335900000006,
      -14.815229499532963
     ],
     [
      -56.398335900000006,
      -14.813329499533035
     ],
     [
      -56.397435900000005,
      -14.810629499533123
     ],
     [
      -56.39673590000001,
      -14.810229499533126
     ],
     [
      -56.39613589999999,
      -14.809729499533146
     ],
     [
      -56.394035900000006,
      -14.809629499533166
     ],
     [
      -56.3920359,
      -14.810329499533148
     ],
     [
      -56.39003589999999,
      -14.811629499533064
     ],
     [
      -56.38823580000002,
      -14.813729499533043
     ],
     [
      -56.38693580000001,
      -14.815329499532998
     ],
     [
      -56.38503580000002,
      -14.81612949953295
     ],
     [
      -56.38333579999999,
      -14.816029499532974
     ],
     [
      -56.3819358,
      -14.815429499532971
     ],
     [
      -56.380935799999975,
      -14.814229499533013
     ],
     [
      -56.380735800000025,
      -14.812229499533066
     ],
     [
      -56.381535799999995,
      -14.810229499533126
     ],
     [
      -56.38253580000003,
      -14.808329499533201
     ],
     [
      -56.384435800000006,
      -14.807029499533213
     ],
     [
      -56.38563579999999,
      -14.80582949953327
     ],
     [
      -56.386735800000004,
      -14.80482949953326
     ],
     [
      -56.38813579999999,
      -14.804929499533298
     ],
     [
      -56.389335800000026,
      -14.805629499533262
     ],
     [
      -56.39123590000003,
      -14.806729499533239
     ],
     [
      -56.39413589999998,
      -14.80752949953319
     ],
     [
      -56.39573589999998,
      -14.807829499533227
     ],
     [
      -56.39673590000001,
      -14.807829499533227
     ],
     [
      -56.39713590000003,
      -14.807829499533227
     ],
     [
      -56.398235899999975,
      -14.807329499533186
     ],
     [
      -56.3990359,
      -14.80752949953319
     ],
     [
      -56.39953589999999,
      -14.808229499533166
     ],
     [
      -56.40043589999999,
      -14.809229499533163
     ],
     [
      -56.402335900000026,
      -14.81102949953312
     ],
     [
      -56.40383589999999,
      -14.813329499533046
     ],
     [
      -56.405135900000005,
      -14.814929499532994
     ],
     [
      -56.406836,
      -14.816529499532948
     ],
     [
      -56.40793600000001,
      -14.817629499532924
     ],
     [
      -56.409336,
      -14.8187294995329
     ],
     [
      -56.41013600000002,
      -14.819829499532881
     ],
     [
      -56.411036000000024,
      -14.821329499532798
     ],
     [
      -56.411235999999974,
      -14.823529499532748
     ],
     [
      -56.411835999999994,
      -14.825829499532679
     ],
     [
      -56.41263600000002,
      -14.827729499532593
     ],
     [
      -56.413436,
      -14.829629499532574
     ],
     [
      -56.41393599999997,
      -14.831629499532523
     ],
     [
      -56.414736000000005,
      -14.83282949953248
     ],
     [
      -56.415436,
      -14.833929499532458
     ],
     [
      -56.41663599999998,
      -14.835329499532412
     ],
     [
      -56.41783609999999,
      -14.836829499532389
     ],
     [
      -56.419636099999984,
      -14.83812949953231
     ],
     [
      -56.4216361,
      -14.839229499532273
     ],
     [
      -56.42313610000002,
      -14.840529499532268
     ],
     [
      -56.42453610000001,
      -14.841429499532232
     ]
    ]
   },
   "properties": {
    "segmento": "manso_capital",
    "ordem": 8,
    "cotrecho": 78008,
    "cobacia": "8965959",
    "comprimento_km": 21.876
   }
  },
  {
   "type": "Feature",
   "geometry": {
    "type": "LineString",
    "coordinates": [
     [
      -56.42453610000001,
      -14.841429499532232
     ],
     [
      -56.42623609999999,
      -14.843029499532184
     ],
     [
      -56.427536100000005,
      -14.844329499532163
     ],
     [
      -56.42783609999998,
      -14.845729499532114
     ],
     [
      -56.42743610000002,
      -14.847029499532091
     ],
     [
      -56.42673610000003,
      -14.84782949953204
     ],
     [
      -56.42553609999999,
      -14.848429499532038
     ],
     [
      -56.4241361,
      -14.849029499531987
     ],
     [
      -56.42243610000003,
      -14.849729599531983
     ],
     [
      -56.42063610000003,
      -14.85082959953196
     ],
     [
      -56.41873609999999,
      -14.851829599531909
     ],
     [
      -56.41623609999999,
      -14.853229599531913
     ],
     [
      -56.4139361,
      -14.854529599531835
     ],
     [
      -56.411836100000016,
      -14.855029599531878
     ],
     [
      -56.40913599999998,
      -14.85582959953182
     ],
     [
      -56.406836,
      -14.856829599531814
     ],
     [
      -56.40393599999999,
      -14.85782959953176
     ],
     [
      -56.40153600000002,
      -14.858029599531765
     ],
     [
      -56.39923599999997,
      -14.85882959953171
     ],
     [
      -56.39683600000001,
      -14.859629599531715
     ],
     [
      -56.395036000000005,
      -14.860429599531665
     ],
     [
      -56.39353599999998,
      -14.861829599531672
     ],
     [
      -56.392236000000025,
      -14.863529699531622
     ],
     [
      -56.390536,
      -14.865629699531537
     ],
     [
      -56.38893600000001,
      -14.867229699531487
     ],
     [
      -56.38723599999998,
      -14.867929699531459
     ],
     [
      -56.384935900000016,
      -14.869129699531408
     ],
     [
      -56.38293590000001,
      -14.87032969953142
     ],
     [
      -56.381735900000024,
      -14.871929699531373
     ],
     [
      -56.38153590000002,
      -14.873829699531287
     ],
     [
      -56.38153590000002,
      -14.875729699531274
     ],
     [
      -56.3818359,
      -14.876929699531216
     ],
     [
      -56.3818359,
      -14.87832969953117
     ],
     [
      -56.3818359,
      -14.8804296995311
     ],
     [
      -56.381935999999996,
      -14.882329699531073
     ],
     [
      -56.38203600000003,
      -14.884329699531026
     ],
     [
      -56.383835999999974,
      -14.887129699530922
     ],
     [
      -56.385036000000014,
      -14.889029699530852
     ],
     [
      -56.38613600000002,
      -14.89042969953085
     ],
     [
      -56.388836000000026,
      -14.892129699530779
     ],
     [
      -56.391035999999986,
      -14.893129699530725
     ],
     [
      -56.39353599999998,
      -14.893829699530764
     ],
     [
      -56.39513599999998,
      -14.894129699530732
     ],
     [
      -56.39703609999999,
      -14.894229699530698
     ],
     [
      -56.398636099999976,
      -14.894329699530736
     ],
     [
      -56.401236100000006,
      -14.894329699530736
     ],
     [
      -56.40293609999998,
      -14.894429699530706
     ],
     [
      -56.40473609999998,
      -14.895129699530678
     ],
     [
      -56.40593610000002,
      -14.896129699530688
     ],
     [
      -56.407236099999984,
      -14.897029699530655
     ],
     [
      -56.408136099999986,
      -14.897929699530637
     ],
     [
      -56.409536100000025,
      -14.89862969953061
     ],
     [
      -56.41113610000002,
      -14.899029699530615
     ],
     [
      -56.412336100000005,
      -14.899929699530526
     ],
     [
      -56.41293619999999,
      -14.900829699530505
     ],
     [
      -56.4131362,
      -14.902029699530516
     ],
     [
      -56.4126362,
      -14.903829699530467
     ],
     [
      -56.411936200000014,
      -14.905229699530418
     ],
     [
      -56.411436200000026,
      -14.905829699530418
     ]
    ]
   },
   "properties": {
    "segmento": "manso_capital",
    "ordem": 9,
    "cotrecho": 78003,
    "cobacia": "8965957",
    "comprimento_km": 12.554
   }
  },
  {
   "type": "Feature",
   "geometry": {
    "type": "LineString",
    "coordinates": [
     [
      -56.411436200000026,
      -14.905829699530418
     ],
     [
      -56.41033620000002,
      -14.907529799530357
     ],
     [
      -56.40843610000002,
      -14.909429799530287
     ],
     [
      -56.406136100000026,
      -14.910929799530257
     ],
     [
      -56.40433610000002,
      -14.911429799530236
     ],
     [
      -56.402636099999995,
      -14.91212979953021
     ],
     [
      -56.400636099999986,
      -14.912629799530182
     ],
     [
      -56.3994361,
      -14.91312979953016
     ],
     [
      -56.39823610000002,
      -14.914129799530158
     ],
     [
      -56.39823610000002,
      -14.915729799530109
     ],
     [
      -56.399236099999996,
      -14.916329799530118
     ],
     [
      -56.400936100000024,
      -14.917629799530031
     ],
     [
      -56.40223609999998,
      -14.918729799530018
     ],
     [
      -56.4037361,
      -14.920129799529958
     ],
     [
      -56.4047362,
      -14.921129799529968
     ]
    ]
   },
   "properties": {
    "segmento": "manso_capital",
    "ordem": 10,
    "cotrecho": 110163,
    "cobacia": "8965955",
    "comprimento_km": 2.847
   }
  },
  {
   "type": "Feature",
   "geometry": {
    "type": "LineString",
    "coordinates": [
     [
      -56.4047362,
      -14.921129799529968
     ],
     [
      -56.40613619999999,
      -14.921729799529915
     ],
     [
      -56.40763620000002,
      -14.922529799529917
     ],
     [
      -56.410236199999986,
      -14.923829799529894
     ],
     [
      -56.41433619999998,
      -14.92462979952984
     ],
     [
      -56.41643620000002,
      -14.924829799529839
     ],
     [
      -56.41883619999999,
      -14.925629799529842
     ],
     [
      -56.42043619999998,
      -14.926629799529792
     ],
     [
      -56.42213629999998,
      -14.928429799529741
     ],
     [
      -56.423236299999985,
      -14.930329799529668
     ],
     [
      -56.424436300000025,
      -14.932329799529628
     ],
     [
      -56.4252363,
      -14.934329799529568
     ],
     [
      -56.42593629999999,
      -14.935929799529527
     ],
     [
      -56.428036299999974,
      -14.937529799529473
     ],
     [
      -56.42943630000003,
      -14.937429799529504
     ],
     [
      -56.43133629999999,
      -14.937029799529506
     ],
     [
      -56.432536299999974,
      -14.936029799529493
     ],
     [
      -56.4340363,
      -14.934429799529553
     ],
     [
      -56.43533630000002,
      -14.931229799529639
     ],
     [
      -56.43533630000002,
      -14.929029799529753
     ],
     [
      -56.435836300000005,
      -14.92692979952977
     ],
     [
      -56.43693630000001,
      -14.925329799529818
     ],
     [
      -56.43883629999999,
      -14.924629699529875
     ],
     [
      -56.44123639999998,
      -14.924629699529875
     ],
     [
      -56.44243640000003,
      -14.925329699529854
     ],
     [
      -56.444536400000004,
      -14.925529699529847
     ],
     [
      -56.44643639999999,
      -14.925729699529798
     ],
     [
      -56.44763640000003,
      -14.926029699529833
     ],
     [
      -56.449136399999986,
      -14.926929699529808
     ],
     [
      -56.45003639999999,
      -14.92792969952975
     ],
     [
      -56.45123640000003,
      -14.929529699529702
     ],
     [
      -56.45323639999998,
      -14.931229699529679
     ],
     [
      -56.45483639999998,
      -14.93282969952963
     ],
     [
      -56.45613639999999,
      -14.93492969952956
     ]
    ]
   },
   "properties": {
    "segmento": "manso_capital",
    "ordem": 11,
    "cotrecho": 78007,
    "cobacia": "8965953",
    "comprimento_km": 7.704000000000001
   }
  },
  {
   "type": "Feature",
   "geometry": {
    "type": "LineString",
    "coordinates": [
     [
      -56.45613639999999,
      -14.93492969952956
     ],
     [
      -56.456436499999995,
      -14.937329799529477
     ],
     [
      -56.45613650000002,
      -14.938929799529427
     ],
     [
      -56.45543650000002,
      -14.940129799529434
     ],
     [
      -56.45403649999998,
      -14.941429799529347
     ],
     [
      -56.45263640000002,
      -14.94262979952936
     ],
     [
      -56.451136399999996,
      -14.943029799529302
     ],
     [
      -56.449636399999974,
      -14.943529799529333
     ],
     [
      -56.44803639999998,
      -14.943529799529333
     ],
     [
      -56.44613639999999,
      -14.943829799529304
     ],
     [
      -56.4452364,
      -14.944529799529283
     ],
     [
      -56.44503639999999,
      -14.94592979952923
     ],
     [
      -56.444836399999986,
      -14.94702979952921
     ],
     [
      -56.44493640000002,
      -14.948729799529183
     ],
     [
      -56.445436400000006,
      -14.950329799529142
     ],
     [
      -56.446536400000014,
      -14.95152979952908
     ],
     [
      -56.44843639999999,
      -14.951929799529092
     ],
     [
      -56.45043650000002,
      -14.95202979952906
     ],
     [
      -56.453536499999984,
      -14.95202979952906
     ],
     [
      -56.45513649999998,
      -14.95202979952906
     ],
     [
      -56.45713649999999,
      -14.952629799529067
     ],
     [
      -56.459036500000025,
      -14.953829799529014
     ],
     [
      -56.460736499999996,
      -14.95562979952896
     ],
     [
      -56.4616365,
      -14.957029799528911
     ]
    ]
   },
   "properties": {
    "segmento": "manso_capital",
    "ordem": 12,
    "cotrecho": 78005,
    "cobacia": "8965951",
    "comprimento_km": 4.535
   }
  },
  {
   "type": "Feature",
   "geometry": {
    "type": "LineString",
    "coordinates": [
     [
      -56.4616365,
      -14.957029799528911
     ],
     [
      -56.46223650000002,
      -14.958829799528864
     ],
     [
      -56.4625365,
      -14.96102979952882
     ],
     [
      -56.46283649999998,
      -14.963029799528767
     ],
     [
      -56.461936499999986,
      -14.964629799528723
     ],
     [
      -56.4600365,
      -14.965629799528664
     ],
     [
      -56.458436500000005,
      -14.966129799528646
     ],
     [
      -56.45633650000003,
      -14.966129799528646
     ],
     [
      -56.4539365,
      -14.964729799528696
     ],
     [
      -56.4523365,
      -14.962829799528778
     ],
     [
      -56.451136500000025,
      -14.961129799528782
     ],
     [
      -56.4494365,
      -14.958829799528864
     ],
     [
      -56.447836499999994,
      -14.957629799528922
     ],
     [
      -56.44573639999999,
      -14.957929799528888
     ],
     [
      -56.44423640000002,
      -14.958429799528862
     ],
     [
      -56.442536399999995,
      -14.959329799528835
     ],
     [
      -56.441136400000005,
      -14.959729899528863
     ],
     [
      -56.43953640000001,
      -14.960829899528841
     ],
     [
      -56.439136399999995,
      -14.962929899528762
     ],
     [
      -56.43993640000002,
      -14.965129899528714
     ],
     [
      -56.44043640000001,
      -14.967429899528641
     ],
     [
      -56.440536399999985,
      -14.969029899528584
     ],
     [
      -56.44133640000001,
      -14.971429899528484
     ],
     [
      -56.442736500000024,
      -14.972929899528474
     ],
     [
      -56.44373649999999,
      -14.974529899528417
     ],
     [
      -56.444436499999995,
      -14.976329899528368
     ],
     [
      -56.4446365,
      -14.978829899528298
     ],
     [
      -56.4446365,
      -14.980529899528275
     ],
     [
      -56.443636500000025,
      -14.982429899528197
     ],
     [
      -56.442136500000004,
      -14.983329899528185
     ],
     [
      -56.44053650000001,
      -14.984429899528148
     ],
     [
      -56.43993649999999,
      -14.9856298995281
     ],
     [
      -56.43983650000001,
      -14.986929899528082
     ],
     [
      -56.43993649999999,
      -14.988729899528026
     ],
     [
      -56.4403365,
      -14.990529899527981
     ],
     [
      -56.441036499999996,
      -14.992229899527906
     ],
     [
      -56.44173649999998,
      -14.994329999527853
     ],
     [
      -56.44293649999998,
      -14.996429999527772
     ],
     [
      -56.44433650000002,
      -14.998129999527753
     ],
     [
      -56.44603649999999,
      -14.999329999527703
     ],
     [
      -56.44743649999998,
      -15.00082999952768
     ],
     [
      -56.44823650000001,
      -15.002129999527668
     ],
     [
      -56.448836599999986,
      -15.003629999527586
     ],
     [
      -56.449236600000006,
      -15.004729999527557
     ],
     [
      -56.44963660000002,
      -15.006329999527509
     ],
     [
      -56.45023659999998,
      -15.007429999527488
     ],
     [
      -56.45193660000001,
      -15.009029999527439
     ],
     [
      -56.45473659999999,
      -15.010729999527417
     ],
     [
      -56.45613659999998,
      -15.01122999952739
     ],
     [
      -56.45823660000002,
      -15.011529999527367
     ],
     [
      -56.458836599999984,
      -15.011629999527392
     ],
     [
      -56.45993659999999,
      -15.012029999527337
     ],
     [
      -56.46063659999999,
      -15.012529999527368
     ],
     [
      -56.46083659999999,
      -15.013229999527347
     ],
     [
      -56.460736600000025,
      -15.01422999952728
     ],
     [
      -56.4601366,
      -15.01512999952727
     ],
     [
      -56.459236600000004,
      -15.016029999527237
     ],
     [
      -56.45783660000001,
      -15.01662999952725
     ],
     [
      -56.455436599999985,
      -15.017529999527216
     ],
     [
      -56.45283660000001,
      -15.018029999527192
     ],
     [
      -56.45073660000003,
      -15.019229999527143
     ],
     [
      -56.44853660000001,
      -15.021229999527094
     ],
     [
      -56.44613659999998,
      -15.023529999527021
     ],
     [
      -56.4431366,
      -15.026429999526956
     ],
     [
      -56.43943660000002,
      -15.031030099526825
     ],
     [
      -56.436736499999995,
      -15.033930099526753
     ],
     [
      -56.43543649999998,
      -15.035630099526674
     ],
     [
      -56.43393650000002,
      -15.038230099526624
     ],
     [
      -56.43183649999998,
      -15.040930099526559
     ],
     [
      -56.429936500000004,
      -15.043130099526458
     ],
     [
      -56.42893650000002,
      -15.044630099526428
     ],
     [
      -56.42863649999998,
      -15.045630099526385
     ],
     [
      -56.42883649999999,
      -15.047630099526332
     ],
     [
      -56.43073659999999,
      -15.050730099526264
     ],
     [
      -56.43303659999997,
      -15.053430099526196
     ],
     [
      -56.434136599999995,
      -15.054230099526132
     ],
     [
      -56.43653660000001,
      -15.054930099526116
     ],
     [
      -56.43903660000001,
      -15.055330099526113
     ],
     [
      -56.44183659999999,
      -15.055130099526108
     ],
     [
      -56.44423660000001,
      -15.054730099526104
     ],
     [
      -56.446836599999976,
      -15.053830099526188
     ],
     [
      -56.44973670000002,
      -15.05233009952621
     ],
     [
      -56.45263670000003,
      -15.050630099526234
     ],
     [
      -56.45473670000001,
      -15.048730099526308
     ],
     [
      -56.456536700000015,
      -15.047530099526359
     ],
     [
      -56.45783669999997,
      -15.047230099526333
     ],
     [
      -56.45983669999998,
      -15.046630099526388
     ],
     [
      -56.46103670000002,
      -15.046430099526383
     ],
     [
      -56.4620367,
      -15.046530099526349
     ],
     [
      -56.46323669999998,
      -15.046930099526357
     ],
     [
      -56.46433669999999,
      -15.047530099526359
     ],
     [
      -56.4652367,
      -15.048330099526307
     ],
     [
      -56.46603670000002,
      -15.049230099526284
     ],
     [
      -56.4661367,
      -15.050830099526227
     ],
     [
      -56.465936699999986,
      -15.052730099526212
     ],
     [
      -56.46523669999999,
      -15.055130099526108
     ],
     [
      -56.46433669999999,
      -15.056630099526094
     ]
    ]
   },
   "properties": {
    "segmento": "manso_capital",
    "ordem": 13,
    "cotrecho": 77984,
    "cobacia": "8965935",
    "comprimento_km": 22.017
   }
  },
  {
   "type": "Feature",
   "geometry": {
    "type": "LineString",
    "coordinates": [
     [
      -56.46433669999999,
      -15.056630099526094
     ],
     [
      -56.46293669999999,
      -15.058830099526045
     ],
     [
      -56.462136699999974,
      -15.060330099525963
     ],
     [
      -56.460836700000016,
      -15.062130099525918
     ],
     [
      -56.459936700000014,
      -15.064830099525848
     ],
     [
      -56.45913669999999,
      -15.066730099525767
     ],
     [
      -56.458236699999986,
      -15.067230099525798
     ],
     [
      -56.4570367,
      -15.067730099525772
     ],
     [
      -56.45543670000001,
      -15.06833009952577
     ],
     [
      -56.45343669999999,
      -15.068630199525714
     ],
     [
      -56.45213669999998,
      -15.068730199525744
     ],
     [
      -56.450436700000004,
      -15.068730199525744
     ],
     [
      -56.44923669999997,
      -15.06923019952571
     ],
     [
      -56.4484367,
      -15.07013019952569
     ],
     [
      -56.4475367,
      -15.071330199525644
     ],
     [
      -56.44513669999998,
      -15.074530199525597
     ],
     [
      -56.4450367,
      -15.074730199525543
     ],
     [
      -56.444836699999996,
      -15.075030199525573
     ]
    ]
   },
   "properties": {
    "segmento": "manso_capital",
    "ordem": 14,
    "cotrecho": 33423,
    "cobacia": "8965933",
    "comprimento_km": 3.174
   }
  },
  {
   "type": "Feature",
   "geometry": {
    "type": "LineString",
    "coordinates": [
     [
      -56.444836699999996,
      -15.075030199525573
     ],
     [
      -56.443536699999974,
      -15.076730199525501
     ],
     [
      -56.44263669999999,
      -15.078830199525477
     ],
     [
      -56.441936699999985,
      -15.081330199525404
     ],
     [
      -56.44123669999999,
      -15.083330199525303
     ],
     [
      -56.44093670000001,
      -15.08503019952528
     ],
     [
      -56.44123669999999,
      -15.086230199525234
     ],
     [
      -56.4423367,
      -15.086930199525204
     ],
     [
      -56.44383670000002,
      -15.087030199525227
     ],
     [
      -56.445436700000016,
      -15.086930199525204
     ],
     [
      -56.446536700000024,
      -15.086730199525201
     ],
     [
      -56.449336699999996,
      -15.086530199525264
     ],
     [
      -56.45143669999999,
      -15.08593019952525
     ],
     [
      -56.45413669999999,
      -15.084630199525282
     ],
     [
      -56.45643680000001,
      -15.083930199525307
     ],
     [
      -56.45883679999998,
      -15.083430199525328
     ],
     [
      -56.46013679999999,
      -15.083330199525303
     ],
     [
      -56.46203680000002,
      -15.083830199525329
     ],
     [
      -56.463536799999986,
      -15.084730199525312
     ],
     [
      -56.46473680000003,
      -15.08543019952528
     ],
     [
      -56.46563680000003,
      -15.08643019952523
     ],
     [
      -56.4664368,
      -15.087430199525176
     ],
     [
      -56.46673679999998,
      -15.089030199525192
     ],
     [
      -56.4668368,
      -15.091630199525083
     ],
     [
      -56.466936799999985,
      -15.094530199525016
     ],
     [
      -56.46683680000001,
      -15.096030199524943
     ],
     [
      -56.46633680000002,
      -15.09693019952491
     ],
     [
      -56.46533679999999,
      -15.097930199524914
     ],
     [
      -56.463836800000024,
      -15.098530199524916
     ],
     [
      -56.46243679999998,
      -15.099130199524868
     ],
     [
      -56.46003680000001,
      -15.099830199524831
     ],
     [
      -56.4580368,
      -15.100430199524837
     ],
     [
      -56.45593680000002,
      -15.101130199524812
     ],
     [
      -56.45403679999998,
      -15.102030299524813
     ],
     [
      -56.45263679999999,
      -15.103230299524759
     ],
     [
      -56.45163680000002,
      -15.104430299524706
     ],
     [
      -56.451236800000004,
      -15.106030299524663
     ],
     [
      -56.451236800000004,
      -15.107330299524644
     ],
     [
      -56.45183680000003,
      -15.109030299524562
     ],
     [
      -56.453836799999976,
      -15.111330299524544
     ],
     [
      -56.45553680000001,
      -15.112330299524501
     ],
     [
      -56.456836800000026,
      -15.112630299524465
     ],
     [
      -56.457836799999995,
      -15.112730299524491
     ],
     [
      -56.46033679999999,
      -15.112630299524465
     ],
     [
      -56.46223680000002,
      -15.112630299524465
     ],
     [
      -56.46443690000001,
      -15.113030299524473
     ],
     [
      -56.46623690000001,
      -15.114030299524474
     ],
     [
      -56.4676369,
      -15.115830299524418
     ],
     [
      -56.46843689999997,
      -15.117430299524374
     ],
     [
      -56.46843689999997,
      -15.118730299524298
     ],
     [
      -56.46823690000002,
      -15.119830299524269
     ],
     [
      -56.46803690000001,
      -15.120730299524245
     ],
     [
      -56.467236899999996,
      -15.121630299524222
     ],
     [
      -56.46613689999998,
      -15.122930299524201
     ],
     [
      -56.46523689999998,
      -15.124130299524149
     ],
     [
      -56.46303690000003,
      -15.125330299524098
     ],
     [
      -56.46093689999997,
      -15.126230299524073
     ],
     [
      -56.458036900000025,
      -15.127430299524077
     ],
     [
      -56.45593680000002,
      -15.128730299524
     ],
     [
      -56.45423679999999,
      -15.129930299524002
     ],
     [
      -56.4526368,
      -15.131430299523927
     ],
     [
      -56.45203679999997,
      -15.132930299523911
     ],
     [
      -56.451536799999985,
      -15.135330399523834
     ],
     [
      -56.451236800000004,
      -15.138530399523727
     ],
     [
      -56.451236800000004,
      -15.142030399523657
     ],
     [
      -56.4510368,
      -15.14403039952362
     ]
    ]
   },
   "properties": {
    "segmento": "manso_capital",
    "ordem": 15,
    "cotrecho": 78000,
    "cobacia": "8965931",
    "comprimento_km": 13.753
   }
  },
  {
   "type": "Feature",
   "geometry": {
    "type": "LineString",
    "coordinates": [
     [
      -56.4510368,
      -15.14403039952362
     ],
     [
      -56.45073689999999,
      -15.146430399523513
     ],
     [
      -56.450336900000025,
      -15.14763039952351
     ],
     [
      -56.44903679999999,
      -15.149730399523436
     ],
     [
      -56.448136799999986,
      -15.151430399523367
     ],
     [
      -56.44703679999998,
      -15.152930399523338
     ],
     [
      -56.44543679999998,
      -15.1541303995233
     ],
     [
      -56.44393680000002,
      -15.155030399523273
     ],
     [
      -56.44213680000002,
      -15.156330399523252
     ],
     [
      -56.43963680000002,
      -15.158130399523197
     ],
     [
      -56.43763680000001,
      -15.15953049952317
     ],
     [
      -56.43623680000002,
      -15.160530499523123
     ],
     [
      -56.435236799999984,
      -15.16113049952312
     ],
     [
      -56.434436800000015,
      -15.1610304995231
     ],
     [
      -56.43343679999998,
      -15.160830499523092
     ],
     [
      -56.43233679999997,
      -15.16073049952311
     ],
     [
      -56.4304368,
      -15.160230499523148
     ],
     [
      -56.42783680000002,
      -15.158830499523194
     ],
     [
      -56.426236700000004,
      -15.157830499523195
     ],
     [
      -56.42473669999999,
      -15.157130499523213
     ],
     [
      -56.42323670000002,
      -15.156830499523242
     ],
     [
      -56.42163670000002,
      -15.157130499523213
     ],
     [
      -56.41943670000001,
      -15.15723049952325
     ],
     [
      -56.41813669999999,
      -15.157530499523217
     ],
     [
      -56.41643670000002,
      -15.15773049952321
     ],
     [
      -56.41473669999999,
      -15.158230499523196
     ],
     [
      -56.41463670000002,
      -15.158230499523196
     ],
     [
      -56.41243670000001,
      -15.158630499523197
     ],
     [
      -56.41013670000001,
      -15.16073049952311
     ],
     [
      -56.40873670000002,
      -15.163230499523038
     ],
     [
      -56.40773669999999,
      -15.165830499523006
     ],
     [
      -56.40703669999999,
      -15.167430499522949
     ],
     [
      -56.405736699999984,
      -15.170230499522855
     ],
     [
      -56.4047367,
      -15.171330599522792
     ],
     [
      -56.403736700000024,
      -15.173530599522751
     ],
     [
      -56.40363669999999,
      -15.175930599522708
     ],
     [
      -56.4038367,
      -15.178530599522597
     ],
     [
      -56.404436700000026,
      -15.180230599522583
     ],
     [
      -56.4056367,
      -15.181830599522538
     ],
     [
      -56.40623670000002,
      -15.184030599522474
     ],
     [
      -56.4063367,
      -15.18563059952244
     ],
     [
      -56.4063367,
      -15.186930599522357
     ],
     [
      -56.40583670000001,
      -15.188430599522334
     ],
     [
      -56.405436699999996,
      -15.189630599522287
     ],
     [
      -56.4049367,
      -15.191030599522227
     ],
     [
      -56.40413669999998,
      -15.193330599522225
     ],
     [
      -56.403136700000005,
      -15.194830599522142
     ],
     [
      -56.40253669999999,
      -15.196230599522085
     ],
     [
      -56.40163669999998,
      -15.19733059952206
     ],
     [
      -56.399536700000006,
      -15.198630599522044
     ],
     [
      -56.396036700000025,
      -15.200430699522014
     ],
     [
      -56.39333670000002,
      -15.201530699521937
     ],
     [
      -56.39083670000002,
      -15.202630699521917
     ],
     [
      -56.38823660000003,
      -15.203630699521916
     ],
     [
      -56.386636599999974,
      -15.204030699521864
     ],
     [
      -56.38503659999998,
      -15.20433069952189
     ],
     [
      -56.38333660000001,
      -15.20413069952189
     ],
     [
      -56.38263660000001,
      -15.203830699521916
     ]
    ]
   },
   "properties": {
    "segmento": "manso_capital",
    "ordem": 16,
    "cotrecho": 77997,
    "cobacia": "896591",
    "comprimento_km": 12.191
   }
  },
  {
   "type": "Feature",
   "geometry": {
    "type": "LineString",
    "coordinates": [
     [
      -56.38263660000001,
      -15.203830699521916
     ],
     [
      -56.38083660000001,
      -15.203230699521907
     ],
     [
      -56.37923660000002,
      -15.20313069952189
     ],
     [
      -56.3770366,
      -15.202530699521944
     ],
     [
      -56.375536599999975,
      -15.20263069952191
     ],
     [
      -56.37403660000001,
      -15.202830699521918
     ],
     [
      -56.37173660000002,
      -15.203630699521916
     ],
     [
      -56.37003650000003,
      -15.20413069952189
     ],
     [
      -56.3676365,
      -15.205030699521865
     ],
     [
      -56.365736500000025,
      -15.20603069952182
     ],
     [
      -56.36323650000003,
      -15.206930699521791
     ],
     [
      -56.361636499999975,
      -15.208030699521776
     ],
     [
      -56.35933649999998,
      -15.20973079952171
     ],
     [
      -56.357136500000024,
      -15.210630799521686
     ],
     [
      -56.35503649999998,
      -15.211430799521688
     ],
     [
      -56.35263650000002,
      -15.212730799521616
     ]
    ]
   },
   "properties": {
    "segmento": "manso_capital",
    "ordem": 17,
    "cotrecho": 77985,
    "cobacia": "8965795",
    "comprimento_km": 3.511
   }
  },
  {
   "type": "Feature",
   "geometry": {
    "type": "LineString",
    "coordinates": [
     [
      -56.35263650000002,
      -15.212730799521616
     ],
     [
      -56.348236499999985,
      -15.215230799521542
     ],
     [
      -56.34653639999999,
      -15.217330799521529
     ],
     [
      -56.346036500000025,
      -15.219930799521421
     ],
     [
      -56.346236499999975,
      -15.222830799521356
     ],
     [
      -56.34583650000001,
      -15.225730799521276
     ],
     [
      -56.345736499999994,
      -15.226530799521225
     ],
     [
      -56.345436500000005,
      -15.228030799521205
     ],
     [
      -56.34413649999999,
      -15.230330799521136
     ],
     [
      -56.34213649999998,
      -15.232130899521097
     ],
     [
      -56.34023639999998,
      -15.233530899521051
     ],
     [
      -56.338436399999985,
      -15.23513089952101
     ],
     [
      -56.336436400000025,
      -15.237330899520959
     ],
     [
      -56.33513640000001,
      -15.23883089952088
     ],
     [
      -56.3340364,
      -15.240130899520864
     ],
     [
      -56.33163639999998,
      -15.241430899520838
     ],
     [
      -56.32963640000003,
      -15.241630899520837
     ],
     [
      -56.3279364,
      -15.240830899520832
     ],
     [
      -56.32493640000001,
      -15.239630899520881
     ],
     [
      -56.32313640000001,
      -15.239630899520881
     ],
     [
      -56.32063640000001,
      -15.23983089952089
     ],
     [
      -56.31943639999997,
      -15.240430899520835
     ],
     [
      -56.31693630000001,
      -15.24073089952086
     ],
     [
      -56.31433629999998,
      -15.241830899520833
     ],
     [
      -56.31213630000002,
      -15.24303089952078
     ],
     [
      -56.3106363,
      -15.244130999520728
     ],
     [
      -56.30773629999999,
      -15.247630999520664
     ],
     [
      -56.30613629999999,
      -15.249030999520617
     ],
     [
      -56.30423630000001,
      -15.251330999520546
     ],
     [
      -56.30273629999999,
      -15.252930999520489
     ],
     [
      -56.30153630000001,
      -15.25383099952046
     ]
    ]
   },
   "properties": {
    "segmento": "manso_capital",
    "ordem": 18,
    "cotrecho": 77983,
    "cobacia": "8965793",
    "comprimento_km": 8.048
   }
  },
  {
   "type": "Feature",
   "geometry": {
    "type": "LineString",
    "coordinates": [
     [
      -56.30153630000001,
      -15.25383099952046
     ],
     [
      -56.29993630000001,
      -15.256030999520414
     ],
     [
      -56.29853630000002,
      -15.257930999520338
     ],
     [
      -56.29783629999997,
      -15.259530999520289
     ],
     [
      -56.29573629999999,
      -15.261630999520271
     ],
     [
      -56.29443629999997,
      -15.262630999520221
     ],
     [
      -56.292536299999995,
      -15.264030999520168
     ],
     [
      -56.2909363,
      -15.265531099520114
     ],
     [
      -56.289636299999984,
      -15.266531099520117
     ],
     [
      -56.28843619999998,
      -15.267231099520092
     ],
     [
      -56.28703619999999,
      -15.2674310995201
     ],
     [
      -56.28513620000001,
      -15.2678310995201
     ],
     [
      -56.28423620000002,
      -15.268431099520045
     ],
     [
      -56.28363619999999,
      -15.269231099520052
     ],
     [
      -56.283836199999996,
      -15.270031099519993
     ],
     [
      -56.284336199999984,
      -15.271231099520007
     ],
     [
      -56.2854362,
      -15.272431099519949
     ],
     [
      -56.28603620000001,
      -15.273531099519921
     ],
     [
      -56.28613619999999,
      -15.274331099519875
     ],
     [
      -56.28603620000001,
      -15.275331099519873
     ],
     [
      -56.28463620000003,
      -15.276431099519852
     ],
     [
      -56.28373620000002,
      -15.277731099519777
     ],
     [
      -56.283036200000026,
      -15.278831099519753
     ],
     [
      -56.28253619999998,
      -15.280131099519734
     ],
     [
      -56.281936200000025,
      -15.280731099519738
     ],
     [
      -56.28183619999999,
      -15.281331099519683
     ],
     [
      -56.28163619999998,
      -15.282031099519648
     ],
     [
      -56.28123620000002,
      -15.282631099519657
     ],
     [
      -56.28043619999999,
      -15.283831099519613
     ],
     [
      -56.280036199999984,
      -15.284531099519588
     ],
     [
      -56.27933619999999,
      -15.285231099519557
     ],
     [
      -56.27833620000001,
      -15.285531099519591
     ],
     [
      -56.278036199999974,
      -15.28633109951953
     ],
     [
      -56.277836200000024,
      -15.286931099519535
     ],
     [
      -56.27773619999999,
      -15.287531099519542
     ],
     [
      -56.277536199999986,
      -15.288031099519511
     ],
     [
      -56.27763620000001,
      -15.289131199519456
     ],
     [
      -56.278036199999974,
      -15.291431199519389
     ],
     [
      -56.27803619999997,
      -15.292831199519393
     ],
     [
      -56.27843619999998,
      -15.29443119951934
     ],
     [
      -56.27873629999999,
      -15.297231199519237
     ],
     [
      -56.278536299999985,
      -15.299531199519175
     ],
     [
      -56.278536299999985,
      -15.301631199519084
     ],
     [
      -56.278536299999985,
      -15.30223119951909
     ],
     [
      -56.27923629999998,
      -15.304031199519041
     ],
     [
      -56.280036300000006,
      -15.305131199519026
     ],
     [
      -56.28123629999999,
      -15.306831199518943
     ],
     [
      -56.282536300000004,
      -15.307731199518923
     ],
     [
      -56.284436299999975,
      -15.310031199518901
     ],
     [
      -56.28453630000002,
      -15.311031199518851
     ],
     [
      -56.28453630000001,
      -15.312731199518776
     ],
     [
      -56.28453630000001,
      -15.31373119951878
     ],
     [
      -56.28453630000001,
      -15.31433119951878
     ],
     [
      -56.28523630000001,
      -15.314831199518753
     ],
     [
      -56.285436300000015,
      -15.315231199518761
     ],
     [
      -56.28553629999999,
      -15.3158311995187
     ],
     [
      -56.28553629999999,
      -15.31683119951871
     ],
     [
      -56.285436300000015,
      -15.317431199518655
     ],
     [
      -56.28493630000003,
      -15.318231199518657
     ],
     [
      -56.28463629999999,
      -15.318931199518632
     ],
     [
      -56.284336300000014,
      -15.319431199518599
     ],
     [
      -56.28443629999998,
      -15.32083119951856
     ],
     [
      -56.28383630000002,
      -15.322931199518543
     ],
     [
      -56.28353629999998,
      -15.325031199518461
     ],
     [
      -56.28343630000001,
      -15.325931199518445
     ],
     [
      -56.2827363,
      -15.328231299518396
     ],
     [
      -56.28133630000002,
      -15.330031299518279
     ],
     [
      -56.27973630000002,
      -15.33253129951827
     ],
     [
      -56.278836300000016,
      -15.333931299518213
     ],
     [
      -56.2787363,
      -15.33483129951819
     ],
     [
      -56.27953630000002,
      -15.335831299518137
     ],
     [
      -56.28043630000002,
      -15.337431299518093
     ],
     [
      -56.2808364,
      -15.338431299518096
     ],
     [
      -56.28053640000002,
      -15.339331299518067
     ],
     [
      -56.27983640000002,
      -15.340031299518055
     ],
     [
      -56.278636300000024,
      -15.340631299517995
     ]
    ]
   },
   "properties": {
    "segmento": "manso_capital",
    "ordem": 19,
    "cotrecho": 77965,
    "cobacia": "8965791",
    "comprimento_km": 11.617
   }
  },
  {
   "type": "Feature",
   "geometry": {
    "type": "LineString",
    "coordinates": [
     [
      -56.278636300000024,
      -15.340631299517995
     ],
     [
      -56.27793630000002,
      -15.340731299518024
     ],
     [
      -56.27723630000003,
      -15.340431299517995
     ],
     [
      -56.27603629999998,
      -15.340631299517995
     ],
     [
      -56.275436300000024,
      -15.34113129951797
     ],
     [
      -56.27473629999997,
      -15.341831299517997
     ],
     [
      -56.27363630000002,
      -15.343231299517955
     ],
     [
      -56.27233630000001,
      -15.344531299517932
     ],
     [
      -56.27133629999997,
      -15.346031299517849
     ],
     [
      -56.27023630000002,
      -15.346931299517824
     ],
     [
      -56.2689363,
      -15.348631299517809
     ],
     [
      -56.26723629999998,
      -15.350231399517726
     ],
     [
      -56.265436299999976,
      -15.352031399517669
     ],
     [
      -56.26163630000002,
      -15.3549313995176
     ],
     [
      -56.25903629999999,
      -15.356631399517585
     ],
     [
      -56.25753630000003,
      -15.357431399517532
     ],
     [
      -56.25513630000001,
      -15.358131399517507
     ],
     [
      -56.2530362,
      -15.358831399517486
     ],
     [
      -56.251836200000014,
      -15.359431399517483
     ],
     [
      -56.25093620000001,
      -15.359831399517487
     ]
    ]
   },
   "properties": {
    "segmento": "manso_capital",
    "ordem": 20,
    "cotrecho": 77981,
    "cobacia": "8965773",
    "comprimento_km": 3.794
   }
  },
  {
   "type": "Feature",
   "geometry": {
    "type": "LineString",
    "coordinates": [
     [
      -56.25093620000001,
      -15.359831399517487
     ],
     [
      -56.25023620000002,
      -15.36023139951743
     ],
     [
      -56.248736199999996,
      -15.361231399517427
     ],
     [
      -56.247036200000025,
      -15.362531399517412
     ],
     [
      -56.245836199999985,
      -15.36343139951739
     ],
     [
      -56.2453362,
      -15.36383139951734
     ],
     [
      -56.24483620000001,
      -15.364631399517341
     ],
     [
      -56.244136200000014,
      -15.366331399517266
     ]
    ]
   },
   "properties": {
    "segmento": "manso_capital",
    "ordem": 21,
    "cotrecho": 11841,
    "cobacia": "8965771",
    "comprimento_km": 1.054
   }
  },
  {
   "type": "Feature",
   "geometry": {
    "type": "LineString",
    "coordinates": [
     [
      -56.244136200000014,
      -15.366331399517266
     ],
     [
      -56.24333619999999,
      -15.36773149951723
     ],
     [
      -56.2428362,
      -15.369331499517186
     ],
     [
      -56.24213620000001,
      -15.37143149951717
     ],
     [
      -56.2417362,
      -15.372731499517094
     ],
     [
      -56.24143620000001,
      -15.375031499517009
     ],
     [
      -56.24133619999998,
      -15.376031499517019
     ],
     [
      -56.24133619999998,
      -15.37793149951694
     ],
     [
      -56.241636200000016,
      -15.380531499516895
     ],
     [
      -56.241536199999985,
      -15.381631499516878
     ],
     [
      -56.24083619999999,
      -15.383431499516773
     ],
     [
      -56.24023620000003,
      -15.38533149951675
     ],
     [
      -56.2403362,
      -15.38793149951666
     ],
     [
      -56.240736200000015,
      -15.389631499516632
     ],
     [
      -56.23993619999999,
      -15.391631499516581
     ],
     [
      -56.2394362,
      -15.393831499516484
     ],
     [
      -56.23913629999998,
      -15.396031499516436
     ],
     [
      -56.23843629999999,
      -15.39913159951633
     ],
     [
      -56.238036299999976,
      -15.401431599516313
     ],
     [
      -56.23683629999999,
      -15.40433159951619
     ],
     [
      -56.2361363,
      -15.405931599516135
     ],
     [
      -56.23503629999999,
      -15.407731599516085
     ],
     [
      -56.233736299999975,
      -15.409531599516038
     ],
     [
      -56.23303629999998,
      -15.411031599516022
     ],
     [
      -56.232636300000024,
      -15.41173159951599
     ]
    ]
   },
   "properties": {
    "segmento": "manso_capital",
    "ordem": 22,
    "cotrecho": 77880,
    "cobacia": "8965759",
    "comprimento_km": 5.288
   }
  },
  {
   "type": "Feature",
   "geometry": {
    "type": "LineString",
    "coordinates": [
     [
      -56.232636300000024,
      -15.41173159951599
     ],
     [
      -56.23213629999997,
      -15.412631599515962
     ],
     [
      -56.232036300000004,
      -15.41423159951592
     ],
     [
      -56.23213629999997,
      -15.415731599515905
     ],
     [
      -56.23253629999999,
      -15.416631599515872
     ],
     [
      -56.23303629999998,
      -15.41763159951583
     ],
     [
      -56.23423630000002,
      -15.419731599515744
     ],
     [
      -56.23513630000002,
      -15.42203159951573
     ],
     [
      -56.236236299999966,
      -15.424231599515624
     ],
     [
      -56.23733629999998,
      -15.425431599515642
     ],
     [
      -56.2388363,
      -15.426131599515616
     ],
     [
      -56.240336300000024,
      -15.426931599515557
     ],
     [
      -56.24253629999998,
      -15.428131599515511
     ],
     [
      -56.243436299999985,
      -15.42913159951551
     ],
     [
      -56.244536400000015,
      -15.430731599515465
     ],
     [
      -56.24543640000002,
      -15.432631599515387
     ],
     [
      -56.24603639999998,
      -15.434431599515342
     ],
     [
      -56.24623639999999,
      -15.435931599515314
     ],
     [
      -56.24643639999999,
      -15.437331699515287
     ],
     [
      -56.24713639999999,
      -15.441231699515164
     ],
     [
      -56.247336399999995,
      -15.44383169951506
     ],
     [
      -56.247436400000026,
      -15.445731699515042
     ],
     [
      -56.24813640000002,
      -15.449031699514922
     ],
     [
      -56.2484364,
      -15.45253169951485
     ],
     [
      -56.24783639999998,
      -15.45443169951478
     ],
     [
      -56.24663640000001,
      -15.456931699514696
     ],
     [
      -56.24563640000002,
      -15.459231699514628
     ],
     [
      -56.24433640000001,
      -15.460831699514632
     ]
    ]
   },
   "properties": {
    "segmento": "manso_capital",
    "ordem": 23,
    "cotrecho": 77953,
    "cobacia": "8965757",
    "comprimento_km": 6.1610000000000005
   }
  },
  {
   "type": "Feature",
   "geometry": {
    "type": "LineString",
    "coordinates": [
     [
      -56.24433640000001,
      -15.460831699514632
     ],
     [
      -56.243236399999994,
      -15.462231699514584
     ],
     [
      -56.24023640000001,
      -15.465331699514454
     ],
     [
      -56.23853639999998,
      -15.466431799514453
     ],
     [
      -56.2371364,
      -15.467031799514396
     ],
     [
      -56.23513639999999,
      -15.4674317995144
     ],
     [
      -56.23343640000002,
      -15.467331799514435
     ],
     [
      -56.23203640000003,
      -15.4674317995144
     ],
     [
      -56.230436399999974,
      -15.467731799514436
     ],
     [
      -56.2277363,
      -15.468031799514412
     ],
     [
      -56.224336300000004,
      -15.468731799514387
     ],
     [
      -56.222036300000006,
      -15.469531799514396
     ],
     [
      -56.220036300000004,
      -15.470231799514362
     ],
     [
      -56.218336299999976,
      -15.471331799514278
     ],
     [
      -56.21703630000001,
      -15.473131799514238
     ],
     [
      -56.2157363,
      -15.476231799514158
     ],
     [
      -56.21453630000002,
      -15.478531799514093
     ],
     [
      -56.21363630000002,
      -15.48123179951402
     ],
     [
      -56.21283629999999,
      -15.484131899513969
     ],
     [
      -56.211836300000016,
      -15.486331899513868
     ],
     [
      -56.21063629999997,
      -15.48783189951385
     ],
     [
      -56.20793629999997,
      -15.49083189951375
     ],
     [
      -56.206036299999994,
      -15.493331899513677
     ],
     [
      -56.20363630000003,
      -15.496331899513574
     ],
     [
      -56.20023629999997,
      -15.499731899513485
     ],
     [
      -56.19753630000003,
      -15.502131899513435
     ],
     [
      -56.195636200000024,
      -15.503331899513388
     ],
     [
      -56.1916362,
      -15.50493199951336
     ],
     [
      -56.188536199999994,
      -15.506131999513315
     ],
     [
      -56.18583619999998,
      -15.507831999513288
     ],
     [
      -56.18443619999999,
      -15.508831999513234
     ],
     [
      -56.183736200000006,
      -15.510131999513215
     ]
    ]
   },
   "properties": {
    "segmento": "manso_capital",
    "ordem": 24,
    "cotrecho": 33147,
    "cobacia": "8965755",
    "comprimento_km": 9.056000000000001
   }
  },
  {
   "type": "Feature",
   "geometry": {
    "type": "LineString",
    "coordinates": [
     [
      -56.183736200000006,
      -15.510131999513215
     ],
     [
      -56.18263619999999,
      -15.51153199951316
     ],
     [
      -56.18263619999999,
      -15.512731999513171
     ],
     [
      -56.18433620000002,
      -15.514531999513066
     ],
     [
      -56.18663620000001,
      -15.516731999513015
     ],
     [
      -56.19003629999998,
      -15.519231999512948
     ],
     [
      -56.192136300000016,
      -15.521231999512894
     ],
     [
      -56.1933363,
      -15.522731999512878
     ],
     [
      -56.19343629999997,
      -15.523831999512854
     ],
     [
      -56.1933363,
      -15.525031999512812
     ],
     [
      -56.19223629999999,
      -15.526231999512754
     ],
     [
      -56.19073630000002,
      -15.527231999512756
     ],
     [
      -56.189236300000005,
      -15.527731999512731
     ],
     [
      -56.185836300000005,
      -15.530231999512658
     ],
     [
      -56.18353619999999,
      -15.531032099512633
     ],
     [
      -56.18113620000002,
      -15.531432099512633
     ],
     [
      -56.179136200000016,
      -15.531832099512583
     ],
     [
      -56.178236200000015,
      -15.53163209951263
     ],
     [
      -56.17673619999999,
      -15.531532099512603
     ],
     [
      -56.175636199999985,
      -15.532032099512573
     ],
     [
      -56.175136200000004,
      -15.53253209951261
     ],
     [
      -56.174836200000016,
      -15.53353209951256
     ],
     [
      -56.1744362,
      -15.534332099512508
     ],
     [
      -56.173436200000026,
      -15.534932099512503
     ],
     [
      -56.17183619999997,
      -15.536632099512486
     ],
     [
      -56.17123620000001,
      -15.538232099512442
     ],
     [
      -56.1708362,
      -15.539632099512385
     ],
     [
      -56.171336199999985,
      -15.540932099512373
     ],
     [
      -56.173436200000026,
      -15.543032099512295
     ],
     [
      -56.17393620000002,
      -15.545032099512246
     ],
     [
      -56.17383619999998,
      -15.545732099512227
     ],
     [
      -56.173336199999994,
      -15.54743209951214
     ],
     [
      -56.17143620000002,
      -15.549232099512095
     ],
     [
      -56.17013620000001,
      -15.550732099512068
     ],
     [
      -56.16953619999998,
      -15.55103209951205
     ],
     [
      -56.1692362,
      -15.551632099512052
     ],
     [
      -56.16863619999998,
      -15.552232099512048
     ],
     [
      -56.16813619999999,
      -15.553732199511995
     ],
     [
      -56.16683619999998,
      -15.556032199511924
     ],
     [
      -56.16573620000002,
      -15.557532199511902
     ],
     [
      -56.16453619999999,
      -15.55843219951188
     ],
     [
      -56.16343619999997,
      -15.559032199511826
     ],
     [
      -56.16123620000002,
      -15.559732199511794
     ],
     [
      -56.15833620000001,
      -15.561032199511779
     ],
     [
      -56.15603620000002,
      -15.561432199511778
     ],
     [
      -56.15293609999998,
      -15.56183219951178
     ],
     [
      -56.15053610000001,
      -15.561532199511744
     ],
     [
      -56.14683609999997,
      -15.560732199511804
     ],
     [
      -56.14443610000001,
      -15.561032199511779
     ],
     [
      -56.142936099999986,
      -15.561532199511749
     ],
     [
      -56.142036099999984,
      -15.562632199511725
     ],
     [
      -56.14163610000003,
      -15.564332199511707
     ],
     [
      -56.14143610000002,
      -15.56583219951163
     ],
     [
      -56.14123610000001,
      -15.567132199511612
     ],
     [
      -56.140036099999975,
      -15.568432299511556
     ],
     [
      -56.1390361,
      -15.568932299511523
     ],
     [
      -56.13883609999999,
      -15.569832299511503
     ],
     [
      -56.138636099999985,
      -15.5704322995115
     ],
     [
      -56.13753609999998,
      -15.571532299511482
     ],
     [
      -56.135836100000006,
      -15.573232299511407
     ],
     [
      -56.134936100000004,
      -15.574232299511408
     ],
     [
      -56.1345361,
      -15.576132299511334
     ],
     [
      -56.13413609999998,
      -15.577532299511288
     ],
     [
      -56.13373610000002,
      -15.57933229951124
     ],
     [
      -56.13353610000001,
      -15.58073229951125
     ]
    ]
   },
   "properties": {
    "segmento": "manso_capital",
    "ordem": 25,
    "cotrecho": 21161,
    "cobacia": "8965753",
    "comprimento_km": 12.761000000000001
   }
  },
  {
   "type": "Feature",
   "geometry": {
    "type": "LineString",
    "coordinates": [
     [
      -56.13353610000001,
      -15.58073229951125
     ],
     [
      -56.133536100000015,
      -15.582432299511167
     ],
     [
      -56.13423610000001,
      -15.583532299511146
     ],
     [
      -56.13543609999999,
      -15.584632299511123
     ],
     [
      -56.1381361,
      -15.587832299511017
     ],
     [
      -56.14073610000003,
      -15.589832299510977
     ],
     [
      -56.14283619999998,
      -15.591232299510928
     ],
     [
      -56.1434362,
      -15.592232299510878
     ],
     [
      -56.143936199999985,
      -15.594032299510825
     ],
     [
      -56.14383620000001,
      -15.59543229951084
     ]
    ]
   },
   "properties": {
    "segmento": "manso_capital",
    "ordem": 26,
    "cotrecho": 20130,
    "cobacia": "8965751",
    "comprimento_km": 2.085
   }
  },
  {
   "type": "Feature",
   "geometry": {
    "type": "LineString",
    "coordinates": [
     [
      -56.14383620000001,
      -15.59543229951084
     ],
     [
      -56.1436362,
      -15.597432299510734
     ],
     [
      -56.1436362,
      -15.599632299510686
     ],
     [
      -56.1434362,
      -15.601732299510608
     ],
     [
      -56.14263620000003,
      -15.603032299510582
     ],
     [
      -56.14123619999998,
      -15.604532399510529
     ],
     [
      -56.139736200000016,
      -15.605632399510508
     ],
     [
      -56.1393362,
      -15.606232399510512
     ],
     [
      -56.13813620000002,
      -15.60773239951043
     ],
     [
      -56.137736200000006,
      -15.608732399510439
     ],
     [
      -56.13793620000001,
      -15.610232399510368
     ],
     [
      -56.13813620000003,
      -15.612032399510312
     ],
     [
      -56.13783619999998,
      -15.6135323995103
     ],
     [
      -56.137136199999986,
      -15.616632399510229
     ],
     [
      -56.135436200000015,
      -15.620432399510127
     ],
     [
      -56.1341362,
      -15.62283239951002
     ],
     [
      -56.13243619999998,
      -15.625432399509984
     ],
     [
      -56.13153620000003,
      -15.627032399509936
     ],
     [
      -56.13133620000002,
      -15.627732399509911
     ],
     [
      -56.130536199999995,
      -15.629132499509886
     ],
     [
      -56.12923619999998,
      -15.62993249950983
     ],
     [
      -56.12723620000003,
      -15.630032499509856
     ],
     [
      -56.123736099999974,
      -15.62963249950985
     ],
     [
      -56.12223610000001,
      -15.629332499509834
     ],
     [
      -56.120736099999995,
      -15.628732499509885
     ],
     [
      -56.11883610000001,
      -15.627332499509931
     ],
     [
      -56.11763610000003,
      -15.625832499509958
     ],
     [
      -56.11643609999999,
      -15.624632499510001
     ],
     [
      -56.11493610000002,
      -15.623032499510058
     ],
     [
      -56.112636099999975,
      -15.621132499510077
     ],
     [
      -56.110735999999974,
      -15.619632499510148
     ],
     [
      -56.10803600000003,
      -15.617432499510196
     ],
     [
      -56.106336,
      -15.617132499510216
     ],
     [
      -56.10533600000002,
      -15.617232499510187
     ],
     [
      -56.103836,
      -15.61793249951017
     ],
     [
      -56.101936000000016,
      -15.619532499510122
     ],
     [
      -56.100035999999996,
      -15.62093249951007
     ],
     [
      -56.09803599999998,
      -15.622632499510052
     ],
     [
      -56.09543600000001,
      -15.625132499509979
     ],
     [
      -56.092835999999984,
      -15.627232499509908
     ],
     [
      -56.09153600000002,
      -15.627932499509873
     ],
     [
      -56.08983599999999,
      -15.628932499509883
     ],
     [
      -56.08783590000002,
      -15.629832499509863
     ],
     [
      -56.085835900000006,
      -15.631032499509804
     ],
     [
      -56.08443590000002,
      -15.63203259950978
     ],
     [
      -56.08303590000003,
      -15.633232599509727
     ],
     [
      -56.08193590000002,
      -15.634832599509673
     ],
     [
      -56.0813359,
      -15.63573259950966
     ],
     [
      -56.0804359,
      -15.637132599509611
     ],
     [
      -56.078635899999995,
      -15.639532599509556
     ],
     [
      -56.077235900000005,
      -15.640932599509515
     ],
     [
      -56.0754359,
      -15.64223259950949
     ],
     [
      -56.07343589999999,
      -15.643632599509433
     ]
    ]
   },
   "properties": {
    "segmento": "manso_capital",
    "ordem": 27,
    "cotrecho": 77926,
    "cobacia": "896573",
    "comprimento_km": 11.951
   }
  },
  {
   "type": "Feature",
   "geometry": {
    "type": "LineString",
    "coordinates": [
     [
      -56.14383620000001,
      -15.59543229951084
     ],
     [
      -56.1436362,
      -15.597432299510734
     ],
     [
      -56.1436362,
      -15.599632299510686
     ],
     [
      -56.1434362,
      -15.601732299510608
     ],
     [
      -56.14263620000003,
      -15.603032299510582
     ],
     [
      -56.14123619999998,
      -15.604532399510529
     ],
     [
      -56.139736200000016,
      -15.605632399510508
     ],
     [
      -56.1393362,
      -15.606232399510512
     ],
     [
      -56.13813620000002,
      -15.60773239951043
     ],
     [
      -56.137736200000006,
      -15.608732399510439
     ],
     [
      -56.13793620000001,
      -15.610232399510368
     ],
     [
      -56.13813620000003,
      -15.612032399510312
     ],
     [
      -56.13783619999998,
      -15.6135323995103
     ],
     [
      -56.137136199999986,
      -15.616632399510229
     ],
     [
      -56.135436200000015,
      -15.620432399510127
     ],
     [
      -56.1341362,
      -15.62283239951002
     ],
     [
      -56.13243619999998,
      -15.625432399509984
     ],
     [
      -56.13153620000003,
      -15.627032399509936
     ],
     [
      -56.13133620000002,
      -15.627732399509911
     ],
     [
      -56.130536199999995,
      -15.629132499509886
     ],
     [
      -56.12923619999998,
      -15.62993249950983
     ],
     [
      -56.12723620000003,
      -15.630032499509856
     ],
     [
      -56.123736099999974,
      -15.62963249950985
     ],
     [
      -56.12223610000001,
      -15.629332499509834
     ],
     [
      -56.120736099999995,
      -15.628732499509885
     ],
     [
      -56.11883610000001,
      -15.627332499509931
     ],
     [
      -56.11763610000003,
      -15.625832499509958
     ],
     [
      -56.11643609999999,
      -15.624632499510001
     ],
     [
      -56.11493610000002,
      -15.623032499510058
     ],
     [
      -56.112636099999975,
      -15.621132499510077
     ],
     [
      -56.110735999999974,
      -15.619632499510148
     ],
     [
      -56.10803600000003,
      -15.617432499510196
     ],
     [
      -56.106336,
      -15.617132499510216
     ],
     [
      -56.10533600000002,
      -15.617232499510187
     ],
     [
      -56.103836,
      -15.61793249951017
     ],
     [
      -56.101936000000016,
      -15.619532499510122
     ],
     [
      -56.100035999999996,
      -15.62093249951007
     ],
     [
      -56.09803599999998,
      -15.622632499510052
     ],
     [
      -56.09543600000001,
      -15.625132499509979
     ],
     [
      -56.092835999999984,
      -15.627232499509908
     ],
     [
      -56.09153600000002,
      -15.627932499509873
     ],
     [
      -56.08983599999999,
      -15.628932499509883
     ],
     [
      -56.08783590000002,
      -15.629832499509863
     ],
     [
      -56.085835900000006,
      -15.631032499509804
     ],
     [
      -56.08443590000002,
      -15.63203259950978
     ],
     [
      -56.08303590000003,
      -15.633232599509727
     ],
     [
      -56.08193590000002,
      -15.634832599509673
     ],
     [
      -56.0813359,
      -15.63573259950966
     ],
     [
      -56.0804359,
      -15.637132599509611
     ],
     [
      -56.078635899999995,
      -15.639532599509556
     ],
     [
      -56.077235900000005,
      -15.640932599509515
     ],
     [
      -56.0754359,
      -15.64223259950949
     ],
     [
      -56.07343589999999,
      -15.643632599509433
     ]
    ]
   },
   "properties": {
    "segmento": "jusante_capital",
    "ordem": 0,
    "cotrecho": 77926,
    "cobacia": "896573",
    "comprimento_km": 11.951
   }
  },
  {
   "type": "Feature",
   "geometry": {
    "type": "LineString",
    "coordinates": [
     [
      -56.07343589999999,
      -15.643632599509433
     ],
     [
      -56.0725359,
      -15.644232599509447
     ],
     [
      -56.0702359,
      -15.646232599509398
     ],
     [
      -56.07003589999999,
      -15.647832599509341
     ],
     [
      -56.06993590000002,
      -15.650332599509284
     ],
     [
      -56.07003589999999,
      -15.65433259950912
     ],
     [
      -56.07053589999998,
      -15.657632699509072
     ],
     [
      -56.07083590000002,
      -15.66153269950895
     ],
     [
      -56.071535900000015,
      -15.663532699508906
     ],
     [
      -56.072135899999985,
      -15.665732699508805
     ],
     [
      -56.0720359,
      -15.668132699508758
     ],
     [
      -56.07133590000001,
      -15.672732699508614
     ],
     [
      -56.07083590000002,
      -15.674432699508596
     ],
     [
      -56.070135900000025,
      -15.67693269950852
     ],
     [
      -56.0693359,
      -15.679232699508448
     ],
     [
      -56.069636,
      -15.680332699508421
     ],
     [
      -56.06983600000001,
      -15.680532699508433
     ],
     [
      -56.071236,
      -15.68223269950835
     ],
     [
      -56.07403599999998,
      -15.6844326995083
     ],
     [
      -56.078036,
      -15.68673269950823
     ],
     [
      -56.08273600000001,
      -15.687632699508208
     ],
     [
      -56.08733610000001,
      -15.688632699508206
     ],
     [
      -56.089836100000014,
      -15.688832699508147
     ],
     [
      -56.0937361,
      -15.688832699508154
     ],
     [
      -56.097836099999995,
      -15.688632699508215
     ],
     [
      -56.10243609999998,
      -15.688632699508206
     ],
     [
      -56.104036199999996,
      -15.688932699508182
     ],
     [
      -56.10533620000001,
      -15.689632699508156
     ],
     [
      -56.10793619999998,
      -15.691432699508113
     ],
     [
      -56.10933619999997,
      -15.692832699508061
     ],
     [
      -56.11213620000001,
      -15.694232699508005
     ],
     [
      -56.11383619999998,
      -15.695732699508001
     ],
     [
      -56.11453619999998,
      -15.698032699507912
     ],
     [
      -56.11423619999999,
      -15.700032699507876
     ],
     [
      -56.113436200000024,
      -15.701232699507825
     ],
     [
      -56.1119362,
      -15.702932699507807
     ],
     [
      -56.10933619999998,
      -15.705632699507726
     ],
     [
      -56.10643620000002,
      -15.709132699507602
     ],
     [
      -56.10553620000002,
      -15.710932699507557
     ],
     [
      -56.104636200000016,
      -15.714432799507453
     ],
     [
      -56.103236200000026,
      -15.717132799507384
     ],
     [
      -56.103236200000026,
      -15.718032799507355
     ],
     [
      -56.10343619999998,
      -15.720432799507307
     ],
     [
      -56.1042362,
      -15.722732799507234
     ],
     [
      -56.104636200000016,
      -15.724032799507158
     ],
     [
      -56.106836300000005,
      -15.729832799507024
     ],
     [
      -56.10773629999999,
      -15.732232799506974
     ],
     [
      -56.108336300000026,
      -15.736132799506855
     ],
     [
      -56.1100363,
      -15.740832799506745
     ],
     [
      -56.11123629999997,
      -15.743832799506643
     ],
     [
      -56.11343629999998,
      -15.74683279950654
     ],
     [
      -56.116136299999994,
      -15.749432799506497
     ],
     [
      -56.11933640000001,
      -15.752632799506392
     ],
     [
      -56.12333640000003,
      -15.7554327995063
     ],
     [
      -56.12673640000003,
      -15.758232799506207
     ],
     [
      -56.12853639999997,
      -15.758432799506199
     ],
     [
      -56.13323650000001,
      -15.758432799506199
     ],
     [
      -56.1364365,
      -15.758332799506231
     ],
     [
      -56.13923649999998,
      -15.757832799506254
     ],
     [
      -56.14063650000003,
      -15.757632799506245
     ],
     [
      -56.141236499999984,
      -15.757632799506245
     ],
     [
      -56.142236500000024,
      -15.757632799506245
     ],
     [
      -56.143436500000014,
      -15.75843279950619
     ],
     [
      -56.14433650000001,
      -15.759432799506204
     ],
     [
      -56.14523650000001,
      -15.762832799506103
     ],
     [
      -56.1455365,
      -15.765332799506034
     ],
     [
      -56.146336500000025,
      -15.768532799505948
     ]
    ]
   },
   "properties": {
    "segmento": "jusante_capital",
    "ordem": 1,
    "cotrecho": 33084,
    "cobacia": "8965715",
    "comprimento_km": 20.738
   }
  },
  {
   "type": "Feature",
   "geometry": {
    "type": "LineString",
    "coordinates": [
     [
      -56.146336500000025,
      -15.768532799505948
     ],
     [
      -56.14663660000002,
      -15.77103279950587
     ],
     [
      -56.146336599999984,
      -15.774432799505767
     ],
     [
      -56.14543659999998,
      -15.778232899505644
     ],
     [
      -56.14473659999998,
      -15.779732899505625
     ],
     [
      -56.14333659999999,
      -15.781532899505565
     ],
     [
      -56.142136600000015,
      -15.783132899505528
     ],
     [
      -56.140936599999975,
      -15.785632899505458
     ],
     [
      -56.13833649999998,
      -15.789432899505366
     ],
     [
      -56.1373365,
      -15.791032899505309
     ],
     [
      -56.136036499999996,
      -15.792532899505282
     ],
     [
      -56.133936500000004,
      -15.794032899505213
     ],
     [
      -56.13203650000003,
      -15.795732899505191
     ],
     [
      -56.12633649999999,
      -15.798832999505088
     ],
     [
      -56.124336500000034,
      -15.80003299950503
     ],
     [
      -56.12113649999997,
      -15.801632999504989
     ],
     [
      -56.119336499999974,
      -15.803532999504972
     ],
     [
      -56.11773649999998,
      -15.805232999504897
     ],
     [
      -56.117136500000015,
      -15.806732999504877
     ],
     [
      -56.11683649999998,
      -15.808132999504819
     ],
     [
      -56.116536499999995,
      -15.809632999504801
     ],
     [
      -56.1158365,
      -15.812932999504676
     ],
     [
      -56.11553650000002,
      -15.815932999504579
     ],
     [
      -56.11533650000001,
      -15.821132999504428
     ],
     [
      -56.1140365,
      -15.825533099504302
     ],
     [
      -56.112536499999976,
      -15.828433099504236
     ],
     [
      -56.111636499999975,
      -15.829133099504217
     ],
     [
      -56.1106365,
      -15.830133099504222
     ],
     [
      -56.106836499999986,
      -15.832733099504118
     ],
     [
      -56.1052365,
      -15.834533099504071
     ],
     [
      -56.10433649999999,
      -15.837033099504001
     ],
     [
      -56.1038365,
      -15.840933099503875
     ],
     [
      -56.10423650000001,
      -15.843833099503806
     ],
     [
      -56.10583650000001,
      -15.847133099503738
     ],
     [
      -56.107436500000006,
      -15.850933099503644
     ],
     [
      -56.10893650000003,
      -15.853933199503508
     ],
     [
      -56.10893650000003,
      -15.855833199503493
     ],
     [
      -56.108536500000014,
      -15.858433199503395
     ],
     [
      -56.1072365,
      -15.862733199503273
     ],
     [
      -56.105436499999996,
      -15.866433199503213
     ],
     [
      -56.10323649999998,
      -15.871033199503058
     ],
     [
      -56.10273649999999,
      -15.87563319950291
     ],
     [
      -56.1032366,
      -15.878633199502877
     ],
     [
      -56.10493659999998,
      -15.880833199502764
     ],
     [
      -56.10713659999999,
      -15.882033199502782
     ],
     [
      -56.107936600000016,
      -15.882833199502723
     ],
     [
      -56.10803659999999,
      -15.883733199502704
     ],
     [
      -56.10773660000001,
      -15.884533199502702
     ],
     [
      -56.10703660000001,
      -15.885033199502676
     ],
     [
      -56.10553659999999,
      -15.885033299502641
     ],
     [
      -56.10203660000002,
      -15.880833199502773
     ],
     [
      -56.098636500000005,
      -15.875533199502948
     ],
     [
      -56.09673650000002,
      -15.872333199503043
     ],
     [
      -56.095436500000005,
      -15.870633199503057
     ],
     [
      -56.094036500000016,
      -15.869233199503114
     ],
     [
      -56.09223650000001,
      -15.86803319950316
     ],
     [
      -56.09153650000002,
      -15.867333199503177
     ],
     [
      -56.09043650000001,
      -15.866833199503153
     ],
     [
      -56.08853649999998,
      -15.866633199503205
     ],
     [
      -56.0872364,
      -15.866633199503205
     ],
     [
      -56.085836400000005,
      -15.867133199503188
     ],
     [
      -56.084736400000004,
      -15.86783319950316
     ],
     [
      -56.08273639999999,
      -15.869033299503135
     ],
     [
      -56.08053640000003,
      -15.870433299503082
     ],
     [
      -56.07743640000001,
      -15.872833299503027
     ],
     [
      -56.07493640000001,
      -15.875533299502914
     ],
     [
      -56.072936399999996,
      -15.876533299502919
     ],
     [
      -56.07113639999999,
      -15.876733299502916
     ],
     [
      -56.06863640000001,
      -15.876033299502932
     ],
     [
      -56.0666364,
      -15.875133299502957
     ],
     [
      -56.06443630000001,
      -15.87473329950296
     ],
     [
      -56.06273629999998,
      -15.875033299502942
     ],
     [
      -56.06113629999999,
      -15.875833299502936
     ],
     [
      -56.05933629999998,
      -15.877633299502895
     ],
     [
      -56.058536300000014,
      -15.879633299502839
     ],
     [
      -56.05753629999998,
      -15.882233299502744
     ],
     [
      -56.05553630000003,
      -15.884533399502692
     ],
     [
      -56.05533630000002,
      -15.884733399502696
     ],
     [
      -56.05263630000002,
      -15.887833399502568
     ],
     [
      -56.05083630000002,
      -15.890133399502547
     ],
     [
      -56.04843629999999,
      -15.893333399502447
     ],
     [
      -56.04713629999998,
      -15.895633399502374
     ],
     [
      -56.04693630000003,
      -15.899033399502285
     ],
     [
      -56.04663629999999,
      -15.902433399502195
     ],
     [
      -56.046536300000014,
      -15.90693339950207
     ],
     [
      -56.04583630000002,
      -15.909033399501991
     ],
     [
      -56.04503629999999,
      -15.910633399501943
     ],
     [
      -56.04373629999998,
      -15.912033499501922
     ],
     [
      -56.04223630000001,
      -15.912833499501872
     ],
     [
      -56.04033629999998,
      -15.913833499501873
     ],
     [
      -56.0384363,
      -15.91463349950183
     ],
     [
      -56.03673629999997,
      -15.914933499501853
     ],
     [
      -56.03443629999999,
      -15.915433499501825
     ],
     [
      -56.032036300000016,
      -15.91543349950182
     ],
     [
      -56.0288362,
      -15.91533349950179
     ],
     [
      -56.02603620000002,
      -15.915033499501828
     ],
     [
      -56.02273619999999,
      -15.914333499501845
     ],
     [
      -56.0202362,
      -15.914033499501874
     ],
     [
      -56.01713619999998,
      -15.914233499501874
     ],
     [
      -56.01563620000002,
      -15.914333499501845
     ],
     [
      -56.01423620000003,
      -15.91533349950179
     ],
     [
      -56.013236199999994,
      -15.916133499501797
     ],
     [
      -56.01163619999999,
      -15.91783349950172
     ],
     [
      -56.01133620000002,
      -15.918833499501723
     ],
     [
      -56.01113620000001,
      -15.919933499501708
     ],
     [
      -56.01103619999998,
      -15.921533599501624
     ],
     [
      -56.01153620000002,
      -15.9230335995016
     ],
     [
      -56.01203620000001,
      -15.92433359950158
     ],
     [
      -56.013236199999994,
      -15.92573359950153
     ],
     [
      -56.01393619999999,
      -15.925933599501528
     ],
     [
      -56.01513619999997,
      -15.925933599501528
     ],
     [
      -56.016736200000025,
      -15.92563359950156
     ],
     [
      -56.01803619999998,
      -15.92523349950153
     ],
     [
      -56.019436199999966,
      -15.92463349950159
     ],
     [
      -56.02303619999998,
      -15.923133499501605
     ],
     [
      -56.025236199999995,
      -15.922033499501632
     ],
     [
      -56.02933630000001,
      -15.919733499501694
     ],
     [
      -56.03133630000003,
      -15.918833499501723
     ],
     [
      -56.0323363,
      -15.918933499501701
     ],
     [
      -56.03283629999998,
      -15.919033499501735
     ],
     [
      -56.03363630000002,
      -15.919433499501736
     ],
     [
      -56.034036300000025,
      -15.9201334995017
     ],
     [
      -56.03473630000002,
      -15.921533499501658
     ],
     [
      -56.035436300000015,
      -15.923433499501579
     ],
     [
      -56.03603629999998,
      -15.92523349950153
     ],
     [
      -56.03633630000001,
      -15.926333499501506
     ],
     [
      -56.036836300000004,
      -15.928033499501495
     ],
     [
      -56.03703630000002,
      -15.929833499501383
     ],
     [
      -56.03673629999997,
      -15.932033499501348
     ],
     [
      -56.03693629999997,
      -15.934933499501263
     ],
     [
      -56.03723630000001,
      -15.937133499501224
     ],
     [
      -56.03793630000002,
      -15.939133499501178
     ],
     [
      -56.0384363,
      -15.939833499501153
     ],
     [
      -56.03893629999998,
      -15.940833599501126
     ],
     [
      -56.040236400000026,
      -15.941733599501102
     ],
     [
      -56.041636400000016,
      -15.942233499501054
     ],
     [
      -56.04413640000001,
      -15.942833499501056
     ],
     [
      -56.045536399999996,
      -15.943233499501057
     ],
     [
      -56.04773640000002,
      -15.943833499501002
     ],
     [
      -56.04863640000003,
      -15.94433349950103
     ],
     [
      -56.049236399999984,
      -15.945033499501015
     ],
     [
      -56.04943639999999,
      -15.94573349950098
     ],
     [
      -56.04943639999999,
      -15.946933499500933
     ],
     [
      -56.04863640000003,
      -15.949233599500884
     ],
     [
      -56.04753640000001,
      -15.951433599500781
     ],
     [
      -56.046436400000005,
      -15.952833599500787
     ],
     [
      -56.045636399999985,
      -15.953633599500737
     ]
    ]
   },
   "properties": {
    "segmento": "jusante_capital",
    "ordem": 2,
    "cotrecho": 77915,
    "cobacia": "8965713",
    "comprimento_km": 37.938
   }
  },
  {
   "type": "Feature",
   "geometry": {
    "type": "LineString",
    "coordinates": [
     [
      -56.045636399999985,
      -15.953633599500737
     ],
     [
      -56.045036400000015,
      -15.95423359950074
     ],
     [
      -56.0437364,
      -15.955433599500685
     ],
     [
      -56.042436399999985,
      -15.956433599500699
     ],
     [
      -56.04093640000002,
      -15.95713359950067
     ],
     [
      -56.039336400000025,
      -15.957533599500621
     ],
     [
      -56.03793639999998,
      -15.957633599500637
     ],
     [
      -56.03623640000001,
      -15.957633599500637
     ],
     [
      -56.035136400000006,
      -15.957433599500648
     ],
     [
      -56.03193629999999,
      -15.956333599500665
     ],
     [
      -56.0291363,
      -15.955533599500718
     ],
     [
      -56.02583629999998,
      -15.954633599500744
     ],
     [
      -56.02383630000003,
      -15.954633599500744
     ],
     [
      -56.02243629999999,
      -15.954733599500706
     ],
     [
      -56.02113630000002,
      -15.955233599500689
     ],
     [
      -56.0205363,
      -15.95603359950069
     ],
     [
      -56.02023630000002,
      -15.956933599500662
     ],
     [
      -56.02023630000002,
      -15.958533599500612
     ],
     [
      -56.02043629999997,
      -15.960433599500542
     ],
     [
      -56.020836299999985,
      -15.961233599500552
     ],
     [
      -56.022336300000006,
      -15.962733599500469
     ],
     [
      -56.02403629999998,
      -15.964333599500419
     ],
     [
      -56.0278363,
      -15.967433699500381
     ],
     [
      -56.030036399999965,
      -15.969333699500305
     ],
     [
      -56.033336399999996,
      -15.971633699500233
     ],
     [
      -56.03453639999998,
      -15.972833699500232
     ],
     [
      -56.035036400000024,
      -15.973933699500158
     ],
     [
      -56.035036400000024,
      -15.974833699500126
     ],
     [
      -56.0342364,
      -15.975933699500114
     ],
     [
      -56.032636399999994,
      -15.97703369950009
     ],
     [
      -56.03143640000001,
      -15.977633699500087
     ],
     [
      -56.030036399999965,
      -15.978033699500097
     ],
     [
      -56.029036399999995,
      -15.978333699500068
     ],
     [
      -56.02663639999997,
      -15.978333699500068
     ],
     [
      -56.024936399999994,
      -15.97793369950007
     ],
     [
      -56.023436300000014,
      -15.97713369950011
     ],
     [
      -56.02253630000001,
      -15.97623369950014
     ],
     [
      -56.02163630000002,
      -15.974833699500135
     ],
     [
      -56.0205363,
      -15.973033699500174
     ],
     [
      -56.01953630000003,
      -15.971433699500228
     ],
     [
      -56.01843630000001,
      -15.969933699500304
     ],
     [
      -56.01753630000002,
      -15.968033699500326
     ],
     [
      -56.01723629999998,
      -15.967533699500347
     ],
     [
      -56.015936300000014,
      -15.965333699500405
     ],
     [
      -56.01483630000001,
      -15.96363369950047
     ],
     [
      -56.01333629999999,
      -15.961333699500543
     ],
     [
      -56.01263619999998,
      -15.960133699500537
     ],
     [
      -56.0116362,
      -15.959333699500588
     ],
     [
      -56.009536200000014,
      -15.958233699500612
     ],
     [
      -56.0073362,
      -15.957633699500613
     ],
     [
      -56.0057362,
      -15.957333699500628
     ],
     [
      -56.004136200000005,
      -15.957233699500662
     ],
     [
      -56.0023362,
      -15.957133699500636
     ],
     [
      -56.000436200000024,
      -15.957333699500643
     ],
     [
      -55.9985362,
      -15.957733699500636
     ],
     [
      -55.997336200000014,
      -15.958033699500604
     ],
     [
      -55.9962362,
      -15.958433699500619
     ],
     [
      -55.99513619999999,
      -15.95913369950059
     ],
     [
      -55.99403610000002,
      -15.959833699500562
     ],
     [
      -55.992936100000016,
      -15.961033699500511
     ],
     [
      -55.99153610000002,
      -15.962633699500527
     ],
     [
      -55.990236100000004,
      -15.964433699500418
     ],
     [
      -55.9900361,
      -15.96523369950042
     ],
     [
      -55.98983609999999,
      -15.96623369950037
     ],
     [
      -55.9895361,
      -15.968933699500301
     ],
     [
      -55.989536199999975,
      -15.972533699500207
     ],
     [
      -55.989536199999975,
      -15.976033799500101
     ],
     [
      -55.9894362,
      -15.977633799500053
     ],
     [
      -55.98913620000002,
      -15.978133799500084
     ],
     [
      -55.98863619999997,
      -15.978733799500036
     ],
     [
      -55.98803620000001,
      -15.979233799500012
     ],
     [
      -55.98713620000001,
      -15.979433799500008
     ],
     [
      -55.98603609999998,
      -15.979433799500013
     ],
     [
      -55.984536100000014,
      -15.979333799500035
     ],
     [
      -55.983136100000024,
      -15.97913379950004
     ],
     [
      -55.98143609999999,
      -15.978733799500036
     ],
     [
      -55.980136099999974,
      -15.97823379950007
     ],
     [
      -55.97743609999998,
      -15.977033799500107
     ],
     [
      -55.97603609999999,
      -15.976233799500106
     ],
     [
      -55.974236099999985,
      -15.97443379950015
     ],
     [
      -55.972936100000034,
      -15.972733799500222
     ],
     [
      -55.97253610000001,
      -15.97193379950022
     ],
     [
      -55.97233610000001,
      -15.970833799500245
     ],
     [
      -55.972236099999975,
      -15.969333799500328
     ],
     [
      -55.97233610000001,
      -15.96863379950035
     ],
     [
      -55.972836099999995,
      -15.967833799500346
     ],
     [
      -55.97403609999998,
      -15.966633799500393
     ],
     [
      -55.97573610000001,
      -15.96503369950042
     ],
     [
      -55.976536099999976,
      -15.964433699500418
     ],
     [
      -55.97763609999998,
      -15.963833699500475
     ],
     [
      -55.97953610000002,
      -15.962533699500494
     ],
     [
      -55.98033609999999,
      -15.961933699500491
     ],
     [
      -55.98063610000003,
      -15.96123369950052
     ],
     [
      -55.98013609999998,
      -15.960133699500537
     ]
    ]
   },
   "properties": {
    "segmento": "jusante_capital",
    "ordem": 3,
    "cotrecho": 77929,
    "cobacia": "8965711",
    "comprimento_km": 17.512
   }
  },
  {
   "type": "Feature",
   "geometry": {
    "type": "LineString",
    "coordinates": [
     [
      -55.98013609999998,
      -15.960133699500537
     ],
     [
      -55.979736100000025,
      -15.959633699500563
     ],
     [
      -55.9789361,
      -15.95913369950059
     ],
     [
      -55.977636099999984,
      -15.958733699500593
     ],
     [
      -55.976336100000026,
      -15.958733699500593
     ],
     [
      -55.97483599999998,
      -15.958933699500582
     ],
     [
      -55.97393599999998,
      -15.959233699500622
     ],
     [
      -55.97303599999998,
      -15.959633699500563
     ],
     [
      -55.97153600000002,
      -15.960833699500572
     ],
     [
      -55.97043600000001,
      -15.961933799500509
     ],
     [
      -55.969736000000005,
      -15.962833799500485
     ],
     [
      -55.96873599999998,
      -15.964233799500436
     ],
     [
      -55.96793600000001,
      -15.965733799500413
     ],
     [
      -55.96713599999998,
      -15.967033799500394
     ],
     [
      -55.96643599999999,
      -15.967833799500346
     ],
     [
      -55.96573599999999,
      -15.968433799500344
     ],
     [
      -55.964835999999984,
      -15.968833799500345
     ],
     [
      -55.96363600000001,
      -15.969133799500327
     ],
     [
      -55.962635999999975,
      -15.969133799500327
     ],
     [
      -55.961536000000024,
      -15.969233799500298
     ],
     [
      -55.960236000000016,
      -15.969033799500297
     ],
     [
      -55.95943599999998,
      -15.968533799500323
     ],
     [
      -55.95883600000002,
      -15.968233799500346
     ],
     [
      -55.957336,
      -15.966733799500371
     ],
     [
      -55.95623599999999,
      -15.965033799500441
     ],
     [
      -55.95563600000003,
      -15.964233799500448
     ],
     [
      -55.95523589999999,
      -15.963433799500494
     ],
     [
      -55.95483589999998,
      -15.961433799500542
     ],
     [
      -55.95443590000002,
      -15.960233799500589
     ],
     [
      -55.95413589999998,
      -15.959233799500586
     ],
     [
      -55.953635899999995,
      -15.959033799500583
     ],
     [
      -55.953035899999975,
      -15.958833799500585
     ],
     [
      -55.95263590000002,
      -15.959033799500583
     ],
     [
      -55.9520359,
      -15.959533799500553
     ],
     [
      -55.95143589999998,
      -15.96063379950053
     ],
     [
      -55.951335900000004,
      -15.961433799500538
     ],
     [
      -55.95103590000003,
      -15.962333799500515
     ],
     [
      -55.950835900000015,
      -15.96493379950042
     ],
     [
      -55.95053589999998,
      -15.967233799500342
     ],
     [
      -55.9504359,
      -15.968433799500357
     ],
     [
      -55.94983589999998,
      -15.970433799500304
     ],
     [
      -55.94963589999997,
      -15.972033799500258
     ],
     [
      -55.949635899999976,
      -15.973433799500214
     ],
     [
      -55.949635899999976,
      -15.974933799500127
     ],
     [
      -55.94943590000002,
      -15.975533799500134
     ],
     [
      -55.94903590000001,
      -15.976233799500106
     ],
     [
      -55.94843589999999,
      -15.976433799500105
     ],
     [
      -55.94763590000003,
      -15.976433799500105
     ],
     [
      -55.947035899999996,
      -15.976233799500106
     ],
     [
      -55.94603590000003,
      -15.975533799500134
     ],
     [
      -55.94503589999999,
      -15.97513379950012
     ],
     [
      -55.9443359,
      -15.97463379950015
     ],
     [
      -55.9427359,
      -15.973533799500167
     ],
     [
      -55.941635899999994,
      -15.972733799500222
     ],
     [
      -55.94043590000001,
      -15.972033799500258
     ],
     [
      -55.939835899999984,
      -15.97193379950022
     ],
     [
      -55.93923590000003,
      -15.97193379950022
     ],
     [
      -55.93833590000003,
      -15.972233799500254
     ],
     [
      -55.93773590000001,
      -15.9726337995002
     ],
     [
      -55.937335899999994,
      -15.973033899500225
     ],
     [
      -55.93693589999997,
      -15.9737338995002
     ],
     [
      -55.93703590000001,
      -15.97473389950015
     ],
     [
      -55.937335899999994,
      -15.975433899500121
     ],
     [
      -55.93833590000003,
      -15.97713389950011
     ],
     [
      -55.93883590000002,
      -15.977933899500051
     ],
     [
      -55.9393359,
      -15.979333899499998
     ],
     [
      -55.9393359,
      -15.98073389950001
     ],
     [
      -55.9391359,
      -15.981633899499986
     ],
     [
      -55.93883590000002,
      -15.98223389949993
     ],
     [
      -55.93853589999998,
      -15.982733899499962
     ],
     [
      -55.93803589999999,
      -15.98323389949994
     ],
     [
      -55.937335899999994,
      -15.983933899499915
     ],
     [
      -55.936535900000024,
      -15.984733899499865
     ],
     [
      -55.93553589999999,
      -15.985633899499836
     ],
     [
      -55.934635899999996,
      -15.986233899499842
     ],
     [
      -55.93303589999999,
      -15.987233899499788
     ],
     [
      -55.93183590000001,
      -15.987733899499815
     ],
     [
      -55.93013589999998,
      -15.988533899499757
     ],
     [
      -55.927635899999984,
      -15.98933389949977
     ],
     [
      -55.92593590000001,
      -15.989933899499714
     ],
     [
      -55.924635799999976,
      -15.990533899499713
     ]
    ]
   },
   "properties": {
    "segmento": "jusante_capital",
    "ordem": 4,
    "cotrecho": 33044,
    "cobacia": "896559",
    "comprimento_km": 10.518
   }
  },
  {
   "type": "Feature",
   "geometry": {
    "type": "LineString",
    "coordinates": [
     [
      -55.924635799999976,
      -15.990533899499713
     ],
     [
      -55.923835800000006,
      -15.991233899499692
     ],
     [
      -55.92283579999997,
      -15.992433899499641
     ],
     [
      -55.92193580000003,
      -15.993833899499656
     ],
     [
      -55.9218358,
      -15.994633899499599
     ],
     [
      -55.92173580000002,
      -15.9954338994996
     ],
     [
      -55.9216358,
      -15.996433999499567
     ],
     [
      -55.92133580000001,
      -15.997833999499525
     ],
     [
      -55.92083580000002,
      -15.999433999499473
     ],
     [
      -55.92053579999998,
      -16.00023399949942
     ],
     [
      -55.920135800000025,
      -16.000833999499427
     ],
     [
      -55.91843579999999,
      -16.003733999499357
     ],
     [
      -55.91743580000002,
      -16.005433999499285
     ],
     [
      -55.91683580000001,
      -16.006733999499257
     ],
     [
      -55.916135800000006,
      -16.007833999499233
     ],
     [
      -55.91483579999999,
      -16.010033999499196
     ],
     [
      -55.913735799999984,
      -16.012133999499117
     ],
     [
      -55.91273580000001,
      -16.013533999499067
     ],
     [
      -55.909835799999996,
      -16.015633999498988
     ],
     [
      -55.907935800000025,
      -16.017033999498995
     ],
     [
      -55.90733579999999,
      -16.017933999498972
     ],
     [
      -55.90683580000002,
      -16.018933999498927
     ],
     [
      -55.90653579999997,
      -16.021034099498866
     ],
     [
      -55.90623579999999,
      -16.02243409949883
     ],
     [
      -55.906035799999984,
      -16.0239340994988
     ],
     [
      -55.90543580000002,
      -16.02543409949872
     ],
     [
      -55.904635799999994,
      -16.02713409949871
     ],
     [
      -55.903635800000025,
      -16.028734099498656
     ],
     [
      -55.903235800000004,
      -16.031934099498567
     ],
     [
      -55.90273580000002,
      -16.03303409949854
     ],
     [
      -55.9023358,
      -16.033734099498513
     ],
     [
      -55.9014358,
      -16.034334099498512
     ],
     [
      -55.89983580000001,
      -16.03503409949849
     ],
     [
      -55.89743579999998,
      -16.03503409949849
     ],
     [
      -55.895535800000005,
      -16.03503409949849
     ],
     [
      -55.89383579999998,
      -16.03573409949847
     ],
     [
      -55.89303580000001,
      -16.036634099498436
     ],
     [
      -55.892735800000025,
      -16.03743409949839
     ]
    ]
   },
   "properties": {
    "segmento": "jusante_capital",
    "ordem": 5,
    "cotrecho": 77815,
    "cobacia": "8965573",
    "comprimento_km": 6.695
   }
  },
  {
   "type": "Feature",
   "geometry": {
    "type": "LineString",
    "coordinates": [
     [
      -55.892735800000025,
      -16.03743409949839
     ],
     [
      -55.893235800000014,
      -16.03883409949834
     ],
     [
      -55.89403579999998,
      -16.039834099498343
     ],
     [
      -55.895335800000005,
      -16.040134099498317
     ],
     [
      -55.896335799999974,
      -16.039334099498372
     ],
     [
      -55.897635799999996,
      -16.038634099498395
     ],
     [
      -55.899535800000024,
      -16.038734099498367
     ],
     [
      -55.90093580000002,
      -16.03923409949834
     ],
     [
      -55.9023358,
      -16.040334099498324
     ],
     [
      -55.903535799999986,
      -16.041734099498267
     ],
     [
      -55.903935800000006,
      -16.04333409949822
     ],
     [
      -55.9040359,
      -16.04513409949818
     ],
     [
      -55.90393590000003,
      -16.046934099498127
     ],
     [
      -55.90353590000001,
      -16.048034099498107
     ],
     [
      -55.9024359,
      -16.04933409949809
     ],
     [
      -55.901235799999995,
      -16.050334199498057
     ],
     [
      -55.8996358,
      -16.050834199498027
     ],
     [
      -55.898335799999984,
      -16.051334199498005
     ],
     [
      -55.89703580000002,
      -16.052134199498013
     ],
     [
      -55.89593580000002,
      -16.05383419949793
     ],
     [
      -55.89383579999998,
      -16.057934199497808
     ],
     [
      -55.89303580000001,
      -16.059034199497788
     ],
     [
      -55.89223579999999,
      -16.060434199497738
     ],
     [
      -55.89023580000003,
      -16.06153419949772
     ],
     [
      -55.888235800000025,
      -16.062434199497694
     ],
     [
      -55.8860358,
      -16.063234199497696
     ],
     [
      -55.883535800000004,
      -16.063734199497667
     ],
     [
      -55.88143580000002,
      -16.06383419949765
     ],
     [
      -55.8801358,
      -16.064534199497682
     ],
     [
      -55.87973579999999,
      -16.065734199497626
     ],
     [
      -55.880135800000005,
      -16.067434199497548
     ],
     [
      -55.880935799999975,
      -16.069034199497505
     ],
     [
      -55.88223579999999,
      -16.071234199497457
     ],
     [
      -55.883835799999986,
      -16.073634299497378
     ],
     [
      -55.88543579999998,
      -16.076234299497337
     ],
     [
      -55.886135799999984,
      -16.077534299497312
     ],
     [
      -55.88653579999999,
      -16.07893429949726
     ],
     [
      -55.886435800000015,
      -16.08063429949719
     ],
     [
      -55.8860358,
      -16.081634299497182
     ],
     [
      -55.88523579999997,
      -16.08293429949711
     ],
     [
      -55.884335799999974,
      -16.08473429949706
     ],
     [
      -55.88283580000001,
      -16.085934299497076
     ],
     [
      -55.8808358,
      -16.08753429949702
     ],
     [
      -55.879735799999985,
      -16.088634299497002
     ],
     [
      -55.8790358,
      -16.089734299496925
     ],
     [
      -55.879535799999985,
      -16.090834299496905
     ],
     [
      -55.88063579999999,
      -16.09253429949688
     ],
     [
      -55.88193580000001,
      -16.094434299496807
     ],
     [
      -55.882835899999975,
      -16.096334299496785
     ],
     [
      -55.88373589999998,
      -16.098134299496746
     ],
     [
      -55.88393589999998,
      -16.10013429949663
     ],
     [
      -55.883435899999995,
      -16.102634299496568
     ],
     [
      -55.88303589999998,
      -16.104534299496553
     ],
     [
      -55.88303589999998,
      -16.105934299496493
     ],
     [
      -55.88353590000002,
      -16.106734399496464
     ],
     [
      -55.884835899999985,
      -16.107434399496437
     ],
     [
      -55.888335900000015,
      -16.107634299496414
     ],
     [
      -55.890935899999995,
      -16.10743429949647
     ],
     [
      -55.89263590000001,
      -16.10773429949645
     ],
     [
      -55.89333590000001,
      -16.10843429949642
     ],
     [
      -55.893435899999986,
      -16.109034299496418
     ],
     [
      -55.893135900000004,
      -16.109634299496374
     ],
     [
      -55.89233589999998,
      -16.10983429949638
     ],
     [
      -55.8911359,
      -16.109734299496406
     ],
     [
      -55.88893589999998,
      -16.109534299496406
     ],
     [
      -55.887635900000014,
      -16.110234399496402
     ],
     [
      -55.88653590000001,
      -16.111434399496346
     ],
     [
      -55.88583590000002,
      -16.1136343994963
     ],
     [
      -55.88563590000001,
      -16.11573439949623
     ],
     [
      -55.88563590000001,
      -16.118434399496163
     ],
     [
      -55.88603590000002,
      -16.120434399496105
     ],
     [
      -55.8870359,
      -16.123234399496017
     ]
    ]
   },
   "properties": {
    "segmento": "jusante_capital",
    "ordem": 6,
    "cotrecho": 113520,
    "cobacia": "8965571",
    "comprimento_km": 14.203000000000001
   }
  },
  {
   "type": "Feature",
   "geometry": {
    "type": "LineString",
    "coordinates": [
     [
      -55.8870359,
      -16.123234399496017
     ],
     [
      -55.88803589999998,
      -16.12503439949597
     ],
     [
      -55.889635999999996,
      -16.12653439949594
     ],
     [
      -55.89183600000001,
      -16.127934399495892
     ],
     [
      -55.89463599999999,
      -16.12843439949587
     ],
     [
      -55.89683600000001,
      -16.128034399495863
     ],
     [
      -55.89813600000002,
      -16.126734399495895
     ],
     [
      -55.89923599999997,
      -16.125234399495973
     ],
     [
      -55.899336000000005,
      -16.12413439949599
     ],
     [
      -55.89943599999998,
      -16.12213439949603
     ],
     [
      -55.89953600000001,
      -16.12023439949611
     ],
     [
      -55.89963599999999,
      -16.118534399496124
     ],
     [
      -55.90023600000001,
      -16.117334299496168
     ],
     [
      -55.90143599999999,
      -16.116634299496187
     ],
     [
      -55.90243600000002,
      -16.11653429949621
     ],
     [
      -55.904236000000026,
      -16.11683429949618
     ],
     [
      -55.90583600000003,
      -16.11783429949619
     ],
     [
      -55.90713599999998,
      -16.119234299496142
     ],
     [
      -55.907636000000025,
      -16.120834299496092
     ],
     [
      -55.90743600000002,
      -16.123034299495995
     ],
     [
      -55.90663599999999,
      -16.12483439949597
     ],
     [
      -55.905236,
      -16.126234399495925
     ],
     [
      -55.90393599999999,
      -16.127334399495894
     ],
     [
      -55.903035999999986,
      -16.12863439949587
     ],
     [
      -55.90193599999998,
      -16.130134399495795
     ],
     [
      -55.90203600000001,
      -16.132034399495772
     ],
     [
      -55.90263599999997,
      -16.13283439949572
     ],
     [
      -55.90403600000001,
      -16.1337343994957
     ],
     [
      -55.90583609999999,
      -16.1339343994957
     ],
     [
      -55.907536100000016,
      -16.1337343994957
     ],
     [
      -55.90913610000002,
      -16.132734399495746
     ],
     [
      -55.91083609999998,
      -16.130734399495793
     ],
     [
      -55.913736099999994,
      -16.1283343994959
     ],
     [
      -55.9155361,
      -16.1270342994959
     ],
     [
      -55.916936099999994,
      -16.12643429949595
     ],
     [
      -55.91833609999998,
      -16.126334299495927
     ],
     [
      -55.9191361,
      -16.12653429949592
     ],
     [
      -55.919436099999984,
      -16.127134299495932
     ],
     [
      -55.91903610000003,
      -16.128234299495844
     ],
     [
      -55.918336099999976,
      -16.129234299495852
     ],
     [
      -55.91873609999999,
      -16.131534399495806
     ],
     [
      -55.919536100000016,
      -16.132934399495745
     ],
     [
      -55.92023610000001,
      -16.134234399495735
     ],
     [
      -55.92183610000001,
      -16.13573439949565
     ],
     [
      -55.92303620000001,
      -16.13643439949563
     ],
     [
      -55.92533620000001,
      -16.137034399495626
     ],
     [
      -55.92753620000002,
      -16.137034299495603
     ],
     [
      -55.93003620000002,
      -16.13723429949561
     ],
     [
      -55.93223619999998,
      -16.136134299495634
     ],
     [
      -55.9337362,
      -16.13483429949571
     ],
     [
      -55.93543620000003,
      -16.133634299495707
     ],
     [
      -55.93743619999998,
      -16.133034299495755
     ],
     [
      -55.938836200000026,
      -16.133334299495733
     ]
    ]
   },
   "properties": {
    "segmento": "jusante_capital",
    "ordem": 7,
    "cotrecho": 33018,
    "cobacia": "8965553",
    "comprimento_km": 10.456000000000001
   }
  },
  {
   "type": "Feature",
   "geometry": {
    "type": "LineString",
    "coordinates": [
     [
      -55.938836200000026,
      -16.133334299495733
     ],
     [
      -55.93923619999998,
      -16.134434299495716
     ],
     [
      -55.938836200000026,
      -16.136034299495673
     ],
     [
      -55.937936200000024,
      -16.137834299495612
     ],
     [
      -55.93703620000002,
      -16.138934299495585
     ],
     [
      -55.93503620000001,
      -16.139934299495547
     ],
     [
      -55.933036200000004,
      -16.141034399495542
     ],
     [
      -55.93083619999999,
      -16.14213439949546
     ],
     [
      -55.92773620000003,
      -16.142634399495496
     ],
     [
      -55.92503620000002,
      -16.142234399495486
     ],
     [
      -55.923636199999976,
      -16.142534399495464
     ],
     [
      -55.9235362,
      -16.14353439949547
     ],
     [
      -55.924236199999996,
      -16.144834399495387
     ],
     [
      -55.925736200000024,
      -16.1460343994954
     ],
     [
      -55.927436199999995,
      -16.14773439949532
     ],
     [
      -55.92773620000003,
      -16.14793439949532
     ],
     [
      -55.92803620000001,
      -16.148134399495323
     ],
     [
      -55.92953619999997,
      -16.14923439949531
     ],
     [
      -55.931936199999996,
      -16.150634399495246
     ],
     [
      -55.93423619999999,
      -16.151734399495226
     ],
     [
      -55.9358363,
      -16.152734399495174
     ],
     [
      -55.93683629999998,
      -16.153434399495147
     ],
     [
      -55.93763630000001,
      -16.15483439949516
     ],
     [
      -55.93773629999998,
      -16.156534399495087
     ],
     [
      -55.9376363,
      -16.158034399495065
     ],
     [
      -55.93793629999999,
      -16.159934399494993
     ],
     [
      -55.93853630000001,
      -16.161034399494966
     ],
     [
      -55.93953629999998,
      -16.16223439949491
     ],
     [
      -55.940636299999994,
      -16.163434399494925
     ],
     [
      -55.9417363,
      -16.164634399494865
     ],
     [
      -55.94313629999999,
      -16.165834399494816
     ],
     [
      -55.94593630000002,
      -16.1673343994948
     ],
     [
      -55.94803639999998,
      -16.168234399494786
     ],
     [
      -55.95043640000001,
      -16.168934399494752
     ],
     [
      -55.952236400000004,
      -16.169434399494726
     ],
     [
      -55.95363639999999,
      -16.170734399494705
     ],
     [
      -55.95493640000001,
      -16.17213439949465
     ],
     [
      -55.95583640000001,
      -16.172834399494636
     ],
     [
      -55.95913639999998,
      -16.172834399494622
     ],
     [
      -55.9650365,
      -16.17363439949463
     ],
     [
      -55.96713649999998,
      -16.17423439949458
     ],
     [
      -55.96873649999998,
      -16.17523439949458
     ],
     [
      -55.96963649999998,
      -16.175634399494534
     ],
     [
      -55.96963649999997,
      -16.176834399494542
     ],
     [
      -55.9693365,
      -16.177634399494487
     ],
     [
      -55.9670365,
      -16.179034399494427
     ],
     [
      -55.96543650000001,
      -16.180334399494413
     ],
     [
      -55.96463649999998,
      -16.18133439949442
     ],
     [
      -55.96433650000001,
      -16.182834399494343
     ],
     [
      -55.96403650000001,
      -16.185034399494295
     ],
     [
      -55.96403650000001,
      -16.1878343994942
     ],
     [
      -55.96533649999998,
      -16.19003439949416
     ],
     [
      -55.966736500000025,
      -16.19283439949406
     ],
     [
      -55.968436499999996,
      -16.19463439949401
     ],
     [
      -55.97073649999999,
      -16.19743439949396
     ],
     [
      -55.97313659999998,
      -16.19953439949389
     ],
     [
      -55.97623659999999,
      -16.20203439949382
     ],
     [
      -55.97923659999998,
      -16.204034399493768
     ],
     [
      -55.982836599999985,
      -16.2057343994937
     ],
     [
      -55.98393659999999,
      -16.206234399493724
     ],
     [
      -55.984936600000026,
      -16.2061343994937
     ],
     [
      -55.98563660000002,
      -16.2061343994937
     ],
     [
      -55.987336700000014,
      -16.205934399493696
     ],
     [
      -55.98923669999999,
      -16.20533439949375
     ],
     [
      -55.991636700000015,
      -16.203734399493744
     ],
     [
      -55.99363670000003,
      -16.20173439949385
     ],
     [
      -55.995036700000014,
      -16.200134399493894
     ],
     [
      -55.99823670000001,
      -16.19893439949389
     ],
     [
      -55.99913670000001,
      -16.198034399493906
     ]
    ]
   },
   "properties": {
    "segmento": "jusante_capital",
    "ordem": 8,
    "cotrecho": 77844,
    "cobacia": "8965551",
    "comprimento_km": 15.452
   }
  },
  {
   "type": "Feature",
   "geometry": {
    "type": "LineString",
    "coordinates": [
     [
      -55.99913670000001,
      -16.198034399493906
     ],
     [
      -56.000236700000016,
      -16.198134399493945
     ],
     [
      -56.001036699999986,
      -16.19953439949389
     ],
     [
      -56.00113670000001,
      -16.201034399493874
     ],
     [
      -56.00063669999997,
      -16.20333439949379
     ],
     [
      -55.99973670000003,
      -16.204634399493724
     ],
     [
      -55.99943669999999,
      -16.2061343994937
     ],
     [
      -55.997736700000026,
      -16.208934399493597
     ],
     [
      -55.99603669999999,
      -16.211334399493552
     ],
     [
      -55.9946367,
      -16.212734399493506
     ],
     [
      -55.99263669999999,
      -16.214634399493487
     ],
     [
      -55.9919367,
      -16.216334399493412
     ],
     [
      -55.99143670000001,
      -16.217834499493353
     ],
     [
      -55.99173669999999,
      -16.219534499493342
     ],
     [
      -55.992536700000024,
      -16.22123449949326
     ],
     [
      -55.993636700000025,
      -16.22323449949322
     ],
     [
      -55.995036700000014,
      -16.22553449949314
     ],
     [
      -55.99673669999998,
      -16.2275344994931
     ],
     [
      -55.99943680000001,
      -16.229834499493027
     ],
     [
      -56.000636799999995,
      -16.23083449949303
     ],
     [
      -56.0008368,
      -16.231934499493015
     ],
     [
      -55.99963680000002,
      -16.2339344994929
     ],
     [
      -55.99873680000002,
      -16.236334499492866
     ],
     [
      -55.997836800000016,
      -16.238334499492826
     ],
     [
      -55.99683679999998,
      -16.24173449949273
     ],
     [
      -55.99523679999999,
      -16.243534499492675
     ],
     [
      -55.99413679999997,
      -16.246434499492608
     ],
     [
      -55.99283680000002,
      -16.250734499492488
     ],
     [
      -55.9922368,
      -16.251934599492454
     ],
     [
      -55.990636800000004,
      -16.25403459949239
     ],
     [
      -55.9897368,
      -16.255434599492336
     ],
     [
      -55.989236800000015,
      -16.256434599492287
     ],
     [
      -55.989236800000015,
      -16.257434599492285
     ],
     [
      -55.99033680000002,
      -16.25853459949226
     ],
     [
      -55.992136800000026,
      -16.260134599492215
     ],
     [
      -55.99363679999999,
      -16.26163459949214
     ],
     [
      -55.99463680000002,
      -16.263034599492144
     ],
     [
      -55.99523679999999,
      -16.264434599492095
     ],
     [
      -55.99543679999999,
      -16.26603459949205
     ],
     [
      -55.99523679999999,
      -16.267734599491977
     ],
     [
      -55.9947368,
      -16.26953459949193
     ],
     [
      -55.9938368,
      -16.271034599491905
     ],
     [
      -55.99313680000001,
      -16.271634599491914
     ],
     [
      -55.99173680000001,
      -16.27203459949186
     ],
     [
      -55.990336800000016,
      -16.27143459949191
     ],
     [
      -55.98833680000001,
      -16.270434599491907
     ],
     [
      -55.98643679999997,
      -16.269934599491926
     ],
     [
      -55.98533680000003,
      -16.270534599491935
     ],
     [
      -55.98523679999999,
      -16.271534599491883
     ],
     [
      -55.98643679999998,
      -16.272634599491862
     ],
     [
      -55.98733679999997,
      -16.273934599491835
     ],
     [
      -55.98813680000001,
      -16.275434599491753
     ],
     [
      -55.98873680000003,
      -16.27773459949169
     ],
     [
      -55.98873680000003,
      -16.27993459949164
     ],
     [
      -55.98813680000001,
      -16.28303459949158
     ],
     [
      -55.987136799999966,
      -16.286534699491472
     ],
     [
      -55.98623679999998,
      -16.28973469949137
     ],
     [
      -55.98533680000003,
      -16.29153469949133
     ],
     [
      -55.98513680000002,
      -16.29253469949128
     ],
     [
      -55.98503679999999,
      -16.29403469949125
     ],
     [
      -55.98483679999998,
      -16.295834699491213
     ],
     [
      -55.984336799999994,
      -16.296934699491185
     ],
     [
      -55.983836800000006,
      -16.29743469949117
     ],
     [
      -55.9827368,
      -16.297234699491163
     ],
     [
      -55.98223680000001,
      -16.296434699491215
     ],
     [
      -55.98133680000001,
      -16.294834699491265
     ],
     [
      -55.98053679999998,
      -16.29373469949128
     ],
     [
      -55.979436799999974,
      -16.292834699491316
     ],
     [
      -55.977536799999996,
      -16.292734699491287
     ],
     [
      -55.9743368,
      -16.292434699491302
     ],
     [
      -55.97203680000001,
      -16.292034699491303
     ],
     [
      -55.970436800000016,
      -16.2922346994913
     ],
     [
      -55.969336699999985,
      -16.292734699491273
     ],
     [
      -55.96783670000002,
      -16.29413469949123
     ],
     [
      -55.96673670000001,
      -16.295634699491206
     ],
     [
      -55.96553669999997,
      -16.296834699491157
     ],
     [
      -55.96333670000001,
      -16.297734699491134
     ],
     [
      -55.96123669999997,
      -16.29863469949111
     ],
     [
      -55.958736699999974,
      -16.299734799491116
     ],
     [
      -55.95663669999998,
      -16.30193479949107
     ],
     [
      -55.95493670000002,
      -16.303834799490993
     ]
    ]
   },
   "properties": {
    "segmento": "jusante_capital",
    "ordem": 9,
    "cotrecho": 27187,
    "cobacia": "8965533",
    "comprimento_km": 17.486
   }
  },
  {
   "type": "Feature",
   "geometry": {
    "type": "LineString",
    "coordinates": [
     [
      -55.95493670000002,
      -16.303834799490993
     ],
     [
      -55.95293670000001,
      -16.306234799490948
     ],
     [
      -55.951136700000006,
      -16.307834799490898
     ],
     [
      -55.94753670000001,
      -16.30943479949085
     ],
     [
      -55.945436700000016,
      -16.31053479949083
     ],
     [
      -55.94373669999999,
      -16.312034799490753
     ],
     [
      -55.94303669999999,
      -16.31443479949072
     ]
    ]
   },
   "properties": {
    "segmento": "jusante_capital",
    "ordem": 10,
    "cotrecho": 257,
    "cobacia": "8965531",
    "comprimento_km": 1.804
   }
  },
  {
   "type": "Feature",
   "geometry": {
    "type": "LineString",
    "coordinates": [
     [
      -55.94303669999999,
      -16.31443479949072
     ],
     [
      -55.94303669999999,
      -16.316534799490636
     ],
     [
      -55.94343670000001,
      -16.3183347994906
     ],
     [
      -55.9441367,
      -16.319734799490536
     ],
     [
      -55.945336699999984,
      -16.320834799490513
     ],
     [
      -55.947336699999994,
      -16.321834799490464
     ],
     [
      -55.94983669999999,
      -16.322834799490472
     ],
     [
      -55.95283669999998,
      -16.324634799490433
     ],
     [
      -55.95423670000002,
      -16.32583479949038
     ],
     [
      -55.955136700000025,
      -16.327234799490327
     ],
     [
      -55.95563679999998,
      -16.32883479949028
     ],
     [
      -55.955836799999986,
      -16.330634899490256
     ],
     [
      -55.95563679999998,
      -16.332634899490206
     ],
     [
      -55.954436799999996,
      -16.334934899490133
     ],
     [
      -55.9518367,
      -16.336434899490047
     ],
     [
      -55.9484367,
      -16.338034899490072
     ],
     [
      -55.94643669999999,
      -16.338534899490035
     ],
     [
      -55.945336699999984,
      -16.338634899490017
     ],
     [
      -55.94473670000003,
      -16.339234899490016
     ],
     [
      -55.94493670000003,
      -16.340034899489957
     ],
     [
      -55.946136700000004,
      -16.341034899489966
     ],
     [
      -55.94783669999998,
      -16.342134899489945
     ],
     [
      -55.949536799999976,
      -16.343634899489864
     ],
     [
      -55.9508368,
      -16.34443489948987
     ],
     [
      -55.952736800000025,
      -16.34543489948982
     ],
     [
      -55.955736800000004,
      -16.3465348994898
     ],
     [
      -55.95753680000001,
      -16.3473348994898
     ],
     [
      -55.95863680000002,
      -16.347834899489776
     ],
     [
      -55.95943679999999,
      -16.348534899489756
     ],
     [
      -55.959836800000005,
      -16.350134899489703
     ],
     [
      -55.95953680000002,
      -16.35193489948966
     ],
     [
      -55.95883679999997,
      -16.353534899489613
     ],
     [
      -55.95833679999999,
      -16.35513489948956
     ],
     [
      -55.95743679999998,
      -16.35763489948949
     ],
     [
      -55.95593680000002,
      -16.357834899489493
     ],
     [
      -55.95333679999999,
      -16.358134899489464
     ],
     [
      -55.95203679999997,
      -16.359434899489447
     ],
     [
      -55.952036799999966,
      -16.36223499948937
     ],
     [
      -55.9508368,
      -16.36383499948932
     ],
     [
      -55.9496368,
      -16.3649349994893
     ],
     [
      -55.950636799999984,
      -16.36673499948924
     ],
     [
      -55.95003680000002,
      -16.368834999489174
     ],
     [
      -55.9501368,
      -16.37063499948913
     ],
     [
      -55.94823680000002,
      -16.371934999489103
     ],
     [
      -55.94893680000001,
      -16.37393499948905
     ],
     [
      -55.94903679999999,
      -16.375334999489013
     ],
     [
      -55.948136799999986,
      -16.376034999488986
     ],
     [
      -55.94633679999998,
      -16.376034999488986
     ],
     [
      -55.944936799999994,
      -16.377034999488938
     ],
     [
      -55.9442368,
      -16.37903499948889
     ],
     [
      -55.94363679999998,
      -16.381634999488853
     ]
    ]
   },
   "properties": {
    "segmento": "jusante_capital",
    "ordem": 11,
    "cotrecho": 77744,
    "cobacia": "896551",
    "comprimento_km": 10.786000000000001
   }
  },
  {
   "type": "Feature",
   "geometry": {
    "type": "LineString",
    "coordinates": [
     [
      -55.94363679999998,
      -16.381634999488853
     ],
     [
      -55.944436800000005,
      -16.38333499948877
     ],
     [
      -55.945936800000034,
      -16.384234999488754
     ],
     [
      -55.947336800000016,
      -16.385134999488727
     ],
     [
      -55.94823680000002,
      -16.3860349994887
     ],
     [
      -55.948736800000006,
      -16.387434999488654
     ],
     [
      -55.94933689999999,
      -16.388534999488627
     ],
     [
      -55.95043689999999,
      -16.38953499948863
     ],
     [
      -55.95133690000001,
      -16.38993499948857
     ],
     [
      -55.95263690000001,
      -16.39073499948858
     ],
     [
      -55.95323689999998,
      -16.391534999488538
     ],
     [
      -55.9540369,
      -16.392334999488533
     ],
     [
      -55.95533690000002,
      -16.39373499948849
     ],
     [
      -55.95623690000002,
      -16.394634999488467
     ],
     [
      -55.95733689999998,
      -16.395034999488466
     ],
     [
      -55.958836899999994,
      -16.39513499948844
     ],
     [
      -55.9599369,
      -16.394634999488467
     ],
     [
      -55.96203689999999,
      -16.39443499948846
     ],
     [
      -55.96383689999999,
      -16.39433499948849
     ],
     [
      -55.96523689999998,
      -16.394234999488457
     ],
     [
      -55.965837000000015,
      -16.39423499948846
     ],
     [
      -55.966837,
      -16.39443499948846
     ],
     [
      -55.96743700000002,
      -16.395234999488466
     ],
     [
      -55.967637000000025,
      -16.395934999488446
     ],
     [
      -55.96923700000002,
      -16.396434999488417
     ],
     [
      -55.97083700000001,
      -16.396434999488417
     ],
     [
      -55.97233699999998,
      -16.39653499948839
     ],
     [
      -55.97443700000002,
      -16.3973349994884
     ],
     [
      -55.97633700000001,
      -16.397634999488368
     ],
     [
      -55.977637000000016,
      -16.398234999488366
     ],
     [
      -55.978837,
      -16.399634999488324
     ],
     [
      -55.97983699999998,
      -16.401134999488296
     ],
     [
      -55.98113710000002,
      -16.402834999488224
     ],
     [
      -55.981437099999994,
      -16.403234999488227
     ],
     [
      -55.98173709999997,
      -16.40403499948823
     ],
     [
      -55.9832371,
      -16.405934999488153
     ],
     [
      -55.98423709999997,
      -16.406534999488162
     ],
     [
      -55.9850371,
      -16.406734999488165
     ],
     [
      -55.986037099999976,
      -16.40623499948813
     ],
     [
      -55.987737100000004,
      -16.405434999488183
     ],
     [
      -55.98913709999999,
      -16.404934999488212
     ],
     [
      -55.99053709999998,
      -16.404434999488178
     ],
     [
      -55.99193709999997,
      -16.404134999488203
     ],
     [
      -55.992837099999974,
      -16.404134999488203
     ],
     [
      -55.99423710000002,
      -16.404434999488167
     ],
     [
      -55.99473710000001,
      -16.405234999488187
     ],
     [
      -55.99553709999998,
      -16.40583499948819
     ],
     [
      -55.99643709999998,
      -16.406534999488162
     ],
     [
      -55.99743710000001,
      -16.406734999488165
     ],
     [
      -55.9991372,
      -16.406334999488156
     ],
     [
      -56.0007372,
      -16.405634999488182
     ],
     [
      -56.00283719999999,
      -16.40463499948818
     ],
     [
      -56.00513719999998,
      -16.403734999488197
     ],
     [
      -56.00613720000001,
      -16.40363499948823
     ],
     [
      -56.008837200000016,
      -16.403234999488227
     ],
     [
      -56.01013719999998,
      -16.40303489948826
     ],
     [
      -56.01153720000002,
      -16.403534899488232
     ],
     [
      -56.01233719999999,
      -16.404734899488183
     ],
     [
      -56.01313720000002,
      -16.40603499948813
     ],
     [
      -56.014437199999975,
      -16.40703499948813
     ],
     [
      -56.015037199999995,
      -16.40893499948805
     ],
     [
      -56.01563729999998,
      -16.41033499948801
     ],
     [
      -56.01683730000002,
      -16.413134999487966
     ],
     [
      -56.018337299999985,
      -16.41423499948795
     ],
     [
      -56.02083729999998,
      -16.41283499948793
     ],
     [
      -56.02393730000001,
      -16.412234899487974
     ],
     [
      -56.02603729999998,
      -16.41243489948798
     ],
     [
      -56.02723730000002,
      -16.412934899487947
     ],
     [
      -56.03013729999998,
      -16.414734899487897
     ],
     [
      -56.03063730000002,
      -16.41583489948788
     ],
     [
      -56.032237399999985,
      -16.41663489948788
     ],
     [
      -56.0353374,
      -16.418434899487828
     ],
     [
      -56.036237400000005,
      -16.419234899487787
     ],
     [
      -56.036737399999986,
      -16.421934899487724
     ],
     [
      -56.03763739999999,
      -16.424334999487627
     ],
     [
      -56.03743739999999,
      -16.425634999487617
     ],
     [
      -56.03883739999998,
      -16.426934999487592
     ],
     [
      -56.039937399999985,
      -16.428034999487572
     ],
     [
      -56.04203740000003,
      -16.428534999487546
     ],
     [
      -56.04263739999999,
      -16.42933499948749
     ],
     [
      -56.04273740000002,
      -16.43043499948747
     ],
     [
      -56.042837399999996,
      -16.431234999487476
     ],
     [
      -56.04363749999999,
      -16.43163499948747
     ],
     [
      -56.04453749999999,
      -16.43153499948745
     ],
     [
      -56.04533750000002,
      -16.43083499948747
     ],
     [
      -56.04713750000002,
      -16.429234899487497
     ],
     [
      -56.04883749999999,
      -16.4298348994875
     ],
     [
      -56.0499375,
      -16.429234899487497
     ],
     [
      -56.051837499999976,
      -16.428834899487548
     ],
     [
      -56.0528375,
      -16.429734899487528
     ],
     [
      -56.055037500000026,
      -16.433934899487387
     ],
     [
      -56.0558375,
      -16.43443489948735
     ],
     [
      -56.05683749999997,
      -16.434734899487392
     ],
     [
      -56.05823750000002,
      -16.434534899487385
     ],
     [
      -56.05993749999999,
      -16.43473489948738
     ],
     [
      -56.06183759999999,
      -16.43653489948734
     ],
     [
      -56.06293759999999,
      -16.43723489948731
     ],
     [
      -56.065437599999996,
      -16.438034899487267
     ],
     [
      -56.06733759999997,
      -16.43873489948724
     ],
     [
      -56.068837599999995,
      -16.439834899487217
     ],
     [
      -56.07043759999999,
      -16.441134899487185
     ],
     [
      -56.071137599999986,
      -16.441134899487185
     ],
     [
      -56.0724376,
      -16.44083489948721
     ],
     [
      -56.074537599999985,
      -16.440934899487193
     ],
     [
      -56.076637600000026,
      -16.441034899487164
     ],
     [
      -56.07853770000003,
      -16.441434899487177
     ],
     [
      -56.08013770000002,
      -16.442734899487146
     ],
     [
      -56.08083770000002,
      -16.44463489948707
     ],
     [
      -56.08133770000001,
      -16.44653489948705
     ],
     [
      -56.081837699999994,
      -16.44853489948701
     ],
     [
      -56.082137699999976,
      -16.450534899486907
     ],
     [
      -56.08183769999999,
      -16.45203489948689
     ]
    ]
   },
   "properties": {
    "segmento": "jusante_capital",
    "ordem": 12,
    "cotrecho": 77808,
    "cobacia": "89653",
    "comprimento_km": 19.96
   }
  },
  {
   "type": "Feature",
   "geometry": {
    "type": "LineString",
    "coordinates": [
     [
      -56.08183769999999,
      -16.45203489948689
     ],
     [
      -56.08193770000002,
      -16.45203489948689
     ],
     [
      -56.081937700000026,
      -16.452134899486854
     ],
     [
      -56.08283770000002,
      -16.453634899486826
     ],
     [
      -56.084137699999985,
      -16.45593489948677
     ],
     [
      -56.08543770000001,
      -16.456634899486744
     ],
     [
      -56.0872377,
      -16.45763489948674
     ],
     [
      -56.08853779999998,
      -16.45833489948672
     ],
     [
      -56.09063780000003,
      -16.460134899486672
     ],
     [
      -56.09183780000001,
      -16.461734899486622
     ],
     [
      -56.09333779999997,
      -16.46383489948655
     ],
     [
      -56.09503780000001,
      -16.4652348994865
     ],
     [
      -56.09673780000003,
      -16.467334999486443
     ],
     [
      -56.09873779999998,
      -16.467534899486427
     ],
     [
      -56.1009378,
      -16.467034899486464
     ],
     [
      -56.102637800000025,
      -16.466334899486476
     ],
     [
      -56.104037800000015,
      -16.464934899486526
     ],
     [
      -56.1052378,
      -16.462634899486602
     ],
     [
      -56.1062379,
      -16.462234899486592
     ],
     [
      -56.10773790000002,
      -16.462234899486592
     ],
     [
      -56.109637899999996,
      -16.462334899486567
     ],
     [
      -56.11093790000002,
      -16.46063489948665
     ],
     [
      -56.111637900000005,
      -16.458634899486693
     ],
     [
      -56.114437899999984,
      -16.455934899486763
     ],
     [
      -56.11683790000001,
      -16.45673489948677
     ],
     [
      -56.11803789999998,
      -16.45703489948674
     ],
     [
      -56.117937900000015,
      -16.45803489948669
     ],
     [
      -56.1175379,
      -16.458634899486693
     ],
     [
      -56.11603789999998,
      -16.459334899486663
     ],
     [
      -56.11603789999998,
      -16.460534899486678
     ],
     [
      -56.11653790000003,
      -16.46083489948664
     ],
     [
      -56.117937900000015,
      -16.46063489948665
     ],
     [
      -56.119037900000016,
      -16.45973489948667
     ],
     [
      -56.1200379,
      -16.45923489948669
     ],
     [
      -56.120737899999995,
      -16.458734899486714
     ],
     [
      -56.121037899999976,
      -16.45833489948672
     ],
     [
      -56.12053789999999,
      -16.45763489948674
     ],
     [
      -56.1209379,
      -16.456834899486736
     ],
     [
      -56.12203790000001,
      -16.456834899486736
     ],
     [
      -56.1225379,
      -16.457134899486775
     ],
     [
      -56.122937900000004,
      -16.457934899486716
     ],
     [
      -56.123337900000024,
      -16.459034899486692
     ],
     [
      -56.124137899999994,
      -16.46023489948664
     ],
     [
      -56.12513799999999,
      -16.46123489948664
     ],
     [
      -56.125538000000006,
      -16.462334899486567
     ],
     [
      -56.125538000000006,
      -16.463634899486554
     ],
     [
      -56.12593800000002,
      -16.464334899486527
     ],
     [
      -56.12723799999998,
      -16.46443489948655
     ],
     [
      -56.12853799999999,
      -16.46463489948656
     ],
     [
      -56.12983800000001,
      -16.465034899486497
     ],
     [
      -56.13113800000002,
      -16.46563489948651
     ],
     [
      -56.131838000000016,
      -16.466734899486482
     ],
     [
      -56.13203800000003,
      -16.467534899486427
     ],
     [
      -56.13163800000002,
      -16.46873489948644
     ],
     [
      -56.13023800000001,
      -16.469934899486386
     ],
     [
      -56.128638000000024,
      -16.470834899486356
     ],
     [
      -56.12793799999997,
      -16.47153489948634
     ],
     [
      -56.127638,
      -16.472034899486307
     ],
     [
      -56.127538000000015,
      -16.472434899486313
     ],
     [
      -56.127538000000015,
      -16.472834899486315
     ],
     [
      -56.12763799999999,
      -16.473034899486315
     ],
     [
      -56.12773800000002,
      -16.47333489948629
     ],
     [
      -56.12793799999997,
      -16.473534899486292
     ],
     [
      -56.128038000000004,
      -16.473834899486263
     ],
     [
      -56.12833799999998,
      -16.473934899486295
     ],
     [
      -56.13043800000003,
      -16.472834899486315
     ],
     [
      -56.13153799999998,
      -16.472634899486312
     ],
     [
      -56.132938000000024,
      -16.473234899486318
     ],
     [
      -56.133838000000026,
      -16.473334899486293
     ],
     [
      -56.13483800000001,
      -16.472934899486287
     ],
     [
      -56.13563799999997,
      -16.47223489948632
     ],
     [
      -56.13633800000002,
      -16.47143489948637
     ],
     [
      -56.136438,
      -16.470534899486392
     ],
     [
      -56.136638000000005,
      -16.46833489948643
     ],
     [
      -56.136638000000005,
      -16.467634899486455
     ],
     [
      -56.136438,
      -16.46593489948648
     ],
     [
      -56.13683800000001,
      -16.463934899486585
     ],
     [
      -56.137338,
      -16.46273489948657
     ],
     [
      -56.13783799999998,
      -16.46163479948662
     ],
     [
      -56.13843800000001,
      -16.460834799486626
     ],
     [
      -56.139137999999996,
      -16.46033479948665
     ],
     [
      -56.13983799999999,
      -16.460034799486674
     ],
     [
      -56.140438000000024,
      -16.460034799486674
     ],
     [
      -56.14193799999998,
      -16.46053479948665
     ],
     [
      -56.143038,
      -16.46113479948665
     ],
     [
      -56.14543809999998,
      -16.462334799486612
     ],
     [
      -56.14653809999998,
      -16.46293479948661
     ],
     [
      -56.14733810000001,
      -16.463134799486557
     ],
     [
      -56.14883809999998,
      -16.46323479948659
     ],
     [
      -56.151038099999994,
      -16.463134799486557
     ],
     [
      -56.1537381,
      -16.462834799486583
     ],
     [
      -56.155738100000015,
      -16.462434799486577
     ],
     [
      -56.15783809999999,
      -16.462234799486577
     ],
     [
      -56.15913810000001,
      -16.46263479948658
     ],
     [
      -56.15973810000003,
      -16.46373479948656
     ],
     [
      -56.16043810000002,
      -16.465434799486538
     ],
     [
      -56.1617382,
      -16.467134799486452
     ],
     [
      -56.1635382,
      -16.468734799486413
     ],
     [
      -56.16533820000001,
      -16.469734799486417
     ],
     [
      -56.166438200000016,
      -16.470034799486392
     ],
     [
      -56.16813819999999,
      -16.470634799486398
     ],
     [
      -56.168338199999994,
      -16.471234799486346
     ],
     [
      -56.167838200000006,
      -16.471634799486335
     ],
     [
      -56.165538200000015,
      -16.47203479948635
     ],
     [
      -56.1640382,
      -16.47193479948631
     ],
     [
      -56.16333819999999,
      -16.472234799486344
     ],
     [
      -56.16323820000002,
      -16.472734799486325
     ],
     [
      -56.16363819999998,
      -16.473234799486292
     ],
     [
      -56.16533820000001,
      -16.47413479948628
     ],
     [
      -56.16663820000002,
      -16.474834799486246
     ],
     [
      -56.167738199999974,
      -16.47573479948623
     ],
     [
      -56.1685382,
      -16.476434799486203
     ],
     [
      -56.16933820000003,
      -16.47653479948623
     ],
     [
      -56.1703382,
      -16.47663479948619
     ],
     [
      -56.171038200000005,
      -16.4762347994862
     ],
     [
      -56.172038199999974,
      -16.4760347994862
     ],
     [
      -56.17273820000003,
      -16.47593479948623
     ],
     [
      -56.17303820000001,
      -16.475734799486222
     ],
     [
      -56.173238200000014,
      -16.474634799486243
     ],
     [
      -56.17353819999999,
      -16.47383479948631
     ],
     [
      -56.17393820000001,
      -16.472634799486297
     ],
     [
      -56.1744382,
      -16.470334799486366
     ],
     [
      -56.17433820000002,
      -16.46983479948639
     ],
     [
      -56.17423819999999,
      -16.46743479948643
     ],
     [
      -56.17423819999999,
      -16.466434799486485
     ],
     [
      -56.174438200000004,
      -16.465634799486487
     ],
     [
      -56.174938199999985,
      -16.464934799486507
     ],
     [
      -56.175438199999974,
      -16.464634799486525
     ],
     [
      -56.176038199999994,
      -16.46443479948653
     ],
     [
      -56.17673819999998,
      -16.464634799486532
     ],
     [
      -56.17763819999999,
      -16.465234799486538
     ],
     [
      -56.17823820000001,
      -16.465734799486516
     ],
     [
      -56.178738200000005,
      -16.466534799486453
     ],
     [
      -56.17913829999998,
      -16.467234799486487
     ],
     [
      -56.17983829999997,
      -16.46823479948644
     ],
     [
      -56.18023829999999,
      -16.468634799486438
     ],
     [
      -56.181138299999986,
      -16.469034799486383
     ],
     [
      -56.1822383,
      -16.46943479948639
     ],
     [
      -56.18343829999998,
      -16.470034799486392
     ],
     [
      -56.18443830000001,
      -16.470834799486337
     ],
     [
      -56.18463830000002,
      -16.471434799486342
     ],
     [
      -56.18473829999999,
      -16.47203479948635
     ],
     [
      -56.18463830000002,
      -16.472934799486318
     ],
     [
      -56.18443830000001,
      -16.473634799486295
     ],
     [
      -56.18393830000002,
      -16.474634799486243
     ],
     [
      -56.183738300000016,
      -16.47543479948626
     ],
     [
      -56.18383829999999,
      -16.47583479948619
     ],
     [
      -56.184238300000004,
      -16.47613479948622
     ],
     [
      -56.18473829999999,
      -16.4760347994862
     ],
     [
      -56.18533830000002,
      -16.475234799486252
     ],
     [
      -56.18593829999997,
      -16.473534799486266
     ],
     [
      -56.18633829999999,
      -16.472934799486318
     ],
     [
      -56.18683829999998,
      -16.472334799486326
     ],
     [
      -56.1874383,
      -16.47203479948635
     ],
     [
      -56.18843829999997,
      -16.471634799486335
     ],
     [
      -56.189138300000025,
      -16.47103479948634
     ],
     [
      -56.189438300000006,
      -16.470134799486367
     ],
     [
      -56.189538299999974,
      -16.46923479948639
     ],
     [
      -56.18923829999999,
      -16.468334799486406
     ],
     [
      -56.18843829999998,
      -16.46743479948643
     ],
     [
      -56.1874383,
      -16.46663479948648
     ],
     [
      -56.18673830000001,
      -16.466034799486483
     ],
     [
      -56.185938299999975,
      -16.46553479948651
     ]
    ]
   },
   "properties": {
    "segmento": "jusante_capital",
    "ordem": 13,
    "cotrecho": 77816,
    "cobacia": "896519",
    "comprimento_km": 22.067
   }
  },
  {
   "type": "Feature",
   "geometry": {
    "type": "LineString",
    "coordinates": [
     [
      -56.185938299999975,
      -16.46553479948651
     ],
     [
      -56.18523829999998,
      -16.465034799486542
     ],
     [
      -56.18503829999997,
      -16.464234799486533
     ],
     [
      -56.185038299999974,
      -16.463434799486585
     ],
     [
      -56.185638299999994,
      -16.463034799486582
     ],
     [
      -56.18643830000001,
      -16.462834799486583
     ],
     [
      -56.1874383,
      -16.462834699486557
     ],
     [
      -56.18813829999999,
      -16.463334699486587
     ],
     [
      -56.18833829999999,
      -16.464134799486555
     ],
     [
      -56.188538300000005,
      -16.465634799486487
     ],
     [
      -56.1892383,
      -16.466734799486463
     ],
     [
      -56.19013830000001,
      -16.467534799486465
     ],
     [
      -56.19093830000003,
      -16.468034799486432
     ],
     [
      -56.19203829999998,
      -16.468334799486406
     ],
     [
      -56.19333829999999,
      -16.468534799486417
     ],
     [
      -56.19463830000001,
      -16.468334699486444
     ],
     [
      -56.19613829999997,
      -16.468534699486444
     ],
     [
      -56.196738400000015,
      -16.468734699486447
     ],
     [
      -56.19743840000001,
      -16.469234699486417
     ],
     [
      -56.197538399999985,
      -16.469634699486374
     ],
     [
      -56.19713839999997,
      -16.470634799486398
     ],
     [
      -56.1970384,
      -16.47103479948634
     ],
     [
      -56.196738400000015,
      -16.472234799486344
     ],
     [
      -56.19643839999998,
      -16.47393479948627
     ],
     [
      -56.19603840000003,
      -16.475034799486245
     ],
     [
      -56.195538399999975,
      -16.47653479948623
     ],
     [
      -56.19483839999998,
      -16.477634799486147
     ],
     [
      -56.194438400000024,
      -16.478134799486178
     ],
     [
      -56.1945384,
      -16.479334799486132
     ],
     [
      -56.1945384,
      -16.480234799486116
     ],
     [
      -56.19493840000001,
      -16.481534799486088
     ],
     [
      -56.19593839999999,
      -16.48233479948603
     ],
     [
      -56.19733839999998,
      -16.482834799486007
     ],
     [
      -56.199038400000006,
      -16.482834799486007
     ],
     [
      -56.20103840000002,
      -16.482734799486032
     ],
     [
      -56.202438400000005,
      -16.482734799486032
     ],
     [
      -56.203538400000014,
      -16.482634799486064
     ],
     [
      -56.20463840000002,
      -16.482134799486037
     ],
     [
      -56.205838400000005,
      -16.48133479948608
     ],
     [
      -56.20693840000001,
      -16.48023479948611
     ],
     [
      -56.207838400000014,
      -16.478934799486126
     ],
     [
      -56.20893840000002,
      -16.477534699486164
     ],
     [
      -56.21043839999999,
      -16.47643469948624
     ],
     [
      -56.21303849999998,
      -16.475334699486258
     ],
     [
      -56.214838499999985,
      -16.474434699486277
     ],
     [
      -56.21643849999998,
      -16.473734699486304
     ],
     [
      -56.21753849999999,
      -16.473134699486298
     ],
     [
      -56.2186385,
      -16.473834699486286
     ],
     [
      -56.21863849999999,
      -16.474634699486277
     ],
     [
      -56.216938500000026,
      -16.476634699486183
     ],
     [
      -56.21483849999998,
      -16.478534699486165
     ],
     [
      -56.21413849999999,
      -16.479334699486103
     ],
     [
      -56.21353850000003,
      -16.480034699486087
     ],
     [
      -56.21333850000002,
      -16.48093469948606
     ],
     [
      -56.2134385,
      -16.48163469948603
     ],
     [
      -56.2136385,
      -16.481934699486075
     ],
     [
      -56.214038500000015,
      -16.482034699486046
     ],
     [
      -56.21513850000002,
      -16.482234699486032
     ],
     [
      -56.216038500000025,
      -16.482234699486032
     ],
     [
      -56.2170385,
      -16.481934699486068
     ],
     [
      -56.21803849999998,
      -16.48163469948603
     ],
     [
      -56.218838500000004,
      -16.481434699486087
     ],
     [
      -56.21983849999998,
      -16.481234699486087
     ],
     [
      -56.22083850000001,
      -16.481434699486087
     ],
     [
      -56.2220385,
      -16.481534699486062
     ],
     [
      -56.22353850000002,
      -16.482034699486046
     ],
     [
      -56.224638500000026,
      -16.482434699486035
     ],
     [
      -56.22553850000003,
      -16.482434699486046
     ],
     [
      -56.226538500000004,
      -16.482034699486046
     ],
     [
      -56.227138500000024,
      -16.481334699486066
     ],
     [
      -56.22753849999998,
      -16.480434699486086
     ],
     [
      -56.22753849999998,
      -16.47953469948611
     ],
     [
      -56.22693850000002,
      -16.478234699486126
     ],
     [
      -56.2263385,
      -16.47683469948618
     ],
     [
      -56.22583850000001,
      -16.475334699486258
     ],
     [
      -56.225438499999996,
      -16.474334699486256
     ],
     [
      -56.22503849999999,
      -16.473334699486294
     ],
     [
      -56.224838499999976,
      -16.47273469948629
     ],
     [
      -56.22493850000001,
      -16.472034699486322
     ],
     [
      -56.22493850000001,
      -16.471134699486356
     ],
     [
      -56.22493850000001,
      -16.470234699486365
     ],
     [
      -56.22503849999998,
      -16.469534699486395
     ],
     [
      -56.22573849999998,
      -16.468734699486447
     ],
     [
      -56.22633849999999,
      -16.468634699486422
     ],
     [
      -56.22703849999999,
      -16.468734699486454
     ],
     [
      -56.22763850000001,
      -16.468834699486425
     ],
     [
      -56.228438499999974,
      -16.469634699486374
     ],
     [
      -56.229138499999976,
      -16.470334699486397
     ],
     [
      -56.22963850000003,
      -16.47063469948637
     ],
     [
      -56.23043849999999,
      -16.470834699486367
     ],
     [
      -56.23183849999998,
      -16.470834699486367
     ],
     [
      -56.23313860000002,
      -16.471634699486323
     ],
     [
      -56.23383860000002,
      -16.472334699486293
     ],
     [
      -56.234338599999994,
      -16.473034699486323
     ],
     [
      -56.234338599999994,
      -16.474334699486256
     ],
     [
      -56.234138599999994,
      -16.47553469948625
     ],
     [
      -56.234238600000026,
      -16.476434699486227
     ],
     [
      -56.234438599999976,
      -16.47743469948618
     ],
     [
      -56.23493860000003,
      -16.47793469948616
     ],
     [
      -56.235638600000016,
      -16.47833469948616
     ],
     [
      -56.23643859999999,
      -16.478234699486126
     ],
     [
      -56.23713859999998,
      -16.478034699486187
     ],
     [
      -56.23793860000001,
      -16.47743469948618
     ],
     [
      -56.23863860000001,
      -16.47633469948621
     ],
     [
      -56.23913859999999,
      -16.475334699486258
     ],
     [
      -56.23973860000001,
      -16.474134699486246
     ],
     [
      -56.23973860000001,
      -16.472834699486324
     ],
     [
      -56.23943860000003,
      -16.471634699486323
     ],
     [
      -56.23853860000003,
      -16.470434699486372
     ],
     [
      -56.237038600000005,
      -16.469834699486366
     ],
     [
      -56.235638600000016,
      -16.46913469948639
     ],
     [
      -56.235038599999996,
      -16.468234699486427
     ],
     [
      -56.235038599999996,
      -16.466934699486497
     ],
     [
      -56.235138500000005,
      -16.465634699486518
     ],
     [
      -56.235138500000005,
      -16.463434699486562
     ],
     [
      -56.23523849999997,
      -16.461834599486586
     ],
     [
      -56.23583849999999,
      -16.461434599486637
     ],
     [
      -56.2367385,
      -16.461434599486637
     ],
     [
      -56.237638600000025,
      -16.461434599486637
     ],
     [
      -56.2384386,
      -16.46173459948661
     ],
     [
      -56.23963859999998,
      -16.462434599486592
     ],
     [
      -56.240738599999986,
      -16.46303459948659
     ],
     [
      -56.24183859999999,
      -16.463534599486568
     ],
     [
      -56.24313860000001,
      -16.463834599486542
     ],
     [
      -56.24423860000002,
      -16.464134599486563
     ],
     [
      -56.24563860000001,
      -16.464234599486538
     ],
     [
      -56.24673860000001,
      -16.464534599486512
     ],
     [
      -56.24783860000002,
      -16.465134599486518
     ],
     [
      -56.248138600000004,
      -16.466134599486466
     ],
     [
      -56.24823859999998,
      -16.467134599486474
     ],
     [
      -56.24783860000002,
      -16.46803459948645
     ],
     [
      -56.24663859999999,
      -16.46863459948639
     ],
     [
      -56.24503859999999,
      -16.469434599486398
     ],
     [
      -56.2436386,
      -16.470134699486394
     ],
     [
      -56.24303859999998,
      -16.470834699486367
     ],
     [
      -56.2429386,
      -16.472034699486322
     ],
     [
      -56.24403860000001,
      -16.473034699486323
     ],
     [
      -56.245238599999986,
      -16.473334699486294
     ],
     [
      -56.246238600000034,
      -16.4729346994863
     ],
     [
      -56.2472386,
      -16.471934599486335
     ],
     [
      -56.24833860000001,
      -16.470834599486352
     ],
     [
      -56.249038600000006,
      -16.47033459948637
     ],
     [
      -56.25003859999998,
      -16.4698345994864
     ],
     [
      -56.25113859999999,
      -16.4698345994864
     ],
     [
      -56.25163859999998,
      -16.470234599486414
     ],
     [
      -56.252038599999985,
      -16.470834599486352
     ],
     [
      -56.25193869999998,
      -16.471634599486357
     ],
     [
      -56.25123860000002,
      -16.472534599486327
     ],
     [
      -56.25113870000001,
      -16.47343459948631
     ],
     [
      -56.25123869999999,
      -16.474034599486252
     ],
     [
      -56.25223870000002,
      -16.474134599486288
     ],
     [
      -56.2532387,
      -16.473834599486256
     ],
     [
      -56.25473870000002,
      -16.472834599486312
     ],
     [
      -56.256038699999976,
      -16.472034599486296
     ],
     [
      -56.25873869999998,
      -16.470534599486378
     ],
     [
      -56.25953870000001,
      -16.470134599486375
     ],
     [
      -56.260638700000015,
      -16.470034599486393
     ],
     [
      -56.26133870000001,
      -16.470034599486393
     ],
     [
      -56.2618387,
      -16.470034599486393
     ],
     [
      -56.26243870000002,
      -16.47033459948637
     ],
     [
      -56.26283869999997,
      -16.47103459948635
     ],
     [
      -56.2634387,
      -16.47213459948634
     ],
     [
      -56.26383870000001,
      -16.473334599486286
     ],
     [
      -56.26383870000001,
      -16.47443459948626
     ],
     [
      -56.26383870000001,
      -16.476034599486212
     ],
     [
      -56.26323869999999,
      -16.477434599486163
     ],
     [
      -56.262638700000025,
      -16.47903459948611
     ],
     [
      -56.26193869999997,
      -16.48053459948609
     ],
     [
      -56.26133870000001,
      -16.481934599486046
     ],
     [
      -56.26123869999998,
      -16.482734699486016
     ],
     [
      -56.26163869999999,
      -16.483634699485986
     ],
     [
      -56.26233869999999,
      -16.483834699485993
     ],
     [
      -56.26313870000001,
      -16.483634599486027
     ],
     [
      -56.26453870000001,
      -16.483134599486046
     ],
     [
      -56.26753880000001,
      -16.48183459948607
     ],
     [
      -56.26943879999999,
      -16.481034599486065
     ],
     [
      -56.27063879999997,
      -16.48013459948609
     ],
     [
      -56.2714388,
      -16.479434599486112
     ],
     [
      -56.27203880000001,
      -16.47833459948614
     ],
     [
      -56.27203880000002,
      -16.477434599486163
     ],
     [
      -56.27203880000002,
      -16.47643459948621
     ],
     [
      -56.27153879999997,
      -16.476034599486212
     ],
     [
      -56.2709388,
      -16.475534599486227
     ],
     [
      -56.270138799999984,
      -16.475134599486235
     ],
     [
      -56.26953880000002,
      -16.47493459948623
     ],
     [
      -56.26823869999998,
      -16.474734599486233
     ],
     [
      -56.267138699999975,
      -16.473834599486256
     ],
     [
      -56.26663869999999,
      -16.472834599486305
     ],
     [
      -56.26663869999999,
      -16.471634599486357
     ],
     [
      -56.2670387,
      -16.47053459948637
     ],
     [
      -56.267338699999975,
      -16.469434599486398
     ],
     [
      -56.2677387,
      -16.468534599486418
     ],
     [
      -56.26843869999999,
      -16.46803459948645
     ],
     [
      -56.26903870000002,
      -16.468134599486415
     ],
     [
      -56.26963869999997,
      -16.46873459948643
     ],
     [
      -56.27063870000001,
      -16.4698345994864
     ],
     [
      -56.27123870000002,
      -16.470234599486403
     ],
     [
      -56.27153879999997,
      -16.47093459948638
     ],
     [
      -56.27173879999998,
      -16.4722345994863
     ],
     [
      -56.271638800000005,
      -16.473334599486275
     ],
     [
      -56.272238800000025,
      -16.474034599486252
     ],
     [
      -56.273138800000034,
      -16.474134599486288
     ],
     [
      -56.27363880000002,
      -16.473934599486284
     ],
     [
      -56.27493879999997,
      -16.473134599486286
     ],
     [
      -56.276438799999994,
      -16.472434599486302
     ],
     [
      -56.277838799999984,
      -16.471534599486333
     ],
     [
      -56.2784388,
      -16.470834599486352
     ],
     [
      -56.27873879999998,
      -16.469734599486387
     ],
     [
      -56.27873879999998,
      -16.46893459948642
     ],
     [
      -56.27803879999999,
      -16.46823459948645
     ],
     [
      -56.27723880000003,
      -16.467334599486477
     ],
     [
      -56.276538800000026,
      -16.46633459948647
     ],
     [
      -56.27633880000002,
      -16.464234599486538
     ],
     [
      -56.27623879999999,
      -16.461634599486644
     ],
     [
      -56.27683880000001,
      -16.460034599486633
     ],
     [
      -56.277338799999995,
      -16.458634499486713
     ],
     [
      -56.277738800000016,
      -16.457734499486737
     ],
     [
      -56.2782388,
      -16.456034499486762
     ],
     [
      -56.27803879999999,
      -16.45453449948683
     ],
     [
      -56.2784388,
      -16.453534499486832
     ],
     [
      -56.278838800000024,
      -16.452934499486883
     ],
     [
      -56.27953880000001,
      -16.452634499486855
     ],
     [
      -56.28053879999999,
      -16.45253449948688
     ],
     [
      -56.28133880000002,
      -16.453034499486858
     ],
     [
      -56.28203880000001,
      -16.45373449948683
     ],
     [
      -56.28243880000002,
      -16.45453449948684
     ],
     [
      -56.28263879999997,
      -16.45553449948678
     ],
     [
      -56.28313880000002,
      -16.456934499486724
     ],
     [
      -56.28393879999999,
      -16.457634499486712
     ],
     [
      -56.28463879999998,
      -16.458534499486692
     ],
     [
      -56.2852388,
      -16.45953449948669
     ],
     [
      -56.285638800000015,
      -16.46043449948667
     ],
     [
      -56.2859388,
      -16.461634499486614
     ],
     [
      -56.28603879999997,
      -16.462934499486597
     ],
     [
      -56.2861388,
      -16.464134499486548
     ],
     [
      -56.28663879999999,
      -16.4651344994865
     ],
     [
      -56.28723880000001,
      -16.46653459948647
     ],
     [
      -56.287938800000006,
      -16.46753459948648
     ],
     [
      -56.2886388,
      -16.468334599486425
     ],
     [
      -56.28923880000002,
      -16.468834599486396
     ],
     [
      -56.29013880000002,
      -16.469434599486398
     ],
     [
      -56.29193889999999,
      -16.470234599486414
     ],
     [
      -56.29373889999999,
      -16.470434499486384
     ],
     [
      -56.29503890000001,
      -16.470434499486384
     ],
     [
      -56.296638900000005,
      -16.47033449948636
     ],
     [
      -56.29833889999998,
      -16.47023449948638
     ],
     [
      -56.299538900000016,
      -16.47033449948636
     ],
     [
      -56.300338899999986,
      -16.470834499486386
     ],
     [
      -56.3007389,
      -16.471734499486367
     ],
     [
      -56.300838899999974,
      -16.472634499486336
     ],
     [
      -56.300638900000024,
      -16.473834499486287
     ],
     [
      -56.2998389,
      -16.47483449948624
     ],
     [
      -56.29903890000003,
      -16.475834599486205
     ],
     [
      -56.29883890000002,
      -16.476734599486182
     ],
     [
      -56.29893889999999,
      -16.478034599486165
     ],
     [
      -56.29963889999999,
      -16.478634599486163
     ],
     [
      -56.30053889999999,
      -16.47923459948612
     ],
     [
      -56.30133890000001,
      -16.479634599486115
     ],
     [
      -56.30243890000003,
      -16.47993459948609
     ],
     [
      -56.303738899999985,
      -16.48013459948609
     ],
     [
      -56.304839000000015,
      -16.480234599486117
     ],
     [
      -56.30593900000003,
      -16.480234599486124
     ],
     [
      -56.307038999999975,
      -16.480834499486104
     ],
     [
      -56.30753900000001,
      -16.481534599486032
     ],
     [
      -56.307739000000026,
      -16.48283459948602
     ],
     [
      -56.30743899999999,
      -16.484234599485966
     ],
     [
      -56.30713900000001,
      -16.485334599485952
     ],
     [
      -56.30723899999998,
      -16.487034599485927
     ],
     [
      -56.308039000000015,
      -16.48843459948588
     ],
     [
      -56.309238999999984,
      -16.48933459948585
     ],
     [
      -56.310438999999974,
      -16.489734599485864
     ],
     [
      -56.311639000000014,
      -16.489934599485856
     ],
     [
      -56.313039,
      -16.489934599485856
     ],
     [
      -56.31403899999998,
      -16.48913459948586
     ],
     [
      -56.314639,
      -16.48833459948585
     ],
     [
      -56.314839000000006,
      -16.487134599485902
     ],
     [
      -56.314539000000025,
      -16.48633449948593
     ],
     [
      -56.31403899999998,
      -16.485434499485958
     ],
     [
      -56.31363900000002,
      -16.48433449948597
     ],
     [
      -56.313739,
      -16.483334499486034
     ],
     [
      -56.31463900000001,
      -16.482534499486025
     ],
     [
      -56.315739000000015,
      -16.482634499486053
     ],
     [
      -56.31663900000001,
      -16.483234499486002
     ],
     [
      -56.319638999999995,
      -16.483734499486033
     ],
     [
      -56.322139100000015,
      -16.484534499485974
     ],
     [
      -56.324439100000006,
      -16.485534499485986
     ],
     [
      -56.32563909999999,
      -16.486534499485938
     ],
     [
      -56.32703909999998,
      -16.488534499485883
     ],
     [
      -56.327239099999986,
      -16.48953449948584
     ],
     [
      -56.32763909999999,
      -16.490234499485805
     ],
     [
      -56.32843910000003,
      -16.490734499485782
     ],
     [
      -56.329239099999995,
      -16.490934499485792
     ],
     [
      -56.33023909999997,
      -16.490634499485815
     ],
     [
      -56.3319391,
      -16.489734499485834
     ],
     [
      -56.33363910000003,
      -16.488734499485883
     ],
     [
      -56.33503910000002,
      -16.488534499485883
     ]
    ]
   },
   "properties": {
    "segmento": "jusante_capital",
    "ordem": 14,
    "cotrecho": 77820,
    "cobacia": "896517",
    "comprimento_km": 38.607
   }
  },
  {
   "type": "Feature",
   "geometry": {
    "type": "LineString",
    "coordinates": [
     [
      -56.33503910000002,
      -16.488534499485883
     ],
     [
      -56.336439100000014,
      -16.48903449948586
     ],
     [
      -56.337539100000015,
      -16.49003449948581
     ],
     [
      -56.338039200000026,
      -16.491034499485817
     ],
     [
      -56.337939199999994,
      -16.49233449948579
     ],
     [
      -56.33783920000001,
      -16.49303449948578
     ],
     [
      -56.33753919999998,
      -16.493734499485743
     ],
     [
      -56.33753919999998,
      -16.494934499485698
     ],
     [
      -56.337339199999974,
      -16.496234499485677
     ],
     [
      -56.33673920000001,
      -16.498034499485637
     ],
     [
      -56.336639199999986,
      -16.49973449948555
     ],
     [
      -56.33703919999999,
      -16.50093449948556
     ],
     [
      -56.33783920000001,
      -16.501634499485533
     ],
     [
      -56.33913919999997,
      -16.50183449948548
     ],
     [
      -56.34013920000001,
      -16.50143449948553
     ],
     [
      -56.340239199999985,
      -16.500534499485553
     ],
     [
      -56.34073919999997,
      -16.49943449948558
     ],
     [
      -56.34133919999999,
      -16.498334499485594
     ],
     [
      -56.342239199999995,
      -16.49743449948562
     ],
     [
      -56.34353920000001,
      -16.49683449948561
     ],
     [
      -56.34473919999999,
      -16.496234499485677
     ],
     [
      -56.34573920000002,
      -16.49543449948568
     ],
     [
      -56.34623920000002,
      -16.494434499485717
     ],
     [
      -56.34633919999999,
      -16.49273449948574
     ],
     [
      -56.34633919999999,
      -16.49173449948579
     ],
     [
      -56.34633919999999,
      -16.490834499485818
     ],
     [
      -56.34653919999999,
      -16.489834499485813
     ],
     [
      -56.34733920000003,
      -16.488834499485854
     ],
     [
      -56.34843919999997,
      -16.488334499485884
     ],
     [
      -56.350039200000026,
      -16.488134499485888
     ],
     [
      -56.35123920000001,
      -16.48823449948586
     ],
     [
      -56.352239199999985,
      -16.48843449948586
     ],
     [
      -56.35303920000001,
      -16.48903449948586
     ],
     [
      -56.3535392,
      -16.489734499485834
     ],
     [
      -56.35383919999998,
      -16.490434499485808
     ],
     [
      -56.35403919999999,
      -16.491334499485788
     ],
     [
      -56.35403919999999,
      -16.49243449948577
     ],
     [
      -56.35403919999999,
      -16.49353449948575
     ],
     [
      -56.35413920000001,
      -16.494634499485723
     ],
     [
      -56.3544392,
      -16.49563449948567
     ],
     [
      -56.3554393,
      -16.49693449948565
     ],
     [
      -56.35623930000003,
      -16.49783449948563
     ],
     [
      -56.35753929999999,
      -16.49863449948557
     ],
     [
      -56.3588393,
      -16.499234499485578
     ],
     [
      -56.35983929999997,
      -16.49993449948556
     ],
     [
      -56.360839300000016,
      -16.500534499485553
     ],
     [
      -56.3611393,
      -16.501634499485533
     ],
     [
      -56.3611393,
      -16.502834499485484
     ],
     [
      -56.36073929999998,
      -16.504034499485435
     ],
     [
      -56.360139300000014,
      -16.505134499485408
     ],
     [
      -56.36003929999998,
      -16.505434499485386
     ],
     [
      -56.359039300000006,
      -16.50703449948534
     ],
     [
      -56.3588393,
      -16.508034499485348
     ],
     [
      -56.35863929999999,
      -16.50903449948529
     ],
     [
      -56.3588393,
      -16.5100344994853
     ],
     [
      -56.35913929999998,
      -16.510734499485274
     ],
     [
      -56.36003929999998,
      -16.5122344994852
     ],
     [
      -56.36053930000003,
      -16.51263449948519
     ],
     [
      -56.36113929999999,
      -16.513034499485205
     ],
     [
      -56.3622393,
      -16.51333449948517
     ],
     [
      -56.36393930000003,
      -16.513434499485207
     ],
     [
      -56.3656393,
      -16.513634499485203
     ],
     [
      -56.3666394,
      -16.513534499485168
     ],
     [
      -56.36803939999999,
      -16.513534499485168
     ],
     [
      -56.369739400000014,
      -16.51393449948517
     ],
     [
      -56.37103939999997,
      -16.513434499485207
     ],
     [
      -56.37213939999998,
      -16.512734499485223
     ],
     [
      -56.37303939999998,
      -16.511734499485215
     ],
     [
      -56.37373939999998,
      -16.511434499485247
     ],
     [
      -56.374039400000015,
      -16.51193449948522
     ],
     [
      -56.37463939999998,
      -16.513434499485207
     ],
     [
      -56.37553939999999,
      -16.51483449948515
     ],
     [
      -56.376939400000026,
      -16.516134499485126
     ],
     [
      -56.37803939999998,
      -16.516934499485078
     ],
     [
      -56.37893939999997,
      -16.51773449948508
     ],
     [
      -56.37893939999998,
      -16.519034499485006
     ],
     [
      -56.378339400000016,
      -16.519734499485043
     ],
     [
      -56.3770394,
      -16.520634499485013
     ],
     [
      -56.37623939999998,
      -16.522534499484934
     ],
     [
      -56.37583940000002,
      -16.52403449948492
     ],
     [
      -56.37593939999999,
      -16.525834499484816
     ],
     [
      -56.37703940000001,
      -16.527334499484798
     ],
     [
      -56.378339400000016,
      -16.528034499484768
     ],
     [
      -56.38003950000001,
      -16.52823449948478
     ],
     [
      -56.383039499999995,
      -16.5277344994848
     ],
     [
      -56.385639500000025,
      -16.52683449948482
     ],
     [
      -56.38743950000003,
      -16.528034499484768
     ],
     [
      -56.38893949999999,
      -16.52773449948479
     ],
     [
      -56.389939500000025,
      -16.526734499484792
     ],
     [
      -56.390439500000014,
      -16.52533449948484
     ],
     [
      -56.39113950000001,
      -16.524334499484883
     ],
     [
      -56.39403950000002,
      -16.52293449948494
     ],
     [
      -56.395539499999984,
      -16.522434499484916
     ],
     [
      -56.3970395,
      -16.52253449948494
     ],
     [
      -56.397839499999975,
      -16.52303449948492
     ],
     [
      -56.39853950000003,
      -16.52403449948491
     ],
     [
      -56.39823949999999,
      -16.52483449948487
     ],
     [
      -56.3977395,
      -16.52553449948484
     ],
     [
      -56.396939499999974,
      -16.526034499484815
     ],
     [
      -56.39533949999998,
      -16.526534499484846
     ],
     [
      -56.392739500000005,
      -16.526934499484792
     ],
     [
      -56.39203950000001,
      -16.527534499484798
     ],
     [
      -56.3918395,
      -16.529034499484784
     ],
     [
      -56.39323949999999,
      -16.5307344994847
     ],
     [
      -56.397439599999984,
      -16.532634499484622
     ],
     [
      -56.398239600000004,
      -16.533434499484628
     ],
     [
      -56.398639600000024,
      -16.53543449948459
     ],
     [
      -56.39923959999999,
      -16.53763449948454
     ],
     [
      -56.39973959999998,
      -16.539034499484487
     ],
     [
      -56.399739599999975,
      -16.540634499484444
     ],
     [
      -56.399439599999994,
      -16.54273449948437
     ],
     [
      -56.39903959999997,
      -16.543834499484344
     ],
     [
      -56.398039600000004,
      -16.54423449948435
     ],
     [
      -56.39703960000003,
      -16.544134499484322
     ],
     [
      -56.396139600000026,
      -16.543334499484367
     ],
     [
      -56.39483960000002,
      -16.54213449948437
     ],
     [
      -56.393839599999986,
      -16.541034499484446
     ],
     [
      -56.393139599999984,
      -16.540534499484416
     ],
     [
      -56.392339600000014,
      -16.540734499484422
     ],
     [
      -56.39143949999999,
      -16.541234499484386
     ],
     [
      -56.39113950000001,
      -16.54213449948437
     ],
     [
      -56.39143960000002,
      -16.543434499484345
     ],
     [
      -56.393139599999984,
      -16.544934499484327
     ],
     [
      -56.39413960000002,
      -16.546534599484247
     ],
     [
      -56.39483960000002,
      -16.547134599484245
     ],
     [
      -56.39563959999998,
      -16.547334599484245
     ],
     [
      -56.39693959999999,
      -16.547934499484224
     ],
     [
      -56.398539599999985,
      -16.5484344994842
     ],
     [
      -56.40013959999999,
      -16.549034499484204
     ],
     [
      -56.401439599999996,
      -16.549234499484204
     ],
     [
      -56.40323960000001,
      -16.548834499484197
     ],
     [
      -56.404039599999976,
      -16.547834499484253
     ],
     [
      -56.40473960000003,
      -16.54663449948426
     ],
     [
      -56.40533959999999,
      -16.545834499484297
     ],
     [
      -56.4064396,
      -16.5456344994843
     ],
     [
      -56.407139599999994,
      -16.545834499484307
     ],
     [
      -56.40693959999998,
      -16.54663449948426
     ],
     [
      -56.405839599999986,
      -16.54803449948426
     ],
     [
      -56.40473960000003,
      -16.549734499484178
     ],
     [
      -56.4037396,
      -16.55193449948413
     ],
     [
      -56.40333959999998,
      -16.552734499484085
     ],
     [
      -56.40363960000002,
      -16.55443459948403
     ],
     [
      -56.40453960000002,
      -16.555734599484012
     ],
     [
      -56.40453969999999,
      -16.556834599483988
     ],
     [
      -56.40393970000003,
      -16.55753459948396
     ],
     [
      -56.4021396,
      -16.557634599483936
     ],
     [
      -56.40093960000002,
      -16.55753459948396
     ],
     [
      -56.39893960000001,
      -16.55833459948397
     ],
     [
      -56.39883959999998,
      -16.559634599483896
     ],
     [
      -56.4005396,
      -16.560134599483927
     ],
     [
      -56.40393970000003,
      -16.560134599483927
     ],
     [
      -56.4058397,
      -16.559834599483896
     ],
     [
      -56.40733970000002,
      -16.559334599483922
     ],
     [
      -56.4092397,
      -16.55933459948392
     ],
     [
      -56.4110397,
      -16.56003459948389
     ],
     [
      -56.41183969999997,
      -16.561034599483893
     ],
     [
      -56.411939700000005,
      -16.562234599483848
     ],
     [
      -56.41163970000003,
      -16.563334599483824
     ],
     [
      -56.41073970000002,
      -16.564234599483804
     ],
     [
      -56.4092397,
      -16.564334599483782
     ],
     [
      -56.40813969999999,
      -16.564334599483782
     ],
     [
      -56.4074397,
      -16.564934599483777
     ],
     [
      -56.4074397,
      -16.566334599483735
     ],
     [
      -56.408039700000025,
      -16.568134599483678
     ],
     [
      -56.40863969999998,
      -16.56953459948363
     ],
     [
      -56.4092397,
      -16.57073459948358
     ],
     [
      -56.41003970000003,
      -16.571834599483562
     ],
     [
      -56.4108397,
      -16.57133459948359
     ],
     [
      -56.4117397,
      -16.570134599483634
     ],
     [
      -56.41283970000001,
      -16.569234599483657
     ],
     [
      -56.4144397,
      -16.568534599483687
     ],
     [
      -56.415739700000024,
      -16.56843459948366
     ],
     [
      -56.41713970000001,
      -16.568634599483655
     ],
     [
      -56.418639799999994,
      -16.569634599483607
     ],
     [
      -56.420939799999985,
      -16.570434599483608
     ],
     [
      -56.42253979999998,
      -16.571034599483614
     ],
     [
      -56.425239799999986,
      -16.571834599483562
     ],
     [
      -56.42603980000001,
      -16.572334599483533
     ],
     [
      -56.426339799999994,
      -16.573234599483506
     ],
     [
      -56.426339799999994,
      -16.574534599483485
     ],
     [
      -56.426739800000014,
      -16.57613459948345
     ],
     [
      -56.42803980000002,
      -16.576834599483426
     ],
     [
      -56.42943980000001,
      -16.57723459948342
     ],
     [
      -56.43113979999998,
      -16.577134599483447
     ],
     [
      -56.43233980000002,
      -16.576334599483445
     ],
     [
      -56.4333398,
      -16.57603459948347
     ],
     [
      -56.434839899999986,
      -16.575834499483445
     ],
     [
      -56.436039900000026,
      -16.576834499483454
     ],
     [
      -56.437239900000016,
      -16.577634499483402
     ],
     [
      -56.43853990000002,
      -16.578634499483407
     ],
     [
      -56.439439900000025,
      -16.57913449948338
     ],
     [
      -56.4404399,
      -16.57973449948333
     ],
     [
      -56.44103990000002,
      -16.580634499483303
     ],
     [
      -56.44143989999998,
      -16.581634499483318
     ],
     [
      -56.44143989999998,
      -16.582834599483277
     ],
     [
      -56.44083990000001,
      -16.58363459948323
     ],
     [
      -56.44003989999999,
      -16.58453459948321
     ],
     [
      -56.43913989999998,
      -16.58633459948316
     ],
     [
      -56.43823989999998,
      -16.58853459948312
     ],
     [
      -56.437439900000015,
      -16.59043459948304
     ],
     [
      -56.43673990000002,
      -16.591834599483054
     ],
     [
      -56.436239899999975,
      -16.593034599482998
     ],
     [
      -56.43663989999999,
      -16.595034599482947
     ],
     [
      -56.4379399,
      -16.595934599482927
     ],
     [
      -56.44003989999998,
      -16.596934599482875
     ],
     [
      -56.44183989999999,
      -16.596534599482872
     ],
     [
      -56.44323989999998,
      -16.595634599482896
     ],
     [
      -56.444539899999995,
      -16.59443459948294
     ],
     [
      -56.44533990000002,
      -16.592834599482995
     ],
     [
      -56.4454399,
      -16.590834599483042
     ],
     [
      -56.4454399,
      -16.588834599483082
     ],
     [
      -56.4454399,
      -16.58723459948313
     ],
     [
      -56.44663989999998,
      -16.586034599483188
     ],
     [
      -56.44824,
      -16.58623449948316
     ],
     [
      -56.448840000000025,
      -16.58713449948314
     ],
     [
      -56.44934000000001,
      -16.588434599483147
     ],
     [
      -56.44943999999998,
      -16.589834599483094
     ],
     [
      -56.449239999999975,
      -16.591434599483044
     ],
     [
      -56.44864000000001,
      -16.592834599482995
     ],
     [
      -56.44794000000002,
      -16.594934599482926
     ],
     [
      -56.44743999999997,
      -16.5964345994829
     ],
     [
      -56.446140000000014,
      -16.59793459948283
     ],
     [
      -56.44403999999997,
      -16.599134599482838
     ],
     [
      -56.44254000000001,
      -16.60023459948281
     ],
     [
      -56.44204000000001,
      -16.60183459948276
     ],
     [
      -56.44263999999998,
      -16.603234599482718
     ],
     [
      -56.44394,
      -16.604034599482663
     ],
     [
      -56.44544000000001,
      -16.60473459948264
     ],
     [
      -56.44713999999999,
      -16.605334599482642
     ],
     [
      -56.449040000000025,
      -16.60513459948264
     ],
     [
      -56.45053999999999,
      -16.604434599482666
     ],
     [
      -56.45204000000001,
      -16.603034599482708
     ],
     [
      -56.45404000000002,
      -16.601034599482766
     ],
     [
      -56.45524,
      -16.600534599482778
     ],
     [
      -56.45593999999999,
      -16.600934599482787
     ],
     [
      -56.45593999999999,
      -16.60183459948276
     ],
     [
      -56.45513999999997,
      -16.60293459948274
     ],
     [
      -56.45344,
      -16.604634599482665
     ],
     [
      -56.45143999999999,
      -16.606234599482615
     ],
     [
      -56.44864000000001,
      -16.607934599482608
     ],
     [
      -56.447040000000015,
      -16.609434599482515
     ],
     [
      -56.44684000000001,
      -16.611434599482475
     ]
    ]
   },
   "properties": {
    "segmento": "jusante_capital",
    "ordem": 15,
    "cotrecho": 32855,
    "cobacia": "8965155",
    "comprimento_km": 38.994
   }
  },
  {
   "type": "Feature",
   "geometry": {
    "type": "LineString",
    "coordinates": [
     [
      -56.44684000000001,
      -16.611434599482475
     ],
     [
      -56.44814000000002,
      -16.61253459948245
     ],
     [
      -56.45033999999998,
      -16.613234599482425
     ],
     [
      -56.451840000000004,
      -16.61413459948241
     ],
     [
      -56.452139999999986,
      -16.61573459948236
     ],
     [
      -56.45233999999999,
      -16.61783459948228
     ],
     [
      -56.45304010000001,
      -16.61903459948229
     ],
     [
      -56.454340100000024,
      -16.61973459948227
     ],
     [
      -56.4562401,
      -16.62043459948225
     ],
     [
      -56.457440099999985,
      -16.62213459948216
     ],
     [
      -56.45814009999998,
      -16.62333459948217
     ],
     [
      -56.45914010000001,
      -16.623834599482148
     ],
     [
      -56.46014009999999,
      -16.623634599482145
     ],
     [
      -56.461440100000004,
      -16.62313459948217
     ],
     [
      -56.46354009999998,
      -16.622834599482147
     ],
     [
      -56.4646401,
      -16.623234599482146
     ],
     [
      -56.46534009999999,
      -16.623834599482148
     ],
     [
      -56.46504010000001,
      -16.625034599482102
     ],
     [
      -56.464240099999984,
      -16.625734599482072
     ],
     [
      -56.460940100000016,
      -16.627434599482054
     ],
     [
      -56.45874010000001,
      -16.628234599482003
     ],
     [
      -56.45664010000002,
      -16.62893459948197
     ],
     [
      -56.45434010000002,
      -16.629634699481976
     ],
     [
      -56.45294009999998,
      -16.630834699481927
     ],
     [
      -56.45254010000002,
      -16.632834699481887
     ],
     [
      -56.453540100000005,
      -16.63433469948185
     ],
     [
      -56.45484010000002,
      -16.635434699481834
     ],
     [
      -56.45674009999999,
      -16.636434699481786
     ],
     [
      -56.458040100000005,
      -16.637534699481765
     ],
     [
      -56.45904009999998,
      -16.639034699481748
     ],
     [
      -56.45984010000001,
      -16.6402346994817
     ],
     [
      -56.461440100000004,
      -16.640634699481694
     ],
     [
      -56.46244009999998,
      -16.639934699481728
     ],
     [
      -56.46344019999998,
      -16.639434699481683
     ],
     [
      -56.4649402,
      -16.639334699481715
     ],
     [
      -56.466240200000016,
      -16.639534699481725
     ],
     [
      -56.467240199999985,
      -16.64003469948169
     ],
     [
      -56.468440199999975,
      -16.640934699481676
     ],
     [
      -56.46894020000002,
      -16.642134699481616
     ],
     [
      -56.468840199999995,
      -16.643134699481628
     ],
     [
      -56.46864019999998,
      -16.64433469948158
     ],
     [
      -56.46754019999997,
      -16.64533469948152
     ],
     [
      -56.46604020000001,
      -16.646334699481528
     ],
     [
      -56.46444020000001,
      -16.64733469948148
     ],
     [
      -56.46334020000001,
      -16.648934699481433
     ],
     [
      -56.46304020000002,
      -16.650634699481415
     ],
     [
      -56.464140199999974,
      -16.65183469948136
     ],
     [
      -56.465440199999996,
      -16.65263469948137
     ],
     [
      -56.467040199999985,
      -16.65243469948137
     ],
     [
      -56.46794019999999,
      -16.651734699481384
     ],
     [
      -56.46874020000001,
      -16.65023469948141
     ],
     [
      -56.469640200000015,
      -16.649234699481458
     ],
     [
      -56.470440199999985,
      -16.649034699481465
     ],
     [
      -56.47144020000002,
      -16.649034699481465
     ],
     [
      -56.4726402,
      -16.64973469948143
     ],
     [
      -56.47314019999999,
      -16.650634699481415
     ],
     [
      -56.47324020000002,
      -16.65213469948134
     ],
     [
      -56.473040200000014,
      -16.653934699481287
     ],
     [
      -56.4726402,
      -16.655034699481263
     ],
     [
      -56.47124020000002,
      -16.656234699481274
     ],
     [
      -56.46934019999998,
      -16.65763469948122
     ],
     [
      -56.467640200000005,
      -16.658934699481144
     ],
     [
      -56.46704019999999,
      -16.660134699481155
     ],
     [
      -56.46724019999999,
      -16.661134699481096
     ],
     [
      -56.4683402,
      -16.661834699481076
     ],
     [
      -56.47034020000001,
      -16.662634699481085
     ],
     [
      -56.4717402,
      -16.663234699481023
     ],
     [
      -56.47314030000001,
      -16.663934699481054
     ],
     [
      -56.474440300000026,
      -16.66413469948101
     ],
     [
      -56.476440299999986,
      -16.664234699481035
     ],
     [
      -56.478040299999975,
      -16.66363469948103
     ],
     [
      -56.47924030000002,
      -16.663734699481058
     ],
     [
      -56.48034030000002,
      -16.664234699481035
     ],
     [
      -56.480440300000005,
      -16.665134699481
     ],
     [
      -56.48034030000002,
      -16.666034699480985
     ],
     [
      -56.479140299999976,
      -16.666934699480965
     ],
     [
      -56.47844029999999,
      -16.668134699480913
     ],
     [
      -56.47734029999999,
      -16.66933469948086
     ],
     [
      -56.4761403,
      -16.67013469948087
     ],
     [
      -56.47464029999998,
      -16.670534699480868
     ],
     [
      -56.473240299999986,
      -16.670334699480872
     ],
     [
      -56.47174030000002,
      -16.669934699480866
     ],
     [
      -56.47054029999998,
      -16.669634699480895
     ],
     [
      -56.468940299999986,
      -16.66993469948087
     ],
     [
      -56.468540200000014,
      -16.670634699480843
     ],
     [
      -56.46884030000001,
      -16.671234699480845
     ],
     [
      -56.46994030000002,
      -16.672234699480796
     ],
     [
      -56.47104030000003,
      -16.673334699480765
     ],
     [
      -56.47164029999999,
      -16.674534699480727
     ],
     [
      -56.4718403,
      -16.675834699480706
     ],
     [
      -56.47164029999999,
      -16.677134799480644
     ],
     [
      -56.47104030000002,
      -16.678334799480652
     ],
     [
      -56.46994030000002,
      -16.679434799480635
     ],
     [
      -56.468040299999984,
      -16.679534799480603
     ],
     [
      -56.466640299999995,
      -16.679634799480578
     ],
     [
      -56.4650403,
      -16.679934799480606
     ]
    ]
   },
   "properties": {
    "segmento": "jusante_capital",
    "ordem": 16,
    "cotrecho": 77805,
    "cobacia": "8965153",
    "comprimento_km": 15.895000000000001
   }
  },
  {
   "type": "Feature",
   "geometry": {
    "type": "LineString",
    "coordinates": [
     [
      -56.4650403,
      -16.679934799480606
     ],
     [
      -56.465240300000005,
      -16.68123479948058
     ],
     [
      -56.46644029999999,
      -16.682634799480535
     ],
     [
      -56.46704030000001,
      -16.683734799480522
     ],
     [
      -56.46734029999999,
      -16.685534799480468
     ],
     [
      -56.46734029999999,
      -16.687234799480386
     ],
     [
      -56.466940299999976,
      -16.688834799480347
     ],
     [
      -56.46694029999998,
      -16.69003479948029
     ],
     [
      -56.46714029999998,
      -16.69133479948027
     ],
     [
      -56.468040299999984,
      -16.692934799480216
     ],
     [
      -56.467540299999996,
      -16.69493479948018
     ],
     [
      -56.46704030000001,
      -16.69603479948016
     ]
    ]
   },
   "properties": {
    "segmento": "jusante_capital",
    "ordem": 17,
    "cotrecho": 77801,
    "cobacia": "8965151",
    "comprimento_km": 1.8980000000000001
   }
  },
  {
   "type": "Feature",
   "geometry": {
    "type": "LineString",
    "coordinates": [
     [
      -56.46704030000001,
      -16.69603479948016
     ],
     [
      -56.46814030000002,
      -16.69703479948011
     ],
     [
      -56.46974030000001,
      -16.696934799480136
     ],
     [
      -56.47254029999999,
      -16.69603479948016
     ],
     [
      -56.47504029999999,
      -16.694534799480174
     ],
     [
      -56.47624029999998,
      -16.69323479948026
     ],
     [
      -56.47754029999999,
      -16.69183479948025
     ],
     [
      -56.47874039999999,
      -16.6914347994803
     ],
     [
      -56.48004040000001,
      -16.691534799480273
     ],
     [
      -56.480840399999984,
      -16.692434799480253
     ],
     [
      -56.48124039999999,
      -16.693834799480204
     ],
     [
      -56.48044040000002,
      -16.695234799480165
     ],
     [
      -56.47934040000001,
      -16.696634799480154
     ],
     [
      -56.479040399999974,
      -16.697934799480084
     ],
     [
      -56.47934040000002,
      -16.69953479948003
     ],
     [
      -56.48044040000002,
      -16.700834799480013
     ],
     [
      -56.48144039999999,
      -16.702034799479968
     ],
     [
      -56.48154039999997,
      -16.702634799479966
     ],
     [
      -56.48174039999998,
      -16.703734799479943
     ],
     [
      -56.4816404,
      -16.70543479947987
     ],
     [
      -56.4816404,
      -16.707234799479828
     ],
     [
      -56.48224040000002,
      -16.70843479947983
     ],
     [
      -56.48314040000003,
      -16.709234799479773
     ],
     [
      -56.484240399999976,
      -16.709534799479755
     ],
     [
      -56.4857404,
      -16.70943479947978
     ],
     [
      -56.48704040000001,
      -16.7087347994798
     ],
     [
      -56.48774040000001,
      -16.707634799479823
     ],
     [
      -56.4877404,
      -16.706534799479844
     ],
     [
      -56.487340399999994,
      -16.705834799479874
     ],
     [
      -56.48594040000001,
      -16.704834799479922
     ],
     [
      -56.484840399999996,
      -16.704234799479917
     ],
     [
      -56.484240399999976,
      -16.70343479947997
     ],
     [
      -56.48414040000001,
      -16.702334799479996
     ],
     [
      -56.48474040000002,
      -16.701334799479994
     ],
     [
      -56.4857404,
      -16.70043479948001
     ],
     [
      -56.486740399999974,
      -16.70003479948007
     ],
     [
      -56.48784039999998,
      -16.70043479948001
     ],
     [
      -56.4884404,
      -16.700834799480013
     ],
     [
      -56.48884040000001,
      -16.70193479948
     ],
     [
      -56.489640399999985,
      -16.703134799479937
     ],
     [
      -56.490640400000025,
      -16.704534799479887
     ],
     [
      -56.49084040000002,
      -16.70543479947987
     ],
     [
      -56.490740500000015,
      -16.706834799479882
     ],
     [
      -56.4902404,
      -16.70753479947985
     ],
     [
      -56.48864040000001,
      -16.709034799479774
     ],
     [
      -56.4884404,
      -16.711334799479705
     ],
     [
      -56.48884049999998,
      -16.713434799479682
     ],
     [
      -56.48914050000002,
      -16.715334799479614
     ],
     [
      -56.48974049999998,
      -16.716434799479586
     ],
     [
      -56.490640499999984,
      -16.71723479947959
     ],
     [
      -56.4912405,
      -16.71763479947954
     ],
     [
      -56.4919405,
      -16.71763479947954
     ],
     [
      -56.493040500000006,
      -16.717134799479567
     ],
     [
      -56.49404049999998,
      -16.715434799479638
     ],
     [
      -56.495040500000016,
      -16.713434799479682
     ],
     [
      -56.49564049999998,
      -16.711934799479707
     ],
     [
      -56.49594050000002,
      -16.710234799479785
     ],
     [
      -56.49594050000002,
      -16.7087347994798
     ],
     [
      -56.4960405,
      -16.707834799479816
     ],
     [
      -56.49664050000002,
      -16.707134799479853
     ],
     [
      -56.49704050000003,
      -16.707034799479818
     ],
     [
      -56.497540500000014,
      -16.70713479947985
     ],
     [
      -56.49804050000001,
      -16.707834799479826
     ],
     [
      -56.49824050000001,
      -16.708834799479778
     ],
     [
      -56.498440500000015,
      -16.712934799479715
     ],
     [
      -56.49854049999999,
      -16.71393479947967
     ],
     [
      -56.49904049999998,
      -16.716934799479567
     ],
     [
      -56.49994049999998,
      -16.719034799479495
     ],
     [
      -56.4996405,
      -16.72133479947947
     ],
     [
      -56.4978405,
      -16.72333479947937
     ],
     [
      -56.49684050000002,
      -16.72543479947936
     ],
     [
      -56.496340499999974,
      -16.727634799479254
     ],
     [
      -56.497240499999975,
      -16.729634799479214
     ],
     [
      -56.498440500000015,
      -16.730934799479186
     ],
     [
      -56.50014060000001,
      -16.730634799479212
     ],
     [
      -56.50094059999998,
      -16.72943479947922
     ],
     [
      -56.50184059999998,
      -16.727134799479284
     ],
     [
      -56.502540599999975,
      -16.72413479947938
     ],
     [
      -56.503440599999976,
      -16.72253479947943
     ],
     [
      -56.505140600000004,
      -16.722834799479404
     ],
     [
      -56.506040600000006,
      -16.723234799479407
     ],
     [
      -56.5067406,
      -16.724834799479357
     ],
     [
      -56.50634059999999,
      -16.72663479947931
     ],
     [
      -56.505740600000024,
      -16.728034799479257
     ],
     [
      -56.50644060000002,
      -16.730634799479212
     ],
     [
      -56.506640600000026,
      -16.73223479947917
     ],
     [
      -56.5058406,
      -16.733434799479117
     ],
     [
      -56.504540599999984,
      -16.734234799479122
     ],
     [
      -56.50284060000001,
      -16.73503479947908
     ],
     [
      -56.502540599999975,
      -16.736134799479046
     ],
     [
      -56.502540599999975,
      -16.737434899478995
     ],
     [
      -56.50384059999998,
      -16.739034899478945
     ],
     [
      -56.504640600000016,
      -16.740734899478937
     ],
     [
      -56.50464060000001,
      -16.74163489947891
     ],
     [
      -56.50274059999998,
      -16.741734899478878
     ],
     [
      -56.50144060000002,
      -16.7414348994789
     ],
     [
      -56.49924060000001,
      -16.7414348994789
     ],
     [
      -56.495740599999976,
      -16.741834899478903
     ],
     [
      -56.49454059999999,
      -16.74313489947883
     ],
     [
      -56.49404060000001,
      -16.744534899478836
     ],
     [
      -56.49454059999999,
      -16.745534899478784
     ],
     [
      -56.49594059999998,
      -16.74573489947879
     ],
     [
      -56.498240599999974,
      -16.745434899478816
     ],
     [
      -56.50044059999999,
      -16.74463489947881
     ],
     [
      -56.50284060000001,
      -16.744534899478836
     ],
     [
      -56.50444060000001,
      -16.74463489947881
     ],
     [
      -56.505140600000004,
      -16.746234899478765
     ],
     [
      -56.50414060000003,
      -16.747334899478744
     ],
     [
      -56.502340600000025,
      -16.748834899478723
     ],
     [
      -56.50164059999997,
      -16.75243489947863
     ],
     [
      -56.50144060000002,
      -16.75403489947858
     ],
     [
      -56.50104060000001,
      -16.7559348994785
     ],
     [
      -56.50034060000002,
      -16.75683489947848
     ],
     [
      -56.4992406,
      -16.75773489947846
     ],
     [
      -56.49754059999998,
      -16.758334899478463
     ],
     [
      -56.496040600000015,
      -16.758334899478463
     ],
     [
      -56.49484059999998,
      -16.7587348994784
     ],
     [
      -56.49444060000002,
      -16.75953489947841
     ],
     [
      -56.49414059999998,
      -16.760634899478383
     ],
     [
      -56.49444060000002,
      -16.761934899478373
     ],
     [
      -56.49534060000002,
      -16.76293489947832
     ],
     [
      -56.49614059999999,
      -16.764034899478293
     ],
     [
      -56.49734059999997,
      -16.764134899478268
     ],
     [
      -56.498240599999974,
      -16.763834899478297
     ],
     [
      -56.49924060000001,
      -16.76323489947829
     ],
     [
      -56.50074059999997,
      -16.762834899478282
     ],
     [
      -56.50304060000001,
      -16.762834899478293
     ],
     [
      -56.50484069999999,
      -16.763134899478317
     ],
     [
      -56.50624069999998,
      -16.76343489947829
     ],
     [
      -56.5075407,
      -16.7642348994783
     ],
     [
      -56.50814070000001,
      -16.765334899478265
     ],
     [
      -56.50824069999999,
      -16.76693489947822
     ],
     [
      -56.507940700000006,
      -16.768234899478145
     ],
     [
      -56.50714069999998,
      -16.76943489947815
     ],
     [
      -56.50484069999999,
      -16.770534899478076
     ],
     [
      -56.5025407,
      -16.770634899478107
     ],
     [
      -56.5004406,
      -16.771234999478068
     ],
     [
      -56.498040600000024,
      -16.772334999478044
     ],
     [
      -56.49674060000001,
      -16.773634999478023
     ],
     [
      -56.495740599999976,
      -16.774734999478007
     ],
     [
      -56.49604060000001,
      -16.775934999477958
     ],
     [
      -56.496840599999985,
      -16.77613499947796
     ],
     [
      -56.498040600000024,
      -16.775434999477984
     ],
     [
      -56.4993407,
      -16.774634999477986
     ],
     [
      -56.50054069999999,
      -16.77423499947798
     ],
     [
      -56.501840699999995,
      -16.774034999478037
     ],
     [
      -56.502740700000004,
      -16.774134999478008
     ],
     [
      -56.5034407,
      -16.774634999477986
     ],
     [
      -56.50394069999998,
      -16.77553499947795
     ],
     [
      -56.50384070000001,
      -16.776934999477913
     ],
     [
      -56.504240700000025,
      -16.777834999477882
     ],
     [
      -56.5052407,
      -16.778534999477856
     ],
     [
      -56.50654070000002,
      -16.779534999477864
     ],
     [
      -56.508740699999976,
      -16.780734999477815
     ],
     [
      -56.51064070000001,
      -16.781734999477823
     ],
     [
      -56.512140699999975,
      -16.782534999477765
     ],
     [
      -56.51354070000002,
      -16.78393499947772
     ],
     [
      -56.514040799999975,
      -16.785134999477723
     ],
     [
      -56.51434080000001,
      -16.786634999477656
     ],
     [
      -56.51434080000001,
      -16.78833499947763
     ],
     [
      -56.51434080000001,
      -16.789334999477582
     ],
     [
      -56.51444079999998,
      -16.790434999477558
     ],
     [
      -56.51474080000003,
      -16.7914349994775
     ],
     [
      -56.51554079999999,
      -16.792134999477486
     ],
     [
      -56.5164408,
      -16.79233499947748
     ],
     [
      -56.5173408,
      -16.79163499947751
     ],
     [
      -56.518340799999976,
      -16.79053499947753
     ],
     [
      -56.51974080000002,
      -16.790034999477548
     ],
     [
      -56.52184080000001,
      -16.789434999477606
     ],
     [
      -56.52304079999999,
      -16.788734999477576
     ],
     [
      -56.52494080000002,
      -16.78803489947763
     ],
     [
      -56.52874079999998,
      -16.788634899477582
     ],
     [
      -56.531340899999975,
      -16.788934899477617
     ],
     [
      -56.53324090000001,
      -16.788334899477615
     ],
     [
      -56.53394090000001,
      -16.788634899477582
     ],
     [
      -56.533340899999985,
      -16.78963489947759
     ],
     [
      -56.532240899999984,
      -16.79043489947754
     ],
     [
      -56.53114090000002,
      -16.791734899477515
     ],
     [
      -56.530440899999974,
      -16.793534899477464
     ],
     [
      -56.5294409,
      -16.795434999477415
     ],
     [
      -56.52944089999999,
      -16.796634999477366
     ],
     [
      -56.52974089999998,
      -16.797434999477375
     ],
     [
      -56.53064089999998,
      -16.796634999477366
     ],
     [
      -56.53234090000001,
      -16.795434899477396
     ],
     [
      -56.53384089999997,
      -16.794734899477426
     ],
     [
      -56.535440900000026,
      -16.792834899477494
     ],
     [
      -56.53724089999997,
      -16.79203489947749
     ],
     [
      -56.53924089999998,
      -16.792234899477492
     ],
     [
      -56.5407409,
      -16.792334899477513
     ],
     [
      -56.542240900000024,
      -16.792334899477524
     ],
     [
      -56.54394089999999,
      -16.792134899477514
     ],
     [
      -56.544740900000015,
      -16.791934899477514
     ],
     [
      -56.54494089999997,
      -16.79273489947752
     ],
     [
      -56.54434090000001,
      -16.7930348994775
     ],
     [
      -56.543340899999976,
      -16.79453489947742
     ],
     [
      -56.54154089999997,
      -16.795834899477395
     ],
     [
      -56.54014089999999,
      -16.797134899477378
     ],
     [
      -56.539640899999995,
      -16.79803489947735
     ],
     [
      -56.5398409,
      -16.799834899477307
     ],
     [
      -56.54064090000003,
      -16.80063489947725
     ],
     [
      -56.5425409,
      -16.80063489947725
     ],
     [
      -56.54344090000001,
      -16.799634899477304
     ],
     [
      -56.54364090000001,
      -16.79803489947735
     ],
     [
      -56.543940899999996,
      -16.796434899477397
     ],
     [
      -56.545040900000004,
      -16.795734899477424
     ],
     [
      -56.54674089999998,
      -16.795334899477428
     ],
     [
      -56.54884099999998,
      -16.795834899477395
     ],
     [
      -56.550140999999996,
      -16.796434899477397
     ],
     [
      -56.55004100000002,
      -16.796934899477378
     ],
     [
      -56.54904099999998,
      -16.797334899477367
     ],
     [
      -56.54704099999997,
      -16.79763489947735
     ],
     [
      -56.546641000000015,
      -16.798734899477335
     ],
     [
      -56.54694100000001,
      -16.80003489947731
     ],
     [
      -56.54804100000002,
      -16.800834899477255
     ],
     [
      -56.549841000000015,
      -16.803034899477222
     ],
     [
      -56.55214100000001,
      -16.802634899477205
     ],
     [
      -56.55434100000002,
      -16.803734899477185
     ],
     [
      -56.556040999999986,
      -16.805434899477167
     ],
     [
      -56.556940999999995,
      -16.806534899477086
     ],
     [
      -56.55854099999999,
      -16.806434899477118
     ],
     [
      -56.55934100000002,
      -16.805234899477174
     ],
     [
      -56.559541000000024,
      -16.803634899477217
     ],
     [
      -56.55914100000001,
      -16.80193489947723
     ],
     [
      -56.558941000000004,
      -16.800234899477307
     ],
     [
      -56.55994099999998,
      -16.79913489947733
     ],
     [
      -56.56144100000001,
      -16.799734899477276
     ],
     [
      -56.561841000000015,
      -16.80103489947726
     ],
     [
      -56.561841000000015,
      -16.802234899477206
     ],
     [
      -56.560941000000014,
      -16.803734899477185
     ],
     [
      -56.56084099999999,
      -16.804634899477158
     ],
     [
      -56.56074100000001,
      -16.805934899477148
     ],
     [
      -56.562241099999994,
      -16.806134899477144
     ],
     [
      -56.5633411,
      -16.806834899477124
     ],
     [
      -56.56414109999997,
      -16.808234899477064
     ],
     [
      -56.564941100000006,
      -16.809634899477018
     ],
     [
      -56.5649411,
      -16.810934899476994
     ],
     [
      -56.564541099999985,
      -16.812134899476952
     ],
     [
      -56.56384109999999,
      -16.812934899476964
     ],
     [
      -56.56254109999997,
      -16.814434899476876
     ],
     [
      -56.560841100000005,
      -16.816334899476857
     ],
     [
      -56.5599411,
      -16.81813499947678
     ],
     [
      -56.5601411,
      -16.819334999476787
     ],
     [
      -56.56094109999998,
      -16.82033499947673
     ],
     [
      -56.56204109999999,
      -16.82063499947671
     ],
     [
      -56.56334110000001,
      -16.820534999476735
     ],
     [
      -56.56444110000001,
      -16.819534899476768
     ],
     [
      -56.56504109999997,
      -16.818434899476784
     ],
     [
      -56.56554110000002,
      -16.816834899476838
     ],
     [
      -56.56634109999999,
      -16.815934899476858
     ],
     [
      -56.56704109999998,
      -16.815534899476862
     ],
     [
      -56.568141099999984,
      -16.815734899476855
     ],
     [
      -56.56844109999997,
      -16.816834899476838
     ],
     [
      -56.56864109999998,
      -16.817934899476807
     ],
     [
      -56.56864109999998,
      -16.818634899476788
     ],
     [
      -56.5683411,
      -16.819534899476768
     ],
     [
      -56.567041099999976,
      -16.820634899476744
     ],
     [
      -56.565941099999975,
      -16.822034899476694
     ],
     [
      -56.565741100000025,
      -16.823034999476654
     ],
     [
      -56.56624110000001,
      -16.823634999476667
     ],
     [
      -56.567641099999996,
      -16.823534999476642
     ],
     [
      -56.570041100000026,
      -16.82263489947669
     ],
     [
      -56.57274109999997,
      -16.821834899476695
     ],
     [
      -56.5743412,
      -16.821234899476686
     ],
     [
      -56.575241199999994,
      -16.822334899476665
     ],
     [
      -56.5745412,
      -16.824634899476592
     ],
     [
      -56.573741199999965,
      -16.826634899476556
     ],
     [
      -56.573341200000016,
      -16.827934899476535
     ],
     [
      -56.573841200000004,
      -16.82883499947653
     ],
     [
      -56.574741200000005,
      -16.8291349994765
     ],
     [
      -56.575641200000014,
      -16.829134899476486
     ],
     [
      -56.57654120000001,
      -16.828034899476506
     ],
     [
      -56.57734119999997,
      -16.827234899476558
     ],
     [
      -56.57804119999997,
      -16.827334899476526
     ],
     [
      -56.57804119999997,
      -16.828434899476505
     ],
     [
      -56.57744120000001,
      -16.82953489947648
     ],
     [
      -56.57714120000003,
      -16.831234999476425
     ],
     [
      -56.57714120000003,
      -16.83343499947639
     ],
     [
      -56.57804119999997,
      -16.83493499947631
     ],
     [
      -56.578941199999974,
      -16.83583499947629
     ],
     [
      -56.579841199999976,
      -16.836634999476292
     ],
     [
      -56.58144119999998,
      -16.836634999476296
     ],
     [
      -56.58344119999998,
      -16.836434999476285
     ],
     [
      -56.58424120000001,
      -16.836634999476292
     ],
     [
      -56.5849412,
      -16.837334999476262
     ],
     [
      -56.5850413,
      -16.838534999476213
     ],
     [
      -56.58494130000002,
      -16.839834999476196
     ],
     [
      -56.58554129999998,
      -16.840234999476195
     ],
     [
      -56.5868413,
      -16.840334999476166
     ],
     [
      -56.58794130000002,
      -16.839934999476224
     ],
     [
      -56.58944129999998,
      -16.8397348994762
     ],
     [
      -56.59104129999998,
      -16.8391348994762
     ],
     [
      -56.59224130000001,
      -16.837834899476277
     ],
     [
      -56.59294130000001,
      -16.836634899476262
     ],
     [
      -56.59444130000003,
      -16.835934899476293
     ],
     [
      -56.596341300000006,
      -16.835534899476343
     ],
     [
      -56.59804129999998,
      -16.835834899476318
     ],
     [
      -56.5995413,
      -16.83633489947629
     ],
     [
      -56.60084130000001,
      -16.836834899476273
     ],
     [
      -56.6018413,
      -16.837534899476246
     ],
     [
      -56.60304129999997,
      -16.839134899476193
     ],
     [
      -56.60374139999999,
      -16.840634899476175
     ],
     [
      -56.60384140000002,
      -16.842234899476125
     ],
     [
      -56.60404140000003,
      -16.842934899476102
     ],
     [
      -56.60534139999999,
      -16.84423489947608
     ],
     [
      -56.606741399999976,
      -16.845234899476026
     ],
     [
      -56.60744140000003,
      -16.846534899476016
     ],
     [
      -56.60744140000003,
      -16.847934899475963
     ],
     [
      -56.607041400000014,
      -16.849534899475916
     ],
     [
      -56.60724140000002,
      -16.850834899475885
     ],
     [
      -56.609041400000024,
      -16.85113489947587
     ],
     [
      -56.6100414,
      -16.85113489947587
     ],
     [
      -56.6109414,
      -16.85153489947587
     ],
     [
      -56.6109414,
      -16.852434899475842
     ],
     [
      -56.61054139999999,
      -16.853534899475825
     ],
     [
      -56.608741399999985,
      -16.855634899475753
     ],
     [
      -56.607041400000014,
      -16.858134999475713
     ],
     [
      -56.60564140000003,
      -16.860034999475626
     ],
     [
      -56.605841399999974,
      -16.86133499947561
     ],
     [
      -56.6066414,
      -16.861634999475587
     ],
     [
      -56.60804139999999,
      -16.861034999475628
     ],
     [
      -56.6091414,
      -16.860634999475632
     ],
     [
      -56.6100414,
      -16.86113499947561
     ],
     [
      -56.61064140000002,
      -16.862234999475586
     ],
     [
      -56.6109414,
      -16.863934999475568
     ],
     [
      -56.61164150000002,
      -16.86543499947549
     ],
     [
      -56.61304150000001,
      -16.86623499947549
     ],
     [
      -56.61434150000002,
      -16.867134999475475
     ],
     [
      -56.616341499999976,
      -16.866934999475472
     ],
     [
      -56.61814149999997,
      -16.866434999475498
     ],
     [
      -56.61954150000002,
      -16.866434999475498
     ],
     [
      -56.620941500000015,
      -16.86733499947547
     ],
     [
      -56.621441499999996,
      -16.86823499947545
     ],
     [
      -56.621441499999996,
      -16.869234999475403
     ],
     [
      -56.62084149999999,
      -16.870634999475342
     ],
     [
      -56.61944149999999,
      -16.871334999475334
     ],
     [
      -56.61644150000001,
      -16.873134999475276
     ],
     [
      -56.61494149999999,
      -16.87453499947523
     ],
     [
      -56.61434150000002,
      -16.875934999475238
     ],
     [
      -56.61424149999999,
      -16.877034999475157
     ],
     [
      -56.61484150000001,
      -16.878634999475103
     ],
     [
      -56.6153415,
      -16.88003499947512
     ],
     [
      -56.61514149999999,
      -16.880834999475066
     ],
     [
      -56.61424149999999,
      -16.881534999475043
     ],
     [
      -56.61314149999998,
      -16.881334999475047
     ],
     [
      -56.61244149999999,
      -16.8805349994751
     ],
     [
      -56.61164150000002,
      -16.880234999475128
     ],
     [
      -56.610341500000004,
      -16.880234999475128
     ],
     [
      -56.60904149999999,
      -16.880834999475066
     ],
     [
      -56.60864149999998,
      -16.88143499947508
     ],
     [
      -56.60884149999998,
      -16.883034999475022
     ],
     [
      -56.60964150000001,
      -16.886034999474923
     ],
     [
      -56.609841500000016,
      -16.887634999474884
     ],
     [
      -56.60974149999998,
      -16.888934999474863
     ],
     [
      -56.609241499999996,
      -16.889734999474808
     ],
     [
      -56.60824150000002,
      -16.89033499947481
     ],
     [
      -56.60704149999998,
      -16.89063499947478
     ],
     [
      -56.60604150000001,
      -16.891035099474806
     ],
     [
      -56.60594149999997,
      -16.892235099474757
     ]
    ]
   },
   "properties": {
    "segmento": "jusante_capital",
    "ordem": 18,
    "cotrecho": 32835,
    "cobacia": "8965135",
    "comprimento_km": 60.205000000000005
   }
  },
  {
   "type": "Feature",
   "geometry": {
    "type": "LineString",
    "coordinates": [
     [
      -56.60594149999997,
      -16.892235099474757
     ],
     [
      -56.60644150000002,
      -16.892935099474737
     ],
     [
      -56.607741499999975,
      -16.893235099474758
     ],
     [
      -56.60904149999999,
      -16.894235099474713
     ],
     [
      -56.60994149999999,
      -16.895335099474693
     ],
     [
      -56.61024149999997,
      -16.89693509947464
     ],
     [
      -56.61024149999997,
      -16.8987350994746
     ],
     [
      -56.61054150000001,
      -16.900135099474543
     ],
     [
      -56.611241500000006,
      -16.90143509947453
     ],
     [
      -56.612041499999975,
      -16.902135099474503
     ],
     [
      -56.61344150000002,
      -16.902435099474474
     ],
     [
      -56.614241600000014,
      -16.901935099474503
     ],
     [
      -56.61434159999999,
      -16.901235099474526
     ],
     [
      -56.6144415,
      -16.899535099474544
     ],
     [
      -56.61454149999997,
      -16.89793509947459
     ],
     [
      -56.61484150000001,
      -16.897235099474617
     ],
     [
      -56.615541500000006,
      -16.89693499947462
     ],
     [
      -56.61584160000001,
      -16.89733499947462
     ],
     [
      -56.61604160000002,
      -16.898835099474578
     ],
     [
      -56.61644159999997,
      -16.90033509947455
     ],
     [
      -56.61724160000001,
      -16.902035099474467
     ],
     [
      -56.617941599999995,
      -16.904035099474427
     ],
     [
      -56.61834160000001,
      -16.905035099474425
     ],
     [
      -56.61874160000002,
      -16.90603509947438
     ],
     [
      -56.6190416,
      -16.90723509947433
     ],
     [
      -56.6190416,
      -16.908835099474278
     ],
     [
      -56.6190416,
      -16.91053509947427
     ],
     [
      -56.619441600000016,
      -16.911535099474214
     ],
     [
      -56.62154159999999,
      -16.912035099474245
     ],
     [
      -56.62264160000001,
      -16.91223509947419
     ],
     [
      -56.62474159999999,
      -16.91393509947418
     ],
     [
      -56.62534160000002,
      -16.914735099474125
     ],
     [
      -56.62604160000001,
      -16.91543509947415
     ],
     [
      -56.62644169999999,
      -16.9160350994741
     ],
     [
      -56.626741700000025,
      -16.917535099474083
     ],
     [
      -56.626941699999975,
      -16.918335099474035
     ],
     [
      -56.62694169999998,
      -16.919335099474026
     ],
     [
      -56.6266417,
      -16.920335099473988
     ],
     [
      -56.62624169999997,
      -16.92113509947399
     ],
     [
      -56.6259417,
      -16.92223509947397
     ],
     [
      -56.6261417,
      -16.92313509947394
     ],
     [
      -56.627341699999995,
      -16.923735099473884
     ]
    ]
   },
   "properties": {
    "segmento": "jusante_capital",
    "ordem": 19,
    "cotrecho": 77800,
    "cobacia": "8965133",
    "comprimento_km": 5.836
   }
  },
  {
   "type": "Feature",
   "geometry": {
    "type": "LineString",
    "coordinates": [
     [
      -56.627341699999995,
      -16.923735099473884
     ],
     [
      -56.6286417,
      -16.923835099473916
     ],
     [
      -56.630441700000006,
      -16.923735099473884
     ],
     [
      -56.63214169999998,
      -16.924035099473922
     ],
     [
      -56.63294170000001,
      -16.92483509947387
     ],
     [
      -56.63244170000001,
      -16.925435099473866
     ],
     [
      -56.63174170000002,
      -16.926435099473817
     ],
     [
      -56.63164169999999,
      -16.927635099473775
     ],
     [
      -56.63214169999998,
      -16.929035099473776
     ],
     [
      -56.63304169999998,
      -16.929735099473756
     ],
     [
      -56.63424170000002,
      -16.930735099473704
     ],
     [
      -56.63564170000001,
      -16.931635099473674
     ],
     [
      -56.636141699999996,
      -16.932735099473653
     ],
     [
      -56.63644169999998,
      -16.933635099473634
     ],
     [
      -56.63604170000003,
      -16.934435099473582
     ],
     [
      -56.63454170000001,
      -16.93523509947359
     ],
     [
      -56.63174170000002,
      -16.93643509947354
     ],
     [
      -56.629041700000016,
      -16.93743509947354
     ],
     [
      -56.62664169999999,
      -16.937835099473496
     ],
     [
      -56.62564170000002,
      -16.938035099473492
     ],
     [
      -56.62534169999998,
      -16.939035099473497
     ],
     [
      -56.624641699999984,
      -16.9412350994734
     ],
     [
      -56.62484169999999,
      -16.94303519947338
     ],
     [
      -56.62544170000001,
      -16.94393519947335
     ],
     [
      -56.62624169999998,
      -16.94453519947335
     ],
     [
      -56.62704170000001,
      -16.944435199473318
     ],
     [
      -56.62834170000002,
      -16.943935099473325
     ],
     [
      -56.6302417,
      -16.944035099473357
     ],
     [
      -56.63164169999999,
      -16.94443509947336
     ],
     [
      -56.63274180000002,
      -16.944835099473302
     ],
     [
      -56.633441800000014,
      -16.94613509947328
     ],
     [
      -56.63324180000001,
      -16.946835099473258
     ],
     [
      -56.632241799999974,
      -16.947435099473257
     ],
     [
      -56.62994170000002,
      -16.94773519947325
     ],
     [
      -56.62854170000003,
      -16.947435199473222
     ],
     [
      -56.62714169999998,
      -16.947435199473222
     ],
     [
      -56.626741700000025,
      -16.94813519947326
     ],
     [
      -56.62724170000001,
      -16.949435199473186
     ],
     [
      -56.6277417,
      -16.950435199473183
     ],
     [
      -56.62764170000003,
      -16.95233519947311
     ],
     [
      -56.62704170000001,
      -16.953535199473063
     ],
     [
      -56.625341699999986,
      -16.954435199473043
     ],
     [
      -56.62394169999999,
      -16.95523519947304
     ],
     [
      -56.62394169999998,
      -16.956435199472995
     ],
     [
      -56.625241700000004,
      -16.95773519947297
     ],
     [
      -56.625241700000004,
      -16.958935199472922
     ],
     [
      -56.6252417,
      -16.9596351994729
     ],
     [
      -56.624441699999984,
      -16.961435199472856
     ],
     [
      -56.624141699999996,
      -16.963035199472802
     ],
     [
      -56.6234417,
      -16.964935199472784
     ],
     [
      -56.622541700000006,
      -16.96583519947277
     ],
     [
      -56.62104169999998,
      -16.967235199472714
     ],
     [
      -56.62104169999997,
      -16.968135199472695
     ],
     [
      -56.62144169999999,
      -16.969435199472674
     ],
     [
      -56.62224179999999,
      -16.970235199472622
     ],
     [
      -56.62374180000001,
      -16.9707351994726
     ],
     [
      -56.625241800000026,
      -16.9707351994726
     ],
     [
      -56.626541799999984,
      -16.97133519947259
     ],
     [
      -56.62734180000001,
      -16.97253519947255
     ],
     [
      -56.627941799999974,
      -16.974135199472503
     ],
     [
      -56.62814179999998,
      -16.976035199472488
     ],
     [
      -56.62834179999999,
      -16.978635199472375
     ],
     [
      -56.628841799999975,
      -16.97943519947239
     ],
     [
      -56.6296418,
      -16.97943519947239
     ],
     [
      -56.630841799999985,
      -16.978435199472386
     ],
     [
      -56.632041800000025,
      -16.978035199472437
     ],
     [
      -56.63324180000001,
      -16.978235199472383
     ],
     [
      -56.633541799999996,
      -16.978835199472382
     ],
     [
      -56.6330418,
      -16.97983519947239
     ],
     [
      -56.63184180000002,
      -16.981135199472313
     ],
     [
      -56.63064179999998,
      -16.98273519947227
     ],
     [
      -56.63014179999998,
      -16.984035299472264
     ],
     [
      -56.62814179999998,
      -16.985235299472215
     ],
     [
      -56.62724179999998,
      -16.9863352994722
     ],
     [
      -56.627441799999986,
      -16.988135299472155
     ],
     [
      -56.628041800000005,
      -16.989635299472074
     ],
     [
      -56.627941799999974,
      -16.990035299472073
     ],
     [
      -56.62704179999997,
      -16.989935299472098
     ],
     [
      -56.625741800000014,
      -16.989135299472107
     ],
     [
      -56.624641800000006,
      -16.989135299472107
     ],
     [
      -56.6235418,
      -16.98983529947208
     ],
     [
      -56.621741799999995,
      -16.990935299472056
     ],
     [
      -56.61964180000001,
      -16.99143529947203
     ],
     [
      -56.61704179999999,
      -16.990935299472056
     ],
     [
      -56.61534180000001,
      -16.990435299472082
     ],
     [
      -56.61304180000001,
      -16.990535299472057
     ],
     [
      -56.6114417,
      -16.99143529947203
     ],
     [
      -56.6105417,
      -16.993035299471984
     ],
     [
      -56.61004170000001,
      -16.994635299471987
     ],
     [
      -56.6096417,
      -16.996335299471912
     ],
     [
      -56.6089417,
      -16.997435299471896
     ],
     [
      -56.60774170000002,
      -16.997235299471892
     ],
     [
      -56.60754170000001,
      -16.99713529947192
     ],
     [
      -56.606741699999986,
      -16.996535299471912
     ],
     [
      -56.605441699999965,
      -16.99603529947195
     ],
     [
      -56.6046417,
      -16.997135299471914
     ],
     [
      -56.6046417,
      -16.998035299471898
     ],
     [
      -56.60484170000001,
      -16.99913529947181
     ],
     [
      -56.60484170000001,
      -17.00083539947182
     ],
     [
      -56.60474169999998,
      -17.001735399471745
     ],
     [
      -56.6037417,
      -17.002335399471747
     ],
     [
      -56.602041699999965,
      -17.00263539947171
     ],
     [
      -56.6003417,
      -17.00223539947177
     ],
     [
      -56.59884169999999,
      -17.001935399471748
     ],
     [
      -56.59794169999998,
      -17.00223539947177
     ],
     [
      -56.5976417,
      -17.00263539947171
     ],
     [
      -56.5976417,
      -17.00343539947173
     ],
     [
      -56.59974169999998,
      -17.005335399471644
     ],
     [
      -56.602041699999965,
      -17.007435399471632
     ],
     [
      -56.60324170000001,
      -17.008635399471583
     ],
     [
      -56.60344170000002,
      -17.009635399471534
     ],
     [
      -56.60344170000002,
      -17.01053539947151
     ],
     [
      -56.6028417,
      -17.01143539947149
     ],
     [
      -56.60134169999998,
      -17.011835399471487
     ],
     [
      -56.59864169999998,
      -17.011835399471487
     ],
     [
      -56.595841699999994,
      -17.01113539947151
     ],
     [
      -56.59404169999999,
      -17.011235399471484
     ],
     [
      -56.59324170000002,
      -17.01163539947149
     ],
     [
      -56.59284170000001,
      -17.012835399471435
     ],
     [
      -56.59284170000001,
      -17.013735399471415
     ],
     [
      -56.592041699999974,
      -17.014335399471424
     ],
     [
      -56.591041700000005,
      -17.015235399471393
     ],
     [
      -56.5883417,
      -17.015635399471396
     ],
     [
      -56.58714170000002,
      -17.016335399471373
     ],
     [
      -56.58664169999997,
      -17.01713539947132
     ],
     [
      -56.58664169999997,
      -17.018435399471297
     ],
     [
      -56.58634169999999,
      -17.020035399471247
     ],
     [
      -56.585341700000015,
      -17.02183549947123
     ],
     [
      -56.58444170000001,
      -17.02263549947118
     ],
     [
      -56.584141699999975,
      -17.023135499471213
     ]
    ]
   },
   "properties": {
    "segmento": "jusante_capital",
    "ordem": 20,
    "cotrecho": 32818,
    "cobacia": "8965131",
    "comprimento_km": 20.704
   }
  },
  {
   "type": "Feature",
   "geometry": {
    "type": "LineString",
    "coordinates": [
     [
      -56.584141699999975,
      -17.023135499471213
     ],
     [
      -56.583841699999994,
      -17.02353549947115
     ],
     [
      -56.58364169999999,
      -17.024035499471186
     ],
     [
      -56.58444170000001,
      -17.024335499471164
     ],
     [
      -56.58544169999999,
      -17.025035499471137
     ],
     [
      -56.58704169999998,
      -17.02593549947111
     ],
     [
      -56.587341700000025,
      -17.02683549947109
     ],
     [
      -56.58804170000002,
      -17.02783549947103
     ],
     [
      -56.58794169999999,
      -17.03013549947097
     ],
     [
      -56.5883417,
      -17.03143549947094
     ],
     [
      -56.58934169999998,
      -17.032635499470956
     ],
     [
      -56.58984170000002,
      -17.033635499470908
     ],
     [
      -56.5892417,
      -17.03463549947085
     ],
     [
      -56.58724169999999,
      -17.03633549947083
     ],
     [
      -56.58694170000001,
      -17.03753549947079
     ],
     [
      -56.58664169999997,
      -17.038835499470768
     ],
     [
      -56.58664169999997,
      -17.039735499470744
     ],
     [
      -56.586741700000005,
      -17.04043549947071
     ],
     [
      -56.58714170000002,
      -17.041135499470688
     ],
     [
      -56.58784170000001,
      -17.042035499470675
     ],
     [
      -56.588141699999994,
      -17.04343549947062
     ],
     [
      -56.58774169999998,
      -17.044935499470593
     ],
     [
      -56.586741700000005,
      -17.046935499470553
     ],
     [
      -56.58684169999998,
      -17.04763549947053
     ],
     [
      -56.58724180000002,
      -17.04883549947047
     ],
     [
      -56.588041799999985,
      -17.049635499470487
     ],
     [
      -56.586641799999995,
      -17.051135499470405
     ],
     [
      -56.58424170000001,
      -17.051935499470407
     ],
     [
      -56.58264170000001,
      -17.053435499470336
     ],
     [
      -56.5822417,
      -17.055235599470315
     ],
     [
      -56.5834418,
      -17.056235599470263
     ],
     [
      -56.585841800000026,
      -17.054135499470323
     ],
     [
      -56.586041799999975,
      -17.056335499470272
     ],
     [
      -56.587241800000015,
      -17.057335499470273
     ],
     [
      -56.58904180000002,
      -17.057435499470245
     ],
     [
      -56.591141799999995,
      -17.05823549947025
     ],
     [
      -56.5918418,
      -17.060635499470152
     ],
     [
      -56.592741800000006,
      -17.062735499470083
     ],
     [
      -56.5911418,
      -17.063435599470075
     ],
     [
      -56.588941799999986,
      -17.06433559947005
     ],
     [
      -56.589241800000025,
      -17.067035599469985
     ],
     [
      -56.5893418,
      -17.06813559946997
     ],
     [
      -56.589541800000006,
      -17.06863559946994
     ],
     [
      -56.59244180000002,
      -17.06643559946998
     ],
     [
      -56.5952418,
      -17.06763559946999
     ],
     [
      -56.594041800000014,
      -17.069235599469945
     ],
     [
      -56.592641800000024,
      -17.070335599469914
     ],
     [
      -56.592041800000004,
      -17.070935599469873
     ],
     [
      -56.592341799999986,
      -17.071735599469868
     ],
     [
      -56.59414179999999,
      -17.071535599469865
     ],
     [
      -56.59514180000002,
      -17.07003559946989
     ],
     [
      -56.59724189999997,
      -17.07003559946989
     ],
     [
      -56.59914190000001,
      -17.0706355994699
     ],
     [
      -56.60084189999998,
      -17.07023559946989
     ],
     [
      -56.60214189999999,
      -17.069335499469943
     ],
     [
      -56.603141900000026,
      -17.068835499469916
     ],
     [
      -56.60514189999998,
      -17.068635499469977
     ],
     [
      -56.60554189999999,
      -17.06963549946992
     ],
     [
      -56.605841899999966,
      -17.070435499469866
     ],
     [
      -56.60544190000002,
      -17.071235499469875
     ],
     [
      -56.60444189999998,
      -17.072635499469822
     ],
     [
      -56.60354189999998,
      -17.074635599469804
     ],
     [
      -56.603941899999995,
      -17.076235599469747
     ],
     [
      -56.60434190000001,
      -17.077635599469712
     ],
     [
      -56.60494189999997,
      -17.078535599469674
     ],
     [
      -56.605641900000016,
      -17.078935599469684
     ],
     [
      -56.606541900000025,
      -17.079435599469658
     ],
     [
      -56.607941900000014,
      -17.079635599469665
     ],
     [
      -56.609441899999986,
      -17.079935599469643
     ],
     [
      -56.6100419,
      -17.08093559946958
     ],
     [
      -56.609141900000004,
      -17.081535599469586
     ],
     [
      -56.608241899999996,
      -17.08183559946956
     ],
     [
      -56.606841900000006,
      -17.082135599469595
     ],
     [
      -56.60614190000002,
      -17.082835599469565
     ],
     [
      -56.6057419,
      -17.083835599469516
     ],
     [
      -56.60604189999998,
      -17.084635599469518
     ],
     [
      -56.60644189999999,
      -17.0853355994695
     ],
     [
      -56.60724190000002,
      -17.085735599469498
     ],
     [
      -56.608342,
      -17.086035599469472
     ],
     [
      -56.60964200000001,
      -17.086535599469453
     ],
     [
      -56.60974199999998,
      -17.087635599469422
     ],
     [
      -56.609241999999995,
      -17.088935599469412
     ],
     [
      -56.60954199999998,
      -17.09023559946938
     ],
     [
      -56.61044199999998,
      -17.091535599469303
     ],
     [
      -56.61154199999998,
      -17.09233559946931
     ],
     [
      -56.612441999999994,
      -17.09333559946926
     ],
     [
      -56.613542,
      -17.094335599469268
     ],
     [
      -56.615542000000005,
      -17.094335599469268
     ],
     [
      -56.617241999999976,
      -17.093635599469287
     ],
     [
      -56.61834199999998,
      -17.093135599469257
     ],
     [
      -56.62004200000001,
      -17.092735599469314
     ],
     [
      -56.620942000000014,
      -17.09303559946929
     ],
     [
      -56.621741999999976,
      -17.093835599469234
     ],
     [
      -56.62174199999998,
      -17.09413559946927
     ],
     [
      -56.622641999999985,
      -17.09513559946921
     ],
     [
      -56.623142099999995,
      -17.095735599469215
     ],
     [
      -56.62364209999998,
      -17.095735599469222
     ],
     [
      -56.62484210000002,
      -17.09653559946916
     ],
     [
      -56.62604210000001,
      -17.09833559946912
     ],
     [
      -56.62694210000001,
      -17.099635599469096
     ],
     [
      -56.62704209999998,
      -17.101535599469024
     ],
     [
      -56.627142100000015,
      -17.102635599469
     ],
     [
      -56.627142100000015,
      -17.103135599468985
     ],
     [
      -56.62714210000002,
      -17.103635599469005
     ],
     [
      -56.627342100000014,
      -17.104135599468982
     ],
     [
      -56.6283421,
      -17.103935599468986
     ],
     [
      -56.628842099999986,
      -17.103235599469006
     ],
     [
      -56.6301421,
      -17.10273559946903
     ],
     [
      -56.63144210000001,
      -17.10283559946901
     ],
     [
      -56.633042100000004,
      -17.103335599468974
     ],
     [
      -56.633642099999975,
      -17.103635599469005
     ],
     [
      -56.6342421,
      -17.10433559946898
     ],
     [
      -56.634342100000026,
      -17.105035599468966
     ],
     [
      -56.634242099999994,
      -17.105635599468965
     ],
     [
      -56.633742100000006,
      -17.10643559946891
     ],
     [
      -56.63334209999999,
      -17.107135599468887
     ],
     [
      -56.63414210000003,
      -17.1079355994689
     ],
     [
      -56.634842100000014,
      -17.1079355994689
     ],
     [
      -56.63534210000001,
      -17.108335599468834
     ],
     [
      -56.63564220000001,
      -17.108835599468865
     ],
     [
      -56.63524219999999,
      -17.10963559946881
     ],
     [
      -56.63484219999999,
      -17.11063559946882
     ],
     [
      -56.63484219999998,
      -17.111535599468798
     ],
     [
      -56.635342200000025,
      -17.11193559946874
     ],
     [
      -56.63534220000003,
      -17.112735599468753
     ],
     [
      -56.634742200000005,
      -17.114335599468703
     ],
     [
      -56.634442200000024,
      -17.118635599468583
     ],
     [
      -56.634442200000024,
      -17.12113559946852
     ],
     [
      -56.63504219999998,
      -17.122735599468474
     ],
     [
      -56.635142200000026,
      -17.12413559946842
     ],
     [
      -56.635542199999975,
      -17.125035599468397
     ],
     [
      -56.636142199999995,
      -17.1254355994684
     ],
     [
      -56.63664219999998,
      -17.125735599468374
     ],
     [
      -56.63734219999998,
      -17.1254355994684
     ],
     [
      -56.638442199999986,
      -17.12483559946839
     ],
     [
      -56.63864219999999,
      -17.124435599468455
     ],
     [
      -56.63944220000002,
      -17.124735599468412
     ],
     [
      -56.640442199999995,
      -17.1254355994684
     ],
     [
      -56.64004219999998,
      -17.126235599468345
     ],
     [
      -56.639642200000026,
      -17.12723559946836
     ],
     [
      -56.6397422,
      -17.12893559946828
     ],
     [
      -56.63994220000001,
      -17.12993559946829
     ],
     [
      -56.64034220000002,
      -17.131035599468262
     ],
     [
      -56.64014220000001,
      -17.13303559946822
     ],
     [
      -56.639842199999975,
      -17.13363559946816
     ],
     [
      -56.639842199999975,
      -17.13473559946814
     ],
     [
      -56.64144219999997,
      -17.136135599468098
     ],
     [
      -56.64224230000002,
      -17.137135599468095
     ],
     [
      -56.64214229999999,
      -17.137935599468044
     ],
     [
      -56.642042300000014,
      -17.138335599468054
     ],
     [
      -56.64104229999998,
      -17.139335599467998
     ],
     [
      -56.64044219999999,
      -17.14003569946799
     ],
     [
      -56.640342299999986,
      -17.140635699468003
     ],
     [
      -56.64064230000002,
      -17.14113569946797
     ],
     [
      -56.64114230000001,
      -17.141235699467945
     ],
     [
      -56.641742299999976,
      -17.141235699467945
     ],
     [
      -56.64264229999998,
      -17.141435699467944
     ],
     [
      -56.64364230000001,
      -17.14213569946792
     ],
     [
      -56.6441423,
      -17.143635699467907
     ],
     [
      -56.64454230000001,
      -17.144935699467876
     ],
     [
      -56.64544230000001,
      -17.14583569946786
     ],
     [
      -56.646342300000015,
      -17.146435699467805
     ],
     [
      -56.64764229999997,
      -17.146635699467804
     ],
     [
      -56.6484423,
      -17.147935699467784
     ],
     [
      -56.64884230000001,
      -17.14963569946771
     ],
     [
      -56.649242300000026,
      -17.15113569946769
     ],
     [
      -56.649742300000014,
      -17.152735699467648
     ],
     [
      -56.64964229999998,
      -17.15363569946762
     ],
     [
      -56.64924230000003,
      -17.154735699467597
     ],
     [
      -56.648542299999974,
      -17.15603569946758
     ],
     [
      -56.64764229999997,
      -17.157535699467505
     ],
     [
      -56.646642299999996,
      -17.158235699467483
     ],
     [
      -56.64544230000001,
      -17.15883569946748
     ],
     [
      -56.644342300000005,
      -17.159535699467458
     ],
     [
      -56.64394229999999,
      -17.15973569946746
     ],
     [
      -56.64364230000001,
      -17.159935699467468
     ]
    ]
   },
   "properties": {
    "segmento": "jusante_capital",
    "ordem": 21,
    "cotrecho": 113595,
    "cobacia": "896511",
    "comprimento_km": 25.267
   }
  },
  {
   "type": "Feature",
   "geometry": {
    "type": "LineString",
    "coordinates": [
     [
      -56.64364230000001,
      -17.159935699467468
     ],
     [
      -56.642942300000016,
      -17.16103569946744
     ],
     [
      -56.642442300000035,
      -17.162135699467413
     ],
     [
      -56.642842299999984,
      -17.16373569946737
     ],
     [
      -56.64354229999998,
      -17.165635699467295
     ],
     [
      -56.64404230000002,
      -17.166935699467274
     ],
     [
      -56.644942300000025,
      -17.167435699467248
     ],
     [
      -56.646042299999976,
      -17.16733569946728
     ],
     [
      -56.6468423,
      -17.167035699467245
     ],
     [
      -56.6478424,
      -17.166235699467308
     ],
     [
      -56.6487424,
      -17.165935699467276
     ],
     [
      -56.649642400000005,
      -17.166035699467304
     ]
    ]
   },
   "properties": {
    "segmento": "jusante_capital",
    "ordem": 22,
    "cotrecho": 77508,
    "cobacia": "89637",
    "comprimento_km": 1.491
   }
  },
  {
   "type": "Feature",
   "geometry": {
    "type": "LineString",
    "coordinates": [
     [
      -56.649642400000005,
      -17.166035699467304
     ],
     [
      -56.650842399999995,
      -17.166735699467278
     ],
     [
      -56.65134239999997,
      -17.16763569946726
     ],
     [
      -56.65184240000003,
      -17.168435699467196
     ],
     [
      -56.652442399999984,
      -17.17003569946721
     ],
     [
      -56.652542400000016,
      -17.171335699467136
     ],
     [
      -56.653042400000004,
      -17.172435699467115
     ],
     [
      -56.653742400000006,
      -17.173235699467117
     ],
     [
      -56.65494239999998,
      -17.173835699467062
     ],
     [
      -56.6562424,
      -17.174035699467055
     ],
     [
      -56.657642399999986,
      -17.174035699467055
     ],
     [
      -56.658742399999994,
      -17.174035699467055
     ],
     [
      -56.659342400000014,
      -17.174635699467068
     ],
     [
      -56.65954240000003,
      -17.175235699467013
     ],
     [
      -56.65944239999999,
      -17.175935699467043
     ],
     [
      -56.65684240000002,
      -17.178635699466916
     ],
     [
      -56.65504240000001,
      -17.180635699466873
     ],
     [
      -56.654442399999986,
      -17.18263569946682
     ],
     [
      -56.654242399999994,
      -17.18433569946681
     ],
     [
      -56.65424239999999,
      -17.18483569946678
     ],
     [
      -56.65424239999999,
      -17.185935699466764
     ],
     [
      -56.65484240000001,
      -17.187135699466708
     ],
     [
      -56.6565425,
      -17.18993579946664
     ],
     [
      -56.656642499999975,
      -17.19113579946659
     ],
     [
      -56.656642499999975,
      -17.192735799466536
     ],
     [
      -56.65604250000002,
      -17.19403579946653
     ],
     [
      -56.65604250000001,
      -17.194935799466503
     ],
     [
      -56.65604250000001,
      -17.195735799466508
     ],
     [
      -56.6565425,
      -17.197335799466458
     ],
     [
      -56.658642499999985,
      -17.200035799466395
     ],
     [
      -56.6599425,
      -17.202335799466322
     ],
     [
      -56.66114249999998,
      -17.20433579946627
     ],
     [
      -56.6624425,
      -17.20673579946617
     ],
     [
      -56.66294249999999,
      -17.208135799466124
     ],
     [
      -56.66294249999999,
      -17.209435799466103
     ],
     [
      -56.66244249999999,
      -17.21053579946608
     ],
     [
      -56.66144250000003,
      -17.211335799466024
     ],
     [
      -56.660042499999975,
      -17.21143579946606
     ],
     [
      -56.65894250000003,
      -17.21113579946609
     ],
     [
      -56.65794249999999,
      -17.210735799466086
     ],
     [
      -56.65714250000002,
      -17.210635799466054
     ],
     [
      -56.656642499999975,
      -17.211135799466085
     ],
     [
      -56.656642499999975,
      -17.211735799466034
     ],
     [
      -56.6574425,
      -17.212435799466004
     ],
     [
      -56.658642499999985,
      -17.21283579946601
     ],
     [
      -56.660642499999994,
      -17.21313579946599
     ],
     [
      -56.66234250000002,
      -17.21353579946599
     ],
     [
      -56.66364249999998,
      -17.21413579946599
     ],
     [
      -56.665042599999985,
      -17.21433579946599
     ],
     [
      -56.66694260000003,
      -17.21433579946599
     ],
     [
      -56.6679426,
      -17.214635799465967
     ],
     [
      -56.66894259999998,
      -17.215235799465965
     ],
     [
      -56.66924260000002,
      -17.21583579946592
     ],
     [
      -56.66934259999999,
      -17.216435799465913
     ],
     [
      -56.66914259999999,
      -17.216835799465915
     ],
     [
      -56.66854260000003,
      -17.217035799465922
     ],
     [
      -56.66744260000001,
      -17.216835799465922
     ],
     [
      -56.66614260000001,
      -17.21663579946592
     ],
     [
      -56.66454260000001,
      -17.216535799465888
     ],
     [
      -56.66324259999999,
      -17.217035799465922
     ],
     [
      -56.6622425,
      -17.217835799465863
     ],
     [
      -56.6617425,
      -17.218935799465843
     ],
     [
      -56.661742600000025,
      -17.22003579946583
     ],
     [
      -56.662342599999995,
      -17.220635799465835
     ],
     [
      -56.66384260000002,
      -17.220635799465825
     ],
     [
      -56.66664259999999,
      -17.220535799465804
     ],
     [
      -56.66914259999999,
      -17.219935799465798
     ],
     [
      -56.670842600000014,
      -17.219635799465827
     ],
     [
      -56.67214259999997,
      -17.219635799465827
     ],
     [
      -56.6729426,
      -17.220135799465798
     ],
     [
      -56.67334260000001,
      -17.220835799465775
     ],
     [
      -56.67334260000001,
      -17.22153579946581
     ],
     [
      -56.6729426,
      -17.221935799465758
     ],
     [
      -56.6722426,
      -17.222035799465786
     ],
     [
      -56.67124260000003,
      -17.22213579946575
     ],
     [
      -56.67014260000001,
      -17.222735799465763
     ],
     [
      -56.66934259999999,
      -17.223635799465733
     ],
     [
      -56.66864259999999,
      -17.225335799465654
     ],
     [
      -56.66824259999998,
      -17.22713579946561
     ],
     [
      -56.66844259999999,
      -17.2288357994656
     ],
     [
      -56.66964259999997,
      -17.23053579946552
     ],
     [
      -56.67124260000003,
      -17.231335799465526
     ],
     [
      -56.673142600000006,
      -17.231335799465526
     ],
     [
      -56.67494260000001,
      -17.23063579946555
     ],
     [
      -56.67594270000001,
      -17.23013579946557
     ],
     [
      -56.67774270000001,
      -17.22873579946557
     ],
     [
      -56.67894269999999,
      -17.227935799465612
     ],
     [
      -56.68024270000001,
      -17.227535799465613
     ],
     [
      -56.6816427,
      -17.227535799465613
     ],
     [
      -56.68284269999998,
      -17.228335799465626
     ],
     [
      -56.68354269999998,
      -17.22933579946558
     ],
     [
      -56.68354269999998,
      -17.23073579946552
     ],
     [
      -56.68294270000001,
      -17.231735799465532
     ],
     [
      -56.682442700000024,
      -17.23253579946548
     ],
     [
      -56.6825427,
      -17.233135799465476
     ],
     [
      -56.68354269999998,
      -17.233635799465453
     ],
     [
      -56.68484269999999,
      -17.233635799465453
     ],
     [
      -56.686142700000005,
      -17.233435799465447
     ],
     [
      -56.68704270000001,
      -17.23373579946542
     ],
     [
      -56.687642700000026,
      -17.234835799465404
     ],
     [
      -56.68804269999998,
      -17.236335799465383
     ],
     [
      -56.68834270000002,
      -17.237135799465335
     ],
     [
      -56.68884270000001,
      -17.237835799465362
     ],
     [
      -56.68964269999998,
      -17.23793579946534
     ],
     [
      -56.690342699999974,
      -17.237635799465355
     ],
     [
      -56.69074269999998,
      -17.237035799465357
     ],
     [
      -56.690942699999994,
      -17.236335799465387
     ],
     [
      -56.69144269999998,
      -17.23543579946541
     ],
     [
      -56.69214269999998,
      -17.235035799465408
     ],
     [
      -56.692942800000026,
      -17.235335799465382
     ],
     [
      -56.69354279999999,
      -17.236035799465423
     ],
     [
      -56.693742799999995,
      -17.23693579946539
     ],
     [
      -56.69414280000001,
      -17.237735799465334
     ],
     [
      -56.69494279999998,
      -17.238835799465313
     ],
     [
      -56.695642799999966,
      -17.239635799465255
     ],
     [
      -56.69594280000001,
      -17.240835799465266
     ],
     [
      -56.69584279999998,
      -17.242135799465252
     ],
     [
      -56.69524280000002,
      -17.24343579946518
     ],
     [
      -56.69504280000001,
      -17.24443579946518
     ],
     [
      -56.69544280000002,
      -17.245035799465132
     ],
     [
      -56.69614280000002,
      -17.245235799465124
     ],
     [
      -56.6971428,
      -17.24483579946512
     ],
     [
      -56.69884280000002,
      -17.24393579946514
     ],
     [
      -56.69994279999997,
      -17.24303579946517
     ],
     [
      -56.70074280000001,
      -17.24203579946522
     ],
     [
      -56.701542800000034,
      -17.24063579946527
     ],
     [
      -56.7023428,
      -17.240135799465303
     ],
     [
      -56.70334279999997,
      -17.240135799465303
     ],
     [
      -56.70404280000002,
      -17.24073579946524
     ],
     [
      -56.704842799999994,
      -17.24203579946522
     ],
     [
      -56.706342800000016,
      -17.243335799465196
     ],
     [
      -56.707642899999996,
      -17.24443579946518
     ],
     [
      -56.70844290000002,
      -17.245535799465145
     ],
     [
      -56.70844290000002,
      -17.245835799465134
     ],
     [
      -56.7085429,
      -17.24653579946511
     ],
     [
      -56.7085429,
      -17.247335799465052
     ],
     [
      -56.70824290000001,
      -17.24813579946506
     ],
     [
      -56.7074429,
      -17.24873579946507
     ],
     [
      -56.70594290000003,
      -17.248935799465066
     ],
     [
      -56.704842799999994,
      -17.24893579946506
     ],
     [
      -56.70384280000002,
      -17.249435799465036
     ],
     [
      -56.70294280000002,
      -17.25013579946501
     ],
     [
      -56.70204280000001,
      -17.251635799464943
     ],
     [
      -56.70044280000002,
      -17.253035799464943
     ],
     [
      -56.699942799999974,
      -17.254335799464865
     ],
     [
      -56.700042800000006,
      -17.25553579946487
     ],
     [
      -56.700542799999994,
      -17.256735799464835
     ],
     [
      -56.70154289999999,
      -17.257535799464826
     ],
     [
      -56.70264290000001,
      -17.258135799464785
     ],
     [
      -56.703942900000015,
      -17.25883579946475
     ],
     [
      -56.70504290000002,
      -17.259935799464735
     ],
     [
      -56.70604289999999,
      -17.260835799464708
     ],
     [
      -56.70684290000003,
      -17.261135799464682
     ],
     [
      -56.70774290000003,
      -17.261235799464714
     ],
     [
      -56.70864289999997,
      -17.261035799464715
     ],
     [
      -56.70974289999998,
      -17.260235799464713
     ],
     [
      -56.7103429,
      -17.259535799464732
     ],
     [
      -56.710242900000026,
      -17.258135799464785
     ],
     [
      -56.710442899999975,
      -17.256635799464856
     ],
     [
      -56.7112429,
      -17.25573579946487
     ],
     [
      -56.71234290000001,
      -17.25533579946488
     ],
     [
      -56.71424289999999,
      -17.255435799464845
     ],
     [
      -56.716442900000004,
      -17.255435799464845
     ],
     [
      -56.71754290000001,
      -17.255435799464845
     ],
     [
      -56.718542899999996,
      -17.25593579946482
     ],
     [
      -56.71924289999998,
      -17.256835799464795
     ],
     [
      -56.71924289999998,
      -17.2582357994648
     ],
     [
      -56.71964300000002,
      -17.259335799464726
     ],
     [
      -56.72044299999999,
      -17.260135799464738
     ],
     [
      -56.72144300000002,
      -17.260635799464715
     ],
     [
      -56.72254299999997,
      -17.26093579946474
     ],
     [
      -56.723642999999974,
      -17.261335799464682
     ],
     [
      -56.724243,
      -17.261835799464663
     ],
     [
      -56.72474299999999,
      -17.26283579946466
     ],
     [
      -56.72474299999998,
      -17.26363579946461
     ],
     [
      -56.724243,
      -17.26423579946462
     ],
     [
      -56.723343,
      -17.264735799464585
     ],
     [
      -56.721642999999965,
      -17.264735799464585
     ],
     [
      -56.72044299999999,
      -17.264735799464585
     ],
     [
      -56.71924300000001,
      -17.26523579946463
     ],
     [
      -56.71804300000002,
      -17.265535799464594
     ],
     [
      -56.71654289999998,
      -17.265435799464573
     ],
     [
      -56.71484290000001,
      -17.264535799464593
     ],
     [
      -56.71294289999998,
      -17.263535799464634
     ],
     [
      -56.71134289999998,
      -17.26313579946464
     ],
     [
      -56.70984290000001,
      -17.263335799464645
     ],
     [
      -56.7085429,
      -17.26403579946462
     ],
     [
      -56.7078429,
      -17.264935799464592
     ],
     [
      -56.707642899999996,
      -17.26613579946454
     ],
     [
      -56.70794289999998,
      -17.266835799464573
     ],
     [
      -56.708842899999986,
      -17.26703579946452
     ],
     [
      -56.71004290000002,
      -17.266735799464545
     ],
     [
      -56.7112429,
      -17.26653579946454
     ],
     [
      -56.712442899999985,
      -17.26703579946452
     ],
     [
      -56.71334289999999,
      -17.267535799464554
     ],
     [
      -56.71404289999998,
      -17.268835799464473
     ],
     [
      -56.714643000000024,
      -17.27043579946443
     ],
     [
      -56.71514300000001,
      -17.271535799464406
     ],
     [
      -56.71534300000002,
      -17.272935799464413
     ],
     [
      -56.715543000000025,
      -17.273435799464387
     ],
     [
      -56.71544299999999,
      -17.27463579946434
     ],
     [
      -56.714743,
      -17.275835899464308
     ],
     [
      -56.71374300000002,
      -17.27653589946429
     ],
     [
      -56.712243,
      -17.27653589946429
     ],
     [
      -56.710142899999994,
      -17.276335899464293
     ],
     [
      -56.708842899999986,
      -17.276435899464314
     ],
     [
      -56.70784290000001,
      -17.27703589946426
     ],
     [
      -56.707042899999976,
      -17.27803589946426
     ],
     [
      -56.70684290000003,
      -17.27933589946419
     ],
     [
      -56.706742899999995,
      -17.280435899464166
     ],
     [
      -56.7060429,
      -17.281535899464142
     ],
     [
      -56.70434289999997,
      -17.282535899464154
     ],
     [
      -56.702142900000005,
      -17.283035899464124
     ],
     [
      -56.70074290000002,
      -17.282835899464125
     ],
     [
      -56.69934289999997,
      -17.28223589946412
     ]
    ]
   },
   "properties": {
    "segmento": "jusante_capital",
    "ordem": 23,
    "cotrecho": 113579,
    "cobacia": "89635",
    "comprimento_km": 30.429000000000002
   }
  },
  {
   "type": "Feature",
   "geometry": {
    "type": "LineString",
    "coordinates": [
     [
      -56.69934289999997,
      -17.28223589946412
     ],
     [
      -56.69834290000001,
      -17.283535899464095
     ]
    ]
   },
   "properties": {
    "segmento": "jusante_capital",
    "ordem": 24,
    "cotrecho": 1045,
    "cobacia": "89633",
    "comprimento_km": 0.17900000000000002
   }
  },
  {
   "type": "Feature",
   "geometry": {
    "type": "LineString",
    "coordinates": [
     [
      -56.69834290000001,
      -17.283535899464095
     ],
     [
      -56.69784290000001,
      -17.284535899464046
     ],
     [
      -56.69774289999998,
      -17.28603589946403
     ],
     [
      -56.698042900000026,
      -17.287235899463987
     ],
     [
      -56.69884289999999,
      -17.288135899463956
     ],
     [
      -56.70004290000003,
      -17.28923589946394
     ],
     [
      -56.70094289999997,
      -17.289535899463903
     ],
     [
      -56.701942900000006,
      -17.28943589946394
     ],
     [
      -56.70284290000001,
      -17.288835899463933
     ],
     [
      -56.70364289999998,
      -17.288035899463992
     ],
     [
      -56.70384289999998,
      -17.286735899464002
     ],
     [
      -56.70464290000002,
      -17.285035899464077
     ],
     [
      -56.70514289999999,
      -17.284035899464076
     ],
     [
      -56.705942900000025,
      -17.283335899464102
     ],
     [
      -56.70714290000001,
      -17.282535899464154
     ],
     [
      -56.70884289999998,
      -17.28233589946415
     ],
     [
      -56.71004299999999,
      -17.282535899464154
     ],
     [
      -56.711243000000024,
      -17.282835899464125
     ],
     [
      -56.712042999999994,
      -17.284035899464076
     ],
     [
      -56.71274299999999,
      -17.285235899464027
     ],
     [
      -56.71174300000002,
      -17.287535899464014
     ],
     [
      -56.71084300000001,
      -17.28923589946394
     ],
     [
      -56.70954299999999,
      -17.29073589946392
     ],
     [
      -56.70964300000002,
      -17.2916358994639
     ],
     [
      -56.71004299999999,
      -17.292135899463865
     ],
     [
      -56.71074299999998,
      -17.292635899463843
     ],
     [
      -56.71254299999999,
      -17.292635899463843
     ],
     [
      -56.714342999999985,
      -17.29293589946382
     ],
     [
      -56.715742999999975,
      -17.293835899463797
     ],
     [
      -56.71704299999999,
      -17.29433589946383
     ],
     [
      -56.71854300000001,
      -17.29553589946378
     ],
     [
      -56.72104300000001,
      -17.296935899463733
     ],
     [
      -56.72224310000002,
      -17.2982358994637
     ],
     [
      -56.7225431,
      -17.299235899463657
     ],
     [
      -56.722543099999996,
      -17.301135899463645
     ],
     [
      -56.721343100000006,
      -17.303035899463563
     ],
     [
      -56.72084310000003,
      -17.30373589946354
     ],
     [
      -56.720143099999966,
      -17.304635899463523
     ],
     [
      -56.71984309999999,
      -17.305435899463525
     ],
     [
      -56.7200431,
      -17.306235899463466
     ],
     [
      -56.72124309999998,
      -17.307535899463456
     ],
     [
      -56.72204310000001,
      -17.3083358994634
     ]
    ]
   },
   "properties": {
    "segmento": "jusante_capital",
    "ordem": 25,
    "cotrecho": 51141,
    "cobacia": "89631",
    "comprimento_km": 6.359
   }
  },
  {
   "type": "Feature",
   "geometry": {
    "type": "LineString",
    "coordinates": [
     [
      -56.72204310000001,
      -17.3083358994634
     ],
     [
      -56.723443100000004,
      -17.309035899463428
     ],
     [
      -56.7250431,
      -17.310135899463347
     ],
     [
      -56.72784309999997,
      -17.31063589946338
     ],
     [
      -56.73064310000001,
      -17.31063589946338
     ],
     [
      -56.73314310000001,
      -17.31073589946336
     ],
     [
      -56.73514319999998,
      -17.311135899463352
     ],
     [
      -56.736143200000015,
      -17.311835899463333
     ],
     [
      -56.736943199999985,
      -17.313035899463287
     ],
     [
      -56.737543200000005,
      -17.314335899463266
     ],
     [
      -56.73774320000001,
      -17.316535899463226
     ],
     [
      -56.73774320000001,
      -17.320135899463118
     ],
     [
      -56.73774320000001,
      -17.322335899463024
     ],
     [
      -56.73874319999999,
      -17.324335899462987
     ],
     [
      -56.740443200000016,
      -17.32623589946291
     ],
     [
      -56.74254320000001,
      -17.32783589946292
     ],
     [
      -56.74444319999997,
      -17.328935899462845
     ],
     [
      -56.74634329999998,
      -17.32963589946287
     ],
     [
      -56.74844330000002,
      -17.329735899462843
     ],
     [
      -56.75094330000002,
      -17.329535899462847
     ],
     [
      -56.75324330000001,
      -17.328935899462845
     ],
     [
      -56.75584329999999,
      -17.327935899462897
     ],
     [
      -56.75754330000001,
      -17.3273358994629
     ],
     [
      -56.75924329999998,
      -17.32783589946292
     ],
     [
      -56.76064330000003,
      -17.329035899462873
     ],
     [
      -56.7616433,
      -17.331435899462768
     ],
     [
      -56.761643400000025,
      -17.334235899462726
     ],
     [
      -56.76144340000002,
      -17.33653589946266
     ],
     [
      -56.760943399999974,
      -17.338035899462643
     ],
     [
      -56.7608434,
      -17.339635899462593
     ],
     [
      -56.76114339999998,
      -17.34103589946255
     ],
     [
      -56.76234340000002,
      -17.3424358994625
     ],
     [
      -56.76314339999999,
      -17.342935899462475
     ],
     [
      -56.76594340000003,
      -17.343135899462474
     ],
     [
      -56.76884339999997,
      -17.343235899462506
     ],
     [
      -56.77044339999998,
      -17.343335899462478
     ],
     [
      -56.7712434,
      -17.344435899462454
     ],
     [
      -56.77134339999998,
      -17.345635899462405
     ],
     [
      -56.77094340000002,
      -17.34643589946241
     ],
     [
      -56.7694434,
      -17.347235899462355
     ],
     [
      -56.7669434,
      -17.34823589946236
     ],
     [
      -56.765043400000025,
      -17.349235899462315
     ],
     [
      -56.76294339999998,
      -17.350835899462265
     ],
     [
      -56.76194340000001,
      -17.352435999462248
     ],
     [
      -56.76204339999998,
      -17.354035999462198
     ],
     [
      -56.76254340000003,
      -17.35663599946209
     ],
     [
      -56.76314339999999,
      -17.358035999462107
     ],
     [
      -56.764743399999986,
      -17.359835999462007
     ],
     [
      -56.765043400000025,
      -17.36033599946204
     ],
     [
      -56.766143399999976,
      -17.36193599946199
     ],
     [
      -56.76814350000001,
      -17.36493599946189
     ],
     [
      -56.771243500000026,
      -17.36643599946187
     ],
     [
      -56.77444350000002,
      -17.367335999461847
     ],
     [
      -56.77714350000002,
      -17.367735999461797
     ],
     [
      -56.78184349999998,
      -17.36863599946178
     ],
     [
      -56.786443599999984,
      -17.369835899461755
     ],
     [
      -56.789043600000014,
      -17.371935899461683
     ],
     [
      -56.79064360000001,
      -17.374835899461623
     ],
     [
      -56.791143600000005,
      -17.37793599946152
     ],
     [
      -56.791143600000005,
      -17.380235999461508
     ],
     [
      -56.7902436,
      -17.382335999461432
     ],
     [
      -56.788543600000025,
      -17.384735999461334
     ],
     [
      -56.7877436,
      -17.38613599946134
     ],
     [
      -56.78734359999999,
      -17.388335999461233
     ],
     [
      -56.78804359999998,
      -17.390035999461222
     ],
     [
      -56.78994360000002,
      -17.391435999461173
     ],
     [
      -56.791643599999986,
      -17.39233599946115
     ],
     [
      -56.795243700000015,
      -17.392235999461178
     ],
     [
      -56.79784369999999,
      -17.391735999461154
     ],
     [
      -56.799843700000004,
      -17.39083599946116
     ],
     [
      -56.80284369999998,
      -17.388635999461265
     ],
     [
      -56.8050437,
      -17.388335999461244
     ],
     [
      -56.8073437,
      -17.38843589946125
     ],
     [
      -56.810643700000014,
      -17.38923589946124
     ],
     [
      -56.81454380000003,
      -17.390335899461228
     ],
     [
      -56.818543799999986,
      -17.391835899461146
     ],
     [
      -56.821143800000016,
      -17.39213589946118
     ],
     [
      -56.82514379999998,
      -17.39223589946116
     ],
     [
      -56.82804379999999,
      -17.391935899461185
     ],
     [
      -56.83024390000003,
      -17.39203589946116
     ],
     [
      -56.83134389999998,
      -17.39203589946116
     ],
     [
      -56.832043899999974,
      -17.392635899461162
     ],
     [
      -56.832543900000026,
      -17.39373589946114
     ],
     [
      -56.83244389999999,
      -17.39533589946108
     ],
     [
      -56.83174389999999,
      -17.396935899461045
     ],
     [
      -56.83134389999998,
      -17.39833589946099
     ],
     [
      -56.83044389999997,
      -17.401535899460903
     ],
     [
      -56.83044389999998,
      -17.403435899460824
     ],
     [
      -56.83094390000002,
      -17.40513589946081
     ],
     [
      -56.83114389999997,
      -17.405635899460783
     ],
     [
      -56.83224389999998,
      -17.40723589946073
     ],
     [
      -56.832943899999975,
      -17.40863589946068
     ],
     [
      -56.834143900000015,
      -17.41063589946064
     ],
     [
      -56.83574390000001,
      -17.412435899460593
     ],
     [
      -56.83734390000001,
      -17.413535899460577
     ],
     [
      -56.840344000000016,
      -17.41453589946053
     ],
     [
      -56.842444,
      -17.415535899460533
     ],
     [
      -56.843744000000015,
      -17.417735899460485
     ],
     [
      -56.843344,
      -17.419135899460436
     ],
     [
      -56.842243999999994,
      -17.42063599946039
     ],
     [
      -56.840043999999985,
      -17.422235999460334
     ],
     [
      -56.83674400000001,
      -17.423635999460302
     ],
     [
      -56.83534400000002,
      -17.42363599946029
     ],
     [
      -56.832743900000025,
      -17.42293599946032
     ],
     [
      -56.82974389999998,
      -17.422235999460334
     ],
     [
      -56.8271439,
      -17.42213599946037
     ],
     [
      -56.82564389999999,
      -17.42273599946031
     ],
     [
      -56.8242439,
      -17.423935999460323
     ],
     [
      -56.8226439,
      -17.425935999460222
     ],
     [
      -56.821843899999976,
      -17.427435999460208
     ],
     [
      -56.82124390000001,
      -17.429835999460153
     ],
     [
      -56.821143899999974,
      -17.431535999460085
     ],
     [
      -56.82114389999998,
      -17.43313599946003
     ],
     [
      -56.82184389999997,
      -17.435035999460013
     ],
     [
      -56.82274389999998,
      -17.436835999459973
     ],
     [
      -56.82374390000001,
      -17.438235999459927
     ],
     [
      -56.82464390000001,
      -17.439335999459903
     ],
     [
      -56.82634389999998,
      -17.439835999459874
     ],
     [
      -56.82834400000001,
      -17.44013599945986
     ],
     [
      -56.82964399999997,
      -17.439635999459874
     ],
     [
      -56.83134400000001,
      -17.438235999459923
     ],
     [
      -56.83284400000002,
      -17.437135999459947
     ],
     [
      -56.83414399999998,
      -17.436835999459973
     ],
     [
      -56.83554400000002,
      -17.436735999459945
     ],
     [
      -56.837444000000005,
      -17.43693599945995
     ],
     [
      -56.839944,
      -17.438635999459873
     ],
     [
      -56.84124400000002,
      -17.44053599945986
     ],
     [
      -56.84184399999999,
      -17.442135999459804
     ],
     [
      -56.841744000000006,
      -17.443935999459754
     ],
     [
      -56.841444000000024,
      -17.444935999459712
     ],
     [
      -56.840943999999986,
      -17.44583599945969
     ],
     [
      -56.840043999999985,
      -17.447035999459693
     ],
     [
      -56.838243999999975,
      -17.447735999459674
     ],
     [
      -56.83584400000001,
      -17.448235999459648
     ],
     [
      -56.83354400000002,
      -17.448535999459615
     ],
     [
      -56.83194400000002,
      -17.448936099459647
     ],
     [
      -56.83014400000002,
      -17.45043609945957
     ],
     [
      -56.827743999999996,
      -17.45283609945953
     ],
     [
      -56.826144,
      -17.45503609945943
     ],
     [
      -56.82554399999998,
      -17.45683609945938
     ],
     [
      -56.82554399999997,
      -17.45803609945938
     ],
     [
      -56.826243999999974,
      -17.459336099459314
     ],
     [
      -56.82714399999998,
      -17.460436099459287
     ],
     [
      -56.82894399999998,
      -17.461936099459265
     ],
     [
      -56.831844,
      -17.464036099459204
     ]
    ]
   },
   "properties": {
    "segmento": "jusante_capital",
    "ordem": 26,
    "cotrecho": 49616,
    "cobacia": "896193",
    "comprimento_km": 34.547000000000004
   }
  },
  {
   "type": "Feature",
   "geometry": {
    "type": "LineString",
    "coordinates": [
     [
      -56.831844,
      -17.464036099459204
     ],
     [
      -56.833844,
      -17.464636099459206
     ],
     [
      -56.835844099999974,
      -17.46473609945917
     ],
     [
      -56.838844100000024,
      -17.464436099459203
     ],
     [
      -56.841044099999976,
      -17.463936099459225
     ],
     [
      -56.84374409999998,
      -17.463736099459222
     ],
     [
      -56.84624409999998,
      -17.4638360994592
     ],
     [
      -56.847844099999975,
      -17.464436099459203
     ],
     [
      -56.8495441,
      -17.465436099459147
     ],
     [
      -56.850744099999986,
      -17.466836099459154
     ],
     [
      -56.8511441,
      -17.467936099459084
     ],
     [
      -56.851244099999974,
      -17.469536099459088
     ],
     [
      -56.8510442,
      -17.47123609945901
     ],
     [
      -56.85064419999998,
      -17.473136099458937
     ],
     [
      -56.84904419999998,
      -17.476036099458884
     ],
     [
      -56.84774420000003,
      -17.478636099458836
     ],
     [
      -56.84734420000001,
      -17.480536099458764
     ],
     [
      -56.84764419999999,
      -17.482536099458716
     ],
     [
      -56.848644200000024,
      -17.48463609945865
     ],
     [
      -56.84994419999998,
      -17.486036099458584
     ],
     [
      -56.85154419999998,
      -17.486936099458575
     ],
     [
      -56.85274420000002,
      -17.487236099458602
     ],
     [
      -56.85424419999998,
      -17.487036099458603
     ],
     [
      -56.855044200000016,
      -17.486536099458625
     ],
     [
      -56.85714419999999,
      -17.484836099458644
     ],
     [
      -56.85864420000001,
      -17.48373609945867
     ],
     [
      -56.859544200000016,
      -17.4836360994587
     ],
     [
      -56.86114420000001,
      -17.483836099458692
     ],
     [
      -56.862344199999995,
      -17.484536099458673
     ],
     [
      -56.86374430000001,
      -17.48613609945863
     ],
     [
      -56.8653443,
      -17.48883609945855
     ],
     [
      -56.867044299999975,
      -17.492736099458437
     ],
     [
      -56.86774430000003,
      -17.49573609945834
     ],
     [
      -56.8678443,
      -17.498836099458273
     ],
     [
      -56.86704429999997,
      -17.500736099458198
     ],
     [
      -56.865944300000024,
      -17.50213609945815
     ],
     [
      -56.86444430000001,
      -17.50363609945814
     ],
     [
      -56.86304430000002,
      -17.50483609945809
     ],
     [
      -56.862244299999986,
      -17.50563609945809
     ],
     [
      -56.862244299999986,
      -17.507136099458076
     ],
     [
      -56.862544300000025,
      -17.50813609945802
     ],
     [
      -56.863644299999976,
      -17.509636099457996
     ],
     [
      -56.86474429999999,
      -17.51143609945795
     ],
     [
      -56.86584429999999,
      -17.513636099457855
     ],
     [
      -56.86654429999999,
      -17.51623619945778
     ],
     [
      -56.867444299999995,
      -17.51683619945779
     ],
     [
      -56.86824439999998,
      -17.51693609945779
     ],
     [
      -56.86944440000003,
      -17.5165360994578
     ],
     [
      -56.8706444,
      -17.516536099457785
     ],
     [
      -56.87154440000001,
      -17.51703609945776
     ],
     [
      -56.87174440000001,
      -17.51793609945775
     ],
     [
      -56.87144439999997,
      -17.51883609945772
     ],
     [
      -56.87054440000003,
      -17.52033619945767
     ],
     [
      -56.870144400000015,
      -17.52123619945764
     ],
     [
      -56.8704444,
      -17.522436199457655
     ],
     [
      -56.87104440000002,
      -17.52323619945761
     ],
     [
      -56.87224440000001,
      -17.523536199457627
     ],
     [
      -56.87364439999999,
      -17.523736199457574
     ],
     [
      -56.87534440000002,
      -17.5244361994576
     ],
     [
      -56.87594439999998,
      -17.525636199457566
     ],
     [
      -56.87604440000001,
      -17.52713619945748
     ],
     [
      -56.87594439999998,
      -17.52973619945744
     ],
     [
      -56.87594439999999,
      -17.532536199457347
     ],
     [
      -56.8765444,
      -17.53363619945733
     ]
    ]
   },
   "properties": {
    "segmento": "jusante_capital",
    "ordem": 27,
    "cotrecho": 77312,
    "cobacia": "896191",
    "comprimento_km": 12.782
   }
  },
  {
   "type": "Feature",
   "geometry": {
    "type": "LineString",
    "coordinates": [
     [
      -56.8765444,
      -17.53363619945733
     ],
     [
      -56.87754439999998,
      -17.534636199457328
     ],
     [
      -56.87874449999999,
      -17.534836199457274
     ],
     [
      -56.87964449999998,
      -17.534536199457293
     ],
     [
      -56.8802445,
      -17.534036199457333
     ],
     [
      -56.88104449999997,
      -17.534036199457333
     ],
     [
      -56.88164449999999,
      -17.5345361994573
     ],
     [
      -56.882644500000026,
      -17.535836199457282
     ],
     [
      -56.8836445,
      -17.537436199457236
     ]
    ]
   },
   "properties": {
    "segmento": "jusante_capital",
    "ordem": 28,
    "cotrecho": 103764,
    "cobacia": "896175",
    "comprimento_km": 1.0230000000000001
   }
  },
  {
   "type": "Feature",
   "geometry": {
    "type": "LineString",
    "coordinates": [
     [
      -56.8836445,
      -17.537436199457236
     ],
     [
      -56.88474450000001,
      -17.538136199457213
     ],
     [
      -56.88674450000003,
      -17.538336199457206
     ],
     [
      -56.889144499999986,
      -17.538336199457206
     ],
     [
      -56.892544499999985,
      -17.538436199457184
     ],
     [
      -56.89464450000003,
      -17.5391360994572
     ],
     [
      -56.89804459999999,
      -17.540036099457172
     ],
     [
      -56.901244599999984,
      -17.540036099457172
     ],
     [
      -56.9027446,
      -17.53953609945719
     ],
     [
      -56.90424460000003,
      -17.538736099457182
     ],
     [
      -56.90564460000002,
      -17.537536099457245
     ],
     [
      -56.90704460000001,
      -17.535736099457285
     ],
     [
      -56.90874459999998,
      -17.533536099457322
     ],
     [
      -56.91004459999999,
      -17.53323609945735
     ],
     [
      -56.91154460000001,
      -17.533636099457357
     ],
     [
      -56.91264460000002,
      -17.53473609945727
     ],
     [
      -56.914444600000024,
      -17.53843609945721
     ],
     [
      -56.917244700000026,
      -17.541936099457097
     ],
     [
      -56.91904469999997,
      -17.543136099457115
     ],
     [
      -56.9216447,
      -17.54333609945704
     ],
     [
      -56.92544470000002,
      -17.54353609945705
     ],
     [
      -56.9275447,
      -17.544336099457055
     ],
     [
      -56.92954470000001,
      -17.54613609945701
     ],
     [
      -56.931044799999995,
      -17.54793609945696
     ],
     [
      -56.93254480000002,
      -17.549236099456888
     ],
     [
      -56.934444799999994,
      -17.550136099456864
     ],
     [
      -56.938144799999975,
      -17.55003609945689
     ],
     [
      -56.93994479999998,
      -17.550136099456864
     ],
     [
      -56.9439448,
      -17.552636099456798
     ],
     [
      -56.94594489999997,
      -17.554336099456783
     ],
     [
      -56.9476449,
      -17.557036099456706
     ],
     [
      -56.94824490000002,
      -17.560236099456613
     ],
     [
      -56.94824490000003,
      -17.563936099456487
     ],
     [
      -56.9485449,
      -17.566536099456453
     ],
     [
      -56.948944900000015,
      -17.567136099456455
     ],
     [
      -56.95024489999997,
      -17.568236099456378
     ],
     [
      -56.9512449,
      -17.56903609945638
     ],
     [
      -56.95294489999998,
      -17.570136099456366
     ],
     [
      -56.95364489999997,
      -17.57033609945637
     ],
     [
      -56.954044899999985,
      -17.57033609945637
     ],
     [
      -56.95694500000001,
      -17.570236099456334
     ],
     [
      -56.959344999999985,
      -17.570436099456337
     ],
     [
      -56.961945000000014,
      -17.57053609945637
     ],
     [
      -56.96644500000002,
      -17.571536099456317
     ],
     [
      -56.968045000000025,
      -17.57213609945631
     ],
     [
      -56.970144999999995,
      -17.57353609945627
     ],
     [
      -56.97094499999997,
      -17.57483609945625
     ],
     [
      -56.97124500000001,
      -17.575836099456197
     ],
     [
      -56.971344999999985,
      -17.5784360994561
     ],
     [
      -56.971545100000014,
      -17.579836099456113
     ],
     [
      -56.97254509999999,
      -17.58113609945603
     ],
     [
      -56.973745099999974,
      -17.581836099456016
     ],
     [
      -56.97514510000002,
      -17.581836099456016
     ],
     [
      -56.977245100000005,
      -17.581736099456034
     ],
     [
      -56.97854510000002,
      -17.581436099456067
     ],
     [
      -56.9802451,
      -17.58093609945603
     ],
     [
      -56.982145100000025,
      -17.580536099456083
     ],
     [
      -56.98364509999999,
      -17.580536099456083
     ],
     [
      -56.98394510000003,
      -17.58103609945606
     ],
     [
      -56.9840451,
      -17.581636099456063
     ],
     [
      -56.98364509999999,
      -17.582336099456036
     ],
     [
      -56.98264510000001,
      -17.582736099455985
     ],
     [
      -56.9813451,
      -17.583436099455955
     ],
     [
      -56.98034510000002,
      -17.584636099455967
     ],
     [
      -56.97914509999998,
      -17.5871360994559
     ],
     [
      -56.97844509999999,
      -17.590036099455833
     ],
     [
      -56.9779451,
      -17.591836099455783
     ],
     [
      -56.97654510000001,
      -17.595436099455643
     ],
     [
      -56.97684509999999,
      -17.59753609945562
     ],
     [
      -56.977845100000025,
      -17.59903609945555
     ],
     [
      -56.98024509999999,
      -17.601436099455505
     ],
     [
      -56.981545200000035,
      -17.602636099455452
     ],
     [
      -56.9832452,
      -17.604636099455416
     ],
     [
      -56.983945199999994,
      -17.607036099455367
     ],
     [
      -56.98384520000002,
      -17.6087360994553
     ],
     [
      -56.98354519999998,
      -17.61073609945525
     ],
     [
      -56.9823452,
      -17.61283609945518
     ],
     [
      -56.9807452,
      -17.61403609945519
     ],
     [
      -56.97744519999998,
      -17.61563619945511
     ],
     [
      -56.97444519999999,
      -17.615736199455128
     ],
     [
      -56.97224510000001,
      -17.614736199455127
     ],
     [
      -56.97064510000001,
      -17.613036199455205
     ],
     [
      -56.96834510000002,
      -17.60983619945529
     ],
     [
      -56.9657451,
      -17.60743619945533
     ],
     [
      -56.963045099999995,
      -17.606036199455392
     ],
     [
      -56.96014509999998,
      -17.60603619945538
     ],
     [
      -56.959045100000026,
      -17.606536199455356
     ]
    ]
   },
   "properties": {
    "segmento": "jusante_capital",
    "ordem": 29,
    "cotrecho": 49456,
    "cobacia": "896173",
    "comprimento_km": 21.189
   }
  },
  {
   "type": "Feature",
   "geometry": {
    "type": "LineString",
    "coordinates": [
     [
      -56.959045100000026,
      -17.606536199455356
     ],
     [
      -56.95874509999999,
      -17.607636199455335
     ],
     [
      -56.95874509999999,
      -17.60853619945532
     ],
     [
      -56.95934510000001,
      -17.6100361994553
     ],
     [
      -56.96014509999998,
      -17.61163619945525
     ],
     [
      -56.961445099999985,
      -17.615036199455155
     ],
     [
      -56.96304509999999,
      -17.618036199455062
     ],
     [
      -56.9634451,
      -17.618736199455043
     ],
     [
      -56.965445100000004,
      -17.621736199454944
     ],
     [
      -56.966645099999994,
      -17.62413619945489
     ],
     [
      -56.9668451,
      -17.624536199454905
     ],
     [
      -56.96874509999998,
      -17.625836199454834
     ],
     [
      -56.97044519999998,
      -17.626236199454834
     ],
     [
      -56.97194519999999,
      -17.62663619945484
     ],
     [
      -56.9732452,
      -17.62723619945484
     ],
     [
      -56.97484520000001,
      -17.628336199454754
     ],
     [
      -56.975445200000024,
      -17.63093619945472
     ],
     [
      -56.976245199999994,
      -17.634136199454627
     ],
     [
      -56.97804519999999,
      -17.637836199454505
     ],
     [
      -56.97924519999998,
      -17.639336199454483
     ],
     [
      -56.981145200000014,
      -17.63983619945446
     ],
     [
      -56.98274529999998,
      -17.640336199454442
     ],
     [
      -56.98374530000001,
      -17.64123619945441
     ],
     [
      -56.98454529999998,
      -17.64233619945439
     ],
     [
      -56.98554530000001,
      -17.644436199454322
     ],
     [
      -56.98564529999999,
      -17.646436199454275
     ],
     [
      -56.9858453,
      -17.647736199454254
     ],
     [
      -56.98604530000001,
      -17.649036199454237
     ],
     [
      -56.98734530000002,
      -17.65183619945415
     ],
     [
      -56.988245300000024,
      -17.655736199454022
     ],
     [
      -56.98924529999999,
      -17.65973619945394
     ],
     [
      -56.990645400000005,
      -17.66203629945389
     ],
     [
      -56.99174540000001,
      -17.663036299453836
     ],
     [
      -56.99414539999998,
      -17.664736199453795
     ],
     [
      -56.995745399999976,
      -17.66623619945378
     ],
     [
      -56.99714540000002,
      -17.66773629945372
     ],
     [
      -56.99844539999999,
      -17.66913629945368
     ],
     [
      -57.000345400000015,
      -17.671236299453607
     ],
     [
      -57.00094539999998,
      -17.671636299453603
     ],
     [
      -57.002645400000006,
      -17.672136199453615
     ],
     [
      -57.00474550000001,
      -17.67263619945359
     ],
     [
      -57.00904550000001,
      -17.672336199453614
     ],
     [
      -57.01214549999998,
      -17.672236199453586
     ],
     [
      -57.01484549999998,
      -17.673336199453566
     ],
     [
      -57.01604550000002,
      -17.675136199453515
     ],
     [
      -57.015645500000005,
      -17.677536199453478
     ],
     [
      -57.01494550000001,
      -17.679336199453427
     ],
     [
      -57.01584550000001,
      -17.68103619945336
     ],
     [
      -57.017645500000015,
      -17.682636199453302
     ],
     [
      -57.01964559999999,
      -17.684436199453263
     ],
     [
      -57.02014559999997,
      -17.687036199453228
     ],
     [
      -57.01964559999999,
      -17.6904362994531
     ],
     [
      -57.0198456,
      -17.69243629945306
     ],
     [
      -57.02144559999999,
      -17.694036299453014
     ],
     [
      -57.0241456,
      -17.694236299453003
     ],
     [
      -57.02694559999997,
      -17.69483629945301
     ]
    ]
   },
   "properties": {
    "segmento": "jusante_capital",
    "ordem": 30,
    "cotrecho": 49480,
    "cobacia": "896171",
    "comprimento_km": 13.73
   }
  },
  {
   "type": "Feature",
   "geometry": {
    "type": "LineString",
    "coordinates": [
     [
      -57.02694559999997,
      -17.69483629945301
     ],
     [
      -57.0302456,
      -17.69483619945299
     ],
     [
      -57.033345699999984,
      -17.694936199452968
     ],
     [
      -57.035045700000005,
      -17.696636199452954
     ],
     [
      -57.0355457,
      -17.698836199452902
     ],
     [
      -57.037145699999996,
      -17.702136199452777
     ],
     [
      -57.03794570000002,
      -17.703936299452767
     ],
     [
      -57.03864570000002,
      -17.70563629945269
     ],
     [
      -57.03844570000001,
      -17.709436299452598
     ],
     [
      -57.038245700000004,
      -17.712836299452505
     ],
     [
      -57.04004570000001,
      -17.716636299452414
     ],
     [
      -57.04224579999999,
      -17.719836299452318
     ],
     [
      -57.04424579999999,
      -17.724236299452176
     ],
     [
      -57.04514580000001,
      -17.72813629945211
     ],
     [
      -57.0467458,
      -17.73153629945202
     ],
     [
      -57.0485458,
      -17.73363629945196
     ],
     [
      -57.0503458,
      -17.73433629945193
     ],
     [
      -57.0522459,
      -17.734136299451933
     ],
     [
      -57.05484589999997,
      -17.73233629945198
     ],
     [
      -57.0572459,
      -17.730236299452038
     ],
     [
      -57.05974589999999,
      -17.72983629945203
     ],
     [
      -57.06134589999999,
      -17.73053629945202
     ],
     [
      -57.0624459,
      -17.73283629945195
     ],
     [
      -57.06344589999998,
      -17.734636299451903
     ],
     [
      -57.06544589999999,
      -17.735836299451915
     ],
     [
      -57.06784590000001,
      -17.736236299451857
     ],
     [
      -57.070745999999986,
      -17.73593629945188
     ],
     [
      -57.073346000000015,
      -17.735936299451886
     ],
     [
      -57.07554599999998,
      -17.73713629945183
     ],
     [
      -57.076746000000014,
      -17.73893629945179
     ],
     [
      -57.077946,
      -17.742436299451725
     ],
     [
      -57.078846000000006,
      -17.74563629945163
     ],
     [
      -57.07934599999999,
      -17.749036299451543
     ],
     [
      -57.080846000000015,
      -17.751336299451463
     ],
     [
      -57.08334610000003,
      -17.752636299451446
     ],
     [
      -57.08564610000002,
      -17.753136299451423
     ],
     [
      -57.087746100000004,
      -17.752736299451424
     ],
     [
      -57.09014610000003,
      -17.75243629945145
     ],
     [
      -57.09304609999998,
      -17.75323629945144
     ],
     [
      -57.09534609999997,
      -17.755536299451382
     ],
     [
      -57.09664609999998,
      -17.758636299451265
     ],
     [
      -57.09734620000001,
      -17.76163629945123
     ],
     [
      -57.0980462,
      -17.76583629945108
     ],
     [
      -57.099946199999984,
      -17.769336299451016
     ],
     [
      -57.1014462,
      -17.772436299450888
     ],
     [
      -57.10384620000002,
      -17.77453629945088
     ],
     [
      -57.10694619999998,
      -17.775536299450827
     ],
     [
      -57.109246299999995,
      -17.774636299450844
     ],
     [
      -57.111846300000025,
      -17.773236299450893
     ],
     [
      -57.114246299999984,
      -17.77263629945089
     ],
     [
      -57.11584629999999,
      -17.773236299450893
     ],
     [
      -57.116746299999996,
      -17.77533629945082
     ],
     [
      -57.116546299999975,
      -17.778236299450757
     ],
     [
      -57.11684630000002,
      -17.78093629945069
     ],
     [
      -57.11864630000002,
      -17.78273629945065
     ],
     [
      -57.12074630000001,
      -17.78313629945065
     ]
    ]
   },
   "properties": {
    "segmento": "jusante_capital",
    "ordem": 31,
    "cotrecho": 49434,
    "cobacia": "896153",
    "comprimento_km": 17.299
   }
  },
  {
   "type": "Feature",
   "geometry": {
    "type": "LineString",
    "coordinates": [
     [
      -57.12074630000001,
      -17.78313629945065
     ],
     [
      -57.124046299999975,
      -17.780236299450724
     ],
     [
      -57.126546399999995,
      -17.778336199450763
     ],
     [
      -57.12984640000002,
      -17.77603619945083
     ],
     [
      -57.133146399999994,
      -17.775136199450863
     ],
     [
      -57.13674639999999,
      -17.775736199450797
     ],
     [
      -57.13904639999999,
      -17.775236199450834
     ],
     [
      -57.1421464,
      -17.772936199450907
     ],
     [
      -57.14514639999999,
      -17.77093619945094
     ],
     [
      -57.145646399999976,
      -17.77063619945097
     ]
    ]
   },
   "properties": {
    "segmento": "jusante_capital",
    "ordem": 32,
    "cotrecho": 8462,
    "cobacia": "896151",
    "comprimento_km": 3.1140000000000003
   }
  },
  {
   "type": "Feature",
   "geometry": {
    "type": "LineString",
    "coordinates": [
     [
      -57.145646399999976,
      -17.77063619945097
     ],
     [
      -57.147646399999985,
      -17.769336199451
     ],
     [
      -57.15014650000001,
      -17.76943619945097
     ],
     [
      -57.151546499999995,
      -17.77123619945092
     ],
     [
      -57.15194650000001,
      -17.773636199450877
     ],
     [
      -57.1533465,
      -17.77563619945083
     ],
     [
      -57.15504650000003,
      -17.77723619945079
     ],
     [
      -57.158646499999975,
      -17.780136199450727
     ],
     [
      -57.161246500000004,
      -17.780736199450665
     ],
     [
      -57.1647466,
      -17.780036199450695
     ],
     [
      -57.172246599999994,
      -17.77783609945076
     ],
     [
      -57.1756466,
      -17.777636099450767
     ],
     [
      -57.179146600000024,
      -17.778036099450777
     ],
     [
      -57.182046599999985,
      -17.780036099450726
     ],
     [
      -57.184746700000005,
      -17.78223609945063
     ],
     [
      -57.188146700000004,
      -17.78463609945059
     ],
     [
      -57.1913467,
      -17.786936099450507
     ],
     [
      -57.19604670000001,
      -17.7886360994505
     ],
     [
      -57.198446800000006,
      -17.78923609945044
     ],
     [
      -57.202846799999975,
      -17.789636099450444
     ],
     [
      -57.207446800000014,
      -17.78973609945047
     ],
     [
      -57.212046799999996,
      -17.78983609945045
     ],
     [
      -57.2156468,
      -17.78973609945047
     ],
     [
      -57.21804689999999,
      -17.78873609945047
     ],
     [
      -57.221346900000015,
      -17.786835999450517
     ],
     [
      -57.224046900000026,
      -17.7849359994506
     ],
     [
      -57.2266469,
      -17.783835999450613
     ],
     [
      -57.228846900000015,
      -17.78433599945058
     ],
     [
      -57.2311469,
      -17.78543599945057
     ],
     [
      -57.23264690000002,
      -17.7875359994505
     ],
     [
      -57.233346900000015,
      -17.78993599945046
     ],
     [
      -57.2345469,
      -17.79163599945038
     ],
     [
      -57.237446999999975,
      -17.79263599945038
     ],
     [
      -57.239147,
      -17.79323599945033
     ],
     [
      -57.240747,
      -17.79533599945032
     ],
     [
      -57.241547000000025,
      -17.79743599945025
     ],
     [
      -57.24314700000002,
      -17.798435999450195
     ],
     [
      -57.24544700000002,
      -17.79853599945022
     ],
     [
      -57.248046999999985,
      -17.797535999450226
     ],
     [
      -57.250947,
      -17.79533599945032
     ],
     [
      -57.25244700000002,
      -17.794335999450315
     ],
     [
      -57.25404709999999,
      -17.794035999450333
     ],
     [
      -57.25524710000001,
      -17.794635999450353
     ],
     [
      -57.25524710000002,
      -17.7962359994503
     ],
     [
      -57.254247099999986,
      -17.797535999450215
     ],
     [
      -57.25264709999998,
      -17.799735999450178
     ],
     [
      -57.25094710000001,
      -17.80243599945011
     ],
     [
      -57.249047099999984,
      -17.80503599945001
     ],
     [
      -57.24744709999999,
      -17.80673599944999
     ],
     [
      -57.245047,
      -17.808435999449916
     ],
     [
      -57.24244700000002,
      -17.80983609944989
     ],
     [
      -57.239547000000016,
      -17.810136099449927
     ],
     [
      -57.23684700000001,
      -17.80953609944992
     ],
     [
      -57.23504700000001,
      -17.809336099449915
     ],
     [
      -57.233047,
      -17.80983609944989
     ],
     [
      -57.23274700000002,
      -17.810736099449876
     ],
     [
      -57.23244699999998,
      -17.811436099449843
     ],
     [
      -57.233146999999974,
      -17.812936099449832
     ],
     [
      -57.23494699999998,
      -17.813836099449805
     ],
     [
      -57.23694699999998,
      -17.813736099449834
     ],
     [
      -57.23884700000002,
      -17.812836099449857
     ],
     [
      -57.240846999999974,
      -17.81223609944985
     ],
     [
      -57.24394699999999,
      -17.812136099449827
     ],
     [
      -57.24814709999998,
      -17.812235999449825
     ],
     [
      -57.25224709999998,
      -17.811735999449848
     ],
     [
      -57.2537471,
      -17.812135999449858
     ],
     [
      -57.254847100000006,
      -17.812435999449832
     ],
     [
      -57.25704710000002,
      -17.81363599944978
     ],
     [
      -57.2580471,
      -17.815735999449767
     ],
     [
      -57.258547099999994,
      -17.818335999449662
     ],
     [
      -57.25954710000002,
      -17.819735999449623
     ],
     [
      -57.26104720000001,
      -17.8206359994496
     ],
     [
      -57.264147200000025,
      -17.82053599944963
     ],
     [
      -57.26714720000001,
      -17.82023599944965
     ],
     [
      -57.2710472,
      -17.819535999449673
     ],
     [
      -57.27424719999999,
      -17.818335999449662
     ],
     [
      -57.27774720000002,
      -17.816435999449748
     ],
     [
      -57.27984720000001,
      -17.815535999449764
     ],
     [
      -57.28124730000002,
      -17.815035999449787
     ],
     [
      -57.28474729999999,
      -17.813935999449807
     ],
     [
      -57.28664730000003,
      -17.814135999449814
     ],
     [
      -57.28734730000002,
      -17.81523599944979
     ],
     [
      -57.28704729999998,
      -17.817035999449686
     ],
     [
      -57.28594729999997,
      -17.819035999449646
     ],
     [
      -57.28444730000001,
      -17.821135999449627
     ],
     [
      -57.284247300000004,
      -17.82293599944958
     ],
     [
      -57.2849473,
      -17.824635999449512
     ],
     [
      -57.28624730000002,
      -17.824935999449476
     ],
     [
      -57.2876473,
      -17.823735999449525
     ],
     [
      -57.28974729999999,
      -17.823735999449536
     ],
     [
      -57.29274729999998,
      -17.82363599944956
     ],
     [
      -57.29454729999998,
      -17.823135999449534
     ],
     [
      -57.295647299999985,
      -17.821635999449605
     ],
     [
      -57.29544729999998,
      -17.820435999449604
     ],
     [
      -57.2935473,
      -17.819535999449673
     ],
     [
      -57.29154729999999,
      -17.81873599944967
     ],
     [
      -57.290047300000026,
      -17.817335999449725
     ],
     [
      -57.289447300000006,
      -17.81533599944977
     ],
     [
      -57.28954729999998,
      -17.813735999449804
     ],
     [
      -57.291347299999984,
      -17.812835999449835
     ],
     [
      -57.29314729999999,
      -17.812835899449812
     ],
     [
      -57.29544729999998,
      -17.813335899449847
     ],
     [
      -57.29694730000001,
      -17.814435899449762
     ],
     [
      -57.297547300000026,
      -17.816535899449743
     ],
     [
      -57.298747299999995,
      -17.81813589944971
     ],
     [
      -57.30014740000001,
      -17.81903589944969
     ],
     [
      -57.30144739999997,
      -17.81893589944965
     ],
     [
      -57.30264740000001,
      -17.81813589944971
     ],
     [
      -57.30434739999999,
      -17.81573589944975
     ],
     [
      -57.305447399999984,
      -17.814035899449824
     ],
     [
      -57.30734740000003,
      -17.81203589944986
     ],
     [
      -57.30854740000001,
      -17.811535899449883
     ],
     [
      -57.31024739999999,
      -17.81183589944986
     ],
     [
      -57.311247400000006,
      -17.812935899449837
     ]
    ]
   },
   "properties": {
    "segmento": "jusante_capital",
    "ordem": 33,
    "cotrecho": 77268,
    "cobacia": "89613",
    "comprimento_km": 30.826
   }
  }
 ]
}