categoria;nome;municipio;distancia_eixo_km;faixa;segmento_do_eixo;familias;hospitalar;detalhe;longitude;latitude
aldeia indígena;ALEGRIA;Barão de Melgaço;0.1;até 2 km;jusante_capital;;;TI Baía dos Guató;-56.582775;-17.056836
aldeia indígena;ATERRADINHO;Barão de Melgaço;0.17;até 2 km;jusante_capital;;;TI Baía dos Guató;-56.593642;-17.009789
aldeia indígena;SÃO BENEDITO;Barão de Melgaço;13.38;acima de 10 km;jusante_capital;;;TI Baía dos Guató;-56.460425;-16.999706
aldeia indígena;PERIGARA;Barão de Melgaço;32.6;acima de 10 km;jusante_capital;;;TI Perigara;-56.229994;-16.921464
aldeia indígena;UMUTINA;Barra do Bugres;68.77;acima de 10 km;manso_capital;;;TI Umutina;-57.108347;-15.089206
aldeia indígena;SANTANA;Nobres;76.74;acima de 10 km;manso_capital;;;TI Santana;-55.479617;-14.233597
aldeia indígena;NOVA CANAÃ;Nobres;80.73;acima de 10 km;manso_capital;;;TI Santana;-55.478097;-14.194072
aldeia indígena;GOMES CARNEIRO;Santo Antônio de Leverger;81.31;acima de 10 km;jusante_capital;;;TI Tereza Cristina;-55.213611;-16.594417
aldeia indígena;Posto Indígena Gomes Carneiro;Santo Antônio de Leverger;82.4;acima de 10 km;jusante_capital;;;TI Tereza Cristina;-55.207147;-16.607417
aldeia indígena;ESTAÇÃO PARECI;Nova Marilândia;92.63;acima de 10 km;manso_capital;;;TI Estação Parecis;-56.928189;-14.151261
aldeia indígena;Posto Indigena Gomes Pimentel;Santo Antônio de Leverger;99.25;acima de 10 km;jusante_capital;;;TI Tereza Cristina;-55.025897;-16.532042
aldeia indígena;PIEBAGA;Santo Antônio de Leverger;104.27;acima de 10 km;jusante_capital;;;TI Tereza Cristina;-54.989967;-16.591578
aldeia indígena;SAWOPA;Planalto da Serra;127.6;acima de 10 km;manso_capital;;;TI Bakairi;-54.721133;-14.346689
aldeia indígena;PAXOLA;Paranatinga;129.05;acima de 10 km;manso_capital;;;TI Bakairi;-54.736717;-14.292692
aldeia indígena;ATURUA;Paranatinga;132.28;acima de 10 km;manso_capital;;;TI Bakairi;-54.650692;-14.391
aldeia indígena;PAKUERA;Paranatinga;132.66;acima de 10 km;manso_capital;;;TI Bakairi;-54.682892;-14.319667
aldeia indígena;PAIKUM;Paranatinga;140.21;acima de 10 km;manso_capital;;;TI Bakairi;-54.611228;-14.306128
aldeia indígena;POBORE;Rondonópolis;146.88;acima de 10 km;jusante_capital;;;TI Tadarimana;-54.567144;-16.502011
aldeia indígena;CABECEIRA DO AZUL;Paranatinga;148.97;acima de 10 km;manso_capital;;;TI Bakairi;-54.535803;-14.276481
aldeia indígena;KAIAHOALO;Paranatinga;152.3;acima de 10 km;manso_capital;;;TI Bakairi;-54.475939;-14.329383
aldeia indígena;praião;Rondonópolis;153.07;acima de 10 km;jusante_capital;;;TI Tadarimana;-54.507544;-16.505361
aldeia indígena;TADARIMANA;Rondonópolis;157.89;acima de 10 km;jusante_capital;;;TI Tadarimana;-54.467364;-16.528475
aldeia indígena;JURIGUE;Rondonópolis;159.61;acima de 10 km;jusante_capital;;;TI Tadarimana;-54.453317;-16.537536
aldeia indígena;PONTE DE PEDRA;Campo Novo do Parecis;172.47;acima de 10 km;manso_capital;;;TI Ponte de Pedra;-57.360719;-13.569881
aldeia indígena;J.M;Tangará da Serra;172.51;acima de 10 km;manso_capital;;;TI Rio Formoso;-58.022464;-14.601936
aldeia indígena;JATOBÁ;Tangará da Serra;173.67;acima de 10 km;manso_capital;;;TI Rio Formoso;-58.033328;-14.601136
aldeia indígena;CACHOEIRINHA;Tangará da Serra;174.64;acima de 10 km;manso_capital;;;TI Rio Formoso;-58.041417;-14.596328
aldeia indígena;FORMOSO;Tangará da Serra;177.52;acima de 10 km;manso_capital;;;TI Rio Formoso;-58.068597;-14.595397
aldeia indígena;Galiléia;Paranatinga;184.75;acima de 10 km;manso_capital;;;TI Paresi;-57.951667;-14.085833
aldeia indígena;QUEIMADA;Tangará da Serra;190.68;acima de 10 km;manso_capital;;;TI Rio Formoso;-58.152094;-14.441592
aldeia indígena;ZANAKWA;Tangará da Serra;199.11;acima de 10 km;manso_capital;;;TI Paresi;-58.160356;-14.223956
aldeia indígena;Hyakane Maytsutsu;Tangará da Serra;199.83;acima de 10 km;manso_capital;;;TI Paresi;-58.100472;-14.072028
aldeia indígena;KOTITICO;Tangará da Serra;201.26;acima de 10 km;manso_capital;;;TI Paresi;-58.235767;-14.383194
aldeia indígena;Alvorada;Paranatinga;201.48;acima de 10 km;manso_capital;;;TI Marechal Rondon;-54.052222;-14.167222
aldeia indígena;KATYOLA-WINÃ;Tangará da Serra;202.23;acima de 10 km;manso_capital;;;TI Paresi;-58.088336;-14.00115
aldeia indígena;KALANAZA;Tangará da Serra;202.25;acima de 10 km;manso_capital;;;TI Paresi;-58.223464;-14.315153
aldeia indígena;KAMAE;Tangará da Serra;202.53;acima de 10 km;manso_capital;;;TI Paresi;-58.232139;-14.333839
aldeia indígena;LAGOA ENCANTADA;Poxoréu;203.33;acima de 10 km;manso_capital;;;TI Sangradouro/Volta Grande;-53.932;-15.315594
aldeia indígena;Pontal;Paranatinga;203.77;acima de 10 km;manso_capital;;;TI Marechal Rondon;-54.108333;-14.008611
aldeia indígena;RIO VERDE;Tangará da Serra;203.91;acima de 10 km;manso_capital;;;TI Paresi;-58.249956;-14.348744
aldeia indígena;Arimateia;Paranatinga;205.48;acima de 10 km;manso_capital;;;TI Marechal Rondon;-54.050278;-14.085
aldeia indígena;MORIMBU;Poxoréu;206.21;acima de 10 km;manso_capital;;;TI Sangradouro/Volta Grande;-53.947375;-15.463836
aldeia indígena;Batovi;Paranatinga;206.32;acima de 10 km;manso_capital;;;TI Marechal Rondon;-54.085556;-14.001389
aldeia indígena;Imaculada Conceição;Novo São Joaquim;206.6;acima de 10 km;manso_capital;;;TI Sangradouro/Volta Grande;-53.880039;-15.219928
aldeia indígena;AFRICA;Tangará da Serra;206.8;acima de 10 km;manso_capital;;;TI Paresi;-58.282675;-14.362192
aldeia indígena;ÉTE ARE;Poxoréu;207.26;acima de 10 km;manso_capital;;;TI Sangradouro/Volta Grande;-53.981731;-15.582675
aldeia indígena;VOLTA GRANDE;Novo São Joaquim;208.78;acima de 10 km;manso_capital;;;TI Sangradouro/Volta Grande;-53.853042;-15.183456
aldeia indígena;Três Estrelas;Novo São Joaquim;209.0;acima de 10 km;manso_capital;;;TI Sangradouro/Volta Grande;-53.860128;-15.234961
aldeia indígena;NHOWI;Poxoréu;210.65;acima de 10 km;manso_capital;;;TI Sangradouro/Volta Grande;-53.957508;-15.606356
aldeia indígena;Nossa Senhora Aparecida;Novo São Joaquim;211.28;acima de 10 km;manso_capital;;;TI Sangradouro/Volta Grande;-53.835556;-15.219167
aldeia indígena;Apertado;Paranatinga;212.46;acima de 10 km;manso_capital;;;TI Marechal Rondon;-54.05;-13.95
aldeia indígena;TRES LAGOAS;General Carneiro;216.09;acima de 10 km;manso_capital;;;TI Sangradouro/Volta Grande;-53.875719;-15.537575
aldeia indígena;CACHOEIRA DE PEDRA;General Carneiro;216.29;acima de 10 km;manso_capital;;;TI Sangradouro/Volta Grande;-53.850358;-15.469614
aldeia indígena;DOM BOSCO;Poxoréu;216.44;acima de 10 km;manso_capital;;;TI Sangradouro/Volta Grande;-53.800297;-15.289061
aldeia indígena;Sangradouro;General Carneiro;216.56;acima de 10 km;jusante_capital;;;terra indígena não identificada;-53.904794;-15.645675
aldeia indígena;ABELHINHA;General Carneiro;220.92;acima de 10 km;manso_capital;;;TI Sangradouro/Volta Grande;-53.821767;-15.520142
aldeia indígena;SÃO MIGUEL;General Carneiro;221.19;acima de 10 km;manso_capital;;;TI Sangradouro/Volta Grande;-53.802644;-15.470581
aldeia indígena;JURUPARA;Tangará da Serra;221.97;acima de 10 km;manso_capital;;;TI Paresi;-58.364744;-14.16835
aldeia indígena;BOM JESUS;General Carneiro;223.5;acima de 10 km;jusante_capital;;;TI Sangradouro/Volta Grande;-53.830347;-15.682514
aldeia indígena;SALTO DA MULHER;Campo Novo do Parecis;223.93;acima de 10 km;manso_capital;;;TI Utiariti;-58.264108;-13.907569
aldeia indígena;CABECEIRA DO SERINGAL;Campo Novo do Parecis;224.91;acima de 10 km;manso_capital;;;TI Utiariti;-58.097872;-13.636131
aldeia indígena;SERINGAL;Campo Novo do Parecis;224.98;acima de 10 km;manso_capital;;;TI Utiariti;-58.0898;-13.624361
aldeia indígena;BATIZA;Tangará da Serra;226.54;acima de 10 km;manso_capital;;;TI Paresi;-58.487472;-14.406081
aldeia indígena;TSÕ REPRE;General Carneiro;226.68;acima de 10 km;jusante_capital;;;TI Sangradouro/Volta Grande;-53.794367;-15.710672
aldeia indígena;MANENE;Tangará da Serra;226.74;acima de 10 km;manso_capital;;;TI Paresi;-58.412206;-14.169769
aldeia indígena;QUATRO CACHOEIRAS;Campo Novo do Parecis;227.8;acima de 10 km;manso_capital;;;TI Utiariti;-58.127775;-13.632067
aldeia indígena;Novo Progresso;Paranatinga;228.63;acima de 10 km;manso_capital;;;TI Marechal Rondon;-53.941389;-13.8425
aldeia indígena;CHAPADA AZUL;Campo Novo do Parecis;229.48;acima de 10 km;manso_capital;;;TI Utiariti;-58.244222;-13.773956
aldeia indígena;ILHOCE;Tangará da Serra;230.79;acima de 10 km;manso_capital;;;TI Paresi;-58.541889;-14.456239
aldeia indígena;SACRE 1;Tangará da Serra;231.55;acima de 10 km;manso_capital;;;TI Paresi;-58.495561;-14.278961
aldeia indígena;ZATEMANA;Tangará da Serra;235.31;acima de 10 km;manso_capital;;;TI Paresi;-58.557975;-14.358456
aldeia indígena;ACURI;Tangará da Serra;235.43;acima de 10 km;manso_capital;;;TI Paresi;-58.555556;-14.346667
aldeia indígena;SACRE ZERO;Tangará da Serra;236.05;acima de 10 km;manso_capital;;;TI Paresi;-58.578689;-14.405783
aldeia indígena;CAPITÃO CARDOSO;Tangará da Serra;238.12;acima de 10 km;manso_capital;;;TI Figueiras;-58.666997;-14.755983
aldeia indígena;FIGUEIRA;Tangará da Serra;238.15;acima de 10 km;manso_capital;;;TI Figueiras;-58.662728;-14.718572
aldeia indígena;FIGUEIRAS;Pontes e Lacerda;238.16;acima de 10 km;manso_capital;;;TI Paresi;-58.662822;-14.718356
aldeia indígena;ESTIVADINHO;Tangará da Serra;238.49;acima de 10 km;manso_capital;;;TI Estivadinho;-58.644461;-14.584875
aldeia indígena;Uirapuru;Paranatinga;238.84;acima de 10 km;manso_capital;;;TI Marechal Rondon;-53.883333;-13.758889
aldeia indígena;BACAVAL;Campo Novo do Parecis;241.45;acima de 10 km;manso_capital;;;TI Utiariti;-58.288333;-13.642208
aldeia indígena;CABECEIRA DO SACRE;Tangará da Serra;245.7;acima de 10 km;manso_capital;;;TI Paresi;-58.689725;-14.478483
aldeia indígena;PEDRA BRANCA;Campinápolis;248.51;acima de 10 km;manso_capital;;;TI Ubawawe;-53.505844;-14.453639
aldeia indígena;SETE RIOS;Novo São Joaquim;254.03;acima de 10 km;manso_capital;;;TI Ubawawe;-53.451683;-14.463114
aldeia indígena;DUAS CACHOEIRA;Tangará da Serra;254.76;acima de 10 km;manso_capital;;;TI Paresi;-58.690822;-14.185344
aldeia indígena;PARAISO;Campinápolis;255.19;acima de 10 km;manso_capital;;;TI Parabubure;-53.447225;-14.431772
aldeia indígena;ALVORADA;Campinápolis;256.7;acima de 10 km;manso_capital;;;TI Parabubure;-53.430097;-14.445378
aldeia indígena;ITYAUSÉ;Tangará da Serra;256.74;acima de 10 km;manso_capital;;;TI Paresi;-58.780278;-14.419456
aldeia indígena;VALE DO PAPAGAIO;Campo Novo do Parecis;256.75;acima de 10 km;manso_capital;;;TI Utiariti;-58.405858;-13.566336
aldeia indígena;TAQUARINHA;Tangará da Serra;256.79;acima de 10 km;manso_capital;;;TI Paresi;-58.761422;-14.347258
aldeia indígena;CULINA;Campinápolis;259.25;acima de 10 km;manso_capital;;;TI Parabubure;-53.400847;-14.471392
aldeia indígena;ALDEONA;Campinápolis;260.23;acima de 10 km;manso_capital;;;TI Parabubure;-53.396114;-14.4486
aldeia indígena;PAPAGAIO III;Tangará da Serra;260.6;acima de 10 km;manso_capital;;;TI Paresi;-58.823831;-14.446308
aldeia indígena;NOVO PAPAGAIO;Tangará da Serra;261.32;acima de 10 km;manso_capital;;;TI Paresi;-58.835489;-14.466631
aldeia indígena;PAPOGAIO 1;Tangará da Serra;261.48;acima de 10 km;manso_capital;;;TI Paresi;-58.850339;-14.527803
aldeia indígena;TIRIWAWEPÁ;Campinápolis;261.53;acima de 10 km;manso_capital;;;TI Parabubure;-53.40245;-14.364108
aldeia indígena;PANORAMA;Campinápolis;262.58;acima de 10 km;manso_capital;;;TI Parabubure;-53.369906;-14.468817
aldeia indígena;LAGOINHA;Campinápolis;263.74;acima de 10 km;manso_capital;;;TI Parabubure;-53.370142;-14.414136
aldeia indígena;ALTO DA VITORIA;Campinápolis;263.94;acima de 10 km;manso_capital;;;TI Parabubure;-53.396469;-14.297675
aldeia indígena;EGITO;Campinápolis;265.58;acima de 10 km;manso_capital;;;TI Parabubure;-53.358806;-14.386372
aldeia indígena;SANTA FÉ;Campinápolis;266.18;acima de 10 km;manso_capital;;;TI Parabubure;-53.388225;-14.250189
aldeia indígena;NOVA ESPERANÇA;Tangará da Serra;267.61;acima de 10 km;manso_capital;;;TI Paresi;-58.785675;-14.095375
aldeia indígena;BETEL;Campinápolis;267.63;acima de 10 km;manso_capital;;;TI Parabubure;-53.352744;-14.33015
aldeia indígena;BURITI;Tangará da Serra;268.38;acima de 10 km;manso_capital;;;TI Paresi;-58.780653;-14.06
aldeia indígena;MORRINHO;Campo Novo do Parecis;268.85;acima de 10 km;manso_capital;;;TI Utiariti;-58.182022;-13.125028
aldeia indígena;BAIXÃO;Campinápolis;269.58;acima de 10 km;manso_capital;;;TI Parabubure;-53.315636;-14.410228
aldeia indígena;SUCURI;Campinápolis;271.08;acima de 10 km;manso_capital;;;TI Parabubure;-53.298667;-14.423803
aldeia indígena;CORREGO SUJO;Tangará da Serra;271.4;acima de 10 km;manso_capital;;;TI Paresi;-58.945147;-14.533656
aldeia indígena;BOA VISTA;Campinápolis;271.58;acima de 10 km;manso_capital;;;TI Parabubure;-53.276608;-14.517275
aldeia indígena;CORREGO DA MATA;Campinápolis;271.59;acima de 10 km;manso_capital;;;TI Parabubure;-53.349761;-14.204486
aldeia indígena;COHABI;Campinápolis;271.94;acima de 10 km;manso_capital;;;TI Parabubure;-53.283989;-14.456667
aldeia indígena;Perdiz;Brasnorte;272.96;acima de 10 km;manso_capital;;;TI Irantxe;-57.984444;-12.900278
aldeia indígena;CABECEIRA DO BURITI;Tangará da Serra;273.21;acima de 10 km;manso_capital;;;TI Paresi;-58.861778;-14.161428
aldeia indígena;Recanto do Alípio;Brasnorte;273.96;acima de 10 km;manso_capital;;;TI Irantxe;-58.000556;-12.901389
aldeia indígena;MATO GROSSO;Campinápolis;274.58;acima de 10 km;manso_capital;;;TI Parabubure;-53.265422;-14.424342
aldeia indígena;Paredão;Brasnorte;274.9;acima de 10 km;manso_capital;;;TI Irantxe;-58.033333;-12.916944
aldeia indígena;JERUSALÉM;Campinápolis;274.9;acima de 10 km;manso_capital;;;TI Parabubure;-53.253897;-14.468544
aldeia indígena;CAITITU;Sapezal;275.05;acima de 10 km;manso_capital;;;TI Tirecatinga;-58.447275;-13.340006
aldeia indígena;TUYENTSU;Sapezal;275.65;acima de 10 km;manso_capital;;;TI Tirecatinga;-58.457478;-13.344328
aldeia indígena;CHÃO PRETO;Campinápolis;275.96;acima de 10 km;manso_capital;;;TI Chão Preto;-53.230586;-14.548556
aldeia indígena;13 de Maio;Brasnorte;276.07;acima de 10 km;manso_capital;;;TI Irantxe;-57.901389;-12.800278
aldeia indígena;BACAIUVAL;Campo Novo do Parecis;276.47;acima de 10 km;manso_capital;;;TI Utiariti;-58.1917;-13.037808
aldeia indígena;NOVA CANAÃ;Campinápolis;276.58;acima de 10 km;manso_capital;;;TI Parabubure;-53.285506;-14.260822
aldeia indígena;SACRE II;Campo Novo do Parecis;277.25;acima de 10 km;manso_capital;;;TI Utiariti;-58.192436;-13.028786
aldeia indígena;MATA VERDE;Campinápolis;278.07;acima de 10 km;manso_capital;;;TI Chão Preto;-53.210372;-14.551911
aldeia indígena;BRASIL;Campinápolis;278.1;acima de 10 km;manso_capital;;;TI Parabubure;-53.225078;-14.461164
aldeia indígena;12 de Outubro;Brasnorte;278.17;acima de 10 km;manso_capital;;;TI Irantxe;-57.933889;-12.801389
aldeia indígena;Cravari;Brasnorte;278.18;acima de 10 km;manso_capital;;;TI Irantxe;-57.933333;-12.800833
aldeia indígena;PARAISO;Tangará da Serra;278.68;acima de 10 km;manso_capital;;;TI Paresi;-59.023142;-14.585894
aldeia indígena;NOVO HORIZONTE;Sapezal;278.79;acima de 10 km;manso_capital;;;TI Tirecatinga;-58.422631;-13.254758
aldeia indígena;NOVO PARAISO;Campinápolis;279.14;acima de 10 km;manso_capital;;;TI Parabubure;-53.223114;-14.420608
aldeia indígena;SANTA HELENA;Campinápolis;279.52;acima de 10 km;manso_capital;;;TI Parabubure;-53.209261;-14.474942
aldeia indígena;TRES JACU;Sapezal;280.29;acima de 10 km;manso_capital;;;TI Tirecatinga;-58.459481;-13.278339
aldeia indígena;CAMPINAS;Campinápolis;280.77;acima de 10 km;manso_capital;;;TI Parabubure;-53.196864;-14.478331
aldeia indígena;SERRINHA;Campinápolis;280.95;acima de 10 km;manso_capital;;;TI Parabubure;-53.194883;-14.479972
aldeia indígena;PIRANHÃO;Campinápolis;281.08;acima de 10 km;manso_capital;;;TI Parabubure;-53.246364;-14.246117
aldeia indígena;JACU;Campinápolis;281.87;acima de 10 km;manso_capital;;;TI Parabubure;-53.243422;-14.229828
aldeia indígena;ESTRELA;Campinápolis;282.41;acima de 10 km;manso_capital;;;TI Parabubure;-53.210364;-14.337481
aldeia indígena;Asa Branca;Brasnorte;282.42;acima de 10 km;manso_capital;;;TI Irantxe;-58.0175;-12.8175
aldeia indígena;TRES LAGOAS;Conquista D'Oeste;283.44;acima de 10 km;manso_capital;;;TI Juininha;-59.058647;-14.533628
aldeia indígena;UTIARITI II;Sapezal;283.67;acima de 10 km;manso_capital;;;TI Utiariti;-58.276564;-13.029264
aldeia indígena;CANDUSUL;Campinápolis;283.85;acima de 10 km;manso_capital;;;TI Parabubure;-53.172306;-14.453925
aldeia indígena;SÃO JOÃO BATISTA;Campinápolis;284.22;acima de 10 km;manso_capital;;;TI Parabubure;-53.158061;-14.516936
aldeia indígena;UTIARITI - DESATIVADO;Tangará da Serra;284.28;acima de 10 km;manso_capital;;;TI Tirecatinga;-58.282564;-13.027392
aldeia indígena;Acorizal;Porto Esperidião;285.19;acima de 10 km;jusante_capital;;;TI Portal do Encantado;-59.415112;-16.232464
aldeia indígena;Paama Mastakama;Porto Esperidião;285.47;acima de 10 km;jusante_capital;;;TI Portal do Encantado;-59.415067;-16.228488
aldeia indígena;ETEIPORE;Campinápolis;285.65;acima de 10 km;manso_capital;;;TI Parabubure;-53.17075;-14.376728
aldeia indígena;BATOVI;Gaúcha do Norte;285.82;acima de 10 km;manso_capital;;;TI Batovi;-53.976789;-12.992472
aldeia indígena;Kamitatuwalu (Batovi);Gaúcha do Norte;285.82;acima de 10 km;manso_capital;;;TI Batovi;-53.976761;-12.992581
aldeia indígena;TELA VIVE;Campinápolis;285.99;acima de 10 km;manso_capital;;;TI Parabubure;-53.167128;-14.378581
aldeia indígena;Mata Verde;Campinápolis;287.12;acima de 10 km;manso_capital;;;TI Parabubure;-53.1275;-14.538611
aldeia indígena;Nautukirs;Porto Esperidião;288.05;acima de 10 km;jusante_capital;;;TI Portal do Encantado;-59.452417;-16.236771
aldeia indígena;NABUREIAU;General Carneiro;288.4;acima de 10 km;manso_capital;;;TI Merure;-53.181219;-15.58135
aldeia indígena;Höiwapredzawi;Campinápolis;288.6;acima de 10 km;manso_capital;;;TI Parabubure;-53.109167;-14.570278
aldeia indígena;Dzepa;Campinápolis;288.95;acima de 10 km;manso_capital;;;TI Parabubure;-53.128333;-14.432222
aldeia indígena;Independência;Campinápolis;289.32;acima de 10 km;manso_capital;;;TI Parabubure;-53.115833;-14.482222
aldeia indígena;Hoiwaprédzawi;Campinápolis;289.49;acima de 10 km;manso_capital;;;TI Parabubure;-53.098111;-14.591722
aldeia indígena;Parabubure;Campinápolis;289.58;acima de 10 km;manso_capital;;;TI Parabubure;-53.113333;-14.4825
aldeia indígena;Pedra Preta;Campinápolis;289.58;acima de 10 km;manso_capital;;;TI Parabubure;-53.113333;-14.4825
aldeia indígena;Chiquitana;Vila Bela da Santíssima Trindade;290.04;acima de 10 km;jusante_capital;;;TI Portal do Encantado;-59.479164;-16.240868
aldeia indígena;Papa Paulo VI;Campinápolis;290.18;acima de 10 km;manso_capital;;;TI Parabubure;-53.108889;-14.475556
aldeia indígena;Hernandares;Campinápolis;290.25;acima de 10 km;manso_capital;;;TI Parabubure;-53.110556;-14.4625
aldeia indígena;Daprabadzé;Campinápolis;290.7;acima de 10 km;manso_capital;;;TI Parabubure;-53.114722;-14.417222
aldeia indígena;Moritu;Campinápolis;290.8;acima de 10 km;manso_capital;;;TI Parabubure;-53.105833;-14.46
aldeia indígena;Palmeiras;Campinápolis;290.8;acima de 10 km;manso_capital;;;TI Parabubure;-53.105833;-14.46
aldeia indígena;Ipê;Campinápolis;293.01;acima de 10 km;manso_capital;;;TI Parabubure;-53.0675;-14.573333
aldeia indígena;Buruwê;Campinápolis;293.34;acima de 10 km;manso_capital;;;TI Parabubure;-53.070556;-14.529722
aldeia indígena;Bela Vista;Campinápolis;293.37;acima de 10 km;manso_capital;;;TI Parabubure;-53.069722;-14.533611
aldeia indígena;Natal;Campinápolis;294.54;acima de 10 km;manso_capital;;;TI Parabubure;-53.061111;-14.517778
aldeia indígena;Irepá (Luto Sagrado);Campinápolis;294.89;acima de 10 km;manso_capital;;;TI Parabubure;-53.077222;-14.406944
aldeia indígena;Monte Pacoal;Campinápolis;295.11;acima de 10 km;manso_capital;;;TI Parabubure;-53.047778;-14.573889
aldeia indígena;SERRA VERDE;Campinápolis;295.14;acima de 10 km;manso_capital;;;TI Parabubure;-53.047728;-14.572417
aldeia indígena;JUININHA;Conquista D'Oeste;295.8;acima de 10 km;manso_capital;;;TI Juininha;-59.177542;-14.547597
aldeia indígena;JUANINHA;Pontes e Lacerda;295.8;acima de 10 km;manso_capital;;;TI Juininha;-59.177542;-14.547597
aldeia indígena;COUTO MAGALHÃES;Campinápolis;296.79;acima de 10 km;manso_capital;;;TI Parabubure;-53.060881;-14.398808
aldeia indígena;Norotsurã;Campinápolis;297.1;acima de 10 km;manso_capital;;;TI Parabubure;-53.058056;-14.398333
aldeia indígena;Deus é Amor;Campinápolis;297.27;acima de 10 km;manso_capital;;;TI Parabubure;-53.059722;-14.382222
aldeia indígena;H O IWAPRÉDZWY;Campinápolis;297.76;acima de 10 km;manso_capital;;;TI Parabubure;-53.021917;-14.582203
aldeia indígena;Paranowa;Campinápolis;297.9;acima de 10 km;manso_capital;;;TI Parabubure;-53.053889;-14.381944
aldeia indígena;MERURE;General Carneiro;298.17;acima de 10 km;manso_capital;;;TI Merure;-53.078856;-15.552383
aldeia indígena;Espírito Santo;Campinápolis;298.61;acima de 10 km;manso_capital;;;TI Parabubure;-53.026944;-14.492222
aldeia indígena;Parawadzaradzé;Campinápolis;298.61;acima de 10 km;manso_capital;;;TI Parabubure;-53.026944;-14.492222
aldeia indígena;SÃO PAULO;Campinápolis;299.04;acima de 10 km;manso_capital;;;TI Parabubure;-53.076839;-14.237867
aldeia indígena;Central;Campinápolis;299.09;acima de 10 km;manso_capital;;;TI Parabubure;-53.0375;-14.4075
aldeia indígena;ULUPUENE;Gaúcha do Norte;299.12;acima de 10 km;manso_capital;;;TI Batovi;-53.898019;-12.901153
aldeia indígena;Ulupuwene;Gaúcha do Norte;299.14;acima de 10 km;manso_capital;;;TI Batovi;-53.897964;-12.900964
aldeia indígena;SANTA ROSA;Campinápolis;299.62;acima de 10 km;manso_capital;;;TI Parabubure;-53.041819;-14.361711
aldeia indígena;Cristalina;Campinápolis;300.59;acima de 10 km;manso_capital;;;TI Parabubure;-53.023333;-14.4075
aldeia indígena;ESPIRITO SANTO;Campinápolis;302.63;acima de 10 km;manso_capital;;;TI Parabubure;-53.009211;-14.381856
aldeia indígena;ONÇA PRETA;Campinápolis;302.71;acima de 10 km;manso_capital;;;TI Parabubure;-53.034219;-14.267628
aldeia indígena;Liderança;Campinápolis;302.74;acima de 10 km;manso_capital;;;TI Parabubure;-53.019444;-14.329167
aldeia indígena;GARÇA;General Carneiro;302.87;acima de 10 km;jusante_capital;;;TI Merure;-53.074125;-15.712294
aldeia indígena;PIRAIBA;Campinápolis;303.02;acima de 10 km;manso_capital;;;TI Parabubure;-53.028056;-14.280708
aldeia indígena;SÃO PEDRO;Campinápolis;303.34;acima de 10 km;manso_capital;;;TI Parabubure;-53.028517;-14.266325
aldeia indígena;PARANOWÀ;Campinápolis;303.49;acima de 10 km;manso_capital;;;TI Parabubure;-53.026047;-14.270583
aldeia indígena;Betânia;Paranatinga;305.19;acima de 10 km;manso_capital;;;TI Marechal Rondon;-53.085;-14.018056
aldeia indígena;SÃO DOMINGOS;Campinápolis;305.94;acima de 10 km;manso_capital;;;TI Parabubure;-52.976192;-14.390867
aldeia indígena;Arimateia;Campos de Júlio;306.97;acima de 10 km;manso_capital;;;TI Uirapuru;-59.244406;-14.361278
aldeia indígena;BOM JESUS DA LAPA;Campinápolis;307.65;acima de 10 km;manso_capital;;;TI Parabubure;-52.989833;-14.256986
aldeia indígena;PACUERA;Gaúcha do Norte;307.93;acima de 10 km;manso_capital;;;TI Parque do Xingu;-53.681958;-12.999375
aldeia indígena;Aturwa;Gaúcha do Norte;307.94;acima de 10 km;manso_capital;;;TI Parque do Xingu;-53.681931;-12.999322
aldeia indígena;Figueiras (Aldeia do Danilo);Conquista D'Oeste;308.26;acima de 10 km;manso_capital;;;TI Sararé;-59.327994;-14.842025
aldeia indígena;SALVADOR;Barra do Garças;309.89;acima de 10 km;manso_capital;;;TI São Marcos - MT;-52.930269;-15.384153
aldeia indígena;NOSSA SENHORA AUXILIADORA;Barra do Garças;309.95;acima de 10 km;manso_capital;;;TI São Marcos - MT;-52.909447;-15.251906
aldeia indígena;GUADALUPE;Barra do Garças;310.07;acima de 10 km;manso_capital;;;TI São Marcos - MT;-52.935483;-15.421286
aldeia indígena;NOSSA SENHORA DAS GRAÇAS;Barra do Garças;310.29;acima de 10 km;manso_capital;;;TI São Marcos - MT;-52.932725;-15.417761
aldeia indígena;JESUS DE NAZARE;Barra do Garças;310.53;acima de 10 km;manso_capital;;;TI Merure;-52.951933;-15.519506
aldeia indígena;JUNDIAI;Barra do Garças;310.8;acima de 10 km;manso_capital;;;TI São Marcos - MT;-52.929047;-15.423967
aldeia indígena;SÃO CRISTOVÃO;Barra do Garças;312.03;acima de 10 km;manso_capital;;;TI Merure;-52.932392;-15.496564
aldeia indígena;SÃO JOSE;Campinápolis;312.04;acima de 10 km;manso_capital;;;TI Parabubure;-52.932411;-14.324233
aldeia indígena;SÃO MARCOS;Barra do Garças;312.4;acima de 10 km;manso_capital;;;TI São Marcos - MT;-52.904986;-15.375589
aldeia indígena;IMACULADA CONCEIÇÃO;Barra do Garças;312.98;acima de 10 km;manso_capital;;;TI São Marcos - MT;-52.898308;-15.368706
aldeia indígena;SÃO FELIPE;Campinápolis;313.95;acima de 10 km;manso_capital;;;TI Parabubure;-52.893947;-14.426953
aldeia indígena;NAMUNKURA;Barra do Garças;314.49;acima de 10 km;manso_capital;;;TI São Marcos - MT;-52.859069;-15.184031
aldeia indígena;Tsekuru;Paranatinga;314.97;acima de 10 km;manso_capital;;;TI Parque do Xingu;-53.854942;-12.748142
aldeia indígena;NOVA VIDA;Barra do Garças;315.67;acima de 10 km;manso_capital;;;TI São Marcos - MT;-52.872219;-15.365381
aldeia indígena;Sararé Centra;Pontes e Lacerda;316.19;acima de 10 km;manso_capital;;;TI Sararé;-59.398478;-14.790644
aldeia indígena;SAGRADA FAMILIA;Barra do Garças;316.39;acima de 10 km;manso_capital;;;TI São Marcos - MT;-52.864292;-15.358778
aldeia indígena;SANTISSIMA TRINDADE;Barra do Garças;317.66;acima de 10 km;manso_capital;;;TI São Marcos - MT;-52.845397;-15.314556
aldeia indígena;NOSSA SENHORA DA GUIA;Barra do Garças;318.1;acima de 10 km;manso_capital;;;TI São Marcos - MT;-52.847842;-15.356911
aldeia indígena;SANTA CLARA;Campinápolis;318.64;acima de 10 km;manso_capital;;;TI Parabubure;-52.861819;-14.363603
aldeia indígena;NOSSA SENHORA APARECIDA;Barra do Garças;318.65;acima de 10 km;manso_capital;;;TI São Marcos - MT;-52.839661;-15.338278
aldeia indígena;NOSSA SENHORA DE FÁTIMA;Barra do Garças;318.76;acima de 10 km;manso_capital;;;TI São Marcos - MT;-52.858733;-15.451917
aldeia indígena;NOVA ESPERANÇA;Barra do Garças;319.15;acima de 10 km;manso_capital;;;TI São Marcos - MT;-52.858633;-15.469711
aldeia indígena;DIVINA PROVIDENCIA;Barra do Garças;320.71;acima de 10 km;manso_capital;;;TI São Marcos - MT;-52.823219;-15.357161
aldeia indígena;Canachuê;Conquista D'Oeste;320.81;acima de 10 km;manso_capital;;;TI Sararé;-59.435464;-14.721667
aldeia indígena;RAINHA DA PAZ;Barra do Garças;321.02;acima de 10 km;manso_capital;;;TI São Marcos - MT;-52.820889;-15.360975
aldeia indígena;SÃO GABRIEL;Barra do Garças;322.01;acima de 10 km;manso_capital;;;TI São Marcos - MT;-52.784944;-15.142875
aldeia indígena;DIAMAT;Barra do Garças;322.24;acima de 10 km;manso_capital;;;TI São Marcos - MT;-52.826308;-15.455397
aldeia indígena;UIRAPURU;Nova Lacerda;322.29;acima de 10 km;manso_capital;;;TI Uirapuru;-59.382136;-14.328678
aldeia indígena;SÃO JOSE;Barra do Garças;322.33;acima de 10 km;manso_capital;;;TI São Marcos - MT;-52.808633;-15.362219
aldeia indígena;Aldeia Pivi;Pontes e Lacerda;323.27;acima de 10 km;manso_capital;;;TI Sararé;-59.474708;-14.978881
aldeia indígena;EVANGÉLICA DE DEUS;Barra do Garças;325.66;acima de 10 km;manso_capital;;;TI São Marcos - MT;-52.748267;-15.108736
aldeia indígena;Utawana;Gaúcha do Norte;328.41;acima de 10 km;manso_capital;;;TI Parque do Xingu;-53.437381;-12.992447
aldeia indígena;UTAWUANA;Gaúcha do Norte;328.55;acima de 10 km;manso_capital;;;TI Parque do Xingu;-53.435506;-12.992569
aldeia indígena;KURISEVO;Gaúcha do Norte;328.58;acima de 10 km;manso_capital;;;TI Parque do Xingu;-53.436447;-12.991097
aldeia indígena;Aldeia Serra da Borda;Conquista D'Oeste;333.05;acima de 10 km;manso_capital;;;TI Sararé;-59.555844;-14.794314
aldeia indígena;Paukalira (Piscina);Nova Lacerda;340.78;acima de 10 km;manso_capital;;;TI Sararé;-59.617328;-14.769103
aldeia indígena;Topepeweke;Paranatinga;341.09;acima de 10 km;manso_capital;;;TI Parque do Xingu;-53.799103;-12.488583
aldeia indígena;YARAMY;Gaúcha do Norte;342.77;acima de 10 km;manso_capital;;;TI Parque do Xingu;-53.386483;-12.852775
aldeia indígena;Yaramy;Gaúcha do Norte;342.79;acima de 10 km;manso_capital;;;TI Parque do Xingu;-53.385061;-12.854094
aldeia indígena;TERRA PROMETIDA;Barra do Garças;343.13;acima de 10 km;manso_capital;;;TI São Marcos - MT;-52.582917;-15.071519
aldeia indígena;MIRASSOL;Gaúcha do Norte;346.34;acima de 10 km;manso_capital;;;TI Parque do Xingu;-53.232086;-12.985072
aldeia indígena;Mirassol;Gaúcha do Norte;346.37;acima de 10 km;manso_capital;;;TI Parque do Xingu;-53.232625;-12.983922
aldeia indígena;WASSUSU;Nova Lacerda;346.41;acima de 10 km;manso_capital;;;TI Vale do Guaporé;-59.591156;-14.245908
aldeia indígena;Rawo;Paranatinga;349.24;acima de 10 km;manso_capital;;;TI Parque do Xingu;-53.987102;-12.2587
aldeia indígena;Tupará;Nova Ubiratã;354.92;acima de 10 km;manso_capital;;;TI Parque do Xingu;-53.967836;-12.209956
aldeia indígena;TUPARA;Nova Ubiratã;354.93;acima de 10 km;manso_capital;;;TI Parque do Xingu;-53.967556;-12.21
aldeia indígena;Nekupai;Gaúcha do Norte;354.99;acima de 10 km;manso_capital;;;TI Parque do Xingu;-53.168561;-12.938569
aldeia indígena;NEKUPAI;Gaúcha do Norte;355.41;acima de 10 km;manso_capital;;;TI Parque do Xingu;-53.166431;-12.935089
aldeia indígena;Nyarazul;Gaúcha do Norte;355.42;acima de 10 km;manso_capital;;;TI Parque do Xingu;-53.195867;-12.898381
aldeia indígena;Kawpyna;Gaúcha do Norte;355.57;acima de 10 km;manso_capital;;;TI Parque do Xingu;-53.1442;-12.96105
aldeia indígena;KAWPYNA;Gaúcha do Norte;355.6;acima de 10 km;manso_capital;;;TI Parque do Xingu;-53.144083;-12.960733
aldeia indígena;Pïrino;Paranatinga;355.74;acima de 10 km;manso_capital;;;terra indígena não identificada;-53.963651;-12.203757
aldeia indígena;KARIB;Gaúcha do Norte;357.73;acima de 10 km;manso_capital;;;TI Parque do Xingu;-53.133031;-12.943406
aldeia indígena;Uyaipiuku (Mehinako);Gaúcha do Norte;359.14;acima de 10 km;manso_capital;;;TI Parque do Xingu;-53.419914;-12.603764
aldeia indígena;MEHINAKO;Gaúcha do Norte;359.26;acima de 10 km;manso_capital;;;TI Parque do Xingu;-53.418975;-12.603181
aldeia indígena;Ihumba;Gaúcha do Norte;359.29;acima de 10 km;manso_capital;;;TI Parque do Xingu;-53.247742;-12.783031
aldeia indígena;Japuíra -Menku;Brasnorte;364.29;acima de 10 km;manso_capital;;;TI Menkü;-58.400456;-12.1775
aldeia indígena;Yamala;Gaúcha do Norte;365.45;acima de 10 km;manso_capital;;;TI Parque do Xingu;-53.195978;-12.757217
aldeia indígena;Steinen;Feliz Natal;367.81;acima de 10 km;manso_capital;;;TI Parque do Xingu;-53.946692;-12.0847
aldeia indígena;STEINEM;Feliz Natal;367.83;acima de 10 km;manso_capital;;;TI Parque do Xingu;-53.945756;-12.085072
aldeia indígena;TANGARA DA SERRA;Nova Nazaré;371.43;acima de 10 km;manso_capital;;;TI Areões;-52.335944;-14.565
aldeia indígena;SANTA MINA;Nova Nazaré;372.27;acima de 10 km;manso_capital;;;TI Areões;-52.328056;-14.565417
aldeia indígena;Piyulewene;Feliz Natal;374.75;acima de 10 km;manso_capital;;;TI Parque do Xingu;-53.85655;-12.069
aldeia indígena;ARUAK;Feliz Natal;374.89;acima de 10 km;manso_capital;;;TI Parque do Xingu;-53.857033;-12.067086
aldeia indígena;Naruvôtu;Gaúcha do Norte;376.47;acima de 10 km;manso_capital;;;TI Pequizal do Naruvôtu;-52.906425;-12.961833
aldeia indígena;WAURÁ;Gaúcha do Norte;376.5;acima de 10 km;manso_capital;;;TI Parque do Xingu;-53.584222;-12.250292
aldeia indígena;Naruvôtu;Gaúcha do Norte;376.69;acima de 10 km;manso_capital;;;TI Pequizal do Naruvôtu;-52.905347;-12.959872
aldeia indígena;Piyulaga (Waura);Gaúcha do Norte;376.73;acima de 10 km;manso_capital;;;TI Parque do Xingu;-53.582594;-12.248978
aldeia indígena;BURITIZAL;Gaúcha do Norte;377.86;acima de 10 km;manso_capital;;;TI Parque do Xingu;-53.2398;-12.543964
aldeia indígena;Buritizal;Gaúcha do Norte;377.97;acima de 10 km;manso_capital;;;TI Parque do Xingu;-53.240367;-12.542
aldeia indígena;BURITIRANA;Nova Nazaré;378.16;acima de 10 km;manso_capital;;;TI Areões;-52.280083;-14.506917
aldeia indígena;CAMPO ALEGRA;Nova Nazaré;378.77;acima de 10 km;manso_capital;;;TI Areões;-52.270611;-14.537639
aldeia indígena;Tazu´jyt Tetam (Aweti);Gaúcha do Norte;379.02;acima de 10 km;manso_capital;;;TI Parque do Xingu;-53.392183;-12.382875
aldeia indígena;AWETI;Gaúcha do Norte;379.1;acima de 10 km;manso_capital;;;TI Parque do Xingu;-53.391711;-12.382239
aldeia indígena;NOVA ESPERANÇA;Nova Nazaré;381.12;acima de 10 km;manso_capital;;;TI Areões;-52.2595;-14.454694
aldeia indígena;Pangakigi (Caramujo);Gaúcha do Norte;381.3;acima de 10 km;manso_capital;;;TI Parque do Xingu;-52.984828;-12.785417
aldeia indígena;MUITA PAZ;Nova Nazaré;382.34;acima de 10 km;manso_capital;;;TI Areões;-52.236306;-14.545472
aldeia indígena;SANTA TEREZINHA;Nova Nazaré;383.37;acima de 10 km;manso_capital;;;TI Areões;-52.242336;-14.427942
aldeia indígena;KALUANE;Gaúcha do Norte;385.93;acima de 10 km;manso_capital;;;TI Parque do Xingu;-52.968581;-12.738469
aldeia indígena;Kaluwani (Paraíso);Gaúcha do Norte;385.94;acima de 10 km;manso_capital;;;TI Parque do Xingu;-52.969922;-12.736678
aldeia indígena;São Jorge;Gaúcha do Norte;386.69;acima de 10 km;manso_capital;;;TI Parque do Xingu;-53.329281;-12.346217
aldeia indígena;CACHOEIRA;Nova Nazaré;386.93;acima de 10 km;manso_capital;;;TI Areões;-52.190278;-14.574639
aldeia indígena;ALEGRIA;Nova Nazaré;387.61;acima de 10 km;manso_capital;;;TI Areões;-52.205444;-14.409778
aldeia indígena;Lahatua;Gaúcha do Norte;387.61;acima de 10 km;manso_capital;;;TI Parque do Xingu;-53.108306;-12.554114
aldeia indígena;LAHATUA;Gaúcha do Norte;387.63;acima de 10 km;manso_capital;;;TI Parque do Xingu;-53.10835;-12.553756
aldeia indígena;Assahutu;Gaúcha do Norte;388.0;acima de 10 km;manso_capital;;;TI Parque do Xingu;-53.071869;-12.588756
aldeia indígena;MAYENE;Gaúcha do Norte;388.22;acima de 10 km;manso_capital;;;TI Parque do Xingu;-53.128947;-12.523861
aldeia indígena;Mayene;Gaúcha do Norte;388.29;acima de 10 km;manso_capital;;;TI Parque do Xingu;-53.128489;-12.523447
aldeia indígena;Agatha (Barranco Queimado);Gaúcha do Norte;388.68;acima de 10 km;manso_capital;;;TI Parque do Xingu;-52.914253;-12.766397
aldeia indígena;AGATHA;Gaúcha do Norte;388.78;acima de 10 km;manso_capital;;;TI Parque do Xingu;-52.913692;-12.765661
aldeia indígena;PALLUSHAYU;Gaúcha do Norte;390.01;acima de 10 km;manso_capital;;;TI Parque do Xingu;-53.3472;-12.289625
aldeia indígena;Palushayu;Gaúcha do Norte;390.15;acima de 10 km;manso_capital;;;TI Parque do Xingu;-53.345211;-12.289775
aldeia indígena;ARANHE;Gaúcha do Norte;390.21;acima de 10 km;manso_capital;;;TI Parque do Xingu;-52.824231;-12.862033
aldeia indígena;Escolinha;Brasnorte;390.3;acima de 10 km;manso_capital;;;TI Erikpatsá;-58.251944;-11.783333
aldeia indígena;PEQUI;Nova Nazaré;391.45;acima de 10 km;manso_capital;;;TI Areões;-52.156056;-14.505806
aldeia indígena;Tehuhungu (Pedra);Canarana;391.57;acima de 10 km;manso_capital;;;TI Parque do Xingu;-52.849422;-12.807431
aldeia indígena;TEHUHUNGU;Canarana;391.63;acima de 10 km;manso_capital;;;TI Parque do Xingu;-52.849169;-12.806814
aldeia indígena;SAIDÃO DA FUMAÇA;Gaúcha do Norte;391.67;acima de 10 km;manso_capital;;;TI Parque do Xingu;-53.354297;-12.263422
aldeia indígena;Saidão da Fumaça;Gaúcha do Norte;391.69;acima de 10 km;manso_capital;;;TI Parque do Xingu;-53.353383;-12.263903
aldeia indígena;Lago Azul;Canarana;391.99;acima de 10 km;manso_capital;;;TI Parque do Xingu;-52.827019;-12.830942
aldeia indígena;LAGO AZUL;Gaúcha do Norte;392.06;acima de 10 km;manso_capital;;;TI Parque do Xingu;-52.826083;-12.831164
aldeia indígena;Adjuaga (Kuluene);Canarana;392.24;acima de 10 km;manso_capital;;;TI Parque do Xingu;-52.810908;-12.849044
aldeia indígena;Koliñakwa;Sapezal;392.32;acima de 10 km;manso_capital;;;TI Enawenê-Nawê;-58.778641;-12.154773
aldeia indígena;FELIZ NATAL;Nova Nazaré;392.56;acima de 10 km;manso_capital;;;TI Areões;-52.151139;-14.464083
aldeia indígena;TRIPÁ;Água Boa;393.98;acima de 10 km;manso_capital;;;TI Areões;-52.165722;-14.292694
aldeia indígena;Lagoa Grande;Nova Nazaré;394.51;acima de 10 km;manso_capital;;;terra indígena não identificada;-52.141834;-14.402838
aldeia indígena;Água Quente;Água Boa;395.08;acima de 10 km;manso_capital;;;terra indígena não identificada;-52.158639;-14.275722
aldeia indígena;LEONARDO;Gaúcha do Norte;395.2;acima de 10 km;manso_capital;;;TI Parque do Xingu;-53.378506;-12.200342
aldeia indígena;Ipatse (Kuikuro);Gaúcha do Norte;395.28;acima de 10 km;manso_capital;;;TI Parque do Xingu;-53.209517;-12.351883
aldeia indígena;Ipavu (Kamayura);Gaúcha do Norte;395.33;acima de 10 km;manso_capital;;;TI Parque do Xingu;-53.432958;-12.153564
aldeia indígena;IPATSE/KUIKURO;Gaúcha do Norte;395.36;acima de 10 km;manso_capital;;;TI Parque do Xingu;-53.209028;-12.351306
aldeia indígena;IPAVU;Gaúcha do Norte;395.36;acima de 10 km;manso_capital;;;TI Parque do Xingu;-53.432458;-12.153628
aldeia indígena;CAMARARÉ;Comodoro;395.99;acima de 10 km;manso_capital;;;TI Nambikwara;-59.567594;-13.021414
aldeia indígena;Água Viva;Nova Nazaré;397.45;acima de 10 km;manso_capital;;;terra indígena não identificada;-52.121682;-14.357346
aldeia indígena;UBARIRÉ (NOVA VIDA);Nova Nazaré;398.61;acima de 10 km;manso_capital;;;TI Areões;-52.117583;-14.317833
aldeia indígena;CARAMUJO;Gaúcha do Norte;398.66;acima de 10 km;manso_capital;;;TI Parque do Xingu;-52.785389;-12.785389
aldeia indígena;SERRA NOVA;Nova Nazaré;398.79;acima de 10 km;manso_capital;;;TI Areões;-52.132861;-14.229472
aldeia indígena;Serra Nova;Água Boa;398.79;acima de 10 km;manso_capital;;;terra indígena não identificada;-52.132861;-14.229472
aldeia indígena;Afukuri;Querência;398.83;acima de 10 km;manso_capital;;;TI Parque do Xingu;-53.004125;-12.517272
aldeia indígena;AFUKURI;Querência;398.85;acima de 10 km;manso_capital;;;TI Parque do Xingu;-53.004139;-12.517003
aldeia indígena;DOIS GALHOS;Nova Nazaré;398.94;acima de 10 km;manso_capital;;;TI Areões;-52.077778;-14.579
aldeia indígena;El Shaday;Água Boa;399.04;acima de 10 km;manso_capital;;;terra indígena não identificada;-52.130693;-14.228783
aldeia indígena;GAUCHA;Gaúcha do Norte;399.09;acima de 10 km;manso_capital;;;TI Parque do Xingu;-53.452375;-12.094308
aldeia indígena;Tanguro;Querência;399.58;acima de 10 km;manso_capital;;;TI Parque do Xingu;-52.923533;-12.598842
aldeia indígena;TANGURO;Querência;399.68;acima de 10 km;manso_capital;;;TI Parque do Xingu;-52.922694;-12.598394
aldeia indígena;Posto Novo;Brasnorte;401.11;acima de 10 km;manso_capital;;;TI Erikpatsá;-58.251111;-11.666944
aldeia indígena;Tuatuari (Yawalapiti);Gaúcha do Norte;401.11;acima de 10 km;manso_capital;;;TI Parque do Xingu;-53.335361;-12.166842
aldeia indígena;YAWALAPITI;Gaúcha do Norte;401.14;acima de 10 km;manso_capital;;;TI Parque do Xingu;-53.335131;-12.166736
aldeia indígena;Babaçu;Água Boa;401.47;acima de 10 km;manso_capital;;;terra indígena não identificada;-52.099634;-14.269934
aldeia indígena;JESUS MARIA JOSE;Nova Nazaré;402.91;acima de 10 km;manso_capital;;;TI Areões;-52.083778;-14.28175
aldeia indígena;NORÕWEDW;Nova Nazaré;404.91;acima de 10 km;manso_capital;;;TI Areões;-52.064667;-14.283222
aldeia indígena;MUTUM;Nova Nazaré;405.05;acima de 10 km;manso_capital;;;TI Areões;-52.017989;-14.608731
aldeia indígena;Ngahünga;Querência;405.86;acima de 10 km;manso_capital;;;TI Parque do Xingu;-53.187147;-12.241281
aldeia indígena;Morená;Feliz Natal;406.35;acima de 10 km;manso_capital;;;TI Parque do Xingu;-53.553756;-11.933364
aldeia indígena;MORENA;Feliz Natal;406.52;acima de 10 km;manso_capital;;;TI Parque do Xingu;-53.552319;-11.932528
aldeia indígena;MATIPU;Querência;406.72;acima de 10 km;manso_capital;;;TI Parque do Xingu;-53.186319;-12.231508
aldeia indígena;Matipu;Querência;406.75;acima de 10 km;manso_capital;;;TI Parque do Xingu;-53.186197;-12.231172
aldeia indígena;Aiha (Kalapalo);Querência;407.2;acima de 10 km;manso_capital;;;TI Parque do Xingu;-53.255792;-12.162931
aldeia indígena;AIHA /KALAPALO;Gaúcha do Norte;407.3;acima de 10 km;manso_capital;;;TI Parque do Xingu;-53.255542;-12.161964
aldeia indígena;PEDRA BRANCA;Nova Nazaré;407.37;acima de 10 km;manso_capital;;;TI Areões;-51.998639;-14.584778
aldeia indígena;Majyape (Nafukua);Querência;409.38;acima de 10 km;manso_capital;;;TI Parque do Xingu;-53.294794;-12.103311
aldeia indígena;NAHUKWÁ;Querência;409.41;acima de 10 km;manso_capital;;;TI Parque do Xingu;-53.2954;-12.102364
aldeia indígena;RÃIRÃTE;Nova Nazaré;409.69;acima de 10 km;manso_capital;;;TI Areões;-51.977333;-14.581917
aldeia indígena;Jacaré;Querência;410.27;acima de 10 km;manso_capital;;;TI Parque do Xingu;-53.399394;-12.007481
aldeia indígena;JACARE ( Antiga Base FAB);Gaúcha do Norte;410.33;acima de 10 km;manso_capital;;;TI Parque do Xingu;-53.399711;-12.006528
aldeia indígena;Boa Esperança;Feliz Natal;410.56;acima de 10 km;manso_capital;;;TI Parque do Xingu;-53.594461;-11.8571
aldeia indígena;JERUSALÉM;Nova Nazaré;410.6;acima de 10 km;manso_capital;;;TI Areões;-52.019667;-14.238889
aldeia indígena;BOA ESPERANÇA;Feliz Natal;410.61;acima de 10 km;manso_capital;;;TI Parque do Xingu;-53.594572;-11.856444
aldeia indígena;ATIXI TIXIKXU;Querência;412.46;acima de 10 km;manso_capital;;;TI Parque do Xingu;-53.493331;-11.909694
aldeia indígena;Três Lagos;Querência;412.51;acima de 10 km;manso_capital;;;TI Parque do Xingu;-53.493067;-11.90925
aldeia indígena;Vale Verde;Juara;413.17;acima de 10 km;manso_capital;;;TI Apiaka/Kayabi;-57.266667;-11.116667
aldeia indígena;CRISTLINO (ETÉ-A);Nova Nazaré;414.2;acima de 10 km;manso_capital;;;TI Areões;-51.938861;-14.547472
aldeia indígena;MAEREA;Nova Nazaré;414.62;acima de 10 km;manso_capital;;;TI Areões;-51.984444;-14.225306
aldeia indígena;Halataikwa;Comodoro;415.45;acima de 10 km;manso_capital;;;TI Enawenê-Nawê;-59.247242;-12.314153
aldeia indígena;São Cristóvão;Nova Nazaré;415.79;acima de 10 km;manso_capital;;;TI Areões;-51.924705;-14.540696
aldeia indígena;Sapezal;Querência;415.81;acima de 10 km;manso_capital;;;TI Parque do Xingu;-52.695544;-12.646078
aldeia indígena;Flor da Terra;Juara;416.62;acima de 10 km;manso_capital;;;TI Apiaka/Kayabi;-57.266667;-11.084444
aldeia indígena;Kawaipe;Juara;416.74;acima de 10 km;manso_capital;;;TI Apiaka/Kayabi;-57.266667;-11.083333
aldeia indígena;Moygu;Feliz Natal;418.81;acima de 10 km;manso_capital;;;TI Parque do Xingu;-53.621458;-11.747969
aldeia indígena;MOYGU;Feliz Natal;418.82;acima de 10 km;manso_capital;;;TI Parque do Xingu;-53.621094;-11.748122
aldeia indígena;SAPEZAL;Querência;419.54;acima de 10 km;manso_capital;;;TI Parque do Xingu;-52.639369;-12.663753
aldeia indígena;MAMAINDÊ;Comodoro;419.59;acima de 10 km;manso_capital;;;TI Vale do Guaporé;-60.007231;-13.390972
aldeia indígena;PAVARU;Gaúcha do Norte;419.72;acima de 10 km;manso_capital;;;TI Parque do Xingu;-53.611567;-11.744753
aldeia indígena;CURUMIM;Querência;420.11;acima de 10 km;manso_capital;;;TI Parque do Xingu;-52.622083;-12.678194
aldeia indígena;Tangurinho;Querência;420.25;acima de 10 km;manso_capital;;;TI Parque do Xingu;-52.611433;-12.690456
aldeia indígena;TANGURINHO;Querência;420.28;acima de 10 km;manso_capital;;;TI Parque do Xingu;-52.61185;-12.689417
aldeia indígena;TANGURINHO;Querência;420.34;acima de 10 km;manso_capital;;;TI Parque do Xingu;-52.611281;-12.689275
aldeia indígena;ARAYO;Feliz Natal;420.43;acima de 10 km;manso_capital;;;TI Parque do Xingu;-53.609936;-11.738131
aldeia indígena;Arayo;Feliz Natal;420.43;acima de 10 km;manso_capital;;;TI Parque do Xingu;-53.609872;-11.738094
aldeia indígena;Santana;Nova Nazaré;421.17;acima de 10 km;manso_capital;;;TI Areões;-51.879069;-14.501147
aldeia indígena;Maita;Feliz Natal;422.28;acima de 10 km;manso_capital;;;TI Parque do Xingu;-54.000078;-11.588708
aldeia indígena;Divisa;Brasnorte;424.49;acima de 10 km;manso_capital;;;TI Erikpatsá;-58.301111;-11.450278
aldeia indígena;Cabeceirinha;Brasnorte;426.06;acima de 10 km;manso_capital;;;TI Erikpatsá;-58.301389;-11.433889
aldeia indígena;Novo Progresso;Feliz Natal;426.11;acima de 10 km;manso_capital;;;TI Parque do Xingu;-53.868311;-11.518669
aldeia indígena;Kotokowiñakwa/Dolowikwa;Juína;426.57;acima de 10 km;manso_capital;;;TI Enawenê-Nawê;-59.333208;-12.258841
aldeia indígena;SANTA RITA;Nova Nazaré;427.22;acima de 10 km;manso_capital;;;TI Areões;-51.879111;-14.159861
aldeia indígena;CURUMIM;Querência;427.43;acima de 10 km;manso_capital;;;TI Parque do Xingu;-52.738225;-12.426756
aldeia indígena;Kurumin;Querência;427.44;acima de 10 km;manso_capital;;;TI Parque do Xingu;-52.738522;-12.426339
aldeia indígena;Boa Esperança;Brasnorte;427.56;acima de 10 km;manso_capital;;;TI Erikpatsá;-58.300833;-11.417778
aldeia indígena;Palmeral;Brasnorte;427.59;acima de 10 km;manso_capital;;;TI Erikpatsá;-58.301389;-11.417778
aldeia indígena;Jenap;Feliz Natal;427.81;acima de 10 km;manso_capital;;;TI Parque do Xingu;-53.976325;-11.553992
aldeia indígena;Barranco Vermelho;Brasnorte;428.48;acima de 10 km;manso_capital;;;TI Erikpatsá;-58.316944;-11.417778
aldeia indígena;Tupeku;Querência;430.26;acima de 10 km;manso_capital;;;TI Parque do Xingu;-52.602147;-12.552383
aldeia indígena;TUPEKU;Querência;430.27;acima de 10 km;manso_capital;;;TI Parque do Xingu;-52.602136;-12.552381
aldeia indígena;Paranatu;Querência;430.27;acima de 10 km;manso_capital;;;TI Parque do Xingu;-52.599714;-12.555356
aldeia indígena;Ytu Cachoeira;Juara;431.54;acima de 10 km;manso_capital;;;TI Apiaka/Kayabi;-57.283611;-10.95
aldeia indígena;BELEM;Canarana;431.6;acima de 10 km;manso_capital;;;TI Pimentel Barbosa;-51.951939;-13.738117
aldeia indígena;Cajueiro;Brasnorte;434.2;acima de 10 km;manso_capital;;;TI Erikpatsá;-58.333333;-11.3675
aldeia indígena;Pedregal;Brasnorte;436.54;acima de 10 km;manso_capital;;;TI Erikpatsá;-58.318056;-11.333889
aldeia indígena;PEQUI;Canarana;436.55;acima de 10 km;manso_capital;;;TI Pimentel Barbosa;-51.932861;-13.653444
aldeia indígena;União;Brasnorte;436.57;acima de 10 km;manso_capital;;;TI Erikpatsá;-58.318056;-11.333611
aldeia indígena;CAMPOS NOVOS;Comodoro;436.97;acima de 10 km;manso_capital;;;TI Nambikwara;-59.870786;-12.802489
aldeia indígena;Vale do Sol;Brasnorte;437.43;acima de 10 km;manso_capital;;;TI Erikpatsá;-58.333333;-11.333611
aldeia indígena;Primavera;Brasnorte;438.05;acima de 10 km;manso_capital;;;TI Erikpatsá;-58.3175;-11.317778
aldeia indígena;Curva;Brasnorte;438.19;acima de 10 km;manso_capital;;;TI Erikpatsá;-58.318056;-11.316667
aldeia indígena;TRITOPÁ;Nova Nazaré;439.47;acima de 10 km;manso_capital;;;TI Areões;-51.764167;-14.157028
aldeia indígena;WEDEZE;Canarana;439.95;acima de 10 km;manso_capital;;;TI Pimentel Barbosa;-51.924222;-13.585639
aldeia indígena;Curvinha;Brasnorte;440.51;acima de 10 km;manso_capital;;;TI Erikpatsá;-58.333333;-11.301389
aldeia indígena;Segunda;Brasnorte;440.58;acima de 10 km;manso_capital;;;TI Erikpatsá;-58.333611;-11.300833
aldeia indígena;Boa Vida;Canarana;440.7;acima de 10 km;manso_capital;;;TI Pimentel Barbosa;-51.915556;-13.589167
aldeia indígena;NOVO PARAISO;Canarana;441.66;acima de 10 km;manso_capital;;;TI Pimentel Barbosa;-51.918417;-13.556556
aldeia indígena;Mairob;Juara;442.53;acima de 10 km;manso_capital;;;TI Apiaka/Kayabi;-57.4675;-10.9
aldeia indígena;Beira Rio;Brasnorte;442.81;acima de 10 km;manso_capital;;;TI Erikpatsá;-58.316667;-11.267778
aldeia indígena;Tatuí;Juara;442.96;acima de 10 km;manso_capital;;;TI Apiaka/Kayabi;-57.533611;-10.916944
aldeia indígena;Figueira;Juara;443.58;acima de 10 km;manso_capital;;;TI Apiaka/Kayabi;-57.500833;-10.900556
aldeia indígena;SANTA MATINHA;Canarana;444.21;acima de 10 km;manso_capital;;;TI Pimentel Barbosa;-51.901111;-13.536194
aldeia indígena;Beira Rio;Juara;444.78;acima de 10 km;manso_capital;;;TI Apiaka/Kayabi;-57.534444;-10.9
aldeia indígena;REATA;Canarana;445.49;acima de 10 km;manso_capital;;;TI Pimentel Barbosa;-51.899264;-13.508447
aldeia indígena;Eiruwi;Feliz Natal;445.56;acima de 10 km;manso_capital;;;TI Parque do Xingu;-53.579936;-11.633633
aldeia indígena;TRÊS IRMÃOS;Feliz Natal;445.6;acima de 10 km;manso_capital;;;TI Parque do Xingu;-53.579372;-11.633647
aldeia indígena;ATSERERÉ;Canarana;445.89;acima de 10 km;manso_capital;;;TI Pimentel Barbosa;-51.895778;-13.507083
aldeia indígena;Renovada;Juara;446.45;acima de 10 km;manso_capital;;;TI Apiaka/Kayabi;-57.534167;-10.884167
aldeia indígena;TANGURO;Canarana;446.72;acima de 10 km;manso_capital;;;TI Pimentel Barbosa;-51.8725;-13.546722
aldeia indígena;SERERÉ;Canarana;446.73;acima de 10 km;manso_capital;;;TI Pimentel Barbosa;-51.897989;-13.480622
aldeia indígena;Curva;Juara;447.05;acima de 10 km;manso_capital;;;TI Apiaka/Kayabi;-57.55;-10.883611
aldeia indígena;Nova Munduruku;Juara;447.09;acima de 10 km;manso_capital;;;TI Apiaka/Kayabi;-57.550278;-10.883333
aldeia indígena;KUMARI;Feliz Natal;447.38;acima de 10 km;manso_capital;;;TI Parque do Xingu;-53.576078;-11.615811
aldeia indígena;Kumari;Feliz Natal;447.4;acima de 10 km;manso_capital;;;TI Parque do Xingu;-53.575789;-11.615814
aldeia indígena;SÃO JOAQUIM;Canarana;448.19;acima de 10 km;manso_capital;;;TI Pimentel Barbosa;-51.873389;-13.506639
aldeia indígena;IGUAÇU;Feliz Natal;449.08;acima de 10 km;manso_capital;;;TI Parque do Xingu;-53.791197;-11.324817
aldeia indígena;Iguaçu;Feliz Natal;449.18;acima de 10 km;manso_capital;;;TI Parque do Xingu;-53.790411;-11.324247
aldeia indígena;ILHA GRANDE;Querência;449.57;acima de 10 km;manso_capital;;;TI Parque do Xingu;-53.471383;-11.514558
aldeia indígena;SÃO DOMINGOS;Ribeirão Cascalheira;450.35;acima de 10 km;manso_capital;;;TI Pimentel Barbosa;-51.867389;-13.467667
aldeia indígena;Areia Branca;Brasnorte;450.56;acima de 10 km;manso_capital;;;TI Erikpatsá;-58.364444;-11.214722
aldeia indígena;Kwaryjá;Feliz Natal;450.72;acima de 10 km;manso_capital;;;TI Parque do Xingu;-53.511728;-11.475411
aldeia indígena;KWARYJA;Feliz Natal;450.78;acima de 10 km;manso_capital;;;TI Parque do Xingu;-53.510867;-11.475292
aldeia indígena;Ilha Grande;Querência;451.71;acima de 10 km;manso_capital;;;TI Parque do Xingu;-53.459053;-11.499597
aldeia indígena;Bacaval;Brasnorte;452.48;acima de 10 km;manso_capital;;;TI Erikpatsá;-58.363056;-11.193889
aldeia indígena;Maraká;Feliz Natal;452.49;acima de 10 km;manso_capital;;;TI Parque do Xingu;-53.781211;-11.295208
aldeia indígena;NOVA MARAKÁ;Feliz Natal;452.56;acima de 10 km;manso_capital;;;TI Parque do Xingu;-53.780864;-11.294733
aldeia indígena;Kaniné;Feliz Natal;452.72;acima de 10 km;manso_capital;;;TI Parque do Xingu;-53.555764;-11.573461
aldeia indígena;KANINÉ;Feliz Natal;452.75;acima de 10 km;manso_capital;;;TI Parque do Xingu;-53.556161;-11.572828
aldeia indígena;RONKÔ (Antigo Wawi);Querência;453.18;acima de 10 km;manso_capital;;;TI Wawi;-52.949358;-11.879214
aldeia indígena;YATEKAP;Querência;453.59;acima de 10 km;manso_capital;;;TI Parque do Xingu;-53.471972;-11.470594
aldeia indígena;Velha;Brasnorte;454.18;acima de 10 km;manso_capital;;;TI Erikpatsá;-58.317778;-11.150556
aldeia indígena;ROPTOTXI;Querência;454.9;acima de 10 km;manso_capital;;;TI Wawi;-52.942436;-11.864553
aldeia indígena;Nova;Brasnorte;454.97;acima de 10 km;manso_capital;;;TI Erikpatsá;-58.333333;-11.151111
aldeia indígena;Santa Vitória;Ribeirão Cascalheira;455.39;acima de 10 km;manso_capital;;;TI Pimentel Barbosa;-51.839343;-13.413757
aldeia indígena;Jatykap;Querência;455.64;acima de 10 km;manso_capital;;;TI Parque do Xingu;-53.438636;-11.470664
aldeia indígena;Maria de Jesus (Wamariwe);Canarana;456.14;acima de 10 km;manso_capital;;;TI Pimentel Barbosa;-51.784444;-13.535556
aldeia indígena;Pedra Bonita;Brasnorte;456.64;acima de 10 km;manso_capital;;;TI Erikpatsá;-58.341667;-11.138611
aldeia indígena;Sobradinho;Feliz Natal;457.63;acima de 10 km;manso_capital;;;TI Parque do Xingu;-53.758142;-11.255083
aldeia indígena;BARRACO ALTO;Feliz Natal;457.65;acima de 10 km;manso_capital;;;TI Parque do Xingu;-53.531189;-11.551972
aldeia indígena;Barranco Alto;Feliz Natal;457.66;acima de 10 km;manso_capital;;;TI Parque do Xingu;-53.531433;-11.551756
aldeia indígena;SANTA CRUZ;Canarana;457.69;acima de 10 km;manso_capital;;;TI Pimentel Barbosa;-51.771667;-13.529111
aldeia indígena;SOBRADINHO;Feliz Natal;457.72;acima de 10 km;manso_capital;;;TI Parque do Xingu;-53.757319;-11.254636
aldeia indígena;NGOIWERE;Querência;457.93;acima de 10 km;manso_capital;;;TI Wawi;-52.901667;-11.864317
aldeia indígena;Seringal II;Brasnorte;458.14;acima de 10 km;manso_capital;;;TI Erikpatsá;-58.349444;-11.1275
aldeia indígena;CAÇULA;Canarana;458.61;acima de 10 km;manso_capital;;;TI Pimentel Barbosa;-51.757861;-13.541972
aldeia indígena;Seringal I;Brasnorte;458.82;acima de 10 km;manso_capital;;;TI Erikpatsá;-58.349722;-11.120556
aldeia indígena;Santa Rita;Brasnorte;459.6;acima de 10 km;manso_capital;;;TI Erikpatsá;-58.344167;-11.109444
aldeia indígena;Tuiararé;Querência;461.29;acima de 10 km;manso_capital;;;TI Parque do Xingu;-53.395569;-11.438231
aldeia indígena;TUIARARÉ;Querência;461.3;acima de 10 km;manso_capital;;;TI Parque do Xingu;-53.396322;-11.437589
aldeia indígena;Sol Nascente;Querência;462.11;acima de 10 km;manso_capital;;;TI Parque do Xingu;-53.392325;-11.431556
aldeia indígena;Monte Sinai;Feliz Natal;463.18;acima de 10 km;manso_capital;;;TI Parque do Xingu;-53.725386;-11.216092
aldeia indígena;CANOA;Canarana;464.01;acima de 10 km;manso_capital;;;TI Pimentel Barbosa;-51.67845;-13.6175
aldeia indígena;Khikatxi;Querência;467.23;acima de 10 km;manso_capital;;;TI Wawi;-52.926322;-11.730647
aldeia indígena;Bom Jesus;Feliz Natal;467.65;acima de 10 km;manso_capital;;;TI Parque do Xingu;-53.689514;-11.189964
aldeia indígena;KINGATI;Querência;467.72;acima de 10 km;manso_capital;;;TI Wawi;-52.923522;-11.727253
aldeia indígena;Samaúma;Querência;468.69;acima de 10 km;manso_capital;;;TI Parque do Xingu;-53.359394;-11.382192
aldeia indígena;SAMAUMA;Querência;468.76;acima de 10 km;manso_capital;;;TI Parque do Xingu;-53.359303;-11.381467
aldeia indígena;Moitará;Querência;469.84;acima de 10 km;manso_capital;;;TI Parque do Xingu;-53.352661;-11.374172
aldeia indígena;MOITARÁ;Querência;469.86;acima de 10 km;manso_capital;;;TI Parque do Xingu;-53.352433;-11.374181
aldeia indígena;Mynumy (Mainumã);Feliz Natal;473.61;acima de 10 km;manso_capital;;;TI Parque do Xingu;-53.642489;-11.154697
aldeia indígena;Divisa Marcolino;Juara;473.64;acima de 10 km;manso_capital;;;TI Japuira;-58.317778;-10.951111
aldeia indígena;Yarumã;Querência;474.01;acima de 10 km;manso_capital;;;TI Wawi;-52.941272;-11.637811
aldeia indígena;YARUMA;Querência;474.04;acima de 10 km;manso_capital;;;TI Wawi;-52.940919;-11.637819
aldeia indígena;Horehusikrô;Querência;475.27;acima de 10 km;manso_capital;;;TI Wawi;-52.960889;-11.606967
aldeia indígena;HOREHUSIKRO;Querência;475.31;acima de 10 km;manso_capital;;;TI Wawi;-52.961103;-11.606314
aldeia indígena;ETERENITIPA;Ribeirão Cascalheira;475.35;acima de 10 km;manso_capital;;;TI Pimentel Barbosa;-51.682056;-13.315972
aldeia indígena;PIMENTEL BARBOSA;Ribeirão Cascalheira;475.71;acima de 10 km;manso_capital;;;TI Pimentel Barbosa;-51.677;-13.319556
aldeia indígena;Ita´i (Três Vizinhos);Querência;475.77;acima de 10 km;manso_capital;;;TI Parque do Xingu;-53.317164;-11.333692
aldeia indígena;RIO DOS LAGOS;Querência;477.26;acima de 10 km;manso_capital;;;TI Parque do Xingu;-53.103469;-11.471372
aldeia indígena;Jatobá;Juara;477.75;acima de 10 km;manso_capital;;;TI Japuira;-58.333889;-10.917778
aldeia indígena;Ngôsoko;Querência;477.91;acima de 10 km;manso_capital;;;TI Wawi;-53.019411;-11.529497
aldeia indígena;NOGOSOKO (Aldeia Velha);Querência;478.09;acima de 10 km;manso_capital;;;TI Wawi;-53.035425;-11.514936
aldeia indígena;TRÊS BURITIS;Querência;478.33;acima de 10 km;manso_capital;;;TI Parque do Xingu;-53.300681;-11.316983
aldeia indígena;Três Buritis;Querência;478.36;acima de 10 km;manso_capital;;;TI Parque do Xingu;-53.300572;-11.316706
aldeia indígena;Três Patos;Feliz Natal;478.98;acima de 10 km;manso_capital;;;TI Parque do Xingu;-53.597103;-11.124861
aldeia indígena;TRÊS PATOS;Feliz Natal;479.02;acima de 10 km;manso_capital;;;TI Parque do Xingu;-53.596419;-11.124842
aldeia indígena;MONITO (Antiga Base de Apoio);Marcelândia;480.13;acima de 10 km;manso_capital;;;TI Parque do Xingu;-53.598414;-11.112203
aldeia indígena;ALANTESU;Comodoro;480.33;acima de 10 km;jusante_capital;;;TI Vale do Guaporé;-59.838389;-14.170778
aldeia indígena;KAYASSU;Querência;480.83;acima de 10 km;manso_capital;;;TI Parque do Xingu;-53.102072;-11.432
aldeia indígena;Pé de Mutum;Juara;481.08;acima de 10 km;manso_capital;;;TI Japuira;-58.333889;-10.883889
aldeia indígena;Castanheira;Apiacás;481.36;acima de 10 km;manso_capital;;;TI Apiaká do Pontal e Isolados;-60.486062;-13.080242
aldeia indígena;Jatyta;Feliz Natal;482.24;acima de 10 km;manso_capital;;;TI Parque do Xingu;-53.303542;-11.272511
aldeia indígena;TRES BURITI;Querência;482.45;acima de 10 km;manso_capital;;;TI Parque do Xingu;-53.269128;-11.293614
aldeia indígena;Vinte e um;Juína;482.77;acima de 10 km;manso_capital;;;TI Parque do Aripuanã;-59.250278;-11.484444
aldeia indígena;Onze de Setembro;Querência;483.28;acima de 10 km;manso_capital;;;TI Parque do Xingu;-53.205675;-11.328714
aldeia indígena;11 DE SETEMBRO;Querência;483.41;acima de 10 km;manso_capital;;;TI Parque do Xingu;-53.204778;-11.327844
aldeia indígena;JAYTATA;Feliz Natal;484.17;acima de 10 km;manso_capital;;;TI Parque do Xingu;-53.291597;-11.259606
aldeia indígena;Jaytata;Feliz Natal;484.22;acima de 10 km;manso_capital;;;TI Parque do Xingu;-53.291544;-11.259072
aldeia indígena;Castanhal;Marcelândia;485.09;acima de 10 km;manso_capital;;;TI Parque do Xingu;-53.559136;-11.083228
aldeia indígena;PARANAITA;Feliz Natal;486.27;acima de 10 km;manso_capital;;;TI Parque do Xingu;-53.514531;-11.096886
aldeia indígena;Paranaíta;Feliz Natal;486.28;acima de 10 km;manso_capital;;;TI Parque do Xingu;-53.514633;-11.096711
aldeia indígena;WEDERÃ OU SERRINHA;Ribeirão Cascalheira;486.83;acima de 10 km;manso_capital;;;TI Pimentel Barbosa;-51.579294;-13.289406
aldeia indígena;MAPADÁ;Marcelândia;487.23;acima de 10 km;manso_capital;;;TI Parque do Xingu;-53.528675;-11.078528
aldeia indígena;Kawairup;Feliz Natal;488.52;acima de 10 km;manso_capital;;;TI Parque do Xingu;-53.27125;-11.226044
aldeia indígena;Cerejeira;Juara;490.13;acima de 10 km;manso_capital;;;TI Japuira;-58.317222;-10.783611
aldeia indígena;Pedrão;Juína;491.0;acima de 10 km;manso_capital;;;TI Parque do Aripuanã;-59.384444;-11.5
aldeia indígena;Diauarum;São Félix do Araguaia;493.16;acima de 10 km;manso_capital;;;TI Parque do Xingu;-53.236097;-11.199275
aldeia indígena;DIAUARUM;São Félix do Araguaia;493.23;acima de 10 km;manso_capital;;;TI Parque do Xingu;-53.235272;-11.199078
aldeia indígena;JM;Feliz Natal;493.64;acima de 10 km;manso_capital;;;TI Parque do Xingu;-53.462072;-11.050744
aldeia indígena;JOÃO KAIABI;Marcelândia;493.79;acima de 10 km;manso_capital;;;TI Parque do Xingu;-53.461836;-11.049319
aldeia indígena;Rio Amarelinho;Juína;494.76;acima de 10 km;manso_capital;;;TI Parque do Aripuanã;-59.417778;-11.483889
aldeia indígena;Aiporé;Marcelândia;496.44;acima de 10 km;manso_capital;;;TI Parque do Xingu;-53.422108;-11.045261
aldeia indígena;Serra Dourada;Juína;496.46;acima de 10 km;manso_capital;;;TI Parque do Aripuanã;-59.216944;-11.300556
aldeia indígena;AIPORE;Marcelândia;496.51;acima de 10 km;manso_capital;;;TI Parque do Xingu;-53.421808;-11.044783
aldeia indígena;Paranavaí;São Félix do Araguaia;496.84;acima de 10 km;manso_capital;;;TI Parque do Xingu;-53.235489;-11.159767
aldeia indígena;Algodão;Juína;498.03;acima de 10 km;manso_capital;;;TI Parque do Aripuanã;-59.5;-11.516944
aldeia indígena;Castanhal;Juara;498.32;acima de 10 km;manso_capital;;;TI Japuira;-58.100833;-10.600278
aldeia indígena;Japuíra;Juara;500.87;acima de 10 km;manso_capital;;;TI Japuira;-58.366667;-10.700278
aldeia indígena;CAPIVARA;São Félix do Araguaia;501.38;acima de 10 km;manso_capital;;;TI Parque do Xingu;-53.259194;-11.095042
aldeia indígena;Capivara;São Félix do Araguaia;501.65;acima de 10 km;manso_capital;;;TI Parque do Xingu;-53.256422;-11.093964
aldeia indígena;Tapakai;Marcelândia;502.27;acima de 10 km;manso_capital;;;TI Parque do Xingu;-53.368933;-11.016189
aldeia indígena;Alto da Glória;São Félix do Araguaia;502.91;acima de 10 km;manso_capital;;;TI Parque do Xingu;-53.274617;-11.068589
aldeia indígena;Rio Capivara;Juína;504.51;acima de 10 km;manso_capital;;;TI Parque do Aripuanã;-59.551389;-11.484444
aldeia indígena;Pequizal;São Félix do Araguaia;504.6;acima de 10 km;manso_capital;;;TI Parque do Xingu;-53.278153;-11.048228
aldeia indígena;Rio Seco;Juína;504.62;acima de 10 km;manso_capital;;;TI Serra Morena;-59.251944;-11.234722
aldeia indígena;PEQUIZAL;São Félix do Araguaia;504.7;acima de 10 km;manso_capital;;;TI Parque do Xingu;-53.27795;-11.047353
aldeia indígena;PAKSAMBA;São Félix do Araguaia;505.69;acima de 10 km;manso_capital;;;TI Parque do Xingu;-53.288978;-11.029708
aldeia indígena;Paksamba;São Félix do Araguaia;505.85;acima de 10 km;manso_capital;;;TI Parque do Xingu;-53.2867;-11.029489
aldeia indígena;Madika;Marcelândia;506.78;acima de 10 km;manso_capital;;;TI Parque do Xingu;-53.343719;-10.984019
aldeia indígena;Yamasá Ei;Juína;507.75;acima de 10 km;manso_capital;;;TI Serra Morena;-59.234444;-11.185556
aldeia indígena;Serra Morena;Juína;507.99;acima de 10 km;manso_capital;;;TI Serra Morena;-59.3;-11.233333
aldeia indígena;Água Fria;Juína;511.14;acima de 10 km;manso_capital;;;TI Serra Morena;-59.218333;-11.134444
aldeia indígena;Tuba Tuba;Marcelândia;511.71;acima de 10 km;manso_capital;;;TI Parque do Xingu;-53.316833;-10.948403
aldeia indígena;TUBATUBA;Marcelândia;511.77;acima de 10 km;manso_capital;;;TI Parque do Xingu;-53.315675;-10.948531
aldeia indígena;Kopenoty;Peixoto de Azevedo;511.96;acima de 10 km;manso_capital;;;TI Terena Gleba Iriri;-54.415061;-10.449189
aldeia indígena;Rio Verde;Juína;512.66;acima de 10 km;manso_capital;;;TI Serra Morena;-59.368611;-11.233611
aldeia indígena;São Vicente;Juara;519.31;acima de 10 km;manso_capital;;;TI Japuira;-58.267778;-10.468056
aldeia indígena;Furquim;Juína;522.61;acima de 10 km;manso_capital;;;TI Serra Morena;-59.233889;-11.016667
aldeia indígena;Caiçara;Marcelândia;525.59;acima de 10 km;manso_capital;;;TI Parque do Xingu;-53.222097;-10.860008
aldeia indígena;CAIÇARA;Marcelândia;526.87;acima de 10 km;manso_capital;;;TI Parque do Xingu;-53.203933;-10.857869
aldeia indígena;Parureda;Marcelândia;527.18;acima de 10 km;manso_capital;;;TI Parque do Xingu;-53.202739;-10.855322
aldeia indígena;Awaia;São Félix do Araguaia;528.12;acima de 10 km;manso_capital;;;TI Parque do Xingu;-53.061378;-10.937189
aldeia indígena;Aribaru;São José do Xingu;534.29;acima de 10 km;manso_capital;;;TI Parque do Xingu;-53.116314;-10.834436
aldeia indígena;Pacovinha;Juína;534.5;acima de 10 km;manso_capital;;;TI Serra Morena;-59.233611;-10.883611
aldeia indígena;Rio Preto;São José do Xingu;535.2;acima de 10 km;manso_capital;;;TI Parque do Xingu;-52.940136;-10.943453
aldeia indígena;BOA VISTA;São José do Xingu;537.13;acima de 10 km;manso_capital;;;TI Parque do Xingu;-53.1061;-10.810578
aldeia indígena;JATOBÁ;Peixoto de Azevedo;540.79;acima de 10 km;manso_capital;;;TI Capoto/Jarina;-53.116572;-10.764711
aldeia indígena;Pakaya;São José do Xingu;541.45;acima de 10 km;manso_capital;;;TI Parque do Xingu;-53.079308;-10.781589
aldeia indígena;PIARAÇU;São José do Xingu;541.9;acima de 10 km;manso_capital;;;TI Capoto/Jarina;-53.075703;-10.779014
aldeia indígena;Aldeia Ipren-re;São José do Xingu;542.73;acima de 10 km;manso_capital;;;TI Capoto/Jarina;-53.080472;-10.767114
aldeia indígena;Tsibaadzatsi;Bom Jesus do Araguaia;542.8;acima de 10 km;manso_capital;;;TI Maraiwatsede;-51.791389;-11.933056
aldeia indígena;KRÉTIRE;São José do Xingu;545.44;acima de 10 km;manso_capital;;;TI Capoto/Jarina;-53.083178;-10.736408
aldeia indígena;MADZABDZÉ;Alto Boa Vista;552.75;acima de 10 km;manso_capital;;;TI Maraiwatsede;-51.815778;-11.760028
aldeia indígena;Imõkre;Peixoto de Azevedo;553.62;acima de 10 km;manso_capital;;;TI Capoto/Jarina;-53.33575;-10.501139
aldeia indígena;Aldeia Tonhore;Peixoto de Azevedo;559.36;acima de 10 km;manso_capital;;;TI Capoto/Jarina;-53.089722;-10.584444
aldeia indígena;Kamoi (Tuiuiu);São José do Xingu;559.55;acima de 10 km;manso_capital;;;TI Parque do Xingu;-52.761356;-10.801533
aldeia indígena;TUIUIÚ;São José do Xingu;559.58;acima de 10 km;manso_capital;;;TI Parque do Xingu;-52.761158;-10.801444
aldeia indígena;Kromare;Peixoto de Azevedo;559.64;acima de 10 km;manso_capital;;;TI Capoto/Jarina;-53.304672;-10.456442
aldeia indígena;Maraiwatsédé;Alto Boa Vista;562.39;acima de 10 km;manso_capital;;;TI Maraiwatsede;-51.678028;-11.790639
aldeia indígena;Aldeia Saré;Peixoto de Azevedo;562.48;acima de 10 km;manso_capital;;;TI Capoto/Jarina;-53.085978;-10.553808
aldeia indígena;Ubdonhou;Alto Boa Vista;564.2;acima de 10 km;manso_capital;;;TI Maraiwatsede;-51.657028;-11.790639
aldeia indígena;BYTIRE;Peixoto de Azevedo;564.71;acima de 10 km;manso_capital;;;TI Capoto/Jarina;-53.089333;-10.528231
aldeia indígena;Aldeia Krãbidji;Peixoto de Azevedo;564.94;acima de 10 km;manso_capital;;;TI Capoto/Jarina;-53.089311;-10.525828
aldeia indígena;PYKATÃKWYRY;Peixoto de Azevedo;566.36;acima de 10 km;manso_capital;;;TI Capoto/Jarina;-53.087969;-10.511753
aldeia indígena;Aopá;Alto Boa Vista;569.71;acima de 10 km;manso_capital;;;TI Maraiwatsede;-51.577833;-11.810722
aldeia indígena;Pedaré;São Félix do Araguaia;570.16;acima de 10 km;manso_capital;;;TI Maraiwatsede;-51.69006;-11.665003
aldeia indígena;Cristo Rei;Alto Boa Vista;571.5;acima de 10 km;manso_capital;;;TI Maraiwatsede;-51.560833;-11.806111
aldeia indígena;JARINA;Peixoto de Azevedo;573.18;acima de 10 km;manso_capital;;;TI Capoto/Jarina;-53.752175;-10.104744
aldeia indígena;Tsuprasiutse;Alto Boa Vista;573.72;acima de 10 km;manso_capital;;;TI Maraiwatsede;-51.611111;-11.710278
aldeia indígena;ÊTETSIMÃRÃ;São Félix do Araguaia;573.9;acima de 10 km;manso_capital;;;TI Maraiwatsede;-51.6445;-11.666861
aldeia indígena;KROMARE;Peixoto de Azevedo;575.03;acima de 10 km;manso_capital;;;TI Capoto/Jarina;-53.066956;-10.433336
aldeia indígena;ALDEIA ETEWAWE;Alto Boa Vista;577.74;acima de 10 km;manso_capital;;;TI Maraiwatsede;-51.532278;-11.750972
aldeia indígena;Etetsiri;Serra Nova Dourada;582.6;acima de 10 km;manso_capital;;;TI Maraiwatsede;-51.430833;-11.810833
aldeia indígena;Areião;Aripuanã;583.24;acima de 10 km;manso_capital;;;TI Aripuanã;-59.793889;-10.759167
aldeia indígena;SEM IDENTIFICAÇÃO;Peixoto de Azevedo;586.04;acima de 10 km;manso_capital;;;TI Capoto/Jarina;-53.037969;-10.335256
aldeia indígena;Moonipa;Alto Boa Vista;587.21;acima de 10 km;manso_capital;;;TI Maraiwatsede;-51.466389;-11.696111
aldeia indígena;KEMPÓ;Peixoto de Azevedo;594.38;acima de 10 km;manso_capital;;;TI Capoto/Jarina;-52.998975;-10.271128
aldeia indígena;Taquaral Divisa;Aripuanã;600.76;acima de 10 km;manso_capital;;;TI Aripuanã;-59.641389;-10.4425
aldeia indígena;PIUM;Peixoto de Azevedo;604.66;acima de 10 km;manso_capital;;;TI Capoto/Jarina;-53.023644;-10.149714
aldeia indígena;Turipuku;Matupá;605.42;acima de 10 km;manso_capital;;;TI Terena Gleba Iriri;-53.968514;-9.711131
aldeia indígena;Inamaty Pokee;Matupá;605.49;acima de 10 km;manso_capital;;;TI Terena Gleba Iriri;-53.801878;-9.771528
aldeia indígena;Taquaral;Aripuanã;607.63;acima de 10 km;manso_capital;;;TI Aripuanã;-59.709722;-10.416389
aldeia indígena;Kuxonety pokee;Matupá;610.18;acima de 10 km;manso_capital;;;TI Terena Gleba Iriri;-53.783769;-9.733322
aldeia indígena;Taquaral Ipê;Aripuanã;611.8;acima de 10 km;manso_capital;;;TI Aripuanã;-59.886111;-10.504444
aldeia indígena;Sãkãransã;Matupá;614.02;acima de 10 km;manso_capital;;;TI Panará;-54.107094;-9.583747
aldeia indígena;METYKTIRE;Peixoto de Azevedo;614.7;acima de 10 km;manso_capital;;;TI Capoto/Jarina;-52.995336;-10.061933
aldeia indígena;Babaçuzal;Cotriguaçu;621.17;acima de 10 km;manso_capital;;;TI Escondido;-58.716944;-9.666667
aldeia indígena;Cachoeirinha;Aripuanã;625.9;acima de 10 km;manso_capital;;;TI Aripuanã;-59.991667;-10.425833
aldeia indígena;Kororoty;Matupá;627.33;acima de 10 km;manso_capital;;;TI Menkragnoti;-53.599111;-9.640972
aldeia indígena;Mineiro;Aripuanã;627.59;acima de 10 km;manso_capital;;;TI Aripuanã;-60.325278;-10.688056
aldeia indígena;Koróróti;Matupá;628.46;acima de 10 km;manso_capital;;;TI Menkragnoti;-53.613239;-9.624143
aldeia indígena;Aldeia Rio Preto I;Aripuanã;629.12;acima de 10 km;manso_capital;;;TI Aripuanã;-59.772903;-10.222444
aldeia indígena;Rio Preto;Aripuanã;629.17;acima de 10 km;manso_capital;;;TI Aripuanã;-59.778611;-10.226111
aldeia indígena;Bananal;Aripuanã;629.19;acima de 10 km;manso_capital;;;TI Aripuanã;-59.773611;-10.222222
aldeia indígena;KREMORO;Peixoto de Azevedo;631.04;acima de 10 km;manso_capital;;;TI Capoto/Jarina;-53.244689;-9.764094
aldeia indígena;Flor do Prado;Aripuanã;631.11;acima de 10 km;manso_capital;;;TI Aripuanã;-60.401111;-10.714722
aldeia indígena;Aldeia Flor do Prado;Aripuanã;631.11;acima de 10 km;manso_capital;;;TI Aripuanã;-60.401133;-10.714767
aldeia indígena;krenrehé;Canabrava do Norte;632.99;acima de 10 km;manso_capital;;;TI Krenrehé;-51.485278;-11.041389
aldeia indígena;Aldeia Rio Preto;Aripuanã;633.2;acima de 10 km;manso_capital;;;TI Aripuanã;-59.71135;-10.1325
aldeia indígena;Ximari;Apiacás;637.08;acima de 10 km;manso_capital;;;TI Kayabi;-57.096389;-9.027778
aldeia indígena;Ponte Nova;Aripuanã;639.61;acima de 10 km;manso_capital;;;TI Arara do Rio Branco;-59.6;-9.983333
aldeia indígena;Parajuba;Cotriguaçu;642.27;acima de 10 km;manso_capital;;;TI Escondido;-58.550278;-9.384444
aldeia indígena;Boa Esperança II;Aripuanã;644.1;acima de 10 km;manso_capital;;;TI Arara do Rio Branco;-59.600278;-9.934722
aldeia indígena;SANTA CRUZ;Aripuanã;645.57;acima de 10 km;manso_capital;;;TI Zoró;-60.579311;-10.704467
aldeia indígena;Água Boa;Aripuanã;645.62;acima de 10 km;manso_capital;;;TI Arara do Rio Branco;-59.418056;-9.8
aldeia indígena;Capivara;Aripuanã;645.7;acima de 10 km;manso_capital;;;TI Arara do Rio Branco;-59.600556;-9.9175
aldeia indígena;Ipsyrej;Rondolândia;646.18;acima de 10 km;manso_capital;;;TI Zoró;-60.620556;-10.737194
aldeia indígena;Boa Esperança;Aripuanã;646.43;acima de 10 km;manso_capital;;;TI Arara do Rio Branco;-59.433611;-9.801111
aldeia indígena;Volta Grande;Aripuanã;647.26;acima de 10 km;manso_capital;;;TI Arara do Rio Branco;-59.6;-9.900278
aldeia indígena;Mamãe Vem Aí;Aripuanã;648.24;acima de 10 km;manso_capital;;;TI Arara do Rio Branco;-59.616667;-9.900833
aldeia indígena;ESCOLA;Aripuanã;648.47;acima de 10 km;manso_capital;;;TI Zoró;-60.57145;-10.660642
aldeia indígena;Julia Maria;Aripuanã;648.67;acima de 10 km;manso_capital;;;TI Arara do Rio Branco;-59.417778;-9.7675
aldeia indígena;CASA VERDE;Aripuanã;648.72;acima de 10 km;manso_capital;;;TI Zoró;-60.769789;-10.856531
aldeia indígena;Laguinho;Aripuanã;649.2;acima de 10 km;manso_capital;;;TI Arara do Rio Branco;-59.583333;-9.868056
aldeia indígena;PARAISO DA SERRA;Aripuanã;649.35;acima de 10 km;manso_capital;;;TI Zoró;-60.726492;-10.803386
aldeia indígena;Guwa Puxurej;Rondolândia;649.4;acima de 10 km;manso_capital;;;TI Zoró;-60.810864;-10.891067
aldeia indígena;Mundinho;Aripuanã;649.61;acima de 10 km;manso_capital;;;TI Arara do Rio Branco;-59.434722;-9.768056
aldeia indígena;Gustavo;Rondolândia;649.95;acima de 10 km;manso_capital;;;TI Zoró;-60.7979;-10.86995
aldeia indígena;Santa Luzia;Porto Alegre do Norte;650.28;acima de 10 km;manso_capital;;;TI Urubu Branco;-51.304933;-11.006519
aldeia indígena;Webay Karej;Rondolândia;650.81;acima de 10 km;manso_capital;;;TI Zoró;-60.849139;-10.9135
aldeia indígena;Zawã Kej;Rondolândia;651.31;acima de 10 km;manso_capital;;;TI Zoró;-60.897;-10.958983
aldeia indígena;Paralelo 10;Aripuanã;652.32;acima de 10 km;manso_capital;;;TI Aripuanã;-59.88;-10.042222
aldeia indígena;Ikarej;Rondolândia;653.73;acima de 10 km;manso_capital;;;TI Zoró;-60.869669;-10.896961
aldeia indígena;Taboca;Aripuanã;654.0;acima de 10 km;manso_capital;;;TI Arara do Rio Branco;-59.634722;-9.850556
aldeia indígena;Tamari;Aripuanã;654.18;acima de 10 km;manso_capital;;;TI Aripuanã;-59.8625;-10.008889
aldeia indígena;Aldeia Pantanal;Aripuanã;654.52;acima de 10 km;manso_capital;;;TI Aripuanã;-59.858711;-10.002372
aldeia indígena;Abesewap (Paulo Sérgio);Rondolândia;655.53;acima de 10 km;manso_capital;;;TI Zoró;-60.737667;-10.73515
aldeia indígena;Flor da Selva;Aripuanã;656.84;acima de 10 km;manso_capital;;;TI Aripuanã;-60.036667;-10.108611
aldeia indígena;Serrinha;Aripuanã;657.86;acima de 10 km;manso_capital;;;TI Arara do Rio Branco;-59.767778;-9.9
aldeia indígena;Pista do Leão;Aripuanã;658.24;acima de 10 km;manso_capital;;;TI Arara do Rio Branco;-59.751111;-9.884167
aldeia indígena;Araraúna;Aripuanã;659.22;acima de 10 km;manso_capital;;;TI Arara do Rio Branco;-59.766944;-9.884444
aldeia indígena;Sapera;Porto Alegre do Norte;659.94;acima de 10 km;manso_capital;;;TI Urubu Branco;-51.31269;-10.870273
aldeia indígena;PANDARAWEJ;Aripuanã;663.64;acima de 10 km;manso_capital;;;TI Zoró;-60.775714;-10.669739
aldeia indígena;TIKAN;Aripuanã;664.66;acima de 10 km;manso_capital;;;TI Sete de Setembro;-61.29575;-11.246525
aldeia indígena;LOBÓ;Aripuanã;665.07;acima de 10 km;manso_capital;;;TI Sete de Setembro;-61.297361;-11.242606
aldeia indígena;SERINGAL;Aripuanã;667.54;acima de 10 km;manso_capital;;;TI Zoró;-60.701903;-10.547789
aldeia indígena;Codebra;Porto Alegre do Norte;667.61;acima de 10 km;manso_capital;;;TI Urubu Branco;-51.207202;-10.881866
aldeia indígena;Urubu Branco;Santa Terezinha;671.87;acima de 10 km;manso_capital;;;TI Urubu Branco;-51.356646;-10.670921
aldeia indígena;Tamali Syn;Rondolândia;672.09;acima de 10 km;manso_capital;;;TI Zoró;-60.694544;-10.483986
aldeia indígena;Córrego da Onça;Santa Terezinha;672.37;acima de 10 km;manso_capital;;;TI Urubu Branco;-51.313982;-10.707569
aldeia indígena;CHICÃO;Aripuanã;674.17;acima de 10 km;manso_capital;;;TI Zoró;-60.654425;-10.420767
aldeia indígena;Panjirawã;Rondolândia;675.11;acima de 10 km;manso_capital;;;TI Zoró;-60.819433;-10.5673
aldeia indígena;TERIBORÉ;Luciara;681.0;acima de 10 km;manso_capital;;;TI São Domingos - MT;-50.699906;-11.302517
aldeia indígena;Ipê Wirej;Rondolândia;681.48;acima de 10 km;manso_capital;;;TI Zoró;-60.851361;-10.518183
aldeia indígena;TAPI TAWA;Confresa;684.1;acima de 10 km;manso_capital;;;TI Urubu Branco;-51.202778;-10.670278
aldeia indígena;kokamkuben;Matupá;684.45;acima de 10 km;manso_capital;;;TI Menkragnoti;-54.452222;-8.800833
aldeia indígena;SÃO DOMINGOS;Luciara;688.07;acima de 10 km;manso_capital;;;TI São Domingos - MT;-50.663333;-11.245
aldeia indígena;CANECO;Aripuanã;688.39;acima de 10 km;manso_capital;;;TI Zoró;-60.739606;-10.325222
aldeia indígena;SANTA LAURA;Confresa;690.88;acima de 10 km;manso_capital;;;TI Urubu Branco;-51.180556;-10.605556
aldeia indígena;Bubyrej;Rondolândia;691.81;acima de 10 km;manso_capital;;;TI Zoró;-60.941011;-10.476106
aldeia indígena;Zawa Karej (escola Pólo);Rondolândia;703.8;acima de 10 km;manso_capital;;;TI Zoró;-61.023483;-10.405933
aldeia indígena;Pawanewa;Rondolândia;703.81;acima de 10 km;manso_capital;;;TI Zoró;-61.026583;-10.40895
aldeia indígena;APOENA MEIRELES;Aripuanã;704.63;acima de 10 km;manso_capital;;;TI Sete de Setembro;-61.406906;-10.811361
aldeia indígena;Chiquinho;Rondolândia;708.8;acima de 10 km;manso_capital;;;TI Zoró;-60.890194;-10.214389
aldeia indígena;Burutanga;Apiacás;714.46;acima de 10 km;manso_capital;;;TI Kayabi;-57.689228;-8.430386
aldeia indígena;HAWALOHA;Santa Terezinha;733.83;acima de 10 km;manso_capital;;;TI Tapirapé/Karajá;-50.621667;-10.641389
aldeia indígena;ITXALA;Santa Terezinha;734.46;acima de 10 km;manso_capital;;;TI Tapirapé/Karajá;-50.603333;-10.653889
aldeia indígena;MAJITYRI;Santa Terezinha;734.69;acima de 10 km;manso_capital;;;TI Tapirapé/Karajá;-50.624167;-10.626667
aldeia indígena;Aldeia Kanindé;Apiacás;762.68;acima de 10 km;manso_capital;;;TI Apiaká do Pontal e Isolados;-58.293056;-8.141944
aldeia indígena;Aldeia Pontal;Apiacás;766.81;acima de 10 km;manso_capital;;;TI Apiaká do Pontal e Isolados;-58.285278;-8.100833
aldeia indígena;Burixiwá;Apiacás;768.83;acima de 10 km;manso_capital;;;TI Apiaká do Pontal e Isolados;-57.836589;-7.962558
aldeia indígena;Aldeia Mayrowi;Apiacás;769.6;acima de 10 km;manso_capital;;;TI Kayabi;-57.841667;-7.956667
aldeia indígena;Aldeia Nova Castanheira;Apiacás;786.18;acima de 10 km;manso_capital;;;TI Apiaká do Pontal e Isolados;-57.876389;-7.811667
aldeia indígena;Aldeia Três Marias;Apiacás;805.45;acima de 10 km;manso_capital;;;TI Apiaká do Pontal e Isolados;-57.944969;-7.649833
aldeia indígena;Aldeia Pirapitua;Apiacás;837.69;acima de 10 km;manso_capital;;;TI Apiaká do Pontal e Isolados;-58.175;-7.408333
assentamento rural;PA NOSSA SENHORA APARECIDA I;VARZEA GRANDE;1.59;até 2 km;manso_capital;140;;140 famílias;-56.251248;-15.474955
assentamento rural;PA SANTA HELENA III;ROSARIO OESTE;1.87;até 2 km;manso_capital;36;;36 famílias;-56.480272;-14.963767
assentamento rural;PA RAIZAMA;ROSARIO OESTE;3.05;até 5 km;manso_capital;82;;82 famílias;-56.487844;-15.004812
assentamento rural;PA FORQUILHA DO RIO MANSO;ROSARIO OESTE;3.54;até 5 km;manso_capital;367;;367 famílias;-56.146234;-14.716721
assentamento rural;PA RIBERÃO DOS COCAIS;NOSSA SENHORA DO LIVRAMENTO;6.07;até 10 km;jusante_capital;51;;51 famílias;-56.202478;-15.781952
assentamento rural;PA SERRAGEM;NOBRES;6.19;até 10 km;manso_capital;67;;67 famílias;-56.315502;-14.692337
assentamento rural;PA DORCELINA FOLADOR;VARZEA GRANDE;8.11;até 10 km;manso_capital;34;;34 famílias;-56.290126;-15.520203
assentamento rural;PA PRAIA RICA;CHAPADA DOS GUIMARAES;12.44;acima de 10 km;manso_capital;43;;43 famílias;-55.717103;-14.777145
assentamento rural;PA NOSSA SENHORA DA ESPERANÇA;ROSARIO OESTE;12.85;acima de 10 km;manso_capital;104;;104 famílias;-55.979224;-14.738293
assentamento rural;PA MARIA BENVINDA DE AVILA SOARES;ROSARIO OESTE;13.29;acima de 10 km;manso_capital;90;;90 famílias;-56.034029;-14.702789
assentamento rural;PA PIRAPUTANGA;DIAMANTINO;15.21;acima de 10 km;manso_capital;9;;9 famílias;-56.314496;-14.574112
assentamento rural;PA QUILOMBO;CHAPADA DOS GUIMARAES;15.54;acima de 10 km;manso_capital;103;;103 famílias;-55.707689;-15.000848
assentamento rural;PA SERRA DA ESPERANÇA;ALTO PARAGUAI;27.89;acima de 10 km;manso_capital;46;;46 famílias;-56.685632;-14.817673
assentamento rural;PA SADIA III;VARZEA GRANDE;28.95;acima de 10 km;manso_capital;146;;146 famílias;-56.511681;-15.511251
assentamento rural;PA COQUEIRAL/QUEBÓ;NOBRES;29.67;acima de 10 km;manso_capital;559;;559 famílias;-55.937727;-14.581601
assentamento rural;PA CAETÉ;DIAMANTINO;32.89;acima de 10 km;manso_capital;235;;235 famílias;-56.208535;-14.402027
assentamento rural;PA EMA;ALTO PARAGUAI;38.1;acima de 10 km;manso_capital;122;;122 famílias;-56.814502;-14.985361
assentamento rural;PA CAPÃO VERDE;ALTO PARAGUAI;38.89;acima de 10 km;manso_capital;153;;153 famílias;-56.824578;-14.948818
assentamento rural;PA RAIMUNDO ROCHA;NORTELANDIA;39.26;acima de 10 km;manso_capital;198;;198 famílias;-56.68338;-14.585601
assentamento rural;PA SANTANA DO TAQUARAL;SANTO ANTONIO DO LEVERGER;40.25;acima de 10 km;jusante_capital;97;;97 famílias;-55.502587;-16.07633
assentamento rural;PA TIRA SENTIDO;ALTO PARAGUAI;41.86;acima de 10 km;manso_capital;117;;117 famílias;-56.821358;-14.804458
assentamento rural;PA DIOCESE DE DIAMANTINO/MT;DIAMANTINO;43.9;acima de 10 km;manso_capital;26;;26 famílias;-56.441837;-14.34747
assentamento rural;PA NOSSA SENHORA DE FÁTIMA;DENISE;46.99;acima de 10 km;manso_capital;82;;82 famílias;-56.844555;-14.718301
assentamento rural;PA ESTRELA DO ORIENTE;NOSSA SENHORA DO LIVRAMENTO;47.08;acima de 10 km;manso_capital;85;;85 famílias;-56.54648;-15.76935
assentamento rural;PA RIO PRETO;DIAMANTINO;47.84;acima de 10 km;manso_capital;12;;12 famílias;-56.356799;-14.27832
assentamento rural;PA PONTAL DO GLÓRIA;SANTO ANTONIO DO LEVERGER;48.15;acima de 10 km;jusante_capital;110;;110 famílias;-55.428683;-16.075223
assentamento rural;PA RIBEIRÃO DA GLÓRIA;SANTO ANTONIO DO LEVERGER;49.52;acima de 10 km;jusante_capital;40;;40 famílias;-55.415514;-16.095217
assentamento rural;PA SANTO ANTONIO DA FARTURA;CAMPO VERDE;57.03;acima de 10 km;jusante_capital;265;;265 famílias;-55.421641;-15.797227
assentamento rural;PA BOJUI;DIAMANTINO;57.23;acima de 10 km;manso_capital;276;;276 famílias;-56.366498;-14.19376
assentamento rural;PA VÃO GRANDE;PORTO ESTRELA;57.53;acima de 10 km;manso_capital;28;;28 famílias;-56.979658;-15.276043
assentamento rural;PA CAMPO LIMPO;POCONE;58.86;acima de 10 km;jusante_capital;45;;45 famílias;-56.666671;-15.948536
assentamento rural;PA SAO FRANCISCO II;NORTELANDIA;70.24;acima de 10 km;manso_capital;70;;70 famílias;-56.838862;-14.341242
assentamento rural;PA GAVIÃO;DENISE;70.56;acima de 10 km;manso_capital;36;;36 famílias;-57.019798;-14.572209
assentamento rural;PA MESTRE;JACIARA;71.93;acima de 10 km;jusante_capital;0;;0 famílias;-55.220887;-15.934887
assentamento rural;PA FURNAS DO BURITI;POCONE;74.04;acima de 10 km;jusante_capital;26;;26 famílias;-56.816937;-15.940771
assentamento rural;PA PAU DALHO;SANTO ANTONIO DO LEVERGER;74.37;acima de 10 km;jusante_capital;26;;26 famílias;-55.308482;-16.659286
assentamento rural;PA FRANCISCO JOSÉ NASCIMENTO;NOSSA SENHORA DO LIVRAMENTO;78.48;acima de 10 km;manso_capital;83;;83 famílias;-56.913221;-15.751332
assentamento rural;PA LIMOEIRO;CACERES;80.65;acima de 10 km;jusante_capital;164;;164 famílias;-57.203546;-16.398369
assentamento rural;PA PAULO FREIRE;CAMPO VERDE;81.99;acima de 10 km;jusante_capital;28;;28 famílias;-55.316935;-15.516292
assentamento rural;PA SANTA FILOMENA;POCONE;83.23;acima de 10 km;jusante_capital;111;;111 famílias;-56.958284;-16.003412
assentamento rural;PA 28 DE OUTUBRO;CAMPO VERDE;85.21;acima de 10 km;jusante_capital;71;;71 famílias;-55.282765;-15.537476
assentamento rural;PA SANTA ROSA;NOVA BRASILANDIA;86.13;acima de 10 km;manso_capital;134;;134 famílias;-54.970802;-14.87309
assentamento rural;PA FICA FACA;NOVA BRASILANDIA;91.16;acima de 10 km;manso_capital;79;;79 famílias;-54.930977;-14.984081
assentamento rural;PA PADRE JOSÉ TENCATE;SANTO AFONSO;93.61;acima de 10 km;manso_capital;58;;58 famílias;-57.232666;-14.526159
assentamento rural;PA AGROANA/GIRAU;POCONE;95.01;acima de 10 km;jusante_capital;183;;183 famílias;-57.118171;-16.022298
assentamento rural;PA BELEZA;JUSCIMEIRA;95.62;acima de 10 km;jusante_capital;162;;162 famílias;-54.989162;-16.184921
assentamento rural;PA EGIDIO BRUNETTO;JUSCIMEIRA;97.59;acima de 10 km;jusante_capital;72;;72 famílias;-54.965839;-16.112491
assentamento rural;PA CABAÇAS;BARRA DO BUGRES;100.8;acima de 10 km;manso_capital;176;;176 famílias;-57.343151;-15.452848
assentamento rural;PA IPÊ ROXO;CACERES;102.13;acima de 10 km;jusante_capital;26;;26 famílias;-57.522635;-16.55606
assentamento rural;PA SADIA VALE VERDE;CACERES;103.76;acima de 10 km;jusante_capital;428;;428 famílias;-57.251978;-16.062588
assentamento rural;PA PAIOL;CACERES;104.0;acima de 10 km;jusante_capital;240;;240 famílias;-57.388024;-16.28506
assentamento rural;PA TERRA FORTE;CAMPO VERDE;104.55;acima de 10 km;jusante_capital;70;;70 famílias;-55.022275;-15.611443
assentamento rural;PA LARANJEIRA I;CACERES;104.57;acima de 10 km;jusante_capital;133;;133 famílias;-57.549857;-16.564206
assentamento rural;PA LARANJEIRA II;CACERES;106.69;acima de 10 km;jusante_capital;34;;34 famílias;-57.508763;-16.425247
assentamento rural;PA FLEXAS;CACERES;107.48;acima de 10 km;jusante_capital;11;;11 famílias;-57.26548;-16.022871
assentamento rural;PA VINAGRE LOTE 31;PLANALTO DA SERRA;107.6;acima de 10 km;manso_capital;12;;12 famílias;-54.791788;-14.6835
assentamento rural;PA 04 DE OUTUBRO;CAMPO VERDE;108.64;acima de 10 km;jusante_capital;44;;44 famílias;-54.979951;-15.610998
assentamento rural;PA RECOMPENSA II;CACERES;109.05;acima de 10 km;jusante_capital;20;;20 famílias;-57.428948;-16.261879
assentamento rural;PA PARAISO;DOM AQUINO;110.07;acima de 10 km;jusante_capital;43;;43 famílias;-54.867477;-15.887138
assentamento rural;PDS NOVA CONQUISTA;NOVA OLIMPIA;110.85;acima de 10 km;manso_capital;66;;66 famílias;-57.49028;-14.875489
assentamento rural;PA PAU D´ALHO;RONDONOPOLIS;114.29;acima de 10 km;jusante_capital;22;;22 famílias;-54.878678;-16.4716
assentamento rural;PA RIOZINHO;NOVA OLIMPIA;115.17;acima de 10 km;manso_capital;65;;65 famílias;-57.523461;-14.816563
assentamento rural;PA PONTE DE BARRO;SANTA RITA DO TRIVELATO;115.72;acima de 10 km;manso_capital;29;;29 famílias;-55.08892;-14.073439
assentamento rural;PA DOM OZORIO STOFELL;CAMPO VERDE;118.11;acima de 10 km;manso_capital;408;;408 famílias;-54.785753;-15.348294
assentamento rural;PA SÃO LUIZ;CACERES;119.23;acima de 10 km;jusante_capital;26;;26 famílias;-57.468679;-16.149815
assentamento rural;PA USIEL PEREIRA;NOVA OLIMPIA;120.31;acima de 10 km;manso_capital;57;;57 famílias;-57.57648;-14.853418
assentamento rural;PA CARIMÃ;RONDONOPOLIS;124.39;acima de 10 km;jusante_capital;176;;176 famílias;-54.813942;-16.664756
assentamento rural;PA CAMPINAS;SAO JOSE DO RIO CLARO;127.51;acima de 10 km;manso_capital;281;;281 famílias;-56.890198;-13.732082
assentamento rural;PA RIO VERMELHO;RONDONOPOLIS;128.54;acima de 10 km;jusante_capital;262;;262 famílias;-54.742169;-16.485537
assentamento rural;PA SÃO BENTO;DOM AQUINO;128.67;acima de 10 km;jusante_capital;40;;40 famílias;-54.713126;-15.785076
assentamento rural;PA SANTO EXPEDITO;JUSCIMEIRA;129.32;acima de 10 km;jusante_capital;38;;38 famílias;-54.669031;-16.128881
assentamento rural;PA GERALDO PEREIRA DE ANDRADE (MARIA IZABEL);JUSCIMEIRA;130.94;acima de 10 km;jusante_capital;135;;135 famílias;-54.654796;-16.038193
assentamento rural;PA FACÃO/BOM JARDIM;CACERES;132.66;acima de 10 km;jusante_capital;170;;170 famílias;-57.616934;-16.149993
assentamento rural;PA RIO BRANCO;NOVA OLIMPIA;133.6;acima de 10 km;manso_capital;85;;85 famílias;-57.699764;-14.844642
assentamento rural;PA COQUEIRO;RONDONOPOLIS;134.8;acima de 10 km;jusante_capital;40;;40 famílias;-54.63109;-16.275912
assentamento rural;PA VALE DO SOL;NOVA OLIMPIA;138.0;acima de 10 km;manso_capital;48;;48 famílias;-57.739117;-14.828666
assentamento rural;PA ANTONIO CONSELHEIRO;TANGARA DA SERRA;138.1;acima de 10 km;manso_capital;667;;667 famílias;-57.737105;-14.805714
assentamento rural;PA VALE DO BACURI;RONDONOPOLIS;139.64;acima de 10 km;jusante_capital;22;;22 famílias;-54.583447;-16.263145
assentamento rural;PA 17 DE MARÇO;RONDONOPOLIS;141.38;acima de 10 km;jusante_capital;95;;95 famílias;-54.555685;-16.098476
assentamento rural;PA RIBEIRÃO GRANDE - III;NOVA MUTUM;143.44;acima de 10 km;manso_capital;39;;39 famílias;-55.677243;-13.529642
assentamento rural;PA FLOR DA MATA;CACERES;145.92;acima de 10 km;manso_capital;21;;21 famílias;-57.698204;-15.685907
assentamento rural;PA MARIA DE OLIVEIRA;NOVA MUTUM;149.59;acima de 10 km;manso_capital;9;;9 famílias;-55.678749;-13.468141
assentamento rural;PA PIRATININGA;SORRISO;152.54;acima de 10 km;manso_capital;303;;303 famílias;-55.048152;-13.690351
assentamento rural;PA VISTA ALEGRE;PEDRA PRETA;152.77;acima de 10 km;jusante_capital;17;;17 famílias;-54.562467;-16.753618
assentamento rural;PA SANTA LUZIA;RONDONOPOLIS;153.65;acima de 10 km;jusante_capital;26;;26 famílias;-54.69295;-17.074817
assentamento rural;PA SANTANA DÁGUA LIMPA;SAO JOSE DO RIO CLARO;153.76;acima de 10 km;manso_capital;398;;398 famílias;-56.640158;-13.366323
assentamento rural;PA MARIA DE OLIVEIRA I;NOVA MUTUM;153.87;acima de 10 km;manso_capital;24;;24 famílias;-55.720094;-13.409508
assentamento rural;PA RIO VERDE;NOVA MUTUM;154.47;acima de 10 km;manso_capital;13;;13 famílias;-55.752885;-13.391621
assentamento rural;PA CECILIA ANTUNES;SALTO DO CEU;157.5;acima de 10 km;manso_capital;44;;44 famílias;-57.932611;-15.220421
assentamento rural;PA TIETÊ;POXOREO;157.61;acima de 10 km;jusante_capital;24;;24 famílias;-54.404719;-16.149608
assentamento rural;PA TRIANGULO;TANGARA DA SERRA;158.66;acima de 10 km;manso_capital;120;;120 famílias;-57.92681;-14.783277
assentamento rural;PA PROVIDÊNCIA III;CURVELANDIA;160.37;acima de 10 km;manso_capital;74;;74 famílias;-57.886357;-15.582918
assentamento rural;PA SÃO FRANCISCO;RONDONOPOLIS;160.9;acima de 10 km;jusante_capital;49;;49 famílias;-54.403511;-16.389736
assentamento rural;PA NOSSA SENHORA APARECIDA;DIAMANTINO;161.01;acima de 10 km;manso_capital;13;;13 famílias;-57.427122;-13.758947
assentamento rural;PA SANTO ANTONIO DA ALDEIA;POXOREO;162.24;acima de 10 km;jusante_capital;62;;62 famílias;-54.360474;-16.091581
assentamento rural;PA SANTO ANTONIO DO NORTE;PEDRA PRETA;162.31;acima de 10 km;jusante_capital;47;;47 famílias;-54.454289;-16.690501
assentamento rural;PA BR-070;PRIMAVERA DO LESTE;162.5;acima de 10 km;manso_capital;32;;32 famílias;-54.260298;-14.865412
assentamento rural;PA SÃO SATURNINO;MIRASSOL D'OESTE;162.9;acima de 10 km;manso_capital;113;;113 famílias;-57.926071;-15.536631
assentamento rural;PA JOÃO DE BARRO;POXOREO;164.32;acima de 10 km;jusante_capital;37;;37 famílias;-54.347789;-15.947088
assentamento rural;PA CARLOS MARIGHELA-PONTAL DA AREIA;POXOREO;165.55;acima de 10 km;jusante_capital;163;;163 famílias;-54.344645;-16.308394
assentamento rural;PA PRIMAVERA;RONDONOPOLIS;166.61;acima de 10 km;jusante_capital;47;;47 famílias;-54.337546;-16.327565
assentamento rural;PA SANTA HELENA II;MIRASSOL D'OESTE;167.27;acima de 10 km;manso_capital;53;;53 famílias;-57.990587;-15.451519
assentamento rural;PA TUPÃ;CURVELANDIA;168.41;acima de 10 km;manso_capital;113;;113 famílias;-57.95718;-15.607372
assentamento rural;PA PADRE JOSIMO TAVARES;SAO JOSE DO POVO;171.92;acima de 10 km;jusante_capital;115;;115 famílias;-54.322025;-16.496629
assentamento rural;PA ROSELI NUNES;MIRASSOL D'OESTE;172.74;acima de 10 km;manso_capital;331;;331 famílias;-58.034609;-15.486844
assentamento rural;PA PROVIDÊNCIA - I;MIRASSOL D'OESTE;173.92;acima de 10 km;manso_capital;67;;67 famílias;-58.001245;-15.636878
assentamento rural;PA MONTECHI;RIO BRANCO;175.87;acima de 10 km;manso_capital;104;;104 famílias;-58.105818;-15.186388
assentamento rural;PA MARGARIDA ALVES;MIRASSOL D'OESTE;176.85;acima de 10 km;manso_capital;142;;142 famílias;-57.986469;-15.748125
assentamento rural;PA FREI SERVACIO SCHULT;PEDRA PRETA;176.9;acima de 10 km;jusante_capital;35;;35 famílias;-54.373082;-16.903989
assentamento rural;PA POUSO ALEGRE;SAO JOSE DO RIO CLARO;177.37;acima de 10 km;manso_capital;54;;54 famílias;-56.841248;-13.20835
assentamento rural;PA NOVA ESPERANÇA;CACERES;179.16;acima de 10 km;jusante_capital;51;;51 famílias;-58.205725;-16.334736
assentamento rural;PA COLORADO;PARANATINGA;180.45;acima de 10 km;manso_capital;178;;178 famílias;-54.336851;-14.042273
assentamento rural;PA SANDRINI;SAO JOSE DO POVO;181.03;acima de 10 km;jusante_capital;70;;70 famílias;-54.239744;-16.5195
assentamento rural;PA JATOBÁ;CACERES;181.05;acima de 10 km;jusante_capital;28;;28 famílias;-58.227094;-16.341802
assentamento rural;PA MÁRCIO PEREIRA;SAO JOSE DO POVO;182.16;acima de 10 km;jusante_capital;87;;87 famílias;-54.236078;-16.547383
assentamento rural;PA SAPICUÁ;CACERES;182.97;acima de 10 km;jusante_capital;39;;39 famílias;-58.199585;-16.226697
assentamento rural;PA BOM SUCESSO;CACERES;183.08;acima de 10 km;jusante_capital;13;;13 famílias;-58.239331;-16.320538
assentamento rural;PA RANCHO DA SAUDADE;CACERES;183.97;acima de 10 km;jusante_capital;45;;45 famílias;-58.216393;-16.241864
assentamento rural;PA ÁGUAS DA SERRA;RONDONOPOLIS;184.24;acima de 10 km;jusante_capital;18;;18 famílias;-54.232816;-16.622186
assentamento rural;PA SALETE STROZAK;GUIRATINGA;184.43;acima de 10 km;jusante_capital;31;;31 famílias;-54.200365;-16.492607
assentamento rural;PA DOIS IRMÃOS;GUIRATINGA;184.56;acima de 10 km;jusante_capital;58;;58 famílias;-54.181764;-16.412627
assentamento rural;PA MÁRTIRES DOS CARAJÁS;POXOREO;184.56;acima de 10 km;jusante_capital;102;;102 famílias;-54.153434;-16.023582
assentamento rural;PA PONTAL DO MARAPE;NOVA MUTUM;186.04;acima de 10 km;manso_capital;360;;360 famílias;-56.685518;-13.077496
assentamento rural;PA JOÃO PESSOA;SAO JOSE DO POVO;186.08;acima de 10 km;jusante_capital;109;;109 famílias;-54.191322;-16.521383
assentamento rural;PA KATIRA;CACERES;186.66;acima de 10 km;jusante_capital;48;;48 famílias;-58.277188;-16.326876
assentamento rural;PA CORIXO;CACERES;189.03;acima de 10 km;jusante_capital;73;;73 famílias;-58.287891;-16.292595
assentamento rural;PA 26 DE JANEIRO;PEDRA PRETA;189.48;acima de 10 km;jusante_capital;60;;60 famílias;-54.255769;-16.925984
assentamento rural;PA WILSON MEDEIROS;PEDRA PRETA;191.15;acima de 10 km;jusante_capital;105;;105 famílias;-54.156446;-16.57555
assentamento rural;PA 28 DE DEZEMBRO;PEDRA PRETA;192.02;acima de 10 km;jusante_capital;39;;39 famílias;-54.130475;-16.506125
assentamento rural;PA MONTE AZUL;PEDRA PRETA;192.07;acima de 10 km;jusante_capital;88;;88 famílias;-54.16542;-16.667803
assentamento rural;PA SANTA ROSA I;SAO JOSE DOS QUATRO MARCOS;193.24;acima de 10 km;manso_capital;73;;73 famílias;-58.228588;-15.497291
assentamento rural;PA FURNAS;PEDRA PRETA;195.01;acima de 10 km;jusante_capital;48;;48 famílias;-54.137303;-16.666619
assentamento rural;PA SÃO BENEDITO;ARAPUTANGA;196.58;acima de 10 km;manso_capital;44;;44 famílias;-58.283726;-15.367047
assentamento rural;PA BARRANQUEIRA;CACERES;197.1;acima de 10 km;jusante_capital;78;;78 famílias;-58.256087;-16.047175
assentamento rural;PA GUAPIRAMA;CAMPO NOVO DO PARECIS;202.56;acima de 10 km;manso_capital;54;;54 famílias;-58.010805;-13.866649
assentamento rural;PA ALMINHAS;POXOREO;202.99;acima de 10 km;jusante_capital;64;;64 famílias;-54.013176;-15.741808
assentamento rural;PA SANTO ANTONIO;NOVA MARINGA;205.64;acima de 10 km;manso_capital;11;;11 famílias;-57.13924;-13.061801
assentamento rural;PA SANTA LUZIA I;TAPURAH;205.75;acima de 10 km;manso_capital;67;;67 famílias;-56.49477;-12.861022
assentamento rural;PA SILVIO RODRIGUES;MIRASSOL D'OESTE;206.12;acima de 10 km;manso_capital;158;;158 famílias;-58.264258;-15.790532
assentamento rural;PA VALE DO PRATA;PEDRA PRETA;206.45;acima de 10 km;jusante_capital;96;;96 famílias;-54.007639;-16.574235
assentamento rural;PA FLORESTAN FERNANDES;ARAPUTANGA;206.75;acima de 10 km;manso_capital;153;;153 famílias;-58.350746;-15.528984
assentamento rural;PA SANTO ANTONIO II;NOVA MARINGA;207.45;acima de 10 km;manso_capital;14;;14 famílias;-57.133601;-13.040588
assentamento rural;PA SANTO ANTONIO I;NOVA MARINGA;212.51;acima de 10 km;manso_capital;7;;7 famílias;-57.114773;-12.980481
assentamento rural;PA CEDRO ROSA;NOVA UBIRATA;216.93;acima de 10 km;manso_capital;100;;100 famílias;-55.367814;-12.941182
assentamento rural;PA NOSSA SENHORA DO CARMO;ITIQUIRA;222.16;acima de 10 km;jusante_capital;71;;71 famílias;-53.976436;-17.055956
assentamento rural;PA VEREDA;ARAPUTANGA;228.98;acima de 10 km;manso_capital;109;;109 famílias;-58.601395;-15.167056
assentamento rural;PA SANTA AURELIA;INDIAVAI;230.88;acima de 10 km;manso_capital;0;;0 famílias;-58.615527;-15.263096
assentamento rural;PA PAPIRO;PORTO ESPERIDIAO;242.28;acima de 10 km;manso_capital;28;;28 famílias;-58.630521;-15.76602
assentamento rural;PA CORGÃO;JAURU;252.13;acima de 10 km;manso_capital;151;;151 famílias;-58.817208;-15.12473
assentamento rural;PA SANTO ANTONIO;GUIRATINGA;253.07;acima de 10 km;jusante_capital;63;;63 famílias;-53.517315;-16.292669
assentamento rural;PA BONANZA;TAPURAH;253.9;acima de 10 km;manso_capital;43;;43 famílias;-56.754762;-12.46635
assentamento rural;PDS RIO JATOBA;PARANATINGA;254.8;acima de 10 km;manso_capital;155;;155 famílias;-54.15233;-13.213256
assentamento rural;PA FURNAS III;IPIRANGA DO NORTE;257.07;acima de 10 km;manso_capital;47;;47 famílias;-56.070667;-12.390092
assentamento rural;PA MORRINHO;GENERAL CARNEIRO;257.84;acima de 10 km;manso_capital;27;;27 famílias;-53.42944;-15.400226
assentamento rural;PA BOA VISTA;PARANATINGA;259.21;acima de 10 km;manso_capital;246;;246 famílias;-54.170463;-13.143283
assentamento rural;PA PALOMA;BRASNORTE;260.75;acima de 10 km;manso_capital;100;;100 famílias;-57.950091;-13.014444
assentamento rural;PA MIRASSOLZINHO II;JAURU;263.43;acima de 10 km;manso_capital;64;;64 famílias;-58.88324;-15.567696
assentamento rural;PA JONAS PINHEIRO;SORRISO;264.98;acima de 10 km;manso_capital;367;;367 famílias;-55.533994;-12.416165
assentamento rural;PA RIO BORGES;TAPURAH;265.75;acima de 10 km;manso_capital;101;;101 famílias;-56.634835;-12.33571
assentamento rural;PA MIRASSOLZINHO;JAURU;268.6;acima de 10 km;manso_capital;687;;687 famílias;-58.951102;-15.44829
assentamento rural;PA AERORANCHO;VALE DE SÃO DOMINGOS;273.56;acima de 10 km;manso_capital;122;;122 famílias;-59.01548;-15.231047
assentamento rural;PA TAPURAH/ITANHANGA;TAPURAH;273.63;acima de 10 km;manso_capital;1124;;1124 famílias;-56.808347;-12.296336
assentamento rural;PA MOGIANA II;IPIRANGA DO NORTE;274.91;acima de 10 km;manso_capital;21;;21 famílias;-56.221968;-12.22333
assentamento rural;PA NOIDORINHO/VITÓRIA;CAMPINAPOLIS;275.65;acima de 10 km;manso_capital;178;;178 famílias;-53.210311;-14.780971
assentamento rural;PA BOGORNI;IPIRANGA DO NORTE;276.67;acima de 10 km;manso_capital;56;;56 famílias;-56.381584;-12.210892
assentamento rural;PA CALIFORNIA;VERA;277.76;acima de 10 km;manso_capital;221;;221 famílias;-55.213901;-12.409556
assentamento rural;PA MOGIANA I;IPIRANGA DO NORTE;278.31;acima de 10 km;manso_capital;38;;38 famílias;-56.209736;-12.192857
assentamento rural;PA ELDORADO I;TAPURAH;280.79;acima de 10 km;manso_capital;349;;349 famílias;-56.165538;-12.171549
assentamento rural;PA GATO PRETO;ALTO ARAGUAIA;289.88;acima de 10 km;jusante_capital;80;;80 famílias;-53.537942;-17.62268
assentamento rural;PA SANTA IRENE;IPIRANGA DO NORTE;296.02;acima de 10 km;manso_capital;47;;47 famílias;-55.925211;-12.052035
assentamento rural;PA BARRA DO MARCO II;PONTES E LACERDA;299.07;acima de 10 km;manso_capital;13;;13 famílias;-59.252094;-15.270014
assentamento rural;PA CRISTALMEL;IPIRANGA DO NORTE;300.76;acima de 10 km;manso_capital;51;;51 famílias;-56.098402;-11.994665
assentamento rural;PA CÓRREGO DA ONÇA;PONTES E LACERDA;301.43;acima de 10 km;manso_capital;81;;81 famílias;-59.275561;-15.230259
assentamento rural;PA CÓRREGO RICO;ALTO ARAGUAIA;302.6;acima de 10 km;jusante_capital;47;;47 famílias;-53.220722;-17.180631
assentamento rural;PA 1.500 ALQUEIRES;PONTES E LACERDA;304.5;acima de 10 km;manso_capital;69;;69 famílias;-59.301674;-15.014133
assentamento rural;PA TAMBORIL;NOVO SAO JOAQUIM;304.91;acima de 10 km;manso_capital;58;;58 famílias;-52.934832;-14.907602
assentamento rural;PA BOA ESPERANÇA I, II E III;NOVA UBIRATA;304.96;acima de 10 km;manso_capital;393;;393 famílias;-54.506946;-12.415551
assentamento rural;PA SANTA EMILIA;BARRA DO GARCAS;307.94;acima de 10 km;manso_capital;46;;46 famílias;-52.937862;-15.31889
assentamento rural;PA MARTINS I;AGUA BOA;312.12;acima de 10 km;manso_capital;54;;54 famílias;-52.994567;-14.087945
assentamento rural;PA LAGOA RICA;PONTES E LACERDA;312.34;acima de 10 km;manso_capital;36;;36 famílias;-59.36166;-15.456059
assentamento rural;PA SANTO IDELFONSO;CAMPINAPOLIS;315.69;acima de 10 km;manso_capital;504;;504 famílias;-52.83743;-14.786139
assentamento rural;PA RIO ALEGRE;PONTES E LACERDA;316.72;acima de 10 km;manso_capital;362;;362 famílias;-59.406985;-15.415801
assentamento rural;PDS NOVA ALIANÇA;GAUCHA DO NORTE;317.69;acima de 10 km;manso_capital;79;;79 famílias;-53.267467;-13.384061
assentamento rural;PA TRIUNFO;PONTES E LACERDA;320.48;acima de 10 km;jusante_capital;325;;325 famílias;-59.579889;-15.929417
assentamento rural;PA SANTA CÁSSIA;GENERAL CARNEIRO;321.06;acima de 10 km;manso_capital;134;;134 famílias;-52.85709;-15.545936
assentamento rural;PA CORONEL ARI;PONTES E LACERDA;322.83;acima de 10 km;manso_capital;138;;138 famílias;-59.473724;-15.274407
assentamento rural;PA SANTA TEREZINHA II;NOVA UBIRATA;326.77;acima de 10 km;manso_capital;134;;134 famílias;-54.146709;-12.396504
assentamento rural;PA SANTA CRUZ;AGUA BOA;329.65;acima de 10 km;manso_capital;109;;109 famílias;-52.787917;-14.226941
assentamento rural;PA SANTA CELIA;CAMPINAPOLIS;330.57;acima de 10 km;manso_capital;261;;261 famílias;-52.7544;-14.338019
assentamento rural;PA ENA;FELIZ NATAL;335.82;acima de 10 km;manso_capital;378;;378 famílias;-54.233324;-12.247756
assentamento rural;PA MIURA;VILA BELA DA SANTISSIMA TRINDADE;336.29;acima de 10 km;manso_capital;69;;69 famílias;-59.59072;-15.41339
assentamento rural;PA PASSA VINTE;BARRA DO GARCAS;336.79;acima de 10 km;manso_capital;0;;0 famílias;-52.732842;-15.655986
assentamento rural;PA NOVA CONQUISTA;CONQUISTA D'OESTE;337.02;acima de 10 km;manso_capital;390;;390 famílias;-59.565731;-14.555209
assentamento rural;PA SARARÉ;NOVA LACERDA;338.01;acima de 10 km;manso_capital;254;;254 famílias;-59.592131;-14.685252
assentamento rural;PA JARAGUÁ;AGUA BOA;340.82;acima de 10 km;manso_capital;410;;410 famílias;-52.82472;-13.780297
assentamento rural;PA GUATAPARA;CANARANA;341.07;acima de 10 km;manso_capital;118;;118 famílias;-52.890325;-13.62516
assentamento rural;PA ILHA DO COCO;NOVA XAVANTINA;342.19;acima de 10 km;manso_capital;29;;29 famílias;-52.591693;-14.76738
assentamento rural;PA SERRINHA;AGUA BOA;342.52;acima de 10 km;manso_capital;36;;36 famílias;-52.763413;-13.897068
assentamento rural;PA PIAU;NOVA XAVANTINA;343.37;acima de 10 km;manso_capital;97;;97 famílias;-52.585534;-14.692187
assentamento rural;PA RANCHO AMIGO;NOVA XAVANTINA;343.54;acima de 10 km;manso_capital;115;;115 famílias;-52.638801;-14.304732
assentamento rural;PA SAFRA;NOVA XAVANTINA;350.38;acima de 10 km;manso_capital;376;;376 famílias;-52.578153;-14.285815
assentamento rural;PA MORRINHO DO TARUMÃ;VILA BELA DA SANTISSIMA TRINDADE;354.13;acima de 10 km;jusante_capital;34;;34 famílias;-60.057164;-16.030261
assentamento rural;PA WESLEY MANOEL DOS SANTOS;SINOP;360.27;acima de 10 km;manso_capital;546;;546 famílias;-55.658703;-11.507211
assentamento rural;PA LOURIVAL D´ABIC;VILA BELA DA SANTISSIMA TRINDADE;362.86;acima de 10 km;jusante_capital;36;;36 famílias;-59.652742;-15.415762
assentamento rural;PA MELLO;NOVA XAVANTINA;366.44;acima de 10 km;manso_capital;29;;29 famílias;-52.364324;-14.80566
assentamento rural;PA SERRA VERDE;BARRA DO GARCAS;366.74;acima de 10 km;jusante_capital;100;;100 famílias;-52.466688;-15.766828
assentamento rural;PA JARAGUÁ;AGUA BOA;367.44;acima de 10 km;manso_capital;410;;410 famílias;-52.483765;-14.015712
assentamento rural;PA MERCEDES BENS I E II;TABAPORA;374.21;acima de 10 km;manso_capital;1010;;1010 famílias;-56.345802;-11.331594
assentamento rural;PDS 12 DE OUTUBRO;CLAUDIA;378.84;acima de 10 km;manso_capital;136;;136 famílias;-55.398745;-11.391378
assentamento rural;PA SANTA MARIA;AGUA BOA;380.49;acima de 10 km;manso_capital;209;;209 famílias;-52.277071;-14.379651
assentamento rural;PA SÃO SEBASTIÃO;VILA BELA DA SANTISSIMA TRINDADE;382.05;acima de 10 km;jusante_capital;14;;14 famílias;-59.831724;-15.383975
assentamento rural;PA BOCAINA;VILA BELA DA SANTISSIMA TRINDADE;382.18;acima de 10 km;jusante_capital;18;;18 famílias;-59.90673;-15.455988
assentamento rural;PDS NOVO RENASCER;UNIAO DO SUL;382.46;acima de 10 km;manso_capital;21;;21 famílias;-54.679282;-11.615341
assentamento rural;PDS TERRA DE VIVER;CLAUDIA;384.75;acima de 10 km;manso_capital;15;;15 famílias;-55.044725;-11.441683
assentamento rural;PA JULIETA II;NOVO HORIZONTE DO NORTE;387.28;acima de 10 km;manso_capital;105;;105 famílias;-57.420895;-11.407683
assentamento rural;PA JURUENA I;BRASNORTE;389.75;acima de 10 km;manso_capital;264;;264 famílias;-58.417171;-11.904174
assentamento rural;PDS OLGA BENARIO;UNIAO DO SUL;390.02;acima de 10 km;manso_capital;29;;29 famílias;-54.670005;-11.519417
assentamento rural;PA CARACOL;NOVO HORIZONTE DO NORTE;390.25;acima de 10 km;manso_capital;66;;66 famílias;-57.438609;-11.385461
assentamento rural;PA BOSMAGI;NOVO HORIZONTE DO NORTE;391.78;acima de 10 km;manso_capital;37;;37 famílias;-57.464485;-11.379848
assentamento rural;PDS FREI CRISPIN;UNIAO DO SUL;393.9;acima de 10 km;manso_capital;10;;10 famílias;-54.689345;-11.476372
assentamento rural;PA MACUCO;COMODORO;395.31;acima de 10 km;manso_capital;230;;230 famílias;-59.908138;-13.745061
assentamento rural;PA NOVA ALVORADA;COMODORO;397.63;acima de 10 km;manso_capital;94;;94 famílias;-59.891615;-13.638055
assentamento rural;PA JATOBAZINHO;AGUA BOA;402.3;acima de 10 km;manso_capital;219;;219 famílias;-52.170942;-13.941131
assentamento rural;PDS SONHO DE ANDERSON;UNIAO DO SUL;402.52;acima de 10 km;manso_capital;64;;64 famílias;-54.179318;-11.684508
assentamento rural;PDS KENO;CLAUDIA;408.52;acima de 10 km;manso_capital;482;;482 famílias;-54.876048;-11.275764
assentamento rural;PA GRANJA;COMODORO;411.18;acima de 10 km;manso_capital;115;;115 famílias;-60.018599;-13.622163
assentamento rural;PA MIRANDA ESTÂNCIA;COMODORO;411.6;acima de 10 km;manso_capital;302;;302 famílias;-59.988709;-13.53482
assentamento rural;PA FORMOSA;VILA BELA DA SANTISSIMA TRINDADE;413.7;acima de 10 km;jusante_capital;215;;215 famílias;-59.834202;-15.001457
assentamento rural;PA SERINGAL;VILA BELA DA SANTISSIMA TRINDADE;416.37;acima de 10 km;jusante_capital;225;;225 famílias;-60.096698;-15.205885
assentamento rural;PA CANÃA I;QUERENCIA;419.27;acima de 10 km;manso_capital;36;;36 famílias;-52.339875;-13.130976
assentamento rural;PA MARUMBI;VILA BELA DA SANTISSIMA TRINDADE;425.21;acima de 10 km;jusante_capital;86;;86 famílias;-59.864019;-14.890923
assentamento rural;PA NOROAGRO;COMODORO;425.77;acima de 10 km;manso_capital;250;;250 famílias;-60.079772;-13.415718
assentamento rural;PA SANTA ELINA;NOVA LACERDA;426.65;acima de 10 km;jusante_capital;163;;163 famílias;-59.759148;-14.520402
assentamento rural;PA VOLTA GRANDE;ARAGUAIANA;426.93;acima de 10 km;jusante_capital;33;;33 famílias;-51.898065;-15.811182
assentamento rural;PA CABIXI;COMODORO;429.69;acima de 10 km;manso_capital;43;;43 famílias;-60.00494;-13.171133
assentamento rural;PA MARAGATOS;NOVA NAZARE;433.2;acima de 10 km;manso_capital;40;;40 famílias;-51.841945;-14.073222
assentamento rural;PA PONTAL;NOVA NAZARE;437.19;acima de 10 km;manso_capital;123;;123 famílias;-51.823869;-13.992364
assentamento rural;PA VERANEIO;COLIDER;438.05;acima de 10 km;manso_capital;523;;523 famílias;-55.720029;-10.790133
assentamento rural;PA SÃO PEDRO/CAMBARA;VILA BELA DA SANTISSIMA TRINDADE;444.05;acima de 10 km;jusante_capital;80;;80 famílias;-60.014092;-14.79302
assentamento rural;PA TAPAYUNA;NOVA CANAA DO NORTE;446.99;acima de 10 km;manso_capital;42;;42 famílias;-55.96701;-10.685057
assentamento rural;PA PINGOS DÁGUA;QUERENCIA;448.52;acima de 10 km;manso_capital;540;;540 famílias;-52.390972;-12.556692
assentamento rural;PA RITINHA;VILA BELA DA SANTISSIMA TRINDADE;451.68;acima de 10 km;jusante_capital;133;;133 famílias;-60.04099;-14.725551
assentamento rural;PA RONDON;NOVA CANAA DO NORTE;452.27;acima de 10 km;manso_capital;185;;185 famílias;-56.029058;-10.633835
assentamento rural;PA GUAPORÉ;VILA BELA DA SANTISSIMA TRINDADE;452.88;acima de 10 km;jusante_capital;181;;181 famílias;-59.95125;-14.657376
assentamento rural;PA BONJAGUÁ;MARCELANDIA;457.6;acima de 10 km;manso_capital;362;;362 famílias;-54.64272;-10.891644
assentamento rural;PA SANTA HELENA;VILA BELA DA SANTISSIMA TRINDADE;462.34;acima de 10 km;jusante_capital;181;;181 famílias;-59.959132;-14.542038
assentamento rural;PA SÃO JUDAS;NOVA LACERDA;463.05;acima de 10 km;jusante_capital;167;;167 famílias;-59.885536;-14.460175
assentamento rural;PA OURO BRANCO;NOVA CANAA DO NORTE;463.84;acima de 10 km;manso_capital;96;;96 famílias;-55.957323;-10.533848
assentamento rural;PA AVAÍ;NOVA CANAA DO NORTE;466.66;acima de 10 km;manso_capital;114;;114 famílias;-55.923835;-10.510792
assentamento rural;PA COLONIA DOS MINEIROS;COMODORO;466.97;acima de 10 km;jusante_capital;100;;100 famílias;-59.750186;-13.956478
assentamento rural;PA MARIA TEREZA;RIBEIRAO CASCALHEIRA;467.48;acima de 10 km;manso_capital;202;;202 famílias;-52.095239;-12.683324
assentamento rural;PA CRUZEIRO DO NORTE;RIBEIRAO CASCALHEIRA;469.17;acima de 10 km;manso_capital;57;;57 famílias;-51.994765;-12.817588
assentamento rural;PA MONTE DAS OLIVEIRAS;NOVA CANAA DO NORTE;469.48;acima de 10 km;manso_capital;58;;58 famílias;-55.967908;-10.482349
assentamento rural;PA SÃO MANOEL;QUERENCIA;471.11;acima de 10 km;manso_capital;179;;179 famílias;-52.534666;-12.060319
assentamento rural;PA UNIÃO FLOR DA SERRA;NOVA CANAA DO NORTE;473.47;acima de 10 km;manso_capital;32;;32 famílias;-56.028279;-10.442971
assentamento rural;PA ALTO PARAISO;TERRA NOVA DO NORTE;475.43;acima de 10 km;manso_capital;45;;45 famílias;-55.196859;-10.546226
assentamento rural;PA CRUZEIRO DO SUL;NOVA CANAA DO NORTE;478.42;acima de 10 km;manso_capital;48;;48 famílias;-56.005264;-10.399561
assentamento rural;PA SANTA LUCIA;RIBEIRAO CASCALHEIRA;481.6;acima de 10 km;manso_capital;130;;130 famílias;-51.846825;-12.848007
assentamento rural;PA NOVO MÉXICO;COLIDER;484.16;acima de 10 km;manso_capital;177;;177 famílias;-55.627552;-10.384217
assentamento rural;PA UNIÃO DE TODOS;TERRA NOVA DO NORTE;486.76;acima de 10 km;manso_capital;104;;104 famílias;-55.190153;-10.443018
assentamento rural;PA COUTINHO UNIÃO;QUERENCIA;488.14;acima de 10 km;manso_capital;171;;171 famílias;-52.482488;-11.89097
assentamento rural;PA VALE DO SERINGAL;CASTANHEIRA;490.05;acima de 10 km;manso_capital;566;;566 famílias;-58.457344;-10.858572
assentamento rural;PA BOA ESPERANÇA I;JUINA;490.85;acima de 10 km;manso_capital;0;;0 famílias;-58.994754;-11.196282
assentamento rural;PA VALE DO ARINOS;JUARA;497.41;acima de 10 km;manso_capital;227;;227 famílias;-58.029033;-10.578667
assentamento rural;PA CANCELA;RIBEIRAO CASCALHEIRA;497.93;acima de 10 km;manso_capital;168;;168 famílias;-51.633143;-12.931927
assentamento rural;PA HIJ;TERRA NOVA DO NORTE;500.33;acima de 10 km;manso_capital;357;;357 famílias;-54.763616;-10.438459
assentamento rural;PA NOVO HORIZONTE;NOVA GUARITA;501.43;acima de 10 km;manso_capital;42;;42 famílias;-55.306833;-10.281898
assentamento rural;PA IRACEMA;JUINA;502.0;acima de 10 km;manso_capital;343;;343 famílias;-59.153981;-11.189037
assentamento rural;PA SANTA IZABEL;NOVA GUARITA;502.13;acima de 10 km;manso_capital;30;;30 famílias;-55.370297;-10.262915
assentamento rural;PA CRISTO REI;NOVA GUARITA;502.89;acima de 10 km;manso_capital;33;;33 famílias;-55.468761;-10.238222
assentamento rural;PA PINHEIRO VELHO;CARLINDA;503.48;acima de 10 km;manso_capital;68;;68 famílias;-55.785247;-10.190496
assentamento rural;PA CACHIMBO;PEIXOTO DE AZEVEDO;505.68;acima de 10 km;manso_capital;922;;922 famílias;-54.513208;-10.478794
assentamento rural;PA ETA;PEIXOTO DE AZEVEDO;506.42;acima de 10 km;manso_capital;304;;304 famílias;-54.996814;-10.310172
assentamento rural;PA BRASIL NOVO;QUERENCIA;507.44;acima de 10 km;manso_capital;299;;299 famílias;-52.333842;-11.793946
assentamento rural;PA SANTA RITA;RIBEIRAO CASCALHEIRA;508.21;acima de 10 km;manso_capital;279;;279 famílias;-51.498188;-12.993015
assentamento rural;PA ESCONDIDO;JUARA;508.52;acima de 10 km;manso_capital;45;;45 famílias;-57.927558;-10.43079
assentamento rural;PA SERRA NEGRA;NOVA GUARITA;508.89;acima de 10 km;manso_capital;29;;29 famílias;-55.445177;-10.187506
assentamento rural;PA BELMONTE;PEIXOTO DE AZEVEDO;510.08;acima de 10 km;manso_capital;36;;36 famílias;-55.059676;-10.259356
assentamento rural;PA RAIMUNDO VIEIRA;NOVA GUARITA;510.34;acima de 10 km;manso_capital;64;;64 famílias;-55.250535;-10.21182
assentamento rural;PA VALE DA ESPERANÇA;NOVA GUARITA;512.08;acima de 10 km;manso_capital;37;;37 famílias;-55.419152;-10.162908
assentamento rural;PDS SÃO PAULO;CARLINDA;512.16;acima de 10 km;manso_capital;47;;47 famílias;-55.661965;-10.12564
assentamento rural;PA PRIMOROSA;RIBEIRAO CASCALHEIRA;512.76;acima de 10 km;manso_capital;292;;292 famílias;-51.537791;-12.822121
assentamento rural;PA GUERREIRO;RIBEIRAO CASCALHEIRA;518.12;acima de 10 km;manso_capital;168;;168 famílias;-51.660886;-12.50902
assentamento rural;PDS TABAPUA;NOVO MUNDO;520.61;acima de 10 km;manso_capital;41;;41 famílias;-55.390185;-10.090148
assentamento rural;PA JAPURANÃ;NOVA BANDEIRANTES;521.9;acima de 10 km;manso_capital;922;;922 famílias;-57.961005;-10.314731
assentamento rural;PA CACHIMBO II;PEIXOTO DE AZEVEDO;522.73;acima de 10 km;manso_capital;768;;768 famílias;-54.310975;-10.380496
assentamento rural;PDS NOVA CONQUISTA II;NOVO MUNDO;526.52;acima de 10 km;manso_capital;92;;92 famílias;-55.200067;-10.073892
assentamento rural;PA BARRA NORTE;NOVO MUNDO;527.81;acima de 10 km;manso_capital;70;;70 famílias;-55.418462;-10.019424
assentamento rural;PA PADOVANI;MATUPA;531.0;acima de 10 km;manso_capital;402;;402 famílias;-54.348361;-10.290491
assentamento rural;PA VALE DO AMANHECER;JURUENA;531.48;acima de 10 km;manso_capital;223;;223 famílias;-58.375673;-10.397674
assentamento rural;PA MONTE VERDE;NOVA MONTE VERDE;535.03;acima de 10 km;manso_capital;123;;123 famílias;-57.532604;-10.05298
assentamento rural;PA SÃO JOSÉ UNIÃO;PEIXOTO DE AZEVEDO;537.64;acima de 10 km;manso_capital;981;;981 famílias;-54.209953;-10.272721
assentamento rural;PA JAPURANOMANN;NOVA BANDEIRANTES;541.95;acima de 10 km;manso_capital;284;;284 famílias;-58.125308;-10.185138
assentamento rural;PA SÃO PEDRO;PARANAITA;545.01;acima de 10 km;manso_capital;772;;772 famílias;-56.657669;-9.810905
assentamento rural;PA MACIFE II;BOM JESUS DO ARAGUAIA;545.91;acima de 10 km;manso_capital;256;;256 famílias;-51.537218;-12.234982
assentamento rural;PA COTREL;NOVO MUNDO;547.14;acima de 10 km;manso_capital;121;;121 famílias;-55.045082;-9.91936
assentamento rural;PA SÃO JOSÉ;GUARANTA DO NORTE;548.66;acima de 10 km;manso_capital;109;;109 famílias;-54.663794;-10.013598
assentamento rural;PA ANTONIO SOARES;PEIXOTO DE AZEVEDO;549.97;acima de 10 km;manso_capital;94;;94 famílias;-53.741005;-10.33697
assentamento rural;PA SERRA NOVA I;BOM JESUS DO ARAGUAIA;552.79;acima de 10 km;manso_capital;43;;43 famílias;-51.503757;-12.172965
assentamento rural;PA SOMAPAR;JURUENA;555.17;acima de 10 km;manso_capital;0;;0 famílias;-58.779767;-10.367233
assentamento rural;PA CASTANHAL;NOVO MUNDO;555.25;acima de 10 km;manso_capital;22;;22 famílias;-55.108715;-9.829516
assentamento rural;PDS BORDOLÃNDIA;BOM JESUS DO ARAGUAIA;555.86;acima de 10 km;manso_capital;610;;610 famílias;-51.516056;-12.106078
assentamento rural;PA MACIFE;RIBEIRAO CASCALHEIRA;556.18;acima de 10 km;manso_capital;1166;;1166 famílias;-51.373919;-12.315801
assentamento rural;PA SÃO CRISTÓVÃO;GUARANTA DO NORTE;556.26;acima de 10 km;manso_capital;38;;38 famílias;-54.813378;-9.896077
assentamento rural;PA CACHOEIRA DA UNIÃO;GUARANTA DO NORTE;556.94;acima de 10 km;manso_capital;143;;143 famílias;-54.982141;-9.844199
assentamento rural;PA BRAÇO SUL;GUARANTA DO NORTE;559.06;acima de 10 km;manso_capital;1879;;1879 famílias;-54.850163;-9.859526
assentamento rural;PA AYMORÉ;SAO JOSE DO XINGU;560.84;acima de 10 km;manso_capital;68;;68 famílias;-52.773489;-10.778556
assentamento rural;PA VIDA NOVA II;PEIXOTO DE AZEVEDO;562.74;acima de 10 km;manso_capital;87;;87 famílias;-54.009725;-10.104073
assentamento rural;PA CRISTALINO II;NOVO MUNDO;563.4;acima de 10 km;manso_capital;41;;41 famílias;-55.083182;-9.760146
assentamento rural;PA YAMIN;SAO JOSE DO XINGU;563.95;acima de 10 km;manso_capital;94;;94 famílias;-52.668275;-10.820873
assentamento rural;PA ARAUNA II;NOVO MUNDO;566.71;acima de 10 km;manso_capital;32;;32 famílias;-55.199854;-9.704497
assentamento rural;PA CRISTALINO;NOVO MUNDO;566.85;acima de 10 km;manso_capital;44;;44 famílias;-55.068982;-9.731571
assentamento rural;PA BELA VISTA;NOVO MUNDO;568.82;acima de 10 km;manso_capital;101;;101 famílias;-54.997597;-9.730283
assentamento rural;PA PLANALTO DO IRIRI;PEIXOTO DE AZEVEDO;568.92;acima de 10 km;manso_capital;180;;180 famílias;-54.060169;-10.026882
assentamento rural;PA SERRA NOVA II;SERRA NOVA DOURADA;568.98;acima de 10 km;manso_capital;80;;80 famílias;-51.384138;-12.08787
assentamento rural;PA CRISTALINO - IV;NOVO MUNDO;569.15;acima de 10 km;manso_capital;18;;18 famílias;-55.068988;-9.710374
assentamento rural;PA TATUIBY;CANABRAVA DO NORTE;570.78;acima de 10 km;manso_capital;151;;151 famílias;-52.031565;-11.285121
assentamento rural;PA JURUENA;COTRIGUACU;571.4;acima de 10 km;manso_capital;476;;476 famílias;-58.333661;-9.984807
assentamento rural;PA RONCADOR;SERRA NOVA DOURADA;580.41;acima de 10 km;manso_capital;141;;141 famílias;-51.378228;-11.915731
assentamento rural;PA IRIRIZINHO;GUARANTA DO NORTE;580.62;acima de 10 km;manso_capital;72;;72 famílias;-54.371937;-9.811063
assentamento rural;PA ALIANÇA;NOVO MUNDO;580.73;acima de 10 km;manso_capital;21;;21 famílias;-55.058783;-9.605917
assentamento rural;PA ARAUNA;NOVO MUNDO;584.67;acima de 10 km;manso_capital;62;;62 famílias;-55.137869;-9.552466
assentamento rural;PA MÃE MARIA;ALTO BOA VISTA;589.38;acima de 10 km;manso_capital;499;;499 famílias;-51.487866;-11.637525
assentamento rural;PA HORIZONTE II;GUARANTA DO NORTE;589.7;acima de 10 km;manso_capital;72;;72 famílias;-54.871906;-9.568255
assentamento rural;PA BANDEIRANTES;ALTO BOA VISTA;594.72;acima de 10 km;manso_capital;127;;127 famílias;-51.361892;-11.720197
assentamento rural;PA MEDALHA MILAGROSA;ARIPUANA;595.49;acima de 10 km;manso_capital;187;;187 famílias;-59.169251;-10.17623
assentamento rural;PA UIRAPURU;PORTO ALEGRE DO NORTE;599.18;acima de 10 km;manso_capital;66;;66 famílias;-52.015819;-10.946972
assentamento rural;PA SANTO ANTONIO DA MATA AZUL;BOM JESUS DO ARAGUAIA;599.86;acima de 10 km;manso_capital;598;;598 famílias;-50.935052;-12.27546
assentamento rural;PA CANA BRAVA;CANABRAVA DO NORTE;600.36;acima de 10 km;manso_capital;451;;451 famílias;-51.816917;-11.122184
assentamento rural;PA LIBERDADE;PORTO ALEGRE DO NORTE;601.42;acima de 10 km;manso_capital;268;;268 famílias;-52.060141;-10.880112
assentamento rural;PA AZULONA GAMELEIRA;SAO FELIX DO ARAGUAIA;601.57;acima de 10 km;manso_capital;132;;132 famílias;-51.248738;-11.768023
assentamento rural;PA TABAJARA;CANABRAVA DO NORTE;603.43;acima de 10 km;manso_capital;57;;57 famílias;-51.719157;-11.182428
assentamento rural;PA MANAH;CANABRAVA DO NORTE;606.43;acima de 10 km;manso_capital;137;;137 famílias;-51.752317;-11.109605
assentamento rural;PA DOM PEDRO;SAO FELIX DO ARAGUAIA;607.09;acima de 10 km;manso_capital;459;;459 famílias;-51.416076;-11.472449
assentamento rural;PA MARGARIDA UNIÃO;CONFRESA;622.11;acima de 10 km;manso_capital;217;;217 famílias;-51.935123;-10.741784
assentamento rural;PA CARNAÚBA;SAO FELIX DO ARAGUAIA;622.58;acima de 10 km;manso_capital;101;;101 famílias;-51.037329;-11.736212
assentamento rural;PA SANTO ANTONIO DO FONTOURA I;CONFRESA;626.95;acima de 10 km;manso_capital;535;;535 famílias;-52.189968;-10.473204
assentamento rural;PA NATAL;COLNIZA;629.12;acima de 10 km;manso_capital;216;;216 famílias;-59.11649;-9.79347
assentamento rural;PA CHAPADINHA;SAO FELIX DO ARAGUAIA;631.85;acima de 10 km;manso_capital;127;;127 famílias;-51.043653;-11.584604
assentamento rural;PA ESCOL SUL;COLNIZA;637.16;acima de 10 km;manso_capital;452;;452 famílias;-59.206261;-9.761476
assentamento rural;PA JACARÉ VALENTE;CONFRESA;637.2;acima de 10 km;manso_capital;402;;402 famílias;-51.897335;-10.594245
assentamento rural;PA PIRACICABA;CONFRESA;637.71;acima de 10 km;manso_capital;215;;215 famílias;-51.649381;-10.814798
assentamento rural;PA FARTURA;CONFRESA;639.2;acima de 10 km;manso_capital;452;;452 famílias;-51.820003;-10.638198
assentamento rural;PA SANTO ANTONIO DO FONTOURA II;CONFRESA;646.01;acima de 10 km;manso_capital;92;;92 famílias;-52.050096;-10.364991
assentamento rural;PA SANTO ANTONIO DO FONTOURA III;CONFRESA;646.09;acima de 10 km;manso_capital;126;;126 famílias;-52.128237;-10.302876
assentamento rural;PA XAVANTE FIGURA A;CONFRESA;648.65;acima de 10 km;manso_capital;105;;105 famílias;-51.61555;-10.710655
assentamento rural;PA BRASIPAIVA;SAO JOSE DO XINGU;650.23;acima de 10 km;manso_capital;146;;146 famílias;-52.139613;-10.246968
assentamento rural;PA SÃO VICENTE;CONFRESA;650.89;acima de 10 km;manso_capital;365;;365 famílias;-51.924118;-10.410249
assentamento rural;PA LAGO DE PEDRA;SAO FELIX DO ARAGUAIA;651.98;acima de 10 km;manso_capital;45;;45 famílias;-50.858482;-11.529217
assentamento rural;PA OLARIA;SAO FELIX DO ARAGUAIA;654.83;acima de 10 km;manso_capital;45;;45 famílias;-50.70663;-11.701504
assentamento rural;PA COLNIZA-I;COLNIZA;657.96;acima de 10 km;manso_capital;966;;966 famílias;-59.057625;-9.46669
assentamento rural;PA INDEPENDENTE II;CONFRESA;665.09;acima de 10 km;manso_capital;111;;111 famílias;-51.654819;-10.473132
assentamento rural;PA NOVA COTRIGUAÇU;COTRIGUACU;667.33;acima de 10 km;manso_capital;1179;;1179 famílias;-58.937718;-9.312305
assentamento rural;PA INDEPENDENTE I;CONFRESA;667.46;acima de 10 km;manso_capital;290;;290 famílias;-51.508161;-10.578939
assentamento rural;PA COLNIZA - II;COLNIZA;668.9;acima de 10 km;manso_capital;90;;90 famílias;-59.226511;-9.445425
assentamento rural;PA CANTA GALO;CONFRESA;673.97;acima de 10 km;manso_capital;477;;477 famílias;-51.52166;-10.486127
assentamento rural;PA PERSEVERANÇA PACUTINGA;COLNIZA;676.96;acima de 10 km;manso_capital;317;;317 famílias;-59.221875;-9.360385
assentamento rural;PA SANTA CLARA;SANTA CRUZ DO XINGU;679.69;acima de 10 km;manso_capital;263;;263 famílias;-52.219343;-9.860668
assentamento rural;PA CONFRESA/RONCADOR;CONFRESA;683.72;acima de 10 km;manso_capital;1184;;1184 famílias;-51.541868;-10.349204
assentamento rural;PA PORTO ESPERANÇA;CONFRESA;693.41;acima de 10 km;manso_capital;61;;61 famílias;-51.328039;-10.427896
assentamento rural;PA BRIDÃO BRASILEIRO;CONFRESA;693.64;acima de 10 km;manso_capital;379;;379 famílias;-51.621536;-10.16184
assentamento rural;PA PORTO VELHO;SANTA TEREZINHA;721.59;acima de 10 km;manso_capital;166;;166 famílias;-50.870715;-10.529531
assentamento rural;PA ITAPORÃ DO NORTE;VILA RICA;722.73;acima de 10 km;manso_capital;158;;158 famílias;-51.298225;-10.096182
assentamento rural;PA REUNIDAS;SANTA TEREZINHA;726.12;acima de 10 km;manso_capital;240;;240 famílias;-50.899152;-10.440013
assentamento rural;PA SÃO JOSÉ DA VILA RICA;VILA RICA;733.08;acima de 10 km;manso_capital;152;;152 famílias;-51.064326;-10.186107
assentamento rural;PA SANTO ANTONIO DO BELEZA;VILA RICA;736.22;acima de 10 km;manso_capital;164;;164 famílias;-51.323122;-9.912866
assentamento rural;PA ARACATY;VILA RICA;741.27;acima de 10 km;manso_capital;43;;43 famílias;-51.170737;-9.986547
assentamento rural;PA IPE;VILA RICA;744.14;acima de 10 km;manso_capital;221;;221 famílias;-51.231373;-9.898269
assentamento rural;PA ALVORADA;VILA RICA;744.87;acima de 10 km;manso_capital;45;;45 famílias;-51.361673;-9.778548
assentamento rural;PA SÃO GABRIEL;VILA RICA;746.62;acima de 10 km;manso_capital;36;;36 famílias;-51.234432;-9.865946
assentamento rural;PA COLONIA BOM JESUS;VILA RICA;766.96;acima de 10 km;manso_capital;62;;62 famílias;-50.971533;-9.855508
assentamento rural;PA PRESIDENTE;SANTA TEREZINHA;773.23;acima de 10 km;manso_capital;309;;309 famílias;-50.502746;-10.242601
estabelecimento de saúde;PRONTO ATENDIMENTO BARAO DE MELGACO;Barão de Melgaço;0.06;até 2 km;jusante_capital;;Sim;atendimento hospitalar;-55.967703;-16.194646
estabelecimento de saúde;CENTRAL DE REGULACAO DE BARAO DE MELGACO;Barão de Melgaço;0.06;até 2 km;jusante_capital;;;sem atendimento hospitalar;-55.967864;-16.194822
estabelecimento de saúde;SECRETARIA MUNICIPAL DE SAUDE DE BARAO DE MELGACO;Barão de Melgaço;0.07;até 2 km;jusante_capital;;Não;sem atendimento hospitalar;-55.967657;-16.194752
estabelecimento de saúde;POSTO DE SAUDE DE PORTO BRANDAO;Barão de Melgaço;0.09;até 2 km;jusante_capital;;Não;sem atendimento hospitalar;-55.96693;-16.29658
estabelecimento de saúde;USF PASSAGEM DA CONCEICAO;Várzea Grande;0.16;até 2 km;manso_capital;;Não;sem atendimento hospitalar;-56.142832;-15.566545
estabelecimento de saúde;TRIUNFO;Cuiabá;0.19;até 2 km;manso_capital;;Não;sem atendimento hospitalar;-56.109162;-15.616104
estabelecimento de saúde;COGITARE CLINICA DE PSICOLOGIA;Cuiabá;0.2;até 2 km;jusante_capital;;Não;sem atendimento hospitalar;-55.966832;-16.195679
estabelecimento de saúde;LABORATORIO LPC;Barão de Melgaço;0.21;até 2 km;jusante_capital;;;sem atendimento hospitalar;-55.967418;-16.196441
estabelecimento de saúde;DROGARIA CONFIANCA;Barão de Melgaço;0.22;até 2 km;jusante_capital;;;sem atendimento hospitalar;-55.966526;-16.195494
estabelecimento de saúde;NUTROFLEX;Cuiabá;0.22;até 2 km;manso_capital;;Não;sem atendimento hospitalar;-56.113782;-15.619483
estabelecimento de saúde;LABORATORIO CARLOS CHAGAS UNIDADE BARAO DE MELGACO;Cuiabá;0.23;até 2 km;jusante_capital;;Não;sem atendimento hospitalar;-56.116949;-16.462899
estabelecimento de saúde;INSTITUTO CUIABANO DE NEUROLOGIA E NEUROCIRURGIA S C LTDA;Cuiabá;0.23;até 2 km;jusante_capital;;Não;sem atendimento hospitalar;-56.116949;-16.462899
estabelecimento de saúde;IGPA INSTITUTO DE GASTRO E PROCTOLOGIA AVANCADO;Cuiabá;0.23;até 2 km;jusante_capital;;Não;sem atendimento hospitalar;-56.116949;-16.462899
estabelecimento de saúde;LABVITTA;Barão de Melgaço;0.24;até 2 km;jusante_capital;;;sem atendimento hospitalar;-55.965385;-16.194559
estabelecimento de saúde;CER II CENTRO ESPECIALIZADO EM REABILITACAO;Várzea Grande;0.24;até 2 km;manso_capital;;Não;sem atendimento hospitalar;-56.116587;-15.62812
estabelecimento de saúde;FUNDACAO NOVA SUICA;Várzea Grande;0.24;até 2 km;manso_capital;;Não;sem atendimento hospitalar;-56.123614;-15.631799
estabelecimento de saúde;DROGARIA PRECO BAIXO;Barão de Melgaço;0.26;até 2 km;jusante_capital;;;sem atendimento hospitalar;-55.966766;-16.196436
estabelecimento de saúde;UDR EDGAR MARQUES DA SILVA;Barão de Melgaço;0.26;até 2 km;jusante_capital;;Não;sem atendimento hospitalar;-55.966013;-16.195576
estabelecimento de saúde;LABORATORIO MUNICIPAL DE BARAO DE MELGACO;Barão de Melgaço;0.26;até 2 km;jusante_capital;;Não;sem atendimento hospitalar;-55.966032;-16.195594
estabelecimento de saúde;COMPLEXO REGULADOR MUNICIPAL DE VARZEA GRANDE;Várzea Grande;0.26;até 2 km;manso_capital;;;sem atendimento hospitalar;-56.106913;-15.619613
estabelecimento de saúde;POSTO DE SAUDE DE ENGENHO;Acorizal;0.27;até 2 km;manso_capital;;Não;sem atendimento hospitalar;-56.414213;-15.155809
estabelecimento de saúde;LUNA MANIPULACAO E HOMEOPATIA;Cuiabá;0.31;até 2 km;manso_capital;;;sem atendimento hospitalar;-56.135252;-15.588845
estabelecimento de saúde;H FACES;Cuiabá;0.32;até 2 km;manso_capital;;Não;sem atendimento hospitalar;-56.109302;-15.614852
estabelecimento de saúde;MT HEMOCENTRO UNIDADE MOVEL II;Cuiabá;0.33;até 2 km;manso_capital;;Não;sem atendimento hospitalar;-56.109825;-15.614984
estabelecimento de saúde;MT HEMOCENTRO UNIDADE MOVEL III;Cuiabá;0.33;até 2 km;manso_capital;;Não;sem atendimento hospitalar;-56.109825;-15.614984
estabelecimento de saúde;MT HEMOCENTRO UNIDADE MOVEL I;Cuiabá;0.33;até 2 km;manso_capital;;Não;sem atendimento hospitalar;-56.110013;-15.615181
estabelecimento de saúde;CENTRO DE SAUDE DA FAMILIA BARAO DE MELGACO PSF URBANO;Barão de Melgaço;0.34;até 2 km;jusante_capital;;Não;sem atendimento hospitalar;-55.968046;-16.199159
estabelecimento de saúde;FARMACIA BASICA;Barão de Melgaço;0.36;até 2 km;jusante_capital;;Não;sem atendimento hospitalar;-55.967724;-16.199056
estabelecimento de saúde;UNIDADE DE SAUDE DA FAMILIA RIBEIRINHO;Barão de Melgaço;0.36;até 2 km;jusante_capital;;Não;sem atendimento hospitalar;-55.967858;-16.199205
estabelecimento de saúde;SHC;Cuiabá;0.38;até 2 km;manso_capital;;Não;sem atendimento hospitalar;-56.099982;-15.616667
estabelecimento de saúde;SECRETARIA MUNICIPAL DE SAUDE DE VARZEA GRANDE;Várzea Grande;0.4;até 2 km;manso_capital;;Não;sem atendimento hospitalar;-56.111276;-15.624783
estabelecimento de saúde;SOLEV ESPACO TERAPEUTICO DA MULHER;Cuiabá;0.41;até 2 km;manso_capital;;Não;sem atendimento hospitalar;-56.133964;-15.608321
estabelecimento de saúde;TELESSAUDE VG;Várzea Grande;0.44;até 2 km;manso_capital;;;sem atendimento hospitalar;-56.11078;-15.624801
estabelecimento de saúde;C C G E;Cuiabá;0.46;até 2 km;manso_capital;;Não;sem atendimento hospitalar;-56.080125;-15.630182
estabelecimento de saúde;CENTRO DE CONV PARA IDOSOS PADRE FIRMO DUARTE;Cuiabá;0.46;até 2 km;manso_capital;;Não;sem atendimento hospitalar;-56.101875;-15.614268
estabelecimento de saúde;REABRINCARTE;Cuiabá;0.49;até 2 km;manso_capital;;Não;sem atendimento hospitalar;-56.119547;-15.621359
estabelecimento de saúde;FEB SAUDE;Várzea Grande;0.49;até 2 km;manso_capital;;Não;sem atendimento hospitalar;-56.112456;-15.626963
estabelecimento de saúde;NUTRI CARE;Cuiabá;0.5;até 2 km;manso_capital;;Não;sem atendimento hospitalar;-56.119586;-15.621267
estabelecimento de saúde;EMULTI;Santo Antônio de Leverger;0.5;até 2 km;jusante_capital;;;sem atendimento hospitalar;-56.07615;-15.86806
estabelecimento de saúde;USF JARDIM SANTA AMALIA;Cuiabá;0.51;até 2 km;manso_capital;;Não;sem atendimento hospitalar;-56.139021;-15.595559
estabelecimento de saúde;CENTRAL DE REGULACAO DE SANTO ANTONIO DO LEVERGER;Santo Antônio de Leverger;0.53;até 2 km;jusante_capital;;;sem atendimento hospitalar;-56.076412;-15.867541
estabelecimento de saúde;USF CONSTRUMAT GONCALO GOMES DA SILVA;Várzea Grande;0.53;até 2 km;manso_capital;;Não;sem atendimento hospitalar;-56.104656;-15.623522
estabelecimento de saúde;IONG;Cuiabá;0.54;até 2 km;manso_capital;;Não;sem atendimento hospitalar;-56.107391;-15.612377
estabelecimento de saúde;COMUNIQUE DESENVOLVIMENTO INFANTIL ESPECIALIZADA EM ABA;Várzea Grande;0.56;até 2 km;manso_capital;;Não;sem atendimento hospitalar;-56.111787;-15.627189
estabelecimento de saúde;SECRETARIA MUNICIPAL DE SAUDE DE ACORIZAL;Acorizal;0.58;até 2 km;manso_capital;;;sem atendimento hospitalar;-56.365951;-15.200056
estabelecimento de saúde;DROGARIA ACORIZAL;Acorizal;0.59;até 2 km;manso_capital;;Não;sem atendimento hospitalar;-56.36823;-15.19913
estabelecimento de saúde;DROGARIA FARMALIDER;Acorizal;0.59;até 2 km;manso_capital;;Não;sem atendimento hospitalar;-56.367934;-15.199245
estabelecimento de saúde;CLINICA ODONTOLOGICA VERDAO;Cuiabá;0.59;até 2 km;manso_capital;;Não;sem atendimento hospitalar;-56.133993;-15.604163
estabelecimento de saúde;PRFC FONOAUDIOLOGIA;Cuiabá;0.61;até 2 km;manso_capital;;Não;sem atendimento hospitalar;-56.131316;-15.615887
estabelecimento de saúde;SAMU 192 VARZEA GRANDE USB GMAU 02 MOTO 1;Várzea Grande;0.61;até 2 km;manso_capital;;;sem atendimento hospitalar;-56.117447;-15.633204
estabelecimento de saúde;SAMU 192 VARZEA GRANDE USB GMAU 02 MOTO 2;Várzea Grande;0.61;até 2 km;manso_capital;;;sem atendimento hospitalar;-56.117426;-15.633214
estabelecimento de saúde;FARMACIA BASICA;Acorizal;0.62;até 2 km;manso_capital;;;sem atendimento hospitalar;-56.366027;-15.199636
estabelecimento de saúde;SORRIR MAIS CONSULTORIO ODONTOLOGICO;Acorizal;0.62;até 2 km;manso_capital;;Não;sem atendimento hospitalar;-56.364259;-15.200502
estabelecimento de saúde;UDR ACORIZAL IRINEU JOSE DE ARRUDA;Acorizal;0.62;até 2 km;manso_capital;;Não;sem atendimento hospitalar;-56.36557;-15.19983
estabelecimento de saúde;LABORATORIO MUNICIPAL DE ACORIZAL;Acorizal;0.62;até 2 km;manso_capital;;Não;sem atendimento hospitalar;-56.365937;-15.199678
estabelecimento de saúde;CENTRO DE TRIAGEM E ATENDIMENTO PARA SIMDROME GRIPAL COVID1;Santo Antônio de Leverger;0.62;até 2 km;jusante_capital;;Sim;atendimento hospitalar;-56.077;-15.866
estabelecimento de saúde;CENTRO DE SAUDE DE ACORIZAL;Acorizal;0.63;até 2 km;manso_capital;;Não;sem atendimento hospitalar;-56.36567;-15.19972
estabelecimento de saúde;CLINICA INTEGRADA UNIVAG;Várzea Grande;0.63;até 2 km;manso_capital;;Não;sem atendimento hospitalar;-56.111829;-15.628164
estabelecimento de saúde;USF CIDADE VERDE;Cuiabá;0.65;até 2 km;manso_capital;;Não;sem atendimento hospitalar;-56.131943;-15.610874
estabelecimento de saúde;CLINICA ODONTOLOGICA DOM AQUINO;Cuiabá;0.65;até 2 km;manso_capital;;Não;sem atendimento hospitalar;-56.102147;-15.612178
estabelecimento de saúde;DALVANI ELIAS DORN;Cuiabá;0.65;até 2 km;manso_capital;;Não;sem atendimento hospitalar;-56.084446;-15.624997
estabelecimento de saúde;TECNOLAB SERVICOS DE DIAGNOSTICO DE IMAGEM;Várzea Grande;0.65;até 2 km;manso_capital;;;sem atendimento hospitalar;-56.111405;-15.628038
estabelecimento de saúde;CENTRAL DE REGULACAO ACORIZAL;Acorizal;0.66;até 2 km;manso_capital;;;sem atendimento hospitalar;-56.363822;-15.200297
estabelecimento de saúde;POSTO DE COLETA UNIDADE CRISTO REI;Várzea Grande;0.66;até 2 km;manso_capital;;Não;sem atendimento hospitalar;-56.111807;-15.62859
estabelecimento de saúde;ARITUSA LEITE NOBREGA;Várzea Grande;0.67;até 2 km;manso_capital;;Não;sem atendimento hospitalar;-56.081042;-15.626901
estabelecimento de saúde;IAPCC;Cuiabá;0.68;até 2 km;manso_capital;;Não;sem atendimento hospitalar;-56.119816;-15.61909
estabelecimento de saúde;SHEILA HORST DUQUE GRIPP;Cuiabá;0.68;até 2 km;manso_capital;;Não;sem atendimento hospitalar;-56.131764;-15.606619
estabelecimento de saúde;CLINICA PAIS E FILHOS S C LTDA;Cuiabá;0.69;até 2 km;manso_capital;;Não;sem atendimento hospitalar;-56.120069;-15.619264
estabelecimento de saúde;DENTE FELIZ;Várzea Grande;0.69;até 2 km;manso_capital;;Não;sem atendimento hospitalar;-56.111604;-15.628767
estabelecimento de saúde;CLINICA ESPECIALIZADA EM OFTALMOLOGIA VARZEA GRANDE;Várzea Grande;0.69;até 2 km;manso_capital;;Não;sem atendimento hospitalar;-56.080895;-15.626873
estabelecimento de saúde;JEANE FERNANDA DE OLIVEIRA PEREIRA;Várzea Grande;0.69;até 2 km;manso_capital;;Não;sem atendimento hospitalar;-56.080895;-15.626873
estabelecimento de saúde;LABORATORIO SAO JOSE;Rosário Oeste;0.7;até 2 km;manso_capital;;Não;sem atendimento hospitalar;-56.427948;-14.83604
estabelecimento de saúde;FARMACIA MUNICIPAL DE ROSARIO OESTE;Rosário Oeste;0.7;até 2 km;manso_capital;;;sem atendimento hospitalar;-56.427884;-14.835977
estabelecimento de saúde;VITA EMERGENCIAS MEDICAS;Cuiabá;0.71;até 2 km;manso_capital;;Não;sem atendimento hospitalar;-56.077787;-15.629288
estabelecimento de saúde;USF SANTA ISABEL;Cuiabá;0.71;até 2 km;manso_capital;;Não;sem atendimento hospitalar;-56.132864;-15.60393
estabelecimento de saúde;CENTRO DE DISTRIBUICAO DE MEDICAMENTO;Santo Antônio de Leverger;0.71;até 2 km;jusante_capital;;Não;sem atendimento hospitalar;-56.076235;-15.865553
estabelecimento de saúde;USF CRISTO REI VITOR MARQUES PEREIRA MALHEIROS;Várzea Grande;0.71;até 2 km;manso_capital;;Não;sem atendimento hospitalar;-56.111742;-15.629089
estabelecimento de saúde;VIGILANCIA EM SAUDE DE ROSARIO OESTE;Rosário Oeste;0.72;até 2 km;manso_capital;;;sem atendimento hospitalar;-56.428142;-14.835977
estabelecimento de saúde;ESPACO SAUDE;Rosário Oeste;0.72;até 2 km;manso_capital;;Não;sem atendimento hospitalar;-56.428034;-14.835894
estabelecimento de saúde;UNIDADE DE COLETA DE SANGUE;Várzea Grande;0.72;até 2 km;manso_capital;;Não;sem atendimento hospitalar;-56.113212;-15.630975
estabelecimento de saúde;INSTITUTO DO SONO DE MATO GROSSO;Cuiabá;0.73;até 2 km;manso_capital;;Não;sem atendimento hospitalar;-56.118099;-15.616969
estabelecimento de saúde;UNIDADE DE SAUDE DA FAMILIA BAUXI;Rosário Oeste;0.73;até 2 km;manso_capital;;Não;sem atendimento hospitalar;-56.428206;-14.835915
estabelecimento de saúde;CONSULTORIO NA RUA LUZ;Cuiabá;0.74;até 2 km;manso_capital;;Não;sem atendimento hospitalar;-56.098546;-15.613585
estabelecimento de saúde;ROSIN CLINICA DE PSICOLOGIA;Cuiabá;0.74;até 2 km;manso_capital;;Não;sem atendimento hospitalar;-56.129265;-15.617483
estabelecimento de saúde;CONSULTORIO NA RUA NOVO AMANHECER;Cuiabá;0.74;até 2 km;manso_capital;;Não;sem atendimento hospitalar;-56.098548;-15.613588
estabelecimento de saúde;POSTO DE SAUDE DE ENGENHO VELHO;Santo Antônio de Leverger;0.74;até 2 km;jusante_capital;;Não;sem atendimento hospitalar;-56.077094;-15.864694
estabelecimento de saúde;USF ANA POUPINA;Cuiabá;0.75;até 2 km;manso_capital;;Não;sem atendimento hospitalar;-56.09858;-15.613364
estabelecimento de saúde;LAURA BEU CARVALHO MAGALHARES;Cuiabá;0.76;até 2 km;manso_capital;;Não;sem atendimento hospitalar;-56.129532;-15.616452
estabelecimento de saúde;VANIA DE MELO VIANA ME;Cuiabá;0.76;até 2 km;manso_capital;;Não;sem atendimento hospitalar;-56.127735;-15.586458
estabelecimento de saúde;IRACEMA MARIA DE QUEIROZ;Cuiabá;0.77;até 2 km;manso_capital;;Não;sem atendimento hospitalar;-56.128195;-15.587257
estabelecimento de saúde;LAUZAMAR ROGE SALOMAO JUNIOR;Cuiabá;0.77;até 2 km;manso_capital;;Não;sem atendimento hospitalar;-56.128108;-15.587199
estabelecimento de saúde;JOAO JOSE AIDAMUS DE LAMONICA FREIRE;Cuiabá;0.78;até 2 km;manso_capital;;Não;sem atendimento hospitalar;-56.128;-15.587214
estabelecimento de saúde;LUCIANA OSSI RIBEIRO;Cuiabá;0.78;até 2 km;manso_capital;;Não;sem atendimento hospitalar;-56.128063;-15.587234
estabelecimento de saúde;MARIA TERESA MARRANGHELLO MALUF;Cuiabá;0.78;até 2 km;manso_capital;;Não;sem atendimento hospitalar;-56.128075;-15.587219
estabelecimento de saúde;LUCIANA TIEMI TAKASHIMA;Cuiabá;0.78;até 2 km;manso_capital;;Não;sem atendimento hospitalar;-56.104999;-15.610194
estabelecimento de saúde;FERNANDO WALLACE SERVIO RONDON CIA LTDA;Cuiabá;0.79;até 2 km;manso_capital;;Não;sem atendimento hospitalar;-56.13188;-15.603984
estabelecimento de saúde;CAPS AD ADOLESCER;Cuiabá;0.79;até 2 km;manso_capital;;Não;sem atendimento hospitalar;-56.089046;-15.620984
estabelecimento de saúde;POSTO DE SAUDE BARREIRINHO;Santo Antônio de Leverger;0.79;até 2 km;jusante_capital;;Não;sem atendimento hospitalar;-56.076729;-15.864343
estabelecimento de saúde;CLINICA SPECIALI;Cuiabá;0.81;até 2 km;manso_capital;;Não;sem atendimento hospitalar;-56.105316;-15.60987
estabelecimento de saúde;HOSPITAL GERAL E MATERNIDADE DE CUIABA;Cuiabá;0.82;até 2 km;manso_capital;;Sim;atendimento hospitalar;-56.105346;-15.609857
estabelecimento de saúde;ULTRACLIN;Cuiabá;0.83;até 2 km;manso_capital;;;sem atendimento hospitalar;-56.113228;-15.611846
estabelecimento de saúde;INTER CLINICA DE PSICOLOGIA E NEUROPSICOLOGIA INTEGRADA;Várzea Grande;0.83;até 2 km;manso_capital;;Não;sem atendimento hospitalar;-56.114849;-15.633831
estabelecimento de saúde;RAIZES DO SABER;Cuiabá;0.84;até 2 km;manso_capital;;Não;sem atendimento hospitalar;-56.092449;-15.617308
estabelecimento de saúde;ALEIXO GLADKI PETRENKO JUNIOR;Cuiabá;0.84;até 2 km;manso_capital;;Não;sem atendimento hospitalar;-56.108191;-15.609775
estabelecimento de saúde;ASSOCIACAO PESTALOZZI DE CUIABA;Cuiabá;0.84;até 2 km;manso_capital;;Não;sem atendimento hospitalar;-56.076191;-15.629472
estabelecimento de saúde;RONEY CAMPOS GRANJEIRO;Cuiabá;0.85;até 2 km;manso_capital;;Não;sem atendimento hospitalar;-56.113459;-15.632899
estabelecimento de saúde;SECRETARIA MUNICIPAL DE SANTO ANTONIO DO LEVERGER;Santo Antônio de Leverger;0.85;até 2 km;jusante_capital;;Não;sem atendimento hospitalar;-56.08144;-15.86073
estabelecimento de saúde;HOSPITAL UNIMED CUIABA;Cuiabá;0.87;até 2 km;jusante_capital;;Sim;atendimento hospitalar;-56.074339;-15.86521
estabelecimento de saúde;ONCOMED;Cuiabá;0.88;até 2 km;manso_capital;;Não;sem atendimento hospitalar;-56.113744;-15.611666
estabelecimento de saúde;GLAUCE LINS BARBOSA MORAES;Cuiabá;0.89;até 2 km;manso_capital;;Não;sem atendimento hospitalar;-56.085501;-15.622037
estabelecimento de saúde;INSTITUTO DA VISAO CUIABA;Cuiabá;0.89;até 2 km;manso_capital;;Não;sem atendimento hospitalar;-56.111605;-15.610173
estabelecimento de saúde;DROGARAIA DS1378;Várzea Grande;0.89;até 2 km;jusante_capital;;Não;sem atendimento hospitalar;-56.080043;-15.6705
estabelecimento de saúde;RAMILSON BENEDITO FERRAZ DA COSTA;Várzea Grande;0.89;até 2 km;manso_capital;;Não;sem atendimento hospitalar;-56.110181;-15.629854
estabelecimento de saúde;BERTHOLDO MODESTO PARANAGUA;Cuiabá;0.9;até 2 km;manso_capital;;Não;sem atendimento hospitalar;-56.104788;-15.609182
estabelecimento de saúde;JULIANA PAULA LOUZICH COELHO VACCARI;Cuiabá;0.9;até 2 km;manso_capital;;Não;sem atendimento hospitalar;-56.111659;-15.610103
estabelecimento de saúde;QUALIFIC HOMECARE;Cuiabá;0.91;até 2 km;manso_capital;;Não;sem atendimento hospitalar;-56.091178;-15.617673
estabelecimento de saúde;QUALIFIC HOME CARE;Cuiabá;0.91;até 2 km;manso_capital;;Não;sem atendimento hospitalar;-56.090343;-15.618524
estabelecimento de saúde;ESTIMULE BRINCANDO DESENVOLVIMENTO INFANTIL;Cuiabá;0.91;até 2 km;manso_capital;;Não;sem atendimento hospitalar;-56.09034;-15.618467
estabelecimento de saúde;LUCIA HELENA BARBOZA SAMPAIO;Cuiabá;0.91;até 2 km;manso_capital;;Não;sem atendimento hospitalar;-56.112299;-15.610355
estabelecimento de saúde;CLINICA GIRASSOIS;Cuiabá;0.92;até 2 km;manso_capital;;Não;sem atendimento hospitalar;-56.085454;-15.621765
estabelecimento de saúde;CLIN MED;Cuiabá;0.92;até 2 km;manso_capital;;Não;sem atendimento hospitalar;-56.083438;-15.622748
estabelecimento de saúde;CLINICA AMEVISAO;Cuiabá;0.92;até 2 km;jusante_capital;;Não;sem atendimento hospitalar;-56.07827;-15.861916
estabelecimento de saúde;CRISTINA REIS GAMA DORNELLES;Cuiabá;0.92;até 2 km;manso_capital;;Não;sem atendimento hospitalar;-56.083416;-15.622756
estabelecimento de saúde;CLINIPRESS;Rosário Oeste;0.92;até 2 km;manso_capital;;Não;sem atendimento hospitalar;-56.429511;-14.834727
estabelecimento de saúde;COG;Cuiabá;0.93;até 2 km;jusante_capital;;Não;sem atendimento hospitalar;-56.07824;-15.861897
estabelecimento de saúde;ORTHOS CUIABA ORTOPEDIA ESPECIALIZADA;Cuiabá;0.93;até 2 km;manso_capital;;Não;sem atendimento hospitalar;-56.112303;-15.610109
estabelecimento de saúde;USF LIMPO GRANDE;Várzea Grande;0.93;até 2 km;manso_capital;;Não;sem atendimento hospitalar;-56.14495;-15.582329
estabelecimento de saúde;MAEVE FISIOTERAPIA E MEDICINA ORIENTAL;Cuiabá;0.94;até 2 km;manso_capital;;Não;sem atendimento hospitalar;-56.074252;-15.630653
estabelecimento de saúde;VACINA PRA TODOS;Cuiabá;0.95;até 2 km;manso_capital;;Não;sem atendimento hospitalar;-56.083389;-15.622454
estabelecimento de saúde;LACEC;Cuiabá;0.95;até 2 km;manso_capital;;Não;sem atendimento hospitalar;-56.081077;-15.623855
estabelecimento de saúde;A L CLINICA MEDICA;Cuiabá;0.95;até 2 km;manso_capital;;Não;sem atendimento hospitalar;-56.083096;-15.622627
estabelecimento de saúde;ODONTO BM;Cuiabá;0.95;até 2 km;manso_capital;;Não;sem atendimento hospitalar;-56.100397;-15.610034
estabelecimento de saúde;SERVIO CLIN;Rosário Oeste;0.95;até 2 km;manso_capital;;;sem atendimento hospitalar;-56.4293;-14.834235
estabelecimento de saúde;UNIDADE DE SAUDE DA FAMILIA EAP;Santo Antônio de Leverger;0.95;até 2 km;jusante_capital;;Não;sem atendimento hospitalar;-56.071222;-15.866767
estabelecimento de saúde;ESF MANOEL JULIO PEDROSO;Santo Antônio de Leverger;0.95;até 2 km;jusante_capital;;Não;sem atendimento hospitalar;-56.071193;-15.866705
estabelecimento de saúde;USF AURILIA SALES CURVO JD UNIAO;Várzea Grande;0.95;até 2 km;manso_capital;;Não;sem atendimento hospitalar;-56.084719;-15.645708
estabelecimento de saúde;USF SANTA ISABEL III;Cuiabá;0.96;até 2 km;manso_capital;;Não;sem atendimento hospitalar;-56.130135;-15.603783
estabelecimento de saúde;USF SANTA ISABEL II;Cuiabá;0.96;até 2 km;manso_capital;;Não;sem atendimento hospitalar;-56.130135;-15.603783
estabelecimento de saúde;LABORATORIO SANTA HELENA LTDA;Cuiabá;0.96;até 2 km;manso_capital;;;sem atendimento hospitalar;-56.429142;-14.833972
estabelecimento de saúde;CENTRO HARMONIA MUSICOTERAPIA ESPECIALIZADA;Cuiabá;0.96;até 2 km;manso_capital;;Não;sem atendimento hospitalar;-56.434292;-14.838635
estabelecimento de saúde;ENORI JUNGES;Cuiabá;0.96;até 2 km;manso_capital;;Não;sem atendimento hospitalar;-56.130135;-15.603783
estabelecimento de saúde;CONSULTORIO DR ANTONIO;Cuiabá;0.96;até 2 km;manso_capital;;Não;sem atendimento hospitalar;-56.104552;-15.608629
estabelecimento de saúde;CLINICA SAO LUCAS;Rosário Oeste;0.96;até 2 km;manso_capital;;Não;sem atendimento hospitalar;-56.428704;-14.83373
estabelecimento de saúde;HOSPITAL MUNICIPAL DE ROSARIO OESTE;Rosário Oeste;0.96;até 2 km;manso_capital;;Sim;atendimento hospitalar;-56.429142;-14.833972
estabelecimento de saúde;LABORATORIO POPULAR BEM ESTAR;Rosário Oeste;0.96;até 2 km;manso_capital;;Não;sem atendimento hospitalar;-56.429764;-14.834438
estabelecimento de saúde;SAMU 192 ROSARIO OESTE;Rosário Oeste;0.96;até 2 km;manso_capital;;;sem atendimento hospitalar;-56.429142;-14.833972
estabelecimento de saúde;REDE DE FRIO MUNICIPAL;Santo Antônio de Leverger;0.96;até 2 km;jusante_capital;;Não;sem atendimento hospitalar;-56.071107;-15.866708
estabelecimento de saúde;FONOCLIN;Cuiabá;0.97;até 2 km;manso_capital;;Não;sem atendimento hospitalar;-56.083043;-15.622417
estabelecimento de saúde;INSTITUTO CARVALHO MEDICINA INTEGRADA LTDA;Cuiabá;0.98;até 2 km;manso_capital;;Não;sem atendimento hospitalar;-56.074636;-15.629509
estabelecimento de saúde;QUECADA ODONTOLOGIA;Cuiabá;0.98;até 2 km;manso_capital;;Não;sem atendimento hospitalar;-56.087373;-15.62003
estabelecimento de saúde;CRECHE CAMINHO REDENTOR;Cuiabá;0.98;até 2 km;manso_capital;;Não;sem atendimento hospitalar;-56.133;-15.595138
estabelecimento de saúde;EXPECTA SERVICOS EM MEDICINA PREVENTIVA;Cuiabá;0.99;até 2 km;manso_capital;;Não;sem atendimento hospitalar;-56.089303;-15.618489
estabelecimento de saúde;ANA THEREZA DE SABOIA CAMPOS NEVES;Cuiabá;0.99;até 2 km;manso_capital;;Não;sem atendimento hospitalar;-56.128629;-15.610073
estabelecimento de saúde;MAFRA ODONTOLOGIA;Cuiabá;1.0;até 2 km;manso_capital;;Não;sem atendimento hospitalar;-56.087334;-15.619876
estabelecimento de saúde;USF NOVO TERCEIRO;Cuiabá;1.0;até 2 km;manso_capital;;Não;sem atendimento hospitalar;-56.128253;-15.613821
estabelecimento de saúde;NAIARA BRAS COSTA;Cuiabá;1.0;até 2 km;manso_capital;;Não;sem atendimento hospitalar;-56.074132;-15.629954
estabelecimento de saúde;EQUIPE MEDICA E SEGURANCA DO TRABALHO;Cuiabá;1.0;até 2 km;manso_capital;;Não;sem atendimento hospitalar;-56.101611;-15.608964
estabelecimento de saúde;L P C LABORATORIO DE PATOLOGIA CLINICA;Cuiabá;1.01;até 2 km;manso_capital;;Não;sem atendimento hospitalar;-56.126914;-15.616578
estabelecimento de saúde;SESI SST CUIABA;Cuiabá;1.01;até 2 km;manso_capital;;Não;sem atendimento hospitalar;-56.101532;-15.608916
estabelecimento de saúde;UNIDADE MULTIDISCIPLINAR DE TERAPIAS ESPECIAIS E FISIOT;Cuiabá;1.02;até 2 km;manso_capital;;Não;sem atendimento hospitalar;-56.105283;-15.608042
estabelecimento de saúde;CENTRO DE ESPECIALIDADES MEDICAS DO PLANALTO;Cuiabá;1.03;até 2 km;manso_capital;;Não;sem atendimento hospitalar;-56.130069;-15.602678
estabelecimento de saúde;CRP;Cuiabá;1.03;até 2 km;manso_capital;;Não;sem atendimento hospitalar;-56.128427;-15.606561
estabelecimento de saúde;MEDICINA NUCLEAR;Cuiabá;1.04;até 2 km;manso_capital;;Não;sem atendimento hospitalar;-56.099389;-15.609625
estabelecimento de saúde;ODONTOFISIO;Cuiabá;1.05;até 2 km;manso_capital;;Não;sem atendimento hospitalar;-56.12312;-15.6177
estabelecimento de saúde;CONSULTORIO MEDICO RICHARD PEROTO;Santo Antônio de Leverger;1.05;até 2 km;jusante_capital;;Não;sem atendimento hospitalar;-56.07251;-15.86447
estabelecimento de saúde;JANAINA BARBOSA SCARAMAL;Cuiabá;1.06;até 2 km;manso_capital;;Não;sem atendimento hospitalar;-56.090709;-15.616246
estabelecimento de saúde;PET CT IMN;Cuiabá;1.06;até 2 km;manso_capital;;Não;sem atendimento hospitalar;-56.099313;-15.609416
estabelecimento de saúde;PLENITUDE;Cuiabá;1.07;até 2 km;manso_capital;;Não;sem atendimento hospitalar;-56.106833;-15.607504
estabelecimento de saúde;CENTRO INTEGRADO PLENITUDE CIP;Cuiabá;1.07;até 2 km;manso_capital;;Não;sem atendimento hospitalar;-56.106601;-15.607496
estabelecimento de saúde;LUCIANO DE FRANCA CASTRO;Cuiabá;1.07;até 2 km;manso_capital;;Não;sem atendimento hospitalar;-56.085278;-15.620331
estabelecimento de saúde;VIP SAUDE;Cuiabá;1.07;até 2 km;manso_capital;;Não;sem atendimento hospitalar;-56.12312;-15.617452
estabelecimento de saúde;BEM VIVER;Cuiabá;1.07;até 2 km;manso_capital;;Não;sem atendimento hospitalar;-56.126607;-15.568884
estabelecimento de saúde;CENTRO DE REFERENCIA DE ROSARIO OESTE;Rosário Oeste;1.07;até 2 km;manso_capital;;Não;sem atendimento hospitalar;-56.428506;-14.832244
estabelecimento de saúde;F C R D A C UNIDADE DR HORLLANDO SOUZA CAMPOS;Rosário Oeste;1.07;até 2 km;manso_capital;;Não;sem atendimento hospitalar;-56.428592;-14.832347
estabelecimento de saúde;CENTRO DE ESPECIALIDADES MEDICAS DE ROSARIO OESTE;Rosário Oeste;1.07;até 2 km;manso_capital;;Não;sem atendimento hospitalar;-56.428592;-14.832285
estabelecimento de saúde;MICHELE HANNA JORGE;Cuiabá;1.09;até 2 km;manso_capital;;Não;sem atendimento hospitalar;-56.12648;-15.615585
estabelecimento de saúde;MADY CLIN;Cuiabá;1.09;até 2 km;manso_capital;;Não;sem atendimento hospitalar;-56.126291;-15.616069
estabelecimento de saúde;PSICOEQUIDADE PSICOLOGIA E EQUIDADE;Cuiabá;1.09;até 2 km;manso_capital;;Não;sem atendimento hospitalar;-56.075899;-15.626198
estabelecimento de saúde;E MULTI;Rosário Oeste;1.09;até 2 km;manso_capital;;Não;sem atendimento hospitalar;-56.428579;-14.832114
estabelecimento de saúde;CENTRAL DE VAGAS DE ROSARIO OESTE;Rosário Oeste;1.09;até 2 km;manso_capital;;;sem atendimento hospitalar;-56.428635;-14.832119
estabelecimento de saúde;UNIDADE DE SAUDE DA FAMILIA RURAL IRMA ELISA;Rosário Oeste;1.09;até 2 km;manso_capital;;Não;sem atendimento hospitalar;-56.428818;-14.832306
estabelecimento de saúde;NAVIS NUCLEO DE ATENDIMENTO A VITIMA VIOLENCIA SEXUAL;Várzea Grande;1.09;até 2 km;jusante_capital;;Não;sem atendimento hospitalar;-56.113435;-15.683155
estabelecimento de saúde;CLINICA DE SAUDE;Várzea Grande;1.09;até 2 km;jusante_capital;;Não;sem atendimento hospitalar;-56.112083;-15.682266
estabelecimento de saúde;SERVICO DE ASSISTENCIA ESPECIALIZADA SAE CTA;Várzea Grande;1.09;até 2 km;jusante_capital;;Não;sem atendimento hospitalar;-56.113435;-15.683155
estabelecimento de saúde;DROGARIA NOVA;Cuiabá;1.1;até 2 km;manso_capital;;;sem atendimento hospitalar;-56.124118;-15.575422
estabelecimento de saúde;CLINICA MONTE CARE;Cuiabá;1.1;até 2 km;manso_capital;;Não;sem atendimento hospitalar;-56.125468;-15.588736
estabelecimento de saúde;GRAZIELLA SCALABRIN DA SILVA;Cuiabá;1.1;até 2 km;manso_capital;;Não;sem atendimento hospitalar;-56.126247;-15.616041
estabelecimento de saúde;HELMA ROSA DE SOUZA;Cuiabá;1.1;até 2 km;manso_capital;;Não;sem atendimento hospitalar;-56.126284;-15.61581
estabelecimento de saúde;OLAVO DORILEO VIEIRA;Várzea Grande;1.1;até 2 km;manso_capital;;Não;sem atendimento hospitalar;-56.136789;-15.637006
estabelecimento de saúde;UROCLINICA;Cuiabá;1.12;até 2 km;manso_capital;;Não;sem atendimento hospitalar;-56.126316;-15.568589
estabelecimento de saúde;LABORSAN ANALISES LABORATORIAIS;Várzea Grande;1.12;até 2 km;manso_capital;;Não;sem atendimento hospitalar;-56.109375;-15.632138
estabelecimento de saúde;UNIDADE DE SAUDE DO SISTEMA PRISIONAL DE VARZEA GRANDE;Várzea Grande;1.12;até 2 km;jusante_capital;;Não;sem atendimento hospitalar;-56.081735;-15.673938
estabelecimento de saúde;USF PRAEIRO;Cuiabá;1.13;até 2 km;manso_capital;;Não;sem atendimento hospitalar;-56.080907;-15.621977
estabelecimento de saúde;EQUOTERAPIA RANCHO DOURADO;Cuiabá;1.14;até 2 km;manso_capital;;Não;sem atendimento hospitalar;-56.125357;-15.616971
estabelecimento de saúde;CLINICA ESCALADA;Cuiabá;1.14;até 2 km;manso_capital;;Não;sem atendimento hospitalar;-56.08538;-15.619586
estabelecimento de saúde;LALESCA MORAES MARTINS FERNANDES;Cuiabá;1.15;até 2 km;manso_capital;;Não;sem atendimento hospitalar;-56.12645;-15.590664
estabelecimento de saúde;ELKE DELFINO ACUPUNTURA;Cuiabá;1.15;até 2 km;manso_capital;;Não;sem atendimento hospitalar;-56.124084;-15.587426
estabelecimento de saúde;SANDRA MARIA SILVA LEITE SAKATA;Cuiabá;1.16;até 2 km;manso_capital;;Não;sem atendimento hospitalar;-56.106727;-15.606732
estabelecimento de saúde;UNIDADE DE SAUDE DA FAMILIA III N SRA ROSARIO;Rosário Oeste;1.16;até 2 km;manso_capital;;Não;sem atendimento hospitalar;-56.437954;-14.841516
estabelecimento de saúde;EDSON BUSSIKI;Cuiabá;1.17;até 2 km;manso_capital;;Não;sem atendimento hospitalar;-56.1226;-15.58014
estabelecimento de saúde;FEB SAUDE;Cuiabá;1.17;até 2 km;manso_capital;;Não;sem atendimento hospitalar;-56.082298;-15.620804
estabelecimento de saúde;USF SUCURI;Cuiabá;1.17;até 2 km;manso_capital;;Não;sem atendimento hospitalar;-56.158592;-15.548019
estabelecimento de saúde;ENTER HOSPITAL;Cuiabá;1.17;até 2 km;manso_capital;;Sim;atendimento hospitalar;-56.096564;-15.610054
estabelecimento de saúde;RAQUEL VIEIRA ESPINDOLA;Cuiabá;1.17;até 2 km;manso_capital;;Não;sem atendimento hospitalar;-56.098612;-15.608708
estabelecimento de saúde;HOSPITAL OTORRINO CENTRO MEDICO II PORTO;Cuiabá;1.17;até 2 km;manso_capital;;Não;sem atendimento hospitalar;-56.098612;-15.608708
estabelecimento de saúde;ODONTO GUIMARAES;Várzea Grande;1.17;até 2 km;manso_capital;;Não;sem atendimento hospitalar;-56.115326;-15.637879
estabelecimento de saúde;TATIANA CASTRILLON GUARESQUI BEXIGA;Cuiabá;1.18;até 2 km;manso_capital;;Não;sem atendimento hospitalar;-56.123605;-15.586978
estabelecimento de saúde;RITA DE CASSIA OLIVA SCHOMMER;Cuiabá;1.19;até 2 km;manso_capital;;Não;sem atendimento hospitalar;-56.07502;-15.625807
estabelecimento de saúde;IMUNE VITA CENTRO DE VACINAS;Cuiabá;1.19;até 2 km;manso_capital;;Não;sem atendimento hospitalar;-56.126257;-15.613822
estabelecimento de saúde;GRAZIELA NEVES DE OLIVEIRA;Cuiabá;1.2;até 2 km;manso_capital;;Não;sem atendimento hospitalar;-56.08295;-15.6201
estabelecimento de saúde;CENTRO DE TRATAMENTO ESPERANCA;Várzea Grande;1.2;até 2 km;jusante_capital;;Não;sem atendimento hospitalar;-56.11176;-15.680789
estabelecimento de saúde;NTO CUIABA;Cuiabá;1.21;até 2 km;manso_capital;;Não;sem atendimento hospitalar;-56.106235;-15.606241
estabelecimento de saúde;LABORATORIO EXCELLENCE;Cuiabá;1.21;até 2 km;jusante_capital;;Não;sem atendimento hospitalar;-56.0628;-15.637986
estabelecimento de saúde;JOAO YOSHIME HORIE;Cuiabá;1.21;até 2 km;jusante_capital;;Não;sem atendimento hospitalar;-56.062931;-15.637928
estabelecimento de saúde;LABORATORIO UNIMED CUIABA;Cuiabá;1.22;até 2 km;manso_capital;;Não;sem atendimento hospitalar;-56.106247;-15.606133
estabelecimento de saúde;CARDIOM;Cuiabá;1.22;até 2 km;manso_capital;;Não;sem atendimento hospitalar;-56.122192;-15.579736
estabelecimento de saúde;INSTITUTO ANGELICA ALMEIDA FISIOPILATES;Cuiabá;1.22;até 2 km;manso_capital;;Não;sem atendimento hospitalar;-56.122108;-15.582519
estabelecimento de saúde;UNIDADE DE PRONTO ATENDIMENTO VERDAO;Cuiabá;1.22;até 2 km;manso_capital;;Não;sem atendimento hospitalar;-56.127117;-15.604815
estabelecimento de saúde;UNIDADE DE SAUDE DA FAMILIA I CENTRO;Rosário Oeste;1.22;até 2 km;manso_capital;;Não;sem atendimento hospitalar;-56.429515;-14.831372
estabelecimento de saúde;ESTIMULUS DESENVOLVIMENTO INFANTO JUVENIL;Cuiabá;1.23;até 2 km;manso_capital;;Não;sem atendimento hospitalar;-56.122398;-15.585102
estabelecimento de saúde;MARIA REGINA VIEIRA ANGELO MARQUES;Cuiabá;1.23;até 2 km;manso_capital;;Não;sem atendimento hospitalar;-56.12212;-15.5796
estabelecimento de saúde;HORIE ODONTO FAMILY;Cuiabá;1.23;até 2 km;manso_capital;;Não;sem atendimento hospitalar;-56.126256;-15.609617
estabelecimento de saúde;FARMACIA PAGUE MENOS;Cuiabá;1.23;até 2 km;manso_capital;;Não;sem atendimento hospitalar;-56.096308;-15.609599
estabelecimento de saúde;ESTEVAM VAZ CURVO;Cuiabá;1.23;até 2 km;manso_capital;;Não;sem atendimento hospitalar;-56.121938;-15.614236
estabelecimento de saúde;M R OFTALMOCLINICA;Cuiabá;1.23;até 2 km;manso_capital;;Não;sem atendimento hospitalar;-56.122155;-15.579544
estabelecimento de saúde;MD K;Cuiabá;1.23;até 2 km;manso_capital;;Não;sem atendimento hospitalar;-56.122105;-15.579655
estabelecimento de saúde;CLINICA SORRISO FELIZ;Várzea Grande;1.23;até 2 km;manso_capital;;Não;sem atendimento hospitalar;-56.121941;-15.64056
estabelecimento de saúde;MEDICALLY SERVICOS MEDICOS E ADMNISTRATIVOS;Cuiabá;1.24;até 2 km;manso_capital;;Não;sem atendimento hospitalar;-56.125823;-15.613842
estabelecimento de saúde;CLINICA DE PSICOLOGIA PADILHA;Cuiabá;1.24;até 2 km;manso_capital;;Não;sem atendimento hospitalar;-56.125823;-15.613842
estabelecimento de saúde;JOSE BENEDITO VILELA;Cuiabá;1.24;até 2 km;manso_capital;;Não;sem atendimento hospitalar;-56.0767;-15.623723
estabelecimento de saúde;APAE CUIABA;Cuiabá;1.24;até 2 km;manso_capital;;Não;sem atendimento hospitalar;-56.10029;-15.607228
estabelecimento de saúde;PAGUE MENOS;Várzea Grande;1.24;até 2 km;manso_capital;;Não;sem atendimento hospitalar;-56.122284;-15.640663
estabelecimento de saúde;DENTECLIN I;Várzea Grande;1.24;até 2 km;manso_capital;;Não;sem atendimento hospitalar;-56.122026;-15.640643
estabelecimento de saúde;HABILITAMED;Várzea Grande;1.24;até 2 km;manso_capital;;Não;sem atendimento hospitalar;-56.122145;-15.640701
estabelecimento de saúde;JULIANA RIBEIRO DE OLIVEIRA KOLLING;Várzea Grande;1.25;até 2 km;jusante_capital;;Não;sem atendimento hospitalar;-56.09726;-15.67739
estabelecimento de saúde;L P C LABORATORIO DE PATOLOGIA CLINICA;Cuiabá;1.26;até 2 km;manso_capital;;Não;sem atendimento hospitalar;-56.106213;-15.605826
estabelecimento de saúde;VANESSA SALLES CORREA;Cuiabá;1.26;até 2 km;manso_capital;;Não;sem atendimento hospitalar;-56.085095;-15.618429
estabelecimento de saúde;ECCOR EQUIPE DE CIRURGIA CARDIOVASCULAR;Cuiabá;1.26;até 2 km;manso_capital;;;sem atendimento hospitalar;-56.102189;-15.606323
estabelecimento de saúde;M M PRESTADORA DE SERVICOS MEDICOS;Cuiabá;1.27;até 2 km;manso_capital;;Não;sem atendimento hospitalar;-56.122266;-15.585876
estabelecimento de saúde;MEDCLIN;Cuiabá;1.27;até 2 km;manso_capital;;;sem atendimento hospitalar;-56.429286;-14.830528
estabelecimento de saúde;LIFE PILATES E FISIOTERAPIA ESPECIALIZADA;Cuiabá;1.28;até 2 km;manso_capital;;Não;sem atendimento hospitalar;-56.115802;-15.608698
estabelecimento de saúde;SUE ELLEN FERREIRA MODESTO;Cuiabá;1.28;até 2 km;manso_capital;;Não;sem atendimento hospitalar;-56.122223;-15.586269
estabelecimento de saúde;JENNIFFER LAURA DALTRO MONTEIRO DA SILVA;Cuiabá;1.28;até 2 km;manso_capital;;Não;sem atendimento hospitalar;-56.126132;-15.591944
estabelecimento de saúde;AG SERVICOS MEDICOS;Cuiabá;1.29;até 2 km;manso_capital;;Não;sem atendimento hospitalar;-56.122228;-15.586338
estabelecimento de saúde;VALORE DAY HOSPITAL;Cuiabá;1.29;até 2 km;manso_capital;;Sim;atendimento hospitalar;-56.121595;-15.584119
estabelecimento de saúde;CENTRO ESTADUAL DE ODONTOLOGIA PARA PACIENTES ESPECIAIS;Cuiabá;1.29;até 2 km;manso_capital;;Não;sem atendimento hospitalar;-56.12488;-15.567875
estabelecimento de saúde;ANA CELIA ARANTES DOS SANTOS;Cuiabá;1.29;até 2 km;manso_capital;;Não;sem atendimento hospitalar;-56.10875;-15.605794
estabelecimento de saúde;ACRIFE;Cuiabá;1.29;até 2 km;manso_capital;;Não;sem atendimento hospitalar;-56.157417;-15.54806
estabelecimento de saúde;PAULO ROBERTO ALVES;Cuiabá;1.29;até 2 km;manso_capital;;Não;sem atendimento hospitalar;-56.097997;-15.607791
estabelecimento de saúde;SECRETARIA MUNICIPAL DE SAUDE DE ROSARIO OESTE;Rosário Oeste;1.29;até 2 km;manso_capital;;;sem atendimento hospitalar;-56.425653;-14.827639
estabelecimento de saúde;DROGARIA MULT MAIS POPULAR;Santo Antônio de Leverger;1.29;até 2 km;jusante_capital;;;sem atendimento hospitalar;-56.079449;-15.857257
estabelecimento de saúde;VANESSA KASY NUTRICIONISTA;Cuiabá;1.3;até 2 km;manso_capital;;Não;sem atendimento hospitalar;-56.080641;-15.620419
estabelecimento de saúde;GENESIS VALORIZANDO A VIDA;Cuiabá;1.3;até 2 km;manso_capital;;Não;sem atendimento hospitalar;-56.157378;-15.547974
estabelecimento de saúde;REABILITARE CONSULTORIO DE FISIOTERAPIA;Cuiabá;1.31;até 2 km;manso_capital;;Não;sem atendimento hospitalar;-56.091892;-15.612113
estabelecimento de saúde;FARMACIA PAGUE MENOS;Cuiabá;1.32;até 2 km;manso_capital;;Não;sem atendimento hospitalar;-56.116667;-15.608893
estabelecimento de saúde;CLINICA DE PSICOLOGIA EQUIPE EVOLUIR ESPECIALIZADA EM ABA DI;Cuiabá;1.32;até 2 km;manso_capital;;Não;sem atendimento hospitalar;-56.228518;-15.381616
estabelecimento de saúde;SAMU 192 CUIABA USA VIR VEICULO DE INTERVENCAO RAPIDA;Cuiabá;1.32;até 2 km;manso_capital;;;sem atendimento hospitalar;-56.126276;-15.604281
estabelecimento de saúde;MANOEL DESCHAMPS CAVALCANTI NETO;Cuiabá;1.32;até 2 km;manso_capital;;Não;sem atendimento hospitalar;-56.102472;-15.605671
estabelecimento de saúde;ALINE DE SOUZA MORAIS LTDA;Cuiabá;1.32;até 2 km;manso_capital;;Não;sem atendimento hospitalar;-56.073972;-15.625158
estabelecimento de saúde;CELSO ANTUNES MACIEL;Cuiabá;1.33;até 2 km;manso_capital;;Não;sem atendimento hospitalar;-56.107685;-15.605251
estabelecimento de saúde;GIL DE FIGUEIREDO SCAFFA;Cuiabá;1.33;até 2 km;manso_capital;;Não;sem atendimento hospitalar;-56.101391;-15.60592
estabelecimento de saúde;ENDOCRINO KIDS CLINICA DE ENDOCRINOLOGIA PEDIATRICA;Cuiabá;1.33;até 2 km;manso_capital;;Não;sem atendimento hospitalar;-56.121129;-15.583455
estabelecimento de saúde;CLINICA ALESSANDRA PINHEIRO;Cuiabá;1.33;até 2 km;manso_capital;;Não;sem atendimento hospitalar;-56.121181;-15.583676
estabelecimento de saúde;OSMAR AUGUSTO TEIXEIRA;Cuiabá;1.33;até 2 km;manso_capital;;Não;sem atendimento hospitalar;-56.075444;-15.623744
estabelecimento de saúde;MOSCATI SAUDE;Cuiabá;1.33;até 2 km;manso_capital;;Não;sem atendimento hospitalar;-56.121214;-15.583966
estabelecimento de saúde;FABIOLA LAUREN GINECOLOGIA E SAUDE INTEGRATIVA;Cuiabá;1.33;até 2 km;manso_capital;;Não;sem atendimento hospitalar;-56.121232;-15.584195
estabelecimento de saúde;DROGARIA DMD LTDA;Rosário Oeste;1.33;até 2 km;manso_capital;;Não;sem atendimento hospitalar;-56.426887;-14.82837
estabelecimento de saúde;MED PLASTICA;Cuiabá;1.34;até 2 km;manso_capital;;Não;sem atendimento hospitalar;-56.121108;-15.583445
estabelecimento de saúde;LUCILANTE;Cuiabá;1.34;até 2 km;manso_capital;;Não;sem atendimento hospitalar;-56.110295;-15.605618
estabelecimento de saúde;CLINICA LENA;Cuiabá;1.34;até 2 km;manso_capital;;Não;sem atendimento hospitalar;-56.071647;-15.628038
estabelecimento de saúde;SANDRA FRANCO DE ASSIS;Cuiabá;1.34;até 2 km;manso_capital;;Não;sem atendimento hospitalar;-56.121108;-15.583507
estabelecimento de saúde;IMAGENS;Cuiabá;1.34;até 2 km;manso_capital;;Não;sem atendimento hospitalar;-56.110225;-15.605549
estabelecimento de saúde;SANTA ROSA VISION;Cuiabá;1.35;até 2 km;manso_capital;;Não;sem atendimento hospitalar;-56.121084;-15.584046
estabelecimento de saúde;HISTO;Cuiabá;1.35;até 2 km;manso_capital;;Não;sem atendimento hospitalar;-56.10269;-15.605319
estabelecimento de saúde;SESC SAUDE MULHER;Cuiabá;1.35;até 2 km;manso_capital;;Não;sem atendimento hospitalar;-56.101504;-15.605619
estabelecimento de saúde;UPA CRISTO REI UNIDADE DE PRONTO ATENDIMENTO CRISTO REI;Várzea Grande;1.35;até 2 km;manso_capital;;Não;sem atendimento hospitalar;-56.109424;-15.635437
estabelecimento de saúde;CENTRO MEDICO UNIMED CUIABA;Cuiabá;1.36;até 2 km;manso_capital;;Não;sem atendimento hospitalar;-56.106892;-15.60492
estabelecimento de saúde;INSTITUTO MENTES PLURAIS LTDA;Cuiabá;1.36;até 2 km;manso_capital;;Não;sem atendimento hospitalar;-56.106883;-15.604923
estabelecimento de saúde;SORRISO CLIN;Várzea Grande;1.36;até 2 km;manso_capital;;Não;sem atendimento hospitalar;-56.124172;-15.642027
estabelecimento de saúde;LUELY RIBEIRO DE BARROS SANTOS;Cuiabá;1.37;até 2 km;manso_capital;;Não;sem atendimento hospitalar;-56.1014;-15.605548
estabelecimento de saúde;CLINICA ESTIMULAR LTDA;Cuiabá;1.37;até 2 km;manso_capital;;Não;sem atendimento hospitalar;-56.121389;-15.586366
estabelecimento de saúde;PSICOLOGA MICHELLY NISHIYAMA;Cuiabá;1.37;até 2 km;manso_capital;;Não;sem atendimento hospitalar;-56.106984;-15.604854
estabelecimento de saúde;CAROLINE AMORIMSOUZA DE LIMA;Cuiabá;1.38;até 2 km;manso_capital;;Não;sem atendimento hospitalar;-56.106785;-15.604711
estabelecimento de saúde;ADAPTA T O;Cuiabá;1.38;até 2 km;manso_capital;;Não;sem atendimento hospitalar;-56.102923;-15.605022
estabelecimento de saúde;INSTITUTO TETILLA DE SAUDE BUCAL;Cuiabá;1.38;até 2 km;manso_capital;;Não;sem atendimento hospitalar;-56.077622;-15.621408
estabelecimento de saúde;NUTRIRE;Cuiabá;1.38;até 2 km;manso_capital;;Não;sem atendimento hospitalar;-56.120698;-15.58352
estabelecimento de saúde;ACADEMIA DA SAUDE BEATRIZ JOAQUIM RONDON;Rosário Oeste;1.38;até 2 km;manso_capital;;;sem atendimento hospitalar;-56.425038;-14.824335
estabelecimento de saúde;USF MANGA BINOCA MARIA DA COSTA;Várzea Grande;1.38;até 2 km;manso_capital;;Não;sem atendimento hospitalar;-56.111289;-15.637379
estabelecimento de saúde;THAYNARA ALVES BOSAIPO;Cuiabá;1.39;até 2 km;manso_capital;;Não;sem atendimento hospitalar;-56.106665;-15.604646
estabelecimento de saúde;CLINICA NEUROPSICOLOGICA NASCER;Cuiabá;1.39;até 2 km;manso_capital;;Não;sem atendimento hospitalar;-56.10668;-15.604616
estabelecimento de saúde;OSVANIO SALOMAO PIMENTA;Cuiabá;1.39;até 2 km;manso_capital;;Não;sem atendimento hospitalar;-56.075629;-15.622859
estabelecimento de saúde;FISIOPRIME CLINICA DE FISIOTERAPIA RPG E PILATES;Cuiabá;1.39;até 2 km;manso_capital;;Não;sem atendimento hospitalar;-56.103227;-15.604933
estabelecimento de saúde;SAMU 192 VARZEA GRANDE USB B4;Várzea Grande;1.39;até 2 km;manso_capital;;;sem atendimento hospitalar;-56.09971;-15.637832
estabelecimento de saúde;EMPHATICA;Cuiabá;1.4;até 2 km;manso_capital;;Não;sem atendimento hospitalar;-56.07263;-15.625659
estabelecimento de saúde;UNIMAGEM;Cuiabá;1.4;até 2 km;manso_capital;;Não;sem atendimento hospitalar;-56.075753;-15.622667
estabelecimento de saúde;HOSPITAL SAO JUDAS TADEU;Cuiabá;1.4;até 2 km;manso_capital;;Sim;atendimento hospitalar;-56.075677;-15.622635
estabelecimento de saúde;CLINICA FERRAZ;Cuiabá;1.4;até 2 km;manso_capital;;Não;sem atendimento hospitalar;-56.075847;-15.622575
estabelecimento de saúde;NEY DA SILVA PEREIRA;Cuiabá;1.4;até 2 km;manso_capital;;Não;sem atendimento hospitalar;-56.10152;-15.605176
estabelecimento de saúde;SHARON CRISTINE PARONETO DE SOUSA;Cuiabá;1.4;até 2 km;manso_capital;;Não;sem atendimento hospitalar;-56.075725;-15.622606
estabelecimento de saúde;SIMONE MARQUES DE SOUZA FONSECA;Cuiabá;1.4;até 2 km;manso_capital;;Não;sem atendimento hospitalar;-56.075706;-15.622652
estabelecimento de saúde;MARINA ASSIS OLIVEIRA;Cuiabá;1.41;até 2 km;manso_capital;;Não;sem atendimento hospitalar;-56.077066;-15.621479
estabelecimento de saúde;CERMAC CENTRO ESTADUAL DE REF DE MEDIA E ALTA COMPLEXIDAD;Cuiabá;1.41;até 2 km;manso_capital;;Não;sem atendimento hospitalar;-56.100225;-15.605595
estabelecimento de saúde;MYRELLA GARCIA CUNHA;Cuiabá;1.41;até 2 km;manso_capital;;Não;sem atendimento hospitalar;-56.103219;-15.604681
estabelecimento de saúde;MAURO YOSHIMITSU MISAWA;Cuiabá;1.41;até 2 km;manso_capital;;Não;sem atendimento hospitalar;-56.077066;-15.621479
estabelecimento de saúde;JOSE DE SOUZA NEVES;Cuiabá;1.41;até 2 km;manso_capital;;Não;sem atendimento hospitalar;-56.075521;-15.622693
estabelecimento de saúde;SANDRA APARECIDA MOREIRA GOMES MONTEIRO;Cuiabá;1.41;até 2 km;manso_capital;;Não;sem atendimento hospitalar;-56.100172;-15.605608
estabelecimento de saúde;CLINICA MEDICA DO EXERCICIO FISICO LTDA;Cuiabá;1.41;até 2 km;manso_capital;;Não;sem atendimento hospitalar;-56.125083;-15.605088
estabelecimento de saúde;APP SERVICOS MEDICOS;Várzea Grande;1.41;até 2 km;manso_capital;;Não;sem atendimento hospitalar;-56.12358;-15.642371
estabelecimento de saúde;LUDICANDO KIDS CLINICA MULTIDISCIPLINAR;Cuiabá;1.42;até 2 km;manso_capital;;Não;sem atendimento hospitalar;-56.124476;-15.608418
estabelecimento de saúde;PARADA TELEMEDICINA E TELESSAUDE;Cuiabá;1.42;até 2 km;manso_capital;;Não;sem atendimento hospitalar;-56.11254;-15.605418
estabelecimento de saúde;USF CIDADE ALTA;Cuiabá;1.42;até 2 km;manso_capital;;Não;sem atendimento hospitalar;-56.124563;-15.609775
estabelecimento de saúde;USF CAMPO VELHO;Cuiabá;1.43;até 2 km;manso_capital;;Não;sem atendimento hospitalar;-56.082206;-15.618195
estabelecimento de saúde;HBENTO;Cuiabá;1.43;até 2 km;manso_capital;;Sim;atendimento hospitalar;-56.093563;-15.609503
estabelecimento de saúde;TANIA DE ARRUDA MELO CAMPOS;Cuiabá;1.43;até 2 km;manso_capital;;Não;sem atendimento hospitalar;-56.121207;-15.611268
estabelecimento de saúde;VISAO CLINICA E CIRURGIA DE OLHOS;Cuiabá;1.43;até 2 km;manso_capital;;Não;sem atendimento hospitalar;-56.105659;-15.604298
estabelecimento de saúde;IMO INSTITUTO MATOGROSSENSE DE OFTALMOLOGIA;Cuiabá;1.44;até 2 km;manso_capital;;Não;sem atendimento hospitalar;-56.105756;-15.604217
estabelecimento de saúde;DARKLE FERREIRA MODESTO;Cuiabá;1.44;até 2 km;manso_capital;;Não;sem atendimento hospitalar;-56.103374;-15.604461
estabelecimento de saúde;JOSE VALDEMAR OST MEDICINA DO TRABALHO;Cuiabá;1.44;até 2 km;manso_capital;;Não;sem atendimento hospitalar;-56.103416;-15.604428
estabelecimento de saúde;NEW SKIN FISIOTERAPAI E ESTETICA;Cuiabá;1.44;até 2 km;manso_capital;;Não;sem atendimento hospitalar;-56.076835;-15.621363
estabelecimento de saúde;BG FONOAUDIOLOGIA E ORTOPEDIA;Cuiabá;1.45;até 2 km;manso_capital;;Não;sem atendimento hospitalar;-56.104809;-15.604151
estabelecimento de saúde;DANILO ZANIRATO;Cuiabá;1.45;até 2 km;manso_capital;;Não;sem atendimento hospitalar;-56.120158;-15.578526
estabelecimento de saúde;HAROLDO CABRAL;Cuiabá;1.45;até 2 km;manso_capital;;Não;sem atendimento hospitalar;-56.080075;-15.619135
estabelecimento de saúde;ELIZANGELA SOCORRO DE OLIVEIRA;Cuiabá;1.45;até 2 km;manso_capital;;Não;sem atendimento hospitalar;-56.12016;-15.578471
estabelecimento de saúde;CENTRAL DO DENTE;Várzea Grande;1.45;até 2 km;manso_capital;;Não;sem atendimento hospitalar;-56.127384;-15.643085
estabelecimento de saúde;L P C LABORATORIO DE PATOLOGIA CLINICA;Cuiabá;1.46;até 2 km;manso_capital;;Não;sem atendimento hospitalar;-56.099969;-15.605116
estabelecimento de saúde;LBC LABORATORIO BIO CENTER;Cuiabá;1.46;até 2 km;manso_capital;;Não;sem atendimento hospitalar;-56.101804;-15.604508
estabelecimento de saúde;ANGELA APARECIDA SIQUINELLI;Cuiabá;1.46;até 2 km;manso_capital;;Não;sem atendimento hospitalar;-56.102111;-15.604439
estabelecimento de saúde;PRONTO CLINICA HOME CARE;Cuiabá;1.46;até 2 km;manso_capital;;;sem atendimento hospitalar;-56.121309;-15.58822
estabelecimento de saúde;ODONTO CARE;Cuiabá;1.46;até 2 km;manso_capital;;Não;sem atendimento hospitalar;-56.103723;-15.604174
estabelecimento de saúde;CARLOS AUGUSTO CARRETONI VAZ;Cuiabá;1.47;até 2 km;manso_capital;;Não;sem atendimento hospitalar;-56.101763;-15.604487
estabelecimento de saúde;CLINICA ODODNTOLOGICA REGINA YATSUDA;Cuiabá;1.47;até 2 km;manso_capital;;Não;sem atendimento hospitalar;-56.103619;-15.604147
estabelecimento de saúde;DROGA GERAL;Cuiabá;1.47;até 2 km;manso_capital;;Não;sem atendimento hospitalar;-56.101293;-15.604602
estabelecimento de saúde;MACHADO SAUDE LTDA;Cuiabá;1.47;até 2 km;manso_capital;;Não;sem atendimento hospitalar;-56.119819;-15.582688
estabelecimento de saúde;STANLEYS HAIR CUIABA LTDA;Cuiabá;1.47;até 2 km;manso_capital;;Não;sem atendimento hospitalar;-56.0945;-15.608225
estabelecimento de saúde;ALFREDO AUGUSTO DE ARRUDA;Cuiabá;1.47;até 2 km;manso_capital;;Não;sem atendimento hospitalar;-56.101767;-15.604478
estabelecimento de saúde;CLINER;Cuiabá;1.47;até 2 km;manso_capital;;Não;sem atendimento hospitalar;-56.104284;-15.604023
estabelecimento de saúde;CLINICOR;Cuiabá;1.47;até 2 km;manso_capital;;Não;sem atendimento hospitalar;-56.101814;-15.604486
estabelecimento de saúde;CLINICA ARTUS ORTOPEDIA;Cuiabá;1.47;até 2 km;manso_capital;;Não;sem atendimento hospitalar;-56.119858;-15.582774
estabelecimento de saúde;CLINICA FAROL INTERVENCOES COMPORTAMENTAIS;Várzea Grande;1.47;até 2 km;manso_capital;;Não;sem atendimento hospitalar;-56.090723;-15.645967
estabelecimento de saúde;TRANSFORMARE DESENVOLVIMENTO HUMANO LTDA;Cuiabá;1.48;até 2 km;manso_capital;;Não;sem atendimento hospitalar;-56.112646;-15.60489
estabelecimento de saúde;INTEGRARIS CENTRO DE DES INFANTIL ESP INT SENSORIAL;Cuiabá;1.48;até 2 km;manso_capital;;Não;sem atendimento hospitalar;-56.105963;-15.603817
estabelecimento de saúde;BRINCAR PSICOMOTOR;Cuiabá;1.48;até 2 km;manso_capital;;Não;sem atendimento hospitalar;-56.105963;-15.603817
estabelecimento de saúde;MAMA VIE;Cuiabá;1.48;até 2 km;manso_capital;;Não;sem atendimento hospitalar;-56.122026;-15.589769
estabelecimento de saúde;BUCOMAXILO;Cuiabá;1.48;até 2 km;manso_capital;;Não;sem atendimento hospitalar;-56.105861;-15.603833
estabelecimento de saúde;CAROLINA PINHEIRO RAMAZOTI;Cuiabá;1.48;até 2 km;manso_capital;;Não;sem atendimento hospitalar;-56.104323;-15.603971
estabelecimento de saúde;DERLY DE JESUS RODRIGUES CARDOZO;Cuiabá;1.48;até 2 km;manso_capital;;Não;sem atendimento hospitalar;-56.104357;-15.603985
estabelecimento de saúde;CENTRO ODONTOLOGICO PERSONAL;Cuiabá;1.49;até 2 km;manso_capital;;Não;sem atendimento hospitalar;-56.080035;-15.618728
estabelecimento de saúde;ITC;Cuiabá;1.49;até 2 km;manso_capital;;Não;sem atendimento hospitalar;-56.101095;-15.604437
estabelecimento de saúde;CLIRMEF;Cuiabá;1.49;até 2 km;manso_capital;;Não;sem atendimento hospitalar;-56.104483;-15.603852
estabelecimento de saúde;URSULA MICHELE PAITACH BATISTELLA;Cuiabá;1.49;até 2 km;manso_capital;;Não;sem atendimento hospitalar;-56.103694;-15.603971
estabelecimento de saúde;GM MOUSSALEM;Cuiabá;1.5;até 2 km;manso_capital;;Não;sem atendimento hospitalar;-56.12168;-15.610854
estabelecimento de saúde;ANGIOMEDIC;Cuiabá;1.5;até 2 km;manso_capital;;Não;sem atendimento hospitalar;-56.103441;-15.603831
estabelecimento de saúde;ELITA BATISTA NEVES;Cuiabá;1.51;até 2 km;manso_capital;;Não;sem atendimento hospitalar;-56.103539;-15.603726
estabelecimento de saúde;MARCOS AGOSTINHO;Cuiabá;1.51;até 2 km;manso_capital;;Não;sem atendimento hospitalar;-56.103466;-15.603767
estabelecimento de saúde;ANDREIA CORREA PSIQUE;Cuiabá;1.51;até 2 km;manso_capital;;Não;sem atendimento hospitalar;-56.103486;-15.603796
estabelecimento de saúde;USF JARDIM INDEPENDENCIA;Cuiabá;1.51;até 2 km;manso_capital;;Não;sem atendimento hospitalar;-56.120054;-15.609404
estabelecimento de saúde;LUCIANA FREITAS SOARES;Cuiabá;1.51;até 2 km;manso_capital;;Não;sem atendimento hospitalar;-56.103535;-15.603772
estabelecimento de saúde;FALACLIN;Cuiabá;1.51;até 2 km;manso_capital;;Não;sem atendimento hospitalar;-56.103539;-15.603734
estabelecimento de saúde;IGPA SERVICOS MEDICOS;Cuiabá;1.51;até 2 km;manso_capital;;Não;sem atendimento hospitalar;-56.10348;-15.603754
estabelecimento de saúde;INSTITUTO NEUROLOGICO E DA COLUNA VERTEBRAL;Cuiabá;1.51;até 2 km;manso_capital;;Não;sem atendimento hospitalar;-56.103619;-15.60377
estabelecimento de saúde;MARIA LUCIA PINHEIRO PERRI;Cuiabá;1.51;até 2 km;manso_capital;;Não;sem atendimento hospitalar;-56.103514;-15.603763
estabelecimento de saúde;FABIANE DE MELLO PINHEIRO CIA LTDA;Cuiabá;1.51;até 2 km;manso_capital;;Não;sem atendimento hospitalar;-56.103614;-15.60379
estabelecimento de saúde;FPM SERVICOS DE SAUDE;Cuiabá;1.52;até 2 km;manso_capital;;Não;sem atendimento hospitalar;-56.104337;-15.603588
estabelecimento de saúde;EXME;Cuiabá;1.52;até 2 km;manso_capital;;Não;sem atendimento hospitalar;-56.078641;-15.619206
estabelecimento de saúde;DROGARIA SAO PAULO;Cuiabá;1.52;até 2 km;manso_capital;;Não;sem atendimento hospitalar;-56.10359;-15.603681
estabelecimento de saúde;CYNARA MONIZ FIGUEIRA;Cuiabá;1.52;até 2 km;manso_capital;;Não;sem atendimento hospitalar;-56.103587;-15.603654
estabelecimento de saúde;USF PASTOR JOSE GERARDO DOS ANJOS MARINGA I;Várzea Grande;1.52;até 2 km;jusante_capital;;Não;sem atendimento hospitalar;-56.085736;-15.672155
estabelecimento de saúde;EDINA RUTH GAZZONI;Cuiabá;1.53;até 2 km;manso_capital;;Não;sem atendimento hospitalar;-56.103598;-15.60361
estabelecimento de saúde;OUVIR MENTE PSICOLOGIA CLINICA E ORGANIZACIONAL;Cuiabá;1.53;até 2 km;manso_capital;;Não;sem atendimento hospitalar;-56.102689;-15.603712
estabelecimento de saúde;USF DOM AQUINO;Cuiabá;1.53;até 2 km;manso_capital;;Não;sem atendimento hospitalar;-56.093401;-15.608412
estabelecimento de saúde;RM FISIOTERAPIA;Cuiabá;1.53;até 2 km;manso_capital;;Não;sem atendimento hospitalar;-56.103598;-15.603589
estabelecimento de saúde;IZABEL CRISTINA SILVA;Cuiabá;1.53;até 2 km;manso_capital;;Não;sem atendimento hospitalar;-56.096053;-15.606422
estabelecimento de saúde;EDUARDO BENEVIDES LINDOTE FILHO;Cuiabá;1.53;até 2 km;manso_capital;;Não;sem atendimento hospitalar;-56.103582;-15.603584
estabelecimento de saúde;RENATO ANDRE VAZ DALL ACQUA;Cuiabá;1.53;até 2 km;manso_capital;;Não;sem atendimento hospitalar;-56.100419;-15.604344
estabelecimento de saúde;SKOPIEN;Cuiabá;1.54;até 2 km;manso_capital;;Não;sem atendimento hospitalar;-56.102654;-15.603606
estabelecimento de saúde;INPEO;Cuiabá;1.54;até 2 km;manso_capital;;Não;sem atendimento hospitalar;-56.105393;-15.603281
estabelecimento de saúde;VASCULARIS;Cuiabá;1.54;até 2 km;manso_capital;;Não;sem atendimento hospitalar;-56.103512;-15.603486
estabelecimento de saúde;PSI INFANTIL WANESSA ABA;Cuiabá;1.54;até 2 km;manso_capital;;Não;sem atendimento hospitalar;-56.07976;-15.618386
estabelecimento de saúde;IONG INSTITUTO DE OUVIDOS NARIZ E GARGANTA LTDA;Cuiabá;1.54;até 2 km;manso_capital;;Não;sem atendimento hospitalar;-56.101359;-15.603962
estabelecimento de saúde;LACIC UNIDADE HOSPITAL GERAL UNIVERSITARIO;Cuiabá;1.54;até 2 km;manso_capital;;Não;sem atendimento hospitalar;-56.101341;-15.603942
estabelecimento de saúde;HOSPITAL MUNICIPAL DE SANTO ANTONIO DO LEVERGER;Santo Antônio de Leverger;1.54;até 2 km;jusante_capital;;Sim;atendimento hospitalar;-56.078364;-15.855302
estabelecimento de saúde;USF UNIPARK MANOEL BERNARDO DE BARROS;Várzea Grande;1.54;até 2 km;jusante_capital;;Não;sem atendimento hospitalar;-56.092994;-15.675013
estabelecimento de saúde;METRA MEDICINA E SEGURANA DO TRABALHO;Cuiabá;1.55;até 2 km;manso_capital;;Não;sem atendimento hospitalar;-56.103456;-15.603375
estabelecimento de saúde;FERNANDO TOSTES DE OLIVEIRA;Cuiabá;1.55;até 2 km;manso_capital;;Não;sem atendimento hospitalar;-56.102538;-15.60356
estabelecimento de saúde;FARMACIA REDE DO POVO;Cuiabá;1.55;até 2 km;manso_capital;;;sem atendimento hospitalar;-56.102537;-15.603541
estabelecimento de saúde;IPC MT INSTITUTO DE PESQUISAS CLINICAS DE MATO GROSSO;Cuiabá;1.55;até 2 km;manso_capital;;Não;sem atendimento hospitalar;-56.102536;-15.603563
estabelecimento de saúde;MEDICO AQUI;Cuiabá;1.55;até 2 km;manso_capital;;Não;sem atendimento hospitalar;-56.10363;-15.603351
estabelecimento de saúde;CLINICA SAO CAMILO;Cuiabá;1.55;até 2 km;manso_capital;;Não;sem atendimento hospitalar;-56.108448;-15.603368
estabelecimento de saúde;FRANCISCO CARLOS DE ALMEIDA FONSECA;Cuiabá;1.55;até 2 km;manso_capital;;Não;sem atendimento hospitalar;-56.10253;-15.603583
estabelecimento de saúde;CDI CENTRO DIAGNOSTICO POR IMAGEM;Várzea Grande;1.55;até 2 km;manso_capital;;Não;sem atendimento hospitalar;-56.124655;-15.643809
estabelecimento de saúde;CLINICA SER SAUDAVEL;Cuiabá;1.56;até 2 km;manso_capital;;Não;sem atendimento hospitalar;-56.103608;-15.60331
estabelecimento de saúde;H CLIN TERAPIA INFANTIL ESPECIALIZADA;Cuiabá;1.56;até 2 km;manso_capital;;Não;sem atendimento hospitalar;-56.103608;-15.603269
estabelecimento de saúde;NUCLEO DE VACINACAO;Cuiabá;1.56;até 2 km;manso_capital;;Não;sem atendimento hospitalar;-56.103587;-15.603269
estabelecimento de saúde;AZAMBUJA PSICOLOGA CLINICA;Cuiabá;1.57;até 2 km;manso_capital;;Não;sem atendimento hospitalar;-56.103565;-15.603227
estabelecimento de saúde;AMALU CENTRO DE DESENVOLVIMENTO HUMANO;Cuiabá;1.57;até 2 km;manso_capital;;Não;sem atendimento hospitalar;-56.103598;-15.603238
estabelecimento de saúde;NOSSO SONHO;Cuiabá;1.57;até 2 km;manso_capital;;Não;sem atendimento hospitalar;-56.103587;-15.603207
estabelecimento de saúde;DELLA VITA FISIOTERAPIA;Cuiabá;1.57;até 2 km;manso_capital;;Não;sem atendimento hospitalar;-56.124443;-15.602791
estabelecimento de saúde;MM SERVICOS MEDICOS LTDA;Rosário Oeste;1.57;até 2 km;manso_capital;;Não;sem atendimento hospitalar;-56.428163;-14.82656
estabelecimento de saúde;UNIDADE DE SAUDE DA FAMILIA II N SRA APARECIDA;Rosário Oeste;1.57;até 2 km;manso_capital;;Não;sem atendimento hospitalar;-56.428185;-14.826602
estabelecimento de saúde;UNIDADE DE REABILITACAO ARY BICUDO DORNELLAS;Santo Antônio de Leverger;1.57;até 2 km;jusante_capital;;Não;sem atendimento hospitalar;-56.078333;-15.855018
estabelecimento de saúde;TOXICLIN;Várzea Grande;1.57;até 2 km;manso_capital;;;sem atendimento hospitalar;-56.130652;-15.64399
estabelecimento de saúde;HARMONIZE;Cuiabá;1.58;até 2 km;manso_capital;;Não;sem atendimento hospitalar;-56.119059;-15.584934
estabelecimento de saúde;CLINICA ODONTOLOGICA 13 DE JUNHO;Cuiabá;1.58;até 2 km;manso_capital;;Não;sem atendimento hospitalar;-56.100306;-15.603899
estabelecimento de saúde;ANTONIO RAIMUNDO DE FIGUEIREDO FILHO;Cuiabá;1.58;até 2 km;manso_capital;;Não;sem atendimento hospitalar;-56.100143;-15.603887
estabelecimento de saúde;RENATO JOSE BETTI CORREIA;Cuiabá;1.58;até 2 km;manso_capital;;Não;sem atendimento hospitalar;-56.10313;-15.603205
estabelecimento de saúde;ULTRA VISION;Cuiabá;1.58;até 2 km;manso_capital;;Não;sem atendimento hospitalar;-56.100253;-15.603884
estabelecimento de saúde;ROSARIO FARMA;Rosário Oeste;1.58;até 2 km;manso_capital;;Não;sem atendimento hospitalar;-56.428195;-14.826498
estabelecimento de saúde;DROGARIA VERDES MARES;Rosário Oeste;1.58;até 2 km;manso_capital;;Não;sem atendimento hospitalar;-56.428313;-14.82656
estabelecimento de saúde;EBB CLINICA MEDICA;Cuiabá;1.59;até 2 km;manso_capital;;Não;sem atendimento hospitalar;-56.077448;-15.619216
estabelecimento de saúde;CENTRO ESPECIALIZADO DA SAUDE;Rosário Oeste;1.59;até 2 km;manso_capital;;Não;sem atendimento hospitalar;-56.428293;-14.826427
estabelecimento de saúde;ULTRA POPULAR;Rosário Oeste;1.59;até 2 km;manso_capital;;Não;sem atendimento hospitalar;-56.42827;-14.826436
estabelecimento de saúde;LABORATORIO MUNICIPAL JOSE RODRIGUES;Rosário Oeste;1.59;até 2 km;manso_capital;;;sem atendimento hospitalar;-56.42827;-14.826456
estabelecimento de saúde;CLINICA ODONTOLOGICA DO COXIPO;Cuiabá;1.6;até 2 km;manso_capital;;Não;sem atendimento hospitalar;-56.074476;-15.621277
estabelecimento de saúde;CENTRO DE ATENCAO PSICOSSOCIAL INFANTO JUVENIL CURUMIM;Cuiabá;1.6;até 2 km;jusante_capital;;Não;sem atendimento hospitalar;-56.062001;-15.634023
estabelecimento de saúde;DROGARIA RAIA DS0751;Cuiabá;1.6;até 2 km;manso_capital;;Não;sem atendimento hospitalar;-56.081202;-15.616986
estabelecimento de saúde;CAPS II VERDAO;Cuiabá;1.6;até 2 km;manso_capital;;Não;sem atendimento hospitalar;-56.122799;-15.608849
estabelecimento de saúde;CONCESSIONARIA ROTA DO OESTE SAU 10;Rosário Oeste;1.6;até 2 km;manso_capital;;Não;sem atendimento hospitalar;-56.428399;-14.826394
estabelecimento de saúde;R S MED;Rosário Oeste;1.6;até 2 km;manso_capital;;Sim;atendimento hospitalar;-56.428378;-14.826373
estabelecimento de saúde;CLINIALPHA;Várzea Grande;1.6;até 2 km;jusante_capital;;Não;sem atendimento hospitalar;-56.087115;-15.666139
estabelecimento de saúde;MONICA TAKESAWA;Várzea Grande;1.6;até 2 km;manso_capital;;Não;sem atendimento hospitalar;-56.127605;-15.644445
estabelecimento de saúde;CENTRAL ESTADUAL DE REDE DE FRIO DE MATO GROSSO;Cuiabá;1.61;até 2 km;jusante_capital;;Não;sem atendimento hospitalar;-56.061805;-15.634041
estabelecimento de saúde;RICARDO FALCAO EUBANK;Cuiabá;1.61;até 2 km;manso_capital;;Não;sem atendimento hospitalar;-56.116145;-15.605287
estabelecimento de saúde;INTEGRAL SAUDE;Cuiabá;1.61;até 2 km;manso_capital;;Não;sem atendimento hospitalar;-56.077414;-15.619046
estabelecimento de saúde;CAPS I ROSARIO OESTE;Rosário Oeste;1.61;até 2 km;manso_capital;;Não;sem atendimento hospitalar;-56.428442;-14.82627
estabelecimento de saúde;SERGIO ISSAO YAMADA;Cuiabá;1.62;até 2 km;manso_capital;;Não;sem atendimento hospitalar;-56.119281;-15.607466
estabelecimento de saúde;BARROS E VIEIRA;Cuiabá;1.62;até 2 km;manso_capital;;Não;sem atendimento hospitalar;-56.100084;-15.603614
estabelecimento de saúde;DUTRA EMERGENCIAS MEDICAS;Cuiabá;1.62;até 2 km;manso_capital;;;sem atendimento hospitalar;-56.108825;-15.602776
estabelecimento de saúde;LIVIA TEIXEIRA DE OLIVEIRA;Cuiabá;1.62;até 2 km;manso_capital;;Não;sem atendimento hospitalar;-56.077033;-15.619175
estabelecimento de saúde;CAMPOS CONSULTORIO ODONTOLOGICO;Várzea Grande;1.62;até 2 km;manso_capital;;Não;sem atendimento hospitalar;-56.107518;-15.636984
estabelecimento de saúde;RAIA DROGASIL;Cuiabá;1.63;até 2 km;manso_capital;;Não;sem atendimento hospitalar;-56.118767;-15.60703
estabelecimento de saúde;EDSON FRANCO FRATARI;Cuiabá;1.63;até 2 km;manso_capital;;Não;sem atendimento hospitalar;-56.104614;-15.602565
estabelecimento de saúde;USF PAIAGUAS;Cuiabá;1.64;até 2 km;jusante_capital;;Não;sem atendimento hospitalar;-56.055343;-15.660377
estabelecimento de saúde;USF GRANDE TERCEIRO;Cuiabá;1.64;até 2 km;manso_capital;;Não;sem atendimento hospitalar;-56.087976;-15.611505
estabelecimento de saúde;DROGASIL DS 1281;Cuiabá;1.64;até 2 km;manso_capital;;Não;sem atendimento hospitalar;-56.120546;-15.590195
estabelecimento de saúde;ANDREIA DE C CORREA E VALDIR A HEBERLE FILIAL;Cuiabá;1.64;até 2 km;manso_capital;;Não;sem atendimento hospitalar;-56.124473;-15.601154
estabelecimento de saúde;DRA AMANDA ARAUJO GO LTDA;Rosário Oeste;1.64;até 2 km;manso_capital;;Não;sem atendimento hospitalar;-56.428592;-14.826062
estabelecimento de saúde;JOSE FERNANDO BARROS DE FIGUEIREDO;Várzea Grande;1.64;até 2 km;manso_capital;;Não;sem atendimento hospitalar;-56.127605;-15.644734
estabelecimento de saúde;USF PARQUE ATALAIA;Cuiabá;1.65;até 2 km;jusante_capital;;Não;sem atendimento hospitalar;-56.055338;-15.660386
estabelecimento de saúde;ANTONIO CARLOS JUNIOR MASSARIOLI DA SILVA;Várzea Grande;1.65;até 2 km;manso_capital;;Não;sem atendimento hospitalar;-56.126407;-15.644859
estabelecimento de saúde;DIAGNOSTICOS DA AMERICA II;Várzea Grande;1.66;até 2 km;manso_capital;;Não;sem atendimento hospitalar;-56.103164;-15.638322
estabelecimento de saúde;CUIABA VITA HOME CARE;Cuiabá;1.67;até 2 km;manso_capital;;Não;sem atendimento hospitalar;-56.12393;-15.601511
estabelecimento de saúde;DOUTOR VISAO E SAUDE;Cuiabá;1.67;até 2 km;manso_capital;;Não;sem atendimento hospitalar;-56.120262;-15.590228
estabelecimento de saúde;LABORATORIO DE PROTESE MATSUOKA;Cuiabá;1.67;até 2 km;manso_capital;;;sem atendimento hospitalar;-56.107801;-15.602181
estabelecimento de saúde;CLINICA MULTIDISCIPLINAR APRIMORAR;Cuiabá;1.68;até 2 km;manso_capital;;Não;sem atendimento hospitalar;-56.118735;-15.587382
estabelecimento de saúde;LAWRENCE COSTA SAMPAIO;Cuiabá;1.68;até 2 km;manso_capital;;Não;sem atendimento hospitalar;-56.076553;-15.618886
estabelecimento de saúde;TECNOLOGICA DIAGNOSTICO POR IMAGEM;Várzea Grande;1.68;até 2 km;manso_capital;;Não;sem atendimento hospitalar;-56.133699;-15.644424
estabelecimento de saúde;NADIA ROBERTA FORTUNATO MUZZI;Várzea Grande;1.68;até 2 km;manso_capital;;Não;sem atendimento hospitalar;-56.132884;-15.644651
estabelecimento de saúde;NOT CUIABA;Cuiabá;1.69;até 2 km;manso_capital;;Não;sem atendimento hospitalar;-56.117777;-15.583168
estabelecimento de saúde;REJANE CESARIO LINDOTE;Cuiabá;1.69;até 2 km;manso_capital;;Não;sem atendimento hospitalar;-56.101655;-15.602454
estabelecimento de saúde;ANESCLIN;Cuiabá;1.69;até 2 km;manso_capital;;Não;sem atendimento hospitalar;-56.101612;-15.602472
estabelecimento de saúde;ANAHI GRANJA DE SOUZA VIEIRA MILLER;Cuiabá;1.69;até 2 km;manso_capital;;Não;sem atendimento hospitalar;-56.10391;-15.602089
estabelecimento de saúde;COMPLEXO REGULADOR DE CUIABA;Cuiabá;1.69;até 2 km;manso_capital;;;sem atendimento hospitalar;-56.098893;-15.603346
estabelecimento de saúde;CONSULTORIO ODONTOLOGICO REVITHALIZE;Cuiabá;1.69;até 2 km;manso_capital;;Não;sem atendimento hospitalar;-56.074137;-15.620499
estabelecimento de saúde;AMBULATORIOS UNIMED CUIABA;Cuiabá;1.7;até 2 km;manso_capital;;Não;sem atendimento hospitalar;-56.103762;-15.602062
estabelecimento de saúde;ULTRA POPULAR;Cuiabá;1.7;até 2 km;manso_capital;;Não;sem atendimento hospitalar;-56.120088;-15.607194
estabelecimento de saúde;AYRTES DE MATTOS PULCHERIO RIVERA;Cuiabá;1.7;até 2 km;manso_capital;;Não;sem atendimento hospitalar;-56.101814;-15.602289
estabelecimento de saúde;CLINICA DE NEUROLOGIA E NEUROFISIOLOGIA DE CUIABA S S LTDA;Cuiabá;1.7;até 2 km;manso_capital;;Não;sem atendimento hospitalar;-56.101744;-15.602341
estabelecimento de saúde;CERRADO CLINIC;Cuiabá;1.7;até 2 km;manso_capital;;Não;sem atendimento hospitalar;-56.101656;-15.602355
estabelecimento de saúde;ELOISA MARA DOMINGUES ALBANO DA SILVA;Cuiabá;1.7;até 2 km;manso_capital;;Não;sem atendimento hospitalar;-56.101539;-15.602373
estabelecimento de saúde;MARCELO RAMOS MENDES;Cuiabá;1.7;até 2 km;manso_capital;;Não;sem atendimento hospitalar;-56.101806;-15.602284
estabelecimento de saúde;MARIA HELENA BRAGANCA;Cuiabá;1.7;até 2 km;manso_capital;;Não;sem atendimento hospitalar;-56.101665;-15.602334
estabelecimento de saúde;WILSON DE BARROS;Cuiabá;1.7;até 2 km;manso_capital;;Não;sem atendimento hospitalar;-56.099477;-15.603014
estabelecimento de saúde;MARCELO COELHO DE CARVALHO;Cuiabá;1.7;até 2 km;manso_capital;;Não;sem atendimento hospitalar;-56.101725;-15.602354
estabelecimento de saúde;CEAC;Cuiabá;1.71;até 2 km;manso_capital;;Não;sem atendimento hospitalar;-56.096895;-15.604119
estabelecimento de saúde;VERA MARIA COUTINHO TEODORIO DE OLIVEIRA;Cuiabá;1.71;até 2 km;manso_capital;;Não;sem atendimento hospitalar;-56.119314;-15.571207
estabelecimento de saúde;UNIMAGEM UNIDADE DE DIAGNOSTICOS POR IMAGEM SIMPLES LTDA;Cuiabá;1.71;até 2 km;manso_capital;;Não;sem atendimento hospitalar;-56.096918;-15.604046
estabelecimento de saúde;VIVER BEM UNIMED CUIABA MEDICINA PREVENTIVA;Cuiabá;1.71;até 2 km;manso_capital;;Não;sem atendimento hospitalar;-56.10168;-15.602268
estabelecimento de saúde;NEI MOREIRA DA SILVA;Cuiabá;1.71;até 2 km;manso_capital;;Não;sem atendimento hospitalar;-56.101758;-15.602235
estabelecimento de saúde;VICTOR CEZAR SANO GARCIA;Cuiabá;1.71;até 2 km;manso_capital;;Não;sem atendimento hospitalar;-56.082735;-15.615085
estabelecimento de saúde;MARCO ANTONIO DE ARRUDA FIGUEIREDO;Cuiabá;1.71;até 2 km;manso_capital;;Não;sem atendimento hospitalar;-56.101774;-15.602242
estabelecimento de saúde;JULIANA FERNANDES DE MENDONCA;Cuiabá;1.71;até 2 km;manso_capital;;Não;sem atendimento hospitalar;-56.101602;-15.602281
estabelecimento de saúde;NOESIS INSTITUTO DE PSICOLOGIA;Cuiabá;1.71;até 2 km;manso_capital;;Não;sem atendimento hospitalar;-56.073981;-15.620416
estabelecimento de saúde;ESF VARGINHA;Santo Antônio de Leverger;1.71;até 2 km;jusante_capital;;Não;sem atendimento hospitalar;-56.099667;-15.813684
estabelecimento de saúde;FELICIANA JULIENE DE ALMEIDA;Várzea Grande;1.71;até 2 km;manso_capital;;Não;sem atendimento hospitalar;-56.135223;-15.644176
estabelecimento de saúde;HABILITAMED;Cuiabá;1.72;até 2 km;manso_capital;;Não;sem atendimento hospitalar;-56.101454;-15.602222
estabelecimento de saúde;A M PSICOLOGIA HOSPITALAR;Cuiabá;1.72;até 2 km;manso_capital;;Não;sem atendimento hospitalar;-56.075198;-15.619428
estabelecimento de saúde;COT;Cuiabá;1.72;até 2 km;manso_capital;;Não;sem atendimento hospitalar;-56.09695;-15.603963
estabelecimento de saúde;ALIMENTAR SOLUCOES NUTRICIONAIS INTELIGENTE LTDA;Cuiabá;1.72;até 2 km;manso_capital;;Não;sem atendimento hospitalar;-56.101719;-15.602175
estabelecimento de saúde;HERBERT MONTEIRO DA SILVA;Cuiabá;1.72;até 2 km;manso_capital;;Não;sem atendimento hospitalar;-56.101838;-15.602173
estabelecimento de saúde;LARISSA ROSA SILVERIO DA SILVA;Cuiabá;1.72;até 2 km;manso_capital;;Não;sem atendimento hospitalar;-56.101731;-15.60218
estabelecimento de saúde;JORGE KHAUAM JUNIOR;Cuiabá;1.72;até 2 km;manso_capital;;Não;sem atendimento hospitalar;-56.101731;-15.60218
estabelecimento de saúde;PATRICIA ATHAYDE FIRMIANO E OUTRAS;Cuiabá;1.72;até 2 km;manso_capital;;Não;sem atendimento hospitalar;-56.101731;-15.60218
estabelecimento de saúde;CLINICA HABILITA MENTE SAUDE E BEM ESTAR;Cuiabá;1.73;até 2 km;manso_capital;;Não;sem atendimento hospitalar;-56.086262;-15.611977
estabelecimento de saúde;UNIDADE BASICA DE SAUDE INDIGENA ALDEIA SANTANA;Nobres;1.73;até 2 km;manso_capital;;Não;sem atendimento hospitalar;-56.278152;-14.713459
estabelecimento de saúde;TRATTE ESPACO DE DESENVOLVIMENTO INFANTIL;Cuiabá;1.74;até 2 km;manso_capital;;Não;sem atendimento hospitalar;-56.101626;-15.601969
estabelecimento de saúde;DROGARIA SAO PAULO;Cuiabá;1.74;até 2 km;manso_capital;;Não;sem atendimento hospitalar;-56.121613;-15.606856
estabelecimento de saúde;HB COOPERATIVA;Cuiabá;1.74;até 2 km;manso_capital;;;sem atendimento hospitalar;-56.097522;-15.603471
estabelecimento de saúde;KATIA HELENA RIBEIRO PIMENTEL;Cuiabá;1.74;até 2 km;manso_capital;;Não;sem atendimento hospitalar;-56.101646;-15.602022
estabelecimento de saúde;ANA ELISA PELAYO HERRERA E SILVA;Cuiabá;1.74;até 2 km;manso_capital;;Não;sem atendimento hospitalar;-56.103808;-15.601614
estabelecimento de saúde;ANA FRANCISCA POMPEU DE BARROS;Cuiabá;1.74;até 2 km;manso_capital;;Não;sem atendimento hospitalar;-56.103819;-15.601636
estabelecimento de saúde;POLYANNA CAROLINE VITOR DA SILVA;Várzea Grande;1.74;até 2 km;manso_capital;;Não;sem atendimento hospitalar;-56.134279;-15.644775
estabelecimento de saúde;VIDA IMAGEM;Várzea Grande;1.74;até 2 km;manso_capital;;Não;sem atendimento hospitalar;-56.130116;-15.64556
estabelecimento de saúde;EXAME DIAGNOSTICO LABORATORIAL LTDA;Cuiabá;1.75;até 2 km;manso_capital;;Não;sem atendimento hospitalar;-56.096798;-15.603776
estabelecimento de saúde;UTI H BENTO;Cuiabá;1.75;até 2 km;manso_capital;;Não;sem atendimento hospitalar;-56.096798;-15.603776
estabelecimento de saúde;DROGARIA REDE DO POVO;Cuiabá;1.75;até 2 km;manso_capital;;;sem atendimento hospitalar;-56.117158;-15.581212
estabelecimento de saúde;PRAXIS DESENVOLVIMENTO INFANTIL;Cuiabá;1.75;até 2 km;manso_capital;;Não;sem atendimento hospitalar;-56.117515;-15.585695
estabelecimento de saúde;CHARLIE SCALABRIN DA SILVA;Cuiabá;1.75;até 2 km;manso_capital;;Não;sem atendimento hospitalar;-56.103811;-15.60157
estabelecimento de saúde;MARCOS BENEDITO CORREA GABRIEL;Cuiabá;1.75;até 2 km;manso_capital;;Não;sem atendimento hospitalar;-56.096712;-15.603753
estabelecimento de saúde;JONAS CORREA DA COSTA;Cuiabá;1.75;até 2 km;manso_capital;;Não;sem atendimento hospitalar;-56.096798;-15.603776
estabelecimento de saúde;DEISELLU ANAH TORQUATO DA SILVA;Cuiabá;1.75;até 2 km;manso_capital;;Não;sem atendimento hospitalar;-56.103893;-15.601555
estabelecimento de saúde;UNIODONTO DE MATOGROSSO;Cuiabá;1.75;até 2 km;manso_capital;;Não;sem atendimento hospitalar;-56.090333;-15.608246
estabelecimento de saúde;ORAL BELLE;Várzea Grande;1.75;até 2 km;manso_capital;;Não;sem atendimento hospitalar;-56.128271;-15.645726
estabelecimento de saúde;ONCONEUROLOGIA;Cuiabá;1.76;até 2 km;manso_capital;;Não;sem atendimento hospitalar;-56.103772;-15.601475
estabelecimento de saúde;LABORATORIO SAO CAMILO;Cuiabá;1.76;até 2 km;manso_capital;;;sem atendimento hospitalar;-56.096682;-15.603655
estabelecimento de saúde;RAQUEL DEL CANALI;Cuiabá;1.76;até 2 km;manso_capital;;Não;sem atendimento hospitalar;-56.117469;-15.585753
estabelecimento de saúde;BB INFANCIA;Cuiabá;1.76;até 2 km;manso_capital;;Não;sem atendimento hospitalar;-56.117448;-15.585752
estabelecimento de saúde;COTENPASA;Cuiabá;1.76;até 2 km;manso_capital;;;sem atendimento hospitalar;-56.101554;-15.601803
estabelecimento de saúde;HBENTO IMAGENS;Cuiabá;1.77;até 2 km;manso_capital;;Não;sem atendimento hospitalar;-56.096748;-15.603562
estabelecimento de saúde;DENSIMAT BARAO;Cuiabá;1.77;até 2 km;manso_capital;;Não;sem atendimento hospitalar;-56.102089;-15.601614
estabelecimento de saúde;CENTRO ODONTOLOGICO DE VARZEA GRANDE TIPO 1;Várzea Grande;1.77;até 2 km;manso_capital;;Não;sem atendimento hospitalar;-56.132433;-15.645581
estabelecimento de saúde;ONCOLOG;Cuiabá;1.78;até 2 km;manso_capital;;Não;sem atendimento hospitalar;-56.124506;-15.598553
estabelecimento de saúde;ODONTOLOGIA VERLANGIERI;Cuiabá;1.78;até 2 km;manso_capital;;Não;sem atendimento hospitalar;-56.101709;-15.601608
estabelecimento de saúde;ANABELLE SILVA SANTANA;Cuiabá;1.78;até 2 km;manso_capital;;Não;sem atendimento hospitalar;-56.124049;-15.596454
estabelecimento de saúde;DIAGNOSTICO MEDICOS DO CENTRO OESTE LTDA;Cuiabá;1.78;até 2 km;manso_capital;;Não;sem atendimento hospitalar;-56.102203;-15.601493
estabelecimento de saúde;CEC;Cuiabá;1.78;até 2 km;manso_capital;;Não;sem atendimento hospitalar;-56.102122;-15.601535
estabelecimento de saúde;CLINEST;Cuiabá;1.78;até 2 km;manso_capital;;Não;sem atendimento hospitalar;-56.101636;-15.601655
estabelecimento de saúde;CLAUDIA PARENTE CHERIN;Cuiabá;1.78;até 2 km;manso_capital;;Não;sem atendimento hospitalar;-56.09195;-15.606629
estabelecimento de saúde;CLINICA DO TORAX;Cuiabá;1.78;até 2 km;manso_capital;;Não;sem atendimento hospitalar;-56.103542;-15.60132
estabelecimento de saúde;CENTRO OFTALMOLOGICO DR EDSON BUSSIKI;Cuiabá;1.79;até 2 km;manso_capital;;Não;sem atendimento hospitalar;-56.116839;-15.583523
estabelecimento de saúde;AMANDA CAROLINA RIZENTAL PINTO;Cuiabá;1.79;até 2 km;manso_capital;;Não;sem atendimento hospitalar;-56.103546;-15.601211
estabelecimento de saúde;MARTINS CLINICA DE PSICOLOGIA;Cuiabá;1.79;até 2 km;manso_capital;;Não;sem atendimento hospitalar;-56.122047;-15.594544
estabelecimento de saúde;LUISA MOREIRA GOMES MONTEIRO;Cuiabá;1.8;até 2 km;manso_capital;;Não;sem atendimento hospitalar;-56.067702;-15.626262
estabelecimento de saúde;HISMET;Cuiabá;1.8;até 2 km;manso_capital;;Não;sem atendimento hospitalar;-56.089024;-15.608742
estabelecimento de saúde;MEDICINA MAZUY E CARVALHO;Cuiabá;1.8;até 2 km;manso_capital;;Não;sem atendimento hospitalar;-56.090044;-15.607946
estabelecimento de saúde;VISO SERVICOS MEDICO E ODONTOLOGICO;Cuiabá;1.8;até 2 km;manso_capital;;Não;sem atendimento hospitalar;-56.100778;-15.60168
estabelecimento de saúde;NATCLIN CLINICA ODONTOLOGICA;Cuiabá;1.8;até 2 km;manso_capital;;Não;sem atendimento hospitalar;-56.100803;-15.601671
estabelecimento de saúde;MANOEL ROMULO RIZENTAL PINTO;Cuiabá;1.8;até 2 km;manso_capital;;Não;sem atendimento hospitalar;-56.103739;-15.601119
estabelecimento de saúde;DANIELA MARIA ROSSETTO;Cuiabá;1.8;até 2 km;manso_capital;;Não;sem atendimento hospitalar;-56.103589;-15.601176
estabelecimento de saúde;CONSULTORIO ODONTOLOGICO BERNAR MONTEIRO BENITES;Cuiabá;1.8;até 2 km;manso_capital;;Não;sem atendimento hospitalar;-56.103707;-15.601124
estabelecimento de saúde;POSTO DE SAUDE DE VILA RECREIO;Barão de Melgaço;1.81;até 2 km;jusante_capital;;Não;sem atendimento hospitalar;-55.948305;-16.194008
estabelecimento de saúde;IMATI;Cuiabá;1.81;até 2 km;manso_capital;;;sem atendimento hospitalar;-56.09434;-15.646372
estabelecimento de saúde;SECRETARIA MUNICIPAL DE SAUDE DE CUIABA;Cuiabá;1.81;até 2 km;manso_capital;;;sem atendimento hospitalar;-56.118164;-15.589202
estabelecimento de saúde;CENTRO REGIONAL DE REFERENCIA EM SAUDE DO TRABALHADOR;Cuiabá;1.81;até 2 km;manso_capital;;Não;sem atendimento hospitalar;-56.108395;-15.600988
estabelecimento de saúde;PROJETO CATARATA;Cuiabá;1.82;até 2 km;manso_capital;;Não;sem atendimento hospitalar;-56.106586;-15.600725
estabelecimento de saúde;SONICARDIO;Cuiabá;1.82;até 2 km;manso_capital;;Não;sem atendimento hospitalar;-56.097749;-15.602539
estabelecimento de saúde;USF RIBEIRAO DA PONTE;Cuiabá;1.82;até 2 km;manso_capital;;Não;sem atendimento hospitalar;-56.116573;-15.5818
estabelecimento de saúde;ONCOLOG;Várzea Grande;1.82;até 2 km;manso_capital;;Não;sem atendimento hospitalar;-56.13606;-15.64492
estabelecimento de saúde;LABORSAN;Várzea Grande;1.82;até 2 km;manso_capital;;Não;sem atendimento hospitalar;-56.131511;-15.646118
estabelecimento de saúde;ISGHP;Cuiabá;1.83;até 2 km;manso_capital;;Não;sem atendimento hospitalar;-56.106708;-15.600675
estabelecimento de saúde;SURGERY MT;Várzea Grande;1.83;até 2 km;manso_capital;;Não;sem atendimento hospitalar;-56.131103;-15.646284
estabelecimento de saúde;HR ESTETICA;Várzea Grande;1.83;até 2 km;manso_capital;;Não;sem atendimento hospitalar;-56.104496;-15.63932
estabelecimento de saúde;DROGARAIA DS1904;Várzea Grande;1.83;até 2 km;manso_capital;;Não;sem atendimento hospitalar;-56.104292;-15.639413
estabelecimento de saúde;CLINITRAN ESPECIALISTA EM PSICOLOGIA DE TRAFEGO;Cuiabá;1.84;até 2 km;manso_capital;;Não;sem atendimento hospitalar;-56.076184;-15.617386
estabelecimento de saúde;CEDILAB BARAO;Cuiabá;1.84;até 2 km;manso_capital;;Não;sem atendimento hospitalar;-56.101875;-15.600986
estabelecimento de saúde;ELOISA HELENA PACHECO LESSA;Cuiabá;1.84;até 2 km;manso_capital;;Não;sem atendimento hospitalar;-56.092678;-15.605322
estabelecimento de saúde;AGUIAR FARINA;Cuiabá;1.84;até 2 km;manso_capital;;Não;sem atendimento hospitalar;-56.100919;-15.601263
estabelecimento de saúde;JANICE LILIAN PARENTE DE AVILA;Cuiabá;1.84;até 2 km;manso_capital;;Não;sem atendimento hospitalar;-56.100869;-15.601209
estabelecimento de saúde;SAMU 192 CUIABA USA A3;Cuiabá;1.84;até 2 km;jusante_capital;;;sem atendimento hospitalar;-56.058533;-15.634103
estabelecimento de saúde;CONSULTORIO ODONTOLOGICO;Cuiabá;1.84;até 2 km;manso_capital;;Não;sem atendimento hospitalar;-56.100901;-15.601253
estabelecimento de saúde;ODONTO PRIME;Cuiabá;1.84;até 2 km;manso_capital;;Não;sem atendimento hospitalar;-56.100692;-15.601298
estabelecimento de saúde;CLINICA PEQUENO PRINCIPE;Cuiabá;1.85;até 2 km;manso_capital;;Não;sem atendimento hospitalar;-56.089647;-15.607667
estabelecimento de saúde;LARISSA CAMARGO COELHO;Cuiabá;1.85;até 2 km;manso_capital;;Não;sem atendimento hospitalar;-56.12333;-15.596605
estabelecimento de saúde;COE CLINICA ORTOESTETICA;Cuiabá;1.85;até 2 km;manso_capital;;Não;sem atendimento hospitalar;-56.100909;-15.601167
estabelecimento de saúde;CEDIC CEDILAB BARAO;Cuiabá;1.85;até 2 km;manso_capital;;Não;sem atendimento hospitalar;-56.101793;-15.600912
estabelecimento de saúde;DROGASIL DS0721;Várzea Grande;1.85;até 2 km;manso_capital;;;sem atendimento hospitalar;-56.130201;-15.646537
estabelecimento de saúde;MC VASCULARES SERVICOS MEDICOS;Cuiabá;1.86;até 2 km;manso_capital;;Não;sem atendimento hospitalar;-56.094045;-15.604154
estabelecimento de saúde;R R DA SILVA FISIOTERAPEUTA;Cuiabá;1.86;até 2 km;manso_capital;;Não;sem atendimento hospitalar;-56.120562;-15.605774
estabelecimento de saúde;ADRIANA MARIA BUENO BRANDAO;Cuiabá;1.86;até 2 km;manso_capital;;Não;sem atendimento hospitalar;-56.084888;-15.611642
estabelecimento de saúde;IPPS INSTITUTO DE PROMOCAO E PREVENCAO A SAUDE;Cuiabá;1.86;até 2 km;manso_capital;;Não;sem atendimento hospitalar;-56.084895;-15.611689
estabelecimento de saúde;ODONTOLOGIA;Várzea Grande;1.86;até 2 km;manso_capital;;Não;sem atendimento hospitalar;-56.132519;-15.646346
estabelecimento de saúde;SINGULUS INTERVENCOES;Cuiabá;1.87;até 2 km;manso_capital;;Não;sem atendimento hospitalar;-56.11822;-15.603782
estabelecimento de saúde;INTEGRATUM SAUDE;Cuiabá;1.87;até 2 km;manso_capital;;Não;sem atendimento hospitalar;-56.118231;-15.603813
estabelecimento de saúde;CLINICA DE SAUDE NUTRICIONAL MACENA;Cuiabá;1.87;até 2 km;manso_capital;;Não;sem atendimento hospitalar;-56.100927;-15.600977
estabelecimento de saúde;JOEL BRANDAO MOLINA;Cuiabá;1.87;até 2 km;manso_capital;;Não;sem atendimento hospitalar;-56.099939;-15.601244
estabelecimento de saúde;INSTITUTO DE SAUDE VIDA NOVA;Cuiabá;1.87;até 2 km;manso_capital;;Não;sem atendimento hospitalar;-56.099939;-15.601244
estabelecimento de saúde;UNIDADE DE PRONTO ATENDIMENTO PASCOAL RAMOS;Cuiabá;1.87;até 2 km;manso_capital;;Não;sem atendimento hospitalar;-56.114452;-15.601813
estabelecimento de saúde;CLINICA SAO BENICIO;Várzea Grande;1.87;até 2 km;manso_capital;;Não;sem atendimento hospitalar;-56.107281;-15.639916
estabelecimento de saúde;CLINICA ODONTOLOGICA MURIEL;Cuiabá;1.88;até 2 km;manso_capital;;Não;sem atendimento hospitalar;-56.116105;-15.584573
estabelecimento de saúde;VIVA CENTRO ODONTOLOGICO;Várzea Grande;1.88;até 2 km;manso_capital;;Não;sem atendimento hospitalar;-56.132197;-15.646614
estabelecimento de saúde;USF JARDIM IMPERIAL;Várzea Grande;1.88;até 2 km;manso_capital;;Não;sem atendimento hospitalar;-56.133056;-15.646469
estabelecimento de saúde;MEDCENTRO;Várzea Grande;1.88;até 2 km;manso_capital;;Não;sem atendimento hospitalar;-56.103466;-15.640684
estabelecimento de saúde;LETICIA MARQUES DE SIQUEIRA;Várzea Grande;1.88;até 2 km;manso_capital;;Não;sem atendimento hospitalar;-56.132712;-15.646531
estabelecimento de saúde;JL FISIO;Cuiabá;1.89;até 2 km;manso_capital;;Não;sem atendimento hospitalar;-56.122111;-15.600662
estabelecimento de saúde;NATIVA FARMACIA DE MANIPULACAO;Cuiabá;1.89;até 2 km;manso_capital;;Não;sem atendimento hospitalar;-56.121135;-15.594909
estabelecimento de saúde;LABORATORIO BIOEXAME;Cuiabá;1.89;até 2 km;manso_capital;;Não;sem atendimento hospitalar;-56.095126;-15.603183
estabelecimento de saúde;ULTRALAB ULTRASSOM;Cuiabá;1.89;até 2 km;manso_capital;;Não;sem atendimento hospitalar;-56.12081;-15.594555
estabelecimento de saúde;REHAB;Cuiabá;1.89;até 2 km;manso_capital;;Não;sem atendimento hospitalar;-56.122079;-15.600672
estabelecimento de saúde;AFIP;Cuiabá;1.89;até 2 km;manso_capital;;Não;sem atendimento hospitalar;-56.093708;-15.604019
estabelecimento de saúde;IRDESI;Várzea Grande;1.89;até 2 km;manso_capital;;Não;sem atendimento hospitalar;-56.132648;-15.646593
estabelecimento de saúde;BIOLOGICA FARMACIA DE MANIPULACAO;Cuiabá;1.9;até 2 km;manso_capital;;Não;sem atendimento hospitalar;-56.094054;-15.603654
estabelecimento de saúde;NUTRICAO COM HARMONIA;Cuiabá;1.9;até 2 km;manso_capital;;Não;sem atendimento hospitalar;-56.115207;-15.601777
estabelecimento de saúde;JOSE ARAUJO SILVA;Cuiabá;1.9;até 2 km;manso_capital;;Não;sem atendimento hospitalar;-56.099272;-15.601148
estabelecimento de saúde;ESPACO ESTIMULAR FONOAUDIOLOGIA E REABILITACAO;Cuiabá;1.9;até 2 km;manso_capital;;Não;sem atendimento hospitalar;-56.095362;-15.602965
estabelecimento de saúde;CLINICA FRUTIFICAR;Cuiabá;1.9;até 2 km;manso_capital;;Não;sem atendimento hospitalar;-56.116211;-15.586265
estabelecimento de saúde;COGN ACAO CLINICA MULTIDISCIPLINAR;Cuiabá;1.9;até 2 km;manso_capital;;Não;sem atendimento hospitalar;-56.109105;-15.600278
estabelecimento de saúde;INSTITUTO DE REUMATOLOGIA E ENDOCRINOLOGIA DE MT;Cuiabá;1.91;até 2 km;manso_capital;;Não;sem atendimento hospitalar;-56.120523;-15.5945
estabelecimento de saúde;OFTALMOLASER;Cuiabá;1.91;até 2 km;manso_capital;;Não;sem atendimento hospitalar;-56.120523;-15.5945
estabelecimento de saúde;NADIM AMUI JUNIOR;Cuiabá;1.91;até 2 km;manso_capital;;Não;sem atendimento hospitalar;-56.120523;-15.5945
estabelecimento de saúde;DEOCLECIANO OLIVEIRA FILHO;Cuiabá;1.91;até 2 km;manso_capital;;Não;sem atendimento hospitalar;-56.09349;-15.60391
estabelecimento de saúde;MARILIA GABRIELA RORATO;Cuiabá;1.91;até 2 km;manso_capital;;Não;sem atendimento hospitalar;-56.120523;-15.5945
estabelecimento de saúde;POSTO DE SAUDE DE BAUS;Acorizal;1.92;até 2 km;manso_capital;;Não;sem atendimento hospitalar;-56.295097;-15.235251
estabelecimento de saúde;CARDIOCORE;Cuiabá;1.92;até 2 km;manso_capital;;Não;sem atendimento hospitalar;-56.093278;-15.60396
estabelecimento de saúde;IMAGGI;Cuiabá;1.92;até 2 km;manso_capital;;Não;sem atendimento hospitalar;-56.086686;-15.609196
estabelecimento de saúde;ROSACLIN;Cuiabá;1.92;até 2 km;manso_capital;;Não;sem atendimento hospitalar;-56.117306;-15.589844
estabelecimento de saúde;VANDA PARREIRA DE ARAUJO SILVA;Cuiabá;1.92;até 2 km;manso_capital;;Não;sem atendimento hospitalar;-56.120475;-15.594638
estabelecimento de saúde;CLINICA DO BEM;Várzea Grande;1.92;até 2 km;manso_capital;;Não;sem atendimento hospitalar;-56.132948;-15.646841
estabelecimento de saúde;ECARDIO CARDIOLOGIA INTEGRADA;Várzea Grande;1.92;até 2 km;manso_capital;;Não;sem atendimento hospitalar;-56.133034;-15.646779
estabelecimento de saúde;SENEPE MT;Cuiabá;1.93;até 2 km;manso_capital;;Não;sem atendimento hospitalar;-56.111991;-15.600526
estabelecimento de saúde;VIDA OTORRINO;Várzea Grande;1.93;até 2 km;manso_capital;;Não;sem atendimento hospitalar;-56.129582;-15.647324
estabelecimento de saúde;ERIKA REIS MAGALHAES;Várzea Grande;1.93;até 2 km;manso_capital;;Não;sem atendimento hospitalar;-56.133764;-15.646759
estabelecimento de saúde;PEDRO CARLOS FRANCESCHINI FILHO;Várzea Grande;1.93;até 2 km;manso_capital;;Não;sem atendimento hospitalar;-56.132927;-15.646965
estabelecimento de saúde;CEDIEN;Várzea Grande;1.93;até 2 km;manso_capital;;Não;sem atendimento hospitalar;-56.133935;-15.646676
estabelecimento de saúde;GLAZIELLEN LARA CARVALHAES DE OLIVEIRA;Várzea Grande;1.93;até 2 km;manso_capital;;Não;sem atendimento hospitalar;-56.132605;-15.646986
estabelecimento de saúde;USF SANTA TEREZINHA;Cuiabá;1.94;até 2 km;jusante_capital;;Não;sem atendimento hospitalar;-56.051873;-15.647607
estabelecimento de saúde;MARCELA SILVA OLIVEIRA FREIRE;Cuiabá;1.94;até 2 km;manso_capital;;Não;sem atendimento hospitalar;-56.122293;-15.599263
estabelecimento de saúde;VITALLE CHILDREN INTEGRACAO E REABILITACAO;Cuiabá;1.94;até 2 km;manso_capital;;Não;sem atendimento hospitalar;-56.117248;-15.590041
estabelecimento de saúde;HUMANIZE SAUDE MAIS;Cuiabá;1.94;até 2 km;manso_capital;;Não;sem atendimento hospitalar;-56.094786;-15.602861
estabelecimento de saúde;PANTANAL MED;Cuiabá;1.94;até 2 km;manso_capital;;Não;sem atendimento hospitalar;-56.120225;-15.594653
estabelecimento de saúde;IDC;Cuiabá;1.94;até 2 km;manso_capital;;Não;sem atendimento hospitalar;-56.121801;-15.596169
estabelecimento de saúde;ABACS;Várzea Grande;1.94;até 2 km;manso_capital;;Não;sem atendimento hospitalar;-56.133;-15.647
estabelecimento de saúde;SINAPSES;Várzea Grande;1.94;até 2 km;manso_capital;;Não;sem atendimento hospitalar;-56.133;-15.647
estabelecimento de saúde;DENTESIM;Várzea Grande;1.94;até 2 km;manso_capital;;Não;sem atendimento hospitalar;-56.132884;-15.647007
estabelecimento de saúde;VIDA VACINAS;Várzea Grande;1.94;até 2 km;manso_capital;;;sem atendimento hospitalar;-56.133;-15.647
estabelecimento de saúde;SAUDE LIVRE;Várzea Grande;1.94;até 2 km;manso_capital;;Não;sem atendimento hospitalar;-56.133;-15.647
estabelecimento de saúde;CRISTIANE MIRANDA CLINICA DE NUTRICAO;Várzea Grande;1.94;até 2 km;manso_capital;;Não;sem atendimento hospitalar;-56.132905;-15.647027
estabelecimento de saúde;JOSIAS SANTOS GUIMARAES;Várzea Grande;1.94;até 2 km;manso_capital;;Não;sem atendimento hospitalar;-56.133;-15.647
estabelecimento de saúde;LIBERDADE CENTRO DE REABILITACAO PARA DEPENDETES QUI;Várzea Grande;1.94;até 2 km;manso_capital;;Não;sem atendimento hospitalar;-56.133;-15.647
estabelecimento de saúde;CONSULTORIO ODONTOLOGICO ELZA ARRUDA;Várzea Grande;1.94;até 2 km;manso_capital;;Não;sem atendimento hospitalar;-56.133184;-15.646945
estabelecimento de saúde;LABORMED LABORATORIOS MEDICOS DE ANALISES CLINICAS;Várzea Grande;1.94;até 2 km;manso_capital;;Não;sem atendimento hospitalar;-56.133;-15.647
estabelecimento de saúde;CONSULTORIO ODONTOLOGICO PAULO CESAR;Várzea Grande;1.94;até 2 km;manso_capital;;Não;sem atendimento hospitalar;-56.133024;-15.647017
estabelecimento de saúde;CENTRO DE RESSOCIALIZACAO INDUSTRIAL AHMENON LEMOS DANTAS;Várzea Grande;1.94;até 2 km;manso_capital;;Não;sem atendimento hospitalar;-56.133142;-15.646996
estabelecimento de saúde;DENTECLIN II;Várzea Grande;1.94;até 2 km;manso_capital;;Não;sem atendimento hospitalar;-56.133;-15.647
estabelecimento de saúde;CENTRO DE ACOLHIMENTO COVID 19 IPASE;Várzea Grande;1.94;até 2 km;manso_capital;;Não;sem atendimento hospitalar;-56.133;-15.647
estabelecimento de saúde;ORTHOFISIO;Várzea Grande;1.94;até 2 km;manso_capital;;Não;sem atendimento hospitalar;-56.133;-15.647
estabelecimento de saúde;CAMPI CENTRO DE ACOLHIMENTO SOCIAL;Várzea Grande;1.94;até 2 km;manso_capital;;Não;sem atendimento hospitalar;-56.133034;-15.647017
estabelecimento de saúde;ASSOCIACAO PARA TODOS VEREM;Várzea Grande;1.94;até 2 km;manso_capital;;Não;sem atendimento hospitalar;-56.133056;-15.646976
estabelecimento de saúde;BUCAIR BUCOMAXILOFACIAL;Várzea Grande;1.94;até 2 km;manso_capital;;Não;sem atendimento hospitalar;-56.132959;-15.646981
estabelecimento de saúde;LABORATORIO DE ANALISES CLINICAS VITAL BRASIL;Várzea Grande;1.94;até 2 km;manso_capital;;Não;sem atendimento hospitalar;-56.132948;-15.647048
estabelecimento de saúde;LABORSAN;Várzea Grande;1.94;até 2 km;manso_capital;;Não;sem atendimento hospitalar;-56.133;-15.647
estabelecimento de saúde;DROGARIAS MAXI POPULAR;Várzea Grande;1.94;até 2 km;manso_capital;;Não;sem atendimento hospitalar;-56.133;-15.647
estabelecimento de saúde;PSI INFANTIL WANESSA ABA;Várzea Grande;1.94;até 2 km;manso_capital;;Não;sem atendimento hospitalar;-56.133;-15.647
estabelecimento de saúde;LABORATORIO UNIMED CUIABA FILINTO MULLER;Várzea Grande;1.94;até 2 km;manso_capital;;;sem atendimento hospitalar;-56.133;-15.647
estabelecimento de saúde;LABORATORIO UNIMED CUIABA CRISTO REI;Várzea Grande;1.94;até 2 km;manso_capital;;;sem atendimento hospitalar;-56.133;-15.647
estabelecimento de saúde;CLINICA ODONTOLOGICA ENEIDA AMADO ME;Várzea Grande;1.94;até 2 km;manso_capital;;Não;sem atendimento hospitalar;-56.133;-15.647
estabelecimento de saúde;RECOVERY CLINIC;Várzea Grande;1.94;até 2 km;manso_capital;;Não;sem atendimento hospitalar;-56.133;-15.647
estabelecimento de saúde;CORACAO EM DIA;Várzea Grande;1.94;até 2 km;manso_capital;;Não;sem atendimento hospitalar;-56.132841;-15.646986
estabelecimento de saúde;BRUNA PSICOLOGA;Várzea Grande;1.94;até 2 km;manso_capital;;Não;sem atendimento hospitalar;-56.133034;-15.646955
estabelecimento de saúde;RAIA DROGARIA;Várzea Grande;1.94;até 2 km;manso_capital;;Não;sem atendimento hospitalar;-56.133077;-15.647007
estabelecimento de saúde;CARDIOINTERV SERVICOS DE CARDIOLOGIA INTERVENCIONISTA;Várzea Grande;1.94;até 2 km;manso_capital;;Sim;atendimento hospitalar;-56.133066;-15.647027
estabelecimento de saúde;CLINICA PRONTIL;Várzea Grande;1.94;até 2 km;manso_capital;;Não;sem atendimento hospitalar;-56.133;-15.647
estabelecimento de saúde;LUCIANA BAUTZ DA SILVA IBANEZ;Várzea Grande;1.94;até 2 km;manso_capital;;Não;sem atendimento hospitalar;-56.132927;-15.647048
estabelecimento de saúde;ILTON JOSE SARAGIOTTO;Várzea Grande;1.94;até 2 km;manso_capital;;Não;sem atendimento hospitalar;-56.132798;-15.647027
estabelecimento de saúde;MIGUEL ANGEL FERRIER CUELLAR;Várzea Grande;1.94;até 2 km;manso_capital;;Não;sem atendimento hospitalar;-56.133;-15.647
estabelecimento de saúde;JANINE NAZARETH DE ARRUDA;Várzea Grande;1.94;até 2 km;manso_capital;;Não;sem atendimento hospitalar;-56.133;-15.647
estabelecimento de saúde;CLINICA FAMILY;Várzea Grande;1.94;até 2 km;manso_capital;;Não;sem atendimento hospitalar;-56.133;-15.647
estabelecimento de saúde;SHALON ADONAI ULTRASONOGRAFIA;Várzea Grande;1.94;até 2 km;manso_capital;;Não;sem atendimento hospitalar;-56.133;-15.647
estabelecimento de saúde;DR MICHEL PATRICK DO AMARAL SILVA;Várzea Grande;1.94;até 2 km;manso_capital;;Não;sem atendimento hospitalar;-56.133077;-15.647027
estabelecimento de saúde;CARDIOVITTA;Várzea Grande;1.94;até 2 km;manso_capital;;Não;sem atendimento hospitalar;-56.133;-15.647
estabelecimento de saúde;MARS ODONTOLOGIA INTEGRADA;Várzea Grande;1.94;até 2 km;manso_capital;;Não;sem atendimento hospitalar;-56.133;-15.647
estabelecimento de saúde;DNR CLINICA DE ORTOPEDIA;Várzea Grande;1.94;até 2 km;manso_capital;;Não;sem atendimento hospitalar;-56.133;-15.647
estabelecimento de saúde;CENTRO TERAPEUTICO NOVA MULHER;Várzea Grande;1.94;até 2 km;manso_capital;;Não;sem atendimento hospitalar;-56.133;-15.647
estabelecimento de saúde;MARISA FRATARI TAVARES DE SOUZA;Várzea Grande;1.94;até 2 km;manso_capital;;Não;sem atendimento hospitalar;-56.133;-15.647
estabelecimento de saúde;K S SOUSA DO NASCIMENTO LEITE EIRELI;Várzea Grande;1.94;até 2 km;manso_capital;;Não;sem atendimento hospitalar;-56.132841;-15.647027
estabelecimento de saúde;SERVICO CLINICO;Várzea Grande;1.94;até 2 km;manso_capital;;Não;sem atendimento hospitalar;-56.133142;-15.646986
estabelecimento de saúde;VIDA PREMIUM;Cuiabá;1.95;até 2 km;manso_capital;;Não;sem atendimento hospitalar;-56.114473;-15.601014
estabelecimento de saúde;HOSPITAL ESTADUAL SANTA CASA;Cuiabá;1.95;até 2 km;manso_capital;;Sim;atendimento hospitalar;-56.095312;-15.602404
estabelecimento de saúde;FARMACIA NATURALIS;Cuiabá;1.95;até 2 km;manso_capital;;Não;sem atendimento hospitalar;-56.119956;-15.594477
estabelecimento de saúde;GABINETE DA PRESIDENCIA;Cuiabá;1.95;até 2 km;manso_capital;;Não;sem atendimento hospitalar;-56.101472;-15.600103
estabelecimento de saúde;CUIABA HOME CARE ASSISTENCIA MEDICA DOMICILIAR;Cuiabá;1.95;até 2 km;manso_capital;;;sem atendimento hospitalar;-56.09979;-15.600522
estabelecimento de saúde;CLINICA DE FISIOTERAPIA RONALDO MOLINA;Cuiabá;1.95;até 2 km;manso_capital;;Não;sem atendimento hospitalar;-56.098895;-15.600869
estabelecimento de saúde;CLINICA MULTIPROFISSIONAL NEURO SAUDE;Cuiabá;1.95;até 2 km;manso_capital;;Não;sem atendimento hospitalar;-56.114494;-15.601024
estabelecimento de saúde;ALZICLEIDE FLORENCIO PINHEIRO;Cuiabá;1.95;até 2 km;manso_capital;;Não;sem atendimento hospitalar;-56.09438;-15.602982
estabelecimento de saúde;HANI HAMED FARES;Cuiabá;1.95;até 2 km;manso_capital;;Não;sem atendimento hospitalar;-56.075291;-15.616747
estabelecimento de saúde;CCEO;Várzea Grande;1.95;até 2 km;manso_capital;;Não;sem atendimento hospitalar;-56.132991;-15.647058
estabelecimento de saúde;DENSIMAT;Várzea Grande;1.95;até 2 km;manso_capital;;;sem atendimento hospitalar;-56.133099;-15.647089
estabelecimento de saúde;VIDA SERVICOS FONOAUDIOLOGICO;Várzea Grande;1.95;até 2 km;manso_capital;;Não;sem atendimento hospitalar;-56.133163;-15.647069
estabelecimento de saúde;ESPACO SENSORIAL TERAPEUTICO OCUPACIONAL VARZEA GRANDE;Várzea Grande;1.95;até 2 km;manso_capital;;Não;sem atendimento hospitalar;-56.133077;-15.647048
estabelecimento de saúde;VIMEDIC SERVICOS MEDICOS;Várzea Grande;1.95;até 2 km;manso_capital;;Não;sem atendimento hospitalar;-56.133142;-15.647048
estabelecimento de saúde;EXACOR EXAMES DO CORACAO;Várzea Grande;1.95;até 2 km;manso_capital;;Não;sem atendimento hospitalar;-56.13312;-15.647048
estabelecimento de saúde;ARTHUR ATHANASIO NETO;Várzea Grande;1.95;até 2 km;manso_capital;;Não;sem atendimento hospitalar;-56.133184;-15.647007
estabelecimento de saúde;WALDEMAR VAZ DA SILVA JUNIOR;Cuiabá;1.96;até 2 km;manso_capital;;Não;sem atendimento hospitalar;-56.116897;-15.58967
estabelecimento de saúde;NIP MT;Cuiabá;1.96;até 2 km;manso_capital;;Não;sem atendimento hospitalar;-56.114537;-15.600993
estabelecimento de saúde;CLINICA REATIVE MULTIDISCIPLINAR;Cuiabá;1.96;até 2 km;manso_capital;;Não;sem atendimento hospitalar;-56.119355;-15.593738
estabelecimento de saúde;ANDREIA DE C CORREA E VALDIR A HEBERLE LTDA;Cuiabá;1.96;até 2 km;manso_capital;;Não;sem atendimento hospitalar;-56.100603;-15.600186
estabelecimento de saúde;SUPERARE CLINICA DE SAUDE EMOCIONAL;Cuiabá;1.96;até 2 km;manso_capital;;Não;sem atendimento hospitalar;-56.120339;-15.594974
estabelecimento de saúde;CENTRAL DO DENTE;Várzea Grande;1.96;até 2 km;manso_capital;;Não;sem atendimento hospitalar;-56.135247;-15.646613
estabelecimento de saúde;VIDA ODONTO CENTRO ODONTOLOGICO;Várzea Grande;1.96;até 2 km;manso_capital;;Não;sem atendimento hospitalar;-56.134429;-15.646821
estabelecimento de saúde;DIAGNOSTICO ANALISES CLINICAS;Cuiabá;1.97;até 2 km;manso_capital;;Não;sem atendimento hospitalar;-56.11607;-15.587993
estabelecimento de saúde;CENTRO DE INFUSAO DE BIOLOGICOS DE MT;Cuiabá;1.97;até 2 km;manso_capital;;Não;sem atendimento hospitalar;-56.119881;-15.594606
estabelecimento de saúde;MARIA LUCIA SADDI ORNELLAS DE ALMEIDA;Cuiabá;1.97;até 2 km;manso_capital;;Não;sem atendimento hospitalar;-56.099866;-15.600337
estabelecimento de saúde;MORRONI SERVICOS MEDICOS;Cuiabá;1.97;até 2 km;manso_capital;;Não;sem atendimento hospitalar;-56.119849;-15.594617
estabelecimento de saúde;DENSIMAT;Cuiabá;1.97;até 2 km;manso_capital;;Não;sem atendimento hospitalar;-56.119913;-15.594622
estabelecimento de saúde;CENTRO OTORRINO;Cuiabá;1.97;até 2 km;manso_capital;;Não;sem atendimento hospitalar;-56.121953;-15.596708
estabelecimento de saúde;PONDERAR SOLUCOES EM SAUDE;Cuiabá;1.97;até 2 km;manso_capital;;Não;sem atendimento hospitalar;-56.120007;-15.594774
estabelecimento de saúde;CENTRO DE ALERGIA DE MATO GROSSO LTDA;Cuiabá;1.97;até 2 km;manso_capital;;Não;sem atendimento hospitalar;-56.081925;-15.612866
estabelecimento de saúde;INSTITUTO VITALLE TERAPIAS INTEGRADAS;Cuiabá;1.97;até 2 km;manso_capital;;Não;sem atendimento hospitalar;-56.116917;-15.58997
estabelecimento de saúde;DR NAVANTINO REINERS BORBA;Cuiabá;1.97;até 2 km;manso_capital;;Não;sem atendimento hospitalar;-56.115419;-15.585298
estabelecimento de saúde;SATICO NOMURA;Cuiabá;1.97;até 2 km;manso_capital;;Não;sem atendimento hospitalar;-56.120357;-15.595209
estabelecimento de saúde;ANGELITA CARLOTTO DE ABREU;Cuiabá;1.97;até 2 km;manso_capital;;Não;sem atendimento hospitalar;-56.120273;-15.595051
estabelecimento de saúde;ANA LUCIA ALVES LACERDA MONTEIRO;Cuiabá;1.97;até 2 km;manso_capital;;Não;sem atendimento hospitalar;-56.120324;-15.595175
estabelecimento de saúde;CENTRAL DE REGULACAO DAS URGENCIAS SAMU 192 SUS MT;Cuiabá;1.97;até 2 km;manso_capital;;Não;sem atendimento hospitalar;-56.10236;-15.599705
estabelecimento de saúde;JULIANA LUCIENE BUDOIA ME;Cuiabá;1.97;até 2 km;manso_capital;;Não;sem atendimento hospitalar;-56.102574;-15.5997
estabelecimento de saúde;CENTRO ODONTOLOGICO DO POVO;Várzea Grande;1.97;até 2 km;manso_capital;;;sem atendimento hospitalar;-56.133056;-15.647275
estabelecimento de saúde;ROMA SERVICOS MEDICOS;Várzea Grande;1.97;até 2 km;manso_capital;;Não;sem atendimento hospitalar;-56.133753;-15.647136
estabelecimento de saúde;ELIANE SOLANGE DE SOUZA PIRES;Várzea Grande;1.97;até 2 km;manso_capital;;Não;sem atendimento hospitalar;-56.133099;-15.647296
estabelecimento de saúde;AMA CLINICA INTEGRADA;Cuiabá;1.98;até 2 km;manso_capital;;Não;sem atendimento hospitalar;-56.072224;-15.618661
estabelecimento de saúde;INSTITUTO EXPRESSAR;Cuiabá;1.98;até 2 km;manso_capital;;Não;sem atendimento hospitalar;-56.120007;-15.594937
estabelecimento de saúde;ORTOPMT SERVICOS MEDICOS LTDA;Cuiabá;1.98;até 2 km;manso_capital;;Não;sem atendimento hospitalar;-56.119991;-15.594898
estabelecimento de saúde;IPEC;Cuiabá;1.98;até 2 km;manso_capital;;Não;sem atendimento hospitalar;-56.120189;-15.595158
estabelecimento de saúde;PRIME DIAGNOSTICO POR IMAGEM;Cuiabá;1.98;até 2 km;manso_capital;;Não;sem atendimento hospitalar;-56.115432;-15.586117
estabelecimento de saúde;INCARDIO;Cuiabá;1.98;até 2 km;manso_capital;;Não;sem atendimento hospitalar;-56.115983;-15.588111
estabelecimento de saúde;CATIVA PSICOLOGIA;Cuiabá;1.98;até 2 km;manso_capital;;Não;sem atendimento hospitalar;-56.119833;-15.594695
estabelecimento de saúde;ADRIANA LIMA FONOAUDIOLOGIA LTDA;Cuiabá;1.98;até 2 km;manso_capital;;Não;sem atendimento hospitalar;-56.121967;-15.596848
estabelecimento de saúde;PAULA GOULART PUPPIM;Cuiabá;1.98;até 2 km;manso_capital;;Não;sem atendimento hospitalar;-56.120331;-15.595201
estabelecimento de saúde;JULIANA DA COSTA MARQUES;Cuiabá;1.98;até 2 km;manso_capital;;Não;sem atendimento hospitalar;-56.119527;-15.594364
estabelecimento de saúde;CEDILAB JARDIM CUIABA;Cuiabá;1.98;até 2 km;manso_capital;;Não;sem atendimento hospitalar;-56.119794;-15.594703
estabelecimento de saúde;COMPLEXO REGULADOR ESTADUAL;Cuiabá;1.98;até 2 km;manso_capital;;;sem atendimento hospitalar;-56.10235;-15.599663
estabelecimento de saúde;VALLE MEDICAL;Cuiabá;1.98;até 2 km;manso_capital;;Não;sem atendimento hospitalar;-56.119657;-15.594487
estabelecimento de saúde;CLINICA ABC;Várzea Grande;1.98;até 2 km;manso_capital;;;sem atendimento hospitalar;-56.135459;-15.646676
estabelecimento de saúde;OI MAMAE;Várzea Grande;1.98;até 2 km;manso_capital;;Não;sem atendimento hospitalar;-56.13312;-15.647379
estabelecimento de saúde;VIDA ENDOSCOPIA;Várzea Grande;1.98;até 2 km;manso_capital;;Não;sem atendimento hospitalar;-56.137884;-15.645622
estabelecimento de saúde;CLINICA EMANA AMOR;Cuiabá;1.99;até 2 km;manso_capital;;Não;sem atendimento hospitalar;-56.115463;-15.5865
estabelecimento de saúde;CLINICA MENTORI;Cuiabá;1.99;até 2 km;manso_capital;;Não;sem atendimento hospitalar;-56.119954;-15.595026
estabelecimento de saúde;ERASMO FIGUEIREDO ALVES CORREA;Cuiabá;1.99;até 2 km;manso_capital;;Não;sem atendimento hospitalar;-56.110816;-15.599711
estabelecimento de saúde;CLINICA RESSIGNIFICA;Cuiabá;1.99;até 2 km;manso_capital;;Não;sem atendimento hospitalar;-56.093697;-15.602945
estabelecimento de saúde;ALEXANDRA SALES LOTUFO;Cuiabá;1.99;até 2 km;manso_capital;;Não;sem atendimento hospitalar;-56.119908;-15.594886
estabelecimento de saúde;MAME MAIS FONOAUDIOLOGIA ESPECIALIZADA;Cuiabá;1.99;até 2 km;manso_capital;;Não;sem atendimento hospitalar;-56.121817;-15.596848
estabelecimento de saúde;SFX MEDICA;Cuiabá;1.99;até 2 km;manso_capital;;Não;sem atendimento hospitalar;-56.1158;-15.587685
estabelecimento de saúde;QUINDOM CLINICA DE PSICOLOGIA E TRATAMENTO MULTIDISCIPLINA;Cuiabá;1.99;até 2 km;manso_capital;;Não;sem atendimento hospitalar;-56.114602;-15.600654
estabelecimento de saúde;LINDOLFO ARAUJO FILHO;Cuiabá;1.99;até 2 km;manso_capital;;Não;sem atendimento hospitalar;-56.095351;-15.602048
estabelecimento de saúde;PRYSMA HOME CARE E REMOCAO;Cuiabá;1.99;até 2 km;manso_capital;;;sem atendimento hospitalar;-56.11954;-15.594457
estabelecimento de saúde;SMCP;Cuiabá;1.99;até 2 km;manso_capital;;Não;sem atendimento hospitalar;-56.119528;-15.594404
estabelecimento de saúde;ODONTOCLINIC CUIABA;Cuiabá;1.99;até 2 km;manso_capital;;Não;sem atendimento hospitalar;-56.100039;-15.600069
estabelecimento de saúde;CENTRAL ESTADUAL DE TRANSPLANTES;Cuiabá;1.99;até 2 km;manso_capital;;;sem atendimento hospitalar;-56.102039;-15.599663
estabelecimento de saúde;FLAVIA BATTITUZ;Cuiabá;1.99;até 2 km;manso_capital;;Não;sem atendimento hospitalar;-56.076215;-15.615675
estabelecimento de saúde;ULTRA PRIME MEDICINA DIAGNOSTICA;Cuiabá;1.99;até 2 km;manso_capital;;Não;sem atendimento hospitalar;-56.102076;-15.599594
estabelecimento de saúde;MANOEL DOS SANTOS DA SILVA NETO;Cuiabá;1.99;até 2 km;manso_capital;;Não;sem atendimento hospitalar;-56.076087;-15.615763
estabelecimento de saúde;MARCIA REGINA FALCAO DE ARRUDA CARMONA;Várzea Grande;1.99;até 2 km;manso_capital;;Não;sem atendimento hospitalar;-56.133506;-15.647379
estabelecimento de saúde;REDE ORTO VARZEA GRANDE;Várzea Grande;1.99;até 2 km;manso_capital;;Não;sem atendimento hospitalar;-56.136124;-15.646552
estabelecimento de saúde;CARLA PAIVA FONSECA;Cuiabá;2.0;até 2 km;manso_capital;;Não;sem atendimento hospitalar;-56.119331;-15.594324
estabelecimento de saúde;CLINICA MIND;Cuiabá;2.0;até 5 km;manso_capital;;Não;sem atendimento hospitalar;-56.119582;-15.59474
estabelecimento de saúde;SB PERAZOLO;Cuiabá;2.0;até 5 km;manso_capital;;Não;sem atendimento hospitalar;-56.115804;-15.588081
estabelecimento de saúde;COR;Cuiabá;2.0;até 5 km;manso_capital;;Não;sem atendimento hospitalar;-56.095406;-15.601873
estabelecimento de saúde;VISION LASER CIRURGIAS OFTALMOLOGICAS A LASER;Cuiabá;2.0;até 2 km;manso_capital;;Não;sem atendimento hospitalar;-56.11943;-15.594441
estabelecimento de saúde;PRO ORTO;Cuiabá;2.0;até 5 km;manso_capital;;Não;sem atendimento hospitalar;-56.119396;-15.594521
estabelecimento de saúde;CLINICA EQUILIBRIUM PSIQUIATRIA E PSICOLOGIA LTDA;Cuiabá;2.0;até 2 km;manso_capital;;Não;sem atendimento hospitalar;-56.115272;-15.586018
estabelecimento de saúde;ELIANE LOPES DE SANTA ROSA;Cuiabá;2.0;até 5 km;manso_capital;;Não;sem atendimento hospitalar;-56.095406;-15.601862
estabelecimento de saúde;BRILHANTE MENTE CLINICA ESP EM NEURODESENVOLVIMENTO;Cuiabá;2.0;até 5 km;manso_capital;;Não;sem atendimento hospitalar;-56.121775;-15.59702
estabelecimento de saúde;CLINVERT;Cuiabá;2.0;até 5 km;manso_capital;;Não;sem atendimento hospitalar;-56.09345;-15.602943
estabelecimento de saúde;VIDA CENTRO;Várzea Grande;2.0;até 5 km;manso_capital;;Não;sem atendimento hospitalar;-56.138527;-15.64554
estabelecimento de saúde;USF PARQUE DO LAGO DR LUCILO DE FREITAS MACEDO;Várzea Grande;2.0;até 5 km;jusante_capital;;Não;sem atendimento hospitalar;-56.090537;-15.662451
estabelecimento de saúde;USF VILA ARTHUR MARIA GALDINA DA SILVA;Várzea Grande;2.0;até 5 km;manso_capital;;Não;sem atendimento hospitalar;-56.13518;-15.647007
estabelecimento de saúde;RITA NEY DUARTE;Várzea Grande;2.0;até 2 km;manso_capital;;Não;sem atendimento hospitalar;-56.131833;-15.64773
estabelecimento de saúde;CENTRO DE ULTRASSOM;Cuiabá;2.01;até 5 km;manso_capital;;Não;sem atendimento hospitalar;-56.09422;-15.602407
estabelecimento de saúde;CARDIOCLIN;Cuiabá;2.01;até 5 km;manso_capital;;Não;sem atendimento hospitalar;-56.098922;-15.600227
estabelecimento de saúde;CENTRO OFTALMOLOGICO LTDA;Cuiabá;2.01;até 5 km;manso_capital;;Não;sem atendimento hospitalar;-56.093633;-15.602731
estabelecimento de saúde;CENTRO DE OFTALMOLOGIA ESPECIALIZADA SANTA CASA;Cuiabá;2.01;até 5 km;manso_capital;;Sim;atendimento hospitalar;-56.093487;-15.602886
estabelecimento de saúde;CONSULTORIO ODONTOLOGICO DRA LUCELENE QUECADA;Cuiabá;2.01;até 5 km;manso_capital;;Não;sem atendimento hospitalar;-56.093586;-15.602775
estabelecimento de saúde;MAGALHAES SERVICOS MEDICOS;Cuiabá;2.01;até 5 km;manso_capital;;Não;sem atendimento hospitalar;-56.115542;-15.587426
estabelecimento de saúde;ANDERSON KUNTZ GRZESIUK;Cuiabá;2.01;até 5 km;manso_capital;;Não;sem atendimento hospitalar;-56.119566;-15.594765
estabelecimento de saúde;FERNANDA RIBEIRO CARVALHO DOS SANTOS;Cuiabá;2.01;até 5 km;manso_capital;;Não;sem atendimento hospitalar;-56.076046;-15.615649
estabelecimento de saúde;CLINICA INTRO;Cuiabá;2.01;até 5 km;manso_capital;;Sim;atendimento hospitalar;-56.115194;-15.586153
estabelecimento de saúde;JAMIL BENEDITO BRANDAO;Cuiabá;2.01;até 5 km;manso_capital;;Não;sem atendimento hospitalar;-56.094201;-15.602467
estabelecimento de saúde;HELLEN CARLA ALVES DA SILVA;Cuiabá;2.01;até 5 km;manso_capital;;Não;sem atendimento hospitalar;-56.119397;-15.594533
estabelecimento de saúde;MARA VANIA VIEIRA DA SILVA;Cuiabá;2.01;até 5 km;manso_capital;;Não;sem atendimento hospitalar;-56.119518;-15.594772
estabelecimento de saúde;EXPECTA ATENDIMENTO E ASSISTENCIA A SAUDE;Cuiabá;2.01;até 5 km;manso_capital;;Não;sem atendimento hospitalar;-56.069771;-15.620398
estabelecimento de saúde;CLINICA ODONTOLOGICA CAVALEIRO;Várzea Grande;2.01;até 5 km;jusante_capital;;Não;sem atendimento hospitalar;-56.09059;-15.66235
estabelecimento de saúde;DESPERTARE;Várzea Grande;2.01;até 5 km;jusante_capital;;Não;sem atendimento hospitalar;-56.089239;-15.656511
estabelecimento de saúde;SONYA LUCIA NUNES;Várzea Grande;2.01;até 5 km;manso_capital;;Não;sem atendimento hospitalar;-56.130803;-15.647978
estabelecimento de saúde;DEBORA KASSIA DA SILVA;Várzea Grande;2.01;até 5 km;jusante_capital;;Não;sem atendimento hospitalar;-56.090569;-15.662172
estabelecimento de saúde;CLINICA MULTIDISCIPLINAR COMPORTAMENTAL EXISTIR;Cuiabá;2.02;até 5 km;manso_capital;;Não;sem atendimento hospitalar;-56.120679;-15.596128
estabelecimento de saúde;ANTONIO CARLOS DE CARVALHO REINERS;Cuiabá;2.02;até 5 km;manso_capital;;Não;sem atendimento hospitalar;-56.119377;-15.594686
estabelecimento de saúde;ANA CRISTINA CARDOSO GONSALVES DE OLIVEIRA;Cuiabá;2.02;até 5 km;manso_capital;;Não;sem atendimento hospitalar;-56.119516;-15.594833
estabelecimento de saúde;DANIELA PARENTE LOPES;Cuiabá;2.02;até 5 km;manso_capital;;Não;sem atendimento hospitalar;-56.076151;-15.615402
estabelecimento de saúde;DR ARY LEITE CIRURGIA PLASTICA;Cuiabá;2.02;até 5 km;manso_capital;;Não;sem atendimento hospitalar;-56.119486;-15.594782
estabelecimento de saúde;SMC CLINICA ODONTOLOGICA;Cuiabá;2.02;até 5 km;manso_capital;;Não;sem atendimento hospitalar;-56.09601;-15.601428
estabelecimento de saúde;INSTITUTO LOMBARDI CLINICA DE SAUDE;Cuiabá;2.02;até 5 km;manso_capital;;Não;sem atendimento hospitalar;-56.110332;-15.599365
estabelecimento de saúde;BENEDITO SOARES NETO;Cuiabá;2.02;até 5 km;manso_capital;;Não;sem atendimento hospitalar;-56.094145;-15.602397
estabelecimento de saúde;CLINICA MEDICA DE ELETROENCEFALOGRAFIA LTDA ME;Cuiabá;2.02;até 5 km;manso_capital;;Não;sem atendimento hospitalar;-56.119536;-15.594972
estabelecimento de saúde;MED CENTER;Várzea Grande;2.02;até 5 km;manso_capital;;Não;sem atendimento hospitalar;-56.133034;-15.64773
estabelecimento de saúde;CLINICA BETONI;Várzea Grande;2.02;até 5 km;manso_capital;;Não;sem atendimento hospitalar;-56.130907;-15.648061
estabelecimento de saúde;JONAS EDUARDO BERNARDES VALENCA;Cuiabá;2.03;até 5 km;manso_capital;;Não;sem atendimento hospitalar;-56.119427;-15.59493
estabelecimento de saúde;LARA RIGOLON SERVICOS MEDICOS;Cuiabá;2.03;até 5 km;manso_capital;;Não;sem atendimento hospitalar;-56.098882;-15.600022
estabelecimento de saúde;UROCENTER;Várzea Grande;2.03;até 5 km;manso_capital;;Não;sem atendimento hospitalar;-56.132782;-15.647854
estabelecimento de saúde;SEME SERVICOS E EXAMES MEDICOS;Cuiabá;2.04;até 5 km;manso_capital;;Não;sem atendimento hospitalar;-56.121216;-15.59934
estabelecimento de saúde;INSTITUTO SINAI;Cuiabá;2.04;até 5 km;manso_capital;;Não;sem atendimento hospitalar;-56.073179;-15.617287
estabelecimento de saúde;CENTRO ESTADUAL DE REFERENCIA EM SAUDE DO TRABALHADOR;Cuiabá;2.04;até 5 km;jusante_capital;;Não;sem atendimento hospitalar;-56.056677;-15.633328
estabelecimento de saúde;CLINICA DE PSICOLOGIA E PSICOPEDAG SINTONIA DA MENTE;Cuiabá;2.04;até 5 km;manso_capital;;Não;sem atendimento hospitalar;-56.069634;-15.620143
estabelecimento de saúde;KELLI CRISTINA PENAS CATHARINO;Cuiabá;2.04;até 5 km;manso_capital;;Não;sem atendimento hospitalar;-56.119248;-15.594804
estabelecimento de saúde;URPICS;Cuiabá;2.04;até 5 km;jusante_capital;;Não;sem atendimento hospitalar;-56.061546;-15.629224
estabelecimento de saúde;C F FREITAS CIA;Cuiabá;2.05;até 5 km;manso_capital;;Não;sem atendimento hospitalar;-56.118282;-15.593752
estabelecimento de saúde;ARLY EDSON DOMINGUES BRIANEZE;Cuiabá;2.05;até 5 km;manso_capital;;Não;sem atendimento hospitalar;-56.09394;-15.602174
estabelecimento de saúde;ANA RAFAELLA ORMOND DE CAMPOS;Cuiabá;2.05;até 5 km;manso_capital;;Não;sem atendimento hospitalar;-56.115928;-15.58973
estabelecimento de saúde;LA VITA GESTAO OCUPACIONAL;Cuiabá;2.05;até 5 km;manso_capital;;Não;sem atendimento hospitalar;-56.09734;-15.600462
estabelecimento de saúde;CARLOS AUGUSTO LEITE DE BARROS CARVALHO;Cuiabá;2.05;até 5 km;manso_capital;;Não;sem atendimento hospitalar;-56.094216;-15.601944
estabelecimento de saúde;CEICO;Cuiabá;2.05;até 5 km;manso_capital;;Não;sem atendimento hospitalar;-56.09511;-15.601544
estabelecimento de saúde;MARIANA LIMA PEREIRA ODONTOLOGIA;Várzea Grande;2.05;até 5 km;manso_capital;;Não;sem atendimento hospitalar;-56.106448;-15.641386
estabelecimento de saúde;ROBERTO AKIRA SATO;Várzea Grande;2.05;até 5 km;manso_capital;;Não;sem atendimento hospitalar;-56.131468;-15.648205
estabelecimento de saúde;NOBEL ODONTOLOGIA ESPECIALIZADA;Várzea Grande;2.05;até 5 km;manso_capital;;Não;sem atendimento hospitalar;-56.131678;-15.648186
estabelecimento de saúde;METROPOLITANO HOSPITAL ESTADUAL LOUSITE FERREIRA DA SILVA;Várzea Grande;2.05;até 5 km;manso_capital;;Sim;atendimento hospitalar;-56.100912;-15.643976
estabelecimento de saúde;ABURAD DIAGNOSTICO;Cuiabá;2.06;até 5 km;manso_capital;;Não;sem atendimento hospitalar;-56.095174;-15.601343
estabelecimento de saúde;ESPACO VITALLE;Cuiabá;2.06;até 5 km;manso_capital;;Não;sem atendimento hospitalar;-56.115221;-15.588189
estabelecimento de saúde;CONCEITO CLINICA ODONTOLOGICA;Cuiabá;2.06;até 5 km;manso_capital;;Não;sem atendimento hospitalar;-56.073599;-15.616733
estabelecimento de saúde;CIAPS HOSPITAL ADAUTO BOTELHO;Cuiabá;2.06;até 5 km;jusante_capital;;Não;sem atendimento hospitalar;-56.05613;-15.633596
estabelecimento de saúde;PIRILAMPO VACINAS;Cuiabá;2.06;até 5 km;manso_capital;;Não;sem atendimento hospitalar;-56.093104;-15.602571
estabelecimento de saúde;ELIANE TEREZINHA DIAS MENDES;Cuiabá;2.06;até 5 km;manso_capital;;Não;sem atendimento hospitalar;-56.091682;-15.603606
estabelecimento de saúde;AUGUSTO AURELIO DE CARVALHO;Cuiabá;2.06;até 5 km;manso_capital;;Não;sem atendimento hospitalar;-56.092763;-15.602739
estabelecimento de saúde;JAQUELINE BEBER GUIMARAES;Várzea Grande;2.06;até 5 km;manso_capital;;Não;sem atendimento hospitalar;-56.131597;-15.648288
estabelecimento de saúde;REALIZA LABORATORIO DE ANALISES CLINICAS E CONSULTORIA;Cuiabá;2.07;até 5 km;manso_capital;;Não;sem atendimento hospitalar;-56.114979;-15.587744
estabelecimento de saúde;LUCI CLINICA MULTIDISCIPLINAR;Cuiabá;2.07;até 5 km;manso_capital;;Não;sem atendimento hospitalar;-56.118305;-15.594045
estabelecimento de saúde;CLINICA AMBIENTOTERAPIA;Cuiabá;2.07;até 5 km;manso_capital;;Não;sem atendimento hospitalar;-56.11821;-15.59386
estabelecimento de saúde;JOAO LEAO PINTO NETO;Cuiabá;2.07;até 5 km;manso_capital;;Não;sem atendimento hospitalar;-56.095469;-15.601146
estabelecimento de saúde;VIVERE NEURO INFANTIL;Cuiabá;2.07;até 5 km;manso_capital;;Não;sem atendimento hospitalar;-56.074378;-15.616086
estabelecimento de saúde;DENTECLIN;Cuiabá;2.07;até 5 km;manso_capital;;Não;sem atendimento hospitalar;-56.098462;-15.599836
estabelecimento de saúde;ORIENTE AVALIACOES PSICOLOGICAS;Várzea Grande;2.07;até 5 km;manso_capital;;Não;sem atendimento hospitalar;-56.135759;-15.647492
estabelecimento de saúde;TH REABILITACAO;Cuiabá;2.08;até 5 km;manso_capital;;Não;sem atendimento hospitalar;-56.120809;-15.597003
estabelecimento de saúde;ANALICE NAGEL RODRIGUES;Cuiabá;2.08;até 5 km;manso_capital;;Não;sem atendimento hospitalar;-56.114457;-15.586139
estabelecimento de saúde;CASSI MATO GROSSO MT;Cuiabá;2.08;até 5 km;manso_capital;;Não;sem atendimento hospitalar;-56.105911;-15.598442
estabelecimento de saúde;ELISEU EDUARDO VALARINE;Cuiabá;2.08;até 5 km;manso_capital;;Não;sem atendimento hospitalar;-56.115009;-15.58809
estabelecimento de saúde;EQUIPE EVOLUIR;Cuiabá;2.08;até 5 km;manso_capital;;Não;sem atendimento hospitalar;-56.11514;-15.5884
estabelecimento de saúde;LABORATORIO CARLOS CHAGAS;Cuiabá;2.08;até 5 km;manso_capital;;Não;sem atendimento hospitalar;-56.096539;-15.647551
estabelecimento de saúde;JAQUELINE MIRIAM CAVALLI SODRE LTDA;Cuiabá;2.08;até 5 km;manso_capital;;Não;sem atendimento hospitalar;-56.120331;-15.561909
estabelecimento de saúde;JORGE LINO DO AMARAL NETO;Cuiabá;2.08;até 5 km;manso_capital;;Não;sem atendimento hospitalar;-56.120331;-15.561909
estabelecimento de saúde;COMUNICAI FONOAUDIOLOGIA;Cuiabá;2.08;até 5 km;manso_capital;;Não;sem atendimento hospitalar;-56.120331;-15.561909
estabelecimento de saúde;FABIANE UEMURA MATSUMOTO DINIZ;Cuiabá;2.08;até 5 km;manso_capital;;Não;sem atendimento hospitalar;-56.115199;-15.588509
estabelecimento de saúde;DALVA ALVES DAS NEVES;Cuiabá;2.08;até 5 km;manso_capital;;Não;sem atendimento hospitalar;-56.091625;-15.603373
estabelecimento de saúde;MARIA ELISA DE OLIVEIRA NOETHEN;Cuiabá;2.08;até 5 km;manso_capital;;Não;sem atendimento hospitalar;-56.115032;-15.588203
estabelecimento de saúde;RUBENS HAJIME ARATANI E OUTROS;Cuiabá;2.08;até 5 km;manso_capital;;Não;sem atendimento hospitalar;-56.118928;-15.595066
estabelecimento de saúde;FADUA BRUNETTA HAMIDA;Cuiabá;2.08;até 5 km;manso_capital;;Não;sem atendimento hospitalar;-56.115065;-15.588178
estabelecimento de saúde;BUCAL SAUDE;Cuiabá;2.09;até 5 km;manso_capital;;Não;sem atendimento hospitalar;-56.096936;-15.600253
estabelecimento de saúde;SANDRA CASTALDELI ALVES DE BARROS;Cuiabá;2.09;até 5 km;manso_capital;;Não;sem atendimento hospitalar;-56.073821;-15.616252
estabelecimento de saúde;TOPMED SERVICOS MEDICOS LTDA;Cuiabá;2.09;até 5 km;manso_capital;;Não;sem atendimento hospitalar;-56.101266;-15.598894
estabelecimento de saúde;BAMBINOS CLINICA INTEGRADA;Cuiabá;2.09;até 5 km;manso_capital;;Não;sem atendimento hospitalar;-56.091106;-15.603745
estabelecimento de saúde;COOPERHEMO;Cuiabá;2.09;até 5 km;manso_capital;;;sem atendimento hospitalar;-56.119852;-15.596202
estabelecimento de saúde;ESPACO APRENDER E CRESCER;Cuiabá;2.09;até 5 km;manso_capital;;Não;sem atendimento hospitalar;-56.119265;-15.595589
estabelecimento de saúde;MUOVERE BENESSERE CLINICA E PROD ORTOP E HOSPITALARES;Cuiabá;2.09;até 5 km;manso_capital;;Não;sem atendimento hospitalar;-56.119756;-15.601282
estabelecimento de saúde;CECI;Cuiabá;2.09;até 5 km;manso_capital;;Não;sem atendimento hospitalar;-56.093982;-15.601747
estabelecimento de saúde;GOBBI SERVICOS MEDICOS;Cuiabá;2.1;até 5 km;manso_capital;;Não;sem atendimento hospitalar;-56.100885;-15.598821
estabelecimento de saúde;VALERIA FREIRE MORATELLI;Cuiabá;2.1;até 5 km;manso_capital;;Não;sem atendimento hospitalar;-56.08988;-15.604631
estabelecimento de saúde;ESPACO SENSORIAL TERAPEUTICO OCUPACIONAL;Cuiabá;2.1;até 5 km;manso_capital;;Não;sem atendimento hospitalar;-56.091158;-15.603539
estabelecimento de saúde;CAPOROSSI E ANCHIETA SERVICOS MEDICOS LTDA;Cuiabá;2.1;até 5 km;manso_capital;;Não;sem atendimento hospitalar;-56.078945;-15.613017
estabelecimento de saúde;ELIZABETH VAZ DE FIGUEIREDO MORENO BATISTA;Cuiabá;2.1;até 5 km;manso_capital;;Não;sem atendimento hospitalar;-56.114705;-15.587806
estabelecimento de saúde;MARCOS FONSECA;Cuiabá;2.1;até 5 km;manso_capital;;Não;sem atendimento hospitalar;-56.096585;-15.600331
estabelecimento de saúde;ESPACO PIU VITA;Cuiabá;2.1;até 5 km;manso_capital;;Não;sem atendimento hospitalar;-56.100845;-15.59886
estabelecimento de saúde;NEOMED ATENDIMENTO HOSPITALAR;Cuiabá;2.1;até 5 km;manso_capital;;Não;sem atendimento hospitalar;-56.091158;-15.603539
estabelecimento de saúde;GISELE AGOSTINI FRAGERI;Cuiabá;2.11;até 5 km;manso_capital;;Não;sem atendimento hospitalar;-56.100811;-15.598785
estabelecimento de saúde;CENTRO ODONTOLOGICO HOSPITAL DO DENTE LTDA ME;Cuiabá;2.11;até 5 km;manso_capital;;Não;sem atendimento hospitalar;-56.096496;-15.600305
estabelecimento de saúde;CAROLINE BERALDI BERTASSI;Cuiabá;2.11;até 5 km;manso_capital;;Não;sem atendimento hospitalar;-56.114713;-15.587984
estabelecimento de saúde;HIPERMED SERVICOS MEDICOS HOSPITALARES;Cuiabá;2.11;até 5 km;manso_capital;;Não;sem atendimento hospitalar;-56.100798;-15.598804
estabelecimento de saúde;BALPAS;Cuiabá;2.11;até 5 km;manso_capital;;Não;sem atendimento hospitalar;-56.119782;-15.596404
estabelecimento de saúde;ULTRACENTER SERVICOS MEDICOS;Cuiabá;2.11;até 5 km;manso_capital;;Não;sem atendimento hospitalar;-56.092099;-15.60271
estabelecimento de saúde;ALESSANDRA MEDEIROS LOBO DE VASCONCELOS;Cuiabá;2.11;até 5 km;manso_capital;;Não;sem atendimento hospitalar;-56.114701;-15.588062
estabelecimento de saúde;ROBERTO MAIA DE ALMEIDA;Cuiabá;2.11;até 5 km;manso_capital;;Não;sem atendimento hospitalar;-56.114728;-15.588101
estabelecimento de saúde;SANTA FELICIDADE CLINICA DE SAUDE;Cuiabá;2.11;até 5 km;manso_capital;;Não;sem atendimento hospitalar;-56.114753;-15.588036
estabelecimento de saúde;CARLA MARQUES RONDON CAMPOS;Cuiabá;2.11;até 5 km;manso_capital;;Não;sem atendimento hospitalar;-56.118521;-15.594979
estabelecimento de saúde;MARIA DO SOCORRO BORGES DE SOUSA;Cuiabá;2.11;até 5 km;manso_capital;;Não;sem atendimento hospitalar;-56.100717;-15.598803
estabelecimento de saúde;PAULO CESAR DA SILVA NEVES;Cuiabá;2.11;até 5 km;manso_capital;;Não;sem atendimento hospitalar;-56.118587;-15.595106
estabelecimento de saúde;JOSE GERALDO DA MOTA;Cuiabá;2.11;até 5 km;manso_capital;;Não;sem atendimento hospitalar;-56.095392;-15.600749
estabelecimento de saúde;J C IMAGENS;Cuiabá;2.11;até 5 km;manso_capital;;Não;sem atendimento hospitalar;-56.09288;-15.602199
estabelecimento de saúde;ROSANA RODRIGUES DOS SANTOS;Cuiabá;2.11;até 5 km;manso_capital;;Não;sem atendimento hospitalar;-56.114705;-15.587904
estabelecimento de saúde;FLAVIO SIMOES;Cuiabá;2.11;até 5 km;manso_capital;;Não;sem atendimento hospitalar;-56.114705;-15.587971
estabelecimento de saúde;NIC MT;Cuiabá;2.11;até 5 km;manso_capital;;Não;sem atendimento hospitalar;-56.120168;-15.59677
estabelecimento de saúde;CLINICA VIVER;Várzea Grande;2.11;até 5 km;manso_capital;;Não;sem atendimento hospitalar;-56.13694;-15.647399
estabelecimento de saúde;JOSE OLIVEIRA DOS SANTOS;Várzea Grande;2.11;até 5 km;manso_capital;;Não;sem atendimento hospitalar;-56.129107;-15.648908
estabelecimento de saúde;CLINICA MOSCATI;Cuiabá;2.12;até 5 km;manso_capital;;Não;sem atendimento hospitalar;-56.113716;-15.580463
estabelecimento de saúde;UROPLASTIC SS LTDA EPP;Cuiabá;2.12;até 5 km;manso_capital;;Não;sem atendimento hospitalar;-56.118087;-15.594577
estabelecimento de saúde;CENTRO ODONTOLOGICO AUBE;Cuiabá;2.12;até 5 km;manso_capital;;Não;sem atendimento hospitalar;-56.098361;-15.59939
estabelecimento de saúde;FACILITTA SERVICOS MEDICOS;Cuiabá;2.12;até 5 km;manso_capital;;Não;sem atendimento hospitalar;-56.092005;-15.602658
estabelecimento de saúde;USF PICO DO AMOR;Cuiabá;2.12;até 5 km;manso_capital;;Não;sem atendimento hospitalar;-56.081834;-15.611199
estabelecimento de saúde;DR VINICIUS CIRURGIA E TRAUMATOLOGIA BUCOMAXILOFACIAL;Cuiabá;2.12;até 5 km;manso_capital;;Não;sem atendimento hospitalar;-56.114648;-15.588064
estabelecimento de saúde;LIFE ESPACO DE DESENVOLVIMENTO INFANTIL;Cuiabá;2.12;até 5 km;manso_capital;;Não;sem atendimento hospitalar;-56.092005;-15.602658
estabelecimento de saúde;SIMONE BEZERRA SIQUEIRA;Cuiabá;2.12;até 5 km;manso_capital;;Não;sem atendimento hospitalar;-56.092349;-15.602363
estabelecimento de saúde;EUNICE MARTINS DE SOUZA E SILVA;Cuiabá;2.12;até 5 km;manso_capital;;Não;sem atendimento hospitalar;-56.090892;-15.603537
estabelecimento de saúde;COMPLEXO HOSPITALAR JARDIM CUIABA;Cuiabá;2.12;até 5 km;manso_capital;;Sim;atendimento hospitalar;-56.118243;-15.594774
estabelecimento de saúde;DROGARIA SAO PAULO 2518 COUTO MAGALHAES;Várzea Grande;2.12;até 5 km;manso_capital;;Não;sem atendimento hospitalar;-56.136746;-15.647606
estabelecimento de saúde;CENTRO DE ESPECIALIDADES ODONTOLOGICAS DE VG CEO TIPO 2;Várzea Grande;2.12;até 5 km;manso_capital;;Não;sem atendimento hospitalar;-56.134995;-15.648219
estabelecimento de saúde;NAKATA ONCOLOGIA LTDA;Cuiabá;2.13;até 5 km;manso_capital;;Não;sem atendimento hospitalar;-56.100853;-15.598568
estabelecimento de saúde;QUALITY SAUDE;Cuiabá;2.13;até 5 km;manso_capital;;Não;sem atendimento hospitalar;-56.073743;-15.615876
estabelecimento de saúde;RICARDO DE MATOS CHICONELLI;Cuiabá;2.13;até 5 km;manso_capital;;Não;sem atendimento hospitalar;-56.118337;-15.594985
estabelecimento de saúde;SONAR;Cuiabá;2.13;até 5 km;manso_capital;;Não;sem atendimento hospitalar;-56.094036;-15.601287
estabelecimento de saúde;AUREO MATTOSO JUNIOR;Cuiabá;2.13;até 5 km;manso_capital;;Não;sem atendimento hospitalar;-56.1184;-15.595075
estabelecimento de saúde;SUSANA BALBINO VILELA CAJANGO;Cuiabá;2.13;até 5 km;manso_capital;;Não;sem atendimento hospitalar;-56.092514;-15.602211
estabelecimento de saúde;SANDRA MARIA GUIMARAES DOS SANTOS RANGEL;Cuiabá;2.13;até 5 km;manso_capital;;Não;sem atendimento hospitalar;-56.092488;-15.602157
estabelecimento de saúde;PREV DENT ESPACO SAUDE;Cuiabá;2.13;até 5 km;manso_capital;;Não;sem atendimento hospitalar;-56.097316;-15.599701
estabelecimento de saúde;CYNTIA ESGANZELA FISIOTERAPIA ESPECIALIZADA;Cuiabá;2.13;até 5 km;manso_capital;;Não;sem atendimento hospitalar;-56.100821;-15.598537
estabelecimento de saúde;INSTITUTO FONSECA DE ODONTOLOGIA;Cuiabá;2.14;até 5 km;manso_capital;;Não;sem atendimento hospitalar;-56.090663;-15.603438
estabelecimento de saúde;CLINICA DA CATARATA;Cuiabá;2.14;até 5 km;manso_capital;;Não;sem atendimento hospitalar;-56.119352;-15.596375
estabelecimento de saúde;GILDA HELENA ARRUDA SOUSA PACHECO;Cuiabá;2.14;até 5 km;manso_capital;;Não;sem atendimento hospitalar;-56.094048;-15.6012
estabelecimento de saúde;ALLEVIARE;Cuiabá;2.14;até 5 km;manso_capital;;Não;sem atendimento hospitalar;-56.116077;-15.599844
estabelecimento de saúde;LABORATORIO CARLOS CHAGAS UNIDADE BANDEIRANTES;Cuiabá;2.14;até 5 km;manso_capital;;Não;sem atendimento hospitalar;-56.094222;-15.601038
estabelecimento de saúde;COGNI CLINICA DE PSICOLOGIA;Cuiabá;2.14;até 5 km;manso_capital;;Não;sem atendimento hospitalar;-56.092426;-15.602102
estabelecimento de saúde;DR PERFORMANCE;Cuiabá;2.14;até 5 km;manso_capital;;Não;sem atendimento hospitalar;-56.119393;-15.596378
estabelecimento de saúde;WILFRAN OLIVEIRA BERTHOLDO DE SOUZA;Cuiabá;2.14;até 5 km;manso_capital;;Não;sem atendimento hospitalar;-56.09094;-15.603233
estabelecimento de saúde;CLINICA GASTROMT;Cuiabá;2.14;até 5 km;manso_capital;;Não;sem atendimento hospitalar;-56.117614;-15.594237
estabelecimento de saúde;INSTITUTO NAVARROS;Cuiabá;2.14;até 5 km;manso_capital;;Não;sem atendimento hospitalar;-56.120712;-15.598293
estabelecimento de saúde;TEREZINHA BERTOLI RICCI BRIANCHINI;Cuiabá;2.14;até 5 km;manso_capital;;Não;sem atendimento hospitalar;-56.092464;-15.602154
estabelecimento de saúde;CLINICA GASTROMT;Cuiabá;2.14;até 5 km;manso_capital;;Não;sem atendimento hospitalar;-56.117613;-15.594266
estabelecimento de saúde;MEYRE LAURA ROSA DE OLIVEIRA;Cuiabá;2.14;até 5 km;manso_capital;;Não;sem atendimento hospitalar;-56.085794;-15.607379
estabelecimento de saúde;INTENSICRIN;Cuiabá;2.14;até 5 km;manso_capital;;Sim;atendimento hospitalar;-56.118109;-15.594865
estabelecimento de saúde;SUZE APARECIDA RODRIGUES MENEGUETI;Várzea Grande;2.14;até 5 km;manso_capital;;Não;sem atendimento hospitalar;-56.132519;-15.648928
estabelecimento de saúde;UROMEDICAL;Cuiabá;2.15;até 5 km;manso_capital;;Não;sem atendimento hospitalar;-56.118063;-15.595027
estabelecimento de saúde;ANGELA KEIKO WATANABE;Cuiabá;2.15;até 5 km;manso_capital;;Não;sem atendimento hospitalar;-56.097308;-15.599504
estabelecimento de saúde;CENTRO DE ONCOLOGIA DE CUIABA LTDA;Cuiabá;2.15;até 5 km;manso_capital;;Não;sem atendimento hospitalar;-56.117852;-15.594717
estabelecimento de saúde;SONICARDIO;Cuiabá;2.15;até 5 km;manso_capital;;Não;sem atendimento hospitalar;-56.10958;-15.598093
estabelecimento de saúde;DP PRESTADORA DE SERVICOS MEDICOS LTDA;Cuiabá;2.15;até 5 km;manso_capital;;Não;sem atendimento hospitalar;-56.11806;-15.595043
estabelecimento de saúde;MUNIR BUCAIR;Cuiabá;2.15;até 5 km;manso_capital;;Não;sem atendimento hospitalar;-56.11816;-15.59506
estabelecimento de saúde;CENTRO DE VIDEO LAPAROSCOPIA DE CUIABA LTDA;Cuiabá;2.15;até 5 km;manso_capital;;Não;sem atendimento hospitalar;-56.118061;-15.595007
estabelecimento de saúde;DEBORA ANDREA CASTIGLIONI ALVES;Cuiabá;2.15;até 5 km;manso_capital;;Não;sem atendimento hospitalar;-56.117543;-15.594214
estabelecimento de saúde;JOSE MEIRELLES FILHO;Cuiabá;2.15;até 5 km;manso_capital;;Não;sem atendimento hospitalar;-56.118073;-15.595028
estabelecimento de saúde;MARIA ANGELICA DE MACEDO ORIONE;Cuiabá;2.15;até 5 km;manso_capital;;Não;sem atendimento hospitalar;-56.11806;-15.595034
estabelecimento de saúde;MARCONDES COSTA MARQUES;Cuiabá;2.15;até 5 km;manso_capital;;Não;sem atendimento hospitalar;-56.11806;-15.595005
estabelecimento de saúde;MARIA JULIA VENTRESQUI GUEDES FERNANDEZ;Cuiabá;2.15;até 5 km;manso_capital;;Não;sem atendimento hospitalar;-56.118063;-15.595026
estabelecimento de saúde;MARCO YUNES CASAROTTO;Cuiabá;2.15;até 5 km;manso_capital;;Não;sem atendimento hospitalar;-56.118016;-15.594998
estabelecimento de saúde;AFRANIO BATISTA DA COSTA;Cuiabá;2.15;até 5 km;manso_capital;;Não;sem atendimento hospitalar;-56.109562;-15.59803
estabelecimento de saúde;ZULEIDE APARECIDA FELIX CABRAL;Cuiabá;2.15;até 5 km;manso_capital;;Não;sem atendimento hospitalar;-56.118044;-15.595025
estabelecimento de saúde;COOPERMED;Cuiabá;2.15;até 5 km;manso_capital;;;sem atendimento hospitalar;-56.118058;-15.595012
estabelecimento de saúde;MED PRIME SERVICOS MEDICOS;Cuiabá;2.15;até 5 km;manso_capital;;Não;sem atendimento hospitalar;-56.118058;-15.595024
estabelecimento de saúde;INTENSIVO EMERGENCIAS MEDICAS;Cuiabá;2.15;até 5 km;manso_capital;;Não;sem atendimento hospitalar;-56.118047;-15.595018
estabelecimento de saúde;CLINICA VIVER CIN;Cuiabá;2.15;até 5 km;manso_capital;;Não;sem atendimento hospitalar;-56.119481;-15.596691
estabelecimento de saúde;CLINICA BORDA DO CAMPO;Cuiabá;2.15;até 5 km;manso_capital;;Não;sem atendimento hospitalar;-56.09549;-15.60039
estabelecimento de saúde;CLINICA DE CIRURGIA PLASTICA DR HENRIQUE LABOISSIERE;Cuiabá;2.15;até 5 km;manso_capital;;Não;sem atendimento hospitalar;-56.118052;-15.595008
estabelecimento de saúde;ARY LEITE DE CAMPOS SOBRINHO;Cuiabá;2.15;até 5 km;manso_capital;;Não;sem atendimento hospitalar;-56.117554;-15.594267
estabelecimento de saúde;INTEGRATUM SAUDE E VIDA;Várzea Grande;2.15;até 5 km;manso_capital;;Não;sem atendimento hospitalar;-56.13951;-15.646593
estabelecimento de saúde;CARLA DE MATOS;Várzea Grande;2.15;até 5 km;manso_capital;;Não;sem atendimento hospitalar;-56.139482;-15.646593
estabelecimento de saúde;SERVICO DE NEUROLOGIA E NEUROCIRURGIA CUIABA LTDA;Várzea Grande;2.15;até 5 km;manso_capital;;Não;sem atendimento hospitalar;-56.13951;-15.646593
estabelecimento de saúde;MARIA ENIR FRANCISCA COELHO;Várzea Grande;2.15;até 5 km;manso_capital;;Não;sem atendimento hospitalar;-56.13951;-15.646593
estabelecimento de saúde;CEMEDIC;Várzea Grande;2.15;até 5 km;manso_capital;;Não;sem atendimento hospitalar;-56.13952;-15.646568
estabelecimento de saúde;SEMET;Várzea Grande;2.15;até 5 km;manso_capital;;Não;sem atendimento hospitalar;-56.132592;-15.649027
estabelecimento de saúde;NEOVIDANS GESTAO EM SAUDE LANES;Cuiabá;2.16;até 5 km;manso_capital;;;sem atendimento hospitalar;-56.091637;-15.602448
estabelecimento de saúde;CELIA REGINA DE FARIA MOREIRA TEIXEIRA;Cuiabá;2.16;até 5 km;manso_capital;;Não;sem atendimento hospitalar;-56.092434;-15.601911
estabelecimento de saúde;LACIC;Cuiabá;2.16;até 5 km;manso_capital;;Não;sem atendimento hospitalar;-56.118068;-15.595158
estabelecimento de saúde;DENSIMAGEM;Cuiabá;2.16;até 5 km;manso_capital;;Não;sem atendimento hospitalar;-56.118055;-15.595113
estabelecimento de saúde;DENSITOMETRIA OSSEA CUIABANA;Cuiabá;2.16;até 5 km;manso_capital;;Não;sem atendimento hospitalar;-56.091629;-15.602443
estabelecimento de saúde;CLINICA DE MEDICINA E PSICOLOGIA;Cuiabá;2.16;até 5 km;manso_capital;;Não;sem atendimento hospitalar;-56.118039;-15.595177
estabelecimento de saúde;INTERFISIO;Cuiabá;2.16;até 5 km;manso_capital;;Não;sem atendimento hospitalar;-56.118273;-15.595428
estabelecimento de saúde;BARUC CLINICA DE TERAPIAS INTEGRADAS;Cuiabá;2.16;até 5 km;manso_capital;;Não;sem atendimento hospitalar;-56.081576;-15.610996
estabelecimento de saúde;ELMER BRUNO SILVA SALVIANO;Cuiabá;2.16;até 5 km;manso_capital;;Não;sem atendimento hospitalar;-56.115779;-15.59163
estabelecimento de saúde;MARIA CRISTINA DE PROSPERO AMUI;Cuiabá;2.16;até 5 km;manso_capital;;Não;sem atendimento hospitalar;-56.118004;-15.595011
estabelecimento de saúde;JORGE BARBOSA CARAMURU;Cuiabá;2.16;até 5 km;manso_capital;;Não;sem atendimento hospitalar;-56.118085;-15.595111
estabelecimento de saúde;RENEE ELIZABETH DE FIGUEIREDO FREIRE;Cuiabá;2.16;até 5 km;manso_capital;;Não;sem atendimento hospitalar;-56.117747;-15.594735
estabelecimento de saúde;PAULO ROBERTO BEZERRA DE MELLO;Cuiabá;2.16;até 5 km;manso_capital;;Não;sem atendimento hospitalar;-56.117973;-15.595029
estabelecimento de saúde;DOUGLAS ALBERTO DE ARRUDA GOMES;Cuiabá;2.16;até 5 km;manso_capital;;Não;sem atendimento hospitalar;-56.118063;-15.5951
estabelecimento de saúde;SEBASTIAO FERNANDEZ;Cuiabá;2.16;até 5 km;manso_capital;;Não;sem atendimento hospitalar;-56.117937;-15.594996
estabelecimento de saúde;DALTON FERREIRA;Cuiabá;2.16;até 5 km;manso_capital;;Não;sem atendimento hospitalar;-56.118062;-15.595104
estabelecimento de saúde;LILLIAN SANCHEZ LACERDA MORAES;Cuiabá;2.16;até 5 km;manso_capital;;Não;sem atendimento hospitalar;-56.118013;-15.595
estabelecimento de saúde;IRHPA ODONTOLOGICO;Cuiabá;2.16;até 5 km;manso_capital;;;sem atendimento hospitalar;-56.091598;-15.602457
estabelecimento de saúde;SCA;Cuiabá;2.17;até 5 km;manso_capital;;Não;sem atendimento hospitalar;-56.092379;-15.601883
estabelecimento de saúde;ICSP INSTITUTO CUIABANO DE SAUDE POPULAR;Cuiabá;2.17;até 5 km;manso_capital;;Não;sem atendimento hospitalar;-56.091458;-15.602501
estabelecimento de saúde;GASTRO CENTER;Cuiabá;2.17;até 5 km;manso_capital;;Não;sem atendimento hospitalar;-56.113737;-15.586357
estabelecimento de saúde;ESPACO SINAPSES;Cuiabá;2.17;até 5 km;manso_capital;;Não;sem atendimento hospitalar;-56.085308;-15.607428
estabelecimento de saúde;ODONTOLOGIA LAGE E NIGRO LTDA;Cuiabá;2.17;até 5 km;manso_capital;;Não;sem atendimento hospitalar;-56.10257;-15.59793
estabelecimento de saúde;VITALE;Cuiabá;2.17;até 5 km;manso_capital;;Não;sem atendimento hospitalar;-56.09913;-15.598669
estabelecimento de saúde;CLINICA POPULAR FAMILIA DE JESUS;Cuiabá;2.17;até 5 km;manso_capital;;Não;sem atendimento hospitalar;-56.09913;-15.598669
estabelecimento de saúde;RANGEL PSICOLOGIA;Cuiabá;2.17;até 5 km;manso_capital;;Não;sem atendimento hospitalar;-56.092379;-15.601883
estabelecimento de saúde;JDJ SERVICOS MEDICOS;Cuiabá;2.17;até 5 km;manso_capital;;Não;sem atendimento hospitalar;-56.118057;-15.595222
estabelecimento de saúde;NAIRA DOMINGOS SE;Cuiabá;2.17;até 5 km;manso_capital;;Não;sem atendimento hospitalar;-56.11783;-15.594962
estabelecimento de saúde;ATRIUM CENTRO DE CARDIOLOGIA;Cuiabá;2.17;até 5 km;manso_capital;;Não;sem atendimento hospitalar;-56.118253;-15.595566
estabelecimento de saúde;RAFAEL ALBUQUERQUE;Cuiabá;2.17;até 5 km;manso_capital;;Não;sem atendimento hospitalar;-56.109631;-15.597851
estabelecimento de saúde;ALVINO FRANCISCO DA SILVA FILHO;Cuiabá;2.17;até 5 km;manso_capital;;Não;sem atendimento hospitalar;-56.117953;-15.595083
estabelecimento de saúde;ANDREIA MAGUI SILVA DO AMARAL;Cuiabá;2.17;até 5 km;manso_capital;;Não;sem atendimento hospitalar;-56.117846;-15.595037
estabelecimento de saúde;CYNTHIA CASTILHO MORENO;Cuiabá;2.17;até 5 km;manso_capital;;Não;sem atendimento hospitalar;-56.117873;-15.595021
estabelecimento de saúde;MARCIO CANAVARROS SERRA;Cuiabá;2.17;até 5 km;manso_capital;;Não;sem atendimento hospitalar;-56.11796;-15.595161
estabelecimento de saúde;APARECIDA PEREIRA CAMACHO;Cuiabá;2.17;até 5 km;manso_capital;;Não;sem atendimento hospitalar;-56.117897;-15.595126
estabelecimento de saúde;HIPERCLINICA;Cuiabá;2.17;até 5 km;manso_capital;;Não;sem atendimento hospitalar;-56.09913;-15.598669
estabelecimento de saúde;ALESSANDRO AUGUSTO LOPES SANTANA DA SILVA;Cuiabá;2.17;até 5 km;manso_capital;;Não;sem atendimento hospitalar;-56.091553;-15.602448
estabelecimento de saúde;ROGERIA CINTYA BATISTA E SILVA;Cuiabá;2.17;até 5 km;manso_capital;;Não;sem atendimento hospitalar;-56.096478;-15.599721
estabelecimento de saúde;INSIGHT DESENVOLVIMENTO E PESSOAS LTDA;Cuiabá;2.17;até 5 km;manso_capital;;Não;sem atendimento hospitalar;-56.09913;-15.598669
estabelecimento de saúde;LAURA DENISE PEREIRA PAREDES;Cuiabá;2.17;até 5 km;manso_capital;;Não;sem atendimento hospitalar;-56.09913;-15.598669
estabelecimento de saúde;FARMACIA ESCOLA UNIVAG;Várzea Grande;2.17;até 5 km;manso_capital;;Não;sem atendimento hospitalar;-56.100608;-15.645436
estabelecimento de saúde;DIAGNOSTICOS DA AMERICA;Várzea Grande;2.17;até 5 km;manso_capital;;Não;sem atendimento hospitalar;-56.128159;-15.649538
estabelecimento de saúde;DENTS ODONTOLOGIA;Várzea Grande;2.17;até 5 km;manso_capital;;Não;sem atendimento hospitalar;-56.106491;-15.642792
estabelecimento de saúde;ORTOPMED BEL SERVICOS MEDICOS;Cuiabá;2.18;até 5 km;manso_capital;;Não;sem atendimento hospitalar;-56.11714;-15.59419
estabelecimento de saúde;NADIA ROBERTA FORTUNATO MUZZI;Cuiabá;2.18;até 5 km;manso_capital;;Não;sem atendimento hospitalar;-56.117789;-15.595047
estabelecimento de saúde;GIULIANO DOS SANTOS ALVES CORREA;Cuiabá;2.18;até 5 km;manso_capital;;Não;sem atendimento hospitalar;-56.1149;-15.590278
estabelecimento de saúde;ELLIN DE CASSIA MENDONCA BERTOLINO FERREIRA;Cuiabá;2.18;até 5 km;manso_capital;;Não;sem atendimento hospitalar;-56.113588;-15.586482
estabelecimento de saúde;TURBAN SERVICOS DE SAUDE LTDA;Cuiabá;2.18;até 5 km;manso_capital;;Não;sem atendimento hospitalar;-56.117226;-15.594231
estabelecimento de saúde;IRHPA;Cuiabá;2.18;até 5 km;manso_capital;;;sem atendimento hospitalar;-56.091237;-15.602518
estabelecimento de saúde;NOUS CONSULTORIO DE PSICOLOGIA E PSICOPEDAGOGIA;Cuiabá;2.18;até 5 km;manso_capital;;Não;sem atendimento hospitalar;-56.096669;-15.599498
estabelecimento de saúde;PEDRO DE MIRANDA MARTINS;Cuiabá;2.18;até 5 km;manso_capital;;Não;sem atendimento hospitalar;-56.117162;-15.59419
estabelecimento de saúde;INMAGI DIAGNOSTICO POR IMAGEM LTDA;Cuiabá;2.18;até 5 km;manso_capital;;Não;sem atendimento hospitalar;-56.113908;-15.587673
estabelecimento de saúde;ELAINE TOMIE LEITE TOGUE;Cuiabá;2.18;até 5 km;manso_capital;;Não;sem atendimento hospitalar;-56.117695;-15.594963
estabelecimento de saúde;UNIDADE DE SAUDE AEROPORTO;Rosário Oeste;2.18;até 5 km;manso_capital;;Não;sem atendimento hospitalar;-56.448033;-14.84388
estabelecimento de saúde;JM SERVICOS MEDICOS;Cuiabá;2.19;até 5 km;manso_capital;;Não;sem atendimento hospitalar;-56.117097;-15.594293
estabelecimento de saúde;ODONTO MEDICINA;Cuiabá;2.19;até 5 km;manso_capital;;Não;sem atendimento hospitalar;-56.098316;-15.598736
estabelecimento de saúde;MVAL SERVICOS MEDICOS LTDA;Cuiabá;2.19;até 5 km;manso_capital;;Não;sem atendimento hospitalar;-56.117076;-15.594211
estabelecimento de saúde;USF NOVO COLORADO II;Cuiabá;2.19;até 5 km;manso_capital;;Não;sem atendimento hospitalar;-56.11717;-15.56456
estabelecimento de saúde;GABRIELA ALONSO CORREA DA COSTA CHICONELLI;Cuiabá;2.19;até 5 km;manso_capital;;Não;sem atendimento hospitalar;-56.117912;-15.595354
estabelecimento de saúde;JULIANDRA PACHECO E SILVA;Várzea Grande;2.19;até 5 km;manso_capital;;Não;sem atendimento hospitalar;-56.139901;-15.646759
estabelecimento de saúde;NEVES MOURA SERVICOS MEDICOS;Cuiabá;2.2;até 5 km;manso_capital;;Não;sem atendimento hospitalar;-56.118882;-15.59663
estabelecimento de saúde;FARMACIA PAGUE MENOS;Cuiabá;2.2;até 5 km;manso_capital;;Não;sem atendimento hospitalar;-56.117193;-15.594638
estabelecimento de saúde;DROGARIA ULTRAPOPULAR;Cuiabá;2.2;até 5 km;manso_capital;;;sem atendimento hospitalar;-56.10995;-15.597616
estabelecimento de saúde;FISIOTERAPIA KIDS;Cuiabá;2.2;até 5 km;manso_capital;;Não;sem atendimento hospitalar;-56.100558;-15.597999
estabelecimento de saúde;ACL SERVICOS EM SAUDE LTDA;Cuiabá;2.2;até 5 km;manso_capital;;Não;sem atendimento hospitalar;-56.109875;-15.597661
estabelecimento de saúde;ROSACLIN;Cuiabá;2.2;até 5 km;manso_capital;;Não;sem atendimento hospitalar;-56.119592;-15.597464
estabelecimento de saúde;FARMACIA PAGUE MENOS;Cuiabá;2.2;até 5 km;manso_capital;;Não;sem atendimento hospitalar;-56.067048;-15.620818
estabelecimento de saúde;DINAMICA CLINICA DE FISIOTERAPIA;Cuiabá;2.2;até 5 km;manso_capital;;Não;sem atendimento hospitalar;-56.115973;-15.592673
estabelecimento de saúde;CENTER CLINICA;Cuiabá;2.2;até 5 km;manso_capital;;Não;sem atendimento hospitalar;-56.09595;-15.599662
estabelecimento de saúde;CLINILAB;Cuiabá;2.2;até 5 km;manso_capital;;Não;sem atendimento hospitalar;-56.109875;-15.597661
estabelecimento de saúde;MMA ENDOCRINOLOGIA PEDIATRICA E DO ADOLECENTE;Cuiabá;2.2;até 5 km;manso_capital;;Não;sem atendimento hospitalar;-56.117485;-15.594929
estabelecimento de saúde;CAPS III DE VARZEA GRANDE;Várzea Grande;2.2;até 5 km;manso_capital;;Não;sem atendimento hospitalar;-56.134622;-15.649052
estabelecimento de saúde;FISIOLIFE;Várzea Grande;2.2;até 5 km;manso_capital;;Não;sem atendimento hospitalar;-56.134623;-15.649026
estabelecimento de saúde;VIDA DIAGNOSTICO E MEDICINA NUCLEAR;Várzea Grande;2.2;até 5 km;manso_capital;;;sem atendimento hospitalar;-56.132884;-15.649404
estabelecimento de saúde;PRIMELAB;Várzea Grande;2.2;até 5 km;manso_capital;;Não;sem atendimento hospitalar;-56.134623;-15.649026
estabelecimento de saúde;CAPRIATA SERVICOS MEDICOS;Cuiabá;2.21;até 5 km;manso_capital;;Não;sem atendimento hospitalar;-56.113672;-15.587858
estabelecimento de saúde;AMANDA PEREIRA RODRIGUES ANDRADE;Cuiabá;2.21;até 5 km;manso_capital;;Não;sem atendimento hospitalar;-56.083617;-15.608371
estabelecimento de saúde;CENTRO DE REABILITACAO BORBA;Cuiabá;2.21;até 5 km;manso_capital;;Não;sem atendimento hospitalar;-56.100609;-15.597878
estabelecimento de saúde;RONALDO PEREIRA CUIABANO;Cuiabá;2.21;até 5 km;manso_capital;;Não;sem atendimento hospitalar;-56.117275;-15.59488
estabelecimento de saúde;CLINICA DE OLHOS DRA EUNICE MARTINS;Cuiabá;2.21;até 5 km;manso_capital;;Não;sem atendimento hospitalar;-56.089952;-15.603166
estabelecimento de saúde;UNIMED COXIPO;Cuiabá;2.21;até 5 km;manso_capital;;Não;sem atendimento hospitalar;-56.071908;-15.616266
estabelecimento de saúde;DENTECLIN;Cuiabá;2.21;até 5 km;manso_capital;;Não;sem atendimento hospitalar;-56.099142;-15.598244
estabelecimento de saúde;FISIOACUS FISIOTERAPIA E ACUPUNTURA LTDA;Cuiabá;2.22;até 5 km;manso_capital;;Não;sem atendimento hospitalar;-56.116575;-15.593964
estabelecimento de saúde;HELP DENTE;Cuiabá;2.22;até 5 km;manso_capital;;Não;sem atendimento hospitalar;-56.095282;-15.599712
estabelecimento de saúde;MARIA REGINA INFECTOLOGIA E HANSENOLOGIA;Cuiabá;2.22;até 5 km;manso_capital;;Não;sem atendimento hospitalar;-56.116868;-15.594508
estabelecimento de saúde;FERNANDA CRISTINA BORGES ARAUJO JESUS;Cuiabá;2.22;até 5 km;manso_capital;;Não;sem atendimento hospitalar;-56.091046;-15.602212
estabelecimento de saúde;INTEGRAR CLINICA MULTIDISCIPLINAR;Cuiabá;2.22;até 5 km;manso_capital;;Não;sem atendimento hospitalar;-56.117092;-15.594686
estabelecimento de saúde;ROSANA SANTANA OLIVEIRA;Cuiabá;2.22;até 5 km;manso_capital;;Não;sem atendimento hospitalar;-56.116948;-15.594549
estabelecimento de saúde;FRANCISCO PEREIRA FILHO;Cuiabá;2.22;até 5 km;manso_capital;;Não;sem atendimento hospitalar;-56.091008;-15.602202
estabelecimento de saúde;EMILIO JOSE MARQUARDT FILHO;Cuiabá;2.22;até 5 km;manso_capital;;Não;sem atendimento hospitalar;-56.11797;-15.595978
estabelecimento de saúde;PAIVA FONSECA SERVICOS MEDICOS E ODONTOLOGICOS;Cuiabá;2.22;até 5 km;manso_capital;;Não;sem atendimento hospitalar;-56.117873;-15.595797
estabelecimento de saúde;RADIOFACE;Cuiabá;2.22;até 5 km;manso_capital;;;sem atendimento hospitalar;-56.095415;-15.599652
estabelecimento de saúde;BRUNO OLAVARRIA AQUINO;Cuiabá;2.22;até 5 km;manso_capital;;Não;sem atendimento hospitalar;-56.11359;-15.587844
estabelecimento de saúde;MARCUS BENEDITO FAVA;Cuiabá;2.23;até 5 km;manso_capital;;Não;sem atendimento hospitalar;-56.117839;-15.595936
estabelecimento de saúde;NEUROMOVIMENTO FISIOTERAPIAS INTEGRADAS CBA;Cuiabá;2.23;até 5 km;manso_capital;;Não;sem atendimento hospitalar;-56.080519;-15.610919
estabelecimento de saúde;IDEALE;Cuiabá;2.23;até 5 km;manso_capital;;;sem atendimento hospitalar;-56.114746;-15.591153
estabelecimento de saúde;LETICIA HELENA FURTADO DE ABREU;Cuiabá;2.23;até 5 km;manso_capital;;Não;sem atendimento hospitalar;-56.117858;-15.595979
estabelecimento de saúde;GUSTAVO BARBOSA RIBEIRO;Cuiabá;2.23;até 5 km;manso_capital;;Não;sem atendimento hospitalar;-56.102266;-15.597394
estabelecimento de saúde;FARMACIA POPULAR DO BRASIL CRISTO REI VG;Várzea Grande;2.23;até 5 km;manso_capital;;;sem atendimento hospitalar;-56.103861;-15.644247
estabelecimento de saúde;CLINICA SERELEPE;Cuiabá;2.24;até 5 km;manso_capital;;Não;sem atendimento hospitalar;-56.083592;-15.608078
estabelecimento de saúde;GRAZIELLY RODRIGUES TEIXEIRA;Cuiabá;2.24;até 5 km;manso_capital;;Não;sem atendimento hospitalar;-56.083625;-15.608068
estabelecimento de saúde;VISION CARE;Cuiabá;2.24;até 5 km;manso_capital;;Não;sem atendimento hospitalar;-56.10991;-15.597283
estabelecimento de saúde;NUTRICIONISTA DAYSE OJEDA;Cuiabá;2.24;até 5 km;manso_capital;;Não;sem atendimento hospitalar;-56.116825;-15.594766
estabelecimento de saúde;DANIELE L P E SILVA;Cuiabá;2.24;até 5 km;manso_capital;;Não;sem atendimento hospitalar;-56.091067;-15.601923
estabelecimento de saúde;VENDRAMIN DISTRIBUIDORA DE MEDICAMENTOS;Cuiabá;2.24;até 5 km;manso_capital;;Não;sem atendimento hospitalar;-56.085327;-15.606558
estabelecimento de saúde;DROGARIA SAO PAULO 2416 FERNANDO CORREA II;Cuiabá;2.24;até 5 km;manso_capital;;Não;sem atendimento hospitalar;-56.0718;-15.616034
estabelecimento de saúde;HENRIQUE LABOISSIERE DA SILVA;Cuiabá;2.24;até 5 km;manso_capital;;Não;sem atendimento hospitalar;-56.117055;-15.595045
estabelecimento de saúde;ESPACO SB CLINICA;Cuiabá;2.24;até 5 km;manso_capital;;Não;sem atendimento hospitalar;-56.080852;-15.610611
estabelecimento de saúde;CLINICA DE VACINACAO SAUDE LIVRE;Várzea Grande;2.24;até 5 km;manso_capital;;Não;sem atendimento hospitalar;-56.136662;-15.648756
estabelecimento de saúde;PRISMA PSICOLOGIA COMPORTAMENTAL;Cuiabá;2.25;até 5 km;jusante_capital;;Não;sem atendimento hospitalar;-56.06063;-15.627536
estabelecimento de saúde;RENATA E DANIEL FISIOTERAPIA;Cuiabá;2.25;até 5 km;jusante_capital;;Não;sem atendimento hospitalar;-56.060622;-15.62753
estabelecimento de saúde;CARDIOFISIOCARE SERVICOS MEDICOS E ESPECIALIDADES;Cuiabá;2.25;até 5 km;manso_capital;;Não;sem atendimento hospitalar;-56.091078;-15.601913
estabelecimento de saúde;INFECTO BR;Cuiabá;2.25;até 5 km;manso_capital;;Não;sem atendimento hospitalar;-56.116674;-15.594632
estabelecimento de saúde;MGSR SAUDE;Cuiabá;2.25;até 5 km;manso_capital;;Não;sem atendimento hospitalar;-56.116632;-15.594611
estabelecimento de saúde;R S B DORES CIA LTDA;Cuiabá;2.25;até 5 km;jusante_capital;;Não;sem atendimento hospitalar;-56.060602;-15.627576
estabelecimento de saúde;BARRETO SERVICOS MEDICOS;Cuiabá;2.25;até 5 km;manso_capital;;Não;sem atendimento hospitalar;-56.116632;-15.59457
estabelecimento de saúde;IMOC INTEGRATIVA;Cuiabá;2.25;até 5 km;manso_capital;;Não;sem atendimento hospitalar;-56.091175;-15.601778
estabelecimento de saúde;ESPACO ALINE FRANCIA;Cuiabá;2.25;até 5 km;manso_capital;;Não;sem atendimento hospitalar;-56.116648;-15.594642
estabelecimento de saúde;WAGNER MARQUES PEREIRA MALHEIROS;Cuiabá;2.25;até 5 km;manso_capital;;Não;sem atendimento hospitalar;-56.116653;-15.594632
estabelecimento de saúde;INSTITUTO DE CARDIOLOGIA DE MT;Cuiabá;2.25;até 5 km;manso_capital;;Não;sem atendimento hospitalar;-56.116849;-15.594953
estabelecimento de saúde;VERBENE OFTALMOLOGIA INTEGRADA;Cuiabá;2.25;até 5 km;manso_capital;;Não;sem atendimento hospitalar;-56.116653;-15.59457
estabelecimento de saúde;ESPACO VITALLE KIDS INTEGRACAO E REABILITACAO;Cuiabá;2.25;até 5 km;manso_capital;;Não;sem atendimento hospitalar;-56.113462;-15.588465
estabelecimento de saúde;JESSICA BRIOSCHI;Cuiabá;2.25;até 5 km;manso_capital;;Não;sem atendimento hospitalar;-56.109869;-15.597202
estabelecimento de saúde;CRISTINA GOULART LEMES DE MORAES;Cuiabá;2.25;até 5 km;manso_capital;;Não;sem atendimento hospitalar;-56.116653;-15.59459
estabelecimento de saúde;VERONICA CRISTINA MORAES BRANDAO;Cuiabá;2.25;até 5 km;manso_capital;;Não;sem atendimento hospitalar;-56.11661;-15.594549
estabelecimento de saúde;ODONTOCUIABA;Cuiabá;2.25;até 5 km;manso_capital;;Não;sem atendimento hospitalar;-56.099513;-15.597823
estabelecimento de saúde;APOIO MEDICINA E SEGURANCA DO TRABALHO;Cuiabá;2.26;até 5 km;manso_capital;;Não;sem atendimento hospitalar;-56.094923;-15.599521
estabelecimento de saúde;PERICIAS MEDICAS ORTOPEDIA E SAUDE;Cuiabá;2.26;até 5 km;manso_capital;;Não;sem atendimento hospitalar;-56.100727;-15.597361
estabelecimento de saúde;ALAOR SANTOS FILHO;Cuiabá;2.26;até 5 km;manso_capital;;Não;sem atendimento hospitalar;-56.11661;-15.594632
estabelecimento de saúde;CLINICA REABILITY SAUDE;Cuiabá;2.26;até 5 km;manso_capital;;Não;sem atendimento hospitalar;-56.092703;-15.600631
estabelecimento de saúde;ODONTOLOGIA CAPOROSSI;Cuiabá;2.26;até 5 km;manso_capital;;Não;sem atendimento hospitalar;-56.116809;-15.594968
estabelecimento de saúde;ANNA VAZ PSICOLOGIA;Cuiabá;2.26;até 5 km;manso_capital;;Não;sem atendimento hospitalar;-56.116524;-15.59457
estabelecimento de saúde;VITAL DOR E REGENERACAO;Cuiabá;2.26;até 5 km;manso_capital;;Não;sem atendimento hospitalar;-56.116629;-15.594805
estabelecimento de saúde;L G DIAGNOSTICOS;Cuiabá;2.26;até 5 km;manso_capital;;Não;sem atendimento hospitalar;-56.116858;-15.595122
estabelecimento de saúde;DROGARIA SAO PAULO 2286 CUIABAII;Cuiabá;2.26;até 5 km;manso_capital;;Não;sem atendimento hospitalar;-56.11661;-15.594652
estabelecimento de saúde;CLISSLABOR SERVICOS E SEGURANCA DO TRABALHO;Cuiabá;2.26;até 5 km;manso_capital;;Não;sem atendimento hospitalar;-56.091003;-15.601757
estabelecimento de saúde;RADIMAGEM;Cuiabá;2.26;até 5 km;manso_capital;;Não;sem atendimento hospitalar;-56.116682;-15.59474
estabelecimento de saúde;GILSON MARCIO DA COSTA;Cuiabá;2.26;até 5 km;manso_capital;;Não;sem atendimento hospitalar;-56.116798;-15.594968
estabelecimento de saúde;WERNER HEINZ FOCKINK;Cuiabá;2.26;até 5 km;manso_capital;;Não;sem atendimento hospitalar;-56.116546;-15.594611
estabelecimento de saúde;JUAREZ ANTONIO BATISTA;Cuiabá;2.26;até 5 km;manso_capital;;Não;sem atendimento hospitalar;-56.091067;-15.601695
estabelecimento de saúde;ODONTOULTRACENTER;Cuiabá;2.26;até 5 km;manso_capital;;Não;sem atendimento hospitalar;-56.091024;-15.601757
estabelecimento de saúde;VIVIANNE SANT ANA GIACOMELI ROZIN;Cuiabá;2.26;até 5 km;manso_capital;;Não;sem atendimento hospitalar;-56.116546;-15.59457
estabelecimento de saúde;FRANCISCO NUNES DE OLIVEIRA;Várzea Grande;2.26;até 5 km;jusante_capital;;Não;sem atendimento hospitalar;-56.093273;-15.665767
estabelecimento de saúde;VIDA POSTO DE COLETA;Várzea Grande;2.26;até 5 km;manso_capital;;;sem atendimento hospitalar;-56.139579;-15.647627
estabelecimento de saúde;ANTONIO D OLIVEIRA GONCALVES PREZA;Cuiabá;2.27;até 5 km;manso_capital;;Não;sem atendimento hospitalar;-56.091003;-15.601716
estabelecimento de saúde;RENATA ALICE LIBARDI;Cuiabá;2.27;até 5 km;manso_capital;;Não;sem atendimento hospitalar;-56.116615;-15.594937
estabelecimento de saúde;FONOCLIN;Cuiabá;2.27;até 5 km;manso_capital;;Não;sem atendimento hospitalar;-56.116787;-15.595089
estabelecimento de saúde;DENSIMAT IMAGENS;Cuiabá;2.27;até 5 km;manso_capital;;Não;sem atendimento hospitalar;-56.116758;-15.595079
estabelecimento de saúde;MARCOS BENEDITO CORREA GABRIEL;Cuiabá;2.27;até 5 km;manso_capital;;Não;sem atendimento hospitalar;-56.116607;-15.594928
estabelecimento de saúde;CLINICA NEUROLOGICA DRA MARIANA SANTANA;Cuiabá;2.27;até 5 km;manso_capital;;Não;sem atendimento hospitalar;-56.116438;-15.594694
estabelecimento de saúde;CARDIOVASCULAR SAUDE INTEGRADA;Cuiabá;2.27;até 5 km;manso_capital;;Não;sem atendimento hospitalar;-56.116524;-15.594714
estabelecimento de saúde;LYGIA METELLO FONOAUDIOLOGIA INFANTIL LTDA;Cuiabá;2.27;até 5 km;manso_capital;;Não;sem atendimento hospitalar;-56.116524;-15.594673
estabelecimento de saúde;CENTRO DE CIRURGIA DE CABECA E PESCOCO;Cuiabá;2.27;até 5 km;manso_capital;;Não;sem atendimento hospitalar;-56.105518;-15.596727
estabelecimento de saúde;LABORATORIO HEMACLIN;Cuiabá;2.27;até 5 km;manso_capital;;Não;sem atendimento hospitalar;-56.116417;-15.594611
estabelecimento de saúde;CLINICA MATIAS;Cuiabá;2.27;até 5 km;manso_capital;;Não;sem atendimento hospitalar;-56.118229;-15.596961
estabelecimento de saúde;CLINICA DE OFTALMOLOGIA DRA JANAINA LAGO;Cuiabá;2.27;até 5 km;manso_capital;;Não;sem atendimento hospitalar;-56.116535;-15.594745
estabelecimento de saúde;LUIZ MACHADO BALSTER NETO;Cuiabá;2.27;até 5 km;manso_capital;;Não;sem atendimento hospitalar;-56.080084;-15.610726
estabelecimento de saúde;FATIMA GRUNWALD LAILA GARCIA;Cuiabá;2.27;até 5 km;manso_capital;;Não;sem atendimento hospitalar;-56.116701;-15.595024
estabelecimento de saúde;WILSON BENEDITO PEREIRA;Cuiabá;2.27;até 5 km;manso_capital;;Não;sem atendimento hospitalar;-56.090981;-15.601716
estabelecimento de saúde;MARIA NAZARE GAIVA DE MATTOS;Cuiabá;2.27;até 5 km;manso_capital;;Não;sem atendimento hospitalar;-56.116607;-15.594908
estabelecimento de saúde;IVONETE DE FATIMA CALLEGARI PADOIN;Cuiabá;2.27;até 5 km;manso_capital;;Não;sem atendimento hospitalar;-56.099541;-15.597614
estabelecimento de saúde;EDUARDO DICKE;Cuiabá;2.27;até 5 km;manso_capital;;Não;sem atendimento hospitalar;-56.11675;-15.59504
estabelecimento de saúde;LUIS ANTONIO SOARES PIRES;Cuiabá;2.27;até 5 km;manso_capital;;Não;sem atendimento hospitalar;-56.11679;-15.59519
estabelecimento de saúde;LABORATORIO CARLOS CHAGAS UNIDADE JARDIM CUIABA;Cuiabá;2.27;até 5 km;manso_capital;;;sem atendimento hospitalar;-56.116671;-15.594895
estabelecimento de saúde;IMAGENS;Cuiabá;2.27;até 5 km;manso_capital;;Não;sem atendimento hospitalar;-56.116866;-15.595225
estabelecimento de saúde;CESAR TAUJI TAKANO;Várzea Grande;2.27;até 5 km;manso_capital;;Não;sem atendimento hospitalar;-56.13503;-15.649528
estabelecimento de saúde;GASTROVIDEO;Cuiabá;2.28;até 5 km;manso_capital;;Não;sem atendimento hospitalar;-56.116607;-15.595075
estabelecimento de saúde;CLINICA DO COLON;Cuiabá;2.28;até 5 km;manso_capital;;Não;sem atendimento hospitalar;-56.116626;-15.595117
estabelecimento de saúde;LONGEVITTA;Cuiabá;2.28;até 5 km;manso_capital;;Não;sem atendimento hospitalar;-56.116547;-15.594962
estabelecimento de saúde;MARLENE DE MIRANDA;Cuiabá;2.28;até 5 km;manso_capital;;Não;sem atendimento hospitalar;-56.1165;-15.594904
estabelecimento de saúde;LUCY MARIA DE OLIVEIRA FARAH;Cuiabá;2.28;até 5 km;manso_capital;;Não;sem atendimento hospitalar;-56.116605;-15.594979
estabelecimento de saúde;ELIZABETH JUSTINIANO CAPISTRANO PINHO;Cuiabá;2.28;até 5 km;manso_capital;;Não;sem atendimento hospitalar;-56.095931;-15.598867
estabelecimento de saúde;CLINICA ACREDITAR AVALIACAO PSICOLOGICA LTDA;Cuiabá;2.28;até 5 km;manso_capital;;Não;sem atendimento hospitalar;-56.113462;-15.589377
estabelecimento de saúde;INSTITUTO MATOGROSSENSE DE AUTISMO;Cuiabá;2.28;até 5 km;manso_capital;;Não;sem atendimento hospitalar;-56.101598;-15.597026
estabelecimento de saúde;AVALIARE PSICOLOGIA;Cuiabá;2.28;até 5 km;manso_capital;;Não;sem atendimento hospitalar;-56.111452;-15.597177
estabelecimento de saúde;MAURICIO DONATTI;Cuiabá;2.28;até 5 km;manso_capital;;Não;sem atendimento hospitalar;-56.116473;-15.594862
estabelecimento de saúde;LUCIANO COLOGNESE;Cuiabá;2.28;até 5 km;manso_capital;;Não;sem atendimento hospitalar;-56.116575;-15.594939
estabelecimento de saúde;LABORATORIO CARLOS CHAGAS UNIDADE IMAGENS;Cuiabá;2.28;até 5 km;manso_capital;;Não;sem atendimento hospitalar;-56.116623;-15.5951
estabelecimento de saúde;ODONTOCENTRO;Cuiabá;2.28;até 5 km;manso_capital;;Não;sem atendimento hospitalar;-56.096258;-15.598668
estabelecimento de saúde;GRUPO OLHARES SAUDE E BEM ESTAR;Várzea Grande;2.28;até 5 km;manso_capital;;Sim;atendimento hospitalar;-56.10383;-15.644816
estabelecimento de saúde;HUGO LUCIANO DE ALMEIDA;Cuiabá;2.29;até 5 km;manso_capital;;Não;sem atendimento hospitalar;-56.116492;-15.594952
estabelecimento de saúde;JOAO MARCELO GONCALO APARECIDO BARACAT DE ALMEIDA;Cuiabá;2.29;até 5 km;manso_capital;;Não;sem atendimento hospitalar;-56.116548;-15.595168
estabelecimento de saúde;FARMACIA PAGUE MENOS;Cuiabá;2.29;até 5 km;manso_capital;;Não;sem atendimento hospitalar;-56.069903;-15.616962
estabelecimento de saúde;SORRIR CLINICA ODONTOLOGICA;Cuiabá;2.29;até 5 km;manso_capital;;Não;sem atendimento hospitalar;-56.11441;-15.591656
estabelecimento de saúde;JULIANA PERES FRANK;Cuiabá;2.29;até 5 km;manso_capital;;Não;sem atendimento hospitalar;-56.113371;-15.597462
estabelecimento de saúde;GEORGETO SERVICOS MEDICOS LTDA;Cuiabá;2.29;até 5 km;manso_capital;;Não;sem atendimento hospitalar;-56.116546;-15.595107
estabelecimento de saúde;JTP SERVICOS MEDICOS;Cuiabá;2.29;até 5 km;jusante_capital;;Não;sem atendimento hospitalar;-56.060479;-15.627178
estabelecimento de saúde;LABORATORIO HEMACLIN;Cuiabá;2.29;até 5 km;manso_capital;;Não;sem atendimento hospitalar;-56.116558;-15.595139
estabelecimento de saúde;NAIZA PIVATTO SAUDE INTEGRADA;Cuiabá;2.29;até 5 km;manso_capital;;Não;sem atendimento hospitalar;-56.079143;-15.611056
estabelecimento de saúde;LILIAN CRISTINE PINTO;Cuiabá;2.29;até 5 km;manso_capital;;Não;sem atendimento hospitalar;-56.092063;-15.600702
estabelecimento de saúde;FABIO ALEXANDRO LOPES;Cuiabá;2.29;até 5 km;manso_capital;;Não;sem atendimento hospitalar;-56.116526;-15.595095
estabelecimento de saúde;CELSO MARCELO CUNHA;Cuiabá;2.29;até 5 km;manso_capital;;Não;sem atendimento hospitalar;-56.112188;-15.579308
estabelecimento de saúde;SEBASTIAO DIAS DE OLIVEIRA;Cuiabá;2.29;até 5 km;manso_capital;;Não;sem atendimento hospitalar;-56.092115;-15.600693
estabelecimento de saúde;SERVICOS MEDICOS AGAPE;Cuiabá;2.29;até 5 km;manso_capital;;Não;sem atendimento hospitalar;-56.073068;-15.614485
estabelecimento de saúde;FISIO BEM;Cuiabá;2.29;até 5 km;manso_capital;;Não;sem atendimento hospitalar;-56.104115;-15.596673
estabelecimento de saúde;INMO;Cuiabá;2.29;até 5 km;manso_capital;;Não;sem atendimento hospitalar;-56.116667;-15.595265
estabelecimento de saúde;LASER VISION;Cuiabá;2.29;até 5 km;manso_capital;;Não;sem atendimento hospitalar;-56.116589;-15.595119
estabelecimento de saúde;L A SERVICOS MEDICOS;Cuiabá;2.29;até 5 km;manso_capital;;Não;sem atendimento hospitalar;-56.117064;-15.595784
estabelecimento de saúde;JOEL MARCOS PEREIRA;Cuiabá;2.3;até 5 km;manso_capital;;Não;sem atendimento hospitalar;-56.117309;-15.598792
estabelecimento de saúde;SANTA ROSA COOP;Cuiabá;2.3;até 5 km;manso_capital;;;sem atendimento hospitalar;-56.112095;-15.582564
estabelecimento de saúde;VANESSA BRITTO ZAFRA;Cuiabá;2.3;até 5 km;manso_capital;;Não;sem atendimento hospitalar;-56.116931;-15.59575
estabelecimento de saúde;DELLA CRUZ ODONTOLOGIA;Cuiabá;2.3;até 5 km;manso_capital;;Não;sem atendimento hospitalar;-56.093191;-15.599933
estabelecimento de saúde;UNICA PSICOLOGIA LTDA;Cuiabá;2.3;até 5 km;manso_capital;;Não;sem atendimento hospitalar;-56.113576;-15.597416
estabelecimento de saúde;FLORESCER AUTISMO;Cuiabá;2.3;até 5 km;manso_capital;;Não;sem atendimento hospitalar;-56.116956;-15.595864
estabelecimento de saúde;CLINICA RESPLANDECER;Cuiabá;2.3;até 5 km;manso_capital;;Não;sem atendimento hospitalar;-56.114367;-15.591664
estabelecimento de saúde;DROGASIL DS 1432;Cuiabá;2.3;até 5 km;manso_capital;;Não;sem atendimento hospitalar;-56.070975;-15.615948
estabelecimento de saúde;ESTEVAO VIRGILIO VAZ CURVO;Cuiabá;2.3;até 5 km;manso_capital;;Não;sem atendimento hospitalar;-56.116465;-15.595164
estabelecimento de saúde;NICANDRO DE FIGUEIREDO NETO;Cuiabá;2.3;até 5 km;manso_capital;;Não;sem atendimento hospitalar;-56.116487;-15.595107
estabelecimento de saúde;ANDREA FETTER TORRACA LTDA;Cuiabá;2.3;até 5 km;manso_capital;;Não;sem atendimento hospitalar;-56.116864;-15.595765
estabelecimento de saúde;EDUARDO FRANKLIM TABACCHI NETO;Cuiabá;2.3;até 5 km;manso_capital;;Não;sem atendimento hospitalar;-56.09002;-15.602128
estabelecimento de saúde;RADIUS IMAGENS;Cuiabá;2.3;até 5 km;manso_capital;;Não;sem atendimento hospitalar;-56.116375;-15.595069
estabelecimento de saúde;INSTITUTO ODONTOLOGIA INTEGRADA;Cuiabá;2.3;até 5 km;manso_capital;;Não;sem atendimento hospitalar;-56.116486;-15.595213
estabelecimento de saúde;MAIZE SOUZA CAMILO;Cuiabá;2.3;até 5 km;manso_capital;;Não;sem atendimento hospitalar;-56.086333;-15.604975
estabelecimento de saúde;OLHAR PREV CLINICAS OFTALMOLOGICAS;Várzea Grande;2.3;até 5 km;manso_capital;;Não;sem atendimento hospitalar;-56.131736;-15.650473
estabelecimento de saúde;JULIANA MARIA FRANCIOSO JULIANI;Cuiabá;2.31;até 5 km;manso_capital;;Não;sem atendimento hospitalar;-56.100588;-15.596997
estabelecimento de saúde;AMO CLINICA DE ASSISTENCIA MEDICA ODON;Cuiabá;2.31;até 5 km;manso_capital;;Não;sem atendimento hospitalar;-56.091758;-15.600754
estabelecimento de saúde;PATRICIA ALESSANDRA NARDO KISSER;Cuiabá;2.31;até 5 km;manso_capital;;Não;sem atendimento hospitalar;-56.116386;-15.595177
estabelecimento de saúde;USF NOVO COLORADO I;Cuiabá;2.31;até 5 km;manso_capital;;Não;sem atendimento hospitalar;-56.111995;-15.581235
estabelecimento de saúde;MEMORIAL HOSPITAL KAROL WOJTYLA;Cuiabá;2.31;até 5 km;manso_capital;;Sim;atendimento hospitalar;-56.113463;-15.597283
estabelecimento de saúde;FAROUK HASSAN FARES;Cuiabá;2.31;até 5 km;manso_capital;;Não;sem atendimento hospitalar;-56.091728;-15.60075
estabelecimento de saúde;OLYNTHO GONCALVES NETO;Cuiabá;2.31;até 5 km;manso_capital;;Não;sem atendimento hospitalar;-56.116424;-15.595233
estabelecimento de saúde;INSTITUTO DA CRIANCA;Cuiabá;2.31;até 5 km;manso_capital;;Não;sem atendimento hospitalar;-56.115366;-15.593661
estabelecimento de saúde;NEIVA PSICOLOGA;Várzea Grande;2.31;até 5 km;manso_capital;;Não;sem atendimento hospitalar;-56.131854;-15.650592
estabelecimento de saúde;FARMACIA POPULAR DO BRASIL CENTRO VG;Várzea Grande;2.31;até 5 km;manso_capital;;;sem atendimento hospitalar;-56.136054;-15.649619
estabelecimento de saúde;MARCIA ARANTES DA COSTA;Cuiabá;2.32;até 5 km;manso_capital;;Não;sem atendimento hospitalar;-56.092046;-15.60039
estabelecimento de saúde;ODONTOCOMPANY CUIABA;Cuiabá;2.32;até 5 km;manso_capital;;Não;sem atendimento hospitalar;-56.09529;-15.598699
estabelecimento de saúde;CLINICA MIDORI;Cuiabá;2.32;até 5 km;manso_capital;;Não;sem atendimento hospitalar;-56.101328;-15.596768
estabelecimento de saúde;CLINICA LUZ AZUL;Cuiabá;2.32;até 5 km;manso_capital;;Não;sem atendimento hospitalar;-56.101209;-15.596771
estabelecimento de saúde;DANIELA ODORISSIO MARTIN;Cuiabá;2.32;até 5 km;manso_capital;;Não;sem atendimento hospitalar;-56.101328;-15.596768
estabelecimento de saúde;UNICA PSICOLOGIA E INTERVENCAO ABA;Várzea Grande;2.32;até 5 km;manso_capital;;Não;sem atendimento hospitalar;-56.135804;-15.649826
estabelecimento de saúde;EQUILIBRIO AVALIACAO PSICOLOGICA;Várzea Grande;2.32;até 5 km;manso_capital;;Não;sem atendimento hospitalar;-56.135804;-15.649826
estabelecimento de saúde;MEDICS SERVICOS MEDICOS;Cuiabá;2.33;até 5 km;manso_capital;;Não;sem atendimento hospitalar;-56.111751;-15.582461
estabelecimento de saúde;USF PARQUE CUIABA;Cuiabá;2.33;até 5 km;jusante_capital;;Não;sem atendimento hospitalar;-56.04891;-15.660019
estabelecimento de saúde;ELMER SALVIANO CLINICA OFTALMOLOGICA;Cuiabá;2.33;até 5 km;manso_capital;;Não;sem atendimento hospitalar;-56.110491;-15.596524
estabelecimento de saúde;MEZZA CLIN;Cuiabá;2.33;até 5 km;manso_capital;;Não;sem atendimento hospitalar;-56.111027;-15.596692
estabelecimento de saúde;NICOLAU AVILA CRUZ;Cuiabá;2.33;até 5 km;manso_capital;;Não;sem atendimento hospitalar;-56.111773;-15.582492
estabelecimento de saúde;ELETROCOR SERVICOS DE ELETROCARDIOGRAMAS;Cuiabá;2.33;até 5 km;manso_capital;;Não;sem atendimento hospitalar;-56.111778;-15.582595
estabelecimento de saúde;RENATA PINTO CAMIA;Cuiabá;2.33;até 5 km;manso_capital;;Não;sem atendimento hospitalar;-56.111805;-15.582492
estabelecimento de saúde;GASTROPLAST;Cuiabá;2.33;até 5 km;manso_capital;;Não;sem atendimento hospitalar;-56.111759;-15.582789
estabelecimento de saúde;LORIAN DE SOUZA BOURET;Cuiabá;2.33;até 5 km;manso_capital;;Não;sem atendimento hospitalar;-56.111781;-15.582651
estabelecimento de saúde;VANIA DE MELO VIANA ME;Cuiabá;2.33;até 5 km;manso_capital;;Não;sem atendimento hospitalar;-56.111741;-15.582585
estabelecimento de saúde;ELVIRA LOPES DA SILVA;Cuiabá;2.34;até 5 km;manso_capital;;Não;sem atendimento hospitalar;-56.111716;-15.582768
estabelecimento de saúde;AURELIO LEAL BOICA JUNIOR;Cuiabá;2.34;até 5 km;manso_capital;;Não;sem atendimento hospitalar;-56.09461;-15.598851
estabelecimento de saúde;RAIA DROGASIL S A;Cuiabá;2.34;até 5 km;manso_capital;;Não;sem atendimento hospitalar;-56.106737;-15.59609
estabelecimento de saúde;CENTRO DE ESPECIALIDADES MEDICAS;Cuiabá;2.34;até 5 km;manso_capital;;Não;sem atendimento hospitalar;-56.089947;-15.601707
estabelecimento de saúde;3L SERVICOS MEDICOS;Cuiabá;2.34;até 5 km;manso_capital;;Não;sem atendimento hospitalar;-56.116476;-15.595848
estabelecimento de saúde;CLINICA AIRES;Cuiabá;2.34;até 5 km;manso_capital;;Não;sem atendimento hospitalar;-56.115827;-15.594855
estabelecimento de saúde;EZILAINE DO NASCIMENTO ROSA;Cuiabá;2.34;até 5 km;manso_capital;;Não;sem atendimento hospitalar;-56.111682;-15.582732
estabelecimento de saúde;GRACIELA ARAUJO DO ESPIRITO SANTO;Cuiabá;2.34;até 5 km;manso_capital;;Não;sem atendimento hospitalar;-56.111725;-15.582658
estabelecimento de saúde;DR VIDAL GUERREIRO CIRURGIA PLASTICA;Cuiabá;2.34;até 5 km;manso_capital;;Não;sem atendimento hospitalar;-56.157068;-15.625338
estabelecimento de saúde;CLINICA ALECRIM;Várzea Grande;2.34;até 5 km;manso_capital;;Não;sem atendimento hospitalar;-56.139739;-15.64835
estabelecimento de saúde;SAMU 192 CUIABA TRANSPORTE AEROMEDICO;Várzea Grande;2.34;até 5 km;manso_capital;;;sem atendimento hospitalar;-56.119762;-15.650325
estabelecimento de saúde;LARISSA MOURA ODONTOLOGIA;Cuiabá;2.35;até 5 km;manso_capital;;Não;sem atendimento hospitalar;-56.115946;-15.595133
estabelecimento de saúde;E VISION OFTALMOLOGIA AVANCADA E CIRURGIA VASCULAR;Cuiabá;2.35;até 5 km;manso_capital;;Não;sem atendimento hospitalar;-56.112995;-15.589836
estabelecimento de saúde;DORISMAR RODRIGUES DOS SANTOS;Cuiabá;2.35;até 5 km;manso_capital;;Não;sem atendimento hospitalar;-56.100128;-15.59671
estabelecimento de saúde;GILMAR FERREIRA DO ESPIRITO SANTO;Cuiabá;2.35;até 5 km;manso_capital;;Não;sem atendimento hospitalar;-56.100133;-15.596714
estabelecimento de saúde;MARCELO BENEDITO MANSUI BUNILAI;Cuiabá;2.35;até 5 km;manso_capital;;Não;sem atendimento hospitalar;-56.100141;-15.596661
estabelecimento de saúde;INSTITURO OLIVEIRA DE FISIOTERAPIA INTEGRADA;Cuiabá;2.35;até 5 km;manso_capital;;Não;sem atendimento hospitalar;-56.116217;-15.595527
estabelecimento de saúde;ALVES FONOAUDIOLOGIA;Cuiabá;2.35;até 5 km;manso_capital;;Não;sem atendimento hospitalar;-56.092007;-15.600171
estabelecimento de saúde;TAMIRES PIRES DE MENDONCA;Cuiabá;2.35;até 5 km;manso_capital;;Não;sem atendimento hospitalar;-56.115908;-15.595132
estabelecimento de saúde;GASTRO CENTRO;Cuiabá;2.35;até 5 km;manso_capital;;Não;sem atendimento hospitalar;-56.092029;-15.600109
estabelecimento de saúde;CLINICA RENASCER;Cuiabá;2.35;até 5 km;manso_capital;;Não;sem atendimento hospitalar;-56.091986;-15.600151
estabelecimento de saúde;G M Z MAGALHAES PSICOLOGIA LTDA;Cuiabá;2.35;até 5 km;manso_capital;;Não;sem atendimento hospitalar;-56.100062;-15.596757
estabelecimento de saúde;DERLY ORTIZ RODRIGUES;Cuiabá;2.35;até 5 km;manso_capital;;Não;sem atendimento hospitalar;-56.111754;-15.578253
estabelecimento de saúde;RENATA FIGUEIRA LISBOA ROMANI;Cuiabá;2.35;até 5 km;manso_capital;;Não;sem atendimento hospitalar;-56.089848;-15.60167
estabelecimento de saúde;ANESTPLAN;Cuiabá;2.35;até 5 km;manso_capital;;Não;sem atendimento hospitalar;-56.105361;-15.596056
estabelecimento de saúde;OFTALMOLUZ;Cuiabá;2.35;até 5 km;manso_capital;;Não;sem atendimento hospitalar;-56.100078;-15.596678
estabelecimento de saúde;CANDIDO DUARTE BRAGA NETO;Cuiabá;2.35;até 5 km;manso_capital;;Não;sem atendimento hospitalar;-56.069432;-15.6166
estabelecimento de saúde;ALEXANDRE RECHE CORREA;Cuiabá;2.36;até 5 km;manso_capital;;Não;sem atendimento hospitalar;-56.077812;-15.610969
estabelecimento de saúde;TRANSFORMA VIDAS;Cuiabá;2.36;até 5 km;manso_capital;;Não;sem atendimento hospitalar;-56.089704;-15.601624
estabelecimento de saúde;MARCOS VINICIUS ALVES BERNARDES BOTELHO;Cuiabá;2.36;até 5 km;manso_capital;;Não;sem atendimento hospitalar;-56.112386;-15.588481
estabelecimento de saúde;TRANSITAR AVALIACAO PSICOLOGICA;Cuiabá;2.36;até 5 km;manso_capital;;Não;sem atendimento hospitalar;-56.075582;-15.61219
estabelecimento de saúde;IMDO;Cuiabá;2.36;até 5 km;manso_capital;;Não;sem atendimento hospitalar;-56.112484;-15.588795
estabelecimento de saúde;OTILIA MARIA TEOFILO;Cuiabá;2.36;até 5 km;manso_capital;;Não;sem atendimento hospitalar;-56.100105;-15.596634
estabelecimento de saúde;BETA CELL CENTER DIABETES E ENDOCRINOLOGIA;Cuiabá;2.36;até 5 km;manso_capital;;Não;sem atendimento hospitalar;-56.114276;-15.597036
estabelecimento de saúde;WILSON XAVIER GOGOLEVSKY;Cuiabá;2.36;até 5 km;manso_capital;;Não;sem atendimento hospitalar;-56.111487;-15.580773
estabelecimento de saúde;MARIA VANIA VIEIRA DA SILVA;Cuiabá;2.36;até 5 km;manso_capital;;Não;sem atendimento hospitalar;-56.100159;-15.596608
estabelecimento de saúde;JANAINA DE MEDEIROS CAMPOS;Cuiabá;2.36;até 5 km;manso_capital;;Não;sem atendimento hospitalar;-56.07811;-15.610759
estabelecimento de saúde;PSICOMED;Várzea Grande;2.36;até 5 km;manso_capital;;Não;sem atendimento hospitalar;-56.128013;-15.651263
estabelecimento de saúde;ARAY CARLOS DA FONSECA FILHO;Cuiabá;2.37;até 5 km;manso_capital;;Não;sem atendimento hospitalar;-56.100094;-15.596511
estabelecimento de saúde;EGLE SOUSA PEREIRA;Cuiabá;2.37;até 5 km;manso_capital;;Não;sem atendimento hospitalar;-56.115671;-15.595092
estabelecimento de saúde;ELEVE DESENVOLVIMENTO HUMANO;Cuiabá;2.37;até 5 km;manso_capital;;Não;sem atendimento hospitalar;-56.100094;-15.596501
estabelecimento de saúde;PHLORACEAE;Cuiabá;2.37;até 5 km;manso_capital;;Não;sem atendimento hospitalar;-56.100094;-15.59648
estabelecimento de saúde;CLINICA CARDIOLOGICA DR ADENA;Cuiabá;2.37;até 5 km;manso_capital;;Não;sem atendimento hospitalar;-56.100062;-15.596563
estabelecimento de saúde;RAIA DROGASIL S A;Cuiabá;2.37;até 5 km;manso_capital;;Não;sem atendimento hospitalar;-56.076099;-15.611809
estabelecimento de saúde;NUTRICIONISTA FERNANDA PIMENTA;Cuiabá;2.37;até 5 km;manso_capital;;Não;sem atendimento hospitalar;-56.111387;-15.582781
estabelecimento de saúde;SG VACINAS;Cuiabá;2.37;até 5 km;manso_capital;;Não;sem atendimento hospitalar;-56.115585;-15.595057
estabelecimento de saúde;ELIANNE MARIA FERREIRA CURVO;Cuiabá;2.37;até 5 km;manso_capital;;Não;sem atendimento hospitalar;-56.100126;-15.596522
estabelecimento de saúde;EDUARDO DICKE;Cuiabá;2.37;até 5 km;manso_capital;;Não;sem atendimento hospitalar;-56.100084;-15.596522
estabelecimento de saúde;LILIAN FABIANA PEREIRA LEITE;Cuiabá;2.37;até 5 km;manso_capital;;Não;sem atendimento hospitalar;-56.114531;-15.597022
estabelecimento de saúde;ROSITA RIBEIRO DA SILVA;Cuiabá;2.37;até 5 km;manso_capital;;Não;sem atendimento hospitalar;-56.100126;-15.596532
estabelecimento de saúde;MARTA FERNANDES PAPAZIAN;Cuiabá;2.37;até 5 km;manso_capital;;Não;sem atendimento hospitalar;-56.078053;-15.610693
estabelecimento de saúde;CRC CENTRO DE RADIOLOGIA CATARUZZI;Cuiabá;2.37;até 5 km;manso_capital;;Não;sem atendimento hospitalar;-56.114054;-15.592565
estabelecimento de saúde;CMO CENTRO MATOGROSSENSE DE OFTALMOLOGIA;Várzea Grande;2.37;até 5 km;manso_capital;;Sim;atendimento hospitalar;-56.131227;-15.651131
estabelecimento de saúde;CLINICA DE OLHOS;Várzea Grande;2.37;até 5 km;manso_capital;;Não;sem atendimento hospitalar;-56.131227;-15.651131
estabelecimento de saúde;USF SOUZA LIMA LUIRICO FERREIRA MAGALHAES;Várzea Grande;2.37;até 5 km;jusante_capital;;Não;sem atendimento hospitalar;-56.12701;-15.72088
estabelecimento de saúde;IDEALE ODONTOLOGIA;Cuiabá;2.38;até 5 km;jusante_capital;;Não;sem atendimento hospitalar;-56.056585;-15.62932
estabelecimento de saúde;MARCOS BENEDITO FIGUEIREDO BRANDAO;Cuiabá;2.38;até 5 km;manso_capital;;Não;sem atendimento hospitalar;-56.087992;-15.602839
estabelecimento de saúde;SANTOS E REIS SERVICOS MEDICOS LTDA;Cuiabá;2.38;até 5 km;manso_capital;;Não;sem atendimento hospitalar;-56.116256;-15.596035
estabelecimento de saúde;BEATRIZ SCHMIDT DAL BERTO;Cuiabá;2.38;até 5 km;manso_capital;;Não;sem atendimento hospitalar;-56.116256;-15.596056
estabelecimento de saúde;DR THIAGO P TEIXEIRA;Cuiabá;2.38;até 5 km;manso_capital;;Não;sem atendimento hospitalar;-56.111272;-15.581951
estabelecimento de saúde;SONAR;Cuiabá;2.38;até 5 km;manso_capital;;Não;sem atendimento hospitalar;-56.111294;-15.58193
estabelecimento de saúde;CLINIMED;Cuiabá;2.38;até 5 km;manso_capital;;Não;sem atendimento hospitalar;-56.109446;-15.595931
estabelecimento de saúde;PSICO CLINICA;Cuiabá;2.38;até 5 km;manso_capital;;Não;sem atendimento hospitalar;-56.078164;-15.610532
estabelecimento de saúde;MARCOS VINICIUS LOPES PRIOLI;Cuiabá;2.38;até 5 km;manso_capital;;Não;sem atendimento hospitalar;-56.091239;-15.600344
estabelecimento de saúde;ENDOGASTRO;Cuiabá;2.38;até 5 km;manso_capital;;Não;sem atendimento hospitalar;-56.111329;-15.582312
estabelecimento de saúde;REJANE MARTINS RIBEIRO ITABORAHY;Cuiabá;2.38;até 5 km;manso_capital;;Não;sem atendimento hospitalar;-56.111326;-15.582312
estabelecimento de saúde;ERLENO PEREIRA DE AQUINO;Cuiabá;2.38;até 5 km;manso_capital;;Não;sem atendimento hospitalar;-56.111309;-15.579476
estabelecimento de saúde;INAC INSTITUTO DE ANALISES CLINICAS;Cuiabá;2.38;até 5 km;manso_capital;;Não;sem atendimento hospitalar;-56.115556;-15.595098
estabelecimento de saúde;NUCLEO DE ESTETICA E SAUDE ODONTOLOGICA LTDA;Cuiabá;2.38;até 5 km;manso_capital;;Não;sem atendimento hospitalar;-56.100212;-15.59636
estabelecimento de saúde;CLINIPREV DIAGNOSTICOS;Cuiabá;2.38;até 5 km;manso_capital;;Não;sem atendimento hospitalar;-56.089735;-15.601376
estabelecimento de saúde;CLINICA QUINDOM;Várzea Grande;2.38;até 5 km;manso_capital;;Não;sem atendimento hospitalar;-56.124361;-15.651279
estabelecimento de saúde;JGJR SERVICOS MEDICOS E OFTAL;Cuiabá;2.39;até 5 km;manso_capital;;Não;sem atendimento hospitalar;-56.111352;-15.585044
estabelecimento de saúde;SESTRA SEGURANCA E MEDICINA DO TRABALHO;Cuiabá;2.39;até 5 km;manso_capital;;Não;sem atendimento hospitalar;-56.068578;-15.616815
estabelecimento de saúde;IMEDI INSTITUTO MEDICO DE DIAGNOSTICO POR IMAGEM;Cuiabá;2.39;até 5 km;manso_capital;;Não;sem atendimento hospitalar;-56.11133;-15.578975
estabelecimento de saúde;WERNHER HUND LUCAS;Cuiabá;2.39;até 5 km;manso_capital;;Não;sem atendimento hospitalar;-56.094653;-15.598334
estabelecimento de saúde;FILOMENA RIBEIRO COSTA;Cuiabá;2.39;até 5 km;manso_capital;;Não;sem atendimento hospitalar;-56.10952;-15.595883
estabelecimento de saúde;I O C O;Cuiabá;2.39;até 5 km;manso_capital;;Não;sem atendimento hospitalar;-56.111448;-15.58521
estabelecimento de saúde;LABORATORIO NEUROLIQUOR;Cuiabá;2.39;até 5 km;manso_capital;;Não;sem atendimento hospitalar;-56.111249;-15.582353
estabelecimento de saúde;LIA RACHEL CHAVES DO AMARAL PELLOSO;Cuiabá;2.39;até 5 km;manso_capital;;Não;sem atendimento hospitalar;-56.111223;-15.579385
estabelecimento de saúde;CLEBERSON JEAN DOS SANTOS QUEIROZ;Cuiabá;2.39;até 5 km;manso_capital;;Não;sem atendimento hospitalar;-56.111311;-15.579154
estabelecimento de saúde;LUIGI RODRIGUES BRIANEZ;Cuiabá;2.39;até 5 km;manso_capital;;Não;sem atendimento hospitalar;-56.111247;-15.579348
estabelecimento de saúde;JOSE AUGUSTO DE ROYA FREIRE;Cuiabá;2.39;até 5 km;manso_capital;;Não;sem atendimento hospitalar;-56.100175;-15.596365
estabelecimento de saúde;SANDRO MARCO STEFANINI DE ALMEIDA;Cuiabá;2.39;até 5 km;manso_capital;;Não;sem atendimento hospitalar;-56.074791;-15.612295
estabelecimento de saúde;FABRICIO MARTINS DE ARAUJO;Cuiabá;2.39;até 5 km;manso_capital;;Não;sem atendimento hospitalar;-56.089833;-15.601176
estabelecimento de saúde;SAMU 192 CUIABA USB B1;Cuiabá;2.39;até 5 km;manso_capital;;;sem atendimento hospitalar;-56.094523;-15.598367
estabelecimento de saúde;LILIAN DA SILVA SANTANNA;Cuiabá;2.39;até 5 km;manso_capital;;Não;sem atendimento hospitalar;-56.114149;-15.596726
estabelecimento de saúde;NAW ALLY;Cuiabá;2.39;até 5 km;manso_capital;;Não;sem atendimento hospitalar;-56.116262;-15.596345
estabelecimento de saúde;CLINAUDIO;Várzea Grande;2.39;até 5 km;manso_capital;;Não;sem atendimento hospitalar;-56.13528;-15.650641
estabelecimento de saúde;LABORATORIO CARLOS CHAGAS VARZEA GRANDE;Várzea Grande;2.39;até 5 km;manso_capital;;Não;sem atendimento hospitalar;-56.124172;-15.651325
estabelecimento de saúde;CLINIPREV ESTETICA;Cuiabá;2.4;até 5 km;manso_capital;;Não;sem atendimento hospitalar;-56.08947;-15.601371
estabelecimento de saúde;AMOR SAUDE;Cuiabá;2.4;até 5 km;manso_capital;;Não;sem atendimento hospitalar;-56.111763;-15.587435
estabelecimento de saúde;FISIONOVA FISIOTERAPIA LTDA;Cuiabá;2.4;até 5 km;manso_capital;;Não;sem atendimento hospitalar;-56.111129;-15.579362
estabelecimento de saúde;HIPERBARICA SANTA ROSA;Cuiabá;2.4;até 5 km;manso_capital;;Não;sem atendimento hospitalar;-56.111211;-15.57933
estabelecimento de saúde;TECNOVIDA;Cuiabá;2.4;até 5 km;manso_capital;;;sem atendimento hospitalar;-56.11512;-15.594741
estabelecimento de saúde;INERVA SERVICOS MEDICOS;Cuiabá;2.4;até 5 km;manso_capital;;Não;sem atendimento hospitalar;-56.11118;-15.579106
estabelecimento de saúde;CANAVARROS SERRA;Cuiabá;2.4;até 5 km;manso_capital;;;sem atendimento hospitalar;-56.114038;-15.593015
estabelecimento de saúde;HOSPITAL SANTA ROSA;Cuiabá;2.4;até 5 km;manso_capital;;Sim;atendimento hospitalar;-56.111168;-15.579139
estabelecimento de saúde;LABORATORIO SANTA ROSA;Cuiabá;2.4;até 5 km;manso_capital;;Não;sem atendimento hospitalar;-56.111148;-15.579116
estabelecimento de saúde;UNIDADE DA PESSOA;Cuiabá;2.4;até 5 km;manso_capital;;Não;sem atendimento hospitalar;-56.116083;-15.596247
estabelecimento de saúde;ALPHA FONOAUDIOLOGIA ESPECIALIZADA;Cuiabá;2.4;até 5 km;manso_capital;;Não;sem atendimento hospitalar;-56.077728;-15.610552
estabelecimento de saúde;GUNTHER PERES PIMENTA;Cuiabá;2.4;até 5 km;manso_capital;;Não;sem atendimento hospitalar;-56.111193;-15.579384
estabelecimento de saúde;ROSARIA MARIA SOARES ALVIM;Cuiabá;2.4;até 5 km;manso_capital;;Não;sem atendimento hospitalar;-56.111204;-15.579364
estabelecimento de saúde;HELIA APARECIDA VEXEL FONTES;Cuiabá;2.4;até 5 km;manso_capital;;Não;sem atendimento hospitalar;-56.111169;-15.579297
estabelecimento de saúde;RACHID NABIH ZEIDAN;Cuiabá;2.4;até 5 km;manso_capital;;Não;sem atendimento hospitalar;-56.111167;-15.579478
estabelecimento de saúde;SANDRA MARIA TORQUATO DE AQUINO;Cuiabá;2.4;até 5 km;manso_capital;;Não;sem atendimento hospitalar;-56.111164;-15.579494
estabelecimento de saúde;TERESA CRISTINA LOPES DOS SANTOS;Cuiabá;2.4;até 5 km;manso_capital;;Não;sem atendimento hospitalar;-56.111169;-15.579478
estabelecimento de saúde;LUCIANO CORREA RIBEIRO;Cuiabá;2.4;até 5 km;manso_capital;;Não;sem atendimento hospitalar;-56.111204;-15.579373
estabelecimento de saúde;JAIR GIAMPANI JUNIOR;Cuiabá;2.4;até 5 km;manso_capital;;Não;sem atendimento hospitalar;-56.111336;-15.585149
estabelecimento de saúde;PEDRO ERNESTO PULCHERIO;Cuiabá;2.4;até 5 km;manso_capital;;Não;sem atendimento hospitalar;-56.111169;-15.579147
estabelecimento de saúde;JOACIR RODRIGUES CARVALHO;Cuiabá;2.4;até 5 km;manso_capital;;Não;sem atendimento hospitalar;-56.111168;-15.579139
estabelecimento de saúde;JORGE DE ARAUJO LAFETA NETO;Cuiabá;2.4;até 5 km;manso_capital;;Não;sem atendimento hospitalar;-56.11118;-15.579295
estabelecimento de saúde;MILTON MINORU MATSUOKA;Cuiabá;2.4;até 5 km;manso_capital;;Não;sem atendimento hospitalar;-56.103263;-15.595695
estabelecimento de saúde;SANTA ROSA IMAGEM;Cuiabá;2.4;até 5 km;manso_capital;;Não;sem atendimento hospitalar;-56.111168;-15.579139
estabelecimento de saúde;HOSPITAL SANTA ROSA S A;Cuiabá;2.4;até 5 km;manso_capital;;Sim;atendimento hospitalar;-56.111168;-15.579139
estabelecimento de saúde;LIDERME ESTETICA;Cuiabá;2.4;até 5 km;manso_capital;;Não;sem atendimento hospitalar;-56.100298;-15.596223
estabelecimento de saúde;ALANA FISIOTERAPIA;Várzea Grande;2.4;até 5 km;manso_capital;;Não;sem atendimento hospitalar;-56.139491;-15.649121
estabelecimento de saúde;TRES BELLE CLINICA DA AUTOESTIMA;Cuiabá;2.41;até 5 km;manso_capital;;Não;sem atendimento hospitalar;-56.114755;-15.596703
estabelecimento de saúde;CONSULTORIO ODONTOLOGICO DRA TAIRINE TIESEN;Cuiabá;2.41;até 5 km;jusante_capital;;Não;sem atendimento hospitalar;-56.056571;-15.628914
estabelecimento de saúde;CONSULTORIO ODONTOLOGICO ELIZANGELA;Cuiabá;2.41;até 5 km;manso_capital;;Não;sem atendimento hospitalar;-56.114741;-15.596718
estabelecimento de saúde;CLINEMAT;Cuiabá;2.41;até 5 km;manso_capital;;Não;sem atendimento hospitalar;-56.084626;-15.605094
estabelecimento de saúde;SEDEME SERV ESPECIALIZADO EM DERMAT E MED ESTETICA;Cuiabá;2.41;até 5 km;manso_capital;;Não;sem atendimento hospitalar;-56.109696;-15.59574
estabelecimento de saúde;UTI UNIMED CUIABA;Cuiabá;2.41;até 5 km;manso_capital;;Não;sem atendimento hospitalar;-56.101793;-15.595811
estabelecimento de saúde;CONSULTORIO DE PSICOLOGIA;Cuiabá;2.41;até 5 km;manso_capital;;Não;sem atendimento hospitalar;-56.095006;-15.597956
estabelecimento de saúde;KENIA KATIA BRANDAO DE VASCONCELOS;Cuiabá;2.41;até 5 km;manso_capital;;Não;sem atendimento hospitalar;-56.111218;-15.595991
estabelecimento de saúde;LUIZ ARTHUR DE FARIA FIGUEIREDO;Cuiabá;2.41;até 5 km;manso_capital;;Não;sem atendimento hospitalar;-56.111075;-15.595894
estabelecimento de saúde;LABTOX;Cuiabá;2.41;até 5 km;manso_capital;;Não;sem atendimento hospitalar;-56.074823;-15.612157
estabelecimento de saúde;MEDTRAN SERVICOS MEDICOS;Cuiabá;2.41;até 5 km;manso_capital;;Não;sem atendimento hospitalar;-56.074823;-15.612126
estabelecimento de saúde;EYE CARE;Cuiabá;2.41;até 5 km;manso_capital;;Não;sem atendimento hospitalar;-56.074914;-15.612059
estabelecimento de saúde;REGINA REZENDE DA SILVA;Cuiabá;2.41;até 5 km;manso_capital;;Não;sem atendimento hospitalar;-56.114755;-15.596729
estabelecimento de saúde;PAULO HENRIQUE PULCHERIO;Cuiabá;2.42;até 5 km;manso_capital;;Não;sem atendimento hospitalar;-56.111049;-15.578654
estabelecimento de saúde;IMO CUIABA;Cuiabá;2.42;até 5 km;manso_capital;;Não;sem atendimento hospitalar;-56.110953;-15.595776
estabelecimento de saúde;NUTEC;Cuiabá;2.42;até 5 km;manso_capital;;Não;sem atendimento hospitalar;-56.111057;-15.578908
estabelecimento de saúde;CLINICA RAIO DE SOL TERAPIAS INTEGRADAS;Cuiabá;2.42;até 5 km;manso_capital;;Não;sem atendimento hospitalar;-56.090751;-15.600209
estabelecimento de saúde;ANGELO LOBATO CAMPOS TONUSSI;Cuiabá;2.42;até 5 km;manso_capital;;Não;sem atendimento hospitalar;-56.110979;-15.578992
estabelecimento de saúde;ALVARO ROBERTO DE ASSUMPCAO;Cuiabá;2.42;até 5 km;manso_capital;;Não;sem atendimento hospitalar;-56.110981;-15.578957
estabelecimento de saúde;MILTON MOREIRA PEIXOTO JUNIOR;Cuiabá;2.42;até 5 km;manso_capital;;Não;sem atendimento hospitalar;-56.110985;-15.578997
estabelecimento de saúde;CLINICA CARDIOS;Cuiabá;2.42;até 5 km;manso_capital;;Não;sem atendimento hospitalar;-56.115944;-15.596283
estabelecimento de saúde;CENTRO DE RADIOLOGIA IMAGENS;Cuiabá;2.42;até 5 km;manso_capital;;;sem atendimento hospitalar;-56.111162;-15.595876
estabelecimento de saúde;CONSULTORIO DODONTOLIGICO;Cuiabá;2.42;até 5 km;manso_capital;;Não;sem atendimento hospitalar;-56.098255;-15.596595
estabelecimento de saúde;FLAVIO KEKUCHI QUEIROZ;Cuiabá;2.42;até 5 km;manso_capital;;Não;sem atendimento hospitalar;-56.070148;-15.615131
estabelecimento de saúde;CONSULTORIO ODONTOLOGICO;Cuiabá;2.42;até 5 km;manso_capital;;Não;sem atendimento hospitalar;-56.068943;-15.616182
estabelecimento de saúde;DIAG X DIGITAL DIAGNOSTICOS RADIOLOGICOS;Cuiabá;2.42;até 5 km;manso_capital;;Não;sem atendimento hospitalar;-56.095076;-15.597845
estabelecimento de saúde;KENIA VILELA DE SOUZA;Várzea Grande;2.42;até 5 km;manso_capital;;Não;sem atendimento hospitalar;-56.141338;-15.648329
estabelecimento de saúde;PEDRO ADEMAR ROCKENBACH;Cuiabá;2.43;até 5 km;jusante_capital;;Não;sem atendimento hospitalar;-56.056904;-15.628398
estabelecimento de saúde;MHM FONOAUDIOLOGIA;Cuiabá;2.43;até 5 km;manso_capital;;Não;sem atendimento hospitalar;-56.110911;-15.579087
estabelecimento de saúde;CLINICA DE FISIOTERAPIA;Cuiabá;2.43;até 5 km;manso_capital;;Não;sem atendimento hospitalar;-56.110884;-15.578937
estabelecimento de saúde;IGOR NUTRICAO;Cuiabá;2.43;até 5 km;manso_capital;;Não;sem atendimento hospitalar;-56.110935;-15.579172
estabelecimento de saúde;CENTRO DE ESTUDOS;Cuiabá;2.43;até 5 km;manso_capital;;Não;sem atendimento hospitalar;-56.110935;-15.578971
estabelecimento de saúde;HOSPITAL MILAGRES;Cuiabá;2.43;até 5 km;manso_capital;;;sem atendimento hospitalar;-56.09197;-15.59927
estabelecimento de saúde;DAGOBERTO PASCHOAL FIGUEIRA PERES;Cuiabá;2.43;até 5 km;manso_capital;;Não;sem atendimento hospitalar;-56.098657;-15.596342
estabelecimento de saúde;MONICA MARIA PEDROX PERES;Cuiabá;2.43;até 5 km;manso_capital;;Não;sem atendimento hospitalar;-56.098657;-15.596314
estabelecimento de saúde;VENULA DIAGNOSTICO VASCULAR AVANCADO;Cuiabá;2.43;até 5 km;manso_capital;;Não;sem atendimento hospitalar;-56.111041;-15.578217
estabelecimento de saúde;CLINICA ORTOLEGAL;Cuiabá;2.43;até 5 km;manso_capital;;Não;sem atendimento hospitalar;-56.111872;-15.588892
estabelecimento de saúde;CLINICA NEUROCARDIO E DERMIS;Cuiabá;2.43;até 5 km;manso_capital;;Não;sem atendimento hospitalar;-56.110885;-15.578907
estabelecimento de saúde;PROJESAN;Cuiabá;2.44;até 5 km;manso_capital;;Não;sem atendimento hospitalar;-56.103339;-15.595341
estabelecimento de saúde;LUIZ AUGUSTO DOS SANTOS;Cuiabá;2.44;até 5 km;manso_capital;;Não;sem atendimento hospitalar;-56.110828;-15.578953
estabelecimento de saúde;MAURELIO DE LIMA BATISTA RIBEIRO;Cuiabá;2.44;até 5 km;manso_capital;;Não;sem atendimento hospitalar;-56.110848;-15.578947
estabelecimento de saúde;JOSE ROBERTO MOYA;Cuiabá;2.44;até 5 km;manso_capital;;Não;sem atendimento hospitalar;-56.110797;-15.578944
estabelecimento de saúde;ADRIANA MARQUES MONTEIRO;Cuiabá;2.44;até 5 km;manso_capital;;Não;sem atendimento hospitalar;-56.110805;-15.578946
estabelecimento de saúde;ANGELA MAR GOMES ALVAREZ;Cuiabá;2.44;até 5 km;manso_capital;;Não;sem atendimento hospitalar;-56.110867;-15.578935
estabelecimento de saúde;CONSULTORIO ODONTOLOGICO DR ANDRE;Nobres;2.44;até 5 km;manso_capital;;Não;sem atendimento hospitalar;-56.324759;-14.725849
estabelecimento de saúde;SORRIDENTS;Várzea Grande;2.44;até 5 km;manso_capital;;Não;sem atendimento hospitalar;-56.141224;-15.648543
estabelecimento de saúde;MED MAIS SOLUCOES EM SEVICOS;Várzea Grande;2.44;até 5 km;manso_capital;;Não;sem atendimento hospitalar;-56.121554;-15.651511
estabelecimento de saúde;SC AVALIACOES PSICOLOGIAS;Cuiabá;2.45;até 5 km;manso_capital;;Não;sem atendimento hospitalar;-56.063917;-15.621192
estabelecimento de saúde;NAYARA MOTA OLIVEIRA CERUTTI;Cuiabá;2.45;até 5 km;manso_capital;;Não;sem atendimento hospitalar;-56.115397;-15.596027
estabelecimento de saúde;ELADIUM INSTITUTO DE ENDOMETRIOSE;Cuiabá;2.45;até 5 km;manso_capital;;Não;sem atendimento hospitalar;-56.111634;-15.595629
estabelecimento de saúde;AUBE ODONTOLOGIA LTDA;Cuiabá;2.45;até 5 km;manso_capital;;Não;sem atendimento hospitalar;-56.110674;-15.583226
estabelecimento de saúde;DROGASIL CB JD CUIABA 1;Cuiabá;2.45;até 5 km;manso_capital;;Não;sem atendimento hospitalar;-56.114784;-15.595091
estabelecimento de saúde;LABORATORIO MARCOS DONADON;Cuiabá;2.45;até 5 km;manso_capital;;Não;sem atendimento hospitalar;-56.088595;-15.601512
estabelecimento de saúde;SUELLEN MONIQUE DA SILVA;Cuiabá;2.45;até 5 km;manso_capital;;Não;sem atendimento hospitalar;-56.097923;-15.596361
estabelecimento de saúde;CIRURGIA ONCOLOGICA ONCOMED;Cuiabá;2.45;até 5 km;manso_capital;;Não;sem atendimento hospitalar;-56.09801;-15.596323
estabelecimento de saúde;GARCIA MATSUBARA SERVICOS MEDICOS LTDA;Cuiabá;2.45;até 5 km;manso_capital;;Não;sem atendimento hospitalar;-56.090168;-15.600224
estabelecimento de saúde;ADALBERTO FERREIRA DA SILVA;Cuiabá;2.45;até 5 km;manso_capital;;Não;sem atendimento hospitalar;-56.111517;-15.595673
estabelecimento de saúde;ADEMAR GARCIA;Cuiabá;2.45;até 5 km;manso_capital;;Não;sem atendimento hospitalar;-56.111517;-15.595673
estabelecimento de saúde;SANDRA REGINA GUIRALDELI BORGES VILELA;Cuiabá;2.45;até 5 km;manso_capital;;Não;sem atendimento hospitalar;-56.102626;-15.595312
estabelecimento de saúde;ENDOGIN CENTRO DE ENDOSCOPIA GINICOLOGICA;Cuiabá;2.45;até 5 km;manso_capital;;Não;sem atendimento hospitalar;-56.109282;-15.595246
estabelecimento de saúde;ORAL PREV;Cuiabá;2.45;até 5 km;manso_capital;;Não;sem atendimento hospitalar;-56.103482;-15.595254
estabelecimento de saúde;INSTITUTO DE ODNTOLOGIA E PESQUISA;Cuiabá;2.45;até 5 km;manso_capital;;Não;sem atendimento hospitalar;-56.112052;-15.595716
estabelecimento de saúde;IMPULSOS DESENVOLVIMENTO INFANTIL;Cuiabá;2.46;até 5 km;manso_capital;;Não;sem atendimento hospitalar;-56.092057;-15.598962
estabelecimento de saúde;AMANDA SANTA CECILIA CURY;Cuiabá;2.46;até 5 km;manso_capital;;Não;sem atendimento hospitalar;-56.114432;-15.594714
estabelecimento de saúde;INTERODONTO;Cuiabá;2.46;até 5 km;manso_capital;;Não;sem atendimento hospitalar;-56.091533;-15.599222
estabelecimento de saúde;ENDO IMAGEM CLINICA DE ENDOSCOPIA LTDA;Cuiabá;2.46;até 5 km;manso_capital;;Não;sem atendimento hospitalar;-56.088293;-15.601612
estabelecimento de saúde;JOSE MILTON PELLOSO JUNIOR;Cuiabá;2.46;até 5 km;manso_capital;;Não;sem atendimento hospitalar;-56.110614;-15.578953
estabelecimento de saúde;SANDRA MARIA GEORGETO;Cuiabá;2.46;até 5 km;manso_capital;;Não;sem atendimento hospitalar;-56.111633;-15.595595
estabelecimento de saúde;JOAQUIM DA CUNHA CAMPOS GONCALVES;Cuiabá;2.46;até 5 km;manso_capital;;Não;sem atendimento hospitalar;-56.105529;-15.595039
estabelecimento de saúde;MYRIAN CURY HADDAD;Cuiabá;2.46;até 5 km;manso_capital;;Não;sem atendimento hospitalar;-56.111093;-15.587134
estabelecimento de saúde;RICARDO JUVENIZ SOUZA DOS SANTOS;Cuiabá;2.46;até 5 km;manso_capital;;Não;sem atendimento hospitalar;-56.110582;-15.580343
estabelecimento de saúde;SANTA ROSA COR;Cuiabá;2.46;até 5 km;manso_capital;;Não;sem atendimento hospitalar;-56.110619;-15.578824
estabelecimento de saúde;JULIANA TORRES VEDANA PICCINI;Cuiabá;2.46;até 5 km;manso_capital;;Não;sem atendimento hospitalar;-56.112316;-15.595682
estabelecimento de saúde;DAYSE DO VALLE OLIVEIRA;Cuiabá;2.46;até 5 km;manso_capital;;Não;sem atendimento hospitalar;-56.112282;-15.595684
estabelecimento de saúde;CENTRO DE IMAGEM E RADIOLOGIA DIGITAL 3D;Cuiabá;2.46;até 5 km;manso_capital;;Não;sem atendimento hospitalar;-56.113856;-15.593756
estabelecimento de saúde;USF JOCKEY CLUB;Cuiabá;2.47;até 5 km;jusante_capital;;Não;sem atendimento hospitalar;-56.046921;-15.654291
estabelecimento de saúde;REGINA COELLI PORTILHO FAVA;Cuiabá;2.47;até 5 km;manso_capital;;Não;sem atendimento hospitalar;-56.114657;-15.595324
estabelecimento de saúde;FARMACIA REDE DO POVO;Cuiabá;2.47;até 5 km;manso_capital;;;sem atendimento hospitalar;-56.088187;-15.601609
estabelecimento de saúde;CLINICA REATIVE CUIABA;Cuiabá;2.47;até 5 km;manso_capital;;Não;sem atendimento hospitalar;-56.114504;-15.595009
estabelecimento de saúde;CLINICA DE PSICOLOGIA SISTEMICA;Cuiabá;2.47;até 5 km;manso_capital;;Não;sem atendimento hospitalar;-56.088187;-15.601609
estabelecimento de saúde;NUTRI FOR LIFE LTDA;Cuiabá;2.47;até 5 km;manso_capital;;Não;sem atendimento hospitalar;-56.111213;-15.595434
estabelecimento de saúde;FONO BEATRIZ PORTO;Cuiabá;2.47;até 5 km;manso_capital;;Não;sem atendimento hospitalar;-56.114939;-15.595663
estabelecimento de saúde;LASAN ANALISES CLINICAS;Cuiabá;2.47;até 5 km;manso_capital;;Não;sem atendimento hospitalar;-56.09038;-15.59989
estabelecimento de saúde;GABRIEL FELSKY DOS ANJOS;Cuiabá;2.47;até 5 km;manso_capital;;Não;sem atendimento hospitalar;-56.112493;-15.595632
estabelecimento de saúde;ESCRITORIO REGIONAL DE SAUDE DA BAIXADA CUIABANA;Cuiabá;2.47;até 5 km;manso_capital;;;sem atendimento hospitalar;-56.072926;-15.612652
estabelecimento de saúde;MARIA AUXILIADORA MANSUR BUMLAI;Cuiabá;2.47;até 5 km;manso_capital;;Não;sem atendimento hospitalar;-56.11281;-15.595724
estabelecimento de saúde;ANA LAURA MEIRELLES;Cuiabá;2.48;até 5 km;manso_capital;;Não;sem atendimento hospitalar;-56.113464;-15.595754
estabelecimento de saúde;C I M MEDICINA DIAGNOSTICA;Cuiabá;2.48;até 5 km;manso_capital;;Não;sem atendimento hospitalar;-56.097063;-15.596424
estabelecimento de saúde;GIOVANA MENDONCA DE MOURA;Cuiabá;2.48;até 5 km;manso_capital;;Não;sem atendimento hospitalar;-56.114367;-15.594942
estabelecimento de saúde;FARMACIA PAGUE MENOS;Cuiabá;2.48;até 5 km;manso_capital;;Não;sem atendimento hospitalar;-56.079309;-15.609038
estabelecimento de saúde;CLINICA OTTIMIZZARE;Cuiabá;2.48;até 5 km;manso_capital;;Não;sem atendimento hospitalar;-56.110398;-15.57926
estabelecimento de saúde;CLINICA ENDO ESPIRO;Cuiabá;2.48;até 5 km;manso_capital;;Não;sem atendimento hospitalar;-56.110395;-15.579423
estabelecimento de saúde;STUDIO RAFA MELO PILATES E FISIOTERAPIA;Cuiabá;2.48;até 5 km;manso_capital;;Não;sem atendimento hospitalar;-56.112008;-15.590704
estabelecimento de saúde;ORTHODONTIC;Cuiabá;2.48;até 5 km;manso_capital;;Não;sem atendimento hospitalar;-56.079277;-15.609028
estabelecimento de saúde;FISIOSIM FISIOTERAPIA NA SAUDE INTEGRAL DA MULHER LTDA;Cuiabá;2.48;até 5 km;manso_capital;;Não;sem atendimento hospitalar;-56.11504;-15.596011
estabelecimento de saúde;LIDIA ONO IDE;Cuiabá;2.48;até 5 km;manso_capital;;Não;sem atendimento hospitalar;-56.115044;-15.595979
estabelecimento de saúde;VIVIANE SONEMAR FERREIRA SEVERO;Cuiabá;2.48;até 5 km;manso_capital;;Não;sem atendimento hospitalar;-56.079277;-15.609049
estabelecimento de saúde;IMPLANT CENTER;Cuiabá;2.48;até 5 km;manso_capital;;Não;sem atendimento hospitalar;-56.093678;-15.597861
estabelecimento de saúde;INSTITUTO DE SAUDE SANTA ROSA;Cuiabá;2.48;até 5 km;manso_capital;;Não;sem atendimento hospitalar;-56.110402;-15.57939
estabelecimento de saúde;INSTITUTO GEODESICO DA VISAO LTDA;Cuiabá;2.48;até 5 km;manso_capital;;Não;sem atendimento hospitalar;-56.11043;-15.579197
estabelecimento de saúde;LIFE SAVER;Várzea Grande;2.48;até 5 km;manso_capital;;Não;sem atendimento hospitalar;-56.137497;-15.650767
estabelecimento de saúde;UP VISION;Cuiabá;2.49;até 5 km;manso_capital;;Não;sem atendimento hospitalar;-56.113637;-15.595683
estabelecimento de saúde;DIAGNOSTICOS LABORATORIO SANTA ROSA TOWER;Cuiabá;2.49;até 5 km;manso_capital;;Não;sem atendimento hospitalar;-56.11034;-15.579183
estabelecimento de saúde;BONE MEDICINA;Cuiabá;2.49;até 5 km;manso_capital;;Não;sem atendimento hospitalar;-56.110351;-15.579418
estabelecimento de saúde;ODONTO IMAGEM;Cuiabá;2.49;até 5 km;manso_capital;;Não;sem atendimento hospitalar;-56.104802;-15.594823
estabelecimento de saúde;K L SERVICOS DE DERMATOLOGIA E ESTETICA;Cuiabá;2.49;até 5 km;manso_capital;;Não;sem atendimento hospitalar;-56.114203;-15.594965
estabelecimento de saúde;ADOP SERVICOS MEDICOS;Cuiabá;2.49;até 5 km;manso_capital;;Não;sem atendimento hospitalar;-56.1103;-15.579299
estabelecimento de saúde;SAO MIGUEL PREV;Cuiabá;2.49;até 5 km;manso_capital;;Não;sem atendimento hospitalar;-56.090322;-15.599658
estabelecimento de saúde;SORAYA FISIOTERAPIA LTDA;Cuiabá;2.49;até 5 km;manso_capital;;Não;sem atendimento hospitalar;-56.113607;-15.595679
estabelecimento de saúde;DIAGNOSTICOS DA AMERICA;Cuiabá;2.49;até 5 km;manso_capital;;Não;sem atendimento hospitalar;-56.114345;-15.595073
estabelecimento de saúde;ROQUE RAFAEL DE OLIVEIRA NETO;Cuiabá;2.49;até 5 km;manso_capital;;Não;sem atendimento hospitalar;-56.110297;-15.579418
estabelecimento de saúde;MARCIA MARIA DE AZEVEDO SOUZA;Cuiabá;2.49;até 5 km;manso_capital;;Não;sem atendimento hospitalar;-56.11107;-15.588326
estabelecimento de saúde;CARDIORITMO;Cuiabá;2.49;até 5 km;manso_capital;;Não;sem atendimento hospitalar;-56.110366;-15.579253
estabelecimento de saúde;ONCOVIDA;Cuiabá;2.49;até 5 km;manso_capital;;Não;sem atendimento hospitalar;-56.114329;-15.59518
estabelecimento de saúde;KAMMILA REGINA AUXILIADORA SAMPAIO;Cuiabá;2.49;até 5 km;manso_capital;;Não;sem atendimento hospitalar;-56.062035;-15.623206
estabelecimento de saúde;SOMEC;Cuiabá;2.49;até 5 km;manso_capital;;;sem atendimento hospitalar;-56.090389;-15.599708
estabelecimento de saúde;DROGASIL DS2464;Várzea Grande;2.49;até 5 km;manso_capital;;Não;sem atendimento hospitalar;-56.095698;-15.654755
estabelecimento de saúde;MEDTRAUMA;Cuiabá;2.5;até 5 km;manso_capital;;Não;sem atendimento hospitalar;-56.110238;-15.579429
estabelecimento de saúde;CLINICA NEUROCONEXXAO;Cuiabá;2.5;até 5 km;manso_capital;;Não;sem atendimento hospitalar;-56.110292;-15.579129
estabelecimento de saúde;CLINICA VASCULAR DR LUIZ CARLOS FURTAT JR;Cuiabá;2.5;até 5 km;manso_capital;;Não;sem atendimento hospitalar;-56.110206;-15.579206
estabelecimento de saúde;RAIA DROGASIL S A;Cuiabá;2.5;até 5 km;manso_capital;;Não;sem atendimento hospitalar;-56.110854;-15.587779
estabelecimento de saúde;HELP VIDA;Cuiabá;2.5;até 5 km;manso_capital;;Não;sem atendimento hospitalar;-56.114072;-15.595736
estabelecimento de saúde;CENTRO DE OFTALMOLOGIA CLINICA E CIRURGICA;Cuiabá;2.5;até 5 km;manso_capital;;Não;sem atendimento hospitalar;-56.110204;-15.57936
estabelecimento de saúde;SOCICAP;Cuiabá;2.5;até 5 km;manso_capital;;Não;sem atendimento hospitalar;-56.110211;-15.579299
estabelecimento de saúde;IMEDI INSTITUTO MEDICO DE DIAGNOSTICO POR IMAGEM;Cuiabá;2.5;até 5 km;manso_capital;;Não;sem atendimento hospitalar;-56.110268;-15.579099
estabelecimento de saúde;CLINICA IDADE PRIME;Cuiabá;2.5;até 5 km;manso_capital;;Não;sem atendimento hospitalar;-56.110276;-15.579356
estabelecimento de saúde;RD SAUDE;Cuiabá;2.5;até 5 km;manso_capital;;Não;sem atendimento hospitalar;-56.090019;-15.599845
estabelecimento de saúde;DENISE DE CARVALHO CAFFER;Cuiabá;2.5;até 5 km;manso_capital;;Não;sem atendimento hospitalar;-56.104141;-15.594723
estabelecimento de saúde;CLINICA SILHUETA;Cuiabá;2.5;até 5 km;manso_capital;;Não;sem atendimento hospitalar;-56.099526;-15.595477
estabelecimento de saúde;MURILO DE CAMPOS BORGES;Cuiabá;2.5;até 5 km;manso_capital;;Não;sem atendimento hospitalar;-56.110772;-15.587536
estabelecimento de saúde;MARCIO BENEDITO PALMA PIMENTA;Cuiabá;2.5;até 5 km;manso_capital;;Não;sem atendimento hospitalar;-56.110233;-15.579447
estabelecimento de saúde;SANTANEST ANESTESIOLOGIA;Cuiabá;2.5;até 5 km;manso_capital;;Não;sem atendimento hospitalar;-56.110303;-15.579065
estabelecimento de saúde;GISELE BIANCHINI MACACCHERO FEGURI;Cuiabá;2.5;até 5 km;manso_capital;;Não;sem atendimento hospitalar;-56.110251;-15.579465
estabelecimento de saúde;CARLOS EDUARDO DE ALMEIDA BOURET;Cuiabá;2.5;até 5 km;manso_capital;;Não;sem atendimento hospitalar;-56.110313;-15.578943
estabelecimento de saúde;PROJESAN;Cuiabá;2.5;até 5 km;manso_capital;;Não;sem atendimento hospitalar;-56.110217;-15.579095
estabelecimento de saúde;CARLOS VASCULAR;Cuiabá;2.5;até 5 km;manso_capital;;Não;sem atendimento hospitalar;-56.110253;-15.579472
estabelecimento de saúde;INAC INSTITUTO DE ANALISES CLINICAS LTDA;Várzea Grande;2.5;até 5 km;jusante_capital;;Não;sem atendimento hospitalar;-56.128677;-15.678347
estabelecimento de saúde;EQUIPE ASSITENCIA MEDICA;Várzea Grande;2.5;até 5 km;manso_capital;;Não;sem atendimento hospitalar;-56.137776;-15.65085
estabelecimento de saúde;CLINICA EMANAH;Cuiabá;2.51;até 5 km;manso_capital;;Não;sem atendimento hospitalar;-56.099841;-15.595293
estabelecimento de saúde;CLOVIS BOTELHO;Cuiabá;2.51;até 5 km;manso_capital;;Não;sem atendimento hospitalar;-56.110157;-15.579057
estabelecimento de saúde;GISELE DA COSTA ANDRADE;Cuiabá;2.51;até 5 km;manso_capital;;Não;sem atendimento hospitalar;-56.09993;-15.595298
estabelecimento de saúde;FLORESCER ESPECIALIDADES PEDIATRICAS;Cuiabá;2.51;até 5 km;manso_capital;;Não;sem atendimento hospitalar;-56.099836;-15.595286
estabelecimento de saúde;PERICIAS MEDICAS CUIABA;Cuiabá;2.51;até 5 km;manso_capital;;Não;sem atendimento hospitalar;-56.079482;-15.608605
estabelecimento de saúde;DROGARIA ULTRAPOPULAR;Cuiabá;2.51;até 5 km;jusante_capital;;;sem atendimento hospitalar;-56.054206;-15.629759
estabelecimento de saúde;AUDIO MT APARELHOS AUDITIVOS;Cuiabá;2.51;até 5 km;manso_capital;;Não;sem atendimento hospitalar;-56.097189;-15.596078
estabelecimento de saúde;GRIPP MEDICAL;Cuiabá;2.51;até 5 km;manso_capital;;Não;sem atendimento hospitalar;-56.110919;-15.588319
estabelecimento de saúde;OACIR MONTEIRO DA SILVA JUNIOR;Cuiabá;2.51;até 5 km;manso_capital;;Não;sem atendimento hospitalar;-56.113153;-15.595394
estabelecimento de saúde;MARCIAL FRANCIS GALERA;Cuiabá;2.51;até 5 km;manso_capital;;Não;sem atendimento hospitalar;-56.099735;-15.59534
estabelecimento de saúde;BERNARDO TAVARES DOS SANTOS;Cuiabá;2.51;até 5 km;manso_capital;;Não;sem atendimento hospitalar;-56.097267;-15.596026
estabelecimento de saúde;CLINICA NOTRE DAME;Cuiabá;2.51;até 5 km;manso_capital;;Não;sem atendimento hospitalar;-56.110148;-15.579202
estabelecimento de saúde;LABORATORIO SAO NICOLAU;Cuiabá;2.51;até 5 km;manso_capital;;Não;sem atendimento hospitalar;-56.110182;-15.578851
estabelecimento de saúde;CARDIO MAIS;Cuiabá;2.51;até 5 km;manso_capital;;Não;sem atendimento hospitalar;-56.09713;-15.596075
estabelecimento de saúde;CES CENTRO ESPECIALIZADO EM SAUDE;Várzea Grande;2.51;até 5 km;manso_capital;;Não;sem atendimento hospitalar;-56.136342;-15.651425
estabelecimento de saúde;POSTO DE COLETA UNIDADE ONCOMED;Cuiabá;2.52;até 5 km;manso_capital;;Não;sem atendimento hospitalar;-56.097;-15.596
estabelecimento de saúde;FEB SAUDE;Cuiabá;2.52;até 5 km;manso_capital;;Não;sem atendimento hospitalar;-56.097;-15.596
estabelecimento de saúde;POSTO DE COLETA UNIDADE IRHPA;Cuiabá;2.52;até 5 km;manso_capital;;Não;sem atendimento hospitalar;-56.097;-15.596
estabelecimento de saúde;DROGARIA LONGA VIDA;Cuiabá;2.52;até 5 km;manso_capital;;Não;sem atendimento hospitalar;-56.097;-15.596
estabelecimento de saúde;CONSULTORIO DRA MONNIZE;Cuiabá;2.52;até 5 km;manso_capital;;Não;sem atendimento hospitalar;-56.097;-15.596
estabelecimento de saúde;L N TERAPEUTA;Cuiabá;2.52;até 5 km;manso_capital;;Não;sem atendimento hospitalar;-56.097;-15.596
estabelecimento de saúde;VALOR DA VIDA;Cuiabá;2.52;até 5 km;manso_capital;;Não;sem atendimento hospitalar;-56.097;-15.596
estabelecimento de saúde;DESITHA ENFERMAGEM DOMICILIAR;Cuiabá;2.52;até 5 km;manso_capital;;Não;sem atendimento hospitalar;-56.097;-15.596
estabelecimento de saúde;CLINICA DE PSICOLOGIA MOVER SE;Cuiabá;2.52;até 5 km;manso_capital;;Não;sem atendimento hospitalar;-56.097;-15.596
estabelecimento de saúde;EXAME DIAGNOSTICO LABORATORIAL;Cuiabá;2.52;até 5 km;manso_capital;;;sem atendimento hospitalar;-56.097;-15.596
estabelecimento de saúde;IMEDI INSTITUTO MEDICO DE DIAGNOSTICO POR IMAGEM;Cuiabá;2.52;até 5 km;manso_capital;;Não;sem atendimento hospitalar;-56.097;-15.596
estabelecimento de saúde;DIAGNOSTICOS LABORATORIO SANTA ROSA;Cuiabá;2.52;até 5 km;manso_capital;;Não;sem atendimento hospitalar;-56.097;-15.596
estabelecimento de saúde;R KAZAN CONSULTORIA E SERVICOS MEDICOS;Cuiabá;2.52;até 5 km;manso_capital;;Não;sem atendimento hospitalar;-56.097;-15.596
estabelecimento de saúde;DEBORA AJALA NUTRICIONISTA;Cuiabá;2.52;até 5 km;manso_capital;;Não;sem atendimento hospitalar;-56.097;-15.596
estabelecimento de saúde;SUPREME CARE MEDICINA INTENSIVA;Cuiabá;2.52;até 5 km;manso_capital;;Não;sem atendimento hospitalar;-56.097;-15.596
estabelecimento de saúde;NUCLEO DE APOIO A SAUDE DA FAMILIA NASF OESTE I;Cuiabá;2.52;até 5 km;manso_capital;;Não;sem atendimento hospitalar;-56.097;-15.596
estabelecimento de saúde;BRARRISO ODONTOLOGICA;Cuiabá;2.52;até 5 km;manso_capital;;Não;sem atendimento hospitalar;-56.097;-15.596
estabelecimento de saúde;CENTRO ESPECIALIZADO DA VISAO;Cuiabá;2.52;até 5 km;manso_capital;;Não;sem atendimento hospitalar;-56.097;-15.596
estabelecimento de saúde;ESTRUTURAR CLINICA DE FISIOTERAPIA;Cuiabá;2.52;até 5 km;manso_capital;;Não;sem atendimento hospitalar;-56.097;-15.596
estabelecimento de saúde;CLINICA DE PSICOLOGIA ANA PAULA MARINHO;Cuiabá;2.52;até 5 km;manso_capital;;Não;sem atendimento hospitalar;-56.113669;-15.595473
estabelecimento de saúde;POLICLINICA VERDAO;Cuiabá;2.52;até 5 km;manso_capital;;Não;sem atendimento hospitalar;-56.097;-15.596
estabelecimento de saúde;FARMA POPULAR MEDICAMENTO;Cuiabá;2.52;até 5 km;manso_capital;;Não;sem atendimento hospitalar;-56.097;-15.596
estabelecimento de saúde;DROGARIA VAREJAO DOS REMEDIOS;Cuiabá;2.52;até 5 km;manso_capital;;Não;sem atendimento hospitalar;-56.097;-15.596
estabelecimento de saúde;SAUDE LIVRE CLINICA DE VACINACAO E IMUNIZACAO HUMANA;Cuiabá;2.52;até 5 km;manso_capital;;Não;sem atendimento hospitalar;-56.097;-15.596
estabelecimento de saúde;KALON;Cuiabá;2.52;até 5 km;manso_capital;;Não;sem atendimento hospitalar;-56.11001;-15.579574
estabelecimento de saúde;CEDIC;Cuiabá;2.52;até 5 km;manso_capital;;;sem atendimento hospitalar;-56.097;-15.596
estabelecimento de saúde;DEBORA MORAES NASCIMENTO FILGUEIRA;Cuiabá;2.52;até 5 km;manso_capital;;Não;sem atendimento hospitalar;-56.097;-15.596
estabelecimento de saúde;CLINICA SOU SAUDE;Cuiabá;2.52;até 5 km;manso_capital;;Não;sem atendimento hospitalar;-56.097;-15.596
estabelecimento de saúde;COMVIDA MEDICINA DIAGNOSTICA LTDA;Cuiabá;2.52;até 5 km;manso_capital;;Não;sem atendimento hospitalar;-56.097;-15.596
estabelecimento de saúde;CONSULTORIO ODONTOLOGICO ANNY KELLEN;Cuiabá;2.52;até 5 km;manso_capital;;Não;sem atendimento hospitalar;-56.097;-15.596
estabelecimento de saúde;TOXILABOR;Cuiabá;2.52;até 5 km;manso_capital;;Não;sem atendimento hospitalar;-56.097;-15.596
estabelecimento de saúde;SOARES E CHRISTONI SERVICOS MEDICOS;Cuiabá;2.52;até 5 km;manso_capital;;Não;sem atendimento hospitalar;-56.097;-15.596
estabelecimento de saúde;VITOR ELIAS ROSSETTO DA SILVA;Cuiabá;2.52;até 5 km;manso_capital;;Não;sem atendimento hospitalar;-56.097;-15.596
estabelecimento de saúde;AFIP PS;Cuiabá;2.52;até 5 km;manso_capital;;Não;sem atendimento hospitalar;-56.097;-15.596
estabelecimento de saúde;HOSPITAL E MATERNIDADE BOM JESUS;Cuiabá;2.52;até 5 km;manso_capital;;Sim;atendimento hospitalar;-56.097;-15.596
estabelecimento de saúde;CEM COXIPO;Cuiabá;2.52;até 5 km;manso_capital;;Não;sem atendimento hospitalar;-56.097028;-15.596005
estabelecimento de saúde;MT HEMOCENTRO;Cuiabá;2.52;até 5 km;manso_capital;;Não;sem atendimento hospitalar;-56.097;-15.596
estabelecimento de saúde;CONSULTORIO ITINERANTE;Cuiabá;2.52;até 5 km;manso_capital;;Não;sem atendimento hospitalar;-56.097;-15.596
estabelecimento de saúde;SANTA CASA DE MISERICORDIA DE CUIABA;Cuiabá;2.52;até 5 km;manso_capital;;Sim;atendimento hospitalar;-56.097;-15.596
estabelecimento de saúde;LABORATORIO SAO THOME;Cuiabá;2.52;até 5 km;manso_capital;;Não;sem atendimento hospitalar;-56.097;-15.596
estabelecimento de saúde;CLINICA DE FISIOTERAPIA BIO CORPORE;Cuiabá;2.52;até 5 km;manso_capital;;Não;sem atendimento hospitalar;-56.097;-15.596
estabelecimento de saúde;INSTITUTO DE ENDOSCOPIA DIGESTIVA LTDA;Cuiabá;2.52;até 5 km;manso_capital;;Não;sem atendimento hospitalar;-56.097;-15.596
estabelecimento de saúde;CLINICA DE NEUROLOGIA;Cuiabá;2.52;até 5 km;manso_capital;;Não;sem atendimento hospitalar;-56.097;-15.596
estabelecimento de saúde;PRATA MEDICINA E SEGURANCA;Cuiabá;2.52;até 5 km;manso_capital;;Não;sem atendimento hospitalar;-56.097;-15.596
estabelecimento de saúde;CEFISA;Cuiabá;2.52;até 5 km;manso_capital;;Não;sem atendimento hospitalar;-56.097;-15.596
estabelecimento de saúde;LABORATORIO GENOMA INVIRUS;Cuiabá;2.52;até 5 km;manso_capital;;Não;sem atendimento hospitalar;-56.097;-15.596
estabelecimento de saúde;LABORATORIO INVIRUS;Cuiabá;2.52;até 5 km;manso_capital;;;sem atendimento hospitalar;-56.097;-15.596
estabelecimento de saúde;CLINICA DE OTORRINOS;Cuiabá;2.52;até 5 km;manso_capital;;Não;sem atendimento hospitalar;-56.097;-15.596
estabelecimento de saúde;LABORSAN;Cuiabá;2.52;até 5 km;manso_capital;;Não;sem atendimento hospitalar;-56.097;-15.596
estabelecimento de saúde;CLINICA ODONTOLOGICA DO PLANALTO;Cuiabá;2.52;até 5 km;manso_capital;;Não;sem atendimento hospitalar;-56.097;-15.596
estabelecimento de saúde;SMHO SERVICOS HOSPITALARES LTDA;Cuiabá;2.52;até 5 km;manso_capital;;Não;sem atendimento hospitalar;-56.097;-15.596
estabelecimento de saúde;PRONTIL;Cuiabá;2.52;até 5 km;manso_capital;;Não;sem atendimento hospitalar;-56.097;-15.596
estabelecimento de saúde;CLIN MED POSTO DE COLETA;Cuiabá;2.52;até 5 km;manso_capital;;Não;sem atendimento hospitalar;-56.097;-15.596
estabelecimento de saúde;ALEXANDRE DA ROCHA SERRA;Cuiabá;2.52;até 5 km;manso_capital;;Não;sem atendimento hospitalar;-56.097;-15.596
estabelecimento de saúde;FERREIRA MELO LEAO E CIA LTDA;Cuiabá;2.52;até 5 km;manso_capital;;Não;sem atendimento hospitalar;-56.097;-15.596
estabelecimento de saúde;ESPACO SUPERACAO;Cuiabá;2.52;até 5 km;manso_capital;;Não;sem atendimento hospitalar;-56.097;-15.596
estabelecimento de saúde;NOVOS PASSOS DESENVOLVIMENTO INFANTIL;Cuiabá;2.52;até 5 km;manso_capital;;Não;sem atendimento hospitalar;-56.097;-15.596
estabelecimento de saúde;UDR OESTE;Cuiabá;2.52;até 5 km;manso_capital;;Não;sem atendimento hospitalar;-56.097007;-15.596018
estabelecimento de saúde;UDR COXIPO;Cuiabá;2.52;até 5 km;manso_capital;;Não;sem atendimento hospitalar;-56.096972;-15.596005
estabelecimento de saúde;COMPLEXO DE NUTRICAO;Cuiabá;2.52;até 5 km;manso_capital;;Não;sem atendimento hospitalar;-56.097;-15.596
estabelecimento de saúde;CLINICA MADRE VIDA;Cuiabá;2.52;até 5 km;manso_capital;;Não;sem atendimento hospitalar;-56.097;-15.596
estabelecimento de saúde;LUMA CENTRO INTEGRADO DE NEURODESENVOLVIMENTO;Cuiabá;2.52;até 5 km;manso_capital;;Não;sem atendimento hospitalar;-56.097;-15.596
estabelecimento de saúde;CLINICA DE PSICOLOGIA ANA PAULA;Cuiabá;2.52;até 5 km;manso_capital;;Não;sem atendimento hospitalar;-56.097;-15.596
estabelecimento de saúde;S O S RESGATE;Cuiabá;2.52;até 5 km;manso_capital;;;sem atendimento hospitalar;-56.097;-15.596
estabelecimento de saúde;CLINOMAT CLINICA DE OTORRINOLARINGOLOGIA DE MT LTDA;Cuiabá;2.52;até 5 km;manso_capital;;Não;sem atendimento hospitalar;-56.097;-15.596
estabelecimento de saúde;LUIZ CARLOS DA CUNHA JUNIOR;Cuiabá;2.52;até 5 km;manso_capital;;Não;sem atendimento hospitalar;-56.097;-15.596
estabelecimento de saúde;OSTEOCENTER DENSITOMETRIA OSSEA S C LTDA;Cuiabá;2.52;até 5 km;manso_capital;;Não;sem atendimento hospitalar;-56.097;-15.596
estabelecimento de saúde;CLAN;Cuiabá;2.52;até 5 km;manso_capital;;Não;sem atendimento hospitalar;-56.097;-15.596
estabelecimento de saúde;MARIA CECILIA KNOLL FARAH;Cuiabá;2.52;até 5 km;manso_capital;;Não;sem atendimento hospitalar;-56.097;-15.596
estabelecimento de saúde;JONY SOARES RAMOS;Cuiabá;2.52;até 5 km;manso_capital;;Não;sem atendimento hospitalar;-56.097;-15.596
estabelecimento de saúde;HELIO COSTA FILHO;Cuiabá;2.52;até 5 km;manso_capital;;Não;sem atendimento hospitalar;-56.097;-15.596
estabelecimento de saúde;GILBERTO YOSHIEI KANASHIRO;Cuiabá;2.52;até 5 km;manso_capital;;Não;sem atendimento hospitalar;-56.097;-15.596
estabelecimento de saúde;ANTONIO APARECIDO DA SILVA;Cuiabá;2.52;até 5 km;manso_capital;;Não;sem atendimento hospitalar;-56.096964;-15.596047
estabelecimento de saúde;NAJOA TERESA BAZZI;Cuiabá;2.52;até 5 km;manso_capital;;Não;sem atendimento hospitalar;-56.097;-15.596
estabelecimento de saúde;IPSI INSTITUTO PANAMERICANO DE SAUDE INTEGRAL;Cuiabá;2.52;até 5 km;manso_capital;;Não;sem atendimento hospitalar;-56.11011;-15.579024
estabelecimento de saúde;CELIO EIJI TOBISAWA;Cuiabá;2.52;até 5 km;manso_capital;;Não;sem atendimento hospitalar;-56.097;-15.596
estabelecimento de saúde;CELIO EIJI TOBISAWA;Cuiabá;2.52;até 5 km;manso_capital;;Não;sem atendimento hospitalar;-56.097;-15.596
estabelecimento de saúde;CETIMIO VIEIRA ZAGABRIA;Cuiabá;2.52;até 5 km;manso_capital;;Não;sem atendimento hospitalar;-56.097;-15.596
estabelecimento de saúde;RONEI EDMAR RIBEIRO;Cuiabá;2.52;até 5 km;manso_capital;;Não;sem atendimento hospitalar;-56.097;-15.596
estabelecimento de saúde;JOAO MANOEL DE OLIVEIRA;Cuiabá;2.52;até 5 km;manso_capital;;Não;sem atendimento hospitalar;-56.097;-15.596
estabelecimento de saúde;LENUCE RIBEIRO AZIZ YDY;Cuiabá;2.52;até 5 km;manso_capital;;Não;sem atendimento hospitalar;-56.097;-15.596
estabelecimento de saúde;DIRCEU GONCALO ALMEIDA COSTA;Cuiabá;2.52;até 5 km;manso_capital;;Não;sem atendimento hospitalar;-56.097;-15.596
estabelecimento de saúde;AUGUSTO CESAR TAQUES SALDANHA;Cuiabá;2.52;até 5 km;manso_capital;;Não;sem atendimento hospitalar;-56.097;-15.596
estabelecimento de saúde;MARCELO COLOGNESE;Cuiabá;2.52;até 5 km;manso_capital;;Não;sem atendimento hospitalar;-56.097;-15.596
estabelecimento de saúde;LUIZ DE GONZAGA FIGUEIREDO;Cuiabá;2.52;até 5 km;manso_capital;;Não;sem atendimento hospitalar;-56.097;-15.596
estabelecimento de saúde;LUIS FELIPE SABOIA RIBEIRO FILHO;Cuiabá;2.52;até 5 km;manso_capital;;Não;sem atendimento hospitalar;-56.097;-15.596
estabelecimento de saúde;ANITA DE SOUZA MELO;Cuiabá;2.52;até 5 km;manso_capital;;Não;sem atendimento hospitalar;-56.097;-15.596
estabelecimento de saúde;ABRAO ANTONIO SEBE;Cuiabá;2.52;até 5 km;manso_capital;;Não;sem atendimento hospitalar;-56.097;-15.596
estabelecimento de saúde;ADEMAR RODRIGUES CARVALHO;Cuiabá;2.52;até 5 km;manso_capital;;Não;sem atendimento hospitalar;-56.097;-15.596
estabelecimento de saúde;DIJALMAS RIBEIRO DE CASTRO;Cuiabá;2.52;até 5 km;manso_capital;;Não;sem atendimento hospitalar;-56.097;-15.596
estabelecimento de saúde;ARTHUR OCTAVIO MONTEIRO;Cuiabá;2.52;até 5 km;manso_capital;;Não;sem atendimento hospitalar;-56.097;-15.596
estabelecimento de saúde;ANTONIO MANUEL CARDOSO FERNANDES;Cuiabá;2.52;até 5 km;manso_capital;;Não;sem atendimento hospitalar;-56.097;-15.596
estabelecimento de saúde;IARA PASCOLAT CORADINI;Cuiabá;2.52;até 5 km;manso_capital;;Não;sem atendimento hospitalar;-56.097;-15.596
estabelecimento de saúde;NILSON FERREIRA NOVAIS;Cuiabá;2.52;até 5 km;manso_capital;;Não;sem atendimento hospitalar;-56.097;-15.596
estabelecimento de saúde;CINTIA MARIA CAVALCANTE;Cuiabá;2.52;até 5 km;manso_capital;;Não;sem atendimento hospitalar;-56.097;-15.596
estabelecimento de saúde;TELEMED CENTER;Cuiabá;2.52;até 5 km;manso_capital;;Não;sem atendimento hospitalar;-56.097;-15.596
estabelecimento de saúde;REINALDO PRESTES NETO;Cuiabá;2.52;até 5 km;manso_capital;;Não;sem atendimento hospitalar;-56.097;-15.596
estabelecimento de saúde;ALEXANDRE MAITELLI;Cuiabá;2.52;até 5 km;manso_capital;;Não;sem atendimento hospitalar;-56.113867;-15.595504
estabelecimento de saúde;PROCLIN;Cuiabá;2.52;até 5 km;manso_capital;;Não;sem atendimento hospitalar;-56.097;-15.596
estabelecimento de saúde;CENTRO DE GENETICA SAO THOME;Cuiabá;2.52;até 5 km;manso_capital;;Não;sem atendimento hospitalar;-56.097;-15.596
estabelecimento de saúde;CLIMAGEM CLINICA DE DIAGNOSTICO POR IMAGEM DE CUIABA;Cuiabá;2.52;até 5 km;manso_capital;;;sem atendimento hospitalar;-56.097;-15.596
estabelecimento de saúde;LEONARDO NERY RIBEIRO GUIMARAES;Cuiabá;2.52;até 5 km;manso_capital;;Não;sem atendimento hospitalar;-56.097;-15.596
estabelecimento de saúde;BIOCARDIOS;Cuiabá;2.52;até 5 km;manso_capital;;Não;sem atendimento hospitalar;-56.110099;-15.579211
estabelecimento de saúde;ANA PAULA ZANETTI FEUSER;Cuiabá;2.52;até 5 km;manso_capital;;Não;sem atendimento hospitalar;-56.097;-15.596
estabelecimento de saúde;CLINICA DR FERNANDO;Cuiabá;2.52;até 5 km;manso_capital;;Não;sem atendimento hospitalar;-56.097;-15.596
estabelecimento de saúde;SOMIC;Cuiabá;2.52;até 5 km;manso_capital;;Não;sem atendimento hospitalar;-56.097;-15.596
estabelecimento de saúde;FEMINA MEDICOS ASSOCIADOS;Cuiabá;2.52;até 5 km;manso_capital;;Não;sem atendimento hospitalar;-56.097;-15.596
estabelecimento de saúde;LABORATORIO CARLOS CHAGAS UNIDADE GOIABEIRAS;Cuiabá;2.52;até 5 km;manso_capital;;;sem atendimento hospitalar;-56.097;-15.596
estabelecimento de saúde;CENTRO AUDITIVO SR LTDA;Cuiabá;2.52;até 5 km;manso_capital;;Não;sem atendimento hospitalar;-56.097;-15.596
estabelecimento de saúde;CINTIA MARIA CAVALCANTE;Cuiabá;2.52;até 5 km;manso_capital;;Não;sem atendimento hospitalar;-56.097;-15.596
estabelecimento de saúde;VIVA VIDA SAUDE OCUPACIONAL;Cuiabá;2.52;até 5 km;manso_capital;;Não;sem atendimento hospitalar;-56.097;-15.596
estabelecimento de saúde;CLINICA MEDICA DR IVANIO DALLAGNOL;Cuiabá;2.52;até 5 km;manso_capital;;Não;sem atendimento hospitalar;-56.097;-15.596
estabelecimento de saúde;FERNANDA SILVA DE ASSIS;Cuiabá;2.52;até 5 km;manso_capital;;Não;sem atendimento hospitalar;-56.097;-15.596
estabelecimento de saúde;MOEMA MEDANHA CAIXETA;Cuiabá;2.52;até 5 km;manso_capital;;Não;sem atendimento hospitalar;-56.097;-15.596
estabelecimento de saúde;FRAGA ODONTO;Cuiabá;2.52;até 5 km;manso_capital;;Não;sem atendimento hospitalar;-56.097;-15.596
estabelecimento de saúde;QUALIERGO;Cuiabá;2.52;até 5 km;manso_capital;;Não;sem atendimento hospitalar;-56.097;-15.596
estabelecimento de saúde;CEDILAB SANTA HELENA;Cuiabá;2.52;até 5 km;manso_capital;;;sem atendimento hospitalar;-56.097;-15.596
estabelecimento de saúde;ORAL SPACE;Cuiabá;2.52;até 5 km;manso_capital;;Não;sem atendimento hospitalar;-56.097;-15.596
estabelecimento de saúde;C G SAUDE;Cuiabá;2.52;até 5 km;manso_capital;;Não;sem atendimento hospitalar;-56.097;-15.596
estabelecimento de saúde;RENATA FERREIRA PEREIRA;Cuiabá;2.52;até 5 km;manso_capital;;Não;sem atendimento hospitalar;-56.10191;-15.594788
estabelecimento de saúde;PSCOLL;Cuiabá;2.52;até 5 km;manso_capital;;Não;sem atendimento hospitalar;-56.097;-15.596
estabelecimento de saúde;ELABORAR PSICOLOGIA CLINICA;Cuiabá;2.52;até 5 km;manso_capital;;Não;sem atendimento hospitalar;-56.097;-15.596
estabelecimento de saúde;NUCLEUS CITOLOGIA CLINICA;Cuiabá;2.52;até 5 km;manso_capital;;Não;sem atendimento hospitalar;-56.097;-15.596
estabelecimento de saúde;CLINICA DE ANESTESIOLOGIA DO HOSPITAL DE OLHOS;Cuiabá;2.52;até 5 km;manso_capital;;Não;sem atendimento hospitalar;-56.097;-15.596
estabelecimento de saúde;QUALIMAGEM;Cuiabá;2.52;até 5 km;manso_capital;;Não;sem atendimento hospitalar;-56.097;-15.596
estabelecimento de saúde;CLIM CLINICA DE IMPLANTES DENTARIOS;Cuiabá;2.52;até 5 km;manso_capital;;Não;sem atendimento hospitalar;-56.097;-15.596
estabelecimento de saúde;CURAT SERVICOS MEDICOS ESPECIALIZADOS;Cuiabá;2.52;até 5 km;manso_capital;;Não;sem atendimento hospitalar;-56.097;-15.596
estabelecimento de saúde;ADRIANA FRANGE CALDAS;Cuiabá;2.52;até 5 km;manso_capital;;Não;sem atendimento hospitalar;-56.097;-15.596
estabelecimento de saúde;JACARANDA CENTRO DE RECUPERACAO;Cuiabá;2.52;até 5 km;manso_capital;;Não;sem atendimento hospitalar;-56.097;-15.596
estabelecimento de saúde;QUALIS SERVICOS MEDICOS;Cuiabá;2.52;até 5 km;manso_capital;;Não;sem atendimento hospitalar;-56.097;-15.596
estabelecimento de saúde;ODONTO FACIL;Cuiabá;2.52;até 5 km;manso_capital;;Não;sem atendimento hospitalar;-56.097;-15.596
estabelecimento de saúde;DENTECLIN;Cuiabá;2.52;até 5 km;manso_capital;;Não;sem atendimento hospitalar;-56.097;-15.596
estabelecimento de saúde;CETRA OHB;Cuiabá;2.52;até 5 km;manso_capital;;Não;sem atendimento hospitalar;-56.097;-15.596
estabelecimento de saúde;ORTHOS CPA ORTOPEDIA ESPECIALIZADA;Cuiabá;2.52;até 5 km;manso_capital;;Não;sem atendimento hospitalar;-56.097;-15.596
estabelecimento de saúde;MARCO ANTONIO DE AVILA;Cuiabá;2.52;até 5 km;manso_capital;;Não;sem atendimento hospitalar;-56.097;-15.596
estabelecimento de saúde;EDMILSON B DE FIGUEIREDO;Cuiabá;2.52;até 5 km;manso_capital;;Não;sem atendimento hospitalar;-56.097;-15.596
estabelecimento de saúde;VIVIANE FERREIRA VARGAS DE SIQUEIRA ZAPAROLI;Cuiabá;2.52;até 5 km;manso_capital;;Não;sem atendimento hospitalar;-56.097;-15.596
estabelecimento de saúde;CLINLIFE CLINICA DE FISIOTERAPIA;Cuiabá;2.52;até 5 km;manso_capital;;Não;sem atendimento hospitalar;-56.097;-15.596
estabelecimento de saúde;RADIMAGEM SERVICOS MEDICOS LTDA;Cuiabá;2.52;até 5 km;manso_capital;;;sem atendimento hospitalar;-56.097;-15.596
estabelecimento de saúde;CENTRO MEDICO ORTO VIDA;Cuiabá;2.52;até 5 km;manso_capital;;Não;sem atendimento hospitalar;-56.097;-15.596
estabelecimento de saúde;DIAGNOSTICOS DA AMERICA S A;Cuiabá;2.52;até 5 km;manso_capital;;Não;sem atendimento hospitalar;-56.097;-15.596
estabelecimento de saúde;SANTA ROSA ONCO;Cuiabá;2.52;até 5 km;manso_capital;;Não;sem atendimento hospitalar;-56.097;-15.596
estabelecimento de saúde;LABORATORIO CARLOS CHAGAS UNIDADE PAX;Cuiabá;2.52;até 5 km;manso_capital;;Não;sem atendimento hospitalar;-56.097;-15.596
estabelecimento de saúde;RADIMAGEM;Cuiabá;2.52;até 5 km;manso_capital;;Não;sem atendimento hospitalar;-56.097;-15.596
estabelecimento de saúde;GL BUMLAI;Cuiabá;2.52;até 5 km;manso_capital;;Não;sem atendimento hospitalar;-56.097;-15.596
estabelecimento de saúde;V S FATURAMENTO HOSPITALAR;Cuiabá;2.52;até 5 km;manso_capital;;;sem atendimento hospitalar;-56.097;-15.596
estabelecimento de saúde;N B BRUNETTA DALBEN;Cuiabá;2.52;até 5 km;manso_capital;;Não;sem atendimento hospitalar;-56.097;-15.596
estabelecimento de saúde;VACCINE CARE;Cuiabá;2.52;até 5 km;manso_capital;;Não;sem atendimento hospitalar;-56.097;-15.596
estabelecimento de saúde;DENTISTA DO TRABALHADOR ODONTOFAR;Cuiabá;2.52;até 5 km;manso_capital;;Não;sem atendimento hospitalar;-56.097;-15.596
estabelecimento de saúde;20 20 SERVICOS MEDICOS MT;Cuiabá;2.52;até 5 km;manso_capital;;Não;sem atendimento hospitalar;-56.097;-15.596
estabelecimento de saúde;RS SERVICOS MEDICOS EIRELI ME;Cuiabá;2.52;até 5 km;manso_capital;;Não;sem atendimento hospitalar;-56.097;-15.596
estabelecimento de saúde;BUSINESS COACHING CONSULTING EMPREENDEDOR;Cuiabá;2.52;até 5 km;manso_capital;;Não;sem atendimento hospitalar;-56.097;-15.596
estabelecimento de saúde;INSTITUTO MEDICO INTEGRADO DE CUIABA;Cuiabá;2.52;até 5 km;manso_capital;;Não;sem atendimento hospitalar;-56.097;-15.596
estabelecimento de saúde;PRO SAUDE;Cuiabá;2.52;até 5 km;manso_capital;;;sem atendimento hospitalar;-56.097;-15.596
estabelecimento de saúde;SORRIPROTESE;Cuiabá;2.52;até 5 km;manso_capital;;Não;sem atendimento hospitalar;-56.097;-15.596
estabelecimento de saúde;LABORALLE SAUDE E SEGURANCA OCUPACIONAL;Cuiabá;2.52;até 5 km;manso_capital;;Não;sem atendimento hospitalar;-56.097;-15.596
estabelecimento de saúde;CINECOR;Cuiabá;2.52;até 5 km;manso_capital;;Não;sem atendimento hospitalar;-56.097;-15.596
estabelecimento de saúde;NUCLEO DE APOIO A SAUDE DA FAMILIA NASF LESTE 1;Cuiabá;2.52;até 5 km;manso_capital;;Não;sem atendimento hospitalar;-56.097;-15.596
estabelecimento de saúde;CLINICA MEDICA MORETE;Cuiabá;2.52;até 5 km;manso_capital;;Não;sem atendimento hospitalar;-56.097;-15.596
estabelecimento de saúde;MASTER FISIO;Cuiabá;2.52;até 5 km;manso_capital;;Não;sem atendimento hospitalar;-56.097;-15.596
estabelecimento de saúde;MAMO RADY SERVICOS DE IMAGENS E DIAGNOSTICO;Cuiabá;2.52;até 5 km;manso_capital;;Não;sem atendimento hospitalar;-56.097;-15.596
estabelecimento de saúde;PSICOLOGA KAMILA COSTA;Cuiabá;2.52;até 5 km;manso_capital;;Não;sem atendimento hospitalar;-56.097;-15.596
estabelecimento de saúde;CLINICA ORTHOS;Cuiabá;2.52;até 5 km;manso_capital;;Não;sem atendimento hospitalar;-56.097;-15.596
estabelecimento de saúde;CENTRO INTEGRADO DA MULHER CIM;Várzea Grande;2.52;até 5 km;manso_capital;;Não;sem atendimento hospitalar;-56.135995;-15.651676
estabelecimento de saúde;AMBULATORIO ATENCAO ESPEC REGIONALIZADO EM HANSENIASE AAER;Várzea Grande;2.52;até 5 km;manso_capital;;Não;sem atendimento hospitalar;-56.13591;-15.651656
estabelecimento de saúde;KLAYNE MOURA SERVICOS MEDICOS;Cuiabá;2.53;até 5 km;manso_capital;;Não;sem atendimento hospitalar;-56.102197;-15.594656
estabelecimento de saúde;CREPALDI DERMATO;Cuiabá;2.53;até 5 km;manso_capital;;Não;sem atendimento hospitalar;-56.102218;-15.594666
estabelecimento de saúde;ROBERTO CALIX;Cuiabá;2.53;até 5 km;manso_capital;;Não;sem atendimento hospitalar;-56.113606;-15.595314
estabelecimento de saúde;GISLAYNE RODRIGUES DAS NEVES FRAGERI;Cuiabá;2.53;até 5 km;manso_capital;;Não;sem atendimento hospitalar;-56.104692;-15.594424
estabelecimento de saúde;PEDRO ROMAO DE MOURA NETO;Cuiabá;2.53;até 5 km;manso_capital;;Não;sem atendimento hospitalar;-56.113906;-15.59521
estabelecimento de saúde;DERMATO E CONVENIOS;Cuiabá;2.53;até 5 km;manso_capital;;Não;sem atendimento hospitalar;-56.103193;-15.594577
estabelecimento de saúde;CEDAP CENTRO DE DESENVOLVIMENTO DA APRENDIZAGEM;Cuiabá;2.53;até 5 km;manso_capital;;Não;sem atendimento hospitalar;-56.096806;-15.596054
estabelecimento de saúde;B D SERVICO DE SAUDE LTDA;Cuiabá;2.53;até 5 km;manso_capital;;Não;sem atendimento hospitalar;-56.113664;-15.595356
estabelecimento de saúde;SONIA MARIA TRINDADE GUTIERREZ;Cuiabá;2.53;até 5 km;manso_capital;;Não;sem atendimento hospitalar;-56.102186;-15.594656
estabelecimento de saúde;CARLOS ALBERTO ZAGUINI;Cuiabá;2.53;até 5 km;manso_capital;;Não;sem atendimento hospitalar;-56.097216;-15.595876
estabelecimento de saúde;ANTONIO JOSE DE AMORIM;Cuiabá;2.53;até 5 km;manso_capital;;Não;sem atendimento hospitalar;-56.09706;-15.595902
estabelecimento de saúde;CRISTINA GUIMARAES INOCENCIO;Cuiabá;2.53;até 5 km;manso_capital;;Não;sem atendimento hospitalar;-56.101894;-15.594754
estabelecimento de saúde;CARLOS ALBERTO DE ALBUQUERQUE MARANHAO;Cuiabá;2.53;até 5 km;manso_capital;;Não;sem atendimento hospitalar;-56.097205;-15.59584
estabelecimento de saúde;ROSANA CRISTINA DE FIGUEIREDO MORAES;Cuiabá;2.53;até 5 km;manso_capital;;Não;sem atendimento hospitalar;-56.113368;-15.595235
estabelecimento de saúde;INSTITUTO ODONTOLOGICO INTEGRADO;Cuiabá;2.53;até 5 km;manso_capital;;Não;sem atendimento hospitalar;-56.113446;-15.595322
estabelecimento de saúde;FOCUS MEDICINA NUCLEAR;Cuiabá;2.53;até 5 km;manso_capital;;Não;sem atendimento hospitalar;-56.073384;-15.611685
estabelecimento de saúde;BOM CORACAO CARDIOLOGIA;Cuiabá;2.53;até 5 km;manso_capital;;Não;sem atendimento hospitalar;-56.097187;-15.595863
estabelecimento de saúde;CENTRO DE DESENVOLVIMENTO DA CRIANCA;Cuiabá;2.54;até 5 km;manso_capital;;Não;sem atendimento hospitalar;-56.11336;-15.595204
estabelecimento de saúde;CLINICA ANGIOCATE CIRURGIA VASCULAR;Cuiabá;2.54;até 5 km;manso_capital;;Não;sem atendimento hospitalar;-56.113899;-15.595245
estabelecimento de saúde;GINGER BARANHUK RABELLO DE MELLO;Cuiabá;2.54;até 5 km;manso_capital;;Não;sem atendimento hospitalar;-56.100911;-15.594767
estabelecimento de saúde;ANTONIO BENEDITO DA COSTA;Cuiabá;2.54;até 5 km;manso_capital;;Não;sem atendimento hospitalar;-56.096835;-15.595941
estabelecimento de saúde;INTERPLASTICA;Cuiabá;2.54;até 5 km;manso_capital;;Não;sem atendimento hospitalar;-56.103985;-15.594373
estabelecimento de saúde;FRAGA ODONTOLOGIA;Cuiabá;2.54;até 5 km;manso_capital;;Não;sem atendimento hospitalar;-56.110181;-15.594559
estabelecimento de saúde;AURELIO ABDIAS SAMPAIO FERREIRA;Cuiabá;2.54;até 5 km;manso_capital;;Não;sem atendimento hospitalar;-56.101803;-15.594682
estabelecimento de saúde;AUGUSTO CESAR DA MOTA MENEZES;Cuiabá;2.54;até 5 km;manso_capital;;Não;sem atendimento hospitalar;-56.097106;-15.595765
estabelecimento de saúde;FRANCINE FARIA PERAZOLO;Cuiabá;2.54;até 5 km;manso_capital;;Não;sem atendimento hospitalar;-56.110208;-15.586767
estabelecimento de saúde;PRODENTE;Cuiabá;2.54;até 5 km;manso_capital;;Não;sem atendimento hospitalar;-56.110211;-15.586504
estabelecimento de saúde;CIOM CENTRO INTEGRADO ODONTOLOGICO E MEDICO;Cuiabá;2.54;até 5 km;manso_capital;;Não;sem atendimento hospitalar;-56.113445;-15.595183
estabelecimento de saúde;NELSON CHUHITI TAKESHIMA;Cuiabá;2.54;até 5 km;jusante_capital;;Não;sem atendimento hospitalar;-56.0468;-15.659435
estabelecimento de saúde;ANDREY MARCELO BARBEIRO TEIXEIRA;Cuiabá;2.54;até 5 km;manso_capital;;Não;sem atendimento hospitalar;-56.113419;-15.595144
estabelecimento de saúde;CHRISLEY PAVAN;Cuiabá;2.54;até 5 km;manso_capital;;Não;sem atendimento hospitalar;-56.1102;-15.586493
estabelecimento de saúde;SORRICENTER;Cuiabá;2.54;até 5 km;manso_capital;;Não;sem atendimento hospitalar;-56.105011;-15.594357
estabelecimento de saúde;JAQUELINE DOS SANTOS JAVORSKI;Cuiabá;2.54;até 5 km;manso_capital;;Não;sem atendimento hospitalar;-56.113821;-15.595223
estabelecimento de saúde;JESSIKA VIEIRA DE CASTRO;Cuiabá;2.54;até 5 km;manso_capital;;Não;sem atendimento hospitalar;-56.113435;-15.595167
estabelecimento de saúde;MUNDO NOVO;Várzea Grande;2.54;até 5 km;manso_capital;;Não;sem atendimento hospitalar;-56.124493;-15.652679
estabelecimento de saúde;ZENILDO PACHECO SAMPAIO;Cuiabá;2.55;até 5 km;manso_capital;;;sem atendimento hospitalar;-56.110135;-15.586504
estabelecimento de saúde;CLINICA ODONTOLOGICA JARDIM VITORIA;Cuiabá;2.55;até 5 km;jusante_capital;;Não;sem atendimento hospitalar;-56.046264;-15.647087
estabelecimento de saúde;LIBERTAR DESENVOLVIMENTO INFANTIL;Cuiabá;2.55;até 5 km;manso_capital;;Não;sem atendimento hospitalar;-56.096829;-15.59584
estabelecimento de saúde;ANTONIO AUGUSTO SARDINHA NETO;Cuiabá;2.55;até 5 km;manso_capital;;Não;sem atendimento hospitalar;-56.112444;-15.594883
estabelecimento de saúde;ANTONIO DE MORAES CHAGAS;Cuiabá;2.55;até 5 km;manso_capital;;Não;sem atendimento hospitalar;-56.096682;-15.595845
estabelecimento de saúde;CUIDARE;Cuiabá;2.55;até 5 km;manso_capital;;;sem atendimento hospitalar;-56.100687;-15.59476
estabelecimento de saúde;FISIOLIFE FISIOTERAPIA;Cuiabá;2.55;até 5 km;manso_capital;;Não;sem atendimento hospitalar;-56.100678;-15.59476
estabelecimento de saúde;BRUNA BERTOLI PALMEIRA;Cuiabá;2.55;até 5 km;manso_capital;;Não;sem atendimento hospitalar;-56.096637;-15.595874
estabelecimento de saúde;DENTE FACIL;Cuiabá;2.55;até 5 km;manso_capital;;Não;sem atendimento hospitalar;-56.093044;-15.597513
estabelecimento de saúde;TAMARA LACERDA VIEIRA;Cuiabá;2.55;até 5 km;manso_capital;;Não;sem atendimento hospitalar;-56.113627;-15.595086
estabelecimento de saúde;C R O JR DIAGNOSTICO POR IMAGEM;Cuiabá;2.55;até 5 km;manso_capital;;Não;sem atendimento hospitalar;-56.097023;-15.595719
estabelecimento de saúde;UMA MEDICINA E SEGURANCA DO TRABALHO;Cuiabá;2.55;até 5 km;manso_capital;;Não;sem atendimento hospitalar;-56.104965;-15.594244
estabelecimento de saúde;DROGARIA ULTRAPOPULAR;Várzea Grande;2.55;até 5 km;manso_capital;;;sem atendimento hospitalar;-56.103745;-15.647668
estabelecimento de saúde;INSTITUTO SENAI DE TECNOLOGIA DE MATO GROSSO;Cuiabá;2.56;até 5 km;manso_capital;;Não;sem atendimento hospitalar;-56.099091;-15.595031
estabelecimento de saúde;H P L S SAUDE;Cuiabá;2.56;até 5 km;manso_capital;;Não;sem atendimento hospitalar;-56.109677;-15.579317
estabelecimento de saúde;JANAINA GRAZIELLA GUIMARAES FRANSOSI;Cuiabá;2.56;até 5 km;manso_capital;;Não;sem atendimento hospitalar;-56.094111;-15.596894
estabelecimento de saúde;MAGDA LUCIA SCARDINI DE MELLO;Cuiabá;2.56;até 5 km;manso_capital;;Não;sem atendimento hospitalar;-56.108637;-15.594182
estabelecimento de saúde;LAURA ELAINE MURAI;Cuiabá;2.56;até 5 km;manso_capital;;Não;sem atendimento hospitalar;-56.110454;-15.588499
estabelecimento de saúde;ORAL SIN IMPLANTES E ORTODONTIA;Cuiabá;2.56;até 5 km;manso_capital;;Não;sem atendimento hospitalar;-56.110226;-15.594441
estabelecimento de saúde;NOA NUCLEO DE OFTALMOLOGIA AVANCDA;Cuiabá;2.56;até 5 km;manso_capital;;Não;sem atendimento hospitalar;-56.112673;-15.594826
estabelecimento de saúde;CLINICA YAMADA;Cuiabá;2.56;até 5 km;manso_capital;;Não;sem atendimento hospitalar;-56.109692;-15.579029
estabelecimento de saúde;CLINICA DENTARIA SAO BENEDITO;Cuiabá;2.57;até 5 km;manso_capital;;Não;sem atendimento hospitalar;-56.094419;-15.596632
estabelecimento de saúde;CLINICA REATIVE CUIABA;Cuiabá;2.57;até 5 km;manso_capital;;Não;sem atendimento hospitalar;-56.073491;-15.611158
estabelecimento de saúde;SOLLIEVO UND2;Cuiabá;2.57;até 5 km;manso_capital;;Não;sem atendimento hospitalar;-56.073469;-15.61124
estabelecimento de saúde;MARIA IRISMAR PINHEIRO PEIXOTO MIRANDA;Cuiabá;2.57;até 5 km;manso_capital;;Não;sem atendimento hospitalar;-56.082637;-15.604909
estabelecimento de saúde;SEBASTIAO MARCOS DA SILVA CAMPOS;Cuiabá;2.57;até 5 km;manso_capital;;Não;sem atendimento hospitalar;-56.100524;-15.594626
estabelecimento de saúde;LISANGELA CRISTINA DOS REIS FERREIRA PRIOLI;Cuiabá;2.57;até 5 km;manso_capital;;Não;sem atendimento hospitalar;-56.091506;-15.598073
estabelecimento de saúde;CELSO TAQUES SALDANHA;Cuiabá;2.57;até 5 km;manso_capital;;Não;sem atendimento hospitalar;-56.090686;-15.598562
estabelecimento de saúde;LABORATORIO LPC;Várzea Grande;2.57;até 5 km;manso_capital;;Não;sem atendimento hospitalar;-56.101363;-15.649197
estabelecimento de saúde;CLINICA PRO SORRISO;Várzea Grande;2.57;até 5 km;manso_capital;;Não;sem atendimento hospitalar;-56.139552;-15.650805
estabelecimento de saúde;DROGARIA SAO PAULO;Cuiabá;2.58;até 5 km;manso_capital;;Não;sem atendimento hospitalar;-56.073469;-15.611158
estabelecimento de saúde;CEDIC CEDILAB JARDIM DAS AMERICAS;Cuiabá;2.58;até 5 km;manso_capital;;Não;sem atendimento hospitalar;-56.073384;-15.611173
estabelecimento de saúde;CLINICA FITS;Cuiabá;2.58;até 5 km;manso_capital;;Não;sem atendimento hospitalar;-56.109534;-15.584776
estabelecimento de saúde;ANA CAROLINA JALORETTO RIBEIRO;Cuiabá;2.58;até 5 km;manso_capital;;Não;sem atendimento hospitalar;-56.101387;-15.594335
estabelecimento de saúde;DENSIMAT AMERICA;Cuiabá;2.58;até 5 km;manso_capital;;Não;sem atendimento hospitalar;-56.073427;-15.611158
estabelecimento de saúde;FONOCARE;Cuiabá;2.58;até 5 km;manso_capital;;Não;sem atendimento hospitalar;-56.09728;-15.595343
estabelecimento de saúde;REDE FARMACIA DO TRABALHADOR;Cuiabá;2.58;até 5 km;jusante_capital;;Não;sem atendimento hospitalar;-56.05791;-15.625785
estabelecimento de saúde;JOAO JOSE AIDAMUS DE LAMONICA FREIRE;Cuiabá;2.58;até 5 km;manso_capital;;Não;sem atendimento hospitalar;-56.11283;-15.594704
estabelecimento de saúde;MARCO SERGIO CABRAL CORREA;Cuiabá;2.58;até 5 km;manso_capital;;Não;sem atendimento hospitalar;-56.097169;-15.595372
estabelecimento de saúde;CELSO MARCELO CUNHA;Cuiabá;2.58;até 5 km;manso_capital;;Não;sem atendimento hospitalar;-56.112681;-15.594711
estabelecimento de saúde;UNILASER;Cuiabá;2.58;até 5 km;manso_capital;;Não;sem atendimento hospitalar;-56.11271;-15.594679
estabelecimento de saúde;MARIO LUIS CORREA TOCANTINS;Cuiabá;2.58;até 5 km;manso_capital;;Não;sem atendimento hospitalar;-56.091763;-15.597825
estabelecimento de saúde;RADIODOCC;Cuiabá;2.58;até 5 km;manso_capital;;Não;sem atendimento hospitalar;-56.110154;-15.58804
estabelecimento de saúde;REUMACENTRO;Cuiabá;2.58;até 5 km;manso_capital;;Não;sem atendimento hospitalar;-56.103959;-15.594055
estabelecimento de saúde;VICTORIA FELIX ODONTOLOGIA;Cuiabá;2.59;até 5 km;jusante_capital;;Não;sem atendimento hospitalar;-56.046103;-15.657799
estabelecimento de saúde;HOSPITAL DE OLHOS DE CUIABA;Cuiabá;2.59;até 5 km;manso_capital;;Sim;atendimento hospitalar;-56.112659;-15.594564
estabelecimento de saúde;KARHAWI SAUDE;Cuiabá;2.59;até 5 km;manso_capital;;Não;sem atendimento hospitalar;-56.072203;-15.611757
estabelecimento de saúde;LUIZ MARIO CUIABANO;Cuiabá;2.59;até 5 km;manso_capital;;Não;sem atendimento hospitalar;-56.097356;-15.595247
estabelecimento de saúde;HEVANIE BOTEGA LEITE;Cuiabá;2.59;até 5 km;manso_capital;;Não;sem atendimento hospitalar;-56.101815;-15.594183
estabelecimento de saúde;JULIANA MEDEIROS DE LIMA FRISON;Várzea Grande;2.59;até 5 km;manso_capital;;Não;sem atendimento hospitalar;-56.127648;-15.653329
estabelecimento de saúde;FORMULA CERTA;Cuiabá;2.6;até 5 km;manso_capital;;Não;sem atendimento hospitalar;-56.10453;-15.593798
estabelecimento de saúde;HELENE NASCIMENTO ARAUJO;Cuiabá;2.6;até 5 km;manso_capital;;Não;sem atendimento hospitalar;-56.109702;-15.586981
estabelecimento de saúde;MEDICAL SERVICOS MEDICOS;Cuiabá;2.61;até 5 km;jusante_capital;;Não;sem atendimento hospitalar;-56.048797;-15.63516
estabelecimento de saúde;RAIA DROGASIL S A;Cuiabá;2.61;até 5 km;jusante_capital;;Não;sem atendimento hospitalar;-56.057677;-15.625587
estabelecimento de saúde;CLINICA DE PSICOLOGIA EVOLVER;Cuiabá;2.61;até 5 km;manso_capital;;Não;sem atendimento hospitalar;-56.106367;-15.593654
estabelecimento de saúde;FRANCISCO AURELIO DA SILVA CAMPOS FILHO;Cuiabá;2.61;até 5 km;manso_capital;;Não;sem atendimento hospitalar;-56.109691;-15.587074
estabelecimento de saúde;INSTITUTO MACHADO;Cuiabá;2.61;até 5 km;manso_capital;;Não;sem atendimento hospitalar;-56.109263;-15.584288
estabelecimento de saúde;INPRO;Cuiabá;2.61;até 5 km;manso_capital;;Não;sem atendimento hospitalar;-56.109648;-15.587105
estabelecimento de saúde;JOSE ARMANDO COSTA JUNIOR;Várzea Grande;2.61;até 5 km;manso_capital;;Não;sem atendimento hospitalar;-56.103573;-15.648329
estabelecimento de saúde;CLINICA OFTALMOLOGICA BOSQUE DA SAUDE;Várzea Grande;2.61;até 5 km;manso_capital;;Não;sem atendimento hospitalar;-56.131512;-15.653342
estabelecimento de saúde;CLINICA DE OLHOS DR SARDINHA;Cuiabá;2.62;até 5 km;manso_capital;;Não;sem atendimento hospitalar;-56.097799;-15.59478
estabelecimento de saúde;ANA MARIA PEREIRA AKIAMA;Cuiabá;2.62;até 5 km;manso_capital;;Não;sem atendimento hospitalar;-56.097307;-15.594952
estabelecimento de saúde;BM MEDICAL CARE LTDA;Cuiabá;2.62;até 5 km;manso_capital;;Não;sem atendimento hospitalar;-56.097321;-15.594955
estabelecimento de saúde;DROGARIA SAO PAULO 2524 ALZIRA SANTANA;Várzea Grande;2.62;até 5 km;manso_capital;;Não;sem atendimento hospitalar;-56.139447;-15.651337
estabelecimento de saúde;CUIABA MT UNIDADE A N 03;Cuiabá;2.63;até 5 km;jusante_capital;;Não;sem atendimento hospitalar;-56.050917;-15.631584
estabelecimento de saúde;JORGE FERNANDEZ;Cuiabá;2.63;até 5 km;jusante_capital;;Não;sem atendimento hospitalar;-56.079457;-15.844185
estabelecimento de saúde;DMJ MED;Cuiabá;2.63;até 5 km;manso_capital;;Não;sem atendimento hospitalar;-56.092781;-15.596775
estabelecimento de saúde;CENTRO INTERDISCIPLINAR DE EQUOTERAPIA;Cuiabá;2.64;até 5 km;manso_capital;;Não;sem atendimento hospitalar;-56.109313;-15.593552
estabelecimento de saúde;HILDENETE MONTEIRO FORTES;Cuiabá;2.64;até 5 km;manso_capital;;Não;sem atendimento hospitalar;-56.089109;-15.598859
estabelecimento de saúde;VALTER LUIZ KOZAN;Cuiabá;2.64;até 5 km;manso_capital;;Não;sem atendimento hospitalar;-56.100376;-15.593942
estabelecimento de saúde;CLINICA OFTALMODERME;Cuiabá;2.64;até 5 km;manso_capital;;Não;sem atendimento hospitalar;-56.102819;-15.593596
estabelecimento de saúde;INSTITUTO OPTOMETRICO MASAO HOTTA;Cuiabá;2.65;até 5 km;manso_capital;;Não;sem atendimento hospitalar;-56.095059;-15.595597
estabelecimento de saúde;DENTALIX RADIOLOGIA ODONTOLOGICA;Cuiabá;2.65;até 5 km;manso_capital;;;sem atendimento hospitalar;-56.089982;-15.598172
estabelecimento de saúde;NEUROCENTER MT;Cuiabá;2.65;até 5 km;manso_capital;;Não;sem atendimento hospitalar;-56.073574;-15.610348
estabelecimento de saúde;MARIO APARECIDO FERREIRA;Cuiabá;2.65;até 5 km;manso_capital;;Não;sem atendimento hospitalar;-56.090308;-15.598008
estabelecimento de saúde;POSTO DE COLETA UNIDADE GASTROCLINICA;Cuiabá;2.65;até 5 km;manso_capital;;Não;sem atendimento hospitalar;-56.100043;-15.593937
estabelecimento de saúde;FABIANA LOULY BAPTISTA SANTOS DALLASTRA;Cuiabá;2.66;até 5 km;manso_capital;;Não;sem atendimento hospitalar;-56.104737;-15.593229
estabelecimento de saúde;UNIDADE OFTALMOLOGICA DRA MARCIA AZEVEDO;Cuiabá;2.66;até 5 km;manso_capital;;Não;sem atendimento hospitalar;-56.107762;-15.593252
estabelecimento de saúde;INSTITUTO DE OLHOS DE CUIABA;Cuiabá;2.66;até 5 km;manso_capital;;Não;sem atendimento hospitalar;-56.098649;-15.594234
estabelecimento de saúde;USF COHAB SAO GONCALO;Cuiabá;2.67;até 5 km;jusante_capital;;Não;sem atendimento hospitalar;-56.045058;-15.647327
estabelecimento de saúde;ODONTOFACE;Cuiabá;2.67;até 5 km;manso_capital;;Não;sem atendimento hospitalar;-56.095428;-15.595165
estabelecimento de saúde;CLINICA SORRIDENTE;Cuiabá;2.67;até 5 km;jusante_capital;;Não;sem atendimento hospitalar;-56.050514;-15.631594
estabelecimento de saúde;NUTRICIONISTA EMANUELY FRANCISCHINI;Várzea Grande;2.67;até 5 km;manso_capital;;Não;sem atendimento hospitalar;-56.139577;-15.651826
estabelecimento de saúde;NASOGAPE;Cuiabá;2.68;até 5 km;manso_capital;;Não;sem atendimento hospitalar;-56.107803;-15.593061
estabelecimento de saúde;DROGASIL DS 1224;Cuiabá;2.68;até 5 km;manso_capital;;Não;sem atendimento hospitalar;-56.08985;-15.597953
estabelecimento de saúde;ODONTOLOGIA CONCEITO;Cuiabá;2.68;até 5 km;manso_capital;;Não;sem atendimento hospitalar;-56.107849;-15.59306
estabelecimento de saúde;CLINICA DECOLAR;Várzea Grande;2.68;até 5 km;manso_capital;;Não;sem atendimento hospitalar;-56.102564;-15.649672
estabelecimento de saúde;SUPERA FISIOTERAPIA E PILATES;Várzea Grande;2.68;até 5 km;manso_capital;;Não;sem atendimento hospitalar;-56.141875;-15.650767
estabelecimento de saúde;SUPREMUS LABORATORIA DE ANALISES CLINICAS;Cuiabá;2.69;até 5 km;manso_capital;;Não;sem atendimento hospitalar;-56.095892;-15.594796
estabelecimento de saúde;ELIBENE DE ALMEIDA ORRO JUNQUEIRA;Cuiabá;2.69;até 5 km;manso_capital;;Não;sem atendimento hospitalar;-56.109162;-15.59312
estabelecimento de saúde;RENATA FRANCO PEREIRA;Cuiabá;2.69;até 5 km;manso_capital;;Não;sem atendimento hospitalar;-56.105386;-15.592936
estabelecimento de saúde;MARISTELA BORGES DE MOURA FRAGA;Cuiabá;2.69;até 5 km;manso_capital;;Não;sem atendimento hospitalar;-56.108902;-15.593093
estabelecimento de saúde;CLINICA METAMORFOSE SAUDE MENTAL;Cuiabá;2.7;até 5 km;jusante_capital;;Não;sem atendimento hospitalar;-56.047189;-15.636454
estabelecimento de saúde;FRANCISCO MARIO MONTEIRO FORTES;Cuiabá;2.7;até 5 km;manso_capital;;Não;sem atendimento hospitalar;-56.089432;-15.597961
estabelecimento de saúde;DROGARIA MEDRADO;Cuiabá;2.7;até 5 km;jusante_capital;;Não;sem atendimento hospitalar;-56.050067;-15.631605
estabelecimento de saúde;CLINICA TERAPEUTICA EQUILIBRIO;Cuiabá;2.7;até 5 km;manso_capital;;Não;sem atendimento hospitalar;-56.108476;-15.584785
estabelecimento de saúde;CARLOS LUCIO ANTUNES;Cuiabá;2.7;até 5 km;manso_capital;;Não;sem atendimento hospitalar;-56.089985;-15.597682
estabelecimento de saúde;MARIA AUXILIADORA C OLIVEIRA;Cuiabá;2.71;até 5 km;manso_capital;;Não;sem atendimento hospitalar;-56.106035;-15.592778
estabelecimento de saúde;DEXTRA MED SOLUCOES EM SAUDE OCUPACIONAL;Cuiabá;2.71;até 5 km;manso_capital;;Não;sem atendimento hospitalar;-56.100395;-15.593304
estabelecimento de saúde;SINGULLARE CLINICA DE PSICOLOGIA E SAUDE MENTAL;Cuiabá;2.71;até 5 km;manso_capital;;Não;sem atendimento hospitalar;-56.07504;-15.608761
estabelecimento de saúde;ROGERIO LEITE SANTOS;Cuiabá;2.71;até 5 km;manso_capital;;Não;sem atendimento hospitalar;-56.102026;-15.593026
estabelecimento de saúde;ESPACO PSICOLOGICO CARMEM CHABA;Cuiabá;2.71;até 5 km;manso_capital;;Não;sem atendimento hospitalar;-56.066812;-15.614555
estabelecimento de saúde;NASF SUL 1;Cuiabá;2.71;até 5 km;jusante_capital;;Não;sem atendimento hospitalar;-56.044709;-15.647372
estabelecimento de saúde;FARMACIAS PAGUE MENOS;Cuiabá;2.71;até 5 km;manso_capital;;Não;sem atendimento hospitalar;-56.102595;-15.592989
estabelecimento de saúde;BIOSEG LABORATORIO DE ANALISES CLINICAS;Cuiabá;2.71;até 5 km;jusante_capital;;Não;sem atendimento hospitalar;-56.049674;-15.631981
estabelecimento de saúde;CLARISSE PINTO COELHO DE AZEVEDO NETA;Cuiabá;2.71;até 5 km;manso_capital;;Não;sem atendimento hospitalar;-56.106045;-15.592801
estabelecimento de saúde;CLINICA DA MENTE;Cuiabá;2.71;até 5 km;manso_capital;;Não;sem atendimento hospitalar;-56.105904;-15.592723
estabelecimento de saúde;CENTRO CLINICA;Cuiabá;2.71;até 5 km;manso_capital;;Não;sem atendimento hospitalar;-56.098928;-15.593616
estabelecimento de saúde;CONSULTORIO DE PSICOLOGIA;Cuiabá;2.71;até 5 km;manso_capital;;Não;sem atendimento hospitalar;-56.097605;-15.59404
estabelecimento de saúde;MARIANNE SONNENSCHEIN STEFANI FIGUEIREDO;Cuiabá;2.71;até 5 km;manso_capital;;Não;sem atendimento hospitalar;-56.097605;-15.59404
estabelecimento de saúde;J M A;Cuiabá;2.71;até 5 km;manso_capital;;Não;sem atendimento hospitalar;-56.106043;-15.592759
estabelecimento de saúde;CENTRO DE RETINA CUIABA;Cuiabá;2.72;até 5 km;manso_capital;;Não;sem atendimento hospitalar;-56.072791;-15.609996
estabelecimento de saúde;LABORATORIO CARLOS CHAGAS SHOPPING POPULAR;Cuiabá;2.72;até 5 km;manso_capital;;Não;sem atendimento hospitalar;-56.092598;-15.595954
estabelecimento de saúde;CLINICA DE FONOAUDIOLOGIA DAVID;Cuiabá;2.72;até 5 km;manso_capital;;Não;sem atendimento hospitalar;-56.073869;-15.609374
estabelecimento de saúde;IZABEL CRISTINA LIMA TAURINES;Cuiabá;2.72;até 5 km;manso_capital;;Não;sem atendimento hospitalar;-56.100811;-15.593184
estabelecimento de saúde;CLINICA ODONTOLOGICA INTEGRADA;Cuiabá;2.72;até 5 km;manso_capital;;Não;sem atendimento hospitalar;-56.100764;-15.593147
estabelecimento de saúde;CLINIPREV;Várzea Grande;2.72;até 5 km;manso_capital;;Não;sem atendimento hospitalar;-56.133031;-15.654152
estabelecimento de saúde;CTABRAAO;Cuiabá;2.73;até 5 km;manso_capital;;Não;sem atendimento hospitalar;-56.093852;-15.595305
estabelecimento de saúde;PROJETO ESTIMULAR MT;Cuiabá;2.73;até 5 km;manso_capital;;Não;sem atendimento hospitalar;-56.074933;-15.608632
estabelecimento de saúde;LEV TERAPIAS COGNITIVAS E NEUROPSICOLOGIA;Cuiabá;2.73;até 5 km;manso_capital;;Não;sem atendimento hospitalar;-56.07478;-15.60877
estabelecimento de saúde;LABORATORIO CARLOS CHAGAS UNIDADE JARDIM DAS AMERICAS;Cuiabá;2.73;até 5 km;manso_capital;;Não;sem atendimento hospitalar;-56.074786;-15.608762
estabelecimento de saúde;BEM QUERER SAUDE;Cuiabá;2.73;até 5 km;manso_capital;;Não;sem atendimento hospitalar;-56.093852;-15.595336
estabelecimento de saúde;USF AREAO;Cuiabá;2.73;até 5 km;manso_capital;;Não;sem atendimento hospitalar;-56.083525;-15.602283
estabelecimento de saúde;DIVINO CEZAR DOS SANTOS;Cuiabá;2.73;até 5 km;manso_capital;;Não;sem atendimento hospitalar;-56.099635;-15.593322
estabelecimento de saúde;ANTONIO LUCAS BARROS TENUTA;Cuiabá;2.73;até 5 km;manso_capital;;Não;sem atendimento hospitalar;-56.100607;-15.59313
estabelecimento de saúde;ANTONIO FLORENCIO DE OLIVEIRA FILHO;Cuiabá;2.73;até 5 km;manso_capital;;Não;sem atendimento hospitalar;-56.095754;-15.594491
estabelecimento de saúde;AMAURY ANTONIO ALVES DOS SANTOS;Cuiabá;2.73;até 5 km;manso_capital;;Não;sem atendimento hospitalar;-56.098875;-15.593473
estabelecimento de saúde;VIP SERVICOS MEDICOS;Cuiabá;2.74;até 5 km;manso_capital;;Não;sem atendimento hospitalar;-56.100866;-15.592955
estabelecimento de saúde;FARMACIA NATURALIS;Várzea Grande;2.74;até 5 km;manso_capital;;Não;sem atendimento hospitalar;-56.144772;-15.649639
estabelecimento de saúde;FARMACIA MODERNA;Cuiabá;2.75;até 5 km;manso_capital;;;sem atendimento hospitalar;-56.106;-15.59237
estabelecimento de saúde;ELAINE CRISTINA DE LARA;Cuiabá;2.75;até 5 km;manso_capital;;Não;sem atendimento hospitalar;-56.093564;-15.595252
estabelecimento de saúde;DIRETORIA DE VIGILANCIA EM SAUDE;Cuiabá;2.75;até 5 km;manso_capital;;;sem atendimento hospitalar;-56.091732;-15.596108
estabelecimento de saúde;LUIZ AUGUSTO PEREIRA INEZ DE ALMEIDA;Cuiabá;2.75;até 5 km;manso_capital;;Não;sem atendimento hospitalar;-56.098142;-15.593523
estabelecimento de saúde;LUIS FERNANDO CORREA DE BARROS;Cuiabá;2.75;até 5 km;manso_capital;;Não;sem atendimento hospitalar;-56.106221;-15.59244
estabelecimento de saúde;CLINICA OFTALMOLOGICA SANTA RITA;Várzea Grande;2.76;até 5 km;manso_capital;;Não;sem atendimento hospitalar;-56.141479;-15.651815
estabelecimento de saúde;ANTONIETA COSTA CLINICA DE ESPECIALIDADES EM PSICOTERAPIAS;Várzea Grande;2.76;até 5 km;manso_capital;;Não;sem atendimento hospitalar;-56.140823;-15.65209
estabelecimento de saúde;HOSPITAL SANTA RITA;Várzea Grande;2.76;até 5 km;manso_capital;;Sim;atendimento hospitalar;-56.141479;-15.651815
estabelecimento de saúde;SIMONE FINKE CAVATONI;Cuiabá;2.77;até 5 km;manso_capital;;Não;sem atendimento hospitalar;-56.074804;-15.608265
estabelecimento de saúde;ALGODAO DOCE PEDIATRIA ESPECIALIZADA;Cuiabá;2.77;até 5 km;manso_capital;;;sem atendimento hospitalar;-56.074761;-15.608306
estabelecimento de saúde;ROMA MEDICAL CARE;Cuiabá;2.77;até 5 km;manso_capital;;Não;sem atendimento hospitalar;-56.108849;-15.589727
estabelecimento de saúde;DAVITA;Cuiabá;2.77;até 5 km;manso_capital;;Não;sem atendimento hospitalar;-56.108518;-15.592315
estabelecimento de saúde;MARIANA SOUBIHE HASEGAWA;Cuiabá;2.77;até 5 km;manso_capital;;Não;sem atendimento hospitalar;-56.108662;-15.589289
estabelecimento de saúde;JULIANA FUMES OFTALMOLOGIA;Cuiabá;2.77;até 5 km;manso_capital;;Não;sem atendimento hospitalar;-56.074107;-15.608699
estabelecimento de saúde;NATHALIA BARBOSA E SILVA;Cuiabá;2.77;até 5 km;manso_capital;;Não;sem atendimento hospitalar;-56.074826;-15.608265
estabelecimento de saúde;LUMINAE ALTA PERFORMANCE EM SAUDE;Cuiabá;2.78;até 5 km;manso_capital;;Não;sem atendimento hospitalar;-56.074761;-15.608244
estabelecimento de saúde;INSTITUTO MATUOKA LTDA;Cuiabá;2.78;até 5 km;manso_capital;;Não;sem atendimento hospitalar;-56.071343;-15.610286
estabelecimento de saúde;PHLORACEAE;Cuiabá;2.78;até 5 km;manso_capital;;Não;sem atendimento hospitalar;-56.076122;-15.607477
estabelecimento de saúde;TRANSFORMAR PSICOLOGIA;Cuiabá;2.78;até 5 km;manso_capital;;Não;sem atendimento hospitalar;-56.104876;-15.592171
estabelecimento de saúde;DROGASIL DS0884;Cuiabá;2.78;até 5 km;manso_capital;;;sem atendimento hospitalar;-56.071798;-15.609971
estabelecimento de saúde;INSTITUTO DE MEDICINA OCUPACIONAL DE C;Cuiabá;2.78;até 5 km;manso_capital;;Não;sem atendimento hospitalar;-56.104925;-15.592185
estabelecimento de saúde;ODONTO SAUDE;Cuiabá;2.78;até 5 km;manso_capital;;Não;sem atendimento hospitalar;-56.09692;-15.593554
estabelecimento de saúde;CLINICA PASSINHOS DO SABER MULTIDICIPLINAR;Santo Antônio de Leverger;2.78;até 5 km;jusante_capital;;Não;sem atendimento hospitalar;-56.077904;-15.843019
estabelecimento de saúde;FABRICIO MARTINS DE ARAUJO;Várzea Grande;2.78;até 5 km;manso_capital;;Não;sem atendimento hospitalar;-56.138635;-15.653267
estabelecimento de saúde;INSTITUTO PATRIS;Cuiabá;2.79;até 5 km;manso_capital;;Não;sem atendimento hospitalar;-56.075063;-15.607938
estabelecimento de saúde;INSTITUTO TERRA SAUDE E ODONTOLOGIA;Cuiabá;2.79;até 5 km;manso_capital;;Não;sem atendimento hospitalar;-56.096792;-15.593497
estabelecimento de saúde;ESPACO TIMPANYKIDS;Cuiabá;2.79;até 5 km;manso_capital;;Não;sem atendimento hospitalar;-56.106936;-15.592038
estabelecimento de saúde;DROGARIA SAO PAULO;Cuiabá;2.79;até 5 km;manso_capital;;Não;sem atendimento hospitalar;-56.104359;-15.592077
estabelecimento de saúde;INSTITUTO VIDAH;Cuiabá;2.8;até 5 km;manso_capital;;Não;sem atendimento hospitalar;-56.072569;-15.609283
estabelecimento de saúde;SPADONI ORTODONTIA;Cuiabá;2.8;até 5 km;manso_capital;;Não;sem atendimento hospitalar;-56.076473;-15.607164
estabelecimento de saúde;INSTITUTO DO MOVIMENTO;Cuiabá;2.8;até 5 km;manso_capital;;Não;sem atendimento hospitalar;-56.091739;-15.595633
estabelecimento de saúde;FUNCAO ODONTOLOGIA;Cuiabá;2.8;até 5 km;manso_capital;;Não;sem atendimento hospitalar;-56.088856;-15.597297
estabelecimento de saúde;DROGASIL CB GOIABEIRAS 3;Cuiabá;2.8;até 5 km;manso_capital;;Não;sem atendimento hospitalar;-56.107037;-15.591981
estabelecimento de saúde;CRISTIANE MARIA LENZI SCHAAB;Cuiabá;2.8;até 5 km;manso_capital;;Não;sem atendimento hospitalar;-56.104904;-15.59198
estabelecimento de saúde;CLINICA AUREA PLENUS;Várzea Grande;2.8;até 5 km;jusante_capital;;Não;sem atendimento hospitalar;-56.120868;-15.669385
estabelecimento de saúde;MARIA DE FATIMA GONCALVES CARVALHO;Várzea Grande;2.8;até 5 km;manso_capital;;Não;sem atendimento hospitalar;-56.14563;-15.649713
estabelecimento de saúde;PRISCILA BIAGGI A DE ALENCAR LTDA;Cuiabá;2.81;até 5 km;manso_capital;;Não;sem atendimento hospitalar;-56.075101;-15.607707
estabelecimento de saúde;ACOLHER;Cuiabá;2.81;até 5 km;manso_capital;;Não;sem atendimento hospitalar;-56.088845;-15.597173
estabelecimento de saúde;INSTITUTO DE APRENDIZAGEM PC NEUROEDUCACAO LTDA;Cuiabá;2.81;até 5 km;manso_capital;;Não;sem atendimento hospitalar;-56.074996;-15.607763
estabelecimento de saúde;ERICO MARQUES ALCANTARA;Cuiabá;2.81;até 5 km;manso_capital;;Não;sem atendimento hospitalar;-56.091291;-15.595766
estabelecimento de saúde;DIETA PERSONALIZADA;Várzea Grande;2.81;até 5 km;manso_capital;;Não;sem atendimento hospitalar;-56.108277;-15.589154
estabelecimento de saúde;ULTRA PRIME MEDICINA DIAGNOSTICA;Cuiabá;2.82;até 5 km;manso_capital;;Não;sem atendimento hospitalar;-56.071209;-15.609922
estabelecimento de saúde;VISION MED;Cuiabá;2.82;até 5 km;manso_capital;;Não;sem atendimento hospitalar;-56.09521;-15.593787
estabelecimento de saúde;ADELSON BALBINO VIEIRA;Cuiabá;2.82;até 5 km;manso_capital;;Não;sem atendimento hospitalar;-56.08863;-15.597279
estabelecimento de saúde;DROGARIA SAO PAULO 2547 VG ARTHUR BERNARDES;Várzea Grande;2.82;até 5 km;manso_capital;;Não;sem atendimento hospitalar;-56.122541;-15.655065
estabelecimento de saúde;ADAPTA T O;Cuiabá;2.83;até 5 km;manso_capital;;Não;sem atendimento hospitalar;-56.095253;-15.59374
estabelecimento de saúde;CLAUDIO POLATTO CASAROTTO;Cuiabá;2.83;até 5 km;manso_capital;;Não;sem atendimento hospitalar;-56.105451;-15.591659
estabelecimento de saúde;CLINICA MAGNO CEZAR;Cuiabá;2.83;até 5 km;manso_capital;;Não;sem atendimento hospitalar;-56.100749;-15.592123
estabelecimento de saúde;IZABEL LEITE DA SILVA PSICOLOGA NEUROPSICOLOGA;Cuiabá;2.83;até 5 km;manso_capital;;Não;sem atendimento hospitalar;-56.073344;-15.608553
estabelecimento de saúde;HARMONIA FISIOTERAPIA;Cuiabá;2.83;até 5 km;manso_capital;;Não;sem atendimento hospitalar;-56.076967;-15.606676
estabelecimento de saúde;SIMAO BARGAS DA COSTA;Cuiabá;2.83;até 5 km;manso_capital;;Não;sem atendimento hospitalar;-56.105557;-15.591677
estabelecimento de saúde;ODERLINO RODRIGUES DE GODOY;Cuiabá;2.83;até 5 km;manso_capital;;Não;sem atendimento hospitalar;-56.105392;-15.591671
estabelecimento de saúde;CLINICA ODONTOLOGICA;Cuiabá;2.83;até 5 km;manso_capital;;Não;sem atendimento hospitalar;-56.10456;-15.59174
estabelecimento de saúde;USF NOSSA SENHORA DA GUIA;Várzea Grande;2.83;até 5 km;jusante_capital;;Não;sem atendimento hospitalar;-56.129864;-15.675295
estabelecimento de saúde;CEICO I;Várzea Grande;2.83;até 5 km;manso_capital;;Não;sem atendimento hospitalar;-56.141971;-15.652269
estabelecimento de saúde;DENSIMAGEM VG;Várzea Grande;2.83;até 5 km;manso_capital;;Não;sem atendimento hospitalar;-56.147241;-15.648911
estabelecimento de saúde;ASA;Cuiabá;2.84;até 5 km;manso_capital;;Não;sem atendimento hospitalar;-56.088937;-15.596837
estabelecimento de saúde;G M S SERVICOS FONOAUDIOLOGICOS;Cuiabá;2.84;até 5 km;manso_capital;;Não;sem atendimento hospitalar;-56.073167;-15.608548
estabelecimento de saúde;ANA HELENA DOTTA;Cuiabá;2.84;até 5 km;manso_capital;;Não;sem atendimento hospitalar;-56.105485;-15.591605
estabelecimento de saúde;LEONARDO DOTTA;Cuiabá;2.84;até 5 km;manso_capital;;Não;sem atendimento hospitalar;-56.105408;-15.591597
estabelecimento de saúde;CLINICA MEDICINA BEM ESTAR;Cuiabá;2.84;até 5 km;manso_capital;;Não;sem atendimento hospitalar;-56.071084;-15.609851
estabelecimento de saúde;MULTIVIDA VIDAS QUE FLORESCEM;Várzea Grande;2.84;até 5 km;jusante_capital;;Não;sem atendimento hospitalar;-56.1299;-15.675205
estabelecimento de saúde;NOROESTE SERVICOS MEDICOS;Várzea Grande;2.84;até 5 km;manso_capital;;Não;sem atendimento hospitalar;-56.122327;-15.65521
estabelecimento de saúde;ELSON LEMES DE MORAES;Cuiabá;2.85;até 5 km;manso_capital;;Não;sem atendimento hospitalar;-56.105443;-15.591503
estabelecimento de saúde;CLINICA ARTIMED;Cuiabá;2.85;até 5 km;manso_capital;;Não;sem atendimento hospitalar;-56.105393;-15.591543
estabelecimento de saúde;MILENA SOARES TEODORO DOS SANTOS;Cuiabá;2.85;até 5 km;manso_capital;;Não;sem atendimento hospitalar;-56.087079;-15.598021
estabelecimento de saúde;BRUNA FERREIRA DORILEO;Cuiabá;2.85;até 5 km;manso_capital;;Não;sem atendimento hospitalar;-56.105484;-15.591519
estabelecimento de saúde;GUANABARA CENTRO ODONTOLOGICO;Cuiabá;2.85;até 5 km;manso_capital;;Não;sem atendimento hospitalar;-56.080842;-15.603062
estabelecimento de saúde;FARMACIA NOSSA SENHORA DE FATIMA;Cuiabá;2.86;até 5 km;manso_capital;;;sem atendimento hospitalar;-56.1079;-15.591485
estabelecimento de saúde;CLINICA SALUTARE;Cuiabá;2.86;até 5 km;manso_capital;;Não;sem atendimento hospitalar;-56.101965;-15.591692
estabelecimento de saúde;CLINICA RENA;Cuiabá;2.87;até 5 km;jusante_capital;;Não;sem atendimento hospitalar;-56.043736;-15.659852
estabelecimento de saúde;ACOLHER PRIME;Cuiabá;2.87;até 5 km;manso_capital;;Não;sem atendimento hospitalar;-56.088233;-15.596914
estabelecimento de saúde;ANTONIO CARLOS ARRUDA OLIVEIRA;Cuiabá;2.87;até 5 km;manso_capital;;Não;sem atendimento hospitalar;-56.099001;-15.592186
estabelecimento de saúde;CLINICA RENA;Cuiabá;2.87;até 5 km;jusante_capital;;Não;sem atendimento hospitalar;-56.043822;-15.660093
estabelecimento de saúde;PSF SAO JOSE;Nobres;2.87;até 5 km;manso_capital;;Não;sem atendimento hospitalar;-56.330724;-14.723234
estabelecimento de saúde;CEICO II;Várzea Grande;2.87;até 5 km;manso_capital;;Não;sem atendimento hospitalar;-56.141971;-15.652689
estabelecimento de saúde;CLINICA FLESSIBILITA;Cuiabá;2.88;até 5 km;manso_capital;;Não;sem atendimento hospitalar;-56.099397;-15.592018
estabelecimento de saúde;THIAGO A SARTORI;Cuiabá;2.88;até 5 km;manso_capital;;Não;sem atendimento hospitalar;-56.099224;-15.591991
estabelecimento de saúde;CLINICA VIVERE;Cuiabá;2.88;até 5 km;manso_capital;;Não;sem atendimento hospitalar;-56.06554;-15.613558
estabelecimento de saúde;STEFANY CANAVARROS FONOAUDIOLOGIA;Cuiabá;2.88;até 5 km;manso_capital;;Não;sem atendimento hospitalar;-56.075553;-15.606774
estabelecimento de saúde;DENTALLE ODONTOLOGIA;Cuiabá;2.88;até 5 km;manso_capital;;Não;sem atendimento hospitalar;-56.107606;-15.59128
estabelecimento de saúde;ECO X VARZEA GRANDE;Várzea Grande;2.88;até 5 km;manso_capital;;Não;sem atendimento hospitalar;-56.142493;-15.652517
estabelecimento de saúde;CLINICA FISIOTERAPIA ALEGRIA;Várzea Grande;2.88;até 5 km;manso_capital;;Não;sem atendimento hospitalar;-56.142493;-15.652517
estabelecimento de saúde;DILENNY CARVALHO STUDIO PILATES ESTETIC;Cuiabá;2.89;até 5 km;manso_capital;;Não;sem atendimento hospitalar;-56.100126;-15.591722
estabelecimento de saúde;CLINICA SIBERIA EMANUELLE;Cuiabá;2.89;até 5 km;manso_capital;;Não;sem atendimento hospitalar;-56.072326;-15.60853
estabelecimento de saúde;SEDI KIDS;Cuiabá;2.89;até 5 km;manso_capital;;Não;sem atendimento hospitalar;-56.07297;-15.608146
estabelecimento de saúde;TRILHAR CLINICA DE DESENVOLVIMENTO INFANTIL;Cuiabá;2.89;até 5 km;manso_capital;;Não;sem atendimento hospitalar;-56.072933;-15.608187
estabelecimento de saúde;CLINICA KIDS ABA MULTIDISCIPLINAR;Cuiabá;2.89;até 5 km;manso_capital;;Não;sem atendimento hospitalar;-56.065983;-15.613065
estabelecimento de saúde;NADIA DOS ANJOS FERNANDES;Cuiabá;2.89;até 5 km;manso_capital;;Não;sem atendimento hospitalar;-56.089393;-15.596
estabelecimento de saúde;TOXICLIN;Várzea Grande;2.89;até 5 km;manso_capital;;;sem atendimento hospitalar;-56.122676;-15.655721
estabelecimento de saúde;CLINICA AUDITY;Várzea Grande;2.89;até 5 km;manso_capital;;Não;sem atendimento hospitalar;-56.132974;-15.655695
estabelecimento de saúde;FISIO PELVICARE;Cuiabá;2.9;até 5 km;manso_capital;;Não;sem atendimento hospitalar;-56.143907;-15.651907
estabelecimento de saúde;CLINICA CONCEITO EM SAUDE;Cuiabá;2.9;até 5 km;manso_capital;;Não;sem atendimento hospitalar;-56.107429;-15.591077
estabelecimento de saúde;CLINICA DO BEN UNIDADE JARDIM GUANABARA;Cuiabá;2.9;até 5 km;manso_capital;;Não;sem atendimento hospitalar;-56.080736;-15.602613
estabelecimento de saúde;SANTE;Cuiabá;2.9;até 5 km;manso_capital;;Não;sem atendimento hospitalar;-56.107505;-15.591033
estabelecimento de saúde;CLINICA DE OLHOS ALZIRA;Várzea Grande;2.9;até 5 km;manso_capital;;Não;sem atendimento hospitalar;-56.143907;-15.651907
estabelecimento de saúde;YUITI IANAE;Cuiabá;2.91;até 5 km;manso_capital;;Não;sem atendimento hospitalar;-56.102998;-15.591175
estabelecimento de saúde;CAROLINA MALUF PEREIRA;Cuiabá;2.91;até 5 km;manso_capital;;Não;sem atendimento hospitalar;-56.092469;-15.594111
estabelecimento de saúde;MARCOS ANTONIO BERTIN;Cuiabá;2.91;até 5 km;manso_capital;;Não;sem atendimento hospitalar;-56.107391;-15.589495
estabelecimento de saúde;QUALYVIDA ATENDIMENTO DOMICILIAR EM SAUDE;Cuiabá;2.92;até 5 km;manso_capital;;Não;sem atendimento hospitalar;-56.079255;-15.603558
estabelecimento de saúde;HOSPITALLAR SAUDE;Cuiabá;2.92;até 5 km;manso_capital;;Não;sem atendimento hospitalar;-56.07497;-15.606646
estabelecimento de saúde;FRANCISCO RICARDO BOTTER;Cuiabá;2.92;até 5 km;manso_capital;;Não;sem atendimento hospitalar;-56.103864;-15.590985
estabelecimento de saúde;CLINICA LIRIO SAUDE;Cuiabá;2.92;até 5 km;manso_capital;;Não;sem atendimento hospitalar;-56.072852;-15.607836
estabelecimento de saúde;LILIAN LIMA DO CARMO BETONI;Cuiabá;2.92;até 5 km;manso_capital;;Não;sem atendimento hospitalar;-56.085283;-15.598651
estabelecimento de saúde;RODRIGUES CORREA CLINICA DE PSICOLOGIA E PSIQUIATRIA;Cuiabá;2.92;até 5 km;manso_capital;;Não;sem atendimento hospitalar;-56.066452;-15.612314
estabelecimento de saúde;BRASIL BRASILEIRO DA SILVA;Várzea Grande;2.92;até 5 km;manso_capital;;Não;sem atendimento hospitalar;-56.136238;-15.65535
estabelecimento de saúde;A FERREIRA PSICANALISTA;Cuiabá;2.93;até 5 km;manso_capital;;Não;sem atendimento hospitalar;-56.107393;-15.590806
estabelecimento de saúde;ADEMIR CAPISTRANO PEREIRA;Cuiabá;2.93;até 5 km;manso_capital;;Não;sem atendimento hospitalar;-56.106657;-15.587478
estabelecimento de saúde;MAMEDE RODER FILHO;Cuiabá;2.93;até 5 km;manso_capital;;Não;sem atendimento hospitalar;-56.100217;-15.591351
estabelecimento de saúde;ANA CAROLINA ALVES FELICIANO DE SOUSA SANTOS;Cuiabá;2.93;até 5 km;manso_capital;;Não;sem atendimento hospitalar;-56.107446;-15.590785
estabelecimento de saúde;CEC;Cuiabá;2.94;até 5 km;manso_capital;;Não;sem atendimento hospitalar;-56.07024;-15.609287
estabelecimento de saúde;STUDIO MOVIMENTO;Cuiabá;2.94;até 5 km;manso_capital;;Não;sem atendimento hospitalar;-56.09986;-15.591315
estabelecimento de saúde;CLINICA SALUTTE;Cuiabá;2.94;até 5 km;jusante_capital;;Não;sem atendimento hospitalar;-56.045675;-15.634485
estabelecimento de saúde;ANDREA ALMEIDA DE BARROS;Cuiabá;2.94;até 5 km;manso_capital;;Não;sem atendimento hospitalar;-56.08903;-15.595665
estabelecimento de saúde;NELSON SOUZA RANGEL;Cuiabá;2.94;até 5 km;manso_capital;;Não;sem atendimento hospitalar;-56.099159;-15.591476
estabelecimento de saúde;TATHIANE ANDREA PEREIRA AMORIM;Cuiabá;2.94;até 5 km;manso_capital;;Não;sem atendimento hospitalar;-56.092528;-15.593835
estabelecimento de saúde;CLINICA REVIE;Cuiabá;2.94;até 5 km;manso_capital;;Não;sem atendimento hospitalar;-56.107333;-15.590687
estabelecimento de saúde;SAMU 192 NOBRES;Nobres;2.94;até 5 km;manso_capital;;;sem atendimento hospitalar;-56.334758;-14.724251
estabelecimento de saúde;HOSPITAL E PRONTO SOCORRO MUNICIPAL DE VARZEA GRANDE;Várzea Grande;2.94;até 5 km;manso_capital;;Sim;atendimento hospitalar;-56.138011;-15.654982
estabelecimento de saúde;CLINICA DE SAUDE E ESPECIALIDADES MEDICAS;Várzea Grande;2.94;até 5 km;manso_capital;;Não;sem atendimento hospitalar;-56.122327;-15.656139
estabelecimento de saúde;BUSSIKIS FISIO;Cuiabá;2.95;até 5 km;manso_capital;;Não;sem atendimento hospitalar;-56.10334;-15.59076
estabelecimento de saúde;CMI;Cuiabá;2.95;até 5 km;manso_capital;;Não;sem atendimento hospitalar;-56.070025;-15.609283
estabelecimento de saúde;REGINALDO CAMPOS GRANJEIRO;Cuiabá;2.95;até 5 km;manso_capital;;Não;sem atendimento hospitalar;-56.08927;-15.595425
estabelecimento de saúde;BERNARDINO SERVICOS CIRURGICOS;Cuiabá;2.96;até 5 km;manso_capital;;Não;sem atendimento hospitalar;-56.072236;-15.607852
estabelecimento de saúde;INSTITUTO CACTOS CENTRO DE DESENVOLVIMENTO HUMANO;Cuiabá;2.96;até 5 km;manso_capital;;Não;sem atendimento hospitalar;-56.072851;-15.607508
estabelecimento de saúde;ESPACO SAUDE LB;Cuiabá;2.96;até 5 km;manso_capital;;Não;sem atendimento hospitalar;-56.07235;-15.607754
estabelecimento de saúde;INSTITUTO AQUARELA INTEGRACAO E REABILITACAO;Cuiabá;2.97;até 5 km;manso_capital;;Não;sem atendimento hospitalar;-56.071622;-15.608143
estabelecimento de saúde;CLINICA MATERNA;Cuiabá;2.97;até 5 km;manso_capital;;Não;sem atendimento hospitalar;-56.106926;-15.589823
estabelecimento de saúde;CYRIACO FORTUNATO;Cuiabá;2.97;até 5 km;manso_capital;;Não;sem atendimento hospitalar;-56.106911;-15.589823
estabelecimento de saúde;HOMERO FLORISBELO DA SILVA;Cuiabá;2.97;até 5 km;manso_capital;;Não;sem atendimento hospitalar;-56.103226;-15.590627
estabelecimento de saúde;VITALE CLINICA DE OLHOS;Várzea Grande;2.97;até 5 km;manso_capital;;Não;sem atendimento hospitalar;-56.144549;-15.652179
estabelecimento de saúde;DROGARIA VAREJAO DOS REMEDIOS;Cuiabá;2.98;até 5 km;manso_capital;;Não;sem atendimento hospitalar;-56.092569;-15.5934
estabelecimento de saúde;PROVIDA MEDICINA DIAGNOSTICA LTDA;Cuiabá;2.98;até 5 km;manso_capital;;Não;sem atendimento hospitalar;-56.106513;-15.588937
estabelecimento de saúde;SAMU 192 VARZEA GRANDE USA A2;Várzea Grande;2.98;até 5 km;manso_capital;;;sem atendimento hospitalar;-56.125336;-15.656806
estabelecimento de saúde;CLINICA REVIVERE;Cuiabá;2.99;até 5 km;manso_capital;;Não;sem atendimento hospitalar;-56.094997;-15.592221
estabelecimento de saúde;NORMA CRISTINA BOEHLER IGLESIAS ARAUJO;Cuiabá;2.99;até 5 km;manso_capital;;Não;sem atendimento hospitalar;-56.10325;-15.590402
estabelecimento de saúde;TAIAMA EMERGENCIAS MEDICAS;Cuiabá;2.99;até 5 km;manso_capital;;Não;sem atendimento hospitalar;-56.096197;-15.591839
estabelecimento de saúde;IRF PSICOLOGIA INTEGRADA LTDA;Cuiabá;2.99;até 5 km;manso_capital;;Não;sem atendimento hospitalar;-56.094997;-15.592221
estabelecimento de saúde;CLINICA LIFE BLUE;Cuiabá;2.99;até 5 km;manso_capital;;Não;sem atendimento hospitalar;-56.073587;-15.606701
estabelecimento de saúde;WASHINGTON LUIZ PEREIRA DE SENNA;Cuiabá;2.99;até 5 km;manso_capital;;Não;sem atendimento hospitalar;-56.100161;-15.59084
estabelecimento de saúde;MARIA ROSANGELA SANTOS;Cuiabá;2.99;até 5 km;manso_capital;;Não;sem atendimento hospitalar;-56.086399;-15.596915
estabelecimento de saúde;MARIANA BARBARA SUZUKI PEREIRA;Cuiabá;3.0;até 5 km;manso_capital;;Não;sem atendimento hospitalar;-56.101137;-15.590601
estabelecimento de saúde;CLINICA DE PSICOLOGIA E PSICOPEDAG SINTONIA DA MENTE;Cuiabá;3.0;até 5 km;manso_capital;;Não;sem atendimento hospitalar;-56.075263;-15.60569
estabelecimento de saúde;CAPS AD ADAUTO BOTELHO;Cuiabá;3.0;até 5 km;manso_capital;;Não;sem atendimento hospitalar;-56.065789;-15.611926
estabelecimento de saúde;HELLEN CORREA DA COSTA B DE SOUZA;Cuiabá;3.0;até 5 km;manso_capital;;Não;sem atendimento hospitalar;-56.102186;-15.59043
estabelecimento de saúde;USF AGUA VERMELHA CELESTINA GOMES COELHO;Várzea Grande;3.0;até 5 km;manso_capital;;Não;sem atendimento hospitalar;-56.149535;-15.64899
estabelecimento de saúde;ENCANTO SENSORIAL TERAPIAS ESPECIALIZADAS;Cuiabá;3.01;até 5 km;manso_capital;;Não;sem atendimento hospitalar;-56.075869;-15.605339
estabelecimento de saúde;M M CENTRO ODONTOLOGICO LTDA;Cuiabá;3.01;até 5 km;manso_capital;;Não;sem atendimento hospitalar;-56.075819;-15.605405
estabelecimento de saúde;BENEDITO CANDELARIO SALES;Cuiabá;3.01;até 5 km;manso_capital;;Não;sem atendimento hospitalar;-56.091211;-15.593773
estabelecimento de saúde;ODONTOLOGIA BATISTELLA;Cuiabá;3.02;até 5 km;manso_capital;;Não;sem atendimento hospitalar;-56.103241;-15.590177
estabelecimento de saúde;ESPACO SULLEGE SUZUKI;Cuiabá;3.02;até 5 km;manso_capital;;Não;sem atendimento hospitalar;-56.101139;-15.590355
estabelecimento de saúde;FLAVIA DOMINGUES MENDONCA PRATA;Cuiabá;3.02;até 5 km;manso_capital;;Não;sem atendimento hospitalar;-56.084743;-15.597877
estabelecimento de saúde;ERNESTO FARIA DE FIGUEIREDO JUNIOR;Cuiabá;3.02;até 5 km;manso_capital;;Não;sem atendimento hospitalar;-56.106182;-15.589059
estabelecimento de saúde;J R CONCEITO ODONTOLOGIA;Cuiabá;3.03;até 5 km;manso_capital;;Não;sem atendimento hospitalar;-56.097065;-15.591153
estabelecimento de saúde;DR DANILO SOUZA REABILITACAO ORAL E IMPLANTES;Cuiabá;3.03;até 5 km;manso_capital;;Não;sem atendimento hospitalar;-56.084773;-15.597769
estabelecimento de saúde;FELIPE STEFANES SANTAMARIA;Cuiabá;3.03;até 5 km;manso_capital;;Não;sem atendimento hospitalar;-56.098676;-15.590773
estabelecimento de saúde;ALESSANDRA DOMINGUES MENDONCA;Cuiabá;3.03;até 5 km;manso_capital;;Não;sem atendimento hospitalar;-56.084766;-15.597738
estabelecimento de saúde;RENATO ABDALLA PRATA;Cuiabá;3.03;até 5 km;manso_capital;;Não;sem atendimento hospitalar;-56.0848;-15.597789
estabelecimento de saúde;CLINICA ODONTOLOGICA PRATA;Cuiabá;3.03;até 5 km;manso_capital;;Não;sem atendimento hospitalar;-56.084802;-15.597749
estabelecimento de saúde;DROGASIL DS2239;Várzea Grande;3.03;até 5 km;manso_capital;;;sem atendimento hospitalar;-56.154041;-15.644362
estabelecimento de saúde;DROGALINS;Cuiabá;3.04;até 5 km;manso_capital;;Não;sem atendimento hospitalar;-56.09234;-15.592966
estabelecimento de saúde;USF DR FABIO II;Cuiabá;3.04;até 5 km;manso_capital;;Não;sem atendimento hospitalar;-56.157389;-15.638501
estabelecimento de saúde;UBIRAJARA LUPOLI BARBOSA;Cuiabá;3.04;até 5 km;manso_capital;;Não;sem atendimento hospitalar;-56.092424;-15.592866
estabelecimento de saúde;EVELINE MEIRELLES GONCALVES LIMA;Cuiabá;3.04;até 5 km;manso_capital;;Não;sem atendimento hospitalar;-56.094074;-15.59213
estabelecimento de saúde;CENTRO ESPECIALIZADO DE INCLUSAO NOBRES CUIDA;Nobres;3.04;até 5 km;manso_capital;;Não;sem atendimento hospitalar;-56.340809;-14.727136
estabelecimento de saúde;INTIMUS VITALLE;Cuiabá;3.05;até 5 km;manso_capital;;Não;sem atendimento hospitalar;-56.103108;-15.589899
estabelecimento de saúde;CONSULTORIO ODONTOLOGICO DR DANILO SOUZA;Cuiabá;3.05;até 5 km;manso_capital;;Não;sem atendimento hospitalar;-56.084764;-15.597526
estabelecimento de saúde;INTEGRA TO;Cuiabá;3.05;até 5 km;manso_capital;;Não;sem atendimento hospitalar;-56.070717;-15.607803
estabelecimento de saúde;BEM MELHOR LTDA;Cuiabá;3.05;até 5 km;manso_capital;;Não;sem atendimento hospitalar;-56.102064;-15.59
estabelecimento de saúde;ANDERSON ANDREU CUNHA;Cuiabá;3.05;até 5 km;manso_capital;;Não;sem atendimento hospitalar;-56.103055;-15.58989
estabelecimento de saúde;ODONTOLOGIA PATRICIA ANDRADE;Cuiabá;3.05;até 5 km;manso_capital;;Não;sem atendimento hospitalar;-56.063718;-15.613023
estabelecimento de saúde;EQUILIBRIO NATURAL;Cuiabá;3.05;até 5 km;manso_capital;;Não;sem atendimento hospitalar;-56.100619;-15.590223
estabelecimento de saúde;BIO BELLE;Cuiabá;3.05;até 5 km;manso_capital;;Não;sem atendimento hospitalar;-56.103115;-15.58991
estabelecimento de saúde;CLINICA VITTA INTEGRADA;Nobres;3.05;até 5 km;manso_capital;;Não;sem atendimento hospitalar;-56.336818;-14.72421
estabelecimento de saúde;ZAROUR SERVICOS MEDICOS;Cuiabá;3.06;até 5 km;manso_capital;;Não;sem atendimento hospitalar;-56.103837;-15.58969
estabelecimento de saúde;MARILIA DE ORNELLAS SIVIERI;Cuiabá;3.06;até 5 km;manso_capital;;Não;sem atendimento hospitalar;-56.091205;-15.593278
estabelecimento de saúde;DROGA NOBRES;Nobres;3.06;até 5 km;manso_capital;;Não;sem atendimento hospitalar;-56.327934;-14.720744
estabelecimento de saúde;DROGARIA ULTRAPOPULAR;Várzea Grande;3.06;até 5 km;manso_capital;;;sem atendimento hospitalar;-56.126575;-15.657565
estabelecimento de saúde;INSTITUTO DO CORACAO E PULMAO;Várzea Grande;3.06;até 5 km;manso_capital;;Não;sem atendimento hospitalar;-56.12164;-15.65709
estabelecimento de saúde;USF PARQUE OHARA;Cuiabá;3.07;até 5 km;jusante_capital;;Não;sem atendimento hospitalar;-56.048142;-15.628669
estabelecimento de saúde;INSTITUTO DA MENTE;Cuiabá;3.07;até 5 km;manso_capital;;Não;sem atendimento hospitalar;-56.074953;-15.605151
estabelecimento de saúde;LIFE REPRODUCAO HUMANA;Cuiabá;3.07;até 5 km;manso_capital;;Não;sem atendimento hospitalar;-56.088459;-15.594642
estabelecimento de saúde;REAL ODONTO;Nobres;3.07;até 5 km;manso_capital;;Não;sem atendimento hospitalar;-56.335784;-14.723385
estabelecimento de saúde;DROGARIA JARDIM PETROPOLIS;Nobres;3.07;até 5 km;manso_capital;;;sem atendimento hospitalar;-56.311197;-14.721553
estabelecimento de saúde;FISIOATIVA;Várzea Grande;3.07;até 5 km;jusante_capital;;Não;sem atendimento hospitalar;-56.132689;-15.674959
estabelecimento de saúde;RAFAEL CUBEL ZURIAGA JUNIOR;Várzea Grande;3.07;até 5 km;manso_capital;;Não;sem atendimento hospitalar;-56.138978;-15.655891
estabelecimento de saúde;RAFAELA ARAUJO;Cuiabá;3.08;até 5 km;manso_capital;;Não;sem atendimento hospitalar;-56.105333;-15.587847
estabelecimento de saúde;USF QUILOMBO;Cuiabá;3.08;até 5 km;manso_capital;;Não;sem atendimento hospitalar;-56.086147;-15.596138
estabelecimento de saúde;MICHELLE CHRISTINA DE ARRUDA CAMPOS;Cuiabá;3.08;até 5 km;manso_capital;;Não;sem atendimento hospitalar;-56.105301;-15.587889
estabelecimento de saúde;RICARDO GONCALVES DA SILVA;Cuiabá;3.08;até 5 km;manso_capital;;Não;sem atendimento hospitalar;-56.105333;-15.587682
estabelecimento de saúde;BIODENTE;Nobres;3.08;até 5 km;manso_capital;;Não;sem atendimento hospitalar;-56.342118;-14.727696
estabelecimento de saúde;M PEREZI ULTRASSONOGRAFIA E SERVICOS MEDICOS;Cuiabá;3.09;até 5 km;manso_capital;;Não;sem atendimento hospitalar;-56.105093;-15.58725
estabelecimento de saúde;CLINICA DE RADIOLOGIA;Cuiabá;3.09;até 5 km;manso_capital;;Não;sem atendimento hospitalar;-56.094754;-15.591368
estabelecimento de saúde;CDI CENTRO DE DESENVOLVIMENTO PSICOLOGICO INFANTIL;Cuiabá;3.09;até 5 km;manso_capital;;Não;sem atendimento hospitalar;-56.072631;-15.606208
estabelecimento de saúde;RMC;Cuiabá;3.09;até 5 km;manso_capital;;Não;sem atendimento hospitalar;-56.06992;-15.60789
estabelecimento de saúde;LUIZ CARLOS DE ARRUDA;Várzea Grande;3.09;até 5 km;manso_capital;;Não;sem atendimento hospitalar;-56.139021;-15.656036
estabelecimento de saúde;ANA CLAUDIA ALVES PSICOLOGA;Cuiabá;3.1;até 5 km;manso_capital;;Não;sem atendimento hospitalar;-56.073899;-15.605382
estabelecimento de saúde;USF DR JOSE EDUARDO FARIA;Cuiabá;3.1;até 5 km;manso_capital;;Não;sem atendimento hospitalar;-56.106783;-15.567737
estabelecimento de saúde;CEICO;Cuiabá;3.1;até 5 km;manso_capital;;Não;sem atendimento hospitalar;-56.092877;-15.592072
estabelecimento de saúde;ONCOCENTER;Cuiabá;3.1;até 5 km;manso_capital;;Não;sem atendimento hospitalar;-56.093256;-15.591881
estabelecimento de saúde;INEMATT INSTITUTO NEFROLOGICO LTDA;Várzea Grande;3.1;até 5 km;manso_capital;;Não;sem atendimento hospitalar;-56.142304;-15.654776
estabelecimento de saúde;YALILE ESTHER ELJACK DE ALBA;Várzea Grande;3.1;até 5 km;manso_capital;;Não;sem atendimento hospitalar;-56.137969;-15.656491
estabelecimento de saúde;CENTRO EQUESTRE DE EQUOTERAPIA DE VARZEA GRANDE;Várzea Grande;3.1;até 5 km;manso_capital;;Não;sem atendimento hospitalar;-56.104976;-15.652658
estabelecimento de saúde;CLINICA ABRACA ME;Cuiabá;3.11;até 5 km;manso_capital;;Não;sem atendimento hospitalar;-56.089973;-15.593399
estabelecimento de saúde;SECRETARIA DE SAUDE DE NOBRES;Nobres;3.11;até 5 km;manso_capital;;;sem atendimento hospitalar;-56.328213;-14.720266
estabelecimento de saúde;DROGARIAS NOBRES;Nobres;3.11;até 5 km;manso_capital;;Não;sem atendimento hospitalar;-56.328471;-14.72037
estabelecimento de saúde;SAUDE LIVRE VACINAS;Cuiabá;3.12;até 5 km;manso_capital;;Não;sem atendimento hospitalar;-56.076874;-15.603319
estabelecimento de saúde;PSF JARDIM PETROPOLIS;Nobres;3.12;até 5 km;manso_capital;;Não;sem atendimento hospitalar;-56.310661;-14.721211
estabelecimento de saúde;USF COHAB CRISTO REI;Várzea Grande;3.12;até 5 km;manso_capital;;Não;sem atendimento hospitalar;-56.100592;-15.658001
estabelecimento de saúde;SOLAINE RIOS FISIOTERAPIA ESPECIALIZADA;Cuiabá;3.13;até 5 km;manso_capital;;Não;sem atendimento hospitalar;-56.071303;-15.606636
estabelecimento de saúde;AUGUSTO BUENO DE AZEVEDO NETO;Cuiabá;3.13;até 5 km;manso_capital;;Não;sem atendimento hospitalar;-56.104595;-15.58663
estabelecimento de saúde;ALDA ELIZABETH BOEHLER IGLESIAS AZEVEDO;Cuiabá;3.13;até 5 km;manso_capital;;Não;sem atendimento hospitalar;-56.104583;-15.586473
estabelecimento de saúde;KATIA BOA VENTURA FERREIRA MARQUES;Cuiabá;3.13;até 5 km;manso_capital;;Não;sem atendimento hospitalar;-56.09275;-15.591872
estabelecimento de saúde;DROGARIA VERDES MARES;Nobres;3.13;até 5 km;manso_capital;;Não;sem atendimento hospitalar;-56.328771;-14.720266
estabelecimento de saúde;EMULTI VIVER SAUDAVEL;Nobres;3.13;até 5 km;manso_capital;;Não;sem atendimento hospitalar;-56.327934;-14.7201
estabelecimento de saúde;SENTIR CLINICA PSICOLOGICA;Várzea Grande;3.13;até 5 km;manso_capital;;Não;sem atendimento hospitalar;-56.122928;-15.657916
estabelecimento de saúde;INSTITUTO CUIABANO DE SAUDE ICSP;Várzea Grande;3.13;até 5 km;manso_capital;;Não;sem atendimento hospitalar;-56.14018;-15.656077
estabelecimento de saúde;CLINICA AFAGHO INTEGRADA DE PSICOLOGIA;Cuiabá;3.14;até 5 km;manso_capital;;Não;sem atendimento hospitalar;-56.087457;-15.59456
estabelecimento de saúde;DROGARIA NOBRES PAG MENOS;Nobres;3.14;até 5 km;manso_capital;;Não;sem atendimento hospitalar;-56.328;-14.72
estabelecimento de saúde;ELEVARE ODONTOLOGIA;Nobres;3.14;até 5 km;manso_capital;;Não;sem atendimento hospitalar;-56.328471;-14.720059
estabelecimento de saúde;HOSPITAL SANTA RITA;Várzea Grande;3.14;até 5 km;manso_capital;;Sim;atendimento hospitalar;-56.138721;-15.656615
estabelecimento de saúde;JOSE EDELCIO VANZELLA;Várzea Grande;3.14;até 5 km;manso_capital;;Não;sem atendimento hospitalar;-56.139171;-15.65647
estabelecimento de saúde;MICAELA JIOVANA DELGADILLO VARGAS;Várzea Grande;3.14;até 5 km;manso_capital;;Não;sem atendimento hospitalar;-56.139064;-15.656532
estabelecimento de saúde;GIOVANI MENDES FERREIRA;Cuiabá;3.15;até 5 km;manso_capital;;Não;sem atendimento hospitalar;-56.091248;-15.592322
estabelecimento de saúde;MARCELO ROSA DA SILVA;Cuiabá;3.15;até 5 km;manso_capital;;Não;sem atendimento hospitalar;-56.088747;-15.593603
estabelecimento de saúde;MARIO TOSHIO ISHITANI;Cuiabá;3.15;até 5 km;manso_capital;;Não;sem atendimento hospitalar;-56.095797;-15.590407
estabelecimento de saúde;RESIDENCIAL GERIATRICO CASANNOVA;Cuiabá;3.15;até 5 km;manso_capital;;Não;sem atendimento hospitalar;-56.062428;-15.613041
estabelecimento de saúde;CAROLINA FERNANDES PAPAZIAN;Várzea Grande;3.15;até 5 km;manso_capital;;Não;sem atendimento hospitalar;-56.131871;-15.658143
estabelecimento de saúde;OTOMED;Várzea Grande;3.15;até 5 km;manso_capital;;Não;sem atendimento hospitalar;-56.139037;-15.656624
estabelecimento de saúde;SAMU 192 VARZEA GRANDE USB B5;Várzea Grande;3.15;até 5 km;manso_capital;;;sem atendimento hospitalar;-56.123657;-15.658123
estabelecimento de saúde;COOPERATIVA DE TRABALHOS MEDICOS DE VARZEA GRANDE;Várzea Grande;3.15;até 5 km;manso_capital;;;sem atendimento hospitalar;-56.139026;-15.656671
estabelecimento de saúde;IDAPI INSTITUTO DE DIAGNOSTICO AVANCADO POR IMAGEM;Cuiabá;3.16;até 5 km;manso_capital;;Não;sem atendimento hospitalar;-56.10426;-15.588808
estabelecimento de saúde;CLINICA MEDICA RMF LTDA;Cuiabá;3.16;até 5 km;manso_capital;;Não;sem atendimento hospitalar;-56.063823;-15.6117
estabelecimento de saúde;JULIANA ZIGART BRUM CARMO;Cuiabá;3.16;até 5 km;manso_capital;;Não;sem atendimento hospitalar;-56.098404;-15.589575
estabelecimento de saúde;LABORSAN;Nobres;3.16;até 5 km;manso_capital;;Não;sem atendimento hospitalar;-56.328599;-14.719934
estabelecimento de saúde;MARIO FAVALESSA;Várzea Grande;3.16;até 5 km;manso_capital;;Não;sem atendimento hospitalar;-56.139407;-15.656573
estabelecimento de saúde;CLINICA MEDICA FEMME;Várzea Grande;3.16;até 5 km;manso_capital;;Não;sem atendimento hospitalar;-56.139085;-15.656718
estabelecimento de saúde;SORRISUS ODONTOLOGIA;Cuiabá;3.17;até 5 km;manso_capital;;Não;sem atendimento hospitalar;-56.086887;-15.594536
estabelecimento de saúde;ZIAD HAMAOUI;Cuiabá;3.17;até 5 km;manso_capital;;Não;sem atendimento hospitalar;-56.089971;-15.59276
estabelecimento de saúde;FISIOTERAPIA E PILATES KHALIL;Nobres;3.17;até 5 km;manso_capital;;Não;sem atendimento hospitalar;-56.328149;-14.719727
estabelecimento de saúde;JB BRITO;Nobres;3.17;até 5 km;manso_capital;;Não;sem atendimento hospitalar;-56.328213;-14.719748
estabelecimento de saúde;FARMA POPULAR;Nobres;3.17;até 5 km;manso_capital;;Não;sem atendimento hospitalar;-56.311626;-14.720474
estabelecimento de saúde;CLINICA LUMI;Várzea Grande;3.17;até 5 km;manso_capital;;Não;sem atendimento hospitalar;-56.138055;-15.657193
estabelecimento de saúde;PRIMUS SERVICOS MEDICOS;Cuiabá;3.18;até 5 km;manso_capital;;Não;sem atendimento hospitalar;-56.095286;-15.59028
estabelecimento de saúde;PAULO CESAR DE FIGUEIREDO PONCE;Cuiabá;3.18;até 5 km;manso_capital;;Não;sem atendimento hospitalar;-56.089971;-15.592605
estabelecimento de saúde;SIGA SEGURANCA INTEGRADA E GESTAO AMBIENTAL;Cuiabá;3.18;até 5 km;manso_capital;;Não;sem atendimento hospitalar;-56.095286;-15.590347
estabelecimento de saúde;BUCAL ORTHO ODONTOLOGIA ESPECIALIZADA;Cuiabá;3.18;até 5 km;manso_capital;;Não;sem atendimento hospitalar;-56.338768;-14.724092
estabelecimento de saúde;LITOCENTER CENTRO DE DIAGNOSTICO E TRATAMENTO UROLOGICO;Cuiabá;3.18;até 5 km;manso_capital;;Não;sem atendimento hospitalar;-56.094877;-15.590468
estabelecimento de saúde;GRACIELA BACANI DE MORAES PEREIRA;Cuiabá;3.18;até 5 km;manso_capital;;Não;sem atendimento hospitalar;-56.095339;-15.59029
estabelecimento de saúde;LAB MEDICINA DIAGNOSTICA;Cuiabá;3.18;até 5 km;manso_capital;;Não;sem atendimento hospitalar;-56.095291;-15.590333
estabelecimento de saúde;STIMULUS ESPACO DE NEURODESENVOLVIMENTO;Cuiabá;3.18;até 5 km;manso_capital;;Não;sem atendimento hospitalar;-56.072093;-15.605554
estabelecimento de saúde;MARILIA MOTA DA SILVA PEREIRA;Cuiabá;3.18;até 5 km;manso_capital;;Não;sem atendimento hospitalar;-56.090258;-15.592543
estabelecimento de saúde;PERCIO ROBERTO ALVES DE MACEDO;Cuiabá;3.18;até 5 km;manso_capital;;Não;sem atendimento hospitalar;-56.089898;-15.592685
estabelecimento de saúde;TERESINHA LERMEN DONATTI;Cuiabá;3.18;até 5 km;manso_capital;;Não;sem atendimento hospitalar;-56.090246;-15.592474
estabelecimento de saúde;MAURICIO DE OLIVEIRA MALHEIROS;Cuiabá;3.18;até 5 km;manso_capital;;Não;sem atendimento hospitalar;-56.094404;-15.590614
estabelecimento de saúde;VICTOR HUGO DE ALMEIDA;Cuiabá;3.18;até 5 km;manso_capital;;Não;sem atendimento hospitalar;-56.094261;-15.590672
estabelecimento de saúde;DEBORA TERESA DA SILVA ORMOND;Cuiabá;3.18;até 5 km;manso_capital;;Não;sem atendimento hospitalar;-56.338768;-14.724092
estabelecimento de saúde;SILVANIA FRANCA DA SILVA;Cuiabá;3.18;até 5 km;manso_capital;;Não;sem atendimento hospitalar;-56.090235;-15.592488
estabelecimento de saúde;FERNANDA MONTEIRO DE PAULA SIQUEIRA JUVENIZ;Cuiabá;3.18;até 5 km;manso_capital;;Não;sem atendimento hospitalar;-56.089917;-15.592636
estabelecimento de saúde;GISLENE LINS BEAUMONT;Cuiabá;3.18;até 5 km;manso_capital;;Não;sem atendimento hospitalar;-56.089884;-15.592673
estabelecimento de saúde;ANA PAULA BARROS NINCE;Cuiabá;3.18;até 5 km;manso_capital;;Não;sem atendimento hospitalar;-56.09025;-15.592463
estabelecimento de saúde;USCENTER CENTRO DE ULTRASSONOGRAFIA;Cuiabá;3.18;até 5 km;manso_capital;;Não;sem atendimento hospitalar;-56.095269;-15.590332
estabelecimento de saúde;NOBRES ODONTOLOGIA ESPECIALIZADA;Nobres;3.18;até 5 km;manso_capital;;Não;sem atendimento hospitalar;-56.328127;-14.719623
estabelecimento de saúde;FARMACIA MUNICIPAL DE NOBRES;Nobres;3.18;até 5 km;manso_capital;;Não;sem atendimento hospitalar;-56.32875;-14.71981
estabelecimento de saúde;CRISTIANA BEZERRA DE JESUS DIAS;Cuiabá;3.19;até 5 km;manso_capital;;Não;sem atendimento hospitalar;-56.103967;-15.585754
estabelecimento de saúde;GISELE DO COUTO OLIVEIRA;Cuiabá;3.19;até 5 km;manso_capital;;Não;sem atendimento hospitalar;-56.089903;-15.592555
estabelecimento de saúde;GEOVANA DA GAMA FORTUNATO;Cuiabá;3.19;até 5 km;manso_capital;;Não;sem atendimento hospitalar;-56.089955;-15.592535
estabelecimento de saúde;MAMO DADY IMAGEM E DIAGNOSTICO;Cuiabá;3.19;até 5 km;manso_capital;;Não;sem atendimento hospitalar;-56.089936;-15.592584
estabelecimento de saúde;MANOEL GARIBALDI CAVALCANTE MELLO FILHO;Cuiabá;3.19;até 5 km;manso_capital;;Não;sem atendimento hospitalar;-56.089919;-15.592597
estabelecimento de saúde;MARCELO ADRIANO CORREA DA COSTA;Cuiabá;3.19;até 5 km;manso_capital;;Não;sem atendimento hospitalar;-56.08991;-15.592586
estabelecimento de saúde;DROGARIA REFARMA;Cuiabá;3.19;até 5 km;jusante_capital;;Não;sem atendimento hospitalar;-56.041084;-15.66356
estabelecimento de saúde;CLINICA DEBORA ORMOND LTDA;Cuiabá;3.19;até 5 km;manso_capital;;Não;sem atendimento hospitalar;-56.103924;-15.585712
estabelecimento de saúde;ENDOCON;Cuiabá;3.19;até 5 km;manso_capital;;Não;sem atendimento hospitalar;-56.103964;-15.586002
estabelecimento de saúde;MARIA APARECIDA MAZZUTTI;Cuiabá;3.19;até 5 km;manso_capital;;Não;sem atendimento hospitalar;-56.089888;-15.592604
estabelecimento de saúde;HILVANETE MONTEIRO FORTES;Cuiabá;3.19;até 5 km;manso_capital;;Não;sem atendimento hospitalar;-56.089953;-15.592528
estabelecimento de saúde;LAERTE BASSO JUNIOR;Cuiabá;3.19;até 5 km;manso_capital;;Não;sem atendimento hospitalar;-56.089949;-15.592585
estabelecimento de saúde;ELZA MARIA MOREIRA;Cuiabá;3.19;até 5 km;manso_capital;;Não;sem atendimento hospitalar;-56.089941;-15.592551
estabelecimento de saúde;AMEDYFONO;Cuiabá;3.19;até 5 km;manso_capital;;Não;sem atendimento hospitalar;-56.094334;-15.590615
estabelecimento de saúde;HOLANDO JUNIOR;Cuiabá;3.19;até 5 km;manso_capital;;Não;sem atendimento hospitalar;-56.089875;-15.592592
estabelecimento de saúde;IMAGENS;Cuiabá;3.19;até 5 km;manso_capital;;;sem atendimento hospitalar;-56.089899;-15.592572
estabelecimento de saúde;PRIMAMED SERVICOS;Cuiabá;3.2;até 5 km;manso_capital;;Não;sem atendimento hospitalar;-56.095296;-15.590084
estabelecimento de saúde;LABORATORIO CARLOS CHAGAS UNIDADE FEMINA II;Cuiabá;3.2;até 5 km;manso_capital;;Não;sem atendimento hospitalar;-56.089866;-15.592494
estabelecimento de saúde;VENESSE ODONTOLOGIA E ESTETICA;Cuiabá;3.2;até 5 km;manso_capital;;Não;sem atendimento hospitalar;-56.103881;-15.585702
estabelecimento de saúde;ESTRUTURAR CLINICA INTERDISCIPLINAR;Cuiabá;3.2;até 5 km;manso_capital;;Não;sem atendimento hospitalar;-56.067622;-15.608236
estabelecimento de saúde;ESTRUTURAR CLINICA INTEGRADA;Cuiabá;3.2;até 5 km;manso_capital;;Não;sem atendimento hospitalar;-56.067622;-15.608236
estabelecimento de saúde;INSTITUTO ESTRUTURAR DESENVOLVIMENTO PSICANALISE E T;Cuiabá;3.2;até 5 km;manso_capital;;Não;sem atendimento hospitalar;-56.067622;-15.608236
estabelecimento de saúde;JUBERT SANCHES CIBANTOS FILHO;Cuiabá;3.2;até 5 km;manso_capital;;Não;sem atendimento hospitalar;-56.089871;-15.59246
estabelecimento de saúde;MOHAMED KASSEM OMAIS;Cuiabá;3.2;até 5 km;manso_capital;;Não;sem atendimento hospitalar;-56.089898;-15.592476
estabelecimento de saúde;MARIELA DA GAMA FORTUNATO;Cuiabá;3.2;até 5 km;manso_capital;;Não;sem atendimento hospitalar;-56.090045;-15.592413
estabelecimento de saúde;NATASHA PINHEIRO CREPALDI;Cuiabá;3.2;até 5 km;manso_capital;;Não;sem atendimento hospitalar;-56.103932;-15.585984
estabelecimento de saúde;JANDER RUELA PEREIRA;Cuiabá;3.2;até 5 km;manso_capital;;Não;sem atendimento hospitalar;-56.082853;-15.597325
estabelecimento de saúde;VACICLIN CLINICA DE VACINACAO;Cuiabá;3.2;até 5 km;manso_capital;;Não;sem atendimento hospitalar;-56.090072;-15.592389
estabelecimento de saúde;ABREU BORBA SAUDE;Cuiabá;3.2;até 5 km;jusante_capital;;Não;sem atendimento hospitalar;-56.128463;-15.670086
estabelecimento de saúde;ORTHUS FISIOTERAPIA PILATE E RPG;Várzea Grande;3.2;até 5 km;manso_capital;;Não;sem atendimento hospitalar;-56.137801;-15.657484
estabelecimento de saúde;JOSE SEBASTIAO METELO;Várzea Grande;3.2;até 5 km;manso_capital;;Não;sem atendimento hospitalar;-56.142973;-15.65547
estabelecimento de saúde;ENDOMAT;Cuiabá;3.21;até 5 km;manso_capital;;Não;sem atendimento hospitalar;-56.103798;-15.585813
estabelecimento de saúde;COPSI;Cuiabá;3.21;até 5 km;manso_capital;;Não;sem atendimento hospitalar;-56.089186;-15.592796
estabelecimento de saúde;OSVALDO TOMIYAMA;Cuiabá;3.21;até 5 km;manso_capital;;Não;sem atendimento hospitalar;-56.091348;-15.591648
estabelecimento de saúde;LUCIANA GASQUES DE SOUZA;Cuiabá;3.21;até 5 km;manso_capital;;Não;sem atendimento hospitalar;-56.101185;-15.588644
estabelecimento de saúde;INSTITUTO PIOTTO;Cuiabá;3.21;até 5 km;manso_capital;;Não;sem atendimento hospitalar;-56.068163;-15.607683
estabelecimento de saúde;SCHMIDT SCHMIDT SERVICOS MEDICOS;Cuiabá;3.21;até 5 km;manso_capital;;Não;sem atendimento hospitalar;-56.077852;-15.601319
estabelecimento de saúde;REAB CLINICA DE REABILITACAO NEUROPSICOLOGICA;Cuiabá;3.21;até 5 km;manso_capital;;Não;sem atendimento hospitalar;-56.08673;-15.594192
estabelecimento de saúde;CLARTE DERMATO NUTRICAO;Cuiabá;3.21;até 5 km;manso_capital;;Não;sem atendimento hospitalar;-56.100985;-15.588659
estabelecimento de saúde;ACIR ANDRE NOVACZYK;Cuiabá;3.21;até 5 km;manso_capital;;Não;sem atendimento hospitalar;-56.091343;-15.591673
estabelecimento de saúde;PAULO AFFONSO FORTUNATO;Cuiabá;3.21;até 5 km;manso_capital;;Não;sem atendimento hospitalar;-56.089906;-15.592326
estabelecimento de saúde;CEDROC;Cuiabá;3.21;até 5 km;manso_capital;;Não;sem atendimento hospitalar;-56.090536;-15.592076
estabelecimento de saúde;CLINICA E CIRURGIA DOS OLHOS;Cuiabá;3.21;até 5 km;manso_capital;;Não;sem atendimento hospitalar;-56.091392;-15.591653
estabelecimento de saúde;CENTRO DE REFERENCIA EM SAUDE;Nobres;3.21;até 5 km;manso_capital;;Não;sem atendimento hospitalar;-56.328707;-14.719457
estabelecimento de saúde;R A VIDA E SAUDE LTDA;Várzea Grande;3.21;até 5 km;jusante_capital;;Não;sem atendimento hospitalar;-56.117649;-15.663205
estabelecimento de saúde;UPA IPASE UNIDADE DE PRONTO ATENDIMENTO IPASE;Várzea Grande;3.21;até 5 km;manso_capital;;Não;sem atendimento hospitalar;-56.12443;-15.658743
estabelecimento de saúde;VALERIA BENEDITA MOLINA DE FRANCA MAIA;Cuiabá;3.22;até 5 km;manso_capital;;Não;sem atendimento hospitalar;-56.089874;-15.592274
estabelecimento de saúde;NILO PERSIO ARTAL;Cuiabá;3.22;até 5 km;manso_capital;;Não;sem atendimento hospitalar;-56.089874;-15.592305
estabelecimento de saúde;MIRELLA DE FIGUEIREDO ABREU;Cuiabá;3.22;até 5 km;manso_capital;;Não;sem atendimento hospitalar;-56.089917;-15.592305
estabelecimento de saúde;DR ANGELO B SERVICOS MEDICOS LTDA;Cuiabá;3.22;até 5 km;manso_capital;;Não;sem atendimento hospitalar;-56.089885;-15.592326
estabelecimento de saúde;M G SERVICOS MEDICOS LTDA;Cuiabá;3.22;até 5 km;manso_capital;;Não;sem atendimento hospitalar;-56.089906;-15.592305
estabelecimento de saúde;INSTITUTO UNICO;Cuiabá;3.22;até 5 km;manso_capital;;Não;sem atendimento hospitalar;-56.076242;-15.602701
estabelecimento de saúde;CRISTINA MARIA MEIRA CANAVARROS;Cuiabá;3.22;até 5 km;manso_capital;;Não;sem atendimento hospitalar;-56.089885;-15.592285
estabelecimento de saúde;CENTRO DE DIAGNOSTICO OTORRINO CUIABA CDOC LTDA;Cuiabá;3.22;até 5 km;manso_capital;;Não;sem atendimento hospitalar;-56.09156;-15.591439
estabelecimento de saúde;GABRIELA BRAGA SERVICOS FONOAUDIOLOGICOS;Cuiabá;3.22;até 5 km;manso_capital;;Não;sem atendimento hospitalar;-56.070888;-15.605911
estabelecimento de saúde;JESUS APARECIDO DIAS;Cuiabá;3.22;até 5 km;manso_capital;;Não;sem atendimento hospitalar;-56.091413;-15.591507
estabelecimento de saúde;WAGNER TARGA RIPARI;Cuiabá;3.22;até 5 km;manso_capital;;Não;sem atendimento hospitalar;-56.089885;-15.592274
estabelecimento de saúde;DEBORA GOUGET DE PAIVA;Cuiabá;3.22;até 5 km;manso_capital;;Não;sem atendimento hospitalar;-56.089906;-15.592264
estabelecimento de saúde;EDUARDO BUSSIKI CUIABANO;Cuiabá;3.22;até 5 km;manso_capital;;Não;sem atendimento hospitalar;-56.089928;-15.592285
estabelecimento de saúde;NILSON TADEU PEREZ;Cuiabá;3.22;até 5 km;manso_capital;;Não;sem atendimento hospitalar;-56.10383;-15.588265
estabelecimento de saúde;ROBERTO EDISON MINIKOWSKI;Cuiabá;3.22;até 5 km;manso_capital;;Não;sem atendimento hospitalar;-56.10382;-15.588274
estabelecimento de saúde;KELLY MORAES;Cuiabá;3.22;até 5 km;manso_capital;;Não;sem atendimento hospitalar;-56.101154;-15.588558
estabelecimento de saúde;BEM ESTAR CLINICA;Várzea Grande;3.22;até 5 km;manso_capital;;Não;sem atendimento hospitalar;-56.122627;-15.658701
estabelecimento de saúde;DROGARIA AMERICA PARQUE;Cuiabá;3.23;até 5 km;jusante_capital;;Não;sem atendimento hospitalar;-56.040943;-15.665316
estabelecimento de saúde;USF ELDORADO;Cuiabá;3.23;até 5 km;jusante_capital;;Não;sem atendimento hospitalar;-56.040851;-15.664354
estabelecimento de saúde;MARQUES ODONTOLOGIA;Cuiabá;3.23;até 5 km;manso_capital;;Não;sem atendimento hospitalar;-56.084869;-15.595345
estabelecimento de saúde;ESPACO FONOTERAPIA;Cuiabá;3.23;até 5 km;manso_capital;;Não;sem atendimento hospitalar;-56.070932;-15.605763
estabelecimento de saúde;LUZIA DE CARVALHO LTDA;Cuiabá;3.23;até 5 km;manso_capital;;Não;sem atendimento hospitalar;-56.103553;-15.585361
estabelecimento de saúde;DENISE APARECIDA DE ALMEIDA BOTTI;Cuiabá;3.23;até 5 km;manso_capital;;Não;sem atendimento hospitalar;-56.091364;-15.59151
estabelecimento de saúde;CONSULTORIO ODONTOLOGICO DRA ALESSANDRA G O FERNANDES;Cuiabá;3.23;até 5 km;manso_capital;;Não;sem atendimento hospitalar;-56.098502;-15.588918
estabelecimento de saúde;GREICY COUTINHO LESSA;Cuiabá;3.23;até 5 km;manso_capital;;Não;sem atendimento hospitalar;-56.098511;-15.588918
estabelecimento de saúde;CARLOS AUGUSTO COSTA MARQUES;Cuiabá;3.24;até 5 km;manso_capital;;Não;sem atendimento hospitalar;-56.103823;-15.574902
estabelecimento de saúde;CLINICA PETTERLE;Cuiabá;3.25;até 5 km;manso_capital;;Não;sem atendimento hospitalar;-56.101018;-15.588313
estabelecimento de saúde;FONO MT;Cuiabá;3.25;até 5 km;manso_capital;;Não;sem atendimento hospitalar;-56.096564;-15.589289
estabelecimento de saúde;SENAP MT;Cuiabá;3.25;até 5 km;manso_capital;;Não;sem atendimento hospitalar;-56.103628;-15.587488
estabelecimento de saúde;LABOR ZAN;Várzea Grande;3.25;até 5 km;manso_capital;;;sem atendimento hospitalar;-56.096564;-15.589289
estabelecimento de saúde;CENTER MED;Cuiabá;3.26;até 5 km;manso_capital;;Não;sem atendimento hospitalar;-56.091016;-15.59133
estabelecimento de saúde;ALS SERVICOS;Nobres;3.26;até 5 km;manso_capital;;Não;sem atendimento hospitalar;-56.314394;-14.719063
estabelecimento de saúde;LABORATORIO MUNICIPAL DE NOBRES MT;Nobres;3.26;até 5 km;manso_capital;;Não;sem atendimento hospitalar;-56.327827;-14.718834
estabelecimento de saúde;CARDIUM INSTITUTO;Várzea Grande;3.26;até 5 km;manso_capital;;;sem atendimento hospitalar;-56.139665;-15.657462
estabelecimento de saúde;DROGASIL DS0748;Cuiabá;3.27;até 5 km;manso_capital;;Não;sem atendimento hospitalar;-56.089887;-15.591787
estabelecimento de saúde;ODONTOMED ODONTOLOGIA INTEGRADA;Cuiabá;3.27;até 5 km;manso_capital;;Não;sem atendimento hospitalar;-56.08674;-15.593577
estabelecimento de saúde;ORTOCLIN;Nobres;3.27;até 5 km;manso_capital;;Não;sem atendimento hospitalar;-56.33371;-14.720501
estabelecimento de saúde;UDR UNIDADE DESCENTRALIZADA DE REABILITACAO DE NOBRES;Nobres;3.27;até 5 km;manso_capital;;Não;sem atendimento hospitalar;-56.329554;-14.719115
estabelecimento de saúde;PRUDENCIO LACERDA CARE;Cuiabá;3.28;até 5 km;manso_capital;;Não;sem atendimento hospitalar;-56.093018;-15.590244
estabelecimento de saúde;SEDARE;Cuiabá;3.28;até 5 km;manso_capital;;Não;sem atendimento hospitalar;-56.091435;-15.590967
estabelecimento de saúde;ANA GISELA ARRUDA SANTOS;Cuiabá;3.28;até 5 km;manso_capital;;Não;sem atendimento hospitalar;-56.091455;-15.590946
estabelecimento de saúde;VBHS SERVICOS MEDICOS S S LTDA;Cuiabá;3.29;até 5 km;manso_capital;;Não;sem atendimento hospitalar;-56.103389;-15.574941
estabelecimento de saúde;CLINICA ODONTOLOGICA HANEL;Nobres;3.29;até 5 km;manso_capital;;Não;sem atendimento hospitalar;-56.336764;-14.721698
estabelecimento de saúde;ODONTO ART;Nobres;3.29;até 5 km;manso_capital;;Não;sem atendimento hospitalar;-56.327848;-14.718544
estabelecimento de saúde;CENTRAL DE REGULACAO MUNICIPAL;Nobres;3.29;até 5 km;manso_capital;;;sem atendimento hospitalar;-56.329672;-14.718949
estabelecimento de saúde;GASTRODENICA;Cuiabá;3.3;até 5 km;manso_capital;;Não;sem atendimento hospitalar;-56.09761;-15.588496
estabelecimento de saúde;ANDREIA MIDORI HIRAKAVA DE ALMEIDA;Cuiabá;3.3;até 5 km;manso_capital;;Não;sem atendimento hospitalar;-56.090422;-15.591237
estabelecimento de saúde;HANDS CLIN CIRURGIOES DA MAO E ORTOPEDIA;Cuiabá;3.31;até 5 km;manso_capital;;Não;sem atendimento hospitalar;-56.09071;-15.590958
estabelecimento de saúde;INSTITUTO DE ORTOPEDIA E MEDICINA DO ESPORTE;Cuiabá;3.31;até 5 km;manso_capital;;Não;sem atendimento hospitalar;-56.090672;-15.590989
estabelecimento de saúde;USF 24 DEZEMBRO MIGUEL BARACAT;Várzea Grande;3.31;até 5 km;jusante_capital;;Não;sem atendimento hospitalar;-56.137969;-15.719333
estabelecimento de saúde;CEMED;Várzea Grande;3.31;até 5 km;manso_capital;;Não;sem atendimento hospitalar;-56.139356;-15.658024
estabelecimento de saúde;OTOS CLINICA ARCLINIC MEDICINA AEROESPACIAL;Cuiabá;3.32;até 5 km;manso_capital;;Não;sem atendimento hospitalar;-56.058404;-15.615171
estabelecimento de saúde;HOSPITAL MUNICIPAL DE CUIABA E P S DR LEONY PALMA CARVALHO;Cuiabá;3.32;até 5 km;manso_capital;;Sim;atendimento hospitalar;-56.106755;-15.561809
estabelecimento de saúde;CLINICA ANGEL;Cuiabá;3.33;até 5 km;manso_capital;;Não;sem atendimento hospitalar;-56.092295;-15.590067
estabelecimento de saúde;LABORATORIO GERSIN;Cuiabá;3.33;até 5 km;manso_capital;;Não;sem atendimento hospitalar;-56.097243;-15.588289
estabelecimento de saúde;TOTALITY ODONTO;Várzea Grande;3.33;até 5 km;manso_capital;;Não;sem atendimento hospitalar;-56.172323;-15.612869
estabelecimento de saúde;DRA GIOVANNA MARCHEZINE;Cuiabá;3.34;até 5 km;manso_capital;;Não;sem atendimento hospitalar;-56.085085;-15.593912
estabelecimento de saúde;ELYSSA PSICOLOGIA E PSICANALISE;Cuiabá;3.34;até 5 km;manso_capital;;Não;sem atendimento hospitalar;-56.061543;-15.611462
estabelecimento de saúde;JOAO BOSCO DE ALMEIDA DUARTE;Cuiabá;3.34;até 5 km;manso_capital;;Não;sem atendimento hospitalar;-56.097385;-15.588147
estabelecimento de saúde;RENE DIAZ RODRIGUEZ;Cuiabá;3.34;até 5 km;manso_capital;;Não;sem atendimento hospitalar;-56.093466;-15.589421
estabelecimento de saúde;CIPE CIRURGIA PEDIATRICA;Cuiabá;3.34;até 5 km;manso_capital;;Não;sem atendimento hospitalar;-56.088755;-15.5916
estabelecimento de saúde;UOM UNIDADE ODONTOLOGICA MOVEL;Nobres;3.34;até 5 km;manso_capital;;;sem atendimento hospitalar;-56.330488;-14.71871
estabelecimento de saúde;ESF CENTRAL;Nobres;3.34;até 5 km;manso_capital;;Não;sem atendimento hospitalar;-56.328878;-14.718316
estabelecimento de saúde;TOXIDNA DIAGNOSTICOS LABORATORIAIS;Várzea Grande;3.34;até 5 km;manso_capital;;Não;sem atendimento hospitalar;-56.123346;-15.659858
estabelecimento de saúde;RODRIGO FONSECA CAETANO;Cuiabá;3.35;até 5 km;manso_capital;;Não;sem atendimento hospitalar;-56.097113;-15.58821
estabelecimento de saúde;CEICO;Cuiabá;3.35;até 5 km;manso_capital;;;sem atendimento hospitalar;-56.093769;-15.589266
estabelecimento de saúde;DROGARIA SAO PAULO;Cuiabá;3.35;até 5 km;manso_capital;;Não;sem atendimento hospitalar;-56.097092;-15.588179
estabelecimento de saúde;CB ODONTOLOGIA;Cuiabá;3.35;até 5 km;manso_capital;;Não;sem atendimento hospitalar;-56.099175;-15.587738
estabelecimento de saúde;HOSPITAL OTORRINO;Cuiabá;3.35;até 5 km;manso_capital;;Sim;atendimento hospitalar;-56.093769;-15.589266
estabelecimento de saúde;INSTITUTO DE OTORRINOLARINGOLOGIA;Cuiabá;3.35;até 5 km;manso_capital;;Não;sem atendimento hospitalar;-56.088726;-15.591587
estabelecimento de saúde;LC MEDICINA;Várzea Grande;3.35;até 5 km;manso_capital;;Não;sem atendimento hospitalar;-56.136266;-15.65928
estabelecimento de saúde;REVIVA SERVICOS PSICOLOGICOS;Várzea Grande;3.35;até 5 km;jusante_capital;;Não;sem atendimento hospitalar;-56.122327;-15.664362
estabelecimento de saúde;MARIANA MOREIRA SANT ANA;Cuiabá;3.36;até 5 km;manso_capital;;Não;sem atendimento hospitalar;-56.077137;-15.600056
estabelecimento de saúde;ACIR ANDRE NOVACZYK LTDA;Cuiabá;3.36;até 5 km;manso_capital;;Não;sem atendimento hospitalar;-56.088591;-15.591538
estabelecimento de saúde;INSTITUTO DOS OLHOS DE MATO GROSSO;Cuiabá;3.36;até 5 km;manso_capital;;Não;sem atendimento hospitalar;-56.093582;-15.589254
estabelecimento de saúde;ALURI ODONTOLOGIA;Nobres;3.36;até 5 km;manso_capital;;Não;sem atendimento hospitalar;-56.332054;-14.719021
estabelecimento de saúde;DROGARIA SAO JOSE;Nobres;3.36;até 5 km;manso_capital;;;sem atendimento hospitalar;-56.330037;-14.718399
estabelecimento de saúde;HOSPITAL SAO LUCAS;Várzea Grande;3.36;até 5 km;manso_capital;;Sim;atendimento hospitalar;-56.140037;-15.658348
estabelecimento de saúde;ANA CRISTINA DE MORAIS DIAS;Várzea Grande;3.36;até 5 km;manso_capital;;Não;sem atendimento hospitalar;-56.149562;-15.653206
estabelecimento de saúde;WALACE SANTOS GUIMARAES;Várzea Grande;3.36;até 5 km;manso_capital;;Não;sem atendimento hospitalar;-56.140037;-15.658348
estabelecimento de saúde;CLINICA ACQUAFISIO;Várzea Grande;3.36;até 5 km;manso_capital;;Não;sem atendimento hospitalar;-56.140037;-15.658348
estabelecimento de saúde;MEDCARE SERVICOS MEDICOS;Cuiabá;3.37;até 5 km;manso_capital;;Não;sem atendimento hospitalar;-56.093465;-15.589127
estabelecimento de saúde;OFTALMO CLINICA LTDA;Cuiabá;3.37;até 5 km;manso_capital;;Não;sem atendimento hospitalar;-56.09037;-15.590495
estabelecimento de saúde;DIO CLINICA;Cuiabá;3.37;até 5 km;manso_capital;;Não;sem atendimento hospitalar;-56.097683;-15.587879
estabelecimento de saúde;LP MEDICAL CENTER LTDA;Cuiabá;3.37;até 5 km;manso_capital;;Não;sem atendimento hospitalar;-56.088736;-15.591337
estabelecimento de saúde;AUGUSTO CESAR DA MOTA MENEZES;Várzea Grande;3.37;até 5 km;manso_capital;;Não;sem atendimento hospitalar;-56.140008;-15.658412
estabelecimento de saúde;CARLOS ROBERTO DA SILVA;Várzea Grande;3.37;até 5 km;manso_capital;;Não;sem atendimento hospitalar;-56.140062;-15.65836
estabelecimento de saúde;MOACYR DE LANNES;Várzea Grande;3.37;até 5 km;manso_capital;;Não;sem atendimento hospitalar;-56.139858;-15.658433
estabelecimento de saúde;CAPS INFANTO JUVENIL;Várzea Grande;3.37;até 5 km;manso_capital;;Não;sem atendimento hospitalar;-56.125827;-15.660274
estabelecimento de saúde;CECILIA DIAS DA CUNHA PEREIRA;Cuiabá;3.38;até 5 km;manso_capital;;Não;sem atendimento hospitalar;-56.097145;-15.5879
estabelecimento de saúde;ESTACAO SAUDE FISIOTERAPIA E PILATES;Cuiabá;3.38;até 5 km;manso_capital;;Não;sem atendimento hospitalar;-56.057073;-15.615906
estabelecimento de saúde;DROGARIA IDEAL;Nobres;3.38;até 5 km;manso_capital;;Não;sem atendimento hospitalar;-56.33096;-14.718502
estabelecimento de saúde;CENTERBOP;Várzea Grande;3.38;até 5 km;jusante_capital;;Não;sem atendimento hospitalar;-56.138942;-15.719162
estabelecimento de saúde;FRANCISCA NASCIMENTO SILVA SANTOS;Várzea Grande;3.38;até 5 km;manso_capital;;Não;sem atendimento hospitalar;-56.140008;-15.658474
estabelecimento de saúde;ONCOMAIS SERVICOS MEDICOS;Cuiabá;3.39;até 5 km;manso_capital;;Não;sem atendimento hospitalar;-56.093459;-15.588985
estabelecimento de saúde;CDI CENTRO DESENVOLVIMENTO INFANTIL;Cuiabá;3.39;até 5 km;jusante_capital;;Não;sem atendimento hospitalar;-56.038535;-15.645209
estabelecimento de saúde;ANGELO BARRIONUEVO GIL JUNIOR;Cuiabá;3.39;até 5 km;manso_capital;;Não;sem atendimento hospitalar;-56.088238;-15.59138
estabelecimento de saúde;ROBERTA COELHO RODRIGUES DUARTE;Cuiabá;3.39;até 5 km;manso_capital;;Não;sem atendimento hospitalar;-56.088282;-15.591337
estabelecimento de saúde;JULIANA BUISSA DE MARQUI SOUZA;Cuiabá;3.39;até 5 km;manso_capital;;Não;sem atendimento hospitalar;-56.088225;-15.591374
estabelecimento de saúde;ROZENO BENEDITO SOUZA DA COSTA;Cuiabá;3.39;até 5 km;manso_capital;;Não;sem atendimento hospitalar;-56.088277;-15.591346
estabelecimento de saúde;BRUNO BELTRAO DE SOUZA;Cuiabá;3.39;até 5 km;manso_capital;;Não;sem atendimento hospitalar;-56.088232;-15.591372
estabelecimento de saúde;JOAO FELIX DIAS;Cuiabá;3.39;até 5 km;manso_capital;;Não;sem atendimento hospitalar;-56.088229;-15.591361
estabelecimento de saúde;CASSIANO ROJAS MAIA;Cuiabá;3.39;até 5 km;manso_capital;;Não;sem atendimento hospitalar;-56.088217;-15.591366
estabelecimento de saúde;ROSANE MARIA WOJCIK DE MACEDO;Cuiabá;3.39;até 5 km;manso_capital;;Não;sem atendimento hospitalar;-56.088266;-15.591354
estabelecimento de saúde;DROGARIA ULTRA POPULAR;Nobres;3.39;até 5 km;manso_capital;;Não;sem atendimento hospitalar;-56.331432;-14.718544
estabelecimento de saúde;LAR E SAUDE ASSISTENCIA DOMICILIAR;Várzea Grande;3.39;até 5 km;manso_capital;;Não;sem atendimento hospitalar;-56.12949;-15.660404
estabelecimento de saúde;IVAN PANTALEAO DOS SANTOS;Cuiabá;3.4;até 5 km;manso_capital;;Não;sem atendimento hospitalar;-56.090371;-15.590226
estabelecimento de saúde;4M SAUDE E BEM ESTAR;Cuiabá;3.4;até 5 km;manso_capital;;Não;sem atendimento hospitalar;-56.08983;-15.590487
estabelecimento de saúde;H M FORTES CIA LTDA;Cuiabá;3.4;até 5 km;manso_capital;;Não;sem atendimento hospitalar;-56.088276;-15.591307
estabelecimento de saúde;COOPERATIVA DE TRAB DOS MEDICOS DA CLIN;Cuiabá;3.4;até 5 km;manso_capital;;;sem atendimento hospitalar;-56.088217;-15.591268
estabelecimento de saúde;HOSPITAL MUNICIPAL SAO BENEDITO DE CUIABA;Cuiabá;3.4;até 5 km;manso_capital;;Sim;atendimento hospitalar;-56.099079;-15.587239
estabelecimento de saúde;BT CIRURGIA DO APARELHO DIGESTIVO E OBESIDADE;Nobres;3.4;até 5 km;manso_capital;;Não;sem atendimento hospitalar;-56.331861;-14.718606
estabelecimento de saúde;DEBORA LUZIA DALPONTE CARVALHO;Cuiabá;3.41;até 5 km;manso_capital;;Não;sem atendimento hospitalar;-56.087821;-15.591442
estabelecimento de saúde;FARMAFORMULA;Cuiabá;3.41;até 5 km;manso_capital;;Não;sem atendimento hospitalar;-56.101867;-15.585745
estabelecimento de saúde;FEMINA HOSPITAL INFANTIL E MATERNIDADE;Cuiabá;3.41;até 5 km;manso_capital;;Sim;atendimento hospitalar;-56.087605;-15.59156
estabelecimento de saúde;INSTITUTO ENTRE VIVENCIAS;Cuiabá;3.41;até 5 km;manso_capital;;Não;sem atendimento hospitalar;-56.091677;-15.589571
estabelecimento de saúde;DIOGO VIANNA DE ARRUDA;Cuiabá;3.41;até 5 km;manso_capital;;Não;sem atendimento hospitalar;-56.097874;-15.5874
estabelecimento de saúde;JANAINA KARLA LUGOKENSKI;Cuiabá;3.41;até 5 km;manso_capital;;Não;sem atendimento hospitalar;-56.101927;-15.585804
estabelecimento de saúde;FISIOVIDA CLINICA DE REABILITACAO;Cuiabá;3.41;até 5 km;manso_capital;;Não;sem atendimento hospitalar;-56.090384;-15.590084
estabelecimento de saúde;ULTRA POPULAR;Nobres;3.41;até 5 km;manso_capital;;Não;sem atendimento hospitalar;-56.33184;-14.718502
estabelecimento de saúde;PAULO AUGUSTO KINCHESKI;Várzea Grande;3.41;até 5 km;manso_capital;;Não;sem atendimento hospitalar;-56.140158;-15.658732
estabelecimento de saúde;PAULO ISAO SASSAKI NETO EIRELI;Cuiabá;3.42;até 5 km;manso_capital;;Não;sem atendimento hospitalar;-56.088411;-15.590957
estabelecimento de saúde;MEDICINA ESPECIALIZADA MAZUY E CARVALHO;Cuiabá;3.42;até 5 km;manso_capital;;Não;sem atendimento hospitalar;-56.090436;-15.589993
estabelecimento de saúde;AMEVISAO;Cuiabá;3.42;até 5 km;manso_capital;;Não;sem atendimento hospitalar;-56.090226;-15.59015
estabelecimento de saúde;DALVA NOELI CORDEIRO;Cuiabá;3.42;até 5 km;manso_capital;;Não;sem atendimento hospitalar;-56.08849;-15.590918
estabelecimento de saúde;UNIMED BAU;Cuiabá;3.42;até 5 km;manso_capital;;Não;sem atendimento hospitalar;-56.088682;-15.590904
estabelecimento de saúde;CAPS I NOBRES;Nobres;3.42;até 5 km;manso_capital;;Não;sem atendimento hospitalar;-56.329951;-14.71788
estabelecimento de saúde;CLINICA AMOR SAUDE;Várzea Grande;3.42;até 5 km;manso_capital;;Não;sem atendimento hospitalar;-56.124387;-15.660685
estabelecimento de saúde;NESPOLI SERVICOS MEDICOS;Cuiabá;3.43;até 5 km;manso_capital;;Não;sem atendimento hospitalar;-56.088288;-15.590991
estabelecimento de saúde;JULIANA SILVA TAVARES LTDA;Cuiabá;3.43;até 5 km;manso_capital;;Não;sem atendimento hospitalar;-56.085889;-15.592422
estabelecimento de saúde;SANDOVAL CARNEIRO FILHO;Cuiabá;3.43;até 5 km;manso_capital;;Não;sem atendimento hospitalar;-56.088288;-15.590991
estabelecimento de saúde;CLINICA DE DIAGNOSTICO POR IMAGEM HAFATH;Nobres;3.43;até 5 km;manso_capital;;Não;sem atendimento hospitalar;-56.331561;-14.718233
estabelecimento de saúde;CELSO JOSE HOFFMANN;Cuiabá;3.44;até 5 km;manso_capital;;Não;sem atendimento hospitalar;-56.08851;-15.590734
estabelecimento de saúde;RONIE RODRIGUES DOS SANTOS;Cuiabá;3.44;até 5 km;manso_capital;;Não;sem atendimento hospitalar;-56.090392;-15.589843
estabelecimento de saúde;HOSPITAL MUNICIPAL LAURA DE VICUNA;Nobres;3.44;até 5 km;manso_capital;;;sem atendimento hospitalar;-56.33038;-14.717735
estabelecimento de saúde;LABORATORIO DE ANALISES CLINICAS S BENTO;Nobres;3.44;até 5 km;manso_capital;;Não;sem atendimento hospitalar;-56.330681;-14.717838
estabelecimento de saúde;DROGARIA POLO CENTRO;Nobres;3.44;até 5 km;manso_capital;;Não;sem atendimento hospitalar;-56.333127;-14.718606
estabelecimento de saúde;ARRUDA SERVICOS HOSPITALARES LTDA;Várzea Grande;3.44;até 5 km;manso_capital;;Não;sem atendimento hospitalar;-56.146908;-15.655775
estabelecimento de saúde;LEAL FISIO;Cuiabá;3.45;até 5 km;manso_capital;;Não;sem atendimento hospitalar;-56.090392;-15.589771
estabelecimento de saúde;UTI PED;Cuiabá;3.45;até 5 km;manso_capital;;Não;sem atendimento hospitalar;-56.101479;-15.585424
estabelecimento de saúde;ULTRAMATER ULTRASSONOGRAFIA INTEGRADA;Cuiabá;3.45;até 5 km;manso_capital;;;sem atendimento hospitalar;-56.088281;-15.590764
estabelecimento de saúde;LABOCENTER EXAMES LABORATORIAIS;Cuiabá;3.45;até 5 km;manso_capital;;Não;sem atendimento hospitalar;-56.101287;-15.582278
estabelecimento de saúde;SERRANO DATSCH SERVICOS MEDICOS;Nobres;3.45;até 5 km;manso_capital;;Não;sem atendimento hospitalar;-56.331367;-14.717942
estabelecimento de saúde;USF AGUA LIMPA LAURENTINO PAULO DE CERQUEIRA;Várzea Grande;3.45;até 5 km;manso_capital;;Não;sem atendimento hospitalar;-56.128936;-15.661057
estabelecimento de saúde;C A M;Cuiabá;3.46;até 5 km;manso_capital;;Sim;atendimento hospitalar;-56.096877;-15.587167
estabelecimento de saúde;DROGASIL CB GETULIO VARGAS;Cuiabá;3.46;até 5 km;manso_capital;;Não;sem atendimento hospitalar;-56.126399;-15.66111
estabelecimento de saúde;EISLER CRISTIANE CARVALHO VIEGAS;Cuiabá;3.46;até 5 km;jusante_capital;;Não;sem atendimento hospitalar;-56.12095;-15.66235
estabelecimento de saúde;EDMUNDO FELIX DE BARROS;Cuiabá;3.47;até 5 km;manso_capital;;Não;sem atendimento hospitalar;-56.091497;-15.589064
estabelecimento de saúde;CLINOCOR;Nobres;3.48;até 5 km;manso_capital;;Não;sem atendimento hospitalar;-56.332827;-14.718087
estabelecimento de saúde;ESTRUTURAR CLINICA DE FISIOTERAPIA;Várzea Grande;3.48;até 5 km;manso_capital;;Não;sem atendimento hospitalar;-56.144085;-15.65773
estabelecimento de saúde;LOTUS POPULAR CLINIC;Várzea Grande;3.48;até 5 km;manso_capital;;Não;sem atendimento hospitalar;-56.131339;-15.661181
estabelecimento de saúde;ZEINAB AHMAD CHARANEK;Cuiabá;3.49;até 5 km;manso_capital;;Não;sem atendimento hospitalar;-56.097328;-15.586851
estabelecimento de saúde;CLINICA FERRARI;Cuiabá;3.49;até 5 km;manso_capital;;Não;sem atendimento hospitalar;-56.067214;-15.605242
estabelecimento de saúde;IDEAL LABORATORIO;Nobres;3.49;até 5 km;manso_capital;;Não;sem atendimento hospitalar;-56.334844;-14.718751
estabelecimento de saúde;ERNANI CAPOROSSI;Cuiabá;3.5;até 5 km;manso_capital;;Não;sem atendimento hospitalar;-56.10141;-15.574988
estabelecimento de saúde;NAYARA MIRANDA DE ALMEIDA MENCK;Cuiabá;3.5;até 5 km;manso_capital;;Não;sem atendimento hospitalar;-56.067886;-15.604695
estabelecimento de saúde;SOLLIEVO CLINICA DE PSICOLOGIA;Cuiabá;3.5;até 5 km;manso_capital;;Não;sem atendimento hospitalar;-56.067506;-15.604991
estabelecimento de saúde;JUAREZ PENSO JUNIOR;Cuiabá;3.5;até 5 km;manso_capital;;Não;sem atendimento hospitalar;-56.100829;-15.58135
estabelecimento de saúde;HOSPITAL E MATERNIDADE LAURA VICUNA;Nobres;3.5;até 5 km;manso_capital;;Sim;atendimento hospitalar;-56.332655;-14.717838
estabelecimento de saúde;LAR DOS IDOSOS SAO VICENTE DE PAULO DE VARZEA GRANDE;Várzea Grande;3.5;até 5 km;manso_capital;;Não;sem atendimento hospitalar;-56.154965;-15.650088
estabelecimento de saúde;LABOCENTER;Várzea Grande;3.5;até 5 km;jusante_capital;;Não;sem atendimento hospitalar;-56.146257;-15.690304
estabelecimento de saúde;INSTITUTO AQUARELA TERAPIAS INTEGRADAS;Cuiabá;3.51;até 5 km;manso_capital;;Não;sem atendimento hospitalar;-56.06784;-15.604682
estabelecimento de saúde;USF JOAO BORRALHO;Cuiabá;3.51;até 5 km;manso_capital;;Não;sem atendimento hospitalar;-56.10007;-15.586036
estabelecimento de saúde;LETICIA ROSSETTO DA SILVA CAVALCANTE;Cuiabá;3.51;até 5 km;manso_capital;;Não;sem atendimento hospitalar;-56.088095;-15.590275
estabelecimento de saúde;CONSULTORIO DE PSICANALISE GOMES BALIEIRO;Cuiabá;3.51;até 5 km;manso_capital;;Não;sem atendimento hospitalar;-56.067892;-15.604652
estabelecimento de saúde;SINVAL ANTONIO RIBEIRO;Cuiabá;3.51;até 5 km;manso_capital;;Não;sem atendimento hospitalar;-56.097377;-15.58659
estabelecimento de saúde;VERA MARIA COUTINHO TEODORIO DE OLIVEIRA;Cuiabá;3.51;até 5 km;manso_capital;;Não;sem atendimento hospitalar;-56.092304;-15.5883
estabelecimento de saúde;NILZA MARIA DE FIGUEIREDO EPAMINONDAS;Cuiabá;3.51;até 5 km;manso_capital;;Não;sem atendimento hospitalar;-56.100808;-15.581381
estabelecimento de saúde;AFONSO HIDEO YAMAMOTO;Cuiabá;3.51;até 5 km;manso_capital;;Não;sem atendimento hospitalar;-56.100806;-15.583766
estabelecimento de saúde;CLINICA DE FISIOTERAPIA SANTA RITA;Várzea Grande;3.51;até 5 km;manso_capital;;Não;sem atendimento hospitalar;-56.126146;-15.661553
estabelecimento de saúde;MATERNIDADE DR FRANCISCO LUSTOSA DE FIGUEIREDO;Várzea Grande;3.51;até 5 km;jusante_capital;;Sim;atendimento hospitalar;-56.146273;-15.690273
estabelecimento de saúde;JAQUELINE ROCHA PSICOLOGA;Cuiabá;3.52;até 5 km;manso_capital;;Não;sem atendimento hospitalar;-56.067891;-15.604561
estabelecimento de saúde;FARMACIA DE MANIPULACAO;Cuiabá;3.52;até 5 km;manso_capital;;Não;sem atendimento hospitalar;-56.08747;-15.590502
estabelecimento de saúde;VICTORIA MENDES SERVICOS DE PSICOLOGIA;Cuiabá;3.52;até 5 km;manso_capital;;;sem atendimento hospitalar;-56.067881;-15.604468
estabelecimento de saúde;CENTRO DIAGNOSTICO;Cuiabá;3.52;até 5 km;manso_capital;;;sem atendimento hospitalar;-56.087392;-15.590503
estabelecimento de saúde;ARQUIMEDIO ANTONIO DE OLIVEIRA;Cuiabá;3.52;até 5 km;manso_capital;;Não;sem atendimento hospitalar;-56.087376;-15.590518
estabelecimento de saúde;MARCO AURELIO SILVA RIBEIRO;Cuiabá;3.52;até 5 km;jusante_capital;;Não;sem atendimento hospitalar;-56.049326;-15.621783
estabelecimento de saúde;TATIANE DE OLIVEIRA ARIZAWA;Cuiabá;3.52;até 5 km;manso_capital;;Não;sem atendimento hospitalar;-56.097442;-15.586457
estabelecimento de saúde;KARINE DA SILVA CASTRO;Cuiabá;3.52;até 5 km;manso_capital;;Não;sem atendimento hospitalar;-56.086828;-15.590798
estabelecimento de saúde;ECARDIO CARDIOLOGIA INTEGRADA;Cuiabá;3.52;até 5 km;manso_capital;;Não;sem atendimento hospitalar;-56.087358;-15.590528
estabelecimento de saúde;HOSPITAL SANT ANA;Várzea Grande;3.52;até 5 km;manso_capital;;Sim;atendimento hospitalar;-56.144493;-15.657999
estabelecimento de saúde;EDUARDO BARROS BARUKI CLINICA MEDICA;Várzea Grande;3.52;até 5 km;manso_capital;;Não;sem atendimento hospitalar;-56.144493;-15.65802
estabelecimento de saúde;UNIVERSO ENCANTADO REABILITACAO E NEURODESENVOLVIMENTO;Várzea Grande;3.52;até 5 km;manso_capital;;Não;sem atendimento hospitalar;-56.144257;-15.658102
estabelecimento de saúde;CAPITAL HOME SAUDE;Várzea Grande;3.52;até 5 km;manso_capital;;;sem atendimento hospitalar;-56.144578;-15.657916
estabelecimento de saúde;OTAVIO DE PAULA CUNHA NETO;Cuiabá;3.53;até 5 km;manso_capital;;Não;sem atendimento hospitalar;-56.091576;-15.588373
estabelecimento de saúde;PROCLINIC PSICOLOGIA;Cuiabá;3.53;até 5 km;manso_capital;;Não;sem atendimento hospitalar;-56.06756;-15.604567
estabelecimento de saúde;NOEMY SONIA UENO;Cuiabá;3.53;até 5 km;manso_capital;;Não;sem atendimento hospitalar;-56.087375;-15.590403
estabelecimento de saúde;JOSE MAMEDE BIANCARDINI;Cuiabá;3.53;até 5 km;manso_capital;;Não;sem atendimento hospitalar;-56.087233;-15.590477
estabelecimento de saúde;ONCOBRAINS;Cuiabá;3.53;até 5 km;manso_capital;;Não;sem atendimento hospitalar;-56.087316;-15.59051
estabelecimento de saúde;RADIOCORE MEDICINA DIAGNOSTICA;Cuiabá;3.53;até 5 km;manso_capital;;Não;sem atendimento hospitalar;-56.08723;-15.590481
estabelecimento de saúde;SPEED SERVICE SAUDE;Várzea Grande;3.53;até 5 km;manso_capital;;Não;sem atendimento hospitalar;-56.144578;-15.657999
estabelecimento de saúde;CLINICA PEQUENO PRINCIPE;Várzea Grande;3.53;até 5 km;manso_capital;;Não;sem atendimento hospitalar;-56.144493;-15.65804
estabelecimento de saúde;BEM ESTAR GESTAO DE SAUDE OCUPACIONAL;Várzea Grande;3.53;até 5 km;manso_capital;;Não;sem atendimento hospitalar;-56.150415;-15.654424
estabelecimento de saúde;CLINICA INCENTIVE DESENVOLVIMENTO HUMANO;Várzea Grande;3.53;até 5 km;manso_capital;;Não;sem atendimento hospitalar;-56.144578;-15.658061
estabelecimento de saúde;BRANDELERO;Várzea Grande;3.53;até 5 km;manso_capital;;Não;sem atendimento hospitalar;-56.144643;-15.657958
estabelecimento de saúde;IZABELA FRAGA FONOAUDIOLOGIA;Cuiabá;3.54;até 5 km;manso_capital;;Não;sem atendimento hospitalar;-56.067568;-15.604536
estabelecimento de saúde;ABO;Cuiabá;3.54;até 5 km;manso_capital;;Não;sem atendimento hospitalar;-56.084763;-15.59191
estabelecimento de saúde;MARIA MARGARETH GADELHA;Cuiabá;3.54;até 5 km;manso_capital;;Não;sem atendimento hospitalar;-56.091771;-15.588185
estabelecimento de saúde;DOUTOR HERNIA UNIDADE CUIABA;Cuiabá;3.54;até 5 km;manso_capital;;Não;sem atendimento hospitalar;-56.066882;-15.604904
estabelecimento de saúde;PSIQUE CIA;Cuiabá;3.54;até 5 km;manso_capital;;Não;sem atendimento hospitalar;-56.057885;-15.612538
estabelecimento de saúde;;Cuiabá;3.54;até 5 km;manso_capital;;Não;sem atendimento hospitalar;-56.097398;-15.586304
estabelecimento de saúde;SL SERVICOS MEDICOS;Cuiabá;3.54;até 5 km;manso_capital;;Não;sem atendimento hospitalar;-56.087207;-15.590408
estabelecimento de saúde;EXAME DIAGNOSTICO;Cuiabá;3.54;até 5 km;manso_capital;;;sem atendimento hospitalar;-56.087219;-15.590454
estabelecimento de saúde;DIAGNOSTICO ANALISES CLINICAS;Cuiabá;3.54;até 5 km;manso_capital;;Não;sem atendimento hospitalar;-56.087339;-15.590394
estabelecimento de saúde;AYRDES BENEDITA DUARTE DOS ANJOS PIVETTA;Cuiabá;3.54;até 5 km;manso_capital;;Não;sem atendimento hospitalar;-56.087236;-15.5904
estabelecimento de saúde;INSTITUTO POLEGATO DE SAUDE;Várzea Grande;3.54;até 5 km;manso_capital;;Não;sem atendimento hospitalar;-56.144643;-15.658123
estabelecimento de saúde;RENASCER HOME CARE;Várzea Grande;3.54;até 5 km;manso_capital;;Não;sem atendimento hospitalar;-56.145093;-15.657854
estabelecimento de saúde;MICKELLY CRISTINA COSTA SANTOS;Várzea Grande;3.54;até 5 km;manso_capital;;Não;sem atendimento hospitalar;-56.144663;-15.658064
estabelecimento de saúde;CARDIOCENTER MT SERVICOS CARDIOLOGICOS;Várzea Grande;3.54;até 5 km;manso_capital;;Não;sem atendimento hospitalar;-56.144718;-15.65802
estabelecimento de saúde;UNIDADE AVANCADA SANTA ROSA;Várzea Grande;3.54;até 5 km;manso_capital;;Não;sem atendimento hospitalar;-56.144663;-15.658064
estabelecimento de saúde;CLINICA EMANA AMOR;Várzea Grande;3.54;até 5 km;manso_capital;;Não;sem atendimento hospitalar;-56.1446;-15.658082
estabelecimento de saúde;PASSARINHO CLINICA MULTIDISCIPLINAR;Várzea Grande;3.54;até 5 km;manso_capital;;Não;sem atendimento hospitalar;-56.14475;-15.65804
estabelecimento de saúde;VISAGE ODONTOLOGIA;Cuiabá;3.55;até 5 km;manso_capital;;Não;sem atendimento hospitalar;-56.10046;-15.583958
estabelecimento de saúde;FABIOLA MARIA DE MOURA SANTOS;Cuiabá;3.55;até 5 km;manso_capital;;Não;sem atendimento hospitalar;-56.091716;-15.588104
estabelecimento de saúde;ORTOFIX ODONTOLOGIA ESPECIALIZADA;Cuiabá;3.55;até 5 km;manso_capital;;Não;sem atendimento hospitalar;-56.100449;-15.583974
estabelecimento de saúde;CRESCER APRENDER PARA INCLUIR;Cuiabá;3.55;até 5 km;jusante_capital;;Não;sem atendimento hospitalar;-56.036971;-15.672403
estabelecimento de saúde;USMEDIC;Cuiabá;3.55;até 5 km;manso_capital;;Não;sem atendimento hospitalar;-56.091799;-15.588042
estabelecimento de saúde;LA VITA GESTAO OCUPACIONAL;Várzea Grande;3.55;até 5 km;manso_capital;;Não;sem atendimento hospitalar;-56.14475;-15.658123
estabelecimento de saúde;AMOR SAUDE VARZEA GRANDE MT;Várzea Grande;3.55;até 5 km;manso_capital;;Não;sem atendimento hospitalar;-56.144664;-15.658226
estabelecimento de saúde;FLUIR CIRURGIA VASCULAR;Cuiabá;3.56;até 5 km;manso_capital;;Não;sem atendimento hospitalar;-56.098976;-15.585775
estabelecimento de saúde;ROYALDENT CLINICA ODONTOLOGICA;Cuiabá;3.56;até 5 km;manso_capital;;Não;sem atendimento hospitalar;-56.058928;-15.611154
estabelecimento de saúde;FABRICIO ALMEIDA CIRURGIA PLASTICA;Cuiabá;3.56;até 5 km;manso_capital;;Não;sem atendimento hospitalar;-56.098944;-15.585772
estabelecimento de saúde;CLINICA ODONTOLOGICA JARDIM LEBLON;Cuiabá;3.56;até 5 km;manso_capital;;Não;sem atendimento hospitalar;-56.073684;-15.600853
estabelecimento de saúde;ECOX;Cuiabá;3.56;até 5 km;manso_capital;;Não;sem atendimento hospitalar;-56.087335;-15.590191
estabelecimento de saúde;TEZ SAUDE E BEM ESTAR;Cuiabá;3.56;até 5 km;manso_capital;;Não;sem atendimento hospitalar;-56.100315;-15.584292
estabelecimento de saúde;CEDILAB AME;Cuiabá;3.56;até 5 km;manso_capital;;Não;sem atendimento hospitalar;-56.091812;-15.587996
estabelecimento de saúde;LABORATORIO LPC;Cuiabá;3.57;até 5 km;manso_capital;;Não;sem atendimento hospitalar;-56.086699;-15.590384
estabelecimento de saúde;CLINICA DR EUGENIO PROCOPIO;Cuiabá;3.57;até 5 km;manso_capital;;Não;sem atendimento hospitalar;-56.088009;-15.589651
estabelecimento de saúde;VISAO OFTALMOLOGIA;Cuiabá;3.57;até 5 km;manso_capital;;Sim;atendimento hospitalar;-56.088166;-15.589598
estabelecimento de saúde;HEMOCOR;Cuiabá;3.58;até 5 km;manso_capital;;Não;sem atendimento hospitalar;-56.087388;-15.589901
estabelecimento de saúde;JOSEMAR HONORIO BARRETO;Cuiabá;3.58;até 5 km;manso_capital;;Não;sem atendimento hospitalar;-56.086893;-15.590181
estabelecimento de saúde;PRIME CLINICA ORTOPEDICA;Cuiabá;3.58;até 5 km;manso_capital;;Não;sem atendimento hospitalar;-56.095716;-15.58637
estabelecimento de saúde;PSICOLOGIA CLINICA ELABORE;Várzea Grande;3.58;até 5 km;manso_capital;;Não;sem atendimento hospitalar;-56.144063;-15.658825
estabelecimento de saúde;ORAL OPTIMUS ODONTOLOGIA INTEGRADA;Cuiabá;3.59;até 5 km;jusante_capital;;Não;sem atendimento hospitalar;-56.052961;-15.618031
estabelecimento de saúde;DAIANNY COIMBRA ULHOA;Cuiabá;3.59;até 5 km;manso_capital;;Não;sem atendimento hospitalar;-56.088024;-15.589419
estabelecimento de saúde;LABORATORIO PRO EXAME;Várzea Grande;3.59;até 5 km;manso_capital;;Não;sem atendimento hospitalar;-56.143677;-15.659094
estabelecimento de saúde;ROSA LILLIAM PINHEIRO MONZON MEIRA;Cuiabá;3.6;até 5 km;manso_capital;;Não;sem atendimento hospitalar;-56.100021;-15.585097
estabelecimento de saúde;CLINICA ELEVAR DESENVOLVIMENTO INFALTIL ABA;Cuiabá;3.6;até 5 km;manso_capital;;Não;sem atendimento hospitalar;-56.094862;-15.586472
estabelecimento de saúde;ANA BASTOS DESENVOLVIMENTO INFANTIL;Cuiabá;3.6;até 5 km;manso_capital;;Não;sem atendimento hospitalar;-56.094862;-15.586472
estabelecimento de saúde;ELLEN LAURA CUNHA GARCIA SANTANA;Cuiabá;3.6;até 5 km;manso_capital;;Não;sem atendimento hospitalar;-56.098485;-15.585498
estabelecimento de saúde;VISAO OFTALMOLOGIA;Cuiabá;3.6;até 5 km;manso_capital;;Não;sem atendimento hospitalar;-56.088002;-15.589388
estabelecimento de saúde;LEANDRO COMBIS MANDALOUFAS;Cuiabá;3.61;até 5 km;manso_capital;;Não;sem atendimento hospitalar;-56.086227;-15.59026
estabelecimento de saúde;KEILA MARIA BATISTA;Cuiabá;3.61;até 5 km;manso_capital;;Não;sem atendimento hospitalar;-56.083296;-15.592137
estabelecimento de saúde;FEMINA CENTRO DE ESPECIALIDADES MEDICAS;Cuiabá;3.61;até 5 km;jusante_capital;;Não;sem atendimento hospitalar;-56.088715;-15.91317
estabelecimento de saúde;VIVARE FISIOTERAPIA PILATES;Cuiabá;3.61;até 5 km;manso_capital;;Não;sem atendimento hospitalar;-56.0991;-15.585297
estabelecimento de saúde;CFC DORADO;Várzea Grande;3.61;até 5 km;manso_capital;;Não;sem atendimento hospitalar;-56.145501;-15.65835
estabelecimento de saúde;FACIL ODONTO;Várzea Grande;3.61;até 5 km;manso_capital;;;sem atendimento hospitalar;-56.151037;-15.654858
estabelecimento de saúde;HOSPITAL DE OLHOS DE VARZEA GRANDE;Várzea Grande;3.61;até 5 km;manso_capital;;Sim;atendimento hospitalar;-56.132263;-15.662296
estabelecimento de saúde;PATRICIA KATZ PSICOLOGA;Cuiabá;3.62;até 5 km;manso_capital;;Não;sem atendimento hospitalar;-56.099035;-15.585235
estabelecimento de saúde;FENIX NEUROREABILITACAO;Cuiabá;3.62;até 5 km;jusante_capital;;Não;sem atendimento hospitalar;-56.053254;-15.617476
estabelecimento de saúde;FENIX CLINICA DE NEUROREABILITACAO INTEGRADA;Cuiabá;3.62;até 5 km;jusante_capital;;Não;sem atendimento hospitalar;-56.053254;-15.617476
estabelecimento de saúde;PERSONALLE ODONTOLOGIA;Cuiabá;3.62;até 5 km;manso_capital;;Não;sem atendimento hospitalar;-56.099035;-15.585266
estabelecimento de saúde;USF LIXEIRA;Cuiabá;3.63;até 5 km;manso_capital;;Não;sem atendimento hospitalar;-56.083083;-15.592155
estabelecimento de saúde;PAMELLA FIGUEIREDO FISIOTERAPIA NEUROLOGICA;Cuiabá;3.63;até 5 km;jusante_capital;;Não;sem atendimento hospitalar;-56.053069;-15.617538
estabelecimento de saúde;USF NOVO MATO GROSSO;Cuiabá;3.63;até 5 km;manso_capital;;Não;sem atendimento hospitalar;-56.083073;-15.592145
estabelecimento de saúde;WALKIRIA PAGLIARO NAVES;Cuiabá;3.63;até 5 km;manso_capital;;Não;sem atendimento hospitalar;-56.086226;-15.590079
estabelecimento de saúde;ESTIMULOS CLINICA ESPECIALIZADA EM ABA;Cuiabá;3.63;até 5 km;manso_capital;;Não;sem atendimento hospitalar;-56.110355;-15.551005
estabelecimento de saúde;DROGARIA IMPERIAL;Nobres;3.63;até 5 km;manso_capital;;Não;sem atendimento hospitalar;-56.322742;-14.714954
estabelecimento de saúde;USF JARDIM GLORIA MOACYR D LANNES;Várzea Grande;3.63;até 5 km;manso_capital;;Não;sem atendimento hospitalar;-56.177266;-15.604031
estabelecimento de saúde;CLINICA AVANCA KIDS;Cuiabá;3.64;até 5 km;manso_capital;;Não;sem atendimento hospitalar;-56.057052;-15.612074
estabelecimento de saúde;HOSPITAL ORTOPEDICO LTDA;Cuiabá;3.64;até 5 km;manso_capital;;Sim;atendimento hospitalar;-56.088946;-15.588498
estabelecimento de saúde;ATLAM FISIOTERAPIA E PILATES;Cuiabá;3.64;até 5 km;manso_capital;;Não;sem atendimento hospitalar;-56.09957;-15.58307
estabelecimento de saúde;HO SERVICOS MEDICOS;Cuiabá;3.64;até 5 km;manso_capital;;Não;sem atendimento hospitalar;-56.088922;-15.58849
estabelecimento de saúde;LIBERTARE COMUNIDADE TERAPEUTICA;Várzea Grande;3.64;até 5 km;manso_capital;;Não;sem atendimento hospitalar;-56.127927;-15.662781
estabelecimento de saúde;CLINICA SANTA MARTA;Cuiabá;3.65;até 5 km;manso_capital;;Não;sem atendimento hospitalar;-56.099794;-15.575893
estabelecimento de saúde;AMBULATORIO CENTRAL DA POLICIA MILITAR;Cuiabá;3.65;até 5 km;manso_capital;;Não;sem atendimento hospitalar;-56.099433;-15.581482
estabelecimento de saúde;COMUNICARE FONOAUDIOLOGIA;Cuiabá;3.66;até 5 km;manso_capital;;Não;sem atendimento hospitalar;-56.099756;-15.5758
estabelecimento de saúde;ODONTOLOGIA SANTA ROSA;Cuiabá;3.66;até 5 km;manso_capital;;Não;sem atendimento hospitalar;-56.099764;-15.575958
estabelecimento de saúde;FARMACIAS PAGUE MENOS S A;Cuiabá;3.66;até 5 km;manso_capital;;Não;sem atendimento hospitalar;-56.085798;-15.590012
estabelecimento de saúde;FARMACIA PAGUE MENOS;Cuiabá;3.66;até 5 km;manso_capital;;Não;sem atendimento hospitalar;-56.078069;-15.595739
estabelecimento de saúde;DROGARIA ATIVA;Cuiabá;3.67;até 5 km;manso_capital;;;sem atendimento hospitalar;-56.098326;-15.584883
estabelecimento de saúde;VERIDIANA SILVIA FAVERO COMETTI DONATTI;Cuiabá;3.67;até 5 km;manso_capital;;Não;sem atendimento hospitalar;-56.085944;-15.589833
estabelecimento de saúde;HIPERBARICA VARZEA GRANDE;Várzea Grande;3.67;até 5 km;jusante_capital;;Não;sem atendimento hospitalar;-56.13283;-15.66787
estabelecimento de saúde;USF MANAIRA MARGARIDA TAVARES PEREIRA;Várzea Grande;3.67;até 5 km;manso_capital;;Não;sem atendimento hospitalar;-56.177623;-15.604148
estabelecimento de saúde;AMBULATORIO MEDICO FORUM DE VARZEA GRANDE;Várzea Grande;3.68;até 5 km;jusante_capital;;Não;sem atendimento hospitalar;-56.132724;-15.667737
estabelecimento de saúde;SUPREME;Várzea Grande;3.68;até 5 km;jusante_capital;;Não;sem atendimento hospitalar;-56.132723;-15.667738
estabelecimento de saúde;POP EXAME;Várzea Grande;3.68;até 5 km;jusante_capital;;;sem atendimento hospitalar;-56.132838;-15.667815
estabelecimento de saúde;CAPS AD ALCOOL E DROGAS;Várzea Grande;3.68;até 5 km;jusante_capital;;Não;sem atendimento hospitalar;-56.132777;-15.667792
estabelecimento de saúde;HILDEBRANDO DE AZEVEDO JUNIOR;Várzea Grande;3.68;até 5 km;jusante_capital;;Não;sem atendimento hospitalar;-56.132822;-15.667836
estabelecimento de saúde;MICHELLE RAMIRES PINTO;Várzea Grande;3.68;até 5 km;jusante_capital;;Não;sem atendimento hospitalar;-56.133077;-15.668019
estabelecimento de saúde;CLINICA SOLUCOES ODONTOLOGICAS;Várzea Grande;3.68;até 5 km;jusante_capital;;Não;sem atendimento hospitalar;-56.132838;-15.667815
estabelecimento de saúde;CLINICA MULTIDISCIPLINAR CORACAO DE MAE;Cuiabá;3.69;até 5 km;manso_capital;;Não;sem atendimento hospitalar;-56.094155;-15.58588
estabelecimento de saúde;ANNA ZARDINI ODONTOLOGIA;Várzea Grande;3.69;até 5 km;jusante_capital;;Não;sem atendimento hospitalar;-56.132648;-15.667524
estabelecimento de saúde;LABORATORIO RUBENS;Cuiabá;3.7;até 5 km;manso_capital;;Não;sem atendimento hospitalar;-56.08451;-15.590302
estabelecimento de saúde;VANESSA PERGHER;Várzea Grande;3.71;até 5 km;jusante_capital;;Não;sem atendimento hospitalar;-56.132884;-15.667503
estabelecimento de saúde;CAMILA FALCAO DE ARRUDA;Cuiabá;3.72;até 5 km;manso_capital;;Não;sem atendimento hospitalar;-56.090468;-15.587032
estabelecimento de saúde;THAIS GUIMARAES MARTINS;Várzea Grande;3.72;até 5 km;jusante_capital;;Não;sem atendimento hospitalar;-56.132981;-15.667454
estabelecimento de saúde;MORAIS COSTA SERVICOS MEDICOS;Cuiabá;3.73;até 5 km;manso_capital;;Não;sem atendimento hospitalar;-56.099508;-15.57298
estabelecimento de saúde;RODRIGO PEREIRA DE SOUZA FLORENCIO;Cuiabá;3.73;até 5 km;manso_capital;;Não;sem atendimento hospitalar;-56.058029;-15.609883
estabelecimento de saúde;ONCOLOG;Cuiabá;3.73;até 5 km;manso_capital;;Não;sem atendimento hospitalar;-56.085388;-15.589499
estabelecimento de saúde;ADRIANA DE CASSIA BANDEIRA GOMES;Cuiabá;3.74;até 5 km;manso_capital;;Não;sem atendimento hospitalar;-56.085612;-15.589191
estabelecimento de saúde;LABORATORIO DE PROTESE DENTARIA LPM;Várzea Grande;3.74;até 5 km;jusante_capital;;Não;sem atendimento hospitalar;-56.134196;-15.668107
estabelecimento de saúde;ROSANA ALVES RIBEIRO VARGAS;Cuiabá;3.75;até 5 km;manso_capital;;Não;sem atendimento hospitalar;-56.077188;-15.595374
estabelecimento de saúde;ADRIANA MOUSSA;Cuiabá;3.75;até 5 km;manso_capital;;Não;sem atendimento hospitalar;-56.081726;-15.591745
estabelecimento de saúde;CAROLINA SOSSAI FISIOTERAPIA DE COLUNA;Cuiabá;3.75;até 5 km;manso_capital;;Não;sem atendimento hospitalar;-56.081726;-15.591745
estabelecimento de saúde;CLAUDIA MARCIA DE ALMEIDA NEVES;Cuiabá;3.75;até 5 km;manso_capital;;Não;sem atendimento hospitalar;-56.085665;-15.58915
estabelecimento de saúde;ESPACO ADMON KADMON;Cuiabá;3.75;até 5 km;manso_capital;;Não;sem atendimento hospitalar;-56.097939;-15.584237
estabelecimento de saúde;CLINICA RAYNA;Cuiabá;3.75;até 5 km;manso_capital;;Não;sem atendimento hospitalar;-56.081764;-15.591749
estabelecimento de saúde;IDEN INSTITUTO DERMATOLOGIA E NUTRICAO;Cuiabá;3.75;até 5 km;manso_capital;;Não;sem atendimento hospitalar;-56.081764;-15.591749
estabelecimento de saúde;ORTOCEO;Cuiabá;3.76;até 5 km;manso_capital;;Não;sem atendimento hospitalar;-56.085432;-15.589164
estabelecimento de saúde;DIAG X DIGITAL DIAGNOSTICOS RADIOLOGICOS;Cuiabá;3.77;até 5 km;manso_capital;;Não;sem atendimento hospitalar;-56.093819;-15.585235
estabelecimento de saúde;SANTA HELENA IMAGEM;Cuiabá;3.79;até 5 km;manso_capital;;Não;sem atendimento hospitalar;-56.094775;-15.584698
estabelecimento de saúde;MILENA FERNANDES TAMASHIRO;Cuiabá;3.79;até 5 km;manso_capital;;Não;sem atendimento hospitalar;-56.082671;-15.590672
estabelecimento de saúde;LAURA NEYA NOGUEIRA DE ALMEIDA;Cuiabá;3.79;até 5 km;manso_capital;;Não;sem atendimento hospitalar;-56.075894;-15.595959
estabelecimento de saúde;LUCIANA ABILIO MIGUEL DINIZ;Cuiabá;3.8;até 5 km;manso_capital;;Não;sem atendimento hospitalar;-56.079243;-15.593234
estabelecimento de saúde;CENTRO DE TRATAMENTO AUREA;Várzea Grande;3.81;até 5 km;manso_capital;;Não;sem atendimento hospitalar;-56.182907;-15.587805
estabelecimento de saúde;E R PARANAGUA SERRA;Cuiabá;3.82;até 5 km;manso_capital;;Não;sem atendimento hospitalar;-56.083217;-15.589891
estabelecimento de saúde;CLINICA MUNDO AZUL;Cuiabá;3.82;até 5 km;manso_capital;;Não;sem atendimento hospitalar;-56.059495;-15.607379
estabelecimento de saúde;CLINICA PRO SAUDE;Cuiabá;3.82;até 5 km;manso_capital;;Não;sem atendimento hospitalar;-56.082857;-15.590174
estabelecimento de saúde;J A NERI FISIOTERAPIA INTEGRADA;Cuiabá;3.82;até 5 km;manso_capital;;Não;sem atendimento hospitalar;-56.081887;-15.590871
estabelecimento de saúde;DROGARIA ELEMENTAL;Cuiabá;3.83;até 5 km;manso_capital;;;sem atendimento hospitalar;-56.135602;-15.663835
estabelecimento de saúde;SPADONI SERVICOS MEDICOS;Cuiabá;3.84;até 5 km;manso_capital;;Não;sem atendimento hospitalar;-56.335973;-14.715845
estabelecimento de saúde;HEMOSAN;Cuiabá;3.84;até 5 km;manso_capital;;Não;sem atendimento hospitalar;-56.094797;-15.584183
estabelecimento de saúde;KATIA ROBERTA VAREJAO GOBBI CASELI;Cuiabá;3.84;até 5 km;manso_capital;;Não;sem atendimento hospitalar;-56.082649;-15.590018
estabelecimento de saúde;NEUROCIRURGIA DO CENTRO OESTE;Cuiabá;3.84;até 5 km;manso_capital;;Não;sem atendimento hospitalar;-56.083738;-15.58931
estabelecimento de saúde;HOSPITAL SANTA HELENA;Cuiabá;3.85;até 5 km;manso_capital;;Sim;atendimento hospitalar;-56.094528;-15.584188
estabelecimento de saúde;LAPAT CUIABA;Cuiabá;3.85;até 5 km;manso_capital;;Não;sem atendimento hospitalar;-56.094389;-15.584266
estabelecimento de saúde;MARIA HELENA CARMONA DA SILVA;Cuiabá;3.85;até 5 km;manso_capital;;Não;sem atendimento hospitalar;-56.081057;-15.591189
estabelecimento de saúde;AME;Cuiabá;3.85;até 5 km;manso_capital;;Não;sem atendimento hospitalar;-56.080012;-15.592052
estabelecimento de saúde;JANINE HORSTH SILVA EIRELI;Cuiabá;3.86;até 5 km;manso_capital;;Não;sem atendimento hospitalar;-56.082131;-15.590188
estabelecimento de saúde;G LIMA VERDE SERVICOS MEDICOS;Cuiabá;3.86;até 5 km;manso_capital;;Não;sem atendimento hospitalar;-56.081015;-15.591042
estabelecimento de saúde;LACC LABORATORIO DE CITOLOGIA CLINICA;Cuiabá;3.87;até 5 km;manso_capital;;Não;sem atendimento hospitalar;-56.077872;-15.593499
estabelecimento de saúde;SMART SEG APOIO ADMINISTRATIVO EM SAUDE E SEGURANCA DO TRABA;Cuiabá;3.88;até 5 km;manso_capital;;Não;sem atendimento hospitalar;-56.084359;-15.588545
estabelecimento de saúde;SER ESSENCIA;Cuiabá;3.88;até 5 km;manso_capital;;Não;sem atendimento hospitalar;-56.093378;-15.584322
estabelecimento de saúde;CLINICA DR MARCELO SANDRIN;Cuiabá;3.88;até 5 km;manso_capital;;Não;sem atendimento hospitalar;-56.09399;-15.584096
estabelecimento de saúde;CLINICA KUPPER;Cuiabá;3.9;até 5 km;manso_capital;;Não;sem atendimento hospitalar;-56.097082;-15.58211
estabelecimento de saúde;ODONTO LIGHT ESPACO SAUDE;Cuiabá;3.9;até 5 km;manso_capital;;Não;sem atendimento hospitalar;-56.078496;-15.592687
estabelecimento de saúde;INNOVAR SERVICOS EM SAUDE;Cuiabá;3.91;até 5 km;manso_capital;;Não;sem atendimento hospitalar;-56.06125;-15.604859
estabelecimento de saúde;TAFURI SERVICOS MEDICOS EM UROLOGIA LTDA;Cuiabá;3.92;até 5 km;manso_capital;;Não;sem atendimento hospitalar;-56.059236;-15.606414
estabelecimento de saúde;BUCALMED;Cuiabá;3.92;até 5 km;manso_capital;;Não;sem atendimento hospitalar;-56.094708;-15.583492
estabelecimento de saúde;MARINELLA COIMBRA ULHOA CARVALHO;Cuiabá;3.92;até 5 km;manso_capital;;Não;sem atendimento hospitalar;-56.086014;-15.587159
estabelecimento de saúde;IOCI;Cuiabá;3.92;até 5 km;manso_capital;;Não;sem atendimento hospitalar;-56.059206;-15.606464
estabelecimento de saúde;GUIMARAES ODONTOLOGIA;Cuiabá;3.93;até 5 km;manso_capital;;Não;sem atendimento hospitalar;-56.094596;-15.583414
estabelecimento de saúde;ANESTESIO CENTRO;Cuiabá;3.93;até 5 km;manso_capital;;Não;sem atendimento hospitalar;-56.085983;-15.587011
estabelecimento de saúde;IHEMCO;Cuiabá;3.93;até 5 km;manso_capital;;Não;sem atendimento hospitalar;-56.096454;-15.582917
estabelecimento de saúde;CLINICA AVANCAR;Cuiabá;3.93;até 5 km;manso_capital;;Não;sem atendimento hospitalar;-56.085994;-15.5871
estabelecimento de saúde;CM FISIOTERAPIA ESPECIALIZADA LTDA;Cuiabá;3.93;até 5 km;manso_capital;;Não;sem atendimento hospitalar;-56.085985;-15.587103
estabelecimento de saúde;RENASCER HOME CARE;Várzea Grande;3.93;até 5 km;manso_capital;;;sem atendimento hospitalar;-56.1396;-15.663825
estabelecimento de saúde;IMEDI INSTITUTO MEDICO DE DIAGNOSTICO POR IMAGEM;Várzea Grande;3.93;até 5 km;manso_capital;;Não;sem atendimento hospitalar;-56.083331;-15.588676
estabelecimento de saúde;ESPACO VEM SER SAUDE E BEM ESTAR;Cuiabá;3.94;até 5 km;manso_capital;;Não;sem atendimento hospitalar;-56.056185;-15.608993
estabelecimento de saúde;PRO MENTE SERVICOS DE SAUDE LTDA;Cuiabá;3.94;até 5 km;manso_capital;;Não;sem atendimento hospitalar;-56.084394;-15.587837
estabelecimento de saúde;FONOAUDIOLOGA RAYNARA SILVA;Cuiabá;3.94;até 5 km;manso_capital;;Não;sem atendimento hospitalar;-56.075446;-15.594566
estabelecimento de saúde;JORGE LUIZ RIZZARDI;Cuiabá;3.95;até 5 km;manso_capital;;Não;sem atendimento hospitalar;-56.084474;-15.587692
estabelecimento de saúde;DR CINTIA PROCOPIO CLINICA DERMATOLOGICA;Cuiabá;3.96;até 5 km;manso_capital;;Não;sem atendimento hospitalar;-56.086058;-15.58667
estabelecimento de saúde;USF PEDREGAL;Cuiabá;3.96;até 5 km;manso_capital;;Não;sem atendimento hospitalar;-56.067582;-15.600007
estabelecimento de saúde;USF JD OURO VERDE CELINA BATISTA DANTAS;Várzea Grande;3.96;até 5 km;manso_capital;;Não;sem atendimento hospitalar;-56.14276;-15.663123
estabelecimento de saúde;EXAME DIAGNOSTICO LABORATORIAL;Cuiabá;3.97;até 5 km;manso_capital;;Não;sem atendimento hospitalar;-56.059572;-15.605507
estabelecimento de saúde;USF NICO BARACAT ENF MIRIAM PINHEIRO;Cuiabá;3.97;até 5 km;jusante_capital;;Não;sem atendimento hospitalar;-56.033361;-15.642619
estabelecimento de saúde;NOSSO ESPACO PSICOLOGIA E AUTISMO;Cuiabá;3.97;até 5 km;manso_capital;;Não;sem atendimento hospitalar;-56.079955;-15.590604
estabelecimento de saúde;EQUILIBRARE PSICOLOGIA CLINICA;Cuiabá;3.98;até 5 km;manso_capital;;Não;sem atendimento hospitalar;-56.083171;-15.588146
estabelecimento de saúde;REVITALIZA CLINICA DE PSICOLOGIA INTEGRADA;Cuiabá;3.99;até 5 km;manso_capital;;Não;sem atendimento hospitalar;-56.059379;-15.605489
estabelecimento de saúde;ALINE QUINTAL;Cuiabá;3.99;até 5 km;manso_capital;;Não;sem atendimento hospitalar;-56.083681;-15.587774
estabelecimento de saúde;HUMANIZE FONOAUDIOLOGIA;Várzea Grande;3.99;até 5 km;jusante_capital;;Não;sem atendimento hospitalar;-56.145001;-15.676014
estabelecimento de saúde;CRISTIANNE SERAFIM SERVICOS MEDICO;Cuiabá;4.0;até 5 km;manso_capital;;Não;sem atendimento hospitalar;-56.059456;-15.605336
estabelecimento de saúde;HOPE SAUDE;Cuiabá;4.0;até 5 km;manso_capital;;Não;sem atendimento hospitalar;-56.083373;-15.587799
estabelecimento de saúde;PEREZ ATENDIMENTO AMBULATORIAL E HOSPITALAR;Cuiabá;4.0;até 5 km;manso_capital;;Não;sem atendimento hospitalar;-56.083517;-15.587801
estabelecimento de saúde;TORRES LASER OFTALMOLOGIA;Cuiabá;4.0;até 5 km;manso_capital;;Não;sem atendimento hospitalar;-56.083521;-15.587762
estabelecimento de saúde;SINAPSES;Cuiabá;4.0;até 5 km;manso_capital;;Não;sem atendimento hospitalar;-56.08355;-15.587677
estabelecimento de saúde;PENSEE CLINICA DE PSICOLOGIA;Cuiabá;4.0;até 5 km;manso_capital;;Não;sem atendimento hospitalar;-56.07943;-15.590709
estabelecimento de saúde;CLINICA DE DOENCAS RENAIS;Cuiabá;4.01;até 5 km;manso_capital;;Não;sem atendimento hospitalar;-56.055581;-15.608697
estabelecimento de saúde;FARMA GUIA;Cuiabá;4.02;até 5 km;jusante_capital;;Não;sem atendimento hospitalar;-56.141012;-15.67074
estabelecimento de saúde;MAGI ODONTOLOGIA INTEGRADA;Cuiabá;4.02;até 5 km;manso_capital;;Não;sem atendimento hospitalar;-56.083457;-15.587561
estabelecimento de saúde;ELISANGELA ALVES DE LIMA;Cuiabá;4.03;até 5 km;manso_capital;;Não;sem atendimento hospitalar;-56.085996;-15.585995
estabelecimento de saúde;NB CLINICA ODONTOLOGIA;Cuiabá;4.03;até 5 km;manso_capital;;Não;sem atendimento hospitalar;-56.083435;-15.58753
estabelecimento de saúde;RELIGARE CUIDADO E SAUDE PSICOLOGICA;Cuiabá;4.03;até 5 km;manso_capital;;Não;sem atendimento hospitalar;-56.083526;-15.58738
estabelecimento de saúde;BETHANIA LIA FERRARI;Cuiabá;4.03;até 5 km;manso_capital;;Não;sem atendimento hospitalar;-56.083309;-15.587592
estabelecimento de saúde;FELIPE JOSE DE LIMA LISTO;Cuiabá;4.03;até 5 km;manso_capital;;Não;sem atendimento hospitalar;-56.082814;-15.587826
estabelecimento de saúde;ASSOCIACAO VIA LACTEA CAMINHO LUZ E VIDA;Cuiabá;4.04;até 5 km;manso_capital;;Não;sem atendimento hospitalar;-56.084654;-15.586695
estabelecimento de saúde;UNIMAGEM;Cuiabá;4.04;até 5 km;manso_capital;;Não;sem atendimento hospitalar;-56.070837;-15.597442
estabelecimento de saúde;INPACC;Cuiabá;4.04;até 5 km;manso_capital;;Não;sem atendimento hospitalar;-56.08259;-15.587897
estabelecimento de saúde;LEILA ANDRAUS;Cuiabá;4.04;até 5 km;manso_capital;;Não;sem atendimento hospitalar;-56.080176;-15.589682
estabelecimento de saúde;ANDREA NOVAES ODONTOLOGIA;Cuiabá;4.05;até 5 km;manso_capital;;Não;sem atendimento hospitalar;-56.083196;-15.587374
estabelecimento de saúde;USF RENASCER ADELAIDE ALVES DA SILVA;Cuiabá;4.05;até 5 km;manso_capital;;Não;sem atendimento hospitalar;-56.067188;-15.599334
estabelecimento de saúde;MARA ANDREIA CANNO BETONI;Cuiabá;4.05;até 5 km;manso_capital;;Não;sem atendimento hospitalar;-56.080476;-15.589268
estabelecimento de saúde;HORUS COMERCIO REPRESENTACOES E SERVICOS;Cuiabá;4.06;até 5 km;manso_capital;;Não;sem atendimento hospitalar;-56.076104;-15.592562
estabelecimento de saúde;MARIA DE LOURDES DOS SANTOS CARNEIRO;Cuiabá;4.06;até 5 km;manso_capital;;Não;sem atendimento hospitalar;-56.080047;-15.589516
estabelecimento de saúde;USF DA GUIA;Cuiabá;4.06;até 5 km;manso_capital;;Não;sem atendimento hospitalar;-56.135945;-15.665825
estabelecimento de saúde;INOVACOR;Várzea Grande;4.06;até 5 km;jusante_capital;;Não;sem atendimento hospitalar;-56.152257;-15.694194
estabelecimento de saúde;LILIAN LIMA DO CARMO BETONI E S M;Cuiabá;4.07;até 5 km;manso_capital;;Não;sem atendimento hospitalar;-56.079747;-15.589682
estabelecimento de saúde;ABRACO INTERVENCAO COMPORTAMENTAL;Cuiabá;4.07;até 5 km;manso_capital;;Não;sem atendimento hospitalar;-56.079556;-15.589827
estabelecimento de saúde;TAMIOZZO PSICOLOGIA;Cuiabá;4.07;até 5 km;manso_capital;;Não;sem atendimento hospitalar;-56.079438;-15.589851
estabelecimento de saúde;SERGIO GRACAS DORILEO;Cuiabá;4.07;até 5 km;manso_capital;;Não;sem atendimento hospitalar;-56.084553;-15.586375
estabelecimento de saúde;R L SERVICOS MEDICOS;Cuiabá;4.08;até 5 km;manso_capital;;Não;sem atendimento hospitalar;-56.059444;-15.604349
estabelecimento de saúde;BIODYNAMO;Cuiabá;4.08;até 5 km;manso_capital;;Não;sem atendimento hospitalar;-56.078963;-15.590175
estabelecimento de saúde;CAPILLARY MT;Cuiabá;4.1;até 5 km;manso_capital;;Não;sem atendimento hospitalar;-56.096826;-15.569444
estabelecimento de saúde;CLINICA RIDOLFI;Cuiabá;4.1;até 5 km;manso_capital;;Não;sem atendimento hospitalar;-56.08177;-15.587793
estabelecimento de saúde;CLINICA DO BEN INTERVENCOES COMPORTAMENTAIS;Várzea Grande;4.1;até 5 km;jusante_capital;;Não;sem atendimento hospitalar;-56.152452;-15.693087
estabelecimento de saúde;PSICOCENTER CLINICAS INTEGRADAS;Cuiabá;4.11;até 5 km;manso_capital;;Não;sem atendimento hospitalar;-56.078835;-15.589836
estabelecimento de saúde;IGOR AZEVEDO BOTTURA;Cuiabá;4.11;até 5 km;manso_capital;;Não;sem atendimento hospitalar;-56.078852;-15.589853
estabelecimento de saúde;CLINICA MADRE VIDA;Cuiabá;4.11;até 5 km;manso_capital;;Não;sem atendimento hospitalar;-56.059929;-15.603544
estabelecimento de saúde;AMEDCLIN MEDICINA DIAGNOSTICA;Várzea Grande;4.11;até 5 km;manso_capital;;Não;sem atendimento hospitalar;-56.177616;-15.618622
estabelecimento de saúde;RESSIGNIFICAR PESSOAS;Cuiabá;4.12;até 5 km;manso_capital;;Não;sem atendimento hospitalar;-56.078553;-15.58995
estabelecimento de saúde;CLINICA SORRITA;Cuiabá;4.12;até 5 km;manso_capital;;Não;sem atendimento hospitalar;-56.073629;-15.593933
estabelecimento de saúde;ESPACO PILATES;Cuiabá;4.12;até 5 km;manso_capital;;Não;sem atendimento hospitalar;-56.078559;-15.589945
estabelecimento de saúde;LAURA OLIVEIRA PRADO;Cuiabá;4.13;até 5 km;manso_capital;;Não;sem atendimento hospitalar;-56.078491;-15.589945
estabelecimento de saúde;MT LAB MEDICINA DIAGNOSTICA;Cuiabá;4.13;até 5 km;manso_capital;;Não;sem atendimento hospitalar;-56.059458;-15.603755
estabelecimento de saúde;DROGARIA MAIS VOCE;Várzea Grande;4.13;até 5 km;manso_capital;;Não;sem atendimento hospitalar;-56.168118;-15.640395
estabelecimento de saúde;LUIZ FERNANDO LOPES DE ALMEIDA MOLINA;Cuiabá;4.14;até 5 km;manso_capital;;Não;sem atendimento hospitalar;-56.079282;-15.589213
estabelecimento de saúde;AC DOURADO SERVICOS MEDICOS;Cuiabá;4.14;até 5 km;manso_capital;;Não;sem atendimento hospitalar;-56.05524;-15.607341
estabelecimento de saúde;CLINICA ESSENCIAL KIDS;Cuiabá;4.15;até 5 km;manso_capital;;Não;sem atendimento hospitalar;-56.055186;-15.607331
estabelecimento de saúde;DROGASIL DS0719;Cuiabá;4.15;até 5 km;manso_capital;;Não;sem atendimento hospitalar;-56.082464;-15.586803
estabelecimento de saúde;FIALKOSKI MOLINA E MOLINA;Cuiabá;4.15;até 5 km;manso_capital;;Não;sem atendimento hospitalar;-56.080822;-15.587878
estabelecimento de saúde;FERNANDA PAULLA FREITAS AGUIRRE;Cuiabá;4.15;até 5 km;manso_capital;;Não;sem atendimento hospitalar;-56.078511;-15.589646
estabelecimento de saúde;CLINICA BOTTURA RESTAURACAO CAPILAR;Cuiabá;4.16;até 5 km;manso_capital;;Não;sem atendimento hospitalar;-56.078323;-15.589701
estabelecimento de saúde;JUNOT RUELA PEREIRA;Cuiabá;4.16;até 5 km;manso_capital;;Não;sem atendimento hospitalar;-56.079433;-15.588869
estabelecimento de saúde;DOM DIAGNOSTICOS E TERAPIAS MEDICAS;Cuiabá;4.17;até 5 km;manso_capital;;Não;sem atendimento hospitalar;-56.078559;-15.589367
estabelecimento de saúde;CONSULTORIO DR PEDRO BALATA;Cuiabá;4.17;até 5 km;manso_capital;;Não;sem atendimento hospitalar;-56.078537;-15.589387
estabelecimento de saúde;NATHALIA BIGAI FERREIRA NUNES;Cuiabá;4.17;até 5 km;manso_capital;;;sem atendimento hospitalar;-56.096389;-15.568472
estabelecimento de saúde;NATHALIA BIGAI FERREIRA NUNES;Cuiabá;4.17;até 5 km;manso_capital;;;sem atendimento hospitalar;-56.096389;-15.568472
estabelecimento de saúde;CENTRO DE CIRURGIA E IMPLANTODONTIA DE CUIABA;Cuiabá;4.18;até 5 km;manso_capital;;Não;sem atendimento hospitalar;-56.079409;-15.588616
estabelecimento de saúde;GJ CLINICA ODONTOLOGICA LTDA;Cuiabá;4.18;até 5 km;manso_capital;;Não;sem atendimento hospitalar;-56.052468;-15.609787
estabelecimento de saúde;CLINICA INFINITY ESPECIALIDADES CURSOS E CONSULTORIA;Cuiabá;4.18;até 5 km;manso_capital;;Não;sem atendimento hospitalar;-56.078537;-15.589367
estabelecimento de saúde;PSICO DESENVOLVIMENTO COMPORTAMENTAL;Cuiabá;4.19;até 5 km;manso_capital;;Não;sem atendimento hospitalar;-56.057674;-15.604548
estabelecimento de saúde;ATB SERVICOS MEDICOS LTDA;Cuiabá;4.19;até 5 km;manso_capital;;Não;sem atendimento hospitalar;-56.080598;-15.587604
estabelecimento de saúde;FISIOCOR;Cuiabá;4.2;até 5 km;manso_capital;;Não;sem atendimento hospitalar;-56.086787;-15.583941
estabelecimento de saúde;NEUROMOVERSE;Cuiabá;4.2;até 5 km;manso_capital;;Não;sem atendimento hospitalar;-56.057665;-15.604464
estabelecimento de saúde;CARLOS RODRIGO BARROS DE SIQUEIRA;Cuiabá;4.2;até 5 km;manso_capital;;Não;sem atendimento hospitalar;-56.079166;-15.588524
estabelecimento de saúde;CLINICA DO BOSQUE DESENVOLVIMENTO INFANTIL;Cuiabá;4.21;até 5 km;manso_capital;;Não;sem atendimento hospitalar;-56.083018;-15.585827
estabelecimento de saúde;ESPACO DESENVOLVER EQUIPE MULTIDISCIPLINAR II;Cuiabá;4.22;até 5 km;manso_capital;;Não;sem atendimento hospitalar;-56.056937;-15.604794
estabelecimento de saúde;DROGARIA SAO PAULO 2381 BOSQUE DA SAUDE;Cuiabá;4.22;até 5 km;manso_capital;;Não;sem atendimento hospitalar;-56.082125;-15.586255
estabelecimento de saúde;HUMBERTO IKUO SHIBASAKI;Cuiabá;4.22;até 5 km;manso_capital;;Não;sem atendimento hospitalar;-56.077551;-15.589598
estabelecimento de saúde;USF RESIDENCIAL COXIPO I;Cuiabá;4.22;até 5 km;jusante_capital;;Não;sem atendimento hospitalar;-56.030563;-15.647976
estabelecimento de saúde;LOSS OTORRINO;Cuiabá;4.23;até 5 km;manso_capital;;Não;sem atendimento hospitalar;-56.078515;-15.588707
estabelecimento de saúde;NASCER JUNTO;Cuiabá;4.23;até 5 km;manso_capital;;Não;sem atendimento hospitalar;-56.056889;-15.60474
estabelecimento de saúde;CLINICA PUZZLE;Cuiabá;4.23;até 5 km;manso_capital;;Não;sem atendimento hospitalar;-56.058839;-15.603034
estabelecimento de saúde;USF RESIDENCIAL COXIPO II;Cuiabá;4.23;até 5 km;jusante_capital;;Não;sem atendimento hospitalar;-56.030472;-15.648041
estabelecimento de saúde;CLINICA VIDA NOVA;Cuiabá;4.23;até 5 km;manso_capital;;Não;sem atendimento hospitalar;-56.078536;-15.588753
estabelecimento de saúde;SMC;Cuiabá;4.23;até 5 km;manso_capital;;Não;sem atendimento hospitalar;-56.058387;-15.603468
estabelecimento de saúde;CLINICA HARMONIZE;Cuiabá;4.24;até 5 km;manso_capital;;Não;sem atendimento hospitalar;-56.081286;-15.586558
estabelecimento de saúde;IBMO INSTITUO BRASILEIRO DE MEDICINA OROFACIAL;Cuiabá;4.24;até 5 km;manso_capital;;Não;sem atendimento hospitalar;-56.084546;-15.584604
estabelecimento de saúde;JOAO PAULO ZANIN TRESSOLDI;Cuiabá;4.25;até 5 km;manso_capital;;Não;sem atendimento hospitalar;-56.072393;-15.593424
estabelecimento de saúde;MYLENA PINHEIRO INTERVENCAO COMPORTAMENTAL;Cuiabá;4.25;até 5 km;manso_capital;;Não;sem atendimento hospitalar;-56.078772;-15.58832
estabelecimento de saúde;INSTITUTO SENSORIANDO;Cuiabá;4.25;até 5 km;manso_capital;;Não;sem atendimento hospitalar;-56.084671;-15.584451
estabelecimento de saúde;ADRIANA COSTA C PARDAL RADIOLOGIA S S LTDA;Cuiabá;4.25;até 5 km;manso_capital;;Não;sem atendimento hospitalar;-56.059421;-15.602305
estabelecimento de saúde;CENTRO MEDICO INTEGRADO PRESTACAO DE SERVICOS MEDICOS;Cuiabá;4.26;até 5 km;manso_capital;;Não;sem atendimento hospitalar;-56.077988;-15.58876
estabelecimento de saúde;AME FISIOCARDIO;Cuiabá;4.27;até 5 km;manso_capital;;Não;sem atendimento hospitalar;-56.081491;-15.586091
estabelecimento de saúde;GERMANO AUGUSTO FISCHDICK;Cuiabá;4.27;até 5 km;manso_capital;;Não;sem atendimento hospitalar;-56.051704;-15.609518
estabelecimento de saúde;LEANDRO FERREIRA DA SILVA;Cuiabá;4.27;até 5 km;manso_capital;;Não;sem atendimento hospitalar;-56.081807;-15.585879
estabelecimento de saúde;ATB NEUROLOGIA;Cuiabá;4.28;até 5 km;manso_capital;;Não;sem atendimento hospitalar;-56.079984;-15.58703
estabelecimento de saúde;DRA MARINA DERMATOLOGISTA;Cuiabá;4.28;até 5 km;manso_capital;;Não;sem atendimento hospitalar;-56.057814;-15.603311
estabelecimento de saúde;LAJ FEME SERVICOS MEDICOS;Cuiabá;4.28;até 5 km;manso_capital;;Não;sem atendimento hospitalar;-56.057919;-15.603247
estabelecimento de saúde;SAMU 192 CUIABA USA A1;Cuiabá;4.28;até 5 km;manso_capital;;;sem atendimento hospitalar;-56.085634;-15.583687
estabelecimento de saúde;OTOMED;Cuiabá;4.29;até 5 km;manso_capital;;Não;sem atendimento hospitalar;-56.078676;-15.587937
estabelecimento de saúde;LABORATORIO CARLOS CHAGAS UNIDADE HOSPITAL FEMINA;Cuiabá;4.29;até 5 km;manso_capital;;;sem atendimento hospitalar;-56.08097;-15.586292
estabelecimento de saúde;PREVENCOR;Cuiabá;4.29;até 5 km;manso_capital;;Não;sem atendimento hospitalar;-56.07773;-15.588615
estabelecimento de saúde;CONSULTORIO DE ORTODONTIA DRA JOANA DARC;Cuiabá;4.29;até 5 km;manso_capital;;Não;sem atendimento hospitalar;-56.078097;-15.588367
estabelecimento de saúde;CENTRO CLINICO ODONTOLOGICO;Cuiabá;4.29;até 5 km;manso_capital;;Não;sem atendimento hospitalar;-56.078104;-15.588322
estabelecimento de saúde;TIA LAILA ESPACO MULTIDISCIPLINAR;Cuiabá;4.29;até 5 km;manso_capital;;Não;sem atendimento hospitalar;-56.079967;-15.587
estabelecimento de saúde;GUIO HOSPITALAR E NUTRICAO;Cuiabá;4.3;até 5 km;manso_capital;;Não;sem atendimento hospitalar;-56.082632;-15.585124
estabelecimento de saúde;MEDSIM SERVICOS MEDICOS;Cuiabá;4.3;até 5 km;manso_capital;;Não;sem atendimento hospitalar;-56.082632;-15.585124
estabelecimento de saúde;3 C;Cuiabá;4.3;até 5 km;manso_capital;;Não;sem atendimento hospitalar;-56.082632;-15.585124
estabelecimento de saúde;LETICIA BORTOLINI;Cuiabá;4.3;até 5 km;manso_capital;;Não;sem atendimento hospitalar;-56.079147;-15.587407
estabelecimento de saúde;MM OHLWEILLER;Nobres;4.3;até 5 km;manso_capital;;Não;sem atendimento hospitalar;-56.334887;-14.711052
estabelecimento de saúde;PSICO COMPANY;Cuiabá;4.31;até 5 km;manso_capital;;Não;sem atendimento hospitalar;-56.059015;-15.602023
estabelecimento de saúde;ESPACO SER PSICOLOGIA;Cuiabá;4.32;até 5 km;manso_capital;;Não;sem atendimento hospitalar;-56.081503;-15.585549
estabelecimento de saúde;ASTEC;Cuiabá;4.32;até 5 km;manso_capital;;Não;sem atendimento hospitalar;-56.085644;-15.583221
estabelecimento de saúde;FETALCARE;Cuiabá;4.33;até 5 km;manso_capital;;Não;sem atendimento hospitalar;-56.075659;-15.58981
estabelecimento de saúde;LABORATORIO CARLOS CHAGAS LTDA;Cuiabá;4.34;até 5 km;manso_capital;;Não;sem atendimento hospitalar;-56.075609;-15.589834
estabelecimento de saúde;T VICTORIA TONDORF DELBEN;Cuiabá;4.34;até 5 km;manso_capital;;Não;sem atendimento hospitalar;-56.075702;-15.589673
estabelecimento de saúde;ALBERTINI CLINICA DERMATOLOGICA;Cuiabá;4.34;até 5 km;manso_capital;;Não;sem atendimento hospitalar;-56.075686;-15.589678
estabelecimento de saúde;C S SERVICOS DE TERAPIA OCUPACIONAL;Cuiabá;4.34;até 5 km;manso_capital;;Não;sem atendimento hospitalar;-56.079532;-15.586672
estabelecimento de saúde;CONSULTORIO DE ANALISE DO COMPORTAMENTO LAYANE MACHADO;Cuiabá;4.35;até 5 km;manso_capital;;Não;sem atendimento hospitalar;-56.081222;-15.585425
estabelecimento de saúde;GABRIELA POLISEL ENDOCRINOLOGIA;Cuiabá;4.36;até 5 km;manso_capital;;Não;sem atendimento hospitalar;-56.075731;-15.589427
estabelecimento de saúde;MM CLINICA MEDICA LTDA;Cuiabá;4.36;até 5 km;manso_capital;;Não;sem atendimento hospitalar;-56.078011;-15.587648
estabelecimento de saúde;CLINICA EXISTIR;Cuiabá;4.36;até 5 km;manso_capital;;Não;sem atendimento hospitalar;-56.059004;-15.601362
estabelecimento de saúde;INSTITUTO GENUS;Cuiabá;4.36;até 5 km;manso_capital;;Não;sem atendimento hospitalar;-56.07689;-15.588516
estabelecimento de saúde;JSP NUTRI;Cuiabá;4.36;até 5 km;manso_capital;;Não;sem atendimento hospitalar;-56.055052;-15.604754
estabelecimento de saúde;DR THIAGO VIANA BARBOSA 3D OFFICE PRINT ODONTOLOGIA;Cuiabá;4.36;até 5 km;manso_capital;;Não;sem atendimento hospitalar;-56.081184;-15.585327
estabelecimento de saúde;CLINICA GENUS;Cuiabá;4.36;até 5 km;manso_capital;;Não;sem atendimento hospitalar;-56.077063;-15.588446
estabelecimento de saúde;ERVINO KLEIM;Cuiabá;4.36;até 5 km;manso_capital;;Não;sem atendimento hospitalar;-56.052319;-15.607547
estabelecimento de saúde;SOE SPERANDIO ODONTOLOGIA ESPECIALIZADA;Cuiabá;4.36;até 5 km;manso_capital;;Não;sem atendimento hospitalar;-56.077178;-15.588355
estabelecimento de saúde;VALMIR PAGLIARO FRANCO;Cuiabá;4.36;até 5 km;manso_capital;;Não;sem atendimento hospitalar;-56.076897;-15.588485
estabelecimento de saúde;FARMACIA PAGUE MENOS;Cuiabá;4.37;até 5 km;manso_capital;;Não;sem atendimento hospitalar;-56.078136;-15.587366
estabelecimento de saúde;MAMAE CANGURU LTDA;Cuiabá;4.37;até 5 km;manso_capital;;Sim;atendimento hospitalar;-56.083403;-15.583876
estabelecimento de saúde;PAMELLA SUELLEN MACEDO BEZERRA;Cuiabá;4.38;até 5 km;manso_capital;;Não;sem atendimento hospitalar;-56.077199;-15.588086
estabelecimento de saúde;SAUDE LIVRE CLINICA DE VACINACAO;Cuiabá;4.38;até 5 km;manso_capital;;Não;sem atendimento hospitalar;-56.077054;-15.588215
estabelecimento de saúde;ICTUS CORDIS;Cuiabá;4.38;até 5 km;manso_capital;;Não;sem atendimento hospitalar;-56.075709;-15.589292
estabelecimento de saúde;CLINICA GALHARDO;Cuiabá;4.38;até 5 km;manso_capital;;Não;sem atendimento hospitalar;-56.081152;-15.585172
estabelecimento de saúde;GIVALDO ALVES DE OLIVEIRA;Cuiabá;4.38;até 5 km;manso_capital;;Não;sem atendimento hospitalar;-56.076871;-15.588305
estabelecimento de saúde;LABORATORIO UNIMED CUIABA BOSQUE DA SAUDE;Cuiabá;4.39;até 5 km;manso_capital;;Não;sem atendimento hospitalar;-56.077821;-15.587391
estabelecimento de saúde;FACE ODONTOLOGIA;Cuiabá;4.39;até 5 km;manso_capital;;Não;sem atendimento hospitalar;-56.081832;-15.58463
estabelecimento de saúde;PLENIVIDA SAUDE INTEGRAL;Cuiabá;4.39;até 5 km;manso_capital;;Não;sem atendimento hospitalar;-56.050769;-15.608823
estabelecimento de saúde;ANA AMELIA DO NASCIMENTO CUNHA DA ROSA;Cuiabá;4.39;até 5 km;manso_capital;;Não;sem atendimento hospitalar;-56.077821;-15.587391
estabelecimento de saúde;REJANE CORREA SAUDE INTEGRADA E FISIOTERAPIA;Várzea Grande;4.39;até 5 km;manso_capital;;Não;sem atendimento hospitalar;-56.149664;-15.664197
estabelecimento de saúde;ANDREIA ATHAYDE FIRMIANO CASAROTTO;Cuiabá;4.4;até 5 km;manso_capital;;Não;sem atendimento hospitalar;-56.077135;-15.587864
estabelecimento de saúde;GERALDO MESSIAS SANTOS DA SILVA;Cuiabá;4.4;até 5 km;manso_capital;;Não;sem atendimento hospitalar;-56.077241;-15.587817
estabelecimento de saúde;GASTRUM;Cuiabá;4.4;até 5 km;manso_capital;;Não;sem atendimento hospitalar;-56.077104;-15.587874
estabelecimento de saúde;BRAUMPED;Cuiabá;4.4;até 5 km;manso_capital;;Não;sem atendimento hospitalar;-56.078425;-15.586785
estabelecimento de saúde;ECOAR CLINICA DE PSICOLOGIA LTDA;Cuiabá;4.4;até 5 km;manso_capital;;Não;sem atendimento hospitalar;-56.054746;-15.604551
estabelecimento de saúde;LUCIANO RICARDO FRANCA DA SILVA;Cuiabá;4.4;até 5 km;manso_capital;;Não;sem atendimento hospitalar;-56.077039;-15.587887
estabelecimento de saúde;GONCALO CURVO DA SILVA;Cuiabá;4.4;até 5 km;manso_capital;;Não;sem atendimento hospitalar;-56.076993;-15.587947
estabelecimento de saúde;FABIOLA LAUREN DE CASTRO SULZBACHER;Cuiabá;4.4;até 5 km;manso_capital;;Não;sem atendimento hospitalar;-56.077061;-15.587966
estabelecimento de saúde;MARIA GORETTI JULIANO MASSUDA;Cuiabá;4.4;até 5 km;manso_capital;;Não;sem atendimento hospitalar;-56.078105;-15.587124
estabelecimento de saúde;MF SERVICOS MEDICOS;Cuiabá;4.4;até 5 km;manso_capital;;Não;sem atendimento hospitalar;-56.075141;-15.589435
estabelecimento de saúde;INSTITUTO CUIABANO DE OTORRINOLARINGOLOGIA E CIRV CEVICO FAC;Cuiabá;4.4;até 5 km;manso_capital;;Não;sem atendimento hospitalar;-56.078105;-15.587124
estabelecimento de saúde;FISIOMT CLINICA DE FISIOTERAPIA;Cuiabá;4.41;até 5 km;manso_capital;;Não;sem atendimento hospitalar;-56.077049;-15.587859
estabelecimento de saúde;GEOVANNI BRAGA DE LIMA;Cuiabá;4.41;até 5 km;manso_capital;;Não;sem atendimento hospitalar;-56.077104;-15.587791
estabelecimento de saúde;ESPACO DIVERTIDAMENTE;Cuiabá;4.41;até 5 km;manso_capital;;Não;sem atendimento hospitalar;-56.054798;-15.604401
estabelecimento de saúde;LUIZ CEZAR DIAS BETONTI;Cuiabá;4.41;até 5 km;manso_capital;;Não;sem atendimento hospitalar;-56.077042;-15.587819
estabelecimento de saúde;VISIONARE CENTRO DE OFTALMOLOGIA;Cuiabá;4.41;até 5 km;manso_capital;;Sim;atendimento hospitalar;-56.076794;-15.588069
estabelecimento de saúde;CENTRO INTEGRADO DE CARDIOLOGIA;Cuiabá;4.41;até 5 km;manso_capital;;Não;sem atendimento hospitalar;-56.077888;-15.587091
estabelecimento de saúde;NEZER HUSSEIN REICHEMBACH FARES;Cuiabá;4.41;até 5 km;manso_capital;;Não;sem atendimento hospitalar;-56.079469;-15.586017
estabelecimento de saúde;MARCOS YASSUDA;Cuiabá;4.41;até 5 km;manso_capital;;Não;sem atendimento hospitalar;-56.077022;-15.587852
estabelecimento de saúde;UNIMED BOSQUE DA SAUDE;Cuiabá;4.42;até 5 km;manso_capital;;Não;sem atendimento hospitalar;-56.077027;-15.587714
estabelecimento de saúde;CADIM MEDICINA DIAGNOSTICA;Cuiabá;4.42;até 5 km;manso_capital;;Não;sem atendimento hospitalar;-56.078101;-15.586899
estabelecimento de saúde;HOSPITAL E MATERNIDADE SAO MATEUS;Cuiabá;4.42;até 5 km;manso_capital;;Sim;atendimento hospitalar;-56.07768;-15.58718
estabelecimento de saúde;REABILITARE CLINICA DE REABILITACAO NEUROLGICA;Cuiabá;4.42;até 5 km;manso_capital;;Não;sem atendimento hospitalar;-56.056794;-15.602556
estabelecimento de saúde;GERMANA DE FREITAS E SILVA MATIAS;Cuiabá;4.42;até 5 km;manso_capital;;Não;sem atendimento hospitalar;-56.077512;-15.587368
estabelecimento de saúde;RENATA SANTOS DE SOUZA MASSONI;Cuiabá;4.42;até 5 km;manso_capital;;Não;sem atendimento hospitalar;-56.077783;-15.587136
estabelecimento de saúde;ADRIANA MARIA DE CASTRO BORGES E LIMA;Cuiabá;4.42;até 5 km;manso_capital;;Não;sem atendimento hospitalar;-56.07952;-15.585764
estabelecimento de saúde;CLINCARDIO CLINICA CARDIOLOGICA LTDA;Cuiabá;4.42;até 5 km;manso_capital;;Não;sem atendimento hospitalar;-56.077442;-15.587345
estabelecimento de saúde;CLINICA DE DOR DR JOSE REINALDO COUTINHO;Cuiabá;4.42;até 5 km;manso_capital;;Não;sem atendimento hospitalar;-56.077494;-15.587296
estabelecimento de saúde;CLINICA HUMANAMENTE SERVICOS MEDICOS;Cuiabá;4.43;até 5 km;manso_capital;;Não;sem atendimento hospitalar;-56.082326;-15.583876
estabelecimento de saúde;NUTRIMIX;Cuiabá;4.43;até 5 km;manso_capital;;Não;sem atendimento hospitalar;-56.076684;-15.587859
estabelecimento de saúde;NICODEMOS NUNES DA COSTA;Cuiabá;4.43;até 5 km;manso_capital;;Não;sem atendimento hospitalar;-56.077113;-15.587487
estabelecimento de saúde;CLINICA DA MULHER;Cuiabá;4.43;até 5 km;manso_capital;;Não;sem atendimento hospitalar;-56.082325;-15.583922
estabelecimento de saúde;UROMED;Cuiabá;4.43;até 5 km;manso_capital;;Sim;atendimento hospitalar;-56.077653;-15.587112
estabelecimento de saúde;DROGASIL DS0744;Cuiabá;4.43;até 5 km;manso_capital;;;sem atendimento hospitalar;-56.078235;-15.586603
estabelecimento de saúde;JOSE CARLOS DANTAS DOS SANTOS;Cuiabá;4.43;até 5 km;manso_capital;;Não;sem atendimento hospitalar;-56.077427;-15.587258
estabelecimento de saúde;SOLANGE DE MORAIS MONTANHA;Cuiabá;4.43;até 5 km;manso_capital;;Não;sem atendimento hospitalar;-56.077641;-15.587097
estabelecimento de saúde;MAURO JARROS;Cuiabá;4.43;até 5 km;manso_capital;;Não;sem atendimento hospitalar;-56.078094;-15.586801
estabelecimento de saúde;ROSA ESTELA ROJAS DIAZ;Cuiabá;4.43;até 5 km;manso_capital;;Não;sem atendimento hospitalar;-56.078117;-15.586741
estabelecimento de saúde;CELSO FIMMO RODRIGUES;Cuiabá;4.43;até 5 km;manso_capital;;Não;sem atendimento hospitalar;-56.078027;-15.5868
estabelecimento de saúde;CANDICE CASTRO DE BARROS TAQUES;Cuiabá;4.43;até 5 km;manso_capital;;Não;sem atendimento hospitalar;-56.078047;-15.586832
estabelecimento de saúde;PAULA MACIEL SANTOS CAMPOS;Cuiabá;4.43;até 5 km;manso_capital;;Não;sem atendimento hospitalar;-56.077027;-15.587549
estabelecimento de saúde;RESPIRE SERVICOS MEDICOS;Cuiabá;4.43;até 5 km;manso_capital;;Não;sem atendimento hospitalar;-56.076727;-15.587879
estabelecimento de saúde;CLINICA MEDICA FADUL E CUNHA;Cuiabá;4.43;até 5 km;manso_capital;;Não;sem atendimento hospitalar;-56.07801;-15.586824
estabelecimento de saúde;VOX FONOAUDIOLOGIA;Cuiabá;4.43;até 5 km;manso_capital;;Não;sem atendimento hospitalar;-56.07707;-15.587507
estabelecimento de saúde;DROGARIA ATIVA;Cuiabá;4.44;até 5 km;manso_capital;;Não;sem atendimento hospitalar;-56.078065;-15.58663
estabelecimento de saúde;EXAME LABORATORIO;Cuiabá;4.44;até 5 km;manso_capital;;Não;sem atendimento hospitalar;-56.077375;-15.587211
estabelecimento de saúde;SAMU 192 CUIABA USA A4;Cuiabá;4.44;até 5 km;manso_capital;;;sem atendimento hospitalar;-56.084454;-15.582592
estabelecimento de saúde;MEDNEURO;Cuiabá;4.44;até 5 km;manso_capital;;Não;sem atendimento hospitalar;-56.078696;-15.586179
estabelecimento de saúde;ALEXANDRA SALES;Cuiabá;4.44;até 5 km;manso_capital;;Não;sem atendimento hospitalar;-56.077539;-15.587009
estabelecimento de saúde;VENCESLAU DE MATOS DOURADO;Cuiabá;4.44;até 5 km;manso_capital;;Não;sem atendimento hospitalar;-56.076984;-15.587549
estabelecimento de saúde;CLINICA VIVO MEDICINA;Cuiabá;4.44;até 5 km;manso_capital;;Não;sem atendimento hospitalar;-56.078651;-15.586243
estabelecimento de saúde;CLINICA DE FISIOTERAPIA RESPIRAR;Cuiabá;4.44;até 5 km;manso_capital;;Não;sem atendimento hospitalar;-56.077582;-15.587059
estabelecimento de saúde;COTE CENTRO DE ORTOPEDIA E TRAUMATOLOGIA ESPECIALIZADA;Cuiabá;4.45;até 5 km;manso_capital;;Não;sem atendimento hospitalar;-56.07748;-15.587018
estabelecimento de saúde;CAMPOS E ROMERO;Cuiabá;4.45;até 5 km;manso_capital;;Não;sem atendimento hospitalar;-56.07748;-15.587018
estabelecimento de saúde;UROCENTRO;Cuiabá;4.45;até 5 km;manso_capital;;Não;sem atendimento hospitalar;-56.07748;-15.587018
estabelecimento de saúde;DROGARIA SAO PAULO;Cuiabá;4.45;até 5 km;manso_capital;;Não;sem atendimento hospitalar;-56.078982;-15.585825
estabelecimento de saúde;CENTRO DE VIDEO ENDOSCOPIA;Cuiabá;4.45;até 5 km;manso_capital;;Não;sem atendimento hospitalar;-56.077478;-15.587023
estabelecimento de saúde;DINAMICA SAUDE;Cuiabá;4.45;até 5 km;manso_capital;;Não;sem atendimento hospitalar;-56.092824;-15.572203
estabelecimento de saúde;A M M MEDICAL;Cuiabá;4.45;até 5 km;manso_capital;;Não;sem atendimento hospitalar;-56.077483;-15.587018
estabelecimento de saúde;JORGE LUIZ NOVAK;Cuiabá;4.45;até 5 km;manso_capital;;Não;sem atendimento hospitalar;-56.077824;-15.586737
estabelecimento de saúde;CINECOR;Cuiabá;4.45;até 5 km;manso_capital;;Não;sem atendimento hospitalar;-56.077276;-15.587107
estabelecimento de saúde;GILBERTO SIEBERT FILHO;Cuiabá;4.45;até 5 km;manso_capital;;Não;sem atendimento hospitalar;-56.078581;-15.586185
estabelecimento de saúde;ELTON HUGO MAIA TEIXEIRA;Cuiabá;4.45;até 5 km;manso_capital;;Não;sem atendimento hospitalar;-56.077483;-15.587018
estabelecimento de saúde;VICTOR RODRIGUES;Cuiabá;4.45;até 5 km;manso_capital;;Não;sem atendimento hospitalar;-56.080054;-15.585069
estabelecimento de saúde;NILZA CARDOSO DOURADO;Cuiabá;4.45;até 5 km;manso_capital;;Não;sem atendimento hospitalar;-56.080045;-15.585072
estabelecimento de saúde;DANIELA FARIA DE AGUIAR;Cuiabá;4.45;até 5 km;manso_capital;;Não;sem atendimento hospitalar;-56.07748;-15.587018
estabelecimento de saúde;WESLEY CORDEIRO VIANA;Cuiabá;4.45;até 5 km;manso_capital;;Não;sem atendimento hospitalar;-56.077027;-15.587383
estabelecimento de saúde;MARCELO DA ROCHA DUTRA;Cuiabá;4.45;até 5 km;manso_capital;;Não;sem atendimento hospitalar;-56.077832;-15.58675
estabelecimento de saúde;CIAF CENTRO INTEGRADO DE ACUPUNTURA E FONOAUDIOLOGIA;Cuiabá;4.45;até 5 km;manso_capital;;Não;sem atendimento hospitalar;-56.079826;-15.585231
estabelecimento de saúde;ADRIANA CANDIDA ALBUQUERQUE NOGUEIRA;Cuiabá;4.45;até 5 km;manso_capital;;Não;sem atendimento hospitalar;-56.079825;-15.585224
estabelecimento de saúde;ANDRE DESTEFANI MONTEIRO;Cuiabá;4.45;até 5 km;manso_capital;;Não;sem atendimento hospitalar;-56.07858;-15.586156
estabelecimento de saúde;COOPERMED;Cuiabá;4.45;até 5 km;manso_capital;;;sem atendimento hospitalar;-56.079877;-15.585203
estabelecimento de saúde;KEYLA MEDEIROS MAIA SILVA;Cuiabá;4.46;até 5 km;manso_capital;;Não;sem atendimento hospitalar;-56.077354;-15.586964
estabelecimento de saúde;ODONTOCATO;Cuiabá;4.46;até 5 km;manso_capital;;Não;sem atendimento hospitalar;-56.079883;-15.585173
estabelecimento de saúde;CENTRO INTTEGRARE DE PSICOLOGIA;Cuiabá;4.46;até 5 km;manso_capital;;Não;sem atendimento hospitalar;-56.079998;-15.58503
estabelecimento de saúde;VELOSO SERVICOS MEDICOS;Cuiabá;4.47;até 5 km;manso_capital;;Não;sem atendimento hospitalar;-56.081444;-15.584032
estabelecimento de saúde;CLINICA ORIGAMI ESPECIALIZADA EM ABA;Cuiabá;4.47;até 5 km;manso_capital;;Não;sem atendimento hospitalar;-56.076493;-15.587593
estabelecimento de saúde;TEDILAMAR DE LOURDES GARLET ARFOX;Cuiabá;4.47;até 5 km;manso_capital;;Não;sem atendimento hospitalar;-56.079818;-15.585039
estabelecimento de saúde;HIRSCHS APARELHOS AUDITIVOS;Cuiabá;4.47;até 5 km;manso_capital;;Não;sem atendimento hospitalar;-56.333605;-14.709042
estabelecimento de saúde;FABIOLA LAUREN DE CASTRO SULZBACHER;Cuiabá;4.47;até 5 km;manso_capital;;Não;sem atendimento hospitalar;-56.082438;-15.583441
estabelecimento de saúde;RONALDO SILVA JARDIM;Cuiabá;4.47;até 5 km;manso_capital;;Não;sem atendimento hospitalar;-56.079823;-15.585063
estabelecimento de saúde;INOVA TELEDIGITAL;Cuiabá;4.48;até 5 km;manso_capital;;Não;sem atendimento hospitalar;-56.079806;-15.584984
estabelecimento de saúde;CONSULTORIO ODONTOLOGICO MORENO;Cuiabá;4.48;até 5 km;manso_capital;;Não;sem atendimento hospitalar;-56.079846;-15.584922
estabelecimento de saúde;INARA PAULA SILVEIRA DA SILVA WEISSHEIMER;Cuiabá;4.48;até 5 km;manso_capital;;Não;sem atendimento hospitalar;-56.088032;-15.58058
estabelecimento de saúde;CINECOR;Cuiabá;4.48;até 5 km;manso_capital;;Não;sem atendimento hospitalar;-56.077187;-15.586847
estabelecimento de saúde;CLINICA INSTITUTO DA FACE;Cuiabá;4.48;até 5 km;manso_capital;;Não;sem atendimento hospitalar;-56.076883;-15.587108
estabelecimento de saúde;JOSENITA SOARES DE OLIVEIRA;Cuiabá;4.49;até 5 km;manso_capital;;Não;sem atendimento hospitalar;-56.084186;-15.582303
estabelecimento de saúde;JOSE ALFREDO SEJOPOLES;Cuiabá;4.49;até 5 km;manso_capital;;Não;sem atendimento hospitalar;-56.079716;-15.584908
estabelecimento de saúde;ESPACO CRESCER REABILITACAO NEUROFUNCIOAL;Cuiabá;4.49;até 5 km;manso_capital;;Não;sem atendimento hospitalar;-56.057588;-15.60105
estabelecimento de saúde;MARCIA SODRE PACHE GOMES;Cuiabá;4.49;até 5 km;manso_capital;;Não;sem atendimento hospitalar;-56.072381;-15.590564
estabelecimento de saúde;AGAPE CLINICA DE PSICOLOGIA;Cuiabá;4.5;até 5 km;manso_capital;;Não;sem atendimento hospitalar;-56.084557;-15.582003
estabelecimento de saúde;VITORIA AGUIRRE BARION;Cuiabá;4.51;até 5 km;manso_capital;;Não;sem atendimento hospitalar;-56.079612;-15.584719
estabelecimento de saúde;LIVIA LACERDA VIEIRA SANTOS;Cuiabá;4.51;até 5 km;manso_capital;;Não;sem atendimento hospitalar;-56.08009;-15.58439
estabelecimento de saúde;SAUDE ON;Cuiabá;4.53;até 5 km;manso_capital;;Não;sem atendimento hospitalar;-56.084668;-15.581644
estabelecimento de saúde;SMC;Cuiabá;4.53;até 5 km;manso_capital;;Não;sem atendimento hospitalar;-56.080176;-15.584142
estabelecimento de saúde;MM SERVICO DE FISIOTERAPIA PELVICA;Cuiabá;4.53;até 5 km;manso_capital;;Não;sem atendimento hospitalar;-56.05756;-15.600545
estabelecimento de saúde;MARCO ANTONIO GONCALVES PREZA;Cuiabá;4.54;até 5 km;manso_capital;;Não;sem atendimento hospitalar;-56.074463;-15.588378
estabelecimento de saúde;L F SERVICOS MEDICOS;Cuiabá;4.56;até 5 km;manso_capital;;Não;sem atendimento hospitalar;-56.075299;-15.587501
estabelecimento de saúde;CLINICA DR MARCOS ANTONIO GARCIA;Cuiabá;4.56;até 5 km;manso_capital;;Não;sem atendimento hospitalar;-56.076428;-15.586596
estabelecimento de saúde;SAMU 192 CUIABA USB GMAU 01 MOTO 2;Cuiabá;4.56;até 5 km;manso_capital;;;sem atendimento hospitalar;-56.08256;-15.582369
estabelecimento de saúde;SAMU 192 CUIABA USB MOTO NJT2773;Cuiabá;4.56;até 5 km;manso_capital;;;sem atendimento hospitalar;-56.082673;-15.582364
estabelecimento de saúde;SAMU 192 CUIABA USB GMAU 01 MOTO 1;Cuiabá;4.56;até 5 km;manso_capital;;;sem atendimento hospitalar;-56.08256;-15.582369
estabelecimento de saúde;SAMU 192 CUIABA USB MOTO NJT2723;Cuiabá;4.56;até 5 km;manso_capital;;;sem atendimento hospitalar;-56.08256;-15.582369
estabelecimento de saúde;SAMU 192 CUIABA USB MOTO NJT2823;Cuiabá;4.57;até 5 km;manso_capital;;;sem atendimento hospitalar;-56.08263;-15.582302
estabelecimento de saúde;PSIQUE MED PLAN SERVICOS MEDICOS;Cuiabá;4.57;até 5 km;manso_capital;;Não;sem atendimento hospitalar;-56.076294;-15.586542
estabelecimento de saúde;LEVEMENTE CLINICA DE PSICOLOGIA;Cuiabá;4.57;até 5 km;manso_capital;;Não;sem atendimento hospitalar;-56.076292;-15.586591
estabelecimento de saúde;LEILA FIGUEIREDO ALVES CORREA;Cuiabá;4.6;até 5 km;manso_capital;;Não;sem atendimento hospitalar;-56.055126;-15.601783
estabelecimento de saúde;STUDIO PILATES DO BOSQUE;Cuiabá;4.6;até 5 km;manso_capital;;Não;sem atendimento hospitalar;-56.075218;-15.587085
estabelecimento de saúde;DNA NUTRI;Cuiabá;4.61;até 5 km;manso_capital;;Não;sem atendimento hospitalar;-56.06126;-15.597026
estabelecimento de saúde;ABL FISIO LTDA;Cuiabá;4.61;até 5 km;manso_capital;;Não;sem atendimento hospitalar;-56.075148;-15.586976
estabelecimento de saúde;ESPACO MAIS INTERACAO;Cuiabá;4.62;até 5 km;jusante_capital;;Não;sem atendimento hospitalar;-56.027674;-15.690229
estabelecimento de saúde;ENLEVA ODONTOLOGIA INTEGRADA;Cuiabá;4.63;até 5 km;manso_capital;;Não;sem atendimento hospitalar;-56.081093;-15.582513
estabelecimento de saúde;DROGARIA LONGA VIDA;Cuiabá;4.63;até 5 km;manso_capital;;Não;sem atendimento hospitalar;-56.084997;-15.580503
estabelecimento de saúde;CONSULTORIO DE PSICANALISE ALINE CAMPOS;Cuiabá;4.63;até 5 km;manso_capital;;Não;sem atendimento hospitalar;-56.079265;-15.583621
estabelecimento de saúde;NEUROCOG SAUDE E BEM ESTAR;Cuiabá;4.63;até 5 km;manso_capital;;Não;sem atendimento hospitalar;-56.087726;-15.579196
estabelecimento de saúde;INSTITUTO ODONTOLOGICO;Cuiabá;4.63;até 5 km;manso_capital;;Não;sem atendimento hospitalar;-56.078529;-15.58419
estabelecimento de saúde;USF RESIDENCIAL COXIPO III;Cuiabá;4.64;até 5 km;jusante_capital;;Não;sem atendimento hospitalar;-56.026722;-15.656119
estabelecimento de saúde;CONCESSIONARIA ROTA DO OESTE SAU11;Nobres;4.64;até 5 km;manso_capital;;Não;sem atendimento hospitalar;-56.321626;-14.705905
estabelecimento de saúde;DENTE LIFE;Várzea Grande;4.65;até 5 km;manso_capital;;Não;sem atendimento hospitalar;-56.174342;-15.639108
estabelecimento de saúde;ESPACO MENTE CONSCIENTE;Cuiabá;4.66;até 5 km;manso_capital;;Não;sem atendimento hospitalar;-56.087698;-15.57894
estabelecimento de saúde;CLINICA DE ALERGIA E IMUNOLOGIA DR JULIANO PHILIPPI;Cuiabá;4.66;até 5 km;manso_capital;;Não;sem atendimento hospitalar;-56.076402;-15.585368
estabelecimento de saúde;CUIDAR E FLORIR CLINICA DE PSICOLOGIA;Cuiabá;4.67;até 5 km;manso_capital;;Não;sem atendimento hospitalar;-56.047683;-15.608577
estabelecimento de saúde;VIVALDO NAVES DE OLIVEIRA;Cuiabá;4.69;até 5 km;manso_capital;;Não;sem atendimento hospitalar;-56.076477;-15.585038
estabelecimento de saúde;IMUNOCLIN CLINICA DE VACINAS;Cuiabá;4.72;até 5 km;manso_capital;;Não;sem atendimento hospitalar;-56.076665;-15.584551
estabelecimento de saúde;CLINICA DE PSICOLOGIA BEM TE VI ESPECIALIZADA EM ABA;Cuiabá;4.72;até 5 km;manso_capital;;Não;sem atendimento hospitalar;-56.048844;-15.606487
estabelecimento de saúde;BENEDITO CESARINO LARA FERNANDES;Cuiabá;4.73;até 5 km;manso_capital;;Não;sem atendimento hospitalar;-56.078117;-15.583376
estabelecimento de saúde;USF CABO MICHEL TEREZINHA MARIA DE CAMPOS KALIX;Várzea Grande;4.73;até 5 km;jusante_capital;;Não;sem atendimento hospitalar;-56.149581;-15.670782
estabelecimento de saúde;ARLAN DE AZEVEDO FERREIRA;Cuiabá;4.74;até 5 km;manso_capital;;Não;sem atendimento hospitalar;-56.078028;-15.5833
estabelecimento de saúde;LETICIA WISNIESKI BETT;Cuiabá;4.75;até 5 km;manso_capital;;Não;sem atendimento hospitalar;-56.058318;-15.597474
estabelecimento de saúde;PAULA CORDEIRO;Cuiabá;4.78;até 5 km;manso_capital;;Não;sem atendimento hospitalar;-56.081457;-15.580759
estabelecimento de saúde;USF JARDIM LEBLON;Cuiabá;4.78;até 5 km;manso_capital;;Não;sem atendimento hospitalar;-56.091181;-15.565671
estabelecimento de saúde;FONODIALOGAR;Várzea Grande;4.79;até 5 km;jusante_capital;;Não;sem atendimento hospitalar;-56.159116;-15.694007
estabelecimento de saúde;AC FENIX CONSULTORIA RH;Cuiabá;4.8;até 5 km;manso_capital;;Não;sem atendimento hospitalar;-56.08021;-15.581233
estabelecimento de saúde;GO BABY CLINICA PEDIATRICA;Cuiabá;4.81;até 5 km;manso_capital;;Não;sem atendimento hospitalar;-56.049067;-15.604898
estabelecimento de saúde;WATZEL SERVICOS MEDICOS;Cuiabá;4.82;até 5 km;manso_capital;;Não;sem atendimento hospitalar;-56.131009;-15.518498
estabelecimento de saúde;HFM OB SERVICOS MEDICOS LTDA;Cuiabá;4.83;até 5 km;manso_capital;;Não;sem atendimento hospitalar;-56.046699;-15.607544
estabelecimento de saúde;YULIA JACOB DE MORAES;Cuiabá;4.83;até 5 km;manso_capital;;Não;sem atendimento hospitalar;-56.077434;-15.582741
estabelecimento de saúde;MEIRE HERIS MARTINEZ NEVES RIBEIRO;Cuiabá;4.83;até 5 km;manso_capital;;Não;sem atendimento hospitalar;-56.077267;-15.582834
estabelecimento de saúde;ROSANA TREVISAN DOS SANTOS;Cuiabá;4.84;até 5 km;manso_capital;;Não;sem atendimento hospitalar;-56.077367;-15.582684
estabelecimento de saúde;FLAVIANE CAMARGO CLINICA DE PSICOLOGIA;Cuiabá;4.84;até 5 km;manso_capital;;Não;sem atendimento hospitalar;-56.077361;-15.582655
estabelecimento de saúde;MAIRA FAVALI CLINICA DE PSICOLOGIA;Cuiabá;4.84;até 5 km;manso_capital;;Não;sem atendimento hospitalar;-56.077361;-15.582655
estabelecimento de saúde;FRANCISCO CARLOS CERQUEIRA;Cuiabá;4.86;até 5 km;manso_capital;;Não;sem atendimento hospitalar;-56.077121;-15.582624
estabelecimento de saúde;CONSULTORIO DRA LUCIANA NEDER LTDA;Cuiabá;4.88;até 5 km;manso_capital;;Não;sem atendimento hospitalar;-56.060828;-15.594309
estabelecimento de saúde;VALERIA ROCHA RIPARI;Cuiabá;4.88;até 5 km;manso_capital;;Não;sem atendimento hospitalar;-56.060851;-15.594292
estabelecimento de saúde;DRA ROBERTA COELHO SERVICOS MEDICOS LTDA;Cuiabá;4.89;até 5 km;manso_capital;;Não;sem atendimento hospitalar;-56.06074;-15.594345
estabelecimento de saúde;LABORATORIO GENOMA;Cuiabá;4.89;até 5 km;manso_capital;;Não;sem atendimento hospitalar;-56.079361;-15.580788
estabelecimento de saúde;PONCIONI SERVICOS MEDICOS;Cuiabá;4.9;até 5 km;manso_capital;;Não;sem atendimento hospitalar;-56.076453;-15.582603
estabelecimento de saúde;VIVER MELHOR;Cuiabá;4.9;até 5 km;manso_capital;;Não;sem atendimento hospitalar;-56.076453;-15.582603
estabelecimento de saúde;INSTITUTO MAHFOUZ;Cuiabá;4.9;até 5 km;manso_capital;;Não;sem atendimento hospitalar;-56.060535;-15.594331
estabelecimento de saúde;USF CAPAO GRANDE MARIA JOSE PEDROSA;Várzea Grande;4.9;até 5 km;jusante_capital;;Não;sem atendimento hospitalar;-56.159964;-15.703346
estabelecimento de saúde;USF ALVORADA;Cuiabá;4.91;até 5 km;manso_capital;;Não;sem atendimento hospitalar;-56.081388;-15.579447
estabelecimento de saúde;EIKON DIAGNOSTICOS MEDICOS;Cuiabá;4.91;até 5 km;manso_capital;;;sem atendimento hospitalar;-56.077494;-15.581768
estabelecimento de saúde;RUBIA BERTOLDO VESTENA;Cuiabá;4.91;até 5 km;manso_capital;;Não;sem atendimento hospitalar;-56.078041;-15.581396
estabelecimento de saúde;IZAUL DE ALMEIDA NASCIMENTO;Cuiabá;4.91;até 5 km;manso_capital;;Não;sem atendimento hospitalar;-56.076937;-15.582208
estabelecimento de saúde;SARAH DE FREITAS NOVAIS;Cuiabá;4.91;até 5 km;manso_capital;;Não;sem atendimento hospitalar;-56.076935;-15.582126
estabelecimento de saúde;IDAC;Cuiabá;4.92;até 5 km;manso_capital;;Não;sem atendimento hospitalar;-56.077116;-15.581908
estabelecimento de saúde;ECHAD ESPACO VIDA SAUDE;Cuiabá;4.93;até 5 km;manso_capital;;Não;sem atendimento hospitalar;-56.097366;-15.548569
estabelecimento de saúde;MEDIODONTO CLINICA MEDICA;Cuiabá;4.93;até 5 km;manso_capital;;Não;sem atendimento hospitalar;-56.076227;-15.582442
estabelecimento de saúde;DROGARIA SAO PAULO;Cuiabá;4.93;até 5 km;manso_capital;;Não;sem atendimento hospitalar;-56.059876;-15.594413
estabelecimento de saúde;MARINA FARIA FEDRIZZI;Cuiabá;4.93;até 5 km;manso_capital;;Não;sem atendimento hospitalar;-56.076848;-15.582065
estabelecimento de saúde;AGAPE;Cuiabá;4.93;até 5 km;manso_capital;;Não;sem atendimento hospitalar;-56.077574;-15.581539
estabelecimento de saúde;CONSULTORIO SABRINA DA FONSECA;Cuiabá;4.94;até 5 km;manso_capital;;Não;sem atendimento hospitalar;-56.060386;-15.594008
estabelecimento de saúde;VALMIR APARECIDO FRANCO;Cuiabá;4.94;até 5 km;manso_capital;;Não;sem atendimento hospitalar;-56.07765;-15.58137
estabelecimento de saúde;PLASTICA MT;Cuiabá;4.94;até 5 km;manso_capital;;Não;sem atendimento hospitalar;-56.060261;-15.594066
estabelecimento de saúde;OLIVEIRA;Cuiabá;4.94;até 5 km;manso_capital;;Não;sem atendimento hospitalar;-56.077473;-15.581437
estabelecimento de saúde;CADIM CENTRO AVANCADO DE DIAGNOSTICO POR IMAGEM LTDA;Cuiabá;4.94;até 5 km;manso_capital;;Não;sem atendimento hospitalar;-56.076306;-15.582323
estabelecimento de saúde;EMPATICA PSICOLOGIA E SAUDE;Cuiabá;4.94;até 5 km;manso_capital;;Não;sem atendimento hospitalar;-56.077655;-15.581313
estabelecimento de saúde;DESAFIO PENIEL;Várzea Grande;4.94;até 5 km;jusante_capital;;Não;sem atendimento hospitalar;-56.155502;-15.676602
estabelecimento de saúde;FARMACIA PAGUE MENOS;Cuiabá;4.95;até 5 km;manso_capital;;Não;sem atendimento hospitalar;-56.077619;-15.581242
estabelecimento de saúde;NB CLINICA ODONTOLOGIA;Cuiabá;4.96;até 5 km;manso_capital;;Não;sem atendimento hospitalar;-56.077596;-15.58122
estabelecimento de saúde;IB LABORATORIO;Cuiabá;4.96;até 5 km;manso_capital;;;sem atendimento hospitalar;-56.077655;-15.581099
estabelecimento de saúde;GLAICE FRANCA ERRERA;Cuiabá;4.96;até 5 km;manso_capital;;Não;sem atendimento hospitalar;-56.077612;-15.58121
estabelecimento de saúde;ORTODONTIA FERREIRA;Cuiabá;4.96;até 5 km;manso_capital;;Não;sem atendimento hospitalar;-56.077312;-15.581354
estabelecimento de saúde;LUCIANA BELON FERNANDES ZAGO;Cuiabá;4.96;até 5 km;manso_capital;;Não;sem atendimento hospitalar;-56.077631;-15.58116
estabelecimento de saúde;FERNANDA SILVA LEMES;Cuiabá;4.97;até 5 km;manso_capital;;Não;sem atendimento hospitalar;-56.077298;-15.581298
estabelecimento de saúde;LUIZ AUGUSTO CAVALLINI MENECHINO;Cuiabá;4.97;até 5 km;manso_capital;;Não;sem atendimento hospitalar;-56.07745;-15.581158
estabelecimento de saúde;CLINICA PEQUENOS PASSOS;Várzea Grande;4.97;até 5 km;manso_capital;;Não;sem atendimento hospitalar;-56.166547;-15.657352
estabelecimento de saúde;LAURA LERMEN ATIVIDADE MEDICA;Cuiabá;4.98;até 5 km;manso_capital;;Não;sem atendimento hospitalar;-56.077562;-15.581014
estabelecimento de saúde;THIAGO BEZERRA DA SILVA;Cuiabá;4.98;até 5 km;manso_capital;;Não;sem atendimento hospitalar;-56.077194;-15.581261
estabelecimento de saúde;THAYSSA FERRAZ DA GAMA PSICOLOGIA;Cuiabá;4.98;até 5 km;manso_capital;;Não;sem atendimento hospitalar;-56.077548;-15.581003
estabelecimento de saúde;LUIS EDUARDO SHIGUEKI MASHIMA;Cuiabá;4.98;até 5 km;manso_capital;;Não;sem atendimento hospitalar;-56.077444;-15.581102
estabelecimento de saúde;RADIUS DIAGNOSTICOS POR IMAGEM;Cuiabá;5.01;até 10 km;manso_capital;;Não;sem atendimento hospitalar;-56.076677;-15.581286
estabelecimento de saúde;RAIA DROGASIL S A;Cuiabá;5.01;até 10 km;manso_capital;;Não;sem atendimento hospitalar;-56.059897;-15.593544
estabelecimento de saúde;HELIO BORBA MORATELLI;Cuiabá;5.01;até 10 km;manso_capital;;Não;sem atendimento hospitalar;-56.084655;-15.576821
estabelecimento de saúde;ELVANY VERONICA DOS SANTOS;Cuiabá;5.02;até 10 km;manso_capital;;Não;sem atendimento hospitalar;-56.076698;-15.581157
estabelecimento de saúde;CLINICA DR JOAO AUGUSTO MESSIAS;Cuiabá;5.03;até 10 km;manso_capital;;Não;sem atendimento hospitalar;-56.076752;-15.581018
estabelecimento de saúde;SELFIQUE PSICOLOGIA;Cuiabá;5.03;até 10 km;manso_capital;;Não;sem atendimento hospitalar;-56.076527;-15.58108
estabelecimento de saúde;COGNITIVE PSICOLOGIA;Cuiabá;5.04;até 10 km;manso_capital;;Não;sem atendimento hospitalar;-56.076806;-15.580811
estabelecimento de saúde;DGM ASSISTENCIA MEDICA;Cuiabá;5.04;até 10 km;manso_capital;;Não;sem atendimento hospitalar;-56.076861;-15.580758
estabelecimento de saúde;CARDIOCENTER MT SERVICOS CARDIOLOGICOS;Cuiabá;5.06;até 10 km;manso_capital;;Não;sem atendimento hospitalar;-56.077902;-15.579887
estabelecimento de saúde;L A B D E P R OT E S E D E N T A R I A RONDON;Cuiabá;5.07;até 10 km;manso_capital;;Não;sem atendimento hospitalar;-56.083369;-15.576853
estabelecimento de saúde;ODONTOLOGIA SIQUEIRA;Cuiabá;5.07;até 10 km;manso_capital;;Não;sem atendimento hospitalar;-56.077198;-15.580202
estabelecimento de saúde;LUCINEY PAULA ENTRELACOS CONSULTORIO DE PSICOLOGIA;Cuiabá;5.09;até 10 km;manso_capital;;Não;sem atendimento hospitalar;-56.077902;-15.579556
estabelecimento de saúde;FARMACIA PAGUE MENOS;Cuiabá;5.09;até 10 km;manso_capital;;Não;sem atendimento hospitalar;-56.060355;-15.592363
estabelecimento de saúde;CBS SERVICOS MEDICOS LTDA;Cuiabá;5.1;até 10 km;manso_capital;;Não;sem atendimento hospitalar;-56.077644;-15.579639
estabelecimento de saúde;VIVIAN UEMURA;Cuiabá;5.1;até 10 km;manso_capital;;Não;sem atendimento hospitalar;-56.07773;-15.579556
estabelecimento de saúde;FISIOATIVA;Cuiabá;5.12;até 10 km;manso_capital;;Não;sem atendimento hospitalar;-56.077441;-15.57954
estabelecimento de saúde;PRISCILLA MICKOSZ SERVICOS MEDICOS;Cuiabá;5.12;até 10 km;manso_capital;;Não;sem atendimento hospitalar;-56.077644;-15.579391
estabelecimento de saúde;USF TERRA NOVA;Cuiabá;5.13;até 10 km;manso_capital;;Não;sem atendimento hospitalar;-56.073706;-15.582079
estabelecimento de saúde;ANJOS DA VIDA MAIS SAUDE;Cuiabá;5.14;até 10 km;manso_capital;;;sem atendimento hospitalar;-56.077816;-15.579102
estabelecimento de saúde;USF SANTA ISABEL NEUZALINA FIGUEIREDO DE FREITAS;Várzea Grande;5.15;até 10 km;manso_capital;;Não;sem atendimento hospitalar;-56.173018;-15.650806
estabelecimento de saúde;DR VITOR CANDIDO ARAUJO GUIMARAES;Cuiabá;5.16;até 10 km;manso_capital;;Não;sem atendimento hospitalar;-56.067335;-15.586794
estabelecimento de saúde;SPAZZIO CORPUS;Cuiabá;5.17;até 10 km;manso_capital;;Não;sem atendimento hospitalar;-56.070961;-15.583791
estabelecimento de saúde;VCQ SERVICOS MEDICOS;Cuiabá;5.18;até 10 km;manso_capital;;;sem atendimento hospitalar;-56.077215;-15.57906
estabelecimento de saúde;CASAI CUIABA;Cuiabá;5.21;até 10 km;jusante_capital;;Não;sem atendimento hospitalar;-56.058975;-15.74029
estabelecimento de saúde;RENATO BONAFIM;Cuiabá;5.22;até 10 km;manso_capital;;Não;sem atendimento hospitalar;-56.068526;-15.585085
estabelecimento de saúde;USF JARDIM MARAJOARA DRA ARMINDA GUIMARAES SATO;Várzea Grande;5.24;até 10 km;manso_capital;;Não;sem atendimento hospitalar;-56.16889;-15.658433
estabelecimento de saúde;INSTITUTO QUALIVIDA BRASIL;Cuiabá;5.25;até 10 km;jusante_capital;;Não;sem atendimento hospitalar;-56.02434;-15.629702
estabelecimento de saúde;ESPACO RECRIAR ESPECIALIZAZADO EM ABA;Cuiabá;5.26;até 10 km;manso_capital;;Não;sem atendimento hospitalar;-56.082472;-15.575307
estabelecimento de saúde;INSTITUTO LEAO KIDS;Cuiabá;5.27;até 10 km;manso_capital;;Não;sem atendimento hospitalar;-56.082456;-15.575266
estabelecimento de saúde;IDEA INSTITUTO DE DERMATOLOGIA E ESTETICA;Cuiabá;5.29;até 10 km;manso_capital;;Não;sem atendimento hospitalar;-56.077355;-15.577812
estabelecimento de saúde;GRANDY DH;Cuiabá;5.3;até 10 km;manso_capital;;Não;sem atendimento hospitalar;-56.061322;-15.589605
estabelecimento de saúde;DR VICTOR ALBUQUERQUE CLINICA MEDICA;Cuiabá;5.3;até 10 km;manso_capital;;Não;sem atendimento hospitalar;-56.061063;-15.589791
estabelecimento de saúde;CLINICA ESPERANCA;Cuiabá;5.3;até 10 km;jusante_capital;;Não;sem atendimento hospitalar;-56.023905;-15.629573
estabelecimento de saúde;LGI MEDICOS;Cuiabá;5.31;até 10 km;manso_capital;;Não;sem atendimento hospitalar;-56.086179;-15.565502
estabelecimento de saúde;VERITA CARE CUIABA;Cuiabá;5.31;até 10 km;manso_capital;;Não;sem atendimento hospitalar;-56.066629;-15.585678
estabelecimento de saúde;PRAXIS DESENVOLVIMENTO INFANTIL;Cuiabá;5.31;até 10 km;manso_capital;;Não;sem atendimento hospitalar;-56.066582;-15.585656
estabelecimento de saúde;TOSENSORY;Cuiabá;5.31;até 10 km;manso_capital;;Não;sem atendimento hospitalar;-56.066582;-15.585664
estabelecimento de saúde;EVOLUE PSICOLOGIA;Cuiabá;5.33;até 10 km;manso_capital;;Não;sem atendimento hospitalar;-56.085902;-15.565872
estabelecimento de saúde;CENTRO HIPICO RANCHO DOURADO;Cuiabá;5.33;até 10 km;manso_capital;;Não;sem atendimento hospitalar;-56.046606;-15.600566
estabelecimento de saúde;VEDANA FISIOTERAPIA;Cuiabá;5.36;até 10 km;jusante_capital;;Não;sem atendimento hospitalar;-56.019908;-15.650708
estabelecimento de saúde;CLINICA NEXUS PSICOLOGIA;Cuiabá;5.36;até 10 km;jusante_capital;;Não;sem atendimento hospitalar;-56.03376;-15.613192
estabelecimento de saúde;FISIO EAN;Cuiabá;5.38;até 10 km;jusante_capital;;Não;sem atendimento hospitalar;-56.021215;-15.635834
estabelecimento de saúde;J C IMAGENS LTDA;Cuiabá;5.4;até 10 km;jusante_capital;;Não;sem atendimento hospitalar;-56.023438;-15.628184
estabelecimento de saúde;ESPACO VEM SER POLO 02;Cuiabá;5.41;até 10 km;manso_capital;;Não;sem atendimento hospitalar;-56.045802;-15.600312
estabelecimento de saúde;JOANA MULLER AFFI;Cuiabá;5.42;até 10 km;jusante_capital;;Não;sem atendimento hospitalar;-56.036034;-15.610359
estabelecimento de saúde;USF JARDIM VITORIA II;Cuiabá;5.42;até 10 km;jusante_capital;;Não;sem atendimento hospitalar;-56.035107;-15.611115
estabelecimento de saúde;KARINE FERNANDES SOARES DA SILVA;Cuiabá;5.42;até 10 km;jusante_capital;;Não;sem atendimento hospitalar;-56.020923;-15.635186
estabelecimento de saúde;ATELIE DO SORRISO;Cuiabá;5.42;até 10 km;jusante_capital;;Não;sem atendimento hospitalar;-56.021273;-15.633976
estabelecimento de saúde;TM SERVICOS DE ESTETICA E BELEZA;Cuiabá;5.43;até 10 km;manso_capital;;Não;sem atendimento hospitalar;-56.082355;-15.57374
estabelecimento de saúde;HIDROCLIN CLINICA DE FISIOTERAPIA;Cuiabá;5.44;até 10 km;manso_capital;;Não;sem atendimento hospitalar;-56.097286;-15.539518
estabelecimento de saúde;LUDMILA TERESA MIRANDA GUIMARAES;Cuiabá;5.45;até 10 km;manso_capital;;Não;sem atendimento hospitalar;-56.075412;-15.577322
estabelecimento de saúde;IRENIR ALVES DA SILVA ROCHA;Cuiabá;5.5;até 10 km;jusante_capital;;Não;sem atendimento hospitalar;-56.020336;-15.634604
estabelecimento de saúde;CRIAZE DESENVOLVENDO HABILIDADES;Cuiabá;5.5;até 10 km;jusante_capital;;Não;sem atendimento hospitalar;-56.027645;-15.618671
estabelecimento de saúde;HORN PSICOLOGIA;Cuiabá;5.5;até 10 km;jusante_capital;;Não;sem atendimento hospitalar;-56.027645;-15.618671
estabelecimento de saúde;USF ALTOS DA SERRA II;Cuiabá;5.52;até 10 km;jusante_capital;;Não;sem atendimento hospitalar;-56.03328;-15.611628
estabelecimento de saúde;ALENTO MEDICINA PARA TODOS;Várzea Grande;5.55;até 10 km;manso_capital;;Não;sem atendimento hospitalar;-56.169162;-15.662372
estabelecimento de saúde;RAIA DROGASIL S A;Cuiabá;5.62;até 10 km;manso_capital;;Não;sem atendimento hospitalar;-56.05856;-15.587865
estabelecimento de saúde;CLINICA MEDICA TIJUCAL;Cuiabá;5.65;até 10 km;jusante_capital;;Não;sem atendimento hospitalar;-56.018639;-15.635498
estabelecimento de saúde;FISIOMOVE;Cuiabá;5.66;até 10 km;manso_capital;;Não;sem atendimento hospitalar;-56.052634;-15.591334
estabelecimento de saúde;DROGARIA RAIA DS1156;Cuiabá;5.7;até 10 km;manso_capital;;Não;sem atendimento hospitalar;-56.071446;-15.577207
estabelecimento de saúde;LUCAS COELHO MIRANDA;Cuiabá;5.71;até 10 km;manso_capital;;Não;sem atendimento hospitalar;-56.094434;-15.539611
estabelecimento de saúde;DROGARIA ULTRAPOPULAR;Várzea Grande;5.74;até 10 km;manso_capital;;;sem atendimento hospitalar;-56.182945;-15.6443
estabelecimento de saúde;CLINICA ODONTOLOGICA DO TIJUCAL;Cuiabá;5.76;até 10 km;jusante_capital;;Não;sem atendimento hospitalar;-56.0176;-15.635357
estabelecimento de saúde;ODONTOLOGIA PRADO;Cuiabá;5.77;até 10 km;jusante_capital;;Não;sem atendimento hospitalar;-56.164615;-15.678467
estabelecimento de saúde;MARIA INES BARROS TENUTA;Cuiabá;5.78;até 10 km;manso_capital;;Não;sem atendimento hospitalar;-56.071593;-15.576288
estabelecimento de saúde;USF JARDIM IMPERIAL;Cuiabá;5.8;até 10 km;jusante_capital;;Não;sem atendimento hospitalar;-56.025647;-15.616569
estabelecimento de saúde;ARTE DE INCLUIR CLINICA MULTIDISCIPLINAR;Cuiabá;5.8;até 10 km;jusante_capital;;Não;sem atendimento hospitalar;-56.034172;-15.60736
estabelecimento de saúde;CLINICA ABILITY SELF PSICOLOGIA PSICANALISE;Cuiabá;5.82;até 10 km;jusante_capital;;Não;sem atendimento hospitalar;-56.017085;-15.635283
estabelecimento de saúde;CER II PLANALTO;Cuiabá;5.82;até 10 km;manso_capital;;Não;sem atendimento hospitalar;-56.058752;-15.585639
estabelecimento de saúde;SANDRA ROSA TEIXEIRA;Cuiabá;5.82;até 10 km;manso_capital;;Não;sem atendimento hospitalar;-56.060907;-15.584365
estabelecimento de saúde;TOXIDNA;Cuiabá;5.87;até 10 km;manso_capital;;Não;sem atendimento hospitalar;-56.081062;-15.564488
estabelecimento de saúde;INEMAT JARDIM CUIABA;Cuiabá;5.87;até 10 km;jusante_capital;;Não;sem atendimento hospitalar;-56.023318;-15.61891
estabelecimento de saúde;USF JARDIM PASSAREDO;Cuiabá;5.87;até 10 km;jusante_capital;;Não;sem atendimento hospitalar;-56.015372;-15.643941
estabelecimento de saúde;NEUROLAB LABORATORIO DE PATOLOGIA CLINICA LTDA;Cuiabá;5.88;até 10 km;manso_capital;;Não;sem atendimento hospitalar;-56.061934;-15.582834
estabelecimento de saúde;RAMUS PSICOLOGIA;Cuiabá;5.88;até 10 km;manso_capital;;Não;sem atendimento hospitalar;-56.078154;-15.571238
estabelecimento de saúde;ORTOCLIN ESPECIALIZADA EM VOCE;Cuiabá;5.9;até 10 km;jusante_capital;;Não;sem atendimento hospitalar;-56.030967;-15.609055
estabelecimento de saúde;ANA PAULA LEITE ACCORSI;Cuiabá;5.9;até 10 km;jusante_capital;;Não;sem atendimento hospitalar;-56.031065;-15.608928
estabelecimento de saúde;ODONTOLOGIA ESPECIALIZADA;Várzea Grande;5.9;até 10 km;manso_capital;;Não;sem atendimento hospitalar;-56.168515;-15.667552
estabelecimento de saúde;COOPANEST;Cuiabá;5.93;até 10 km;manso_capital;;;sem atendimento hospitalar;-56.078751;-15.570437
estabelecimento de saúde;VIVELIN CLINICA ESPECIALIZADA;Cuiabá;5.93;até 10 km;manso_capital;;Não;sem atendimento hospitalar;-56.053717;-15.5876
estabelecimento de saúde;OFTALMOCENTER SANTA ROSA;Cuiabá;5.93;até 10 km;manso_capital;;Não;sem atendimento hospitalar;-56.053717;-15.5876
estabelecimento de saúde;JOSELITA ALCANTARA DE FIGUEIREDO ME;Cuiabá;5.94;até 10 km;jusante_capital;;Não;sem atendimento hospitalar;-56.015381;-15.638278
estabelecimento de saúde;DROGARIA ECONOMICA;Cuiabá;5.95;até 10 km;jusante_capital;;;sem atendimento hospitalar;-56.026322;-15.61342
estabelecimento de saúde;CREAP CUIABA;Cuiabá;5.98;até 10 km;jusante_capital;;Não;sem atendimento hospitalar;-56.014789;-15.640118
estabelecimento de saúde;PRIME MED CARE;Cuiabá;5.99;até 10 km;manso_capital;;Não;sem atendimento hospitalar;-56.058746;-15.583875
estabelecimento de saúde;FARMACIA PAGUE MENOS;Cuiabá;6.0;até 10 km;manso_capital;;Não;sem atendimento hospitalar;-56.063266;-15.580238
estabelecimento de saúde;NABILA HANI FARES;Cuiabá;6.01;até 10 km;jusante_capital;;Não;sem atendimento hospitalar;-56.02895;-15.609609
estabelecimento de saúde;VIVENTI HOME CARE;Cuiabá;6.03;até 10 km;manso_capital;;Não;sem atendimento hospitalar;-56.080515;-15.560532
estabelecimento de saúde;CLINICAS UNIMED CUIABA;Cuiabá;6.07;até 10 km;jusante_capital;;Não;sem atendimento hospitalar;-56.014038;-15.638993
estabelecimento de saúde;CLINICA E LABORATORIO SAO RAFAEL;Cuiabá;6.07;até 10 km;manso_capital;;Não;sem atendimento hospitalar;-56.058841;-15.582943
estabelecimento de saúde;ESF PORTO DE FORA;Santo Antônio de Leverger;6.07;até 10 km;jusante_capital;;Não;sem atendimento hospitalar;-55.822246;-16.091516
estabelecimento de saúde;CLINICA DO SONO;Cuiabá;6.09;até 10 km;manso_capital;;Não;sem atendimento hospitalar;-56.079975;-15.560325
estabelecimento de saúde;DO VALLE MED;Cuiabá;6.1;até 10 km;manso_capital;;Não;sem atendimento hospitalar;-56.042671;-15.594556
estabelecimento de saúde;CLINICA DE PSICOLOGIA SIGNIFICAR;Cuiabá;6.1;até 10 km;manso_capital;;Não;sem atendimento hospitalar;-56.071871;-15.57257
estabelecimento de saúde;VITAL KIDS;Cuiabá;6.11;até 10 km;manso_capital;;Não;sem atendimento hospitalar;-56.080713;-15.55719
estabelecimento de saúde;EMAD EMAP EQUIPES MULTIPROFISSIONAIS;Cuiabá;6.12;até 10 km;jusante_capital;;Não;sem atendimento hospitalar;-56.025264;-15.612216
estabelecimento de saúde;CLINICA DE TRATAMENTO RENAL;Cuiabá;6.12;até 10 km;jusante_capital;;Não;sem atendimento hospitalar;-56.01388;-15.637286
estabelecimento de saúde;EQUILIBRIO SAUDE ATENDIMENTO DOMICILIAR LTDA;Cuiabá;6.13;até 10 km;jusante_capital;;;sem atendimento hospitalar;-56.02795;-15.609103
estabelecimento de saúde;ELAINE APARECIDA RIVOLTA TOZETTO;Cuiabá;6.13;até 10 km;jusante_capital;;Não;sem atendimento hospitalar;-56.013895;-15.636625
estabelecimento de saúde;IFMT CAMPUS BELA VISTA;Cuiabá;6.13;até 10 km;manso_capital;;Não;sem atendimento hospitalar;-56.061514;-15.580193
estabelecimento de saúde;CLINIKIDS;Cuiabá;6.14;até 10 km;jusante_capital;;Não;sem atendimento hospitalar;-56.01333;-15.639299
estabelecimento de saúde;CAIO HENRIQUE GONCALVES PIOVAN;Cuiabá;6.17;até 10 km;manso_capital;;Não;sem atendimento hospitalar;-56.07409;-15.570459
estabelecimento de saúde;USF CAIC;Cuiabá;6.17;até 10 km;manso_capital;;Não;sem atendimento hospitalar;-56.047867;-15.589215
estabelecimento de saúde;HIPERBARICA MT;Cuiabá;6.18;até 10 km;manso_capital;;Não;sem atendimento hospitalar;-56.042201;-15.594028
estabelecimento de saúde;AUTO ESCOLA DORADO;Cuiabá;6.19;até 10 km;manso_capital;;Não;sem atendimento hospitalar;-56.073961;-15.570231
estabelecimento de saúde;USF TIJUCAL;Cuiabá;6.19;até 10 km;jusante_capital;;Não;sem atendimento hospitalar;-56.013425;-15.63576
estabelecimento de saúde;SPECIALLY TERAPIAS MULTIDISCIPLINARES;Cuiabá;6.19;até 10 km;jusante_capital;;Não;sem atendimento hospitalar;-56.025327;-15.611135
estabelecimento de saúde;JLL SERVICOS MEDICOS LTDA;Cuiabá;6.23;até 10 km;jusante_capital;;Não;sem atendimento hospitalar;-56.012456;-15.63962
estabelecimento de saúde;HELP VIDA 1;Cuiabá;6.23;até 10 km;jusante_capital;;;sem atendimento hospitalar;-56.012456;-15.63962
estabelecimento de saúde;HELP VIDA 2;Cuiabá;6.23;até 10 km;jusante_capital;;;sem atendimento hospitalar;-56.012456;-15.63962
estabelecimento de saúde;HELP VIDA 3;Cuiabá;6.23;até 10 km;jusante_capital;;;sem atendimento hospitalar;-56.012456;-15.63962
estabelecimento de saúde;HELP VIDA 4;Cuiabá;6.23;até 10 km;jusante_capital;;;sem atendimento hospitalar;-56.012456;-15.63962
estabelecimento de saúde;HELP VIDA 5;Cuiabá;6.23;até 10 km;jusante_capital;;;sem atendimento hospitalar;-56.012456;-15.63962
estabelecimento de saúde;HELP VIDA 6;Cuiabá;6.23;até 10 km;jusante_capital;;;sem atendimento hospitalar;-56.012456;-15.63962
estabelecimento de saúde;CLINICA FOCUS;Cuiabá;6.23;até 10 km;jusante_capital;;Não;sem atendimento hospitalar;-56.027807;-15.607968
estabelecimento de saúde;RAIA DROGASIL S A;Cuiabá;6.23;até 10 km;manso_capital;;Não;sem atendimento hospitalar;-56.089847;-15.537936
estabelecimento de saúde;BARROS CARVALHO LTDA;Cuiabá;6.24;até 10 km;manso_capital;;Não;sem atendimento hospitalar;-56.07335;-15.570094
estabelecimento de saúde;CARLA DE MATOS;Cuiabá;6.25;até 10 km;manso_capital;;Não;sem atendimento hospitalar;-56.073462;-15.569988
estabelecimento de saúde;IMMII INSTITUTO MATOGROSSENSE DE MEDICINA INTERNA E I;Cuiabá;6.26;até 10 km;manso_capital;;Não;sem atendimento hospitalar;-56.073252;-15.569989
estabelecimento de saúde;MISLAINE SANTOS STUDIO;Cuiabá;6.26;até 10 km;manso_capital;;Não;sem atendimento hospitalar;-56.073252;-15.569989
estabelecimento de saúde;SERVICO DE VERIFICACAO DE OBITO SVO SES MT;Cuiabá;6.26;até 10 km;manso_capital;;Não;sem atendimento hospitalar;-56.073252;-15.569989
estabelecimento de saúde;ARMANDO MARQUES MARTINS;Cuiabá;6.27;até 10 km;manso_capital;;Não;sem atendimento hospitalar;-56.073355;-15.569833
estabelecimento de saúde;IPA INSTITUTO DE PSICOLOGIA APLICADA;Cuiabá;6.28;até 10 km;jusante_capital;;Não;sem atendimento hospitalar;-56.024256;-15.611173
estabelecimento de saúde;FARMACIA PAGUE MENOS;Cuiabá;6.29;até 10 km;jusante_capital;;Não;sem atendimento hospitalar;-56.023772;-15.611607
estabelecimento de saúde;IMAGEN;Cuiabá;6.32;até 10 km;jusante_capital;;Não;sem atendimento hospitalar;-56.011935;-15.637413
estabelecimento de saúde;MONIKE RODRIGUES BORGES;Cuiabá;6.34;até 10 km;manso_capital;;Não;sem atendimento hospitalar;-56.077612;-15.559944
estabelecimento de saúde;DANIELLE AMARAL CORREIA;Cuiabá;6.36;até 10 km;jusante_capital;;Não;sem atendimento hospitalar;-56.012038;-15.634765
estabelecimento de saúde;DIPCLIN;Cuiabá;6.36;até 10 km;manso_capital;;Não;sem atendimento hospitalar;-56.056034;-15.581525
estabelecimento de saúde;CORINA CARLOTTO FISIOTERAPIA;Cuiabá;6.37;até 10 km;jusante_capital;;Não;sem atendimento hospitalar;-56.011174;-15.639042
estabelecimento de saúde;PATRICIA ALESSANDRA NARDO KISSER FONOAUDIOLOGIA;Cuiabá;6.37;até 10 km;jusante_capital;;Não;sem atendimento hospitalar;-56.011212;-15.638991
estabelecimento de saúde;UNIDADE DE RADIOLOGIA DE CUIABA;Cuiabá;6.42;até 10 km;manso_capital;;Não;sem atendimento hospitalar;-56.06965;-15.57047
estabelecimento de saúde;DROGARIA SAO PAULO;Cuiabá;6.42;até 10 km;jusante_capital;;Não;sem atendimento hospitalar;-56.024871;-15.608528
estabelecimento de saúde;AUTENTIC MIND;Cuiabá;6.43;até 10 km;jusante_capital;;Não;sem atendimento hospitalar;-56.01073;-15.63869
estabelecimento de saúde;GABRIELA ANTONIOLLI DE SOUZA TRENTIN;Cuiabá;6.43;até 10 km;jusante_capital;;Não;sem atendimento hospitalar;-56.011128;-15.636164
estabelecimento de saúde;VIVEZ DERMATOLOGIA;Cuiabá;6.43;até 10 km;jusante_capital;;Não;sem atendimento hospitalar;-56.011088;-15.636225
estabelecimento de saúde;PATRICIA LOBO DOS SANTOS;Cuiabá;6.45;até 10 km;manso_capital;;Não;sem atendimento hospitalar;-56.063691;-15.574681
estabelecimento de saúde;CISVARC;Cuiabá;6.46;até 10 km;manso_capital;;;sem atendimento hospitalar;-56.069149;-15.57037
estabelecimento de saúde;SAUDE DIGITAL MATO GROSSO;Cuiabá;6.48;até 10 km;manso_capital;;Não;sem atendimento hospitalar;-56.071064;-15.56897
estabelecimento de saúde;HOSPITAL UNIVERSITARIO JULIO MULLER EBSERH;Cuiabá;6.49;até 10 km;manso_capital;;Sim;atendimento hospitalar;-56.071601;-15.568474
estabelecimento de saúde;EQUIPE DE SAUDE DA FAMILIA JARDIM GLORIA;Nobres;6.49;até 10 km;manso_capital;;Não;sem atendimento hospitalar;-56.316894;-14.689518
estabelecimento de saúde;UMEX UNIDADE MOVEL DE EXAMES;Cuiabá;6.51;até 10 km;manso_capital;;Não;sem atendimento hospitalar;-56.073124;-15.567399
estabelecimento de saúde;SECRETARIA DE ESTADO DE SAUDE DE MATO GROSSO;Cuiabá;6.51;até 10 km;manso_capital;;;sem atendimento hospitalar;-56.072829;-15.567627
estabelecimento de saúde;M C V DOS REIS LTDA;Cuiabá;6.53;até 10 km;manso_capital;;Não;sem atendimento hospitalar;-56.05159;-15.582421
estabelecimento de saúde;USF ILZA TEREZINHA PICOLLI;Cuiabá;6.57;até 10 km;manso_capital;;Não;sem atendimento hospitalar;-56.047938;-15.584598
estabelecimento de saúde;ECOCENTER ULTRASSONOGRAFIA;Cuiabá;6.57;até 10 km;manso_capital;;Não;sem atendimento hospitalar;-56.048025;-15.584444
estabelecimento de saúde;WOLKMER SAUDE INTEGRAL;Cuiabá;6.58;até 10 km;manso_capital;;Não;sem atendimento hospitalar;-56.0506;-15.582592
estabelecimento de saúde;PSIEDUCA DESENVOLVIMENTO;Cuiabá;6.59;até 10 km;jusante_capital;;Não;sem atendimento hospitalar;-56.025349;-15.605698
estabelecimento de saúde;CENTRO DE RESSOCIALIZACAO DE CUIABA;Cuiabá;6.59;até 10 km;manso_capital;;Não;sem atendimento hospitalar;-56.051431;-15.581899
estabelecimento de saúde;USF BELA VISTA;Cuiabá;6.6;até 10 km;manso_capital;;Não;sem atendimento hospitalar;-56.059134;-15.576538
estabelecimento de saúde;SOS SAUDE SERVICOS MEDICOS;Cuiabá;6.62;até 10 km;manso_capital;;Não;sem atendimento hospitalar;-56.075058;-15.559356
estabelecimento de saúde;INSTITUTO NEURO MENTE PLENA;Cuiabá;6.62;até 10 km;jusante_capital;;Não;sem atendimento hospitalar;-56.009258;-15.63634
estabelecimento de saúde;USF JARDIM UNIAO;Cuiabá;6.62;até 10 km;manso_capital;;Não;sem atendimento hospitalar;-56.080545;-15.546061
estabelecimento de saúde;USF JARDIM FLORIANOPOLIS;Cuiabá;6.63;até 10 km;manso_capital;;Não;sem atendimento hospitalar;-56.080479;-15.545883
estabelecimento de saúde;SAMIR CHAAR EL HUSNY FILHO;Cuiabá;6.67;até 10 km;manso_capital;;Não;sem atendimento hospitalar;-56.066973;-15.569588
estabelecimento de saúde;DROGARIA NOVA AMERICA;Cuiabá;6.69;até 10 km;manso_capital;;Não;sem atendimento hospitalar;-56.074611;-15.558707
estabelecimento de saúde;LABORATORIO LPC;Cuiabá;6.69;até 10 km;manso_capital;;;sem atendimento hospitalar;-56.068789;-15.568154
estabelecimento de saúde;FAMILY MEDICINA E SAUDE;Cuiabá;6.7;até 10 km;manso_capital;;Não;sem atendimento hospitalar;-56.074535;-15.558598
estabelecimento de saúde;FPM FISIOTERAPIA;Cuiabá;6.72;até 10 km;manso_capital;;Não;sem atendimento hospitalar;-56.063663;-15.571527
estabelecimento de saúde;DE CORPORE FISIOTERAPIA E PILATES;Cuiabá;6.74;até 10 km;manso_capital;;Não;sem atendimento hospitalar;-56.061896;-15.572754
estabelecimento de saúde;ESPACO REFLORESCERMENTE NEUROPSICOLOGICA E P;Cuiabá;6.77;até 10 km;manso_capital;;Não;sem atendimento hospitalar;-56.061807;-15.572494
estabelecimento de saúde;NOELANI LEW;Cuiabá;6.77;até 10 km;jusante_capital;;Não;sem atendimento hospitalar;-56.008756;-15.632001
estabelecimento de saúde;USF TRES BARRAS;Cuiabá;6.78;até 10 km;manso_capital;;Não;sem atendimento hospitalar;-56.059753;-15.573845
estabelecimento de saúde;PRISCILA RICCI RAPCHAN;Cuiabá;6.79;até 10 km;manso_capital;;Não;sem atendimento hospitalar;-56.068032;-15.567556
estabelecimento de saúde;CENTRO DE REABILITACAO INTEGRAL DOM AQUINO CORREA CUIABA;Cuiabá;6.8;até 10 km;manso_capital;;Não;sem atendimento hospitalar;-56.072389;-15.563465
estabelecimento de saúde;OFICINA ORTOPEDICA ITINERANTE;Cuiabá;6.8;até 10 km;manso_capital;;Não;sem atendimento hospitalar;-56.072389;-15.563465
estabelecimento de saúde;TATIANA OPOLSKI;Cuiabá;6.81;até 10 km;jusante_capital;;Não;sem atendimento hospitalar;-56.007702;-15.634934
estabelecimento de saúde;PAULO ROBERTO VIEIRA DE FIGUEIREDO;Cuiabá;6.81;até 10 km;manso_capital;;Não;sem atendimento hospitalar;-56.18642;-15.658322
estabelecimento de saúde;J D DERMATOLOGIA MEDICINA E ESTETICA LTDA;Cuiabá;6.81;até 10 km;manso_capital;;Não;sem atendimento hospitalar;-56.186396;-15.658361
estabelecimento de saúde;ATIVA FISIOTERAPIA;Cuiabá;6.82;até 10 km;manso_capital;;Não;sem atendimento hospitalar;-56.065224;-15.56919
estabelecimento de saúde;USF JARDIM ELDORADO ALVARO RIBEIRO ROCHA;Várzea Grande;6.83;até 10 km;manso_capital;;Não;sem atendimento hospitalar;-56.18435;-15.662178
estabelecimento de saúde;FAMVAG;Cuiabá;6.86;até 10 km;manso_capital;;Não;sem atendimento hospitalar;-56.071687;-15.563689
estabelecimento de saúde;FAROL CONSULTORIO DE PSICOLOGIA;Cuiabá;6.86;até 10 km;manso_capital;;Não;sem atendimento hospitalar;-56.071687;-15.563689
estabelecimento de saúde;DROGASIL DS 1798;Cuiabá;6.89;até 10 km;jusante_capital;;Não;sem atendimento hospitalar;-56.008324;-15.629407
estabelecimento de saúde;CLINICA TIA ITA;Cuiabá;6.93;até 10 km;manso_capital;;Não;sem atendimento hospitalar;-56.074803;-15.551222
estabelecimento de saúde;SIMONE FARMACIA;Várzea Grande;6.99;até 10 km;manso_capital;;;sem atendimento hospitalar;-56.184082;-15.665024
estabelecimento de saúde;LACEN MT;Cuiabá;7.02;até 10 km;manso_capital;;Não;sem atendimento hospitalar;-56.068201;-15.564989
estabelecimento de saúde;INSTITUTO MEDICO LEGAL;Cuiabá;7.04;até 10 km;manso_capital;;Não;sem atendimento hospitalar;-56.045959;-15.580737
estabelecimento de saúde;MEDSIM SERVICOS MEDICOS E HOSPITALARES LTDA;Cuiabá;7.06;até 10 km;manso_capital;;Não;sem atendimento hospitalar;-56.056226;-15.57355
estabelecimento de saúde;USF JARDIM VITORIA III;Cuiabá;7.08;até 10 km;manso_capital;;Não;sem atendimento hospitalar;-56.071161;-15.557485
estabelecimento de saúde;CENTRO SOCIO EDUCATIVO POMERI;Cuiabá;7.15;até 10 km;manso_capital;;Não;sem atendimento hospitalar;-56.043427;-15.58131
estabelecimento de saúde;GM ULTRASSONOGRAFIA;Cuiabá;7.18;até 10 km;jusante_capital;;Não;sem atendimento hospitalar;-56.007851;-15.622533
estabelecimento de saúde;ODONTOLOGIA DR HELIO KAWAI;Cuiabá;7.2;até 10 km;manso_capital;;Não;sem atendimento hospitalar;-56.062293;-15.567068
estabelecimento de saúde;CLINICA ODONTOLOGICA CPA III;Cuiabá;7.23;até 10 km;manso_capital;;Não;sem atendimento hospitalar;-56.060048;-15.568494
estabelecimento de saúde;MARANATA MED;Cuiabá;7.24;até 10 km;manso_capital;;;sem atendimento hospitalar;-56.0628;-15.566146
estabelecimento de saúde;ELEVANDO A SAUDE;Cuiabá;7.25;até 10 km;manso_capital;;Não;sem atendimento hospitalar;-56.057643;-15.570128
estabelecimento de saúde;LEONARDO ANDRADE PINHEIRO;Cuiabá;7.27;até 10 km;manso_capital;;Não;sem atendimento hospitalar;-56.064777;-15.564503
estabelecimento de saúde;TALISMA ODONTOLOGIA;Cuiabá;7.29;até 10 km;manso_capital;;Não;sem atendimento hospitalar;-56.039368;-15.582899
estabelecimento de saúde;USF DR FABIO I;Cuiabá;7.32;até 10 km;jusante_capital;;Não;sem atendimento hospitalar;-56.002831;-15.635109
estabelecimento de saúde;MERIDIAN BEM ESTAR2;Cuiabá;7.37;até 10 km;manso_capital;;Não;sem atendimento hospitalar;-56.041686;-15.580046
estabelecimento de saúde;HOSPITAL DE CANCER DE MATO GROSSO;Cuiabá;7.43;até 10 km;manso_capital;;Sim;atendimento hospitalar;-56.067242;-15.559522
estabelecimento de saúde;LAPC LPB;Cuiabá;7.43;até 10 km;manso_capital;;Não;sem atendimento hospitalar;-56.067242;-15.559522
estabelecimento de saúde;USF PLANALTO;Cuiabá;7.44;até 10 km;manso_capital;;Não;sem atendimento hospitalar;-56.038157;-15.582104
estabelecimento de saúde;SAMU 192 CUIABA USB B3;Cuiabá;7.44;até 10 km;manso_capital;;;sem atendimento hospitalar;-56.054505;-15.570376
estabelecimento de saúde;USF NOVO MILLENIUM;Cuiabá;7.46;até 10 km;jusante_capital;;Não;sem atendimento hospitalar;-56.007986;-15.616163
estabelecimento de saúde;USMED CENTRO ESPECIALIZADO EM ULTRA SONOGRAFIA;Cuiabá;7.48;até 10 km;manso_capital;;;sem atendimento hospitalar;-56.054575;-15.569821
estabelecimento de saúde;CLINICA TRES AMERICAS;Cuiabá;7.5;até 10 km;manso_capital;;Não;sem atendimento hospitalar;-56.054589;-15.569604
estabelecimento de saúde;KAYRA FONTELENE QUEMEL;Cuiabá;7.52;até 10 km;jusante_capital;;Não;sem atendimento hospitalar;-56.006861;-15.617201
estabelecimento de saúde;MEGA SAUDE;Cuiabá;7.52;até 10 km;manso_capital;;Não;sem atendimento hospitalar;-56.057324;-15.567217
estabelecimento de saúde;RENATA R BRITO LTDA;Cuiabá;7.57;até 10 km;manso_capital;;Não;sem atendimento hospitalar;-56.043967;-15.576237
estabelecimento de saúde;CLINICA RENA LTDA;Cuiabá;7.59;até 10 km;manso_capital;;Não;sem atendimento hospitalar;-56.054666;-15.56851
estabelecimento de saúde;SORRI PROTESE;Cuiabá;7.65;até 10 km;jusante_capital;;Não;sem atendimento hospitalar;-56.007068;-15.614139
estabelecimento de saúde;CLINICA REVER;Cuiabá;7.67;até 10 km;manso_capital;;Não;sem atendimento hospitalar;-56.075932;-15.535098
estabelecimento de saúde;DROGASIL DS 2206;Cuiabá;7.68;até 10 km;manso_capital;;Não;sem atendimento hospitalar;-56.059231;-15.563874
estabelecimento de saúde;ZOONOSES;Várzea Grande;7.68;até 10 km;manso_capital;;;sem atendimento hospitalar;-56.184373;-15.674743
estabelecimento de saúde;PACO NUCLEO DE TREINAMENTO INTEGRAL;Cuiabá;7.71;até 10 km;jusante_capital;;Não;sem atendimento hospitalar;-56.004858;-15.617203
estabelecimento de saúde;RG SERVICOS MEDICOS LTDA;Cuiabá;7.72;até 10 km;manso_capital;;Não;sem atendimento hospitalar;-56.053004;-15.568377
estabelecimento de saúde;CLINICA REABILITANDO;Cuiabá;7.72;até 10 km;manso_capital;;Não;sem atendimento hospitalar;-56.053004;-15.568377
estabelecimento de saúde;MM RESGATE;Cuiabá;7.73;até 10 km;manso_capital;;Não;sem atendimento hospitalar;-56.048423;-15.571577
estabelecimento de saúde;USF VEREADOR JOAO AVELINO BULHOES SAO MATHEUS II;Várzea Grande;7.74;até 10 km;manso_capital;;Não;sem atendimento hospitalar;-56.186068;-15.673659
estabelecimento de saúde;INFINITY MAIS SAUDE;Cuiabá;7.75;até 10 km;jusante_capital;;Não;sem atendimento hospitalar;-55.998176;-15.639808
estabelecimento de saúde;ESSENCIALIZE CLINICA INTEGRADA;Cuiabá;7.76;até 10 km;manso_capital;;;sem atendimento hospitalar;-56.041843;-15.575607
estabelecimento de saúde;EVOLVERE CENTRO DE CUIDADO A PESSOA;Cuiabá;7.76;até 10 km;manso_capital;;Não;sem atendimento hospitalar;-56.074024;-15.536523
estabelecimento de saúde;EQUIPE EVOLUIR DESENVOLVIMENTO HUMANO;Cuiabá;7.82;até 10 km;manso_capital;;Não;sem atendimento hospitalar;-56.04468;-15.572944
estabelecimento de saúde;UNIDADE DE SAUDE DA FAMILIA DE JOSELANDIA PSF RURAL;Barão de Melgaço;7.88;até 10 km;jusante_capital;;Não;sem atendimento hospitalar;-56.161938;-16.547025
estabelecimento de saúde;CEDILAB JARDIM DAS AMERICAS;Cuiabá;7.89;até 10 km;manso_capital;;Não;sem atendimento hospitalar;-56.032756;-15.581322
estabelecimento de saúde;IVENS CUIABANO SCAFF;Cuiabá;7.89;até 10 km;manso_capital;;Não;sem atendimento hospitalar;-56.03972;-15.575619
estabelecimento de saúde;LABORATORIO AQUARELA DE ANALISES CLINICAS;Várzea Grande;7.89;até 10 km;manso_capital;;Não;sem atendimento hospitalar;-56.204163;-15.646165
estabelecimento de saúde;USF JARDIM VITORIA I;Cuiabá;7.93;até 10 km;manso_capital;;Não;sem atendimento hospitalar;-56.071094;-15.538205
estabelecimento de saúde;SAE LIXEIRA;Cuiabá;7.99;até 10 km;manso_capital;;Não;sem atendimento hospitalar;-56.034182;-15.578929
estabelecimento de saúde;ALPHA FAMILY SAUDE;Cuiabá;8.0;até 10 km;manso_capital;;Não;sem atendimento hospitalar;-56.045871;-15.570292
estabelecimento de saúde;CONSULTORIO ODONTOLOGICO SHALLON;Cuiabá;8.05;até 10 km;manso_capital;;Não;sem atendimento hospitalar;-56.043809;-15.571046
estabelecimento de saúde;ESPACO LA BELLE FEMME;Cuiabá;8.07;até 10 km;jusante_capital;;Não;sem atendimento hospitalar;-56.007853;-15.60556
estabelecimento de saúde;FLORESER CLINICA INTEGRADA;Cuiabá;8.09;até 10 km;manso_capital;;Não;sem atendimento hospitalar;-56.035635;-15.576454
estabelecimento de saúde;CLIN VIDA;Cuiabá;8.1;até 10 km;manso_capital;;Não;sem atendimento hospitalar;-56.05251;-15.56433
estabelecimento de saúde;ODONTOGD;Cuiabá;8.11;até 10 km;manso_capital;;Não;sem atendimento hospitalar;-56.069264;-15.537975
estabelecimento de saúde;CEDE ENFERMAGEM ESPECIALIZADAS;Cuiabá;8.15;até 10 km;manso_capital;;Não;sem atendimento hospitalar;-56.042115;-15.571012
estabelecimento de saúde;CENTRO DE CONVIVENCIA IDOSOS AIDEE PEREIRA DO NASCIMENTO;Cuiabá;8.15;até 10 km;manso_capital;;Não;sem atendimento hospitalar;-56.033913;-15.577169
estabelecimento de saúde;ODONTOCOMPANY JARDIM ELDORADO;Cuiabá;8.2;até 10 km;manso_capital;;Não;sem atendimento hospitalar;-56.034613;-15.576043
estabelecimento de saúde;SELFKIDS;Cuiabá;8.25;até 10 km;manso_capital;;Não;sem atendimento hospitalar;-56.05539;-15.560251
estabelecimento de saúde;FRANCIELE JODAS SAUDE E PSICOLOGIA;Cuiabá;8.25;até 10 km;manso_capital;;Não;sem atendimento hospitalar;-56.054072;-15.561271
estabelecimento de saúde;MANOEL DE JESUS FREITAS JUNIOR;Cuiabá;8.28;até 10 km;manso_capital;;Não;sem atendimento hospitalar;-56.052461;-15.562208
estabelecimento de saúde;STJ ASSESSORIA CONSULTORIA E TREINAMENTO;Cuiabá;8.29;até 10 km;manso_capital;;Não;sem atendimento hospitalar;-56.051179;-15.563062
estabelecimento de saúde;UNIDADE DE SAUDE DA FAMILIA NOVA JANGADA;Jangada;8.31;até 10 km;manso_capital;;Não;sem atendimento hospitalar;-56.51865;-15.182758
estabelecimento de saúde;EDNA MARIA DE OLIVEIRA;Cuiabá;8.32;até 10 km;jusante_capital;;Não;sem atendimento hospitalar;-55.999156;-15.615978
estabelecimento de saúde;POSTO DE SAUDE DO RIBEIRAO DOS COCAIS;Nossa Senhora do Livramento;8.33;até 10 km;jusante_capital;;Não;sem atendimento hospitalar;-56.223919;-15.780454
estabelecimento de saúde;CLINICA ODONTOLOGICA OSMAR CABRAL;Cuiabá;8.39;até 10 km;jusante_capital;;Não;sem atendimento hospitalar;-55.996888;-15.619657
estabelecimento de saúde;POSTO DE SAUDE DE CAPOEIRINHA;Barão de Melgaço;8.41;até 10 km;jusante_capital;;Não;sem atendimento hospitalar;-55.939636;-16.469012
estabelecimento de saúde;PRO VIDA EMERGENCIAS MEDICAS;Cuiabá;8.41;até 10 km;jusante_capital;;;sem atendimento hospitalar;-55.998982;-15.614501
estabelecimento de saúde;IMACULADA CONCEICAO ODONTOLOGIA;Cuiabá;8.42;até 10 km;manso_capital;;Não;sem atendimento hospitalar;-56.033749;-15.57414
estabelecimento de saúde;UNIGASTRO ENDOSCOPIA ESPECIALIZADA;Cuiabá;8.48;até 10 km;manso_capital;;Não;sem atendimento hospitalar;-56.058864;-15.553283
estabelecimento de saúde;ESPACO FISIO MULHER;Cuiabá;8.48;até 10 km;manso_capital;;Não;sem atendimento hospitalar;-56.053851;-15.558797
estabelecimento de saúde;CLINICA FISIOCUIABANA;Cuiabá;8.54;até 10 km;manso_capital;;Não;sem atendimento hospitalar;-56.053491;-15.558393
estabelecimento de saúde;IREDIR MARIA LACCAL DA SILVA;Cuiabá;8.54;até 10 km;jusante_capital;;Não;sem atendimento hospitalar;-55.99757;-15.614641
estabelecimento de saúde;LABORATORIO UMBRELLA;Cuiabá;8.56;até 10 km;jusante_capital;;Não;sem atendimento hospitalar;-55.998174;-15.612996
estabelecimento de saúde;CLINICA COLORE;Cuiabá;8.57;até 10 km;manso_capital;;Não;sem atendimento hospitalar;-56.049906;-15.560874
estabelecimento de saúde;CLINICA ORAL DENTE;Cuiabá;8.57;até 10 km;manso_capital;;Não;sem atendimento hospitalar;-56.04989;-15.560859
estabelecimento de saúde;INSTITUTO LIONS DA VISAO;Cuiabá;8.57;até 10 km;manso_capital;;Não;sem atendimento hospitalar;-56.058233;-15.552351
estabelecimento de saúde;USF JARDIM FORTALEZA;Cuiabá;8.57;até 10 km;jusante_capital;;Não;sem atendimento hospitalar;-55.995963;-15.617488
estabelecimento de saúde;CAPS CPA IV;Cuiabá;8.58;até 10 km;manso_capital;;Não;sem atendimento hospitalar;-56.042009;-15.56645
estabelecimento de saúde;FISIOTERAPIA REABILITAR E AMAR;Cuiabá;8.58;até 10 km;manso_capital;;Não;sem atendimento hospitalar;-56.049906;-15.560766
estabelecimento de saúde;WASHINGTON PAULO SOARES;Cuiabá;8.58;até 10 km;manso_capital;;Não;sem atendimento hospitalar;-56.051391;-15.559566
estabelecimento de saúde;CLIN MED;Cuiabá;8.62;até 10 km;manso_capital;;Não;sem atendimento hospitalar;-56.054593;-15.556649
estabelecimento de saúde;CEOM;Cuiabá;8.62;até 10 km;manso_capital;;Não;sem atendimento hospitalar;-56.057323;-15.553724
estabelecimento de saúde;ALESSANDRA DO CARMO EVARISTO;Cuiabá;8.62;até 10 km;manso_capital;;Não;sem atendimento hospitalar;-56.049331;-15.560686
estabelecimento de saúde;M R SAUDE;Cuiabá;8.64;até 10 km;manso_capital;;Não;sem atendimento hospitalar;-56.048892;-15.560855
estabelecimento de saúde;AMB3;Cuiabá;8.66;até 10 km;manso_capital;;Não;sem atendimento hospitalar;-56.052257;-15.557948
estabelecimento de saúde;USF NOVO HORIZONTE;Cuiabá;8.67;até 10 km;manso_capital;;Não;sem atendimento hospitalar;-56.026966;-15.576948
estabelecimento de saúde;DROGARIA SAO PAULO S A;Cuiabá;8.7;até 10 km;manso_capital;;Não;sem atendimento hospitalar;-56.04854;-15.560484
estabelecimento de saúde;INTENSIVA CLINICA DE REABILITACAO;Cuiabá;8.71;até 10 km;manso_capital;;Não;sem atendimento hospitalar;-56.019507;-15.58439
estabelecimento de saúde;LABORATORIO SUZUKI;Cuiabá;8.71;até 10 km;manso_capital;;;sem atendimento hospitalar;-56.05016;-15.559026
estabelecimento de saúde;LABORATORIO BIOCENTER ANALISES CLINICAS;Cuiabá;8.71;até 10 km;manso_capital;;Não;sem atendimento hospitalar;-56.051367;-15.558093
estabelecimento de saúde;ULTRALAB;Cuiabá;8.71;até 10 km;manso_capital;;Não;sem atendimento hospitalar;-56.054086;-15.555972
estabelecimento de saúde;CONSULTORIO ODONTOLOGICO FLAVIO VIEIRA DE MOURA;Cuiabá;8.72;até 10 km;manso_capital;;Não;sem atendimento hospitalar;-56.052671;-15.556941
estabelecimento de saúde;ODONTOCOMPANY CPA;Cuiabá;8.72;até 10 km;manso_capital;;Não;sem atendimento hospitalar;-56.048419;-15.560293
estabelecimento de saúde;FARMACIA POPULAR DO POVO;Cuiabá;8.72;até 10 km;manso_capital;;Não;sem atendimento hospitalar;-56.047944;-15.560693
estabelecimento de saúde;LABORATORIO CARLOS CHAGAS UNIDADE CPA;Cuiabá;8.72;até 10 km;manso_capital;;;sem atendimento hospitalar;-56.053982;-15.555991
estabelecimento de saúde;CLINICA VISAO POPULAR;Cuiabá;8.73;até 10 km;manso_capital;;Não;sem atendimento hospitalar;-56.048133;-15.560395
estabelecimento de saúde;PRONTO MEDIC;Cuiabá;8.73;até 10 km;manso_capital;;Não;sem atendimento hospitalar;-56.055066;-15.555011
estabelecimento de saúde;SILVIA MOMOSE;Cuiabá;8.73;até 10 km;manso_capital;;Não;sem atendimento hospitalar;-56.055119;-15.555027
estabelecimento de saúde;CONSULTORIO ODONTOLOGICO;Cuiabá;8.73;até 10 km;manso_capital;;Não;sem atendimento hospitalar;-56.045545;-15.562553
estabelecimento de saúde;ROZELI ALVES GOMES;Cuiabá;8.74;até 10 km;manso_capital;;Não;sem atendimento hospitalar;-56.053975;-15.555695
estabelecimento de saúde;ESPACO CLINICO PSICOPEDAGOGICO INFLUENCIAR;Cuiabá;8.74;até 10 km;manso_capital;;Não;sem atendimento hospitalar;-56.052955;-15.556525
estabelecimento de saúde;NEUROCOR SERVICOS MEDICOS;Cuiabá;8.74;até 10 km;manso_capital;;Não;sem atendimento hospitalar;-56.049776;-15.558983
estabelecimento de saúde;ORLANDO CERCI FILHO;Cuiabá;8.74;até 10 km;manso_capital;;Não;sem atendimento hospitalar;-56.050521;-15.558461
estabelecimento de saúde;CENTRO ODONTOLOGICO DO POVO;Cuiabá;8.75;até 10 km;manso_capital;;Não;sem atendimento hospitalar;-56.052367;-15.556872
estabelecimento de saúde;ANGELA IARA BALDISSERA;Cuiabá;8.75;até 10 km;manso_capital;;Não;sem atendimento hospitalar;-56.02322;-15.579595
estabelecimento de saúde;CENTRO MEDICO;Cuiabá;8.75;até 10 km;manso_capital;;Não;sem atendimento hospitalar;-56.050481;-15.558348
estabelecimento de saúde;FARMACIA PAGUE MENOS;Cuiabá;8.76;até 10 km;manso_capital;;Não;sem atendimento hospitalar;-56.04676;-15.561222
estabelecimento de saúde;HOSPITAL CENTRAL DE ALTA COMPLEXIDADE DE MATO GROSSO;Cuiabá;8.78;até 10 km;jusante_capital;;Sim;atendimento hospitalar;-55.988905;-15.636443
estabelecimento de saúde;UNIMED CPA 2;Cuiabá;8.78;até 10 km;manso_capital;;Não;sem atendimento hospitalar;-56.050038;-15.558323
estabelecimento de saúde;PSICOLOGIA E EXISTIR;Cuiabá;8.79;até 10 km;manso_capital;;Não;sem atendimento hospitalar;-56.044124;-15.562892
estabelecimento de saúde;SAE CTA REGIONAL NORTE;Cuiabá;8.79;até 10 km;manso_capital;;Não;sem atendimento hospitalar;-56.054645;-15.554689
estabelecimento de saúde;CLINICA MULTIDISCIPLINAR INTERAGIR;Cuiabá;8.8;até 10 km;manso_capital;;Não;sem atendimento hospitalar;-56.053823;-15.555183
estabelecimento de saúde;CLINICA DR MARCO AURELIO;Cuiabá;8.8;até 10 km;manso_capital;;Não;sem atendimento hospitalar;-56.040448;-15.565034
estabelecimento de saúde;GNOSIS CENTRO DE PSICOLOGIA;Cuiabá;8.81;até 10 km;manso_capital;;Não;sem atendimento hospitalar;-56.051006;-15.557243
estabelecimento de saúde;CLINTOMS REABILITACAO E APRENDIZAGEM;Cuiabá;8.81;até 10 km;manso_capital;;Não;sem atendimento hospitalar;-56.037041;-15.56721
estabelecimento de saúde;CENTRO DE CONV P IDOSOS DR MARIA INES FRANCA AUAD;Cuiabá;8.84;até 10 km;manso_capital;;Não;sem atendimento hospitalar;-56.038271;-15.566024
estabelecimento de saúde;NUCLEO DE APOIO A SAUDE DA FAMILIA NASF NORTE;Cuiabá;8.84;até 10 km;manso_capital;;Não;sem atendimento hospitalar;-56.054995;-15.553874
estabelecimento de saúde;UDR CPA;Cuiabá;8.85;até 10 km;manso_capital;;Não;sem atendimento hospitalar;-56.052643;-15.555471
estabelecimento de saúde;ERN CLINICA ODONTOLOGICA LTDA;Cuiabá;8.86;até 10 km;manso_capital;;Não;sem atendimento hospitalar;-56.206055;-15.24179
estabelecimento de saúde;CLINICA DA FAMILIA CPA I;Cuiabá;8.86;até 10 km;manso_capital;;Não;sem atendimento hospitalar;-56.053507;-15.554702
estabelecimento de saúde;CLINICA DE PSICOLOGIA HORIZONTE PSICOLOGICO;Cuiabá;8.87;até 10 km;jusante_capital;;Não;sem atendimento hospitalar;-55.99523;-15.612314
estabelecimento de saúde;LUCRECIA MARIA DE MELO;Cuiabá;8.87;até 10 km;manso_capital;;Não;sem atendimento hospitalar;-56.044775;-15.561501
estabelecimento de saúde;USF CPA III;Cuiabá;8.89;até 10 km;manso_capital;;Não;sem atendimento hospitalar;-56.039689;-15.564544
estabelecimento de saúde;SULLEGE FABIOLA SUZUKI;Cuiabá;8.89;até 10 km;manso_capital;;Não;sem atendimento hospitalar;-56.049499;-15.557509
estabelecimento de saúde;IRINEU DAMIANO ROSA;Cuiabá;8.9;até 10 km;manso_capital;;Não;sem atendimento hospitalar;-56.049477;-15.557388
estabelecimento de saúde;AR ODONTOLOGIA;Cuiabá;8.91;até 10 km;manso_capital;;Não;sem atendimento hospitalar;-56.043544;-15.561996
estabelecimento de saúde;EMILY NASCIMENTO GARCIA;Cuiabá;8.91;até 10 km;manso_capital;;Não;sem atendimento hospitalar;-56.054482;-15.553418
estabelecimento de saúde;VIRTUS UROLOGIA;Cuiabá;8.93;até 10 km;manso_capital;;Não;sem atendimento hospitalar;-56.050835;-15.55592
estabelecimento de saúde;ENDOCORPUS;Cuiabá;8.94;até 10 km;manso_capital;;Não;sem atendimento hospitalar;-56.050547;-15.556014
estabelecimento de saúde;GUSTAVO ALVES DE ANDRADE;Cuiabá;8.94;até 10 km;manso_capital;;Não;sem atendimento hospitalar;-56.050611;-15.556048
estabelecimento de saúde;ULTRASSONOGRAFIA SAO LUCAS;Cuiabá;8.95;até 10 km;manso_capital;;Não;sem atendimento hospitalar;-56.050512;-15.555913
estabelecimento de saúde;BIODNA;Cuiabá;8.95;até 10 km;manso_capital;;Não;sem atendimento hospitalar;-56.05058;-15.555934
estabelecimento de saúde;CLINICA DE PSICOLOGIA ENTRELACOS;Cuiabá;9.01;até 10 km;manso_capital;;Não;sem atendimento hospitalar;-56.047086;-15.558028
estabelecimento de saúde;BARBARA PSICOLOGIA;Cuiabá;9.03;até 10 km;manso_capital;;Não;sem atendimento hospitalar;-56.049632;-15.555741
estabelecimento de saúde;WINNY PSICOLOGA;Cuiabá;9.03;até 10 km;manso_capital;;Não;sem atendimento hospitalar;-56.023302;-15.57594
estabelecimento de saúde;USF NOVO PARAISO I;Cuiabá;9.04;até 10 km;manso_capital;;Não;sem atendimento hospitalar;-56.055072;-15.547984
estabelecimento de saúde;ITSUKO MIYASHITA PIONA;Cuiabá;9.04;até 10 km;manso_capital;;Não;sem atendimento hospitalar;-56.044031;-15.560123
estabelecimento de saúde;VALERIA CRISTHINE LEAL CABRAL;Cuiabá;9.06;até 10 km;manso_capital;;Não;sem atendimento hospitalar;-56.024605;-15.57433
estabelecimento de saúde;ESPACO ATIVA MENTE;Cuiabá;9.08;até 10 km;jusante_capital;;Não;sem atendimento hospitalar;-55.987492;-15.628551
estabelecimento de saúde;DROGARIA VAREJAO DOS REMEDIOS;Cuiabá;9.12;até 10 km;jusante_capital;;Não;sem atendimento hospitalar;-55.984854;-15.654126
estabelecimento de saúde;CONSULTORIO MEDICO CARLOS AFONSO;Cuiabá;9.15;até 10 km;manso_capital;;Não;sem atendimento hospitalar;-56.04696;-15.556469
estabelecimento de saúde;BKR ODONTOLOGIA;Cuiabá;9.15;até 10 km;manso_capital;;Não;sem atendimento hospitalar;-56.031904;-15.567152
estabelecimento de saúde;FARMACIA POPULAR DO BRASIL CUIABA;Cuiabá;9.18;até 10 km;manso_capital;;;sem atendimento hospitalar;-56.037755;-15.562664
estabelecimento de saúde;FARMACIA PAGUE MENOS;Cuiabá;9.18;até 10 km;manso_capital;;Não;sem atendimento hospitalar;-56.037698;-15.562709
estabelecimento de saúde;UNIDADE CAPAO;Cuiabá;9.18;até 10 km;jusante_capital;;Não;sem atendimento hospitalar;-55.984182;-15.650933
estabelecimento de saúde;USF ALTOS DA SERRA I;Cuiabá;9.19;até 10 km;manso_capital;;Não;sem atendimento hospitalar;-56.020764;-15.576436
estabelecimento de saúde;PENITENCIARIA CENTRAL DO ESTADO;Cuiabá;9.21;até 10 km;jusante_capital;;Não;sem atendimento hospitalar;-55.983925;-15.6518
estabelecimento de saúde;FISIOTERAPIA HIDROTERAPIA SAO LUCAS;Cuiabá;9.23;até 10 km;manso_capital;;Não;sem atendimento hospitalar;-56.041008;-15.560182
estabelecimento de saúde;CMO CENTRO MATOGROSSENSE DE OFTALMOLOGIA;Cuiabá;9.25;até 10 km;manso_capital;;Não;sem atendimento hospitalar;-56.040243;-15.56041
estabelecimento de saúde;CMO CENTRO MATOGROSSENSE DE OFTALMOLOGIA;Cuiabá;9.25;até 10 km;manso_capital;;Sim;atendimento hospitalar;-56.052809;-15.548588
estabelecimento de saúde;CEDROC CLINICA DE RADIOLOGIA ODONTOLOGICA LTDA;Cuiabá;9.25;até 10 km;manso_capital;;Não;sem atendimento hospitalar;-56.052809;-15.548588
estabelecimento de saúde;RAIA DROGASIL;Cuiabá;9.3;até 10 km;jusante_capital;;Não;sem atendimento hospitalar;-55.999333;-15.597935
estabelecimento de saúde;USF NOVO PARAISO II;Cuiabá;9.32;até 10 km;manso_capital;;Não;sem atendimento hospitalar;-56.053485;-15.544797
estabelecimento de saúde;CASA ABBA;Cuiabá;9.34;até 10 km;manso_capital;;Não;sem atendimento hospitalar;-56.041033;-15.558939
estabelecimento de saúde;SORRIZE CLINICA ODONTOLOGICA;Cuiabá;9.35;até 10 km;manso_capital;;Não;sem atendimento hospitalar;-56.037799;-15.560813
estabelecimento de saúde;MEDCAL SAUDE;Cuiabá;9.43;até 10 km;manso_capital;;Não;sem atendimento hospitalar;-56.051521;-15.547035
estabelecimento de saúde;DANIELA SANTANA LOPES;Cuiabá;9.44;até 10 km;jusante_capital;;Não;sem atendimento hospitalar;-55.993845;-15.603838
estabelecimento de saúde;HOSPITAL AMECOR;Cuiabá;9.45;até 10 km;manso_capital;;Sim;atendimento hospitalar;-56.051431;-15.546934
estabelecimento de saúde;CONSULTORIO DRA KETILA OLIVEIRA;Cuiabá;9.47;até 10 km;jusante_capital;;Não;sem atendimento hospitalar;-55.981976;-15.640295
estabelecimento de saúde;CECAN;Cuiabá;9.53;até 10 km;manso_capital;;Não;sem atendimento hospitalar;-56.051398;-15.544832
estabelecimento de saúde;UNIDADE DE PRONTO ATENDIMENTO MORADA DO OURO;Cuiabá;9.56;até 10 km;manso_capital;;Não;sem atendimento hospitalar;-56.043811;-15.554188
estabelecimento de saúde;PENITENCIARIA FEMININA ANA MARIA DO COUTO MAY;Cuiabá;9.57;até 10 km;jusante_capital;;Não;sem atendimento hospitalar;-55.980642;-15.655406
estabelecimento de saúde;SAMU 192 CUIABA USB B2;Cuiabá;9.59;até 10 km;jusante_capital;;;sem atendimento hospitalar;-55.980964;-15.639113
estabelecimento de saúde;USF JARDIM INDUSTRIARIO;Cuiabá;9.6;até 10 km;jusante_capital;;Não;sem atendimento hospitalar;-55.980323;-15.650418
estabelecimento de saúde;CLINICA ODONTOLOGICA DO PASCOAL RAMOS;Cuiabá;9.61;até 10 km;jusante_capital;;Não;sem atendimento hospitalar;-55.980656;-15.639874
estabelecimento de saúde;UNIDADE DE PRONTO ATENDIMENTO JARDIM LEBLON;Cuiabá;9.64;até 10 km;jusante_capital;;Não;sem atendimento hospitalar;-55.980444;-15.638947
estabelecimento de saúde;POLICLINICA PASCOAL RAMOS;Cuiabá;9.65;até 10 km;jusante_capital;;Não;sem atendimento hospitalar;-55.980408;-15.63896
estabelecimento de saúde;ESPACO SINGULAR;Cuiabá;9.67;até 10 km;manso_capital;;Não;sem atendimento hospitalar;-56.033491;-15.56014
estabelecimento de saúde;SAMU 192 CUIABA USB B8;Cuiabá;9.68;até 10 km;jusante_capital;;;sem atendimento hospitalar;-55.979977;-15.640074
estabelecimento de saúde;USF SERRA DOURADA;Cuiabá;9.7;até 10 km;jusante_capital;;Não;sem atendimento hospitalar;-55.980115;-15.637476
estabelecimento de saúde;CER II CENTRO ESPECIALIZADO EM REABILITACAO DA REGIAO SUL;Cuiabá;9.74;até 10 km;jusante_capital;;Não;sem atendimento hospitalar;-55.979532;-15.63915
estabelecimento de saúde;DROGARIA FARMA PLUS;Cuiabá;9.77;até 10 km;jusante_capital;;;sem atendimento hospitalar;-55.978912;-15.643207
estabelecimento de saúde;UROPELV FISIOTERAPIA;Cuiabá;9.8;até 10 km;manso_capital;;Não;sem atendimento hospitalar;-56.048083;-15.54649
estabelecimento de saúde;HYPNOS CENTER;Cuiabá;9.8;até 10 km;manso_capital;;Não;sem atendimento hospitalar;-56.048984;-15.544181
estabelecimento de saúde;DON CARRIJO PSICOLOGIA;Cuiabá;9.81;até 10 km;jusante_capital;;Não;sem atendimento hospitalar;-55.978562;-15.658568
estabelecimento de saúde;CONCESIONARIA ROTA DO OESTE SAU 09;Acorizal;9.82;até 10 km;manso_capital;;;sem atendimento hospitalar;-56.442701;-15.276543
estabelecimento de saúde;DROGARIA SUL AMERICA;Cuiabá;9.85;até 10 km;jusante_capital;;Não;sem atendimento hospitalar;-55.978177;-15.643888
estabelecimento de saúde;USF OURO FINO;Cuiabá;9.97;até 10 km;manso_capital;;Não;sem atendimento hospitalar;-56.045685;-15.547945
estabelecimento de saúde;VIGILANCIA EM SAUDE DE JANGADA;Jangada;9.97;até 10 km;manso_capital;;;sem atendimento hospitalar;-56.484919;-15.237784
estabelecimento de saúde;MAIS SORRISOS;Cuiabá;9.99;até 10 km;jusante_capital;;Não;sem atendimento hospitalar;-55.976747;-15.645713
estabelecimento de saúde;SECRETARIA MUNICIPAL DE SAUDE DE JANGADA;Jangada;10.0;até 10 km;manso_capital;;;sem atendimento hospitalar;-56.485133;-15.237877
estabelecimento de saúde;PRONTO ATENDIMENTO OTILIO FRANCISCO DE PAULA;Jangada;10.01;acima de 10 km;manso_capital;;Não;sem atendimento hospitalar;-56.485348;-15.237649
estabelecimento de saúde;SAMU JANGADA;Jangada;10.01;acima de 10 km;manso_capital;;;sem atendimento hospitalar;-56.485214;-15.237989
estabelecimento de saúde;AUDAX EMERGENCIA MEDICA;Cuiabá;10.04;acima de 10 km;jusante_capital;;;sem atendimento hospitalar;-55.976236;-15.654005
estabelecimento de saúde;USF CPA IV;Cuiabá;10.06;acima de 10 km;manso_capital;;Não;sem atendimento hospitalar;-56.031158;-15.557485
estabelecimento de saúde;MEDICAL CLINIC;Jangada;10.1;acima de 10 km;manso_capital;;Não;sem atendimento hospitalar;-56.488845;-15.235869
estabelecimento de saúde;CENTRAL DE REGULACAO JANGADA;Jangada;10.12;acima de 10 km;manso_capital;;;sem atendimento hospitalar;-56.488631;-15.236159
estabelecimento de saúde;ACADEMIA SAUDE JANGADA;Jangada;10.12;acima de 10 km;manso_capital;;Não;sem atendimento hospitalar;-56.489;-15.236
estabelecimento de saúde;FARMACIA MUNICIPAL ANISIO BISPO DE GUSMAO;Jangada;10.12;acima de 10 km;manso_capital;;Não;sem atendimento hospitalar;-56.489;-15.236
estabelecimento de saúde;ALMOXARIFADO SAUDE;Jangada;10.18;acima de 10 km;manso_capital;;Não;sem atendimento hospitalar;-56.491528;-15.234916
estabelecimento de saúde;JOAO HENRIQUE ELIAS MORTARI;Cuiabá;10.22;acima de 10 km;manso_capital;;Não;sem atendimento hospitalar;-56.017838;-15.566157
estabelecimento de saúde;UNIDADE BASICA SAUDE HELTON CARLOS SILVA PONCE;Jangada;10.27;acima de 10 km;manso_capital;;Não;sem atendimento hospitalar;-56.489618;-15.237214
estabelecimento de saúde;UBS CRISTINO MILITINO DE OLIVEIRA;Jangada;10.27;acima de 10 km;manso_capital;;Não;sem atendimento hospitalar;-56.489618;-15.237214
estabelecimento de saúde;UNIDADE DESCENTRALIZADA DE REABILITACAO;Jangada;10.27;acima de 10 km;manso_capital;;Não;sem atendimento hospitalar;-56.489553;-15.237235
estabelecimento de saúde;LABORATORIO MUNICIPAL AMARILDO BENEDITO DE FIGUEIREDO;Jangada;10.29;acima de 10 km;manso_capital;;Não;sem atendimento hospitalar;-56.489725;-15.237297
estabelecimento de saúde;O CASTELO DA FADA DO DENTE;Cuiabá;10.32;acima de 10 km;manso_capital;;Não;sem atendimento hospitalar;-56.043435;-15.545146
estabelecimento de saúde;USF NOVA ESPERANCA;Cuiabá;10.34;acima de 10 km;jusante_capital;;Não;sem atendimento hospitalar;-55.973456;-15.646101
estabelecimento de saúde;UROPELV;Cuiabá;10.36;acima de 10 km;manso_capital;;Não;sem atendimento hospitalar;-56.0432;-15.544825
estabelecimento de saúde;IMAGENS;Cuiabá;10.36;acima de 10 km;manso_capital;;;sem atendimento hospitalar;-56.0432;-15.544825
estabelecimento de saúde;LEILIANE DOS SANTOS NOVAIS SIQUEIRA;Cuiabá;10.36;acima de 10 km;manso_capital;;Não;sem atendimento hospitalar;-56.0432;-15.544825
estabelecimento de saúde;USF JARDIM ARACA;Cuiabá;10.37;acima de 10 km;jusante_capital;;Não;sem atendimento hospitalar;-55.979962;-15.612386
estabelecimento de saúde;COM TATO DESENVOLVIMENTO HUMANO E PSICOMOTOR;Cuiabá;10.41;acima de 10 km;manso_capital;;Não;sem atendimento hospitalar;-56.043218;-15.543223
estabelecimento de saúde;LARA TAVARES NEIVA;Cuiabá;10.46;acima de 10 km;manso_capital;;Não;sem atendimento hospitalar;-56.042913;-15.542729
estabelecimento de saúde;USF JARDIM UMUARAMA ALTOS DA GLORIA;Cuiabá;10.47;acima de 10 km;manso_capital;;Não;sem atendimento hospitalar;-56.025011;-15.557258
estabelecimento de saúde;USF JOAO BOSCO PINHEIRO;Cuiabá;10.76;acima de 10 km;manso_capital;;Não;sem atendimento hospitalar;-56.031924;-15.549414
estabelecimento de saúde;USF 1 DE MARCO;Cuiabá;10.77;acima de 10 km;manso_capital;;Não;sem atendimento hospitalar;-56.031976;-15.549264
estabelecimento de saúde;PINHEIRO ZOBIOLE SERVICOS MEDICOS LTDA;Cuiabá;10.78;acima de 10 km;manso_capital;;Não;sem atendimento hospitalar;-56.037641;-15.544913
estabelecimento de saúde;CLINICA REVER;Cuiabá;11.02;acima de 10 km;manso_capital;;Não;sem atendimento hospitalar;-56.028432;-15.548805
estabelecimento de saúde;LOHMANN CARRIJO PSICOLOGIA;Cuiabá;11.07;acima de 10 km;jusante_capital;;Não;sem atendimento hospitalar;-55.967085;-15.663371
estabelecimento de saúde;POSTO DE SAUDE DE CHAPEU DE SOL;Acorizal;11.14;acima de 10 km;manso_capital;;Não;sem atendimento hospitalar;-56.32548;-15.056223
estabelecimento de saúde;AME CENTRO DE REABILITACAO;Nossa Senhora do Livramento;11.6;acima de 10 km;manso_capital;;Não;sem atendimento hospitalar;-56.26339;-15.60543
estabelecimento de saúde;MED FARMA;Cuiabá;11.67;acima de 10 km;jusante_capital;;;sem atendimento hospitalar;-55.962463;-15.630547
estabelecimento de saúde;GENESIS LABORATORIO DE ANALISES CLINICAS E CITOPATOLOGI;Cuiabá;11.7;acima de 10 km;jusante_capital;;Não;sem atendimento hospitalar;-55.962182;-15.630688
estabelecimento de saúde;CLINICA POPULAR GENESIS;Cuiabá;11.7;acima de 10 km;jusante_capital;;Não;sem atendimento hospitalar;-55.962183;-15.630641
estabelecimento de saúde;USF PEDRA 90;Cuiabá;11.71;acima de 10 km;jusante_capital;;Não;sem atendimento hospitalar;-55.962129;-15.630481
estabelecimento de saúde;CENTRO ODONTOLOGICO PEDRA 90;Cuiabá;11.76;acima de 10 km;jusante_capital;;Não;sem atendimento hospitalar;-55.961619;-15.630788
estabelecimento de saúde;CIAPS ADAUTO BOTELHO UNIDADE II;Cuiabá;11.82;acima de 10 km;jusante_capital;;Não;sem atendimento hospitalar;-55.960064;-15.663867
estabelecimento de saúde;VITAL DENTE;Cuiabá;11.86;acima de 10 km;jusante_capital;;Não;sem atendimento hospitalar;-55.960563;-15.631114
estabelecimento de saúde;CORMED CARDIOLIGIA E INTERVENCAO;Cuiabá;12.0;acima de 10 km;jusante_capital;;Não;sem atendimento hospitalar;-55.95934;-15.630469
estabelecimento de saúde;DROGARIA VIDA POPULAR;Cuiabá;12.49;acima de 10 km;jusante_capital;;Não;sem atendimento hospitalar;-55.954471;-15.632583
estabelecimento de saúde;USF ROLAND GERALD TRECHAUD E CURVO;Cuiabá;12.49;acima de 10 km;jusante_capital;;Não;sem atendimento hospitalar;-55.952849;-15.673275
estabelecimento de saúde;LABMAX ANALISES CLINICAS;Cuiabá;12.49;acima de 10 km;jusante_capital;;Não;sem atendimento hospitalar;-55.954353;-15.633636
estabelecimento de saúde;CENTRO DE SAUDE SAO JOSE;Cuiabá;12.49;acima de 10 km;jusante_capital;;Não;sem atendimento hospitalar;-55.954353;-15.633636
estabelecimento de saúde;JR ESPACO SAUDE BEM ESTAR;Cuiabá;12.57;acima de 10 km;jusante_capital;;Não;sem atendimento hospitalar;-55.954597;-15.626824
estabelecimento de saúde;DL DIAGNOSTICO LABORATORIAL;Cuiabá;12.64;acima de 10 km;jusante_capital;;;sem atendimento hospitalar;-55.952843;-15.634047
estabelecimento de saúde;ODONTO VILLY SAUDE E DIAGNOSTICO;Cuiabá;12.74;acima de 10 km;jusante_capital;;Não;sem atendimento hospitalar;-55.953517;-15.624108
estabelecimento de saúde;DROGARIA NOVA VIDA II;Cuiabá;13.07;acima de 10 km;jusante_capital;;Não;sem atendimento hospitalar;-55.948613;-15.635682
estabelecimento de saúde;POLICLINICA DO PEDRA 90;Cuiabá;13.2;acima de 10 km;jusante_capital;;Não;sem atendimento hospitalar;-55.947425;-15.635642
estabelecimento de saúde;USF CINTURAO VERDE;Cuiabá;13.23;acima de 10 km;jusante_capital;;Não;sem atendimento hospitalar;-55.947061;-15.636214
estabelecimento de saúde;SANTANA SILVA E PAGOTTO;Cuiabá;13.35;acima de 10 km;jusante_capital;;Não;sem atendimento hospitalar;-55.946492;-15.631511
estabelecimento de saúde;USF AGUACU;Cuiabá;15.44;acima de 10 km;manso_capital;;Não;sem atendimento hospitalar;-56.129681;-15.281102
estabelecimento de saúde;ESF MIMOSO;Santo Antônio de Leverger;16.04;acima de 10 km;jusante_capital;;Não;sem atendimento hospitalar;-55.799206;-16.272666
estabelecimento de saúde;UNIDADE RURAL COIVARAS;Cuiabá;16.5;acima de 10 km;manso_capital;;Não;sem atendimento hospitalar;-55.757463;-15.023456
estabelecimento de saúde;DSEI CUIABA;Cuiabá;19.36;acima de 10 km;manso_capital;;Não;sem atendimento hospitalar;-56.061801;-15.354941
estabelecimento de saúde;POLO BASE CUIABA;Cuiabá;19.36;acima de 10 km;manso_capital;;;sem atendimento hospitalar;-56.061801;-15.354941
estabelecimento de saúde;HOSPITAL E PRONTO SOCORRO MUNICIPAL DE CUIABA;Cuiabá;19.96;acima de 10 km;manso_capital;;Sim;atendimento hospitalar;-56.055676;-15.355532
estabelecimento de saúde;USF COXIPO DO OURO;Cuiabá;20.72;acima de 10 km;manso_capital;;Não;sem atendimento hospitalar;-55.981666;-15.458586
estabelecimento de saúde;HOSPITAL MUNICIPAL PROFESSORA MARIA ARLINDA DA COSTA;Nossa Senhora do Livramento;20.75;acima de 10 km;jusante_capital;;Sim;atendimento hospitalar;-56.340506;-15.771566
estabelecimento de saúde;UNIDADE DE SAUDE DA FAMILIA RURAL SUL NORTE;Nossa Senhora do Livramento;20.89;acima de 10 km;jusante_capital;;Não;sem atendimento hospitalar;-56.341817;-15.772121
estabelecimento de saúde;FARMACIA BASICA MUNICIPAL DE NOSSA SENHORA DO LIVRAMENTO;Nossa Senhora do Livramento;20.9;acima de 10 km;jusante_capital;;Não;sem atendimento hospitalar;-56.341968;-15.772162
estabelecimento de saúde;UNIDADE BASICA DE SAUDE III;Nossa Senhora do Livramento;20.92;acima de 10 km;jusante_capital;;Não;sem atendimento hospitalar;-56.342161;-15.771749
estabelecimento de saúde;CENTRAL MUNICIPAL DE REGULACAO;Nossa Senhora do Livramento;20.93;acima de 10 km;jusante_capital;;Não;sem atendimento hospitalar;-56.342182;-15.771687
estabelecimento de saúde;UNIDADE BASICA DE SAUDE URBANO;Nossa Senhora do Livramento;20.99;acima de 10 km;jusante_capital;;Não;sem atendimento hospitalar;-56.342767;-15.772863
estabelecimento de saúde;ACADEMIA DE SAUDE;Nossa Senhora do Livramento;21.0;acima de 10 km;jusante_capital;;Não;sem atendimento hospitalar;-56.342869;-15.771956
estabelecimento de saúde;NUCLEO DE REABILITACAO N SRA LIVRAMENTO;Nossa Senhora do Livramento;21.36;acima de 10 km;jusante_capital;;Não;sem atendimento hospitalar;-56.346195;-15.774883
estabelecimento de saúde;SECRETARIA MUNICIPAL DE SAUDE DE NOSSA SENHORA DO LIVRAMENTO;Nossa Senhora do Livramento;21.36;acima de 10 km;jusante_capital;;;sem atendimento hospitalar;-56.346239;-15.774531
estabelecimento de saúde;USF RIO DOS PEIXES;Cuiabá;24.26;acima de 10 km;manso_capital;;Não;sem atendimento hospitalar;-55.990948;-15.39552
estabelecimento de saúde;POSTO DE SAUDE DO PIRIZAL;Nossa Senhora do Livramento;26.45;acima de 10 km;jusante_capital;;Não;sem atendimento hospitalar;-56.375078;-16.232634
estabelecimento de saúde;DROGARIA MEGA POPULAR;Nobres;27.97;acima de 10 km;manso_capital;;Não;sem atendimento hospitalar;-55.974655;-14.565973
estabelecimento de saúde;UBS RODA D AGUA;Nobres;28.13;acima de 10 km;manso_capital;;Não;sem atendimento hospitalar;-55.956974;-14.581756
estabelecimento de saúde;UNIDADE DE SAUDE DA FAMILIA MUTUM;Jangada;31.13;acima de 10 km;manso_capital;;Não;sem atendimento hospitalar;-56.642761;-15.35968
estabelecimento de saúde;FISIOTERAPIA NILSON VIEIRA DA SILVA;Jangada;31.55;acima de 10 km;manso_capital;;Não;sem atendimento hospitalar;-56.641645;-15.365805
estabelecimento de saúde;DROGARIA BOM JARDIM;Nobres;31.71;acima de 10 km;manso_capital;;Não;sem atendimento hospitalar;-55.87698;-14.553013
estabelecimento de saúde;ESF VILA BOM JARDIM;Nobres;31.86;acima de 10 km;manso_capital;;Não;sem atendimento hospitalar;-55.874104;-14.551476
estabelecimento de saúde;UNIDADE BASICA SAUDE PATRICIO DE OLIVEIRA BASTOS;Jangada;32.86;acima de 10 km;manso_capital;;Não;sem atendimento hospitalar;-56.649928;-15.374453
estabelecimento de saúde;UNIDADE BASICA DE SAUDE INDIGENA PERIGARA;Barão de Melgaço;32.91;acima de 10 km;jusante_capital;;Não;sem atendimento hospitalar;-56.226397;-16.920934
estabelecimento de saúde;CENTRO DE IMUNIZACAO UBSI ALDEIA PERIGARA;Barão de Melgaço;33.12;acima de 10 km;jusante_capital;;Não;sem atendimento hospitalar;-56.197815;-16.861062
estabelecimento de saúde;FAZENDA DA ESPERANCA FAZ ESPERANCA N SRA DAS GRACAS;Poconé;35.33;acima de 10 km;jusante_capital;;Não;sem atendimento hospitalar;-56.631947;-16.298433
estabelecimento de saúde;LABORATORIO DE ANALISES CLINICAS MUNICIPAL;Poconé;36.86;acima de 10 km;jusante_capital;;Não;sem atendimento hospitalar;-56.622119;-16.270998
estabelecimento de saúde;SECRETARIA MUNICIPAL DE SAUDE DE POCONE;Poconé;36.91;acima de 10 km;jusante_capital;;Não;sem atendimento hospitalar;-56.622563;-16.270693
estabelecimento de saúde;CENTRO DE ENFRENTAMENTO COVID 19;Poconé;36.99;acima de 10 km;jusante_capital;;Não;sem atendimento hospitalar;-56.623321;-16.270442
estabelecimento de saúde;CLINICA MEDICA PLENA;Poconé;37.03;acima de 10 km;jusante_capital;;Não;sem atendimento hospitalar;-56.623074;-16.269793
estabelecimento de saúde;AGENCIA TRANSFUNCIONAL DE POCONE;Poconé;37.05;acima de 10 km;jusante_capital;;Não;sem atendimento hospitalar;-56.623836;-16.270133
estabelecimento de saúde;UFC CUIABA;Cuiabá;37.12;acima de 10 km;jusante_capital;;;sem atendimento hospitalar;-56.622942;-16.268557
estabelecimento de saúde;HOSPITAL GERAL DE POCONE;Poconé;37.21;acima de 10 km;jusante_capital;;Sim;atendimento hospitalar;-56.626237;-16.270242
estabelecimento de saúde;CENTRO OFTALMOLOGICO PANTANAL POCONE;Poconé;37.21;acima de 10 km;jusante_capital;;Não;sem atendimento hospitalar;-56.624139;-16.268501
estabelecimento de saúde;MBR SERVICOS MEDICOS;Poconé;37.22;acima de 10 km;jusante_capital;;Não;sem atendimento hospitalar;-56.62493;-16.269062
estabelecimento de saúde;MULTIMAGEM;Poconé;37.23;acima de 10 km;jusante_capital;;Não;sem atendimento hospitalar;-56.624893;-16.268871
estabelecimento de saúde;FISIOMED;Cuiabá;37.24;acima de 10 km;jusante_capital;;Não;sem atendimento hospitalar;-56.627647;-16.271073
estabelecimento de saúde;PREVICLIN;Poconé;37.25;acima de 10 km;jusante_capital;;Não;sem atendimento hospitalar;-56.625842;-16.269443
estabelecimento de saúde;PSF SAO BENEDITO;Poconé;37.33;acima de 10 km;jusante_capital;;Não;sem atendimento hospitalar;-56.628693;-16.270896
estabelecimento de saúde;LABORATORIO FREI VALLET;Poconé;37.39;acima de 10 km;jusante_capital;;Não;sem atendimento hospitalar;-56.625182;-16.267243
estabelecimento de saúde;CENTRO DE REABILITACAO DE POCONE;Poconé;37.43;acima de 10 km;jusante_capital;;Não;sem atendimento hospitalar;-56.624739;-16.266338
estabelecimento de saúde;FARMACIA MUNICIPAL DE POCONE MT;Poconé;37.45;acima de 10 km;jusante_capital;;Não;sem atendimento hospitalar;-56.6239;-16.265524
estabelecimento de saúde;BEM POPUPAR BRASIL;Poconé;37.6;acima de 10 km;jusante_capital;;Não;sem atendimento hospitalar;-56.626793;-16.266004
estabelecimento de saúde;ODONTO CLINICA;Poconé;37.74;acima de 10 km;jusante_capital;;Não;sem atendimento hospitalar;-56.627717;-16.265151
estabelecimento de saúde;EXCELENCIA FISIOTERAPIA;Poconé;37.89;acima de 10 km;jusante_capital;;Não;sem atendimento hospitalar;-56.624168;-16.260513
estabelecimento de saúde;ODONTO POCONE CONSULTORIO ODONTOLOGICO;Poconé;37.89;acima de 10 km;jusante_capital;;Não;sem atendimento hospitalar;-56.623975;-16.2604
estabelecimento de saúde;CLINICA ASSIS ODONTOLOGICA ESPECIALIZADA;Poconé;37.94;acima de 10 km;jusante_capital;;Não;sem atendimento hospitalar;-56.627837;-16.262944
estabelecimento de saúde;ESF AGROVILA;Santo Antônio de Leverger;38.07;acima de 10 km;jusante_capital;;Não;sem atendimento hospitalar;-55.539198;-15.965718
estabelecimento de saúde;CENTRO DE DESENVOLVIMENTO SOCIAL SESC POCONE;Poconé;38.13;acima de 10 km;jusante_capital;;Não;sem atendimento hospitalar;-56.626239;-16.259422
estabelecimento de saúde;CENTRAL DE REGULACAO DE POCONE;Poconé;38.15;acima de 10 km;jusante_capital;;;sem atendimento hospitalar;-56.626561;-16.259442
estabelecimento de saúde;DROGARIA VAREJAO DOS REMEDIOS;Cuiabá;38.16;acima de 10 km;jusante_capital;;Não;sem atendimento hospitalar;-56.626172;-16.258967
estabelecimento de saúde;ESPACO INTEGRADO BLUE;Cuiabá;38.16;acima de 10 km;jusante_capital;;Não;sem atendimento hospitalar;-56.626172;-16.258967
estabelecimento de saúde;NUTRICAO E BEM ESTAR;Cuiabá;38.16;acima de 10 km;jusante_capital;;Não;sem atendimento hospitalar;-56.626172;-16.258967
estabelecimento de saúde;SANTE;Poconé;38.16;acima de 10 km;jusante_capital;;Não;sem atendimento hospitalar;-56.626172;-16.258967
estabelecimento de saúde;SAMU 192 POCONE USB B7;Poconé;38.21;acima de 10 km;jusante_capital;;;sem atendimento hospitalar;-56.623449;-16.256291
estabelecimento de saúde;PSF CENTRAL;Poconé;38.28;acima de 10 km;jusante_capital;;Não;sem atendimento hospitalar;-56.623535;-16.255549
estabelecimento de saúde;PROJETO CATARATA;Cuiabá;38.35;acima de 10 km;jusante_capital;;Sim;atendimento hospitalar;-56.642949;-16.270931
estabelecimento de saúde;DROGA BEM POPULAR AVENIDA LTDA;Poconé;38.39;acima de 10 km;jusante_capital;;Não;sem atendimento hospitalar;-56.625783;-16.255956
estabelecimento de saúde;TAKANO DIAGNOSTICO E TRATAMENTO LTDA;Cuiabá;38.43;acima de 10 km;jusante_capital;;Não;sem atendimento hospitalar;-56.619715;-16.2509
estabelecimento de saúde;CAPS POCONE;Poconé;38.49;acima de 10 km;jusante_capital;;Não;sem atendimento hospitalar;-56.619329;-16.249905
estabelecimento de saúde;EMULTI POCONE;Poconé;38.5;acima de 10 km;jusante_capital;;Não;sem atendimento hospitalar;-56.636174;-16.263171
estabelecimento de saúde;POLO ACADEMIA DA SAUDE MUNICIPAL;Poconé;38.51;acima de 10 km;jusante_capital;;;sem atendimento hospitalar;-56.623618;-16.252903
estabelecimento de saúde;DROGARIA MARQUES;Poconé;38.53;acima de 10 km;jusante_capital;;Não;sem atendimento hospitalar;-56.626797;-16.255178
estabelecimento de saúde;CENTRO DE ESPECIALIDADES DE POCONE;Poconé;38.54;acima de 10 km;jusante_capital;;Não;sem atendimento hospitalar;-56.637504;-16.263778
estabelecimento de saúde;PSF COHAB NOVA;Poconé;38.59;acima de 10 km;jusante_capital;;Não;sem atendimento hospitalar;-56.644764;-16.269569
estabelecimento de saúde;INSTITUTO CARVALHO DE PSICOLOGIA;Cuiabá;38.63;acima de 10 km;jusante_capital;;Não;sem atendimento hospitalar;-56.641577;-16.266212
estabelecimento de saúde;PSF JOAO GODOFREDO;Poconé;38.65;acima de 10 km;jusante_capital;;Não;sem atendimento hospitalar;-56.61875;-16.247659
estabelecimento de saúde;SCAN RASTREAMENTO EM MEDICINA DIAGNOSTICA LTDA;Cuiabá;38.68;acima de 10 km;jusante_capital;;Não;sem atendimento hospitalar;-56.619934;-16.248204
estabelecimento de saúde;ELAINE TOZETTO FISIOTERAPEUTA;Cuiabá;38.69;acima de 10 km;jusante_capital;;Não;sem atendimento hospitalar;-56.62115;-16.248991
estabelecimento de saúde;CEDIC JARDIM CUIABA;Cuiabá;38.74;acima de 10 km;jusante_capital;;;sem atendimento hospitalar;-56.619446;-16.247092
estabelecimento de saúde;CEDILAB INEC;Cuiabá;38.74;acima de 10 km;jusante_capital;;;sem atendimento hospitalar;-56.619446;-16.247092
estabelecimento de saúde;W M CORREA EXAMES NEUROLOGICOS;Cuiabá;38.74;acima de 10 km;jusante_capital;;Não;sem atendimento hospitalar;-56.619446;-16.247092
estabelecimento de saúde;PSF BOM PASTOR;Poconé;38.87;acima de 10 km;jusante_capital;;Não;sem atendimento hospitalar;-56.630818;-16.254432
estabelecimento de saúde;ANALISIS LABORATORIO CLINICO;Poconé;39.24;acima de 10 km;jusante_capital;;Não;sem atendimento hospitalar;-56.628149;-16.24803
estabelecimento de saúde;UPA UNIDADE DE PRONTO ATENDIMENTO DE POCONE;Poconé;39.32;acima de 10 km;jusante_capital;;Não;sem atendimento hospitalar;-56.628739;-16.247535
estabelecimento de saúde;PSF SANTA TEREZA;Poconé;39.41;acima de 10 km;jusante_capital;;Não;sem atendimento hospitalar;-56.628658;-16.246465
estabelecimento de saúde;EMULTI COMPLEMENTAR POCONE;Poconé;39.47;acima de 10 km;jusante_capital;;Não;sem atendimento hospitalar;-56.628588;-16.245692
estabelecimento de saúde;GRANJIMMY CENTRO DE TRATAMENTO;Chapada dos Guimarães;39.48;acima de 10 km;jusante_capital;;Não;sem atendimento hospitalar;-55.771108;-15.43912
estabelecimento de saúde;CLINICA HOMEOPED;Chapada dos Guimarães;39.83;acima de 10 km;jusante_capital;;Não;sem atendimento hospitalar;-55.752096;-15.461001
estabelecimento de saúde;CADEIA PUBLICA DE CHAPADA DOS GUIMARAES;Chapada dos Guimarães;39.88;acima de 10 km;jusante_capital;;Não;sem atendimento hospitalar;-55.750608;-15.46253
estabelecimento de saúde;CLINICA FRATARI;Chapada dos Guimarães;39.98;acima de 10 km;jusante_capital;;Não;sem atendimento hospitalar;-55.749915;-15.461875
estabelecimento de saúde;UNIDADE DA SAUDE DA FAMILIA CENTRO;Chapada dos Guimarães;39.99;acima de 10 km;jusante_capital;;Não;sem atendimento hospitalar;-55.749773;-15.461994
estabelecimento de saúde;UNIDADE DA SAUDE DA FAMILIA OLHO D AGUA;Chapada dos Guimarães;40.04;acima de 10 km;jusante_capital;;Não;sem atendimento hospitalar;-55.750122;-15.460588
estabelecimento de saúde;LABORATORIO BIOCENTER ANALISES CLINICAS;Chapada dos Guimarães;40.08;acima de 10 km;jusante_capital;;Não;sem atendimento hospitalar;-55.747547;-15.464103
estabelecimento de saúde;CLINICA ESPECIALIZADA VIDA SERENA PREMIER SAUDE MENTAL;Chapada dos Guimarães;40.08;acima de 10 km;jusante_capital;;Não;sem atendimento hospitalar;-55.744306;-15.469441
estabelecimento de saúde;NATU FARMA FARMACIA E DROGARIA;Chapada dos Guimarães;40.1;acima de 10 km;jusante_capital;;;sem atendimento hospitalar;-55.749629;-15.460319
estabelecimento de saúde;HARMONIZE ODONTOLOGIA E ESTETICA OROFACIAL;Chapada dos Guimarães;40.11;acima de 10 km;jusante_capital;;Não;sem atendimento hospitalar;-55.745916;-15.466233
estabelecimento de saúde;MASCARROZ CLINICA E AVALIACAO DE PSICOLOGIA LTDA;Chapada dos Guimarães;40.13;acima de 10 km;jusante_capital;;Não;sem atendimento hospitalar;-55.745379;-15.466668
estabelecimento de saúde;CENTRO DE ESPECIALIDADES CHAPADA DOS GUIMARAES;Chapada dos Guimarães;40.18;acima de 10 km;jusante_capital;;Não;sem atendimento hospitalar;-55.749641;-15.458956
estabelecimento de saúde;CENTRAL DE REGULACAO DE CHAPADA DOS GUIMARAES;Chapada dos Guimarães;40.18;acima de 10 km;jusante_capital;;;sem atendimento hospitalar;-55.749641;-15.458956
estabelecimento de saúde;POSTO DE SAUDE ALDEIA VELHA;Chapada dos Guimarães;40.27;acima de 10 km;jusante_capital;;Não;sem atendimento hospitalar;-55.759204;-15.443043
estabelecimento de saúde;CEMEDIG;Cuiabá;40.28;acima de 10 km;jusante_capital;;Não;sem atendimento hospitalar;-55.742279;-15.469257
estabelecimento de saúde;SOLARES CENTRO DE RECUPERACAO;Chapada dos Guimarães;40.35;acima de 10 km;jusante_capital;;Não;sem atendimento hospitalar;-55.752529;-15.451526
estabelecimento de saúde;GRANJIMMY UNID DE TRATAMENTO CONTINUADO EM SAUDE MENTAL;Chapada dos Guimarães;40.38;acima de 10 km;jusante_capital;;Não;sem atendimento hospitalar;-55.753555;-15.449461
estabelecimento de saúde;CLINICA DUARTE;Chapada dos Guimarães;40.38;acima de 10 km;jusante_capital;;Não;sem atendimento hospitalar;-55.739854;-15.471602
estabelecimento de saúde;VIEIRA ODONTOLOGIA AVANCADA;Chapada dos Guimarães;40.39;acima de 10 km;jusante_capital;;Não;sem atendimento hospitalar;-55.748019;-15.457879
estabelecimento de saúde;ORAL SIN IMPLANTES;Chapada dos Guimarães;40.43;acima de 10 km;jusante_capital;;Não;sem atendimento hospitalar;-55.746775;-15.459078
estabelecimento de saúde;DROGARIA MARANATA;Chapada dos Guimarães;40.47;acima de 10 km;jusante_capital;;;sem atendimento hospitalar;-55.742182;-15.466026
estabelecimento de saúde;UNIDADE AMBULATORIAL SALGADEIRA;Cuiabá;40.49;acima de 10 km;manso_capital;;Não;sem atendimento hospitalar;-55.829938;-15.357706
estabelecimento de saúde;KLEBERSON KLEINUBING ODONTOLOGIA INTEGRADA;Chapada dos Guimarães;40.56;acima de 10 km;jusante_capital;;Não;sem atendimento hospitalar;-55.739908;-15.468281
estabelecimento de saúde;NATU FARMA FARMACIA E DROGARIA LTDA;Chapada dos Guimarães;40.81;acima de 10 km;jusante_capital;;;sem atendimento hospitalar;-55.738273;-15.46633
estabelecimento de saúde;KORPUS CENTRO DE FISIOTERAPIA E ESPECIALIDADES MEDICAS;Chapada dos Guimarães;40.82;acima de 10 km;jusante_capital;;Não;sem atendimento hospitalar;-55.738149;-15.46642
estabelecimento de saúde;CENTRO DE SAUDE SANTA CRUZ;Chapada dos Guimarães;40.82;acima de 10 km;jusante_capital;;Não;sem atendimento hospitalar;-55.741594;-15.460715
estabelecimento de saúde;UPA 24 H FREI OSVALDO CHAPADA DOS GUIMARAES;Chapada dos Guimarães;40.85;acima de 10 km;jusante_capital;;Não;sem atendimento hospitalar;-55.73956;-15.463424
estabelecimento de saúde;UNIDADE DE REABILITACAO FREI OSVALDO;Chapada dos Guimarães;40.95;acima de 10 km;jusante_capital;;Não;sem atendimento hospitalar;-55.73684;-15.466296
estabelecimento de saúde;ACADEMIA DA SAUDE DE CHAPADA DOS GUIMARAES;Chapada dos Guimarães;40.97;acima de 10 km;jusante_capital;;Não;sem atendimento hospitalar;-55.736727;-15.466051
estabelecimento de saúde;DROGARIA FAVO DE MEL;Chapada dos Guimarães;41.0;acima de 10 km;jusante_capital;;;sem atendimento hospitalar;-55.732548;-15.47283
estabelecimento de saúde;CLINICA MAGNOLIGA;Chapada dos Guimarães;41.01;acima de 10 km;jusante_capital;;Não;sem atendimento hospitalar;-55.735402;-15.467743
estabelecimento de saúde;UNIDADE DA SAUDE DA FAMILIA OLHO DAGUA II;Chapada dos Guimarães;41.01;acima de 10 km;jusante_capital;;Não;sem atendimento hospitalar;-55.731848;-15.474088
estabelecimento de saúde;FARMACIA BASICA DE CHAPADA DOS GUIMARAES;Chapada dos Guimarães;41.01;acima de 10 km;jusante_capital;;Não;sem atendimento hospitalar;-55.737431;-15.464118
estabelecimento de saúde;SAMU 192 CHAPADA DOS GUIMARAES USB B6;Chapada dos Guimarães;41.02;acima de 10 km;jusante_capital;;;sem atendimento hospitalar;-55.737092;-15.464577
estabelecimento de saúde;HOSPITAL DOM OSVALDO;Chapada dos Guimarães;41.03;acima de 10 km;jusante_capital;;Não;sem atendimento hospitalar;-55.73724;-15.464202
estabelecimento de saúde;SECRETARIA MUNICIPAL DE CHAPADA DOS GUIMARAES;Chapada dos Guimarães;41.04;acima de 10 km;jusante_capital;;;sem atendimento hospitalar;-55.737158;-15.464069
estabelecimento de saúde;UNICA CLINICA MEDICA E TERAPIAS PARA SAUDE HUMANA;Chapada dos Guimarães;41.05;acima de 10 km;jusante_capital;;Não;sem atendimento hospitalar;-55.73531;-15.467055
estabelecimento de saúde;ROSA DE SARON CENTRO DE TRATAMENTO FEMININO;Chapada dos Guimarães;41.05;acima de 10 km;jusante_capital;;Não;sem atendimento hospitalar;-55.739307;-15.460381
estabelecimento de saúde;COMPLEXO DE ATENDIMENTO AO COVID 19;Chapada dos Guimarães;41.11;acima de 10 km;jusante_capital;;Não;sem atendimento hospitalar;-55.737638;-15.462103
estabelecimento de saúde;DROGARIA DO POVO;Chapada dos Guimarães;41.19;acima de 10 km;jusante_capital;;;sem atendimento hospitalar;-55.733772;-15.46726
estabelecimento de saúde;ESPACO POTENCIALIZE;Chapada dos Guimarães;41.29;acima de 10 km;jusante_capital;;Não;sem atendimento hospitalar;-55.735745;-15.461932
estabelecimento de saúde;UNIDADE DE SAUDE DA FAMILIA AGUA FRIA;Chapada dos Guimarães;42.94;acima de 10 km;manso_capital;;Não;sem atendimento hospitalar;-55.450425;-15.105114
estabelecimento de saúde;UNIDADE DE SAUDE DA FAMILIA JOAO CARRO;Chapada dos Guimarães;45.15;acima de 10 km;manso_capital;;Não;sem atendimento hospitalar;-55.392988;-15.051112
estabelecimento de saúde;ESPACO SAUDE;Poconé;50.94;acima de 10 km;jusante_capital;;Não;sem atendimento hospitalar;-56.569033;-16.080455
estabelecimento de saúde;PSF DO DISTRITO DE CANGAS;Poconé;51.04;acima de 10 km;jusante_capital;;Não;sem atendimento hospitalar;-56.568349;-16.079048
estabelecimento de saúde;ESF OLHO DAGUA;Santo Antônio de Leverger;59.85;acima de 10 km;manso_capital;;Não;sem atendimento hospitalar;-56.743311;-15.704481
estabelecimento de saúde;UNIDADE DE SAUDE PRAIA RICA;Chapada dos Guimarães;61.22;acima de 10 km;manso_capital;;Não;sem atendimento hospitalar;-55.410802;-14.45072
estabelecimento de saúde;LABORATORIO DE ANALISES CLINICAS DE POCONE;Poconé;62.91;acima de 10 km;jusante_capital;;Não;sem atendimento hospitalar;-56.722155;-16.048309
estabelecimento de saúde;PSF DO DISTRITO DO CHUMBO;Poconé;63.09;acima de 10 km;jusante_capital;;Não;sem atendimento hospitalar;-56.724721;-16.048259
estabelecimento de saúde;CENTRO DE SAUDE MATA GRANDE;Chapada dos Guimarães;65.42;acima de 10 km;manso_capital;;Não;sem atendimento hospitalar;-55.272999;-15.213533
estabelecimento de saúde;POSTO DE SAUDE RIO DA CASCA;Chapada dos Guimarães;66.01;acima de 10 km;manso_capital;;Não;sem atendimento hospitalar;-55.272205;-15.221557
estabelecimento de saúde;UNIDADE DE SAUDE JANGADA RONCADOR;Chapada dos Guimarães;66.48;acima de 10 km;manso_capital;;Não;sem atendimento hospitalar;-55.194988;-15.092235
estabelecimento de saúde;BIOSEG SEGURANCA DO TRABALHO;Cuiabá;79.71;acima de 10 km;jusante_capital;;Não;sem atendimento hospitalar;-55.3;-15.6
estabelecimento de saúde;POSTO DE SAUDE INDIGENA ALDEIA GOMES CARNEIRO;Santo Antônio de Leverger;81.27;acima de 10 km;jusante_capital;;Não;sem atendimento hospitalar;-55.213928;-16.594225
estabelecimento de saúde;ESF DO 120;Poconé;99.79;acima de 10 km;jusante_capital;;Não;sem atendimento hospitalar;-57.10895;-15.941797
estabelecimento de saúde;POSTO DE SAUDE INDIGENA ALDEIA PIEBAGA;Santo Antônio de Leverger;104.24;acima de 10 km;jusante_capital;;Não;sem atendimento hospitalar;-54.99018;-16.59095
estabelecimento de saúde;CITODIAGNOSTICO;Cuiabá;126.4;acima de 10 km;manso_capital;;Não;sem atendimento hospitalar;-57.51747;-14.605871
terra indígena;Baía dos Guató;Barão de Melgaço,Poconé;6.73;até 10 km;jusante_capital;;;"etnia Guató ; fase Homologada";-56.543205;-16.971799
terra indígena;Perigara;Barão de Melgaço;36.59;acima de 10 km;jusante_capital;;;"etnia Boróro ; fase Regularizada";-56.171668;-16.885161
terra indígena;Umutina;Barra do Bugres;65.98;acima de 10 km;manso_capital;;;"etnia Umutina; fase Regularizada";-57.079878;-15.024601
terra indígena;Santana;Nobres;79.83;acima de 10 km;manso_capital;;;"etnia Bakairí; fase Regularizada";-55.489421;-14.197689
terra indígena;Tereza Cristina;Santo Antônio do Leverger;89.95;acima de 10 km;jusante_capital;;;"etnia Boróro ; fase Regularizada";-55.116967;-16.544142
terra indígena;Estação Parecis;Diamantino;92.59;acima de 10 km;manso_capital;;;"etnia Paresí; fase Homologada";-56.914007;-14.141158
terra indígena;Bakairi;Planalto da Serra,Paranatinga;134.36;acima de 10 km;manso_capital;;;"etnia Bakairí; fase Regularizada";-54.652362;-14.343804
terra indígena;Tadarimana;Rondonópolis;153.01;acima de 10 km;jusante_capital;;;"etnia Boróro ; fase Regularizada";-54.5175;-16.538205
terra indígena;Jarudore;Poxoréo;167.67;acima de 10 km;jusante_capital;;;"etnia Boróro ; fase Regularizada";-54.311462;-16.173238
terra indígena;Ponte de Pedra;Nova Maringá,Diamantino,Campo Novo do Parecis;173.59;acima de 10 km;manso_capital;;;"etnia Paresí; fase Declarada";-57.332669;-13.534439
terra indígena;Rio Formoso;Tangará da Serra;181.35;acima de 10 km;manso_capital;;;"etnia Paresí; fase Regularizada";-58.09026;-14.537633
terra indígena;Sangradouro/Volta Grande;Poxoréo,Novo São Joaquim,General Carneiro;214.34;acima de 10 km;manso_capital;;;"etnia Xavante,Boróro ; fase Regularizada";-53.845589;-15.390574
terra indígena;Marechal Rondon;Paranatinga;222.1;acima de 10 km;manso_capital;;;"etnia Xavante; fase Regularizada";-53.965169;-13.920148
terra indígena;Figueiras;Barra do Bugres,Tangará da Serra;231.56;acima de 10 km;manso_capital;;;"etnia Paresí; fase Regularizada";-58.61192;-14.820484
terra indígena;Estivadinho;Tangará da Serra;237.92;acima de 10 km;manso_capital;;;"etnia Paresí; fase Regularizada";-58.641498;-14.597554
terra indígena;Ubawawe;Santo Antônio do Leste;245.25;acima de 10 km;manso_capital;;;"etnia Xavante; fase Regularizada";-53.524804;-14.513989
terra indígena;Utiariti;Campo Novo do Parecis e Sapezal;249.84;acima de 10 km;manso_capital;;;"etnia Paresí; fase Regularizada";-58.336356;-13.577238
terra indígena;Paresi;Tangará da Serra;259.44;acima de 10 km;manso_capital;;;"etnia Paresí; fase Regularizada";-58.787856;-14.35095
terra indígena;Manoki;Brasnorte;271.67;acima de 10 km;manso_capital;;;"etnia Irántxe; fase Homologada";-57.466997;-12.560788
terra indígena;Irantxe;Brasnorte;273.91;acima de 10 km;manso_capital;;;"etnia Irántxe; fase Regularizada";-57.905845;-12.82849
terra indígena;Chão Preto;Campinápolis;273.97;acima de 10 km;manso_capital;;;"etnia Xavante; fase Regularizada";-53.245814;-14.572514
terra indígena;Parabubure;Nova Xavantina,Campinápolis,Água Boa;285.46;acima de 10 km;manso_capital;;;"etnia Xavante; fase Regularizada";-53.185097;-14.321662
terra indígena;Juininha;Conquista D´Oeste;291.02;acima de 10 km;manso_capital;;;"etnia Paresí; fase Regularizada";-59.109627;-14.432792
terra indígena;Tirecatinga;Sapezal;293.64;acima de 10 km;manso_capital;;;"etnia Halotesu; fase Regularizada";-58.451362;-13.081603
terra indígena;Batovi;Gaúcha do Norte;294.04;acima de 10 km;manso_capital;;;"etnia Wauja; fase Regularizada";-53.920626;-12.942754
terra indígena;Portal do Encantado;Porto Esperidião,Pontes e Lacerda,Vila Bela da Santíssima Trindade;294.9;acima de 10 km;jusante_capital;;;"etnia Chiquitáno; fase Declarada";-59.47778;-16.168674
terra indígena;Merure;Barra do Garças,General Carneiro;301.12;acima de 10 km;manso_capital;;;"etnia Boróro ; fase Regularizada";-53.059254;-15.585943
terra indígena;Uirapuru;Campos de Júlio e Nova Lacerda;311.33;acima de 10 km;manso_capital;;;"etnia Paresí; fase Homologada";-59.28809;-14.37081
terra indígena;Sararé;Vila Bela da Santíssima Trindade,Nova Lacerda;324.92;acima de 10 km;manso_capital;;;"etnia Nambikwára; fase Regularizada";-59.485053;-14.879269
terra indígena;São Marcos - MT;Barra do Garças;335.16;acima de 10 km;manso_capital;;;"etnia Xavante; fase Regularizada";-52.662321;-15.147624
terra indígena;Taihantesu;Nova Lacerda;347.17;acima de 10 km;manso_capital;;;"etnia Wasusu; fase Regularizada";-59.560192;-14.107311
terra indígena;Menkü;Brasnorte;363.44;acima de 10 km;manso_capital;;;"etnia Mynky; fase Regularizada";-58.462824;-12.235485
terra indígena;Pequizal do Naruvôtu;Gaúcha do Norte,Canarana;388.04;acima de 10 km;manso_capital;;;"etnia Naravute; fase Regularizada";-52.800503;-12.929232
terra indígena;Batelão;Nova Canaã do Norte,Juara,Tabaporã;396.51;acima de 10 km;manso_capital;;;"etnia Kaiabi; fase Declarada";-56.623272;-11.148802
terra indígena;Nambikwara;Comodoro;398.84;acima de 10 km;manso_capital;;;"etnia Nambikwára; fase Regularizada";-59.506401;-12.880397
terra indígena;Paukalirajausu;Conquista D´Oeste,Vila Bela da Santíssima Trindade,Nova Lacerda;399.17;acima de 10 km;jusante_capital;;;"etnia Nambikwára; fase Delimitada";-59.641055;-14.775667
terra indígena;Enawenê-Nawê;Comodoro,Sapezal,Juína;400.21;acima de 10 km;manso_capital;;;"etnia Enawenê-Nawê; fase Regularizada";-59.123614;-12.384263
terra indígena;Parque do Xingu;Feliz Natal,Gaúcha do Norte,Querência,Canarana,São Félix do Araguaia,Nova Ubiratã,Marcelândia,Paranatinga,São Félix do Xingu;402.46;acima de 10 km;manso_capital;;;"etnia Wauja, Trumái, Yawalapití, Mehináku, Aweti, Yudjá, Kisêdjê, Ikpeng, Matipú, Kuikuro, Nahukuá, Tapayuna, Kaiabi, Kamayrurá, Kalapalo; fase Regularizada";-53.801894;-11.806268
terra indígena;Areões;Água Boa;404.71;acima de 10 km;manso_capital;;;"etnia Xavante; fase Regularizada";-52.043961;-14.418727
terra indígena;Vale do Guaporé;Comodoro e Nova Lacerda;405.51;acima de 10 km;manso_capital;;;"etnia Nambikwára; fase Regularizada";-59.980556;-13.669404
terra indígena;Lagoa dos Brincos;Comodoro;443.47;acima de 10 km;manso_capital;;;"etnia Negarotê; fase Regularizada";-60.184162;-13.252035
terra indígena;Pirineus de Souza;Comodoro;443.47;acima de 10 km;manso_capital;;;"etnia Nambikwára; fase Regularizada";-59.902495;-12.742383
terra indígena;Apiaka/Kayabi;Juara;446.84;acima de 10 km;manso_capital;;;"etnia Apiaká,Kaiabi; fase Regularizada";-57.397477;-10.83867
terra indígena;Erikpatsá;Brasnorte;449.14;acima de 10 km;manso_capital;;;"etnia Rikbaktsa; fase Regularizada";-58.292555;-11.188511
terra indígena;Pimentel Barbosa;Canarana,Ribeirão Cascalheira;468.19;acima de 10 km;manso_capital;;;"etnia Xavante; fase Regularizada";-51.657317;-13.5616
terra indígena;Pequizal;Nova Lacerda;471.05;acima de 10 km;jusante_capital;;;"etnia Nambikwára; fase Regularizada";-59.814779;-14.264748
terra indígena;Wawi;Querência;474.09;acima de 10 km;manso_capital;;;"etnia Kisêdjê; fase Regularizada";-52.967915;-11.614981
terra indígena;Japuira;Juara;483.3;acima de 10 km;manso_capital;;;"etnia Rikbaktsa; fase Regularizada";-58.13513;-10.763715
terra indígena;Karajá de Aruanã II;Cocalinho;502.73;acima de 10 km;manso_capital;;;"etnia Karajá; fase Regularizada";-51.093674;-14.908324
terra indígena;Wedezé;Cocalinho;510.59;acima de 10 km;manso_capital;;;"etnia Xavante; fase Delimitada";-51.239061;-13.583815
terra indígena;Parque do Aripuanã;Juína,Vilhena;516.42;acima de 10 km;manso_capital;;;"etnia Cinta Larga; fase Regularizada";-59.991503;-11.773829
terra indígena;Serra Morena;Juína;535.01;acima de 10 km;manso_capital;;;"etnia Cinta Larga; fase Regularizada";-59.370679;-10.980273
terra indígena;Maraiwatsede;São Félix do Araguaia,Bom Jesus do Araguaia,Alto Boa Vista;560.87;acima de 10 km;manso_capital;;;"etnia Xavante; fase Regularizada";-51.828531;-11.632001
terra indígena;Roosevelt;Rondolândia,Pimenta Bueno,Espigão D´Oeste;605.91;acima de 10 km;manso_capital;;;"etnia Cinta Larga; fase Regularizada";-60.587188;-11.227156
terra indígena;Terena Gleba Iriri;Matupá;614.42;acima de 10 km;manso_capital;;;"etnia Terena; fase Regularizada";-53.732657;-9.712263
terra indígena;Capoto/Jarina;São José do Xingu,Santa Cruz do Xingu,Peixoto de Azevedo;621.38;acima de 10 km;manso_capital;;;"etnia Kayapó; fase Regularizada";-53.203486;-9.881681
terra indígena;Aripuanã;Aripuanã,Juína;623.04;acima de 10 km;manso_capital;;;"etnia Cinta Larga; fase Regularizada";-60.006375;-10.470235
terra indígena;Escondido;Cotriguaçu;633.04;acima de 10 km;manso_capital;;;"etnia Rikbaktsa; fase Regularizada";-58.539276;-9.469903
terra indígena;Krenrehé;Luciara,Canabrava do Norte;634.79;acima de 10 km;manso_capital;;;"etnia Krenák; fase Regularizada";-51.459604;-11.045026
terra indígena;Panará;Guarantã do Norte,Matupá,Altamira;655.21;acima de 10 km;manso_capital;;;"etnia Panará; fase Regularizada";-54.142615;-9.180843
terra indígena;Urubu Branco;Confresa e Luciara e Porto Alegre do Norte;663.52;acima de 10 km;manso_capital;;;"etnia Tapirapé; fase Regularizada";-51.229188;-10.912417
terra indígena;Arara do Rio Branco;Aripuanã,Colniza;667.04;acima de 10 km;manso_capital;;;"etnia Arara do Acre; fase Regularizada";-59.567713;-9.6666
terra indígena;Kanela do Araguaia;Luciara e São Félix do Araguaia;670.38;acima de 10 km;manso_capital;;;"etnia Kanela; fase Encaminhada RI";-51.135142;-10.923957
terra indígena;Cacique Fontoura;Luciara,São Félix do Araguaia;675.13;acima de 10 km;manso_capital;;;"etnia Karajá; fase Regularizada";-50.73815;-11.339849
terra indígena;Sete de Setembro;Rondolândia,Espigão D´Oeste,Cacoal;676.16;acima de 10 km;manso_capital;;;"etnia Suruí de Rondônia; fase Regularizada";-61.201679;-10.966321
terra indígena;Zoró;Aripuanã;680.98;acima de 10 km;manso_capital;;;"etnia Zoró; fase Regularizada";-60.886482;-10.559593
terra indígena;São Domingos - MT;Luciara,São Félix do Araguaia;681.77;acima de 10 km;manso_capital;;;"etnia Karajá; fase Regularizada";-50.706543;-11.282161
terra indígena;Kayabi;Apiacás,Jacareacanga;693.17;acima de 10 km;manso_capital;;;"etnia Kaiabi; fase Regularizada";-57.365127;-8.560353
terra indígena;Kapôt Nhinore;Santa Cruz do Xingu e São Félix do Xingu e Vila Rica;704.2;acima de 10 km;manso_capital;;;"etnia Kayapó; fase Delimitada";-52.277479;-9.556514
terra indígena;Apiaká do Pontal e Isolados;Apiacás;713.84;acima de 10 km;manso_capital;;;"etnia Isolados,Apiaká; fase Declarada";-58.173659;-8.564537
terra indígena;Menkragnoti;Matupá,Peixoto de Azevedo,Altamira,São Félix do Xingu;715.5;acima de 10 km;manso_capital;;;"etnia Kayapó; fase Regularizada";-53.935735;-8.679544
terra indígena;Tapirapé/Karajá;Luciara,Santa Terezinha;734.82;acima de 10 km;manso_capital;;;"etnia Tapirapé,Karajá; fase Regularizada";-50.584744;-10.670613
terra indígena;Kawahiva do Rio Pardo;Colniza;740.9;acima de 10 km;manso_capital;;;"etnia Isolados; fase Declarada";-59.775808;-9.014879
terra indígena;Piripkura ( restrição de uso );Colniza,Rondolândia;767.52;acima de 10 km;manso_capital;;;"etnia Isolados; fase Em Estudo";-61.097245;-9.689338
território quilombola;;;31.77;acima de 10 km;jusante_capital;;;;-56.431796;-15.854125
território quilombola;;;62.77;acima de 10 km;jusante_capital;;;;-56.709992;-15.933182
território quilombola;;;68.78;acima de 10 km;manso_capital;;;;-57.036578;-15.407438
território quilombola;;;75.14;acima de 10 km;jusante_capital;;;;-56.89778;-16.047842
