{
 "type": "FeatureCollection",
 "features": [
  {
   "type": "Feature",
   "id": "aldeias_pontos.36",
   "geometry": {
    "type": "Point",
    "coordinates": [
     -58.40045556,
     -12.1775
    ]
   },
   "geometry_name": "the_geom",
   "properties": {
    "cod_aldeia": 44,
    "nome_aldeia": "Japuíra -Menku",
    "cod_ti": 28801,
    "cod_municipio": 5101902,
    "data_cadastro": null,
    "flag_ativo": "A",
    "nome_cr": "COORDENACAO REGIONAL NOROESTE DO MATO GROSSO",
    "nommunic": "Brasnorte",
    "nomuf": "Mato Grosso",
    "undadm_codigo": 30202002032,
    "coord_lat": -12.1775,
    "coord_long": -58.4004555556
   }
  },
  {
   "type": "Feature",
   "id": "aldeias_pontos.37",
   "geometry": {
    "type": "Point",
    "coordinates": [
     -57.53361111,
     -10.91694445
    ]
   },
   "geometry_name": "the_geom",
   "properties": {
    "cod_aldeia": 45,
    "nome_aldeia": "Tatuí",
    "cod_ti": 2301,
    "cod_municipio": 5105101,
    "data_cadastro": null,
    "flag_ativo": "A",
    "nome_cr": "COORDENACAO REGIONAL NOROESTE DO MATO GROSSO",
    "nommunic": "Juara",
    "nomuf": "Mato Grosso",
    "undadm_codigo": 30202002032,
    "coord_lat": -10.916944444444,
    "coord_long": -57.533611111111
   }
  },
  {
   "type": "Feature",
   "id": "aldeias_pontos.38",
   "geometry": {
    "type": "Point",
    "coordinates": [
     -57.50083333,
     -10.90055556
    ]
   },
   "geometry_name": "the_geom",
   "properties": {
    "cod_aldeia": 46,
    "nome_aldeia": "Figueira",
    "cod_ti": 2301,
    "cod_municipio": 5105101,
    "data_cadastro": null,
    "flag_ativo": "A",
    "nome_cr": "COORDENACAO REGIONAL NOROESTE DO MATO GROSSO",
    "nommunic": "Juara",
    "nomuf": "Mato Grosso",
    "undadm_codigo": 30202002032,
    "coord_lat": -10.900555555556,
    "coord_long": -57.500833333333
   }
  },
  {
   "type": "Feature",
   "id": "aldeias_pontos.39",
   "geometry": {
    "type": "Point",
    "coordinates": [
     -57.4675,
     -10.9
    ]
   },
   "geometry_name": "the_geom",
   "properties": {
    "cod_aldeia": 47,
    "nome_aldeia": "Mairob",
    "cod_ti": 2301,
    "cod_municipio": 5105101,
    "data_cadastro": null,
    "flag_ativo": "A",
    "nome_cr": "COORDENACAO REGIONAL NOROESTE DO MATO GROSSO",
    "nommunic": "Juara",
    "nomuf": "Mato Grosso",
    "undadm_codigo": 30202002032,
    "coord_lat": -10.9,
    "coord_long": -57.4675
   }
  },
  {
   "type": "Feature",
   "id": "aldeias_pontos.40",
   "geometry": {
    "type": "Point",
    "coordinates": [
     -57.53444444,
     -10.9
    ]
   },
   "geometry_name": "the_geom",
   "properties": {
    "cod_aldeia": 48,
    "nome_aldeia": "Beira Rio",
    "cod_ti": 2301,
    "cod_municipio": 5105101,
    "data_cadastro": null,
    "flag_ativo": "A",
    "nome_cr": "COORDENACAO REGIONAL NOROESTE DO MATO GROSSO",
    "nommunic": "Juara",
    "nomuf": "Mato Grosso",
    "undadm_codigo": 30202002032,
    "coord_lat": -10.9,
    "coord_long": -57.534444444444
   }
  },
  {
   "type": "Feature",
   "id": "aldeias_pontos.41",
   "geometry": {
    "type": "Point",
    "coordinates": [
     -57.53416667,
     -10.88416667
    ]
   },
   "geometry_name": "the_geom",
   "properties": {
    "cod_aldeia": 49,
    "nome_aldeia": "Renovada",
    "cod_ti": 2301,
    "cod_municipio": 5105101,
    "data_cadastro": null,
    "flag_ativo": "A",
    "nome_cr": "COORDENACAO REGIONAL NOROESTE DO MATO GROSSO",
    "nommunic": "Juara",
    "nomuf": "Mato Grosso",
    "undadm_codigo": 30202002032,
    "coord_lat": -10.884166666667,
    "coord_long": -57.534166666667
   }
  },
  {
   "type": "Feature",
   "id": "aldeias_pontos.42",
   "geometry": {
    "type": "Point",
    "coordinates": [
     -57.55,
     -10.88361111
    ]
   },
   "geometry_name": "the_geom",
   "properties": {
    "cod_aldeia": 50,
    "nome_aldeia": "Curva",
    "cod_ti": 2301,
    "cod_municipio": 5105101,
    "data_cadastro": null,
    "flag_ativo": "A",
    "nome_cr": "COORDENACAO REGIONAL NOROESTE DO MATO GROSSO",
    "nommunic": "Juara",
    "nomuf": "Mato Grosso",
    "undadm_codigo": 30202002032,
    "coord_lat": -10.883611111111,
    "coord_long": -57.55
   }
  },
  {
   "type": "Feature",
   "id": "aldeias_pontos.43",
   "geometry": {
    "type": "Point",
    "coordinates": [
     -57.55027778,
     -10.88333334
    ]
   },
   "geometry_name": "the_geom",
   "properties": {
    "cod_aldeia": 51,
    "nome_aldeia": "Nova Munduruku",
    "cod_ti": 2301,
    "cod_municipio": 5105101,
    "data_cadastro": null,
    "flag_ativo": "A",
    "nome_cr": "COORDENACAO REGIONAL NOROESTE DO MATO GROSSO",
    "nommunic": "Juara",
    "nomuf": "Mato Grosso",
    "undadm_codigo": 30202002032,
    "coord_lat": -10.883333333333,
    "coord_long": -57.550277777778
   }
  },
  {
   "type": "Feature",
   "id": "aldeias_pontos.44",
   "geometry": {
    "type": "Point",
    "coordinates": [
     -57.26666667,
     -11.11666667
    ]
   },
   "geometry_name": "the_geom",
   "properties": {
    "cod_aldeia": 52,
    "nome_aldeia": "Vale Verde",
    "cod_ti": 2301,
    "cod_municipio": 5105101,
    "data_cadastro": null,
    "flag_ativo": "A",
    "nome_cr": "COORDENACAO REGIONAL NOROESTE DO MATO GROSSO",
    "nommunic": "Juara",
    "nomuf": "Mato Grosso",
    "undadm_codigo": 30202002032,
    "coord_lat": -11.116666666667,
    "coord_long": -57.266666666667
   }
  },
  {
   "type": "Feature",
   "id": "aldeias_pontos.45",
   "geometry": {
    "type": "Point",
    "coordinates": [
     -57.26666667,
     -11.08444445
    ]
   },
   "geometry_name": "the_geom",
   "properties": {
    "cod_aldeia": 53,
    "nome_aldeia": "Flor da Terra",
    "cod_ti": 2301,
    "cod_municipio": 5105101,
    "data_cadastro": null,
    "flag_ativo": "A",
    "nome_cr": "COORDENACAO REGIONAL NOROESTE DO MATO GROSSO",
    "nommunic": "Juara",
    "nomuf": "Mato Grosso",
    "undadm_codigo": 30202002032,
    "coord_lat": -11.084444444444,
    "coord_long": -57.266666666667
   }
  },
  {
   "type": "Feature",
   "id": "aldeias_pontos.46",
   "geometry": {
    "type": "Point",
    "coordinates": [
     -57.26666667,
     -11.08333334
    ]
   },
   "geometry_name": "the_geom",
   "properties": {
    "cod_aldeia": 54,
    "nome_aldeia": "Kawaipe",
    "cod_ti": 2301,
    "cod_municipio": 5105101,
    "data_cadastro": null,
    "flag_ativo": "A",
    "nome_cr": "COORDENACAO REGIONAL NOROESTE DO MATO GROSSO",
    "nommunic": "Juara",
    "nomuf": "Mato Grosso",
    "undadm_codigo": 30202002032,
    "coord_lat": -11.083333333333,
    "coord_long": -57.266666666667
   }
  },
  {
   "type": "Feature",
   "id": "aldeias_pontos.47",
   "geometry": {
    "type": "Point",
    "coordinates": [
     -57.28361111,
     -10.95
    ]
   },
   "geometry_name": "the_geom",
   "properties": {
    "cod_aldeia": 55,
    "nome_aldeia": "Ytu Cachoeira",
    "cod_ti": 2301,
    "cod_municipio": 5105101,
    "data_cadastro": null,
    "flag_ativo": "A",
    "nome_cr": "COORDENACAO REGIONAL NOROESTE DO MATO GROSSO",
    "nommunic": "Juara",
    "nomuf": "Mato Grosso",
    "undadm_codigo": 30202002032,
    "coord_lat": -10.95,
    "coord_long": -57.283611111111
   }
  },
  {
   "type": "Feature",
   "id": "aldeias_pontos.48",
   "geometry": {
    "type": "Point",
    "coordinates": [
     -58.03333333,
     -12.91694445
    ]
   },
   "geometry_name": "the_geom",
   "properties": {
    "cod_aldeia": 56,
    "nome_aldeia": "Paredão",
    "cod_ti": 17301,
    "cod_municipio": 5101902,
    "data_cadastro": null,
    "flag_ativo": "A",
    "nome_cr": "COORDENACAO REGIONAL NOROESTE DO MATO GROSSO",
    "nommunic": "Brasnorte",
    "nomuf": "Mato Grosso",
    "undadm_codigo": 30202002032,
    "coord_lat": -12.916944444444,
    "coord_long": -58.033333333333
   }
  },
  {
   "type": "Feature",
   "id": "aldeias_pontos.49",
   "geometry": {
    "type": "Point",
    "coordinates": [
     -58.00055556,
     -12.90138889
    ]
   },
   "geometry_name": "the_geom",
   "properties": {
    "cod_aldeia": 57,
    "nome_aldeia": "Recanto do Alípio",
    "cod_ti": 17301,
    "cod_municipio": 5101902,
    "data_cadastro": null,
    "flag_ativo": "A",
    "nome_cr": "COORDENACAO REGIONAL NOROESTE DO MATO GROSSO",
    "nommunic": "Brasnorte",
    "nomuf": "Mato Grosso",
    "undadm_codigo": 30202002032,
    "coord_lat": -12.901388888889,
    "coord_long": -58.000555555556
   }
  },
  {
   "type": "Feature",
   "id": "aldeias_pontos.50",
   "geometry": {
    "type": "Point",
    "coordinates": [
     -57.98444444,
     -12.90027778
    ]
   },
   "geometry_name": "the_geom",
   "properties": {
    "cod_aldeia": 58,
    "nome_aldeia": "Perdiz",
    "cod_ti": 17301,
    "cod_municipio": 5101902,
    "data_cadastro": null,
    "flag_ativo": "A",
    "nome_cr": "COORDENACAO REGIONAL NOROESTE DO MATO GROSSO",
    "nommunic": "Brasnorte",
    "nomuf": "Mato Grosso",
    "undadm_codigo": 30202002032,
    "coord_lat": -12.900277777778,
    "coord_long": -57.984444444444
   }
  },
  {
   "type": "Feature",
   "id": "aldeias_pontos.51",
   "geometry": {
    "type": "Point",
    "coordinates": [
     -57.93333333,
     -12.80083334
    ]
   },
   "geometry_name": "the_geom",
   "properties": {
    "cod_aldeia": 59,
    "nome_aldeia": "Cravari",
    "cod_ti": 17301,
    "cod_municipio": 5101902,
    "data_cadastro": null,
    "flag_ativo": "A",
    "nome_cr": "COORDENACAO REGIONAL NOROESTE DO MATO GROSSO",
    "nommunic": "Brasnorte",
    "nomuf": "Mato Grosso",
    "undadm_codigo": 30202002032,
    "coord_lat": -12.800833333333,
    "coord_long": -57.933333333333
   }
  },
  {
   "type": "Feature",
   "id": "aldeias_pontos.52",
   "geometry": {
    "type": "Point",
    "coordinates": [
     -57.90138889,
     -12.80027778
    ]
   },
   "geometry_name": "the_geom",
   "properties": {
    "cod_aldeia": 60,
    "nome_aldeia": "13 de Maio",
    "cod_ti": 17301,
    "cod_municipio": 5101902,
    "data_cadastro": null,
    "flag_ativo": "A",
    "nome_cr": "COORDENACAO REGIONAL NOROESTE DO MATO GROSSO",
    "nommunic": "Brasnorte",
    "nomuf": "Mato Grosso",
    "undadm_codigo": 30202002032,
    "coord_lat": -12.800277777778,
    "coord_long": -57.901388888889
   }
  },
  {
   "type": "Feature",
   "id": "aldeias_pontos.53",
   "geometry": {
    "type": "Point",
    "coordinates": [
     -57.93388889,
     -12.80138889
    ]
   },
   "geometry_name": "the_geom",
   "properties": {
    "cod_aldeia": 61,
    "nome_aldeia": "12 de Outubro",
    "cod_ti": 17301,
    "cod_municipio": 5101902,
    "data_cadastro": null,
    "flag_ativo": "A",
    "nome_cr": "COORDENACAO REGIONAL NOROESTE DO MATO GROSSO",
    "nommunic": "Brasnorte",
    "nomuf": "Mato Grosso",
    "undadm_codigo": 30202002032,
    "coord_lat": -12.801388888889,
    "coord_long": -57.933888888889
   }
  },
  {
   "type": "Feature",
   "id": "aldeias_pontos.54",
   "geometry": {
    "type": "Point",
    "coordinates": [
     -58.0175,
     -12.8175
    ]
   },
   "geometry_name": "the_geom",
   "properties": {
    "cod_aldeia": 62,
    "nome_aldeia": "Asa Branca",
    "cod_ti": 17301,
    "cod_municipio": 5101902,
    "data_cadastro": null,
    "flag_ativo": "A",
    "nome_cr": "COORDENACAO REGIONAL NOROESTE DO MATO GROSSO",
    "nommunic": "Brasnorte",
    "nomuf": "Mato Grosso",
    "undadm_codigo": 30202002032,
    "coord_lat": -12.8175,
    "coord_long": -58.0175
   }
  },
  {
   "type": "Feature",
   "id": "aldeias_pontos.55",
   "geometry": {
    "type": "Point",
    "coordinates": [
     -59.21694444,
     -11.30055556
    ]
   },
   "geometry_name": "the_geom",
   "properties": {
    "cod_aldeia": 63,
    "nome_aldeia": "Serra Dourada",
    "cod_ti": 33601,
    "cod_municipio": 5105150,
    "data_cadastro": null,
    "flag_ativo": "A",
    "nome_cr": "COORDENACAO REGIONAL NOROESTE DO MATO GROSSO",
    "nommunic": "Juína",
    "nomuf": "Mato Grosso",
    "undadm_codigo": 30202002032,
    "coord_lat": -11.300555555556,
    "coord_long": -59.216944444444
   }
  },
  {
   "type": "Feature",
   "id": "aldeias_pontos.56",
   "geometry": {
    "type": "Point",
    "coordinates": [
     -59.25027778,
     -11.48444445
    ]
   },
   "geometry_name": "the_geom",
   "properties": {
    "cod_aldeia": 64,
    "nome_aldeia": "Vinte e um",
    "cod_ti": 33601,
    "cod_municipio": 5105150,
    "data_cadastro": null,
    "flag_ativo": "A",
    "nome_cr": "COORDENACAO REGIONAL NOROESTE DO MATO GROSSO",
    "nommunic": "Juína",
    "nomuf": "Mato Grosso",
    "undadm_codigo": 30202002032,
    "coord_lat": -11.484444444444,
    "coord_long": -59.250277777778
   }
  },
  {
   "type": "Feature",
   "id": "aldeias_pontos.57",
   "geometry": {
    "type": "Point",
    "coordinates": [
     -59.38444444,
     -11.5
    ]
   },
   "geometry_name": "the_geom",
   "properties": {
    "cod_aldeia": 65,
    "nome_aldeia": "Pedrão",
    "cod_ti": 33601,
    "cod_municipio": 5105150,
    "data_cadastro": null,
    "flag_ativo": "A",
    "nome_cr": "COORDENACAO REGIONAL NOROESTE DO MATO GROSSO",
    "nommunic": "Juína",
    "nomuf": "Mato Grosso",
    "undadm_codigo": 30202002032,
    "coord_lat": -11.5,
    "coord_long": -59.384444444444
   }
  },
  {
   "type": "Feature",
   "id": "aldeias_pontos.58",
   "geometry": {
    "type": "Point",
    "coordinates": [
     -59.41777778,
     -11.48388889
    ]
   },
   "geometry_name": "the_geom",
   "properties": {
    "cod_aldeia": 66,
    "nome_aldeia": "Rio Amarelinho",
    "cod_ti": 33601,
    "cod_municipio": 5105150,
    "data_cadastro": null,
    "flag_ativo": "A",
    "nome_cr": "COORDENACAO REGIONAL NOROESTE DO MATO GROSSO",
    "nommunic": "Juína",
    "nomuf": "Mato Grosso",
    "undadm_codigo": 30202002032,
    "coord_lat": -11.483888888889,
    "coord_long": -59.417777777778
   }
  },
  {
   "type": "Feature",
   "id": "aldeias_pontos.59",
   "geometry": {
    "type": "Point",
    "coordinates": [
     -59.5,
     -11.51694445
    ]
   },
   "geometry_name": "the_geom",
   "properties": {
    "cod_aldeia": 67,
    "nome_aldeia": "Algodão",
    "cod_ti": 33601,
    "cod_municipio": 5105150,
    "data_cadastro": null,
    "flag_ativo": "A",
    "nome_cr": "COORDENACAO REGIONAL NOROESTE DO MATO GROSSO",
    "nommunic": "Juína",
    "nomuf": "Mato Grosso",
    "undadm_codigo": 30202002032,
    "coord_lat": -11.516944444444,
    "coord_long": -59.5
   }
  },
  {
   "type": "Feature",
   "id": "aldeias_pontos.60",
   "geometry": {
    "type": "Point",
    "coordinates": [
     -59.55138889,
     -11.48444445
    ]
   },
   "geometry_name": "the_geom",
   "properties": {
    "cod_aldeia": 68,
    "nome_aldeia": "Rio Capivara",
    "cod_ti": 33601,
    "cod_municipio": 5105150,
    "data_cadastro": null,
    "flag_ativo": "A",
    "nome_cr": "COORDENACAO REGIONAL NOROESTE DO MATO GROSSO",
    "nommunic": "Juína",
    "nomuf": "Mato Grosso",
    "undadm_codigo": 30202002032,
    "coord_lat": -11.484444444444,
    "coord_long": -59.551388888889
   }
  },
  {
   "type": "Feature",
   "id": "aldeias_pontos.61",
   "geometry": {
    "type": "Point",
    "coordinates": [
     -58.33388889,
     -10.88388889
    ]
   },
   "geometry_name": "the_geom",
   "properties": {
    "cod_aldeia": 69,
    "nome_aldeia": "Pé de Mutum",
    "cod_ti": 18601,
    "cod_municipio": 5105101,
    "data_cadastro": null,
    "flag_ativo": "A",
    "nome_cr": "COORDENACAO REGIONAL NOROESTE DO MATO GROSSO",
    "nommunic": "Juara",
    "nomuf": "Mato Grosso",
    "undadm_codigo": 30202002032,
    "coord_lat": -10.883888888889,
    "coord_long": -58.333888888889
   }
  },
  {
   "type": "Feature",
   "id": "aldeias_pontos.62",
   "geometry": {
    "type": "Point",
    "coordinates": [
     -58.33388889,
     -10.91777778
    ]
   },
   "geometry_name": "the_geom",
   "properties": {
    "cod_aldeia": 70,
    "nome_aldeia": "Jatobá",
    "cod_ti": 18601,
    "cod_municipio": 5105101,
    "data_cadastro": null,
    "flag_ativo": "A",
    "nome_cr": "COORDENACAO REGIONAL NOROESTE DO MATO GROSSO",
    "nommunic": "Juara",
    "nomuf": "Mato Grosso",
    "undadm_codigo": 30202002032,
    "coord_lat": -10.917777777778,
    "coord_long": -58.333888888889
   }
  },
  {
   "type": "Feature",
   "id": "aldeias_pontos.63",
   "geometry": {
    "type": "Point",
    "coordinates": [
     -58.31777778,
     -10.95111111
    ]
   },
   "geometry_name": "the_geom",
   "properties": {
    "cod_aldeia": 71,
    "nome_aldeia": "Divisa Marcolino",
    "cod_ti": 18601,
    "cod_municipio": 5105101,
    "data_cadastro": null,
    "flag_ativo": "A",
    "nome_cr": "COORDENACAO REGIONAL NOROESTE DO MATO GROSSO",
    "nommunic": "Juara",
    "nomuf": "Mato Grosso",
    "undadm_codigo": 30202002032,
    "coord_lat": -10.951111111111,
    "coord_long": -58.317777777778
   }
  },
  {
   "type": "Feature",
   "id": "aldeias_pontos.64",
   "geometry": {
    "type": "Point",
    "coordinates": [
     -58.31722222,
     -10.78361111
    ]
   },
   "geometry_name": "the_geom",
   "properties": {
    "cod_aldeia": 72,
    "nome_aldeia": "Cerejeira",
    "cod_ti": 18601,
    "cod_municipio": 5105101,
    "data_cadastro": null,
    "flag_ativo": "A",
    "nome_cr": "COORDENACAO REGIONAL NOROESTE DO MATO GROSSO",
    "nommunic": "Juara",
    "nomuf": "Mato Grosso",
    "undadm_codigo": 30202002032,
    "coord_lat": -10.783611111111,
    "coord_long": -58.317222222222
   }
  },
  {
   "type": "Feature",
   "id": "aldeias_pontos.65",
   "geometry": {
    "type": "Point",
    "coordinates": [
     -58.36666667,
     -10.70027778
    ]
   },
   "geometry_name": "the_geom",
   "properties": {
    "cod_aldeia": 73,
    "nome_aldeia": "Japuíra",
    "cod_ti": 18601,
    "cod_municipio": 5105101,
    "data_cadastro": null,
    "flag_ativo": "A",
    "nome_cr": "COORDENACAO REGIONAL NOROESTE DO MATO GROSSO",
    "nommunic": "Juara",
    "nomuf": "Mato Grosso",
    "undadm_codigo": 30202002032,
    "coord_lat": -10.700277777778,
    "coord_long": -58.366666666667
   }
  },
  {
   "type": "Feature",
   "id": "aldeias_pontos.66",
   "geometry": {
    "type": "Point",
    "coordinates": [
     -58.26777778,
     -10.46805556
    ]
   },
   "geometry_name": "the_geom",
   "properties": {
    "cod_aldeia": 74,
    "nome_aldeia": "São Vicente",
    "cod_ti": 18601,
    "cod_municipio": 5105101,
    "data_cadastro": null,
    "flag_ativo": "A",
    "nome_cr": "COORDENACAO REGIONAL NOROESTE DO MATO GROSSO",
    "nommunic": "Juara",
    "nomuf": "Mato Grosso",
    "undadm_codigo": 30202002032,
    "coord_lat": -10.468055555556,
    "coord_long": -58.267777777778
   }
  },
  {
   "type": "Feature",
   "id": "aldeias_pontos.67",
   "geometry": {
    "type": "Point",
    "coordinates": [
     -58.10083333,
     -10.60027778
    ]
   },
   "geometry_name": "the_geom",
   "properties": {
    "cod_aldeia": 75,
    "nome_aldeia": "Castanhal",
    "cod_ti": 18601,
    "cod_municipio": 5105101,
    "data_cadastro": null,
    "flag_ativo": "A",
    "nome_cr": "COORDENACAO REGIONAL NOROESTE DO MATO GROSSO",
    "nommunic": "Juara",
    "nomuf": "Mato Grosso",
    "undadm_codigo": 30202002032,
    "coord_lat": -10.600277777778,
    "coord_long": -58.100833333333
   }
  },
  {
   "type": "Feature",
   "id": "aldeias_pontos.68",
   "geometry": {
    "type": "Point",
    "coordinates": [
     -59.88,
     -10.04222222
    ]
   },
   "geometry_name": "the_geom",
   "properties": {
    "cod_aldeia": 76,
    "nome_aldeia": "Paralelo 10",
    "cod_ti": 4201,
    "cod_municipio": 5101407,
    "data_cadastro": null,
    "flag_ativo": "A",
    "nome_cr": "COORDENACAO REGIONAL NOROESTE DO MATO GROSSO",
    "nommunic": "Aripuanã",
    "nomuf": "Mato Grosso",
    "undadm_codigo": 30202002032,
    "coord_lat": -10.042222222222,
    "coord_long": -59.88
   }
  },
  {
   "type": "Feature",
   "id": "aldeias_pontos.69",
   "geometry": {
    "type": "Point",
    "coordinates": [
     -59.99166667,
     -10.42583333
    ]
   },
   "geometry_name": "the_geom",
   "properties": {
    "cod_aldeia": 77,
    "nome_aldeia": "Cachoeirinha",
    "cod_ti": 4201,
    "cod_municipio": 5101407,
    "data_cadastro": null,
    "flag_ativo": "A",
    "nome_cr": "COORDENACAO REGIONAL NOROESTE DO MATO GROSSO",
    "nommunic": "Aripuanã",
    "nomuf": "Mato Grosso",
    "undadm_codigo": 30202002032,
    "coord_lat": -10.425833333333,
    "coord_long": -59.991666666667
   }
  },
  {
   "type": "Feature",
   "id": "aldeias_pontos.70",
   "geometry": {
    "type": "Point",
    "coordinates": [
     -59.88611111,
     -10.50444445
    ]
   },
   "geometry_name": "the_geom",
   "properties": {
    "cod_aldeia": 78,
    "nome_aldeia": "Taquaral Ipê",
    "cod_ti": 4201,
    "cod_municipio": 5101407,
    "data_cadastro": null,
    "flag_ativo": "A",
    "nome_cr": "COORDENACAO REGIONAL NOROESTE DO MATO GROSSO",
    "nommunic": "Aripuanã",
    "nomuf": "Mato Grosso",
    "undadm_codigo": 30202002032,
    "coord_lat": -10.504444444444,
    "coord_long": -59.886111111111
   }
  },
  {
   "type": "Feature",
   "id": "aldeias_pontos.71",
   "geometry": {
    "type": "Point",
    "coordinates": [
     -59.70972222,
     -10.41638889
    ]
   },
   "geometry_name": "the_geom",
   "properties": {
    "cod_aldeia": 79,
    "nome_aldeia": "Taquaral",
    "cod_ti": 4201,
    "cod_municipio": 5101407,
    "data_cadastro": null,
    "flag_ativo": "A",
    "nome_cr": "COORDENACAO REGIONAL NOROESTE DO MATO GROSSO",
    "nommunic": "Aripuanã",
    "nomuf": "Mato Grosso",
    "undadm_codigo": 30202002032,
    "coord_lat": -10.416388888889,
    "coord_long": -59.709722222222
   }
  },
  {
   "type": "Feature",
   "id": "aldeias_pontos.72",
   "geometry": {
    "type": "Point",
    "coordinates": [
     -59.64138889,
     -10.4425
    ]
   },
   "geometry_name": "the_geom",
   "properties": {
    "cod_aldeia": 80,
    "nome_aldeia": "Taquaral Divisa",
    "cod_ti": 4201,
    "cod_municipio": 5101407,
    "data_cadastro": null,
    "flag_ativo": "A",
    "nome_cr": "COORDENACAO REGIONAL NOROESTE DO MATO GROSSO",
    "nommunic": "Aripuanã",
    "nomuf": "Mato Grosso",
    "undadm_codigo": 30202002032,
    "coord_lat": -10.4425,
    "coord_long": -59.641388888889
   }
  },
  {
   "type": "Feature",
   "id": "aldeias_pontos.73",
   "geometry": {
    "type": "Point",
    "coordinates": [
     -59.79388889,
     -10.75916667
    ]
   },
   "geometry_name": "the_geom",
   "properties": {
    "cod_aldeia": 81,
    "nome_aldeia": "Areião",
    "cod_ti": 4201,
    "cod_municipio": 5101407,
    "data_cadastro": null,
    "flag_ativo": "A",
    "nome_cr": "COORDENACAO REGIONAL NOROESTE DO MATO GROSSO",
    "nommunic": "Aripuanã",
    "nomuf": "Mato Grosso",
    "undadm_codigo": 30202002032,
    "coord_lat": -10.759166666667,
    "coord_long": -59.793888888889
   }
  },
  {
   "type": "Feature",
   "id": "aldeias_pontos.74",
   "geometry": {
    "type": "Point",
    "coordinates": [
     -60.40111111,
     -10.71472222
    ]
   },
   "geometry_name": "the_geom",
   "properties": {
    "cod_aldeia": 82,
    "nome_aldeia": "Flor do Prado",
    "cod_ti": 4201,
    "cod_municipio": 5101407,
    "data_cadastro": null,
    "flag_ativo": "A",
    "nome_cr": "COORDENACAO REGIONAL NOROESTE DO MATO GROSSO",
    "nommunic": "Aripuanã",
    "nomuf": "Mato Grosso",
    "undadm_codigo": 30202002032,
    "coord_lat": -10.714722222222,
    "coord_long": -60.401111111111
   }
  },
  {
   "type": "Feature",
   "id": "aldeias_pontos.75",
   "geometry": {
    "type": "Point",
    "coordinates": [
     -60.32527778,
     -10.68805556
    ]
   },
   "geometry_name": "the_geom",
   "properties": {
    "cod_aldeia": 83,
    "nome_aldeia": "Mineiro",
    "cod_ti": 4201,
    "cod_municipio": 5101407,
    "data_cadastro": null,
    "flag_ativo": "A",
    "nome_cr": "COORDENACAO REGIONAL NOROESTE DO MATO GROSSO",
    "nommunic": "Aripuanã",
    "nomuf": "Mato Grosso",
    "undadm_codigo": 30202002032,
    "coord_lat": -10.688055555556,
    "coord_long": -60.325277777778
   }
  },
  {
   "type": "Feature",
   "id": "aldeias_pontos.76",
   "geometry": {
    "type": "Point",
    "coordinates": [
     -59.77361111,
     -10.22222222
    ]
   },
   "geometry_name": "the_geom",
   "properties": {
    "cod_aldeia": 84,
    "nome_aldeia": "Bananal",
    "cod_ti": 4201,
    "cod_municipio": 5101407,
    "data_cadastro": null,
    "flag_ativo": "A",
    "nome_cr": "COORDENACAO REGIONAL NOROESTE DO MATO GROSSO",
    "nommunic": "Aripuanã",
    "nomuf": "Mato Grosso",
    "undadm_codigo": 30202002032,
    "coord_lat": -10.222222222222,
    "coord_long": -59.773611111111
   }
  },
  {
   "type": "Feature",
   "id": "aldeias_pontos.77",
   "geometry": {
    "type": "Point",
    "coordinates": [
     -60.03666667,
     -10.10861111
    ]
   },
   "geometry_name": "the_geom",
   "properties": {
    "cod_aldeia": 85,
    "nome_aldeia": "Flor da Selva",
    "cod_ti": 4201,
    "cod_municipio": 5101407,
    "data_cadastro": null,
    "flag_ativo": "A",
    "nome_cr": "COORDENACAO REGIONAL NOROESTE DO MATO GROSSO",
    "nommunic": "Aripuanã",
    "nomuf": "Mato Grosso",
    "undadm_codigo": 30202002032,
    "coord_lat": -10.108611111111,
    "coord_long": -60.036666666667
   }
  },
  {
   "type": "Feature",
   "id": "aldeias_pontos.78",
   "geometry": {
    "type": "Point",
    "coordinates": [
     -59.8625,
     -10.00888889
    ]
   },
   "geometry_name": "the_geom",
   "properties": {
    "cod_aldeia": 86,
    "nome_aldeia": "Tamari",
    "cod_ti": 4201,
    "cod_municipio": 5101407,
    "data_cadastro": null,
    "flag_ativo": "A",
    "nome_cr": "COORDENACAO REGIONAL NOROESTE DO MATO GROSSO",
    "nommunic": "Aripuanã",
    "nomuf": "Mato Grosso",
    "undadm_codigo": 30202002032,
    "coord_lat": -10.008888888889,
    "coord_long": -59.8625
   }
  },
  {
   "type": "Feature",
   "id": "aldeias_pontos.79",
   "geometry": {
    "type": "Point",
    "coordinates": [
     -59.77861111,
     -10.22611111
    ]
   },
   "geometry_name": "the_geom",
   "properties": {
    "cod_aldeia": 87,
    "nome_aldeia": "Rio Preto",
    "cod_ti": 4201,
    "cod_municipio": 5101407,
    "data_cadastro": null,
    "flag_ativo": "A",
    "nome_cr": "COORDENACAO REGIONAL NOROESTE DO MATO GROSSO",
    "nommunic": "Aripuanã",
    "nomuf": "Mato Grosso",
    "undadm_codigo": 30202002032,
    "coord_lat": -10.226111111111,
    "coord_long": -59.778611111111
   }
  },
  {
   "type": "Feature",
   "id": "aldeias_pontos.80",
   "geometry": {
    "type": "Point",
    "coordinates": [
     -58.71694444,
     -9.66666667
    ]
   },
   "geometry_name": "the_geom",
   "properties": {
    "cod_aldeia": 88,
    "nome_aldeia": "Babaçuzal",
    "cod_ti": 11501,
    "cod_municipio": 5103379,
    "data_cadastro": null,
    "flag_ativo": "A",
    "nome_cr": "COORDENACAO REGIONAL NOROESTE DO MATO GROSSO",
    "nommunic": "Cotriguaçu",
    "nomuf": "Mato Grosso",
    "undadm_codigo": 30202002032,
    "coord_lat": -9.6666666666667,
    "coord_long": -58.716944444444
   }
  },
  {
   "type": "Feature",
   "id": "aldeias_pontos.81",
   "geometry": {
    "type": "Point",
    "coordinates": [
     -58.55027778,
     -9.38444445
    ]
   },
   "geometry_name": "the_geom",
   "properties": {
    "cod_aldeia": 89,
    "nome_aldeia": "Parajuba",
    "cod_ti": 11501,
    "cod_municipio": 5103379,
    "data_cadastro": null,
    "flag_ativo": "A",
    "nome_cr": "COORDENACAO REGIONAL NOROESTE DO MATO GROSSO",
    "nommunic": "Cotriguaçu",
    "nomuf": "Mato Grosso",
    "undadm_codigo": 30202002032,
    "coord_lat": -9.3844444444444,
    "coord_long": -58.550277777778
   }
  },
  {
   "type": "Feature",
   "id": "aldeias_pontos.82",
   "geometry": {
    "type": "Point",
    "coordinates": [
     -58.30111111,
     -11.45027778
    ]
   },
   "geometry_name": "the_geom",
   "properties": {
    "cod_aldeia": 90,
    "nome_aldeia": "Divisa",
    "cod_ti": 11401,
    "cod_municipio": 5101902,
    "data_cadastro": null,
    "flag_ativo": "A",
    "nome_cr": "COORDENACAO REGIONAL NOROESTE DO MATO GROSSO",
    "nommunic": "Brasnorte",
    "nomuf": "Mato Grosso",
    "undadm_codigo": 30202002032,
    "coord_lat": -11.450277777778,
    "coord_long": -58.301111111111
   }
  },
  {
   "type": "Feature",
   "id": "aldeias_pontos.83",
   "geometry": {
    "type": "Point",
    "coordinates": [
     -58.30138889,
     -11.43388889
    ]
   },
   "geometry_name": "the_geom",
   "properties": {
    "cod_aldeia": 91,
    "nome_aldeia": "Cabeceirinha",
    "cod_ti": 11401,
    "cod_municipio": 5101902,
    "data_cadastro": null,
    "flag_ativo": "A",
    "nome_cr": "COORDENACAO REGIONAL NOROESTE DO MATO GROSSO",
    "nommunic": "Brasnorte",
    "nomuf": "Mato Grosso",
    "undadm_codigo": 30202002032,
    "coord_lat": -11.433888888889,
    "coord_long": -58.301388888889
   }
  },
  {
   "type": "Feature",
   "id": "aldeias_pontos.84",
   "geometry": {
    "type": "Point",
    "coordinates": [
     -58.31694444,
     -11.41777778
    ]
   },
   "geometry_name": "the_geom",
   "properties": {
    "cod_aldeia": 92,
    "nome_aldeia": "Barranco Vermelho",
    "cod_ti": 11401,
    "cod_municipio": 5101902,
    "data_cadastro": null,
    "flag_ativo": "A",
    "nome_cr": "COORDENACAO REGIONAL NOROESTE DO MATO GROSSO",
    "nommunic": "Brasnorte",
    "nomuf": "Mato Grosso",
    "undadm_codigo": 30202002032,
    "coord_lat": -11.417777777778,
    "coord_long": -58.316944444444
   }
  },
  {
   "type": "Feature",
   "id": "aldeias_pontos.85",
   "geometry": {
    "type": "Point",
    "coordinates": [
     -58.30138889,
     -11.41777778
    ]
   },
   "geometry_name": "the_geom",
   "properties": {
    "cod_aldeia": 93,
    "nome_aldeia": "Palmeral",
    "cod_ti": 11401,
    "cod_municipio": 5101902,
    "data_cadastro": null,
    "flag_ativo": "A",
    "nome_cr": "COORDENACAO REGIONAL NOROESTE DO MATO GROSSO",
    "nommunic": "Brasnorte",
    "nomuf": "Mato Grosso",
    "undadm_codigo": 30202002032,
    "coord_lat": -11.417777777778,
    "coord_long": -58.301388888889
   }
  },
  {
   "type": "Feature",
   "id": "aldeias_pontos.86",
   "geometry": {
    "type": "Point",
    "coordinates": [
     -58.30083333,
     -11.41777778
    ]
   },
   "geometry_name": "the_geom",
   "properties": {
    "cod_aldeia": 94,
    "nome_aldeia": "Boa Esperança",
    "cod_ti": 11401,
    "cod_municipio": 5101902,
    "data_cadastro": null,
    "flag_ativo": "A",
    "nome_cr": "COORDENACAO REGIONAL NOROESTE DO MATO GROSSO",
    "nommunic": "Brasnorte",
    "nomuf": "Mato Grosso",
    "undadm_codigo": 30202002032,
    "coord_lat": -11.417777777778,
    "coord_long": -58.300833333333
   }
  },
  {
   "type": "Feature",
   "id": "aldeias_pontos.87",
   "geometry": {
    "type": "Point",
    "coordinates": [
     -58.33333333,
     -11.3675
    ]
   },
   "geometry_name": "the_geom",
   "properties": {
    "cod_aldeia": 95,
    "nome_aldeia": "Cajueiro",
    "cod_ti": 11401,
    "cod_municipio": 5101902,
    "data_cadastro": null,
    "flag_ativo": "A",
    "nome_cr": "COORDENACAO REGIONAL NOROESTE DO MATO GROSSO",
    "nommunic": "Brasnorte",
    "nomuf": "Mato Grosso",
    "undadm_codigo": 30202002032,
    "coord_lat": -11.3675,
    "coord_long": -58.333333333333
   }
  },
  {
   "type": "Feature",
   "id": "aldeias_pontos.88",
   "geometry": {
    "type": "Point",
    "coordinates": [
     -58.31805556,
     -11.33388889
    ]
   },
   "geometry_name": "the_geom",
   "properties": {
    "cod_aldeia": 96,
    "nome_aldeia": "Pedregal",
    "cod_ti": 11401,
    "cod_municipio": 5101902,
    "data_cadastro": null,
    "flag_ativo": "A",
    "nome_cr": "COORDENACAO REGIONAL NOROESTE DO MATO GROSSO",
    "nommunic": "Brasnorte",
    "nomuf": "Mato Grosso",
    "undadm_codigo": 30202002032,
    "coord_lat": -11.333888888889,
    "coord_long": -58.318055555556
   }
  },
  {
   "type": "Feature",
   "id": "aldeias_pontos.89",
   "geometry": {
    "type": "Point",
    "coordinates": [
     -58.33333333,
     -11.33361111
    ]
   },
   "geometry_name": "the_geom",
   "properties": {
    "cod_aldeia": 97,
    "nome_aldeia": "Vale do Sol",
    "cod_ti": 11401,
    "cod_municipio": 5101902,
    "data_cadastro": null,
    "flag_ativo": "A",
    "nome_cr": "COORDENACAO REGIONAL NOROESTE DO MATO GROSSO",
    "nommunic": "Brasnorte",
    "nomuf": "Mato Grosso",
    "undadm_codigo": 30202002032,
    "coord_lat": -11.333611111111,
    "coord_long": -58.333333333333
   }
  },
  {
   "type": "Feature",
   "id": "aldeias_pontos.90",
   "geometry": {
    "type": "Point",
    "coordinates": [
     -58.31805556,
     -11.33361111
    ]
   },
   "geometry_name": "the_geom",
   "properties": {
    "cod_aldeia": 98,
    "nome_aldeia": "União",
    "cod_ti": 11401,
    "cod_municipio": 5101902,
    "data_cadastro": null,
    "flag_ativo": "A",
    "nome_cr": "COORDENACAO REGIONAL NOROESTE DO MATO GROSSO",
    "nommunic": "Brasnorte",
    "nomuf": "Mato Grosso",
    "undadm_codigo": 30202002032,
    "coord_lat": -11.333611111111,
    "coord_long": -58.318055555556
   }
  },
  {
   "type": "Feature",
   "id": "aldeias_pontos.91",
   "geometry": {
    "type": "Point",
    "coordinates": [
     -58.3175,
     -11.31777778
    ]
   },
   "geometry_name": "the_geom",
   "properties": {
    "cod_aldeia": 99,
    "nome_aldeia": "Primavera",
    "cod_ti": 11401,
    "cod_municipio": 5101902,
    "data_cadastro": null,
    "flag_ativo": "A",
    "nome_cr": "COORDENACAO REGIONAL NOROESTE DO MATO GROSSO",
    "nommunic": "Brasnorte",
    "nomuf": "Mato Grosso",
    "undadm_codigo": 30202002032,
    "coord_lat": -11.317777777778,
    "coord_long": -58.3175
   }
  },
  {
   "type": "Feature",
   "id": "aldeias_pontos.92",
   "geometry": {
    "type": "Point",
    "coordinates": [
     -58.31805556,
     -11.31666667
    ]
   },
   "geometry_name": "the_geom",
   "properties": {
    "cod_aldeia": 100,
    "nome_aldeia": "Curva",
    "cod_ti": 11401,
    "cod_municipio": 5101902,
    "data_cadastro": null,
    "flag_ativo": "A",
    "nome_cr": "COORDENACAO REGIONAL NOROESTE DO MATO GROSSO",
    "nommunic": "Brasnorte",
    "nomuf": "Mato Grosso",
    "undadm_codigo": 30202002032,
    "coord_lat": -11.316666666667,
    "coord_long": -58.318055555556
   }
  },
  {
   "type": "Feature",
   "id": "aldeias_pontos.93",
   "geometry": {
    "type": "Point",
    "coordinates": [
     -58.33333333,
     -11.30138889
    ]
   },
   "geometry_name": "the_geom",
   "properties": {
    "cod_aldeia": 101,
    "nome_aldeia": "Curvinha",
    "cod_ti": 11401,
    "cod_municipio": 5101902,
    "data_cadastro": null,
    "flag_ativo": "A",
    "nome_cr": "COORDENACAO REGIONAL NOROESTE DO MATO GROSSO",
    "nommunic": "Brasnorte",
    "nomuf": "Mato Grosso",
    "undadm_codigo": 30202002032,
    "coord_lat": -11.301388888889,
    "coord_long": -58.333333333333
   }
  },
  {
   "type": "Feature",
   "id": "aldeias_pontos.94",
   "geometry": {
    "type": "Point",
    "coordinates": [
     -58.33361111,
     -11.30083334
    ]
   },
   "geometry_name": "the_geom",
   "properties": {
    "cod_aldeia": 102,
    "nome_aldeia": "Segunda",
    "cod_ti": 11401,
    "cod_municipio": 5101902,
    "data_cadastro": null,
    "flag_ativo": "A",
    "nome_cr": "COORDENACAO REGIONAL NOROESTE DO MATO GROSSO",
    "nommunic": "Brasnorte",
    "nomuf": "Mato Grosso",
    "undadm_codigo": 30202002032,
    "coord_lat": -11.300833333333,
    "coord_long": -58.333611111111
   }
  },
  {
   "type": "Feature",
   "id": "aldeias_pontos.95",
   "geometry": {
    "type": "Point",
    "coordinates": [
     -58.31666667,
     -11.26777778
    ]
   },
   "geometry_name": "the_geom",
   "properties": {
    "cod_aldeia": 103,
    "nome_aldeia": "Beira Rio",
    "cod_ti": 11401,
    "cod_municipio": 5101902,
    "data_cadastro": null,
    "flag_ativo": "A",
    "nome_cr": "COORDENACAO REGIONAL NOROESTE DO MATO GROSSO",
    "nommunic": "Brasnorte",
    "nomuf": "Mato Grosso",
    "undadm_codigo": 30202002032,
    "coord_lat": -11.267777777778,
    "coord_long": -58.316666666667
   }
  },
  {
   "type": "Feature",
   "id": "aldeias_pontos.96",
   "geometry": {
    "type": "Point",
    "coordinates": [
     -58.36444444,
     -11.21472222
    ]
   },
   "geometry_name": "the_geom",
   "properties": {
    "cod_aldeia": 104,
    "nome_aldeia": "Areia Branca",
    "cod_ti": 11401,
    "cod_municipio": 5101902,
    "data_cadastro": null,
    "flag_ativo": "A",
    "nome_cr": "COORDENACAO REGIONAL NOROESTE DO MATO GROSSO",
    "nommunic": "Brasnorte",
    "nomuf": "Mato Grosso",
    "undadm_codigo": 30202002032,
    "coord_lat": -11.2147222222,
    "coord_long": -58.3644444444
   }
  },
  {
   "type": "Feature",
   "id": "aldeias_pontos.97",
   "geometry": {
    "type": "Point",
    "coordinates": [
     -58.36305556,
     -11.19388889
    ]
   },
   "geometry_name": "the_geom",
   "properties": {
    "cod_aldeia": 105,
    "nome_aldeia": "Bacaval",
    "cod_ti": 11401,
    "cod_municipio": 5101902,
    "data_cadastro": null,
    "flag_ativo": "A",
    "nome_cr": "COORDENACAO REGIONAL NOROESTE DO MATO GROSSO",
    "nommunic": "Brasnorte",
    "nomuf": "Mato Grosso",
    "undadm_codigo": 30202002032,
    "coord_lat": -11.1938888889,
    "coord_long": -58.3630555556
   }
  },
  {
   "type": "Feature",
   "id": "aldeias_pontos.98",
   "geometry": {
    "type": "Point",
    "coordinates": [
     -58.33333333,
     -11.15111111
    ]
   },
   "geometry_name": "the_geom",
   "properties": {
    "cod_aldeia": 106,
    "nome_aldeia": "Nova",
    "cod_ti": 11401,
    "cod_municipio": 5101902,
    "data_cadastro": null,
    "flag_ativo": "A",
    "nome_cr": "COORDENACAO REGIONAL NOROESTE DO MATO GROSSO",
    "nommunic": "Brasnorte",
    "nomuf": "Mato Grosso",
    "undadm_codigo": 30202002032,
    "coord_lat": -11.151111111111,
    "coord_long": -58.333333333333
   }
  },
  {
   "type": "Feature",
   "id": "aldeias_pontos.99",
   "geometry": {
    "type": "Point",
    "coordinates": [
     -58.31777778,
     -11.15055556
    ]
   },
   "geometry_name": "the_geom",
   "properties": {
    "cod_aldeia": 107,
    "nome_aldeia": "Velha",
    "cod_ti": 11401,
    "cod_municipio": 5101902,
    "data_cadastro": null,
    "flag_ativo": "A",
    "nome_cr": "COORDENACAO REGIONAL NOROESTE DO MATO GROSSO",
    "nommunic": "Brasnorte",
    "nomuf": "Mato Grosso",
    "undadm_codigo": 30202002032,
    "coord_lat": -11.150555555556,
    "coord_long": -58.317777777778
   }
  },
  {
   "type": "Feature",
   "id": "aldeias_pontos.100",
   "geometry": {
    "type": "Point",
    "coordinates": [
     -58.34166667,
     -11.13861111
    ]
   },
   "geometry_name": "the_geom",
   "properties": {
    "cod_aldeia": 108,
    "nome_aldeia": "Pedra Bonita",
    "cod_ti": 11401,
    "cod_municipio": 5101902,
    "data_cadastro": null,
    "flag_ativo": "A",
    "nome_cr": "COORDENACAO REGIONAL NOROESTE DO MATO GROSSO",
    "nommunic": "Brasnorte",
    "nomuf": "Mato Grosso",
    "undadm_codigo": 30202002032,
    "coord_lat": -11.1386111111,
    "coord_long": -58.3416666667
   }
  },
  {
   "type": "Feature",
   "id": "aldeias_pontos.101",
   "geometry": {
    "type": "Point",
    "coordinates": [
     -58.34972222,
     -11.12055556
    ]
   },
   "geometry_name": "the_geom",
   "properties": {
    "cod_aldeia": 109,
    "nome_aldeia": "Seringal I",
    "cod_ti": 11401,
    "cod_municipio": 5101902,
    "data_cadastro": null,
    "flag_ativo": "A",
    "nome_cr": "COORDENACAO REGIONAL NOROESTE DO MATO GROSSO",
    "nommunic": "Brasnorte",
    "nomuf": "Mato Grosso",
    "undadm_codigo": 30202002032,
    "coord_lat": -11.1205555556,
    "coord_long": -58.3497222222
   }
  },
  {
   "type": "Feature",
   "id": "aldeias_pontos.102",
   "geometry": {
    "type": "Point",
    "coordinates": [
     -58.34944444,
     -11.1275
    ]
   },
   "geometry_name": "the_geom",
   "properties": {
    "cod_aldeia": 110,
    "nome_aldeia": "Seringal II",
    "cod_ti": 11401,
    "cod_municipio": 5101902,
    "data_cadastro": null,
    "flag_ativo": "A",
    "nome_cr": "COORDENACAO REGIONAL NOROESTE DO MATO GROSSO",
    "nommunic": "Brasnorte",
    "nomuf": "Mato Grosso",
    "undadm_codigo": 30202002032,
    "coord_lat": -11.1275,
    "coord_long": -58.3494444444
   }
  },
  {
   "type": "Feature",
   "id": "aldeias_pontos.103",
   "geometry": {
    "type": "Point",
    "coordinates": [
     -58.34416667,
     -11.10944445
    ]
   },
   "geometry_name": "the_geom",
   "properties": {
    "cod_aldeia": 111,
    "nome_aldeia": "Santa Rita",
    "cod_ti": 11401,
    "cod_municipio": 5101902,
    "data_cadastro": null,
    "flag_ativo": "A",
    "nome_cr": "COORDENACAO REGIONAL NOROESTE DO MATO GROSSO",
    "nommunic": "Brasnorte",
    "nomuf": "Mato Grosso",
    "undadm_codigo": 30202002032,
    "coord_lat": -11.1094444444,
    "coord_long": -58.3441666667
   }
  },
  {
   "type": "Feature",
   "id": "aldeias_pontos.104",
   "geometry": {
    "type": "Point",
    "coordinates": [
     -58.25194444,
     -11.78333334
    ]
   },
   "geometry_name": "the_geom",
   "properties": {
    "cod_aldeia": 112,
    "nome_aldeia": "Escolinha",
    "cod_ti": 11401,
    "cod_municipio": 5101902,
    "data_cadastro": null,
    "flag_ativo": "A",
    "nome_cr": "COORDENACAO REGIONAL NOROESTE DO MATO GROSSO",
    "nommunic": "Brasnorte",
    "nomuf": "Mato Grosso",
    "undadm_codigo": 30202002032,
    "coord_lat": -11.783333333333,
    "coord_long": -58.251944444444
   }
  },
  {
   "type": "Feature",
   "id": "aldeias_pontos.105",
   "geometry": {
    "type": "Point",
    "coordinates": [
     -58.25111111,
     -11.66694445
    ]
   },
   "geometry_name": "the_geom",
   "properties": {
    "cod_aldeia": 113,
    "nome_aldeia": "Posto Novo",
    "cod_ti": 11401,
    "cod_municipio": 5101902,
    "data_cadastro": null,
    "flag_ativo": "A",
    "nome_cr": "COORDENACAO REGIONAL NOROESTE DO MATO GROSSO",
    "nommunic": "Brasnorte",
    "nomuf": "Mato Grosso",
    "undadm_codigo": 30202002032,
    "coord_lat": -11.666944444444,
    "coord_long": -58.251111111111
   }
  },
  {
   "type": "Feature",
   "id": "aldeias_pontos.106",
   "geometry": {
    "type": "Point",
    "coordinates": [
     -59.25194444,
     -11.23472222
    ]
   },
   "geometry_name": "the_geom",
   "properties": {
    "cod_aldeia": 114,
    "nome_aldeia": "Rio Seco",
    "cod_ti": 42601,
    "cod_municipio": 5105150,
    "data_cadastro": null,
    "flag_ativo": "A",
    "nome_cr": "COORDENACAO REGIONAL NOROESTE DO MATO GROSSO",
    "nommunic": "Juína",
    "nomuf": "Mato Grosso",
    "undadm_codigo": 30202002032,
    "coord_lat": -11.234722222222,
    "coord_long": -59.251944444444
   }
  },
  {
   "type": "Feature",
   "id": "aldeias_pontos.107",
   "geometry": {
    "type": "Point",
    "coordinates": [
     -59.3,
     -11.23333334
    ]
   },
   "geometry_name": "the_geom",
   "properties": {
    "cod_aldeia": 115,
    "nome_aldeia": "Serra Morena",
    "cod_ti": 42601,
    "cod_municipio": 5105150,
    "data_cadastro": null,
    "flag_ativo": "A",
    "nome_cr": "COORDENACAO REGIONAL NOROESTE DO MATO GROSSO",
    "nommunic": "Juína",
    "nomuf": "Mato Grosso",
    "undadm_codigo": 30202002032,
    "coord_lat": -11.233333333333,
    "coord_long": -59.3
   }
  },
  {
   "type": "Feature",
   "id": "aldeias_pontos.108",
   "geometry": {
    "type": "Point",
    "coordinates": [
     -59.23444444,
     -11.18555556
    ]
   },
   "geometry_name": "the_geom",
   "properties": {
    "cod_aldeia": 116,
    "nome_aldeia": "Yamasá Ei",
    "cod_ti": 42601,
    "cod_municipio": 5105150,
    "data_cadastro": null,
    "flag_ativo": "A",
    "nome_cr": "COORDENACAO REGIONAL NOROESTE DO MATO GROSSO",
    "nommunic": "Juína",
    "nomuf": "Mato Grosso",
    "undadm_codigo": 30202002032,
    "coord_lat": -11.185555555556,
    "coord_long": -59.234444444444
   }
  },
  {
   "type": "Feature",
   "id": "aldeias_pontos.109",
   "geometry": {
    "type": "Point",
    "coordinates": [
     -59.21833333,
     -11.13444445
    ]
   },
   "geometry_name": "the_geom",
   "properties": {
    "cod_aldeia": 117,
    "nome_aldeia": "Água Fria",
    "cod_ti": 42601,
    "cod_municipio": 5105150,
    "data_cadastro": null,
    "flag_ativo": "A",
    "nome_cr": "COORDENACAO REGIONAL NOROESTE DO MATO GROSSO",
    "nommunic": "Juína",
    "nomuf": "Mato Grosso",
    "undadm_codigo": 30202002032,
    "coord_lat": -11.134444444444,
    "coord_long": -59.218333333333
   }
  },
  {
   "type": "Feature",
   "id": "aldeias_pontos.110",
   "geometry": {
    "type": "Point",
    "coordinates": [
     -59.36861111,
     -11.23361111
    ]
   },
   "geometry_name": "the_geom",
   "properties": {
    "cod_aldeia": 118,
    "nome_aldeia": "Rio Verde",
    "cod_ti": 42601,
    "cod_municipio": 5105150,
    "data_cadastro": null,
    "flag_ativo": "A",
    "nome_cr": "COORDENACAO REGIONAL NOROESTE DO MATO GROSSO",
    "nommunic": "Juína",
    "nomuf": "Mato Grosso",
    "undadm_codigo": 30202002032,
    "coord_lat": -11.233611111111,
    "coord_long": -59.368611111111
   }
  },
  {
   "type": "Feature",
   "id": "aldeias_pontos.111",
   "geometry": {
    "type": "Point",
    "coordinates": [
     -59.23388889,
     -11.01666667
    ]
   },
   "geometry_name": "the_geom",
   "properties": {
    "cod_aldeia": 119,
    "nome_aldeia": "Furquim",
    "cod_ti": 42601,
    "cod_municipio": 5105150,
    "data_cadastro": null,
    "flag_ativo": "A",
    "nome_cr": "COORDENACAO REGIONAL NOROESTE DO MATO GROSSO",
    "nommunic": "Juína",
    "nomuf": "Mato Grosso",
    "undadm_codigo": 30202002032,
    "coord_lat": -11.016666666667,
    "coord_long": -59.233888888889
   }
  },
  {
   "type": "Feature",
   "id": "aldeias_pontos.112",
   "geometry": {
    "type": "Point",
    "coordinates": [
     -59.23361111,
     -10.88361111
    ]
   },
   "geometry_name": "the_geom",
   "properties": {
    "cod_aldeia": 120,
    "nome_aldeia": "Pacovinha",
    "cod_ti": 42601,
    "cod_municipio": 5105150,
    "data_cadastro": null,
    "flag_ativo": "A",
    "nome_cr": "COORDENACAO REGIONAL NOROESTE DO MATO GROSSO",
    "nommunic": "Juína",
    "nomuf": "Mato Grosso",
    "undadm_codigo": 30202002032,
    "coord_lat": -10.883611111111,
    "coord_long": -59.233611111111
   }
  },
  {
   "type": "Feature",
   "id": "aldeias_pontos.115",
   "geometry": {
    "type": "Point",
    "coordinates": [
     -59.6,
     -9.98333333
    ]
   },
   "geometry_name": "the_geom",
   "properties": {
    "cod_aldeia": 126,
    "nome_aldeia": "Ponte Nova",
    "cod_ti": 3301,
    "cod_municipio": 5101407,
    "data_cadastro": null,
    "flag_ativo": "A",
    "nome_cr": "COORDENACAO REGIONAL NOROESTE DO MATO GROSSO",
    "nommunic": "Aripuanã",
    "nomuf": "Mato Grosso",
    "undadm_codigo": 30202002032,
    "coord_lat": -9.9833333333333,
    "coord_long": -59.6
   }
  },
  {
   "type": "Feature",
   "id": "aldeias_pontos.116",
   "geometry": {
    "type": "Point",
    "coordinates": [
     -59.6,
     -9.90027778
    ]
   },
   "geometry_name": "the_geom",
   "properties": {
    "cod_aldeia": 127,
    "nome_aldeia": "Volta Grande",
    "cod_ti": 3301,
    "cod_municipio": 5101407,
    "data_cadastro": null,
    "flag_ativo": "A",
    "nome_cr": "COORDENACAO REGIONAL NOROESTE DO MATO GROSSO",
    "nommunic": "Aripuanã",
    "nomuf": "Mato Grosso",
    "undadm_codigo": 30202002032,
    "coord_lat": -9.9002777777778,
    "coord_long": -59.6
   }
  },
  {
   "type": "Feature",
   "id": "aldeias_pontos.117",
   "geometry": {
    "type": "Point",
    "coordinates": [
     -59.75111111,
     -9.88416667
    ]
   },
   "geometry_name": "the_geom",
   "properties": {
    "cod_aldeia": 128,
    "nome_aldeia": "Pista do Leão",
    "cod_ti": 3301,
    "cod_municipio": 5101407,
    "data_cadastro": null,
    "flag_ativo": "A",
    "nome_cr": "COORDENACAO REGIONAL NOROESTE DO MATO GROSSO",
    "nommunic": "Aripuanã",
    "nomuf": "Mato Grosso",
    "undadm_codigo": 30202002032,
    "coord_lat": -9.8841666666667,
    "coord_long": -59.751111111111
   }
  },
  {
   "type": "Feature",
   "id": "aldeias_pontos.118",
   "geometry": {
    "type": "Point",
    "coordinates": [
     -59.41805556,
     -9.8
    ]
   },
   "geometry_name": "the_geom",
   "properties": {
    "cod_aldeia": 129,
    "nome_aldeia": "Água Boa",
    "cod_ti": 3301,
    "cod_municipio": 5101407,
    "data_cadastro": null,
    "flag_ativo": "A",
    "nome_cr": "COORDENACAO REGIONAL NOROESTE DO MATO GROSSO",
    "nommunic": "Aripuanã",
    "nomuf": "Mato Grosso",
    "undadm_codigo": 30202002032,
    "coord_lat": -9.8,
    "coord_long": -59.418055555556
   }
  },
  {
   "type": "Feature",
   "id": "aldeias_pontos.119",
   "geometry": {
    "type": "Point",
    "coordinates": [
     -59.43361111,
     -9.80111111
    ]
   },
   "geometry_name": "the_geom",
   "properties": {
    "cod_aldeia": 130,
    "nome_aldeia": "Boa Esperança",
    "cod_ti": 3301,
    "cod_municipio": 5101407,
    "data_cadastro": null,
    "flag_ativo": "A",
    "nome_cr": "COORDENACAO REGIONAL NOROESTE DO MATO GROSSO",
    "nommunic": "Aripuanã",
    "nomuf": "Mato Grosso",
    "undadm_codigo": 30202002032,
    "coord_lat": -9.8011111111111,
    "coord_long": -59.433611111111
   }
  },
  {
   "type": "Feature",
   "id": "aldeias_pontos.120",
   "geometry": {
    "type": "Point",
    "coordinates": [
     -59.58333333,
     -9.86805556
    ]
   },
   "geometry_name": "the_geom",
   "properties": {
    "cod_aldeia": 131,
    "nome_aldeia": "Laguinho",
    "cod_ti": 3301,
    "cod_municipio": 5101407,
    "data_cadastro": null,
    "flag_ativo": "A",
    "nome_cr": "COORDENACAO REGIONAL NOROESTE DO MATO GROSSO",
    "nommunic": "Aripuanã",
    "nomuf": "Mato Grosso",
    "undadm_codigo": 30202002032,
    "coord_lat": -9.8680555555556,
    "coord_long": -59.583333333333
   }
  },
  {
   "type": "Feature",
   "id": "aldeias_pontos.121",
   "geometry": {
    "type": "Point",
    "coordinates": [
     -59.76777778,
     -9.9
    ]
   },
   "geometry_name": "the_geom",
   "properties": {
    "cod_aldeia": 132,
    "nome_aldeia": "Serrinha",
    "cod_ti": 3301,
    "cod_municipio": 5101407,
    "data_cadastro": null,
    "flag_ativo": "A",
    "nome_cr": "COORDENACAO REGIONAL NOROESTE DO MATO GROSSO",
    "nommunic": "Aripuanã",
    "nomuf": "Mato Grosso",
    "undadm_codigo": 30202002032,
    "coord_lat": -9.9,
    "coord_long": -59.767777777778
   }
  },
  {
   "type": "Feature",
   "id": "aldeias_pontos.122",
   "geometry": {
    "type": "Point",
    "coordinates": [
     -59.76694444,
     -9.88444445
    ]
   },
   "geometry_name": "the_geom",
   "properties": {
    "cod_aldeia": 133,
    "nome_aldeia": "Araraúna",
    "cod_ti": 3301,
    "cod_municipio": 5101407,
    "data_cadastro": null,
    "flag_ativo": "A",
    "nome_cr": "COORDENACAO REGIONAL NOROESTE DO MATO GROSSO",
    "nommunic": "Aripuanã",
    "nomuf": "Mato Grosso",
    "undadm_codigo": 30202002032,
    "coord_lat": -9.8844444444444,
    "coord_long": -59.766944444444
   }
  },
  {
   "type": "Feature",
   "id": "aldeias_pontos.123",
   "geometry": {
    "type": "Point",
    "coordinates": [
     -59.63472222,
     -9.85055556
    ]
   },
   "geometry_name": "the_geom",
   "properties": {
    "cod_aldeia": 134,
    "nome_aldeia": "Taboca",
    "cod_ti": 3301,
    "cod_municipio": 5101407,
    "data_cadastro": null,
    "flag_ativo": "A",
    "nome_cr": "COORDENACAO REGIONAL NOROESTE DO MATO GROSSO",
    "nommunic": "Aripuanã",
    "nomuf": "Mato Grosso",
    "undadm_codigo": 30202002032,
    "coord_lat": -9.8505555555556,
    "coord_long": -59.634722222222
   }
  },
  {
   "type": "Feature",
   "id": "aldeias_pontos.124",
   "geometry": {
    "type": "Point",
    "coordinates": [
     -59.60055556,
     -9.9175
    ]
   },
   "geometry_name": "the_geom",
   "properties": {
    "cod_aldeia": 135,
    "nome_aldeia": "Capivara",
    "cod_ti": 3301,
    "cod_municipio": 5101407,
    "data_cadastro": null,
    "flag_ativo": "A",
    "nome_cr": "COORDENACAO REGIONAL NOROESTE DO MATO GROSSO",
    "nommunic": "Aripuanã",
    "nomuf": "Mato Grosso",
    "undadm_codigo": 30202002032,
    "coord_lat": -9.9175,
    "coord_long": -59.600555555556
   }
  },
  {
   "type": "Feature",
   "id": "aldeias_pontos.125",
   "geometry": {
    "type": "Point",
    "coordinates": [
     -59.41777778,
     -9.7675
    ]
   },
   "geometry_name": "the_geom",
   "properties": {
    "cod_aldeia": 136,
    "nome_aldeia": "Julia Maria",
    "cod_ti": 3301,
    "cod_municipio": 5101407,
    "data_cadastro": null,
    "flag_ativo": "A",
    "nome_cr": "COORDENACAO REGIONAL NOROESTE DO MATO GROSSO",
    "nommunic": "Aripuanã",
    "nomuf": "Mato Grosso",
    "undadm_codigo": 30202002032,
    "coord_lat": -9.7675,
    "coord_long": -59.417777777778
   }
  },
  {
   "type": "Feature",
   "id": "aldeias_pontos.126",
   "geometry": {
    "type": "Point",
    "coordinates": [
     -59.60027778,
     -9.93472222
    ]
   },
   "geometry_name": "the_geom",
   "properties": {
    "cod_aldeia": 137,
    "nome_aldeia": "Boa Esperança II",
    "cod_ti": 3301,
    "cod_municipio": 5101407,
    "data_cadastro": null,
    "flag_ativo": "A",
    "nome_cr": "COORDENACAO REGIONAL NOROESTE DO MATO GROSSO",
    "nommunic": "Aripuanã",
    "nomuf": "Mato Grosso",
    "undadm_codigo": 30202002032,
    "coord_lat": -9.9347222222222,
    "coord_long": -59.600277777778
   }
  },
  {
   "type": "Feature",
   "id": "aldeias_pontos.127",
   "geometry": {
    "type": "Point",
    "coordinates": [
     -59.61666667,
     -9.90083333
    ]
   },
   "geometry_name": "the_geom",
   "properties": {
    "cod_aldeia": 138,
    "nome_aldeia": "Mamãe Vem Aí",
    "cod_ti": 3301,
    "cod_municipio": 5101407,
    "data_cadastro": null,
    "flag_ativo": "A",
    "nome_cr": "COORDENACAO REGIONAL NOROESTE DO MATO GROSSO",
    "nommunic": "Aripuanã",
    "nomuf": "Mato Grosso",
    "undadm_codigo": 30202002032,
    "coord_lat": -9.9008333333333,
    "coord_long": -59.616666666667
   }
  },
  {
   "type": "Feature",
   "id": "aldeias_pontos.128",
   "geometry": {
    "type": "Point",
    "coordinates": [
     -59.43472222,
     -9.76805556
    ]
   },
   "geometry_name": "the_geom",
   "properties": {
    "cod_aldeia": 139,
    "nome_aldeia": "Mundinho",
    "cod_ti": 3301,
    "cod_municipio": 5101407,
    "data_cadastro": null,
    "flag_ativo": "A",
    "nome_cr": "COORDENACAO REGIONAL NOROESTE DO MATO GROSSO",
    "nommunic": "Aripuanã",
    "nomuf": "Mato Grosso",
    "undadm_codigo": 30202002032,
    "coord_lat": -9.7680555555556,
    "coord_long": -59.434722222222
   }
  },
  {
   "type": "Feature",
   "id": "aldeias_pontos.458",
   "geometry": {
    "type": "Point",
    "coordinates": [
     -61.02658333,
     -10.40895
    ]
   },
   "geometry_name": "the_geom",
   "properties": {
    "cod_aldeia": 507,
    "nome_aldeia": "Pawanewa",
    "cod_ti": 51101,
    "cod_municipio": 5107578,
    "data_cadastro": null,
    "flag_ativo": "A",
    "nome_cr": "COORDENACAO REGIONAL DE JI PARANA",
    "nommunic": "Rondolândia",
    "nomuf": "Mato Grosso",
    "undadm_codigo": 30202001948,
    "coord_lat": -10.40895,
    "coord_long": -61.0265833333
   }
  },
  {
   "type": "Feature",
   "id": "aldeias_pontos.459",
   "geometry": {
    "type": "Point",
    "coordinates": [
     -60.94101111,
     -10.47610556
    ]
   },
   "geometry_name": "the_geom",
   "properties": {
    "cod_aldeia": 508,
    "nome_aldeia": "Bubyrej",
    "cod_ti": 51101,
    "cod_municipio": 5107578,
    "data_cadastro": null,
    "flag_ativo": "A",
    "nome_cr": "COORDENACAO REGIONAL DE JI PARANA",
    "nommunic": "Rondolândia",
    "nomuf": "Mato Grosso",
    "undadm_codigo": 30202001948,
    "coord_lat": -10.4761055556,
    "coord_long": -60.9410111111
   }
  },
  {
   "type": "Feature",
   "id": "aldeias_pontos.460",
   "geometry": {
    "type": "Point",
    "coordinates": [
     -60.85136111,
     -10.51818333
    ]
   },
   "geometry_name": "the_geom",
   "properties": {
    "cod_aldeia": 509,
    "nome_aldeia": "Ipê Wirej",
    "cod_ti": 51101,
    "cod_municipio": 5107578,
    "data_cadastro": null,
    "flag_ativo": "A",
    "nome_cr": "COORDENACAO REGIONAL DE JI PARANA",
    "nommunic": "Rondolândia",
    "nomuf": "Mato Grosso",
    "undadm_codigo": 30202001948,
    "coord_lat": -10.5181833333,
    "coord_long": -60.8513611111
   }
  },
  {
   "type": "Feature",
   "id": "aldeias_pontos.461",
   "geometry": {
    "type": "Point",
    "coordinates": [
     -60.81943333,
     -10.5673
    ]
   },
   "geometry_name": "the_geom",
   "properties": {
    "cod_aldeia": 510,
    "nome_aldeia": "Panjirawã",
    "cod_ti": 51101,
    "cod_municipio": 5107578,
    "data_cadastro": null,
    "flag_ativo": "A",
    "nome_cr": "COORDENACAO REGIONAL DE JI PARANA",
    "nommunic": "Rondolândia",
    "nomuf": "Mato Grosso",
    "undadm_codigo": 30202001948,
    "coord_lat": -10.5673,
    "coord_long": -60.8194333333
   }
  },
  {
   "type": "Feature",
   "id": "aldeias_pontos.462",
   "geometry": {
    "type": "Point",
    "coordinates": [
     -60.73766667,
     -10.73515
    ]
   },
   "geometry_name": "the_geom",
   "properties": {
    "cod_aldeia": 511,
    "nome_aldeia": "Abesewap (Paulo Sérgio)",
    "cod_ti": 51101,
    "cod_municipio": 5107578,
    "data_cadastro": null,
    "flag_ativo": "A",
    "nome_cr": "COORDENACAO REGIONAL DE JI PARANA",
    "nommunic": "Rondolândia",
    "nomuf": "Mato Grosso",
    "undadm_codigo": 30202001948,
    "coord_lat": -10.73515,
    "coord_long": -60.7376666667
   }
  },
  {
   "type": "Feature",
   "id": "aldeias_pontos.463",
   "geometry": {
    "type": "Point",
    "coordinates": [
     -60.7979,
     -10.86995
    ]
   },
   "geometry_name": "the_geom",
   "properties": {
    "cod_aldeia": 512,
    "nome_aldeia": "Gustavo",
    "cod_ti": 51101,
    "cod_municipio": 5107578,
    "data_cadastro": null,
    "flag_ativo": "A",
    "nome_cr": "COORDENACAO REGIONAL DE JI PARANA",
    "nommunic": "Rondolândia",
    "nomuf": "Mato Grosso",
    "undadm_codigo": 30202001948,
    "coord_lat": -10.86995,
    "coord_long": -60.7979
   }
  },
  {
   "type": "Feature",
   "id": "aldeias_pontos.464",
   "geometry": {
    "type": "Point",
    "coordinates": [
     -60.81086389,
     -10.89106667
    ]
   },
   "geometry_name": "the_geom",
   "properties": {
    "cod_aldeia": 513,
    "nome_aldeia": "Guwa Puxurej",
    "cod_ti": 51101,
    "cod_municipio": 5107578,
    "data_cadastro": null,
    "flag_ativo": "A",
    "nome_cr": "COORDENACAO REGIONAL DE JI PARANA",
    "nommunic": "Rondolândia",
    "nomuf": "Mato Grosso",
    "undadm_codigo": 30202001948,
    "coord_lat": -10.8910666667,
    "coord_long": -60.8108638889
   }
  },
  {
   "type": "Feature",
   "id": "aldeias_pontos.465",
   "geometry": {
    "type": "Point",
    "coordinates": [
     -60.84913889,
     -10.9135
    ]
   },
   "geometry_name": "the_geom",
   "properties": {
    "cod_aldeia": 514,
    "nome_aldeia": "Webay Karej",
    "cod_ti": 51101,
    "cod_municipio": 5107578,
    "data_cadastro": null,
    "flag_ativo": "A",
    "nome_cr": "COORDENACAO REGIONAL DE JI PARANA",
    "nommunic": "Rondolândia",
    "nomuf": "Mato Grosso",
    "undadm_codigo": 30202001948,
    "coord_lat": -10.9135,
    "coord_long": -60.8491388889
   }
  },
  {
   "type": "Feature",
   "id": "aldeias_pontos.466",
   "geometry": {
    "type": "Point",
    "coordinates": [
     -60.897,
     -10.95898334
    ]
   },
   "geometry_name": "the_geom",
   "properties": {
    "cod_aldeia": 515,
    "nome_aldeia": "Zawã Kej",
    "cod_ti": 51101,
    "cod_municipio": 5107578,
    "data_cadastro": null,
    "flag_ativo": "A",
    "nome_cr": "COORDENACAO REGIONAL DE JI PARANA",
    "nommunic": "Rondolândia",
    "nomuf": "Mato Grosso",
    "undadm_codigo": 30202001948,
    "coord_lat": -10.9589833333,
    "coord_long": -60.897
   }
  },
  {
   "type": "Feature",
   "id": "aldeias_pontos.467",
   "geometry": {
    "type": "Point",
    "coordinates": [
     -60.69454444,
     -10.48398611
    ]
   },
   "geometry_name": "the_geom",
   "properties": {
    "cod_aldeia": 516,
    "nome_aldeia": "Tamali Syn",
    "cod_ti": 51101,
    "cod_municipio": 5107578,
    "data_cadastro": null,
    "flag_ativo": "A",
    "nome_cr": "COORDENACAO REGIONAL DE JI PARANA",
    "nommunic": "Rondolândia",
    "nomuf": "Mato Grosso",
    "undadm_codigo": 30202001948,
    "coord_lat": -10.4839861111,
    "coord_long": -60.6945444444
   }
  },
  {
   "type": "Feature",
   "id": "aldeias_pontos.468",
   "geometry": {
    "type": "Point",
    "coordinates": [
     -61.02348333,
     -10.40593333
    ]
   },
   "geometry_name": "the_geom",
   "properties": {
    "cod_aldeia": 517,
    "nome_aldeia": "Zawa Karej (escola Pólo)",
    "cod_ti": 51101,
    "cod_municipio": 5107578,
    "data_cadastro": null,
    "flag_ativo": "A",
    "nome_cr": "COORDENACAO REGIONAL DE JI PARANA",
    "nommunic": "Rondolândia",
    "nomuf": "Mato Grosso",
    "undadm_codigo": 30202001948,
    "coord_lat": -10.4059333333,
    "coord_long": -61.0234833333
   }
  },
  {
   "type": "Feature",
   "id": "aldeias_pontos.495",
   "geometry": {
    "type": "Point",
    "coordinates": [
     -60.86966944,
     -10.89696111
    ]
   },
   "geometry_name": "the_geom",
   "properties": {
    "cod_aldeia": 546,
    "nome_aldeia": "Ikarej",
    "cod_ti": 51101,
    "cod_municipio": 5107578,
    "data_cadastro": null,
    "flag_ativo": "A",
    "nome_cr": "COORDENACAO REGIONAL DE JI PARANA",
    "nommunic": "Rondolândia",
    "nomuf": "Mato Grosso",
    "undadm_codigo": 30202001948,
    "coord_lat": -10.8969611111,
    "coord_long": -60.8696694444
   }
  },
  {
   "type": "Feature",
   "id": "aldeias_pontos.565",
   "geometry": {
    "type": "Point",
    "coordinates": [
     -53.06972222,
     -14.53361112
    ]
   },
   "geometry_name": "the_geom",
   "properties": {
    "cod_aldeia": 621,
    "nome_aldeia": "Bela Vista",
    "cod_ti": 32701,
    "cod_municipio": 5102603,
    "data_cadastro": "24/05/2016",
    "flag_ativo": "A",
    "nome_cr": "COORDENACAO REGIONAL XAVANTE",
    "nommunic": "Campinápolis",
    "nomuf": "Mato Grosso",
    "undadm_codigo": 30202002053,
    "coord_lat": -14.5336111111,
    "coord_long": -53.0697222222
   }
  },
  {
   "type": "Feature",
   "id": "aldeias_pontos.566",
   "geometry": {
    "type": "Point",
    "coordinates": [
     -53.07055556,
     -14.52972223
    ]
   },
   "geometry_name": "the_geom",
   "properties": {
    "cod_aldeia": 622,
    "nome_aldeia": "Buruwê",
    "cod_ti": 32701,
    "cod_municipio": 5102603,
    "data_cadastro": "24/05/2016",
    "flag_ativo": "A",
    "nome_cr": "COORDENACAO REGIONAL XAVANTE",
    "nommunic": "Campinápolis",
    "nomuf": "Mato Grosso",
    "undadm_codigo": 30202002053,
    "coord_lat": -14.5297222222,
    "coord_long": -53.0705555556
   }
  },
  {
   "type": "Feature",
   "id": "aldeias_pontos.568",
   "geometry": {
    "type": "Point",
    "coordinates": [
     -53.02333333,
     -14.4075
    ]
   },
   "geometry_name": "the_geom",
   "properties": {
    "cod_aldeia": 624,
    "nome_aldeia": "Cristalina",
    "cod_ti": 32701,
    "cod_municipio": 5102603,
    "data_cadastro": "24/05/2016",
    "flag_ativo": "A",
    "nome_cr": "COORDENACAO REGIONAL XAVANTE",
    "nommunic": "Campinápolis",
    "nomuf": "Mato Grosso",
    "undadm_codigo": 30202002053,
    "coord_lat": -14.4075,
    "coord_long": -53.0233333333
   }
  },
  {
   "type": "Feature",
   "id": "aldeias_pontos.569",
   "geometry": {
    "type": "Point",
    "coordinates": [
     -53.0375,
     -14.4075
    ]
   },
   "geometry_name": "the_geom",
   "properties": {
    "cod_aldeia": 625,
    "nome_aldeia": "Central",
    "cod_ti": 32701,
    "cod_municipio": 5102603,
    "data_cadastro": "24/05/2016",
    "flag_ativo": "A",
    "nome_cr": "COORDENACAO REGIONAL XAVANTE",
    "nommunic": "Campinápolis",
    "nomuf": "Mato Grosso",
    "undadm_codigo": 30202002053,
    "coord_lat": -14.4075,
    "coord_long": -53.0375
   }
  },
  {
   "type": "Feature",
   "id": "aldeias_pontos.570",
   "geometry": {
    "type": "Point",
    "coordinates": [
     -53.11472222,
     -14.41722223
    ]
   },
   "geometry_name": "the_geom",
   "properties": {
    "cod_aldeia": 626,
    "nome_aldeia": "Daprabadzé",
    "cod_ti": 32701,
    "cod_municipio": 5102603,
    "data_cadastro": "24/05/2016",
    "flag_ativo": "A",
    "nome_cr": "COORDENACAO REGIONAL XAVANTE",
    "nommunic": "Campinápolis",
    "nomuf": "Mato Grosso",
    "undadm_codigo": 30202002053,
    "coord_lat": -14.4172222222,
    "coord_long": -53.1147222222
   }
  },
  {
   "type": "Feature",
   "id": "aldeias_pontos.571",
   "geometry": {
    "type": "Point",
    "coordinates": [
     -53.05972222,
     -14.38222223
    ]
   },
   "geometry_name": "the_geom",
   "properties": {
    "cod_aldeia": 627,
    "nome_aldeia": "Deus é Amor",
    "cod_ti": 32701,
    "cod_municipio": 5102603,
    "data_cadastro": "24/05/2016",
    "flag_ativo": "A",
    "nome_cr": "COORDENACAO REGIONAL XAVANTE",
    "nommunic": "Campinápolis",
    "nomuf": "Mato Grosso",
    "undadm_codigo": 30202002053,
    "coord_lat": -14.3822222222,
    "coord_long": -53.0597222222
   }
  },
  {
   "type": "Feature",
   "id": "aldeias_pontos.572",
   "geometry": {
    "type": "Point",
    "coordinates": [
     -53.12833333,
     -14.43222223
    ]
   },
   "geometry_name": "the_geom",
   "properties": {
    "cod_aldeia": 628,
    "nome_aldeia": "Dzepa",
    "cod_ti": 32701,
    "cod_municipio": 5102603,
    "data_cadastro": "24/05/2016",
    "flag_ativo": "A",
    "nome_cr": "COORDENACAO REGIONAL XAVANTE",
    "nommunic": "Campinápolis",
    "nomuf": "Mato Grosso",
    "undadm_codigo": 30202002053,
    "coord_lat": -14.4322222222,
    "coord_long": -53.1283333333
   }
  },
  {
   "type": "Feature",
   "id": "aldeias_pontos.573",
   "geometry": {
    "type": "Point",
    "coordinates": [
     -53.02694444,
     -14.49222223
    ]
   },
   "geometry_name": "the_geom",
   "properties": {
    "cod_aldeia": 629,
    "nome_aldeia": "Espírito Santo",
    "cod_ti": 32701,
    "cod_municipio": 5102603,
    "data_cadastro": "24/05/2016",
    "flag_ativo": "A",
    "nome_cr": "COORDENACAO REGIONAL XAVANTE",
    "nommunic": "Campinápolis",
    "nomuf": "Mato Grosso",
    "undadm_codigo": 30202002053,
    "coord_lat": -14.4922222222,
    "coord_long": -53.0269444444
   }
  },
  {
   "type": "Feature",
   "id": "aldeias_pontos.574",
   "geometry": {
    "type": "Point",
    "coordinates": [
     -53.11055556,
     -14.4625
    ]
   },
   "geometry_name": "the_geom",
   "properties": {
    "cod_aldeia": 630,
    "nome_aldeia": "Hernandares",
    "cod_ti": 32701,
    "cod_municipio": 5102603,
    "data_cadastro": "24/05/2016",
    "flag_ativo": "A",
    "nome_cr": "COORDENACAO REGIONAL XAVANTE",
    "nommunic": "Campinápolis",
    "nomuf": "Mato Grosso",
    "undadm_codigo": 30202002053,
    "coord_lat": -14.4625,
    "coord_long": -53.1105555556
   }
  },
  {
   "type": "Feature",
   "id": "aldeias_pontos.575",
   "geometry": {
    "type": "Point",
    "coordinates": [
     -53.10916667,
     -14.57027778
    ]
   },
   "geometry_name": "the_geom",
   "properties": {
    "cod_aldeia": 631,
    "nome_aldeia": "Höiwapredzawi",
    "cod_ti": 32701,
    "cod_municipio": 5102603,
    "data_cadastro": "24/05/2016",
    "flag_ativo": "A",
    "nome_cr": "COORDENACAO REGIONAL XAVANTE",
    "nommunic": "Campinápolis",
    "nomuf": "Mato Grosso",
    "undadm_codigo": 30202002053,
    "coord_lat": -14.5702777778,
    "coord_long": -53.1091666667
   }
  },
  {
   "type": "Feature",
   "id": "aldeias_pontos.576",
   "geometry": {
    "type": "Point",
    "coordinates": [
     -53.11583333,
     -14.48222223
    ]
   },
   "geometry_name": "the_geom",
   "properties": {
    "cod_aldeia": 632,
    "nome_aldeia": "Independência",
    "cod_ti": 32701,
    "cod_municipio": 5102603,
    "data_cadastro": "24/05/2016",
    "flag_ativo": "A",
    "nome_cr": "COORDENACAO REGIONAL XAVANTE",
    "nommunic": "Campinápolis",
    "nomuf": "Mato Grosso",
    "undadm_codigo": 30202002053,
    "coord_lat": -14.4822222222,
    "coord_long": -53.1158333333
   }
  },
  {
   "type": "Feature",
   "id": "aldeias_pontos.577",
   "geometry": {
    "type": "Point",
    "coordinates": [
     -53.0675,
     -14.57333334
    ]
   },
   "geometry_name": "the_geom",
   "properties": {
    "cod_aldeia": 633,
    "nome_aldeia": "Ipê",
    "cod_ti": 32701,
    "cod_municipio": 5102603,
    "data_cadastro": "24/05/2016",
    "flag_ativo": "A",
    "nome_cr": "COORDENACAO REGIONAL XAVANTE",
    "nommunic": "Campinápolis",
    "nomuf": "Mato Grosso",
    "undadm_codigo": 30202002053,
    "coord_lat": -14.5733333333,
    "coord_long": -53.0675
   }
  },
  {
   "type": "Feature",
   "id": "aldeias_pontos.578",
   "geometry": {
    "type": "Point",
    "coordinates": [
     -53.01944444,
     -14.32916667
    ]
   },
   "geometry_name": "the_geom",
   "properties": {
    "cod_aldeia": 634,
    "nome_aldeia": "Liderança",
    "cod_ti": 32701,
    "cod_municipio": 5102603,
    "data_cadastro": "24/05/2016",
    "flag_ativo": "A",
    "nome_cr": "COORDENACAO REGIONAL XAVANTE",
    "nommunic": "Campinápolis",
    "nomuf": "Mato Grosso",
    "undadm_codigo": 30202002053,
    "coord_lat": -14.3291666667,
    "coord_long": -53.0194444444
   }
  },
  {
   "type": "Feature",
   "id": "aldeias_pontos.579",
   "geometry": {
    "type": "Point",
    "coordinates": [
     -53.07722222,
     -14.40694445
    ]
   },
   "geometry_name": "the_geom",
   "properties": {
    "cod_aldeia": 635,
    "nome_aldeia": "Irepá (Luto Sagrado)",
    "cod_ti": 32701,
    "cod_municipio": 5102603,
    "data_cadastro": "24/05/2016",
    "flag_ativo": "A",
    "nome_cr": "COORDENACAO REGIONAL XAVANTE",
    "nommunic": "Campinápolis",
    "nomuf": "Mato Grosso",
    "undadm_codigo": 30202002053,
    "coord_lat": -14.4069444444,
    "coord_long": -53.0772222222
   }
  },
  {
   "type": "Feature",
   "id": "aldeias_pontos.580",
   "geometry": {
    "type": "Point",
    "coordinates": [
     -53.1275,
     -14.53861112
    ]
   },
   "geometry_name": "the_geom",
   "properties": {
    "cod_aldeia": 636,
    "nome_aldeia": "Mata Verde",
    "cod_ti": 32701,
    "cod_municipio": 5102603,
    "data_cadastro": "24/05/2016",
    "flag_ativo": "A",
    "nome_cr": "COORDENACAO REGIONAL XAVANTE",
    "nommunic": "Campinápolis",
    "nomuf": "Mato Grosso",
    "undadm_codigo": 30202002053,
    "coord_lat": -14.5386111111,
    "coord_long": -53.1275
   }
  },
  {
   "type": "Feature",
   "id": "aldeias_pontos.581",
   "geometry": {
    "type": "Point",
    "coordinates": [
     -53.04777778,
     -14.57388889
    ]
   },
   "geometry_name": "the_geom",
   "properties": {
    "cod_aldeia": 637,
    "nome_aldeia": "Monte Pacoal",
    "cod_ti": 32701,
    "cod_municipio": 5102603,
    "data_cadastro": "24/05/2016",
    "flag_ativo": "A",
    "nome_cr": "COORDENACAO REGIONAL XAVANTE",
    "nommunic": "Campinápolis",
    "nomuf": "Mato Grosso",
    "undadm_codigo": 30202002053,
    "coord_lat": -14.5738888889,
    "coord_long": -53.0477777778
   }
  },
  {
   "type": "Feature",
   "id": "aldeias_pontos.582",
   "geometry": {
    "type": "Point",
    "coordinates": [
     -53.10583333,
     -14.46
    ]
   },
   "geometry_name": "the_geom",
   "properties": {
    "cod_aldeia": 638,
    "nome_aldeia": "Moritu",
    "cod_ti": 32701,
    "cod_municipio": 5102603,
    "data_cadastro": "24/05/2016",
    "flag_ativo": "A",
    "nome_cr": "COORDENACAO REGIONAL XAVANTE",
    "nommunic": "Campinápolis",
    "nomuf": "Mato Grosso",
    "undadm_codigo": 30202002053,
    "coord_lat": -14.46,
    "coord_long": -53.1058333333
   }
  },
  {
   "type": "Feature",
   "id": "aldeias_pontos.583",
   "geometry": {
    "type": "Point",
    "coordinates": [
     -53.06111111,
     -14.51777778
    ]
   },
   "geometry_name": "the_geom",
   "properties": {
    "cod_aldeia": 639,
    "nome_aldeia": "Natal",
    "cod_ti": 32701,
    "cod_municipio": 5102603,
    "data_cadastro": "24/05/2016",
    "flag_ativo": "A",
    "nome_cr": "COORDENACAO REGIONAL XAVANTE",
    "nommunic": "Campinápolis",
    "nomuf": "Mato Grosso",
    "undadm_codigo": 30202002053,
    "coord_lat": -14.5177777778,
    "coord_long": -53.0611111111
   }
  },
  {
   "type": "Feature",
   "id": "aldeias_pontos.584",
   "geometry": {
    "type": "Point",
    "coordinates": [
     -53.05805556,
     -14.39833334
    ]
   },
   "geometry_name": "the_geom",
   "properties": {
    "cod_aldeia": 640,
    "nome_aldeia": "Norotsurã",
    "cod_ti": 32701,
    "cod_municipio": 5102603,
    "data_cadastro": "03/06/2016",
    "flag_ativo": "A",
    "nome_cr": "COORDENACAO REGIONAL XAVANTE",
    "nommunic": "Campinápolis",
    "nomuf": "Mato Grosso",
    "undadm_codigo": 30202002053,
    "coord_lat": -14.3983333333,
    "coord_long": -53.0580555556
   }
  },
  {
   "type": "Feature",
   "id": "aldeias_pontos.585",
   "geometry": {
    "type": "Point",
    "coordinates": [
     -53.10583333,
     -14.46
    ]
   },
   "geometry_name": "the_geom",
   "properties": {
    "cod_aldeia": 641,
    "nome_aldeia": "Palmeiras",
    "cod_ti": 32701,
    "cod_municipio": 5102603,
    "data_cadastro": "03/06/2016",
    "flag_ativo": "A",
    "nome_cr": "COORDENACAO REGIONAL XAVANTE",
    "nommunic": "Campinápolis",
    "nomuf": "Mato Grosso",
    "undadm_codigo": 30202002053,
    "coord_lat": -14.46,
    "coord_long": -53.1058333333
   }
  },
  {
   "type": "Feature",
   "id": "aldeias_pontos.586",
   "geometry": {
    "type": "Point",
    "coordinates": [
     -53.10888889,
     -14.47555556
    ]
   },
   "geometry_name": "the_geom",
   "properties": {
    "cod_aldeia": 642,
    "nome_aldeia": "Papa Paulo VI",
    "cod_ti": 32701,
    "cod_municipio": 5102603,
    "data_cadastro": "03/06/2016",
    "flag_ativo": "A",
    "nome_cr": "COORDENACAO REGIONAL XAVANTE",
    "nommunic": "Campinápolis",
    "nomuf": "Mato Grosso",
    "undadm_codigo": 30202002053,
    "coord_lat": -14.4755555556,
    "coord_long": -53.1088888889
   }
  },
  {
   "type": "Feature",
   "id": "aldeias_pontos.587",
   "geometry": {
    "type": "Point",
    "coordinates": [
     -53.11333333,
     -14.4825
    ]
   },
   "geometry_name": "the_geom",
   "properties": {
    "cod_aldeia": 643,
    "nome_aldeia": "Parabubure",
    "cod_ti": 32701,
    "cod_municipio": 5102603,
    "data_cadastro": "03/06/2016",
    "flag_ativo": "A",
    "nome_cr": "COORDENACAO REGIONAL XAVANTE",
    "nommunic": "Campinápolis",
    "nomuf": "Mato Grosso",
    "undadm_codigo": 30202002053,
    "coord_lat": -14.4825,
    "coord_long": -53.1133333333
   }
  },
  {
   "type": "Feature",
   "id": "aldeias_pontos.588",
   "geometry": {
    "type": "Point",
    "coordinates": [
     -53.05388889,
     -14.38194445
    ]
   },
   "geometry_name": "the_geom",
   "properties": {
    "cod_aldeia": 644,
    "nome_aldeia": "Paranowa",
    "cod_ti": 32701,
    "cod_municipio": 5102603,
    "data_cadastro": "03/06/2016",
    "flag_ativo": "A",
    "nome_cr": "COORDENACAO REGIONAL XAVANTE",
    "nommunic": "Campinápolis",
    "nomuf": "Mato Grosso",
    "undadm_codigo": 30202002053,
    "coord_lat": -14.3819444444,
    "coord_long": -53.0538888889
   }
  },
  {
   "type": "Feature",
   "id": "aldeias_pontos.589",
   "geometry": {
    "type": "Point",
    "coordinates": [
     -53.02694444,
     -14.49222223
    ]
   },
   "geometry_name": "the_geom",
   "properties": {
    "cod_aldeia": 645,
    "nome_aldeia": "Parawadzaradzé",
    "cod_ti": 32701,
    "cod_municipio": 5102603,
    "data_cadastro": "03/06/2016",
    "flag_ativo": "A",
    "nome_cr": "COORDENACAO REGIONAL XAVANTE",
    "nommunic": "Campinápolis",
    "nomuf": "Mato Grosso",
    "undadm_codigo": 30202002053,
    "coord_lat": -14.4922222222,
    "coord_long": -53.0269444444
   }
  },
  {
   "type": "Feature",
   "id": "aldeias_pontos.590",
   "geometry": {
    "type": "Point",
    "coordinates": [
     -53.11333333,
     -14.4825
    ]
   },
   "geometry_name": "the_geom",
   "properties": {
    "cod_aldeia": 646,
    "nome_aldeia": "Pedra Preta",
    "cod_ti": 32701,
    "cod_municipio": 5102603,
    "data_cadastro": "03/06/2016",
    "flag_ativo": "A",
    "nome_cr": "COORDENACAO REGIONAL XAVANTE",
    "nommunic": "Campinápolis",
    "nomuf": "Mato Grosso",
    "undadm_codigo": 30202002053,
    "coord_lat": -14.4825,
    "coord_long": -53.1133333333
   }
  },
  {
   "type": "Feature",
   "id": "aldeias_pontos.689",
   "geometry": {
    "type": "Point",
    "coordinates": [
     -51.48527778,
     -11.04138889
    ]
   },
   "geometry_name": "the_geom",
   "properties": {
    "cod_aldeia": 767,
    "nome_aldeia": "krenrehé",
    "cod_ti": 65801,
    "cod_municipio": 5102694,
    "data_cadastro": "21/10/2016",
    "flag_ativo": "A",
    "nome_cr": "COORDENACAO REGIONAL ARAGUAIA TOCANTINS",
    "nommunic": "Canabrava do Norte",
    "nomuf": "Mato Grosso",
    "undadm_codigo": 30202001962,
    "coord_lat": -11.0413888889,
    "coord_long": -51.4852777778
   }
  },
  {
   "type": "Feature",
   "id": "aldeias_pontos.691",
   "geometry": {
    "type": "Point",
    "coordinates": [
     -50.62416667,
     -10.62666667
    ]
   },
   "geometry_name": "the_geom",
   "properties": {
    "cod_aldeia": 769,
    "nome_aldeia": "MAJITYRI",
    "cod_ti": 44001,
    "cod_municipio": 5107776,
    "data_cadastro": "21/10/2016",
    "flag_ativo": "A",
    "nome_cr": "COORDENACAO REGIONAL ARAGUAIA TOCANTINS",
    "nommunic": "Santa Terezinha",
    "nomuf": "Mato Grosso",
    "undadm_codigo": 30202001962,
    "coord_lat": -10.6266666667,
    "coord_long": -50.6241666667
   }
  },
  {
   "type": "Feature",
   "id": "aldeias_pontos.692",
   "geometry": {
    "type": "Point",
    "coordinates": [
     -50.62166667,
     -10.64138889
    ]
   },
   "geometry_name": "the_geom",
   "properties": {
    "cod_aldeia": 770,
    "nome_aldeia": "HAWALOHA",
    "cod_ti": 44001,
    "cod_municipio": 5107776,
    "data_cadastro": "21/10/2016",
    "flag_ativo": "A",
    "nome_cr": "COORDENACAO REGIONAL ARAGUAIA TOCANTINS",
    "nommunic": "Santa Terezinha",
    "nomuf": "Mato Grosso",
    "undadm_codigo": 30202001962,
    "coord_lat": -10.6413888889,
    "coord_long": -50.6216666667
   }
  },
  {
   "type": "Feature",
   "id": "aldeias_pontos.693",
   "geometry": {
    "type": "Point",
    "coordinates": [
     -50.60333333,
     -10.65388889
    ]
   },
   "geometry_name": "the_geom",
   "properties": {
    "cod_aldeia": 771,
    "nome_aldeia": "ITXALA",
    "cod_ti": 44001,
    "cod_municipio": 5107776,
    "data_cadastro": "21/10/2016",
    "flag_ativo": "A",
    "nome_cr": "COORDENACAO REGIONAL ARAGUAIA TOCANTINS",
    "nommunic": "Santa Terezinha",
    "nomuf": "Mato Grosso",
    "undadm_codigo": 30202001962,
    "coord_lat": -10.6538888889,
    "coord_long": -50.6033333333
   }
  },
  {
   "type": "Feature",
   "id": "aldeias_pontos.694",
   "geometry": {
    "type": "Point",
    "coordinates": [
     -51.20277778,
     -10.67027778
    ]
   },
   "geometry_name": "the_geom",
   "properties": {
    "cod_aldeia": 772,
    "nome_aldeia": "TAPI TAWA",
    "cod_ti": 48301,
    "cod_municipio": 5103353,
    "data_cadastro": "21/10/2016",
    "flag_ativo": "A",
    "nome_cr": "COORDENACAO REGIONAL ARAGUAIA TOCANTINS",
    "nommunic": "Confresa",
    "nomuf": "Mato Grosso",
    "undadm_codigo": 30202001962,
    "coord_lat": -10.6702777778,
    "coord_long": -51.2027777778
   }
  },
  {
   "type": "Feature",
   "id": "aldeias_pontos.695",
   "geometry": {
    "type": "Point",
    "coordinates": [
     -51.18055556,
     -10.60555556
    ]
   },
   "geometry_name": "the_geom",
   "properties": {
    "cod_aldeia": 773,
    "nome_aldeia": "SANTA LAURA",
    "cod_ti": 48301,
    "cod_municipio": 5103353,
    "data_cadastro": "21/10/2016",
    "flag_ativo": "A",
    "nome_cr": "COORDENACAO REGIONAL ARAGUAIA TOCANTINS",
    "nommunic": "Confresa",
    "nomuf": "Mato Grosso",
    "undadm_codigo": 30202001962,
    "coord_lat": -10.6055555556,
    "coord_long": -51.1805555556
   }
  },
  {
   "type": "Feature",
   "id": "aldeias_pontos.696",
   "geometry": {
    "type": "Point",
    "coordinates": [
     -50.66333333,
     -11.245
    ]
   },
   "geometry_name": "the_geom",
   "properties": {
    "cod_aldeia": 774,
    "nome_aldeia": "SÃO DOMINGOS",
    "cod_ti": 58301,
    "cod_municipio": 5105309,
    "data_cadastro": "21/10/2016",
    "flag_ativo": "A",
    "nome_cr": "COORDENACAO REGIONAL ARAGUAIA TOCANTINS",
    "nommunic": "Luciara",
    "nomuf": "Mato Grosso",
    "undadm_codigo": 30202001962,
    "coord_lat": -11.245,
    "coord_long": -50.6633333333
   }
  },
  {
   "type": "Feature",
   "id": "aldeias_pontos.1102",
   "geometry": {
    "type": "Point",
    "coordinates": [
     -54.08555556,
     -14.00138889
    ]
   },
   "geometry_name": "the_geom",
   "properties": {
    "cod_aldeia": 1191,
    "nome_aldeia": "Batovi",
    "cod_ti": 27201,
    "cod_municipio": 5106307,
    "data_cadastro": "09/06/2017",
    "flag_ativo": "A",
    "nome_cr": "COORDENACAO REGIONAL XAVANTE",
    "nommunic": "Paranatinga",
    "nomuf": "Mato Grosso",
    "undadm_codigo": 30202002053,
    "coord_lat": -14.0013888889,
    "coord_long": -54.0855555556
   }
  },
  {
   "type": "Feature",
   "id": "aldeias_pontos.1103",
   "geometry": {
    "type": "Point",
    "coordinates": [
     -54.05027778,
     -14.085
    ]
   },
   "geometry_name": "the_geom",
   "properties": {
    "cod_aldeia": 1192,
    "nome_aldeia": "Arimateia",
    "cod_ti": 27201,
    "cod_municipio": 5106307,
    "data_cadastro": "09/06/2017",
    "flag_ativo": "A",
    "nome_cr": "COORDENACAO REGIONAL XAVANTE",
    "nommunic": "Paranatinga",
    "nomuf": "Mato Grosso",
    "undadm_codigo": 30202002053,
    "coord_lat": -14.085,
    "coord_long": -54.0502777778
   }
  },
  {
   "type": "Feature",
   "id": "aldeias_pontos.1104",
   "geometry": {
    "type": "Point",
    "coordinates": [
     -53.085,
     -14.01805556
    ]
   },
   "geometry_name": "the_geom",
   "properties": {
    "cod_aldeia": 1193,
    "nome_aldeia": "Betânia",
    "cod_ti": 27201,
    "cod_municipio": 5106307,
    "data_cadastro": "09/06/2017",
    "flag_ativo": "A",
    "nome_cr": "COORDENACAO REGIONAL XAVANTE",
    "nommunic": "Paranatinga",
    "nomuf": "Mato Grosso",
    "undadm_codigo": 30202002053,
    "coord_lat": -14.0180555556,
    "coord_long": -53.085
   }
  },
  {
   "type": "Feature",
   "id": "aldeias_pontos.1105",
   "geometry": {
    "type": "Point",
    "coordinates": [
     -54.05222222,
     -14.16722223
    ]
   },
   "geometry_name": "the_geom",
   "properties": {
    "cod_aldeia": 1194,
    "nome_aldeia": "Alvorada",
    "cod_ti": 27201,
    "cod_municipio": 5106307,
    "data_cadastro": "09/06/2017",
    "flag_ativo": "A",
    "nome_cr": "COORDENACAO REGIONAL XAVANTE",
    "nommunic": "Paranatinga",
    "nomuf": "Mato Grosso",
    "undadm_codigo": 30202002053,
    "coord_lat": -14.1672222222,
    "coord_long": -54.0522222222
   }
  },
  {
   "type": "Feature",
   "id": "aldeias_pontos.1106",
   "geometry": {
    "type": "Point",
    "coordinates": [
     -57.95166667,
     -14.08583334
    ]
   },
   "geometry_name": "the_geom",
   "properties": {
    "cod_aldeia": 1195,
    "nome_aldeia": "Galiléia",
    "cod_ti": 33401,
    "cod_municipio": 5106307,
    "data_cadastro": "09/06/2017",
    "flag_ativo": "A",
    "nome_cr": "COORDENACAO REGIONAL DE CUIABA",
    "nommunic": "Paranatinga",
    "nomuf": "Mato Grosso",
    "undadm_codigo": 30202002025,
    "coord_lat": -14.0858333333,
    "coord_long": -57.9516666667
   }
  },
  {
   "type": "Feature",
   "id": "aldeias_pontos.1107",
   "geometry": {
    "type": "Point",
    "coordinates": [
     -53.94138889,
     -13.8425
    ]
   },
   "geometry_name": "the_geom",
   "properties": {
    "cod_aldeia": 1196,
    "nome_aldeia": "Novo Progresso",
    "cod_ti": 27201,
    "cod_municipio": 5106307,
    "data_cadastro": "09/06/2017",
    "flag_ativo": "A",
    "nome_cr": "COORDENACAO REGIONAL XAVANTE",
    "nommunic": "Paranatinga",
    "nomuf": "Mato Grosso",
    "undadm_codigo": 30202002053,
    "coord_lat": -13.8425,
    "coord_long": -53.9413888889
   }
  },
  {
   "type": "Feature",
   "id": "aldeias_pontos.1108",
   "geometry": {
    "type": "Point",
    "coordinates": [
     -53.88333333,
     -13.75888889
    ]
   },
   "geometry_name": "the_geom",
   "properties": {
    "cod_aldeia": 1197,
    "nome_aldeia": "Uirapuru",
    "cod_ti": 27201,
    "cod_municipio": 5106307,
    "data_cadastro": "12/06/2017",
    "flag_ativo": "A",
    "nome_cr": "COORDENACAO REGIONAL XAVANTE",
    "nommunic": "Paranatinga",
    "nomuf": "Mato Grosso",
    "undadm_codigo": 30202002053,
    "coord_lat": -13.7588888889,
    "coord_long": -53.8833333333
   }
  },
  {
   "type": "Feature",
   "id": "aldeias_pontos.1109",
   "geometry": {
    "type": "Point",
    "coordinates": [
     -54.05,
     -13.95
    ]
   },
   "geometry_name": "the_geom",
   "properties": {
    "cod_aldeia": 1198,
    "nome_aldeia": "Apertado",
    "cod_ti": 27201,
    "cod_municipio": 5106307,
    "data_cadastro": "12/06/2017",
    "flag_ativo": "A",
    "nome_cr": "COORDENACAO REGIONAL XAVANTE",
    "nommunic": "Paranatinga",
    "nomuf": "Mato Grosso",
    "undadm_codigo": 30202002053,
    "coord_lat": -13.95,
    "coord_long": -54.05
   }
  },
  {
   "type": "Feature",
   "id": "aldeias_pontos.1110",
   "geometry": {
    "type": "Point",
    "coordinates": [
     -54.10833333,
     -14.00861111
    ]
   },
   "geometry_name": "the_geom",
   "properties": {
    "cod_aldeia": 1199,
    "nome_aldeia": "Pontal",
    "cod_ti": 27201,
    "cod_municipio": 5106307,
    "data_cadastro": "19/06/2017",
    "flag_ativo": "A",
    "nome_cr": "COORDENACAO REGIONAL XAVANTE",
    "nommunic": "Paranatinga",
    "nomuf": "Mato Grosso",
    "undadm_codigo": 30202002053,
    "coord_lat": -14.0086111111,
    "coord_long": -54.1083333333
   }
  },
  {
   "type": "Feature",
   "id": "aldeias_pontos.1111",
   "geometry": {
    "type": "Point",
    "coordinates": [
     -53.86012778,
     -15.23496112
    ]
   },
   "geometry_name": "the_geom",
   "properties": {
    "cod_aldeia": 1201,
    "nome_aldeia": "Três Estrelas",
    "cod_ti": 41101,
    "cod_municipio": 5106281,
    "data_cadastro": "22/06/2017",
    "flag_ativo": "A",
    "nome_cr": "COORDENACAO REGIONAL XAVANTE",
    "nommunic": "Novo São Joaquim",
    "nomuf": "Mato Grosso",
    "undadm_codigo": 30202002053,
    "coord_lat": -15.2349611111,
    "coord_long": -53.8601277778
   }
  },
  {
   "type": "Feature",
   "id": "aldeias_pontos.1112",
   "geometry": {
    "type": "Point",
    "coordinates": [
     -53.83555556,
     -15.21916667
    ]
   },
   "geometry_name": "the_geom",
   "properties": {
    "cod_aldeia": 1202,
    "nome_aldeia": "Nossa Senhora Aparecida",
    "cod_ti": 41101,
    "cod_municipio": 5106281,
    "data_cadastro": "22/06/2017",
    "flag_ativo": "A",
    "nome_cr": "COORDENACAO REGIONAL XAVANTE",
    "nommunic": "Novo São Joaquim",
    "nomuf": "Mato Grosso",
    "undadm_codigo": 30202002053,
    "coord_lat": -15.2191666667,
    "coord_long": -53.8355555556
   }
  },
  {
   "type": "Feature",
   "id": "aldeias_pontos.1113",
   "geometry": {
    "type": "Point",
    "coordinates": [
     -53.88003889,
     -15.21992778
    ]
   },
   "geometry_name": "the_geom",
   "properties": {
    "cod_aldeia": 1203,
    "nome_aldeia": "Imaculada Conceição",
    "cod_ti": 41101,
    "cod_municipio": 5106281,
    "data_cadastro": "22/06/2017",
    "flag_ativo": "A",
    "nome_cr": "COORDENACAO REGIONAL XAVANTE",
    "nommunic": "Novo São Joaquim",
    "nomuf": "Mato Grosso",
    "undadm_codigo": 30202002053,
    "coord_lat": -15.2199277778,
    "coord_long": -53.8800388889
   }
  },
  {
   "type": "Feature",
   "id": "aldeias_pontos.1142",
   "geometry": {
    "type": "Point",
    "coordinates": [
     -54.10709444,
     -9.58374722
    ]
   },
   "geometry_name": "the_geom",
   "properties": {
    "cod_aldeia": 1251,
    "nome_aldeia": "Sãkãransã",
    "cod_ti": 32201,
    "cod_municipio": 5105606,
    "data_cadastro": "18/08/2017",
    "flag_ativo": "A",
    "nome_cr": "COORDENACAO REGIONAL NORTE DO MATO GROSSO",
    "nommunic": "Matupá",
    "nomuf": "Mato Grosso",
    "undadm_codigo": 30202002039,
    "coord_lat": -9.58374722222,
    "coord_long": -54.1070944444
   }
  },
  {
   "type": "Feature",
   "id": "aldeias_pontos.1144",
   "geometry": {
    "type": "Point",
    "coordinates": [
     -53.59911111,
     -9.64097222
    ]
   },
   "geometry_name": "the_geom",
   "properties": {
    "cod_aldeia": 1253,
    "nome_aldeia": "Kororoty",
    "cod_ti": 28701,
    "cod_municipio": 5105606,
    "data_cadastro": "18/08/2017",
    "flag_ativo": "A",
    "nome_cr": "COORDENACAO REGIONAL DE CUIABA",
    "nommunic": "Matupá",
    "nomuf": "Mato Grosso",
    "undadm_codigo": 30202002025,
    "coord_lat": -9.64097222222,
    "coord_long": -53.5991111111
   }
  },
  {
   "type": "Feature",
   "id": "aldeias_pontos.1145",
   "geometry": {
    "type": "Point",
    "coordinates": [
     -54.45222222,
     -8.80083333
    ]
   },
   "geometry_name": "the_geom",
   "properties": {
    "cod_aldeia": 1254,
    "nome_aldeia": "kokamkuben",
    "cod_ti": 28701,
    "cod_municipio": 5105606,
    "data_cadastro": "18/08/2017",
    "flag_ativo": "A",
    "nome_cr": "COORDENACAO REGIONAL DE CUIABA",
    "nommunic": "Matupá",
    "nomuf": "Mato Grosso",
    "undadm_codigo": 30202002025,
    "coord_lat": -8.80083333333,
    "coord_long": -54.4522222222
   }
  },
  {
   "type": "Feature",
   "id": "aldeias_pontos.1151",
   "geometry": {
    "type": "Point",
    "coordinates": [
     -53.08933333,
     -10.52823056
    ]
   },
   "geometry_name": "the_geom",
   "properties": {
    "cod_aldeia": 1269,
    "nome_aldeia": "BYTIRE",
    "cod_ti": 9201,
    "cod_municipio": 5106422,
    "data_cadastro": "21/09/2017",
    "flag_ativo": "A",
    "nome_cr": "COORDENACAO REGIONAL NORTE DO MATO GROSSO",
    "nommunic": "Peixoto de Azevedo",
    "nomuf": "Mato Grosso",
    "undadm_codigo": 30202002039,
    "coord_lat": -10.5282305556,
    "coord_long": -53.0893333333
   }
  },
  {
   "type": "Feature",
   "id": "aldeias_pontos.1153",
   "geometry": {
    "type": "Point",
    "coordinates": [
     -53.11657222,
     -10.76471111
    ]
   },
   "geometry_name": "the_geom",
   "properties": {
    "cod_aldeia": 1271,
    "nome_aldeia": "JATOBÁ",
    "cod_ti": 9201,
    "cod_municipio": 5106422,
    "data_cadastro": "21/09/2017",
    "flag_ativo": "A",
    "nome_cr": "COORDENACAO REGIONAL NORTE DO MATO GROSSO",
    "nommunic": "Peixoto de Azevedo",
    "nomuf": "Mato Grosso",
    "undadm_codigo": 30202002039,
    "coord_lat": -10.7647111111,
    "coord_long": -53.1165722222
   }
  },
  {
   "type": "Feature",
   "id": "aldeias_pontos.1159",
   "geometry": {
    "type": "Point",
    "coordinates": [
     -52.998975,
     -10.27112778
    ]
   },
   "geometry_name": "the_geom",
   "properties": {
    "cod_aldeia": 1277,
    "nome_aldeia": "KEMPÓ",
    "cod_ti": 9201,
    "cod_municipio": 5106422,
    "data_cadastro": "21/09/2017",
    "flag_ativo": "A",
    "nome_cr": "COORDENACAO REGIONAL NORTE DO MATO GROSSO",
    "nommunic": "Peixoto de Azevedo",
    "nomuf": "Mato Grosso",
    "undadm_codigo": 30202002039,
    "coord_lat": -10.2711277778,
    "coord_long": -52.998975
   }
  },
  {
   "type": "Feature",
   "id": "aldeias_pontos.1163",
   "geometry": {
    "type": "Point",
    "coordinates": [
     -53.61323868,
     -9.62414327
    ]
   },
   "geometry_name": "the_geom",
   "properties": {
    "cod_aldeia": 1281,
    "nome_aldeia": "Koróróti",
    "cod_ti": 28701,
    "cod_municipio": 5105606,
    "data_cadastro": "21/09/2017",
    "flag_ativo": "A",
    "nome_cr": "COORDENACAO REGIONAL DE CUIABA",
    "nommunic": "Matupá",
    "nomuf": "Mato Grosso",
    "undadm_codigo": 30202002025,
    "coord_lat": -9.624143265625417,
    "coord_long": -53.613238680439274
   }
  },
  {
   "type": "Feature",
   "id": "aldeias_pontos.1167",
   "geometry": {
    "type": "Point",
    "coordinates": [
     -53.24468889,
     -9.76409445
    ]
   },
   "geometry_name": "the_geom",
   "properties": {
    "cod_aldeia": 1285,
    "nome_aldeia": "KREMORO",
    "cod_ti": 9201,
    "cod_municipio": 5106422,
    "data_cadastro": "21/09/2017",
    "flag_ativo": "A",
    "nome_cr": "COORDENACAO REGIONAL NORTE DO MATO GROSSO",
    "nommunic": "Peixoto de Azevedo",
    "nomuf": "Mato Grosso",
    "undadm_codigo": 30202002039,
    "coord_lat": -9.76409444444,
    "coord_long": -53.2446888889
   }
  },
  {
   "type": "Feature",
   "id": "aldeias_pontos.1168",
   "geometry": {
    "type": "Point",
    "coordinates": [
     -53.08317778,
     -10.73640833
    ]
   },
   "geometry_name": "the_geom",
   "properties": {
    "cod_aldeia": 1286,
    "nome_aldeia": "KRÉTIRE",
    "cod_ti": 9201,
    "cod_municipio": 5107354,
    "data_cadastro": "21/09/2017",
    "flag_ativo": "A",
    "nome_cr": "COORDENACAO REGIONAL NORTE DO MATO GROSSO",
    "nommunic": "São José do Xingu",
    "nomuf": "Mato Grosso",
    "undadm_codigo": 30202002039,
    "coord_lat": -10.7364083333,
    "coord_long": -53.0831777778
   }
  },
  {
   "type": "Feature",
   "id": "aldeias_pontos.1170",
   "geometry": {
    "type": "Point",
    "coordinates": [
     -53.06695556,
     -10.43333611
    ]
   },
   "geometry_name": "the_geom",
   "properties": {
    "cod_aldeia": 1288,
    "nome_aldeia": "KROMARE",
    "cod_ti": 9201,
    "cod_municipio": 5106422,
    "data_cadastro": "21/09/2017",
    "flag_ativo": "A",
    "nome_cr": "COORDENACAO REGIONAL NORTE DO MATO GROSSO",
    "nommunic": "Peixoto de Azevedo",
    "nomuf": "Mato Grosso",
    "undadm_codigo": 30202002039,
    "coord_lat": -10.4333361111,
    "coord_long": -53.0669555556
   }
  },
  {
   "type": "Feature",
   "id": "aldeias_pontos.1174",
   "geometry": {
    "type": "Point",
    "coordinates": [
     -52.99533611,
     -10.06193333
    ]
   },
   "geometry_name": "the_geom",
   "properties": {
    "cod_aldeia": 1292,
    "nome_aldeia": "METYKTIRE",
    "cod_ti": 9201,
    "cod_municipio": 5106422,
    "data_cadastro": "21/09/2017",
    "flag_ativo": "A",
    "nome_cr": "COORDENACAO REGIONAL NORTE DO MATO GROSSO",
    "nommunic": "Peixoto de Azevedo",
    "nomuf": "Mato Grosso",
    "undadm_codigo": 30202002039,
    "coord_lat": -10.0619333333,
    "coord_long": -52.9953361111
   }
  },
  {
   "type": "Feature",
   "id": "aldeias_pontos.1178",
   "geometry": {
    "type": "Point",
    "coordinates": [
     -53.07570278,
     -10.77901389
    ]
   },
   "geometry_name": "the_geom",
   "properties": {
    "cod_aldeia": 1296,
    "nome_aldeia": "PIARAÇU",
    "cod_ti": 9201,
    "cod_municipio": 5107354,
    "data_cadastro": "21/09/2017",
    "flag_ativo": "A",
    "nome_cr": "COORDENACAO REGIONAL NORTE DO MATO GROSSO",
    "nommunic": "São José do Xingu",
    "nomuf": "Mato Grosso",
    "undadm_codigo": 30202002039,
    "coord_lat": -10.7790138889,
    "coord_long": -53.0757027778
   }
  },
  {
   "type": "Feature",
   "id": "aldeias_pontos.1180",
   "geometry": {
    "type": "Point",
    "coordinates": [
     -53.02364444,
     -10.14971389
    ]
   },
   "geometry_name": "the_geom",
   "properties": {
    "cod_aldeia": 1298,
    "nome_aldeia": "PIUM",
    "cod_ti": 9201,
    "cod_municipio": 5106422,
    "data_cadastro": "21/09/2017",
    "flag_ativo": "A",
    "nome_cr": "COORDENACAO REGIONAL NORTE DO MATO GROSSO",
    "nommunic": "Peixoto de Azevedo",
    "nomuf": "Mato Grosso",
    "undadm_codigo": 30202002039,
    "coord_lat": -10.1497138889,
    "coord_long": -53.0236444444
   }
  },
  {
   "type": "Feature",
   "id": "aldeias_pontos.1183",
   "geometry": {
    "type": "Point",
    "coordinates": [
     -53.08796944,
     -10.51175278
    ]
   },
   "geometry_name": "the_geom",
   "properties": {
    "cod_aldeia": 1301,
    "nome_aldeia": "PYKATÃKWYRY",
    "cod_ti": 9201,
    "cod_municipio": 5106422,
    "data_cadastro": "21/09/2017",
    "flag_ativo": "A",
    "nome_cr": "COORDENACAO REGIONAL NORTE DO MATO GROSSO",
    "nommunic": "Peixoto de Azevedo",
    "nomuf": "Mato Grosso",
    "undadm_codigo": 30202002039,
    "coord_lat": -10.5117527778,
    "coord_long": -53.0879694444
   }
  },
  {
   "type": "Feature",
   "id": "aldeias_pontos.1187",
   "geometry": {
    "type": "Point",
    "coordinates": [
     -53.03796944,
     -10.33525556
    ]
   },
   "geometry_name": "the_geom",
   "properties": {
    "cod_aldeia": 1305,
    "nome_aldeia": "SEM IDENTIFICAÇÃO",
    "cod_ti": 9201,
    "cod_municipio": 5106422,
    "data_cadastro": "21/09/2017",
    "flag_ativo": "A",
    "nome_cr": "COORDENACAO REGIONAL NORTE DO MATO GROSSO",
    "nommunic": "Peixoto de Azevedo",
    "nomuf": "Mato Grosso",
    "undadm_codigo": 30202002039,
    "coord_lat": -10.3352555556,
    "coord_long": -53.0379694444
   }
  },
  {
   "type": "Feature",
   "id": "aldeias_pontos.1191",
   "geometry": {
    "type": "Point",
    "coordinates": [
     -52.61128056,
     -12.689275
    ]
   },
   "geometry_name": "the_geom",
   "properties": {
    "cod_aldeia": 1309,
    "nome_aldeia": "TANGURINHO",
    "cod_ti": 33801,
    "cod_municipio": 5107065,
    "data_cadastro": "21/09/2017",
    "flag_ativo": "A",
    "nome_cr": "COORDENACAO REGIONAL DO XINGU",
    "nommunic": "Querência",
    "nomuf": "Mato Grosso",
    "undadm_codigo": 30202002060,
    "coord_lat": -12.689275,
    "coord_long": -52.6112805556
   }
  },
  {
   "type": "Feature",
   "id": "aldeias_pontos.1195",
   "geometry": {
    "type": "Point",
    "coordinates": [
     -53.90479444,
     -15.64567501
    ]
   },
   "geometry_name": "the_geom",
   "properties": {
    "cod_aldeia": 1313,
    "nome_aldeia": "Sangradouro",
    "cod_ti": 41102,
    "cod_municipio": 5103908,
    "data_cadastro": "04/10/2017",
    "flag_ativo": "A",
    "nome_cr": "COORDENACAO REGIONAL XAVANTE",
    "nommunic": "General Carneiro",
    "nomuf": "Mato Grosso",
    "undadm_codigo": 30202002053,
    "coord_lat": -15.645675,
    "coord_long": -53.9047944444
   }
  },
  {
   "type": "Feature",
   "id": "aldeias_pontos.1196",
   "geometry": {
    "type": "Point",
    "coordinates": [
     -51.67845,
     -13.6175
    ]
   },
   "geometry_name": "the_geom",
   "properties": {
    "cod_aldeia": 1316,
    "nome_aldeia": "CANOA",
    "cod_ti": 35301,
    "cod_municipio": 5102702,
    "data_cadastro": "26/10/2017",
    "flag_ativo": "I",
    "nome_cr": "COORDENACAO REGIONAL RIBEIRAO CASCALHEIRA",
    "nommunic": "Canarana",
    "nomuf": "Mato Grosso",
    "undadm_codigo": 30202002046,
    "coord_lat": -13.6175,
    "coord_long": -51.67845
   }
  },
  {
   "type": "Feature",
   "id": "aldeias_pontos.1197",
   "geometry": {
    "type": "Point",
    "coordinates": [
     -51.57929444,
     -13.28940556
    ]
   },
   "geometry_name": "the_geom",
   "properties": {
    "cod_aldeia": 1317,
    "nome_aldeia": "WEDERÃ OU SERRINHA",
    "cod_ti": 35301,
    "cod_municipio": 5107180,
    "data_cadastro": "26/10/2017",
    "flag_ativo": "A",
    "nome_cr": "COORDENACAO REGIONAL RIBEIRAO CASCALHEIRA",
    "nommunic": "Ribeirão Cascalheira",
    "nomuf": "Mato Grosso",
    "undadm_codigo": 30202002046,
    "coord_lat": -13.2894055556,
    "coord_long": -51.5792944444
   }
  },
  {
   "type": "Feature",
   "id": "aldeias_pontos.1198",
   "geometry": {
    "type": "Point",
    "coordinates": [
     -51.89926389,
     -13.50844723
    ]
   },
   "geometry_name": "the_geom",
   "properties": {
    "cod_aldeia": 1318,
    "nome_aldeia": "REATA",
    "cod_ti": 35301,
    "cod_municipio": 5102702,
    "data_cadastro": "26/10/2017",
    "flag_ativo": "A",
    "nome_cr": "COORDENACAO REGIONAL RIBEIRAO CASCALHEIRA",
    "nommunic": "Canarana",
    "nomuf": "Mato Grosso",
    "undadm_codigo": 30202002046,
    "coord_lat": -13.5084472222,
    "coord_long": -51.8992638889
   }
  },
  {
   "type": "Feature",
   "id": "aldeias_pontos.1199",
   "geometry": {
    "type": "Point",
    "coordinates": [
     -51.89798889,
     -13.48062223
    ]
   },
   "geometry_name": "the_geom",
   "properties": {
    "cod_aldeia": 1319,
    "nome_aldeia": "SERERÉ",
    "cod_ti": 35301,
    "cod_municipio": 5102702,
    "data_cadastro": "26/10/2017",
    "flag_ativo": "A",
    "nome_cr": "COORDENACAO REGIONAL RIBEIRAO CASCALHEIRA",
    "nommunic": "Canarana",
    "nomuf": "Mato Grosso",
    "undadm_codigo": 30202002046,
    "coord_lat": -13.4806222222,
    "coord_long": -51.8979888889
   }
  },
  {
   "type": "Feature",
   "id": "aldeias_pontos.1200",
   "geometry": {
    "type": "Point",
    "coordinates": [
     -51.95193889,
     -13.73811667
    ]
   },
   "geometry_name": "the_geom",
   "properties": {
    "cod_aldeia": 1320,
    "nome_aldeia": "BELEM",
    "cod_ti": 35301,
    "cod_municipio": 5102702,
    "data_cadastro": "26/10/2017",
    "flag_ativo": "A",
    "nome_cr": "COORDENACAO REGIONAL RIBEIRAO CASCALHEIRA",
    "nommunic": "Canarana",
    "nomuf": "Mato Grosso",
    "undadm_codigo": 30202002046,
    "coord_lat": -13.7381166667,
    "coord_long": -51.9519388889
   }
  },
  {
   "type": "Feature",
   "id": "aldeias_pontos.1201",
   "geometry": {
    "type": "Point",
    "coordinates": [
     -51.68205556,
     -13.31597223
    ]
   },
   "geometry_name": "the_geom",
   "properties": {
    "cod_aldeia": 1321,
    "nome_aldeia": "ETERENITIPA",
    "cod_ti": 35301,
    "cod_municipio": 5107180,
    "data_cadastro": "26/10/2017",
    "flag_ativo": "A",
    "nome_cr": "COORDENACAO REGIONAL RIBEIRAO CASCALHEIRA",
    "nommunic": "Ribeirão Cascalheira",
    "nomuf": "Mato Grosso",
    "undadm_codigo": 30202002046,
    "coord_lat": -13.3159722222,
    "coord_long": -51.6820555556
   }
  },
  {
   "type": "Feature",
   "id": "aldeias_pontos.1203",
   "geometry": {
    "type": "Point",
    "coordinates": [
     -52.90534722,
     -12.95987223
    ]
   },
   "geometry_name": "the_geom",
   "properties": {
    "cod_aldeia": 1323,
    "nome_aldeia": "Naruvôtu",
    "cod_ti": 55201,
    "cod_municipio": 5103858,
    "data_cadastro": "29/11/2017",
    "flag_ativo": "A",
    "nome_cr": "COORDENACAO REGIONAL DO XINGU",
    "nommunic": "Gaúcha do Norte",
    "nomuf": "Mato Grosso",
    "undadm_codigo": 30202002060,
    "coord_lat": -12.9598722222,
    "coord_long": -52.9053472222
   }
  },
  {
   "type": "Feature",
   "id": "aldeias_pontos.1212",
   "geometry": {
    "type": "Point",
    "coordinates": [
     -59.85871111,
     -10.00237222
    ]
   },
   "geometry_name": "the_geom",
   "properties": {
    "cod_aldeia": 1337,
    "nome_aldeia": "Aldeia Pantanal",
    "cod_ti": 4201,
    "cod_municipio": 5101407,
    "data_cadastro": "10/04/2018",
    "flag_ativo": "A",
    "nome_cr": "COORDENACAO REGIONAL NOROESTE DO MATO GROSSO",
    "nommunic": "Aripuanã",
    "nomuf": "Mato Grosso",
    "undadm_codigo": 30202002032,
    "coord_lat": -10.0023722222,
    "coord_long": -59.8587111111
   }
  },
  {
   "type": "Feature",
   "id": "aldeias_pontos.1213",
   "geometry": {
    "type": "Point",
    "coordinates": [
     -60.40113333,
     -10.71476667
    ]
   },
   "geometry_name": "the_geom",
   "properties": {
    "cod_aldeia": 1338,
    "nome_aldeia": "Aldeia Flor do Prado",
    "cod_ti": 4201,
    "cod_municipio": 5101407,
    "data_cadastro": "10/04/2018",
    "flag_ativo": "A",
    "nome_cr": "COORDENACAO REGIONAL NOROESTE DO MATO GROSSO",
    "nommunic": "Aripuanã",
    "nomuf": "Mato Grosso",
    "undadm_codigo": 30202002032,
    "coord_lat": -10.7147666667,
    "coord_long": -60.4011333333
   }
  },
  {
   "type": "Feature",
   "id": "aldeias_pontos.1214",
   "geometry": {
    "type": "Point",
    "coordinates": [
     -59.71135,
     -10.1325
    ]
   },
   "geometry_name": "the_geom",
   "properties": {
    "cod_aldeia": 1339,
    "nome_aldeia": "Aldeia Rio Preto",
    "cod_ti": 4201,
    "cod_municipio": 5101407,
    "data_cadastro": "10/04/2018",
    "flag_ativo": "A",
    "nome_cr": "COORDENACAO REGIONAL NOROESTE DO MATO GROSSO",
    "nommunic": "Aripuanã",
    "nomuf": "Mato Grosso",
    "undadm_codigo": 30202002032,
    "coord_lat": -10.1325,
    "coord_long": -59.71135
   }
  },
  {
   "type": "Feature",
   "id": "aldeias_pontos.1215",
   "geometry": {
    "type": "Point",
    "coordinates": [
     -59.77290278,
     -10.22244445
    ]
   },
   "geometry_name": "the_geom",
   "properties": {
    "cod_aldeia": 1340,
    "nome_aldeia": "Aldeia Rio Preto I",
    "cod_ti": 4201,
    "cod_municipio": 5101407,
    "data_cadastro": "10/04/2018",
    "flag_ativo": "A",
    "nome_cr": "COORDENACAO REGIONAL NOROESTE DO MATO GROSSO",
    "nommunic": "Aripuanã",
    "nomuf": "Mato Grosso",
    "undadm_codigo": 30202002032,
    "coord_lat": -10.2224444444,
    "coord_long": -59.7729027778
   }
  },
  {
   "type": "Feature",
   "id": "aldeias_pontos.1275",
   "geometry": {
    "type": "Point",
    "coordinates": [
     -58.02246389,
     -14.60193612
    ]
   },
   "geometry_name": "the_geom",
   "properties": {
    "cod_aldeia": 1410,
    "nome_aldeia": "J.M",
    "cod_ti": 39301,
    "cod_municipio": 5107958,
    "data_cadastro": "12/04/2018",
    "flag_ativo": "A",
    "nome_cr": "COORDENACAO REGIONAL DE CUIABA",
    "nommunic": "Tangará da Serra",
    "nomuf": "Mato Grosso",
    "undadm_codigo": 30202002025,
    "coord_lat": -14.6019361111,
    "coord_long": -58.0224638889
   }
  },
  {
   "type": "Feature",
   "id": "aldeias_pontos.1276",
   "geometry": {
    "type": "Point",
    "coordinates": [
     -58.03332778,
     -14.60113612
    ]
   },
   "geometry_name": "the_geom",
   "properties": {
    "cod_aldeia": 1411,
    "nome_aldeia": "JATOBÁ",
    "cod_ti": 39301,
    "cod_municipio": 5107958,
    "data_cadastro": "12/04/2018",
    "flag_ativo": "A",
    "nome_cr": "COORDENACAO REGIONAL DE CUIABA",
    "nommunic": "Tangará da Serra",
    "nomuf": "Mato Grosso",
    "undadm_codigo": 30202002025,
    "coord_lat": -14.6011361111,
    "coord_long": -58.0333277778
   }
  },
  {
   "type": "Feature",
   "id": "aldeias_pontos.1277",
   "geometry": {
    "type": "Point",
    "coordinates": [
     -58.04141667,
     -14.59632778
    ]
   },
   "geometry_name": "the_geom",
   "properties": {
    "cod_aldeia": 1412,
    "nome_aldeia": "CACHOEIRINHA",
    "cod_ti": 39301,
    "cod_municipio": 5107958,
    "data_cadastro": "12/04/2018",
    "flag_ativo": "A",
    "nome_cr": "COORDENACAO REGIONAL DE CUIABA",
    "nommunic": "Tangará da Serra",
    "nomuf": "Mato Grosso",
    "undadm_codigo": 30202002025,
    "coord_lat": -14.5963277778,
    "coord_long": -58.0414166667
   }
  },
  {
   "type": "Feature",
   "id": "aldeias_pontos.1278",
   "geometry": {
    "type": "Point",
    "coordinates": [
     -58.06859722,
     -14.59539723
    ]
   },
   "geometry_name": "the_geom",
   "properties": {
    "cod_aldeia": 1413,
    "nome_aldeia": "FORMOSO",
    "cod_ti": 39301,
    "cod_municipio": 5107958,
    "data_cadastro": "12/04/2018",
    "flag_ativo": "A",
    "nome_cr": "COORDENACAO REGIONAL DE CUIABA",
    "nommunic": "Tangará da Serra",
    "nomuf": "Mato Grosso",
    "undadm_codigo": 30202002025,
    "coord_lat": -14.5953972222,
    "coord_long": -58.0685972222
   }
  },
  {
   "type": "Feature",
   "id": "aldeias_pontos.1279",
   "geometry": {
    "type": "Point",
    "coordinates": [
     -58.15209444,
     -14.44159167
    ]
   },
   "geometry_name": "the_geom",
   "properties": {
    "cod_aldeia": 1414,
    "nome_aldeia": "QUEIMADA",
    "cod_ti": 39301,
    "cod_municipio": 5107958,
    "data_cadastro": "12/04/2018",
    "flag_ativo": "A",
    "nome_cr": "COORDENACAO REGIONAL DE CUIABA",
    "nommunic": "Tangará da Serra",
    "nomuf": "Mato Grosso",
    "undadm_codigo": 30202002025,
    "coord_lat": -14.4415916667,
    "coord_long": -58.1520944444
   }
  },
  {
   "type": "Feature",
   "id": "aldeias_pontos.1280",
   "geometry": {
    "type": "Point",
    "coordinates": [
     -58.24995556,
     -14.34874445
    ]
   },
   "geometry_name": "the_geom",
   "properties": {
    "cod_aldeia": 1415,
    "nome_aldeia": "RIO VERDE",
    "cod_ti": 33401,
    "cod_municipio": 5107958,
    "data_cadastro": "12/04/2018",
    "flag_ativo": "A",
    "nome_cr": "COORDENACAO REGIONAL DE CUIABA",
    "nommunic": "Tangará da Serra",
    "nomuf": "Mato Grosso",
    "undadm_codigo": 30202002025,
    "coord_lat": -14.3487444444,
    "coord_long": -58.2499555556
   }
  },
  {
   "type": "Feature",
   "id": "aldeias_pontos.1281",
   "geometry": {
    "type": "Point",
    "coordinates": [
     -58.282675,
     -14.36219167
    ]
   },
   "geometry_name": "the_geom",
   "properties": {
    "cod_aldeia": 1416,
    "nome_aldeia": "AFRICA",
    "cod_ti": 33401,
    "cod_municipio": 5107958,
    "data_cadastro": "12/04/2018",
    "flag_ativo": "A",
    "nome_cr": "COORDENACAO REGIONAL DE CUIABA",
    "nommunic": "Tangará da Serra",
    "nomuf": "Mato Grosso",
    "undadm_codigo": 30202002025,
    "coord_lat": -14.3621916667,
    "coord_long": -58.282675
   }
  },
  {
   "type": "Feature",
   "id": "aldeias_pontos.1282",
   "geometry": {
    "type": "Point",
    "coordinates": [
     -58.23576667,
     -14.38319445
    ]
   },
   "geometry_name": "the_geom",
   "properties": {
    "cod_aldeia": 1417,
    "nome_aldeia": "KOTITICO",
    "cod_ti": 33401,
    "cod_municipio": 5107958,
    "data_cadastro": "12/04/2018",
    "flag_ativo": "A",
    "nome_cr": "COORDENACAO REGIONAL DE CUIABA",
    "nommunic": "Tangará da Serra",
    "nomuf": "Mato Grosso",
    "undadm_codigo": 30202002025,
    "coord_lat": -14.3831944444,
    "coord_long": -58.2357666667
   }
  },
  {
   "type": "Feature",
   "id": "aldeias_pontos.1283",
   "geometry": {
    "type": "Point",
    "coordinates": [
     -58.23213889,
     -14.33383889
    ]
   },
   "geometry_name": "the_geom",
   "properties": {
    "cod_aldeia": 1418,
    "nome_aldeia": "KAMAE",
    "cod_ti": 33401,
    "cod_municipio": 5107958,
    "data_cadastro": "12/04/2018",
    "flag_ativo": "A",
    "nome_cr": "COORDENACAO REGIONAL DE CUIABA",
    "nommunic": "Tangará da Serra",
    "nomuf": "Mato Grosso",
    "undadm_codigo": 30202002025,
    "coord_lat": -14.3338388889,
    "coord_long": -58.2321388889
   }
  },
  {
   "type": "Feature",
   "id": "aldeias_pontos.1284",
   "geometry": {
    "type": "Point",
    "coordinates": [
     -58.22346389,
     -14.31515278
    ]
   },
   "geometry_name": "the_geom",
   "properties": {
    "cod_aldeia": 1419,
    "nome_aldeia": "KALANAZA",
    "cod_ti": 33401,
    "cod_municipio": 5107958,
    "data_cadastro": "12/04/2018",
    "flag_ativo": "A",
    "nome_cr": "COORDENACAO REGIONAL DE CUIABA",
    "nommunic": "Tangará da Serra",
    "nomuf": "Mato Grosso",
    "undadm_codigo": 30202002025,
    "coord_lat": -14.3151527778,
    "coord_long": -58.2234638889
   }
  },
  {
   "type": "Feature",
   "id": "aldeias_pontos.1285",
   "geometry": {
    "type": "Point",
    "coordinates": [
     -58.16035556,
     -14.22395556
    ]
   },
   "geometry_name": "the_geom",
   "properties": {
    "cod_aldeia": 1420,
    "nome_aldeia": "ZANAKWA",
    "cod_ti": 33401,
    "cod_municipio": 5107958,
    "data_cadastro": "12/04/2018",
    "flag_ativo": "A",
    "nome_cr": "COORDENACAO REGIONAL DE CUIABA",
    "nommunic": "Tangará da Serra",
    "nomuf": "Mato Grosso",
    "undadm_codigo": 30202002025,
    "coord_lat": -14.2239555556,
    "coord_long": -58.1603555556
   }
  },
  {
   "type": "Feature",
   "id": "aldeias_pontos.1286",
   "geometry": {
    "type": "Point",
    "coordinates": [
     -58.08833611,
     -14.00115
    ]
   },
   "geometry_name": "the_geom",
   "properties": {
    "cod_aldeia": 1421,
    "nome_aldeia": "KATYOLA-WINÃ",
    "cod_ti": 33401,
    "cod_municipio": 5107958,
    "data_cadastro": "12/04/2018",
    "flag_ativo": "A",
    "nome_cr": "COORDENACAO REGIONAL DE CUIABA",
    "nommunic": "Tangará da Serra",
    "nomuf": "Mato Grosso",
    "undadm_codigo": 30202002025,
    "coord_lat": -14.00115,
    "coord_long": -58.0883361111
   }
  },
  {
   "type": "Feature",
   "id": "aldeias_pontos.1287",
   "geometry": {
    "type": "Point",
    "coordinates": [
     -58.36474444,
     -14.16835
    ]
   },
   "geometry_name": "the_geom",
   "properties": {
    "cod_aldeia": 1422,
    "nome_aldeia": "JURUPARA",
    "cod_ti": 33401,
    "cod_municipio": 5107958,
    "data_cadastro": "12/04/2018",
    "flag_ativo": "A",
    "nome_cr": "COORDENACAO REGIONAL DE CUIABA",
    "nommunic": "Tangará da Serra",
    "nomuf": "Mato Grosso",
    "undadm_codigo": 30202002025,
    "coord_lat": -14.16835,
    "coord_long": -58.3647444444
   }
  },
  {
   "type": "Feature",
   "id": "aldeias_pontos.1288",
   "geometry": {
    "type": "Point",
    "coordinates": [
     -58.41220556,
     -14.16976945
    ]
   },
   "geometry_name": "the_geom",
   "properties": {
    "cod_aldeia": 1423,
    "nome_aldeia": "MANENE",
    "cod_ti": 33401,
    "cod_municipio": 5107958,
    "data_cadastro": "12/04/2018",
    "flag_ativo": "A",
    "nome_cr": "COORDENACAO REGIONAL DE CUIABA",
    "nommunic": "Tangará da Serra",
    "nomuf": "Mato Grosso",
    "undadm_codigo": 30202002025,
    "coord_lat": -14.1697694444,
    "coord_long": -58.4122055556
   }
  },
  {
   "type": "Feature",
   "id": "aldeias_pontos.1289",
   "geometry": {
    "type": "Point",
    "coordinates": [
     -58.49556111,
     -14.27896112
    ]
   },
   "geometry_name": "the_geom",
   "properties": {
    "cod_aldeia": 1424,
    "nome_aldeia": "SACRE 1",
    "cod_ti": 33401,
    "cod_municipio": 5107958,
    "data_cadastro": "12/04/2018",
    "flag_ativo": "A",
    "nome_cr": "COORDENACAO REGIONAL DE CUIABA",
    "nommunic": "Tangará da Serra",
    "nomuf": "Mato Grosso",
    "undadm_codigo": 30202002025,
    "coord_lat": -14.2789611111,
    "coord_long": -58.4955611111
   }
  },
  {
   "type": "Feature",
   "id": "aldeias_pontos.1290",
   "geometry": {
    "type": "Point",
    "coordinates": [
     -58.55555556,
     -14.34666667
    ]
   },
   "geometry_name": "the_geom",
   "properties": {
    "cod_aldeia": 1425,
    "nome_aldeia": "ACURI",
    "cod_ti": 33401,
    "cod_municipio": 5107958,
    "data_cadastro": "12/04/2018",
    "flag_ativo": "A",
    "nome_cr": "COORDENACAO REGIONAL DE CUIABA",
    "nommunic": "Tangará da Serra",
    "nomuf": "Mato Grosso",
    "undadm_codigo": 30202002025,
    "coord_lat": -14.3466666667,
    "coord_long": -58.5555555556
   }
  },
  {
   "type": "Feature",
   "id": "aldeias_pontos.1291",
   "geometry": {
    "type": "Point",
    "coordinates": [
     -58.557975,
     -14.35845556
    ]
   },
   "geometry_name": "the_geom",
   "properties": {
    "cod_aldeia": 1426,
    "nome_aldeia": "ZATEMANA",
    "cod_ti": 33401,
    "cod_municipio": 5107958,
    "data_cadastro": "12/04/2018",
    "flag_ativo": "A",
    "nome_cr": "COORDENACAO REGIONAL DE CUIABA",
    "nommunic": "Tangará da Serra",
    "nomuf": "Mato Grosso",
    "undadm_codigo": 30202002025,
    "coord_lat": -14.3584555556,
    "coord_long": -58.557975
   }
  },
  {
   "type": "Feature",
   "id": "aldeias_pontos.1292",
   "geometry": {
    "type": "Point",
    "coordinates": [
     -58.57868889,
     -14.40578334
    ]
   },
   "geometry_name": "the_geom",
   "properties": {
    "cod_aldeia": 1427,
    "nome_aldeia": "SACRE ZERO",
    "cod_ti": 33401,
    "cod_municipio": 5107958,
    "data_cadastro": "12/04/2018",
    "flag_ativo": "A",
    "nome_cr": "COORDENACAO REGIONAL DE CUIABA",
    "nommunic": "Tangará da Serra",
    "nomuf": "Mato Grosso",
    "undadm_codigo": 30202002025,
    "coord_lat": -14.4057833333,
    "coord_long": -58.5786888889
   }
  },
  {
   "type": "Feature",
   "id": "aldeias_pontos.1293",
   "geometry": {
    "type": "Point",
    "coordinates": [
     -58.48747222,
     -14.40608056
    ]
   },
   "geometry_name": "the_geom",
   "properties": {
    "cod_aldeia": 1428,
    "nome_aldeia": "BATIZA",
    "cod_ti": 33401,
    "cod_municipio": 5107958,
    "data_cadastro": "12/04/2018",
    "flag_ativo": "A",
    "nome_cr": "COORDENACAO REGIONAL DE CUIABA",
    "nommunic": "Tangará da Serra",
    "nomuf": "Mato Grosso",
    "undadm_codigo": 30202002025,
    "coord_lat": -14.4060805556,
    "coord_long": -58.4874722222
   }
  },
  {
   "type": "Feature",
   "id": "aldeias_pontos.1295",
   "geometry": {
    "type": "Point",
    "coordinates": [
     -58.54188889,
     -14.45623889
    ]
   },
   "geometry_name": "the_geom",
   "properties": {
    "cod_aldeia": 1430,
    "nome_aldeia": "ILHOCE",
    "cod_ti": 33401,
    "cod_municipio": 5107958,
    "data_cadastro": "12/04/2018",
    "flag_ativo": "A",
    "nome_cr": "COORDENACAO REGIONAL DE CUIABA",
    "nommunic": "Tangará da Serra",
    "nomuf": "Mato Grosso",
    "undadm_codigo": 30202002025,
    "coord_lat": -14.4562388889,
    "coord_long": -58.5418888889
   }
  },
  {
   "type": "Feature",
   "id": "aldeias_pontos.1296",
   "geometry": {
    "type": "Point",
    "coordinates": [
     -58.689725,
     -14.47848334
    ]
   },
   "geometry_name": "the_geom",
   "properties": {
    "cod_aldeia": 1431,
    "nome_aldeia": "CABECEIRA DO SACRE",
    "cod_ti": 33401,
    "cod_municipio": 5107958,
    "data_cadastro": "13/04/2018",
    "flag_ativo": "A",
    "nome_cr": "COORDENACAO REGIONAL DE CUIABA",
    "nommunic": "Tangará da Serra",
    "nomuf": "Mato Grosso",
    "undadm_codigo": 30202002025,
    "coord_lat": -14.4784833333,
    "coord_long": -58.689725
   }
  },
  {
   "type": "Feature",
   "id": "aldeias_pontos.1297",
   "geometry": {
    "type": "Point",
    "coordinates": [
     -58.78027778,
     -14.41945556
    ]
   },
   "geometry_name": "the_geom",
   "properties": {
    "cod_aldeia": 1432,
    "nome_aldeia": "ITYAUSÉ",
    "cod_ti": 33401,
    "cod_municipio": 5107958,
    "data_cadastro": "13/04/2018",
    "flag_ativo": "A",
    "nome_cr": "COORDENACAO REGIONAL DE CUIABA",
    "nommunic": "Tangará da Serra",
    "nomuf": "Mato Grosso",
    "undadm_codigo": 30202002025,
    "coord_lat": -14.4194555556,
    "coord_long": -58.7802777778
   }
  },
  {
   "type": "Feature",
   "id": "aldeias_pontos.1298",
   "geometry": {
    "type": "Point",
    "coordinates": [
     -58.85033889,
     -14.52780278
    ]
   },
   "geometry_name": "the_geom",
   "properties": {
    "cod_aldeia": 1433,
    "nome_aldeia": "PAPOGAIO 1",
    "cod_ti": 33401,
    "cod_municipio": 5107958,
    "data_cadastro": "13/04/2018",
    "flag_ativo": "A",
    "nome_cr": "COORDENACAO REGIONAL DE CUIABA",
    "nommunic": "Tangará da Serra",
    "nomuf": "Mato Grosso",
    "undadm_codigo": 30202002025,
    "coord_lat": -14.5278027778,
    "coord_long": -58.8503388889
   }
  },
  {
   "type": "Feature",
   "id": "aldeias_pontos.1299",
   "geometry": {
    "type": "Point",
    "coordinates": [
     -58.82383056,
     -14.44630834
    ]
   },
   "geometry_name": "the_geom",
   "properties": {
    "cod_aldeia": 1434,
    "nome_aldeia": "PAPAGAIO III",
    "cod_ti": 33401,
    "cod_municipio": 5107958,
    "data_cadastro": "13/04/2018",
    "flag_ativo": "A",
    "nome_cr": "COORDENACAO REGIONAL DE CUIABA",
    "nommunic": "Tangará da Serra",
    "nomuf": "Mato Grosso",
    "undadm_codigo": 30202002025,
    "coord_lat": -14.4463083333,
    "coord_long": -58.8238305556
   }
  },
  {
   "type": "Feature",
   "id": "aldeias_pontos.1300",
   "geometry": {
    "type": "Point",
    "coordinates": [
     -58.83548889,
     -14.46663056
    ]
   },
   "geometry_name": "the_geom",
   "properties": {
    "cod_aldeia": 1435,
    "nome_aldeia": "NOVO PAPAGAIO",
    "cod_ti": 33401,
    "cod_municipio": 5107958,
    "data_cadastro": "13/04/2018",
    "flag_ativo": "A",
    "nome_cr": "COORDENACAO REGIONAL DE CUIABA",
    "nommunic": "Tangará da Serra",
    "nomuf": "Mato Grosso",
    "undadm_codigo": 30202002025,
    "coord_lat": -14.4666305556,
    "coord_long": -58.8354888889
   }
  },
  {
   "type": "Feature",
   "id": "aldeias_pontos.1301",
   "geometry": {
    "type": "Point",
    "coordinates": [
     -58.94514722,
     -14.53365556
    ]
   },
   "geometry_name": "the_geom",
   "properties": {
    "cod_aldeia": 1436,
    "nome_aldeia": "CORREGO SUJO",
    "cod_ti": 33401,
    "cod_municipio": 5107958,
    "data_cadastro": "13/04/2018",
    "flag_ativo": "A",
    "nome_cr": "COORDENACAO REGIONAL DE CUIABA",
    "nommunic": "Tangará da Serra",
    "nomuf": "Mato Grosso",
    "undadm_codigo": 30202002025,
    "coord_lat": -14.5336555556,
    "coord_long": -58.9451472222
   }
  },
  {
   "type": "Feature",
   "id": "aldeias_pontos.1302",
   "geometry": {
    "type": "Point",
    "coordinates": [
     -59.02314167,
     -14.58589445
    ]
   },
   "geometry_name": "the_geom",
   "properties": {
    "cod_aldeia": 1437,
    "nome_aldeia": "PARAISO",
    "cod_ti": 33401,
    "cod_municipio": 5107958,
    "data_cadastro": "13/04/2018",
    "flag_ativo": "A",
    "nome_cr": "COORDENACAO REGIONAL DE CUIABA",
    "nommunic": "Tangará da Serra",
    "nomuf": "Mato Grosso",
    "undadm_codigo": 30202002025,
    "coord_lat": -14.5858944444,
    "coord_long": -59.0231416667
   }
  },
  {
   "type": "Feature",
   "id": "aldeias_pontos.1303",
   "geometry": {
    "type": "Point",
    "coordinates": [
     -58.76142222,
     -14.34725834
    ]
   },
   "geometry_name": "the_geom",
   "properties": {
    "cod_aldeia": 1438,
    "nome_aldeia": "TAQUARINHA",
    "cod_ti": 33401,
    "cod_municipio": 5107958,
    "data_cadastro": "13/04/2018",
    "flag_ativo": "A",
    "nome_cr": "COORDENACAO REGIONAL DE CUIABA",
    "nommunic": "Tangará da Serra",
    "nomuf": "Mato Grosso",
    "undadm_codigo": 30202002025,
    "coord_lat": -14.3472583333,
    "coord_long": -58.7614222222
   }
  },
  {
   "type": "Feature",
   "id": "aldeias_pontos.1304",
   "geometry": {
    "type": "Point",
    "coordinates": [
     -58.69082222,
     -14.18534445
    ]
   },
   "geometry_name": "the_geom",
   "properties": {
    "cod_aldeia": 1439,
    "nome_aldeia": "DUAS CACHOEIRA",
    "cod_ti": 33401,
    "cod_municipio": 5107958,
    "data_cadastro": "13/04/2018",
    "flag_ativo": "A",
    "nome_cr": "COORDENACAO REGIONAL DE CUIABA",
    "nommunic": "Tangará da Serra",
    "nomuf": "Mato Grosso",
    "undadm_codigo": 30202002025,
    "coord_lat": -14.1853444444,
    "coord_long": -58.6908222222
   }
  },
  {
   "type": "Feature",
   "id": "aldeias_pontos.1305",
   "geometry": {
    "type": "Point",
    "coordinates": [
     -58.86177778,
     -14.16142778
    ]
   },
   "geometry_name": "the_geom",
   "properties": {
    "cod_aldeia": 1440,
    "nome_aldeia": "CABECEIRA DO BURITI",
    "cod_ti": 33401,
    "cod_municipio": 5107958,
    "data_cadastro": "13/04/2018",
    "flag_ativo": "A",
    "nome_cr": "COORDENACAO REGIONAL DE CUIABA",
    "nommunic": "Tangará da Serra",
    "nomuf": "Mato Grosso",
    "undadm_codigo": 30202002025,
    "coord_lat": -14.1614277778,
    "coord_long": -58.8617777778
   }
  },
  {
   "type": "Feature",
   "id": "aldeias_pontos.1306",
   "geometry": {
    "type": "Point",
    "coordinates": [
     -58.785675,
     -14.095375
    ]
   },
   "geometry_name": "the_geom",
   "properties": {
    "cod_aldeia": 1441,
    "nome_aldeia": "NOVA ESPERANÇA",
    "cod_ti": 33401,
    "cod_municipio": 5107958,
    "data_cadastro": "13/04/2018",
    "flag_ativo": "A",
    "nome_cr": "COORDENACAO REGIONAL DE CUIABA",
    "nommunic": "Tangará da Serra",
    "nomuf": "Mato Grosso",
    "undadm_codigo": 30202002025,
    "coord_lat": -14.095375,
    "coord_long": -58.785675
   }
  },
  {
   "type": "Feature",
   "id": "aldeias_pontos.1307",
   "geometry": {
    "type": "Point",
    "coordinates": [
     -58.78065278,
     -14.06
    ]
   },
   "geometry_name": "the_geom",
   "properties": {
    "cod_aldeia": 1442,
    "nome_aldeia": "BURITI",
    "cod_ti": 33401,
    "cod_municipio": 5107958,
    "data_cadastro": "13/04/2018",
    "flag_ativo": "A",
    "nome_cr": "COORDENACAO REGIONAL DE CUIABA",
    "nommunic": "Tangará da Serra",
    "nomuf": "Mato Grosso",
    "undadm_codigo": 30202002025,
    "coord_lat": -14.06,
    "coord_long": -58.7806527778
   }
  },
  {
   "type": "Feature",
   "id": "aldeias_pontos.1308",
   "geometry": {
    "type": "Point",
    "coordinates": [
     -58.64446111,
     -14.584875
    ]
   },
   "geometry_name": "the_geom",
   "properties": {
    "cod_aldeia": 1443,
    "nome_aldeia": "ESTIVADINHO",
    "cod_ti": 11901,
    "cod_municipio": 5107958,
    "data_cadastro": "13/04/2018",
    "flag_ativo": "A",
    "nome_cr": "COORDENACAO REGIONAL DE CUIABA",
    "nommunic": "Tangará da Serra",
    "nomuf": "Mato Grosso",
    "undadm_codigo": 30202002025,
    "coord_lat": -14.584875,
    "coord_long": -58.6444611111
   }
  },
  {
   "type": "Feature",
   "id": "aldeias_pontos.1309",
   "geometry": {
    "type": "Point",
    "coordinates": [
     -58.66282222,
     -14.71835556
    ]
   },
   "geometry_name": "the_geom",
   "properties": {
    "cod_aldeia": 1444,
    "nome_aldeia": "FIGUEIRAS",
    "cod_ti": 33401,
    "cod_municipio": 5106752,
    "data_cadastro": "13/04/2018",
    "flag_ativo": "A",
    "nome_cr": "COORDENACAO REGIONAL DE CUIABA",
    "nommunic": "Pontes e Lacerda",
    "nomuf": "Mato Grosso",
    "undadm_codigo": 30202002025,
    "coord_lat": -14.7183555556,
    "coord_long": -58.6628222222
   }
  },
  {
   "type": "Feature",
   "id": "aldeias_pontos.1310",
   "geometry": {
    "type": "Point",
    "coordinates": [
     -59.17754167,
     -14.54759723
    ]
   },
   "geometry_name": "the_geom",
   "properties": {
    "cod_aldeia": 1445,
    "nome_aldeia": "JUININHA",
    "cod_ti": 19501,
    "cod_municipio": 5103361,
    "data_cadastro": "13/04/2018",
    "flag_ativo": "A",
    "nome_cr": "COORDENACAO REGIONAL DE CUIABA",
    "nommunic": "Conquista D'Oeste",
    "nomuf": "Mato Grosso",
    "undadm_codigo": 30202002025,
    "coord_lat": -14.5475972222,
    "coord_long": -59.1775416667
   }
  },
  {
   "type": "Feature",
   "id": "aldeias_pontos.1311",
   "geometry": {
    "type": "Point",
    "coordinates": [
     -59.05864722,
     -14.53362778
    ]
   },
   "geometry_name": "the_geom",
   "properties": {
    "cod_aldeia": 1446,
    "nome_aldeia": "TRES LAGOAS",
    "cod_ti": 19501,
    "cod_municipio": 5103361,
    "data_cadastro": "13/04/2018",
    "flag_ativo": "A",
    "nome_cr": "COORDENACAO REGIONAL DE CUIABA",
    "nommunic": "Conquista D'Oeste",
    "nomuf": "Mato Grosso",
    "undadm_codigo": 30202002025,
    "coord_lat": -14.5336277778,
    "coord_long": -59.0586472222
   }
  },
  {
   "type": "Feature",
   "id": "aldeias_pontos.1312",
   "geometry": {
    "type": "Point",
    "coordinates": [
     -59.38213611,
     -14.32867778
    ]
   },
   "geometry_name": "the_geom",
   "properties": {
    "cod_aldeia": 1447,
    "nome_aldeia": "UIRAPURU",
    "cod_ti": 47901,
    "cod_municipio": 5106182,
    "data_cadastro": "13/04/2018",
    "flag_ativo": "A",
    "nome_cr": "COORDENACAO REGIONAL DE CUIABA",
    "nommunic": "Nova Lacerda",
    "nomuf": "Mato Grosso",
    "undadm_codigo": 30202002025,
    "coord_lat": -14.3286777778,
    "coord_long": -59.3821361111
   }
  },
  {
   "type": "Feature",
   "id": "aldeias_pontos.1313",
   "geometry": {
    "type": "Point",
    "coordinates": [
     -58.45747778,
     -13.34432778
    ]
   },
   "geometry_name": "the_geom",
   "properties": {
    "cod_aldeia": 1448,
    "nome_aldeia": "TUYENTSU",
    "cod_ti": 45501,
    "cod_municipio": 5107875,
    "data_cadastro": "13/04/2018",
    "flag_ativo": "A",
    "nome_cr": "COORDENACAO REGIONAL DE CUIABA",
    "nommunic": "Sapezal",
    "nomuf": "Mato Grosso",
    "undadm_codigo": 30202002025,
    "coord_lat": -13.3443277778,
    "coord_long": -58.4574777778
   }
  },
  {
   "type": "Feature",
   "id": "aldeias_pontos.1314",
   "geometry": {
    "type": "Point",
    "coordinates": [
     -58.447275,
     -13.34000556
    ]
   },
   "geometry_name": "the_geom",
   "properties": {
    "cod_aldeia": 1449,
    "nome_aldeia": "CAITITU",
    "cod_ti": 45501,
    "cod_municipio": 5107875,
    "data_cadastro": "13/04/2018",
    "flag_ativo": "A",
    "nome_cr": "COORDENACAO REGIONAL DE CUIABA",
    "nommunic": "Sapezal",
    "nomuf": "Mato Grosso",
    "undadm_codigo": 30202002025,
    "coord_lat": -13.3400055556,
    "coord_long": -58.447275
   }
  },
  {
   "type": "Feature",
   "id": "aldeias_pontos.1315",
   "geometry": {
    "type": "Point",
    "coordinates": [
     -58.45948056,
     -13.27833889
    ]
   },
   "geometry_name": "the_geom",
   "properties": {
    "cod_aldeia": 1450,
    "nome_aldeia": "TRES JACU",
    "cod_ti": 45501,
    "cod_municipio": 5107875,
    "data_cadastro": "13/04/2018",
    "flag_ativo": "A",
    "nome_cr": "COORDENACAO REGIONAL DE CUIABA",
    "nommunic": "Sapezal",
    "nomuf": "Mato Grosso",
    "undadm_codigo": 30202002025,
    "coord_lat": -13.2783388889,
    "coord_long": -58.4594805556
   }
  },
  {
   "type": "Feature",
   "id": "aldeias_pontos.1316",
   "geometry": {
    "type": "Point",
    "coordinates": [
     -58.42263056,
     -13.25475834
    ]
   },
   "geometry_name": "the_geom",
   "properties": {
    "cod_aldeia": 1451,
    "nome_aldeia": "NOVO HORIZONTE",
    "cod_ti": 45501,
    "cod_municipio": 5107875,
    "data_cadastro": "13/04/2018",
    "flag_ativo": "A",
    "nome_cr": "COORDENACAO REGIONAL DE CUIABA",
    "nommunic": "Sapezal",
    "nomuf": "Mato Grosso",
    "undadm_codigo": 30202002025,
    "coord_lat": -13.2547583333,
    "coord_long": -58.4226305556
   }
  },
  {
   "type": "Feature",
   "id": "aldeias_pontos.1317",
   "geometry": {
    "type": "Point",
    "coordinates": [
     -58.28256389,
     -13.02739167
    ]
   },
   "geometry_name": "the_geom",
   "properties": {
    "cod_aldeia": 1452,
    "nome_aldeia": "UTIARITI - DESATIVADO",
    "cod_ti": 45501,
    "cod_municipio": 5107958,
    "data_cadastro": "13/04/2018",
    "flag_ativo": "A",
    "nome_cr": "COORDENACAO REGIONAL DE CUIABA",
    "nommunic": "Tangará da Serra",
    "nomuf": "Mato Grosso",
    "undadm_codigo": 30202002025,
    "coord_lat": -13.0273916667,
    "coord_long": -58.2825638889
   }
  },
  {
   "type": "Feature",
   "id": "aldeias_pontos.1318",
   "geometry": {
    "type": "Point",
    "coordinates": [
     -51.677,
     -13.31955556
    ]
   },
   "geometry_name": "the_geom",
   "properties": {
    "cod_aldeia": 1454,
    "nome_aldeia": "PIMENTEL BARBOSA",
    "cod_ti": 35301,
    "cod_municipio": 5107180,
    "data_cadastro": "13/04/2018",
    "flag_ativo": "A",
    "nome_cr": "COORDENACAO REGIONAL RIBEIRAO CASCALHEIRA",
    "nommunic": "Ribeirão Cascalheira",
    "nomuf": "Mato Grosso",
    "undadm_codigo": 30202002046,
    "coord_lat": -13.3195555556,
    "coord_long": -51.677
   }
  },
  {
   "type": "Feature",
   "id": "aldeias_pontos.1319",
   "geometry": {
    "type": "Point",
    "coordinates": [
     -58.26410833,
     -13.90756945
    ]
   },
   "geometry_name": "the_geom",
   "properties": {
    "cod_aldeia": 1455,
    "nome_aldeia": "SALTO DA MULHER",
    "cod_ti": 48501,
    "cod_municipio": 5102637,
    "data_cadastro": "13/04/2018",
    "flag_ativo": "A",
    "nome_cr": "COORDENACAO REGIONAL DE CUIABA",
    "nommunic": "Campo Novo do Parecis",
    "nomuf": "Mato Grosso",
    "undadm_codigo": 30202002025,
    "coord_lat": -13.9075694444,
    "coord_long": -58.2641083333
   }
  },
  {
   "type": "Feature",
   "id": "aldeias_pontos.1320",
   "geometry": {
    "type": "Point",
    "coordinates": [
     -58.24422222,
     -13.77395556
    ]
   },
   "geometry_name": "the_geom",
   "properties": {
    "cod_aldeia": 1456,
    "nome_aldeia": "CHAPADA AZUL",
    "cod_ti": 48501,
    "cod_municipio": 5102637,
    "data_cadastro": "13/04/2018",
    "flag_ativo": "A",
    "nome_cr": "COORDENACAO REGIONAL DE CUIABA",
    "nommunic": "Campo Novo do Parecis",
    "nomuf": "Mato Grosso",
    "undadm_codigo": 30202002025,
    "coord_lat": -13.7739555556,
    "coord_long": -58.2442222222
   }
  },
  {
   "type": "Feature",
   "id": "aldeias_pontos.1321",
   "geometry": {
    "type": "Point",
    "coordinates": [
     -58.40585833,
     -13.56633611
    ]
   },
   "geometry_name": "the_geom",
   "properties": {
    "cod_aldeia": 1457,
    "nome_aldeia": "VALE DO PAPAGAIO",
    "cod_ti": 48501,
    "cod_municipio": 5102637,
    "data_cadastro": "13/04/2018",
    "flag_ativo": "A",
    "nome_cr": "COORDENACAO REGIONAL DE CUIABA",
    "nommunic": "Campo Novo do Parecis",
    "nomuf": "Mato Grosso",
    "undadm_codigo": 30202002025,
    "coord_lat": -13.5663361111,
    "coord_long": -58.4058583333
   }
  },
  {
   "type": "Feature",
   "id": "aldeias_pontos.1322",
   "geometry": {
    "type": "Point",
    "coordinates": [
     -58.28833333,
     -13.64220834
    ]
   },
   "geometry_name": "the_geom",
   "properties": {
    "cod_aldeia": 1458,
    "nome_aldeia": "BACAVAL",
    "cod_ti": 48501,
    "cod_municipio": 5102637,
    "data_cadastro": "13/04/2018",
    "flag_ativo": "A",
    "nome_cr": "COORDENACAO REGIONAL DE CUIABA",
    "nommunic": "Campo Novo do Parecis",
    "nomuf": "Mato Grosso",
    "undadm_codigo": 30202002025,
    "coord_lat": -13.6422083333,
    "coord_long": -58.2883333333
   }
  },
  {
   "type": "Feature",
   "id": "aldeias_pontos.1323",
   "geometry": {
    "type": "Point",
    "coordinates": [
     -58.127775,
     -13.63206667
    ]
   },
   "geometry_name": "the_geom",
   "properties": {
    "cod_aldeia": 1459,
    "nome_aldeia": "QUATRO CACHOEIRAS",
    "cod_ti": 48501,
    "cod_municipio": 5102637,
    "data_cadastro": "13/04/2018",
    "flag_ativo": "A",
    "nome_cr": "COORDENACAO REGIONAL DE CUIABA",
    "nommunic": "Campo Novo do Parecis",
    "nomuf": "Mato Grosso",
    "undadm_codigo": 30202002025,
    "coord_lat": -13.6320666667,
    "coord_long": -58.127775
   }
  },
  {
   "type": "Feature",
   "id": "aldeias_pontos.1324",
   "geometry": {
    "type": "Point",
    "coordinates": [
     -58.0898,
     -13.62436111
    ]
   },
   "geometry_name": "the_geom",
   "properties": {
    "cod_aldeia": 1460,
    "nome_aldeia": "SERINGAL",
    "cod_ti": 48501,
    "cod_municipio": 5102637,
    "data_cadastro": "13/04/2018",
    "flag_ativo": "A",
    "nome_cr": "COORDENACAO REGIONAL DE CUIABA",
    "nommunic": "Campo Novo do Parecis",
    "nomuf": "Mato Grosso",
    "undadm_codigo": 30202002025,
    "coord_lat": -13.6243611111,
    "coord_long": -58.0898
   }
  },
  {
   "type": "Feature",
   "id": "aldeias_pontos.1325",
   "geometry": {
    "type": "Point",
    "coordinates": [
     -58.09787222,
     -13.63613056
    ]
   },
   "geometry_name": "the_geom",
   "properties": {
    "cod_aldeia": 1461,
    "nome_aldeia": "CABECEIRA DO SERINGAL",
    "cod_ti": 48501,
    "cod_municipio": 5102637,
    "data_cadastro": "13/04/2018",
    "flag_ativo": "A",
    "nome_cr": "COORDENACAO REGIONAL DE CUIABA",
    "nommunic": "Campo Novo do Parecis",
    "nomuf": "Mato Grosso",
    "undadm_codigo": 30202002025,
    "coord_lat": -13.6361305556,
    "coord_long": -58.0978722222
   }
  },
  {
   "type": "Feature",
   "id": "aldeias_pontos.1326",
   "geometry": {
    "type": "Point",
    "coordinates": [
     -58.19243611,
     -13.02878611
    ]
   },
   "geometry_name": "the_geom",
   "properties": {
    "cod_aldeia": 1462,
    "nome_aldeia": "SACRE II",
    "cod_ti": 48501,
    "cod_municipio": 5102637,
    "data_cadastro": "13/04/2018",
    "flag_ativo": "A",
    "nome_cr": "COORDENACAO REGIONAL DE CUIABA",
    "nommunic": "Campo Novo do Parecis",
    "nomuf": "Mato Grosso",
    "undadm_codigo": 30202002025,
    "coord_lat": -13.0287861111,
    "coord_long": -58.1924361111
   }
  },
  {
   "type": "Feature",
   "id": "aldeias_pontos.1327",
   "geometry": {
    "type": "Point",
    "coordinates": [
     -58.1917,
     -13.03780834
    ]
   },
   "geometry_name": "the_geom",
   "properties": {
    "cod_aldeia": 1463,
    "nome_aldeia": "BACAIUVAL",
    "cod_ti": 48501,
    "cod_municipio": 5102637,
    "data_cadastro": "13/04/2018",
    "flag_ativo": "A",
    "nome_cr": "COORDENACAO REGIONAL DE CUIABA",
    "nommunic": "Campo Novo do Parecis",
    "nomuf": "Mato Grosso",
    "undadm_codigo": 30202002025,
    "coord_lat": -13.0378083333,
    "coord_long": -58.1917
   }
  },
  {
   "type": "Feature",
   "id": "aldeias_pontos.1328",
   "geometry": {
    "type": "Point",
    "coordinates": [
     -51.87906944,
     -14.50114723
    ]
   },
   "geometry_name": "the_geom",
   "properties": {
    "cod_aldeia": 1464,
    "nome_aldeia": "Santana",
    "cod_ti": 3901,
    "cod_municipio": 5106174,
    "data_cadastro": "13/04/2018",
    "flag_ativo": "A",
    "nome_cr": "COORDENACAO REGIONAL RIBEIRAO CASCALHEIRA",
    "nommunic": "Nova Nazaré",
    "nomuf": "Mato Grosso",
    "undadm_codigo": 30202002046,
    "coord_lat": -14.5011472222,
    "coord_long": -51.8790694444
   }
  },
  {
   "type": "Feature",
   "id": "aldeias_pontos.1329",
   "geometry": {
    "type": "Point",
    "coordinates": [
     -58.18202222,
     -13.12502778
    ]
   },
   "geometry_name": "the_geom",
   "properties": {
    "cod_aldeia": 1465,
    "nome_aldeia": "MORRINHO",
    "cod_ti": 48501,
    "cod_municipio": 5102637,
    "data_cadastro": "13/04/2018",
    "flag_ativo": "A",
    "nome_cr": "COORDENACAO REGIONAL DE CUIABA",
    "nommunic": "Campo Novo do Parecis",
    "nomuf": "Mato Grosso",
    "undadm_codigo": 30202002025,
    "coord_lat": -13.1250277778,
    "coord_long": -58.1820222222
   }
  },
  {
   "type": "Feature",
   "id": "aldeias_pontos.1330",
   "geometry": {
    "type": "Point",
    "coordinates": [
     -58.27656389,
     -13.02926389
    ]
   },
   "geometry_name": "the_geom",
   "properties": {
    "cod_aldeia": 1466,
    "nome_aldeia": "UTIARITI II",
    "cod_ti": 48501,
    "cod_municipio": 5107875,
    "data_cadastro": "13/04/2018",
    "flag_ativo": "A",
    "nome_cr": "COORDENACAO REGIONAL DE CUIABA",
    "nommunic": "Sapezal",
    "nomuf": "Mato Grosso",
    "undadm_codigo": 30202002025,
    "coord_lat": -13.0292638889,
    "coord_long": -58.2765638889
   }
  },
  {
   "type": "Feature",
   "id": "aldeias_pontos.1331",
   "geometry": {
    "type": "Point",
    "coordinates": [
     -57.36071944,
     -13.56988056
    ]
   },
   "geometry_name": "the_geom",
   "properties": {
    "cod_aldeia": 1468,
    "nome_aldeia": "PONTE DE PEDRA",
    "cod_ti": 36501,
    "cod_municipio": 5102637,
    "data_cadastro": "13/04/2018",
    "flag_ativo": "A",
    "nome_cr": "COORDENACAO REGIONAL DE CUIABA",
    "nommunic": "Campo Novo do Parecis",
    "nomuf": "Mato Grosso",
    "undadm_codigo": 30202002025,
    "coord_lat": -13.5698805556,
    "coord_long": -57.3607194444
   }
  },
  {
   "type": "Feature",
   "id": "aldeias_pontos.1332",
   "geometry": {
    "type": "Point",
    "coordinates": [
     -56.92818889,
     -14.15126112
    ]
   },
   "geometry_name": "the_geom",
   "properties": {
    "cod_aldeia": 1469,
    "nome_aldeia": "ESTAÇÃO PARECI",
    "cod_ti": 11801,
    "cod_municipio": 5108857,
    "data_cadastro": "13/04/2018",
    "flag_ativo": "A",
    "nome_cr": "COORDENACAO REGIONAL DE CUIABA",
    "nommunic": "Nova Marilândia",
    "nomuf": "Mato Grosso",
    "undadm_codigo": 30202002025,
    "coord_lat": -14.1512611111,
    "coord_long": -56.9281888889
   }
  },
  {
   "type": "Feature",
   "id": "aldeias_pontos.1423",
   "geometry": {
    "type": "Point",
    "coordinates": [
     -52.90166667,
     -11.86431667
    ]
   },
   "geometry_name": "the_geom",
   "properties": {
    "cod_aldeia": 1570,
    "nome_aldeia": "NGOIWERE",
    "cod_ti": 49801,
    "cod_municipio": 5107065,
    "data_cadastro": "17/04/2018",
    "flag_ativo": "A",
    "nome_cr": "COORDENACAO REGIONAL DO XINGU",
    "nommunic": "Querência",
    "nomuf": "Mato Grosso",
    "undadm_codigo": 30202002060,
    "coord_lat": -11.8643166667,
    "coord_long": -52.9016666667
   }
  },
  {
   "type": "Feature",
   "id": "aldeias_pontos.1424",
   "geometry": {
    "type": "Point",
    "coordinates": [
     -52.94243611,
     -11.86455278
    ]
   },
   "geometry_name": "the_geom",
   "properties": {
    "cod_aldeia": 1571,
    "nome_aldeia": "ROPTOTXI",
    "cod_ti": 49801,
    "cod_municipio": 5107065,
    "data_cadastro": "17/04/2018",
    "flag_ativo": "A",
    "nome_cr": "COORDENACAO REGIONAL DO XINGU",
    "nommunic": "Querência",
    "nomuf": "Mato Grosso",
    "undadm_codigo": 30202002060,
    "coord_lat": -11.8645527778,
    "coord_long": -52.9424361111
   }
  },
  {
   "type": "Feature",
   "id": "aldeias_pontos.1425",
   "geometry": {
    "type": "Point",
    "coordinates": [
     -52.96110278,
     -11.60631389
    ]
   },
   "geometry_name": "the_geom",
   "properties": {
    "cod_aldeia": 1572,
    "nome_aldeia": "HOREHUSIKRO",
    "cod_ti": 49801,
    "cod_municipio": 5107065,
    "data_cadastro": "17/04/2018",
    "flag_ativo": "A",
    "nome_cr": "COORDENACAO REGIONAL DO XINGU",
    "nommunic": "Querência",
    "nomuf": "Mato Grosso",
    "undadm_codigo": 30202002060,
    "coord_lat": -11.6063138889,
    "coord_long": -52.9611027778
   }
  },
  {
   "type": "Feature",
   "id": "aldeias_pontos.1426",
   "geometry": {
    "type": "Point",
    "coordinates": [
     -53.035425,
     -11.51493611
    ]
   },
   "geometry_name": "the_geom",
   "properties": {
    "cod_aldeia": 1573,
    "nome_aldeia": "NOGOSOKO (Aldeia Velha)",
    "cod_ti": 49801,
    "cod_municipio": 5107065,
    "data_cadastro": "17/04/2018",
    "flag_ativo": "A",
    "nome_cr": "COORDENACAO REGIONAL DO XINGU",
    "nommunic": "Querência",
    "nomuf": "Mato Grosso",
    "undadm_codigo": 30202002060,
    "coord_lat": -11.5149361111,
    "coord_long": -53.035425
   }
  },
  {
   "type": "Feature",
   "id": "aldeias_pontos.1427",
   "geometry": {
    "type": "Point",
    "coordinates": [
     -52.94935833,
     -11.87921389
    ]
   },
   "geometry_name": "the_geom",
   "properties": {
    "cod_aldeia": 1574,
    "nome_aldeia": "RONKÔ (Antigo Wawi)",
    "cod_ti": 49801,
    "cod_municipio": 5107065,
    "data_cadastro": "17/04/2018",
    "flag_ativo": "A",
    "nome_cr": "COORDENACAO REGIONAL DO XINGU",
    "nommunic": "Querência",
    "nomuf": "Mato Grosso",
    "undadm_codigo": 30202002060,
    "coord_lat": -11.8792138889,
    "coord_long": -52.9493583333
   }
  },
  {
   "type": "Feature",
   "id": "aldeias_pontos.1428",
   "geometry": {
    "type": "Point",
    "coordinates": [
     -53.33513056,
     -12.16673611
    ]
   },
   "geometry_name": "the_geom",
   "properties": {
    "cod_aldeia": 1575,
    "nome_aldeia": "YAWALAPITI",
    "cod_ti": 33801,
    "cod_municipio": 5103858,
    "data_cadastro": "18/04/2018",
    "flag_ativo": "A",
    "nome_cr": "COORDENACAO REGIONAL DO XINGU",
    "nommunic": "Gaúcha do Norte",
    "nomuf": "Mato Grosso",
    "undadm_codigo": 30202002060,
    "coord_lat": -12.1667361111,
    "coord_long": -53.3351305556
   }
  },
  {
   "type": "Feature",
   "id": "aldeias_pontos.1429",
   "geometry": {
    "type": "Point",
    "coordinates": [
     -53.25554167,
     -12.16196389
    ]
   },
   "geometry_name": "the_geom",
   "properties": {
    "cod_aldeia": 1576,
    "nome_aldeia": "AIHA /KALAPALO",
    "cod_ti": 33801,
    "cod_municipio": 5103858,
    "data_cadastro": "18/04/2018",
    "flag_ativo": "A",
    "nome_cr": "COORDENACAO REGIONAL DO XINGU",
    "nommunic": "Gaúcha do Norte",
    "nomuf": "Mato Grosso",
    "undadm_codigo": 30202002060,
    "coord_lat": -12.1619638889,
    "coord_long": -53.2555416667
   }
  },
  {
   "type": "Feature",
   "id": "aldeias_pontos.1430",
   "geometry": {
    "type": "Point",
    "coordinates": [
     -53.58422222,
     -12.25029167
    ]
   },
   "geometry_name": "the_geom",
   "properties": {
    "cod_aldeia": 1577,
    "nome_aldeia": "WAURÁ",
    "cod_ti": 33801,
    "cod_municipio": 5103858,
    "data_cadastro": "18/04/2018",
    "flag_ativo": "A",
    "nome_cr": "COORDENACAO REGIONAL DO XINGU",
    "nommunic": "Gaúcha do Norte",
    "nomuf": "Mato Grosso",
    "undadm_codigo": 30202002060,
    "coord_lat": -12.2502916667,
    "coord_long": -53.5842222222
   }
  },
  {
   "type": "Feature",
   "id": "aldeias_pontos.1431",
   "geometry": {
    "type": "Point",
    "coordinates": [
     -53.39971111,
     -12.00652778
    ]
   },
   "geometry_name": "the_geom",
   "properties": {
    "cod_aldeia": 1578,
    "nome_aldeia": "JACARE ( Antiga Base FAB)",
    "cod_ti": 33801,
    "cod_municipio": 5103858,
    "data_cadastro": "18/04/2018",
    "flag_ativo": "A",
    "nome_cr": "COORDENACAO REGIONAL DO XINGU",
    "nommunic": "Gaúcha do Norte",
    "nomuf": "Mato Grosso",
    "undadm_codigo": 30202002060,
    "coord_lat": -12.0065277778,
    "coord_long": -53.3997111111
   }
  },
  {
   "type": "Feature",
   "id": "aldeias_pontos.1432",
   "geometry": {
    "type": "Point",
    "coordinates": [
     -53.20902778,
     -12.35130556
    ]
   },
   "geometry_name": "the_geom",
   "properties": {
    "cod_aldeia": 1579,
    "nome_aldeia": "IPATSE/KUIKURO",
    "cod_ti": 33801,
    "cod_municipio": 5103858,
    "data_cadastro": "18/04/2018",
    "flag_ativo": "A",
    "nome_cr": "COORDENACAO REGIONAL DO XINGU",
    "nommunic": "Gaúcha do Norte",
    "nomuf": "Mato Grosso",
    "undadm_codigo": 30202002060,
    "coord_lat": -12.3513055556,
    "coord_long": -53.2090277778
   }
  },
  {
   "type": "Feature",
   "id": "aldeias_pontos.1433",
   "geometry": {
    "type": "Point",
    "coordinates": [
     -53.418975,
     -12.60318056
    ]
   },
   "geometry_name": "the_geom",
   "properties": {
    "cod_aldeia": 1580,
    "nome_aldeia": "MEHINAKO",
    "cod_ti": 33801,
    "cod_municipio": 5103858,
    "data_cadastro": "18/04/2018",
    "flag_ativo": "A",
    "nome_cr": "COORDENACAO REGIONAL DO XINGU",
    "nommunic": "Gaúcha do Norte",
    "nomuf": "Mato Grosso",
    "undadm_codigo": 30202002060,
    "coord_lat": -12.6031805556,
    "coord_long": -53.418975
   }
  },
  {
   "type": "Feature",
   "id": "aldeias_pontos.1434",
   "geometry": {
    "type": "Point",
    "coordinates": [
     -53.39171111,
     -12.38223889
    ]
   },
   "geometry_name": "the_geom",
   "properties": {
    "cod_aldeia": 1581,
    "nome_aldeia": "AWETI",
    "cod_ti": 33801,
    "cod_municipio": 5103858,
    "data_cadastro": "18/04/2018",
    "flag_ativo": "A",
    "nome_cr": "COORDENACAO REGIONAL DO XINGU",
    "nommunic": "Gaúcha do Norte",
    "nomuf": "Mato Grosso",
    "undadm_codigo": 30202002060,
    "coord_lat": -12.3822388889,
    "coord_long": -53.3917111111
   }
  },
  {
   "type": "Feature",
   "id": "aldeias_pontos.1435",
   "geometry": {
    "type": "Point",
    "coordinates": [
     -53.43245833,
     -12.15362778
    ]
   },
   "geometry_name": "the_geom",
   "properties": {
    "cod_aldeia": 1582,
    "nome_aldeia": "IPAVU",
    "cod_ti": 33801,
    "cod_municipio": 5103858,
    "data_cadastro": "18/04/2018",
    "flag_ativo": "A",
    "nome_cr": "COORDENACAO REGIONAL DO XINGU",
    "nommunic": "Gaúcha do Norte",
    "nomuf": "Mato Grosso",
    "undadm_codigo": 30202002060,
    "coord_lat": -12.1536277778,
    "coord_long": -53.4324583333
   }
  },
  {
   "type": "Feature",
   "id": "aldeias_pontos.1436",
   "geometry": {
    "type": "Point",
    "coordinates": [
     -53.18631944,
     -12.23150834
    ]
   },
   "geometry_name": "the_geom",
   "properties": {
    "cod_aldeia": 1583,
    "nome_aldeia": "MATIPU",
    "cod_ti": 33801,
    "cod_municipio": 5107065,
    "data_cadastro": "18/04/2018",
    "flag_ativo": "A",
    "nome_cr": "COORDENACAO REGIONAL DO XINGU",
    "nommunic": "Querência",
    "nomuf": "Mato Grosso",
    "undadm_codigo": 30202002060,
    "coord_lat": -12.2315083333,
    "coord_long": -53.1863194444
   }
  },
  {
   "type": "Feature",
   "id": "aldeias_pontos.1437",
   "geometry": {
    "type": "Point",
    "coordinates": [
     -53.2954,
     -12.10236389
    ]
   },
   "geometry_name": "the_geom",
   "properties": {
    "cod_aldeia": 1584,
    "nome_aldeia": "NAHUKWÁ",
    "cod_ti": 33801,
    "cod_municipio": 5107065,
    "data_cadastro": "18/04/2018",
    "flag_ativo": "A",
    "nome_cr": "COORDENACAO REGIONAL DO XINGU",
    "nommunic": "Querência",
    "nomuf": "Mato Grosso",
    "undadm_codigo": 30202002060,
    "coord_lat": -12.1023638889,
    "coord_long": -53.2954
   }
  },
  {
   "type": "Feature",
   "id": "aldeias_pontos.1438",
   "geometry": {
    "type": "Point",
    "coordinates": [
     -52.92269444,
     -12.59839445
    ]
   },
   "geometry_name": "the_geom",
   "properties": {
    "cod_aldeia": 1590,
    "nome_aldeia": "TANGURO",
    "cod_ti": 33801,
    "cod_municipio": 5107065,
    "data_cadastro": "18/04/2018",
    "flag_ativo": "A",
    "nome_cr": "COORDENACAO REGIONAL DO XINGU",
    "nommunic": "Querência",
    "nomuf": "Mato Grosso",
    "undadm_codigo": 30202002060,
    "coord_lat": -12.5983944444,
    "coord_long": -52.9226944444
   }
  },
  {
   "type": "Feature",
   "id": "aldeias_pontos.1439",
   "geometry": {
    "type": "Point",
    "coordinates": [
     -53.35429722,
     -12.26342222
    ]
   },
   "geometry_name": "the_geom",
   "properties": {
    "cod_aldeia": 1591,
    "nome_aldeia": "SAIDÃO DA FUMAÇA",
    "cod_ti": 33801,
    "cod_municipio": 5103858,
    "data_cadastro": "18/04/2018",
    "flag_ativo": "A",
    "nome_cr": "COORDENACAO REGIONAL DO XINGU",
    "nommunic": "Gaúcha do Norte",
    "nomuf": "Mato Grosso",
    "undadm_codigo": 30202002060,
    "coord_lat": -12.2634222222,
    "coord_long": -53.3542972222
   }
  },
  {
   "type": "Feature",
   "id": "aldeias_pontos.1440",
   "geometry": {
    "type": "Point",
    "coordinates": [
     -53.2398,
     -12.54396389
    ]
   },
   "geometry_name": "the_geom",
   "properties": {
    "cod_aldeia": 1592,
    "nome_aldeia": "BURITIZAL",
    "cod_ti": 33801,
    "cod_municipio": 5103858,
    "data_cadastro": "18/04/2018",
    "flag_ativo": "A",
    "nome_cr": "COORDENACAO REGIONAL DO XINGU",
    "nommunic": "Gaúcha do Norte",
    "nomuf": "Mato Grosso",
    "undadm_codigo": 30202002060,
    "coord_lat": -12.5439638889,
    "coord_long": -53.2398
   }
  },
  {
   "type": "Feature",
   "id": "aldeias_pontos.1441",
   "geometry": {
    "type": "Point",
    "coordinates": [
     -52.82608333,
     -12.83116389
    ]
   },
   "geometry_name": "the_geom",
   "properties": {
    "cod_aldeia": 1593,
    "nome_aldeia": "LAGO AZUL",
    "cod_ti": 33801,
    "cod_municipio": 5103858,
    "data_cadastro": "18/04/2018",
    "flag_ativo": "A",
    "nome_cr": "COORDENACAO REGIONAL DO XINGU",
    "nommunic": "Gaúcha do Norte",
    "nomuf": "Mato Grosso",
    "undadm_codigo": 30202002060,
    "coord_lat": -12.8311638889,
    "coord_long": -52.8260833333
   }
  },
  {
   "type": "Feature",
   "id": "aldeias_pontos.1442",
   "geometry": {
    "type": "Point",
    "coordinates": [
     -53.38648333,
     -12.852775
    ]
   },
   "geometry_name": "the_geom",
   "properties": {
    "cod_aldeia": 1594,
    "nome_aldeia": "YARAMY",
    "cod_ti": 33801,
    "cod_municipio": 5103858,
    "data_cadastro": "18/04/2018",
    "flag_ativo": "A",
    "nome_cr": "COORDENACAO REGIONAL DO XINGU",
    "nommunic": "Gaúcha do Norte",
    "nomuf": "Mato Grosso",
    "undadm_codigo": 30202002060,
    "coord_lat": -12.852775,
    "coord_long": -53.3864833333
   }
  },
  {
   "type": "Feature",
   "id": "aldeias_pontos.1443",
   "geometry": {
    "type": "Point",
    "coordinates": [
     -53.10835,
     -12.55375556
    ]
   },
   "geometry_name": "the_geom",
   "properties": {
    "cod_aldeia": 1595,
    "nome_aldeia": "LAHATUA",
    "cod_ti": 33801,
    "cod_municipio": 5103858,
    "data_cadastro": "18/04/2018",
    "flag_ativo": "A",
    "nome_cr": "COORDENACAO REGIONAL DO XINGU",
    "nommunic": "Gaúcha do Norte",
    "nomuf": "Mato Grosso",
    "undadm_codigo": 30202002060,
    "coord_lat": -12.5537555556,
    "coord_long": -53.10835
   }
  },
  {
   "type": "Feature",
   "id": "aldeias_pontos.1444",
   "geometry": {
    "type": "Point",
    "coordinates": [
     -53.43550556,
     -12.99256945
    ]
   },
   "geometry_name": "the_geom",
   "properties": {
    "cod_aldeia": 1596,
    "nome_aldeia": "UTAWUANA",
    "cod_ti": 33801,
    "cod_municipio": 5103858,
    "data_cadastro": "18/04/2018",
    "flag_ativo": "A",
    "nome_cr": "COORDENACAO REGIONAL DO XINGU",
    "nommunic": "Gaúcha do Norte",
    "nomuf": "Mato Grosso",
    "undadm_codigo": 30202002060,
    "coord_lat": -12.9925694444,
    "coord_long": -53.4355055556
   }
  },
  {
   "type": "Feature",
   "id": "aldeias_pontos.1445",
   "geometry": {
    "type": "Point",
    "coordinates": [
     -53.452375,
     -12.09430834
    ]
   },
   "geometry_name": "the_geom",
   "properties": {
    "cod_aldeia": 1597,
    "nome_aldeia": "GAUCHA",
    "cod_ti": 33801,
    "cod_municipio": 5103858,
    "data_cadastro": "18/04/2018",
    "flag_ativo": "A",
    "nome_cr": "COORDENACAO REGIONAL DO XINGU",
    "nommunic": "Gaúcha do Norte",
    "nomuf": "Mato Grosso",
    "undadm_codigo": 30202002060,
    "coord_lat": -12.0943083333,
    "coord_long": -53.452375
   }
  },
  {
   "type": "Feature",
   "id": "aldeias_pontos.1446",
   "geometry": {
    "type": "Point",
    "coordinates": [
     -53.97678889,
     -12.99247223
    ]
   },
   "geometry_name": "the_geom",
   "properties": {
    "cod_aldeia": 1598,
    "nome_aldeia": "BATOVI",
    "cod_ti": 6001,
    "cod_municipio": 5103858,
    "data_cadastro": "18/04/2018",
    "flag_ativo": "A",
    "nome_cr": "COORDENACAO REGIONAL DO XINGU",
    "nommunic": "Gaúcha do Norte",
    "nomuf": "Mato Grosso",
    "undadm_codigo": 30202002060,
    "coord_lat": -12.9924722222,
    "coord_long": -53.9767888889
   }
  },
  {
   "type": "Feature",
   "id": "aldeias_pontos.1447",
   "geometry": {
    "type": "Point",
    "coordinates": [
     -52.62208333,
     -12.67819445
    ]
   },
   "geometry_name": "the_geom",
   "properties": {
    "cod_aldeia": 1599,
    "nome_aldeia": "CURUMIM",
    "cod_ti": 33801,
    "cod_municipio": 5107065,
    "data_cadastro": "18/04/2018",
    "flag_ativo": "A",
    "nome_cr": "COORDENACAO REGIONAL DO XINGU",
    "nommunic": "Querência",
    "nomuf": "Mato Grosso",
    "undadm_codigo": 30202002060,
    "coord_lat": -12.6781944444,
    "coord_long": -52.6220833333
   }
  },
  {
   "type": "Feature",
   "id": "aldeias_pontos.1449",
   "geometry": {
    "type": "Point",
    "coordinates": [
     -53.61156667,
     -11.74475278
    ]
   },
   "geometry_name": "the_geom",
   "properties": {
    "cod_aldeia": 1601,
    "nome_aldeia": "PAVARU",
    "cod_ti": 33801,
    "cod_municipio": 5103858,
    "data_cadastro": "18/04/2018",
    "flag_ativo": "A",
    "nome_cr": "COORDENACAO REGIONAL DO XINGU",
    "nommunic": "Gaúcha do Norte",
    "nomuf": "Mato Grosso",
    "undadm_codigo": 30202002060,
    "coord_lat": -11.7447527778,
    "coord_long": -53.6115666667
   }
  },
  {
   "type": "Feature",
   "id": "aldeias_pontos.1450",
   "geometry": {
    "type": "Point",
    "coordinates": [
     -53.59457222,
     -11.85644445
    ]
   },
   "geometry_name": "the_geom",
   "properties": {
    "cod_aldeia": 1602,
    "nome_aldeia": "BOA ESPERANÇA",
    "cod_ti": 33801,
    "cod_municipio": 5103700,
    "data_cadastro": "18/04/2018",
    "flag_ativo": "A",
    "nome_cr": "COORDENACAO REGIONAL DO XINGU",
    "nommunic": "Feliz Natal",
    "nomuf": "Mato Grosso",
    "undadm_codigo": 30202002060,
    "coord_lat": -11.8564444444,
    "coord_long": -53.5945722222
   }
  },
  {
   "type": "Feature",
   "id": "aldeias_pontos.1451",
   "geometry": {
    "type": "Point",
    "coordinates": [
     -53.55231944,
     -11.93252778
    ]
   },
   "geometry_name": "the_geom",
   "properties": {
    "cod_aldeia": 1603,
    "nome_aldeia": "MORENA",
    "cod_ti": 33801,
    "cod_municipio": 5103700,
    "data_cadastro": "18/04/2018",
    "flag_ativo": "A",
    "nome_cr": "COORDENACAO REGIONAL DO XINGU",
    "nommunic": "Feliz Natal",
    "nomuf": "Mato Grosso",
    "undadm_codigo": 30202002060,
    "coord_lat": -11.9325277778,
    "coord_long": -53.5523194444
   }
  },
  {
   "type": "Feature",
   "id": "aldeias_pontos.1452",
   "geometry": {
    "type": "Point",
    "coordinates": [
     -53.94575556,
     -12.08507222
    ]
   },
   "geometry_name": "the_geom",
   "properties": {
    "cod_aldeia": 1604,
    "nome_aldeia": "STEINEM",
    "cod_ti": 33801,
    "cod_municipio": 5103700,
    "data_cadastro": "18/04/2018",
    "flag_ativo": "A",
    "nome_cr": "COORDENACAO REGIONAL DO XINGU",
    "nommunic": "Feliz Natal",
    "nomuf": "Mato Grosso",
    "undadm_codigo": 30202002060,
    "coord_lat": -12.0850722222,
    "coord_long": -53.9457555556
   }
  },
  {
   "type": "Feature",
   "id": "aldeias_pontos.1453",
   "geometry": {
    "type": "Point",
    "coordinates": [
     -53.85703333,
     -12.06708611
    ]
   },
   "geometry_name": "the_geom",
   "properties": {
    "cod_aldeia": 1605,
    "nome_aldeia": "ARUAK",
    "cod_ti": 33801,
    "cod_municipio": 5103700,
    "data_cadastro": "18/04/2018",
    "flag_ativo": "A",
    "nome_cr": "COORDENACAO REGIONAL DO XINGU",
    "nommunic": "Feliz Natal",
    "nomuf": "Mato Grosso",
    "undadm_codigo": 30202002060,
    "coord_lat": -12.0670861111,
    "coord_long": -53.8570333333
   }
  },
  {
   "type": "Feature",
   "id": "aldeias_pontos.1454",
   "geometry": {
    "type": "Point",
    "coordinates": [
     -53.62109444,
     -11.74812222
    ]
   },
   "geometry_name": "the_geom",
   "properties": {
    "cod_aldeia": 1606,
    "nome_aldeia": "MOYGU",
    "cod_ti": 33801,
    "cod_municipio": 5103700,
    "data_cadastro": "18/04/2018",
    "flag_ativo": "A",
    "nome_cr": "COORDENACAO REGIONAL DO XINGU",
    "nommunic": "Feliz Natal",
    "nomuf": "Mato Grosso",
    "undadm_codigo": 30202002060,
    "coord_lat": -11.7481222222,
    "coord_long": -53.6210944444
   }
  },
  {
   "type": "Feature",
   "id": "aldeias_pontos.1455",
   "geometry": {
    "type": "Point",
    "coordinates": [
     -53.47138333,
     -11.51455834
    ]
   },
   "geometry_name": "the_geom",
   "properties": {
    "cod_aldeia": 1607,
    "nome_aldeia": "ILHA GRANDE",
    "cod_ti": 33801,
    "cod_municipio": 5107065,
    "data_cadastro": "18/04/2018",
    "flag_ativo": "A",
    "nome_cr": "COORDENACAO REGIONAL DO XINGU",
    "nommunic": "Querência",
    "nomuf": "Mato Grosso",
    "undadm_codigo": 30202002060,
    "coord_lat": -11.5145583333,
    "coord_long": -53.4713833333
   }
  },
  {
   "type": "Feature",
   "id": "aldeias_pontos.1456",
   "geometry": {
    "type": "Point",
    "coordinates": [
     -53.53118889,
     -11.55197222
    ]
   },
   "geometry_name": "the_geom",
   "properties": {
    "cod_aldeia": 1608,
    "nome_aldeia": "BARRACO ALTO",
    "cod_ti": 33801,
    "cod_municipio": 5103700,
    "data_cadastro": "18/04/2018",
    "flag_ativo": "A",
    "nome_cr": "COORDENACAO REGIONAL DO XINGU",
    "nommunic": "Feliz Natal",
    "nomuf": "Mato Grosso",
    "undadm_codigo": 30202002060,
    "coord_lat": -11.5519722222,
    "coord_long": -53.5311888889
   }
  },
  {
   "type": "Feature",
   "id": "aldeias_pontos.1457",
   "geometry": {
    "type": "Point",
    "coordinates": [
     -53.57937222,
     -11.63364722
    ]
   },
   "geometry_name": "the_geom",
   "properties": {
    "cod_aldeia": 1609,
    "nome_aldeia": "TRÊS IRMÃOS",
    "cod_ti": 33801,
    "cod_municipio": 5103700,
    "data_cadastro": "18/04/2018",
    "flag_ativo": "A",
    "nome_cr": "COORDENACAO REGIONAL DO XINGU",
    "nommunic": "Feliz Natal",
    "nomuf": "Mato Grosso",
    "undadm_codigo": 30202002060,
    "coord_lat": -11.6336472222,
    "coord_long": -53.5793722222
   }
  },
  {
   "type": "Feature",
   "id": "aldeias_pontos.1458",
   "geometry": {
    "type": "Point",
    "coordinates": [
     -53.23527222,
     -11.19907778
    ]
   },
   "geometry_name": "the_geom",
   "properties": {
    "cod_aldeia": 1610,
    "nome_aldeia": "DIAUARUM",
    "cod_ti": 33801,
    "cod_municipio": 5107859,
    "data_cadastro": "18/04/2018",
    "flag_ativo": "A",
    "nome_cr": "COORDENACAO REGIONAL DO XINGU",
    "nommunic": "São Félix do Araguaia",
    "nomuf": "Mato Grosso",
    "undadm_codigo": 30202002060,
    "coord_lat": -11.1990777778,
    "coord_long": -53.2352722222
   }
  },
  {
   "type": "Feature",
   "id": "aldeias_pontos.1459",
   "geometry": {
    "type": "Point",
    "coordinates": [
     -53.00413889,
     -12.51700278
    ]
   },
   "geometry_name": "the_geom",
   "properties": {
    "cod_aldeia": 1611,
    "nome_aldeia": "AFUKURI",
    "cod_ti": 33801,
    "cod_municipio": 5107065,
    "data_cadastro": "18/04/2018",
    "flag_ativo": "A",
    "nome_cr": "COORDENACAO REGIONAL DO XINGU",
    "nommunic": "Querência",
    "nomuf": "Mato Grosso",
    "undadm_codigo": 30202002060,
    "coord_lat": -12.5170027778,
    "coord_long": -53.0041388889
   }
  },
  {
   "type": "Feature",
   "id": "aldeias_pontos.1460",
   "geometry": {
    "type": "Point",
    "coordinates": [
     -53.27795,
     -11.04735278
    ]
   },
   "geometry_name": "the_geom",
   "properties": {
    "cod_aldeia": 1612,
    "nome_aldeia": "PEQUIZAL",
    "cod_ti": 33801,
    "cod_municipio": 5107859,
    "data_cadastro": "18/04/2018",
    "flag_ativo": "A",
    "nome_cr": "COORDENACAO REGIONAL DO XINGU",
    "nommunic": "São Félix do Araguaia",
    "nomuf": "Mato Grosso",
    "undadm_codigo": 30202002060,
    "coord_lat": -11.0473527778,
    "coord_long": -53.27795
   }
  },
  {
   "type": "Feature",
   "id": "aldeias_pontos.1461",
   "geometry": {
    "type": "Point",
    "coordinates": [
     -53.25919444,
     -11.09504167
    ]
   },
   "geometry_name": "the_geom",
   "properties": {
    "cod_aldeia": 1613,
    "nome_aldeia": "CAPIVARA",
    "cod_ti": 33801,
    "cod_municipio": 5107859,
    "data_cadastro": "18/04/2018",
    "flag_ativo": "A",
    "nome_cr": "COORDENACAO REGIONAL DO XINGU",
    "nommunic": "São Félix do Araguaia",
    "nomuf": "Mato Grosso",
    "undadm_codigo": 30202002060,
    "coord_lat": -11.0950416667,
    "coord_long": -53.2591944444
   }
  },
  {
   "type": "Feature",
   "id": "aldeias_pontos.1462",
   "geometry": {
    "type": "Point",
    "coordinates": [
     -53.28897778,
     -11.02970834
    ]
   },
   "geometry_name": "the_geom",
   "properties": {
    "cod_aldeia": 1614,
    "nome_aldeia": "PAKSAMBA",
    "cod_ti": 33801,
    "cod_municipio": 5107859,
    "data_cadastro": "18/04/2018",
    "flag_ativo": "A",
    "nome_cr": "COORDENACAO REGIONAL DO XINGU",
    "nommunic": "São Félix do Araguaia",
    "nomuf": "Mato Grosso",
    "undadm_codigo": 30202002060,
    "coord_lat": -11.0297083333,
    "coord_long": -53.2889777778
   }
  },
  {
   "type": "Feature",
   "id": "aldeias_pontos.1463",
   "geometry": {
    "type": "Point",
    "coordinates": [
     -53.315675,
     -10.94853056
    ]
   },
   "geometry_name": "the_geom",
   "properties": {
    "cod_aldeia": 1615,
    "nome_aldeia": "TUBATUBA",
    "cod_ti": 33801,
    "cod_municipio": 5105580,
    "data_cadastro": "18/04/2018",
    "flag_ativo": "A",
    "nome_cr": "COORDENACAO REGIONAL DO XINGU",
    "nommunic": "Marcelândia",
    "nomuf": "Mato Grosso",
    "undadm_codigo": 30202002060,
    "coord_lat": -10.9485305556,
    "coord_long": -53.315675
   }
  },
  {
   "type": "Feature",
   "id": "aldeias_pontos.1464",
   "geometry": {
    "type": "Point",
    "coordinates": [
     -53.20393333,
     -10.85786945
    ]
   },
   "geometry_name": "the_geom",
   "properties": {
    "cod_aldeia": 1616,
    "nome_aldeia": "CAIÇARA",
    "cod_ti": 33801,
    "cod_municipio": 5105580,
    "data_cadastro": "18/04/2018",
    "flag_ativo": "A",
    "nome_cr": "COORDENACAO REGIONAL DO XINGU",
    "nommunic": "Marcelândia",
    "nomuf": "Mato Grosso",
    "undadm_codigo": 30202002060,
    "coord_lat": -10.8578694444,
    "coord_long": -53.2039333333
   }
  },
  {
   "type": "Feature",
   "id": "aldeias_pontos.1465",
   "geometry": {
    "type": "Point",
    "coordinates": [
     -53.1061,
     -10.81057778
    ]
   },
   "geometry_name": "the_geom",
   "properties": {
    "cod_aldeia": 1617,
    "nome_aldeia": "BOA VISTA",
    "cod_ti": 33801,
    "cod_municipio": 5107354,
    "data_cadastro": "18/04/2018",
    "flag_ativo": "A",
    "nome_cr": "COORDENACAO REGIONAL DO XINGU",
    "nommunic": "São José do Xingu",
    "nomuf": "Mato Grosso",
    "undadm_codigo": 30202002060,
    "coord_lat": -10.8105777778,
    "coord_long": -53.1061
   }
  },
  {
   "type": "Feature",
   "id": "aldeias_pontos.1466",
   "geometry": {
    "type": "Point",
    "coordinates": [
     -53.42180833,
     -11.04478334
    ]
   },
   "geometry_name": "the_geom",
   "properties": {
    "cod_aldeia": 1618,
    "nome_aldeia": "AIPORE",
    "cod_ti": 33801,
    "cod_municipio": 5105580,
    "data_cadastro": "18/04/2018",
    "flag_ativo": "A",
    "nome_cr": "COORDENACAO REGIONAL DO XINGU",
    "nommunic": "Marcelândia",
    "nomuf": "Mato Grosso",
    "undadm_codigo": 30202002060,
    "coord_lat": -11.0447833333,
    "coord_long": -53.4218083333
   }
  },
  {
   "type": "Feature",
   "id": "aldeias_pontos.1467",
   "geometry": {
    "type": "Point",
    "coordinates": [
     -53.46183611,
     -11.04931945
    ]
   },
   "geometry_name": "the_geom",
   "properties": {
    "cod_aldeia": 1619,
    "nome_aldeia": "JOÃO KAIABI",
    "cod_ti": 33801,
    "cod_municipio": 5105580,
    "data_cadastro": "18/04/2018",
    "flag_ativo": "A",
    "nome_cr": "COORDENACAO REGIONAL DO XINGU",
    "nommunic": "Marcelândia",
    "nomuf": "Mato Grosso",
    "undadm_codigo": 30202002060,
    "coord_lat": -11.0493194444,
    "coord_long": -53.4618361111
   }
  },
  {
   "type": "Feature",
   "id": "aldeias_pontos.1468",
   "geometry": {
    "type": "Point",
    "coordinates": [
     -53.528675,
     -11.07852778
    ]
   },
   "geometry_name": "the_geom",
   "properties": {
    "cod_aldeia": 1620,
    "nome_aldeia": "MAPADÁ",
    "cod_ti": 33801,
    "cod_municipio": 5105580,
    "data_cadastro": "18/04/2018",
    "flag_ativo": "A",
    "nome_cr": "COORDENACAO REGIONAL DO XINGU",
    "nommunic": "Marcelândia",
    "nomuf": "Mato Grosso",
    "undadm_codigo": 30202002060,
    "coord_lat": -11.0785277778,
    "coord_long": -53.528675
   }
  },
  {
   "type": "Feature",
   "id": "aldeias_pontos.1469",
   "geometry": {
    "type": "Point",
    "coordinates": [
     -53.51453056,
     -11.09688611
    ]
   },
   "geometry_name": "the_geom",
   "properties": {
    "cod_aldeia": 1621,
    "nome_aldeia": "PARANAITA",
    "cod_ti": 33801,
    "cod_municipio": 5103700,
    "data_cadastro": "18/04/2018",
    "flag_ativo": "A",
    "nome_cr": "COORDENACAO REGIONAL DO XINGU",
    "nommunic": "Feliz Natal",
    "nomuf": "Mato Grosso",
    "undadm_codigo": 30202002060,
    "coord_lat": -11.0968861111,
    "coord_long": -53.5145305556
   }
  },
  {
   "type": "Feature",
   "id": "aldeias_pontos.1470",
   "geometry": {
    "type": "Point",
    "coordinates": [
     -53.59641944,
     -11.12484167
    ]
   },
   "geometry_name": "the_geom",
   "properties": {
    "cod_aldeia": 1622,
    "nome_aldeia": "TRÊS PATOS",
    "cod_ti": 33801,
    "cod_municipio": 5103700,
    "data_cadastro": "18/04/2018",
    "flag_ativo": "A",
    "nome_cr": "COORDENACAO REGIONAL DO XINGU",
    "nommunic": "Feliz Natal",
    "nomuf": "Mato Grosso",
    "undadm_codigo": 30202002060,
    "coord_lat": -11.1248416667,
    "coord_long": -53.5964194444
   }
  },
  {
   "type": "Feature",
   "id": "aldeias_pontos.1471",
   "geometry": {
    "type": "Point",
    "coordinates": [
     -53.75731944,
     -11.25463611
    ]
   },
   "geometry_name": "the_geom",
   "properties": {
    "cod_aldeia": 1623,
    "nome_aldeia": "SOBRADINHO",
    "cod_ti": 33801,
    "cod_municipio": 5103700,
    "data_cadastro": "18/04/2018",
    "flag_ativo": "A",
    "nome_cr": "COORDENACAO REGIONAL DO XINGU",
    "nommunic": "Feliz Natal",
    "nomuf": "Mato Grosso",
    "undadm_codigo": 30202002060,
    "coord_lat": -11.2546361111,
    "coord_long": -53.7573194444
   }
  },
  {
   "type": "Feature",
   "id": "aldeias_pontos.1472",
   "geometry": {
    "type": "Point",
    "coordinates": [
     -53.78086389,
     -11.29473334
    ]
   },
   "geometry_name": "the_geom",
   "properties": {
    "cod_aldeia": 1624,
    "nome_aldeia": "NOVA MARAKÁ",
    "cod_ti": 33801,
    "cod_municipio": 5103700,
    "data_cadastro": "19/04/2018",
    "flag_ativo": "A",
    "nome_cr": "COORDENACAO REGIONAL DO XINGU",
    "nommunic": "Feliz Natal",
    "nomuf": "Mato Grosso",
    "undadm_codigo": 30202002060,
    "coord_lat": -11.2947333333,
    "coord_long": -53.7808638889
   }
  },
  {
   "type": "Feature",
   "id": "aldeias_pontos.1473",
   "geometry": {
    "type": "Point",
    "coordinates": [
     -53.79119722,
     -11.32481667
    ]
   },
   "geometry_name": "the_geom",
   "properties": {
    "cod_aldeia": 1625,
    "nome_aldeia": "IGUAÇU",
    "cod_ti": 33801,
    "cod_municipio": 5103700,
    "data_cadastro": "19/04/2018",
    "flag_ativo": "A",
    "nome_cr": "COORDENACAO REGIONAL DO XINGU",
    "nommunic": "Feliz Natal",
    "nomuf": "Mato Grosso",
    "undadm_codigo": 30202002060,
    "coord_lat": -11.3248166667,
    "coord_long": -53.7911972222
   }
  },
  {
   "type": "Feature",
   "id": "aldeias_pontos.1474",
   "geometry": {
    "type": "Point",
    "coordinates": [
     -53.20477778,
     -11.32784445
    ]
   },
   "geometry_name": "the_geom",
   "properties": {
    "cod_aldeia": 1626,
    "nome_aldeia": "11 DE SETEMBRO",
    "cod_ti": 33801,
    "cod_municipio": 5107065,
    "data_cadastro": "19/04/2018",
    "flag_ativo": "A",
    "nome_cr": "COORDENACAO REGIONAL DO XINGU",
    "nommunic": "Querência",
    "nomuf": "Mato Grosso",
    "undadm_codigo": 30202002060,
    "coord_lat": -11.3278444444,
    "coord_long": -53.2047777778
   }
  },
  {
   "type": "Feature",
   "id": "aldeias_pontos.1475",
   "geometry": {
    "type": "Point",
    "coordinates": [
     -53.26912778,
     -11.29361389
    ]
   },
   "geometry_name": "the_geom",
   "properties": {
    "cod_aldeia": 1629,
    "nome_aldeia": "TRES BURITI",
    "cod_ti": 33801,
    "cod_municipio": 5107065,
    "data_cadastro": "19/04/2018",
    "flag_ativo": "A",
    "nome_cr": "COORDENACAO REGIONAL DO XINGU",
    "nommunic": "Querência",
    "nomuf": "Mato Grosso",
    "undadm_codigo": 30202002060,
    "coord_lat": -11.2936138889,
    "coord_long": -53.2691277778
   }
  },
  {
   "type": "Feature",
   "id": "aldeias_pontos.1476",
   "geometry": {
    "type": "Point",
    "coordinates": [
     -53.35243333,
     -11.37418056
    ]
   },
   "geometry_name": "the_geom",
   "properties": {
    "cod_aldeia": 1630,
    "nome_aldeia": "MOITARÁ",
    "cod_ti": 33801,
    "cod_municipio": 5107065,
    "data_cadastro": "19/04/2018",
    "flag_ativo": "A",
    "nome_cr": "COORDENACAO REGIONAL DO XINGU",
    "nommunic": "Querência",
    "nomuf": "Mato Grosso",
    "undadm_codigo": 30202002060,
    "coord_lat": -11.3741805556,
    "coord_long": -53.3524333333
   }
  },
  {
   "type": "Feature",
   "id": "aldeias_pontos.1477",
   "geometry": {
    "type": "Point",
    "coordinates": [
     -53.35930278,
     -11.38146667
    ]
   },
   "geometry_name": "the_geom",
   "properties": {
    "cod_aldeia": 1631,
    "nome_aldeia": "SAMAUMA",
    "cod_ti": 33801,
    "cod_municipio": 5107065,
    "data_cadastro": "19/04/2018",
    "flag_ativo": "A",
    "nome_cr": "COORDENACAO REGIONAL DO XINGU",
    "nommunic": "Querência",
    "nomuf": "Mato Grosso",
    "undadm_codigo": 30202002060,
    "coord_lat": -11.3814666667,
    "coord_long": -53.3593027778
   }
  },
  {
   "type": "Feature",
   "id": "aldeias_pontos.1478",
   "geometry": {
    "type": "Point",
    "coordinates": [
     -53.39632222,
     -11.43758889
    ]
   },
   "geometry_name": "the_geom",
   "properties": {
    "cod_aldeia": 1632,
    "nome_aldeia": "TUIARARÉ",
    "cod_ti": 33801,
    "cod_municipio": 5107065,
    "data_cadastro": "19/04/2018",
    "flag_ativo": "A",
    "nome_cr": "COORDENACAO REGIONAL DO XINGU",
    "nommunic": "Querência",
    "nomuf": "Mato Grosso",
    "undadm_codigo": 30202002060,
    "coord_lat": -11.4375888889,
    "coord_long": -53.3963222222
   }
  },
  {
   "type": "Feature",
   "id": "aldeias_pontos.1479",
   "geometry": {
    "type": "Point",
    "coordinates": [
     -53.51086667,
     -11.47529167
    ]
   },
   "geometry_name": "the_geom",
   "properties": {
    "cod_aldeia": 1633,
    "nome_aldeia": "KWARYJA",
    "cod_ti": 33801,
    "cod_municipio": 5103700,
    "data_cadastro": "19/04/2018",
    "flag_ativo": "A",
    "nome_cr": "COORDENACAO REGIONAL DO XINGU",
    "nommunic": "Feliz Natal",
    "nomuf": "Mato Grosso",
    "undadm_codigo": 30202002060,
    "coord_lat": -11.4752916667,
    "coord_long": -53.5108666667
   }
  },
  {
   "type": "Feature",
   "id": "aldeias_pontos.1480",
   "geometry": {
    "type": "Point",
    "coordinates": [
     -52.76115833,
     -10.80144445
    ]
   },
   "geometry_name": "the_geom",
   "properties": {
    "cod_aldeia": 1634,
    "nome_aldeia": "TUIUIÚ",
    "cod_ti": 33801,
    "cod_municipio": 5107354,
    "data_cadastro": "19/04/2018",
    "flag_ativo": "A",
    "nome_cr": "COORDENACAO REGIONAL DO XINGU",
    "nommunic": "São José do Xingu",
    "nomuf": "Mato Grosso",
    "undadm_codigo": 30202002060,
    "coord_lat": -10.8014444444,
    "coord_long": -52.7611583333
   }
  },
  {
   "type": "Feature",
   "id": "aldeias_pontos.1481",
   "geometry": {
    "type": "Point",
    "coordinates": [
     -53.43644722,
     -12.99109723
    ]
   },
   "geometry_name": "the_geom",
   "properties": {
    "cod_aldeia": 1635,
    "nome_aldeia": "KURISEVO",
    "cod_ti": 33801,
    "cod_municipio": 5103858,
    "data_cadastro": "19/04/2018",
    "flag_ativo": "A",
    "nome_cr": "COORDENACAO REGIONAL DO XINGU",
    "nommunic": "Gaúcha do Norte",
    "nomuf": "Mato Grosso",
    "undadm_codigo": 30202002060,
    "coord_lat": -12.9910972222,
    "coord_long": -53.4364472222
   }
  },
  {
   "type": "Feature",
   "id": "aldeias_pontos.1483",
   "geometry": {
    "type": "Point",
    "coordinates": [
     -52.61185,
     -12.68941667
    ]
   },
   "geometry_name": "the_geom",
   "properties": {
    "cod_aldeia": 1637,
    "nome_aldeia": "TANGURINHO",
    "cod_ti": 33801,
    "cod_municipio": 5107065,
    "data_cadastro": "19/04/2018",
    "flag_ativo": "A",
    "nome_cr": "COORDENACAO REGIONAL DO XINGU",
    "nommunic": "Querência",
    "nomuf": "Mato Grosso",
    "undadm_codigo": 30202002060,
    "coord_lat": -12.6894166667,
    "coord_long": -52.61185
   }
  },
  {
   "type": "Feature",
   "id": "aldeias_pontos.1485",
   "geometry": {
    "type": "Point",
    "coordinates": [
     -53.59841389,
     -11.11220278
    ]
   },
   "geometry_name": "the_geom",
   "properties": {
    "cod_aldeia": 1640,
    "nome_aldeia": "MONITO (Antiga Base de Apoio)",
    "cod_ti": 33801,
    "cod_municipio": 5105580,
    "data_cadastro": "19/04/2018",
    "flag_ativo": "A",
    "nome_cr": "COORDENACAO REGIONAL DO XINGU",
    "nommunic": "Marcelândia",
    "nomuf": "Mato Grosso",
    "undadm_codigo": 30202002060,
    "coord_lat": -11.1122027778,
    "coord_long": -53.5984138889
   }
  },
  {
   "type": "Feature",
   "id": "aldeias_pontos.1487",
   "geometry": {
    "type": "Point",
    "coordinates": [
     -51.65702778,
     -11.79063889
    ]
   },
   "geometry_name": "the_geom",
   "properties": {
    "cod_aldeia": 1646,
    "nome_aldeia": "Ubdonhou",
    "cod_ti": 26901,
    "cod_municipio": 5100359,
    "data_cadastro": "23/04/2018",
    "flag_ativo": "A",
    "nome_cr": "COORDENACAO REGIONAL RIBEIRAO CASCALHEIRA",
    "nommunic": "Alto Boa Vista",
    "nomuf": "Mato Grosso",
    "undadm_codigo": 30202002046,
    "coord_lat": -11.7906388889,
    "coord_long": -51.6570277778
   }
  },
  {
   "type": "Feature",
   "id": "aldeias_pontos.1488",
   "geometry": {
    "type": "Point",
    "coordinates": [
     -51.53227778,
     -11.75097222
    ]
   },
   "geometry_name": "the_geom",
   "properties": {
    "cod_aldeia": 1647,
    "nome_aldeia": "ALDEIA ETEWAWE",
    "cod_ti": 26901,
    "cod_municipio": 5100359,
    "data_cadastro": "23/04/2018",
    "flag_ativo": "A",
    "nome_cr": "COORDENACAO REGIONAL RIBEIRAO CASCALHEIRA",
    "nommunic": "Alto Boa Vista",
    "nomuf": "Mato Grosso",
    "undadm_codigo": 30202002046,
    "coord_lat": -11.7509722222,
    "coord_long": -51.5322777778
   }
  },
  {
   "type": "Feature",
   "id": "aldeias_pontos.1489",
   "geometry": {
    "type": "Point",
    "coordinates": [
     -51.6445,
     -11.66686111
    ]
   },
   "geometry_name": "the_geom",
   "properties": {
    "cod_aldeia": 1648,
    "nome_aldeia": "ÊTETSIMÃRÃ",
    "cod_ti": 26901,
    "cod_municipio": 5107859,
    "data_cadastro": "23/04/2018",
    "flag_ativo": "A",
    "nome_cr": "COORDENACAO REGIONAL RIBEIRAO CASCALHEIRA",
    "nommunic": "São Félix do Araguaia",
    "nomuf": "Mato Grosso",
    "undadm_codigo": 30202002046,
    "coord_lat": -11.6668611111,
    "coord_long": -51.6445
   }
  },
  {
   "type": "Feature",
   "id": "aldeias_pontos.1490",
   "geometry": {
    "type": "Point",
    "coordinates": [
     -51.81577778,
     -11.76002778
    ]
   },
   "geometry_name": "the_geom",
   "properties": {
    "cod_aldeia": 1649,
    "nome_aldeia": "MADZABDZÉ",
    "cod_ti": 26901,
    "cod_municipio": 5100359,
    "data_cadastro": "23/04/2018",
    "flag_ativo": "A",
    "nome_cr": "COORDENACAO REGIONAL RIBEIRAO CASCALHEIRA",
    "nommunic": "Alto Boa Vista",
    "nomuf": "Mato Grosso",
    "undadm_codigo": 30202002046,
    "coord_lat": -11.7600277778,
    "coord_long": -51.8157777778
   }
  },
  {
   "type": "Feature",
   "id": "aldeias_pontos.1525",
   "geometry": {
    "type": "Point",
    "coordinates": [
     -53.37850556,
     -12.20034167
    ]
   },
   "geometry_name": "the_geom",
   "properties": {
    "cod_aldeia": 1688,
    "nome_aldeia": "LEONARDO",
    "cod_ti": 33801,
    "cod_municipio": 5103858,
    "data_cadastro": "27/04/2018",
    "flag_ativo": "A",
    "nome_cr": "COORDENACAO REGIONAL DO XINGU",
    "nommunic": "Gaúcha do Norte",
    "nomuf": "Mato Grosso",
    "undadm_codigo": 30202002060,
    "coord_lat": -12.2003416667,
    "coord_long": -53.3785055556
   }
  },
  {
   "type": "Feature",
   "id": "aldeias_pontos.1533",
   "geometry": {
    "type": "Point",
    "coordinates": [
     -55.21361111,
     -16.59441667
    ]
   },
   "geometry_name": "the_geom",
   "properties": {
    "cod_aldeia": 1697,
    "nome_aldeia": "GOMES CARNEIRO",
    "cod_ti": 45001,
    "cod_municipio": 5107800,
    "data_cadastro": "30/04/2018",
    "flag_ativo": "A",
    "nome_cr": "COORDENACAO REGIONAL DE CUIABA",
    "nommunic": "Santo Antônio de Leverger",
    "nomuf": "Mato Grosso",
    "undadm_codigo": 30202002025,
    "coord_lat": -16.5944166667,
    "coord_long": -55.2136111111
   }
  },
  {
   "type": "Feature",
   "id": "aldeias_pontos.1534",
   "geometry": {
    "type": "Point",
    "coordinates": [
     -54.98996667,
     -16.59157778
    ]
   },
   "geometry_name": "the_geom",
   "properties": {
    "cod_aldeia": 1698,
    "nome_aldeia": "PIEBAGA",
    "cod_ti": 45001,
    "cod_municipio": 5107800,
    "data_cadastro": "30/04/2018",
    "flag_ativo": "A",
    "nome_cr": "COORDENACAO REGIONAL DE CUIABA",
    "nommunic": "Santo Antônio de Leverger",
    "nomuf": "Mato Grosso",
    "undadm_codigo": 30202002025,
    "coord_lat": -16.5915777778,
    "coord_long": -54.9899666667
   }
  },
  {
   "type": "Feature",
   "id": "aldeias_pontos.1535",
   "geometry": {
    "type": "Point",
    "coordinates": [
     -54.56714444,
     -16.50201112
    ]
   },
   "geometry_name": "the_geom",
   "properties": {
    "cod_aldeia": 1699,
    "nome_aldeia": "POBORE",
    "cod_ti": 43701,
    "cod_municipio": 5107602,
    "data_cadastro": "30/04/2018",
    "flag_ativo": "A",
    "nome_cr": "COORDENACAO REGIONAL DE CUIABA",
    "nommunic": "Rondonópolis",
    "nomuf": "Mato Grosso",
    "undadm_codigo": 30202002025,
    "coord_lat": -16.5020111111,
    "coord_long": -54.5671444444
   }
  },
  {
   "type": "Feature",
   "id": "aldeias_pontos.1536",
   "geometry": {
    "type": "Point",
    "coordinates": [
     -54.50754444,
     -16.50536112
    ]
   },
   "geometry_name": "the_geom",
   "properties": {
    "cod_aldeia": 1700,
    "nome_aldeia": "praião",
    "cod_ti": 43701,
    "cod_municipio": 5107602,
    "data_cadastro": "30/04/2018",
    "flag_ativo": "A",
    "nome_cr": "COORDENACAO REGIONAL DE CUIABA",
    "nommunic": "Rondonópolis",
    "nomuf": "Mato Grosso",
    "undadm_codigo": 30202002025,
    "coord_lat": -16.5053611111,
    "coord_long": -54.5075444444
   }
  },
  {
   "type": "Feature",
   "id": "aldeias_pontos.1537",
   "geometry": {
    "type": "Point",
    "coordinates": [
     -54.46736389,
     -16.52847501
    ]
   },
   "geometry_name": "the_geom",
   "properties": {
    "cod_aldeia": 1701,
    "nome_aldeia": "TADARIMANA",
    "cod_ti": 43701,
    "cod_municipio": 5107602,
    "data_cadastro": "30/04/2018",
    "flag_ativo": "A",
    "nome_cr": "COORDENACAO REGIONAL DE CUIABA",
    "nommunic": "Rondonópolis",
    "nomuf": "Mato Grosso",
    "undadm_codigo": 30202002025,
    "coord_lat": -16.528475,
    "coord_long": -54.4673638889
   }
  },
  {
   "type": "Feature",
   "id": "aldeias_pontos.1538",
   "geometry": {
    "type": "Point",
    "coordinates": [
     -54.45331667,
     -16.53753612
    ]
   },
   "geometry_name": "the_geom",
   "properties": {
    "cod_aldeia": 1702,
    "nome_aldeia": "JURIGUE",
    "cod_ti": 43701,
    "cod_municipio": 5107602,
    "data_cadastro": "30/04/2018",
    "flag_ativo": "A",
    "nome_cr": "COORDENACAO REGIONAL DE CUIABA",
    "nommunic": "Rondonópolis",
    "nomuf": "Mato Grosso",
    "undadm_codigo": 30202002025,
    "coord_lat": -16.5375361111,
    "coord_long": -54.4533166667
   }
  },
  {
   "type": "Feature",
   "id": "aldeias_pontos.1539",
   "geometry": {
    "type": "Point",
    "coordinates": [
     -54.73671667,
     -14.29269167
    ]
   },
   "geometry_name": "the_geom",
   "properties": {
    "cod_aldeia": 1703,
    "nome_aldeia": "PAXOLA",
    "cod_ti": 5201,
    "cod_municipio": 5106307,
    "data_cadastro": "30/04/2018",
    "flag_ativo": "A",
    "nome_cr": "COORDENACAO REGIONAL DE CUIABA",
    "nommunic": "Paranatinga",
    "nomuf": "Mato Grosso",
    "undadm_codigo": 30202002025,
    "coord_lat": -14.2926916667,
    "coord_long": -54.7367166667
   }
  },
  {
   "type": "Feature",
   "id": "aldeias_pontos.1540",
   "geometry": {
    "type": "Point",
    "coordinates": [
     -54.68289167,
     -14.31966667
    ]
   },
   "geometry_name": "the_geom",
   "properties": {
    "cod_aldeia": 1704,
    "nome_aldeia": "PAKUERA",
    "cod_ti": 5201,
    "cod_municipio": 5106307,
    "data_cadastro": "30/04/2018",
    "flag_ativo": "A",
    "nome_cr": "COORDENACAO REGIONAL DE CUIABA",
    "nommunic": "Paranatinga",
    "nomuf": "Mato Grosso",
    "undadm_codigo": 30202002025,
    "coord_lat": -14.3196666667,
    "coord_long": -54.6828916667
   }
  },
  {
   "type": "Feature",
   "id": "aldeias_pontos.1541",
   "geometry": {
    "type": "Point",
    "coordinates": [
     -54.72113333,
     -14.34668889
    ]
   },
   "geometry_name": "the_geom",
   "properties": {
    "cod_aldeia": 1705,
    "nome_aldeia": "SAWOPA",
    "cod_ti": 5201,
    "cod_municipio": 5106455,
    "data_cadastro": "30/04/2018",
    "flag_ativo": "A",
    "nome_cr": "COORDENACAO REGIONAL DE CUIABA",
    "nommunic": "Planalto da Serra",
    "nomuf": "Mato Grosso",
    "undadm_codigo": 30202002025,
    "coord_lat": -14.3466888889,
    "coord_long": -54.7211333333
   }
  },
  {
   "type": "Feature",
   "id": "aldeias_pontos.1542",
   "geometry": {
    "type": "Point",
    "coordinates": [
     -54.65069167,
     -14.391
    ]
   },
   "geometry_name": "the_geom",
   "properties": {
    "cod_aldeia": 1706,
    "nome_aldeia": "ATURUA",
    "cod_ti": 5201,
    "cod_municipio": 5106307,
    "data_cadastro": "30/04/2018",
    "flag_ativo": "A",
    "nome_cr": "COORDENACAO REGIONAL DE CUIABA",
    "nommunic": "Paranatinga",
    "nomuf": "Mato Grosso",
    "undadm_codigo": 30202002025,
    "coord_lat": -14.391,
    "coord_long": -54.6506916667
   }
  },
  {
   "type": "Feature",
   "id": "aldeias_pontos.1543",
   "geometry": {
    "type": "Point",
    "coordinates": [
     -54.61122778,
     -14.30612778
    ]
   },
   "geometry_name": "the_geom",
   "properties": {
    "cod_aldeia": 1707,
    "nome_aldeia": "PAIKUM",
    "cod_ti": 5201,
    "cod_municipio": 5106307,
    "data_cadastro": "30/04/2018",
    "flag_ativo": "A",
    "nome_cr": "COORDENACAO REGIONAL DE CUIABA",
    "nommunic": "Paranatinga",
    "nomuf": "Mato Grosso",
    "undadm_codigo": 30202002025,
    "coord_lat": -14.3061277778,
    "coord_long": -54.6112277778
   }
  },
  {
   "type": "Feature",
   "id": "aldeias_pontos.1544",
   "geometry": {
    "type": "Point",
    "coordinates": [
     -54.53580278,
     -14.27648056
    ]
   },
   "geometry_name": "the_geom",
   "properties": {
    "cod_aldeia": 1708,
    "nome_aldeia": "CABECEIRA DO AZUL",
    "cod_ti": 5201,
    "cod_municipio": 5106307,
    "data_cadastro": "30/04/2018",
    "flag_ativo": "A",
    "nome_cr": "COORDENACAO REGIONAL DE CUIABA",
    "nommunic": "Paranatinga",
    "nomuf": "Mato Grosso",
    "undadm_codigo": 30202002025,
    "coord_lat": -14.2764805556,
    "coord_long": -54.5358027778
   }
  },
  {
   "type": "Feature",
   "id": "aldeias_pontos.1545",
   "geometry": {
    "type": "Point",
    "coordinates": [
     -54.47593889,
     -14.32938334
    ]
   },
   "geometry_name": "the_geom",
   "properties": {
    "cod_aldeia": 1709,
    "nome_aldeia": "KAIAHOALO",
    "cod_ti": 5201,
    "cod_municipio": 5106307,
    "data_cadastro": "30/04/2018",
    "flag_ativo": "A",
    "nome_cr": "COORDENACAO REGIONAL DE CUIABA",
    "nommunic": "Paranatinga",
    "nomuf": "Mato Grosso",
    "undadm_codigo": 30202002025,
    "coord_lat": -14.3293833333,
    "coord_long": -54.4759388889
   }
  },
  {
   "type": "Feature",
   "id": "aldeias_pontos.1546",
   "geometry": {
    "type": "Point",
    "coordinates": [
     -59.17754167,
     -14.54759723
    ]
   },
   "geometry_name": "the_geom",
   "properties": {
    "cod_aldeia": 1710,
    "nome_aldeia": "JUANINHA",
    "cod_ti": 19501,
    "cod_municipio": 5106752,
    "data_cadastro": "30/04/2018",
    "flag_ativo": "A",
    "nome_cr": "COORDENACAO REGIONAL DE CUIABA",
    "nommunic": "Pontes e Lacerda",
    "nomuf": "Mato Grosso",
    "undadm_codigo": 30202002025,
    "coord_lat": -14.5475972222,
    "coord_long": -59.1775416667
   }
  },
  {
   "type": "Feature",
   "id": "aldeias_pontos.1547",
   "geometry": {
    "type": "Point",
    "coordinates": [
     -56.22999444,
     -16.9214639
    ]
   },
   "geometry_name": "the_geom",
   "properties": {
    "cod_aldeia": 1711,
    "nome_aldeia": "PERIGARA",
    "cod_ti": 34901,
    "cod_municipio": 5101605,
    "data_cadastro": "30/04/2018",
    "flag_ativo": "A",
    "nome_cr": "COORDENACAO REGIONAL DE CUIABA",
    "nommunic": "Barão de Melgaço",
    "nomuf": "Mato Grosso",
    "undadm_codigo": 30202002025,
    "coord_lat": -16.9214638889,
    "coord_long": -56.2299944444
   }
  },
  {
   "type": "Feature",
   "id": "aldeias_pontos.1548",
   "geometry": {
    "type": "Point",
    "coordinates": [
     -58.66699722,
     -14.75598334
    ]
   },
   "geometry_name": "the_geom",
   "properties": {
    "cod_aldeia": 1713,
    "nome_aldeia": "CAPITÃO CARDOSO",
    "cod_ti": 12801,
    "cod_municipio": 5107958,
    "data_cadastro": "30/04/2018",
    "flag_ativo": "A",
    "nome_cr": "COORDENACAO REGIONAL DE CUIABA",
    "nommunic": "Tangará da Serra",
    "nomuf": "Mato Grosso",
    "undadm_codigo": 30202002025,
    "coord_lat": -14.7559833333,
    "coord_long": -58.6669972222
   }
  },
  {
   "type": "Feature",
   "id": "aldeias_pontos.1549",
   "geometry": {
    "type": "Point",
    "coordinates": [
     -58.66272778,
     -14.71857223
    ]
   },
   "geometry_name": "the_geom",
   "properties": {
    "cod_aldeia": 1714,
    "nome_aldeia": "FIGUEIRA",
    "cod_ti": 12801,
    "cod_municipio": 5107958,
    "data_cadastro": "30/04/2018",
    "flag_ativo": "A",
    "nome_cr": "COORDENACAO REGIONAL DE CUIABA",
    "nommunic": "Tangará da Serra",
    "nomuf": "Mato Grosso",
    "undadm_codigo": 30202002025,
    "coord_lat": -14.7185722222,
    "coord_long": -58.6627277778
   }
  },
  {
   "type": "Feature",
   "id": "aldeias_pontos.1550",
   "geometry": {
    "type": "Point",
    "coordinates": [
     -59.59115556,
     -14.24590834
    ]
   },
   "geometry_name": "the_geom",
   "properties": {
    "cod_aldeia": 1715,
    "nome_aldeia": "WASSUSU",
    "cod_ti": 48601,
    "cod_municipio": 5106182,
    "data_cadastro": "30/04/2018",
    "flag_ativo": "A",
    "nome_cr": "COORDENACAO REGIONAL DE CUIABA",
    "nommunic": "Nova Lacerda",
    "nomuf": "Mato Grosso",
    "undadm_codigo": 30202002025,
    "coord_lat": -14.2459083333,
    "coord_long": -59.5911555556
   }
  },
  {
   "type": "Feature",
   "id": "aldeias_pontos.1551",
   "geometry": {
    "type": "Point",
    "coordinates": [
     -59.83838889,
     -14.17077778
    ]
   },
   "geometry_name": "the_geom",
   "properties": {
    "cod_aldeia": 1716,
    "nome_aldeia": "ALANTESU",
    "cod_ti": 48601,
    "cod_municipio": 5103304,
    "data_cadastro": "30/04/2018",
    "flag_ativo": "A",
    "nome_cr": "COORDENACAO REGIONAL DE CUIABA",
    "nommunic": "Comodoro",
    "nomuf": "Mato Grosso",
    "undadm_codigo": 30202002025,
    "coord_lat": -14.1707777778,
    "coord_long": -59.8383888889
   }
  },
  {
   "type": "Feature",
   "id": "aldeias_pontos.1552",
   "geometry": {
    "type": "Point",
    "coordinates": [
     -60.00723056,
     -13.39097223
    ]
   },
   "geometry_name": "the_geom",
   "properties": {
    "cod_aldeia": 1718,
    "nome_aldeia": "MAMAINDÊ",
    "cod_ti": 48601,
    "cod_municipio": 5103304,
    "data_cadastro": "30/04/2018",
    "flag_ativo": "A",
    "nome_cr": "COORDENACAO REGIONAL DE CUIABA",
    "nommunic": "Comodoro",
    "nomuf": "Mato Grosso",
    "undadm_codigo": 30202002025,
    "coord_lat": -13.3909722222,
    "coord_long": -60.0072305556
   }
  },
  {
   "type": "Feature",
   "id": "aldeias_pontos.1954",
   "geometry": {
    "type": "Point",
    "coordinates": [
     -51.87338889,
     -13.50663889
    ]
   },
   "geometry_name": "the_geom",
   "properties": {
    "cod_aldeia": 2180,
    "nome_aldeia": "SÃO JOAQUIM",
    "cod_ti": 35301,
    "cod_municipio": 5102702,
    "data_cadastro": "08/06/2018",
    "flag_ativo": "A",
    "nome_cr": "COORDENACAO REGIONAL RIBEIRAO CASCALHEIRA",
    "nommunic": "Canarana",
    "nomuf": "Mato Grosso",
    "undadm_codigo": 30202002046,
    "coord_lat": -13.5066388889,
    "coord_long": -51.8733888889
   }
  },
  {
   "type": "Feature",
   "id": "aldeias_pontos.1955",
   "geometry": {
    "type": "Point",
    "coordinates": [
     -51.86738889,
     -13.46766667
    ]
   },
   "geometry_name": "the_geom",
   "properties": {
    "cod_aldeia": 2181,
    "nome_aldeia": "SÃO DOMINGOS",
    "cod_ti": 35301,
    "cod_municipio": 5107180,
    "data_cadastro": "08/06/2018",
    "flag_ativo": "A",
    "nome_cr": "COORDENACAO REGIONAL RIBEIRAO CASCALHEIRA",
    "nommunic": "Ribeirão Cascalheira",
    "nomuf": "Mato Grosso",
    "undadm_codigo": 30202002046,
    "coord_lat": -13.4676666667,
    "coord_long": -51.8673888889
   }
  },
  {
   "type": "Feature",
   "id": "aldeias_pontos.1956",
   "geometry": {
    "type": "Point",
    "coordinates": [
     -51.92422222,
     -13.58563889
    ]
   },
   "geometry_name": "the_geom",
   "properties": {
    "cod_aldeia": 2182,
    "nome_aldeia": "WEDEZE",
    "cod_ti": 35301,
    "cod_municipio": 5102702,
    "data_cadastro": "08/06/2018",
    "flag_ativo": "A",
    "nome_cr": "COORDENACAO REGIONAL RIBEIRAO CASCALHEIRA",
    "nommunic": "Canarana",
    "nomuf": "Mato Grosso",
    "undadm_codigo": 30202002046,
    "coord_lat": -13.5856388889,
    "coord_long": -51.9242222222
   }
  },
  {
   "type": "Feature",
   "id": "aldeias_pontos.1957",
   "geometry": {
    "type": "Point",
    "coordinates": [
     -51.77166667,
     -13.52911111
    ]
   },
   "geometry_name": "the_geom",
   "properties": {
    "cod_aldeia": 2183,
    "nome_aldeia": "SANTA CRUZ",
    "cod_ti": 35301,
    "cod_municipio": 5102702,
    "data_cadastro": "08/06/2018",
    "flag_ativo": "A",
    "nome_cr": "COORDENACAO REGIONAL RIBEIRAO CASCALHEIRA",
    "nommunic": "Canarana",
    "nomuf": "Mato Grosso",
    "undadm_codigo": 30202002046,
    "coord_lat": -13.5291111111,
    "coord_long": -51.7716666667
   }
  },
  {
   "type": "Feature",
   "id": "aldeias_pontos.1958",
   "geometry": {
    "type": "Point",
    "coordinates": [
     -51.75786111,
     -13.54197223
    ]
   },
   "geometry_name": "the_geom",
   "properties": {
    "cod_aldeia": 2184,
    "nome_aldeia": "CAÇULA",
    "cod_ti": 35301,
    "cod_municipio": 5102702,
    "data_cadastro": "08/06/2018",
    "flag_ativo": "A",
    "nome_cr": "COORDENACAO REGIONAL RIBEIRAO CASCALHEIRA",
    "nommunic": "Canarana",
    "nomuf": "Mato Grosso",
    "undadm_codigo": 30202002046,
    "coord_lat": -13.5419722222,
    "coord_long": -51.7578611111
   }
  },
  {
   "type": "Feature",
   "id": "aldeias_pontos.1959",
   "geometry": {
    "type": "Point",
    "coordinates": [
     -51.8725,
     -13.54672223
    ]
   },
   "geometry_name": "the_geom",
   "properties": {
    "cod_aldeia": 2185,
    "nome_aldeia": "TANGURO",
    "cod_ti": 35301,
    "cod_municipio": 5102702,
    "data_cadastro": "08/06/2018",
    "flag_ativo": "A",
    "nome_cr": "COORDENACAO REGIONAL RIBEIRAO CASCALHEIRA",
    "nommunic": "Canarana",
    "nomuf": "Mato Grosso",
    "undadm_codigo": 30202002046,
    "coord_lat": -13.5467222222,
    "coord_long": -51.8725
   }
  },
  {
   "type": "Feature",
   "id": "aldeias_pontos.1960",
   "geometry": {
    "type": "Point",
    "coordinates": [
     -51.89577778,
     -13.50708334
    ]
   },
   "geometry_name": "the_geom",
   "properties": {
    "cod_aldeia": 2186,
    "nome_aldeia": "ATSERERÉ",
    "cod_ti": 35301,
    "cod_municipio": 5102702,
    "data_cadastro": "08/06/2018",
    "flag_ativo": "A",
    "nome_cr": "COORDENACAO REGIONAL RIBEIRAO CASCALHEIRA",
    "nommunic": "Canarana",
    "nomuf": "Mato Grosso",
    "undadm_codigo": 30202002046,
    "coord_lat": -13.5070833333,
    "coord_long": -51.8957777778
   }
  },
  {
   "type": "Feature",
   "id": "aldeias_pontos.1961",
   "geometry": {
    "type": "Point",
    "coordinates": [
     -51.91841667,
     -13.55655556
    ]
   },
   "geometry_name": "the_geom",
   "properties": {
    "cod_aldeia": 2187,
    "nome_aldeia": "NOVO PARAISO",
    "cod_ti": 35301,
    "cod_municipio": 5102702,
    "data_cadastro": "08/06/2018",
    "flag_ativo": "A",
    "nome_cr": "COORDENACAO REGIONAL RIBEIRAO CASCALHEIRA",
    "nommunic": "Canarana",
    "nomuf": "Mato Grosso",
    "undadm_codigo": 30202002046,
    "coord_lat": -13.5565555556,
    "coord_long": -51.9184166667
   }
  },
  {
   "type": "Feature",
   "id": "aldeias_pontos.1962",
   "geometry": {
    "type": "Point",
    "coordinates": [
     -51.90111111,
     -13.53619445
    ]
   },
   "geometry_name": "the_geom",
   "properties": {
    "cod_aldeia": 2188,
    "nome_aldeia": "SANTA MATINHA",
    "cod_ti": 35301,
    "cod_municipio": 5102702,
    "data_cadastro": "08/06/2018",
    "flag_ativo": "A",
    "nome_cr": "COORDENACAO REGIONAL RIBEIRAO CASCALHEIRA",
    "nommunic": "Canarana",
    "nomuf": "Mato Grosso",
    "undadm_codigo": 30202002046,
    "coord_lat": -13.5361944444,
    "coord_long": -51.9011111111
   }
  },
  {
   "type": "Feature",
   "id": "aldeias_pontos.1963",
   "geometry": {
    "type": "Point",
    "coordinates": [
     -51.93286111,
     -13.65344445
    ]
   },
   "geometry_name": "the_geom",
   "properties": {
    "cod_aldeia": 2189,
    "nome_aldeia": "PEQUI",
    "cod_ti": 35301,
    "cod_municipio": 5102702,
    "data_cadastro": "08/06/2018",
    "flag_ativo": "A",
    "nome_cr": "COORDENACAO REGIONAL RIBEIRAO CASCALHEIRA",
    "nommunic": "Canarana",
    "nomuf": "Mato Grosso",
    "undadm_codigo": 30202002046,
    "coord_lat": -13.6534444444,
    "coord_long": -51.9328611111
   }
  },
  {
   "type": "Feature",
   "id": "aldeias_pontos.1964",
   "geometry": {
    "type": "Point",
    "coordinates": [
     -52.01966667,
     -14.23888889
    ]
   },
   "geometry_name": "the_geom",
   "properties": {
    "cod_aldeia": 2190,
    "nome_aldeia": "JERUSALÉM",
    "cod_ti": 3901,
    "cod_municipio": 5106174,
    "data_cadastro": "08/06/2018",
    "flag_ativo": "A",
    "nome_cr": "COORDENACAO REGIONAL RIBEIRAO CASCALHEIRA",
    "nommunic": "Nova Nazaré",
    "nomuf": "Mato Grosso",
    "undadm_codigo": 30202002046,
    "coord_lat": -14.2388888889,
    "coord_long": -52.0196666667
   }
  },
  {
   "type": "Feature",
   "id": "aldeias_pontos.1965",
   "geometry": {
    "type": "Point",
    "coordinates": [
     -51.97733333,
     -14.58191667
    ]
   },
   "geometry_name": "the_geom",
   "properties": {
    "cod_aldeia": 2192,
    "nome_aldeia": "RÃIRÃTE",
    "cod_ti": 3901,
    "cod_municipio": 5106174,
    "data_cadastro": "08/06/2018",
    "flag_ativo": "A",
    "nome_cr": "COORDENACAO REGIONAL RIBEIRAO CASCALHEIRA",
    "nommunic": "Nova Nazaré",
    "nomuf": "Mato Grosso",
    "undadm_codigo": 30202002046,
    "coord_lat": -14.5819166667,
    "coord_long": -51.9773333333
   }
  },
  {
   "type": "Feature",
   "id": "aldeias_pontos.1966",
   "geometry": {
    "type": "Point",
    "coordinates": [
     -51.93886111,
     -14.54747223
    ]
   },
   "geometry_name": "the_geom",
   "properties": {
    "cod_aldeia": 2193,
    "nome_aldeia": "CRISTLINO (ETÉ-A)",
    "cod_ti": 3901,
    "cod_municipio": 5106174,
    "data_cadastro": "08/06/2018",
    "flag_ativo": "A",
    "nome_cr": "COORDENACAO REGIONAL RIBEIRAO CASCALHEIRA",
    "nommunic": "Nova Nazaré",
    "nomuf": "Mato Grosso",
    "undadm_codigo": 30202002046,
    "coord_lat": -14.5474722222,
    "coord_long": -51.9388611111
   }
  },
  {
   "type": "Feature",
   "id": "aldeias_pontos.1967",
   "geometry": {
    "type": "Point",
    "coordinates": [
     -51.99863889,
     -14.58477778
    ]
   },
   "geometry_name": "the_geom",
   "properties": {
    "cod_aldeia": 2194,
    "nome_aldeia": "PEDRA BRANCA",
    "cod_ti": 3901,
    "cod_municipio": 5106174,
    "data_cadastro": "08/06/2018",
    "flag_ativo": "A",
    "nome_cr": "COORDENACAO REGIONAL RIBEIRAO CASCALHEIRA",
    "nommunic": "Nova Nazaré",
    "nomuf": "Mato Grosso",
    "undadm_codigo": 30202002046,
    "coord_lat": -14.5847777778,
    "coord_long": -51.9986388889
   }
  },
  {
   "type": "Feature",
   "id": "aldeias_pontos.1968",
   "geometry": {
    "type": "Point",
    "coordinates": [
     -52.01798889,
     -14.60873056
    ]
   },
   "geometry_name": "the_geom",
   "properties": {
    "cod_aldeia": 2195,
    "nome_aldeia": "MUTUM",
    "cod_ti": 3901,
    "cod_municipio": 5106174,
    "data_cadastro": "08/06/2018",
    "flag_ativo": "A",
    "nome_cr": "COORDENACAO REGIONAL RIBEIRAO CASCALHEIRA",
    "nommunic": "Nova Nazaré",
    "nomuf": "Mato Grosso",
    "undadm_codigo": 30202002046,
    "coord_lat": -14.6087305556,
    "coord_long": -52.0179888889
   }
  },
  {
   "type": "Feature",
   "id": "aldeias_pontos.1969",
   "geometry": {
    "type": "Point",
    "coordinates": [
     -52.07777778,
     -14.579
    ]
   },
   "geometry_name": "the_geom",
   "properties": {
    "cod_aldeia": 2196,
    "nome_aldeia": "DOIS GALHOS",
    "cod_ti": 3901,
    "cod_municipio": 5106174,
    "data_cadastro": "08/06/2018",
    "flag_ativo": "A",
    "nome_cr": "COORDENACAO REGIONAL RIBEIRAO CASCALHEIRA",
    "nommunic": "Nova Nazaré",
    "nomuf": "Mato Grosso",
    "undadm_codigo": 30202002046,
    "coord_lat": -14.579,
    "coord_long": -52.0777777778
   }
  },
  {
   "type": "Feature",
   "id": "aldeias_pontos.1970",
   "geometry": {
    "type": "Point",
    "coordinates": [
     -51.76416667,
     -14.15702778
    ]
   },
   "geometry_name": "the_geom",
   "properties": {
    "cod_aldeia": 2197,
    "nome_aldeia": "TRITOPÁ",
    "cod_ti": 3901,
    "cod_municipio": 5106174,
    "data_cadastro": "08/06/2018",
    "flag_ativo": "A",
    "nome_cr": "COORDENACAO REGIONAL RIBEIRAO CASCALHEIRA",
    "nommunic": "Nova Nazaré",
    "nomuf": "Mato Grosso",
    "undadm_codigo": 30202002046,
    "coord_lat": -14.1570277778,
    "coord_long": -51.7641666667
   }
  },
  {
   "type": "Feature",
   "id": "aldeias_pontos.1971",
   "geometry": {
    "type": "Point",
    "coordinates": [
     -51.87911111,
     -14.15986112
    ]
   },
   "geometry_name": "the_geom",
   "properties": {
    "cod_aldeia": 2198,
    "nome_aldeia": "SANTA RITA",
    "cod_ti": 3901,
    "cod_municipio": 5106174,
    "data_cadastro": "08/06/2018",
    "flag_ativo": "A",
    "nome_cr": "COORDENACAO REGIONAL RIBEIRAO CASCALHEIRA",
    "nommunic": "Nova Nazaré",
    "nomuf": "Mato Grosso",
    "undadm_codigo": 30202002046,
    "coord_lat": -14.1598611111,
    "coord_long": -51.8791111111
   }
  },
  {
   "type": "Feature",
   "id": "aldeias_pontos.1972",
   "geometry": {
    "type": "Point",
    "coordinates": [
     -51.98444444,
     -14.22530556
    ]
   },
   "geometry_name": "the_geom",
   "properties": {
    "cod_aldeia": 2199,
    "nome_aldeia": "MAEREA",
    "cod_ti": 3901,
    "cod_municipio": 5106174,
    "data_cadastro": "08/06/2018",
    "flag_ativo": "A",
    "nome_cr": "COORDENACAO REGIONAL RIBEIRAO CASCALHEIRA",
    "nommunic": "Nova Nazaré",
    "nomuf": "Mato Grosso",
    "undadm_codigo": 30202002046,
    "coord_lat": -14.2253055556,
    "coord_long": -51.9844444444
   }
  },
  {
   "type": "Feature",
   "id": "aldeias_pontos.1973",
   "geometry": {
    "type": "Point",
    "coordinates": [
     -52.13286111,
     -14.22947223
    ]
   },
   "geometry_name": "the_geom",
   "properties": {
    "cod_aldeia": 2201,
    "nome_aldeia": "SERRA NOVA",
    "cod_ti": 3901,
    "cod_municipio": 5106174,
    "data_cadastro": "08/06/2018",
    "flag_ativo": "A",
    "nome_cr": "COORDENACAO REGIONAL RIBEIRAO CASCALHEIRA",
    "nommunic": "Nova Nazaré",
    "nomuf": "Mato Grosso",
    "undadm_codigo": 30202002046,
    "coord_lat": -14.2294722222,
    "coord_long": -52.1328611111
   }
  },
  {
   "type": "Feature",
   "id": "aldeias_pontos.1974",
   "geometry": {
    "type": "Point",
    "coordinates": [
     -52.16572222,
     -14.29269445
    ]
   },
   "geometry_name": "the_geom",
   "properties": {
    "cod_aldeia": 2202,
    "nome_aldeia": "TRIPÁ",
    "cod_ti": 3901,
    "cod_municipio": 5100201,
    "data_cadastro": "08/06/2018",
    "flag_ativo": "A",
    "nome_cr": "COORDENACAO REGIONAL RIBEIRAO CASCALHEIRA",
    "nommunic": "Água Boa",
    "nomuf": "Mato Grosso",
    "undadm_codigo": 30202002046,
    "coord_lat": -14.2926944444,
    "coord_long": -52.1657222222
   }
  },
  {
   "type": "Feature",
   "id": "aldeias_pontos.1975",
   "geometry": {
    "type": "Point",
    "coordinates": [
     -52.11758333,
     -14.31783334
    ]
   },
   "geometry_name": "the_geom",
   "properties": {
    "cod_aldeia": 2203,
    "nome_aldeia": "UBARIRÉ (NOVA VIDA)",
    "cod_ti": 3901,
    "cod_municipio": 5106174,
    "data_cadastro": "08/06/2018",
    "flag_ativo": "A",
    "nome_cr": "COORDENACAO REGIONAL RIBEIRAO CASCALHEIRA",
    "nommunic": "Nova Nazaré",
    "nomuf": "Mato Grosso",
    "undadm_codigo": 30202002046,
    "coord_lat": -14.3178333333,
    "coord_long": -52.1175833333
   }
  },
  {
   "type": "Feature",
   "id": "aldeias_pontos.1976",
   "geometry": {
    "type": "Point",
    "coordinates": [
     -52.20544444,
     -14.40977778
    ]
   },
   "geometry_name": "the_geom",
   "properties": {
    "cod_aldeia": 2205,
    "nome_aldeia": "ALEGRIA",
    "cod_ti": 3901,
    "cod_municipio": 5106174,
    "data_cadastro": "08/06/2018",
    "flag_ativo": "A",
    "nome_cr": "COORDENACAO REGIONAL RIBEIRAO CASCALHEIRA",
    "nommunic": "Nova Nazaré",
    "nomuf": "Mato Grosso",
    "undadm_codigo": 30202002046,
    "coord_lat": -14.4097777778,
    "coord_long": -52.2054444444
   }
  },
  {
   "type": "Feature",
   "id": "aldeias_pontos.1977",
   "geometry": {
    "type": "Point",
    "coordinates": [
     -52.2595,
     -14.45469445
    ]
   },
   "geometry_name": "the_geom",
   "properties": {
    "cod_aldeia": 2206,
    "nome_aldeia": "NOVA ESPERANÇA",
    "cod_ti": 3901,
    "cod_municipio": 5106174,
    "data_cadastro": "08/06/2018",
    "flag_ativo": "A",
    "nome_cr": "COORDENACAO REGIONAL RIBEIRAO CASCALHEIRA",
    "nommunic": "Nova Nazaré",
    "nomuf": "Mato Grosso",
    "undadm_codigo": 30202002046,
    "coord_lat": -14.4546944444,
    "coord_long": -52.2595
   }
  },
  {
   "type": "Feature",
   "id": "aldeias_pontos.1978",
   "geometry": {
    "type": "Point",
    "coordinates": [
     -52.24233611,
     -14.42794167
    ]
   },
   "geometry_name": "the_geom",
   "properties": {
    "cod_aldeia": 2207,
    "nome_aldeia": "SANTA TEREZINHA",
    "cod_ti": 3901,
    "cod_municipio": 5106174,
    "data_cadastro": "08/06/2018",
    "flag_ativo": "A",
    "nome_cr": "COORDENACAO REGIONAL RIBEIRAO CASCALHEIRA",
    "nommunic": "Nova Nazaré",
    "nomuf": "Mato Grosso",
    "undadm_codigo": 30202002046,
    "coord_lat": -14.4279416667,
    "coord_long": -52.2423361111
   }
  },
  {
   "type": "Feature",
   "id": "aldeias_pontos.1979",
   "geometry": {
    "type": "Point",
    "coordinates": [
     -52.15605556,
     -14.50580556
    ]
   },
   "geometry_name": "the_geom",
   "properties": {
    "cod_aldeia": 2208,
    "nome_aldeia": "PEQUI",
    "cod_ti": 3901,
    "cod_municipio": 5106174,
    "data_cadastro": "08/06/2018",
    "flag_ativo": "A",
    "nome_cr": "COORDENACAO REGIONAL RIBEIRAO CASCALHEIRA",
    "nommunic": "Nova Nazaré",
    "nomuf": "Mato Grosso",
    "undadm_codigo": 30202002046,
    "coord_lat": -14.5058055556,
    "coord_long": -52.1560555556
   }
  },
  {
   "type": "Feature",
   "id": "aldeias_pontos.1980",
   "geometry": {
    "type": "Point",
    "coordinates": [
     -52.28008333,
     -14.50691667
    ]
   },
   "geometry_name": "the_geom",
   "properties": {
    "cod_aldeia": 2209,
    "nome_aldeia": "BURITIRANA",
    "cod_ti": 3901,
    "cod_municipio": 5106174,
    "data_cadastro": "08/06/2018",
    "flag_ativo": "I",
    "nome_cr": "COORDENACAO REGIONAL RIBEIRAO CASCALHEIRA",
    "nommunic": "Nova Nazaré",
    "nomuf": "Mato Grosso",
    "undadm_codigo": 30202002046,
    "coord_lat": -14.5069166667,
    "coord_long": -52.2800833333
   }
  },
  {
   "type": "Feature",
   "id": "aldeias_pontos.1981",
   "geometry": {
    "type": "Point",
    "coordinates": [
     -52.19027778,
     -14.57463889
    ]
   },
   "geometry_name": "the_geom",
   "properties": {
    "cod_aldeia": 2210,
    "nome_aldeia": "CACHOEIRA",
    "cod_ti": 3901,
    "cod_municipio": 5106174,
    "data_cadastro": "08/06/2018",
    "flag_ativo": "A",
    "nome_cr": "COORDENACAO REGIONAL RIBEIRAO CASCALHEIRA",
    "nommunic": "Nova Nazaré",
    "nomuf": "Mato Grosso",
    "undadm_codigo": 30202002046,
    "coord_lat": -14.5746388889,
    "coord_long": -52.1902777778
   }
  },
  {
   "type": "Feature",
   "id": "aldeias_pontos.1982",
   "geometry": {
    "type": "Point",
    "coordinates": [
     -52.23630556,
     -14.54547223
    ]
   },
   "geometry_name": "the_geom",
   "properties": {
    "cod_aldeia": 2211,
    "nome_aldeia": "MUITA PAZ",
    "cod_ti": 3901,
    "cod_municipio": 5106174,
    "data_cadastro": "08/06/2018",
    "flag_ativo": "A",
    "nome_cr": "COORDENACAO REGIONAL RIBEIRAO CASCALHEIRA",
    "nommunic": "Nova Nazaré",
    "nomuf": "Mato Grosso",
    "undadm_codigo": 30202002046,
    "coord_lat": -14.5454722222,
    "coord_long": -52.2363055556
   }
  },
  {
   "type": "Feature",
   "id": "aldeias_pontos.1983",
   "geometry": {
    "type": "Point",
    "coordinates": [
     -52.27061111,
     -14.53763889
    ]
   },
   "geometry_name": "the_geom",
   "properties": {
    "cod_aldeia": 2212,
    "nome_aldeia": "CAMPO ALEGRA",
    "cod_ti": 3901,
    "cod_municipio": 5106174,
    "data_cadastro": "08/06/2018",
    "flag_ativo": "A",
    "nome_cr": "COORDENACAO REGIONAL RIBEIRAO CASCALHEIRA",
    "nommunic": "Nova Nazaré",
    "nomuf": "Mato Grosso",
    "undadm_codigo": 30202002046,
    "coord_lat": -14.5376388889,
    "coord_long": -52.2706111111
   }
  },
  {
   "type": "Feature",
   "id": "aldeias_pontos.1984",
   "geometry": {
    "type": "Point",
    "coordinates": [
     -52.33594444,
     -14.565
    ]
   },
   "geometry_name": "the_geom",
   "properties": {
    "cod_aldeia": 2213,
    "nome_aldeia": "TANGARA DA SERRA",
    "cod_ti": 3901,
    "cod_municipio": 5106174,
    "data_cadastro": "08/06/2018",
    "flag_ativo": "A",
    "nome_cr": "COORDENACAO REGIONAL RIBEIRAO CASCALHEIRA",
    "nommunic": "Nova Nazaré",
    "nomuf": "Mato Grosso",
    "undadm_codigo": 30202002046,
    "coord_lat": -14.565,
    "coord_long": -52.3359444444
   }
  },
  {
   "type": "Feature",
   "id": "aldeias_pontos.1985",
   "geometry": {
    "type": "Point",
    "coordinates": [
     -52.32805556,
     -14.56541667
    ]
   },
   "geometry_name": "the_geom",
   "properties": {
    "cod_aldeia": 2214,
    "nome_aldeia": "SANTA MINA",
    "cod_ti": 3901,
    "cod_municipio": 5106174,
    "data_cadastro": "08/06/2018",
    "flag_ativo": "A",
    "nome_cr": "COORDENACAO REGIONAL RIBEIRAO CASCALHEIRA",
    "nommunic": "Nova Nazaré",
    "nomuf": "Mato Grosso",
    "undadm_codigo": 30202002046,
    "coord_lat": -14.5654166667,
    "coord_long": -52.3280555556
   }
  },
  {
   "type": "Feature",
   "id": "aldeias_pontos.1986",
   "geometry": {
    "type": "Point",
    "coordinates": [
     -52.06466667,
     -14.28322223
    ]
   },
   "geometry_name": "the_geom",
   "properties": {
    "cod_aldeia": 2215,
    "nome_aldeia": "NORÕWEDW",
    "cod_ti": 3901,
    "cod_municipio": 5106174,
    "data_cadastro": "08/06/2018",
    "flag_ativo": "A",
    "nome_cr": "COORDENACAO REGIONAL RIBEIRAO CASCALHEIRA",
    "nommunic": "Nova Nazaré",
    "nomuf": "Mato Grosso",
    "undadm_codigo": 30202002046,
    "coord_lat": -14.2832222222,
    "coord_long": -52.0646666667
   }
  },
  {
   "type": "Feature",
   "id": "aldeias_pontos.1987",
   "geometry": {
    "type": "Point",
    "coordinates": [
     -52.08377778,
     -14.28175
    ]
   },
   "geometry_name": "the_geom",
   "properties": {
    "cod_aldeia": 2216,
    "nome_aldeia": "JESUS MARIA JOSE",
    "cod_ti": 3901,
    "cod_municipio": 5106174,
    "data_cadastro": "08/06/2018",
    "flag_ativo": "A",
    "nome_cr": "COORDENACAO REGIONAL RIBEIRAO CASCALHEIRA",
    "nommunic": "Nova Nazaré",
    "nomuf": "Mato Grosso",
    "undadm_codigo": 30202002046,
    "coord_lat": -14.28175,
    "coord_long": -52.0837777778
   }
  },
  {
   "type": "Feature",
   "id": "aldeias_pontos.1988",
   "geometry": {
    "type": "Point",
    "coordinates": [
     -52.15113889,
     -14.46408334
    ]
   },
   "geometry_name": "the_geom",
   "properties": {
    "cod_aldeia": 2218,
    "nome_aldeia": "FELIZ NATAL",
    "cod_ti": 3901,
    "cod_municipio": 5106174,
    "data_cadastro": "08/06/2018",
    "flag_ativo": "A",
    "nome_cr": "COORDENACAO REGIONAL RIBEIRAO CASCALHEIRA",
    "nommunic": "Nova Nazaré",
    "nomuf": "Mato Grosso",
    "undadm_codigo": 30202002046,
    "coord_lat": -14.4640833333,
    "coord_long": -52.1511388889
   }
  },
  {
   "type": "Feature",
   "id": "aldeias_pontos.2026",
   "geometry": {
    "type": "Point",
    "coordinates": [
     -53.29159722,
     -11.25960556
    ]
   },
   "geometry_name": "the_geom",
   "properties": {
    "cod_aldeia": 2272,
    "nome_aldeia": "JAYTATA",
    "cod_ti": 33801,
    "cod_municipio": 5103700,
    "data_cadastro": "09/07/2018",
    "flag_ativo": "A",
    "nome_cr": "COORDENACAO REGIONAL DO XINGU",
    "nommunic": "Feliz Natal",
    "nomuf": "Mato Grosso",
    "undadm_codigo": 30202002060,
    "coord_lat": -11.2596055556,
    "coord_long": -53.2915972222
   }
  },
  {
   "type": "Feature",
   "id": "aldeias_pontos.2027",
   "geometry": {
    "type": "Point",
    "coordinates": [
     -53.30068056,
     -11.31698334
    ]
   },
   "geometry_name": "the_geom",
   "properties": {
    "cod_aldeia": 2273,
    "nome_aldeia": "TRÊS BURITIS",
    "cod_ti": 33801,
    "cod_municipio": 5107065,
    "data_cadastro": "09/07/2018",
    "flag_ativo": "A",
    "nome_cr": "COORDENACAO REGIONAL DO XINGU",
    "nommunic": "Querência",
    "nomuf": "Mato Grosso",
    "undadm_codigo": 30202002060,
    "coord_lat": -11.3169833333,
    "coord_long": -53.3006805556
   }
  },
  {
   "type": "Feature",
   "id": "aldeias_pontos.2028",
   "geometry": {
    "type": "Point",
    "coordinates": [
     -53.10207222,
     -11.432
    ]
   },
   "geometry_name": "the_geom",
   "properties": {
    "cod_aldeia": 2274,
    "nome_aldeia": "KAYASSU",
    "cod_ti": 33801,
    "cod_municipio": 5107065,
    "data_cadastro": "09/07/2018",
    "flag_ativo": "A",
    "nome_cr": "COORDENACAO REGIONAL DO XINGU",
    "nommunic": "Querência",
    "nomuf": "Mato Grosso",
    "undadm_codigo": 30202002060,
    "coord_lat": -11.432,
    "coord_long": -53.1020722222
   }
  },
  {
   "type": "Feature",
   "id": "aldeias_pontos.2029",
   "geometry": {
    "type": "Point",
    "coordinates": [
     -53.10346944,
     -11.47137222
    ]
   },
   "geometry_name": "the_geom",
   "properties": {
    "cod_aldeia": 2275,
    "nome_aldeia": "RIO DOS LAGOS",
    "cod_ti": 33801,
    "cod_municipio": 5107065,
    "data_cadastro": "09/07/2018",
    "flag_ativo": "A",
    "nome_cr": "COORDENACAO REGIONAL DO XINGU",
    "nommunic": "Querência",
    "nomuf": "Mato Grosso",
    "undadm_codigo": 30202002060,
    "coord_lat": -11.4713722222,
    "coord_long": -53.1034694444
   }
  },
  {
   "type": "Feature",
   "id": "aldeias_pontos.2030",
   "geometry": {
    "type": "Point",
    "coordinates": [
     -53.47197222,
     -11.47059445
    ]
   },
   "geometry_name": "the_geom",
   "properties": {
    "cod_aldeia": 2276,
    "nome_aldeia": "YATEKAP",
    "cod_ti": 33801,
    "cod_municipio": 5107065,
    "data_cadastro": "09/07/2018",
    "flag_ativo": "A",
    "nome_cr": "COORDENACAO REGIONAL DO XINGU",
    "nommunic": "Querência",
    "nomuf": "Mato Grosso",
    "undadm_codigo": 30202002060,
    "coord_lat": -11.4705944444,
    "coord_long": -53.4719722222
   }
  },
  {
   "type": "Feature",
   "id": "aldeias_pontos.2031",
   "geometry": {
    "type": "Point",
    "coordinates": [
     -53.55616111,
     -11.57282778
    ]
   },
   "geometry_name": "the_geom",
   "properties": {
    "cod_aldeia": 2277,
    "nome_aldeia": "KANINÉ",
    "cod_ti": 33801,
    "cod_municipio": 5103700,
    "data_cadastro": "09/07/2018",
    "flag_ativo": "A",
    "nome_cr": "COORDENACAO REGIONAL DO XINGU",
    "nommunic": "Feliz Natal",
    "nomuf": "Mato Grosso",
    "undadm_codigo": 30202002060,
    "coord_lat": -11.5728277778,
    "coord_long": -53.5561611111
   }
  },
  {
   "type": "Feature",
   "id": "aldeias_pontos.2032",
   "geometry": {
    "type": "Point",
    "coordinates": [
     -53.57607778,
     -11.61581111
    ]
   },
   "geometry_name": "the_geom",
   "properties": {
    "cod_aldeia": 2278,
    "nome_aldeia": "KUMARI",
    "cod_ti": 33801,
    "cod_municipio": 5103700,
    "data_cadastro": "09/07/2018",
    "flag_ativo": "A",
    "nome_cr": "COORDENACAO REGIONAL DO XINGU",
    "nommunic": "Feliz Natal",
    "nomuf": "Mato Grosso",
    "undadm_codigo": 30202002060,
    "coord_lat": -11.6158111111,
    "coord_long": -53.5760777778
   }
  },
  {
   "type": "Feature",
   "id": "aldeias_pontos.2033",
   "geometry": {
    "type": "Point",
    "coordinates": [
     -53.60993611,
     -11.73813056
    ]
   },
   "geometry_name": "the_geom",
   "properties": {
    "cod_aldeia": 2279,
    "nome_aldeia": "ARAYO",
    "cod_ti": 33801,
    "cod_municipio": 5103700,
    "data_cadastro": "09/07/2018",
    "flag_ativo": "A",
    "nome_cr": "COORDENACAO REGIONAL DO XINGU",
    "nommunic": "Feliz Natal",
    "nomuf": "Mato Grosso",
    "undadm_codigo": 30202002060,
    "coord_lat": -11.7381305556,
    "coord_long": -53.6099361111
   }
  },
  {
   "type": "Feature",
   "id": "aldeias_pontos.2034",
   "geometry": {
    "type": "Point",
    "coordinates": [
     -53.49333056,
     -11.90969445
    ]
   },
   "geometry_name": "the_geom",
   "properties": {
    "cod_aldeia": 2280,
    "nome_aldeia": "ATIXI TIXIKXU",
    "cod_ti": 33801,
    "cod_municipio": 5107065,
    "data_cadastro": "09/07/2018",
    "flag_ativo": "A",
    "nome_cr": "COORDENACAO REGIONAL DO XINGU",
    "nommunic": "Querência",
    "nomuf": "Mato Grosso",
    "undadm_codigo": 30202002060,
    "coord_lat": -11.9096944444,
    "coord_long": -53.4933305556
   }
  },
  {
   "type": "Feature",
   "id": "aldeias_pontos.2035",
   "geometry": {
    "type": "Point",
    "coordinates": [
     -53.96755556,
     -12.21
    ]
   },
   "geometry_name": "the_geom",
   "properties": {
    "cod_aldeia": 2281,
    "nome_aldeia": "TUPARA",
    "cod_ti": 33801,
    "cod_municipio": 5106240,
    "data_cadastro": "09/07/2018",
    "flag_ativo": "A",
    "nome_cr": "COORDENACAO REGIONAL DO XINGU",
    "nommunic": "Nova Ubiratã",
    "nomuf": "Mato Grosso",
    "undadm_codigo": 30202002060,
    "coord_lat": -12.21,
    "coord_long": -53.9675555556
   }
  },
  {
   "type": "Feature",
   "id": "aldeias_pontos.2036",
   "geometry": {
    "type": "Point",
    "coordinates": [
     -53.3472,
     -12.289625
    ]
   },
   "geometry_name": "the_geom",
   "properties": {
    "cod_aldeia": 2283,
    "nome_aldeia": "PALLUSHAYU",
    "cod_ti": 33801,
    "cod_municipio": 5103858,
    "data_cadastro": "09/07/2018",
    "flag_ativo": "A",
    "nome_cr": "COORDENACAO REGIONAL DO XINGU",
    "nommunic": "Gaúcha do Norte",
    "nomuf": "Mato Grosso",
    "undadm_codigo": 30202002060,
    "coord_lat": -12.289625,
    "coord_long": -53.3472
   }
  },
  {
   "type": "Feature",
   "id": "aldeias_pontos.2037",
   "geometry": {
    "type": "Point",
    "coordinates": [
     -53.12894722,
     -12.52386111
    ]
   },
   "geometry_name": "the_geom",
   "properties": {
    "cod_aldeia": 2284,
    "nome_aldeia": "MAYENE",
    "cod_ti": 33801,
    "cod_municipio": 5103858,
    "data_cadastro": "09/07/2018",
    "flag_ativo": "A",
    "nome_cr": "COORDENACAO REGIONAL DO XINGU",
    "nommunic": "Gaúcha do Norte",
    "nomuf": "Mato Grosso",
    "undadm_codigo": 30202002060,
    "coord_lat": -12.5238611111,
    "coord_long": -53.1289472222
   }
  },
  {
   "type": "Feature",
   "id": "aldeias_pontos.2038",
   "geometry": {
    "type": "Point",
    "coordinates": [
     -52.738225,
     -12.42675556
    ]
   },
   "geometry_name": "the_geom",
   "properties": {
    "cod_aldeia": 2285,
    "nome_aldeia": "CURUMIM",
    "cod_ti": 33801,
    "cod_municipio": 5107065,
    "data_cadastro": "09/07/2018",
    "flag_ativo": "A",
    "nome_cr": "COORDENACAO REGIONAL DO XINGU",
    "nommunic": "Querência",
    "nomuf": "Mato Grosso",
    "undadm_codigo": 30202002060,
    "coord_lat": -12.4267555556,
    "coord_long": -52.738225
   }
  },
  {
   "type": "Feature",
   "id": "aldeias_pontos.2039",
   "geometry": {
    "type": "Point",
    "coordinates": [
     -52.60213611,
     -12.55238056
    ]
   },
   "geometry_name": "the_geom",
   "properties": {
    "cod_aldeia": 2286,
    "nome_aldeia": "TUPEKU",
    "cod_ti": 33801,
    "cod_municipio": 5107065,
    "data_cadastro": "09/07/2018",
    "flag_ativo": "A",
    "nome_cr": "COORDENACAO REGIONAL DO XINGU",
    "nommunic": "Querência",
    "nomuf": "Mato Grosso",
    "undadm_codigo": 30202002060,
    "coord_lat": -12.5523805556,
    "coord_long": -52.6021361111
   }
  },
  {
   "type": "Feature",
   "id": "aldeias_pontos.2040",
   "geometry": {
    "type": "Point",
    "coordinates": [
     -52.63936944,
     -12.66375278
    ]
   },
   "geometry_name": "the_geom",
   "properties": {
    "cod_aldeia": 2287,
    "nome_aldeia": "SAPEZAL",
    "cod_ti": 33801,
    "cod_municipio": 5107065,
    "data_cadastro": "09/07/2018",
    "flag_ativo": "A",
    "nome_cr": "COORDENACAO REGIONAL DO XINGU",
    "nommunic": "Querência",
    "nomuf": "Mato Grosso",
    "undadm_codigo": 30202002060,
    "coord_lat": -12.6637527778,
    "coord_long": -52.6393694444
   }
  },
  {
   "type": "Feature",
   "id": "aldeias_pontos.2041",
   "geometry": {
    "type": "Point",
    "coordinates": [
     -52.96858056,
     -12.73846945
    ]
   },
   "geometry_name": "the_geom",
   "properties": {
    "cod_aldeia": 2288,
    "nome_aldeia": "KALUANE",
    "cod_ti": 33801,
    "cod_municipio": 5103858,
    "data_cadastro": "09/07/2018",
    "flag_ativo": "A",
    "nome_cr": "COORDENACAO REGIONAL DO XINGU",
    "nommunic": "Gaúcha do Norte",
    "nomuf": "Mato Grosso",
    "undadm_codigo": 30202002060,
    "coord_lat": -12.7384694444,
    "coord_long": -52.9685805556
   }
  },
  {
   "type": "Feature",
   "id": "aldeias_pontos.2042",
   "geometry": {
    "type": "Point",
    "coordinates": [
     -52.78538889,
     -12.78538889
    ]
   },
   "geometry_name": "the_geom",
   "properties": {
    "cod_aldeia": 2289,
    "nome_aldeia": "CARAMUJO",
    "cod_ti": 33801,
    "cod_municipio": 5103858,
    "data_cadastro": "09/07/2018",
    "flag_ativo": "A",
    "nome_cr": "COORDENACAO REGIONAL DO XINGU",
    "nommunic": "Gaúcha do Norte",
    "nomuf": "Mato Grosso",
    "undadm_codigo": 30202002060,
    "coord_lat": -12.7853888889,
    "coord_long": -52.7853888889
   }
  },
  {
   "type": "Feature",
   "id": "aldeias_pontos.2043",
   "geometry": {
    "type": "Point",
    "coordinates": [
     -52.91369167,
     -12.76566111
    ]
   },
   "geometry_name": "the_geom",
   "properties": {
    "cod_aldeia": 2290,
    "nome_aldeia": "AGATHA",
    "cod_ti": 33801,
    "cod_municipio": 5103858,
    "data_cadastro": "09/07/2018",
    "flag_ativo": "A",
    "nome_cr": "COORDENACAO REGIONAL DO XINGU",
    "nommunic": "Gaúcha do Norte",
    "nomuf": "Mato Grosso",
    "undadm_codigo": 30202002060,
    "coord_lat": -12.7656611111,
    "coord_long": -52.9136916667
   }
  },
  {
   "type": "Feature",
   "id": "aldeias_pontos.2044",
   "geometry": {
    "type": "Point",
    "coordinates": [
     -52.84916944,
     -12.80681389
    ]
   },
   "geometry_name": "the_geom",
   "properties": {
    "cod_aldeia": 2291,
    "nome_aldeia": "TEHUHUNGU",
    "cod_ti": 33801,
    "cod_municipio": 5102702,
    "data_cadastro": "09/07/2018",
    "flag_ativo": "A",
    "nome_cr": "COORDENACAO REGIONAL DO XINGU",
    "nommunic": "Canarana",
    "nomuf": "Mato Grosso",
    "undadm_codigo": 30202002060,
    "coord_lat": -12.8068138889,
    "coord_long": -52.8491694444
   }
  },
  {
   "type": "Feature",
   "id": "aldeias_pontos.2045",
   "geometry": {
    "type": "Point",
    "coordinates": [
     -52.82423056,
     -12.86203334
    ]
   },
   "geometry_name": "the_geom",
   "properties": {
    "cod_aldeia": 2292,
    "nome_aldeia": "ARANHE",
    "cod_ti": 33801,
    "cod_municipio": 5103858,
    "data_cadastro": "09/07/2018",
    "flag_ativo": "A",
    "nome_cr": "COORDENACAO REGIONAL DO XINGU",
    "nommunic": "Gaúcha do Norte",
    "nomuf": "Mato Grosso",
    "undadm_codigo": 30202002060,
    "coord_lat": -12.8620333333,
    "coord_long": -52.8242305556
   }
  },
  {
   "type": "Feature",
   "id": "aldeias_pontos.2046",
   "geometry": {
    "type": "Point",
    "coordinates": [
     -53.16643056,
     -12.93508889
    ]
   },
   "geometry_name": "the_geom",
   "properties": {
    "cod_aldeia": 2293,
    "nome_aldeia": "NEKUPAI",
    "cod_ti": 33801,
    "cod_municipio": 5103858,
    "data_cadastro": "09/07/2018",
    "flag_ativo": "A",
    "nome_cr": "COORDENACAO REGIONAL DO XINGU",
    "nommunic": "Gaúcha do Norte",
    "nomuf": "Mato Grosso",
    "undadm_codigo": 30202002060,
    "coord_lat": -12.9350888889,
    "coord_long": -53.1664305556
   }
  },
  {
   "type": "Feature",
   "id": "aldeias_pontos.2047",
   "geometry": {
    "type": "Point",
    "coordinates": [
     -53.13303056,
     -12.94340556
    ]
   },
   "geometry_name": "the_geom",
   "properties": {
    "cod_aldeia": 2294,
    "nome_aldeia": "KARIB",
    "cod_ti": 33801,
    "cod_municipio": 5103858,
    "data_cadastro": "09/07/2018",
    "flag_ativo": "A",
    "nome_cr": "COORDENACAO REGIONAL DO XINGU",
    "nommunic": "Gaúcha do Norte",
    "nomuf": "Mato Grosso",
    "undadm_codigo": 30202002060,
    "coord_lat": -12.9434055556,
    "coord_long": -53.1330305556
   }
  },
  {
   "type": "Feature",
   "id": "aldeias_pontos.2048",
   "geometry": {
    "type": "Point",
    "coordinates": [
     -53.14408333,
     -12.96073334
    ]
   },
   "geometry_name": "the_geom",
   "properties": {
    "cod_aldeia": 2295,
    "nome_aldeia": "KAWPYNA",
    "cod_ti": 33801,
    "cod_municipio": 5103858,
    "data_cadastro": "09/07/2018",
    "flag_ativo": "A",
    "nome_cr": "COORDENACAO REGIONAL DO XINGU",
    "nommunic": "Gaúcha do Norte",
    "nomuf": "Mato Grosso",
    "undadm_codigo": 30202002060,
    "coord_lat": -12.9607333333,
    "coord_long": -53.1440833333
   }
  },
  {
   "type": "Feature",
   "id": "aldeias_pontos.2049",
   "geometry": {
    "type": "Point",
    "coordinates": [
     -53.23208611,
     -12.98507223
    ]
   },
   "geometry_name": "the_geom",
   "properties": {
    "cod_aldeia": 2296,
    "nome_aldeia": "MIRASSOL",
    "cod_ti": 33801,
    "cod_municipio": 5103858,
    "data_cadastro": "09/07/2018",
    "flag_ativo": "A",
    "nome_cr": "COORDENACAO REGIONAL DO XINGU",
    "nommunic": "Gaúcha do Norte",
    "nomuf": "Mato Grosso",
    "undadm_codigo": 30202002060,
    "coord_lat": -12.9850722222,
    "coord_long": -53.2320861111
   }
  },
  {
   "type": "Feature",
   "id": "aldeias_pontos.2050",
   "geometry": {
    "type": "Point",
    "coordinates": [
     -53.68195833,
     -12.999375
    ]
   },
   "geometry_name": "the_geom",
   "properties": {
    "cod_aldeia": 2297,
    "nome_aldeia": "PACUERA",
    "cod_ti": 33801,
    "cod_municipio": 5103858,
    "data_cadastro": "09/07/2018",
    "flag_ativo": "A",
    "nome_cr": "COORDENACAO REGIONAL DO XINGU",
    "nommunic": "Gaúcha do Norte",
    "nomuf": "Mato Grosso",
    "undadm_codigo": 30202002060,
    "coord_lat": -12.999375,
    "coord_long": -53.6819583333
   }
  },
  {
   "type": "Feature",
   "id": "aldeias_pontos.2051",
   "geometry": {
    "type": "Point",
    "coordinates": [
     -53.89801944,
     -12.90115278
    ]
   },
   "geometry_name": "the_geom",
   "properties": {
    "cod_aldeia": 2298,
    "nome_aldeia": "ULUPUENE",
    "cod_ti": 6001,
    "cod_municipio": 5103858,
    "data_cadastro": "09/07/2018",
    "flag_ativo": "A",
    "nome_cr": "COORDENACAO REGIONAL DO XINGU",
    "nommunic": "Gaúcha do Norte",
    "nomuf": "Mato Grosso",
    "undadm_codigo": 30202002060,
    "coord_lat": -12.9011527778,
    "coord_long": -53.8980194444
   }
  },
  {
   "type": "Feature",
   "id": "aldeias_pontos.2052",
   "geometry": {
    "type": "Point",
    "coordinates": [
     -52.94091944,
     -11.63781945
    ]
   },
   "geometry_name": "the_geom",
   "properties": {
    "cod_aldeia": 2299,
    "nome_aldeia": "YARUMA",
    "cod_ti": 49801,
    "cod_municipio": 5107065,
    "data_cadastro": "09/07/2018",
    "flag_ativo": "A",
    "nome_cr": "COORDENACAO REGIONAL DO XINGU",
    "nommunic": "Querência",
    "nomuf": "Mato Grosso",
    "undadm_codigo": 30202002060,
    "coord_lat": -11.6378194444,
    "coord_long": -52.9409194444
   }
  },
  {
   "type": "Feature",
   "id": "aldeias_pontos.2053",
   "geometry": {
    "type": "Point",
    "coordinates": [
     -52.92352222,
     -11.72725278
    ]
   },
   "geometry_name": "the_geom",
   "properties": {
    "cod_aldeia": 2300,
    "nome_aldeia": "KINGATI",
    "cod_ti": 49801,
    "cod_municipio": 5107065,
    "data_cadastro": "09/07/2018",
    "flag_ativo": "A",
    "nome_cr": "COORDENACAO REGIONAL DO XINGU",
    "nommunic": "Querência",
    "nomuf": "Mato Grosso",
    "undadm_codigo": 30202002060,
    "coord_lat": -11.7272527778,
    "coord_long": -52.9235222222
   }
  },
  {
   "type": "Feature",
   "id": "aldeias_pontos.2055",
   "geometry": {
    "type": "Point",
    "coordinates": [
     -61.29736111,
     -11.24260556
    ]
   },
   "geometry_name": "the_geom",
   "properties": {
    "cod_aldeia": 2314,
    "nome_aldeia": "LOBÓ",
    "cod_ti": 43001,
    "cod_municipio": 5101407,
    "data_cadastro": "12/07/2018",
    "flag_ativo": "A",
    "nome_cr": "COORDENACAO REGIONAL DE CACOAL",
    "nommunic": "Aripuanã",
    "nomuf": "Mato Grosso",
    "undadm_codigo": 30202001934,
    "coord_lat": -11.2426055556,
    "coord_long": -61.2973611111
   }
  },
  {
   "type": "Feature",
   "id": "aldeias_pontos.2056",
   "geometry": {
    "type": "Point",
    "coordinates": [
     -61.29575,
     -11.246525
    ]
   },
   "geometry_name": "the_geom",
   "properties": {
    "cod_aldeia": 2315,
    "nome_aldeia": "TIKAN",
    "cod_ti": 43001,
    "cod_municipio": 5101407,
    "data_cadastro": "12/07/2018",
    "flag_ativo": "A",
    "nome_cr": "COORDENACAO REGIONAL DE CACOAL",
    "nommunic": "Aripuanã",
    "nomuf": "Mato Grosso",
    "undadm_codigo": 30202001934,
    "coord_lat": -11.246525,
    "coord_long": -61.29575
   }
  },
  {
   "type": "Feature",
   "id": "aldeias_pontos.2057",
   "geometry": {
    "type": "Point",
    "coordinates": [
     -60.73960556,
     -10.32522222
    ]
   },
   "geometry_name": "the_geom",
   "properties": {
    "cod_aldeia": 2316,
    "nome_aldeia": "CANECO",
    "cod_ti": 51101,
    "cod_municipio": 5101407,
    "data_cadastro": "12/07/2018",
    "flag_ativo": "A",
    "nome_cr": "COORDENACAO REGIONAL DE JI PARANA",
    "nommunic": "Aripuanã",
    "nomuf": "Mato Grosso",
    "undadm_codigo": 30202001948,
    "coord_lat": -10.3252222222,
    "coord_long": -60.7396055556
   }
  },
  {
   "type": "Feature",
   "id": "aldeias_pontos.2058",
   "geometry": {
    "type": "Point",
    "coordinates": [
     -60.654425,
     -10.42076667
    ]
   },
   "geometry_name": "the_geom",
   "properties": {
    "cod_aldeia": 2317,
    "nome_aldeia": "CHICÃO",
    "cod_ti": 51101,
    "cod_municipio": 5101407,
    "data_cadastro": "12/07/2018",
    "flag_ativo": "A",
    "nome_cr": "COORDENACAO REGIONAL DE JI PARANA",
    "nommunic": "Aripuanã",
    "nomuf": "Mato Grosso",
    "undadm_codigo": 30202001948,
    "coord_lat": -10.4207666667,
    "coord_long": -60.654425
   }
  },
  {
   "type": "Feature",
   "id": "aldeias_pontos.2059",
   "geometry": {
    "type": "Point",
    "coordinates": [
     -60.70190278,
     -10.54778889
    ]
   },
   "geometry_name": "the_geom",
   "properties": {
    "cod_aldeia": 2318,
    "nome_aldeia": "SERINGAL",
    "cod_ti": 51101,
    "cod_municipio": 5101407,
    "data_cadastro": "12/07/2018",
    "flag_ativo": "A",
    "nome_cr": "COORDENACAO REGIONAL DE JI PARANA",
    "nommunic": "Aripuanã",
    "nomuf": "Mato Grosso",
    "undadm_codigo": 30202001948,
    "coord_lat": -10.5477888889,
    "coord_long": -60.7019027778
   }
  },
  {
   "type": "Feature",
   "id": "aldeias_pontos.2060",
   "geometry": {
    "type": "Point",
    "coordinates": [
     -60.77571389,
     -10.66973889
    ]
   },
   "geometry_name": "the_geom",
   "properties": {
    "cod_aldeia": 2319,
    "nome_aldeia": "PANDARAWEJ",
    "cod_ti": 51101,
    "cod_municipio": 5101407,
    "data_cadastro": "12/07/2018",
    "flag_ativo": "A",
    "nome_cr": "COORDENACAO REGIONAL DE JI PARANA",
    "nommunic": "Aripuanã",
    "nomuf": "Mato Grosso",
    "undadm_codigo": 30202001948,
    "coord_lat": -10.6697388889,
    "coord_long": -60.7757138889
   }
  },
  {
   "type": "Feature",
   "id": "aldeias_pontos.2061",
   "geometry": {
    "type": "Point",
    "coordinates": [
     -60.57145,
     -10.66064167
    ]
   },
   "geometry_name": "the_geom",
   "properties": {
    "cod_aldeia": 2320,
    "nome_aldeia": "ESCOLA",
    "cod_ti": 51101,
    "cod_municipio": 5101407,
    "data_cadastro": "12/07/2018",
    "flag_ativo": "A",
    "nome_cr": "COORDENACAO REGIONAL DE JI PARANA",
    "nommunic": "Aripuanã",
    "nomuf": "Mato Grosso",
    "undadm_codigo": 30202001948,
    "coord_lat": -10.6606416667,
    "coord_long": -60.57145
   }
  },
  {
   "type": "Feature",
   "id": "aldeias_pontos.2062",
   "geometry": {
    "type": "Point",
    "coordinates": [
     -60.57931111,
     -10.70446667
    ]
   },
   "geometry_name": "the_geom",
   "properties": {
    "cod_aldeia": 2321,
    "nome_aldeia": "SANTA CRUZ",
    "cod_ti": 51101,
    "cod_municipio": 5101407,
    "data_cadastro": "12/07/2018",
    "flag_ativo": "A",
    "nome_cr": "COORDENACAO REGIONAL DE JI PARANA",
    "nommunic": "Aripuanã",
    "nomuf": "Mato Grosso",
    "undadm_codigo": 30202001948,
    "coord_lat": -10.7044666667,
    "coord_long": -60.5793111111
   }
  },
  {
   "type": "Feature",
   "id": "aldeias_pontos.2063",
   "geometry": {
    "type": "Point",
    "coordinates": [
     -60.72649167,
     -10.80338611
    ]
   },
   "geometry_name": "the_geom",
   "properties": {
    "cod_aldeia": 2322,
    "nome_aldeia": "PARAISO DA SERRA",
    "cod_ti": 51101,
    "cod_municipio": 5101407,
    "data_cadastro": "12/07/2018",
    "flag_ativo": "A",
    "nome_cr": "COORDENACAO REGIONAL DE JI PARANA",
    "nommunic": "Aripuanã",
    "nomuf": "Mato Grosso",
    "undadm_codigo": 30202001948,
    "coord_lat": -10.8033861111,
    "coord_long": -60.7264916667
   }
  },
  {
   "type": "Feature",
   "id": "aldeias_pontos.2064",
   "geometry": {
    "type": "Point",
    "coordinates": [
     -60.76978889,
     -10.85653056
    ]
   },
   "geometry_name": "the_geom",
   "properties": {
    "cod_aldeia": 2323,
    "nome_aldeia": "CASA VERDE",
    "cod_ti": 51101,
    "cod_municipio": 5101407,
    "data_cadastro": "12/07/2018",
    "flag_ativo": "A",
    "nome_cr": "COORDENACAO REGIONAL DE JI PARANA",
    "nommunic": "Aripuanã",
    "nomuf": "Mato Grosso",
    "undadm_codigo": 30202001948,
    "coord_lat": -10.8565305556,
    "coord_long": -60.7697888889
   }
  },
  {
   "type": "Feature",
   "id": "aldeias_pontos.2067",
   "geometry": {
    "type": "Point",
    "coordinates": [
     -61.40690556,
     -10.81136111
    ]
   },
   "geometry_name": "the_geom",
   "properties": {
    "cod_aldeia": 2326,
    "nome_aldeia": "APOENA MEIRELES",
    "cod_ti": 43001,
    "cod_municipio": 5101407,
    "data_cadastro": "12/07/2018",
    "flag_ativo": "A",
    "nome_cr": "COORDENACAO REGIONAL DE CACOAL",
    "nommunic": "Aripuanã",
    "nomuf": "Mato Grosso",
    "undadm_codigo": 30202001934,
    "coord_lat": -10.8113611111,
    "coord_long": -61.4069055556
   }
  },
  {
   "type": "Feature",
   "id": "aldeias_pontos.2107",
   "geometry": {
    "type": "Point",
    "coordinates": [
     -56.59364167,
     -17.0097889
    ]
   },
   "geometry_name": "the_geom",
   "properties": {
    "cod_aldeia": 2369,
    "nome_aldeia": "ATERRADINHO",
    "cod_ti": 5101,
    "cod_municipio": 5101605,
    "data_cadastro": "19/07/2018",
    "flag_ativo": "A",
    "nome_cr": "COORDENACAO REGIONAL DE CUIABA",
    "nommunic": "Barão de Melgaço",
    "nomuf": "Mato Grosso",
    "undadm_codigo": 30202002025,
    "coord_lat": -17.0097888889,
    "coord_long": -56.5936416667
   }
  },
  {
   "type": "Feature",
   "id": "aldeias_pontos.2108",
   "geometry": {
    "type": "Point",
    "coordinates": [
     -56.582775,
     -17.05683612
    ]
   },
   "geometry_name": "the_geom",
   "properties": {
    "cod_aldeia": 2370,
    "nome_aldeia": "ALEGRIA",
    "cod_ti": 5101,
    "cod_municipio": 5101605,
    "data_cadastro": "19/07/2018",
    "flag_ativo": "A",
    "nome_cr": "COORDENACAO REGIONAL DE CUIABA",
    "nommunic": "Barão de Melgaço",
    "nomuf": "Mato Grosso",
    "undadm_codigo": 30202002025,
    "coord_lat": -17.0568361111,
    "coord_long": -56.582775
   }
  },
  {
   "type": "Feature",
   "id": "aldeias_pontos.2109",
   "geometry": {
    "type": "Point",
    "coordinates": [
     -56.460425,
     -16.99970556
    ]
   },
   "geometry_name": "the_geom",
   "properties": {
    "cod_aldeia": 2371,
    "nome_aldeia": "SÃO BENEDITO",
    "cod_ti": 5101,
    "cod_municipio": 5101605,
    "data_cadastro": "19/07/2018",
    "flag_ativo": "A",
    "nome_cr": "COORDENACAO REGIONAL DE CUIABA",
    "nommunic": "Barão de Melgaço",
    "nomuf": "Mato Grosso",
    "undadm_codigo": 30202002025,
    "coord_lat": -16.9997055556,
    "coord_long": -56.460425
   }
  },
  {
   "type": "Feature",
   "id": "aldeias_pontos.2110",
   "geometry": {
    "type": "Point",
    "coordinates": [
     -53.07885556,
     -15.55238334
    ]
   },
   "geometry_name": "the_geom",
   "properties": {
    "cod_aldeia": 2372,
    "nome_aldeia": "MERURE",
    "cod_ti": 29001,
    "cod_municipio": 5103908,
    "data_cadastro": "19/07/2018",
    "flag_ativo": "A",
    "nome_cr": "COORDENACAO REGIONAL DE CUIABA",
    "nommunic": "General Carneiro",
    "nomuf": "Mato Grosso",
    "undadm_codigo": 30202002025,
    "coord_lat": -15.5523833333,
    "coord_long": -53.0788555556
   }
  },
  {
   "type": "Feature",
   "id": "aldeias_pontos.2111",
   "geometry": {
    "type": "Point",
    "coordinates": [
     -53.18121944,
     -15.58135001
    ]
   },
   "geometry_name": "the_geom",
   "properties": {
    "cod_aldeia": 2373,
    "nome_aldeia": "NABUREIAU",
    "cod_ti": 29001,
    "cod_municipio": 5103908,
    "data_cadastro": "19/07/2018",
    "flag_ativo": "A",
    "nome_cr": "COORDENACAO REGIONAL DE CUIABA",
    "nommunic": "General Carneiro",
    "nomuf": "Mato Grosso",
    "undadm_codigo": 30202002025,
    "coord_lat": -15.58135,
    "coord_long": -53.1812194444
   }
  },
  {
   "type": "Feature",
   "id": "aldeias_pontos.2112",
   "geometry": {
    "type": "Point",
    "coordinates": [
     -53.074125,
     -15.71229445
    ]
   },
   "geometry_name": "the_geom",
   "properties": {
    "cod_aldeia": 2374,
    "nome_aldeia": "GARÇA",
    "cod_ti": 29001,
    "cod_municipio": 5103908,
    "data_cadastro": "19/07/2018",
    "flag_ativo": "A",
    "nome_cr": "COORDENACAO REGIONAL DE CUIABA",
    "nommunic": "General Carneiro",
    "nomuf": "Mato Grosso",
    "undadm_codigo": 30202002025,
    "coord_lat": -15.7122944444,
    "coord_long": -53.074125
   }
  },
  {
   "type": "Feature",
   "id": "aldeias_pontos.2113",
   "geometry": {
    "type": "Point",
    "coordinates": [
     -59.56759444,
     -13.02141389
    ]
   },
   "geometry_name": "the_geom",
   "properties": {
    "cod_aldeia": 2375,
    "nome_aldeia": "CAMARARÉ",
    "cod_ti": 30201,
    "cod_municipio": 5103304,
    "data_cadastro": "19/07/2018",
    "flag_ativo": "A",
    "nome_cr": "COORDENACAO REGIONAL DE CUIABA",
    "nommunic": "Comodoro",
    "nomuf": "Mato Grosso",
    "undadm_codigo": 30202002025,
    "coord_lat": -13.0214138889,
    "coord_long": -59.5675944444
   }
  },
  {
   "type": "Feature",
   "id": "aldeias_pontos.2114",
   "geometry": {
    "type": "Point",
    "coordinates": [
     -59.87078611,
     -12.80248889
    ]
   },
   "geometry_name": "the_geom",
   "properties": {
    "cod_aldeia": 2376,
    "nome_aldeia": "CAMPOS NOVOS",
    "cod_ti": 30201,
    "cod_municipio": 5103304,
    "data_cadastro": "19/07/2018",
    "flag_ativo": "A",
    "nome_cr": "COORDENACAO REGIONAL DE CUIABA",
    "nommunic": "Comodoro",
    "nomuf": "Mato Grosso",
    "undadm_codigo": 30202002025,
    "coord_lat": -12.8024888889,
    "coord_long": -59.8707861111
   }
  },
  {
   "type": "Feature",
   "id": "aldeias_pontos.2115",
   "geometry": {
    "type": "Point",
    "coordinates": [
     -55.47809722,
     -14.19407223
    ]
   },
   "geometry_name": "the_geom",
   "properties": {
    "cod_aldeia": 2377,
    "nome_aldeia": "NOVA CANAÃ",
    "cod_ti": 41301,
    "cod_municipio": 5105903,
    "data_cadastro": "19/07/2018",
    "flag_ativo": "A",
    "nome_cr": "COORDENACAO REGIONAL DE CUIABA",
    "nommunic": "Nobres",
    "nomuf": "Mato Grosso",
    "undadm_codigo": 30202002025,
    "coord_lat": -14.1940722222,
    "coord_long": -55.4780972222
   }
  },
  {
   "type": "Feature",
   "id": "aldeias_pontos.2116",
   "geometry": {
    "type": "Point",
    "coordinates": [
     -55.47961667,
     -14.23359723
    ]
   },
   "geometry_name": "the_geom",
   "properties": {
    "cod_aldeia": 2378,
    "nome_aldeia": "SANTANA",
    "cod_ti": 41301,
    "cod_municipio": 5105903,
    "data_cadastro": "19/07/2018",
    "flag_ativo": "A",
    "nome_cr": "COORDENACAO REGIONAL DE CUIABA",
    "nommunic": "Nobres",
    "nomuf": "Mato Grosso",
    "undadm_codigo": 30202002025,
    "coord_lat": -14.2335972222,
    "coord_long": -55.4796166667
   }
  },
  {
   "type": "Feature",
   "id": "aldeias_pontos.2118",
   "geometry": {
    "type": "Point",
    "coordinates": [
     -57.10834722,
     -15.08920556
    ]
   },
   "geometry_name": "the_geom",
   "properties": {
    "cod_aldeia": 2380,
    "nome_aldeia": "UMUTINA",
    "cod_ti": 48001,
    "cod_municipio": 5101704,
    "data_cadastro": "19/07/2018",
    "flag_ativo": "A",
    "nome_cr": "COORDENACAO REGIONAL DE CUIABA",
    "nommunic": "Barra do Bugres",
    "nomuf": "Mato Grosso",
    "undadm_codigo": 30202002025,
    "coord_lat": -15.0892055556,
    "coord_long": -57.1083472222
   }
  },
  {
   "type": "Feature",
   "id": "aldeias_pontos.2119",
   "geometry": {
    "type": "Point",
    "coordinates": [
     -59.39847778,
     -14.79064445
    ]
   },
   "geometry_name": "the_geom",
   "properties": {
    "cod_aldeia": 2381,
    "nome_aldeia": "Sararé Centra",
    "cod_ti": 42101,
    "cod_municipio": 5106752,
    "data_cadastro": "19/07/2018",
    "flag_ativo": "A",
    "nome_cr": "COORDENACAO REGIONAL DE CUIABA",
    "nommunic": "Pontes e Lacerda",
    "nomuf": "Mato Grosso",
    "undadm_codigo": 30202002025,
    "coord_lat": -14.7906444444,
    "coord_long": -59.3984777778
   }
  },
  {
   "type": "Feature",
   "id": "aldeias_pontos.2744",
   "geometry": {
    "type": "Point",
    "coordinates": [
     -50.69990556,
     -11.30251667
    ]
   },
   "geometry_name": "the_geom",
   "properties": {
    "cod_aldeia": 3063,
    "nome_aldeia": "TERIBORÉ",
    "cod_ti": 58301,
    "cod_municipio": 5105309,
    "data_cadastro": "04/09/2018",
    "flag_ativo": "A",
    "nome_cr": "COORDENACAO REGIONAL ARAGUAIA TOCANTINS",
    "nommunic": "Luciara",
    "nomuf": "Mato Grosso",
    "undadm_codigo": 30202001962,
    "coord_lat": -11.3025166667,
    "coord_long": -50.6999055556
   }
  },
  {
   "type": "Feature",
   "id": "aldeias_pontos.3075",
   "geometry": {
    "type": "Point",
    "coordinates": [
     -53.02851667,
     -14.266325
    ]
   },
   "geometry_name": "the_geom",
   "properties": {
    "cod_aldeia": 3439,
    "nome_aldeia": "SÃO PEDRO",
    "cod_ti": 32701,
    "cod_municipio": 5102603,
    "data_cadastro": "15/10/2018",
    "flag_ativo": "A",
    "nome_cr": "COORDENACAO REGIONAL XAVANTE",
    "nommunic": "Campinápolis",
    "nomuf": "Mato Grosso",
    "undadm_codigo": 30202002053,
    "coord_lat": -14.266325,
    "coord_long": -53.0285166667
   }
  },
  {
   "type": "Feature",
   "id": "aldeias_pontos.3076",
   "geometry": {
    "type": "Point",
    "coordinates": [
     -53.02604722,
     -14.27058334
    ]
   },
   "geometry_name": "the_geom",
   "properties": {
    "cod_aldeia": 3440,
    "nome_aldeia": "PARANOWÀ",
    "cod_ti": 32701,
    "cod_municipio": 5102603,
    "data_cadastro": "15/10/2018",
    "flag_ativo": "A",
    "nome_cr": "COORDENACAO REGIONAL XAVANTE",
    "nommunic": "Campinápolis",
    "nomuf": "Mato Grosso",
    "undadm_codigo": 30202002053,
    "coord_lat": -14.2705833333,
    "coord_long": -53.0260472222
   }
  },
  {
   "type": "Feature",
   "id": "aldeias_pontos.3077",
   "geometry": {
    "type": "Point",
    "coordinates": [
     -53.03421944,
     -14.26762778
    ]
   },
   "geometry_name": "the_geom",
   "properties": {
    "cod_aldeia": 3441,
    "nome_aldeia": "ONÇA PRETA",
    "cod_ti": 32701,
    "cod_municipio": 5102603,
    "data_cadastro": "15/10/2018",
    "flag_ativo": "A",
    "nome_cr": "COORDENACAO REGIONAL XAVANTE",
    "nommunic": "Campinápolis",
    "nomuf": "Mato Grosso",
    "undadm_codigo": 30202002053,
    "coord_lat": -14.2676277778,
    "coord_long": -53.0342194444
   }
  },
  {
   "type": "Feature",
   "id": "aldeias_pontos.3078",
   "geometry": {
    "type": "Point",
    "coordinates": [
     -53.07683889,
     -14.23786667
    ]
   },
   "geometry_name": "the_geom",
   "properties": {
    "cod_aldeia": 3442,
    "nome_aldeia": "SÃO PAULO",
    "cod_ti": 32701,
    "cod_municipio": 5102603,
    "data_cadastro": "15/10/2018",
    "flag_ativo": "A",
    "nome_cr": "COORDENACAO REGIONAL XAVANTE",
    "nommunic": "Campinápolis",
    "nomuf": "Mato Grosso",
    "undadm_codigo": 30202002053,
    "coord_lat": -14.2378666667,
    "coord_long": -53.0768388889
   }
  },
  {
   "type": "Feature",
   "id": "aldeias_pontos.3079",
   "geometry": {
    "type": "Point",
    "coordinates": [
     -52.98983333,
     -14.25698612
    ]
   },
   "geometry_name": "the_geom",
   "properties": {
    "cod_aldeia": 3443,
    "nome_aldeia": "BOM JESUS DA LAPA",
    "cod_ti": 32701,
    "cod_municipio": 5102603,
    "data_cadastro": "15/10/2018",
    "flag_ativo": "A",
    "nome_cr": "COORDENACAO REGIONAL XAVANTE",
    "nommunic": "Campinápolis",
    "nomuf": "Mato Grosso",
    "undadm_codigo": 30202002053,
    "coord_lat": -14.2569861111,
    "coord_long": -52.9898333333
   }
  },
  {
   "type": "Feature",
   "id": "aldeias_pontos.3080",
   "geometry": {
    "type": "Point",
    "coordinates": [
     -53.02805556,
     -14.28070834
    ]
   },
   "geometry_name": "the_geom",
   "properties": {
    "cod_aldeia": 3444,
    "nome_aldeia": "PIRAIBA",
    "cod_ti": 32701,
    "cod_municipio": 5102603,
    "data_cadastro": "15/10/2018",
    "flag_ativo": "A",
    "nome_cr": "COORDENACAO REGIONAL XAVANTE",
    "nommunic": "Campinápolis",
    "nomuf": "Mato Grosso",
    "undadm_codigo": 30202002053,
    "coord_lat": -14.2807083333,
    "coord_long": -53.0280555556
   }
  },
  {
   "type": "Feature",
   "id": "aldeias_pontos.3081",
   "geometry": {
    "type": "Point",
    "coordinates": [
     -53.04181944,
     -14.36171112
    ]
   },
   "geometry_name": "the_geom",
   "properties": {
    "cod_aldeia": 3445,
    "nome_aldeia": "SANTA ROSA",
    "cod_ti": 32701,
    "cod_municipio": 5102603,
    "data_cadastro": "15/10/2018",
    "flag_ativo": "A",
    "nome_cr": "COORDENACAO REGIONAL XAVANTE",
    "nommunic": "Campinápolis",
    "nomuf": "Mato Grosso",
    "undadm_codigo": 30202002053,
    "coord_lat": -14.3617111111,
    "coord_long": -53.0418194444
   }
  },
  {
   "type": "Feature",
   "id": "aldeias_pontos.3082",
   "geometry": {
    "type": "Point",
    "coordinates": [
     -53.06088056,
     -14.39880834
    ]
   },
   "geometry_name": "the_geom",
   "properties": {
    "cod_aldeia": 3446,
    "nome_aldeia": "COUTO MAGALHÃES",
    "cod_ti": 32701,
    "cod_municipio": 5102603,
    "data_cadastro": "15/10/2018",
    "flag_ativo": "A",
    "nome_cr": "COORDENACAO REGIONAL XAVANTE",
    "nommunic": "Campinápolis",
    "nomuf": "Mato Grosso",
    "undadm_codigo": 30202002053,
    "coord_lat": -14.3988083333,
    "coord_long": -53.0608805556
   }
  },
  {
   "type": "Feature",
   "id": "aldeias_pontos.3213",
   "geometry": {
    "type": "Point",
    "coordinates": [
     -59.24724167,
     -12.31415278
    ]
   },
   "geometry_name": "the_geom",
   "properties": {
    "cod_aldeia": 3585,
    "nome_aldeia": "Halataikwa",
    "cod_ti": 11201,
    "cod_municipio": 5103304,
    "data_cadastro": "25/10/2018",
    "flag_ativo": "A",
    "nome_cr": "COORDENACAO REGIONAL NOROESTE DO MATO GROSSO",
    "nommunic": "Comodoro",
    "nomuf": "Mato Grosso",
    "undadm_codigo": 30202002032,
    "coord_lat": -12.3141527778,
    "coord_long": -59.2472416667
   }
  },
  {
   "type": "Feature",
   "id": "aldeias_pontos.3242",
   "geometry": {
    "type": "Point",
    "coordinates": [
     -53.23058611,
     -14.54855556
    ]
   },
   "geometry_name": "the_geom",
   "properties": {
    "cod_aldeia": 3616,
    "nome_aldeia": "CHÃO PRETO",
    "cod_ti": 10001,
    "cod_municipio": 5102603,
    "data_cadastro": "29/10/2018",
    "flag_ativo": "A",
    "nome_cr": "COORDENACAO REGIONAL XAVANTE",
    "nommunic": "Campinápolis",
    "nomuf": "Mato Grosso",
    "undadm_codigo": 30202002053,
    "coord_lat": -14.5485555556,
    "coord_long": -53.2305861111
   }
  },
  {
   "type": "Feature",
   "id": "aldeias_pontos.3243",
   "geometry": {
    "type": "Point",
    "coordinates": [
     -53.21037222,
     -14.55191112
    ]
   },
   "geometry_name": "the_geom",
   "properties": {
    "cod_aldeia": 3617,
    "nome_aldeia": "MATA VERDE",
    "cod_ti": 10001,
    "cod_municipio": 5102603,
    "data_cadastro": "29/10/2018",
    "flag_ativo": "A",
    "nome_cr": "COORDENACAO REGIONAL XAVANTE",
    "nommunic": "Campinápolis",
    "nomuf": "Mato Grosso",
    "undadm_codigo": 30202002053,
    "coord_lat": -14.5519111111,
    "coord_long": -53.2103722222
   }
  },
  {
   "type": "Feature",
   "id": "aldeias_pontos.3244",
   "geometry": {
    "type": "Point",
    "coordinates": [
     -53.20926111,
     -14.47494167
    ]
   },
   "geometry_name": "the_geom",
   "properties": {
    "cod_aldeia": 3618,
    "nome_aldeia": "SANTA HELENA",
    "cod_ti": 32701,
    "cod_municipio": 5102603,
    "data_cadastro": "29/10/2018",
    "flag_ativo": "A",
    "nome_cr": "COORDENACAO REGIONAL XAVANTE",
    "nommunic": "Campinápolis",
    "nomuf": "Mato Grosso",
    "undadm_codigo": 30202002053,
    "coord_lat": -14.4749416667,
    "coord_long": -53.2092611111
   }
  },
  {
   "type": "Feature",
   "id": "aldeias_pontos.3245",
   "geometry": {
    "type": "Point",
    "coordinates": [
     -53.19686389,
     -14.47833056
    ]
   },
   "geometry_name": "the_geom",
   "properties": {
    "cod_aldeia": 3619,
    "nome_aldeia": "CAMPINAS",
    "cod_ti": 32701,
    "cod_municipio": 5102603,
    "data_cadastro": "29/10/2018",
    "flag_ativo": "A",
    "nome_cr": "COORDENACAO REGIONAL XAVANTE",
    "nommunic": "Campinápolis",
    "nomuf": "Mato Grosso",
    "undadm_codigo": 30202002053,
    "coord_lat": -14.4783305556,
    "coord_long": -53.1968638889
   }
  },
  {
   "type": "Feature",
   "id": "aldeias_pontos.3246",
   "geometry": {
    "type": "Point",
    "coordinates": [
     -53.19488333,
     -14.47997223
    ]
   },
   "geometry_name": "the_geom",
   "properties": {
    "cod_aldeia": 3620,
    "nome_aldeia": "SERRINHA",
    "cod_ti": 32701,
    "cod_municipio": 5102603,
    "data_cadastro": "29/10/2018",
    "flag_ativo": "A",
    "nome_cr": "COORDENACAO REGIONAL XAVANTE",
    "nommunic": "Campinápolis",
    "nomuf": "Mato Grosso",
    "undadm_codigo": 30202002053,
    "coord_lat": -14.4799722222,
    "coord_long": -53.1948833333
   }
  },
  {
   "type": "Feature",
   "id": "aldeias_pontos.3247",
   "geometry": {
    "type": "Point",
    "coordinates": [
     -53.15806111,
     -14.51693612
    ]
   },
   "geometry_name": "the_geom",
   "properties": {
    "cod_aldeia": 3621,
    "nome_aldeia": "SÃO JOÃO BATISTA",
    "cod_ti": 32701,
    "cod_municipio": 5102603,
    "data_cadastro": "29/10/2018",
    "flag_ativo": "A",
    "nome_cr": "COORDENACAO REGIONAL XAVANTE",
    "nommunic": "Campinápolis",
    "nomuf": "Mato Grosso",
    "undadm_codigo": 30202002053,
    "coord_lat": -14.5169361111,
    "coord_long": -53.1580611111
   }
  },
  {
   "type": "Feature",
   "id": "aldeias_pontos.3248",
   "geometry": {
    "type": "Point",
    "coordinates": [
     -53.17230556,
     -14.453925
    ]
   },
   "geometry_name": "the_geom",
   "properties": {
    "cod_aldeia": 3622,
    "nome_aldeia": "CANDUSUL",
    "cod_ti": 32701,
    "cod_municipio": 5102603,
    "data_cadastro": "29/10/2018",
    "flag_ativo": "A",
    "nome_cr": "COORDENACAO REGIONAL XAVANTE",
    "nommunic": "Campinápolis",
    "nomuf": "Mato Grosso",
    "undadm_codigo": 30202002053,
    "coord_lat": -14.453925,
    "coord_long": -53.1723055556
   }
  },
  {
   "type": "Feature",
   "id": "aldeias_pontos.3249",
   "geometry": {
    "type": "Point",
    "coordinates": [
     -53.22507778,
     -14.46116389
    ]
   },
   "geometry_name": "the_geom",
   "properties": {
    "cod_aldeia": 3623,
    "nome_aldeia": "BRASIL",
    "cod_ti": 32701,
    "cod_municipio": 5102603,
    "data_cadastro": "29/10/2018",
    "flag_ativo": "A",
    "nome_cr": "COORDENACAO REGIONAL XAVANTE",
    "nommunic": "Campinápolis",
    "nomuf": "Mato Grosso",
    "undadm_codigo": 30202002053,
    "coord_lat": -14.4611638889,
    "coord_long": -53.2250777778
   }
  },
  {
   "type": "Feature",
   "id": "aldeias_pontos.3250",
   "geometry": {
    "type": "Point",
    "coordinates": [
     -53.25389722,
     -14.46854445
    ]
   },
   "geometry_name": "the_geom",
   "properties": {
    "cod_aldeia": 3624,
    "nome_aldeia": "JERUSALÉM",
    "cod_ti": 32701,
    "cod_municipio": 5102603,
    "data_cadastro": "29/10/2018",
    "flag_ativo": "A",
    "nome_cr": "COORDENACAO REGIONAL XAVANTE",
    "nommunic": "Campinápolis",
    "nomuf": "Mato Grosso",
    "undadm_codigo": 30202002053,
    "coord_lat": -14.4685444444,
    "coord_long": -53.2538972222
   }
  },
  {
   "type": "Feature",
   "id": "aldeias_pontos.3251",
   "geometry": {
    "type": "Point",
    "coordinates": [
     -53.28398889,
     -14.45666667
    ]
   },
   "geometry_name": "the_geom",
   "properties": {
    "cod_aldeia": 3625,
    "nome_aldeia": "COHABI",
    "cod_ti": 32701,
    "cod_municipio": 5102603,
    "data_cadastro": "29/10/2018",
    "flag_ativo": "A",
    "nome_cr": "COORDENACAO REGIONAL XAVANTE",
    "nommunic": "Campinápolis",
    "nomuf": "Mato Grosso",
    "undadm_codigo": 30202002053,
    "coord_lat": -14.4566666667,
    "coord_long": -53.2839888889
   }
  },
  {
   "type": "Feature",
   "id": "aldeias_pontos.3252",
   "geometry": {
    "type": "Point",
    "coordinates": [
     -53.27660833,
     -14.517275
    ]
   },
   "geometry_name": "the_geom",
   "properties": {
    "cod_aldeia": 3626,
    "nome_aldeia": "BOA VISTA",
    "cod_ti": 32701,
    "cod_municipio": 5102603,
    "data_cadastro": "29/10/2018",
    "flag_ativo": "A",
    "nome_cr": "COORDENACAO REGIONAL XAVANTE",
    "nommunic": "Campinápolis",
    "nomuf": "Mato Grosso",
    "undadm_codigo": 30202002053,
    "coord_lat": -14.517275,
    "coord_long": -53.2766083333
   }
  },
  {
   "type": "Feature",
   "id": "aldeias_pontos.3253",
   "geometry": {
    "type": "Point",
    "coordinates": [
     -53.31563611,
     -14.41022778
    ]
   },
   "geometry_name": "the_geom",
   "properties": {
    "cod_aldeia": 3627,
    "nome_aldeia": "BAIXÃO",
    "cod_ti": 32701,
    "cod_municipio": 5102603,
    "data_cadastro": "29/10/2018",
    "flag_ativo": "A",
    "nome_cr": "COORDENACAO REGIONAL XAVANTE",
    "nommunic": "Campinápolis",
    "nomuf": "Mato Grosso",
    "undadm_codigo": 30202002053,
    "coord_lat": -14.4102277778,
    "coord_long": -53.3156361111
   }
  },
  {
   "type": "Feature",
   "id": "aldeias_pontos.3254",
   "geometry": {
    "type": "Point",
    "coordinates": [
     -53.29866667,
     -14.42380278
    ]
   },
   "geometry_name": "the_geom",
   "properties": {
    "cod_aldeia": 3628,
    "nome_aldeia": "SUCURI",
    "cod_ti": 32701,
    "cod_municipio": 5102603,
    "data_cadastro": "29/10/2018",
    "flag_ativo": "A",
    "nome_cr": "COORDENACAO REGIONAL XAVANTE",
    "nommunic": "Campinápolis",
    "nomuf": "Mato Grosso",
    "undadm_codigo": 30202002053,
    "coord_lat": -14.4238027778,
    "coord_long": -53.2986666667
   }
  },
  {
   "type": "Feature",
   "id": "aldeias_pontos.3255",
   "geometry": {
    "type": "Point",
    "coordinates": [
     -53.26542222,
     -14.42434167
    ]
   },
   "geometry_name": "the_geom",
   "properties": {
    "cod_aldeia": 3629,
    "nome_aldeia": "MATO GROSSO",
    "cod_ti": 32701,
    "cod_municipio": 5102603,
    "data_cadastro": "29/10/2018",
    "flag_ativo": "A",
    "nome_cr": "COORDENACAO REGIONAL XAVANTE",
    "nommunic": "Campinápolis",
    "nomuf": "Mato Grosso",
    "undadm_codigo": 30202002053,
    "coord_lat": -14.4243416667,
    "coord_long": -53.2654222222
   }
  },
  {
   "type": "Feature",
   "id": "aldeias_pontos.3256",
   "geometry": {
    "type": "Point",
    "coordinates": [
     -53.22311389,
     -14.42060834
    ]
   },
   "geometry_name": "the_geom",
   "properties": {
    "cod_aldeia": 3630,
    "nome_aldeia": "NOVO PARAISO",
    "cod_ti": 32701,
    "cod_municipio": 5102603,
    "data_cadastro": "29/10/2018",
    "flag_ativo": "A",
    "nome_cr": "COORDENACAO REGIONAL XAVANTE",
    "nommunic": "Campinápolis",
    "nomuf": "Mato Grosso",
    "undadm_codigo": 30202002053,
    "coord_lat": -14.4206083333,
    "coord_long": -53.2231138889
   }
  },
  {
   "type": "Feature",
   "id": "aldeias_pontos.3257",
   "geometry": {
    "type": "Point",
    "coordinates": [
     -53.21036389,
     -14.33748056
    ]
   },
   "geometry_name": "the_geom",
   "properties": {
    "cod_aldeia": 3631,
    "nome_aldeia": "ESTRELA",
    "cod_ti": 32701,
    "cod_municipio": 5102603,
    "data_cadastro": "29/10/2018",
    "flag_ativo": "A",
    "nome_cr": "COORDENACAO REGIONAL XAVANTE",
    "nommunic": "Campinápolis",
    "nomuf": "Mato Grosso",
    "undadm_codigo": 30202002053,
    "coord_lat": -14.3374805556,
    "coord_long": -53.2103638889
   }
  },
  {
   "type": "Feature",
   "id": "aldeias_pontos.3258",
   "geometry": {
    "type": "Point",
    "coordinates": [
     -53.17075,
     -14.37672778
    ]
   },
   "geometry_name": "the_geom",
   "properties": {
    "cod_aldeia": 3632,
    "nome_aldeia": "ETEIPORE",
    "cod_ti": 32701,
    "cod_municipio": 5102603,
    "data_cadastro": "29/10/2018",
    "flag_ativo": "A",
    "nome_cr": "COORDENACAO REGIONAL XAVANTE",
    "nommunic": "Campinápolis",
    "nomuf": "Mato Grosso",
    "undadm_codigo": 30202002053,
    "coord_lat": -14.3767277778,
    "coord_long": -53.17075
   }
  },
  {
   "type": "Feature",
   "id": "aldeias_pontos.3259",
   "geometry": {
    "type": "Point",
    "coordinates": [
     -53.16712778,
     -14.37858056
    ]
   },
   "geometry_name": "the_geom",
   "properties": {
    "cod_aldeia": 3633,
    "nome_aldeia": "TELA VIVE",
    "cod_ti": 32701,
    "cod_municipio": 5102603,
    "data_cadastro": "29/10/2018",
    "flag_ativo": "A",
    "nome_cr": "COORDENACAO REGIONAL XAVANTE",
    "nommunic": "Campinápolis",
    "nomuf": "Mato Grosso",
    "undadm_codigo": 30202002053,
    "coord_lat": -14.3785805556,
    "coord_long": -53.1671277778
   }
  },
  {
   "type": "Feature",
   "id": "aldeias_pontos.3260",
   "geometry": {
    "type": "Point",
    "coordinates": [
     -53.00921111,
     -14.38185556
    ]
   },
   "geometry_name": "the_geom",
   "properties": {
    "cod_aldeia": 3634,
    "nome_aldeia": "ESPIRITO SANTO",
    "cod_ti": 32701,
    "cod_municipio": 5102603,
    "data_cadastro": "29/10/2018",
    "flag_ativo": "A",
    "nome_cr": "COORDENACAO REGIONAL XAVANTE",
    "nommunic": "Campinápolis",
    "nomuf": "Mato Grosso",
    "undadm_codigo": 30202002053,
    "coord_lat": -14.3818555556,
    "coord_long": -53.0092111111
   }
  },
  {
   "type": "Feature",
   "id": "aldeias_pontos.3261",
   "geometry": {
    "type": "Point",
    "coordinates": [
     -52.97619167,
     -14.39086667
    ]
   },
   "geometry_name": "the_geom",
   "properties": {
    "cod_aldeia": 3635,
    "nome_aldeia": "SÃO DOMINGOS",
    "cod_ti": 32701,
    "cod_municipio": 5102603,
    "data_cadastro": "29/10/2018",
    "flag_ativo": "A",
    "nome_cr": "COORDENACAO REGIONAL XAVANTE",
    "nommunic": "Campinápolis",
    "nomuf": "Mato Grosso",
    "undadm_codigo": 30202002053,
    "coord_lat": -14.3908666667,
    "coord_long": -52.9761916667
   }
  },
  {
   "type": "Feature",
   "id": "aldeias_pontos.3262",
   "geometry": {
    "type": "Point",
    "coordinates": [
     -52.89394722,
     -14.42695278
    ]
   },
   "geometry_name": "the_geom",
   "properties": {
    "cod_aldeia": 3636,
    "nome_aldeia": "SÃO FELIPE",
    "cod_ti": 32701,
    "cod_municipio": 5102603,
    "data_cadastro": "29/10/2018",
    "flag_ativo": "A",
    "nome_cr": "COORDENACAO REGIONAL XAVANTE",
    "nommunic": "Campinápolis",
    "nomuf": "Mato Grosso",
    "undadm_codigo": 30202002053,
    "coord_lat": -14.4269527778,
    "coord_long": -52.8939472222
   }
  },
  {
   "type": "Feature",
   "id": "aldeias_pontos.3263",
   "geometry": {
    "type": "Point",
    "coordinates": [
     -52.86181944,
     -14.36360278
    ]
   },
   "geometry_name": "the_geom",
   "properties": {
    "cod_aldeia": 3637,
    "nome_aldeia": "SANTA CLARA",
    "cod_ti": 32701,
    "cod_municipio": 5102603,
    "data_cadastro": "29/10/2018",
    "flag_ativo": "A",
    "nome_cr": "COORDENACAO REGIONAL XAVANTE",
    "nommunic": "Campinápolis",
    "nomuf": "Mato Grosso",
    "undadm_codigo": 30202002053,
    "coord_lat": -14.3636027778,
    "coord_long": -52.8618194444
   }
  },
  {
   "type": "Feature",
   "id": "aldeias_pontos.3264",
   "geometry": {
    "type": "Point",
    "coordinates": [
     -52.93241111,
     -14.32423334
    ]
   },
   "geometry_name": "the_geom",
   "properties": {
    "cod_aldeia": 3638,
    "nome_aldeia": "SÃO JOSE",
    "cod_ti": 32701,
    "cod_municipio": 5102603,
    "data_cadastro": "29/10/2018",
    "flag_ativo": "A",
    "nome_cr": "COORDENACAO REGIONAL XAVANTE",
    "nommunic": "Campinápolis",
    "nomuf": "Mato Grosso",
    "undadm_codigo": 30202002053,
    "coord_lat": -14.3242333333,
    "coord_long": -52.9324111111
   }
  },
  {
   "type": "Feature",
   "id": "aldeias_pontos.3265",
   "geometry": {
    "type": "Point",
    "coordinates": [
     -53.02191667,
     -14.58220278
    ]
   },
   "geometry_name": "the_geom",
   "properties": {
    "cod_aldeia": 3639,
    "nome_aldeia": "H O IWAPRÉDZWY",
    "cod_ti": 32701,
    "cod_municipio": 5102603,
    "data_cadastro": "29/10/2018",
    "flag_ativo": "A",
    "nome_cr": "COORDENACAO REGIONAL XAVANTE",
    "nommunic": "Campinápolis",
    "nomuf": "Mato Grosso",
    "undadm_codigo": 30202002053,
    "coord_lat": -14.5822027778,
    "coord_long": -53.0219166667
   }
  },
  {
   "type": "Feature",
   "id": "aldeias_pontos.3266",
   "geometry": {
    "type": "Point",
    "coordinates": [
     -53.04772778,
     -14.57241667
    ]
   },
   "geometry_name": "the_geom",
   "properties": {
    "cod_aldeia": 3640,
    "nome_aldeia": "SERRA VERDE",
    "cod_ti": 32701,
    "cod_municipio": 5102603,
    "data_cadastro": "29/10/2018",
    "flag_ativo": "A",
    "nome_cr": "COORDENACAO REGIONAL XAVANTE",
    "nommunic": "Campinápolis",
    "nomuf": "Mato Grosso",
    "undadm_codigo": 30202002053,
    "coord_lat": -14.5724166667,
    "coord_long": -53.0477277778
   }
  },
  {
   "type": "Feature",
   "id": "aldeias_pontos.3267",
   "geometry": {
    "type": "Point",
    "coordinates": [
     -53.36990556,
     -14.46881667
    ]
   },
   "geometry_name": "the_geom",
   "properties": {
    "cod_aldeia": 3641,
    "nome_aldeia": "PANORAMA",
    "cod_ti": 32701,
    "cod_municipio": 5102603,
    "data_cadastro": "29/10/2018",
    "flag_ativo": "A",
    "nome_cr": "COORDENACAO REGIONAL XAVANTE",
    "nommunic": "Campinápolis",
    "nomuf": "Mato Grosso",
    "undadm_codigo": 30202002053,
    "coord_lat": -14.4688166667,
    "coord_long": -53.3699055556
   }
  },
  {
   "type": "Feature",
   "id": "aldeias_pontos.3268",
   "geometry": {
    "type": "Point",
    "coordinates": [
     -53.39611389,
     -14.4486
    ]
   },
   "geometry_name": "the_geom",
   "properties": {
    "cod_aldeia": 3642,
    "nome_aldeia": "ALDEONA",
    "cod_ti": 32701,
    "cod_municipio": 5102603,
    "data_cadastro": "29/10/2018",
    "flag_ativo": "A",
    "nome_cr": "COORDENACAO REGIONAL XAVANTE",
    "nommunic": "Campinápolis",
    "nomuf": "Mato Grosso",
    "undadm_codigo": 30202002053,
    "coord_lat": -14.4486,
    "coord_long": -53.3961138889
   }
  },
  {
   "type": "Feature",
   "id": "aldeias_pontos.3269",
   "geometry": {
    "type": "Point",
    "coordinates": [
     -53.40084722,
     -14.47139167
    ]
   },
   "geometry_name": "the_geom",
   "properties": {
    "cod_aldeia": 3643,
    "nome_aldeia": "CULINA",
    "cod_ti": 32701,
    "cod_municipio": 5102603,
    "data_cadastro": "29/10/2018",
    "flag_ativo": "A",
    "nome_cr": "COORDENACAO REGIONAL XAVANTE",
    "nommunic": "Campinápolis",
    "nomuf": "Mato Grosso",
    "undadm_codigo": 30202002053,
    "coord_lat": -14.4713916667,
    "coord_long": -53.4008472222
   }
  },
  {
   "type": "Feature",
   "id": "aldeias_pontos.3270",
   "geometry": {
    "type": "Point",
    "coordinates": [
     -53.50584444,
     -14.45363889
    ]
   },
   "geometry_name": "the_geom",
   "properties": {
    "cod_aldeia": 3644,
    "nome_aldeia": "PEDRA BRANCA",
    "cod_ti": 47801,
    "cod_municipio": 5102603,
    "data_cadastro": "29/10/2018",
    "flag_ativo": "A",
    "nome_cr": "COORDENACAO REGIONAL XAVANTE",
    "nommunic": "Campinápolis",
    "nomuf": "Mato Grosso",
    "undadm_codigo": 30202002053,
    "coord_lat": -14.4536388889,
    "coord_long": -53.5058444444
   }
  },
  {
   "type": "Feature",
   "id": "aldeias_pontos.3271",
   "geometry": {
    "type": "Point",
    "coordinates": [
     -53.45168333,
     -14.46311389
    ]
   },
   "geometry_name": "the_geom",
   "properties": {
    "cod_aldeia": 3645,
    "nome_aldeia": "SETE RIOS",
    "cod_ti": 47801,
    "cod_municipio": 5106281,
    "data_cadastro": "29/10/2018",
    "flag_ativo": "A",
    "nome_cr": "COORDENACAO REGIONAL XAVANTE",
    "nommunic": "Novo São Joaquim",
    "nomuf": "Mato Grosso",
    "undadm_codigo": 30202002053,
    "coord_lat": -14.4631138889,
    "coord_long": -53.4516833333
   }
  },
  {
   "type": "Feature",
   "id": "aldeias_pontos.3272",
   "geometry": {
    "type": "Point",
    "coordinates": [
     -53.43009722,
     -14.44537778
    ]
   },
   "geometry_name": "the_geom",
   "properties": {
    "cod_aldeia": 3646,
    "nome_aldeia": "ALVORADA",
    "cod_ti": 32701,
    "cod_municipio": 5102603,
    "data_cadastro": "29/10/2018",
    "flag_ativo": "A",
    "nome_cr": "COORDENACAO REGIONAL XAVANTE",
    "nommunic": "Campinápolis",
    "nomuf": "Mato Grosso",
    "undadm_codigo": 30202002053,
    "coord_lat": -14.4453777778,
    "coord_long": -53.4300972222
   }
  },
  {
   "type": "Feature",
   "id": "aldeias_pontos.3273",
   "geometry": {
    "type": "Point",
    "coordinates": [
     -53.447225,
     -14.43177223
    ]
   },
   "geometry_name": "the_geom",
   "properties": {
    "cod_aldeia": 3647,
    "nome_aldeia": "PARAISO",
    "cod_ti": 32701,
    "cod_municipio": 5102603,
    "data_cadastro": "29/10/2018",
    "flag_ativo": "A",
    "nome_cr": "COORDENACAO REGIONAL XAVANTE",
    "nommunic": "Campinápolis",
    "nomuf": "Mato Grosso",
    "undadm_codigo": 30202002053,
    "coord_lat": -14.4317722222,
    "coord_long": -53.447225
   }
  },
  {
   "type": "Feature",
   "id": "aldeias_pontos.3274",
   "geometry": {
    "type": "Point",
    "coordinates": [
     -53.37014167,
     -14.41413612
    ]
   },
   "geometry_name": "the_geom",
   "properties": {
    "cod_aldeia": 3648,
    "nome_aldeia": "LAGOINHA",
    "cod_ti": 32701,
    "cod_municipio": 5102603,
    "data_cadastro": "29/10/2018",
    "flag_ativo": "A",
    "nome_cr": "COORDENACAO REGIONAL XAVANTE",
    "nommunic": "Campinápolis",
    "nomuf": "Mato Grosso",
    "undadm_codigo": 30202002053,
    "coord_lat": -14.4141361111,
    "coord_long": -53.3701416667
   }
  },
  {
   "type": "Feature",
   "id": "aldeias_pontos.3275",
   "geometry": {
    "type": "Point",
    "coordinates": [
     -53.35880556,
     -14.38637223
    ]
   },
   "geometry_name": "the_geom",
   "properties": {
    "cod_aldeia": 3649,
    "nome_aldeia": "EGITO",
    "cod_ti": 32701,
    "cod_municipio": 5102603,
    "data_cadastro": "29/10/2018",
    "flag_ativo": "A",
    "nome_cr": "COORDENACAO REGIONAL XAVANTE",
    "nommunic": "Campinápolis",
    "nomuf": "Mato Grosso",
    "undadm_codigo": 30202002053,
    "coord_lat": -14.3863722222,
    "coord_long": -53.3588055556
   }
  },
  {
   "type": "Feature",
   "id": "aldeias_pontos.3276",
   "geometry": {
    "type": "Point",
    "coordinates": [
     -53.40245,
     -14.36410834
    ]
   },
   "geometry_name": "the_geom",
   "properties": {
    "cod_aldeia": 3650,
    "nome_aldeia": "TIRIWAWEPÁ",
    "cod_ti": 32701,
    "cod_municipio": 5102603,
    "data_cadastro": "29/10/2018",
    "flag_ativo": "A",
    "nome_cr": "COORDENACAO REGIONAL XAVANTE",
    "nommunic": "Campinápolis",
    "nomuf": "Mato Grosso",
    "undadm_codigo": 30202002053,
    "coord_lat": -14.3641083333,
    "coord_long": -53.40245
   }
  },
  {
   "type": "Feature",
   "id": "aldeias_pontos.3277",
   "geometry": {
    "type": "Point",
    "coordinates": [
     -53.35274444,
     -14.33015
    ]
   },
   "geometry_name": "the_geom",
   "properties": {
    "cod_aldeia": 3651,
    "nome_aldeia": "BETEL",
    "cod_ti": 32701,
    "cod_municipio": 5102603,
    "data_cadastro": "29/10/2018",
    "flag_ativo": "A",
    "nome_cr": "COORDENACAO REGIONAL XAVANTE",
    "nommunic": "Campinápolis",
    "nomuf": "Mato Grosso",
    "undadm_codigo": 30202002053,
    "coord_lat": -14.33015,
    "coord_long": -53.3527444444
   }
  },
  {
   "type": "Feature",
   "id": "aldeias_pontos.3278",
   "geometry": {
    "type": "Point",
    "coordinates": [
     -53.39646944,
     -14.297675
    ]
   },
   "geometry_name": "the_geom",
   "properties": {
    "cod_aldeia": 3652,
    "nome_aldeia": "ALTO DA VITORIA",
    "cod_ti": 32701,
    "cod_municipio": 5102603,
    "data_cadastro": "29/10/2018",
    "flag_ativo": "A",
    "nome_cr": "COORDENACAO REGIONAL XAVANTE",
    "nommunic": "Campinápolis",
    "nomuf": "Mato Grosso",
    "undadm_codigo": 30202002053,
    "coord_lat": -14.297675,
    "coord_long": -53.3964694444
   }
  },
  {
   "type": "Feature",
   "id": "aldeias_pontos.3279",
   "geometry": {
    "type": "Point",
    "coordinates": [
     -53.388225,
     -14.25018889
    ]
   },
   "geometry_name": "the_geom",
   "properties": {
    "cod_aldeia": 3653,
    "nome_aldeia": "SANTA FÉ",
    "cod_ti": 32701,
    "cod_municipio": 5102603,
    "data_cadastro": "29/10/2018",
    "flag_ativo": "A",
    "nome_cr": "COORDENACAO REGIONAL XAVANTE",
    "nommunic": "Campinápolis",
    "nomuf": "Mato Grosso",
    "undadm_codigo": 30202002053,
    "coord_lat": -14.2501888889,
    "coord_long": -53.388225
   }
  },
  {
   "type": "Feature",
   "id": "aldeias_pontos.3280",
   "geometry": {
    "type": "Point",
    "coordinates": [
     -53.28550556,
     -14.26082223
    ]
   },
   "geometry_name": "the_geom",
   "properties": {
    "cod_aldeia": 3654,
    "nome_aldeia": "NOVA CANAÃ",
    "cod_ti": 32701,
    "cod_municipio": 5102603,
    "data_cadastro": "29/10/2018",
    "flag_ativo": "A",
    "nome_cr": "COORDENACAO REGIONAL XAVANTE",
    "nommunic": "Campinápolis",
    "nomuf": "Mato Grosso",
    "undadm_codigo": 30202002053,
    "coord_lat": -14.2608222222,
    "coord_long": -53.2855055556
   }
  },
  {
   "type": "Feature",
   "id": "aldeias_pontos.3281",
   "geometry": {
    "type": "Point",
    "coordinates": [
     -53.34976111,
     -14.20448612
    ]
   },
   "geometry_name": "the_geom",
   "properties": {
    "cod_aldeia": 3655,
    "nome_aldeia": "CORREGO DA MATA",
    "cod_ti": 32701,
    "cod_municipio": 5102603,
    "data_cadastro": "29/10/2018",
    "flag_ativo": "A",
    "nome_cr": "COORDENACAO REGIONAL XAVANTE",
    "nommunic": "Campinápolis",
    "nomuf": "Mato Grosso",
    "undadm_codigo": 30202002053,
    "coord_lat": -14.2044861111,
    "coord_long": -53.3497611111
   }
  },
  {
   "type": "Feature",
   "id": "aldeias_pontos.3282",
   "geometry": {
    "type": "Point",
    "coordinates": [
     -53.24342222,
     -14.22982778
    ]
   },
   "geometry_name": "the_geom",
   "properties": {
    "cod_aldeia": 3656,
    "nome_aldeia": "JACU",
    "cod_ti": 32701,
    "cod_municipio": 5102603,
    "data_cadastro": "29/10/2018",
    "flag_ativo": "A",
    "nome_cr": "COORDENACAO REGIONAL XAVANTE",
    "nommunic": "Campinápolis",
    "nomuf": "Mato Grosso",
    "undadm_codigo": 30202002053,
    "coord_lat": -14.2298277778,
    "coord_long": -53.2434222222
   }
  },
  {
   "type": "Feature",
   "id": "aldeias_pontos.3283",
   "geometry": {
    "type": "Point",
    "coordinates": [
     -53.24636389,
     -14.24611667
    ]
   },
   "geometry_name": "the_geom",
   "properties": {
    "cod_aldeia": 3657,
    "nome_aldeia": "PIRANHÃO",
    "cod_ti": 32701,
    "cod_municipio": 5102603,
    "data_cadastro": "29/10/2018",
    "flag_ativo": "A",
    "nome_cr": "COORDENACAO REGIONAL XAVANTE",
    "nommunic": "Campinápolis",
    "nomuf": "Mato Grosso",
    "undadm_codigo": 30202002053,
    "coord_lat": -14.2461166667,
    "coord_long": -53.2463638889
   }
  },
  {
   "type": "Feature",
   "id": "aldeias_pontos.3284",
   "geometry": {
    "type": "Point",
    "coordinates": [
     -52.58291667,
     -15.07151945
    ]
   },
   "geometry_name": "the_geom",
   "properties": {
    "cod_aldeia": 3658,
    "nome_aldeia": "TERRA PROMETIDA",
    "cod_ti": 58101,
    "cod_municipio": 5101803,
    "data_cadastro": "29/10/2018",
    "flag_ativo": "A",
    "nome_cr": "COORDENACAO REGIONAL XAVANTE",
    "nommunic": "Barra do Garças",
    "nomuf": "Mato Grosso",
    "undadm_codigo": 30202002053,
    "coord_lat": -15.0715194444,
    "coord_long": -52.5829166667
   }
  },
  {
   "type": "Feature",
   "id": "aldeias_pontos.3285",
   "geometry": {
    "type": "Point",
    "coordinates": [
     -52.74826667,
     -15.10873612
    ]
   },
   "geometry_name": "the_geom",
   "properties": {
    "cod_aldeia": 3659,
    "nome_aldeia": "EVANGÉLICA DE DEUS",
    "cod_ti": 58101,
    "cod_municipio": 5101803,
    "data_cadastro": "29/10/2018",
    "flag_ativo": "A",
    "nome_cr": "COORDENACAO REGIONAL XAVANTE",
    "nommunic": "Barra do Garças",
    "nomuf": "Mato Grosso",
    "undadm_codigo": 30202002053,
    "coord_lat": -15.1087361111,
    "coord_long": -52.7482666667
   }
  },
  {
   "type": "Feature",
   "id": "aldeias_pontos.3286",
   "geometry": {
    "type": "Point",
    "coordinates": [
     -52.78494444,
     -15.142875
    ]
   },
   "geometry_name": "the_geom",
   "properties": {
    "cod_aldeia": 3660,
    "nome_aldeia": "SÃO GABRIEL",
    "cod_ti": 58101,
    "cod_municipio": 5101803,
    "data_cadastro": "29/10/2018",
    "flag_ativo": "A",
    "nome_cr": "COORDENACAO REGIONAL XAVANTE",
    "nommunic": "Barra do Garças",
    "nomuf": "Mato Grosso",
    "undadm_codigo": 30202002053,
    "coord_lat": -15.142875,
    "coord_long": -52.7849444444
   }
  },
  {
   "type": "Feature",
   "id": "aldeias_pontos.3287",
   "geometry": {
    "type": "Point",
    "coordinates": [
     -52.85906944,
     -15.18403056
    ]
   },
   "geometry_name": "the_geom",
   "properties": {
    "cod_aldeia": 3661,
    "nome_aldeia": "NAMUNKURA",
    "cod_ti": 58101,
    "cod_municipio": 5101803,
    "data_cadastro": "29/10/2018",
    "flag_ativo": "A",
    "nome_cr": "COORDENACAO REGIONAL XAVANTE",
    "nommunic": "Barra do Garças",
    "nomuf": "Mato Grosso",
    "undadm_codigo": 30202002053,
    "coord_lat": -15.1840305556,
    "coord_long": -52.8590694444
   }
  },
  {
   "type": "Feature",
   "id": "aldeias_pontos.3288",
   "geometry": {
    "type": "Point",
    "coordinates": [
     -52.90944722,
     -15.25190556
    ]
   },
   "geometry_name": "the_geom",
   "properties": {
    "cod_aldeia": 3662,
    "nome_aldeia": "NOSSA SENHORA AUXILIADORA",
    "cod_ti": 58101,
    "cod_municipio": 5101803,
    "data_cadastro": "29/10/2018",
    "flag_ativo": "A",
    "nome_cr": "COORDENACAO REGIONAL XAVANTE",
    "nommunic": "Barra do Garças",
    "nomuf": "Mato Grosso",
    "undadm_codigo": 30202002053,
    "coord_lat": -15.2519055556,
    "coord_long": -52.9094472222
   }
  },
  {
   "type": "Feature",
   "id": "aldeias_pontos.3289",
   "geometry": {
    "type": "Point",
    "coordinates": [
     -52.84539722,
     -15.31455556
    ]
   },
   "geometry_name": "the_geom",
   "properties": {
    "cod_aldeia": 3663,
    "nome_aldeia": "SANTISSIMA TRINDADE",
    "cod_ti": 58101,
    "cod_municipio": 5101803,
    "data_cadastro": "29/10/2018",
    "flag_ativo": "A",
    "nome_cr": "COORDENACAO REGIONAL XAVANTE",
    "nommunic": "Barra do Garças",
    "nomuf": "Mato Grosso",
    "undadm_codigo": 30202002053,
    "coord_lat": -15.3145555556,
    "coord_long": -52.8453972222
   }
  },
  {
   "type": "Feature",
   "id": "aldeias_pontos.3290",
   "geometry": {
    "type": "Point",
    "coordinates": [
     -52.83966111,
     -15.33827778
    ]
   },
   "geometry_name": "the_geom",
   "properties": {
    "cod_aldeia": 3664,
    "nome_aldeia": "NOSSA SENHORA APARECIDA",
    "cod_ti": 58101,
    "cod_municipio": 5101803,
    "data_cadastro": "29/10/2018",
    "flag_ativo": "A",
    "nome_cr": "COORDENACAO REGIONAL XAVANTE",
    "nommunic": "Barra do Garças",
    "nomuf": "Mato Grosso",
    "undadm_codigo": 30202002053,
    "coord_lat": -15.3382777778,
    "coord_long": -52.8396611111
   }
  },
  {
   "type": "Feature",
   "id": "aldeias_pontos.3291",
   "geometry": {
    "type": "Point",
    "coordinates": [
     -52.84784167,
     -15.35691112
    ]
   },
   "geometry_name": "the_geom",
   "properties": {
    "cod_aldeia": 3665,
    "nome_aldeia": "NOSSA SENHORA DA GUIA",
    "cod_ti": 58101,
    "cod_municipio": 5101803,
    "data_cadastro": "29/10/2018",
    "flag_ativo": "A",
    "nome_cr": "COORDENACAO REGIONAL XAVANTE",
    "nommunic": "Barra do Garças",
    "nomuf": "Mato Grosso",
    "undadm_codigo": 30202002053,
    "coord_lat": -15.3569111111,
    "coord_long": -52.8478416667
   }
  },
  {
   "type": "Feature",
   "id": "aldeias_pontos.3292",
   "geometry": {
    "type": "Point",
    "coordinates": [
     -52.82321944,
     -15.35716112
    ]
   },
   "geometry_name": "the_geom",
   "properties": {
    "cod_aldeia": 3666,
    "nome_aldeia": "DIVINA PROVIDENCIA",
    "cod_ti": 58101,
    "cod_municipio": 5101803,
    "data_cadastro": "29/10/2018",
    "flag_ativo": "A",
    "nome_cr": "COORDENACAO REGIONAL XAVANTE",
    "nommunic": "Barra do Garças",
    "nomuf": "Mato Grosso",
    "undadm_codigo": 30202002053,
    "coord_lat": -15.3571611111,
    "coord_long": -52.8232194444
   }
  },
  {
   "type": "Feature",
   "id": "aldeias_pontos.3293",
   "geometry": {
    "type": "Point",
    "coordinates": [
     -52.82088889,
     -15.36097501
    ]
   },
   "geometry_name": "the_geom",
   "properties": {
    "cod_aldeia": 3667,
    "nome_aldeia": "RAINHA DA PAZ",
    "cod_ti": 58101,
    "cod_municipio": 5101803,
    "data_cadastro": "29/10/2018",
    "flag_ativo": "A",
    "nome_cr": "COORDENACAO REGIONAL XAVANTE",
    "nommunic": "Barra do Garças",
    "nomuf": "Mato Grosso",
    "undadm_codigo": 30202002053,
    "coord_lat": -15.360975,
    "coord_long": -52.8208888889
   }
  },
  {
   "type": "Feature",
   "id": "aldeias_pontos.3294",
   "geometry": {
    "type": "Point",
    "coordinates": [
     -52.80863333,
     -15.36221945
    ]
   },
   "geometry_name": "the_geom",
   "properties": {
    "cod_aldeia": 3668,
    "nome_aldeia": "SÃO JOSE",
    "cod_ti": 58101,
    "cod_municipio": 5101803,
    "data_cadastro": "29/10/2018",
    "flag_ativo": "A",
    "nome_cr": "COORDENACAO REGIONAL XAVANTE",
    "nommunic": "Barra do Garças",
    "nomuf": "Mato Grosso",
    "undadm_codigo": 30202002053,
    "coord_lat": -15.3622194444,
    "coord_long": -52.8086333333
   }
  },
  {
   "type": "Feature",
   "id": "aldeias_pontos.3295",
   "geometry": {
    "type": "Point",
    "coordinates": [
     -52.86429167,
     -15.35877778
    ]
   },
   "geometry_name": "the_geom",
   "properties": {
    "cod_aldeia": 3669,
    "nome_aldeia": "SAGRADA FAMILIA",
    "cod_ti": 58101,
    "cod_municipio": 5101803,
    "data_cadastro": "29/10/2018",
    "flag_ativo": "A",
    "nome_cr": "COORDENACAO REGIONAL XAVANTE",
    "nommunic": "Barra do Garças",
    "nomuf": "Mato Grosso",
    "undadm_codigo": 30202002053,
    "coord_lat": -15.3587777778,
    "coord_long": -52.8642916667
   }
  },
  {
   "type": "Feature",
   "id": "aldeias_pontos.3296",
   "geometry": {
    "type": "Point",
    "coordinates": [
     -52.87221944,
     -15.36538056
    ]
   },
   "geometry_name": "the_geom",
   "properties": {
    "cod_aldeia": 3670,
    "nome_aldeia": "NOVA VIDA",
    "cod_ti": 58101,
    "cod_municipio": 5101803,
    "data_cadastro": "29/10/2018",
    "flag_ativo": "A",
    "nome_cr": "COORDENACAO REGIONAL XAVANTE",
    "nommunic": "Barra do Garças",
    "nomuf": "Mato Grosso",
    "undadm_codigo": 30202002053,
    "coord_lat": -15.3653805556,
    "coord_long": -52.8722194444
   }
  },
  {
   "type": "Feature",
   "id": "aldeias_pontos.3297",
   "geometry": {
    "type": "Point",
    "coordinates": [
     -52.89830833,
     -15.36870556
    ]
   },
   "geometry_name": "the_geom",
   "properties": {
    "cod_aldeia": 3671,
    "nome_aldeia": "IMACULADA CONCEIÇÃO",
    "cod_ti": 58101,
    "cod_municipio": 5101803,
    "data_cadastro": "30/10/2018",
    "flag_ativo": "A",
    "nome_cr": "COORDENACAO REGIONAL XAVANTE",
    "nommunic": "Barra do Garças",
    "nomuf": "Mato Grosso",
    "undadm_codigo": 30202002053,
    "coord_lat": -15.3687055556,
    "coord_long": -52.8983083333
   }
  },
  {
   "type": "Feature",
   "id": "aldeias_pontos.3298",
   "geometry": {
    "type": "Point",
    "coordinates": [
     -52.90498611,
     -15.37558889
    ]
   },
   "geometry_name": "the_geom",
   "properties": {
    "cod_aldeia": 3672,
    "nome_aldeia": "SÃO MARCOS",
    "cod_ti": 58101,
    "cod_municipio": 5101803,
    "data_cadastro": "30/10/2018",
    "flag_ativo": "A",
    "nome_cr": "COORDENACAO REGIONAL XAVANTE",
    "nommunic": "Barra do Garças",
    "nomuf": "Mato Grosso",
    "undadm_codigo": 30202002053,
    "coord_lat": -15.3755888889,
    "coord_long": -52.9049861111
   }
  },
  {
   "type": "Feature",
   "id": "aldeias_pontos.3299",
   "geometry": {
    "type": "Point",
    "coordinates": [
     -52.93026944,
     -15.38415278
    ]
   },
   "geometry_name": "the_geom",
   "properties": {
    "cod_aldeia": 3673,
    "nome_aldeia": "SALVADOR",
    "cod_ti": 58101,
    "cod_municipio": 5101803,
    "data_cadastro": "30/10/2018",
    "flag_ativo": "A",
    "nome_cr": "COORDENACAO REGIONAL XAVANTE",
    "nommunic": "Barra do Garças",
    "nomuf": "Mato Grosso",
    "undadm_codigo": 30202002053,
    "coord_lat": -15.3841527778,
    "coord_long": -52.9302694444
   }
  },
  {
   "type": "Feature",
   "id": "aldeias_pontos.3300",
   "geometry": {
    "type": "Point",
    "coordinates": [
     -52.932725,
     -15.41776112
    ]
   },
   "geometry_name": "the_geom",
   "properties": {
    "cod_aldeia": 3674,
    "nome_aldeia": "NOSSA SENHORA DAS GRAÇAS",
    "cod_ti": 58101,
    "cod_municipio": 5101803,
    "data_cadastro": "30/10/2018",
    "flag_ativo": "A",
    "nome_cr": "COORDENACAO REGIONAL XAVANTE",
    "nommunic": "Barra do Garças",
    "nomuf": "Mato Grosso",
    "undadm_codigo": 30202002053,
    "coord_lat": -15.4177611111,
    "coord_long": -52.932725
   }
  },
  {
   "type": "Feature",
   "id": "aldeias_pontos.3301",
   "geometry": {
    "type": "Point",
    "coordinates": [
     -52.93548333,
     -15.42128612
    ]
   },
   "geometry_name": "the_geom",
   "properties": {
    "cod_aldeia": 3675,
    "nome_aldeia": "GUADALUPE",
    "cod_ti": 58101,
    "cod_municipio": 5101803,
    "data_cadastro": "30/10/2018",
    "flag_ativo": "A",
    "nome_cr": "COORDENACAO REGIONAL XAVANTE",
    "nommunic": "Barra do Garças",
    "nomuf": "Mato Grosso",
    "undadm_codigo": 30202002053,
    "coord_lat": -15.4212861111,
    "coord_long": -52.9354833333
   }
  },
  {
   "type": "Feature",
   "id": "aldeias_pontos.3302",
   "geometry": {
    "type": "Point",
    "coordinates": [
     -52.92904722,
     -15.42396667
    ]
   },
   "geometry_name": "the_geom",
   "properties": {
    "cod_aldeia": 3676,
    "nome_aldeia": "JUNDIAI",
    "cod_ti": 58101,
    "cod_municipio": 5101803,
    "data_cadastro": "30/10/2018",
    "flag_ativo": "A",
    "nome_cr": "COORDENACAO REGIONAL XAVANTE",
    "nommunic": "Barra do Garças",
    "nomuf": "Mato Grosso",
    "undadm_codigo": 30202002053,
    "coord_lat": -15.4239666667,
    "coord_long": -52.9290472222
   }
  },
  {
   "type": "Feature",
   "id": "aldeias_pontos.3303",
   "geometry": {
    "type": "Point",
    "coordinates": [
     -52.85873333,
     -15.45191667
    ]
   },
   "geometry_name": "the_geom",
   "properties": {
    "cod_aldeia": 3677,
    "nome_aldeia": "NOSSA SENHORA DE FÁTIMA",
    "cod_ti": 58101,
    "cod_municipio": 5101803,
    "data_cadastro": "30/10/2018",
    "flag_ativo": "A",
    "nome_cr": "COORDENACAO REGIONAL XAVANTE",
    "nommunic": "Barra do Garças",
    "nomuf": "Mato Grosso",
    "undadm_codigo": 30202002053,
    "coord_lat": -15.4519166667,
    "coord_long": -52.8587333333
   }
  },
  {
   "type": "Feature",
   "id": "aldeias_pontos.3304",
   "geometry": {
    "type": "Point",
    "coordinates": [
     -52.85863333,
     -15.46971112
    ]
   },
   "geometry_name": "the_geom",
   "properties": {
    "cod_aldeia": 3678,
    "nome_aldeia": "NOVA ESPERANÇA",
    "cod_ti": 58101,
    "cod_municipio": 5101803,
    "data_cadastro": "30/10/2018",
    "flag_ativo": "A",
    "nome_cr": "COORDENACAO REGIONAL XAVANTE",
    "nommunic": "Barra do Garças",
    "nomuf": "Mato Grosso",
    "undadm_codigo": 30202002053,
    "coord_lat": -15.4697111111,
    "coord_long": -52.8586333333
   }
  },
  {
   "type": "Feature",
   "id": "aldeias_pontos.3305",
   "geometry": {
    "type": "Point",
    "coordinates": [
     -52.82630833,
     -15.45539723
    ]
   },
   "geometry_name": "the_geom",
   "properties": {
    "cod_aldeia": 3679,
    "nome_aldeia": "DIAMAT",
    "cod_ti": 58101,
    "cod_municipio": 5101803,
    "data_cadastro": "30/10/2018",
    "flag_ativo": "A",
    "nome_cr": "COORDENACAO REGIONAL XAVANTE",
    "nommunic": "Barra do Garças",
    "nomuf": "Mato Grosso",
    "undadm_codigo": 30202002053,
    "coord_lat": -15.4553972222,
    "coord_long": -52.8263083333
   }
  },
  {
   "type": "Feature",
   "id": "aldeias_pontos.3306",
   "geometry": {
    "type": "Point",
    "coordinates": [
     -52.95193333,
     -15.51950556
    ]
   },
   "geometry_name": "the_geom",
   "properties": {
    "cod_aldeia": 3680,
    "nome_aldeia": "JESUS DE NAZARE",
    "cod_ti": 29001,
    "cod_municipio": 5101803,
    "data_cadastro": "30/10/2018",
    "flag_ativo": "A",
    "nome_cr": "COORDENACAO REGIONAL DE CUIABA",
    "nommunic": "Barra do Garças",
    "nomuf": "Mato Grosso",
    "undadm_codigo": 30202002025,
    "coord_lat": -15.5195055556,
    "coord_long": -52.9519333333
   }
  },
  {
   "type": "Feature",
   "id": "aldeias_pontos.3307",
   "geometry": {
    "type": "Point",
    "coordinates": [
     -52.93239167,
     -15.49656389
    ]
   },
   "geometry_name": "the_geom",
   "properties": {
    "cod_aldeia": 3681,
    "nome_aldeia": "SÃO CRISTOVÃO",
    "cod_ti": 29001,
    "cod_municipio": 5101803,
    "data_cadastro": "30/10/2018",
    "flag_ativo": "A",
    "nome_cr": "COORDENACAO REGIONAL DE CUIABA",
    "nommunic": "Barra do Garças",
    "nomuf": "Mato Grosso",
    "undadm_codigo": 30202002025,
    "coord_lat": -15.4965638889,
    "coord_long": -52.9323916667
   }
  },
  {
   "type": "Feature",
   "id": "aldeias_pontos.3308",
   "geometry": {
    "type": "Point",
    "coordinates": [
     -53.85304167,
     -15.18345556
    ]
   },
   "geometry_name": "the_geom",
   "properties": {
    "cod_aldeia": 3682,
    "nome_aldeia": "VOLTA GRANDE",
    "cod_ti": 41101,
    "cod_municipio": 5106281,
    "data_cadastro": "30/10/2018",
    "flag_ativo": "A",
    "nome_cr": "COORDENACAO REGIONAL XAVANTE",
    "nommunic": "Novo São Joaquim",
    "nomuf": "Mato Grosso",
    "undadm_codigo": 30202002053,
    "coord_lat": -15.1834555556,
    "coord_long": -53.8530416667
   }
  },
  {
   "type": "Feature",
   "id": "aldeias_pontos.3309",
   "geometry": {
    "type": "Point",
    "coordinates": [
     -53.932,
     -15.31559445
    ]
   },
   "geometry_name": "the_geom",
   "properties": {
    "cod_aldeia": 3683,
    "nome_aldeia": "LAGOA ENCANTADA",
    "cod_ti": 41101,
    "cod_municipio": 5107008,
    "data_cadastro": "30/10/2018",
    "flag_ativo": "A",
    "nome_cr": "COORDENACAO REGIONAL XAVANTE",
    "nommunic": "Poxoréu",
    "nomuf": "Mato Grosso",
    "undadm_codigo": 30202002053,
    "coord_lat": -15.3155944444,
    "coord_long": -53.932
   }
  },
  {
   "type": "Feature",
   "id": "aldeias_pontos.3310",
   "geometry": {
    "type": "Point",
    "coordinates": [
     -53.95750833,
     -15.60635556
    ]
   },
   "geometry_name": "the_geom",
   "properties": {
    "cod_aldeia": 3684,
    "nome_aldeia": "NHOWI",
    "cod_ti": 41101,
    "cod_municipio": 5107008,
    "data_cadastro": "30/10/2018",
    "flag_ativo": "A",
    "nome_cr": "COORDENACAO REGIONAL XAVANTE",
    "nommunic": "Poxoréu",
    "nomuf": "Mato Grosso",
    "undadm_codigo": 30202002053,
    "coord_lat": -15.6063555556,
    "coord_long": -53.9575083333
   }
  },
  {
   "type": "Feature",
   "id": "aldeias_pontos.3311",
   "geometry": {
    "type": "Point",
    "coordinates": [
     -53.80029722,
     -15.28906112
    ]
   },
   "geometry_name": "the_geom",
   "properties": {
    "cod_aldeia": 3685,
    "nome_aldeia": "DOM BOSCO",
    "cod_ti": 41101,
    "cod_municipio": 5107008,
    "data_cadastro": "30/10/2018",
    "flag_ativo": "A",
    "nome_cr": "COORDENACAO REGIONAL XAVANTE",
    "nommunic": "Poxoréu",
    "nomuf": "Mato Grosso",
    "undadm_codigo": 30202002053,
    "coord_lat": -15.2890611111,
    "coord_long": -53.8002972222
   }
  },
  {
   "type": "Feature",
   "id": "aldeias_pontos.3312",
   "geometry": {
    "type": "Point",
    "coordinates": [
     -53.947375,
     -15.46383612
    ]
   },
   "geometry_name": "the_geom",
   "properties": {
    "cod_aldeia": 3686,
    "nome_aldeia": "MORIMBU",
    "cod_ti": 41101,
    "cod_municipio": 5107008,
    "data_cadastro": "30/10/2018",
    "flag_ativo": "A",
    "nome_cr": "COORDENACAO REGIONAL XAVANTE",
    "nommunic": "Poxoréu",
    "nomuf": "Mato Grosso",
    "undadm_codigo": 30202002053,
    "coord_lat": -15.4638361111,
    "coord_long": -53.947375
   }
  },
  {
   "type": "Feature",
   "id": "aldeias_pontos.3313",
   "geometry": {
    "type": "Point",
    "coordinates": [
     -53.98173056,
     -15.58267501
    ]
   },
   "geometry_name": "the_geom",
   "properties": {
    "cod_aldeia": 3687,
    "nome_aldeia": "ÉTE ARE",
    "cod_ti": 41101,
    "cod_municipio": 5107008,
    "data_cadastro": "30/10/2018",
    "flag_ativo": "A",
    "nome_cr": "COORDENACAO REGIONAL XAVANTE",
    "nommunic": "Poxoréu",
    "nomuf": "Mato Grosso",
    "undadm_codigo": 30202002053,
    "coord_lat": -15.582675,
    "coord_long": -53.9817305556
   }
  },
  {
   "type": "Feature",
   "id": "aldeias_pontos.3314",
   "geometry": {
    "type": "Point",
    "coordinates": [
     -53.87571944,
     -15.53757501
    ]
   },
   "geometry_name": "the_geom",
   "properties": {
    "cod_aldeia": 3688,
    "nome_aldeia": "TRES LAGOAS",
    "cod_ti": 41101,
    "cod_municipio": 5103908,
    "data_cadastro": "30/10/2018",
    "flag_ativo": "A",
    "nome_cr": "COORDENACAO REGIONAL XAVANTE",
    "nommunic": "General Carneiro",
    "nomuf": "Mato Grosso",
    "undadm_codigo": 30202002053,
    "coord_lat": -15.537575,
    "coord_long": -53.8757194444
   }
  },
  {
   "type": "Feature",
   "id": "aldeias_pontos.3315",
   "geometry": {
    "type": "Point",
    "coordinates": [
     -53.82176667,
     -15.52014167
    ]
   },
   "geometry_name": "the_geom",
   "properties": {
    "cod_aldeia": 3689,
    "nome_aldeia": "ABELHINHA",
    "cod_ti": 41101,
    "cod_municipio": 5103908,
    "data_cadastro": "30/10/2018",
    "flag_ativo": "A",
    "nome_cr": "COORDENACAO REGIONAL XAVANTE",
    "nommunic": "General Carneiro",
    "nomuf": "Mato Grosso",
    "undadm_codigo": 30202002053,
    "coord_lat": -15.5201416667,
    "coord_long": -53.8217666667
   }
  },
  {
   "type": "Feature",
   "id": "aldeias_pontos.3316",
   "geometry": {
    "type": "Point",
    "coordinates": [
     -53.85035833,
     -15.46961389
    ]
   },
   "geometry_name": "the_geom",
   "properties": {
    "cod_aldeia": 3690,
    "nome_aldeia": "CACHOEIRA DE PEDRA",
    "cod_ti": 41101,
    "cod_municipio": 5103908,
    "data_cadastro": "30/10/2018",
    "flag_ativo": "A",
    "nome_cr": "COORDENACAO REGIONAL XAVANTE",
    "nommunic": "General Carneiro",
    "nomuf": "Mato Grosso",
    "undadm_codigo": 30202002053,
    "coord_lat": -15.4696138889,
    "coord_long": -53.8503583333
   }
  },
  {
   "type": "Feature",
   "id": "aldeias_pontos.3317",
   "geometry": {
    "type": "Point",
    "coordinates": [
     -53.80264444,
     -15.47058056
    ]
   },
   "geometry_name": "the_geom",
   "properties": {
    "cod_aldeia": 3691,
    "nome_aldeia": "SÃO MIGUEL",
    "cod_ti": 41101,
    "cod_municipio": 5103908,
    "data_cadastro": "30/10/2018",
    "flag_ativo": "A",
    "nome_cr": "COORDENACAO REGIONAL XAVANTE",
    "nommunic": "General Carneiro",
    "nomuf": "Mato Grosso",
    "undadm_codigo": 30202002053,
    "coord_lat": -15.4705805556,
    "coord_long": -53.8026444444
   }
  },
  {
   "type": "Feature",
   "id": "aldeias_pontos.3318",
   "geometry": {
    "type": "Point",
    "coordinates": [
     -53.83034722,
     -15.68251389
    ]
   },
   "geometry_name": "the_geom",
   "properties": {
    "cod_aldeia": 3692,
    "nome_aldeia": "BOM JESUS",
    "cod_ti": 41101,
    "cod_municipio": 5103908,
    "data_cadastro": "30/10/2018",
    "flag_ativo": "A",
    "nome_cr": "COORDENACAO REGIONAL XAVANTE",
    "nommunic": "General Carneiro",
    "nomuf": "Mato Grosso",
    "undadm_codigo": 30202002053,
    "coord_lat": -15.6825138889,
    "coord_long": -53.8303472222
   }
  },
  {
   "type": "Feature",
   "id": "aldeias_pontos.3319",
   "geometry": {
    "type": "Point",
    "coordinates": [
     -53.79436667,
     -15.71067223
    ]
   },
   "geometry_name": "the_geom",
   "properties": {
    "cod_aldeia": 3693,
    "nome_aldeia": "TSÕ REPRE",
    "cod_ti": 41101,
    "cod_municipio": 5103908,
    "data_cadastro": "30/10/2018",
    "flag_ativo": "A",
    "nome_cr": "COORDENACAO REGIONAL XAVANTE",
    "nommunic": "General Carneiro",
    "nomuf": "Mato Grosso",
    "undadm_codigo": 30202002053,
    "coord_lat": -15.7106722222,
    "coord_long": -53.7943666667
   }
  },
  {
   "type": "Feature",
   "id": "aldeias_pontos.3548",
   "geometry": {
    "type": "Point",
    "coordinates": [
     -57.09638889,
     -9.02777778
    ]
   },
   "geometry_name": "the_geom",
   "properties": {
    "cod_aldeia": 3979,
    "nome_aldeia": "Ximari",
    "cod_ti": 22902,
    "cod_municipio": 5100805,
    "data_cadastro": "09/10/2019",
    "flag_ativo": "A",
    "nome_cr": "COORDENACAO REGIONAL NORTE DO MATO GROSSO",
    "nommunic": "Apiacás",
    "nomuf": "Mato Grosso",
    "undadm_codigo": 30202002039,
    "coord_lat": -9.02777777778,
    "coord_long": -57.0963888889
   }
  },
  {
   "type": "Feature",
   "id": "aldeias_pontos.3648",
   "geometry": {
    "type": "Point",
    "coordinates": [
     -52.81090833,
     -12.84904445
    ]
   },
   "geometry_name": "the_geom",
   "properties": {
    "cod_aldeia": 4089,
    "nome_aldeia": "Adjuaga (Kuluene)",
    "cod_ti": 33801,
    "cod_municipio": 5102702,
    "data_cadastro": "10/06/2020",
    "flag_ativo": "A",
    "nome_cr": "COORDENACAO REGIONAL DO XINGU",
    "nommunic": "Canarana",
    "nomuf": "Mato Grosso",
    "undadm_codigo": 30202002060,
    "coord_lat": -12.849044444444,
    "coord_long": -52.810908333333
   }
  },
  {
   "type": "Feature",
   "id": "aldeias_pontos.3649",
   "geometry": {
    "type": "Point",
    "coordinates": [
     -52.82701944,
     -12.83094167
    ]
   },
   "geometry_name": "the_geom",
   "properties": {
    "cod_aldeia": 4090,
    "nome_aldeia": "Lago Azul",
    "cod_ti": 33801,
    "cod_municipio": 5102702,
    "data_cadastro": "10/06/2020",
    "flag_ativo": "A",
    "nome_cr": "COORDENACAO REGIONAL DO XINGU",
    "nommunic": "Canarana",
    "nomuf": "Mato Grosso",
    "undadm_codigo": 30202002060,
    "coord_lat": -12.830941666667,
    "coord_long": -52.827019444444
   }
  },
  {
   "type": "Feature",
   "id": "aldeias_pontos.3650",
   "geometry": {
    "type": "Point",
    "coordinates": [
     -52.84942222,
     -12.80743056
    ]
   },
   "geometry_name": "the_geom",
   "properties": {
    "cod_aldeia": 4091,
    "nome_aldeia": "Tehuhungu (Pedra)",
    "cod_ti": 33801,
    "cod_municipio": 5102702,
    "data_cadastro": "10/06/2020",
    "flag_ativo": "A",
    "nome_cr": "COORDENACAO REGIONAL DO XINGU",
    "nommunic": "Canarana",
    "nomuf": "Mato Grosso",
    "undadm_codigo": 30202002060,
    "coord_lat": -12.807430555556,
    "coord_long": -52.849422222222
   }
  },
  {
   "type": "Feature",
   "id": "aldeias_pontos.3651",
   "geometry": {
    "type": "Point",
    "coordinates": [
     -52.906425,
     -12.96183334
    ]
   },
   "geometry_name": "the_geom",
   "properties": {
    "cod_aldeia": 4092,
    "nome_aldeia": "Naruvôtu",
    "cod_ti": 55201,
    "cod_municipio": 5103858,
    "data_cadastro": "10/06/2020",
    "flag_ativo": "A",
    "nome_cr": "COORDENACAO REGIONAL DO XINGU",
    "nommunic": "Gaúcha do Norte",
    "nomuf": "Mato Grosso",
    "undadm_codigo": 30202002060,
    "coord_lat": -12.961833333333,
    "coord_long": -52.906425
   }
  },
  {
   "type": "Feature",
   "id": "aldeias_pontos.3652",
   "geometry": {
    "type": "Point",
    "coordinates": [
     -52.91425278,
     -12.76639723
    ]
   },
   "geometry_name": "the_geom",
   "properties": {
    "cod_aldeia": 4093,
    "nome_aldeia": "Agatha (Barranco Queimado)",
    "cod_ti": 33801,
    "cod_municipio": 5103858,
    "data_cadastro": "10/06/2020",
    "flag_ativo": "A",
    "nome_cr": "COORDENACAO REGIONAL DO XINGU",
    "nommunic": "Gaúcha do Norte",
    "nomuf": "Mato Grosso",
    "undadm_codigo": 30202002060,
    "coord_lat": -12.766397222222,
    "coord_long": -52.914252777778
   }
  },
  {
   "type": "Feature",
   "id": "aldeias_pontos.3653",
   "geometry": {
    "type": "Point",
    "coordinates": [
     -52.98482778,
     -12.78541667
    ]
   },
   "geometry_name": "the_geom",
   "properties": {
    "cod_aldeia": 4094,
    "nome_aldeia": "Pangakigi (Caramujo)",
    "cod_ti": 33801,
    "cod_municipio": 5103858,
    "data_cadastro": "10/06/2020",
    "flag_ativo": "A",
    "nome_cr": "COORDENACAO REGIONAL DO XINGU",
    "nommunic": "Gaúcha do Norte",
    "nomuf": "Mato Grosso",
    "undadm_codigo": 30202002060,
    "coord_lat": -12.785416666667,
    "coord_long": -52.984827777778
   }
  },
  {
   "type": "Feature",
   "id": "aldeias_pontos.3654",
   "geometry": {
    "type": "Point",
    "coordinates": [
     -52.96992222,
     -12.73667778
    ]
   },
   "geometry_name": "the_geom",
   "properties": {
    "cod_aldeia": 4095,
    "nome_aldeia": "Kaluwani (Paraíso)",
    "cod_ti": 33801,
    "cod_municipio": 5103858,
    "data_cadastro": "10/06/2020",
    "flag_ativo": "A",
    "nome_cr": "COORDENACAO REGIONAL DO XINGU",
    "nommunic": "Gaúcha do Norte",
    "nomuf": "Mato Grosso",
    "undadm_codigo": 30202002060,
    "coord_lat": -12.736677777778,
    "coord_long": -52.969922222222
   }
  },
  {
   "type": "Feature",
   "id": "aldeias_pontos.3655",
   "geometry": {
    "type": "Point",
    "coordinates": [
     -53.07186944,
     -12.58875556
    ]
   },
   "geometry_name": "the_geom",
   "properties": {
    "cod_aldeia": 4096,
    "nome_aldeia": "Assahutu",
    "cod_ti": 33801,
    "cod_municipio": 5103858,
    "data_cadastro": "10/06/2020",
    "flag_ativo": "A",
    "nome_cr": "COORDENACAO REGIONAL DO XINGU",
    "nommunic": "Gaúcha do Norte",
    "nomuf": "Mato Grosso",
    "undadm_codigo": 30202002060,
    "coord_lat": -12.588755555556,
    "coord_long": -53.071869444444
   }
  },
  {
   "type": "Feature",
   "id": "aldeias_pontos.3656",
   "geometry": {
    "type": "Point",
    "coordinates": [
     -53.10830556,
     -12.55411389
    ]
   },
   "geometry_name": "the_geom",
   "properties": {
    "cod_aldeia": 4097,
    "nome_aldeia": "Lahatua",
    "cod_ti": 33801,
    "cod_municipio": 5103858,
    "data_cadastro": "10/06/2020",
    "flag_ativo": "A",
    "nome_cr": "COORDENACAO REGIONAL DO XINGU",
    "nommunic": "Gaúcha do Norte",
    "nomuf": "Mato Grosso",
    "undadm_codigo": 30202002060,
    "coord_lat": -12.554113888889,
    "coord_long": -53.108305555556
   }
  },
  {
   "type": "Feature",
   "id": "aldeias_pontos.3657",
   "geometry": {
    "type": "Point",
    "coordinates": [
     -53.12848889,
     -12.52344722
    ]
   },
   "geometry_name": "the_geom",
   "properties": {
    "cod_aldeia": 4098,
    "nome_aldeia": "Mayene",
    "cod_ti": 33801,
    "cod_municipio": 5103858,
    "data_cadastro": "10/06/2020",
    "flag_ativo": "A",
    "nome_cr": "COORDENACAO REGIONAL DO XINGU",
    "nommunic": "Gaúcha do Norte",
    "nomuf": "Mato Grosso",
    "undadm_codigo": 30202002060,
    "coord_lat": -12.523447222222,
    "coord_long": -53.128488888889
   }
  },
  {
   "type": "Feature",
   "id": "aldeias_pontos.3658",
   "geometry": {
    "type": "Point",
    "coordinates": [
     -53.20951667,
     -12.35188334
    ]
   },
   "geometry_name": "the_geom",
   "properties": {
    "cod_aldeia": 4099,
    "nome_aldeia": "Ipatse (Kuikuro)",
    "cod_ti": 33801,
    "cod_municipio": 5103858,
    "data_cadastro": "10/06/2020",
    "flag_ativo": "A",
    "nome_cr": "COORDENACAO REGIONAL DO XINGU",
    "nommunic": "Gaúcha do Norte",
    "nomuf": "Mato Grosso",
    "undadm_codigo": 30202002060,
    "coord_lat": -12.351883333333,
    "coord_long": -53.209516666667
   }
  },
  {
   "type": "Feature",
   "id": "aldeias_pontos.3659",
   "geometry": {
    "type": "Point",
    "coordinates": [
     -53.24036667,
     -12.542
    ]
   },
   "geometry_name": "the_geom",
   "properties": {
    "cod_aldeia": 4100,
    "nome_aldeia": "Buritizal",
    "cod_ti": 33801,
    "cod_municipio": 5103858,
    "data_cadastro": "10/06/2020",
    "flag_ativo": "A",
    "nome_cr": "COORDENACAO REGIONAL DO XINGU",
    "nommunic": "Gaúcha do Norte",
    "nomuf": "Mato Grosso",
    "undadm_codigo": 30202002060,
    "coord_lat": -12.542,
    "coord_long": -53.240366666667
   }
  },
  {
   "type": "Feature",
   "id": "aldeias_pontos.3660",
   "geometry": {
    "type": "Point",
    "coordinates": [
     -53.232625,
     -12.98392223
    ]
   },
   "geometry_name": "the_geom",
   "properties": {
    "cod_aldeia": 4101,
    "nome_aldeia": "Mirassol",
    "cod_ti": 33801,
    "cod_municipio": 5103858,
    "data_cadastro": "10/06/2020",
    "flag_ativo": "A",
    "nome_cr": "COORDENACAO REGIONAL DO XINGU",
    "nommunic": "Gaúcha do Norte",
    "nomuf": "Mato Grosso",
    "undadm_codigo": 30202002060,
    "coord_lat": -12.983922222222,
    "coord_long": -53.232625
   }
  },
  {
   "type": "Feature",
   "id": "aldeias_pontos.3661",
   "geometry": {
    "type": "Point",
    "coordinates": [
     -53.19586667,
     -12.89838056
    ]
   },
   "geometry_name": "the_geom",
   "properties": {
    "cod_aldeia": 4102,
    "nome_aldeia": "Nyarazul",
    "cod_ti": 33801,
    "cod_municipio": 5103858,
    "data_cadastro": "10/06/2020",
    "flag_ativo": "A",
    "nome_cr": "COORDENACAO REGIONAL DO XINGU",
    "nommunic": "Gaúcha do Norte",
    "nomuf": "Mato Grosso",
    "undadm_codigo": 30202002060,
    "coord_lat": -12.898380555556,
    "coord_long": -53.195866666667
   }
  },
  {
   "type": "Feature",
   "id": "aldeias_pontos.3662",
   "geometry": {
    "type": "Point",
    "coordinates": [
     -53.1442,
     -12.96105
    ]
   },
   "geometry_name": "the_geom",
   "properties": {
    "cod_aldeia": 4103,
    "nome_aldeia": "Kawpyna",
    "cod_ti": 33801,
    "cod_municipio": 5103858,
    "data_cadastro": "10/06/2020",
    "flag_ativo": "A",
    "nome_cr": "COORDENACAO REGIONAL DO XINGU",
    "nommunic": "Gaúcha do Norte",
    "nomuf": "Mato Grosso",
    "undadm_codigo": 30202002060,
    "coord_lat": -12.96105,
    "coord_long": -53.1442
   }
  },
  {
   "type": "Feature",
   "id": "aldeias_pontos.3663",
   "geometry": {
    "type": "Point",
    "coordinates": [
     -53.16856111,
     -12.93856945
    ]
   },
   "geometry_name": "the_geom",
   "properties": {
    "cod_aldeia": 4104,
    "nome_aldeia": "Nekupai",
    "cod_ti": 33801,
    "cod_municipio": 5103858,
    "data_cadastro": "10/06/2020",
    "flag_ativo": "A",
    "nome_cr": "COORDENACAO REGIONAL DO XINGU",
    "nommunic": "Gaúcha do Norte",
    "nomuf": "Mato Grosso",
    "undadm_codigo": 30202002060,
    "coord_lat": -12.938569444444,
    "coord_long": -53.168561111111
   }
  },
  {
   "type": "Feature",
   "id": "aldeias_pontos.3664",
   "geometry": {
    "type": "Point",
    "coordinates": [
     -53.43738056,
     -12.99244723
    ]
   },
   "geometry_name": "the_geom",
   "properties": {
    "cod_aldeia": 4105,
    "nome_aldeia": "Utawana",
    "cod_ti": 33801,
    "cod_municipio": 5103858,
    "data_cadastro": "10/06/2020",
    "flag_ativo": "A",
    "nome_cr": "COORDENACAO REGIONAL DO XINGU",
    "nommunic": "Gaúcha do Norte",
    "nomuf": "Mato Grosso",
    "undadm_codigo": 30202002060,
    "coord_lat": -12.992447222222,
    "coord_long": -53.437380555556
   }
  },
  {
   "type": "Feature",
   "id": "aldeias_pontos.3665",
   "geometry": {
    "type": "Point",
    "coordinates": [
     -53.38506111,
     -12.85409445
    ]
   },
   "geometry_name": "the_geom",
   "properties": {
    "cod_aldeia": 4106,
    "nome_aldeia": "Yaramy",
    "cod_ti": 33801,
    "cod_municipio": 5103858,
    "data_cadastro": "10/06/2020",
    "flag_ativo": "A",
    "nome_cr": "COORDENACAO REGIONAL DO XINGU",
    "nommunic": "Gaúcha do Norte",
    "nomuf": "Mato Grosso",
    "undadm_codigo": 30202002060,
    "coord_lat": -12.854094444444,
    "coord_long": -53.385061111111
   }
  },
  {
   "type": "Feature",
   "id": "aldeias_pontos.3666",
   "geometry": {
    "type": "Point",
    "coordinates": [
     -53.24774167,
     -12.78303056
    ]
   },
   "geometry_name": "the_geom",
   "properties": {
    "cod_aldeia": 4107,
    "nome_aldeia": "Ihumba",
    "cod_ti": 33801,
    "cod_municipio": 5103858,
    "data_cadastro": "10/06/2020",
    "flag_ativo": "A",
    "nome_cr": "COORDENACAO REGIONAL DO XINGU",
    "nommunic": "Gaúcha do Norte",
    "nomuf": "Mato Grosso",
    "undadm_codigo": 30202002060,
    "coord_lat": -12.783030555556,
    "coord_long": -53.247741666667
   }
  },
  {
   "type": "Feature",
   "id": "aldeias_pontos.3667",
   "geometry": {
    "type": "Point",
    "coordinates": [
     -53.41991389,
     -12.60376389
    ]
   },
   "geometry_name": "the_geom",
   "properties": {
    "cod_aldeia": 4108,
    "nome_aldeia": "Uyaipiuku (Mehinako)",
    "cod_ti": 33801,
    "cod_municipio": 5103858,
    "data_cadastro": "10/06/2020",
    "flag_ativo": "A",
    "nome_cr": "COORDENACAO REGIONAL DO XINGU",
    "nommunic": "Gaúcha do Norte",
    "nomuf": "Mato Grosso",
    "undadm_codigo": 30202002060,
    "coord_lat": -12.603763888889,
    "coord_long": -53.419913888889
   }
  },
  {
   "type": "Feature",
   "id": "aldeias_pontos.3668",
   "geometry": {
    "type": "Point",
    "coordinates": [
     -53.39218333,
     -12.382875
    ]
   },
   "geometry_name": "the_geom",
   "properties": {
    "cod_aldeia": 4109,
    "nome_aldeia": "Tazu´jyt Tetam (Aweti)",
    "cod_ti": 33801,
    "cod_municipio": 5103858,
    "data_cadastro": "10/06/2020",
    "flag_ativo": "A",
    "nome_cr": "COORDENACAO REGIONAL DO XINGU",
    "nommunic": "Gaúcha do Norte",
    "nomuf": "Mato Grosso",
    "undadm_codigo": 30202002060,
    "coord_lat": -12.382875,
    "coord_long": -53.392183333333
   }
  },
  {
   "type": "Feature",
   "id": "aldeias_pontos.3669",
   "geometry": {
    "type": "Point",
    "coordinates": [
     -53.32928056,
     -12.34621667
    ]
   },
   "geometry_name": "the_geom",
   "properties": {
    "cod_aldeia": 4110,
    "nome_aldeia": "São Jorge",
    "cod_ti": 33801,
    "cod_municipio": 5103858,
    "data_cadastro": "10/06/2020",
    "flag_ativo": "A",
    "nome_cr": "COORDENACAO REGIONAL DO XINGU",
    "nommunic": "Gaúcha do Norte",
    "nomuf": "Mato Grosso",
    "undadm_codigo": 30202002060,
    "coord_lat": -12.346216666667,
    "coord_long": -53.329280555556
   }
  },
  {
   "type": "Feature",
   "id": "aldeias_pontos.3670",
   "geometry": {
    "type": "Point",
    "coordinates": [
     -53.34521111,
     -12.289775
    ]
   },
   "geometry_name": "the_geom",
   "properties": {
    "cod_aldeia": 4111,
    "nome_aldeia": "Palushayu",
    "cod_ti": 33801,
    "cod_municipio": 5103858,
    "data_cadastro": "10/06/2020",
    "flag_ativo": "A",
    "nome_cr": "COORDENACAO REGIONAL DO XINGU",
    "nommunic": "Gaúcha do Norte",
    "nomuf": "Mato Grosso",
    "undadm_codigo": 30202002060,
    "coord_lat": -12.289775,
    "coord_long": -53.345211111111
   }
  },
  {
   "type": "Feature",
   "id": "aldeias_pontos.3671",
   "geometry": {
    "type": "Point",
    "coordinates": [
     -53.35338333,
     -12.26390278
    ]
   },
   "geometry_name": "the_geom",
   "properties": {
    "cod_aldeia": 4112,
    "nome_aldeia": "Saidão da Fumaça",
    "cod_ti": 33801,
    "cod_municipio": 5103858,
    "data_cadastro": "10/06/2020",
    "flag_ativo": "A",
    "nome_cr": "COORDENACAO REGIONAL DO XINGU",
    "nommunic": "Gaúcha do Norte",
    "nomuf": "Mato Grosso",
    "undadm_codigo": 30202002060,
    "coord_lat": -12.263902777778,
    "coord_long": -53.353383333333
   }
  },
  {
   "type": "Feature",
   "id": "aldeias_pontos.3672",
   "geometry": {
    "type": "Point",
    "coordinates": [
     -53.33536111,
     -12.16684167
    ]
   },
   "geometry_name": "the_geom",
   "properties": {
    "cod_aldeia": 4113,
    "nome_aldeia": "Tuatuari (Yawalapiti)",
    "cod_ti": 33801,
    "cod_municipio": 5103858,
    "data_cadastro": "10/06/2020",
    "flag_ativo": "A",
    "nome_cr": "COORDENACAO REGIONAL DO XINGU",
    "nommunic": "Gaúcha do Norte",
    "nomuf": "Mato Grosso",
    "undadm_codigo": 30202002060,
    "coord_lat": -12.166841666667,
    "coord_long": -53.335361111111
   }
  },
  {
   "type": "Feature",
   "id": "aldeias_pontos.3673",
   "geometry": {
    "type": "Point",
    "coordinates": [
     -53.43295833,
     -12.15356389
    ]
   },
   "geometry_name": "the_geom",
   "properties": {
    "cod_aldeia": 4114,
    "nome_aldeia": "Ipavu (Kamayura)",
    "cod_ti": 33801,
    "cod_municipio": 5103858,
    "data_cadastro": "10/06/2020",
    "flag_ativo": "A",
    "nome_cr": "COORDENACAO REGIONAL DO XINGU",
    "nommunic": "Gaúcha do Norte",
    "nomuf": "Mato Grosso",
    "undadm_codigo": 30202002060,
    "coord_lat": -12.153563888889,
    "coord_long": -53.432958333333
   }
  },
  {
   "type": "Feature",
   "id": "aldeias_pontos.3674",
   "geometry": {
    "type": "Point",
    "coordinates": [
     -53.58259444,
     -12.24897778
    ]
   },
   "geometry_name": "the_geom",
   "properties": {
    "cod_aldeia": 4115,
    "nome_aldeia": "Piyulaga (Waura)",
    "cod_ti": 33801,
    "cod_municipio": 5103858,
    "data_cadastro": "10/06/2020",
    "flag_ativo": "A",
    "nome_cr": "COORDENACAO REGIONAL DO XINGU",
    "nommunic": "Gaúcha do Norte",
    "nomuf": "Mato Grosso",
    "undadm_codigo": 30202002060,
    "coord_lat": -12.248977777778,
    "coord_long": -53.582594444444
   }
  },
  {
   "type": "Feature",
   "id": "aldeias_pontos.3675",
   "geometry": {
    "type": "Point",
    "coordinates": [
     -53.68193056,
     -12.99932223
    ]
   },
   "geometry_name": "the_geom",
   "properties": {
    "cod_aldeia": 4116,
    "nome_aldeia": "Aturwa",
    "cod_ti": 33801,
    "cod_municipio": 5103858,
    "data_cadastro": "10/06/2020",
    "flag_ativo": "A",
    "nome_cr": "COORDENACAO REGIONAL DO XINGU",
    "nommunic": "Gaúcha do Norte",
    "nomuf": "Mato Grosso",
    "undadm_codigo": 30202002060,
    "coord_lat": -12.999322222222,
    "coord_long": -53.681930555556
   }
  },
  {
   "type": "Feature",
   "id": "aldeias_pontos.3676",
   "geometry": {
    "type": "Point",
    "coordinates": [
     -53.97676111,
     -12.99258056
    ]
   },
   "geometry_name": "the_geom",
   "properties": {
    "cod_aldeia": 4117,
    "nome_aldeia": "Kamitatuwalu (Batovi)",
    "cod_ti": 6001,
    "cod_municipio": 5103858,
    "data_cadastro": "10/06/2020",
    "flag_ativo": "A",
    "nome_cr": "COORDENACAO REGIONAL DO XINGU",
    "nommunic": "Gaúcha do Norte",
    "nomuf": "Mato Grosso",
    "undadm_codigo": 30202002060,
    "coord_lat": -12.992580555556,
    "coord_long": -53.976761111111
   }
  },
  {
   "type": "Feature",
   "id": "aldeias_pontos.3677",
   "geometry": {
    "type": "Point",
    "coordinates": [
     -53.89796389,
     -12.90096389
    ]
   },
   "geometry_name": "the_geom",
   "properties": {
    "cod_aldeia": 4118,
    "nome_aldeia": "Ulupuwene",
    "cod_ti": 6001,
    "cod_municipio": 5103858,
    "data_cadastro": "10/06/2020",
    "flag_ativo": "A",
    "nome_cr": "COORDENACAO REGIONAL DO XINGU",
    "nommunic": "Gaúcha do Norte",
    "nomuf": "Mato Grosso",
    "undadm_codigo": 30202002060,
    "coord_lat": -12.900963888889,
    "coord_long": -53.897963888889
   }
  },
  {
   "type": "Feature",
   "id": "aldeias_pontos.3678",
   "geometry": {
    "type": "Point",
    "coordinates": [
     -53.85494167,
     -12.74814167
    ]
   },
   "geometry_name": "the_geom",
   "properties": {
    "cod_aldeia": 4119,
    "nome_aldeia": "Tsekuru",
    "cod_ti": 33801,
    "cod_municipio": 5106307,
    "data_cadastro": "10/06/2020",
    "flag_ativo": "A",
    "nome_cr": "COORDENACAO REGIONAL DO XINGU",
    "nommunic": "Paranatinga",
    "nomuf": "Mato Grosso",
    "undadm_codigo": 30202002060,
    "coord_lat": -12.748141666667,
    "coord_long": -53.854941666667
   }
  },
  {
   "type": "Feature",
   "id": "aldeias_pontos.3679",
   "geometry": {
    "type": "Point",
    "coordinates": [
     -53.79910278,
     -12.48858334
    ]
   },
   "geometry_name": "the_geom",
   "properties": {
    "cod_aldeia": 4120,
    "nome_aldeia": "Topepeweke",
    "cod_ti": 33801,
    "cod_municipio": 5106307,
    "data_cadastro": "10/06/2020",
    "flag_ativo": "A",
    "nome_cr": "COORDENACAO REGIONAL DO XINGU",
    "nommunic": "Paranatinga",
    "nomuf": "Mato Grosso",
    "undadm_codigo": 30202002060,
    "coord_lat": -12.488583333333,
    "coord_long": -53.799102777778
   }
  },
  {
   "type": "Feature",
   "id": "aldeias_pontos.3680",
   "geometry": {
    "type": "Point",
    "coordinates": [
     -53.96783611,
     -12.20995556
    ]
   },
   "geometry_name": "the_geom",
   "properties": {
    "cod_aldeia": 4122,
    "nome_aldeia": "Tupará",
    "cod_ti": 33801,
    "cod_municipio": 5106240,
    "data_cadastro": "10/06/2020",
    "flag_ativo": "A",
    "nome_cr": "COORDENACAO REGIONAL DO XINGU",
    "nommunic": "Nova Ubiratã",
    "nomuf": "Mato Grosso",
    "undadm_codigo": 30202002060,
    "coord_lat": -12.209955555556,
    "coord_long": -53.967836111111
   }
  },
  {
   "type": "Feature",
   "id": "aldeias_pontos.3681",
   "geometry": {
    "type": "Point",
    "coordinates": [
     -53.94669167,
     -12.0847
    ]
   },
   "geometry_name": "the_geom",
   "properties": {
    "cod_aldeia": 4123,
    "nome_aldeia": "Steinen",
    "cod_ti": 33801,
    "cod_municipio": 5103700,
    "data_cadastro": "10/06/2020",
    "flag_ativo": "A",
    "nome_cr": "COORDENACAO REGIONAL DO XINGU",
    "nommunic": "Feliz Natal",
    "nomuf": "Mato Grosso",
    "undadm_codigo": 30202002060,
    "coord_lat": -12.0847,
    "coord_long": -53.946691666667
   }
  },
  {
   "type": "Feature",
   "id": "aldeias_pontos.3682",
   "geometry": {
    "type": "Point",
    "coordinates": [
     -53.85655,
     -12.069
    ]
   },
   "geometry_name": "the_geom",
   "properties": {
    "cod_aldeia": 4124,
    "nome_aldeia": "Piyulewene",
    "cod_ti": 33801,
    "cod_municipio": 5103700,
    "data_cadastro": "10/06/2020",
    "flag_ativo": "A",
    "nome_cr": "COORDENACAO REGIONAL DO XINGU",
    "nommunic": "Feliz Natal",
    "nomuf": "Mato Grosso",
    "undadm_codigo": 30202002060,
    "coord_lat": -12.069,
    "coord_long": -53.85655
   }
  },
  {
   "type": "Feature",
   "id": "aldeias_pontos.3683",
   "geometry": {
    "type": "Point",
    "coordinates": [
     -53.55375556,
     -11.93336389
    ]
   },
   "geometry_name": "the_geom",
   "properties": {
    "cod_aldeia": 4125,
    "nome_aldeia": "Morená",
    "cod_ti": 33801,
    "cod_municipio": 5103700,
    "data_cadastro": "10/06/2020",
    "flag_ativo": "A",
    "nome_cr": "COORDENACAO REGIONAL DO XINGU",
    "nommunic": "Feliz Natal",
    "nomuf": "Mato Grosso",
    "undadm_codigo": 30202002060,
    "coord_lat": -11.933363888889,
    "coord_long": -53.553755555556
   }
  },
  {
   "type": "Feature",
   "id": "aldeias_pontos.3684",
   "geometry": {
    "type": "Point",
    "coordinates": [
     -53.59446111,
     -11.8571
    ]
   },
   "geometry_name": "the_geom",
   "properties": {
    "cod_aldeia": 4126,
    "nome_aldeia": "Boa Esperança",
    "cod_ti": 33801,
    "cod_municipio": 5103700,
    "data_cadastro": "10/06/2020",
    "flag_ativo": "A",
    "nome_cr": "COORDENACAO REGIONAL DO XINGU",
    "nommunic": "Feliz Natal",
    "nomuf": "Mato Grosso",
    "undadm_codigo": 30202002060,
    "coord_lat": -11.8571,
    "coord_long": -53.594461111111
   }
  },
  {
   "type": "Feature",
   "id": "aldeias_pontos.3685",
   "geometry": {
    "type": "Point",
    "coordinates": [
     -53.62145833,
     -11.74796945
    ]
   },
   "geometry_name": "the_geom",
   "properties": {
    "cod_aldeia": 4127,
    "nome_aldeia": "Moygu",
    "cod_ti": 33801,
    "cod_municipio": 5103700,
    "data_cadastro": "10/06/2020",
    "flag_ativo": "A",
    "nome_cr": "COORDENACAO REGIONAL DO XINGU",
    "nommunic": "Feliz Natal",
    "nomuf": "Mato Grosso",
    "undadm_codigo": 30202002060,
    "coord_lat": -11.747969444444,
    "coord_long": -53.621458333333
   }
  },
  {
   "type": "Feature",
   "id": "aldeias_pontos.3686",
   "geometry": {
    "type": "Point",
    "coordinates": [
     -53.60987222,
     -11.73809445
    ]
   },
   "geometry_name": "the_geom",
   "properties": {
    "cod_aldeia": 4128,
    "nome_aldeia": "Arayo",
    "cod_ti": 33801,
    "cod_municipio": 5103700,
    "data_cadastro": "10/06/2020",
    "flag_ativo": "A",
    "nome_cr": "COORDENACAO REGIONAL DO XINGU",
    "nommunic": "Feliz Natal",
    "nomuf": "Mato Grosso",
    "undadm_codigo": 30202002060,
    "coord_lat": -11.738094444444,
    "coord_long": -53.609872222222
   }
  },
  {
   "type": "Feature",
   "id": "aldeias_pontos.3687",
   "geometry": {
    "type": "Point",
    "coordinates": [
     -53.57993611,
     -11.63363334
    ]
   },
   "geometry_name": "the_geom",
   "properties": {
    "cod_aldeia": 4129,
    "nome_aldeia": "Eiruwi",
    "cod_ti": 33801,
    "cod_municipio": 5103700,
    "data_cadastro": "10/06/2020",
    "flag_ativo": "A",
    "nome_cr": "COORDENACAO REGIONAL DO XINGU",
    "nommunic": "Feliz Natal",
    "nomuf": "Mato Grosso",
    "undadm_codigo": 30202002060,
    "coord_lat": -11.633633333333,
    "coord_long": -53.579936111111
   }
  },
  {
   "type": "Feature",
   "id": "aldeias_pontos.3688",
   "geometry": {
    "type": "Point",
    "coordinates": [
     -53.57578889,
     -11.61581389
    ]
   },
   "geometry_name": "the_geom",
   "properties": {
    "cod_aldeia": 4130,
    "nome_aldeia": "Kumari",
    "cod_ti": 33801,
    "cod_municipio": 5103700,
    "data_cadastro": "10/06/2020",
    "flag_ativo": "A",
    "nome_cr": "COORDENACAO REGIONAL DO XINGU",
    "nommunic": "Feliz Natal",
    "nomuf": "Mato Grosso",
    "undadm_codigo": 30202002060,
    "coord_lat": -11.615813888889,
    "coord_long": -53.575788888889
   }
  },
  {
   "type": "Feature",
   "id": "aldeias_pontos.3689",
   "geometry": {
    "type": "Point",
    "coordinates": [
     -53.55576389,
     -11.57346111
    ]
   },
   "geometry_name": "the_geom",
   "properties": {
    "cod_aldeia": 4131,
    "nome_aldeia": "Kaniné",
    "cod_ti": 33801,
    "cod_municipio": 5103700,
    "data_cadastro": "10/06/2020",
    "flag_ativo": "A",
    "nome_cr": "COORDENACAO REGIONAL DO XINGU",
    "nommunic": "Feliz Natal",
    "nomuf": "Mato Grosso",
    "undadm_codigo": 30202002060,
    "coord_lat": -11.573461111111,
    "coord_long": -53.555763888889
   }
  },
  {
   "type": "Feature",
   "id": "aldeias_pontos.3690",
   "geometry": {
    "type": "Point",
    "coordinates": [
     -53.53143333,
     -11.55175556
    ]
   },
   "geometry_name": "the_geom",
   "properties": {
    "cod_aldeia": 4132,
    "nome_aldeia": "Barranco Alto",
    "cod_ti": 33801,
    "cod_municipio": 5103700,
    "data_cadastro": "10/06/2020",
    "flag_ativo": "A",
    "nome_cr": "COORDENACAO REGIONAL DO XINGU",
    "nommunic": "Feliz Natal",
    "nomuf": "Mato Grosso",
    "undadm_codigo": 30202002060,
    "coord_lat": -11.551755555556,
    "coord_long": -53.531433333333
   }
  },
  {
   "type": "Feature",
   "id": "aldeias_pontos.3691",
   "geometry": {
    "type": "Point",
    "coordinates": [
     -53.51172778,
     -11.47541111
    ]
   },
   "geometry_name": "the_geom",
   "properties": {
    "cod_aldeia": 4133,
    "nome_aldeia": "Kwaryjá",
    "cod_ti": 33801,
    "cod_municipio": 5103700,
    "data_cadastro": "10/06/2020",
    "flag_ativo": "A",
    "nome_cr": "COORDENACAO REGIONAL DO XINGU",
    "nommunic": "Feliz Natal",
    "nomuf": "Mato Grosso",
    "undadm_codigo": 30202002060,
    "coord_lat": -11.475411111111,
    "coord_long": -53.511727777778
   }
  },
  {
   "type": "Feature",
   "id": "aldeias_pontos.3692",
   "geometry": {
    "type": "Point",
    "coordinates": [
     -53.30354167,
     -11.27251111
    ]
   },
   "geometry_name": "the_geom",
   "properties": {
    "cod_aldeia": 4134,
    "nome_aldeia": "Jatyta",
    "cod_ti": 33801,
    "cod_municipio": 5103700,
    "data_cadastro": "10/06/2020",
    "flag_ativo": "A",
    "nome_cr": "COORDENACAO REGIONAL DO XINGU",
    "nommunic": "Feliz Natal",
    "nomuf": "Mato Grosso",
    "undadm_codigo": 30202002060,
    "coord_lat": -11.272511111111,
    "coord_long": -53.303541666667
   }
  },
  {
   "type": "Feature",
   "id": "aldeias_pontos.3693",
   "geometry": {
    "type": "Point",
    "coordinates": [
     -53.29154444,
     -11.25907222
    ]
   },
   "geometry_name": "the_geom",
   "properties": {
    "cod_aldeia": 4135,
    "nome_aldeia": "Jaytata",
    "cod_ti": 33801,
    "cod_municipio": 5103700,
    "data_cadastro": "10/06/2020",
    "flag_ativo": "A",
    "nome_cr": "COORDENACAO REGIONAL DO XINGU",
    "nommunic": "Feliz Natal",
    "nomuf": "Mato Grosso",
    "undadm_codigo": 30202002060,
    "coord_lat": -11.259072222222,
    "coord_long": -53.291544444444
   }
  },
  {
   "type": "Feature",
   "id": "aldeias_pontos.3694",
   "geometry": {
    "type": "Point",
    "coordinates": [
     -53.27125,
     -11.22604445
    ]
   },
   "geometry_name": "the_geom",
   "properties": {
    "cod_aldeia": 4136,
    "nome_aldeia": "Kawairup",
    "cod_ti": 33801,
    "cod_municipio": 5103700,
    "data_cadastro": "10/06/2020",
    "flag_ativo": "A",
    "nome_cr": "COORDENACAO REGIONAL DO XINGU",
    "nommunic": "Feliz Natal",
    "nomuf": "Mato Grosso",
    "undadm_codigo": 30202002060,
    "coord_lat": -11.226044444444,
    "coord_long": -53.27125
   }
  },
  {
   "type": "Feature",
   "id": "aldeias_pontos.3695",
   "geometry": {
    "type": "Point",
    "coordinates": [
     -53.51463333,
     -11.09671111
    ]
   },
   "geometry_name": "the_geom",
   "properties": {
    "cod_aldeia": 4137,
    "nome_aldeia": "Paranaíta",
    "cod_ti": 33801,
    "cod_municipio": 5103700,
    "data_cadastro": "10/06/2020",
    "flag_ativo": "A",
    "nome_cr": "COORDENACAO REGIONAL DO XINGU",
    "nommunic": "Feliz Natal",
    "nomuf": "Mato Grosso",
    "undadm_codigo": 30202002060,
    "coord_lat": -11.096711111111,
    "coord_long": -53.514633333333
   }
  },
  {
   "type": "Feature",
   "id": "aldeias_pontos.3696",
   "geometry": {
    "type": "Point",
    "coordinates": [
     -53.59710278,
     -11.12486111
    ]
   },
   "geometry_name": "the_geom",
   "properties": {
    "cod_aldeia": 4138,
    "nome_aldeia": "Três Patos",
    "cod_ti": 33801,
    "cod_municipio": 5103700,
    "data_cadastro": "10/06/2020",
    "flag_ativo": "A",
    "nome_cr": "COORDENACAO REGIONAL DO XINGU",
    "nommunic": "Feliz Natal",
    "nomuf": "Mato Grosso",
    "undadm_codigo": 30202002060,
    "coord_lat": -11.124861111111,
    "coord_long": -53.597102777778
   }
  },
  {
   "type": "Feature",
   "id": "aldeias_pontos.3697",
   "geometry": {
    "type": "Point",
    "coordinates": [
     -53.72538611,
     -11.21609167
    ]
   },
   "geometry_name": "the_geom",
   "properties": {
    "cod_aldeia": 4139,
    "nome_aldeia": "Monte Sinai",
    "cod_ti": 33801,
    "cod_municipio": 5103700,
    "data_cadastro": "10/06/2020",
    "flag_ativo": "A",
    "nome_cr": "COORDENACAO REGIONAL DO XINGU",
    "nommunic": "Feliz Natal",
    "nomuf": "Mato Grosso",
    "undadm_codigo": 30202002060,
    "coord_lat": -11.216091666667,
    "coord_long": -53.725386111111
   }
  },
  {
   "type": "Feature",
   "id": "aldeias_pontos.3698",
   "geometry": {
    "type": "Point",
    "coordinates": [
     -53.64248889,
     -11.15469722
    ]
   },
   "geometry_name": "the_geom",
   "properties": {
    "cod_aldeia": 4140,
    "nome_aldeia": "Mynumy (Mainumã)",
    "cod_ti": 33801,
    "cod_municipio": 5103700,
    "data_cadastro": "10/06/2020",
    "flag_ativo": "A",
    "nome_cr": "COORDENACAO REGIONAL DO XINGU",
    "nommunic": "Feliz Natal",
    "nomuf": "Mato Grosso",
    "undadm_codigo": 30202002060,
    "coord_lat": -11.154697222222,
    "coord_long": -53.642488888889
   }
  },
  {
   "type": "Feature",
   "id": "aldeias_pontos.3699",
   "geometry": {
    "type": "Point",
    "coordinates": [
     -53.68951389,
     -11.18996389
    ]
   },
   "geometry_name": "the_geom",
   "properties": {
    "cod_aldeia": 4141,
    "nome_aldeia": "Bom Jesus",
    "cod_ti": 33801,
    "cod_municipio": 5103700,
    "data_cadastro": "10/06/2020",
    "flag_ativo": "A",
    "nome_cr": "COORDENACAO REGIONAL DO XINGU",
    "nommunic": "Feliz Natal",
    "nomuf": "Mato Grosso",
    "undadm_codigo": 30202002060,
    "coord_lat": -11.189963888889,
    "coord_long": -53.689513888889
   }
  },
  {
   "type": "Feature",
   "id": "aldeias_pontos.3700",
   "geometry": {
    "type": "Point",
    "coordinates": [
     -53.75814167,
     -11.25508334
    ]
   },
   "geometry_name": "the_geom",
   "properties": {
    "cod_aldeia": 4142,
    "nome_aldeia": "Sobradinho",
    "cod_ti": 33801,
    "cod_municipio": 5103700,
    "data_cadastro": "10/06/2020",
    "flag_ativo": "A",
    "nome_cr": "COORDENACAO REGIONAL DO XINGU",
    "nommunic": "Feliz Natal",
    "nomuf": "Mato Grosso",
    "undadm_codigo": 30202002060,
    "coord_lat": -11.255083333333,
    "coord_long": -53.758141666667
   }
  },
  {
   "type": "Feature",
   "id": "aldeias_pontos.3701",
   "geometry": {
    "type": "Point",
    "coordinates": [
     -53.78121111,
     -11.29520834
    ]
   },
   "geometry_name": "the_geom",
   "properties": {
    "cod_aldeia": 4143,
    "nome_aldeia": "Maraká",
    "cod_ti": 33801,
    "cod_municipio": 5103700,
    "data_cadastro": "10/06/2020",
    "flag_ativo": "A",
    "nome_cr": "COORDENACAO REGIONAL DO XINGU",
    "nommunic": "Feliz Natal",
    "nomuf": "Mato Grosso",
    "undadm_codigo": 30202002060,
    "coord_lat": -11.295208333333,
    "coord_long": -53.781211111111
   }
  },
  {
   "type": "Feature",
   "id": "aldeias_pontos.3702",
   "geometry": {
    "type": "Point",
    "coordinates": [
     -53.79041111,
     -11.32424722
    ]
   },
   "geometry_name": "the_geom",
   "properties": {
    "cod_aldeia": 4144,
    "nome_aldeia": "Iguaçu",
    "cod_ti": 33801,
    "cod_municipio": 5103700,
    "data_cadastro": "10/06/2020",
    "flag_ativo": "A",
    "nome_cr": "COORDENACAO REGIONAL DO XINGU",
    "nommunic": "Feliz Natal",
    "nomuf": "Mato Grosso",
    "undadm_codigo": 30202002060,
    "coord_lat": -11.324247222222,
    "coord_long": -53.790411111111
   }
  },
  {
   "type": "Feature",
   "id": "aldeias_pontos.3703",
   "geometry": {
    "type": "Point",
    "coordinates": [
     -53.976325,
     -11.55399167
    ]
   },
   "geometry_name": "the_geom",
   "properties": {
    "cod_aldeia": 4145,
    "nome_aldeia": "Jenap",
    "cod_ti": 33801,
    "cod_municipio": 5103700,
    "data_cadastro": "10/06/2020",
    "flag_ativo": "A",
    "nome_cr": "COORDENACAO REGIONAL DO XINGU",
    "nommunic": "Feliz Natal",
    "nomuf": "Mato Grosso",
    "undadm_codigo": 30202002060,
    "coord_lat": -11.553991666667,
    "coord_long": -53.976325
   }
  },
  {
   "type": "Feature",
   "id": "aldeias_pontos.3704",
   "geometry": {
    "type": "Point",
    "coordinates": [
     -54.00007778,
     -11.58870834
    ]
   },
   "geometry_name": "the_geom",
   "properties": {
    "cod_aldeia": 4146,
    "nome_aldeia": "Maita",
    "cod_ti": 33801,
    "cod_municipio": 5103700,
    "data_cadastro": "10/06/2020",
    "flag_ativo": "A",
    "nome_cr": "COORDENACAO REGIONAL DO XINGU",
    "nommunic": "Feliz Natal",
    "nomuf": "Mato Grosso",
    "undadm_codigo": 30202002060,
    "coord_lat": -11.588708333333,
    "coord_long": -54.000077777778
   }
  },
  {
   "type": "Feature",
   "id": "aldeias_pontos.3705",
   "geometry": {
    "type": "Point",
    "coordinates": [
     -53.86831111,
     -11.51866945
    ]
   },
   "geometry_name": "the_geom",
   "properties": {
    "cod_aldeia": 4147,
    "nome_aldeia": "Novo Progresso",
    "cod_ti": 33801,
    "cod_municipio": 5103700,
    "data_cadastro": "10/06/2020",
    "flag_ativo": "A",
    "nome_cr": "COORDENACAO REGIONAL DO XINGU",
    "nommunic": "Feliz Natal",
    "nomuf": "Mato Grosso",
    "undadm_codigo": 30202002060,
    "coord_lat": -11.518669444444,
    "coord_long": -53.868311111111
   }
  },
  {
   "type": "Feature",
   "id": "aldeias_pontos.3706",
   "geometry": {
    "type": "Point",
    "coordinates": [
     -53.55913611,
     -11.08322778
    ]
   },
   "geometry_name": "the_geom",
   "properties": {
    "cod_aldeia": 4148,
    "nome_aldeia": "Castanhal",
    "cod_ti": 33801,
    "cod_municipio": 5105580,
    "data_cadastro": "10/06/2020",
    "flag_ativo": "A",
    "nome_cr": "COORDENACAO REGIONAL DO XINGU",
    "nommunic": "Marcelândia",
    "nomuf": "Mato Grosso",
    "undadm_codigo": 30202002060,
    "coord_lat": -11.083227777778,
    "coord_long": -53.559136111111
   }
  },
  {
   "type": "Feature",
   "id": "aldeias_pontos.3707",
   "geometry": {
    "type": "Point",
    "coordinates": [
     -53.34371944,
     -10.98401945
    ]
   },
   "geometry_name": "the_geom",
   "properties": {
    "cod_aldeia": 4149,
    "nome_aldeia": "Madika",
    "cod_ti": 33801,
    "cod_municipio": 5105580,
    "data_cadastro": "10/06/2020",
    "flag_ativo": "A",
    "nome_cr": "COORDENACAO REGIONAL DO XINGU",
    "nommunic": "Marcelândia",
    "nomuf": "Mato Grosso",
    "undadm_codigo": 30202002060,
    "coord_lat": -10.984019444444,
    "coord_long": -53.343719444444
   }
  },
  {
   "type": "Feature",
   "id": "aldeias_pontos.3708",
   "geometry": {
    "type": "Point",
    "coordinates": [
     -53.46207222,
     -11.05074445
    ]
   },
   "geometry_name": "the_geom",
   "properties": {
    "cod_aldeia": 4150,
    "nome_aldeia": "JM",
    "cod_ti": 33801,
    "cod_municipio": 5103700,
    "data_cadastro": "10/06/2020",
    "flag_ativo": "A",
    "nome_cr": "COORDENACAO REGIONAL DO XINGU",
    "nommunic": "Feliz Natal",
    "nomuf": "Mato Grosso",
    "undadm_codigo": 30202002060,
    "coord_lat": -11.050744444444,
    "coord_long": -53.462072222222
   }
  },
  {
   "type": "Feature",
   "id": "aldeias_pontos.3709",
   "geometry": {
    "type": "Point",
    "coordinates": [
     -53.42210833,
     -11.04526111
    ]
   },
   "geometry_name": "the_geom",
   "properties": {
    "cod_aldeia": 4151,
    "nome_aldeia": "Aiporé",
    "cod_ti": 33801,
    "cod_municipio": 5105580,
    "data_cadastro": "10/06/2020",
    "flag_ativo": "A",
    "nome_cr": "COORDENACAO REGIONAL DO XINGU",
    "nommunic": "Marcelândia",
    "nomuf": "Mato Grosso",
    "undadm_codigo": 30202002060,
    "coord_lat": -11.045261111111,
    "coord_long": -53.422108333333
   }
  },
  {
   "type": "Feature",
   "id": "aldeias_pontos.3710",
   "geometry": {
    "type": "Point",
    "coordinates": [
     -53.31683333,
     -10.94840278
    ]
   },
   "geometry_name": "the_geom",
   "properties": {
    "cod_aldeia": 4152,
    "nome_aldeia": "Tuba Tuba",
    "cod_ti": 33801,
    "cod_municipio": 5105580,
    "data_cadastro": "10/06/2020",
    "flag_ativo": "A",
    "nome_cr": "COORDENACAO REGIONAL DO XINGU",
    "nommunic": "Marcelândia",
    "nomuf": "Mato Grosso",
    "undadm_codigo": 30202002060,
    "coord_lat": -10.948402777778,
    "coord_long": -53.316833333333
   }
  },
  {
   "type": "Feature",
   "id": "aldeias_pontos.3711",
   "geometry": {
    "type": "Point",
    "coordinates": [
     -53.22209722,
     -10.86000834
    ]
   },
   "geometry_name": "the_geom",
   "properties": {
    "cod_aldeia": 4153,
    "nome_aldeia": "Caiçara",
    "cod_ti": 33801,
    "cod_municipio": 5105580,
    "data_cadastro": "10/06/2020",
    "flag_ativo": "A",
    "nome_cr": "COORDENACAO REGIONAL DO XINGU",
    "nommunic": "Marcelândia",
    "nomuf": "Mato Grosso",
    "undadm_codigo": 30202002060,
    "coord_lat": -10.860008333333,
    "coord_long": -53.222097222222
   }
  },
  {
   "type": "Feature",
   "id": "aldeias_pontos.3712",
   "geometry": {
    "type": "Point",
    "coordinates": [
     -53.20273889,
     -10.85532222
    ]
   },
   "geometry_name": "the_geom",
   "properties": {
    "cod_aldeia": 4154,
    "nome_aldeia": "Parureda",
    "cod_ti": 33801,
    "cod_municipio": 5105580,
    "data_cadastro": "10/06/2020",
    "flag_ativo": "A",
    "nome_cr": "COORDENACAO REGIONAL DO XINGU",
    "nommunic": "Marcelândia",
    "nomuf": "Mato Grosso",
    "undadm_codigo": 30202002060,
    "coord_lat": -10.855322222222,
    "coord_long": -53.202738888889
   }
  },
  {
   "type": "Feature",
   "id": "aldeias_pontos.3713",
   "geometry": {
    "type": "Point",
    "coordinates": [
     -53.36893333,
     -11.01618889
    ]
   },
   "geometry_name": "the_geom",
   "properties": {
    "cod_aldeia": 4155,
    "nome_aldeia": "Tapakai",
    "cod_ti": 33801,
    "cod_municipio": 5105580,
    "data_cadastro": "10/06/2020",
    "flag_ativo": "A",
    "nome_cr": "COORDENACAO REGIONAL DO XINGU",
    "nommunic": "Marcelândia",
    "nomuf": "Mato Grosso",
    "undadm_codigo": 30202002060,
    "coord_lat": -11.016188888889,
    "coord_long": -53.368933333333
   }
  },
  {
   "type": "Feature",
   "id": "aldeias_pontos.3714",
   "geometry": {
    "type": "Point",
    "coordinates": [
     -53.07930833,
     -10.78158889
    ]
   },
   "geometry_name": "the_geom",
   "properties": {
    "cod_aldeia": 4156,
    "nome_aldeia": "Pakaya",
    "cod_ti": 33801,
    "cod_municipio": 5107354,
    "data_cadastro": "10/06/2020",
    "flag_ativo": "A",
    "nome_cr": "COORDENACAO REGIONAL DO XINGU",
    "nommunic": "São José do Xingu",
    "nomuf": "Mato Grosso",
    "undadm_codigo": 30202002060,
    "coord_lat": -10.781588888889,
    "coord_long": -53.079308333333
   }
  },
  {
   "type": "Feature",
   "id": "aldeias_pontos.3715",
   "geometry": {
    "type": "Point",
    "coordinates": [
     -53.11631389,
     -10.83443611
    ]
   },
   "geometry_name": "the_geom",
   "properties": {
    "cod_aldeia": 4157,
    "nome_aldeia": "Aribaru",
    "cod_ti": 33801,
    "cod_municipio": 5107354,
    "data_cadastro": "10/06/2020",
    "flag_ativo": "A",
    "nome_cr": "COORDENACAO REGIONAL DO XINGU",
    "nommunic": "São José do Xingu",
    "nomuf": "Mato Grosso",
    "undadm_codigo": 30202002060,
    "coord_lat": -10.834436111111,
    "coord_long": -53.116313888889
   }
  },
  {
   "type": "Feature",
   "id": "aldeias_pontos.3716",
   "geometry": {
    "type": "Point",
    "coordinates": [
     -52.76135556,
     -10.80153334
    ]
   },
   "geometry_name": "the_geom",
   "properties": {
    "cod_aldeia": 4158,
    "nome_aldeia": "Kamoi (Tuiuiu)",
    "cod_ti": 33801,
    "cod_municipio": 5107354,
    "data_cadastro": "10/06/2020",
    "flag_ativo": "A",
    "nome_cr": "COORDENACAO REGIONAL DO XINGU",
    "nommunic": "São José do Xingu",
    "nomuf": "Mato Grosso",
    "undadm_codigo": 30202002060,
    "coord_lat": -10.801533333333,
    "coord_long": -52.761355555556
   }
  },
  {
   "type": "Feature",
   "id": "aldeias_pontos.3717",
   "geometry": {
    "type": "Point",
    "coordinates": [
     -52.94013611,
     -10.94345278
    ]
   },
   "geometry_name": "the_geom",
   "properties": {
    "cod_aldeia": 4159,
    "nome_aldeia": "Rio Preto",
    "cod_ti": 33801,
    "cod_municipio": 5107354,
    "data_cadastro": "10/06/2020",
    "flag_ativo": "A",
    "nome_cr": "COORDENACAO REGIONAL DO XINGU",
    "nommunic": "São José do Xingu",
    "nomuf": "Mato Grosso",
    "undadm_codigo": 30202002060,
    "coord_lat": -10.943452777778,
    "coord_long": -52.940136111111
   }
  },
  {
   "type": "Feature",
   "id": "aldeias_pontos.3718",
   "geometry": {
    "type": "Point",
    "coordinates": [
     -53.06137778,
     -10.93718889
    ]
   },
   "geometry_name": "the_geom",
   "properties": {
    "cod_aldeia": 4160,
    "nome_aldeia": "Awaia",
    "cod_ti": 33801,
    "cod_municipio": 5107859,
    "data_cadastro": "10/06/2020",
    "flag_ativo": "A",
    "nome_cr": "COORDENACAO REGIONAL DO XINGU",
    "nommunic": "São Félix do Araguaia",
    "nomuf": "Mato Grosso",
    "undadm_codigo": 30202002060,
    "coord_lat": -10.937188888889,
    "coord_long": -53.061377777778
   }
  },
  {
   "type": "Feature",
   "id": "aldeias_pontos.3719",
   "geometry": {
    "type": "Point",
    "coordinates": [
     -53.2867,
     -11.02948889
    ]
   },
   "geometry_name": "the_geom",
   "properties": {
    "cod_aldeia": 4161,
    "nome_aldeia": "Paksamba",
    "cod_ti": 33801,
    "cod_municipio": 5107859,
    "data_cadastro": "10/06/2020",
    "flag_ativo": "A",
    "nome_cr": "COORDENACAO REGIONAL DO XINGU",
    "nommunic": "São Félix do Araguaia",
    "nomuf": "Mato Grosso",
    "undadm_codigo": 30202002060,
    "coord_lat": -11.029488888889,
    "coord_long": -53.2867
   }
  },
  {
   "type": "Feature",
   "id": "aldeias_pontos.3720",
   "geometry": {
    "type": "Point",
    "coordinates": [
     -53.27815278,
     -11.04822778
    ]
   },
   "geometry_name": "the_geom",
   "properties": {
    "cod_aldeia": 4162,
    "nome_aldeia": "Pequizal",
    "cod_ti": 33801,
    "cod_municipio": 5107859,
    "data_cadastro": "10/06/2020",
    "flag_ativo": "A",
    "nome_cr": "COORDENACAO REGIONAL DO XINGU",
    "nommunic": "São Félix do Araguaia",
    "nomuf": "Mato Grosso",
    "undadm_codigo": 30202002060,
    "coord_lat": -11.048227777778,
    "coord_long": -53.278152777778
   }
  },
  {
   "type": "Feature",
   "id": "aldeias_pontos.3721",
   "geometry": {
    "type": "Point",
    "coordinates": [
     -53.27461667,
     -11.06858889
    ]
   },
   "geometry_name": "the_geom",
   "properties": {
    "cod_aldeia": 4163,
    "nome_aldeia": "Alto da Glória",
    "cod_ti": 33801,
    "cod_municipio": 5107859,
    "data_cadastro": "10/06/2020",
    "flag_ativo": "A",
    "nome_cr": "COORDENACAO REGIONAL DO XINGU",
    "nommunic": "São Félix do Araguaia",
    "nomuf": "Mato Grosso",
    "undadm_codigo": 30202002060,
    "coord_lat": -11.068588888889,
    "coord_long": -53.274616666667
   }
  },
  {
   "type": "Feature",
   "id": "aldeias_pontos.3722",
   "geometry": {
    "type": "Point",
    "coordinates": [
     -53.25642222,
     -11.09396389
    ]
   },
   "geometry_name": "the_geom",
   "properties": {
    "cod_aldeia": 4164,
    "nome_aldeia": "Capivara",
    "cod_ti": 33801,
    "cod_municipio": 5107859,
    "data_cadastro": "10/06/2020",
    "flag_ativo": "A",
    "nome_cr": "COORDENACAO REGIONAL DO XINGU",
    "nommunic": "São Félix do Araguaia",
    "nomuf": "Mato Grosso",
    "undadm_codigo": 30202002060,
    "coord_lat": -11.093963888889,
    "coord_long": -53.256422222222
   }
  },
  {
   "type": "Feature",
   "id": "aldeias_pontos.3723",
   "geometry": {
    "type": "Point",
    "coordinates": [
     -53.23548889,
     -11.15976667
    ]
   },
   "geometry_name": "the_geom",
   "properties": {
    "cod_aldeia": 4165,
    "nome_aldeia": "Paranavaí",
    "cod_ti": 33801,
    "cod_municipio": 5107859,
    "data_cadastro": "10/06/2020",
    "flag_ativo": "A",
    "nome_cr": "COORDENACAO REGIONAL DO XINGU",
    "nommunic": "São Félix do Araguaia",
    "nomuf": "Mato Grosso",
    "undadm_codigo": 30202002060,
    "coord_lat": -11.159766666667,
    "coord_long": -53.235488888889
   }
  },
  {
   "type": "Feature",
   "id": "aldeias_pontos.3724",
   "geometry": {
    "type": "Point",
    "coordinates": [
     -53.23609722,
     -11.199275
    ]
   },
   "geometry_name": "the_geom",
   "properties": {
    "cod_aldeia": 4166,
    "nome_aldeia": "Diauarum",
    "cod_ti": 33801,
    "cod_municipio": 5107859,
    "data_cadastro": "10/06/2020",
    "flag_ativo": "A",
    "nome_cr": "COORDENACAO REGIONAL DO XINGU",
    "nommunic": "São Félix do Araguaia",
    "nomuf": "Mato Grosso",
    "undadm_codigo": 30202002060,
    "coord_lat": -11.199275,
    "coord_long": -53.236097222222
   }
  },
  {
   "type": "Feature",
   "id": "aldeias_pontos.3725",
   "geometry": {
    "type": "Point",
    "coordinates": [
     -52.61143333,
     -12.69045556
    ]
   },
   "geometry_name": "the_geom",
   "properties": {
    "cod_aldeia": 4167,
    "nome_aldeia": "Tangurinho",
    "cod_ti": 33801,
    "cod_municipio": 5107065,
    "data_cadastro": "10/06/2020",
    "flag_ativo": "A",
    "nome_cr": "COORDENACAO REGIONAL DO XINGU",
    "nommunic": "Querência",
    "nomuf": "Mato Grosso",
    "undadm_codigo": 30202002060,
    "coord_lat": -12.690455555556,
    "coord_long": -52.611433333333
   }
  },
  {
   "type": "Feature",
   "id": "aldeias_pontos.3726",
   "geometry": {
    "type": "Point",
    "coordinates": [
     -52.69554444,
     -12.64607778
    ]
   },
   "geometry_name": "the_geom",
   "properties": {
    "cod_aldeia": 4168,
    "nome_aldeia": "Sapezal",
    "cod_ti": 33801,
    "cod_municipio": 5107065,
    "data_cadastro": "10/06/2020",
    "flag_ativo": "A",
    "nome_cr": "COORDENACAO REGIONAL DO XINGU",
    "nommunic": "Querência",
    "nomuf": "Mato Grosso",
    "undadm_codigo": 30202002060,
    "coord_lat": -12.646077777778,
    "coord_long": -52.695544444444
   }
  },
  {
   "type": "Feature",
   "id": "aldeias_pontos.3727",
   "geometry": {
    "type": "Point",
    "coordinates": [
     -52.92353333,
     -12.59884167
    ]
   },
   "geometry_name": "the_geom",
   "properties": {
    "cod_aldeia": 4169,
    "nome_aldeia": "Tanguro",
    "cod_ti": 33801,
    "cod_municipio": 5107065,
    "data_cadastro": "10/06/2020",
    "flag_ativo": "A",
    "nome_cr": "COORDENACAO REGIONAL DO XINGU",
    "nommunic": "Querência",
    "nomuf": "Mato Grosso",
    "undadm_codigo": 30202002060,
    "coord_lat": -12.598841666667,
    "coord_long": -52.923533333333
   }
  },
  {
   "type": "Feature",
   "id": "aldeias_pontos.3728",
   "geometry": {
    "type": "Point",
    "coordinates": [
     -53.004125,
     -12.51727222
    ]
   },
   "geometry_name": "the_geom",
   "properties": {
    "cod_aldeia": 4170,
    "nome_aldeia": "Afukuri",
    "cod_ti": 33801,
    "cod_municipio": 5107065,
    "data_cadastro": "10/06/2020",
    "flag_ativo": "A",
    "nome_cr": "COORDENACAO REGIONAL DO XINGU",
    "nommunic": "Querência",
    "nomuf": "Mato Grosso",
    "undadm_codigo": 30202002060,
    "coord_lat": -12.517272222222,
    "coord_long": -53.004125
   }
  },
  {
   "type": "Feature",
   "id": "aldeias_pontos.3729",
   "geometry": {
    "type": "Point",
    "coordinates": [
     -52.59971389,
     -12.55535556
    ]
   },
   "geometry_name": "the_geom",
   "properties": {
    "cod_aldeia": 4171,
    "nome_aldeia": "Paranatu",
    "cod_ti": 33801,
    "cod_municipio": 5107065,
    "data_cadastro": "10/06/2020",
    "flag_ativo": "A",
    "nome_cr": "COORDENACAO REGIONAL DO XINGU",
    "nommunic": "Querência",
    "nomuf": "Mato Grosso",
    "undadm_codigo": 30202002060,
    "coord_lat": -12.555355555556,
    "coord_long": -52.599713888889
   }
  },
  {
   "type": "Feature",
   "id": "aldeias_pontos.3730",
   "geometry": {
    "type": "Point",
    "coordinates": [
     -52.60214722,
     -12.55238334
    ]
   },
   "geometry_name": "the_geom",
   "properties": {
    "cod_aldeia": 4172,
    "nome_aldeia": "Tupeku",
    "cod_ti": 33801,
    "cod_municipio": 5107065,
    "data_cadastro": "10/06/2020",
    "flag_ativo": "A",
    "nome_cr": "COORDENACAO REGIONAL DO XINGU",
    "nommunic": "Querência",
    "nomuf": "Mato Grosso",
    "undadm_codigo": 30202002060,
    "coord_lat": -12.552383333333,
    "coord_long": -52.602147222222
   }
  },
  {
   "type": "Feature",
   "id": "aldeias_pontos.3731",
   "geometry": {
    "type": "Point",
    "coordinates": [
     -52.73852222,
     -12.42633889
    ]
   },
   "geometry_name": "the_geom",
   "properties": {
    "cod_aldeia": 4173,
    "nome_aldeia": "Kurumin",
    "cod_ti": 33801,
    "cod_municipio": 5107065,
    "data_cadastro": "10/06/2020",
    "flag_ativo": "A",
    "nome_cr": "COORDENACAO REGIONAL DO XINGU",
    "nommunic": "Querência",
    "nomuf": "Mato Grosso",
    "undadm_codigo": 30202002060,
    "coord_lat": -12.426338888889,
    "coord_long": -52.738522222222
   }
  },
  {
   "type": "Feature",
   "id": "aldeias_pontos.3732",
   "geometry": {
    "type": "Point",
    "coordinates": [
     -53.18714722,
     -12.24128056
    ]
   },
   "geometry_name": "the_geom",
   "properties": {
    "cod_aldeia": 4174,
    "nome_aldeia": "Ngahünga",
    "cod_ti": 33801,
    "cod_municipio": 5107065,
    "data_cadastro": "10/06/2020",
    "flag_ativo": "A",
    "nome_cr": "COORDENACAO REGIONAL DO XINGU",
    "nommunic": "Querência",
    "nomuf": "Mato Grosso",
    "undadm_codigo": 30202002060,
    "coord_lat": -12.241280555556,
    "coord_long": -53.187147222222
   }
  },
  {
   "type": "Feature",
   "id": "aldeias_pontos.3733",
   "geometry": {
    "type": "Point",
    "coordinates": [
     -53.18619722,
     -12.23117222
    ]
   },
   "geometry_name": "the_geom",
   "properties": {
    "cod_aldeia": 4175,
    "nome_aldeia": "Matipu",
    "cod_ti": 33801,
    "cod_municipio": 5107065,
    "data_cadastro": "10/06/2020",
    "flag_ativo": "A",
    "nome_cr": "COORDENACAO REGIONAL DO XINGU",
    "nommunic": "Querência",
    "nomuf": "Mato Grosso",
    "undadm_codigo": 30202002060,
    "coord_lat": -12.231172222222,
    "coord_long": -53.186197222222
   }
  },
  {
   "type": "Feature",
   "id": "aldeias_pontos.3734",
   "geometry": {
    "type": "Point",
    "coordinates": [
     -53.25579167,
     -12.16293056
    ]
   },
   "geometry_name": "the_geom",
   "properties": {
    "cod_aldeia": 4176,
    "nome_aldeia": "Aiha (Kalapalo)",
    "cod_ti": 33801,
    "cod_municipio": 5107065,
    "data_cadastro": "10/06/2020",
    "flag_ativo": "A",
    "nome_cr": "COORDENACAO REGIONAL DO XINGU",
    "nommunic": "Querência",
    "nomuf": "Mato Grosso",
    "undadm_codigo": 30202002060,
    "coord_lat": -12.162930555556,
    "coord_long": -53.255791666667
   }
  },
  {
   "type": "Feature",
   "id": "aldeias_pontos.3735",
   "geometry": {
    "type": "Point",
    "coordinates": [
     -53.29479444,
     -12.10331111
    ]
   },
   "geometry_name": "the_geom",
   "properties": {
    "cod_aldeia": 4177,
    "nome_aldeia": "Majyape (Nafukua)",
    "cod_ti": 33801,
    "cod_municipio": 5107065,
    "data_cadastro": "10/06/2020",
    "flag_ativo": "A",
    "nome_cr": "COORDENACAO REGIONAL DO XINGU",
    "nommunic": "Querência",
    "nomuf": "Mato Grosso",
    "undadm_codigo": 30202002060,
    "coord_lat": -12.103311111111,
    "coord_long": -53.294794444444
   }
  },
  {
   "type": "Feature",
   "id": "aldeias_pontos.3736",
   "geometry": {
    "type": "Point",
    "coordinates": [
     -53.39939444,
     -12.00748056
    ]
   },
   "geometry_name": "the_geom",
   "properties": {
    "cod_aldeia": 4178,
    "nome_aldeia": "Jacaré",
    "cod_ti": 33801,
    "cod_municipio": 5107065,
    "data_cadastro": "10/06/2020",
    "flag_ativo": "A",
    "nome_cr": "COORDENACAO REGIONAL DO XINGU",
    "nommunic": "Querência",
    "nomuf": "Mato Grosso",
    "undadm_codigo": 30202002060,
    "coord_lat": -12.007480555556,
    "coord_long": -53.399394444444
   }
  },
  {
   "type": "Feature",
   "id": "aldeias_pontos.3737",
   "geometry": {
    "type": "Point",
    "coordinates": [
     -53.49306667,
     -11.90925
    ]
   },
   "geometry_name": "the_geom",
   "properties": {
    "cod_aldeia": 4179,
    "nome_aldeia": "Três Lagos",
    "cod_ti": 33801,
    "cod_municipio": 5107065,
    "data_cadastro": "10/06/2020",
    "flag_ativo": "A",
    "nome_cr": "COORDENACAO REGIONAL DO XINGU",
    "nommunic": "Querência",
    "nomuf": "Mato Grosso",
    "undadm_codigo": 30202002060,
    "coord_lat": -11.90925,
    "coord_long": -53.493066666667
   }
  },
  {
   "type": "Feature",
   "id": "aldeias_pontos.3738",
   "geometry": {
    "type": "Point",
    "coordinates": [
     -53.45905278,
     -11.49959722
    ]
   },
   "geometry_name": "the_geom",
   "properties": {
    "cod_aldeia": 4180,
    "nome_aldeia": "Ilha Grande",
    "cod_ti": 33801,
    "cod_municipio": 5107065,
    "data_cadastro": "10/06/2020",
    "flag_ativo": "A",
    "nome_cr": "COORDENACAO REGIONAL DO XINGU",
    "nommunic": "Querência",
    "nomuf": "Mato Grosso",
    "undadm_codigo": 30202002060,
    "coord_lat": -11.499597222222,
    "coord_long": -53.459052777778
   }
  },
  {
   "type": "Feature",
   "id": "aldeias_pontos.3739",
   "geometry": {
    "type": "Point",
    "coordinates": [
     -53.43863611,
     -11.47066389
    ]
   },
   "geometry_name": "the_geom",
   "properties": {
    "cod_aldeia": 4181,
    "nome_aldeia": "Jatykap",
    "cod_ti": 33801,
    "cod_municipio": 5107065,
    "data_cadastro": "10/06/2020",
    "flag_ativo": "A",
    "nome_cr": "COORDENACAO REGIONAL DO XINGU",
    "nommunic": "Querência",
    "nomuf": "Mato Grosso",
    "undadm_codigo": 30202002060,
    "coord_lat": -11.470663888889,
    "coord_long": -53.438636111111
   }
  },
  {
   "type": "Feature",
   "id": "aldeias_pontos.3740",
   "geometry": {
    "type": "Point",
    "coordinates": [
     -53.39556944,
     -11.43823056
    ]
   },
   "geometry_name": "the_geom",
   "properties": {
    "cod_aldeia": 4182,
    "nome_aldeia": "Tuiararé",
    "cod_ti": 33801,
    "cod_municipio": 5107065,
    "data_cadastro": "10/06/2020",
    "flag_ativo": "A",
    "nome_cr": "COORDENACAO REGIONAL DO XINGU",
    "nommunic": "Querência",
    "nomuf": "Mato Grosso",
    "undadm_codigo": 30202002060,
    "coord_lat": -11.438230555556,
    "coord_long": -53.395569444444
   }
  },
  {
   "type": "Feature",
   "id": "aldeias_pontos.3741",
   "geometry": {
    "type": "Point",
    "coordinates": [
     -53.392325,
     -11.43155556
    ]
   },
   "geometry_name": "the_geom",
   "properties": {
    "cod_aldeia": 4183,
    "nome_aldeia": "Sol Nascente",
    "cod_ti": 33801,
    "cod_municipio": 5107065,
    "data_cadastro": "10/06/2020",
    "flag_ativo": "A",
    "nome_cr": "COORDENACAO REGIONAL DO XINGU",
    "nommunic": "Querência",
    "nomuf": "Mato Grosso",
    "undadm_codigo": 30202002060,
    "coord_lat": -11.431555555556,
    "coord_long": -53.392325
   }
  },
  {
   "type": "Feature",
   "id": "aldeias_pontos.3742",
   "geometry": {
    "type": "Point",
    "coordinates": [
     -53.35939444,
     -11.38219167
    ]
   },
   "geometry_name": "the_geom",
   "properties": {
    "cod_aldeia": 4184,
    "nome_aldeia": "Samaúma",
    "cod_ti": 33801,
    "cod_municipio": 5107065,
    "data_cadastro": "10/06/2020",
    "flag_ativo": "A",
    "nome_cr": "COORDENACAO REGIONAL DO XINGU",
    "nommunic": "Querência",
    "nomuf": "Mato Grosso",
    "undadm_codigo": 30202002060,
    "coord_lat": -11.382191666667,
    "coord_long": -53.359394444444
   }
  },
  {
   "type": "Feature",
   "id": "aldeias_pontos.3743",
   "geometry": {
    "type": "Point",
    "coordinates": [
     -53.35266111,
     -11.37417222
    ]
   },
   "geometry_name": "the_geom",
   "properties": {
    "cod_aldeia": 4185,
    "nome_aldeia": "Moitará",
    "cod_ti": 33801,
    "cod_municipio": 5107065,
    "data_cadastro": "10/06/2020",
    "flag_ativo": "A",
    "nome_cr": "COORDENACAO REGIONAL DO XINGU",
    "nommunic": "Querência",
    "nomuf": "Mato Grosso",
    "undadm_codigo": 30202002060,
    "coord_lat": -11.374172222222,
    "coord_long": -53.352661111111
   }
  },
  {
   "type": "Feature",
   "id": "aldeias_pontos.3744",
   "geometry": {
    "type": "Point",
    "coordinates": [
     -53.31716389,
     -11.33369167
    ]
   },
   "geometry_name": "the_geom",
   "properties": {
    "cod_aldeia": 4186,
    "nome_aldeia": "Ita´i (Três Vizinhos)",
    "cod_ti": 33801,
    "cod_municipio": 5107065,
    "data_cadastro": "10/06/2020",
    "flag_ativo": "A",
    "nome_cr": "COORDENACAO REGIONAL DO XINGU",
    "nommunic": "Querência",
    "nomuf": "Mato Grosso",
    "undadm_codigo": 30202002060,
    "coord_lat": -11.333691666667,
    "coord_long": -53.317163888889
   }
  },
  {
   "type": "Feature",
   "id": "aldeias_pontos.3745",
   "geometry": {
    "type": "Point",
    "coordinates": [
     -53.30057222,
     -11.31670556
    ]
   },
   "geometry_name": "the_geom",
   "properties": {
    "cod_aldeia": 4187,
    "nome_aldeia": "Três Buritis",
    "cod_ti": 33801,
    "cod_municipio": 5107065,
    "data_cadastro": "10/06/2020",
    "flag_ativo": "A",
    "nome_cr": "COORDENACAO REGIONAL DO XINGU",
    "nommunic": "Querência",
    "nomuf": "Mato Grosso",
    "undadm_codigo": 30202002060,
    "coord_lat": -11.316705555556,
    "coord_long": -53.300572222222
   }
  },
  {
   "type": "Feature",
   "id": "aldeias_pontos.3746",
   "geometry": {
    "type": "Point",
    "coordinates": [
     -53.205675,
     -11.32871389
    ]
   },
   "geometry_name": "the_geom",
   "properties": {
    "cod_aldeia": 4188,
    "nome_aldeia": "Onze de Setembro",
    "cod_ti": 33801,
    "cod_municipio": 5107065,
    "data_cadastro": "10/06/2020",
    "flag_ativo": "A",
    "nome_cr": "COORDENACAO REGIONAL DO XINGU",
    "nommunic": "Querência",
    "nomuf": "Mato Grosso",
    "undadm_codigo": 30202002060,
    "coord_lat": -11.328713888889,
    "coord_long": -53.205675
   }
  },
  {
   "type": "Feature",
   "id": "aldeias_pontos.3747",
   "geometry": {
    "type": "Point",
    "coordinates": [
     -53.01941111,
     -11.52949722
    ]
   },
   "geometry_name": "the_geom",
   "properties": {
    "cod_aldeia": 4189,
    "nome_aldeia": "Ngôsoko",
    "cod_ti": 49801,
    "cod_municipio": 5107065,
    "data_cadastro": "10/06/2020",
    "flag_ativo": "A",
    "nome_cr": "COORDENACAO REGIONAL DO XINGU",
    "nommunic": "Querência",
    "nomuf": "Mato Grosso",
    "undadm_codigo": 30202002060,
    "coord_lat": -11.529497222222,
    "coord_long": -53.019411111111
   }
  },
  {
   "type": "Feature",
   "id": "aldeias_pontos.3748",
   "geometry": {
    "type": "Point",
    "coordinates": [
     -52.96088889,
     -11.60696667
    ]
   },
   "geometry_name": "the_geom",
   "properties": {
    "cod_aldeia": 4190,
    "nome_aldeia": "Horehusikrô",
    "cod_ti": 49801,
    "cod_municipio": 5107065,
    "data_cadastro": "10/06/2020",
    "flag_ativo": "A",
    "nome_cr": "COORDENACAO REGIONAL DO XINGU",
    "nommunic": "Querência",
    "nomuf": "Mato Grosso",
    "undadm_codigo": 30202002060,
    "coord_lat": -11.606966666667,
    "coord_long": -52.960888888889
   }
  },
  {
   "type": "Feature",
   "id": "aldeias_pontos.3749",
   "geometry": {
    "type": "Point",
    "coordinates": [
     -52.94127222,
     -11.63781111
    ]
   },
   "geometry_name": "the_geom",
   "properties": {
    "cod_aldeia": 4191,
    "nome_aldeia": "Yarumã",
    "cod_ti": 49801,
    "cod_municipio": 5107065,
    "data_cadastro": "10/06/2020",
    "flag_ativo": "A",
    "nome_cr": "COORDENACAO REGIONAL DO XINGU",
    "nommunic": "Querência",
    "nomuf": "Mato Grosso",
    "undadm_codigo": 30202002060,
    "coord_lat": -11.637811111111,
    "coord_long": -52.941272222222
   }
  },
  {
   "type": "Feature",
   "id": "aldeias_pontos.3750",
   "geometry": {
    "type": "Point",
    "coordinates": [
     -52.92632222,
     -11.73064722
    ]
   },
   "geometry_name": "the_geom",
   "properties": {
    "cod_aldeia": 4192,
    "nome_aldeia": "Khikatxi",
    "cod_ti": 49801,
    "cod_municipio": 5107065,
    "data_cadastro": "10/06/2020",
    "flag_ativo": "A",
    "nome_cr": "COORDENACAO REGIONAL DO XINGU",
    "nommunic": "Querência",
    "nomuf": "Mato Grosso",
    "undadm_codigo": 30202002060,
    "coord_lat": -11.730647222222,
    "coord_long": -52.926322222222
   }
  },
  {
   "type": "Feature",
   "id": "aldeias_pontos.3754",
   "geometry": {
    "type": "Point",
    "coordinates": [
     -57.84166667,
     -7.95666667
    ]
   },
   "geometry_name": "the_geom",
   "properties": {
    "cod_aldeia": 4196,
    "nome_aldeia": "Aldeia Mayrowi",
    "cod_ti": 22902,
    "cod_municipio": 5100805,
    "data_cadastro": "10/07/2020",
    "flag_ativo": "A",
    "nome_cr": "COORDENACAO REGIONAL NORTE DO MATO GROSSO",
    "nommunic": "Apiacás",
    "nomuf": "Mato Grosso",
    "undadm_codigo": 30202002039,
    "coord_lat": -7.95666666667,
    "coord_long": -57.8416666667
   }
  },
  {
   "type": "Feature",
   "id": "aldeias_pontos.3755",
   "geometry": {
    "type": "Point",
    "coordinates": [
     -57.94496944,
     -7.64983333
    ]
   },
   "geometry_name": "the_geom",
   "properties": {
    "cod_aldeia": 4197,
    "nome_aldeia": "Aldeia Três Marias",
    "cod_ti": 68301,
    "cod_municipio": 5100805,
    "data_cadastro": "10/07/2020",
    "flag_ativo": "A",
    "nome_cr": "COORDENACAO REGIONAL NORTE DO MATO GROSSO",
    "nommunic": "Apiacás",
    "nomuf": "Mato Grosso",
    "undadm_codigo": 30202002039,
    "coord_lat": -7.64983333333,
    "coord_long": -57.9449694444
   }
  },
  {
   "type": "Feature",
   "id": "aldeias_pontos.3756",
   "geometry": {
    "type": "Point",
    "coordinates": [
     -58.175,
     -7.40833333
    ]
   },
   "geometry_name": "the_geom",
   "properties": {
    "cod_aldeia": 4198,
    "nome_aldeia": "Aldeia Pirapitua",
    "cod_ti": 68301,
    "cod_municipio": 5100805,
    "data_cadastro": "10/07/2020",
    "flag_ativo": "A",
    "nome_cr": "COORDENACAO REGIONAL NORTE DO MATO GROSSO",
    "nommunic": "Apiacás",
    "nomuf": "Mato Grosso",
    "undadm_codigo": 30202002039,
    "coord_lat": -7.40833333333,
    "coord_long": -58.175
   }
  },
  {
   "type": "Feature",
   "id": "aldeias_pontos.3757",
   "geometry": {
    "type": "Point",
    "coordinates": [
     -58.28527778,
     -8.10083333
    ]
   },
   "geometry_name": "the_geom",
   "properties": {
    "cod_aldeia": 4199,
    "nome_aldeia": "Aldeia Pontal",
    "cod_ti": 68301,
    "cod_municipio": 5100805,
    "data_cadastro": "10/07/2020",
    "flag_ativo": "A",
    "nome_cr": "COORDENACAO REGIONAL NORTE DO MATO GROSSO",
    "nommunic": "Apiacás",
    "nomuf": "Mato Grosso",
    "undadm_codigo": 30202002039,
    "coord_lat": -8.10083333333,
    "coord_long": -58.2852777778
   }
  },
  {
   "type": "Feature",
   "id": "aldeias_pontos.3758",
   "geometry": {
    "type": "Point",
    "coordinates": [
     -58.29305556,
     -8.14194445
    ]
   },
   "geometry_name": "the_geom",
   "properties": {
    "cod_aldeia": 4200,
    "nome_aldeia": "Aldeia Kanindé",
    "cod_ti": 68301,
    "cod_municipio": 5100805,
    "data_cadastro": "10/07/2020",
    "flag_ativo": "A",
    "nome_cr": "COORDENACAO REGIONAL NORTE DO MATO GROSSO",
    "nommunic": "Apiacás",
    "nomuf": "Mato Grosso",
    "undadm_codigo": 30202002039,
    "coord_lat": -8.14194444444,
    "coord_long": -58.2930555556
   }
  },
  {
   "type": "Feature",
   "id": "aldeias_pontos.3759",
   "geometry": {
    "type": "Point",
    "coordinates": [
     -53.08972222,
     -10.58444445
    ]
   },
   "geometry_name": "the_geom",
   "properties": {
    "cod_aldeia": 4201,
    "nome_aldeia": "Aldeia Tonhore",
    "cod_ti": 9201,
    "cod_municipio": 5106422,
    "data_cadastro": "13/07/2020",
    "flag_ativo": "A",
    "nome_cr": "COORDENACAO REGIONAL NORTE DO MATO GROSSO",
    "nommunic": "Peixoto de Azevedo",
    "nomuf": "Mato Grosso",
    "undadm_codigo": 30202002039,
    "coord_lat": -10.5844444444,
    "coord_long": -53.0897222222
   }
  },
  {
   "type": "Feature",
   "id": "aldeias_pontos.3817",
   "geometry": {
    "type": "Point",
    "coordinates": [
     -53.30467222,
     -10.45644167
    ]
   },
   "geometry_name": "the_geom",
   "properties": {
    "cod_aldeia": 4269,
    "nome_aldeia": "Kromare",
    "cod_ti": 9201,
    "cod_municipio": 5106422,
    "data_cadastro": "18/09/2020",
    "flag_ativo": "A",
    "nome_cr": "COORDENACAO REGIONAL NORTE DO MATO GROSSO",
    "nommunic": "Peixoto de Azevedo",
    "nomuf": "Mato Grosso",
    "undadm_codigo": 30202002039,
    "coord_lat": -10.4564416667,
    "coord_long": -53.3046722222
   }
  },
  {
   "type": "Feature",
   "id": "aldeias_pontos.3957",
   "geometry": {
    "type": "Point",
    "coordinates": [
     -53.09811111,
     -14.59172223
    ]
   },
   "geometry_name": "the_geom",
   "properties": {
    "cod_aldeia": 4441,
    "nome_aldeia": "Hoiwaprédzawi",
    "cod_ti": 32701,
    "cod_municipio": 5102603,
    "data_cadastro": "16/07/2021",
    "flag_ativo": "A",
    "nome_cr": "COORDENACAO REGIONAL XAVANTE",
    "nommunic": "Campinápolis",
    "nomuf": "Mato Grosso",
    "undadm_codigo": 30202002053,
    "coord_lat": -14.5917222222,
    "coord_long": -53.0981111111
   }
  },
  {
   "type": "Feature",
   "id": "aldeias_pontos.3992",
   "geometry": {
    "type": "Point",
    "coordinates": [
     -59.55584444,
     -14.79431389
    ]
   },
   "geometry_name": "the_geom",
   "properties": {
    "cod_aldeia": 4512,
    "nome_aldeia": "Aldeia Serra da Borda",
    "cod_ti": 42101,
    "cod_municipio": 5103361,
    "data_cadastro": "12/08/2021",
    "flag_ativo": "A",
    "nome_cr": "COORDENACAO REGIONAL DE CUIABA",
    "nommunic": "Conquista D'Oeste",
    "nomuf": "Mato Grosso",
    "undadm_codigo": 30202002025,
    "coord_lat": -14.7943138889,
    "coord_long": -59.5558444444
   }
  },
  {
   "type": "Feature",
   "id": "aldeias_pontos.3993",
   "geometry": {
    "type": "Point",
    "coordinates": [
     -59.47470833,
     -14.97888056
    ]
   },
   "geometry_name": "the_geom",
   "properties": {
    "cod_aldeia": 4513,
    "nome_aldeia": "Aldeia Pivi",
    "cod_ti": 42101,
    "cod_municipio": 5106752,
    "data_cadastro": "12/08/2021",
    "flag_ativo": "A",
    "nome_cr": "COORDENACAO REGIONAL DE CUIABA",
    "nommunic": "Pontes e Lacerda",
    "nomuf": "Mato Grosso",
    "undadm_codigo": 30202002025,
    "coord_lat": -14.9788805556,
    "coord_long": -59.4747083333
   }
  },
  {
   "type": "Feature",
   "id": "aldeias_pontos.3994",
   "geometry": {
    "type": "Point",
    "coordinates": [
     -59.61732778,
     -14.76910278
    ]
   },
   "geometry_name": "the_geom",
   "properties": {
    "cod_aldeia": 4514,
    "nome_aldeia": "Paukalira (Piscina)",
    "cod_ti": 42101,
    "cod_municipio": 5106182,
    "data_cadastro": "12/08/2021",
    "flag_ativo": "A",
    "nome_cr": "COORDENACAO REGIONAL DE CUIABA",
    "nommunic": "Nova Lacerda",
    "nomuf": "Mato Grosso",
    "undadm_codigo": 30202002025,
    "coord_lat": -14.7691027778,
    "coord_long": -59.6173277778
   }
  },
  {
   "type": "Feature",
   "id": "aldeias_pontos.3995",
   "geometry": {
    "type": "Point",
    "coordinates": [
     -59.32799444,
     -14.842025
    ]
   },
   "geometry_name": "the_geom",
   "properties": {
    "cod_aldeia": 4515,
    "nome_aldeia": "Figueiras (Aldeia do Danilo)",
    "cod_ti": 42101,
    "cod_municipio": 5103361,
    "data_cadastro": "12/08/2021",
    "flag_ativo": "A",
    "nome_cr": "COORDENACAO REGIONAL DE CUIABA",
    "nommunic": "Conquista D'Oeste",
    "nomuf": "Mato Grosso",
    "undadm_codigo": 30202002025,
    "coord_lat": -14.842025,
    "coord_long": -59.3279944444
   }
  },
  {
   "type": "Feature",
   "id": "aldeias_pontos.3996",
   "geometry": {
    "type": "Point",
    "coordinates": [
     -59.43546389,
     -14.72166667
    ]
   },
   "geometry_name": "the_geom",
   "properties": {
    "cod_aldeia": 4516,
    "nome_aldeia": "Canachuê",
    "cod_ti": 42101,
    "cod_municipio": 5103361,
    "data_cadastro": "12/08/2021",
    "flag_ativo": "A",
    "nome_cr": "COORDENACAO REGIONAL DE CUIABA",
    "nommunic": "Conquista D'Oeste",
    "nomuf": "Mato Grosso",
    "undadm_codigo": 30202002025,
    "coord_lat": -14.7216666667,
    "coord_long": -59.4354638889
   }
  },
  {
   "type": "Feature",
   "id": "aldeias_pontos.4094",
   "geometry": {
    "type": "Point",
    "coordinates": [
     -55.02589722,
     -16.53204167
    ]
   },
   "geometry_name": "the_geom",
   "properties": {
    "cod_aldeia": 4622,
    "nome_aldeia": "Posto Indigena Gomes Pimentel",
    "cod_ti": 45001,
    "cod_municipio": 5107800,
    "data_cadastro": "24/09/2021",
    "flag_ativo": "A",
    "nome_cr": "COORDENACAO REGIONAL DE CUIABA",
    "nommunic": "Santo Antônio de Leverger",
    "nomuf": "Mato Grosso",
    "undadm_codigo": 30202002025,
    "coord_lat": -16.5320416667,
    "coord_long": -55.0258972222
   }
  },
  {
   "type": "Feature",
   "id": "aldeias_pontos.4095",
   "geometry": {
    "type": "Point",
    "coordinates": [
     -55.20714722,
     -16.60741667
    ]
   },
   "geometry_name": "the_geom",
   "properties": {
    "cod_aldeia": 4623,
    "nome_aldeia": "Posto Indígena Gomes Carneiro",
    "cod_ti": 45001,
    "cod_municipio": 5107800,
    "data_cadastro": "24/09/2021",
    "flag_ativo": "A",
    "nome_cr": "COORDENACAO REGIONAL DE CUIABA",
    "nommunic": "Santo Antônio de Leverger",
    "nomuf": "Mato Grosso",
    "undadm_codigo": 30202002025,
    "coord_lat": -16.6074166667,
    "coord_long": -55.2071472222
   }
  },
  {
   "type": "Feature",
   "id": "aldeias_pontos.4098",
   "geometry": {
    "type": "Point",
    "coordinates": [
     -51.20720222,
     -10.88186556
    ]
   },
   "geometry_name": "the_geom",
   "properties": {
    "cod_aldeia": 4626,
    "nome_aldeia": "Codebra",
    "cod_ti": 48301,
    "cod_municipio": 5106778,
    "data_cadastro": "15/12/2021",
    "flag_ativo": "A",
    "nome_cr": "COORDENACAO REGIONAL ARAGUAIA TOCANTINS",
    "nommunic": "Porto Alegre do Norte",
    "nomuf": "Mato Grosso",
    "undadm_codigo": 30202001962,
    "coord_lat": -10.8818655556,
    "coord_long": -51.2072022222
   }
  },
  {
   "type": "Feature",
   "id": "aldeias_pontos.4099",
   "geometry": {
    "type": "Point",
    "coordinates": [
     -51.30493333,
     -11.00651889
    ]
   },
   "geometry_name": "the_geom",
   "properties": {
    "cod_aldeia": 4627,
    "nome_aldeia": "Santa Luzia",
    "cod_ti": 48301,
    "cod_municipio": 5106778,
    "data_cadastro": "15/12/2021",
    "flag_ativo": "A",
    "nome_cr": "COORDENACAO REGIONAL ARAGUAIA TOCANTINS",
    "nommunic": "Porto Alegre do Norte",
    "nomuf": "Mato Grosso",
    "undadm_codigo": 30202001962,
    "coord_lat": -11.0065188889,
    "coord_long": -51.3049333333
   }
  },
  {
   "type": "Feature",
   "id": "aldeias_pontos.4100",
   "geometry": {
    "type": "Point",
    "coordinates": [
     -51.31269,
     -10.87027278
    ]
   },
   "geometry_name": "the_geom",
   "properties": {
    "cod_aldeia": 4628,
    "nome_aldeia": "Sapera",
    "cod_ti": 48301,
    "cod_municipio": 5106778,
    "data_cadastro": "15/12/2021",
    "flag_ativo": "A",
    "nome_cr": "COORDENACAO REGIONAL ARAGUAIA TOCANTINS",
    "nommunic": "Porto Alegre do Norte",
    "nomuf": "Mato Grosso",
    "undadm_codigo": 30202001962,
    "coord_lat": -10.8702727778,
    "coord_long": -51.31269
   }
  },
  {
   "type": "Feature",
   "id": "aldeias_pontos.4101",
   "geometry": {
    "type": "Point",
    "coordinates": [
     -51.35664611,
     -10.67092083
    ]
   },
   "geometry_name": "the_geom",
   "properties": {
    "cod_aldeia": 4629,
    "nome_aldeia": "Urubu Branco",
    "cod_ti": 48301,
    "cod_municipio": 5107776,
    "data_cadastro": "15/12/2021",
    "flag_ativo": "A",
    "nome_cr": "COORDENACAO REGIONAL ARAGUAIA TOCANTINS",
    "nommunic": "Santa Terezinha",
    "nomuf": "Mato Grosso",
    "undadm_codigo": 30202001962,
    "coord_lat": -10.6709208333,
    "coord_long": -51.3566461111
   }
  },
  {
   "type": "Feature",
   "id": "aldeias_pontos.4102",
   "geometry": {
    "type": "Point",
    "coordinates": [
     -51.31398222,
     -10.70756917
    ]
   },
   "geometry_name": "the_geom",
   "properties": {
    "cod_aldeia": 4630,
    "nome_aldeia": "Córrego da Onça",
    "cod_ti": 48301,
    "cod_municipio": 5107776,
    "data_cadastro": "15/12/2021",
    "flag_ativo": "A",
    "nome_cr": "COORDENACAO REGIONAL ARAGUAIA TOCANTINS",
    "nommunic": "Santa Terezinha",
    "nomuf": "Mato Grosso",
    "undadm_codigo": 30202001962,
    "coord_lat": -10.7075691667,
    "coord_long": -51.3139822222
   }
  },
  {
   "type": "Feature",
   "id": "aldeias_pontos.4105",
   "geometry": {
    "type": "Point",
    "coordinates": [
     -59.33320833,
     -12.25884111
    ]
   },
   "geometry_name": "the_geom",
   "properties": {
    "cod_aldeia": 4633,
    "nome_aldeia": "Kotokowiñakwa/Dolowikwa",
    "cod_ti": 11201,
    "cod_municipio": 5105150,
    "data_cadastro": "06/01/2022",
    "flag_ativo": "A",
    "nome_cr": "COORDENACAO REGIONAL NOROESTE DO MATO GROSSO",
    "nommunic": "Juína",
    "nomuf": "Mato Grosso",
    "undadm_codigo": 30202002032,
    "coord_lat": -12.2588411111,
    "coord_long": -59.3332083333
   }
  },
  {
   "type": "Feature",
   "id": "aldeias_pontos.4112",
   "geometry": {
    "type": "Point",
    "coordinates": [
     -58.77864056,
     -12.15477306
    ]
   },
   "geometry_name": "the_geom",
   "properties": {
    "cod_aldeia": 4642,
    "nome_aldeia": "Koliñakwa",
    "cod_ti": 11201,
    "cod_municipio": 5107875,
    "data_cadastro": "07/01/2022",
    "flag_ativo": "A",
    "nome_cr": "COORDENACAO REGIONAL NOROESTE DO MATO GROSSO",
    "nommunic": "Sapezal",
    "nomuf": "Mato Grosso",
    "undadm_codigo": 30202002032,
    "coord_lat": -12.1547730556,
    "coord_long": -58.7786405556
   }
  },
  {
   "type": "Feature",
   "id": "aldeias_pontos.4185",
   "geometry": {
    "type": "Point",
    "coordinates": [
     -60.62055556,
     -10.73719445
    ]
   },
   "geometry_name": "the_geom",
   "properties": {
    "cod_aldeia": 4719,
    "nome_aldeia": "Ipsyrej",
    "cod_ti": 51101,
    "cod_municipio": 5107578,
    "data_cadastro": "15/02/2022",
    "flag_ativo": "A",
    "nome_cr": "COORDENACAO REGIONAL DE JI PARANA",
    "nommunic": "Rondolândia",
    "nomuf": "Mato Grosso",
    "undadm_codigo": 30202001948,
    "coord_lat": -10.7371944444,
    "coord_long": -60.6205555556
   }
  },
  {
   "type": "Feature",
   "id": "aldeias_pontos.4186",
   "geometry": {
    "type": "Point",
    "coordinates": [
     -60.89019444,
     -10.21438889
    ]
   },
   "geometry_name": "the_geom",
   "properties": {
    "cod_aldeia": 4720,
    "nome_aldeia": "Chiquinho",
    "cod_ti": 51101,
    "cod_municipio": 5107578,
    "data_cadastro": "15/02/2022",
    "flag_ativo": "A",
    "nome_cr": "COORDENACAO REGIONAL DE JI PARANA",
    "nommunic": "Rondolândia",
    "nomuf": "Mato Grosso",
    "undadm_codigo": 30202001948,
    "coord_lat": -10.2143888889,
    "coord_long": -60.8901944444
   }
  },
  {
   "type": "Feature",
   "id": "aldeias_pontos.4207",
   "geometry": {
    "type": "Point",
    "coordinates": [
     -51.61111111,
     -11.71027778
    ]
   },
   "geometry_name": "the_geom",
   "properties": {
    "cod_aldeia": 4744,
    "nome_aldeia": "Tsuprasiutse",
    "cod_ti": 26901,
    "cod_municipio": 5100359,
    "data_cadastro": "28/03/2022",
    "flag_ativo": "A",
    "nome_cr": "COORDENACAO REGIONAL RIBEIRAO CASCALHEIRA",
    "nommunic": "Alto Boa Vista",
    "nomuf": "Mato Grosso",
    "undadm_codigo": 30202002046,
    "coord_lat": -11.7102777778,
    "coord_long": -51.6111111111
   }
  },
  {
   "type": "Feature",
   "id": "aldeias_pontos.4208",
   "geometry": {
    "type": "Point",
    "coordinates": [
     -51.69005972,
     -11.66500306
    ]
   },
   "geometry_name": "the_geom",
   "properties": {
    "cod_aldeia": 4745,
    "nome_aldeia": "Pedaré",
    "cod_ti": 26901,
    "cod_municipio": 5107859,
    "data_cadastro": "28/03/2022",
    "flag_ativo": "A",
    "nome_cr": "COORDENACAO REGIONAL RIBEIRAO CASCALHEIRA",
    "nommunic": "São Félix do Araguaia",
    "nomuf": "Mato Grosso",
    "undadm_codigo": 30202002046,
    "coord_lat": -11.6650030556,
    "coord_long": -51.6900597222
   }
  },
  {
   "type": "Feature",
   "id": "aldeias_pontos.4209",
   "geometry": {
    "type": "Point",
    "coordinates": [
     -51.43083333,
     -11.81083334
    ]
   },
   "geometry_name": "the_geom",
   "properties": {
    "cod_aldeia": 4746,
    "nome_aldeia": "Etetsiri",
    "cod_ti": 26901,
    "cod_municipio": 5107883,
    "data_cadastro": "28/03/2022",
    "flag_ativo": "A",
    "nome_cr": "COORDENACAO REGIONAL RIBEIRAO CASCALHEIRA",
    "nommunic": "Serra Nova Dourada",
    "nomuf": "Mato Grosso",
    "undadm_codigo": 30202002046,
    "coord_lat": -11.8108333333,
    "coord_long": -51.4308333333
   }
  },
  {
   "type": "Feature",
   "id": "aldeias_pontos.4210",
   "geometry": {
    "type": "Point",
    "coordinates": [
     -51.56083333,
     -11.80611111
    ]
   },
   "geometry_name": "the_geom",
   "properties": {
    "cod_aldeia": 4747,
    "nome_aldeia": "Cristo Rei",
    "cod_ti": 26901,
    "cod_municipio": 5100359,
    "data_cadastro": "28/03/2022",
    "flag_ativo": "A",
    "nome_cr": "COORDENACAO REGIONAL RIBEIRAO CASCALHEIRA",
    "nommunic": "Alto Boa Vista",
    "nomuf": "Mato Grosso",
    "undadm_codigo": 30202002046,
    "coord_lat": -11.8061111111,
    "coord_long": -51.5608333333
   }
  },
  {
   "type": "Feature",
   "id": "aldeias_pontos.4211",
   "geometry": {
    "type": "Point",
    "coordinates": [
     -51.46638889,
     -11.69611111
    ]
   },
   "geometry_name": "the_geom",
   "properties": {
    "cod_aldeia": 4748,
    "nome_aldeia": "Moonipa",
    "cod_ti": 26901,
    "cod_municipio": 5100359,
    "data_cadastro": "28/03/2022",
    "flag_ativo": "A",
    "nome_cr": "COORDENACAO REGIONAL RIBEIRAO CASCALHEIRA",
    "nommunic": "Alto Boa Vista",
    "nomuf": "Mato Grosso",
    "undadm_codigo": 30202002046,
    "coord_lat": -11.6961111111,
    "coord_long": -51.4663888889
   }
  },
  {
   "type": "Feature",
   "id": "aldeias_pontos.4212",
   "geometry": {
    "type": "Point",
    "coordinates": [
     -51.79138889,
     -11.93305556
    ]
   },
   "geometry_name": "the_geom",
   "properties": {
    "cod_aldeia": 4749,
    "nome_aldeia": "Tsibaadzatsi",
    "cod_ti": 26901,
    "cod_municipio": 5101852,
    "data_cadastro": "28/03/2022",
    "flag_ativo": "A",
    "nome_cr": "COORDENACAO REGIONAL RIBEIRAO CASCALHEIRA",
    "nommunic": "Bom Jesus do Araguaia",
    "nomuf": "Mato Grosso",
    "undadm_codigo": 30202002046,
    "coord_lat": -11.9330555556,
    "coord_long": -51.7913888889
   }
  },
  {
   "type": "Feature",
   "id": "aldeias_pontos.4213",
   "geometry": {
    "type": "Point",
    "coordinates": [
     -51.57783333,
     -11.81072222
    ]
   },
   "geometry_name": "the_geom",
   "properties": {
    "cod_aldeia": 4750,
    "nome_aldeia": "Aopá",
    "cod_ti": 26901,
    "cod_municipio": 5100359,
    "data_cadastro": "28/03/2022",
    "flag_ativo": "A",
    "nome_cr": "COORDENACAO REGIONAL RIBEIRAO CASCALHEIRA",
    "nommunic": "Alto Boa Vista",
    "nomuf": "Mato Grosso",
    "undadm_codigo": 30202002046,
    "coord_lat": -11.8107222222,
    "coord_long": -51.5778333333
   }
  },
  {
   "type": "Feature",
   "id": "aldeias_pontos.4214",
   "geometry": {
    "type": "Point",
    "coordinates": [
     -51.67802778,
     -11.79063889
    ]
   },
   "geometry_name": "the_geom",
   "properties": {
    "cod_aldeia": 4751,
    "nome_aldeia": "Maraiwatsédé",
    "cod_ti": 26901,
    "cod_municipio": 5100359,
    "data_cadastro": "28/03/2022",
    "flag_ativo": "A",
    "nome_cr": "COORDENACAO REGIONAL RIBEIRAO CASCALHEIRA",
    "nommunic": "Alto Boa Vista",
    "nomuf": "Mato Grosso",
    "undadm_codigo": 30202002046,
    "coord_lat": -11.7906388889,
    "coord_long": -51.6780277778
   }
  },
  {
   "type": "Feature",
   "id": "aldeias_pontos.4215",
   "geometry": {
    "type": "Point",
    "coordinates": [
     -51.83934306,
     -13.4137575
    ]
   },
   "geometry_name": "the_geom",
   "properties": {
    "cod_aldeia": 4752,
    "nome_aldeia": "Santa Vitória",
    "cod_ti": 35301,
    "cod_municipio": 5107180,
    "data_cadastro": "28/03/2022",
    "flag_ativo": "A",
    "nome_cr": "COORDENACAO REGIONAL RIBEIRAO CASCALHEIRA",
    "nommunic": "Ribeirão Cascalheira",
    "nomuf": "Mato Grosso",
    "undadm_codigo": 30202002046,
    "coord_lat": -13.4137575,
    "coord_long": -51.8393430556
   }
  },
  {
   "type": "Feature",
   "id": "aldeias_pontos.4216",
   "geometry": {
    "type": "Point",
    "coordinates": [
     -51.78444444,
     -13.53555556
    ]
   },
   "geometry_name": "the_geom",
   "properties": {
    "cod_aldeia": 4753,
    "nome_aldeia": "Maria de Jesus (Wamariwe)",
    "cod_ti": 35301,
    "cod_municipio": 5102702,
    "data_cadastro": "28/03/2022",
    "flag_ativo": "A",
    "nome_cr": "COORDENACAO REGIONAL RIBEIRAO CASCALHEIRA",
    "nommunic": "Canarana",
    "nomuf": "Mato Grosso",
    "undadm_codigo": 30202002046,
    "coord_lat": -13.5355555556,
    "coord_long": -51.7844444444
   }
  },
  {
   "type": "Feature",
   "id": "aldeias_pontos.4218",
   "geometry": {
    "type": "Point",
    "coordinates": [
     -51.91555556,
     -13.58916667
    ]
   },
   "geometry_name": "the_geom",
   "properties": {
    "cod_aldeia": 4755,
    "nome_aldeia": "Boa Vida",
    "cod_ti": 35301,
    "cod_municipio": 5102702,
    "data_cadastro": "28/03/2022",
    "flag_ativo": "A",
    "nome_cr": "COORDENACAO REGIONAL RIBEIRAO CASCALHEIRA",
    "nommunic": "Canarana",
    "nomuf": "Mato Grosso",
    "undadm_codigo": 30202002046,
    "coord_lat": -13.5891666667,
    "coord_long": -51.9155555556
   }
  },
  {
   "type": "Feature",
   "id": "aldeias_pontos.4223",
   "geometry": {
    "type": "Point",
    "coordinates": [
     -52.12168167,
     -14.35734556
    ]
   },
   "geometry_name": "the_geom",
   "properties": {
    "cod_aldeia": 4764,
    "nome_aldeia": "Água Viva",
    "cod_ti": 3902,
    "cod_municipio": 5106174,
    "data_cadastro": "28/03/2022",
    "flag_ativo": "A",
    "nome_cr": "COORDENACAO REGIONAL RIBEIRAO CASCALHEIRA",
    "nommunic": "Nova Nazaré",
    "nomuf": "Mato Grosso",
    "undadm_codigo": 30202002046,
    "coord_lat": -14.3573455556,
    "coord_long": -52.1216816667
   }
  },
  {
   "type": "Feature",
   "id": "aldeias_pontos.4224",
   "geometry": {
    "type": "Point",
    "coordinates": [
     -52.13069306,
     -14.22878306
    ]
   },
   "geometry_name": "the_geom",
   "properties": {
    "cod_aldeia": 4765,
    "nome_aldeia": "El Shaday",
    "cod_ti": 3902,
    "cod_municipio": 5100201,
    "data_cadastro": "28/03/2022",
    "flag_ativo": "A",
    "nome_cr": "COORDENACAO REGIONAL RIBEIRAO CASCALHEIRA",
    "nommunic": "Água Boa",
    "nomuf": "Mato Grosso",
    "undadm_codigo": 30202002046,
    "coord_lat": -14.2287830556,
    "coord_long": -52.1306930556
   }
  },
  {
   "type": "Feature",
   "id": "aldeias_pontos.4225",
   "geometry": {
    "type": "Point",
    "coordinates": [
     -52.13286111,
     -14.22947223
    ]
   },
   "geometry_name": "the_geom",
   "properties": {
    "cod_aldeia": 4767,
    "nome_aldeia": "Serra Nova",
    "cod_ti": 3902,
    "cod_municipio": 5100201,
    "data_cadastro": "28/03/2022",
    "flag_ativo": "A",
    "nome_cr": "COORDENACAO REGIONAL RIBEIRAO CASCALHEIRA",
    "nommunic": "Água Boa",
    "nomuf": "Mato Grosso",
    "undadm_codigo": 30202002046,
    "coord_lat": -14.2294722222,
    "coord_long": -52.1328611111
   }
  },
  {
   "type": "Feature",
   "id": "aldeias_pontos.4259",
   "geometry": {
    "type": "Point",
    "coordinates": [
     -52.14183361,
     -14.40283834
    ]
   },
   "geometry_name": "the_geom",
   "properties": {
    "cod_aldeia": 4804,
    "nome_aldeia": "Lagoa Grande",
    "cod_ti": 3902,
    "cod_municipio": 5106174,
    "data_cadastro": "31/03/2022",
    "flag_ativo": "A",
    "nome_cr": "COORDENACAO REGIONAL RIBEIRAO CASCALHEIRA",
    "nommunic": "Nova Nazaré",
    "nomuf": "Mato Grosso",
    "undadm_codigo": 30202002046,
    "coord_lat": -14.4028383333,
    "coord_long": -52.1418336111
   }
  },
  {
   "type": "Feature",
   "id": "aldeias_pontos.4260",
   "geometry": {
    "type": "Point",
    "coordinates": [
     -52.09963444,
     -14.26993417
    ]
   },
   "geometry_name": "the_geom",
   "properties": {
    "cod_aldeia": 4805,
    "nome_aldeia": "Babaçu",
    "cod_ti": 3902,
    "cod_municipio": 5100201,
    "data_cadastro": "31/03/2022",
    "flag_ativo": "A",
    "nome_cr": "COORDENACAO REGIONAL RIBEIRAO CASCALHEIRA",
    "nommunic": "Água Boa",
    "nomuf": "Mato Grosso",
    "undadm_codigo": 30202002046,
    "coord_lat": -14.2699341667,
    "coord_long": -52.0996344444
   }
  },
  {
   "type": "Feature",
   "id": "aldeias_pontos.4261",
   "geometry": {
    "type": "Point",
    "coordinates": [
     -52.15863889,
     -14.27572223
    ]
   },
   "geometry_name": "the_geom",
   "properties": {
    "cod_aldeia": 4806,
    "nome_aldeia": "Água Quente",
    "cod_ti": 3902,
    "cod_municipio": 5100201,
    "data_cadastro": "31/03/2022",
    "flag_ativo": "A",
    "nome_cr": "COORDENACAO REGIONAL RIBEIRAO CASCALHEIRA",
    "nommunic": "Água Boa",
    "nomuf": "Mato Grosso",
    "undadm_codigo": 30202002046,
    "coord_lat": -14.2757222222,
    "coord_long": -52.1586388889
   }
  },
  {
   "type": "Feature",
   "id": "aldeias_pontos.4262",
   "geometry": {
    "type": "Point",
    "coordinates": [
     -51.92470472,
     -14.54069612
    ]
   },
   "geometry_name": "the_geom",
   "properties": {
    "cod_aldeia": 4807,
    "nome_aldeia": "São Cristóvão",
    "cod_ti": 3901,
    "cod_municipio": 5106174,
    "data_cadastro": "31/03/2022",
    "flag_ativo": "A",
    "nome_cr": "COORDENACAO REGIONAL RIBEIRAO CASCALHEIRA",
    "nommunic": "Nova Nazaré",
    "nomuf": "Mato Grosso",
    "undadm_codigo": 30202002046,
    "coord_lat": -14.5406961111,
    "coord_long": -51.9247047222
   }
  },
  {
   "type": "Feature",
   "id": "aldeias_pontos.4464",
   "geometry": {
    "type": "Point",
    "coordinates": [
     -54.41506111,
     -10.44918889
    ]
   },
   "geometry_name": "the_geom",
   "properties": {
    "cod_aldeia": 5030,
    "nome_aldeia": "Kopenoty",
    "cod_ti": 44901,
    "cod_municipio": 5106422,
    "data_cadastro": "27/09/2022",
    "flag_ativo": "A",
    "nome_cr": "COORDENACAO REGIONAL NORTE DO MATO GROSSO",
    "nommunic": "Peixoto de Azevedo",
    "nomuf": "Mato Grosso",
    "undadm_codigo": 30202002039,
    "coord_lat": -10.4491888889,
    "coord_long": -54.4150611111
   }
  },
  {
   "type": "Feature",
   "id": "aldeias_pontos.4465",
   "geometry": {
    "type": "Point",
    "coordinates": [
     -57.68922778,
     -8.43038611
    ]
   },
   "geometry_name": "the_geom",
   "properties": {
    "cod_aldeia": 5034,
    "nome_aldeia": "Burutanga",
    "cod_ti": 22902,
    "cod_municipio": 5100805,
    "data_cadastro": "29/09/2022",
    "flag_ativo": "A",
    "nome_cr": "COORDENACAO REGIONAL NORTE DO MATO GROSSO",
    "nommunic": "Apiacás",
    "nomuf": "Mato Grosso",
    "undadm_codigo": 30202002039,
    "coord_lat": -8.43038611111,
    "coord_long": -57.6892277778
   }
  },
  {
   "type": "Feature",
   "id": "aldeias_pontos.4466",
   "geometry": {
    "type": "Point",
    "coordinates": [
     -57.83658889,
     -7.96255833
    ]
   },
   "geometry_name": "the_geom",
   "properties": {
    "cod_aldeia": 5035,
    "nome_aldeia": "Burixiwá",
    "cod_ti": 68301,
    "cod_municipio": 5100805,
    "data_cadastro": "29/09/2022",
    "flag_ativo": "A",
    "nome_cr": "COORDENACAO REGIONAL NORTE DO MATO GROSSO",
    "nommunic": "Apiacás",
    "nomuf": "Mato Grosso",
    "undadm_codigo": 30202002039,
    "coord_lat": -7.96255833333,
    "coord_long": -57.8365888889
   }
  },
  {
   "type": "Feature",
   "id": "aldeias_pontos.4497",
   "geometry": {
    "type": "Point",
    "coordinates": [
     -59.24440556,
     -14.36127778
    ]
   },
   "geometry_name": "the_geom",
   "properties": {
    "cod_aldeia": 5074,
    "nome_aldeia": "Arimateia",
    "cod_ti": 47901,
    "cod_municipio": 5102686,
    "data_cadastro": "28/03/2023",
    "flag_ativo": "A",
    "nome_cr": "COORDENACAO REGIONAL DE CUIABA",
    "nommunic": "Campos de Júlio",
    "nomuf": "Mato Grosso",
    "undadm_codigo": 30202002025,
    "coord_lat": -14.3612777778,
    "coord_long": -59.2444055556
   }
  },
  {
   "type": "Feature",
   "id": "aldeias_pontos.4598",
   "geometry": {
    "type": "Point",
    "coordinates": [
     -53.752175,
     -10.10474445
    ]
   },
   "geometry_name": "the_geom",
   "properties": {
    "cod_aldeia": 5208,
    "nome_aldeia": "JARINA",
    "cod_ti": 9201,
    "cod_municipio": 5106422,
    "data_cadastro": "07/12/2023",
    "flag_ativo": "A",
    "nome_cr": "COORDENACAO REGIONAL NORTE DO MATO GROSSO",
    "nommunic": "Peixoto de Azevedo",
    "nomuf": "Mato Grosso",
    "undadm_codigo": 30202002039,
    "coord_lat": -10.104744444444,
    "coord_long": -53.752175
   }
  },
  {
   "type": "Feature",
   "id": "aldeias_pontos.4599",
   "geometry": {
    "type": "Point",
    "coordinates": [
     -53.96365139,
     -12.20375695
    ]
   },
   "geometry_name": "the_geom",
   "properties": {
    "cod_aldeia": 5209,
    "nome_aldeia": "Pïrino",
    "cod_ti": 65001,
    "cod_municipio": 5106307,
    "data_cadastro": "07/12/2023",
    "flag_ativo": "A",
    "nome_cr": "COORDENACAO REGIONAL DO XINGU",
    "nommunic": "Paranatinga",
    "nomuf": "Mato Grosso",
    "undadm_codigo": 30202002060,
    "coord_lat": -12.203756944444,
    "coord_long": -53.963651388889
   }
  },
  {
   "type": "Feature",
   "id": "aldeias_pontos.4600",
   "geometry": {
    "type": "Point",
    "coordinates": [
     -53.98710194,
     -12.2587
    ]
   },
   "geometry_name": "the_geom",
   "properties": {
    "cod_aldeia": 5210,
    "nome_aldeia": "Rawo",
    "cod_ti": 33801,
    "cod_municipio": 5106307,
    "data_cadastro": "07/12/2023",
    "flag_ativo": "A",
    "nome_cr": "COORDENACAO REGIONAL DO XINGU",
    "nommunic": "Paranatinga",
    "nomuf": "Mato Grosso",
    "undadm_codigo": 30202002060,
    "coord_lat": -12.2587,
    "coord_long": -53.987101944444
   }
  },
  {
   "type": "Feature",
   "id": "aldeias_pontos.4606",
   "geometry": {
    "type": "Point",
    "coordinates": [
     -53.80187778,
     -9.77152778
    ]
   },
   "geometry_name": "the_geom",
   "properties": {
    "cod_aldeia": 5223,
    "nome_aldeia": "Inamaty Pokee",
    "cod_ti": 44901,
    "cod_municipio": 5105606,
    "data_cadastro": "25/04/2024",
    "flag_ativo": "A",
    "nome_cr": "COORDENACAO REGIONAL NORTE DO MATO GROSSO",
    "nommunic": "Matupá",
    "nomuf": "Mato Grosso",
    "undadm_codigo": 30202002039,
    "coord_lat": -9.7715277777778,
    "coord_long": -53.801877777778
   }
  },
  {
   "type": "Feature",
   "id": "aldeias_pontos.4607",
   "geometry": {
    "type": "Point",
    "coordinates": [
     -53.96851389,
     -9.71113056
    ]
   },
   "geometry_name": "the_geom",
   "properties": {
    "cod_aldeia": 5224,
    "nome_aldeia": "Turipuku",
    "cod_ti": 44901,
    "cod_municipio": 5105606,
    "data_cadastro": "25/04/2024",
    "flag_ativo": "A",
    "nome_cr": "COORDENACAO REGIONAL NORTE DO MATO GROSSO",
    "nommunic": "Matupá",
    "nomuf": "Mato Grosso",
    "undadm_codigo": 30202002039,
    "coord_lat": -9.7111305555556,
    "coord_long": -53.968513888889
   }
  },
  {
   "type": "Feature",
   "id": "aldeias_pontos.4608",
   "geometry": {
    "type": "Point",
    "coordinates": [
     -53.78376944,
     -9.73332222
    ]
   },
   "geometry_name": "the_geom",
   "properties": {
    "cod_aldeia": 5225,
    "nome_aldeia": "Kuxonety pokee",
    "cod_ti": 44901,
    "cod_municipio": 5105606,
    "data_cadastro": "25/04/2024",
    "flag_ativo": "A",
    "nome_cr": "COORDENACAO REGIONAL NORTE DO MATO GROSSO",
    "nommunic": "Matupá",
    "nomuf": "Mato Grosso",
    "undadm_codigo": 30202002039,
    "coord_lat": -9.7333222222222,
    "coord_long": -53.783769444444
   }
  },
  {
   "type": "Feature",
   "id": "aldeias_pontos.4611",
   "geometry": {
    "type": "Point",
    "coordinates": [
     -60.48606194,
     -13.08024167
    ]
   },
   "geometry_name": "the_geom",
   "properties": {
    "cod_aldeia": 5228,
    "nome_aldeia": "Castanheira",
    "cod_ti": 68301,
    "cod_municipio": 5100805,
    "data_cadastro": "24/07/2024",
    "flag_ativo": "I",
    "nome_cr": "COORDENACAO REGIONAL NORTE DO MATO GROSSO",
    "nommunic": "Apiacás",
    "nomuf": "Mato Grosso",
    "undadm_codigo": 30202002039,
    "coord_lat": -13.080241666667,
    "coord_long": -60.486061944444
   }
  },
  {
   "type": "Feature",
   "id": "aldeias_pontos.4615",
   "geometry": {
    "type": "Point",
    "coordinates": [
     -58.10047222,
     -14.07202778
    ]
   },
   "geometry_name": "the_geom",
   "properties": {
    "cod_aldeia": 5236,
    "nome_aldeia": "Hyakane Maytsutsu",
    "cod_ti": 33401,
    "cod_municipio": 5107958,
    "data_cadastro": "01/10/2024",
    "flag_ativo": "A",
    "nome_cr": "COORDENACAO REGIONAL DE CUIABA",
    "nommunic": "Tangará da Serra",
    "nomuf": "Mato Grosso",
    "undadm_codigo": 30202002025,
    "coord_lat": -14.072027777778,
    "coord_long": -58.100472222222
   }
  },
  {
   "type": "Feature",
   "id": "aldeias_pontos.4619",
   "geometry": {
    "type": "Point",
    "coordinates": [
     -59.41506669,
     -16.22848795
    ]
   },
   "geometry_name": "the_geom",
   "properties": {
    "cod_aldeia": 5240,
    "nome_aldeia": "Paama Mastakama",
    "cod_ti": 59001,
    "cod_municipio": 5106828,
    "data_cadastro": "10/01/2025",
    "flag_ativo": "A",
    "nome_cr": "COORDENACAO REGIONAL DE CUIABA",
    "nommunic": "Porto Esperidião",
    "nomuf": "Mato Grosso",
    "undadm_codigo": 30202002025,
    "coord_lat": -16.228487944444,
    "coord_long": -59.415066694444
   }
  },
  {
   "type": "Feature",
   "id": "aldeias_pontos.4620",
   "geometry": {
    "type": "Point",
    "coordinates": [
     -59.41511222,
     -16.23246356
    ]
   },
   "geometry_name": "the_geom",
   "properties": {
    "cod_aldeia": 5241,
    "nome_aldeia": "Acorizal",
    "cod_ti": 59001,
    "cod_municipio": 5106828,
    "data_cadastro": "10/01/2025",
    "flag_ativo": "A",
    "nome_cr": "COORDENACAO REGIONAL DE CUIABA",
    "nommunic": "Porto Esperidião",
    "nomuf": "Mato Grosso",
    "undadm_codigo": 30202002025,
    "coord_lat": -16.232463555556,
    "coord_long": -59.415112222222
   }
  },
  {
   "type": "Feature",
   "id": "aldeias_pontos.4621",
   "geometry": {
    "type": "Point",
    "coordinates": [
     -59.45241653,
     -16.23677067
    ]
   },
   "geometry_name": "the_geom",
   "properties": {
    "cod_aldeia": 5242,
    "nome_aldeia": "Nautukirs",
    "cod_ti": 59001,
    "cod_municipio": 5106828,
    "data_cadastro": "10/01/2025",
    "flag_ativo": "A",
    "nome_cr": "COORDENACAO REGIONAL DE CUIABA",
    "nommunic": "Porto Esperidião",
    "nomuf": "Mato Grosso",
    "undadm_codigo": 30202002025,
    "coord_lat": -16.236770666667,
    "coord_long": -59.452416527778
   }
  },
  {
   "type": "Feature",
   "id": "aldeias_pontos.4622",
   "geometry": {
    "type": "Point",
    "coordinates": [
     -59.47916378,
     -16.2408677
    ]
   },
   "geometry_name": "the_geom",
   "properties": {
    "cod_aldeia": 5243,
    "nome_aldeia": "Chiquitana",
    "cod_ti": 59001,
    "cod_municipio": 5105507,
    "data_cadastro": "10/01/2025",
    "flag_ativo": "A",
    "nome_cr": "COORDENACAO REGIONAL DE CUIABA",
    "nommunic": "Vila Bela da Santíssima Trindade",
    "nomuf": "Mato Grosso",
    "undadm_codigo": 30202002025,
    "coord_lat": -16.240867694444,
    "coord_long": -59.479163777778
   }
  },
  {
   "type": "Feature",
   "id": "aldeias_pontos.4631",
   "geometry": {
    "type": "Point",
    "coordinates": [
     -53.19597778,
     -12.75721667
    ]
   },
   "geometry_name": "the_geom",
   "properties": {
    "cod_aldeia": 5252,
    "nome_aldeia": "Yamala",
    "cod_ti": 33801,
    "cod_municipio": 5103858,
    "data_cadastro": "20/05/2025",
    "flag_ativo": "A",
    "nome_cr": "COORDENACAO REGIONAL DO XINGU",
    "nommunic": "Gaúcha do Norte",
    "nomuf": "Mato Grosso",
    "undadm_codigo": 30202002060,
    "coord_lat": -12.757216666667,
    "coord_long": -53.195977777778
   }
  },
  {
   "type": "Feature",
   "id": "aldeias_pontos.4724",
   "geometry": {
    "type": "Point",
    "coordinates": [
     -53.33575,
     -10.50113889
    ]
   },
   "geometry_name": "the_geom",
   "properties": {
    "cod_aldeia": 5353,
    "nome_aldeia": "Imõkre",
    "cod_ti": 9201,
    "cod_municipio": 5106422,
    "data_cadastro": "04/03/2026",
    "flag_ativo": "A",
    "nome_cr": "COORDENACAO REGIONAL NORTE DO MATO GROSSO",
    "nommunic": "Peixoto de Azevedo",
    "nomuf": "Mato Grosso",
    "undadm_codigo": 30202002039,
    "coord_lat": -10.501138888889,
    "coord_long": -53.33575
   }
  },
  {
   "type": "Feature",
   "id": "aldeias_pontos.4725",
   "geometry": {
    "type": "Point",
    "coordinates": [
     -57.87638889,
     -7.81166667
    ]
   },
   "geometry_name": "the_geom",
   "properties": {
    "cod_aldeia": 5354,
    "nome_aldeia": "Aldeia Nova Castanheira",
    "cod_ti": 68301,
    "cod_municipio": 5100805,
    "data_cadastro": "04/03/2026",
    "flag_ativo": "A",
    "nome_cr": "COORDENACAO REGIONAL NORTE DO MATO GROSSO",
    "nommunic": "Apiacás",
    "nomuf": "Mato Grosso",
    "undadm_codigo": 30202002039,
    "coord_lat": -7.8116666666667,
    "coord_long": -57.876388888889
   }
  },
  {
   "type": "Feature",
   "id": "aldeias_pontos.4726",
   "geometry": {
    "type": "Point",
    "coordinates": [
     -53.08931111,
     -10.52582778
    ]
   },
   "geometry_name": "the_geom",
   "properties": {
    "cod_aldeia": 5355,
    "nome_aldeia": "Aldeia Krãbidji",
    "cod_ti": 9201,
    "cod_municipio": 5106422,
    "data_cadastro": "05/03/2026",
    "flag_ativo": "A",
    "nome_cr": "COORDENACAO REGIONAL NORTE DO MATO GROSSO",
    "nommunic": "Peixoto de Azevedo",
    "nomuf": "Mato Grosso",
    "undadm_codigo": 30202002039,
    "coord_lat": -10.525827777778,
    "coord_long": -53.089311111111
   }
  },
  {
   "type": "Feature",
   "id": "aldeias_pontos.4727",
   "geometry": {
    "type": "Point",
    "coordinates": [
     -53.08047222,
     -10.76711389
    ]
   },
   "geometry_name": "the_geom",
   "properties": {
    "cod_aldeia": 5356,
    "nome_aldeia": "Aldeia Ipren-re",
    "cod_ti": 9201,
    "cod_municipio": 5107354,
    "data_cadastro": "05/03/2026",
    "flag_ativo": "A",
    "nome_cr": "COORDENACAO REGIONAL NORTE DO MATO GROSSO",
    "nommunic": "São José do Xingu",
    "nomuf": "Mato Grosso",
    "undadm_codigo": 30202002039,
    "coord_lat": -10.767113888889,
    "coord_long": -53.080472222222
   }
  },
  {
   "type": "Feature",
   "id": "aldeias_pontos.4728",
   "geometry": {
    "type": "Point",
    "coordinates": [
     -53.08597778,
     -10.55380833
    ]
   },
   "geometry_name": "the_geom",
   "properties": {
    "cod_aldeia": 5357,
    "nome_aldeia": "Aldeia Saré",
    "cod_ti": 9201,
    "cod_municipio": 5106422,
    "data_cadastro": "05/03/2026",
    "flag_ativo": "A",
    "nome_cr": "COORDENACAO REGIONAL NORTE DO MATO GROSSO",
    "nommunic": "Peixoto de Azevedo",
    "nomuf": "Mato Grosso",
    "undadm_codigo": 30202002039,
    "coord_lat": -10.553808333333,
    "coord_long": -53.085977777778
   }
  }
 ]
}