{"type": "FeatureCollection", "features": [{"type": "Feature", "properties": {"hand_max_m": 2.0, "n_celulas": 91, "rotulo": "HAND ≤ 2 m (proxy SRTM)"}, "geometry": {"type": "MultiPolygon", "coordinates": [[[[-55.77734779208447, -14.870783731167451], [-55.76711220791553, -14.870783731167451], [-55.76711220791553, -14.880676268832556], [-55.77734779208447, -14.880676268832556], [-55.77734779208447, -14.870783731167451]]], [[[-55.77982788249467, -14.874593731167442], [-55.76959211750533, -14.874593731167442], [-55.76959211750533, -14.884486268832552], [-55.77982788249467, -14.884486268832552], [-55.77982788249467, -14.874593731167442]]], [[[-55.774877701700085, -14.86697373116745], [-55.764642298299904, -14.86697373116745], [-55.764642298299904, -14.87686626883255], [-55.774877701700085, -14.87686626883255], [-55.774877701700085, -14.86697373116745]]], [[[-55.78230797269329, -14.87839373116745], [-55.772072027306706, -14.87839373116745], [-55.772072027306706, -14.888286268832555], [-55.78230797269329, -14.888286268832555], [-55.78230797269329, -14.87839373116745]]], [[[-55.77239761157867, -14.863173731167448], [-55.76216238842133, -14.863173731167448], [-55.76216238842133, -14.873066268832554], [-55.77239761157867, -14.873066268832554], [-55.77239761157867, -14.863173731167448]]], [[[-55.79469767679556, -14.865923731167445], [-55.78446232320445, -14.865923731167445], [-55.78446232320445, -14.875816268832557], [-55.79469767679556, -14.875816268832557], [-55.79469767679556, -14.865923731167445]]], [[[-55.80684756320829, -14.861133731167445], [-55.79661243679171, -14.861133731167445], [-55.79661243679171, -14.871026268832557], [-55.80684756320829, -14.871026268832557], [-55.80684756320829, -14.861133731167445]]], [[[-55.814497684385294, -14.866243731167447], [-55.8042623156147, -14.866243731167447], [-55.8042623156147, -14.876136268832553], [-55.814497684385294, -14.876136268832553], [-55.814497684385294, -14.866243731167447]]], [[[-55.814417404396856, -14.854433731167447], [-55.804182595603145, -14.854433731167447], [-55.804182595603145, -14.864326268832553], [-55.814417404396856, -14.864326268832553], [-55.814417404396856, -14.854433731167447]]], [[[-55.81921701931477, -14.838173731167451], [-55.808982980685236, -14.838173731167451], [-55.808982980685236, -14.848066268832556], [-55.81921701931477, -14.848066268832556], [-55.81921701931477, -14.838173731167451]]], [[[-55.81770711992124, -14.842423731167449], [-55.80747288007877, -14.842423731167449], [-55.80747288007877, -14.852316268832551], [-55.81770711992124, -14.852316268832551], [-55.81770711992124, -14.842423731167449]]], [[[-55.816187220559804, -14.846673731167451], [-55.8059527794402, -14.846673731167451], [-55.8059527794402, -14.856566268832555], [-55.816187220559804, -14.856566268832555], [-55.816187220559804, -14.846673731167451]]], [[[-55.814667321230495, -14.850923731167446], [-55.80443267876951, -14.850923731167446], [-55.80443267876951, -14.860816268832554], [-55.814667321230495, -14.860816268832554], [-55.814667321230495, -14.850923731167446]]], [[[-55.813157421933305, -14.855173731167447], [-55.80292257806669, -14.855173731167447], [-55.80292257806669, -14.865066268832553], [-55.813157421933305, -14.865066268832553], [-55.813157421933305, -14.855173731167447]]], [[[-55.83132727408893, -14.848933731167445], [-55.82109272591107, -14.848933731167445], [-55.82109272591107, -14.858826268832555], [-55.83132727408893, -14.858826268832555], [-55.83132727408893, -14.848933731167445]]], [[[-55.83868714383478, -14.843433731167451], [-55.82845285616522, -14.843433731167451], [-55.82845285616522, -14.853326268832557], [-55.83868714383478, -14.853326268832557], [-55.83868714383478, -14.843433731167451]]], [[[-55.81292759995962, -14.862683731167449], [-55.80269240004039, -14.862683731167449], [-55.80269240004039, -14.872576268832553], [-55.81292759995962, -14.872576268832553], [-55.81292759995962, -14.862683731167449]]], [[[-55.80556773063926, -14.868193731167445], [-55.79533226936074, -14.868193731167445], [-55.79533226936074, -14.878086268832554], [-55.80556773063926, -14.878086268832554], [-55.80556773063926, -14.868193731167445]]], [[[-55.83961725206036, -14.848003731167445], [-55.82938274793965, -14.848003731167445], [-55.82938274793965, -14.857896268832551], [-55.83961725206036, -14.857896268832551], [-55.83961725206036, -14.848003731167445]]], [[[-55.84425724305988, -14.84762373116745], [-55.83402275694013, -14.84762373116745], [-55.83402275694013, -14.857516268832557], [-55.84425724305988, -14.857516268832557], [-55.84425724305988, -14.84762373116745]]], [[[-55.84888723405966, -14.847243731167445], [-55.838652765940346, -14.847243731167445], [-55.838652765940346, -14.857136268832551], [-55.84888723405966, -14.857136268832551], [-55.84888723405966, -14.847243731167445]]], [[[-55.83034726982521, -14.848753731167447], [-55.82011273017479, -14.848753731167447], [-55.82011273017479, -14.858646268832553], [-55.83034726982521, -14.858646268832553], [-55.83034726982521, -14.848753731167447]]], [[[-55.85352722529653, -14.846873731167447], [-55.84329277470347, -14.846873731167447], [-55.84329277470347, -14.856766268832551], [-55.85352722529653, -14.856766268832551], [-55.85352722529653, -14.846873731167447]]], [[[-55.82570727882646, -14.849133731167449], [-55.81547272117355, -14.849133731167449], [-55.81547272117355, -14.859026268832553], [-55.82570727882646, -14.859026268832553], [-55.82570727882646, -14.849133731167449]]], [[[-55.816437296592824, -14.849883731167447], [-55.80620270340719, -14.849883731167447], [-55.80620270340719, -14.859776268832555], [-55.816437296592824, -14.859776268832555], [-55.816437296592824, -14.849883731167447]]], [[[-55.84550731554471, -14.850683731167445], [-55.8352726844553, -14.850683731167445], [-55.8352726844553, -14.860576268832551], [-55.84550731554471, -14.860576268832551], [-55.84550731554471, -14.850683731167445]]], [[[-55.85624711163479, -14.842073731167446], [-55.846012888365216, -14.842073731167446], [-55.846012888365216, -14.85196626883255], [-55.85624711163479, -14.85196626883255], [-55.85624711163479, -14.842073731167446]]], [[[-55.85982704369409, -14.83920373116745], [-55.849592956305905, -14.83920373116745], [-55.849592956305905, -14.84909626883255], [-55.85982704369409, -14.84909626883255], [-55.85982704369409, -14.83920373116745]]], [[[-55.863416975768054, -14.836333731167443], [-55.853183024231946, -14.836333731167443], [-55.853183024231946, -14.84622626883255], [-55.863416975768054, -14.84622626883255], [-55.863416975768054, -14.836333731167443]]], [[[-55.86699690785665, -14.833463731167448], [-55.85676309214335, -14.833463731167448], [-55.85676309214335, -14.843356268832554], [-55.86699690785665, -14.843356268832554], [-55.86699690785665, -14.833463731167448]]], [[[-55.85804709482579, -14.84136373116745], [-55.84781290517421, -14.84136373116745], [-55.84781290517421, -14.851256268832556], [-55.85804709482579, -14.851256268832556], [-55.85804709482579, -14.84136373116745]]], [[[-55.854486898156225, -14.83305373116744], [-55.84425310184378, -14.83305373116744], [-55.84425310184378, -14.842946268832549], [-55.854486898156225, -14.842946268832549], [-55.854486898156225, -14.83305373116744]]], [[[-55.8710569755314, -14.836323731167445], [-55.8608230244686, -14.836323731167445], [-55.8608230244686, -14.846216268832553], [-55.8710569755314, -14.846216268832553], [-55.8710569755314, -14.836323731167445]]], [[[-55.88618708535634, -14.840963731167445], [-55.87595291464367, -14.840963731167445], [-55.87595291464367, -14.850856268832551], [-55.88618708535634, -14.850856268832551], [-55.88618708535634, -14.840963731167445]]], [[[-55.900987335445414, -14.851523731167445], [-55.89075266455458, -14.851523731167445], [-55.89075266455458, -14.861416268832548], [-55.900987335445414, -14.861416268832548], [-55.900987335445414, -14.851523731167445]]], [[[-55.91670752266823, -14.85942373116745], [-55.90647247733177, -14.85942373116745], [-55.90647247733177, -14.869316268832552], [-55.91670752266823, -14.869316268832552], [-55.91670752266823, -14.85942373116745]]], [[[-55.91302758786677, -14.862173731167445], [-55.90279241213323, -14.862173731167445], [-55.90279241213323, -14.872066268832551], [-55.91302758786677, -14.872066268832551], [-55.91302758786677, -14.862173731167445]]], [[[-55.93048763884955, -14.864323731167447], [-55.92025236115045, -14.864323731167447], [-55.92025236115045, -14.874216268832553], [-55.93048763884955, -14.874216268832553], [-55.93048763884955, -14.864323731167447]]], [[[-55.947907759818314, -14.869423731167448], [-55.93767224018168, -14.869423731167448], [-55.93767224018168, -14.879316268832554], [-55.947907759818314, -14.879316268832554], [-55.947907759818314, -14.869423731167448]]], [[[-55.96413780608331, -14.871373731167449], [-55.9539021939167, -14.871373731167449], [-55.9539021939167, -14.881266268832551], [-55.96413780608331, -14.881266268832551], [-55.96413780608331, -14.871373731167449]]], [[[-55.97917782103191, -14.872003731167446], [-55.96894217896809, -14.872003731167446], [-55.96894217896809, -14.881896268832556], [-55.97917782103191, -14.881896268832556], [-55.97917782103191, -14.872003731167446]]], [[[-55.99265808120304, -14.882963731167445], [-55.982421918796966, -14.882963731167445], [-55.982421918796966, -14.892856268832553], [-55.99265808120304, -14.892856268832553], [-55.99265808120304, -14.882963731167445]]], [[[-56.013297834794734, -14.872583731167447], [-56.00306216520528, -14.872583731167447], [-56.00306216520528, -14.882476268832555], [-56.013297834794734, -14.882476268832555], [-56.013297834794734, -14.872583731167447]]], [[[-56.006438274570655, -14.89110373116745], [-55.996201725429344, -14.89110373116745], [-55.996201725429344, -14.900996268832552], [-56.006438274570655, -14.900996268832552], [-56.006438274570655, -14.89110373116745]]], [[[-56.02023822633649, -14.889073731167446], [-56.01000177366352, -14.889073731167446], [-56.01000177366352, -14.898966268832556], [-56.02023822633649, -14.898966268832556], [-56.02023822633649, -14.889073731167446]]], [[[-56.0201983803313, -14.895553731167443], [-56.009961619668694, -14.895553731167443], [-56.009961619668694, -14.905446268832552], [-56.0201983803313, -14.905446268832552], [-56.0201983803313, -14.895553731167443]]], [[[-56.020947987174935, -14.879003731167447], [-56.01071201282507, -14.879003731167447], [-56.01071201282507, -14.888896268832555], [-56.020947987174935, -14.888896268832555], [-56.020947987174935, -14.879003731167447]]], [[[-56.0116477887628, -14.870643731167448], [-56.001412211237195, -14.870643731167448], [-56.001412211237195, -14.880536268832556], [-56.0116477887628, -14.880536268832556], [-56.0116477887628, -14.870643731167448]]], [[[-56.021557493985135, -14.858213731167446], [-56.01132250601487, -14.858213731167446], [-56.01132250601487, -14.86810626883255], [-56.021557493985135, -14.86810626883255], [-56.021557493985135, -14.858213731167446]]], [[[-56.034047467437816, -14.857093731167451], [-56.0238125325622, -14.857093731167451], [-56.0238125325622, -14.866986268832555], [-56.034047467437816, -14.866986268832555], [-56.034047467437816, -14.857093731167451]]], [[[-56.048347341842344, -14.851793731167447], [-56.038112658157665, -14.851793731167447], [-56.038112658157665, -14.861686268832553], [-56.048347341842344, -14.861686268832553], [-56.048347341842344, -14.851793731167447]]], [[[-56.053656945241606, -14.835043731167447], [-56.0434230547584, -14.835043731167447], [-56.0434230547584, -14.844936268832551], [-56.053656945241606, -14.844936268832551], [-56.053656945241606, -14.835043731167447]]], [[[-56.06328673187575, -14.826023731167448], [-56.053053268124245, -14.826023731167448], [-56.053053268124245, -14.835916268832554], [-56.06328673187575, -14.835916268832554], [-56.06328673187575, -14.826023731167448]]], [[[-56.059736800695276, -14.828933731167451], [-56.04950319930472, -14.828933731167451], [-56.04950319930472, -14.838826268832554], [-56.059736800695276, -14.838826268832554], [-56.059736800695276, -14.828933731167451]]], [[[-56.056186869293285, -14.831833731167448], [-56.04595313070673, -14.831833731167448], [-56.04595313070673, -14.841726268832554], [-56.056186869293285, -14.841726268832554], [-56.056186869293285, -14.831833731167448]]], [[[-56.07039659475459, -14.82022373116745], [-56.06016340524542, -14.82022373116745], [-56.06016340524542, -14.830116268832553], [-56.07039659475459, -14.830116268832553], [-56.07039659475459, -14.82022373116745]]], [[[-56.0739465259801, -14.817313731167445], [-56.06371347401989, -14.817313731167445], [-56.06371347401989, -14.827206268832553], [-56.0739465259801, -14.827206268832553], [-56.0739465259801, -14.817313731167445]]], [[[-56.07749645745693, -14.814413731167447], [-56.067263542543074, -14.814413731167447], [-56.067263542543074, -14.824306268832549], [-56.07749645745693, -14.824306268832549], [-56.07749645745693, -14.814413731167447]]], [[[-56.08104638871249, -14.811503731167445], [-56.07081361128751, -14.811503731167445], [-56.07081361128751, -14.821396268832554], [-56.08104638871249, -14.821396268832554], [-56.08104638871249, -14.811503731167445]]], [[[-56.09169618304154, -14.802793731167451], [-56.081463816958454, -14.802793731167451], [-56.081463816958454, -14.812686268832554], [-56.09169618304154, -14.812686268832554], [-56.09169618304154, -14.802793731167451]]], [[[-56.074096505421586, -14.81644373116745], [-56.06386349457842, -14.81644373116745], [-56.06386349457842, -14.826336268832552], [-56.074096505421586, -14.826336268832552], [-56.074096505421586, -14.81644373116745]]], [[[-56.070746431469296, -14.81331373116745], [-56.06051356853071, -14.81331373116745], [-56.06051356853071, -14.823206268832552], [-56.070746431469296, -14.823206268832552], [-56.070746431469296, -14.81331373116745]]], [[[-56.09153644966041, -14.814083731167447], [-56.08130355033958, -14.814083731167447], [-56.08130355033958, -14.823976268832553], [-56.09153644966041, -14.823976268832553], [-56.09153644966041, -14.814083731167447]]], [[[-56.10393618044496, -14.802683731167447], [-56.09370381955505, -14.802683731167447], [-56.09370381955505, -14.812576268832554], [-56.10393618044496, -14.812576268832554], [-56.10393618044496, -14.802683731167447]]], [[[-56.11855635588111, -14.810113731167448], [-56.10832364411888, -14.810113731167448], [-56.10832364411888, -14.820006268832554], [-56.11855635588111, -14.820006268832554], [-56.11855635588111, -14.810113731167448]]], [[[-56.12119644328159, -14.813813731167444], [-56.11096355671841, -14.813813731167444], [-56.11096355671841, -14.823706268832552], [-56.12119644328159, -14.823706268832552], [-56.12119644328159, -14.813813731167444]]], [[[-56.117595948255136, -14.79284373116745], [-56.10736405174486, -14.79284373116745], [-56.10736405174486, -14.802736268832552], [-56.117595948255136, -14.802736268832552], [-56.117595948255136, -14.79284373116745]]], [[[-56.13030589825301, -14.790723731167445], [-56.12007410174699, -14.790723731167445], [-56.12007410174699, -14.800616268832552], [-56.13030589825301, -14.800616268832552], [-56.13030589825301, -14.790723731167445]]], [[[-56.1433956163151, -14.77876373116745], [-56.133164383684914, -14.77876373116745], [-56.133164383684914, -14.788656268832554], [-56.1433956163151, -14.788656268832554], [-56.1433956163151, -14.77876373116745]]], [[[-56.1594754233954, -14.770573731167447], [-56.1492445766046, -14.770573731167447], [-56.1492445766046, -14.780466268832557], [-56.1594754233954, -14.780466268832557], [-56.1594754233954, -14.770573731167447]]], [[[-56.161615517367046, -14.774563731167442], [-56.15138448263296, -14.774563731167442], [-56.15138448263296, -14.784456268832551], [-56.161615517367046, -14.784456268832551], [-56.161615517367046, -14.774563731167442]]], [[[-56.16374561136694, -14.778553731167445], [-56.153514388633056, -14.778553731167445], [-56.153514388633056, -14.788446268832555], [-56.16374561136694, -14.788446268832555], [-56.16374561136694, -14.778553731167445]]], [[[-56.16588570563081, -14.782553731167445], [-56.1556542943692, -14.782553731167445], [-56.1556542943692, -14.79244626883255], [-56.16588570563081, -14.79244626883255], [-56.16588570563081, -14.782553731167445]]], [[[-56.150935047321006, -14.754593731167446], [-56.140704952679, -14.754593731167446], [-56.140704952679, -14.764486268832549], [-56.150935047321006, -14.764486268832549], [-56.150935047321006, -14.754593731167446]]], [[[-56.148794953255646, -14.750593731167449], [-56.13856504674436, -14.750593731167449], [-56.13856504674436, -14.760486268832551], [-56.148794953255646, -14.760486268832551], [-56.148794953255646, -14.750593731167449]]], [[[-56.16650511694764, -14.75755373116745], [-56.156274883052355, -14.75755373116745], [-56.156274883052355, -14.767446268832556], [-56.16650511694764, -14.767446268832556], [-56.16650511694764, -14.75755373116745]]], [[[-56.16194513812099, -14.758453731167446], [-56.151714861879015, -14.758453731167446], [-56.151714861879015, -14.768346268832556], [-56.16194513812099, -14.768346268832556], [-56.16194513812099, -14.758453731167446]]], [[[-56.15739515906049, -14.759343731167448], [-56.14716484093951, -14.759343731167448], [-56.14716484093951, -14.769236268832554], [-56.15739515906049, -14.769236268832554], [-56.15739515906049, -14.759343731167448]]], [[[-56.148275201414336, -14.76114373116745], [-56.13804479858567, -14.76114373116745], [-56.13804479858567, -14.771036268832551], [-56.148275201414336, -14.771036268832551], [-56.148275201414336, -14.76114373116745]]], [[[-56.143725222358086, -14.762033731167445], [-56.133494777641914, -14.762033731167445], [-56.133494777641914, -14.771926268832553], [-56.143725222358086, -14.771926268832553], [-56.143725222358086, -14.762033731167445]]], [[[-56.157854820906756, -14.744963731167447], [-56.14762517909325, -14.744963731167447], [-56.14762517909325, -14.754856268832553], [-56.157854820906756, -14.754856268832553], [-56.157854820906756, -14.744963731167447]]], [[[-56.153914764975106, -14.742583731167445], [-56.14368523502489, -14.742583731167445], [-56.14368523502489, -14.752476268832554], [-56.153914764975106, -14.752476268832554], [-56.153914764975106, -14.742583731167445]]], [[[-56.17368463082714, -14.73687373116745], [-56.163455369172866, -14.73687373116745], [-56.163455369172866, -14.746766268832555], [-56.17368463082714, -14.746766268832555], [-56.17368463082714, -14.73687373116745]]], [[[-56.18753434956276, -14.724893731167448], [-56.17730565043724, -14.724893731167448], [-56.17730565043724, -14.734786268832558], [-56.18753434956276, -14.734786268832558], [-56.18753434956276, -14.724893731167448]]], [[[-56.190994419972355, -14.727893731167445], [-56.18076558002764, -14.727893731167445], [-56.18076558002764, -14.737786268832549], [-56.190994419972355, -14.737786268832549], [-56.190994419972355, -14.727893731167445]]], [[[-56.18406427940375, -14.72190373116745], [-56.17383572059625, -14.72190373116745], [-56.17383572059625, -14.73179626883255], [-56.18406427940375, -14.73179626883255], [-56.18406427940375, -14.72190373116745]]], [[[-56.201494074648906, -14.71317373116745], [-56.1912659253511, -14.71317373116745], [-56.1912659253511, -14.723066268832554], [-56.201494074648906, -14.723066268832554], [-56.201494074648906, -14.71317373116745]]], [[[-56.2190240111156, -14.710463731167449], [-56.2087959888844, -14.710463731167449], [-56.2087959888844, -14.720356268832553], [-56.2190240111156, -14.720356268832553], [-56.2190240111156, -14.710463731167449]]], [[[-56.218883905880595, -14.705973731167449], [-56.2086560941194, -14.705973731167449], [-56.2086560941194, -14.715866268832555], [-56.218883905880595, -14.715866268832555], [-56.218883905880595, -14.705973731167449]]], [[[-56.21831348482985, -14.687993731167447], [-56.20808651517016, -14.687993731167447], [-56.20808651517016, -14.69788626883255], [-56.21831348482985, -14.69788626883255], [-56.21831348482985, -14.687993731167447]]], [[[-56.21817337953971, -14.683493731167447], [-56.207946620460305, -14.683493731167447], [-56.207946620460305, -14.693386268832555], [-56.21817337953971, -14.693386268832555], [-56.21817337953971, -14.683493731167447]]]]}}, {"type": "Feature", "properties": {"hand_max_m": 5.0, "n_celulas": 124, "rotulo": "HAND ≤ 5 m (proxy SRTM)"}, "geometry": {"type": "MultiPolygon", "coordinates": [[[[-55.77734779208447, -14.870783731167451], [-55.76711220791553, -14.870783731167451], [-55.76711220791553, -14.880676268832556], [-55.77734779208447, -14.880676268832556], [-55.77734779208447, -14.870783731167451]]], [[[-55.77982788249467, -14.874593731167442], [-55.76959211750533, -14.874593731167442], [-55.76959211750533, -14.884486268832552], [-55.77982788249467, -14.884486268832552], [-55.77982788249467, -14.874593731167442]]], [[[-55.774877701700085, -14.86697373116745], [-55.764642298299904, -14.86697373116745], [-55.764642298299904, -14.87686626883255], [-55.774877701700085, -14.87686626883255], [-55.774877701700085, -14.86697373116745]]], [[[-55.78230797269329, -14.87839373116745], [-55.772072027306706, -14.87839373116745], [-55.772072027306706, -14.888286268832555], [-55.78230797269329, -14.888286268832555], [-55.78230797269329, -14.87839373116745]]], [[[-55.77239761157867, -14.863173731167448], [-55.76216238842133, -14.863173731167448], [-55.76216238842133, -14.873066268832554], [-55.77239761157867, -14.873066268832554], [-55.77239761157867, -14.863173731167448]]], [[[-55.79469767679556, -14.865923731167445], [-55.78446232320445, -14.865923731167445], [-55.78446232320445, -14.875816268832557], [-55.79469767679556, -14.875816268832557], [-55.79469767679556, -14.865923731167445]]], [[[-55.80684756320829, -14.861133731167445], [-55.79661243679171, -14.861133731167445], [-55.79661243679171, -14.871026268832557], [-55.80684756320829, -14.871026268832557], [-55.80684756320829, -14.861133731167445]]], [[[-55.814497684385294, -14.866243731167447], [-55.8042623156147, -14.866243731167447], [-55.8042623156147, -14.876136268832553], [-55.814497684385294, -14.876136268832553], [-55.814497684385294, -14.866243731167447]]], [[[-55.814417404396856, -14.854433731167447], [-55.804182595603145, -14.854433731167447], [-55.804182595603145, -14.864326268832553], [-55.814417404396856, -14.864326268832553], [-55.814417404396856, -14.854433731167447]]], [[[-55.81921701931477, -14.838173731167451], [-55.808982980685236, -14.838173731167451], [-55.808982980685236, -14.848066268832556], [-55.81921701931477, -14.848066268832556], [-55.81921701931477, -14.838173731167451]]], [[[-55.81770711992124, -14.842423731167449], [-55.80747288007877, -14.842423731167449], [-55.80747288007877, -14.852316268832551], [-55.81770711992124, -14.852316268832551], [-55.81770711992124, -14.842423731167449]]], [[[-55.816187220559804, -14.846673731167451], [-55.8059527794402, -14.846673731167451], [-55.8059527794402, -14.856566268832555], [-55.816187220559804, -14.856566268832555], [-55.816187220559804, -14.846673731167451]]], [[[-55.814667321230495, -14.850923731167446], [-55.80443267876951, -14.850923731167446], [-55.80443267876951, -14.860816268832554], [-55.814667321230495, -14.860816268832554], [-55.814667321230495, -14.850923731167446]]], [[[-55.813157421933305, -14.855173731167447], [-55.80292257806669, -14.855173731167447], [-55.80292257806669, -14.865066268832553], [-55.813157421933305, -14.865066268832553], [-55.813157421933305, -14.855173731167447]]], [[[-55.83132727408893, -14.848933731167445], [-55.82109272591107, -14.848933731167445], [-55.82109272591107, -14.858826268832555], [-55.83132727408893, -14.858826268832555], [-55.83132727408893, -14.848933731167445]]], [[[-55.83868714383478, -14.843433731167451], [-55.82845285616522, -14.843433731167451], [-55.82845285616522, -14.853326268832557], [-55.83868714383478, -14.853326268832557], [-55.83868714383478, -14.843433731167451]]], [[[-55.81292759995962, -14.862683731167449], [-55.80269240004039, -14.862683731167449], [-55.80269240004039, -14.872576268832553], [-55.81292759995962, -14.872576268832553], [-55.81292759995962, -14.862683731167449]]], [[[-55.853406883487835, -14.832433731167448], [-55.84317311651216, -14.832433731167448], [-55.84317311651216, -14.84232626883255], [-55.853406883487835, -14.84232626883255], [-55.853406883487835, -14.832433731167448]]], [[[-55.80556773063926, -14.868193731167445], [-55.79533226936074, -14.868193731167445], [-55.79533226936074, -14.878086268832554], [-55.80556773063926, -14.878086268832554], [-55.80556773063926, -14.868193731167445]]], [[[-55.83961725206036, -14.848003731167445], [-55.82938274793965, -14.848003731167445], [-55.82938274793965, -14.857896268832551], [-55.83961725206036, -14.857896268832551], [-55.83961725206036, -14.848003731167445]]], [[[-55.84425724305988, -14.84762373116745], [-55.83402275694013, -14.84762373116745], [-55.83402275694013, -14.857516268832557], [-55.84425724305988, -14.857516268832557], [-55.84425724305988, -14.84762373116745]]], [[[-55.83497726082423, -14.848373731167445], [-55.824742739175775, -14.848373731167445], [-55.824742739175775, -14.858266268832551], [-55.83497726082423, -14.858266268832551], [-55.83497726082423, -14.848373731167445]]], [[[-55.84888723405966, -14.847243731167445], [-55.838652765940346, -14.847243731167445], [-55.838652765940346, -14.857136268832551], [-55.84888723405966, -14.857136268832551], [-55.84888723405966, -14.847243731167445]]], [[[-55.83034726982521, -14.848753731167447], [-55.82011273017479, -14.848753731167447], [-55.82011273017479, -14.858646268832553], [-55.83034726982521, -14.858646268832553], [-55.83034726982521, -14.848753731167447]]], [[[-55.85352722529653, -14.846873731167447], [-55.84329277470347, -14.846873731167447], [-55.84329277470347, -14.856766268832551], [-55.85352722529653, -14.856766268832551], [-55.85352722529653, -14.846873731167447]]], [[[-55.82570727882646, -14.849133731167449], [-55.81547272117355, -14.849133731167449], [-55.81547272117355, -14.859026268832553], [-55.82570727882646, -14.859026268832553], [-55.82570727882646, -14.849133731167449]]], [[[-55.85815721629682, -14.846493731167445], [-55.84792278370319, -14.846493731167445], [-55.84792278370319, -14.85638626883255], [-55.85815721629682, -14.85638626883255], [-55.85815721629682, -14.846493731167445]]], [[[-55.816437296592824, -14.849883731167447], [-55.80620270340719, -14.849883731167447], [-55.80620270340719, -14.859776268832555], [-55.816437296592824, -14.859776268832555], [-55.816437296592824, -14.849883731167447]]], [[[-55.872067189536025, -14.845363731167446], [-55.86183281046399, -14.845363731167446], [-55.86183281046399, -14.855256268832553], [-55.872067189536025, -14.855256268832553], [-55.872067189536025, -14.845363731167446]]], [[[-55.876697180537334, -14.844983731167448], [-55.866462819462676, -14.844983731167448], [-55.866462819462676, -14.854876268832554], [-55.876697180537334, -14.854876268832554], [-55.876697180537334, -14.844983731167448]]], [[[-55.84550731554471, -14.850683731167445], [-55.8352726844553, -14.850683731167445], [-55.8352726844553, -14.860576268832551], [-55.84550731554471, -14.860576268832551], [-55.84550731554471, -14.850683731167445]]], [[[-55.852667179590114, -14.844943731167445], [-55.84243282040989, -14.844943731167445], [-55.84243282040989, -14.854836268832551], [-55.852667179590114, -14.854836268832551], [-55.852667179590114, -14.844943731167445]]], [[[-55.85624711163479, -14.842073731167446], [-55.846012888365216, -14.842073731167446], [-55.846012888365216, -14.85196626883255], [-55.85624711163479, -14.85196626883255], [-55.85624711163479, -14.842073731167446]]], [[[-55.85982704369409, -14.83920373116745], [-55.849592956305905, -14.83920373116745], [-55.849592956305905, -14.84909626883255], [-55.85982704369409, -14.84909626883255], [-55.85982704369409, -14.83920373116745]]], [[[-55.863416975768054, -14.836333731167443], [-55.853183024231946, -14.836333731167443], [-55.853183024231946, -14.84622626883255], [-55.863416975768054, -14.84622626883255], [-55.863416975768054, -14.836333731167443]]], [[[-55.86699690785665, -14.833463731167448], [-55.85676309214335, -14.833463731167448], [-55.85676309214335, -14.843356268832554], [-55.86699690785665, -14.843356268832554], [-55.86699690785665, -14.833463731167448]]], [[[-55.85804709482579, -14.84136373116745], [-55.84781290517421, -14.84136373116745], [-55.84781290517421, -14.851256268832556], [-55.85804709482579, -14.851256268832556], [-55.85804709482579, -14.84136373116745]]], [[[-55.854486898156225, -14.83305373116744], [-55.84425310184378, -14.83305373116744], [-55.84425310184378, -14.842946268832549], [-55.854486898156225, -14.842946268832549], [-55.854486898156225, -14.83305373116744]]], [[[-55.8710569755314, -14.836323731167445], [-55.8608230244686, -14.836323731167445], [-55.8608230244686, -14.846216268832553], [-55.8710569755314, -14.846216268832553], [-55.8710569755314, -14.836323731167445]]], [[[-55.88618708535634, -14.840963731167445], [-55.87595291464367, -14.840963731167445], [-55.87595291464367, -14.850856268832551], [-55.88618708535634, -14.850856268832551], [-55.88618708535634, -14.840963731167445]]], [[[-55.900987335445414, -14.851523731167445], [-55.89075266455458, -14.851523731167445], [-55.89075266455458, -14.861416268832548], [-55.900987335445414, -14.861416268832548], [-55.900987335445414, -14.851523731167445]]], [[[-55.91670752266823, -14.85942373116745], [-55.90647247733177, -14.85942373116745], [-55.90647247733177, -14.869316268832552], [-55.91670752266823, -14.869316268832552], [-55.91670752266823, -14.85942373116745]]], [[[-55.91302758786677, -14.862173731167445], [-55.90279241213323, -14.862173731167445], [-55.90279241213323, -14.872066268832551], [-55.91302758786677, -14.872066268832551], [-55.91302758786677, -14.862173731167445]]], [[[-55.93048763884955, -14.864323731167447], [-55.92025236115045, -14.864323731167447], [-55.92025236115045, -14.874216268832553], [-55.93048763884955, -14.874216268832553], [-55.93048763884955, -14.864323731167447]]], [[[-55.947907759818314, -14.869423731167448], [-55.93767224018168, -14.869423731167448], [-55.93767224018168, -14.879316268832554], [-55.947907759818314, -14.879316268832554], [-55.947907759818314, -14.869423731167448]]], [[[-55.96413780608331, -14.871373731167449], [-55.9539021939167, -14.871373731167449], [-55.9539021939167, -14.881266268832551], [-55.96413780608331, -14.881266268832551], [-55.96413780608331, -14.871373731167449]]], [[[-55.96117772399725, -14.867913731167445], [-55.950942276002756, -14.867913731167445], [-55.950942276002756, -14.877806268832554], [-55.96117772399725, -14.877806268832554], [-55.96117772399725, -14.867913731167445]]], [[[-55.97917782103191, -14.872003731167446], [-55.96894217896809, -14.872003731167446], [-55.96894217896809, -14.881896268832556], [-55.97917782103191, -14.881896268832556], [-55.97917782103191, -14.872003731167446]]], [[[-55.99265808120304, -14.882963731167445], [-55.982421918796966, -14.882963731167445], [-55.982421918796966, -14.892856268832553], [-55.99265808120304, -14.892856268832553], [-55.99265808120304, -14.882963731167445]]], [[[-56.009167884155985, -14.874663731167447], [-55.99893211584401, -14.874663731167447], [-55.99893211584401, -14.884556268832554], [-56.009167884155985, -14.884556268832554], [-56.009167884155985, -14.874663731167447]]], [[[-56.013297834794734, -14.872583731167447], [-56.00306216520528, -14.872583731167447], [-56.00306216520528, -14.882476268832555], [-56.013297834794734, -14.882476268832555], [-56.013297834794734, -14.872583731167447]]], [[[-56.01741778567843, -14.87051373116745], [-56.00718221432158, -14.87051373116745], [-56.00718221432158, -14.880406268832552], [-56.01741778567843, -14.880406268832552], [-56.01741778567843, -14.87051373116745]]], [[[-56.006438274570655, -14.89110373116745], [-55.996201725429344, -14.89110373116745], [-55.996201725429344, -14.900996268832552], [-56.006438274570655, -14.900996268832552], [-56.006438274570655, -14.89110373116745]]], [[[-56.00183829072955, -14.891783731167447], [-55.991601709270455, -14.891783731167447], [-55.991601709270455, -14.901676268832553], [-56.00183829072955, -14.901676268832553], [-56.00183829072955, -14.891783731167447]]], [[[-56.02023822633649, -14.889073731167446], [-56.01000177366352, -14.889073731167446], [-56.01000177366352, -14.898966268832556], [-56.02023822633649, -14.898966268832556], [-56.02023822633649, -14.889073731167446]]], [[[-56.0201983803313, -14.895553731167443], [-56.009961619668694, -14.895553731167443], [-56.009961619668694, -14.905446268832552], [-56.0201983803313, -14.905446268832552], [-56.0201983803313, -14.895553731167443]]], [[[-56.01860827979844, -14.891323731167448], [-56.00837172020156, -14.891323731167448], [-56.00837172020156, -14.901216268832552], [-56.01860827979844, -14.901216268832552], [-56.01860827979844, -14.891323731167448]]], [[[-56.020947987174935, -14.879003731167447], [-56.01071201282507, -14.879003731167447], [-56.01071201282507, -14.888896268832555], [-56.020947987174935, -14.888896268832555], [-56.020947987174935, -14.879003731167447]]], [[[-55.98837798693753, -14.878993731167446], [-55.978142013062474, -14.878993731167446], [-55.978142013062474, -14.888886268832552], [-55.98837798693753, -14.888886268832552], [-55.98837798693753, -14.878993731167446]]], [[[-56.0116477887628, -14.870643731167448], [-56.001412211237195, -14.870643731167448], [-56.001412211237195, -14.880536268832556], [-56.0116477887628, -14.880536268832556], [-56.0116477887628, -14.870643731167448]]], [[[-56.0163077887628, -14.870643731167448], [-56.006072211237196, -14.870643731167448], [-56.006072211237196, -14.880536268832556], [-56.0163077887628, -14.880536268832556], [-56.0163077887628, -14.870643731167448]]], [[[-56.021557493985135, -14.858213731167446], [-56.01132250601487, -14.858213731167446], [-56.01132250601487, -14.86810626883255], [-56.021557493985135, -14.86810626883255], [-56.021557493985135, -14.858213731167446]]], [[[-56.017667801337865, -14.871173731167447], [-56.00743219866213, -14.871173731167447], [-56.00743219866213, -14.881066268832555], [-56.017667801337865, -14.881066268832555], [-56.017667801337865, -14.871173731167447]]], [[[-56.034047467437816, -14.857093731167451], [-56.0238125325622, -14.857093731167451], [-56.0238125325622, -14.866986268832555], [-56.034047467437816, -14.866986268832555], [-56.034047467437816, -14.857093731167451]]], [[[-56.048347341842344, -14.851793731167447], [-56.038112658157665, -14.851793731167447], [-56.038112658157665, -14.861686268832553], [-56.048347341842344, -14.861686268832553], [-56.048347341842344, -14.851793731167447]]], [[[-56.053656945241606, -14.835043731167447], [-56.0434230547584, -14.835043731167447], [-56.0434230547584, -14.844936268832551], [-56.053656945241606, -14.844936268832551], [-56.053656945241606, -14.835043731167447]]], [[[-56.06328673187575, -14.826023731167448], [-56.053053268124245, -14.826023731167448], [-56.053053268124245, -14.835916268832554], [-56.06328673187575, -14.835916268832554], [-56.06328673187575, -14.826023731167448]]], [[[-56.059736800695276, -14.828933731167451], [-56.04950319930472, -14.828933731167451], [-56.04950319930472, -14.838826268832554], [-56.059736800695276, -14.838826268832554], [-56.059736800695276, -14.828933731167451]]], [[[-56.0668366633077, -14.823123731167447], [-56.056603336692305, -14.823123731167447], [-56.056603336692305, -14.833016268832553], [-56.0668366633077, -14.833016268832553], [-56.0668366633077, -14.823123731167447]]], [[[-56.056186869293285, -14.831833731167448], [-56.04595313070673, -14.831833731167448], [-56.04595313070673, -14.841726268832554], [-56.056186869293285, -14.841726268832554], [-56.056186869293285, -14.831833731167448]]], [[[-56.07039659475459, -14.82022373116745], [-56.06016340524542, -14.82022373116745], [-56.06016340524542, -14.830116268832553], [-56.07039659475459, -14.830116268832553], [-56.07039659475459, -14.82022373116745]]], [[[-56.0739465259801, -14.817313731167445], [-56.06371347401989, -14.817313731167445], [-56.06371347401989, -14.827206268832553], [-56.0739465259801, -14.827206268832553], [-56.0739465259801, -14.817313731167445]]], [[[-56.04908700677081, -14.837643731167448], [-56.0388529932292, -14.837643731167448], [-56.0388529932292, -14.847536268832553], [-56.04908700677081, -14.847536268832553], [-56.04908700677081, -14.837643731167448]]], [[[-56.07749645745693, -14.814413731167447], [-56.067263542543074, -14.814413731167447], [-56.067263542543074, -14.824306268832549], [-56.07749645745693, -14.824306268832549], [-56.07749645745693, -14.814413731167447]]], [[[-56.08104638871249, -14.811503731167445], [-56.07081361128751, -14.811503731167445], [-56.07081361128751, -14.821396268832554], [-56.08104638871249, -14.821396268832554], [-56.08104638871249, -14.811503731167445]]], [[[-56.08814625174095, -14.80570373116745], [-56.07791374825904, -14.80570373116745], [-56.07791374825904, -14.815596268832556], [-56.08814625174095, -14.815596268832556], [-56.08814625174095, -14.80570373116745]]], [[[-56.09169618304154, -14.802793731167451], [-56.081463816958454, -14.802793731167451], [-56.081463816958454, -14.812686268832554], [-56.09169618304154, -14.812686268832554], [-56.09169618304154, -14.802793731167451]]], [[[-56.074096505421586, -14.81644373116745], [-56.06386349457842, -14.81644373116745], [-56.06386349457842, -14.826336268832552], [-56.074096505421586, -14.826336268832552], [-56.074096505421586, -14.81644373116745]]], [[[-56.07743657915493, -14.819563731167442], [-56.06720342084507, -14.819563731167442], [-56.06720342084507, -14.829456268832551], [-56.07743657915493, -14.829456268832551], [-56.07743657915493, -14.819563731167442]]], [[[-56.070746431469296, -14.81331373116745], [-56.06051356853071, -14.81331373116745], [-56.06051356853071, -14.823206268832552], [-56.070746431469296, -14.823206268832552], [-56.070746431469296, -14.81331373116745]]], [[[-56.06740635777059, -14.810193731167447], [-56.05717364222941, -14.810193731167447], [-56.05717364222941, -14.820086268832556], [-56.06740635777059, -14.820086268832556], [-56.06740635777059, -14.810193731167447]]], [[[-56.09153644966041, -14.814083731167447], [-56.08130355033958, -14.814083731167447], [-56.08130355033958, -14.823976268832553], [-56.09153644966041, -14.823976268832553], [-56.09153644966041, -14.814083731167447]]], [[[-56.10393618044496, -14.802683731167447], [-56.09370381955505, -14.802683731167447], [-56.09370381955505, -14.812576268832554], [-56.10393618044496, -14.812576268832554], [-56.10393618044496, -14.802683731167447]]], [[[-56.11855635588111, -14.810113731167448], [-56.10832364411888, -14.810113731167448], [-56.10832364411888, -14.820006268832554], [-56.11855635588111, -14.820006268832554], [-56.11855635588111, -14.810113731167448]]], [[[-56.12119644328159, -14.813813731167444], [-56.11096355671841, -14.813813731167444], [-56.11096355671841, -14.823706268832552], [-56.12119644328159, -14.823706268832552], [-56.12119644328159, -14.813813731167444]]], [[[-56.11591626850495, -14.806413731167446], [-56.10568373149505, -14.806413731167446], [-56.10568373149505, -14.816306268832552], [-56.11591626850495, -14.816306268832552], [-56.11591626850495, -14.806413731167446]]], [[[-56.117595948255136, -14.79284373116745], [-56.10736405174486, -14.79284373116745], [-56.10736405174486, -14.802736268832552], [-56.117595948255136, -14.802736268832552], [-56.117595948255136, -14.79284373116745]]], [[[-56.126885939527774, -14.792473731167446], [-56.11665406047222, -14.792473731167446], [-56.11665406047222, -14.802366268832552], [-56.126885939527774, -14.802366268832552], [-56.126885939527774, -14.792473731167446]]], [[[-56.13030589825301, -14.790723731167445], [-56.12007410174699, -14.790723731167445], [-56.12007410174699, -14.800616268832552], [-56.13030589825301, -14.800616268832552], [-56.13030589825301, -14.790723731167445]]], [[[-56.13320598104387, -14.794233731167447], [-56.12297401895612, -14.794233731167447], [-56.12297401895612, -14.804126268832555], [-56.13320598104387, -14.804126268832555], [-56.13320598104387, -14.794233731167447]]], [[[-56.1433956163151, -14.77876373116745], [-56.133164383684914, -14.77876373116745], [-56.133164383684914, -14.788656268832554], [-56.1433956163151, -14.788656268832554], [-56.1433956163151, -14.77876373116745]]], [[[-56.144775717651484, -14.783063731167449], [-56.13454428234851, -14.783063731167449], [-56.13454428234851, -14.792956268832555], [-56.144775717651484, -14.792956268832555], [-56.144775717651484, -14.783063731167449]]], [[[-56.13651511083117, -14.757293731167445], [-56.12628488916883, -14.757293731167445], [-56.12628488916883, -14.767186268832555], [-56.13651511083117, -14.767186268832555], [-56.13651511083117, -14.757293731167445]]], [[[-56.1594754233954, -14.770573731167447], [-56.1492445766046, -14.770573731167447], [-56.1492445766046, -14.780466268832557], [-56.1594754233954, -14.780466268832557], [-56.1594754233954, -14.770573731167447]]], [[[-56.161615517367046, -14.774563731167442], [-56.15138448263296, -14.774563731167442], [-56.15138448263296, -14.784456268832551], [-56.161615517367046, -14.784456268832551], [-56.161615517367046, -14.774563731167442]]], [[[-56.16374561136694, -14.778553731167445], [-56.153514388633056, -14.778553731167445], [-56.153514388633056, -14.788446268832555], [-56.16374561136694, -14.788446268832555], [-56.16374561136694, -14.778553731167445]]], [[[-56.16588570563081, -14.782553731167445], [-56.1556542943692, -14.782553731167445], [-56.1556542943692, -14.79244626883255], [-56.16588570563081, -14.79244626883255], [-56.16588570563081, -14.782553731167445]]], [[[-56.16802579968731, -14.786543731167448], [-56.157794200312686, -14.786543731167448], [-56.157794200312686, -14.796436268832554], [-56.16802579968731, -14.796436268832554], [-56.16802579968731, -14.786543731167448]]], [[[-56.150935047321006, -14.754593731167446], [-56.140704952679, -14.754593731167446], [-56.140704952679, -14.764486268832549], [-56.150935047321006, -14.764486268832549], [-56.150935047321006, -14.754593731167446]]], [[[-56.148794953255646, -14.750593731167449], [-56.13856504674436, -14.750593731167449], [-56.13856504674436, -14.760486268832551], [-56.148794953255646, -14.760486268832551], [-56.148794953255646, -14.750593731167449]]], [[[-56.14452476568007, -14.742613731167449], [-56.134295234319936, -14.742613731167449], [-56.134295234319936, -14.752506268832555], [-56.14452476568007, -14.752506268832555], [-56.14452476568007, -14.742613731167449]]], [[[-56.16650511694764, -14.75755373116745], [-56.156274883052355, -14.75755373116745], [-56.156274883052355, -14.767446268832556], [-56.16650511694764, -14.767446268832556], [-56.16650511694764, -14.75755373116745]]], [[[-56.171065095775745, -14.756653731167447], [-56.16083490422426, -14.756653731167447], [-56.16083490422426, -14.766546268832553], [-56.171065095775745, -14.766546268832553], [-56.171065095775745, -14.756653731167447]]], [[[-56.16194513812099, -14.758453731167446], [-56.151714861879015, -14.758453731167446], [-56.151714861879015, -14.768346268832556], [-56.16194513812099, -14.768346268832556], [-56.16194513812099, -14.758453731167446]]], [[[-56.175615074840486, -14.755763731167448], [-56.16538492515951, -14.755763731167448], [-56.16538492515951, -14.765656268832554], [-56.175615074840486, -14.765656268832554], [-56.175615074840486, -14.755763731167448]]], [[[-56.15739515906049, -14.759343731167448], [-56.14716484093951, -14.759343731167448], [-56.14716484093951, -14.769236268832554], [-56.15739515906049, -14.769236268832554], [-56.15739515906049, -14.759343731167448]]], [[[-56.148275201414336, -14.76114373116745], [-56.13804479858567, -14.76114373116745], [-56.13804479858567, -14.771036268832551], [-56.148275201414336, -14.771036268832551], [-56.148275201414336, -14.76114373116745]]], [[[-56.143725222358086, -14.762033731167445], [-56.133494777641914, -14.762033731167445], [-56.133494777641914, -14.771926268832553], [-56.143725222358086, -14.771926268832553], [-56.143725222358086, -14.762033731167445]]], [[[-56.157854820906756, -14.744963731167447], [-56.14762517909325, -14.744963731167447], [-56.14762517909325, -14.754856268832553], [-56.157854820906756, -14.754856268832553], [-56.157854820906756, -14.744963731167447]]], [[[-56.16180487708351, -14.747353731167449], [-56.151575122916476, -14.747353731167449], [-56.151575122916476, -14.757246268832553], [-56.16180487708351, -14.757246268832553], [-56.16180487708351, -14.747353731167449]]], [[[-56.153914764975106, -14.742583731167445], [-56.14368523502489, -14.742583731167445], [-56.14368523502489, -14.752476268832554], [-56.153914764975106, -14.752476268832554], [-56.153914764975106, -14.742583731167445]]], [[[-56.17368463082714, -14.73687373116745], [-56.163455369172866, -14.73687373116745], [-56.163455369172866, -14.746766268832555], [-56.17368463082714, -14.746766268832555], [-56.17368463082714, -14.73687373116745]]], [[[-56.18753434956276, -14.724893731167448], [-56.17730565043724, -14.724893731167448], [-56.17730565043724, -14.734786268832558], [-56.18753434956276, -14.734786268832558], [-56.18753434956276, -14.724893731167448]]], [[[-56.190994419972355, -14.727893731167445], [-56.18076558002764, -14.727893731167445], [-56.18076558002764, -14.737786268832549], [-56.190994419972355, -14.737786268832549], [-56.190994419972355, -14.727893731167445]]], [[[-56.18406427940375, -14.72190373116745], [-56.17383572059625, -14.72190373116745], [-56.17383572059625, -14.73179626883255], [-56.18406427940375, -14.73179626883255], [-56.18406427940375, -14.72190373116745]]], [[[-56.19446449016313, -14.730883731167445], [-56.18423550983687, -14.730883731167445], [-56.18423550983687, -14.740776268832553], [-56.19446449016313, -14.740776268832553], [-56.19446449016313, -14.730883731167445]]], [[[-56.201494074648906, -14.71317373116745], [-56.1912659253511, -14.71317373116745], [-56.1912659253511, -14.723066268832554], [-56.201494074648906, -14.723066268832554], [-56.201494074648906, -14.71317373116745]]], [[[-56.2190240111156, -14.710463731167449], [-56.2087959888844, -14.710463731167449], [-56.2087959888844, -14.720356268832553], [-56.2190240111156, -14.720356268832553], [-56.2190240111156, -14.710463731167449]]], [[[-56.219164116386345, -14.714953731167448], [-56.20893588361365, -14.714953731167448], [-56.20893588361365, -14.724846268832557], [-56.219164116386345, -14.724846268832557], [-56.219164116386345, -14.714953731167448]]], [[[-56.218883905880595, -14.705973731167449], [-56.2086560941194, -14.705973731167449], [-56.2086560941194, -14.715866268832555], [-56.218883905880595, -14.715866268832555], [-56.218883905880595, -14.705973731167449]]], [[[-56.21930422192741, -14.71945373116745], [-56.2090757780726, -14.71945373116745], [-56.2090757780726, -14.729346268832554], [-56.21930422192741, -14.729346268832554], [-56.21930422192741, -14.71945373116745]]], [[[-56.21944432726972, -14.723943731167449], [-56.20921567273028, -14.723943731167449], [-56.20921567273028, -14.733836268832551], [-56.21944432726972, -14.733836268832551], [-56.21944432726972, -14.723943731167449]]], [[[-56.21831348482985, -14.687993731167447], [-56.20808651517016, -14.687993731167447], [-56.20808651517016, -14.69788626883255], [-56.21831348482985, -14.69788626883255], [-56.21831348482985, -14.687993731167447]]], [[[-56.21817337953971, -14.683493731167447], [-56.207946620460305, -14.683493731167447], [-56.207946620460305, -14.693386268832555], [-56.21817337953971, -14.693386268832555], [-56.21817337953971, -14.683493731167447]]]]}}, {"type": "Feature", "properties": {"hand_max_m": 8.0, "n_celulas": 147, "rotulo": "HAND ≤ 8 m (proxy SRTM)"}, "geometry": {"type": "MultiPolygon", "coordinates": [[[[-55.77734779208447, -14.870783731167451], [-55.76711220791553, -14.870783731167451], [-55.76711220791553, -14.880676268832556], [-55.77734779208447, -14.880676268832556], [-55.77734779208447, -14.870783731167451]]], [[[-55.77982788249467, -14.874593731167442], [-55.76959211750533, -14.874593731167442], [-55.76959211750533, -14.884486268832552], [-55.77982788249467, -14.884486268832552], [-55.77982788249467, -14.874593731167442]]], [[[-55.774877701700085, -14.86697373116745], [-55.764642298299904, -14.86697373116745], [-55.764642298299904, -14.87686626883255], [-55.774877701700085, -14.87686626883255], [-55.774877701700085, -14.86697373116745]]], [[[-55.78230797269329, -14.87839373116745], [-55.772072027306706, -14.87839373116745], [-55.772072027306706, -14.888286268832555], [-55.78230797269329, -14.888286268832555], [-55.78230797269329, -14.87839373116745]]], [[[-55.77239761157867, -14.863173731167448], [-55.76216238842133, -14.863173731167448], [-55.76216238842133, -14.873066268832554], [-55.77239761157867, -14.873066268832554], [-55.77239761157867, -14.863173731167448]]], [[[-55.769917521245866, -14.859363731167441], [-55.75968247875414, -14.859363731167441], [-55.75968247875414, -14.869256268832553], [-55.769917521245866, -14.869256268832553], [-55.769917521245866, -14.859363731167441]]], [[[-55.79469767679556, -14.865923731167445], [-55.78446232320445, -14.865923731167445], [-55.78446232320445, -14.875816268832557], [-55.79469767679556, -14.875816268832557], [-55.79469767679556, -14.865923731167445]]], [[[-55.80684756320829, -14.861133731167445], [-55.79661243679171, -14.861133731167445], [-55.79661243679171, -14.871026268832557], [-55.80684756320829, -14.871026268832557], [-55.80684756320829, -14.861133731167445]]], [[[-55.810677623672426, -14.863683731167447], [-55.80044237632758, -14.863683731167447], [-55.80044237632758, -14.87357626883255], [-55.810677623672426, -14.87357626883255], [-55.810677623672426, -14.863683731167447]]], [[[-55.814497684385294, -14.866243731167447], [-55.8042623156147, -14.866243731167447], [-55.8042623156147, -14.876136268832553], [-55.814497684385294, -14.876136268832553], [-55.814497684385294, -14.866243731167447]]], [[[-55.814417404396856, -14.854433731167447], [-55.804182595603145, -14.854433731167447], [-55.804182595603145, -14.864326268832553], [-55.814417404396856, -14.864326268832553], [-55.814417404396856, -14.854433731167447]]], [[[-55.81921701931477, -14.838173731167451], [-55.808982980685236, -14.838173731167451], [-55.808982980685236, -14.848066268832556], [-55.81921701931477, -14.848066268832556], [-55.81921701931477, -14.838173731167451]]], [[[-55.81770711992124, -14.842423731167449], [-55.80747288007877, -14.842423731167449], [-55.80747288007877, -14.852316268832551], [-55.81770711992124, -14.852316268832551], [-55.81770711992124, -14.842423731167449]]], [[[-55.816187220559804, -14.846673731167451], [-55.8059527794402, -14.846673731167451], [-55.8059527794402, -14.856566268832555], [-55.816187220559804, -14.856566268832555], [-55.816187220559804, -14.846673731167451]]], [[[-55.814667321230495, -14.850923731167446], [-55.80443267876951, -14.850923731167446], [-55.80443267876951, -14.860816268832554], [-55.814667321230495, -14.860816268832554], [-55.814667321230495, -14.850923731167446]]], [[[-55.813157421933305, -14.855173731167447], [-55.80292257806669, -14.855173731167447], [-55.80292257806669, -14.865066268832553], [-55.813157421933305, -14.865066268832553], [-55.813157421933305, -14.855173731167447]]], [[[-55.83132727408893, -14.848933731167445], [-55.82109272591107, -14.848933731167445], [-55.82109272591107, -14.858826268832555], [-55.83132727408893, -14.858826268832555], [-55.83132727408893, -14.848933731167445]]], [[[-55.835007208955126, -14.846183731167446], [-55.824772791044865, -14.846183731167446], [-55.824772791044865, -14.856076268832553], [-55.835007208955126, -14.856076268832553], [-55.835007208955126, -14.846183731167446]]], [[[-55.83868714383478, -14.843433731167451], [-55.82845285616522, -14.843433731167451], [-55.82845285616522, -14.853326268832557], [-55.83868714383478, -14.853326268832557], [-55.83868714383478, -14.843433731167451]]], [[[-55.81292759995962, -14.862683731167449], [-55.80269240004039, -14.862683731167449], [-55.80269240004039, -14.872576268832553], [-55.81292759995962, -14.872576268832553], [-55.81292759995962, -14.862683731167449]]], [[[-55.84972694855441, -14.83518373116745], [-55.839493051445594, -14.83518373116745], [-55.839493051445594, -14.845076268832553], [-55.84972694855441, -14.845076268832553], [-55.84972694855441, -14.83518373116745]]], [[[-55.853406883487835, -14.832433731167448], [-55.84317311651216, -14.832433731167448], [-55.84317311651216, -14.84232626883255], [-55.853406883487835, -14.84232626883255], [-55.853406883487835, -14.832433731167448]]], [[[-55.80556773063926, -14.868193731167445], [-55.79533226936074, -14.868193731167445], [-55.79533226936074, -14.878086268832554], [-55.80556773063926, -14.878086268832554], [-55.80556773063926, -14.868193731167445]]], [[[-55.85708681843471, -14.829683731167446], [-55.846853181565294, -14.829683731167446], [-55.846853181565294, -14.839576268832554], [-55.85708681843471, -14.839576268832554], [-55.85708681843471, -14.829683731167446]]], [[[-55.83961725206036, -14.848003731167445], [-55.82938274793965, -14.848003731167445], [-55.82938274793965, -14.857896268832551], [-55.83961725206036, -14.857896268832551], [-55.83961725206036, -14.848003731167445]]], [[[-55.84425724305988, -14.84762373116745], [-55.83402275694013, -14.84762373116745], [-55.83402275694013, -14.857516268832557], [-55.84425724305988, -14.857516268832557], [-55.84425724305988, -14.84762373116745]]], [[[-55.83497726082423, -14.848373731167445], [-55.824742739175775, -14.848373731167445], [-55.824742739175775, -14.858266268832551], [-55.83497726082423, -14.858266268832551], [-55.83497726082423, -14.848373731167445]]], [[[-55.84888723405966, -14.847243731167445], [-55.838652765940346, -14.847243731167445], [-55.838652765940346, -14.857136268832551], [-55.84888723405966, -14.857136268832551], [-55.84888723405966, -14.847243731167445]]], [[[-55.83034726982521, -14.848753731167447], [-55.82011273017479, -14.848753731167447], [-55.82011273017479, -14.858646268832553], [-55.83034726982521, -14.858646268832553], [-55.83034726982521, -14.848753731167447]]], [[[-55.85352722529653, -14.846873731167447], [-55.84329277470347, -14.846873731167447], [-55.84329277470347, -14.856766268832551], [-55.85352722529653, -14.856766268832551], [-55.85352722529653, -14.846873731167447]]], [[[-55.82570727882646, -14.849133731167449], [-55.81547272117355, -14.849133731167449], [-55.81547272117355, -14.859026268832553], [-55.82570727882646, -14.859026268832553], [-55.82570727882646, -14.849133731167449]]], [[[-55.85815721629682, -14.846493731167445], [-55.84792278370319, -14.846493731167445], [-55.84792278370319, -14.85638626883255], [-55.85815721629682, -14.85638626883255], [-55.85815721629682, -14.846493731167445]]], [[[-55.821077287591066, -14.849503731167445], [-55.81084271240893, -14.849503731167445], [-55.81084271240893, -14.859396268832553], [-55.821077287591066, -14.859396268832553], [-55.821077287591066, -14.849503731167445]]], [[[-55.816437296592824, -14.849883731167447], [-55.80620270340719, -14.849883731167447], [-55.80620270340719, -14.859776268832555], [-55.816437296592824, -14.859776268832555], [-55.816437296592824, -14.849883731167447]]], [[[-55.811807305594826, -14.850263731167445], [-55.80157269440518, -14.850263731167445], [-55.80157269440518, -14.860156268832549], [-55.811807305594826, -14.860156268832549], [-55.811807305594826, -14.850263731167445]]], [[[-55.872067189536025, -14.845363731167446], [-55.86183281046399, -14.845363731167446], [-55.86183281046399, -14.855256268832553], [-55.872067189536025, -14.855256268832553], [-55.872067189536025, -14.845363731167446]]], [[[-55.876697180537334, -14.844983731167448], [-55.866462819462676, -14.844983731167448], [-55.866462819462676, -14.854876268832554], [-55.876697180537334, -14.854876268832554], [-55.876697180537334, -14.844983731167448]]], [[[-55.84550731554471, -14.850683731167445], [-55.8352726844553, -14.850683731167445], [-55.8352726844553, -14.860576268832551], [-55.84550731554471, -14.860576268832551], [-55.84550731554471, -14.850683731167445]]], [[[-55.852667179590114, -14.844943731167445], [-55.84243282040989, -14.844943731167445], [-55.84243282040989, -14.854836268832551], [-55.852667179590114, -14.854836268832551], [-55.852667179590114, -14.844943731167445]]], [[[-55.85624711163479, -14.842073731167446], [-55.846012888365216, -14.842073731167446], [-55.846012888365216, -14.85196626883255], [-55.85624711163479, -14.85196626883255], [-55.85624711163479, -14.842073731167446]]], [[[-55.85982704369409, -14.83920373116745], [-55.849592956305905, -14.83920373116745], [-55.849592956305905, -14.84909626883255], [-55.85982704369409, -14.84909626883255], [-55.85982704369409, -14.83920373116745]]], [[[-55.863416975768054, -14.836333731167443], [-55.853183024231946, -14.836333731167443], [-55.853183024231946, -14.84622626883255], [-55.863416975768054, -14.84622626883255], [-55.863416975768054, -14.836333731167443]]], [[[-55.86699690785665, -14.833463731167448], [-55.85676309214335, -14.833463731167448], [-55.85676309214335, -14.843356268832554], [-55.86699690785665, -14.843356268832554], [-55.86699690785665, -14.833463731167448]]], [[[-55.85804709482579, -14.84136373116745], [-55.84781290517421, -14.84136373116745], [-55.84781290517421, -14.851256268832556], [-55.85804709482579, -14.851256268832556], [-55.85804709482579, -14.84136373116745]]], [[[-55.854486898156225, -14.83305373116744], [-55.84425310184378, -14.83305373116744], [-55.84425310184378, -14.842946268832549], [-55.854486898156225, -14.842946268832549], [-55.854486898156225, -14.83305373116744]]], [[[-55.8710569755314, -14.836323731167445], [-55.8608230244686, -14.836323731167445], [-55.8608230244686, -14.846216268832553], [-55.8710569755314, -14.846216268832553], [-55.8710569755314, -14.836323731167445]]], [[[-55.86854706523467, -14.840113731167447], [-55.85831293476532, -14.840113731167447], [-55.85831293476532, -14.850006268832555], [-55.86854706523467, -14.850006268832555], [-55.86854706523467, -14.840113731167447]]], [[[-55.88618708535634, -14.840963731167445], [-55.87595291464367, -14.840963731167445], [-55.87595291464367, -14.850856268832551], [-55.88618708535634, -14.850856268832551], [-55.88618708535634, -14.840963731167445]]], [[[-55.900987335445414, -14.851523731167445], [-55.89075266455458, -14.851523731167445], [-55.89075266455458, -14.861416268832548], [-55.900987335445414, -14.861416268832548], [-55.900987335445414, -14.851523731167445]]], [[[-55.902987239270274, -14.847463731167448], [-55.89275276072972, -14.847463731167448], [-55.89275276072972, -14.857356268832554], [-55.902987239270274, -14.857356268832554], [-55.902987239270274, -14.847463731167448]]], [[[-55.91670752266823, -14.85942373116745], [-55.90647247733177, -14.85942373116745], [-55.90647247733177, -14.869316268832552], [-55.91670752266823, -14.869316268832552], [-55.91670752266823, -14.85942373116745]]], [[[-55.91302758786677, -14.862173731167445], [-55.90279241213323, -14.862173731167445], [-55.90279241213323, -14.872066268832551], [-55.91302758786677, -14.872066268832551], [-55.91302758786677, -14.862173731167445]]], [[[-55.92038745748314, -14.856673731167447], [-55.91015254251686, -14.856673731167447], [-55.91015254251686, -14.86656626883255], [-55.92038745748314, -14.86656626883255], [-55.92038745748314, -14.856673731167447]]], [[[-55.93048763884955, -14.864323731167447], [-55.92025236115045, -14.864323731167447], [-55.92025236115045, -14.874216268832553], [-55.93048763884955, -14.874216268832553], [-55.93048763884955, -14.864323731167447]]], [[[-55.947907759818314, -14.869423731167448], [-55.93767224018168, -14.869423731167448], [-55.93767224018168, -14.879316268832554], [-55.947907759818314, -14.879316268832554], [-55.947907759818314, -14.869423731167448]]], [[[-55.96413780608331, -14.871373731167449], [-55.9539021939167, -14.871373731167449], [-55.9539021939167, -14.881266268832551], [-55.96413780608331, -14.881266268832551], [-55.96413780608331, -14.871373731167449]]], [[[-55.96117772399725, -14.867913731167445], [-55.950942276002756, -14.867913731167445], [-55.950942276002756, -14.877806268832554], [-55.96117772399725, -14.877806268832554], [-55.96117772399725, -14.867913731167445]]], [[[-55.97917782103191, -14.872003731167446], [-55.96894217896809, -14.872003731167446], [-55.96894217896809, -14.881896268832556], [-55.97917782103191, -14.881896268832556], [-55.97917782103191, -14.872003731167446]]], [[[-55.975347881545346, -14.874553731167447], [-55.96511211845466, -14.874553731167447], [-55.96511211845466, -14.884446268832553], [-55.975347881545346, -14.884446268832553], [-55.975347881545346, -14.874553731167447]]], [[[-55.99265808120304, -14.882963731167445], [-55.982421918796966, -14.882963731167445], [-55.982421918796966, -14.892856268832553], [-55.99265808120304, -14.892856268832553], [-55.99265808120304, -14.882963731167445]]], [[[-56.009167884155985, -14.874663731167447], [-55.99893211584401, -14.874663731167447], [-55.99893211584401, -14.884556268832554], [-56.009167884155985, -14.884556268832554], [-56.009167884155985, -14.874663731167447]]], [[[-56.013297834794734, -14.872583731167447], [-56.00306216520528, -14.872583731167447], [-56.00306216520528, -14.882476268832555], [-56.013297834794734, -14.882476268832555], [-56.013297834794734, -14.872583731167447]]], [[[-56.01741778567843, -14.87051373116745], [-56.00718221432158, -14.87051373116745], [-56.00718221432158, -14.880406268832552], [-56.01741778567843, -14.880406268832552], [-56.01741778567843, -14.87051373116745]]], [[[-56.006438274570655, -14.89110373116745], [-55.996201725429344, -14.89110373116745], [-55.996201725429344, -14.900996268832552], [-56.006438274570655, -14.900996268832552], [-56.006438274570655, -14.89110373116745]]], [[[-56.00183829072955, -14.891783731167447], [-55.991601709270455, -14.891783731167447], [-55.991601709270455, -14.901676268832553], [-56.00183829072955, -14.901676268832553], [-56.00183829072955, -14.891783731167447]]], [[[-56.02023822633649, -14.889073731167446], [-56.01000177366352, -14.889073731167446], [-56.01000177366352, -14.898966268832556], [-56.02023822633649, -14.898966268832556], [-56.02023822633649, -14.889073731167446]]], [[[-56.0201983803313, -14.895553731167443], [-56.009961619668694, -14.895553731167443], [-56.009961619668694, -14.905446268832552], [-56.0201983803313, -14.905446268832552], [-56.0201983803313, -14.895553731167443]]], [[[-56.01860827979844, -14.891323731167448], [-56.00837172020156, -14.891323731167448], [-56.00837172020156, -14.901216268832552], [-56.01860827979844, -14.901216268832552], [-56.01860827979844, -14.891323731167448]]], [[[-56.017008179534976, -14.88710373116745], [-56.006771820465026, -14.88710373116745], [-56.006771820465026, -14.896996268832552], [-56.017008179534976, -14.896996268832552], [-56.017008179534976, -14.88710373116745]]], [[[-56.0106277783235, -14.870203731167441], [-56.0003922216765, -14.870203731167441], [-56.0003922216765, -14.880096268832549], [-56.0106277783235, -14.880096268832549], [-56.0106277783235, -14.870203731167441]]], [[[-56.020947987174935, -14.879003731167447], [-56.01071201282507, -14.879003731167447], [-56.01071201282507, -14.888896268832555], [-56.020947987174935, -14.888896268832555], [-56.020947987174935, -14.879003731167447]]], [[[-55.98837798693753, -14.878993731167446], [-55.978142013062474, -14.878993731167446], [-55.978142013062474, -14.888886268832552], [-55.98837798693753, -14.888886268832552], [-55.98837798693753, -14.878993731167446]]], [[[-56.0116477887628, -14.870643731167448], [-56.001412211237195, -14.870643731167448], [-56.001412211237195, -14.880536268832556], [-56.0116477887628, -14.880536268832556], [-56.0116477887628, -14.870643731167448]]], [[[-56.0163077887628, -14.870643731167448], [-56.006072211237196, -14.870643731167448], [-56.006072211237196, -14.880536268832556], [-56.0163077887628, -14.880536268832556], [-56.0163077887628, -14.870643731167448]]], [[[-56.0069977887628, -14.870643731167448], [-55.9967622112372, -14.870643731167448], [-55.9967622112372, -14.880536268832556], [-56.0069977887628, -14.880536268832556], [-56.0069977887628, -14.870643731167448]]], [[[-55.97908778852554, -14.870633731167446], [-55.96885221147446, -14.870633731167446], [-55.96885221147446, -14.880526268832554], [-55.97908778852554, -14.880526268832554], [-55.97908778852554, -14.870633731167446]]], [[[-56.021557493985135, -14.858213731167446], [-56.01132250601487, -14.858213731167446], [-56.01132250601487, -14.86810626883255], [-56.021557493985135, -14.86810626883255], [-56.021557493985135, -14.858213731167446]]], [[[-56.017667801337865, -14.871173731167447], [-56.00743219866213, -14.871173731167447], [-56.00743219866213, -14.881066268832555], [-56.017667801337865, -14.881066268832555], [-56.017667801337865, -14.871173731167447]]], [[[-56.034047467437816, -14.857093731167451], [-56.0238125325622, -14.857093731167451], [-56.0238125325622, -14.866986268832555], [-56.034047467437816, -14.866986268832555], [-56.034047467437816, -14.857093731167451]]], [[[-56.048347341842344, -14.851793731167447], [-56.038112658157665, -14.851793731167447], [-56.038112658157665, -14.861686268832553], [-56.048347341842344, -14.861686268832553], [-56.048347341842344, -14.851793731167447]]], [[[-56.053656945241606, -14.835043731167447], [-56.0434230547584, -14.835043731167447], [-56.0434230547584, -14.844936268832551], [-56.053656945241606, -14.844936268832551], [-56.053656945241606, -14.835043731167447]]], [[[-56.05806697908118, -14.83647373116745], [-56.04783302091882, -14.83647373116745], [-56.04783302091882, -14.846366268832554], [-56.05806697908118, -14.846366268832554], [-56.05806697908118, -14.83647373116745]]], [[[-56.04041684398124, -14.830763731167451], [-56.030183156018765, -14.830763731167451], [-56.030183156018765, -14.840656268832555], [-56.04041684398124, -14.840656268832555], [-56.04041684398124, -14.830763731167451]]], [[[-56.06328673187575, -14.826023731167448], [-56.053053268124245, -14.826023731167448], [-56.053053268124245, -14.835916268832554], [-56.06328673187575, -14.835916268832554], [-56.06328673187575, -14.826023731167448]]], [[[-56.059736800695276, -14.828933731167451], [-56.04950319930472, -14.828933731167451], [-56.04950319930472, -14.838826268832554], [-56.059736800695276, -14.838826268832554], [-56.059736800695276, -14.828933731167451]]], [[[-56.0668366633077, -14.823123731167447], [-56.056603336692305, -14.823123731167447], [-56.056603336692305, -14.833016268832553], [-56.0668366633077, -14.833016268832553], [-56.0668366633077, -14.823123731167447]]], [[[-56.056186869293285, -14.831833731167448], [-56.04595313070673, -14.831833731167448], [-56.04595313070673, -14.841726268832554], [-56.056186869293285, -14.841726268832554], [-56.056186869293285, -14.831833731167448]]], [[[-56.07039659475459, -14.82022373116745], [-56.06016340524542, -14.82022373116745], [-56.06016340524542, -14.830116268832553], [-56.07039659475459, -14.830116268832553], [-56.07039659475459, -14.82022373116745]]], [[[-56.052636938142854, -14.834743731167444], [-56.04240306185715, -14.834743731167444], [-56.04240306185715, -14.844636268832549], [-56.052636938142854, -14.844636268832549], [-56.052636938142854, -14.834743731167444]]], [[[-56.0739465259801, -14.817313731167445], [-56.06371347401989, -14.817313731167445], [-56.06371347401989, -14.827206268832553], [-56.0739465259801, -14.827206268832553], [-56.0739465259801, -14.817313731167445]]], [[[-56.04908700677081, -14.837643731167448], [-56.0388529932292, -14.837643731167448], [-56.0388529932292, -14.847536268832553], [-56.04908700677081, -14.847536268832553], [-56.04908700677081, -14.837643731167448]]], [[[-56.07749645745693, -14.814413731167447], [-56.067263542543074, -14.814413731167447], [-56.067263542543074, -14.824306268832549], [-56.07749645745693, -14.824306268832549], [-56.07749645745693, -14.814413731167447]]], [[[-56.08104638871249, -14.811503731167445], [-56.07081361128751, -14.811503731167445], [-56.07081361128751, -14.821396268832554], [-56.08104638871249, -14.821396268832554], [-56.08104638871249, -14.811503731167445]]], [[[-56.08814625174095, -14.80570373116745], [-56.07791374825904, -14.80570373116745], [-56.07791374825904, -14.815596268832556], [-56.08814625174095, -14.815596268832556], [-56.08814625174095, -14.80570373116745]]], [[[-56.09169618304154, -14.802793731167451], [-56.081463816958454, -14.802793731167451], [-56.081463816958454, -14.812686268832554], [-56.09169618304154, -14.812686268832554], [-56.09169618304154, -14.802793731167451]]], [[[-56.074096505421586, -14.81644373116745], [-56.06386349457842, -14.81644373116745], [-56.06386349457842, -14.826336268832552], [-56.074096505421586, -14.826336268832552], [-56.074096505421586, -14.81644373116745]]], [[[-56.07743657915493, -14.819563731167442], [-56.06720342084507, -14.819563731167442], [-56.06720342084507, -14.829456268832551], [-56.07743657915493, -14.829456268832551], [-56.07743657915493, -14.819563731167442]]], [[[-56.070746431469296, -14.81331373116745], [-56.06051356853071, -14.81331373116745], [-56.06051356853071, -14.823206268832552], [-56.070746431469296, -14.823206268832552], [-56.070746431469296, -14.81331373116745]]], [[[-56.06740635777059, -14.810193731167447], [-56.05717364222941, -14.810193731167447], [-56.05717364222941, -14.820086268832556], [-56.06740635777059, -14.820086268832556], [-56.06740635777059, -14.810193731167447]]], [[[-56.09153644966041, -14.814083731167447], [-56.08130355033958, -14.814083731167447], [-56.08130355033958, -14.823976268832553], [-56.09153644966041, -14.823976268832553], [-56.09153644966041, -14.814083731167447]]], [[[-56.09317654890325, -14.818283731167448], [-56.08294345109674, -14.818283731167448], [-56.08294345109674, -14.828176268832554], [-56.09317654890325, -14.828176268832554], [-56.09317654890325, -14.818283731167448]]], [[[-56.10393618044496, -14.802683731167447], [-56.09370381955505, -14.802683731167447], [-56.09370381955505, -14.812576268832554], [-56.10393618044496, -14.812576268832554], [-56.10393618044496, -14.802683731167447]]], [[[-56.11855635588111, -14.810113731167448], [-56.10832364411888, -14.810113731167448], [-56.10832364411888, -14.820006268832554], [-56.11855635588111, -14.820006268832554], [-56.11855635588111, -14.810113731167448]]], [[[-56.12119644328159, -14.813813731167444], [-56.11096355671841, -14.813813731167444], [-56.11096355671841, -14.823706268832552], [-56.12119644328159, -14.823706268832552], [-56.12119644328159, -14.813813731167444]]], [[[-56.11591626850495, -14.806413731167446], [-56.10568373149505, -14.806413731167446], [-56.10568373149505, -14.816306268832552], [-56.11591626850495, -14.816306268832552], [-56.11591626850495, -14.806413731167446]]], [[[-56.117595948255136, -14.79284373116745], [-56.10736405174486, -14.79284373116745], [-56.10736405174486, -14.802736268832552], [-56.117595948255136, -14.802736268832552], [-56.117595948255136, -14.79284373116745]]], [[[-56.126885939527774, -14.792473731167446], [-56.11665406047222, -14.792473731167446], [-56.11665406047222, -14.802366268832552], [-56.126885939527774, -14.802366268832552], [-56.126885939527774, -14.792473731167446]]], [[[-56.13030589825301, -14.790723731167445], [-56.12007410174699, -14.790723731167445], [-56.12007410174699, -14.800616268832552], [-56.13030589825301, -14.800616268832552], [-56.13030589825301, -14.790723731167445]]], [[[-56.13320598104387, -14.794233731167447], [-56.12297401895612, -14.794233731167447], [-56.12297401895612, -14.804126268832555], [-56.13320598104387, -14.804126268832555], [-56.13320598104387, -14.794233731167447]]], [[[-56.1433956163151, -14.77876373116745], [-56.133164383684914, -14.77876373116745], [-56.133164383684914, -14.788656268832554], [-56.1433956163151, -14.788656268832554], [-56.1433956163151, -14.77876373116745]]], [[[-56.144775717651484, -14.783063731167449], [-56.13454428234851, -14.783063731167449], [-56.13454428234851, -14.792956268832555], [-56.144775717651484, -14.792956268832555], [-56.144775717651484, -14.783063731167449]]], [[[-56.13651511083117, -14.757293731167445], [-56.12628488916883, -14.757293731167445], [-56.12628488916883, -14.767186268832555], [-56.13651511083117, -14.767186268832555], [-56.13651511083117, -14.757293731167445]]], [[[-56.1594754233954, -14.770573731167447], [-56.1492445766046, -14.770573731167447], [-56.1492445766046, -14.780466268832557], [-56.1594754233954, -14.780466268832557], [-56.1594754233954, -14.770573731167447]]], [[[-56.161615517367046, -14.774563731167442], [-56.15138448263296, -14.774563731167442], [-56.15138448263296, -14.784456268832551], [-56.161615517367046, -14.784456268832551], [-56.161615517367046, -14.774563731167442]]], [[[-56.16374561136694, -14.778553731167445], [-56.153514388633056, -14.778553731167445], [-56.153514388633056, -14.788446268832555], [-56.16374561136694, -14.788446268832555], [-56.16374561136694, -14.778553731167445]]], [[[-56.16588570563081, -14.782553731167445], [-56.1556542943692, -14.782553731167445], [-56.1556542943692, -14.79244626883255], [-56.16588570563081, -14.79244626883255], [-56.16588570563081, -14.782553731167445]]], [[[-56.16802579968731, -14.786543731167448], [-56.157794200312686, -14.786543731167448], [-56.157794200312686, -14.796436268832554], [-56.16802579968731, -14.796436268832554], [-56.16802579968731, -14.786543731167448]]], [[[-56.150935047321006, -14.754593731167446], [-56.140704952679, -14.754593731167446], [-56.140704952679, -14.764486268832549], [-56.150935047321006, -14.764486268832549], [-56.150935047321006, -14.754593731167446]]], [[[-56.148794953255646, -14.750593731167449], [-56.13856504674436, -14.750593731167449], [-56.13856504674436, -14.760486268832551], [-56.148794953255646, -14.760486268832551], [-56.148794953255646, -14.750593731167449]]], [[[-56.14452476568007, -14.742613731167449], [-56.134295234319936, -14.742613731167449], [-56.134295234319936, -14.752506268832555], [-56.14452476568007, -14.752506268832555], [-56.14452476568007, -14.742613731167449]]], [[[-56.16650511694764, -14.75755373116745], [-56.156274883052355, -14.75755373116745], [-56.156274883052355, -14.767446268832556], [-56.16650511694764, -14.767446268832556], [-56.16650511694764, -14.75755373116745]]], [[[-56.171065095775745, -14.756653731167447], [-56.16083490422426, -14.756653731167447], [-56.16083490422426, -14.766546268832553], [-56.171065095775745, -14.766546268832553], [-56.171065095775745, -14.756653731167447]]], [[[-56.16194513812099, -14.758453731167446], [-56.151714861879015, -14.758453731167446], [-56.151714861879015, -14.768346268832556], [-56.16194513812099, -14.768346268832556], [-56.16194513812099, -14.758453731167446]]], [[[-56.175615074840486, -14.755763731167448], [-56.16538492515951, -14.755763731167448], [-56.16538492515951, -14.765656268832554], [-56.175615074840486, -14.765656268832554], [-56.175615074840486, -14.755763731167448]]], [[[-56.15739515906049, -14.759343731167448], [-56.14716484093951, -14.759343731167448], [-56.14716484093951, -14.769236268832554], [-56.15739515906049, -14.769236268832554], [-56.15739515906049, -14.759343731167448]]], [[[-56.148275201414336, -14.76114373116745], [-56.13804479858567, -14.76114373116745], [-56.13804479858567, -14.771036268832551], [-56.148275201414336, -14.771036268832551], [-56.148275201414336, -14.76114373116745]]], [[[-56.143725222358086, -14.762033731167445], [-56.133494777641914, -14.762033731167445], [-56.133494777641914, -14.771926268832553], [-56.143725222358086, -14.771926268832553], [-56.143725222358086, -14.762033731167445]]], [[[-56.13916524353859, -14.762933731167447], [-56.12893475646142, -14.762933731167447], [-56.12893475646142, -14.772826268832553], [-56.13916524353859, -14.772826268832553], [-56.13916524353859, -14.762933731167447]]], [[[-56.157854820906756, -14.744963731167447], [-56.14762517909325, -14.744963731167447], [-56.14762517909325, -14.754856268832553], [-56.157854820906756, -14.754856268832553], [-56.157854820906756, -14.744963731167447]]], [[[-56.16180487708351, -14.747353731167449], [-56.151575122916476, -14.747353731167449], [-56.151575122916476, -14.757246268832553], [-56.16180487708351, -14.757246268832553], [-56.16180487708351, -14.747353731167449]]], [[[-56.153914764975106, -14.742583731167445], [-56.14368523502489, -14.742583731167445], [-56.14368523502489, -14.752476268832554], [-56.153914764975106, -14.752476268832554], [-56.153914764975106, -14.742583731167445]]], [[[-56.17368463082714, -14.73687373116745], [-56.163455369172866, -14.73687373116745], [-56.163455369172866, -14.746766268832555], [-56.17368463082714, -14.746766268832555], [-56.17368463082714, -14.73687373116745]]], [[[-56.17680470905351, -14.74020373116745], [-56.16657529094648, -14.74020373116745], [-56.16657529094648, -14.750096268832555], [-56.17680470905351, -14.750096268832555], [-56.17680470905351, -14.74020373116745]]], [[[-56.18753434956276, -14.724893731167448], [-56.17730565043724, -14.724893731167448], [-56.17730565043724, -14.734786268832558], [-56.18753434956276, -14.734786268832558], [-56.18753434956276, -14.724893731167448]]], [[[-56.190994419972355, -14.727893731167445], [-56.18076558002764, -14.727893731167445], [-56.18076558002764, -14.737786268832549], [-56.190994419972355, -14.737786268832549], [-56.190994419972355, -14.727893731167445]]], [[[-56.18406427940375, -14.72190373116745], [-56.17383572059625, -14.72190373116745], [-56.17383572059625, -14.73179626883255], [-56.18406427940375, -14.73179626883255], [-56.18406427940375, -14.72190373116745]]], [[[-56.19446449016313, -14.730883731167445], [-56.18423550983687, -14.730883731167445], [-56.18423550983687, -14.740776268832553], [-56.19446449016313, -14.740776268832553], [-56.19446449016313, -14.730883731167445]]], [[[-56.19793456060459, -14.733883731167444], [-56.1877054393954, -14.733883731167444], [-56.1877054393954, -14.743776268832551], [-56.19793456060459, -14.743776268832551], [-56.19793456060459, -14.733883731167444]]], [[[-56.201494074648906, -14.71317373116745], [-56.1912659253511, -14.71317373116745], [-56.1912659253511, -14.723066268832554], [-56.201494074648906, -14.723066268832554], [-56.201494074648906, -14.71317373116745]]], [[[-56.2190240111156, -14.710463731167449], [-56.2087959888844, -14.710463731167449], [-56.2087959888844, -14.720356268832553], [-56.2190240111156, -14.720356268832553], [-56.2190240111156, -14.710463731167449]]], [[[-56.219164116386345, -14.714953731167448], [-56.20893588361365, -14.714953731167448], [-56.20893588361365, -14.724846268832557], [-56.219164116386345, -14.724846268832557], [-56.219164116386345, -14.714953731167448]]], [[[-56.218883905880595, -14.705973731167449], [-56.2086560941194, -14.705973731167449], [-56.2086560941194, -14.715866268832555], [-56.218883905880595, -14.715866268832555], [-56.218883905880595, -14.705973731167449]]], [[[-56.21930422192741, -14.71945373116745], [-56.2090757780726, -14.71945373116745], [-56.2090757780726, -14.729346268832554], [-56.21930422192741, -14.729346268832554], [-56.21930422192741, -14.71945373116745]]], [[[-56.21874380044707, -14.701473731167445], [-56.20851619955294, -14.701473731167445], [-56.20851619955294, -14.71136626883255], [-56.21874380044707, -14.71136626883255], [-56.21874380044707, -14.701473731167445]]], [[[-56.21944432726972, -14.723943731167449], [-56.20921567273028, -14.723943731167449], [-56.20921567273028, -14.733836268832551], [-56.21944432726972, -14.733836268832551], [-56.21944432726972, -14.723943731167449]]], [[[-56.21831348482985, -14.687993731167447], [-56.20808651517016, -14.687993731167447], [-56.20808651517016, -14.69788626883255], [-56.21831348482985, -14.69788626883255], [-56.21831348482985, -14.687993731167447]]], [[[-56.21817337953971, -14.683493731167447], [-56.207946620460305, -14.683493731167447], [-56.207946620460305, -14.693386268832555], [-56.21817337953971, -14.693386268832555], [-56.21817337953971, -14.683493731167447]]]]}}, {"type": "Feature", "properties": {"hand_max_m": 10.0, "n_celulas": 176, "rotulo": "HAND ≤ 10 m (proxy SRTM)"}, "geometry": {"type": "MultiPolygon", "coordinates": [[[[-55.77734779208447, -14.870783731167451], [-55.76711220791553, -14.870783731167451], [-55.76711220791553, -14.880676268832556], [-55.77734779208447, -14.880676268832556], [-55.77734779208447, -14.870783731167451]]], [[[-55.77982788249467, -14.874593731167442], [-55.76959211750533, -14.874593731167442], [-55.76959211750533, -14.884486268832552], [-55.77982788249467, -14.884486268832552], [-55.77982788249467, -14.874593731167442]]], [[[-55.774877701700085, -14.86697373116745], [-55.764642298299904, -14.86697373116745], [-55.764642298299904, -14.87686626883255], [-55.774877701700085, -14.87686626883255], [-55.774877701700085, -14.86697373116745]]], [[[-55.78230797269329, -14.87839373116745], [-55.772072027306706, -14.87839373116745], [-55.772072027306706, -14.888286268832555], [-55.78230797269329, -14.888286268832555], [-55.78230797269329, -14.87839373116745]]], [[[-55.77239761157867, -14.863173731167448], [-55.76216238842133, -14.863173731167448], [-55.76216238842133, -14.873066268832554], [-55.77239761157867, -14.873066268832554], [-55.77239761157867, -14.863173731167448]]], [[[-55.769917521245866, -14.859363731167441], [-55.75968247875414, -14.859363731167441], [-55.75968247875414, -14.869256268832553], [-55.769917521245866, -14.869256268832553], [-55.769917521245866, -14.859363731167441]]], [[[-55.79469767679556, -14.865923731167445], [-55.78446232320445, -14.865923731167445], [-55.78446232320445, -14.875816268832557], [-55.79469767679556, -14.875816268832557], [-55.79469767679556, -14.865923731167445]]], [[[-55.80684756320829, -14.861133731167445], [-55.79661243679171, -14.861133731167445], [-55.79661243679171, -14.871026268832557], [-55.80684756320829, -14.871026268832557], [-55.80684756320829, -14.861133731167445]]], [[[-55.810677623672426, -14.863683731167447], [-55.80044237632758, -14.863683731167447], [-55.80044237632758, -14.87357626883255], [-55.810677623672426, -14.87357626883255], [-55.810677623672426, -14.863683731167447]]], [[[-55.814497684385294, -14.866243731167447], [-55.8042623156147, -14.866243731167447], [-55.8042623156147, -14.876136268832553], [-55.814497684385294, -14.876136268832553], [-55.814497684385294, -14.866243731167447]]], [[[-55.818327744872605, -14.868793731167445], [-55.808092255127384, -14.868793731167445], [-55.808092255127384, -14.878686268832553], [-55.818327744872605, -14.878686268832553], [-55.818327744872605, -14.868793731167445]]], [[[-55.814417404396856, -14.854433731167447], [-55.804182595603145, -14.854433731167447], [-55.804182595603145, -14.864326268832553], [-55.814417404396856, -14.864326268832553], [-55.814417404396856, -14.854433731167447]]], [[[-55.81921701931477, -14.838173731167451], [-55.808982980685236, -14.838173731167451], [-55.808982980685236, -14.848066268832556], [-55.81921701931477, -14.848066268832556], [-55.81921701931477, -14.838173731167451]]], [[[-55.81770711992124, -14.842423731167449], [-55.80747288007877, -14.842423731167449], [-55.80747288007877, -14.852316268832551], [-55.81770711992124, -14.852316268832551], [-55.81770711992124, -14.842423731167449]]], [[[-55.816187220559804, -14.846673731167451], [-55.8059527794402, -14.846673731167451], [-55.8059527794402, -14.856566268832555], [-55.816187220559804, -14.856566268832555], [-55.816187220559804, -14.846673731167451]]], [[[-55.814667321230495, -14.850923731167446], [-55.80443267876951, -14.850923731167446], [-55.80443267876951, -14.860816268832554], [-55.814667321230495, -14.860816268832554], [-55.814667321230495, -14.850923731167446]]], [[[-55.813157421933305, -14.855173731167447], [-55.80292257806669, -14.855173731167447], [-55.80292257806669, -14.865066268832553], [-55.813157421933305, -14.865066268832553], [-55.813157421933305, -14.855173731167447]]], [[[-55.810117623672426, -14.863683731167447], [-55.79988237632758, -14.863683731167447], [-55.79988237632758, -14.87357626883255], [-55.810117623672426, -14.87357626883255], [-55.810117623672426, -14.863683731167447]]], [[[-55.83132727408893, -14.848933731167445], [-55.82109272591107, -14.848933731167445], [-55.82109272591107, -14.858826268832555], [-55.83132727408893, -14.858826268832555], [-55.83132727408893, -14.848933731167445]]], [[[-55.835007208955126, -14.846183731167446], [-55.824772791044865, -14.846183731167446], [-55.824772791044865, -14.856076268832553], [-55.835007208955126, -14.856076268832553], [-55.835007208955126, -14.846183731167446]]], [[[-55.83868714383478, -14.843433731167451], [-55.82845285616522, -14.843433731167451], [-55.82845285616522, -14.853326268832557], [-55.83868714383478, -14.853326268832557], [-55.83868714383478, -14.843433731167451]]], [[[-55.81292759995962, -14.862683731167449], [-55.80269240004039, -14.862683731167449], [-55.80269240004039, -14.872576268832553], [-55.81292759995962, -14.872576268832553], [-55.81292759995962, -14.862683731167449]]], [[[-55.84972694855441, -14.83518373116745], [-55.839493051445594, -14.83518373116745], [-55.839493051445594, -14.845076268832553], [-55.84972694855441, -14.845076268832553], [-55.84972694855441, -14.83518373116745]]], [[[-55.853406883487835, -14.832433731167448], [-55.84317311651216, -14.832433731167448], [-55.84317311651216, -14.84232626883255], [-55.853406883487835, -14.84232626883255], [-55.853406883487835, -14.832433731167448]]], [[[-55.80556773063926, -14.868193731167445], [-55.79533226936074, -14.868193731167445], [-55.79533226936074, -14.878086268832554], [-55.80556773063926, -14.878086268832554], [-55.80556773063926, -14.868193731167445]]], [[[-55.85708681843471, -14.829683731167446], [-55.846853181565294, -14.829683731167446], [-55.846853181565294, -14.839576268832554], [-55.85708681843471, -14.839576268832554], [-55.85708681843471, -14.829683731167446]]], [[[-55.80188779588071, -14.870943731167447], [-55.7916522041193, -14.870943731167447], [-55.7916522041193, -14.88083626883255], [-55.80188779588071, -14.88083626883255], [-55.80188779588071, -14.870943731167447]]], [[[-55.83961725206036, -14.848003731167445], [-55.82938274793965, -14.848003731167445], [-55.82938274793965, -14.857896268832551], [-55.83961725206036, -14.857896268832551], [-55.83961725206036, -14.848003731167445]]], [[[-55.84425724305988, -14.84762373116745], [-55.83402275694013, -14.84762373116745], [-55.83402275694013, -14.857516268832557], [-55.84425724305988, -14.857516268832557], [-55.84425724305988, -14.84762373116745]]], [[[-55.83497726082423, -14.848373731167445], [-55.824742739175775, -14.848373731167445], [-55.824742739175775, -14.858266268832551], [-55.83497726082423, -14.858266268832551], [-55.83497726082423, -14.848373731167445]]], [[[-55.84888723405966, -14.847243731167445], [-55.838652765940346, -14.847243731167445], [-55.838652765940346, -14.857136268832551], [-55.84888723405966, -14.857136268832551], [-55.84888723405966, -14.847243731167445]]], [[[-55.83034726982521, -14.848753731167447], [-55.82011273017479, -14.848753731167447], [-55.82011273017479, -14.858646268832553], [-55.83034726982521, -14.858646268832553], [-55.83034726982521, -14.848753731167447]]], [[[-55.85352722529653, -14.846873731167447], [-55.84329277470347, -14.846873731167447], [-55.84329277470347, -14.856766268832551], [-55.85352722529653, -14.856766268832551], [-55.85352722529653, -14.846873731167447]]], [[[-55.82570727882646, -14.849133731167449], [-55.81547272117355, -14.849133731167449], [-55.81547272117355, -14.859026268832553], [-55.82570727882646, -14.859026268832553], [-55.82570727882646, -14.849133731167449]]], [[[-55.85815721629682, -14.846493731167445], [-55.84792278370319, -14.846493731167445], [-55.84792278370319, -14.85638626883255], [-55.85815721629682, -14.85638626883255], [-55.85815721629682, -14.846493731167445]]], [[[-55.821077287591066, -14.849503731167445], [-55.81084271240893, -14.849503731167445], [-55.81084271240893, -14.859396268832553], [-55.821077287591066, -14.859396268832553], [-55.821077287591066, -14.849503731167445]]], [[[-55.816437296592824, -14.849883731167447], [-55.80620270340719, -14.849883731167447], [-55.80620270340719, -14.859776268832555], [-55.816437296592824, -14.859776268832555], [-55.816437296592824, -14.849883731167447]]], [[[-55.867427198534976, -14.84574373116745], [-55.85719280146503, -14.84574373116745], [-55.85719280146503, -14.855636268832555], [-55.867427198534976, -14.855636268832555], [-55.867427198534976, -14.84574373116745]]], [[[-55.811807305594826, -14.850263731167445], [-55.80157269440518, -14.850263731167445], [-55.80157269440518, -14.860156268832549], [-55.811807305594826, -14.860156268832549], [-55.811807305594826, -14.850263731167445]]], [[[-55.872067189536025, -14.845363731167446], [-55.86183281046399, -14.845363731167446], [-55.86183281046399, -14.855256268832553], [-55.872067189536025, -14.855256268832553], [-55.872067189536025, -14.845363731167446]]], [[[-55.876697180537334, -14.844983731167448], [-55.866462819462676, -14.844983731167448], [-55.866462819462676, -14.854876268832554], [-55.876697180537334, -14.854876268832554], [-55.876697180537334, -14.844983731167448]]], [[[-55.84550731554471, -14.850683731167445], [-55.8352726844553, -14.850683731167445], [-55.8352726844553, -14.860576268832551], [-55.84550731554471, -14.860576268832551], [-55.84550731554471, -14.850683731167445]]], [[[-55.852667179590114, -14.844943731167445], [-55.84243282040989, -14.844943731167445], [-55.84243282040989, -14.854836268832551], [-55.852667179590114, -14.854836268832551], [-55.852667179590114, -14.844943731167445]]], [[[-55.85624711163479, -14.842073731167446], [-55.846012888365216, -14.842073731167446], [-55.846012888365216, -14.85196626883255], [-55.85624711163479, -14.85196626883255], [-55.85624711163479, -14.842073731167446]]], [[[-55.85982704369409, -14.83920373116745], [-55.849592956305905, -14.83920373116745], [-55.849592956305905, -14.84909626883255], [-55.85982704369409, -14.84909626883255], [-55.85982704369409, -14.83920373116745]]], [[[-55.863416975768054, -14.836333731167443], [-55.853183024231946, -14.836333731167443], [-55.853183024231946, -14.84622626883255], [-55.863416975768054, -14.84622626883255], [-55.863416975768054, -14.836333731167443]]], [[[-55.86699690785665, -14.833463731167448], [-55.85676309214335, -14.833463731167448], [-55.85676309214335, -14.843356268832554], [-55.86699690785665, -14.843356268832554], [-55.86699690785665, -14.833463731167448]]], [[[-55.85804709482579, -14.84136373116745], [-55.84781290517421, -14.84136373116745], [-55.84781290517421, -14.851256268832556], [-55.85804709482579, -14.851256268832556], [-55.85804709482579, -14.84136373116745]]], [[[-55.85626699659399, -14.837213731167449], [-55.846033003406006, -14.837213731167449], [-55.846033003406006, -14.847106268832555], [-55.85626699659399, -14.847106268832555], [-55.85626699659399, -14.837213731167449]]], [[[-55.854486898156225, -14.83305373116744], [-55.84425310184378, -14.83305373116744], [-55.84425310184378, -14.842946268832549], [-55.854486898156225, -14.842946268832549], [-55.854486898156225, -14.83305373116744]]], [[[-55.8710569755314, -14.836323731167445], [-55.8608230244686, -14.836323731167445], [-55.8608230244686, -14.846216268832553], [-55.8710569755314, -14.846216268832553], [-55.8710569755314, -14.836323731167445]]], [[[-55.86854706523467, -14.840113731167447], [-55.85831293476532, -14.840113731167447], [-55.85831293476532, -14.850006268832555], [-55.86854706523467, -14.850006268832555], [-55.86854706523467, -14.840113731167447]]], [[[-55.88618708535634, -14.840963731167445], [-55.87595291464367, -14.840963731167445], [-55.87595291464367, -14.850856268832551], [-55.88618708535634, -14.850856268832551], [-55.88618708535634, -14.840963731167445]]], [[[-55.900987335445414, -14.851523731167445], [-55.89075266455458, -14.851523731167445], [-55.89075266455458, -14.861416268832548], [-55.900987335445414, -14.861416268832548], [-55.900987335445414, -14.851523731167445]]], [[[-55.902987239270274, -14.847463731167448], [-55.89275276072972, -14.847463731167448], [-55.89275276072972, -14.857356268832554], [-55.902987239270274, -14.857356268832554], [-55.902987239270274, -14.847463731167448]]], [[[-55.91670752266823, -14.85942373116745], [-55.90647247733177, -14.85942373116745], [-55.90647247733177, -14.869316268832552], [-55.91670752266823, -14.869316268832552], [-55.91670752266823, -14.85942373116745]]], [[[-55.91302758786677, -14.862173731167445], [-55.90279241213323, -14.862173731167445], [-55.90279241213323, -14.872066268832551], [-55.91302758786677, -14.872066268832551], [-55.91302758786677, -14.862173731167445]]], [[[-55.92038745748314, -14.856673731167447], [-55.91015254251686, -14.856673731167447], [-55.91015254251686, -14.86656626883255], [-55.92038745748314, -14.86656626883255], [-55.92038745748314, -14.856673731167447]]], [[[-55.93048763884955, -14.864323731167447], [-55.92025236115045, -14.864323731167447], [-55.92025236115045, -14.874216268832553], [-55.93048763884955, -14.874216268832553], [-55.93048763884955, -14.864323731167447]]], [[[-55.947907759818314, -14.869423731167448], [-55.93767224018168, -14.869423731167448], [-55.93767224018168, -14.879316268832554], [-55.947907759818314, -14.879316268832554], [-55.947907759818314, -14.869423731167448]]], [[[-55.96165747241526, -14.857303731167445], [-55.95142252758474, -14.857303731167445], [-55.95142252758474, -14.867196268832553], [-55.96165747241526, -14.867196268832553], [-55.96165747241526, -14.857303731167445]]], [[[-55.96413780608331, -14.871373731167449], [-55.9539021939167, -14.871373731167449], [-55.9539021939167, -14.881266268832551], [-55.96413780608331, -14.881266268832551], [-55.96413780608331, -14.871373731167449]]], [[[-55.96117772399725, -14.867913731167445], [-55.950942276002756, -14.867913731167445], [-55.950942276002756, -14.877806268832554], [-55.96117772399725, -14.877806268832554], [-55.96117772399725, -14.867913731167445]]], [[[-55.97917782103191, -14.872003731167446], [-55.96894217896809, -14.872003731167446], [-55.96894217896809, -14.881896268832556], [-55.97917782103191, -14.881896268832556], [-55.97917782103191, -14.872003731167446]]], [[[-55.975347881545346, -14.874553731167447], [-55.96511211845466, -14.874553731167447], [-55.96511211845466, -14.884446268832553], [-55.975347881545346, -14.884446268832553], [-55.975347881545346, -14.874553731167447]]], [[[-55.99265808120304, -14.882963731167445], [-55.982421918796966, -14.882963731167445], [-55.982421918796966, -14.892856268832553], [-55.99265808120304, -14.892856268832553], [-55.99265808120304, -14.882963731167445]]], [[[-55.98852813060271, -14.885043731167446], [-55.97829186939729, -14.885043731167446], [-55.97829186939729, -14.894936268832552], [-55.98852813060271, -14.894936268832552], [-55.98852813060271, -14.885043731167446]]], [[[-56.009167884155985, -14.874663731167447], [-55.99893211584401, -14.874663731167447], [-55.99893211584401, -14.884556268832554], [-56.009167884155985, -14.884556268832554], [-56.009167884155985, -14.874663731167447]]], [[[-56.013297834794734, -14.872583731167447], [-56.00306216520528, -14.872583731167447], [-56.00306216520528, -14.882476268832555], [-56.013297834794734, -14.882476268832555], [-56.013297834794734, -14.872583731167447]]], [[[-56.01741778567843, -14.87051373116745], [-56.00718221432158, -14.87051373116745], [-56.00718221432158, -14.880406268832552], [-56.01741778567843, -14.880406268832552], [-56.01741778567843, -14.87051373116745]]], [[[-56.0256776872315, -14.866363731167445], [-56.0154423127685, -14.866363731167445], [-56.0154423127685, -14.876256268832554], [-56.0256776872315, -14.876256268832554], [-56.0256776872315, -14.866363731167445]]], [[[-56.006438274570655, -14.89110373116745], [-55.996201725429344, -14.89110373116745], [-55.996201725429344, -14.900996268832552], [-56.006438274570655, -14.900996268832552], [-56.006438274570655, -14.89110373116745]]], [[[-56.00183829072955, -14.891783731167447], [-55.991601709270455, -14.891783731167447], [-55.991601709270455, -14.901676268832553], [-56.00183829072955, -14.901676268832553], [-56.00183829072955, -14.891783731167447]]], [[[-56.02023822633649, -14.889073731167446], [-56.01000177366352, -14.889073731167446], [-56.01000177366352, -14.898966268832556], [-56.02023822633649, -14.898966268832556], [-56.02023822633649, -14.889073731167446]]], [[[-56.0201983803313, -14.895553731167443], [-56.009961619668694, -14.895553731167443], [-56.009961619668694, -14.905446268832552], [-56.0201983803313, -14.905446268832552], [-56.0201983803313, -14.895553731167443]]], [[[-56.01860827979844, -14.891323731167448], [-56.00837172020156, -14.891323731167448], [-56.00837172020156, -14.901216268832552], [-56.01860827979844, -14.901216268832552], [-56.01860827979844, -14.891323731167448]]], [[[-56.02339858101687, -14.903993731167445], [-56.01316141898313, -14.903993731167445], [-56.01316141898313, -14.913886268832552], [-56.02339858101687, -14.913886268832552], [-56.02339858101687, -14.903993731167445]]], [[[-56.017008179534976, -14.88710373116745], [-56.006771820465026, -14.88710373116745], [-56.006771820465026, -14.896996268832552], [-56.017008179534976, -14.896996268832552], [-56.017008179534976, -14.88710373116745]]], [[[-56.0122178786974, -14.874433731167446], [-56.00198212130261, -14.874433731167446], [-56.00198212130261, -14.884326268832554], [-56.0122178786974, -14.884326268832554], [-56.0122178786974, -14.874433731167446]]], [[[-56.0106277783235, -14.870203731167441], [-56.0003922216765, -14.870203731167441], [-56.0003922216765, -14.880096268832549], [-56.0106277783235, -14.880096268832549], [-56.0106277783235, -14.870203731167441]]], [[[-56.020947987174935, -14.879003731167447], [-56.01071201282507, -14.879003731167447], [-56.01071201282507, -14.888896268832555], [-56.020947987174935, -14.888896268832555], [-56.020947987174935, -14.879003731167447]]], [[[-55.98837798693753, -14.878993731167446], [-55.978142013062474, -14.878993731167446], [-55.978142013062474, -14.888886268832552], [-55.98837798693753, -14.888886268832552], [-55.98837798693753, -14.878993731167446]]], [[[-56.0116477887628, -14.870643731167448], [-56.001412211237195, -14.870643731167448], [-56.001412211237195, -14.880536268832556], [-56.0116477887628, -14.880536268832556], [-56.0116477887628, -14.870643731167448]]], [[[-56.0163077887628, -14.870643731167448], [-56.006072211237196, -14.870643731167448], [-56.006072211237196, -14.880536268832556], [-56.0163077887628, -14.880536268832556], [-56.0163077887628, -14.870643731167448]]], [[[-56.0069977887628, -14.870643731167448], [-55.9967622112372, -14.870643731167448], [-55.9967622112372, -14.880536268832556], [-56.0069977887628, -14.880536268832556], [-56.0069977887628, -14.870643731167448]]], [[[-55.97908778852554, -14.870633731167446], [-55.96885221147446, -14.870633731167446], [-55.96885221147446, -14.880526268832554], [-55.97908778852554, -14.880526268832554], [-55.97908778852554, -14.870633731167446]]], [[[-56.04886778852554, -14.870633731167446], [-56.03863221147447, -14.870633731167446], [-56.03863221147447, -14.880526268832554], [-56.04886778852554, -14.880526268832554], [-56.04886778852554, -14.870633731167446]]], [[[-55.97442778852554, -14.870633731167446], [-55.96419221147446, -14.870633731167446], [-55.96419221147446, -14.880526268832554], [-55.97442778852554, -14.880526268832554], [-55.97442778852554, -14.870633731167446]]], [[[-56.021557493985135, -14.858213731167446], [-56.01132250601487, -14.858213731167446], [-56.01132250601487, -14.86810626883255], [-56.021557493985135, -14.86810626883255], [-56.021557493985135, -14.858213731167446]]], [[[-56.017667801337865, -14.871173731167447], [-56.00743219866213, -14.871173731167447], [-56.00743219866213, -14.881066268832555], [-56.017667801337865, -14.881066268832555], [-56.017667801337865, -14.871173731167447]]], [[[-56.01637790385519, -14.875493731167445], [-56.00614209614482, -14.875493731167445], [-56.00614209614482, -14.885386268832551], [-56.01637790385519, -14.885386268832551], [-56.01637790385519, -14.875493731167445]]], [[[-56.034047467437816, -14.857093731167451], [-56.0238125325622, -14.857093731167451], [-56.0238125325622, -14.866986268832555], [-56.034047467437816, -14.866986268832555], [-56.034047467437816, -14.857093731167451]]], [[[-56.048347341842344, -14.851793731167447], [-56.038112658157665, -14.851793731167447], [-56.038112658157665, -14.861686268832553], [-56.048347341842344, -14.861686268832553], [-56.048347341842344, -14.851793731167447]]], [[[-56.053656945241606, -14.835043731167447], [-56.0434230547584, -14.835043731167447], [-56.0434230547584, -14.844936268832551], [-56.053656945241606, -14.844936268832551], [-56.053656945241606, -14.835043731167447]]], [[[-56.05806697908118, -14.83647373116745], [-56.04783302091882, -14.83647373116745], [-56.04783302091882, -14.846366268832554], [-56.05806697908118, -14.846366268832554], [-56.05806697908118, -14.83647373116745]]], [[[-56.04924691140567, -14.833613731167445], [-56.03901308859434, -14.833613731167445], [-56.03901308859434, -14.843506268832552], [-56.04924691140567, -14.843506268832552], [-56.04924691140567, -14.833613731167445]]], [[[-56.04041684398124, -14.830763731167451], [-56.030183156018765, -14.830763731167451], [-56.030183156018765, -14.840656268832555], [-56.04041684398124, -14.840656268832555], [-56.04041684398124, -14.830763731167451]]], [[[-56.06328673187575, -14.826023731167448], [-56.053053268124245, -14.826023731167448], [-56.053053268124245, -14.835916268832554], [-56.06328673187575, -14.835916268832554], [-56.06328673187575, -14.826023731167448]]], [[[-56.059736800695276, -14.828933731167451], [-56.04950319930472, -14.828933731167451], [-56.04950319930472, -14.838826268832554], [-56.059736800695276, -14.838826268832554], [-56.059736800695276, -14.828933731167451]]], [[[-56.0668366633077, -14.823123731167447], [-56.056603336692305, -14.823123731167447], [-56.056603336692305, -14.833016268832553], [-56.0668366633077, -14.833016268832553], [-56.0668366633077, -14.823123731167447]]], [[[-56.056186869293285, -14.831833731167448], [-56.04595313070673, -14.831833731167448], [-56.04595313070673, -14.841726268832554], [-56.056186869293285, -14.841726268832554], [-56.056186869293285, -14.831833731167448]]], [[[-56.07039659475459, -14.82022373116745], [-56.06016340524542, -14.82022373116745], [-56.06016340524542, -14.830116268832553], [-56.07039659475459, -14.830116268832553], [-56.07039659475459, -14.82022373116745]]], [[[-56.052636938142854, -14.834743731167444], [-56.04240306185715, -14.834743731167444], [-56.04240306185715, -14.844636268832549], [-56.052636938142854, -14.844636268832549], [-56.052636938142854, -14.834743731167444]]], [[[-56.0739465259801, -14.817313731167445], [-56.06371347401989, -14.817313731167445], [-56.06371347401989, -14.827206268832553], [-56.0739465259801, -14.827206268832553], [-56.0739465259801, -14.817313731167445]]], [[[-56.04908700677081, -14.837643731167448], [-56.0388529932292, -14.837643731167448], [-56.0388529932292, -14.847536268832553], [-56.04908700677081, -14.847536268832553], [-56.04908700677081, -14.837643731167448]]], [[[-56.07749645745693, -14.814413731167447], [-56.067263542543074, -14.814413731167447], [-56.067263542543074, -14.824306268832549], [-56.07749645745693, -14.824306268832549], [-56.07749645745693, -14.814413731167447]]], [[[-56.08104638871249, -14.811503731167445], [-56.07081361128751, -14.811503731167445], [-56.07081361128751, -14.821396268832554], [-56.08104638871249, -14.821396268832554], [-56.08104638871249, -14.811503731167445]]], [[[-56.08459632021925, -14.808603731167448], [-56.074363679780745, -14.808603731167448], [-56.074363679780745, -14.81849626883255], [-56.08459632021925, -14.81849626883255], [-56.08459632021925, -14.808603731167448]]], [[[-56.08814625174095, -14.80570373116745], [-56.07791374825904, -14.80570373116745], [-56.07791374825904, -14.815596268832556], [-56.08814625174095, -14.815596268832556], [-56.08814625174095, -14.80570373116745]]], [[[-56.09169618304154, -14.802793731167451], [-56.081463816958454, -14.802793731167451], [-56.081463816958454, -14.812686268832554], [-56.09169618304154, -14.812686268832554], [-56.09169618304154, -14.802793731167451]]], [[[-56.074096505421586, -14.81644373116745], [-56.06386349457842, -14.81644373116745], [-56.06386349457842, -14.826336268832552], [-56.074096505421586, -14.826336268832552], [-56.074096505421586, -14.81644373116745]]], [[[-56.07743657915493, -14.819563731167442], [-56.06720342084507, -14.819563731167442], [-56.06720342084507, -14.829456268832551], [-56.07743657915493, -14.829456268832551], [-56.07743657915493, -14.819563731167442]]], [[[-56.070746431469296, -14.81331373116745], [-56.06051356853071, -14.81331373116745], [-56.06051356853071, -14.823206268832552], [-56.070746431469296, -14.823206268832552], [-56.070746431469296, -14.81331373116745]]], [[[-56.06740635777059, -14.810193731167447], [-56.05717364222941, -14.810193731167447], [-56.05717364222941, -14.820086268832556], [-56.06740635777059, -14.820086268832556], [-56.06740635777059, -14.810193731167447]]], [[[-56.06406628385306, -14.807063731167446], [-56.05383371614695, -14.807063731167446], [-56.05383371614695, -14.816956268832556], [-56.06406628385306, -14.816956268832556], [-56.06406628385306, -14.807063731167446]]], [[[-56.09153644966041, -14.814083731167447], [-56.08130355033958, -14.814083731167447], [-56.08130355033958, -14.823976268832553], [-56.09153644966041, -14.823976268832553], [-56.09153644966041, -14.814083731167447]]], [[[-56.09317654890325, -14.818283731167448], [-56.08294345109674, -14.818283731167448], [-56.08294345109674, -14.828176268832554], [-56.09317654890325, -14.828176268832554], [-56.09317654890325, -14.818283731167448]]], [[[-56.10393618044496, -14.802683731167447], [-56.09370381955505, -14.802683731167447], [-56.09370381955505, -14.812576268832554], [-56.10393618044496, -14.812576268832554], [-56.10393618044496, -14.802683731167447]]], [[[-56.11855635588111, -14.810113731167448], [-56.10832364411888, -14.810113731167448], [-56.10832364411888, -14.820006268832554], [-56.11855635588111, -14.820006268832554], [-56.11855635588111, -14.810113731167448]]], [[[-56.12119644328159, -14.813813731167444], [-56.11096355671841, -14.813813731167444], [-56.11096355671841, -14.823706268832552], [-56.12119644328159, -14.823706268832552], [-56.12119644328159, -14.813813731167444]]], [[[-56.11591626850495, -14.806413731167446], [-56.10568373149505, -14.806413731167446], [-56.10568373149505, -14.816306268832552], [-56.11591626850495, -14.816306268832552], [-56.11591626850495, -14.806413731167446]]], [[[-56.10799600628646, -14.795303731167447], [-56.09776399371353, -14.795303731167447], [-56.09776399371353, -14.805196268832555], [-56.10799600628646, -14.805196268832555], [-56.10799600628646, -14.795303731167447]]], [[[-56.117595948255136, -14.79284373116745], [-56.10736405174486, -14.79284373116745], [-56.10736405174486, -14.802736268832552], [-56.117595948255136, -14.802736268832552], [-56.117595948255136, -14.79284373116745]]], [[[-56.122245943773486, -14.792653731167446], [-56.11201405622651, -14.792653731167446], [-56.11201405622651, -14.80254626883255], [-56.122245943773486, -14.80254626883255], [-56.122245943773486, -14.792653731167446]]], [[[-56.126885939527774, -14.792473731167446], [-56.11665406047222, -14.792473731167446], [-56.11665406047222, -14.802366268832552], [-56.126885939527774, -14.802366268832552], [-56.126885939527774, -14.792473731167446]]], [[[-56.13030589825301, -14.790723731167445], [-56.12007410174699, -14.790723731167445], [-56.12007410174699, -14.800616268832552], [-56.13030589825301, -14.800616268832552], [-56.13030589825301, -14.790723731167445]]], [[[-56.13320598104387, -14.794233731167447], [-56.12297401895612, -14.794233731167447], [-56.12297401895612, -14.804126268832555], [-56.13320598104387, -14.804126268832555], [-56.13320598104387, -14.794233731167447]]], [[[-56.127395815248256, -14.787203731167445], [-56.11716418475175, -14.787203731167445], [-56.11716418475175, -14.79709626883255], [-56.127395815248256, -14.79709626883255], [-56.127395815248256, -14.787203731167445]]], [[[-56.1433956163151, -14.77876373116745], [-56.133164383684914, -14.77876373116745], [-56.133164383684914, -14.788656268832554], [-56.1433956163151, -14.788656268832554], [-56.1433956163151, -14.77876373116745]]], [[[-56.144775717651484, -14.783063731167449], [-56.13454428234851, -14.783063731167449], [-56.13454428234851, -14.792956268832555], [-56.144775717651484, -14.792956268832555], [-56.144775717651484, -14.783063731167449]]], [[[-56.137885212003695, -14.761593731167451], [-56.1276547879963, -14.761593731167451], [-56.1276547879963, -14.771486268832557], [-56.137885212003695, -14.771486268832557], [-56.137885212003695, -14.761593731167451]]], [[[-56.13651511083117, -14.757293731167445], [-56.12628488916883, -14.757293731167445], [-56.12628488916883, -14.767186268832555], [-56.13651511083117, -14.767186268832555], [-56.13651511083117, -14.757293731167445]]], [[[-56.13237480798048, -14.744413731167448], [-56.12214519201952, -14.744413731167448], [-56.12214519201952, -14.754306268832554], [-56.13237480798048, -14.754306268832554], [-56.13237480798048, -14.744413731167448]]], [[[-56.1594754233954, -14.770573731167447], [-56.1492445766046, -14.770573731167447], [-56.1492445766046, -14.780466268832557], [-56.1594754233954, -14.780466268832557], [-56.1594754233954, -14.770573731167447]]], [[[-56.161615517367046, -14.774563731167442], [-56.15138448263296, -14.774563731167442], [-56.15138448263296, -14.784456268832551], [-56.161615517367046, -14.784456268832551], [-56.161615517367046, -14.774563731167442]]], [[[-56.16374561136694, -14.778553731167445], [-56.153514388633056, -14.778553731167445], [-56.153514388633056, -14.788446268832555], [-56.16374561136694, -14.788446268832555], [-56.16374561136694, -14.778553731167445]]], [[[-56.16588570563081, -14.782553731167445], [-56.1556542943692, -14.782553731167445], [-56.1556542943692, -14.79244626883255], [-56.16588570563081, -14.79244626883255], [-56.16588570563081, -14.782553731167445]]], [[[-56.16802579968731, -14.786543731167448], [-56.157794200312686, -14.786543731167448], [-56.157794200312686, -14.796436268832554], [-56.16802579968731, -14.796436268832554], [-56.16802579968731, -14.786543731167448]]], [[[-56.150935047321006, -14.754593731167446], [-56.140704952679, -14.754593731167446], [-56.140704952679, -14.764486268832549], [-56.150935047321006, -14.764486268832549], [-56.150935047321006, -14.754593731167446]]], [[[-56.148794953255646, -14.750593731167449], [-56.13856504674436, -14.750593731167449], [-56.13856504674436, -14.760486268832551], [-56.148794953255646, -14.760486268832551], [-56.148794953255646, -14.750593731167449]]], [[[-56.14452476568007, -14.742613731167449], [-56.134295234319936, -14.742613731167449], [-56.134295234319936, -14.752506268832555], [-56.14452476568007, -14.752506268832555], [-56.14452476568007, -14.742613731167449]]], [[[-56.16650511694764, -14.75755373116745], [-56.156274883052355, -14.75755373116745], [-56.156274883052355, -14.767446268832556], [-56.16650511694764, -14.767446268832556], [-56.16650511694764, -14.75755373116745]]], [[[-56.171065095775745, -14.756653731167447], [-56.16083490422426, -14.756653731167447], [-56.16083490422426, -14.766546268832553], [-56.171065095775745, -14.766546268832553], [-56.171065095775745, -14.756653731167447]]], [[[-56.16194513812099, -14.758453731167446], [-56.151714861879015, -14.758453731167446], [-56.151714861879015, -14.768346268832556], [-56.16194513812099, -14.768346268832556], [-56.16194513812099, -14.758453731167446]]], [[[-56.175615074840486, -14.755763731167448], [-56.16538492515951, -14.755763731167448], [-56.16538492515951, -14.765656268832554], [-56.175615074840486, -14.765656268832554], [-56.175615074840486, -14.755763731167448]]], [[[-56.15739515906049, -14.759343731167448], [-56.14716484093951, -14.759343731167448], [-56.14716484093951, -14.769236268832554], [-56.15739515906049, -14.769236268832554], [-56.15739515906049, -14.759343731167448]]], [[[-56.148275201414336, -14.76114373116745], [-56.13804479858567, -14.76114373116745], [-56.13804479858567, -14.771036268832551], [-56.148275201414336, -14.771036268832551], [-56.148275201414336, -14.76114373116745]]], [[[-56.143725222358086, -14.762033731167445], [-56.133494777641914, -14.762033731167445], [-56.133494777641914, -14.771926268832553], [-56.143725222358086, -14.771926268832553], [-56.143725222358086, -14.762033731167445]]], [[[-56.13916524353859, -14.762933731167447], [-56.12893475646142, -14.762933731167447], [-56.12893475646142, -14.772826268832553], [-56.13916524353859, -14.772826268832553], [-56.13916524353859, -14.762933731167447]]], [[[-56.157854820906756, -14.744963731167447], [-56.14762517909325, -14.744963731167447], [-56.14762517909325, -14.754856268832553], [-56.157854820906756, -14.754856268832553], [-56.157854820906756, -14.744963731167447]]], [[[-56.16180487708351, -14.747353731167449], [-56.151575122916476, -14.747353731167449], [-56.151575122916476, -14.757246268832553], [-56.16180487708351, -14.757246268832553], [-56.16180487708351, -14.747353731167449]]], [[[-56.153914764975106, -14.742583731167445], [-56.14368523502489, -14.742583731167445], [-56.14368523502489, -14.752476268832554], [-56.153914764975106, -14.752476268832554], [-56.153914764975106, -14.742583731167445]]], [[[-56.17368463082714, -14.73687373116745], [-56.163455369172866, -14.73687373116745], [-56.163455369172866, -14.746766268832555], [-56.17368463082714, -14.746766268832555], [-56.17368463082714, -14.73687373116745]]], [[[-56.17680470905351, -14.74020373116745], [-56.16657529094648, -14.74020373116745], [-56.16657529094648, -14.750096268832555], [-56.17680470905351, -14.750096268832555], [-56.17680470905351, -14.74020373116745]]], [[[-56.18753434956276, -14.724893731167448], [-56.17730565043724, -14.724893731167448], [-56.17730565043724, -14.734786268832558], [-56.18753434956276, -14.734786268832558], [-56.18753434956276, -14.724893731167448]]], [[[-56.190994419972355, -14.727893731167445], [-56.18076558002764, -14.727893731167445], [-56.18076558002764, -14.737786268832549], [-56.190994419972355, -14.737786268832549], [-56.190994419972355, -14.727893731167445]]], [[[-56.18406427940375, -14.72190373116745], [-56.17383572059625, -14.72190373116745], [-56.17383572059625, -14.73179626883255], [-56.18406427940375, -14.73179626883255], [-56.18406427940375, -14.72190373116745]]], [[[-56.19446449016313, -14.730883731167445], [-56.18423550983687, -14.730883731167445], [-56.18423550983687, -14.740776268832553], [-56.19446449016313, -14.740776268832553], [-56.19446449016313, -14.730883731167445]]], [[[-56.19793456060459, -14.733883731167444], [-56.1877054393954, -14.733883731167444], [-56.1877054393954, -14.743776268832551], [-56.19793456060459, -14.743776268832551], [-56.19793456060459, -14.733883731167444]]], [[[-56.15978378779746, -14.700933731167448], [-56.14955621220255, -14.700933731167448], [-56.14955621220255, -14.710826268832555], [-56.15978378779746, -14.710826268832555], [-56.15978378779746, -14.700933731167448]]], [[[-56.201494074648906, -14.71317373116745], [-56.1912659253511, -14.71317373116745], [-56.1912659253511, -14.723066268832554], [-56.201494074648906, -14.723066268832554], [-56.201494074648906, -14.71317373116745]]], [[[-56.19883398814367, -14.709483731167447], [-56.18860601185633, -14.709483731167447], [-56.18860601185633, -14.719376268832553], [-56.19883398814367, -14.719376268832553], [-56.19883398814367, -14.709483731167447]]], [[[-56.2068242474972, -14.72054373116745], [-56.1965957525028, -14.72054373116745], [-56.1965957525028, -14.730436268832555], [-56.2068242474972, -14.730436268832555], [-56.2068242474972, -14.72054373116745]]], [[[-56.2190240111156, -14.710463731167449], [-56.2087959888844, -14.710463731167449], [-56.2087959888844, -14.720356268832553], [-56.2190240111156, -14.720356268832553], [-56.2190240111156, -14.710463731167449]]], [[[-56.219164116386345, -14.714953731167448], [-56.20893588361365, -14.714953731167448], [-56.20893588361365, -14.724846268832557], [-56.219164116386345, -14.724846268832557], [-56.219164116386345, -14.714953731167448]]], [[[-56.218883905880595, -14.705973731167449], [-56.2086560941194, -14.705973731167449], [-56.2086560941194, -14.715866268832555], [-56.218883905880595, -14.715866268832555], [-56.218883905880595, -14.705973731167449]]], [[[-56.21930422192741, -14.71945373116745], [-56.2090757780726, -14.71945373116745], [-56.2090757780726, -14.729346268832554], [-56.21930422192741, -14.729346268832554], [-56.21930422192741, -14.71945373116745]]], [[[-56.21874380044707, -14.701473731167445], [-56.20851619955294, -14.701473731167445], [-56.20851619955294, -14.71136626883255], [-56.21874380044707, -14.71136626883255], [-56.21874380044707, -14.701473731167445]]], [[[-56.21944432726972, -14.723943731167449], [-56.20921567273028, -14.723943731167449], [-56.20921567273028, -14.733836268832551], [-56.21944432726972, -14.733836268832551], [-56.21944432726972, -14.723943731167449]]], [[[-56.218603695283605, -14.696983731167446], [-56.208376304716396, -14.696983731167446], [-56.208376304716396, -14.706876268832554], [-56.218603695283605, -14.706876268832554], [-56.218603695283605, -14.696983731167446]]], [[[-56.21958443288251, -14.728443731167447], [-56.20935556711749, -14.728443731167447], [-56.20935556711749, -14.738336268832553], [-56.21958443288251, -14.738336268832553], [-56.21958443288251, -14.728443731167447]]], [[[-56.21845358992178, -14.692483731167448], [-56.208226410078225, -14.692483731167448], [-56.208226410078225, -14.702376268832555], [-56.21845358992178, -14.702376268832555], [-56.21845358992178, -14.692483731167448]]], [[[-56.21831348482985, -14.687993731167447], [-56.20808651517016, -14.687993731167447], [-56.20808651517016, -14.69788626883255], [-56.21831348482985, -14.69788626883255], [-56.21831348482985, -14.687993731167447]]], [[[-56.21817337953971, -14.683493731167447], [-56.207946620460305, -14.683493731167447], [-56.207946620460305, -14.693386268832555], [-56.21817337953971, -14.693386268832555], [-56.21817337953971, -14.683493731167447]]], [[[-56.218033274519286, -14.679003731167445], [-56.20780672548071, -14.679003731167445], [-56.20780672548071, -14.688896268832549], [-56.218033274519286, -14.688896268832549], [-56.218033274519286, -14.679003731167445]]], [[[-56.217893169300815, -14.674503731167446], [-56.20766683069919, -14.674503731167446], [-56.20766683069919, -14.684396268832554], [-56.217893169300815, -14.684396268832554], [-56.217893169300815, -14.674503731167446]]]]}}, {"type": "Feature", "properties": {"hand_max_m": 15.0, "n_celulas": 252, "rotulo": "HAND ≤ 15 m (proxy SRTM)"}, "geometry": {"type": "MultiPolygon", "coordinates": [[[[-55.77734779208447, -14.870783731167451], [-55.76711220791553, -14.870783731167451], [-55.76711220791553, -14.880676268832556], [-55.77734779208447, -14.880676268832556], [-55.77734779208447, -14.870783731167451]]], [[[-55.77982788249467, -14.874593731167442], [-55.76959211750533, -14.874593731167442], [-55.76959211750533, -14.884486268832552], [-55.77982788249467, -14.884486268832552], [-55.77982788249467, -14.874593731167442]]], [[[-55.774877701700085, -14.86697373116745], [-55.764642298299904, -14.86697373116745], [-55.764642298299904, -14.87686626883255], [-55.774877701700085, -14.87686626883255], [-55.774877701700085, -14.86697373116745]]], [[[-55.78230797269329, -14.87839373116745], [-55.772072027306706, -14.87839373116745], [-55.772072027306706, -14.888286268832555], [-55.78230797269329, -14.888286268832555], [-55.78230797269329, -14.87839373116745]]], [[[-55.77239761157867, -14.863173731167448], [-55.76216238842133, -14.863173731167448], [-55.76216238842133, -14.873066268832554], [-55.77239761157867, -14.873066268832554], [-55.77239761157867, -14.863173731167448]]], [[[-55.769917521245866, -14.859363731167441], [-55.75968247875414, -14.859363731167441], [-55.75968247875414, -14.869256268832553], [-55.769917521245866, -14.869256268832553], [-55.769917521245866, -14.859363731167441]]], [[[-55.79469767679556, -14.865923731167445], [-55.78446232320445, -14.865923731167445], [-55.78446232320445, -14.875816268832557], [-55.79469767679556, -14.875816268832557], [-55.79469767679556, -14.865923731167445]]], [[[-55.80684756320829, -14.861133731167445], [-55.79661243679171, -14.861133731167445], [-55.79661243679171, -14.871026268832557], [-55.80684756320829, -14.871026268832557], [-55.80684756320829, -14.861133731167445]]], [[[-55.810677623672426, -14.863683731167447], [-55.80044237632758, -14.863683731167447], [-55.80044237632758, -14.87357626883255], [-55.810677623672426, -14.87357626883255], [-55.810677623672426, -14.863683731167447]]], [[[-55.80301750251868, -14.85857373116745], [-55.792782497481326, -14.85857373116745], [-55.792782497481326, -14.868466268832556], [-55.80301750251868, -14.868466268832556], [-55.80301750251868, -14.85857373116745]]], [[[-55.814497684385294, -14.866243731167447], [-55.8042623156147, -14.866243731167447], [-55.8042623156147, -14.876136268832553], [-55.814497684385294, -14.876136268832553], [-55.814497684385294, -14.866243731167447]]], [[[-55.818327744872605, -14.868793731167445], [-55.808092255127384, -14.868793731167445], [-55.808092255127384, -14.878686268832553], [-55.818327744872605, -14.878686268832553], [-55.818327744872605, -14.868793731167445]]], [[[-55.814417404396856, -14.854433731167447], [-55.804182595603145, -14.854433731167447], [-55.804182595603145, -14.864326268832553], [-55.814417404396856, -14.864326268832553], [-55.814417404396856, -14.854433731167447]]], [[[-55.81893742951693, -14.855493731167448], [-55.80870257048307, -14.855493731167448], [-55.80870257048307, -14.86538626883255], [-55.81893742951693, -14.86538626883255], [-55.81893742951693, -14.855493731167448]]], [[[-55.83249750465209, -14.858663731167447], [-55.8222624953479, -14.858663731167447], [-55.8222624953479, -14.868556268832554], [-55.83249750465209, -14.868556268832554], [-55.83249750465209, -14.858663731167447]]], [[[-55.81921701931477, -14.838173731167451], [-55.808982980685236, -14.838173731167451], [-55.808982980685236, -14.848066268832556], [-55.81921701931477, -14.848066268832556], [-55.81921701931477, -14.838173731167451]]], [[[-55.81770711992124, -14.842423731167449], [-55.80747288007877, -14.842423731167449], [-55.80747288007877, -14.852316268832551], [-55.81770711992124, -14.852316268832551], [-55.81770711992124, -14.842423731167449]]], [[[-55.816187220559804, -14.846673731167451], [-55.8059527794402, -14.846673731167451], [-55.8059527794402, -14.856566268832555], [-55.816187220559804, -14.856566268832555], [-55.816187220559804, -14.846673731167451]]], [[[-55.814667321230495, -14.850923731167446], [-55.80443267876951, -14.850923731167446], [-55.80443267876951, -14.860816268832554], [-55.814667321230495, -14.860816268832554], [-55.814667321230495, -14.850923731167446]]], [[[-55.813157421933305, -14.855173731167447], [-55.80292257806669, -14.855173731167447], [-55.80292257806669, -14.865066268832553], [-55.813157421933305, -14.865066268832553], [-55.813157421933305, -14.855173731167447]]], [[[-55.81163752290529, -14.859433731167448], [-55.80140247709471, -14.859433731167448], [-55.80140247709471, -14.869326268832555], [-55.81163752290529, -14.869326268832555], [-55.81163752290529, -14.859433731167448]]], [[[-55.810117623672426, -14.863683731167447], [-55.79988237632758, -14.863683731167447], [-55.79988237632758, -14.87357626883255], [-55.810117623672426, -14.87357626883255], [-55.810117623672426, -14.863683731167447]]], [[[-55.80860772447167, -14.86793373116745], [-55.79837227552832, -14.86793373116745], [-55.79837227552832, -14.877826268832557], [-55.80860772447167, -14.877826268832557], [-55.80860772447167, -14.86793373116745]]], [[[-55.83132727408893, -14.848933731167445], [-55.82109272591107, -14.848933731167445], [-55.82109272591107, -14.858826268832555], [-55.83132727408893, -14.858826268832555], [-55.83132727408893, -14.848933731167445]]], [[[-55.827647339236165, -14.851683731167448], [-55.817412660763836, -14.851683731167448], [-55.817412660763836, -14.861576268832554], [-55.827647339236165, -14.861576268832554], [-55.827647339236165, -14.851683731167448]]], [[[-55.835007208955126, -14.846183731167446], [-55.824772791044865, -14.846183731167446], [-55.824772791044865, -14.856076268832553], [-55.835007208955126, -14.856076268832553], [-55.835007208955126, -14.846183731167446]]], [[[-55.83868714383478, -14.843433731167451], [-55.82845285616522, -14.843433731167451], [-55.82845285616522, -14.853326268832557], [-55.83868714383478, -14.853326268832557], [-55.83868714383478, -14.843433731167451]]], [[[-55.81292759995962, -14.862683731167449], [-55.80269240004039, -14.862683731167449], [-55.80269240004039, -14.872576268832553], [-55.81292759995962, -14.872576268832553], [-55.81292759995962, -14.862683731167449]]], [[[-55.84972694855441, -14.83518373116745], [-55.839493051445594, -14.83518373116745], [-55.839493051445594, -14.845076268832553], [-55.84972694855441, -14.845076268832553], [-55.84972694855441, -14.83518373116745]]], [[[-55.853406883487835, -14.832433731167448], [-55.84317311651216, -14.832433731167448], [-55.84317311651216, -14.84232626883255], [-55.853406883487835, -14.84232626883255], [-55.853406883487835, -14.832433731167448]]], [[[-55.80556773063926, -14.868193731167445], [-55.79533226936074, -14.868193731167445], [-55.79533226936074, -14.878086268832554], [-55.80556773063926, -14.878086268832554], [-55.80556773063926, -14.868193731167445]]], [[[-55.85708681843471, -14.829683731167446], [-55.846853181565294, -14.829683731167446], [-55.846853181565294, -14.839576268832554], [-55.85708681843471, -14.839576268832554], [-55.85708681843471, -14.829683731167446]]], [[[-55.80188779588071, -14.870943731167447], [-55.7916522041193, -14.870943731167447], [-55.7916522041193, -14.88083626883255], [-55.80188779588071, -14.88083626883255], [-55.80188779588071, -14.870943731167447]]], [[[-55.83961725206036, -14.848003731167445], [-55.82938274793965, -14.848003731167445], [-55.82938274793965, -14.857896268832551], [-55.83961725206036, -14.857896268832551], [-55.83961725206036, -14.848003731167445]]], [[[-55.84425724305988, -14.84762373116745], [-55.83402275694013, -14.84762373116745], [-55.83402275694013, -14.857516268832557], [-55.84425724305988, -14.857516268832557], [-55.84425724305988, -14.84762373116745]]], [[[-55.83497726082423, -14.848373731167445], [-55.824742739175775, -14.848373731167445], [-55.824742739175775, -14.858266268832551], [-55.83497726082423, -14.858266268832551], [-55.83497726082423, -14.848373731167445]]], [[[-55.84888723405966, -14.847243731167445], [-55.838652765940346, -14.847243731167445], [-55.838652765940346, -14.857136268832551], [-55.84888723405966, -14.857136268832551], [-55.84888723405966, -14.847243731167445]]], [[[-55.83034726982521, -14.848753731167447], [-55.82011273017479, -14.848753731167447], [-55.82011273017479, -14.858646268832553], [-55.83034726982521, -14.858646268832553], [-55.83034726982521, -14.848753731167447]]], [[[-55.85352722529653, -14.846873731167447], [-55.84329277470347, -14.846873731167447], [-55.84329277470347, -14.856766268832551], [-55.85352722529653, -14.856766268832551], [-55.85352722529653, -14.846873731167447]]], [[[-55.82570727882646, -14.849133731167449], [-55.81547272117355, -14.849133731167449], [-55.81547272117355, -14.859026268832553], [-55.82570727882646, -14.859026268832553], [-55.82570727882646, -14.849133731167449]]], [[[-55.85815721629682, -14.846493731167445], [-55.84792278370319, -14.846493731167445], [-55.84792278370319, -14.85638626883255], [-55.85815721629682, -14.85638626883255], [-55.85815721629682, -14.846493731167445]]], [[[-55.821077287591066, -14.849503731167445], [-55.81084271240893, -14.849503731167445], [-55.81084271240893, -14.859396268832553], [-55.821077287591066, -14.859396268832553], [-55.821077287591066, -14.849503731167445]]], [[[-55.86279720729736, -14.84611373116745], [-55.85256279270265, -14.84611373116745], [-55.85256279270265, -14.856006268832552], [-55.86279720729736, -14.856006268832552], [-55.86279720729736, -14.84611373116745]]], [[[-55.816437296592824, -14.849883731167447], [-55.80620270340719, -14.849883731167447], [-55.80620270340719, -14.859776268832555], [-55.816437296592824, -14.859776268832555], [-55.816437296592824, -14.849883731167447]]], [[[-55.867427198534976, -14.84574373116745], [-55.85719280146503, -14.84574373116745], [-55.85719280146503, -14.855636268832555], [-55.867427198534976, -14.855636268832555], [-55.867427198534976, -14.84574373116745]]], [[[-55.811807305594826, -14.850263731167445], [-55.80157269440518, -14.850263731167445], [-55.80157269440518, -14.860156268832549], [-55.811807305594826, -14.860156268832549], [-55.811807305594826, -14.850263731167445]]], [[[-55.872067189536025, -14.845363731167446], [-55.86183281046399, -14.845363731167446], [-55.86183281046399, -14.855256268832553], [-55.872067189536025, -14.855256268832553], [-55.872067189536025, -14.845363731167446]]], [[[-55.876697180537334, -14.844983731167448], [-55.866462819462676, -14.844983731167448], [-55.866462819462676, -14.854876268832554], [-55.876697180537334, -14.854876268832554], [-55.876697180537334, -14.844983731167448]]], [[[-55.84550731554471, -14.850683731167445], [-55.8352726844553, -14.850683731167445], [-55.8352726844553, -14.860576268832551], [-55.84550731554471, -14.860576268832551], [-55.84550731554471, -14.850683731167445]]], [[[-55.849087247560085, -14.847813731167449], [-55.83885275243991, -14.847813731167449], [-55.83885275243991, -14.857706268832551], [-55.849087247560085, -14.857706268832551], [-55.849087247560085, -14.847813731167449]]], [[[-55.852667179590114, -14.844943731167445], [-55.84243282040989, -14.844943731167445], [-55.84243282040989, -14.854836268832551], [-55.852667179590114, -14.854836268832551], [-55.852667179590114, -14.844943731167445]]], [[[-55.85624711163479, -14.842073731167446], [-55.846012888365216, -14.842073731167446], [-55.846012888365216, -14.85196626883255], [-55.85624711163479, -14.85196626883255], [-55.85624711163479, -14.842073731167446]]], [[[-55.85982704369409, -14.83920373116745], [-55.849592956305905, -14.83920373116745], [-55.849592956305905, -14.84909626883255], [-55.85982704369409, -14.84909626883255], [-55.85982704369409, -14.83920373116745]]], [[[-55.863416975768054, -14.836333731167443], [-55.853183024231946, -14.836333731167443], [-55.853183024231946, -14.84622626883255], [-55.863416975768054, -14.84622626883255], [-55.863416975768054, -14.836333731167443]]], [[[-55.86699690785665, -14.833463731167448], [-55.85676309214335, -14.833463731167448], [-55.85676309214335, -14.843356268832554], [-55.86699690785665, -14.843356268832554], [-55.86699690785665, -14.833463731167448]]], [[[-55.85804709482579, -14.84136373116745], [-55.84781290517421, -14.84136373116745], [-55.84781290517421, -14.851256268832556], [-55.85804709482579, -14.851256268832556], [-55.85804709482579, -14.84136373116745]]], [[[-55.85982719332502, -14.845523731167448], [-55.84959280667498, -14.845523731167448], [-55.84959280667498, -14.85541626883255], [-55.85982719332502, -14.85541626883255], [-55.85982719332502, -14.845523731167448]]], [[[-55.85626699659399, -14.837213731167449], [-55.846033003406006, -14.837213731167449], [-55.846033003406006, -14.847106268832555], [-55.85626699659399, -14.847106268832555], [-55.85626699659399, -14.837213731167449]]], [[[-55.854486898156225, -14.83305373116744], [-55.84425310184378, -14.83305373116744], [-55.84425310184378, -14.842946268832549], [-55.854486898156225, -14.842946268832549], [-55.854486898156225, -14.83305373116744]]], [[[-55.85270679998572, -14.828903731167447], [-55.842473200014275, -14.828903731167447], [-55.842473200014275, -14.838796268832555], [-55.85270679998572, -14.838796268832555], [-55.85270679998572, -14.828903731167447]]], [[[-55.8710569755314, -14.836323731167445], [-55.8608230244686, -14.836323731167445], [-55.8608230244686, -14.846216268832553], [-55.8710569755314, -14.846216268832553], [-55.8710569755314, -14.836323731167445]]], [[[-55.86854706523467, -14.840113731167447], [-55.85831293476532, -14.840113731167447], [-55.85831293476532, -14.850006268832555], [-55.86854706523467, -14.850006268832555], [-55.86854706523467, -14.840113731167447]]], [[[-55.88618708535634, -14.840963731167445], [-55.87595291464367, -14.840963731167445], [-55.87595291464367, -14.850856268832551], [-55.88618708535634, -14.850856268832551], [-55.88618708535634, -14.840963731167445]]], [[[-55.88854699375401, -14.837093731167448], [-55.87831300624599, -14.837093731167448], [-55.87831300624599, -14.84698626883255], [-55.88854699375401, -14.84698626883255], [-55.88854699375401, -14.837093731167448]]], [[[-55.881447268640855, -14.848703731167449], [-55.87121273135915, -14.848703731167449], [-55.87121273135915, -14.858596268832555], [-55.881447268640855, -14.858596268832555], [-55.881447268640855, -14.848703731167449]]], [[[-55.900987335445414, -14.851523731167445], [-55.89075266455458, -14.851523731167445], [-55.89075266455458, -14.861416268832548], [-55.900987335445414, -14.861416268832548], [-55.900987335445414, -14.851523731167445]]], [[[-55.898987431649864, -14.855583731167446], [-55.88875256835014, -14.855583731167446], [-55.88875256835014, -14.865476268832555], [-55.898987431649864, -14.865476268832555], [-55.898987431649864, -14.855583731167446]]], [[[-55.902987239270274, -14.847463731167448], [-55.89275276072972, -14.847463731167448], [-55.89275276072972, -14.857356268832554], [-55.902987239270274, -14.857356268832554], [-55.902987239270274, -14.847463731167448]]], [[[-55.91670752266823, -14.85942373116745], [-55.90647247733177, -14.85942373116745], [-55.90647247733177, -14.869316268832552], [-55.91670752266823, -14.869316268832552], [-55.91670752266823, -14.85942373116745]]], [[[-55.91302758786677, -14.862173731167445], [-55.90279241213323, -14.862173731167445], [-55.90279241213323, -14.872066268832551], [-55.91302758786677, -14.872066268832551], [-55.91302758786677, -14.862173731167445]]], [[[-55.92038745748314, -14.856673731167447], [-55.91015254251686, -14.856673731167447], [-55.91015254251686, -14.86656626883255], [-55.92038745748314, -14.86656626883255], [-55.92038745748314, -14.856673731167447]]], [[[-55.93048763884955, -14.864323731167447], [-55.92025236115045, -14.864323731167447], [-55.92025236115045, -14.874216268832553], [-55.93048763884955, -14.874216268832553], [-55.93048763884955, -14.864323731167447]]], [[[-55.9288077382303, -14.868513731167445], [-55.9185722617697, -14.868513731167445], [-55.9185722617697, -14.878406268832553], [-55.9288077382303, -14.878406268832553], [-55.9288077382303, -14.868513731167445]]], [[[-55.947907759818314, -14.869423731167448], [-55.93767224018168, -14.869423731167448], [-55.93767224018168, -14.879316268832554], [-55.947907759818314, -14.879316268832554], [-55.947907759818314, -14.869423731167448]]], [[[-55.96165747241526, -14.857303731167445], [-55.95142252758474, -14.857303731167445], [-55.95142252758474, -14.867196268832553], [-55.96165747241526, -14.867196268832553], [-55.96165747241526, -14.857303731167445]]], [[[-55.96413780608331, -14.871373731167449], [-55.9539021939167, -14.871373731167449], [-55.9539021939167, -14.881266268832551], [-55.96413780608331, -14.881266268832551], [-55.96413780608331, -14.871373731167449]]], [[[-55.96117772399725, -14.867913731167445], [-55.950942276002756, -14.867913731167445], [-55.950942276002756, -14.877806268832554], [-55.96117772399725, -14.877806268832554], [-55.96117772399725, -14.867913731167445]]], [[[-55.97917782103191, -14.872003731167446], [-55.96894217896809, -14.872003731167446], [-55.96894217896809, -14.881896268832556], [-55.97917782103191, -14.881896268832556], [-55.97917782103191, -14.872003731167446]]], [[[-55.975347881545346, -14.874553731167447], [-55.96511211845466, -14.874553731167447], [-55.96511211845466, -14.884446268832553], [-55.975347881545346, -14.884446268832553], [-55.975347881545346, -14.874553731167447]]], [[[-55.99265808120304, -14.882963731167445], [-55.982421918796966, -14.882963731167445], [-55.982421918796966, -14.892856268832553], [-55.99265808120304, -14.892856268832553], [-55.99265808120304, -14.882963731167445]]], [[[-55.98852813060271, -14.885043731167446], [-55.97829186939729, -14.885043731167446], [-55.97829186939729, -14.894936268832552], [-55.98852813060271, -14.894936268832552], [-55.98852813060271, -14.885043731167446]]], [[[-55.98440817977253, -14.887113731167448], [-55.974171820227475, -14.887113731167448], [-55.974171820227475, -14.897006268832554], [-55.98440817977253, -14.897006268832554], [-55.98440817977253, -14.887113731167448]]], [[[-56.00503793352495, -14.876743731167446], [-55.99480206647506, -14.876743731167446], [-55.99480206647506, -14.88663626883255], [-56.00503793352495, -14.88663626883255], [-56.00503793352495, -14.876743731167446]]], [[[-56.009167884155985, -14.874663731167447], [-55.99893211584401, -14.874663731167447], [-55.99893211584401, -14.884556268832554], [-56.009167884155985, -14.884556268832554], [-56.009167884155985, -14.874663731167447]]], [[[-56.013297834794734, -14.872583731167447], [-56.00306216520528, -14.872583731167447], [-56.00306216520528, -14.882476268832555], [-56.013297834794734, -14.882476268832555], [-56.013297834794734, -14.872583731167447]]], [[[-56.01741778567843, -14.87051373116745], [-56.00718221432158, -14.87051373116745], [-56.00718221432158, -14.880406268832552], [-56.01741778567843, -14.880406268832552], [-56.01741778567843, -14.87051373116745]]], [[[-56.0256776872315, -14.866363731167445], [-56.0154423127685, -14.866363731167445], [-56.0154423127685, -14.876256268832554], [-56.0256776872315, -14.876256268832554], [-56.0256776872315, -14.866363731167445]]], [[[-56.006438274570655, -14.89110373116745], [-55.996201725429344, -14.89110373116745], [-55.996201725429344, -14.900996268832552], [-56.006438274570655, -14.900996268832552], [-56.006438274570655, -14.89110373116745]]], [[[-56.00183829072955, -14.891783731167447], [-55.991601709270455, -14.891783731167447], [-55.991601709270455, -14.901676268832553], [-56.00183829072955, -14.901676268832553], [-56.00183829072955, -14.891783731167447]]], [[[-56.01103825865019, -14.890433731167443], [-56.00080174134981, -14.890433731167443], [-56.00080174134981, -14.90032626883255], [-56.01103825865019, -14.90032626883255], [-56.01103825865019, -14.890433731167443]]], [[[-55.99723830688927, -14.892463731167451], [-55.987001693110734, -14.892463731167451], [-55.987001693110734, -14.902356268832557], [-55.99723830688927, -14.902356268832557], [-55.99723830688927, -14.892463731167451]]], [[[-56.01563824249293, -14.889753731167442], [-56.00540175750707, -14.889753731167442], [-56.00540175750707, -14.89964626883255], [-56.01563824249293, -14.89964626883255], [-56.01563824249293, -14.889753731167442]]], [[[-56.02023822633649, -14.889073731167446], [-56.01000177366352, -14.889073731167446], [-56.01000177366352, -14.898966268832556], [-56.02023822633649, -14.898966268832556], [-56.02023822633649, -14.889073731167446]]], [[[-56.0201983803313, -14.895553731167443], [-56.009961619668694, -14.895553731167443], [-56.009961619668694, -14.905446268832552], [-56.0201983803313, -14.905446268832552], [-56.0201983803313, -14.895553731167443]]], [[[-56.01860827979844, -14.891323731167448], [-56.00837172020156, -14.891323731167448], [-56.00837172020156, -14.901216268832552], [-56.01860827979844, -14.901216268832552], [-56.01860827979844, -14.891323731167448]]], [[[-56.02339858101687, -14.903993731167445], [-56.01316141898313, -14.903993731167445], [-56.01316141898313, -14.913886268832552], [-56.02339858101687, -14.913886268832552], [-56.02339858101687, -14.903993731167445]]], [[[-56.017008179534976, -14.88710373116745], [-56.006771820465026, -14.88710373116745], [-56.006771820465026, -14.896996268832552], [-56.017008179534976, -14.896996268832552], [-56.017008179534976, -14.88710373116745]]], [[[-56.015418079065725, -14.882873731167445], [-56.005181920934284, -14.882873731167445], [-56.005181920934284, -14.892766268832553], [-56.015418079065725, -14.892766268832553], [-56.015418079065725, -14.882873731167445]]], [[[-56.02818888252108, -14.916663731167445], [-56.017951117478916, -14.916663731167445], [-56.017951117478916, -14.92655626883255], [-56.02818888252108, -14.92655626883255], [-56.02818888252108, -14.916663731167445]]], [[[-56.0122178786974, -14.874433731167446], [-56.00198212130261, -14.874433731167446], [-56.00198212130261, -14.884326268832554], [-56.0122178786974, -14.884326268832554], [-56.0122178786974, -14.874433731167446]]], [[[-56.0106277783235, -14.870203731167441], [-56.0003922216765, -14.870203731167441], [-56.0003922216765, -14.880096268832549], [-56.0106277783235, -14.880096268832549], [-56.0106277783235, -14.870203731167441]]], [[[-56.020947987174935, -14.879003731167447], [-56.01071201282507, -14.879003731167447], [-56.01071201282507, -14.888896268832555], [-56.020947987174935, -14.888896268832555], [-56.020947987174935, -14.879003731167447]]], [[[-56.02560798717494, -14.879003731167447], [-56.01537201282507, -14.879003731167447], [-56.01537201282507, -14.888896268832555], [-56.02560798717494, -14.888896268832555], [-56.02560798717494, -14.879003731167447]]], [[[-55.99303798693753, -14.878993731167446], [-55.982802013062475, -14.878993731167446], [-55.982802013062475, -14.888886268832552], [-55.99303798693753, -14.888886268832552], [-55.99303798693753, -14.878993731167446]]], [[[-55.98837798693753, -14.878993731167446], [-55.978142013062474, -14.878993731167446], [-55.978142013062474, -14.888886268832552], [-55.98837798693753, -14.888886268832552], [-55.98837798693753, -14.878993731167446]]], [[[-55.98372798693753, -14.878993731167446], [-55.973492013062476, -14.878993731167446], [-55.973492013062476, -14.888886268832552], [-55.98372798693753, -14.888886268832552], [-55.98372798693753, -14.878993731167446]]], [[[-56.0116477887628, -14.870643731167448], [-56.001412211237195, -14.870643731167448], [-56.001412211237195, -14.880536268832556], [-56.0116477887628, -14.880536268832556], [-56.0116477887628, -14.870643731167448]]], [[[-56.0163077887628, -14.870643731167448], [-56.006072211237196, -14.870643731167448], [-56.006072211237196, -14.880536268832556], [-56.0163077887628, -14.880536268832556], [-56.0163077887628, -14.870643731167448]]], [[[-56.0069977887628, -14.870643731167448], [-55.9967622112372, -14.870643731167448], [-55.9967622112372, -14.880536268832556], [-56.0069977887628, -14.880536268832556], [-56.0069977887628, -14.870643731167448]]], [[[-55.97908778852554, -14.870633731167446], [-55.96885221147446, -14.870633731167446], [-55.96885221147446, -14.880526268832554], [-55.97908778852554, -14.880526268832554], [-55.97908778852554, -14.870633731167446]]], [[[-56.04886778852554, -14.870633731167446], [-56.03863221147447, -14.870633731167446], [-56.03863221147447, -14.880526268832554], [-56.04886778852554, -14.880526268832554], [-56.04886778852554, -14.870633731167446]]], [[[-55.97442778852554, -14.870633731167446], [-55.96419221147446, -14.870633731167446], [-55.96419221147446, -14.880526268832554], [-55.97442778852554, -14.880526268832554], [-55.97442778852554, -14.870633731167446]]], [[[-56.021557493985135, -14.858213731167446], [-56.01132250601487, -14.858213731167446], [-56.01132250601487, -14.86810626883255], [-56.021557493985135, -14.86810626883255], [-56.021557493985135, -14.858213731167446]]], [[[-56.017667801337865, -14.871173731167447], [-56.00743219866213, -14.871173731167447], [-56.00743219866213, -14.881066268832555], [-56.017667801337865, -14.881066268832555], [-56.017667801337865, -14.871173731167447]]], [[[-56.01637790385519, -14.875493731167445], [-56.00614209614482, -14.875493731167445], [-56.00614209614482, -14.885386268832551], [-56.01637790385519, -14.885386268832551], [-56.01637790385519, -14.875493731167445]]], [[[-56.01119831401881, -14.892763731167442], [-56.00096168598118, -14.892763731167442], [-56.00096168598118, -14.90265626883255], [-56.01119831401881, -14.90265626883255], [-56.01119831401881, -14.892763731167442]]], [[[-56.03190667607441, -14.823663731167448], [-56.02167332392559, -14.823663731167448], [-56.02167332392559, -14.83355626883255], [-56.03190667607441, -14.83355626883255], [-56.03190667607441, -14.823663731167448]]], [[[-56.034047467437816, -14.857093731167451], [-56.0238125325622, -14.857093731167451], [-56.0238125325622, -14.866986268832555], [-56.034047467437816, -14.866986268832555], [-56.034047467437816, -14.857093731167451]]], [[[-56.03823751389709, -14.859053731167446], [-56.028002486102906, -14.859053731167446], [-56.028002486102906, -14.868946268832552], [-56.03823751389709, -14.868946268832552], [-56.03823751389709, -14.859053731167446]]], [[[-56.029857420985365, -14.855133731167445], [-56.019622579014644, -14.855133731167445], [-56.019622579014644, -14.865026268832553], [-56.029857420985365, -14.865026268832553], [-56.029857420985365, -14.855133731167445]]], [[[-56.048347341842344, -14.851793731167447], [-56.038112658157665, -14.851793731167447], [-56.038112658157665, -14.861686268832553], [-56.048347341842344, -14.861686268832553], [-56.048347341842344, -14.851793731167447]]], [[[-56.05300734184234, -14.851793731167447], [-56.042772658157666, -14.851793731167447], [-56.042772658157666, -14.861686268832553], [-56.05300734184234, -14.861686268832553], [-56.05300734184234, -14.851793731167447]]], [[[-56.02974734184234, -14.851793731167447], [-56.019512658157666, -14.851793731167447], [-56.019512658157666, -14.861686268832553], [-56.02974734184234, -14.861686268832553], [-56.02974734184234, -14.851793731167447]]], [[[-56.01113734184234, -14.851793731167447], [-56.00090265815766, -14.851793731167447], [-56.00090265815766, -14.861686268832553], [-56.01113734184234, -14.861686268832553], [-56.01113734184234, -14.851793731167447]]], [[[-56.053656945241606, -14.835043731167447], [-56.0434230547584, -14.835043731167447], [-56.0434230547584, -14.844936268832551], [-56.053656945241606, -14.844936268832551], [-56.053656945241606, -14.835043731167447]]], [[[-56.05806697908118, -14.83647373116745], [-56.04783302091882, -14.83647373116745], [-56.04783302091882, -14.846366268832554], [-56.05806697908118, -14.846366268832554], [-56.05806697908118, -14.83647373116745]]], [[[-56.04924691140567, -14.833613731167445], [-56.03901308859434, -14.833613731167445], [-56.03901308859434, -14.843506268832552], [-56.04924691140567, -14.843506268832552], [-56.04924691140567, -14.833613731167445]]], [[[-56.062477012687715, -14.83789373116745], [-56.0522429873123, -14.83789373116745], [-56.0522429873123, -14.847786268832555], [-56.062477012687715, -14.847786268832555], [-56.062477012687715, -14.83789373116745]]], [[[-56.04482687780994, -14.832193731167447], [-56.03459312219006, -14.832193731167447], [-56.03459312219006, -14.842086268832555], [-56.04482687780994, -14.842086268832555], [-56.04482687780994, -14.832193731167447]]], [[[-56.06688704653453, -14.839323731167443], [-56.05665295346548, -14.839323731167443], [-56.05665295346548, -14.849216268832551], [-56.06688704653453, -14.849216268832551], [-56.06688704653453, -14.839323731167443]]], [[[-56.04041684398124, -14.830763731167451], [-56.030183156018765, -14.830763731167451], [-56.030183156018765, -14.840656268832555], [-56.04041684398124, -14.840656268832555], [-56.04041684398124, -14.830763731167451]]], [[[-56.03159677633475, -14.827903731167446], [-56.02136322366525, -14.827903731167446], [-56.02136322366525, -14.837796268832555], [-56.03159677633475, -14.837796268832555], [-56.03159677633475, -14.827903731167446]]], [[[-56.06328673187575, -14.826023731167448], [-56.053053268124245, -14.826023731167448], [-56.053053268124245, -14.835916268832554], [-56.06328673187575, -14.835916268832554], [-56.06328673187575, -14.826023731167448]]], [[[-56.059736800695276, -14.828933731167451], [-56.04950319930472, -14.828933731167451], [-56.04950319930472, -14.838826268832554], [-56.059736800695276, -14.838826268832554], [-56.059736800695276, -14.828933731167451]]], [[[-56.0668366633077, -14.823123731167447], [-56.056603336692305, -14.823123731167447], [-56.056603336692305, -14.833016268832553], [-56.0668366633077, -14.833016268832553], [-56.0668366633077, -14.823123731167447]]], [[[-56.056186869293285, -14.831833731167448], [-56.04595313070673, -14.831833731167448], [-56.04595313070673, -14.841726268832554], [-56.056186869293285, -14.841726268832554], [-56.056186869293285, -14.831833731167448]]], [[[-56.07039659475459, -14.82022373116745], [-56.06016340524542, -14.82022373116745], [-56.06016340524542, -14.830116268832553], [-56.07039659475459, -14.830116268832553], [-56.07039659475459, -14.82022373116745]]], [[[-56.052636938142854, -14.834743731167444], [-56.04240306185715, -14.834743731167444], [-56.04240306185715, -14.844636268832549], [-56.052636938142854, -14.844636268832549], [-56.052636938142854, -14.834743731167444]]], [[[-56.0739465259801, -14.817313731167445], [-56.06371347401989, -14.817313731167445], [-56.06371347401989, -14.827206268832553], [-56.0739465259801, -14.827206268832553], [-56.0739465259801, -14.817313731167445]]], [[[-56.04908700677081, -14.837643731167448], [-56.0388529932292, -14.837643731167448], [-56.0388529932292, -14.847536268832553], [-56.04908700677081, -14.847536268832553], [-56.04908700677081, -14.837643731167448]]], [[[-56.07749645745693, -14.814413731167447], [-56.067263542543074, -14.814413731167447], [-56.067263542543074, -14.824306268832549], [-56.07749645745693, -14.824306268832549], [-56.07749645745693, -14.814413731167447]]], [[[-56.045527075413716, -14.840543731167449], [-56.035292924586294, -14.840543731167449], [-56.035292924586294, -14.850436268832555], [-56.045527075413716, -14.850436268832555], [-56.045527075413716, -14.840543731167449]]], [[[-56.08104638871249, -14.811503731167445], [-56.07081361128751, -14.811503731167445], [-56.07081361128751, -14.821396268832554], [-56.08104638871249, -14.821396268832554], [-56.08104638871249, -14.811503731167445]]], [[[-56.08459632021925, -14.808603731167448], [-56.074363679780745, -14.808603731167448], [-56.074363679780745, -14.81849626883255], [-56.08459632021925, -14.81849626883255], [-56.08459632021925, -14.808603731167448]]], [[[-56.08814625174095, -14.80570373116745], [-56.07791374825904, -14.80570373116745], [-56.07791374825904, -14.815596268832556], [-56.08814625174095, -14.815596268832556], [-56.08814625174095, -14.80570373116745]]], [[[-56.09169618304154, -14.802793731167451], [-56.081463816958454, -14.802793731167451], [-56.081463816958454, -14.812686268832554], [-56.09169618304154, -14.812686268832554], [-56.09169618304154, -14.802793731167451]]], [[[-56.074096505421586, -14.81644373116745], [-56.06386349457842, -14.81644373116745], [-56.06386349457842, -14.826336268832552], [-56.074096505421586, -14.826336268832552], [-56.074096505421586, -14.81644373116745]]], [[[-56.07743657915493, -14.819563731167442], [-56.06720342084507, -14.819563731167442], [-56.06720342084507, -14.829456268832551], [-56.07743657915493, -14.829456268832551], [-56.07743657915493, -14.819563731167442]]], [[[-56.070746431469296, -14.81331373116745], [-56.06051356853071, -14.81331373116745], [-56.06051356853071, -14.823206268832552], [-56.070746431469296, -14.823206268832552], [-56.070746431469296, -14.81331373116745]]], [[[-56.06740635777059, -14.810193731167447], [-56.05717364222941, -14.810193731167447], [-56.05717364222941, -14.820086268832556], [-56.06740635777059, -14.820086268832556], [-56.06740635777059, -14.810193731167447]]], [[[-56.08412672690997, -14.825813731167448], [-56.073893273090015, -14.825813731167448], [-56.073893273090015, -14.835706268832554], [-56.08412672690997, -14.835706268832554], [-56.08412672690997, -14.825813731167448]]], [[[-56.06406628385306, -14.807063731167446], [-56.05383371614695, -14.807063731167446], [-56.05383371614695, -14.816956268832556], [-56.06406628385306, -14.816956268832556], [-56.06406628385306, -14.807063731167446]]], [[[-56.09153644966041, -14.814083731167447], [-56.08130355033958, -14.814083731167447], [-56.08130355033958, -14.823976268832553], [-56.09153644966041, -14.823976268832553], [-56.09153644966041, -14.814083731167447]]], [[[-56.09317654890325, -14.818283731167448], [-56.08294345109674, -14.818283731167448], [-56.08294345109674, -14.828176268832554], [-56.09317654890325, -14.828176268832554], [-56.09317654890325, -14.818283731167448]]], [[[-56.094816648413854, -14.822493731167446], [-56.08458335158615, -14.822493731167446], [-56.08458335158615, -14.832386268832552], [-56.094816648413854, -14.832386268832552], [-56.094816648413854, -14.822493731167446]]], [[[-56.088266250796536, -14.805663731167447], [-56.07803374920347, -14.805663731167447], [-56.07803374920347, -14.815556268832557], [-56.088266250796536, -14.815556268832557], [-56.088266250796536, -14.805663731167447]]], [[[-56.10393618044496, -14.802683731167447], [-56.09370381955505, -14.802683731167447], [-56.09370381955505, -14.812576268832554], [-56.10393618044496, -14.812576268832554], [-56.10393618044496, -14.802683731167447]]], [[[-56.10393628668665, -14.80718373116745], [-56.09370371331337, -14.80718373116745], [-56.09370371331337, -14.817076268832553], [-56.10393628668665, -14.817076268832553], [-56.10393628668665, -14.80718373116745]]], [[[-56.1039359683054, -14.793693731167446], [-56.09370403169461, -14.793693731167446], [-56.09370403169461, -14.80358626883255], [-56.1039359683054, -14.80358626883255], [-56.1039359683054, -14.793693731167446]]], [[[-56.10393554422128, -14.775703731167448], [-56.093704455778735, -14.775703731167448], [-56.093704455778735, -14.78559626883255], [-56.10393554422128, -14.78559626883255], [-56.10393554422128, -14.775703731167448]]], [[[-56.11855635588111, -14.810113731167448], [-56.10832364411888, -14.810113731167448], [-56.10832364411888, -14.820006268832554], [-56.11855635588111, -14.820006268832554], [-56.11855635588111, -14.810113731167448]]], [[[-56.12119644328159, -14.813813731167444], [-56.11096355671841, -14.813813731167444], [-56.11096355671841, -14.823706268832552], [-56.12119644328159, -14.823706268832552], [-56.12119644328159, -14.813813731167444]]], [[[-56.11591626850495, -14.806413731167446], [-56.10568373149505, -14.806413731167446], [-56.10568373149505, -14.816306268832552], [-56.11591626850495, -14.816306268832552], [-56.11591626850495, -14.806413731167446]]], [[[-56.11327618091706, -14.802703731167448], [-56.103043819082934, -14.802703731167448], [-56.103043819082934, -14.812596268832554], [-56.11327618091706, -14.812596268832554], [-56.11327618091706, -14.802703731167448]]], [[[-56.12648661815552, -14.821213731167449], [-56.11625338184448, -14.821213731167449], [-56.11625338184448, -14.831106268832555], [-56.12648661815552, -14.831106268832555], [-56.12648661815552, -14.821213731167449]]], [[[-56.110636093589605, -14.799003731167446], [-56.100403906410385, -14.799003731167446], [-56.100403906410385, -14.808896268832552], [-56.110636093589605, -14.808896268832552], [-56.110636093589605, -14.799003731167446]]], [[[-56.10799600628646, -14.795303731167447], [-56.09776399371353, -14.795303731167447], [-56.09776399371353, -14.805196268832555], [-56.10799600628646, -14.805196268832555], [-56.10799600628646, -14.795303731167447]]], [[[-56.117595948255136, -14.79284373116745], [-56.10736405174486, -14.79284373116745], [-56.10736405174486, -14.802736268832552], [-56.117595948255136, -14.802736268832552], [-56.117595948255136, -14.79284373116745]]], [[[-56.122245943773486, -14.792653731167446], [-56.11201405622651, -14.792653731167446], [-56.11201405622651, -14.80254626883255], [-56.122245943773486, -14.80254626883255], [-56.122245943773486, -14.792653731167446]]], [[[-56.126885939527774, -14.792473731167446], [-56.11665406047222, -14.792473731167446], [-56.11665406047222, -14.802366268832552], [-56.126885939527774, -14.802366268832552], [-56.126885939527774, -14.792473731167446]]], [[[-56.13153593528212, -14.792293731167451], [-56.12130406471789, -14.792293731167451], [-56.12130406471789, -14.802186268832552], [-56.13153593528212, -14.802186268832552], [-56.13153593528212, -14.792293731167451]]], [[[-56.14082592679099, -14.791933731167449], [-56.13059407320902, -14.791933731167449], [-56.13059407320902, -14.801826268832551], [-56.14082592679099, -14.801826268832551], [-56.14082592679099, -14.791933731167449]]], [[[-56.13030589825301, -14.790723731167445], [-56.12007410174699, -14.790723731167445], [-56.12007410174699, -14.800616268832552], [-56.13030589825301, -14.800616268832552], [-56.13030589825301, -14.790723731167445]]], [[[-56.13320598104387, -14.794233731167447], [-56.12297401895612, -14.794233731167447], [-56.12297401895612, -14.804126268832555], [-56.13320598104387, -14.804126268832555], [-56.13320598104387, -14.794233731167447]]], [[[-56.127395815248256, -14.787203731167445], [-56.11716418475175, -14.787203731167445], [-56.11716418475175, -14.79709626883255], [-56.127395815248256, -14.79709626883255], [-56.127395815248256, -14.787203731167445]]], [[[-56.136106063856616, -14.797743731167447], [-56.12587393614338, -14.797743731167447], [-56.12587393614338, -14.80763626883255], [-56.136106063856616, -14.80763626883255], [-56.136106063856616, -14.797743731167447]]], [[[-56.1244957325012, -14.783693731167446], [-56.1142642674988, -14.783693731167446], [-56.1142642674988, -14.793586268832552], [-56.1244957325012, -14.793586268832552], [-56.1244957325012, -14.783693731167446]]], [[[-56.1433956163151, -14.77876373116745], [-56.133164383684914, -14.77876373116745], [-56.133164383684914, -14.788656268832554], [-56.1433956163151, -14.788656268832554], [-56.1433956163151, -14.77876373116745]]], [[[-56.144775717651484, -14.783063731167449], [-56.13454428234851, -14.783063731167449], [-56.13454428234851, -14.792956268832555], [-56.144775717651484, -14.792956268832555], [-56.144775717651484, -14.783063731167449]]], [[[-56.14202551524707, -14.774473731167445], [-56.13179448475293, -14.774473731167445], [-56.13179448475293, -14.784366268832551], [-56.14202551524707, -14.784366268832551], [-56.14202551524707, -14.774473731167445]]], [[[-56.137885212003695, -14.761593731167451], [-56.1276547879963, -14.761593731167451], [-56.1276547879963, -14.771486268832557], [-56.137885212003695, -14.771486268832557], [-56.137885212003695, -14.761593731167451]]], [[[-56.13651511083117, -14.757293731167445], [-56.12628488916883, -14.757293731167445], [-56.12628488916883, -14.767186268832555], [-56.13651511083117, -14.767186268832555], [-56.13651511083117, -14.757293731167445]]], [[[-56.13513500992663, -14.753003731167448], [-56.12490499007338, -14.753003731167448], [-56.12490499007338, -14.76289626883255], [-56.13513500992663, -14.76289626883255], [-56.13513500992663, -14.753003731167448]]], [[[-56.13237480798048, -14.744413731167448], [-56.12214519201952, -14.744413731167448], [-56.12214519201952, -14.754306268832554], [-56.13237480798048, -14.754306268832554], [-56.13237480798048, -14.744413731167448]]], [[[-56.1594754233954, -14.770573731167447], [-56.1492445766046, -14.770573731167447], [-56.1492445766046, -14.780466268832557], [-56.1594754233954, -14.780466268832557], [-56.1594754233954, -14.770573731167447]]], [[[-56.161615517367046, -14.774563731167442], [-56.15138448263296, -14.774563731167442], [-56.15138448263296, -14.784456268832551], [-56.161615517367046, -14.784456268832551], [-56.161615517367046, -14.774563731167442]]], [[[-56.15734532921662, -14.766573731167448], [-56.147114670783395, -14.766573731167448], [-56.147114670783395, -14.776466268832554], [-56.15734532921662, -14.776466268832554], [-56.15734532921662, -14.766573731167448]]], [[[-56.16374561136694, -14.778553731167445], [-56.153514388633056, -14.778553731167445], [-56.153514388633056, -14.788446268832555], [-56.16374561136694, -14.788446268832555], [-56.16374561136694, -14.778553731167445]]], [[[-56.16588570563081, -14.782553731167445], [-56.1556542943692, -14.782553731167445], [-56.1556542943692, -14.79244626883255], [-56.16588570563081, -14.79244626883255], [-56.16588570563081, -14.782553731167445]]], [[[-56.15306514117949, -14.758583731167445], [-56.14283485882052, -14.758583731167445], [-56.14283485882052, -14.768476268832554], [-56.15306514117949, -14.768476268832554], [-56.15306514117949, -14.758583731167445]]], [[[-56.16802579968731, -14.786543731167448], [-56.157794200312686, -14.786543731167448], [-56.157794200312686, -14.796436268832554], [-56.16802579968731, -14.796436268832554], [-56.16802579968731, -14.786543731167448]]], [[[-56.150935047321006, -14.754593731167446], [-56.140704952679, -14.754593731167446], [-56.140704952679, -14.764486268832549], [-56.150935047321006, -14.764486268832549], [-56.150935047321006, -14.754593731167446]]], [[[-56.17015589400792, -14.790543731167444], [-56.159924105992076, -14.790543731167444], [-56.159924105992076, -14.800436268832554], [-56.17015589400792, -14.800436268832554], [-56.17015589400792, -14.790543731167444]]], [[[-56.148794953255646, -14.750593731167449], [-56.13856504674436, -14.750593731167449], [-56.13856504674436, -14.760486268832551], [-56.148794953255646, -14.760486268832551], [-56.148794953255646, -14.750593731167449]]], [[[-56.17229598812104, -14.794533731167446], [-56.16206401187897, -14.794533731167446], [-56.16206401187897, -14.804426268832552], [-56.17229598812104, -14.804426268832552], [-56.17229598812104, -14.794533731167446]]], [[[-56.146664859453736, -14.746603731167447], [-56.13643514054627, -14.746603731167447], [-56.13643514054627, -14.756496268832553], [-56.146664859453736, -14.756496268832553], [-56.146664859453736, -14.746603731167447]]], [[[-56.14452476568007, -14.742613731167449], [-56.134295234319936, -14.742613731167449], [-56.134295234319936, -14.752506268832555], [-56.14452476568007, -14.752506268832555], [-56.14452476568007, -14.742613731167449]]], [[[-56.14239467169972, -14.738613731167447], [-56.13216532830027, -14.738613731167447], [-56.13216532830027, -14.74850626883255], [-56.14239467169972, -14.74850626883255], [-56.14239467169972, -14.738613731167447]]], [[[-56.16650511694764, -14.75755373116745], [-56.156274883052355, -14.75755373116745], [-56.156274883052355, -14.767446268832556], [-56.16650511694764, -14.767446268832556], [-56.16650511694764, -14.75755373116745]]], [[[-56.171065095775745, -14.756653731167447], [-56.16083490422426, -14.756653731167447], [-56.16083490422426, -14.766546268832553], [-56.171065095775745, -14.766546268832553], [-56.171065095775745, -14.756653731167447]]], [[[-56.16194513812099, -14.758453731167446], [-56.151714861879015, -14.758453731167446], [-56.151714861879015, -14.768346268832556], [-56.16194513812099, -14.768346268832556], [-56.16194513812099, -14.758453731167446]]], [[[-56.175615074840486, -14.755763731167448], [-56.16538492515951, -14.755763731167448], [-56.16538492515951, -14.765656268832554], [-56.175615074840486, -14.765656268832554], [-56.175615074840486, -14.755763731167448]]], [[[-56.15739515906049, -14.759343731167448], [-56.14716484093951, -14.759343731167448], [-56.14716484093951, -14.769236268832554], [-56.15739515906049, -14.769236268832554], [-56.15739515906049, -14.759343731167448]]], [[[-56.180175053671434, -14.754863731167443], [-56.16994494632856, -14.754863731167443], [-56.16994494632856, -14.764756268832551], [-56.180175053671434, -14.764756268832551], [-56.180175053671434, -14.754863731167443]]], [[[-56.15283518023669, -14.760243731167447], [-56.14260481976331, -14.760243731167447], [-56.14260481976331, -14.770136268832555], [-56.15283518023669, -14.770136268832555], [-56.15283518023669, -14.760243731167447]]], [[[-56.148275201414336, -14.76114373116745], [-56.13804479858567, -14.76114373116745], [-56.13804479858567, -14.771036268832551], [-56.148275201414336, -14.771036268832551], [-56.148275201414336, -14.76114373116745]]], [[[-56.18928501133765, -14.75306373116745], [-56.17905498866236, -14.75306373116745], [-56.17905498866236, -14.762956268832555], [-56.18928501133765, -14.762956268832555], [-56.18928501133765, -14.75306373116745]]], [[[-56.143725222358086, -14.762033731167445], [-56.133494777641914, -14.762033731167445], [-56.133494777641914, -14.771926268832553], [-56.143725222358086, -14.771926268832553], [-56.143725222358086, -14.762033731167445]]], [[[-56.193844990408074, -14.75217373116745], [-56.183615009591925, -14.75217373116745], [-56.183615009591925, -14.762066268832553], [-56.193844990408074, -14.762066268832553], [-56.193844990408074, -14.75217373116745]]], [[[-56.13916524353859, -14.762933731167447], [-56.12893475646142, -14.762933731167447], [-56.12893475646142, -14.772826268832553], [-56.13916524353859, -14.772826268832553], [-56.13916524353859, -14.762933731167447]]], [[[-56.13460526472052, -14.763833731167445], [-56.12437473527948, -14.763833731167445], [-56.12437473527948, -14.773726268832549], [-56.13460526472052, -14.773726268832549], [-56.13460526472052, -14.763833731167445]]], [[[-56.130055285668526, -14.764723731167445], [-56.119824714331486, -14.764723731167445], [-56.119824714331486, -14.774616268832554], [-56.130055285668526, -14.774616268832554], [-56.130055285668526, -14.764723731167445]]], [[[-56.157854820906756, -14.744963731167447], [-56.14762517909325, -14.744963731167447], [-56.14762517909325, -14.754856268832553], [-56.157854820906756, -14.754856268832553], [-56.157854820906756, -14.744963731167447]]], [[[-56.16180487708351, -14.747353731167449], [-56.151575122916476, -14.747353731167449], [-56.151575122916476, -14.757246268832553], [-56.16180487708351, -14.757246268832553], [-56.16180487708351, -14.747353731167449]]], [[[-56.153914764975106, -14.742583731167445], [-56.14368523502489, -14.742583731167445], [-56.14368523502489, -14.752476268832554], [-56.153914764975106, -14.752476268832554], [-56.153914764975106, -14.742583731167445]]], [[[-56.1657449330353, -14.749733731167447], [-56.155515066964696, -14.749733731167447], [-56.155515066964696, -14.759626268832553], [-56.1657449330353, -14.759626268832553], [-56.1657449330353, -14.749733731167447]]], [[[-56.14997470881857, -14.740193731167444], [-56.139745291181434, -14.740193731167444], [-56.139745291181434, -14.750086268832554], [-56.14997470881857, -14.750086268832554], [-56.14997470881857, -14.740193731167444]]], [[[-56.16968498923229, -14.752123731167451], [-56.15945501076771, -14.752123731167451], [-56.15945501076771, -14.762016268832554], [-56.16968498923229, -14.762016268832554], [-56.16968498923229, -14.752123731167451]]], [[[-56.177565101421436, -14.756893731167445], [-56.16733489857856, -14.756893731167445], [-56.16733489857856, -14.766786268832547], [-56.177565101421436, -14.766786268832547], [-56.177565101421436, -14.756893731167445]]], [[[-56.17368463082714, -14.73687373116745], [-56.163455369172866, -14.73687373116745], [-56.163455369172866, -14.746766268832555], [-56.17368463082714, -14.746766268832555], [-56.17368463082714, -14.73687373116745]]], [[[-56.17680470905351, -14.74020373116745], [-56.16657529094648, -14.74020373116745], [-56.16657529094648, -14.750096268832555], [-56.17680470905351, -14.750096268832555], [-56.17680470905351, -14.74020373116745]]], [[[-56.170564552620434, -14.733543731167448], [-56.16033544737957, -14.733543731167448], [-56.16033544737957, -14.743436268832555], [-56.170564552620434, -14.743436268832555], [-56.170564552620434, -14.733543731167448]]], [[[-56.17992478753457, -14.743543731167444], [-56.16969521246544, -14.743543731167444], [-56.16969521246544, -14.753436268832552], [-56.17992478753457, -14.753436268832552], [-56.17992478753457, -14.743543731167444]]], [[[-56.16745447419863, -14.730203731167446], [-56.15722552580138, -14.730203731167446], [-56.15722552580138, -14.740096268832556], [-56.16745447419863, -14.740096268832556], [-56.16745447419863, -14.730203731167446]]], [[[-56.16433439603131, -14.726873731167448], [-56.154105603968695, -14.726873731167448], [-56.154105603968695, -14.736766268832552], [-56.16433439603131, -14.736766268832552], [-56.16433439603131, -14.726873731167448]]], [[[-56.18753434956276, -14.724893731167448], [-56.17730565043724, -14.724893731167448], [-56.17730565043724, -14.734786268832558], [-56.18753434956276, -14.734786268832558], [-56.18753434956276, -14.724893731167448]]], [[[-56.190994419972355, -14.727893731167445], [-56.18076558002764, -14.727893731167445], [-56.18076558002764, -14.737786268832549], [-56.190994419972355, -14.737786268832549], [-56.190994419972355, -14.727893731167445]]], [[[-56.18406427940375, -14.72190373116745], [-56.17383572059625, -14.72190373116745], [-56.17383572059625, -14.73179626883255], [-56.18406427940375, -14.73179626883255], [-56.18406427940375, -14.72190373116745]]], [[[-56.19446449016313, -14.730883731167445], [-56.18423550983687, -14.730883731167445], [-56.18423550983687, -14.740776268832553], [-56.19446449016313, -14.740776268832553], [-56.19446449016313, -14.730883731167445]]], [[[-56.18059420902602, -14.718903731167448], [-56.17036579097398, -14.718903731167448], [-56.17036579097398, -14.728796268832552], [-56.18059420902602, -14.728796268832552], [-56.18059420902602, -14.718903731167448]]], [[[-56.19793456060459, -14.733883731167444], [-56.1877054393954, -14.733883731167444], [-56.1877054393954, -14.743776268832551], [-56.19793456060459, -14.743776268832551], [-56.19793456060459, -14.733883731167444]]], [[[-56.15978378779746, -14.700933731167448], [-56.14955621220255, -14.700933731167448], [-56.14955621220255, -14.710826268832555], [-56.15978378779746, -14.710826268832555], [-56.15978378779746, -14.700933731167448]]], [[[-56.201494074648906, -14.71317373116745], [-56.1912659253511, -14.71317373116745], [-56.1912659253511, -14.723066268832554], [-56.201494074648906, -14.723066268832554], [-56.201494074648906, -14.71317373116745]]], [[[-56.20415416094375, -14.716853731167449], [-56.19392583905625, -14.716853731167449], [-56.19392583905625, -14.726746268832553], [-56.20415416094375, -14.726746268832553], [-56.20415416094375, -14.716853731167449]]], [[[-56.19883398814367, -14.709483731167447], [-56.18860601185633, -14.709483731167447], [-56.18860601185633, -14.719376268832553], [-56.19883398814367, -14.719376268832553], [-56.19883398814367, -14.709483731167447]]], [[[-56.2068242474972, -14.72054373116745], [-56.1965957525028, -14.72054373116745], [-56.1965957525028, -14.730436268832555], [-56.2068242474972, -14.730436268832555], [-56.2068242474972, -14.72054373116745]]], [[[-56.1935138152056, -14.702103731167442], [-56.183286184794405, -14.702103731167442], [-56.183286184794405, -14.71199626883255], [-56.1935138152056, -14.71199626883255], [-56.1935138152056, -14.702103731167442]]], [[[-56.21214442067654, -14.727923731167445], [-56.20191557932347, -14.727923731167445], [-56.20191557932347, -14.737816268832551], [-56.21214442067654, -14.737816268832551], [-56.21214442067654, -14.727923731167445]]], [[[-56.2190240111156, -14.710463731167449], [-56.2087959888844, -14.710463731167449], [-56.2087959888844, -14.720356268832553], [-56.2190240111156, -14.720356268832553], [-56.2190240111156, -14.710463731167449]]], [[[-56.219164116386345, -14.714953731167448], [-56.20893588361365, -14.714953731167448], [-56.20893588361365, -14.724846268832557], [-56.219164116386345, -14.724846268832557], [-56.219164116386345, -14.714953731167448]]], [[[-56.218883905880595, -14.705973731167449], [-56.2086560941194, -14.705973731167449], [-56.2086560941194, -14.715866268832555], [-56.218883905880595, -14.715866268832555], [-56.218883905880595, -14.705973731167449]]], [[[-56.21930422192741, -14.71945373116745], [-56.2090757780726, -14.71945373116745], [-56.2090757780726, -14.729346268832554], [-56.21930422192741, -14.729346268832554], [-56.21930422192741, -14.71945373116745]]], [[[-56.21874380044707, -14.701473731167445], [-56.20851619955294, -14.701473731167445], [-56.20851619955294, -14.71136626883255], [-56.21874380044707, -14.71136626883255], [-56.21874380044707, -14.701473731167445]]], [[[-56.21944432726972, -14.723943731167449], [-56.20921567273028, -14.723943731167449], [-56.20921567273028, -14.733836268832551], [-56.21944432726972, -14.733836268832551], [-56.21944432726972, -14.723943731167449]]], [[[-56.218603695283605, -14.696983731167446], [-56.208376304716396, -14.696983731167446], [-56.208376304716396, -14.706876268832554], [-56.218603695283605, -14.706876268832554], [-56.218603695283605, -14.696983731167446]]], [[[-56.21958443288251, -14.728443731167447], [-56.20935556711749, -14.728443731167447], [-56.20935556711749, -14.738336268832553], [-56.21958443288251, -14.738336268832553], [-56.21958443288251, -14.728443731167447]]], [[[-56.21845358992178, -14.692483731167448], [-56.208226410078225, -14.692483731167448], [-56.208226410078225, -14.702376268832555], [-56.21845358992178, -14.702376268832555], [-56.21845358992178, -14.692483731167448]]], [[[-56.21973453829641, -14.73293373116745], [-56.20950546170359, -14.73293373116745], [-56.20950546170359, -14.742826268832555], [-56.21973453829641, -14.742826268832555], [-56.21973453829641, -14.73293373116745]]], [[[-56.21831348482985, -14.687993731167447], [-56.20808651517016, -14.687993731167447], [-56.20808651517016, -14.69788626883255], [-56.21831348482985, -14.69788626883255], [-56.21831348482985, -14.687993731167447]]], [[[-56.21817337953971, -14.683493731167447], [-56.207946620460305, -14.683493731167447], [-56.207946620460305, -14.693386268832555], [-56.21817337953971, -14.693386268832555], [-56.21817337953971, -14.683493731167447]]], [[[-56.218033274519286, -14.679003731167445], [-56.20780672548071, -14.679003731167445], [-56.20780672548071, -14.688896268832549], [-56.218033274519286, -14.688896268832549], [-56.218033274519286, -14.679003731167445]]], [[[-56.217893169300815, -14.674503731167446], [-56.20766683069919, -14.674503731167446], [-56.20766683069919, -14.684396268832554], [-56.217893169300815, -14.684396268832554], [-56.217893169300815, -14.674503731167446]]]]}}, {"type": "Feature", "properties": {"hand_max_m": 20.0, "n_celulas": 326, "rotulo": "HAND ≤ 20 m (proxy SRTM)"}, "geometry": {"type": "MultiPolygon", "coordinates": [[[[-55.77734779208447, -14.870783731167451], [-55.76711220791553, -14.870783731167451], [-55.76711220791553, -14.880676268832556], [-55.77734779208447, -14.880676268832556], [-55.77734779208447, -14.870783731167451]]], [[[-55.77982788249467, -14.874593731167442], [-55.76959211750533, -14.874593731167442], [-55.76959211750533, -14.884486268832552], [-55.77982788249467, -14.884486268832552], [-55.77982788249467, -14.874593731167442]]], [[[-55.774877701700085, -14.86697373116745], [-55.764642298299904, -14.86697373116745], [-55.764642298299904, -14.87686626883255], [-55.774877701700085, -14.87686626883255], [-55.774877701700085, -14.86697373116745]]], [[[-55.78230797269329, -14.87839373116745], [-55.772072027306706, -14.87839373116745], [-55.772072027306706, -14.888286268832555], [-55.78230797269329, -14.888286268832555], [-55.78230797269329, -14.87839373116745]]], [[[-55.77239761157867, -14.863173731167448], [-55.76216238842133, -14.863173731167448], [-55.76216238842133, -14.873066268832554], [-55.77239761157867, -14.873066268832554], [-55.77239761157867, -14.863173731167448]]], [[[-55.78478806315508, -14.882203731167449], [-55.77455193684493, -14.882203731167449], [-55.77455193684493, -14.89209626883255], [-55.78478806315508, -14.89209626883255], [-55.78478806315508, -14.882203731167449]]], [[[-55.769917521245866, -14.859363731167441], [-55.75968247875414, -14.859363731167441], [-55.75968247875414, -14.869256268832553], [-55.769917521245866, -14.869256268832553], [-55.769917521245866, -14.859363731167441]]], [[[-55.757527070442514, -14.840333731167448], [-55.74729292955748, -14.840333731167448], [-55.74729292955748, -14.85022626883255], [-55.757527070442514, -14.85022626883255], [-55.757527070442514, -14.840333731167448]]], [[[-55.79469767679556, -14.865923731167445], [-55.78446232320445, -14.865923731167445], [-55.78446232320445, -14.875816268832557], [-55.79469767679556, -14.875816268832557], [-55.79469767679556, -14.865923731167445]]], [[[-55.80684756320829, -14.861133731167445], [-55.79661243679171, -14.861133731167445], [-55.79661243679171, -14.871026268832557], [-55.80684756320829, -14.871026268832557], [-55.80684756320829, -14.861133731167445]]], [[[-55.810677623672426, -14.863683731167447], [-55.80044237632758, -14.863683731167447], [-55.80044237632758, -14.87357626883255], [-55.810677623672426, -14.87357626883255], [-55.810677623672426, -14.863683731167447]]], [[[-55.80301750251868, -14.85857373116745], [-55.792782497481326, -14.85857373116745], [-55.792782497481326, -14.868466268832556], [-55.80301750251868, -14.868466268832556], [-55.80301750251868, -14.85857373116745]]], [[[-55.814497684385294, -14.866243731167447], [-55.8042623156147, -14.866243731167447], [-55.8042623156147, -14.876136268832553], [-55.814497684385294, -14.876136268832553], [-55.814497684385294, -14.866243731167447]]], [[[-55.818327744872605, -14.868793731167445], [-55.808092255127384, -14.868793731167445], [-55.808092255127384, -14.878686268832553], [-55.818327744872605, -14.878686268832553], [-55.818327744872605, -14.868793731167445]]], [[[-55.814417404396856, -14.854433731167447], [-55.804182595603145, -14.854433731167447], [-55.804182595603145, -14.864326268832553], [-55.814417404396856, -14.864326268832553], [-55.814417404396856, -14.854433731167447]]], [[[-55.81893742951693, -14.855493731167448], [-55.80870257048307, -14.855493731167448], [-55.80870257048307, -14.86538626883255], [-55.81893742951693, -14.86538626883255], [-55.81893742951693, -14.855493731167448]]], [[[-55.80988737951573, -14.85338373116745], [-55.79965262048426, -14.85338373116745], [-55.79965262048426, -14.863276268832555], [-55.80988737951573, -14.863276268832555], [-55.80988737951573, -14.85338373116745]]], [[[-55.83249750465209, -14.858663731167447], [-55.8222624953479, -14.858663731167447], [-55.8222624953479, -14.868556268832554], [-55.83249750465209, -14.868556268832554], [-55.83249750465209, -14.858663731167447]]], [[[-55.83702752954308, -14.859713731167448], [-55.82679247045692, -14.859713731167448], [-55.82679247045692, -14.869606268832555], [-55.83702752954308, -14.869606268832555], [-55.83702752954308, -14.859713731167448]]], [[[-55.81921701931477, -14.838173731167451], [-55.808982980685236, -14.838173731167451], [-55.808982980685236, -14.848066268832556], [-55.81921701931477, -14.848066268832556], [-55.81921701931477, -14.838173731167451]]], [[[-55.81770711992124, -14.842423731167449], [-55.80747288007877, -14.842423731167449], [-55.80747288007877, -14.852316268832551], [-55.81770711992124, -14.852316268832551], [-55.81770711992124, -14.842423731167449]]], [[[-55.816187220559804, -14.846673731167451], [-55.8059527794402, -14.846673731167451], [-55.8059527794402, -14.856566268832555], [-55.816187220559804, -14.856566268832555], [-55.816187220559804, -14.846673731167451]]], [[[-55.814667321230495, -14.850923731167446], [-55.80443267876951, -14.850923731167446], [-55.80443267876951, -14.860816268832554], [-55.814667321230495, -14.860816268832554], [-55.814667321230495, -14.850923731167446]]], [[[-55.813157421933305, -14.855173731167447], [-55.80292257806669, -14.855173731167447], [-55.80292257806669, -14.865066268832553], [-55.813157421933305, -14.865066268832553], [-55.813157421933305, -14.855173731167447]]], [[[-55.81163752290529, -14.859433731167448], [-55.80140247709471, -14.859433731167448], [-55.80140247709471, -14.869326268832555], [-55.81163752290529, -14.869326268832555], [-55.81163752290529, -14.859433731167448]]], [[[-55.810117623672426, -14.863683731167447], [-55.79988237632758, -14.863683731167447], [-55.79988237632758, -14.87357626883255], [-55.810117623672426, -14.87357626883255], [-55.810117623672426, -14.863683731167447]]], [[[-55.80860772447167, -14.86793373116745], [-55.79837227552832, -14.86793373116745], [-55.79837227552832, -14.877826268832557], [-55.80860772447167, -14.877826268832557], [-55.80860772447167, -14.86793373116745]]], [[[-55.83132727408893, -14.848933731167445], [-55.82109272591107, -14.848933731167445], [-55.82109272591107, -14.858826268832555], [-55.83132727408893, -14.858826268832555], [-55.83132727408893, -14.848933731167445]]], [[[-55.827647339236165, -14.851683731167448], [-55.817412660763836, -14.851683731167448], [-55.817412660763836, -14.861576268832554], [-55.827647339236165, -14.861576268832554], [-55.827647339236165, -14.851683731167448]]], [[[-55.835007208955126, -14.846183731167446], [-55.824772791044865, -14.846183731167446], [-55.824772791044865, -14.856076268832553], [-55.835007208955126, -14.856076268832553], [-55.835007208955126, -14.846183731167446]]], [[[-55.83868714383478, -14.843433731167451], [-55.82845285616522, -14.843433731167451], [-55.82845285616522, -14.853326268832557], [-55.83868714383478, -14.853326268832557], [-55.83868714383478, -14.843433731167451]]], [[[-55.820287469571, -14.85718373116745], [-55.81005253042901, -14.85718373116745], [-55.81005253042901, -14.867076268832552], [-55.820287469571, -14.867076268832552], [-55.820287469571, -14.85718373116745]]], [[[-55.81660753475858, -14.85993373116745], [-55.806372465241424, -14.85993373116745], [-55.806372465241424, -14.869826268832554], [-55.81660753475858, -14.869826268832554], [-55.81660753475858, -14.85993373116745]]], [[[-55.81292759995962, -14.862683731167449], [-55.80269240004039, -14.862683731167449], [-55.80269240004039, -14.872576268832553], [-55.81292759995962, -14.872576268832553], [-55.81292759995962, -14.862683731167449]]], [[[-55.84972694855441, -14.83518373116745], [-55.839493051445594, -14.83518373116745], [-55.839493051445594, -14.845076268832553], [-55.84972694855441, -14.845076268832553], [-55.84972694855441, -14.83518373116745]]], [[[-55.853406883487835, -14.832433731167448], [-55.84317311651216, -14.832433731167448], [-55.84317311651216, -14.84232626883255], [-55.853406883487835, -14.84232626883255], [-55.853406883487835, -14.832433731167448]]], [[[-55.80556773063926, -14.868193731167445], [-55.79533226936074, -14.868193731167445], [-55.79533226936074, -14.878086268832554], [-55.80556773063926, -14.878086268832554], [-55.80556773063926, -14.868193731167445]]], [[[-55.85708681843471, -14.829683731167446], [-55.846853181565294, -14.829683731167446], [-55.846853181565294, -14.839576268832554], [-55.85708681843471, -14.839576268832554], [-55.85708681843471, -14.829683731167446]]], [[[-55.80188779588071, -14.870943731167447], [-55.7916522041193, -14.870943731167447], [-55.7916522041193, -14.88083626883255], [-55.80188779588071, -14.88083626883255], [-55.80188779588071, -14.870943731167447]]], [[[-55.83961725206036, -14.848003731167445], [-55.82938274793965, -14.848003731167445], [-55.82938274793965, -14.857896268832551], [-55.83961725206036, -14.857896268832551], [-55.83961725206036, -14.848003731167445]]], [[[-55.84425724305988, -14.84762373116745], [-55.83402275694013, -14.84762373116745], [-55.83402275694013, -14.857516268832557], [-55.84425724305988, -14.857516268832557], [-55.84425724305988, -14.84762373116745]]], [[[-55.83497726082423, -14.848373731167445], [-55.824742739175775, -14.848373731167445], [-55.824742739175775, -14.858266268832551], [-55.83497726082423, -14.858266268832551], [-55.83497726082423, -14.848373731167445]]], [[[-55.84888723405966, -14.847243731167445], [-55.838652765940346, -14.847243731167445], [-55.838652765940346, -14.857136268832551], [-55.84888723405966, -14.857136268832551], [-55.84888723405966, -14.847243731167445]]], [[[-55.83034726982521, -14.848753731167447], [-55.82011273017479, -14.848753731167447], [-55.82011273017479, -14.858646268832553], [-55.83034726982521, -14.858646268832553], [-55.83034726982521, -14.848753731167447]]], [[[-55.85352722529653, -14.846873731167447], [-55.84329277470347, -14.846873731167447], [-55.84329277470347, -14.856766268832551], [-55.85352722529653, -14.856766268832551], [-55.85352722529653, -14.846873731167447]]], [[[-55.82570727882646, -14.849133731167449], [-55.81547272117355, -14.849133731167449], [-55.81547272117355, -14.859026268832553], [-55.82570727882646, -14.859026268832553], [-55.82570727882646, -14.849133731167449]]], [[[-55.85815721629682, -14.846493731167445], [-55.84792278370319, -14.846493731167445], [-55.84792278370319, -14.85638626883255], [-55.85815721629682, -14.85638626883255], [-55.85815721629682, -14.846493731167445]]], [[[-55.821077287591066, -14.849503731167445], [-55.81084271240893, -14.849503731167445], [-55.81084271240893, -14.859396268832553], [-55.821077287591066, -14.859396268832553], [-55.821077287591066, -14.849503731167445]]], [[[-55.86279720729736, -14.84611373116745], [-55.85256279270265, -14.84611373116745], [-55.85256279270265, -14.856006268832552], [-55.86279720729736, -14.856006268832552], [-55.86279720729736, -14.84611373116745]]], [[[-55.816437296592824, -14.849883731167447], [-55.80620270340719, -14.849883731167447], [-55.80620270340719, -14.859776268832555], [-55.816437296592824, -14.859776268832555], [-55.816437296592824, -14.849883731167447]]], [[[-55.867427198534976, -14.84574373116745], [-55.85719280146503, -14.84574373116745], [-55.85719280146503, -14.855636268832555], [-55.867427198534976, -14.855636268832555], [-55.867427198534976, -14.84574373116745]]], [[[-55.811807305594826, -14.850263731167445], [-55.80157269440518, -14.850263731167445], [-55.80157269440518, -14.860156268832549], [-55.811807305594826, -14.860156268832549], [-55.811807305594826, -14.850263731167445]]], [[[-55.872067189536025, -14.845363731167446], [-55.86183281046399, -14.845363731167446], [-55.86183281046399, -14.855256268832553], [-55.872067189536025, -14.855256268832553], [-55.872067189536025, -14.845363731167446]]], [[[-55.80716731436018, -14.850633731167445], [-55.796932685639824, -14.850633731167445], [-55.796932685639824, -14.86052626883255], [-55.80716731436018, -14.86052626883255], [-55.80716731436018, -14.850633731167445]]], [[[-55.876697180537334, -14.844983731167448], [-55.866462819462676, -14.844983731167448], [-55.866462819462676, -14.854876268832554], [-55.876697180537334, -14.854876268832554], [-55.876697180537334, -14.844983731167448]]], [[[-55.802527323362696, -14.851013731167448], [-55.79229267663731, -14.851013731167448], [-55.79229267663731, -14.86090626883255], [-55.802527323362696, -14.86090626883255], [-55.802527323362696, -14.851013731167448]]], [[[-55.84550731554471, -14.850683731167445], [-55.8352726844553, -14.850683731167445], [-55.8352726844553, -14.860576268832551], [-55.84550731554471, -14.860576268832551], [-55.84550731554471, -14.850683731167445]]], [[[-55.849087247560085, -14.847813731167449], [-55.83885275243991, -14.847813731167449], [-55.83885275243991, -14.857706268832551], [-55.849087247560085, -14.857706268832551], [-55.849087247560085, -14.847813731167449]]], [[[-55.852667179590114, -14.844943731167445], [-55.84243282040989, -14.844943731167445], [-55.84243282040989, -14.854836268832551], [-55.852667179590114, -14.854836268832551], [-55.852667179590114, -14.844943731167445]]], [[[-55.85624711163479, -14.842073731167446], [-55.846012888365216, -14.842073731167446], [-55.846012888365216, -14.85196626883255], [-55.85624711163479, -14.85196626883255], [-55.85624711163479, -14.842073731167446]]], [[[-55.85982704369409, -14.83920373116745], [-55.849592956305905, -14.83920373116745], [-55.849592956305905, -14.84909626883255], [-55.85982704369409, -14.84909626883255], [-55.85982704369409, -14.83920373116745]]], [[[-55.863416975768054, -14.836333731167443], [-55.853183024231946, -14.836333731167443], [-55.853183024231946, -14.84622626883255], [-55.863416975768054, -14.84622626883255], [-55.863416975768054, -14.836333731167443]]], [[[-55.86699690785665, -14.833463731167448], [-55.85676309214335, -14.833463731167448], [-55.85676309214335, -14.843356268832554], [-55.86699690785665, -14.843356268832554], [-55.86699690785665, -14.833463731167448]]], [[[-55.85804709482579, -14.84136373116745], [-55.84781290517421, -14.84136373116745], [-55.84781290517421, -14.851256268832556], [-55.85804709482579, -14.851256268832556], [-55.85804709482579, -14.84136373116745]]], [[[-55.85982719332502, -14.845523731167448], [-55.84959280667498, -14.845523731167448], [-55.84959280667498, -14.85541626883255], [-55.85982719332502, -14.85541626883255], [-55.85982719332502, -14.845523731167448]]], [[[-55.85626699659399, -14.837213731167449], [-55.846033003406006, -14.837213731167449], [-55.846033003406006, -14.847106268832555], [-55.85626699659399, -14.847106268832555], [-55.85626699659399, -14.837213731167449]]], [[[-55.854486898156225, -14.83305373116744], [-55.84425310184378, -14.83305373116744], [-55.84425310184378, -14.842946268832549], [-55.854486898156225, -14.842946268832549], [-55.854486898156225, -14.83305373116744]]], [[[-55.85270679998572, -14.828903731167447], [-55.842473200014275, -14.828903731167447], [-55.842473200014275, -14.838796268832555], [-55.85270679998572, -14.838796268832555], [-55.85270679998572, -14.828903731167447]]], [[[-55.8710569755314, -14.836323731167445], [-55.8608230244686, -14.836323731167445], [-55.8608230244686, -14.846216268832553], [-55.8710569755314, -14.846216268832553], [-55.8710569755314, -14.836323731167445]]], [[[-55.86854706523467, -14.840113731167447], [-55.85831293476532, -14.840113731167447], [-55.85831293476532, -14.850006268832555], [-55.86854706523467, -14.850006268832555], [-55.86854706523467, -14.840113731167447]]], [[[-55.85098769316117, -14.866613731167448], [-55.84075230683882, -14.866613731167448], [-55.84075230683882, -14.876506268832554], [-55.85098769316117, -14.876506268832554], [-55.85098769316117, -14.866613731167448]]], [[[-55.88618708535634, -14.840963731167445], [-55.87595291464367, -14.840963731167445], [-55.87595291464367, -14.850856268832551], [-55.88618708535634, -14.850856268832551], [-55.88618708535634, -14.840963731167445]]], [[[-55.88854699375401, -14.837093731167448], [-55.87831300624599, -14.837093731167448], [-55.87831300624599, -14.84698626883255], [-55.88854699375401, -14.84698626883255], [-55.88854699375401, -14.837093731167448]]], [[[-55.881447268640855, -14.848703731167449], [-55.87121273135915, -14.848703731167449], [-55.87121273135915, -14.858596268832555], [-55.881447268640855, -14.858596268832555], [-55.881447268640855, -14.848703731167449]]], [[[-55.900987335445414, -14.851523731167445], [-55.89075266455458, -14.851523731167445], [-55.89075266455458, -14.861416268832548], [-55.900987335445414, -14.861416268832548], [-55.900987335445414, -14.851523731167445]]], [[[-55.898987431649864, -14.855583731167446], [-55.88875256835014, -14.855583731167446], [-55.88875256835014, -14.865476268832555], [-55.898987431649864, -14.865476268832555], [-55.898987431649864, -14.855583731167446]]], [[[-55.902987239270274, -14.847463731167448], [-55.89275276072972, -14.847463731167448], [-55.89275276072972, -14.857356268832554], [-55.902987239270274, -14.857356268832554], [-55.902987239270274, -14.847463731167448]]], [[[-55.89697752788362, -14.859643731167445], [-55.88674247211639, -14.859643731167445], [-55.88674247211639, -14.869536268832553], [-55.89697752788362, -14.869536268832553], [-55.89697752788362, -14.859643731167445]]], [[[-55.91670752266823, -14.85942373116745], [-55.90647247733177, -14.85942373116745], [-55.90647247733177, -14.869316268832552], [-55.91670752266823, -14.869316268832552], [-55.91670752266823, -14.85942373116745]]], [[[-55.91302758786677, -14.862173731167445], [-55.90279241213323, -14.862173731167445], [-55.90279241213323, -14.872066268832551], [-55.91302758786677, -14.872066268832551], [-55.91302758786677, -14.862173731167445]]], [[[-55.92038745748314, -14.856673731167447], [-55.91015254251686, -14.856673731167447], [-55.91015254251686, -14.86656626883255], [-55.92038745748314, -14.86656626883255], [-55.92038745748314, -14.856673731167447]]], [[[-55.9240673923115, -14.853923731167445], [-55.91383260768851, -14.853923731167445], [-55.91383260768851, -14.863816268832549], [-55.9240673923115, -14.863816268832549], [-55.9240673923115, -14.853923731167445]]], [[[-55.93048763884955, -14.864323731167447], [-55.92025236115045, -14.864323731167447], [-55.92025236115045, -14.874216268832553], [-55.93048763884955, -14.874216268832553], [-55.93048763884955, -14.864323731167447]]], [[[-55.9288077382303, -14.868513731167445], [-55.9185722617697, -14.868513731167445], [-55.9185722617697, -14.878406268832553], [-55.9288077382303, -14.878406268832553], [-55.9288077382303, -14.868513731167445]]], [[[-55.947907759818314, -14.869423731167448], [-55.93767224018168, -14.869423731167448], [-55.93767224018168, -14.879316268832554], [-55.947907759818314, -14.879316268832554], [-55.947907759818314, -14.869423731167448]]], [[[-55.96165747241526, -14.857303731167445], [-55.95142252758474, -14.857303731167445], [-55.95142252758474, -14.867196268832553], [-55.96165747241526, -14.867196268832553], [-55.96165747241526, -14.857303731167445]]], [[[-55.96413780608331, -14.871373731167449], [-55.9539021939167, -14.871373731167449], [-55.9539021939167, -14.881266268832551], [-55.96413780608331, -14.881266268832551], [-55.96413780608331, -14.871373731167449]]], [[[-55.96710788819066, -14.874833731167447], [-55.95687211180934, -14.874833731167447], [-55.95687211180934, -14.884726268832553], [-55.96710788819066, -14.884726268832553], [-55.96710788819066, -14.874833731167447]]], [[[-55.96117772399725, -14.867913731167445], [-55.950942276002756, -14.867913731167445], [-55.950942276002756, -14.877806268832554], [-55.96117772399725, -14.877806268832554], [-55.96117772399725, -14.867913731167445]]], [[[-55.958207641695346, -14.864443731167448], [-55.94797235830467, -14.864443731167448], [-55.94797235830467, -14.874336268832554], [-55.958207641695346, -14.874336268832554], [-55.958207641695346, -14.864443731167448]]], [[[-55.97600813511556, -14.885233731167451], [-55.96577186488444, -14.885233731167451], [-55.96577186488444, -14.895126268832552], [-55.97600813511556, -14.895126268832552], [-55.97600813511556, -14.885233731167451]]], [[[-55.97917782103191, -14.872003731167446], [-55.96894217896809, -14.872003731167446], [-55.96894217896809, -14.881896268832556], [-55.97917782103191, -14.881896268832556], [-55.97917782103191, -14.872003731167446]]], [[[-55.975347881545346, -14.874553731167447], [-55.96511211845466, -14.874553731167447], [-55.96511211845466, -14.884446268832553], [-55.975347881545346, -14.884446268832553], [-55.975347881545346, -14.874553731167447]]], [[[-56.00597739681384, -14.854113731167445], [-55.99574260318617, -14.854113731167445], [-55.99574260318617, -14.86400626883255], [-56.00597739681384, -14.86400626883255], [-56.00597739681384, -14.854113731167445]]], [[[-56.009807336393095, -14.851563731167447], [-55.9995726636069, -14.851563731167447], [-55.9995726636069, -14.86145626883255], [-56.009807336393095, -14.86145626883255], [-56.009807336393095, -14.851563731167447]]], [[[-55.99265808120304, -14.882963731167445], [-55.982421918796966, -14.882963731167445], [-55.982421918796966, -14.892856268832553], [-55.99265808120304, -14.892856268832553], [-55.99265808120304, -14.882963731167445]]], [[[-55.98852813060271, -14.885043731167446], [-55.97829186939729, -14.885043731167446], [-55.97829186939729, -14.894936268832552], [-55.98852813060271, -14.894936268832552], [-55.98852813060271, -14.885043731167446]]], [[[-55.9967880320485, -14.880893731167449], [-55.98655196795149, -14.880893731167449], [-55.98655196795149, -14.890786268832555], [-55.9967880320485, -14.890786268832555], [-55.9967880320485, -14.880893731167449]]], [[[-55.98440817977253, -14.887113731167448], [-55.974171820227475, -14.887113731167448], [-55.974171820227475, -14.897006268832554], [-55.98440817977253, -14.897006268832554], [-55.98440817977253, -14.887113731167448]]], [[[-56.00503793352495, -14.876743731167446], [-55.99480206647506, -14.876743731167446], [-55.99480206647506, -14.88663626883255], [-56.00503793352495, -14.88663626883255], [-56.00503793352495, -14.876743731167446]]], [[[-56.009167884155985, -14.874663731167447], [-55.99893211584401, -14.874663731167447], [-55.99893211584401, -14.884556268832554], [-56.009167884155985, -14.884556268832554], [-56.009167884155985, -14.874663731167447]]], [[[-56.013297834794734, -14.872583731167447], [-56.00306216520528, -14.872583731167447], [-56.00306216520528, -14.882476268832555], [-56.013297834794734, -14.882476268832555], [-56.013297834794734, -14.872583731167447]]], [[[-56.01741778567843, -14.87051373116745], [-56.00718221432158, -14.87051373116745], [-56.00718221432158, -14.880406268832552], [-56.01741778567843, -14.880406268832552], [-56.01741778567843, -14.87051373116745]]], [[[-56.0256776872315, -14.866363731167445], [-56.0154423127685, -14.866363731167445], [-56.0154423127685, -14.876256268832554], [-56.0256776872315, -14.876256268832554], [-56.0256776872315, -14.866363731167445]]], [[[-56.006438274570655, -14.89110373116745], [-55.996201725429344, -14.89110373116745], [-55.996201725429344, -14.900996268832552], [-56.006438274570655, -14.900996268832552], [-56.006438274570655, -14.89110373116745]]], [[[-56.00183829072955, -14.891783731167447], [-55.991601709270455, -14.891783731167447], [-55.991601709270455, -14.901676268832553], [-56.00183829072955, -14.901676268832553], [-56.00183829072955, -14.891783731167447]]], [[[-56.01103825865019, -14.890433731167443], [-56.00080174134981, -14.890433731167443], [-56.00080174134981, -14.90032626883255], [-56.01103825865019, -14.90032626883255], [-56.01103825865019, -14.890433731167443]]], [[[-55.99723830688927, -14.892463731167451], [-55.987001693110734, -14.892463731167451], [-55.987001693110734, -14.902356268832557], [-55.99723830688927, -14.902356268832557], [-55.99723830688927, -14.892463731167451]]], [[[-56.01563824249293, -14.889753731167442], [-56.00540175750707, -14.889753731167442], [-56.00540175750707, -14.89964626883255], [-56.01563824249293, -14.89964626883255], [-56.01563824249293, -14.889753731167442]]], [[[-55.99263832304982, -14.893143731167449], [-55.9824016769502, -14.893143731167449], [-55.9824016769502, -14.903036268832551], [-55.99263832304982, -14.903036268832551], [-55.99263832304982, -14.893143731167449]]], [[[-56.02023822633649, -14.889073731167446], [-56.01000177366352, -14.889073731167446], [-56.01000177366352, -14.898966268832556], [-56.02023822633649, -14.898966268832556], [-56.02023822633649, -14.889073731167446]]], [[[-56.024838210180874, -14.888393731167445], [-56.01460178981913, -14.888393731167445], [-56.01460178981913, -14.898286268832555], [-56.024838210180874, -14.898286268832555], [-56.024838210180874, -14.888393731167445]]], [[[-56.0201983803313, -14.895553731167443], [-56.009961619668694, -14.895553731167443], [-56.009961619668694, -14.905446268832552], [-56.0201983803313, -14.905446268832552], [-56.0201983803313, -14.895553731167443]]], [[[-56.02179848065824, -14.899773731167446], [-56.01156151934177, -14.899773731167446], [-56.01156151934177, -14.909666268832552], [-56.02179848065824, -14.909666268832552], [-56.02179848065824, -14.899773731167446]]], [[[-56.01860827979844, -14.891323731167448], [-56.00837172020156, -14.891323731167448], [-56.00837172020156, -14.901216268832552], [-56.01860827979844, -14.901216268832552], [-56.01860827979844, -14.891323731167448]]], [[[-56.02339858101687, -14.903993731167445], [-56.01316141898313, -14.903993731167445], [-56.01316141898313, -14.913886268832552], [-56.02339858101687, -14.913886268832552], [-56.02339858101687, -14.903993731167445]]], [[[-56.017008179534976, -14.88710373116745], [-56.006771820465026, -14.88710373116745], [-56.006771820465026, -14.896996268832552], [-56.017008179534976, -14.896996268832552], [-56.017008179534976, -14.88710373116745]]], [[[-56.02498868164513, -14.90822373116745], [-56.01475131835486, -14.90822373116745], [-56.01475131835486, -14.918116268832552], [-56.02498868164513, -14.918116268832552], [-56.02498868164513, -14.90822373116745]]], [[[-56.015418079065725, -14.882873731167445], [-56.005181920934284, -14.882873731167445], [-56.005181920934284, -14.892766268832553], [-56.015418079065725, -14.892766268832553], [-56.015418079065725, -14.882873731167445]]], [[[-56.01381797886572, -14.878653731167441], [-56.003582021134285, -14.878653731167441], [-56.003582021134285, -14.888546268832549], [-56.01381797886572, -14.888546268832549], [-56.01381797886572, -14.878653731167441]]], [[[-56.02818888252108, -14.916663731167445], [-56.017951117478916, -14.916663731167445], [-56.017951117478916, -14.92655626883255], [-56.02818888252108, -14.92655626883255], [-56.02818888252108, -14.916663731167445]]], [[[-56.0122178786974, -14.874433731167446], [-56.00198212130261, -14.874433731167446], [-56.00198212130261, -14.884326268832554], [-56.0122178786974, -14.884326268832554], [-56.0122178786974, -14.874433731167446]]], [[[-56.0106277783235, -14.870203731167441], [-56.0003922216765, -14.870203731167441], [-56.0003922216765, -14.880096268832549], [-56.0106277783235, -14.880096268832549], [-56.0106277783235, -14.870203731167441]]], [[[-56.009027678218615, -14.86598373116745], [-55.99879232178138, -14.86598373116745], [-55.99879232178138, -14.875876268832556], [-56.009027678218615, -14.875876268832556], [-56.009027678218615, -14.86598373116745]]], [[[-56.0074375779083, -14.861753731167445], [-55.997202422091696, -14.861753731167445], [-55.997202422091696, -14.871646268832553], [-56.0074375779083, -14.871646268832553], [-56.0074375779083, -14.861753731167445]]], [[[-56.020947987174935, -14.879003731167447], [-56.01071201282507, -14.879003731167447], [-56.01071201282507, -14.888896268832555], [-56.020947987174935, -14.888896268832555], [-56.020947987174935, -14.879003731167447]]], [[[-56.02560798717494, -14.879003731167447], [-56.01537201282507, -14.879003731167447], [-56.01537201282507, -14.888896268832555], [-56.02560798717494, -14.888896268832555], [-56.02560798717494, -14.879003731167447]]], [[[-56.016297987174944, -14.879003731167447], [-56.00606201282507, -14.879003731167447], [-56.00606201282507, -14.888896268832555], [-56.016297987174944, -14.888896268832555], [-56.016297987174944, -14.879003731167447]]], [[[-55.99303798693753, -14.878993731167446], [-55.982802013062475, -14.878993731167446], [-55.982802013062475, -14.888886268832552], [-55.99303798693753, -14.888886268832552], [-55.99303798693753, -14.878993731167446]]], [[[-55.98837798693753, -14.878993731167446], [-55.978142013062474, -14.878993731167446], [-55.978142013062474, -14.888886268832552], [-55.98837798693753, -14.888886268832552], [-55.98837798693753, -14.878993731167446]]], [[[-55.98372798693753, -14.878993731167446], [-55.973492013062476, -14.878993731167446], [-55.973492013062476, -14.888886268832552], [-55.98372798693753, -14.888886268832552], [-55.98372798693753, -14.878993731167446]]], [[[-56.0116477887628, -14.870643731167448], [-56.001412211237195, -14.870643731167448], [-56.001412211237195, -14.880536268832556], [-56.0116477887628, -14.880536268832556], [-56.0116477887628, -14.870643731167448]]], [[[-56.0163077887628, -14.870643731167448], [-56.006072211237196, -14.870643731167448], [-56.006072211237196, -14.880536268832556], [-56.0163077887628, -14.880536268832556], [-56.0163077887628, -14.870643731167448]]], [[[-56.0069977887628, -14.870643731167448], [-55.9967622112372, -14.870643731167448], [-55.9967622112372, -14.880536268832556], [-56.0069977887628, -14.880536268832556], [-56.0069977887628, -14.870643731167448]]], [[[-55.9883877887628, -14.870643731167448], [-55.9781522112372, -14.870643731167448], [-55.9781522112372, -14.880536268832556], [-55.9883877887628, -14.880536268832556], [-55.9883877887628, -14.870643731167448]]], [[[-55.97908778852554, -14.870633731167446], [-55.96885221147446, -14.870633731167446], [-55.96885221147446, -14.880526268832554], [-55.97908778852554, -14.880526268832554], [-55.97908778852554, -14.870633731167446]]], [[[-56.04886778852554, -14.870633731167446], [-56.03863221147447, -14.870633731167446], [-56.03863221147447, -14.880526268832554], [-56.04886778852554, -14.880526268832554], [-56.04886778852554, -14.870633731167446]]], [[[-55.97442778852554, -14.870633731167446], [-55.96419221147446, -14.870633731167446], [-55.96419221147446, -14.880526268832554], [-55.97442778852554, -14.880526268832554], [-55.97442778852554, -14.870633731167446]]], [[[-56.021557493985135, -14.858213731167446], [-56.01132250601487, -14.858213731167446], [-56.01132250601487, -14.86810626883255], [-56.021557493985135, -14.86810626883255], [-56.021557493985135, -14.858213731167446]]], [[[-56.02025759640285, -14.862533731167447], [-56.010022403597155, -14.862533731167447], [-56.010022403597155, -14.872426268832555], [-56.02025759640285, -14.872426268832555], [-56.02025759640285, -14.862533731167447]]], [[[-56.017667801337865, -14.871173731167447], [-56.00743219866213, -14.871173731167447], [-56.00743219866213, -14.881066268832555], [-56.017667801337865, -14.881066268832555], [-56.017667801337865, -14.871173731167447]]], [[[-56.01637790385519, -14.875493731167445], [-56.00614209614482, -14.875493731167445], [-56.00614209614482, -14.885386268832551], [-56.01637790385519, -14.885386268832551], [-56.01637790385519, -14.875493731167445]]], [[[-56.015078006405695, -14.879813731167447], [-56.00484199359431, -14.879813731167447], [-56.00484199359431, -14.889706268832553], [-56.015078006405695, -14.889706268832553], [-56.015078006405695, -14.879813731167447]]], [[[-56.029316880412296, -14.832303731167443], [-56.019083119587705, -14.832303731167443], [-56.019083119587705, -14.84219626883255], [-56.029316880412296, -14.84219626883255], [-56.029316880412296, -14.832303731167443]]], [[[-56.03061677822677, -14.827983731167441], [-56.02038322177323, -14.827983731167441], [-56.02038322177323, -14.837876268832549], [-56.03061677822677, -14.837876268832549], [-56.03061677822677, -14.827983731167441]]], [[[-56.01119831401881, -14.892763731167442], [-56.00096168598118, -14.892763731167442], [-56.00096168598118, -14.90265626883255], [-56.01119831401881, -14.90265626883255], [-56.01119831401881, -14.892763731167442]]], [[[-56.03190667607441, -14.823663731167448], [-56.02167332392559, -14.823663731167448], [-56.02167332392559, -14.83355626883255], [-56.03190667607441, -14.83355626883255], [-56.03190667607441, -14.823663731167448]]], [[[-56.034047467437816, -14.857093731167451], [-56.0238125325622, -14.857093731167451], [-56.0238125325622, -14.866986268832555], [-56.034047467437816, -14.866986268832555], [-56.034047467437816, -14.857093731167451]]], [[[-56.03823751389709, -14.859053731167446], [-56.028002486102906, -14.859053731167446], [-56.028002486102906, -14.868946268832552], [-56.03823751389709, -14.868946268832552], [-56.03823751389709, -14.859053731167446]]], [[[-56.029857420985365, -14.855133731167445], [-56.019622579014644, -14.855133731167445], [-56.019622579014644, -14.865026268832553], [-56.029857420985365, -14.865026268832553], [-56.029857420985365, -14.855133731167445]]], [[[-56.042427560126114, -14.861003731167447], [-56.03219243987388, -14.861003731167447], [-56.03219243987388, -14.870896268832553], [-56.042427560126114, -14.870896268832553], [-56.042427560126114, -14.861003731167447]]], [[[-56.05079765307877, -14.864923731167448], [-56.04056234692123, -14.864923731167448], [-56.04056234692123, -14.874816268832554], [-56.05079765307877, -14.874816268832554], [-56.05079765307877, -14.864923731167448]]], [[[-56.048347341842344, -14.851793731167447], [-56.038112658157665, -14.851793731167447], [-56.038112658157665, -14.861686268832553], [-56.048347341842344, -14.861686268832553], [-56.048347341842344, -14.851793731167447]]], [[[-56.05300734184234, -14.851793731167447], [-56.042772658157666, -14.851793731167447], [-56.042772658157666, -14.861686268832553], [-56.05300734184234, -14.861686268832553], [-56.05300734184234, -14.851793731167447]]], [[[-56.04369734184234, -14.851793731167447], [-56.03346265815767, -14.851793731167447], [-56.03346265815767, -14.861686268832553], [-56.04369734184234, -14.861686268832553], [-56.04369734184234, -14.851793731167447]]], [[[-56.02974734184234, -14.851793731167447], [-56.019512658157666, -14.851793731167447], [-56.019512658157666, -14.861686268832553], [-56.02974734184234, -14.861686268832553], [-56.02974734184234, -14.851793731167447]]], [[[-56.01113734184234, -14.851793731167447], [-56.00090265815766, -14.851793731167447], [-56.00090265815766, -14.861686268832553], [-56.01113734184234, -14.861686268832553], [-56.01113734184234, -14.851793731167447]]], [[[-56.053656945241606, -14.835043731167447], [-56.0434230547584, -14.835043731167447], [-56.0434230547584, -14.844936268832551], [-56.053656945241606, -14.844936268832551], [-56.053656945241606, -14.835043731167447]]], [[[-56.05806697908118, -14.83647373116745], [-56.04783302091882, -14.83647373116745], [-56.04783302091882, -14.846366268832554], [-56.05806697908118, -14.846366268832554], [-56.05806697908118, -14.83647373116745]]], [[[-56.04924691140567, -14.833613731167445], [-56.03901308859434, -14.833613731167445], [-56.03901308859434, -14.843506268832552], [-56.04924691140567, -14.843506268832552], [-56.04924691140567, -14.833613731167445]]], [[[-56.062477012687715, -14.83789373116745], [-56.0522429873123, -14.83789373116745], [-56.0522429873123, -14.847786268832555], [-56.062477012687715, -14.847786268832555], [-56.062477012687715, -14.83789373116745]]], [[[-56.04482687780994, -14.832193731167447], [-56.03459312219006, -14.832193731167447], [-56.03459312219006, -14.842086268832555], [-56.04482687780994, -14.842086268832555], [-56.04482687780994, -14.832193731167447]]], [[[-56.06688704653453, -14.839323731167443], [-56.05665295346548, -14.839323731167443], [-56.05665295346548, -14.849216268832551], [-56.06688704653453, -14.849216268832551], [-56.06688704653453, -14.839323731167443]]], [[[-56.04041684398124, -14.830763731167451], [-56.030183156018765, -14.830763731167451], [-56.030183156018765, -14.840656268832555], [-56.04041684398124, -14.840656268832555], [-56.04041684398124, -14.830763731167451]]], [[[-56.07129708038498, -14.840753731167448], [-56.06106291961502, -14.840753731167448], [-56.06106291961502, -14.850646268832554], [-56.07129708038498, -14.850646268832554], [-56.07129708038498, -14.840753731167448]]], [[[-56.03600681015618, -14.829333731167448], [-56.02577318984382, -14.829333731167448], [-56.02577318984382, -14.839226268832551], [-56.03600681015618, -14.839226268832551], [-56.03600681015618, -14.829333731167448]]], [[[-56.03159677633475, -14.827903731167446], [-56.02136322366525, -14.827903731167446], [-56.02136322366525, -14.837796268832555], [-56.03159677633475, -14.837796268832555], [-56.03159677633475, -14.827903731167446]]], [[[-56.022776708939254, -14.825053731167442], [-56.01254329106074, -14.825053731167442], [-56.01254329106074, -14.834946268832551], [-56.022776708939254, -14.834946268832551], [-56.022776708939254, -14.825053731167442]]], [[[-56.01836667512871, -14.82362373116745], [-56.008133324871295, -14.82362373116745], [-56.008133324871295, -14.833516268832556], [-56.01836667512871, -14.833516268832556], [-56.01836667512871, -14.82362373116745]]], [[[-56.06328673187575, -14.826023731167448], [-56.053053268124245, -14.826023731167448], [-56.053053268124245, -14.835916268832554], [-56.06328673187575, -14.835916268832554], [-56.06328673187575, -14.826023731167448]]], [[[-56.059736800695276, -14.828933731167451], [-56.04950319930472, -14.828933731167451], [-56.04950319930472, -14.838826268832554], [-56.059736800695276, -14.838826268832554], [-56.059736800695276, -14.828933731167451]]], [[[-56.0668366633077, -14.823123731167447], [-56.056603336692305, -14.823123731167447], [-56.056603336692305, -14.833016268832553], [-56.0668366633077, -14.833016268832553], [-56.0668366633077, -14.823123731167447]]], [[[-56.056186869293285, -14.831833731167448], [-56.04595313070673, -14.831833731167448], [-56.04595313070673, -14.841726268832554], [-56.056186869293285, -14.841726268832554], [-56.056186869293285, -14.831833731167448]]], [[[-56.07039659475459, -14.82022373116745], [-56.06016340524542, -14.82022373116745], [-56.06016340524542, -14.830116268832553], [-56.07039659475459, -14.830116268832553], [-56.07039659475459, -14.82022373116745]]], [[[-56.052636938142854, -14.834743731167444], [-56.04240306185715, -14.834743731167444], [-56.04240306185715, -14.844636268832549], [-56.052636938142854, -14.844636268832549], [-56.052636938142854, -14.834743731167444]]], [[[-56.0739465259801, -14.817313731167445], [-56.06371347401989, -14.817313731167445], [-56.06371347401989, -14.827206268832553], [-56.0739465259801, -14.827206268832553], [-56.0739465259801, -14.817313731167445]]], [[[-56.04908700677081, -14.837643731167448], [-56.0388529932292, -14.837643731167448], [-56.0388529932292, -14.847536268832553], [-56.04908700677081, -14.847536268832553], [-56.04908700677081, -14.837643731167448]]], [[[-56.07749645745693, -14.814413731167447], [-56.067263542543074, -14.814413731167447], [-56.067263542543074, -14.824306268832549], [-56.07749645745693, -14.824306268832549], [-56.07749645745693, -14.814413731167447]]], [[[-56.045527075413716, -14.840543731167449], [-56.035292924586294, -14.840543731167449], [-56.035292924586294, -14.850436268832555], [-56.045527075413716, -14.850436268832555], [-56.045527075413716, -14.840543731167449]]], [[[-56.08104638871249, -14.811503731167445], [-56.07081361128751, -14.811503731167445], [-56.07081361128751, -14.821396268832554], [-56.08104638871249, -14.821396268832554], [-56.08104638871249, -14.811503731167445]]], [[[-56.04197714430833, -14.843453731167447], [-56.031742855691654, -14.843453731167447], [-56.031742855691654, -14.853346268832556], [-56.04197714430833, -14.853346268832556], [-56.04197714430833, -14.843453731167447]]], [[[-56.08459632021925, -14.808603731167448], [-56.074363679780745, -14.808603731167448], [-56.074363679780745, -14.81849626883255], [-56.08459632021925, -14.81849626883255], [-56.08459632021925, -14.808603731167448]]], [[[-56.08814625174095, -14.80570373116745], [-56.07791374825904, -14.80570373116745], [-56.07791374825904, -14.815596268832556], [-56.08814625174095, -14.815596268832556], [-56.08814625174095, -14.80570373116745]]], [[[-56.09169618304154, -14.802793731167451], [-56.081463816958454, -14.802793731167451], [-56.081463816958454, -14.812686268832554], [-56.09169618304154, -14.812686268832554], [-56.09169618304154, -14.802793731167451]]], [[[-56.074096505421586, -14.81644373116745], [-56.06386349457842, -14.81644373116745], [-56.06386349457842, -14.826336268832552], [-56.074096505421586, -14.826336268832552], [-56.074096505421586, -14.81644373116745]]], [[[-56.07743657915493, -14.819563731167442], [-56.06720342084507, -14.819563731167442], [-56.06720342084507, -14.829456268832551], [-56.07743657915493, -14.829456268832551], [-56.07743657915493, -14.819563731167442]]], [[[-56.070746431469296, -14.81331373116745], [-56.06051356853071, -14.81331373116745], [-56.06051356853071, -14.823206268832552], [-56.070746431469296, -14.823206268832552], [-56.070746431469296, -14.81331373116745]]], [[[-56.08078665314198, -14.822693731167446], [-56.07055334685802, -14.822693731167446], [-56.07055334685802, -14.832586268832555], [-56.08078665314198, -14.832586268832555], [-56.08078665314198, -14.822693731167446]]], [[[-56.06740635777059, -14.810193731167447], [-56.05717364222941, -14.810193731167447], [-56.05717364222941, -14.820086268832556], [-56.06740635777059, -14.820086268832556], [-56.06740635777059, -14.810193731167447]]], [[[-56.08412672690997, -14.825813731167448], [-56.073893273090015, -14.825813731167448], [-56.073893273090015, -14.835706268832554], [-56.08412672690997, -14.835706268832554], [-56.08412672690997, -14.825813731167448]]], [[[-56.06406628385306, -14.807063731167446], [-56.05383371614695, -14.807063731167446], [-56.05383371614695, -14.816956268832556], [-56.06406628385306, -14.816956268832556], [-56.06406628385306, -14.807063731167446]]], [[[-56.09153644966041, -14.814083731167447], [-56.08130355033958, -14.814083731167447], [-56.08130355033958, -14.823976268832553], [-56.09153644966041, -14.823976268832553], [-56.09153644966041, -14.814083731167447]]], [[[-56.09317654890325, -14.818283731167448], [-56.08294345109674, -14.818283731167448], [-56.08294345109674, -14.828176268832554], [-56.09317654890325, -14.828176268832554], [-56.09317654890325, -14.818283731167448]]], [[[-56.08989635021273, -14.809873731167444], [-56.07966364978728, -14.809873731167444], [-56.07966364978728, -14.819766268832549], [-56.08989635021273, -14.819766268832549], [-56.08989635021273, -14.809873731167444]]], [[[-56.094816648413854, -14.822493731167446], [-56.08458335158615, -14.822493731167446], [-56.08458335158615, -14.832386268832552], [-56.094816648413854, -14.832386268832552], [-56.094816648413854, -14.822493731167446]]], [[[-56.088266250796536, -14.805663731167447], [-56.07803374920347, -14.805663731167447], [-56.07803374920347, -14.815556268832557], [-56.088266250796536, -14.815556268832557], [-56.088266250796536, -14.805663731167447]]], [[[-56.08662615141182, -14.801453731167442], [-56.07639384858818, -14.801453731167442], [-56.07639384858818, -14.811346268832551], [-56.08662615141182, -14.811346268832551], [-56.08662615141182, -14.801453731167442]]], [[[-56.084986052058596, -14.79724373116745], [-56.0747539479414, -14.79724373116745], [-56.0747539479414, -14.80713626883255], [-56.084986052058596, -14.80713626883255], [-56.084986052058596, -14.79724373116745]]], [[[-56.10393618044496, -14.802683731167447], [-56.09370381955505, -14.802683731167447], [-56.09370381955505, -14.812576268832554], [-56.10393618044496, -14.812576268832554], [-56.10393618044496, -14.802683731167447]]], [[[-56.10393628668665, -14.80718373116745], [-56.09370371331337, -14.80718373116745], [-56.09370371331337, -14.817076268832553], [-56.10393628668665, -14.817076268832553], [-56.10393628668665, -14.80718373116745]]], [[[-56.10393639272808, -14.811673731167446], [-56.093703607271934, -14.811673731167446], [-56.093703607271934, -14.821566268832555], [-56.10393639272808, -14.821566268832555], [-56.10393639272808, -14.811673731167446]]], [[[-56.1039359683054, -14.793693731167446], [-56.09370403169461, -14.793693731167446], [-56.09370403169461, -14.80358626883255], [-56.1039359683054, -14.80358626883255], [-56.1039359683054, -14.793693731167446]]], [[[-56.10393649904163, -14.816173731167448], [-56.093703500958384, -14.816173731167448], [-56.093703500958384, -14.826066268832555], [-56.10393649904163, -14.826066268832555], [-56.10393649904163, -14.816173731167448]]], [[[-56.10393565024735, -14.780203731167447], [-56.093704349752656, -14.780203731167447], [-56.093704349752656, -14.790096268832553], [-56.10393565024735, -14.790096268832553], [-56.10393565024735, -14.780203731167447]]], [[[-56.10393554422128, -14.775703731167448], [-56.093704455778735, -14.775703731167448], [-56.093704455778735, -14.78559626883255], [-56.10393554422128, -14.78559626883255], [-56.10393554422128, -14.775703731167448]]], [[[-56.11855635588111, -14.810113731167448], [-56.10832364411888, -14.810113731167448], [-56.10832364411888, -14.820006268832554], [-56.11855635588111, -14.820006268832554], [-56.11855635588111, -14.810113731167448]]], [[[-56.12119644328159, -14.813813731167444], [-56.11096355671841, -14.813813731167444], [-56.11096355671841, -14.823706268832552], [-56.12119644328159, -14.823706268832552], [-56.12119644328159, -14.813813731167444]]], [[[-56.11591626850495, -14.806413731167446], [-56.10568373149505, -14.806413731167446], [-56.10568373149505, -14.816306268832552], [-56.11591626850495, -14.816306268832552], [-56.11591626850495, -14.806413731167446]]], [[[-56.12384653070639, -14.817513731167447], [-56.11361346929361, -14.817513731167447], [-56.11361346929361, -14.827406268832556], [-56.12384653070639, -14.827406268832556], [-56.12384653070639, -14.817513731167447]]], [[[-56.11327618091706, -14.802703731167448], [-56.103043819082934, -14.802703731167448], [-56.103043819082934, -14.812596268832554], [-56.11327618091706, -14.812596268832554], [-56.11327618091706, -14.802703731167448]]], [[[-56.12648661815552, -14.821213731167449], [-56.11625338184448, -14.821213731167449], [-56.11625338184448, -14.831106268832555], [-56.12648661815552, -14.831106268832555], [-56.12648661815552, -14.821213731167449]]], [[[-56.110636093589605, -14.799003731167446], [-56.100403906410385, -14.799003731167446], [-56.100403906410385, -14.808896268832552], [-56.110636093589605, -14.808896268832552], [-56.110636093589605, -14.799003731167446]]], [[[-56.12912670562898, -14.824913731167449], [-56.11889329437102, -14.824913731167449], [-56.11889329437102, -14.834806268832555], [-56.12912670562898, -14.834806268832555], [-56.12912670562898, -14.824913731167449]]], [[[-56.10799600628646, -14.795303731167447], [-56.09776399371353, -14.795303731167447], [-56.09776399371353, -14.805196268832555], [-56.10799600628646, -14.805196268832555], [-56.10799600628646, -14.795303731167447]]], [[[-56.105355919007636, -14.791603731167447], [-56.095124080992356, -14.791603731167447], [-56.095124080992356, -14.80149626883255], [-56.105355919007636, -14.80149626883255], [-56.105355919007636, -14.791603731167447]]], [[[-56.13968705600281, -14.839723731167448], [-56.12945294399718, -14.839723731167448], [-56.12945294399718, -14.849616268832552], [-56.13968705600281, -14.849616268832552], [-56.13968705600281, -14.839723731167448]]], [[[-56.117595948255136, -14.79284373116745], [-56.10736405174486, -14.79284373116745], [-56.10736405174486, -14.802736268832552], [-56.117595948255136, -14.802736268832552], [-56.117595948255136, -14.79284373116745]]], [[[-56.122245943773486, -14.792653731167446], [-56.11201405622651, -14.792653731167446], [-56.11201405622651, -14.80254626883255], [-56.122245943773486, -14.80254626883255], [-56.122245943773486, -14.792653731167446]]], [[[-56.11294595250097, -14.793023731167445], [-56.102714047499035, -14.793023731167445], [-56.102714047499035, -14.802916268832554], [-56.11294595250097, -14.802916268832554], [-56.11294595250097, -14.793023731167445]]], [[[-56.126885939527774, -14.792473731167446], [-56.11665406047222, -14.792473731167446], [-56.11665406047222, -14.802366268832552], [-56.126885939527774, -14.802366268832552], [-56.126885939527774, -14.792473731167446]]], [[[-56.13153593528212, -14.792293731167451], [-56.12130406471789, -14.792293731167451], [-56.12130406471789, -14.802186268832552], [-56.13153593528212, -14.802186268832552], [-56.13153593528212, -14.792293731167451]]], [[[-56.13618593103652, -14.792113731167447], [-56.12595406896348, -14.792113731167447], [-56.12595406896348, -14.802006268832557], [-56.13618593103652, -14.802006268832557], [-56.13618593103652, -14.792113731167447]]], [[[-56.14082592679099, -14.791933731167449], [-56.13059407320902, -14.791933731167449], [-56.13059407320902, -14.801826268832551], [-56.14082592679099, -14.801826268832551], [-56.14082592679099, -14.791933731167449]]], [[[-56.13030589825301, -14.790723731167445], [-56.12007410174699, -14.790723731167445], [-56.12007410174699, -14.800616268832552], [-56.13030589825301, -14.800616268832552], [-56.13030589825301, -14.790723731167445]]], [[[-56.13320598104387, -14.794233731167447], [-56.12297401895612, -14.794233731167447], [-56.12297401895612, -14.804126268832555], [-56.13320598104387, -14.804126268832555], [-56.13320598104387, -14.794233731167447]]], [[[-56.127395815248256, -14.787203731167445], [-56.11716418475175, -14.787203731167445], [-56.11716418475175, -14.79709626883255], [-56.127395815248256, -14.79709626883255], [-56.127395815248256, -14.787203731167445]]], [[[-56.136106063856616, -14.797743731167447], [-56.12587393614338, -14.797743731167447], [-56.12587393614338, -14.80763626883255], [-56.136106063856616, -14.80763626883255], [-56.136106063856616, -14.797743731167447]]], [[[-56.1244957325012, -14.783693731167446], [-56.1142642674988, -14.783693731167446], [-56.1142642674988, -14.793586268832552], [-56.1244957325012, -14.793586268832552], [-56.1244957325012, -14.783693731167446]]], [[[-56.13901614669123, -14.801253731167446], [-56.128783853308754, -14.801253731167446], [-56.128783853308754, -14.811146268832555], [-56.13901614669123, -14.811146268832555], [-56.13901614669123, -14.801253731167446]]], [[[-56.12159564977604, -14.780183731167448], [-56.111364350223965, -14.780183731167448], [-56.111364350223965, -14.790076268832555], [-56.12159564977604, -14.790076268832555], [-56.12159564977604, -14.780183731167448]]], [[[-56.1433956163151, -14.77876373116745], [-56.133164383684914, -14.77876373116745], [-56.133164383684914, -14.788656268832554], [-56.1433956163151, -14.788656268832554], [-56.1433956163151, -14.77876373116745]]], [[[-56.144775717651484, -14.783063731167449], [-56.13454428234851, -14.783063731167449], [-56.13454428234851, -14.792956268832555], [-56.144775717651484, -14.792956268832555], [-56.144775717651484, -14.783063731167449]]], [[[-56.14202551524707, -14.774473731167445], [-56.13179448475293, -14.774473731167445], [-56.13179448475293, -14.784366268832551], [-56.14202551524707, -14.784366268832551], [-56.14202551524707, -14.774473731167445]]], [[[-56.14615581878493, -14.787353731167446], [-56.13592418121506, -14.787353731167446], [-56.13592418121506, -14.797246268832552], [-56.14615581878493, -14.797246268832552], [-56.14615581878493, -14.787353731167446]]], [[[-56.14064541421172, -14.770183731167448], [-56.13041458578829, -14.770183731167448], [-56.13041458578829, -14.780076268832554], [-56.14064541421172, -14.780076268832554], [-56.14064541421172, -14.770183731167448]]], [[[-56.139265312973635, -14.765883731167449], [-56.12903468702636, -14.765883731167449], [-56.12903468702636, -14.775776268832557], [-56.139265312973635, -14.775776268832557], [-56.139265312973635, -14.765883731167449]]], [[[-56.137885212003695, -14.761593731167451], [-56.1276547879963, -14.761593731167451], [-56.1276547879963, -14.771486268832557], [-56.137885212003695, -14.771486268832557], [-56.137885212003695, -14.761593731167451]]], [[[-56.150296122853405, -14.800243731167445], [-56.14006387714661, -14.800243731167445], [-56.14006387714661, -14.81013626883255], [-56.150296122853405, -14.81013626883255], [-56.150296122853405, -14.800243731167445]]], [[[-56.13651511083117, -14.757293731167445], [-56.12628488916883, -14.757293731167445], [-56.12628488916883, -14.767186268832555], [-56.13651511083117, -14.767186268832555], [-56.13651511083117, -14.757293731167445]]], [[[-56.13513500992663, -14.753003731167448], [-56.12490499007338, -14.753003731167448], [-56.12490499007338, -14.76289626883255], [-56.13513500992663, -14.76289626883255], [-56.13513500992663, -14.753003731167448]]], [[[-56.13375490881964, -14.748703731167446], [-56.12352509118036, -14.748703731167446], [-56.12352509118036, -14.758596268832552], [-56.13375490881964, -14.758596268832552], [-56.13375490881964, -14.748703731167446]]], [[[-56.154426426980734, -14.813123731167446], [-56.144193573019265, -14.813123731167446], [-56.144193573019265, -14.82301626883255], [-56.154426426980734, -14.82301626883255], [-56.154426426980734, -14.813123731167446]]], [[[-56.13237480798048, -14.744413731167448], [-56.12214519201952, -14.744413731167448], [-56.12214519201952, -14.754306268832554], [-56.13237480798048, -14.754306268832554], [-56.13237480798048, -14.744413731167448]]], [[[-56.1594754233954, -14.770573731167447], [-56.1492445766046, -14.770573731167447], [-56.1492445766046, -14.780466268832557], [-56.1594754233954, -14.780466268832557], [-56.1594754233954, -14.770573731167447]]], [[[-56.161615517367046, -14.774563731167442], [-56.15138448263296, -14.774563731167442], [-56.15138448263296, -14.784456268832551], [-56.161615517367046, -14.784456268832551], [-56.161615517367046, -14.774563731167442]]], [[[-56.15734532921662, -14.766573731167448], [-56.147114670783395, -14.766573731167448], [-56.147114670783395, -14.776466268832554], [-56.15734532921662, -14.776466268832554], [-56.15734532921662, -14.766573731167448]]], [[[-56.16374561136694, -14.778553731167445], [-56.153514388633056, -14.778553731167445], [-56.153514388633056, -14.788446268832555], [-56.16374561136694, -14.788446268832555], [-56.16374561136694, -14.778553731167445]]], [[[-56.15520523530155, -14.762583731167448], [-56.144974764698446, -14.762583731167448], [-56.144974764698446, -14.772476268832552], [-56.15520523530155, -14.772476268832552], [-56.15520523530155, -14.762583731167448]]], [[[-56.16588570563081, -14.782553731167445], [-56.1556542943692, -14.782553731167445], [-56.1556542943692, -14.79244626883255], [-56.16588570563081, -14.79244626883255], [-56.16588570563081, -14.782553731167445]]], [[[-56.15306514117949, -14.758583731167445], [-56.14283485882052, -14.758583731167445], [-56.14283485882052, -14.768476268832554], [-56.15306514117949, -14.768476268832554], [-56.15306514117949, -14.758583731167445]]], [[[-56.16802579968731, -14.786543731167448], [-56.157794200312686, -14.786543731167448], [-56.157794200312686, -14.796436268832554], [-56.16802579968731, -14.796436268832554], [-56.16802579968731, -14.786543731167448]]], [[[-56.150935047321006, -14.754593731167446], [-56.140704952679, -14.754593731167446], [-56.140704952679, -14.764486268832549], [-56.150935047321006, -14.764486268832549], [-56.150935047321006, -14.754593731167446]]], [[[-56.17015589400792, -14.790543731167444], [-56.159924105992076, -14.790543731167444], [-56.159924105992076, -14.800436268832554], [-56.17015589400792, -14.800436268832554], [-56.17015589400792, -14.790543731167444]]], [[[-56.148794953255646, -14.750593731167449], [-56.13856504674436, -14.750593731167449], [-56.13856504674436, -14.760486268832551], [-56.148794953255646, -14.760486268832551], [-56.148794953255646, -14.750593731167449]]], [[[-56.17229598812104, -14.794533731167446], [-56.16206401187897, -14.794533731167446], [-56.16206401187897, -14.804426268832552], [-56.17229598812104, -14.804426268832552], [-56.17229598812104, -14.794533731167446]]], [[[-56.146664859453736, -14.746603731167447], [-56.13643514054627, -14.746603731167447], [-56.13643514054627, -14.756496268832553], [-56.146664859453736, -14.756496268832553], [-56.146664859453736, -14.746603731167447]]], [[[-56.14452476568007, -14.742613731167449], [-56.134295234319936, -14.742613731167449], [-56.134295234319936, -14.752506268832555], [-56.14452476568007, -14.752506268832555], [-56.14452476568007, -14.742613731167449]]], [[[-56.14239467169972, -14.738613731167447], [-56.13216532830027, -14.738613731167447], [-56.13216532830027, -14.74850626883255], [-56.14239467169972, -14.74850626883255], [-56.14239467169972, -14.738613731167447]]], [[[-56.16650511694764, -14.75755373116745], [-56.156274883052355, -14.75755373116745], [-56.156274883052355, -14.767446268832556], [-56.16650511694764, -14.767446268832556], [-56.16650511694764, -14.75755373116745]]], [[[-56.171065095775745, -14.756653731167447], [-56.16083490422426, -14.756653731167447], [-56.16083490422426, -14.766546268832553], [-56.171065095775745, -14.766546268832553], [-56.171065095775745, -14.756653731167447]]], [[[-56.16194513812099, -14.758453731167446], [-56.151714861879015, -14.758453731167446], [-56.151714861879015, -14.768346268832556], [-56.16194513812099, -14.768346268832556], [-56.16194513812099, -14.758453731167446]]], [[[-56.175615074840486, -14.755763731167448], [-56.16538492515951, -14.755763731167448], [-56.16538492515951, -14.765656268832554], [-56.175615074840486, -14.765656268832554], [-56.175615074840486, -14.755763731167448]]], [[[-56.15739515906049, -14.759343731167448], [-56.14716484093951, -14.759343731167448], [-56.14716484093951, -14.769236268832554], [-56.15739515906049, -14.769236268832554], [-56.15739515906049, -14.759343731167448]]], [[[-56.180175053671434, -14.754863731167443], [-56.16994494632856, -14.754863731167443], [-56.16994494632856, -14.764756268832551], [-56.180175053671434, -14.764756268832551], [-56.180175053671434, -14.754863731167443]]], [[[-56.15283518023669, -14.760243731167447], [-56.14260481976331, -14.760243731167447], [-56.14260481976331, -14.770136268832555], [-56.15283518023669, -14.770136268832555], [-56.15283518023669, -14.760243731167447]]], [[[-56.148275201414336, -14.76114373116745], [-56.13804479858567, -14.76114373116745], [-56.13804479858567, -14.771036268832551], [-56.148275201414336, -14.771036268832551], [-56.148275201414336, -14.76114373116745]]], [[[-56.18928501133765, -14.75306373116745], [-56.17905498866236, -14.75306373116745], [-56.17905498866236, -14.762956268832555], [-56.18928501133765, -14.762956268832555], [-56.18928501133765, -14.75306373116745]]], [[[-56.143725222358086, -14.762033731167445], [-56.133494777641914, -14.762033731167445], [-56.133494777641914, -14.771926268832553], [-56.143725222358086, -14.771926268832553], [-56.143725222358086, -14.762033731167445]]], [[[-56.193844990408074, -14.75217373116745], [-56.183615009591925, -14.75217373116745], [-56.183615009591925, -14.762066268832553], [-56.193844990408074, -14.762066268832553], [-56.193844990408074, -14.75217373116745]]], [[[-56.13916524353859, -14.762933731167447], [-56.12893475646142, -14.762933731167447], [-56.12893475646142, -14.772826268832553], [-56.13916524353859, -14.772826268832553], [-56.13916524353859, -14.762933731167447]]], [[[-56.19840496924475, -14.75127373116745], [-56.18817503075525, -14.75127373116745], [-56.18817503075525, -14.761166268832552], [-56.19840496924475, -14.761166268832552], [-56.19840496924475, -14.75127373116745]]], [[[-56.13460526472052, -14.763833731167445], [-56.12437473527948, -14.763833731167445], [-56.12437473527948, -14.773726268832549], [-56.13460526472052, -14.773726268832549], [-56.13460526472052, -14.763833731167445]]], [[[-56.130055285668526, -14.764723731167445], [-56.119824714331486, -14.764723731167445], [-56.119824714331486, -14.774616268832554], [-56.130055285668526, -14.774616268832554], [-56.130055285668526, -14.764723731167445]]], [[[-56.157854820906756, -14.744963731167447], [-56.14762517909325, -14.744963731167447], [-56.14762517909325, -14.754856268832553], [-56.157854820906756, -14.754856268832553], [-56.157854820906756, -14.744963731167447]]], [[[-56.16180487708351, -14.747353731167449], [-56.151575122916476, -14.747353731167449], [-56.151575122916476, -14.757246268832553], [-56.16180487708351, -14.757246268832553], [-56.16180487708351, -14.747353731167449]]], [[[-56.153914764975106, -14.742583731167445], [-56.14368523502489, -14.742583731167445], [-56.14368523502489, -14.752476268832554], [-56.153914764975106, -14.752476268832554], [-56.153914764975106, -14.742583731167445]]], [[[-56.1657449330353, -14.749733731167447], [-56.155515066964696, -14.749733731167447], [-56.155515066964696, -14.759626268832553], [-56.1657449330353, -14.759626268832553], [-56.1657449330353, -14.749733731167447]]], [[[-56.14997470881857, -14.740193731167444], [-56.139745291181434, -14.740193731167444], [-56.139745291181434, -14.750086268832554], [-56.14997470881857, -14.750086268832554], [-56.14997470881857, -14.740193731167444]]], [[[-56.16968498923229, -14.752123731167451], [-56.15945501076771, -14.752123731167451], [-56.15945501076771, -14.762016268832554], [-56.16968498923229, -14.762016268832554], [-56.16968498923229, -14.752123731167451]]], [[[-56.14603465290706, -14.73781373116745], [-56.13580534709293, -14.73781373116745], [-56.13580534709293, -14.74770626883255], [-56.14603465290706, -14.74770626883255], [-56.14603465290706, -14.73781373116745]]], [[[-56.17362504520422, -14.754503731167445], [-56.16339495479578, -14.754503731167445], [-56.16339495479578, -14.76439626883255], [-56.17362504520422, -14.76439626883255], [-56.17362504520422, -14.754503731167445]]], [[[-56.177565101421436, -14.756893731167445], [-56.16733489857856, -14.756893731167445], [-56.16733489857856, -14.766786268832547], [-56.177565101421436, -14.766786268832547], [-56.177565101421436, -14.756893731167445]]], [[[-56.17368463082714, -14.73687373116745], [-56.163455369172866, -14.73687373116745], [-56.163455369172866, -14.746766268832555], [-56.17368463082714, -14.746766268832555], [-56.17368463082714, -14.73687373116745]]], [[[-56.17680470905351, -14.74020373116745], [-56.16657529094648, -14.74020373116745], [-56.16657529094648, -14.750096268832555], [-56.17680470905351, -14.750096268832555], [-56.17680470905351, -14.74020373116745]]], [[[-56.170564552620434, -14.733543731167448], [-56.16033544737957, -14.733543731167448], [-56.16033544737957, -14.743436268832555], [-56.170564552620434, -14.743436268832555], [-56.170564552620434, -14.733543731167448]]], [[[-56.17992478753457, -14.743543731167444], [-56.16969521246544, -14.743543731167444], [-56.16969521246544, -14.753436268832552], [-56.17992478753457, -14.753436268832552], [-56.17992478753457, -14.743543731167444]]], [[[-56.16745447419863, -14.730203731167446], [-56.15722552580138, -14.730203731167446], [-56.15722552580138, -14.740096268832556], [-56.16745447419863, -14.740096268832556], [-56.16745447419863, -14.730203731167446]]], [[[-56.16433439603131, -14.726873731167448], [-56.154105603968695, -14.726873731167448], [-56.154105603968695, -14.736766268832552], [-56.16433439603131, -14.736766268832552], [-56.16433439603131, -14.726873731167448]]], [[[-56.16121431764901, -14.723533731167446], [-56.150985682351, -14.723533731167446], [-56.150985682351, -14.733426268832556], [-56.16121431764901, -14.733426268832556], [-56.16121431764901, -14.723533731167446]]], [[[-56.18753434956276, -14.724893731167448], [-56.17730565043724, -14.724893731167448], [-56.17730565043724, -14.734786268832558], [-56.18753434956276, -14.734786268832558], [-56.18753434956276, -14.724893731167448]]], [[[-56.190994419972355, -14.727893731167445], [-56.18076558002764, -14.727893731167445], [-56.18076558002764, -14.737786268832549], [-56.190994419972355, -14.737786268832549], [-56.190994419972355, -14.727893731167445]]], [[[-56.18406427940375, -14.72190373116745], [-56.17383572059625, -14.72190373116745], [-56.17383572059625, -14.73179626883255], [-56.18406427940375, -14.73179626883255], [-56.18406427940375, -14.72190373116745]]], [[[-56.19446449016313, -14.730883731167445], [-56.18423550983687, -14.730883731167445], [-56.18423550983687, -14.740776268832553], [-56.19446449016313, -14.740776268832553], [-56.19446449016313, -14.730883731167445]]], [[[-56.18059420902602, -14.718903731167448], [-56.17036579097398, -14.718903731167448], [-56.17036579097398, -14.728796268832552], [-56.18059420902602, -14.728796268832552], [-56.18059420902602, -14.718903731167448]]], [[[-56.19793456060459, -14.733883731167444], [-56.1877054393954, -14.733883731167444], [-56.1877054393954, -14.743776268832551], [-56.19793456060459, -14.743776268832551], [-56.19793456060459, -14.733883731167444]]], [[[-56.17712413889876, -14.715913731167447], [-56.16689586110124, -14.715913731167447], [-56.16689586110124, -14.725806268832551], [-56.17712413889876, -14.725806268832551], [-56.17712413889876, -14.715913731167447]]], [[[-56.201404630827135, -14.73687373116745], [-56.19117536917286, -14.73687373116745], [-56.19117536917286, -14.746766268832555], [-56.201404630827135, -14.746766268832555], [-56.201404630827135, -14.73687373116745]]], [[[-56.17365406855289, -14.712913731167445], [-56.16342593144711, -14.712913731167445], [-56.16342593144711, -14.72280626883255], [-56.17365406855289, -14.72280626883255], [-56.17365406855289, -14.712913731167445]]], [[[-56.15978378779746, -14.700933731167448], [-56.14955621220255, -14.700933731167448], [-56.14955621220255, -14.710826268832555], [-56.15978378779746, -14.710826268832555], [-56.15978378779746, -14.700933731167448]]], [[[-56.201494074648906, -14.71317373116745], [-56.1912659253511, -14.71317373116745], [-56.1912659253511, -14.723066268832554], [-56.201494074648906, -14.723066268832554], [-56.201494074648906, -14.71317373116745]]], [[[-56.20415416094375, -14.716853731167449], [-56.19392583905625, -14.716853731167449], [-56.19392583905625, -14.726746268832553], [-56.20415416094375, -14.726746268832553], [-56.20415416094375, -14.716853731167449]]], [[[-56.19883398814367, -14.709483731167447], [-56.18860601185633, -14.709483731167447], [-56.18860601185633, -14.719376268832553], [-56.19883398814367, -14.719376268832553], [-56.19883398814367, -14.709483731167447]]], [[[-56.2068242474972, -14.72054373116745], [-56.1965957525028, -14.72054373116745], [-56.1965957525028, -14.730436268832555], [-56.2068242474972, -14.730436268832555], [-56.2068242474972, -14.72054373116745]]], [[[-56.19617390166257, -14.70579373116745], [-56.18594609833744, -14.70579373116745], [-56.18594609833744, -14.715686268832556], [-56.19617390166257, -14.715686268832556], [-56.19617390166257, -14.70579373116745]]], [[[-56.209484334074794, -14.724233731167441], [-56.1992556659252, -14.724233731167441], [-56.1992556659252, -14.734126268832547], [-56.209484334074794, -14.734126268832547], [-56.209484334074794, -14.724233731167441]]], [[[-56.1935138152056, -14.702103731167442], [-56.183286184794405, -14.702103731167442], [-56.183286184794405, -14.71199626883255], [-56.1935138152056, -14.71199626883255], [-56.1935138152056, -14.702103731167442]]], [[[-56.21214442067654, -14.727923731167445], [-56.20191557932347, -14.727923731167445], [-56.20191557932347, -14.737816268832551], [-56.21214442067654, -14.737816268832551], [-56.21214442067654, -14.727923731167445]]], [[[-56.21480450706763, -14.731603731167445], [-56.20457549293238, -14.731603731167445], [-56.20457549293238, -14.741496268832554], [-56.21480450706763, -14.741496268832554], [-56.21480450706763, -14.731603731167445]]], [[[-56.217464593717594, -14.735293731167445], [-56.20723540628241, -14.735293731167445], [-56.20723540628241, -14.745186268832555], [-56.217464593717594, -14.745186268832555], [-56.217464593717594, -14.735293731167445]]], [[[-56.18021338375061, -14.683673731167445], [-56.16998661624938, -14.683673731167445], [-56.16998661624938, -14.693566268832551], [-56.18021338375061, -14.693566268832551], [-56.18021338375061, -14.683673731167445]]], [[[-56.2190240111156, -14.710463731167449], [-56.2087959888844, -14.710463731167449], [-56.2087959888844, -14.720356268832553], [-56.2190240111156, -14.720356268832553], [-56.2190240111156, -14.710463731167449]]], [[[-56.219164116386345, -14.714953731167448], [-56.20893588361365, -14.714953731167448], [-56.20893588361365, -14.724846268832557], [-56.219164116386345, -14.724846268832557], [-56.219164116386345, -14.714953731167448]]], [[[-56.218883905880595, -14.705973731167449], [-56.2086560941194, -14.705973731167449], [-56.2086560941194, -14.715866268832555], [-56.218883905880595, -14.715866268832555], [-56.218883905880595, -14.705973731167449]]], [[[-56.21930422192741, -14.71945373116745], [-56.2090757780726, -14.71945373116745], [-56.2090757780726, -14.729346268832554], [-56.21930422192741, -14.729346268832554], [-56.21930422192741, -14.71945373116745]]], [[[-56.21874380044707, -14.701473731167445], [-56.20851619955294, -14.701473731167445], [-56.20851619955294, -14.71136626883255], [-56.21874380044707, -14.71136626883255], [-56.21874380044707, -14.701473731167445]]], [[[-56.21944432726972, -14.723943731167449], [-56.20921567273028, -14.723943731167449], [-56.20921567273028, -14.733836268832551], [-56.21944432726972, -14.733836268832551], [-56.21944432726972, -14.723943731167449]]], [[[-56.218603695283605, -14.696983731167446], [-56.208376304716396, -14.696983731167446], [-56.208376304716396, -14.706876268832554], [-56.218603695283605, -14.706876268832554], [-56.218603695283605, -14.696983731167446]]], [[[-56.21958443288251, -14.728443731167447], [-56.20935556711749, -14.728443731167447], [-56.20935556711749, -14.738336268832553], [-56.21958443288251, -14.738336268832553], [-56.21958443288251, -14.728443731167447]]], [[[-56.21845358992178, -14.692483731167448], [-56.208226410078225, -14.692483731167448], [-56.208226410078225, -14.702376268832555], [-56.21845358992178, -14.702376268832555], [-56.21845358992178, -14.692483731167448]]], [[[-56.21973453829641, -14.73293373116745], [-56.20950546170359, -14.73293373116745], [-56.20950546170359, -14.742826268832555], [-56.21973453829641, -14.742826268832555], [-56.21973453829641, -14.73293373116745]]], [[[-56.21831348482985, -14.687993731167447], [-56.20808651517016, -14.687993731167447], [-56.20808651517016, -14.69788626883255], [-56.21831348482985, -14.69788626883255], [-56.21831348482985, -14.687993731167447]]], [[[-56.219874643980944, -14.737433731167448], [-56.20964535601906, -14.737433731167448], [-56.20964535601906, -14.747326268832552], [-56.219874643980944, -14.747326268832552], [-56.219874643980944, -14.737433731167448]]], [[[-56.21817337953971, -14.683493731167447], [-56.207946620460305, -14.683493731167447], [-56.207946620460305, -14.693386268832555], [-56.21817337953971, -14.693386268832555], [-56.21817337953971, -14.683493731167447]]], [[[-56.218033274519286, -14.679003731167445], [-56.20780672548071, -14.679003731167445], [-56.20780672548071, -14.688896268832549], [-56.218033274519286, -14.688896268832549], [-56.218033274519286, -14.679003731167445]]], [[[-56.22015485522274, -14.746423731167445], [-56.209925144777266, -14.746423731167445], [-56.209925144777266, -14.75631626883255], [-56.22015485522274, -14.75631626883255], [-56.22015485522274, -14.746423731167445]]], [[[-56.217893169300815, -14.674503731167446], [-56.20766683069919, -14.674503731167446], [-56.20766683069919, -14.684396268832554], [-56.217893169300815, -14.684396268832554], [-56.217893169300815, -14.674503731167446]]]]}}, {"type": "Feature", "properties": {"hand_max_m": 30.0, "n_celulas": 456, "rotulo": "HAND ≤ 30 m (proxy SRTM)"}, "geometry": {"type": "MultiPolygon", "coordinates": [[[[-55.77734779208447, -14.870783731167451], [-55.76711220791553, -14.870783731167451], [-55.76711220791553, -14.880676268832556], [-55.77734779208447, -14.880676268832556], [-55.77734779208447, -14.870783731167451]]], [[[-55.77982788249467, -14.874593731167442], [-55.76959211750533, -14.874593731167442], [-55.76959211750533, -14.884486268832552], [-55.77982788249467, -14.884486268832552], [-55.77982788249467, -14.874593731167442]]], [[[-55.774877701700085, -14.86697373116745], [-55.764642298299904, -14.86697373116745], [-55.764642298299904, -14.87686626883255], [-55.774877701700085, -14.87686626883255], [-55.774877701700085, -14.86697373116745]]], [[[-55.78230797269329, -14.87839373116745], [-55.772072027306706, -14.87839373116745], [-55.772072027306706, -14.888286268832555], [-55.78230797269329, -14.888286268832555], [-55.78230797269329, -14.87839373116745]]], [[[-55.77239761157867, -14.863173731167448], [-55.76216238842133, -14.863173731167448], [-55.76216238842133, -14.873066268832554], [-55.77239761157867, -14.873066268832554], [-55.77239761157867, -14.863173731167448]]], [[[-55.78478806315508, -14.882203731167449], [-55.77455193684493, -14.882203731167449], [-55.77455193684493, -14.89209626883255], [-55.78478806315508, -14.89209626883255], [-55.78478806315508, -14.882203731167449]]], [[[-55.769917521245866, -14.859363731167441], [-55.75968247875414, -14.859363731167441], [-55.75968247875414, -14.869256268832553], [-55.769917521245866, -14.869256268832553], [-55.769917521245866, -14.859363731167441]]], [[[-55.76743743117588, -14.855563731167447], [-55.75720256882413, -14.855563731167447], [-55.75720256882413, -14.865456268832556], [-55.76743743117588, -14.865456268832556], [-55.76743743117588, -14.855563731167447]]], [[[-55.764967340894636, -14.851753731167449], [-55.75473265910537, -14.851753731167449], [-55.75473265910537, -14.861646268832555], [-55.764967340894636, -14.861646268832555], [-55.764967340894636, -14.851753731167449]]], [[[-55.757527070442514, -14.840333731167448], [-55.74729292955748, -14.840333731167448], [-55.74729292955748, -14.85022626883255], [-55.757527070442514, -14.85022626883255], [-55.757527070442514, -14.840333731167448]]], [[[-55.79469767679556, -14.865923731167445], [-55.78446232320445, -14.865923731167445], [-55.78446232320445, -14.875816268832557], [-55.79469767679556, -14.875816268832557], [-55.79469767679556, -14.865923731167445]]], [[[-55.796387776188226, -14.870113731167445], [-55.78615222381177, -14.870113731167445], [-55.78615222381177, -14.880006268832553], [-55.796387776188226, -14.880006268832553], [-55.796387776188226, -14.870113731167445]]], [[[-55.781156883014674, -14.832413731167447], [-55.77092311698533, -14.832413731167447], [-55.77092311698533, -14.84230626883255], [-55.781156883014674, -14.84230626883255], [-55.781156883014674, -14.832413731167447]]], [[[-55.80684756320829, -14.861133731167445], [-55.79661243679171, -14.861133731167445], [-55.79661243679171, -14.871026268832557], [-55.80684756320829, -14.871026268832557], [-55.80684756320829, -14.861133731167445]]], [[[-55.810677623672426, -14.863683731167447], [-55.80044237632758, -14.863683731167447], [-55.80044237632758, -14.87357626883255], [-55.810677623672426, -14.87357626883255], [-55.810677623672426, -14.863683731167447]]], [[[-55.80301750251868, -14.85857373116745], [-55.792782497481326, -14.85857373116745], [-55.792782497481326, -14.868466268832556], [-55.80301750251868, -14.868466268832556], [-55.80301750251868, -14.85857373116745]]], [[[-55.814497684385294, -14.866243731167447], [-55.8042623156147, -14.866243731167447], [-55.8042623156147, -14.876136268832553], [-55.814497684385294, -14.876136268832553], [-55.814497684385294, -14.866243731167447]]], [[[-55.818327744872605, -14.868793731167445], [-55.808092255127384, -14.868793731167445], [-55.808092255127384, -14.878686268832553], [-55.818327744872605, -14.878686268832553], [-55.818327744872605, -14.868793731167445]]], [[[-55.814417404396856, -14.854433731167447], [-55.804182595603145, -14.854433731167447], [-55.804182595603145, -14.864326268832553], [-55.814417404396856, -14.864326268832553], [-55.814417404396856, -14.854433731167447]]], [[[-55.81893742951693, -14.855493731167448], [-55.80870257048307, -14.855493731167448], [-55.80870257048307, -14.86538626883255], [-55.81893742951693, -14.86538626883255], [-55.81893742951693, -14.855493731167448]]], [[[-55.80988737951573, -14.85338373116745], [-55.79965262048426, -14.85338373116745], [-55.79965262048426, -14.863276268832555], [-55.80988737951573, -14.863276268832555], [-55.80988737951573, -14.85338373116745]]], [[[-55.805367354399635, -14.852323731167447], [-55.79513264560036, -14.852323731167447], [-55.79513264560036, -14.862216268832556], [-55.805367354399635, -14.862216268832556], [-55.805367354399635, -14.852323731167447]]], [[[-55.82797747952604, -14.857603731167444], [-55.817742520473956, -14.857603731167444], [-55.817742520473956, -14.867496268832554], [-55.82797747952604, -14.867496268832554], [-55.82797747952604, -14.857603731167444]]], [[[-55.80084732928554, -14.851263731167448], [-55.79061267071447, -14.851263731167448], [-55.79061267071447, -14.861156268832557], [-55.80084732928554, -14.861156268832557], [-55.80084732928554, -14.851263731167448]]], [[[-55.83249750465209, -14.858663731167447], [-55.8222624953479, -14.858663731167447], [-55.8222624953479, -14.868556268832554], [-55.83249750465209, -14.868556268832554], [-55.83249750465209, -14.858663731167447]]], [[[-55.83702752954308, -14.859713731167448], [-55.82679247045692, -14.859713731167448], [-55.82679247045692, -14.869606268832555], [-55.83702752954308, -14.869606268832555], [-55.83702752954308, -14.859713731167448]]], [[[-55.846067579568036, -14.861823731167451], [-55.83583242043197, -14.861823731167451], [-55.83583242043197, -14.871716268832554], [-55.846067579568036, -14.871716268832554], [-55.846067579568036, -14.861823731167451]]], [[[-55.81921701931477, -14.838173731167451], [-55.808982980685236, -14.838173731167451], [-55.808982980685236, -14.848066268832556], [-55.81921701931477, -14.848066268832556], [-55.81921701931477, -14.838173731167451]]], [[[-55.81770711992124, -14.842423731167449], [-55.80747288007877, -14.842423731167449], [-55.80747288007877, -14.852316268832551], [-55.81770711992124, -14.852316268832551], [-55.81770711992124, -14.842423731167449]]], [[[-55.816187220559804, -14.846673731167451], [-55.8059527794402, -14.846673731167451], [-55.8059527794402, -14.856566268832555], [-55.816187220559804, -14.856566268832555], [-55.816187220559804, -14.846673731167451]]], [[[-55.814667321230495, -14.850923731167446], [-55.80443267876951, -14.850923731167446], [-55.80443267876951, -14.860816268832554], [-55.814667321230495, -14.860816268832554], [-55.814667321230495, -14.850923731167446]]], [[[-55.813157421933305, -14.855173731167447], [-55.80292257806669, -14.855173731167447], [-55.80292257806669, -14.865066268832553], [-55.813157421933305, -14.865066268832553], [-55.813157421933305, -14.855173731167447]]], [[[-55.81163752290529, -14.859433731167448], [-55.80140247709471, -14.859433731167448], [-55.80140247709471, -14.869326268832555], [-55.81163752290529, -14.869326268832555], [-55.81163752290529, -14.859433731167448]]], [[[-55.810117623672426, -14.863683731167447], [-55.79988237632758, -14.863683731167447], [-55.79988237632758, -14.87357626883255], [-55.810117623672426, -14.87357626883255], [-55.810117623672426, -14.863683731167447]]], [[[-55.80860772447167, -14.86793373116745], [-55.79837227552832, -14.86793373116745], [-55.79837227552832, -14.877826268832557], [-55.80860772447167, -14.877826268832557], [-55.80860772447167, -14.86793373116745]]], [[[-55.83132727408893, -14.848933731167445], [-55.82109272591107, -14.848933731167445], [-55.82109272591107, -14.858826268832555], [-55.83132727408893, -14.858826268832555], [-55.83132727408893, -14.848933731167445]]], [[[-55.827647339236165, -14.851683731167448], [-55.817412660763836, -14.851683731167448], [-55.817412660763836, -14.861576268832554], [-55.827647339236165, -14.861576268832554], [-55.827647339236165, -14.851683731167448]]], [[[-55.835007208955126, -14.846183731167446], [-55.824772791044865, -14.846183731167446], [-55.824772791044865, -14.856076268832553], [-55.835007208955126, -14.856076268832553], [-55.835007208955126, -14.846183731167446]]], [[[-55.82396740439685, -14.854433731167447], [-55.813732595603135, -14.854433731167447], [-55.813732595603135, -14.864326268832553], [-55.82396740439685, -14.864326268832553], [-55.82396740439685, -14.854433731167447]]], [[[-55.83868714383478, -14.843433731167451], [-55.82845285616522, -14.843433731167451], [-55.82845285616522, -14.853326268832557], [-55.83868714383478, -14.853326268832557], [-55.83868714383478, -14.843433731167451]]], [[[-55.820287469571, -14.85718373116745], [-55.81005253042901, -14.85718373116745], [-55.81005253042901, -14.867076268832552], [-55.820287469571, -14.867076268832552], [-55.820287469571, -14.85718373116745]]], [[[-55.81660753475858, -14.85993373116745], [-55.806372465241424, -14.85993373116745], [-55.806372465241424, -14.869826268832554], [-55.81660753475858, -14.869826268832554], [-55.81660753475858, -14.85993373116745]]], [[[-55.846047013634426, -14.837933731167443], [-55.835812986365575, -14.837933731167443], [-55.835812986365575, -14.847826268832552], [-55.846047013634426, -14.847826268832552], [-55.846047013634426, -14.837933731167443]]], [[[-55.81292759995962, -14.862683731167449], [-55.80269240004039, -14.862683731167449], [-55.80269240004039, -14.872576268832553], [-55.81292759995962, -14.872576268832553], [-55.81292759995962, -14.862683731167449]]], [[[-55.84972694855441, -14.83518373116745], [-55.839493051445594, -14.83518373116745], [-55.839493051445594, -14.845076268832553], [-55.84972694855441, -14.845076268832553], [-55.84972694855441, -14.83518373116745]]], [[[-55.809247665174105, -14.865433731167451], [-55.799012334825896, -14.865433731167451], [-55.799012334825896, -14.875326268832556], [-55.809247665174105, -14.875326268832556], [-55.809247665174105, -14.865433731167451]]], [[[-55.853406883487835, -14.832433731167448], [-55.84317311651216, -14.832433731167448], [-55.84317311651216, -14.84232626883255], [-55.853406883487835, -14.84232626883255], [-55.853406883487835, -14.832433731167448]]], [[[-55.80556773063926, -14.868193731167445], [-55.79533226936074, -14.868193731167445], [-55.79533226936074, -14.878086268832554], [-55.80556773063926, -14.878086268832554], [-55.80556773063926, -14.868193731167445]]], [[[-55.85708681843471, -14.829683731167446], [-55.846853181565294, -14.829683731167446], [-55.846853181565294, -14.839576268832554], [-55.85708681843471, -14.839576268832554], [-55.85708681843471, -14.829683731167446]]], [[[-55.80188779588071, -14.870943731167447], [-55.7916522041193, -14.870943731167447], [-55.7916522041193, -14.88083626883255], [-55.80188779588071, -14.88083626883255], [-55.80188779588071, -14.870943731167447]]], [[[-55.86076675339501, -14.826933731167447], [-55.85053324660498, -14.826933731167447], [-55.85053324660498, -14.836826268832555], [-55.86076675339501, -14.836826268832555], [-55.86076675339501, -14.826933731167447]]], [[[-55.83961725206036, -14.848003731167445], [-55.82938274793965, -14.848003731167445], [-55.82938274793965, -14.857896268832551], [-55.83961725206036, -14.857896268832551], [-55.83961725206036, -14.848003731167445]]], [[[-55.84425724305988, -14.84762373116745], [-55.83402275694013, -14.84762373116745], [-55.83402275694013, -14.857516268832557], [-55.84425724305988, -14.857516268832557], [-55.84425724305988, -14.84762373116745]]], [[[-55.83497726082423, -14.848373731167445], [-55.824742739175775, -14.848373731167445], [-55.824742739175775, -14.858266268832551], [-55.83497726082423, -14.858266268832551], [-55.83497726082423, -14.848373731167445]]], [[[-55.84888723405966, -14.847243731167445], [-55.838652765940346, -14.847243731167445], [-55.838652765940346, -14.857136268832551], [-55.84888723405966, -14.857136268832551], [-55.84888723405966, -14.847243731167445]]], [[[-55.83034726982521, -14.848753731167447], [-55.82011273017479, -14.848753731167447], [-55.82011273017479, -14.858646268832553], [-55.83034726982521, -14.858646268832553], [-55.83034726982521, -14.848753731167447]]], [[[-55.85352722529653, -14.846873731167447], [-55.84329277470347, -14.846873731167447], [-55.84329277470347, -14.856766268832551], [-55.85352722529653, -14.856766268832551], [-55.85352722529653, -14.846873731167447]]], [[[-55.82570727882646, -14.849133731167449], [-55.81547272117355, -14.849133731167449], [-55.81547272117355, -14.859026268832553], [-55.82570727882646, -14.859026268832553], [-55.82570727882646, -14.849133731167449]]], [[[-55.85815721629682, -14.846493731167445], [-55.84792278370319, -14.846493731167445], [-55.84792278370319, -14.85638626883255], [-55.85815721629682, -14.85638626883255], [-55.85815721629682, -14.846493731167445]]], [[[-55.821077287591066, -14.849503731167445], [-55.81084271240893, -14.849503731167445], [-55.81084271240893, -14.859396268832553], [-55.821077287591066, -14.859396268832553], [-55.821077287591066, -14.849503731167445]]], [[[-55.86279720729736, -14.84611373116745], [-55.85256279270265, -14.84611373116745], [-55.85256279270265, -14.856006268832552], [-55.86279720729736, -14.856006268832552], [-55.86279720729736, -14.84611373116745]]], [[[-55.816437296592824, -14.849883731167447], [-55.80620270340719, -14.849883731167447], [-55.80620270340719, -14.859776268832555], [-55.816437296592824, -14.859776268832555], [-55.816437296592824, -14.849883731167447]]], [[[-55.867427198534976, -14.84574373116745], [-55.85719280146503, -14.84574373116745], [-55.85719280146503, -14.855636268832555], [-55.867427198534976, -14.855636268832555], [-55.867427198534976, -14.84574373116745]]], [[[-55.811807305594826, -14.850263731167445], [-55.80157269440518, -14.850263731167445], [-55.80157269440518, -14.860156268832549], [-55.811807305594826, -14.860156268832549], [-55.811807305594826, -14.850263731167445]]], [[[-55.872067189536025, -14.845363731167446], [-55.86183281046399, -14.845363731167446], [-55.86183281046399, -14.855256268832553], [-55.872067189536025, -14.855256268832553], [-55.872067189536025, -14.845363731167446]]], [[[-55.80716731436018, -14.850633731167445], [-55.796932685639824, -14.850633731167445], [-55.796932685639824, -14.86052626883255], [-55.80716731436018, -14.86052626883255], [-55.80716731436018, -14.850633731167445]]], [[[-55.876697180537334, -14.844983731167448], [-55.866462819462676, -14.844983731167448], [-55.866462819462676, -14.854876268832554], [-55.876697180537334, -14.854876268832554], [-55.876697180537334, -14.844983731167448]]], [[[-55.802527323362696, -14.851013731167448], [-55.79229267663731, -14.851013731167448], [-55.79229267663731, -14.86090626883255], [-55.802527323362696, -14.86090626883255], [-55.802527323362696, -14.851013731167448]]], [[[-55.84550731554471, -14.850683731167445], [-55.8352726844553, -14.850683731167445], [-55.8352726844553, -14.860576268832551], [-55.84550731554471, -14.860576268832551], [-55.84550731554471, -14.850683731167445]]], [[[-55.84191738330701, -14.85354373116745], [-55.83168261669299, -14.85354373116745], [-55.83168261669299, -14.863436268832558], [-55.84191738330701, -14.863436268832558], [-55.84191738330701, -14.85354373116745]]], [[[-55.849087247560085, -14.847813731167449], [-55.83885275243991, -14.847813731167449], [-55.83885275243991, -14.857706268832551], [-55.849087247560085, -14.857706268832551], [-55.849087247560085, -14.847813731167449]]], [[[-55.838337451320875, -14.856413731167446], [-55.82810254867912, -14.856413731167446], [-55.82810254867912, -14.86630626883255], [-55.838337451320875, -14.86630626883255], [-55.838337451320875, -14.856413731167446]]], [[[-55.852667179590114, -14.844943731167445], [-55.84243282040989, -14.844943731167445], [-55.84243282040989, -14.854836268832551], [-55.852667179590114, -14.854836268832551], [-55.852667179590114, -14.844943731167445]]], [[[-55.85624711163479, -14.842073731167446], [-55.846012888365216, -14.842073731167446], [-55.846012888365216, -14.85196626883255], [-55.85624711163479, -14.85196626883255], [-55.85624711163479, -14.842073731167446]]], [[[-55.85982704369409, -14.83920373116745], [-55.849592956305905, -14.83920373116745], [-55.849592956305905, -14.84909626883255], [-55.85982704369409, -14.84909626883255], [-55.85982704369409, -14.83920373116745]]], [[[-55.863416975768054, -14.836333731167443], [-55.853183024231946, -14.836333731167443], [-55.853183024231946, -14.84622626883255], [-55.863416975768054, -14.84622626883255], [-55.863416975768054, -14.836333731167443]]], [[[-55.824007723522826, -14.867893731167445], [-55.813772276477174, -14.867893731167445], [-55.813772276477174, -14.877786268832551], [-55.824007723522826, -14.877786268832551], [-55.824007723522826, -14.867893731167445]]], [[[-55.86699690785665, -14.833463731167448], [-55.85676309214335, -14.833463731167448], [-55.85676309214335, -14.843356268832554], [-55.86699690785665, -14.843356268832554], [-55.86699690785665, -14.833463731167448]]], [[[-55.87057683995989, -14.830593731167447], [-55.8603431600401, -14.830593731167447], [-55.8603431600401, -14.840486268832555], [-55.87057683995989, -14.840486268832555], [-55.87057683995989, -14.830593731167447]]], [[[-55.85804709482579, -14.84136373116745], [-55.84781290517421, -14.84136373116745], [-55.84781290517421, -14.851256268832556], [-55.85804709482579, -14.851256268832556], [-55.85804709482579, -14.84136373116745]]], [[[-55.85982719332502, -14.845523731167448], [-55.84959280667498, -14.845523731167448], [-55.84959280667498, -14.85541626883255], [-55.85982719332502, -14.85541626883255], [-55.85982719332502, -14.845523731167448]]], [[[-55.85626699659399, -14.837213731167449], [-55.846033003406006, -14.837213731167449], [-55.846033003406006, -14.847106268832555], [-55.85626699659399, -14.847106268832555], [-55.85626699659399, -14.837213731167449]]], [[[-55.854486898156225, -14.83305373116744], [-55.84425310184378, -14.83305373116744], [-55.84425310184378, -14.842946268832549], [-55.854486898156225, -14.842946268832549], [-55.854486898156225, -14.83305373116744]]], [[[-55.85270679998572, -14.828903731167447], [-55.842473200014275, -14.828903731167447], [-55.842473200014275, -14.838796268832555], [-55.85270679998572, -14.838796268832555], [-55.85270679998572, -14.828903731167447]]], [[[-55.8710569755314, -14.836323731167445], [-55.8608230244686, -14.836323731167445], [-55.8608230244686, -14.846216268832553], [-55.8710569755314, -14.846216268832553], [-55.8710569755314, -14.836323731167445]]], [[[-55.86854706523467, -14.840113731167447], [-55.85831293476532, -14.840113731167447], [-55.85831293476532, -14.850006268832555], [-55.86854706523467, -14.850006268832555], [-55.86854706523467, -14.840113731167447]]], [[[-55.87356688609024, -14.83254373116745], [-55.86333311390976, -14.83254373116745], [-55.86333311390976, -14.842436268832556], [-55.87356688609024, -14.842436268832556], [-55.87356688609024, -14.83254373116745]]], [[[-55.86603715496349, -14.843903731167446], [-55.855802845036514, -14.843903731167446], [-55.855802845036514, -14.853796268832548], [-55.86603715496349, -14.853796268832548], [-55.86603715496349, -14.843903731167446]]], [[[-55.88108661744638, -14.821183731167448], [-55.87085338255363, -14.821183731167448], [-55.87085338255363, -14.83107626883255], [-55.88108661744638, -14.83107626883255], [-55.88108661744638, -14.821183731167448]]], [[[-55.883596527870615, -14.817393731167444], [-55.87336347212939, -14.817393731167444], [-55.87336347212939, -14.827286268832552], [-55.883596527870615, -14.827286268832552], [-55.883596527870615, -14.817393731167444]]], [[[-55.85098769316117, -14.866613731167448], [-55.84075230683882, -14.866613731167448], [-55.84075230683882, -14.876506268832554], [-55.85098769316117, -14.876506268832554], [-55.85098769316117, -14.866613731167448]]], [[[-55.88618708535634, -14.840963731167445], [-55.87595291464367, -14.840963731167445], [-55.87595291464367, -14.850856268832551], [-55.88618708535634, -14.850856268832551], [-55.88618708535634, -14.840963731167445]]], [[[-55.88381717698529, -14.844833731167446], [-55.87358282301472, -14.844833731167446], [-55.87358282301472, -14.854726268832554], [-55.88381717698529, -14.854726268832554], [-55.88381717698529, -14.844833731167446]]], [[[-55.88854699375401, -14.837093731167448], [-55.87831300624599, -14.837093731167448], [-55.87831300624599, -14.84698626883255], [-55.88854699375401, -14.84698626883255], [-55.88854699375401, -14.837093731167448]]], [[[-55.881447268640855, -14.848703731167449], [-55.87121273135915, -14.848703731167449], [-55.87121273135915, -14.858596268832555], [-55.881447268640855, -14.858596268832555], [-55.881447268640855, -14.848703731167449]]], [[[-55.900987335445414, -14.851523731167445], [-55.89075266455458, -14.851523731167445], [-55.89075266455458, -14.861416268832548], [-55.900987335445414, -14.861416268832548], [-55.900987335445414, -14.851523731167445]]], [[[-55.898987431649864, -14.855583731167446], [-55.88875256835014, -14.855583731167446], [-55.88875256835014, -14.865476268832555], [-55.898987431649864, -14.865476268832555], [-55.898987431649864, -14.855583731167446]]], [[[-55.902987239270274, -14.847463731167448], [-55.89275276072972, -14.847463731167448], [-55.89275276072972, -14.857356268832554], [-55.902987239270274, -14.857356268832554], [-55.902987239270274, -14.847463731167448]]], [[[-55.89697752788362, -14.859643731167445], [-55.88674247211639, -14.859643731167445], [-55.88674247211639, -14.869536268832553], [-55.89697752788362, -14.869536268832553], [-55.89697752788362, -14.859643731167445]]], [[[-55.90499714312446, -14.84340373116745], [-55.89476285687555, -14.84340373116745], [-55.89476285687555, -14.853296268832555], [-55.90499714312446, -14.853296268832555], [-55.90499714312446, -14.84340373116745]]], [[[-55.90699704724464, -14.839353731167451], [-55.89676295275536, -14.839353731167451], [-55.89676295275536, -14.849246268832552], [-55.90699704724464, -14.849246268832552], [-55.90699704724464, -14.839353731167451]]], [[[-55.91670752266823, -14.85942373116745], [-55.90647247733177, -14.85942373116745], [-55.90647247733177, -14.869316268832552], [-55.91670752266823, -14.869316268832552], [-55.91670752266823, -14.85942373116745]]], [[[-55.91302758786677, -14.862173731167445], [-55.90279241213323, -14.862173731167445], [-55.90279241213323, -14.872066268832551], [-55.91302758786677, -14.872066268832551], [-55.91302758786677, -14.862173731167445]]], [[[-55.92038745748314, -14.856673731167447], [-55.91015254251686, -14.856673731167447], [-55.91015254251686, -14.86656626883255], [-55.92038745748314, -14.86656626883255], [-55.92038745748314, -14.856673731167447]]], [[[-55.90934765307877, -14.864923731167448], [-55.89911234692123, -14.864923731167448], [-55.89911234692123, -14.874816268832554], [-55.90934765307877, -14.874816268832554], [-55.90934765307877, -14.864923731167448]]], [[[-55.9240673923115, -14.853923731167445], [-55.91383260768851, -14.853923731167445], [-55.91383260768851, -14.863816268832549], [-55.9240673923115, -14.863816268832549], [-55.9240673923115, -14.853923731167445]]], [[[-55.927747327153305, -14.851173731167448], [-55.9175126728467, -14.851173731167448], [-55.9175126728467, -14.861066268832554], [-55.927747327153305, -14.861066268832554], [-55.927747327153305, -14.851173731167448]]], [[[-55.93048763884955, -14.864323731167447], [-55.92025236115045, -14.864323731167447], [-55.92025236115045, -14.874216268832553], [-55.93048763884955, -14.874216268832553], [-55.93048763884955, -14.864323731167447]]], [[[-55.9288077382303, -14.868513731167445], [-55.9185722617697, -14.868513731167445], [-55.9185722617697, -14.878406268832553], [-55.9288077382303, -14.878406268832553], [-55.9288077382303, -14.868513731167445]]], [[[-55.93216753950002, -14.860133731167448], [-55.92193246049998, -14.860133731167448], [-55.92193246049998, -14.870026268832557], [-55.93216753950002, -14.870026268832557], [-55.93216753950002, -14.860133731167448]]], [[[-55.92711783764228, -14.872703731167448], [-55.91688216235771, -14.872703731167448], [-55.91688216235771, -14.882596268832552], [-55.92711783764228, -14.882596268832552], [-55.92711783764228, -14.872703731167448]]], [[[-55.93385744018172, -14.855943731167445], [-55.923622559818284, -14.855943731167445], [-55.923622559818284, -14.86583626883255], [-55.93385744018172, -14.86583626883255], [-55.93385744018172, -14.855943731167445]]], [[[-55.93553734065771, -14.851743731167447], [-55.92530265934229, -14.851743731167447], [-55.92530265934229, -14.86163626883255], [-55.93553734065771, -14.86163626883255], [-55.93553734065771, -14.851743731167447]]], [[[-55.92038823584017, -14.889473731167445], [-55.91015176415983, -14.889473731167445], [-55.91015176415983, -14.899366268832546], [-55.92038823584017, -14.899366268832546], [-55.92038823584017, -14.889473731167445]]], [[[-55.947907759818314, -14.869423731167448], [-55.93767224018168, -14.869423731167448], [-55.93767224018168, -14.879316268832554], [-55.947907759818314, -14.879316268832554], [-55.947907759818314, -14.869423731167448]]], [[[-55.95821754424153, -14.860333731167447], [-55.94798245575847, -14.860333731167447], [-55.94798245575847, -14.870226268832551], [-55.95821754424153, -14.870226268832551], [-55.95821754424153, -14.860333731167447]]], [[[-55.96165747241526, -14.857303731167445], [-55.95142252758474, -14.857303731167445], [-55.95142252758474, -14.867196268832553], [-55.96165747241526, -14.867196268832553], [-55.96165747241526, -14.857303731167445]]], [[[-55.96508740060532, -14.854273731167448], [-55.954852599394684, -14.854273731167448], [-55.954852599394684, -14.864166268832557], [-55.96508740060532, -14.864166268832557], [-55.96508740060532, -14.854273731167448]]], [[[-55.96413780608331, -14.871373731167449], [-55.9539021939167, -14.871373731167449], [-55.9539021939167, -14.881266268832551], [-55.96413780608331, -14.881266268832551], [-55.96413780608331, -14.871373731167449]]], [[[-55.96710788819066, -14.874833731167447], [-55.95687211180934, -14.874833731167447], [-55.95687211180934, -14.884726268832553], [-55.96710788819066, -14.884726268832553], [-55.96710788819066, -14.874833731167447]]], [[[-55.96117772399725, -14.867913731167445], [-55.950942276002756, -14.867913731167445], [-55.950942276002756, -14.877806268832554], [-55.96117772399725, -14.877806268832554], [-55.96117772399725, -14.867913731167445]]], [[[-55.97007797055671, -14.878303731167447], [-55.95984202944329, -14.878303731167447], [-55.95984202944329, -14.888196268832555], [-55.97007797055671, -14.888196268832555], [-55.97007797055671, -14.878303731167447]]], [[[-55.958207641695346, -14.864443731167448], [-55.94797235830467, -14.864443731167448], [-55.94797235830467, -14.874336268832554], [-55.958207641695346, -14.874336268832554], [-55.958207641695346, -14.864443731167448]]], [[[-55.95523755965193, -14.860983731167448], [-55.94500244034806, -14.860983731167448], [-55.94500244034806, -14.870876268832555], [-55.95523755965193, -14.870876268832555], [-55.95523755965193, -14.860983731167448]]], [[[-55.97600813511556, -14.885233731167451], [-55.96577186488444, -14.885233731167451], [-55.96577186488444, -14.895126268832552], [-55.97600813511556, -14.895126268832552], [-55.97600813511556, -14.885233731167451]]], [[[-55.95227747739279, -14.857513731167447], [-55.9420425226072, -14.857513731167447], [-55.9420425226072, -14.867406268832557], [-55.95227747739279, -14.867406268832557], [-55.95227747739279, -14.857513731167447]]], [[[-55.978978217308246, -14.888693731167445], [-55.96874178269176, -14.888693731167445], [-55.96874178269176, -14.89858626883255], [-55.978978217308246, -14.89858626883255], [-55.978978217308246, -14.888693731167445]]], [[[-55.981938299522234, -14.892153731167447], [-55.97170170047776, -14.892153731167447], [-55.97170170047776, -14.902046268832555], [-55.981938299522234, -14.902046268832555], [-55.981938299522234, -14.892153731167447]]], [[[-55.98490838199524, -14.895623731167447], [-55.97467161800476, -14.895623731167447], [-55.97467161800476, -14.905516268832551], [-55.98490838199524, -14.905516268832551], [-55.98490838199524, -14.895623731167447]]], [[[-55.9878784642519, -14.899083731167448], [-55.977641535748106, -14.899083731167448], [-55.977641535748106, -14.908976268832554], [-55.9878784642519, -14.908976268832554], [-55.9878784642519, -14.899083731167448]]], [[[-55.97917782103191, -14.872003731167446], [-55.96894217896809, -14.872003731167446], [-55.96894217896809, -14.881896268832556], [-55.97917782103191, -14.881896268832556], [-55.97917782103191, -14.872003731167446]]], [[[-55.975347881545346, -14.874553731167447], [-55.96511211845466, -14.874553731167447], [-55.96511211845466, -14.884446268832553], [-55.975347881545346, -14.884446268832553], [-55.975347881545346, -14.874553731167447]]], [[[-55.9830077602928, -14.869443731167449], [-55.972772239707204, -14.869443731167449], [-55.972772239707204, -14.879336268832551], [-55.9830077602928, -14.879336268832551], [-55.9830077602928, -14.869443731167449]]], [[[-55.97151794230773, -14.877113731167448], [-55.96128205769227, -14.877113731167448], [-55.96128205769227, -14.88700626883255], [-55.97151794230773, -14.88700626883255], [-55.97151794230773, -14.877113731167448]]], [[[-55.986837699802535, -14.866893731167444], [-55.97660230019747, -14.866893731167444], [-55.97660230019747, -14.876786268832554], [-55.986837699802535, -14.876786268832554], [-55.986837699802535, -14.866893731167444]]], [[[-55.967688002844355, -14.879663731167446], [-55.95745199715565, -14.879663731167446], [-55.95745199715565, -14.889556268832555], [-55.967688002844355, -14.889556268832555], [-55.967688002844355, -14.879663731167446]]], [[[-55.960038124189815, -14.884773731167448], [-55.94980187581018, -14.884773731167448], [-55.94980187581018, -14.894666268832557], [-55.960038124189815, -14.894666268832557], [-55.960038124189815, -14.884773731167448]]], [[[-56.00597739681384, -14.854113731167445], [-55.99574260318617, -14.854113731167445], [-55.99574260318617, -14.86400626883255], [-56.00597739681384, -14.86400626883255], [-56.00597739681384, -14.854113731167445]]], [[[-56.009807336393095, -14.851563731167447], [-55.9995726636069, -14.851563731167447], [-55.9995726636069, -14.86145626883255], [-56.009807336393095, -14.86145626883255], [-56.009807336393095, -14.851563731167447]]], [[[-55.99265808120304, -14.882963731167445], [-55.982421918796966, -14.882963731167445], [-55.982421918796966, -14.892856268832553], [-55.99265808120304, -14.892856268832553], [-55.99265808120304, -14.882963731167445]]], [[[-55.98852813060271, -14.885043731167446], [-55.97829186939729, -14.885043731167446], [-55.97829186939729, -14.894936268832552], [-55.98852813060271, -14.894936268832552], [-55.98852813060271, -14.885043731167446]]], [[[-55.9967880320485, -14.880893731167449], [-55.98655196795149, -14.880893731167449], [-55.98655196795149, -14.890786268832555], [-55.9967880320485, -14.890786268832555], [-55.9967880320485, -14.880893731167449]]], [[[-55.98440817977253, -14.887113731167448], [-55.974171820227475, -14.887113731167448], [-55.974171820227475, -14.897006268832554], [-55.98440817977253, -14.897006268832554], [-55.98440817977253, -14.887113731167448]]], [[[-55.98027822918757, -14.889193731167447], [-55.970041770812436, -14.889193731167447], [-55.970041770812436, -14.899086268832553], [-55.98027822918757, -14.899086268832553], [-55.98027822918757, -14.889193731167447]]], [[[-56.00503793352495, -14.876743731167446], [-55.99480206647506, -14.876743731167446], [-55.99480206647506, -14.88663626883255], [-56.00503793352495, -14.88663626883255], [-56.00503793352495, -14.876743731167446]]], [[[-55.9761482786103, -14.891273731167447], [-55.9659117213897, -14.891273731167447], [-55.9659117213897, -14.901166268832553], [-55.9761482786103, -14.901166268832553], [-55.9761482786103, -14.891273731167447]]], [[[-56.009167884155985, -14.874663731167447], [-55.99893211584401, -14.874663731167447], [-55.99893211584401, -14.884556268832554], [-56.009167884155985, -14.884556268832554], [-56.009167884155985, -14.874663731167447]]], [[[-55.97201832780307, -14.893343731167448], [-55.961781672196935, -14.893343731167448], [-55.961781672196935, -14.903236268832554], [-55.97201832780307, -14.903236268832554], [-55.97201832780307, -14.893343731167448]]], [[[-56.013297834794734, -14.872583731167447], [-56.00306216520528, -14.872583731167447], [-56.00306216520528, -14.882476268832555], [-56.013297834794734, -14.882476268832555], [-56.013297834794734, -14.872583731167447]]], [[[-55.96788837724116, -14.895423731167451], [-55.95765162275883, -14.895423731167451], [-55.95765162275883, -14.905316268832555], [-55.96788837724116, -14.905316268832555], [-55.96788837724116, -14.895423731167451]]], [[[-56.01741778567843, -14.87051373116745], [-56.00718221432158, -14.87051373116745], [-56.00718221432158, -14.880406268832552], [-56.01741778567843, -14.880406268832552], [-56.01741778567843, -14.87051373116745]]], [[[-56.02154773633252, -14.86843373116745], [-56.01131226366748, -14.86843373116745], [-56.01131226366748, -14.878326268832554], [-56.02154773633252, -14.878326268832554], [-56.02154773633252, -14.86843373116745]]], [[[-56.0256776872315, -14.866363731167445], [-56.0154423127685, -14.866363731167445], [-56.0154423127685, -14.876256268832554], [-56.0256776872315, -14.876256268832554], [-56.0256776872315, -14.866363731167445]]], [[[-56.006438274570655, -14.89110373116745], [-55.996201725429344, -14.89110373116745], [-55.996201725429344, -14.900996268832552], [-56.006438274570655, -14.900996268832552], [-56.006438274570655, -14.89110373116745]]], [[[-56.00183829072955, -14.891783731167447], [-55.991601709270455, -14.891783731167447], [-55.991601709270455, -14.901676268832553], [-56.00183829072955, -14.901676268832553], [-56.00183829072955, -14.891783731167447]]], [[[-56.01103825865019, -14.890433731167443], [-56.00080174134981, -14.890433731167443], [-56.00080174134981, -14.90032626883255], [-56.01103825865019, -14.90032626883255], [-56.01103825865019, -14.890433731167443]]], [[[-55.99723830688927, -14.892463731167451], [-55.987001693110734, -14.892463731167451], [-55.987001693110734, -14.902356268832557], [-55.99723830688927, -14.902356268832557], [-55.99723830688927, -14.892463731167451]]], [[[-56.01563824249293, -14.889753731167442], [-56.00540175750707, -14.889753731167442], [-56.00540175750707, -14.89964626883255], [-56.01563824249293, -14.89964626883255], [-56.01563824249293, -14.889753731167442]]], [[[-55.99263832304982, -14.893143731167449], [-55.9824016769502, -14.893143731167449], [-55.9824016769502, -14.903036268832551], [-55.99263832304982, -14.903036268832551], [-55.99263832304982, -14.893143731167449]]], [[[-56.02023822633649, -14.889073731167446], [-56.01000177366352, -14.889073731167446], [-56.01000177366352, -14.898966268832556], [-56.02023822633649, -14.898966268832556], [-56.02023822633649, -14.889073731167446]]], [[[-56.024838210180874, -14.888393731167445], [-56.01460178981913, -14.888393731167445], [-56.01460178981913, -14.898286268832555], [-56.024838210180874, -14.898286268832555], [-56.024838210180874, -14.888393731167445]]], [[[-56.02943819402608, -14.887713731167445], [-56.01920180597393, -14.887713731167445], [-56.01920180597393, -14.89760626883255], [-56.02943819402608, -14.89760626883255], [-56.02943819402608, -14.887713731167445]]], [[[-55.96963840362715, -14.896533731167448], [-55.95940159637286, -14.896533731167448], [-55.95940159637286, -14.906426268832552], [-55.96963840362715, -14.906426268832552], [-55.96963840362715, -14.896533731167448]]], [[[-56.0201983803313, -14.895553731167443], [-56.009961619668694, -14.895553731167443], [-56.009961619668694, -14.905446268832552], [-56.0201983803313, -14.905446268832552], [-56.0201983803313, -14.895553731167443]]], [[[-56.02179848065824, -14.899773731167446], [-56.01156151934177, -14.899773731167446], [-56.01156151934177, -14.909666268832552], [-56.02179848065824, -14.909666268832552], [-56.02179848065824, -14.899773731167446]]], [[[-56.01860827979844, -14.891323731167448], [-56.00837172020156, -14.891323731167448], [-56.00837172020156, -14.901216268832552], [-56.01860827979844, -14.901216268832552], [-56.01860827979844, -14.891323731167448]]], [[[-56.02339858101687, -14.903993731167445], [-56.01316141898313, -14.903993731167445], [-56.01316141898313, -14.913886268832552], [-56.02339858101687, -14.913886268832552], [-56.02339858101687, -14.903993731167445]]], [[[-56.017008179534976, -14.88710373116745], [-56.006771820465026, -14.88710373116745], [-56.006771820465026, -14.896996268832552], [-56.017008179534976, -14.896996268832552], [-56.017008179534976, -14.88710373116745]]], [[[-56.02498868164513, -14.90822373116745], [-56.01475131835486, -14.90822373116745], [-56.01475131835486, -14.918116268832552], [-56.02498868164513, -14.918116268832552], [-56.02498868164513, -14.90822373116745]]], [[[-56.015418079065725, -14.882873731167445], [-56.005181920934284, -14.882873731167445], [-56.005181920934284, -14.892766268832553], [-56.015418079065725, -14.892766268832553], [-56.015418079065725, -14.882873731167445]]], [[[-56.01381797886572, -14.878653731167441], [-56.003582021134285, -14.878653731167441], [-56.003582021134285, -14.888546268832549], [-56.01381797886572, -14.888546268832549], [-56.01381797886572, -14.878653731167441]]], [[[-56.02818888252108, -14.916663731167445], [-56.017951117478916, -14.916663731167445], [-56.017951117478916, -14.92655626883255], [-56.02818888252108, -14.92655626883255], [-56.02818888252108, -14.916663731167445]]], [[[-56.0122178786974, -14.874433731167446], [-56.00198212130261, -14.874433731167446], [-56.00198212130261, -14.884326268832554], [-56.0122178786974, -14.884326268832554], [-56.0122178786974, -14.874433731167446]]], [[[-56.029778983244775, -14.920893731167446], [-56.01954101675523, -14.920893731167446], [-56.01954101675523, -14.930786268832556], [-56.029778983244775, -14.930786268832556], [-56.029778983244775, -14.920893731167446]]], [[[-56.0106277783235, -14.870203731167441], [-56.0003922216765, -14.870203731167441], [-56.0003922216765, -14.880096268832549], [-56.0106277783235, -14.880096268832549], [-56.0106277783235, -14.870203731167441]]], [[[-56.03137908376211, -14.925113731167448], [-56.0211409162379, -14.925113731167448], [-56.0211409162379, -14.935006268832552], [-56.03137908376211, -14.935006268832552], [-56.03137908376211, -14.925113731167448]]], [[[-56.009027678218615, -14.86598373116745], [-55.99879232178138, -14.86598373116745], [-55.99879232178138, -14.875876268832556], [-56.009027678218615, -14.875876268832556], [-56.009027678218615, -14.86598373116745]]], [[[-56.0074375779083, -14.861753731167445], [-55.997202422091696, -14.861753731167445], [-55.997202422091696, -14.871646268832553], [-56.0074375779083, -14.871646268832553], [-56.0074375779083, -14.861753731167445]]], [[[-56.020947987174935, -14.879003731167447], [-56.01071201282507, -14.879003731167447], [-56.01071201282507, -14.888896268832555], [-56.020947987174935, -14.888896268832555], [-56.020947987174935, -14.879003731167447]]], [[[-56.02560798717494, -14.879003731167447], [-56.01537201282507, -14.879003731167447], [-56.01537201282507, -14.888896268832555], [-56.02560798717494, -14.888896268832555], [-56.02560798717494, -14.879003731167447]]], [[[-56.016297987174944, -14.879003731167447], [-56.00606201282507, -14.879003731167447], [-56.00606201282507, -14.888896268832555], [-56.016297987174944, -14.888896268832555], [-56.016297987174944, -14.879003731167447]]], [[[-56.01164798717493, -14.879003731167447], [-56.00141201282506, -14.879003731167447], [-56.00141201282506, -14.888896268832555], [-56.01164798717493, -14.888896268832555], [-56.01164798717493, -14.879003731167447]]], [[[-56.006997987174934, -14.879003731167447], [-55.996762012825066, -14.879003731167447], [-55.996762012825066, -14.888896268832555], [-56.006997987174934, -14.888896268832555], [-56.006997987174934, -14.879003731167447]]], [[[-55.99303798693753, -14.878993731167446], [-55.982802013062475, -14.878993731167446], [-55.982802013062475, -14.888886268832552], [-55.99303798693753, -14.888886268832552], [-55.99303798693753, -14.878993731167446]]], [[[-55.98837798693753, -14.878993731167446], [-55.978142013062474, -14.878993731167446], [-55.978142013062474, -14.888886268832552], [-55.98837798693753, -14.888886268832552], [-55.98837798693753, -14.878993731167446]]], [[[-56.05817798693754, -14.878993731167446], [-56.04794201306248, -14.878993731167446], [-56.04794201306248, -14.888886268832552], [-56.05817798693754, -14.888886268832552], [-56.05817798693754, -14.878993731167446]]], [[[-55.98372798693753, -14.878993731167446], [-55.973492013062476, -14.878993731167446], [-55.973492013062476, -14.888886268832552], [-55.98372798693753, -14.888886268832552], [-55.98372798693753, -14.878993731167446]]], [[[-56.0116477887628, -14.870643731167448], [-56.001412211237195, -14.870643731167448], [-56.001412211237195, -14.880536268832556], [-56.0116477887628, -14.880536268832556], [-56.0116477887628, -14.870643731167448]]], [[[-56.0163077887628, -14.870643731167448], [-56.006072211237196, -14.870643731167448], [-56.006072211237196, -14.880536268832556], [-56.0163077887628, -14.880536268832556], [-56.0163077887628, -14.870643731167448]]], [[[-56.0069977887628, -14.870643731167448], [-55.9967622112372, -14.870643731167448], [-55.9967622112372, -14.880536268832556], [-56.0069977887628, -14.880536268832556], [-56.0069977887628, -14.870643731167448]]], [[[-56.0209577887628, -14.870643731167448], [-56.010722211237194, -14.870643731167448], [-56.010722211237194, -14.880536268832556], [-56.0209577887628, -14.880536268832556], [-56.0209577887628, -14.870643731167448]]], [[[-56.002347788762805, -14.870643731167448], [-55.992112211237206, -14.870643731167448], [-55.992112211237206, -14.880536268832556], [-56.002347788762805, -14.880536268832556], [-56.002347788762805, -14.870643731167448]]], [[[-56.0302577887628, -14.870643731167448], [-56.0200222112372, -14.870643731167448], [-56.0200222112372, -14.880536268832556], [-56.0302577887628, -14.880536268832556], [-56.0302577887628, -14.870643731167448]]], [[[-55.993037788762805, -14.870643731167448], [-55.9828022112372, -14.870643731167448], [-55.9828022112372, -14.880536268832556], [-55.993037788762805, -14.880536268832556], [-55.993037788762805, -14.870643731167448]]], [[[-56.034917788762804, -14.870643731167448], [-56.024682211237206, -14.870643731167448], [-56.024682211237206, -14.880536268832556], [-56.034917788762804, -14.880536268832556], [-56.034917788762804, -14.870643731167448]]], [[[-55.9883877887628, -14.870643731167448], [-55.9781522112372, -14.870643731167448], [-55.9781522112372, -14.880536268832556], [-55.9883877887628, -14.880536268832556], [-55.9883877887628, -14.870643731167448]]], [[[-55.98373778852554, -14.870633731167446], [-55.97350221147446, -14.870633731167446], [-55.97350221147446, -14.880526268832554], [-55.98373778852554, -14.880526268832554], [-55.98373778852554, -14.870633731167446]]], [[[-56.044217788525536, -14.870633731167446], [-56.03398221147446, -14.870633731167446], [-56.03398221147446, -14.880526268832554], [-56.044217788525536, -14.880526268832554], [-56.044217788525536, -14.870633731167446]]], [[[-55.97908778852554, -14.870633731167446], [-55.96885221147446, -14.870633731167446], [-55.96885221147446, -14.880526268832554], [-55.97908778852554, -14.880526268832554], [-55.97908778852554, -14.870633731167446]]], [[[-56.04886778852554, -14.870633731167446], [-56.03863221147447, -14.870633731167446], [-56.03863221147447, -14.880526268832554], [-56.04886778852554, -14.880526268832554], [-56.04886778852554, -14.870633731167446]]], [[[-55.97442778852554, -14.870633731167446], [-55.96419221147446, -14.870633731167446], [-55.96419221147446, -14.880526268832554], [-55.97442778852554, -14.880526268832554], [-55.97442778852554, -14.870633731167446]]], [[[-56.021557493985135, -14.858213731167446], [-56.01132250601487, -14.858213731167446], [-56.01132250601487, -14.86810626883255], [-56.021557493985135, -14.86810626883255], [-56.021557493985135, -14.858213731167446]]], [[[-56.02025759640285, -14.862533731167447], [-56.010022403597155, -14.862533731167447], [-56.010022403597155, -14.872426268832555], [-56.02025759640285, -14.872426268832555], [-56.02025759640285, -14.862533731167447]]], [[[-56.02284739160061, -14.853893731167444], [-56.0126126083994, -14.853893731167444], [-56.0126126083994, -14.863786268832552], [-56.02284739160061, -14.863786268832552], [-56.02284739160061, -14.853893731167444]]], [[[-56.017667801337865, -14.871173731167447], [-56.00743219866213, -14.871173731167447], [-56.00743219866213, -14.881066268832555], [-56.017667801337865, -14.881066268832555], [-56.017667801337865, -14.871173731167447]]], [[[-56.01637790385519, -14.875493731167445], [-56.00614209614482, -14.875493731167445], [-56.00614209614482, -14.885386268832551], [-56.01637790385519, -14.885386268832551], [-56.01637790385519, -14.875493731167445]]], [[[-56.015078006405695, -14.879813731167447], [-56.00484199359431, -14.879813731167447], [-56.00484199359431, -14.889706268832553], [-56.015078006405695, -14.889706268832553], [-56.015078006405695, -14.879813731167447]]], [[[-56.028026982631005, -14.836623731167444], [-56.01779301736901, -14.836623731167444], [-56.01779301736901, -14.846516268832554], [-56.028026982631005, -14.846516268832554], [-56.028026982631005, -14.836623731167444]]], [[[-56.01378810898941, -14.884133731167449], [-56.0035518910106, -14.884133731167449], [-56.0035518910106, -14.894026268832551], [-56.01378810898941, -14.894026268832551], [-56.01378810898941, -14.884133731167449]]], [[[-56.029316880412296, -14.832303731167443], [-56.019083119587705, -14.832303731167443], [-56.019083119587705, -14.84219626883255], [-56.029316880412296, -14.84219626883255], [-56.029316880412296, -14.832303731167443]]], [[[-56.01248821160633, -14.888453731167445], [-56.00225178839367, -14.888453731167445], [-56.00225178839367, -14.898346268832553], [-56.01248821160633, -14.898346268832553], [-56.01248821160633, -14.888453731167445]]], [[[-56.03061677822677, -14.827983731167441], [-56.02038322177323, -14.827983731167441], [-56.02038322177323, -14.837876268832549], [-56.03061677822677, -14.837876268832549], [-56.03061677822677, -14.827983731167441]]], [[[-56.01119831401881, -14.892763731167442], [-56.00096168598118, -14.892763731167442], [-56.00096168598118, -14.90265626883255], [-56.01119831401881, -14.90265626883255], [-56.01119831401881, -14.892763731167442]]], [[[-56.03190667607441, -14.823663731167448], [-56.02167332392559, -14.823663731167448], [-56.02167332392559, -14.83355626883255], [-56.03190667607441, -14.83355626883255], [-56.03190667607441, -14.823663731167448]]], [[[-56.034047467437816, -14.857093731167451], [-56.0238125325622, -14.857093731167451], [-56.0238125325622, -14.866986268832555], [-56.034047467437816, -14.866986268832555], [-56.034047467437816, -14.857093731167451]]], [[[-56.03823751389709, -14.859053731167446], [-56.028002486102906, -14.859053731167446], [-56.028002486102906, -14.868946268832552], [-56.03823751389709, -14.868946268832552], [-56.03823751389709, -14.859053731167446]]], [[[-56.029857420985365, -14.855133731167445], [-56.019622579014644, -14.855133731167445], [-56.019622579014644, -14.865026268832553], [-56.029857420985365, -14.865026268832553], [-56.029857420985365, -14.855133731167445]]], [[[-56.042427560126114, -14.861003731167447], [-56.03219243987388, -14.861003731167447], [-56.03219243987388, -14.870896268832553], [-56.042427560126114, -14.870896268832553], [-56.042427560126114, -14.861003731167447]]], [[[-56.04661760659903, -14.862963731167445], [-56.03638239340098, -14.862963731167445], [-56.03638239340098, -14.872856268832555], [-56.04661760659903, -14.872856268832555], [-56.04661760659903, -14.862963731167445]]], [[[-56.05079765307877, -14.864923731167448], [-56.04056234692123, -14.864923731167448], [-56.04056234692123, -14.874816268832554], [-56.05079765307877, -14.874816268832554], [-56.05079765307877, -14.864923731167448]]], [[[-56.05498769932815, -14.866873731167448], [-56.04475230067185, -14.866873731167448], [-56.04475230067185, -14.876766268832554], [-56.05498769932815, -14.876766268832554], [-56.05498769932815, -14.866873731167448]]], [[[-56.048347341842344, -14.851793731167447], [-56.038112658157665, -14.851793731167447], [-56.038112658157665, -14.861686268832553], [-56.048347341842344, -14.861686268832553], [-56.048347341842344, -14.851793731167447]]], [[[-56.05300734184234, -14.851793731167447], [-56.042772658157666, -14.851793731167447], [-56.042772658157666, -14.861686268832553], [-56.05300734184234, -14.861686268832553], [-56.05300734184234, -14.851793731167447]]], [[[-56.04369734184234, -14.851793731167447], [-56.03346265815767, -14.851793731167447], [-56.03346265815767, -14.861686268832553], [-56.04369734184234, -14.861686268832553], [-56.04369734184234, -14.851793731167447]]], [[[-56.05765734184234, -14.851793731167447], [-56.04742265815766, -14.851793731167447], [-56.04742265815766, -14.861686268832553], [-56.05765734184234, -14.861686268832553], [-56.05765734184234, -14.851793731167447]]], [[[-56.06695734184233, -14.851793731167447], [-56.05672265815766, -14.851793731167447], [-56.05672265815766, -14.861686268832553], [-56.06695734184233, -14.861686268832553], [-56.06695734184233, -14.851793731167447]]], [[[-56.02974734184234, -14.851793731167447], [-56.019512658157666, -14.851793731167447], [-56.019512658157666, -14.861686268832553], [-56.02974734184234, -14.861686268832553], [-56.02974734184234, -14.851793731167447]]], [[[-56.07160734184234, -14.851793731167447], [-56.06137265815766, -14.851793731167447], [-56.06137265815766, -14.861686268832553], [-56.07160734184234, -14.861686268832553], [-56.07160734184234, -14.851793731167447]]], [[[-56.07626734184234, -14.851793731167447], [-56.06603265815767, -14.851793731167447], [-56.06603265815767, -14.861686268832553], [-56.07626734184234, -14.861686268832553], [-56.07626734184234, -14.851793731167447]]], [[[-56.01578734184233, -14.851793731167447], [-56.00555265815766, -14.851793731167447], [-56.00555265815766, -14.861686268832553], [-56.01578734184233, -14.861686268832553], [-56.01578734184233, -14.851793731167447]]], [[[-56.08556734184234, -14.851793731167447], [-56.07533265815766, -14.851793731167447], [-56.07533265815766, -14.861686268832553], [-56.08556734184234, -14.861686268832553], [-56.08556734184234, -14.851793731167447]]], [[[-56.01113734184234, -14.851793731167447], [-56.00090265815766, -14.851793731167447], [-56.00090265815766, -14.861686268832553], [-56.01113734184234, -14.861686268832553], [-56.01113734184234, -14.851793731167447]]], [[[-56.053656945241606, -14.835043731167447], [-56.0434230547584, -14.835043731167447], [-56.0434230547584, -14.844936268832551], [-56.053656945241606, -14.844936268832551], [-56.053656945241606, -14.835043731167447]]], [[[-56.05806697908118, -14.83647373116745], [-56.04783302091882, -14.83647373116745], [-56.04783302091882, -14.846366268832554], [-56.05806697908118, -14.846366268832554], [-56.05806697908118, -14.83647373116745]]], [[[-56.04924691140567, -14.833613731167445], [-56.03901308859434, -14.833613731167445], [-56.03901308859434, -14.843506268832552], [-56.04924691140567, -14.843506268832552], [-56.04924691140567, -14.833613731167445]]], [[[-56.062477012687715, -14.83789373116745], [-56.0522429873123, -14.83789373116745], [-56.0522429873123, -14.847786268832555], [-56.062477012687715, -14.847786268832555], [-56.062477012687715, -14.83789373116745]]], [[[-56.04482687780994, -14.832193731167447], [-56.03459312219006, -14.832193731167447], [-56.03459312219006, -14.842086268832555], [-56.04482687780994, -14.842086268832555], [-56.04482687780994, -14.832193731167447]]], [[[-56.06688704653453, -14.839323731167443], [-56.05665295346548, -14.839323731167443], [-56.05665295346548, -14.849216268832551], [-56.06688704653453, -14.849216268832551], [-56.06688704653453, -14.839323731167443]]], [[[-56.04041684398124, -14.830763731167451], [-56.030183156018765, -14.830763731167451], [-56.030183156018765, -14.840656268832555], [-56.04041684398124, -14.840656268832555], [-56.04041684398124, -14.830763731167451]]], [[[-56.07129708038498, -14.840753731167448], [-56.06106291961502, -14.840753731167448], [-56.06106291961502, -14.850646268832554], [-56.07129708038498, -14.850646268832554], [-56.07129708038498, -14.840753731167448]]], [[[-56.03600681015618, -14.829333731167448], [-56.02577318984382, -14.829333731167448], [-56.02577318984382, -14.839226268832551], [-56.03600681015618, -14.839226268832551], [-56.03600681015618, -14.829333731167448]]], [[[-56.07570711400232, -14.842173731167449], [-56.065472885997686, -14.842173731167449], [-56.065472885997686, -14.852066268832555], [-56.07570711400232, -14.852066268832555], [-56.07570711400232, -14.842173731167449]]], [[[-56.03159677633475, -14.827903731167446], [-56.02136322366525, -14.827903731167446], [-56.02136322366525, -14.837796268832555], [-56.03159677633475, -14.837796268832555], [-56.03159677633475, -14.827903731167446]]], [[[-56.08012714786002, -14.843603731167448], [-56.069892852139986, -14.843603731167448], [-56.069892852139986, -14.85349626883255], [-56.08012714786002, -14.85349626883255], [-56.08012714786002, -14.843603731167448]]], [[[-56.02718674275344, -14.826483731167444], [-56.016953257246556, -14.826483731167444], [-56.016953257246556, -14.83637626883255], [-56.02718674275344, -14.83637626883255], [-56.02718674275344, -14.826483731167444]]], [[[-56.08453718172135, -14.845033731167447], [-56.074302818278646, -14.845033731167447], [-56.074302818278646, -14.85492626883255], [-56.08453718172135, -14.85492626883255], [-56.08453718172135, -14.845033731167447]]], [[[-56.022776708939254, -14.825053731167442], [-56.01254329106074, -14.825053731167442], [-56.01254329106074, -14.834946268832551], [-56.022776708939254, -14.834946268832551], [-56.022776708939254, -14.825053731167442]]], [[[-56.08894721534949, -14.846453731167445], [-56.07871278465051, -14.846453731167445], [-56.07871278465051, -14.856346268832551], [-56.08894721534949, -14.856346268832551], [-56.08894721534949, -14.846453731167445]]], [[[-56.01836667512871, -14.82362373116745], [-56.008133324871295, -14.82362373116745], [-56.008133324871295, -14.833516268832556], [-56.01836667512871, -14.833516268832556], [-56.01836667512871, -14.82362373116745]]], [[[-56.06328673187575, -14.826023731167448], [-56.053053268124245, -14.826023731167448], [-56.053053268124245, -14.835916268832554], [-56.06328673187575, -14.835916268832554], [-56.06328673187575, -14.826023731167448]]], [[[-56.059736800695276, -14.828933731167451], [-56.04950319930472, -14.828933731167451], [-56.04950319930472, -14.838826268832554], [-56.059736800695276, -14.838826268832554], [-56.059736800695276, -14.828933731167451]]], [[[-56.0668366633077, -14.823123731167447], [-56.056603336692305, -14.823123731167447], [-56.056603336692305, -14.833016268832553], [-56.0668366633077, -14.833016268832553], [-56.0668366633077, -14.823123731167447]]], [[[-56.056186869293285, -14.831833731167448], [-56.04595313070673, -14.831833731167448], [-56.04595313070673, -14.841726268832554], [-56.056186869293285, -14.841726268832554], [-56.056186869293285, -14.831833731167448]]], [[[-56.07039659475459, -14.82022373116745], [-56.06016340524542, -14.82022373116745], [-56.06016340524542, -14.830116268832553], [-56.07039659475459, -14.830116268832553], [-56.07039659475459, -14.82022373116745]]], [[[-56.052636938142854, -14.834743731167444], [-56.04240306185715, -14.834743731167444], [-56.04240306185715, -14.844636268832549], [-56.052636938142854, -14.844636268832549], [-56.052636938142854, -14.834743731167444]]], [[[-56.0739465259801, -14.817313731167445], [-56.06371347401989, -14.817313731167445], [-56.06371347401989, -14.827206268832553], [-56.0739465259801, -14.827206268832553], [-56.0739465259801, -14.817313731167445]]], [[[-56.04908700677081, -14.837643731167448], [-56.0388529932292, -14.837643731167448], [-56.0388529932292, -14.847536268832553], [-56.04908700677081, -14.847536268832553], [-56.04908700677081, -14.837643731167448]]], [[[-56.07749645745693, -14.814413731167447], [-56.067263542543074, -14.814413731167447], [-56.067263542543074, -14.824306268832549], [-56.07749645745693, -14.824306268832549], [-56.07749645745693, -14.814413731167447]]], [[[-56.045527075413716, -14.840543731167449], [-56.035292924586294, -14.840543731167449], [-56.035292924586294, -14.850436268832555], [-56.045527075413716, -14.850436268832555], [-56.045527075413716, -14.840543731167449]]], [[[-56.08104638871249, -14.811503731167445], [-56.07081361128751, -14.811503731167445], [-56.07081361128751, -14.821396268832554], [-56.08104638871249, -14.821396268832554], [-56.08104638871249, -14.811503731167445]]], [[[-56.04197714430833, -14.843453731167447], [-56.031742855691654, -14.843453731167447], [-56.031742855691654, -14.853346268832556], [-56.04197714430833, -14.853346268832556], [-56.04197714430833, -14.843453731167447]]], [[[-56.08459632021925, -14.808603731167448], [-56.074363679780745, -14.808603731167448], [-56.074363679780745, -14.81849626883255], [-56.08459632021925, -14.81849626883255], [-56.08459632021925, -14.808603731167448]]], [[[-56.0384272129812, -14.846353731167447], [-56.02819278701881, -14.846353731167447], [-56.02819278701881, -14.856246268832553], [-56.0384272129812, -14.856246268832553], [-56.0384272129812, -14.846353731167447]]], [[[-56.08814625174095, -14.80570373116745], [-56.07791374825904, -14.80570373116745], [-56.07791374825904, -14.815596268832556], [-56.08814625174095, -14.815596268832556], [-56.08814625174095, -14.80570373116745]]], [[[-56.09169618304154, -14.802793731167451], [-56.081463816958454, -14.802793731167451], [-56.081463816958454, -14.812686268832554], [-56.09169618304154, -14.812686268832554], [-56.09169618304154, -14.802793731167451]]], [[[-56.074096505421586, -14.81644373116745], [-56.06386349457842, -14.81644373116745], [-56.06386349457842, -14.826336268832552], [-56.074096505421586, -14.826336268832552], [-56.074096505421586, -14.81644373116745]]], [[[-56.07743657915493, -14.819563731167442], [-56.06720342084507, -14.819563731167442], [-56.06720342084507, -14.829456268832551], [-56.07743657915493, -14.829456268832551], [-56.07743657915493, -14.819563731167442]]], [[[-56.070746431469296, -14.81331373116745], [-56.06051356853071, -14.81331373116745], [-56.06051356853071, -14.823206268832552], [-56.070746431469296, -14.823206268832552], [-56.070746431469296, -14.81331373116745]]], [[[-56.08078665314198, -14.822693731167446], [-56.07055334685802, -14.822693731167446], [-56.07055334685802, -14.832586268832555], [-56.08078665314198, -14.832586268832555], [-56.08078665314198, -14.822693731167446]]], [[[-56.06740635777059, -14.810193731167447], [-56.05717364222941, -14.810193731167447], [-56.05717364222941, -14.820086268832556], [-56.06740635777059, -14.820086268832556], [-56.06740635777059, -14.810193731167447]]], [[[-56.08412672690997, -14.825813731167448], [-56.073893273090015, -14.825813731167448], [-56.073893273090015, -14.835706268832554], [-56.08412672690997, -14.835706268832554], [-56.08412672690997, -14.825813731167448]]], [[[-56.06406628385306, -14.807063731167446], [-56.05383371614695, -14.807063731167446], [-56.05383371614695, -14.816956268832556], [-56.06406628385306, -14.816956268832556], [-56.06406628385306, -14.807063731167446]]], [[[-56.06071620995292, -14.803933731167442], [-56.050483790047075, -14.803933731167442], [-56.050483790047075, -14.813826268832555], [-56.06071620995292, -14.813826268832555], [-56.06071620995292, -14.803933731167442]]], [[[-56.05068598882876, -14.794563731167447], [-56.04045401117124, -14.794563731167447], [-56.04045401117124, -14.804456268832556], [-56.05068598882876, -14.804456268832556], [-56.05068598882876, -14.794563731167447]]], [[[-56.047345914998125, -14.791433731167443], [-56.03711408500189, -14.791433731167443], [-56.03711408500189, -14.801326268832552], [-56.047345914998125, -14.801326268832552], [-56.047345914998125, -14.791433731167443]]], [[[-56.09153644966041, -14.814083731167447], [-56.08130355033958, -14.814083731167447], [-56.08130355033958, -14.823976268832553], [-56.09153644966041, -14.823976268832553], [-56.09153644966041, -14.814083731167447]]], [[[-56.09317654890325, -14.818283731167448], [-56.08294345109674, -14.818283731167448], [-56.08294345109674, -14.828176268832554], [-56.09317654890325, -14.828176268832554], [-56.09317654890325, -14.818283731167448]]], [[[-56.08989635021273, -14.809873731167444], [-56.07966364978728, -14.809873731167444], [-56.07966364978728, -14.819766268832549], [-56.08989635021273, -14.819766268832549], [-56.08989635021273, -14.809873731167444]]], [[[-56.094816648413854, -14.822493731167446], [-56.08458335158615, -14.822493731167446], [-56.08458335158615, -14.832386268832552], [-56.094816648413854, -14.832386268832552], [-56.094816648413854, -14.822493731167446]]], [[[-56.088266250796536, -14.805663731167447], [-56.07803374920347, -14.805663731167447], [-56.07803374920347, -14.815556268832557], [-56.088266250796536, -14.815556268832557], [-56.088266250796536, -14.805663731167447]]], [[[-56.096446747955945, -14.826703731167447], [-56.08621325204406, -14.826703731167447], [-56.08621325204406, -14.836596268832555], [-56.096446747955945, -14.836596268832555], [-56.096446747955945, -14.826703731167447]]], [[[-56.08662615141182, -14.801453731167442], [-56.07639384858818, -14.801453731167442], [-56.07639384858818, -14.811346268832551], [-56.08662615141182, -14.811346268832551], [-56.08662615141182, -14.801453731167442]]], [[[-56.098086847529544, -14.830913731167449], [-56.087853152470466, -14.830913731167449], [-56.087853152470466, -14.840806268832551], [-56.098086847529544, -14.840806268832551], [-56.098086847529544, -14.830913731167449]]], [[[-56.084986052058596, -14.79724373116745], [-56.0747539479414, -14.79724373116745], [-56.0747539479414, -14.80713626883255], [-56.084986052058596, -14.80713626883255], [-56.084986052058596, -14.79724373116745]]], [[[-56.08334595273684, -14.793033731167446], [-56.073114047263154, -14.793033731167446], [-56.073114047263154, -14.802926268832552], [-56.08334595273684, -14.802926268832552], [-56.08334595273684, -14.793033731167446]]], [[[-56.081715853446575, -14.78882373116745], [-56.07148414655343, -14.78882373116745], [-56.07148414655343, -14.798716268832557], [-56.081715853446575, -14.798716268832557], [-56.081715853446575, -14.78882373116745]]], [[[-56.10393618044496, -14.802683731167447], [-56.09370381955505, -14.802683731167447], [-56.09370381955505, -14.812576268832554], [-56.10393618044496, -14.812576268832554], [-56.10393618044496, -14.802683731167447]]], [[[-56.10393628668665, -14.80718373116745], [-56.09370371331337, -14.80718373116745], [-56.09370371331337, -14.817076268832553], [-56.10393628668665, -14.817076268832553], [-56.10393628668665, -14.80718373116745]]], [[[-56.10393607423926, -14.798183731167445], [-56.09370392576076, -14.798183731167445], [-56.09370392576076, -14.808076268832547], [-56.10393607423926, -14.808076268832547], [-56.10393607423926, -14.798183731167445]]], [[[-56.10393639272808, -14.811673731167446], [-56.093703607271934, -14.811673731167446], [-56.093703607271934, -14.821566268832555], [-56.10393639272808, -14.821566268832555], [-56.10393639272808, -14.811673731167446]]], [[[-56.1039359683054, -14.793693731167446], [-56.09370403169461, -14.793693731167446], [-56.09370403169461, -14.80358626883255], [-56.1039359683054, -14.80358626883255], [-56.1039359683054, -14.793693731167446]]], [[[-56.10393649904163, -14.816173731167448], [-56.093703500958384, -14.816173731167448], [-56.093703500958384, -14.826066268832555], [-56.10393649904163, -14.826066268832555], [-56.10393649904163, -14.816173731167448]]], [[[-56.10393586217154, -14.789193731167451], [-56.093704137828475, -14.789193731167451], [-56.093704137828475, -14.799086268832555], [-56.10393586217154, -14.799086268832555], [-56.10393586217154, -14.789193731167451]]], [[[-56.10393660539116, -14.820673731167446], [-56.09370339460885, -14.820673731167446], [-56.09370339460885, -14.83056626883255], [-56.10393660539116, -14.83056626883255], [-56.10393660539116, -14.820673731167446]]], [[[-56.103935756073646, -14.784693731167446], [-56.09370424392637, -14.784693731167446], [-56.09370424392637, -14.794586268832552], [-56.103935756073646, -14.794586268832552], [-56.103935756073646, -14.784693731167446]]], [[[-56.10393671154023, -14.825163731167448], [-56.093703288459785, -14.825163731167448], [-56.093703288459785, -14.83505626883255], [-56.10393671154023, -14.83505626883255], [-56.10393671154023, -14.825163731167448]]], [[[-56.10393565024735, -14.780203731167447], [-56.093704349752656, -14.780203731167447], [-56.093704349752656, -14.790096268832553], [-56.10393565024735, -14.790096268832553], [-56.10393565024735, -14.780203731167447]]], [[[-56.10393681796165, -14.829663731167447], [-56.09370318203836, -14.829663731167447], [-56.09370318203836, -14.83955626883255], [-56.10393681796165, -14.83955626883255], [-56.10393681796165, -14.829663731167447]]], [[[-56.10393554422128, -14.775703731167448], [-56.093704455778735, -14.775703731167448], [-56.093704455778735, -14.78559626883255], [-56.10393554422128, -14.78559626883255], [-56.10393554422128, -14.775703731167448]]], [[[-56.10393543823116, -14.771203731167445], [-56.09370456176885, -14.771203731167445], [-56.09370456176885, -14.781096268832554], [-56.10393543823116, -14.781096268832554], [-56.10393543823116, -14.771203731167445]]], [[[-56.11855635588111, -14.810113731167448], [-56.10832364411888, -14.810113731167448], [-56.10832364411888, -14.820006268832554], [-56.11855635588111, -14.820006268832554], [-56.11855635588111, -14.810113731167448]]], [[[-56.12119644328159, -14.813813731167444], [-56.11096355671841, -14.813813731167444], [-56.11096355671841, -14.823706268832552], [-56.12119644328159, -14.823706268832552], [-56.12119644328159, -14.813813731167444]]], [[[-56.11591626850495, -14.806413731167446], [-56.10568373149505, -14.806413731167446], [-56.10568373149505, -14.816306268832552], [-56.11591626850495, -14.816306268832552], [-56.11591626850495, -14.806413731167446]]], [[[-56.12384653070639, -14.817513731167447], [-56.11361346929361, -14.817513731167447], [-56.11361346929361, -14.827406268832556], [-56.12384653070639, -14.827406268832556], [-56.12384653070639, -14.817513731167447]]], [[[-56.11327618091706, -14.802703731167448], [-56.103043819082934, -14.802703731167448], [-56.103043819082934, -14.812596268832554], [-56.11327618091706, -14.812596268832554], [-56.11327618091706, -14.802703731167448]]], [[[-56.12648661815552, -14.821213731167449], [-56.11625338184448, -14.821213731167449], [-56.11625338184448, -14.831106268832555], [-56.12648661815552, -14.831106268832555], [-56.12648661815552, -14.821213731167449]]], [[[-56.110636093589605, -14.799003731167446], [-56.100403906410385, -14.799003731167446], [-56.100403906410385, -14.808896268832552], [-56.110636093589605, -14.808896268832552], [-56.110636093589605, -14.799003731167446]]], [[[-56.12912670562898, -14.824913731167449], [-56.11889329437102, -14.824913731167449], [-56.11889329437102, -14.834806268832555], [-56.12912670562898, -14.834806268832555], [-56.12912670562898, -14.824913731167449]]], [[[-56.10799600628646, -14.795303731167447], [-56.09776399371353, -14.795303731167447], [-56.09776399371353, -14.805196268832555], [-56.10799600628646, -14.805196268832555], [-56.10799600628646, -14.795303731167447]]], [[[-56.13176679336327, -14.828623731167447], [-56.12153320663673, -14.828623731167447], [-56.12153320663673, -14.838516268832548], [-56.13176679336327, -14.838516268832548], [-56.13176679336327, -14.828623731167447]]], [[[-56.105355919007636, -14.791603731167447], [-56.095124080992356, -14.791603731167447], [-56.095124080992356, -14.80149626883255], [-56.105355919007636, -14.80149626883255], [-56.105355919007636, -14.791603731167447]]], [[[-56.13440688088545, -14.832323731167449], [-56.124173119114545, -14.832323731167449], [-56.124173119114545, -14.842216268832553], [-56.13440688088545, -14.842216268832553], [-56.13440688088545, -14.832323731167449]]], [[[-56.10271583175313, -14.787903731167445], [-56.09248416824688, -14.787903731167445], [-56.09248416824688, -14.797796268832554], [-56.10271583175313, -14.797796268832554], [-56.10271583175313, -14.787903731167445]]], [[[-56.13704696843197, -14.836023731167447], [-56.12681303156803, -14.836023731167447], [-56.12681303156803, -14.84591626883255], [-56.13704696843197, -14.84591626883255], [-56.13704696843197, -14.836023731167447]]], [[[-56.13968705600281, -14.839723731167448], [-56.12945294399718, -14.839723731167448], [-56.12945294399718, -14.849616268832552], [-56.13968705600281, -14.849616268832552], [-56.13968705600281, -14.839723731167448]]], [[[-56.117595948255136, -14.79284373116745], [-56.10736405174486, -14.79284373116745], [-56.10736405174486, -14.802736268832552], [-56.117595948255136, -14.802736268832552], [-56.117595948255136, -14.79284373116745]]], [[[-56.122245943773486, -14.792653731167446], [-56.11201405622651, -14.792653731167446], [-56.11201405622651, -14.80254626883255], [-56.122245943773486, -14.80254626883255], [-56.122245943773486, -14.792653731167446]]], [[[-56.11294595250097, -14.793023731167445], [-56.102714047499035, -14.793023731167445], [-56.102714047499035, -14.802916268832554], [-56.11294595250097, -14.802916268832554], [-56.11294595250097, -14.793023731167445]]], [[[-56.126885939527774, -14.792473731167446], [-56.11665406047222, -14.792473731167446], [-56.11665406047222, -14.802366268832552], [-56.126885939527774, -14.802366268832552], [-56.126885939527774, -14.792473731167446]]], [[[-56.10829595674686, -14.793203731167445], [-56.098064043253146, -14.793203731167445], [-56.098064043253146, -14.803096268832551], [-56.10829595674686, -14.803096268832551], [-56.10829595674686, -14.793203731167445]]], [[[-56.13153593528212, -14.792293731167451], [-56.12130406471789, -14.792293731167451], [-56.12130406471789, -14.802186268832552], [-56.13153593528212, -14.802186268832552], [-56.13153593528212, -14.792293731167451]]], [[[-56.103655960992796, -14.793383731167447], [-56.093424039007196, -14.793383731167447], [-56.093424039007196, -14.803276268832553], [-56.103655960992796, -14.803276268832553], [-56.103655960992796, -14.793383731167447]]], [[[-56.13618593103652, -14.792113731167447], [-56.12595406896348, -14.792113731167447], [-56.12595406896348, -14.802006268832557], [-56.13618593103652, -14.802006268832557], [-56.13618593103652, -14.792113731167447]]], [[[-56.14082592679099, -14.791933731167449], [-56.13059407320902, -14.791933731167449], [-56.13059407320902, -14.801826268832551], [-56.14082592679099, -14.801826268832551], [-56.14082592679099, -14.791933731167449]]], [[[-56.1454759225455, -14.791753731167447], [-56.13524407745451, -14.791753731167447], [-56.13524407745451, -14.80164626883255], [-56.1454759225455, -14.80164626883255], [-56.1454759225455, -14.791753731167447]]], [[[-56.08506597797716, -14.794103731167448], [-56.07483402202284, -14.794103731167448], [-56.07483402202284, -14.803996268832549], [-56.08506597797716, -14.803996268832549], [-56.08506597797716, -14.794103731167448]]], [[[-56.154765913818856, -14.791383731167446], [-56.144534086181146, -14.791383731167446], [-56.144534086181146, -14.801276268832554], [-56.154765913818856, -14.801276268832554], [-56.154765913818856, -14.791383731167446]]], [[[-56.13030589825301, -14.790723731167445], [-56.12007410174699, -14.790723731167445], [-56.12007410174699, -14.800616268832552], [-56.13030589825301, -14.800616268832552], [-56.13030589825301, -14.790723731167445]]], [[[-56.13320598104387, -14.794233731167447], [-56.12297401895612, -14.794233731167447], [-56.12297401895612, -14.804126268832555], [-56.13320598104387, -14.804126268832555], [-56.13320598104387, -14.794233731167447]]], [[[-56.127395815248256, -14.787203731167445], [-56.11716418475175, -14.787203731167445], [-56.11716418475175, -14.79709626883255], [-56.127395815248256, -14.79709626883255], [-56.127395815248256, -14.787203731167445]]], [[[-56.136106063856616, -14.797743731167447], [-56.12587393614338, -14.797743731167447], [-56.12587393614338, -14.80763626883255], [-56.136106063856616, -14.80763626883255], [-56.136106063856616, -14.797743731167447]]], [[[-56.1244957325012, -14.783693731167446], [-56.1142642674988, -14.783693731167446], [-56.1142642674988, -14.793586268832552], [-56.1244957325012, -14.793586268832552], [-56.1244957325012, -14.783693731167446]]], [[[-56.13901614669123, -14.801253731167446], [-56.128783853308754, -14.801253731167446], [-56.128783853308754, -14.811146268832555], [-56.13901614669123, -14.811146268832555], [-56.13901614669123, -14.801253731167446]]], [[[-56.12159564977604, -14.780183731167448], [-56.111364350223965, -14.780183731167448], [-56.111364350223965, -14.790076268832555], [-56.12159564977604, -14.790076268832555], [-56.12159564977604, -14.780183731167448]]], [[[-56.118685567072745, -14.776673731167445], [-56.10845443292726, -14.776673731167445], [-56.10845443292726, -14.786566268832553], [-56.118685567072745, -14.786566268832553], [-56.118685567072745, -14.776673731167445]]], [[[-56.11578548415579, -14.773153731167445], [-56.105554515844204, -14.773153731167445], [-56.105554515844204, -14.783046268832551], [-56.11578548415579, -14.783046268832551], [-56.11578548415579, -14.773153731167445]]], [[[-56.1433956163151, -14.77876373116745], [-56.133164383684914, -14.77876373116745], [-56.133164383684914, -14.788656268832554], [-56.1433956163151, -14.788656268832554], [-56.1433956163151, -14.77876373116745]]], [[[-56.144775717651484, -14.783063731167449], [-56.13454428234851, -14.783063731167449], [-56.13454428234851, -14.792956268832555], [-56.144775717651484, -14.792956268832555], [-56.144775717651484, -14.783063731167449]]], [[[-56.14202551524707, -14.774473731167445], [-56.13179448475293, -14.774473731167445], [-56.13179448475293, -14.784366268832551], [-56.14202551524707, -14.784366268832551], [-56.14202551524707, -14.774473731167445]]], [[[-56.14615581878493, -14.787353731167446], [-56.13592418121506, -14.787353731167446], [-56.13592418121506, -14.797246268832552], [-56.14615581878493, -14.797246268832552], [-56.14615581878493, -14.787353731167446]]], [[[-56.14064541421172, -14.770183731167448], [-56.13041458578829, -14.770183731167448], [-56.13041458578829, -14.780076268832554], [-56.14064541421172, -14.780076268832554], [-56.14064541421172, -14.770183731167448]]], [[[-56.147535920186925, -14.791653731167445], [-56.13730407981308, -14.791653731167445], [-56.13730407981308, -14.801546268832551], [-56.147535920186925, -14.801546268832551], [-56.147535920186925, -14.791653731167445]]], [[[-56.139265312973635, -14.765883731167449], [-56.12903468702636, -14.765883731167449], [-56.12903468702636, -14.775776268832557], [-56.139265312973635, -14.775776268832557], [-56.139265312973635, -14.765883731167449]]], [[[-56.148916021385816, -14.795943731167446], [-56.13868397861419, -14.795943731167446], [-56.13868397861419, -14.805836268832554], [-56.148916021385816, -14.805836268832554], [-56.148916021385816, -14.795943731167446]]], [[[-56.137885212003695, -14.761593731167451], [-56.1276547879963, -14.761593731167451], [-56.1276547879963, -14.771486268832557], [-56.137885212003695, -14.771486268832557], [-56.137885212003695, -14.761593731167451]]], [[[-56.150296122853405, -14.800243731167445], [-56.14006387714661, -14.800243731167445], [-56.14006387714661, -14.81013626883255], [-56.150296122853405, -14.81013626883255], [-56.150296122853405, -14.800243731167445]]], [[[-56.13651511083117, -14.757293731167445], [-56.12628488916883, -14.757293731167445], [-56.12628488916883, -14.767186268832555], [-56.13651511083117, -14.767186268832555], [-56.13651511083117, -14.757293731167445]]], [[[-56.15166622411773, -14.80453373116745], [-56.14143377588226, -14.80453373116745], [-56.14143377588226, -14.81442626883255], [-56.15166622411773, -14.81442626883255], [-56.15166622411773, -14.80453373116745]]], [[[-56.13513500992663, -14.753003731167448], [-56.12490499007338, -14.753003731167448], [-56.12490499007338, -14.76289626883255], [-56.13513500992663, -14.76289626883255], [-56.13513500992663, -14.753003731167448]]], [[[-56.153046325650934, -14.808833731167445], [-56.14281367434907, -14.808833731167445], [-56.14281367434907, -14.818726268832553], [-56.153046325650934, -14.818726268832553], [-56.153046325650934, -14.808833731167445]]], [[[-56.13375490881964, -14.748703731167446], [-56.12352509118036, -14.748703731167446], [-56.12352509118036, -14.758596268832552], [-56.13375490881964, -14.758596268832552], [-56.13375490881964, -14.748703731167446]]], [[[-56.154426426980734, -14.813123731167446], [-56.144193573019265, -14.813123731167446], [-56.144193573019265, -14.82301626883255], [-56.154426426980734, -14.82301626883255], [-56.154426426980734, -14.813123731167446]]], [[[-56.13237480798048, -14.744413731167448], [-56.12214519201952, -14.744413731167448], [-56.12214519201952, -14.754306268832554], [-56.13237480798048, -14.754306268832554], [-56.13237480798048, -14.744413731167448]]], [[[-56.1594754233954, -14.770573731167447], [-56.1492445766046, -14.770573731167447], [-56.1492445766046, -14.780466268832557], [-56.1594754233954, -14.780466268832557], [-56.1594754233954, -14.770573731167447]]], [[[-56.161615517367046, -14.774563731167442], [-56.15138448263296, -14.774563731167442], [-56.15138448263296, -14.784456268832551], [-56.161615517367046, -14.784456268832551], [-56.161615517367046, -14.774563731167442]]], [[[-56.15734532921662, -14.766573731167448], [-56.147114670783395, -14.766573731167448], [-56.147114670783395, -14.776466268832554], [-56.15734532921662, -14.776466268832554], [-56.15734532921662, -14.766573731167448]]], [[[-56.16374561136694, -14.778553731167445], [-56.153514388633056, -14.778553731167445], [-56.153514388633056, -14.788446268832555], [-56.16374561136694, -14.788446268832555], [-56.16374561136694, -14.778553731167445]]], [[[-56.15520523530155, -14.762583731167448], [-56.144974764698446, -14.762583731167448], [-56.144974764698446, -14.772476268832552], [-56.15520523530155, -14.772476268832552], [-56.15520523530155, -14.762583731167448]]], [[[-56.16588570563081, -14.782553731167445], [-56.1556542943692, -14.782553731167445], [-56.1556542943692, -14.79244626883255], [-56.16588570563081, -14.79244626883255], [-56.16588570563081, -14.782553731167445]]], [[[-56.15306514117949, -14.758583731167445], [-56.14283485882052, -14.758583731167445], [-56.14283485882052, -14.768476268832554], [-56.15306514117949, -14.768476268832554], [-56.15306514117949, -14.758583731167445]]], [[[-56.16802579968731, -14.786543731167448], [-56.157794200312686, -14.786543731167448], [-56.157794200312686, -14.796436268832554], [-56.16802579968731, -14.796436268832554], [-56.16802579968731, -14.786543731167448]]], [[[-56.150935047321006, -14.754593731167446], [-56.140704952679, -14.754593731167446], [-56.140704952679, -14.764486268832549], [-56.150935047321006, -14.764486268832549], [-56.150935047321006, -14.754593731167446]]], [[[-56.17015589400792, -14.790543731167444], [-56.159924105992076, -14.790543731167444], [-56.159924105992076, -14.800436268832554], [-56.17015589400792, -14.800436268832554], [-56.17015589400792, -14.790543731167444]]], [[[-56.148794953255646, -14.750593731167449], [-56.13856504674436, -14.750593731167449], [-56.13856504674436, -14.760486268832551], [-56.148794953255646, -14.760486268832551], [-56.148794953255646, -14.750593731167449]]], [[[-56.17229598812104, -14.794533731167446], [-56.16206401187897, -14.794533731167446], [-56.16206401187897, -14.804426268832552], [-56.17229598812104, -14.804426268832552], [-56.17229598812104, -14.794533731167446]]], [[[-56.146664859453736, -14.746603731167447], [-56.13643514054627, -14.746603731167447], [-56.13643514054627, -14.756496268832553], [-56.146664859453736, -14.756496268832553], [-56.146664859453736, -14.746603731167447]]], [[[-56.17443608226242, -14.798523731167448], [-56.16420391773758, -14.798523731167448], [-56.16420391773758, -14.808416268832548], [-56.17443608226242, -14.808416268832548], [-56.17443608226242, -14.798523731167448]]], [[[-56.14452476568007, -14.742613731167449], [-56.134295234319936, -14.742613731167449], [-56.134295234319936, -14.752506268832555], [-56.14452476568007, -14.752506268832555], [-56.14452476568007, -14.742613731167449]]], [[[-56.17656617666813, -14.80252373116745], [-56.16633382333187, -14.80252373116745], [-56.16633382333187, -14.812416268832555], [-56.17656617666813, -14.812416268832555], [-56.17656617666813, -14.80252373116745]]], [[[-56.14239467169972, -14.738613731167447], [-56.13216532830027, -14.738613731167447], [-56.13216532830027, -14.74850626883255], [-56.14239467169972, -14.74850626883255], [-56.14239467169972, -14.738613731167447]]], [[[-56.16650511694764, -14.75755373116745], [-56.156274883052355, -14.75755373116745], [-56.156274883052355, -14.767446268832556], [-56.16650511694764, -14.767446268832556], [-56.16650511694764, -14.75755373116745]]], [[[-56.171065095775745, -14.756653731167447], [-56.16083490422426, -14.756653731167447], [-56.16083490422426, -14.766546268832553], [-56.171065095775745, -14.766546268832553], [-56.171065095775745, -14.756653731167447]]], [[[-56.16194513812099, -14.758453731167446], [-56.151714861879015, -14.758453731167446], [-56.151714861879015, -14.768346268832556], [-56.16194513812099, -14.768346268832556], [-56.16194513812099, -14.758453731167446]]], [[[-56.175615074840486, -14.755763731167448], [-56.16538492515951, -14.755763731167448], [-56.16538492515951, -14.765656268832554], [-56.175615074840486, -14.765656268832554], [-56.175615074840486, -14.755763731167448]]], [[[-56.15739515906049, -14.759343731167448], [-56.14716484093951, -14.759343731167448], [-56.14716484093951, -14.769236268832554], [-56.15739515906049, -14.769236268832554], [-56.15739515906049, -14.759343731167448]]], [[[-56.180175053671434, -14.754863731167443], [-56.16994494632856, -14.754863731167443], [-56.16994494632856, -14.764756268832551], [-56.180175053671434, -14.764756268832551], [-56.180175053671434, -14.754863731167443]]], [[[-56.15283518023669, -14.760243731167447], [-56.14260481976331, -14.760243731167447], [-56.14260481976331, -14.770136268832555], [-56.15283518023669, -14.770136268832555], [-56.15283518023669, -14.760243731167447]]], [[[-56.18473503250383, -14.753963731167447], [-56.174504967496176, -14.753963731167447], [-56.174504967496176, -14.763856268832555], [-56.18473503250383, -14.763856268832555], [-56.18473503250383, -14.753963731167447]]], [[[-56.148275201414336, -14.76114373116745], [-56.13804479858567, -14.76114373116745], [-56.13804479858567, -14.771036268832551], [-56.148275201414336, -14.771036268832551], [-56.148275201414336, -14.76114373116745]]], [[[-56.18928501133765, -14.75306373116745], [-56.17905498866236, -14.75306373116745], [-56.17905498866236, -14.762956268832555], [-56.18928501133765, -14.762956268832555], [-56.18928501133765, -14.75306373116745]]], [[[-56.143725222358086, -14.762033731167445], [-56.133494777641914, -14.762033731167445], [-56.133494777641914, -14.771926268832553], [-56.143725222358086, -14.771926268832553], [-56.143725222358086, -14.762033731167445]]], [[[-56.193844990408074, -14.75217373116745], [-56.183615009591925, -14.75217373116745], [-56.183615009591925, -14.762066268832553], [-56.193844990408074, -14.762066268832553], [-56.193844990408074, -14.75217373116745]]], [[[-56.13916524353859, -14.762933731167447], [-56.12893475646142, -14.762933731167447], [-56.12893475646142, -14.772826268832553], [-56.13916524353859, -14.772826268832553], [-56.13916524353859, -14.762933731167447]]], [[[-56.19840496924475, -14.75127373116745], [-56.18817503075525, -14.75127373116745], [-56.18817503075525, -14.761166268832552], [-56.19840496924475, -14.761166268832552], [-56.19840496924475, -14.75127373116745]]], [[[-56.13460526472052, -14.763833731167445], [-56.12437473527948, -14.763833731167445], [-56.12437473527948, -14.773726268832549], [-56.13460526472052, -14.773726268832549], [-56.13460526472052, -14.763833731167445]]], [[[-56.20295494808287, -14.750373731167446], [-56.19272505191712, -14.750373731167446], [-56.19272505191712, -14.760266268832549], [-56.20295494808287, -14.760266268832549], [-56.20295494808287, -14.750373731167446]]], [[[-56.130055285668526, -14.764723731167445], [-56.119824714331486, -14.764723731167445], [-56.119824714331486, -14.774616268832554], [-56.130055285668526, -14.774616268832554], [-56.130055285668526, -14.764723731167445]]], [[[-56.157854820906756, -14.744963731167447], [-56.14762517909325, -14.744963731167447], [-56.14762517909325, -14.754856268832553], [-56.157854820906756, -14.754856268832553], [-56.157854820906756, -14.744963731167447]]], [[[-56.16180487708351, -14.747353731167449], [-56.151575122916476, -14.747353731167449], [-56.151575122916476, -14.757246268832553], [-56.16180487708351, -14.757246268832553], [-56.16180487708351, -14.747353731167449]]], [[[-56.153914764975106, -14.742583731167445], [-56.14368523502489, -14.742583731167445], [-56.14368523502489, -14.752476268832554], [-56.153914764975106, -14.752476268832554], [-56.153914764975106, -14.742583731167445]]], [[[-56.1657449330353, -14.749733731167447], [-56.155515066964696, -14.749733731167447], [-56.155515066964696, -14.759626268832553], [-56.1657449330353, -14.759626268832553], [-56.1657449330353, -14.749733731167447]]], [[[-56.14997470881857, -14.740193731167444], [-56.139745291181434, -14.740193731167444], [-56.139745291181434, -14.750086268832554], [-56.14997470881857, -14.750086268832554], [-56.14997470881857, -14.740193731167444]]], [[[-56.16968498923229, -14.752123731167451], [-56.15945501076771, -14.752123731167451], [-56.15945501076771, -14.762016268832554], [-56.16968498923229, -14.762016268832554], [-56.16968498923229, -14.752123731167451]]], [[[-56.14603465290706, -14.73781373116745], [-56.13580534709293, -14.73781373116745], [-56.13580534709293, -14.74770626883255], [-56.14603465290706, -14.74770626883255], [-56.14603465290706, -14.73781373116745]]], [[[-56.17362504520422, -14.754503731167445], [-56.16339495479578, -14.754503731167445], [-56.16339495479578, -14.76439626883255], [-56.17362504520422, -14.76439626883255], [-56.17362504520422, -14.754503731167445]]], [[[-56.177565101421436, -14.756893731167445], [-56.16733489857856, -14.756893731167445], [-56.16733489857856, -14.766786268832547], [-56.177565101421436, -14.766786268832547], [-56.177565101421436, -14.756893731167445]]], [[[-56.18151515741351, -14.759273731167445], [-56.17128484258649, -14.759273731167445], [-56.17128484258649, -14.76916626883255], [-56.18151515741351, -14.76916626883255], [-56.18151515741351, -14.759273731167445]]], [[[-56.18545521365096, -14.761663731167445], [-56.175224786349034, -14.761663731167445], [-56.175224786349034, -14.771556268832553], [-56.18545521365096, -14.771556268832553], [-56.18545521365096, -14.761663731167445]]], [[[-56.17368463082714, -14.73687373116745], [-56.163455369172866, -14.73687373116745], [-56.163455369172866, -14.746766268832555], [-56.17368463082714, -14.746766268832555], [-56.17368463082714, -14.73687373116745]]], [[[-56.17680470905351, -14.74020373116745], [-56.16657529094648, -14.74020373116745], [-56.16657529094648, -14.750096268832555], [-56.17680470905351, -14.750096268832555], [-56.17680470905351, -14.74020373116745]]], [[[-56.170564552620434, -14.733543731167448], [-56.16033544737957, -14.733543731167448], [-56.16033544737957, -14.743436268832555], [-56.170564552620434, -14.743436268832555], [-56.170564552620434, -14.733543731167448]]], [[[-56.17992478753457, -14.743543731167444], [-56.16969521246544, -14.743543731167444], [-56.16969521246544, -14.753436268832552], [-56.17992478753457, -14.753436268832552], [-56.17992478753457, -14.743543731167444]]], [[[-56.16745447419863, -14.730203731167446], [-56.15722552580138, -14.730203731167446], [-56.15722552580138, -14.740096268832556], [-56.16745447419863, -14.740096268832556], [-56.16745447419863, -14.730203731167446]]], [[[-56.18304486580035, -14.74687373116745], [-56.172815134199666, -14.74687373116745], [-56.172815134199666, -14.756766268832555], [-56.18304486580035, -14.756766268832555], [-56.18304486580035, -14.74687373116745]]], [[[-56.16433439603131, -14.726873731167448], [-56.154105603968695, -14.726873731167448], [-56.154105603968695, -14.736766268832552], [-56.16433439603131, -14.736766268832552], [-56.16433439603131, -14.726873731167448]]], [[[-56.16121431764901, -14.723533731167446], [-56.150985682351, -14.723533731167446], [-56.150985682351, -14.733426268832556], [-56.16121431764901, -14.733426268832556], [-56.16121431764901, -14.723533731167446]]], [[[-56.1892850226261, -14.753543731167449], [-56.1790549773739, -14.753543731167449], [-56.1790549773739, -14.763436268832551], [-56.1892850226261, -14.763436268832551], [-56.1892850226261, -14.753543731167449]]], [[[-56.15809423952108, -14.720203731167445], [-56.14786576047892, -14.720203731167445], [-56.14786576047892, -14.730096268832549], [-56.15809423952108, -14.730096268832549], [-56.15809423952108, -14.720203731167445]]], [[[-56.1924051011862, -14.75688373116745], [-56.1821748988138, -14.75688373116745], [-56.1821748988138, -14.766776268832553], [-56.1924051011862, -14.766776268832553], [-56.1924051011862, -14.75688373116745]]], [[[-56.195525179530804, -14.760213731167449], [-56.1852948204692, -14.760213731167449], [-56.1852948204692, -14.770106268832551], [-56.195525179530804, -14.770106268832551], [-56.195525179530804, -14.760213731167449]]], [[[-56.18753434956276, -14.724893731167448], [-56.17730565043724, -14.724893731167448], [-56.17730565043724, -14.734786268832558], [-56.18753434956276, -14.734786268832558], [-56.18753434956276, -14.724893731167448]]], [[[-56.190994419972355, -14.727893731167445], [-56.18076558002764, -14.727893731167445], [-56.18076558002764, -14.737786268832549], [-56.190994419972355, -14.737786268832549], [-56.190994419972355, -14.727893731167445]]], [[[-56.18406427940375, -14.72190373116745], [-56.17383572059625, -14.72190373116745], [-56.17383572059625, -14.73179626883255], [-56.18406427940375, -14.73179626883255], [-56.18406427940375, -14.72190373116745]]], [[[-56.19446449016313, -14.730883731167445], [-56.18423550983687, -14.730883731167445], [-56.18423550983687, -14.740776268832553], [-56.19446449016313, -14.740776268832553], [-56.19446449016313, -14.730883731167445]]], [[[-56.18059420902602, -14.718903731167448], [-56.17036579097398, -14.718903731167448], [-56.17036579097398, -14.728796268832552], [-56.18059420902602, -14.728796268832552], [-56.18059420902602, -14.718903731167448]]], [[[-56.19793456060459, -14.733883731167444], [-56.1877054393954, -14.733883731167444], [-56.1877054393954, -14.743776268832551], [-56.19793456060459, -14.743776268832551], [-56.19793456060459, -14.733883731167444]]], [[[-56.17712413889876, -14.715913731167447], [-56.16689586110124, -14.715913731167447], [-56.16689586110124, -14.725806268832551], [-56.17712413889876, -14.725806268832551], [-56.17712413889876, -14.715913731167447]]], [[[-56.201404630827135, -14.73687373116745], [-56.19117536917286, -14.73687373116745], [-56.19117536917286, -14.746766268832555], [-56.201404630827135, -14.746766268832555], [-56.201404630827135, -14.73687373116745]]], [[[-56.17365406855289, -14.712913731167445], [-56.16342593144711, -14.712913731167445], [-56.16342593144711, -14.72280626883255], [-56.17365406855289, -14.72280626883255], [-56.17365406855289, -14.712913731167445]]], [[[-56.17018399845739, -14.709923731167448], [-56.15995600154262, -14.709923731167448], [-56.15995600154262, -14.719816268832552], [-56.17018399845739, -14.719816268832552], [-56.17018399845739, -14.709923731167448]]], [[[-56.20834477155478, -14.742863731167446], [-56.19811522844522, -14.742863731167446], [-56.19811522844522, -14.752756268832554], [-56.20834477155478, -14.752756268832554], [-56.20834477155478, -14.742863731167446]]], [[[-56.16672392814338, -14.706923731167446], [-56.15649607185663, -14.706923731167446], [-56.15649607185663, -14.716816268832554], [-56.16672392814338, -14.716816268832554], [-56.16672392814338, -14.706923731167446]]], [[[-56.16325385807962, -14.703933731167446], [-56.153026141920385, -14.703933731167446], [-56.153026141920385, -14.713826268832552], [-56.16325385807962, -14.713826268832552], [-56.16325385807962, -14.703933731167446]]], [[[-56.15978378779746, -14.700933731167448], [-56.14955621220255, -14.700933731167448], [-56.14955621220255, -14.710826268832555], [-56.15978378779746, -14.710826268832555], [-56.15978378779746, -14.700933731167448]]], [[[-56.201494074648906, -14.71317373116745], [-56.1912659253511, -14.71317373116745], [-56.1912659253511, -14.723066268832554], [-56.201494074648906, -14.723066268832554], [-56.201494074648906, -14.71317373116745]]], [[[-56.20415416094375, -14.716853731167449], [-56.19392583905625, -14.716853731167449], [-56.19392583905625, -14.726746268832553], [-56.20415416094375, -14.726746268832553], [-56.20415416094375, -14.716853731167449]]], [[[-56.19883398814367, -14.709483731167447], [-56.18860601185633, -14.709483731167447], [-56.18860601185633, -14.719376268832553], [-56.19883398814367, -14.719376268832553], [-56.19883398814367, -14.709483731167447]]], [[[-56.2068242474972, -14.72054373116745], [-56.1965957525028, -14.72054373116745], [-56.1965957525028, -14.730436268832555], [-56.2068242474972, -14.730436268832555], [-56.2068242474972, -14.72054373116745]]], [[[-56.19617390166257, -14.70579373116745], [-56.18594609833744, -14.70579373116745], [-56.18594609833744, -14.715686268832556], [-56.19617390166257, -14.715686268832556], [-56.19617390166257, -14.70579373116745]]], [[[-56.209484334074794, -14.724233731167441], [-56.1992556659252, -14.724233731167441], [-56.1992556659252, -14.734126268832547], [-56.209484334074794, -14.734126268832547], [-56.209484334074794, -14.724233731167441]]], [[[-56.1935138152056, -14.702103731167442], [-56.183286184794405, -14.702103731167442], [-56.183286184794405, -14.71199626883255], [-56.1935138152056, -14.71199626883255], [-56.1935138152056, -14.702103731167442]]], [[[-56.21214442067654, -14.727923731167445], [-56.20191557932347, -14.727923731167445], [-56.20191557932347, -14.737816268832551], [-56.21214442067654, -14.737816268832551], [-56.21214442067654, -14.727923731167445]]], [[[-56.190853729006975, -14.698423731167447], [-56.18062627099303, -14.698423731167447], [-56.18062627099303, -14.70831626883255], [-56.190853729006975, -14.70831626883255], [-56.190853729006975, -14.698423731167447]]], [[[-56.21480450706763, -14.731603731167445], [-56.20457549293238, -14.731603731167445], [-56.20457549293238, -14.741496268832554], [-56.21480450706763, -14.741496268832554], [-56.21480450706763, -14.731603731167445]]], [[[-56.217464593717594, -14.735293731167445], [-56.20723540628241, -14.735293731167445], [-56.20723540628241, -14.745186268832555], [-56.217464593717594, -14.745186268832555], [-56.217464593717594, -14.735293731167445]]], [[[-56.18553355621357, -14.69104373116745], [-56.175306443786425, -14.69104373116745], [-56.175306443786425, -14.700936268832555], [-56.18553355621357, -14.700936268832555], [-56.18553355621357, -14.69104373116745]]], [[[-56.22012468039172, -14.73898373116745], [-56.209895319608286, -14.73898373116745], [-56.209895319608286, -14.748876268832552], [-56.22012468039172, -14.748876268832552], [-56.22012468039172, -14.73898373116745]]], [[[-56.18287346985306, -14.687353731167448], [-56.17264653014694, -14.687353731167448], [-56.17264653014694, -14.697246268832554], [-56.18287346985306, -14.697246268832554], [-56.18287346985306, -14.687353731167448]]], [[[-56.18021338375061, -14.683673731167445], [-56.16998661624938, -14.683673731167445], [-56.16998661624938, -14.693566268832551], [-56.18021338375061, -14.693566268832551], [-56.18021338375061, -14.683673731167445]]], [[[-56.2190240111156, -14.710463731167449], [-56.2087959888844, -14.710463731167449], [-56.2087959888844, -14.720356268832553], [-56.2190240111156, -14.720356268832553], [-56.2190240111156, -14.710463731167449]]], [[[-56.219164116386345, -14.714953731167448], [-56.20893588361365, -14.714953731167448], [-56.20893588361365, -14.724846268832557], [-56.219164116386345, -14.724846268832557], [-56.219164116386345, -14.714953731167448]]], [[[-56.218883905880595, -14.705973731167449], [-56.2086560941194, -14.705973731167449], [-56.2086560941194, -14.715866268832555], [-56.218883905880595, -14.715866268832555], [-56.218883905880595, -14.705973731167449]]], [[[-56.21930422192741, -14.71945373116745], [-56.2090757780726, -14.71945373116745], [-56.2090757780726, -14.729346268832554], [-56.21930422192741, -14.729346268832554], [-56.21930422192741, -14.71945373116745]]], [[[-56.21874380044707, -14.701473731167445], [-56.20851619955294, -14.701473731167445], [-56.20851619955294, -14.71136626883255], [-56.21874380044707, -14.71136626883255], [-56.21874380044707, -14.701473731167445]]], [[[-56.21944432726972, -14.723943731167449], [-56.20921567273028, -14.723943731167449], [-56.20921567273028, -14.733836268832551], [-56.21944432726972, -14.733836268832551], [-56.21944432726972, -14.723943731167449]]], [[[-56.218603695283605, -14.696983731167446], [-56.208376304716396, -14.696983731167446], [-56.208376304716396, -14.706876268832554], [-56.218603695283605, -14.706876268832554], [-56.218603695283605, -14.696983731167446]]], [[[-56.21958443288251, -14.728443731167447], [-56.20935556711749, -14.728443731167447], [-56.20935556711749, -14.738336268832553], [-56.21958443288251, -14.738336268832553], [-56.21958443288251, -14.728443731167447]]], [[[-56.21845358992178, -14.692483731167448], [-56.208226410078225, -14.692483731167448], [-56.208226410078225, -14.702376268832555], [-56.21845358992178, -14.702376268832555], [-56.21845358992178, -14.692483731167448]]], [[[-56.21973453829641, -14.73293373116745], [-56.20950546170359, -14.73293373116745], [-56.20950546170359, -14.742826268832555], [-56.21973453829641, -14.742826268832555], [-56.21973453829641, -14.73293373116745]]], [[[-56.21831348482985, -14.687993731167447], [-56.20808651517016, -14.687993731167447], [-56.20808651517016, -14.69788626883255], [-56.21831348482985, -14.69788626883255], [-56.21831348482985, -14.687993731167447]]], [[[-56.219874643980944, -14.737433731167448], [-56.20964535601906, -14.737433731167448], [-56.20964535601906, -14.747326268832552], [-56.219874643980944, -14.747326268832552], [-56.219874643980944, -14.737433731167448]]], [[[-56.21817337953971, -14.683493731167447], [-56.207946620460305, -14.683493731167447], [-56.207946620460305, -14.693386268832555], [-56.21817337953971, -14.693386268832555], [-56.21817337953971, -14.683493731167447]]], [[[-56.22001474946643, -14.741923731167446], [-56.20978525053357, -14.741923731167446], [-56.20978525053357, -14.751816268832552], [-56.22001474946643, -14.751816268832552], [-56.22001474946643, -14.741923731167446]]], [[[-56.218033274519286, -14.679003731167445], [-56.20780672548071, -14.679003731167445], [-56.20780672548071, -14.688896268832549], [-56.218033274519286, -14.688896268832549], [-56.218033274519286, -14.679003731167445]]], [[[-56.22015485522274, -14.746423731167445], [-56.209925144777266, -14.746423731167445], [-56.209925144777266, -14.75631626883255], [-56.22015485522274, -14.75631626883255], [-56.22015485522274, -14.746423731167445]]], [[[-56.217893169300815, -14.674503731167446], [-56.20766683069919, -14.674503731167446], [-56.20766683069919, -14.684396268832554], [-56.217893169300815, -14.684396268832554], [-56.217893169300815, -14.674503731167446]]]]}}]}