id_snisb;nome;municipio_sede;codigo_ibge;data_referencia;chuva_24h_mm;chuva_72h_mm;chuva_prevista_24_72h_mm;percentil_climatologico;saturacao_antecedente;razao_nivel_cota_alerta;dias_consecutivos_chuva_intensa;fonte_precip;fonte_previsao;fonte_solo;fonte_hidro;nivel_alerta_hidro;alerta_cemaden;alerta_cemaden_nivel;alerta_inmet;alerta_inmet_nivel;alerta_ana_nivel;nivel_alerta_integrado;score_alerta_integrado;componente_dominante;motivo_integrado;vazao_prevista_glofas_m3s;fonte_glofas;n_municipios_contribuintes;municipios_contribuintes_ibge;aproximacao_espacial;fonte_telemetria_a;estacao_inmet;dist_estacao_km;cota_cm;vazao_m3s;cota_alerta_cm;codigo_estacao_ana_ref;a6_fonte;data_cota_ana
31990;1A;Alta Floresta;5100250;2026-09-06;2.7;30.7;3.1;30.0;1,0000;0,55;0;openmeteo_ponto;openmeteo_ponto;openmeteo_soil_proxy;hidro_risco_municipal;verde;;;Tempestade;amarelo;;;;;;44.39;openmeteo_glofas_copernicus_ems;14;5100250|5102793|5104526|5104559|5105259|5105580|5106190|5106216|5107768|5107909|5107925|5108006|5108055|5108501;ponto_barragem_telemetria;openmeteo_ponto;;;;;;17381600;sem_cota_alerta;
31977;2B;Alta Floresta;5100250;2026-09-06;17.9;30.5;13.6;97.2;1,0000;0,55;0;openmeteo_sisclima_fallback;openmeteo_ecmwf_ifs025;openmeteo_soil_proxy;hidro_risco_municipal;verde;;;Tempestade;amarelo;;;;;;44.39;openmeteo_glofas_copernicus_ems;14;5100250|5102793|5104526|5104559|5105259|5105580|5106190|5106216|5107768|5107909|5107925|5108006|5108055|5108501;sede_mais_montante_max;;;;;;;17381600;sem_cota_alerta;
21862;BONANZA;Alta Floresta;5100250;2026-09-06;17.9;30.5;13.6;97.2;1,0000;0,55;0;openmeteo_sisclima_fallback;openmeteo_ecmwf_ifs025;openmeteo_soil_proxy;hidro_risco_municipal;verde;;;Tempestade;amarelo;;;;;;44.39;openmeteo_glofas_copernicus_ems;14;5100250|5102793|5104526|5104559|5105259|5105580|5106190|5106216|5107768|5107909|5107925|5108006|5108055|5108501;sede_mais_montante_max;;;;;;;17381100;sem_cota_alerta;
31551;Barragem 07 - Fazenda Zeniiti III;Alta Floresta;5100250;2026-09-06;17.9;30.5;13.6;97.2;1,0000;0,55;0;openmeteo_sisclima_fallback;openmeteo_ecmwf_ifs025;openmeteo_soil_proxy;hidro_risco_municipal;verde;;;Tempestade;amarelo;;;;;;44.39;openmeteo_glofas_copernicus_ems;13;5100250|5104526|5104559|5105259|5105580|5106190|5106216|5107768|5107909|5107925|5108006|5108055|5108501;sede_mais_montante_max;;;;;;;17381600;sem_cota_alerta;
37352;Barragem I - Fazenda Mariana II;Alta Floresta;5100250;2026-09-06;17.9;30.5;13.6;97.2;1,0000;0,55;0;openmeteo_sisclima_fallback;openmeteo_ecmwf_ifs025;openmeteo_soil_proxy;hidro_risco_municipal;verde;;;Tempestade;amarelo;;;;;;44.39;openmeteo_glofas_copernicus_ems;14;5100250|5102793|5104526|5104559|5105259|5105580|5106190|5106216|5107768|5107909|5107925|5108006|5108055|5108501;sede_mais_montante_max;;;;;;;17381600;sem_cota_alerta;
37353;Barragem II - Fazenda Mariana II;Alta Floresta;5100250;2026-09-06;17.9;30.5;13.6;97.2;1,0000;0,55;0;openmeteo_sisclima_fallback;openmeteo_ecmwf_ifs025;openmeteo_soil_proxy;hidro_risco_municipal;verde;;;Tempestade;amarelo;;;;;;44.39;openmeteo_glofas_copernicus_ems;14;5100250|5102793|5104526|5104559|5105259|5105580|5106190|5106216|5107768|5107909|5107925|5108006|5108055|5108501;sede_mais_montante_max;;;;;;;17381600;sem_cota_alerta;
34585;Barramento - Fazenda Cristalino III;Alta Floresta;5100250;2026-09-06;17.9;30.5;13.6;97.2;1,0000;0,55;0;openmeteo_sisclima_fallback;openmeteo_ecmwf_ifs025;openmeteo_soil_proxy;hidro_risco_municipal;verde;;;Tempestade;amarelo;;;;;;44.39;openmeteo_glofas_copernicus_ems;14;5100250|5102793|5104526|5104559|5105259|5105580|5106190|5106216|5107768|5107909|5107925|5108006|5108055|5108501;sede_mais_montante_max;;;;535,0;;;17381000;contexto_somente;2026-09-07 10:00:00
35005;Barramento - Fazenda Tropeiro Velho IV e V;Alta Floresta;5100250;2026-09-06;17.9;30.5;13.6;97.2;1,0000;0,55;0;openmeteo_sisclima_fallback;openmeteo_ecmwf_ifs025;openmeteo_soil_proxy;hidro_risco_municipal;verde;;;Tempestade;amarelo;;;;;;44.39;openmeteo_glofas_copernicus_ems;13;5100250|5104526|5104559|5105259|5105580|5106190|5106216|5107768|5107909|5107925|5108006|5108055|5108501;sede_mais_montante_max;;;;;;;17385000;sem_cota_alerta;
35118;Barramento 05 - Fazenda Zeniiti III;Alta Floresta;5100250;2026-09-06;17.9;30.5;13.6;97.2;1,0000;0,55;0;openmeteo_sisclima_fallback;openmeteo_ecmwf_ifs025;openmeteo_soil_proxy;hidro_risco_municipal;verde;;;Tempestade;amarelo;;;;;;44.39;openmeteo_glofas_copernicus_ems;14;5100250|5102793|5104526|5104559|5105259|5105580|5106190|5106216|5107768|5107909|5107925|5108006|5108055|5108501;sede_mais_montante_max;;;;;;;17381600;sem_cota_alerta;
35110;Barramento 10 - Fazenda Zeniiti III;Alta Floresta;5100250;2026-09-06;17.9;30.5;13.6;97.2;1,0000;0,55;0;openmeteo_sisclima_fallback;openmeteo_ecmwf_ifs025;openmeteo_soil_proxy;hidro_risco_municipal;verde;;;Tempestade;amarelo;;;;;;44.39;openmeteo_glofas_copernicus_ems;14;5100250|5102793|5104526|5104559|5105259|5105580|5106190|5106216|5107768|5107909|5107925|5108006|5108055|5108501;sede_mais_montante_max;;;;;;;17381600;sem_cota_alerta;
35113;Barramento 12 - fazenda Zeniiti III;Alta Floresta;5100250;2026-09-06;17.9;30.5;13.6;97.2;1,0000;0,55;0;openmeteo_sisclima_fallback;openmeteo_ecmwf_ifs025;openmeteo_soil_proxy;hidro_risco_municipal;verde;;;Tempestade;amarelo;;;;;;44.39;openmeteo_glofas_copernicus_ems;14;5100250|5102793|5104526|5104559|5105259|5105580|5106190|5106216|5107768|5107909|5107925|5108006|5108055|5108501;sede_mais_montante_max;;;;;;;17381600;sem_cota_alerta;
34519;Barramento 15 - Fazenda Zeniiti III;Alta Floresta;5100250;2026-09-06;17.9;30.5;13.6;97.2;1,0000;0,55;0;openmeteo_sisclima_fallback;openmeteo_ecmwf_ifs025;openmeteo_soil_proxy;hidro_risco_municipal;verde;;;Tempestade;amarelo;;;;;;44.39;openmeteo_glofas_copernicus_ems;14;5100250|5102793|5104526|5104559|5105259|5105580|5106190|5106216|5107768|5107909|5107925|5108006|5108055|5108501;sede_mais_montante_max;;;;;;;17381600;sem_cota_alerta;
34520;Barramento 16 - Montante;Alta Floresta;5100250;2026-09-06;17.9;30.5;13.6;97.2;1,0000;0,55;0;openmeteo_sisclima_fallback;openmeteo_ecmwf_ifs025;openmeteo_soil_proxy;hidro_risco_municipal;verde;;;Tempestade;amarelo;;;;;;44.39;openmeteo_glofas_copernicus_ems;14;5100250|5102793|5104526|5104559|5105259|5105580|5106190|5106216|5107768|5107909|5107925|5108006|5108055|5108501;sede_mais_montante_max;;;;;;;17381600;sem_cota_alerta;
34521;Barramento 17 (montante) - Fazenda Zeniiti III;Alta Floresta;5100250;2026-09-06;17.9;30.5;13.6;97.2;1,0000;0,55;0;openmeteo_sisclima_fallback;openmeteo_ecmwf_ifs025;openmeteo_soil_proxy;hidro_risco_municipal;verde;;;Tempestade;amarelo;;;;;;44.39;openmeteo_glofas_copernicus_ems;14;5100250|5102793|5104526|5104559|5105259|5105580|5106190|5106216|5107768|5107909|5107925|5108006|5108055|5108501;sede_mais_montante_max;;;;;;;17381600;sem_cota_alerta;
34522;Barramento 18 (montante) - Fazenda Zeniiti III;Alta Floresta;5100250;2026-09-06;17.9;30.5;13.6;97.2;1,0000;0,55;0;openmeteo_sisclima_fallback;openmeteo_ecmwf_ifs025;openmeteo_soil_proxy;hidro_risco_municipal;verde;;;Tempestade;amarelo;;;;;;44.39;openmeteo_glofas_copernicus_ems;14;5100250|5102793|5104526|5104559|5105259|5105580|5106190|5106216|5107768|5107909|5107925|5108006|5108055|5108501;sede_mais_montante_max;;;;;;;17381600;sem_cota_alerta;
36669;Chácara Esteio ? Barramento 02;Alta Floresta;5100250;2026-09-06;17.9;30.5;13.6;97.2;1,0000;0,55;0;openmeteo_sisclima_fallback;openmeteo_ecmwf_ifs025;openmeteo_soil_proxy;hidro_risco_municipal;verde;;;Tempestade;amarelo;;;;;;44.39;openmeteo_glofas_copernicus_ems;14;5100250|5102793|5104526|5104559|5105259|5105580|5106190|5106216|5107768|5107909|5107925|5108006|5108055|5108501;sede_mais_montante_max;;;;;;;17381100;sem_cota_alerta;
31748;Fazenda Agrocondor II;Alta Floresta;5100250;2026-09-06;17.9;30.5;13.6;97.2;1,0000;0,55;0;openmeteo_sisclima_fallback;openmeteo_ecmwf_ifs025;openmeteo_soil_proxy;hidro_risco_municipal;verde;;;Tempestade;amarelo;;;;;;44.39;openmeteo_glofas_copernicus_ems;14;5100250|5102793|5104526|5104559|5105259|5105580|5106190|5106216|5107768|5107909|5107925|5108006|5108055|5108501;sede_mais_montante_max;;;;;;;17381600;sem_cota_alerta;
35098;Fazenda Zeniiti III (Barramento 6);Alta Floresta;5100250;2026-09-06;17.9;30.5;13.6;97.2;1,0000;0,55;0;openmeteo_sisclima_fallback;openmeteo_ecmwf_ifs025;openmeteo_soil_proxy;hidro_risco_municipal;verde;;;Tempestade;amarelo;;;;;;44.39;openmeteo_glofas_copernicus_ems;14;5100250|5102793|5104526|5104559|5105259|5105580|5106190|5106216|5107768|5107909|5107925|5108006|5108055|5108501;sede_mais_montante_max;;;;;;;17381600;sem_cota_alerta;
31920;Fazenda Zeniiti III - Barramento 4;Alta Floresta;5100250;2026-09-06;17.9;30.5;13.6;97.2;1,0000;0,55;0;openmeteo_sisclima_fallback;openmeteo_ecmwf_ifs025;openmeteo_soil_proxy;hidro_risco_municipal;verde;;;Tempestade;amarelo;;;;;;44.39;openmeteo_glofas_copernicus_ems;14;5100250|5102793|5104526|5104559|5105259|5105580|5106190|5106216|5107768|5107909|5107925|5108006|5108055|5108501;sede_mais_montante_max;;;;;;;17381600;sem_cota_alerta;
34468;Fazenda Zeniiti III – Barramento 05;Alta Floresta;5100250;2026-09-06;17.9;30.5;13.6;97.2;1,0000;0,55;0;openmeteo_sisclima_fallback;openmeteo_ecmwf_ifs025;openmeteo_soil_proxy;hidro_risco_municipal;verde;;;Tempestade;amarelo;;;;;;44.39;openmeteo_glofas_copernicus_ems;14;5100250|5102793|5104526|5104559|5105259|5105580|5106190|5106216|5107768|5107909|5107925|5108006|5108055|5108501;sede_mais_montante_max;;;;;;;17381600;sem_cota_alerta;
4925;PCH Cabeça de Boi - Cabeça de Boi;Alta Floresta;5100250;2026-09-06;4.7;13.8;1.9;50.7;1,0000;;0;openmeteo_sisclima_fallback;openmeteo_ecmwf_ifs025;openmeteo_soil_proxy;;;;;Tempestade;amarelo;;;;;;;;1;5100250;municipio_sede;;;;;;;17389500;sem_cota_alerta;
5159;PCH Da Fazenda - Da Fazenda;Alta Floresta;5100250;2026-09-06;4.7;13.8;1.9;50.7;1,0000;;0;openmeteo_sisclima_fallback;openmeteo_ecmwf_ifs025;openmeteo_soil_proxy;;;;;Tempestade;amarelo;;;;;;;;1;5100250;municipio_sede;;;;;;;17394000;sem_cota_alerta;
20131;PRINCIPAL 2A;Alta Floresta;5100250;2026-09-06;17.9;30.5;13.6;97.2;1,0000;0,55;0;openmeteo_sisclima_fallback;openmeteo_ecmwf_ifs025;openmeteo_soil_proxy;hidro_risco_municipal;verde;;;Tempestade;amarelo;;;;;;44.39;openmeteo_glofas_copernicus_ems;14;5100250|5102793|5104526|5104559|5105259|5105580|5106190|5106216|5107768|5107909|5107925|5108006|5108055|5108501;sede_mais_montante_max;;;;;;;17381600;sem_cota_alerta;
339;Refugio dos Pardais;Alta Floresta;5100250;2026-09-06;17.9;30.5;13.6;97.2;1,0000;0,55;0;openmeteo_sisclima_fallback;openmeteo_ecmwf_ifs025;openmeteo_soil_proxy;hidro_risco_municipal;verde;;;Tempestade;amarelo;;;;;;44.39;openmeteo_glofas_copernicus_ems;13;5100250|5104526|5104559|5105259|5105580|5106190|5106216|5107768|5107909|5107925|5108006|5108055|5108501;sede_mais_montante_max;;;;;;;17381600;sem_cota_alerta;
333;Sítio São Judas Tadeu;Alta Floresta;5100250;2026-09-06;17.9;30.5;13.6;97.2;1,0000;0,55;0;openmeteo_sisclima_fallback;openmeteo_ecmwf_ifs025;openmeteo_soil_proxy;hidro_risco_municipal;verde;;;Tempestade;amarelo;;;;;;44.39;openmeteo_glofas_copernicus_ems;14;5100250|5102793|5104526|5104559|5105259|5105580|5106190|5106216|5107768|5107909|5107925|5108006|5108055|5108501;sede_mais_montante_max;;;;;;;17381600;sem_cota_alerta;
20130;barramento 1B;Alta Floresta;5100250;2026-09-06;17.9;30.5;13.6;97.2;1,0000;0,55;0;openmeteo_sisclima_fallback;openmeteo_ecmwf_ifs025;openmeteo_soil_proxy;hidro_risco_municipal;verde;;;Tempestade;amarelo;;;;;;44.39;openmeteo_glofas_copernicus_ems;14;5100250|5102793|5104526|5104559|5105259|5105580|5106190|5106216|5107768|5107909|5107925|5108006|5108055|5108501;sede_mais_montante_max;;;;;;;17381600;sem_cota_alerta;
20132;barramento 4;Alta Floresta;5100250;2026-09-06;17.9;30.5;13.6;97.2;1,0000;0,55;0;openmeteo_sisclima_fallback;openmeteo_ecmwf_ifs025;openmeteo_soil_proxy;hidro_risco_municipal;verde;;;Tempestade;amarelo;;;;;;44.39;openmeteo_glofas_copernicus_ems;14;5100250|5102793|5104526|5104559|5105259|5105580|5106190|5106216|5107768|5107909|5107925|5108006|5108055|5108501;sede_mais_montante_max;;;;;;;17381600;sem_cota_alerta;
31228;Barragem na Fazenda dos Sonhos;Alto Araguaia;5100300;2026-09-06;2.5;7.4;10.0;30.0;0,4400;;0;openmeteo_ponto;openmeteo_ponto;openmeteo_soil_proxy;;;;;Tempestade;amarelo;;;;;;;;1;5100300;ponto_barragem_telemetria;openmeteo_ponto;;;;;;24055000;sem_cota_alerta;
24104;CGH Alto Garças - ALTO GARÇAS;Alto Araguaia;5100300;2026-09-06;2.8;8.8;9.8;38.0;0,4400;;0;openmeteo_sisclima_fallback;openmeteo_ecmwf_ifs025;openmeteo_soil_proxy;;;;;Tempestade;amarelo;;;;;;;;1;5100300;municipio_sede;;;;;;;24055000;sem_cota_alerta;
24105;CGH Araguaia - ARAGUAIA;Alto Araguaia;5100300;2026-09-06;2.8;8.8;9.8;38.0;0,4400;;0;openmeteo_sisclima_fallback;openmeteo_ecmwf_ifs025;openmeteo_soil_proxy;;;;;Tempestade;amarelo;;;;;;;;1;5100300;municipio_sede;;;;;;;24055000;sem_cota_alerta;
24106;CGH Araguainha - ARAGUAINHA;Alto Araguaia;5100300;2026-09-06;2.8;8.8;9.8;38.0;0,4400;;0;openmeteo_sisclima_fallback;openmeteo_ecmwf_ifs025;openmeteo_soil_proxy;;;;;Tempestade;amarelo;;;;;;;;1;5100300;municipio_sede;;;;;;;24055000;sem_cota_alerta;
4564;PCH Alto Araguaia - Alto Araguaia;Alto Araguaia;5100300;2026-09-06;2.8;8.8;9.8;38.0;0,4400;;0;openmeteo_sisclima_fallback;openmeteo_ecmwf_ifs025;openmeteo_soil_proxy;;;;;Tempestade;amarelo;;;;;;;;1;5100300;municipio_sede;;;;;;;24055000;sem_cota_alerta;
36649;Barragem I - Fazenda Água Cristalina;Alto Boa Vista;5100359;2026-09-06;4.1;8.5;3.9;30.0;0,8740;;0;openmeteo_ponto;openmeteo_ponto;openmeteo_soil_proxy;;;;;Tempestade;amarelo;;;;;;;;1;5100359;ponto_barragem_telemetria;openmeteo_ponto;;;;;;26310000;sem_cota_alerta;
22390;Massa d'Água #100513;Alto Boa Vista;5100359;2026-09-06;3.9;19.7;5.1;46.5;0,8740;;0;openmeteo_sisclima_fallback;openmeteo_ecmwf_ifs025;openmeteo_soil_proxy;;;;;Tempestade;amarelo;;;;;;;;1;5100359;municipio_sede;;;;;;;26310000;sem_cota_alerta;
22392;Massa d'Água #101453;Alto Boa Vista;5100359;2026-09-06;3.9;19.7;5.1;46.5;0,8740;;0;openmeteo_sisclima_fallback;openmeteo_ecmwf_ifs025;openmeteo_soil_proxy;;;;;Tempestade;amarelo;;;;;;;;1;5100359;municipio_sede;;;;;;;26310000;sem_cota_alerta;
22395;Massa d'Água #102961;Alto Boa Vista;5100359;2026-09-06;3.9;19.7;5.1;46.5;0,8740;;0;openmeteo_sisclima_fallback;openmeteo_ecmwf_ifs025;openmeteo_soil_proxy;;;;;Tempestade;amarelo;;;;;;;;1;5100359;municipio_sede;;;;;;;26310000;sem_cota_alerta;
22421;Massa d'Água #111714;Alto Boa Vista;5100359;2026-09-06;10.5;22.7;9.5;84.5;0,8740;;0;openmeteo_sisclima_fallback;openmeteo_ecmwf_ifs025;openmeteo_soil_proxy;;;;;Tempestade;amarelo;;;;;;;;2;5100359|5107180;sede_mais_montante_max;;;;;;;;;
22422;Massa d'Água #111848;Alto Boa Vista;5100359;2026-09-06;3.9;19.7;5.1;46.5;0,8740;;0;openmeteo_sisclima_fallback;openmeteo_ecmwf_ifs025;openmeteo_soil_proxy;;;;;Tempestade;amarelo;;;;;;;;1;5100359;municipio_sede;;;;;;;26310000;sem_cota_alerta;
22468;Massa d'Água #129111;Alto Boa Vista;5100359;2026-09-06;3.9;19.7;5.1;46.5;0,8740;;0;openmeteo_sisclima_fallback;openmeteo_ecmwf_ifs025;openmeteo_soil_proxy;;;;;Tempestade;amarelo;;;;;;;;1;5100359;municipio_sede;;;;;;;26310000;sem_cota_alerta;
22469;Massa d'Água #129310;Alto Boa Vista;5100359;2026-09-06;3.9;19.7;5.1;46.5;0,8740;;0;openmeteo_sisclima_fallback;openmeteo_ecmwf_ifs025;openmeteo_soil_proxy;;;;;Tempestade;amarelo;;;;;;;;1;5100359;municipio_sede;;;;;;;;;
22488;Massa d'Água #137078;Alto Boa Vista;5100359;2026-09-06;3.9;19.7;5.1;46.5;0,8740;;0;openmeteo_sisclima_fallback;openmeteo_ecmwf_ifs025;openmeteo_soil_proxy;;;;;Tempestade;amarelo;;;;;;;;1;5100359;municipio_sede;;;;;;;;;
22492;Massa d'Água #137918;Alto Boa Vista;5100359;2026-09-06;3.9;19.7;5.1;46.5;0,8740;;0;openmeteo_sisclima_fallback;openmeteo_ecmwf_ifs025;openmeteo_soil_proxy;;;;;Tempestade;amarelo;;;;;;;;1;5100359;municipio_sede;;;;;;;26310000;sem_cota_alerta;
22496;Massa d'Água #138439;Alto Boa Vista;5100359;2026-09-06;3.9;19.7;5.1;46.5;0,8740;;0;openmeteo_sisclima_fallback;openmeteo_ecmwf_ifs025;openmeteo_soil_proxy;;;;;Tempestade;amarelo;;;;;;;;1;5100359;municipio_sede;;;;;;;26310000;sem_cota_alerta;
22500;Massa d'Água #139738;Alto Boa Vista;5100359;2026-09-06;3.9;19.7;5.1;46.5;0,8740;;0;openmeteo_sisclima_fallback;openmeteo_ecmwf_ifs025;openmeteo_soil_proxy;;;;;Tempestade;amarelo;;;;;;;;1;5100359;municipio_sede;;;;;;;;;
22502;Massa d'Água #140018;Alto Boa Vista;5100359;2026-09-06;3.9;19.7;5.1;46.5;0,8740;;0;openmeteo_sisclima_fallback;openmeteo_ecmwf_ifs025;openmeteo_soil_proxy;;;;;Tempestade;amarelo;;;;;;;;1;5100359;municipio_sede;;;;;;;;;
22513;Massa d'Água #143022;Alto Boa Vista;5100359;2026-09-06;3.9;19.7;5.1;46.5;0,8740;;0;openmeteo_sisclima_fallback;openmeteo_ecmwf_ifs025;openmeteo_soil_proxy;;;;;Tempestade;amarelo;;;;;;;;1;5100359;municipio_sede;;;;;;;26310000;sem_cota_alerta;
22519;Massa d'Água #144145;Alto Boa Vista;5100359;2026-09-06;3.9;19.7;5.1;46.5;0,8740;;0;openmeteo_sisclima_fallback;openmeteo_ecmwf_ifs025;openmeteo_soil_proxy;;;;;Tempestade;amarelo;;;;;;;;1;5100359;municipio_sede;;;;;;;;;
22551;Massa d'Água #150115;Alto Boa Vista;5100359;2026-09-06;3.9;19.7;5.1;46.5;0,8740;;0;openmeteo_sisclima_fallback;openmeteo_ecmwf_ifs025;openmeteo_soil_proxy;;;;;Tempestade;amarelo;;;;;;;;1;5100359;municipio_sede;;;;;;;26310000;sem_cota_alerta;
22564;Massa d'Água #151821;Alto Boa Vista;5100359;2026-09-06;3.9;19.7;5.1;46.5;0,8740;;0;openmeteo_sisclima_fallback;openmeteo_ecmwf_ifs025;openmeteo_soil_proxy;;;;;Tempestade;amarelo;;;;;;;;1;5100359;municipio_sede;;;;;;;;;
22565;Massa d'Água #151852;Alto Boa Vista;5100359;2026-09-06;3.9;19.7;5.1;46.5;0,8740;;0;openmeteo_sisclima_fallback;openmeteo_ecmwf_ifs025;openmeteo_soil_proxy;;;;;Tempestade;amarelo;;;;;;;;1;5100359;municipio_sede;;;;;;;26310000;sem_cota_alerta;
22567;Massa d'Água #152660;Alto Boa Vista;5100359;2026-09-06;10.5;22.7;9.5;84.5;0,8740;;0;openmeteo_sisclima_fallback;openmeteo_ecmwf_ifs025;openmeteo_soil_proxy;;;;;Tempestade;amarelo;;;;;;;;2;5100359|5107180;sede_mais_montante_max;;;;;;;26310000;sem_cota_alerta;
22574;Massa d'Água #155534;Alto Boa Vista;5100359;2026-09-06;3.9;19.7;5.1;46.5;0,8740;;0;openmeteo_sisclima_fallback;openmeteo_ecmwf_ifs025;openmeteo_soil_proxy;;;;;Tempestade;amarelo;;;;;;;;1;5100359;municipio_sede;;;;;;;26310000;sem_cota_alerta;
22615;Massa d'Água #160929;Alto Boa Vista;5100359;2026-09-06;3.9;19.7;5.1;46.5;0,8740;;0;openmeteo_sisclima_fallback;openmeteo_ecmwf_ifs025;openmeteo_soil_proxy;;;;;Tempestade;amarelo;;;;;;;;1;5100359;municipio_sede;;;;;;;;;
22630;Massa d'Água #164671;Alto Boa Vista;5100359;2026-09-06;3.9;19.7;5.1;46.5;0,8740;;0;openmeteo_sisclima_fallback;openmeteo_ecmwf_ifs025;openmeteo_soil_proxy;;;;;Tempestade;amarelo;;;;;;;;1;5100359;municipio_sede;;;;;;;;;
22641;Massa d'Água #166622;Alto Boa Vista;5100359;2026-09-06;3.9;19.7;5.1;46.5;0,8740;;0;openmeteo_sisclima_fallback;openmeteo_ecmwf_ifs025;openmeteo_soil_proxy;;;;;Tempestade;amarelo;;;;;;;;1;5100359;municipio_sede;;;;;;;;;
23512;Massa d'Água #188820;Alto Boa Vista;5100359;2026-09-06;3.9;19.7;5.1;46.5;0,8740;;0;openmeteo_sisclima_fallback;openmeteo_ecmwf_ifs025;openmeteo_soil_proxy;;;;;Tempestade;amarelo;;;;;;;;1;5100359;municipio_sede;;;;;;;;;
23587;Massa d'Água #196269;Alto Boa Vista;5100359;2026-09-06;3.9;19.7;5.1;46.5;0,8740;;0;openmeteo_sisclima_fallback;openmeteo_ecmwf_ifs025;openmeteo_soil_proxy;;;;;Tempestade;amarelo;;;;;;;;1;5100359;municipio_sede;;;;;;;26310000;sem_cota_alerta;
23599;Massa d'Água #200215;Alto Boa Vista;5100359;2026-09-06;3.9;19.7;5.1;46.5;0,8740;;0;openmeteo_sisclima_fallback;openmeteo_ecmwf_ifs025;openmeteo_soil_proxy;;;;;Tempestade;amarelo;;;;;;;;1;5100359;municipio_sede;;;;;;;26310000;sem_cota_alerta;
23600;Massa d'Água #201014;Alto Boa Vista;5100359;2026-09-06;3.9;19.7;5.1;46.5;0,8740;;0;openmeteo_sisclima_fallback;openmeteo_ecmwf_ifs025;openmeteo_soil_proxy;;;;;Tempestade;amarelo;;;;;;;;1;5100359;municipio_sede;;;;;;;26310000;sem_cota_alerta;
23634;Massa d'Água #203966;Alto Boa Vista;5100359;2026-09-06;3.9;19.7;5.1;46.5;0,8740;;0;openmeteo_sisclima_fallback;openmeteo_ecmwf_ifs025;openmeteo_soil_proxy;;;;;Tempestade;amarelo;;;;;;;;1;5100359;municipio_sede;;;;;;;26310000;sem_cota_alerta;
23671;Massa d'Água #212282;Alto Boa Vista;5100359;2026-09-06;3.9;19.7;5.1;46.5;0,8740;;0;openmeteo_sisclima_fallback;openmeteo_ecmwf_ifs025;openmeteo_soil_proxy;;;;;Tempestade;amarelo;;;;;;;;1;5100359;municipio_sede;;;;;;;26310000;sem_cota_alerta;
23678;Massa d'Água #216360;Alto Boa Vista;5100359;2026-09-06;3.9;19.7;5.1;46.5;0,8740;;0;openmeteo_sisclima_fallback;openmeteo_ecmwf_ifs025;openmeteo_soil_proxy;;;;;Tempestade;amarelo;;;;;;;;1;5100359;municipio_sede;;;;;;;26310000;sem_cota_alerta;
23704;Massa d'Água #217286;Alto Boa Vista;5100359;2026-09-06;3.9;19.7;5.1;46.5;0,8740;;0;openmeteo_sisclima_fallback;openmeteo_ecmwf_ifs025;openmeteo_soil_proxy;;;;;Tempestade;amarelo;;;;;;;;1;5100359;municipio_sede;;;;;;;26310000;sem_cota_alerta;
23746;Massa d'Água #221315;Alto Boa Vista;5100359;2026-09-06;3.9;19.7;5.1;46.5;0,8740;;0;openmeteo_sisclima_fallback;openmeteo_ecmwf_ifs025;openmeteo_soil_proxy;;;;;Tempestade;amarelo;;;;;;;;1;5100359;municipio_sede;;;;;;;26310000;sem_cota_alerta;
23768;Massa d'Água #226789;Alto Boa Vista;5100359;2026-09-06;3.9;19.7;5.1;46.5;0,8740;;0;openmeteo_sisclima_fallback;openmeteo_ecmwf_ifs025;openmeteo_soil_proxy;;;;;Tempestade;amarelo;;;;;;;;1;5100359;municipio_sede;;;;;;;26310000;sem_cota_alerta;
23789;Massa d'Água #234042;Alto Boa Vista;5100359;2026-09-06;3.9;19.7;5.1;46.5;0,8740;;0;openmeteo_sisclima_fallback;openmeteo_ecmwf_ifs025;openmeteo_soil_proxy;;;;;Tempestade;amarelo;;;;;;;;1;5100359;municipio_sede;;;;;;;;;
23810;Massa d'Água #237564;Alto Boa Vista;5100359;2026-09-06;3.9;19.7;5.1;46.5;0,8740;;0;openmeteo_sisclima_fallback;openmeteo_ecmwf_ifs025;openmeteo_soil_proxy;;;;;Tempestade;amarelo;;;;;;;;1;5100359;municipio_sede;;;;;;;;;
22224;Massa d'Água #57710;Alto Boa Vista;5100359;2026-09-06;3.9;19.7;5.1;46.5;0,8740;;0;openmeteo_sisclima_fallback;openmeteo_ecmwf_ifs025;openmeteo_soil_proxy;;;;;Tempestade;amarelo;;;;;;;;1;5100359;municipio_sede;;;;;;;;;
22327;Massa d'Água #84492;Alto Boa Vista;5100359;2026-09-06;3.9;19.7;5.1;46.5;0,8740;;0;openmeteo_sisclima_fallback;openmeteo_ecmwf_ifs025;openmeteo_soil_proxy;;;;;Tempestade;amarelo;;;;;;;;1;5100359;municipio_sede;;;;;;;26310000;sem_cota_alerta;
22330;Massa d'Água #85328;Alto Boa Vista;5100359;2026-09-06;3.9;19.7;5.1;46.5;0,8740;;0;openmeteo_sisclima_fallback;openmeteo_ecmwf_ifs025;openmeteo_soil_proxy;;;;;Tempestade;amarelo;;;;;;;;1;5100359;municipio_sede;;;;;;;;;
22371;Massa d'Água #91738;Alto Boa Vista;5100359;2026-09-06;3.9;19.7;5.1;46.5;0,8740;;0;openmeteo_sisclima_fallback;openmeteo_ecmwf_ifs025;openmeteo_soil_proxy;;;;;Tempestade;amarelo;;;;;;;;1;5100359;municipio_sede;;;;;;;;;
8122;Barramento Atto Agropecuária LTDA;Alto Garças;5100409;2026-09-06;0.6;7.2;4.5;30.0;0,4050;;0;openmeteo_ponto;openmeteo_ponto;openmeteo_soil_proxy;;;;;Tempestade;amarelo;;;;;;;;2;5100409|5104203;ponto_barragem_telemetria;openmeteo_ponto;;;;;;;;
4489;PCH Lajari - Barragem Laje;Alto Taquari;5100607;2026-09-06;10.2;14.4;18.8;55.0;0,8550;;1;openmeteo_ponto;openmeteo_ponto;openmeteo_soil_proxy;;;;;Tempestade;amarelo;;;;;;;;1;5100607;ponto_barragem_telemetria;openmeteo_ponto;;;;;;66830050;sem_cota_alerta;
20534;PCH Lajari - Barragem Taquari;Alto Taquari;5100607;2026-09-06;3.1;6.3;12.7;40.8;0,8550;;0;openmeteo_sisclima_fallback;openmeteo_ecmwf_ifs025;openmeteo_soil_proxy;;;;;Tempestade;amarelo;;;;;;;;1;5100607;municipio_sede;;;;;;;66830050;sem_cota_alerta;
29886;B1;Araguaiana;5101001;2026-09-06;3.8;3.8;7.3;30.0;0,6260;;0;openmeteo_ponto;openmeteo_ponto;openmeteo_soil_proxy;;;;;Tempestade;amarelo;;;;;;;;1;5101001;ponto_barragem_telemetria;openmeteo_ponto;;;;;;24850000;sem_cota_alerta;
35097;B1;Araguaiana;5101001;2026-09-06;7.3;7.8;7.1;71.1;0,6260;;0;openmeteo_sisclima_fallback;openmeteo_ecmwf_ifs025;openmeteo_soil_proxy;;;;;Tempestade;amarelo;;;;;;;;1;5101001;municipio_sede;;;;;;;24850000;sem_cota_alerta;
29889;B2;Araguaiana;5101001;2026-09-06;7.3;7.8;7.1;71.1;0,6260;;0;openmeteo_sisclima_fallback;openmeteo_ecmwf_ifs025;openmeteo_soil_proxy;;;;;Tempestade;amarelo;;;;;;;;1;5101001;municipio_sede;;;;;;;24850000;sem_cota_alerta;
29894;B3;Araguaiana;5101001;2026-09-06;7.3;7.8;7.1;71.1;0,6260;;0;openmeteo_sisclima_fallback;openmeteo_ecmwf_ifs025;openmeteo_soil_proxy;;;;;Tempestade;amarelo;;;;;;;;1;5101001;municipio_sede;;;;;;;24850000;sem_cota_alerta;
36477;Barragem B2;Araguaiana;5101001;2026-09-06;7.3;7.8;7.1;71.1;0,6260;;0;openmeteo_sisclima_fallback;openmeteo_ecmwf_ifs025;openmeteo_soil_proxy;;;;;Tempestade;amarelo;;;;;;;;1;5101001;municipio_sede;;;;;;;24850000;sem_cota_alerta;
36473;Barragem B3;Araguaiana;5101001;2026-09-06;7.3;7.8;7.1;71.1;0,6260;;0;openmeteo_sisclima_fallback;openmeteo_ecmwf_ifs025;openmeteo_soil_proxy;;;;;Tempestade;amarelo;;;;;;;;1;5101001;municipio_sede;;;;;;;24850000;sem_cota_alerta;
35126;Barragem III ? Fazenda Nossa Senhora Aparecida;Araguaiana;5101001;2026-09-06;7.3;7.8;7.1;71.1;0,6260;;0;openmeteo_sisclima_fallback;openmeteo_ecmwf_ifs025;openmeteo_soil_proxy;;;;;Tempestade;amarelo;;;;;;;;1;5101001;municipio_sede;;;;;;;24850000;sem_cota_alerta;
35127;Barragem V -  Fazenda Nossa Senhora Aparecida;Araguaiana;5101001;2026-09-06;7.3;7.8;7.1;71.1;0,6260;;0;openmeteo_sisclima_fallback;openmeteo_ecmwf_ifs025;openmeteo_soil_proxy;;;;;Tempestade;amarelo;;;;;;;;1;5101001;municipio_sede;;;;;;;24850000;sem_cota_alerta;
36615;Barragem XIV ? Fazenda Buriti;Araguaiana;5101001;2026-09-06;7.3;7.8;7.1;71.1;0,6260;;0;openmeteo_sisclima_fallback;openmeteo_ecmwf_ifs025;openmeteo_soil_proxy;;;;;Tempestade;amarelo;;;;;;;;1;5101001;municipio_sede;;;;;;;24850000;sem_cota_alerta;
20739;Faz. Jacarandá;Araguaiana;5101001;2026-09-06;7.3;7.8;7.1;71.1;0,6260;;0;openmeteo_sisclima_fallback;openmeteo_ecmwf_ifs025;openmeteo_soil_proxy;;;;;Tempestade;amarelo;;;;;;;;1;5101001;municipio_sede;;;;;;;24850000;sem_cota_alerta;
4518;PCH Ombreiras - Ombreiras;Araputanga;5101258;2026-09-06;6.0;14.0;0.8;55.0;0,9790;;0;openmeteo_ponto;openmeteo_ponto;openmeteo_soil_proxy;;;;;Tempestade;amarelo;;;;;;;;2;5101258|5105002;ponto_barragem_telemetria;openmeteo_ponto;;;;;;66071375;sem_cota_alerta;
26655;Fazenda Bacurí;Arenápolis;5101308;2026-09-06;4.1;5.0;0.8;30.0;0,5850;;0;openmeteo_ponto;openmeteo_ponto;openmeteo_soil_proxy;;;;;Tempestade;amarelo;;;;;;;;1;5101308;ponto_barragem_telemetria;openmeteo_ponto;;;;;;66005950;sem_cota_alerta;
27403;Fazenda Fortaleza;Arenápolis;5101308;2026-09-06;7.6;7.7;1.8;71.8;0,5850;;0;openmeteo_sisclima_fallback;openmeteo_ecmwf_ifs025;openmeteo_soil_proxy;;;;;Tempestade;amarelo;;;;;;;;1;5101308;municipio_sede;;;;;;;66006011;sem_cota_alerta;
21945;ARENAL;Aripuanã;5101407;2026-09-06;5.4;23.7;4.6;55.0;0,4260;;0;openmeteo_ponto;openmeteo_ponto;openmeteo_soil_proxy;hidro_risco_municipal;;;;Tempestade;amarelo;;;;;;;;2;5101407|5105150;ponto_barragem_telemetria;openmeteo_ponto;;;;;;15750600;sem_cota_alerta;
4739;CGH Aripuanã - Dique da UHE Dardanelos;Aripuanã;5101407;2026-09-06;1.2;10.9;2.6;23.9;0,2420;;0;openmeteo_sisclima_fallback;openmeteo_ecmwf_ifs025;openmeteo_soil_proxy;hidro_risco_municipal;;;;Tempestade;amarelo;;;;;;;;1;5101407;municipio_sede;;;;;;;15750550;sem_cota_alerta;
20736;CGH Faxinal I - CAPTAÇÃO LATERAL SIMPLES;Aripuanã;5101407;2026-09-06;1.2;10.9;2.6;23.9;0,2420;;0;openmeteo_sisclima_fallback;openmeteo_ecmwf_ifs025;openmeteo_soil_proxy;hidro_risco_municipal;;;;Tempestade;amarelo;;;;;;;;1;5101407;municipio_sede;;;;;;;15750558;sem_cota_alerta;
34157;CGH Faxinal I - CAPTAÇÃO LATERAL SIMPLES (CGH FAXINAL I);Aripuanã;5101407;2026-09-06;1.2;10.9;2.6;23.9;0,2420;;0;openmeteo_sisclima_fallback;openmeteo_ecmwf_ifs025;openmeteo_soil_proxy;hidro_risco_municipal;;;;Tempestade;amarelo;;;;;;;;1;5101407;municipio_sede;;;;;;;15750558;sem_cota_alerta;
7957;Mineração Dardanelos;Aripuanã;5101407;2026-09-06;4.0;11.9;2.6;47.2;0,4260;;0;openmeteo_sisclima_fallback;openmeteo_ecmwf_ifs025;openmeteo_soil_proxy;hidro_risco_municipal;;;;Tempestade;amarelo;;;;;;;;2;5101407|5105150;sede_mais_montante_max;;;;;;;15750600;sem_cota_alerta;
5154;PCH Faxinal II - PCH FAXINAL II;Aripuanã;5101407;2026-09-06;1.2;10.9;2.6;23.9;0,2420;;0;openmeteo_sisclima_fallback;openmeteo_ecmwf_ifs025;openmeteo_soil_proxy;hidro_risco_municipal;;;;Tempestade;amarelo;;;;;;;;1;5101407;municipio_sede;;;;;;;15750558;sem_cota_alerta;
34227;PCH Faxinal II - PCH FAXINAL II;Aripuanã;5101407;2026-09-06;1.2;10.9;2.6;23.9;0,2420;;0;openmeteo_sisclima_fallback;openmeteo_ecmwf_ifs025;openmeteo_soil_proxy;hidro_risco_municipal;;;;Tempestade;amarelo;;;;;;;;1;5101407;municipio_sede;;;;;;;15750558;sem_cota_alerta;
4157;UHE Dardanelos - UHE Dardanelos;Aripuanã;5101407;2026-09-06;1.2;10.9;2.6;23.9;0,2420;;0;openmeteo_sisclima_fallback;openmeteo_ecmwf_ifs025;openmeteo_soil_proxy;hidro_risco_municipal;;;;Tempestade;amarelo;;;;;;;;1;5101407;municipio_sede;;;;;;;15750550;sem_cota_alerta;
36651;Chácara Esteio - Barramento I;Alta Floresta;5100250;2026-09-06;17.9;30.5;13.6;97.2;1,0000;0,55;0;openmeteo_sisclima_fallback;openmeteo_ecmwf_ifs025;openmeteo_soil_proxy;hidro_risco_municipal;verde;;;Tempestade;amarelo;;;;;;44.39;openmeteo_glofas_copernicus_ems;14;5100250|5102793|5104526|5104559|5105259|5105580|5106190|5106216|5107768|5107909|5107925|5108006|5108055|5108501;sede_mais_montante_max;;;;;;;17381100;sem_cota_alerta;
37416;Fazenda Santa Helena -  Montante 1;Alta Floresta;5100250;2026-09-06;17.9;30.5;13.6;97.2;1,0000;0,55;0;openmeteo_sisclima_fallback;openmeteo_ecmwf_ifs025;openmeteo_soil_proxy;hidro_risco_municipal;verde;;;Tempestade;amarelo;;;;;;44.39;openmeteo_glofas_copernicus_ems;13;5100250|5104526|5104559|5105259|5105580|5106190|5106216|5107768|5107909|5107925|5108006|5108055|5108501;sede_mais_montante_max;;;;;;;17381600;sem_cota_alerta;
20050;Fazenda Santa Helena - Barramento 01;Alta Floresta;5100250;2026-09-06;17.9;30.5;13.6;97.2;1,0000;0,55;0;openmeteo_sisclima_fallback;openmeteo_ecmwf_ifs025;openmeteo_soil_proxy;hidro_risco_municipal;verde;;;Tempestade;amarelo;;;;;;44.39;openmeteo_glofas_copernicus_ems;13;5100250|5104526|5104559|5105259|5105580|5106190|5106216|5107768|5107909|5107925|5108006|5108055|5108501;sede_mais_montante_max;;;;;;;17381600;sem_cota_alerta;
37432;Fazenda Santa Helena - Barramento 02;Alta Floresta;5100250;2026-09-06;17.9;30.5;13.6;97.2;1,0000;0,55;0;openmeteo_sisclima_fallback;openmeteo_ecmwf_ifs025;openmeteo_soil_proxy;hidro_risco_municipal;verde;;;Tempestade;amarelo;;;;;;44.39;openmeteo_glofas_copernicus_ems;13;5100250|5104526|5104559|5105259|5105580|5106190|5106216|5107768|5107909|5107925|5108006|5108055|5108501;sede_mais_montante_max;;;;;;;17381600;sem_cota_alerta;
37770;JBS S/A – Alta Floresta;Alta Floresta;5100250;2026-09-06;17.9;30.5;13.6;97.2;1,0000;0,55;0;openmeteo_sisclima_fallback;openmeteo_ecmwf_ifs025;openmeteo_soil_proxy;hidro_risco_municipal;verde;;;Tempestade;amarelo;;;;;;44.39;openmeteo_glofas_copernicus_ems;14;5100250|5102793|5104526|5104559|5105259|5105580|5106190|5106216|5107768|5107909|5107925|5108006|5108055|5108501;sede_mais_montante_max;;;;;;;17381600;sem_cota_alerta;
37767;Barramento 1 - Fazenda Jacarandá;Araguaiana;5101001;2026-09-06;7.3;7.8;7.1;71.1;0,6260;;0;openmeteo_sisclima_fallback;openmeteo_ecmwf_ifs025;openmeteo_soil_proxy;;;;;Tempestade;amarelo;;;;;;;;1;5101001;municipio_sede;;;;;;;24850000;sem_cota_alerta;
37386;Tanque Pulmão Fazenda Jacarandá;Araguaiana;5101001;2026-09-06;7.3;7.8;7.1;71.1;0,6260;;0;openmeteo_sisclima_fallback;openmeteo_ecmwf_ifs025;openmeteo_soil_proxy;;;;;Tempestade;amarelo;;;;;;;;1;5101001;municipio_sede;;;;;;;24850000;sem_cota_alerta;
34567;Barragem 1 Fazenda Santa Maria;Barra do Bugres;5101704;2026-09-06;11.9;14.3;3.5;55.0;0,9540;;1;openmeteo_ponto;openmeteo_ponto;openmeteo_soil_proxy;;;;;Tempestade;amarelo;;;;;;;;1;5101704;ponto_barragem_telemetria;openmeteo_ponto;;;;;;66008500;sem_cota_alerta;
30939;Barramento 09;Barra do Bugres;5101704;2026-09-06;15.9;21.7;0.7;95.1;0,9540;;0;openmeteo_sisclima_fallback;openmeteo_ecmwf_ifs025;openmeteo_soil_proxy;;;;;Tempestade;amarelo;;;;;;;;1;5101704;municipio_sede;;;;;;;66008500;sem_cota_alerta;
34707;Barramento 2 – Fazenda Santa Maria;Barra do Bugres;5101704;2026-09-06;15.9;21.7;0.7;95.1;0,9540;;0;openmeteo_sisclima_fallback;openmeteo_ecmwf_ifs025;openmeteo_soil_proxy;;;;;Tempestade;amarelo;;;;;;;;1;5101704;municipio_sede;;;;;;;66008500;sem_cota_alerta;
34706;Barramento 3 – Fazenda Santa Maria;Barra do Bugres;5101704;2026-09-06;15.9;21.7;0.7;95.1;0,9540;;0;openmeteo_sisclima_fallback;openmeteo_ecmwf_ifs025;openmeteo_soil_proxy;;;;;Tempestade;amarelo;;;;;;;;1;5101704;municipio_sede;;;;;;;66008500;sem_cota_alerta;
36671;Barramento Fazenda Ouro Branco;Barra do Bugres;5101704;2026-09-06;15.9;21.7;0.7;95.1;0,9540;;0;openmeteo_sisclima_fallback;openmeteo_ecmwf_ifs025;openmeteo_soil_proxy;;;;;Tempestade;amarelo;;;;;;;;1;5101704;municipio_sede;;;;;;;66008500;sem_cota_alerta;
34623;Barramento montante – Fazenda São Sebastião;Barra do Bugres;5101704;2026-09-06;15.9;21.7;0.7;95.1;0,9540;;0;openmeteo_sisclima_fallback;openmeteo_ecmwf_ifs025;openmeteo_soil_proxy;;;;;Tempestade;amarelo;;;;;;;;1;5101704;municipio_sede;;;;;;;66056000;sem_cota_alerta;
34622;Barramento – Fazenda São Sebastião;Barra do Bugres;5101704;2026-09-06;15.9;21.7;0.7;95.1;0,9540;;0;openmeteo_sisclima_fallback;openmeteo_ecmwf_ifs025;openmeteo_soil_proxy;;;;;Tempestade;amarelo;;;;;;;;1;5101704;municipio_sede;;;;;;;66056000;sem_cota_alerta;
5371;FAZENDA OURO BRANCO;Barra do Bugres;5101704;2026-09-06;15.9;21.7;0.7;95.1;0,9540;;0;openmeteo_sisclima_fallback;openmeteo_ecmwf_ifs025;openmeteo_soil_proxy;;;;;Tempestade;amarelo;;;;;;;;1;5101704;municipio_sede;;;;;;;66008500;sem_cota_alerta;
5364;FAZENDA OURO FINO;Barra do Bugres;5101704;2026-09-06;15.9;21.7;0.7;95.1;0,9540;;0;openmeteo_sisclima_fallback;openmeteo_ecmwf_ifs025;openmeteo_soil_proxy;;;;;Tempestade;amarelo;;;;;;;;1;5101704;municipio_sede;;;;;;;66008500;sem_cota_alerta;
5362;FAZENDA OURO FINO - Barragem 02;Barra do Bugres;5101704;2026-09-06;15.9;21.7;0.7;95.1;0,9540;;0;openmeteo_sisclima_fallback;openmeteo_ecmwf_ifs025;openmeteo_soil_proxy;;;;;Tempestade;amarelo;;;;;;;;1;5101704;municipio_sede;;;;;;;66008500;sem_cota_alerta;
5361;FAZENDA OURO FINO- Barragem 01;Barra do Bugres;5101704;2026-09-06;15.9;21.7;0.7;95.1;0,9540;;0;openmeteo_sisclima_fallback;openmeteo_ecmwf_ifs025;openmeteo_soil_proxy;;;;;Tempestade;amarelo;;;;;;;;1;5101704;municipio_sede;;;;;;;66008500;sem_cota_alerta;
26672;Faz São Paulo;Barra do Bugres;5101704;2026-09-06;15.9;21.7;2.2;95.1;1,0000;;0;openmeteo_sisclima_fallback;openmeteo_ecmwf_ifs025;openmeteo_soil_proxy;;;;;Tempestade;amarelo;;;;;;;;7;5101308|5101704|5103452|5103502|5106000|5106232|5107958;sede_mais_montante_max;;;;;;;66056000;sem_cota_alerta;
7987;Faz. Ouro Fino - Barragem 05;Barra do Bugres;5101704;2026-09-06;15.9;21.7;0.7;95.1;0,9540;;0;openmeteo_sisclima_fallback;openmeteo_ecmwf_ifs025;openmeteo_soil_proxy;;;;;Tempestade;amarelo;;;;;;;;1;5101704;municipio_sede;;;;;;;66008500;sem_cota_alerta;
7985;Faz. Ouro Fino - Barragem 06;Barra do Bugres;5101704;2026-09-06;15.9;21.7;0.7;95.1;0,9540;;0;openmeteo_sisclima_fallback;openmeteo_ecmwf_ifs025;openmeteo_soil_proxy;;;;;Tempestade;amarelo;;;;;;;;1;5101704;municipio_sede;;;;;;;66008500;sem_cota_alerta;
7986;Faz. Ouro Fino - Barragem 07;Barra do Bugres;5101704;2026-09-06;15.9;21.7;0.7;95.1;0,9540;;0;openmeteo_sisclima_fallback;openmeteo_ecmwf_ifs025;openmeteo_soil_proxy;;;;;Tempestade;amarelo;;;;;;;;1;5101704;municipio_sede;;;;;;;66008500;sem_cota_alerta;
20144;Fazenda Ceita Porã;Barra do Bugres;5101704;2026-09-06;15.9;21.7;0.7;95.1;0,9540;;0;openmeteo_sisclima_fallback;openmeteo_ecmwf_ifs025;openmeteo_soil_proxy;;;;;Tempestade;amarelo;;;;;;;;1;5101704;municipio_sede;;;;;;;66010000;sem_cota_alerta;
27373;Fazenda Estrela;Barra do Bugres;5101704;2026-09-06;15.9;21.7;0.7;95.1;0,9540;;0;openmeteo_sisclima_fallback;openmeteo_ecmwf_ifs025;openmeteo_soil_proxy;;;;;Tempestade;amarelo;;;;;;;;1;5101704;municipio_sede;;;;;;;66010000;sem_cota_alerta;
5372;Fazenda Guanabara;Barra do Bugres;5101704;2026-09-06;15.9;21.7;0.7;95.1;0,9540;;0;openmeteo_sisclima_fallback;openmeteo_ecmwf_ifs025;openmeteo_soil_proxy;;;;;Tempestade;amarelo;;;;;;;;1;5101704;municipio_sede;;;;;;;66008500;sem_cota_alerta;
27277;Fazenda Jauquara;Barra do Bugres;5101704;2026-09-06;15.9;21.7;2.2;95.1;1,0000;;0;openmeteo_sisclima_fallback;openmeteo_ecmwf_ifs025;openmeteo_soil_proxy;;;;;Tempestade;amarelo;;;;;;;;7;5101308|5101704|5103452|5103502|5106000|5106232|5107958;sede_mais_montante_max;;;;;;;66010000;sem_cota_alerta;
7976;Fazenda Tucano;Barra do Bugres;5101704;2026-09-06;15.9;21.7;0.7;95.1;0,9540;;0;openmeteo_sisclima_fallback;openmeteo_ecmwf_ifs025;openmeteo_soil_proxy;;;;;Tempestade;amarelo;;;;;;;;1;5101704;municipio_sede;;;;;;;66010000;sem_cota_alerta;
4336;UHE Juba II - Juba II;Barra do Bugres;5101704;2026-09-06;15.9;21.7;0.7;95.1;0,9540;;0;openmeteo_sisclima_fallback;openmeteo_ecmwf_ifs025;openmeteo_soil_proxy;;;;;Tempestade;amarelo;;;;;;;;1;5101704;municipio_sede;;;;;;;66052081;sem_cota_alerta;
29564;UISA A;Barra do Bugres;5101704;2026-09-06;15.9;21.7;0.7;95.1;0,9540;;0;openmeteo_sisclima_fallback;openmeteo_ecmwf_ifs025;openmeteo_soil_proxy;;;;;Tempestade;amarelo;;;;;;;;1;5101704;municipio_sede;;;;;;;66008500;sem_cota_alerta;
31563;BARRAGEM URUTAU;Barra do Garças;5101803;2026-09-06;5.2;5.6;10.8;55.0;0,4280;;0;openmeteo_ponto;openmeteo_ponto;openmeteo_soil_proxy;;;;;Tempestade;amarelo;;;;;;;;1;5101803;ponto_barragem_telemetria;openmeteo_ponto;;;;;;26130000;sem_cota_alerta;
35283;Barragem Agrocentro;Barra do Garças;5101803;2026-09-06;6.0;7.7;4.9;62.7;0,4280;;0;openmeteo_sisclima_fallback;openmeteo_ecmwf_ifs025;openmeteo_soil_proxy;;;;;Tempestade;amarelo;;;;;;;;1;5101803;municipio_sede;;;;;;;24700000;sem_cota_alerta;
35121;Barragem Canário;Barra do Garças;5101803;2026-09-06;6.0;7.7;4.9;62.7;0,4280;;0;openmeteo_sisclima_fallback;openmeteo_ecmwf_ifs025;openmeteo_soil_proxy;;;;;Tempestade;amarelo;;;;;;;;1;5101803;municipio_sede;;;;;;;26130000;sem_cota_alerta;
35379;Barragem Fazenda Belo Horizonte;Barra do Garças;5101803;2026-09-06;6.0;7.7;6.4;62.7;0,5720;;0;openmeteo_sisclima_fallback;openmeteo_ecmwf_ifs025;openmeteo_soil_proxy;;;;;Tempestade;amarelo;;;;;;;;2;5101803|5103908;sede_mais_montante_max;;;;;;;26054000;sem_cota_alerta;
35273;Barragem Nossa Senhora Aparecida;Barra do Garças;5101803;2026-09-06;6.0;7.7;4.9;62.7;0,4280;;0;openmeteo_sisclima_fallback;openmeteo_ecmwf_ifs025;openmeteo_soil_proxy;;;;;Tempestade;amarelo;;;;;;;;2;5101803|5108105;sede_mais_montante_max;;;;;;;24653000;sem_cota_alerta;
35152;Barragem Vitória I ? Principal;Barra do Garças;5101803;2026-09-06;6.0;7.7;4.9;62.7;0,4280;;0;openmeteo_sisclima_fallback;openmeteo_ecmwf_ifs025;openmeteo_soil_proxy;;;;;Tempestade;amarelo;;;;;;;;1;5101803;municipio_sede;;;;;;;26130000;sem_cota_alerta;
35072;Barramento - Fazenda Belo Horizonte;Barra do Garças;5101803;2026-09-06;6.0;7.7;6.4;62.7;0,5720;;0;openmeteo_sisclima_fallback;openmeteo_ecmwf_ifs025;openmeteo_soil_proxy;;;;;Tempestade;amarelo;;;;;;;;2;5101803|5103908;sede_mais_montante_max;;;;;;;26054000;sem_cota_alerta;
35076;Barramento - Fazenda Belo Horizonte II;Barra do Garças;5101803;2026-09-06;6.0;7.7;6.4;62.7;0,5720;;0;openmeteo_sisclima_fallback;openmeteo_ecmwf_ifs025;openmeteo_soil_proxy;;;;;Tempestade;amarelo;;;;;;;;2;5101803|5103908;sede_mais_montante_max;;;;;;;26054000;sem_cota_alerta;
31568;Barramento Fazenda Vera Cruz;Barra do Garças;5101803;2026-09-06;6.0;7.7;4.9;62.7;0,4280;;0;openmeteo_sisclima_fallback;openmeteo_ecmwf_ifs025;openmeteo_soil_proxy;;;;;Tempestade;amarelo;;;;;;;;1;5101803;municipio_sede;;;;;;;26130000;sem_cota_alerta;
8174;Faz. Agrocentro Barra Brasil;Barra do Garças;5101803;2026-09-06;6.0;7.7;4.9;62.7;0,4280;;0;openmeteo_sisclima_fallback;openmeteo_ecmwf_ifs025;openmeteo_soil_proxy;;;;;Tempestade;amarelo;;;;;;;;1;5101803;municipio_sede;;;;;;;24700000;sem_cota_alerta;
6475;Fazenda AFB Brasil;Barra do Garças;5101803;2026-09-06;6.0;7.7;4.9;62.7;0,4280;;0;openmeteo_sisclima_fallback;openmeteo_ecmwf_ifs025;openmeteo_soil_proxy;;;;;Tempestade;amarelo;;;;;;;;1;5101803;municipio_sede;;;;;;;26130000;sem_cota_alerta;
19966;Fazenda AFB Brasil;Barra do Garças;5101803;2026-09-06;6.0;7.7;4.9;62.7;0,4280;;0;openmeteo_sisclima_fallback;openmeteo_ecmwf_ifs025;openmeteo_soil_proxy;;;;;Tempestade;amarelo;;;;;;;;1;5101803;municipio_sede;;;;;;;26130000;sem_cota_alerta;
19967;Fazenda AFB Brasil;Barra do Garças;5101803;2026-09-06;6.0;7.7;4.9;62.7;0,4280;;0;openmeteo_sisclima_fallback;openmeteo_ecmwf_ifs025;openmeteo_soil_proxy;;;;;Tempestade;amarelo;;;;;;;;1;5101803;municipio_sede;;;;;;;26130000;sem_cota_alerta;
22627;Barragem Aldeia Isibaiadzatsi;Bom Jesus do Araguaia;5101852;2026-09-06;2.7;17.5;5.0;30.0;0,8640;;0;openmeteo_ponto;openmeteo_ponto;openmeteo_soil_proxy;;;;;Tempestade;amarelo;;;;;;;;1;5101852;ponto_barragem_telemetria;openmeteo_ponto;;;;;;26310000;sem_cota_alerta;
26335;Barramento - Fazenda Guapeva;Bom Jesus do Araguaia;5101852;2026-09-06;7.7;16.0;4.3;73.2;0,8640;;0;openmeteo_sisclima_fallback;openmeteo_ecmwf_ifs025;openmeteo_soil_proxy;;;;;Tempestade;amarelo;;;;;;;;1;5101852;municipio_sede;;;;;;;26310000;sem_cota_alerta;
33076;Barramento – Munícipio de Bom Jesus do Araguaia;Bom Jesus do Araguaia;5101852;2026-09-06;7.7;16.0;4.3;73.2;0,8640;;0;openmeteo_sisclima_fallback;openmeteo_ecmwf_ifs025;openmeteo_soil_proxy;;;;;Tempestade;amarelo;;;;;;;;1;5101852;municipio_sede;;;;;;;26310000;sem_cota_alerta;
22398;Massa d'Água #103693;Bom Jesus do Araguaia;5101852;2026-09-06;7.7;16.0;4.3;73.2;0,8640;;0;openmeteo_sisclima_fallback;openmeteo_ecmwf_ifs025;openmeteo_soil_proxy;;;;;Tempestade;amarelo;;;;;;;;1;5101852;municipio_sede;;;;;;;26310000;sem_cota_alerta;
22607;Massa d'Água #158075;Bom Jesus do Araguaia;5101852;2026-09-06;7.7;16.0;4.3;73.2;0,8640;;0;openmeteo_sisclima_fallback;openmeteo_ecmwf_ifs025;openmeteo_soil_proxy;;;;;Tempestade;amarelo;;;;;;;;1;5101852;municipio_sede;;;;;;;26310000;sem_cota_alerta;
22230;Massa d'Água #65759;Bom Jesus do Araguaia;5101852;2026-09-06;10.5;22.7;9.5;84.5;0,8640;;0;openmeteo_sisclima_fallback;openmeteo_ecmwf_ifs025;openmeteo_soil_proxy;;;;;Tempestade;amarelo;;;;;;;;2;5101852|5107180;sede_mais_montante_max;;;;;;;26310000;sem_cota_alerta;
19994;PDS Bordolândia;Bom Jesus do Araguaia;5101852;2026-09-06;7.7;16.0;4.3;73.2;0,8640;;0;openmeteo_sisclima_fallback;openmeteo_ecmwf_ifs025;openmeteo_soil_proxy;;;;;Tempestade;amarelo;;;;;;;;1;5101852;municipio_sede;;;;;;;26310000;sem_cota_alerta;
31635;Barragem I - Fazenda Batista;Brasnorte;5101902;2026-09-06;4.0;6.8;0.6;30.0;0,8410;;0;openmeteo_ponto;openmeteo_ponto;openmeteo_soil_proxy;hidro_risco_municipal;;;;Tempestade;amarelo;;;;;;;;1;5101902;ponto_barragem_telemetria;openmeteo_ponto;;;;;;17091600;sem_cota_alerta;
35019;Barramento - Fazenda Paraná - São Bento;Brasnorte;5101902;2026-09-06;8.9;10.4;3.1;78.2;0,9190;0,55;0;openmeteo_sisclima_fallback;openmeteo_ecmwf_ifs025;openmeteo_soil_proxy;hidro_risco_municipal;verde;;;Tempestade;amarelo;;;;;;;;3;5101902|5102637|5108907;sede_mais_montante_max;;;;;;;17093020;sem_cota_alerta;2026-09-07 10:00:00
35020;Barramento 1 (montante) - Fazenda Paraná - São Bento;Brasnorte;5101902;2026-09-06;8.9;10.4;3.1;78.2;0,9190;0,55;0;openmeteo_sisclima_fallback;openmeteo_ecmwf_ifs025;openmeteo_soil_proxy;hidro_risco_municipal;verde;;;Tempestade;amarelo;;;;;;;;3;5101902|5102637|5108907;sede_mais_montante_max;;;;;;;17093020;sem_cota_alerta;2026-09-07 10:00:00
36365;Barramento I - Fazenda Três Coqueiros;Brasnorte;5101902;2026-09-06;1.2;4.1;1.2;23.9;0,8410;;0;openmeteo_sisclima_fallback;openmeteo_ecmwf_ifs025;openmeteo_soil_proxy;hidro_risco_municipal;;;;Tempestade;amarelo;;;;;;;;1;5101902;municipio_sede;;;;356,0;;;17092960;contexto_somente;2026-09-07 10:00:00
36366;Barramento II - Fazenda Três Coqueiros;Brasnorte;5101902;2026-09-06;1.2;4.1;1.2;23.9;0,8410;;0;openmeteo_sisclima_fallback;openmeteo_ecmwf_ifs025;openmeteo_soil_proxy;hidro_risco_municipal;;;;Tempestade;amarelo;;;;;;;;1;5101902;municipio_sede;;;;356,0;;;17092960;contexto_somente;2026-09-07 10:00:00
36367;Barramento III - Fazenda Três Coqueiros;Brasnorte;5101902;2026-09-06;1.2;4.1;1.2;23.9;0,8410;;0;openmeteo_sisclima_fallback;openmeteo_ecmwf_ifs025;openmeteo_soil_proxy;hidro_risco_municipal;;;;Tempestade;amarelo;;;;;;;;1;5101902;municipio_sede;;;;356,0;;;17092960;contexto_somente;2026-09-07 10:00:00
20129;Faz. Paraná;Brasnorte;5101902;2026-09-06;8.9;10.4;3.1;78.2;0,9190;0,55;0;openmeteo_sisclima_fallback;openmeteo_ecmwf_ifs025;openmeteo_soil_proxy;hidro_risco_municipal;verde;;;Tempestade;amarelo;;;;;;;;3;5101902|5102637|5108907;sede_mais_montante_max;;;;;;;17093020;sem_cota_alerta;2026-09-07 10:00:00
5320;Fazenda Itapiranga;Brasnorte;5101902;2026-09-06;1.2;4.1;1.2;23.9;0,8410;;0;openmeteo_sisclima_fallback;openmeteo_ecmwf_ifs025;openmeteo_soil_proxy;hidro_risco_municipal;;;;Tempestade;amarelo;;;;;;;;1;5101902;municipio_sede;;;;;;;01258006;sem_cota_alerta;
26669;Fazenda Nove de Julho;Brasnorte;5101902;2026-09-06;12.2;16.7;3.2;89.4;0,8460;0,55;0;openmeteo_sisclima_fallback;openmeteo_ecmwf_ifs025;openmeteo_soil_proxy;hidro_risco_municipal;verde;;;Tempestade;amarelo;;;;;;;;3;5101902|5102686|5107875;sede_mais_montante_max;;;;;;;17093020;sem_cota_alerta;2026-09-07 10:00:00
20314;Fazenda Paraná;Brasnorte;5101902;2026-09-06;8.9;10.4;3.1;78.2;0,9190;0,55;0;openmeteo_sisclima_fallback;openmeteo_ecmwf_ifs025;openmeteo_soil_proxy;hidro_risco_municipal;verde;;;Tempestade;amarelo;;;;;;;;3;5101902|5102637|5108907;sede_mais_montante_max;;;;;;;17093020;sem_cota_alerta;2026-09-07 10:00:00
35236;Fazenda Roberto I ? Barragem principal;Brasnorte;5101902;2026-09-06;8.9;10.4;3.1;78.2;0,9190;0,55;0;openmeteo_sisclima_fallback;openmeteo_ecmwf_ifs025;openmeteo_soil_proxy;hidro_risco_municipal;verde;;;Tempestade;amarelo;;;;;;;;3;5101902|5102637|5108907;sede_mais_montante_max;;;;;;;01258006;sem_cota_alerta;
7965;Fazenda São João VIII;Brasnorte;5101902;2026-09-06;1.2;4.1;1.2;23.9;0,8410;;0;openmeteo_sisclima_fallback;openmeteo_ecmwf_ifs025;openmeteo_soil_proxy;hidro_risco_municipal;;;;Tempestade;amarelo;;;;;;;;1;5101902;municipio_sede;;;;;;;01258006;sem_cota_alerta;
22393;Massa d'Água #102561;Brasnorte;5101902;2026-09-06;12.2;16.7;3.2;89.4;0,8460;0,55;0;openmeteo_sisclima_fallback;openmeteo_ecmwf_ifs025;openmeteo_soil_proxy;hidro_risco_municipal;verde;;;Tempestade;amarelo;;;;;;;;2;5101902|5107875;sede_mais_montante_max;;;;356,0;;;17092960;contexto_somente;2026-09-07 10:00:00
22394;Massa d'Água #102797;Brasnorte;5101902;2026-09-06;1.2;4.1;1.2;23.9;0,8410;;0;openmeteo_sisclima_fallback;openmeteo_ecmwf_ifs025;openmeteo_soil_proxy;hidro_risco_municipal;;;;Tempestade;amarelo;;;;;;;;1;5101902;municipio_sede;;;;;;;01357012;sem_cota_alerta;
22448;Massa d'Água #121634;Brasnorte;5101902;2026-09-06;8.9;10.4;3.1;78.2;0,9190;0,55;0;openmeteo_sisclima_fallback;openmeteo_ecmwf_ifs025;openmeteo_soil_proxy;hidro_risco_municipal;verde;;;Tempestade;amarelo;;;;;;;;3;5101902|5102637|5108907;sede_mais_montante_max;;;;;;;17094400;sem_cota_alerta;
22464;Massa d'Água #127461;Brasnorte;5101902;2026-09-06;12.2;16.7;3.2;89.4;0,8460;0,55;0;openmeteo_sisclima_fallback;openmeteo_ecmwf_ifs025;openmeteo_soil_proxy;hidro_risco_municipal;verde;;;Tempestade;amarelo;;;;;;;;2;5101902|5107875;sede_mais_montante_max;;;;;;;01258006;sem_cota_alerta;
22465;Massa d'Água #127642;Brasnorte;5101902;2026-09-06;8.9;10.4;3.1;78.2;0,9190;0,55;0;openmeteo_sisclima_fallback;openmeteo_ecmwf_ifs025;openmeteo_soil_proxy;hidro_risco_municipal;verde;;;Tempestade;amarelo;;;;;;;;3;5101902|5102637|5108907;sede_mais_montante_max;;;;;;;01258006;sem_cota_alerta;
22493;Massa d'Água #138208;Brasnorte;5101902;2026-09-06;1.2;4.1;1.2;23.9;0,8410;;0;openmeteo_sisclima_fallback;openmeteo_ecmwf_ifs025;openmeteo_soil_proxy;hidro_risco_municipal;;;;Tempestade;amarelo;;;;;;;;1;5101902;municipio_sede;;;;;;;17094400;sem_cota_alerta;
22539;Massa d'Água #149061;Brasnorte;5101902;2026-09-06;8.9;10.4;3.1;78.2;0,9190;0,55;0;openmeteo_sisclima_fallback;openmeteo_ecmwf_ifs025;openmeteo_soil_proxy;hidro_risco_municipal;verde;;;Tempestade;amarelo;;;;;;;;3;5101902|5102637|5108907;sede_mais_montante_max;;;;;;;01258006;sem_cota_alerta;
22560;Massa d'Água #151451;Brasnorte;5101902;2026-09-06;1.2;4.1;1.2;23.9;0,8410;;0;openmeteo_sisclima_fallback;openmeteo_ecmwf_ifs025;openmeteo_soil_proxy;hidro_risco_municipal;;;;Tempestade;amarelo;;;;;;;;1;5101902;municipio_sede;;;;;;;01258006;sem_cota_alerta;
22613;Massa d'Água #160670;Brasnorte;5101902;2026-09-06;1.2;4.1;1.2;23.9;0,8410;;0;openmeteo_sisclima_fallback;openmeteo_ecmwf_ifs025;openmeteo_soil_proxy;hidro_risco_municipal;;;;Tempestade;amarelo;;;;;;;;1;5101902;municipio_sede;;;;;;;01258006;sem_cota_alerta;
23395;Massa d'Água #172010;Brasnorte;5101902;2026-09-06;1.2;4.1;1.2;23.9;0,8410;;0;openmeteo_sisclima_fallback;openmeteo_ecmwf_ifs025;openmeteo_soil_proxy;hidro_risco_municipal;;;;Tempestade;amarelo;;;;;;;;1;5101902;municipio_sede;;;;;;;01258006;sem_cota_alerta;
23404;Massa d'Água #178229;Brasnorte;5101902;2026-09-06;8.9;10.4;3.1;78.2;0,9190;0,55;0;openmeteo_sisclima_fallback;openmeteo_ecmwf_ifs025;openmeteo_soil_proxy;hidro_risco_municipal;verde;;;Tempestade;amarelo;;;;;;;;3;5101902|5102637|5108907;sede_mais_montante_max;;;;;;;17094400;sem_cota_alerta;
23573;Massa d'Água #191605;Brasnorte;5101902;2026-09-06;1.2;4.1;1.2;23.9;0,8410;;0;openmeteo_sisclima_fallback;openmeteo_ecmwf_ifs025;openmeteo_soil_proxy;hidro_risco_municipal;;;;Tempestade;amarelo;;;;;;;;1;5101902;municipio_sede;;;;;;;17094550;sem_cota_alerta;
23594;Massa d'Água #198298;Brasnorte;5101902;2026-09-06;8.9;10.4;3.1;78.2;0,9190;0,55;0;openmeteo_sisclima_fallback;openmeteo_ecmwf_ifs025;openmeteo_soil_proxy;hidro_risco_municipal;verde;;;Tempestade;amarelo;;;;;;;;3;5101902|5102637|5108907;sede_mais_montante_max;;;;;;;17094400;sem_cota_alerta;
23602;Massa d'Água #201444;Brasnorte;5101902;2026-09-06;8.9;10.4;3.1;78.2;0,9190;0,55;0;openmeteo_sisclima_fallback;openmeteo_ecmwf_ifs025;openmeteo_soil_proxy;hidro_risco_municipal;verde;;;Tempestade;amarelo;;;;;;;;3;5101902|5102637|5108907;sede_mais_montante_max;;;;;;;01258006;sem_cota_alerta;
23646;Massa d'Água #205134;Brasnorte;5101902;2026-09-06;8.9;10.4;3.1;78.2;0,9190;0,55;0;openmeteo_sisclima_fallback;openmeteo_ecmwf_ifs025;openmeteo_soil_proxy;hidro_risco_municipal;verde;;;Tempestade;amarelo;;;;;;;;3;5101902|5102637|5108907;sede_mais_montante_max;;;;;;;01258006;sem_cota_alerta;
23657;Massa d'Água #208270;Brasnorte;5101902;2026-09-06;1.2;4.1;1.2;23.9;0,8410;;0;openmeteo_sisclima_fallback;openmeteo_ecmwf_ifs025;openmeteo_soil_proxy;hidro_risco_municipal;;;;Tempestade;amarelo;;;;;;;;1;5101902;municipio_sede;;;;;;;01357012;sem_cota_alerta;
23711;Massa d'Água #218398;Brasnorte;5101902;2026-09-06;8.9;10.4;3.1;78.2;0,9190;0,55;0;openmeteo_sisclima_fallback;openmeteo_ecmwf_ifs025;openmeteo_soil_proxy;hidro_risco_municipal;verde;;;Tempestade;amarelo;;;;;;;;3;5101902|5102637|5108907;sede_mais_montante_max;;;;;;;01258006;sem_cota_alerta;
23755;Massa d'Água #223691;Brasnorte;5101902;2026-09-06;1.2;4.1;1.2;23.9;0,8410;;0;openmeteo_sisclima_fallback;openmeteo_ecmwf_ifs025;openmeteo_soil_proxy;hidro_risco_municipal;;;;Tempestade;amarelo;;;;;;;;1;5101902;municipio_sede;;;;;;;17094400;sem_cota_alerta;
23760;Massa d'Água #224991;Brasnorte;5101902;2026-09-06;8.9;10.4;3.1;78.2;0,9190;0,55;0;openmeteo_sisclima_fallback;openmeteo_ecmwf_ifs025;openmeteo_soil_proxy;hidro_risco_municipal;verde;;;Tempestade;amarelo;;;;;;;;3;5101902|5102637|5108907;sede_mais_montante_max;;;;;;;01258006;sem_cota_alerta;
23784;Massa d'Água #233184;Brasnorte;5101902;2026-09-06;1.2;4.1;1.2;23.9;0,8410;;0;openmeteo_sisclima_fallback;openmeteo_ecmwf_ifs025;openmeteo_soil_proxy;hidro_risco_municipal;;;;Tempestade;amarelo;;;;;;;;1;5101902;municipio_sede;;;;;;;01258006;sem_cota_alerta;
23811;Massa d'Água #237597;Brasnorte;5101902;2026-09-06;1.2;4.1;1.2;23.9;0,8410;;0;openmeteo_sisclima_fallback;openmeteo_ecmwf_ifs025;openmeteo_soil_proxy;hidro_risco_municipal;;;;Tempestade;amarelo;;;;;;;;1;5101902;municipio_sede;;;;;;;17094400;sem_cota_alerta;
23815;Massa d'Água #240888;Brasnorte;5101902;2026-09-06;12.2;16.7;3.2;89.4;0,8460;0,55;0;openmeteo_sisclima_fallback;openmeteo_ecmwf_ifs025;openmeteo_soil_proxy;hidro_risco_municipal;verde;;;Tempestade;amarelo;;;;;;;;2;5101902|5107875;sede_mais_montante_max;;;;;;;01258006;sem_cota_alerta;
22259;Massa d'Água #69653;Brasnorte;5101902;2026-09-06;8.9;10.4;3.1;78.2;0,9190;0,55;0;openmeteo_sisclima_fallback;openmeteo_ecmwf_ifs025;openmeteo_soil_proxy;hidro_risco_municipal;verde;;;Tempestade;amarelo;;;;;;;;3;5101902|5102637|5108907;sede_mais_montante_max;;;;;;;01258006;sem_cota_alerta;
22260;Massa d'Água #69922;Brasnorte;5101902;2026-09-06;1.2;4.1;1.2;23.9;0,8410;;0;openmeteo_sisclima_fallback;openmeteo_ecmwf_ifs025;openmeteo_soil_proxy;hidro_risco_municipal;;;;Tempestade;amarelo;;;;;;;;1;5101902;municipio_sede;;;;;;;01258006;sem_cota_alerta;
22279;Massa d'Água #76964;Brasnorte;5101902;2026-09-06;1.2;4.1;1.2;23.9;0,8410;;0;openmeteo_sisclima_fallback;openmeteo_ecmwf_ifs025;openmeteo_soil_proxy;hidro_risco_municipal;;;;Tempestade;amarelo;;;;;;;;1;5101902;municipio_sede;;;;;;;17091600;sem_cota_alerta;
22307;Massa d'Água #79702;Brasnorte;5101902;2026-09-06;1.2;4.1;1.2;23.9;0,8410;;0;openmeteo_sisclima_fallback;openmeteo_ecmwf_ifs025;openmeteo_soil_proxy;hidro_risco_municipal;;;;Tempestade;amarelo;;;;;;;;1;5101902;municipio_sede;;;;;;;01258006;sem_cota_alerta;
22322;Massa d'Água #83563;Brasnorte;5101902;2026-09-06;8.9;10.4;3.1;78.2;0,9190;0,55;0;openmeteo_sisclima_fallback;openmeteo_ecmwf_ifs025;openmeteo_soil_proxy;hidro_risco_municipal;verde;;;Tempestade;amarelo;;;;;;;;3;5101902|5102637|5108907;sede_mais_montante_max;;;;;;;01258006;sem_cota_alerta;
22331;Massa d'Água #86130;Brasnorte;5101902;2026-09-06;12.2;16.7;3.2;89.4;0,8460;0,55;0;openmeteo_sisclima_fallback;openmeteo_ecmwf_ifs025;openmeteo_soil_proxy;hidro_risco_municipal;verde;;;Tempestade;amarelo;;;;;;;;3;5101902|5102686|5107875;sede_mais_montante_max;;;;;;;01258006;sem_cota_alerta;
22335;Massa d'Água #87134;Brasnorte;5101902;2026-09-06;1.2;4.1;1.2;23.9;0,8410;;0;openmeteo_sisclima_fallback;openmeteo_ecmwf_ifs025;openmeteo_soil_proxy;hidro_risco_municipal;;;;Tempestade;amarelo;;;;;;;;1;5101902;municipio_sede;;;;;;;17094550;sem_cota_alerta;
22379;Massa d'Água #95945;Brasnorte;5101902;2026-09-06;8.9;10.4;3.1;78.2;0,9190;0,55;0;openmeteo_sisclima_fallback;openmeteo_ecmwf_ifs025;openmeteo_soil_proxy;hidro_risco_municipal;verde;;;Tempestade;amarelo;;;;;;;;3;5101902|5102637|5108907;sede_mais_montante_max;;;;;;;01258006;sem_cota_alerta;
5097;PCH Bocaiúva - PCH Bocaiúva;Brasnorte;5101902;2026-09-06;1.2;4.1;1.2;23.9;0,8410;;0;openmeteo_sisclima_fallback;openmeteo_ecmwf_ifs025;openmeteo_soil_proxy;hidro_risco_municipal;;;;Tempestade;amarelo;;;;;;;;1;5101902;municipio_sede;;;;;;;17094520;sem_cota_alerta;
4560;PCH Sacre II - (NÃO EXISTE BARRAGEM NESTA USINA);Brasnorte;5101902;2026-09-06;1.2;4.1;1.2;23.9;0,8410;;0;openmeteo_sisclima_fallback;openmeteo_ecmwf_ifs025;openmeteo_soil_proxy;hidro_risco_municipal;;;;Tempestade;amarelo;;;;;;;;1;5101902;municipio_sede;;;;;;;17091600;sem_cota_alerta;
37412;Barragem Terra Nova;Barra do Garças;5101803;2026-09-06;6.0;7.7;4.9;62.7;0,4280;;0;openmeteo_sisclima_fallback;openmeteo_ecmwf_ifs025;openmeteo_soil_proxy;;;;;Tempestade;amarelo;;;;;;;;1;5101803;municipio_sede;;;;;;;26130000;sem_cota_alerta;
24181;CGH Ronuro - 1;Boa Esperança do Norte;5101837;2026-09-06;12.8;13.3;6.4;55.0;0,7010;;1;openmeteo_ponto;openmeteo_ponto;openmeteo_soil_proxy;;;;;;;;;;;;;;1;5101837;ponto_barragem_telemetria;openmeteo_ponto;;;;;;18422400;sem_cota_alerta;
37458;Fazenda Mundo Novo - Reservatório Pulmão 1;Boa Esperança do Norte;5101837;2026-09-06;3.8;4.3;4.2;45.8;0,7010;;0;openmeteo_sisclima_fallback;openmeteo_ecmwf_ifs025;openmeteo_soil_proxy;;;;;;;;;;;;;;1;5101837;municipio_sede;;;;;;;17277500;sem_cota_alerta;
37539;Fazenda Prediger III;Boa Esperança do Norte;5101837;2026-09-06;3.8;4.3;4.2;45.8;0,7010;;0;openmeteo_sisclima_fallback;openmeteo_ecmwf_ifs025;openmeteo_soil_proxy;;;;;;;;;;;;;;1;5101837;municipio_sede;;;;;;;17277500;sem_cota_alerta;
37733;Barragem 02;Bom Jesus do Araguaia;5101852;2026-09-06;7.7;16.0;4.3;73.2;0,8640;;0;openmeteo_sisclima_fallback;openmeteo_ecmwf_ifs025;openmeteo_soil_proxy;;;;;Tempestade;amarelo;;;;;;;;1;5101852;municipio_sede;;;;;;;26310000;sem_cota_alerta;
37685;Barragem 03;Bom Jesus do Araguaia;5101852;2026-09-06;10.5;22.7;9.5;84.5;0,8640;;0;openmeteo_sisclima_fallback;openmeteo_ecmwf_ifs025;openmeteo_soil_proxy;;;;;Tempestade;amarelo;;;;;;;;2;5101852|5107180;sede_mais_montante_max;;;;;;;18428000;sem_cota_alerta;
7963;Fazenda Catavento jusante;Brasnorte;5101902;2026-09-06;8.9;10.4;3.1;78.2;0,9190;0,55;0;openmeteo_sisclima_fallback;openmeteo_ecmwf_ifs025;openmeteo_soil_proxy;hidro_risco_municipal;verde;;;Tempestade;amarelo;;;;;;;;3;5101902|5102637|5108907;sede_mais_montante_max;;;;;;;01258006;sem_cota_alerta;
7964;Fazenda Catavento montante;Brasnorte;5101902;2026-09-06;8.9;10.4;3.1;78.2;0,9190;0,55;0;openmeteo_sisclima_fallback;openmeteo_ecmwf_ifs025;openmeteo_soil_proxy;hidro_risco_municipal;verde;;;Tempestade;amarelo;;;;;;;;3;5101902|5102637|5108907;sede_mais_montante_max;;;;;;;01258006;sem_cota_alerta;
23987;CGH Desiderio - Barragem 1;Campinápolis;5102603;2026-09-06;3.2;3.8;7.4;30.0;0,7290;;0;openmeteo_ponto;openmeteo_ponto;openmeteo_soil_proxy;;;;;Tempestade;amarelo;;;;;;;;1;5102603;ponto_barragem_telemetria;openmeteo_ponto;;;;;;26053120;sem_cota_alerta;
23988;CGH Dona Assunta - Barragem 01;Campinápolis;5102603;2026-09-06;10.5;12.2;4.2;84.5;0,7290;;0;openmeteo_sisclima_fallback;openmeteo_ecmwf_ifs025;openmeteo_soil_proxy;;;;;Tempestade;amarelo;;;;;;;;1;5102603;municipio_sede;;;;;;;26053120;sem_cota_alerta;
23989;CGH Noidore - Barragem 01;Campinápolis;5102603;2026-09-06;10.5;12.2;4.2;84.5;0,7290;;0;openmeteo_sisclima_fallback;openmeteo_ecmwf_ifs025;openmeteo_soil_proxy;;;;;Tempestade;amarelo;;;;;;;;1;5102603;municipio_sede;;;;;;;26054000;sem_cota_alerta;
30591;Barragem na Fazenda Gera;Campo Novo do Parecis;5102637;2026-09-06;2.0;4.4;1.0;30.0;0,8350;0,55;0;openmeteo_ponto;openmeteo_ponto;openmeteo_soil_proxy;hidro_risco_municipal;verde;;;Tempestade;amarelo;verde;;;;;;;1;5102637;ponto_barragem_telemetria;openmeteo_ponto;;;;;;17093500;sem_cota_alerta;
35075;Barramento - Fazenda Estância Gaúcha;Campo Novo do Parecis;5102637;2026-09-06;1.1;6.5;2.4;19.7;0,8350;0,55;0;openmeteo_sisclima_fallback;openmeteo_ecmwf_ifs025;openmeteo_soil_proxy;hidro_risco_municipal;verde;;;Tempestade;amarelo;verde;;;;;;;1;5102637;municipio_sede;;;;;;;17093400;sem_cota_alerta;
7966;Barramento - Fazenda Horizonte VI;Campo Novo do Parecis;5102637;2026-09-06;1.1;6.5;2.4;19.7;0,8350;0,55;0;openmeteo_sisclima_fallback;openmeteo_ecmwf_ifs025;openmeteo_soil_proxy;hidro_risco_municipal;verde;;;Tempestade;amarelo;verde;;;;;;;1;5102637;municipio_sede;;;;;;;17091550;sem_cota_alerta;
35132;Barramento - Fazenda Santa Maria - Gleba A;Campo Novo do Parecis;5102637;2026-09-06;1.1;6.5;2.4;19.7;0,8350;0,55;0;openmeteo_sisclima_fallback;openmeteo_ecmwf_ifs025;openmeteo_soil_proxy;hidro_risco_municipal;verde;;;Tempestade;amarelo;verde;;;;;;;1;5102637;municipio_sede;;;;;;;17091550;sem_cota_alerta;
37351;Fazenda Bom Jesus;Campo Novo do Parecis;5102637;2026-09-06;1.1;6.5;2.4;19.7;0,8350;0,55;0;openmeteo_sisclima_fallback;openmeteo_ecmwf_ifs025;openmeteo_soil_proxy;hidro_risco_municipal;verde;;;Tempestade;amarelo;verde;;;;;;;1;5102637;municipio_sede;;;;40,0;;;17091546;contexto_somente;2026-09-07 09:45:00
27292;Fazenda Novo Campo;Campo Novo do Parecis;5102637;2026-09-06;1.1;6.5;2.4;19.7;0,8350;0,55;0;openmeteo_sisclima_fallback;openmeteo_ecmwf_ifs025;openmeteo_soil_proxy;hidro_risco_municipal;verde;;;Tempestade;amarelo;verde;;;;;;;1;5102637;municipio_sede;;;;;;;17093700;sem_cota_alerta;
36352;Fazenda Santo Antônio do Membeca;Campo Novo do Parecis;5102637;2026-09-06;1.1;6.5;2.4;19.7;0,8350;0,55;0;openmeteo_sisclima_fallback;openmeteo_ecmwf_ifs025;openmeteo_soil_proxy;hidro_risco_municipal;verde;;;Tempestade;amarelo;verde;;;;;;;1;5102637;municipio_sede;;;;;;;17093500;sem_cota_alerta;
4959;PCH Baruíto - Baruíto;Campo Novo do Parecis;5102637;2026-09-06;1.1;6.5;2.4;19.7;0,8350;0,55;0;openmeteo_sisclima_fallback;openmeteo_ecmwf_ifs025;openmeteo_soil_proxy;hidro_risco_municipal;verde;;;Tempestade;amarelo;verde;;;;;;;1;5102637;municipio_sede;;;;;;;17094000;sem_cota_alerta;
36476;Reservatório Milênio;Campo Novo do Parecis;5102637;2026-09-06;1.1;6.5;2.4;19.7;0,8350;0,55;0;openmeteo_sisclima_fallback;openmeteo_ecmwf_ifs025;openmeteo_soil_proxy;hidro_risco_municipal;verde;;;Tempestade;amarelo;verde;;;;;;;1;5102637;municipio_sede;;;;;;;17093500;sem_cota_alerta;
26448;Barragem 1 - PREFEITURA MUNICIPAL DE CAMPO VERDE;Campo Verde;5102678;2026-09-06;0.1;0.8;18.0;30.0;0,7120;;0;openmeteo_ponto;openmeteo_ponto;openmeteo_soil_proxy;;;;;Tempestade;amarelo;;;;;;;;1;5102678;ponto_barragem_telemetria;openmeteo_ponto;;;;;;66164600;sem_cota_alerta;
35021;Barragem Charrua;Campo Verde;5102678;2026-09-06;0.0;0.9;17.7;4.9;0,7120;;0;openmeteo_sisclima_fallback;openmeteo_ecmwf_ifs025;openmeteo_soil_proxy;;;;;Tempestade;amarelo;;;;;;;;1;5102678;municipio_sede;;;;;;;66223100;sem_cota_alerta;
20133;Barragem Água Azul;Campo Verde;5102678;2026-09-06;0.0;0.9;17.7;4.9;0,7120;;0;openmeteo_sisclima_fallback;openmeteo_ecmwf_ifs025;openmeteo_soil_proxy;;;;;Tempestade;amarelo;;;;;;;;1;5102678;municipio_sede;;;;;;;26033600;sem_cota_alerta;
26442;Fazenda Cristalina;Campo Verde;5102678;2026-09-06;0.0;0.9;17.7;4.9;0,7120;;0;openmeteo_sisclima_fallback;openmeteo_ecmwf_ifs025;openmeteo_soil_proxy;;;;;Tempestade;amarelo;;;;;;;;1;5102678;municipio_sede;;;;;;;26033600;sem_cota_alerta;
278;Fazenda Santo Antonio 3;Campo Verde;5102678;2026-09-06;0.0;0.9;17.7;4.9;0,7120;;0;openmeteo_sisclima_fallback;openmeteo_ecmwf_ifs025;openmeteo_soil_proxy;;;;;Tempestade;amarelo;;;;;;;;1;5102678;municipio_sede;;;;;;;26033600;sem_cota_alerta;
35162;Fazenda Água Branca - Barramento;Campo Verde;5102678;2026-09-06;0.0;0.9;17.7;4.9;0,7120;;0;openmeteo_sisclima_fallback;openmeteo_ecmwf_ifs025;openmeteo_soil_proxy;;;;;Tempestade;amarelo;;;;;;;;1;5102678;municipio_sede;;;;;;;26033600;sem_cota_alerta;
277;Santa Juliana I;Campo Verde;5102678;2026-09-06;0.0;0.9;17.7;4.9;0,7120;;0;openmeteo_sisclima_fallback;openmeteo_ecmwf_ifs025;openmeteo_soil_proxy;;;;;Tempestade;amarelo;;;;;;;;1;5102678;municipio_sede;;;;;;;26033600;sem_cota_alerta;
276;Santa Juliana II;Campo Verde;5102678;2026-09-06;0.0;0.9;17.7;4.9;0,7120;;0;openmeteo_sisclima_fallback;openmeteo_ecmwf_ifs025;openmeteo_soil_proxy;;;;;Tempestade;amarelo;;;;;;;;1;5102678;municipio_sede;;;;;;;26033600;sem_cota_alerta;
23998;CGH Masutti - MASUTTI;Campos de Júlio;5102686;2026-09-06;6.2;13.2;0.8;55.0;0,7780;0,55;0;openmeteo_ponto;openmeteo_ponto;openmeteo_soil_proxy;hidro_risco_municipal;verde;;;Tempestade;amarelo;verde;;;;;;;1;5102686;ponto_barragem_telemetria;openmeteo_ponto;;;;;;17090400;sem_cota_alerta;
34465;Fazenda Marta;Campos de Júlio;5102686;2026-09-06;7.3;13.8;0.4;71.1;0,7780;0,55;0;openmeteo_sisclima_fallback;openmeteo_ecmwf_ifs025;openmeteo_soil_proxy;hidro_risco_municipal;verde;;;Tempestade;amarelo;verde;;;;;;;1;5102686;municipio_sede;;;;;;;17090400;sem_cota_alerta;
4668;PCH Divisa - Divisa;Campos de Júlio;5102686;2026-09-06;7.3;13.8;0.4;71.1;0,7780;0,55;0;openmeteo_sisclima_fallback;openmeteo_ecmwf_ifs025;openmeteo_soil_proxy;hidro_risco_municipal;verde;;;Tempestade;amarelo;verde;;;;;;;1;5102686;municipio_sede;;;;;;;17091160;sem_cota_alerta;
4216;PCH Ilha Comprida - Barramento PCH Ilha Comprida;Campos de Júlio;5102686;2026-09-06;7.3;13.8;0.4;71.1;0,7780;0,55;0;openmeteo_sisclima_fallback;openmeteo_ecmwf_ifs025;openmeteo_soil_proxy;hidro_risco_municipal;verde;;;Tempestade;amarelo;verde;;;;;;;1;5102686;municipio_sede;;;;;;;17091080;sem_cota_alerta;
35253;BARRAGEM PRINCIPAL 1A;Canarana;5102702;2026-09-06;5.7;6.3;11.2;55.0;0,9080;;0;openmeteo_ponto;openmeteo_ponto;openmeteo_soil_proxy;;;;;Tempestade;amarelo;;;;;;;;1;5102702;ponto_barragem_telemetria;openmeteo_ponto;;;;;;18426200;sem_cota_alerta;
36502;Barragem Fazenda Passo Fundo;Canarana;5102702;2026-09-06;7.3;9.2;5.2;71.1;0,9080;;0;openmeteo_sisclima_fallback;openmeteo_ecmwf_ifs025;openmeteo_soil_proxy;;;;;Tempestade;amarelo;;;;;;;;2;5102702|5107792;sede_mais_montante_max;;;;;;;18415000;sem_cota_alerta;
35239;Barragem Fazenda Sagarana;Canarana;5102702;2026-09-06;1.2;2.4;5.2;23.9;0,9080;;0;openmeteo_sisclima_fallback;openmeteo_ecmwf_ifs025;openmeteo_soil_proxy;;;;;Tempestade;amarelo;;;;;;;;1;5102702;municipio_sede;;;;;;;18426200;sem_cota_alerta;
34767;Barragem I - Fazenda Lagoa Vermelha;Canarana;5102702;2026-09-06;1.2;2.4;5.2;23.9;0,9080;;0;openmeteo_sisclima_fallback;openmeteo_ecmwf_ifs025;openmeteo_soil_proxy;;;;;Tempestade;amarelo;;;;;;;;1;5102702;municipio_sede;;;;;;;18426200;sem_cota_alerta;
36503;Barragem Montante Fazenda Passo Fundo;Canarana;5102702;2026-09-06;7.3;9.2;5.2;71.1;0,9080;;0;openmeteo_sisclima_fallback;openmeteo_ecmwf_ifs025;openmeteo_soil_proxy;;;;;Tempestade;amarelo;;;;;;;;2;5102702|5107792;sede_mais_montante_max;;;;;;;18415000;sem_cota_alerta;
31661;Barragem na Fazenda Nova Esperança II;Canarana;5102702;2026-09-06;1.2;2.4;5.2;23.9;0,9080;;0;openmeteo_sisclima_fallback;openmeteo_ecmwf_ifs025;openmeteo_soil_proxy;;;;;Tempestade;amarelo;;;;;;;;1;5102702;municipio_sede;;;;;;;18426200;sem_cota_alerta;
31048;Barragem na Fazenda Santa Fé;Canarana;5102702;2026-09-06;7.3;9.2;5.2;71.1;0,9080;;0;openmeteo_sisclima_fallback;openmeteo_ecmwf_ifs025;openmeteo_soil_proxy;;;;;Tempestade;amarelo;;;;;;;;2;5102702|5107792;sede_mais_montante_max;;;;;;;18415000;sem_cota_alerta;
34001;Barramento 1 - Fazenda Progresso Vista Alegre;Canarana;5102702;2026-09-06;1.2;2.4;5.2;23.9;0,9080;;0;openmeteo_sisclima_fallback;openmeteo_ecmwf_ifs025;openmeteo_soil_proxy;;;;;Tempestade;amarelo;;;;;;;;1;5102702;municipio_sede;;;;;;;18426200;sem_cota_alerta;
34991;Barramento 2 Principal - Fazenda Cocal;Canarana;5102702;2026-09-06;1.2;2.4;5.2;23.9;0,9080;;0;openmeteo_sisclima_fallback;openmeteo_ecmwf_ifs025;openmeteo_soil_proxy;;;;;Tempestade;amarelo;;;;;;;;1;5102702;municipio_sede;;;;;;;18428000;sem_cota_alerta;
35630;Barramento 2A - Fazenda Santa Helena;Canarana;5102702;2026-09-06;1.2;2.4;5.2;23.9;0,9080;;0;openmeteo_sisclima_fallback;openmeteo_ecmwf_ifs025;openmeteo_soil_proxy;;;;;Tempestade;amarelo;;;;;;;;1;5102702;municipio_sede;;;;;;;18426200;sem_cota_alerta;
34992;Barramento 3 Montante - Fazenda Cocal;Canarana;5102702;2026-09-06;1.2;2.4;5.2;23.9;0,9080;;0;openmeteo_sisclima_fallback;openmeteo_ecmwf_ifs025;openmeteo_soil_proxy;;;;;Tempestade;amarelo;;;;;;;;1;5102702;municipio_sede;;;;;;;18426200;sem_cota_alerta;
35250;Barramento III Fazenda Cocal;Canarana;5102702;2026-09-06;1.2;2.4;5.2;23.9;0,9080;;0;openmeteo_sisclima_fallback;openmeteo_ecmwf_ifs025;openmeteo_soil_proxy;;;;;Tempestade;amarelo;;;;;;;;1;5102702;municipio_sede;;;;;;;18428000;sem_cota_alerta;
34185;CGH Cocal (75 Kw) - MCH COCAL;Canarana;5102702;2026-09-06;1.2;2.4;5.2;23.9;0,9080;;0;openmeteo_sisclima_fallback;openmeteo_ecmwf_ifs025;openmeteo_soil_proxy;;;;;Tempestade;amarelo;;;;;;;;1;5102702;municipio_sede;;;;;;;18428000;sem_cota_alerta;
32989;Dall Asta 2;Canarana;5102702;2026-09-06;1.2;2.4;5.2;23.9;0,9080;;0;openmeteo_sisclima_fallback;openmeteo_ecmwf_ifs025;openmeteo_soil_proxy;;;;;Tempestade;amarelo;;;;;;;;1;5102702;municipio_sede;;;;;;;18426200;sem_cota_alerta;
31827;FAZENDA CAMPO FLORIDO;Canarana;5102702;2026-09-06;7.3;9.2;5.2;71.1;0,9080;;0;openmeteo_sisclima_fallback;openmeteo_ecmwf_ifs025;openmeteo_soil_proxy;;;;;Tempestade;amarelo;;;;;;;;2;5102702|5107792;sede_mais_montante_max;;;;;;;18415000;sem_cota_alerta;
19996;FAZENDA GUAPORÉ;Canarana;5102702;2026-09-06;1.2;2.4;5.2;23.9;0,9080;;0;openmeteo_sisclima_fallback;openmeteo_ecmwf_ifs025;openmeteo_soil_proxy;;;;;Tempestade;amarelo;;;;;;;;1;5102702;municipio_sede;;;;;;;18426200;sem_cota_alerta;
8159;Fazenda Araribá;Canarana;5102702;2026-09-06;1.2;2.4;5.2;23.9;0,9080;;0;openmeteo_sisclima_fallback;openmeteo_ecmwf_ifs025;openmeteo_soil_proxy;;;;;Tempestade;amarelo;;;;;;;;1;5102702;municipio_sede;;;;;;;18415300;sem_cota_alerta;
34793;Fazenda Canarana – Barramento 01;Canarana;5102702;2026-09-06;1.2;2.4;5.2;23.9;0,9080;;0;openmeteo_sisclima_fallback;openmeteo_ecmwf_ifs025;openmeteo_soil_proxy;;;;;Tempestade;amarelo;;;;;;;;1;5102702;municipio_sede;;;;;;;18415300;sem_cota_alerta;
19989;Fazenda Cocal;Canarana;5102702;2026-09-06;1.2;2.4;5.2;23.9;0,9080;;0;openmeteo_sisclima_fallback;openmeteo_ecmwf_ifs025;openmeteo_soil_proxy;;;;;Tempestade;amarelo;;;;;;;;1;5102702;municipio_sede;;;;;;;18426200;sem_cota_alerta;
35251;Fazenda Cocal (Barramento III) - Montante;Canarana;5102702;2026-09-06;1.2;2.4;5.2;23.9;0,9080;;0;openmeteo_sisclima_fallback;openmeteo_ecmwf_ifs025;openmeteo_soil_proxy;;;;;Tempestade;amarelo;;;;;;;;1;5102702;municipio_sede;;;;;;;18426200;sem_cota_alerta;
35633;Fazenda Cocal - Barramento 05;Canarana;5102702;2026-09-06;1.2;2.4;5.2;23.9;0,9080;;0;openmeteo_sisclima_fallback;openmeteo_ecmwf_ifs025;openmeteo_soil_proxy;;;;;Tempestade;amarelo;;;;;;;;1;5102702;municipio_sede;;;;;;;18426200;sem_cota_alerta;
35338;Fazenda Cocal ? Barramento 04;Canarana;5102702;2026-09-06;1.2;2.4;5.2;23.9;0,9080;;0;openmeteo_sisclima_fallback;openmeteo_ecmwf_ifs025;openmeteo_soil_proxy;;;;;Tempestade;amarelo;;;;;;;;1;5102702;municipio_sede;;;;;;;18428000;sem_cota_alerta;
32376;Fazenda Dall Asta – Barramento 1;Canarana;5102702;2026-09-06;1.2;2.4;5.2;23.9;0,9080;;0;openmeteo_sisclima_fallback;openmeteo_ecmwf_ifs025;openmeteo_soil_proxy;;;;;Tempestade;amarelo;;;;;;;;1;5102702;municipio_sede;;;;;;;18426200;sem_cota_alerta;
31994;Fazenda L Cristina - Barragem 1;Canarana;5102702;2026-09-06;7.3;9.2;5.2;71.1;0,9080;;0;openmeteo_sisclima_fallback;openmeteo_ecmwf_ifs025;openmeteo_soil_proxy;;;;;Tempestade;amarelo;;;;;;;;2;5102702|5107792;sede_mais_montante_max;;;;;;;18415300;sem_cota_alerta;
20142;Fazenda Negrinho do Pastoreiro;Canarana;5102702;2026-09-06;1.2;2.4;5.2;23.9;0,9080;;0;openmeteo_sisclima_fallback;openmeteo_ecmwf_ifs025;openmeteo_soil_proxy;;;;;Tempestade;amarelo;;;;;;;;1;5102702;municipio_sede;;;;;;;18426200;sem_cota_alerta;
36507;Fazenda Ponta Bonita ? Parte 1;Canarana;5102702;2026-09-06;1.2;2.4;5.2;23.9;0,9080;;0;openmeteo_sisclima_fallback;openmeteo_ecmwf_ifs025;openmeteo_soil_proxy;;;;;Tempestade;amarelo;;;;;;;;1;5102702;municipio_sede;;;;;;;18426200;sem_cota_alerta;
30131;Fazenda Tanguro;Canarana;5102702;2026-09-06;1.2;2.4;5.2;23.9;0,9080;;0;openmeteo_sisclima_fallback;openmeteo_ecmwf_ifs025;openmeteo_soil_proxy;;;;;Tempestade;amarelo;;;;;;;;1;5102702;municipio_sede;;;;;;;18426200;sem_cota_alerta;
36576;Fazenda Vera Cruz do Xingú;Canarana;5102702;2026-09-06;1.2;2.4;5.2;23.9;0,9080;;0;openmeteo_sisclima_fallback;openmeteo_ecmwf_ifs025;openmeteo_soil_proxy;;;;;Tempestade;amarelo;;;;;;;;1;5102702;municipio_sede;;;;;;;18426200;sem_cota_alerta;
23757;Massa d'Água #224375;Canarana;5102702;2026-09-06;1.2;2.4;5.2;23.9;0,9080;;0;openmeteo_sisclima_fallback;openmeteo_ecmwf_ifs025;openmeteo_soil_proxy;;;;;Tempestade;amarelo;;;;;;;;1;5102702;municipio_sede;;;;;;;18426200;sem_cota_alerta;
31541;Barramento principal (1A);Carlinda;5102793;2026-09-06;11.5;34.9;4.3;55.0;1,0000;0,55;2;openmeteo_ponto;openmeteo_ponto;openmeteo_soil_proxy;hidro_risco_municipal;verde;;;Tempestade;amarelo;verde;;;;;44.39;openmeteo_glofas_copernicus_ems;9;5102793|5104526|5104559|5105259|5107768|5107909|5107925|5108006|5108501;ponto_barragem_telemetria;openmeteo_ponto;;;;;;17340200;sem_cota_alerta;
35228;Barramento principal - Fazenda Rio da Mata;Carlinda;5102793;2026-09-06;17.9;30.5;13.6;97.2;1,0000;0,55;0;openmeteo_sisclima_fallback;openmeteo_ecmwf_ifs025;openmeteo_soil_proxy;hidro_risco_municipal;verde;;;Tempestade;amarelo;verde;;;;;44.39;openmeteo_glofas_copernicus_ems;13;5102793|5104526|5104559|5105259|5105580|5106190|5106216|5107768|5107909|5107925|5108006|5108055|5108501;sede_mais_montante_max;;;;;;;17340200;sem_cota_alerta;
27572;LIPINISKY;Carlinda;5102793;2026-09-06;17.9;30.5;13.6;97.2;1,0000;0,55;0;openmeteo_sisclima_fallback;openmeteo_ecmwf_ifs025;openmeteo_soil_proxy;hidro_risco_municipal;verde;;;Tempestade;amarelo;verde;;;;;44.39;openmeteo_glofas_copernicus_ems;13;5102793|5104526|5104559|5105259|5105580|5106190|5106216|5107768|5107909|5107925|5108006|5108055|5108501;sede_mais_montante_max;;;;;;;17378000;sem_cota_alerta;
36539;Barramento Pé de Pequi I;Chapada dos Guimarães;5103007;2026-09-06;0.7;0.9;3.3;30.0;0,1410;0,735;0;openmeteo_ponto;openmeteo_ponto;openmeteo_soil_proxy;hidro_risco_municipal;verde;;;Tempestade;amarelo;verde;;;;;10.09;openmeteo_glofas_copernicus_ems;1;5103007;ponto_barragem_telemetria;openmeteo_ponto;;;294,0;98,00;400,0;66210000;cota_medida;2026-09-07 09:00:00
34040;CGH Oeiras - principal;Chapada dos Guimarães;5103007;2026-09-06;0.0;0.1;5.5;30.0;0,1410;0,55;0;openmeteo_ponto;openmeteo_ponto;openmeteo_soil_proxy;hidro_risco_municipal;verde;;;Tempestade;amarelo;verde;;;;;10.09;openmeteo_glofas_copernicus_ems;1;5103007;ponto_barragem_telemetria;openmeteo_ponto;;;248,0;26,00;;66171500;contexto_somente;2026-09-07 10:00:00
34041;CGH Portal do Vale - principal;Chapada dos Guimarães;5103007;2026-09-06;0.0;0.0;7.4;4.9;0,1410;0,55;0;openmeteo_sisclima_fallback;openmeteo_ecmwf_ifs025;openmeteo_soil_proxy;hidro_risco_municipal;verde;;;Tempestade;amarelo;verde;;;;;10.09;openmeteo_glofas_copernicus_ems;1;5103007;municipio_sede;;;;;;;66223100;sem_cota_alerta;
34042;CGH Vale do Roncador - principal;Chapada dos Guimarães;5103007;2026-09-06;0.0;0.0;7.4;4.9;0,1410;0,55;0;openmeteo_sisclima_fallback;openmeteo_ecmwf_ifs025;openmeteo_soil_proxy;hidro_risco_municipal;verde;;;Tempestade;amarelo;verde;;;;;10.09;openmeteo_glofas_copernicus_ems;1;5103007;municipio_sede;;;;248,0;26,00;;66171500;contexto_somente;2026-09-07 10:00:00
4931;PCH Casca II - B01 - CASCA I;Chapada dos Guimarães;5103007;2026-09-06;0.0;0.0;5.5;30.0;0,1410;0,55;0;openmeteo_ponto;openmeteo_ponto;openmeteo_soil_proxy;hidro_risco_municipal;verde;;;Tempestade;amarelo;verde;;;;;10.09;openmeteo_glofas_copernicus_ems;1;5103007;ponto_barragem_telemetria;openmeteo_ponto;;;;;;66165000;sem_cota_alerta;
20618;PCH Casca II - B02 - Ponte Alta;Chapada dos Guimarães;5103007;2026-09-06;0.0;0.0;5.5;30.0;0,1410;0,55;0;openmeteo_ponto;openmeteo_ponto;openmeteo_soil_proxy;hidro_risco_municipal;verde;;;Tempestade;amarelo;verde;;;;;10.09;openmeteo_glofas_copernicus_ems;1;5103007;ponto_barragem_telemetria;openmeteo_ponto;;;;;;66165000;sem_cota_alerta;
20617;PCH Casca III - Casca III;Chapada dos Guimarães;5103007;2026-09-06;0.0;0.0;5.5;30.0;0,1410;0,55;0;openmeteo_ponto;openmeteo_ponto;openmeteo_soil_proxy;hidro_risco_municipal;verde;;;Tempestade;amarelo;verde;;;;;10.09;openmeteo_glofas_copernicus_ems;1;5103007;ponto_barragem_telemetria;openmeteo_ponto;;;;;;66170500;sem_cota_alerta;
34145;UHE Manso - Barragem da Margem Direita;Chapada dos Guimarães;5103007;2026-09-06;0.0;1.3;4.8;30.0;0,1410;0,55;0;openmeteo_ponto;openmeteo_ponto;openmeteo_soil_proxy;hidro_risco_municipal;verde;;;Tempestade;amarelo;verde;;;;;10.09;openmeteo_glofas_copernicus_ems;1;5103007;ponto_barragem_telemetria;openmeteo_ponto;;;29549,0;;;66240080;contexto_somente;2026-09-07 09:00:00
34146;UHE Manso - Barragem da Margem Esquerda;Chapada dos Guimarães;5103007;2026-09-06;0.0;1.3;4.8;30.0;0,1410;0,735;0;openmeteo_ponto;openmeteo_ponto;openmeteo_soil_proxy;hidro_risco_municipal;verde;;;Tempestade;amarelo;verde;;;;;10.09;openmeteo_glofas_copernicus_ems;1;5103007;ponto_barragem_telemetria;openmeteo_ponto;;;294,0;98,00;400,0;66210000;cota_medida;2026-09-07 09:00:00
4436;UHE Manso - Barragem de Terra do Leito do Rio;Chapada dos Guimarães;5103007;2026-09-06;0.0;1.3;4.8;30.0;0,1410;0,55;0;openmeteo_ponto;openmeteo_ponto;openmeteo_soil_proxy;hidro_risco_municipal;verde;;;Tempestade;amarelo;verde;;;;;10.09;openmeteo_glofas_copernicus_ems;1;5103007;ponto_barragem_telemetria;openmeteo_ponto;;;29549,0;;;66240080;contexto_somente;2026-09-07 09:00:00
20601;UHE Manso - Dique 2;Chapada dos Guimarães;5103007;2026-09-06;0.0;1.3;4.8;30.0;0,1410;0,735;0;openmeteo_ponto;openmeteo_ponto;openmeteo_soil_proxy;hidro_risco_municipal;verde;;;Tempestade;amarelo;verde;;;;;10.09;openmeteo_glofas_copernicus_ems;1;5103007;ponto_barragem_telemetria;openmeteo_ponto;;;294,0;98,00;400,0;66210000;cota_medida;2026-09-07 09:00:00
20602;UHE Manso - Dique 3;Chapada dos Guimarães;5103007;2026-09-06;0.0;1.3;4.8;30.0;0,1410;0,55;0;openmeteo_ponto;openmeteo_ponto;openmeteo_soil_proxy;hidro_risco_municipal;verde;;;Tempestade;amarelo;verde;;;;;10.09;openmeteo_glofas_copernicus_ems;1;5103007;ponto_barragem_telemetria;openmeteo_ponto;;;;;400,0;01455013;sem_cota_alerta;
20603;UHE Manso - Dique 4;Chapada dos Guimarães;5103007;2026-09-06;0.0;1.3;4.8;30.0;0,1410;0,55;0;openmeteo_ponto;openmeteo_ponto;openmeteo_soil_proxy;hidro_risco_municipal;verde;;;Tempestade;amarelo;verde;;;;;10.09;openmeteo_glofas_copernicus_ems;1;5103007;ponto_barragem_telemetria;openmeteo_ponto;;;;;;66240060;sem_cota_alerta;
20604;UHE Manso - Dique 5;Chapada dos Guimarães;5103007;2026-09-06;0.0;1.3;4.8;30.0;0,1410;0,55;0;openmeteo_ponto;openmeteo_ponto;openmeteo_soil_proxy;hidro_risco_municipal;verde;;;Tempestade;amarelo;verde;;;;;10.09;openmeteo_glofas_copernicus_ems;1;5103007;ponto_barragem_telemetria;openmeteo_ponto;;;;;;66240060;sem_cota_alerta;
20605;UHE Manso - Dique 6;Chapada dos Guimarães;5103007;2026-09-06;0.0;1.3;4.8;30.0;0,1410;0,55;0;openmeteo_ponto;openmeteo_ponto;openmeteo_soil_proxy;hidro_risco_municipal;verde;;;Tempestade;amarelo;verde;;;;;10.09;openmeteo_glofas_copernicus_ems;1;5103007;ponto_barragem_telemetria;openmeteo_ponto;;;;;;66240060;sem_cota_alerta;
20606;UHE Manso - Dique 7;Chapada dos Guimarães;5103007;2026-09-06;0.1;0.6;6.4;30.0;0,1410;0,55;0;openmeteo_ponto;openmeteo_ponto;openmeteo_soil_proxy;hidro_risco_municipal;verde;;;Tempestade;amarelo;verde;;;;;10.09;openmeteo_glofas_copernicus_ems;1;5103007;ponto_barragem_telemetria;openmeteo_ponto;;;;;;66240060;sem_cota_alerta;
30462;BARRAGEM 01;Cláudia;5103056;2026-09-06;0.7;4.4;7.5;30.0;1,0000;;0;openmeteo_ponto;openmeteo_ponto;openmeteo_soil_proxy;;;;;Tempestade;amarelo;;;;;;;;3;5103056|5106240|5107248;ponto_barragem_telemetria;openmeteo_ponto;;;;;;18421600;sem_cota_alerta;
29953;Barragem 02;Cláudia;5103056;2026-09-06;3.0;8.2;11.0;39.4;1,0000;;0;openmeteo_sisclima_fallback;openmeteo_ecmwf_ifs025;openmeteo_soil_proxy;;;;;Tempestade;amarelo;;;;;;;;3;5103056|5106240|5107248;sede_mais_montante_max;;;;;;;18421600;sem_cota_alerta;
36100;Barragem a montante;Cláudia;5103056;2026-09-06;3.0;8.2;11.0;39.4;0,8300;;0;openmeteo_sisclima_fallback;openmeteo_ecmwf_ifs025;openmeteo_soil_proxy;;;;;Tempestade;amarelo;;;;;;;;1;5103056;municipio_sede;;;;;;;18421600;sem_cota_alerta;
35071;Barramento 1 ? Lote n° 114-B, 114-C E 115;Cláudia;5103056;2026-09-06;3.0;8.2;11.0;39.4;1,0000;;0;openmeteo_sisclima_fallback;openmeteo_ecmwf_ifs025;openmeteo_soil_proxy;;;;;Tempestade;amarelo;;;;;;;;3;5103056|5106240|5107248;sede_mais_montante_max;;;;;;;18421600;sem_cota_alerta;
36099;Lote nº 316;Cláudia;5103056;2026-09-06;3.0;8.2;11.0;39.4;0,8300;;0;openmeteo_sisclima_fallback;openmeteo_ecmwf_ifs025;openmeteo_soil_proxy;;;;;Tempestade;amarelo;;;;;;;;1;5103056;municipio_sede;;;;;;;18421600;sem_cota_alerta;
20653;UHE Sinop - Sinop;Cláudia;5103056;2026-09-06;3.0;8.2;11.0;39.4;0,8300;;0;openmeteo_sisclima_fallback;openmeteo_ecmwf_ifs025;openmeteo_soil_proxy;;;;;Tempestade;amarelo;;;;;;;;1;5103056;municipio_sede;;;;;;;17280990;sem_cota_alerta;
36475;Agropecuária Madeirinha ? Barramento;Colniza;5103254;2026-09-06;4.1;13.8;2.7;30.0;0,6350;;0;openmeteo_ponto;openmeteo_ponto;openmeteo_soil_proxy;;;;;Tempestade;amarelo;;;;;;;;1;5103254;ponto_barragem_telemetria;openmeteo_ponto;;;;;;;;
23992;CGH Margarida 2 Duplicidade  - MARGARIDA;Comodoro;5103304;2026-09-06;9.3;24.8;2.0;55.0;1,0000;0,55;0;openmeteo_ponto;openmeteo_ponto;openmeteo_soil_proxy;hidro_risco_municipal;verde;;;Tempestade;amarelo;verde;;;;;;;5;5103304|5103361|5105507|5106752|5108352;ponto_barragem_telemetria;openmeteo_ponto;;;;;;15122000;sem_cota_alerta;
34123;CGH Miranda Estância - CGH Rio Piolho;Comodoro;5103304;2026-09-06;8.4;36.8;1.5;74.6;1,0000;0,55;0;openmeteo_sisclima_fallback;openmeteo_ecmwf_ifs025;openmeteo_soil_proxy;hidro_risco_municipal;verde;;;Tempestade;amarelo;verde;;;;;;;5;5103304|5103361|5105507|5106752|5108352;sede_mais_montante_max;;;;;;;15124600;sem_cota_alerta;
23999;CGH Rio Margarida 2 - MARGARIDA;Comodoro;5103304;2026-09-06;8.4;36.8;1.5;74.6;1,0000;0,55;0;openmeteo_sisclima_fallback;openmeteo_ecmwf_ifs025;openmeteo_soil_proxy;hidro_risco_municipal;verde;;;Tempestade;amarelo;verde;;;;;;;5;5103304|5103361|5105507|5106752|5108352;sede_mais_montante_max;;;;;;;15122000;sem_cota_alerta;
36581;Fazenda Cabanha da Vitória;Comodoro;5103304;2026-09-06;8.4;36.8;1.5;74.6;1,0000;0,55;0;openmeteo_sisclima_fallback;openmeteo_ecmwf_ifs025;openmeteo_soil_proxy;hidro_risco_municipal;verde;;;Tempestade;amarelo;verde;;;;;;;5;5103304|5103361|5105507|5106752|5108352;sede_mais_montante_max;;;;;;;15122000;sem_cota_alerta;
22435;Massa d'Água #117161;Comodoro;5103304;2026-09-06;8.4;36.8;1.5;74.6;1,0000;0,55;0;openmeteo_sisclima_fallback;openmeteo_ecmwf_ifs025;openmeteo_soil_proxy;hidro_risco_municipal;verde;;;Tempestade;amarelo;verde;;;;;;;5;5103304|5103361|5105507|5106752|5108352;sede_mais_montante_max;;;;;;;15123000;sem_cota_alerta;
23813;Massa d'Água #240264;Comodoro;5103304;2026-09-06;8.4;36.8;1.5;74.6;1,0000;0,55;0;openmeteo_sisclima_fallback;openmeteo_ecmwf_ifs025;openmeteo_soil_proxy;hidro_risco_municipal;verde;;;Tempestade;amarelo;verde;;;;;;;5;5103304|5103361|5105507|5106752|5108352;sede_mais_montante_max;;;;;;;15123000;sem_cota_alerta;
4554;PCH Cabixi II - CABIXI II;Comodoro;5103304;2026-09-06;6.0;36.8;1.1;62.7;0,5850;0,55;0;openmeteo_sisclima_fallback;openmeteo_ecmwf_ifs025;openmeteo_soil_proxy;hidro_risco_municipal;verde;;;Tempestade;amarelo;verde;;;;;;;1;5103304;municipio_sede;;;;;;;15123080;sem_cota_alerta;
4178;PCH Esperança - DESVIO;Comodoro;5103304;2026-09-06;8.4;36.8;1.5;74.6;1,0000;0,55;0;openmeteo_sisclima_fallback;openmeteo_ecmwf_ifs025;openmeteo_soil_proxy;hidro_risco_municipal;verde;;;Tempestade;amarelo;verde;;;;;;;5;5103304|5103361|5105507|5106752|5108352;sede_mais_montante_max;;;;;;;15123000;sem_cota_alerta;
34186;PCH Juí 117 - NÃO POSSUI BARRAMENTO, DERIVAÇÃO LATERAL DIREITA;Comodoro;5103304;2026-09-06;6.0;36.8;1.1;62.7;0,5850;0,55;0;openmeteo_sisclima_fallback;openmeteo_ecmwf_ifs025;openmeteo_soil_proxy;hidro_risco_municipal;verde;;;Tempestade;amarelo;verde;;;;;;;1;5103304;municipio_sede;;;;;;;17091310;sem_cota_alerta;
5034;PCH Rio Prata - prata;Comodoro;5103304;2026-09-06;8.4;36.8;1.5;74.6;1,0000;0,55;0;openmeteo_sisclima_fallback;openmeteo_ecmwf_ifs025;openmeteo_soil_proxy;hidro_risco_municipal;verde;;;Tempestade;amarelo;verde;;;;;;;5;5103304|5103361|5105507|5106752|5108352;sede_mais_montante_max;;;;;;;15122000;sem_cota_alerta;
36066;Barragem I;Confresa;5103353;2026-09-06;5.6;12.3;6.1;55.0;0,6680;;0;openmeteo_ponto;openmeteo_ponto;openmeteo_soil_proxy;;;;;Tempestade;amarelo;;;;;;;;1;5103353;ponto_barragem_telemetria;openmeteo_ponto;;;;;;26500000;sem_cota_alerta;
29579;Barramento II;Confresa;5103353;2026-09-06;5.7;15.2;5.3;58.5;0,6680;;0;openmeteo_sisclima_fallback;openmeteo_ecmwf_ifs025;openmeteo_soil_proxy;;;;;Tempestade;amarelo;;;;;;;;1;5103353;municipio_sede;;;;;;;26500000;sem_cota_alerta;
36571;Fazenda Brasil Central;Confresa;5103353;2026-09-06;5.7;15.2;5.3;58.5;0,6680;;0;openmeteo_sisclima_fallback;openmeteo_ecmwf_ifs025;openmeteo_soil_proxy;;;;;Tempestade;amarelo;;;;;;;;1;5103353;municipio_sede;;;;;;;26500000;sem_cota_alerta;
31569;Fazenda Luta;Confresa;5103353;2026-09-06;5.7;15.2;5.3;58.5;0,6680;;0;openmeteo_sisclima_fallback;openmeteo_ecmwf_ifs025;openmeteo_soil_proxy;;;;;Tempestade;amarelo;;;;;;;;1;5103353;municipio_sede;;;;;;;26500000;sem_cota_alerta;
26333;PREFEITURA MUNICIPAL DE CONFRESA;Confresa;5103353;2026-09-06;5.7;15.2;5.3;58.5;0,6680;;0;openmeteo_sisclima_fallback;openmeteo_ecmwf_ifs025;openmeteo_soil_proxy;;;;;Tempestade;amarelo;;;;;;;;1;5103353;municipio_sede;;;;;;;26500000;sem_cota_alerta;
34039;CGH Fazenda Dois Irmãos - Córrego Seixas - Fazenda Dois Irmãos;Conquista D'Oeste;5103361;2026-09-06;7.0;11.3;0.8;55.0;0,7870;;0;openmeteo_ponto;openmeteo_ponto;openmeteo_soil_proxy;;;;;Tempestade;amarelo;;;;;;;;1;5103361;ponto_barragem_telemetria;openmeteo_ponto;;;;;;15120500;sem_cota_alerta;
34226;CGH Galera Centrais Eletricas 1a - 1;Conquista D'Oeste;5103361;2026-09-06;8.4;14.6;0.6;74.6;0,7870;;0;openmeteo_sisclima_fallback;openmeteo_ecmwf_ifs025;openmeteo_soil_proxy;;;;;Tempestade;amarelo;;;;;;;;1;5103361;municipio_sede;;;;;;;15121000;sem_cota_alerta;
34732;BARRAGEM 1;Cuiabá;5103403;2026-09-06;7.4;7.8;5.4;55.0;0,6310;0,55;0;openmeteo_ponto;openmeteo_ponto;openmeteo_soil_proxy;hidro_risco_municipal;verde;;;Tempestade;amarelo;;;;;;10.09;openmeteo_glofas_copernicus_ems;4;5103007|5103403|5104906|5107701;ponto_barragem_telemetria;openmeteo_ponto;;;;;;66258003;sem_cota_alerta;
34733;BARRAGEM 2 SUPERIOR;Cuiabá;5103403;2026-09-06;7.4;7.8;5.4;55.0;0,6310;0,55;0;openmeteo_ponto;openmeteo_ponto;openmeteo_soil_proxy;hidro_risco_municipal;verde;;;Tempestade;amarelo;;;;;;10.09;openmeteo_glofas_copernicus_ems;4;5103007|5103403|5104906|5107701;ponto_barragem_telemetria;openmeteo_ponto;;;;;;66258003;sem_cota_alerta;
34734;BARRAGEM 3;Cuiabá;5103403;2026-09-06;9.8;9.8;6.5;55.0;0,6310;0,55;0;openmeteo_ponto;openmeteo_ponto;openmeteo_soil_proxy;hidro_risco_municipal;verde;;;Tempestade;amarelo;;;;;;10.09;openmeteo_glofas_copernicus_ems;4;5103007|5103403|5104906|5107701;ponto_barragem_telemetria;openmeteo_ponto;;;;;;66258003;sem_cota_alerta;
36515;BARRAGEM LAGOA TREVISAN;Cuiabá;5103403;2026-09-06;7.1;7.5;10.3;55.0;0,3970;0,490;0;openmeteo_ponto;openmeteo_ponto;openmeteo_soil_proxy;;;;;Tempestade;amarelo;;;;;;0.23;openmeteo_glofas_copernicus_ems;1;5103403;ponto_barragem_telemetria;openmeteo_ponto;;;98,0;;200,0;66260006;cota_medida;2026-09-07 10:00:00
35000;Barragem 01 - Fazenda 3 Irmãos;Cuiabá;5103403;2026-09-06;8.0;8.5;4.6;55.0;0,6310;0,55;0;openmeteo_ponto;openmeteo_ponto;openmeteo_soil_proxy;hidro_risco_municipal;verde;;;Tempestade;amarelo;;;;;;10.09;openmeteo_glofas_copernicus_ems;4;5103007|5103403|5104906|5107701;ponto_barragem_telemetria;openmeteo_ponto;;;;;;66258003;sem_cota_alerta;
32398;Barragem 02 – Fazenda 3 Irmãos;Cuiabá;5103403;2026-09-06;8.0;8.5;4.6;55.0;0,6310;0,55;0;openmeteo_ponto;openmeteo_ponto;openmeteo_soil_proxy;hidro_risco_municipal;verde;;;Tempestade;amarelo;;;;;;10.09;openmeteo_glofas_copernicus_ems;4;5103007|5103403|5104906|5107701;ponto_barragem_telemetria;openmeteo_ponto;;;;;;66258003;sem_cota_alerta;
32421;Barragem 03 – Fazenda 3 Irmãos;Cuiabá;5103403;2026-09-06;8.0;8.5;4.6;55.0;0,6310;0,55;0;openmeteo_ponto;openmeteo_ponto;openmeteo_soil_proxy;hidro_risco_municipal;verde;;;Tempestade;amarelo;;;;;;10.09;openmeteo_glofas_copernicus_ems;4;5103007|5103403|5104906|5107701;ponto_barragem_telemetria;openmeteo_ponto;;;;;;66258003;sem_cota_alerta;
34731;Barragem 2  Principal;Cuiabá;5103403;2026-09-06;9.8;9.8;6.5;55.0;0,6310;0,55;0;openmeteo_ponto;openmeteo_ponto;openmeteo_soil_proxy;hidro_risco_municipal;verde;;;Tempestade;amarelo;;;;;;10.09;openmeteo_glofas_copernicus_ems;4;5103007|5103403|5104906|5107701;ponto_barragem_telemetria;openmeteo_ponto;;;;;;66258003;sem_cota_alerta;
29377;Barragem MSJ;Cuiabá;5103403;2026-09-06;6.9;7.9;9.6;66.9;0,3970;0,490;0;openmeteo_sisclima_fallback;openmeteo_ecmwf_ifs025;openmeteo_soil_proxy;hidro_risco_municipal;verde;;;Tempestade;amarelo;;;;;;10.09;openmeteo_glofas_copernicus_ems;2;5103007|5103403;sede_mais_montante_max;;;;98,0;;200,0;66260006;cota_medida;2026-09-07 10:00:00
8041;Barragem T04;Cuiabá;5103403;2026-09-06;6.9;7.9;9.6;66.9;0,3970;0,55;0;openmeteo_sisclima_fallback;openmeteo_ecmwf_ifs025;openmeteo_soil_proxy;hidro_risco_municipal;verde;;;Tempestade;amarelo;;;;;;10.09;openmeteo_glofas_copernicus_ems;2;5103007|5103403;sede_mais_montante_max;;;;;;;66258003;sem_cota_alerta;
31578;Barragem Taguá;Cuiabá;5103403;2026-09-06;9.7;9.8;5.1;55.0;0,6310;0,55;0;openmeteo_ponto;openmeteo_ponto;openmeteo_soil_proxy;hidro_risco_municipal;verde;;;Tempestade;amarelo;;;;;;10.09;openmeteo_glofas_copernicus_ems;4;5103007|5103403|5104906|5107701;ponto_barragem_telemetria;openmeteo_ponto;;;;;;66258003;sem_cota_alerta;
33960;Barramento 1 - Mangaba Urbanismo LTDA;Cuiabá;5103403;2026-09-06;7.4;7.8;5.4;55.0;0,6310;0,55;0;openmeteo_ponto;openmeteo_ponto;openmeteo_soil_proxy;hidro_risco_municipal;verde;;;Tempestade;amarelo;;;;;;10.09;openmeteo_glofas_copernicus_ems;4;5103007|5103403|5104906|5107701;ponto_barragem_telemetria;openmeteo_ponto;;;;;;66258003;sem_cota_alerta;
36517;Barramento 2 (Montante);Cuiabá;5103403;2026-09-06;7.4;7.8;5.5;55.0;0,6310;0,490;0;openmeteo_ponto;openmeteo_ponto;openmeteo_soil_proxy;hidro_risco_municipal;verde;;;Tempestade;amarelo;;;;;;10.09;openmeteo_glofas_copernicus_ems;4;5103007|5103403|5104906|5107701;ponto_barragem_telemetria;openmeteo_ponto;;;98,0;;200,0;66260006;cota_medida;2026-09-07 10:00:00
33355;Barramento 2 - Mangaba Urbanismo LTDA;Cuiabá;5103403;2026-09-06;7.4;7.8;5.4;55.0;0,6310;0,55;0;openmeteo_ponto;openmeteo_ponto;openmeteo_soil_proxy;hidro_risco_municipal;verde;;;Tempestade;amarelo;;;;;;10.09;openmeteo_glofas_copernicus_ems;4;5103007|5103403|5104906|5107701;ponto_barragem_telemetria;openmeteo_ponto;;;;;;66258003;sem_cota_alerta;
36516;Barramento 3;Cuiabá;5103403;2026-09-06;7.4;7.8;5.5;55.0;0,6310;0,490;0;openmeteo_ponto;openmeteo_ponto;openmeteo_soil_proxy;hidro_risco_municipal;verde;;;Tempestade;amarelo;;;;;;10.09;openmeteo_glofas_copernicus_ems;4;5103007|5103403|5104906|5107701;ponto_barragem_telemetria;openmeteo_ponto;;;98,0;;200,0;66260006;cota_medida;2026-09-07 10:00:00
35136;Barramento 4;Cuiabá;5103403;2026-09-06;7.4;7.8;5.5;55.0;0,6310;0,490;0;openmeteo_ponto;openmeteo_ponto;openmeteo_soil_proxy;hidro_risco_municipal;verde;;;Tempestade;amarelo;;;;;;10.09;openmeteo_glofas_copernicus_ems;4;5103007|5103403|5104906|5107701;ponto_barragem_telemetria;openmeteo_ponto;;;98,0;;200,0;66260006;cota_medida;2026-09-07 10:00:00
35182;Barramento 5;Cuiabá;5103403;2026-09-06;7.4;7.8;5.5;55.0;0,6310;0,490;0;openmeteo_ponto;openmeteo_ponto;openmeteo_soil_proxy;hidro_risco_municipal;verde;;;Tempestade;amarelo;;;;;;10.09;openmeteo_glofas_copernicus_ems;4;5103007|5103403|5104906|5107701;ponto_barragem_telemetria;openmeteo_ponto;;;98,0;;200,0;66260006;cota_medida;2026-09-07 10:00:00
35181;Barramento 6;Cuiabá;5103403;2026-09-06;7.4;7.8;5.5;55.0;0,6310;0,490;0;openmeteo_ponto;openmeteo_ponto;openmeteo_soil_proxy;hidro_risco_municipal;verde;;;Tempestade;amarelo;;;;;;10.09;openmeteo_glofas_copernicus_ems;4;5103007|5103403|5104906|5107701;ponto_barragem_telemetria;openmeteo_ponto;;;98,0;;200,0;66260006;cota_medida;2026-09-07 10:00:00
35180;Barramento 7;Cuiabá;5103403;2026-09-06;7.4;7.8;5.5;55.0;0,6310;0,490;0;openmeteo_ponto;openmeteo_ponto;openmeteo_soil_proxy;hidro_risco_municipal;verde;;;Tempestade;amarelo;;;;;;10.09;openmeteo_glofas_copernicus_ems;4;5103007|5103403|5104906|5107701;ponto_barragem_telemetria;openmeteo_ponto;;;98,0;;200,0;66260006;cota_medida;2026-09-07 10:00:00
35027;Barramento ? Fazenda Jardim;Cuiabá;5103403;2026-09-06;1.0;1.1;3.3;30.0;0,6310;0,55;0;openmeteo_ponto;openmeteo_ponto;openmeteo_soil_proxy;hidro_risco_municipal;verde;;;Tempestade;amarelo;;;;;;10.09;openmeteo_glofas_copernicus_ems;4;5103007|5103403|5104906|5107701;ponto_barragem_telemetria;openmeteo_ponto;;;;;;66223701;sem_cota_alerta;
34834;CGH Guimarães 02 - Guimarães 2;Cuiabá;5103403;2026-09-06;6.9;7.9;9.6;66.9;0,3970;0,55;0;openmeteo_sisclima_fallback;openmeteo_ecmwf_ifs025;openmeteo_soil_proxy;hidro_risco_municipal;verde;;;Tempestade;amarelo;;;;;;10.09;openmeteo_glofas_copernicus_ems;2;5103007|5103403;sede_mais_montante_max;;;;;;;66300200;sem_cota_alerta;
19991;FAZENDA LUAR;Cuiabá;5103403;2026-09-06;6.9;7.9;9.6;66.9;0,3970;0,55;0;openmeteo_sisclima_fallback;openmeteo_ecmwf_ifs025;openmeteo_soil_proxy;hidro_risco_municipal;verde;;;Tempestade;amarelo;;;;;;10.09;openmeteo_glofas_copernicus_ems;2;5103007|5103403;sede_mais_montante_max;;;;;;;66260050;sem_cota_alerta;
20754;Fazenda 3 irmãos;Cuiabá;5103403;2026-09-06;8.0;8.5;4.6;55.0;0,6310;0,55;0;openmeteo_ponto;openmeteo_ponto;openmeteo_soil_proxy;hidro_risco_municipal;verde;;;Tempestade;amarelo;;;;;;10.09;openmeteo_glofas_copernicus_ems;4;5103007|5103403|5104906|5107701;ponto_barragem_telemetria;openmeteo_ponto;;;;;;66258003;sem_cota_alerta;
36550;Fazenda Formosa;Cuiabá;5103403;2026-09-06;6.9;7.9;9.6;66.9;0,3970;0,55;0;openmeteo_sisclima_fallback;openmeteo_ecmwf_ifs025;openmeteo_soil_proxy;hidro_risco_municipal;verde;;;Tempestade;amarelo;;;;;;10.09;openmeteo_glofas_copernicus_ems;2;5103007|5103403;sede_mais_montante_max;;;;;;;66260110;sem_cota_alerta;
26534;Fazenda KM;Cuiabá;5103403;2026-09-06;0.8;0.8;3.5;30.0;0,6310;0,55;0;openmeteo_ponto;openmeteo_ponto;openmeteo_soil_proxy;hidro_risco_municipal;verde;;;Tempestade;amarelo;;;;;;10.09;openmeteo_glofas_copernicus_ems;4;5103007|5103403|5104906|5107701;ponto_barragem_telemetria;openmeteo_ponto;;;;;;66223701;sem_cota_alerta;
27954;Lago Recreativo Cuiabá;Cuiabá;5103403;2026-09-06;9.7;9.8;5.1;55.0;0,6310;0,490;0;openmeteo_ponto;openmeteo_ponto;openmeteo_soil_proxy;hidro_risco_municipal;verde;;;Tempestade;amarelo;;;;;;10.09;openmeteo_glofas_copernicus_ems;4;5103007|5103403|5104906|5107701;ponto_barragem_telemetria;openmeteo_ponto;;;98,0;;200,0;66260006;cota_medida;2026-09-07 10:00:00
31620;Loteamento Brisas do Campo;Cuiabá;5103403;2026-09-06;9.8;9.8;6.5;55.0;0,6310;0,490;0;openmeteo_ponto;openmeteo_ponto;openmeteo_soil_proxy;hidro_risco_municipal;verde;;;Tempestade;amarelo;;;;;;10.09;openmeteo_glofas_copernicus_ems;4;5103007|5103403|5104906|5107701;ponto_barragem_telemetria;openmeteo_ponto;;;98,0;;200,0;66260006;cota_medida;2026-09-07 10:00:00
32445;Mangaba e Aterrado;Cuiabá;5103403;2026-09-06;7.4;7.8;5.4;55.0;0,6310;0,55;0;openmeteo_ponto;openmeteo_ponto;openmeteo_soil_proxy;hidro_risco_municipal;verde;;;Tempestade;amarelo;;;;;;10.09;openmeteo_glofas_copernicus_ems;4;5103007|5103403|5104906|5107701;ponto_barragem_telemetria;openmeteo_ponto;;;;;;66258003;sem_cota_alerta;
4594;PCH São Tadeu I - São Tadeu I;Cuiabá;5103403;2026-09-06;9.6;9.6;9.6;81.7;0,6310;0,55;0;openmeteo_sisclima_fallback;openmeteo_ecmwf_ifs025;openmeteo_soil_proxy;hidro_risco_municipal;verde;;;Tempestade;amarelo;;;;;;10.09;openmeteo_glofas_copernicus_ems;6;5103007|5103403|5104906|5106109|5107701|5108402;sede_mais_montante_max;;;;;;;66260050;sem_cota_alerta;
27623;PURO OURO;Cuiabá;5103403;2026-09-06;6.9;7.9;9.6;66.9;0,3970;0,490;0;openmeteo_sisclima_fallback;openmeteo_ecmwf_ifs025;openmeteo_soil_proxy;hidro_risco_municipal;verde;;;Tempestade;amarelo;;;;;;10.09;openmeteo_glofas_copernicus_ems;2;5103007|5103403;sede_mais_montante_max;;;;98,0;;200,0;66260006;cota_medida;2026-09-07 10:00:00
32261;Represa da Estrada;Cuiabá;5103403;2026-09-06;8.0;8.5;4.6;55.0;0,6310;0,55;0;openmeteo_ponto;openmeteo_ponto;openmeteo_soil_proxy;hidro_risco_municipal;verde;;;Tempestade;amarelo;;;;;;10.09;openmeteo_glofas_copernicus_ems;4;5103007|5103403|5104906|5107701;ponto_barragem_telemetria;openmeteo_ponto;;;;;;66258003;sem_cota_alerta;
31286;Reservatório  B1;Cuiabá;5103403;2026-09-06;6.9;7.9;9.6;66.9;0,3970;0,490;0;openmeteo_sisclima_fallback;openmeteo_ecmwf_ifs025;openmeteo_soil_proxy;hidro_risco_municipal;verde;;;Tempestade;amarelo;;;;;;10.09;openmeteo_glofas_copernicus_ems;2;5103007|5103403;sede_mais_montante_max;;;;98,0;;200,0;66260006;cota_medida;2026-09-07 10:00:00
31954;SS RANCH;Cuiabá;5103403;2026-09-06;9.7;9.8;5.1;55.0;0,6310;0,490;0;openmeteo_ponto;openmeteo_ponto;openmeteo_soil_proxy;hidro_risco_municipal;verde;;;Tempestade;amarelo;;;;;;10.09;openmeteo_glofas_copernicus_ems;4;5103007|5103403|5104906|5107701;ponto_barragem_telemetria;openmeteo_ponto;;;98,0;;200,0;66260006;cota_medida;2026-09-07 10:00:00
36582;Árica;Cuiabá;5103403;2026-09-06;6.9;7.9;9.6;66.9;0,3970;0,55;0;openmeteo_sisclima_fallback;openmeteo_ecmwf_ifs025;openmeteo_soil_proxy;hidro_risco_municipal;verde;;;Tempestade;amarelo;;;;;;10.09;openmeteo_glofas_copernicus_ems;2;5103007|5103403;sede_mais_montante_max;;;;;;;66258003;sem_cota_alerta;
37360;Fazenda São Pedro do Parecis;Campo Novo do Parecis;5102637;2026-09-06;1.1;6.5;2.4;19.7;0,8350;0,55;0;openmeteo_sisclima_fallback;openmeteo_ecmwf_ifs025;openmeteo_soil_proxy;hidro_risco_municipal;verde;;;Tempestade;amarelo;verde;;;;;;;1;5102637;municipio_sede;;;;40,0;;;17091546;contexto_somente;2026-09-07 09:45:00
37723;Fazenda Vale Verde ? Reservatório 1;Canarana;5102702;2026-09-06;1.2;2.4;5.2;23.9;0,9080;;0;openmeteo_sisclima_fallback;openmeteo_ecmwf_ifs025;openmeteo_soil_proxy;;;;;Tempestade;amarelo;;;;;;;;1;5102702;municipio_sede;;;;;;;18415300;sem_cota_alerta;
37773;Fazenda Vale Verde ? Reservatório 2;Canarana;5102702;2026-09-06;1.2;2.4;5.2;23.9;0,9080;;0;openmeteo_sisclima_fallback;openmeteo_ecmwf_ifs025;openmeteo_soil_proxy;;;;;Tempestade;amarelo;;;;;;;;1;5102702;municipio_sede;;;;;;;18415300;sem_cota_alerta;
37413;Barragem Adelcir Grigoletto;Cláudia;5103056;2026-09-06;3.0;8.2;11.0;39.4;0,8300;;0;openmeteo_sisclima_fallback;openmeteo_ecmwf_ifs025;openmeteo_soil_proxy;;;;;Tempestade;amarelo;;;;;;;;1;5103056;municipio_sede;;;;;;;18421600;sem_cota_alerta;
37766;Madeireira Tupinambá;Colniza;5103254;2026-09-06;4.0;12.7;25.6;47.2;0,6350;;0;openmeteo_sisclima_fallback;openmeteo_ecmwf_ifs025;openmeteo_soil_proxy;hidro_risco_municipal;;;;Tempestade;amarelo;;;;;;;;3;5101407|5103254|5105150;sede_mais_montante_max;;;;;;;15750600;sem_cota_alerta;
36573;Barragem Comodoro;Comodoro;5103304;2026-09-06;8.4;36.8;1.5;74.6;1,0000;0,55;0;openmeteo_sisclima_fallback;openmeteo_ecmwf_ifs025;openmeteo_soil_proxy;hidro_risco_municipal;verde;;;Tempestade;amarelo;verde;;;;;;;5;5103304|5103361|5105507|5106752|5108352;sede_mais_montante_max;;;;;;;15122000;sem_cota_alerta;
37776;Estância Nossa Senhora Aparecida;Comodoro;5103304;2026-09-06;8.4;36.8;1.5;74.6;1,0000;0,55;0;openmeteo_sisclima_fallback;openmeteo_ecmwf_ifs025;openmeteo_soil_proxy;hidro_risco_municipal;verde;;;Tempestade;amarelo;verde;;;;;;;5;5103304|5103361|5105507|5106752|5108352;sede_mais_montante_max;;;;;;;15123000;sem_cota_alerta;
34993;Fazenda Brasil Central ? Barramento I;Confresa;5103353;2026-09-06;5.7;15.2;5.3;58.5;0,6680;;0;openmeteo_sisclima_fallback;openmeteo_ecmwf_ifs025;openmeteo_soil_proxy;;;;;Tempestade;amarelo;;;;;;;;1;5103353;municipio_sede;;;;;;;26500000;sem_cota_alerta;
35003;Fazenda Brasil Central ? Barramento II;Confresa;5103353;2026-09-06;5.7;15.2;5.3;58.5;0,6680;;0;openmeteo_sisclima_fallback;openmeteo_ecmwf_ifs025;openmeteo_soil_proxy;;;;;Tempestade;amarelo;;;;;;;;1;5103353;municipio_sede;;;;;;;26500000;sem_cota_alerta;
37811;Aeródromo Bom Futuro – Barramento 03;Cuiabá;5103403;2026-09-06;9.8;9.8;6.5;55.0;0,6310;0,490;0;openmeteo_ponto;openmeteo_ponto;openmeteo_soil_proxy;hidro_risco_municipal;verde;;;Tempestade;amarelo;;;;;;10.09;openmeteo_glofas_copernicus_ems;4;5103007|5103403|5104906|5107701;ponto_barragem_telemetria;openmeteo_ponto;;;98,0;;200,0;66260006;cota_medida;2026-09-07 10:00:00
26131;BARRAGEM JVR;Cuiabá;5103403;2026-09-06;7.3;7.7;12.6;55.0;0,6310;0,490;0;openmeteo_ponto;openmeteo_ponto;openmeteo_soil_proxy;hidro_risco_municipal;verde;;;Tempestade;amarelo;;;;;;10.09;openmeteo_glofas_copernicus_ems;4;5103007|5103403|5104906|5107701;ponto_barragem_telemetria;openmeteo_ponto;;;98,0;;200,0;66260006;cota_medida;2026-09-07 10:00:00
5794;BARRAGEM T02;Cuiabá;5103403;2026-09-06;6.9;7.9;9.6;66.9;0,3970;0,55;0;openmeteo_sisclima_fallback;openmeteo_ecmwf_ifs025;openmeteo_soil_proxy;hidro_risco_municipal;verde;;;Tempestade;amarelo;;;;;;10.09;openmeteo_glofas_copernicus_ems;2;5103007|5103403;sede_mais_montante_max;;;;;;;66258003;sem_cota_alerta;
36689;Barragem I - Fazenda Pouso da Garça;Cuiabá;5103403;2026-09-06;7.4;7.8;5.5;55.0;0,6310;0,490;0;openmeteo_ponto;openmeteo_ponto;openmeteo_soil_proxy;hidro_risco_municipal;verde;;;Tempestade;amarelo;;;;;;10.09;openmeteo_glofas_copernicus_ems;4;5103007|5103403|5104906|5107701;ponto_barragem_telemetria;openmeteo_ponto;;;98,0;;200,0;66260006;cota_medida;2026-09-07 10:00:00
36690;Barragem II - Fazenda Pouso da Garça;Cuiabá;5103403;2026-09-06;7.4;7.8;5.5;55.0;0,6310;0,490;0;openmeteo_ponto;openmeteo_ponto;openmeteo_soil_proxy;hidro_risco_municipal;verde;;;Tempestade;amarelo;;;;;;10.09;openmeteo_glofas_copernicus_ems;4;5103007|5103403|5104906|5107701;ponto_barragem_telemetria;openmeteo_ponto;;;98,0;;200,0;66260006;cota_medida;2026-09-07 10:00:00
36691;Barragem III - Fazenda Pouso da Garça;Cuiabá;5103403;2026-09-06;7.9;8.6;5.4;55.0;0,6310;0,490;0;openmeteo_ponto;openmeteo_ponto;openmeteo_soil_proxy;hidro_risco_municipal;verde;;;Tempestade;amarelo;;;;;;10.09;openmeteo_glofas_copernicus_ems;4;5103007|5103403|5104906|5107701;ponto_barragem_telemetria;openmeteo_ponto;;;98,0;;200,0;66260006;cota_medida;2026-09-07 10:00:00
26138;Barragem Serrinha;Cuiabá;5103403;2026-09-06;6.8;7.5;10.2;55.0;0,6310;0,490;0;openmeteo_ponto;openmeteo_ponto;openmeteo_soil_proxy;hidro_risco_municipal;verde;;;Tempestade;amarelo;;;;;;10.09;openmeteo_glofas_copernicus_ems;4;5103007|5103403|5104906|5107701;ponto_barragem_telemetria;openmeteo_ponto;;;98,0;;200,0;66260006;cota_medida;2026-09-07 10:00:00
26146;Barragem TB;Cuiabá;5103403;2026-09-06;9.8;9.8;6.5;55.0;0,6310;0,490;0;openmeteo_ponto;openmeteo_ponto;openmeteo_soil_proxy;hidro_risco_municipal;verde;;;Tempestade;amarelo;;;;;;10.09;openmeteo_glofas_copernicus_ems;4;5103007|5103403|5104906|5107701;ponto_barragem_telemetria;openmeteo_ponto;;;98,0;;200,0;66260006;cota_medida;2026-09-07 10:00:00
35023;Barramento - Mineração Casa de Pedra;Cuiabá;5103403;2026-09-06;6.9;7.9;9.6;66.9;0,3970;0,55;0;openmeteo_sisclima_fallback;openmeteo_ecmwf_ifs025;openmeteo_soil_proxy;hidro_risco_municipal;verde;;;Tempestade;amarelo;;;;;;10.09;openmeteo_glofas_copernicus_ems;2;5103007|5103403;sede_mais_montante_max;;;;;;;66258003;sem_cota_alerta;
20211;CASA DE PEDRA;Cuiabá;5103403;2026-09-06;6.9;7.9;9.6;66.9;0,3970;0,55;0;openmeteo_sisclima_fallback;openmeteo_ecmwf_ifs025;openmeteo_soil_proxy;hidro_risco_municipal;verde;;;Tempestade;amarelo;;;;;;10.09;openmeteo_glofas_copernicus_ems;2;5103007|5103403;sede_mais_montante_max;;;;;;;66258003;sem_cota_alerta;
31618;Barragem Fazenda Morada do Sol;Cáceres;5102504;2026-09-06;3.1;18.0;0.2;30.0;0,9960;;0;openmeteo_ponto;openmeteo_ponto;openmeteo_soil_proxy;;;;;Tempestade;amarelo;;;;;;;;4;5102504|5104500|5105622|5107107;ponto_barragem_telemetria;openmeteo_ponto;;;;;;66070004;sem_cota_alerta;
21007;Estância Santa Mônica;Cáceres;5102504;2026-09-06;2.7;5.3;0.4;37.3;0,6380;;0;openmeteo_sisclima_fallback;openmeteo_ecmwf_ifs025;openmeteo_soil_proxy;;;;;Tempestade;amarelo;;;;;;;;1;5102504;municipio_sede;;;;;;;66072005;sem_cota_alerta;
21010;Fazenda Bom Pastor;Cáceres;5102504;2026-09-06;2.7;5.3;0.4;37.3;0,6380;;0;openmeteo_sisclima_fallback;openmeteo_ecmwf_ifs025;openmeteo_soil_proxy;;;;;Tempestade;amarelo;;;;;;;;1;5102504;municipio_sede;;;;;;;66072005;sem_cota_alerta;
21003;Gleba Barranqueira XIII;Cáceres;5102504;2026-09-06;2.7;5.3;0.4;37.3;0,6380;;0;openmeteo_sisclima_fallback;openmeteo_ecmwf_ifs025;openmeteo_soil_proxy;;;;;Tempestade;amarelo;;;;;;;;1;5102504;municipio_sede;;;;;;;66072005;sem_cota_alerta;
21004;Gleba Barranqueira XIII;Cáceres;5102504;2026-09-06;2.7;5.3;0.4;37.3;0,6380;;0;openmeteo_sisclima_fallback;openmeteo_ecmwf_ifs025;openmeteo_soil_proxy;;;;;Tempestade;amarelo;;;;;;;;1;5102504;municipio_sede;;;;;;;66072005;sem_cota_alerta;
21005;Gleba Barranqueira XIII;Cáceres;5102504;2026-09-06;2.7;5.3;0.4;37.3;0,6380;;0;openmeteo_sisclima_fallback;openmeteo_ecmwf_ifs025;openmeteo_soil_proxy;;;;;Tempestade;amarelo;;;;;;;;1;5102504;municipio_sede;;;;;;;66072005;sem_cota_alerta;
36555;Barragem I ? Fazenda Machado I;Denise;5103452;2026-09-06;7.8;7.9;1.6;55.0;0,4760;;0;openmeteo_ponto;openmeteo_ponto;openmeteo_soil_proxy;;;;;Tempestade;amarelo;;;;;;;;1;5103452;ponto_barragem_telemetria;openmeteo_ponto;;;;;;66007000;sem_cota_alerta;
30902;Barramento 4 - Fazenda Guanabara – Gleba A;Denise;5103452;2026-09-06;3.6;3.7;1.8;43.7;0,4760;;0;openmeteo_sisclima_fallback;openmeteo_ecmwf_ifs025;openmeteo_soil_proxy;;;;;Tempestade;amarelo;;;;;;;;1;5103452;municipio_sede;;;;;;;66007000;sem_cota_alerta;
36622;Barramento I ? Fazenda Froes;Denise;5103452;2026-09-06;7.6;7.7;1.8;71.8;0,5850;;0;openmeteo_sisclima_fallback;openmeteo_ecmwf_ifs025;openmeteo_soil_proxy;;;;;Tempestade;amarelo;;;;;;;;2;5101308|5103452;sede_mais_montante_max;;;;;;;66007000;sem_cota_alerta;
36642;Barramento III ? Fazenda Froes;Denise;5103452;2026-09-06;7.6;7.7;1.8;71.8;0,5850;;0;openmeteo_sisclima_fallback;openmeteo_ecmwf_ifs025;openmeteo_soil_proxy;;;;;Tempestade;amarelo;;;;;;;;2;5101308|5103452;sede_mais_montante_max;;;;;;;66007000;sem_cota_alerta;
26670;Buriti;Denise;5103452;2026-09-06;3.6;3.7;1.8;43.7;0,4760;;0;openmeteo_sisclima_fallback;openmeteo_ecmwf_ifs025;openmeteo_soil_proxy;;;;;Tempestade;amarelo;;;;;;;;1;5103452;municipio_sede;;;;;;;66008500;sem_cota_alerta;
36624;Fazenda Froes? Barramento 2;Denise;5103452;2026-09-06;3.6;3.7;1.8;43.7;0,4760;;0;openmeteo_sisclima_fallback;openmeteo_ecmwf_ifs025;openmeteo_soil_proxy;;;;;Tempestade;amarelo;;;;;;;;1;5103452;municipio_sede;;;;;;;66007000;sem_cota_alerta;
31556;Fazenda Selva de Pedra;Denise;5103452;2026-09-06;7.6;7.7;1.8;71.8;0,5850;;0;openmeteo_sisclima_fallback;openmeteo_ecmwf_ifs025;openmeteo_soil_proxy;;;;;Tempestade;amarelo;;;;;;;;2;5101308|5103452;sede_mais_montante_max;;;;;;;66007000;sem_cota_alerta;
27780;Palmital Grande;Denise;5103452;2026-09-06;3.6;3.7;1.8;43.7;0,4760;;0;openmeteo_sisclima_fallback;openmeteo_ecmwf_ifs025;openmeteo_soil_proxy;;;;;Tempestade;amarelo;;;;;;;;1;5103452;municipio_sede;;;;;;;66007000;sem_cota_alerta;
34184;CGH Agromar - BARRAMENTO 1;Diamantino;5103502;2026-09-06;1.4;1.4;1.7;30.0;1,0000;;0;openmeteo_ponto;openmeteo_ponto;openmeteo_soil_proxy;;;;;Tempestade;amarelo;;;;;;;;1;5103502;ponto_barragem_telemetria;openmeteo_ponto;;;585,0;148,01;;17099000;contexto_somente;2026-09-07 09:45:00
20619;PCH Alto Paraguai (Pedro Pedrossian) - Alto Paraguai;Diamantino;5103502;2026-09-06;1.0;5.1;1.0;17.6;1,0000;;0;openmeteo_sisclima_fallback;openmeteo_ecmwf_ifs025;openmeteo_soil_proxy;;;;;Tempestade;amarelo;;;;;;;;1;5103502;municipio_sede;;;;;;;66005100;sem_cota_alerta;
35212;Fazenda Vitória ? Reservatório Pulmão;Dom Aquino;5103601;2026-09-06;0.0;1.8;8.8;30.0;0,7120;;0;openmeteo_ponto;openmeteo_ponto;openmeteo_soil_proxy;;;;;Tempestade;amarelo;;;;;;;;2;5102678|5103601;ponto_barragem_telemetria;openmeteo_ponto;;;;;;26033600;sem_cota_alerta;
8094;Piscicultura Arco Iris;Dom Aquino;5103601;2026-09-06;0.1;1.5;7.7;8.5;0,1440;;0;openmeteo_sisclima_fallback;openmeteo_ecmwf_ifs025;openmeteo_soil_proxy;;;;;Tempestade;amarelo;;;;;;;;1;5103601;municipio_sede;;;;;;;26033600;sem_cota_alerta;
30947;Barramento 8 - Fazenda Guanabara – Gleba A;Denise;5103452;2026-09-06;3.6;3.7;1.8;43.7;0,4760;;0;openmeteo_sisclima_fallback;openmeteo_ecmwf_ifs025;openmeteo_soil_proxy;;;;;Tempestade;amarelo;;;;;;;;1;5103452;municipio_sede;;;;;;;66008500;sem_cota_alerta;
37726;Fazenda Duas Meninas - Barragem 1;Denise;5103452;2026-09-06;4.5;6.9;1.8;50.0;1,0000;;0;openmeteo_sisclima_fallback;openmeteo_ecmwf_ifs025;openmeteo_soil_proxy;;;;;Tempestade;amarelo;;;;;;;;2;5103452|5107958;sede_mais_montante_max;;;;;;;66008500;sem_cota_alerta;
37727;Fazenda Duas Meninas - Barragem 2;Denise;5103452;2026-09-06;4.5;6.9;1.8;50.0;1,0000;;0;openmeteo_sisclima_fallback;openmeteo_ecmwf_ifs025;openmeteo_soil_proxy;;;;;Tempestade;amarelo;;;;;;;;2;5103452|5107958;sede_mais_montante_max;;;;;;;66008500;sem_cota_alerta;
34545;Barramento - Fazenda Fiorese I;Feliz Natal;5103700;2026-09-06;0.2;1.4;7.0;30.0;0,8610;;0;openmeteo_ponto;openmeteo_ponto;openmeteo_soil_proxy;;;;;Tempestade;amarelo;;;;;;;;1;5103700;ponto_barragem_telemetria;openmeteo_ponto;;;;;;18421000;sem_cota_alerta;
34554;Barramento II - Fazenda Fiorese I;Feliz Natal;5103700;2026-09-06;1.2;3.9;1.3;23.9;0,8610;;0;openmeteo_sisclima_fallback;openmeteo_ecmwf_ifs025;openmeteo_soil_proxy;;;;;Tempestade;amarelo;;;;;;;;1;5103700;municipio_sede;;;;;;;18421000;sem_cota_alerta;
8066;Faz. Jatobá;Feliz Natal;5103700;2026-09-06;1.2;3.9;1.3;23.9;0,8610;;0;openmeteo_sisclima_fallback;openmeteo_ecmwf_ifs025;openmeteo_soil_proxy;;;;;Tempestade;amarelo;;;;;;;;1;5103700;municipio_sede;;;;;;;18422600;sem_cota_alerta;
20085;Faz. Lote 69-A;Feliz Natal;5103700;2026-09-06;1.2;3.9;1.3;23.9;0,8610;;0;openmeteo_sisclima_fallback;openmeteo_ecmwf_ifs025;openmeteo_soil_proxy;;;;;Tempestade;amarelo;;;;;;;;1;5103700;municipio_sede;;;;;;;18422600;sem_cota_alerta;
36628;Fazenda Dona Rosália;Feliz Natal;5103700;2026-09-06;1.2;3.9;1.3;23.9;0,8610;;0;openmeteo_sisclima_fallback;openmeteo_ecmwf_ifs025;openmeteo_soil_proxy;;;;;Tempestade;amarelo;;;;;;;;1;5103700;municipio_sede;;;;;;;18425200;sem_cota_alerta;
8071;Fazenda Nossa Senhora de Caacupê;Feliz Natal;5103700;2026-09-06;1.2;3.9;1.3;23.9;0,8610;;0;openmeteo_sisclima_fallback;openmeteo_ecmwf_ifs025;openmeteo_soil_proxy;;;;;Tempestade;amarelo;;;;;;;;1;5103700;municipio_sede;;;;;;;18422600;sem_cota_alerta;
35489;Barragem Bom Jesus do Kuluene;Gaúcha do Norte;5103858;2026-09-06;7.2;8.4;3.9;55.0;0,7580;;0;openmeteo_ponto;openmeteo_ponto;openmeteo_soil_proxy;;;;;Tempestade;amarelo;;;;;;;;2;5103858|5107792;ponto_barragem_telemetria;openmeteo_ponto;;;;;;18415300;sem_cota_alerta;
35084;Barragem Terra Nova;Gaúcha do Norte;5103858;2026-09-06;1.6;6.0;10.0;30.3;0,7580;;0;openmeteo_sisclima_fallback;openmeteo_ecmwf_ifs025;openmeteo_soil_proxy;;;;;Tempestade;amarelo;;;;;;;;1;5103858;municipio_sede;;;;;;;18415300;sem_cota_alerta;
36409;Barramento I;Gaúcha do Norte;5103858;2026-09-06;11.4;12.7;15.0;86.6;0,9080;;0;openmeteo_sisclima_fallback;openmeteo_ecmwf_ifs025;openmeteo_soil_proxy;;;;;Tempestade;amarelo;;;;;;;;4;5100201|5102702|5103858|5107792;sede_mais_montante_max;;;;;;;18415300;sem_cota_alerta;
20113;Faz. Amanhecer II;Gaúcha do Norte;5103858;2026-09-06;1.6;6.0;10.0;30.3;0,7580;;0;openmeteo_sisclima_fallback;openmeteo_ecmwf_ifs025;openmeteo_soil_proxy;;;;;Tempestade;amarelo;;;;;;;;1;5103858;municipio_sede;;;;;;;18415300;sem_cota_alerta;
32377;Fazenda Sant’Ana de Vargem Grande – Barramento 1 (Principal);Gaúcha do Norte;5103858;2026-09-06;1.6;6.0;10.0;30.3;0,7580;;0;openmeteo_sisclima_fallback;openmeteo_ecmwf_ifs025;openmeteo_soil_proxy;;;;;Tempestade;amarelo;;;;;;;;1;5103858;municipio_sede;;;;;;;18415300;sem_cota_alerta;
35197;Barramento III - Fazenda Cruzeiro ? Montante II;General Carneiro;5103908;2026-09-06;0.1;3.1;8.3;30.0;0,5720;;0;openmeteo_ponto;openmeteo_ponto;openmeteo_soil_proxy;;;;;Tempestade;amarelo;;;;;;;;1;5103908;ponto_barragem_telemetria;openmeteo_ponto;;;;;;26034600;sem_cota_alerta;
35195;Fazenda Cruzeiro I - Barramento (principal);General Carneiro;5103908;2026-09-06;0.5;2.1;6.4;14.1;0,5720;;0;openmeteo_sisclima_fallback;openmeteo_ecmwf_ifs025;openmeteo_soil_proxy;;;;;Tempestade;amarelo;;;;;;;;1;5103908;municipio_sede;;;;;;;26034600;sem_cota_alerta;
35196;Fazenda Cruzeiro I - Barramento II - Montante I;General Carneiro;5103908;2026-09-06;0.5;2.1;6.4;14.1;0,5720;;0;openmeteo_sisclima_fallback;openmeteo_ecmwf_ifs025;openmeteo_soil_proxy;;;;;Tempestade;amarelo;;;;;;;;1;5103908;municipio_sede;;;;;;;26034600;sem_cota_alerta;
23769;Massa d'Água #227046;General Carneiro;5103908;2026-09-06;0.5;2.1;6.4;14.1;0,5720;;0;openmeteo_sisclima_fallback;openmeteo_ecmwf_ifs025;openmeteo_soil_proxy;;;;;Tempestade;amarelo;;;;;;;;1;5103908;municipio_sede;;;;;;;24500000;sem_cota_alerta;
22263;Massa d'Água #70232;General Carneiro;5103908;2026-09-06;0.5;2.1;6.4;14.1;0,5720;;0;openmeteo_sisclima_fallback;openmeteo_ecmwf_ifs025;openmeteo_soil_proxy;;;;;Tempestade;amarelo;;;;;;;;1;5103908;municipio_sede;;;;;;;24500000;sem_cota_alerta;
22397;T.I Sangradouro;General Carneiro;5103908;2026-09-06;0.5;2.1;6.4;14.1;0,5720;;0;openmeteo_sisclima_fallback;openmeteo_ecmwf_ifs025;openmeteo_soil_proxy;;;;;Tempestade;amarelo;;;;;;;;1;5103908;municipio_sede;;;;;;;26034600;sem_cota_alerta;
35155;BARRAMENTO I;Guarantã do Norte;5104104;2026-09-06;1.2;17.3;8.8;30.0;0,8470;;0;openmeteo_ponto;openmeteo_ponto;openmeteo_soil_proxy;;;;;Tempestade;amarelo;;;;;;;;1;5104104;ponto_barragem_telemetria;openmeteo_ponto;;;;;;17349400;sem_cota_alerta;
21011;Fazenda Bela Vista;Guarantã do Norte;5104104;2026-09-06;5.1;14.1;5.7;54.2;0,8470;;0;openmeteo_sisclima_fallback;openmeteo_ecmwf_ifs025;openmeteo_soil_proxy;;;;;Tempestade;amarelo;;;;;;;;1;5104104;municipio_sede;;;;;;;17349400;sem_cota_alerta;
21008;Fazenda Iriri;Guarantã do Norte;5104104;2026-09-06;5.1;14.1;5.7;54.2;0,8470;;0;openmeteo_sisclima_fallback;openmeteo_ecmwf_ifs025;openmeteo_soil_proxy;;;;;Tempestade;amarelo;;;;;;;;1;5104104;municipio_sede;;;;;;;17349400;sem_cota_alerta;
4679;PCH Braço Norte - Braço Norte;Guarantã do Norte;5104104;2026-09-06;5.1;14.1;5.7;54.2;0,8470;;0;openmeteo_sisclima_fallback;openmeteo_ecmwf_ifs025;openmeteo_soil_proxy;;;;;Tempestade;amarelo;;;;;;;;1;5104104;municipio_sede;;;;;;;17355000;sem_cota_alerta;
4843;PCH Braço Norte II - Barragem da Usina Braço Norte II;Guarantã do Norte;5104104;2026-09-06;5.1;14.1;5.7;54.2;0,8470;;0;openmeteo_sisclima_fallback;openmeteo_ecmwf_ifs025;openmeteo_soil_proxy;;;;;Tempestade;amarelo;;;;;;;;1;5104104;municipio_sede;;;;;;;17354930;sem_cota_alerta;
35614;PCH Braço Sul - Braço Sul;Guarantã do Norte;5104104;2026-09-06;5.1;14.1;5.7;54.2;0,8470;;0;openmeteo_sisclima_fallback;openmeteo_ecmwf_ifs025;openmeteo_soil_proxy;;;;;Tempestade;amarelo;;;;;;;;1;5104104;municipio_sede;;;;;;;17349400;sem_cota_alerta;
30913;Barragem Fazenda Adriana;Guiratinga;5104203;2026-09-06;0.6;7.2;4.5;30.0;0,4050;;0;openmeteo_ponto;openmeteo_ponto;openmeteo_soil_proxy;;;;;Tempestade;amarelo;;;;;;;;2;5100409|5104203;ponto_barragem_telemetria;openmeteo_ponto;;;;;;;;
36574;Barramento Rancho Grande;Indiavaí;5104500;2026-09-06;7.9;17.8;0.4;55.0;0,9030;;0;openmeteo_ponto;openmeteo_ponto;openmeteo_soil_proxy;;;;;Tempestade;amarelo;;;;;;;;1;5104500;ponto_barragem_telemetria;openmeteo_ponto;;;;;;66071384;sem_cota_alerta;
4955;PCH Figueirópolis - Figueirópolis;Indiavaí;5104500;2026-09-06;10.4;23.2;0.8;83.1;0,9790;;0;openmeteo_sisclima_fallback;openmeteo_ecmwf_ifs025;openmeteo_soil_proxy;;;;;Tempestade;amarelo;;;;;;;;3;5101258|5104500|5105002;sede_mais_montante_max;;;;;;;66071450;sem_cota_alerta;
4487;PCH Salto - Salto;Indiavaí;5104500;2026-09-06;10.4;23.2;0.8;83.1;0,9790;;0;openmeteo_sisclima_fallback;openmeteo_ecmwf_ifs025;openmeteo_soil_proxy;;;;;Tempestade;amarelo;;;;;;;;3;5101258|5104500|5105002;sede_mais_montante_max;;;;;;;66071397;sem_cota_alerta;
28709;Barragem 1;Ipiranga do Norte;5104526;2026-09-06;3.5;7.0;2.8;30.0;0,9680;0,55;0;openmeteo_ponto;openmeteo_ponto;openmeteo_soil_proxy;hidro_risco_municipal;verde;;;Tempestade;amarelo;;;;;;44.39;openmeteo_glofas_copernicus_ems;5;5104526|5105259|5107768|5107925|5108006;ponto_barragem_telemetria;openmeteo_ponto;;;;;;17273100;sem_cota_alerta;
28620;Barramento II - Fazenda Cascata;Ipiranga do Norte;5104526;2026-09-06;6.2;10.6;7.2;64.8;1,0000;0,55;0;openmeteo_sisclima_fallback;openmeteo_ecmwf_ifs025;openmeteo_soil_proxy;hidro_risco_municipal;verde;;;Tempestade;amarelo;;;;;;44.39;openmeteo_glofas_copernicus_ems;6;5104526|5105259|5107768|5107925|5108006|5108501;sede_mais_montante_max;;;;;;;17273100;sem_cota_alerta;
20036;FAZENDA RINCÃO FLORIDO;Ipiranga do Norte;5104526;2026-09-06;5.9;9.2;3.0;60.6;0,9380;;0;openmeteo_sisclima_fallback;openmeteo_ecmwf_ifs025;openmeteo_soil_proxy;;;;;Tempestade;amarelo;;;;;;;;1;5104526;municipio_sede;;;;;;;17275100;sem_cota_alerta;
8022;Faz. Bogorni;Ipiranga do Norte;5104526;2026-09-06;5.9;9.2;3.0;60.6;0,9380;;0;openmeteo_sisclima_fallback;openmeteo_ecmwf_ifs025;openmeteo_soil_proxy;;;;;Tempestade;amarelo;;;;;;;;1;5104526;municipio_sede;;;;;;;17275100;sem_cota_alerta;
388;Fazenda Cabeceira;Ipiranga do Norte;5104526;2026-09-06;5.9;9.2;3.0;60.6;0,9380;;0;openmeteo_sisclima_fallback;openmeteo_ecmwf_ifs025;openmeteo_soil_proxy;;;;;Tempestade;amarelo;;;;;;;;1;5104526;municipio_sede;;;;;;;17275100;sem_cota_alerta;
32064;Fazenda Cafundó - Barramento I;Ipiranga do Norte;5104526;2026-09-06;6.2;10.6;7.2;64.8;0,9680;0,55;0;openmeteo_sisclima_fallback;openmeteo_ecmwf_ifs025;openmeteo_soil_proxy;hidro_risco_municipal;verde;;;Tempestade;amarelo;;;;;;44.39;openmeteo_glofas_copernicus_ems;5;5104526|5105259|5107768|5107925|5108006;sede_mais_montante_max;;;;;;;17273100;sem_cota_alerta;
20126;Fazenda Duas Nascentes;Ipiranga do Norte;5104526;2026-09-06;6.2;10.6;7.2;64.8;0,9680;0,55;0;openmeteo_sisclima_fallback;openmeteo_ecmwf_ifs025;openmeteo_soil_proxy;hidro_risco_municipal;verde;;;Tempestade;amarelo;;;;;;44.39;openmeteo_glofas_copernicus_ems;5;5104526|5105259|5107768|5107925|5108006;sede_mais_montante_max;;;;;;;17275100;sem_cota_alerta;
27283;Fazenda Santa Regina;Ipiranga do Norte;5104526;2026-09-06;5.9;9.2;3.0;60.6;0,9380;;0;openmeteo_sisclima_fallback;openmeteo_ecmwf_ifs025;openmeteo_soil_proxy;;;;;Tempestade;amarelo;;;;;;;;1;5104526;municipio_sede;;;;;;;17275100;sem_cota_alerta;
27906;Fazenda São Marcos A;Ipiranga do Norte;5104526;2026-09-06;5.9;9.2;3.0;60.6;0,9380;;0;openmeteo_sisclima_fallback;openmeteo_ecmwf_ifs025;openmeteo_soil_proxy;;;;;Tempestade;amarelo;;;;;;;;1;5104526;municipio_sede;;;;;;;17275100;sem_cota_alerta;
5608;Fazenda São Miguel;Ipiranga do Norte;5104526;2026-09-06;5.9;9.2;3.0;60.6;0,9380;;0;openmeteo_sisclima_fallback;openmeteo_ecmwf_ifs025;openmeteo_soil_proxy;;;;;Tempestade;amarelo;;;;;;;;1;5104526;municipio_sede;;;;;;;17275100;sem_cota_alerta;
36652;Fazenda São Miguel ? Barramento 02;Ipiranga do Norte;5104526;2026-09-06;5.9;9.2;3.0;60.6;0,9380;;0;openmeteo_sisclima_fallback;openmeteo_ecmwf_ifs025;openmeteo_soil_proxy;;;;;Tempestade;amarelo;;;;;;;;1;5104526;municipio_sede;;;;;;;17275100;sem_cota_alerta;
35702;Fazenda Tupi;Ipiranga do Norte;5104526;2026-09-06;5.9;9.2;3.0;60.6;0,9380;;0;openmeteo_sisclima_fallback;openmeteo_ecmwf_ifs025;openmeteo_soil_proxy;;;;;Tempestade;amarelo;;;;;;;;1;5104526;municipio_sede;;;;;;;17275100;sem_cota_alerta;
35703;Fazenda Tupi;Ipiranga do Norte;5104526;2026-09-06;5.9;9.2;3.0;60.6;0,9380;;0;openmeteo_sisclima_fallback;openmeteo_ecmwf_ifs025;openmeteo_soil_proxy;;;;;Tempestade;amarelo;;;;;;;;1;5104526;municipio_sede;;;;;;;17275100;sem_cota_alerta;
5622;Fazenda Tupi Barão;Ipiranga do Norte;5104526;2026-09-06;5.9;9.2;3.0;60.6;0,9380;;0;openmeteo_sisclima_fallback;openmeteo_ecmwf_ifs025;openmeteo_soil_proxy;;;;;Tempestade;amarelo;;;;;;;;1;5104526;municipio_sede;;;;;;;17275100;sem_cota_alerta;
30900;Lagemann;Ipiranga do Norte;5104526;2026-09-06;6.2;10.6;7.2;64.8;0,9680;0,55;0;openmeteo_sisclima_fallback;openmeteo_ecmwf_ifs025;openmeteo_soil_proxy;hidro_risco_municipal;verde;;;Tempestade;amarelo;;;;;;44.39;openmeteo_glofas_copernicus_ems;5;5104526|5105259|5107768|5107925|5108006;sede_mais_montante_max;;;;;;;17275100;sem_cota_alerta;
34135;CGH ITAUBÁ - USINA;Itaúba;5104559;2026-09-06;1.8;4.6;5.9;30.0;1,0000;0,55;0;openmeteo_ponto;openmeteo_ponto;openmeteo_soil_proxy;hidro_risco_municipal;verde;;;Tempestade;amarelo;;;;;;44.39;openmeteo_glofas_copernicus_ems;7;5104526|5104559|5105259|5107768|5107925|5108006|5108501;ponto_barragem_telemetria;openmeteo_ponto;;;;;;17291000;sem_cota_alerta;
20137;Fazenda Arara Azul;Itaúba;5104559;2026-09-06;6.2;10.6;10.2;64.8;1,0000;0,55;0;openmeteo_sisclima_fallback;openmeteo_ecmwf_ifs025;openmeteo_soil_proxy;hidro_risco_municipal;verde;;;Tempestade;amarelo;;;;;;44.39;openmeteo_glofas_copernicus_ems;8;5104526|5104559|5105259|5107768|5107909|5107925|5108006|5108501;sede_mais_montante_max;;;;;;;17280990;sem_cota_alerta;
8106;Assentamento Tio Elias;Itiquira;5104609;2026-09-06;1.8;17.6;2.6;30.0;1,0000;;0;openmeteo_ponto;openmeteo_ponto;openmeteo_soil_proxy;;;;;Tempestade;amarelo;;;;;;;;1;5104609;ponto_barragem_telemetria;openmeteo_ponto;;;;;;66483800;sem_cota_alerta;
35629;BARRAGEM SM3;Itiquira;5104609;2026-09-06;1.4;13.4;3.6;26.8;1,0000;;0;openmeteo_sisclima_fallback;openmeteo_ecmwf_ifs025;openmeteo_soil_proxy;;;;;Tempestade;amarelo;;;;;;;;1;5104609;municipio_sede;;;;;;;66522100;sem_cota_alerta;
35148;Barragem Fazenda Ana Paula;Itiquira;5104609;2026-09-06;1.4;13.4;3.6;26.8;1,0000;;0;openmeteo_sisclima_fallback;openmeteo_ecmwf_ifs025;openmeteo_soil_proxy;;;;;Tempestade;amarelo;;;;;;;;1;5104609;municipio_sede;;;;;;;66483800;sem_cota_alerta;
34836;CGH Michelin - Michelin;Itiquira;5104609;2026-09-06;1.4;13.4;3.6;26.8;1,0000;;0;openmeteo_sisclima_fallback;openmeteo_ecmwf_ifs025;openmeteo_soil_proxy;;;;;Tempestade;amarelo;;;;;;;;1;5104609;municipio_sede;;;;;;;66522100;sem_cota_alerta;
23993;CGH SM-01 - CGH SM-01;Itiquira;5104609;2026-09-06;1.4;13.4;3.6;26.8;1,0000;;0;openmeteo_sisclima_fallback;openmeteo_ecmwf_ifs025;openmeteo_soil_proxy;;;;;Tempestade;amarelo;;;;;;;;1;5104609;municipio_sede;;;;;;;66522100;sem_cota_alerta;
23994;CGH SM-06 - CGH SM-06;Itiquira;5104609;2026-09-06;1.4;13.4;3.6;26.8;1,0000;;0;openmeteo_sisclima_fallback;openmeteo_ecmwf_ifs025;openmeteo_soil_proxy;;;;;Tempestade;amarelo;;;;;;;;1;5104609;municipio_sede;;;;;;;66522100;sem_cota_alerta;
6026;COOP. SERINGUEIROS DE OURO BRANCO;Itiquira;5104609;2026-09-06;1.4;13.4;3.6;26.8;1,0000;;0;openmeteo_sisclima_fallback;openmeteo_ecmwf_ifs025;openmeteo_soil_proxy;;;;;Tempestade;amarelo;;;;;;;;1;5104609;municipio_sede;;;;;;;66522100;sem_cota_alerta;
36537;Fazenda Gaúcha;Itiquira;5104609;2026-09-06;1.4;13.4;3.6;26.8;1,0000;;0;openmeteo_sisclima_fallback;openmeteo_ecmwf_ifs025;openmeteo_soil_proxy;;;;;Tempestade;amarelo;;;;;;;;1;5104609;municipio_sede;;;;;;;66488000;sem_cota_alerta;
8093;Fazenda Santa Maria;Itiquira;5104609;2026-09-06;1.4;13.4;3.6;26.8;1,0000;;0;openmeteo_sisclima_fallback;openmeteo_ecmwf_ifs025;openmeteo_soil_proxy;;;;;Tempestade;amarelo;;;;;;;;1;5104609;municipio_sede;;;;;;;66521000;sem_cota_alerta;
36497;Fazenda Santa Maria ? Barramento II;Itiquira;5104609;2026-09-06;1.4;13.4;3.6;26.8;1,0000;;0;openmeteo_sisclima_fallback;openmeteo_ecmwf_ifs025;openmeteo_soil_proxy;;;;;Tempestade;amarelo;;;;;;;;1;5104609;municipio_sede;;;;;;;66521000;sem_cota_alerta;
8102;Fazenda Sucuri;Itiquira;5104609;2026-09-06;1.4;13.4;3.6;26.8;1,0000;;0;openmeteo_sisclima_fallback;openmeteo_ecmwf_ifs025;openmeteo_soil_proxy;;;;;Tempestade;amarelo;;;;;;;;1;5104609;municipio_sede;;;;;;;66483800;sem_cota_alerta;
20067;Ponte de Pedra;Itiquira;5104609;2026-09-06;1.4;13.4;3.6;26.8;1,0000;;0;openmeteo_sisclima_fallback;openmeteo_ecmwf_ifs025;openmeteo_soil_proxy;;;;;Tempestade;amarelo;;;;;;;;1;5104609;municipio_sede;;;;;;;66523000;sem_cota_alerta;
20613;UHE Itiquira (Casas de Forças  I e  II)  - Canal de Adução I;Itiquira;5104609;2026-09-06;1.4;13.4;3.6;26.8;1,0000;;0;openmeteo_sisclima_fallback;openmeteo_ecmwf_ifs025;openmeteo_soil_proxy;;;;;Tempestade;amarelo;;;;;;;;1;5104609;municipio_sede;;;;;;;66525100;sem_cota_alerta;
20612;UHE Itiquira (Casas de Forças  I e  II)  - Dique da Câmara de Carga do Circuito I;Itiquira;5104609;2026-09-06;1.4;13.4;3.6;26.8;1,0000;;0;openmeteo_sisclima_fallback;openmeteo_ecmwf_ifs025;openmeteo_soil_proxy;;;;;Tempestade;amarelo;;;;;;;;1;5104609;municipio_sede;;;;;;;66523000;sem_cota_alerta;
4723;UHE Itiquira (Casas de Forças  I e  II)  - Itiquira;Itiquira;5104609;2026-09-06;1.4;13.4;3.6;26.8;1,0000;;0;openmeteo_sisclima_fallback;openmeteo_ecmwf_ifs025;openmeteo_soil_proxy;;;;;Tempestade;amarelo;;;;;;;;1;5104609;municipio_sede;;;;;;;66523000;sem_cota_alerta;
4946;UHE Ponte de Pedra - Barragem Principal;Itiquira;5104609;2026-09-06;1.4;13.4;3.6;26.8;1,0000;;0;openmeteo_sisclima_fallback;openmeteo_ecmwf_ifs025;openmeteo_soil_proxy;;;;;Tempestade;amarelo;;;;;;;;1;5104609;municipio_sede;;;;;;;66489000;sem_cota_alerta;
20480;UHE Ponte de Pedra - Canal de Adução;Itiquira;5104609;2026-09-06;1.4;13.4;3.6;26.8;1,0000;;0;openmeteo_sisclima_fallback;openmeteo_ecmwf_ifs025;openmeteo_soil_proxy;;;;;Tempestade;amarelo;;;;;;;;1;5104609;municipio_sede;;;;;;;66489000;sem_cota_alerta;
37780;Barragem 01 – Fazenda Ranchão;Ipiranga do Norte;5104526;2026-09-06;6.2;10.6;7.2;64.8;0,9680;0,55;0;openmeteo_sisclima_fallback;openmeteo_ecmwf_ifs025;openmeteo_soil_proxy;hidro_risco_municipal;verde;;;Tempestade;amarelo;;;;;;44.39;openmeteo_glofas_copernicus_ems;5;5104526|5105259|5107768|5107925|5108006;sede_mais_montante_max;;;;;;;17275100;sem_cota_alerta;
37779;Barragem 02 – Fazenda Ranchão;Ipiranga do Norte;5104526;2026-09-06;6.2;10.6;7.2;64.8;0,9680;0,55;0;openmeteo_sisclima_fallback;openmeteo_ecmwf_ifs025;openmeteo_soil_proxy;hidro_risco_municipal;verde;;;Tempestade;amarelo;;;;;;44.39;openmeteo_glofas_copernicus_ems;5;5104526|5105259|5107768|5107925|5108006;sede_mais_montante_max;;;;;;;17275100;sem_cota_alerta;
31000;Barramento II - Fazenda Cabeceira;Ipiranga do Norte;5104526;2026-09-06;5.9;9.2;3.0;60.6;0,9380;;0;openmeteo_sisclima_fallback;openmeteo_ecmwf_ifs025;openmeteo_soil_proxy;;;;;Tempestade;amarelo;;;;;;;;1;5104526;municipio_sede;;;;;;;17275100;sem_cota_alerta;
24061;CGH Rio Vermelho - Usina Rio Vermelho;Itaúba;5104559;2026-09-06;2.1;4.3;3.6;35.2;1,0000;;0;openmeteo_sisclima_fallback;openmeteo_ecmwf_ifs025;openmeteo_soil_proxy;;;;;Tempestade;amarelo;;;;;;;;1;5104559;municipio_sede;;;;;;;17304000;sem_cota_alerta;
37419;Barragem Fazenda Marajoara;Itiquira;5104609;2026-09-06;1.4;13.4;3.6;26.8;1,0000;;0;openmeteo_sisclima_fallback;openmeteo_ecmwf_ifs025;openmeteo_soil_proxy;;;;;Tempestade;amarelo;;;;;;;;1;5104609;municipio_sede;;;;;;;66483800;sem_cota_alerta;
35226;Barragem Fazenda Santa Fé do Colorado;Itiquira;5104609;2026-09-06;1.4;13.4;3.6;26.8;1,0000;;0;openmeteo_sisclima_fallback;openmeteo_ecmwf_ifs025;openmeteo_soil_proxy;;;;;Tempestade;amarelo;;;;;;;;1;5104609;municipio_sede;;;;;;;66493000;sem_cota_alerta;
35176;Barragem Rotacionado 15 ? Fazenda Gravataí;Itiquira;5104609;2026-09-06;1.4;13.4;3.6;26.8;1,0000;;0;openmeteo_sisclima_fallback;openmeteo_ecmwf_ifs025;openmeteo_soil_proxy;;;;;Tempestade;amarelo;;;;;;;;1;5104609;municipio_sede;;;;;;;66525100;sem_cota_alerta;
31779;Barramento II - Fazenda Gravataí;Itiquira;5104609;2026-09-06;1.4;13.4;3.6;26.8;1,0000;;0;openmeteo_sisclima_fallback;openmeteo_ecmwf_ifs025;openmeteo_soil_proxy;;;;;Tempestade;amarelo;;;;;;;;1;5104609;municipio_sede;;;;;;;66522000;sem_cota_alerta;
31590;FLG Agro e Investimento LTDA;Itiquira;5104609;2026-09-06;1.4;13.4;3.6;26.8;1,0000;;0;openmeteo_sisclima_fallback;openmeteo_ecmwf_ifs025;openmeteo_soil_proxy;;;;;Tempestade;amarelo;;;;;;;;1;5104609;municipio_sede;;;;;;;66493000;sem_cota_alerta;
31747;Fazenda Gravataí;Itiquira;5104609;2026-09-06;1.4;13.4;3.6;26.8;1,0000;;0;openmeteo_sisclima_fallback;openmeteo_ecmwf_ifs025;openmeteo_soil_proxy;;;;;Tempestade;amarelo;;;;;;;;1;5104609;municipio_sede;;;;;;;66523000;sem_cota_alerta;
23960;CGH Cambará - Cambará;Jaciara;5104807;2026-09-06;0.0;1.3;7.9;4.9;0,7560;;0;openmeteo_sisclima_fallback;openmeteo_ecmwf_ifs025;openmeteo_soil_proxy;;;;;Tempestade;amarelo;;;;;;;;1;5104807;municipio_sede;;;;;;;66385400;sem_cota_alerta;
23961;CGH Embaúba - Embaúba;Jaciara;5104807;2026-09-06;0.0;1.3;7.9;4.9;0,7560;;0;openmeteo_sisclima_fallback;openmeteo_ecmwf_ifs025;openmeteo_soil_proxy;;;;;Tempestade;amarelo;;;;;;;;1;5104807;municipio_sede;;;;;;;66385400;sem_cota_alerta;
23962;CGH Sucupira - Sucupira;Jaciara;5104807;2026-09-06;0.0;1.3;7.9;4.9;0,7560;;0;openmeteo_sisclima_fallback;openmeteo_ecmwf_ifs025;openmeteo_soil_proxy;;;;;Tempestade;amarelo;;;;;;;;1;5104807;municipio_sede;;;;;;;66385000;sem_cota_alerta;
34159;CGH Água Clara - Agua Clara;Jaciara;5104807;2026-09-06;0.0;1.3;7.9;4.9;0,7560;;0;openmeteo_sisclima_fallback;openmeteo_ecmwf_ifs025;openmeteo_soil_proxy;;;;;Tempestade;amarelo;;;;;;;;1;5104807;municipio_sede;;;;;;;66400040;sem_cota_alerta;
8063;Fazenda São Pedro do jatobá II;Jaciara;5104807;2026-09-06;0.0;1.3;7.9;4.9;0,7560;;0;openmeteo_sisclima_fallback;openmeteo_ecmwf_ifs025;openmeteo_soil_proxy;;;;;Tempestade;amarelo;;;;;;;;1;5104807;municipio_sede;;;;;;;66375690;sem_cota_alerta;
4967;PCH Pequi - Pequi;Jaciara;5104807;2026-09-06;0.0;1.3;7.9;4.9;0,7560;;0;openmeteo_sisclima_fallback;openmeteo_ecmwf_ifs025;openmeteo_soil_proxy;;;;;Tempestade;amarelo;;;;;;;;1;5104807;municipio_sede;;;;;;;66384000;sem_cota_alerta;
4798;PCH Água Prata - Prata;Jaciara;5104807;2026-09-06;0.0;1.3;7.9;4.9;0,7560;;0;openmeteo_sisclima_fallback;openmeteo_ecmwf_ifs025;openmeteo_soil_proxy;;;;;Tempestade;amarelo;;;;;;;;1;5104807;municipio_sede;;;;;;;66400040;sem_cota_alerta;
34857;Barragem I Jangada Agropastoril;Jangada;5104906;2026-09-06;6.8;7.2;4.7;55.0;0,6310;0,55;0;openmeteo_ponto;openmeteo_ponto;openmeteo_soil_proxy;hidro_risco_municipal;verde;;;Tempestade;amarelo;;;;;;10.09;openmeteo_glofas_copernicus_ems;2;5103007|5104906;ponto_barragem_telemetria;openmeteo_ponto;;;;;;66007000;sem_cota_alerta;
35231;Fazenda Jangada Agropastoril - Barragem a montante;Jangada;5104906;2026-09-06;7.3;7.4;6.3;55.0;0,6310;0,55;0;openmeteo_ponto;openmeteo_ponto;openmeteo_soil_proxy;hidro_risco_municipal;verde;;;Tempestade;amarelo;;;;;;10.09;openmeteo_glofas_copernicus_ems;2;5103007|5104906;ponto_barragem_telemetria;openmeteo_ponto;;;;;;66223701;sem_cota_alerta;
35229;Fazenda Jangada Agropastoril II - Barragem Principal;Jangada;5104906;2026-09-06;7.3;7.4;6.3;55.0;0,6310;0,55;0;openmeteo_ponto;openmeteo_ponto;openmeteo_soil_proxy;hidro_risco_municipal;verde;;;Tempestade;amarelo;;;;;;10.09;openmeteo_glofas_copernicus_ems;2;5103007|5104906;ponto_barragem_telemetria;openmeteo_ponto;;;;;;66223701;sem_cota_alerta;
4715;PCH Antônio Brennand (Antiga  Alto Jauru) - Antônio Brennand;Jauru;5105002;2026-09-06;10.4;22.8;0.8;83.1;0,9790;;0;openmeteo_sisclima_fallback;openmeteo_ecmwf_ifs025;openmeteo_soil_proxy;;;;;Tempestade;amarelo;;;;;;;;2;5101258|5105002;sede_mais_montante_max;;;;;;;66071360;sem_cota_alerta;
4202;PCH Indiavaí - Indiavaí;Jauru;5105002;2026-09-06;10.4;22.8;0.8;83.1;0,9790;;0;openmeteo_sisclima_fallback;openmeteo_ecmwf_ifs025;openmeteo_soil_proxy;;;;;Tempestade;amarelo;;;;;;;;2;5101258|5105002;sede_mais_montante_max;;;;;;;66071390;sem_cota_alerta;
34484;Fazenda Bacuri, Cachoeira e Castanheira;Juara;5105101;2026-09-06;8.9;10.4;3.1;78.2;0,9190;0,55;0;openmeteo_sisclima_fallback;openmeteo_ecmwf_ifs025;openmeteo_soil_proxy;hidro_risco_municipal;verde;;;Tempestade;amarelo;verde;;;;;;;4;5101902|5102637|5105101|5108907;sede_mais_montante_max;;;;;;;17093010;sem_cota_alerta;
36101;Prefeitura Municipal de Juara;Juara;5105101;2026-09-06;5.2;8.2;8.1;54.9;0,9940;0,55;0;openmeteo_sisclima_fallback;openmeteo_ecmwf_ifs025;openmeteo_soil_proxy;hidro_risco_municipal;verde;;;Tempestade;amarelo;verde;;;;;;;5;5105101|5105903|5106224|5106802|5107305;sede_mais_montante_max;;;;246,0;;;17120200;contexto_somente;2026-09-07 10:00:00
5140;UHE Salto Apiacás - Salto Apiacás;Juara;5105101;2026-09-06;0.0;2.2;1.8;4.9;0,7880;0,55;0;openmeteo_sisclima_fallback;openmeteo_ecmwf_ifs025;openmeteo_soil_proxy;hidro_risco_municipal;verde;;;Tempestade;amarelo;verde;;;;;;;1;5105101;municipio_sede;;;;;;;17393500;sem_cota_alerta;
36612;Barramento Juruena;Juruena;5105176;2026-09-06;0.1;8.1;0.9;8.5;0,8240;;0;openmeteo_sisclima_fallback;openmeteo_ecmwf_ifs025;openmeteo_soil_proxy;;;;;Tempestade;amarelo;;;;;;;;1;5105176;municipio_sede;;;;;;;17123100;sem_cota_alerta;
7961;Fazenda Barra Grande II- Barragem I;Juruena;5105176;2026-09-06;0.1;8.1;0.9;8.5;0,8240;;0;openmeteo_sisclima_fallback;openmeteo_ecmwf_ifs025;openmeteo_soil_proxy;;;;;Tempestade;amarelo;;;;;;;;1;5105176;municipio_sede;;;;;;;17123100;sem_cota_alerta;
7962;Fazenda Barra Grande II- Barragem II;Juruena;5105176;2026-09-06;0.1;8.1;0.9;8.5;0,8240;;0;openmeteo_sisclima_fallback;openmeteo_ecmwf_ifs025;openmeteo_soil_proxy;;;;;Tempestade;amarelo;;;;;;;;1;5105176;municipio_sede;;;;;;;17123100;sem_cota_alerta;
7960;Fazenda Barra Grande II- Barragem III;Juruena;5105176;2026-09-06;0.1;8.1;0.9;8.5;0,8240;;0;openmeteo_sisclima_fallback;openmeteo_ecmwf_ifs025;openmeteo_soil_proxy;;;;;Tempestade;amarelo;;;;;;;;1;5105176;municipio_sede;;;;;;;17123100;sem_cota_alerta;
32386;Barragem 1 - Fazenda Mirandopolis;Juscimeira;5105200;2026-09-06;0.2;1.3;7.9;10.6;0,7560;;0;openmeteo_sisclima_fallback;openmeteo_ecmwf_ifs025;openmeteo_soil_proxy;;;;;Tempestade;amarelo;;;;;;;;2;5104807|5105200;sede_mais_montante_max;;;;;;;66455900;sem_cota_alerta;
22738;PCH Beleza - PCH BELEZA;Juscimeira;5105200;2026-09-06;0.2;1.3;7.9;10.6;0,7560;;0;openmeteo_sisclima_fallback;openmeteo_ecmwf_ifs025;openmeteo_soil_proxy;;;;;Tempestade;amarelo;;;;;;;;2;5104807|5105200;sede_mais_montante_max;;;;;;;66222400;sem_cota_alerta;
4207;PCH Sete Quedas Alta - Sete Quedas Alta;Juscimeira;5105200;2026-09-06;0.2;1.3;7.9;10.6;0,7560;;0;openmeteo_sisclima_fallback;openmeteo_ecmwf_ifs025;openmeteo_soil_proxy;;;;;Tempestade;amarelo;;;;;;;;2;5104807|5105200;sede_mais_montante_max;;;;;;;66400355;sem_cota_alerta;
4519;PCH São Lourenço (Antiga Zé Fernando) - São Lourenço;Juscimeira;5105200;2026-09-06;0.2;0.8;2.4;10.6;0,7520;;0;openmeteo_sisclima_fallback;openmeteo_ecmwf_ifs025;openmeteo_soil_proxy;;;;;Tempestade;amarelo;;;;;;;;1;5105200;municipio_sede;;;;;;;66400380;sem_cota_alerta;
5065;PCH Água Brava - Brava;Juscimeira;5105200;2026-09-06;0.2;1.3;7.9;10.6;0,7560;;0;openmeteo_sisclima_fallback;openmeteo_ecmwf_ifs025;openmeteo_soil_proxy;;;;;Tempestade;amarelo;;;;;;;;2;5104807|5105200;sede_mais_montante_max;;;;;;;66400050;sem_cota_alerta;
31998;Barramento Aeroporto Municipal de Juína;Juína;5105150;2026-09-06;4.0;11.9;2.5;47.2;0,4260;;0;openmeteo_sisclima_fallback;openmeteo_ecmwf_ifs025;openmeteo_soil_proxy;;;;;Tempestade;amarelo;;;;;;;;1;5105150;municipio_sede;;;;;;;17093020;sem_cota_alerta;2026-09-07 10:00:00
33943;Barramento Juína - Montante;Juína;5105150;2026-09-06;4.0;11.9;2.5;47.2;0,4260;;0;openmeteo_sisclima_fallback;openmeteo_ecmwf_ifs025;openmeteo_soil_proxy;;;;;Tempestade;amarelo;;;;;;;;1;5105150;municipio_sede;;;;;;;17093020;sem_cota_alerta;2026-09-07 10:00:00
33942;Barramento Juína - Principal;Juína;5105150;2026-09-06;4.0;11.9;2.5;47.2;0,4260;;0;openmeteo_sisclima_fallback;openmeteo_ecmwf_ifs025;openmeteo_soil_proxy;;;;;Tempestade;amarelo;;;;;;;;1;5105150;municipio_sede;;;;;;;15720000;sem_cota_alerta;
33944;Barramento Juína – Montante 2;Juína;5105150;2026-09-06;4.0;11.9;2.5;47.2;0,4260;;0;openmeteo_sisclima_fallback;openmeteo_ecmwf_ifs025;openmeteo_soil_proxy;;;;;Tempestade;amarelo;;;;;;;;1;5105150;municipio_sede;;;;;;;15720000;sem_cota_alerta;
32067;Barramento Lagoa da Garça;Juína;5105150;2026-09-06;4.0;11.9;2.5;47.2;0,4260;;0;openmeteo_sisclima_fallback;openmeteo_ecmwf_ifs025;openmeteo_soil_proxy;;;;;Tempestade;amarelo;;;;;;;;1;5105150;municipio_sede;;;;;;;17093020;sem_cota_alerta;2026-09-07 10:00:00
336;CHACARA NOSSA SENHORA DE FATIMA;Juína;5105150;2026-09-06;4.0;11.9;2.5;47.2;0,4260;;0;openmeteo_sisclima_fallback;openmeteo_ecmwf_ifs025;openmeteo_soil_proxy;;;;;Tempestade;amarelo;;;;;;;;1;5105150;municipio_sede;;;;;;;17093010;sem_cota_alerta;
7959;Chácara Patrícia;Juína;5105150;2026-09-06;4.0;11.9;2.5;47.2;0,4260;;0;openmeteo_sisclima_fallback;openmeteo_ecmwf_ifs025;openmeteo_soil_proxy;;;;;Tempestade;amarelo;;;;;;;;1;5105150;municipio_sede;;;;;;;17093010;sem_cota_alerta;
4682;PCH Juína - Barragem da PCH Juína;Juína;5105150;2026-09-06;4.0;11.9;2.5;47.2;0,4260;;0;openmeteo_sisclima_fallback;openmeteo_ecmwf_ifs025;openmeteo_soil_proxy;;;;;Tempestade;amarelo;;;;;;;;1;5105150;municipio_sede;;;;;;;15730000;sem_cota_alerta;
24089;CGH Mestre - Mestre;Jaciara;5104807;2026-09-06;0.0;1.3;7.9;4.9;0,7560;0,55;0;openmeteo_sisclima_fallback;openmeteo_ecmwf_ifs025;openmeteo_soil_proxy;hidro_risco_municipal;verde;;;Tempestade;amarelo;;;;;;10.09;openmeteo_glofas_copernicus_ems;2;5103007|5104807;sede_mais_montante_max;;;;;;;66201350;sem_cota_alerta;
24088;CGH Santa Cecília - Santa Cecília;Jaciara;5104807;2026-09-06;0.0;1.3;7.9;4.9;0,7560;0,55;0;openmeteo_sisclima_fallback;openmeteo_ecmwf_ifs025;openmeteo_soil_proxy;hidro_risco_municipal;verde;;;Tempestade;amarelo;;;;;;10.09;openmeteo_glofas_copernicus_ems;2;5103007|5104807;sede_mais_montante_max;;;;;;;66201400;sem_cota_alerta;
34737;Barragem PM1;Juruena;5105176;2026-09-06;0.1;8.1;0.9;8.5;0,8240;;0;openmeteo_sisclima_fallback;openmeteo_ecmwf_ifs025;openmeteo_soil_proxy;;;;;Tempestade;amarelo;;;;;;;;1;5105176;municipio_sede;;;;;;;17123100;sem_cota_alerta;
26142;Barragem  LVR;Juína;5105150;2026-09-06;4.0;11.9;2.5;47.2;0,4260;;0;openmeteo_sisclima_fallback;openmeteo_ecmwf_ifs025;openmeteo_soil_proxy;;;;;Tempestade;amarelo;;;;;;;;1;5105150;municipio_sede;;;;;;;15720000;sem_cota_alerta;
948;Rejeito;Juína;5105150;2026-09-06;4.0;11.9;2.5;47.2;0,4260;;0;openmeteo_sisclima_fallback;openmeteo_ecmwf_ifs025;openmeteo_soil_proxy;;;;;Tempestade;amarelo;;;;;;;;1;5105150;municipio_sede;;;;;;;15720000;sem_cota_alerta;
32029;BARRAGEM NA FAZENDA ÁGUA SANTA II;Lucas do Rio Verde;5105259;2026-09-06;6.2;10.6;2.8;64.8;0,9450;;0;openmeteo_sisclima_fallback;openmeteo_ecmwf_ifs025;openmeteo_soil_proxy;;;;;Tempestade;amarelo;;;;;;;;1;5105259;municipio_sede;;;;;;;01355006;sem_cota_alerta;
31517;Barragem Bem-te-vi;Lucas do Rio Verde;5105259;2026-09-06;6.2;10.6;8.1;64.8;0,9940;0,55;0;openmeteo_sisclima_fallback;openmeteo_ecmwf_ifs025;openmeteo_soil_proxy;hidro_risco_municipal;verde;;;Tempestade;amarelo;;;;;;;;4;5105259|5105903|5106224|5107305;sede_mais_montante_max;;;;;;;17229000;sem_cota_alerta;
35359;Barragem do Parque Oeste;Lucas do Rio Verde;5105259;2026-09-06;6.2;10.6;2.8;64.8;0,9450;;0;openmeteo_sisclima_fallback;openmeteo_ecmwf_ifs025;openmeteo_soil_proxy;;;;;Tempestade;amarelo;;;;;;;;1;5105259;municipio_sede;;;;;;;01355006;sem_cota_alerta;
20051;Barramento Fazenda Carajas  - Lote 64;Lucas do Rio Verde;5105259;2026-09-06;6.2;10.6;5.0;64.8;0,9450;;0;openmeteo_sisclima_fallback;openmeteo_ecmwf_ifs025;openmeteo_soil_proxy;;;;;Tempestade;amarelo;;;;;;;;2;5105259|5107768;sede_mais_montante_max;;;;;;;17219300;sem_cota_alerta;
31577;Barramento Montante Fazenda Carajas  - Lote 64;Lucas do Rio Verde;5105259;2026-09-06;6.2;10.6;5.0;64.8;0,9450;;0;openmeteo_sisclima_fallback;openmeteo_ecmwf_ifs025;openmeteo_soil_proxy;;;;;Tempestade;amarelo;;;;;;;;2;5105259|5107768;sede_mais_montante_max;;;;;;;17219300;sem_cota_alerta;
34136;CGH Aprovale - Associação Dos Produtores Do Vale Do Cedro - cedro;Lucas do Rio Verde;5105259;2026-09-06;6.2;10.6;2.8;64.8;0,9450;;0;openmeteo_sisclima_fallback;openmeteo_ecmwf_ifs025;openmeteo_soil_proxy;;;;;Tempestade;amarelo;;;;;;;;1;5105259;municipio_sede;;;;;;;17219300;sem_cota_alerta;
8028;FAZENDA DONA IRILDE;Lucas do Rio Verde;5105259;2026-09-06;6.2;10.6;2.8;64.8;0,9450;;0;openmeteo_sisclima_fallback;openmeteo_ecmwf_ifs025;openmeteo_soil_proxy;;;;;Tempestade;amarelo;;;;;;;;1;5105259;municipio_sede;;;;;;;17219600;sem_cota_alerta;
8034;FAZENDA OGLIARI;Lucas do Rio Verde;5105259;2026-09-06;6.2;10.6;2.8;64.8;0,9450;;0;openmeteo_sisclima_fallback;openmeteo_ecmwf_ifs025;openmeteo_soil_proxy;;;;;Tempestade;amarelo;;;;;;;;1;5105259;municipio_sede;;;;;;;17229000;sem_cota_alerta;
341;Faz. Espera Feliz;Lucas do Rio Verde;5105259;2026-09-06;6.2;10.6;8.1;64.8;0,9940;0,55;0;openmeteo_sisclima_fallback;openmeteo_ecmwf_ifs025;openmeteo_soil_proxy;hidro_risco_municipal;verde;;;Tempestade;amarelo;;;;;;;;4;5105259|5105903|5106224|5107305;sede_mais_montante_max;;;;;;;17229000;sem_cota_alerta;
8033;Fazenda Botucatu lll;Lucas do Rio Verde;5105259;2026-09-06;6.2;10.6;2.8;64.8;0,9450;;0;openmeteo_sisclima_fallback;openmeteo_ecmwf_ifs025;openmeteo_soil_proxy;;;;;Tempestade;amarelo;;;;;;;;1;5105259;municipio_sede;;;;;;;17278490;sem_cota_alerta;
5679;Fazenda Juliandre II;Lucas do Rio Verde;5105259;2026-09-06;6.2;10.6;2.8;64.8;0,9450;;0;openmeteo_sisclima_fallback;openmeteo_ecmwf_ifs025;openmeteo_soil_proxy;;;;;Tempestade;amarelo;;;;;;;;1;5105259;municipio_sede;;;;;;;17219300;sem_cota_alerta;
361;Fazenda Nadin;Lucas do Rio Verde;5105259;2026-09-06;6.2;10.6;2.8;64.8;0,9450;;0;openmeteo_sisclima_fallback;openmeteo_ecmwf_ifs025;openmeteo_soil_proxy;;;;;Tempestade;amarelo;;;;;;;;1;5105259;municipio_sede;;;;;;;17270000;sem_cota_alerta;
20075;Fazenda Ogliari;Lucas do Rio Verde;5105259;2026-09-06;6.2;10.6;2.8;64.8;0,9450;;0;openmeteo_sisclima_fallback;openmeteo_ecmwf_ifs025;openmeteo_soil_proxy;;;;;Tempestade;amarelo;;;;;;;;1;5105259;municipio_sede;;;;;;;17229000;sem_cota_alerta;
8037;Fazenda Palmeira ll;Lucas do Rio Verde;5105259;2026-09-06;6.2;10.6;5.0;64.8;0,9450;;0;openmeteo_sisclima_fallback;openmeteo_ecmwf_ifs025;openmeteo_soil_proxy;;;;;Tempestade;amarelo;;;;;;;;2;5105259|5107768;sede_mais_montante_max;;;;;;;01355006;sem_cota_alerta;
8036;Fazenda Piva;Lucas do Rio Verde;5105259;2026-09-06;6.2;10.6;2.8;64.8;0,9450;;0;openmeteo_sisclima_fallback;openmeteo_ecmwf_ifs025;openmeteo_soil_proxy;;;;;Tempestade;amarelo;;;;;;;;1;5105259;municipio_sede;;;;;;;17260000;sem_cota_alerta;
389;Fazenda Santo Antonio I;Lucas do Rio Verde;5105259;2026-09-06;6.2;10.6;2.8;64.8;0,9450;;0;openmeteo_sisclima_fallback;openmeteo_ecmwf_ifs025;openmeteo_soil_proxy;;;;;Tempestade;amarelo;;;;;;;;1;5105259;municipio_sede;;;;;;;17229000;sem_cota_alerta;
31561;Prefeitura Municipal de Lucas do Rio Verde;Lucas do Rio Verde;5105259;2026-09-06;6.2;10.6;8.1;64.8;0,9940;0,55;0;openmeteo_sisclima_fallback;openmeteo_ecmwf_ifs025;openmeteo_soil_proxy;hidro_risco_municipal;verde;;;Tempestade;amarelo;;;;;;;;4;5105259|5105903|5106224|5107305;sede_mais_montante_max;;;;;;;17229000;sem_cota_alerta;
5751;Prefeitura de LUCAS DO RIO VERDE;Lucas do Rio Verde;5105259;2026-09-06;6.2;10.6;2.8;64.8;0,9450;;0;openmeteo_sisclima_fallback;openmeteo_ecmwf_ifs025;openmeteo_soil_proxy;;;;;Tempestade;amarelo;;;;;;;;1;5105259;municipio_sede;;;;;;;01355006;sem_cota_alerta;
22403;Massa d'Água #105287;Luciara;5105309;2026-09-06;22.6;27.9;6.8;98.6;0,8340;;1;openmeteo_sisclima_fallback;openmeteo_ecmwf_ifs025;openmeteo_soil_proxy;;;;;Tempestade;amarelo;;;;;;;;1;5105309;municipio_sede;;;;;;;26350000;sem_cota_alerta;
31105;Fazenda Santa Helena;Marcelândia;5105580;2026-09-06;3.0;8.2;13.6;39.4;1,0000;;0;openmeteo_sisclima_fallback;openmeteo_ecmwf_ifs025;openmeteo_soil_proxy;;;;;Tempestade;amarelo;;;;;;;;5;5103056|5105580|5106240|5107248|5108303;sede_mais_montante_max;;;;;;;18422000;sem_cota_alerta;
6156;Barragem Carnaíba;Mirassol d'Oeste;5105622;2026-09-06;12.5;19.7;0.8;90.8;0,9840;;0;openmeteo_sisclima_fallback;openmeteo_ecmwf_ifs025;openmeteo_soil_proxy;;;;;Tempestade;amarelo;;;;;;;;1;5105622;municipio_sede;;;;;;;66064000;sem_cota_alerta;
28719;Barragem Carnaíba;Mirassol d'Oeste;5105622;2026-09-06;12.5;19.7;0.8;90.8;0,9840;;0;openmeteo_sisclima_fallback;openmeteo_ecmwf_ifs025;openmeteo_soil_proxy;;;;;Tempestade;amarelo;;;;;;;;1;5105622;municipio_sede;;;;;;;66064000;sem_cota_alerta;
34482;Barragem Paranoá;Mirassol d'Oeste;5105622;2026-09-06;12.5;19.7;0.8;90.8;0,9840;;0;openmeteo_sisclima_fallback;openmeteo_ecmwf_ifs025;openmeteo_soil_proxy;;;;;Tempestade;amarelo;;;;;;;;1;5105622;municipio_sede;;;;;;;66064000;sem_cota_alerta;
5318;REPRESA CARNAIBA;Mirassol d'Oeste;5105622;2026-09-06;12.5;19.7;0.8;90.8;0,9840;;0;openmeteo_sisclima_fallback;openmeteo_ecmwf_ifs025;openmeteo_soil_proxy;;;;;Tempestade;amarelo;;;;;;;;1;5105622;municipio_sede;;;;;;;66064000;sem_cota_alerta;
5319;REPRESA SIGLA;Mirassol d'Oeste;5105622;2026-09-06;12.5;19.7;0.8;90.8;0,9840;;0;openmeteo_sisclima_fallback;openmeteo_ecmwf_ifs025;openmeteo_soil_proxy;;;;;Tempestade;amarelo;;;;;;;;1;5105622;municipio_sede;;;;;;;66064000;sem_cota_alerta;
37707;Fazenda Modelo;Marcelândia;5105580;2026-09-06;0.0;5.4;13.6;4.9;1,0000;;0;openmeteo_sisclima_fallback;openmeteo_ecmwf_ifs025;openmeteo_soil_proxy;;;;;Tempestade;amarelo;;;;;;;;1;5105580;municipio_sede;;;;;;;18422000;sem_cota_alerta;
37708;Fazenda Modelo - Montante 01;Marcelândia;5105580;2026-09-06;0.0;5.4;13.6;4.9;1,0000;;0;openmeteo_sisclima_fallback;openmeteo_ecmwf_ifs025;openmeteo_soil_proxy;;;;;Tempestade;amarelo;;;;;;;;1;5105580;municipio_sede;;;;;;;18422000;sem_cota_alerta;
20177;Faz. Carvalho;Nobres;5105903;2026-09-06;2.9;2.9;6.0;30.0;0,1420;0,55;0;openmeteo_ponto;openmeteo_ponto;openmeteo_soil_proxy;hidro_risco_municipal;verde;;;Tempestade;amarelo;verde;;;;;;;1;5105903;ponto_barragem_telemetria;openmeteo_ponto;;;;;;66140100;sem_cota_alerta;
4224;UHE Manso - Dique 1;Nobres;5105903;2026-09-06;3.5;4.0;3.7;30.0;0,1420;0,55;0;openmeteo_ponto;openmeteo_ponto;openmeteo_soil_proxy;hidro_risco_municipal;verde;;;Tempestade;amarelo;verde;;;;;;;1;5105903;ponto_barragem_telemetria;openmeteo_ponto;;;254,0;12,61;;17098500;contexto_somente;2026-09-07 09:45:00
34718;Barragem 1 - Fazenda Dois Filhos;Nortelândia;5106000;2026-09-06;3.2;3.8;1.8;41.5;0,3480;;0;openmeteo_sisclima_fallback;openmeteo_ecmwf_ifs025;openmeteo_soil_proxy;;;;;Tempestade;amarelo;;;;;;;;1;5106000;municipio_sede;;;;;;;66006011;sem_cota_alerta;
5169;CGH Diamante - Diamante;Nortelândia;5106000;2026-09-06;3.2;3.8;1.8;41.5;0,3480;;0;openmeteo_sisclima_fallback;openmeteo_ecmwf_ifs025;openmeteo_soil_proxy;;;;;Tempestade;amarelo;;;;;;;;1;5106000;municipio_sede;;;;;;;66005800;sem_cota_alerta;
35637;BA-01;Nossa Senhora do Livramento;5106109;2026-09-06;6.0;6.0;4.5;55.0;0,6310;0,490;0;openmeteo_ponto;openmeteo_ponto;openmeteo_soil_proxy;hidro_risco_municipal;verde;;;Tempestade;amarelo;;;;;;10.09;openmeteo_glofas_copernicus_ems;4;5103007|5104906|5106109|5107701;ponto_barragem_telemetria;openmeteo_ponto;;;98,0;;200,0;66260006;cota_medida;2026-09-07 10:00:00
1267;BACIA DE REJEITO MINERGOLD;Nossa Senhora do Livramento;5106109;2026-09-06;8.5;8.9;9.6;76.1;0,6310;0,490;0;openmeteo_sisclima_fallback;openmeteo_ecmwf_ifs025;openmeteo_soil_proxy;hidro_risco_municipal;verde;;;Tempestade;amarelo;;;;;;10.09;openmeteo_glofas_copernicus_ems;5;5103007|5103403|5104906|5106109|5107701;sede_mais_montante_max;;;;98,0;;200,0;66260006;cota_medida;2026-09-07 10:00:00
26235;BARRAGEM COOP 01;Nossa Senhora do Livramento;5106109;2026-09-06;8.5;8.9;9.6;76.1;0,6310;0,490;0;openmeteo_sisclima_fallback;openmeteo_ecmwf_ifs025;openmeteo_soil_proxy;hidro_risco_municipal;verde;;;Tempestade;amarelo;;;;;;10.09;openmeteo_glofas_copernicus_ems;5;5103007|5103403|5104906|5106109|5107701;sede_mais_montante_max;;;;98,0;;200,0;66260006;cota_medida;2026-09-07 10:00:00
27620;BARRAGEM DE MINERAÇÃO;Nossa Senhora do Livramento;5106109;2026-09-06;8.5;8.9;9.6;76.1;0,6310;0,490;0;openmeteo_sisclima_fallback;openmeteo_ecmwf_ifs025;openmeteo_soil_proxy;hidro_risco_municipal;verde;;;Tempestade;amarelo;;;;;;10.09;openmeteo_glofas_copernicus_ems;5;5103007|5103403|5104906|5106109|5107701;sede_mais_montante_max;;;;98,0;;200,0;66260006;cota_medida;2026-09-07 10:00:00
26240;BP-01;Nossa Senhora do Livramento;5106109;2026-09-06;8.5;8.9;9.6;76.1;0,6310;0,490;0;openmeteo_sisclima_fallback;openmeteo_ecmwf_ifs025;openmeteo_soil_proxy;hidro_risco_municipal;verde;;;Tempestade;amarelo;;;;;;10.09;openmeteo_glofas_copernicus_ems;5;5103007|5103403|5104906|5106109|5107701;sede_mais_montante_max;;;;98,0;;200,0;66260006;cota_medida;2026-09-07 10:00:00
26241;BP-02;Nossa Senhora do Livramento;5106109;2026-09-06;8.5;8.9;9.6;76.1;0,6310;0,490;0;openmeteo_sisclima_fallback;openmeteo_ecmwf_ifs025;openmeteo_soil_proxy;hidro_risco_municipal;verde;;;Tempestade;amarelo;;;;;;10.09;openmeteo_glofas_copernicus_ems;5;5103007|5103403|5104906|5106109|5107701;sede_mais_montante_max;;;;98,0;;200,0;66260006;cota_medida;2026-09-07 10:00:00
29384;BR SANTA FELICIDADE 04;Nossa Senhora do Livramento;5106109;2026-09-06;6.0;6.0;4.5;55.0;0,6310;0,490;0;openmeteo_ponto;openmeteo_ponto;openmeteo_soil_proxy;hidro_risco_municipal;verde;;;Tempestade;amarelo;;;;;;10.09;openmeteo_glofas_copernicus_ems;4;5103007|5104906|5106109|5107701;ponto_barragem_telemetria;openmeteo_ponto;;;98,0;;200,0;66260006;cota_medida;2026-09-07 10:00:00
26671;Barragem 2;Nossa Senhora do Livramento;5106109;2026-09-06;5.6;6.8;3.7;57.7;0,4400;;0;openmeteo_sisclima_fallback;openmeteo_ecmwf_ifs025;openmeteo_soil_proxy;;;;;Tempestade;amarelo;;;;;;;;1;5106109;municipio_sede;;;;;;;66270000;sem_cota_alerta;
31722;Barragem 2  Fazenda Sossego;Nossa Senhora do Livramento;5106109;2026-09-06;8.5;8.9;9.6;76.1;0,6310;0,55;0;openmeteo_sisclima_fallback;openmeteo_ecmwf_ifs025;openmeteo_soil_proxy;hidro_risco_municipal;verde;;;Tempestade;amarelo;;;;;;10.09;openmeteo_glofas_copernicus_ems;5;5103007|5103403|5104906|5106109|5107701;sede_mais_montante_max;;;;;;;66270000;sem_cota_alerta;
34856;Barragem GMX;Nossa Senhora do Livramento;5106109;2026-09-06;6.0;6.0;4.5;55.0;0,6310;0,490;0;openmeteo_ponto;openmeteo_ponto;openmeteo_soil_proxy;hidro_risco_municipal;verde;;;Tempestade;amarelo;;;;;;10.09;openmeteo_glofas_copernicus_ems;4;5103007|5104906|5106109|5107701;ponto_barragem_telemetria;openmeteo_ponto;;;98,0;;200,0;66260006;cota_medida;2026-09-07 10:00:00
26156;Barragem JL;Nossa Senhora do Livramento;5106109;2026-09-06;6.0;6.0;4.5;55.0;0,6310;0,490;0;openmeteo_ponto;openmeteo_ponto;openmeteo_soil_proxy;hidro_risco_municipal;verde;;;Tempestade;amarelo;;;;;;10.09;openmeteo_glofas_copernicus_ems;4;5103007|5104906|5106109|5107701;ponto_barragem_telemetria;openmeteo_ponto;;;98,0;;200,0;66260006;cota_medida;2026-09-07 10:00:00
34750;Barragem Mutuca;Nossa Senhora do Livramento;5106109;2026-09-06;5.6;6.8;3.7;57.7;0,4400;;0;openmeteo_sisclima_fallback;openmeteo_ecmwf_ifs025;openmeteo_soil_proxy;;;;;Tempestade;amarelo;;;;;;;;1;5106109;municipio_sede;;;;;;;66270000;sem_cota_alerta;
8014;Barragem Salinas 1;Nossa Senhora do Livramento;5106109;2026-09-06;5.6;6.8;3.7;57.7;0,4400;;0;openmeteo_sisclima_fallback;openmeteo_ecmwf_ifs025;openmeteo_soil_proxy;;;;;Tempestade;amarelo;;;;;;;;1;5106109;municipio_sede;;;;;;;66110010;sem_cota_alerta;
33351;Barragem Taquaral I;Nossa Senhora do Livramento;5106109;2026-09-06;5.6;6.8;3.7;57.7;0,4400;;0;openmeteo_sisclima_fallback;openmeteo_ecmwf_ifs025;openmeteo_soil_proxy;;;;;Tempestade;amarelo;;;;;;;;1;5106109;municipio_sede;;;;;;;66110010;sem_cota_alerta;
35108;Barragem VI (montante);Nossa Senhora do Livramento;5106109;2026-09-06;6.3;6.9;4.5;55.0;0,4400;0,55;0;openmeteo_ponto;openmeteo_ponto;openmeteo_soil_proxy;hidro_risco_municipal;verde;;;Tempestade;amarelo;;;;;;10.09;openmeteo_glofas_copernicus_ems;2;5103007|5106109;ponto_barragem_telemetria;openmeteo_ponto;;;;;;66260001;sem_cota_alerta;
35107;Barragem VII (montante);Nossa Senhora do Livramento;5106109;2026-09-06;6.3;6.9;4.5;55.0;0,4400;0,55;0;openmeteo_ponto;openmeteo_ponto;openmeteo_soil_proxy;hidro_risco_municipal;verde;;;Tempestade;amarelo;;;;;;10.09;openmeteo_glofas_copernicus_ems;2;5103007|5106109;ponto_barragem_telemetria;openmeteo_ponto;;;;;;66260001;sem_cota_alerta;
35106;Barragem VIII (principal);Nossa Senhora do Livramento;5106109;2026-09-06;6.3;6.9;4.5;55.0;0,4400;0,55;0;openmeteo_ponto;openmeteo_ponto;openmeteo_soil_proxy;hidro_risco_municipal;verde;;;Tempestade;amarelo;;;;;;10.09;openmeteo_glofas_copernicus_ems;2;5103007|5106109;ponto_barragem_telemetria;openmeteo_ponto;;;;;;66260001;sem_cota_alerta;
35115;Barragem XIX;Nossa Senhora do Livramento;5106109;2026-09-06;8.0;9.6;5.4;55.0;0,4400;0,55;0;openmeteo_ponto;openmeteo_ponto;openmeteo_soil_proxy;hidro_risco_municipal;verde;;;Tempestade;amarelo;;;;;;10.09;openmeteo_glofas_copernicus_ems;2;5103007|5106109;ponto_barragem_telemetria;openmeteo_ponto;;;;;;66010000;sem_cota_alerta;
35102;Barragem XVII;Nossa Senhora do Livramento;5106109;2026-09-06;8.0;9.6;5.4;55.0;0,6310;0,55;0;openmeteo_ponto;openmeteo_ponto;openmeteo_soil_proxy;hidro_risco_municipal;verde;;;Tempestade;amarelo;;;;;;10.09;openmeteo_glofas_copernicus_ems;3;5103007|5104906|5106109;ponto_barragem_telemetria;openmeteo_ponto;;;;;;66010000;sem_cota_alerta;
35116;Barragem XVIII;Nossa Senhora do Livramento;5106109;2026-09-06;6.3;6.9;4.5;55.0;0,4400;0,55;0;openmeteo_ponto;openmeteo_ponto;openmeteo_soil_proxy;hidro_risco_municipal;verde;;;Tempestade;amarelo;;;;;;10.09;openmeteo_glofas_copernicus_ems;2;5103007|5106109;ponto_barragem_telemetria;openmeteo_ponto;;;;;;66010000;sem_cota_alerta;
29382;Barragem de Rejeito - Mineração Ouro Fino;Nossa Senhora do Livramento;5106109;2026-09-06;8.5;8.9;9.6;76.1;0,6310;0,490;0;openmeteo_sisclima_fallback;openmeteo_ecmwf_ifs025;openmeteo_soil_proxy;hidro_risco_municipal;verde;;;Tempestade;amarelo;;;;;;10.09;openmeteo_glofas_copernicus_ems;5;5103007|5103403|5104906|5106109|5107701;sede_mais_montante_max;;;;98,0;;200,0;66260006;cota_medida;2026-09-07 10:00:00
578;Barragem de Rejeito Max;Nossa Senhora do Livramento;5106109;2026-09-06;8.5;8.9;9.6;76.1;0,6310;0,55;0;openmeteo_sisclima_fallback;openmeteo_ecmwf_ifs025;openmeteo_soil_proxy;hidro_risco_municipal;verde;;;Tempestade;amarelo;;;;;;10.09;openmeteo_glofas_copernicus_ems;5;5103007|5103403|5104906|5106109|5107701;sede_mais_montante_max;;;;;;;66270000;sem_cota_alerta;
5648;Barragem do Serginho;Nossa Senhora do Livramento;5106109;2026-09-06;8.5;8.9;9.6;76.1;0,6310;0,55;0;openmeteo_sisclima_fallback;openmeteo_ecmwf_ifs025;openmeteo_soil_proxy;hidro_risco_municipal;verde;;;Tempestade;amarelo;;;;;;10.09;openmeteo_glofas_copernicus_ems;5;5103007|5103403|5104906|5106109|5107701;sede_mais_montante_max;;;;;;;66270000;sem_cota_alerta;
27624;Barragem_Valdenir2;Nossa Senhora do Livramento;5106109;2026-09-06;7.8;7.8;3.5;55.0;0,6310;0,490;0;openmeteo_ponto;openmeteo_ponto;openmeteo_soil_proxy;hidro_risco_municipal;verde;;;Tempestade;amarelo;;;;;;10.09;openmeteo_glofas_copernicus_ems;4;5103007|5104906|5106109|5107701;ponto_barragem_telemetria;openmeteo_ponto;;;98,0;;200,0;66260006;cota_medida;2026-09-07 10:00:00
35856;Barramento Salinas 2;Nossa Senhora do Livramento;5106109;2026-09-06;5.6;6.8;3.7;57.7;0,4400;;0;openmeteo_sisclima_fallback;openmeteo_ecmwf_ifs025;openmeteo_soil_proxy;;;;;Tempestade;amarelo;;;;;;;;1;5106109;municipio_sede;;;;;;;66110010;sem_cota_alerta;
19977;Campo Experimental Empaer;Nossa Senhora do Livramento;5106109;2026-09-06;8.5;8.9;9.6;76.1;0,6310;0,490;0;openmeteo_sisclima_fallback;openmeteo_ecmwf_ifs025;openmeteo_soil_proxy;hidro_risco_municipal;verde;;;Tempestade;amarelo;;;;;;10.09;openmeteo_glofas_copernicus_ems;5;5103007|5103403|5104906|5106109|5107701;sede_mais_montante_max;;;;98,0;;200,0;66260006;cota_medida;2026-09-07 10:00:00
8008;Estância Recreio;Nossa Senhora do Livramento;5106109;2026-09-06;6.2;6.2;4.9;55.0;0,6310;0,55;0;openmeteo_ponto;openmeteo_ponto;openmeteo_soil_proxy;hidro_risco_municipal;verde;;;Tempestade;amarelo;;;;;;10.09;openmeteo_glofas_copernicus_ems;4;5103007|5104906|5106109|5107701;ponto_barragem_telemetria;openmeteo_ponto;;;;;;66260001;sem_cota_alerta;
7994;Faz. Cabeça Branca - Barragem 01;Nossa Senhora do Livramento;5106109;2026-09-06;8.0;9.6;5.4;55.0;0,6310;0,55;0;openmeteo_ponto;openmeteo_ponto;openmeteo_soil_proxy;hidro_risco_municipal;verde;;;Tempestade;amarelo;;;;;;10.09;openmeteo_glofas_copernicus_ems;3;5103007|5104906|5106109;ponto_barragem_telemetria;openmeteo_ponto;;;;;;66010000;sem_cota_alerta;
7993;Faz. Cabeça Branca - Barragem 02;Nossa Senhora do Livramento;5106109;2026-09-06;8.0;9.6;5.4;55.0;0,4400;0,55;0;openmeteo_ponto;openmeteo_ponto;openmeteo_soil_proxy;hidro_risco_municipal;verde;;;Tempestade;amarelo;;;;;;10.09;openmeteo_glofas_copernicus_ems;2;5103007|5106109;ponto_barragem_telemetria;openmeteo_ponto;;;;;;66010000;sem_cota_alerta;
7991;Faz. Cabeça Branca - Barragem 04;Nossa Senhora do Livramento;5106109;2026-09-06;8.0;9.6;5.4;55.0;0,4400;0,55;0;openmeteo_ponto;openmeteo_ponto;openmeteo_soil_proxy;hidro_risco_municipal;verde;;;Tempestade;amarelo;;;;;;10.09;openmeteo_glofas_copernicus_ems;2;5103007|5106109;ponto_barragem_telemetria;openmeteo_ponto;;;;;;66010000;sem_cota_alerta;
7990;Faz. Cabeça Branca - Barragem 05;Nossa Senhora do Livramento;5106109;2026-09-06;8.0;9.6;5.4;55.0;0,4400;0,55;0;openmeteo_ponto;openmeteo_ponto;openmeteo_soil_proxy;hidro_risco_municipal;verde;;;Tempestade;amarelo;;;;;;10.09;openmeteo_glofas_copernicus_ems;2;5103007|5106109;ponto_barragem_telemetria;openmeteo_ponto;;;;;;66010000;sem_cota_alerta;
7989;Faz. Cabeça Branca - Barragem 06;Nossa Senhora do Livramento;5106109;2026-09-06;8.0;9.6;5.4;55.0;0,4400;0,55;0;openmeteo_ponto;openmeteo_ponto;openmeteo_soil_proxy;hidro_risco_municipal;verde;;;Tempestade;amarelo;;;;;;10.09;openmeteo_glofas_copernicus_ems;2;5103007|5106109;ponto_barragem_telemetria;openmeteo_ponto;;;;;;66010000;sem_cota_alerta;
7992;Fazenda Cabeça Branca - Barragem 03;Nossa Senhora do Livramento;5106109;2026-09-06;8.0;9.6;5.4;55.0;0,4400;0,55;0;openmeteo_ponto;openmeteo_ponto;openmeteo_soil_proxy;hidro_risco_municipal;verde;;;Tempestade;amarelo;;;;;;10.09;openmeteo_glofas_copernicus_ems;2;5103007|5106109;ponto_barragem_telemetria;openmeteo_ponto;;;;;;66010000;sem_cota_alerta;
20047;Fazenda Murici Sesmaria Molhado;Nossa Senhora do Livramento;5106109;2026-09-06;6.3;6.9;4.5;55.0;0,4400;0,55;0;openmeteo_ponto;openmeteo_ponto;openmeteo_soil_proxy;hidro_risco_municipal;verde;;;Tempestade;amarelo;;;;;;10.09;openmeteo_glofas_copernicus_ems;2;5103007|5106109;ponto_barragem_telemetria;openmeteo_ponto;;;;;;66260001;sem_cota_alerta;
20048;Fazenda Murici Sesmaria Molhado;Nossa Senhora do Livramento;5106109;2026-09-06;6.3;6.9;4.5;55.0;0,4400;0,55;0;openmeteo_ponto;openmeteo_ponto;openmeteo_soil_proxy;hidro_risco_municipal;verde;;;Tempestade;amarelo;;;;;;10.09;openmeteo_glofas_copernicus_ems;2;5103007|5106109;ponto_barragem_telemetria;openmeteo_ponto;;;;;;66260001;sem_cota_alerta;
20049;Fazenda Murici Sesmaria Molhado;Nossa Senhora do Livramento;5106109;2026-09-06;6.3;6.9;4.5;55.0;0,4400;0,55;0;openmeteo_ponto;openmeteo_ponto;openmeteo_soil_proxy;hidro_risco_municipal;verde;;;Tempestade;amarelo;;;;;;10.09;openmeteo_glofas_copernicus_ems;2;5103007|5106109;ponto_barragem_telemetria;openmeteo_ponto;;;;;;66010000;sem_cota_alerta;
22045;JABURU;Nossa Senhora do Livramento;5106109;2026-09-06;5.6;6.8;3.7;57.7;0,4400;;0;openmeteo_sisclima_fallback;openmeteo_ecmwf_ifs025;openmeteo_soil_proxy;;;;;Tempestade;amarelo;;;;;;;;1;5106109;municipio_sede;;;;;;;66270000;sem_cota_alerta;
23802;JABURU 2;Nossa Senhora do Livramento;5106109;2026-09-06;5.6;6.8;3.7;57.7;0,4400;;0;openmeteo_sisclima_fallback;openmeteo_ecmwf_ifs025;openmeteo_soil_proxy;;;;;Tempestade;amarelo;;;;;;;;1;5106109;municipio_sede;;;;;;;66270000;sem_cota_alerta;
29386;LD-01;Nossa Senhora do Livramento;5106109;2026-09-06;5.6;6.8;3.7;57.7;0,4400;0,490;0;openmeteo_sisclima_fallback;openmeteo_ecmwf_ifs025;openmeteo_soil_proxy;;;;;Tempestade;amarelo;;;;;;;;1;5106109;municipio_sede;;;;98,0;;200,0;66260006;cota_medida;2026-09-07 10:00:00
20403;MANÉ;Nossa Senhora do Livramento;5106109;2026-09-06;5.6;6.8;3.7;57.7;0,4400;;0;openmeteo_sisclima_fallback;openmeteo_ecmwf_ifs025;openmeteo_soil_proxy;;;;;Tempestade;amarelo;;;;;;;;1;5106109;municipio_sede;;;;;;;66270000;sem_cota_alerta;
26171;MULTI 1;Nossa Senhora do Livramento;5106109;2026-09-06;6.0;6.0;4.5;55.0;0,6310;0,490;0;openmeteo_ponto;openmeteo_ponto;openmeteo_soil_proxy;hidro_risco_municipal;verde;;;Tempestade;amarelo;;;;;;10.09;openmeteo_glofas_copernicus_ems;4;5103007|5104906|5106109|5107701;ponto_barragem_telemetria;openmeteo_ponto;;;98,0;;200,0;66260006;cota_medida;2026-09-07 10:00:00
29383;Mineração Livramento;Nossa Senhora do Livramento;5106109;2026-09-06;8.5;8.9;9.6;76.1;0,6310;0,490;0;openmeteo_sisclima_fallback;openmeteo_ecmwf_ifs025;openmeteo_soil_proxy;hidro_risco_municipal;verde;;;Tempestade;amarelo;;;;;;10.09;openmeteo_glofas_copernicus_ems;5;5103007|5103403|5104906|5106109|5107701;sede_mais_montante_max;;;;98,0;;200,0;66260006;cota_medida;2026-09-07 10:00:00
340;Piscicultura São Rafael;Nossa Senhora do Livramento;5106109;2026-09-06;8.0;9.6;5.4;55.0;0,6310;0,55;0;openmeteo_ponto;openmeteo_ponto;openmeteo_soil_proxy;hidro_risco_municipal;verde;;;Tempestade;amarelo;;;;;;10.09;openmeteo_glofas_copernicus_ems;3;5103007|5104906|5106109;ponto_barragem_telemetria;openmeteo_ponto;;;;;;66010000;sem_cota_alerta;
22157;Rabo de Bica;Nossa Senhora do Livramento;5106109;2026-09-06;8.5;8.9;9.6;76.1;0,6310;0,55;0;openmeteo_sisclima_fallback;openmeteo_ecmwf_ifs025;openmeteo_soil_proxy;hidro_risco_municipal;verde;;;Tempestade;amarelo;;;;;;10.09;openmeteo_glofas_copernicus_ems;5;5103007|5103403|5104906|5106109|5107701;sede_mais_montante_max;;;;;;;66270000;sem_cota_alerta;
26536;SAAF;Nossa Senhora do Livramento;5106109;2026-09-06;5.6;6.8;3.7;57.7;0,4400;;0;openmeteo_sisclima_fallback;openmeteo_ecmwf_ifs025;openmeteo_soil_proxy;;;;;Tempestade;amarelo;;;;;;;;1;5106109;municipio_sede;;;;;;;66270000;sem_cota_alerta;
31258;Salinas;Nossa Senhora do Livramento;5106109;2026-09-06;5.6;6.8;3.7;57.7;0,4400;;0;openmeteo_sisclima_fallback;openmeteo_ecmwf_ifs025;openmeteo_soil_proxy;;;;;Tempestade;amarelo;;;;;;;;1;5106109;municipio_sede;;;;;;;66110010;sem_cota_alerta;
5563;Santa Maria;Nossa Senhora do Livramento;5106109;2026-09-06;6.0;6.0;4.5;55.0;0,6310;0,55;0;openmeteo_ponto;openmeteo_ponto;openmeteo_soil_proxy;hidro_risco_municipal;verde;;;Tempestade;amarelo;;;;;;10.09;openmeteo_glofas_copernicus_ems;4;5103007|5104906|5106109|5107701;ponto_barragem_telemetria;openmeteo_ponto;;;;;;66260001;sem_cota_alerta;
5645;Santa Tereza;Nossa Senhora do Livramento;5106109;2026-09-06;8.5;8.9;9.6;76.1;0,6310;0,490;0;openmeteo_sisclima_fallback;openmeteo_ecmwf_ifs025;openmeteo_soil_proxy;hidro_risco_municipal;verde;;;Tempestade;amarelo;;;;;;10.09;openmeteo_glofas_copernicus_ems;5;5103007|5103403|5104906|5106109|5107701;sede_mais_montante_max;;;;98,0;;200,0;66260006;cota_medida;2026-09-07 10:00:00
5646;Santa Tereza II;Nossa Senhora do Livramento;5106109;2026-09-06;8.5;8.9;9.6;76.1;0,6310;0,490;0;openmeteo_sisclima_fallback;openmeteo_ecmwf_ifs025;openmeteo_soil_proxy;hidro_risco_municipal;verde;;;Tempestade;amarelo;;;;;;10.09;openmeteo_glofas_copernicus_ems;5;5103007|5103403|5104906|5106109|5107701;sede_mais_montante_max;;;;98,0;;200,0;66260006;cota_medida;2026-09-07 10:00:00
26538;Sitio Pirapora;Nossa Senhora do Livramento;5106109;2026-09-06;6.2;6.2;4.9;55.0;0,6310;0,55;0;openmeteo_ponto;openmeteo_ponto;openmeteo_soil_proxy;hidro_risco_municipal;verde;;;Tempestade;amarelo;;;;;;10.09;openmeteo_glofas_copernicus_ems;4;5103007|5104906|5106109|5107701;ponto_barragem_telemetria;openmeteo_ponto;;;;;;66260001;sem_cota_alerta;
1282;TB01;Nossa Senhora do Livramento;5106109;2026-09-06;5.6;6.8;3.7;57.7;0,4400;;0;openmeteo_sisclima_fallback;openmeteo_ecmwf_ifs025;openmeteo_soil_proxy;;;;;Tempestade;amarelo;;;;;;;;1;5106109;municipio_sede;;;;;;;66110010;sem_cota_alerta;
26267;Tadeu;Nossa Senhora do Livramento;5106109;2026-09-06;8.5;8.9;9.6;76.1;0,6310;0,55;0;openmeteo_sisclima_fallback;openmeteo_ecmwf_ifs025;openmeteo_soil_proxy;hidro_risco_municipal;verde;;;Tempestade;amarelo;;;;;;10.09;openmeteo_glofas_copernicus_ems;5;5103007|5103403|5104906|5106109|5107701;sede_mais_montante_max;;;;;;;66270000;sem_cota_alerta;
33358;Taquaral II;Nossa Senhora do Livramento;5106109;2026-09-06;5.6;6.8;3.7;57.7;0,4400;;0;openmeteo_sisclima_fallback;openmeteo_ecmwf_ifs025;openmeteo_soil_proxy;;;;;Tempestade;amarelo;;;;;;;;1;5106109;municipio_sede;;;;;;;66110010;sem_cota_alerta;
29376;VALE DO OURO;Nossa Senhora do Livramento;5106109;2026-09-06;5.6;6.8;3.7;57.7;0,4400;;0;openmeteo_sisclima_fallback;openmeteo_ecmwf_ifs025;openmeteo_soil_proxy;;;;;Tempestade;amarelo;;;;;;;;1;5106109;municipio_sede;;;;;;;66270000;sem_cota_alerta;
26231;VALE GOLD;Nossa Senhora do Livramento;5106109;2026-09-06;5.6;6.8;3.7;57.7;0,4400;;0;openmeteo_sisclima_fallback;openmeteo_ecmwf_ifs025;openmeteo_soil_proxy;;;;;Tempestade;amarelo;;;;;;;;1;5106109;municipio_sede;;;;;;;66270000;sem_cota_alerta;
27627;Barragem Novo Astro;Nova Bandeirantes;5106158;2026-09-06;3.4;13.7;1.7;43.0;1,0000;;0;openmeteo_sisclima_fallback;openmeteo_ecmwf_ifs025;openmeteo_soil_proxy;;;;;Tempestade;amarelo;;;;;;;;1;5106158;municipio_sede;;;;;;;;;
27549;Novo Astro I;Nova Bandeirantes;5106158;2026-09-06;3.4;13.7;1.7;43.0;1,0000;;0;openmeteo_sisclima_fallback;openmeteo_ecmwf_ifs025;openmeteo_soil_proxy;;;;;Tempestade;amarelo;;;;;;;;1;5106158;municipio_sede;;;;;;;;;
20119;Faz. Olho d'Água;Nova Canaã do Norte;5106216;2026-09-06;17.9;30.5;7.2;97.2;1,0000;0,55;0;openmeteo_sisclima_fallback;openmeteo_ecmwf_ifs025;openmeteo_soil_proxy;hidro_risco_municipal;verde;;;Tempestade;amarelo;;;;;;44.39;openmeteo_glofas_copernicus_ems;7;5104526|5105259|5106216|5107768|5107925|5108006|5108501;sede_mais_montante_max;;;;;;;01055005;sem_cota_alerta;
20114;Faz. Telles Pires;Nova Canaã do Norte;5106216;2026-09-06;17.9;30.5;3.5;97.2;1,0000;;0;openmeteo_sisclima_fallback;openmeteo_ecmwf_ifs025;openmeteo_soil_proxy;;;;;Tempestade;amarelo;;;;;;;;1;5106216;municipio_sede;;;;;;;01055005;sem_cota_alerta;
20033;Fazenda Eldorado;Nova Canaã do Norte;5106216;2026-09-06;17.9;30.5;10.2;97.2;1,0000;0,55;0;openmeteo_sisclima_fallback;openmeteo_ecmwf_ifs025;openmeteo_soil_proxy;hidro_risco_municipal;verde;;;Tempestade;amarelo;;;;;;44.39;openmeteo_glofas_copernicus_ems;9;5104526|5104559|5105259|5106216|5107768|5107909|5107925|5108006|5108501;sede_mais_montante_max;;;;;;;17340200;sem_cota_alerta;
35726;Fazenda Olho D'Água - Barramento 1;Nova Canaã do Norte;5106216;2026-09-06;17.9;30.5;7.2;97.2;1,0000;0,55;0;openmeteo_sisclima_fallback;openmeteo_ecmwf_ifs025;openmeteo_soil_proxy;hidro_risco_municipal;verde;;;Tempestade;amarelo;;;;;;44.39;openmeteo_glofas_copernicus_ems;7;5104526|5105259|5106216|5107768|5107925|5108006|5108501;sede_mais_montante_max;;;;;;;01055005;sem_cota_alerta;
35727;Fazenda Olho D'Água - Barramento 2;Nova Canaã do Norte;5106216;2026-09-06;17.9;30.5;7.2;97.2;1,0000;0,55;0;openmeteo_sisclima_fallback;openmeteo_ecmwf_ifs025;openmeteo_soil_proxy;hidro_risco_municipal;verde;;;Tempestade;amarelo;;;;;;44.39;openmeteo_glofas_copernicus_ems;7;5104526|5105259|5106216|5107768|5107925|5108006|5108501;sede_mais_montante_max;;;;;;;01055005;sem_cota_alerta;
4814;UHE Colíder - Colíder;Nova Canaã do Norte;5106216;2026-09-06;17.9;30.5;3.5;97.2;1,0000;;0;openmeteo_sisclima_fallback;openmeteo_ecmwf_ifs025;openmeteo_soil_proxy;;;;;Tempestade;amarelo;;;;;;;;1;5106216;municipio_sede;;;;;;;17305000;sem_cota_alerta;
1263;B5;Nova Lacerda;5106182;2026-09-06;8.4;14.6;0.6;74.6;0,8210;;0;openmeteo_sisclima_fallback;openmeteo_ecmwf_ifs025;openmeteo_soil_proxy;;;;;Tempestade;amarelo;;;;;;;;2;5103361|5106182;sede_mais_montante_max;;;;;;;15121500;sem_cota_alerta;
35857;BARRAGEM FORTALEZA;Nova Lacerda;5106182;2026-09-06;8.4;14.8;1.5;74.6;1,0000;0,55;0;openmeteo_sisclima_fallback;openmeteo_ecmwf_ifs025;openmeteo_soil_proxy;hidro_risco_municipal;verde;;;Tempestade;amarelo;;;;;;;;5;5103361|5105507|5106182|5106752|5108352;sede_mais_montante_max;;;;;;;15121500;sem_cota_alerta;
36068;BARRAGEM TRIUNFO IV;Nova Lacerda;5106182;2026-09-06;7.3;12.6;0.2;71.1;0,8210;;0;openmeteo_sisclima_fallback;openmeteo_ecmwf_ifs025;openmeteo_soil_proxy;;;;;Tempestade;amarelo;;;;;;;;1;5106182;municipio_sede;;;;;;;15121500;sem_cota_alerta;
35120;Barragem Sankara;Nova Lacerda;5106182;2026-09-06;8.4;14.6;0.6;74.6;0,8210;;0;openmeteo_sisclima_fallback;openmeteo_ecmwf_ifs025;openmeteo_soil_proxy;;;;;Tempestade;amarelo;;;;;;;;2;5103361|5106182;sede_mais_montante_max;;;;;;;15121000;sem_cota_alerta;
34225;CGH Fazenda Galera 1 - Galera 1A;Nova Lacerda;5106182;2026-09-06;7.3;12.6;0.2;71.1;0,8210;;0;openmeteo_sisclima_fallback;openmeteo_ecmwf_ifs025;openmeteo_soil_proxy;;;;;Tempestade;amarelo;;;;;;;;1;5106182;municipio_sede;;;;;;;15121000;sem_cota_alerta;
24107;CGH MAX-01 (Nova Lacerda)  - NOVA LACERDA;Nova Lacerda;5106182;2026-09-06;7.3;12.6;0.2;71.1;0,8210;;0;openmeteo_sisclima_fallback;openmeteo_ecmwf_ifs025;openmeteo_soil_proxy;;;;;Tempestade;amarelo;;;;;;;;1;5106182;municipio_sede;;;;;;;15121500;sem_cota_alerta;
34043;CGH Saxão - principal;Nova Lacerda;5106182;2026-09-06;7.3;12.6;0.2;71.1;0,8210;;0;openmeteo_sisclima_fallback;openmeteo_ecmwf_ifs025;openmeteo_soil_proxy;;;;;Tempestade;amarelo;;;;;;;;1;5106182;municipio_sede;;;;;;;15120500;sem_cota_alerta;
4256;PCH Salto Corgão - Salto Corgão;Nova Lacerda;5106182;2026-09-06;7.3;12.6;0.2;71.1;0,8210;;0;openmeteo_sisclima_fallback;openmeteo_ecmwf_ifs025;openmeteo_soil_proxy;;;;;Tempestade;amarelo;;;;;;;;1;5106182;municipio_sede;;;;;;;15121000;sem_cota_alerta;
36532;Barragem Gran Fish - Jusante;Nova Marilândia;5108857;2026-09-06;5.3;7.0;1.0;56.3;0,7500;;0;openmeteo_sisclima_fallback;openmeteo_ecmwf_ifs025;openmeteo_soil_proxy;;;;;Tempestade;amarelo;;;;;;;;1;5108857;municipio_sede;;;;;;;66005950;sem_cota_alerta;
36533;Barragem Gran Fish – Montante;Nova Marilândia;5108857;2026-09-06;5.3;7.0;1.0;56.3;0,7500;;0;openmeteo_sisclima_fallback;openmeteo_ecmwf_ifs025;openmeteo_soil_proxy;;;;;Tempestade;amarelo;;;;;;;;1;5108857;municipio_sede;;;;;;;66005950;sem_cota_alerta;
30884;Barragem na Fazenda Paulista III;Nova Marilândia;5108857;2026-09-06;5.3;7.0;1.0;56.3;0,7500;;0;openmeteo_sisclima_fallback;openmeteo_ecmwf_ifs025;openmeteo_soil_proxy;;;;;Tempestade;amarelo;;;;;;;;1;5108857;municipio_sede;;;;;;;66005950;sem_cota_alerta;
4218;PCH Maracanã - Córrego Maracanã;Nova Marilândia;5108857;2026-09-06;5.3;7.0;1.0;56.3;0,7500;;0;openmeteo_sisclima_fallback;openmeteo_ecmwf_ifs025;openmeteo_soil_proxy;;;;;Tempestade;amarelo;;;;;;;;2;5107263|5108857;sede_mais_montante_max;;;;;;;66025000;sem_cota_alerta;
20146;Sítio São José;Nova Marilândia;5108857;2026-09-06;5.3;7.0;1.0;56.3;0,7500;;0;openmeteo_sisclima_fallback;openmeteo_ecmwf_ifs025;openmeteo_soil_proxy;;;;;Tempestade;amarelo;;;;;;;;1;5108857;municipio_sede;;;;;;;66005950;sem_cota_alerta;
35166;Barramento (montante) - Fazenda Ranchinho;Nova Maringá;5108907;2026-09-06;8.9;10.4;3.1;78.2;0,9190;;0;openmeteo_sisclima_fallback;openmeteo_ecmwf_ifs025;openmeteo_soil_proxy;;;;;Tempestade;amarelo;;;;;;;;1;5108907;municipio_sede;;;;;;;17093600;sem_cota_alerta;
35025;CGH DUAS PONTES - Barramento Duas Pontes;Nova Maringá;5108907;2026-09-06;8.9;10.4;3.1;78.2;0,9190;;0;openmeteo_sisclima_fallback;openmeteo_ecmwf_ifs025;openmeteo_soil_proxy;;;;;Tempestade;amarelo;;;;;;;;1;5108907;municipio_sede;;;;;;;17099100;sem_cota_alerta;
7988;Faz. Ponte de Pedra;Nova Maringá;5108907;2026-09-06;8.9;10.4;3.1;78.2;0,9190;;0;openmeteo_sisclima_fallback;openmeteo_ecmwf_ifs025;openmeteo_soil_proxy;;;;;Tempestade;amarelo;;;;;;;;1;5108907;municipio_sede;;;;;;;01357012;sem_cota_alerta;
36474;Fazenda Centro Oeste;Nova Maringá;5108907;2026-09-06;8.9;10.4;3.1;78.2;0,9190;;0;openmeteo_sisclima_fallback;openmeteo_ecmwf_ifs025;openmeteo_soil_proxy;;;;;Tempestade;amarelo;;;;;;;;1;5108907;municipio_sede;;;;;;;01357012;sem_cota_alerta;
35165;Fazenda Ranchinho ? Barramento (Principal);Nova Maringá;5108907;2026-09-06;8.9;10.4;3.1;78.2;0,9190;;0;openmeteo_sisclima_fallback;openmeteo_ecmwf_ifs025;openmeteo_soil_proxy;;;;;Tempestade;amarelo;;;;;;;;1;5108907;municipio_sede;;;;;;;17093600;sem_cota_alerta;
23632;Massa d'Água #203851;Nova Maringá;5108907;2026-09-06;8.9;10.4;3.1;78.2;0,9190;;0;openmeteo_sisclima_fallback;openmeteo_ecmwf_ifs025;openmeteo_soil_proxy;;;;;Tempestade;amarelo;;;;;;;;1;5108907;municipio_sede;;;;;;;17093500;sem_cota_alerta;
4172;PCH Garganta da Jararaca - Garganta da Jararaca;Nova Maringá;5108907;2026-09-06;8.9;10.4;3.1;78.2;0,9190;;0;openmeteo_sisclima_fallback;openmeteo_ecmwf_ifs025;openmeteo_soil_proxy;;;;;Tempestade;amarelo;;;;;;;;1;5108907;municipio_sede;;;;;;;17093600;sem_cota_alerta;
4278;PCH Inxú - S/N;Nova Maringá;5108907;2026-09-06;8.9;10.4;3.1;78.2;0,9190;;0;openmeteo_sisclima_fallback;openmeteo_ecmwf_ifs025;openmeteo_soil_proxy;;;;;Tempestade;amarelo;;;;;;;;1;5108907;municipio_sede;;;;;;;17093750;sem_cota_alerta;
31665;Barramento Fazenda Sossego 2;Nova Mutum;5106224;2026-09-06;3.8;5.3;8.1;45.8;0,9940;0,55;0;openmeteo_sisclima_fallback;openmeteo_ecmwf_ifs025;openmeteo_soil_proxy;hidro_risco_municipal;verde;;;Tempestade;amarelo;verde;;;;;;;3;5105903|5106224|5107305;sede_mais_montante_max;;;;;;;17250550;sem_cota_alerta;
20078;Faz. Karnoski;Nova Mutum;5106224;2026-09-06;3.7;4.7;3.0;44.4;0,6790;0,55;0;openmeteo_sisclima_fallback;openmeteo_ecmwf_ifs025;openmeteo_soil_proxy;hidro_risco_municipal;verde;;;Tempestade;amarelo;verde;;;;;;;1;5106224;municipio_sede;;;;;;;17240900;sem_cota_alerta;
8023;Faz. Mafra - Barragem 01;Nova Mutum;5106224;2026-09-06;3.8;5.3;8.1;45.8;0,9940;0,55;0;openmeteo_sisclima_fallback;openmeteo_ecmwf_ifs025;openmeteo_soil_proxy;hidro_risco_municipal;verde;;;Tempestade;amarelo;verde;;;;;;;3;5105903|5106224|5107305;sede_mais_montante_max;;;;;;;17250550;sem_cota_alerta;
8027;Faz. Mafra - Barragem 02;Nova Mutum;5106224;2026-09-06;3.8;5.3;8.1;45.8;0,9940;0,55;0;openmeteo_sisclima_fallback;openmeteo_ecmwf_ifs025;openmeteo_soil_proxy;hidro_risco_municipal;verde;;;Tempestade;amarelo;verde;;;;;;;3;5105903|5106224|5107305;sede_mais_montante_max;;;;;;;17250550;sem_cota_alerta;
8019;Faz. Mafra - Barragem 03;Nova Mutum;5106224;2026-09-06;3.7;4.7;3.0;44.4;0,6790;0,55;0;openmeteo_sisclima_fallback;openmeteo_ecmwf_ifs025;openmeteo_soil_proxy;hidro_risco_municipal;verde;;;Tempestade;amarelo;verde;;;;;;;1;5106224;municipio_sede;;;;;;;17250550;sem_cota_alerta;
8015;Faz. Porta do Céu;Nova Mutum;5106224;2026-09-06;3.8;5.3;8.1;45.8;0,9940;0,55;0;openmeteo_sisclima_fallback;openmeteo_ecmwf_ifs025;openmeteo_soil_proxy;hidro_risco_municipal;verde;;;Tempestade;amarelo;verde;;;;;;;3;5105903|5106224|5107305;sede_mais_montante_max;;;;194,0;70,41;;17099500;contexto_somente;2026-09-07 09:45:00
8018;Faz. Propecus - Lagoa 02;Nova Mutum;5106224;2026-09-06;3.8;5.3;8.1;45.8;0,9940;0,55;0;openmeteo_sisclima_fallback;openmeteo_ecmwf_ifs025;openmeteo_soil_proxy;hidro_risco_municipal;verde;;;Tempestade;amarelo;verde;;;;;;;3;5105903|5106224|5107305;sede_mais_montante_max;;;;;;;17250550;sem_cota_alerta;
8020;Faz. Propecus - Lagoa 04;Nova Mutum;5106224;2026-09-06;3.8;5.3;8.1;45.8;0,9940;0,55;0;openmeteo_sisclima_fallback;openmeteo_ecmwf_ifs025;openmeteo_soil_proxy;hidro_risco_municipal;verde;;;Tempestade;amarelo;verde;;;;;;;3;5105903|5106224|5107305;sede_mais_montante_max;;;;;;;17250550;sem_cota_alerta;
36499;Fazenda Buriti  - Barramento Montante 1;Nova Mutum;5106224;2026-09-06;3.7;4.7;8.1;44.4;0,6790;0,55;0;openmeteo_sisclima_fallback;openmeteo_ecmwf_ifs025;openmeteo_soil_proxy;hidro_risco_municipal;verde;;;Tempestade;amarelo;verde;;;;;;;2;5105903|5106224;sede_mais_montante_max;;;;;;;17240900;sem_cota_alerta;
36498;Fazenda Buriti  - Barramento Principal;Nova Mutum;5106224;2026-09-06;3.7;4.7;8.1;44.4;0,6790;0,55;0;openmeteo_sisclima_fallback;openmeteo_ecmwf_ifs025;openmeteo_soil_proxy;hidro_risco_municipal;verde;;;Tempestade;amarelo;verde;;;;;;;2;5105903|5106224;sede_mais_montante_max;;;;;;;17240900;sem_cota_alerta;
36500;Fazenda Buriti ? Barramento Montante 2;Nova Mutum;5106224;2026-09-06;3.7;4.7;8.1;44.4;0,6790;0,55;0;openmeteo_sisclima_fallback;openmeteo_ecmwf_ifs025;openmeteo_soil_proxy;hidro_risco_municipal;verde;;;Tempestade;amarelo;verde;;;;;;;2;5105903|5106224;sede_mais_montante_max;;;;;;;17240900;sem_cota_alerta;
20071;Fazenda Faccio;Nova Mutum;5106224;2026-09-06;3.7;4.7;3.0;44.4;0,6790;0,55;0;openmeteo_sisclima_fallback;openmeteo_ecmwf_ifs025;openmeteo_soil_proxy;hidro_risco_municipal;verde;;;Tempestade;amarelo;verde;;;;;;;1;5106224;municipio_sede;;;;;;;17250550;sem_cota_alerta;
20037;Fazenda Guri e Guri I;Nova Mutum;5106224;2026-09-06;3.8;5.3;8.1;45.8;0,9940;0,55;0;openmeteo_sisclima_fallback;openmeteo_ecmwf_ifs025;openmeteo_soil_proxy;hidro_risco_municipal;verde;;;Tempestade;amarelo;verde;;;;;;;3;5105903|5106224|5107305;sede_mais_montante_max;;;;;;;17250550;sem_cota_alerta;
20148;Fazenda Progresso;Nova Mutum;5106224;2026-09-06;3.7;4.7;8.1;44.4;0,6790;0,55;0;openmeteo_sisclima_fallback;openmeteo_ecmwf_ifs025;openmeteo_soil_proxy;hidro_risco_municipal;verde;;;Tempestade;amarelo;verde;;;;;;;2;5105903|5106224;sede_mais_montante_max;;;;;;;17098550;sem_cota_alerta;
36510;Fazenda Sossego;Nova Mutum;5106224;2026-09-06;3.8;5.3;8.1;45.8;0,9940;0,55;0;openmeteo_sisclima_fallback;openmeteo_ecmwf_ifs025;openmeteo_soil_proxy;hidro_risco_municipal;verde;;;Tempestade;amarelo;verde;;;;;;;3;5105903|5106224|5107305;sede_mais_montante_max;;;;;;;17250550;sem_cota_alerta;
20176;Fazenda São José;Nova Mutum;5106224;2026-09-06;3.7;4.7;3.0;44.4;0,6790;0,55;0;openmeteo_sisclima_fallback;openmeteo_ecmwf_ifs025;openmeteo_soil_proxy;hidro_risco_municipal;verde;;;Tempestade;amarelo;verde;;;;;;;1;5106224;municipio_sede;;;;;;;17240900;sem_cota_alerta;
31629;Lago Azul;Nova Mutum;5106224;2026-09-06;3.8;5.3;8.1;45.8;0,9940;0,55;0;openmeteo_sisclima_fallback;openmeteo_ecmwf_ifs025;openmeteo_soil_proxy;hidro_risco_municipal;verde;;;Tempestade;amarelo;verde;;;;;;;3;5105903|5106224|5107305;sede_mais_montante_max;;;;;;;17250550;sem_cota_alerta;
4818;PCH Nova Mutum - PCH Nova Mutum;Nova Mutum;5106224;2026-09-06;3.7;4.7;3.0;44.4;0,6790;0,55;0;openmeteo_sisclima_fallback;openmeteo_ecmwf_ifs025;openmeteo_soil_proxy;hidro_risco_municipal;verde;;;Tempestade;amarelo;verde;;;;;;;1;5106224;municipio_sede;;;;;;;17250500;sem_cota_alerta;
30962;Barramento 1 - Fazenda Guanabara – Gleba A;Nova Olímpia;5106232;2026-09-06;11.3;13.4;2.2;85.9;0,6190;;0;openmeteo_sisclima_fallback;openmeteo_ecmwf_ifs025;openmeteo_soil_proxy;;;;;Tempestade;amarelo;;;;;;;;1;5106232;municipio_sede;;;;;;;66008500;sem_cota_alerta;
7982;Faz. Triângulo - Reservatório 01;Nova Olímpia;5106232;2026-09-06;11.3;13.4;2.2;85.9;0,6190;;0;openmeteo_sisclima_fallback;openmeteo_ecmwf_ifs025;openmeteo_soil_proxy;;;;;Tempestade;amarelo;;;;;;;;1;5106232;municipio_sede;;;;;;;66008500;sem_cota_alerta;
7981;Faz. Triângulo - Reservatório 02;Nova Olímpia;5106232;2026-09-06;11.3;13.4;2.2;85.9;0,6190;;0;openmeteo_sisclima_fallback;openmeteo_ecmwf_ifs025;openmeteo_soil_proxy;;;;;Tempestade;amarelo;;;;;;;;1;5106232;municipio_sede;;;;;;;66008500;sem_cota_alerta;
7979;Faz. Triângulo - Reservatório 03;Nova Olímpia;5106232;2026-09-06;11.3;13.4;2.2;85.9;0,6190;;0;openmeteo_sisclima_fallback;openmeteo_ecmwf_ifs025;openmeteo_soil_proxy;;;;;Tempestade;amarelo;;;;;;;;1;5106232;municipio_sede;;;;;;;66008500;sem_cota_alerta;
7980;Faz. Triângulo - Reservatório 04 / 05 / 13;Nova Olímpia;5106232;2026-09-06;11.3;13.4;2.2;85.9;0,6190;;0;openmeteo_sisclima_fallback;openmeteo_ecmwf_ifs025;openmeteo_soil_proxy;;;;;Tempestade;amarelo;;;;;;;;1;5106232;municipio_sede;;;;;;;66008500;sem_cota_alerta;
7978;Faz. Triângulo - Reservatório 06 / 10 / 11;Nova Olímpia;5106232;2026-09-06;11.3;13.4;2.2;85.9;0,6190;;0;openmeteo_sisclima_fallback;openmeteo_ecmwf_ifs025;openmeteo_soil_proxy;;;;;Tempestade;amarelo;;;;;;;;1;5106232;municipio_sede;;;;;;;66008500;sem_cota_alerta;
7983;Faz. Triângulo - Reservatório 12;Nova Olímpia;5106232;2026-09-06;11.3;13.4;2.2;85.9;0,6190;;0;openmeteo_sisclima_fallback;openmeteo_ecmwf_ifs025;openmeteo_soil_proxy;;;;;Tempestade;amarelo;;;;;;;;1;5106232;municipio_sede;;;;;;;66008500;sem_cota_alerta;
20125;Fazenda Guanabara;Nova Olímpia;5106232;2026-09-06;11.3;13.4;2.2;85.9;1,0000;;0;openmeteo_sisclima_fallback;openmeteo_ecmwf_ifs025;openmeteo_soil_proxy;;;;;Tempestade;amarelo;;;;;;;;2;5106232|5107958;sede_mais_montante_max;;;;;;;66008500;sem_cota_alerta;
7977;Fazenda Triangulo;Nova Olímpia;5106232;2026-09-06;11.3;13.4;2.2;85.9;0,6190;;0;openmeteo_sisclima_fallback;openmeteo_ecmwf_ifs025;openmeteo_soil_proxy;;;;;Tempestade;amarelo;;;;;;;;1;5106232;municipio_sede;;;;;;;66010000;sem_cota_alerta;
30886;UISA A;Nova Olímpia;5106232;2026-09-06;11.3;13.4;2.2;85.9;1,0000;;0;openmeteo_sisclima_fallback;openmeteo_ecmwf_ifs025;openmeteo_soil_proxy;;;;;Tempestade;amarelo;;;;;;;;2;5106232|5107958;sede_mais_montante_max;;;;;;;66008500;sem_cota_alerta;
8079;BARRAGEM  BLOCO NORTE;Nova Santa Helena;5106190;2026-09-06;3.1;4.8;10.7;40.8;1,0000;;0;openmeteo_sisclima_fallback;openmeteo_ecmwf_ifs025;openmeteo_soil_proxy;;;;;Tempestade;amarelo;;;;;;;;1;5106190;municipio_sede;;;;;;;17343010;sem_cota_alerta;
35160;BARRAGEM SANTA TEREZINHA;Nova Santa Helena;5106190;2026-09-06;3.1;4.8;10.7;40.8;1,0000;;0;openmeteo_sisclima_fallback;openmeteo_ecmwf_ifs025;openmeteo_soil_proxy;;;;;Tempestade;amarelo;;;;;;;;1;5106190;municipio_sede;;;;;;;17291000;sem_cota_alerta;
22041;Dorival;Nova Santa Helena;5106190;2026-09-06;3.1;4.8;10.7;40.8;1,0000;;0;openmeteo_sisclima_fallback;openmeteo_ecmwf_ifs025;openmeteo_soil_proxy;;;;;Tempestade;amarelo;;;;;;;;1;5106190;municipio_sede;;;;;;;17291000;sem_cota_alerta;
26537;Gilmar Mioranza;Nova Santa Helena;5106190;2026-09-06;3.1;4.8;10.7;40.8;1,0000;;0;openmeteo_sisclima_fallback;openmeteo_ecmwf_ifs025;openmeteo_soil_proxy;;;;;Tempestade;amarelo;;;;;;;;1;5106190;municipio_sede;;;;;;;17291000;sem_cota_alerta;
26331;Prefeitura Municipal de Nova Santa Helena;Nova Santa Helena;5106190;2026-09-06;3.1;4.8;10.7;40.8;1,0000;;0;openmeteo_sisclima_fallback;openmeteo_ecmwf_ifs025;openmeteo_soil_proxy;;;;;Tempestade;amarelo;;;;;;;;1;5106190;municipio_sede;;;;;;;17291000;sem_cota_alerta;
22158;Santa Helena;Nova Santa Helena;5106190;2026-09-06;3.1;4.8;10.7;40.8;1,0000;;0;openmeteo_sisclima_fallback;openmeteo_ecmwf_ifs025;openmeteo_soil_proxy;;;;;Tempestade;amarelo;;;;;;;;1;5106190;municipio_sede;;;;;;;17291000;sem_cota_alerta;
338;Barragem A2;Nova Ubiratã;5106240;2026-09-06;1.2;3.5;7.5;23.9;0,9160;;0;openmeteo_sisclima_fallback;openmeteo_ecmwf_ifs025;openmeteo_soil_proxy;;;;;Tempestade;amarelo;;;;;;;;1;5106240;municipio_sede;;;;;;;18422400;sem_cota_alerta;
35149;Barragem Fazenda Tocantins;Nova Ubiratã;5106240;2026-09-06;3.8;4.3;7.5;45.8;0,9160;;0;openmeteo_sisclima_fallback;openmeteo_ecmwf_ifs025;openmeteo_soil_proxy;;;;;Tempestade;amarelo;;;;;;;;2;5101837|5106240;sede_mais_montante_max;;;;;;;18422600;sem_cota_alerta;
34995;Barramento I – Fazenda Futura;Nova Ubiratã;5106240;2026-09-06;1.2;3.5;7.5;23.9;0,9160;;0;openmeteo_sisclima_fallback;openmeteo_ecmwf_ifs025;openmeteo_soil_proxy;;;;;Tempestade;amarelo;;;;;;;;1;5106240;municipio_sede;;;;;;;18422400;sem_cota_alerta;
26535;FAZENDA NOSSA SENHORA APARECIDA;Nova Ubiratã;5106240;2026-09-06;1.2;3.5;7.5;23.9;0,9160;;0;openmeteo_sisclima_fallback;openmeteo_ecmwf_ifs025;openmeteo_soil_proxy;;;;;Tempestade;amarelo;;;;;;;;1;5106240;municipio_sede;;;;;;;18422500;sem_cota_alerta;
20088;Faz. Boca da Mata;Nova Ubiratã;5106240;2026-09-06;1.2;3.5;7.5;23.9;0,9160;;0;openmeteo_sisclima_fallback;openmeteo_ecmwf_ifs025;openmeteo_soil_proxy;;;;;Tempestade;amarelo;;;;;;;;1;5106240;municipio_sede;;;;;;;18422400;sem_cota_alerta;
8092;Faz. Sopave;Nova Ubiratã;5106240;2026-09-06;1.2;3.5;7.5;23.9;0,9160;;0;openmeteo_sisclima_fallback;openmeteo_ecmwf_ifs025;openmeteo_soil_proxy;;;;;Tempestade;amarelo;;;;;;;;1;5106240;municipio_sede;;;;;;;01355007;sem_cota_alerta;
20764;Fazenda Alvorada;Nova Ubiratã;5106240;2026-09-06;1.2;3.5;7.5;23.9;0,9160;;0;openmeteo_sisclima_fallback;openmeteo_ecmwf_ifs025;openmeteo_soil_proxy;;;;;Tempestade;amarelo;;;;;;;;1;5106240;municipio_sede;;;;;;;18422500;sem_cota_alerta;
36627;Fazenda Concorcia;Nova Ubiratã;5106240;2026-09-06;1.2;3.5;7.5;23.9;0,9160;;0;openmeteo_sisclima_fallback;openmeteo_ecmwf_ifs025;openmeteo_soil_proxy;;;;;Tempestade;amarelo;;;;;;;;1;5106240;municipio_sede;;;;;;;18422500;sem_cota_alerta;
36632;Fazenda Concordia - Reservatório 2;Nova Ubiratã;5106240;2026-09-06;1.2;3.5;7.5;23.9;0,9160;;0;openmeteo_sisclima_fallback;openmeteo_ecmwf_ifs025;openmeteo_soil_proxy;;;;;Tempestade;amarelo;;;;;;;;1;5106240;municipio_sede;;;;;;;18422500;sem_cota_alerta;
35490;Fazenda Futura ? Barramento VI;Nova Ubiratã;5106240;2026-09-06;1.2;3.5;7.5;23.9;0,9160;;0;openmeteo_sisclima_fallback;openmeteo_ecmwf_ifs025;openmeteo_soil_proxy;;;;;Tempestade;amarelo;;;;;;;;1;5106240;municipio_sede;;;;;;;18422400;sem_cota_alerta;
8062;Fazenda Nossa Senhora Aparecida;Nova Ubiratã;5106240;2026-09-06;1.2;3.5;7.5;23.9;0,9160;;0;openmeteo_sisclima_fallback;openmeteo_ecmwf_ifs025;openmeteo_soil_proxy;;;;;Tempestade;amarelo;;;;;;;;1;5106240;municipio_sede;;;;;;;18422400;sem_cota_alerta;
20086;Fazenda Nossa Senhora Aparecida;Nova Ubiratã;5106240;2026-09-06;1.2;3.5;7.5;23.9;0,9160;;0;openmeteo_sisclima_fallback;openmeteo_ecmwf_ifs025;openmeteo_soil_proxy;;;;;Tempestade;amarelo;;;;;;;;1;5106240;municipio_sede;;;;;;;18422500;sem_cota_alerta;
26533;Fazenda Nossa Senhora Aparecida;Nova Ubiratã;5106240;2026-09-06;1.2;3.5;7.5;23.9;0,9160;;0;openmeteo_sisclima_fallback;openmeteo_ecmwf_ifs025;openmeteo_soil_proxy;;;;;Tempestade;amarelo;;;;;;;;1;5106240;municipio_sede;;;;;;;18422400;sem_cota_alerta;
5904;Fazenda Orion;Nova Ubiratã;5106240;2026-09-06;1.2;3.5;7.5;23.9;0,9160;;0;openmeteo_sisclima_fallback;openmeteo_ecmwf_ifs025;openmeteo_soil_proxy;;;;;Tempestade;amarelo;;;;;;;;1;5106240;municipio_sede;;;;;;;18422400;sem_cota_alerta;
8058;Fazenda Parauna;Nova Ubiratã;5106240;2026-09-06;1.2;3.5;7.5;23.9;0,9160;;0;openmeteo_sisclima_fallback;openmeteo_ecmwf_ifs025;openmeteo_soil_proxy;;;;;Tempestade;amarelo;;;;;;;;1;5106240;municipio_sede;;;;;;;17277500;sem_cota_alerta;
30879;Fazenda Paraúna;Nova Ubiratã;5106240;2026-09-06;1.2;3.5;7.5;23.9;0,9160;;0;openmeteo_sisclima_fallback;openmeteo_ecmwf_ifs025;openmeteo_soil_proxy;;;;;Tempestade;amarelo;;;;;;;;1;5106240;municipio_sede;;;;;;;17277500;sem_cota_alerta;
36554;Fazenda Santa Lúcia;Nova Ubiratã;5106240;2026-09-06;1.2;3.5;7.5;23.9;0,9160;;0;openmeteo_sisclima_fallback;openmeteo_ecmwf_ifs025;openmeteo_soil_proxy;;;;;Tempestade;amarelo;;;;;;;;1;5106240;municipio_sede;;;;;;;18422500;sem_cota_alerta;
8056;Fazenda Sorriso;Nova Ubiratã;5106240;2026-09-06;1.2;3.5;7.5;23.9;0,9160;;0;openmeteo_sisclima_fallback;openmeteo_ecmwf_ifs025;openmeteo_soil_proxy;;;;;Tempestade;amarelo;;;;;;;;1;5106240;municipio_sede;;;;;;;17277500;sem_cota_alerta;
34019;Fazenda Talismã II;Nova Ubiratã;5106240;2026-09-06;1.2;3.5;7.5;23.9;0,9160;;0;openmeteo_sisclima_fallback;openmeteo_ecmwf_ifs025;openmeteo_soil_proxy;;;;;Tempestade;amarelo;;;;;;;;1;5106240;municipio_sede;;;;213,3;19,41;;17271100;contexto_somente;2026-09-07 10:00:00
8065;Matrícula 7164, 2464, 2095 e 2096;Nova Ubiratã;5106240;2026-09-06;1.2;3.5;7.5;23.9;0,9160;;0;openmeteo_sisclima_fallback;openmeteo_ecmwf_ifs025;openmeteo_soil_proxy;;;;;Tempestade;amarelo;;;;;;;;1;5106240;municipio_sede;;;;;;;18422600;sem_cota_alerta;
5147;PCH ARS - BARRAGEM;Nova Ubiratã;5106240;2026-09-06;1.2;3.5;7.5;23.9;0,9160;;0;openmeteo_sisclima_fallback;openmeteo_ecmwf_ifs025;openmeteo_soil_proxy;;;;;Tempestade;amarelo;;;;;;;;1;5106240;municipio_sede;;;;;;;18422480;sem_cota_alerta;
35636;Sítio Bom Futuro;Nova Ubiratã;5106240;2026-09-06;1.2;3.5;7.5;23.9;0,9160;;0;openmeteo_sisclima_fallback;openmeteo_ecmwf_ifs025;openmeteo_soil_proxy;;;;;Tempestade;amarelo;;;;;;;;1;5106240;municipio_sede;;;;;;;18422500;sem_cota_alerta;
35382;Barragem Fazenda Jaó II;Nova Xavantina;5106257;2026-09-06;6.0;6.2;29.3;62.7;0,2680;;0;openmeteo_sisclima_fallback;openmeteo_ecmwf_ifs025;openmeteo_soil_proxy;;;;;Tempestade;amarelo;;;;;;;;1;5106257;municipio_sede;;;;;;;26130000;sem_cota_alerta;
32449;Barramento Principal – Fazenda Jaó;Nova Xavantina;5106257;2026-09-06;6.0;6.2;29.3;62.7;0,2680;;0;openmeteo_sisclima_fallback;openmeteo_ecmwf_ifs025;openmeteo_soil_proxy;;;;;Tempestade;amarelo;;;;;;;;1;5106257;municipio_sede;;;;;;;26130000;sem_cota_alerta;
945;POND 1 - BARRAGEM DE LIXIVIAÇÃO;Nova Xavantina;5106257;2026-09-06;6.0;6.2;29.3;62.7;0,2680;;0;openmeteo_sisclima_fallback;openmeteo_ecmwf_ifs025;openmeteo_soil_proxy;;;;;Tempestade;amarelo;;;;;;;;1;5106257;municipio_sede;;;;;;;26100000;sem_cota_alerta;
946;POND 2 - BARRAGEM DE FLOTAÇÃO;Nova Xavantina;5106257;2026-09-06;6.0;6.2;29.3;62.7;0,2680;;0;openmeteo_sisclima_fallback;openmeteo_ecmwf_ifs025;openmeteo_soil_proxy;;;;;Tempestade;amarelo;;;;;;;;1;5106257;municipio_sede;;;;;;;26100000;sem_cota_alerta;
947;POND 3 - BARRAGEM DE FLOTAÇÃO;Nova Xavantina;5106257;2026-09-06;6.0;6.2;29.3;62.7;0,2680;;0;openmeteo_sisclima_fallback;openmeteo_ecmwf_ifs025;openmeteo_soil_proxy;;;;;Tempestade;amarelo;;;;;;;;1;5106257;municipio_sede;;;;;;;26100000;sem_cota_alerta;
35249;RESERVATÓRIO ELDORADO;Nova Xavantina;5106257;2026-09-06;6.0;6.2;29.3;62.7;0,2680;;0;openmeteo_sisclima_fallback;openmeteo_ecmwf_ifs025;openmeteo_soil_proxy;;;;;Tempestade;amarelo;;;;;;;;1;5106257;municipio_sede;;;;;;;26100000;sem_cota_alerta;
27404;Barragem Ramax;Novo Horizonte do Norte;5106273;2026-09-06;5.2;8.2;8.1;54.9;0,9940;0,55;0;openmeteo_sisclima_fallback;openmeteo_ecmwf_ifs025;openmeteo_soil_proxy;hidro_risco_municipal;verde;;;Tempestade;amarelo;;;;;;;;5;5105903|5106224|5106273|5106802|5107305;sede_mais_montante_max;;;;246,0;;;17120200;contexto_somente;2026-09-07 10:00:00
24306;CGH Itaquerê I - Barragem 1;Novo São Joaquim;5106281;2026-09-06;8.8;10.3;6.3;76.8;0,4240;;0;openmeteo_sisclima_fallback;openmeteo_ecmwf_ifs025;openmeteo_soil_proxy;;;;;Tempestade;amarelo;;;;;;;;1;5106281;municipio_sede;;;;;;;26053100;sem_cota_alerta;
24307;CGH Itaquerê II - Barragem 1;Novo São Joaquim;5106281;2026-09-06;8.8;10.3;6.3;76.8;0,4240;;0;openmeteo_sisclima_fallback;openmeteo_ecmwf_ifs025;openmeteo_soil_proxy;;;;;Tempestade;amarelo;;;;;;;;1;5106281;municipio_sede;;;;;;;26053100;sem_cota_alerta;
24302;CGH Matula - CGH Matula;Novo São Joaquim;5106281;2026-09-06;8.8;10.3;6.3;76.8;0,4240;;0;openmeteo_sisclima_fallback;openmeteo_ecmwf_ifs025;openmeteo_soil_proxy;;;;;Tempestade;amarelo;;;;;;;;1;5106281;municipio_sede;;;;;;;26100000;sem_cota_alerta;
34038;CGH Matula I - CGH MATULA I;Novo São Joaquim;5106281;2026-09-06;8.8;10.3;6.3;76.8;0,4240;;0;openmeteo_sisclima_fallback;openmeteo_ecmwf_ifs025;openmeteo_soil_proxy;;;;;Tempestade;amarelo;;;;;;;;1;5106281;municipio_sede;;;;;;;26100000;sem_cota_alerta;
5115;CGH Salto Belo - Barragem 01;Novo São Joaquim;5106281;2026-09-06;8.8;10.3;6.3;76.8;0,4240;;0;openmeteo_sisclima_fallback;openmeteo_ecmwf_ifs025;openmeteo_soil_proxy;;;;;Tempestade;amarelo;;;;;;;;1;5106281;municipio_sede;;;;;;;26053100;sem_cota_alerta;
31533;Campinas;Novo São Joaquim;5106281;2026-09-06;8.8;10.3;6.3;76.8;0,4240;;0;openmeteo_sisclima_fallback;openmeteo_ecmwf_ifs025;openmeteo_soil_proxy;;;;;Tempestade;amarelo;;;;;;;;1;5106281;municipio_sede;;;;;;;26034600;sem_cota_alerta;
20140;Faz. Lavínia;Novo São Joaquim;5106281;2026-09-06;8.8;10.3;6.4;76.8;0,5720;;0;openmeteo_sisclima_fallback;openmeteo_ecmwf_ifs025;openmeteo_soil_proxy;;;;;Tempestade;amarelo;;;;;;;;2;5103908|5106281;sede_mais_montante_max;;;;;;;26054000;sem_cota_alerta;
36469;Fazenda Gleba Wilma;Novo São Joaquim;5106281;2026-09-06;8.8;10.3;6.3;76.8;0,4240;;0;openmeteo_sisclima_fallback;openmeteo_ecmwf_ifs025;openmeteo_soil_proxy;;;;;Tempestade;amarelo;;;;;;;;1;5106281;municipio_sede;;;;;;;26034700;sem_cota_alerta;
35825;RESERVATÓRIO 1 - FAZENDA NOVA CONQUISTA;Novo São Joaquim;5106281;2026-09-06;8.8;10.3;6.4;76.8;0,5720;;0;openmeteo_sisclima_fallback;openmeteo_ecmwf_ifs025;openmeteo_soil_proxy;;;;;Tempestade;amarelo;;;;;;;;2;5103908|5106281;sede_mais_montante_max;;;;;;;26054000;sem_cota_alerta;
20382;B1;Nossa Senhora do Livramento;5106109;2026-09-06;5.6;6.8;3.7;57.7;0,4400;;0;openmeteo_sisclima_fallback;openmeteo_ecmwf_ifs025;openmeteo_soil_proxy;;;;;Tempestade;amarelo;;;;;;;;1;5106109;municipio_sede;;;;;;;66110010;sem_cota_alerta;
35611;BARRAGEM DE MINERAÇÃO HUMBERTO;Nossa Senhora do Livramento;5106109;2026-09-06;5.6;6.8;3.7;57.7;0,4400;;0;openmeteo_sisclima_fallback;openmeteo_ecmwf_ifs025;openmeteo_soil_proxy;;;;;Tempestade;amarelo;;;;;;;;1;5106109;municipio_sede;;;;;;;66270000;sem_cota_alerta;
34483;BARRAGEM MANAH 1;Nossa Senhora do Livramento;5106109;2026-09-06;5.6;6.8;3.7;57.7;0,4400;;0;openmeteo_sisclima_fallback;openmeteo_ecmwf_ifs025;openmeteo_soil_proxy;;;;;Tempestade;amarelo;;;;;;;;1;5106109;municipio_sede;;;;;;;66270000;sem_cota_alerta;
37433;BARRAGEM PICOLÉ;Nossa Senhora do Livramento;5106109;2026-09-06;5.6;6.8;3.7;57.7;0,4400;;0;openmeteo_sisclima_fallback;openmeteo_ecmwf_ifs025;openmeteo_soil_proxy;;;;;Tempestade;amarelo;;;;;;;;1;5106109;municipio_sede;;;;;;;66270000;sem_cota_alerta;
20411;BARRAGEM T03;Nossa Senhora do Livramento;5106109;2026-09-06;8.5;8.9;9.6;76.1;0,6310;0,490;0;openmeteo_sisclima_fallback;openmeteo_ecmwf_ifs025;openmeteo_soil_proxy;hidro_risco_municipal;verde;;;Tempestade;amarelo;;;;;;10.09;openmeteo_glofas_copernicus_ems;5;5103007|5103403|5104906|5106109|5107701;sede_mais_montante_max;;;;98,0;;200,0;66260006;cota_medida;2026-09-07 10:00:00
586;BR BOSCO;Nossa Senhora do Livramento;5106109;2026-09-06;6.0;6.0;4.5;55.0;0,6310;0,490;0;openmeteo_ponto;openmeteo_ponto;openmeteo_soil_proxy;hidro_risco_municipal;verde;;;Tempestade;amarelo;;;;;;10.09;openmeteo_glofas_copernicus_ems;4;5103007|5104906|5106109|5107701;ponto_barragem_telemetria;openmeteo_ponto;;;98,0;;200,0;66260006;cota_medida;2026-09-07 10:00:00
21927;BR BRASÃO;Nossa Senhora do Livramento;5106109;2026-09-06;5.6;6.8;3.7;57.7;0,4400;;0;openmeteo_sisclima_fallback;openmeteo_ecmwf_ifs025;openmeteo_soil_proxy;;;;;Tempestade;amarelo;;;;;;;;1;5106109;municipio_sede;;;;;;;66270000;sem_cota_alerta;
21940;BR PIRÂMIDE;Nossa Senhora do Livramento;5106109;2026-09-06;6.0;6.0;4.5;55.0;0,6310;0,490;0;openmeteo_ponto;openmeteo_ponto;openmeteo_soil_proxy;hidro_risco_municipal;verde;;;Tempestade;amarelo;;;;;;10.09;openmeteo_glofas_copernicus_ems;4;5103007|5104906|5106109|5107701;ponto_barragem_telemetria;openmeteo_ponto;;;98,0;;200,0;66260006;cota_medida;2026-09-07 10:00:00
5573;BR SANTA 01;Nossa Senhora do Livramento;5106109;2026-09-06;6.0;6.0;4.5;55.0;0,6310;0,490;0;openmeteo_ponto;openmeteo_ponto;openmeteo_soil_proxy;hidro_risco_municipal;verde;;;Tempestade;amarelo;;;;;;10.09;openmeteo_glofas_copernicus_ems;4;5103007|5104906|5106109|5107701;ponto_barragem_telemetria;openmeteo_ponto;;;98,0;;200,0;66260006;cota_medida;2026-09-07 10:00:00
588;BR SANTA FELICIDADE;Nossa Senhora do Livramento;5106109;2026-09-06;6.0;6.0;4.5;55.0;0,6310;0,490;0;openmeteo_ponto;openmeteo_ponto;openmeteo_soil_proxy;hidro_risco_municipal;verde;;;Tempestade;amarelo;;;;;;10.09;openmeteo_glofas_copernicus_ems;4;5103007|5104906|5106109|5107701;ponto_barragem_telemetria;openmeteo_ponto;;;98,0;;200,0;66260006;cota_medida;2026-09-07 10:00:00
22009;BR SANTA FELICIDADE 02;Nossa Senhora do Livramento;5106109;2026-09-06;6.0;6.0;4.5;55.0;0,6310;0,490;0;openmeteo_ponto;openmeteo_ponto;openmeteo_soil_proxy;hidro_risco_municipal;verde;;;Tempestade;amarelo;;;;;;10.09;openmeteo_glofas_copernicus_ems;4;5103007|5104906|5106109|5107701;ponto_barragem_telemetria;openmeteo_ponto;;;98,0;;200,0;66260006;cota_medida;2026-09-07 10:00:00
26147;BR ÁGUA DE COCO;Nossa Senhora do Livramento;5106109;2026-09-06;8.5;8.9;9.6;76.1;0,6310;0,490;0;openmeteo_sisclima_fallback;openmeteo_ecmwf_ifs025;openmeteo_soil_proxy;hidro_risco_municipal;verde;;;Tempestade;amarelo;;;;;;10.09;openmeteo_glofas_copernicus_ems;5;5103007|5103403|5104906|5106109|5107701;sede_mais_montante_max;;;;98,0;;200,0;66260006;cota_medida;2026-09-07 10:00:00
28934;BR02;Nossa Senhora do Livramento;5106109;2026-09-06;8.5;8.9;9.6;76.1;0,6310;0,490;0;openmeteo_sisclima_fallback;openmeteo_ecmwf_ifs025;openmeteo_soil_proxy;hidro_risco_municipal;verde;;;Tempestade;amarelo;;;;;;10.09;openmeteo_glofas_copernicus_ems;5;5103007|5103403|5104906|5106109|5107701;sede_mais_montante_max;;;;98,0;;200,0;66260006;cota_medida;2026-09-07 10:00:00
29381;BR03;Nossa Senhora do Livramento;5106109;2026-09-06;8.5;8.9;9.6;76.1;0,6310;0,490;0;openmeteo_sisclima_fallback;openmeteo_ecmwf_ifs025;openmeteo_soil_proxy;hidro_risco_municipal;verde;;;Tempestade;amarelo;;;;;;10.09;openmeteo_glofas_copernicus_ems;5;5103007|5103403|5104906|5106109|5107701;sede_mais_montante_max;;;;98,0;;200,0;66260006;cota_medida;2026-09-07 10:00:00
26158;BRITO;Nossa Senhora do Livramento;5106109;2026-09-06;8.5;8.9;9.6;76.1;0,6310;0,55;0;openmeteo_sisclima_fallback;openmeteo_ecmwf_ifs025;openmeteo_soil_proxy;hidro_risco_municipal;verde;;;Tempestade;amarelo;;;;;;10.09;openmeteo_glofas_copernicus_ems;5;5103007|5103403|5104906|5106109|5107701;sede_mais_montante_max;;;;;;;66270000;sem_cota_alerta;
21948;Bacia de Decantação S1;Nossa Senhora do Livramento;5106109;2026-09-06;8.5;8.9;9.6;76.1;0,6310;0,55;0;openmeteo_sisclima_fallback;openmeteo_ecmwf_ifs025;openmeteo_soil_proxy;hidro_risco_municipal;verde;;;Tempestade;amarelo;;;;;;10.09;openmeteo_glofas_copernicus_ems;5;5103007|5103403|5104906|5106109|5107701;sede_mais_montante_max;;;;;;;66270000;sem_cota_alerta;
1265;Bacia de Rejeitos;Nossa Senhora do Livramento;5106109;2026-09-06;8.5;8.9;9.6;76.1;0,6310;0,490;0;openmeteo_sisclima_fallback;openmeteo_ecmwf_ifs025;openmeteo_soil_proxy;hidro_risco_municipal;verde;;;Tempestade;amarelo;;;;;;10.09;openmeteo_glofas_copernicus_ems;5;5103007|5103403|5104906|5106109|5107701;sede_mais_montante_max;;;;98,0;;200,0;66260006;cota_medida;2026-09-07 10:00:00
27626;Barragem - Valdenir;Nossa Senhora do Livramento;5106109;2026-09-06;7.8;7.8;3.5;55.0;0,6310;0,490;0;openmeteo_ponto;openmeteo_ponto;openmeteo_soil_proxy;hidro_risco_municipal;verde;;;Tempestade;amarelo;;;;;;10.09;openmeteo_glofas_copernicus_ems;4;5103007|5104906|5106109|5107701;ponto_barragem_telemetria;openmeteo_ponto;;;98,0;;200,0;66260006;cota_medida;2026-09-07 10:00:00
20391;Barragem 01;Nossa Senhora do Livramento;5106109;2026-09-06;5.6;6.8;3.7;57.7;0,4400;;0;openmeteo_sisclima_fallback;openmeteo_ecmwf_ifs025;openmeteo_soil_proxy;;;;;Tempestade;amarelo;;;;;;;;1;5106109;municipio_sede;;;;;;;66110010;sem_cota_alerta;
26130;Barragem B1;Nossa Senhora do Livramento;5106109;2026-09-06;5.6;6.8;3.7;57.7;0,4400;;0;openmeteo_sisclima_fallback;openmeteo_ecmwf_ifs025;openmeteo_soil_proxy;;;;;Tempestade;amarelo;;;;;;;;1;5106109;municipio_sede;;;;;;;66270000;sem_cota_alerta;
21950;Barragem Candonga;Nossa Senhora do Livramento;5106109;2026-09-06;8.5;8.9;9.6;76.1;0,6310;0,55;0;openmeteo_sisclima_fallback;openmeteo_ecmwf_ifs025;openmeteo_soil_proxy;hidro_risco_municipal;verde;;;Tempestade;amarelo;;;;;;10.09;openmeteo_glofas_copernicus_ems;5;5103007|5103403|5104906|5106109|5107701;sede_mais_montante_max;;;;;;;66270000;sem_cota_alerta;
26236;Barragem Fazenda Aguassu;Nossa Senhora do Livramento;5106109;2026-09-06;8.5;8.9;9.6;76.1;0,6310;0,490;0;openmeteo_sisclima_fallback;openmeteo_ecmwf_ifs025;openmeteo_soil_proxy;hidro_risco_municipal;verde;;;Tempestade;amarelo;;;;;;10.09;openmeteo_glofas_copernicus_ems;5;5103007|5103403|5104906|5106109|5107701;sede_mais_montante_max;;;;98,0;;200,0;66260006;cota_medida;2026-09-07 10:00:00
32031;Barragem Rejeito Max 2;Nossa Senhora do Livramento;5106109;2026-09-06;8.5;8.9;9.6;76.1;0,6310;0,55;0;openmeteo_sisclima_fallback;openmeteo_ecmwf_ifs025;openmeteo_soil_proxy;hidro_risco_municipal;verde;;;Tempestade;amarelo;;;;;;10.09;openmeteo_glofas_copernicus_ems;5;5103007|5103403|5104906|5106109|5107701;sede_mais_montante_max;;;;;;;66270000;sem_cota_alerta;
21957;Barragem T08;Nossa Senhora do Livramento;5106109;2026-09-06;5.6;6.8;3.7;57.7;0,4400;;0;openmeteo_sisclima_fallback;openmeteo_ecmwf_ifs025;openmeteo_soil_proxy;;;;;Tempestade;amarelo;;;;;;;;1;5106109;municipio_sede;;;;;;;66110010;sem_cota_alerta;
22006;Barragem T09;Nossa Senhora do Livramento;5106109;2026-09-06;5.6;6.8;3.7;57.7;0,4400;;0;openmeteo_sisclima_fallback;openmeteo_ecmwf_ifs025;openmeteo_soil_proxy;;;;;Tempestade;amarelo;;;;;;;;1;5106109;municipio_sede;;;;;;;66110010;sem_cota_alerta;
22007;Barragem TB02;Nossa Senhora do Livramento;5106109;2026-09-06;5.6;6.8;3.7;57.7;0,4400;;0;openmeteo_sisclima_fallback;openmeteo_ecmwf_ifs025;openmeteo_soil_proxy;;;;;Tempestade;amarelo;;;;;;;;1;5106109;municipio_sede;;;;;;;66110010;sem_cota_alerta;
574;Barragem de Rejeito 01;Nossa Senhora do Livramento;5106109;2026-09-06;8.5;8.9;9.6;76.1;0,6310;0,490;0;openmeteo_sisclima_fallback;openmeteo_ecmwf_ifs025;openmeteo_soil_proxy;hidro_risco_municipal;verde;;;Tempestade;amarelo;;;;;;10.09;openmeteo_glofas_copernicus_ems;5;5103007|5103403|5104906|5106109|5107701;sede_mais_montante_max;;;;98,0;;200,0;66260006;cota_medida;2026-09-07 10:00:00
35082;Barragem de Rejeito 01;Nossa Senhora do Livramento;5106109;2026-09-06;8.5;8.9;9.6;76.1;0,6310;0,490;0;openmeteo_sisclima_fallback;openmeteo_ecmwf_ifs025;openmeteo_soil_proxy;hidro_risco_municipal;verde;;;Tempestade;amarelo;;;;;;10.09;openmeteo_glofas_copernicus_ems;5;5103007|5103403|5104906|5106109|5107701;sede_mais_montante_max;;;;98,0;;200,0;66260006;cota_medida;2026-09-07 10:00:00
29380;Barragem de Rejeito Capim Gold 2;Nossa Senhora do Livramento;5106109;2026-09-06;5.6;6.8;3.7;57.7;0,4400;;0;openmeteo_sisclima_fallback;openmeteo_ecmwf_ifs025;openmeteo_soil_proxy;;;;;Tempestade;amarelo;;;;;;;;1;5106109;municipio_sede;;;;;;;66270000;sem_cota_alerta;
5560;Barragem de Rejeito Estrela;Nossa Senhora do Livramento;5106109;2026-09-06;6.0;6.0;4.5;55.0;0,6310;0,55;0;openmeteo_ponto;openmeteo_ponto;openmeteo_soil_proxy;hidro_risco_municipal;verde;;;Tempestade;amarelo;;;;;;10.09;openmeteo_glofas_copernicus_ems;4;5103007|5104906|5106109|5107701;ponto_barragem_telemetria;openmeteo_ponto;;;;;;66260001;sem_cota_alerta;
5562;Barragem de Rejeito Estrela 02;Nossa Senhora do Livramento;5106109;2026-09-06;6.0;6.0;4.5;55.0;0,6310;0,55;0;openmeteo_ponto;openmeteo_ponto;openmeteo_soil_proxy;hidro_risco_municipal;verde;;;Tempestade;amarelo;;;;;;10.09;openmeteo_glofas_copernicus_ems;4;5103007|5104906|5106109|5107701;ponto_barragem_telemetria;openmeteo_ponto;;;;;;66260001;sem_cota_alerta;
5559;Barragem de Rejeito Estrela 03;Nossa Senhora do Livramento;5106109;2026-09-06;6.0;6.0;4.5;55.0;0,6310;0,55;0;openmeteo_ponto;openmeteo_ponto;openmeteo_soil_proxy;hidro_risco_municipal;verde;;;Tempestade;amarelo;;;;;;10.09;openmeteo_glofas_copernicus_ems;4;5103007|5104906|5106109|5107701;ponto_barragem_telemetria;openmeteo_ponto;;;;;;66260001;sem_cota_alerta;
5603;Barragem de Rejeitos Bom Futuro;Nossa Senhora do Livramento;5106109;2026-09-06;7.8;7.8;3.5;55.0;0,6310;0,490;0;openmeteo_ponto;openmeteo_ponto;openmeteo_soil_proxy;hidro_risco_municipal;verde;;;Tempestade;amarelo;;;;;;10.09;openmeteo_glofas_copernicus_ems;4;5103007|5104906|5106109|5107701;ponto_barragem_telemetria;openmeteo_ponto;;;98,0;;200,0;66260006;cota_medida;2026-09-07 10:00:00
26150;CHIMBUVA;Nossa Senhora do Livramento;5106109;2026-09-06;5.6;6.8;3.7;57.7;0,4400;;0;openmeteo_sisclima_fallback;openmeteo_ecmwf_ifs025;openmeteo_soil_proxy;;;;;Tempestade;amarelo;;;;;;;;1;5106109;municipio_sede;;;;;;;66270000;sem_cota_alerta;
26251;FAZENDA 4M;Nossa Senhora do Livramento;5106109;2026-09-06;5.6;6.8;3.7;57.7;0,4400;;0;openmeteo_sisclima_fallback;openmeteo_ecmwf_ifs025;openmeteo_soil_proxy;;;;;Tempestade;amarelo;;;;;;;;1;5106109;municipio_sede;;;;;;;66270000;sem_cota_alerta;
37734;Fazenda Campina Barragem 1;Nossa Senhora do Livramento;5106109;2026-09-06;5.6;6.8;3.7;57.7;0,4400;;0;openmeteo_sisclima_fallback;openmeteo_ecmwf_ifs025;openmeteo_soil_proxy;;;;;Tempestade;amarelo;;;;;;;;1;5106109;municipio_sede;;;;;;;66110010;sem_cota_alerta;
37735;Fazenda Campina Barragem 2;Nossa Senhora do Livramento;5106109;2026-09-06;5.6;6.8;3.7;57.7;0,4400;;0;openmeteo_sisclima_fallback;openmeteo_ecmwf_ifs025;openmeteo_soil_proxy;;;;;Tempestade;amarelo;;;;;;;;1;5106109;municipio_sede;;;;;;;66110010;sem_cota_alerta;
37716;Fazenda São Rafael Barragem I;Nossa Senhora do Livramento;5106109;2026-09-06;6.3;6.9;4.5;55.0;0,4400;0,55;0;openmeteo_ponto;openmeteo_ponto;openmeteo_soil_proxy;hidro_risco_municipal;verde;;;Tempestade;amarelo;;;;;;10.09;openmeteo_glofas_copernicus_ems;2;5103007|5106109;ponto_barragem_telemetria;openmeteo_ponto;;;;;;66260001;sem_cota_alerta;
37717;Fazenda São Rafael Barragem II;Nossa Senhora do Livramento;5106109;2026-09-06;6.3;6.9;4.5;55.0;0,4400;0,55;0;openmeteo_ponto;openmeteo_ponto;openmeteo_soil_proxy;hidro_risco_municipal;verde;;;Tempestade;amarelo;;;;;;10.09;openmeteo_glofas_copernicus_ems;2;5103007|5106109;ponto_barragem_telemetria;openmeteo_ponto;;;;;;66260001;sem_cota_alerta;
37719;Fazenda São Rafael Barragem III;Nossa Senhora do Livramento;5106109;2026-09-06;6.3;6.9;4.5;55.0;0,4400;0,55;0;openmeteo_ponto;openmeteo_ponto;openmeteo_soil_proxy;hidro_risco_municipal;verde;;;Tempestade;amarelo;;;;;;10.09;openmeteo_glofas_copernicus_ems;2;5103007|5106109;ponto_barragem_telemetria;openmeteo_ponto;;;;;;66260001;sem_cota_alerta;
37720;Fazenda São Rafael Barragem IV;Nossa Senhora do Livramento;5106109;2026-09-06;6.3;6.9;4.5;55.0;0,4400;0,55;0;openmeteo_ponto;openmeteo_ponto;openmeteo_soil_proxy;hidro_risco_municipal;verde;;;Tempestade;amarelo;;;;;;10.09;openmeteo_glofas_copernicus_ems;2;5103007|5106109;ponto_barragem_telemetria;openmeteo_ponto;;;;;;66260001;sem_cota_alerta;
37721;Fazenda São Rafael Barragem V;Nossa Senhora do Livramento;5106109;2026-09-06;6.3;6.9;4.5;55.0;0,4400;0,55;0;openmeteo_ponto;openmeteo_ponto;openmeteo_soil_proxy;hidro_risco_municipal;verde;;;Tempestade;amarelo;;;;;;10.09;openmeteo_glofas_copernicus_ems;2;5103007|5106109;ponto_barragem_telemetria;openmeteo_ponto;;;;;;66260001;sem_cota_alerta;
5551;Moça Bonita;Nossa Senhora do Livramento;5106109;2026-09-06;5.6;6.8;3.7;57.7;0,4400;;0;openmeteo_sisclima_fallback;openmeteo_ecmwf_ifs025;openmeteo_soil_proxy;;;;;Tempestade;amarelo;;;;;;;;1;5106109;municipio_sede;;;;;;;66110010;sem_cota_alerta;
30135;NSL 01;Nossa Senhora do Livramento;5106109;2026-09-06;8.5;8.9;9.6;76.1;0,6310;0,55;0;openmeteo_sisclima_fallback;openmeteo_ecmwf_ifs025;openmeteo_soil_proxy;hidro_risco_municipal;verde;;;Tempestade;amarelo;;;;;;10.09;openmeteo_glofas_copernicus_ems;5;5103007|5103403|5104906|5106109|5107701;sede_mais_montante_max;;;;;;;66260001;sem_cota_alerta;
26254;Neta;Nossa Senhora do Livramento;5106109;2026-09-06;5.6;6.8;3.7;57.7;0,4400;;0;openmeteo_sisclima_fallback;openmeteo_ecmwf_ifs025;openmeteo_soil_proxy;;;;;Tempestade;amarelo;;;;;;;;1;5106109;municipio_sede;;;;;;;66270000;sem_cota_alerta;
36607;Primavera;Nossa Senhora do Livramento;5106109;2026-09-06;8.5;8.9;9.6;76.1;0,6310;0,55;0;openmeteo_sisclima_fallback;openmeteo_ecmwf_ifs025;openmeteo_soil_proxy;hidro_risco_municipal;verde;;;Tempestade;amarelo;;;;;;10.09;openmeteo_glofas_copernicus_ems;5;5103007|5103403|5104906|5106109|5107701;sede_mais_montante_max;;;;;;;66270000;sem_cota_alerta;
32385;QB-01;Nossa Senhora do Livramento;5106109;2026-09-06;5.6;6.8;3.7;57.7;0,4400;;0;openmeteo_sisclima_fallback;openmeteo_ecmwf_ifs025;openmeteo_soil_proxy;;;;;Tempestade;amarelo;;;;;;;;1;5106109;municipio_sede;;;;;;;66270000;sem_cota_alerta;
27571;Santa Bárbara;Nossa Senhora do Livramento;5106109;2026-09-06;8.5;8.9;9.6;76.1;0,6310;0,490;0;openmeteo_sisclima_fallback;openmeteo_ecmwf_ifs025;openmeteo_soil_proxy;hidro_risco_municipal;verde;;;Tempestade;amarelo;;;;;;10.09;openmeteo_glofas_copernicus_ems;5;5103007|5103403|5104906|5106109|5107701;sede_mais_montante_max;;;;98,0;;200,0;66260006;cota_medida;2026-09-07 10:00:00
37396;Solimões Indústria e Comércio de Óleos e Proteínas Ltda ? Barragem I;Nossa Senhora do Livramento;5106109;2026-09-06;9.1;9.3;5.1;55.0;0,6310;0,490;0;openmeteo_ponto;openmeteo_ponto;openmeteo_soil_proxy;hidro_risco_municipal;verde;;;Tempestade;amarelo;;;;;;10.09;openmeteo_glofas_copernicus_ems;4;5103007|5104906|5106109|5107701;ponto_barragem_telemetria;openmeteo_ponto;;;98,0;;200,0;66260006;cota_medida;2026-09-07 10:00:00
22164;T G de Souza;Nossa Senhora do Livramento;5106109;2026-09-06;8.5;8.9;9.6;76.1;0,6310;0,490;0;openmeteo_sisclima_fallback;openmeteo_ecmwf_ifs025;openmeteo_soil_proxy;hidro_risco_municipal;verde;;;Tempestade;amarelo;;;;;;10.09;openmeteo_glofas_copernicus_ems;5;5103007|5103403|5104906|5106109|5107701;sede_mais_montante_max;;;;98,0;;200,0;66260006;cota_medida;2026-09-07 10:00:00
29378;TB04;Nossa Senhora do Livramento;5106109;2026-09-06;5.6;6.8;3.7;57.7;0,4400;;0;openmeteo_sisclima_fallback;openmeteo_ecmwf_ifs025;openmeteo_soil_proxy;;;;;Tempestade;amarelo;;;;;;;;1;5106109;municipio_sede;;;;;;;66110010;sem_cota_alerta;
29385;TR1;Nossa Senhora do Livramento;5106109;2026-09-06;8.5;8.9;9.6;76.1;0,6310;0,55;0;openmeteo_sisclima_fallback;openmeteo_ecmwf_ifs025;openmeteo_soil_proxy;hidro_risco_municipal;verde;;;Tempestade;amarelo;;;;;;10.09;openmeteo_glofas_copernicus_ems;5;5103007|5103403|5104906|5106109|5107701;sede_mais_montante_max;;;;;;;66270000;sem_cota_alerta;
27882;Tanque Fundo;Nossa Senhora do Livramento;5106109;2026-09-06;5.6;6.8;3.7;57.7;0,4400;;0;openmeteo_sisclima_fallback;openmeteo_ecmwf_ifs025;openmeteo_soil_proxy;;;;;Tempestade;amarelo;;;;;;;;1;5106109;municipio_sede;;;;;;;66270000;sem_cota_alerta;
27619;MD-01;Nova Lacerda;5106182;2026-09-06;8.4;14.6;0.6;74.6;0,8210;;0;openmeteo_sisclima_fallback;openmeteo_ecmwf_ifs025;openmeteo_soil_proxy;;;;;Tempestade;amarelo;;;;;;;;2;5103361|5106182;sede_mais_montante_max;;;;;;;15121500;sem_cota_alerta;
37527;Fazenda Ventania;Nova Mutum;5106224;2026-09-06;3.8;5.3;8.1;45.8;0,9940;0,55;0;openmeteo_sisclima_fallback;openmeteo_ecmwf_ifs025;openmeteo_soil_proxy;hidro_risco_municipal;verde;;;Tempestade;amarelo;verde;;;;;;;3;5105903|5106224|5107305;sede_mais_montante_max;;;;;;;17250550;sem_cota_alerta;
26234;BARRAGEM BLOCO  SUL;Nova Santa Helena;5106190;2026-09-06;3.1;4.8;10.7;40.8;1,0000;;0;openmeteo_sisclima_fallback;openmeteo_ecmwf_ifs025;openmeteo_soil_proxy;;;;;Tempestade;amarelo;;;;;;;;1;5106190;municipio_sede;;;;;;;17343010;sem_cota_alerta;
37548;TSF Figueira Branca;Nova Santa Helena;5106190;2026-09-06;3.1;4.8;10.7;40.8;1,0000;;0;openmeteo_sisclima_fallback;openmeteo_ecmwf_ifs025;openmeteo_soil_proxy;;;;;Tempestade;amarelo;;;;;;;;1;5106190;municipio_sede;;;;;;;17343010;sem_cota_alerta;
37431;Fazenda Mundo Novo -;Nova Ubiratã;5106240;2026-09-06;1.2;3.5;7.5;23.9;0,9160;;0;openmeteo_sisclima_fallback;openmeteo_ecmwf_ifs025;openmeteo_soil_proxy;;;;;Tempestade;amarelo;;;;;;;;1;5106240;municipio_sede;;;;;;;17277500;sem_cota_alerta;
37442;Fazenda Paraíso I - Montante 1;Nova Ubiratã;5106240;2026-09-06;3.8;4.3;7.5;45.8;0,9160;;0;openmeteo_sisclima_fallback;openmeteo_ecmwf_ifs025;openmeteo_soil_proxy;;;;;Tempestade;amarelo;;;;;;;;2;5101837|5106240;sede_mais_montante_max;;;;;;;18421000;sem_cota_alerta;
37446;Fazenda Paraíso I - Principal;Nova Ubiratã;5106240;2026-09-06;3.8;4.3;7.5;45.8;0,9160;;0;openmeteo_sisclima_fallback;openmeteo_ecmwf_ifs025;openmeteo_soil_proxy;;;;;Tempestade;amarelo;;;;;;;;2;5101837|5106240;sede_mais_montante_max;;;;;;;18421000;sem_cota_alerta;
34138;CGH Jatobazinho - Jatobazinho;Paranatinga;5106307;2026-09-06;12.8;13.6;6.3;91.5;0,9390;;0;openmeteo_sisclima_fallback;openmeteo_ecmwf_ifs025;openmeteo_soil_proxy;;;;;Tempestade;amarelo;;;;;;;;1;5106307;municipio_sede;;;;;;;18420000;sem_cota_alerta;
34134;CGH Santiago Fazenda Agrochapada - SANTIAGO;Paranatinga;5106307;2026-09-06;12.8;13.6;6.3;91.5;0,9390;;0;openmeteo_sisclima_fallback;openmeteo_ecmwf_ifs025;openmeteo_soil_proxy;;;;;Tempestade;amarelo;;;;;;;;1;5106307;municipio_sede;;;;;;;18420000;sem_cota_alerta;
19952;Faz. Reunidas 15;Paranatinga;5106307;2026-09-06;12.8;13.6;6.3;91.5;0,9390;;0;openmeteo_sisclima_fallback;openmeteo_ecmwf_ifs025;openmeteo_soil_proxy;;;;;Tempestade;amarelo;;;;;;;;1;5106307;municipio_sede;;;;;;;18420000;sem_cota_alerta;
30819;Fazenda Cambará;Paranatinga;5106307;2026-09-06;12.8;13.6;6.3;91.5;0,9390;;0;openmeteo_sisclima_fallback;openmeteo_ecmwf_ifs025;openmeteo_soil_proxy;;;;;Tempestade;amarelo;;;;;;;;1;5106307;municipio_sede;;;;;;;18420000;sem_cota_alerta;
30821;Fazenda Cambará;Paranatinga;5106307;2026-09-06;12.8;13.6;6.3;91.5;0,9390;;0;openmeteo_sisclima_fallback;openmeteo_ecmwf_ifs025;openmeteo_soil_proxy;;;;;Tempestade;amarelo;;;;;;;;1;5106307;municipio_sede;;;;;;;18420000;sem_cota_alerta;
4338;PCH Culuene - Culuene;Paranatinga;5106307;2026-09-06;12.8;13.6;6.3;91.5;0,9390;;0;openmeteo_sisclima_fallback;openmeteo_ecmwf_ifs025;openmeteo_soil_proxy;;;;;Tempestade;amarelo;;;;;;;;2;5106307|5106455;sede_mais_montante_max;;;;;;;18408000;sem_cota_alerta;
4330;PCH Paranatinga II - Paranatinga II;Paranatinga;5106307;2026-09-06;12.8;13.6;6.3;91.5;0,9390;;0;openmeteo_sisclima_fallback;openmeteo_ecmwf_ifs025;openmeteo_soil_proxy;;;;;Tempestade;amarelo;;;;;;;;2;5106307|5106455;sede_mais_montante_max;;;;;;;18409600;sem_cota_alerta;
21944;Alvo Crente;Paranaíta;5106299;2026-09-06;17.9;30.5;13.6;97.2;1,0000;0,55;0;openmeteo_sisclima_fallback;openmeteo_ecmwf_ifs025;openmeteo_soil_proxy;hidro_risco_municipal;verde;;;Tempestade;amarelo;;;;;;44.39;openmeteo_glofas_copernicus_ems;14;5102793|5104526|5104559|5105259|5105580|5106190|5106216|5106299|5107768|5107909|5107925|5108006|5108055|5108501;sede_mais_montante_max;;;;;;;17382120;sem_cota_alerta;
35135;Barramento Green Fish;Paranaíta;5106299;2026-09-06;17.9;30.5;13.6;97.2;1,0000;0,55;0;openmeteo_sisclima_fallback;openmeteo_ecmwf_ifs025;openmeteo_soil_proxy;hidro_risco_municipal;verde;;;Tempestade;amarelo;;;;;;44.39;openmeteo_glofas_copernicus_ems;14;5102793|5104526|5104559|5105259|5105580|5106190|5106216|5106299|5107768|5107909|5107925|5108006|5108055|5108501;sede_mais_montante_max;;;;;;;17382110;sem_cota_alerta;
20061;Fazenda Apiacás;Paranaíta;5106299;2026-09-06;4.3;16.8;2.6;49.3;1,0000;;0;openmeteo_sisclima_fallback;openmeteo_ecmwf_ifs025;openmeteo_soil_proxy;;;;;Tempestade;amarelo;;;;;;;;1;5106299;municipio_sede;;;;;;;17382125;sem_cota_alerta;
5056;UHE São Manoel - 1;Paranaíta;5106299;2026-09-06;4.3;16.8;2.6;49.3;1,0000;;0;openmeteo_sisclima_fallback;openmeteo_ecmwf_ifs025;openmeteo_soil_proxy;;;;;Tempestade;amarelo;;;;;;;;1;5106299;municipio_sede;;;;;;;17396080;sem_cota_alerta;
34774;Barragem I - Fazenda Santa Maria do Jurigue;Pedra Preta;5106372;2026-09-06;1.3;4.0;3.7;26.1;0,1400;;0;openmeteo_sisclima_fallback;openmeteo_ecmwf_ifs025;openmeteo_soil_proxy;;;;;Tempestade;amarelo;;;;;;;;1;5106372;municipio_sede;;;;;;;66452500;sem_cota_alerta;
36534;Barragem II - Fazenda Santa Maria do Jurigue;Pedra Preta;5106372;2026-09-06;1.3;4.0;3.7;26.1;0,1400;;0;openmeteo_sisclima_fallback;openmeteo_ecmwf_ifs025;openmeteo_soil_proxy;;;;;Tempestade;amarelo;;;;;;;;1;5106372;municipio_sede;;;;;;;66452500;sem_cota_alerta;
21001;Fazenda Boa Vista;Planalto da Serra;5106455;2026-09-06;0.8;4.4;4.7;16.2;0,4740;;0;openmeteo_sisclima_fallback;openmeteo_ecmwf_ifs025;openmeteo_soil_proxy;;;;;Tempestade;amarelo;;;;;;;;1;5106455;municipio_sede;;;;;;;26033650;sem_cota_alerta;
20335;Alain II;Poconé;5106505;2026-09-06;7.7;10.0;0.8;73.2;0,4260;;0;openmeteo_sisclima_fallback;openmeteo_ecmwf_ifs025;openmeteo_soil_proxy;;;;;Tempestade;amarelo;;;;;;;;1;5106505;municipio_sede;;;;;;;66110010;sem_cota_alerta;
8003;BACIA DE REJEITOS SÃO BENTO;Poconé;5106505;2026-09-06;7.7;10.0;0.8;73.2;0,4260;;0;openmeteo_sisclima_fallback;openmeteo_ecmwf_ifs025;openmeteo_soil_proxy;;;;;Tempestade;amarelo;;;;;;;;1;5106505;municipio_sede;;;;;;;66110010;sem_cota_alerta;
27896;BARBA;Poconé;5106505;2026-09-06;7.7;10.0;0.8;73.2;0,4260;;0;openmeteo_sisclima_fallback;openmeteo_ecmwf_ifs025;openmeteo_soil_proxy;;;;;Tempestade;amarelo;;;;;;;;1;5106505;municipio_sede;;;;;;;66110010;sem_cota_alerta;
31358;BARRAGEM DE REJEITO NORMA;Poconé;5106505;2026-09-06;7.7;10.0;0.8;73.2;0,4260;;0;openmeteo_sisclima_fallback;openmeteo_ecmwf_ifs025;openmeteo_soil_proxy;;;;;Tempestade;amarelo;;;;;;;;1;5106505;municipio_sede;;;;;;;66110010;sem_cota_alerta;
582;BOM PASTOR;Poconé;5106505;2026-09-06;7.7;10.0;0.8;73.2;0,4260;;0;openmeteo_sisclima_fallback;openmeteo_ecmwf_ifs025;openmeteo_soil_proxy;;;;;Tempestade;amarelo;;;;;;;;1;5106505;municipio_sede;;;;;;;66110010;sem_cota_alerta;
32390;Barragem VERA;Poconé;5106505;2026-09-06;7.7;10.0;0.8;73.2;0,4260;;0;openmeteo_sisclima_fallback;openmeteo_ecmwf_ifs025;openmeteo_soil_proxy;;;;;Tempestade;amarelo;;;;;;;;1;5106505;municipio_sede;;;;;;;66110010;sem_cota_alerta;
32394;Barragem XAVIER;Poconé;5106505;2026-09-06;7.7;10.0;0.8;73.2;0,4260;;0;openmeteo_sisclima_fallback;openmeteo_ecmwf_ifs025;openmeteo_soil_proxy;;;;;Tempestade;amarelo;;;;;;;;1;5106505;municipio_sede;;;;;;;66110010;sem_cota_alerta;
21951;Barragem de Mineração-CPM;Poconé;5106505;2026-09-06;7.7;10.0;0.8;73.2;0,4260;;0;openmeteo_sisclima_fallback;openmeteo_ecmwf_ifs025;openmeteo_soil_proxy;;;;;Tempestade;amarelo;;;;;;;;1;5106505;municipio_sede;;;;;;;66110010;sem_cota_alerta;
5439;Barragem de Rejeito 1;Poconé;5106505;2026-09-06;7.7;10.0;0.8;73.2;0,4260;;0;openmeteo_sisclima_fallback;openmeteo_ecmwf_ifs025;openmeteo_soil_proxy;;;;;Tempestade;amarelo;;;;;;;;1;5106505;municipio_sede;;;;;;;66110010;sem_cota_alerta;
26570;Barramento Fazenda Trabuco;Poconé;5106505;2026-09-06;7.7;10.0;0.8;73.2;0,4260;;0;openmeteo_sisclima_fallback;openmeteo_ecmwf_ifs025;openmeteo_soil_proxy;;;;;Tempestade;amarelo;;;;;;;;1;5106505;municipio_sede;;;;;;;66260001;sem_cota_alerta;
8001;CAMPOS;Poconé;5106505;2026-09-06;7.7;10.0;0.8;73.2;0,4260;;0;openmeteo_sisclima_fallback;openmeteo_ecmwf_ifs025;openmeteo_soil_proxy;;;;;Tempestade;amarelo;;;;;;;;1;5106505;municipio_sede;;;;;;;66110010;sem_cota_alerta;
29387;CATARINO;Poconé;5106505;2026-09-06;7.7;10.0;0.8;73.2;0,4260;;0;openmeteo_sisclima_fallback;openmeteo_ecmwf_ifs025;openmeteo_soil_proxy;;;;;Tempestade;amarelo;;;;;;;;1;5106505;municipio_sede;;;;;;;66110010;sem_cota_alerta;
787;CHICO;Poconé;5106505;2026-09-06;7.7;10.0;0.8;73.2;0,4260;;0;openmeteo_sisclima_fallback;openmeteo_ecmwf_ifs025;openmeteo_soil_proxy;;;;;Tempestade;amarelo;;;;;;;;1;5106505;municipio_sede;;;;;;;66110010;sem_cota_alerta;
788;COQUEIRAL;Poconé;5106505;2026-09-06;7.7;10.0;0.8;73.2;0,4260;;0;openmeteo_sisclima_fallback;openmeteo_ecmwf_ifs025;openmeteo_soil_proxy;;;;;Tempestade;amarelo;;;;;;;;1;5106505;municipio_sede;;;;;;;66110010;sem_cota_alerta;
22011;Davi;Poconé;5106505;2026-09-06;7.7;10.0;0.8;73.2;0,4260;;0;openmeteo_sisclima_fallback;openmeteo_ecmwf_ifs025;openmeteo_soil_proxy;;;;;Tempestade;amarelo;;;;;;;;1;5106505;municipio_sede;;;;;;;66110010;sem_cota_alerta;
22043;FRANCÊS;Poconé;5106505;2026-09-06;7.7;10.0;0.8;73.2;0,4260;;0;openmeteo_sisclima_fallback;openmeteo_ecmwf_ifs025;openmeteo_soil_proxy;;;;;Tempestade;amarelo;;;;;;;;1;5106505;municipio_sede;;;;;;;66110010;sem_cota_alerta;
26539;FRIGOPESCA PSICULTURA E FRIGORÍFICO LTDA-EPP;Poconé;5106505;2026-09-06;7.7;10.0;0.8;73.2;0,4260;;0;openmeteo_sisclima_fallback;openmeteo_ecmwf_ifs025;openmeteo_soil_proxy;;;;;Tempestade;amarelo;;;;;;;;1;5106505;municipio_sede;;;;;;;66260001;sem_cota_alerta;
36132;Fazenda Menolli II ? Barramento;Poconé;5106505;2026-09-06;7.7;10.0;0.8;73.2;0,4260;;0;openmeteo_sisclima_fallback;openmeteo_ecmwf_ifs025;openmeteo_soil_proxy;;;;;Tempestade;amarelo;;;;;;;;1;5106505;municipio_sede;;;;;;;66110010;sem_cota_alerta;
36102;Fazenda Poconé - Barramento 2;Poconé;5106505;2026-09-06;7.7;10.0;0.8;73.2;0,4260;;0;openmeteo_sisclima_fallback;openmeteo_ecmwf_ifs025;openmeteo_soil_proxy;;;;;Tempestade;amarelo;;;;;;;;1;5106505;municipio_sede;;;;;;;66110010;sem_cota_alerta;
32088;Fazenda Poconé – Barramento I;Poconé;5106505;2026-09-06;7.7;10.0;0.8;73.2;0,4260;;0;openmeteo_sisclima_fallback;openmeteo_ecmwf_ifs025;openmeteo_soil_proxy;;;;;Tempestade;amarelo;;;;;;;;1;5106505;municipio_sede;;;;;;;66110010;sem_cota_alerta;
5475;GAÚCHO;Poconé;5106505;2026-09-06;7.7;10.0;0.8;73.2;0,4260;;0;openmeteo_sisclima_fallback;openmeteo_ecmwf_ifs025;openmeteo_soil_proxy;;;;;Tempestade;amarelo;;;;;;;;1;5106505;municipio_sede;;;;;;;66110010;sem_cota_alerta;
581;GONÇA;Poconé;5106505;2026-09-06;7.7;10.0;0.8;73.2;0,4260;;0;openmeteo_sisclima_fallback;openmeteo_ecmwf_ifs025;openmeteo_soil_proxy;;;;;Tempestade;amarelo;;;;;;;;1;5106505;municipio_sede;;;;;;;66110010;sem_cota_alerta;
23801;Isa;Poconé;5106505;2026-09-06;7.7;10.0;0.8;73.2;0,4260;;0;openmeteo_sisclima_fallback;openmeteo_ecmwf_ifs025;openmeteo_soil_proxy;;;;;Tempestade;amarelo;;;;;;;;1;5106505;municipio_sede;;;;;;;66110010;sem_cota_alerta;
8000;JOAO PAULO;Poconé;5106505;2026-09-06;7.7;10.0;0.8;73.2;0,4260;;0;openmeteo_sisclima_fallback;openmeteo_ecmwf_ifs025;openmeteo_soil_proxy;;;;;Tempestade;amarelo;;;;;;;;1;5106505;municipio_sede;;;;;;;66110010;sem_cota_alerta;
894;LU;Poconé;5106505;2026-09-06;7.7;10.0;0.8;73.2;0,4260;;0;openmeteo_sisclima_fallback;openmeteo_ecmwf_ifs025;openmeteo_soil_proxy;;;;;Tempestade;amarelo;;;;;;;;1;5106505;municipio_sede;;;;;;;66110010;sem_cota_alerta;
895;MARANATA;Poconé;5106505;2026-09-06;7.7;10.0;0.8;73.2;0,4260;;0;openmeteo_sisclima_fallback;openmeteo_ecmwf_ifs025;openmeteo_soil_proxy;;;;;Tempestade;amarelo;;;;;;;;1;5106505;municipio_sede;;;;;;;66110010;sem_cota_alerta;
20401;MARANATA II;Poconé;5106505;2026-09-06;7.7;10.0;0.8;73.2;0,4260;;0;openmeteo_sisclima_fallback;openmeteo_ecmwf_ifs025;openmeteo_soil_proxy;;;;;Tempestade;amarelo;;;;;;;;1;5106505;municipio_sede;;;;;;;66110010;sem_cota_alerta;
27897;MOCOTÓ;Poconé;5106505;2026-09-06;7.7;10.0;0.8;73.2;0,4260;;0;openmeteo_sisclima_fallback;openmeteo_ecmwf_ifs025;openmeteo_soil_proxy;;;;;Tempestade;amarelo;;;;;;;;1;5106505;municipio_sede;;;;;;;66110010;sem_cota_alerta;
30797;Martins 2;Poconé;5106505;2026-09-06;7.7;10.0;0.8;73.2;0,4260;;0;openmeteo_sisclima_fallback;openmeteo_ecmwf_ifs025;openmeteo_soil_proxy;;;;;Tempestade;amarelo;;;;;;;;1;5106505;municipio_sede;;;;;;;66110010;sem_cota_alerta;
899;OURINHOS I;Poconé;5106505;2026-09-06;7.7;10.0;0.8;73.2;0,4260;;0;openmeteo_sisclima_fallback;openmeteo_ecmwf_ifs025;openmeteo_soil_proxy;;;;;Tempestade;amarelo;;;;;;;;1;5106505;municipio_sede;;;;;;;66110010;sem_cota_alerta;
5459;OURO FINO;Poconé;5106505;2026-09-06;7.7;10.0;0.8;73.2;0,4260;;0;openmeteo_sisclima_fallback;openmeteo_ecmwf_ifs025;openmeteo_soil_proxy;;;;;Tempestade;amarelo;;;;;;;;1;5106505;municipio_sede;;;;;;;66110010;sem_cota_alerta;
5458;RODUÍ II;Poconé;5106505;2026-09-06;7.7;10.0;0.8;73.2;0,4260;;0;openmeteo_sisclima_fallback;openmeteo_ecmwf_ifs025;openmeteo_soil_proxy;;;;;Tempestade;amarelo;;;;;;;;1;5106505;municipio_sede;;;;;;;66110010;sem_cota_alerta;
1276;RONDON;Poconé;5106505;2026-09-06;7.7;10.0;0.8;73.2;0,4260;;0;openmeteo_sisclima_fallback;openmeteo_ecmwf_ifs025;openmeteo_soil_proxy;;;;;Tempestade;amarelo;;;;;;;;1;5106505;municipio_sede;;;;;;;66110010;sem_cota_alerta;
31383;SÃO RAFAEL;Poconé;5106505;2026-09-06;7.7;10.0;0.8;73.2;0,4260;;0;openmeteo_sisclima_fallback;openmeteo_ecmwf_ifs025;openmeteo_soil_proxy;;;;;Tempestade;amarelo;;;;;;;;1;5106505;municipio_sede;;;;;;;66110010;sem_cota_alerta;
27628;TARUMÃ II;Poconé;5106505;2026-09-06;7.7;10.0;0.8;73.2;0,4260;;0;openmeteo_sisclima_fallback;openmeteo_ecmwf_ifs025;openmeteo_soil_proxy;;;;;Tempestade;amarelo;;;;;;;;1;5106505;municipio_sede;;;;;;;66110010;sem_cota_alerta;
27898;VCS;Poconé;5106505;2026-09-06;7.7;10.0;0.8;73.2;0,4260;;0;openmeteo_sisclima_fallback;openmeteo_ecmwf_ifs025;openmeteo_soil_proxy;;;;;Tempestade;amarelo;;;;;;;;1;5106505;municipio_sede;;;;;;;66110010;sem_cota_alerta;
35081;VICTOR;Poconé;5106505;2026-09-06;7.7;10.0;0.8;73.2;0,4260;;0;openmeteo_sisclima_fallback;openmeteo_ecmwf_ifs025;openmeteo_soil_proxy;;;;;Tempestade;amarelo;;;;;;;;1;5106505;municipio_sede;;;;;;;66110010;sem_cota_alerta;
35161;Barragem B1 - Fazenda Sol Nascente;Pontal do Araguaia;5106653;2026-09-06;13.1;18.3;3.8;92.3;0,1540;;0;openmeteo_sisclima_fallback;openmeteo_ecmwf_ifs025;openmeteo_soil_proxy;;;;;Tempestade;amarelo;;;;;;;;2;5106653|5108105;sede_mais_montante_max;;;;;;;24653000;sem_cota_alerta;
36543;Barragem Prefeitura Ponte Branca;Ponte Branca;5106703;2026-09-06;7.0;9.6;9.8;67.6;0,4470;;0;openmeteo_sisclima_fallback;openmeteo_ecmwf_ifs025;openmeteo_soil_proxy;;;;;Tempestade;amarelo;;;;;;;;2;5100300|5106703;sede_mais_montante_max;;;;;;;24179090;sem_cota_alerta;
35573;BARRAGEM DO POÇO;Pontes e Lacerda;5106752;2026-09-06;4.9;5.6;0.0;52.8;1,0000;;0;openmeteo_sisclima_fallback;openmeteo_ecmwf_ifs025;openmeteo_soil_proxy;;;;;Tempestade;amarelo;;;;;;;;1;5106752;municipio_sede;;;;;;;15050001;sem_cota_alerta;
27548;BIG BERION;Pontes e Lacerda;5106752;2026-09-06;4.9;5.6;0.0;52.8;1,0000;;0;openmeteo_sisclima_fallback;openmeteo_ecmwf_ifs025;openmeteo_soil_proxy;;;;;Tempestade;amarelo;;;;;;;;1;5106752;municipio_sede;;;;;;;15050001;sem_cota_alerta;
35103;Barragem Tamboril I;Pontes e Lacerda;5106752;2026-09-06;4.9;5.6;0.0;52.8;1,0000;;0;openmeteo_sisclima_fallback;openmeteo_ecmwf_ifs025;openmeteo_soil_proxy;;;;;Tempestade;amarelo;;;;;;;;1;5106752;municipio_sede;;;;;;;15050001;sem_cota_alerta;
35104;Barragem Tamboril II;Pontes e Lacerda;5106752;2026-09-06;4.9;5.6;0.0;52.8;1,0000;;0;openmeteo_sisclima_fallback;openmeteo_ecmwf_ifs025;openmeteo_soil_proxy;;;;;Tempestade;amarelo;;;;;;;;1;5106752;municipio_sede;;;;;;;15050001;sem_cota_alerta;
36585;CPO1;Pontes e Lacerda;5106752;2026-09-06;7.1;14.8;1.5;68.3;1,0000;;0;openmeteo_sisclima_fallback;openmeteo_ecmwf_ifs025;openmeteo_soil_proxy;;;;;Tempestade;amarelo;;;;;;;;2;5106752|5108352;sede_mais_montante_max;;;;;;;15050001;sem_cota_alerta;
21941;Campos;Pontes e Lacerda;5106752;2026-09-06;4.9;5.6;0.0;52.8;1,0000;;0;openmeteo_sisclima_fallback;openmeteo_ecmwf_ifs025;openmeteo_soil_proxy;;;;;Tempestade;amarelo;;;;;;;;1;5106752;municipio_sede;;;;;;;15050001;sem_cota_alerta;
21942;Elvo 1;Pontes e Lacerda;5106752;2026-09-06;4.9;5.6;0.0;52.8;1,0000;;0;openmeteo_sisclima_fallback;openmeteo_ecmwf_ifs025;openmeteo_soil_proxy;;;;;Tempestade;amarelo;;;;;;;;1;5106752;municipio_sede;;;;;;;15050001;sem_cota_alerta;
21943;Elvo Captação;Pontes e Lacerda;5106752;2026-09-06;4.9;5.6;0.0;52.8;1,0000;;0;openmeteo_sisclima_fallback;openmeteo_ecmwf_ifs025;openmeteo_soil_proxy;;;;;Tempestade;amarelo;;;;;;;;1;5106752;municipio_sede;;;;;;;15050001;sem_cota_alerta;
31305;Manga;Pontes e Lacerda;5106752;2026-09-06;4.9;5.6;0.0;52.8;1,0000;;0;openmeteo_sisclima_fallback;openmeteo_ecmwf_ifs025;openmeteo_soil_proxy;;;;;Tempestade;amarelo;;;;;;;;1;5106752;municipio_sede;;;;;;;15050001;sem_cota_alerta;
22459;Massa d'Água #125702;Pontes e Lacerda;5106752;2026-09-06;4.9;5.6;0.0;52.8;1,0000;;0;openmeteo_sisclima_fallback;openmeteo_ecmwf_ifs025;openmeteo_soil_proxy;;;;;Tempestade;amarelo;;;;;;;;1;5106752;municipio_sede;;;;;;;;;
22498;Massa d'Água #139258;Pontes e Lacerda;5106752;2026-09-06;4.9;5.6;0.0;52.8;1,0000;;0;openmeteo_sisclima_fallback;openmeteo_ecmwf_ifs025;openmeteo_soil_proxy;;;;;Tempestade;amarelo;;;;;;;;1;5106752;municipio_sede;;;;;;;;;
22503;Massa d'Água #140377;Pontes e Lacerda;5106752;2026-09-06;4.9;5.6;0.0;52.8;1,0000;;0;openmeteo_sisclima_fallback;openmeteo_ecmwf_ifs025;openmeteo_soil_proxy;;;;;Tempestade;amarelo;;;;;;;;1;5106752;municipio_sede;;;;;;;;;
22621;Massa d'Água #162788;Pontes e Lacerda;5106752;2026-09-06;4.9;5.6;0.0;52.8;1,0000;;0;openmeteo_sisclima_fallback;openmeteo_ecmwf_ifs025;openmeteo_soil_proxy;;;;;Tempestade;amarelo;;;;;;;;1;5106752;municipio_sede;;;;;;;;;
22374;Massa d'Água #94452;Pontes e Lacerda;5106752;2026-09-06;4.9;5.6;0.0;52.8;1,0000;;0;openmeteo_sisclima_fallback;openmeteo_ecmwf_ifs025;openmeteo_soil_proxy;;;;;Tempestade;amarelo;;;;;;;;1;5106752;municipio_sede;;;;;;;;;
29388;P.R.A;Pontes e Lacerda;5106752;2026-09-06;4.9;5.6;0.0;52.8;1,0000;;0;openmeteo_sisclima_fallback;openmeteo_ecmwf_ifs025;openmeteo_soil_proxy;;;;;Tempestade;amarelo;;;;;;;;1;5106752;municipio_sede;;;;;;;15050001;sem_cota_alerta;
31011;Reservatório de Água P.R.A.;Pontes e Lacerda;5106752;2026-09-06;4.9;5.6;0.0;52.8;1,0000;;0;openmeteo_sisclima_fallback;openmeteo_ecmwf_ifs025;openmeteo_soil_proxy;;;;;Tempestade;amarelo;;;;;;;;1;5106752;municipio_sede;;;;;;;15050001;sem_cota_alerta;
26261;SR.PEDRINHO;Pontes e Lacerda;5106752;2026-09-06;4.9;5.6;0.0;52.8;1,0000;;0;openmeteo_sisclima_fallback;openmeteo_ecmwf_ifs025;openmeteo_soil_proxy;;;;;Tempestade;amarelo;;;;;;;;1;5106752;municipio_sede;;;;;;;15050001;sem_cota_alerta;
36578;Barramento 1 a montante ? Fazenda Celentano;Porto dos Gaúchos;5106802;2026-09-06;5.2;8.2;8.1;54.9;0,9940;0,55;0;openmeteo_sisclima_fallback;openmeteo_ecmwf_ifs025;openmeteo_soil_proxy;hidro_risco_municipal;verde;;;Tempestade;amarelo;;;;;;;;4;5105903|5106224|5106802|5107305;sede_mais_montante_max;;;;;;;17120050;sem_cota_alerta;
35728;Barramento Jerusalém;Porto dos Gaúchos;5106802;2026-09-06;5.2;8.2;2.0;54.9;0,7780;;0;openmeteo_sisclima_fallback;openmeteo_ecmwf_ifs025;openmeteo_soil_proxy;;;;;Tempestade;amarelo;;;;;;;;1;5106802;municipio_sede;;;;;;;17120050;sem_cota_alerta;
36577;Barramento Principal ? Fazenda Celentano;Porto dos Gaúchos;5106802;2026-09-06;5.2;8.2;8.1;54.9;0,9940;0,55;0;openmeteo_sisclima_fallback;openmeteo_ecmwf_ifs025;openmeteo_soil_proxy;hidro_risco_municipal;verde;;;Tempestade;amarelo;;;;;;;;4;5105903|5106224|5106802|5107305;sede_mais_montante_max;;;;;;;17120050;sem_cota_alerta;
35001;Barramento Santa Rita;Porto dos Gaúchos;5106802;2026-09-06;5.2;8.2;8.1;54.9;0,9940;0,55;0;openmeteo_sisclima_fallback;openmeteo_ecmwf_ifs025;openmeteo_soil_proxy;hidro_risco_municipal;verde;;;Tempestade;amarelo;;;;;;;;4;5105903|5106224|5106802|5107305;sede_mais_montante_max;;;;;;;17120050;sem_cota_alerta;
34978;Barramento principal - Fazenda Sinop I;Porto dos Gaúchos;5106802;2026-09-06;5.2;8.2;2.0;54.9;0,7780;;0;openmeteo_sisclima_fallback;openmeteo_ecmwf_ifs025;openmeteo_soil_proxy;;;;;Tempestade;amarelo;;;;;;;;1;5106802;municipio_sede;;;;;;;17273100;sem_cota_alerta;
34034;CGH Rancho Fundo - CGH RANCHO FUNDO;Porto dos Gaúchos;5106802;2026-09-06;5.2;8.2;2.0;54.9;0,7780;;0;openmeteo_sisclima_fallback;openmeteo_ecmwf_ifs025;openmeteo_soil_proxy;;;;;Tempestade;amarelo;;;;;;;;1;5106802;municipio_sede;;;;;;;17275100;sem_cota_alerta;
20317;Faz. Agrovera;Porto dos Gaúchos;5106802;2026-09-06;5.2;8.2;2.0;54.9;0,7780;;0;openmeteo_sisclima_fallback;openmeteo_ecmwf_ifs025;openmeteo_soil_proxy;;;;;Tempestade;amarelo;;;;;;;;1;5106802;municipio_sede;;;;;;;17275100;sem_cota_alerta;
5479;Fazenda Padre Cicero;Porto dos Gaúchos;5106802;2026-09-06;5.2;8.2;2.0;54.9;0,7780;;0;openmeteo_sisclima_fallback;openmeteo_ecmwf_ifs025;openmeteo_soil_proxy;;;;;Tempestade;amarelo;;;;;;;;1;5106802;municipio_sede;;;;;;;17120050;sem_cota_alerta;
20998;Estância Maristela - Barragem 01;Porto Esperidião;5106828;2026-09-06;12.0;14.9;0.0;88.0;0,7290;;0;openmeteo_sisclima_fallback;openmeteo_ecmwf_ifs025;openmeteo_soil_proxy;;;;;Tempestade;amarelo;;;;;;;;1;5106828;municipio_sede;;;;;;;66072005;sem_cota_alerta;
20999;Estância Maristela - Barragem 02;Porto Esperidião;5106828;2026-09-06;12.0;14.9;0.0;88.0;0,7290;;0;openmeteo_sisclima_fallback;openmeteo_ecmwf_ifs025;openmeteo_soil_proxy;;;;;Tempestade;amarelo;;;;;;;;1;5106828;municipio_sede;;;;;;;66072005;sem_cota_alerta;
21000;Estância Maristela - Barragem 03;Porto Esperidião;5106828;2026-09-06;12.0;14.9;0.0;88.0;0,7290;;0;openmeteo_sisclima_fallback;openmeteo_ecmwf_ifs025;openmeteo_soil_proxy;;;;;Tempestade;amarelo;;;;;;;;1;5106828;municipio_sede;;;;;;;66072005;sem_cota_alerta;
5;Fazenda São Pedro;Porto Esperidião;5106828;2026-09-06;12.0;14.9;0.0;88.0;0,7290;;0;openmeteo_sisclima_fallback;openmeteo_ecmwf_ifs025;openmeteo_soil_proxy;;;;;Tempestade;amarelo;;;;;;;;1;5106828;municipio_sede;;;;;;;;;
36061;Barramento - Fazenda São Matheus I;Poxoréu;5107008;2026-09-06;0.2;1.6;7.4;10.6;0,3100;;0;openmeteo_sisclima_fallback;openmeteo_ecmwf_ifs025;openmeteo_soil_proxy;;;;;Tempestade;amarelo;;;;;;;;1;5107008;municipio_sede;;;;;;;66420000;sem_cota_alerta;
27278;Fazenda Copacabana;Poxoréu;5107008;2026-09-06;0.2;1.6;7.4;10.6;0,3100;;0;openmeteo_sisclima_fallback;openmeteo_ecmwf_ifs025;openmeteo_soil_proxy;;;;;Tempestade;amarelo;;;;;;;;1;5107008;municipio_sede;;;;;;;26033700;sem_cota_alerta;
34498;Fazenda Nossa Senhora Aparecida;Poxoréu;5107008;2026-09-06;0.2;1.6;7.4;10.6;0,3100;;0;openmeteo_sisclima_fallback;openmeteo_ecmwf_ifs025;openmeteo_soil_proxy;;;;;Tempestade;amarelo;;;;;;;;1;5107008;municipio_sede;;;;;;;66420000;sem_cota_alerta;
36565;Fazenda Santa Clara ? Área B;Poxoréu;5107008;2026-09-06;0.2;1.6;17.7;10.6;0,7120;;0;openmeteo_sisclima_fallback;openmeteo_ecmwf_ifs025;openmeteo_soil_proxy;;;;;Tempestade;amarelo;;;;;;;;3;5102678|5103601|5107008;sede_mais_montante_max;;;;;;;26033700;sem_cota_alerta;
36623;Fazenda Varjão;Poxoréu;5107008;2026-09-06;0.2;1.6;7.4;10.6;0,3100;;0;openmeteo_sisclima_fallback;openmeteo_ecmwf_ifs025;openmeteo_soil_proxy;;;;;Tempestade;amarelo;;;;;;;;1;5107008;municipio_sede;;;;;;;66420000;sem_cota_alerta;
26328;Fazenda Água Boa;Poxoréu;5107008;2026-09-06;0.2;1.6;7.4;10.6;0,3100;;0;openmeteo_sisclima_fallback;openmeteo_ecmwf_ifs025;openmeteo_soil_proxy;;;;;Tempestade;amarelo;;;;;;;;1;5107008;municipio_sede;;;;;;;66420000;sem_cota_alerta;
30836;Mariana IB;Poxoréu;5107008;2026-09-06;0.2;1.6;7.4;10.6;0,3100;;0;openmeteo_sisclima_fallback;openmeteo_ecmwf_ifs025;openmeteo_soil_proxy;;;;;Tempestade;amarelo;;;;;;;;1;5107008;municipio_sede;;;;;;;66420000;sem_cota_alerta;
28886;Mariana II;Poxoréu;5107008;2026-09-06;0.2;1.6;7.4;10.6;0,3100;;0;openmeteo_sisclima_fallback;openmeteo_ecmwf_ifs025;openmeteo_soil_proxy;;;;;Tempestade;amarelo;;;;;;;;1;5107008;municipio_sede;;;;;;;66420000;sem_cota_alerta;
4984;PCH Poxoréo (José Fragelli) - Poxoréo;Poxoréu;5107008;2026-09-06;0.2;1.6;7.4;10.6;0,3100;;0;openmeteo_sisclima_fallback;openmeteo_ecmwf_ifs025;openmeteo_soil_proxy;;;;;Tempestade;amarelo;;;;;;;;1;5107008;municipio_sede;;;;;;;66420180;sem_cota_alerta;
4257;PCH Primavera - Primavera;Poxoréu;5107008;2026-09-06;0.2;1.6;7.4;10.6;0,3100;;0;openmeteo_sisclima_fallback;openmeteo_ecmwf_ifs025;openmeteo_soil_proxy;;;;;Tempestade;amarelo;;;;;;;;1;5107008;municipio_sede;;;;;;;26033750;sem_cota_alerta;
36069;Reservatório São José;Poxoréu;5107008;2026-09-06;0.2;1.6;7.4;10.6;0,3100;;0;openmeteo_sisclima_fallback;openmeteo_ecmwf_ifs025;openmeteo_soil_proxy;;;;;Tempestade;amarelo;;;;;;;;1;5107008;municipio_sede;;;;;;;26033700;sem_cota_alerta;
36494;BARRAGEM IBF;Primavera do Leste;5107040;2026-09-06;1.2;2.5;11.6;23.9;0,8300;;0;openmeteo_sisclima_fallback;openmeteo_ecmwf_ifs025;openmeteo_soil_proxy;;;;;Tempestade;amarelo;;;;;;;;1;5107040;municipio_sede;;;;;;;26033900;sem_cota_alerta;
35164;BARRAGEM TROJAN;Primavera do Leste;5107040;2026-09-06;1.2;2.5;11.6;23.9;0,8300;;0;openmeteo_sisclima_fallback;openmeteo_ecmwf_ifs025;openmeteo_soil_proxy;;;;;Tempestade;amarelo;;;;;;;;1;5107040;municipio_sede;;;;;;;26033900;sem_cota_alerta;
34730;Barragem Bravin;Primavera do Leste;5107040;2026-09-06;1.2;2.5;11.6;23.9;0,8300;;0;openmeteo_sisclima_fallback;openmeteo_ecmwf_ifs025;openmeteo_soil_proxy;;;;;Tempestade;amarelo;;;;;;;;1;5107040;municipio_sede;;;;;;;26033900;sem_cota_alerta;
20151;Barragem Planalto;Primavera do Leste;5107040;2026-09-06;1.2;2.5;11.6;23.9;0,8300;;0;openmeteo_sisclima_fallback;openmeteo_ecmwf_ifs025;openmeteo_soil_proxy;;;;;Tempestade;amarelo;;;;;;;;1;5107040;municipio_sede;;;;;;;26034700;sem_cota_alerta;
34610;Barramento - Fazenda Luchese I;Primavera do Leste;5107040;2026-09-06;1.2;2.5;11.6;23.9;0,8300;;0;openmeteo_sisclima_fallback;openmeteo_ecmwf_ifs025;openmeteo_soil_proxy;;;;;Tempestade;amarelo;;;;;;;;1;5107040;municipio_sede;;;;;;;26033900;sem_cota_alerta;
30960;Barramento - Fazenda Progresso I e II;Primavera do Leste;5107040;2026-09-06;1.2;2.5;11.6;23.9;0,8300;;0;openmeteo_sisclima_fallback;openmeteo_ecmwf_ifs025;openmeteo_soil_proxy;;;;;Tempestade;amarelo;;;;;;;;1;5107040;municipio_sede;;;;;;;26034700;sem_cota_alerta;
243;Barramento Fazenda Maranata e Maranata II;Primavera do Leste;5107040;2026-09-06;1.2;2.5;11.6;23.9;0,8300;;0;openmeteo_sisclima_fallback;openmeteo_ecmwf_ifs025;openmeteo_soil_proxy;;;;;Tempestade;amarelo;;;;;;;;1;5107040;municipio_sede;;;;;;;26033900;sem_cota_alerta;
331;Barramento I (montante)  Fazenda São Domingos;Primavera do Leste;5107040;2026-09-06;1.2;2.5;11.6;23.9;0,8300;;0;openmeteo_sisclima_fallback;openmeteo_ecmwf_ifs025;openmeteo_soil_proxy;;;;;Tempestade;amarelo;;;;;;;;1;5107040;municipio_sede;;;;;;;26033750;sem_cota_alerta;
330;Barramento I (montante) ?  Fazenda São Domingos;Primavera do Leste;5107040;2026-09-06;1.2;2.5;11.6;23.9;0,8300;;0;openmeteo_sisclima_fallback;openmeteo_ecmwf_ifs025;openmeteo_soil_proxy;;;;;Tempestade;amarelo;;;;;;;;1;5107040;municipio_sede;;;;;;;26033750;sem_cota_alerta;
36004;Barramento II - Fazenda São Domingos;Primavera do Leste;5107040;2026-09-06;1.2;2.5;11.6;23.9;0,8300;;0;openmeteo_sisclima_fallback;openmeteo_ecmwf_ifs025;openmeteo_soil_proxy;;;;;Tempestade;amarelo;;;;;;;;1;5107040;municipio_sede;;;;;;;26033750;sem_cota_alerta;
36332;Barramento II ? Fazenda São Domingos;Primavera do Leste;5107040;2026-09-06;1.2;2.5;11.6;23.9;0,8300;;0;openmeteo_sisclima_fallback;openmeteo_ecmwf_ifs025;openmeteo_soil_proxy;;;;;Tempestade;amarelo;;;;;;;;1;5107040;municipio_sede;;;;;;;26033750;sem_cota_alerta;
36005;Barramento III (montante) ? Fazenda São Domingos;Primavera do Leste;5107040;2026-09-06;1.2;2.5;11.6;23.9;0,8300;;0;openmeteo_sisclima_fallback;openmeteo_ecmwf_ifs025;openmeteo_soil_proxy;;;;;Tempestade;amarelo;;;;;;;;1;5107040;municipio_sede;;;;;;;26033750;sem_cota_alerta;
36335;Barramento III? Fazenda São Domingos;Primavera do Leste;5107040;2026-09-06;1.2;2.5;11.6;23.9;0,8300;;0;openmeteo_sisclima_fallback;openmeteo_ecmwf_ifs025;openmeteo_soil_proxy;;;;;Tempestade;amarelo;;;;;;;;1;5107040;municipio_sede;;;;;;;26033750;sem_cota_alerta;
35175;Fazenda Massapé - Barramento (principal);Primavera do Leste;5107040;2026-09-06;1.2;2.5;17.7;23.9;0,8300;;0;openmeteo_sisclima_fallback;openmeteo_ecmwf_ifs025;openmeteo_soil_proxy;;;;;Tempestade;amarelo;;;;;;;;3;5102678|5103601|5107040;sede_mais_montante_max;;;;;;;26033900;sem_cota_alerta;
219;Fazenda Santa Maria;Primavera do Leste;5107040;2026-09-06;1.2;2.5;11.6;23.9;0,8300;;0;openmeteo_sisclima_fallback;openmeteo_ecmwf_ifs025;openmeteo_soil_proxy;;;;;Tempestade;amarelo;;;;;;;;1;5107040;municipio_sede;;;;;;;26033900;sem_cota_alerta;
8101;Fazenda São Judas;Primavera do Leste;5107040;2026-09-06;1.2;2.5;11.6;23.9;0,8300;;0;openmeteo_sisclima_fallback;openmeteo_ecmwf_ifs025;openmeteo_soil_proxy;;;;;Tempestade;amarelo;;;;;;;;1;5107040;municipio_sede;;;;;;;26033750;sem_cota_alerta;
279;Fazenda São Judas Tadeu;Primavera do Leste;5107040;2026-09-06;1.2;2.5;11.6;23.9;0,8300;;0;openmeteo_sisclima_fallback;openmeteo_ecmwf_ifs025;openmeteo_soil_proxy;;;;;Tempestade;amarelo;;;;;;;;1;5107040;municipio_sede;;;;;;;26033750;sem_cota_alerta;
8103;Fazenda São Luiz - Barragem 01;Primavera do Leste;5107040;2026-09-06;1.2;2.5;11.6;23.9;0,8300;;0;openmeteo_sisclima_fallback;openmeteo_ecmwf_ifs025;openmeteo_soil_proxy;;;;;Tempestade;amarelo;;;;;;;;1;5107040;municipio_sede;;;;;;;26033750;sem_cota_alerta;
8104;Fazenda São Luiz - Barragem 02;Primavera do Leste;5107040;2026-09-06;1.2;2.5;11.6;23.9;0,8300;;0;openmeteo_sisclima_fallback;openmeteo_ecmwf_ifs025;openmeteo_soil_proxy;;;;;Tempestade;amarelo;;;;;;;;1;5107040;municipio_sede;;;;;;;26033750;sem_cota_alerta;
8100;Fazenda São Luiz - Barragem 03;Primavera do Leste;5107040;2026-09-06;1.2;2.5;11.6;23.9;0,8300;;0;openmeteo_sisclima_fallback;openmeteo_ecmwf_ifs025;openmeteo_soil_proxy;;;;;Tempestade;amarelo;;;;;;;;1;5107040;municipio_sede;;;;;;;26033750;sem_cota_alerta;
8099;Fazenda São Luiz - Barragem 04;Primavera do Leste;5107040;2026-09-06;1.2;2.5;11.6;23.9;0,8300;;0;openmeteo_sisclima_fallback;openmeteo_ecmwf_ifs025;openmeteo_soil_proxy;;;;;Tempestade;amarelo;;;;;;;;1;5107040;municipio_sede;;;;;;;26033750;sem_cota_alerta;
36408;Reservatório artificial - Fazenda Iberê;Primavera do Leste;5107040;2026-09-06;1.2;2.5;11.6;23.9;0,8300;;0;openmeteo_sisclima_fallback;openmeteo_ecmwf_ifs025;openmeteo_soil_proxy;;;;;Tempestade;amarelo;;;;;;;;1;5107040;municipio_sede;;;;;;;26033900;sem_cota_alerta;
35322;Tanque Pulmão - Reservatório 1;Primavera do Leste;5107040;2026-09-06;1.2;2.5;11.6;23.9;0,8300;;0;openmeteo_sisclima_fallback;openmeteo_ecmwf_ifs025;openmeteo_soil_proxy;;;;;Tempestade;amarelo;;;;;;;;1;5107040;municipio_sede;;;;;;;26033700;sem_cota_alerta;
35286;Tanque Pulmão - Reservatório 2;Primavera do Leste;5107040;2026-09-06;1.2;2.5;11.6;23.9;0,8300;;0;openmeteo_sisclima_fallback;openmeteo_ecmwf_ifs025;openmeteo_soil_proxy;;;;;Tempestade;amarelo;;;;;;;;1;5107040;municipio_sede;;;;;;;26033750;sem_cota_alerta;
35083;Tanque Pulmão Trojan;Primavera do Leste;5107040;2026-09-06;1.2;2.5;11.6;23.9;0,8300;;0;openmeteo_sisclima_fallback;openmeteo_ecmwf_ifs025;openmeteo_soil_proxy;;;;;Tempestade;amarelo;;;;;;;;1;5107040;municipio_sede;;;;;;;26033900;sem_cota_alerta;
26532;ÁGUAS DE PRIMAVERA LTDA;Primavera do Leste;5107040;2026-09-06;1.2;2.5;11.6;23.9;0,8300;;0;openmeteo_sisclima_fallback;openmeteo_ecmwf_ifs025;openmeteo_soil_proxy;;;;;Tempestade;amarelo;;;;;;;;1;5107040;municipio_sede;;;;;;;26033700;sem_cota_alerta;
26239;Barragem Torio 01;Paranaíta;5106299;2026-09-06;17.9;30.5;13.6;97.2;1,0000;0,55;0;openmeteo_sisclima_fallback;openmeteo_ecmwf_ifs025;openmeteo_soil_proxy;hidro_risco_municipal;verde;;;Tempestade;amarelo;;;;;;44.39;openmeteo_glofas_copernicus_ems;14;5102793|5104526|5104559|5105259|5105580|5106190|5106216|5106299|5107768|5107909|5107925|5108006|5108055|5108501;sede_mais_montante_max;;;;;;;17382110;sem_cota_alerta;
8002;BACIA DE REJEITOS BOM JARDIM;Poconé;5106505;2026-09-06;7.7;10.0;0.8;73.2;0,4260;;0;openmeteo_sisclima_fallback;openmeteo_ecmwf_ifs025;openmeteo_soil_proxy;;;;;Tempestade;amarelo;;;;;;;;1;5106505;municipio_sede;;;;;;;66110010;sem_cota_alerta;
1279;BARRAGEM T01;Poconé;5106505;2026-09-06;7.7;10.0;0.8;73.2;0,4260;;0;openmeteo_sisclima_fallback;openmeteo_ecmwf_ifs025;openmeteo_soil_proxy;;;;;Tempestade;amarelo;;;;;;;;1;5106505;municipio_sede;;;;;;;66110010;sem_cota_alerta;
5477;BR ISMAEL;Poconé;5106505;2026-09-06;7.7;10.0;0.8;73.2;0,4260;;0;openmeteo_sisclima_fallback;openmeteo_ecmwf_ifs025;openmeteo_soil_proxy;;;;;Tempestade;amarelo;;;;;;;;1;5106505;municipio_sede;;;;;;;66110010;sem_cota_alerta;
23798;Barragem 01;Poconé;5106505;2026-09-06;7.7;10.0;0.8;73.2;0,4260;;0;openmeteo_sisclima_fallback;openmeteo_ecmwf_ifs025;openmeteo_soil_proxy;;;;;Tempestade;amarelo;;;;;;;;1;5106505;municipio_sede;;;;;;;66110010;sem_cota_alerta;
23799;Barragem 02;Poconé;5106505;2026-09-06;7.7;10.0;0.8;73.2;0,4260;;0;openmeteo_sisclima_fallback;openmeteo_ecmwf_ifs025;openmeteo_soil_proxy;;;;;Tempestade;amarelo;;;;;;;;1;5106505;municipio_sede;;;;;;;66110010;sem_cota_alerta;
20398;Barragem AFGM GP2;Poconé;5106505;2026-09-06;7.7;10.0;0.8;73.2;0,4260;;0;openmeteo_sisclima_fallback;openmeteo_ecmwf_ifs025;openmeteo_soil_proxy;;;;;Tempestade;amarelo;;;;;;;;1;5106505;municipio_sede;;;;;;;66110010;sem_cota_alerta;
35939;Barragem Barba 02;Poconé;5106505;2026-09-06;7.7;10.0;0.8;73.2;0,4260;;0;openmeteo_sisclima_fallback;openmeteo_ecmwf_ifs025;openmeteo_soil_proxy;;;;;Tempestade;amarelo;;;;;;;;1;5106505;municipio_sede;;;;;;;66110010;sem_cota_alerta;
21952;Barragem Jatobá;Poconé;5106505;2026-09-06;7.7;10.0;0.8;73.2;0,4260;;0;openmeteo_sisclima_fallback;openmeteo_ecmwf_ifs025;openmeteo_soil_proxy;;;;;Tempestade;amarelo;;;;;;;;1;5106505;municipio_sede;;;;;;;66110010;sem_cota_alerta;
21954;Barragem Magrini;Poconé;5106505;2026-09-06;7.7;10.0;0.8;73.2;0,4260;;0;openmeteo_sisclima_fallback;openmeteo_ecmwf_ifs025;openmeteo_soil_proxy;;;;;Tempestade;amarelo;;;;;;;;1;5106505;municipio_sede;;;;;;;66110010;sem_cota_alerta;
7996;Barragem T05;Poconé;5106505;2026-09-06;7.7;10.0;0.8;73.2;0,4260;;0;openmeteo_sisclima_fallback;openmeteo_ecmwf_ifs025;openmeteo_soil_proxy;;;;;Tempestade;amarelo;;;;;;;;1;5106505;municipio_sede;;;;;;;66110010;sem_cota_alerta;
7995;Barragem T06;Poconé;5106505;2026-09-06;7.7;10.0;0.8;73.2;0,4260;;0;openmeteo_sisclima_fallback;openmeteo_ecmwf_ifs025;openmeteo_soil_proxy;;;;;Tempestade;amarelo;;;;;;;;1;5106505;municipio_sede;;;;;;;66110010;sem_cota_alerta;
26145;Barragem de Rejeitos SB 02;Poconé;5106505;2026-09-06;7.7;10.0;0.8;73.2;0,4260;;0;openmeteo_sisclima_fallback;openmeteo_ecmwf_ifs025;openmeteo_soil_proxy;;;;;Tempestade;amarelo;;;;;;;;1;5106505;municipio_sede;;;;;;;66110010;sem_cota_alerta;
8004;CANGAS;Poconé;5106505;2026-09-06;7.7;10.0;0.8;73.2;0,4260;;0;openmeteo_sisclima_fallback;openmeteo_ecmwf_ifs025;openmeteo_soil_proxy;;;;;Tempestade;amarelo;;;;;;;;1;5106505;municipio_sede;;;;;;;66110010;sem_cota_alerta;
26629;DIEGO;Poconé;5106505;2026-09-06;7.7;10.0;0.8;73.2;0,4260;;0;openmeteo_sisclima_fallback;openmeteo_ecmwf_ifs025;openmeteo_soil_proxy;;;;;Tempestade;amarelo;;;;;;;;1;5106505;municipio_sede;;;;;;;66110010;sem_cota_alerta;
792;FRED;Poconé;5106505;2026-09-06;7.7;10.0;0.8;73.2;0,4260;;0;openmeteo_sisclima_fallback;openmeteo_ecmwf_ifs025;openmeteo_soil_proxy;;;;;Tempestade;amarelo;;;;;;;;1;5106505;municipio_sede;;;;;;;66110010;sem_cota_alerta;
22042;Fazenda Nova;Poconé;5106505;2026-09-06;7.7;10.0;0.8;73.2;0,4260;;0;openmeteo_sisclima_fallback;openmeteo_ecmwf_ifs025;openmeteo_soil_proxy;;;;;Tempestade;amarelo;;;;;;;;1;5106505;municipio_sede;;;;;;;66110010;sem_cota_alerta;
20434;Grameiro;Poconé;5106505;2026-09-06;7.7;10.0;0.8;73.2;0,4260;;0;openmeteo_sisclima_fallback;openmeteo_ecmwf_ifs025;openmeteo_soil_proxy;;;;;Tempestade;amarelo;;;;;;;;1;5106505;municipio_sede;;;;;;;66110010;sem_cota_alerta;
26133;Martins;Poconé;5106505;2026-09-06;7.7;10.0;0.8;73.2;0,4260;;0;openmeteo_sisclima_fallback;openmeteo_ecmwf_ifs025;openmeteo_soil_proxy;;;;;Tempestade;amarelo;;;;;;;;1;5106505;municipio_sede;;;;;;;66110010;sem_cota_alerta;
5436;SANDRO GOMES;Poconé;5106505;2026-09-06;7.7;10.0;0.8;73.2;0,4260;;0;openmeteo_sisclima_fallback;openmeteo_ecmwf_ifs025;openmeteo_soil_proxy;;;;;Tempestade;amarelo;;;;;;;;1;5106505;municipio_sede;;;;;;;66110010;sem_cota_alerta;
27573;STC03;Poconé;5106505;2026-09-06;7.7;10.0;0.8;73.2;0,4260;;0;openmeteo_sisclima_fallback;openmeteo_ecmwf_ifs025;openmeteo_soil_proxy;;;;;Tempestade;amarelo;;;;;;;;1;5106505;municipio_sede;;;;;;;66110010;sem_cota_alerta;
37706;Sítio Alegre;Poconé;5106505;2026-09-06;7.7;10.0;0.8;73.2;0,4260;;0;openmeteo_sisclima_fallback;openmeteo_ecmwf_ifs025;openmeteo_soil_proxy;;;;;Tempestade;amarelo;;;;;;;;1;5106505;municipio_sede;;;;;;;66110010;sem_cota_alerta;
26139;TUPA 2;Poconé;5106505;2026-09-06;7.7;10.0;0.8;73.2;0,4260;;0;openmeteo_sisclima_fallback;openmeteo_ecmwf_ifs025;openmeteo_soil_proxy;;;;;Tempestade;amarelo;;;;;;;;1;5106505;municipio_sede;;;;;;;66110010;sem_cota_alerta;
26140;TUPA 3;Poconé;5106505;2026-09-06;7.7;10.0;0.8;73.2;0,4260;;0;openmeteo_sisclima_fallback;openmeteo_ecmwf_ifs025;openmeteo_soil_proxy;;;;;Tempestade;amarelo;;;;;;;;1;5106505;municipio_sede;;;;;;;66110010;sem_cota_alerta;
34787;Tupa 1;Poconé;5106505;2026-09-06;7.7;10.0;0.8;73.2;0,4260;;0;openmeteo_sisclima_fallback;openmeteo_ecmwf_ifs025;openmeteo_soil_proxy;;;;;Tempestade;amarelo;;;;;;;;1;5106505;municipio_sede;;;;;;;66110010;sem_cota_alerta;
26164;Bacia Grota da Onça;Pontes e Lacerda;5106752;2026-09-06;4.9;5.6;0.0;52.8;1,0000;;0;openmeteo_sisclima_fallback;openmeteo_ecmwf_ifs025;openmeteo_soil_proxy;;;;;Tempestade;amarelo;;;;;;;;1;5106752;municipio_sede;;;;;;;15050001;sem_cota_alerta;
577;Barragem EPP;Pontes e Lacerda;5106752;2026-09-06;4.9;5.6;0.0;52.8;1,0000;;0;openmeteo_sisclima_fallback;openmeteo_ecmwf_ifs025;openmeteo_soil_proxy;;;;;Tempestade;amarelo;;;;;;;;1;5106752;municipio_sede;;;;;;;15050001;sem_cota_alerta;
31643;Beariz;Pontes e Lacerda;5106752;2026-09-06;4.9;5.6;0.0;52.8;1,0000;;0;openmeteo_sisclima_fallback;openmeteo_ecmwf_ifs025;openmeteo_soil_proxy;;;;;Tempestade;amarelo;;;;;;;;1;5106752;municipio_sede;;;;;;;15050001;sem_cota_alerta;
35254;Beariz 2;Pontes e Lacerda;5106752;2026-09-06;4.9;5.6;0.0;52.8;1,0000;;0;openmeteo_sisclima_fallback;openmeteo_ecmwf_ifs025;openmeteo_soil_proxy;;;;;Tempestade;amarelo;;;;;;;;1;5106752;municipio_sede;;;;;;;15050001;sem_cota_alerta;
21924;Berion;Pontes e Lacerda;5106752;2026-09-06;4.9;5.6;0.0;52.8;1,0000;;0;openmeteo_sisclima_fallback;openmeteo_ecmwf_ifs025;openmeteo_soil_proxy;;;;;Tempestade;amarelo;;;;;;;;1;5106752;municipio_sede;;;;;;;15050001;sem_cota_alerta;
21946;Fortuna;Pontes e Lacerda;5106752;2026-09-06;4.9;5.6;0.0;52.8;1,0000;;0;openmeteo_sisclima_fallback;openmeteo_ecmwf_ifs025;openmeteo_soil_proxy;;;;;Tempestade;amarelo;;;;;;;;1;5106752;municipio_sede;;;;;;;15050001;sem_cota_alerta;
35099;LV-01;Pontes e Lacerda;5106752;2026-09-06;4.9;5.6;0.0;52.8;1,0000;;0;openmeteo_sisclima_fallback;openmeteo_ecmwf_ifs025;openmeteo_soil_proxy;;;;;Tempestade;amarelo;;;;;;;;1;5106752;municipio_sede;;;;;;;15050001;sem_cota_alerta;
37772;Barramento 1 A Montante ? Fazenda Celentano;Porto dos Gaúchos;5106802;2026-09-06;5.2;8.2;8.1;54.9;0,9940;0,55;0;openmeteo_sisclima_fallback;openmeteo_ecmwf_ifs025;openmeteo_soil_proxy;hidro_risco_municipal;verde;;;Tempestade;amarelo;;;;;;;;4;5105903|5106224|5106802|5107305;sede_mais_montante_max;;;;;;;17120050;sem_cota_alerta;
37771;Barramento Principal ? Fazenda Celentano;Porto dos Gaúchos;5106802;2026-09-06;5.2;8.2;8.1;54.9;0,9940;0,55;0;openmeteo_sisclima_fallback;openmeteo_ecmwf_ifs025;openmeteo_soil_proxy;hidro_risco_municipal;verde;;;Tempestade;amarelo;;;;;;;;4;5105903|5106224|5106802|5107305;sede_mais_montante_max;;;;;;;17120050;sem_cota_alerta;
35109;BARRAGEM II;Querência;5107065;2026-09-06;6.4;7.3;4.6;66.2;0,8980;;0;openmeteo_sisclima_fallback;openmeteo_ecmwf_ifs025;openmeteo_soil_proxy;;;;;Tempestade;amarelo;;;;;;;;1;5107065;municipio_sede;;;;;;;18428000;sem_cota_alerta;
32118;BARRAGEM NA FAZENDA WENTZ;Querência;5107065;2026-09-06;6.4;7.3;4.6;66.2;0,8980;;0;openmeteo_sisclima_fallback;openmeteo_ecmwf_ifs025;openmeteo_soil_proxy;;;;;Tempestade;amarelo;;;;;;;;1;5107065;municipio_sede;;;;;;;18428000;sem_cota_alerta;
35170;BARRAGEM SÃO JOSÉ I;Querência;5107065;2026-09-06;6.4;7.3;4.6;66.2;0,8980;;0;openmeteo_sisclima_fallback;openmeteo_ecmwf_ifs025;openmeteo_soil_proxy;;;;;Tempestade;amarelo;;;;;;;;1;5107065;municipio_sede;;;;;;;18426200;sem_cota_alerta;
35650;BARRAGEM SÃO JOSÉ II;Querência;5107065;2026-09-06;6.4;7.3;4.6;66.2;0,8980;;0;openmeteo_sisclima_fallback;openmeteo_ecmwf_ifs025;openmeteo_soil_proxy;;;;;Tempestade;amarelo;;;;;;;;1;5107065;municipio_sede;;;;;;;18426200;sem_cota_alerta;
35114;BARRAGEM XI - DO PERERECA;Querência;5107065;2026-09-06;6.4;7.3;4.6;66.2;0,8980;;0;openmeteo_sisclima_fallback;openmeteo_ecmwf_ifs025;openmeteo_soil_proxy;;;;;Tempestade;amarelo;;;;;;;;1;5107065;municipio_sede;;;;;;;18428000;sem_cota_alerta;
33359;Barragem Goiana II;Querência;5107065;2026-09-06;6.4;7.3;4.6;66.2;0,8980;;0;openmeteo_sisclima_fallback;openmeteo_ecmwf_ifs025;openmeteo_soil_proxy;;;;;Tempestade;amarelo;;;;;;;;1;5107065;municipio_sede;;;;;;;18428000;sem_cota_alerta;
31362;Barragem II;Querência;5107065;2026-09-06;6.4;7.3;4.6;66.2;0,8980;;0;openmeteo_sisclima_fallback;openmeteo_ecmwf_ifs025;openmeteo_soil_proxy;;;;;Tempestade;amarelo;;;;;;;;1;5107065;municipio_sede;;;;;;;18428000;sem_cota_alerta;
31363;Barragem III;Querência;5107065;2026-09-06;6.4;7.3;4.6;66.2;0,8980;;0;openmeteo_sisclima_fallback;openmeteo_ecmwf_ifs025;openmeteo_soil_proxy;;;;;Tempestade;amarelo;;;;;;;;1;5107065;municipio_sede;;;;;;;18428000;sem_cota_alerta;
36559;Barragem Lago Bétis;Querência;5107065;2026-09-06;6.4;7.3;4.6;66.2;0,8980;;0;openmeteo_sisclima_fallback;openmeteo_ecmwf_ifs025;openmeteo_soil_proxy;;;;;Tempestade;amarelo;;;;;;;;1;5107065;municipio_sede;;;;;;;18428000;sem_cota_alerta;
35568;Barragem Lagoa Dourada;Querência;5107065;2026-09-06;6.4;7.3;4.6;66.2;0,8980;;0;openmeteo_sisclima_fallback;openmeteo_ecmwf_ifs025;openmeteo_soil_proxy;;;;;Tempestade;amarelo;;;;;;;;1;5107065;municipio_sede;;;;;;;18426200;sem_cota_alerta;
20116;Faz. Santa Terezinha;Querência;5107065;2026-09-06;6.4;7.3;4.6;66.2;0,8980;;0;openmeteo_sisclima_fallback;openmeteo_ecmwf_ifs025;openmeteo_soil_proxy;;;;;Tempestade;amarelo;;;;;;;;1;5107065;municipio_sede;;;;;;;18428000;sem_cota_alerta;
35487;Fazenda Aline ? Reservatório Pulmão;Querência;5107065;2026-09-06;6.4;7.3;4.6;66.2;0,8980;;0;openmeteo_sisclima_fallback;openmeteo_ecmwf_ifs025;openmeteo_soil_proxy;;;;;Tempestade;amarelo;;;;;;;;1;5107065;municipio_sede;;;;;;;18428000;sem_cota_alerta;
35892;Fazenda Casa Grande ? Lote 202;Querência;5107065;2026-09-06;10.5;22.7;9.5;84.5;0,8980;;0;openmeteo_sisclima_fallback;openmeteo_ecmwf_ifs025;openmeteo_soil_proxy;;;;;Tempestade;amarelo;;;;;;;;3;5101852|5107065|5107180;sede_mais_montante_max;;;;;;;;;
33376;Fazenda Junges;Querência;5107065;2026-09-06;6.4;7.3;4.6;66.2;0,8980;;0;openmeteo_sisclima_fallback;openmeteo_ecmwf_ifs025;openmeteo_soil_proxy;;;;;Tempestade;amarelo;;;;;;;;1;5107065;municipio_sede;;;;;;;18428000;sem_cota_alerta;
362;Fazenda Palmeira;Querência;5107065;2026-09-06;6.4;7.3;4.6;66.2;0,8980;;0;openmeteo_sisclima_fallback;openmeteo_ecmwf_ifs025;openmeteo_soil_proxy;;;;;Tempestade;amarelo;;;;;;;;1;5107065;municipio_sede;;;;;;;18428000;sem_cota_alerta;
28805;Fazenda Roncador;Querência;5107065;2026-09-06;6.4;7.3;4.6;66.2;0,8980;;0;openmeteo_sisclima_fallback;openmeteo_ecmwf_ifs025;openmeteo_soil_proxy;;;;;Tempestade;amarelo;;;;;;;;1;5107065;municipio_sede;;;;;;;18428000;sem_cota_alerta;
35252;Fazenda Roncador - Tanque Pulmão 2;Querência;5107065;2026-09-06;6.4;7.3;4.6;66.2;0,8980;;0;openmeteo_sisclima_fallback;openmeteo_ecmwf_ifs025;openmeteo_soil_proxy;;;;;Tempestade;amarelo;;;;;;;;1;5107065;municipio_sede;;;;;;;18428000;sem_cota_alerta;
35491;Fazenda Schneider - Lote Rural nº69 ? Reservatório Pulmão;Querência;5107065;2026-09-06;6.4;7.3;4.6;66.2;0,8980;;0;openmeteo_sisclima_fallback;openmeteo_ecmwf_ifs025;openmeteo_soil_proxy;;;;;Tempestade;amarelo;;;;;;;;1;5107065;municipio_sede;;;;;;;18428000;sem_cota_alerta;
35535;Lote Rural N°76;Querência;5107065;2026-09-06;6.4;7.3;4.6;66.2;0,8980;;0;openmeteo_sisclima_fallback;openmeteo_ecmwf_ifs025;openmeteo_soil_proxy;;;;;Tempestade;amarelo;;;;;;;;1;5107065;municipio_sede;;;;;;;18428000;sem_cota_alerta;
22407;Massa d'Água #107029;Querência;5107065;2026-09-06;6.4;7.3;4.6;66.2;0,8980;;0;openmeteo_sisclima_fallback;openmeteo_ecmwf_ifs025;openmeteo_soil_proxy;;;;;Tempestade;amarelo;;;;;;;;1;5107065;municipio_sede;;;;;;;;;
22434;Massa d'Água #116795;Querência;5107065;2026-09-06;6.4;7.3;4.6;66.2;0,8980;;0;openmeteo_sisclima_fallback;openmeteo_ecmwf_ifs025;openmeteo_soil_proxy;;;;;Tempestade;amarelo;;;;;;;;1;5107065;municipio_sede;;;;;;;;;
4350;PCH Riacho Preto - PCH RIACHO PRETO;Querência;5107065;2026-09-06;6.4;7.3;4.6;66.2;0,8980;;0;openmeteo_sisclima_fallback;openmeteo_ecmwf_ifs025;openmeteo_soil_proxy;;;;;Tempestade;amarelo;;;;;;;;1;5107065;municipio_sede;;;;;;;18428000;sem_cota_alerta;
31361;Pascoal;Querência;5107065;2026-09-06;6.4;7.3;4.6;66.2;0,8980;;0;openmeteo_sisclima_fallback;openmeteo_ecmwf_ifs025;openmeteo_soil_proxy;;;;;Tempestade;amarelo;;;;;;;;1;5107065;municipio_sede;;;;;;;18428000;sem_cota_alerta;
36666;Reservatório Goiana I;Querência;5107065;2026-09-06;6.4;7.3;4.6;66.2;0,8980;;0;openmeteo_sisclima_fallback;openmeteo_ecmwf_ifs025;openmeteo_soil_proxy;;;;;Tempestade;amarelo;;;;;;;;1;5107065;municipio_sede;;;;;;;18428000;sem_cota_alerta;
36633;Reservatório São Matheus;Querência;5107065;2026-09-06;6.4;7.3;4.6;66.2;0,8980;;0;openmeteo_sisclima_fallback;openmeteo_ecmwf_ifs025;openmeteo_soil_proxy;;;;;Tempestade;amarelo;;;;;;;;1;5107065;municipio_sede;;;;;;;18428000;sem_cota_alerta;
35105;Roncador VI SEDE;Querência;5107065;2026-09-06;6.4;7.3;4.6;66.2;0,8980;;0;openmeteo_sisclima_fallback;openmeteo_ecmwf_ifs025;openmeteo_soil_proxy;;;;;Tempestade;amarelo;;;;;;;;1;5107065;municipio_sede;;;;;;;18428000;sem_cota_alerta;
34508;Santa Terezinha;Querência;5107065;2026-09-06;6.4;7.3;4.6;66.2;0,8980;;0;openmeteo_sisclima_fallback;openmeteo_ecmwf_ifs025;openmeteo_soil_proxy;;;;;Tempestade;amarelo;;;;;;;;1;5107065;municipio_sede;;;;;;;18428000;sem_cota_alerta;
35257;Tanque Pulmão Agropecuária Roncador;Querência;5107065;2026-09-06;6.4;7.3;4.6;66.2;0,8980;;0;openmeteo_sisclima_fallback;openmeteo_ecmwf_ifs025;openmeteo_soil_proxy;;;;;Tempestade;amarelo;;;;;;;;1;5107065;municipio_sede;;;;;;;18428000;sem_cota_alerta;
37430;Barramento Caxambu II;Querência;5107065;2026-09-06;6.4;7.3;4.6;66.2;0,8980;;0;openmeteo_sisclima_fallback;openmeteo_ecmwf_ifs025;openmeteo_soil_proxy;;;;;Tempestade;amarelo;;;;;;;;1;5107065;municipio_sede;;;;;;;18428000;sem_cota_alerta;
32071;BARRAGEM 03;Ribeirão Cascalheira;5107180;2026-09-06;10.5;22.7;9.5;84.5;0,5320;;0;openmeteo_sisclima_fallback;openmeteo_ecmwf_ifs025;openmeteo_soil_proxy;;;;;Tempestade;amarelo;;;;;;;;1;5107180;municipio_sede;;;;;;;18428000;sem_cota_alerta;
36570;BARRAGEM I;Ribeirão Cascalheira;5107180;2026-09-06;10.5;22.7;9.5;84.5;0,5320;;0;openmeteo_sisclima_fallback;openmeteo_ecmwf_ifs025;openmeteo_soil_proxy;;;;;Tempestade;amarelo;;;;;;;;1;5107180;municipio_sede;;;;;;;26310000;sem_cota_alerta;
20118;Barragem 1 na Fazenda São João;Ribeirão Cascalheira;5107180;2026-09-06;10.5;22.7;9.5;84.5;0,5320;;0;openmeteo_sisclima_fallback;openmeteo_ecmwf_ifs025;openmeteo_soil_proxy;;;;;Tempestade;amarelo;;;;;;;;1;5107180;municipio_sede;;;;;;;18428000;sem_cota_alerta;
26401;Barragem Principal na Fazenda Campo Claro;Ribeirão Cascalheira;5107180;2026-09-06;10.5;22.7;9.5;84.5;0,5320;;0;openmeteo_sisclima_fallback;openmeteo_ecmwf_ifs025;openmeteo_soil_proxy;;;;;Tempestade;amarelo;;;;;;;;1;5107180;municipio_sede;;;;;;;18428000;sem_cota_alerta;
35389;Fazenda Campo Forte I, II, III e IV;Ribeirão Cascalheira;5107180;2026-09-06;10.5;22.7;9.5;84.5;0,5320;;0;openmeteo_sisclima_fallback;openmeteo_ecmwf_ifs025;openmeteo_soil_proxy;;;;;Tempestade;amarelo;;;;;;;;1;5107180;municipio_sede;;;;;;;26070000;sem_cota_alerta;
30798;Fazenda Furnas;Ribeirão Cascalheira;5107180;2026-09-06;10.5;22.7;9.5;84.5;0,5320;;0;openmeteo_sisclima_fallback;openmeteo_ecmwf_ifs025;openmeteo_soil_proxy;;;;;Tempestade;amarelo;;;;;;;;1;5107180;municipio_sede;;;;;;;18428000;sem_cota_alerta;
35824;Fazenda Três Marias ? Barramento;Ribeirão Cascalheira;5107180;2026-09-06;10.5;22.7;9.5;84.5;0,5320;;0;openmeteo_sisclima_fallback;openmeteo_ecmwf_ifs025;openmeteo_soil_proxy;;;;;Tempestade;amarelo;;;;;;;;1;5107180;municipio_sede;;;;;;;18428000;sem_cota_alerta;
33360;Três Marias II;Ribeirão Cascalheira;5107180;2026-09-06;10.5;22.7;9.5;84.5;0,5320;;0;openmeteo_sisclima_fallback;openmeteo_ecmwf_ifs025;openmeteo_soil_proxy;;;;;Tempestade;amarelo;;;;;;;;1;5107180;municipio_sede;;;;;;;18428000;sem_cota_alerta;
4548;PCH São Domingos (Torixoréo) - Torixoréo;Ribeirãozinho;5107198;2026-09-06;9.5;9.7;9.8;81.0;0,4470;;0;openmeteo_sisclima_fallback;openmeteo_ecmwf_ifs025;openmeteo_soil_proxy;;;;;Tempestade;amarelo;;;;;;;;4;5100300|5106703|5107198|5108204;sede_mais_montante_max;;;;;;;24180070;sem_cota_alerta;
5317;Planta;Rio Branco;5107206;2026-09-06;33.3;48.5;0.3;99.3;1,0000;;1;openmeteo_sisclima_fallback;openmeteo_ecmwf_ifs025;openmeteo_soil_proxy;;;;;Tempestade;amarelo;;;;;;;;1;5107206;municipio_sede;;;;;;;66073000;sem_cota_alerta;
23871;Massa d'Água #243819;Rondolândia;5107578;2026-09-06;5.9;11.5;3.7;60.6;1,0000;0,55;0;openmeteo_sisclima_fallback;openmeteo_ecmwf_ifs025;openmeteo_soil_proxy;hidro_risco_municipal;verde;;;Tempestade;amarelo;verde;;;;;;;1;5107578;municipio_sede;;;;;;;15558200;sem_cota_alerta;2026-09-07 10:15:00
23878;Massa d'Água #243864;Rondolândia;5107578;2026-09-06;5.9;11.5;3.7;60.6;1,0000;0,55;0;openmeteo_sisclima_fallback;openmeteo_ecmwf_ifs025;openmeteo_soil_proxy;hidro_risco_municipal;verde;;;Tempestade;amarelo;verde;;;;;;;1;5107578;municipio_sede;;;;;;;15558200;sem_cota_alerta;2026-09-07 10:15:00
21002;Sítio Santa Helena;Rondolândia;5107578;2026-09-06;5.9;11.5;3.7;60.6;1,0000;0,55;0;openmeteo_sisclima_fallback;openmeteo_ecmwf_ifs025;openmeteo_soil_proxy;hidro_risco_municipal;verde;;;Tempestade;amarelo;verde;;;;;;;1;5107578;municipio_sede;;;;;;;15558200;sem_cota_alerta;2026-09-07 10:15:00
33949;Barragem I Fazenda Talismã;Rondonópolis;5107602;2026-09-06;1.3;4.0;3.7;26.1;0,7320;;0;openmeteo_sisclima_fallback;openmeteo_ecmwf_ifs025;openmeteo_soil_proxy;;;;;Tempestade;amarelo;;;;;;;;2;5106372|5107602;sede_mais_montante_max;;;;;;;66450010;sem_cota_alerta;
35795;Estância Nogueira Agropecuária - Barramento;Rondonópolis;5107602;2026-09-06;0.0;2.2;1.6;4.9;0,7320;;0;openmeteo_sisclima_fallback;openmeteo_ecmwf_ifs025;openmeteo_soil_proxy;;;;;Tempestade;amarelo;;;;;;;;1;5107602;municipio_sede;;;;;;;66450010;sem_cota_alerta;
8095;Fazenda Conquista;Rondonópolis;5107602;2026-09-06;1.6;6.2;8.7;30.3;0,8400;;0;openmeteo_sisclima_fallback;openmeteo_ecmwf_ifs025;openmeteo_soil_proxy;;;;;Tempestade;amarelo;;;;;;;;6;5100409|5104203|5106372|5107008|5107297|5107602;sede_mais_montante_max;;;;;;;66454900;sem_cota_alerta;
8096;Fazenda Guarita;Rondonópolis;5107602;2026-09-06;0.0;2.2;1.6;4.9;0,7320;;0;openmeteo_sisclima_fallback;openmeteo_ecmwf_ifs025;openmeteo_soil_proxy;;;;;Tempestade;amarelo;;;;;;;;1;5107602;municipio_sede;;;;;;;66454900;sem_cota_alerta;
4211;PCH Engenheiro José Gelásio da Rocha - Barragem Principal;Rondonópolis;5107602;2026-09-06;0.0;2.2;1.6;4.9;0,7320;;0;openmeteo_sisclima_fallback;openmeteo_ecmwf_ifs025;openmeteo_soil_proxy;;;;;Tempestade;amarelo;;;;;;;;1;5107602;municipio_sede;;;;;;;66453000;sem_cota_alerta;
23104;PCH Engenheiro José Gelásio da Rocha - Canal de Adução;Rondonópolis;5107602;2026-09-06;0.0;2.2;1.6;4.9;0,7320;;0;openmeteo_sisclima_fallback;openmeteo_ecmwf_ifs025;openmeteo_soil_proxy;;;;;Tempestade;amarelo;;;;;;;;1;5107602;municipio_sede;;;;;;;66453000;sem_cota_alerta;
23099;PCH Rondonópolis - Canal de Adução;Rondonópolis;5107602;2026-09-06;0.0;2.2;1.6;4.9;0,7320;;0;openmeteo_sisclima_fallback;openmeteo_ecmwf_ifs025;openmeteo_soil_proxy;;;;;Tempestade;amarelo;;;;;;;;1;5107602;municipio_sede;;;;;;;66454900;sem_cota_alerta;
360;Sítio Boa Vista;Rondonópolis;5107602;2026-09-06;0.0;2.2;7.9;4.9;0,7560;;0;openmeteo_sisclima_fallback;openmeteo_ecmwf_ifs025;openmeteo_soil_proxy;;;;;Tempestade;amarelo;;;;;;;;2;5104807|5107602;sede_mais_montante_max;;;;;;;66400390;sem_cota_alerta;
35701;V.S. de Souza & Cia LTDA ? Barramento;Rondonópolis;5107602;2026-09-06;0.0;2.2;1.6;4.9;0,7320;;0;openmeteo_sisclima_fallback;openmeteo_ecmwf_ifs025;openmeteo_soil_proxy;;;;;Tempestade;amarelo;;;;;;;;1;5107602;municipio_sede;;;;;;;66450010;sem_cota_alerta;
29888;BARRAGEM FAZENDA PANFLORA;Rosário Oeste;5107701;2026-09-06;8.0;9.1;4.4;55.0;0,3530;0,55;0;openmeteo_ponto;openmeteo_ponto;openmeteo_soil_proxy;hidro_risco_municipal;verde;;;Tempestade;amarelo;;;;;;10.09;openmeteo_glofas_copernicus_ems;2;5103007|5107701;ponto_barragem_telemetria;openmeteo_ponto;;;;;;66007000;sem_cota_alerta;
21949;BARRAGEM ÁGUA BRANCA;Rosário Oeste;5107701;2026-09-06;3.3;6.3;1.6;30.0;0,3530;0,55;0;openmeteo_ponto;openmeteo_ponto;openmeteo_soil_proxy;hidro_risco_municipal;verde;;;Tempestade;amarelo;;;;;;10.09;openmeteo_glofas_copernicus_ems;2;5103007|5107701;ponto_barragem_telemetria;openmeteo_ponto;;;;;;66007000;sem_cota_alerta;
35477;Barramento III - Fazenda São José I;Rosário Oeste;5107701;2026-09-06;3.7;3.8;6.3;30.0;0,3530;0,735;0;openmeteo_ponto;openmeteo_ponto;openmeteo_soil_proxy;;;;;Tempestade;amarelo;;;;;;;;1;5107701;ponto_barragem_telemetria;openmeteo_ponto;;;294,0;98,00;400,0;66210000;cota_medida;2026-09-07 09:00:00
27940;Estância 2R - Retiro Vista Alegre;Rosário Oeste;5107701;2026-09-06;2.7;3.4;2.7;30.0;0,3530;0,55;0;openmeteo_ponto;openmeteo_ponto;openmeteo_soil_proxy;hidro_risco_municipal;verde;;;Tempestade;amarelo;;;;;;10.09;openmeteo_glofas_copernicus_ems;2;5103007|5107701;ponto_barragem_telemetria;openmeteo_ponto;;;;;;66244400;sem_cota_alerta;
8009;Faz. Dona Leila - Reservatório 12;Rosário Oeste;5107701;2026-09-06;8.0;9.1;4.4;55.0;0,3530;0,55;0;openmeteo_ponto;openmeteo_ponto;openmeteo_soil_proxy;hidro_risco_municipal;verde;;;Tempestade;amarelo;;;;;;10.09;openmeteo_glofas_copernicus_ems;2;5103007|5107701;ponto_barragem_telemetria;openmeteo_ponto;;;;;;66244400;sem_cota_alerta;
8010;Faz. Dona Leila - Reservatório 13;Rosário Oeste;5107701;2026-09-06;8.0;9.1;4.4;55.0;0,3530;0,55;0;openmeteo_ponto;openmeteo_ponto;openmeteo_soil_proxy;hidro_risco_municipal;verde;;;Tempestade;amarelo;;;;;;10.09;openmeteo_glofas_copernicus_ems;2;5103007|5107701;ponto_barragem_telemetria;openmeteo_ponto;;;;;;66244400;sem_cota_alerta;
8013;Faz. Dona Leila - Reservatório 27;Rosário Oeste;5107701;2026-09-06;1.7;3.1;2.3;31.0;0,3530;;0;openmeteo_sisclima_fallback;openmeteo_ecmwf_ifs025;openmeteo_soil_proxy;;;;;Tempestade;amarelo;;;;;;;;1;5107701;municipio_sede;;;;;;;66244400;sem_cota_alerta;
8012;Faz. Dona Leila - Reservatório 28;Rosário Oeste;5107701;2026-09-06;1.7;3.1;2.3;31.0;0,3530;;0;openmeteo_sisclima_fallback;openmeteo_ecmwf_ifs025;openmeteo_soil_proxy;;;;;Tempestade;amarelo;;;;;;;;1;5107701;municipio_sede;;;;;;;66244400;sem_cota_alerta;
8011;Faz. Dona Leila - Reservatório 29;Rosário Oeste;5107701;2026-09-06;1.7;3.1;2.3;31.0;0,3530;;0;openmeteo_sisclima_fallback;openmeteo_ecmwf_ifs025;openmeteo_soil_proxy;;;;;Tempestade;amarelo;;;;;;;;1;5107701;municipio_sede;;;;;;;66244400;sem_cota_alerta;
35147;Fazenda Curió - Barramento 3;Rosário Oeste;5107701;2026-09-06;8.0;9.1;4.4;55.0;0,3530;0,55;0;openmeteo_ponto;openmeteo_ponto;openmeteo_soil_proxy;hidro_risco_municipal;verde;;;Tempestade;amarelo;;;;;;10.09;openmeteo_glofas_copernicus_ems;2;5103007|5107701;ponto_barragem_telemetria;openmeteo_ponto;;;;;;66244400;sem_cota_alerta;
35150;Fazenda Curió - Barramento I;Rosário Oeste;5107701;2026-09-06;8.0;9.1;4.4;55.0;0,3530;0,55;0;openmeteo_ponto;openmeteo_ponto;openmeteo_soil_proxy;hidro_risco_municipal;verde;;;Tempestade;amarelo;;;;;;10.09;openmeteo_glofas_copernicus_ems;2;5103007|5107701;ponto_barragem_telemetria;openmeteo_ponto;;;;;;66007000;sem_cota_alerta;
5490;Fazenda Dona Leila - RESERVATÓRIO 1;Rosário Oeste;5107701;2026-09-06;8.0;9.1;4.4;55.0;0,3530;0,55;0;openmeteo_ponto;openmeteo_ponto;openmeteo_soil_proxy;hidro_risco_municipal;verde;;;Tempestade;amarelo;;;;;;10.09;openmeteo_glofas_copernicus_ems;2;5103007|5107701;ponto_barragem_telemetria;openmeteo_ponto;;;;;;66244400;sem_cota_alerta;
35396;Fazenda São José;Rosário Oeste;5107701;2026-09-06;3.7;3.8;6.3;30.0;0,3530;0,735;0;openmeteo_ponto;openmeteo_ponto;openmeteo_soil_proxy;;;;;Tempestade;amarelo;;;;;;;;1;5107701;ponto_barragem_telemetria;openmeteo_ponto;;;294,0;98,00;400,0;66210000;cota_medida;2026-09-07 09:00:00
30922;Barragem na Fazenda Izabel;Rondonópolis;5107602;2026-09-06;0.0;2.2;1.6;4.9;0,7320;;0;openmeteo_sisclima_fallback;openmeteo_ecmwf_ifs025;openmeteo_soil_proxy;;;;;Tempestade;amarelo;;;;;;;;1;5107602;municipio_sede;;;;;;;66523000;sem_cota_alerta;
37441;Fazenda São Francisco;Rondonópolis;5107602;2026-09-06;0.0;2.2;1.6;4.9;0,7320;;0;openmeteo_sisclima_fallback;openmeteo_ecmwf_ifs025;openmeteo_soil_proxy;;;;;Tempestade;amarelo;;;;;;;;1;5107602;municipio_sede;;;;;;;66452500;sem_cota_alerta;
8006;VALE DOURADO;Rosário Oeste;5107701;2026-09-06;3.3;6.3;1.6;30.0;0,3530;0,55;0;openmeteo_ponto;openmeteo_ponto;openmeteo_soil_proxy;hidro_risco_municipal;verde;;;Tempestade;amarelo;;;;;;10.09;openmeteo_glofas_copernicus_ems;2;5103007|5107701;ponto_barragem_telemetria;openmeteo_ponto;;;;;;66244400;sem_cota_alerta;
23957;CGH Caramujo - Barramento Caramujo;Salto do Céu;5107750;2026-09-06;16.0;21.3;1.5;95.8;1,0000;;0;openmeteo_sisclima_fallback;openmeteo_ecmwf_ifs025;openmeteo_soil_proxy;;;;;Tempestade;amarelo;;;;;;;;1;5107750;municipio_sede;;;;;;;66057250;sem_cota_alerta;
36508;Fazenda Santo Antônio;Santa Carmem;5107248;2026-09-06;1.2;3.5;7.5;23.9;1,0000;;0;openmeteo_sisclima_fallback;openmeteo_ecmwf_ifs025;openmeteo_soil_proxy;;;;;Tempestade;amarelo;;;;;;;;2;5106240|5107248;sede_mais_montante_max;;;;;;;18425200;sem_cota_alerta;
28918;BARRAGEM 03;Santa Cruz do Xingu;5107743;2026-09-06;13.8;22.0;9.5;93.0;0,7330;;0;openmeteo_sisclima_fallback;openmeteo_ecmwf_ifs025;openmeteo_soil_proxy;;;;;Tempestade;amarelo;;;;;;;;1;5107743;municipio_sede;;;;;;;01052001;sem_cota_alerta;
28863;BARRAGEM 13;Santa Cruz do Xingu;5107743;2026-09-06;13.8;22.0;9.5;93.0;0,9660;;0;openmeteo_sisclima_fallback;openmeteo_ecmwf_ifs025;openmeteo_soil_proxy;;;;;Tempestade;amarelo;;;;;;;;5;5100359|5107354|5107743|5107859|5108600;sede_mais_montante_max;;;;;;;01052001;sem_cota_alerta;
28361;Barragem 2;Santa Cruz do Xingu;5107743;2026-09-06;13.8;22.0;9.5;93.0;0,7330;;0;openmeteo_sisclima_fallback;openmeteo_ecmwf_ifs025;openmeteo_soil_proxy;;;;;Tempestade;amarelo;;;;;;;;1;5107743;municipio_sede;;;;;;;01052001;sem_cota_alerta;
34535;Barragem 4;Santa Cruz do Xingu;5107743;2026-09-06;13.8;22.0;9.5;93.0;0,7330;;0;openmeteo_sisclima_fallback;openmeteo_ecmwf_ifs025;openmeteo_soil_proxy;;;;;Tempestade;amarelo;;;;;;;;1;5107743;municipio_sede;;;;;;;01052001;sem_cota_alerta;
34536;Barragem 5;Santa Cruz do Xingu;5107743;2026-09-06;13.8;22.0;9.5;93.0;0,7330;;0;openmeteo_sisclima_fallback;openmeteo_ecmwf_ifs025;openmeteo_soil_proxy;;;;;Tempestade;amarelo;;;;;;;;1;5107743;municipio_sede;;;;;;;01052001;sem_cota_alerta;
34537;Barragem 6;Santa Cruz do Xingu;5107743;2026-09-06;13.8;22.0;9.5;93.0;0,7330;;0;openmeteo_sisclima_fallback;openmeteo_ecmwf_ifs025;openmeteo_soil_proxy;;;;;Tempestade;amarelo;;;;;;;;1;5107743;municipio_sede;;;;;;;01052001;sem_cota_alerta;
34534;Barragem 7;Santa Cruz do Xingu;5107743;2026-09-06;13.8;22.0;9.5;93.0;0,7330;;0;openmeteo_sisclima_fallback;openmeteo_ecmwf_ifs025;openmeteo_soil_proxy;;;;;Tempestade;amarelo;;;;;;;;1;5107743;municipio_sede;;;;;;;01052001;sem_cota_alerta;
27753;Barragem B9;Santa Cruz do Xingu;5107743;2026-09-06;13.8;22.0;9.5;93.0;0,7330;;0;openmeteo_sisclima_fallback;openmeteo_ecmwf_ifs025;openmeteo_soil_proxy;;;;;Tempestade;amarelo;;;;;;;;1;5107743;municipio_sede;;;;;;;01052001;sem_cota_alerta;
36278;Barragem Jusante Fazenda Santa Filipina;Santa Cruz do Xingu;5107743;2026-09-06;13.8;22.0;9.5;93.0;0,7330;;0;openmeteo_sisclima_fallback;openmeteo_ecmwf_ifs025;openmeteo_soil_proxy;;;;;Tempestade;amarelo;;;;;;;;1;5107743;municipio_sede;;;;;;;01052001;sem_cota_alerta;
35409;Barragem Principal;Santa Cruz do Xingu;5107743;2026-09-06;13.8;22.0;9.5;93.0;0,7330;;0;openmeteo_sisclima_fallback;openmeteo_ecmwf_ifs025;openmeteo_soil_proxy;;;;;Tempestade;amarelo;;;;;;;;1;5107743;municipio_sede;;;;;;;01052001;sem_cota_alerta;
35091;Barragem Ághata II;Santa Cruz do Xingu;5107743;2026-09-06;13.8;22.0;9.5;93.0;0,7330;;0;openmeteo_sisclima_fallback;openmeteo_ecmwf_ifs025;openmeteo_soil_proxy;;;;;Tempestade;amarelo;;;;;;;;1;5107743;municipio_sede;;;;;;;01052001;sem_cota_alerta;
35410;Barramento 1 (montante);Santa Cruz do Xingu;5107743;2026-09-06;13.8;22.0;9.5;93.0;0,7330;;0;openmeteo_sisclima_fallback;openmeteo_ecmwf_ifs025;openmeteo_soil_proxy;;;;;Tempestade;amarelo;;;;;;;;1;5107743;municipio_sede;;;;;;;01052001;sem_cota_alerta;
35411;Barramento 1.1;Santa Cruz do Xingu;5107743;2026-09-06;13.8;22.0;9.5;93.0;0,7330;;0;openmeteo_sisclima_fallback;openmeteo_ecmwf_ifs025;openmeteo_soil_proxy;;;;;Tempestade;amarelo;;;;;;;;1;5107743;municipio_sede;;;;;;;01052001;sem_cota_alerta;
32077;Barramento Fazenda Bonanza;Santa Cruz do Xingu;5107743;2026-09-06;13.8;22.0;9.5;93.0;0,7330;;0;openmeteo_sisclima_fallback;openmeteo_ecmwf_ifs025;openmeteo_soil_proxy;;;;;Tempestade;amarelo;;;;;;;;1;5107743;municipio_sede;;;;;;;01052001;sem_cota_alerta;
36098;Fazenda Filipina;Santa Cruz do Xingu;5107743;2026-09-06;13.8;22.0;9.5;93.0;0,7330;;0;openmeteo_sisclima_fallback;openmeteo_ecmwf_ifs025;openmeteo_soil_proxy;;;;;Tempestade;amarelo;;;;;;;;1;5107743;municipio_sede;;;;;;;01052001;sem_cota_alerta;
73;Fazenda Reunidas Filipinas;Santa Cruz do Xingu;5107743;2026-09-06;13.8;22.0;9.5;93.0;0,7330;;0;openmeteo_sisclima_fallback;openmeteo_ecmwf_ifs025;openmeteo_soil_proxy;;;;;Tempestade;amarelo;;;;;;;;1;5107743;municipio_sede;;;;;;;01052001;sem_cota_alerta;
27881;Fazenda Santa Fé;Santa Cruz do Xingu;5107743;2026-09-06;13.8;22.0;9.5;93.0;0,7330;;0;openmeteo_sisclima_fallback;openmeteo_ecmwf_ifs025;openmeteo_soil_proxy;;;;;Tempestade;amarelo;;;;;;;;1;5107743;municipio_sede;;;;;;;01052001;sem_cota_alerta;
28616;Fazenda Santa Fé;Santa Cruz do Xingu;5107743;2026-09-06;13.8;22.0;9.5;93.0;0,9660;;0;openmeteo_sisclima_fallback;openmeteo_ecmwf_ifs025;openmeteo_soil_proxy;;;;;Tempestade;amarelo;;;;;;;;5;5100359|5107354|5107743|5107859|5108600;sede_mais_montante_max;;;;;;;01052001;sem_cota_alerta;
21006;Fazenda Santa Marina;Santa Cruz do Xingu;5107743;2026-09-06;13.8;22.0;9.5;93.0;0,7330;;0;openmeteo_sisclima_fallback;openmeteo_ecmwf_ifs025;openmeteo_soil_proxy;;;;;Tempestade;amarelo;;;;;;;;1;5107743;municipio_sede;;;;;;;01052001;sem_cota_alerta;
20077;Faz. Três Pinheiros;Santa Rita do Trivelato;5107768;2026-09-06;4.2;6.9;5.0;48.6;0,7260;;0;openmeteo_sisclima_fallback;openmeteo_ecmwf_ifs025;openmeteo_soil_proxy;;;;;Tempestade;amarelo;;;;;;;;1;5107768;municipio_sede;;;;;;;01355007;sem_cota_alerta;
28141;Fazenda Confluência;Santa Rita do Trivelato;5107768;2026-09-06;4.2;6.9;5.0;48.6;0,7260;;0;openmeteo_sisclima_fallback;openmeteo_ecmwf_ifs025;openmeteo_soil_proxy;;;;;Tempestade;amarelo;;;;;;;;1;5107768;municipio_sede;;;;;;;17277500;sem_cota_alerta;
387;Fazenda Pau da Onça;Santa Rita do Trivelato;5107768;2026-09-06;4.2;6.9;5.0;48.6;0,7260;;0;openmeteo_sisclima_fallback;openmeteo_ecmwf_ifs025;openmeteo_soil_proxy;;;;;Tempestade;amarelo;;;;;;;;1;5107768;municipio_sede;;;;;;;01355007;sem_cota_alerta;
8044;Fazenda Quatrilho;Santa Rita do Trivelato;5107768;2026-09-06;4.2;6.9;5.0;48.6;0,7260;;0;openmeteo_sisclima_fallback;openmeteo_ecmwf_ifs025;openmeteo_soil_proxy;;;;;Tempestade;amarelo;;;;;;;;1;5107768;municipio_sede;;;;;;;17228000;sem_cota_alerta;
33041;Fazenda Canaã – Barragem 1;Santa Terezinha;5107776;2026-09-06;11.0;13.7;5.6;85.2;1,0000;;0;openmeteo_sisclima_fallback;openmeteo_ecmwf_ifs025;openmeteo_soil_proxy;;;;;Tempestade;amarelo;;;;;;;;1;5107776;municipio_sede;;;;;;;;;
22396;Massa d'Água #102989;Santa Terezinha;5107776;2026-09-06;11.0;15.2;5.6;85.2;1,0000;;0;openmeteo_sisclima_fallback;openmeteo_ecmwf_ifs025;openmeteo_soil_proxy;;;;;Tempestade;amarelo;;;;;;;;2;5103353|5107776;sede_mais_montante_max;;;;;;;26500000;sem_cota_alerta;
22517;Massa d'Água #143787;Santa Terezinha;5107776;2026-09-06;11.0;15.2;5.6;85.2;1,0000;;0;openmeteo_sisclima_fallback;openmeteo_ecmwf_ifs025;openmeteo_soil_proxy;;;;;Tempestade;amarelo;;;;;;;;2;5103353|5107776;sede_mais_montante_max;;;;;;;26500000;sem_cota_alerta;
23767;Massa d'Água #226576;Santa Terezinha;5107776;2026-09-06;11.0;15.2;5.6;85.2;1,0000;;0;openmeteo_sisclima_fallback;openmeteo_ecmwf_ifs025;openmeteo_soil_proxy;;;;;Tempestade;amarelo;;;;;;;;2;5103353|5107776;sede_mais_montante_max;;;;;;;26500000;sem_cota_alerta;
35383;Barramento - Fazenda Gema;Santo Afonso;5107263;2026-09-06;2.2;4.0;1.0;35.9;0,6710;;0;openmeteo_sisclima_fallback;openmeteo_ecmwf_ifs025;openmeteo_soil_proxy;;;;;Tempestade;amarelo;;;;;;;;1;5107263;municipio_sede;;;;;;;66022080;sem_cota_alerta;
32740;Barragem Nogueira I e II;Santo Antônio do Leste;5107792;2026-09-06;7.3;9.2;3.0;71.1;0,6840;;0;openmeteo_sisclima_fallback;openmeteo_ecmwf_ifs025;openmeteo_soil_proxy;;;;;Tempestade;amarelo;;;;;;;;1;5107792;municipio_sede;;;;;;;18409350;sem_cota_alerta;
32159;Barragem na Fazenda Iguaçu;Santo Antônio do Leste;5107792;2026-09-06;7.3;9.2;3.0;71.1;0,6840;;0;openmeteo_sisclima_fallback;openmeteo_ecmwf_ifs025;openmeteo_soil_proxy;;;;;Tempestade;amarelo;;;;;;;;1;5107792;municipio_sede;;;;;;;18409350;sem_cota_alerta;
34160;PCH Mantovilis - Mantovilis;Santo Antônio de Leverger;5107800;2026-09-06;1.6;2.5;7.4;30.3;1,0000;0,55;0;openmeteo_sisclima_fallback;openmeteo_ecmwf_ifs025;openmeteo_soil_proxy;hidro_risco_municipal;verde;;;Tempestade;amarelo;;;;;;10.09;openmeteo_glofas_copernicus_ems;2;5103007|5107800;sede_mais_montante_max;;;;;;;66456050;sem_cota_alerta;
34847;PCH Mutum I - MUTUM-1;Santo Antônio de Leverger;5107800;2026-09-06;1.6;2.5;7.4;30.3;1,0000;0,55;0;openmeteo_sisclima_fallback;openmeteo_ecmwf_ifs025;openmeteo_soil_proxy;hidro_risco_municipal;verde;;;Tempestade;amarelo;;;;;;10.09;openmeteo_glofas_copernicus_ems;2;5103007|5107800;sede_mais_montante_max;;;;;;;66455900;sem_cota_alerta;
36618;Barramento I ? Fazenda Caetetu;Sapezal;5107875;2026-09-06;12.2;16.7;3.2;89.4;0,8460;0,55;0;openmeteo_sisclima_fallback;openmeteo_ecmwf_ifs025;openmeteo_soil_proxy;hidro_risco_municipal;verde;;;Tempestade;amarelo;verde;;;;;;;1;5107875;municipio_sede;;;;;;;17091400;sem_cota_alerta;
23991;CGH Sapezal - CGH Sapezal;Sapezal;5107875;2026-09-06;12.2;16.7;3.2;89.4;0,8460;0,55;0;openmeteo_sisclima_fallback;openmeteo_ecmwf_ifs025;openmeteo_soil_proxy;hidro_risco_municipal;verde;;;Tempestade;amarelo;verde;;;;;;;1;5107875;municipio_sede;;;;;;;17090700;sem_cota_alerta;
24022;CGH Tucunaré - CGH Tucunaré;Sapezal;5107875;2026-09-06;12.2;16.7;3.2;89.4;0,8460;0,55;0;openmeteo_sisclima_fallback;openmeteo_ecmwf_ifs025;openmeteo_soil_proxy;hidro_risco_municipal;verde;;;Tempestade;amarelo;verde;;;;;;;2;5102686|5107875;sede_mais_montante_max;;;;;;;17091085;sem_cota_alerta;
20111;Fazenda Lapacho - Gleba B;Sapezal;5107875;2026-09-06;12.2;16.7;3.2;89.4;0,8460;0,55;0;openmeteo_sisclima_fallback;openmeteo_ecmwf_ifs025;openmeteo_soil_proxy;hidro_risco_municipal;verde;;;Tempestade;amarelo;verde;;;;;;;1;5107875;municipio_sede;;;;;;;17091090;sem_cota_alerta;
36513;Fazenda Reunidas do Papagaio - Barramento Jusante;Sapezal;5107875;2026-09-06;12.2;16.7;3.2;89.4;0,8460;0,55;0;openmeteo_sisclima_fallback;openmeteo_ecmwf_ifs025;openmeteo_soil_proxy;hidro_risco_municipal;verde;;;Tempestade;amarelo;verde;;;;;;;1;5107875;municipio_sede;;;;109,0;;;17091508;contexto_somente;2026-09-07 09:45:00
36514;Fazenda Reunidas do Papagaio - Barramento Montante;Sapezal;5107875;2026-09-06;12.2;16.7;3.2;89.4;0,8460;0,55;0;openmeteo_sisclima_fallback;openmeteo_ecmwf_ifs025;openmeteo_soil_proxy;hidro_risco_municipal;verde;;;Tempestade;amarelo;verde;;;;;;;1;5107875;municipio_sede;;;;109,0;;;17091508;contexto_somente;2026-09-07 09:45:00
23391;Massa d'Água #170373;Sapezal;5107875;2026-09-06;12.2;16.7;3.2;89.4;0,8460;0,55;0;openmeteo_sisclima_fallback;openmeteo_ecmwf_ifs025;openmeteo_soil_proxy;hidro_risco_municipal;verde;;;Tempestade;amarelo;verde;;;;;;;1;5107875;municipio_sede;;;;;;;17091400;sem_cota_alerta;
20572;PCH Buriti - PCH Buriti;Sapezal;5107875;2026-09-06;12.2;16.7;3.2;89.4;0,8460;0,55;0;openmeteo_sisclima_fallback;openmeteo_ecmwf_ifs025;openmeteo_soil_proxy;hidro_risco_municipal;verde;;;Tempestade;amarelo;verde;;;;;;;1;5107875;municipio_sede;;;;;;;17091300;sem_cota_alerta;
4580;PCH Cidezal - Principal;Sapezal;5107875;2026-09-06;12.2;16.7;3.2;89.4;0,8460;0,55;0;openmeteo_sisclima_fallback;openmeteo_ecmwf_ifs025;openmeteo_soil_proxy;hidro_risco_municipal;verde;;;Tempestade;amarelo;verde;;;;;;;1;5107875;municipio_sede;;;;;;;17091040;sem_cota_alerta;
34064;PCH Jesuíta - PCH Jesuíta;Sapezal;5107875;2026-09-06;12.2;16.7;3.2;89.4;0,8460;0,55;0;openmeteo_sisclima_fallback;openmeteo_ecmwf_ifs025;openmeteo_soil_proxy;hidro_risco_municipal;verde;;;Tempestade;amarelo;verde;;;;;;;2;5102686|5107875;sede_mais_montante_max;;;;;;;17091046;sem_cota_alerta;
5176;PCH Parecis - Principal;Sapezal;5107875;2026-09-06;12.2;16.7;3.2;89.4;0,8460;0,55;0;openmeteo_sisclima_fallback;openmeteo_ecmwf_ifs025;openmeteo_soil_proxy;hidro_risco_municipal;verde;;;Tempestade;amarelo;verde;;;;;;;1;5107875;municipio_sede;;;;;;;17091093;sem_cota_alerta;
4888;PCH Rondon - Principal;Sapezal;5107875;2026-09-06;12.2;16.7;3.2;89.4;0,8460;0,55;0;openmeteo_sisclima_fallback;openmeteo_ecmwf_ifs025;openmeteo_soil_proxy;hidro_risco_municipal;verde;;;Tempestade;amarelo;verde;;;;;;;1;5107875;municipio_sede;;;;;;;17091096;sem_cota_alerta;
4726;PCH Santa Lúcia - Barramento Central;Sapezal;5107875;2026-09-06;12.2;16.7;3.2;89.4;0,8460;0,55;0;openmeteo_sisclima_fallback;openmeteo_ecmwf_ifs025;openmeteo_soil_proxy;hidro_risco_municipal;verde;;;Tempestade;amarelo;verde;;;;;;;1;5107875;municipio_sede;;;;;;;17091300;sem_cota_alerta;
5025;PCH Santa Lúcia II - Barramento Central;Sapezal;5107875;2026-09-06;12.2;16.7;3.2;89.4;0,8460;0,55;0;openmeteo_sisclima_fallback;openmeteo_ecmwf_ifs025;openmeteo_soil_proxy;hidro_risco_municipal;verde;;;Tempestade;amarelo;verde;;;;;;;1;5107875;municipio_sede;;;;;;;17090580;sem_cota_alerta;
5054;PCH Sapezal - Principal;Sapezal;5107875;2026-09-06;12.2;16.7;3.2;89.4;0,8460;0,55;0;openmeteo_sisclima_fallback;openmeteo_ecmwf_ifs025;openmeteo_soil_proxy;hidro_risco_municipal;verde;;;Tempestade;amarelo;verde;;;;;;;1;5107875;municipio_sede;;;;;;;17091047;sem_cota_alerta;
4313;PCH Segredo - Barramento PCH Segredo;Sapezal;5107875;2026-09-06;12.2;16.7;3.2;89.4;0,8460;0,55;0;openmeteo_sisclima_fallback;openmeteo_ecmwf_ifs025;openmeteo_soil_proxy;hidro_risco_municipal;verde;;;Tempestade;amarelo;verde;;;;;;;1;5107875;municipio_sede;;;;;;;17091050;sem_cota_alerta;
4212;PCH Telegráfica - Principal;Sapezal;5107875;2026-09-06;12.2;16.7;3.2;89.4;0,8460;0,55;0;openmeteo_sisclima_fallback;openmeteo_ecmwf_ifs025;openmeteo_soil_proxy;hidro_risco_municipal;verde;;;Tempestade;amarelo;verde;;;;;;;1;5107875;municipio_sede;;;;;;;17091098;sem_cota_alerta;
34233;UHE Juruena - Barragem UHE Juruena;Sapezal;5107875;2026-09-06;12.2;16.7;3.2;89.4;0,8460;0,55;0;openmeteo_sisclima_fallback;openmeteo_ecmwf_ifs025;openmeteo_soil_proxy;hidro_risco_municipal;verde;;;Tempestade;amarelo;verde;;;;;;;1;5107875;municipio_sede;;;;;;;17091035;sem_cota_alerta;
35483;Barragem II - Tanque II;Serra Nova Dourada;5107883;2026-09-06;2.0;4.6;4.3;33.1;0,4280;;0;openmeteo_sisclima_fallback;openmeteo_ecmwf_ifs025;openmeteo_soil_proxy;;;;;Tempestade;amarelo;;;;;;;;1;5107883;municipio_sede;;;;;;;26310000;sem_cota_alerta;
35484;Barragem III;Serra Nova Dourada;5107883;2026-09-06;2.0;4.6;4.3;33.1;0,4280;;0;openmeteo_sisclima_fallback;openmeteo_ecmwf_ifs025;openmeteo_soil_proxy;;;;;Tempestade;amarelo;;;;;;;;1;5107883;municipio_sede;;;;;;;26310000;sem_cota_alerta;
35486;Barragem V;Serra Nova Dourada;5107883;2026-09-06;2.0;4.6;4.3;33.1;0,4280;;0;openmeteo_sisclima_fallback;openmeteo_ecmwf_ifs025;openmeteo_soil_proxy;;;;;Tempestade;amarelo;;;;;;;;1;5107883;municipio_sede;;;;;;;26310000;sem_cota_alerta;
35488;Barragem VI;Serra Nova Dourada;5107883;2026-09-06;2.0;4.6;4.3;33.1;0,4280;;0;openmeteo_sisclima_fallback;openmeteo_ecmwf_ifs025;openmeteo_soil_proxy;;;;;Tempestade;amarelo;;;;;;;;1;5107883;municipio_sede;;;;;;;26310000;sem_cota_alerta;
36650;Barramento II Fazenda Água Cristalina;Serra Nova Dourada;5107883;2026-09-06;2.0;4.6;4.3;33.1;0,4280;;0;openmeteo_sisclima_fallback;openmeteo_ecmwf_ifs025;openmeteo_soil_proxy;;;;;Tempestade;amarelo;;;;;;;;1;5107883;municipio_sede;;;;;;;26310000;sem_cota_alerta;
35482;Tanque Cascata Produtiva;Serra Nova Dourada;5107883;2026-09-06;2.0;4.6;4.3;33.1;0,4280;;0;openmeteo_sisclima_fallback;openmeteo_ecmwf_ifs025;openmeteo_soil_proxy;;;;;Tempestade;amarelo;;;;;;;;1;5107883;municipio_sede;;;;;;;26310000;sem_cota_alerta;
31709;Barragem Chácara nº 270;Sinop;5107909;2026-09-06;6.2;10.6;10.2;64.8;1,0000;0,55;0;openmeteo_sisclima_fallback;openmeteo_ecmwf_ifs025;openmeteo_soil_proxy;hidro_risco_municipal;verde;;;Tempestade;amarelo;;;;;;44.39;openmeteo_glofas_copernicus_ems;7;5104526|5105259|5107768|5107909|5107925|5108006|5108501;sede_mais_montante_max;;;;;;;17273100;sem_cota_alerta;
31633;Barragem na Fazenda Remanso I;Sinop;5107909;2026-09-06;6.2;10.6;10.2;64.8;1,0000;0,55;0;openmeteo_sisclima_fallback;openmeteo_ecmwf_ifs025;openmeteo_soil_proxy;hidro_risco_municipal;verde;;;Tempestade;amarelo;;;;;;44.39;openmeteo_glofas_copernicus_ems;7;5104526|5105259|5107768|5107909|5107925|5108006|5108501;sede_mais_montante_max;;;;;;;17280940;sem_cota_alerta;
34480;Barramento - Fazenda Alvorada II;Sinop;5107909;2026-09-06;2.1;7.4;10.2;35.2;0,6730;;0;openmeteo_sisclima_fallback;openmeteo_ecmwf_ifs025;openmeteo_soil_proxy;;;;;Tempestade;amarelo;;;;;;;;1;5107909;municipio_sede;;;;;;;17273100;sem_cota_alerta;
31632;Barramento Fazenda Remanso II;Sinop;5107909;2026-09-06;6.2;10.6;10.2;64.8;1,0000;0,55;0;openmeteo_sisclima_fallback;openmeteo_ecmwf_ifs025;openmeteo_soil_proxy;hidro_risco_municipal;verde;;;Tempestade;amarelo;;;;;;44.39;openmeteo_glofas_copernicus_ems;7;5104526|5105259|5107768|5107909|5107925|5108006|5108501;sede_mais_montante_max;;;;;;;17280940;sem_cota_alerta;
35124;Barramento Sítio Recanto da Natureza;Sinop;5107909;2026-09-06;2.1;7.4;10.2;35.2;0,6730;;0;openmeteo_sisclima_fallback;openmeteo_ecmwf_ifs025;openmeteo_soil_proxy;;;;;Tempestade;amarelo;;;;;;;;1;5107909;municipio_sede;;;;;;;17273100;sem_cota_alerta;
32150;Fazenda Alvorada III;Sinop;5107909;2026-09-06;6.2;10.6;10.2;64.8;1,0000;0,55;0;openmeteo_sisclima_fallback;openmeteo_ecmwf_ifs025;openmeteo_soil_proxy;hidro_risco_municipal;verde;;;Tempestade;amarelo;;;;;;44.39;openmeteo_glofas_copernicus_ems;7;5104526|5105259|5107768|5107909|5107925|5108006|5108501;sede_mais_montante_max;;;;;;;17280940;sem_cota_alerta;
31175;LOTES 79 E 80;Sinop;5107909;2026-09-06;2.1;7.4;10.2;35.2;1,0000;0,55;0;openmeteo_sisclima_fallback;openmeteo_ecmwf_ifs025;openmeteo_soil_proxy;hidro_risco_municipal;verde;;;Tempestade;amarelo;;;;;;;;2;5107909|5108501;sede_mais_montante_max;;;;;;;17273100;sem_cota_alerta;
31468;BARRAGEM PRINCIPAL;Sorriso;5107925;2026-09-06;1.6;4.4;3.8;30.3;0,9680;0,55;0;openmeteo_sisclima_fallback;openmeteo_ecmwf_ifs025;openmeteo_soil_proxy;hidro_risco_municipal;verde;;;Tempestade;amarelo;verde;;;;;44.39;openmeteo_glofas_copernicus_ems;1;5107925;municipio_sede;;;;;;;17277500;sem_cota_alerta;
5891;Balneário Boa Esperança;Sorriso;5107925;2026-09-06;1.6;4.4;3.8;30.3;0,9680;0,55;0;openmeteo_sisclima_fallback;openmeteo_ecmwf_ifs025;openmeteo_soil_proxy;hidro_risco_municipal;verde;;;Tempestade;amarelo;verde;;;;;44.39;openmeteo_glofas_copernicus_ems;1;5107925;municipio_sede;;;;;;;01355007;sem_cota_alerta;
20139;Barragem 2;Sorriso;5107925;2026-09-06;1.6;4.4;3.8;30.3;0,9680;0,55;0;openmeteo_sisclima_fallback;openmeteo_ecmwf_ifs025;openmeteo_soil_proxy;hidro_risco_municipal;verde;;;Tempestade;amarelo;verde;;;;;44.39;openmeteo_glofas_copernicus_ems;1;5107925;municipio_sede;;;;;;;17275100;sem_cota_alerta;
8035;Barragem Caititu;Sorriso;5107925;2026-09-06;6.2;10.6;5.0;64.8;0,9680;0,55;0;openmeteo_sisclima_fallback;openmeteo_ecmwf_ifs025;openmeteo_soil_proxy;hidro_risco_municipal;verde;;;Tempestade;amarelo;verde;;;;;44.39;openmeteo_glofas_copernicus_ems;3;5105259|5107768|5107925;sede_mais_montante_max;;;;;;;17278500;sem_cota_alerta;
35537;Barragem Fazenda Barreiro III;Sorriso;5107925;2026-09-06;1.6;4.4;3.8;30.3;0,9680;0,55;0;openmeteo_sisclima_fallback;openmeteo_ecmwf_ifs025;openmeteo_soil_proxy;hidro_risco_municipal;verde;;;Tempestade;amarelo;verde;;;;;44.39;openmeteo_glofas_copernicus_ems;1;5107925;municipio_sede;;;;;;;17277300;sem_cota_alerta;
19988;Barragem I - Fazenda Santa Ernestina I;Sorriso;5107925;2026-09-06;1.6;4.4;3.8;30.3;0,9680;0,55;0;openmeteo_sisclima_fallback;openmeteo_ecmwf_ifs025;openmeteo_soil_proxy;hidro_risco_municipal;verde;;;Tempestade;amarelo;verde;;;;;44.39;openmeteo_glofas_copernicus_ems;1;5107925;municipio_sede;;;;213,3;19,41;;17271100;contexto_somente;2026-09-07 10:00:00
31648;Barragem I Fazenda Santana;Sorriso;5107925;2026-09-06;1.6;4.4;3.8;30.3;0,9680;0,55;0;openmeteo_sisclima_fallback;openmeteo_ecmwf_ifs025;openmeteo_soil_proxy;hidro_risco_municipal;verde;;;Tempestade;amarelo;verde;;;;;44.39;openmeteo_glofas_copernicus_ems;1;5107925;municipio_sede;;;;213,3;19,41;;17271100;contexto_somente;2026-09-07 10:00:00
19995;Barragem IMA;Sorriso;5107925;2026-09-06;1.6;4.4;3.8;30.3;0,9680;0,55;0;openmeteo_sisclima_fallback;openmeteo_ecmwf_ifs025;openmeteo_soil_proxy;hidro_risco_municipal;verde;;;Tempestade;amarelo;verde;;;;;44.39;openmeteo_glofas_copernicus_ems;1;5107925;municipio_sede;;;;;;;17260000;sem_cota_alerta;
35227;Barragem Principal - Fazenda Juliana;Sorriso;5107925;2026-09-06;1.6;4.4;3.8;30.3;0,9680;0,55;0;openmeteo_sisclima_fallback;openmeteo_ecmwf_ifs025;openmeteo_soil_proxy;hidro_risco_municipal;verde;;;Tempestade;amarelo;verde;;;;;44.39;openmeteo_glofas_copernicus_ems;1;5107925;municipio_sede;;;;;;;17277500;sem_cota_alerta;
35256;Barragem São Miguel;Sorriso;5107925;2026-09-06;4.2;6.9;5.0;48.6;0,9680;0,55;0;openmeteo_sisclima_fallback;openmeteo_ecmwf_ifs025;openmeteo_soil_proxy;hidro_risco_municipal;verde;;;Tempestade;amarelo;verde;;;;;44.39;openmeteo_glofas_copernicus_ems;2;5107768|5107925;sede_mais_montante_max;;;;;;;17277500;sem_cota_alerta;
35461;Barramento - Fazenda Santo Antônio;Sorriso;5107925;2026-09-06;1.6;4.4;3.8;30.3;0,9680;0,55;0;openmeteo_sisclima_fallback;openmeteo_ecmwf_ifs025;openmeteo_soil_proxy;hidro_risco_municipal;verde;;;Tempestade;amarelo;verde;;;;;44.39;openmeteo_glofas_copernicus_ems;1;5107925;municipio_sede;;;;;;;17260000;sem_cota_alerta;
35123;Barramento - Fazenda Seriema;Sorriso;5107925;2026-09-06;1.6;4.4;3.8;30.3;0,9680;0,55;0;openmeteo_sisclima_fallback;openmeteo_ecmwf_ifs025;openmeteo_soil_proxy;hidro_risco_municipal;verde;;;Tempestade;amarelo;verde;;;;;44.39;openmeteo_glofas_copernicus_ems;1;5107925;municipio_sede;;;;213,3;19,41;;17271100;contexto_somente;2026-09-07 10:00:00
34025;Barramento 01 (Montante) São Cristóvão;Sorriso;5107925;2026-09-06;1.6;4.4;3.8;30.3;0,9680;0,55;0;openmeteo_sisclima_fallback;openmeteo_ecmwf_ifs025;openmeteo_soil_proxy;hidro_risco_municipal;verde;;;Tempestade;amarelo;verde;;;;;44.39;openmeteo_glofas_copernicus_ems;1;5107925;municipio_sede;;;;;;;17277500;sem_cota_alerta;
20070;Barramento 02 (Montante) - São Cristóvão;Sorriso;5107925;2026-09-06;1.6;4.4;3.8;30.3;0,9680;0,55;0;openmeteo_sisclima_fallback;openmeteo_ecmwf_ifs025;openmeteo_soil_proxy;hidro_risco_municipal;verde;;;Tempestade;amarelo;verde;;;;;44.39;openmeteo_glofas_copernicus_ems;1;5107925;municipio_sede;;;;;;;17277500;sem_cota_alerta;
35272;Barramento 02 Fazenda Água Azul;Sorriso;5107925;2026-09-06;1.6;4.4;3.8;30.3;0,9680;0,55;0;openmeteo_sisclima_fallback;openmeteo_ecmwf_ifs025;openmeteo_soil_proxy;hidro_risco_municipal;verde;;;Tempestade;amarelo;verde;;;;;44.39;openmeteo_glofas_copernicus_ems;1;5107925;municipio_sede;;;;;;;17277500;sem_cota_alerta;
34024;Barramento 3-  São Cristóvão;Sorriso;5107925;2026-09-06;1.6;4.4;3.8;30.3;0,9680;0,55;0;openmeteo_sisclima_fallback;openmeteo_ecmwf_ifs025;openmeteo_soil_proxy;hidro_risco_municipal;verde;;;Tempestade;amarelo;verde;;;;;44.39;openmeteo_glofas_copernicus_ems;1;5107925;municipio_sede;;;;;;;17277500;sem_cota_alerta;
36511;Barramento Fazenda Cascata e Cascata II;Sorriso;5107925;2026-09-06;1.6;4.4;3.8;30.3;0,9680;0,55;0;openmeteo_sisclima_fallback;openmeteo_ecmwf_ifs025;openmeteo_soil_proxy;hidro_risco_municipal;verde;;;Tempestade;amarelo;verde;;;;;44.39;openmeteo_glofas_copernicus_ems;1;5107925;municipio_sede;;;;;;;17260000;sem_cota_alerta;
8050;Barramento Fazenda Rodeio;Sorriso;5107925;2026-09-06;1.6;4.4;3.8;30.3;0,9680;0,55;0;openmeteo_sisclima_fallback;openmeteo_ecmwf_ifs025;openmeteo_soil_proxy;hidro_risco_municipal;verde;;;Tempestade;amarelo;verde;;;;;44.39;openmeteo_glofas_copernicus_ems;1;5107925;municipio_sede;;;;213,3;19,41;;17271100;contexto_somente;2026-09-07 10:00:00
35534;Barramento Fazenda Água Azul II;Sorriso;5107925;2026-09-06;1.6;4.4;3.8;30.3;0,9680;0,55;0;openmeteo_sisclima_fallback;openmeteo_ecmwf_ifs025;openmeteo_soil_proxy;hidro_risco_municipal;verde;;;Tempestade;amarelo;verde;;;;;44.39;openmeteo_glofas_copernicus_ems;1;5107925;municipio_sede;;;;;;;17277500;sem_cota_alerta;
35130;Barramento MONTANTE;Sorriso;5107925;2026-09-06;1.6;4.4;3.8;30.3;0,9680;0,55;0;openmeteo_sisclima_fallback;openmeteo_ecmwf_ifs025;openmeteo_soil_proxy;hidro_risco_municipal;verde;;;Tempestade;amarelo;verde;;;;;44.39;openmeteo_glofas_copernicus_ems;1;5107925;municipio_sede;;;;213,3;19,41;;17271100;contexto_somente;2026-09-07 10:00:00
35131;Barramento MONTANTE 2;Sorriso;5107925;2026-09-06;1.6;4.4;3.8;30.3;0,9680;0,55;0;openmeteo_sisclima_fallback;openmeteo_ecmwf_ifs025;openmeteo_soil_proxy;hidro_risco_municipal;verde;;;Tempestade;amarelo;verde;;;;;44.39;openmeteo_glofas_copernicus_ems;1;5107925;municipio_sede;;;;213,3;19,41;;17271100;contexto_somente;2026-09-07 10:00:00
35230;Barramento Montante - Fazenda Juliana;Sorriso;5107925;2026-09-06;1.6;4.4;3.8;30.3;0,9680;0,55;0;openmeteo_sisclima_fallback;openmeteo_ecmwf_ifs025;openmeteo_soil_proxy;hidro_risco_municipal;verde;;;Tempestade;amarelo;verde;;;;;44.39;openmeteo_glofas_copernicus_ems;1;5107925;municipio_sede;;;;;;;17277500;sem_cota_alerta;
35128;Barramento PRINCIPAL;Sorriso;5107925;2026-09-06;1.6;4.4;3.8;30.3;0,9680;0,55;0;openmeteo_sisclima_fallback;openmeteo_ecmwf_ifs025;openmeteo_soil_proxy;hidro_risco_municipal;verde;;;Tempestade;amarelo;verde;;;;;44.39;openmeteo_glofas_copernicus_ems;1;5107925;municipio_sede;;;;213,3;19,41;;17271100;contexto_somente;2026-09-07 10:00:00
8043;Barramento Sede;Sorriso;5107925;2026-09-06;1.6;4.4;3.8;30.3;1,0000;0,55;0;openmeteo_sisclima_fallback;openmeteo_ecmwf_ifs025;openmeteo_soil_proxy;hidro_risco_municipal;verde;;;Tempestade;amarelo;verde;;;;;44.39;openmeteo_glofas_copernicus_ems;2;5107925|5108501;sede_mais_montante_max;;;;;;;17273100;sem_cota_alerta;
34130;CGH Fazenda Sao Jose I - Sorriso - BARRAGEM - FAZ. SÃO JOSÉ;Sorriso;5107925;2026-09-06;1.6;4.4;3.8;30.3;0,9680;0,55;0;openmeteo_sisclima_fallback;openmeteo_ecmwf_ifs025;openmeteo_soil_proxy;hidro_risco_municipal;verde;;;Tempestade;amarelo;verde;;;;;44.39;openmeteo_glofas_copernicus_ems;1;5107925;municipio_sede;;;;213,3;19,41;;17271100;contexto_somente;2026-09-07 10:00:00
19992;Chácara Santa Cristina;Sorriso;5107925;2026-09-06;1.6;4.4;3.8;30.3;0,9680;0,55;0;openmeteo_sisclima_fallback;openmeteo_ecmwf_ifs025;openmeteo_soil_proxy;hidro_risco_municipal;verde;;;Tempestade;amarelo;verde;;;;;44.39;openmeteo_glofas_copernicus_ems;1;5107925;municipio_sede;;;;213,3;19,41;;17271100;contexto_somente;2026-09-07 10:00:00
33406;Estrela de Fogo;Sorriso;5107925;2026-09-06;1.6;4.4;3.8;30.3;1,0000;0,55;0;openmeteo_sisclima_fallback;openmeteo_ecmwf_ifs025;openmeteo_soil_proxy;hidro_risco_municipal;verde;;;Tempestade;amarelo;verde;;;;;44.39;openmeteo_glofas_copernicus_ems;2;5107925|5108501;sede_mais_montante_max;;;;;;;17273100;sem_cota_alerta;
8042;FAZ. CEOLATTO;Sorriso;5107925;2026-09-06;1.6;4.4;3.8;30.3;0,9680;0,55;0;openmeteo_sisclima_fallback;openmeteo_ecmwf_ifs025;openmeteo_soil_proxy;hidro_risco_municipal;verde;;;Tempestade;amarelo;verde;;;;;44.39;openmeteo_glofas_copernicus_ems;1;5107925;municipio_sede;;;;;;;17260000;sem_cota_alerta;
295;FAZENDA CAROL I, II e III - Barragem II;Sorriso;5107925;2026-09-06;6.2;10.6;7.2;64.8;0,9680;0,55;0;openmeteo_sisclima_fallback;openmeteo_ecmwf_ifs025;openmeteo_soil_proxy;hidro_risco_municipal;verde;;;Tempestade;amarelo;verde;;;;;44.39;openmeteo_glofas_copernicus_ems;4;5105259|5107768|5107925|5108006;sede_mais_montante_max;;;;;;;17275100;sem_cota_alerta;
20032;FAZENDA CASCATA;Sorriso;5107925;2026-09-06;1.6;4.4;3.8;30.3;0,9680;0,55;0;openmeteo_sisclima_fallback;openmeteo_ecmwf_ifs025;openmeteo_soil_proxy;hidro_risco_municipal;verde;;;Tempestade;amarelo;verde;;;;;44.39;openmeteo_glofas_copernicus_ems;1;5107925;municipio_sede;;;;;;;17260000;sem_cota_alerta;
20035;FAZENDA JABORANDI;Sorriso;5107925;2026-09-06;6.2;10.6;7.2;64.8;0,9680;0,55;0;openmeteo_sisclima_fallback;openmeteo_ecmwf_ifs025;openmeteo_soil_proxy;hidro_risco_municipal;verde;;;Tempestade;amarelo;verde;;;;;44.39;openmeteo_glofas_copernicus_ems;4;5105259|5107768|5107925|5108006;sede_mais_montante_max;;;;;;;17275100;sem_cota_alerta;
294;FAZENDA LUIZ EDUARDO I e II;Sorriso;5107925;2026-09-06;6.2;10.6;7.2;64.8;0,9680;0,55;0;openmeteo_sisclima_fallback;openmeteo_ecmwf_ifs025;openmeteo_soil_proxy;hidro_risco_municipal;verde;;;Tempestade;amarelo;verde;;;;;44.39;openmeteo_glofas_copernicus_ems;4;5105259|5107768|5107925|5108006;sede_mais_montante_max;;;;;;;17275100;sem_cota_alerta;
305;FAZENDA MEU PEDAÇO;Sorriso;5107925;2026-09-06;1.6;4.4;3.8;30.3;0,9680;0,55;0;openmeteo_sisclima_fallback;openmeteo_ecmwf_ifs025;openmeteo_soil_proxy;hidro_risco_municipal;verde;;;Tempestade;amarelo;verde;;;;;44.39;openmeteo_glofas_copernicus_ems;1;5107925;municipio_sede;;;;;;;17277300;sem_cota_alerta;
306;FAZENDA POTRICH;Sorriso;5107925;2026-09-06;1.6;4.4;3.8;30.3;0,9680;0,55;0;openmeteo_sisclima_fallback;openmeteo_ecmwf_ifs025;openmeteo_soil_proxy;hidro_risco_municipal;verde;;;Tempestade;amarelo;verde;;;;;44.39;openmeteo_glofas_copernicus_ems;1;5107925;municipio_sede;;;;;;;17277500;sem_cota_alerta;
20034;FAZENDA RIO VERDE;Sorriso;5107925;2026-09-06;4.2;6.9;5.0;48.6;0,9680;0,55;0;openmeteo_sisclima_fallback;openmeteo_ecmwf_ifs025;openmeteo_soil_proxy;hidro_risco_municipal;verde;;;Tempestade;amarelo;verde;;;;;44.39;openmeteo_glofas_copernicus_ems;2;5107768|5107925;sede_mais_montante_max;;;;;;;17230000;sem_cota_alerta;
20214;Faz. Chapadão Verde;Sorriso;5107925;2026-09-06;1.6;4.4;3.8;30.3;0,9680;0,55;0;openmeteo_sisclima_fallback;openmeteo_ecmwf_ifs025;openmeteo_soil_proxy;hidro_risco_municipal;verde;;;Tempestade;amarelo;verde;;;;;44.39;openmeteo_glofas_copernicus_ems;1;5107925;municipio_sede;;;;213,3;19,41;;17271100;contexto_somente;2026-09-07 10:00:00
8039;Faz. Paraíso;Sorriso;5107925;2026-09-06;1.6;4.4;3.8;30.3;0,9680;0,55;0;openmeteo_sisclima_fallback;openmeteo_ecmwf_ifs025;openmeteo_soil_proxy;hidro_risco_municipal;verde;;;Tempestade;amarelo;verde;;;;;44.39;openmeteo_glofas_copernicus_ems;1;5107925;municipio_sede;;;;213,3;19,41;;17271100;contexto_somente;2026-09-07 10:00:00
8038;Faz. Pinheiros;Sorriso;5107925;2026-09-06;6.2;10.6;7.2;64.8;0,9680;0,55;0;openmeteo_sisclima_fallback;openmeteo_ecmwf_ifs025;openmeteo_soil_proxy;hidro_risco_municipal;verde;;;Tempestade;amarelo;verde;;;;;44.39;openmeteo_glofas_copernicus_ems;4;5105259|5107768|5107925|5108006;sede_mais_montante_max;;;;;;;17275100;sem_cota_alerta;
36407;Fazenda Alegria - Reservatório Pulmão  I;Sorriso;5107925;2026-09-06;1.6;4.4;3.8;30.3;0,9680;0,55;0;openmeteo_sisclima_fallback;openmeteo_ecmwf_ifs025;openmeteo_soil_proxy;hidro_risco_municipal;verde;;;Tempestade;amarelo;verde;;;;;44.39;openmeteo_glofas_copernicus_ems;1;5107925;municipio_sede;;;;;;;17260000;sem_cota_alerta;
335;Fazenda Barreiro;Sorriso;5107925;2026-09-06;1.6;4.4;3.8;30.3;0,9680;0,55;0;openmeteo_sisclima_fallback;openmeteo_ecmwf_ifs025;openmeteo_soil_proxy;hidro_risco_municipal;verde;;;Tempestade;amarelo;verde;;;;;44.39;openmeteo_glofas_copernicus_ems;1;5107925;municipio_sede;;;;;;;17273100;sem_cota_alerta;
36556;Fazenda Cachoeira II;Sorriso;5107925;2026-09-06;1.6;4.4;3.8;30.3;0,9680;0,55;0;openmeteo_sisclima_fallback;openmeteo_ecmwf_ifs025;openmeteo_soil_proxy;hidro_risco_municipal;verde;;;Tempestade;amarelo;verde;;;;;44.39;openmeteo_glofas_copernicus_ems;1;5107925;municipio_sede;;;;;;;17277500;sem_cota_alerta;
8046;Fazenda Capixaba;Sorriso;5107925;2026-09-06;1.6;4.4;3.8;30.3;0,9680;0,55;0;openmeteo_sisclima_fallback;openmeteo_ecmwf_ifs025;openmeteo_soil_proxy;hidro_risco_municipal;verde;;;Tempestade;amarelo;verde;;;;;44.39;openmeteo_glofas_copernicus_ems;1;5107925;municipio_sede;;;;;;;17277500;sem_cota_alerta;
8053;Fazenda Caravaggio;Sorriso;5107925;2026-09-06;1.6;4.4;3.8;30.3;0,9680;0,55;0;openmeteo_sisclima_fallback;openmeteo_ecmwf_ifs025;openmeteo_soil_proxy;hidro_risco_municipal;verde;;;Tempestade;amarelo;verde;;;;;44.39;openmeteo_glofas_copernicus_ems;1;5107925;municipio_sede;;;;;;;17277500;sem_cota_alerta;
293;Fazenda Carol I, II e III - Barragem I;Sorriso;5107925;2026-09-06;6.2;10.6;7.2;64.8;0,9680;0,55;0;openmeteo_sisclima_fallback;openmeteo_ecmwf_ifs025;openmeteo_soil_proxy;hidro_risco_municipal;verde;;;Tempestade;amarelo;verde;;;;;44.39;openmeteo_glofas_copernicus_ems;4;5105259|5107768|5107925|5108006;sede_mais_montante_max;;;;;;;17275100;sem_cota_alerta;
8040;Fazenda Córrego Grande;Sorriso;5107925;2026-09-06;1.6;4.4;3.8;30.3;0,9680;0,55;0;openmeteo_sisclima_fallback;openmeteo_ecmwf_ifs025;openmeteo_soil_proxy;hidro_risco_municipal;verde;;;Tempestade;amarelo;verde;;;;;44.39;openmeteo_glofas_copernicus_ems;1;5107925;municipio_sede;;;;;;;17260000;sem_cota_alerta;
334;Fazenda Dal Molin V;Sorriso;5107925;2026-09-06;4.2;6.9;5.0;48.6;0,9680;0,55;0;openmeteo_sisclima_fallback;openmeteo_ecmwf_ifs025;openmeteo_soil_proxy;hidro_risco_municipal;verde;;;Tempestade;amarelo;verde;;;;;44.39;openmeteo_glofas_copernicus_ems;2;5107768|5107925;sede_mais_montante_max;;;;;;;17230000;sem_cota_alerta;
21903;Fazenda Del Mar;Sorriso;5107925;2026-09-06;1.6;4.4;3.8;30.3;0,9680;0,55;0;openmeteo_sisclima_fallback;openmeteo_ecmwf_ifs025;openmeteo_soil_proxy;hidro_risco_municipal;verde;;;Tempestade;amarelo;verde;;;;;44.39;openmeteo_glofas_copernicus_ems;1;5107925;municipio_sede;;;;;;;17260000;sem_cota_alerta;
26229;Fazenda Eduina Teresa;Sorriso;5107925;2026-09-06;6.2;10.6;7.2;64.8;0,9680;0,55;0;openmeteo_sisclima_fallback;openmeteo_ecmwf_ifs025;openmeteo_soil_proxy;hidro_risco_municipal;verde;;;Tempestade;amarelo;verde;;;;;44.39;openmeteo_glofas_copernicus_ems;5;5104526|5105259|5107768|5107925|5108006;sede_mais_montante_max;;;;;;;17273100;sem_cota_alerta;
337;Fazenda Jaborandi;Sorriso;5107925;2026-09-06;6.2;10.6;7.2;64.8;0,9680;0,55;0;openmeteo_sisclima_fallback;openmeteo_ecmwf_ifs025;openmeteo_soil_proxy;hidro_risco_municipal;verde;;;Tempestade;amarelo;verde;;;;;44.39;openmeteo_glofas_copernicus_ems;4;5105259|5107768|5107925|5108006;sede_mais_montante_max;;;;;;;17275100;sem_cota_alerta;
386;Fazenda Macape;Sorriso;5107925;2026-09-06;1.6;4.4;3.8;30.3;0,9680;0,55;0;openmeteo_sisclima_fallback;openmeteo_ecmwf_ifs025;openmeteo_soil_proxy;hidro_risco_municipal;verde;;;Tempestade;amarelo;verde;;;;;44.39;openmeteo_glofas_copernicus_ems;1;5107925;municipio_sede;;;;300,0;36,91;;17277000;contexto_somente;2026-09-07 09:30:00
8049;Fazenda Marauense;Sorriso;5107925;2026-09-06;1.6;4.4;3.8;30.3;0,9680;0,55;0;openmeteo_sisclima_fallback;openmeteo_ecmwf_ifs025;openmeteo_soil_proxy;hidro_risco_municipal;verde;;;Tempestade;amarelo;verde;;;;;44.39;openmeteo_glofas_copernicus_ems;1;5107925;municipio_sede;;;;;;;17277500;sem_cota_alerta;
8047;Fazenda Poranga II - III;Sorriso;5107925;2026-09-06;1.6;4.4;3.8;30.3;0,9680;0,55;0;openmeteo_sisclima_fallback;openmeteo_ecmwf_ifs025;openmeteo_soil_proxy;hidro_risco_municipal;verde;;;Tempestade;amarelo;verde;;;;;44.39;openmeteo_glofas_copernicus_ems;1;5107925;municipio_sede;;;;213,3;19,41;;17271100;contexto_somente;2026-09-07 10:00:00
20063;Fazenda Possamai;Sorriso;5107925;2026-09-06;6.2;10.6;5.0;64.8;0,9680;0,55;0;openmeteo_sisclima_fallback;openmeteo_ecmwf_ifs025;openmeteo_soil_proxy;hidro_risco_municipal;verde;;;Tempestade;amarelo;verde;;;;;44.39;openmeteo_glofas_copernicus_ems;3;5105259|5107768|5107925;sede_mais_montante_max;;;;;;;17278500;sem_cota_alerta;
30796;Fazenda Possamai II;Sorriso;5107925;2026-09-06;6.2;10.6;5.0;64.8;0,9680;0,55;0;openmeteo_sisclima_fallback;openmeteo_ecmwf_ifs025;openmeteo_soil_proxy;hidro_risco_municipal;verde;;;Tempestade;amarelo;verde;;;;;44.39;openmeteo_glofas_copernicus_ems;3;5105259|5107768|5107925;sede_mais_montante_max;;;;;;;17278500;sem_cota_alerta;
8051;Fazenda Potrich;Sorriso;5107925;2026-09-06;1.6;4.4;3.8;30.3;0,9680;0,55;0;openmeteo_sisclima_fallback;openmeteo_ecmwf_ifs025;openmeteo_soil_proxy;hidro_risco_municipal;verde;;;Tempestade;amarelo;verde;;;;;44.39;openmeteo_glofas_copernicus_ems;1;5107925;municipio_sede;;;;;;;17277500;sem_cota_alerta;
36512;Fazenda Potrich II, IV e V;Sorriso;5107925;2026-09-06;1.6;4.4;3.8;30.3;0,9680;0,55;0;openmeteo_sisclima_fallback;openmeteo_ecmwf_ifs025;openmeteo_soil_proxy;hidro_risco_municipal;verde;;;Tempestade;amarelo;verde;;;;;44.39;openmeteo_glofas_copernicus_ems;1;5107925;municipio_sede;;;;;;;17277500;sem_cota_alerta;
8048;Fazenda Recanto II e III;Sorriso;5107925;2026-09-06;1.6;4.4;3.8;30.3;0,9680;0,55;0;openmeteo_sisclima_fallback;openmeteo_ecmwf_ifs025;openmeteo_soil_proxy;hidro_risco_municipal;verde;;;Tempestade;amarelo;verde;;;;;44.39;openmeteo_glofas_copernicus_ems;1;5107925;municipio_sede;;;;213,3;19,41;;17271100;contexto_somente;2026-09-07 10:00:00
8052;Fazenda Reolon;Sorriso;5107925;2026-09-06;1.6;4.4;3.8;30.3;0,9680;0,55;0;openmeteo_sisclima_fallback;openmeteo_ecmwf_ifs025;openmeteo_soil_proxy;hidro_risco_municipal;verde;;;Tempestade;amarelo;verde;;;;;44.39;openmeteo_glofas_copernicus_ems;1;5107925;municipio_sede;;;;;;;17277500;sem_cota_alerta;
5786;Fazenda Rio Verde III ? Barramento 3;Sorriso;5107925;2026-09-06;4.2;6.9;5.0;48.6;0,9680;0,55;0;openmeteo_sisclima_fallback;openmeteo_ecmwf_ifs025;openmeteo_soil_proxy;hidro_risco_municipal;verde;;;Tempestade;amarelo;verde;;;;;44.39;openmeteo_glofas_copernicus_ems;2;5107768|5107925;sede_mais_montante_max;;;;;;;17230000;sem_cota_alerta;
36540;Fazenda Rubin II;Sorriso;5107925;2026-09-06;6.2;10.6;5.0;64.8;0,9680;0,55;0;openmeteo_sisclima_fallback;openmeteo_ecmwf_ifs025;openmeteo_soil_proxy;hidro_risco_municipal;verde;;;Tempestade;amarelo;verde;;;;;44.39;openmeteo_glofas_copernicus_ems;3;5105259|5107768|5107925;sede_mais_montante_max;;;;213,3;19,41;;17271100;contexto_somente;2026-09-07 10:00:00
36525;Fazenda Santa Rita de Cássia;Sorriso;5107925;2026-09-06;1.6;4.4;3.8;30.3;0,9680;0,55;0;openmeteo_sisclima_fallback;openmeteo_ecmwf_ifs025;openmeteo_soil_proxy;hidro_risco_municipal;verde;;;Tempestade;amarelo;verde;;;;;44.39;openmeteo_glofas_copernicus_ems;1;5107925;municipio_sede;;;;;;;17277500;sem_cota_alerta;
20059;Fazenda Santa Rosa;Sorriso;5107925;2026-09-06;1.6;4.4;3.8;30.3;0,9680;0,55;0;openmeteo_sisclima_fallback;openmeteo_ecmwf_ifs025;openmeteo_soil_proxy;hidro_risco_municipal;verde;;;Tempestade;amarelo;verde;;;;;44.39;openmeteo_glofas_copernicus_ems;1;5107925;municipio_sede;;;;;;;17230000;sem_cota_alerta;
5780;Fazenda Santo Antonio I;Sorriso;5107925;2026-09-06;1.6;4.4;3.8;30.3;0,9680;0,55;0;openmeteo_sisclima_fallback;openmeteo_ecmwf_ifs025;openmeteo_soil_proxy;hidro_risco_municipal;verde;;;Tempestade;amarelo;verde;;;;;44.39;openmeteo_glofas_copernicus_ems;1;5107925;municipio_sede;;;;;;;17260000;sem_cota_alerta;
19993;Fazenda Santo Antônio II;Sorriso;5107925;2026-09-06;1.6;4.4;3.8;30.3;0,9680;0,55;0;openmeteo_sisclima_fallback;openmeteo_ecmwf_ifs025;openmeteo_soil_proxy;hidro_risco_municipal;verde;;;Tempestade;amarelo;verde;;;;;44.39;openmeteo_glofas_copernicus_ems;1;5107925;municipio_sede;;;;;;;17260000;sem_cota_alerta;
5797;Fazenda Santo Rosseto;Sorriso;5107925;2026-09-06;1.6;4.4;3.8;30.3;0,9680;0,55;0;openmeteo_sisclima_fallback;openmeteo_ecmwf_ifs025;openmeteo_soil_proxy;hidro_risco_municipal;verde;;;Tempestade;amarelo;verde;;;;;44.39;openmeteo_glofas_copernicus_ems;1;5107925;municipio_sede;;;;;;;17260000;sem_cota_alerta;
19997;Fazenda São Filipe;Sorriso;5107925;2026-09-06;1.6;4.4;3.8;30.3;0,9680;0,55;0;openmeteo_sisclima_fallback;openmeteo_ecmwf_ifs025;openmeteo_soil_proxy;hidro_risco_municipal;verde;;;Tempestade;amarelo;verde;;;;;44.39;openmeteo_glofas_copernicus_ems;1;5107925;municipio_sede;;;;;;;17260000;sem_cota_alerta;
20072;Fazenda São Jose;Sorriso;5107925;2026-09-06;1.6;4.4;3.8;30.3;0,9680;0,55;0;openmeteo_sisclima_fallback;openmeteo_ecmwf_ifs025;openmeteo_soil_proxy;hidro_risco_municipal;verde;;;Tempestade;amarelo;verde;;;;;44.39;openmeteo_glofas_copernicus_ems;1;5107925;municipio_sede;;;;213,3;19,41;;17271100;contexto_somente;2026-09-07 10:00:00
332;Fazenda São Martinho XII - 2;Sorriso;5107925;2026-09-06;6.2;10.6;5.0;64.8;0,9680;0,55;0;openmeteo_sisclima_fallback;openmeteo_ecmwf_ifs025;openmeteo_soil_proxy;hidro_risco_municipal;verde;;;Tempestade;amarelo;verde;;;;;44.39;openmeteo_glofas_copernicus_ems;3;5105259|5107768|5107925;sede_mais_montante_max;;;;;;;17275100;sem_cota_alerta;
363;Fazenda São Roque II;Sorriso;5107925;2026-09-06;1.6;4.4;3.8;30.3;0,9680;0,55;0;openmeteo_sisclima_fallback;openmeteo_ecmwf_ifs025;openmeteo_soil_proxy;hidro_risco_municipal;verde;;;Tempestade;amarelo;verde;;;;;44.39;openmeteo_glofas_copernicus_ems;1;5107925;municipio_sede;;;;;;;17260000;sem_cota_alerta;
36521;Fazenda Toca da Onça ? Barramento 01;Sorriso;5107925;2026-09-06;1.6;4.4;3.8;30.3;0,9680;0,55;0;openmeteo_sisclima_fallback;openmeteo_ecmwf_ifs025;openmeteo_soil_proxy;hidro_risco_municipal;verde;;;Tempestade;amarelo;verde;;;;;44.39;openmeteo_glofas_copernicus_ems;1;5107925;municipio_sede;;;;;;;17230000;sem_cota_alerta;
30856;Fazenda Tropeiro Velho;Sorriso;5107925;2026-09-06;1.6;4.4;3.8;30.3;0,9680;0,55;0;openmeteo_sisclima_fallback;openmeteo_ecmwf_ifs025;openmeteo_soil_proxy;hidro_risco_municipal;verde;;;Tempestade;amarelo;verde;;;;;44.39;openmeteo_glofas_copernicus_ems;1;5107925;municipio_sede;;;;213,3;19,41;;17271100;contexto_somente;2026-09-07 10:00:00
20066;Fazenda Vitoria;Sorriso;5107925;2026-09-06;6.2;10.6;7.2;64.8;0,9680;0,55;0;openmeteo_sisclima_fallback;openmeteo_ecmwf_ifs025;openmeteo_soil_proxy;hidro_risco_municipal;verde;;;Tempestade;amarelo;verde;;;;;44.39;openmeteo_glofas_copernicus_ems;4;5105259|5107768|5107925|5108006;sede_mais_montante_max;;;;;;;17275100;sem_cota_alerta;
307;Fazenda Vitória;Sorriso;5107925;2026-09-06;6.2;10.6;7.2;64.8;0,9680;0,55;0;openmeteo_sisclima_fallback;openmeteo_ecmwf_ifs025;openmeteo_soil_proxy;hidro_risco_municipal;verde;;;Tempestade;amarelo;verde;;;;;44.39;openmeteo_glofas_copernicus_ems;4;5105259|5107768|5107925|5108006;sede_mais_montante_max;;;;;;;17275100;sem_cota_alerta;
20058;Fazenda Água Azul;Sorriso;5107925;2026-09-06;1.6;4.4;3.8;30.3;0,9680;0,55;0;openmeteo_sisclima_fallback;openmeteo_ecmwf_ifs025;openmeteo_soil_proxy;hidro_risco_municipal;verde;;;Tempestade;amarelo;verde;;;;;44.39;openmeteo_glofas_copernicus_ems;1;5107925;municipio_sede;;;;;;;17277500;sem_cota_alerta;
20057;Fazenda Água Branca;Sorriso;5107925;2026-09-06;4.2;6.9;5.0;48.6;0,9680;0,55;0;openmeteo_sisclima_fallback;openmeteo_ecmwf_ifs025;openmeteo_soil_proxy;hidro_risco_municipal;verde;;;Tempestade;amarelo;verde;;;;;44.39;openmeteo_glofas_copernicus_ems;2;5107768|5107925;sede_mais_montante_max;;;;;;;17277500;sem_cota_alerta;
5038;PCH Canoa Quebrada - 1;Sorriso;5107925;2026-09-06;1.6;4.4;3.8;30.3;0,9680;0,55;0;openmeteo_sisclima_fallback;openmeteo_ecmwf_ifs025;openmeteo_soil_proxy;hidro_risco_municipal;verde;;;Tempestade;amarelo;verde;;;;;44.39;openmeteo_glofas_copernicus_ems;1;5107925;municipio_sede;;;;;;;17260000;sem_cota_alerta;
34181;PCH Foz do Cedro (Antiga A1E8) - 1;Sorriso;5107925;2026-09-06;1.6;4.4;3.8;30.3;0,9680;0,55;0;openmeteo_sisclima_fallback;openmeteo_ecmwf_ifs025;openmeteo_soil_proxy;hidro_risco_municipal;verde;;;Tempestade;amarelo;verde;;;;;44.39;openmeteo_glofas_copernicus_ems;1;5107925;municipio_sede;;;;;;;17278490;sem_cota_alerta;
36535;PRODULIRA;Sorriso;5107925;2026-09-06;1.6;4.4;3.8;30.3;0,9680;0,55;0;openmeteo_sisclima_fallback;openmeteo_ecmwf_ifs025;openmeteo_soil_proxy;hidro_risco_municipal;verde;;;Tempestade;amarelo;verde;;;;;44.39;openmeteo_glofas_copernicus_ems;1;5107925;municipio_sede;;;;300,0;36,91;;17277000;contexto_somente;2026-09-07 09:30:00
36566;Reservatório Artificial - Fazenda Nossa Senhora Aparecida;Sorriso;5107925;2026-09-06;1.6;4.4;3.8;30.3;0,9680;0,55;0;openmeteo_sisclima_fallback;openmeteo_ecmwf_ifs025;openmeteo_soil_proxy;hidro_risco_municipal;verde;;;Tempestade;amarelo;verde;;;;;44.39;openmeteo_glofas_copernicus_ems;1;5107925;municipio_sede;;;;;;;17260000;sem_cota_alerta;
36567;Reservatório artificial ? Fazenda São Miguel I;Sorriso;5107925;2026-09-06;1.6;4.4;3.8;30.3;0,9680;0,55;0;openmeteo_sisclima_fallback;openmeteo_ecmwf_ifs025;openmeteo_soil_proxy;hidro_risco_municipal;verde;;;Tempestade;amarelo;verde;;;;;44.39;openmeteo_glofas_copernicus_ems;1;5107925;municipio_sede;;;;;;;18422400;sem_cota_alerta;
20152;Ribeirão Sossego;Sorriso;5107925;2026-09-06;1.6;4.4;3.8;30.3;0,9680;0,55;0;openmeteo_sisclima_fallback;openmeteo_ecmwf_ifs025;openmeteo_soil_proxy;hidro_risco_municipal;verde;;;Tempestade;amarelo;verde;;;;;44.39;openmeteo_glofas_copernicus_ems;1;5107925;municipio_sede;;;;300,0;36,91;;17277000;contexto_somente;2026-09-07 09:30:00
27570;BR ÁGUIA DO SOL;Santo Antônio de Leverger;5107800;2026-09-06;1.6;2.5;7.4;30.3;1,0000;0,490;0;openmeteo_sisclima_fallback;openmeteo_ecmwf_ifs025;openmeteo_soil_proxy;hidro_risco_municipal;verde;;;Tempestade;amarelo;;;;;;10.09;openmeteo_glofas_copernicus_ems;2;5103007|5107800;sede_mais_montante_max;;;;98,0;;200,0;66260006;cota_medida;2026-09-07 10:00:00
31656;Barragerm Chácara nº269;Sinop;5107909;2026-09-06;6.2;10.6;10.2;64.8;1,0000;0,55;0;openmeteo_sisclima_fallback;openmeteo_ecmwf_ifs025;openmeteo_soil_proxy;hidro_risco_municipal;verde;;;Tempestade;amarelo;;;;;;44.39;openmeteo_glofas_copernicus_ems;7;5104526|5105259|5107768|5107909|5107925|5108006|5108501;sede_mais_montante_max;;;;;;;17273100;sem_cota_alerta;
37812;Fazenda Fortaleza - Reservatório IV;Sorriso;5107925;2026-09-06;1.6;4.4;3.8;30.3;0,9680;0,55;0;openmeteo_sisclima_fallback;openmeteo_ecmwf_ifs025;openmeteo_soil_proxy;hidro_risco_municipal;verde;;;Tempestade;amarelo;verde;;;;;44.39;openmeteo_glofas_copernicus_ems;1;5107925;municipio_sede;;;;;;;17275100;sem_cota_alerta;
37792;Fazenda Rio Manso I;Sorriso;5107925;2026-09-06;1.6;4.4;3.8;30.3;0,9680;0,55;0;openmeteo_sisclima_fallback;openmeteo_ecmwf_ifs025;openmeteo_soil_proxy;hidro_risco_municipal;verde;;;Tempestade;amarelo;verde;;;;;44.39;openmeteo_glofas_copernicus_ems;1;5107925;municipio_sede;;;;;;;17275100;sem_cota_alerta;
8055;Fazenda Sempre Verde;Sorriso;5107925;2026-09-06;1.6;4.4;3.8;30.3;0,9680;0,55;0;openmeteo_sisclima_fallback;openmeteo_ecmwf_ifs025;openmeteo_soil_proxy;hidro_risco_municipal;verde;;;Tempestade;amarelo;verde;;;;;44.39;openmeteo_glofas_copernicus_ems;1;5107925;municipio_sede;;;;;;;17277500;sem_cota_alerta;
37741;Fazenda São Luiz II Barragem I;Sorriso;5107925;2026-09-06;1.6;4.4;3.8;30.3;0,9680;0,55;0;openmeteo_sisclima_fallback;openmeteo_ecmwf_ifs025;openmeteo_soil_proxy;hidro_risco_municipal;verde;;;Tempestade;amarelo;verde;;;;;44.39;openmeteo_glofas_copernicus_ems;1;5107925;municipio_sede;;;;;;;17277500;sem_cota_alerta;
34713;Rancho Queixo Duro I;Sorriso;5107925;2026-09-06;1.6;4.4;3.8;30.3;0,9680;0,55;0;openmeteo_sisclima_fallback;openmeteo_ecmwf_ifs025;openmeteo_soil_proxy;hidro_risco_municipal;verde;;;Tempestade;amarelo;verde;;;;;44.39;openmeteo_glofas_copernicus_ems;1;5107925;municipio_sede;;;;213,3;19,41;;17271100;contexto_somente;2026-09-07 10:00:00
37415;Sítio São Vicente;Sorriso;5107925;2026-09-06;6.2;10.6;5.0;64.8;0,9680;0,55;0;openmeteo_sisclima_fallback;openmeteo_ecmwf_ifs025;openmeteo_soil_proxy;hidro_risco_municipal;verde;;;Tempestade;amarelo;verde;;;;;44.39;openmeteo_glofas_copernicus_ems;3;5105259|5107768|5107925;sede_mais_montante_max;;;;213,3;19,41;;17271100;contexto_somente;2026-09-07 10:00:00
26334;Associação dos Trabalhadores Rurais do Projeto de Assentamento Mãe Maria Núcleo Imbu e Vizinhos - ITOG;São Félix do Araguaia;5107859;2026-09-06;5.9;7.5;6.2;60.6;0,7080;;0;openmeteo_sisclima_fallback;openmeteo_ecmwf_ifs025;openmeteo_soil_proxy;;;;;Tempestade;amarelo;;;;;;;;1;5107859;municipio_sede;;;;;;;26310000;sem_cota_alerta;
33352;Barragem 01 – Fazenda Esplanada;São Félix do Araguaia;5107859;2026-09-06;5.9;7.5;6.2;60.6;0,7080;;0;openmeteo_sisclima_fallback;openmeteo_ecmwf_ifs025;openmeteo_soil_proxy;;;;;Tempestade;amarelo;;;;;;;;1;5107859;municipio_sede;;;;;;;01052001;sem_cota_alerta;
33384;Barragem 02 – Fazenda Esplanada;São Félix do Araguaia;5107859;2026-09-06;5.9;7.5;6.2;60.6;0,7080;;0;openmeteo_sisclima_fallback;openmeteo_ecmwf_ifs025;openmeteo_soil_proxy;;;;;Tempestade;amarelo;;;;;;;;1;5107859;municipio_sede;;;;;;;01052001;sem_cota_alerta;
35485;Barragem IV;São Félix do Araguaia;5107859;2026-09-06;5.9;7.5;6.2;60.6;0,7080;;0;openmeteo_sisclima_fallback;openmeteo_ecmwf_ifs025;openmeteo_soil_proxy;;;;;Tempestade;amarelo;;;;;;;;2;5107859|5107883;sede_mais_montante_max;;;;;;;26310000;sem_cota_alerta;
35179;Barramento 2 MONTANTE - Fazenda São Luiz;São Félix do Araguaia;5107859;2026-09-06;5.9;7.5;6.2;60.6;0,7080;;0;openmeteo_sisclima_fallback;openmeteo_ecmwf_ifs025;openmeteo_soil_proxy;;;;;Tempestade;amarelo;;;;;;;;1;5107859;municipio_sede;;;;;;;;;
31360;Barramento I - Rio Fontoura Agropecuária;São Félix do Araguaia;5107859;2026-09-06;10.5;22.7;9.5;84.5;0,7080;;0;openmeteo_sisclima_fallback;openmeteo_ecmwf_ifs025;openmeteo_soil_proxy;;;;;Tempestade;amarelo;;;;;;;;2;5107180|5107859;sede_mais_montante_max;;;;;;;;;
36493;Barramento II Fazenda Espigão do Leste;São Félix do Araguaia;5107859;2026-09-06;10.5;22.7;9.5;84.5;0,7080;;0;openmeteo_sisclima_fallback;openmeteo_ecmwf_ifs025;openmeteo_soil_proxy;;;;;Tempestade;amarelo;;;;;;;;2;5107180|5107859;sede_mais_montante_max;;;;;;;;;
8197;Faz. Produtiva;São Félix do Araguaia;5107859;2026-09-06;5.9;7.5;6.2;60.6;0,7080;;0;openmeteo_sisclima_fallback;openmeteo_ecmwf_ifs025;openmeteo_soil_proxy;;;;;Tempestade;amarelo;;;;;;;;2;5107859|5107883;sede_mais_montante_max;;;;;;;26310000;sem_cota_alerta;
36523;Fazenda Espigão do Leste ? Barragem I;São Félix do Araguaia;5107859;2026-09-06;10.5;22.7;9.5;84.5;0,7080;;0;openmeteo_sisclima_fallback;openmeteo_ecmwf_ifs025;openmeteo_soil_proxy;;;;;Tempestade;amarelo;;;;;;;;2;5107180|5107859;sede_mais_montante_max;;;;;;;;;
36492;Fazenda Espigão do Leste ? Barramento I;São Félix do Araguaia;5107859;2026-09-06;10.5;22.7;9.5;84.5;0,7080;;0;openmeteo_sisclima_fallback;openmeteo_ecmwf_ifs025;openmeteo_soil_proxy;;;;;Tempestade;amarelo;;;;;;;;2;5107180|5107859;sede_mais_montante_max;;;;;;;;;
36524;Fazenda Espigão do Leste – Barragem II;São Félix do Araguaia;5107859;2026-09-06;10.5;22.7;9.5;84.5;0,7080;;0;openmeteo_sisclima_fallback;openmeteo_ecmwf_ifs025;openmeteo_soil_proxy;;;;;Tempestade;amarelo;;;;;;;;2;5107180|5107859;sede_mais_montante_max;;;;;;;;;
36645;Fazenda Laualo (Morada Nova) - Barramento 2;São Félix do Araguaia;5107859;2026-09-06;5.9;7.5;6.2;60.6;0,7080;;0;openmeteo_sisclima_fallback;openmeteo_ecmwf_ifs025;openmeteo_soil_proxy;;;;;Tempestade;amarelo;;;;;;;;1;5107859;municipio_sede;;;;;;;;;
35171;Fazenda São Luiz - Barramento 1 - Principal;São Félix do Araguaia;5107859;2026-09-06;5.9;7.5;6.2;60.6;0,7080;;0;openmeteo_sisclima_fallback;openmeteo_ecmwf_ifs025;openmeteo_soil_proxy;;;;;Tempestade;amarelo;;;;;;;;1;5107859;municipio_sede;;;;;;;;;
35178;Fazenda São Luiz - Barramento 1 Principal;São Félix do Araguaia;5107859;2026-09-06;5.9;7.5;6.2;60.6;0,7080;;0;openmeteo_sisclima_fallback;openmeteo_ecmwf_ifs025;openmeteo_soil_proxy;;;;;Tempestade;amarelo;;;;;;;;1;5107859;municipio_sede;;;;;;;;;
22490;Massa d'Água #137748;São Félix do Araguaia;5107859;2026-09-06;5.9;7.5;6.2;60.6;0,7080;;0;openmeteo_sisclima_fallback;openmeteo_ecmwf_ifs025;openmeteo_soil_proxy;;;;;Tempestade;amarelo;;;;;;;;1;5107859;municipio_sede;;;;;;;;;
22511;Massa d'Água #142297;São Félix do Araguaia;5107859;2026-09-06;5.9;7.5;6.2;60.6;0,7080;;0;openmeteo_sisclima_fallback;openmeteo_ecmwf_ifs025;openmeteo_soil_proxy;;;;;Tempestade;amarelo;;;;;;;;1;5107859;municipio_sede;;;;;;;26500000;sem_cota_alerta;
22532;Massa d'Água #147210;São Félix do Araguaia;5107859;2026-09-06;5.9;7.5;6.2;60.6;0,7080;;0;openmeteo_sisclima_fallback;openmeteo_ecmwf_ifs025;openmeteo_soil_proxy;;;;;Tempestade;amarelo;;;;;;;;1;5107859;municipio_sede;;;;;;;;;
22540;Massa d'Água #149722;São Félix do Araguaia;5107859;2026-09-06;5.9;7.5;6.2;60.6;0,7080;;0;openmeteo_sisclima_fallback;openmeteo_ecmwf_ifs025;openmeteo_soil_proxy;;;;;Tempestade;amarelo;;;;;;;;1;5107859;municipio_sede;;;;;;;;;
22569;Massa d'Água #153877;São Félix do Araguaia;5107859;2026-09-06;5.9;7.5;6.2;60.6;0,7080;;0;openmeteo_sisclima_fallback;openmeteo_ecmwf_ifs025;openmeteo_soil_proxy;;;;;Tempestade;amarelo;;;;;;;;1;5107859;municipio_sede;;;;;;;;;
22570;Massa d'Água #154055;São Félix do Araguaia;5107859;2026-09-06;5.9;7.5;6.2;60.6;0,7080;;0;openmeteo_sisclima_fallback;openmeteo_ecmwf_ifs025;openmeteo_soil_proxy;;;;;Tempestade;amarelo;;;;;;;;1;5107859;municipio_sede;;;;;;;;;
22619;Massa d'Água #161814;São Félix do Araguaia;5107859;2026-09-06;5.9;7.5;6.2;60.6;0,7080;;0;openmeteo_sisclima_fallback;openmeteo_ecmwf_ifs025;openmeteo_soil_proxy;;;;;Tempestade;amarelo;;;;;;;;1;5107859;municipio_sede;;;;;;;;;
22624;Massa d'Água #163699;São Félix do Araguaia;5107859;2026-09-06;5.9;7.5;6.2;60.6;0,7080;;0;openmeteo_sisclima_fallback;openmeteo_ecmwf_ifs025;openmeteo_soil_proxy;;;;;Tempestade;amarelo;;;;;;;;1;5107859;municipio_sede;;;;;;;;;
23398;Massa d'Água #172607;São Félix do Araguaia;5107859;2026-09-06;5.9;7.5;6.2;60.6;0,7080;;0;openmeteo_sisclima_fallback;openmeteo_ecmwf_ifs025;openmeteo_soil_proxy;;;;;Tempestade;amarelo;;;;;;;;1;5107859;municipio_sede;;;;;;;;;
23401;Massa d'Água #174258;São Félix do Araguaia;5107859;2026-09-06;5.9;7.5;6.2;60.6;0,7080;;0;openmeteo_sisclima_fallback;openmeteo_ecmwf_ifs025;openmeteo_soil_proxy;;;;;Tempestade;amarelo;;;;;;;;1;5107859;municipio_sede;;;;;;;;;
23498;Massa d'Água #182958;São Félix do Araguaia;5107859;2026-09-06;5.9;7.5;6.2;60.6;0,7080;;0;openmeteo_sisclima_fallback;openmeteo_ecmwf_ifs025;openmeteo_soil_proxy;;;;;Tempestade;amarelo;;;;;;;;1;5107859;municipio_sede;;;;;;;;;
23592;Massa d'Água #197494;São Félix do Araguaia;5107859;2026-09-06;5.9;7.5;6.2;60.6;0,7080;;0;openmeteo_sisclima_fallback;openmeteo_ecmwf_ifs025;openmeteo_soil_proxy;;;;;Tempestade;amarelo;;;;;;;;1;5107859;municipio_sede;;;;;;;;;
23642;Massa d'Água #204819;São Félix do Araguaia;5107859;2026-09-06;5.9;7.5;6.2;60.6;0,7080;;0;openmeteo_sisclima_fallback;openmeteo_ecmwf_ifs025;openmeteo_soil_proxy;;;;;Tempestade;amarelo;;;;;;;;1;5107859;municipio_sede;;;;;;;26500000;sem_cota_alerta;
23774;Massa d'Água #228290;São Félix do Araguaia;5107859;2026-09-06;5.9;7.5;6.2;60.6;0,7080;;0;openmeteo_sisclima_fallback;openmeteo_ecmwf_ifs025;openmeteo_soil_proxy;;;;;Tempestade;amarelo;;;;;;;;1;5107859;municipio_sede;;;;;;;;;
23791;Massa d'Água #234391;São Félix do Araguaia;5107859;2026-09-06;5.9;7.5;6.2;60.6;0,7080;;0;openmeteo_sisclima_fallback;openmeteo_ecmwf_ifs025;openmeteo_soil_proxy;;;;;Tempestade;amarelo;;;;;;;;1;5107859;municipio_sede;;;;;;;;;
23809;Massa d'Água #237472;São Félix do Araguaia;5107859;2026-09-06;5.9;7.5;6.2;60.6;0,7080;;0;openmeteo_sisclima_fallback;openmeteo_ecmwf_ifs025;openmeteo_soil_proxy;;;;;Tempestade;amarelo;;;;;;;;1;5107859;municipio_sede;;;;;;;;;
22223;Massa d'Água #56662;São Félix do Araguaia;5107859;2026-09-06;5.9;7.5;6.2;60.6;0,7080;;0;openmeteo_sisclima_fallback;openmeteo_ecmwf_ifs025;openmeteo_soil_proxy;;;;;Tempestade;amarelo;;;;;;;;1;5107859;municipio_sede;;;;;;;;;
22264;Massa d'Água #70517;São Félix do Araguaia;5107859;2026-09-06;5.9;7.5;6.2;60.6;0,7080;;0;openmeteo_sisclima_fallback;openmeteo_ecmwf_ifs025;openmeteo_soil_proxy;;;;;Tempestade;amarelo;;;;;;;;1;5107859;municipio_sede;;;;;;;;;
35760;Barramento Santa Rita;São José do Povo;5107297;2026-09-06;0.3;3.6;4.9;11.3;0,8400;;0;openmeteo_sisclima_fallback;openmeteo_ecmwf_ifs025;openmeteo_soil_proxy;;;;;Tempestade;amarelo;;;;;;;;1;5107297;municipio_sede;;;;;;;66450010;sem_cota_alerta;
20472;CGH Buritizal - NÃO POSSUI BARRAMENTO, DERIVAÇÃO LATERAL DIRETA;São José do Rio Claro;5107305;2026-09-06;3.8;5.3;1.8;45.8;0,9940;0,55;0;openmeteo_sisclima_fallback;openmeteo_ecmwf_ifs025;openmeteo_soil_proxy;hidro_risco_municipal;verde;;;Tempestade;amarelo;verde;;;;;;;1;5107305;municipio_sede;;;;;;;17224000;sem_cota_alerta;
8007;Destilaria de Álcool Libra LTDA;São José do Rio Claro;5107305;2026-09-06;3.8;5.3;8.1;45.8;0,9940;0,55;0;openmeteo_sisclima_fallback;openmeteo_ecmwf_ifs025;openmeteo_soil_proxy;hidro_risco_municipal;verde;;;Tempestade;amarelo;verde;;;;;;;3;5105903|5106224|5107305;sede_mais_montante_max;;;;585,0;148,01;;17099000;contexto_somente;2026-09-07 09:45:00
35507;Fazenda Encosta do Varjão I ? Gleba B ?  Barragem I;São José do Rio Claro;5107305;2026-09-06;3.8;5.3;1.8;45.8;0,9940;0,55;0;openmeteo_sisclima_fallback;openmeteo_ecmwf_ifs025;openmeteo_soil_proxy;hidro_risco_municipal;verde;;;Tempestade;amarelo;verde;;;;;;;1;5107305;municipio_sede;;;;;;;17223000;sem_cota_alerta;
35460;Fazenda Vila Nova ? Barragem I;São José do Rio Claro;5107305;2026-09-06;3.8;5.3;1.8;45.8;0,9940;0,55;0;openmeteo_sisclima_fallback;openmeteo_ecmwf_ifs025;openmeteo_soil_proxy;hidro_risco_municipal;verde;;;Tempestade;amarelo;verde;;;;;;;1;5107305;municipio_sede;;;;;;;17223000;sem_cota_alerta;
34078;PCH Rio Claro (Antiga Perdidos) - PCH Rio Claro;São José do Rio Claro;5107305;2026-09-06;3.8;5.3;1.8;45.8;0,9940;0,55;0;openmeteo_sisclima_fallback;openmeteo_ecmwf_ifs025;openmeteo_soil_proxy;hidro_risco_municipal;verde;;;Tempestade;amarelo;verde;;;;;;;1;5107305;municipio_sede;;;;;;;17099320;sem_cota_alerta;
34809;PCH Rio Claro (Antiga Perdidos) - PCH Rio Claro;São José do Rio Claro;5107305;2026-09-06;3.8;5.3;1.8;45.8;0,9940;0,55;0;openmeteo_sisclima_fallback;openmeteo_ecmwf_ifs025;openmeteo_soil_proxy;hidro_risco_municipal;verde;;;Tempestade;amarelo;verde;;;;;;;1;5107305;municipio_sede;;;;;;;17099320;sem_cota_alerta;
31371;Barragem 01 – Fazenda Ubatuba;São José do Xingu;5107354;2026-09-06;0.7;6.9;4.0;15.5;0,9660;;0;openmeteo_sisclima_fallback;openmeteo_ecmwf_ifs025;openmeteo_soil_proxy;;;;;Tempestade;amarelo;;;;;;;;1;5107354;municipio_sede;;;;;;;01052001;sem_cota_alerta;
31622;Barragem 1 Fazenda Pesa III;São José do Xingu;5107354;2026-09-06;0.7;6.9;4.0;15.5;0,9660;;0;openmeteo_sisclima_fallback;openmeteo_ecmwf_ifs025;openmeteo_soil_proxy;;;;;Tempestade;amarelo;;;;;;;;1;5107354;municipio_sede;;;;;;;01052001;sem_cota_alerta;
35059;Barragem na Fazenda Havaí;São José do Xingu;5107354;2026-09-06;0.7;6.9;4.0;15.5;0,9660;;0;openmeteo_sisclima_fallback;openmeteo_ecmwf_ifs025;openmeteo_soil_proxy;;;;;Tempestade;amarelo;;;;;;;;1;5107354;municipio_sede;;;;;;;01052001;sem_cota_alerta;
35156;Fazenda Eldorado ? Barramento 01;São José do Xingu;5107354;2026-09-06;0.7;6.9;4.0;15.5;0,9660;;0;openmeteo_sisclima_fallback;openmeteo_ecmwf_ifs025;openmeteo_soil_proxy;;;;;Tempestade;amarelo;;;;;;;;1;5107354;municipio_sede;;;;;;;01052001;sem_cota_alerta;
5316;JBS S.A - S.J. DOS QUATRO MARCOS;São José dos Quatro Marcos;5107107;2026-09-06;9.5;15.6;0.3;81.0;0,9960;;0;openmeteo_sisclima_fallback;openmeteo_ecmwf_ifs025;openmeteo_soil_proxy;;;;;Tempestade;amarelo;;;;;;;;1;5107107;municipio_sede;;;;;;;66073000;sem_cota_alerta;
37420;Barragem Fazenda Laualo – Morada Nova;São Félix do Araguaia;5107859;2026-09-06;5.9;7.5;6.2;60.6;0,7080;;0;openmeteo_sisclima_fallback;openmeteo_ecmwf_ifs025;openmeteo_soil_proxy;;;;;Tempestade;amarelo;;;;;;;;1;5107859;municipio_sede;;;;;;;;;
26169;Barragem Jauru;São José dos Quatro Marcos;5107107;2026-09-06;10.4;22.8;0.8;83.1;0,9960;;0;openmeteo_sisclima_fallback;openmeteo_ecmwf_ifs025;openmeteo_soil_proxy;;;;;Tempestade;amarelo;;;;;;;;3;5101258|5105002|5107107;sede_mais_montante_max;;;;;;;66071399;sem_cota_alerta;
35232;BARRAGEM CRUZEIRO DO SUL 2;Tabaporã;5107941;2026-09-06;1.1;5.8;4.3;19.7;0,9000;;0;openmeteo_sisclima_fallback;openmeteo_ecmwf_ifs025;openmeteo_soil_proxy;;;;;Tempestade;amarelo;;;;;;;;1;5107941;municipio_sede;;;;;;;17280940;sem_cota_alerta;
34599;Barragem I - Fazenda Tapena – Gleba Santa Maria-M-4863;Tabaporã;5107941;2026-09-06;1.1;5.8;4.3;19.7;0,9000;;0;openmeteo_sisclima_fallback;openmeteo_ecmwf_ifs025;openmeteo_soil_proxy;;;;;Tempestade;amarelo;;;;;;;;1;5107941;municipio_sede;;;;;;;17120050;sem_cota_alerta;
35223;Barramento (Principal) - Fazenda Progresso;Tabaporã;5107941;2026-09-06;1.1;5.8;4.3;19.7;0,9000;;0;openmeteo_sisclima_fallback;openmeteo_ecmwf_ifs025;openmeteo_soil_proxy;;;;;Tempestade;amarelo;;;;;;;;1;5107941;municipio_sede;;;;;;;17273100;sem_cota_alerta;
34580;Barramento I - Fazenda Recanto;Tabaporã;5107941;2026-09-06;1.1;5.8;4.3;19.7;0,9000;;0;openmeteo_sisclima_fallback;openmeteo_ecmwf_ifs025;openmeteo_soil_proxy;;;;;Tempestade;amarelo;;;;;;;;1;5107941;municipio_sede;;;;;;;17120050;sem_cota_alerta;
35225;Barramento II (Montante) - Fazenda Progresso;Tabaporã;5107941;2026-09-06;1.1;5.8;4.3;19.7;0,9000;;0;openmeteo_sisclima_fallback;openmeteo_ecmwf_ifs025;openmeteo_soil_proxy;;;;;Tempestade;amarelo;;;;;;;;1;5107941;municipio_sede;;;;;;;17280940;sem_cota_alerta;
34581;Barramento montante - Fazenda Recanto;Tabaporã;5107941;2026-09-06;1.1;5.8;4.3;19.7;0,9000;;0;openmeteo_sisclima_fallback;openmeteo_ecmwf_ifs025;openmeteo_soil_proxy;;;;;Tempestade;amarelo;;;;;;;;1;5107941;municipio_sede;;;;;;;17120050;sem_cota_alerta;
34137;CGH PICCINI V - CGH Piccini V;Tabaporã;5107941;2026-09-06;1.1;5.8;4.3;19.7;0,9000;;0;openmeteo_sisclima_fallback;openmeteo_ecmwf_ifs025;openmeteo_soil_proxy;;;;;Tempestade;amarelo;;;;;;;;1;5107941;municipio_sede;;;;;;;17280940;sem_cota_alerta;
34820;CGH PICCINI V - CGH Piccini V;Tabaporã;5107941;2026-09-06;1.1;5.8;4.3;19.7;0,9000;;0;openmeteo_sisclima_fallback;openmeteo_ecmwf_ifs025;openmeteo_soil_proxy;;;;;Tempestade;amarelo;;;;;;;;1;5107941;municipio_sede;;;;;;;17280940;sem_cota_alerta;
26632;Córrego Tonto;Tabaporã;5107941;2026-09-06;1.1;5.8;4.3;19.7;0,9000;;0;openmeteo_sisclima_fallback;openmeteo_ecmwf_ifs025;openmeteo_soil_proxy;;;;;Tempestade;amarelo;;;;;;;;1;5107941;municipio_sede;;;;;;;17280940;sem_cota_alerta;
31117;Depósito Mocelin;Tabaporã;5107941;2026-09-06;1.1;5.8;4.3;19.7;0,9000;;0;openmeteo_sisclima_fallback;openmeteo_ecmwf_ifs025;openmeteo_soil_proxy;;;;;Tempestade;amarelo;;;;;;;;1;5107941;municipio_sede;;;;;;;17120050;sem_cota_alerta;
5776;Fazenda Progresso;Tabaporã;5107941;2026-09-06;1.1;5.8;4.3;19.7;0,9000;;0;openmeteo_sisclima_fallback;openmeteo_ecmwf_ifs025;openmeteo_soil_proxy;;;;;Tempestade;amarelo;;;;;;;;1;5107941;municipio_sede;;;;;;;17273100;sem_cota_alerta;
36679;Barragem Perin II;Tangará da Serra;5107958;2026-09-06;4.5;6.9;1.0;50.0;1,0000;;0;openmeteo_sisclima_fallback;openmeteo_ecmwf_ifs025;openmeteo_soil_proxy;;;;;Tempestade;amarelo;;;;;;;;2;5107263|5107958;sede_mais_montante_max;;;;;;;66022080;sem_cota_alerta;
36680;Barragem Perin II (a montante);Tangará da Serra;5107958;2026-09-06;4.5;6.9;1.0;50.0;1,0000;;0;openmeteo_sisclima_fallback;openmeteo_ecmwf_ifs025;openmeteo_soil_proxy;;;;;Tempestade;amarelo;;;;;;;;2;5107263|5107958;sede_mais_montante_max;;;;;;;66022080;sem_cota_alerta;
35077;Barragem Primavera;Tangará da Serra;5107958;2026-09-06;4.5;6.9;0.9;50.0;1,0000;;0;openmeteo_sisclima_fallback;openmeteo_ecmwf_ifs025;openmeteo_soil_proxy;;;;;Tempestade;amarelo;;;;;;;;1;5107958;municipio_sede;;;;;;;66052900;sem_cota_alerta;
35070;Barramento - Fazenda Lagoa Azul;Tangará da Serra;5107958;2026-09-06;4.5;6.9;0.9;50.0;1,0000;;0;openmeteo_sisclima_fallback;openmeteo_ecmwf_ifs025;openmeteo_soil_proxy;;;;;Tempestade;amarelo;;;;;;;;1;5107958;municipio_sede;;;;;;;66008500;sem_cota_alerta;
36626;Casa do Lago;Tangará da Serra;5107958;2026-09-06;4.5;6.9;0.9;50.0;1,0000;;0;openmeteo_sisclima_fallback;openmeteo_ecmwf_ifs025;openmeteo_soil_proxy;;;;;Tempestade;amarelo;;;;;;;;1;5107958;municipio_sede;;;;;;;66022080;sem_cota_alerta;
5321;ETA QUEIMA-PÉ;Tangará da Serra;5107958;2026-09-06;4.5;6.9;1.0;50.0;1,0000;;0;openmeteo_sisclima_fallback;openmeteo_ecmwf_ifs025;openmeteo_soil_proxy;;;;;Tempestade;amarelo;;;;;;;;2;5107263|5107958;sede_mais_montante_max;;;;;;;66022080;sem_cota_alerta;
7984;Estância Céu Azul;Tangará da Serra;5107958;2026-09-06;4.5;6.9;0.9;50.0;1,0000;;0;openmeteo_sisclima_fallback;openmeteo_ecmwf_ifs025;openmeteo_soil_proxy;;;;;Tempestade;amarelo;;;;;;;;1;5107958;municipio_sede;;;;;;;66022080;sem_cota_alerta;
19850;Faz. Netolândia;Tangará da Serra;5107958;2026-09-06;5.3;7.0;1.0;56.3;1,0000;;0;openmeteo_sisclima_fallback;openmeteo_ecmwf_ifs025;openmeteo_soil_proxy;;;;;Tempestade;amarelo;;;;;;;;3;5107263|5107958|5108857;sede_mais_montante_max;;;;;;;66052500;sem_cota_alerta;
27745;Fazenda Boitanga;Tangará da Serra;5107958;2026-09-06;4.5;6.9;1.0;50.0;1,0000;;0;openmeteo_sisclima_fallback;openmeteo_ecmwf_ifs025;openmeteo_soil_proxy;;;;;Tempestade;amarelo;;;;;;;;2;5107263|5107958;sede_mais_montante_max;;;;;;;66022080;sem_cota_alerta;
20083;Marfrig;Tangará da Serra;5107958;2026-09-06;4.5;6.9;1.0;50.0;1,0000;;0;openmeteo_sisclima_fallback;openmeteo_ecmwf_ifs025;openmeteo_soil_proxy;;;;;Tempestade;amarelo;;;;;;;;2;5107263|5107958;sede_mais_montante_max;;;;;;;66022080;sem_cota_alerta;
20457;PCH Graça Brennand (Antiga Terra Santa)  - Dique Graça Brennand;Tangará da Serra;5107958;2026-09-06;4.5;6.9;0.9;50.0;1,0000;;0;openmeteo_sisclima_fallback;openmeteo_ecmwf_ifs025;openmeteo_soil_proxy;;;;;Tempestade;amarelo;;;;;;;;1;5107958;municipio_sede;;;;;;;66052600;sem_cota_alerta;
4297;PCH Graça Brennand (Antiga Terra Santa)  - Graça Brennand;Tangará da Serra;5107958;2026-09-06;4.5;6.9;0.9;50.0;1,0000;;0;openmeteo_sisclima_fallback;openmeteo_ecmwf_ifs025;openmeteo_soil_proxy;;;;;Tempestade;amarelo;;;;;;;;1;5107958;municipio_sede;;;;;;;66052600;sem_cota_alerta;
4410;PCH Pampeana - Pampeana;Tangará da Serra;5107958;2026-09-06;4.5;6.9;0.9;50.0;1,0000;;0;openmeteo_sisclima_fallback;openmeteo_ecmwf_ifs025;openmeteo_soil_proxy;;;;;Tempestade;amarelo;;;;;;;;1;5107958;municipio_sede;;;;;;;66052800;sem_cota_alerta;
20471;PCH Recanto - PCH Recanto;Tangará da Serra;5107958;2026-09-06;4.5;6.9;0.9;50.0;1,0000;;0;openmeteo_sisclima_fallback;openmeteo_ecmwf_ifs025;openmeteo_soil_proxy;;;;;Tempestade;amarelo;;;;;;;;1;5107958;municipio_sede;;;;;;;66425050;sem_cota_alerta;
5123;PCH Rio do Sapo - 1;Tangará da Serra;5107958;2026-09-06;4.5;6.9;0.9;50.0;1,0000;;0;openmeteo_sisclima_fallback;openmeteo_ecmwf_ifs025;openmeteo_soil_proxy;;;;;Tempestade;amarelo;;;;;;;;1;5107958;municipio_sede;;;;;;;66029010;sem_cota_alerta;
27890;Sitio Morada das Rosas;Tangará da Serra;5107958;2026-09-06;4.5;6.9;1.0;50.0;1,0000;;0;openmeteo_sisclima_fallback;openmeteo_ecmwf_ifs025;openmeteo_soil_proxy;;;;;Tempestade;amarelo;;;;;;;;2;5107263|5107958;sede_mais_montante_max;;;;;;;66022080;sem_cota_alerta;
5328;Sitio Pica Pau;Tangará da Serra;5107958;2026-09-06;4.5;6.9;1.0;50.0;1,0000;;0;openmeteo_sisclima_fallback;openmeteo_ecmwf_ifs025;openmeteo_soil_proxy;;;;;Tempestade;amarelo;;;;;;;;2;5107263|5107958;sede_mais_montante_max;;;;;;;66022080;sem_cota_alerta;
31769;Sítio Estrela;Tangará da Serra;5107958;2026-09-06;4.5;6.9;1.0;50.0;1,0000;;0;openmeteo_sisclima_fallback;openmeteo_ecmwf_ifs025;openmeteo_soil_proxy;;;;;Tempestade;amarelo;;;;;;;;2;5107263|5107958;sede_mais_montante_max;;;;;;;66022080;sem_cota_alerta;
36350;Sítio Nossa Senhora Aparecida;Tangará da Serra;5107958;2026-09-06;4.5;6.9;0.9;50.0;1,0000;;0;openmeteo_sisclima_fallback;openmeteo_ecmwf_ifs025;openmeteo_soil_proxy;;;;;Tempestade;amarelo;;;;;;;;1;5107958;municipio_sede;;;;;;;66022080;sem_cota_alerta;
4642;UHE Juba I - Juba I;Tangará da Serra;5107958;2026-09-06;4.5;6.9;0.9;50.0;1,0000;;0;openmeteo_sisclima_fallback;openmeteo_ecmwf_ifs025;openmeteo_soil_proxy;;;;;Tempestade;amarelo;;;;;;;;1;5107958;municipio_sede;;;;;;;66052080;sem_cota_alerta;
31784;Barragem Canaã;Tapurah;5108006;2026-09-06;2.0;4.7;7.2;33.1;0,9430;;0;openmeteo_sisclima_fallback;openmeteo_ecmwf_ifs025;openmeteo_soil_proxy;;;;;Tempestade;amarelo;;;;;;;;1;5108006;municipio_sede;;;;;;;01357013;sem_cota_alerta;
36471;Barragem Fazenda Campina do Sul;Tapurah;5108006;2026-09-06;2.0;4.7;7.2;33.1;0,9430;;0;openmeteo_sisclima_fallback;openmeteo_ecmwf_ifs025;openmeteo_soil_proxy;;;;;Tempestade;amarelo;;;;;;;;1;5108006;municipio_sede;;;;;;;17219600;sem_cota_alerta;
31785;Barramento Montante;Tapurah;5108006;2026-09-06;2.0;4.7;7.2;33.1;0,9430;;0;openmeteo_sisclima_fallback;openmeteo_ecmwf_ifs025;openmeteo_soil_proxy;;;;;Tempestade;amarelo;;;;;;;;1;5108006;municipio_sede;;;;;;;01357013;sem_cota_alerta;
304;CARLOS ALBERTO CAPELETTI - FAZENDA TOLEDO;Tapurah;5108006;2026-09-06;6.2;10.6;7.2;64.8;0,9450;;0;openmeteo_sisclima_fallback;openmeteo_ecmwf_ifs025;openmeteo_soil_proxy;;;;;Tempestade;amarelo;;;;;;;;3;5105259|5107768|5108006;sede_mais_montante_max;;;;;;;17219600;sem_cota_alerta;
8024;Faz. Guarantã - Lotes 21, 22 e 23;Tapurah;5108006;2026-09-06;6.2;10.6;7.2;64.8;0,9450;;0;openmeteo_sisclima_fallback;openmeteo_ecmwf_ifs025;openmeteo_soil_proxy;;;;;Tempestade;amarelo;;;;;;;;3;5105259|5107768|5108006;sede_mais_montante_max;;;;;;;17278500;sem_cota_alerta;
20213;Faz. Mata Velha;Tapurah;5108006;2026-09-06;2.0;4.7;7.2;33.1;0,9430;;0;openmeteo_sisclima_fallback;openmeteo_ecmwf_ifs025;openmeteo_soil_proxy;;;;;Tempestade;amarelo;;;;;;;;1;5108006;municipio_sede;;;;;;;17219600;sem_cota_alerta;
19946;Faz. Toledo;Tapurah;5108006;2026-09-06;6.2;10.6;7.2;64.8;0,9450;;0;openmeteo_sisclima_fallback;openmeteo_ecmwf_ifs025;openmeteo_soil_proxy;;;;;Tempestade;amarelo;;;;;;;;3;5105259|5107768|5108006;sede_mais_montante_max;;;;;;;17219600;sem_cota_alerta;
34760;Fazenda Cristo Rei I – Barramento 04;Tapurah;5108006;2026-09-06;3.8;5.3;8.1;45.8;0,9940;0,55;0;openmeteo_sisclima_fallback;openmeteo_ecmwf_ifs025;openmeteo_soil_proxy;hidro_risco_municipal;verde;;;Tempestade;amarelo;;;;;;;;4;5105903|5106224|5107305|5108006;sede_mais_montante_max;;;;;;;01357013;sem_cota_alerta;
34751;Fazenda Cristo Rei I –Barramento 01;Tapurah;5108006;2026-09-06;3.8;5.3;8.1;45.8;0,9940;0,55;0;openmeteo_sisclima_fallback;openmeteo_ecmwf_ifs025;openmeteo_soil_proxy;hidro_risco_municipal;verde;;;Tempestade;amarelo;;;;;;;;4;5105903|5106224|5107305|5108006;sede_mais_montante_max;;;;;;;01357013;sem_cota_alerta;
27377;Fazenda Tereré;Tapurah;5108006;2026-09-06;2.0;4.7;7.2;33.1;0,9430;;0;openmeteo_sisclima_fallback;openmeteo_ecmwf_ifs025;openmeteo_soil_proxy;;;;;Tempestade;amarelo;;;;;;;;1;5108006;municipio_sede;;;;;;;17219600;sem_cota_alerta;
8031;Fazenda Vale do Rio Verde;Tapurah;5108006;2026-09-06;6.2;10.6;7.2;64.8;0,9450;;0;openmeteo_sisclima_fallback;openmeteo_ecmwf_ifs025;openmeteo_soil_proxy;;;;;Tempestade;amarelo;;;;;;;;3;5105259|5107768|5108006;sede_mais_montante_max;;;;;;;17278500;sem_cota_alerta;
8032;Fazenda Vale do Rio Verde;Tapurah;5108006;2026-09-06;6.2;10.6;7.2;64.8;0,9450;;0;openmeteo_sisclima_fallback;openmeteo_ecmwf_ifs025;openmeteo_soil_proxy;;;;;Tempestade;amarelo;;;;;;;;3;5105259|5107768|5108006;sede_mais_montante_max;;;;;;;17278500;sem_cota_alerta;
36538;Fazenda Vale do Rio Verde - Barragem Vale 01;Tapurah;5108006;2026-09-06;6.2;10.6;7.2;64.8;0,9450;;0;openmeteo_sisclima_fallback;openmeteo_ecmwf_ifs025;openmeteo_soil_proxy;;;;;Tempestade;amarelo;;;;;;;;3;5105259|5107768|5108006;sede_mais_montante_max;;;;;;;17278500;sem_cota_alerta;
8064;PREFEITURA MUNICIPAL DE TERRA NOVA DO NORTE;Terra Nova do Norte;5108055;2026-09-06;4.9;10.6;13.6;52.8;1,0000;;0;openmeteo_sisclima_fallback;openmeteo_ecmwf_ifs025;openmeteo_soil_proxy;;;;;Tempestade;amarelo;;;;;;;;3;5105580|5106190|5108055;sede_mais_montante_max;;;;;;;17343010;sem_cota_alerta;
6192;Fazenda Batovi;Tesouro;5108105;2026-09-06;0.1;1.2;3.8;8.5;0,1400;;0;openmeteo_sisclima_fallback;openmeteo_ecmwf_ifs025;openmeteo_soil_proxy;;;;;Tempestade;amarelo;;;;;;;;1;5108105;municipio_sede;;;;;;;24500000;sem_cota_alerta;
36518;Barramento I ? Fazenda Ponte de Pedra;Torixoréu;5108204;2026-09-06;9.5;9.7;9.8;81.0;0,4470;;0;openmeteo_sisclima_fallback;openmeteo_ecmwf_ifs025;openmeteo_soil_proxy;;;;;Tempestade;amarelo;;;;;;;;4;5100300|5106703|5107198|5108204;sede_mais_montante_max;;;;;;;24180070;sem_cota_alerta;
36519;Barramento II - Fazenda Ponte de Pedra;Torixoréu;5108204;2026-09-06;9.5;9.7;9.8;81.0;0,4470;;0;openmeteo_sisclima_fallback;openmeteo_ecmwf_ifs025;openmeteo_soil_proxy;;;;;Tempestade;amarelo;;;;;;;;4;5100300|5106703|5107198|5108204;sede_mais_montante_max;;;;;;;24180080;sem_cota_alerta;
36520;Barramento III- Fazenda Ponte de Pedra;Torixoréu;5108204;2026-09-06;9.5;9.7;9.8;81.0;0,4470;;0;openmeteo_sisclima_fallback;openmeteo_ecmwf_ifs025;openmeteo_soil_proxy;;;;;Tempestade;amarelo;;;;;;;;4;5100300|5106703|5107198|5108204;sede_mais_montante_max;;;;;;;24180070;sem_cota_alerta;
34700;Barragem Rios Piscicultura Montante;Tangará da Serra;5107958;2026-09-06;4.5;6.9;1.0;50.0;1,0000;;0;openmeteo_sisclima_fallback;openmeteo_ecmwf_ifs025;openmeteo_soil_proxy;;;;;Tempestade;amarelo;;;;;;;;2;5107263|5107958;sede_mais_montante_max;;;;;;;66022080;sem_cota_alerta;
34694;Barragem Rios Psicultura;Tangará da Serra;5107958;2026-09-06;4.5;6.9;1.0;50.0;1,0000;;0;openmeteo_sisclima_fallback;openmeteo_ecmwf_ifs025;openmeteo_soil_proxy;;;;;Tempestade;amarelo;;;;;;;;2;5107263|5107958;sede_mais_montante_max;;;;;;;66022080;sem_cota_alerta;
37418;Barramento Sítio Nossa Senhora Aparecida;Tangará da Serra;5107958;2026-09-06;4.5;6.9;0.9;50.0;1,0000;;0;openmeteo_sisclima_fallback;openmeteo_ecmwf_ifs025;openmeteo_soil_proxy;;;;;Tempestade;amarelo;;;;;;;;1;5107958;municipio_sede;;;;;;;66022080;sem_cota_alerta;
37718;Fazenda Boa Vista;Tangará da Serra;5107958;2026-09-06;4.5;6.9;1.0;50.0;1,0000;;0;openmeteo_sisclima_fallback;openmeteo_ecmwf_ifs025;openmeteo_soil_proxy;;;;;Tempestade;amarelo;;;;;;;;2;5107263|5107958;sede_mais_montante_max;;;;;;;66022080;sem_cota_alerta;
37732;Barramento I Lago de Lazer;Torixoréu;5108204;2026-09-06;5.3;5.9;3.3;56.3;0,2290;;0;openmeteo_sisclima_fallback;openmeteo_ecmwf_ifs025;openmeteo_soil_proxy;;;;;Tempestade;amarelo;;;;;;;;1;5108204;municipio_sede;;;;;;;24710000;sem_cota_alerta;
35785;Barramento - Fazenda Sorriso I;União do Sul;5108303;2026-09-06;1.2;6.0;7.5;23.9;1,0000;;0;openmeteo_sisclima_fallback;openmeteo_ecmwf_ifs025;openmeteo_soil_proxy;;;;;Tempestade;amarelo;;;;;;;;3;5106240|5107248|5108303;sede_mais_montante_max;;;;;;;18421600;sem_cota_alerta;
32970;Fazenda Frente da Mata – Barragem I;União do Sul;5108303;2026-09-06;0.0;6.0;1.5;4.9;0,9620;;0;openmeteo_sisclima_fallback;openmeteo_ecmwf_ifs025;openmeteo_soil_proxy;;;;;Tempestade;amarelo;;;;;;;;1;5108303;municipio_sede;;;;;;;18421600;sem_cota_alerta;
34094;PCH Nova Guaporé - Nova Guaporé;Vale de São Domingos;5108352;2026-09-06;7.1;14.8;1.5;68.3;1,0000;;0;openmeteo_sisclima_fallback;openmeteo_ecmwf_ifs025;openmeteo_soil_proxy;;;;;Tempestade;amarelo;;;;;;;;1;5108352;municipio_sede;;;;;;;15045950;sem_cota_alerta;
5212;UHE Guaporé - Guaporé;Vale de São Domingos;5108352;2026-09-06;7.1;14.8;1.5;68.3;1,0000;;0;openmeteo_sisclima_fallback;openmeteo_ecmwf_ifs025;openmeteo_soil_proxy;;;;;Tempestade;amarelo;;;;;;;;1;5108352;municipio_sede;;;;;;;15044000;sem_cota_alerta;
35177;BARRAMENTO PRINCIPAL FAZ. REUNIDAS SÃO ROBERTO;Vera;5108501;2026-09-06;0.4;1.7;3.1;12.7;1,0000;0,55;0;openmeteo_sisclima_fallback;openmeteo_ecmwf_ifs025;openmeteo_soil_proxy;hidro_risco_municipal;verde;;;Tempestade;amarelo;verde;;;;;;;1;5108501;municipio_sede;;;;213,3;19,41;;17271100;contexto_somente;2026-09-07 10:00:00
35193;Barragem - Fazenda Jaçanã;Vera;5108501;2026-09-06;0.4;1.7;3.1;12.7;1,0000;0,55;0;openmeteo_sisclima_fallback;openmeteo_ecmwf_ifs025;openmeteo_soil_proxy;hidro_risco_municipal;verde;;;Tempestade;amarelo;verde;;;;;;;1;5108501;municipio_sede;;;;300,0;36,91;;17277000;contexto_somente;2026-09-07 09:30:00
31744;Barragem Fazenda Nossa Senhora Salete;Vera;5108501;2026-09-06;0.4;1.7;3.1;12.7;1,0000;0,55;0;openmeteo_sisclima_fallback;openmeteo_ecmwf_ifs025;openmeteo_soil_proxy;hidro_risco_municipal;verde;;;Tempestade;amarelo;verde;;;;;;;1;5108501;municipio_sede;;;;300,0;36,91;;17277000;contexto_somente;2026-09-07 09:30:00
34712;Barragem I - Fazenda Lucion;Vera;5108501;2026-09-06;0.4;1.7;3.1;12.7;1,0000;0,55;0;openmeteo_sisclima_fallback;openmeteo_ecmwf_ifs025;openmeteo_soil_proxy;hidro_risco_municipal;verde;;;Tempestade;amarelo;verde;;;;;;;1;5108501;municipio_sede;;;;300,0;36,91;;17277000;contexto_somente;2026-09-07 09:30:00
5873;Barragem I - Fazenda Militância I;Vera;5108501;2026-09-06;0.4;1.7;3.1;12.7;1,0000;0,55;0;openmeteo_sisclima_fallback;openmeteo_ecmwf_ifs025;openmeteo_soil_proxy;hidro_risco_municipal;verde;;;Tempestade;amarelo;verde;;;;;;;1;5108501;municipio_sede;;;;213,3;19,41;;17271100;contexto_somente;2026-09-07 10:00:00
30908;Barragem I - Fazenda Nandico;Vera;5108501;2026-09-06;0.4;1.7;3.1;12.7;1,0000;0,55;0;openmeteo_sisclima_fallback;openmeteo_ecmwf_ifs025;openmeteo_soil_proxy;hidro_risco_municipal;verde;;;Tempestade;amarelo;verde;;;;;;;1;5108501;municipio_sede;;;;300,0;36,91;;17277000;contexto_somente;2026-09-07 09:30:00
32441;Barragem I - Fazenda Vedana;Vera;5108501;2026-09-06;0.4;1.7;3.1;12.7;1,0000;0,55;0;openmeteo_sisclima_fallback;openmeteo_ecmwf_ifs025;openmeteo_soil_proxy;hidro_risco_municipal;verde;;;Tempestade;amarelo;verde;;;;;;;1;5108501;municipio_sede;;;;300,0;36,91;;17277000;contexto_somente;2026-09-07 09:30:00
34590;Barramento a montante 2;Vera;5108501;2026-09-06;0.4;1.7;3.1;12.7;1,0000;0,55;0;openmeteo_sisclima_fallback;openmeteo_ecmwf_ifs025;openmeteo_soil_proxy;hidro_risco_municipal;verde;;;Tempestade;amarelo;verde;;;;;;;1;5108501;municipio_sede;;;;213,3;19,41;;17271100;contexto_somente;2026-09-07 10:00:00
34589;Barrametno a montante 2;Vera;5108501;2026-09-06;0.4;1.7;3.1;12.7;1,0000;0,55;0;openmeteo_sisclima_fallback;openmeteo_ecmwf_ifs025;openmeteo_soil_proxy;hidro_risco_municipal;verde;;;Tempestade;amarelo;verde;;;;;;;1;5108501;municipio_sede;;;;213,3;19,41;;17271100;contexto_somente;2026-09-07 10:00:00
30852;FAZENDA CELESTE III;Vera;5108501;2026-09-06;0.4;1.7;3.1;12.7;1,0000;0,55;0;openmeteo_sisclima_fallback;openmeteo_ecmwf_ifs025;openmeteo_soil_proxy;hidro_risco_municipal;verde;;;Tempestade;amarelo;verde;;;;;;;1;5108501;municipio_sede;;;;;;;17277300;sem_cota_alerta;
35608;FAZENDA JAÇANÃ - RESERVATÓRIO PULMÃO;Vera;5108501;2026-09-06;0.4;1.7;3.1;12.7;1,0000;0,55;0;openmeteo_sisclima_fallback;openmeteo_ecmwf_ifs025;openmeteo_soil_proxy;hidro_risco_municipal;verde;;;Tempestade;amarelo;verde;;;;;;;1;5108501;municipio_sede;;;;300,0;36,91;;17277000;contexto_somente;2026-09-07 09:30:00
8054;Fazenda Bela Vista II;Vera;5108501;2026-09-06;0.4;1.7;3.1;12.7;1,0000;0,55;0;openmeteo_sisclima_fallback;openmeteo_ecmwf_ifs025;openmeteo_soil_proxy;hidro_risco_municipal;verde;;;Tempestade;amarelo;verde;;;;;;;1;5108501;municipio_sede;;;;300,0;36,91;;17277000;contexto_somente;2026-09-07 09:30:00
27508;Fazenda Nandico;Vera;5108501;2026-09-06;0.4;1.7;3.1;12.7;1,0000;0,55;0;openmeteo_sisclima_fallback;openmeteo_ecmwf_ifs025;openmeteo_soil_proxy;hidro_risco_municipal;verde;;;Tempestade;amarelo;verde;;;;;;;1;5108501;municipio_sede;;;;300,0;36,91;;17277000;contexto_somente;2026-09-07 09:30:00
20006;Fazenda Pluma;Vera;5108501;2026-09-06;0.4;1.7;3.1;12.7;1,0000;0,55;0;openmeteo_sisclima_fallback;openmeteo_ecmwf_ifs025;openmeteo_soil_proxy;hidro_risco_municipal;verde;;;Tempestade;amarelo;verde;;;;;;;1;5108501;municipio_sede;;;;;;;17277500;sem_cota_alerta;
32906;Fazenda São Roque II e São João – Barragem I;Vera;5108501;2026-09-06;0.4;1.7;3.1;12.7;1,0000;0,55;0;openmeteo_sisclima_fallback;openmeteo_ecmwf_ifs025;openmeteo_soil_proxy;hidro_risco_municipal;verde;;;Tempestade;amarelo;verde;;;;;;;1;5108501;municipio_sede;;;;;;;17277500;sem_cota_alerta;
27405;Fazenda Taguá I;Vera;5108501;2026-09-06;0.4;1.7;3.1;12.7;1,0000;0,55;0;openmeteo_sisclima_fallback;openmeteo_ecmwf_ifs025;openmeteo_soil_proxy;hidro_risco_municipal;verde;;;Tempestade;amarelo;verde;;;;;;;1;5108501;municipio_sede;;;;300,0;36,91;;17277000;contexto_somente;2026-09-07 09:30:00
27354;Fazenda Taguá I - Barragem II;Vera;5108501;2026-09-06;0.4;1.7;3.1;12.7;1,0000;0,55;0;openmeteo_sisclima_fallback;openmeteo_ecmwf_ifs025;openmeteo_soil_proxy;hidro_risco_municipal;verde;;;Tempestade;amarelo;verde;;;;;;;1;5108501;municipio_sede;;;;300,0;36,91;;17277000;contexto_somente;2026-09-07 09:30:00
36536;Reservatório artificial - Fazenda Gardin III;Vera;5108501;2026-09-06;0.4;1.7;3.1;12.7;1,0000;0,55;0;openmeteo_sisclima_fallback;openmeteo_ecmwf_ifs025;openmeteo_soil_proxy;hidro_risco_municipal;verde;;;Tempestade;amarelo;verde;;;;;;;1;5108501;municipio_sede;;;;300,0;36,91;;17277000;contexto_somente;2026-09-07 09:30:00
31606;Santa Maria;Vera;5108501;2026-09-06;0.4;1.7;3.1;12.7;1,0000;0,55;0;openmeteo_sisclima_fallback;openmeteo_ecmwf_ifs025;openmeteo_soil_proxy;hidro_risco_municipal;verde;;;Tempestade;amarelo;verde;;;;;;;1;5108501;municipio_sede;;;;300,0;36,91;;17277000;contexto_somente;2026-09-07 09:30:00
36611;Sítio Navarro I;Vera;5108501;2026-09-06;0.4;1.7;3.1;12.7;1,0000;0,55;0;openmeteo_sisclima_fallback;openmeteo_ecmwf_ifs025;openmeteo_soil_proxy;hidro_risco_municipal;verde;;;Tempestade;amarelo;verde;;;;;;;1;5108501;municipio_sede;;;;300,0;36,91;;17277000;contexto_somente;2026-09-07 09:30:00
34631;Sítio Recanto Feliz – Lote Nº 131-B;Vera;5108501;2026-09-06;0.4;1.7;3.1;12.7;1,0000;0,55;0;openmeteo_sisclima_fallback;openmeteo_ecmwf_ifs025;openmeteo_soil_proxy;hidro_risco_municipal;verde;;;Tempestade;amarelo;verde;;;;;;;1;5108501;municipio_sede;;;;;;;18425200;sem_cota_alerta;
35168;Barragem Jatobá ? Principal;Vila Bela da Santíssima Trindade;5105507;2026-09-06;7.1;14.8;1.5;68.3;1,0000;0,55;0;openmeteo_sisclima_fallback;openmeteo_ecmwf_ifs025;openmeteo_soil_proxy;hidro_risco_municipal;verde;;;Declínio de Temperatura;amarelo;verde;;;;;;;3;5105507|5106752|5108352;sede_mais_montante_max;;;;;;;15050001;sem_cota_alerta;
218;Barragem do Córrego Longa Vida;Vila Bela da Santíssima Trindade;5105507;2026-09-06;7.1;14.8;1.5;68.3;1,0000;0,55;0;openmeteo_sisclima_fallback;openmeteo_ecmwf_ifs025;openmeteo_soil_proxy;hidro_risco_municipal;verde;;;Declínio de Temperatura;amarelo;verde;;;;;;;3;5105507|5106752|5108352;sede_mais_montante_max;;;;98,0;;;15120002;contexto_somente;2026-09-07 09:45:00
35913;Barramento - Fazenda Galerinha;Vila Bela da Santíssima Trindade;5105507;2026-09-06;8.4;14.8;1.5;74.6;1,0000;0,55;0;openmeteo_sisclima_fallback;openmeteo_ecmwf_ifs025;openmeteo_soil_proxy;hidro_risco_municipal;verde;;;Declínio de Temperatura;amarelo;verde;;;;;;;4;5103361|5105507|5106752|5108352;sede_mais_montante_max;;;;98,0;;;15120002;contexto_somente;2026-09-07 09:45:00
35390;Barramento - Fazenda Rancho Alegre;Vila Bela da Santíssima Trindade;5105507;2026-09-06;4.2;6.7;0.2;48.6;0,4020;0,55;0;openmeteo_sisclima_fallback;openmeteo_ecmwf_ifs025;openmeteo_soil_proxy;hidro_risco_municipal;verde;;;Declínio de Temperatura;amarelo;verde;;;;;;;1;5105507;municipio_sede;;;;;;;;;
35391;Barramento II (Montante) - Fazenda Rancho Alegre;Vila Bela da Santíssima Trindade;5105507;2026-09-06;4.2;6.7;0.2;48.6;0,4020;0,55;0;openmeteo_sisclima_fallback;openmeteo_ecmwf_ifs025;openmeteo_soil_proxy;hidro_risco_municipal;verde;;;Declínio de Temperatura;amarelo;verde;;;;;;;1;5105507;municipio_sede;;;;;;;;;
35914;Barramento montante - Galerinha;Vila Bela da Santíssima Trindade;5105507;2026-09-06;8.4;14.8;1.5;74.6;1,0000;0,55;0;openmeteo_sisclima_fallback;openmeteo_ecmwf_ifs025;openmeteo_soil_proxy;hidro_risco_municipal;verde;;;Declínio de Temperatura;amarelo;verde;;;;;;;4;5103361|5105507|5106752|5108352;sede_mais_montante_max;;;;98,0;;;15120002;contexto_somente;2026-09-07 09:45:00
790;Dique de Finos;Vila Bela da Santíssima Trindade;5105507;2026-09-06;7.1;14.8;1.5;68.3;1,0000;0,55;0;openmeteo_sisclima_fallback;openmeteo_ecmwf_ifs025;openmeteo_soil_proxy;hidro_risco_municipal;verde;;;Declínio de Temperatura;amarelo;verde;;;;;;;3;5105507|5106752|5108352;sede_mais_montante_max;;;;98,0;;;15120002;contexto_somente;2026-09-07 09:45:00
5298;Fazenda Serra Negra;Vila Bela da Santíssima Trindade;5105507;2026-09-06;8.4;14.8;1.5;74.6;1,0000;0,55;0;openmeteo_sisclima_fallback;openmeteo_ecmwf_ifs025;openmeteo_soil_proxy;hidro_risco_municipal;verde;;;Declínio de Temperatura;amarelo;verde;;;;;;;4;5103361|5105507|5106752|5108352;sede_mais_montante_max;;;;;;;15121500;sem_cota_alerta;
26673;Galerinha;Vila Bela da Santíssima Trindade;5105507;2026-09-06;8.4;14.8;1.5;74.6;1,0000;0,55;0;openmeteo_sisclima_fallback;openmeteo_ecmwf_ifs025;openmeteo_soil_proxy;hidro_risco_municipal;verde;;;Declínio de Temperatura;amarelo;verde;;;;;;;4;5103361|5105507|5106752|5108352;sede_mais_montante_max;;;;98,0;;;15120002;contexto_somente;2026-09-07 09:45:00
21013;Gleba Tarumã;Vila Bela da Santíssima Trindade;5105507;2026-09-06;4.2;6.7;0.2;48.6;0,4020;0,55;0;openmeteo_sisclima_fallback;openmeteo_ecmwf_ifs025;openmeteo_soil_proxy;hidro_risco_municipal;verde;;;Declínio de Temperatura;amarelo;verde;;;;;;;1;5105507;municipio_sede;;;;;;;;;
23873;Massa d'Água #243832;Vila Bela da Santíssima Trindade;5105507;2026-09-06;4.2;6.7;0.2;48.6;0,4020;0,55;0;openmeteo_sisclima_fallback;openmeteo_ecmwf_ifs025;openmeteo_soil_proxy;hidro_risco_municipal;verde;;;Declínio de Temperatura;amarelo;verde;;;;;;;1;5105507;municipio_sede;;;;;;;;;
26266;SERRA;Vila Bela da Santíssima Trindade;5105507;2026-09-06;7.1;14.8;1.5;68.3;1,0000;0,55;0;openmeteo_sisclima_fallback;openmeteo_ecmwf_ifs025;openmeteo_soil_proxy;hidro_risco_municipal;verde;;;Declínio de Temperatura;amarelo;verde;;;;;;;3;5105507|5106752|5108352;sede_mais_montante_max;;;;;;;15121000;sem_cota_alerta;
20615;UHE Jauru - Barragem Auxiliar;Vila Bela da Santíssima Trindade;5105507;2026-09-06;4.2;6.7;0.2;48.6;0,4020;0,55;0;openmeteo_sisclima_fallback;openmeteo_ecmwf_ifs025;openmeteo_soil_proxy;hidro_risco_municipal;verde;;;Declínio de Temperatura;amarelo;verde;;;;;;;1;5105507;municipio_sede;;;;98,0;;;15120002;contexto_somente;2026-09-07 09:45:00
5108;UHE Jauru - Barragem Principal;Vila Bela da Santíssima Trindade;5105507;2026-09-06;4.2;6.7;0.2;48.6;0,4020;0,55;0;openmeteo_sisclima_fallback;openmeteo_ecmwf_ifs025;openmeteo_soil_proxy;hidro_risco_municipal;verde;;;Declínio de Temperatura;amarelo;verde;;;;;;;1;5105507;municipio_sede;;;;98,0;;;15120002;contexto_somente;2026-09-07 09:45:00
36541;BARRAGEM ANGICO;Vila Rica;5108600;2026-09-06;11.6;19.2;4.7;87.3;0,7490;;0;openmeteo_sisclima_fallback;openmeteo_ecmwf_ifs025;openmeteo_soil_proxy;;;;;Tempestade;amarelo;;;;;;;;1;5108600;municipio_sede;;;;;;;;;
36103;Barragem 1 Fazenda Primavera;Vila Rica;5108600;2026-09-06;11.6;19.2;4.7;87.3;0,7490;;0;openmeteo_sisclima_fallback;openmeteo_ecmwf_ifs025;openmeteo_soil_proxy;;;;;Tempestade;amarelo;;;;;;;;1;5108600;municipio_sede;;;;;;;01052001;sem_cota_alerta;
35248;Barragem Fazenda Divisa;Vila Rica;5108600;2026-09-06;11.6;19.2;4.7;87.3;0,7490;;0;openmeteo_sisclima_fallback;openmeteo_ecmwf_ifs025;openmeteo_soil_proxy;;;;;Tempestade;amarelo;;;;;;;;1;5108600;municipio_sede;;;;;;;;;
36496;Barramento Fazenda Primavera;Vila Rica;5108600;2026-09-06;11.6;19.2;4.7;87.3;0,7490;;0;openmeteo_sisclima_fallback;openmeteo_ecmwf_ifs025;openmeteo_soil_proxy;;;;;Tempestade;amarelo;;;;;;;;1;5108600;municipio_sede;;;;;;;01052001;sem_cota_alerta;
22229;Fazenda Europa;Vila Rica;5108600;2026-09-06;11.6;19.2;4.7;87.3;0,7490;;0;openmeteo_sisclima_fallback;openmeteo_ecmwf_ifs025;openmeteo_soil_proxy;;;;;Tempestade;amarelo;;;;;;;;1;5108600;municipio_sede;;;;;;;;;
20147;Fazenda Urupianga;Vila Rica;5108600;2026-09-06;11.6;19.2;4.7;87.3;0,7490;;0;openmeteo_sisclima_fallback;openmeteo_ecmwf_ifs025;openmeteo_soil_proxy;;;;;Tempestade;amarelo;;;;;;;;1;5108600;municipio_sede;;;;;;;;;
26332;Fazenda Vila Rica I;Vila Rica;5108600;2026-09-06;11.6;19.2;4.7;87.3;0,7490;;0;openmeteo_sisclima_fallback;openmeteo_ecmwf_ifs025;openmeteo_soil_proxy;;;;;Tempestade;amarelo;;;;;;;;1;5108600;municipio_sede;;;;;;;;;
33981;Vila Rica IV;Vila Rica;5108600;2026-09-06;11.6;19.2;4.7;87.3;0,7490;;0;openmeteo_sisclima_fallback;openmeteo_ecmwf_ifs025;openmeteo_soil_proxy;;;;;Tempestade;amarelo;;;;;;;;1;5108600;municipio_sede;;;;;;;;;
34474;Vila Rica IX;Vila Rica;5108600;2026-09-06;11.6;19.2;4.7;87.3;0,7490;;0;openmeteo_sisclima_fallback;openmeteo_ecmwf_ifs025;openmeteo_soil_proxy;;;;;Tempestade;amarelo;;;;;;;;1;5108600;municipio_sede;;;;;;;;;
34471;Vila Rica VII;Vila Rica;5108600;2026-09-06;11.6;19.2;4.7;87.3;0,7490;;0;openmeteo_sisclima_fallback;openmeteo_ecmwf_ifs025;openmeteo_soil_proxy;;;;;Tempestade;amarelo;;;;;;;;1;5108600;municipio_sede;;;;;;;;;
34473;Vila Rica VIII;Vila Rica;5108600;2026-09-06;11.6;19.2;4.7;87.3;0,7490;;0;openmeteo_sisclima_fallback;openmeteo_ecmwf_ifs025;openmeteo_soil_proxy;;;;;Tempestade;amarelo;;;;;;;;1;5108600;municipio_sede;;;;;;;;;
37452;Fazenda Atlântica - Araras;Vera;5108501;2026-09-06;0.4;1.7;3.1;12.7;1,0000;0,55;0;openmeteo_sisclima_fallback;openmeteo_ecmwf_ifs025;openmeteo_soil_proxy;hidro_risco_municipal;verde;;;Tempestade;amarelo;verde;;;;;;;1;5108501;municipio_sede;;;;300,0;36,91;;17277000;contexto_somente;2026-09-07 09:30:00
37519;Fazenda Confiança (Reservatório 1);Vera;5108501;2026-09-06;0.4;1.7;3.1;12.7;1,0000;0,55;0;openmeteo_sisclima_fallback;openmeteo_ecmwf_ifs025;openmeteo_soil_proxy;hidro_risco_municipal;verde;;;Tempestade;amarelo;verde;;;;;;;1;5108501;municipio_sede;;;;213,3;19,41;;17271100;contexto_somente;2026-09-07 10:00:00
37571;Fazenda Confiança (Reservatório 2);Vera;5108501;2026-09-06;0.4;1.7;3.1;12.7;1,0000;0,55;0;openmeteo_sisclima_fallback;openmeteo_ecmwf_ifs025;openmeteo_soil_proxy;hidro_risco_municipal;verde;;;Tempestade;amarelo;verde;;;;;;;1;5108501;municipio_sede;;;;213,3;19,41;;17271100;contexto_somente;2026-09-07 10:00:00
37781;Fazenda Primavera – Reservatório 2;Vera;5108501;2026-09-06;0.4;1.7;3.1;12.7;1,0000;0,55;0;openmeteo_sisclima_fallback;openmeteo_ecmwf_ifs025;openmeteo_soil_proxy;hidro_risco_municipal;verde;;;Tempestade;amarelo;verde;;;;;;;1;5108501;municipio_sede;;;;213,3;19,41;;17271100;contexto_somente;2026-09-07 10:00:00
37725;Fazenda Santa Inês;Vera;5108501;2026-09-06;0.4;1.7;3.1;12.7;1,0000;0,55;0;openmeteo_sisclima_fallback;openmeteo_ecmwf_ifs025;openmeteo_soil_proxy;hidro_risco_municipal;verde;;;Tempestade;amarelo;verde;;;;;;;1;5108501;municipio_sede;;;;213,3;19,41;;17271100;contexto_somente;2026-09-07 10:00:00
5314;Cabeceiras;Vila Bela da Santíssima Trindade;5105507;2026-09-06;7.1;14.8;1.5;68.3;1,0000;0,55;0;openmeteo_sisclima_fallback;openmeteo_ecmwf_ifs025;openmeteo_soil_proxy;hidro_risco_municipal;verde;;;Declínio de Temperatura;amarelo;verde;;;;;;;3;5105507|5106752|5108352;sede_mais_montante_max;;;;98,0;;;15120002;contexto_somente;2026-09-07 09:45:00
5315;Casarão;Vila Bela da Santíssima Trindade;5105507;2026-09-06;7.1;14.8;1.5;68.3;1,0000;0,55;0;openmeteo_sisclima_fallback;openmeteo_ecmwf_ifs025;openmeteo_soil_proxy;hidro_risco_municipal;verde;;;Declínio de Temperatura;amarelo;verde;;;;;;;3;5105507|5106752|5108352;sede_mais_montante_max;;;;98,0;;;15120002;contexto_somente;2026-09-07 09:45:00
20196;Afluente do Pitomba;Várzea Grande;5108402;2026-09-06;9.1;9.3;5.1;55.0;0,6310;0,490;0;openmeteo_ponto;openmeteo_ponto;openmeteo_soil_proxy;hidro_risco_municipal;verde;;;Tempestade;amarelo;verde;;;;;10.09;openmeteo_glofas_copernicus_ems;4;5103007|5104906|5107701|5108402;ponto_barragem_telemetria;openmeteo_ponto;;;98,0;;200,0;66260006;cota_medida;2026-09-07 10:00:00
35119;BARRAGEM ROSA CRISTINA I;Várzea Grande;5108402;2026-09-06;8.6;8.7;6.4;55.0;0,6310;0,490;0;openmeteo_ponto;openmeteo_ponto;openmeteo_soil_proxy;hidro_risco_municipal;verde;;;Tempestade;amarelo;verde;;;;;10.09;openmeteo_glofas_copernicus_ems;4;5103007|5104906|5107701|5108402;ponto_barragem_telemetria;openmeteo_ponto;;;98,0;;200,0;66260006;cota_medida;2026-09-07 10:00:00
28304;Barragem 4;Várzea Grande;5108402;2026-09-06;9.6;9.6;5.7;81.7;0,4600;0,490;0;openmeteo_sisclima_fallback;openmeteo_ecmwf_ifs025;openmeteo_soil_proxy;hidro_risco_municipal;verde;;;Tempestade;amarelo;verde;;;;;0.03;openmeteo_glofas_copernicus_ems;1;5108402;municipio_sede;;;;98,0;;200,0;66260006;cota_medida;2026-09-07 10:00:00
20141;Chapéu do Sol;Várzea Grande;5108402;2026-09-06;9.1;9.3;5.1;55.0;0,6310;0,490;0;openmeteo_ponto;openmeteo_ponto;openmeteo_soil_proxy;hidro_risco_municipal;verde;;;Tempestade;amarelo;verde;;;;;10.09;openmeteo_glofas_copernicus_ems;4;5103007|5104906|5107701|5108402;ponto_barragem_telemetria;openmeteo_ponto;;;98,0;;200,0;66260006;cota_medida;2026-09-07 10:00:00
5339;ESTÂNCIA RANCHO DOURADO;Várzea Grande;5108402;2026-09-06;8.2;8.3;6.6;55.0;0,6310;0,490;0;openmeteo_ponto;openmeteo_ponto;openmeteo_soil_proxy;hidro_risco_municipal;verde;;;Tempestade;amarelo;verde;;;;;10.09;openmeteo_glofas_copernicus_ems;4;5103007|5104906|5107701|5108402;ponto_barragem_telemetria;openmeteo_ponto;;;98,0;;200,0;66260006;cota_medida;2026-09-07 10:00:00
20138;Fazenda Santa Luzia;Várzea Grande;5108402;2026-09-06;9.6;9.6;5.0;55.0;0,6310;0,490;0;openmeteo_ponto;openmeteo_ponto;openmeteo_soil_proxy;hidro_risco_municipal;verde;;;Tempestade;amarelo;verde;;;;;10.09;openmeteo_glofas_copernicus_ems;4;5103007|5104906|5107701|5108402;ponto_barragem_telemetria;openmeteo_ponto;;;98,0;;200,0;66260006;cota_medida;2026-09-07 10:00:00
20135;Fazenda São Jose;Várzea Grande;5108402;2026-09-06;9.1;9.3;5.1;55.0;0,6310;0,490;0;openmeteo_ponto;openmeteo_ponto;openmeteo_soil_proxy;hidro_risco_municipal;verde;;;Tempestade;amarelo;verde;;;;;10.09;openmeteo_glofas_copernicus_ems;5;5103007|5103403|5104906|5107701|5108402;ponto_barragem_telemetria;openmeteo_ponto;;;98,0;;200,0;66260006;cota_medida;2026-09-07 10:00:00
21935;córrego Sapateiro;Várzea Grande;5108402;2026-09-06;9.1;9.3;5.1;55.0;0,6310;0,490;0;openmeteo_ponto;openmeteo_ponto;openmeteo_soil_proxy;hidro_risco_municipal;verde;;;Tempestade;amarelo;verde;;;;;10.09;openmeteo_glofas_copernicus_ems;4;5103007|5104906|5107701|5108402;ponto_barragem_telemetria;openmeteo_ponto;;;98,0;;200,0;66260006;cota_medida;2026-09-07 10:00:00
27937;BRAVO 1;Várzea Grande;5108402;2026-09-06;9.8;9.9;10.8;55.0;0,6310;0,55;0;openmeteo_ponto;openmeteo_ponto;openmeteo_soil_proxy;hidro_risco_municipal;verde;;;Tempestade;amarelo;verde;;;;;10.09;openmeteo_glofas_copernicus_ems;4;5103007|5104906|5107701|5108402;ponto_barragem_telemetria;openmeteo_ponto;;;;;;66260001;sem_cota_alerta;
26265;BRAVO II;Várzea Grande;5108402;2026-09-06;9.8;9.9;10.8;55.0;0,6310;0,55;0;openmeteo_ponto;openmeteo_ponto;openmeteo_soil_proxy;hidro_risco_municipal;verde;;;Tempestade;amarelo;verde;;;;;10.09;openmeteo_glofas_copernicus_ems;4;5103007|5104906|5107701|5108402;ponto_barragem_telemetria;openmeteo_ponto;;;;;;66260001;sem_cota_alerta;
31525;BRAVO IV;Várzea Grande;5108402;2026-09-06;9.8;9.9;10.8;55.0;0,6310;0,55;0;openmeteo_ponto;openmeteo_ponto;openmeteo_soil_proxy;hidro_risco_municipal;verde;;;Tempestade;amarelo;verde;;;;;10.09;openmeteo_glofas_copernicus_ems;4;5103007|5104906|5107701|5108402;ponto_barragem_telemetria;openmeteo_ponto;;;;;;66260001;sem_cota_alerta;
37736;Solstício Agronegócios S.A;Várzea Grande;5108402;2026-09-06;6.9;6.9;9.3;55.0;0,6310;0,55;0;openmeteo_ponto;openmeteo_ponto;openmeteo_soil_proxy;hidro_risco_municipal;verde;;;Tempestade;amarelo;verde;;;;;10.09;openmeteo_glofas_copernicus_ems;4;5103007|5104906|5107701|5108402;ponto_barragem_telemetria;openmeteo_ponto;;;;;;66260001;sem_cota_alerta;
34579;Barragem Fazenda Dois Filhos;Água Boa;5100201;2026-09-06;11.4;12.7;15.0;86.6;0,6470;;0;openmeteo_sisclima_fallback;openmeteo_ecmwf_ifs025;openmeteo_soil_proxy;;;;;Tempestade;amarelo;;;;;;;;1;5100201;municipio_sede;;;;;;;18415000;sem_cota_alerta;
35339;Barragem I - Fazenda Jerusalém VIII;Água Boa;5100201;2026-09-06;11.4;12.7;15.0;86.6;0,6470;;0;openmeteo_sisclima_fallback;openmeteo_ecmwf_ifs025;openmeteo_soil_proxy;;;;;Tempestade;amarelo;;;;;;;;1;5100201;municipio_sede;;;;;;;26057000;sem_cota_alerta;
8176;Barragem principal Estância Bahia Leilões;Água Boa;5100201;2026-09-06;11.4;12.7;15.0;86.6;0,6470;;0;openmeteo_sisclima_fallback;openmeteo_ecmwf_ifs025;openmeteo_soil_proxy;;;;;Tempestade;amarelo;;;;;;;;1;5100201;municipio_sede;;;;;;;26057000;sem_cota_alerta;
36436;Barramento Fazenda Santana;Água Boa;5100201;2026-09-06;11.4;12.7;15.0;86.6;0,6470;;0;openmeteo_sisclima_fallback;openmeteo_ecmwf_ifs025;openmeteo_soil_proxy;;;;;Tempestade;amarelo;;;;;;;;1;5100201;municipio_sede;;;;;;;18415000;sem_cota_alerta;
35185;Barramento Fazenda São Luiz;Água Boa;5100201;2026-09-06;11.4;12.7;15.0;86.6;0,6470;;0;openmeteo_sisclima_fallback;openmeteo_ecmwf_ifs025;openmeteo_soil_proxy;;;;;Tempestade;amarelo;;;;;;;;1;5100201;municipio_sede;;;;;;;18415000;sem_cota_alerta;
8166;Barramento Principal - Fazenda Estância Bahia II;Água Boa;5100201;2026-09-06;11.4;12.7;15.0;86.6;0,6470;;0;openmeteo_sisclima_fallback;openmeteo_ecmwf_ifs025;openmeteo_soil_proxy;;;;;Tempestade;amarelo;;;;;;;;1;5100201;municipio_sede;;;;;;;18415000;sem_cota_alerta;
32379;Condomínio Adama Duvalle – Barragem 1;Água Boa;5100201;2026-09-06;11.4;12.7;15.0;86.6;0,6470;;0;openmeteo_sisclima_fallback;openmeteo_ecmwf_ifs025;openmeteo_soil_proxy;;;;;Tempestade;amarelo;;;;;;;;1;5100201;municipio_sede;;;;;;;26057000;sem_cota_alerta;
32400;FAZENDA HARAS;Água Boa;5100201;2026-09-06;11.4;12.7;15.0;86.6;0,6470;;0;openmeteo_sisclima_fallback;openmeteo_ecmwf_ifs025;openmeteo_soil_proxy;;;;;Tempestade;amarelo;;;;;;;;1;5100201;municipio_sede;;;;;;;26057000;sem_cota_alerta;
19987;Fazenda Admar Galle & Filhos;Água Boa;5100201;2026-09-06;11.4;12.7;15.0;86.6;0,6470;;0;openmeteo_sisclima_fallback;openmeteo_ecmwf_ifs025;openmeteo_soil_proxy;;;;;Tempestade;amarelo;;;;;;;;1;5100201;municipio_sede;;;;;;;26057000;sem_cota_alerta;
8164;Fazenda Alto Areões - Barragem 01;Água Boa;5100201;2026-09-06;11.4;12.7;15.0;86.6;0,6470;;0;openmeteo_sisclima_fallback;openmeteo_ecmwf_ifs025;openmeteo_soil_proxy;;;;;Tempestade;amarelo;;;;;;;;1;5100201;municipio_sede;;;;;;;18415000;sem_cota_alerta;
8165;Fazenda Alto Areões-Barragem 02;Água Boa;5100201;2026-09-06;11.4;12.7;15.0;86.6;0,6470;;0;openmeteo_sisclima_fallback;openmeteo_ecmwf_ifs025;openmeteo_soil_proxy;;;;;Tempestade;amarelo;;;;;;;;1;5100201;municipio_sede;;;;;;;18415000;sem_cota_alerta;
19978;Fazenda Santa Lourdes;Água Boa;5100201;2026-09-06;11.4;12.7;15.0;86.6;0,6470;;0;openmeteo_sisclima_fallback;openmeteo_ecmwf_ifs025;openmeteo_soil_proxy;;;;;Tempestade;amarelo;;;;;;;;1;5100201;municipio_sede;;;;;;;26057000;sem_cota_alerta;
20127;Fazenda São Paulo;Água Boa;5100201;2026-09-06;11.4;12.7;15.0;86.6;0,6470;;0;openmeteo_sisclima_fallback;openmeteo_ecmwf_ifs025;openmeteo_soil_proxy;;;;;Tempestade;amarelo;;;;;;;;1;5100201;municipio_sede;;;;;;;26057000;sem_cota_alerta;
32034;Fazenda Três Marcos – Barragem 1;Água Boa;5100201;2026-09-06;11.4;12.7;15.0;86.6;0,6470;;0;openmeteo_sisclima_fallback;openmeteo_ecmwf_ifs025;openmeteo_soil_proxy;;;;;Tempestade;amarelo;;;;;;;;1;5100201;municipio_sede;;;;;;;18415000;sem_cota_alerta;
30909;Barragem Principal;Água Boa;5100201;2026-09-06;11.4;12.7;15.0;86.6;0,6470;;0;openmeteo_sisclima_fallback;openmeteo_ecmwf_ifs025;openmeteo_soil_proxy;;;;;Tempestade;amarelo;;;;;;;;1;5100201;municipio_sede;;;;;;;26057000;sem_cota_alerta;
37450;Fazenda Córrego Fundo;Água Boa;5100201;2026-09-06;11.4;12.7;15.0;86.6;0,6470;;0;openmeteo_sisclima_fallback;openmeteo_ecmwf_ifs025;openmeteo_soil_proxy;;;;;Tempestade;amarelo;;;;;;;;1;5100201;municipio_sede;;;;;;;18415000;sem_cota_alerta;
