{
 "type": "FeatureCollection",
 "features": [
  {
   "type": "Feature",
   "geometry": {
    "type": "LineString",
    "coordinates": [
     [
      -56.2953849,
      -15.6791873
     ],
     [
      -56.2964073,
      -15.679166
     ]
    ]
   },
   "properties": {
    "ref": "BR-070",
    "nome": "BR-070",
    "highway": "trunk",
    "bridge": "sim",
    "jurisdicao": "federal",
    "km_aprox": 188.0,
    "latitude": "-15.679166",
    "longitude": "-56.296407",
    "osm_id": "139293283",
    "fonte": "OSM",
    "observacao": "Proxy DNIT/Sinfra — refs BR/MT no OSM; substituir por SNV oficial quando o portal responder"
   }
  },
  {
   "type": "Feature",
   "geometry": {
    "type": "LineString",
    "coordinates": [
     [
      -55.8058006,
      -16.0941854
     ],
     [
      -55.8059087,
      -16.0942025
     ],
     [
      -55.8060085,
      -16.094225
     ],
     [
      -55.8061346,
      -16.0942679
     ],
     [
      -55.8062523,
      -16.0943209
     ],
     [
      -55.8063918,
      -16.0944096
     ],
     [
      -55.8065099,
      -16.0945111
     ],
     [
      -55.8065812,
      -16.094591
     ],
     [
      -55.8066422,
      -16.094672
     ],
     [
      -55.80671,
      -16.0947788
     ],
     [
      -55.8067621,
      -16.0948865
     ],
     [
      -55.8068106,
      -16.0950262
     ],
     [
      -55.8068389,
      -16.0951756
     ],
     [
      -55.8068438,
      -16.0953851
     ],
     [
      -55.8068325,
      -16.0956057
     ],
     [
      -55.8065242,
      -16.0991527
     ],
     [
      -55.80637,
      -16.1009276
     ],
     [
      -55.8062089,
      -16.10271
     ],
     [
      -55.806164,
      -16.1032611
     ],
     [
      -55.8061447,
      -16.1035384
     ],
     [
      -55.806132,
      -16.1038166
     ],
     [
      -55.8061299,
      -16.1043716
     ],
     [
      -55.8061501,
      -16.1049298
     ],
     [
      -55.806258,
      -16.1073198
     ],
     [
      -55.806473,
      -16.1119677
     ],
     [
      -55.8065175,
      -16.1129683
     ],
     [
      -55.8065668,
      -16.1139803
     ],
     [
      -55.8066501,
      -16.1158807
     ],
     [
      -55.8067147,
      -16.1172638
     ],
     [
      -55.8068025,
      -16.118951
     ],
     [
      -55.8069001,
      -16.1212321
     ],
     [
      -55.8071559,
      -16.12658
     ],
     [
      -55.8075832,
      -16.1372857
     ],
     [
      -55.8079043,
      -16.144309
     ],
     [
      -55.8081442,
      -16.1491645
     ],
     [
      -55.8081386,
      -16.149555
     ],
     [
      -55.8080771,
      -16.1499593
     ],
     [
      -55.8079305,
      -16.1503433
     ],
     [
      -55.8077626,
      -16.1506318
     ],
     [
      -55.8074409,
      -16.151052
     ],
     [
      -55.8069845,
      -16.1516404
     ],
     [
      -55.8058137,
      -16.1530852
     ],
     [
      -55.8056306,
      -16.1533912
     ],
     [
      -55.8054784,
      -16.1537197
     ],
     [
      -55.8053923,
      -16.1540112
     ],
     [
      -55.8053571,
      -16.1542955
     ],
     [
      -55.8053505,
      -16.1545767
     ],
     [
      -55.8063943,
      -16.1866301
     ],
     [
      -55.8065137,
      -16.189895
     ],
     [
      -55.8066073,
      -16.1926086
     ],
     [
      -55.8066168,
      -16.1929315
     ],
     [
      -55.8066295,
      -16.1932541
     ],
     [
      -55.8066396,
      -16.1934248
     ],
     [
      -55.8066583,
      -16.1935903
     ],
     [
      -55.8066972,
      -16.1937506
     ],
     [
      -55.8067499,
      -16.1939074
     ],
     [
      -55.8068642,
      -16.1941457
     ],
     [
      -55.8070084,
      -16.1943785
     ],
     [
      -55.8071693,
      -16.1946006
     ],
     [
      -55.807348,
      -16.1948179
     ],
     [
      -55.8078928,
      -16.1954658
     ],
     [
      -55.8084452,
      -16.1961075
     ],
     [
      -55.8089865,
      -16.1967482
     ],
     [
      -55.8095397,
      -16.197405
     ],
     [
      -55.8106088,
      -16.1986866
     ],
     [
      -55.810747,
      -16.19886
     ],
     [
      -55.8108842,
      -16.1990364
     ],
     [
      -55.8110143,
      -16.1992161
     ],
     [
      -55.8111328,
      -16.1993993
     ],
     [
      -55.8112228,
      -16.1995641
     ],
     [
      -55.8112994,
      -16.1997361
     ],
     [
      -55.8113817,
      -16.1999505
     ],
     [
      -55.8114637,
      -16.2002037
     ],
     [
      -55.8115696,
      -16.2005466
     ],
     [
      -55.811653,
      -16.2008152
     ],
     [
      -55.8117388,
      -16.2010905
     ],
     [
      -55.8119001,
      -16.2016188
     ],
     [
      -55.8119456,
      -16.2018133
     ],
     [
      -55.8119847,
      -16.2020158
     ],
     [
      -55.812001,
      -16.2021678
     ],
     [
      -55.8120128,
      -16.2023232
     ],
     [
      -55.812012,
      -16.2025332
     ],
     [
      -55.8119977,
      -16.2027417
     ],
     [
      -55.8119735,
      -16.2029196
     ],
     [
      -55.8119405,
      -16.2030979
     ],
     [
      -55.8119178,
      -16.2032019
     ],
     [
      -55.8118913,
      -16.2033059
     ],
     [
      -55.8118168,
      -16.2035751
     ],
     [
      -55.8116828,
      -16.2040554
     ],
     [
      -55.8115473,
      -16.2045609
     ],
     [
      -55.8114206,
      -16.2050632
     ],
     [
      -55.8113631,
      -16.2053109
     ],
     [
      -55.811309,
      -16.205559
     ],
     [
      -55.8109254,
      -16.2075953
     ],
     [
      -55.8101644,
      -16.2116572
     ],
     [
      -55.8092339,
      -16.216658
     ],
     [
      -55.8082984,
      -16.2216599
     ],
     [
      -55.8082271,
      -16.2219815
     ],
     [
      -55.8081415,
      -16.222299
     ],
     [
      -55.8080581,
      -16.2225471
     ],
     [
      -55.8079672,
      -16.2227856
     ],
     [
      -55.8078407,
      -16.223065
     ],
     [
      -55.8077004,
      -16.2233394
     ],
     [
      -55.8075542,
      -16.2235934
     ],
     [
      -55.8073885,
      -16.2238523
     ],
     [
      -55.8072042,
      -16.2241008
     ],
     [
      -55.8069242,
      -16.2244389
     ],
     [
      -55.8063965,
      -16.2250244
     ],
     [
      -55.8061004,
      -16.2253192
     ],
     [
      -55.8059462,
      -16.2254573
     ],
     [
      -55.805789,
      -16.2255866
     ],
     [
      -55.8051327,
      -16.2260796
     ],
     [
      -55.8046564,
      -16.2264315
     ],
     [
      -55.8041836,
      -16.2267822
     ],
     [
      -55.8035566,
      -16.2272419
     ],
     [
      -55.8033136,
      -16.2274301
     ],
     [
      -55.8030756,
      -16.2276286
     ],
     [
      -55.8027745,
      -16.2279136
     ],
     [
      -55.8024822,
      -16.228197
     ],
     [
      -55.794742,
      -16.2358249
     ],
     [
      -55.7935484,
      -16.236994
     ],
     [
      -55.7899777,
      -16.2405156
     ],
     [
      -55.7874034,
      -16.2430367
     ],
     [
      -55.7845804,
      -16.2458063
     ],
     [
      -55.7844946,
      -16.2458977
     ],
     [
      -55.7844141,
      -16.2459865
     ],
     [
      -55.7843658,
      -16.2460496
     ],
     [
      -55.7843323,
      -16.2461307
     ],
     [
      -55.7843082,
      -16.246217
     ],
     [
      -55.7842974,
      -16.2462942
     ]
    ]
   },
   "properties": {
    "ref": "MT-040",
    "nome": "MT-040",
    "highway": "secondary",
    "bridge": "sim",
    "jurisdicao": "estadual",
    "km_aprox": 169.4,
    "latitude": "-16.198860",
    "longitude": "-55.810747",
    "osm_id": "31568045",
    "fonte": "OSM",
    "observacao": "Proxy DNIT/Sinfra — refs BR/MT no OSM; substituir por SNV oficial quando o portal responder"
   }
  },
  {
   "type": "Feature",
   "geometry": {
    "type": "LineString",
    "coordinates": [
     [
      -57.0438856,
      -14.7173558
     ],
     [
      -57.0437247,
      -14.7169874
     ],
     [
      -57.043612,
      -14.716785
     ],
     [
      -57.0434591,
      -14.7165256
     ],
     [
      -57.0432258,
      -14.7161443
     ],
     [
      -57.0427016,
      -14.7155043
     ],
     [
      -57.0423332,
      -14.7150544
     ],
     [
      -57.0414931,
      -14.7140287
     ],
     [
      -57.0401962,
      -14.7124254
     ],
     [
      -57.0363057,
      -14.7076999
     ],
     [
      -57.0348492,
      -14.7059137
     ],
     [
      -57.0346442,
      -14.7057047
     ],
     [
      -57.0341197,
      -14.7049732
     ],
     [
      -57.0297814,
      -14.6997181
     ],
     [
      -57.0248026,
      -14.6935699
     ],
     [
      -57.0241204,
      -14.6927334
     ],
     [
      -57.0186546,
      -14.6860293
     ]
    ]
   },
   "properties": {
    "ref": "MT-343",
    "nome": "MT-343",
    "highway": "primary",
    "bridge": "sim",
    "jurisdicao": "estadual",
    "km_aprox": 159.38,
    "latitude": "-14.712425",
    "longitude": "-57.040196",
    "osm_id": "31551831",
    "fonte": "OSM",
    "observacao": "Proxy DNIT/Sinfra — refs BR/MT no OSM; substituir por SNV oficial quando o portal responder"
   }
  },
  {
   "type": "Feature",
   "geometry": {
    "type": "LineString",
    "coordinates": [
     [
      -56.2044238,
      -15.6029258
     ],
     [
      -56.2052567,
      -15.601499
     ],
     [
      -56.205423,
      -15.6012549
     ],
     [
      -56.2056738,
      -15.6009539
     ],
     [
      -56.2059031,
      -15.6007395
     ],
     [
      -56.206111,
      -15.6005677
     ],
     [
      -56.206508,
      -15.6003326
     ],
     [
      -56.2069505,
      -15.6001595
     ],
     [
      -56.2073663,
      -15.6000458
     ],
     [
      -56.207943,
      -15.5999386
     ],
     [
      -56.2086712,
      -15.5998844
     ],
     [
      -56.2112553,
      -15.5997081
     ],
     [
      -56.2193584,
      -15.5990202
     ],
     [
      -56.2198037,
      -15.5989246
     ],
     [
      -56.2204635,
      -15.5987309
     ],
     [
      -56.2210858,
      -15.5985035
     ],
     [
      -56.2216035,
      -15.5982349
     ],
     [
      -56.2238758,
      -15.5967514
     ],
     [
      -56.2246397,
      -15.5962663
     ],
     [
      -56.2252218,
      -15.5959175
     ],
     [
      -56.2307739,
      -15.5924195
     ],
     [
      -56.2313062,
      -15.5920687
     ],
     [
      -56.2314874,
      -15.5919493
     ],
     [
      -56.2319718,
      -15.5915505
     ],
     [
      -56.2321338,
      -15.5914171
     ],
     [
      -56.2327621,
      -15.590704
     ],
     [
      -56.2327961,
      -15.5906541
     ],
     [
      -56.23304,
      -15.5902956
     ],
     [
      -56.2330592,
      -15.5902674
     ],
     [
      -56.2332409,
      -15.5899363
     ],
     [
      -56.2333554,
      -15.5897276
     ],
     [
      -56.2338201,
      -15.5888806
     ],
     [
      -56.2338534,
      -15.5888199
     ],
     [
      -56.2343761,
      -15.5878673
     ],
     [
      -56.2375948,
      -15.5819716
     ],
     [
      -56.2405161,
      -15.5765651
     ],
     [
      -56.2412686,
      -15.5756545
     ],
     [
      -56.2420211,
      -15.5750269
     ],
     [
      -56.2429388,
      -15.574523
     ],
     [
      -56.2511142,
      -15.5712979
     ],
     [
      -56.2520701,
      -15.5707482
     ],
     [
      -56.2568944,
      -15.5671485
     ],
     [
      -56.2616036,
      -15.5634563
     ]
    ]
   },
   "properties": {
    "ref": "BR-163;BR-364",
    "nome": "BR-163;BR-364",
    "highway": "trunk",
    "bridge": "sim",
    "jurisdicao": "federal",
    "km_aprox": 156.93,
    "latitude": "-15.592069",
    "longitude": "-56.231306",
    "osm_id": "28997331",
    "fonte": "OSM",
    "observacao": "Proxy DNIT/Sinfra — refs BR/MT no OSM; substituir por SNV oficial quando o portal responder"
   }
  },
  {
   "type": "Feature",
   "geometry": {
    "type": "LineString",
    "coordinates": [
     [
      -57.1544989,
      -15.1134235
     ],
     [
      -57.1542977,
      -15.113482
     ],
     [
      -57.1520698,
      -15.1140738
     ],
     [
      -57.1467698,
      -15.1155317
     ],
     [
      -57.1440996,
      -15.1162658
     ],
     [
      -57.1395479,
      -15.1175113
     ],
     [
      -57.1359692,
      -15.1184991
     ],
     [
      -57.1319251,
      -15.1196125
     ],
     [
      -57.127832,
      -15.1207402
     ],
     [
      -57.1260356,
      -15.1212212
     ],
     [
      -57.1217313,
      -15.1224064
     ],
     [
      -57.1178569,
      -15.1234707
     ],
     [
      -57.1129806,
      -15.1248132
     ],
     [
      -57.1090016,
      -15.1259124
     ],
     [
      -57.1076819,
      -15.1262632
     ]
    ]
   },
   "properties": {
    "ref": "MT-246",
    "nome": "MT-246",
    "highway": "primary",
    "bridge": "sim",
    "jurisdicao": "estadual",
    "km_aprox": 150.45,
    "latitude": "-15.119613",
    "longitude": "-57.131925",
    "osm_id": "31551758",
    "fonte": "OSM",
    "observacao": "Proxy DNIT/Sinfra — refs BR/MT no OSM; substituir por SNV oficial quando o portal responder"
   }
  },
  {
   "type": "Feature",
   "geometry": {
    "type": "LineString",
    "coordinates": [
     [
      -56.3045211,
      -14.7235172
     ],
     [
      -56.3060649,
      -14.7227948
     ],
     [
      -56.3077072,
      -14.7222681
     ],
     [
      -56.3093712,
      -14.7217398
     ],
     [
      -56.3102156,
      -14.7214727
     ],
     [
      -56.311089,
      -14.7212045
     ],
     [
      -56.3120657,
      -14.7208826
     ],
     [
      -56.3129252,
      -14.720694
     ],
     [
      -56.3136189,
      -14.7205639
     ],
     [
      -56.3145198,
      -14.7203759
     ],
     [
      -56.3152208,
      -14.720239
     ],
     [
      -56.3158071,
      -14.7201228
     ],
     [
      -56.3160549,
      -14.7200712
     ],
     [
      -56.3163986,
      -14.7200087
     ],
     [
      -56.3166371,
      -14.7199574
     ],
     [
      -56.3172357,
      -14.7198565
     ],
     [
      -56.3178426,
      -14.719742
     ],
     [
      -56.3179455,
      -14.7197245
     ],
     [
      -56.3194495,
      -14.7194692
     ]
    ]
   },
   "properties": {
    "ref": "MT-241",
    "nome": "Avenida Marzagão",
    "highway": "secondary",
    "bridge": "sim",
    "jurisdicao": "estadual",
    "km_aprox": 117.7,
    "latitude": "-14.720376",
    "longitude": "-56.314520",
    "osm_id": "31553451",
    "fonte": "OSM",
    "observacao": "Proxy DNIT/Sinfra — refs BR/MT no OSM; substituir por SNV oficial quando o portal responder"
   }
  },
  {
   "type": "Feature",
   "geometry": {
    "type": "LineString",
    "coordinates": [
     [
      -55.9602088,
      -15.666187
     ],
     [
      -55.9606379,
      -15.6660373
     ],
     [
      -55.9608215,
      -15.6659615
     ],
     [
      -55.9610885,
      -15.6658513
     ],
     [
      -55.9614466,
      -15.6657002
     ],
     [
      -55.9620985,
      -15.6654013
     ],
     [
      -55.9639179,
      -15.6646623
     ],
     [
      -55.9651781,
      -15.6641539
     ],
     [
      -55.9654746,
      -15.664029
     ],
     [
      -55.9656012,
      -15.6639764
     ],
     [
      -55.9657061,
      -15.6639329
     ],
     [
      -55.9658639,
      -15.6638673
     ],
     [
      -55.9670846,
      -15.6633708
     ],
     [
      -55.967546,
      -15.6631719
     ],
     [
      -55.9677526,
      -15.6630715
     ],
     [
      -55.9681132,
      -15.6629278
     ],
     [
      -55.9702301,
      -15.6620192
     ],
     [
      -55.9721611,
      -15.6612268
     ],
     [
      -55.9733058,
      -15.660757
     ]
    ]
   },
   "properties": {
    "ref": "BR-070;BR-163;BR-364",
    "nome": "Avenida Ayrton Senna da Silva",
    "highway": "motorway",
    "bridge": "sim",
    "jurisdicao": "federal",
    "km_aprox": 99.56,
    "latitude": "-15.663976",
    "longitude": "-55.965601",
    "osm_id": "28997066",
    "fonte": "OSM",
    "observacao": "Proxy DNIT/Sinfra — refs BR/MT no OSM; substituir por SNV oficial quando o portal responder"
   }
  },
  {
   "type": "Feature",
   "geometry": {
    "type": "LineString",
    "coordinates": [
     [
      -56.4247285,
      -14.8269801
     ],
     [
      -56.424807,
      -14.8268985
     ],
     [
      -56.4248941,
      -14.8268416
     ],
     [
      -56.4249954,
      -14.826739
     ],
     [
      -56.4254044,
      -14.8262632
     ],
     [
      -56.4257807,
      -14.8258448
     ],
     [
      -56.425851,
      -14.8257666
     ],
     [
      -56.426222,
      -14.8253499
     ],
     [
      -56.4263137,
      -14.8252468
     ],
     [
      -56.4267616,
      -14.8247269
     ],
     [
      -56.4272149,
      -14.8242174
     ],
     [
      -56.4275005,
      -14.8238879
     ],
     [
      -56.4276105,
      -14.823761
     ],
     [
      -56.4281843,
      -14.8231031
     ],
     [
      -56.4285815,
      -14.8226486
     ],
     [
      -56.4287641,
      -14.822457
     ],
     [
      -56.4288766,
      -14.8223388
     ],
     [
      -56.4299305,
      -14.8211109
     ],
     [
      -56.4299803,
      -14.8210529
     ],
     [
      -56.4301998,
      -14.8208392
     ]
    ]
   },
   "properties": {
    "ref": "MT-010",
    "nome": "Rodovia Deputado Ary Leite de Campos",
    "highway": "primary",
    "bridge": "sim",
    "jurisdicao": "estadual",
    "km_aprox": 88.46,
    "latitude": "-14.824217",
    "longitude": "-56.427215",
    "osm_id": "31553533",
    "fonte": "OSM",
    "observacao": "Proxy DNIT/Sinfra — refs BR/MT no OSM; substituir por SNV oficial quando o portal responder"
   }
  },
  {
   "type": "Feature",
   "geometry": {
    "type": "LineString",
    "coordinates": [
     [
      -56.3472309,
      -15.7684219
     ],
     [
      -56.3473424,
      -15.7685908
     ],
     [
      -56.3474118,
      -15.7686828
     ],
     [
      -56.3475171,
      -15.7688099
     ],
     [
      -56.3475657,
      -15.7688725
     ],
     [
      -56.3476095,
      -15.7689366
     ],
     [
      -56.3476525,
      -15.7690071
     ],
     [
      -56.3476934,
      -15.7690816
     ],
     [
      -56.3477805,
      -15.7692549
     ],
     [
      -56.3478013,
      -15.7692969
     ],
     [
      -56.3479993,
      -15.7696964
     ],
     [
      -56.3480022,
      -15.7697025
     ],
     [
      -56.3480924,
      -15.7698918
     ],
     [
      -56.3481796,
      -15.7700854
     ],
     [
      -56.3481987,
      -15.7701477
     ],
     [
      -56.3482121,
      -15.7702109
     ],
     [
      -56.3482285,
      -15.7703177
     ],
     [
      -56.3482587,
      -15.7704664
     ],
     [
      -56.3483003,
      -15.7705968
     ],
     [
      -56.3483582,
      -15.7707514
     ]
    ]
   },
   "properties": {
    "ref": "MT-060",
    "nome": "Rodovia Governador José Monteiro de Figueiredo",
    "highway": "primary",
    "bridge": "sim",
    "jurisdicao": "estadual",
    "km_aprox": 86.06,
    "latitude": "-15.769696",
    "longitude": "-56.347999",
    "osm_id": "31554718",
    "fonte": "OSM",
    "observacao": "Proxy DNIT/Sinfra — refs BR/MT no OSM; substituir por SNV oficial quando o portal responder"
   }
  },
  {
   "type": "Feature",
   "geometry": {
    "type": "LineString",
    "coordinates": [
     [
      -56.1389999,
      -15.6525686
     ],
     [
      -56.1388015,
      -15.6530676
     ],
     [
      -56.1385582,
      -15.6536795
     ],
     [
      -56.1385004,
      -15.6538088
     ],
     [
      -56.1384465,
      -15.65394
     ],
     [
      -56.1380632,
      -15.6548556
     ],
     [
      -56.1380111,
      -15.6549822
     ],
     [
      -56.1376547,
      -15.6558395
     ],
     [
      -56.1375833,
      -15.6560205
     ],
     [
      -56.1374647,
      -15.6562892
     ],
     [
      -56.1372256,
      -15.6568699
     ],
     [
      -56.1371091,
      -15.657154
     ],
     [
      -56.1370247,
      -15.657387
     ],
     [
      -56.1369781,
      -15.6575157
     ],
     [
      -56.1369023,
      -15.6577248
     ],
     [
      -56.1368322,
      -15.6579214
     ]
    ]
   },
   "properties": {
    "ref": "MT-351",
    "nome": "Avenida Alzira Santana",
    "highway": "secondary",
    "bridge": "sim",
    "jurisdicao": "estadual",
    "km_aprox": 85.66,
    "latitude": "-15.656021",
    "longitude": "-56.137583",
    "osm_id": "32957073",
    "fonte": "OSM",
    "observacao": "Proxy DNIT/Sinfra — refs BR/MT no OSM; substituir por SNV oficial quando o portal responder"
   }
  },
  {
   "type": "Feature",
   "geometry": {
    "type": "LineString",
    "coordinates": [
     [
      -56.3186207,
      -14.7282452
     ],
     [
      -56.3185546,
      -14.7275741
     ],
     [
      -56.3184807,
      -14.7266032
     ],
     [
      -56.3183995,
      -14.7251918
     ],
     [
      -56.3183802,
      -14.7243393
     ],
     [
      -56.3184246,
      -14.7238331
     ],
     [
      -56.3185125,
      -14.7234076
     ],
     [
      -56.3187477,
      -14.7227205
     ],
     [
      -56.3193351,
      -14.7212937
     ],
     [
      -56.3194375,
      -14.7210157
     ]
    ]
   },
   "properties": {
    "ref": "BR-163;BR-364;MT-010",
    "nome": "BR-163;BR-364;MT-010",
    "highway": "trunk",
    "bridge": "sim",
    "jurisdicao": "federal_estadual",
    "km_aprox": 77.36,
    "latitude": "-14.723833",
    "longitude": "-56.318425",
    "osm_id": "43999343",
    "fonte": "OSM",
    "observacao": "Proxy DNIT/Sinfra — refs BR/MT no OSM; substituir por SNV oficial quando o portal responder"
   }
  },
  {
   "type": "Feature",
   "geometry": {
    "type": "LineString",
    "coordinates": [
     [
      -55.596047,
      -15.8196032
     ],
     [
      -55.5956873,
      -15.8247709
     ],
     [
      -55.5957036,
      -15.8251845
     ],
     [
      -55.5957651,
      -15.8259961
     ],
     [
      -55.5957525,
      -15.8261105
     ],
     [
      -55.5955774,
      -15.8266661
     ],
     [
      -55.5934909,
      -15.8335142
     ],
     [
      -55.5934784,
      -15.8339988
     ],
     [
      -55.5943481,
      -15.8441032
     ],
     [
      -55.5943185,
      -15.8443072
     ],
     [
      -55.593747,
      -15.8454618
     ],
     [
      -55.5934909,
      -15.8463597
     ],
     [
      -55.5934689,
      -15.8467513
     ],
     [
      -55.5935219,
      -15.8471141
     ],
     [
      -55.5955237,
      -15.8579736
     ],
     [
      -55.5972084,
      -15.8645434
     ],
     [
      -55.5988258,
      -15.8710161
     ],
     [
      -55.6022931,
      -15.8849641
     ],
     [
      -55.6022924,
      -15.8851917
     ],
     [
      -55.6021954,
      -15.8854711
     ],
     [
      -55.6007951,
      -15.8877355
     ],
     [
      -55.6006992,
      -15.887948
     ],
     [
      -55.6007484,
      -15.8880777
     ],
     [
      -55.6010532,
      -15.8881765
     ],
     [
      -55.6013539,
      -15.8881952
     ],
     [
      -55.6042961,
      -15.8881775
     ],
     [
      -55.6046004,
      -15.8882498
     ],
     [
      -55.6047589,
      -15.8883381
     ],
     [
      -55.6050261,
      -15.8887541
     ],
     [
      -55.6051057,
      -15.8889658
     ],
     [
      -55.6056672,
      -15.8910646
     ],
     [
      -55.6056759,
      -15.8912825
     ],
     [
      -55.6051526,
      -15.8968663
     ],
     [
      -55.6051753,
      -15.8970928
     ],
     [
      -55.6052146,
      -15.8974155
     ],
     [
      -55.6059813,
      -15.9025103
     ],
     [
      -55.6062756,
      -15.9032952
     ],
     [
      -55.6069312,
      -15.9046848
     ],
     [
      -55.6073459,
      -15.9051351
     ],
     [
      -55.6081353,
      -15.9057141
     ],
     [
      -55.6086704,
      -15.9062674
     ],
     [
      -55.6153879,
      -15.9143076
     ],
     [
      -55.6156421,
      -15.9144877
     ],
     [
      -55.6160635,
      -15.9146679
     ],
     [
      -55.6169398,
      -15.9148994
     ],
     [
      -55.6246494,
      -15.9169937
     ],
     [
      -55.6249805,
      -15.9171711
     ],
     [
      -55.6253353,
      -15.9174713
     ],
     [
      -55.6256427,
      -15.9178216
     ],
     [
      -55.6261789,
      -15.9184598
     ],
     [
      -55.6308517,
      -15.924076
     ],
     [
      -55.6311956,
      -15.9244114
     ],
     [
      -55.6316556,
      -15.9246551
     ],
     [
      -55.632074,
      -15.9247454
     ],
     [
      -55.6325609,
      -15.9247828
     ],
     [
      -55.6338778,
      -15.9247435
     ],
     [
      -55.6341004,
      -15.9248073
     ],
     [
      -55.6342654,
      -15.9249163
     ],
     [
      -55.6345601,
      -15.925295
     ],
     [
      -55.6358024,
      -15.9269432
     ],
     [
      -55.6361116,
      -15.9271917
     ],
     [
      -55.6365988,
      -15.9275374
     ],
     [
      -55.6459229,
      -15.934105
     ],
     [
      -55.6466186,
      -15.9346646
     ],
     [
      -55.6504943,
      -15.938121
     ],
     [
      -55.652279,
      -15.9397125
     ],
     [
      -55.65258,
      -15.940047
     ],
     [
      -55.6528242,
      -15.9404715
     ],
     [
      -55.6640949,
      -15.9628786
     ],
     [
      -55.6644811,
      -15.9636465
     ],
     [
      -55.6646376,
      -15.9638408
     ],
     [
      -55.6648757,
      -15.9641366
     ],
     [
      -55.6651027,
      -15.9643185
     ],
     [
      -55.6653156,
      -15.9643867
     ],
     [
      -55.6654669,
      -15.9643912
     ],
     [
      -55.6657602,
      -15.9643139
     ],
     [
      -55.6664177,
      -15.9639319
     ],
     [
      -55.6666778,
      -15.9636454
     ],
     [
      -55.6668528,
      -15.9633544
     ],
     [
      -55.6673495,
      -15.962363
     ],
     [
      -55.6675009,
      -15.9621902
     ],
     [
      -55.6678131,
      -15.9620037
     ],
     [
      -55.6683523,
      -15.9617354
     ],
     [
      -55.6728503,
      -15.9595921
     ],
     [
      -55.6732476,
      -15.9594829
     ],
     [
      -55.673678,
      -15.9595284
     ],
     [
      -55.6744538,
      -15.9598877
     ],
     [
      -55.6747991,
      -15.9601878
     ],
     [
      -55.6749646,
      -15.9604653
     ],
     [
      -55.6757829,
      -15.962539
     ],
     [
      -55.6759958,
      -15.9628437
     ],
     [
      -55.6763032,
      -15.9632075
     ],
     [
      -55.6921132,
      -15.9785875
     ],
     [
      -55.6922365,
      -15.9786834
     ],
     [
      -55.6923867,
      -15.978783
     ],
     [
      -55.6925567,
      -15.9788636
     ],
     [
      -55.6926483,
      -15.9788897
     ],
     [
      -55.6929828,
      -15.9789283
     ],
     [
      -55.7044549,
      -15.9796995
     ],
     [
      -55.7107253,
      -15.9802014
     ],
     [
      -55.711227,
      -15.980285
     ],
     [
      -55.7116083,
      -15.9804844
     ],
     [
      -55.7119829,
      -15.9808381
     ],
     [
      -55.7239841,
      -15.9950048
     ],
     [
      -55.7248002,
      -15.9957893
     ],
     [
      -55.7365009,
      -16.0063179
     ],
     [
      -55.7371114,
      -16.0069428
     ],
     [
      -55.7374626,
      -16.0074636
     ],
     [
      -55.7396618,
      -16.010467
     ],
     [
      -55.739916,
      -16.0107177
     ],
     [
      -55.7407589,
      -16.0114797
     ],
     [
      -55.7416151,
      -16.0123541
     ],
     [
      -55.7419061,
      -16.0125824
     ],
     [
      -55.7424413,
      -16.0128653
     ],
     [
      -55.7431871,
      -16.0131739
     ],
     [
      -55.7434915,
      -16.0134343
     ],
     [
      -55.7445283,
      -16.0145371
     ],
     [
      -55.74502,
      -16.0150096
     ],
     [
      -55.745398,
      -16.0153922
     ],
     [
      -55.7455953,
      -16.015778
     ],
     [
      -55.7455886,
      -16.0163181
     ],
     [
      -55.7456086,
      -16.0171448
     ],
     [
      -55.745741,
      -16.0178563
     ],
     [
      -55.7476091,
      -16.0243121
     ],
     [
      -55.7478834,
      -16.0251447
     ],
     [
      -55.7482948,
      -16.0261187
     ],
     [
      -55.7487797,
      -16.0271088
     ],
     [
      -55.7490139,
      -16.0274207
     ],
     [
      -55.7493216,
      -16.0277839
     ],
     [
      -55.7519495,
      -16.0305445
     ],
     [
      -55.7525218,
      -16.0310514
     ],
     [
      -55.762786,
      -16.0398849
     ],
     [
      -55.7631123,
      -16.0402759
     ],
     [
      -55.7636114,
      -16.0409873
     ],
     [
      -55.7640205,
      -16.0416897
     ],
     [
      -55.768427,
      -16.0491888
     ],
     [
      -55.7688645,
      -16.0497502
     ],
     [
      -55.769399,
      -16.0503821
     ],
     [
      -55.779689,
      -16.0603339
     ],
     [
      -55.7801573,
      -16.0609612
     ],
     [
      -55.790356,
      -16.0776293
     ],
     [
      -55.7911186,
      -16.0790241
     ],
     [
      -55.791647,
      -16.0803418
     ],
     [
      -55.7918076,
      -16.0809781
     ],
     [
      -55.7919079,
      -16.0817302
     ],
     [
      -55.7920618,
      -16.0822187
     ],
     [
      -55.7933977,
      -16.0853706
     ],
     [
      -55.7937402,
      -16.0861699
     ],
     [
      -55.793995,
      -16.0867974
     ],
     [
      -55.7941613,
      -16.0872549
     ],
     [
      -55.7942913,
      -16.0876917
     ],
     [
      -55.794404,
      -16.0881389
     ],
     [
      -55.794455,
      -16.0882974
     ],
     [
      -55.7945368,
      -16.0884829
     ],
     [
      -55.7948653,
      -16.0890989
     ],
     [
      -55.7951899,
      -16.0896748
     ],
     [
      -55.7952985,
      -16.0898462
     ],
     [
      -55.7954179,
      -16.0899918
     ],
     [
      -55.7956848,
      -16.0902766
     ],
     [
      -55.7966705,
      -16.0912727
     ],
     [
      -55.7975087,
      -16.092203
     ],
     [
      -55.7979901,
      -16.0926695
     ],
     [
      -55.79832,
      -16.0929555
     ],
     [
      -55.7986178,
      -16.093154
     ],
     [
      -55.798941,
      -16.0933434
     ],
     [
      -55.7992615,
      -16.0934465
     ],
     [
      -55.799704,
      -16.0935495
     ],
     [
      -55.800148,
      -16.0936604
     ],
     [
      -55.800388,
      -16.0937377
     ],
     [
      -55.800667,
      -16.0938678
     ],
     [
      -55.801084,
      -16.0940637
     ],
     [
      -55.801253,
      -16.0941242
     ],
     [
      -55.8014287,
      -16.0941642
     ],
     [
      -55.8016312,
      -16.0941796
     ],
     [
      -55.8021824,
      -16.0941719
     ],
     [
      -55.8027926,
      -16.0941616
     ],
     [
      -55.8031024,
      -16.0941603
     ],
     [
      -55.8033559,
      -16.0941397
     ],
     [
      -55.8034337,
      -16.0941229
     ],
     [
      -55.8034953,
      -16.094101
     ],
     [
      -55.8035812,
      -16.0940791
     ],
     [
      -55.8036456,
      -16.094074
     ],
     [
      -55.8039132,
      -16.094058
     ]
    ]
   },
   "properties": {
    "ref": "MT-361",
    "nome": "Rodovia Ugo Padilha",
    "highway": "secondary",
    "bridge": "nao",
    "jurisdicao": "estadual",
    "km_aprox": 65.51,
    "latitude": "-15.963207",
    "longitude": "-55.676303",
    "osm_id": "31553038",
    "fonte": "OSM",
    "observacao": "Proxy DNIT/Sinfra — refs BR/MT no OSM; substituir por SNV oficial quando o portal responder"
   }
  },
  {
   "type": "Feature",
   "geometry": {
    "type": "LineString",
    "coordinates": [
     [
      -57.1857894,
      -15.0735607
     ],
     [
      -57.1858507,
      -15.0734368
     ],
     [
      -57.1858579,
      -15.0734273
     ],
     [
      -57.1860559,
      -15.0730296
     ],
     [
      -57.1863578,
      -15.07249
     ],
     [
      -57.1865673,
      -15.0721405
     ],
     [
      -57.1866927,
      -15.0719135
     ],
     [
      -57.1871677,
      -15.0712022
     ],
     [
      -57.1872663,
      -15.0710985
     ],
     [
      -57.1873668,
      -15.0710763
     ],
     [
      -57.188471,
      -15.070945
     ],
     [
      -57.1886397,
      -15.070861
     ],
     [
      -57.1888943,
      -15.0707084
     ],
     [
      -57.1890793,
      -15.0705649
     ]
    ]
   },
   "properties": {
    "ref": "MT-247",
    "nome": "Avenida Pedro de Campos Borges",
    "highway": "secondary",
    "bridge": "sim",
    "jurisdicao": "estadual",
    "km_aprox": 63.4,
    "latitude": "-15.071202",
    "longitude": "-57.187168",
    "osm_id": "31553650",
    "fonte": "OSM",
    "observacao": "Proxy DNIT/Sinfra — refs BR/MT no OSM; substituir por SNV oficial quando o portal responder"
   }
  },
  {
   "type": "Feature",
   "geometry": {
    "type": "LineString",
    "coordinates": [
     [
      -56.0569484,
      -15.4703743
     ],
     [
      -56.0571663,
      -15.4707458
     ],
     [
      -56.0573588,
      -15.4711692
     ],
     [
      -56.0575175,
      -15.4715797
     ],
     [
      -56.057596,
      -15.471829
     ],
     [
      -56.057683,
      -15.4721927
     ],
     [
      -56.0577578,
      -15.4725517
     ],
     [
      -56.0578575,
      -15.4730303
     ],
     [
      -56.0581714,
      -15.4745371
     ],
     [
      -56.0582654,
      -15.4749977
     ],
     [
      -56.0586221,
      -15.4767233
     ],
     [
      -56.0590035,
      -15.4785007
     ],
     [
      -56.060094,
      -15.4837634
     ],
     [
      -56.0611825,
      -15.4889687
     ],
     [
      -56.0613233,
      -15.4895608
     ],
     [
      -56.061505,
      -15.4901337
     ],
     [
      -56.0615573,
      -15.4902849
     ],
     [
      -56.0615692,
      -15.4903424
     ],
     [
      -56.0616207,
      -15.4905923
     ],
     [
      -56.0616552,
      -15.4907595
     ],
     [
      -56.0616672,
      -15.4908178
     ],
     [
      -56.0617146,
      -15.4914043
     ],
     [
      -56.0617897,
      -15.49185
     ],
     [
      -56.0618925,
      -15.492448
     ],
     [
      -56.0624735,
      -15.4951734
     ],
     [
      -56.0637948,
      -15.5013564
     ],
     [
      -56.0639413,
      -15.5020633
     ],
     [
      -56.0647589,
      -15.5058713
     ],
     [
      -56.064977,
      -15.5068927
     ],
     [
      -56.066013,
      -15.511869
     ],
     [
      -56.0661708,
      -15.5126411
     ],
     [
      -56.0663614,
      -15.5135088
     ],
     [
      -56.0664711,
      -15.5139908
     ],
     [
      -56.0665565,
      -15.5143027
     ],
     [
      -56.066677,
      -15.5146559
     ],
     [
      -56.0668712,
      -15.5151357
     ],
     [
      -56.067141,
      -15.5156685
     ],
     [
      -56.0677712,
      -15.5167757
     ],
     [
      -56.067886,
      -15.5169851
     ],
     [
      -56.068142,
      -15.5174717
     ],
     [
      -56.0681835,
      -15.5175507
     ]
    ]
   },
   "properties": {
    "ref": "MT-020",
    "nome": "Rodovia Emanuel Pinheiro",
    "highway": "primary",
    "bridge": "sim",
    "jurisdicao": "estadual",
    "km_aprox": 55.69,
    "latitude": "-15.490818",
    "longitude": "-56.061667",
    "osm_id": "33853304",
    "fonte": "OSM",
    "observacao": "Proxy DNIT/Sinfra — refs BR/MT no OSM; substituir por SNV oficial quando o portal responder"
   }
  },
  {
   "type": "Feature",
   "geometry": {
    "type": "LineString",
    "coordinates": [
     [
      -57.2671819,
      -14.8085934
     ],
     [
      -57.2666973,
      -14.8080704
     ],
     [
      -57.2660298,
      -14.8073865
     ],
     [
      -57.2657964,
      -14.807232
     ],
     [
      -57.2653025,
      -14.8069049
     ],
     [
      -57.2645197,
      -14.8066719
     ],
     [
      -57.2640885,
      -14.8065435
     ],
     [
      -57.2627719,
      -14.8061515
     ],
     [
      -57.259818,
      -14.8052721
     ],
     [
      -57.2594379,
      -14.8051589
     ],
     [
      -57.2592402,
      -14.8051001
     ],
     [
      -57.2587869,
      -14.8048538
     ],
     [
      -57.2584462,
      -14.8045296
     ],
     [
      -57.2582452,
      -14.8042101
     ],
     [
      -57.2578976,
      -14.8033587
     ],
     [
      -57.2568087,
      -14.8006911
     ],
     [
      -57.2564065,
      -14.7997057
     ],
     [
      -57.2561986,
      -14.7991964
     ],
     [
      -57.256007,
      -14.7987271
     ],
     [
      -57.2554291,
      -14.7977831
     ],
     [
      -57.2546751,
      -14.7970286
     ]
    ]
   },
   "properties": {
    "ref": "MT-408",
    "nome": "Caminhões Carregados UISA",
    "highway": "secondary",
    "bridge": "sim",
    "jurisdicao": "estadual",
    "km_aprox": 53.9,
    "latitude": "-14.805100",
    "longitude": "-57.259240",
    "osm_id": "97843244",
    "fonte": "OSM",
    "observacao": "Proxy DNIT/Sinfra — refs BR/MT no OSM; substituir por SNV oficial quando o portal responder"
   }
  },
  {
   "type": "Feature",
   "geometry": {
    "type": "LineString",
    "coordinates": [
     [
      -56.5871972,
      -16.1009316
     ],
     [
      -56.587317,
      -16.100886
     ],
     [
      -56.5879647,
      -16.1006571
     ],
     [
      -56.5906553,
      -16.0996391
     ],
     [
      -56.5933348,
      -16.0986405
     ],
     [
      -56.5986121,
      -16.0966588
     ],
     [
      -56.5995036,
      -16.0963248
     ],
     [
      -56.6054249,
      -16.0941062
     ],
     [
      -56.6349831,
      -16.0829935
     ],
     [
      -56.6353169,
      -16.082868
     ],
     [
      -56.6516754,
      -16.0766674
     ],
     [
      -56.6519062,
      -16.0765799
     ],
     [
      -56.670724,
      -16.0694069
     ],
     [
      -56.6802484,
      -16.0657763
     ],
     [
      -56.697918,
      -16.0590786
     ],
     [
      -56.7051103,
      -16.0563208
     ],
     [
      -56.7160736,
      -16.0521198
     ],
     [
      -56.716233,
      -16.0520588
     ],
     [
      -56.7163594,
      -16.0520161
     ],
     [
      -56.7169226,
      -16.0518263
     ],
     [
      -56.7174277,
      -16.0516456
     ],
     [
      -56.721683,
      -16.050007
     ],
     [
      -56.7247635,
      -16.0491195
     ],
     [
      -56.7250896,
      -16.0490256
     ],
     [
      -56.7293617,
      -16.0478163
     ],
     [
      -56.7362248,
      -16.0458425
     ],
     [
      -56.7380802,
      -16.0451626
     ],
     [
      -56.7439643,
      -16.0424179
     ],
     [
      -56.768147,
      -16.0311029
     ],
     [
      -56.769145,
      -16.030693
     ],
     [
      -56.770655,
      -16.0303219
     ],
     [
      -56.780945,
      -16.029127
     ],
     [
      -56.7818499,
      -16.0289957
     ],
     [
      -56.7827189,
      -16.0287637
     ],
     [
      -56.7831695,
      -16.0286219
     ],
     [
      -56.78975,
      -16.025557
     ],
     [
      -56.790508,
      -16.0251933
     ],
     [
      -56.7918277,
      -16.0243116
     ],
     [
      -56.812317,
      -16.0090569
     ],
     [
      -56.8133599,
      -16.00833
     ],
     [
      -56.814238,
      -16.007893
     ],
     [
      -56.8154019,
      -16.007555
     ],
     [
      -56.8164079,
      -16.0074569
     ],
     [
      -56.8210636,
      -16.0077421
     ],
     [
      -56.8270218,
      -16.0081071
     ],
     [
      -56.8337919,
      -16.0085219
     ],
     [
      -56.8349119,
      -16.008687
     ],
     [
      -56.8359079,
      -16.0090249
     ],
     [
      -56.8400591,
      -16.0109314
     ],
     [
      -56.845493,
      -16.0134269
     ],
     [
      -56.8467499,
      -16.014092
     ],
     [
      -56.8476849,
      -16.0148669
     ],
     [
      -56.8690819,
      -16.041748
     ],
     [
      -56.8712399,
      -16.0443899
     ],
     [
      -56.8718599,
      -16.044985
     ],
     [
      -56.8726649,
      -16.045457
     ],
     [
      -56.8736569,
      -16.0457269
     ],
     [
      -56.880537,
      -16.04546
     ],
     [
      -56.882483,
      -16.045315
     ],
     [
      -56.8841699,
      -16.0449379
     ],
     [
      -56.8848494,
      -16.0447218
     ],
     [
      -56.8850525,
      -16.0446425
     ],
     [
      -56.885253,
      -16.0445529
     ],
     [
      -56.8869797,
      -16.0437242
     ],
     [
      -56.8872198,
      -16.0436056
     ],
     [
      -56.888921,
      -16.0427795
     ],
     [
      -56.8894024,
      -16.0425127
     ],
     [
      -56.8899456,
      -16.042126
     ],
     [
      -56.8903989,
      -16.0417496
     ],
     [
      -56.8908656,
      -16.0412676
     ],
     [
      -56.8911324,
      -16.0409157
     ],
     [
      -56.8914999,
      -16.0402842
     ],
     [
      -56.8917681,
      -16.0397828
     ],
     [
      -56.8919304,
      -16.0394052
     ],
     [
      -56.8920229,
      -16.039119
     ],
     [
      -56.8921128,
      -16.0388084
     ],
     [
      -56.8922496,
      -16.0382026
     ],
     [
      -56.892314,
      -16.0376883
     ],
     [
      -56.8923247,
      -16.0373726
     ],
     [
      -56.892326,
      -16.0369678
     ],
     [
      -56.8923301,
      -16.035889
     ],
     [
      -56.8923502,
      -16.0354443
     ],
     [
      -56.892385,
      -16.0349571
     ],
     [
      -56.8924803,
      -16.034234
     ],
     [
      -56.8928712,
      -16.0320409
     ],
     [
      -56.8930516,
      -16.0309988
     ],
     [
      -56.8931092,
      -16.0307474
     ],
     [
      -56.8931991,
      -16.0303582
     ],
     [
      -56.8933345,
      -16.0299638
     ],
     [
      -56.8936145,
      -16.0292712
     ],
     [
      -56.8936443,
      -16.0292
     ],
     [
      -56.8938643,
      -16.0287573
     ],
     [
      -56.8946394,
      -16.0273446
     ],
     [
      -56.898825,
      -16.0195899
     ],
     [
      -56.901876,
      -16.0139878
     ],
     [
      -56.9026686,
      -16.0125292
     ],
     [
      -56.9036403,
      -16.0107432
     ],
     [
      -56.9044322,
      -16.0092607
     ],
     [
      -56.9057089,
      -16.0069229
     ],
     [
      -56.912407,
      -15.9945612
     ],
     [
      -56.9185679,
      -15.983207
     ],
     [
      -56.91925,
      -15.9819378
     ],
     [
      -56.9211849,
      -15.978328
     ],
     [
      -56.9215903,
      -15.9775053
     ],
     [
      -56.9221026,
      -15.9759529
     ],
     [
      -56.9225974,
      -15.9738372
     ]
    ]
   },
   "properties": {
    "ref": "MT-451",
    "nome": "MT-451",
    "highway": "primary",
    "bridge": "sim",
    "jurisdicao": "estadual",
    "km_aprox": 50.04,
    "latitude": "-16.044390",
    "longitude": "-56.871240",
    "osm_id": "28996480",
    "fonte": "OSM",
    "observacao": "Proxy DNIT/Sinfra — refs BR/MT no OSM; substituir por SNV oficial quando o portal responder"
   }
  },
  {
   "type": "Feature",
   "geometry": {
    "type": "LineString",
    "coordinates": [
     [
      -56.0005474,
      -15.6492798
     ],
     [
      -56.000596,
      -15.649294
     ],
     [
      -56.0006402,
      -15.6493181
     ],
     [
      -56.0006779,
      -15.649351
     ],
     [
      -56.0007072,
      -15.6493909
     ]
    ]
   },
   "properties": {
    "ref": "BR-070;MT-407",
    "nome": "Rodovia dos Imigrantes",
    "highway": "trunk",
    "bridge": "sim",
    "jurisdicao": "federal_estadual",
    "km_aprox": 44.8,
    "latitude": "-15.649318",
    "longitude": "-56.000640",
    "osm_id": "28997067",
    "fonte": "OSM",
    "observacao": "Proxy DNIT/Sinfra — refs BR/MT no OSM; substituir por SNV oficial quando o portal responder"
   }
  },
  {
   "type": "Feature",
   "geometry": {
    "type": "LineString",
    "coordinates": [
     [
      -57.2575251,
      -14.8029411
     ],
     [
      -57.2574587,
      -14.8029658
     ],
     [
      -57.2547041,
      -14.8039887
     ],
     [
      -57.2518059,
      -14.805065
     ],
     [
      -57.2508314,
      -14.8054269
     ],
     [
      -57.2500033,
      -14.8059572
     ],
     [
      -57.2494756,
      -14.8064874
     ],
     [
      -57.2494056,
      -14.8065884
     ],
     [
      -57.2489657,
      -14.8072228
     ],
     [
      -57.2471781,
      -14.8098012
     ],
     [
      -57.2462502,
      -14.8111396
     ],
     [
      -57.2442073,
      -14.8140863
     ],
     [
      -57.2441666,
      -14.8141449
     ],
     [
      -57.2441563,
      -14.8141598
     ],
     [
      -57.2439635,
      -14.814441
     ],
     [
      -57.2438679,
      -14.814571
     ],
     [
      -57.242624,
      -14.8163405
     ],
     [
      -57.2417901,
      -14.8175267
     ],
     [
      -57.241758,
      -14.8175726
     ],
     [
      -57.2414259,
      -14.8180481
     ],
     [
      -57.2397789,
      -14.8204059
     ],
     [
      -57.2390064,
      -14.8215118
     ],
     [
      -57.2371452,
      -14.8241763
     ],
     [
      -57.237126,
      -14.8242038
     ],
     [
      -57.2365977,
      -14.8249459
     ],
     [
      -57.2352192,
      -14.8268825
     ],
     [
      -57.2345963,
      -14.8277791
     ],
     [
      -57.234529,
      -14.827876
     ],
     [
      -57.2323706,
      -14.8309557
     ],
     [
      -57.2318868,
      -14.831646
     ],
     [
      -57.2293204,
      -14.8353079
     ],
     [
      -57.2278092,
      -14.837464
     ],
     [
      -57.2274478,
      -14.8379796
     ],
     [
      -57.2256481,
      -14.8405474
     ],
     [
      -57.2255784,
      -14.8406469
     ],
     [
      -57.2250742,
      -14.8413605
     ],
     [
      -57.2198895,
      -14.8486737
     ],
     [
      -57.219353,
      -14.8491509
     ],
     [
      -57.2187124,
      -14.8494647
     ],
     [
      -57.2178766,
      -14.8497283
     ],
     [
      -57.2122516,
      -14.8506143
     ],
     [
      -57.2105444,
      -14.8508974
     ],
     [
      -57.2077127,
      -14.8513894
     ],
     [
      -57.2041969,
      -14.852075
     ],
     [
      -57.1920749,
      -14.8544186
     ],
     [
      -57.191306,
      -14.8545672
     ],
     [
      -57.1912137,
      -14.8545875
     ],
     [
      -57.1910961,
      -14.8546129
     ],
     [
      -57.1909847,
      -14.8546445
     ],
     [
      -57.1908296,
      -14.8546912
     ],
     [
      -57.190721,
      -14.8547322
     ],
     [
      -57.1905908,
      -14.8547872
     ],
     [
      -57.1904612,
      -14.8548427
     ],
     [
      -57.1903279,
      -14.8549069
     ],
     [
      -57.1902237,
      -14.854963
     ],
     [
      -57.1901242,
      -14.855022
     ],
     [
      -57.1900141,
      -14.8551054
     ],
     [
      -57.1898896,
      -14.8551959
     ],
     [
      -57.1898035,
      -14.855261
     ],
     [
      -57.1897173,
      -14.8553314
     ],
     [
      -57.1895762,
      -14.8554558
     ],
     [
      -57.1895149,
      -14.8555168
     ],
     [
      -57.1894465,
      -14.8555919
     ],
     [
      -57.189374,
      -14.8556763
     ],
     [
      -57.1893055,
      -14.8557636
     ],
     [
      -57.1892111,
      -14.855884
     ],
     [
      -57.1891359,
      -14.8559867
     ],
     [
      -57.1842563,
      -14.8628463
     ],
     [
      -57.1821476,
      -14.8658386
     ],
     [
      -57.1820316,
      -14.8660033
     ],
     [
      -57.1805928,
      -14.8680198
     ],
     [
      -57.1788352,
      -14.8705114
     ]
    ]
   },
   "properties": {
    "ref": "MT-358",
    "nome": "MT-358",
    "highway": "primary",
    "bridge": "sim",
    "jurisdicao": "estadual",
    "km_aprox": 43.78,
    "latitude": "-14.848674",
    "longitude": "-57.219890",
    "osm_id": "31551770",
    "fonte": "OSM",
    "observacao": "Proxy DNIT/Sinfra — refs BR/MT no OSM; substituir por SNV oficial quando o portal responder"
   }
  },
  {
   "type": "Feature",
   "geometry": {
    "type": "LineString",
    "coordinates": [
     [
      -57.2856554,
      -14.6725489
     ],
     [
      -57.2847949,
      -14.6719234
     ],
     [
      -57.2847081,
      -14.6718457
     ],
     [
      -57.2846397,
      -14.6717805
     ],
     [
      -57.2845524,
      -14.6716712
     ],
     [
      -57.2844977,
      -14.6715841
     ],
     [
      -57.2844509,
      -14.6715021
     ],
     [
      -57.284405,
      -14.6713653
     ],
     [
      -57.2843645,
      -14.6712
     ],
     [
      -57.284349,
      -14.6710532
     ],
     [
      -57.2842462,
      -14.6629441
     ],
     [
      -57.2841122,
      -14.6582024
     ],
     [
      -57.2840506,
      -14.6578028
     ],
     [
      -57.2839835,
      -14.6575485
     ],
     [
      -57.2837931,
      -14.6571099
     ],
     [
      -57.2796413,
      -14.6514247
     ],
     [
      -57.2783157,
      -14.6496367
     ],
     [
      -57.2781472,
      -14.6494415
     ],
     [
      -57.2766611,
      -14.6487463
     ],
     [
      -57.2730727,
      -14.6469154
     ],
     [
      -57.2706286,
      -14.6456489
     ],
     [
      -57.2700285,
      -14.6452499
     ],
     [
      -57.2682106,
      -14.6435597
     ],
     [
      -57.2662286,
      -14.6417889
     ],
     [
      -57.265546,
      -14.6412336
     ],
     [
      -57.2651307,
      -14.6409901
     ],
     [
      -57.2646934,
      -14.6408671
     ],
     [
      -57.2640783,
      -14.6407805
     ],
     [
      -57.2584371,
      -14.6400062
     ],
     [
      -57.2533793,
      -14.6386779
     ],
     [
      -57.2497542,
      -14.6374501
     ],
     [
      -57.2484781,
      -14.6369535
     ],
     [
      -57.2428188,
      -14.6338752
     ],
     [
      -57.2420499,
      -14.6334507
     ],
     [
      -57.2413378,
      -14.6331147
     ],
     [
      -57.2401911,
      -14.6326047
     ],
     [
      -57.2389995,
      -14.632024
     ],
     [
      -57.2343748,
      -14.6297427
     ],
     [
      -57.2305461,
      -14.6277549
     ],
     [
      -57.229316,
      -14.6271353
     ],
     [
      -57.2252022,
      -14.6250811
     ],
     [
      -57.2236392,
      -14.6244167
     ],
     [
      -57.2223818,
      -14.6237274
     ],
     [
      -57.2134885,
      -14.6189618
     ],
     [
      -57.2084297,
      -14.6162668
     ],
     [
      -57.2082929,
      -14.6161933
     ],
     [
      -57.1983262,
      -14.6108712
     ],
     [
      -57.1962965,
      -14.6098419
     ],
     [
      -57.1953055,
      -14.6092803
     ],
     [
      -57.1943715,
      -14.6086516
     ],
     [
      -57.1900029,
      -14.6047419
     ],
     [
      -57.1820892,
      -14.5977074
     ],
     [
      -57.1816984,
      -14.5974634
     ],
     [
      -57.1806442,
      -14.5971021
     ],
     [
      -57.1804029,
      -14.596953
     ],
     [
      -57.1803138,
      -14.5967699
     ],
     [
      -57.1801036,
      -14.5962861
     ],
     [
      -57.1798925,
      -14.5957763
     ],
     [
      -57.1795736,
      -14.5953617
     ],
     [
      -57.1682852,
      -14.5854364
     ],
     [
      -57.1674872,
      -14.5849677
     ],
     [
      -57.1666308,
      -14.5846359
     ],
     [
      -57.1652609,
      -14.5843246
     ],
     [
      -57.1531489,
      -14.5824033
     ],
     [
      -57.152776,
      -14.5823561
     ],
     [
      -57.146185,
      -14.5813479
     ],
     [
      -57.1415368,
      -14.5806268
     ],
     [
      -57.1382108,
      -14.5801064
     ],
     [
      -57.1354374,
      -14.5796755
     ],
     [
      -57.1329872,
      -14.5794009
     ],
     [
      -57.1212029,
      -14.5783503
     ],
     [
      -57.1157178,
      -14.5779972
     ],
     [
      -57.1105707,
      -14.5779869
     ],
     [
      -57.1102273,
      -14.5780414
     ],
     [
      -57.1099028,
      -14.5780076
     ],
     [
      -57.1096292,
      -14.57787
     ],
     [
      -57.1075569,
      -14.5766047
     ],
     [
      -57.1073391,
      -14.5764385
     ],
     [
      -57.1070665,
      -14.5760942
     ],
     [
      -57.1060033,
      -14.5733608
     ],
     [
      -57.1058301,
      -14.5729097
     ],
     [
      -57.1055442,
      -14.5725121
     ],
     [
      -57.1052287,
      -14.5722765
     ],
     [
      -57.1044952,
      -14.5718026
     ],
     [
      -57.1038301,
      -14.5714609
     ],
     [
      -57.1021727,
      -14.5708897
     ],
     [
      -57.1000645,
      -14.5704665
     ],
     [
      -57.0989621,
      -14.5703912
     ],
     [
      -57.0981655,
      -14.5701991
     ],
     [
      -57.0959254,
      -14.569192
     ],
     [
      -57.0953763,
      -14.5688825
     ],
     [
      -57.0949039,
      -14.5685299
     ],
     [
      -57.0937021,
      -14.5673742
     ],
     [
      -57.0932601,
      -14.5670689
     ],
     [
      -57.090953,
      -14.5658223
     ],
     [
      -57.0881581,
      -14.5640778
     ],
     [
      -57.0874009,
      -14.5634379
     ],
     [
      -57.0862806,
      -14.5619958
     ],
     [
      -57.0853782,
      -14.5610095
     ],
     [
      -57.0845582,
      -14.5602304
     ],
     [
      -57.0838934,
      -14.5597372
     ],
     [
      -57.0825148,
      -14.5588857
     ],
     [
      -57.08105,
      -14.5581027
     ],
     [
      -57.080605,
      -14.5578628
     ],
     [
      -57.0802067,
      -14.557528
     ],
     [
      -57.0800341,
      -14.5573419
     ],
     [
      -57.0789269,
      -14.5555058
     ],
     [
      -57.0784577,
      -14.5545536
     ],
     [
      -57.077888,
      -14.5532392
     ],
     [
      -57.0776467,
      -14.5527722
     ],
     [
      -57.0772549,
      -14.551451
     ],
     [
      -57.0770136,
      -14.5506222
     ],
     [
      -57.0768392,
      -14.5502665
     ],
     [
      -57.076571,
      -14.5500199
     ],
     [
      -57.0760202,
      -14.5495921
     ],
     [
      -57.0753323,
      -14.5490226
     ],
     [
      -57.0743313,
      -14.548039
     ],
     [
      -57.072207,
      -14.5459179
     ],
     [
      -57.0720139,
      -14.5457517
     ],
     [
      -57.0713184,
      -14.5455191
     ],
     [
      -57.0697877,
      -14.5449781
     ],
     [
      -57.0694915,
      -14.5448539
     ],
     [
      -57.0691908,
      -14.5446489
     ],
     [
      -57.0677921,
      -14.5435782
     ],
     [
      -57.065186,
      -14.5418014
     ],
     [
      -57.0645755,
      -14.5414414
     ],
     [
      -57.0642111,
      -14.5411271
     ],
     [
      -57.0623831,
      -14.5391166
     ],
     [
      -57.0612542,
      -14.5381884
     ],
     [
      -57.060425,
      -14.5376645
     ],
     [
      -57.0594956,
      -14.5370267
     ],
     [
      -57.0580289,
      -14.5358907
     ],
     [
      -57.0574454,
      -14.5353546
     ],
     [
      -57.0567263,
      -14.5345857
     ],
     [
      -57.0558462,
      -14.5336962
     ],
     [
      -57.0554939,
      -14.5332292
     ],
     [
      -57.05444,
      -14.5315215
     ],
     [
      -57.0542699,
      -14.531031
     ],
     [
      -57.0530716,
      -14.5261014
     ],
     [
      -57.052894,
      -14.5255865
     ],
     [
      -57.0526206,
      -14.5253086
     ],
     [
      -57.052206,
      -14.5250307
     ],
     [
      -57.048625,
      -14.5231901
     ],
     [
      -57.0463812,
      -14.5220108
     ],
     [
      -57.0324694,
      -14.5146567
     ],
     [
      -57.0155674,
      -14.5056803
     ],
     [
      -57.008725,
      -14.5020463
     ],
     [
      -57.0070676,
      -14.5009392
     ]
    ]
   },
   "properties": {
    "ref": "MT-240",
    "nome": "MT-240",
    "highway": "secondary",
    "bridge": "nao",
    "jurisdicao": "estadual",
    "km_aprox": 37.72,
    "latitude": "-14.578008",
    "longitude": "-57.109903",
    "osm_id": "31553115",
    "fonte": "OSM",
    "observacao": "Proxy DNIT/Sinfra — refs BR/MT no OSM; substituir por SNV oficial quando o portal responder"
   }
  },
  {
   "type": "Feature",
   "geometry": {
    "type": "LineString",
    "coordinates": [
     [
      -55.8706991,
      -14.6853705
     ],
     [
      -55.87061,
      -14.686461
     ],
     [
      -55.8706163,
      -14.6872427
     ],
     [
      -55.8706862,
      -14.68799
     ],
     [
      -55.8709151,
      -14.6928466
     ],
     [
      -55.8708673,
      -14.6935624
     ],
     [
      -55.8708287,
      -14.6941764
     ],
     [
      -55.8706915,
      -14.6948497
     ],
     [
      -55.8704285,
      -14.6955646
     ],
     [
      -55.8701335,
      -14.6962522
     ],
     [
      -55.8694822,
      -14.6974823
     ],
     [
      -55.8683002,
      -14.699455
     ],
     [
      -55.8659466,
      -14.7035243
     ],
     [
      -55.8644928,
      -14.7060979
     ],
     [
      -55.8595528,
      -14.7147767
     ],
     [
      -55.8579335,
      -14.7175166
     ],
     [
      -55.857161,
      -14.718876
     ],
     [
      -55.8539853,
      -14.7244067
     ],
     [
      -55.8535132,
      -14.7251175
     ],
     [
      -55.8529419,
      -14.7257842
     ],
     [
      -55.8522713,
      -14.7263471
     ],
     [
      -55.8517939,
      -14.7266636
     ],
     [
      -55.8510513,
      -14.7270736
     ],
     [
      -55.8505815,
      -14.7272472
     ],
     [
      -55.850096,
      -14.7273951
     ],
     [
      -55.847965,
      -14.7278985
     ],
     [
      -55.8471553,
      -14.7281271
     ],
     [
      -55.8467259,
      -14.7282953
     ],
     [
      -55.846239,
      -14.7285689
     ],
     [
      -55.8457026,
      -14.728936
     ],
     [
      -55.845311,
      -14.7292732
     ],
     [
      -55.8449113,
      -14.7296831
     ],
     [
      -55.8426704,
      -14.731971
     ],
     [
      -55.8415586,
      -14.7330994
     ],
     [
      -55.8394517,
      -14.7352745
     ],
     [
      -55.8387047,
      -14.7360333
     ],
     [
      -55.8381558,
      -14.7366182
     ],
     [
      -55.8377475,
      -14.7371289
     ],
     [
      -55.8376006,
      -14.7373264
     ],
     [
      -55.837374,
      -14.7376708
     ],
     [
      -55.8371544,
      -14.7380617
     ],
     [
      -55.8369479,
      -14.7385598
     ],
     [
      -55.8368593,
      -14.7387893
     ],
     [
      -55.8367842,
      -14.739028
     ],
     [
      -55.8366562,
      -14.7395144
     ],
     [
      -55.8343086,
      -14.748436
     ],
     [
      -55.8341678,
      -14.7489652
     ],
     [
      -55.8340497,
      -14.7492726
     ],
     [
      -55.8338016,
      -14.7498341
     ],
     [
      -55.833571,
      -14.750231
     ],
     [
      -55.8332947,
      -14.75062
     ],
     [
      -55.8329956,
      -14.7509624
     ],
     [
      -55.8326341,
      -14.7513552
     ],
     [
      -55.8321199,
      -14.751795
     ],
     [
      -55.8291275,
      -14.7539275
     ],
     [
      -55.8286547,
      -14.7542919
     ],
     [
      -55.8281608,
      -14.754777
     ],
     [
      -55.8278136,
      -14.7551799
     ],
     [
      -55.8274233,
      -14.7556948
     ],
     [
      -55.8270465,
      -14.756364
     ],
     [
      -55.8252239,
      -14.7603518
     ],
     [
      -55.8247371,
      -14.7614502
     ],
     [
      -55.8240585,
      -14.7629234
     ],
     [
      -55.8239499,
      -14.763175
     ],
     [
      -55.8238567,
      -14.7634288
     ],
     [
      -55.8237568,
      -14.7637119
     ],
     [
      -55.8236723,
      -14.7640076
     ],
     [
      -55.8235864,
      -14.7644187
     ],
     [
      -55.8235167,
      -14.7647974
     ],
     [
      -55.8234939,
      -14.7650204
     ],
     [
      -55.8234738,
      -14.7658452
     ],
     [
      -55.8235127,
      -14.7664184
     ],
     [
      -55.8235744,
      -14.767094
     ],
     [
      -55.8236361,
      -14.7678267
     ],
     [
      -55.8236347,
      -14.7685348
     ],
     [
      -55.8236012,
      -14.769108
     ],
     [
      -55.823561,
      -14.7693349
     ],
     [
      -55.8230044,
      -14.7718675
     ],
     [
      -55.8216762,
      -14.778327
     ],
     [
      -55.8214617,
      -14.7795861
     ],
     [
      -55.8212736,
      -14.7810929
     ],
     [
      -55.8212281,
      -14.7819681
     ],
     [
      -55.8211499,
      -14.7835833
     ],
     [
      -55.8211668,
      -14.7859852
     ],
     [
      -55.8211774,
      -14.7869872
     ],
     [
      -55.8211618,
      -14.7877915
     ],
     [
      -55.8209672,
      -14.7889107
     ],
     [
      -55.8206055,
      -14.7902928
     ],
     [
      -55.8202213,
      -14.7913034
     ],
     [
      -55.819483,
      -14.7926462
     ],
     [
      -55.8191866,
      -14.7931084
     ],
     [
      -55.8187368,
      -14.7937344
     ],
     [
      -55.8180403,
      -14.7945164
     ],
     [
      -55.81725,
      -14.7953111
     ],
     [
      -55.8163222,
      -14.7960172
     ],
     [
      -55.8151579,
      -14.7967403
     ],
     [
      -55.8140184,
      -14.7973066
     ],
     [
      -55.813697,
      -14.7974263
     ],
     [
      -55.8135164,
      -14.7974935
     ],
     [
      -55.8123503,
      -14.7979278
     ],
     [
      -55.8116864,
      -14.798248
     ],
     [
      -55.8112031,
      -14.7985311
     ],
     [
      -55.8107797,
      -14.7988552
     ],
     [
      -55.8104605,
      -14.7991615
     ],
     [
      -55.8098342,
      -14.7997625
     ],
     [
      -55.8034498,
      -14.8060803
     ],
     [
      -55.8028035,
      -14.8067882
     ],
     [
      -55.8023018,
      -14.8073925
     ],
     [
      -55.8018306,
      -14.8080375
     ],
     [
      -55.797233,
      -14.8153106
     ],
     [
      -55.7970876,
      -14.815632
     ],
     [
      -55.7969749,
      -14.815947
     ],
     [
      -55.7969387,
      -14.8161778
     ],
     [
      -55.7969441,
      -14.8164838
     ],
     [
      -55.7971232,
      -14.8176982
     ],
     [
      -55.7971731,
      -14.8184844
     ],
     [
      -55.7970734,
      -14.8193237
     ],
     [
      -55.7947208,
      -14.8309196
     ],
     [
      -55.7945099,
      -14.8320362
     ],
     [
      -55.7944268,
      -14.8330241
     ],
     [
      -55.7944885,
      -14.8341105
     ],
     [
      -55.7952033,
      -14.8381435
     ]
    ]
   },
   "properties": {
    "ref": "MT-494",
    "nome": "MT-494",
    "highway": "secondary",
    "bridge": "sim",
    "jurisdicao": "estadual",
    "km_aprox": 36.46,
    "latitude": "-14.761450",
    "longitude": "-55.824737",
    "osm_id": "62353454",
    "fonte": "OSM",
    "observacao": "Proxy DNIT/Sinfra — refs BR/MT no OSM; substituir por SNV oficial quando o portal responder"
   }
  },
  {
   "type": "Feature",
   "geometry": {
    "type": "LineString",
    "coordinates": [
     [
      -57.1808242,
      -15.0193135
     ],
     [
      -57.1807601,
      -15.0187572
     ],
     [
      -57.1806988,
      -15.0173889
     ],
     [
      -57.1806432,
      -15.0160062
     ],
     [
      -57.1805177,
      -15.0128351
     ],
     [
      -57.1805011,
      -15.0124245
     ],
     [
      -57.1804698,
      -15.0116263
     ],
     [
      -57.180429,
      -15.0106383
     ],
     [
      -57.1803046,
      -15.0072013
     ],
     [
      -57.1802403,
      -15.0060925
     ],
     [
      -57.180205,
      -15.0053101
     ],
     [
      -57.1801888,
      -15.0049625
     ],
     [
      -57.1801575,
      -15.0043196
     ],
     [
      -57.1801319,
      -15.0036282
     ],
     [
      -57.1801336,
      -15.0035389
     ],
     [
      -57.180133,
      -15.0034645
     ],
     [
      -57.1799796,
      -14.9997657
     ],
     [
      -57.1799163,
      -14.998133
     ],
     [
      -57.1799203,
      -14.9979443
     ],
     [
      -57.1797247,
      -14.9938794
     ],
     [
      -57.1792439,
      -14.981973
     ],
     [
      -57.1792041,
      -14.980914
     ],
     [
      -57.178872,
      -14.9733418
     ],
     [
      -57.1788356,
      -14.9723828
     ],
     [
      -57.1788041,
      -14.9715579
     ],
     [
      -57.1787558,
      -14.9704875
     ],
     [
      -57.1785936,
      -14.9664157
     ],
     [
      -57.1784085,
      -14.9612037
     ],
     [
      -57.1781825,
      -14.9555496
     ],
     [
      -57.1779288,
      -14.9498143
     ],
     [
      -57.1776776,
      -14.9445314
     ],
     [
      -57.1775065,
      -14.9389047
     ],
     [
      -57.1773314,
      -14.9356789
     ],
     [
      -57.1772403,
      -14.9334589
     ],
     [
      -57.1771863,
      -14.93213
     ],
     [
      -57.1771599,
      -14.9315288
     ],
     [
      -57.1770701,
      -14.9291409
     ],
     [
      -57.1770275,
      -14.9279112
     ],
     [
      -57.1769106,
      -14.9253346
     ],
     [
      -57.1768786,
      -14.9244817
     ],
     [
      -57.1767794,
      -14.9221606
     ],
     [
      -57.1766493,
      -14.9188228
     ],
     [
      -57.1764833,
      -14.9145246
     ],
     [
      -57.1763263,
      -14.9112757
     ],
     [
      -57.1762875,
      -14.9102376
     ],
     [
      -57.1762444,
      -14.9089958
     ],
     [
      -57.1761426,
      -14.9060594
     ],
     [
      -57.1759499,
      -14.9021145
     ],
     [
      -57.1758705,
      -14.9002349
     ],
     [
      -57.1757299,
      -14.8967485
     ],
     [
      -57.1756337,
      -14.8943568
     ],
     [
      -57.1754721,
      -14.8896388
     ],
     [
      -57.1753165,
      -14.8856209
     ],
     [
      -57.1750873,
      -14.8802312
     ],
     [
      -57.1750634,
      -14.8796687
     ],
     [
      -57.1750248,
      -14.8788623
     ],
     [
      -57.1749999,
      -14.8783762
     ],
     [
      -57.1749984,
      -14.8783381
     ],
     [
      -57.1749919,
      -14.8781784
     ],
     [
      -57.174982,
      -14.8779713
     ],
     [
      -57.1749671,
      -14.8775
     ],
     [
      -57.1749646,
      -14.8772297
     ],
     [
      -57.1749611,
      -14.8770614
     ],
     [
      -57.1749288,
      -14.876415
     ]
    ]
   },
   "properties": {
    "ref": "MT-344",
    "nome": "MT-344",
    "highway": "primary",
    "bridge": "nao",
    "jurisdicao": "estadual",
    "km_aprox": 22.44,
    "latitude": "-14.935679",
    "longitude": "-57.177331",
    "osm_id": "31551756",
    "fonte": "OSM",
    "observacao": "Proxy DNIT/Sinfra — refs BR/MT no OSM; substituir por SNV oficial quando o portal responder"
   }
  },
  {
   "type": "Feature",
   "geometry": {
    "type": "LineString",
    "coordinates": [
     [
      -56.0206282,
      -15.4715202
     ],
     [
      -56.0189867,
      -15.4712772
     ],
     [
      -56.0188499,
      -15.4712617
     ],
     [
      -56.0187051,
      -15.4712668
     ],
     [
      -56.017608,
      -15.4714013
     ],
     [
      -56.0171118,
      -15.4714297
     ],
     [
      -56.0167417,
      -15.4713935
     ],
     [
      -56.0164359,
      -15.4713056
     ],
     [
      -56.0141721,
      -15.470481
     ],
     [
      -56.0139361,
      -15.4704319
     ],
     [
      -56.0137001,
      -15.4704086
     ],
     [
      -56.0113078,
      -15.4704254
     ],
     [
      -56.0104412,
      -15.4704319
     ],
     [
      -56.0099798,
      -15.4704396
     ],
     [
      -56.0093173,
      -15.4704526
     ],
     [
      -56.0083947,
      -15.4704707
     ],
     [
      -56.0080594,
      -15.47045
     ],
     [
      -56.0077241,
      -15.4704086
     ],
     [
      -56.0073137,
      -15.4703
     ],
     [
      -56.0069275,
      -15.4701734
     ],
     [
      -56.0065359,
      -15.4699692
     ],
     [
      -56.0060933,
      -15.4696771
     ],
     [
      -56.005581,
      -15.469235
     ],
     [
      -56.0051948,
      -15.4687464
     ],
     [
      -56.0049883,
      -15.4684104
     ],
     [
      -56.0047764,
      -15.4679399
     ],
     [
      -56.0046262,
      -15.46741
     ],
     [
      -56.0043392,
      -15.4663785
     ],
     [
      -56.0042077,
      -15.4660088
     ],
     [
      -56.0040575,
      -15.4657193
     ],
     [
      -56.0038886,
      -15.4655022
     ],
     [
      -56.0033897,
      -15.4650963
     ],
     [
      -56.0029525,
      -15.4648611
     ],
     [
      -56.0026789,
      -15.4647783
     ],
     [
      -56.0023597,
      -15.4647137
     ],
     [
      -56.0020539,
      -15.4647137
     ],
     [
      -56.0017589,
      -15.4647422
     ],
     [
      -55.9956515,
      -15.4659442
     ],
     [
      -55.9951383,
      -15.4660486
     ],
     [
      -55.9947396,
      -15.4661225
     ]
    ]
   },
   "properties": {
    "ref": "MT-402",
    "nome": "Rodovia dos Coxiponés “Leonel de Freitas Lucialdo”",
    "highway": "secondary",
    "bridge": "sim",
    "jurisdicao": "estadual",
    "km_aprox": 20.12,
    "latitude": "-15.469969",
    "longitude": "-56.006536",
    "osm_id": "34025155",
    "fonte": "OSM",
    "observacao": "Proxy DNIT/Sinfra — refs BR/MT no OSM; substituir por SNV oficial quando o portal responder"
   }
  },
  {
   "type": "Feature",
   "geometry": {
    "type": "LineString",
    "coordinates": [
     [
      -56.1173527,
      -15.6233868
     ],
     [
      -56.1176656,
      -15.6230424
     ],
     [
      -56.1179739,
      -15.6227024
     ],
     [
      -56.1180378,
      -15.6226307
     ],
     [
      -56.1183965,
      -15.6222283
     ],
     [
      -56.1194458,
      -15.6210512
     ],
     [
      -56.1196946,
      -15.6207721
     ],
     [
      -56.1197332,
      -15.6207288
     ],
     [
      -56.1198874,
      -15.6205506
     ],
     [
      -56.1199947,
      -15.6203814
     ],
     [
      -56.1200062,
      -15.6203583
     ],
     [
      -56.1200644,
      -15.6202419
     ],
     [
      -56.1201006,
      -15.6201618
     ]
    ]
   },
   "properties": {
    "ref": "BR-163;BR-364;MT-351",
    "nome": "Avenida Miguel Sutil",
    "highway": "primary",
    "bridge": "sim",
    "jurisdicao": "federal_estadual",
    "km_aprox": 19.95,
    "latitude": "-15.620772",
    "longitude": "-56.119695",
    "osm_id": "32233749",
    "fonte": "OSM",
    "observacao": "Proxy DNIT/Sinfra — refs BR/MT no OSM; substituir por SNV oficial quando o portal responder"
   }
  },
  {
   "type": "Feature",
   "geometry": {
    "type": "LineString",
    "coordinates": [
     [
      -56.1388511,
      -15.6081505
     ],
     [
      -56.1367265,
      -15.6079566
     ]
    ]
   },
   "properties": {
    "ref": "MT-444",
    "nome": "Ponte Engenheiro Orlando Monteiro da Silva",
    "highway": "trunk",
    "bridge": "sim",
    "jurisdicao": "estadual",
    "km_aprox": 19.15,
    "latitude": "-15.607957",
    "longitude": "-56.136727",
    "osm_id": "32207472",
    "fonte": "OSM",
    "observacao": "Proxy DNIT/Sinfra — refs BR/MT no OSM; substituir por SNV oficial quando o portal responder"
   }
  },
  {
   "type": "Feature",
   "geometry": {
    "type": "LineString",
    "coordinates": [
     [
      -56.0758531,
      -15.5346996
     ],
     [
      -56.075635,
      -15.5342825
     ],
     [
      -56.0754736,
      -15.5339235
     ],
     [
      -56.0754488,
      -15.5338611
     ],
     [
      -56.0753291,
      -15.5336034
     ],
     [
      -56.0751203,
      -15.5331616
     ],
     [
      -56.0751025,
      -15.5331163
     ],
     [
      -56.0750649,
      -15.5330207
     ],
     [
      -56.0750361,
      -15.5329612
     ],
     [
      -56.0748739,
      -15.5327937
     ]
    ]
   },
   "properties": {
    "ref": "MT-251;MT-020",
    "nome": "Rodovia Emanuel Pinheiro",
    "highway": "primary",
    "bridge": "sim",
    "jurisdicao": "estadual",
    "km_aprox": 18.87,
    "latitude": "-15.533162",
    "longitude": "-56.075120",
    "osm_id": "32520769",
    "fonte": "OSM",
    "observacao": "Proxy DNIT/Sinfra — refs BR/MT no OSM; substituir por SNV oficial quando o portal responder"
   }
  },
  {
   "type": "Feature",
   "geometry": {
    "type": "LineString",
    "coordinates": [
     [
      -56.0781673,
      -15.595599
     ],
     [
      -56.0781461,
      -15.5955904
     ],
     [
      -56.0781383,
      -15.5955872
     ],
     [
      -56.0780932,
      -15.595569
     ],
     [
      -56.0775924,
      -15.5953658
     ],
     [
      -56.0768651,
      -15.5950965
     ],
     [
      -56.07682,
      -15.5950791
     ],
     [
      -56.0767336,
      -15.5950458
     ]
    ]
   },
   "properties": {
    "ref": "MT-030",
    "nome": "Avenida Governador Dante Martins de Oliveira",
    "highway": "primary",
    "bridge": "sim",
    "jurisdicao": "estadual",
    "km_aprox": 18.1,
    "latitude": "-15.595366",
    "longitude": "-56.077592",
    "osm_id": "32519902",
    "fonte": "OSM",
    "observacao": "Proxy DNIT/Sinfra — refs BR/MT no OSM; substituir por SNV oficial quando o portal responder"
   }
  },
  {
   "type": "Feature",
   "geometry": {
    "type": "LineString",
    "coordinates": [
     [
      -56.1375785,
      -15.5405712
     ],
     [
      -56.1397064,
      -15.5438424
     ],
     [
      -56.1419541,
      -15.5471815
     ],
     [
      -56.1420689,
      -15.5473707
     ],
     [
      -56.1421797,
      -15.5475628
     ],
     [
      -56.1426301,
      -15.5482958
     ],
     [
      -56.1430911,
      -15.5491381
     ],
     [
      -56.1432614,
      -15.5494493
     ],
     [
      -56.1437494,
      -15.5502808
     ],
     [
      -56.1438744,
      -15.5504772
     ],
     [
      -56.1440367,
      -15.5506995
     ],
     [
      -56.1442185,
      -15.5509104
     ],
     [
      -56.1445114,
      -15.5511814
     ],
     [
      -56.1449066,
      -15.551491
     ],
     [
      -56.146051,
      -15.5524489
     ]
    ]
   },
   "properties": {
    "ref": "BR-163",
    "nome": "Cotorno Norte de Cuiabá",
    "highway": "secondary",
    "bridge": "sim",
    "jurisdicao": "federal",
    "km_aprox": 15.59,
    "latitude": "-15.549449",
    "longitude": "-56.143261",
    "osm_id": "171812828",
    "fonte": "OSM",
    "observacao": "Proxy DNIT/Sinfra — refs BR/MT no OSM; substituir por SNV oficial quando o portal responder"
   }
  },
  {
   "type": "Feature",
   "geometry": {
    "type": "LineString",
    "coordinates": [
     [
      -55.6666865,
      -15.73291
     ],
     [
      -55.6668619,
      -15.732562
     ],
     [
      -55.6671966,
      -15.7320351
     ],
     [
      -55.6707115,
      -15.7269438
     ],
     [
      -55.6712838,
      -15.7261148
     ],
     [
      -55.6716826,
      -15.7256436
     ],
     [
      -55.6720952,
      -15.7252419
     ],
     [
      -55.6726051,
      -15.7248598
     ],
     [
      -55.6731745,
      -15.7244601
     ],
     [
      -55.6800049,
      -15.7197649
     ],
     [
      -55.6810979,
      -15.719118
     ],
     [
      -55.6936756,
      -15.7133191
     ],
     [
      -55.6940003,
      -15.7131678
     ],
     [
      -55.6959231,
      -15.712281
     ],
     [
      -55.6966369,
      -15.7119635
     ],
     [
      -55.6967513,
      -15.7119126
     ],
     [
      -55.6973602,
      -15.7116417
     ],
     [
      -55.6980089,
      -15.7112841
     ],
     [
      -55.6984347,
      -15.7110494
     ],
     [
      -55.6992984,
      -15.7105475
     ],
     [
      -55.7044145,
      -15.7075001
     ],
     [
      -55.7051092,
      -15.7070689
     ],
     [
      -55.7062599,
      -15.7064001
     ],
     [
      -55.707347,
      -15.7057569
     ],
     [
      -55.7079497,
      -15.7054267
     ],
     [
      -55.7083976,
      -15.7052227
     ],
     [
      -55.7087275,
      -15.7050962
     ],
     [
      -55.7092291,
      -15.704949
     ],
     [
      -55.7096046,
      -15.7048638
     ],
     [
      -55.7100901,
      -15.7047967
     ],
     [
      -55.7105112,
      -15.7047605
     ],
     [
      -55.7110637,
      -15.7047425
     ],
     [
      -55.7120696,
      -15.7047011
     ],
     [
      -55.7146952,
      -15.7046181
     ],
     [
      -55.7159051,
      -15.7045798
     ],
     [
      -55.7179758,
      -15.7045359
     ],
     [
      -55.7211891,
      -15.7044197
     ],
     [
      -55.7228279,
      -15.7043784
     ],
     [
      -55.7240081,
      -15.7043267
     ],
     [
      -55.7248342,
      -15.7043009
     ],
     [
      -55.7262638,
      -15.7042648
     ],
     [
      -55.7278731,
      -15.7042209
     ],
     [
      -55.7296756,
      -15.7041847
     ],
     [
      -55.7311723,
      -15.7041253
     ],
     [
      -55.7330485,
      -15.7040698
     ],
     [
      -55.7341844,
      -15.7040556
     ],
     [
      -55.7355282,
      -15.7040014
     ],
     [
      -55.7369927,
      -15.7039704
     ],
     [
      -55.7425599,
      -15.7038119
     ],
     [
      -55.7433173,
      -15.703789
     ],
     [
      -55.7436816,
      -15.703778
     ],
     [
      -55.7444894,
      -15.7037535
     ],
     [
      -55.7445825,
      -15.7037515
     ],
     [
      -55.7453803,
      -15.7037474
     ],
     [
      -55.7522799,
      -15.7035831
     ],
     [
      -55.7529089,
      -15.7035661
     ],
     [
      -55.7534722,
      -15.7035508
     ],
     [
      -55.7554543,
      -15.7035011
     ],
     [
      -55.761099,
      -15.7033882
     ],
     [
      -55.764909,
      -15.7033034
     ],
     [
      -55.7833221,
      -15.7028938
     ],
     [
      -55.7914642,
      -15.7027104
     ],
     [
      -55.7968812,
      -15.7025936
     ],
     [
      -55.796974,
      -15.7025916
     ]
    ]
   },
   "properties": {
    "ref": "BR-070;BR-163;BR-364;MT-551",
    "nome": "BR-070;BR-163;BR-364;MT-551",
    "highway": "motorway",
    "bridge": "nao",
    "jurisdicao": "federal_estadual",
    "km_aprox": 15.01,
    "latitude": "-15.704701",
    "longitude": "-55.712070",
    "osm_id": "431043168",
    "fonte": "OSM",
    "observacao": "Proxy DNIT/Sinfra — refs BR/MT no OSM; substituir por SNV oficial quando o portal responder"
   }
  },
  {
   "type": "Feature",
   "geometry": {
    "type": "LineString",
    "coordinates": [
     [
      -56.0933978,
      -15.5590481
     ],
     [
      -56.0924025,
      -15.5597921
     ],
     [
      -56.0920905,
      -15.5600435
     ],
     [
      -56.0918567,
      -15.5602381
     ],
     [
      -56.0916897,
      -15.5603619
     ],
     [
      -56.0908196,
      -15.5610071
     ],
     [
      -56.0901076,
      -15.5614985
     ]
    ]
   },
   "properties": {
    "ref": "MT-010;MT-402",
    "nome": "Rodovia Arquiteto Helder Cândia",
    "highway": "primary",
    "bridge": "sim",
    "jurisdicao": "estadual",
    "km_aprox": 12.41,
    "latitude": "-15.560238",
    "longitude": "-56.091857",
    "osm_id": "32474477",
    "fonte": "OSM",
    "observacao": "Proxy DNIT/Sinfra — refs BR/MT no OSM; substituir por SNV oficial quando o portal responder"
   }
  },
  {
   "type": "Feature",
   "geometry": {
    "type": "LineString",
    "coordinates": [
     [
      -56.0865026,
      -15.6351816
     ],
     [
      -56.0864414,
      -15.6351203
     ],
     [
      -56.0864273,
      -15.6351008
     ],
     [
      -56.0863945,
      -15.6350555
     ],
     [
      -56.0863218,
      -15.6349544
     ],
     [
      -56.0862633,
      -15.6348854
     ],
     [
      -56.086069,
      -15.6347029
     ],
     [
      -56.0839605,
      -15.6331094
     ]
    ]
   },
   "properties": {
    "ref": "MT-045",
    "nome": "MT-045",
    "highway": "secondary",
    "bridge": "sim",
    "jurisdicao": "estadual",
    "km_aprox": 11.96,
    "latitude": "-15.634954",
    "longitude": "-56.086322",
    "osm_id": "28997830",
    "fonte": "OSM",
    "observacao": "Proxy DNIT/Sinfra — refs BR/MT no OSM; substituir por SNV oficial quando o portal responder"
   }
  },
  {
   "type": "Feature",
   "geometry": {
    "type": "LineString",
    "coordinates": [
     [
      -55.7402509,
      -15.4733497
     ],
     [
      -55.7389996,
      -15.4738674
     ],
     [
      -55.7385792,
      -15.4740354
     ],
     [
      -55.7366426,
      -15.4748127
     ],
     [
      -55.7362383,
      -15.474975
     ],
     [
      -55.7356687,
      -15.4752043
     ],
     [
      -55.7344803,
      -15.4756827
     ],
     [
      -55.7341182,
      -15.4758268
     ],
     [
      -55.7334967,
      -15.4760757
     ],
     [
      -55.7324899,
      -15.4764783
     ],
     [
      -55.7317932,
      -15.4767838
     ],
     [
      -55.7314626,
      -15.4769124
     ],
     [
      -55.7308696,
      -15.4771284
     ],
     [
      -55.7278128,
      -15.4783573
     ],
     [
      -55.7273501,
      -15.4785354
     ],
     [
      -55.7271899,
      -15.4785907
     ],
     [
      -55.7270242,
      -15.4786489
     ],
     [
      -55.7266742,
      -15.478749
     ],
     [
      -55.7242173,
      -15.4794211
     ],
     [
      -55.7219414,
      -15.4800596
     ],
     [
      -55.7214063,
      -15.4802082
     ],
     [
      -55.7210823,
      -15.4802919
     ],
     [
      -55.7208639,
      -15.4803355
     ],
     [
      -55.7206328,
      -15.4803642
     ],
     [
      -55.720426,
      -15.4803762
     ],
     [
      -55.7202106,
      -15.4803768
     ],
     [
      -55.720074,
      -15.4803691
     ],
     [
      -55.7199392,
      -15.4803588
     ],
     [
      -55.7195174,
      -15.4803123
     ],
     [
      -55.7187999,
      -15.480227
     ],
     [
      -55.7173475,
      -15.4800609
     ],
     [
      -55.7147487,
      -15.4797639
     ],
     [
      -55.7144584,
      -15.4797307
     ],
     [
      -55.7111296,
      -15.4793528
     ],
     [
      -55.7106876,
      -15.4792984
     ],
     [
      -55.7103692,
      -15.4792619
     ],
     [
      -55.7086818,
      -15.4790956
     ],
     [
      -55.7052253,
      -15.478741
     ],
     [
      -55.696419,
      -15.4779058
     ],
     [
      -55.6910473,
      -15.4773936
     ],
     [
      -55.6909086,
      -15.4773804
     ],
     [
      -55.6888631,
      -15.4770157
     ]
    ]
   },
   "properties": {
    "ref": "BR-251;MT-251",
    "nome": "Rodovia Antônio Clarismundo Scheffer",
    "highway": "primary",
    "bridge": "nao",
    "jurisdicao": "federal_estadual",
    "km_aprox": 11.78,
    "latitude": "-15.480292",
    "longitude": "-55.721082",
    "osm_id": "137977496",
    "fonte": "OSM",
    "observacao": "Proxy DNIT/Sinfra — refs BR/MT no OSM; substituir por SNV oficial quando o portal responder"
   }
  },
  {
   "type": "Feature",
   "geometry": {
    "type": "LineString",
    "coordinates": [
     [
      -56.2193627,
      -15.6599103
     ],
     [
      -56.2197768,
      -15.6600908
     ],
     [
      -56.2208283,
      -15.6605299
     ],
     [
      -56.2219173,
      -15.6610102
     ],
     [
      -56.2229338,
      -15.661439
     ],
     [
      -56.2240255,
      -15.6618987
     ],
     [
      -56.2252754,
      -15.6624436
     ],
     [
      -56.2260103,
      -15.6627613
     ],
     [
      -56.2268955,
      -15.6631512
     ],
     [
      -56.2280381,
      -15.6636316
     ],
     [
      -56.2286577,
      -15.6638924
     ],
     [
      -56.2292611,
      -15.6641533
     ],
     [
      -56.2297574,
      -15.664365
     ],
     [
      -56.2302831,
      -15.6645897
     ],
     [
      -56.2308732,
      -15.6648325
     ],
     [
      -56.2314686,
      -15.6650908
     ],
     [
      -56.2319112,
      -15.665287
     ],
     [
      -56.2323538,
      -15.6654808
     ],
     [
      -56.2328929,
      -15.6657106
     ],
     [
      -56.2333596,
      -15.6659172
     ],
     [
      -56.2337699,
      -15.6660902
     ],
     [
      -56.2340409,
      -15.6661961
     ],
     [
      -56.2343386,
      -15.6663278
     ],
     [
      -56.2348563,
      -15.6665525
     ],
     [
      -56.2354222,
      -15.6667849
     ],
     [
      -56.2358996,
      -15.6670018
     ],
     [
      -56.2365836,
      -15.6672937
     ],
     [
      -56.2373963,
      -15.6676397
     ],
     [
      -56.2382278,
      -15.6679988
     ],
     [
      -56.2390915,
      -15.6683758
     ],
     [
      -56.2395313,
      -15.6685643
     ],
     [
      -56.2400463,
      -15.6687812
     ],
     [
      -56.2404943,
      -15.6689723
     ],
     [
      -56.2409932,
      -15.6691841
     ],
     [
      -56.2414598,
      -15.6693804
     ],
     [
      -56.2419641,
      -15.6695973
     ],
     [
      -56.2424603,
      -15.6698117
     ],
     [
      -56.2431148,
      -15.6700983
     ],
     [
      -56.2439329,
      -15.6704547
     ],
     [
      -56.2443084,
      -15.6706097
     ],
     [
      -56.2447858,
      -15.6708162
     ],
     [
      -56.2452766,
      -15.6710229
     ],
     [
      -56.2458828,
      -15.6712785
     ],
     [
      -56.2464541,
      -15.6715213
     ],
     [
      -56.2470495,
      -15.6717795
     ],
     [
      -56.247476,
      -15.6719603
     ],
     [
      -56.2479267,
      -15.672154
     ],
     [
      -56.2484121,
      -15.6723632
     ],
     [
      -56.2489137,
      -15.6725801
     ],
     [
      -56.2492678,
      -15.6727325
     ],
     [
      -56.2497828,
      -15.672952
     ],
     [
      -56.2501609,
      -15.6731121
     ],
     [
      -56.2506572,
      -15.673329
     ],
     [
      -56.2508637,
      -15.6734117
     ],
     [
      -56.2511399,
      -15.6735305
     ],
     [
      -56.2516656,
      -15.6737654
     ],
     [
      -56.2521672,
      -15.6739798
     ],
     [
      -56.2527305,
      -15.67422
     ],
     [
      -56.2535297,
      -15.6745583
     ],
     [
      -56.2540528,
      -15.674783
     ],
     [
      -56.2543559,
      -15.6749095
     ],
     [
      -56.2547047,
      -15.6750515
     ],
     [
      -56.2552249,
      -15.675271
     ],
     [
      -56.2557292,
      -15.6754803
     ],
     [
      -56.2560055,
      -15.6756042
     ],
     [
      -56.2563381,
      -15.6757462
     ],
     [
      -56.257065,
      -15.6760587
     ],
     [
      -56.2577248,
      -15.6763453
     ],
     [
      -56.2584302,
      -15.6766501
     ],
     [
      -56.2587065,
      -15.6767637
     ],
     [
      -56.2589961,
      -15.6768928
     ],
     [
      -56.2595326,
      -15.6771252
     ],
     [
      -56.2606162,
      -15.6775849
     ],
     [
      -56.2616113,
      -15.6780188
     ],
     [
      -56.2622252,
      -15.6782846
     ],
     [
      -56.262947,
      -15.6785971
     ],
     [
      -56.2632233,
      -15.6787108
     ],
     [
      -56.2635184,
      -15.6788373
     ],
     [
      -56.2638455,
      -15.6789716
     ],
     [
      -56.2642023,
      -15.679106
     ],
     [
      -56.264425,
      -15.6791809
     ],
     [
      -56.2646636,
      -15.6792505
     ],
     [
      -56.2654511,
      -15.679413
     ],
     [
      -56.266278,
      -15.6795064
     ],
     [
      -56.2710905,
      -15.6794508
     ],
     [
      -56.2778223,
      -15.6794013
     ],
     [
      -56.2890208,
      -15.6792335
     ],
     [
      -56.2934021,
      -15.6792014
     ],
     [
      -56.2938514,
      -15.6791888
     ]
    ]
   },
   "properties": {
    "ref": "BR-070;MT-060",
    "nome": "BR-070;MT-060",
    "highway": "trunk",
    "bridge": "nao",
    "jurisdicao": "federal_estadual",
    "km_aprox": 11.45,
    "latitude": "-15.671779",
    "longitude": "-56.247050",
    "osm_id": "28997314",
    "fonte": "OSM",
    "observacao": "Proxy DNIT/Sinfra — refs BR/MT no OSM; substituir por SNV oficial quando o portal responder"
   }
  },
  {
   "type": "Feature",
   "geometry": {
    "type": "LineString",
    "coordinates": [
     [
      -56.1509212,
      -15.6476137
     ],
     [
      -56.1513241,
      -15.6474891
     ],
     [
      -56.1516839,
      -15.6473433
     ],
     [
      -56.1519914,
      -15.6472056
     ],
     [
      -56.1523414,
      -15.6470112
     ],
     [
      -56.15287,
      -15.6466539
     ],
     [
      -56.1530911,
      -15.6464947
     ],
     [
      -56.1539608,
      -15.64586
     ],
     [
      -56.1548661,
      -15.6452259
     ],
     [
      -56.1557485,
      -15.6445814
     ],
     [
      -56.1560087,
      -15.6444136
     ],
     [
      -56.1563386,
      -15.6442237
     ],
     [
      -56.1566591,
      -15.6440894
     ],
     [
      -56.156913,
      -15.6440103
     ],
     [
      -56.1574772,
      -15.6438613
     ],
     [
      -56.1579262,
      -15.6437226
     ],
     [
      -56.1582144,
      -15.6436685
     ],
     [
      -56.1585732,
      -15.6435882
     ],
     [
      -56.1589994,
      -15.6434928
     ],
     [
      -56.1600494,
      -15.6432358
     ],
     [
      -56.1606087,
      -15.6430679
     ],
     [
      -56.1611304,
      -15.6428923
     ],
     [
      -56.1617998,
      -15.642675
     ],
     [
      -56.1621664,
      -15.6425558
     ],
     [
      -56.1622318,
      -15.6425349
     ],
     [
      -56.1627012,
      -15.6423743
     ],
     [
      -56.1631876,
      -15.6422078
     ],
     [
      -56.1642015,
      -15.6418604
     ],
     [
      -56.1642781,
      -15.641826
     ],
     [
      -56.1658465,
      -15.6412769
     ],
     [
      -56.1661585,
      -15.6411536
     ],
     [
      -56.1666662,
      -15.6409611
     ],
     [
      -56.1671368,
      -15.64079
     ],
     [
      -56.1681208,
      -15.6404187
     ],
     [
      -56.1683222,
      -15.6403487
     ],
     [
      -56.1684649,
      -15.6402952
     ],
     [
      -56.1686057,
      -15.6402577
     ],
     [
      -56.1688323,
      -15.6402048
     ],
     [
      -56.1689933,
      -15.6401799
     ],
     [
      -56.1693008,
      -15.6401675
     ],
     [
      -56.1694992,
      -15.6401676
     ],
     [
      -56.1697041,
      -15.6401854
     ],
     [
      -56.1698033,
      -15.6402009
     ],
     [
      -56.1699078,
      -15.640222
     ],
     [
      -56.1701609,
      -15.6402729
     ],
     [
      -56.1702889,
      -15.6402987
     ],
     [
      -56.1714716,
      -15.6405715
     ],
     [
      -56.1727128,
      -15.640848
     ],
     [
      -56.1727616,
      -15.6408589
     ],
     [
      -56.1738547,
      -15.6411024
     ],
     [
      -56.1739864,
      -15.641132
     ],
     [
      -56.174224,
      -15.6411854
     ],
     [
      -56.1745793,
      -15.6412652
     ],
     [
      -56.1750671,
      -15.6413748
     ],
     [
      -56.1756472,
      -15.6415169
     ],
     [
      -56.1760327,
      -15.6415815
     ],
     [
      -56.1761344,
      -15.6415941
     ],
     [
      -56.1763064,
      -15.6416267
     ]
    ]
   },
   "properties": {
    "ref": "BR-163;BR-364;MT-060",
    "nome": "Avenida Governador Júlio José de Campos",
    "highway": "primary",
    "bridge": "nao",
    "jurisdicao": "federal_estadual",
    "km_aprox": 11.16,
    "latitude": "-15.641277",
    "longitude": "-56.165847",
    "osm_id": "32500272",
    "fonte": "OSM",
    "observacao": "Proxy DNIT/Sinfra — refs BR/MT no OSM; substituir por SNV oficial quando o portal responder"
   }
  },
  {
   "type": "Feature",
   "geometry": {
    "type": "LineString",
    "coordinates": [
     [
      -55.9472795,
      -15.0413306
     ],
     [
      -55.9486145,
      -15.0417021
     ],
     [
      -55.9495852,
      -15.0420827
     ],
     [
      -55.9512395,
      -15.0428468
     ],
     [
      -55.9526671,
      -15.0435481
     ],
     [
      -55.9536776,
      -15.0439852
     ],
     [
      -55.9547012,
      -15.0444819
     ],
     [
      -55.95572,
      -15.044966
     ],
     [
      -55.9568024,
      -15.0454895
     ],
     [
      -55.9572899,
      -15.0457492
     ],
     [
      -55.9576774,
      -15.045981
     ],
     [
      -55.9584989,
      -15.0465392
     ],
     [
      -55.9597213,
      -15.0474115
     ],
     [
      -55.9612186,
      -15.0484709
     ],
     [
      -55.9622167,
      -15.0491764
     ],
     [
      -55.9628702,
      -15.0496485
     ],
     [
      -55.9631203,
      -15.0498508
     ],
     [
      -55.9632987,
      -15.0500011
     ],
     [
      -55.9636078,
      -15.050264
     ],
     [
      -55.9641436,
      -15.050771
     ],
     [
      -55.9645486,
      -15.0511744
     ],
     [
      -55.9650052,
      -15.0516446
     ],
     [
      -55.9657415,
      -15.0524255
     ],
     [
      -55.9663644,
      -15.0530491
     ],
     [
      -55.9674856,
      -15.0541771
     ],
     [
      -55.9689682,
      -15.0556703
     ],
     [
      -55.9697071,
      -15.0564312
     ],
     [
      -55.970725,
      -15.0574426
     ],
     [
      -55.9720722,
      -15.058807
     ],
     [
      -55.9730351,
      -15.0597776
     ],
     [
      -55.9742917,
      -15.0610539
     ],
     [
      -55.9744456,
      -15.0612095
     ],
     [
      -55.9752566,
      -15.0620297
     ],
     [
      -55.9769887,
      -15.0638039
     ],
     [
      -55.9785504,
      -15.0653851
     ],
     [
      -55.9786196,
      -15.0654544
     ],
     [
      -55.981062,
      -15.067904
     ],
     [
      -55.9824265,
      -15.069271
     ],
     [
      -55.9836037,
      -15.0704503
     ],
     [
      -55.9864979,
      -15.0734061
     ],
     [
      -55.991132,
      -15.0780596
     ],
     [
      -55.9919889,
      -15.0789324
     ],
     [
      -55.9935152,
      -15.0804342
     ],
     [
      -55.9942984,
      -15.0810613
     ],
     [
      -55.9950386,
      -15.0816054
     ],
     [
      -55.9967397,
      -15.0827321
     ],
     [
      -55.998321,
      -15.0837443
     ],
     [
      -56.0000452,
      -15.0848537
     ],
     [
      -56.0013167,
      -15.0856718
     ],
     [
      -56.0026877,
      -15.0865625
     ],
     [
      -56.0033575,
      -15.0869232
     ],
     [
      -56.0040079,
      -15.0872003
     ],
     [
      -56.0052866,
      -15.0875733
     ],
     [
      -56.0059512,
      -15.0877325
     ],
     [
      -56.0131375,
      -15.0895531
     ],
     [
      -56.0136198,
      -15.0896941
     ],
     [
      -56.0142064,
      -15.089907
     ],
     [
      -56.0148534,
      -15.0902821
     ],
     [
      -56.0157309,
      -15.0909086
     ],
     [
      -56.0164647,
      -15.0915527
     ],
     [
      -56.0173148,
      -15.0925301
     ],
     [
      -56.0176463,
      -15.0931658
     ],
     [
      -56.0178979,
      -15.0938445
     ],
     [
      -56.0180748,
      -15.0945564
     ]
    ]
   },
   "properties": {
    "ref": "MT-351;MT-246",
    "nome": "MT-351;MT-246",
    "highway": "secondary",
    "bridge": "nao",
    "jurisdicao": "estadual",
    "km_aprox": 9.85,
    "latitude": "-15.062030",
    "longitude": "-55.975257",
    "osm_id": "1236283583",
    "fonte": "OSM",
    "observacao": "Proxy DNIT/Sinfra — refs BR/MT no OSM; substituir por SNV oficial quando o portal responder"
   }
  },
  {
   "type": "Feature",
   "geometry": {
    "type": "LineString",
    "coordinates": [
     [
      -55.750258,
      -15.4689893
     ],
     [
      -55.7512201,
      -15.4687127
     ],
     [
      -55.752229,
      -15.468438
     ],
     [
      -55.75323,
      -15.4681474
     ],
     [
      -55.7542242,
      -15.4678799
     ]
    ]
   },
   "properties": {
    "ref": "MT-251",
    "nome": "MT-251",
    "highway": "primary",
    "bridge": "nao",
    "jurisdicao": "estadual",
    "km_aprox": 9.02,
    "latitude": "-15.468438",
    "longitude": "-55.752229",
    "osm_id": "53220864",
    "fonte": "OSM",
    "observacao": "Proxy DNIT/Sinfra — refs BR/MT no OSM; substituir por SNV oficial quando o portal responder"
   }
  },
  {
   "type": "Feature",
   "geometry": {
    "type": "LineString",
    "coordinates": [
     [
      -56.115506,
      -15.5849582
     ],
     [
      -56.1158507,
      -15.5847237
     ],
     [
      -56.1161846,
      -15.5844859
     ],
     [
      -56.1169906,
      -15.5839118
     ],
     [
      -56.1172534,
      -15.5837252
     ],
     [
      -56.1181895,
      -15.5831755
     ],
     [
      -56.1189843,
      -15.5826918
     ],
     [
      -56.1195417,
      -15.5823738
     ],
     [
      -56.1204092,
      -15.5818578
     ],
     [
      -56.1206639,
      -15.5817067
     ],
     [
      -56.1216751,
      -15.5811448
     ]
    ]
   },
   "properties": {
    "ref": "MT-400",
    "nome": "Avenida Antártica",
    "highway": "secondary",
    "bridge": "sim",
    "jurisdicao": "estadual",
    "km_aprox": 8.46,
    "latitude": "-15.583175",
    "longitude": "-56.118189",
    "osm_id": "32474714",
    "fonte": "OSM",
    "observacao": "Proxy DNIT/Sinfra — refs BR/MT no OSM; substituir por SNV oficial quando o portal responder"
   }
  },
  {
   "type": "Feature",
   "geometry": {
    "type": "LineString",
    "coordinates": [
     [
      -56.3363327,
      -15.1428718
     ],
     [
      -56.3362873,
      -15.1429643
     ],
     [
      -56.3362125,
      -15.1430368
     ],
     [
      -56.336117,
      -15.1430813
     ],
     [
      -56.3360116,
      -15.1430925
     ],
     [
      -56.3359145,
      -15.1430715
     ],
     [
      -56.335829,
      -15.1430223
     ],
     [
      -56.3357638,
      -15.1429497
     ],
     [
      -56.3357255,
      -15.142861
     ],
     [
      -56.3357178,
      -15.1427653
     ],
     [
      -56.3357416,
      -15.142672
     ],
     [
      -56.3357945,
      -15.1425906
     ],
     [
      -56.3358711,
      -15.1425293
     ],
     [
      -56.3359702,
      -15.1424929
     ],
     [
      -56.3360762,
      -15.1424905
     ],
     [
      -56.336177,
      -15.1425223
     ],
     [
      -56.336261,
      -15.1425847
     ],
     [
      -56.3363188,
      -15.1426705
     ],
     [
      -56.3363436,
      -15.14277
     ],
     [
      -56.3363327,
      -15.1428718
     ]
    ]
   },
   "properties": {
    "ref": "MT-010;MT-246",
    "nome": "MT-010;MT-246",
    "highway": "primary",
    "bridge": "nao",
    "jurisdicao": "estadual",
    "km_aprox": 7.06,
    "latitude": "-15.142672",
    "longitude": "-56.335742",
    "osm_id": "661241271",
    "fonte": "OSM",
    "observacao": "Proxy DNIT/Sinfra — refs BR/MT no OSM; substituir por SNV oficial quando o portal responder"
   }
  },
  {
   "type": "Feature",
   "geometry": {
    "type": "LineString",
    "coordinates": [
     [
      -57.1829989,
      -15.0745768
     ],
     [
      -57.1830289,
      -15.0751416
     ],
     [
      -57.1830365,
      -15.0752857
     ],
     [
      -57.1830575,
      -15.0756827
     ],
     [
      -57.1830711,
      -15.0759412
     ]
    ]
   },
   "properties": {
    "ref": "MT-246;MT-343",
    "nome": "Avenida Marechal Cândido Rondon",
    "highway": "primary",
    "bridge": "sim",
    "jurisdicao": "estadual",
    "km_aprox": 6.59,
    "latitude": "-15.075286",
    "longitude": "-57.183037",
    "osm_id": "31551729",
    "fonte": "OSM",
    "observacao": "Proxy DNIT/Sinfra — refs BR/MT no OSM; substituir por SNV oficial quando o portal responder"
   }
  },
  {
   "type": "Feature",
   "geometry": {
    "type": "LineString",
    "coordinates": [
     [
      -56.0903522,
      -15.5821211
     ],
     [
      -56.0894778,
      -15.5816176
     ]
    ]
   },
   "properties": {
    "ref": "MT-010;MT-020;MT-251;MT-351;BR-251",
    "nome": "Avenida República do Líbano",
    "highway": "primary",
    "bridge": "sim",
    "jurisdicao": "federal_estadual",
    "km_aprox": 4.86,
    "latitude": "-15.581618",
    "longitude": "-56.089478",
    "osm_id": "32315486",
    "fonte": "OSM",
    "observacao": "Proxy DNIT/Sinfra — refs BR/MT no OSM; substituir por SNV oficial quando o portal responder"
   }
  },
  {
   "type": "Feature",
   "geometry": {
    "type": "LineString",
    "coordinates": [
     [
      -57.2638655,
      -14.800541
     ],
     [
      -57.2636986,
      -14.8006058
     ]
    ]
   },
   "properties": {
    "ref": "MT-358;MT-408",
    "nome": "MT-358",
    "highway": "primary",
    "bridge": "sim",
    "jurisdicao": "estadual",
    "km_aprox": 3.8,
    "latitude": "-14.800606",
    "longitude": "-57.263699",
    "osm_id": "97843235",
    "fonte": "OSM",
    "observacao": "Proxy DNIT/Sinfra — refs BR/MT no OSM; substituir por SNV oficial quando o portal responder"
   }
  },
  {
   "type": "Feature",
   "geometry": {
    "type": "LineString",
    "coordinates": [
     [
      -56.1326536,
      -15.7061623
     ],
     [
      -56.1326473,
      -15.7062213
     ],
     [
      -56.1326473,
      -15.7062568
     ],
     [
      -56.1326601,
      -15.7063033
     ],
     [
      -56.1326708,
      -15.7063414
     ],
     [
      -56.1326916,
      -15.7063821
     ],
     [
      -56.132749,
      -15.7064597
     ]
    ]
   },
   "properties": {
    "ref": "MT-050",
    "nome": "Estrada da Praia Grande",
    "highway": "secondary",
    "bridge": "sim",
    "jurisdicao": "estadual",
    "km_aprox": 2.69,
    "latitude": "-15.706303",
    "longitude": "-56.132660",
    "osm_id": "32311578",
    "fonte": "OSM",
    "observacao": "Proxy DNIT/Sinfra — refs BR/MT no OSM; substituir por SNV oficial quando o portal responder"
   }
  },
  {
   "type": "Feature",
   "geometry": {
    "type": "LineString",
    "coordinates": [
     [
      -55.9176496,
      -14.5765339
     ],
     [
      -55.9177528,
      -14.5764728
     ]
    ]
   },
   "properties": {
    "ref": "MT-241;MT-351",
    "nome": "MT-241;MT-351",
    "highway": "secondary",
    "bridge": "sim",
    "jurisdicao": "estadual",
    "km_aprox": 1.57,
    "latitude": "-14.576473",
    "longitude": "-55.917753",
    "osm_id": "295538557",
    "fonte": "OSM",
    "observacao": "Proxy DNIT/Sinfra — refs BR/MT no OSM; substituir por SNV oficial quando o portal responder"
   }
  },
  {
   "type": "Feature",
   "geometry": {
    "type": "LineString",
    "coordinates": [
     [
      -56.1229734,
      -15.6415459
     ],
     [
      -56.1235804,
      -15.6423711
     ],
     [
      -56.1238265,
      -15.6426881
     ],
     [
      -56.1239058,
      -15.6427928
     ]
    ]
   },
   "properties": {
    "ref": "MT-050;MT-060",
    "nome": "Avenida Couto Magalhães",
    "highway": "secondary",
    "bridge": "nao",
    "jurisdicao": "estadual",
    "km_aprox": 1.05,
    "latitude": "-15.642688",
    "longitude": "-56.123826",
    "osm_id": "28997513",
    "fonte": "OSM",
    "observacao": "Proxy DNIT/Sinfra — refs BR/MT no OSM; substituir por SNV oficial quando o portal responder"
   }
  },
  {
   "type": "Feature",
   "geometry": {
    "type": "LineString",
    "coordinates": [
     [
      -55.8046322,
      -16.0934819
     ],
     [
      -55.8046333,
      -16.0936835
     ],
     [
      -55.8046353,
      -16.0937609
     ],
     [
      -55.804636,
      -16.0938569
     ],
     [
      -55.8046313,
      -16.0939219
     ],
     [
      -55.8046199,
      -16.093967
     ],
     [
      -55.8046071,
      -16.0939973
     ],
     [
      -55.804591,
      -16.094027
     ],
     [
      -55.8045756,
      -16.0940505
     ]
    ]
   },
   "properties": {
    "ref": "MT-361;MT-040",
    "nome": "MT-361;MT-040",
    "highway": "secondary",
    "bridge": "nao",
    "jurisdicao": "estadual",
    "km_aprox": 0.71,
    "latitude": "-16.093922",
    "longitude": "-55.804631",
    "osm_id": "494567677",
    "fonte": "OSM",
    "observacao": "Proxy DNIT/Sinfra — refs BR/MT no OSM; substituir por SNV oficial quando o portal responder"
   }
  },
  {
   "type": "Feature",
   "geometry": {
    "type": "LineString",
    "coordinates": [
     [
      -56.1116258,
      -15.6284098
     ],
     [
      -56.1116631,
      -15.628325
     ],
     [
      -56.1116885,
      -15.628263
     ],
     [
      -56.1117107,
      -15.6281972
     ],
     [
      -56.1117234,
      -15.6281339
     ],
     [
      -56.1117277,
      -15.6280698
     ],
     [
      -56.1117263,
      -15.6279535
     ]
    ]
   },
   "properties": {
    "ref": "BR-163;BR-364;MT-045",
    "nome": "Avenida Dom Orlando Chaves",
    "highway": "primary",
    "bridge": "nao",
    "jurisdicao": "federal_estadual",
    "km_aprox": 0.3,
    "latitude": "-15.628197",
    "longitude": "-56.111711",
    "osm_id": "207242153",
    "fonte": "OSM",
    "observacao": "Proxy DNIT/Sinfra — refs BR/MT no OSM; substituir por SNV oficial quando o portal responder"
   }
  },
  {
   "type": "Feature",
   "geometry": {
    "type": "LineString",
    "coordinates": [
     [
      -56.8380715,
      -14.8152488
     ],
     [
      -56.8387382,
      -14.8154784
     ]
    ]
   },
   "properties": {
    "ref": "MT-160",
    "nome": "MT-160",
    "highway": "tertiary",
    "bridge": "sim",
    "jurisdicao": "estadual",
    "km_aprox": 0.27,
    "latitude": "-14.815478",
    "longitude": "-56.838738",
    "osm_id": "386560619",
    "fonte": "OSM",
    "observacao": "Proxy DNIT/Sinfra — refs BR/MT no OSM; substituir por SNV oficial quando o portal responder"
   }
  },
  {
   "type": "Feature",
   "geometry": {
    "type": "LineString",
    "coordinates": [
     [
      -55.6990045,
      -14.6757638
     ],
     [
      -55.6993033,
      -14.6758726
     ]
    ]
   },
   "properties": {
    "ref": "MT-244",
    "nome": "MT-244",
    "highway": "tertiary",
    "bridge": "sim",
    "jurisdicao": "estadual",
    "km_aprox": 0.26,
    "latitude": "-14.675873",
    "longitude": "-55.699303",
    "osm_id": "295538554",
    "fonte": "OSM",
    "observacao": "Proxy DNIT/Sinfra — refs BR/MT no OSM; substituir por SNV oficial quando o portal responder"
   }
  },
  {
   "type": "Feature",
   "geometry": {
    "type": "LineString",
    "coordinates": [
     [
      -55.8291421,
      -16.3296358
     ],
     [
      -55.8289766,
      -16.3298051
     ]
    ]
   },
   "properties": {
    "ref": "MT-524",
    "nome": "MT-524",
    "highway": "tertiary",
    "bridge": "sim",
    "jurisdicao": "estadual",
    "km_aprox": 0.26,
    "latitude": "-16.329805",
    "longitude": "-55.828977",
    "osm_id": "286683038",
    "fonte": "OSM",
    "observacao": "Proxy DNIT/Sinfra — refs BR/MT no OSM; substituir por SNV oficial quando o portal responder"
   }
  },
  {
   "type": "Feature",
   "geometry": {
    "type": "LineString",
    "coordinates": [
     [
      -55.7986997,
      -14.8568747
     ],
     [
      -55.7985737,
      -14.8568514
     ],
     [
      -55.7984634,
      -14.8567882
     ],
     [
      -55.798387,
      -14.8567014
     ],
     [
      -55.7983424,
      -14.8565958
     ],
     [
      -55.7983342,
      -14.856482
     ],
     [
      -55.7983631,
      -14.8563715
     ],
     [
      -55.7984263,
      -14.8562752
     ],
     [
      -55.7985174,
      -14.8562028
     ],
     [
      -55.7986274,
      -14.8561615
     ],
     [
      -55.7987452,
      -14.8561554
     ],
     [
      -55.7988591,
      -14.8561852
     ],
     [
      -55.7989576,
      -14.8562479
     ],
     [
      -55.799036,
      -14.856346
     ],
     [
      -55.7990754,
      -14.856464
     ],
     [
      -55.7990711,
      -14.8565878
     ],
     [
      -55.7990237,
      -14.856703
     ],
     [
      -55.7989388,
      -14.8567959
     ],
     [
      -55.7988263,
      -14.8568555
     ],
     [
      -55.7986997,
      -14.8568747
     ]
    ]
   },
   "properties": {
    "ref": "MT-351;MT-494",
    "nome": "MT-351;MT-494",
    "highway": "secondary",
    "bridge": "nao",
    "jurisdicao": "estadual",
    "km_aprox": 0.25,
    "latitude": "-14.856155",
    "longitude": "-55.798745",
    "osm_id": "545571819",
    "fonte": "OSM",
    "observacao": "Proxy DNIT/Sinfra — refs BR/MT no OSM; substituir por SNV oficial quando o portal responder"
   }
  },
  {
   "type": "Feature",
   "geometry": {
    "type": "LineString",
    "coordinates": [
     [
      -56.0419625,
      -15.7004718
     ],
     [
      -56.0419124,
      -15.7004166
     ],
     [
      -56.041877,
      -15.7003517
     ],
     [
      -56.0418581,
      -15.7002807
     ],
     [
      -56.0418569,
      -15.7002074
     ],
     [
      -56.0418739,
      -15.7001342
     ],
     [
      -56.0419084,
      -15.700067
     ],
     [
      -56.0419789,
      -15.6999927
     ],
     [
      -56.04207,
      -15.6999437
     ],
     [
      -56.0421726,
      -15.6999249
     ],
     [
      -56.0422762,
      -15.6999383
     ],
     [
      -56.0423017,
      -15.6999468
     ],
     [
      -56.042356,
      -15.6999734
     ],
     [
      -56.0424042,
      -15.7000092
     ],
     [
      -56.0424447,
      -15.700053
     ],
     [
      -56.0424833,
      -15.7001192
     ],
     [
      -56.0425043,
      -15.7001923
     ],
     [
      -56.0425065,
      -15.7002681
     ],
     [
      -56.0424834,
      -15.7003583
     ],
     [
      -56.042434,
      -15.7004381
     ],
     [
      -56.0423672,
      -15.7004973
     ],
     [
      -56.0422861,
      -15.7005366
     ],
     [
      -56.0421969,
      -15.7005528
     ],
     [
      -56.0421065,
      -15.7005447
     ],
     [
      -56.0420297,
      -15.700517
     ],
     [
      -56.0419625,
      -15.7004718
     ]
    ]
   },
   "properties": {
    "ref": "MT-407;MT-040",
    "nome": "MT-407;MT-040",
    "highway": "trunk",
    "bridge": "nao",
    "jurisdicao": "estadual",
    "km_aprox": 0.22,
    "latitude": "-15.700009",
    "longitude": "-56.042404",
    "osm_id": "457411696",
    "fonte": "OSM",
    "observacao": "Proxy DNIT/Sinfra — refs BR/MT no OSM; substituir por SNV oficial quando o portal responder"
   }
  },
  {
   "type": "Feature",
   "geometry": {
    "type": "LineString",
    "coordinates": [
     [
      -55.9136553,
      -14.5772044
     ],
     [
      -55.9135322,
      -14.5771986
     ],
     [
      -55.9134209,
      -14.5771464
     ],
     [
      -55.9133388,
      -14.5770548
     ]
    ]
   },
   "properties": {
    "ref": "MT-351;MT-241",
    "nome": "MT-351;MT-241",
    "highway": "secondary",
    "bridge": "nao",
    "jurisdicao": "estadual",
    "km_aprox": 0.21,
    "latitude": "-14.577146",
    "longitude": "-55.913421",
    "osm_id": "295538618",
    "fonte": "OSM",
    "observacao": "Proxy DNIT/Sinfra — refs BR/MT no OSM; substituir por SNV oficial quando o portal responder"
   }
  },
  {
   "type": "Feature",
   "geometry": {
    "type": "LineString",
    "coordinates": [
     [
      -56.1120495,
      -15.6284781
     ],
     [
      -56.1120763,
      -15.6285592
     ],
     [
      -56.1120742,
      -15.6286443
     ],
     [
      -56.1120435,
      -15.6287241
     ],
     [
      -56.1120054,
      -15.6287689
     ],
     [
      -56.111966,
      -15.6288061
     ]
    ]
   },
   "properties": {
    "ref": "BR-163;BR-364;MT-351;MT-045",
    "nome": "Avenida Dom Orlando Chaves",
    "highway": "primary",
    "bridge": "nao",
    "jurisdicao": "federal_estadual",
    "km_aprox": 0.18,
    "latitude": "-15.628724",
    "longitude": "-56.112043",
    "osm_id": "312059299",
    "fonte": "OSM",
    "observacao": "Proxy DNIT/Sinfra — refs BR/MT no OSM; substituir por SNV oficial quando o portal responder"
   }
  },
  {
   "type": "Feature",
   "geometry": {
    "type": "LineString",
    "coordinates": [
     [
      -57.2212758,
      -14.9575309
     ],
     [
      -57.2213714,
      -14.9572495
     ]
    ]
   },
   "properties": {
    "ref": "MT-447",
    "nome": "MT-447",
    "highway": "tertiary",
    "bridge": "sim",
    "jurisdicao": "estadual",
    "km_aprox": 0.17,
    "latitude": "-14.957249",
    "longitude": "-57.221371",
    "osm_id": "582624171",
    "fonte": "OSM",
    "observacao": "Proxy DNIT/Sinfra — refs BR/MT no OSM; substituir por SNV oficial quando o portal responder"
   }
  },
  {
   "type": "Feature",
   "geometry": {
    "type": "LineString",
    "coordinates": [
     [
      -56.3972079,
      -16.478163
     ],
     [
      -56.3972016,
      -16.4776722
     ]
    ]
   },
   "properties": {
    "ref": "MT-370",
    "nome": "Rodovia Francisca Figueiredo Arruda Martins",
    "highway": "tertiary",
    "bridge": "sim",
    "jurisdicao": "estadual",
    "km_aprox": 0.16,
    "latitude": "-16.477672",
    "longitude": "-56.397202",
    "osm_id": "286831408",
    "fonte": "OSM",
    "observacao": "Proxy DNIT/Sinfra — refs BR/MT no OSM; substituir por SNV oficial quando o portal responder"
   }
  },
  {
   "type": "Feature",
   "geometry": {
    "type": "LineString",
    "coordinates": [
     [
      -56.6303023,
      -16.2508524
     ],
     [
      -56.6303016,
      -16.2508017
     ],
     [
      -56.6303178,
      -16.2507541
     ],
     [
      -56.6303491,
      -16.250714
     ],
     [
      -56.6303921,
      -16.2506857
     ],
     [
      -56.6304423,
      -16.2506721
     ],
     [
      -56.6304944,
      -16.2506747
     ],
     [
      -56.6305429,
      -16.2506933
     ],
     [
      -56.6306029,
      -16.2507511
     ],
     [
      -56.6306134,
      -16.2507801
     ],
     [
      -56.6306204,
      -16.2508225
     ],
     [
      -56.6306149,
      -16.2508651
     ],
     [
      -56.6305974,
      -16.2509046
     ],
     [
      -56.6305764,
      -16.250931
     ],
     [
      -56.6305501,
      -16.2509525
     ],
     [
      -56.630502,
      -16.2509737
     ],
     [
      -56.6304494,
      -16.2509787
     ],
     [
      -56.6303979,
      -16.250967
     ],
     [
      -56.6303532,
      -16.2509399
     ],
     [
      -56.6303201,
      -16.2509002
     ],
     [
      -56.6303023,
      -16.2508524
     ]
    ]
   },
   "properties": {
    "ref": "MT-60",
    "nome": "MT-60",
    "highway": "secondary",
    "bridge": "nao",
    "jurisdicao": "estadual",
    "km_aprox": 0.11,
    "latitude": "-16.250823",
    "longitude": "-56.630620",
    "osm_id": "136213152",
    "fonte": "OSM",
    "observacao": "Proxy DNIT/Sinfra — refs BR/MT no OSM; substituir por SNV oficial quando o portal responder"
   }
  },
  {
   "type": "Feature",
   "geometry": {
    "type": "LineString",
    "coordinates": [
     [
      -57.2869767,
      -14.7800795
     ],
     [
      -57.2869652,
      -14.7800328
     ],
     [
      -57.2869536,
      -14.779986
     ],
     [
      -57.286939,
      -14.7799107
     ]
    ]
   },
   "properties": {
    "ref": "MT-343;MT-408",
    "nome": "MT-358",
    "highway": "primary",
    "bridge": "nao",
    "jurisdicao": "estadual",
    "km_aprox": 0.1,
    "latitude": "-14.779986",
    "longitude": "-57.286954",
    "osm_id": "239323534",
    "fonte": "OSM",
    "observacao": "Proxy DNIT/Sinfra — refs BR/MT no OSM; substituir por SNV oficial quando o portal responder"
   }
  },
  {
   "type": "Feature",
   "geometry": {
    "type": "LineString",
    "coordinates": [
     [
      -56.0201866,
      -15.4298905
     ],
     [
      -56.020184,
      -15.4298383
     ],
     [
      -56.0201899,
      -15.4297763
     ],
     [
      -56.0202153,
      -15.4297191
     ],
     [
      -56.0202577,
      -15.4296721
     ],
     [
      -56.0203337,
      -15.429621
     ]
    ]
   },
   "properties": {
    "ref": "BR-251;MT-020;MT-351",
    "nome": "BR-251;MT-020;MT-351",
    "highway": "primary",
    "bridge": "nao",
    "jurisdicao": "federal_estadual",
    "km_aprox": 0.08,
    "latitude": "-15.429719",
    "longitude": "-56.020215",
    "osm_id": "241946631",
    "fonte": "OSM",
    "observacao": "Proxy DNIT/Sinfra — refs BR/MT no OSM; substituir por SNV oficial quando o portal responder"
   }
  },
  {
   "type": "Feature",
   "geometry": {
    "type": "LineString",
    "coordinates": [
     [
      -55.7185002,
      -16.3026217
     ],
     [
      -55.7187268,
      -16.3030761
     ]
    ]
   },
   "properties": {
    "ref": "MT-270",
    "nome": "MT-270",
    "highway": "unclassified",
    "bridge": "sim",
    "jurisdicao": "estadual",
    "km_aprox": 0.06,
    "latitude": "-16.303076",
    "longitude": "-55.718727",
    "osm_id": "499161100",
    "fonte": "OSM",
    "observacao": "Proxy DNIT/Sinfra — refs BR/MT no OSM; substituir por SNV oficial quando o portal responder"
   }
  },
  {
   "type": "Feature",
   "geometry": {
    "type": "LineString",
    "coordinates": [
     [
      -56.1771506,
      -15.3201131
     ],
     [
      -56.1769595,
      -15.3203505
     ]
    ]
   },
   "properties": {
    "ref": "MT-401",
    "nome": "MT-401",
    "highway": "tertiary",
    "bridge": "sim",
    "jurisdicao": "estadual",
    "km_aprox": 0.04,
    "latitude": "-15.320350",
    "longitude": "-56.176960",
    "osm_id": "882686085",
    "fonte": "OSM",
    "observacao": "Proxy DNIT/Sinfra — refs BR/MT no OSM; substituir por SNV oficial quando o portal responder"
   }
  },
  {
   "type": "Feature",
   "geometry": {
    "type": "LineString",
    "coordinates": [
     [
      -56.1206054,
      -15.6379722
     ],
     [
      -56.1206634,
      -15.6379933
     ],
     [
      -56.1207215,
      -15.6380219
     ],
     [
      -56.120781,
      -15.6380635
     ],
     [
      -56.1208258,
      -15.6381063
     ],
     [
      -56.1208608,
      -15.638147
     ]
    ]
   },
   "properties": {
    "ref": "BR-163;BR-364;MT-050;MT-060",
    "nome": "Trevo do Zero Quilômetro",
    "highway": "primary",
    "bridge": "nao",
    "jurisdicao": "federal_estadual",
    "km_aprox": 0.03,
    "latitude": "-15.638063",
    "longitude": "-56.120781",
    "osm_id": "312059311",
    "fonte": "OSM",
    "observacao": "Proxy DNIT/Sinfra — refs BR/MT no OSM; substituir por SNV oficial quando o portal responder"
   }
  },
  {
   "type": "Feature",
   "geometry": {
    "type": "LineString",
    "coordinates": [
     [
      -56.1959897,
      -15.6494502
     ],
     [
      -56.1960053,
      -15.649479
     ],
     [
      -56.1960187,
      -15.6495089
     ],
     [
      -56.1960296,
      -15.6495396
     ],
     [
      -56.196038,
      -15.6495711
     ],
     [
      -56.1960439,
      -15.6496031
     ],
     [
      -56.1960473,
      -15.6496355
     ],
     [
      -56.196048,
      -15.649668
     ]
    ]
   },
   "properties": {
    "ref": "BR-364",
    "nome": "Trevo do Lagarto",
    "highway": "trunk",
    "bridge": "nao",
    "jurisdicao": "federal",
    "km_aprox": 0.03,
    "latitude": "-15.649571",
    "longitude": "-56.196038",
    "osm_id": "663507877",
    "fonte": "OSM",
    "observacao": "Proxy DNIT/Sinfra — refs BR/MT no OSM; substituir por SNV oficial quando o portal responder"
   }
  },
  {
   "type": "Feature",
   "geometry": {
    "type": "LineString",
    "coordinates": [
     [
      -55.7652259,
      -17.0847111
     ],
     [
      -55.7652445,
      -17.0848532
     ]
    ]
   },
   "properties": {
    "ref": "MT-140",
    "nome": "MT-140",
    "highway": "tertiary",
    "bridge": "sim",
    "jurisdicao": "estadual",
    "km_aprox": 0.02,
    "latitude": "-17.084853",
    "longitude": "-55.765245",
    "osm_id": "1029162690",
    "fonte": "OSM",
    "observacao": "Proxy DNIT/Sinfra — refs BR/MT no OSM; substituir por SNV oficial quando o portal responder"
   }
  },
  {
   "type": "Feature",
   "geometry": {
    "type": "LineString",
    "coordinates": [
     [
      -56.675715,
      -14.6707888
     ],
     [
      -56.6759262,
      -14.6708719
     ]
    ]
   },
   "properties": {
    "ref": "MT-409",
    "nome": "MT-409",
    "highway": "tertiary",
    "bridge": "sim",
    "jurisdicao": "estadual",
    "km_aprox": 0.02,
    "latitude": "-14.670872",
    "longitude": "-56.675926",
    "osm_id": "481460708",
    "fonte": "OSM",
    "observacao": "Proxy DNIT/Sinfra — refs BR/MT no OSM; substituir por SNV oficial quando o portal responder"
   }
  },
  {
   "type": "Feature",
   "geometry": {
    "type": "LineString",
    "coordinates": [
     [
      -56.1969172,
      -15.9247694
     ],
     [
      -56.1969007,
      -15.9249028
     ]
    ]
   },
   "properties": {
    "ref": "MT-452",
    "nome": "MT-452",
    "highway": "tertiary",
    "bridge": "sim",
    "jurisdicao": "estadual",
    "km_aprox": 0.02,
    "latitude": "-15.924903",
    "longitude": "-56.196901",
    "osm_id": "859522525",
    "fonte": "OSM",
    "observacao": "Proxy DNIT/Sinfra — refs BR/MT no OSM; substituir por SNV oficial quando o portal responder"
   }
  },
  {
   "type": "Feature",
   "geometry": {
    "type": "LineString",
    "coordinates": [
     [
      -55.9139863,
      -15.6068569
     ],
     [
      -55.9141908,
      -15.6069582
     ]
    ]
   },
   "properties": {
    "ref": "MT-551",
    "nome": "MT-551",
    "highway": "tertiary",
    "bridge": "sim",
    "jurisdicao": "estadual",
    "km_aprox": 0.02,
    "latitude": "-15.606958",
    "longitude": "-55.914191",
    "osm_id": "880884902",
    "fonte": "OSM",
    "observacao": "Proxy DNIT/Sinfra — refs BR/MT no OSM; substituir por SNV oficial quando o portal responder"
   }
  },
  {
   "type": "Feature",
   "geometry": {
    "type": "LineString",
    "coordinates": [
     [
      -56.1201006,
      -15.6201618
     ],
     [
      -56.1200906,
      -15.6201284
     ]
    ]
   },
   "properties": {
    "ref": "BR-070;BR-163;BR-364;MT-351",
    "nome": "BR-070;BR-163;BR-364;MT-351",
    "highway": "primary",
    "bridge": "nao",
    "jurisdicao": "federal_estadual",
    "km_aprox": 0.0,
    "latitude": "-15.620128",
    "longitude": "-56.120091",
    "osm_id": "206290738",
    "fonte": "OSM",
    "observacao": "Proxy DNIT/Sinfra — refs BR/MT no OSM; substituir por SNV oficial quando o portal responder"
   }
  }
 ]
}