{"type": "FeatureCollection", "features": [{"type": "Feature", "properties": {"codigo_setor": "510780015000022", "municipio": "Santo Antônio de Leverger", "populacao": 36, "domicilios": 53, "situacao": "Rural"}, "geometry": {"type": "Point", "coordinates": [-55.478636, -17.227486]}}, {"type": "Feature", "properties": {"codigo_setor": "510780015000024", "municipio": "Santo Antônio de Leverger", "populacao": 73, "domicilios": 26, "situacao": "Rural"}, "geometry": {"type": "Point", "coordinates": [-55.282999, -17.223973]}}, {"type": "Feature", "properties": {"codigo_setor": "510780015000007", "municipio": "Santo Antônio de Leverger", "populacao": 255, "domicilios": 69, "situacao": "Rural"}, "geometry": {"type": "Point", "coordinates": [-55.213144, -16.595176]}}, {"type": "Feature", "properties": {"codigo_setor": "510780015000006", "municipio": "Santo Antônio de Leverger", "populacao": 62, "domicilios": 17, "situacao": "Rural"}, "geometry": {"type": "Point", "coordinates": [-54.991911, -16.591869]}}, {"type": "Feature", "properties": {"codigo_setor": "510340310000037", "municipio": "Cuiabá", "populacao": 52, "domicilios": 31, "situacao": "Rural"}, "geometry": {"type": "Point", "coordinates": [-55.356052, -15.85152]}}, {"type": "Feature", "properties": {"codigo_setor": "510780015000008", "municipio": "Santo Antônio de Leverger", "populacao": 0, "domicilios": 0, "situacao": "Rural"}, "geometry": {"type": "Point", "coordinates": [-55.00127, -16.523624]}}, {"type": "Feature", "properties": {"codigo_setor": "510340310000031", "municipio": "Cuiabá", "populacao": 97, "domicilios": 88, "situacao": "Rural"}, "geometry": {"type": "Point", "coordinates": [-55.258644, -16.354822]}}, {"type": "Feature", "properties": {"codigo_setor": "510780015000026", "municipio": "Santo Antônio de Leverger", "populacao": 15, "domicilios": 16, "situacao": "Rural"}, "geometry": {"type": "Point", "coordinates": [-55.095406, -16.477044]}}, {"type": "Feature", "properties": {"codigo_setor": "510780015000027", "municipio": "Santo Antônio de Leverger", "populacao": 73, "domicilios": 65, "situacao": "Rural"}, "geometry": {"type": "Point", "coordinates": [-55.336924, -16.455611]}}, {"type": "Feature", "properties": {"codigo_setor": "510300720000012", "municipio": "Chapada dos Guimarães", "populacao": 171, "domicilios": 117, "situacao": "Rural"}, "geometry": {"type": "Point", "coordinates": [-55.342176, -15.441711]}}, {"type": "Feature", "properties": {"codigo_setor": "510300705000053", "municipio": "Chapada dos Guimarães", "populacao": 6, "domicilios": 5, "situacao": "Rural"}, "geometry": {"type": "Point", "coordinates": [-55.537674, -15.391259]}}, {"type": "Feature", "properties": {"codigo_setor": "510300720000013", "municipio": "Chapada dos Guimarães", "populacao": 60, "domicilios": 43, "situacao": "Rural"}, "geometry": {"type": "Point", "coordinates": [-55.3827, -15.421592]}}, {"type": "Feature", "properties": {"codigo_setor": "510300720000001", "municipio": "Chapada dos Guimarães", "populacao": 131, "domicilios": 107, "situacao": "Urbana"}, "geometry": {"type": "Point", "coordinates": [-55.451649, -15.366568]}}, {"type": "Feature", "properties": {"codigo_setor": "510300720000008", "municipio": "Chapada dos Guimarães", "populacao": 101, "domicilios": 92, "situacao": "Rural"}, "geometry": {"type": "Point", "coordinates": [-55.35651, -15.289373]}}, {"type": "Feature", "properties": {"codigo_setor": "510300720000004", "municipio": "Chapada dos Guimarães", "populacao": 230, "domicilios": 146, "situacao": "Rural"}, "geometry": {"type": "Point", "coordinates": [-55.253868, -15.162699]}}, {"type": "Feature", "properties": {"codigo_setor": "510300720000007", "municipio": "Chapada dos Guimarães", "populacao": 237, "domicilios": 184, "situacao": "Rural"}, "geometry": {"type": "Point", "coordinates": [-55.341885, -15.196821]}}, {"type": "Feature", "properties": {"codigo_setor": "510780015000018", "municipio": "Santo Antônio de Leverger", "populacao": 35, "domicilios": 26, "situacao": "Rural"}, "geometry": {"type": "Point", "coordinates": [-55.49865, -16.950967]}}, {"type": "Feature", "properties": {"codigo_setor": "510780015000010", "municipio": "Santo Antônio de Leverger", "populacao": 185, "domicilios": 70, "situacao": "Rural"}, "geometry": {"type": "Point", "coordinates": [-55.010489, -16.961087]}}, {"type": "Feature", "properties": {"codigo_setor": "510780015000019", "municipio": "Santo Antônio de Leverger", "populacao": 43, "domicilios": 29, "situacao": "Rural"}, "geometry": {"type": "Point", "coordinates": [-55.289186, -16.772701]}}, {"type": "Feature", "properties": {"codigo_setor": "510780015000020", "municipio": "Santo Antônio de Leverger", "populacao": 56, "domicilios": 47, "situacao": "Rural"}, "geometry": {"type": "Point", "coordinates": [-55.115763, -16.785462]}}, {"type": "Feature", "properties": {"codigo_setor": "510780015000005", "municipio": "Santo Antônio de Leverger", "populacao": 153, "domicilios": 241, "situacao": "Rural"}, "geometry": {"type": "Point", "coordinates": [-55.377035, -16.635483]}}, {"type": "Feature", "properties": {"codigo_setor": "510780015000009", "municipio": "Santo Antônio de Leverger", "populacao": 102, "domicilios": 57, "situacao": "Rural"}, "geometry": {"type": "Point", "coordinates": [-55.122122, -16.981943]}}, {"type": "Feature", "properties": {"codigo_setor": "510780015000021", "municipio": "Santo Antônio de Leverger", "populacao": 17, "domicilios": 16, "situacao": "Rural"}, "geometry": {"type": "Point", "coordinates": [-55.35644, -17.026954]}}, {"type": "Feature", "properties": {"codigo_setor": "510780015000023", "municipio": "Santo Antônio de Leverger", "populacao": 83, "domicilios": 33, "situacao": "Rural"}, "geometry": {"type": "Point", "coordinates": [-55.036491, -16.874557]}}, {"type": "Feature", "properties": {"codigo_setor": "510780015000028", "municipio": "Santo Antônio de Leverger", "populacao": 37, "domicilios": 15, "situacao": "Rural"}, "geometry": {"type": "Point", "coordinates": [-55.016891, -16.613288]}}, {"type": "Feature", "properties": {"codigo_setor": "510780015000029", "municipio": "Santo Antônio de Leverger", "populacao": 55, "domicilios": 14, "situacao": "Rural"}, "geometry": {"type": "Point", "coordinates": [-55.093334, -16.562098]}}, {"type": "Feature", "properties": {"codigo_setor": "510770120000014", "municipio": "Rosário Oeste", "populacao": 53, "domicilios": 28, "situacao": "Rural"}, "geometry": {"type": "Point", "coordinates": [-55.135, -14.533048]}}, {"type": "Feature", "properties": {"codigo_setor": "510770120000004", "municipio": "Rosário Oeste", "populacao": 34, "domicilios": 35, "situacao": "Rural"}, "geometry": {"type": "Point", "coordinates": [-55.192492, -14.491349]}}, {"type": "Feature", "properties": {"codigo_setor": "510770120000012", "municipio": "Rosário Oeste", "populacao": 35, "domicilios": 25, "situacao": "Rural"}, "geometry": {"type": "Point", "coordinates": [-55.366482, -14.414006]}}, {"type": "Feature", "properties": {"codigo_setor": "510770120000007", "municipio": "Rosário Oeste", "populacao": 24, "domicilios": 12, "situacao": "Rural"}, "geometry": {"type": "Point", "coordinates": [-54.932428, -14.331128]}}, {"type": "Feature", "properties": {"codigo_setor": "510770120000013", "municipio": "Rosário Oeste", "populacao": 36, "domicilios": 17, "situacao": "Rural"}, "geometry": {"type": "Point", "coordinates": [-55.185312, -14.294741]}}, {"type": "Feature", "properties": {"codigo_setor": "510340310400171", "municipio": "Cuiabá", "populacao": 161, "domicilios": 59, "situacao": "Urbana"}, "geometry": {"type": "Point", "coordinates": [-56.055828, -15.560125]}}, {"type": "Feature", "properties": {"codigo_setor": "510340305400012", "municipio": "Cuiabá", "populacao": 191, "domicilios": 126, "situacao": "Urbana"}, "geometry": {"type": "Point", "coordinates": [-56.081856, -15.56305]}}, {"type": "Feature", "properties": {"codigo_setor": "510340310400031", "municipio": "Cuiabá", "populacao": 440, "domicilios": 178, "situacao": "Urbana"}, "geometry": {"type": "Point", "coordinates": [-56.037996, -15.557071]}}, {"type": "Feature", "properties": {"codigo_setor": "510340305400013", "municipio": "Cuiabá", "populacao": 47, "domicilios": 35, "situacao": "Urbana"}, "geometry": {"type": "Point", "coordinates": [-56.081676, -15.563898]}}, {"type": "Feature", "properties": {"codigo_setor": "510340305410253", "municipio": "Cuiabá", "populacao": 435, "domicilios": 237, "situacao": "Urbana"}, "geometry": {"type": "Point", "coordinates": [-56.081553, -15.544147]}}, {"type": "Feature", "properties": {"codigo_setor": "510340310400016", "municipio": "Cuiabá", "populacao": 337, "domicilios": 148, "situacao": "Urbana"}, "geometry": {"type": "Point", "coordinates": [-56.045946, -15.563638]}}, {"type": "Feature", "properties": {"codigo_setor": "510340310400098", "municipio": "Cuiabá", "populacao": 566, "domicilios": 201, "situacao": "Urbana"}, "geometry": {"type": "Point", "coordinates": [-56.043783, -15.563219]}}, {"type": "Feature", "properties": {"codigo_setor": "510340310400151", "municipio": "Cuiabá", "populacao": 548, "domicilios": 229, "situacao": "Urbana"}, "geometry": {"type": "Point", "coordinates": [-56.044073, -15.547021]}}, {"type": "Feature", "properties": {"codigo_setor": "510340310400011", "municipio": "Cuiabá", "populacao": 508, "domicilios": 204, "situacao": "Urbana"}, "geometry": {"type": "Point", "coordinates": [-56.038214, -15.561101]}}, {"type": "Feature", "properties": {"codigo_setor": "510340310400109", "municipio": "Cuiabá", "populacao": 439, "domicilios": 135, "situacao": "Urbana"}, "geometry": {"type": "Point", "coordinates": [-56.048582, -15.553366]}}, {"type": "Feature", "properties": {"codigo_setor": "510340310400163", "municipio": "Cuiabá", "populacao": 319, "domicilios": 149, "situacao": "Urbana"}, "geometry": {"type": "Point", "coordinates": [-56.055107, -15.563115]}}, {"type": "Feature", "properties": {"codigo_setor": "510340310400102", "municipio": "Cuiabá", "populacao": 370, "domicilios": 156, "situacao": "Urbana"}, "geometry": {"type": "Point", "coordinates": [-56.043398, -15.557429]}}, {"type": "Feature", "properties": {"codigo_setor": "510340310400100", "municipio": "Cuiabá", "populacao": 400, "domicilios": 147, "situacao": "Urbana"}, "geometry": {"type": "Point", "coordinates": [-56.047131, -15.563462]}}, {"type": "Feature", "properties": {"codigo_setor": "510340310400028", "municipio": "Cuiabá", "populacao": 488, "domicilios": 224, "situacao": "Urbana"}, "geometry": {"type": "Point", "coordinates": [-56.041153, -15.556005]}}, {"type": "Feature", "properties": {"codigo_setor": "510340310400030", "municipio": "Cuiabá", "populacao": 666, "domicilios": 268, "situacao": "Urbana"}, "geometry": {"type": "Point", "coordinates": [-56.039478, -15.557027]}}, {"type": "Feature", "properties": {"codigo_setor": "510340310400097", "municipio": "Cuiabá", "populacao": 386, "domicilios": 170, "situacao": "Urbana"}, "geometry": {"type": "Point", "coordinates": [-56.041542, -15.560728]}}, {"type": "Feature", "properties": {"codigo_setor": "510340310400024", "municipio": "Cuiabá", "populacao": 464, "domicilios": 178, "situacao": "Urbana"}, "geometry": {"type": "Point", "coordinates": [-56.052061, -15.560345]}}, {"type": "Feature", "properties": {"codigo_setor": "510340310400059", "municipio": "Cuiabá", "populacao": 632, "domicilios": 287, "situacao": "Urbana"}, "geometry": {"type": "Point", "coordinates": [-56.045971, -15.55389]}}, {"type": "Feature", "properties": {"codigo_setor": "510340310400012", "municipio": "Cuiabá", "populacao": 431, "domicilios": 172, "situacao": "Urbana"}, "geometry": {"type": "Point", "coordinates": [-56.038227, -15.563083]}}, {"type": "Feature", "properties": {"codigo_setor": "510340310400013", "municipio": "Cuiabá", "populacao": 527, "domicilios": 205, "situacao": "Urbana"}, "geometry": {"type": "Point", "coordinates": [-56.04237, -15.562437]}}, {"type": "Feature", "properties": {"codigo_setor": "510340305400016", "municipio": "Cuiabá", "populacao": 794, "domicilios": 286, "situacao": "Urbana"}, "geometry": {"type": "Point", "coordinates": [-56.080236, -15.547622]}}, {"type": "Feature", "properties": {"codigo_setor": "510340310400170", "municipio": "Cuiabá", "populacao": 321, "domicilios": 120, "situacao": "Urbana"}, "geometry": {"type": "Point", "coordinates": [-56.054392, -15.560662]}}, {"type": "Feature", "properties": {"codigo_setor": "510340310400027", "municipio": "Cuiabá", "populacao": 499, "domicilios": 225, "situacao": "Urbana"}, "geometry": {"type": "Point", "coordinates": [-56.044865, -15.558267]}}, {"type": "Feature", "properties": {"codigo_setor": "510340310400010", "municipio": "Cuiabá", "populacao": 760, "domicilios": 289, "situacao": "Urbana"}, "geometry": {"type": "Point", "coordinates": [-56.040508, -15.559178]}}, {"type": "Feature", "properties": {"codigo_setor": "510340310400153", "municipio": "Cuiabá", "populacao": 888, "domicilios": 329, "situacao": "Urbana"}, "geometry": {"type": "Point", "coordinates": [-56.041094, -15.548103]}}, {"type": "Feature", "properties": {"codigo_setor": "510340310400056", "municipio": "Cuiabá", "populacao": 594, "domicilios": 211, "situacao": "Urbana"}, "geometry": {"type": "Point", "coordinates": [-56.053261, -15.55629]}}, {"type": "Feature", "properties": {"codigo_setor": "510340310400107", "municipio": "Cuiabá", "populacao": 370, "domicilios": 139, "situacao": "Urbana"}, "geometry": {"type": "Point", "coordinates": [-56.05131, -15.556678]}}, {"type": "Feature", "properties": {"codigo_setor": "510340310400113", "municipio": "Cuiabá", "populacao": 531, "domicilios": 193, "situacao": "Urbana"}, "geometry": {"type": "Point", "coordinates": [-56.049192, -15.546202]}}, {"type": "Feature", "properties": {"codigo_setor": "510340310400029", "municipio": "Cuiabá", "populacao": 638, "domicilios": 313, "situacao": "Urbana"}, "geometry": {"type": "Point", "coordinates": [-56.043568, -15.555275]}}, {"type": "Feature", "properties": {"codigo_setor": "510340310400137", "municipio": "Cuiabá", "populacao": 475, "domicilios": 163, "situacao": "Urbana"}, "geometry": {"type": "Point", "coordinates": [-56.041489, -15.543674]}}, {"type": "Feature", "properties": {"codigo_setor": "510340310400161", "municipio": "Cuiabá", "populacao": 357, "domicilios": 148, "situacao": "Urbana"}, "geometry": {"type": "Point", "coordinates": [-56.045588, -15.552191]}}, {"type": "Feature", "properties": {"codigo_setor": "510340310400026", "municipio": "Cuiabá", "populacao": 525, "domicilios": 217, "situacao": "Urbana"}, "geometry": {"type": "Point", "coordinates": [-56.046265, -15.56005]}}, {"type": "Feature", "properties": {"codigo_setor": "510340310400023", "municipio": "Cuiabá", "populacao": 761, "domicilios": 317, "situacao": "Urbana"}, "geometry": {"type": "Point", "coordinates": [-56.051548, -15.562414]}}, {"type": "Feature", "properties": {"codigo_setor": "510340310400054", "municipio": "Cuiabá", "populacao": 486, "domicilios": 188, "situacao": "Urbana"}, "geometry": {"type": "Point", "coordinates": [-56.056713, -15.559182]}}, {"type": "Feature", "properties": {"codigo_setor": "510340310400160", "municipio": "Cuiabá", "populacao": 690, "domicilios": 278, "situacao": "Urbana"}, "geometry": {"type": "Point", "coordinates": [-56.050753, -15.549397]}}, {"type": "Feature", "properties": {"codigo_setor": "510340310400108", "municipio": "Cuiabá", "populacao": 765, "domicilios": 302, "situacao": "Urbana"}, "geometry": {"type": "Point", "coordinates": [-56.051653, -15.551901]}}, {"type": "Feature", "properties": {"codigo_setor": "510340310400120", "municipio": "Cuiabá", "populacao": 1045, "domicilios": 387, "situacao": "Urbana"}, "geometry": {"type": "Point", "coordinates": [-56.046806, -15.547861]}}, {"type": "Feature", "properties": {"codigo_setor": "510340310400025", "municipio": "Cuiabá", "populacao": 812, "domicilios": 328, "situacao": "Urbana"}, "geometry": {"type": "Point", "coordinates": [-56.048517, -15.556859]}}, {"type": "Feature", "properties": {"codigo_setor": "510340310400138", "municipio": "Cuiabá", "populacao": 777, "domicilios": 271, "situacao": "Urbana"}, "geometry": {"type": "Point", "coordinates": [-56.043562, -15.550316]}}, {"type": "Feature", "properties": {"codigo_setor": "510340310400057", "municipio": "Cuiabá", "populacao": 671, "domicilios": 262, "situacao": "Urbana"}, "geometry": {"type": "Point", "coordinates": [-56.055912, -15.555426]}}, {"type": "Feature", "properties": {"codigo_setor": "510340310400058", "municipio": "Cuiabá", "populacao": 518, "domicilios": 276, "situacao": "Urbana"}, "geometry": {"type": "Point", "coordinates": [-56.053091, -15.553095]}}, {"type": "Feature", "properties": {"codigo_setor": "510340310400152", "municipio": "Cuiabá", "populacao": 659, "domicilios": 260, "situacao": "Urbana"}, "geometry": {"type": "Point", "coordinates": [-56.043291, -15.544722]}}, {"type": "Feature", "properties": {"codigo_setor": "510340305400003", "municipio": "Cuiabá", "populacao": 180, "domicilios": 69, "situacao": "Urbana"}, "geometry": {"type": "Point", "coordinates": [-56.062243, -15.552413]}}, {"type": "Feature", "properties": {"codigo_setor": "510340305420001", "municipio": "Cuiabá", "populacao": 870, "domicilios": 353, "situacao": "Urbana"}, "geometry": {"type": "Point", "coordinates": [-56.080469, -15.598163]}}, {"type": "Feature", "properties": {"codigo_setor": "510340305420105", "municipio": "Cuiabá", "populacao": 517, "domicilios": 270, "situacao": "Urbana"}, "geometry": {"type": "Point", "coordinates": [-56.079603, -15.602003]}}, {"type": "Feature", "properties": {"codigo_setor": "510340305420003", "municipio": "Cuiabá", "populacao": 453, "domicilios": 263, "situacao": "Urbana"}, "geometry": {"type": "Point", "coordinates": [-56.079102, -15.604984]}}, {"type": "Feature", "properties": {"codigo_setor": "510340305420043", "municipio": "Cuiabá", "populacao": 825, "domicilios": 440, "situacao": "Urbana"}, "geometry": {"type": "Point", "coordinates": [-56.078861, -15.612145]}}, {"type": "Feature", "properties": {"codigo_setor": "510340305420041", "municipio": "Cuiabá", "populacao": 565, "domicilios": 266, "situacao": "Urbana"}, "geometry": {"type": "Point", "coordinates": [-56.076635, -15.606925]}}, {"type": "Feature", "properties": {"codigo_setor": "510340305420104", "municipio": "Cuiabá", "populacao": 351, "domicilios": 131, "situacao": "Urbana"}, "geometry": {"type": "Point", "coordinates": [-56.078728, -15.599289]}}, {"type": "Feature", "properties": {"codigo_setor": "510340305420002", "municipio": "Cuiabá", "populacao": 428, "domicilios": 185, "situacao": "Urbana"}, "geometry": {"type": "Point", "coordinates": [-56.077793, -15.601035]}}, {"type": "Feature", "properties": {"codigo_setor": "510340305420092", "municipio": "Cuiabá", "populacao": 447, "domicilios": 216, "situacao": "Urbana"}, "geometry": {"type": "Point", "coordinates": [-56.07638, -15.598133]}}, {"type": "Feature", "properties": {"codigo_setor": "510340305420144", "municipio": "Cuiabá", "populacao": 466, "domicilios": 224, "situacao": "Urbana"}, "geometry": {"type": "Point", "coordinates": [-56.076391, -15.613547]}}, {"type": "Feature", "properties": {"codigo_setor": "510340305420132", "municipio": "Cuiabá", "populacao": 795, "domicilios": 309, "situacao": "Urbana"}, "geometry": {"type": "Point", "coordinates": [-56.076097, -15.610401]}}, {"type": "Feature", "properties": {"codigo_setor": "510340305420038", "municipio": "Cuiabá", "populacao": 401, "domicilios": 189, "situacao": "Urbana"}, "geometry": {"type": "Point", "coordinates": [-56.075241, -15.601499]}}, {"type": "Feature", "properties": {"codigo_setor": "510340305420133", "municipio": "Cuiabá", "populacao": 634, "domicilios": 264, "situacao": "Urbana"}, "geometry": {"type": "Point", "coordinates": [-56.073717, -15.607759]}}, {"type": "Feature", "properties": {"codigo_setor": "510340305420110", "municipio": "Cuiabá", "populacao": 677, "domicilios": 359, "situacao": "Urbana"}, "geometry": {"type": "Point", "coordinates": [-56.074203, -15.611125]}}, {"type": "Feature", "properties": {"codigo_setor": "510340305420093", "municipio": "Cuiabá", "populacao": 787, "domicilios": 298, "situacao": "Urbana"}, "geometry": {"type": "Point", "coordinates": [-56.073635, -15.60288]}}, {"type": "Feature", "properties": {"codigo_setor": "510340305420138", "municipio": "Cuiabá", "populacao": 240, "domicilios": 104, "situacao": "Urbana"}, "geometry": {"type": "Point", "coordinates": [-56.073132, -15.600646]}}, {"type": "Feature", "properties": {"codigo_setor": "510340305420034", "municipio": "Cuiabá", "populacao": 710, "domicilios": 287, "situacao": "Urbana"}, "geometry": {"type": "Point", "coordinates": [-56.07296, -15.598503]}}, {"type": "Feature", "properties": {"codigo_setor": "510340305420094", "municipio": "Cuiabá", "populacao": 670, "domicilios": 319, "situacao": "Urbana"}, "geometry": {"type": "Point", "coordinates": [-56.072838, -15.611047]}}, {"type": "Feature", "properties": {"codigo_setor": "510340310430124", "municipio": "Cuiabá", "populacao": 880, "domicilios": 372, "situacao": "Urbana"}, "geometry": {"type": "Point", "coordinates": [-56.064451, -15.666434]}}, {"type": "Feature", "properties": {"codigo_setor": "510340310430156", "municipio": "Cuiabá", "populacao": 1017, "domicilios": 397, "situacao": "Urbana"}, "geometry": {"type": "Point", "coordinates": [-56.057238, -15.648545]}}, {"type": "Feature", "properties": {"codigo_setor": "510340310430157", "municipio": "Cuiabá", "populacao": 906, "domicilios": 358, "situacao": "Urbana"}, "geometry": {"type": "Point", "coordinates": [-56.057283, -15.636398]}}, {"type": "Feature", "properties": {"codigo_setor": "510340310430185", "municipio": "Cuiabá", "populacao": 1408, "domicilios": 549, "situacao": "Urbana"}, "geometry": {"type": "Point", "coordinates": [-56.063993, -15.661529]}}, {"type": "Feature", "properties": {"codigo_setor": "510340310430254", "municipio": "Cuiabá", "populacao": 313, "domicilios": 208, "situacao": "Urbana"}, "geometry": {"type": "Point", "coordinates": [-56.059248, -15.652963]}}, {"type": "Feature", "properties": {"codigo_setor": "510340310430255", "municipio": "Cuiabá", "populacao": 718, "domicilios": 268, "situacao": "Urbana"}, "geometry": {"type": "Point", "coordinates": [-56.055676, -15.649181]}}, {"type": "Feature", "properties": {"codigo_setor": "510340310430315", "municipio": "Cuiabá", "populacao": 535, "domicilios": 226, "situacao": "Urbana"}, "geometry": {"type": "Point", "coordinates": [-56.063072, -15.646636]}}, {"type": "Feature", "properties": {"codigo_setor": "510340310430316", "municipio": "Cuiabá", "populacao": 934, "domicilios": 389, "situacao": "Urbana"}, "geometry": {"type": "Point", "coordinates": [-56.056364, -15.645664]}}, {"type": "Feature", "properties": {"codigo_setor": "510340310430321", "municipio": "Cuiabá", "populacao": 927, "domicilios": 434, "situacao": "Urbana"}, "geometry": {"type": "Point", "coordinates": [-56.067822, -15.639071]}}, {"type": "Feature", "properties": {"codigo_setor": "510340310430322", "municipio": "Cuiabá", "populacao": 252, "domicilios": 118, "situacao": "Urbana"}, "geometry": {"type": "Point", "coordinates": [-56.070131, -15.649428]}}, {"type": "Feature", "properties": {"codigo_setor": "510340310430331", "municipio": "Cuiabá", "populacao": 699, "domicilios": 297, "situacao": "Urbana"}, "geometry": {"type": "Point", "coordinates": [-56.056475, -15.658004]}}, {"type": "Feature", "properties": {"codigo_setor": "510340310430332", "municipio": "Cuiabá", "populacao": 710, "domicilios": 263, "situacao": "Urbana"}, "geometry": {"type": "Point", "coordinates": [-56.064764, -15.659009]}}, {"type": "Feature", "properties": {"codigo_setor": "510340310430335", "municipio": "Cuiabá", "populacao": 990, "domicilios": 354, "situacao": "Urbana"}, "geometry": {"type": "Point", "coordinates": [-56.055527, -15.640005]}}, {"type": "Feature", "properties": {"codigo_setor": "510340310430336", "municipio": "Cuiabá", "populacao": 1245, "domicilios": 664, "situacao": "Urbana"}, "geometry": {"type": "Point", "coordinates": [-56.053205, -15.639369]}}, {"type": "Feature", "properties": {"codigo_setor": "510340310430337", "municipio": "Cuiabá", "populacao": 313, "domicilios": 126, "situacao": "Urbana"}, "geometry": {"type": "Point", "coordinates": [-56.06402, -15.632281]}}, {"type": "Feature", "properties": {"codigo_setor": "510340310430338", "municipio": "Cuiabá", "populacao": 850, "domicilios": 396, "situacao": "Urbana"}, "geometry": {"type": "Point", "coordinates": [-56.058561, -15.63144]}}, {"type": "Feature", "properties": {"codigo_setor": "510340310430034", "municipio": "Cuiabá", "populacao": 636, "domicilios": 247, "situacao": "Urbana"}, "geometry": {"type": "Point", "coordinates": [-56.063978, -15.638411]}}, {"type": "Feature", "properties": {"codigo_setor": "510340310430029", "municipio": "Cuiabá", "populacao": 1017, "domicilios": 411, "situacao": "Urbana"}, "geometry": {"type": "Point", "coordinates": [-56.053082, -15.660599]}}, {"type": "Feature", "properties": {"codigo_setor": "510340310430035", "municipio": "Cuiabá", "populacao": 605, "domicilios": 215, "situacao": "Urbana"}, "geometry": {"type": "Point", "coordinates": [-56.061066, -15.637514]}}, {"type": "Feature", "properties": {"codigo_setor": "510340310430037", "municipio": "Cuiabá", "populacao": 150, "domicilios": 97, "situacao": "Urbana"}, "geometry": {"type": "Point", "coordinates": [-56.055332, -15.629807]}}, {"type": "Feature", "properties": {"codigo_setor": "510340310430027", "municipio": "Cuiabá", "populacao": 771, "domicilios": 316, "situacao": "Urbana"}, "geometry": {"type": "Point", "coordinates": [-56.05682, -15.668445]}}, {"type": "Feature", "properties": {"codigo_setor": "510340310430032", "municipio": "Cuiabá", "populacao": 991, "domicilios": 400, "situacao": "Urbana"}, "geometry": {"type": "Point", "coordinates": [-56.062548, -15.64274]}}, {"type": "Feature", "properties": {"codigo_setor": "510340310420108", "municipio": "Cuiabá", "populacao": 504, "domicilios": 171, "situacao": "Urbana"}, "geometry": {"type": "Point", "coordinates": [-56.076223, -15.633699]}}, {"type": "Feature", "properties": {"codigo_setor": "510340310430028", "municipio": "Cuiabá", "populacao": 889, "domicilios": 361, "situacao": "Urbana"}, "geometry": {"type": "Point", "coordinates": [-56.05389, -15.664048]}}, {"type": "Feature", "properties": {"codigo_setor": "510340310430048", "municipio": "Cuiabá", "populacao": 643, "domicilios": 254, "situacao": "Urbana"}, "geometry": {"type": "Point", "coordinates": [-56.052568, -15.642178]}}, {"type": "Feature", "properties": {"codigo_setor": "510340310420056", "municipio": "Cuiabá", "populacao": 2078, "domicilios": 1018, "situacao": "Urbana"}, "geometry": {"type": "Point", "coordinates": [-56.069473, -15.633012]}}, {"type": "Feature", "properties": {"codigo_setor": "510840220000048", "municipio": "Várzea Grande", "populacao": 449, "domicilios": 195, "situacao": "Urbana"}, "geometry": {"type": "Point", "coordinates": [-56.075466, -15.650168]}}, {"type": "Feature", "properties": {"codigo_setor": "510840220000068", "municipio": "Várzea Grande", "populacao": 781, "domicilios": 279, "situacao": "Urbana"}, "geometry": {"type": "Point", "coordinates": [-56.080341, -15.66629]}}, {"type": "Feature", "properties": {"codigo_setor": "510340305420044", "municipio": "Cuiabá", "populacao": 506, "domicilios": 193, "situacao": "Urbana"}, "geometry": {"type": "Point", "coordinates": [-56.080778, -15.616275]}}, {"type": "Feature", "properties": {"codigo_setor": "510340310420059", "municipio": "Cuiabá", "populacao": 557, "domicilios": 226, "situacao": "Urbana"}, "geometry": {"type": "Point", "coordinates": [-56.076712, -15.628937]}}, {"type": "Feature", "properties": {"codigo_setor": "510840220000089", "municipio": "Várzea Grande", "populacao": 790, "domicilios": 347, "situacao": "Urbana"}, "geometry": {"type": "Point", "coordinates": [-56.078375, -15.666717]}}, {"type": "Feature", "properties": {"codigo_setor": "510340305410200", "municipio": "Cuiabá", "populacao": 1160, "domicilios": 501, "situacao": "Urbana"}, "geometry": {"type": "Point", "coordinates": [-56.080116, -15.541058]}}, {"type": "Feature", "properties": {"codigo_setor": "510340305400041", "municipio": "Cuiabá", "populacao": 283, "domicilios": 195, "situacao": "Urbana"}, "geometry": {"type": "Point", "coordinates": [-56.081081, -15.56323]}}, {"type": "Feature", "properties": {"codigo_setor": "510340305400060", "municipio": "Cuiabá", "populacao": 682, "domicilios": 309, "situacao": "Urbana"}, "geometry": {"type": "Point", "coordinates": [-56.07818, -15.561699]}}, {"type": "Feature", "properties": {"codigo_setor": "510340305400017", "municipio": "Cuiabá", "populacao": 1015, "domicilios": 403, "situacao": "Urbana"}, "geometry": {"type": "Point", "coordinates": [-56.07876, -15.545016]}}, {"type": "Feature", "properties": {"codigo_setor": "510340305400039", "municipio": "Cuiabá", "populacao": 868, "domicilios": 357, "situacao": "Urbana"}, "geometry": {"type": "Point", "coordinates": [-56.077927, -15.556064]}}, {"type": "Feature", "properties": {"codigo_setor": "510340305400018", "municipio": "Cuiabá", "populacao": 849, "domicilios": 294, "situacao": "Urbana"}, "geometry": {"type": "Point", "coordinates": [-56.077805, -15.542655]}}, {"type": "Feature", "properties": {"codigo_setor": "510340305400062", "municipio": "Cuiabá", "populacao": 1114, "domicilios": 429, "situacao": "Urbana"}, "geometry": {"type": "Point", "coordinates": [-56.076353, -15.550761]}}, {"type": "Feature", "properties": {"codigo_setor": "510340305400063", "municipio": "Cuiabá", "populacao": 980, "domicilios": 375, "situacao": "Urbana"}, "geometry": {"type": "Point", "coordinates": [-56.076935, -15.547216]}}, {"type": "Feature", "properties": {"codigo_setor": "510340305400066", "municipio": "Cuiabá", "populacao": 472, "domicilios": 187, "situacao": "Urbana"}, "geometry": {"type": "Point", "coordinates": [-56.076902, -15.541338]}}, {"type": "Feature", "properties": {"codigo_setor": "510340305400067", "municipio": "Cuiabá", "populacao": 621, "domicilios": 240, "situacao": "Urbana"}, "geometry": {"type": "Point", "coordinates": [-56.076, -15.540134]}}, {"type": "Feature", "properties": {"codigo_setor": "510340305400064", "municipio": "Cuiabá", "populacao": 664, "domicilios": 251, "situacao": "Urbana"}, "geometry": {"type": "Point", "coordinates": [-56.075129, -15.54475]}}, {"type": "Feature", "properties": {"codigo_setor": "510340305400002", "municipio": "Cuiabá", "populacao": 761, "domicilios": 290, "situacao": "Urbana"}, "geometry": {"type": "Point", "coordinates": [-56.074169, -15.543104]}}, {"type": "Feature", "properties": {"codigo_setor": "510340305400038", "municipio": "Cuiabá", "populacao": 311, "domicilios": 129, "situacao": "Urbana"}, "geometry": {"type": "Point", "coordinates": [-56.072315, -15.549713]}}, {"type": "Feature", "properties": {"codigo_setor": "510340305400065", "municipio": "Cuiabá", "populacao": 475, "domicilios": 203, "situacao": "Urbana"}, "geometry": {"type": "Point", "coordinates": [-56.072641, -15.544008]}}, {"type": "Feature", "properties": {"codigo_setor": "510340305400020", "municipio": "Cuiabá", "populacao": 620, "domicilios": 234, "situacao": "Urbana"}, "geometry": {"type": "Point", "coordinates": [-56.072189, -15.539446]}}, {"type": "Feature", "properties": {"codigo_setor": "510340305400033", "municipio": "Cuiabá", "populacao": 628, "domicilios": 222, "situacao": "Urbana"}, "geometry": {"type": "Point", "coordinates": [-56.070574, -15.541173]}}, {"type": "Feature", "properties": {"codigo_setor": "510340305400021", "municipio": "Cuiabá", "populacao": 1011, "domicilios": 389, "situacao": "Urbana"}, "geometry": {"type": "Point", "coordinates": [-56.069036, -15.542749]}}, {"type": "Feature", "properties": {"codigo_setor": "510780005000001", "municipio": "Santo Antônio de Leverger", "populacao": 256, "domicilios": 123, "situacao": "Urbana"}, "geometry": {"type": "Point", "coordinates": [-56.079811, -15.864995]}}, {"type": "Feature", "properties": {"codigo_setor": "510780005000002", "municipio": "Santo Antônio de Leverger", "populacao": 899, "domicilios": 319, "situacao": "Urbana"}, "geometry": {"type": "Point", "coordinates": [-56.07935, -15.841906]}}, {"type": "Feature", "properties": {"codigo_setor": "510780005000003", "municipio": "Santo Antônio de Leverger", "populacao": 386, "domicilios": 167, "situacao": "Urbana"}, "geometry": {"type": "Point", "coordinates": [-56.075449, -15.853326]}}, {"type": "Feature", "properties": {"codigo_setor": "510780005000004", "municipio": "Santo Antônio de Leverger", "populacao": 498, "domicilios": 179, "situacao": "Urbana"}, "geometry": {"type": "Point", "coordinates": [-56.07387, -15.862962]}}, {"type": "Feature", "properties": {"codigo_setor": "510780005000011", "municipio": "Santo Antônio de Leverger", "populacao": 911, "domicilios": 289, "situacao": "Urbana"}, "geometry": {"type": "Point", "coordinates": [-56.069206, -15.863243]}}, {"type": "Feature", "properties": {"codigo_setor": "510780005000017", "municipio": "Santo Antônio de Leverger", "populacao": 68, "domicilios": 35, "situacao": "Urbana"}, "geometry": {"type": "Point", "coordinates": [-56.067152, -15.845486]}}, {"type": "Feature", "properties": {"codigo_setor": "510780005000020", "municipio": "Santo Antônio de Leverger", "populacao": 56, "domicilios": 42, "situacao": "Rural"}, "geometry": {"type": "Point", "coordinates": [-56.063353, -15.864787]}}, {"type": "Feature", "properties": {"codigo_setor": "510780005000021", "municipio": "Santo Antônio de Leverger", "populacao": 557, "domicilios": 192, "situacao": "Urbana"}, "geometry": {"type": "Point", "coordinates": [-56.072523, -15.859172]}}, {"type": "Feature", "properties": {"codigo_setor": "510780005000023", "municipio": "Santo Antônio de Leverger", "populacao": 289, "domicilios": 115, "situacao": "Urbana"}, "geometry": {"type": "Point", "coordinates": [-56.077492, -15.866097]}}, {"type": "Feature", "properties": {"codigo_setor": "510780005000024", "municipio": "Santo Antônio de Leverger", "populacao": 417, "domicilios": 160, "situacao": "Urbana"}, "geometry": {"type": "Point", "coordinates": [-56.074484, -15.867043]}}, {"type": "Feature", "properties": {"codigo_setor": "510780005000025", "municipio": "Santo Antônio de Leverger", "populacao": 487, "domicilios": 158, "situacao": "Urbana"}, "geometry": {"type": "Point", "coordinates": [-56.067183, -15.840466]}}, {"type": "Feature", "properties": {"codigo_setor": "510780005000030", "municipio": "Santo Antônio de Leverger", "populacao": 636, "domicilios": 216, "situacao": "Urbana"}, "geometry": {"type": "Point", "coordinates": [-56.074102, -15.840002]}}, {"type": "Feature", "properties": {"codigo_setor": "510340310420081", "municipio": "Cuiabá", "populacao": 700, "domicilios": 313, "situacao": "Urbana"}, "geometry": {"type": "Point", "coordinates": [-56.072453, -15.62875]}}, {"type": "Feature", "properties": {"codigo_setor": "510340310420047", "municipio": "Cuiabá", "populacao": 106, "domicilios": 58, "situacao": "Urbana"}, "geometry": {"type": "Point", "coordinates": [-56.042219, -15.623011]}}, {"type": "Feature", "properties": {"codigo_setor": "510340310420055", "municipio": "Cuiabá", "populacao": 279, "domicilios": 116, "situacao": "Urbana"}, "geometry": {"type": "Point", "coordinates": [-56.069349, -15.622598]}}, {"type": "Feature", "properties": {"codigo_setor": "510340310420061", "municipio": "Cuiabá", "populacao": 848, "domicilios": 407, "situacao": "Urbana"}, "geometry": {"type": "Point", "coordinates": [-56.074621, -15.618141]}}, {"type": "Feature", "properties": {"codigo_setor": "510340310420052", "municipio": "Cuiabá", "populacao": 368, "domicilios": 212, "situacao": "Urbana"}, "geometry": {"type": "Point", "coordinates": [-56.062511, -15.617179]}}, {"type": "Feature", "properties": {"codigo_setor": "510340310420053", "municipio": "Cuiabá", "populacao": 0, "domicilios": 1, "situacao": "Urbana"}, "geometry": {"type": "Point", "coordinates": [-56.06535, -15.61723]}}, {"type": "Feature", "properties": {"codigo_setor": "510340310420177", "municipio": "Cuiabá", "populacao": 488, "domicilios": 260, "situacao": "Urbana"}, "geometry": {"type": "Point", "coordinates": [-56.054987, -15.616057]}}, {"type": "Feature", "properties": {"codigo_setor": "510340310420178", "municipio": "Cuiabá", "populacao": 410, "domicilios": 247, "situacao": "Urbana"}, "geometry": {"type": "Point", "coordinates": [-56.057753, -15.616516]}}, {"type": "Feature", "properties": {"codigo_setor": "510340310420078", "municipio": "Cuiabá", "populacao": 514, "domicilios": 330, "situacao": "Urbana"}, "geometry": {"type": "Point", "coordinates": [-56.066229, -15.61519]}}, {"type": "Feature", "properties": {"codigo_setor": "510340310420072", "municipio": "Cuiabá", "populacao": 876, "domicilios": 458, "situacao": "Urbana"}, "geometry": {"type": "Point", "coordinates": [-56.049509, -15.612211]}}, {"type": "Feature", "properties": {"codigo_setor": "510340310420117", "municipio": "Cuiabá", "populacao": 837, "domicilios": 481, "situacao": "Urbana"}, "geometry": {"type": "Point", "coordinates": [-56.073164, -15.615581]}}, {"type": "Feature", "properties": {"codigo_setor": "510340310420077", "municipio": "Cuiabá", "populacao": 600, "domicilios": 275, "situacao": "Urbana"}, "geometry": {"type": "Point", "coordinates": [-56.05397, -15.614129]}}, {"type": "Feature", "properties": {"codigo_setor": "510340310420054", "municipio": "Cuiabá", "populacao": 422, "domicilios": 246, "situacao": "Urbana"}, "geometry": {"type": "Point", "coordinates": [-56.06781, -15.614659]}}, {"type": "Feature", "properties": {"codigo_setor": "510340310420114", "municipio": "Cuiabá", "populacao": 592, "domicilios": 232, "situacao": "Urbana"}, "geometry": {"type": "Point", "coordinates": [-56.039122, -15.610525]}}, {"type": "Feature", "properties": {"codigo_setor": "510340310420049", "municipio": "Cuiabá", "populacao": 819, "domicilios": 386, "situacao": "Urbana"}, "geometry": {"type": "Point", "coordinates": [-56.059204, -15.613648]}}, {"type": "Feature", "properties": {"codigo_setor": "510340310420001", "municipio": "Cuiabá", "populacao": 97, "domicilios": 105, "situacao": "Urbana"}, "geometry": {"type": "Point", "coordinates": [-56.066292, -15.610502]}}, {"type": "Feature", "properties": {"codigo_setor": "510340310420048", "municipio": "Cuiabá", "populacao": 429, "domicilios": 236, "situacao": "Urbana"}, "geometry": {"type": "Point", "coordinates": [-56.061293, -15.613188]}}, {"type": "Feature", "properties": {"codigo_setor": "510340310420050", "municipio": "Cuiabá", "populacao": 396, "domicilios": 276, "situacao": "Urbana"}, "geometry": {"type": "Point", "coordinates": [-56.058214, -15.609927]}}, {"type": "Feature", "properties": {"codigo_setor": "510340305420119", "municipio": "Cuiabá", "populacao": 241, "domicilios": 96, "situacao": "Urbana"}, "geometry": {"type": "Point", "coordinates": [-56.070892, -15.608933]}}, {"type": "Feature", "properties": {"codigo_setor": "510340310420107", "municipio": "Cuiabá", "populacao": 353, "domicilios": 145, "situacao": "Urbana"}, "geometry": {"type": "Point", "coordinates": [-56.055496, -15.607678]}}, {"type": "Feature", "properties": {"codigo_setor": "510340310420002", "municipio": "Cuiabá", "populacao": 487, "domicilios": 193, "situacao": "Urbana"}, "geometry": {"type": "Point", "coordinates": [-56.066713, -15.60584]}}, {"type": "Feature", "properties": {"codigo_setor": "510340310420004", "municipio": "Cuiabá", "populacao": 372, "domicilios": 222, "situacao": "Urbana"}, "geometry": {"type": "Point", "coordinates": [-56.057873, -15.606225]}}, {"type": "Feature", "properties": {"codigo_setor": "510340305420141", "municipio": "Cuiabá", "populacao": 485, "domicilios": 211, "situacao": "Urbana"}, "geometry": {"type": "Point", "coordinates": [-56.071056, -15.605335]}}, {"type": "Feature", "properties": {"codigo_setor": "510340310420182", "municipio": "Cuiabá", "populacao": 590, "domicilios": 276, "situacao": "Urbana"}, "geometry": {"type": "Point", "coordinates": [-56.045673, -15.609825]}}, {"type": "Feature", "properties": {"codigo_setor": "510340310430041", "municipio": "Cuiabá", "populacao": 402, "domicilios": 213, "situacao": "Urbana"}, "geometry": {"type": "Point", "coordinates": [-56.063934, -15.620518]}}, {"type": "Feature", "properties": {"codigo_setor": "510340310430042", "municipio": "Cuiabá", "populacao": 382, "domicilios": 126, "situacao": "Urbana"}, "geometry": {"type": "Point", "coordinates": [-56.051476, -15.620591]}}, {"type": "Feature", "properties": {"codigo_setor": "510340310430043", "municipio": "Cuiabá", "populacao": 626, "domicilios": 259, "situacao": "Urbana"}, "geometry": {"type": "Point", "coordinates": [-56.050354, -15.626378]}}, {"type": "Feature", "properties": {"codigo_setor": "510340310430158", "municipio": "Cuiabá", "populacao": 607, "domicilios": 268, "situacao": "Urbana"}, "geometry": {"type": "Point", "coordinates": [-56.059553, -15.621675]}}, {"type": "Feature", "properties": {"codigo_setor": "510340310420181", "municipio": "Cuiabá", "populacao": 707, "domicilios": 331, "situacao": "Urbana"}, "geometry": {"type": "Point", "coordinates": [-56.044104, -15.605442]}}, {"type": "Feature", "properties": {"codigo_setor": "510340310430265", "municipio": "Cuiabá", "populacao": 802, "domicilios": 407, "situacao": "Urbana"}, "geometry": {"type": "Point", "coordinates": [-56.051735, -15.623663]}}, {"type": "Feature", "properties": {"codigo_setor": "510340310430313", "municipio": "Cuiabá", "populacao": 5, "domicilios": 1, "situacao": "Urbana"}, "geometry": {"type": "Point", "coordinates": [-56.056326, -15.621143]}}, {"type": "Feature", "properties": {"codigo_setor": "510340310430314", "municipio": "Cuiabá", "populacao": 658, "domicilios": 333, "situacao": "Urbana"}, "geometry": {"type": "Point", "coordinates": [-56.058065, -15.62246]}}, {"type": "Feature", "properties": {"codigo_setor": "510340310430333", "municipio": "Cuiabá", "populacao": 1079, "domicilios": 576, "situacao": "Urbana"}, "geometry": {"type": "Point", "coordinates": [-56.055765, -15.623105]}}, {"type": "Feature", "properties": {"codigo_setor": "510340310430334", "municipio": "Cuiabá", "populacao": 363, "domicilios": 186, "situacao": "Urbana"}, "geometry": {"type": "Point", "coordinates": [-56.057793, -15.623406]}}, {"type": "Feature", "properties": {"codigo_setor": "510340310430339", "municipio": "Cuiabá", "populacao": 768, "domicilios": 410, "situacao": "Urbana"}, "geometry": {"type": "Point", "coordinates": [-56.05879, -15.629823]}}, {"type": "Feature", "properties": {"codigo_setor": "510340310420082", "municipio": "Cuiabá", "populacao": 313, "domicilios": 174, "situacao": "Urbana"}, "geometry": {"type": "Point", "coordinates": [-56.06978, -15.618899]}}, {"type": "Feature", "properties": {"codigo_setor": "510340310430038", "municipio": "Cuiabá", "populacao": 405, "domicilios": 209, "situacao": "Urbana"}, "geometry": {"type": "Point", "coordinates": [-56.053362, -15.627904]}}, {"type": "Feature", "properties": {"codigo_setor": "510340310420060", "municipio": "Cuiabá", "populacao": 745, "domicilios": 285, "situacao": "Urbana"}, "geometry": {"type": "Point", "coordinates": [-56.073235, -15.624477]}}, {"type": "Feature", "properties": {"codigo_setor": "510340310420079", "municipio": "Cuiabá", "populacao": 855, "domicilios": 347, "situacao": "Urbana"}, "geometry": {"type": "Point", "coordinates": [-56.065895, -15.625552]}}, {"type": "Feature", "properties": {"codigo_setor": "510340305400004", "municipio": "Cuiabá", "populacao": 0, "domicilios": 0, "situacao": "Urbana"}, "geometry": {"type": "Point", "coordinates": [-56.055927, -15.549843]}}, {"type": "Feature", "properties": {"codigo_setor": "510340305400028", "municipio": "Cuiabá", "populacao": 525, "domicilios": 187, "situacao": "Urbana"}, "geometry": {"type": "Point", "coordinates": [-56.054356, -15.548231]}}, {"type": "Feature", "properties": {"codigo_setor": "510340305400043", "municipio": "Cuiabá", "populacao": 426, "domicilios": 147, "situacao": "Urbana"}, "geometry": {"type": "Point", "coordinates": [-56.05315, -15.546916]}}, {"type": "Feature", "properties": {"codigo_setor": "510340305400070", "municipio": "Cuiabá", "populacao": 337, "domicilios": 142, "situacao": "Urbana"}, "geometry": {"type": "Point", "coordinates": [-56.058855, -15.546154]}}, {"type": "Feature", "properties": {"codigo_setor": "510340305400036", "municipio": "Cuiabá", "populacao": 1074, "domicilios": 425, "situacao": "Urbana"}, "geometry": {"type": "Point", "coordinates": [-56.057178, -15.545244]}}, {"type": "Feature", "properties": {"codigo_setor": "510340305400071", "municipio": "Cuiabá", "populacao": 415, "domicilios": 133, "situacao": "Urbana"}, "geometry": {"type": "Point", "coordinates": [-56.06328, -15.54568]}}, {"type": "Feature", "properties": {"codigo_setor": "510340305400025", "municipio": "Cuiabá", "populacao": 810, "domicilios": 291, "situacao": "Urbana"}, "geometry": {"type": "Point", "coordinates": [-56.065975, -15.54504]}}, {"type": "Feature", "properties": {"codigo_setor": "510340305400035", "municipio": "Cuiabá", "populacao": 825, "domicilios": 285, "situacao": "Urbana"}, "geometry": {"type": "Point", "coordinates": [-56.053949, -15.544679]}}, {"type": "Feature", "properties": {"codigo_setor": "510340305400024", "municipio": "Cuiabá", "populacao": 874, "domicilios": 362, "situacao": "Urbana"}, "geometry": {"type": "Point", "coordinates": [-56.067518, -15.544174]}}, {"type": "Feature", "properties": {"codigo_setor": "510340305400026", "municipio": "Cuiabá", "populacao": 798, "domicilios": 284, "situacao": "Urbana"}, "geometry": {"type": "Point", "coordinates": [-56.061642, -15.544691]}}, {"type": "Feature", "properties": {"codigo_setor": "510340310400083", "municipio": "Cuiabá", "populacao": 635, "domicilios": 257, "situacao": "Urbana"}, "geometry": {"type": "Point", "coordinates": [-56.045271, -15.543436]}}, {"type": "Feature", "properties": {"codigo_setor": "510340305400029", "municipio": "Cuiabá", "populacao": 327, "domicilios": 150, "situacao": "Urbana"}, "geometry": {"type": "Point", "coordinates": [-56.051079, -15.541927]}}, {"type": "Feature", "properties": {"codigo_setor": "510340305400050", "municipio": "Cuiabá", "populacao": 775, "domicilios": 279, "situacao": "Urbana"}, "geometry": {"type": "Point", "coordinates": [-56.05916, -15.543145]}}, {"type": "Feature", "properties": {"codigo_setor": "510340305400051", "municipio": "Cuiabá", "populacao": 849, "domicilios": 299, "situacao": "Urbana"}, "geometry": {"type": "Point", "coordinates": [-56.056133, -15.541879]}}, {"type": "Feature", "properties": {"codigo_setor": "510340305400023", "municipio": "Cuiabá", "populacao": 561, "domicilios": 201, "situacao": "Urbana"}, "geometry": {"type": "Point", "coordinates": [-56.064478, -15.542549]}}, {"type": "Feature", "properties": {"codigo_setor": "510340310400095", "municipio": "Cuiabá", "populacao": 336, "domicilios": 169, "situacao": "Urbana"}, "geometry": {"type": "Point", "coordinates": [-56.046383, -15.539062]}}, {"type": "Feature", "properties": {"codigo_setor": "510340305400030", "municipio": "Cuiabá", "populacao": 730, "domicilios": 265, "situacao": "Urbana"}, "geometry": {"type": "Point", "coordinates": [-56.061028, -15.541317]}}, {"type": "Feature", "properties": {"codigo_setor": "510340305400027", "municipio": "Cuiabá", "populacao": 1004, "domicilios": 378, "situacao": "Urbana"}, "geometry": {"type": "Point", "coordinates": [-56.052996, -15.540886]}}, {"type": "Feature", "properties": {"codigo_setor": "510340305400022", "municipio": "Cuiabá", "populacao": 866, "domicilios": 331, "situacao": "Urbana"}, "geometry": {"type": "Point", "coordinates": [-56.067699, -15.540157]}}, {"type": "Feature", "properties": {"codigo_setor": "510340305000002", "municipio": "Cuiabá", "populacao": 1146, "domicilios": 508, "situacao": "Urbana"}, "geometry": {"type": "Point", "coordinates": [-56.054092, -15.519643]}}, {"type": "Feature", "properties": {"codigo_setor": "510340310400122", "municipio": "Cuiabá", "populacao": 1028, "domicilios": 370, "situacao": "Urbana"}, "geometry": {"type": "Point", "coordinates": [-56.038607, -15.535537]}}, {"type": "Feature", "properties": {"codigo_setor": "510340305000007", "municipio": "Cuiabá", "populacao": 162, "domicilios": 114, "situacao": "Urbana"}, "geometry": {"type": "Point", "coordinates": [-56.042336, -15.531332]}}, {"type": "Feature", "properties": {"codigo_setor": "510340310400150", "municipio": "Cuiabá", "populacao": 191, "domicilios": 156, "situacao": "Urbana"}, "geometry": {"type": "Point", "coordinates": [-56.041803, -15.534276]}}, {"type": "Feature", "properties": {"codigo_setor": "510340305400045", "municipio": "Cuiabá", "populacao": 748, "domicilios": 253, "situacao": "Urbana"}, "geometry": {"type": "Point", "coordinates": [-56.063803, -15.538509]}}, {"type": "Feature", "properties": {"codigo_setor": "510340310400135", "municipio": "Cuiabá", "populacao": 867, "domicilios": 330, "situacao": "Urbana"}, "geometry": {"type": "Point", "coordinates": [-56.041405, -15.541155]}}, {"type": "Feature", "properties": {"codigo_setor": "510340310420039", "municipio": "Cuiabá", "populacao": 243, "domicilios": 95, "situacao": "Urbana"}, "geometry": {"type": "Point", "coordinates": [-56.051172, -15.598532]}}, {"type": "Feature", "properties": {"codigo_setor": "510340310420147", "municipio": "Cuiabá", "populacao": 556, "domicilios": 266, "situacao": "Urbana"}, "geometry": {"type": "Point", "coordinates": [-56.057348, -15.603442]}}, {"type": "Feature", "properties": {"codigo_setor": "510340310420163", "municipio": "Cuiabá", "populacao": 555, "domicilios": 205, "situacao": "Urbana"}, "geometry": {"type": "Point", "coordinates": [-56.035315, -15.602103]}}, {"type": "Feature", "properties": {"codigo_setor": "510340305420140", "municipio": "Cuiabá", "populacao": 733, "domicilios": 348, "situacao": "Urbana"}, "geometry": {"type": "Point", "coordinates": [-56.069422, -15.602632]}}, {"type": "Feature", "properties": {"codigo_setor": "510340310420091", "municipio": "Cuiabá", "populacao": 626, "domicilios": 241, "situacao": "Urbana"}, "geometry": {"type": "Point", "coordinates": [-56.056997, -15.597999]}}, {"type": "Feature", "properties": {"codigo_setor": "510340310420064", "municipio": "Cuiabá", "populacao": 790, "domicilios": 307, "situacao": "Urbana"}, "geometry": {"type": "Point", "coordinates": [-56.061779, -15.601469]}}, {"type": "Feature", "properties": {"codigo_setor": "510340305420032", "municipio": "Cuiabá", "populacao": 668, "domicilios": 266, "situacao": "Urbana"}, "geometry": {"type": "Point", "coordinates": [-56.068853, -15.600233]}}, {"type": "Feature", "properties": {"codigo_setor": "510340310420146", "municipio": "Cuiabá", "populacao": 641, "domicilios": 269, "situacao": "Urbana"}, "geometry": {"type": "Point", "coordinates": [-56.06525, -15.600827]}}, {"type": "Feature", "properties": {"codigo_setor": "510340305420139", "municipio": "Cuiabá", "populacao": 520, "domicilios": 300, "situacao": "Urbana"}, "geometry": {"type": "Point", "coordinates": [-56.071573, -15.600906]}}, {"type": "Feature", "properties": {"codigo_setor": "510340305420033", "municipio": "Cuiabá", "populacao": 496, "domicilios": 204, "situacao": "Urbana"}, "geometry": {"type": "Point", "coordinates": [-56.070065, -15.600415]}}, {"type": "Feature", "properties": {"codigo_setor": "510340310420145", "municipio": "Cuiabá", "populacao": 586, "domicilios": 206, "situacao": "Urbana"}, "geometry": {"type": "Point", "coordinates": [-56.061714, -15.599514]}}, {"type": "Feature", "properties": {"codigo_setor": "510340310420003", "municipio": "Cuiabá", "populacao": 683, "domicilios": 299, "situacao": "Urbana"}, "geometry": {"type": "Point", "coordinates": [-56.065649, -15.597806]}}, {"type": "Feature", "properties": {"codigo_setor": "510340310420128", "municipio": "Cuiabá", "populacao": 1504, "domicilios": 501, "situacao": "Urbana"}, "geometry": {"type": "Point", "coordinates": [-56.06352, -15.59489]}}, {"type": "Feature", "properties": {"codigo_setor": "510340310420036", "municipio": "Cuiabá", "populacao": 816, "domicilios": 266, "situacao": "Urbana"}, "geometry": {"type": "Point", "coordinates": [-56.056459, -15.590785]}}, {"type": "Feature", "properties": {"codigo_setor": "510340310420005", "municipio": "Cuiabá", "populacao": 247, "domicilios": 93, "situacao": "Urbana"}, "geometry": {"type": "Point", "coordinates": [-56.068571, -15.590559]}}, {"type": "Feature", "properties": {"codigo_setor": "510340310420092", "municipio": "Cuiabá", "populacao": 745, "domicilios": 286, "situacao": "Urbana"}, "geometry": {"type": "Point", "coordinates": [-56.066238, -15.589354]}}, {"type": "Feature", "properties": {"codigo_setor": "510340310420006", "municipio": "Cuiabá", "populacao": 538, "domicilios": 218, "situacao": "Urbana"}, "geometry": {"type": "Point", "coordinates": [-56.06354, -15.588573]}}, {"type": "Feature", "properties": {"codigo_setor": "510340310420071", "municipio": "Cuiabá", "populacao": 725, "domicilios": 291, "situacao": "Urbana"}, "geometry": {"type": "Point", "coordinates": [-56.049101, -15.588385]}}, {"type": "Feature", "properties": {"codigo_setor": "510340310420030", "municipio": "Cuiabá", "populacao": 1004, "domicilios": 385, "situacao": "Urbana"}, "geometry": {"type": "Point", "coordinates": [-56.051237, -15.587294]}}, {"type": "Feature", "properties": {"codigo_setor": "510340310420170", "municipio": "Cuiabá", "populacao": 240, "domicilios": 82, "situacao": "Urbana"}, "geometry": {"type": "Point", "coordinates": [-56.045479, -15.588251]}}, {"type": "Feature", "properties": {"codigo_setor": "510340310420095", "municipio": "Cuiabá", "populacao": 444, "domicilios": 175, "situacao": "Urbana"}, "geometry": {"type": "Point", "coordinates": [-56.060856, -15.588313]}}, {"type": "Feature", "properties": {"codigo_setor": "510340310420035", "municipio": "Cuiabá", "populacao": 481, "domicilios": 276, "situacao": "Urbana"}, "geometry": {"type": "Point", "coordinates": [-56.056158, -15.587861]}}, {"type": "Feature", "properties": {"codigo_setor": "510340310420144", "municipio": "Cuiabá", "populacao": 369, "domicilios": 223, "situacao": "Urbana"}, "geometry": {"type": "Point", "coordinates": [-56.055075, -15.58907]}}, {"type": "Feature", "properties": {"codigo_setor": "510340310420037", "municipio": "Cuiabá", "populacao": 350, "domicilios": 192, "situacao": "Urbana"}, "geometry": {"type": "Point", "coordinates": [-56.055796, -15.588241]}}, {"type": "Feature", "properties": {"codigo_setor": "510340310420038", "municipio": "Cuiabá", "populacao": 370, "domicilios": 224, "situacao": "Urbana"}, "geometry": {"type": "Point", "coordinates": [-56.055004, -15.588454]}}, {"type": "Feature", "properties": {"codigo_setor": "510340310420173", "municipio": "Cuiabá", "populacao": 396, "domicilios": 134, "situacao": "Urbana"}, "geometry": {"type": "Point", "coordinates": [-56.058947, -15.586612]}}, {"type": "Feature", "properties": {"codigo_setor": "510340310420012", "municipio": "Cuiabá", "populacao": 561, "domicilios": 213, "situacao": "Urbana"}, "geometry": {"type": "Point", "coordinates": [-56.06135, -15.58674]}}, {"type": "Feature", "properties": {"codigo_setor": "510340310420174", "municipio": "Cuiabá", "populacao": 602, "domicilios": 315, "situacao": "Urbana"}, "geometry": {"type": "Point", "coordinates": [-56.057011, -15.586759]}}, {"type": "Feature", "properties": {"codigo_setor": "510340310420169", "municipio": "Cuiabá", "populacao": 279, "domicilios": 100, "situacao": "Urbana"}, "geometry": {"type": "Point", "coordinates": [-56.048954, -15.586691]}}, {"type": "Feature", "properties": {"codigo_setor": "510340310420179", "municipio": "Cuiabá", "populacao": 386, "domicilios": 175, "situacao": "Urbana"}, "geometry": {"type": "Point", "coordinates": [-56.065708, -15.602798]}}, {"type": "Feature", "properties": {"codigo_setor": "510340310420180", "municipio": "Cuiabá", "populacao": 620, "domicilios": 300, "situacao": "Urbana"}, "geometry": {"type": "Point", "coordinates": [-56.062628, -15.604019]}}, {"type": "Feature", "properties": {"codigo_setor": "510340310420185", "municipio": "Cuiabá", "populacao": 1439, "domicilios": 566, "situacao": "Urbana"}, "geometry": {"type": "Point", "coordinates": [-56.045431, -15.600359]}}, {"type": "Feature", "properties": {"codigo_setor": "510340310420186", "municipio": "Cuiabá", "populacao": 814, "domicilios": 312, "situacao": "Urbana"}, "geometry": {"type": "Point", "coordinates": [-56.040537, -15.602365]}}, {"type": "Feature", "properties": {"codigo_setor": "510340310420189", "municipio": "Cuiabá", "populacao": 544, "domicilios": 200, "situacao": "Urbana"}, "geometry": {"type": "Point", "coordinates": [-56.043163, -15.593009]}}, {"type": "Feature", "properties": {"codigo_setor": "510340305420031", "municipio": "Cuiabá", "populacao": 719, "domicilios": 290, "situacao": "Urbana"}, "geometry": {"type": "Point", "coordinates": [-56.068947, -15.597752]}}, {"type": "Feature", "properties": {"codigo_setor": "510340305420030", "municipio": "Cuiabá", "populacao": 584, "domicilios": 216, "situacao": "Urbana"}, "geometry": {"type": "Point", "coordinates": [-56.069347, -15.5962]}}, {"type": "Feature", "properties": {"codigo_setor": "510340310420007", "municipio": "Cuiabá", "populacao": 812, "domicilios": 343, "situacao": "Urbana"}, "geometry": {"type": "Point", "coordinates": [-56.06654, -15.586092]}}, {"type": "Feature", "properties": {"codigo_setor": "510340305000014", "municipio": "Cuiabá", "populacao": 158, "domicilios": 94, "situacao": "Urbana"}, "geometry": {"type": "Point", "coordinates": [-56.019365, -15.586337]}}, {"type": "Feature", "properties": {"codigo_setor": "510340310420028", "municipio": "Cuiabá", "populacao": 598, "domicilios": 223, "situacao": "Urbana"}, "geometry": {"type": "Point", "coordinates": [-56.044252, -15.585536]}}, {"type": "Feature", "properties": {"codigo_setor": "510340310420175", "municipio": "Cuiabá", "populacao": 590, "domicilios": 309, "situacao": "Urbana"}, "geometry": {"type": "Point", "coordinates": [-56.054644, -15.585848]}}, {"type": "Feature", "properties": {"codigo_setor": "510340310420029", "municipio": "Cuiabá", "populacao": 962, "domicilios": 386, "situacao": "Urbana"}, "geometry": {"type": "Point", "coordinates": [-56.047045, -15.585352]}}, {"type": "Feature", "properties": {"codigo_setor": "510340310420100", "municipio": "Cuiabá", "populacao": 207, "domicilios": 100, "situacao": "Urbana"}, "geometry": {"type": "Point", "coordinates": [-56.043823, -15.585149]}}, {"type": "Feature", "properties": {"codigo_setor": "510340310420008", "municipio": "Cuiabá", "populacao": 783, "domicilios": 302, "situacao": "Urbana"}, "geometry": {"type": "Point", "coordinates": [-56.063086, -15.584316]}}, {"type": "Feature", "properties": {"codigo_setor": "510340310420026", "municipio": "Cuiabá", "populacao": 485, "domicilios": 225, "situacao": "Urbana"}, "geometry": {"type": "Point", "coordinates": [-56.043173, -15.584642]}}, {"type": "Feature", "properties": {"codigo_setor": "510340310420013", "municipio": "Cuiabá", "populacao": 531, "domicilios": 188, "situacao": "Urbana"}, "geometry": {"type": "Point", "coordinates": [-56.056805, -15.585078]}}, {"type": "Feature", "properties": {"codigo_setor": "510340310420176", "municipio": "Cuiabá", "populacao": 541, "domicilios": 270, "situacao": "Urbana"}, "geometry": {"type": "Point", "coordinates": [-56.053793, -15.585386]}}, {"type": "Feature", "properties": {"codigo_setor": "510340310420172", "municipio": "Cuiabá", "populacao": 638, "domicilios": 319, "situacao": "Urbana"}, "geometry": {"type": "Point", "coordinates": [-56.05192, -15.584886]}}, {"type": "Feature", "properties": {"codigo_setor": "510340310420010", "municipio": "Cuiabá", "populacao": 304, "domicilios": 111, "situacao": "Urbana"}, "geometry": {"type": "Point", "coordinates": [-56.0602, -15.584366]}}, {"type": "Feature", "properties": {"codigo_setor": "510340310420171", "municipio": "Cuiabá", "populacao": 941, "domicilios": 355, "situacao": "Urbana"}, "geometry": {"type": "Point", "coordinates": [-56.052822, -15.58371]}}, {"type": "Feature", "properties": {"codigo_setor": "510340310420094", "municipio": "Cuiabá", "populacao": 597, "domicilios": 228, "situacao": "Urbana"}, "geometry": {"type": "Point", "coordinates": [-56.059584, -15.583091]}}, {"type": "Feature", "properties": {"codigo_setor": "510340310420033", "municipio": "Cuiabá", "populacao": 585, "domicilios": 323, "situacao": "Urbana"}, "geometry": {"type": "Point", "coordinates": [-56.049637, -15.584224]}}, {"type": "Feature", "properties": {"codigo_setor": "510340310420034", "municipio": "Cuiabá", "populacao": 546, "domicilios": 287, "situacao": "Urbana"}, "geometry": {"type": "Point", "coordinates": [-56.047434, -15.583745]}}, {"type": "Feature", "properties": {"codigo_setor": "510340310420014", "municipio": "Cuiabá", "populacao": 504, "domicilios": 185, "situacao": "Urbana"}, "geometry": {"type": "Point", "coordinates": [-56.055573, -15.582862]}}, {"type": "Feature", "properties": {"codigo_setor": "510340310420032", "municipio": "Cuiabá", "populacao": 405, "domicilios": 224, "situacao": "Urbana"}, "geometry": {"type": "Point", "coordinates": [-56.049959, -15.583279]}}, {"type": "Feature", "properties": {"codigo_setor": "510340310420069", "municipio": "Cuiabá", "populacao": 462, "domicilios": 187, "situacao": "Urbana"}, "geometry": {"type": "Point", "coordinates": [-56.040636, -15.581971]}}, {"type": "Feature", "properties": {"codigo_setor": "510340305420024", "municipio": "Cuiabá", "populacao": 433, "domicilios": 213, "situacao": "Urbana"}, "geometry": {"type": "Point", "coordinates": [-56.068174, -15.582099]}}, {"type": "Feature", "properties": {"codigo_setor": "510340310420015", "municipio": "Cuiabá", "populacao": 516, "domicilios": 58, "situacao": "Urbana"}, "geometry": {"type": "Point", "coordinates": [-56.048092, -15.579167]}}, {"type": "Feature", "properties": {"codigo_setor": "510340310420066", "municipio": "Cuiabá", "populacao": 926, "domicilios": 399, "situacao": "Urbana"}, "geometry": {"type": "Point", "coordinates": [-56.062256, -15.58173]}}, {"type": "Feature", "properties": {"codigo_setor": "510340305420022", "municipio": "Cuiabá", "populacao": 533, "domicilios": 267, "situacao": "Urbana"}, "geometry": {"type": "Point", "coordinates": [-56.071218, -15.581587]}}, {"type": "Feature", "properties": {"codigo_setor": "510340305420023", "municipio": "Cuiabá", "populacao": 716, "domicilios": 397, "situacao": "Urbana"}, "geometry": {"type": "Point", "coordinates": [-56.069517, -15.58132]}}, {"type": "Feature", "properties": {"codigo_setor": "510340310420093", "municipio": "Cuiabá", "populacao": 273, "domicilios": 114, "situacao": "Urbana"}, "geometry": {"type": "Point", "coordinates": [-56.065165, -15.580866]}}, {"type": "Feature", "properties": {"codigo_setor": "510340310400007", "municipio": "Cuiabá", "populacao": 1456, "domicilios": 766, "situacao": "Urbana"}, "geometry": {"type": "Point", "coordinates": [-56.054276, -15.575979]}}, {"type": "Feature", "properties": {"codigo_setor": "510340310400008", "municipio": "Cuiabá", "populacao": 484, "domicilios": 367, "situacao": "Urbana"}, "geometry": {"type": "Point", "coordinates": [-56.061485, -15.576816]}}, {"type": "Feature", "properties": {"codigo_setor": "510340310400167", "municipio": "Cuiabá", "populacao": 1028, "domicilios": 399, "situacao": "Urbana"}, "geometry": {"type": "Point", "coordinates": [-56.065849, -15.574355]}}, {"type": "Feature", "properties": {"codigo_setor": "510340305400059", "municipio": "Cuiabá", "populacao": 734, "domicilios": 300, "situacao": "Urbana"}, "geometry": {"type": "Point", "coordinates": [-56.067289, -15.577929]}}, {"type": "Feature", "properties": {"codigo_setor": "510340305400058", "municipio": "Cuiabá", "populacao": 530, "domicilios": 198, "situacao": "Urbana"}, "geometry": {"type": "Point", "coordinates": [-56.068054, -15.576659]}}, {"type": "Feature", "properties": {"codigo_setor": "510340310400051", "municipio": "Cuiabá", "populacao": 808, "domicilios": 306, "situacao": "Urbana"}, "geometry": {"type": "Point", "coordinates": [-56.048073, -15.574652]}}, {"type": "Feature", "properties": {"codigo_setor": "510340310400049", "municipio": "Cuiabá", "populacao": 844, "domicilios": 359, "situacao": "Urbana"}, "geometry": {"type": "Point", "coordinates": [-56.044388, -15.57437]}}, {"type": "Feature", "properties": {"codigo_setor": "510340305400046", "municipio": "Cuiabá", "populacao": 347, "domicilios": 150, "situacao": "Urbana"}, "geometry": {"type": "Point", "coordinates": [-56.051245, -15.544353]}}, {"type": "Feature", "properties": {"codigo_setor": "510340310400048", "municipio": "Cuiabá", "populacao": 703, "domicilios": 265, "situacao": "Urbana"}, "geometry": {"type": "Point", "coordinates": [-56.043655, -15.573799]}}, {"type": "Feature", "properties": {"codigo_setor": "510340310400002", "municipio": "Cuiabá", "populacao": 766, "domicilios": 366, "situacao": "Urbana"}, "geometry": {"type": "Point", "coordinates": [-56.06579, -15.571979]}}, {"type": "Feature", "properties": {"codigo_setor": "510340310400050", "municipio": "Cuiabá", "populacao": 464, "domicilios": 167, "situacao": "Urbana"}, "geometry": {"type": "Point", "coordinates": [-56.047941, -15.573243]}}, {"type": "Feature", "properties": {"codigo_setor": "510340310400086", "municipio": "Cuiabá", "populacao": 540, "domicilios": 225, "situacao": "Urbana"}, "geometry": {"type": "Point", "coordinates": [-56.050859, -15.571633]}}, {"type": "Feature", "properties": {"codigo_setor": "510340310400001", "municipio": "Cuiabá", "populacao": 756, "domicilios": 300, "situacao": "Urbana"}, "geometry": {"type": "Point", "coordinates": [-56.061373, -15.571197]}}, {"type": "Feature", "properties": {"codigo_setor": "510340310400006", "municipio": "Cuiabá", "populacao": 1006, "domicilios": 414, "situacao": "Urbana"}, "geometry": {"type": "Point", "coordinates": [-56.056053, -15.569939]}}, {"type": "Feature", "properties": {"codigo_setor": "510340310400047", "municipio": "Cuiabá", "populacao": 639, "domicilios": 249, "situacao": "Urbana"}, "geometry": {"type": "Point", "coordinates": [-56.04565, -15.571181]}}, {"type": "Feature", "properties": {"codigo_setor": "510340310400106", "municipio": "Cuiabá", "populacao": 589, "domicilios": 212, "situacao": "Urbana"}, "geometry": {"type": "Point", "coordinates": [-56.048803, -15.570834]}}, {"type": "Feature", "properties": {"codigo_setor": "510340310400105", "municipio": "Cuiabá", "populacao": 501, "domicilios": 187, "situacao": "Urbana"}, "geometry": {"type": "Point", "coordinates": [-56.041924, -15.570432]}}, {"type": "Feature", "properties": {"codigo_setor": "510340310400085", "municipio": "Cuiabá", "populacao": 624, "domicilios": 220, "situacao": "Urbana"}, "geometry": {"type": "Point", "coordinates": [-56.046185, -15.569508]}}, {"type": "Feature", "properties": {"codigo_setor": "510340310400052", "municipio": "Cuiabá", "populacao": 731, "domicilios": 324, "situacao": "Urbana"}, "geometry": {"type": "Point", "coordinates": [-56.052481, -15.568156]}}, {"type": "Feature", "properties": {"codigo_setor": "510340310400046", "municipio": "Cuiabá", "populacao": 540, "domicilios": 220, "situacao": "Urbana"}, "geometry": {"type": "Point", "coordinates": [-56.042725, -15.568745]}}, {"type": "Feature", "properties": {"codigo_setor": "510340310400019", "municipio": "Cuiabá", "populacao": 485, "domicilios": 198, "situacao": "Urbana"}, "geometry": {"type": "Point", "coordinates": [-56.049303, -15.567962]}}, {"type": "Feature", "properties": {"codigo_setor": "510340310400003", "municipio": "Cuiabá", "populacao": 641, "domicilios": 272, "situacao": "Urbana"}, "geometry": {"type": "Point", "coordinates": [-56.062658, -15.568639]}}, {"type": "Feature", "properties": {"codigo_setor": "510340310400018", "municipio": "Cuiabá", "populacao": 307, "domicilios": 121, "situacao": "Urbana"}, "geometry": {"type": "Point", "coordinates": [-56.046108, -15.568104]}}, {"type": "Feature", "properties": {"codigo_setor": "510340310400166", "municipio": "Cuiabá", "populacao": 484, "domicilios": 218, "situacao": "Urbana"}, "geometry": {"type": "Point", "coordinates": [-56.062466, -15.562778]}}, {"type": "Feature", "properties": {"codigo_setor": "510340310400020", "municipio": "Cuiabá", "populacao": 411, "domicilios": 195, "situacao": "Urbana"}, "geometry": {"type": "Point", "coordinates": [-56.049437, -15.56644]}}, {"type": "Feature", "properties": {"codigo_setor": "510340310400017", "municipio": "Cuiabá", "populacao": 430, "domicilios": 166, "situacao": "Urbana"}, "geometry": {"type": "Point", "coordinates": [-56.046576, -15.566371]}}, {"type": "Feature", "properties": {"codigo_setor": "510340310400004", "municipio": "Cuiabá", "populacao": 777, "domicilios": 290, "situacao": "Urbana"}, "geometry": {"type": "Point", "coordinates": [-56.061928, -15.565966]}}, {"type": "Feature", "properties": {"codigo_setor": "510340310400101", "municipio": "Cuiabá", "populacao": 686, "domicilios": 271, "situacao": "Urbana"}, "geometry": {"type": "Point", "coordinates": [-56.049448, -15.564352]}}, {"type": "Feature", "properties": {"codigo_setor": "510340310400099", "municipio": "Cuiabá", "populacao": 479, "domicilios": 182, "situacao": "Urbana"}, "geometry": {"type": "Point", "coordinates": [-56.044739, -15.565885]}}, {"type": "Feature", "properties": {"codigo_setor": "510340310400146", "municipio": "Cuiabá", "populacao": 548, "domicilios": 263, "situacao": "Urbana"}, "geometry": {"type": "Point", "coordinates": [-56.056433, -15.566653]}}, {"type": "Feature", "properties": {"codigo_setor": "510340310400143", "municipio": "Cuiabá", "populacao": 1619, "domicilios": 764, "situacao": "Urbana"}, "geometry": {"type": "Point", "coordinates": [-56.058739, -15.563962]}}, {"type": "Feature", "properties": {"codigo_setor": "510340310400162", "municipio": "Cuiabá", "populacao": 377, "domicilios": 151, "situacao": "Urbana"}, "geometry": {"type": "Point", "coordinates": [-56.054594, -15.564783]}}, {"type": "Feature", "properties": {"codigo_setor": "510340310400021", "municipio": "Cuiabá", "populacao": 297, "domicilios": 114, "situacao": "Urbana"}, "geometry": {"type": "Point", "coordinates": [-56.05006, -15.563907]}}, {"type": "Feature", "properties": {"codigo_setor": "510340310400145", "municipio": "Cuiabá", "populacao": 568, "domicilios": 248, "situacao": "Urbana"}, "geometry": {"type": "Point", "coordinates": [-56.056709, -15.566026]}}, {"type": "Feature", "properties": {"codigo_setor": "510340310400022", "municipio": "Cuiabá", "populacao": 474, "domicilios": 187, "situacao": "Urbana"}, "geometry": {"type": "Point", "coordinates": [-56.050722, -15.563358]}}, {"type": "Feature", "properties": {"codigo_setor": "510340310400144", "municipio": "Cuiabá", "populacao": 554, "domicilios": 252, "situacao": "Urbana"}, "geometry": {"type": "Point", "coordinates": [-56.056913, -15.565103]}}, {"type": "Feature", "properties": {"codigo_setor": "510340305400006", "municipio": "Cuiabá", "populacao": 0, "domicilios": 0, "situacao": "Urbana"}, "geometry": {"type": "Point", "coordinates": [-56.064461, -15.56064]}}, {"type": "Feature", "properties": {"codigo_setor": "510340305400005", "municipio": "Cuiabá", "populacao": 80, "domicilios": 1, "situacao": "Urbana"}, "geometry": {"type": "Point", "coordinates": [-56.062378, -15.558002]}}, {"type": "Feature", "properties": {"codigo_setor": "510340310430229", "municipio": "Cuiabá", "populacao": 1065, "domicilios": 302, "situacao": "Urbana"}, "geometry": {"type": "Point", "coordinates": [-56.026924, -15.687769]}}, {"type": "Feature", "properties": {"codigo_setor": "510340310430230", "municipio": "Cuiabá", "populacao": 1071, "domicilios": 339, "situacao": "Urbana"}, "geometry": {"type": "Point", "coordinates": [-56.026356, -15.685788]}}, {"type": "Feature", "properties": {"codigo_setor": "510340310430228", "municipio": "Cuiabá", "populacao": 1164, "domicilios": 367, "situacao": "Urbana"}, "geometry": {"type": "Point", "coordinates": [-56.033161, -15.685104]}}, {"type": "Feature", "properties": {"codigo_setor": "510340310430227", "municipio": "Cuiabá", "populacao": 718, "domicilios": 314, "situacao": "Urbana"}, "geometry": {"type": "Point", "coordinates": [-56.038092, -15.683935]}}, {"type": "Feature", "properties": {"codigo_setor": "510340310430226", "municipio": "Cuiabá", "populacao": 720, "domicilios": 278, "situacao": "Urbana"}, "geometry": {"type": "Point", "coordinates": [-56.040802, -15.6804]}}, {"type": "Feature", "properties": {"codigo_setor": "510340310430232", "municipio": "Cuiabá", "populacao": 671, "domicilios": 284, "situacao": "Urbana"}, "geometry": {"type": "Point", "coordinates": [-56.035522, -15.679727]}}, {"type": "Feature", "properties": {"codigo_setor": "510340310430114", "municipio": "Cuiabá", "populacao": 805, "domicilios": 353, "situacao": "Urbana"}, "geometry": {"type": "Point", "coordinates": [-56.037323, -15.678929]}}, {"type": "Feature", "properties": {"codigo_setor": "510340310430179", "municipio": "Cuiabá", "populacao": 965, "domicilios": 469, "situacao": "Urbana"}, "geometry": {"type": "Point", "coordinates": [-56.040579, -15.673518]}}, {"type": "Feature", "properties": {"codigo_setor": "510340310430180", "municipio": "Cuiabá", "populacao": 390, "domicilios": 173, "situacao": "Urbana"}, "geometry": {"type": "Point", "coordinates": [-56.035242, -15.674163]}}, {"type": "Feature", "properties": {"codigo_setor": "510340310430022", "municipio": "Cuiabá", "populacao": 836, "domicilios": 324, "situacao": "Urbana"}, "geometry": {"type": "Point", "coordinates": [-56.044466, -15.669167]}}, {"type": "Feature", "properties": {"codigo_setor": "510340310430021", "municipio": "Cuiabá", "populacao": 562, "domicilios": 193, "situacao": "Urbana"}, "geometry": {"type": "Point", "coordinates": [-56.040091, -15.670192]}}, {"type": "Feature", "properties": {"codigo_setor": "510340310430020", "municipio": "Cuiabá", "populacao": 714, "domicilios": 256, "situacao": "Urbana"}, "geometry": {"type": "Point", "coordinates": [-56.041239, -15.667875]}}, {"type": "Feature", "properties": {"codigo_setor": "510340310430024", "municipio": "Cuiabá", "populacao": 758, "domicilios": 301, "situacao": "Urbana"}, "geometry": {"type": "Point", "coordinates": [-56.046103, -15.6654]}}, {"type": "Feature", "properties": {"codigo_setor": "510340310430205", "municipio": "Cuiabá", "populacao": 601, "domicilios": 226, "situacao": "Urbana"}, "geometry": {"type": "Point", "coordinates": [-56.032217, -15.66305]}}, {"type": "Feature", "properties": {"codigo_setor": "510340310430123", "municipio": "Cuiabá", "populacao": 490, "domicilios": 189, "situacao": "Urbana"}, "geometry": {"type": "Point", "coordinates": [-56.04101, -15.663949]}}, {"type": "Feature", "properties": {"codigo_setor": "510340310430019", "municipio": "Cuiabá", "populacao": 610, "domicilios": 299, "situacao": "Urbana"}, "geometry": {"type": "Point", "coordinates": [-56.040815, -15.662704]}}, {"type": "Feature", "properties": {"codigo_setor": "510340310430206", "municipio": "Cuiabá", "populacao": 673, "domicilios": 236, "situacao": "Urbana"}, "geometry": {"type": "Point", "coordinates": [-56.034864, -15.663186]}}, {"type": "Feature", "properties": {"codigo_setor": "510340310430204", "municipio": "Cuiabá", "populacao": 846, "domicilios": 322, "situacao": "Urbana"}, "geometry": {"type": "Point", "coordinates": [-56.031248, -15.660762]}}, {"type": "Feature", "properties": {"codigo_setor": "510340310430026", "municipio": "Cuiabá", "populacao": 838, "domicilios": 316, "situacao": "Urbana"}, "geometry": {"type": "Point", "coordinates": [-56.048597, -15.660224]}}, {"type": "Feature", "properties": {"codigo_setor": "510340310430207", "municipio": "Cuiabá", "populacao": 844, "domicilios": 329, "situacao": "Urbana"}, "geometry": {"type": "Point", "coordinates": [-56.03521, -15.659915]}}, {"type": "Feature", "properties": {"codigo_setor": "510340310430025", "municipio": "Cuiabá", "populacao": 450, "domicilios": 184, "situacao": "Urbana"}, "geometry": {"type": "Point", "coordinates": [-56.046417, -15.660017]}}, {"type": "Feature", "properties": {"codigo_setor": "510340310430155", "municipio": "Cuiabá", "populacao": 485, "domicilios": 186, "situacao": "Urbana"}, "geometry": {"type": "Point", "coordinates": [-56.045551, -15.659455]}}, {"type": "Feature", "properties": {"codigo_setor": "510340310430203", "municipio": "Cuiabá", "populacao": 636, "domicilios": 226, "situacao": "Urbana"}, "geometry": {"type": "Point", "coordinates": [-56.032398, -15.659404]}}, {"type": "Feature", "properties": {"codigo_setor": "510340310430018", "municipio": "Cuiabá", "populacao": 668, "domicilios": 296, "situacao": "Urbana"}, "geometry": {"type": "Point", "coordinates": [-56.043083, -15.659407]}}, {"type": "Feature", "properties": {"codigo_setor": "510340310430200", "municipio": "Cuiabá", "populacao": 0, "domicilios": 0, "situacao": "Urbana"}, "geometry": {"type": "Point", "coordinates": [-56.029806, -15.656887]}}, {"type": "Feature", "properties": {"codigo_setor": "510340310430199", "municipio": "Cuiabá", "populacao": 892, "domicilios": 318, "situacao": "Urbana"}, "geometry": {"type": "Point", "coordinates": [-56.027451, -15.657639]}}, {"type": "Feature", "properties": {"codigo_setor": "510340310430202", "municipio": "Cuiabá", "populacao": 593, "domicilios": 231, "situacao": "Urbana"}, "geometry": {"type": "Point", "coordinates": [-56.032713, -15.657469]}}, {"type": "Feature", "properties": {"codigo_setor": "510340310430120", "municipio": "Cuiabá", "populacao": 432, "domicilios": 160, "situacao": "Urbana"}, "geometry": {"type": "Point", "coordinates": [-56.027716, -15.655904]}}, {"type": "Feature", "properties": {"codigo_setor": "510340310430201", "municipio": "Cuiabá", "populacao": 642, "domicilios": 261, "situacao": "Urbana"}, "geometry": {"type": "Point", "coordinates": [-56.033033, -15.655154]}}, {"type": "Feature", "properties": {"codigo_setor": "510340310430208", "municipio": "Cuiabá", "populacao": 565, "domicilios": 233, "situacao": "Urbana"}, "geometry": {"type": "Point", "coordinates": [-56.035957, -15.655299]}}, {"type": "Feature", "properties": {"codigo_setor": "510340310430010", "municipio": "Cuiabá", "populacao": 771, "domicilios": 266, "situacao": "Urbana"}, "geometry": {"type": "Point", "coordinates": [-56.033564, -15.653146]}}, {"type": "Feature", "properties": {"codigo_setor": "510340310430235", "municipio": "Cuiabá", "populacao": 878, "domicilios": 347, "situacao": "Urbana"}, "geometry": {"type": "Point", "coordinates": [-56.025604, -15.663569]}}, {"type": "Feature", "properties": {"codigo_setor": "510340310430266", "municipio": "Cuiabá", "populacao": 635, "domicilios": 233, "situacao": "Urbana"}, "geometry": {"type": "Point", "coordinates": [-56.030422, -15.663933]}}, {"type": "Feature", "properties": {"codigo_setor": "510340310430267", "municipio": "Cuiabá", "populacao": 586, "domicilios": 214, "situacao": "Urbana"}, "geometry": {"type": "Point", "coordinates": [-56.028982, -15.662866]}}, {"type": "Feature", "properties": {"codigo_setor": "510340310430268", "municipio": "Cuiabá", "populacao": 555, "domicilios": 208, "situacao": "Urbana"}, "geometry": {"type": "Point", "coordinates": [-56.026705, -15.660947]}}, {"type": "Feature", "properties": {"codigo_setor": "510340310430269", "municipio": "Cuiabá", "populacao": 550, "domicilios": 198, "situacao": "Urbana"}, "geometry": {"type": "Point", "coordinates": [-56.025389, -15.660037]}}, {"type": "Feature", "properties": {"codigo_setor": "510340310430278", "municipio": "Cuiabá", "populacao": 332, "domicilios": 118, "situacao": "Urbana"}, "geometry": {"type": "Point", "coordinates": [-56.0369, -15.666472]}}, {"type": "Feature", "properties": {"codigo_setor": "510340310430279", "municipio": "Cuiabá", "populacao": 674, "domicilios": 260, "situacao": "Urbana"}, "geometry": {"type": "Point", "coordinates": [-56.038965, -15.667577]}}, {"type": "Feature", "properties": {"codigo_setor": "510340310430295", "municipio": "Cuiabá", "populacao": 349, "domicilios": 133, "situacao": "Urbana"}, "geometry": {"type": "Point", "coordinates": [-56.02622, -15.65558]}}, {"type": "Feature", "properties": {"codigo_setor": "510340310430296", "municipio": "Cuiabá", "populacao": 180, "domicilios": 70, "situacao": "Urbana"}, "geometry": {"type": "Point", "coordinates": [-56.026381, -15.654038]}}, {"type": "Feature", "properties": {"codigo_setor": "510340310430317", "municipio": "Cuiabá", "populacao": 636, "domicilios": 273, "situacao": "Urbana"}, "geometry": {"type": "Point", "coordinates": [-56.045376, -15.655041]}}, {"type": "Feature", "properties": {"codigo_setor": "510340310430318", "municipio": "Cuiabá", "populacao": 695, "domicilios": 347, "situacao": "Urbana"}, "geometry": {"type": "Point", "coordinates": [-56.044584, -15.656501]}}, {"type": "Feature", "properties": {"codigo_setor": "510340310430329", "municipio": "Cuiabá", "populacao": 660, "domicilios": 236, "situacao": "Urbana"}, "geometry": {"type": "Point", "coordinates": [-56.045208, -15.663241]}}, {"type": "Feature", "properties": {"codigo_setor": "510340310430330", "municipio": "Cuiabá", "populacao": 603, "domicilios": 255, "situacao": "Urbana"}, "geometry": {"type": "Point", "coordinates": [-56.042439, -15.66442]}}, {"type": "Feature", "properties": {"codigo_setor": "510340310430345", "municipio": "Cuiabá", "populacao": 1014, "domicilios": 473, "situacao": "Urbana"}, "geometry": {"type": "Point", "coordinates": [-56.023674, -15.691792]}}, {"type": "Feature", "properties": {"codigo_setor": "510340310430348", "municipio": "Cuiabá", "populacao": 242, "domicilios": 120, "situacao": "Urbana"}, "geometry": {"type": "Point", "coordinates": [-56.057188, -15.672722]}}, {"type": "Feature", "properties": {"codigo_setor": "510340310430349", "municipio": "Cuiabá", "populacao": 296, "domicilios": 166, "situacao": "Urbana"}, "geometry": {"type": "Point", "coordinates": [-56.052477, -15.66575]}}, {"type": "Feature", "properties": {"codigo_setor": "510340310430352", "municipio": "Cuiabá", "populacao": 115, "domicilios": 59, "situacao": "Urbana"}, "geometry": {"type": "Point", "coordinates": [-56.038305, -15.661226]}}, {"type": "Feature", "properties": {"codigo_setor": "510340310430353", "municipio": "Cuiabá", "populacao": 28, "domicilios": 13, "situacao": "Urbana"}, "geometry": {"type": "Point", "coordinates": [-56.022419, -15.662753]}}, {"type": "Feature", "properties": {"codigo_setor": "510340310430355", "municipio": "Cuiabá", "populacao": 0, "domicilios": 0, "situacao": "Urbana"}, "geometry": {"type": "Point", "coordinates": [-56.028246, -15.689622]}}, {"type": "Feature", "properties": {"codigo_setor": "510340310400129", "municipio": "Cuiabá", "populacao": 839, "domicilios": 286, "situacao": "Urbana"}, "geometry": {"type": "Point", "coordinates": [-56.035732, -15.533678]}}, {"type": "Feature", "properties": {"codigo_setor": "510340310400131", "municipio": "Cuiabá", "populacao": 1001, "domicilios": 359, "situacao": "Urbana"}, "geometry": {"type": "Point", "coordinates": [-56.033195, -15.531345]}}, {"type": "Feature", "properties": {"codigo_setor": "510340310400084", "municipio": "Cuiabá", "populacao": 966, "domicilios": 350, "situacao": "Urbana"}, "geometry": {"type": "Point", "coordinates": [-56.032557, -15.53675]}}, {"type": "Feature", "properties": {"codigo_setor": "510340310400121", "municipio": "Cuiabá", "populacao": 689, "domicilios": 241, "situacao": "Urbana"}, "geometry": {"type": "Point", "coordinates": [-56.032396, -15.540075]}}, {"type": "Feature", "properties": {"codigo_setor": "510340310400132", "municipio": "Cuiabá", "populacao": 36, "domicilios": 15, "situacao": "Urbana"}, "geometry": {"type": "Point", "coordinates": [-56.029348, -15.533294]}}, {"type": "Feature", "properties": {"codigo_setor": "510340310400128", "municipio": "Cuiabá", "populacao": 910, "domicilios": 306, "situacao": "Urbana"}, "geometry": {"type": "Point", "coordinates": [-56.029734, -15.538392]}}, {"type": "Feature", "properties": {"codigo_setor": "510340310400127", "municipio": "Cuiabá", "populacao": 1498, "domicilios": 442, "situacao": "Urbana"}, "geometry": {"type": "Point", "coordinates": [-56.025023, -15.539045]}}, {"type": "Feature", "properties": {"codigo_setor": "510340310400093", "municipio": "Cuiabá", "populacao": 739, "domicilios": 243, "situacao": "Urbana"}, "geometry": {"type": "Point", "coordinates": [-56.026196, -15.55863]}}, {"type": "Feature", "properties": {"codigo_setor": "510340310400112", "municipio": "Cuiabá", "populacao": 349, "domicilios": 133, "situacao": "Urbana"}, "geometry": {"type": "Point", "coordinates": [-56.025673, -15.555329]}}, {"type": "Feature", "properties": {"codigo_setor": "510340310400139", "municipio": "Cuiabá", "populacao": 328, "domicilios": 180, "situacao": "Urbana"}, "geometry": {"type": "Point", "coordinates": [-56.025549, -15.549574]}}, {"type": "Feature", "properties": {"codigo_setor": "510340310400119", "municipio": "Cuiabá", "populacao": 1018, "domicilios": 400, "situacao": "Urbana"}, "geometry": {"type": "Point", "coordinates": [-56.023804, -15.554551]}}, {"type": "Feature", "properties": {"codigo_setor": "510340310400079", "municipio": "Cuiabá", "populacao": 519, "domicilios": 219, "situacao": "Urbana"}, "geometry": {"type": "Point", "coordinates": [-56.024559, -15.546754]}}, {"type": "Feature", "properties": {"codigo_setor": "510340310400081", "municipio": "Cuiabá", "populacao": 636, "domicilios": 199, "situacao": "Urbana"}, "geometry": {"type": "Point", "coordinates": [-56.02367, -15.557866]}}, {"type": "Feature", "properties": {"codigo_setor": "510340310400140", "municipio": "Cuiabá", "populacao": 764, "domicilios": 301, "situacao": "Urbana"}, "geometry": {"type": "Point", "coordinates": [-56.023151, -15.548992]}}, {"type": "Feature", "properties": {"codigo_setor": "510340310400111", "municipio": "Cuiabá", "populacao": 487, "domicilios": 161, "situacao": "Urbana"}, "geometry": {"type": "Point", "coordinates": [-56.022406, -15.545629]}}, {"type": "Feature", "properties": {"codigo_setor": "510340310400147", "municipio": "Cuiabá", "populacao": 699, "domicilios": 253, "situacao": "Urbana"}, "geometry": {"type": "Point", "coordinates": [-56.02228, -15.552058]}}, {"type": "Feature", "properties": {"codigo_setor": "510340310400092", "municipio": "Cuiabá", "populacao": 423, "domicilios": 172, "situacao": "Urbana"}, "geometry": {"type": "Point", "coordinates": [-56.021389, -15.547868]}}, {"type": "Feature", "properties": {"codigo_setor": "510340310400155", "municipio": "Cuiabá", "populacao": 478, "domicilios": 186, "situacao": "Urbana"}, "geometry": {"type": "Point", "coordinates": [-56.033865, -15.541397]}}, {"type": "Feature", "properties": {"codigo_setor": "510340310400156", "municipio": "Cuiabá", "populacao": 338, "domicilios": 142, "situacao": "Urbana"}, "geometry": {"type": "Point", "coordinates": [-56.035362, -15.542605]}}, {"type": "Feature", "properties": {"codigo_setor": "510340310000008", "municipio": "Cuiabá", "populacao": 517, "domicilios": 812, "situacao": "Rural"}, "geometry": {"type": "Point", "coordinates": [-55.951342, -15.512071]}}, {"type": "Feature", "properties": {"codigo_setor": "510340310000010", "municipio": "Cuiabá", "populacao": 520, "domicilios": 336, "situacao": "Rural"}, "geometry": {"type": "Point", "coordinates": [-55.855259, -15.507395]}}, {"type": "Feature", "properties": {"codigo_setor": "510340310420119", "municipio": "Cuiabá", "populacao": 548, "domicilios": 209, "situacao": "Urbana"}, "geometry": {"type": "Point", "coordinates": [-56.026003, -15.574529]}}, {"type": "Feature", "properties": {"codigo_setor": "510340310420122", "municipio": "Cuiabá", "populacao": 743, "domicilios": 302, "situacao": "Urbana"}, "geometry": {"type": "Point", "coordinates": [-56.022377, -15.573546]}}, {"type": "Feature", "properties": {"codigo_setor": "510340310420126", "municipio": "Cuiabá", "populacao": 807, "domicilios": 329, "situacao": "Urbana"}, "geometry": {"type": "Point", "coordinates": [-56.016375, -15.569275]}}, {"type": "Feature", "properties": {"codigo_setor": "510340310420127", "municipio": "Cuiabá", "populacao": 966, "domicilios": 398, "situacao": "Urbana"}, "geometry": {"type": "Point", "coordinates": [-56.011656, -15.566903]}}, {"type": "Feature", "properties": {"codigo_setor": "510340310420140", "municipio": "Cuiabá", "populacao": 680, "domicilios": 309, "situacao": "Urbana"}, "geometry": {"type": "Point", "coordinates": [-56.013203, -15.561337]}}, {"type": "Feature", "properties": {"codigo_setor": "510340310420142", "municipio": "Cuiabá", "populacao": 212, "domicilios": 103, "situacao": "Urbana"}, "geometry": {"type": "Point", "coordinates": [-56.015528, -15.576036]}}, {"type": "Feature", "properties": {"codigo_setor": "510340310420150", "municipio": "Cuiabá", "populacao": 917, "domicilios": 334, "situacao": "Urbana"}, "geometry": {"type": "Point", "coordinates": [-56.032116, -15.602996]}}, {"type": "Feature", "properties": {"codigo_setor": "510340310420151", "municipio": "Cuiabá", "populacao": 570, "domicilios": 224, "situacao": "Urbana"}, "geometry": {"type": "Point", "coordinates": [-56.021288, -15.577722]}}, {"type": "Feature", "properties": {"codigo_setor": "510340310420154", "municipio": "Cuiabá", "populacao": 533, "domicilios": 198, "situacao": "Urbana"}, "geometry": {"type": "Point", "coordinates": [-56.018764, -15.583586]}}, {"type": "Feature", "properties": {"codigo_setor": "510340310420155", "municipio": "Cuiabá", "populacao": 512, "domicilios": 216, "situacao": "Urbana"}, "geometry": {"type": "Point", "coordinates": [-56.02087, -15.5798]}}, {"type": "Feature", "properties": {"codigo_setor": "510340310420164", "municipio": "Cuiabá", "populacao": 520, "domicilios": 205, "situacao": "Urbana"}, "geometry": {"type": "Point", "coordinates": [-56.033394, -15.601754]}}, {"type": "Feature", "properties": {"codigo_setor": "510340305000010", "municipio": "Cuiabá", "populacao": 200, "domicilios": 171, "situacao": "Urbana"}, "geometry": {"type": "Point", "coordinates": [-55.98815, -15.548385]}}, {"type": "Feature", "properties": {"codigo_setor": "510340305000009", "municipio": "Cuiabá", "populacao": 125, "domicilios": 109, "situacao": "Urbana"}, "geometry": {"type": "Point", "coordinates": [-55.993832, -15.546073]}}, {"type": "Feature", "properties": {"codigo_setor": "510340310400125", "municipio": "Cuiabá", "populacao": 67, "domicilios": 24, "situacao": "Urbana"}, "geometry": {"type": "Point", "coordinates": [-56.014322, -15.553837]}}, {"type": "Feature", "properties": {"codigo_setor": "510340310400164", "municipio": "Cuiabá", "populacao": 428, "domicilios": 222, "situacao": "Urbana"}, "geometry": {"type": "Point", "coordinates": [-56.025841, -15.542333]}}, {"type": "Feature", "properties": {"codigo_setor": "510340305000006", "municipio": "Cuiabá", "populacao": 553, "domicilios": 249, "situacao": "Urbana"}, "geometry": {"type": "Point", "coordinates": [-56.012032, -15.546036]}}, {"type": "Feature", "properties": {"codigo_setor": "510340305000011", "municipio": "Cuiabá", "populacao": 851, "domicilios": 800, "situacao": "Urbana"}, "geometry": {"type": "Point", "coordinates": [-55.99946, -15.577772]}}, {"type": "Feature", "properties": {"codigo_setor": "510340305000008", "municipio": "Cuiabá", "populacao": 926, "domicilios": 497, "situacao": "Rural"}, "geometry": {"type": "Point", "coordinates": [-56.010666, -15.529588]}}, {"type": "Feature", "properties": {"codigo_setor": "510340310420183", "municipio": "Cuiabá", "populacao": 678, "domicilios": 286, "situacao": "Urbana"}, "geometry": {"type": "Point", "coordinates": [-56.017635, -15.562364]}}, {"type": "Feature", "properties": {"codigo_setor": "510340310420184", "municipio": "Cuiabá", "populacao": 702, "domicilios": 274, "situacao": "Urbana"}, "geometry": {"type": "Point", "coordinates": [-56.01663, -15.564956]}}, {"type": "Feature", "properties": {"codigo_setor": "510340310420190", "municipio": "Cuiabá", "populacao": 187, "domicilios": 79, "situacao": "Urbana"}, "geometry": {"type": "Point", "coordinates": [-56.028332, -15.593982]}}, {"type": "Feature", "properties": {"codigo_setor": "510340310420104", "municipio": "Cuiabá", "populacao": 483, "domicilios": 195, "situacao": "Urbana"}, "geometry": {"type": "Point", "coordinates": [-56.035002, -15.605383]}}, {"type": "Feature", "properties": {"codigo_setor": "510340310420073", "municipio": "Cuiabá", "populacao": 578, "domicilios": 323, "situacao": "Urbana"}, "geometry": {"type": "Point", "coordinates": [-56.036512, -15.611832]}}, {"type": "Feature", "properties": {"codigo_setor": "510340310420070", "municipio": "Cuiabá", "populacao": 1014, "domicilios": 362, "situacao": "Urbana"}, "geometry": {"type": "Point", "coordinates": [-56.035353, -15.589511]}}, {"type": "Feature", "properties": {"codigo_setor": "510340310400043", "municipio": "Cuiabá", "populacao": 532, "domicilios": 236, "situacao": "Urbana"}, "geometry": {"type": "Point", "coordinates": [-56.037735, -15.572277]}}, {"type": "Feature", "properties": {"codigo_setor": "510340310400124", "municipio": "Cuiabá", "populacao": 731, "domicilios": 276, "situacao": "Urbana"}, "geometry": {"type": "Point", "coordinates": [-56.018831, -15.559836]}}, {"type": "Feature", "properties": {"codigo_setor": "510340305000013", "municipio": "Cuiabá", "populacao": 522, "domicilios": 193, "situacao": "Urbana"}, "geometry": {"type": "Point", "coordinates": [-56.016535, -15.545935]}}, {"type": "Feature", "properties": {"codigo_setor": "510340310430351", "municipio": "Cuiabá", "populacao": 31, "domicilios": 11, "situacao": "Urbana"}, "geometry": {"type": "Point", "coordinates": [-56.001251, -15.60427]}}, {"type": "Feature", "properties": {"codigo_setor": "510340315000001", "municipio": "Cuiabá", "populacao": 212, "domicilios": 151, "situacao": "Urbana"}, "geometry": {"type": "Point", "coordinates": [-55.981777, -15.455703]}}, {"type": "Feature", "properties": {"codigo_setor": "510340315000009", "municipio": "Cuiabá", "populacao": 328, "domicilios": 292, "situacao": "Rural"}, "geometry": {"type": "Point", "coordinates": [-55.981245, -15.4876]}}, {"type": "Feature", "properties": {"codigo_setor": "510340310420019", "municipio": "Cuiabá", "populacao": 521, "domicilios": 249, "situacao": "Urbana"}, "geometry": {"type": "Point", "coordinates": [-56.031033, -15.572315]}}, {"type": "Feature", "properties": {"codigo_setor": "510340310400072", "municipio": "Cuiabá", "populacao": 768, "domicilios": 284, "situacao": "Urbana"}, "geometry": {"type": "Point", "coordinates": [-56.034441, -15.572778]}}, {"type": "Feature", "properties": {"codigo_setor": "510340310400045", "municipio": "Cuiabá", "populacao": 853, "domicilios": 351, "situacao": "Urbana"}, "geometry": {"type": "Point", "coordinates": [-56.04133, -15.573003]}}, {"type": "Feature", "properties": {"codigo_setor": "510340310400071", "municipio": "Cuiabá", "populacao": 886, "domicilios": 376, "situacao": "Urbana"}, "geometry": {"type": "Point", "coordinates": [-56.031382, -15.571629]}}, {"type": "Feature", "properties": {"codigo_setor": "510340310420090", "municipio": "Cuiabá", "populacao": 1014, "domicilios": 406, "situacao": "Urbana"}, "geometry": {"type": "Point", "coordinates": [-56.019205, -15.570608]}}, {"type": "Feature", "properties": {"codigo_setor": "510340310420087", "municipio": "Cuiabá", "populacao": 687, "domicilios": 339, "situacao": "Urbana"}, "geometry": {"type": "Point", "coordinates": [-56.022512, -15.570358]}}, {"type": "Feature", "properties": {"codigo_setor": "510340310420086", "municipio": "Cuiabá", "populacao": 678, "domicilios": 269, "situacao": "Urbana"}, "geometry": {"type": "Point", "coordinates": [-56.02713, -15.570798]}}, {"type": "Feature", "properties": {"codigo_setor": "510340310400104", "municipio": "Cuiabá", "populacao": 243, "domicilios": 98, "situacao": "Urbana"}, "geometry": {"type": "Point", "coordinates": [-56.034281, -15.570761]}}, {"type": "Feature", "properties": {"codigo_setor": "510340310400041", "municipio": "Cuiabá", "populacao": 411, "domicilios": 164, "situacao": "Urbana"}, "geometry": {"type": "Point", "coordinates": [-56.035275, -15.570483]}}, {"type": "Feature", "properties": {"codigo_setor": "510340310400042", "municipio": "Cuiabá", "populacao": 441, "domicilios": 174, "situacao": "Urbana"}, "geometry": {"type": "Point", "coordinates": [-56.037132, -15.568617]}}, {"type": "Feature", "properties": {"codigo_setor": "510340310400040", "municipio": "Cuiabá", "populacao": 797, "domicilios": 291, "situacao": "Urbana"}, "geometry": {"type": "Point", "coordinates": [-56.033026, -15.568676]}}, {"type": "Feature", "properties": {"codigo_setor": "510340310400094", "municipio": "Cuiabá", "populacao": 903, "domicilios": 398, "situacao": "Urbana"}, "geometry": {"type": "Point", "coordinates": [-56.025478, -15.564914]}}, {"type": "Feature", "properties": {"codigo_setor": "510340310400068", "municipio": "Cuiabá", "populacao": 234, "domicilios": 90, "situacao": "Urbana"}, "geometry": {"type": "Point", "coordinates": [-56.028103, -15.567734]}}, {"type": "Feature", "properties": {"codigo_setor": "510340310400070", "municipio": "Cuiabá", "populacao": 607, "domicilios": 241, "situacao": "Urbana"}, "geometry": {"type": "Point", "coordinates": [-56.030399, -15.566812]}}, {"type": "Feature", "properties": {"codigo_setor": "510340310420063", "municipio": "Cuiabá", "populacao": 742, "domicilios": 388, "situacao": "Urbana"}, "geometry": {"type": "Point", "coordinates": [-56.021044, -15.56544]}}, {"type": "Feature", "properties": {"codigo_setor": "510340310400039", "municipio": "Cuiabá", "populacao": 752, "domicilios": 284, "situacao": "Urbana"}, "geometry": {"type": "Point", "coordinates": [-56.036137, -15.566626]}}, {"type": "Feature", "properties": {"codigo_setor": "510340310400015", "municipio": "Cuiabá", "populacao": 449, "domicilios": 172, "situacao": "Urbana"}, "geometry": {"type": "Point", "coordinates": [-56.042381, -15.566267]}}, {"type": "Feature", "properties": {"codigo_setor": "510340310400014", "municipio": "Cuiabá", "populacao": 875, "domicilios": 314, "situacao": "Urbana"}, "geometry": {"type": "Point", "coordinates": [-56.039711, -15.564878]}}, {"type": "Feature", "properties": {"codigo_setor": "510340310400067", "municipio": "Cuiabá", "populacao": 484, "domicilios": 187, "situacao": "Urbana"}, "geometry": {"type": "Point", "coordinates": [-56.028725, -15.565417]}}, {"type": "Feature", "properties": {"codigo_setor": "510340310400069", "municipio": "Cuiabá", "populacao": 657, "domicilios": 243, "situacao": "Urbana"}, "geometry": {"type": "Point", "coordinates": [-56.031464, -15.565007]}}, {"type": "Feature", "properties": {"codigo_setor": "510340310400037", "municipio": "Cuiabá", "populacao": 912, "domicilios": 328, "situacao": "Urbana"}, "geometry": {"type": "Point", "coordinates": [-56.034252, -15.564095]}}, {"type": "Feature", "properties": {"codigo_setor": "510340310400082", "municipio": "Cuiabá", "populacao": 956, "domicilios": 405, "situacao": "Urbana"}, "geometry": {"type": "Point", "coordinates": [-56.021282, -15.55923]}}, {"type": "Feature", "properties": {"codigo_setor": "510340310400133", "municipio": "Cuiabá", "populacao": 916, "domicilios": 345, "situacao": "Urbana"}, "geometry": {"type": "Point", "coordinates": [-56.018515, -15.556294]}}, {"type": "Feature", "properties": {"codigo_setor": "510340310400134", "municipio": "Cuiabá", "populacao": 994, "domicilios": 340, "situacao": "Urbana"}, "geometry": {"type": "Point", "coordinates": [-56.019165, -15.553433]}}, {"type": "Feature", "properties": {"codigo_setor": "510340310400148", "municipio": "Cuiabá", "populacao": 318, "domicilios": 93, "situacao": "Urbana"}, "geometry": {"type": "Point", "coordinates": [-56.020395, -15.550342]}}, {"type": "Feature", "properties": {"codigo_setor": "510340310400169", "municipio": "Cuiabá", "populacao": 780, "domicilios": 309, "situacao": "Urbana"}, "geometry": {"type": "Point", "coordinates": [-56.018675, -15.547544]}}, {"type": "Feature", "properties": {"codigo_setor": "510340310400168", "municipio": "Cuiabá", "populacao": 451, "domicilios": 162, "situacao": "Urbana"}, "geometry": {"type": "Point", "coordinates": [-56.020449, -15.54496]}}, {"type": "Feature", "properties": {"codigo_setor": "510340310420120", "municipio": "Cuiabá", "populacao": 456, "domicilios": 161, "situacao": "Urbana"}, "geometry": {"type": "Point", "coordinates": [-56.028645, -15.572505]}}, {"type": "Feature", "properties": {"codigo_setor": "510340310420121", "municipio": "Cuiabá", "populacao": 581, "domicilios": 206, "situacao": "Urbana"}, "geometry": {"type": "Point", "coordinates": [-56.025196, -15.572217]}}, {"type": "Feature", "properties": {"codigo_setor": "510340310420123", "municipio": "Cuiabá", "populacao": 741, "domicilios": 232, "situacao": "Urbana"}, "geometry": {"type": "Point", "coordinates": [-56.024574, -15.567736]}}, {"type": "Feature", "properties": {"codigo_setor": "510340310420124", "municipio": "Cuiabá", "populacao": 549, "domicilios": 208, "situacao": "Urbana"}, "geometry": {"type": "Point", "coordinates": [-56.025446, -15.566285]}}, {"type": "Feature", "properties": {"codigo_setor": "510340310400038", "municipio": "Cuiabá", "populacao": 714, "domicilios": 279, "situacao": "Urbana"}, "geometry": {"type": "Point", "coordinates": [-56.03306, -15.566785]}}, {"type": "Feature", "properties": {"codigo_setor": "510340310400073", "municipio": "Cuiabá", "populacao": 683, "domicilios": 268, "situacao": "Urbana"}, "geometry": {"type": "Point", "coordinates": [-56.036715, -15.546986]}}, {"type": "Feature", "properties": {"codigo_setor": "510340310400074", "municipio": "Cuiabá", "populacao": 893, "domicilios": 326, "situacao": "Urbana"}, "geometry": {"type": "Point", "coordinates": [-56.037411, -15.549404]}}, {"type": "Feature", "properties": {"codigo_setor": "510340310400062", "municipio": "Cuiabá", "populacao": 665, "domicilios": 244, "situacao": "Urbana"}, "geometry": {"type": "Point", "coordinates": [-56.035955, -15.55575]}}, {"type": "Feature", "properties": {"codigo_setor": "510340310400061", "municipio": "Cuiabá", "populacao": 451, "domicilios": 186, "situacao": "Urbana"}, "geometry": {"type": "Point", "coordinates": [-56.03297, -15.554814]}}, {"type": "Feature", "properties": {"codigo_setor": "510340310400032", "municipio": "Cuiabá", "populacao": 600, "domicilios": 222, "situacao": "Urbana"}, "geometry": {"type": "Point", "coordinates": [-56.035135, -15.556948]}}, {"type": "Feature", "properties": {"codigo_setor": "510340310400033", "municipio": "Cuiabá", "populacao": 546, "domicilios": 200, "situacao": "Urbana"}, "geometry": {"type": "Point", "coordinates": [-56.034538, -15.559846]}}, {"type": "Feature", "properties": {"codigo_setor": "510340310400075", "municipio": "Cuiabá", "populacao": 713, "domicilios": 243, "situacao": "Urbana"}, "geometry": {"type": "Point", "coordinates": [-56.033562, -15.545932]}}, {"type": "Feature", "properties": {"codigo_setor": "510340310400034", "municipio": "Cuiabá", "populacao": 642, "domicilios": 242, "situacao": "Urbana"}, "geometry": {"type": "Point", "coordinates": [-56.032833, -15.560569]}}, {"type": "Feature", "properties": {"codigo_setor": "510340310400036", "municipio": "Cuiabá", "populacao": 552, "domicilios": 204, "situacao": "Urbana"}, "geometry": {"type": "Point", "coordinates": [-56.032074, -15.563108]}}, {"type": "Feature", "properties": {"codigo_setor": "510340310400077", "municipio": "Cuiabá", "populacao": 886, "domicilios": 318, "situacao": "Urbana"}, "geometry": {"type": "Point", "coordinates": [-56.03087, -15.551467]}}, {"type": "Feature", "properties": {"codigo_setor": "510340310400076", "municipio": "Cuiabá", "populacao": 748, "domicilios": 275, "situacao": "Urbana"}, "geometry": {"type": "Point", "coordinates": [-56.030569, -15.544371]}}, {"type": "Feature", "properties": {"codigo_setor": "510340310400063", "municipio": "Cuiabá", "populacao": 599, "domicilios": 244, "situacao": "Urbana"}, "geometry": {"type": "Point", "coordinates": [-56.032015, -15.556163]}}, {"type": "Feature", "properties": {"codigo_setor": "510340310400035", "municipio": "Cuiabá", "populacao": 506, "domicilios": 210, "situacao": "Urbana"}, "geometry": {"type": "Point", "coordinates": [-56.030922, -15.56122]}}, {"type": "Feature", "properties": {"codigo_setor": "510340310400064", "municipio": "Cuiabá", "populacao": 475, "domicilios": 206, "situacao": "Urbana"}, "geometry": {"type": "Point", "coordinates": [-56.030001, -15.558568]}}, {"type": "Feature", "properties": {"codigo_setor": "510340310400066", "municipio": "Cuiabá", "populacao": 314, "domicilios": 149, "situacao": "Urbana"}, "geometry": {"type": "Point", "coordinates": [-56.029236, -15.562874]}}, {"type": "Feature", "properties": {"codigo_setor": "510340310400065", "municipio": "Cuiabá", "populacao": 259, "domicilios": 114, "situacao": "Urbana"}, "geometry": {"type": "Point", "coordinates": [-56.028887, -15.559859]}}, {"type": "Feature", "properties": {"codigo_setor": "510340310400078", "municipio": "Cuiabá", "populacao": 901, "domicilios": 318, "situacao": "Urbana"}, "geometry": {"type": "Point", "coordinates": [-56.027157, -15.554516]}}, {"type": "Feature", "properties": {"codigo_setor": "510340310400080", "municipio": "Cuiabá", "populacao": 531, "domicilios": 210, "situacao": "Urbana"}, "geometry": {"type": "Point", "coordinates": [-56.027163, -15.556791]}}, {"type": "Feature", "properties": {"codigo_setor": "510340310400087", "municipio": "Cuiabá", "populacao": 775, "domicilios": 307, "situacao": "Urbana"}, "geometry": {"type": "Point", "coordinates": [-56.034002, -15.550821]}}, {"type": "Feature", "properties": {"codigo_setor": "510340310400088", "municipio": "Cuiabá", "populacao": 769, "domicilios": 292, "situacao": "Urbana"}, "geometry": {"type": "Point", "coordinates": [-56.033352, -15.547941]}}, {"type": "Feature", "properties": {"codigo_setor": "510340310400089", "municipio": "Cuiabá", "populacao": 518, "domicilios": 189, "situacao": "Urbana"}, "geometry": {"type": "Point", "coordinates": [-56.030533, -15.548844]}}, {"type": "Feature", "properties": {"codigo_setor": "510340310400090", "municipio": "Cuiabá", "populacao": 587, "domicilios": 202, "situacao": "Urbana"}, "geometry": {"type": "Point", "coordinates": [-56.030905, -15.552462]}}, {"type": "Feature", "properties": {"codigo_setor": "510340310400091", "municipio": "Cuiabá", "populacao": 510, "domicilios": 171, "situacao": "Urbana"}, "geometry": {"type": "Point", "coordinates": [-56.027351, -15.551709]}}, {"type": "Feature", "properties": {"codigo_setor": "510340310400096", "municipio": "Cuiabá", "populacao": 217, "domicilios": 107, "situacao": "Urbana"}, "geometry": {"type": "Point", "coordinates": [-56.036339, -15.561912]}}, {"type": "Feature", "properties": {"codigo_setor": "510340310400103", "municipio": "Cuiabá", "populacao": 417, "domicilios": 157, "situacao": "Urbana"}, "geometry": {"type": "Point", "coordinates": [-56.033182, -15.558113]}}, {"type": "Feature", "properties": {"codigo_setor": "510340310400116", "municipio": "Cuiabá", "populacao": 543, "domicilios": 209, "situacao": "Urbana"}, "geometry": {"type": "Point", "coordinates": [-56.029146, -15.548532]}}, {"type": "Feature", "properties": {"codigo_setor": "510340310400118", "municipio": "Cuiabá", "populacao": 718, "domicilios": 259, "situacao": "Urbana"}, "geometry": {"type": "Point", "coordinates": [-56.036303, -15.544991]}}, {"type": "Feature", "properties": {"codigo_setor": "510340310400141", "municipio": "Cuiabá", "populacao": 343, "domicilios": 153, "situacao": "Urbana"}, "geometry": {"type": "Point", "coordinates": [-56.027437, -15.54716]}}, {"type": "Feature", "properties": {"codigo_setor": "510340310400142", "municipio": "Cuiabá", "populacao": 357, "domicilios": 150, "situacao": "Urbana"}, "geometry": {"type": "Point", "coordinates": [-56.03688, -15.558673]}}, {"type": "Feature", "properties": {"codigo_setor": "510340310400154", "municipio": "Cuiabá", "populacao": 364, "domicilios": 128, "situacao": "Urbana"}, "geometry": {"type": "Point", "coordinates": [-56.03915, -15.54612]}}, {"type": "Feature", "properties": {"codigo_setor": "510340310400157", "municipio": "Cuiabá", "populacao": 733, "domicilios": 276, "situacao": "Urbana"}, "geometry": {"type": "Point", "coordinates": [-56.037275, -15.551229]}}, {"type": "Feature", "properties": {"codigo_setor": "510340310400158", "municipio": "Cuiabá", "populacao": 473, "domicilios": 178, "situacao": "Urbana"}, "geometry": {"type": "Point", "coordinates": [-56.039951, -15.553198]}}, {"type": "Feature", "properties": {"codigo_setor": "510340310400159", "municipio": "Cuiabá", "populacao": 335, "domicilios": 133, "situacao": "Urbana"}, "geometry": {"type": "Point", "coordinates": [-56.032944, -15.552958]}}, {"type": "Feature", "properties": {"codigo_setor": "510340310420027", "municipio": "Cuiabá", "populacao": 569, "domicilios": 231, "situacao": "Urbana"}, "geometry": {"type": "Point", "coordinates": [-56.039557, -15.586479]}}, {"type": "Feature", "properties": {"codigo_setor": "510340310420109", "municipio": "Cuiabá", "populacao": 607, "domicilios": 230, "situacao": "Urbana"}, "geometry": {"type": "Point", "coordinates": [-56.027554, -15.58495]}}, {"type": "Feature", "properties": {"codigo_setor": "510340310420099", "municipio": "Cuiabá", "populacao": 654, "domicilios": 248, "situacao": "Urbana"}, "geometry": {"type": "Point", "coordinates": [-56.037827, -15.584793]}}, {"type": "Feature", "properties": {"codigo_setor": "510340310420098", "municipio": "Cuiabá", "populacao": 464, "domicilios": 184, "situacao": "Urbana"}, "geometry": {"type": "Point", "coordinates": [-56.040997, -15.584551]}}, {"type": "Feature", "properties": {"codigo_setor": "510340310420062", "municipio": "Cuiabá", "populacao": 906, "domicilios": 367, "situacao": "Urbana"}, "geometry": {"type": "Point", "coordinates": [-56.028442, -15.583424]}}, {"type": "Feature", "properties": {"codigo_setor": "510340310420068", "municipio": "Cuiabá", "populacao": 643, "domicilios": 244, "situacao": "Urbana"}, "geometry": {"type": "Point", "coordinates": [-56.033327, -15.584239]}}, {"type": "Feature", "properties": {"codigo_setor": "510340310420022", "municipio": "Cuiabá", "populacao": 528, "domicilios": 210, "situacao": "Urbana"}, "geometry": {"type": "Point", "coordinates": [-56.03458, -15.583138]}}, {"type": "Feature", "properties": {"codigo_setor": "510340310420025", "municipio": "Cuiabá", "populacao": 590, "domicilios": 251, "situacao": "Urbana"}, "geometry": {"type": "Point", "coordinates": [-56.040178, -15.583066]}}, {"type": "Feature", "properties": {"codigo_setor": "510340310420024", "municipio": "Cuiabá", "populacao": 693, "domicilios": 256, "situacao": "Urbana"}, "geometry": {"type": "Point", "coordinates": [-56.036213, -15.582344]}}, {"type": "Feature", "properties": {"codigo_setor": "510340310420089", "municipio": "Cuiabá", "populacao": 692, "domicilios": 313, "situacao": "Urbana"}, "geometry": {"type": "Point", "coordinates": [-56.024197, -15.580917]}}, {"type": "Feature", "properties": {"codigo_setor": "510340310420083", "municipio": "Cuiabá", "populacao": 839, "domicilios": 300, "situacao": "Urbana"}, "geometry": {"type": "Point", "coordinates": [-56.029339, -15.581145]}}, {"type": "Feature", "properties": {"codigo_setor": "510340310420021", "municipio": "Cuiabá", "populacao": 535, "domicilios": 227, "situacao": "Urbana"}, "geometry": {"type": "Point", "coordinates": [-56.032764, -15.580284]}}, {"type": "Feature", "properties": {"codigo_setor": "510340310420023", "municipio": "Cuiabá", "populacao": 566, "domicilios": 229, "situacao": "Urbana"}, "geometry": {"type": "Point", "coordinates": [-56.036428, -15.579842]}}, {"type": "Feature", "properties": {"codigo_setor": "510340310420118", "municipio": "Cuiabá", "populacao": 442, "domicilios": 182, "situacao": "Urbana"}, "geometry": {"type": "Point", "coordinates": [-56.029869, -15.579248]}}, {"type": "Feature", "properties": {"codigo_setor": "510340310420067", "municipio": "Cuiabá", "populacao": 435, "domicilios": 165, "situacao": "Urbana"}, "geometry": {"type": "Point", "coordinates": [-56.038181, -15.578859]}}, {"type": "Feature", "properties": {"codigo_setor": "510340310420112", "municipio": "Cuiabá", "populacao": 457, "domicilios": 158, "situacao": "Urbana"}, "geometry": {"type": "Point", "coordinates": [-56.040001, -15.578619]}}, {"type": "Feature", "properties": {"codigo_setor": "510340310420017", "municipio": "Cuiabá", "populacao": 439, "domicilios": 184, "situacao": "Urbana"}, "geometry": {"type": "Point", "coordinates": [-56.034529, -15.577578]}}, {"type": "Feature", "properties": {"codigo_setor": "510340310420018", "municipio": "Cuiabá", "populacao": 493, "domicilios": 216, "situacao": "Urbana"}, "geometry": {"type": "Point", "coordinates": [-56.032871, -15.576663]}}, {"type": "Feature", "properties": {"codigo_setor": "510340310420016", "municipio": "Cuiabá", "populacao": 323, "domicilios": 104, "situacao": "Urbana"}, "geometry": {"type": "Point", "coordinates": [-56.039713, -15.577252]}}, {"type": "Feature", "properties": {"codigo_setor": "510340310420085", "municipio": "Cuiabá", "populacao": 292, "domicilios": 111, "situacao": "Urbana"}, "geometry": {"type": "Point", "coordinates": [-56.029528, -15.575599]}}, {"type": "Feature", "properties": {"codigo_setor": "510340310420088", "municipio": "Cuiabá", "populacao": 671, "domicilios": 273, "situacao": "Urbana"}, "geometry": {"type": "Point", "coordinates": [-56.022285, -15.575862]}}, {"type": "Feature", "properties": {"codigo_setor": "510340310420097", "municipio": "Cuiabá", "populacao": 103, "domicilios": 69, "situacao": "Urbana"}, "geometry": {"type": "Point", "coordinates": [-56.031086, -15.5763]}}, {"type": "Feature", "properties": {"codigo_setor": "510340310420084", "municipio": "Cuiabá", "populacao": 494, "domicilios": 169, "situacao": "Urbana"}, "geometry": {"type": "Point", "coordinates": [-56.028084, -15.576239]}}, {"type": "Feature", "properties": {"codigo_setor": "510340310420020", "municipio": "Cuiabá", "populacao": 387, "domicilios": 137, "situacao": "Urbana"}, "geometry": {"type": "Point", "coordinates": [-56.032104, -15.575589]}}, {"type": "Feature", "properties": {"codigo_setor": "510340310400044", "municipio": "Cuiabá", "populacao": 604, "domicilios": 226, "situacao": "Urbana"}, "geometry": {"type": "Point", "coordinates": [-56.040703, -15.574925]}}, {"type": "Feature", "properties": {"codigo_setor": "510340310420125", "municipio": "Cuiabá", "populacao": 1138, "domicilios": 383, "situacao": "Urbana"}, "geometry": {"type": "Point", "coordinates": [-56.026421, -15.57837]}}, {"type": "Feature", "properties": {"codigo_setor": "510340310420143", "municipio": "Cuiabá", "populacao": 529, "domicilios": 256, "situacao": "Urbana"}, "geometry": {"type": "Point", "coordinates": [-56.022182, -15.584094]}}, {"type": "Feature", "properties": {"codigo_setor": "510340310420167", "municipio": "Cuiabá", "populacao": 568, "domicilios": 269, "situacao": "Urbana"}, "geometry": {"type": "Point", "coordinates": [-56.025375, -15.586213]}}, {"type": "Feature", "properties": {"codigo_setor": "510340310420043", "municipio": "Cuiabá", "populacao": 618, "domicilios": 250, "situacao": "Urbana"}, "geometry": {"type": "Point", "coordinates": [-56.028543, -15.61089]}}, {"type": "Feature", "properties": {"codigo_setor": "510340310420162", "municipio": "Cuiabá", "populacao": 735, "domicilios": 303, "situacao": "Urbana"}, "geometry": {"type": "Point", "coordinates": [-56.020811, -15.611175]}}, {"type": "Feature", "properties": {"codigo_setor": "510340310420161", "municipio": "Cuiabá", "populacao": 742, "domicilios": 298, "situacao": "Urbana"}, "geometry": {"type": "Point", "coordinates": [-56.019974, -15.611041]}}, {"type": "Feature", "properties": {"codigo_setor": "510340310420134", "municipio": "Cuiabá", "populacao": 1098, "domicilios": 416, "situacao": "Urbana"}, "geometry": {"type": "Point", "coordinates": [-56.02146, -15.609757]}}, {"type": "Feature", "properties": {"codigo_setor": "510340310420105", "municipio": "Cuiabá", "populacao": 559, "domicilios": 187, "situacao": "Urbana"}, "geometry": {"type": "Point", "coordinates": [-56.025442, -15.609817]}}, {"type": "Feature", "properties": {"codigo_setor": "510340310420041", "municipio": "Cuiabá", "populacao": 575, "domicilios": 237, "situacao": "Urbana"}, "geometry": {"type": "Point", "coordinates": [-56.032663, -15.608807]}}, {"type": "Feature", "properties": {"codigo_setor": "510340310420074", "municipio": "Cuiabá", "populacao": 419, "domicilios": 164, "situacao": "Urbana"}, "geometry": {"type": "Point", "coordinates": [-56.029949, -15.608613]}}, {"type": "Feature", "properties": {"codigo_setor": "510340310420133", "municipio": "Cuiabá", "populacao": 796, "domicilios": 338, "situacao": "Urbana"}, "geometry": {"type": "Point", "coordinates": [-56.022886, -15.608403]}}, {"type": "Feature", "properties": {"codigo_setor": "510340310420165", "municipio": "Cuiabá", "populacao": 748, "domicilios": 246, "situacao": "Urbana"}, "geometry": {"type": "Point", "coordinates": [-56.019495, -15.606774]}}, {"type": "Feature", "properties": {"codigo_setor": "510340310420102", "municipio": "Cuiabá", "populacao": 184, "domicilios": 69, "situacao": "Urbana"}, "geometry": {"type": "Point", "coordinates": [-56.028042, -15.607892]}}, {"type": "Feature", "properties": {"codigo_setor": "510340310420042", "municipio": "Cuiabá", "populacao": 218, "domicilios": 76, "situacao": "Urbana"}, "geometry": {"type": "Point", "coordinates": [-56.026566, -15.607287]}}, {"type": "Feature", "properties": {"codigo_setor": "510340310420103", "municipio": "Cuiabá", "populacao": 796, "domicilios": 432, "situacao": "Urbana"}, "geometry": {"type": "Point", "coordinates": [-56.02948, -15.605498]}}, {"type": "Feature", "properties": {"codigo_setor": "510340310420166", "municipio": "Cuiabá", "populacao": 1591, "domicilios": 528, "situacao": "Urbana"}, "geometry": {"type": "Point", "coordinates": [-56.022762, -15.603787]}}, {"type": "Feature", "properties": {"codigo_setor": "510340310420131", "municipio": "Cuiabá", "populacao": 1070, "domicilios": 334, "situacao": "Urbana"}, "geometry": {"type": "Point", "coordinates": [-56.023178, -15.602125]}}, {"type": "Feature", "properties": {"codigo_setor": "510340310420130", "municipio": "Cuiabá", "populacao": 1319, "domicilios": 418, "situacao": "Urbana"}, "geometry": {"type": "Point", "coordinates": [-56.023314, -15.599811]}}, {"type": "Feature", "properties": {"codigo_setor": "510340310420191", "municipio": "Cuiabá", "populacao": 244, "domicilios": 105, "situacao": "Urbana"}, "geometry": {"type": "Point", "coordinates": [-56.030863, -15.599327]}}, {"type": "Feature", "properties": {"codigo_setor": "510340310420168", "municipio": "Cuiabá", "populacao": 97, "domicilios": 32, "situacao": "Urbana"}, "geometry": {"type": "Point", "coordinates": [-56.022657, -15.587027]}}, {"type": "Feature", "properties": {"codigo_setor": "510340310430006", "municipio": "Cuiabá", "populacao": 397, "domicilios": 174, "situacao": "Urbana"}, "geometry": {"type": "Point", "coordinates": [-56.03019, -15.647741]}}, {"type": "Feature", "properties": {"codigo_setor": "510340310420076", "municipio": "Cuiabá", "populacao": 454, "domicilios": 188, "situacao": "Urbana"}, "geometry": {"type": "Point", "coordinates": [-56.030239, -15.612145]}}, {"type": "Feature", "properties": {"codigo_setor": "510340310430007", "municipio": "Cuiabá", "populacao": 519, "domicilios": 216, "situacao": "Urbana"}, "geometry": {"type": "Point", "coordinates": [-56.029726, -15.649607]}}, {"type": "Feature", "properties": {"codigo_setor": "510340310420152", "municipio": "Cuiabá", "populacao": 695, "domicilios": 260, "situacao": "Urbana"}, "geometry": {"type": "Point", "coordinates": [-56.029486, -15.618841]}}, {"type": "Feature", "properties": {"codigo_setor": "510340310430008", "municipio": "Cuiabá", "populacao": 514, "domicilios": 181, "situacao": "Urbana"}, "geometry": {"type": "Point", "coordinates": [-56.029291, -15.651183]}}, {"type": "Feature", "properties": {"codigo_setor": "510340310420046", "municipio": "Cuiabá", "populacao": 540, "domicilios": 206, "situacao": "Urbana"}, "geometry": {"type": "Point", "coordinates": [-56.029331, -15.615482]}}, {"type": "Feature", "properties": {"codigo_setor": "510340310430011", "municipio": "Cuiabá", "populacao": 753, "domicilios": 289, "situacao": "Urbana"}, "geometry": {"type": "Point", "coordinates": [-56.028929, -15.653224]}}, {"type": "Feature", "properties": {"codigo_setor": "510340310430005", "municipio": "Cuiabá", "populacao": 739, "domicilios": 274, "situacao": "Urbana"}, "geometry": {"type": "Point", "coordinates": [-56.028093, -15.646644]}}, {"type": "Feature", "properties": {"codigo_setor": "510340310430051", "municipio": "Cuiabá", "populacao": 331, "domicilios": 169, "situacao": "Urbana"}, "geometry": {"type": "Point", "coordinates": [-56.026043, -15.635139]}}, {"type": "Feature", "properties": {"codigo_setor": "510340310420153", "municipio": "Cuiabá", "populacao": 418, "domicilios": 180, "situacao": "Urbana"}, "geometry": {"type": "Point", "coordinates": [-56.026861, -15.619873]}}, {"type": "Feature", "properties": {"codigo_setor": "510340310420115", "municipio": "Cuiabá", "populacao": 938, "domicilios": 397, "situacao": "Urbana"}, "geometry": {"type": "Point", "coordinates": [-56.025982, -15.61713]}}, {"type": "Feature", "properties": {"codigo_setor": "510340310420116", "municipio": "Cuiabá", "populacao": 640, "domicilios": 237, "situacao": "Urbana"}, "geometry": {"type": "Point", "coordinates": [-56.025217, -15.614056]}}, {"type": "Feature", "properties": {"codigo_setor": "510340310430004", "municipio": "Cuiabá", "populacao": 498, "domicilios": 249, "situacao": "Urbana"}, "geometry": {"type": "Point", "coordinates": [-56.022449, -15.645702]}}, {"type": "Feature", "properties": {"codigo_setor": "510340310420044", "municipio": "Cuiabá", "populacao": 397, "domicilios": 139, "situacao": "Urbana"}, "geometry": {"type": "Point", "coordinates": [-56.025425, -15.611735]}}, {"type": "Feature", "properties": {"codigo_setor": "510340310430062", "municipio": "Cuiabá", "populacao": 481, "domicilios": 181, "situacao": "Urbana"}, "geometry": {"type": "Point", "coordinates": [-56.023172, -15.637242]}}, {"type": "Feature", "properties": {"codigo_setor": "510340310420075", "municipio": "Cuiabá", "populacao": 758, "domicilios": 311, "situacao": "Urbana"}, "geometry": {"type": "Point", "coordinates": [-56.023001, -15.618202]}}, {"type": "Feature", "properties": {"codigo_setor": "510340310430003", "municipio": "Cuiabá", "populacao": 327, "domicilios": 120, "situacao": "Urbana"}, "geometry": {"type": "Point", "coordinates": [-56.01897, -15.641371]}}, {"type": "Feature", "properties": {"codigo_setor": "510340310420160", "municipio": "Cuiabá", "populacao": 686, "domicilios": 311, "situacao": "Urbana"}, "geometry": {"type": "Point", "coordinates": [-56.020086, -15.612103]}}, {"type": "Feature", "properties": {"codigo_setor": "510340310420158", "municipio": "Cuiabá", "populacao": 929, "domicilios": 437, "situacao": "Urbana"}, "geometry": {"type": "Point", "coordinates": [-56.019232, -15.614393]}}, {"type": "Feature", "properties": {"codigo_setor": "510340310420156", "municipio": "Cuiabá", "populacao": 654, "domicilios": 241, "situacao": "Urbana"}, "geometry": {"type": "Point", "coordinates": [-56.01787, -15.620091]}}, {"type": "Feature", "properties": {"codigo_setor": "510340310420159", "municipio": "Cuiabá", "populacao": 690, "domicilios": 294, "situacao": "Urbana"}, "geometry": {"type": "Point", "coordinates": [-56.019066, -15.611816]}}, {"type": "Feature", "properties": {"codigo_setor": "510340310430065", "municipio": "Cuiabá", "populacao": 536, "domicilios": 269, "situacao": "Urbana"}, "geometry": {"type": "Point", "coordinates": [-56.01837, -15.632705]}}, {"type": "Feature", "properties": {"codigo_setor": "510340310430063", "municipio": "Cuiabá", "populacao": 565, "domicilios": 294, "situacao": "Urbana"}, "geometry": {"type": "Point", "coordinates": [-56.018848, -15.636322]}}, {"type": "Feature", "properties": {"codigo_setor": "510340310420157", "municipio": "Cuiabá", "populacao": 594, "domicilios": 226, "situacao": "Urbana"}, "geometry": {"type": "Point", "coordinates": [-56.017548, -15.616968]}}, {"type": "Feature", "properties": {"codigo_setor": "510340310430052", "municipio": "Cuiabá", "populacao": 931, "domicilios": 371, "situacao": "Urbana"}, "geometry": {"type": "Point", "coordinates": [-56.015545, -15.62537]}}, {"type": "Feature", "properties": {"codigo_setor": "510340310430064", "municipio": "Cuiabá", "populacao": 694, "domicilios": 276, "situacao": "Urbana"}, "geometry": {"type": "Point", "coordinates": [-56.016953, -15.633494]}}, {"type": "Feature", "properties": {"codigo_setor": "510340310430061", "municipio": "Cuiabá", "populacao": 530, "domicilios": 215, "situacao": "Urbana"}, "geometry": {"type": "Point", "coordinates": [-56.016562, -15.636411]}}, {"type": "Feature", "properties": {"codigo_setor": "510340310430053", "municipio": "Cuiabá", "populacao": 801, "domicilios": 371, "situacao": "Urbana"}, "geometry": {"type": "Point", "coordinates": [-56.014181, -15.627307]}}, {"type": "Feature", "properties": {"codigo_setor": "510340310430066", "municipio": "Cuiabá", "populacao": 582, "domicilios": 251, "situacao": "Urbana"}, "geometry": {"type": "Point", "coordinates": [-56.014553, -15.630895]}}, {"type": "Feature", "properties": {"codigo_setor": "510340310430060", "municipio": "Cuiabá", "populacao": 562, "domicilios": 219, "situacao": "Urbana"}, "geometry": {"type": "Point", "coordinates": [-56.014341, -15.633976]}}, {"type": "Feature", "properties": {"codigo_setor": "510340310430059", "municipio": "Cuiabá", "populacao": 577, "domicilios": 219, "situacao": "Urbana"}, "geometry": {"type": "Point", "coordinates": [-56.012861, -15.63448]}}, {"type": "Feature", "properties": {"codigo_setor": "510340310430068", "municipio": "Cuiabá", "populacao": 612, "domicilios": 206, "situacao": "Urbana"}, "geometry": {"type": "Point", "coordinates": [-56.011978, -15.631948]}}, {"type": "Feature", "properties": {"codigo_setor": "510340310430127", "municipio": "Cuiabá", "populacao": 465, "domicilios": 280, "situacao": "Urbana"}, "geometry": {"type": "Point", "coordinates": [-56.020695, -15.632235]}}, {"type": "Feature", "properties": {"codigo_setor": "510340310430128", "municipio": "Cuiabá", "populacao": 531, "domicilios": 224, "situacao": "Urbana"}, "geometry": {"type": "Point", "coordinates": [-56.019976, -15.63797]}}, {"type": "Feature", "properties": {"codigo_setor": "510340310430129", "municipio": "Cuiabá", "populacao": 518, "domicilios": 195, "situacao": "Urbana"}, "geometry": {"type": "Point", "coordinates": [-56.01856, -15.633649]}}, {"type": "Feature", "properties": {"codigo_setor": "510340310430186", "municipio": "Cuiabá", "populacao": 618, "domicilios": 361, "situacao": "Urbana"}, "geometry": {"type": "Point", "coordinates": [-56.027224, -15.627188]}}, {"type": "Feature", "properties": {"codigo_setor": "510340310430212", "municipio": "Cuiabá", "populacao": 325, "domicilios": 169, "situacao": "Urbana"}, "geometry": {"type": "Point", "coordinates": [-56.028885, -15.641936]}}, {"type": "Feature", "properties": {"codigo_setor": "510340310430257", "municipio": "Cuiabá", "populacao": 510, "domicilios": 175, "situacao": "Urbana"}, "geometry": {"type": "Point", "coordinates": [-56.016455, -15.646657]}}, {"type": "Feature", "properties": {"codigo_setor": "510340310430259", "municipio": "Cuiabá", "populacao": 411, "domicilios": 165, "situacao": "Urbana"}, "geometry": {"type": "Point", "coordinates": [-56.013639, -15.628564]}}, {"type": "Feature", "properties": {"codigo_setor": "510340310430281", "municipio": "Cuiabá", "populacao": 514, "domicilios": 221, "situacao": "Urbana"}, "geometry": {"type": "Point", "coordinates": [-56.025505, -15.643303]}}, {"type": "Feature", "properties": {"codigo_setor": "510340310430282", "municipio": "Cuiabá", "populacao": 280, "domicilios": 133, "situacao": "Urbana"}, "geometry": {"type": "Point", "coordinates": [-56.023106, -15.644036]}}, {"type": "Feature", "properties": {"codigo_setor": "510340310430299", "municipio": "Cuiabá", "populacao": 583, "domicilios": 288, "situacao": "Urbana"}, "geometry": {"type": "Point", "coordinates": [-56.015413, -15.637505]}}, {"type": "Feature", "properties": {"codigo_setor": "510340310430300", "municipio": "Cuiabá", "populacao": 454, "domicilios": 165, "situacao": "Urbana"}, "geometry": {"type": "Point", "coordinates": [-56.014746, -15.639331]}}, {"type": "Feature", "properties": {"codigo_setor": "510340310430105", "municipio": "Cuiabá", "populacao": 420, "domicilios": 159, "situacao": "Urbana"}, "geometry": {"type": "Point", "coordinates": [-55.980955, -15.653789]}}, {"type": "Feature", "properties": {"codigo_setor": "510340310430108", "municipio": "Cuiabá", "populacao": 2731, "domicilios": 3, "situacao": "Urbana"}, "geometry": {"type": "Point", "coordinates": [-55.985336, -15.652418]}}, {"type": "Feature", "properties": {"codigo_setor": "510340310430106", "municipio": "Cuiabá", "populacao": 391, "domicilios": 163, "situacao": "Urbana"}, "geometry": {"type": "Point", "coordinates": [-55.983547, -15.653905]}}, {"type": "Feature", "properties": {"codigo_setor": "510340310430243", "municipio": "Cuiabá", "populacao": 79, "domicilios": 31, "situacao": "Urbana"}, "geometry": {"type": "Point", "coordinates": [-55.988583, -15.646382]}}, {"type": "Feature", "properties": {"codigo_setor": "510340310430190", "municipio": "Cuiabá", "populacao": 703, "domicilios": 254, "situacao": "Urbana"}, "geometry": {"type": "Point", "coordinates": [-55.992878, -15.64966]}}, {"type": "Feature", "properties": {"codigo_setor": "510340310430149", "municipio": "Cuiabá", "populacao": 617, "domicilios": 207, "situacao": "Urbana"}, "geometry": {"type": "Point", "coordinates": [-55.997353, -15.64708]}}, {"type": "Feature", "properties": {"codigo_setor": "510340310430244", "municipio": "Cuiabá", "populacao": 642, "domicilios": 237, "situacao": "Urbana"}, "geometry": {"type": "Point", "coordinates": [-55.992117, -15.647728]}}, {"type": "Feature", "properties": {"codigo_setor": "510340310430182", "municipio": "Cuiabá", "populacao": 472, "domicilios": 195, "situacao": "Urbana"}, "geometry": {"type": "Point", "coordinates": [-55.999323, -15.644261]}}, {"type": "Feature", "properties": {"codigo_setor": "510340310430242", "municipio": "Cuiabá", "populacao": 742, "domicilios": 251, "situacao": "Urbana"}, "geometry": {"type": "Point", "coordinates": [-55.993622, -15.646365]}}, {"type": "Feature", "properties": {"codigo_setor": "510340310430195", "municipio": "Cuiabá", "populacao": 335, "domicilios": 133, "situacao": "Urbana"}, "geometry": {"type": "Point", "coordinates": [-56.002705, -15.64314]}}, {"type": "Feature", "properties": {"codigo_setor": "510340310430241", "municipio": "Cuiabá", "populacao": 640, "domicilios": 217, "situacao": "Urbana"}, "geometry": {"type": "Point", "coordinates": [-55.995527, -15.642277]}}, {"type": "Feature", "properties": {"codigo_setor": "510340310430001", "municipio": "Cuiabá", "populacao": 836, "domicilios": 359, "situacao": "Urbana"}, "geometry": {"type": "Point", "coordinates": [-56.009077, -15.641863]}}, {"type": "Feature", "properties": {"codigo_setor": "510340310430002", "municipio": "Cuiabá", "populacao": 475, "domicilios": 234, "situacao": "Urbana"}, "geometry": {"type": "Point", "coordinates": [-56.010983, -15.63806]}}, {"type": "Feature", "properties": {"codigo_setor": "510340310430069", "municipio": "Cuiabá", "populacao": 532, "domicilios": 215, "situacao": "Urbana"}, "geometry": {"type": "Point", "coordinates": [-56.001516, -15.635335]}}, {"type": "Feature", "properties": {"codigo_setor": "510340310430245", "municipio": "Cuiabá", "populacao": 882, "domicilios": 316, "situacao": "Urbana"}, "geometry": {"type": "Point", "coordinates": [-55.986713, -15.636376]}}, {"type": "Feature", "properties": {"codigo_setor": "510340310430163", "municipio": "Cuiabá", "populacao": 403, "domicilios": 162, "situacao": "Urbana"}, "geometry": {"type": "Point", "coordinates": [-56.010847, -15.634085]}}, {"type": "Feature", "properties": {"codigo_setor": "510340310430058", "municipio": "Cuiabá", "populacao": 549, "domicilios": 212, "situacao": "Urbana"}, "geometry": {"type": "Point", "coordinates": [-56.009344, -15.634545]}}, {"type": "Feature", "properties": {"codigo_setor": "510340310430070", "municipio": "Cuiabá", "populacao": 1002, "domicilios": 368, "situacao": "Urbana"}, "geometry": {"type": "Point", "coordinates": [-55.986357, -15.634423]}}, {"type": "Feature", "properties": {"codigo_setor": "510340310430057", "municipio": "Cuiabá", "populacao": 757, "domicilios": 325, "situacao": "Urbana"}, "geometry": {"type": "Point", "coordinates": [-56.006535, -15.634385]}}, {"type": "Feature", "properties": {"codigo_setor": "510340310430164", "municipio": "Cuiabá", "populacao": 351, "domicilios": 137, "situacao": "Urbana"}, "geometry": {"type": "Point", "coordinates": [-56.010489, -15.632887]}}, {"type": "Feature", "properties": {"codigo_setor": "510340310430251", "municipio": "Cuiabá", "populacao": 704, "domicilios": 262, "situacao": "Urbana"}, "geometry": {"type": "Point", "coordinates": [-55.994635, -15.637019]}}, {"type": "Feature", "properties": {"codigo_setor": "510340310430252", "municipio": "Cuiabá", "populacao": 714, "domicilios": 244, "situacao": "Urbana"}, "geometry": {"type": "Point", "coordinates": [-55.997057, -15.637818]}}, {"type": "Feature", "properties": {"codigo_setor": "510340310430301", "municipio": "Cuiabá", "populacao": 331, "domicilios": 120, "situacao": "Urbana"}, "geometry": {"type": "Point", "coordinates": [-56.008774, -15.637892]}}, {"type": "Feature", "properties": {"codigo_setor": "510340310430302", "municipio": "Cuiabá", "populacao": 530, "domicilios": 185, "situacao": "Urbana"}, "geometry": {"type": "Point", "coordinates": [-56.007647, -15.637587]}}, {"type": "Feature", "properties": {"codigo_setor": "510340310430303", "municipio": "Cuiabá", "populacao": 529, "domicilios": 172, "situacao": "Urbana"}, "geometry": {"type": "Point", "coordinates": [-56.005749, -15.639032]}}, {"type": "Feature", "properties": {"codigo_setor": "510340310430304", "municipio": "Cuiabá", "populacao": 378, "domicilios": 141, "situacao": "Urbana"}, "geometry": {"type": "Point", "coordinates": [-56.00494, -15.636507]}}, {"type": "Feature", "properties": {"codigo_setor": "510780015000004", "municipio": "Santo Antônio de Leverger", "populacao": 124, "domicilios": 88, "situacao": "Rural"}, "geometry": {"type": "Point", "coordinates": [-55.523144, -16.257422]}}, {"type": "Feature", "properties": {"codigo_setor": "510780015000012", "municipio": "Santo Antônio de Leverger", "populacao": 38, "domicilios": 34, "situacao": "Rural"}, "geometry": {"type": "Point", "coordinates": [-55.702049, -16.248783]}}, {"type": "Feature", "properties": {"codigo_setor": "510780015000011", "municipio": "Santo Antônio de Leverger", "populacao": 188, "domicilios": 108, "situacao": "Rural"}, "geometry": {"type": "Point", "coordinates": [-55.723183, -16.13763]}}, {"type": "Feature", "properties": {"codigo_setor": "510780017000011", "municipio": "Santo Antônio de Leverger", "populacao": 179, "domicilios": 111, "situacao": "Rural"}, "geometry": {"type": "Point", "coordinates": [-55.573946, -16.07432]}}, {"type": "Feature", "properties": {"codigo_setor": "510780017000010", "municipio": "Santo Antônio de Leverger", "populacao": 198, "domicilios": 128, "situacao": "Rural"}, "geometry": {"type": "Point", "coordinates": [-55.434549, -16.096883]}}, {"type": "Feature", "properties": {"codigo_setor": "510780017000008", "municipio": "Santo Antônio de Leverger", "populacao": 299, "domicilios": 154, "situacao": "Rural"}, "geometry": {"type": "Point", "coordinates": [-55.471449, -16.032531]}}, {"type": "Feature", "properties": {"codigo_setor": "510780017000004", "municipio": "Santo Antônio de Leverger", "populacao": 268, "domicilios": 247, "situacao": "Rural"}, "geometry": {"type": "Point", "coordinates": [-55.643562, -15.991122]}}, {"type": "Feature", "properties": {"codigo_setor": "510780017000003", "municipio": "Santo Antônio de Leverger", "populacao": 26, "domicilios": 19, "situacao": "Rural"}, "geometry": {"type": "Point", "coordinates": [-55.40835, -15.986529]}}, {"type": "Feature", "properties": {"codigo_setor": "510780017000005", "municipio": "Santo Antônio de Leverger", "populacao": 64, "domicilios": 120, "situacao": "Rural"}, "geometry": {"type": "Point", "coordinates": [-55.683823, -15.884617]}}, {"type": "Feature", "properties": {"codigo_setor": "510340310000035", "municipio": "Cuiabá", "populacao": 460, "domicilios": 317, "situacao": "Rural"}, "geometry": {"type": "Point", "coordinates": [-55.483065, -15.895757]}}, {"type": "Feature", "properties": {"codigo_setor": "510780017000002", "municipio": "Santo Antônio de Leverger", "populacao": 20, "domicilios": 15, "situacao": "Rural"}, "geometry": {"type": "Point", "coordinates": [-55.456972, -15.959634]}}, {"type": "Feature", "properties": {"codigo_setor": "510780017000001", "municipio": "Santo Antônio de Leverger", "populacao": 788, "domicilios": 370, "situacao": "Urbana"}, "geometry": {"type": "Point", "coordinates": [-55.536592, -15.966843]}}, {"type": "Feature", "properties": {"codigo_setor": "510780017000013", "municipio": "Santo Antônio de Leverger", "populacao": 4, "domicilios": 12, "situacao": "Rural"}, "geometry": {"type": "Point", "coordinates": [-55.510658, -15.896099]}}, {"type": "Feature", "properties": {"codigo_setor": "510780005000029", "municipio": "Santo Antônio de Leverger", "populacao": 390, "domicilios": 251, "situacao": "Rural"}, "geometry": {"type": "Point", "coordinates": [-55.782749, -15.803328]}}, {"type": "Feature", "properties": {"codigo_setor": "510340310000033", "municipio": "Cuiabá", "populacao": 436, "domicilios": 236, "situacao": "Rural"}, "geometry": {"type": "Point", "coordinates": [-55.45105, -15.789017]}}, {"type": "Feature", "properties": {"codigo_setor": "510340310000034", "municipio": "Cuiabá", "populacao": 37, "domicilios": 19, "situacao": "Rural"}, "geometry": {"type": "Point", "coordinates": [-55.416779, -15.825095]}}, {"type": "Feature", "properties": {"codigo_setor": "510340310000026", "municipio": "Cuiabá", "populacao": 498, "domicilios": 261, "situacao": "Rural"}, "geometry": {"type": "Point", "coordinates": [-55.500538, -15.721636]}}, {"type": "Feature", "properties": {"codigo_setor": "510780005000007", "municipio": "Santo Antônio de Leverger", "populacao": 495, "domicilios": 282, "situacao": "Rural"}, "geometry": {"type": "Point", "coordinates": [-55.753687, -15.756747]}}, {"type": "Feature", "properties": {"codigo_setor": "510780017000006", "municipio": "Santo Antônio de Leverger", "populacao": 52, "domicilios": 35, "situacao": "Rural"}, "geometry": {"type": "Point", "coordinates": [-55.609169, -15.787251]}}, {"type": "Feature", "properties": {"codigo_setor": "510340310000042", "municipio": "Cuiabá", "populacao": 404, "domicilios": 167, "situacao": "Rural"}, "geometry": {"type": "Point", "coordinates": [-55.434423, -15.756292]}}, {"type": "Feature", "properties": {"codigo_setor": "510340310000025", "municipio": "Cuiabá", "populacao": 224, "domicilios": 132, "situacao": "Rural"}, "geometry": {"type": "Point", "coordinates": [-55.405611, -15.77247]}}, {"type": "Feature", "properties": {"codigo_setor": "510780017000007", "municipio": "Santo Antônio de Leverger", "populacao": 32, "domicilios": 27, "situacao": "Rural"}, "geometry": {"type": "Point", "coordinates": [-55.579021, -15.761664]}}, {"type": "Feature", "properties": {"codigo_setor": "510340310000043", "municipio": "Cuiabá", "populacao": 55, "domicilios": 30, "situacao": "Rural"}, "geometry": {"type": "Point", "coordinates": [-55.425114, -15.776772]}}, {"type": "Feature", "properties": {"codigo_setor": "510780005000028", "municipio": "Santo Antônio de Leverger", "populacao": 37, "domicilios": 26, "situacao": "Rural"}, "geometry": {"type": "Point", "coordinates": [-55.596844, -15.748856]}}, {"type": "Feature", "properties": {"codigo_setor": "510340310000004", "municipio": "Cuiabá", "populacao": 271, "domicilios": 188, "situacao": "Rural"}, "geometry": {"type": "Point", "coordinates": [-55.613564, -15.609673]}}, {"type": "Feature", "properties": {"codigo_setor": "510340310000013", "municipio": "Cuiabá", "populacao": 273, "domicilios": 140, "situacao": "Rural"}, "geometry": {"type": "Point", "coordinates": [-55.753256, -15.621455]}}, {"type": "Feature", "properties": {"codigo_setor": "510340310000012", "municipio": "Cuiabá", "populacao": 234, "domicilios": 162, "situacao": "Rural"}, "geometry": {"type": "Point", "coordinates": [-55.820515, -15.624976]}}, {"type": "Feature", "properties": {"codigo_setor": "510300720000005", "municipio": "Chapada dos Guimarães", "populacao": 43, "domicilios": 51, "situacao": "Rural"}, "geometry": {"type": "Point", "coordinates": [-55.478903, -15.557963]}}, {"type": "Feature", "properties": {"codigo_setor": "510340310000011", "municipio": "Cuiabá", "populacao": 250, "domicilios": 170, "situacao": "Rural"}, "geometry": {"type": "Point", "coordinates": [-55.738655, -15.541272]}}, {"type": "Feature", "properties": {"codigo_setor": "510300720000002", "municipio": "Chapada dos Guimarães", "populacao": 202, "domicilios": 160, "situacao": "Rural"}, "geometry": {"type": "Point", "coordinates": [-55.48181, -15.459203]}}, {"type": "Feature", "properties": {"codigo_setor": "510300705000041", "municipio": "Chapada dos Guimarães", "populacao": 75, "domicilios": 119, "situacao": "Urbana"}, "geometry": {"type": "Point", "coordinates": [-55.757935, -15.475307]}}, {"type": "Feature", "properties": {"codigo_setor": "510300705000031", "municipio": "Chapada dos Guimarães", "populacao": 1190, "domicilios": 449, "situacao": "Urbana"}, "geometry": {"type": "Point", "coordinates": [-55.731031, -15.475255]}}, {"type": "Feature", "properties": {"codigo_setor": "510300705000050", "municipio": "Chapada dos Guimarães", "populacao": 135, "domicilios": 129, "situacao": "Urbana"}, "geometry": {"type": "Point", "coordinates": [-55.7353, -15.473507]}}, {"type": "Feature", "properties": {"codigo_setor": "510300705000003", "municipio": "Chapada dos Guimarães", "populacao": 622, "domicilios": 363, "situacao": "Urbana"}, "geometry": {"type": "Point", "coordinates": [-55.746723, -15.468132]}}, {"type": "Feature", "properties": {"codigo_setor": "510780017000014", "municipio": "Santo Antônio de Leverger", "populacao": 80, "domicilios": 103, "situacao": "Rural"}, "geometry": {"type": "Point", "coordinates": [-55.568687, -15.877644]}}, {"type": "Feature", "properties": {"codigo_setor": "510780017000015", "municipio": "Santo Antônio de Leverger", "populacao": 202, "domicilios": 212, "situacao": "Rural"}, "geometry": {"type": "Point", "coordinates": [-55.50256, -15.931234]}}, {"type": "Feature", "properties": {"codigo_setor": "510340310000038", "municipio": "Cuiabá", "populacao": 74, "domicilios": 48, "situacao": "Rural"}, "geometry": {"type": "Point", "coordinates": [-55.916126, -15.670102]}}, {"type": "Feature", "properties": {"codigo_setor": "510340310430250", "municipio": "Cuiabá", "populacao": 57, "domicilios": 43, "situacao": "Rural"}, "geometry": {"type": "Point", "coordinates": [-55.957821, -15.671348]}}, {"type": "Feature", "properties": {"codigo_setor": "510340310000002", "municipio": "Cuiabá", "populacao": 291, "domicilios": 182, "situacao": "Rural"}, "geometry": {"type": "Point", "coordinates": [-55.874313, -15.638943]}}, {"type": "Feature", "properties": {"codigo_setor": "510340310430112", "municipio": "Cuiabá", "populacao": 1314, "domicilios": 531, "situacao": "Urbana"}, "geometry": {"type": "Point", "coordinates": [-55.957008, -15.675714]}}, {"type": "Feature", "properties": {"codigo_setor": "510340310000039", "municipio": "Cuiabá", "populacao": 356, "domicilios": 187, "situacao": "Urbana"}, "geometry": {"type": "Point", "coordinates": [-55.930799, -15.65302]}}, {"type": "Feature", "properties": {"codigo_setor": "510340310430284", "municipio": "Cuiabá", "populacao": 632, "domicilios": 226, "situacao": "Urbana"}, "geometry": {"type": "Point", "coordinates": [-55.97275, -15.653513]}}, {"type": "Feature", "properties": {"codigo_setor": "510340310430249", "municipio": "Cuiabá", "populacao": 454, "domicilios": 188, "situacao": "Urbana"}, "geometry": {"type": "Point", "coordinates": [-55.958382, -15.648638]}}, {"type": "Feature", "properties": {"codigo_setor": "510340310000040", "municipio": "Cuiabá", "populacao": 560, "domicilios": 296, "situacao": "Urbana"}, "geometry": {"type": "Point", "coordinates": [-55.926281, -15.638658]}}, {"type": "Feature", "properties": {"codigo_setor": "510340310000041", "municipio": "Cuiabá", "populacao": 509, "domicilios": 257, "situacao": "Urbana"}, "geometry": {"type": "Point", "coordinates": [-55.938585, -15.64475]}}, {"type": "Feature", "properties": {"codigo_setor": "510340310430175", "municipio": "Cuiabá", "populacao": 791, "domicilios": 287, "situacao": "Urbana"}, "geometry": {"type": "Point", "coordinates": [-55.973827, -15.647005]}}, {"type": "Feature", "properties": {"codigo_setor": "510340310430103", "municipio": "Cuiabá", "populacao": 1007, "domicilios": 412, "situacao": "Urbana"}, "geometry": {"type": "Point", "coordinates": [-55.977699, -15.646708]}}, {"type": "Feature", "properties": {"codigo_setor": "510340310000016", "municipio": "Cuiabá", "populacao": 617, "domicilios": 252, "situacao": "Urbana"}, "geometry": {"type": "Point", "coordinates": [-55.939659, -15.64378]}}, {"type": "Feature", "properties": {"codigo_setor": "510340310430102", "municipio": "Cuiabá", "populacao": 861, "domicilios": 321, "situacao": "Urbana"}, "geometry": {"type": "Point", "coordinates": [-55.975063, -15.644469]}}, {"type": "Feature", "properties": {"codigo_setor": "510340310430100", "municipio": "Cuiabá", "populacao": 1133, "domicilios": 444, "situacao": "Urbana"}, "geometry": {"type": "Point", "coordinates": [-55.969305, -15.642463]}}, {"type": "Feature", "properties": {"codigo_setor": "510340310430247", "municipio": "Cuiabá", "populacao": 596, "domicilios": 247, "situacao": "Urbana"}, "geometry": {"type": "Point", "coordinates": [-55.968054, -15.6379]}}, {"type": "Feature", "properties": {"codigo_setor": "510340310430189", "municipio": "Cuiabá", "populacao": 610, "domicilios": 257, "situacao": "Urbana"}, "geometry": {"type": "Point", "coordinates": [-55.973385, -15.642088]}}, {"type": "Feature", "properties": {"codigo_setor": "510340310430146", "municipio": "Cuiabá", "populacao": 751, "domicilios": 285, "situacao": "Urbana"}, "geometry": {"type": "Point", "coordinates": [-55.976343, -15.641741]}}, {"type": "Feature", "properties": {"codigo_setor": "510340310000017", "municipio": "Cuiabá", "populacao": 656, "domicilios": 311, "situacao": "Urbana"}, "geometry": {"type": "Point", "coordinates": [-55.929447, -15.623622]}}, {"type": "Feature", "properties": {"codigo_setor": "510340310430101", "municipio": "Cuiabá", "populacao": 806, "domicilios": 326, "situacao": "Urbana"}, "geometry": {"type": "Point", "coordinates": [-55.973572, -15.638957]}}, {"type": "Feature", "properties": {"codigo_setor": "510340310430140", "municipio": "Cuiabá", "populacao": 959, "domicilios": 358, "situacao": "Urbana"}, "geometry": {"type": "Point", "coordinates": [-55.945181, -15.637585]}}, {"type": "Feature", "properties": {"codigo_setor": "510340310430088", "municipio": "Cuiabá", "populacao": 1081, "domicilios": 387, "situacao": "Urbana"}, "geometry": {"type": "Point", "coordinates": [-55.942923, -15.637464]}}, {"type": "Feature", "properties": {"codigo_setor": "510340310430089", "municipio": "Cuiabá", "populacao": 581, "domicilios": 221, "situacao": "Urbana"}, "geometry": {"type": "Point", "coordinates": [-55.946827, -15.635269]}}, {"type": "Feature", "properties": {"codigo_setor": "510340310430090", "municipio": "Cuiabá", "populacao": 588, "domicilios": 222, "situacao": "Urbana"}, "geometry": {"type": "Point", "coordinates": [-55.949652, -15.635643]}}, {"type": "Feature", "properties": {"codigo_setor": "510340310430091", "municipio": "Cuiabá", "populacao": 831, "domicilios": 338, "situacao": "Urbana"}, "geometry": {"type": "Point", "coordinates": [-55.951612, -15.634915]}}, {"type": "Feature", "properties": {"codigo_setor": "510340310430084", "municipio": "Cuiabá", "populacao": 805, "domicilios": 324, "situacao": "Urbana"}, "geometry": {"type": "Point", "coordinates": [-55.964783, -15.623589]}}, {"type": "Feature", "properties": {"codigo_setor": "510340310430092", "municipio": "Cuiabá", "populacao": 875, "domicilios": 332, "situacao": "Urbana"}, "geometry": {"type": "Point", "coordinates": [-55.953777, -15.634078]}}, {"type": "Feature", "properties": {"codigo_setor": "510340310430139", "municipio": "Cuiabá", "populacao": 706, "domicilios": 276, "situacao": "Urbana"}, "geometry": {"type": "Point", "coordinates": [-55.941107, -15.634829]}}, {"type": "Feature", "properties": {"codigo_setor": "510340310430143", "municipio": "Cuiabá", "populacao": 812, "domicilios": 300, "situacao": "Urbana"}, "geometry": {"type": "Point", "coordinates": [-55.948086, -15.633397]}}, {"type": "Feature", "properties": {"codigo_setor": "510340310430094", "municipio": "Cuiabá", "populacao": 794, "domicilios": 296, "situacao": "Urbana"}, "geometry": {"type": "Point", "coordinates": [-55.956371, -15.634198]}}, {"type": "Feature", "properties": {"codigo_setor": "510340310430087", "municipio": "Cuiabá", "populacao": 832, "domicilios": 308, "situacao": "Urbana"}, "geometry": {"type": "Point", "coordinates": [-55.943605, -15.63362]}}, {"type": "Feature", "properties": {"codigo_setor": "510340310430144", "municipio": "Cuiabá", "populacao": 868, "domicilios": 352, "situacao": "Urbana"}, "geometry": {"type": "Point", "coordinates": [-55.94981, -15.632648]}}, {"type": "Feature", "properties": {"codigo_setor": "510340310430141", "municipio": "Cuiabá", "populacao": 641, "domicilios": 225, "situacao": "Urbana"}, "geometry": {"type": "Point", "coordinates": [-55.958996, -15.633202]}}, {"type": "Feature", "properties": {"codigo_setor": "510340310430145", "municipio": "Cuiabá", "populacao": 924, "domicilios": 358, "situacao": "Urbana"}, "geometry": {"type": "Point", "coordinates": [-55.951994, -15.631825]}}, {"type": "Feature", "properties": {"codigo_setor": "510340310430188", "municipio": "Cuiabá", "populacao": 1313, "domicilios": 475, "situacao": "Urbana"}, "geometry": {"type": "Point", "coordinates": [-55.94043, -15.632282]}}, {"type": "Feature", "properties": {"codigo_setor": "510340310430260", "municipio": "Cuiabá", "populacao": 580, "domicilios": 213, "situacao": "Urbana"}, "geometry": {"type": "Point", "coordinates": [-55.960955, -15.632463]}}, {"type": "Feature", "properties": {"codigo_setor": "510340310430285", "municipio": "Cuiabá", "populacao": 896, "domicilios": 297, "situacao": "Urbana"}, "geometry": {"type": "Point", "coordinates": [-55.963963, -15.642726]}}, {"type": "Feature", "properties": {"codigo_setor": "510340310430286", "municipio": "Cuiabá", "populacao": 445, "domicilios": 161, "situacao": "Urbana"}, "geometry": {"type": "Point", "coordinates": [-55.96813, -15.645169]}}, {"type": "Feature", "properties": {"codigo_setor": "510340310430287", "municipio": "Cuiabá", "populacao": 761, "domicilios": 288, "situacao": "Urbana"}, "geometry": {"type": "Point", "coordinates": [-55.962702, -15.637474]}}, {"type": "Feature", "properties": {"codigo_setor": "510340310430288", "municipio": "Cuiabá", "populacao": 279, "domicilios": 137, "situacao": "Urbana"}, "geometry": {"type": "Point", "coordinates": [-55.958504, -15.636496]}}, {"type": "Feature", "properties": {"codigo_setor": "510340310430305", "municipio": "Cuiabá", "populacao": 527, "domicilios": 165, "situacao": "Urbana"}, "geometry": {"type": "Point", "coordinates": [-55.938482, -15.636634]}}, {"type": "Feature", "properties": {"codigo_setor": "510340310430306", "municipio": "Cuiabá", "populacao": 122, "domicilios": 58, "situacao": "Urbana"}, "geometry": {"type": "Point", "coordinates": [-55.939014, -15.630266]}}, {"type": "Feature", "properties": {"codigo_setor": "510340310430327", "municipio": "Cuiabá", "populacao": 831, "domicilios": 303, "situacao": "Urbana"}, "geometry": {"type": "Point", "coordinates": [-55.967188, -15.647959]}}, {"type": "Feature", "properties": {"codigo_setor": "510340310430328", "municipio": "Cuiabá", "populacao": 581, "domicilios": 221, "situacao": "Urbana"}, "geometry": {"type": "Point", "coordinates": [-55.967712, -15.649355]}}, {"type": "Feature", "properties": {"codigo_setor": "510340310430343", "municipio": "Cuiabá", "populacao": 2, "domicilios": 8, "situacao": "Urbana"}, "geometry": {"type": "Point", "coordinates": [-55.973867, -15.66818]}}, {"type": "Feature", "properties": {"codigo_setor": "510340310430346", "municipio": "Cuiabá", "populacao": 588, "domicilios": 218, "situacao": "Urbana"}, "geometry": {"type": "Point", "coordinates": [-55.979399, -15.623158]}}, {"type": "Feature", "properties": {"codigo_setor": "510340310430356", "municipio": "Cuiabá", "populacao": 864, "domicilios": 342, "situacao": "Urbana"}, "geometry": {"type": "Point", "coordinates": [-55.949417, -15.641955]}}, {"type": "Feature", "properties": {"codigo_setor": "510340310430357", "municipio": "Cuiabá", "populacao": 426, "domicilios": 164, "situacao": "Urbana"}, "geometry": {"type": "Point", "coordinates": [-55.946838, -15.641105]}}, {"type": "Feature", "properties": {"codigo_setor": "510340310420137", "municipio": "Cuiabá", "populacao": 1028, "domicilios": 341, "situacao": "Urbana"}, "geometry": {"type": "Point", "coordinates": [-56.014765, -15.614175]}}, {"type": "Feature", "properties": {"codigo_setor": "510340310430115", "municipio": "Cuiabá", "populacao": 951, "domicilios": 367, "situacao": "Urbana"}, "geometry": {"type": "Point", "coordinates": [-56.01182, -15.622289]}}, {"type": "Feature", "properties": {"codigo_setor": "510340310430151", "municipio": "Cuiabá", "populacao": 283, "domicilios": 125, "situacao": "Urbana"}, "geometry": {"type": "Point", "coordinates": [-56.010775, -15.643748]}}, {"type": "Feature", "properties": {"codigo_setor": "510340310430137", "municipio": "Cuiabá", "populacao": 1248, "domicilios": 559, "situacao": "Urbana"}, "geometry": {"type": "Point", "coordinates": [-55.997313, -15.607842]}}, {"type": "Feature", "properties": {"codigo_setor": "510340310430192", "municipio": "Cuiabá", "populacao": 689, "domicilios": 287, "situacao": "Urbana"}, "geometry": {"type": "Point", "coordinates": [-55.997505, -15.606128]}}, {"type": "Feature", "properties": {"codigo_setor": "510340310430193", "municipio": "Cuiabá", "populacao": 489, "domicilios": 196, "situacao": "Urbana"}, "geometry": {"type": "Point", "coordinates": [-55.992916, -15.605664]}}, {"type": "Feature", "properties": {"codigo_setor": "510340310430194", "municipio": "Cuiabá", "populacao": 644, "domicilios": 267, "situacao": "Urbana"}, "geometry": {"type": "Point", "coordinates": [-55.993233, -15.610564]}}, {"type": "Feature", "properties": {"codigo_setor": "510340310430134", "municipio": "Cuiabá", "populacao": 660, "domicilios": 222, "situacao": "Urbana"}, "geometry": {"type": "Point", "coordinates": [-55.991165, -15.610169]}}, {"type": "Feature", "properties": {"codigo_setor": "510340310430165", "municipio": "Cuiabá", "populacao": 699, "domicilios": 261, "situacao": "Urbana"}, "geometry": {"type": "Point", "coordinates": [-55.988655, -15.610463]}}, {"type": "Feature", "properties": {"codigo_setor": "510340310430191", "municipio": "Cuiabá", "populacao": 498, "domicilios": 212, "situacao": "Urbana"}, "geometry": {"type": "Point", "coordinates": [-55.984707, -15.64662]}}, {"type": "Feature", "properties": {"codigo_setor": "510340310430148", "municipio": "Cuiabá", "populacao": 747, "domicilios": 355, "situacao": "Urbana"}, "geometry": {"type": "Point", "coordinates": [-55.976723, -15.658269]}}, {"type": "Feature", "properties": {"codigo_setor": "510340310430109", "municipio": "Cuiabá", "populacao": 1260, "domicilios": 520, "situacao": "Urbana"}, "geometry": {"type": "Point", "coordinates": [-55.978815, -15.629769]}}, {"type": "Feature", "properties": {"codigo_setor": "510340310430130", "municipio": "Cuiabá", "populacao": 623, "domicilios": 221, "situacao": "Urbana"}, "geometry": {"type": "Point", "coordinates": [-55.982691, -15.633915]}}, {"type": "Feature", "properties": {"codigo_setor": "510340310430107", "municipio": "Cuiabá", "populacao": 612, "domicilios": 228, "situacao": "Urbana"}, "geometry": {"type": "Point", "coordinates": [-55.981735, -15.650216]}}, {"type": "Feature", "properties": {"codigo_setor": "510340310430177", "municipio": "Cuiabá", "populacao": 422, "domicilios": 174, "situacao": "Urbana"}, "geometry": {"type": "Point", "coordinates": [-55.98107, -15.647985]}}, {"type": "Feature", "properties": {"codigo_setor": "510340310430110", "municipio": "Cuiabá", "populacao": 542, "domicilios": 243, "situacao": "Urbana"}, "geometry": {"type": "Point", "coordinates": [-55.978491, -15.639823]}}, {"type": "Feature", "properties": {"codigo_setor": "510160505000020", "municipio": "Barão de Melgaço", "populacao": 329, "domicilios": 153, "situacao": "Urbana"}, "geometry": {"type": "Point", "coordinates": [-55.967384, -16.199183]}}, {"type": "Feature", "properties": {"codigo_setor": "510340310430196", "municipio": "Cuiabá", "populacao": 788, "domicilios": 325, "situacao": "Urbana"}, "geometry": {"type": "Point", "coordinates": [-55.98337, -15.617566]}}, {"type": "Feature", "properties": {"codigo_setor": "510340310430221", "municipio": "Cuiabá", "populacao": 93, "domicilios": 42, "situacao": "Urbana"}, "geometry": {"type": "Point", "coordinates": [-55.983679, -15.609584]}}, {"type": "Feature", "properties": {"codigo_setor": "510340310430222", "municipio": "Cuiabá", "populacao": 988, "domicilios": 363, "situacao": "Urbana"}, "geometry": {"type": "Point", "coordinates": [-55.988781, -15.606361]}}, {"type": "Feature", "properties": {"codigo_setor": "510340310430223", "municipio": "Cuiabá", "populacao": 782, "domicilios": 259, "situacao": "Urbana"}, "geometry": {"type": "Point", "coordinates": [-55.984844, -15.605968]}}, {"type": "Feature", "properties": {"codigo_setor": "510340310430239", "municipio": "Cuiabá", "populacao": 558, "domicilios": 207, "situacao": "Urbana"}, "geometry": {"type": "Point", "coordinates": [-55.998716, -15.605003]}}, {"type": "Feature", "properties": {"codigo_setor": "510340310430246", "municipio": "Cuiabá", "populacao": 5, "domicilios": 5, "situacao": "Urbana"}, "geometry": {"type": "Point", "coordinates": [-55.992521, -15.633111]}}, {"type": "Feature", "properties": {"codigo_setor": "510340310430262", "municipio": "Cuiabá", "populacao": 383, "domicilios": 160, "situacao": "Urbana"}, "geometry": {"type": "Point", "coordinates": [-55.981798, -15.651861]}}, {"type": "Feature", "properties": {"codigo_setor": "510340310430272", "municipio": "Cuiabá", "populacao": 726, "domicilios": 242, "situacao": "Urbana"}, "geometry": {"type": "Point", "coordinates": [-55.980774, -15.61448]}}, {"type": "Feature", "properties": {"codigo_setor": "510340310430273", "municipio": "Cuiabá", "populacao": 577, "domicilios": 189, "situacao": "Urbana"}, "geometry": {"type": "Point", "coordinates": [-55.979855, -15.61596]}}, {"type": "Feature", "properties": {"codigo_setor": "510340310430176", "municipio": "Cuiabá", "populacao": 840, "domicilios": 324, "situacao": "Urbana"}, "geometry": {"type": "Point", "coordinates": [-55.975645, -15.648211]}}, {"type": "Feature", "properties": {"codigo_setor": "510340310430104", "municipio": "Cuiabá", "populacao": 307, "domicilios": 132, "situacao": "Urbana"}, "geometry": {"type": "Point", "coordinates": [-55.975788, -15.650493]}}, {"type": "Feature", "properties": {"codigo_setor": "510340310430276", "municipio": "Cuiabá", "populacao": 553, "domicilios": 176, "situacao": "Urbana"}, "geometry": {"type": "Point", "coordinates": [-55.979317, -15.612065]}}, {"type": "Feature", "properties": {"codigo_setor": "510340310430283", "municipio": "Cuiabá", "populacao": 716, "domicilios": 300, "situacao": "Urbana"}, "geometry": {"type": "Point", "coordinates": [-55.975779, -15.654638]}}, {"type": "Feature", "properties": {"codigo_setor": "510340310430325", "municipio": "Cuiabá", "populacao": 670, "domicilios": 241, "situacao": "Urbana"}, "geometry": {"type": "Point", "coordinates": [-56.002613, -15.609467]}}, {"type": "Feature", "properties": {"codigo_setor": "510340310430342", "municipio": "Cuiabá", "populacao": 155, "domicilios": 51, "situacao": "Urbana"}, "geometry": {"type": "Point", "coordinates": [-55.993544, -15.660008]}}, {"type": "Feature", "properties": {"codigo_setor": "510340310430350", "municipio": "Cuiabá", "populacao": 766, "domicilios": 322, "situacao": "Urbana"}, "geometry": {"type": "Point", "coordinates": [-56.009686, -15.612911]}}, {"type": "Feature", "properties": {"codigo_setor": "510160505000011", "municipio": "Barão de Melgaço", "populacao": 102, "domicilios": 201, "situacao": "Rural"}, "geometry": {"type": "Point", "coordinates": [-55.904636, -16.144247]}}, {"type": "Feature", "properties": {"codigo_setor": "510160505000004", "municipio": "Barão de Melgaço", "populacao": 683, "domicilios": 289, "situacao": "Urbana"}, "geometry": {"type": "Point", "coordinates": [-55.957787, -16.191931]}}, {"type": "Feature", "properties": {"codigo_setor": "510160505000002", "municipio": "Barão de Melgaço", "populacao": 606, "domicilios": 324, "situacao": "Urbana"}, "geometry": {"type": "Point", "coordinates": [-55.949308, -16.193034]}}, {"type": "Feature", "properties": {"codigo_setor": "510780005000005", "municipio": "Santo Antônio de Leverger", "populacao": 170, "domicilios": 247, "situacao": "Rural"}, "geometry": {"type": "Point", "coordinates": [-56.01078, -15.947804]}}, {"type": "Feature", "properties": {"codigo_setor": "510780005000006", "municipio": "Santo Antônio de Leverger", "populacao": 128, "domicilios": 147, "situacao": "Rural"}, "geometry": {"type": "Point", "coordinates": [-55.83326, -15.94964]}}, {"type": "Feature", "properties": {"codigo_setor": "510780005000008", "municipio": "Santo Antônio de Leverger", "populacao": 370, "domicilios": 151, "situacao": "Rural"}, "geometry": {"type": "Point", "coordinates": [-55.7451, -15.707477]}}, {"type": "Feature", "properties": {"codigo_setor": "510780005000012", "municipio": "Santo Antônio de Leverger", "populacao": 153, "domicilios": 137, "situacao": "Rural"}, "geometry": {"type": "Point", "coordinates": [-56.006393, -15.852604]}}, {"type": "Feature", "properties": {"codigo_setor": "510780005000026", "municipio": "Santo Antônio de Leverger", "populacao": 100, "domicilios": 171, "situacao": "Rural"}, "geometry": {"type": "Point", "coordinates": [-55.962679, -16.061213]}}, {"type": "Feature", "properties": {"codigo_setor": "510780005000027", "municipio": "Santo Antônio de Leverger", "populacao": 52, "domicilios": 67, "situacao": "Rural"}, "geometry": {"type": "Point", "coordinates": [-55.918245, -15.844796]}}, {"type": "Feature", "properties": {"codigo_setor": "510780005000031", "municipio": "Santo Antônio de Leverger", "populacao": 130, "domicilios": 113, "situacao": "Rural"}, "geometry": {"type": "Point", "coordinates": [-56.015818, -15.913475]}}, {"type": "Feature", "properties": {"codigo_setor": "510780005000033", "municipio": "Santo Antônio de Leverger", "populacao": 45, "domicilios": 24, "situacao": "Rural"}, "geometry": {"type": "Point", "coordinates": [-56.044991, -15.868136]}}, {"type": "Feature", "properties": {"codigo_setor": "510780005000034", "municipio": "Santo Antônio de Leverger", "populacao": 389, "domicilios": 179, "situacao": "Urbana"}, "geometry": {"type": "Point", "coordinates": [-56.045738, -15.86572]}}, {"type": "Feature", "properties": {"codigo_setor": "510780010000003", "municipio": "Santo Antônio de Leverger", "populacao": 90, "domicilios": 130, "situacao": "Rural"}, "geometry": {"type": "Point", "coordinates": [-55.978102, -15.736936]}}, {"type": "Feature", "properties": {"codigo_setor": "510780015000003", "municipio": "Santo Antônio de Leverger", "populacao": 145, "domicilios": 100, "situacao": "Rural"}, "geometry": {"type": "Point", "coordinates": [-55.820219, -16.07232]}}, {"type": "Feature", "properties": {"codigo_setor": "510780025000001", "municipio": "Santo Antônio de Leverger", "populacao": 42, "domicilios": 45, "situacao": "Rural"}, "geometry": {"type": "Point", "coordinates": [-55.963293, -15.74029]}}, {"type": "Feature", "properties": {"codigo_setor": "510780025000002", "municipio": "Santo Antônio de Leverger", "populacao": 280, "domicilios": 204, "situacao": "Rural"}, "geometry": {"type": "Point", "coordinates": [-56.037802, -15.798112]}}, {"type": "Feature", "properties": {"codigo_setor": "510340310430152", "municipio": "Cuiabá", "populacao": 867, "domicilios": 380, "situacao": "Urbana"}, "geometry": {"type": "Point", "coordinates": [-56.035141, -15.651544]}}, {"type": "Feature", "properties": {"codigo_setor": "510340310430210", "municipio": "Cuiabá", "populacao": 0, "domicilios": 0, "situacao": "Urbana"}, "geometry": {"type": "Point", "coordinates": [-56.041695, -15.651091]}}, {"type": "Feature", "properties": {"codigo_setor": "510340310430183", "municipio": "Cuiabá", "populacao": 656, "domicilios": 247, "situacao": "Urbana"}, "geometry": {"type": "Point", "coordinates": [-56.034412, -15.649771]}}, {"type": "Feature", "properties": {"codigo_setor": "510340310430016", "municipio": "Cuiabá", "populacao": 755, "domicilios": 385, "situacao": "Urbana"}, "geometry": {"type": "Point", "coordinates": [-56.04892, -15.649583]}}, {"type": "Feature", "properties": {"codigo_setor": "510340310430119", "municipio": "Cuiabá", "populacao": 422, "domicilios": 172, "situacao": "Urbana"}, "geometry": {"type": "Point", "coordinates": [-56.037502, -15.649008]}}, {"type": "Feature", "properties": {"codigo_setor": "510340310430153", "municipio": "Cuiabá", "populacao": 796, "domicilios": 337, "situacao": "Urbana"}, "geometry": {"type": "Point", "coordinates": [-56.042078, -15.648826]}}, {"type": "Feature", "properties": {"codigo_setor": "510340310430015", "municipio": "Cuiabá", "populacao": 642, "domicilios": 258, "situacao": "Urbana"}, "geometry": {"type": "Point", "coordinates": [-56.050356, -15.647818]}}, {"type": "Feature", "properties": {"codigo_setor": "510340310430014", "municipio": "Cuiabá", "populacao": 700, "domicilios": 297, "situacao": "Urbana"}, "geometry": {"type": "Point", "coordinates": [-56.047684, -15.647447]}}, {"type": "Feature", "properties": {"codigo_setor": "510340310430122", "municipio": "Cuiabá", "populacao": 442, "domicilios": 221, "situacao": "Urbana"}, "geometry": {"type": "Point", "coordinates": [-56.04232, -15.647586]}}, {"type": "Feature", "properties": {"codigo_setor": "510340310430013", "municipio": "Cuiabá", "populacao": 515, "domicilios": 193, "situacao": "Urbana"}, "geometry": {"type": "Point", "coordinates": [-56.043266, -15.646764]}}, {"type": "Feature", "properties": {"codigo_setor": "510340310430121", "municipio": "Cuiabá", "populacao": 222, "domicilios": 87, "situacao": "Urbana"}, "geometry": {"type": "Point", "coordinates": [-56.040552, -15.646752]}}, {"type": "Feature", "properties": {"codigo_setor": "510340310430126", "municipio": "Cuiabá", "populacao": 888, "domicilios": 372, "situacao": "Urbana"}, "geometry": {"type": "Point", "coordinates": [-56.048784, -15.644532]}}, {"type": "Feature", "properties": {"codigo_setor": "510340310430049", "municipio": "Cuiabá", "populacao": 1035, "domicilios": 432, "situacao": "Urbana"}, "geometry": {"type": "Point", "coordinates": [-56.042444, -15.64174]}}, {"type": "Feature", "properties": {"codigo_setor": "510340310430211", "municipio": "Cuiabá", "populacao": 188, "domicilios": 97, "situacao": "Urbana"}, "geometry": {"type": "Point", "coordinates": [-56.034052, -15.642218]}}, {"type": "Feature", "properties": {"codigo_setor": "510340310430161", "municipio": "Cuiabá", "populacao": 292, "domicilios": 118, "situacao": "Urbana"}, "geometry": {"type": "Point", "coordinates": [-56.03837, -15.641426]}}, {"type": "Feature", "properties": {"codigo_setor": "510340310430047", "municipio": "Cuiabá", "populacao": 675, "domicilios": 283, "situacao": "Urbana"}, "geometry": {"type": "Point", "coordinates": [-56.047468, -15.640881]}}, {"type": "Feature", "properties": {"codigo_setor": "510340310430160", "municipio": "Cuiabá", "populacao": 620, "domicilios": 222, "situacao": "Urbana"}, "geometry": {"type": "Point", "coordinates": [-56.045368, -15.638243]}}, {"type": "Feature", "properties": {"codigo_setor": "510340310430050", "municipio": "Cuiabá", "populacao": 182, "domicilios": 122, "situacao": "Urbana"}, "geometry": {"type": "Point", "coordinates": [-56.032955, -15.632702]}}, {"type": "Feature", "properties": {"codigo_setor": "510340310430044", "municipio": "Cuiabá", "populacao": 617, "domicilios": 278, "situacao": "Urbana"}, "geometry": {"type": "Point", "coordinates": [-56.043219, -15.632287]}}, {"type": "Feature", "properties": {"codigo_setor": "510340310420149", "municipio": "Cuiabá", "populacao": 850, "domicilios": 445, "situacao": "Urbana"}, "geometry": {"type": "Point", "coordinates": [-56.036966, -15.618734]}}, {"type": "Feature", "properties": {"codigo_setor": "510340310420106", "municipio": "Cuiabá", "populacao": 357, "domicilios": 136, "situacao": "Urbana"}, "geometry": {"type": "Point", "coordinates": [-56.03282, -15.614398]}}, {"type": "Feature", "properties": {"codigo_setor": "510340310430258", "municipio": "Cuiabá", "populacao": 1152, "domicilios": 528, "situacao": "Urbana"}, "geometry": {"type": "Point", "coordinates": [-56.047016, -15.625051]}}, {"type": "Feature", "properties": {"codigo_setor": "510340310430261", "municipio": "Cuiabá", "populacao": 485, "domicilios": 209, "situacao": "Urbana"}, "geometry": {"type": "Point", "coordinates": [-56.0469, -15.652412]}}, {"type": "Feature", "properties": {"codigo_setor": "510340310430264", "municipio": "Cuiabá", "populacao": 515, "domicilios": 226, "situacao": "Urbana"}, "geometry": {"type": "Point", "coordinates": [-56.04932, -15.622329]}}, {"type": "Feature", "properties": {"codigo_setor": "510340310430293", "municipio": "Cuiabá", "populacao": 584, "domicilios": 247, "situacao": "Urbana"}, "geometry": {"type": "Point", "coordinates": [-56.034864, -15.647619]}}, {"type": "Feature", "properties": {"codigo_setor": "510340310430294", "municipio": "Cuiabá", "populacao": 812, "domicilios": 345, "situacao": "Urbana"}, "geometry": {"type": "Point", "coordinates": [-56.032801, -15.647337]}}, {"type": "Feature", "properties": {"codigo_setor": "510340310430297", "municipio": "Cuiabá", "populacao": 475, "domicilios": 166, "situacao": "Urbana"}, "geometry": {"type": "Point", "coordinates": [-56.030626, -15.646597]}}, {"type": "Feature", "properties": {"codigo_setor": "510340310430298", "municipio": "Cuiabá", "populacao": 260, "domicilios": 98, "situacao": "Urbana"}, "geometry": {"type": "Point", "coordinates": [-56.032978, -15.644926]}}, {"type": "Feature", "properties": {"codigo_setor": "510340310430323", "municipio": "Cuiabá", "populacao": 748, "domicilios": 280, "situacao": "Urbana"}, "geometry": {"type": "Point", "coordinates": [-56.038033, -15.645736]}}, {"type": "Feature", "properties": {"codigo_setor": "510340310430324", "municipio": "Cuiabá", "populacao": 565, "domicilios": 236, "situacao": "Urbana"}, "geometry": {"type": "Point", "coordinates": [-56.038363, -15.647106]}}, {"type": "Feature", "properties": {"codigo_setor": "510340310430340", "municipio": "Cuiabá", "populacao": 328, "domicilios": 151, "situacao": "Urbana"}, "geometry": {"type": "Point", "coordinates": [-56.048389, -15.630393]}}, {"type": "Feature", "properties": {"codigo_setor": "510340310430341", "municipio": "Cuiabá", "populacao": 693, "domicilios": 400, "situacao": "Urbana"}, "geometry": {"type": "Point", "coordinates": [-56.047783, -15.632117]}}, {"type": "Feature", "properties": {"codigo_setor": "510340310430046", "municipio": "Cuiabá", "populacao": 600, "domicilios": 324, "situacao": "Urbana"}, "geometry": {"type": "Point", "coordinates": [-56.049597, -15.635357]}}, {"type": "Feature", "properties": {"codigo_setor": "510340325000001", "municipio": "Cuiabá", "populacao": 486, "domicilios": 226, "situacao": "Urbana"}, "geometry": {"type": "Point", "coordinates": [-56.04624, -15.726968]}}, {"type": "Feature", "properties": {"codigo_setor": "510340325000002", "municipio": "Cuiabá", "populacao": 540, "domicilios": 249, "situacao": "Urbana"}, "geometry": {"type": "Point", "coordinates": [-56.049608, -15.73423]}}, {"type": "Feature", "properties": {"codigo_setor": "510340325000003", "municipio": "Cuiabá", "populacao": 424, "domicilios": 271, "situacao": "Urbana"}, "geometry": {"type": "Point", "coordinates": [-56.032175, -15.737604]}}, {"type": "Feature", "properties": {"codigo_setor": "510340325000007", "municipio": "Cuiabá", "populacao": 212, "domicilios": 164, "situacao": "Urbana"}, "geometry": {"type": "Point", "coordinates": [-56.056055, -15.748731]}}, {"type": "Feature", "properties": {"codigo_setor": "510340310430056", "municipio": "Cuiabá", "populacao": 507, "domicilios": 159, "situacao": "Urbana"}, "geometry": {"type": "Point", "coordinates": [-56.007162, -15.631947]}}, {"type": "Feature", "properties": {"codigo_setor": "510340310430238", "municipio": "Cuiabá", "populacao": 143, "domicilios": 59, "situacao": "Urbana"}, "geometry": {"type": "Point", "coordinates": [-56.003014, -15.627048]}}, {"type": "Feature", "properties": {"codigo_setor": "510340310430067", "municipio": "Cuiabá", "populacao": 887, "domicilios": 362, "situacao": "Urbana"}, "geometry": {"type": "Point", "coordinates": [-56.010969, -15.629988]}}, {"type": "Feature", "properties": {"codigo_setor": "510340310430162", "municipio": "Cuiabá", "populacao": 486, "domicilios": 193, "situacao": "Urbana"}, "geometry": {"type": "Point", "coordinates": [-56.007101, -15.629902]}}, {"type": "Feature", "properties": {"codigo_setor": "510340310430217", "municipio": "Cuiabá", "populacao": 741, "domicilios": 271, "situacao": "Urbana"}, "geometry": {"type": "Point", "coordinates": [-55.987093, -15.629313]}}, {"type": "Feature", "properties": {"codigo_setor": "510340310430055", "municipio": "Cuiabá", "populacao": 810, "domicilios": 315, "situacao": "Urbana"}, "geometry": {"type": "Point", "coordinates": [-56.009727, -15.628485]}}, {"type": "Feature", "properties": {"codigo_setor": "510340310430216", "municipio": "Cuiabá", "populacao": 967, "domicilios": 361, "situacao": "Urbana"}, "geometry": {"type": "Point", "coordinates": [-55.99094, -15.627653]}}, {"type": "Feature", "properties": {"codigo_setor": "510340310430054", "municipio": "Cuiabá", "populacao": 699, "domicilios": 337, "situacao": "Urbana"}, "geometry": {"type": "Point", "coordinates": [-56.010067, -15.626127]}}, {"type": "Feature", "properties": {"codigo_setor": "510340310430215", "municipio": "Cuiabá", "populacao": 780, "domicilios": 326, "situacao": "Urbana"}, "geometry": {"type": "Point", "coordinates": [-55.993849, -15.626079]}}, {"type": "Feature", "properties": {"codigo_setor": "510340310430213", "municipio": "Cuiabá", "populacao": 673, "domicilios": 240, "situacao": "Urbana"}, "geometry": {"type": "Point", "coordinates": [-55.990709, -15.623581]}}, {"type": "Feature", "properties": {"codigo_setor": "510340310430214", "municipio": "Cuiabá", "populacao": 503, "domicilios": 207, "situacao": "Urbana"}, "geometry": {"type": "Point", "coordinates": [-55.987516, -15.624197]}}, {"type": "Feature", "properties": {"codigo_setor": "510340310430237", "municipio": "Cuiabá", "populacao": 278, "domicilios": 130, "situacao": "Urbana"}, "geometry": {"type": "Point", "coordinates": [-56.004034, -15.621219]}}, {"type": "Feature", "properties": {"codigo_setor": "510340310430224", "municipio": "Cuiabá", "populacao": 509, "domicilios": 191, "situacao": "Urbana"}, "geometry": {"type": "Point", "coordinates": [-55.987347, -15.6213]}}, {"type": "Feature", "properties": {"codigo_setor": "510340310430132", "municipio": "Cuiabá", "populacao": 548, "domicilios": 201, "situacao": "Urbana"}, "geometry": {"type": "Point", "coordinates": [-55.993496, -15.621713]}}, {"type": "Feature", "properties": {"codigo_setor": "510340310430073", "municipio": "Cuiabá", "populacao": 418, "domicilios": 161, "situacao": "Urbana"}, "geometry": {"type": "Point", "coordinates": [-55.996983, -15.621675]}}, {"type": "Feature", "properties": {"codigo_setor": "510340310430071", "municipio": "Cuiabá", "populacao": 627, "domicilios": 251, "situacao": "Urbana"}, "geometry": {"type": "Point", "coordinates": [-55.987225, -15.616908]}}, {"type": "Feature", "properties": {"codigo_setor": "510340310430131", "municipio": "Cuiabá", "populacao": 1048, "domicilios": 358, "situacao": "Urbana"}, "geometry": {"type": "Point", "coordinates": [-55.991646, -15.617285]}}, {"type": "Feature", "properties": {"codigo_setor": "510340310430167", "municipio": "Cuiabá", "populacao": 890, "domicilios": 349, "situacao": "Urbana"}, "geometry": {"type": "Point", "coordinates": [-55.998758, -15.616254]}}, {"type": "Feature", "properties": {"codigo_setor": "510340310430166", "municipio": "Cuiabá", "populacao": 1048, "domicilios": 357, "situacao": "Urbana"}, "geometry": {"type": "Point", "coordinates": [-56.001369, -15.616579]}}, {"type": "Feature", "properties": {"codigo_setor": "510340310430075", "municipio": "Cuiabá", "populacao": 490, "domicilios": 193, "situacao": "Urbana"}, "geometry": {"type": "Point", "coordinates": [-56.003536, -15.616575]}}, {"type": "Feature", "properties": {"codigo_setor": "510340310430072", "municipio": "Cuiabá", "populacao": 974, "domicilios": 363, "situacao": "Urbana"}, "geometry": {"type": "Point", "coordinates": [-55.993439, -15.615333]}}, {"type": "Feature", "properties": {"codigo_setor": "510340310430076", "municipio": "Cuiabá", "populacao": 692, "domicilios": 284, "situacao": "Urbana"}, "geometry": {"type": "Point", "coordinates": [-56.007395, -15.615396]}}, {"type": "Feature", "properties": {"codigo_setor": "510340310430079", "municipio": "Cuiabá", "populacao": 976, "domicilios": 389, "situacao": "Urbana"}, "geometry": {"type": "Point", "coordinates": [-55.995821, -15.614628]}}, {"type": "Feature", "properties": {"codigo_setor": "510340310430074", "municipio": "Cuiabá", "populacao": 483, "domicilios": 205, "situacao": "Urbana"}, "geometry": {"type": "Point", "coordinates": [-55.998083, -15.615003]}}, {"type": "Feature", "properties": {"codigo_setor": "510340310430197", "municipio": "Cuiabá", "populacao": 336, "domicilios": 126, "situacao": "Urbana"}, "geometry": {"type": "Point", "coordinates": [-55.984957, -15.612429]}}, {"type": "Feature", "properties": {"codigo_setor": "510340310430077", "municipio": "Cuiabá", "populacao": 901, "domicilios": 339, "situacao": "Urbana"}, "geometry": {"type": "Point", "coordinates": [-56.00493, -15.613082]}}, {"type": "Feature", "properties": {"codigo_setor": "510340310430078", "municipio": "Cuiabá", "populacao": 496, "domicilios": 190, "situacao": "Urbana"}, "geometry": {"type": "Point", "coordinates": [-56.000517, -15.612985]}}, {"type": "Feature", "properties": {"codigo_setor": "510340310430133", "municipio": "Cuiabá", "populacao": 658, "domicilios": 264, "situacao": "Urbana"}, "geometry": {"type": "Point", "coordinates": [-55.992113, -15.6127]}}, {"type": "Feature", "properties": {"codigo_setor": "510340310430080", "municipio": "Cuiabá", "populacao": 667, "domicilios": 253, "situacao": "Urbana"}, "geometry": {"type": "Point", "coordinates": [-55.997721, -15.611811]}}, {"type": "Feature", "properties": {"codigo_setor": "510340310430136", "municipio": "Cuiabá", "populacao": 628, "domicilios": 239, "situacao": "Urbana"}, "geometry": {"type": "Point", "coordinates": [-55.99999, -15.612375]}}, {"type": "Feature", "properties": {"codigo_setor": "510340310430082", "municipio": "Cuiabá", "populacao": 542, "domicilios": 191, "situacao": "Urbana"}, "geometry": {"type": "Point", "coordinates": [-55.995169, -15.611178]}}, {"type": "Feature", "properties": {"codigo_setor": "510340310430081", "municipio": "Cuiabá", "populacao": 692, "domicilios": 259, "situacao": "Urbana"}, "geometry": {"type": "Point", "coordinates": [-55.99564, -15.609743]}}, {"type": "Feature", "properties": {"codigo_setor": "510340310430263", "municipio": "Cuiabá", "populacao": 861, "domicilios": 315, "situacao": "Urbana"}, "geometry": {"type": "Point", "coordinates": [-55.99029, -15.619246]}}, {"type": "Feature", "properties": {"codigo_setor": "510340310430307", "municipio": "Cuiabá", "populacao": 478, "domicilios": 172, "situacao": "Urbana"}, "geometry": {"type": "Point", "coordinates": [-56.005116, -15.61552]}}, {"type": "Feature", "properties": {"codigo_setor": "510340310430308", "municipio": "Cuiabá", "populacao": 180, "domicilios": 74, "situacao": "Urbana"}, "geometry": {"type": "Point", "coordinates": [-56.003923, -15.61745]}}, {"type": "Feature", "properties": {"codigo_setor": "510340310430309", "municipio": "Cuiabá", "populacao": 587, "domicilios": 230, "situacao": "Urbana"}, "geometry": {"type": "Point", "coordinates": [-55.998861, -15.622559]}}, {"type": "Feature", "properties": {"codigo_setor": "510340310430310", "municipio": "Cuiabá", "populacao": 154, "domicilios": 59, "situacao": "Urbana"}, "geometry": {"type": "Point", "coordinates": [-56.000849, -15.619921]}}, {"type": "Feature", "properties": {"codigo_setor": "510340310430311", "municipio": "Cuiabá", "populacao": 730, "domicilios": 283, "situacao": "Urbana"}, "geometry": {"type": "Point", "coordinates": [-55.995609, -15.617786]}}, {"type": "Feature", "properties": {"codigo_setor": "510340310430312", "municipio": "Cuiabá", "populacao": 547, "domicilios": 209, "situacao": "Urbana"}, "geometry": {"type": "Point", "coordinates": [-55.997431, -15.619688]}}, {"type": "Feature", "properties": {"codigo_setor": "510340310430326", "municipio": "Cuiabá", "populacao": 608, "domicilios": 253, "situacao": "Urbana"}, "geometry": {"type": "Point", "coordinates": [-56.00317, -15.611047]}}, {"type": "Feature", "properties": {"codigo_setor": "510340310430347", "municipio": "Cuiabá", "populacao": 883, "domicilios": 326, "situacao": "Urbana"}, "geometry": {"type": "Point", "coordinates": [-55.986908, -15.626471]}}, {"type": "Feature", "properties": {"codigo_setor": "510340310430093", "municipio": "Cuiabá", "populacao": 789, "domicilios": 336, "situacao": "Urbana"}, "geometry": {"type": "Point", "coordinates": [-55.9555, -15.631945]}}, {"type": "Feature", "properties": {"codigo_setor": "510340310000023", "municipio": "Cuiabá", "populacao": 325, "domicilios": 162, "situacao": "Urbana"}, "geometry": {"type": "Point", "coordinates": [-55.929916, -15.631986]}}, {"type": "Feature", "properties": {"codigo_setor": "510340310430095", "municipio": "Cuiabá", "populacao": 480, "domicilios": 185, "situacao": "Urbana"}, "geometry": {"type": "Point", "coordinates": [-55.962105, -15.630944]}}, {"type": "Feature", "properties": {"codigo_setor": "510340310430142", "municipio": "Cuiabá", "populacao": 729, "domicilios": 271, "situacao": "Urbana"}, "geometry": {"type": "Point", "coordinates": [-55.958967, -15.630645]}}, {"type": "Feature", "properties": {"codigo_setor": "510340310000022", "municipio": "Cuiabá", "populacao": 468, "domicilios": 205, "situacao": "Urbana"}, "geometry": {"type": "Point", "coordinates": [-55.930107, -15.629818]}}, {"type": "Feature", "properties": {"codigo_setor": "510340310430172", "municipio": "Cuiabá", "populacao": 476, "domicilios": 171, "situacao": "Urbana"}, "geometry": {"type": "Point", "coordinates": [-55.944269, -15.630291]}}, {"type": "Feature", "properties": {"codigo_setor": "510340310430097", "municipio": "Cuiabá", "populacao": 913, "domicilios": 340, "situacao": "Urbana"}, "geometry": {"type": "Point", "coordinates": [-55.954588, -15.629734]}}, {"type": "Feature", "properties": {"codigo_setor": "510340310430271", "municipio": "Cuiabá", "populacao": 585, "domicilios": 218, "situacao": "Urbana"}, "geometry": {"type": "Point", "coordinates": [-55.961935, -15.628368]}}, {"type": "Feature", "properties": {"codigo_setor": "510340310430173", "municipio": "Cuiabá", "populacao": 671, "domicilios": 237, "situacao": "Urbana"}, "geometry": {"type": "Point", "coordinates": [-55.957205, -15.628735]}}, {"type": "Feature", "properties": {"codigo_setor": "510340310430270", "municipio": "Cuiabá", "populacao": 767, "domicilios": 259, "situacao": "Urbana"}, "geometry": {"type": "Point", "coordinates": [-55.964031, -15.627671]}}, {"type": "Feature", "properties": {"codigo_setor": "510340310430170", "municipio": "Cuiabá", "populacao": 490, "domicilios": 174, "situacao": "Urbana"}, "geometry": {"type": "Point", "coordinates": [-55.953352, -15.627498]}}, {"type": "Feature", "properties": {"codigo_setor": "510340310430096", "municipio": "Cuiabá", "populacao": 427, "domicilios": 166, "situacao": "Urbana"}, "geometry": {"type": "Point", "coordinates": [-55.959339, -15.628092]}}, {"type": "Feature", "properties": {"codigo_setor": "510340310430086", "municipio": "Cuiabá", "populacao": 1029, "domicilios": 381, "situacao": "Urbana"}, "geometry": {"type": "Point", "coordinates": [-55.956839, -15.626112]}}, {"type": "Feature", "properties": {"codigo_setor": "510340310430085", "municipio": "Cuiabá", "populacao": 922, "domicilios": 363, "situacao": "Urbana"}, "geometry": {"type": "Point", "coordinates": [-55.955065, -15.623421]}}, {"type": "Feature", "properties": {"codigo_setor": "510340310430274", "municipio": "Cuiabá", "populacao": 584, "domicilios": 219, "situacao": "Urbana"}, "geometry": {"type": "Point", "coordinates": [-55.977921, -15.614574]}}, {"type": "Feature", "properties": {"codigo_setor": "510340310430275", "municipio": "Cuiabá", "populacao": 555, "domicilios": 204, "situacao": "Urbana"}, "geometry": {"type": "Point", "coordinates": [-55.976219, -15.61354]}}, {"type": "Feature", "properties": {"codigo_setor": "510340310430277", "municipio": "Cuiabá", "populacao": 655, "domicilios": 231, "situacao": "Urbana"}, "geometry": {"type": "Point", "coordinates": [-55.977253, -15.611071]}}, {"type": "Feature", "properties": {"codigo_setor": "510340310430289", "municipio": "Cuiabá", "populacao": 876, "domicilios": 285, "situacao": "Urbana"}, "geometry": {"type": "Point", "coordinates": [-55.949135, -15.628868]}}, {"type": "Feature", "properties": {"codigo_setor": "510340310430290", "municipio": "Cuiabá", "populacao": 354, "domicilios": 125, "situacao": "Urbana"}, "geometry": {"type": "Point", "coordinates": [-55.946106, -15.63013]}}, {"type": "Feature", "properties": {"codigo_setor": "510340310430291", "municipio": "Cuiabá", "populacao": 772, "domicilios": 314, "situacao": "Urbana"}, "geometry": {"type": "Point", "coordinates": [-55.95084, -15.625527]}}, {"type": "Feature", "properties": {"codigo_setor": "510340310430292", "municipio": "Cuiabá", "populacao": 153, "domicilios": 66, "situacao": "Urbana"}, "geometry": {"type": "Point", "coordinates": [-55.946068, -15.626453]}}, {"type": "Feature", "properties": {"codigo_setor": "510340310430319", "municipio": "Cuiabá", "populacao": 630, "domicilios": 241, "situacao": "Urbana"}, "geometry": {"type": "Point", "coordinates": [-55.952724, -15.619318]}}, {"type": "Feature", "properties": {"codigo_setor": "510340310430320", "municipio": "Cuiabá", "populacao": 763, "domicilios": 280, "situacao": "Urbana"}, "geometry": {"type": "Point", "coordinates": [-55.951483, -15.622231]}}, {"type": "Feature", "properties": {"codigo_setor": "510300705000013", "municipio": "Chapada dos Guimarães", "populacao": 68, "domicilios": 82, "situacao": "Rural"}, "geometry": {"type": "Point", "coordinates": [-55.522341, -15.207821]}}, {"type": "Feature", "properties": {"codigo_setor": "510300720000006", "municipio": "Chapada dos Guimarães", "populacao": 115, "domicilios": 98, "situacao": "Rural"}, "geometry": {"type": "Point", "coordinates": [-55.435087, -15.171929]}}, {"type": "Feature", "properties": {"codigo_setor": "510770120000003", "municipio": "Rosário Oeste", "populacao": 27, "domicilios": 20, "situacao": "Rural"}, "geometry": {"type": "Point", "coordinates": [-55.764975, -14.599113]}}, {"type": "Feature", "properties": {"codigo_setor": "510770120000002", "municipio": "Rosário Oeste", "populacao": 109, "domicilios": 67, "situacao": "Rural"}, "geometry": {"type": "Point", "coordinates": [-55.551907, -14.625309]}}, {"type": "Feature", "properties": {"codigo_setor": "510770120000010", "municipio": "Rosário Oeste", "populacao": 118, "domicilios": 88, "situacao": "Urbana"}, "geometry": {"type": "Point", "coordinates": [-55.691483, -14.664894]}}, {"type": "Feature", "properties": {"codigo_setor": "510590307000006", "municipio": "Nobres", "populacao": 46, "domicilios": 58, "situacao": "Rural"}, "geometry": {"type": "Point", "coordinates": [-56.006441, -14.566526]}}, {"type": "Feature", "properties": {"codigo_setor": "510590307000010", "municipio": "Nobres", "populacao": 70, "domicilios": 72, "situacao": "Rural"}, "geometry": {"type": "Point", "coordinates": [-56.018362, -14.522528]}}, {"type": "Feature", "properties": {"codigo_setor": "510590306000008", "municipio": "Nobres", "populacao": 285, "domicilios": 124, "situacao": "Rural"}, "geometry": {"type": "Point", "coordinates": [-55.855526, -14.507758]}}, {"type": "Feature", "properties": {"codigo_setor": "510770120000011", "municipio": "Rosário Oeste", "populacao": 75, "domicilios": 60, "situacao": "Rural"}, "geometry": {"type": "Point", "coordinates": [-55.52898, -14.49612]}}, {"type": "Feature", "properties": {"codigo_setor": "510590307000001", "municipio": "Nobres", "populacao": 490, "domicilios": 222, "situacao": "Urbana"}, "geometry": {"type": "Point", "coordinates": [-55.974689, -14.540378]}}, {"type": "Feature", "properties": {"codigo_setor": "510590307000005", "municipio": "Nobres", "populacao": 187, "domicilios": 131, "situacao": "Rural"}, "geometry": {"type": "Point", "coordinates": [-55.936693, -14.461702]}}, {"type": "Feature", "properties": {"codigo_setor": "510590306000007", "municipio": "Nobres", "populacao": 16, "domicilios": 13, "situacao": "Rural"}, "geometry": {"type": "Point", "coordinates": [-55.678507, -14.419037]}}, {"type": "Feature", "properties": {"codigo_setor": "510590307000003", "municipio": "Nobres", "populacao": 59, "domicilios": 37, "situacao": "Rural"}, "geometry": {"type": "Point", "coordinates": [-55.861938, -14.423715]}}, {"type": "Feature", "properties": {"codigo_setor": "510590306000006", "municipio": "Nobres", "populacao": 14, "domicilios": 17, "situacao": "Rural"}, "geometry": {"type": "Point", "coordinates": [-55.486284, -14.326054]}}, {"type": "Feature", "properties": {"codigo_setor": "510590306000009", "municipio": "Nobres", "populacao": 0, "domicilios": 0, "situacao": "Rural"}, "geometry": {"type": "Point", "coordinates": [-55.361597, -14.30058]}}, {"type": "Feature", "properties": {"codigo_setor": "510590306000010", "municipio": "Nobres", "populacao": 147, "domicilios": 43, "situacao": "Rural"}, "geometry": {"type": "Point", "coordinates": [-55.477673, -14.231201]}}, {"type": "Feature", "properties": {"codigo_setor": "510770120000015", "municipio": "Rosário Oeste", "populacao": 147, "domicilios": 114, "situacao": "Rural"}, "geometry": {"type": "Point", "coordinates": [-55.741371, -14.729719]}}, {"type": "Feature", "properties": {"codigo_setor": "510770120000016", "municipio": "Rosário Oeste", "populacao": 155, "domicilios": 178, "situacao": "Rural"}, "geometry": {"type": "Point", "coordinates": [-55.938831, -14.732145]}}, {"type": "Feature", "properties": {"codigo_setor": "510300720000011", "municipio": "Chapada dos Guimarães", "populacao": 65, "domicilios": 50, "situacao": "Rural"}, "geometry": {"type": "Point", "coordinates": [-55.36808, -15.415657]}}, {"type": "Feature", "properties": {"codigo_setor": "510300705000024", "municipio": "Chapada dos Guimarães", "populacao": 782, "domicilios": 576, "situacao": "Urbana"}, "geometry": {"type": "Point", "coordinates": [-55.740278, -15.468493]}}, {"type": "Feature", "properties": {"codigo_setor": "510300705000028", "municipio": "Chapada dos Guimarães", "populacao": 289, "domicilios": 244, "situacao": "Urbana"}, "geometry": {"type": "Point", "coordinates": [-55.752863, -15.470257]}}, {"type": "Feature", "properties": {"codigo_setor": "510300705000048", "municipio": "Chapada dos Guimarães", "populacao": 494, "domicilios": 177, "situacao": "Urbana"}, "geometry": {"type": "Point", "coordinates": [-55.730087, -15.470765]}}, {"type": "Feature", "properties": {"codigo_setor": "510300705000027", "municipio": "Chapada dos Guimarães", "populacao": 514, "domicilios": 353, "situacao": "Urbana"}, "geometry": {"type": "Point", "coordinates": [-55.755856, -15.468463]}}, {"type": "Feature", "properties": {"codigo_setor": "510300705000011", "municipio": "Chapada dos Guimarães", "populacao": 710, "domicilios": 280, "situacao": "Urbana"}, "geometry": {"type": "Point", "coordinates": [-55.732479, -15.469749]}}, {"type": "Feature", "properties": {"codigo_setor": "510300705000049", "municipio": "Chapada dos Guimarães", "populacao": 766, "domicilios": 323, "situacao": "Urbana"}, "geometry": {"type": "Point", "coordinates": [-55.735121, -15.470037]}}, {"type": "Feature", "properties": {"codigo_setor": "510300705000005", "municipio": "Chapada dos Guimarães", "populacao": 362, "domicilios": 334, "situacao": "Urbana"}, "geometry": {"type": "Point", "coordinates": [-55.757412, -15.464743]}}, {"type": "Feature", "properties": {"codigo_setor": "510300705000002", "municipio": "Chapada dos Guimarães", "populacao": 440, "domicilios": 219, "situacao": "Urbana"}, "geometry": {"type": "Point", "coordinates": [-55.737091, -15.466053]}}, {"type": "Feature", "properties": {"codigo_setor": "510300705000004", "municipio": "Chapada dos Guimarães", "populacao": 262, "domicilios": 173, "situacao": "Urbana"}, "geometry": {"type": "Point", "coordinates": [-55.751146, -15.464161]}}, {"type": "Feature", "properties": {"codigo_setor": "510300705000010", "municipio": "Chapada dos Guimarães", "populacao": 504, "domicilios": 286, "situacao": "Urbana"}, "geometry": {"type": "Point", "coordinates": [-55.73789, -15.461385]}}, {"type": "Feature", "properties": {"codigo_setor": "510300705000022", "municipio": "Chapada dos Guimarães", "populacao": 347, "domicilios": 187, "situacao": "Urbana"}, "geometry": {"type": "Point", "coordinates": [-55.740299, -15.462029]}}, {"type": "Feature", "properties": {"codigo_setor": "510300705000001", "municipio": "Chapada dos Guimarães", "populacao": 214, "domicilios": 143, "situacao": "Urbana"}, "geometry": {"type": "Point", "coordinates": [-55.744841, -15.460493]}}, {"type": "Feature", "properties": {"codigo_setor": "510300705000026", "municipio": "Chapada dos Guimarães", "populacao": 117, "domicilios": 103, "situacao": "Urbana"}, "geometry": {"type": "Point", "coordinates": [-55.749634, -15.460348]}}, {"type": "Feature", "properties": {"codigo_setor": "510300705000006", "municipio": "Chapada dos Guimarães", "populacao": 100, "domicilios": 152, "situacao": "Urbana"}, "geometry": {"type": "Point", "coordinates": [-55.754786, -15.458155]}}, {"type": "Feature", "properties": {"codigo_setor": "510300705000029", "municipio": "Chapada dos Guimarães", "populacao": 204, "domicilios": 168, "situacao": "Urbana"}, "geometry": {"type": "Point", "coordinates": [-55.748451, -15.454098]}}, {"type": "Feature", "properties": {"codigo_setor": "510300705000008", "municipio": "Chapada dos Guimarães", "populacao": 175, "domicilios": 147, "situacao": "Urbana"}, "geometry": {"type": "Point", "coordinates": [-55.74526, -15.452556]}}, {"type": "Feature", "properties": {"codigo_setor": "510300705000030", "municipio": "Chapada dos Guimarães", "populacao": 443, "domicilios": 289, "situacao": "Urbana"}, "geometry": {"type": "Point", "coordinates": [-55.741695, -15.448562]}}, {"type": "Feature", "properties": {"codigo_setor": "510770105000030", "municipio": "Rosário Oeste", "populacao": 218, "domicilios": 220, "situacao": "Rural"}, "geometry": {"type": "Point", "coordinates": [-56.413702, -15.023708]}}, {"type": "Feature", "properties": {"codigo_setor": "510770110000001", "municipio": "Rosário Oeste", "populacao": 148, "domicilios": 103, "situacao": "Rural"}, "geometry": {"type": "Point", "coordinates": [-56.294041, -14.95266]}}, {"type": "Feature", "properties": {"codigo_setor": "510770105000029", "municipio": "Rosário Oeste", "populacao": 377, "domicilios": 302, "situacao": "Rural"}, "geometry": {"type": "Point", "coordinates": [-56.387749, -14.98084]}}, {"type": "Feature", "properties": {"codigo_setor": "510770105000016", "municipio": "Rosário Oeste", "populacao": 368, "domicilios": 233, "situacao": "Rural"}, "geometry": {"type": "Point", "coordinates": [-56.335382, -14.881454]}}, {"type": "Feature", "properties": {"codigo_setor": "510770105000034", "municipio": "Rosário Oeste", "populacao": 172, "domicilios": 112, "situacao": "Rural"}, "geometry": {"type": "Point", "coordinates": [-56.426054, -14.891438]}}, {"type": "Feature", "properties": {"codigo_setor": "510770105000020", "municipio": "Rosário Oeste", "populacao": 26, "domicilios": 20, "situacao": "Rural"}, "geometry": {"type": "Point", "coordinates": [-56.404041, -14.844427]}}, {"type": "Feature", "properties": {"codigo_setor": "510770105000022", "municipio": "Rosário Oeste", "populacao": 45, "domicilios": 18, "situacao": "Rural"}, "geometry": {"type": "Point", "coordinates": [-56.440826, -14.849663]}}, {"type": "Feature", "properties": {"codigo_setor": "510770105000009", "municipio": "Rosário Oeste", "populacao": 759, "domicilios": 282, "situacao": "Urbana"}, "geometry": {"type": "Point", "coordinates": [-56.441299, -14.84286]}}, {"type": "Feature", "properties": {"codigo_setor": "510770105000011", "municipio": "Rosário Oeste", "populacao": 690, "domicilios": 234, "situacao": "Urbana"}, "geometry": {"type": "Point", "coordinates": [-56.432962, -14.841745]}}, {"type": "Feature", "properties": {"codigo_setor": "510770105000019", "municipio": "Rosário Oeste", "populacao": 891, "domicilios": 318, "situacao": "Urbana"}, "geometry": {"type": "Point", "coordinates": [-56.446562, -14.842175]}}, {"type": "Feature", "properties": {"codigo_setor": "510770105000026", "municipio": "Rosário Oeste", "populacao": 123, "domicilios": 76, "situacao": "Urbana"}, "geometry": {"type": "Point", "coordinates": [-56.422251, -14.836535]}}, {"type": "Feature", "properties": {"codigo_setor": "510770105000012", "municipio": "Rosário Oeste", "populacao": 236, "domicilios": 82, "situacao": "Urbana"}, "geometry": {"type": "Point", "coordinates": [-56.445913, -14.836741]}}, {"type": "Feature", "properties": {"codigo_setor": "510770105000007", "municipio": "Rosário Oeste", "populacao": 411, "domicilios": 220, "situacao": "Urbana"}, "geometry": {"type": "Point", "coordinates": [-56.43037, -14.836967]}}, {"type": "Feature", "properties": {"codigo_setor": "510770105000008", "municipio": "Rosário Oeste", "populacao": 517, "domicilios": 208, "situacao": "Urbana"}, "geometry": {"type": "Point", "coordinates": [-56.434549, -14.838089]}}, {"type": "Feature", "properties": {"codigo_setor": "510770105000021", "municipio": "Rosário Oeste", "populacao": 43, "domicilios": 18, "situacao": "Urbana"}, "geometry": {"type": "Point", "coordinates": [-56.440948, -14.83599]}}, {"type": "Feature", "properties": {"codigo_setor": "510770105000010", "municipio": "Rosário Oeste", "populacao": 166, "domicilios": 86, "situacao": "Urbana"}, "geometry": {"type": "Point", "coordinates": [-56.427916, -14.832954]}}, {"type": "Feature", "properties": {"codigo_setor": "510770105000023", "municipio": "Rosário Oeste", "populacao": 16, "domicilios": 13, "situacao": "Urbana"}, "geometry": {"type": "Point", "coordinates": [-56.435648, -14.830016]}}, {"type": "Feature", "properties": {"codigo_setor": "510770105000006", "municipio": "Rosário Oeste", "populacao": 565, "domicilios": 244, "situacao": "Urbana"}, "geometry": {"type": "Point", "coordinates": [-56.425308, -14.830028]}}, {"type": "Feature", "properties": {"codigo_setor": "510770105000014", "municipio": "Rosário Oeste", "populacao": 17, "domicilios": 19, "situacao": "Rural"}, "geometry": {"type": "Point", "coordinates": [-56.412718, -14.819597]}}, {"type": "Feature", "properties": {"codigo_setor": "510770105000001", "municipio": "Rosário Oeste", "populacao": 651, "domicilios": 275, "situacao": "Urbana"}, "geometry": {"type": "Point", "coordinates": [-56.428511, -14.826718]}}, {"type": "Feature", "properties": {"codigo_setor": "510770105000013", "municipio": "Rosário Oeste", "populacao": 524, "domicilios": 205, "situacao": "Urbana"}, "geometry": {"type": "Point", "coordinates": [-56.430321, -14.824054]}}, {"type": "Feature", "properties": {"codigo_setor": "510770105000024", "municipio": "Rosário Oeste", "populacao": 204, "domicilios": 94, "situacao": "Urbana"}, "geometry": {"type": "Point", "coordinates": [-56.422646, -14.827134]}}, {"type": "Feature", "properties": {"codigo_setor": "510770105000005", "municipio": "Rosário Oeste", "populacao": 824, "domicilios": 340, "situacao": "Urbana"}, "geometry": {"type": "Point", "coordinates": [-56.420475, -14.822587]}}, {"type": "Feature", "properties": {"codigo_setor": "510770105000002", "municipio": "Rosário Oeste", "populacao": 772, "domicilios": 294, "situacao": "Urbana"}, "geometry": {"type": "Point", "coordinates": [-56.425161, -14.823638]}}, {"type": "Feature", "properties": {"codigo_setor": "510770105000003", "municipio": "Rosário Oeste", "populacao": 987, "domicilios": 337, "situacao": "Urbana"}, "geometry": {"type": "Point", "coordinates": [-56.426853, -14.819969]}}, {"type": "Feature", "properties": {"codigo_setor": "510770105000004", "municipio": "Rosário Oeste", "populacao": 520, "domicilios": 186, "situacao": "Urbana"}, "geometry": {"type": "Point", "coordinates": [-56.420191, -14.815387]}}, {"type": "Feature", "properties": {"codigo_setor": "510770105000028", "municipio": "Rosário Oeste", "populacao": 124, "domicilios": 60, "situacao": "Urbana"}, "geometry": {"type": "Point", "coordinates": [-56.421621, -14.812581]}}, {"type": "Feature", "properties": {"codigo_setor": "510770105000025", "municipio": "Rosário Oeste", "populacao": 233, "domicilios": 91, "situacao": "Urbana"}, "geometry": {"type": "Point", "coordinates": [-56.415386, -14.814238]}}, {"type": "Feature", "properties": {"codigo_setor": "510770105000027", "municipio": "Rosário Oeste", "populacao": 71, "domicilios": 28, "situacao": "Urbana"}, "geometry": {"type": "Point", "coordinates": [-56.413088, -14.807145]}}, {"type": "Feature", "properties": {"codigo_setor": "510770110000002", "municipio": "Rosário Oeste", "populacao": 426, "domicilios": 287, "situacao": "Rural"}, "geometry": {"type": "Point", "coordinates": [-56.092449, -14.95803]}}, {"type": "Feature", "properties": {"codigo_setor": "510770110000003", "municipio": "Rosário Oeste", "populacao": 421, "domicilios": 212, "situacao": "Rural"}, "geometry": {"type": "Point", "coordinates": [-56.130966, -14.851599]}}, {"type": "Feature", "properties": {"codigo_setor": "510770105000032", "municipio": "Rosário Oeste", "populacao": 174, "domicilios": 163, "situacao": "Rural"}, "geometry": {"type": "Point", "coordinates": [-56.281071, -14.804024]}}, {"type": "Feature", "properties": {"codigo_setor": "510770105000031", "municipio": "Rosário Oeste", "populacao": 193, "domicilios": 140, "situacao": "Rural"}, "geometry": {"type": "Point", "coordinates": [-56.199663, -14.755302]}}, {"type": "Feature", "properties": {"codigo_setor": "510590305000015", "municipio": "Nobres", "populacao": 129, "domicilios": 125, "situacao": "Rural"}, "geometry": {"type": "Point", "coordinates": [-56.242086, -14.686579]}}, {"type": "Feature", "properties": {"codigo_setor": "510590305000010", "municipio": "Nobres", "populacao": 135, "domicilios": 63, "situacao": "Urbana"}, "geometry": {"type": "Point", "coordinates": [-56.316254, -14.718555]}}, {"type": "Feature", "properties": {"codigo_setor": "510590305000007", "municipio": "Nobres", "populacao": 21, "domicilios": 12, "situacao": "Rural"}, "geometry": {"type": "Point", "coordinates": [-56.327723, -14.728914]}}, {"type": "Feature", "properties": {"codigo_setor": "510590305000035", "municipio": "Nobres", "populacao": 244, "domicilios": 123, "situacao": "Urbana"}, "geometry": {"type": "Point", "coordinates": [-56.342655, -14.72982]}}, {"type": "Feature", "properties": {"codigo_setor": "510590305000022", "municipio": "Nobres", "populacao": 473, "domicilios": 201, "situacao": "Urbana"}, "geometry": {"type": "Point", "coordinates": [-56.335852, -14.729456]}}, {"type": "Feature", "properties": {"codigo_setor": "510590305000023", "municipio": "Nobres", "populacao": 545, "domicilios": 216, "situacao": "Urbana"}, "geometry": {"type": "Point", "coordinates": [-56.341442, -14.726864]}}, {"type": "Feature", "properties": {"codigo_setor": "510590305000021", "municipio": "Nobres", "populacao": 242, "domicilios": 85, "situacao": "Urbana"}, "geometry": {"type": "Point", "coordinates": [-56.335249, -14.728179]}}, {"type": "Feature", "properties": {"codigo_setor": "510590305000019", "municipio": "Nobres", "populacao": 279, "domicilios": 107, "situacao": "Urbana"}, "geometry": {"type": "Point", "coordinates": [-56.325294, -14.726476]}}, {"type": "Feature", "properties": {"codigo_setor": "510590305000012", "municipio": "Nobres", "populacao": 574, "domicilios": 212, "situacao": "Urbana"}, "geometry": {"type": "Point", "coordinates": [-56.340149, -14.726781]}}, {"type": "Feature", "properties": {"codigo_setor": "510590305000020", "municipio": "Nobres", "populacao": 502, "domicilios": 218, "situacao": "Urbana"}, "geometry": {"type": "Point", "coordinates": [-56.332602, -14.727008]}}, {"type": "Feature", "properties": {"codigo_setor": "510590305000006", "municipio": "Nobres", "populacao": 741, "domicilios": 304, "situacao": "Urbana"}, "geometry": {"type": "Point", "coordinates": [-56.329266, -14.726517]}}, {"type": "Feature", "properties": {"codigo_setor": "510590305000034", "municipio": "Nobres", "populacao": 856, "domicilios": 267, "situacao": "Urbana"}, "geometry": {"type": "Point", "coordinates": [-56.314768, -14.723436]}}, {"type": "Feature", "properties": {"codigo_setor": "510590305000032", "municipio": "Nobres", "populacao": 308, "domicilios": 116, "situacao": "Urbana"}, "geometry": {"type": "Point", "coordinates": [-56.31255, -14.723521]}}, {"type": "Feature", "properties": {"codigo_setor": "510590305000029", "municipio": "Nobres", "populacao": 157, "domicilios": 62, "situacao": "Urbana"}, "geometry": {"type": "Point", "coordinates": [-56.324499, -14.722747]}}, {"type": "Feature", "properties": {"codigo_setor": "510590305000016", "municipio": "Nobres", "populacao": 118, "domicilios": 86, "situacao": "Rural"}, "geometry": {"type": "Point", "coordinates": [-56.195608, -14.607914]}}, {"type": "Feature", "properties": {"codigo_setor": "510590305000013", "municipio": "Nobres", "populacao": 767, "domicilios": 335, "situacao": "Urbana"}, "geometry": {"type": "Point", "coordinates": [-56.309168, -14.720349]}}, {"type": "Feature", "properties": {"codigo_setor": "510590305000005", "municipio": "Nobres", "populacao": 122, "domicilios": 63, "situacao": "Urbana"}, "geometry": {"type": "Point", "coordinates": [-56.326035, -14.719819]}}, {"type": "Feature", "properties": {"codigo_setor": "510590305000031", "municipio": "Nobres", "populacao": 474, "domicilios": 193, "situacao": "Urbana"}, "geometry": {"type": "Point", "coordinates": [-56.317797, -14.717509]}}, {"type": "Feature", "properties": {"codigo_setor": "510590305000030", "municipio": "Nobres", "populacao": 447, "domicilios": 164, "situacao": "Urbana"}, "geometry": {"type": "Point", "coordinates": [-56.316822, -14.718615]}}, {"type": "Feature", "properties": {"codigo_setor": "510770120000006", "municipio": "Rosário Oeste", "populacao": 275, "domicilios": 154, "situacao": "Rural"}, "geometry": {"type": "Point", "coordinates": [-56.159645, -14.751675]}}, {"type": "Feature", "properties": {"codigo_setor": "510770120000008", "municipio": "Rosário Oeste", "populacao": 289, "domicilios": 235, "situacao": "Rural"}, "geometry": {"type": "Point", "coordinates": [-56.138445, -14.711648]}}, {"type": "Feature", "properties": {"codigo_setor": "510340305000015", "municipio": "Cuiabá", "populacao": 421, "domicilios": 253, "situacao": "Rural"}, "geometry": {"type": "Point", "coordinates": [-56.08428, -15.493419]}}, {"type": "Feature", "properties": {"codigo_setor": "510340305410214", "municipio": "Cuiabá", "populacao": 74, "domicilios": 25, "situacao": "Urbana"}, "geometry": {"type": "Point", "coordinates": [-56.108217, -15.543913]}}, {"type": "Feature", "properties": {"codigo_setor": "510340305410057", "municipio": "Cuiabá", "populacao": 919, "domicilios": 322, "situacao": "Urbana"}, "geometry": {"type": "Point", "coordinates": [-56.117476, -15.563863]}}, {"type": "Feature", "properties": {"codigo_setor": "510340305410138", "municipio": "Cuiabá", "populacao": 752, "domicilios": 261, "situacao": "Urbana"}, "geometry": {"type": "Point", "coordinates": [-56.114851, -15.563451]}}, {"type": "Feature", "properties": {"codigo_setor": "510340305410262", "municipio": "Cuiabá", "populacao": 720, "domicilios": 401, "situacao": "Urbana"}, "geometry": {"type": "Point", "coordinates": [-56.110889, -15.533326]}}, {"type": "Feature", "properties": {"codigo_setor": "510340305410235", "municipio": "Cuiabá", "populacao": 358, "domicilios": 145, "situacao": "Urbana"}, "geometry": {"type": "Point", "coordinates": [-56.112057, -15.557123]}}, {"type": "Feature", "properties": {"codigo_setor": "510340305410206", "municipio": "Cuiabá", "populacao": 0, "domicilios": 0, "situacao": "Rural"}, "geometry": {"type": "Point", "coordinates": [-56.105703, -15.531184]}}, {"type": "Feature", "properties": {"codigo_setor": "510340305410234", "municipio": "Cuiabá", "populacao": 386, "domicilios": 144, "situacao": "Urbana"}, "geometry": {"type": "Point", "coordinates": [-56.107208, -15.555181]}}, {"type": "Feature", "properties": {"codigo_setor": "510340305410261", "municipio": "Cuiabá", "populacao": 60, "domicilios": 17, "situacao": "Urbana"}, "geometry": {"type": "Point", "coordinates": [-56.106615, -15.539985]}}, {"type": "Feature", "properties": {"codigo_setor": "510340305410241", "municipio": "Cuiabá", "populacao": 1573, "domicilios": 723, "situacao": "Urbana"}, "geometry": {"type": "Point", "coordinates": [-56.104792, -15.557312]}}, {"type": "Feature", "properties": {"codigo_setor": "510340305410194", "municipio": "Cuiabá", "populacao": 574, "domicilios": 255, "situacao": "Urbana"}, "geometry": {"type": "Point", "coordinates": [-56.10088, -15.555145]}}, {"type": "Feature", "properties": {"codigo_setor": "510340305410139", "municipio": "Cuiabá", "populacao": 1195, "domicilios": 414, "situacao": "Urbana"}, "geometry": {"type": "Point", "coordinates": [-56.101313, -15.555665]}}, {"type": "Feature", "properties": {"codigo_setor": "510340305410205", "municipio": "Cuiabá", "populacao": 690, "domicilios": 273, "situacao": "Urbana"}, "geometry": {"type": "Point", "coordinates": [-56.098827, -15.538635]}}, {"type": "Feature", "properties": {"codigo_setor": "510340305410186", "municipio": "Cuiabá", "populacao": 1116, "domicilios": 349, "situacao": "Urbana"}, "geometry": {"type": "Point", "coordinates": [-56.095081, -15.542685]}}, {"type": "Feature", "properties": {"codigo_setor": "510340305410204", "municipio": "Cuiabá", "populacao": 789, "domicilios": 284, "situacao": "Urbana"}, "geometry": {"type": "Point", "coordinates": [-56.095884, -15.548117]}}, {"type": "Feature", "properties": {"codigo_setor": "510340305410187", "municipio": "Cuiabá", "populacao": 45, "domicilios": 28, "situacao": "Urbana"}, "geometry": {"type": "Point", "coordinates": [-56.095976, -15.5588]}}, {"type": "Feature", "properties": {"codigo_setor": "510340305410203", "municipio": "Cuiabá", "populacao": 45, "domicilios": 27, "situacao": "Urbana"}, "geometry": {"type": "Point", "coordinates": [-56.085466, -15.54436]}}, {"type": "Feature", "properties": {"codigo_setor": "510340305410201", "municipio": "Cuiabá", "populacao": 863, "domicilios": 268, "situacao": "Urbana"}, "geometry": {"type": "Point", "coordinates": [-56.090605, -15.537645]}}, {"type": "Feature", "properties": {"codigo_setor": "510340305410166", "municipio": "Cuiabá", "populacao": 380, "domicilios": 139, "situacao": "Urbana"}, "geometry": {"type": "Point", "coordinates": [-56.094358, -15.561852]}}, {"type": "Feature", "properties": {"codigo_setor": "510340305410236", "municipio": "Cuiabá", "populacao": 854, "domicilios": 331, "situacao": "Urbana"}, "geometry": {"type": "Point", "coordinates": [-56.091007, -15.557846]}}, {"type": "Feature", "properties": {"codigo_setor": "510340305410237", "municipio": "Cuiabá", "populacao": 786, "domicilios": 398, "situacao": "Urbana"}, "geometry": {"type": "Point", "coordinates": [-56.088932, -15.558783]}}, {"type": "Feature", "properties": {"codigo_setor": "510340305400055", "municipio": "Cuiabá", "populacao": 331, "domicilios": 173, "situacao": "Urbana"}, "geometry": {"type": "Point", "coordinates": [-56.086199, -15.561176]}}, {"type": "Feature", "properties": {"codigo_setor": "510340305410202", "municipio": "Cuiabá", "populacao": 1061, "domicilios": 351, "situacao": "Urbana"}, "geometry": {"type": "Point", "coordinates": [-56.082853, -15.536604]}}, {"type": "Feature", "properties": {"codigo_setor": "510340305410197", "municipio": "Cuiabá", "populacao": 1198, "domicilios": 498, "situacao": "Urbana"}, "geometry": {"type": "Point", "coordinates": [-56.084473, -15.546173]}}, {"type": "Feature", "properties": {"codigo_setor": "510340305400069", "municipio": "Cuiabá", "populacao": 344, "domicilios": 144, "situacao": "Urbana"}, "geometry": {"type": "Point", "coordinates": [-56.08375, -15.555369]}}, {"type": "Feature", "properties": {"codigo_setor": "510340305400054", "municipio": "Cuiabá", "populacao": 380, "domicilios": 164, "situacao": "Urbana"}, "geometry": {"type": "Point", "coordinates": [-56.084557, -15.559483]}}, {"type": "Feature", "properties": {"codigo_setor": "510340305400014", "municipio": "Cuiabá", "populacao": 304, "domicilios": 194, "situacao": "Urbana"}, "geometry": {"type": "Point", "coordinates": [-56.084379, -15.564651]}}, {"type": "Feature", "properties": {"codigo_setor": "510340305410198", "municipio": "Cuiabá", "populacao": 1036, "domicilios": 472, "situacao": "Urbana"}, "geometry": {"type": "Point", "coordinates": [-56.083599, -15.544963]}}, {"type": "Feature", "properties": {"codigo_setor": "510340305410252", "municipio": "Cuiabá", "populacao": 497, "domicilios": 200, "situacao": "Urbana"}, "geometry": {"type": "Point", "coordinates": [-56.083523, -15.54235]}}, {"type": "Feature", "properties": {"codigo_setor": "510340305400007", "municipio": "Cuiabá", "populacao": 477, "domicilios": 290, "situacao": "Urbana"}, "geometry": {"type": "Point", "coordinates": [-56.084055, -15.563436]}}, {"type": "Feature", "properties": {"codigo_setor": "510340305400068", "municipio": "Cuiabá", "populacao": 625, "domicilios": 260, "situacao": "Urbana"}, "geometry": {"type": "Point", "coordinates": [-56.082901, -15.551307]}}, {"type": "Feature", "properties": {"codigo_setor": "510340305400008", "municipio": "Cuiabá", "populacao": 172, "domicilios": 112, "situacao": "Urbana"}, "geometry": {"type": "Point", "coordinates": [-56.083282, -15.56134]}}, {"type": "Feature", "properties": {"codigo_setor": "510340305400053", "municipio": "Cuiabá", "populacao": 275, "domicilios": 172, "situacao": "Urbana"}, "geometry": {"type": "Point", "coordinates": [-56.082796, -15.560483]}}, {"type": "Feature", "properties": {"codigo_setor": "510340305400011", "municipio": "Cuiabá", "populacao": 448, "domicilios": 275, "situacao": "Urbana"}, "geometry": {"type": "Point", "coordinates": [-56.082108, -15.560207]}}, {"type": "Feature", "properties": {"codigo_setor": "510340305400042", "municipio": "Cuiabá", "populacao": 627, "domicilios": 245, "situacao": "Urbana"}, "geometry": {"type": "Point", "coordinates": [-56.081556, -15.551362]}}, {"type": "Feature", "properties": {"codigo_setor": "510340310400149", "municipio": "Cuiabá", "populacao": 0, "domicilios": 0, "situacao": "Urbana"}, "geometry": {"type": "Point", "coordinates": [-56.038082, -15.538693]}}, {"type": "Feature", "properties": {"codigo_setor": "510340305400032", "municipio": "Cuiabá", "populacao": 1042, "domicilios": 392, "situacao": "Urbana"}, "geometry": {"type": "Point", "coordinates": [-56.072794, -15.536417]}}, {"type": "Feature", "properties": {"codigo_setor": "510340305400037", "municipio": "Cuiabá", "populacao": 544, "domicilios": 214, "situacao": "Urbana"}, "geometry": {"type": "Point", "coordinates": [-56.070297, -15.534112]}}, {"type": "Feature", "properties": {"codigo_setor": "510340310400130", "municipio": "Cuiabá", "populacao": 824, "domicilios": 272, "situacao": "Urbana"}, "geometry": {"type": "Point", "coordinates": [-56.034616, -15.529124]}}, {"type": "Feature", "properties": {"codigo_setor": "510340320000007", "municipio": "Cuiabá", "populacao": 248, "domicilios": 373, "situacao": "Rural"}, "geometry": {"type": "Point", "coordinates": [-56.149973, -15.411536]}}, {"type": "Feature", "properties": {"codigo_setor": "510340320000009", "municipio": "Cuiabá", "populacao": 397, "domicilios": 206, "situacao": "Urbana"}, "geometry": {"type": "Point", "coordinates": [-56.228493, -15.354564]}}, {"type": "Feature", "properties": {"codigo_setor": "510340320000014", "municipio": "Cuiabá", "populacao": 317, "domicilios": 343, "situacao": "Rural"}, "geometry": {"type": "Point", "coordinates": [-56.093191, -15.404296]}}, {"type": "Feature", "properties": {"codigo_setor": "510340320000015", "municipio": "Cuiabá", "populacao": 769, "domicilios": 364, "situacao": "Urbana"}, "geometry": {"type": "Point", "coordinates": [-56.239889, -15.347888]}}, {"type": "Feature", "properties": {"codigo_setor": "510340320000016", "municipio": "Cuiabá", "populacao": 481, "domicilios": 210, "situacao": "Urbana"}, "geometry": {"type": "Point", "coordinates": [-56.232134, -15.338822]}}, {"type": "Feature", "properties": {"codigo_setor": "510340335000001", "municipio": "Cuiabá", "populacao": 895, "domicilios": 351, "situacao": "Urbana"}, "geometry": {"type": "Point", "coordinates": [-56.160618, -15.550235]}}, {"type": "Feature", "properties": {"codigo_setor": "510340335000002", "municipio": "Cuiabá", "populacao": 441, "domicilios": 291, "situacao": "Urbana"}, "geometry": {"type": "Point", "coordinates": [-56.174162, -15.530591]}}, {"type": "Feature", "properties": {"codigo_setor": "510340335000003", "municipio": "Cuiabá", "populacao": 166, "domicilios": 133, "situacao": "Rural"}, "geometry": {"type": "Point", "coordinates": [-56.122442, -15.518706]}}, {"type": "Feature", "properties": {"codigo_setor": "510340305410195", "municipio": "Cuiabá", "populacao": 886, "domicilios": 387, "situacao": "Urbana"}, "geometry": {"type": "Point", "coordinates": [-56.120308, -15.559931]}}, {"type": "Feature", "properties": {"codigo_setor": "510340305410196", "municipio": "Cuiabá", "populacao": 521, "domicilios": 199, "situacao": "Urbana"}, "geometry": {"type": "Point", "coordinates": [-56.126108, -15.556876]}}, {"type": "Feature", "properties": {"codigo_setor": "510340305000001", "municipio": "Cuiabá", "populacao": 981, "domicilios": 309, "situacao": "Urbana"}, "geometry": {"type": "Point", "coordinates": [-56.136358, -15.559712]}}, {"type": "Feature", "properties": {"codigo_setor": "510840215000004", "municipio": "Várzea Grande", "populacao": 279, "domicilios": 232, "situacao": "Rural"}, "geometry": {"type": "Point", "coordinates": [-56.27619, -15.437327]}}, {"type": "Feature", "properties": {"codigo_setor": "510340305410207", "municipio": "Cuiabá", "populacao": 654, "domicilios": 289, "situacao": "Urbana"}, "geometry": {"type": "Point", "coordinates": [-56.119989, -15.579101]}}, {"type": "Feature", "properties": {"codigo_setor": "510340305410055", "municipio": "Cuiabá", "populacao": 127, "domicilios": 54, "situacao": "Urbana"}, "geometry": {"type": "Point", "coordinates": [-56.116434, -15.571272]}}, {"type": "Feature", "properties": {"codigo_setor": "510340305410165", "municipio": "Cuiabá", "populacao": 613, "domicilios": 219, "situacao": "Urbana"}, "geometry": {"type": "Point", "coordinates": [-56.11622, -15.566713]}}, {"type": "Feature", "properties": {"codigo_setor": "510610905000008", "municipio": "Nossa Senhora do Livramento", "populacao": 179, "domicilios": 210, "situacao": "Rural"}, "geometry": {"type": "Point", "coordinates": [-56.354975, -15.638762]}}, {"type": "Feature", "properties": {"codigo_setor": "510840225000004", "municipio": "Várzea Grande", "populacao": 368, "domicilios": 212, "situacao": "Rural"}, "geometry": {"type": "Point", "coordinates": [-56.217768, -15.683481]}}, {"type": "Feature", "properties": {"codigo_setor": "510840205000292", "municipio": "Várzea Grande", "populacao": 77, "domicilios": 52, "situacao": "Rural"}, "geometry": {"type": "Point", "coordinates": [-56.213552, -15.631484]}}, {"type": "Feature", "properties": {"codigo_setor": "510840225000007", "municipio": "Várzea Grande", "populacao": 197, "domicilios": 117, "situacao": "Rural"}, "geometry": {"type": "Point", "coordinates": [-56.202562, -15.670576]}}, {"type": "Feature", "properties": {"codigo_setor": "510840205000124", "municipio": "Várzea Grande", "populacao": 319, "domicilios": 168, "situacao": "Urbana"}, "geometry": {"type": "Point", "coordinates": [-56.203083, -15.640046]}}, {"type": "Feature", "properties": {"codigo_setor": "510840205000352", "municipio": "Várzea Grande", "populacao": 750, "domicilios": 276, "situacao": "Urbana"}, "geometry": {"type": "Point", "coordinates": [-56.203268, -15.65509]}}, {"type": "Feature", "properties": {"codigo_setor": "510840205000351", "municipio": "Várzea Grande", "populacao": 649, "domicilios": 272, "situacao": "Urbana"}, "geometry": {"type": "Point", "coordinates": [-56.198524, -15.656169]}}, {"type": "Feature", "properties": {"codigo_setor": "510840205000371", "municipio": "Várzea Grande", "populacao": 41, "domicilios": 14, "situacao": "Rural"}, "geometry": {"type": "Point", "coordinates": [-56.19236, -15.605394]}}, {"type": "Feature", "properties": {"codigo_setor": "510840205000388", "municipio": "Várzea Grande", "populacao": 23, "domicilios": 5, "situacao": "Urbana"}, "geometry": {"type": "Point", "coordinates": [-56.1999, -15.637755]}}, {"type": "Feature", "properties": {"codigo_setor": "510840205000290", "municipio": "Várzea Grande", "populacao": 3, "domicilios": 3, "situacao": "Urbana"}, "geometry": {"type": "Point", "coordinates": [-56.190405, -15.635683]}}, {"type": "Feature", "properties": {"codigo_setor": "510840205000389", "municipio": "Várzea Grande", "populacao": 643, "domicilios": 268, "situacao": "Urbana"}, "geometry": {"type": "Point", "coordinates": [-56.198082, -15.628116]}}, {"type": "Feature", "properties": {"codigo_setor": "510840205000305", "municipio": "Várzea Grande", "populacao": 1100, "domicilios": 381, "situacao": "Urbana"}, "geometry": {"type": "Point", "coordinates": [-56.194351, -15.627291]}}, {"type": "Feature", "properties": {"codigo_setor": "510840205000240", "municipio": "Várzea Grande", "populacao": 534, "domicilios": 309, "situacao": "Urbana"}, "geometry": {"type": "Point", "coordinates": [-56.193624, -15.672202]}}, {"type": "Feature", "properties": {"codigo_setor": "510840205000271", "municipio": "Várzea Grande", "populacao": 1205, "domicilios": 384, "situacao": "Urbana"}, "geometry": {"type": "Point", "coordinates": [-56.19607, -15.632329]}}, {"type": "Feature", "properties": {"codigo_setor": "510840205000296", "municipio": "Várzea Grande", "populacao": 994, "domicilios": 320, "situacao": "Urbana"}, "geometry": {"type": "Point", "coordinates": [-56.196251, -15.628047]}}, {"type": "Feature", "properties": {"codigo_setor": "510840205000303", "municipio": "Várzea Grande", "populacao": 545, "domicilios": 220, "situacao": "Urbana"}, "geometry": {"type": "Point", "coordinates": [-56.193686, -15.667912]}}, {"type": "Feature", "properties": {"codigo_setor": "510840205000122", "municipio": "Várzea Grande", "populacao": 591, "domicilios": 257, "situacao": "Urbana"}, "geometry": {"type": "Point", "coordinates": [-56.19371, -15.664107]}}, {"type": "Feature", "properties": {"codigo_setor": "510840205000190", "municipio": "Várzea Grande", "populacao": 602, "domicilios": 282, "situacao": "Urbana"}, "geometry": {"type": "Point", "coordinates": [-56.191111, -15.650845]}}, {"type": "Feature", "properties": {"codigo_setor": "510840205000336", "municipio": "Várzea Grande", "populacao": 175, "domicilios": 90, "situacao": "Urbana"}, "geometry": {"type": "Point", "coordinates": [-56.187962, -15.642376]}}, {"type": "Feature", "properties": {"codigo_setor": "510840205000191", "municipio": "Várzea Grande", "populacao": 947, "domicilios": 370, "situacao": "Urbana"}, "geometry": {"type": "Point", "coordinates": [-56.19158, -15.659393]}}, {"type": "Feature", "properties": {"codigo_setor": "510840205000118", "municipio": "Várzea Grande", "populacao": 850, "domicilios": 328, "situacao": "Urbana"}, "geometry": {"type": "Point", "coordinates": [-56.190371, -15.664445]}}, {"type": "Feature", "properties": {"codigo_setor": "510840205000117", "municipio": "Várzea Grande", "populacao": 819, "domicilios": 319, "situacao": "Urbana"}, "geometry": {"type": "Point", "coordinates": [-56.188734, -15.658707]}}, {"type": "Feature", "properties": {"codigo_setor": "510840205000119", "municipio": "Várzea Grande", "populacao": 483, "domicilios": 185, "situacao": "Urbana"}, "geometry": {"type": "Point", "coordinates": [-56.188986, -15.668701]}}, {"type": "Feature", "properties": {"codigo_setor": "510840205000189", "municipio": "Várzea Grande", "populacao": 681, "domicilios": 267, "situacao": "Urbana"}, "geometry": {"type": "Point", "coordinates": [-56.188017, -15.655098]}}, {"type": "Feature", "properties": {"codigo_setor": "510840205000192", "municipio": "Várzea Grande", "populacao": 614, "domicilios": 244, "situacao": "Urbana"}, "geometry": {"type": "Point", "coordinates": [-56.187346, -15.671463]}}, {"type": "Feature", "properties": {"codigo_setor": "510840205000283", "municipio": "Várzea Grande", "populacao": 662, "domicilios": 235, "situacao": "Urbana"}, "geometry": {"type": "Point", "coordinates": [-56.186995, -15.664152]}}, {"type": "Feature", "properties": {"codigo_setor": "510840205000363", "municipio": "Várzea Grande", "populacao": 517, "domicilios": 204, "situacao": "Urbana"}, "geometry": {"type": "Point", "coordinates": [-56.185583, -15.648584]}}, {"type": "Feature", "properties": {"codigo_setor": "510840205000238", "municipio": "Várzea Grande", "populacao": 619, "domicilios": 257, "situacao": "Urbana"}, "geometry": {"type": "Point", "coordinates": [-56.184752, -15.667393]}}, {"type": "Feature", "properties": {"codigo_setor": "510840205000121", "municipio": "Várzea Grande", "populacao": 675, "domicilios": 281, "situacao": "Urbana"}, "geometry": {"type": "Point", "coordinates": [-56.184805, -15.674037]}}, {"type": "Feature", "properties": {"codigo_setor": "510840205000372", "municipio": "Várzea Grande", "populacao": 350, "domicilios": 439, "situacao": "Urbana"}, "geometry": {"type": "Point", "coordinates": [-56.184855, -15.592133]}}, {"type": "Feature", "properties": {"codigo_setor": "510840205000364", "municipio": "Várzea Grande", "populacao": 551, "domicilios": 188, "situacao": "Urbana"}, "geometry": {"type": "Point", "coordinates": [-56.18466, -15.651948]}}, {"type": "Feature", "properties": {"codigo_setor": "510840205000239", "municipio": "Várzea Grande", "populacao": 767, "domicilios": 318, "situacao": "Urbana"}, "geometry": {"type": "Point", "coordinates": [-56.184038, -15.678596]}}, {"type": "Feature", "properties": {"codigo_setor": "510840205000116", "municipio": "Várzea Grande", "populacao": 829, "domicilios": 281, "situacao": "Urbana"}, "geometry": {"type": "Point", "coordinates": [-56.183264, -15.654327]}}, {"type": "Feature", "properties": {"codigo_setor": "510840205000120", "municipio": "Várzea Grande", "populacao": 757, "domicilios": 258, "situacao": "Urbana"}, "geometry": {"type": "Point", "coordinates": [-56.182915, -15.669909]}}, {"type": "Feature", "properties": {"codigo_setor": "510840205000335", "municipio": "Várzea Grande", "populacao": 769, "domicilios": 294, "situacao": "Urbana"}, "geometry": {"type": "Point", "coordinates": [-56.181313, -15.640803]}}, {"type": "Feature", "properties": {"codigo_setor": "510780005000016", "municipio": "Santo Antônio de Leverger", "populacao": 511, "domicilios": 212, "situacao": "Urbana"}, "geometry": {"type": "Point", "coordinates": [-56.080263, -15.847256]}}, {"type": "Feature", "properties": {"codigo_setor": "510780005000022", "municipio": "Santo Antônio de Leverger", "populacao": 244, "domicilios": 142, "situacao": "Urbana"}, "geometry": {"type": "Point", "coordinates": [-56.083246, -15.841]}}, {"type": "Feature", "properties": {"codigo_setor": "510780025000009", "municipio": "Santo Antônio de Leverger", "populacao": 147, "domicilios": 82, "situacao": "Urbana"}, "geometry": {"type": "Point", "coordinates": [-56.083212, -15.833279]}}, {"type": "Feature", "properties": {"codigo_setor": "510780025000008", "municipio": "Santo Antônio de Leverger", "populacao": 40, "domicilios": 19, "situacao": "Rural"}, "geometry": {"type": "Point", "coordinates": [-56.068295, -15.829451]}}, {"type": "Feature", "properties": {"codigo_setor": "510610913000008", "municipio": "Nossa Senhora do Livramento", "populacao": 153, "domicilios": 107, "situacao": "Rural"}, "geometry": {"type": "Point", "coordinates": [-56.110086, -15.80783]}}, {"type": "Feature", "properties": {"codigo_setor": "510610913000010", "municipio": "Nossa Senhora do Livramento", "populacao": 244, "domicilios": 148, "situacao": "Urbana"}, "geometry": {"type": "Point", "coordinates": [-56.102657, -15.82138]}}, {"type": "Feature", "properties": {"codigo_setor": "510780025000004", "municipio": "Santo Antônio de Leverger", "populacao": 84, "domicilios": 78, "situacao": "Rural"}, "geometry": {"type": "Point", "coordinates": [-56.080858, -15.80248]}}, {"type": "Feature", "properties": {"codigo_setor": "510610913000009", "municipio": "Nossa Senhora do Livramento", "populacao": 369, "domicilios": 238, "situacao": "Urbana"}, "geometry": {"type": "Point", "coordinates": [-56.101213, -15.814159]}}, {"type": "Feature", "properties": {"codigo_setor": "510610913000007", "municipio": "Nossa Senhora do Livramento", "populacao": 191, "domicilios": 126, "situacao": "Rural"}, "geometry": {"type": "Point", "coordinates": [-56.122784, -15.783329]}}, {"type": "Feature", "properties": {"codigo_setor": "510780010000001", "municipio": "Santo Antônio de Leverger", "populacao": 283, "domicilios": 223, "situacao": "Urbana"}, "geometry": {"type": "Point", "coordinates": [-56.095821, -15.775344]}}, {"type": "Feature", "properties": {"codigo_setor": "510340325000006", "municipio": "Cuiabá", "populacao": 276, "domicilios": 217, "situacao": "Rural"}, "geometry": {"type": "Point", "coordinates": [-56.108341, -15.743359]}}, {"type": "Feature", "properties": {"codigo_setor": "510840205000110", "municipio": "Várzea Grande", "populacao": 12, "domicilios": 10, "situacao": "Rural"}, "geometry": {"type": "Point", "coordinates": [-56.15737, -15.744819]}}, {"type": "Feature", "properties": {"codigo_setor": "510840205000111", "municipio": "Várzea Grande", "populacao": 656, "domicilios": 300, "situacao": "Urbana"}, "geometry": {"type": "Point", "coordinates": [-56.15765, -15.742489]}}, {"type": "Feature", "properties": {"codigo_setor": "510840205000112", "municipio": "Várzea Grande", "populacao": 521, "domicilios": 223, "situacao": "Urbana"}, "geometry": {"type": "Point", "coordinates": [-56.159115, -15.740872]}}, {"type": "Feature", "properties": {"codigo_setor": "510840205000109", "municipio": "Várzea Grande", "populacao": 517, "domicilios": 225, "situacao": "Urbana"}, "geometry": {"type": "Point", "coordinates": [-56.155005, -15.738334]}}, {"type": "Feature", "properties": {"codigo_setor": "510840205000103", "municipio": "Várzea Grande", "populacao": 904, "domicilios": 423, "situacao": "Urbana"}, "geometry": {"type": "Point", "coordinates": [-56.141731, -15.715919]}}, {"type": "Feature", "properties": {"codigo_setor": "510840205000107", "municipio": "Várzea Grande", "populacao": 581, "domicilios": 245, "situacao": "Urbana"}, "geometry": {"type": "Point", "coordinates": [-56.140129, -15.722466]}}, {"type": "Feature", "properties": {"codigo_setor": "510840205000106", "municipio": "Várzea Grande", "populacao": 590, "domicilios": 234, "situacao": "Urbana"}, "geometry": {"type": "Point", "coordinates": [-56.139519, -15.720495]}}, {"type": "Feature", "properties": {"codigo_setor": "510840205000105", "municipio": "Várzea Grande", "populacao": 654, "domicilios": 245, "situacao": "Urbana"}, "geometry": {"type": "Point", "coordinates": [-56.139011, -15.715592]}}, {"type": "Feature", "properties": {"codigo_setor": "510840205000104", "municipio": "Várzea Grande", "populacao": 722, "domicilios": 260, "situacao": "Urbana"}, "geometry": {"type": "Point", "coordinates": [-56.138769, -15.713226]}}, {"type": "Feature", "properties": {"codigo_setor": "510840205000185", "municipio": "Várzea Grande", "populacao": 389, "domicilios": 170, "situacao": "Urbana"}, "geometry": {"type": "Point", "coordinates": [-56.161037, -15.740879]}}, {"type": "Feature", "properties": {"codigo_setor": "510840205000265", "municipio": "Várzea Grande", "populacao": 582, "domicilios": 253, "situacao": "Urbana"}, "geometry": {"type": "Point", "coordinates": [-56.158119, -15.737107]}}, {"type": "Feature", "properties": {"codigo_setor": "510840205000383", "municipio": "Várzea Grande", "populacao": 66, "domicilios": 36, "situacao": "Urbana"}, "geometry": {"type": "Point", "coordinates": [-56.147299, -15.730855]}}, {"type": "Feature", "properties": {"codigo_setor": "510840205000384", "municipio": "Várzea Grande", "populacao": 633, "domicilios": 243, "situacao": "Urbana"}, "geometry": {"type": "Point", "coordinates": [-56.15123, -15.728161]}}, {"type": "Feature", "properties": {"codigo_setor": "510840210000001", "municipio": "Várzea Grande", "populacao": 508, "domicilios": 216, "situacao": "Urbana"}, "geometry": {"type": "Point", "coordinates": [-56.106283, -15.71698]}}, {"type": "Feature", "properties": {"codigo_setor": "510840210000002", "municipio": "Várzea Grande", "populacao": 535, "domicilios": 228, "situacao": "Urbana"}, "geometry": {"type": "Point", "coordinates": [-56.119684, -15.727075]}}, {"type": "Feature", "properties": {"codigo_setor": "510840210000003", "municipio": "Várzea Grande", "populacao": 229, "domicilios": 103, "situacao": "Urbana"}, "geometry": {"type": "Point", "coordinates": [-56.127346, -15.725404]}}, {"type": "Feature", "properties": {"codigo_setor": "510840210000004", "municipio": "Várzea Grande", "populacao": 122, "domicilios": 61, "situacao": "Rural"}, "geometry": {"type": "Point", "coordinates": [-56.141851, -15.749755]}}, {"type": "Feature", "properties": {"codigo_setor": "510840210000005", "municipio": "Várzea Grande", "populacao": 377, "domicilios": 199, "situacao": "Rural"}, "geometry": {"type": "Point", "coordinates": [-56.141315, -15.752082]}}, {"type": "Feature", "properties": {"codigo_setor": "510840210000006", "municipio": "Várzea Grande", "populacao": 208, "domicilios": 88, "situacao": "Urbana"}, "geometry": {"type": "Point", "coordinates": [-56.126629, -15.738103]}}, {"type": "Feature", "properties": {"codigo_setor": "510840210000007", "municipio": "Várzea Grande", "populacao": 82, "domicilios": 31, "situacao": "Urbana"}, "geometry": {"type": "Point", "coordinates": [-56.124146, -15.709631]}}, {"type": "Feature", "properties": {"codigo_setor": "510840210000008", "municipio": "Várzea Grande", "populacao": 953, "domicilios": 340, "situacao": "Urbana"}, "geometry": {"type": "Point", "coordinates": [-56.134108, -15.71935]}}, {"type": "Feature", "properties": {"codigo_setor": "510840210000009", "municipio": "Várzea Grande", "populacao": 82, "domicilios": 33, "situacao": "Rural"}, "geometry": {"type": "Point", "coordinates": [-56.145506, -15.740222]}}, {"type": "Feature", "properties": {"codigo_setor": "510840210000010", "municipio": "Várzea Grande", "populacao": 445, "domicilios": 203, "situacao": "Urbana"}, "geometry": {"type": "Point", "coordinates": [-56.134439, -15.731578]}}, {"type": "Feature", "properties": {"codigo_setor": "510840210000011", "municipio": "Várzea Grande", "populacao": 764, "domicilios": 294, "situacao": "Urbana"}, "geometry": {"type": "Point", "coordinates": [-56.134888, -15.722867]}}, {"type": "Feature", "properties": {"codigo_setor": "510840210000012", "municipio": "Várzea Grande", "populacao": 320, "domicilios": 121, "situacao": "Urbana"}, "geometry": {"type": "Point", "coordinates": [-56.125507, -15.717885]}}, {"type": "Feature", "properties": {"codigo_setor": "510840205000311", "municipio": "Várzea Grande", "populacao": 486, "domicilios": 290, "situacao": "Urbana"}, "geometry": {"type": "Point", "coordinates": [-56.12632, -15.70445]}}, {"type": "Feature", "properties": {"codigo_setor": "510840225000001", "municipio": "Várzea Grande", "populacao": 707, "domicilios": 273, "situacao": "Urbana"}, "geometry": {"type": "Point", "coordinates": [-56.162451, -15.705745]}}, {"type": "Feature", "properties": {"codigo_setor": "510840225000018", "municipio": "Várzea Grande", "populacao": 217, "domicilios": 94, "situacao": "Urbana"}, "geometry": {"type": "Point", "coordinates": [-56.152588, -15.709526]}}, {"type": "Feature", "properties": {"codigo_setor": "510840205000008", "municipio": "Várzea Grande", "populacao": 718, "domicilios": 332, "situacao": "Urbana"}, "geometry": {"type": "Point", "coordinates": [-56.138874, -15.668135]}}, {"type": "Feature", "properties": {"codigo_setor": "510840205000010", "municipio": "Várzea Grande", "populacao": 559, "domicilios": 276, "situacao": "Urbana"}, "geometry": {"type": "Point", "coordinates": [-56.134838, -15.66819]}}, {"type": "Feature", "properties": {"codigo_setor": "510840205000082", "municipio": "Várzea Grande", "populacao": 809, "domicilios": 353, "situacao": "Urbana"}, "geometry": {"type": "Point", "coordinates": [-56.130196, -15.66393]}}, {"type": "Feature", "properties": {"codigo_setor": "510840205000092", "municipio": "Várzea Grande", "populacao": 624, "domicilios": 297, "situacao": "Urbana"}, "geometry": {"type": "Point", "coordinates": [-56.124393, -15.663408]}}, {"type": "Feature", "properties": {"codigo_setor": "510840205000154", "municipio": "Várzea Grande", "populacao": 581, "domicilios": 253, "situacao": "Urbana"}, "geometry": {"type": "Point", "coordinates": [-56.139858, -15.662743]}}, {"type": "Feature", "properties": {"codigo_setor": "510840205000009", "municipio": "Várzea Grande", "populacao": 704, "domicilios": 262, "situacao": "Urbana"}, "geometry": {"type": "Point", "coordinates": [-56.13562, -15.663285]}}, {"type": "Feature", "properties": {"codigo_setor": "510840205000085", "municipio": "Várzea Grande", "populacao": 682, "domicilios": 302, "situacao": "Urbana"}, "geometry": {"type": "Point", "coordinates": [-56.125889, -15.661193]}}, {"type": "Feature", "properties": {"codigo_setor": "510840205000083", "municipio": "Várzea Grande", "populacao": 722, "domicilios": 337, "situacao": "Urbana"}, "geometry": {"type": "Point", "coordinates": [-56.134552, -15.658636]}}, {"type": "Feature", "properties": {"codigo_setor": "510840205000084", "municipio": "Várzea Grande", "populacao": 1117, "domicilios": 580, "situacao": "Urbana"}, "geometry": {"type": "Point", "coordinates": [-56.134598, -15.657662]}}, {"type": "Feature", "properties": {"codigo_setor": "510840205000007", "municipio": "Várzea Grande", "populacao": 217, "domicilios": 92, "situacao": "Urbana"}, "geometry": {"type": "Point", "coordinates": [-56.141336, -15.657314]}}, {"type": "Feature", "properties": {"codigo_setor": "510840205000006", "municipio": "Várzea Grande", "populacao": 551, "domicilios": 210, "situacao": "Urbana"}, "geometry": {"type": "Point", "coordinates": [-56.139181, -15.655336]}}, {"type": "Feature", "properties": {"codigo_setor": "510840205000086", "municipio": "Várzea Grande", "populacao": 638, "domicilios": 357, "situacao": "Urbana"}, "geometry": {"type": "Point", "coordinates": [-56.125263, -15.654006]}}, {"type": "Feature", "properties": {"codigo_setor": "510840205000081", "municipio": "Várzea Grande", "populacao": 577, "domicilios": 225, "situacao": "Urbana"}, "geometry": {"type": "Point", "coordinates": [-56.12989, -15.655222]}}, {"type": "Feature", "properties": {"codigo_setor": "510840205000089", "municipio": "Várzea Grande", "populacao": 515, "domicilios": 277, "situacao": "Urbana"}, "geometry": {"type": "Point", "coordinates": [-56.124479, -15.655625]}}, {"type": "Feature", "properties": {"codigo_setor": "510840205000079", "municipio": "Várzea Grande", "populacao": 567, "domicilios": 294, "situacao": "Urbana"}, "geometry": {"type": "Point", "coordinates": [-56.137369, -15.653351]}}, {"type": "Feature", "properties": {"codigo_setor": "510840205000090", "municipio": "Várzea Grande", "populacao": 506, "domicilios": 286, "situacao": "Urbana"}, "geometry": {"type": "Point", "coordinates": [-56.125059, -15.655033]}}, {"type": "Feature", "properties": {"codigo_setor": "510840205000075", "municipio": "Várzea Grande", "populacao": 625, "domicilios": 333, "situacao": "Urbana"}, "geometry": {"type": "Point", "coordinates": [-56.129221, -15.651396]}}, {"type": "Feature", "properties": {"codigo_setor": "510840205000088", "municipio": "Várzea Grande", "populacao": 322, "domicilios": 174, "situacao": "Urbana"}, "geometry": {"type": "Point", "coordinates": [-56.124033, -15.653453]}}, {"type": "Feature", "properties": {"codigo_setor": "510840205000087", "municipio": "Várzea Grande", "populacao": 577, "domicilios": 321, "situacao": "Urbana"}, "geometry": {"type": "Point", "coordinates": [-56.12561, -15.65298]}}, {"type": "Feature", "properties": {"codigo_setor": "510840205000080", "municipio": "Várzea Grande", "populacao": 472, "domicilios": 224, "situacao": "Urbana"}, "geometry": {"type": "Point", "coordinates": [-56.134176, -15.651987]}}, {"type": "Feature", "properties": {"codigo_setor": "510840205000076", "municipio": "Várzea Grande", "populacao": 263, "domicilios": 152, "situacao": "Urbana"}, "geometry": {"type": "Point", "coordinates": [-56.133657, -15.650225]}}, {"type": "Feature", "properties": {"codigo_setor": "510840205000073", "municipio": "Várzea Grande", "populacao": 368, "domicilios": 170, "situacao": "Urbana"}, "geometry": {"type": "Point", "coordinates": [-56.125683, -15.646078]}}, {"type": "Feature", "properties": {"codigo_setor": "510840205000077", "municipio": "Várzea Grande", "populacao": 39, "domicilios": 28, "situacao": "Urbana"}, "geometry": {"type": "Point", "coordinates": [-56.135225, -15.648277]}}, {"type": "Feature", "properties": {"codigo_setor": "510840205000074", "municipio": "Várzea Grande", "populacao": 276, "domicilios": 118, "situacao": "Urbana"}, "geometry": {"type": "Point", "coordinates": [-56.128912, -15.647255]}}, {"type": "Feature", "properties": {"codigo_setor": "510840205000070", "municipio": "Várzea Grande", "populacao": 461, "domicilios": 204, "situacao": "Urbana"}, "geometry": {"type": "Point", "coordinates": [-56.133478, -15.644249]}}, {"type": "Feature", "properties": {"codigo_setor": "510840205000175", "municipio": "Várzea Grande", "populacao": 510, "domicilios": 228, "situacao": "Urbana"}, "geometry": {"type": "Point", "coordinates": [-56.132769, -15.642756]}}, {"type": "Feature", "properties": {"codigo_setor": "510840205000071", "municipio": "Várzea Grande", "populacao": 507, "domicilios": 226, "situacao": "Urbana"}, "geometry": {"type": "Point", "coordinates": [-56.128168, -15.644164]}}, {"type": "Feature", "properties": {"codigo_setor": "510840205000064", "municipio": "Várzea Grande", "populacao": 846, "domicilios": 353, "situacao": "Urbana"}, "geometry": {"type": "Point", "coordinates": [-56.141863, -15.641828]}}, {"type": "Feature", "properties": {"codigo_setor": "510840205000068", "municipio": "Várzea Grande", "populacao": 260, "domicilios": 106, "situacao": "Urbana"}, "geometry": {"type": "Point", "coordinates": [-56.138084, -15.643497]}}, {"type": "Feature", "properties": {"codigo_setor": "510840205000072", "municipio": "Várzea Grande", "populacao": 190, "domicilios": 120, "situacao": "Urbana"}, "geometry": {"type": "Point", "coordinates": [-56.124884, -15.641364]}}, {"type": "Feature", "properties": {"codigo_setor": "510840205000067", "municipio": "Várzea Grande", "populacao": 847, "domicilios": 322, "situacao": "Urbana"}, "geometry": {"type": "Point", "coordinates": [-56.138903, -15.63967]}}, {"type": "Feature", "properties": {"codigo_setor": "510840205000142", "municipio": "Várzea Grande", "populacao": 450, "domicilios": 147, "situacao": "Urbana"}, "geometry": {"type": "Point", "coordinates": [-56.128265, -15.637068]}}, {"type": "Feature", "properties": {"codigo_setor": "510840205000141", "municipio": "Várzea Grande", "populacao": 665, "domicilios": 260, "situacao": "Urbana"}, "geometry": {"type": "Point", "coordinates": [-56.132286, -15.634508]}}, {"type": "Feature", "properties": {"codigo_setor": "510840205000176", "municipio": "Várzea Grande", "populacao": 240, "domicilios": 112, "situacao": "Urbana"}, "geometry": {"type": "Point", "coordinates": [-56.137548, -15.650418]}}, {"type": "Feature", "properties": {"codigo_setor": "510840205000178", "municipio": "Várzea Grande", "populacao": 488, "domicilios": 235, "situacao": "Urbana"}, "geometry": {"type": "Point", "coordinates": [-56.133657, -15.653831]}}, {"type": "Feature", "properties": {"codigo_setor": "510840205000179", "municipio": "Várzea Grande", "populacao": 662, "domicilios": 288, "situacao": "Urbana"}, "geometry": {"type": "Point", "coordinates": [-56.129848, -15.658877]}}, {"type": "Feature", "properties": {"codigo_setor": "510840205000180", "municipio": "Várzea Grande", "populacao": 288, "domicilios": 202, "situacao": "Urbana"}, "geometry": {"type": "Point", "coordinates": [-56.124899, -15.658197]}}, {"type": "Feature", "properties": {"codigo_setor": "510840205000202", "municipio": "Várzea Grande", "populacao": 622, "domicilios": 331, "situacao": "Urbana"}, "geometry": {"type": "Point", "coordinates": [-56.137417, -15.660132]}}, {"type": "Feature", "properties": {"codigo_setor": "510840205000203", "municipio": "Várzea Grande", "populacao": 237, "domicilios": 95, "situacao": "Urbana"}, "geometry": {"type": "Point", "coordinates": [-56.140444, -15.656468]}}, {"type": "Feature", "properties": {"codigo_setor": "510840205000204", "municipio": "Várzea Grande", "populacao": 476, "domicilios": 212, "situacao": "Urbana"}, "geometry": {"type": "Point", "coordinates": [-56.137815, -15.665876]}}, {"type": "Feature", "properties": {"codigo_setor": "510840205000205", "municipio": "Várzea Grande", "populacao": 325, "domicilios": 130, "situacao": "Urbana"}, "geometry": {"type": "Point", "coordinates": [-56.135527, -15.665063]}}, {"type": "Feature", "properties": {"codigo_setor": "510840205000226", "municipio": "Várzea Grande", "populacao": 228, "domicilios": 158, "situacao": "Urbana"}, "geometry": {"type": "Point", "coordinates": [-56.124128, -15.650045]}}, {"type": "Feature", "properties": {"codigo_setor": "510840205000227", "municipio": "Várzea Grande", "populacao": 262, "domicilios": 120, "situacao": "Urbana"}, "geometry": {"type": "Point", "coordinates": [-56.133907, -15.664161]}}, {"type": "Feature", "properties": {"codigo_setor": "510840205000228", "municipio": "Várzea Grande", "populacao": 367, "domicilios": 195, "situacao": "Urbana"}, "geometry": {"type": "Point", "coordinates": [-56.122934, -15.65427]}}, {"type": "Feature", "properties": {"codigo_setor": "510840205000246", "municipio": "Várzea Grande", "populacao": 636, "domicilios": 281, "situacao": "Urbana"}, "geometry": {"type": "Point", "coordinates": [-56.132786, -15.639014]}}, {"type": "Feature", "properties": {"codigo_setor": "510840205000249", "municipio": "Várzea Grande", "populacao": 257, "domicilios": 102, "situacao": "Urbana"}, "geometry": {"type": "Point", "coordinates": [-56.138447, -15.661486]}}, {"type": "Feature", "properties": {"codigo_setor": "510840205000282", "municipio": "Várzea Grande", "populacao": 423, "domicilios": 227, "situacao": "Urbana"}, "geometry": {"type": "Point", "coordinates": [-56.123243, -15.65591]}}, {"type": "Feature", "properties": {"codigo_setor": "510840205000317", "municipio": "Várzea Grande", "populacao": 55, "domicilios": 21, "situacao": "Urbana"}, "geometry": {"type": "Point", "coordinates": [-56.130215, -15.632607]}}, {"type": "Feature", "properties": {"codigo_setor": "510840205000347", "municipio": "Várzea Grande", "populacao": 207, "domicilios": 126, "situacao": "Urbana"}, "geometry": {"type": "Point", "coordinates": [-56.138046, -15.646184]}}, {"type": "Feature", "properties": {"codigo_setor": "510840205000348", "municipio": "Várzea Grande", "populacao": 178, "domicilios": 99, "situacao": "Urbana"}, "geometry": {"type": "Point", "coordinates": [-56.136103, -15.645292]}}, {"type": "Feature", "properties": {"codigo_setor": "510340305410011", "municipio": "Cuiabá", "populacao": 628, "domicilios": 285, "situacao": "Urbana"}, "geometry": {"type": "Point", "coordinates": [-56.114477, -15.60936]}}, {"type": "Feature", "properties": {"codigo_setor": "510340305410013", "municipio": "Cuiabá", "populacao": 1320, "domicilios": 677, "situacao": "Urbana"}, "geometry": {"type": "Point", "coordinates": [-56.109819, -15.60684]}}, {"type": "Feature", "properties": {"codigo_setor": "510340305410102", "municipio": "Cuiabá", "populacao": 593, "domicilios": 228, "situacao": "Urbana"}, "geometry": {"type": "Point", "coordinates": [-56.119572, -15.608411]}}, {"type": "Feature", "properties": {"codigo_setor": "510340305410006", "municipio": "Cuiabá", "populacao": 344, "domicilios": 174, "situacao": "Urbana"}, "geometry": {"type": "Point", "coordinates": [-56.106623, -15.606515]}}, {"type": "Feature", "properties": {"codigo_setor": "510340305410012", "municipio": "Cuiabá", "populacao": 720, "domicilios": 358, "situacao": "Urbana"}, "geometry": {"type": "Point", "coordinates": [-56.113304, -15.607455]}}, {"type": "Feature", "properties": {"codigo_setor": "510340305410005", "municipio": "Cuiabá", "populacao": 271, "domicilios": 201, "situacao": "Urbana"}, "geometry": {"type": "Point", "coordinates": [-56.101851, -15.607568]}}, {"type": "Feature", "properties": {"codigo_setor": "510340305410096", "municipio": "Cuiabá", "populacao": 482, "domicilios": 273, "situacao": "Urbana"}, "geometry": {"type": "Point", "coordinates": [-56.122404, -15.607873]}}, {"type": "Feature", "properties": {"codigo_setor": "510340305410100", "municipio": "Cuiabá", "populacao": 499, "domicilios": 231, "situacao": "Urbana"}, "geometry": {"type": "Point", "coordinates": [-56.115204, -15.60552]}}, {"type": "Feature", "properties": {"codigo_setor": "510340305410007", "municipio": "Cuiabá", "populacao": 850, "domicilios": 440, "situacao": "Urbana"}, "geometry": {"type": "Point", "coordinates": [-56.105251, -15.603511]}}, {"type": "Feature", "properties": {"codigo_setor": "510340305410101", "municipio": "Cuiabá", "populacao": 482, "domicilios": 200, "situacao": "Urbana"}, "geometry": {"type": "Point", "coordinates": [-56.119125, -15.605517]}}, {"type": "Feature", "properties": {"codigo_setor": "510340305410099", "municipio": "Cuiabá", "populacao": 374, "domicilios": 156, "situacao": "Urbana"}, "geometry": {"type": "Point", "coordinates": [-56.120964, -15.602681]}}, {"type": "Feature", "properties": {"codigo_setor": "510340305410003", "municipio": "Cuiabá", "populacao": 113, "domicilios": 68, "situacao": "Urbana"}, "geometry": {"type": "Point", "coordinates": [-56.099663, -15.602692]}}, {"type": "Feature", "properties": {"codigo_setor": "510340305410092", "municipio": "Cuiabá", "populacao": 646, "domicilios": 299, "situacao": "Urbana"}, "geometry": {"type": "Point", "coordinates": [-56.109344, -15.602062]}}, {"type": "Feature", "properties": {"codigo_setor": "510340305410004", "municipio": "Cuiabá", "populacao": 271, "domicilios": 179, "situacao": "Urbana"}, "geometry": {"type": "Point", "coordinates": [-56.103113, -15.602448]}}, {"type": "Feature", "properties": {"codigo_setor": "510340305410093", "municipio": "Cuiabá", "populacao": 1282, "domicilios": 665, "situacao": "Urbana"}, "geometry": {"type": "Point", "coordinates": [-56.111731, -15.601559]}}, {"type": "Feature", "properties": {"codigo_setor": "510340305410091", "municipio": "Cuiabá", "populacao": 718, "domicilios": 360, "situacao": "Urbana"}, "geometry": {"type": "Point", "coordinates": [-56.106413, -15.599987]}}, {"type": "Feature", "properties": {"codigo_setor": "510340305410002", "municipio": "Cuiabá", "populacao": 181, "domicilios": 137, "situacao": "Urbana"}, "geometry": {"type": "Point", "coordinates": [-56.10022, -15.599814]}}, {"type": "Feature", "properties": {"codigo_setor": "510340305410094", "municipio": "Cuiabá", "populacao": 1090, "domicilios": 488, "situacao": "Urbana"}, "geometry": {"type": "Point", "coordinates": [-56.111679, -15.599347]}}, {"type": "Feature", "properties": {"codigo_setor": "510340305410085", "municipio": "Cuiabá", "populacao": 12, "domicilios": 34, "situacao": "Urbana"}, "geometry": {"type": "Point", "coordinates": [-56.096775, -15.599439]}}, {"type": "Feature", "properties": {"codigo_setor": "510340305410128", "municipio": "Cuiabá", "populacao": 372, "domicilios": 217, "situacao": "Urbana"}, "geometry": {"type": "Point", "coordinates": [-56.102915, -15.598689]}}, {"type": "Feature", "properties": {"codigo_setor": "510340305410129", "municipio": "Cuiabá", "populacao": 203, "domicilios": 129, "situacao": "Urbana"}, "geometry": {"type": "Point", "coordinates": [-56.10162, -15.605654]}}, {"type": "Feature", "properties": {"codigo_setor": "510340305410130", "municipio": "Cuiabá", "populacao": 181, "domicilios": 83, "situacao": "Urbana"}, "geometry": {"type": "Point", "coordinates": [-56.10215, -15.610009]}}, {"type": "Feature", "properties": {"codigo_setor": "510340305410132", "municipio": "Cuiabá", "populacao": 209, "domicilios": 93, "situacao": "Urbana"}, "geometry": {"type": "Point", "coordinates": [-56.106758, -15.609933]}}, {"type": "Feature", "properties": {"codigo_setor": "510340305410150", "municipio": "Cuiabá", "populacao": 491, "domicilios": 211, "situacao": "Urbana"}, "geometry": {"type": "Point", "coordinates": [-56.114891, -15.599981]}}, {"type": "Feature", "properties": {"codigo_setor": "510340305410152", "municipio": "Cuiabá", "populacao": 531, "domicilios": 200, "situacao": "Urbana"}, "geometry": {"type": "Point", "coordinates": [-56.117504, -15.6075]}}, {"type": "Feature", "properties": {"codigo_setor": "510340305410178", "municipio": "Cuiabá", "populacao": 398, "domicilios": 130, "situacao": "Urbana"}, "geometry": {"type": "Point", "coordinates": [-56.116081, -15.601828]}}, {"type": "Feature", "properties": {"codigo_setor": "510340305410179", "municipio": "Cuiabá", "populacao": 410, "domicilios": 182, "situacao": "Urbana"}, "geometry": {"type": "Point", "coordinates": [-56.113642, -15.60354]}}, {"type": "Feature", "properties": {"codigo_setor": "510340305410256", "municipio": "Cuiabá", "populacao": 445, "domicilios": 210, "situacao": "Urbana"}, "geometry": {"type": "Point", "coordinates": [-56.111565, -15.60782]}}, {"type": "Feature", "properties": {"codigo_setor": "510340305410257", "municipio": "Cuiabá", "populacao": 609, "domicilios": 282, "situacao": "Urbana"}, "geometry": {"type": "Point", "coordinates": [-56.112259, -15.608524]}}, {"type": "Feature", "properties": {"codigo_setor": "510340305410258", "municipio": "Cuiabá", "populacao": 438, "domicilios": 239, "situacao": "Urbana"}, "geometry": {"type": "Point", "coordinates": [-56.112682, -15.609434]}}, {"type": "Feature", "properties": {"codigo_setor": "510340305420065", "municipio": "Cuiabá", "populacao": 100, "domicilios": 93, "situacao": "Urbana"}, "geometry": {"type": "Point", "coordinates": [-56.097078, -15.602314]}}, {"type": "Feature", "properties": {"codigo_setor": "510340305420101", "municipio": "Cuiabá", "populacao": 609, "domicilios": 254, "situacao": "Urbana"}, "geometry": {"type": "Point", "coordinates": [-56.096237, -15.608543]}}, {"type": "Feature", "properties": {"codigo_setor": "510340305420102", "municipio": "Cuiabá", "populacao": 335, "domicilios": 213, "situacao": "Urbana"}, "geometry": {"type": "Point", "coordinates": [-56.0949, -15.605076]}}, {"type": "Feature", "properties": {"codigo_setor": "510340305420130", "municipio": "Cuiabá", "populacao": 226, "domicilios": 124, "situacao": "Urbana"}, "geometry": {"type": "Point", "coordinates": [-56.098433, -15.606373]}}, {"type": "Feature", "properties": {"codigo_setor": "510340305420131", "municipio": "Cuiabá", "populacao": 668, "domicilios": 319, "situacao": "Urbana"}, "geometry": {"type": "Point", "coordinates": [-56.096846, -15.606635]}}, {"type": "Feature", "properties": {"codigo_setor": "510340305420136", "municipio": "Cuiabá", "populacao": 679, "domicilios": 280, "situacao": "Urbana"}, "geometry": {"type": "Point", "coordinates": [-56.094992, -15.610207]}}, {"type": "Feature", "properties": {"codigo_setor": "510340305410103", "municipio": "Cuiabá", "populacao": 500, "domicilios": 193, "situacao": "Urbana"}, "geometry": {"type": "Point", "coordinates": [-56.121901, -15.609624]}}, {"type": "Feature", "properties": {"codigo_setor": "510340305410106", "municipio": "Cuiabá", "populacao": 614, "domicilios": 240, "situacao": "Urbana"}, "geometry": {"type": "Point", "coordinates": [-56.114967, -15.596571]}}, {"type": "Feature", "properties": {"codigo_setor": "510340305410001", "municipio": "Cuiabá", "populacao": 200, "domicilios": 124, "situacao": "Urbana"}, "geometry": {"type": "Point", "coordinates": [-56.101223, -15.597142]}}, {"type": "Feature", "properties": {"codigo_setor": "510340305410090", "municipio": "Cuiabá", "populacao": 270, "domicilios": 167, "situacao": "Urbana"}, "geometry": {"type": "Point", "coordinates": [-56.104218, -15.597269]}}, {"type": "Feature", "properties": {"codigo_setor": "510340305410177", "municipio": "Cuiabá", "populacao": 12, "domicilios": 21, "situacao": "Urbana"}, "geometry": {"type": "Point", "coordinates": [-56.097921, -15.597701]}}, {"type": "Feature", "properties": {"codigo_setor": "510340305410095", "municipio": "Cuiabá", "populacao": 400, "domicilios": 220, "situacao": "Urbana"}, "geometry": {"type": "Point", "coordinates": [-56.108854, -15.596815]}}, {"type": "Feature", "properties": {"codigo_setor": "510340305410107", "municipio": "Cuiabá", "populacao": 770, "domicilios": 321, "situacao": "Urbana"}, "geometry": {"type": "Point", "coordinates": [-56.117517, -15.594101]}}, {"type": "Feature", "properties": {"codigo_setor": "510340305410089", "municipio": "Cuiabá", "populacao": 598, "domicilios": 273, "situacao": "Urbana"}, "geometry": {"type": "Point", "coordinates": [-56.105154, -15.5965]}}, {"type": "Feature", "properties": {"codigo_setor": "510340305410086", "municipio": "Cuiabá", "populacao": 48, "domicilios": 68, "situacao": "Urbana"}, "geometry": {"type": "Point", "coordinates": [-56.099712, -15.595191]}}, {"type": "Feature", "properties": {"codigo_setor": "510340305410149", "municipio": "Cuiabá", "populacao": 424, "domicilios": 204, "situacao": "Urbana"}, "geometry": {"type": "Point", "coordinates": [-56.105904, -15.595964]}}, {"type": "Feature", "properties": {"codigo_setor": "510340305410126", "municipio": "Cuiabá", "populacao": 420, "domicilios": 195, "situacao": "Urbana"}, "geometry": {"type": "Point", "coordinates": [-56.1057, -15.594227]}}, {"type": "Feature", "properties": {"codigo_setor": "510340305410124", "municipio": "Cuiabá", "populacao": 443, "domicilios": 253, "situacao": "Urbana"}, "geometry": {"type": "Point", "coordinates": [-56.107769, -15.594556]}}, {"type": "Feature", "properties": {"codigo_setor": "510340305410108", "municipio": "Cuiabá", "populacao": 44, "domicilios": 20, "situacao": "Urbana"}, "geometry": {"type": "Point", "coordinates": [-56.110674, -15.592188]}}, {"type": "Feature", "properties": {"codigo_setor": "510340305410088", "municipio": "Cuiabá", "populacao": 72, "domicilios": 47, "situacao": "Urbana"}, "geometry": {"type": "Point", "coordinates": [-56.103327, -15.594011]}}, {"type": "Feature", "properties": {"codigo_setor": "510340305410081", "municipio": "Cuiabá", "populacao": 65, "domicilios": 49, "situacao": "Urbana"}, "geometry": {"type": "Point", "coordinates": [-56.097738, -15.593034]}}, {"type": "Feature", "properties": {"codigo_setor": "510340305410125", "municipio": "Cuiabá", "populacao": 272, "domicilios": 136, "situacao": "Urbana"}, "geometry": {"type": "Point", "coordinates": [-56.107389, -15.592925]}}, {"type": "Feature", "properties": {"codigo_setor": "510340305410121", "municipio": "Cuiabá", "populacao": 542, "domicilios": 288, "situacao": "Urbana"}, "geometry": {"type": "Point", "coordinates": [-56.101505, -15.590327]}}, {"type": "Feature", "properties": {"codigo_setor": "510340305410087", "municipio": "Cuiabá", "populacao": 416, "domicilios": 228, "situacao": "Urbana"}, "geometry": {"type": "Point", "coordinates": [-56.09939, -15.590888]}}, {"type": "Feature", "properties": {"codigo_setor": "510340305410109", "municipio": "Cuiabá", "populacao": 1383, "domicilios": 607, "situacao": "Urbana"}, "geometry": {"type": "Point", "coordinates": [-56.11532, -15.590506]}}, {"type": "Feature", "properties": {"codigo_setor": "510340305410122", "municipio": "Cuiabá", "populacao": 319, "domicilios": 199, "situacao": "Urbana"}, "geometry": {"type": "Point", "coordinates": [-56.104111, -15.589767]}}, {"type": "Feature", "properties": {"codigo_setor": "510340305410148", "municipio": "Cuiabá", "populacao": 552, "domicilios": 263, "situacao": "Urbana"}, "geometry": {"type": "Point", "coordinates": [-56.097589, -15.589461]}}, {"type": "Feature", "properties": {"codigo_setor": "510340305410154", "municipio": "Cuiabá", "populacao": 322, "domicilios": 156, "situacao": "Urbana"}, "geometry": {"type": "Point", "coordinates": [-56.105524, -15.588976]}}, {"type": "Feature", "properties": {"codigo_setor": "510340305410110", "municipio": "Cuiabá", "populacao": 524, "domicilios": 261, "situacao": "Urbana"}, "geometry": {"type": "Point", "coordinates": [-56.113392, -15.588382]}}, {"type": "Feature", "properties": {"codigo_setor": "510340305410123", "municipio": "Cuiabá", "populacao": 186, "domicilios": 77, "situacao": "Urbana"}, "geometry": {"type": "Point", "coordinates": [-56.106853, -15.589224]}}, {"type": "Feature", "properties": {"codigo_setor": "510340305410180", "municipio": "Cuiabá", "populacao": 334, "domicilios": 149, "situacao": "Urbana"}, "geometry": {"type": "Point", "coordinates": [-56.108488, -15.588881]}}, {"type": "Feature", "properties": {"codigo_setor": "510340305410255", "municipio": "Cuiabá", "populacao": 512, "domicilios": 318, "situacao": "Urbana"}, "geometry": {"type": "Point", "coordinates": [-56.100618, -15.586876]}}, {"type": "Feature", "properties": {"codigo_setor": "510340305410111", "municipio": "Cuiabá", "populacao": 795, "domicilios": 348, "situacao": "Urbana"}, "geometry": {"type": "Point", "coordinates": [-56.111801, -15.587012]}}, {"type": "Feature", "properties": {"codigo_setor": "510340305410113", "municipio": "Cuiabá", "populacao": 463, "domicilios": 209, "situacao": "Urbana"}, "geometry": {"type": "Point", "coordinates": [-56.107529, -15.58702]}}, {"type": "Feature", "properties": {"codigo_setor": "510340305410254", "municipio": "Cuiabá", "populacao": 827, "domicilios": 347, "situacao": "Urbana"}, "geometry": {"type": "Point", "coordinates": [-56.103149, -15.585983]}}, {"type": "Feature", "properties": {"codigo_setor": "510340305410120", "municipio": "Cuiabá", "populacao": 427, "domicilios": 215, "situacao": "Urbana"}, "geometry": {"type": "Point", "coordinates": [-56.097969, -15.586313]}}, {"type": "Feature", "properties": {"codigo_setor": "510340305410184", "municipio": "Cuiabá", "populacao": 724, "domicilios": 371, "situacao": "Urbana"}, "geometry": {"type": "Point", "coordinates": [-56.105116, -15.586346]}}, {"type": "Feature", "properties": {"codigo_setor": "510340305410210", "municipio": "Cuiabá", "populacao": 733, "domicilios": 298, "situacao": "Urbana"}, "geometry": {"type": "Point", "coordinates": [-56.10911, -15.585962]}}, {"type": "Feature", "properties": {"codigo_setor": "510340305410112", "municipio": "Cuiabá", "populacao": 754, "domicilios": 381, "situacao": "Urbana"}, "geometry": {"type": "Point", "coordinates": [-56.111506, -15.585428]}}, {"type": "Feature", "properties": {"codigo_setor": "510340305410217", "municipio": "Cuiabá", "populacao": 423, "domicilios": 224, "situacao": "Urbana"}, "geometry": {"type": "Point", "coordinates": [-56.119358, -15.588492]}}, {"type": "Feature", "properties": {"codigo_setor": "510340305420047", "municipio": "Cuiabá", "populacao": 211, "domicilios": 143, "situacao": "Urbana"}, "geometry": {"type": "Point", "coordinates": [-56.08256, -15.619497]}}, {"type": "Feature", "properties": {"codigo_setor": "510340305420116", "municipio": "Cuiabá", "populacao": 253, "domicilios": 115, "situacao": "Urbana"}, "geometry": {"type": "Point", "coordinates": [-56.091536, -15.621581]}}, {"type": "Feature", "properties": {"codigo_setor": "510340310420188", "municipio": "Cuiabá", "populacao": 588, "domicilios": 256, "situacao": "Urbana"}, "geometry": {"type": "Point", "coordinates": [-56.06987, -15.628624]}}, {"type": "Feature", "properties": {"codigo_setor": "510340305420120", "municipio": "Cuiabá", "populacao": 416, "domicilios": 218, "situacao": "Urbana"}, "geometry": {"type": "Point", "coordinates": [-56.078836, -15.623046]}}, {"type": "Feature", "properties": {"codigo_setor": "510340305420052", "municipio": "Cuiabá", "populacao": 449, "domicilios": 177, "situacao": "Urbana"}, "geometry": {"type": "Point", "coordinates": [-56.079762, -15.625156]}}, {"type": "Feature", "properties": {"codigo_setor": "510340305420112", "municipio": "Cuiabá", "populacao": 471, "domicilios": 267, "situacao": "Urbana"}, "geometry": {"type": "Point", "coordinates": [-56.083782, -15.61713]}}, {"type": "Feature", "properties": {"codigo_setor": "510340305420096", "municipio": "Cuiabá", "populacao": 357, "domicilios": 210, "situacao": "Urbana"}, "geometry": {"type": "Point", "coordinates": [-56.077862, -15.625565]}}, {"type": "Feature", "properties": {"codigo_setor": "510340310420080", "municipio": "Cuiabá", "populacao": 477, "domicilios": 233, "situacao": "Urbana"}, "geometry": {"type": "Point", "coordinates": [-56.076302, -15.627339]}}, {"type": "Feature", "properties": {"codigo_setor": "510340305420051", "municipio": "Cuiabá", "populacao": 822, "domicilios": 400, "situacao": "Urbana"}, "geometry": {"type": "Point", "coordinates": [-56.081371, -15.623873]}}, {"type": "Feature", "properties": {"codigo_setor": "510340305420045", "municipio": "Cuiabá", "populacao": 523, "domicilios": 320, "situacao": "Urbana"}, "geometry": {"type": "Point", "coordinates": [-56.078304, -15.618649]}}, {"type": "Feature", "properties": {"codigo_setor": "510340305420097", "municipio": "Cuiabá", "populacao": 552, "domicilios": 343, "situacao": "Urbana"}, "geometry": {"type": "Point", "coordinates": [-56.082857, -15.623528]}}, {"type": "Feature", "properties": {"codigo_setor": "510840220000083", "municipio": "Várzea Grande", "populacao": 574, "domicilios": 204, "situacao": "Urbana"}, "geometry": {"type": "Point", "coordinates": [-56.08602, -15.641768]}}, {"type": "Feature", "properties": {"codigo_setor": "510340305420145", "municipio": "Cuiabá", "populacao": 601, "domicilios": 318, "situacao": "Urbana"}, "geometry": {"type": "Point", "coordinates": [-56.07728, -15.615301]}}, {"type": "Feature", "properties": {"codigo_setor": "510340310420057", "municipio": "Cuiabá", "populacao": 895, "domicilios": 334, "situacao": "Urbana"}, "geometry": {"type": "Point", "coordinates": [-56.078497, -15.632749]}}, {"type": "Feature", "properties": {"codigo_setor": "510340305420057", "municipio": "Cuiabá", "populacao": 396, "domicilios": 176, "situacao": "Urbana"}, "geometry": {"type": "Point", "coordinates": [-56.091009, -15.619375]}}, {"type": "Feature", "properties": {"codigo_setor": "510340305420070", "municipio": "Cuiabá", "populacao": 427, "domicilios": 191, "situacao": "Urbana"}, "geometry": {"type": "Point", "coordinates": [-56.088936, -15.615323]}}, {"type": "Feature", "properties": {"codigo_setor": "510340305420053", "municipio": "Cuiabá", "populacao": 422, "domicilios": 277, "situacao": "Urbana"}, "geometry": {"type": "Point", "coordinates": [-56.084639, -15.62322]}}, {"type": "Feature", "properties": {"codigo_setor": "510340305420050", "municipio": "Cuiabá", "populacao": 198, "domicilios": 112, "situacao": "Urbana"}, "geometry": {"type": "Point", "coordinates": [-56.080688, -15.622101]}}, {"type": "Feature", "properties": {"codigo_setor": "510340305420049", "municipio": "Cuiabá", "populacao": 456, "domicilios": 227, "situacao": "Urbana"}, "geometry": {"type": "Point", "coordinates": [-56.077459, -15.622985]}}, {"type": "Feature", "properties": {"codigo_setor": "510840220000063", "municipio": "Várzea Grande", "populacao": 477, "domicilios": 178, "situacao": "Urbana"}, "geometry": {"type": "Point", "coordinates": [-56.110613, -15.639629]}}, {"type": "Feature", "properties": {"codigo_setor": "510340305420046", "municipio": "Cuiabá", "populacao": 542, "domicilios": 250, "situacao": "Urbana"}, "geometry": {"type": "Point", "coordinates": [-56.083744, -15.615104]}}, {"type": "Feature", "properties": {"codigo_setor": "510340305420048", "municipio": "Cuiabá", "populacao": 698, "domicilios": 345, "situacao": "Urbana"}, "geometry": {"type": "Point", "coordinates": [-56.080969, -15.618497]}}, {"type": "Feature", "properties": {"codigo_setor": "510340305420127", "municipio": "Cuiabá", "populacao": 719, "domicilios": 409, "situacao": "Urbana"}, "geometry": {"type": "Point", "coordinates": [-56.084223, -15.6278]}}, {"type": "Feature", "properties": {"codigo_setor": "510340310420058", "municipio": "Cuiabá", "populacao": 517, "domicilios": 198, "situacao": "Urbana"}, "geometry": {"type": "Point", "coordinates": [-56.078936, -15.631936]}}, {"type": "Feature", "properties": {"codigo_setor": "510840220000055", "municipio": "Várzea Grande", "populacao": 1010, "domicilios": 381, "situacao": "Urbana"}, "geometry": {"type": "Point", "coordinates": [-56.083494, -15.666897]}}, {"type": "Feature", "properties": {"codigo_setor": "510840220000081", "municipio": "Várzea Grande", "populacao": 629, "domicilios": 265, "situacao": "Urbana"}, "geometry": {"type": "Point", "coordinates": [-56.095827, -15.665558]}}, {"type": "Feature", "properties": {"codigo_setor": "510840220000012", "municipio": "Várzea Grande", "populacao": 667, "domicilios": 250, "situacao": "Urbana"}, "geometry": {"type": "Point", "coordinates": [-56.108906, -15.640485]}}, {"type": "Feature", "properties": {"codigo_setor": "510340305420128", "municipio": "Cuiabá", "populacao": 438, "domicilios": 263, "situacao": "Urbana"}, "geometry": {"type": "Point", "coordinates": [-56.082813, -15.628389]}}, {"type": "Feature", "properties": {"codigo_setor": "510340305420056", "municipio": "Cuiabá", "populacao": 636, "domicilios": 313, "situacao": "Urbana"}, "geometry": {"type": "Point", "coordinates": [-56.086889, -15.617696]}}, {"type": "Feature", "properties": {"codigo_setor": "510340305420111", "municipio": "Cuiabá", "populacao": 569, "domicilios": 235, "situacao": "Urbana"}, "geometry": {"type": "Point", "coordinates": [-56.079987, -15.61459]}}, {"type": "Feature", "properties": {"codigo_setor": "510340310420187", "municipio": "Cuiabá", "populacao": 377, "domicilios": 153, "situacao": "Urbana"}, "geometry": {"type": "Point", "coordinates": [-56.070196, -15.62605]}}, {"type": "Feature", "properties": {"codigo_setor": "510840220000017", "municipio": "Várzea Grande", "populacao": 439, "domicilios": 218, "situacao": "Urbana"}, "geometry": {"type": "Point", "coordinates": [-56.105267, -15.638361]}}, {"type": "Feature", "properties": {"codigo_setor": "510340305420115", "municipio": "Cuiabá", "populacao": 543, "domicilios": 255, "situacao": "Urbana"}, "geometry": {"type": "Point", "coordinates": [-56.085539, -15.614493]}}, {"type": "Feature", "properties": {"codigo_setor": "510840220000056", "municipio": "Várzea Grande", "populacao": 741, "domicilios": 295, "situacao": "Urbana"}, "geometry": {"type": "Point", "coordinates": [-56.08325, -15.669135]}}, {"type": "Feature", "properties": {"codigo_setor": "510340305420114", "municipio": "Cuiabá", "populacao": 253, "domicilios": 197, "situacao": "Urbana"}, "geometry": {"type": "Point", "coordinates": [-56.087149, -15.622558]}}, {"type": "Feature", "properties": {"codigo_setor": "510340305420099", "municipio": "Cuiabá", "populacao": 538, "domicilios": 302, "situacao": "Urbana"}, "geometry": {"type": "Point", "coordinates": [-56.085068, -15.620435]}}, {"type": "Feature", "properties": {"codigo_setor": "510840220000042", "municipio": "Várzea Grande", "populacao": 715, "domicilios": 279, "situacao": "Urbana"}, "geometry": {"type": "Point", "coordinates": [-56.101475, -15.640301]}}, {"type": "Feature", "properties": {"codigo_setor": "510840220000047", "municipio": "Várzea Grande", "populacao": 646, "domicilios": 316, "situacao": "Urbana"}, "geometry": {"type": "Point", "coordinates": [-56.082468, -15.641317]}}, {"type": "Feature", "properties": {"codigo_setor": "510340305420055", "municipio": "Cuiabá", "populacao": 528, "domicilios": 357, "situacao": "Urbana"}, "geometry": {"type": "Point", "coordinates": [-56.086649, -15.618783]}}, {"type": "Feature", "properties": {"codigo_setor": "510340305420072", "municipio": "Cuiabá", "populacao": 545, "domicilios": 196, "situacao": "Urbana"}, "geometry": {"type": "Point", "coordinates": [-56.090963, -15.617006]}}, {"type": "Feature", "properties": {"codigo_setor": "510340305420113", "municipio": "Cuiabá", "populacao": 3, "domicilios": 2, "situacao": "Urbana"}, "geometry": {"type": "Point", "coordinates": [-56.087559, -15.623401]}}, {"type": "Feature", "properties": {"codigo_setor": "510340305420129", "municipio": "Cuiabá", "populacao": 466, "domicilios": 275, "situacao": "Urbana"}, "geometry": {"type": "Point", "coordinates": [-56.081469, -15.63063]}}, {"type": "Feature", "properties": {"codigo_setor": "510340305420054", "municipio": "Cuiabá", "populacao": 508, "domicilios": 239, "situacao": "Urbana"}, "geometry": {"type": "Point", "coordinates": [-56.089043, -15.624708]}}, {"type": "Feature", "properties": {"codigo_setor": "510840220000078", "municipio": "Várzea Grande", "populacao": 74, "domicilios": 57, "situacao": "Urbana"}, "geometry": {"type": "Point", "coordinates": [-56.077879, -15.661207]}}, {"type": "Feature", "properties": {"codigo_setor": "510840220000084", "municipio": "Várzea Grande", "populacao": 478, "domicilios": 180, "situacao": "Urbana"}, "geometry": {"type": "Point", "coordinates": [-56.084724, -15.646043]}}, {"type": "Feature", "properties": {"codigo_setor": "510840220000087", "municipio": "Várzea Grande", "populacao": 476, "domicilios": 183, "situacao": "Urbana"}, "geometry": {"type": "Point", "coordinates": [-56.084724, -15.639591]}}, {"type": "Feature", "properties": {"codigo_setor": "510840220000090", "municipio": "Várzea Grande", "populacao": 3588, "domicilios": 1414, "situacao": "Urbana"}, "geometry": {"type": "Point", "coordinates": [-56.087408, -15.651676]}}, {"type": "Feature", "properties": {"codigo_setor": "510840220000091", "municipio": "Várzea Grande", "populacao": 80, "domicilios": 62, "situacao": "Urbana"}, "geometry": {"type": "Point", "coordinates": [-56.085573, -15.643955]}}, {"type": "Feature", "properties": {"codigo_setor": "510840220000092", "municipio": "Várzea Grande", "populacao": 0, "domicilios": 1, "situacao": "Urbana"}, "geometry": {"type": "Point", "coordinates": [-56.094828, -15.632518]}}, {"type": "Feature", "properties": {"codigo_setor": "510840220000093", "municipio": "Várzea Grande", "populacao": 554, "domicilios": 204, "situacao": "Urbana"}, "geometry": {"type": "Point", "coordinates": [-56.084805, -15.644209]}}, {"type": "Feature", "properties": {"codigo_setor": "510300705000057", "municipio": "Chapada dos Guimarães", "populacao": 78, "domicilios": 128, "situacao": "Rural"}, "geometry": {"type": "Point", "coordinates": [-55.793463, -15.388865]}}, {"type": "Feature", "properties": {"codigo_setor": "510300705000059", "municipio": "Chapada dos Guimarães", "populacao": 121, "domicilios": 119, "situacao": "Rural"}, "geometry": {"type": "Point", "coordinates": [-55.747574, -15.394377]}}, {"type": "Feature", "properties": {"codigo_setor": "510300705000060", "municipio": "Chapada dos Guimarães", "populacao": 100, "domicilios": 55, "situacao": "Urbana"}, "geometry": {"type": "Point", "coordinates": [-55.737883, -15.433905]}}, {"type": "Feature", "properties": {"codigo_setor": "510300705000015", "municipio": "Chapada dos Guimarães", "populacao": 115, "domicilios": 146, "situacao": "Rural"}, "geometry": {"type": "Point", "coordinates": [-55.697912, -15.279737]}}, {"type": "Feature", "properties": {"codigo_setor": "510300705000016", "municipio": "Chapada dos Guimarães", "populacao": 4, "domicilios": 8, "situacao": "Rural"}, "geometry": {"type": "Point", "coordinates": [-55.821907, -15.322375]}}, {"type": "Feature", "properties": {"codigo_setor": "510300705000054", "municipio": "Chapada dos Guimarães", "populacao": 57, "domicilios": 38, "situacao": "Rural"}, "geometry": {"type": "Point", "coordinates": [-55.553202, -15.35784]}}, {"type": "Feature", "properties": {"codigo_setor": "510300705000018", "municipio": "Chapada dos Guimarães", "populacao": 376, "domicilios": 209, "situacao": "Rural"}, "geometry": {"type": "Point", "coordinates": [-55.61466, -15.170752]}}, {"type": "Feature", "properties": {"codigo_setor": "510300705000033", "municipio": "Chapada dos Guimarães", "populacao": 155, "domicilios": 92, "situacao": "Rural"}, "geometry": {"type": "Point", "coordinates": [-55.607353, -15.264685]}}, {"type": "Feature", "properties": {"codigo_setor": "510300710000002", "municipio": "Chapada dos Guimarães", "populacao": 212, "domicilios": 175, "situacao": "Rural"}, "geometry": {"type": "Point", "coordinates": [-55.792599, -15.199728]}}, {"type": "Feature", "properties": {"codigo_setor": "510300710000001", "municipio": "Chapada dos Guimarães", "populacao": 365, "domicilios": 225, "situacao": "Urbana"}, "geometry": {"type": "Point", "coordinates": [-55.75466, -15.182041]}}, {"type": "Feature", "properties": {"codigo_setor": "510300705000019", "municipio": "Chapada dos Guimarães", "populacao": 334, "domicilios": 288, "situacao": "Rural"}, "geometry": {"type": "Point", "coordinates": [-55.648785, -15.034369]}}, {"type": "Feature", "properties": {"codigo_setor": "510300705000032", "municipio": "Chapada dos Guimarães", "populacao": 276, "domicilios": 161, "situacao": "Rural"}, "geometry": {"type": "Point", "coordinates": [-55.657438, -15.085299]}}, {"type": "Feature", "properties": {"codigo_setor": "510300705000012", "municipio": "Chapada dos Guimarães", "populacao": 110, "domicilios": 121, "situacao": "Rural"}, "geometry": {"type": "Point", "coordinates": [-55.588139, -14.933894]}}, {"type": "Feature", "properties": {"codigo_setor": "510300705000055", "municipio": "Chapada dos Guimarães", "populacao": 134, "domicilios": 157, "situacao": "Rural"}, "geometry": {"type": "Point", "coordinates": [-55.837234, -14.905601]}}, {"type": "Feature", "properties": {"codigo_setor": "510300705000056", "municipio": "Chapada dos Guimarães", "populacao": 3, "domicilios": 60, "situacao": "Urbana"}, "geometry": {"type": "Point", "coordinates": [-55.784502, -14.94993]}}, {"type": "Feature", "properties": {"codigo_setor": "510300705000051", "municipio": "Chapada dos Guimarães", "populacao": 319, "domicilios": 438, "situacao": "Rural"}, "geometry": {"type": "Point", "coordinates": [-55.601948, -14.722272]}}, {"type": "Feature", "properties": {"codigo_setor": "510300705000052", "municipio": "Chapada dos Guimarães", "populacao": 193, "domicilios": 148, "situacao": "Rural"}, "geometry": {"type": "Point", "coordinates": [-55.695312, -14.793511]}}, {"type": "Feature", "properties": {"codigo_setor": "510300710000004", "municipio": "Chapada dos Guimarães", "populacao": 289, "domicilios": 241, "situacao": "Rural"}, "geometry": {"type": "Point", "coordinates": [-55.828798, -15.160197]}}, {"type": "Feature", "properties": {"codigo_setor": "510300710000005", "municipio": "Chapada dos Guimarães", "populacao": 255, "domicilios": 251, "situacao": "Rural"}, "geometry": {"type": "Point", "coordinates": [-55.734343, -15.114998]}}, {"type": "Feature", "properties": {"codigo_setor": "510300710000006", "municipio": "Chapada dos Guimarães", "populacao": 421, "domicilios": 341, "situacao": "Rural"}, "geometry": {"type": "Point", "coordinates": [-55.866014, -15.001247]}}, {"type": "Feature", "properties": {"codigo_setor": "510300710000008", "municipio": "Chapada dos Guimarães", "populacao": 165, "domicilios": 141, "situacao": "Rural"}, "geometry": {"type": "Point", "coordinates": [-56.020805, -15.057432]}}, {"type": "Feature", "properties": {"codigo_setor": "510300710000010", "municipio": "Chapada dos Guimarães", "populacao": 168, "domicilios": 158, "situacao": "Rural"}, "geometry": {"type": "Point", "coordinates": [-55.792593, -15.082652]}}, {"type": "Feature", "properties": {"codigo_setor": "510300710000011", "municipio": "Chapada dos Guimarães", "populacao": 38, "domicilios": 62, "situacao": "Urbana"}, "geometry": {"type": "Point", "coordinates": [-55.742531, -15.030253]}}, {"type": "Feature", "properties": {"codigo_setor": "510300705000043", "municipio": "Chapada dos Guimarães", "populacao": 497, "domicilios": 443, "situacao": "Urbana"}, "geometry": {"type": "Point", "coordinates": [-55.772064, -15.434799]}}, {"type": "Feature", "properties": {"codigo_setor": "510300705000035", "municipio": "Chapada dos Guimarães", "populacao": 4, "domicilios": 4, "situacao": "Rural"}, "geometry": {"type": "Point", "coordinates": [-55.848263, -15.422525]}}, {"type": "Feature", "properties": {"codigo_setor": "510300705000058", "municipio": "Chapada dos Guimarães", "populacao": 117, "domicilios": 135, "situacao": "Rural"}, "geometry": {"type": "Point", "coordinates": [-55.690241, -15.398853]}}, {"type": "Feature", "properties": {"codigo_setor": "510300710000003", "municipio": "Chapada dos Guimarães", "populacao": 6, "domicilios": 3, "situacao": "Rural"}, "geometry": {"type": "Point", "coordinates": [-55.888577, -15.259913]}}, {"type": "Feature", "properties": {"codigo_setor": "510300705000020", "municipio": "Chapada dos Guimarães", "populacao": 141, "domicilios": 91, "situacao": "Rural"}, "geometry": {"type": "Point", "coordinates": [-55.597887, -15.430929]}}, {"type": "Feature", "properties": {"codigo_setor": "510300705000017", "municipio": "Chapada dos Guimarães", "populacao": 270, "domicilios": 380, "situacao": "Rural"}, "geometry": {"type": "Point", "coordinates": [-55.622269, -15.377812]}}, {"type": "Feature", "properties": {"codigo_setor": "510300705000007", "municipio": "Chapada dos Guimarães", "populacao": 271, "domicilios": 252, "situacao": "Urbana"}, "geometry": {"type": "Point", "coordinates": [-55.744123, -15.442878]}}, {"type": "Feature", "properties": {"codigo_setor": "510300705000044", "municipio": "Chapada dos Guimarães", "populacao": 478, "domicilios": 315, "situacao": "Urbana"}, "geometry": {"type": "Point", "coordinates": [-55.758795, -15.440945]}}, {"type": "Feature", "properties": {"codigo_setor": "510300705000009", "municipio": "Chapada dos Guimarães", "populacao": 250, "domicilios": 215, "situacao": "Urbana"}, "geometry": {"type": "Point", "coordinates": [-55.740877, -15.451327]}}, {"type": "Feature", "properties": {"codigo_setor": "510300705000045", "municipio": "Chapada dos Guimarães", "populacao": 58, "domicilios": 53, "situacao": "Urbana"}, "geometry": {"type": "Point", "coordinates": [-55.746307, -15.442854]}}, {"type": "Feature", "properties": {"codigo_setor": "510300705000046", "municipio": "Chapada dos Guimarães", "populacao": 77, "domicilios": 55, "situacao": "Urbana"}, "geometry": {"type": "Point", "coordinates": [-55.730232, -15.451996]}}, {"type": "Feature", "properties": {"codigo_setor": "510300705000042", "municipio": "Chapada dos Guimarães", "populacao": 48, "domicilios": 63, "situacao": "Urbana"}, "geometry": {"type": "Point", "coordinates": [-55.779459, -15.44333]}}, {"type": "Feature", "properties": {"codigo_setor": "510300705000038", "municipio": "Chapada dos Guimarães", "populacao": 66, "domicilios": 64, "situacao": "Rural"}, "geometry": {"type": "Point", "coordinates": [-55.800703, -15.443378]}}, {"type": "Feature", "properties": {"codigo_setor": "510300705000047", "municipio": "Chapada dos Guimarães", "populacao": 1092, "domicilios": 413, "situacao": "Urbana"}, "geometry": {"type": "Point", "coordinates": [-55.729218, -15.454303]}}, {"type": "Feature", "properties": {"codigo_setor": "510300705000023", "municipio": "Chapada dos Guimarães", "populacao": 846, "domicilios": 344, "situacao": "Urbana"}, "geometry": {"type": "Point", "coordinates": [-55.73111, -15.467182]}}, {"type": "Feature", "properties": {"codigo_setor": "510340305000016", "municipio": "Cuiabá", "populacao": 136, "domicilios": 76, "situacao": "Urbana"}, "geometry": {"type": "Point", "coordinates": [-56.068996, -15.490678]}}, {"type": "Feature", "properties": {"codigo_setor": "510340310000003", "municipio": "Cuiabá", "populacao": 1, "domicilios": 2, "situacao": "Rural"}, "geometry": {"type": "Point", "coordinates": [-55.870821, -15.444094]}}, {"type": "Feature", "properties": {"codigo_setor": "510340315000003", "municipio": "Cuiabá", "populacao": 27, "domicilios": 52, "situacao": "Rural"}, "geometry": {"type": "Point", "coordinates": [-55.885353, -15.344041]}}, {"type": "Feature", "properties": {"codigo_setor": "510340315000006", "municipio": "Cuiabá", "populacao": 381, "domicilios": 412, "situacao": "Rural"}, "geometry": {"type": "Point", "coordinates": [-55.967634, -15.335699]}}, {"type": "Feature", "properties": {"codigo_setor": "510340315000008", "municipio": "Cuiabá", "populacao": 228, "domicilios": 336, "situacao": "Rural"}, "geometry": {"type": "Point", "coordinates": [-55.906757, -15.407352]}}, {"type": "Feature", "properties": {"codigo_setor": "510340315000010", "municipio": "Cuiabá", "populacao": 988, "domicilios": 382, "situacao": "Rural"}, "geometry": {"type": "Point", "coordinates": [-56.025961, -15.430948]}}, {"type": "Feature", "properties": {"codigo_setor": "510340315000011", "municipio": "Cuiabá", "populacao": 228, "domicilios": 63, "situacao": "Rural"}, "geometry": {"type": "Point", "coordinates": [-55.994856, -15.390746]}}, {"type": "Feature", "properties": {"codigo_setor": "510340330000004", "municipio": "Cuiabá", "populacao": 72, "domicilios": 112, "situacao": "Rural"}, "geometry": {"type": "Point", "coordinates": [-55.960014, -15.136599]}}, {"type": "Feature", "properties": {"codigo_setor": "510770120000001", "municipio": "Rosário Oeste", "populacao": 248, "domicilios": 161, "situacao": "Rural"}, "geometry": {"type": "Point", "coordinates": [-55.954435, -14.79407]}}, {"type": "Feature", "properties": {"codigo_setor": "510340305420006", "municipio": "Cuiabá", "populacao": 337, "domicilios": 173, "situacao": "Urbana"}, "geometry": {"type": "Point", "coordinates": [-56.087023, -15.601024]}}, {"type": "Feature", "properties": {"codigo_setor": "510340305420079", "municipio": "Cuiabá", "populacao": 412, "domicilios": 201, "situacao": "Urbana"}, "geometry": {"type": "Point", "coordinates": [-56.093332, -15.600505]}}, {"type": "Feature", "properties": {"codigo_setor": "510340305420080", "municipio": "Cuiabá", "populacao": 386, "domicilios": 243, "situacao": "Urbana"}, "geometry": {"type": "Point", "coordinates": [-56.091017, -15.598782]}}, {"type": "Feature", "properties": {"codigo_setor": "510340305420007", "municipio": "Cuiabá", "populacao": 368, "domicilios": 211, "situacao": "Urbana"}, "geometry": {"type": "Point", "coordinates": [-56.088383, -15.597546]}}, {"type": "Feature", "properties": {"codigo_setor": "510340305410084", "municipio": "Cuiabá", "populacao": 13, "domicilios": 22, "situacao": "Urbana"}, "geometry": {"type": "Point", "coordinates": [-56.095881, -15.597324]}}, {"type": "Feature", "properties": {"codigo_setor": "510340305420008", "municipio": "Cuiabá", "populacao": 539, "domicilios": 290, "situacao": "Urbana"}, "geometry": {"type": "Point", "coordinates": [-56.08589, -15.596812]}}, {"type": "Feature", "properties": {"codigo_setor": "510340305410175", "municipio": "Cuiabá", "populacao": 146, "domicilios": 154, "situacao": "Urbana"}, "geometry": {"type": "Point", "coordinates": [-56.09454, -15.596128]}}, {"type": "Feature", "properties": {"codigo_setor": "510340305420009", "municipio": "Cuiabá", "populacao": 625, "domicilios": 317, "situacao": "Urbana"}, "geometry": {"type": "Point", "coordinates": [-56.082872, -15.595006]}}, {"type": "Feature", "properties": {"codigo_setor": "510340305410083", "municipio": "Cuiabá", "populacao": 223, "domicilios": 106, "situacao": "Urbana"}, "geometry": {"type": "Point", "coordinates": [-56.095921, -15.594318]}}, {"type": "Feature", "properties": {"codigo_setor": "510340305410176", "municipio": "Cuiabá", "populacao": 43, "domicilios": 43, "situacao": "Urbana"}, "geometry": {"type": "Point", "coordinates": [-56.093424, -15.594174]}}, {"type": "Feature", "properties": {"codigo_setor": "510340305420011", "municipio": "Cuiabá", "populacao": 443, "domicilios": 241, "situacao": "Urbana"}, "geometry": {"type": "Point", "coordinates": [-56.090694, -15.593523]}}, {"type": "Feature", "properties": {"codigo_setor": "510340305410147", "municipio": "Cuiabá", "populacao": 118, "domicilios": 123, "situacao": "Urbana"}, "geometry": {"type": "Point", "coordinates": [-56.093958, -15.5931]}}, {"type": "Feature", "properties": {"codigo_setor": "510340305420012", "municipio": "Cuiabá", "populacao": 366, "domicilios": 213, "situacao": "Urbana"}, "geometry": {"type": "Point", "coordinates": [-56.088249, -15.59231]}}, {"type": "Feature", "properties": {"codigo_setor": "510340305410082", "municipio": "Cuiabá", "populacao": 276, "domicilios": 160, "situacao": "Urbana"}, "geometry": {"type": "Point", "coordinates": [-56.095938, -15.591532]}}, {"type": "Feature", "properties": {"codigo_setor": "510340305410080", "municipio": "Cuiabá", "populacao": 296, "domicilios": 210, "situacao": "Urbana"}, "geometry": {"type": "Point", "coordinates": [-56.095385, -15.588778]}}, {"type": "Feature", "properties": {"codigo_setor": "510340305410250", "municipio": "Cuiabá", "populacao": 546, "domicilios": 344, "situacao": "Urbana"}, "geometry": {"type": "Point", "coordinates": [-56.093176, -15.587949]}}, {"type": "Feature", "properties": {"codigo_setor": "510340305410146", "municipio": "Cuiabá", "populacao": 432, "domicilios": 253, "situacao": "Urbana"}, "geometry": {"type": "Point", "coordinates": [-56.095995, -15.586771]}}, {"type": "Feature", "properties": {"codigo_setor": "510340305410143", "municipio": "Cuiabá", "populacao": 424, "domicilios": 235, "situacao": "Urbana"}, "geometry": {"type": "Point", "coordinates": [-56.083719, -15.587449]}}, {"type": "Feature", "properties": {"codigo_setor": "510340305410251", "municipio": "Cuiabá", "populacao": 273, "domicilios": 165, "situacao": "Urbana"}, "geometry": {"type": "Point", "coordinates": [-56.090923, -15.58651]}}, {"type": "Feature", "properties": {"codigo_setor": "510340305420081", "municipio": "Cuiabá", "populacao": 337, "domicilios": 222, "situacao": "Urbana"}, "geometry": {"type": "Point", "coordinates": [-56.092571, -15.590758]}}, {"type": "Feature", "properties": {"codigo_setor": "510340305420082", "municipio": "Cuiabá", "populacao": 600, "domicilios": 290, "situacao": "Urbana"}, "geometry": {"type": "Point", "coordinates": [-56.09013, -15.588267]}}, {"type": "Feature", "properties": {"codigo_setor": "510340305420083", "municipio": "Cuiabá", "populacao": 555, "domicilios": 334, "situacao": "Urbana"}, "geometry": {"type": "Point", "coordinates": [-56.086998, -15.588434]}}, {"type": "Feature", "properties": {"codigo_setor": "510340305420084", "municipio": "Cuiabá", "populacao": 792, "domicilios": 346, "situacao": "Urbana"}, "geometry": {"type": "Point", "coordinates": [-56.08452, -15.599383]}}, {"type": "Feature", "properties": {"codigo_setor": "510340305420085", "municipio": "Cuiabá", "populacao": 378, "domicilios": 218, "situacao": "Urbana"}, "geometry": {"type": "Point", "coordinates": [-56.089893, -15.595329]}}, {"type": "Feature", "properties": {"codigo_setor": "510340305420086", "municipio": "Cuiabá", "populacao": 472, "domicilios": 264, "situacao": "Urbana"}, "geometry": {"type": "Point", "coordinates": [-56.08585, -15.593793]}}, {"type": "Feature", "properties": {"codigo_setor": "510340305420088", "municipio": "Cuiabá", "populacao": 277, "domicilios": 202, "situacao": "Urbana"}, "geometry": {"type": "Point", "coordinates": [-56.085114, -15.589749]}}, {"type": "Feature", "properties": {"codigo_setor": "510340305410078", "municipio": "Cuiabá", "populacao": 436, "domicilios": 230, "situacao": "Urbana"}, "geometry": {"type": "Point", "coordinates": [-56.092052, -15.585375]}}, {"type": "Feature", "properties": {"codigo_setor": "510340305410069", "municipio": "Cuiabá", "populacao": 83, "domicilios": 48, "situacao": "Urbana"}, "geometry": {"type": "Point", "coordinates": [-56.085903, -15.586237]}}, {"type": "Feature", "properties": {"codigo_setor": "510340305410145", "municipio": "Cuiabá", "populacao": 275, "domicilios": 151, "situacao": "Urbana"}, "geometry": {"type": "Point", "coordinates": [-56.092129, -15.584522]}}, {"type": "Feature", "properties": {"codigo_setor": "510340305410119", "municipio": "Cuiabá", "populacao": 739, "domicilios": 354, "situacao": "Urbana"}, "geometry": {"type": "Point", "coordinates": [-56.095249, -15.584056]}}, {"type": "Feature", "properties": {"codigo_setor": "510340305410174", "municipio": "Cuiabá", "populacao": 87, "domicilios": 52, "situacao": "Urbana"}, "geometry": {"type": "Point", "coordinates": [-56.089399, -15.584945]}}, {"type": "Feature", "properties": {"codigo_setor": "510340305410226", "municipio": "Cuiabá", "populacao": 463, "domicilios": 219, "situacao": "Urbana"}, "geometry": {"type": "Point", "coordinates": [-56.086227, -15.584708]}}, {"type": "Feature", "properties": {"codigo_setor": "510340305410225", "municipio": "Cuiabá", "populacao": 400, "domicilios": 176, "situacao": "Urbana"}, "geometry": {"type": "Point", "coordinates": [-56.084154, -15.583984]}}, {"type": "Feature", "properties": {"codigo_setor": "510340305410070", "municipio": "Cuiabá", "populacao": 701, "domicilios": 379, "situacao": "Urbana"}, "geometry": {"type": "Point", "coordinates": [-56.086535, -15.58309]}}, {"type": "Feature", "properties": {"codigo_setor": "510340305410183", "municipio": "Cuiabá", "populacao": 410, "domicilios": 184, "situacao": "Urbana"}, "geometry": {"type": "Point", "coordinates": [-56.093105, -15.58109]}}, {"type": "Feature", "properties": {"codigo_setor": "510340305410167", "municipio": "Cuiabá", "populacao": 858, "domicilios": 375, "situacao": "Urbana"}, "geometry": {"type": "Point", "coordinates": [-56.089592, -15.577493]}}, {"type": "Feature", "properties": {"codigo_setor": "510340305410071", "municipio": "Cuiabá", "populacao": 506, "domicilios": 286, "situacao": "Urbana"}, "geometry": {"type": "Point", "coordinates": [-56.084541, -15.580979]}}, {"type": "Feature", "properties": {"codigo_setor": "510340305410118", "municipio": "Cuiabá", "populacao": 637, "domicilios": 284, "situacao": "Urbana"}, "geometry": {"type": "Point", "coordinates": [-56.095171, -15.580626]}}, {"type": "Feature", "properties": {"codigo_setor": "510340305410249", "municipio": "Cuiabá", "populacao": 486, "domicilios": 269, "situacao": "Urbana"}, "geometry": {"type": "Point", "coordinates": [-56.084829, -15.579757]}}, {"type": "Feature", "properties": {"codigo_setor": "510340305410142", "municipio": "Cuiabá", "populacao": 571, "domicilios": 304, "situacao": "Urbana"}, "geometry": {"type": "Point", "coordinates": [-56.093168, -15.577737]}}, {"type": "Feature", "properties": {"codigo_setor": "510340305410248", "municipio": "Cuiabá", "populacao": 393, "domicilios": 190, "situacao": "Urbana"}, "geometry": {"type": "Point", "coordinates": [-56.085405, -15.578279]}}, {"type": "Feature", "properties": {"codigo_setor": "510340305410073", "municipio": "Cuiabá", "populacao": 589, "domicilios": 323, "situacao": "Urbana"}, "geometry": {"type": "Point", "coordinates": [-56.085831, -15.577359]}}, {"type": "Feature", "properties": {"codigo_setor": "510340305410247", "municipio": "Cuiabá", "populacao": 564, "domicilios": 308, "situacao": "Urbana"}, "geometry": {"type": "Point", "coordinates": [-56.093592, -15.575867]}}, {"type": "Feature", "properties": {"codigo_setor": "510340305410074", "municipio": "Cuiabá", "populacao": 295, "domicilios": 129, "situacao": "Urbana"}, "geometry": {"type": "Point", "coordinates": [-56.086237, -15.577012]}}, {"type": "Feature", "properties": {"codigo_setor": "510340305410075", "municipio": "Cuiabá", "populacao": 600, "domicilios": 281, "situacao": "Urbana"}, "geometry": {"type": "Point", "coordinates": [-56.083975, -15.575637]}}, {"type": "Feature", "properties": {"codigo_setor": "510340305410171", "municipio": "Cuiabá", "populacao": 304, "domicilios": 163, "situacao": "Urbana"}, "geometry": {"type": "Point", "coordinates": [-56.086296, -15.574862]}}, {"type": "Feature", "properties": {"codigo_setor": "510340305410239", "municipio": "Cuiabá", "populacao": 348, "domicilios": 135, "situacao": "Urbana"}, "geometry": {"type": "Point", "coordinates": [-56.083445, -15.573474]}}, {"type": "Feature", "properties": {"codigo_setor": "510340305410246", "municipio": "Cuiabá", "populacao": 364, "domicilios": 197, "situacao": "Urbana"}, "geometry": {"type": "Point", "coordinates": [-56.095751, -15.573091]}}, {"type": "Feature", "properties": {"codigo_setor": "510340305410076", "municipio": "Cuiabá", "populacao": 476, "domicilios": 225, "situacao": "Urbana"}, "geometry": {"type": "Point", "coordinates": [-56.084812, -15.573032]}}, {"type": "Feature", "properties": {"codigo_setor": "510340305410144", "municipio": "Cuiabá", "populacao": 380, "domicilios": 183, "situacao": "Urbana"}, "geometry": {"type": "Point", "coordinates": [-56.083927, -15.572675]}}, {"type": "Feature", "properties": {"codigo_setor": "510340305410061", "municipio": "Cuiabá", "populacao": 546, "domicilios": 191, "situacao": "Urbana"}, "geometry": {"type": "Point", "coordinates": [-56.092968, -15.57108]}}, {"type": "Feature", "properties": {"codigo_setor": "510340305410188", "municipio": "Cuiabá", "populacao": 743, "domicilios": 390, "situacao": "Urbana"}, "geometry": {"type": "Point", "coordinates": [-56.08947, -15.568913]}}, {"type": "Feature", "properties": {"codigo_setor": "510340305410224", "municipio": "Cuiabá", "populacao": 661, "domicilios": 297, "situacao": "Urbana"}, "geometry": {"type": "Point", "coordinates": [-56.095303, -15.570546]}}, {"type": "Feature", "properties": {"codigo_setor": "510340305410141", "municipio": "Cuiabá", "populacao": 502, "domicilios": 172, "situacao": "Urbana"}, "geometry": {"type": "Point", "coordinates": [-56.094378, -15.57121]}}, {"type": "Feature", "properties": {"codigo_setor": "510340305410222", "municipio": "Cuiabá", "populacao": 261, "domicilios": 144, "situacao": "Urbana"}, "geometry": {"type": "Point", "coordinates": [-56.096653, -15.570351]}}, {"type": "Feature", "properties": {"codigo_setor": "510340305410223", "municipio": "Cuiabá", "populacao": 738, "domicilios": 305, "situacao": "Urbana"}, "geometry": {"type": "Point", "coordinates": [-56.092468, -15.567605]}}, {"type": "Feature", "properties": {"codigo_setor": "510340305410221", "municipio": "Cuiabá", "populacao": 601, "domicilios": 261, "situacao": "Urbana"}, "geometry": {"type": "Point", "coordinates": [-56.096157, -15.567548]}}, {"type": "Feature", "properties": {"codigo_setor": "510340305410227", "municipio": "Cuiabá", "populacao": 665, "domicilios": 277, "situacao": "Urbana"}, "geometry": {"type": "Point", "coordinates": [-56.090242, -15.566907]}}, {"type": "Feature", "properties": {"codigo_setor": "510340305410228", "municipio": "Cuiabá", "populacao": 449, "domicilios": 182, "situacao": "Urbana"}, "geometry": {"type": "Point", "coordinates": [-56.089783, -15.565837]}}, {"type": "Feature", "properties": {"codigo_setor": "510340305410140", "municipio": "Cuiabá", "populacao": 814, "domicilios": 332, "situacao": "Urbana"}, "geometry": {"type": "Point", "coordinates": [-56.090645, -15.563687]}}, {"type": "Feature", "properties": {"codigo_setor": "510610915000009", "municipio": "Nossa Senhora do Livramento", "populacao": 96, "domicilios": 95, "situacao": "Rural"}, "geometry": {"type": "Point", "coordinates": [-56.469316, -15.497298]}}, {"type": "Feature", "properties": {"codigo_setor": "510340305410127", "municipio": "Cuiabá", "populacao": 546, "domicilios": 198, "situacao": "Urbana"}, "geometry": {"type": "Point", "coordinates": [-56.131508, -15.57219]}}, {"type": "Feature", "properties": {"codigo_setor": "510340305410192", "municipio": "Cuiabá", "populacao": 933, "domicilios": 347, "situacao": "Urbana"}, "geometry": {"type": "Point", "coordinates": [-56.12492, -15.566379]}}, {"type": "Feature", "properties": {"codigo_setor": "510340305410230", "municipio": "Cuiabá", "populacao": 744, "domicilios": 284, "situacao": "Urbana"}, "geometry": {"type": "Point", "coordinates": [-56.122105, -15.571497]}}, {"type": "Feature", "properties": {"codigo_setor": "510340305410231", "municipio": "Cuiabá", "populacao": 572, "domicilios": 229, "situacao": "Urbana"}, "geometry": {"type": "Point", "coordinates": [-56.121319, -15.575461]}}, {"type": "Feature", "properties": {"codigo_setor": "510340305410056", "municipio": "Cuiabá", "populacao": 715, "domicilios": 295, "situacao": "Urbana"}, "geometry": {"type": "Point", "coordinates": [-56.12019, -15.567551]}}, {"type": "Feature", "properties": {"codigo_setor": "510340305410137", "municipio": "Cuiabá", "populacao": 986, "domicilios": 452, "situacao": "Urbana"}, "geometry": {"type": "Point", "coordinates": [-56.117844, -15.584252]}}, {"type": "Feature", "properties": {"codigo_setor": "510340305410216", "municipio": "Cuiabá", "populacao": 457, "domicilios": 204, "situacao": "Urbana"}, "geometry": {"type": "Point", "coordinates": [-56.123821, -15.582538]}}, {"type": "Feature", "properties": {"codigo_setor": "510840215000001", "municipio": "Várzea Grande", "populacao": 250, "domicilios": 155, "situacao": "Urbana"}, "geometry": {"type": "Point", "coordinates": [-56.144346, -15.568899]}}, {"type": "Feature", "properties": {"codigo_setor": "510840215000003", "municipio": "Várzea Grande", "populacao": 290, "domicilios": 267, "situacao": "Rural"}, "geometry": {"type": "Point", "coordinates": [-56.347994, -15.478356]}}, {"type": "Feature", "properties": {"codigo_setor": "510840215000010", "municipio": "Várzea Grande", "populacao": 298, "domicilios": 146, "situacao": "Urbana"}, "geometry": {"type": "Point", "coordinates": [-56.139257, -15.577776]}}, {"type": "Feature", "properties": {"codigo_setor": "510840215000014", "municipio": "Várzea Grande", "populacao": 156, "domicilios": 147, "situacao": "Rural"}, "geometry": {"type": "Point", "coordinates": [-56.2857, -15.574852]}}, {"type": "Feature", "properties": {"codigo_setor": "510840215000015", "municipio": "Várzea Grande", "populacao": 303, "domicilios": 168, "situacao": "Rural"}, "geometry": {"type": "Point", "coordinates": [-56.208963, -15.55233]}}, {"type": "Feature", "properties": {"codigo_setor": "510340305410066", "municipio": "Cuiabá", "populacao": 564, "domicilios": 331, "situacao": "Urbana"}, "geometry": {"type": "Point", "coordinates": [-56.081886, -15.583049]}}, {"type": "Feature", "properties": {"codigo_setor": "510340305410168", "municipio": "Cuiabá", "populacao": 450, "domicilios": 242, "situacao": "Urbana"}, "geometry": {"type": "Point", "coordinates": [-56.078787, -15.581734]}}, {"type": "Feature", "properties": {"codigo_setor": "510340305420134", "municipio": "Cuiabá", "populacao": 191, "domicilios": 120, "situacao": "Urbana"}, "geometry": {"type": "Point", "coordinates": [-56.070696, -15.5829]}}, {"type": "Feature", "properties": {"codigo_setor": "510340305420021", "municipio": "Cuiabá", "populacao": 446, "domicilios": 252, "situacao": "Urbana"}, "geometry": {"type": "Point", "coordinates": [-56.072031, -15.582807]}}, {"type": "Feature", "properties": {"codigo_setor": "510340305420019", "municipio": "Cuiabá", "populacao": 335, "domicilios": 123, "situacao": "Urbana"}, "geometry": {"type": "Point", "coordinates": [-56.075083, -15.580213]}}, {"type": "Feature", "properties": {"codigo_setor": "510340305420020", "municipio": "Cuiabá", "populacao": 321, "domicilios": 187, "situacao": "Urbana"}, "geometry": {"type": "Point", "coordinates": [-56.073324, -15.582029]}}, {"type": "Feature", "properties": {"codigo_setor": "510340305420109", "municipio": "Cuiabá", "populacao": 566, "domicilios": 300, "situacao": "Urbana"}, "geometry": {"type": "Point", "coordinates": [-56.068634, -15.579931]}}, {"type": "Feature", "properties": {"codigo_setor": "510340305420108", "municipio": "Cuiabá", "populacao": 274, "domicilios": 155, "situacao": "Urbana"}, "geometry": {"type": "Point", "coordinates": [-56.071564, -15.580673]}}, {"type": "Feature", "properties": {"codigo_setor": "510340305410065", "municipio": "Cuiabá", "populacao": 704, "domicilios": 356, "situacao": "Urbana"}, "geometry": {"type": "Point", "coordinates": [-56.078882, -15.579312]}}, {"type": "Feature", "properties": {"codigo_setor": "510340305420147", "municipio": "Cuiabá", "populacao": 1149, "domicilios": 540, "situacao": "Urbana"}, "geometry": {"type": "Point", "coordinates": [-56.072264, -15.579654]}}, {"type": "Feature", "properties": {"codigo_setor": "510340305420146", "municipio": "Cuiabá", "populacao": 1111, "domicilios": 476, "situacao": "Urbana"}, "geometry": {"type": "Point", "coordinates": [-56.07163, -15.577213]}}, {"type": "Feature", "properties": {"codigo_setor": "510340305410064", "municipio": "Cuiabá", "populacao": 905, "domicilios": 382, "situacao": "Urbana"}, "geometry": {"type": "Point", "coordinates": [-56.082359, -15.577794]}}, {"type": "Feature", "properties": {"codigo_setor": "510340305410173", "municipio": "Cuiabá", "populacao": 254, "domicilios": 120, "situacao": "Urbana"}, "geometry": {"type": "Point", "coordinates": [-56.079023, -15.575987]}}, {"type": "Feature", "properties": {"codigo_setor": "510340305410229", "municipio": "Cuiabá", "populacao": 377, "domicilios": 185, "situacao": "Urbana"}, "geometry": {"type": "Point", "coordinates": [-56.075136, -15.575878]}}, {"type": "Feature", "properties": {"codigo_setor": "510340305410220", "municipio": "Cuiabá", "populacao": 429, "domicilios": 209, "situacao": "Urbana"}, "geometry": {"type": "Point", "coordinates": [-56.076462, -15.57479]}}, {"type": "Feature", "properties": {"codigo_setor": "510340305400056", "municipio": "Cuiabá", "populacao": 0, "domicilios": 0, "situacao": "Urbana"}, "geometry": {"type": "Point", "coordinates": [-56.071491, -15.568545]}}, {"type": "Feature", "properties": {"codigo_setor": "510340305410219", "municipio": "Cuiabá", "populacao": 19, "domicilios": 138, "situacao": "Urbana"}, "geometry": {"type": "Point", "coordinates": [-56.078918, -15.571612]}}, {"type": "Feature", "properties": {"codigo_setor": "510340305410172", "municipio": "Cuiabá", "populacao": 365, "domicilios": 195, "situacao": "Urbana"}, "geometry": {"type": "Point", "coordinates": [-56.084967, -15.569156]}}, {"type": "Feature", "properties": {"codigo_setor": "510340305410238", "municipio": "Cuiabá", "populacao": 207, "domicilios": 92, "situacao": "Urbana"}, "geometry": {"type": "Point", "coordinates": [-56.082544, -15.569605]}}, {"type": "Feature", "properties": {"codigo_setor": "510340305400040", "municipio": "Cuiabá", "populacao": 5, "domicilios": 1, "situacao": "Urbana"}, "geometry": {"type": "Point", "coordinates": [-56.074066, -15.562802]}}, {"type": "Feature", "properties": {"codigo_setor": "510340305400061", "municipio": "Cuiabá", "populacao": 745, "domicilios": 324, "situacao": "Urbana"}, "geometry": {"type": "Point", "coordinates": [-56.080128, -15.559073]}}, {"type": "Feature", "properties": {"codigo_setor": "510340305400048", "municipio": "Cuiabá", "populacao": 1142, "domicilios": 477, "situacao": "Urbana"}, "geometry": {"type": "Point", "coordinates": [-56.080641, -15.554384]}}, {"type": "Feature", "properties": {"codigo_setor": "510340305400019", "municipio": "Cuiabá", "populacao": 1147, "domicilios": 394, "situacao": "Urbana"}, "geometry": {"type": "Point", "coordinates": [-56.075037, -15.537758]}}, {"type": "Feature", "properties": {"codigo_setor": "510340305400047", "municipio": "Cuiabá", "populacao": 583, "domicilios": 219, "situacao": "Urbana"}, "geometry": {"type": "Point", "coordinates": [-56.071449, -15.554564]}}, {"type": "Feature", "properties": {"codigo_setor": "510340305400034", "municipio": "Cuiabá", "populacao": 754, "domicilios": 281, "situacao": "Urbana"}, "geometry": {"type": "Point", "coordinates": [-56.070026, -15.547511]}}, {"type": "Feature", "properties": {"codigo_setor": "510340310420009", "municipio": "Cuiabá", "populacao": 323, "domicilios": 141, "situacao": "Urbana"}, "geometry": {"type": "Point", "coordinates": [-56.066118, -15.581649]}}, {"type": "Feature", "properties": {"codigo_setor": "510340310420011", "municipio": "Cuiabá", "populacao": 0, "domicilios": 0, "situacao": "Urbana"}, "geometry": {"type": "Point", "coordinates": [-56.06698, -15.579287]}}, {"type": "Feature", "properties": {"codigo_setor": "510340305400057", "municipio": "Cuiabá", "populacao": 812, "domicilios": 303, "situacao": "Urbana"}, "geometry": {"type": "Point", "coordinates": [-56.070038, -15.572525]}}, {"type": "Feature", "properties": {"codigo_setor": "510340305420035", "municipio": "Cuiabá", "populacao": 604, "domicilios": 231, "situacao": "Urbana"}, "geometry": {"type": "Point", "coordinates": [-56.072933, -15.596605]}}, {"type": "Feature", "properties": {"codigo_setor": "510340305420037", "municipio": "Cuiabá", "populacao": 308, "domicilios": 120, "situacao": "Urbana"}, "geometry": {"type": "Point", "coordinates": [-56.076376, -15.595786]}}, {"type": "Feature", "properties": {"codigo_setor": "510340305420010", "municipio": "Cuiabá", "populacao": 560, "domicilios": 266, "situacao": "Urbana"}, "geometry": {"type": "Point", "coordinates": [-56.081696, -15.594598]}}, {"type": "Feature", "properties": {"codigo_setor": "510340305420029", "municipio": "Cuiabá", "populacao": 617, "domicilios": 212, "situacao": "Urbana"}, "geometry": {"type": "Point", "coordinates": [-56.070297, -15.594613]}}, {"type": "Feature", "properties": {"codigo_setor": "510340305420028", "municipio": "Cuiabá", "populacao": 618, "domicilios": 244, "situacao": "Urbana"}, "geometry": {"type": "Point", "coordinates": [-56.072762, -15.595214]}}, {"type": "Feature", "properties": {"codigo_setor": "510340305420087", "municipio": "Cuiabá", "populacao": 181, "domicilios": 92, "situacao": "Urbana"}, "geometry": {"type": "Point", "coordinates": [-56.079674, -15.59438]}}, {"type": "Feature", "properties": {"codigo_setor": "510340305420036", "municipio": "Cuiabá", "populacao": 612, "domicilios": 260, "situacao": "Urbana"}, "geometry": {"type": "Point", "coordinates": [-56.078249, -15.59398]}}, {"type": "Feature", "properties": {"codigo_setor": "510340305420017", "municipio": "Cuiabá", "populacao": 398, "domicilios": 190, "situacao": "Urbana"}, "geometry": {"type": "Point", "coordinates": [-56.073444, -15.5927]}}, {"type": "Feature", "properties": {"codigo_setor": "510340305420016", "municipio": "Cuiabá", "populacao": 249, "domicilios": 126, "situacao": "Urbana"}, "geometry": {"type": "Point", "coordinates": [-56.074011, -15.591325]}}, {"type": "Feature", "properties": {"codigo_setor": "510340305420013", "municipio": "Cuiabá", "populacao": 350, "domicilios": 151, "situacao": "Urbana"}, "geometry": {"type": "Point", "coordinates": [-56.083279, -15.591218]}}, {"type": "Feature", "properties": {"codigo_setor": "510340305420015", "municipio": "Cuiabá", "populacao": 631, "domicilios": 288, "situacao": "Urbana"}, "geometry": {"type": "Point", "coordinates": [-56.079178, -15.590209]}}, {"type": "Feature", "properties": {"codigo_setor": "510340305420118", "municipio": "Cuiabá", "populacao": 777, "domicilios": 418, "situacao": "Urbana"}, "geometry": {"type": "Point", "coordinates": [-56.07585, -15.590088]}}, {"type": "Feature", "properties": {"codigo_setor": "510340305420124", "municipio": "Cuiabá", "populacao": 453, "domicilios": 227, "situacao": "Urbana"}, "geometry": {"type": "Point", "coordinates": [-56.074612, -15.588651]}}, {"type": "Feature", "properties": {"codigo_setor": "510340305420143", "municipio": "Cuiabá", "populacao": 665, "domicilios": 315, "situacao": "Urbana"}, "geometry": {"type": "Point", "coordinates": [-56.072262, -15.588869]}}, {"type": "Feature", "properties": {"codigo_setor": "510340305420014", "municipio": "Cuiabá", "populacao": 379, "domicilios": 211, "situacao": "Urbana"}, "geometry": {"type": "Point", "coordinates": [-56.082273, -15.588381]}}, {"type": "Feature", "properties": {"codigo_setor": "510340305420126", "municipio": "Cuiabá", "populacao": 285, "domicilios": 141, "situacao": "Urbana"}, "geometry": {"type": "Point", "coordinates": [-56.078445, -15.588494]}}, {"type": "Feature", "properties": {"codigo_setor": "510340305420025", "municipio": "Cuiabá", "populacao": 507, "domicilios": 181, "situacao": "Urbana"}, "geometry": {"type": "Point", "coordinates": [-56.070438, -15.586668]}}, {"type": "Feature", "properties": {"codigo_setor": "510340305420125", "municipio": "Cuiabá", "populacao": 385, "domicilios": 272, "situacao": "Urbana"}, "geometry": {"type": "Point", "coordinates": [-56.079453, -15.58777]}}, {"type": "Feature", "properties": {"codigo_setor": "510340305420135", "municipio": "Cuiabá", "populacao": 485, "domicilios": 300, "situacao": "Urbana"}, "geometry": {"type": "Point", "coordinates": [-56.069971, -15.585645]}}, {"type": "Feature", "properties": {"codigo_setor": "510340305420123", "municipio": "Cuiabá", "populacao": 537, "domicilios": 298, "situacao": "Urbana"}, "geometry": {"type": "Point", "coordinates": [-56.076778, -15.586516]}}, {"type": "Feature", "properties": {"codigo_setor": "510340305420142", "municipio": "Cuiabá", "populacao": 293, "domicilios": 114, "situacao": "Urbana"}, "geometry": {"type": "Point", "coordinates": [-56.074547, -15.586341]}}, {"type": "Feature", "properties": {"codigo_setor": "510340305420106", "municipio": "Cuiabá", "populacao": 478, "domicilios": 245, "situacao": "Urbana"}, "geometry": {"type": "Point", "coordinates": [-56.080311, -15.586459]}}, {"type": "Feature", "properties": {"codigo_setor": "510340305410067", "municipio": "Cuiabá", "populacao": 532, "domicilios": 280, "situacao": "Urbana"}, "geometry": {"type": "Point", "coordinates": [-56.083017, -15.585986]}}, {"type": "Feature", "properties": {"codigo_setor": "510340305410169", "municipio": "Cuiabá", "populacao": 55, "domicilios": 20, "situacao": "Urbana"}, "geometry": {"type": "Point", "coordinates": [-56.081104, -15.585267]}}, {"type": "Feature", "properties": {"codigo_setor": "510340305420026", "municipio": "Cuiabá", "populacao": 517, "domicilios": 242, "situacao": "Urbana"}, "geometry": {"type": "Point", "coordinates": [-56.07275, -15.584876]}}, {"type": "Feature", "properties": {"codigo_setor": "510340305410068", "municipio": "Cuiabá", "populacao": 532, "domicilios": 301, "situacao": "Urbana"}, "geometry": {"type": "Point", "coordinates": [-56.08334, -15.585113]}}, {"type": "Feature", "properties": {"codigo_setor": "510340305420018", "municipio": "Cuiabá", "populacao": 637, "domicilios": 296, "situacao": "Urbana"}, "geometry": {"type": "Point", "coordinates": [-56.078279, -15.584054]}}, {"type": "Feature", "properties": {"codigo_setor": "510340305420091", "municipio": "Cuiabá", "populacao": 421, "domicilios": 154, "situacao": "Urbana"}, "geometry": {"type": "Point", "coordinates": [-56.075726, -15.584499]}}, {"type": "Feature", "properties": {"codigo_setor": "510340305420090", "municipio": "Cuiabá", "populacao": 581, "domicilios": 290, "situacao": "Urbana"}, "geometry": {"type": "Point", "coordinates": [-56.073957, -15.583801]}}, {"type": "Feature", "properties": {"codigo_setor": "510590306000003", "municipio": "Nobres", "populacao": 43, "domicilios": 31, "situacao": "Rural"}, "geometry": {"type": "Point", "coordinates": [-56.029013, -14.654521]}}, {"type": "Feature", "properties": {"codigo_setor": "510590306000002", "municipio": "Nobres", "populacao": 499, "domicilios": 328, "situacao": "Rural"}, "geometry": {"type": "Point", "coordinates": [-55.94178, -14.609511]}}, {"type": "Feature", "properties": {"codigo_setor": "510590307000009", "municipio": "Nobres", "populacao": 24, "domicilios": 16, "situacao": "Rural"}, "geometry": {"type": "Point", "coordinates": [-56.103193, -14.606167]}}, {"type": "Feature", "properties": {"codigo_setor": "510590306000001", "municipio": "Nobres", "populacao": 785, "domicilios": 353, "situacao": "Urbana"}, "geometry": {"type": "Point", "coordinates": [-55.873201, -14.552113]}}, {"type": "Feature", "properties": {"codigo_setor": "510590305000014", "municipio": "Nobres", "populacao": 177, "domicilios": 125, "situacao": "Rural"}, "geometry": {"type": "Point", "coordinates": [-55.960716, -14.328466]}}, {"type": "Feature", "properties": {"codigo_setor": "510590306000004", "municipio": "Nobres", "populacao": 19, "domicilios": 9, "situacao": "Rural"}, "geometry": {"type": "Point", "coordinates": [-55.665649, -14.295583]}}, {"type": "Feature", "properties": {"codigo_setor": "510590307000002", "municipio": "Nobres", "populacao": 27, "domicilios": 13, "situacao": "Rural"}, "geometry": {"type": "Point", "coordinates": [-55.788324, -14.308068]}}, {"type": "Feature", "properties": {"codigo_setor": "510590307000004", "municipio": "Nobres", "populacao": 15, "domicilios": 21, "situacao": "Rural"}, "geometry": {"type": "Point", "coordinates": [-55.65674, -14.147727]}}, {"type": "Feature", "properties": {"codigo_setor": "510590306000011", "municipio": "Nobres", "populacao": 36, "domicilios": 11, "situacao": "Rural"}, "geometry": {"type": "Point", "coordinates": [-55.476864, -14.194492]}}, {"type": "Feature", "properties": {"codigo_setor": "510590305000001", "municipio": "Nobres", "populacao": 479, "domicilios": 210, "situacao": "Urbana"}, "geometry": {"type": "Point", "coordinates": [-56.334019, -14.724615]}}, {"type": "Feature", "properties": {"codigo_setor": "510590305000018", "municipio": "Nobres", "populacao": 309, "domicilios": 160, "situacao": "Urbana"}, "geometry": {"type": "Point", "coordinates": [-56.32822, -14.723273]}}, {"type": "Feature", "properties": {"codigo_setor": "510590305000002", "municipio": "Nobres", "populacao": 376, "domicilios": 203, "situacao": "Urbana"}, "geometry": {"type": "Point", "coordinates": [-56.335323, -14.721459]}}, {"type": "Feature", "properties": {"codigo_setor": "510590305000017", "municipio": "Nobres", "populacao": 508, "domicilios": 236, "situacao": "Urbana"}, "geometry": {"type": "Point", "coordinates": [-56.331211, -14.721844]}}, {"type": "Feature", "properties": {"codigo_setor": "510590305000024", "municipio": "Nobres", "populacao": 237, "domicilios": 89, "situacao": "Urbana"}, "geometry": {"type": "Point", "coordinates": [-56.338234, -14.719191]}}, {"type": "Feature", "properties": {"codigo_setor": "510590305000036", "municipio": "Nobres", "populacao": 561, "domicilios": 207, "situacao": "Urbana"}, "geometry": {"type": "Point", "coordinates": [-56.340527, -14.719409]}}, {"type": "Feature", "properties": {"codigo_setor": "510590305000011", "municipio": "Nobres", "populacao": 364, "domicilios": 169, "situacao": "Urbana"}, "geometry": {"type": "Point", "coordinates": [-56.331223, -14.717693]}}, {"type": "Feature", "properties": {"codigo_setor": "510590305000004", "municipio": "Nobres", "populacao": 623, "domicilios": 258, "situacao": "Urbana"}, "geometry": {"type": "Point", "coordinates": [-56.32658, -14.71278]}}, {"type": "Feature", "properties": {"codigo_setor": "510590305000003", "municipio": "Nobres", "populacao": 524, "domicilios": 219, "situacao": "Urbana"}, "geometry": {"type": "Point", "coordinates": [-56.331865, -14.713324]}}, {"type": "Feature", "properties": {"codigo_setor": "510590305000028", "municipio": "Nobres", "populacao": 188, "domicilios": 85, "situacao": "Urbana"}, "geometry": {"type": "Point", "coordinates": [-56.330463, -14.713699]}}, {"type": "Feature", "properties": {"codigo_setor": "510590305000025", "municipio": "Nobres", "populacao": 556, "domicilios": 203, "situacao": "Urbana"}, "geometry": {"type": "Point", "coordinates": [-56.334541, -14.710167]}}, {"type": "Feature", "properties": {"codigo_setor": "510590305000026", "municipio": "Nobres", "populacao": 254, "domicilios": 97, "situacao": "Urbana"}, "geometry": {"type": "Point", "coordinates": [-56.333776, -14.711632]}}, {"type": "Feature", "properties": {"codigo_setor": "510590305000009", "municipio": "Nobres", "populacao": 166, "domicilios": 90, "situacao": "Urbana"}, "geometry": {"type": "Point", "coordinates": [-56.337608, -14.70606]}}, {"type": "Feature", "properties": {"codigo_setor": "510590305000027", "municipio": "Nobres", "populacao": 156, "domicilios": 64, "situacao": "Urbana"}, "geometry": {"type": "Point", "coordinates": [-56.330807, -14.708346]}}, {"type": "Feature", "properties": {"codigo_setor": "510340305410181", "municipio": "Cuiabá", "populacao": 655, "domicilios": 311, "situacao": "Urbana"}, "geometry": {"type": "Point", "coordinates": [-56.105377, -15.580569]}}, {"type": "Feature", "properties": {"codigo_setor": "510340305410116", "municipio": "Cuiabá", "populacao": 884, "domicilios": 367, "situacao": "Urbana"}, "geometry": {"type": "Point", "coordinates": [-56.100019, -15.582292]}}, {"type": "Feature", "properties": {"codigo_setor": "510340305410155", "municipio": "Cuiabá", "populacao": 602, "domicilios": 258, "situacao": "Urbana"}, "geometry": {"type": "Point", "coordinates": [-56.10157, -15.58194]}}, {"type": "Feature", "properties": {"codigo_setor": "510340305410211", "municipio": "Cuiabá", "populacao": 644, "domicilios": 324, "situacao": "Urbana"}, "geometry": {"type": "Point", "coordinates": [-56.111256, -15.583977]}}, {"type": "Feature", "properties": {"codigo_setor": "510340305410233", "municipio": "Cuiabá", "populacao": 829, "domicilios": 399, "situacao": "Urbana"}, "geometry": {"type": "Point", "coordinates": [-56.11377, -15.582424]}}, {"type": "Feature", "properties": {"codigo_setor": "510340305410117", "municipio": "Cuiabá", "populacao": 432, "domicilios": 199, "situacao": "Urbana"}, "geometry": {"type": "Point", "coordinates": [-56.096537, -15.581882]}}, {"type": "Feature", "properties": {"codigo_setor": "510340305410245", "municipio": "Cuiabá", "populacao": 373, "domicilios": 264, "situacao": "Urbana"}, "geometry": {"type": "Point", "coordinates": [-56.117039, -15.582167]}}, {"type": "Feature", "properties": {"codigo_setor": "510340305410244", "municipio": "Cuiabá", "populacao": 376, "domicilios": 169, "situacao": "Urbana"}, "geometry": {"type": "Point", "coordinates": [-56.116556, -15.581465]}}, {"type": "Feature", "properties": {"codigo_setor": "510340305410208", "municipio": "Cuiabá", "populacao": 901, "domicilios": 377, "situacao": "Urbana"}, "geometry": {"type": "Point", "coordinates": [-56.112198, -15.581822]}}, {"type": "Feature", "properties": {"codigo_setor": "510340305410209", "municipio": "Cuiabá", "populacao": 970, "domicilios": 526, "situacao": "Urbana"}, "geometry": {"type": "Point", "coordinates": [-56.114067, -15.577067]}}, {"type": "Feature", "properties": {"codigo_setor": "510340305410054", "municipio": "Cuiabá", "populacao": 680, "domicilios": 291, "situacao": "Urbana"}, "geometry": {"type": "Point", "coordinates": [-56.111582, -15.579483]}}, {"type": "Feature", "properties": {"codigo_setor": "510340305410232", "municipio": "Cuiabá", "populacao": 364, "domicilios": 131, "situacao": "Urbana"}, "geometry": {"type": "Point", "coordinates": [-56.117352, -15.578416]}}, {"type": "Feature", "properties": {"codigo_setor": "510340305410243", "municipio": "Cuiabá", "populacao": 654, "domicilios": 309, "situacao": "Urbana"}, "geometry": {"type": "Point", "coordinates": [-56.099165, -15.577949]}}, {"type": "Feature", "properties": {"codigo_setor": "510340305410182", "municipio": "Cuiabá", "populacao": 372, "domicilios": 137, "situacao": "Urbana"}, "geometry": {"type": "Point", "coordinates": [-56.097351, -15.57626]}}, {"type": "Feature", "properties": {"codigo_setor": "510340305410242", "municipio": "Cuiabá", "populacao": 422, "domicilios": 248, "situacao": "Urbana"}, "geometry": {"type": "Point", "coordinates": [-56.100445, -15.575172]}}, {"type": "Feature", "properties": {"codigo_setor": "510340305410114", "municipio": "Cuiabá", "populacao": 578, "domicilios": 323, "situacao": "Urbana"}, "geometry": {"type": "Point", "coordinates": [-56.103577, -15.573778]}}, {"type": "Feature", "properties": {"codigo_setor": "510340305410259", "municipio": "Cuiabá", "populacao": 295, "domicilios": 103, "situacao": "Urbana"}, "geometry": {"type": "Point", "coordinates": [-56.106049, -15.566712]}}, {"type": "Feature", "properties": {"codigo_setor": "510340305410060", "municipio": "Cuiabá", "populacao": 551, "domicilios": 244, "situacao": "Urbana"}, "geometry": {"type": "Point", "coordinates": [-56.09911, -15.567858]}}, {"type": "Feature", "properties": {"codigo_setor": "510340305410240", "municipio": "Cuiabá", "populacao": 534, "domicilios": 219, "situacao": "Urbana"}, "geometry": {"type": "Point", "coordinates": [-56.101217, -15.560965]}}, {"type": "Feature", "properties": {"codigo_setor": "510340305410260", "municipio": "Cuiabá", "populacao": 139, "domicilios": 49, "situacao": "Urbana"}, "geometry": {"type": "Point", "coordinates": [-56.107466, -15.559151]}}, {"type": "Feature", "properties": {"codigo_setor": "510340305410153", "municipio": "Cuiabá", "populacao": 485, "domicilios": 207, "situacao": "Urbana"}, "geometry": {"type": "Point", "coordinates": [-56.126461, -15.608054]}}, {"type": "Feature", "properties": {"codigo_setor": "510340305410097", "municipio": "Cuiabá", "populacao": 469, "domicilios": 254, "situacao": "Urbana"}, "geometry": {"type": "Point", "coordinates": [-56.125183, -15.606889]}}, {"type": "Feature", "properties": {"codigo_setor": "510340305410098", "municipio": "Cuiabá", "populacao": 807, "domicilios": 358, "situacao": "Urbana"}, "geometry": {"type": "Point", "coordinates": [-56.124954, -15.601858]}}, {"type": "Feature", "properties": {"codigo_setor": "510340305410042", "municipio": "Cuiabá", "populacao": 879, "domicilios": 349, "situacao": "Urbana"}, "geometry": {"type": "Point", "coordinates": [-56.137165, -15.603267]}}, {"type": "Feature", "properties": {"codigo_setor": "510340305410038", "municipio": "Cuiabá", "populacao": 487, "domicilios": 247, "situacao": "Urbana"}, "geometry": {"type": "Point", "coordinates": [-56.129461, -15.602387]}}, {"type": "Feature", "properties": {"codigo_setor": "510340305410040", "municipio": "Cuiabá", "populacao": 660, "domicilios": 213, "situacao": "Urbana"}, "geometry": {"type": "Point", "coordinates": [-56.132294, -15.602872]}}, {"type": "Feature", "properties": {"codigo_setor": "510340305410043", "municipio": "Cuiabá", "populacao": 753, "domicilios": 307, "situacao": "Urbana"}, "geometry": {"type": "Point", "coordinates": [-56.138494, -15.600967]}}, {"type": "Feature", "properties": {"codigo_setor": "510340305410041", "municipio": "Cuiabá", "populacao": 451, "domicilios": 212, "situacao": "Urbana"}, "geometry": {"type": "Point", "coordinates": [-56.133026, -15.601725]}}, {"type": "Feature", "properties": {"codigo_setor": "510340305410037", "municipio": "Cuiabá", "populacao": 597, "domicilios": 235, "situacao": "Urbana"}, "geometry": {"type": "Point", "coordinates": [-56.128128, -15.601057]}}, {"type": "Feature", "properties": {"codigo_setor": "510340305410033", "municipio": "Cuiabá", "populacao": 488, "domicilios": 213, "situacao": "Urbana"}, "geometry": {"type": "Point", "coordinates": [-56.133623, -15.600298]}}, {"type": "Feature", "properties": {"codigo_setor": "510340305410047", "municipio": "Cuiabá", "populacao": 1030, "domicilios": 407, "situacao": "Urbana"}, "geometry": {"type": "Point", "coordinates": [-56.139793, -15.596684]}}, {"type": "Feature", "properties": {"codigo_setor": "510340305410036", "municipio": "Cuiabá", "populacao": 556, "domicilios": 201, "situacao": "Urbana"}, "geometry": {"type": "Point", "coordinates": [-56.129829, -15.599452]}}, {"type": "Feature", "properties": {"codigo_setor": "510340305410151", "municipio": "Cuiabá", "populacao": 457, "domicilios": 181, "situacao": "Urbana"}, "geometry": {"type": "Point", "coordinates": [-56.122131, -15.59766]}}, {"type": "Feature", "properties": {"codigo_setor": "510340305410034", "municipio": "Cuiabá", "populacao": 262, "domicilios": 90, "situacao": "Urbana"}, "geometry": {"type": "Point", "coordinates": [-56.133467, -15.598962]}}, {"type": "Feature", "properties": {"codigo_setor": "510340305410164", "municipio": "Cuiabá", "populacao": 626, "domicilios": 220, "situacao": "Urbana"}, "geometry": {"type": "Point", "coordinates": [-56.12604, -15.595625]}}, {"type": "Feature", "properties": {"codigo_setor": "510340305410161", "municipio": "Cuiabá", "populacao": 641, "domicilios": 265, "situacao": "Urbana"}, "geometry": {"type": "Point", "coordinates": [-56.135075, -15.598468]}}, {"type": "Feature", "properties": {"codigo_setor": "510340305410035", "municipio": "Cuiabá", "populacao": 810, "domicilios": 340, "situacao": "Urbana"}, "geometry": {"type": "Point", "coordinates": [-56.13158, -15.597577]}}, {"type": "Feature", "properties": {"codigo_setor": "510340305410046", "municipio": "Cuiabá", "populacao": 494, "domicilios": 184, "situacao": "Urbana"}, "geometry": {"type": "Point", "coordinates": [-56.135983, -15.597192]}}, {"type": "Feature", "properties": {"codigo_setor": "510340305410045", "municipio": "Cuiabá", "populacao": 216, "domicilios": 92, "situacao": "Urbana"}, "geometry": {"type": "Point", "coordinates": [-56.132648, -15.596168]}}, {"type": "Feature", "properties": {"codigo_setor": "510340305410044", "municipio": "Cuiabá", "populacao": 657, "domicilios": 255, "situacao": "Urbana"}, "geometry": {"type": "Point", "coordinates": [-56.135002, -15.594476]}}, {"type": "Feature", "properties": {"codigo_setor": "510340305410050", "municipio": "Cuiabá", "populacao": 587, "domicilios": 226, "situacao": "Urbana"}, "geometry": {"type": "Point", "coordinates": [-56.128305, -15.592241]}}, {"type": "Feature", "properties": {"codigo_setor": "510340305410162", "municipio": "Cuiabá", "populacao": 326, "domicilios": 137, "situacao": "Urbana"}, "geometry": {"type": "Point", "coordinates": [-56.134756, -15.593533]}}, {"type": "Feature", "properties": {"codigo_setor": "510340305410163", "municipio": "Cuiabá", "populacao": 534, "domicilios": 244, "situacao": "Urbana"}, "geometry": {"type": "Point", "coordinates": [-56.132801, -15.591578]}}, {"type": "Feature", "properties": {"codigo_setor": "510340305410136", "municipio": "Cuiabá", "populacao": 434, "domicilios": 199, "situacao": "Urbana"}, "geometry": {"type": "Point", "coordinates": [-56.129698, -15.589441]}}, {"type": "Feature", "properties": {"codigo_setor": "510340305410049", "municipio": "Cuiabá", "populacao": 545, "domicilios": 262, "situacao": "Urbana"}, "geometry": {"type": "Point", "coordinates": [-56.13147, -15.588174]}}, {"type": "Feature", "properties": {"codigo_setor": "510340305410051", "municipio": "Cuiabá", "populacao": 700, "domicilios": 286, "situacao": "Urbana"}, "geometry": {"type": "Point", "coordinates": [-56.130182, -15.585146]}}, {"type": "Feature", "properties": {"codigo_setor": "510340305410048", "municipio": "Cuiabá", "populacao": 696, "domicilios": 290, "situacao": "Urbana"}, "geometry": {"type": "Point", "coordinates": [-56.138145, -15.589072]}}, {"type": "Feature", "properties": {"codigo_setor": "510840205000394", "municipio": "Várzea Grande", "populacao": 37, "domicilios": 44, "situacao": "Urbana"}, "geometry": {"type": "Point", "coordinates": [-56.166716, -15.587102]}}, {"type": "Feature", "properties": {"codigo_setor": "510840205000395", "municipio": "Várzea Grande", "populacao": 373, "domicilios": 144, "situacao": "Urbana"}, "geometry": {"type": "Point", "coordinates": [-56.161068, -15.59138]}}, {"type": "Feature", "properties": {"codigo_setor": "510840215000007", "municipio": "Várzea Grande", "populacao": 52, "domicilios": 25, "situacao": "Urbana"}, "geometry": {"type": "Point", "coordinates": [-56.14678, -15.583565]}}, {"type": "Feature", "properties": {"codigo_setor": "510840205000266", "municipio": "Várzea Grande", "populacao": 788, "domicilios": 306, "situacao": "Urbana"}, "geometry": {"type": "Point", "coordinates": [-56.170712, -15.611156]}}, {"type": "Feature", "properties": {"codigo_setor": "510840205000284", "municipio": "Várzea Grande", "populacao": 591, "domicilios": 267, "situacao": "Urbana"}, "geometry": {"type": "Point", "coordinates": [-56.171095, -15.637926]}}, {"type": "Feature", "properties": {"codigo_setor": "510840205000242", "municipio": "Várzea Grande", "populacao": 403, "domicilios": 161, "situacao": "Urbana"}, "geometry": {"type": "Point", "coordinates": [-56.169767, -15.622283]}}, {"type": "Feature", "properties": {"codigo_setor": "510840205000049", "municipio": "Várzea Grande", "populacao": 583, "domicilios": 216, "situacao": "Urbana"}, "geometry": {"type": "Point", "coordinates": [-56.163465, -15.624763]}}, {"type": "Feature", "properties": {"codigo_setor": "510840205000169", "municipio": "Várzea Grande", "populacao": 881, "domicilios": 374, "situacao": "Urbana"}, "geometry": {"type": "Point", "coordinates": [-56.167471, -15.627732]}}, {"type": "Feature", "properties": {"codigo_setor": "510840205000048", "municipio": "Várzea Grande", "populacao": 692, "domicilios": 270, "situacao": "Urbana"}, "geometry": {"type": "Point", "coordinates": [-56.166573, -15.630384]}}, {"type": "Feature", "properties": {"codigo_setor": "510840205000285", "municipio": "Várzea Grande", "populacao": 1072, "domicilios": 449, "situacao": "Urbana"}, "geometry": {"type": "Point", "coordinates": [-56.161528, -15.6209]}}, {"type": "Feature", "properties": {"codigo_setor": "510840205000168", "municipio": "Várzea Grande", "populacao": 687, "domicilios": 255, "situacao": "Urbana"}, "geometry": {"type": "Point", "coordinates": [-56.163988, -15.629224]}}, {"type": "Feature", "properties": {"codigo_setor": "510840205000047", "municipio": "Várzea Grande", "populacao": 670, "domicilios": 281, "situacao": "Urbana"}, "geometry": {"type": "Point", "coordinates": [-56.162668, -15.630173]}}, {"type": "Feature", "properties": {"codigo_setor": "510840205000224", "municipio": "Várzea Grande", "populacao": 579, "domicilios": 221, "situacao": "Urbana"}, "geometry": {"type": "Point", "coordinates": [-56.161688, -15.625968]}}, {"type": "Feature", "properties": {"codigo_setor": "510840205000170", "municipio": "Várzea Grande", "populacao": 1035, "domicilios": 388, "situacao": "Urbana"}, "geometry": {"type": "Point", "coordinates": [-56.15807, -15.627041]}}, {"type": "Feature", "properties": {"codigo_setor": "510840205000050", "municipio": "Várzea Grande", "populacao": 569, "domicilios": 210, "situacao": "Urbana"}, "geometry": {"type": "Point", "coordinates": [-56.158758, -15.624091]}}, {"type": "Feature", "properties": {"codigo_setor": "510840205000167", "municipio": "Várzea Grande", "populacao": 474, "domicilios": 216, "situacao": "Urbana"}, "geometry": {"type": "Point", "coordinates": [-56.15576, -15.637499]}}, {"type": "Feature", "properties": {"codigo_setor": "510840205000053", "municipio": "Várzea Grande", "populacao": 920, "domicilios": 353, "situacao": "Urbana"}, "geometry": {"type": "Point", "coordinates": [-56.155914, -15.629]}}, {"type": "Feature", "properties": {"codigo_setor": "510840205000052", "municipio": "Várzea Grande", "populacao": 686, "domicilios": 269, "situacao": "Urbana"}, "geometry": {"type": "Point", "coordinates": [-56.156466, -15.624869]}}, {"type": "Feature", "properties": {"codigo_setor": "510840205000051", "municipio": "Várzea Grande", "populacao": 498, "domicilios": 183, "situacao": "Urbana"}, "geometry": {"type": "Point", "coordinates": [-56.154245, -15.621209]}}, {"type": "Feature", "properties": {"codigo_setor": "510840205000054", "municipio": "Várzea Grande", "populacao": 471, "domicilios": 187, "situacao": "Urbana"}, "geometry": {"type": "Point", "coordinates": [-56.155035, -15.632881]}}, {"type": "Feature", "properties": {"codigo_setor": "510840205000171", "municipio": "Várzea Grande", "populacao": 757, "domicilios": 298, "situacao": "Urbana"}, "geometry": {"type": "Point", "coordinates": [-56.152735, -15.628881]}}, {"type": "Feature", "properties": {"codigo_setor": "510840205000060", "municipio": "Várzea Grande", "populacao": 639, "domicilios": 262, "situacao": "Urbana"}, "geometry": {"type": "Point", "coordinates": [-56.151798, -15.643155]}}, {"type": "Feature", "properties": {"codigo_setor": "510840205000244", "municipio": "Várzea Grande", "populacao": 8, "domicilios": 3, "situacao": "Urbana"}, "geometry": {"type": "Point", "coordinates": [-56.147215, -15.620206]}}, {"type": "Feature", "properties": {"codigo_setor": "510840205000058", "municipio": "Várzea Grande", "populacao": 783, "domicilios": 287, "situacao": "Urbana"}, "geometry": {"type": "Point", "coordinates": [-56.149639, -15.63761]}}, {"type": "Feature", "properties": {"codigo_setor": "510840205000055", "municipio": "Várzea Grande", "populacao": 608, "domicilios": 253, "situacao": "Urbana"}, "geometry": {"type": "Point", "coordinates": [-56.149635, -15.627241]}}, {"type": "Feature", "properties": {"codigo_setor": "510840205000173", "municipio": "Várzea Grande", "populacao": 901, "domicilios": 332, "situacao": "Urbana"}, "geometry": {"type": "Point", "coordinates": [-56.148232, -15.633008]}}, {"type": "Feature", "properties": {"codigo_setor": "510840205000056", "municipio": "Várzea Grande", "populacao": 954, "domicilios": 377, "situacao": "Urbana"}, "geometry": {"type": "Point", "coordinates": [-56.144823, -15.631286]}}, {"type": "Feature", "properties": {"codigo_setor": "510840205000172", "municipio": "Várzea Grande", "populacao": 727, "domicilios": 304, "situacao": "Urbana"}, "geometry": {"type": "Point", "coordinates": [-56.143663, -15.624993]}}, {"type": "Feature", "properties": {"codigo_setor": "510840205000057", "municipio": "Várzea Grande", "populacao": 909, "domicilios": 358, "situacao": "Urbana"}, "geometry": {"type": "Point", "coordinates": [-56.144629, -15.635308]}}, {"type": "Feature", "properties": {"codigo_setor": "510840205000066", "municipio": "Várzea Grande", "populacao": 896, "domicilios": 497, "situacao": "Urbana"}, "geometry": {"type": "Point", "coordinates": [-56.141363, -15.631744]}}, {"type": "Feature", "properties": {"codigo_setor": "510840205000245", "municipio": "Várzea Grande", "populacao": 83, "domicilios": 34, "situacao": "Urbana"}, "geometry": {"type": "Point", "coordinates": [-56.137926, -15.617518]}}, {"type": "Feature", "properties": {"codigo_setor": "510840205000273", "municipio": "Várzea Grande", "populacao": 919, "domicilios": 334, "situacao": "Urbana"}, "geometry": {"type": "Point", "coordinates": [-56.137316, -15.633583]}}, {"type": "Feature", "properties": {"codigo_setor": "510840205000272", "municipio": "Várzea Grande", "populacao": 734, "domicilios": 325, "situacao": "Urbana"}, "geometry": {"type": "Point", "coordinates": [-56.13661, -15.634279]}}, {"type": "Feature", "properties": {"codigo_setor": "510840205000294", "municipio": "Várzea Grande", "populacao": 163, "domicilios": 80, "situacao": "Urbana"}, "geometry": {"type": "Point", "coordinates": [-56.155859, -15.602676]}}, {"type": "Feature", "properties": {"codigo_setor": "510840205000321", "municipio": "Várzea Grande", "populacao": 600, "domicilios": 237, "situacao": "Urbana"}, "geometry": {"type": "Point", "coordinates": [-56.163471, -15.611846]}}, {"type": "Feature", "properties": {"codigo_setor": "510840205000322", "municipio": "Várzea Grande", "populacao": 613, "domicilios": 250, "situacao": "Urbana"}, "geometry": {"type": "Point", "coordinates": [-56.163782, -15.612185]}}, {"type": "Feature", "properties": {"codigo_setor": "510840205000323", "municipio": "Várzea Grande", "populacao": 534, "domicilios": 215, "situacao": "Urbana"}, "geometry": {"type": "Point", "coordinates": [-56.16118, -15.611862]}}, {"type": "Feature", "properties": {"codigo_setor": "510840205000324", "municipio": "Várzea Grande", "populacao": 594, "domicilios": 234, "situacao": "Urbana"}, "geometry": {"type": "Point", "coordinates": [-56.159763, -15.61121]}}, {"type": "Feature", "properties": {"codigo_setor": "510840205000325", "municipio": "Várzea Grande", "populacao": 977, "domicilios": 398, "situacao": "Urbana"}, "geometry": {"type": "Point", "coordinates": [-56.165325, -15.611148]}}, {"type": "Feature", "properties": {"codigo_setor": "510840205000326", "municipio": "Várzea Grande", "populacao": 424, "domicilios": 189, "situacao": "Urbana"}, "geometry": {"type": "Point", "coordinates": [-56.156523, -15.59927]}}, {"type": "Feature", "properties": {"codigo_setor": "510840205000355", "municipio": "Várzea Grande", "populacao": 787, "domicilios": 312, "situacao": "Urbana"}, "geometry": {"type": "Point", "coordinates": [-56.163832, -15.620226]}}, {"type": "Feature", "properties": {"codigo_setor": "510840205000356", "municipio": "Várzea Grande", "populacao": 373, "domicilios": 128, "situacao": "Urbana"}, "geometry": {"type": "Point", "coordinates": [-56.162716, -15.619937]}}, {"type": "Feature", "properties": {"codigo_setor": "510840205000392", "municipio": "Várzea Grande", "populacao": 184, "domicilios": 71, "situacao": "Urbana"}, "geometry": {"type": "Point", "coordinates": [-56.157568, -15.614726]}}, {"type": "Feature", "properties": {"codigo_setor": "510840205000393", "municipio": "Várzea Grande", "populacao": 0, "domicilios": 480, "situacao": "Urbana"}, "geometry": {"type": "Point", "coordinates": [-56.154022, -15.613689]}}, {"type": "Feature", "properties": {"codigo_setor": "510840225000020", "municipio": "Várzea Grande", "populacao": 437, "domicilios": 160, "situacao": "Rural"}, "geometry": {"type": "Point", "coordinates": [-56.219707, -15.736148]}}, {"type": "Feature", "properties": {"codigo_setor": "510840225000003", "municipio": "Várzea Grande", "populacao": 343, "domicilios": 188, "situacao": "Rural"}, "geometry": {"type": "Point", "coordinates": [-56.185719, -15.74687]}}, {"type": "Feature", "properties": {"codigo_setor": "510840225000016", "municipio": "Várzea Grande", "populacao": 1180, "domicilios": 418, "situacao": "Urbana"}, "geometry": {"type": "Point", "coordinates": [-56.189489, -15.67457]}}, {"type": "Feature", "properties": {"codigo_setor": "510840225000015", "municipio": "Várzea Grande", "populacao": 821, "domicilios": 299, "situacao": "Urbana"}, "geometry": {"type": "Point", "coordinates": [-56.188869, -15.676745]}}, {"type": "Feature", "properties": {"codigo_setor": "510840225000014", "municipio": "Várzea Grande", "populacao": 844, "domicilios": 316, "situacao": "Urbana"}, "geometry": {"type": "Point", "coordinates": [-56.187838, -15.68019]}}, {"type": "Feature", "properties": {"codigo_setor": "510840225000013", "municipio": "Várzea Grande", "populacao": 849, "domicilios": 305, "situacao": "Urbana"}, "geometry": {"type": "Point", "coordinates": [-56.186079, -15.683784]}}, {"type": "Feature", "properties": {"codigo_setor": "510840225000012", "municipio": "Várzea Grande", "populacao": 951, "domicilios": 307, "situacao": "Urbana"}, "geometry": {"type": "Point", "coordinates": [-56.183867, -15.686283]}}, {"type": "Feature", "properties": {"codigo_setor": "510840225000010", "municipio": "Várzea Grande", "populacao": 2, "domicilios": 1, "situacao": "Urbana"}, "geometry": {"type": "Point", "coordinates": [-56.182453, -15.680979]}}, {"type": "Feature", "properties": {"codigo_setor": "510840225000009", "municipio": "Várzea Grande", "populacao": 1132, "domicilios": 363, "situacao": "Urbana"}, "geometry": {"type": "Point", "coordinates": [-56.18248, -15.689267]}}, {"type": "Feature", "properties": {"codigo_setor": "510840225000006", "municipio": "Várzea Grande", "populacao": 581, "domicilios": 238, "situacao": "Urbana"}, "geometry": {"type": "Point", "coordinates": [-56.174051, -15.694203]}}, {"type": "Feature", "properties": {"codigo_setor": "510840225000008", "municipio": "Várzea Grande", "populacao": 1041, "domicilios": 340, "situacao": "Urbana"}, "geometry": {"type": "Point", "coordinates": [-56.181602, -15.690952]}}, {"type": "Feature", "properties": {"codigo_setor": "510840225000011", "municipio": "Várzea Grande", "populacao": 0, "domicilios": 1, "situacao": "Urbana"}, "geometry": {"type": "Point", "coordinates": [-56.181473, -15.682752]}}, {"type": "Feature", "properties": {"codigo_setor": "510840225000002", "municipio": "Várzea Grande", "populacao": 437, "domicilios": 193, "situacao": "Rural"}, "geometry": {"type": "Point", "coordinates": [-56.160622, -15.719944]}}, {"type": "Feature", "properties": {"codigo_setor": "510840205000017", "municipio": "Várzea Grande", "populacao": 815, "domicilios": 378, "situacao": "Urbana"}, "geometry": {"type": "Point", "coordinates": [-56.166758, -15.683638]}}, {"type": "Feature", "properties": {"codigo_setor": "510840205000380", "municipio": "Várzea Grande", "populacao": 1715, "domicilios": 930, "situacao": "Urbana"}, "geometry": {"type": "Point", "coordinates": [-56.165983, -15.674068]}}, {"type": "Feature", "properties": {"codigo_setor": "510840205000113", "municipio": "Várzea Grande", "populacao": 913, "domicilios": 379, "situacao": "Urbana"}, "geometry": {"type": "Point", "coordinates": [-56.164173, -15.693668]}}, {"type": "Feature", "properties": {"codigo_setor": "510840205000208", "municipio": "Várzea Grande", "populacao": 1032, "domicilios": 441, "situacao": "Urbana"}, "geometry": {"type": "Point", "coordinates": [-56.164509, -15.678173]}}, {"type": "Feature", "properties": {"codigo_setor": "510840205000338", "municipio": "Várzea Grande", "populacao": 943, "domicilios": 376, "situacao": "Urbana"}, "geometry": {"type": "Point", "coordinates": [-56.164877, -15.673299]}}, {"type": "Feature", "properties": {"codigo_setor": "510840205000159", "municipio": "Várzea Grande", "populacao": 889, "domicilios": 360, "situacao": "Urbana"}, "geometry": {"type": "Point", "coordinates": [-56.160583, -15.680052]}}, {"type": "Feature", "properties": {"codigo_setor": "510840225000019", "municipio": "Várzea Grande", "populacao": 606, "domicilios": 249, "situacao": "Urbana"}, "geometry": {"type": "Point", "coordinates": [-56.159201, -15.707336]}}, {"type": "Feature", "properties": {"codigo_setor": "510840205000209", "municipio": "Várzea Grande", "populacao": 961, "domicilios": 345, "situacao": "Urbana"}, "geometry": {"type": "Point", "coordinates": [-56.158436, -15.674862]}}, {"type": "Feature", "properties": {"codigo_setor": "510840205000158", "municipio": "Várzea Grande", "populacao": 902, "domicilios": 377, "situacao": "Urbana"}, "geometry": {"type": "Point", "coordinates": [-56.155928, -15.687125]}}, {"type": "Feature", "properties": {"codigo_setor": "510840205000304", "municipio": "Várzea Grande", "populacao": 763, "domicilios": 290, "situacao": "Urbana"}, "geometry": {"type": "Point", "coordinates": [-56.156853, -15.682953]}}, {"type": "Feature", "properties": {"codigo_setor": "510840205000302", "municipio": "Várzea Grande", "populacao": 1005, "domicilios": 486, "situacao": "Urbana"}, "geometry": {"type": "Point", "coordinates": [-56.155951, -15.693418]}}, {"type": "Feature", "properties": {"codigo_setor": "510840205000253", "municipio": "Várzea Grande", "populacao": 673, "domicilios": 253, "situacao": "Urbana"}, "geometry": {"type": "Point", "coordinates": [-56.157875, -15.677837]}}, {"type": "Feature", "properties": {"codigo_setor": "510840225000021", "municipio": "Várzea Grande", "populacao": 348, "domicilios": 2, "situacao": "Urbana"}, "geometry": {"type": "Point", "coordinates": [-56.19828, -15.737041]}}, {"type": "Feature", "properties": {"codigo_setor": "510340305410158", "municipio": "Cuiabá", "populacao": 510, "domicilios": 205, "situacao": "Urbana"}, "geometry": {"type": "Point", "coordinates": [-56.130003, -15.62164]}}, {"type": "Feature", "properties": {"codigo_setor": "510340305410024", "municipio": "Cuiabá", "populacao": 419, "domicilios": 165, "situacao": "Urbana"}, "geometry": {"type": "Point", "coordinates": [-56.131323, -15.621219]}}, {"type": "Feature", "properties": {"codigo_setor": "510340305410025", "municipio": "Cuiabá", "populacao": 671, "domicilios": 259, "situacao": "Urbana"}, "geometry": {"type": "Point", "coordinates": [-56.132074, -15.61949]}}, {"type": "Feature", "properties": {"codigo_setor": "510340305410135", "municipio": "Cuiabá", "populacao": 360, "domicilios": 157, "situacao": "Urbana"}, "geometry": {"type": "Point", "coordinates": [-56.127018, -15.618786]}}, {"type": "Feature", "properties": {"codigo_setor": "510340305410022", "municipio": "Cuiabá", "populacao": 589, "domicilios": 251, "situacao": "Urbana"}, "geometry": {"type": "Point", "coordinates": [-56.126993, -15.616609]}}, {"type": "Feature", "properties": {"codigo_setor": "510340305410159", "municipio": "Cuiabá", "populacao": 499, "domicilios": 194, "situacao": "Urbana"}, "geometry": {"type": "Point", "coordinates": [-56.132492, -15.617184]}}, {"type": "Feature", "properties": {"codigo_setor": "510340305410021", "municipio": "Cuiabá", "populacao": 381, "domicilios": 150, "situacao": "Urbana"}, "geometry": {"type": "Point", "coordinates": [-56.128542, -15.617001]}}, {"type": "Feature", "properties": {"codigo_setor": "510340305410029", "municipio": "Cuiabá", "populacao": 503, "domicilios": 172, "situacao": "Urbana"}, "geometry": {"type": "Point", "coordinates": [-56.134291, -15.615245]}}, {"type": "Feature", "properties": {"codigo_setor": "510340305410019", "municipio": "Cuiabá", "populacao": 306, "domicilios": 168, "situacao": "Urbana"}, "geometry": {"type": "Point", "coordinates": [-56.130322, -15.616461]}}, {"type": "Feature", "properties": {"codigo_setor": "510340305410020", "municipio": "Cuiabá", "populacao": 555, "domicilios": 220, "situacao": "Urbana"}, "geometry": {"type": "Point", "coordinates": [-56.128099, -15.615208]}}, {"type": "Feature", "properties": {"codigo_setor": "510340305410104", "municipio": "Cuiabá", "populacao": 640, "domicilios": 237, "situacao": "Urbana"}, "geometry": {"type": "Point", "coordinates": [-56.123425, -15.614332]}}, {"type": "Feature", "properties": {"codigo_setor": "510340305410157", "municipio": "Cuiabá", "populacao": 316, "domicilios": 145, "situacao": "Urbana"}, "geometry": {"type": "Point", "coordinates": [-56.129299, -15.61473]}}, {"type": "Feature", "properties": {"codigo_setor": "510340305410028", "municipio": "Cuiabá", "populacao": 506, "domicilios": 232, "situacao": "Urbana"}, "geometry": {"type": "Point", "coordinates": [-56.130836, -15.613578]}}, {"type": "Feature", "properties": {"codigo_setor": "510340305410027", "municipio": "Cuiabá", "populacao": 777, "domicilios": 292, "situacao": "Urbana"}, "geometry": {"type": "Point", "coordinates": [-56.131763, -15.613786]}}, {"type": "Feature", "properties": {"codigo_setor": "510340305410026", "municipio": "Cuiabá", "populacao": 370, "domicilios": 142, "situacao": "Urbana"}, "geometry": {"type": "Point", "coordinates": [-56.132008, -15.613128]}}, {"type": "Feature", "properties": {"codigo_setor": "510340305410160", "municipio": "Cuiabá", "populacao": 528, "domicilios": 169, "situacao": "Urbana"}, "geometry": {"type": "Point", "coordinates": [-56.132105, -15.612763]}}, {"type": "Feature", "properties": {"codigo_setor": "510340305410215", "municipio": "Cuiabá", "populacao": 334, "domicilios": 166, "situacao": "Urbana"}, "geometry": {"type": "Point", "coordinates": [-56.121937, -15.611876]}}, {"type": "Feature", "properties": {"codigo_setor": "510340305410030", "municipio": "Cuiabá", "populacao": 726, "domicilios": 271, "situacao": "Urbana"}, "geometry": {"type": "Point", "coordinates": [-56.134663, -15.611371]}}, {"type": "Feature", "properties": {"codigo_setor": "510340305410032", "municipio": "Cuiabá", "populacao": 584, "domicilios": 220, "situacao": "Urbana"}, "geometry": {"type": "Point", "coordinates": [-56.130047, -15.610884]}}, {"type": "Feature", "properties": {"codigo_setor": "510840205000128", "municipio": "Várzea Grande", "populacao": 593, "domicilios": 233, "situacao": "Urbana"}, "geometry": {"type": "Point", "coordinates": [-56.169775, -15.63579]}}, {"type": "Feature", "properties": {"codigo_setor": "510840205000024", "municipio": "Várzea Grande", "populacao": 638, "domicilios": 259, "situacao": "Urbana"}, "geometry": {"type": "Point", "coordinates": [-56.168518, -15.657802]}}, {"type": "Feature", "properties": {"codigo_setor": "510840205000044", "municipio": "Várzea Grande", "populacao": 663, "domicilios": 304, "situacao": "Urbana"}, "geometry": {"type": "Point", "coordinates": [-56.166122, -15.637788]}}, {"type": "Feature", "properties": {"codigo_setor": "510840205000025", "municipio": "Várzea Grande", "populacao": 736, "domicilios": 316, "situacao": "Urbana"}, "geometry": {"type": "Point", "coordinates": [-56.166214, -15.655255]}}, {"type": "Feature", "properties": {"codigo_setor": "510840205000046", "municipio": "Várzea Grande", "populacao": 732, "domicilios": 302, "situacao": "Urbana"}, "geometry": {"type": "Point", "coordinates": [-56.16468, -15.633015]}}, {"type": "Feature", "properties": {"codigo_setor": "510840205000023", "municipio": "Várzea Grande", "populacao": 672, "domicilios": 278, "situacao": "Urbana"}, "geometry": {"type": "Point", "coordinates": [-56.16423, -15.658542]}}, {"type": "Feature", "properties": {"codigo_setor": "510840205000033", "municipio": "Várzea Grande", "populacao": 421, "domicilios": 178, "situacao": "Urbana"}, "geometry": {"type": "Point", "coordinates": [-56.159632, -15.645648]}}, {"type": "Feature", "properties": {"codigo_setor": "510840205000043", "municipio": "Várzea Grande", "populacao": 376, "domicilios": 173, "situacao": "Urbana"}, "geometry": {"type": "Point", "coordinates": [-56.162277, -15.638621]}}, {"type": "Feature", "properties": {"codigo_setor": "510840205000026", "municipio": "Várzea Grande", "populacao": 774, "domicilios": 320, "situacao": "Urbana"}, "geometry": {"type": "Point", "coordinates": [-56.160618, -15.652321]}}, {"type": "Feature", "properties": {"codigo_setor": "510840205000045", "municipio": "Várzea Grande", "populacao": 528, "domicilios": 221, "situacao": "Urbana"}, "geometry": {"type": "Point", "coordinates": [-56.162016, -15.63333]}}, {"type": "Feature", "properties": {"codigo_setor": "510840205000041", "municipio": "Várzea Grande", "populacao": 474, "domicilios": 211, "situacao": "Urbana"}, "geometry": {"type": "Point", "coordinates": [-56.160738, -15.629797]}}, {"type": "Feature", "properties": {"codigo_setor": "510840205000042", "municipio": "Várzea Grande", "populacao": 784, "domicilios": 317, "situacao": "Urbana"}, "geometry": {"type": "Point", "coordinates": [-56.15897, -15.635176]}}, {"type": "Feature", "properties": {"codigo_setor": "510840205000032", "municipio": "Várzea Grande", "populacao": 680, "domicilios": 298, "situacao": "Urbana"}, "geometry": {"type": "Point", "coordinates": [-56.157276, -15.64897]}}, {"type": "Feature", "properties": {"codigo_setor": "510840205000022", "municipio": "Várzea Grande", "populacao": 524, "domicilios": 223, "situacao": "Urbana"}, "geometry": {"type": "Point", "coordinates": [-56.158068, -15.655985]}}, {"type": "Feature", "properties": {"codigo_setor": "510840205000040", "municipio": "Várzea Grande", "populacao": 627, "domicilios": 252, "situacao": "Urbana"}, "geometry": {"type": "Point", "coordinates": [-56.15538, -15.635446]}}, {"type": "Feature", "properties": {"codigo_setor": "510840205000031", "municipio": "Várzea Grande", "populacao": 750, "domicilios": 276, "situacao": "Urbana"}, "geometry": {"type": "Point", "coordinates": [-56.154257, -15.649629]}}, {"type": "Feature", "properties": {"codigo_setor": "510840205000021", "municipio": "Várzea Grande", "populacao": 808, "domicilios": 335, "situacao": "Urbana"}, "geometry": {"type": "Point", "coordinates": [-56.153362, -15.661932]}}, {"type": "Feature", "properties": {"codigo_setor": "510840205000030", "municipio": "Várzea Grande", "populacao": 450, "domicilios": 253, "situacao": "Urbana"}, "geometry": {"type": "Point", "coordinates": [-56.152348, -15.6512]}}, {"type": "Feature", "properties": {"codigo_setor": "510840205000039", "municipio": "Várzea Grande", "populacao": 634, "domicilios": 222, "situacao": "Urbana"}, "geometry": {"type": "Point", "coordinates": [-56.151625, -15.636215]}}, {"type": "Feature", "properties": {"codigo_setor": "510840205000029", "municipio": "Várzea Grande", "populacao": 695, "domicilios": 303, "situacao": "Urbana"}, "geometry": {"type": "Point", "coordinates": [-56.15103, -15.652268]}}, {"type": "Feature", "properties": {"codigo_setor": "510840205000003", "municipio": "Várzea Grande", "populacao": 837, "domicilios": 363, "situacao": "Urbana"}, "geometry": {"type": "Point", "coordinates": [-56.149651, -15.657744]}}, {"type": "Feature", "properties": {"codigo_setor": "510840205000028", "municipio": "Várzea Grande", "populacao": 510, "domicilios": 237, "situacao": "Urbana"}, "geometry": {"type": "Point", "coordinates": [-56.147366, -15.652151]}}, {"type": "Feature", "properties": {"codigo_setor": "510840205000004", "municipio": "Várzea Grande", "populacao": 483, "domicilios": 253, "situacao": "Urbana"}, "geometry": {"type": "Point", "coordinates": [-56.146349, -15.654126]}}, {"type": "Feature", "properties": {"codigo_setor": "510840205000027", "municipio": "Várzea Grande", "populacao": 395, "domicilios": 180, "situacao": "Urbana"}, "geometry": {"type": "Point", "coordinates": [-56.146242, -15.650907]}}, {"type": "Feature", "properties": {"codigo_setor": "510840205000001", "municipio": "Várzea Grande", "populacao": 779, "domicilios": 353, "situacao": "Urbana"}, "geometry": {"type": "Point", "coordinates": [-56.144819, -15.658053]}}, {"type": "Feature", "properties": {"codigo_setor": "510840205000161", "municipio": "Várzea Grande", "populacao": 1048, "domicilios": 453, "situacao": "Urbana"}, "geometry": {"type": "Point", "coordinates": [-56.155369, -15.658781]}}, {"type": "Feature", "properties": {"codigo_setor": "510840205000174", "municipio": "Várzea Grande", "populacao": 468, "domicilios": 270, "situacao": "Urbana"}, "geometry": {"type": "Point", "coordinates": [-56.150732, -15.645957]}}, {"type": "Feature", "properties": {"codigo_setor": "510840205000212", "municipio": "Várzea Grande", "populacao": 639, "domicilios": 276, "situacao": "Urbana"}, "geometry": {"type": "Point", "coordinates": [-56.161123, -15.657264]}}, {"type": "Feature", "properties": {"codigo_setor": "510840205000213", "municipio": "Várzea Grande", "populacao": 599, "domicilios": 229, "situacao": "Urbana"}, "geometry": {"type": "Point", "coordinates": [-56.167473, -15.660242]}}, {"type": "Feature", "properties": {"codigo_setor": "510840205000214", "municipio": "Várzea Grande", "populacao": 680, "domicilios": 258, "situacao": "Urbana"}, "geometry": {"type": "Point", "coordinates": [-56.164186, -15.6543]}}, {"type": "Feature", "properties": {"codigo_setor": "510840205000215", "municipio": "Várzea Grande", "populacao": 799, "domicilios": 325, "situacao": "Urbana"}, "geometry": {"type": "Point", "coordinates": [-56.159008, -15.653926]}}, {"type": "Feature", "properties": {"codigo_setor": "510840205000216", "municipio": "Várzea Grande", "populacao": 799, "domicilios": 337, "situacao": "Urbana"}, "geometry": {"type": "Point", "coordinates": [-56.169325, -15.643876]}}, {"type": "Feature", "properties": {"codigo_setor": "510840205000225", "municipio": "Várzea Grande", "populacao": 565, "domicilios": 199, "situacao": "Urbana"}, "geometry": {"type": "Point", "coordinates": [-56.152279, -15.632457]}}, {"type": "Feature", "properties": {"codigo_setor": "510840205000065", "municipio": "Várzea Grande", "populacao": 834, "domicilios": 299, "situacao": "Urbana"}, "geometry": {"type": "Point", "coordinates": [-56.145533, -15.640895]}}, {"type": "Feature", "properties": {"codigo_setor": "510840205000166", "municipio": "Várzea Grande", "populacao": 533, "domicilios": 283, "situacao": "Urbana"}, "geometry": {"type": "Point", "coordinates": [-56.157652, -15.640231]}}, {"type": "Feature", "properties": {"codigo_setor": "510840205000037", "municipio": "Várzea Grande", "populacao": 287, "domicilios": 140, "situacao": "Urbana"}, "geometry": {"type": "Point", "coordinates": [-56.158716, -15.642471]}}, {"type": "Feature", "properties": {"codigo_setor": "510840205000059", "municipio": "Várzea Grande", "populacao": 1154, "domicilios": 444, "situacao": "Urbana"}, "geometry": {"type": "Point", "coordinates": [-56.148876, -15.641985]}}, {"type": "Feature", "properties": {"codigo_setor": "510840205000276", "municipio": "Várzea Grande", "populacao": 331, "domicilios": 115, "situacao": "Urbana"}, "geometry": {"type": "Point", "coordinates": [-56.16065, -15.633422]}}, {"type": "Feature", "properties": {"codigo_setor": "510840205000277", "municipio": "Várzea Grande", "populacao": 520, "domicilios": 187, "situacao": "Urbana"}, "geometry": {"type": "Point", "coordinates": [-56.158886, -15.630182]}}, {"type": "Feature", "properties": {"codigo_setor": "510840205000278", "municipio": "Várzea Grande", "populacao": 346, "domicilios": 116, "situacao": "Urbana"}, "geometry": {"type": "Point", "coordinates": [-56.150553, -15.632537]}}, {"type": "Feature", "properties": {"codigo_setor": "510840205000038", "municipio": "Várzea Grande", "populacao": 543, "domicilios": 247, "situacao": "Urbana"}, "geometry": {"type": "Point", "coordinates": [-56.156799, -15.638589]}}, {"type": "Feature", "properties": {"codigo_setor": "510840205000286", "municipio": "Várzea Grande", "populacao": 499, "domicilios": 232, "situacao": "Urbana"}, "geometry": {"type": "Point", "coordinates": [-56.165184, -15.643888]}}, {"type": "Feature", "properties": {"codigo_setor": "510840205000366", "municipio": "Várzea Grande", "populacao": 426, "domicilios": 226, "situacao": "Urbana"}, "geometry": {"type": "Point", "coordinates": [-56.144726, -15.659378]}}, {"type": "Feature", "properties": {"codigo_setor": "510840205000331", "municipio": "Várzea Grande", "populacao": 528, "domicilios": 281, "situacao": "Urbana"}, "geometry": {"type": "Point", "coordinates": [-56.130186, -15.670666]}}, {"type": "Feature", "properties": {"codigo_setor": "510840205000182", "municipio": "Várzea Grande", "populacao": 59, "domicilios": 32, "situacao": "Urbana"}, "geometry": {"type": "Point", "coordinates": [-56.120073, -15.693354]}}, {"type": "Feature", "properties": {"codigo_setor": "510840205000332", "municipio": "Várzea Grande", "populacao": 506, "domicilios": 246, "situacao": "Urbana"}, "geometry": {"type": "Point", "coordinates": [-56.129078, -15.675732]}}, {"type": "Feature", "properties": {"codigo_setor": "510840205000100", "municipio": "Várzea Grande", "populacao": 808, "domicilios": 311, "situacao": "Urbana"}, "geometry": {"type": "Point", "coordinates": [-56.126869, -15.693832]}}, {"type": "Feature", "properties": {"codigo_setor": "510840205000312", "municipio": "Várzea Grande", "populacao": 375, "domicilios": 152, "situacao": "Urbana"}, "geometry": {"type": "Point", "coordinates": [-56.126768, -15.702783]}}, {"type": "Feature", "properties": {"codigo_setor": "510840205000300", "municipio": "Várzea Grande", "populacao": 794, "domicilios": 336, "situacao": "Urbana"}, "geometry": {"type": "Point", "coordinates": [-56.126553, -15.701211]}}, {"type": "Feature", "properties": {"codigo_setor": "510840205000183", "municipio": "Várzea Grande", "populacao": 878, "domicilios": 365, "situacao": "Urbana"}, "geometry": {"type": "Point", "coordinates": [-56.126221, -15.697469]}}, {"type": "Feature", "properties": {"codigo_setor": "510840205000258", "municipio": "Várzea Grande", "populacao": 885, "domicilios": 336, "situacao": "Urbana"}, "geometry": {"type": "Point", "coordinates": [-56.124872, -15.686145]}}, {"type": "Feature", "properties": {"codigo_setor": "510840205000096", "municipio": "Várzea Grande", "populacao": 679, "domicilios": 290, "situacao": "Urbana"}, "geometry": {"type": "Point", "coordinates": [-56.125828, -15.672377]}}, {"type": "Feature", "properties": {"codigo_setor": "510840205000233", "municipio": "Várzea Grande", "populacao": 940, "domicilios": 403, "situacao": "Urbana"}, "geometry": {"type": "Point", "coordinates": [-56.124094, -15.67079]}}, {"type": "Feature", "properties": {"codigo_setor": "510840205000370", "municipio": "Várzea Grande", "populacao": 174, "domicilios": 80, "situacao": "Urbana"}, "geometry": {"type": "Point", "coordinates": [-56.125772, -15.681562]}}, {"type": "Feature", "properties": {"codigo_setor": "510840205000281", "municipio": "Várzea Grande", "populacao": 427, "domicilios": 175, "situacao": "Urbana"}, "geometry": {"type": "Point", "coordinates": [-56.124205, -15.666893]}}, {"type": "Feature", "properties": {"codigo_setor": "510840205000094", "municipio": "Várzea Grande", "populacao": 690, "domicilios": 297, "situacao": "Urbana"}, "geometry": {"type": "Point", "coordinates": [-56.126656, -15.676753]}}, {"type": "Feature", "properties": {"codigo_setor": "510840205000232", "municipio": "Várzea Grande", "populacao": 841, "domicilios": 324, "situacao": "Urbana"}, "geometry": {"type": "Point", "coordinates": [-56.124447, -15.678561]}}, {"type": "Feature", "properties": {"codigo_setor": "510840205000369", "municipio": "Várzea Grande", "populacao": 1241, "domicilios": 470, "situacao": "Urbana"}, "geometry": {"type": "Point", "coordinates": [-56.122749, -15.683216]}}, {"type": "Feature", "properties": {"codigo_setor": "510840205000229", "municipio": "Várzea Grande", "populacao": 747, "domicilios": 316, "situacao": "Urbana"}, "geometry": {"type": "Point", "coordinates": [-56.122532, -15.665356]}}, {"type": "Feature", "properties": {"codigo_setor": "510840205000350", "municipio": "Várzea Grande", "populacao": 448, "domicilios": 172, "situacao": "Urbana"}, "geometry": {"type": "Point", "coordinates": [-56.122829, -15.676019]}}, {"type": "Feature", "properties": {"codigo_setor": "510840205000099", "municipio": "Várzea Grande", "populacao": 764, "domicilios": 358, "situacao": "Urbana"}, "geometry": {"type": "Point", "coordinates": [-56.122007, -15.696408]}}, {"type": "Feature", "properties": {"codigo_setor": "510840205000145", "municipio": "Várzea Grande", "populacao": 2, "domicilios": 3, "situacao": "Urbana"}, "geometry": {"type": "Point", "coordinates": [-56.108858, -15.659145]}}, {"type": "Feature", "properties": {"codigo_setor": "510840205000234", "municipio": "Várzea Grande", "populacao": 1456, "domicilios": 578, "situacao": "Urbana"}, "geometry": {"type": "Point", "coordinates": [-56.12035, -15.679644]}}, {"type": "Feature", "properties": {"codigo_setor": "510840205000349", "municipio": "Várzea Grande", "populacao": 539, "domicilios": 254, "situacao": "Urbana"}, "geometry": {"type": "Point", "coordinates": [-56.12146, -15.673423]}}, {"type": "Feature", "properties": {"codigo_setor": "510840205000091", "municipio": "Várzea Grande", "populacao": 820, "domicilios": 421, "situacao": "Urbana"}, "geometry": {"type": "Point", "coordinates": [-56.118132, -15.660611]}}, {"type": "Feature", "properties": {"codigo_setor": "510840205000274", "municipio": "Várzea Grande", "populacao": 615, "domicilios": 252, "situacao": "Urbana"}, "geometry": {"type": "Point", "coordinates": [-56.122204, -15.701797]}}, {"type": "Feature", "properties": {"codigo_setor": "510840205000313", "municipio": "Várzea Grande", "populacao": 948, "domicilios": 409, "situacao": "Urbana"}, "geometry": {"type": "Point", "coordinates": [-56.117729, -15.683593]}}, {"type": "Feature", "properties": {"codigo_setor": "510840205000181", "municipio": "Várzea Grande", "populacao": 862, "domicilios": 331, "situacao": "Urbana"}, "geometry": {"type": "Point", "coordinates": [-56.119179, -15.666247]}}, {"type": "Feature", "properties": {"codigo_setor": "510840205000257", "municipio": "Várzea Grande", "populacao": 288, "domicilios": 117, "situacao": "Urbana"}, "geometry": {"type": "Point", "coordinates": [-56.115278, -15.675296]}}, {"type": "Feature", "properties": {"codigo_setor": "510840205000256", "municipio": "Várzea Grande", "populacao": 861, "domicilios": 375, "situacao": "Urbana"}, "geometry": {"type": "Point", "coordinates": [-56.116522, -15.668906]}}, {"type": "Feature", "properties": {"codigo_setor": "510840205000329", "municipio": "Várzea Grande", "populacao": 75, "domicilios": 48, "situacao": "Urbana"}, "geometry": {"type": "Point", "coordinates": [-56.10885, -15.682296]}}, {"type": "Feature", "properties": {"codigo_setor": "510840220000016", "municipio": "Várzea Grande", "populacao": 334, "domicilios": 171, "situacao": "Urbana"}, "geometry": {"type": "Point", "coordinates": [-56.10784, -15.642702]}}, {"type": "Feature", "properties": {"codigo_setor": "510840220000026", "municipio": "Várzea Grande", "populacao": 627, "domicilios": 346, "situacao": "Urbana"}, "geometry": {"type": "Point", "coordinates": [-56.105801, -15.646932]}}, {"type": "Feature", "properties": {"codigo_setor": "510840220000018", "municipio": "Várzea Grande", "populacao": 343, "domicilios": 178, "situacao": "Urbana"}, "geometry": {"type": "Point", "coordinates": [-56.104918, -15.64093]}}, {"type": "Feature", "properties": {"codigo_setor": "510840220000025", "municipio": "Várzea Grande", "populacao": 363, "domicilios": 199, "situacao": "Urbana"}, "geometry": {"type": "Point", "coordinates": [-56.105503, -15.649412]}}, {"type": "Feature", "properties": {"codigo_setor": "510840205000093", "municipio": "Várzea Grande", "populacao": 903, "domicilios": 326, "situacao": "Urbana"}, "geometry": {"type": "Point", "coordinates": [-56.103014, -15.679567]}}, {"type": "Feature", "properties": {"codigo_setor": "510840220000024", "municipio": "Várzea Grande", "populacao": 390, "domicilios": 176, "situacao": "Urbana"}, "geometry": {"type": "Point", "coordinates": [-56.103462, -15.651903]}}, {"type": "Feature", "properties": {"codigo_setor": "510840220000022", "municipio": "Várzea Grande", "populacao": 249, "domicilios": 126, "situacao": "Urbana"}, "geometry": {"type": "Point", "coordinates": [-56.103724, -15.645678]}}, {"type": "Feature", "properties": {"codigo_setor": "510840220000043", "municipio": "Várzea Grande", "populacao": 664, "domicilios": 360, "situacao": "Urbana"}, "geometry": {"type": "Point", "coordinates": [-56.098469, -15.640501]}}, {"type": "Feature", "properties": {"codigo_setor": "510840220000065", "municipio": "Várzea Grande", "populacao": 307, "domicilios": 244, "situacao": "Urbana"}, "geometry": {"type": "Point", "coordinates": [-56.105833, -15.644133]}}, {"type": "Feature", "properties": {"codigo_setor": "510840220000073", "municipio": "Várzea Grande", "populacao": 206, "domicilios": 95, "situacao": "Urbana"}, "geometry": {"type": "Point", "coordinates": [-56.107054, -15.643964]}}, {"type": "Feature", "properties": {"codigo_setor": "510840220000075", "municipio": "Várzea Grande", "populacao": 285, "domicilios": 144, "situacao": "Urbana"}, "geometry": {"type": "Point", "coordinates": [-56.104141, -15.650055]}}, {"type": "Feature", "properties": {"codigo_setor": "510840205000314", "municipio": "Várzea Grande", "populacao": 667, "domicilios": 271, "situacao": "Urbana"}, "geometry": {"type": "Point", "coordinates": [-56.101091, -15.682602]}}, {"type": "Feature", "properties": {"codigo_setor": "510340305410023", "municipio": "Cuiabá", "populacao": 320, "domicilios": 129, "situacao": "Urbana"}, "geometry": {"type": "Point", "coordinates": [-56.124699, -15.621541]}}, {"type": "Feature", "properties": {"codigo_setor": "510340305410105", "municipio": "Cuiabá", "populacao": 815, "domicilios": 286, "situacao": "Urbana"}, "geometry": {"type": "Point", "coordinates": [-56.12565, -15.611974]}}, {"type": "Feature", "properties": {"codigo_setor": "510840205000143", "municipio": "Várzea Grande", "populacao": 865, "domicilios": 361, "situacao": "Urbana"}, "geometry": {"type": "Point", "coordinates": [-56.123823, -15.636677]}}, {"type": "Feature", "properties": {"codigo_setor": "510340305410018", "municipio": "Cuiabá", "populacao": 833, "domicilios": 414, "situacao": "Urbana"}, "geometry": {"type": "Point", "coordinates": [-56.120283, -15.615577]}}, {"type": "Feature", "properties": {"codigo_setor": "510840205000144", "municipio": "Várzea Grande", "populacao": 430, "domicilios": 215, "situacao": "Urbana"}, "geometry": {"type": "Point", "coordinates": [-56.120148, -15.63238]}}, {"type": "Feature", "properties": {"codigo_setor": "510340305410016", "municipio": "Cuiabá", "populacao": 410, "domicilios": 212, "situacao": "Urbana"}, "geometry": {"type": "Point", "coordinates": [-56.115025, -15.617803]}}, {"type": "Feature", "properties": {"codigo_setor": "510340305410009", "municipio": "Cuiabá", "populacao": 547, "domicilios": 206, "situacao": "Urbana"}, "geometry": {"type": "Point", "coordinates": [-56.118492, -15.611577]}}, {"type": "Feature", "properties": {"codigo_setor": "510340305410017", "municipio": "Cuiabá", "populacao": 405, "domicilios": 224, "situacao": "Urbana"}, "geometry": {"type": "Point", "coordinates": [-56.117903, -15.619627]}}, {"type": "Feature", "properties": {"codigo_setor": "510340305410010", "municipio": "Cuiabá", "populacao": 694, "domicilios": 365, "situacao": "Urbana"}, "geometry": {"type": "Point", "coordinates": [-56.117138, -15.610713]}}, {"type": "Feature", "properties": {"codigo_setor": "510340305410134", "municipio": "Cuiabá", "populacao": 433, "domicilios": 273, "situacao": "Urbana"}, "geometry": {"type": "Point", "coordinates": [-56.117672, -15.619415]}}, {"type": "Feature", "properties": {"codigo_setor": "510340305410008", "municipio": "Cuiabá", "populacao": 666, "domicilios": 264, "situacao": "Urbana"}, "geometry": {"type": "Point", "coordinates": [-56.116722, -15.613949]}}, {"type": "Feature", "properties": {"codigo_setor": "510340305410131", "municipio": "Cuiabá", "populacao": 321, "domicilios": 172, "situacao": "Urbana"}, "geometry": {"type": "Point", "coordinates": [-56.112841, -15.610943]}}, {"type": "Feature", "properties": {"codigo_setor": "510340305410133", "municipio": "Cuiabá", "populacao": 397, "domicilios": 178, "situacao": "Urbana"}, "geometry": {"type": "Point", "coordinates": [-56.10948, -15.61173]}}, {"type": "Feature", "properties": {"codigo_setor": "510340305410015", "municipio": "Cuiabá", "populacao": 229, "domicilios": 109, "situacao": "Urbana"}, "geometry": {"type": "Point", "coordinates": [-56.107502, -15.614585]}}, {"type": "Feature", "properties": {"codigo_setor": "510340305410014", "municipio": "Cuiabá", "populacao": 186, "domicilios": 97, "situacao": "Urbana"}, "geometry": {"type": "Point", "coordinates": [-56.104292, -15.613061]}}, {"type": "Feature", "properties": {"codigo_setor": "510340305420058", "municipio": "Cuiabá", "populacao": 11, "domicilios": 4, "situacao": "Urbana"}, "geometry": {"type": "Point", "coordinates": [-56.098333, -15.617298]}}, {"type": "Feature", "properties": {"codigo_setor": "510340305420063", "municipio": "Cuiabá", "populacao": 434, "domicilios": 199, "situacao": "Urbana"}, "geometry": {"type": "Point", "coordinates": [-56.09955, -15.61063]}}, {"type": "Feature", "properties": {"codigo_setor": "510340305420059", "municipio": "Cuiabá", "populacao": 455, "domicilios": 206, "situacao": "Urbana"}, "geometry": {"type": "Point", "coordinates": [-56.096758, -15.613642]}}, {"type": "Feature", "properties": {"codigo_setor": "510340305420062", "municipio": "Cuiabá", "populacao": 592, "domicilios": 254, "situacao": "Urbana"}, "geometry": {"type": "Point", "coordinates": [-56.097879, -15.611382]}}, {"type": "Feature", "properties": {"codigo_setor": "510340305420100", "municipio": "Cuiabá", "populacao": 456, "domicilios": 204, "situacao": "Urbana"}, "geometry": {"type": "Point", "coordinates": [-56.094063, -15.62218]}}, {"type": "Feature", "properties": {"codigo_setor": "510340305420121", "municipio": "Cuiabá", "populacao": 596, "domicilios": 235, "situacao": "Urbana"}, "geometry": {"type": "Point", "coordinates": [-56.093725, -15.617661]}}, {"type": "Feature", "properties": {"codigo_setor": "510340305420103", "municipio": "Cuiabá", "populacao": 415, "domicilios": 179, "situacao": "Urbana"}, "geometry": {"type": "Point", "coordinates": [-56.093262, -15.614953]}}, {"type": "Feature", "properties": {"codigo_setor": "510840220000001", "municipio": "Várzea Grande", "populacao": 682, "domicilios": 337, "situacao": "Urbana"}, "geometry": {"type": "Point", "coordinates": [-56.116894, -15.62816]}}, {"type": "Feature", "properties": {"codigo_setor": "510840220000002", "municipio": "Várzea Grande", "populacao": 610, "domicilios": 287, "situacao": "Urbana"}, "geometry": {"type": "Point", "coordinates": [-56.110552, -15.621709]}}, {"type": "Feature", "properties": {"codigo_setor": "510840220000005", "municipio": "Várzea Grande", "populacao": 417, "domicilios": 209, "situacao": "Urbana"}, "geometry": {"type": "Point", "coordinates": [-56.102201, -15.633013]}}, {"type": "Feature", "properties": {"codigo_setor": "510840220000006", "municipio": "Várzea Grande", "populacao": 534, "domicilios": 240, "situacao": "Urbana"}, "geometry": {"type": "Point", "coordinates": [-56.106535, -15.632491]}}, {"type": "Feature", "properties": {"codigo_setor": "510840220000007", "municipio": "Várzea Grande", "populacao": 858, "domicilios": 394, "situacao": "Urbana"}, "geometry": {"type": "Point", "coordinates": [-56.105108, -15.628883]}}, {"type": "Feature", "properties": {"codigo_setor": "510840220000008", "municipio": "Várzea Grande", "populacao": 707, "domicilios": 317, "situacao": "Urbana"}, "geometry": {"type": "Point", "coordinates": [-56.108397, -15.630782]}}, {"type": "Feature", "properties": {"codigo_setor": "510840220000009", "municipio": "Várzea Grande", "populacao": 593, "domicilios": 213, "situacao": "Urbana"}, "geometry": {"type": "Point", "coordinates": [-56.107965, -15.625501]}}, {"type": "Feature", "properties": {"codigo_setor": "510840220000010", "municipio": "Várzea Grande", "populacao": 623, "domicilios": 248, "situacao": "Urbana"}, "geometry": {"type": "Point", "coordinates": [-56.1124, -15.630334]}}, {"type": "Feature", "properties": {"codigo_setor": "510840220000011", "municipio": "Várzea Grande", "populacao": 683, "domicilios": 261, "situacao": "Urbana"}, "geometry": {"type": "Point", "coordinates": [-56.109737, -15.634098]}}, {"type": "Feature", "properties": {"codigo_setor": "510840220000013", "municipio": "Várzea Grande", "populacao": 691, "domicilios": 270, "situacao": "Urbana"}, "geometry": {"type": "Point", "coordinates": [-56.108643, -15.636884]}}, {"type": "Feature", "properties": {"codigo_setor": "510840220000014", "municipio": "Várzea Grande", "populacao": 500, "domicilios": 225, "situacao": "Urbana"}, "geometry": {"type": "Point", "coordinates": [-56.11249, -15.636458]}}, {"type": "Feature", "properties": {"codigo_setor": "510840220000015", "municipio": "Várzea Grande", "populacao": 708, "domicilios": 285, "situacao": "Urbana"}, "geometry": {"type": "Point", "coordinates": [-56.116226, -15.633459]}}, {"type": "Feature", "properties": {"codigo_setor": "510840220000061", "municipio": "Várzea Grande", "populacao": 550, "domicilios": 221, "situacao": "Urbana"}, "geometry": {"type": "Point", "coordinates": [-56.102991, -15.621729]}}, {"type": "Feature", "properties": {"codigo_setor": "510840220000062", "municipio": "Várzea Grande", "populacao": 713, "domicilios": 241, "situacao": "Urbana"}, "geometry": {"type": "Point", "coordinates": [-56.100756, -15.628009]}}, {"type": "Feature", "properties": {"codigo_setor": "510840220000064", "municipio": "Várzea Grande", "populacao": 661, "domicilios": 242, "situacao": "Urbana"}, "geometry": {"type": "Point", "coordinates": [-56.116598, -15.635937]}}, {"type": "Feature", "properties": {"codigo_setor": "510840220000072", "municipio": "Várzea Grande", "populacao": 774, "domicilios": 369, "situacao": "Urbana"}, "geometry": {"type": "Point", "coordinates": [-56.105331, -15.625591]}}, {"type": "Feature", "properties": {"codigo_setor": "510840220000085", "municipio": "Várzea Grande", "populacao": 244, "domicilios": 114, "situacao": "Urbana"}, "geometry": {"type": "Point", "coordinates": [-56.110212, -15.626877]}}, {"type": "Feature", "properties": {"codigo_setor": "510840220000088", "municipio": "Várzea Grande", "populacao": 493, "domicilios": 237, "situacao": "Urbana"}, "geometry": {"type": "Point", "coordinates": [-56.103518, -15.619179]}}, {"type": "Feature", "properties": {"codigo_setor": "510840220000095", "municipio": "Várzea Grande", "populacao": 353, "domicilios": 144, "situacao": "Urbana"}, "geometry": {"type": "Point", "coordinates": [-56.103333, -15.633883]}}, {"type": "Feature", "properties": {"codigo_setor": "510840220000096", "municipio": "Várzea Grande", "populacao": 421, "domicilios": 166, "situacao": "Urbana"}, "geometry": {"type": "Point", "coordinates": [-56.102215, -15.630619]}}, {"type": "Feature", "properties": {"codigo_setor": "510840220000097", "municipio": "Várzea Grande", "populacao": 268, "domicilios": 119, "situacao": "Urbana"}, "geometry": {"type": "Point", "coordinates": [-56.098072, -15.625407]}}, {"type": "Feature", "properties": {"codigo_setor": "510840220000098", "municipio": "Várzea Grande", "populacao": 1233, "domicilios": 688, "situacao": "Urbana"}, "geometry": {"type": "Point", "coordinates": [-56.099266, -15.622983]}}, {"type": "Feature", "properties": {"codigo_setor": "510840220000099", "municipio": "Várzea Grande", "populacao": 541, "domicilios": 288, "situacao": "Urbana"}, "geometry": {"type": "Point", "coordinates": [-56.105438, -15.618908]}}, {"type": "Feature", "properties": {"codigo_setor": "510840220000100", "municipio": "Várzea Grande", "populacao": 484, "domicilios": 240, "situacao": "Urbana"}, "geometry": {"type": "Point", "coordinates": [-56.105089, -15.620471]}}, {"type": "Feature", "properties": {"codigo_setor": "510840220000101", "municipio": "Várzea Grande", "populacao": 392, "domicilios": 180, "situacao": "Urbana"}, "geometry": {"type": "Point", "coordinates": [-56.106575, -15.621438]}}, {"type": "Feature", "properties": {"codigo_setor": "510840205000164", "municipio": "Várzea Grande", "populacao": 881, "domicilios": 348, "situacao": "Urbana"}, "geometry": {"type": "Point", "coordinates": [-56.172112, -15.656882]}}, {"type": "Feature", "properties": {"codigo_setor": "510840205000223", "municipio": "Várzea Grande", "populacao": 509, "domicilios": 225, "situacao": "Urbana"}, "geometry": {"type": "Point", "coordinates": [-56.175882, -15.656687]}}, {"type": "Feature", "properties": {"codigo_setor": "510840205000036", "municipio": "Várzea Grande", "populacao": 511, "domicilios": 215, "situacao": "Urbana"}, "geometry": {"type": "Point", "coordinates": [-56.177574, -15.656883]}}, {"type": "Feature", "properties": {"codigo_setor": "510840205000222", "municipio": "Várzea Grande", "populacao": 608, "domicilios": 211, "situacao": "Urbana"}, "geometry": {"type": "Point", "coordinates": [-56.174067, -15.655297]}}, {"type": "Feature", "properties": {"codigo_setor": "510840205000005", "municipio": "Várzea Grande", "populacao": 499, "domicilios": 203, "situacao": "Urbana"}, "geometry": {"type": "Point", "coordinates": [-56.144846, -15.655571]}}, {"type": "Feature", "properties": {"codigo_setor": "510840205000162", "municipio": "Várzea Grande", "populacao": 589, "domicilios": 241, "situacao": "Urbana"}, "geometry": {"type": "Point", "coordinates": [-56.155003, -15.654933]}}, {"type": "Feature", "properties": {"codigo_setor": "510840205000034", "municipio": "Várzea Grande", "populacao": 249, "domicilios": 115, "situacao": "Urbana"}, "geometry": {"type": "Point", "coordinates": [-56.165804, -15.650075]}}, {"type": "Feature", "properties": {"codigo_setor": "510840205000219", "municipio": "Várzea Grande", "populacao": 660, "domicilios": 301, "situacao": "Urbana"}, "geometry": {"type": "Point", "coordinates": [-56.172554, -15.652708]}}, {"type": "Feature", "properties": {"codigo_setor": "510840205000153", "municipio": "Várzea Grande", "populacao": 415, "domicilios": 195, "situacao": "Urbana"}, "geometry": {"type": "Point", "coordinates": [-56.141861, -15.652143]}}, {"type": "Feature", "properties": {"codigo_setor": "510840205000221", "municipio": "Várzea Grande", "populacao": 401, "domicilios": 168, "situacao": "Urbana"}, "geometry": {"type": "Point", "coordinates": [-56.174862, -15.650995]}}, {"type": "Feature", "properties": {"codigo_setor": "510840205000177", "municipio": "Várzea Grande", "populacao": 223, "domicilios": 106, "situacao": "Urbana"}, "geometry": {"type": "Point", "coordinates": [-56.142052, -15.650049]}}, {"type": "Feature", "properties": {"codigo_setor": "510840205000218", "municipio": "Várzea Grande", "populacao": 553, "domicilios": 230, "situacao": "Urbana"}, "geometry": {"type": "Point", "coordinates": [-56.17334, -15.649614]}}, {"type": "Feature", "properties": {"codigo_setor": "510840205000165", "municipio": "Várzea Grande", "populacao": 140, "domicilios": 109, "situacao": "Urbana"}, "geometry": {"type": "Point", "coordinates": [-56.147957, -15.649127]}}, {"type": "Feature", "properties": {"codigo_setor": "510840205000078", "municipio": "Várzea Grande", "populacao": 531, "domicilios": 275, "situacao": "Urbana"}, "geometry": {"type": "Point", "coordinates": [-56.143, -15.647536]}}, {"type": "Feature", "properties": {"codigo_setor": "510840205000063", "municipio": "Várzea Grande", "populacao": 846, "domicilios": 358, "situacao": "Urbana"}, "geometry": {"type": "Point", "coordinates": [-56.143745, -15.64625]}}, {"type": "Feature", "properties": {"codigo_setor": "510840205000062", "municipio": "Várzea Grande", "populacao": 242, "domicilios": 117, "situacao": "Urbana"}, "geometry": {"type": "Point", "coordinates": [-56.152498, -15.645883]}}, {"type": "Feature", "properties": {"codigo_setor": "510840205000061", "municipio": "Várzea Grande", "populacao": 506, "domicilios": 248, "situacao": "Urbana"}, "geometry": {"type": "Point", "coordinates": [-56.147545, -15.645154]}}, {"type": "Feature", "properties": {"codigo_setor": "510840205000365", "municipio": "Várzea Grande", "populacao": 401, "domicilios": 255, "situacao": "Urbana"}, "geometry": {"type": "Point", "coordinates": [-56.144791, -15.658223]}}, {"type": "Feature", "properties": {"codigo_setor": "510840205000367", "municipio": "Várzea Grande", "populacao": 371, "domicilios": 216, "situacao": "Urbana"}, "geometry": {"type": "Point", "coordinates": [-56.143206, -15.658093]}}, {"type": "Feature", "properties": {"codigo_setor": "510840205000368", "municipio": "Várzea Grande", "populacao": 465, "domicilios": 269, "situacao": "Urbana"}, "geometry": {"type": "Point", "coordinates": [-56.143755, -15.658614]}}, {"type": "Feature", "properties": {"codigo_setor": "510840205000287", "municipio": "Várzea Grande", "populacao": 1159, "domicilios": 387, "situacao": "Urbana"}, "geometry": {"type": "Point", "coordinates": [-56.192854, -15.631526]}}, {"type": "Feature", "properties": {"codigo_setor": "510840205000130", "municipio": "Várzea Grande", "populacao": 796, "domicilios": 293, "situacao": "Urbana"}, "geometry": {"type": "Point", "coordinates": [-56.170769, -15.628736]}}, {"type": "Feature", "properties": {"codigo_setor": "510840205000269", "municipio": "Várzea Grande", "populacao": 1024, "domicilios": 366, "situacao": "Urbana"}, "geometry": {"type": "Point", "coordinates": [-56.188959, -15.629375]}}, {"type": "Feature", "properties": {"codigo_setor": "510840205000132", "municipio": "Várzea Grande", "populacao": 815, "domicilios": 293, "situacao": "Urbana"}, "geometry": {"type": "Point", "coordinates": [-56.172462, -15.625473]}}, {"type": "Feature", "properties": {"codigo_setor": "510840205000194", "municipio": "Várzea Grande", "populacao": 870, "domicilios": 329, "situacao": "Urbana"}, "geometry": {"type": "Point", "coordinates": [-56.174158, -15.621801]}}, {"type": "Feature", "properties": {"codigo_setor": "510840205000270", "municipio": "Várzea Grande", "populacao": 399, "domicilios": 158, "situacao": "Urbana"}, "geometry": {"type": "Point", "coordinates": [-56.185951, -15.624681]}}, {"type": "Feature", "properties": {"codigo_setor": "510840205000195", "municipio": "Várzea Grande", "populacao": 613, "domicilios": 229, "situacao": "Urbana"}, "geometry": {"type": "Point", "coordinates": [-56.172251, -15.622757]}}, {"type": "Feature", "properties": {"codigo_setor": "510840205000268", "municipio": "Várzea Grande", "populacao": 535, "domicilios": 590, "situacao": "Urbana"}, "geometry": {"type": "Point", "coordinates": [-56.186789, -15.620233]}}, {"type": "Feature", "properties": {"codigo_setor": "510840205000133", "municipio": "Várzea Grande", "populacao": 780, "domicilios": 277, "situacao": "Urbana"}, "geometry": {"type": "Point", "coordinates": [-56.172037, -15.619265]}}, {"type": "Feature", "properties": {"codigo_setor": "510840205000289", "municipio": "Várzea Grande", "populacao": 650, "domicilios": 246, "situacao": "Urbana"}, "geometry": {"type": "Point", "coordinates": [-56.180338, -15.618257]}}, {"type": "Feature", "properties": {"codigo_setor": "510840205000291", "municipio": "Várzea Grande", "populacao": 100, "domicilios": 40, "situacao": "Urbana"}, "geometry": {"type": "Point", "coordinates": [-56.18215, -15.616886]}}, {"type": "Feature", "properties": {"codigo_setor": "510840205000267", "municipio": "Várzea Grande", "populacao": 757, "domicilios": 303, "situacao": "Urbana"}, "geometry": {"type": "Point", "coordinates": [-56.177704, -15.616196]}}, {"type": "Feature", "properties": {"codigo_setor": "510840205000136", "municipio": "Várzea Grande", "populacao": 495, "domicilios": 189, "situacao": "Urbana"}, "geometry": {"type": "Point", "coordinates": [-56.173794, -15.613181]}}, {"type": "Feature", "properties": {"codigo_setor": "510840205000196", "municipio": "Várzea Grande", "populacao": 1038, "domicilios": 439, "situacao": "Urbana"}, "geometry": {"type": "Point", "coordinates": [-56.179667, -15.608742]}}, {"type": "Feature", "properties": {"codigo_setor": "510840205000137", "municipio": "Várzea Grande", "populacao": 636, "domicilios": 233, "situacao": "Urbana"}, "geometry": {"type": "Point", "coordinates": [-56.174631, -15.610751]}}, {"type": "Feature", "properties": {"codigo_setor": "510840205000138", "municipio": "Várzea Grande", "populacao": 882, "domicilios": 323, "situacao": "Urbana"}, "geometry": {"type": "Point", "coordinates": [-56.17584, -15.608423]}}, {"type": "Feature", "properties": {"codigo_setor": "510840205000139", "municipio": "Várzea Grande", "populacao": 1106, "domicilios": 428, "situacao": "Urbana"}, "geometry": {"type": "Point", "coordinates": [-56.175529, -15.602927]}}, {"type": "Feature", "properties": {"codigo_setor": "510840205000293", "municipio": "Várzea Grande", "populacao": 435, "domicilios": 219, "situacao": "Urbana"}, "geometry": {"type": "Point", "coordinates": [-56.169661, -15.601618]}}, {"type": "Feature", "properties": {"codigo_setor": "510840205000297", "municipio": "Várzea Grande", "populacao": 829, "domicilios": 287, "situacao": "Urbana"}, "geometry": {"type": "Point", "coordinates": [-56.186661, -15.626007]}}, {"type": "Feature", "properties": {"codigo_setor": "510840205000298", "municipio": "Várzea Grande", "populacao": 867, "domicilios": 282, "situacao": "Urbana"}, "geometry": {"type": "Point", "coordinates": [-56.182873, -15.62594]}}, {"type": "Feature", "properties": {"codigo_setor": "510840205000299", "municipio": "Várzea Grande", "populacao": 1133, "domicilios": 399, "situacao": "Urbana"}, "geometry": {"type": "Point", "coordinates": [-56.191294, -15.628547]}}, {"type": "Feature", "properties": {"codigo_setor": "510840205000306", "municipio": "Várzea Grande", "populacao": 46, "domicilios": 46, "situacao": "Urbana"}, "geometry": {"type": "Point", "coordinates": [-56.176016, -15.633758]}}, {"type": "Feature", "properties": {"codigo_setor": "510840205000307", "municipio": "Várzea Grande", "populacao": 7, "domicilios": 2, "situacao": "Urbana"}, "geometry": {"type": "Point", "coordinates": [-56.17734, -15.622463]}}, {"type": "Feature", "properties": {"codigo_setor": "510840205000327", "municipio": "Várzea Grande", "populacao": 718, "domicilios": 245, "situacao": "Urbana"}, "geometry": {"type": "Point", "coordinates": [-56.189701, -15.626052]}}, {"type": "Feature", "properties": {"codigo_setor": "510840205000328", "municipio": "Várzea Grande", "populacao": 286, "domicilios": 107, "situacao": "Urbana"}, "geometry": {"type": "Point", "coordinates": [-56.17478, -15.614849]}}, {"type": "Feature", "properties": {"codigo_setor": "510840205000353", "municipio": "Várzea Grande", "populacao": 446, "domicilios": 170, "situacao": "Urbana"}, "geometry": {"type": "Point", "coordinates": [-56.168484, -15.622814]}}, {"type": "Feature", "properties": {"codigo_setor": "510840205000354", "municipio": "Várzea Grande", "populacao": 611, "domicilios": 233, "situacao": "Urbana"}, "geometry": {"type": "Point", "coordinates": [-56.167084, -15.622439]}}, {"type": "Feature", "properties": {"codigo_setor": "510840205000359", "municipio": "Várzea Grande", "populacao": 495, "domicilios": 205, "situacao": "Urbana"}, "geometry": {"type": "Point", "coordinates": [-56.179987, -15.604118]}}, {"type": "Feature", "properties": {"codigo_setor": "510840205000360", "municipio": "Várzea Grande", "populacao": 550, "domicilios": 215, "situacao": "Urbana"}, "geometry": {"type": "Point", "coordinates": [-56.179028, -15.60676]}}, {"type": "Feature", "properties": {"codigo_setor": "510840205000361", "municipio": "Várzea Grande", "populacao": 534, "domicilios": 208, "situacao": "Urbana"}, "geometry": {"type": "Point", "coordinates": [-56.178785, -15.601773]}}, {"type": "Feature", "properties": {"codigo_setor": "510840205000362", "municipio": "Várzea Grande", "populacao": 629, "domicilios": 238, "situacao": "Urbana"}, "geometry": {"type": "Point", "coordinates": [-56.176241, -15.605165]}}, {"type": "Feature", "properties": {"codigo_setor": "510840205000131", "municipio": "Várzea Grande", "populacao": 540, "domicilios": 226, "situacao": "Urbana"}, "geometry": {"type": "Point", "coordinates": [-56.180029, -15.630961]}}, {"type": "Feature", "properties": {"codigo_setor": "510840205000211", "municipio": "Várzea Grande", "populacao": 1101, "domicilios": 479, "situacao": "Urbana"}, "geometry": {"type": "Point", "coordinates": [-56.158356, -15.669691]}}, {"type": "Feature", "properties": {"codigo_setor": "510840205000279", "municipio": "Várzea Grande", "populacao": 744, "domicilios": 316, "situacao": "Urbana"}, "geometry": {"type": "Point", "coordinates": [-56.134981, -15.670706]}}, {"type": "Feature", "properties": {"codigo_setor": "510840205000342", "municipio": "Várzea Grande", "populacao": 378, "domicilios": 147, "situacao": "Urbana"}, "geometry": {"type": "Point", "coordinates": [-56.140118, -15.671018]}}, {"type": "Feature", "properties": {"codigo_setor": "510840205000254", "municipio": "Várzea Grande", "populacao": 670, "domicilios": 251, "situacao": "Urbana"}, "geometry": {"type": "Point", "coordinates": [-56.148222, -15.669287]}}, {"type": "Feature", "properties": {"codigo_setor": "510840205000377", "municipio": "Várzea Grande", "populacao": 1268, "domicilios": 507, "situacao": "Urbana"}, "geometry": {"type": "Point", "coordinates": [-56.170412, -15.668557]}}, {"type": "Feature", "properties": {"codigo_setor": "510840205000210", "municipio": "Várzea Grande", "populacao": 948, "domicilios": 364, "situacao": "Urbana"}, "geometry": {"type": "Point", "coordinates": [-56.153154, -15.668168]}}, {"type": "Feature", "properties": {"codigo_setor": "510840205000341", "municipio": "Várzea Grande", "populacao": 654, "domicilios": 259, "situacao": "Urbana"}, "geometry": {"type": "Point", "coordinates": [-56.14185, -15.668612]}}, {"type": "Feature", "properties": {"codigo_setor": "510840205000152", "municipio": "Várzea Grande", "populacao": 951, "domicilios": 381, "situacao": "Urbana"}, "geometry": {"type": "Point", "coordinates": [-56.145037, -15.665882]}}, {"type": "Feature", "properties": {"codigo_setor": "510840205000376", "municipio": "Várzea Grande", "populacao": 644, "domicilios": 254, "situacao": "Urbana"}, "geometry": {"type": "Point", "coordinates": [-56.168406, -15.665346]}}, {"type": "Feature", "properties": {"codigo_setor": "510840205000280", "municipio": "Várzea Grande", "populacao": 916, "domicilios": 346, "situacao": "Urbana"}, "geometry": {"type": "Point", "coordinates": [-56.159389, -15.66553]}}, {"type": "Feature", "properties": {"codigo_setor": "510840205000236", "municipio": "Várzea Grande", "populacao": 670, "domicilios": 261, "situacao": "Urbana"}, "geometry": {"type": "Point", "coordinates": [-56.172014, -15.665458]}}, {"type": "Feature", "properties": {"codigo_setor": "510840205000375", "municipio": "Várzea Grande", "populacao": 1002, "domicilios": 353, "situacao": "Urbana"}, "geometry": {"type": "Point", "coordinates": [-56.165892, -15.664196]}}, {"type": "Feature", "properties": {"codigo_setor": "510840205000019", "municipio": "Várzea Grande", "populacao": 722, "domicilios": 319, "situacao": "Urbana"}, "geometry": {"type": "Point", "coordinates": [-56.152281, -15.664959]}}, {"type": "Feature", "properties": {"codigo_setor": "510840205000374", "municipio": "Várzea Grande", "populacao": 792, "domicilios": 308, "situacao": "Urbana"}, "geometry": {"type": "Point", "coordinates": [-56.162918, -15.66278]}}, {"type": "Feature", "properties": {"codigo_setor": "510840205000002", "municipio": "Várzea Grande", "populacao": 861, "domicilios": 346, "situacao": "Urbana"}, "geometry": {"type": "Point", "coordinates": [-56.14249, -15.663187]}}, {"type": "Feature", "properties": {"codigo_setor": "510840205000201", "municipio": "Várzea Grande", "populacao": 766, "domicilios": 301, "situacao": "Urbana"}, "geometry": {"type": "Point", "coordinates": [-56.148159, -15.66218]}}, {"type": "Feature", "properties": {"codigo_setor": "510840205000373", "municipio": "Várzea Grande", "populacao": 1095, "domicilios": 434, "situacao": "Urbana"}, "geometry": {"type": "Point", "coordinates": [-56.159193, -15.661531]}}, {"type": "Feature", "properties": {"codigo_setor": "510840205000255", "municipio": "Várzea Grande", "populacao": 647, "domicilios": 260, "situacao": "Urbana"}, "geometry": {"type": "Point", "coordinates": [-56.171974, -15.662079]}}, {"type": "Feature", "properties": {"codigo_setor": "510840205000200", "municipio": "Várzea Grande", "populacao": 905, "domicilios": 391, "situacao": "Urbana"}, "geometry": {"type": "Point", "coordinates": [-56.143293, -15.660167]}}, {"type": "Feature", "properties": {"codigo_setor": "510840205000358", "municipio": "Várzea Grande", "populacao": 406, "domicilios": 195, "situacao": "Urbana"}, "geometry": {"type": "Point", "coordinates": [-56.171583, -15.659066]}}, {"type": "Feature", "properties": {"codigo_setor": "510840205000378", "municipio": "Várzea Grande", "populacao": 1082, "domicilios": 412, "situacao": "Urbana"}, "geometry": {"type": "Point", "coordinates": [-56.165369, -15.668276]}}, {"type": "Feature", "properties": {"codigo_setor": "510840205000381", "municipio": "Várzea Grande", "populacao": 922, "domicilios": 409, "situacao": "Urbana"}, "geometry": {"type": "Point", "coordinates": [-56.164177, -15.670177]}}, {"type": "Feature", "properties": {"codigo_setor": "510840205000382", "municipio": "Várzea Grande", "populacao": 780, "domicilios": 337, "situacao": "Urbana"}, "geometry": {"type": "Point", "coordinates": [-56.167091, -15.671407]}}, {"type": "Feature", "properties": {"codigo_setor": "510840205000309", "municipio": "Várzea Grande", "populacao": 43, "domicilios": 17, "situacao": "Urbana"}, "geometry": {"type": "Point", "coordinates": [-56.212194, -15.660744]}}, {"type": "Feature", "properties": {"codigo_setor": "510840205000186", "municipio": "Várzea Grande", "populacao": 575, "domicilios": 262, "situacao": "Urbana"}, "geometry": {"type": "Point", "coordinates": [-56.181641, -15.66502]}}, {"type": "Feature", "properties": {"codigo_setor": "510840205000260", "municipio": "Várzea Grande", "populacao": 945, "domicilios": 333, "situacao": "Urbana"}, "geometry": {"type": "Point", "coordinates": [-56.184982, -15.659622]}}, {"type": "Feature", "properties": {"codigo_setor": "510840205000151", "municipio": "Várzea Grande", "populacao": 567, "domicilios": 220, "situacao": "Urbana"}, "geometry": {"type": "Point", "coordinates": [-56.09758, -15.681561]}}, {"type": "Feature", "properties": {"codigo_setor": "510840205000264", "municipio": "Várzea Grande", "populacao": 440, "domicilios": 147, "situacao": "Urbana"}, "geometry": {"type": "Point", "coordinates": [-56.096926, -15.679131]}}, {"type": "Feature", "properties": {"codigo_setor": "510840205000248", "municipio": "Várzea Grande", "populacao": 863, "domicilios": 312, "situacao": "Urbana"}, "geometry": {"type": "Point", "coordinates": [-56.093508, -15.677472]}}, {"type": "Feature", "properties": {"codigo_setor": "510840205000148", "municipio": "Várzea Grande", "populacao": 673, "domicilios": 276, "situacao": "Urbana"}, "geometry": {"type": "Point", "coordinates": [-56.091459, -15.676736]}}, {"type": "Feature", "properties": {"codigo_setor": "510840205000198", "municipio": "Várzea Grande", "populacao": 607, "domicilios": 253, "situacao": "Urbana"}, "geometry": {"type": "Point", "coordinates": [-56.098486, -15.67774]}}, {"type": "Feature", "properties": {"codigo_setor": "510840205000150", "municipio": "Várzea Grande", "populacao": 714, "domicilios": 251, "situacao": "Urbana"}, "geometry": {"type": "Point", "coordinates": [-56.095861, -15.675877]}}, {"type": "Feature", "properties": {"codigo_setor": "510840205000147", "municipio": "Várzea Grande", "populacao": 707, "domicilios": 278, "situacao": "Urbana"}, "geometry": {"type": "Point", "coordinates": [-56.090317, -15.67309]}}, {"type": "Feature", "properties": {"codigo_setor": "510840205000316", "municipio": "Várzea Grande", "populacao": 602, "domicilios": 211, "situacao": "Urbana"}, "geometry": {"type": "Point", "coordinates": [-56.091957, -15.672166]}}, {"type": "Feature", "properties": {"codigo_setor": "510840205000149", "municipio": "Várzea Grande", "populacao": 548, "domicilios": 232, "situacao": "Urbana"}, "geometry": {"type": "Point", "coordinates": [-56.093046, -15.671245]}}, {"type": "Feature", "properties": {"codigo_setor": "510840205000146", "municipio": "Várzea Grande", "populacao": 511, "domicilios": 202, "situacao": "Urbana"}, "geometry": {"type": "Point", "coordinates": [-56.086657, -15.671223]}}, {"type": "Feature", "properties": {"codigo_setor": "510840220000058", "municipio": "Várzea Grande", "populacao": 208, "domicilios": 92, "situacao": "Urbana"}, "geometry": {"type": "Point", "coordinates": [-56.095039, -15.669328]}}, {"type": "Feature", "properties": {"codigo_setor": "510840220000079", "municipio": "Várzea Grande", "populacao": 577, "domicilios": 257, "situacao": "Urbana"}, "geometry": {"type": "Point", "coordinates": [-56.092743, -15.668504]}}, {"type": "Feature", "properties": {"codigo_setor": "510840220000057", "municipio": "Várzea Grande", "populacao": 730, "domicilios": 262, "situacao": "Urbana"}, "geometry": {"type": "Point", "coordinates": [-56.088657, -15.668988]}}, {"type": "Feature", "properties": {"codigo_setor": "510840220000071", "municipio": "Várzea Grande", "populacao": 577, "domicilios": 240, "situacao": "Urbana"}, "geometry": {"type": "Point", "coordinates": [-56.095192, -15.667574]}}, {"type": "Feature", "properties": {"codigo_setor": "510840220000070", "municipio": "Várzea Grande", "populacao": 522, "domicilios": 243, "situacao": "Urbana"}, "geometry": {"type": "Point", "coordinates": [-56.088554, -15.66763]}}, {"type": "Feature", "properties": {"codigo_setor": "510840220000054", "municipio": "Várzea Grande", "populacao": 522, "domicilios": 218, "situacao": "Urbana"}, "geometry": {"type": "Point", "coordinates": [-56.088457, -15.666796]}}, {"type": "Feature", "properties": {"codigo_setor": "510840220000059", "municipio": "Várzea Grande", "populacao": 464, "domicilios": 193, "situacao": "Urbana"}, "geometry": {"type": "Point", "coordinates": [-56.092869, -15.666317]}}, {"type": "Feature", "properties": {"codigo_setor": "510840205000247", "municipio": "Várzea Grande", "populacao": 932, "domicilios": 324, "situacao": "Urbana"}, "geometry": {"type": "Point", "coordinates": [-56.082134, -15.67238]}}, {"type": "Feature", "properties": {"codigo_setor": "510840205000315", "municipio": "Várzea Grande", "populacao": 719, "domicilios": 281, "situacao": "Urbana"}, "geometry": {"type": "Point", "coordinates": [-56.084751, -15.673813]}}, {"type": "Feature", "properties": {"codigo_setor": "510840205000197", "municipio": "Várzea Grande", "populacao": 353, "domicilios": 177, "situacao": "Urbana"}, "geometry": {"type": "Point", "coordinates": [-56.088345, -15.678699]}}, {"type": "Feature", "properties": {"codigo_setor": "510340310430354", "municipio": "Cuiabá", "populacao": 38, "domicilios": 15, "situacao": "Rural"}, "geometry": {"type": "Point", "coordinates": [-56.065575, -15.68746]}}, {"type": "Feature", "properties": {"codigo_setor": "510340310430344", "municipio": "Cuiabá", "populacao": 1, "domicilios": 7, "situacao": "Rural"}, "geometry": {"type": "Point", "coordinates": [-56.039753, -15.679385]}}, {"type": "Feature", "properties": {"codigo_setor": "510340325000004", "municipio": "Cuiabá", "populacao": 130, "domicilios": 91, "situacao": "Rural"}, "geometry": {"type": "Point", "coordinates": [-56.000637, -15.709465]}}, {"type": "Feature", "properties": {"codigo_setor": "510840220000052", "municipio": "Várzea Grande", "populacao": 923, "domicilios": 377, "situacao": "Urbana"}, "geometry": {"type": "Point", "coordinates": [-56.087002, -15.66406]}}, {"type": "Feature", "properties": {"codigo_setor": "510840220000053", "municipio": "Várzea Grande", "populacao": 710, "domicilios": 291, "situacao": "Urbana"}, "geometry": {"type": "Point", "coordinates": [-56.089516, -15.663864]}}, {"type": "Feature", "properties": {"codigo_setor": "510840220000080", "municipio": "Várzea Grande", "populacao": 680, "domicilios": 258, "situacao": "Urbana"}, "geometry": {"type": "Point", "coordinates": [-56.092682, -15.66371]}}, {"type": "Feature", "properties": {"codigo_setor": "510840220000060", "municipio": "Várzea Grande", "populacao": 1079, "domicilios": 390, "situacao": "Urbana"}, "geometry": {"type": "Point", "coordinates": [-56.094492, -15.661474]}}, {"type": "Feature", "properties": {"codigo_setor": "510840220000030", "municipio": "Várzea Grande", "populacao": 904, "domicilios": 368, "situacao": "Urbana"}, "geometry": {"type": "Point", "coordinates": [-56.097569, -15.661706]}}, {"type": "Feature", "properties": {"codigo_setor": "510840220000031", "municipio": "Várzea Grande", "populacao": 513, "domicilios": 199, "situacao": "Urbana"}, "geometry": {"type": "Point", "coordinates": [-56.09944, -15.661078]}}, {"type": "Feature", "properties": {"codigo_setor": "510840220000069", "municipio": "Várzea Grande", "populacao": 489, "domicilios": 203, "situacao": "Urbana"}, "geometry": {"type": "Point", "coordinates": [-56.088028, -15.661418]}}, {"type": "Feature", "properties": {"codigo_setor": "510840220000051", "municipio": "Várzea Grande", "populacao": 542, "domicilios": 223, "situacao": "Urbana"}, "geometry": {"type": "Point", "coordinates": [-56.087921, -15.660248]}}, {"type": "Feature", "properties": {"codigo_setor": "510840220000032", "municipio": "Várzea Grande", "populacao": 637, "domicilios": 261, "situacao": "Urbana"}, "geometry": {"type": "Point", "coordinates": [-56.10047, -15.659103]}}, {"type": "Feature", "properties": {"codigo_setor": "510840220000029", "municipio": "Várzea Grande", "populacao": 683, "domicilios": 254, "situacao": "Urbana"}, "geometry": {"type": "Point", "coordinates": [-56.095407, -15.65851]}}, {"type": "Feature", "properties": {"codigo_setor": "510840220000050", "municipio": "Várzea Grande", "populacao": 688, "domicilios": 291, "situacao": "Urbana"}, "geometry": {"type": "Point", "coordinates": [-56.087803, -15.658764]}}, {"type": "Feature", "properties": {"codigo_setor": "510840220000035", "municipio": "Várzea Grande", "populacao": 651, "domicilios": 263, "situacao": "Urbana"}, "geometry": {"type": "Point", "coordinates": [-56.097441, -15.657893]}}, {"type": "Feature", "properties": {"codigo_setor": "510840220000077", "municipio": "Várzea Grande", "populacao": 352, "domicilios": 174, "situacao": "Urbana"}, "geometry": {"type": "Point", "coordinates": [-56.091978, -15.657629]}}, {"type": "Feature", "properties": {"codigo_setor": "510840220000034", "municipio": "Várzea Grande", "populacao": 653, "domicilios": 248, "situacao": "Urbana"}, "geometry": {"type": "Point", "coordinates": [-56.099348, -15.656548]}}, {"type": "Feature", "properties": {"codigo_setor": "510840220000049", "municipio": "Várzea Grande", "populacao": 717, "domicilios": 353, "situacao": "Urbana"}, "geometry": {"type": "Point", "coordinates": [-56.087633, -15.656649]}}, {"type": "Feature", "properties": {"codigo_setor": "510840220000033", "municipio": "Várzea Grande", "populacao": 617, "domicilios": 243, "situacao": "Urbana"}, "geometry": {"type": "Point", "coordinates": [-56.101519, -15.656557]}}, {"type": "Feature", "properties": {"codigo_setor": "510840220000028", "municipio": "Várzea Grande", "populacao": 760, "domicilios": 311, "situacao": "Urbana"}, "geometry": {"type": "Point", "coordinates": [-56.096121, -15.656105]}}, {"type": "Feature", "properties": {"codigo_setor": "510840220000036", "municipio": "Várzea Grande", "populacao": 421, "domicilios": 215, "situacao": "Urbana"}, "geometry": {"type": "Point", "coordinates": [-56.091812, -15.65605]}}, {"type": "Feature", "properties": {"codigo_setor": "510840220000076", "municipio": "Várzea Grande", "populacao": 390, "domicilios": 156, "situacao": "Urbana"}, "geometry": {"type": "Point", "coordinates": [-56.101381, -15.654577]}}, {"type": "Feature", "properties": {"codigo_setor": "510840220000037", "municipio": "Várzea Grande", "populacao": 856, "domicilios": 333, "situacao": "Urbana"}, "geometry": {"type": "Point", "coordinates": [-56.091576, -15.653584]}}, {"type": "Feature", "properties": {"codigo_setor": "510840220000038", "municipio": "Várzea Grande", "populacao": 632, "domicilios": 261, "situacao": "Urbana"}, "geometry": {"type": "Point", "coordinates": [-56.094822, -15.653444]}}, {"type": "Feature", "properties": {"codigo_setor": "510840220000039", "municipio": "Várzea Grande", "populacao": 566, "domicilios": 221, "situacao": "Urbana"}, "geometry": {"type": "Point", "coordinates": [-56.097858, -15.65324]}}, {"type": "Feature", "properties": {"codigo_setor": "510840220000027", "municipio": "Várzea Grande", "populacao": 365, "domicilios": 165, "situacao": "Urbana"}, "geometry": {"type": "Point", "coordinates": [-56.101927, -15.652745]}}, {"type": "Feature", "properties": {"codigo_setor": "510840220000023", "municipio": "Várzea Grande", "populacao": 375, "domicilios": 171, "situacao": "Urbana"}, "geometry": {"type": "Point", "coordinates": [-56.101364, -15.650265]}}, {"type": "Feature", "properties": {"codigo_setor": "510840220000046", "municipio": "Várzea Grande", "populacao": 731, "domicilios": 303, "situacao": "Urbana"}, "geometry": {"type": "Point", "coordinates": [-56.091446, -15.650983]}}, {"type": "Feature", "properties": {"codigo_setor": "510840220000040", "municipio": "Várzea Grande", "populacao": 782, "domicilios": 320, "situacao": "Urbana"}, "geometry": {"type": "Point", "coordinates": [-56.09778, -15.649824]}}, {"type": "Feature", "properties": {"codigo_setor": "510840220000021", "municipio": "Várzea Grande", "populacao": 424, "domicilios": 267, "situacao": "Urbana"}, "geometry": {"type": "Point", "coordinates": [-56.100965, -15.648123]}}, {"type": "Feature", "properties": {"codigo_setor": "510840220000045", "municipio": "Várzea Grande", "populacao": 582, "domicilios": 215, "situacao": "Urbana"}, "geometry": {"type": "Point", "coordinates": [-56.092979, -15.64929]}}, {"type": "Feature", "properties": {"codigo_setor": "510840220000041", "municipio": "Várzea Grande", "populacao": 596, "domicilios": 223, "situacao": "Urbana"}, "geometry": {"type": "Point", "coordinates": [-56.09638, -15.64711]}}, {"type": "Feature", "properties": {"codigo_setor": "510840220000074", "municipio": "Várzea Grande", "populacao": 280, "domicilios": 156, "situacao": "Urbana"}, "geometry": {"type": "Point", "coordinates": [-56.102543, -15.647894]}}, {"type": "Feature", "properties": {"codigo_setor": "510840220000067", "municipio": "Várzea Grande", "populacao": 586, "domicilios": 213, "situacao": "Urbana"}, "geometry": {"type": "Point", "coordinates": [-56.092979, -15.648549]}}, {"type": "Feature", "properties": {"codigo_setor": "510840220000044", "municipio": "Várzea Grande", "populacao": 906, "domicilios": 312, "situacao": "Urbana"}, "geometry": {"type": "Point", "coordinates": [-56.088778, -15.644911]}}, {"type": "Feature", "properties": {"codigo_setor": "510840220000066", "municipio": "Várzea Grande", "populacao": 721, "domicilios": 345, "situacao": "Urbana"}, "geometry": {"type": "Point", "coordinates": [-56.092787, -15.646328]}}, {"type": "Feature", "properties": {"codigo_setor": "510840220000020", "municipio": "Várzea Grande", "populacao": 399, "domicilios": 245, "situacao": "Urbana"}, "geometry": {"type": "Point", "coordinates": [-56.102045, -15.64463]}}, {"type": "Feature", "properties": {"codigo_setor": "510840220000019", "municipio": "Várzea Grande", "populacao": 627, "domicilios": 330, "situacao": "Urbana"}, "geometry": {"type": "Point", "coordinates": [-56.102821, -15.641612]}}, {"type": "Feature", "properties": {"codigo_setor": "510840220000082", "municipio": "Várzea Grande", "populacao": 691, "domicilios": 235, "situacao": "Urbana"}, "geometry": {"type": "Point", "coordinates": [-56.087025, -15.648394]}}, {"type": "Feature", "properties": {"codigo_setor": "510840220000086", "municipio": "Várzea Grande", "populacao": 558, "domicilios": 206, "situacao": "Urbana"}, "geometry": {"type": "Point", "coordinates": [-56.0893, -15.648827]}}, {"type": "Feature", "properties": {"codigo_setor": "510840220000094", "municipio": "Várzea Grande", "populacao": 431, "domicilios": 158, "situacao": "Urbana"}, "geometry": {"type": "Point", "coordinates": [-56.087658, -15.642457]}}, {"type": "Feature", "properties": {"codigo_setor": "510840205000237", "municipio": "Várzea Grande", "populacao": 732, "domicilios": 328, "situacao": "Urbana"}, "geometry": {"type": "Point", "coordinates": [-56.18182, -15.655745]}}, {"type": "Feature", "properties": {"codigo_setor": "510840205000188", "municipio": "Várzea Grande", "populacao": 859, "domicilios": 345, "situacao": "Urbana"}, "geometry": {"type": "Point", "coordinates": [-56.180801, -15.65843]}}, {"type": "Feature", "properties": {"codigo_setor": "510840205000345", "municipio": "Várzea Grande", "populacao": 261, "domicilios": 99, "situacao": "Urbana"}, "geometry": {"type": "Point", "coordinates": [-56.179478, -15.646511]}}, {"type": "Feature", "properties": {"codigo_setor": "510840205000318", "municipio": "Várzea Grande", "populacao": 244, "domicilios": 128, "situacao": "Urbana"}, "geometry": {"type": "Point", "coordinates": [-56.179674, -15.674989]}}, {"type": "Feature", "properties": {"codigo_setor": "510840205000187", "municipio": "Várzea Grande", "populacao": 707, "domicilios": 286, "situacao": "Urbana"}, "geometry": {"type": "Point", "coordinates": [-56.179552, -15.660343]}}, {"type": "Feature", "properties": {"codigo_setor": "510840205000259", "municipio": "Várzea Grande", "populacao": 753, "domicilios": 286, "situacao": "Urbana"}, "geometry": {"type": "Point", "coordinates": [-56.178795, -15.669683]}}, {"type": "Feature", "properties": {"codigo_setor": "510840205000346", "municipio": "Várzea Grande", "populacao": 819, "domicilios": 297, "situacao": "Urbana"}, "geometry": {"type": "Point", "coordinates": [-56.178434, -15.650872]}}, {"type": "Feature", "properties": {"codigo_setor": "510840205000220", "municipio": "Várzea Grande", "populacao": 726, "domicilios": 255, "situacao": "Urbana"}, "geometry": {"type": "Point", "coordinates": [-56.179289, -15.653522]}}, {"type": "Feature", "properties": {"codigo_setor": "510840205000115", "municipio": "Várzea Grande", "populacao": 800, "domicilios": 349, "situacao": "Urbana"}, "geometry": {"type": "Point", "coordinates": [-56.177031, -15.663408]}}, {"type": "Feature", "properties": {"codigo_setor": "510840205000301", "municipio": "Várzea Grande", "populacao": 974, "domicilios": 313, "situacao": "Urbana"}, "geometry": {"type": "Point", "coordinates": [-56.176676, -15.632791]}}, {"type": "Feature", "properties": {"codigo_setor": "510840205000275", "municipio": "Várzea Grande", "populacao": 699, "domicilios": 267, "situacao": "Urbana"}, "geometry": {"type": "Point", "coordinates": [-56.177155, -15.653275]}}, {"type": "Feature", "properties": {"codigo_setor": "510840205000193", "municipio": "Várzea Grande", "populacao": 542, "domicilios": 217, "situacao": "Urbana"}, "geometry": {"type": "Point", "coordinates": [-56.177145, -15.639834]}}, {"type": "Feature", "properties": {"codigo_setor": "510840205000357", "municipio": "Várzea Grande", "populacao": 608, "domicilios": 222, "situacao": "Urbana"}, "geometry": {"type": "Point", "coordinates": [-56.174467, -15.660182]}}, {"type": "Feature", "properties": {"codigo_setor": "510840205000217", "municipio": "Várzea Grande", "populacao": 921, "domicilios": 357, "situacao": "Urbana"}, "geometry": {"type": "Point", "coordinates": [-56.173561, -15.644657]}}, {"type": "Feature", "properties": {"codigo_setor": "510840205000129", "municipio": "Várzea Grande", "populacao": 623, "domicilios": 280, "situacao": "Urbana"}, "geometry": {"type": "Point", "coordinates": [-56.173994, -15.637479]}}, {"type": "Feature", "properties": {"codigo_setor": "510840205000127", "municipio": "Várzea Grande", "populacao": 894, "domicilios": 306, "situacao": "Urbana"}, "geometry": {"type": "Point", "coordinates": [-56.173647, -15.63434]}}, {"type": "Feature", "properties": {"codigo_setor": "510840205000241", "municipio": "Várzea Grande", "populacao": 301, "domicilios": 133, "situacao": "Urbana"}, "geometry": {"type": "Point", "coordinates": [-56.173561, -15.639851]}}, {"type": "Feature", "properties": {"codigo_setor": "510840205000379", "municipio": "Várzea Grande", "populacao": 130, "domicilios": 116, "situacao": "Urbana"}, "geometry": {"type": "Point", "coordinates": [-56.17293, -15.67293]}}, {"type": "Feature", "properties": {"codigo_setor": "510840205000386", "municipio": "Várzea Grande", "populacao": 383, "domicilios": 176, "situacao": "Urbana"}, "geometry": {"type": "Point", "coordinates": [-56.148022, -15.697777]}}, {"type": "Feature", "properties": {"codigo_setor": "510840205000016", "municipio": "Várzea Grande", "populacao": 738, "domicilios": 307, "situacao": "Urbana"}, "geometry": {"type": "Point", "coordinates": [-56.153791, -15.678375]}}, {"type": "Feature", "properties": {"codigo_setor": "510840205000018", "municipio": "Várzea Grande", "populacao": 1282, "domicilios": 511, "situacao": "Urbana"}, "geometry": {"type": "Point", "coordinates": [-56.154545, -15.67463]}}, {"type": "Feature", "properties": {"codigo_setor": "510840205000207", "municipio": "Várzea Grande", "populacao": 810, "domicilios": 322, "situacao": "Urbana"}, "geometry": {"type": "Point", "coordinates": [-56.15313, -15.683201]}}, {"type": "Feature", "properties": {"codigo_setor": "510840205000385", "municipio": "Várzea Grande", "populacao": 231, "domicilios": 96, "situacao": "Urbana"}, "geometry": {"type": "Point", "coordinates": [-56.15131, -15.69248]}}, {"type": "Feature", "properties": {"codigo_setor": "510840205000160", "municipio": "Várzea Grande", "populacao": 1210, "domicilios": 463, "situacao": "Urbana"}, "geometry": {"type": "Point", "coordinates": [-56.151203, -15.672688]}}, {"type": "Feature", "properties": {"codigo_setor": "510840205000310", "municipio": "Várzea Grande", "populacao": 556, "domicilios": 226, "situacao": "Urbana"}, "geometry": {"type": "Point", "coordinates": [-56.147207, -15.688001]}}, {"type": "Feature", "properties": {"codigo_setor": "510840205000333", "municipio": "Várzea Grande", "populacao": 624, "domicilios": 244, "situacao": "Urbana"}, "geometry": {"type": "Point", "coordinates": [-56.148632, -15.677608]}}, {"type": "Feature", "properties": {"codigo_setor": "510840205000156", "municipio": "Várzea Grande", "populacao": 7, "domicilios": 3, "situacao": "Urbana"}, "geometry": {"type": "Point", "coordinates": [-56.140614, -15.680716]}}, {"type": "Feature", "properties": {"codigo_setor": "510840205000334", "municipio": "Várzea Grande", "populacao": 731, "domicilios": 277, "situacao": "Urbana"}, "geometry": {"type": "Point", "coordinates": [-56.146654, -15.678373]}}, {"type": "Feature", "properties": {"codigo_setor": "510840205000308", "municipio": "Várzea Grande", "populacao": 815, "domicilios": 309, "situacao": "Urbana"}, "geometry": {"type": "Point", "coordinates": [-56.145864, -15.675251]}}, {"type": "Feature", "properties": {"codigo_setor": "510840205000387", "municipio": "Várzea Grande", "populacao": 154, "domicilios": 3, "situacao": "Urbana"}, "geometry": {"type": "Point", "coordinates": [-56.147507, -15.696727]}}, {"type": "Feature", "properties": {"codigo_setor": "510840205000206", "municipio": "Várzea Grande", "populacao": 925, "domicilios": 344, "situacao": "Urbana"}, "geometry": {"type": "Point", "coordinates": [-56.143751, -15.67265]}}, {"type": "Feature", "properties": {"codigo_setor": "510840205000390", "municipio": "Várzea Grande", "populacao": 127, "domicilios": 52, "situacao": "Urbana"}, "geometry": {"type": "Point", "coordinates": [-56.139982, -15.70072]}}, {"type": "Feature", "properties": {"codigo_setor": "510840205000344", "municipio": "Várzea Grande", "populacao": 820, "domicilios": 293, "situacao": "Urbana"}, "geometry": {"type": "Point", "coordinates": [-56.140654, -15.68714]}}, {"type": "Feature", "properties": {"codigo_setor": "510840205000252", "municipio": "Várzea Grande", "populacao": 702, "domicilios": 248, "situacao": "Urbana"}, "geometry": {"type": "Point", "coordinates": [-56.140831, -15.689678]}}, {"type": "Feature", "properties": {"codigo_setor": "510840205000343", "municipio": "Várzea Grande", "populacao": 632, "domicilios": 272, "situacao": "Urbana"}, "geometry": {"type": "Point", "coordinates": [-56.137266, -15.684968]}}, {"type": "Feature", "properties": {"codigo_setor": "510840205000011", "municipio": "Várzea Grande", "populacao": 1219, "domicilios": 494, "situacao": "Urbana"}, "geometry": {"type": "Point", "coordinates": [-56.135574, -15.67348]}}, {"type": "Feature", "properties": {"codigo_setor": "510840205000391", "municipio": "Várzea Grande", "populacao": 610, "domicilios": 227, "situacao": "Urbana"}, "geometry": {"type": "Point", "coordinates": [-56.133701, -15.694575]}}, {"type": "Feature", "properties": {"codigo_setor": "510840205000157", "municipio": "Várzea Grande", "populacao": 722, "domicilios": 311, "situacao": "Urbana"}, "geometry": {"type": "Point", "coordinates": [-56.133963, -15.690756]}}, {"type": "Feature", "properties": {"codigo_setor": "510840205000155", "municipio": "Várzea Grande", "populacao": 735, "domicilios": 330, "situacao": "Urbana"}, "geometry": {"type": "Point", "coordinates": [-56.133974, -15.675409]}}, {"type": "Feature", "properties": {"codigo_setor": "510840205000288", "municipio": "Várzea Grande", "populacao": 485, "domicilios": 202, "situacao": "Urbana"}, "geometry": {"type": "Point", "coordinates": [-56.133623, -15.678397]}}, {"type": "Feature", "properties": {"codigo_setor": "510840205000015", "municipio": "Várzea Grande", "populacao": 880, "domicilios": 358, "situacao": "Urbana"}, "geometry": {"type": "Point", "coordinates": [-56.133606, -15.688836]}}, {"type": "Feature", "properties": {"codigo_setor": "510840205000184", "municipio": "Várzea Grande", "populacao": 780, "domicilios": 309, "situacao": "Urbana"}, "geometry": {"type": "Point", "coordinates": [-56.132347, -15.700778]}}, {"type": "Feature", "properties": {"codigo_setor": "510840205000101", "municipio": "Várzea Grande", "populacao": 712, "domicilios": 288, "situacao": "Urbana"}, "geometry": {"type": "Point", "coordinates": [-56.132034, -15.703609]}}, {"type": "Feature", "properties": {"codigo_setor": "510840205000251", "municipio": "Várzea Grande", "populacao": 960, "domicilios": 369, "situacao": "Urbana"}, "geometry": {"type": "Point", "coordinates": [-56.131414, -15.682322]}}, {"type": "Feature", "properties": {"codigo_setor": "510840205000250", "municipio": "Várzea Grande", "populacao": 726, "domicilios": 282, "situacao": "Urbana"}, "geometry": {"type": "Point", "coordinates": [-56.131035, -15.678381]}}, {"type": "Feature", "properties": {"codigo_setor": "510300705000014", "municipio": "Chapada dos Guimarães", "populacao": 92, "domicilios": 77, "situacao": "Rural"}, "geometry": {"type": "Point", "coordinates": [-55.13537, -15.052892]}}, {"type": "Feature", "properties": {"codigo_setor": "510300705000036", "municipio": "Chapada dos Guimarães", "populacao": 100, "domicilios": 75, "situacao": "Rural"}, "geometry": {"type": "Point", "coordinates": [-55.222769, -14.885031]}}, {"type": "Feature", "properties": {"codigo_setor": "510590306000005", "municipio": "Nobres", "populacao": 13, "domicilios": 4, "situacao": "Rural"}, "geometry": {"type": "Point", "coordinates": [-55.396395, -14.193944]}}, {"type": "Feature", "properties": {"codigo_setor": "510300705000037", "municipio": "Chapada dos Guimarães", "populacao": 67, "domicilios": 72, "situacao": "Rural"}, "geometry": {"type": "Point", "coordinates": [-55.400099, -14.958448]}}, {"type": "Feature", "properties": {"codigo_setor": "510590307000011", "municipio": "Nobres", "populacao": 0, "domicilios": 0, "situacao": "Rural"}, "geometry": {"type": "Point", "coordinates": [-55.476435, -14.082108]}}, {"type": "Feature", "properties": {"codigo_setor": "510650505000026", "municipio": "Poconé", "populacao": 26, "domicilios": 9, "situacao": "Rural"}, "geometry": {"type": "Point", "coordinates": [-57.178047, -17.702291]}}, {"type": "Feature", "properties": {"codigo_setor": "510650505000048", "municipio": "Poconé", "populacao": 3, "domicilios": 2, "situacao": "Rural"}, "geometry": {"type": "Point", "coordinates": [-57.278793, -17.370655]}}, {"type": "Feature", "properties": {"codigo_setor": "510650505000049", "municipio": "Poconé", "populacao": 0, "domicilios": 0, "situacao": "Rural"}, "geometry": {"type": "Point", "coordinates": [-57.170166, -17.419069]}}, {"type": "Feature", "properties": {"codigo_setor": "510650505000055", "municipio": "Poconé", "populacao": 22, "domicilios": 13, "situacao": "Rural"}, "geometry": {"type": "Point", "coordinates": [-57.145451, -17.171048]}}, {"type": "Feature", "properties": {"codigo_setor": "510650505000060", "municipio": "Poconé", "populacao": 5, "domicilios": 4, "situacao": "Rural"}, "geometry": {"type": "Point", "coordinates": [-57.080944, -17.013358]}}, {"type": "Feature", "properties": {"codigo_setor": "510650505000053", "municipio": "Poconé", "populacao": 4, "domicilios": 6, "situacao": "Rural"}, "geometry": {"type": "Point", "coordinates": [-57.118723, -16.927312]}}, {"type": "Feature", "properties": {"codigo_setor": "510650505000028", "municipio": "Poconé", "populacao": 13, "domicilios": 6, "situacao": "Rural"}, "geometry": {"type": "Point", "coordinates": [-57.263618, -16.880937]}}, {"type": "Feature", "properties": {"codigo_setor": "510650505000051", "municipio": "Poconé", "populacao": 11, "domicilios": 8, "situacao": "Rural"}, "geometry": {"type": "Point", "coordinates": [-57.145643, -16.611953]}}, {"type": "Feature", "properties": {"codigo_setor": "510650505000050", "municipio": "Poconé", "populacao": 5, "domicilios": 3, "situacao": "Rural"}, "geometry": {"type": "Point", "coordinates": [-57.206631, -16.579897]}}, {"type": "Feature", "properties": {"codigo_setor": "510650505000056", "municipio": "Poconé", "populacao": 240, "domicilios": 145, "situacao": "Rural"}, "geometry": {"type": "Point", "coordinates": [-56.988924, -16.17956]}}, {"type": "Feature", "properties": {"codigo_setor": "510650505000061", "municipio": "Poconé", "populacao": 0, "domicilios": 0, "situacao": "Rural"}, "geometry": {"type": "Point", "coordinates": [-57.015862, -17.302252]}}, {"type": "Feature", "properties": {"codigo_setor": "510650505000052", "municipio": "Poconé", "populacao": 8, "domicilios": 8, "situacao": "Rural"}, "geometry": {"type": "Point", "coordinates": [-57.031269, -16.719539]}}, {"type": "Feature", "properties": {"codigo_setor": "510650505000038", "municipio": "Poconé", "populacao": 0, "domicilios": 5, "situacao": "Rural"}, "geometry": {"type": "Point", "coordinates": [-56.984793, -17.451598]}}, {"type": "Feature", "properties": {"codigo_setor": "510650505000080", "municipio": "Poconé", "populacao": 2, "domicilios": 4, "situacao": "Rural"}, "geometry": {"type": "Point", "coordinates": [-57.426538, -17.674617]}}, {"type": "Feature", "properties": {"codigo_setor": "510650505000081", "municipio": "Poconé", "populacao": 0, "domicilios": 0, "situacao": ""}, "geometry": {"type": "Point", "coordinates": [-57.507179, -17.369525]}}, {"type": "Feature", "properties": {"codigo_setor": "510340305420078", "municipio": "Cuiabá", "populacao": 86, "domicilios": 85, "situacao": "Urbana"}, "geometry": {"type": "Point", "coordinates": [-56.091108, -15.602874]}}, {"type": "Feature", "properties": {"codigo_setor": "510340305420066", "municipio": "Cuiabá", "populacao": 576, "domicilios": 304, "situacao": "Urbana"}, "geometry": {"type": "Point", "coordinates": [-56.092167, -15.607523]}}, {"type": "Feature", "properties": {"codigo_setor": "510340305420060", "municipio": "Cuiabá", "populacao": 532, "domicilios": 215, "situacao": "Urbana"}, "geometry": {"type": "Point", "coordinates": [-56.092552, -15.611796]}}, {"type": "Feature", "properties": {"codigo_setor": "510340305420137", "municipio": "Cuiabá", "populacao": 1168, "domicilios": 614, "situacao": "Urbana"}, "geometry": {"type": "Point", "coordinates": [-56.092972, -15.609725]}}, {"type": "Feature", "properties": {"codigo_setor": "510340305420077", "municipio": "Cuiabá", "populacao": 555, "domicilios": 309, "situacao": "Urbana"}, "geometry": {"type": "Point", "coordinates": [-56.091183, -15.604427]}}, {"type": "Feature", "properties": {"codigo_setor": "510340305420071", "municipio": "Cuiabá", "populacao": 807, "domicilios": 302, "situacao": "Urbana"}, "geometry": {"type": "Point", "coordinates": [-56.090759, -15.613399]}}, {"type": "Feature", "properties": {"codigo_setor": "510340305420076", "municipio": "Cuiabá", "populacao": 606, "domicilios": 308, "situacao": "Urbana"}, "geometry": {"type": "Point", "coordinates": [-56.089294, -15.604824]}}, {"type": "Feature", "properties": {"codigo_setor": "510340305420067", "municipio": "Cuiabá", "populacao": 501, "domicilios": 238, "situacao": "Urbana"}, "geometry": {"type": "Point", "coordinates": [-56.089939, -15.610479]}}, {"type": "Feature", "properties": {"codigo_setor": "510340305420075", "municipio": "Cuiabá", "populacao": 501, "domicilios": 288, "situacao": "Urbana"}, "geometry": {"type": "Point", "coordinates": [-56.088146, -15.607522]}}, {"type": "Feature", "properties": {"codigo_setor": "510340305420068", "municipio": "Cuiabá", "populacao": 720, "domicilios": 289, "situacao": "Urbana"}, "geometry": {"type": "Point", "coordinates": [-56.088245, -15.611656]}}, {"type": "Feature", "properties": {"codigo_setor": "510340305420069", "municipio": "Cuiabá", "populacao": 630, "domicilios": 334, "situacao": "Urbana"}, "geometry": {"type": "Point", "coordinates": [-56.086514, -15.612568]}}, {"type": "Feature", "properties": {"codigo_setor": "510340305420074", "municipio": "Cuiabá", "populacao": 514, "domicilios": 287, "situacao": "Urbana"}, "geometry": {"type": "Point", "coordinates": [-56.085331, -15.606617]}}, {"type": "Feature", "properties": {"codigo_setor": "510340305420073", "municipio": "Cuiabá", "populacao": 579, "domicilios": 290, "situacao": "Urbana"}, "geometry": {"type": "Point", "coordinates": [-56.084791, -15.60955]}}, {"type": "Feature", "properties": {"codigo_setor": "510340305420117", "municipio": "Cuiabá", "populacao": 489, "domicilios": 356, "situacao": "Urbana"}, "geometry": {"type": "Point", "coordinates": [-56.083773, -15.606412]}}, {"type": "Feature", "properties": {"codigo_setor": "510340305420005", "municipio": "Cuiabá", "populacao": 395, "domicilios": 250, "situacao": "Urbana"}, "geometry": {"type": "Point", "coordinates": [-56.083067, -15.602302]}}, {"type": "Feature", "properties": {"codigo_setor": "510340305420042", "municipio": "Cuiabá", "populacao": 666, "domicilios": 356, "situacao": "Urbana"}, "geometry": {"type": "Point", "coordinates": [-56.081705, -15.610677]}}, {"type": "Feature", "properties": {"codigo_setor": "510340305420004", "municipio": "Cuiabá", "populacao": 482, "domicilios": 294, "situacao": "Urbana"}, "geometry": {"type": "Point", "coordinates": [-56.081846, -15.604387]}}, {"type": "Feature", "properties": {"codigo_setor": "510340305410031", "municipio": "Cuiabá", "populacao": 816, "domicilios": 299, "situacao": "Urbana"}, "geometry": {"type": "Point", "coordinates": [-56.133101, -15.608664]}}, {"type": "Feature", "properties": {"codigo_setor": "510340305410039", "municipio": "Cuiabá", "populacao": 1233, "domicilios": 576, "situacao": "Urbana"}, "geometry": {"type": "Point", "coordinates": [-56.133255, -15.605761]}}, {"type": "Feature", "properties": {"codigo_setor": "510610915000004", "municipio": "Nossa Senhora do Livramento", "populacao": 346, "domicilios": 234, "situacao": "Rural"}, "geometry": {"type": "Point", "coordinates": [-57.017668, -15.653412]}}, {"type": "Feature", "properties": {"codigo_setor": "510650515000004", "municipio": "Poconé", "populacao": 281, "domicilios": 184, "situacao": "Rural"}, "geometry": {"type": "Point", "coordinates": [-57.095079, -16.084923]}}, {"type": "Feature", "properties": {"codigo_setor": "510650515000003", "municipio": "Poconé", "populacao": 276, "domicilios": 161, "situacao": "Rural"}, "geometry": {"type": "Point", "coordinates": [-57.001316, -15.944615]}}, {"type": "Feature", "properties": {"codigo_setor": "510650515000002", "municipio": "Poconé", "populacao": 432, "domicilios": 243, "situacao": "Rural"}, "geometry": {"type": "Point", "coordinates": [-56.911377, -15.851793]}}, {"type": "Feature", "properties": {"codigo_setor": "510650505000032", "municipio": "Poconé", "populacao": 273, "domicilios": 158, "situacao": "Rural"}, "geometry": {"type": "Point", "coordinates": [-56.96529, -16.013399]}}, {"type": "Feature", "properties": {"codigo_setor": "510650505000069", "municipio": "Poconé", "populacao": 57, "domicilios": 33, "situacao": "Rural"}, "geometry": {"type": "Point", "coordinates": [-56.898584, -16.044925]}}, {"type": "Feature", "properties": {"codigo_setor": "510650505000074", "municipio": "Poconé", "populacao": 299, "domicilios": 204, "situacao": "Rural"}, "geometry": {"type": "Point", "coordinates": [-56.785551, -15.980271]}}, {"type": "Feature", "properties": {"codigo_setor": "510650505000033", "municipio": "Poconé", "populacao": 299, "domicilios": 214, "situacao": "Rural"}, "geometry": {"type": "Point", "coordinates": [-56.84964, -15.979182]}}, {"type": "Feature", "properties": {"codigo_setor": "510650505000076", "municipio": "Poconé", "populacao": 151, "domicilios": 108, "situacao": "Rural"}, "geometry": {"type": "Point", "coordinates": [-56.72266, -16.116851]}}, {"type": "Feature", "properties": {"codigo_setor": "510650515000006", "municipio": "Poconé", "populacao": 285, "domicilios": 206, "situacao": "Rural"}, "geometry": {"type": "Point", "coordinates": [-56.676071, -15.869096]}}, {"type": "Feature", "properties": {"codigo_setor": "510650515000007", "municipio": "Poconé", "populacao": 31, "domicilios": 14, "situacao": "Rural"}, "geometry": {"type": "Point", "coordinates": [-56.734488, -15.884236]}}, {"type": "Feature", "properties": {"codigo_setor": "510650505000075", "municipio": "Poconé", "populacao": 229, "domicilios": 104, "situacao": "Rural"}, "geometry": {"type": "Point", "coordinates": [-56.695454, -15.933636]}}, {"type": "Feature", "properties": {"codigo_setor": "510610915000001", "municipio": "Nossa Senhora do Livramento", "populacao": 123, "domicilios": 65, "situacao": "Urbana"}, "geometry": {"type": "Point", "coordinates": [-56.727879, -15.782016]}}, {"type": "Feature", "properties": {"codigo_setor": "510650510000005", "municipio": "Poconé", "populacao": 345, "domicilios": 209, "situacao": "Rural"}, "geometry": {"type": "Point", "coordinates": [-56.647123, -16.01106]}}, {"type": "Feature", "properties": {"codigo_setor": "510650505000035", "municipio": "Poconé", "populacao": 723, "domicilios": 361, "situacao": "Rural"}, "geometry": {"type": "Point", "coordinates": [-56.722309, -16.04814]}}, {"type": "Feature", "properties": {"codigo_setor": "510610915000007", "municipio": "Nossa Senhora do Livramento", "populacao": 259, "domicilios": 303, "situacao": "Rural"}, "geometry": {"type": "Point", "coordinates": [-56.591465, -15.703754]}}, {"type": "Feature", "properties": {"codigo_setor": "510650505000077", "municipio": "Poconé", "populacao": 59, "domicilios": 32, "situacao": "Rural"}, "geometry": {"type": "Point", "coordinates": [-56.708092, -16.09544]}}, {"type": "Feature", "properties": {"codigo_setor": "510650510000006", "municipio": "Poconé", "populacao": 0, "domicilios": 0, "situacao": "Rural"}, "geometry": {"type": "Point", "coordinates": [-56.689428, -15.959651]}}, {"type": "Feature", "properties": {"codigo_setor": "510650515000009", "municipio": "Poconé", "populacao": 211, "domicilios": 151, "situacao": "Rural"}, "geometry": {"type": "Point", "coordinates": [-56.604403, -15.776005]}}, {"type": "Feature", "properties": {"codigo_setor": "510650515000012", "municipio": "Poconé", "populacao": 173, "domicilios": 115, "situacao": "Rural"}, "geometry": {"type": "Point", "coordinates": [-56.624308, -15.828906]}}, {"type": "Feature", "properties": {"codigo_setor": "510610905000021", "municipio": "Nossa Senhora do Livramento", "populacao": 312, "domicilios": 226, "situacao": "Rural"}, "geometry": {"type": "Point", "coordinates": [-56.537041, -15.72121]}}, {"type": "Feature", "properties": {"codigo_setor": "510650515000011", "municipio": "Poconé", "populacao": 311, "domicilios": 215, "situacao": "Rural"}, "geometry": {"type": "Point", "coordinates": [-56.594687, -15.890016]}}, {"type": "Feature", "properties": {"codigo_setor": "510650510000004", "municipio": "Poconé", "populacao": 392, "domicilios": 243, "situacao": "Rural"}, "geometry": {"type": "Point", "coordinates": [-56.556534, -16.019907]}}, {"type": "Feature", "properties": {"codigo_setor": "510650510000001", "municipio": "Poconé", "populacao": 1101, "domicilios": 486, "situacao": "Urbana"}, "geometry": {"type": "Point", "coordinates": [-56.567154, -16.079503]}}, {"type": "Feature", "properties": {"codigo_setor": "510610905000011", "municipio": "Nossa Senhora do Livramento", "populacao": 240, "domicilios": 98, "situacao": "Rural"}, "geometry": {"type": "Point", "coordinates": [-56.501705, -15.92897]}}, {"type": "Feature", "properties": {"codigo_setor": "510650515000010", "municipio": "Poconé", "populacao": 128, "domicilios": 127, "situacao": "Rural"}, "geometry": {"type": "Point", "coordinates": [-56.505983, -15.765828]}}, {"type": "Feature", "properties": {"codigo_setor": "510610905000005", "municipio": "Nossa Senhora do Livramento", "populacao": 211, "domicilios": 117, "situacao": "Rural"}, "geometry": {"type": "Point", "coordinates": [-56.482515, -15.825965]}}, {"type": "Feature", "properties": {"codigo_setor": "510610905000020", "municipio": "Nossa Senhora do Livramento", "populacao": 468, "domicilios": 246, "situacao": "Rural"}, "geometry": {"type": "Point", "coordinates": [-56.435427, -15.871592]}}, {"type": "Feature", "properties": {"codigo_setor": "510610905000019", "municipio": "Nossa Senhora do Livramento", "populacao": 420, "domicilios": 222, "situacao": "Rural"}, "geometry": {"type": "Point", "coordinates": [-56.417112, -15.853142]}}, {"type": "Feature", "properties": {"codigo_setor": "510650505000030", "municipio": "Poconé", "populacao": 104, "domicilios": 74, "situacao": "Rural"}, "geometry": {"type": "Point", "coordinates": [-56.851841, -16.370277]}}, {"type": "Feature", "properties": {"codigo_setor": "510650505000059", "municipio": "Poconé", "populacao": 22, "domicilios": 19, "situacao": "Rural"}, "geometry": {"type": "Point", "coordinates": [-56.808222, -17.172033]}}, {"type": "Feature", "properties": {"codigo_setor": "510650505000044", "municipio": "Poconé", "populacao": 124, "domicilios": 43, "situacao": "Rural"}, "geometry": {"type": "Point", "coordinates": [-56.777895, -16.419863]}}, {"type": "Feature", "properties": {"codigo_setor": "510650505000029", "municipio": "Poconé", "populacao": 3, "domicilios": 8, "situacao": "Rural"}, "geometry": {"type": "Point", "coordinates": [-56.800724, -16.730675]}}, {"type": "Feature", "properties": {"codigo_setor": "510650505000054", "municipio": "Poconé", "populacao": 249, "domicilios": 106, "situacao": "Rural"}, "geometry": {"type": "Point", "coordinates": [-56.757593, -16.45362]}}, {"type": "Feature", "properties": {"codigo_setor": "510650505000058", "municipio": "Poconé", "populacao": 2, "domicilios": 1, "situacao": "Rural"}, "geometry": {"type": "Point", "coordinates": [-56.734745, -17.022106]}}, {"type": "Feature", "properties": {"codigo_setor": "510650505000037", "municipio": "Poconé", "populacao": 34, "domicilios": 50, "situacao": "Rural"}, "geometry": {"type": "Point", "coordinates": [-56.630873, -16.855384]}}, {"type": "Feature", "properties": {"codigo_setor": "510650505000065", "municipio": "Poconé", "populacao": 24, "domicilios": 34, "situacao": "Rural"}, "geometry": {"type": "Point", "coordinates": [-56.587475, -16.598413]}}, {"type": "Feature", "properties": {"codigo_setor": "510160510000017", "municipio": "Barão de Melgaço", "populacao": 13, "domicilios": 13, "situacao": "Rural"}, "geometry": {"type": "Point", "coordinates": [-56.56332, -17.227412]}}, {"type": "Feature", "properties": {"codigo_setor": "510650505000016", "municipio": "Poconé", "populacao": 245, "domicilios": 94, "situacao": "Urbana"}, "geometry": {"type": "Point", "coordinates": [-56.647816, -16.272445]}}, {"type": "Feature", "properties": {"codigo_setor": "510160510000008", "municipio": "Barão de Melgaço", "populacao": 91, "domicilios": 53, "situacao": "Rural"}, "geometry": {"type": "Point", "coordinates": [-56.445808, -17.119353]}}, {"type": "Feature", "properties": {"codigo_setor": "510160510000013", "municipio": "Barão de Melgaço", "populacao": 129, "domicilios": 37, "situacao": "Rural"}, "geometry": {"type": "Point", "coordinates": [-56.545685, -16.979536]}}, {"type": "Feature", "properties": {"codigo_setor": "510650505000070", "municipio": "Poconé", "populacao": 598, "domicilios": 258, "situacao": "Rural"}, "geometry": {"type": "Point", "coordinates": [-56.590183, -16.263867]}}, {"type": "Feature", "properties": {"codigo_setor": "510650505000079", "municipio": "Poconé", "populacao": 107, "domicilios": 112, "situacao": "Rural"}, "geometry": {"type": "Point", "coordinates": [-56.574913, -16.398308]}}, {"type": "Feature", "properties": {"codigo_setor": "510650505000045", "municipio": "Poconé", "populacao": 202, "domicilios": 104, "situacao": "Rural"}, "geometry": {"type": "Point", "coordinates": [-56.585649, -16.297901]}}, {"type": "Feature", "properties": {"codigo_setor": "510160510000011", "municipio": "Barão de Melgaço", "populacao": 31, "domicilios": 20, "situacao": "Rural"}, "geometry": {"type": "Point", "coordinates": [-56.477013, -16.779841]}}, {"type": "Feature", "properties": {"codigo_setor": "510650505000078", "municipio": "Poconé", "populacao": 48, "domicilios": 172, "situacao": "Rural"}, "geometry": {"type": "Point", "coordinates": [-56.470085, -16.460674]}}, {"type": "Feature", "properties": {"codigo_setor": "510650505000036", "municipio": "Poconé", "populacao": 126, "domicilios": 103, "situacao": "Rural"}, "geometry": {"type": "Point", "coordinates": [-56.387924, -16.350702]}}, {"type": "Feature", "properties": {"codigo_setor": "510160510000029", "municipio": "Barão de Melgaço", "populacao": 4, "domicilios": 16, "situacao": "Rural"}, "geometry": {"type": "Point", "coordinates": [-56.374884, -16.89809]}}, {"type": "Feature", "properties": {"codigo_setor": "510160510000023", "municipio": "Barão de Melgaço", "populacao": 0, "domicilios": 0, "situacao": "Rural"}, "geometry": {"type": "Point", "coordinates": [-56.268719, -16.7846]}}, {"type": "Feature", "properties": {"codigo_setor": "510160510000022", "municipio": "Barão de Melgaço", "populacao": 59, "domicilios": 75, "situacao": "Rural"}, "geometry": {"type": "Point", "coordinates": [-56.338675, -16.582331]}}, {"type": "Feature", "properties": {"codigo_setor": "510160510000024", "municipio": "Barão de Melgaço", "populacao": 4, "domicilios": 4, "situacao": "Rural"}, "geometry": {"type": "Point", "coordinates": [-56.304573, -17.10381]}}, {"type": "Feature", "properties": {"codigo_setor": "510160510000026", "municipio": "Barão de Melgaço", "populacao": 4, "domicilios": 3, "situacao": "Rural"}, "geometry": {"type": "Point", "coordinates": [-56.212744, -17.074976]}}, {"type": "Feature", "properties": {"codigo_setor": "510160505000005", "municipio": "Barão de Melgaço", "populacao": 222, "domicilios": 242, "situacao": "Rural"}, "geometry": {"type": "Point", "coordinates": [-56.157848, -16.400146]}}, {"type": "Feature", "properties": {"codigo_setor": "510610910000003", "municipio": "Nossa Senhora do Livramento", "populacao": 72, "domicilios": 36, "situacao": "Rural"}, "geometry": {"type": "Point", "coordinates": [-56.150993, -16.243585]}}, {"type": "Feature", "properties": {"codigo_setor": "510160510000012", "municipio": "Barão de Melgaço", "populacao": 409, "domicilios": 181, "situacao": "Rural"}, "geometry": {"type": "Point", "coordinates": [-56.143354, -16.640821]}}, {"type": "Feature", "properties": {"codigo_setor": "510160510000009", "municipio": "Barão de Melgaço", "populacao": 0, "domicilios": 0, "situacao": "Rural"}, "geometry": {"type": "Point", "coordinates": [-56.21106, -16.867756]}}, {"type": "Feature", "properties": {"codigo_setor": "510160510000030", "municipio": "Barão de Melgaço", "populacao": 0, "domicilios": 1, "situacao": "Rural"}, "geometry": {"type": "Point", "coordinates": [-56.168655, -16.868958]}}, {"type": "Feature", "properties": {"codigo_setor": "510160510000031", "municipio": "Barão de Melgaço", "populacao": 89, "domicilios": 21, "situacao": "Rural"}, "geometry": {"type": "Point", "coordinates": [-56.227005, -16.920216]}}, {"type": "Feature", "properties": {"codigo_setor": "510160510000014", "municipio": "Barão de Melgaço", "populacao": 203, "domicilios": 175, "situacao": "Rural"}, "geometry": {"type": "Point", "coordinates": [-56.150274, -16.550313]}}, {"type": "Feature", "properties": {"codigo_setor": "510160510000001", "municipio": "Barão de Melgaço", "populacao": 358, "domicilios": 164, "situacao": "Urbana"}, "geometry": {"type": "Point", "coordinates": [-56.205416, -16.571595]}}, {"type": "Feature", "properties": {"codigo_setor": "510650505000031", "municipio": "Poconé", "populacao": 152, "domicilios": 73, "situacao": "Rural"}, "geometry": {"type": "Point", "coordinates": [-56.892735, -16.250806]}}, {"type": "Feature", "properties": {"codigo_setor": "510650510000007", "municipio": "Poconé", "populacao": 74, "domicilios": 154, "situacao": "Rural"}, "geometry": {"type": "Point", "coordinates": [-56.511381, -16.150398]}}, {"type": "Feature", "properties": {"codigo_setor": "510610910000002", "municipio": "Nossa Senhora do Livramento", "populacao": 177, "domicilios": 112, "situacao": "Rural"}, "geometry": {"type": "Point", "coordinates": [-56.304323, -16.121759]}}, {"type": "Feature", "properties": {"codigo_setor": "510490605000019", "municipio": "Jangada", "populacao": 63, "domicilios": 21, "situacao": "Rural"}, "geometry": {"type": "Point", "coordinates": [-56.827591, -15.441023]}}, {"type": "Feature", "properties": {"codigo_setor": "510490605000004", "municipio": "Jangada", "populacao": 450, "domicilios": 177, "situacao": "Rural"}, "geometry": {"type": "Point", "coordinates": [-56.679188, -15.337402]}}, {"type": "Feature", "properties": {"codigo_setor": "510490605000022", "municipio": "Jangada", "populacao": 336, "domicilios": 137, "situacao": "Rural"}, "geometry": {"type": "Point", "coordinates": [-56.677036, -15.409316]}}, {"type": "Feature", "properties": {"codigo_setor": "510490605000005", "municipio": "Jangada", "populacao": 285, "domicilios": 155, "situacao": "Rural"}, "geometry": {"type": "Point", "coordinates": [-56.649132, -15.292106]}}, {"type": "Feature", "properties": {"codigo_setor": "510490605000013", "municipio": "Jangada", "populacao": 259, "domicilios": 139, "situacao": "Rural"}, "geometry": {"type": "Point", "coordinates": [-56.572823, -15.44927]}}, {"type": "Feature", "properties": {"codigo_setor": "510490605000020", "municipio": "Jangada", "populacao": 283, "domicilios": 121, "situacao": "Rural"}, "geometry": {"type": "Point", "coordinates": [-56.646391, -15.371564]}}, {"type": "Feature", "properties": {"codigo_setor": "510490605000023", "municipio": "Jangada", "populacao": 287, "domicilios": 108, "situacao": "Rural"}, "geometry": {"type": "Point", "coordinates": [-56.626055, -15.413399]}}, {"type": "Feature", "properties": {"codigo_setor": "510490605000021", "municipio": "Jangada", "populacao": 264, "domicilios": 140, "situacao": "Rural"}, "geometry": {"type": "Point", "coordinates": [-56.613552, -15.365172]}}, {"type": "Feature", "properties": {"codigo_setor": "510490605000006", "municipio": "Jangada", "populacao": 469, "domicilios": 243, "situacao": "Rural"}, "geometry": {"type": "Point", "coordinates": [-56.55769, -15.222134]}}, {"type": "Feature", "properties": {"codigo_setor": "510490605000008", "municipio": "Jangada", "populacao": 314, "domicilios": 160, "situacao": "Rural"}, "geometry": {"type": "Point", "coordinates": [-56.479912, -15.34656]}}, {"type": "Feature", "properties": {"codigo_setor": "510610915000008", "municipio": "Nossa Senhora do Livramento", "populacao": 305, "domicilios": 318, "situacao": "Rural"}, "geometry": {"type": "Point", "coordinates": [-56.486837, -15.524133]}}, {"type": "Feature", "properties": {"codigo_setor": "510490605000007", "municipio": "Jangada", "populacao": 374, "domicilios": 151, "situacao": "Rural"}, "geometry": {"type": "Point", "coordinates": [-56.453918, -15.18208]}}, {"type": "Feature", "properties": {"codigo_setor": "510490605000015", "municipio": "Jangada", "populacao": 346, "domicilios": 148, "situacao": "Rural"}, "geometry": {"type": "Point", "coordinates": [-56.518501, -15.179374]}}, {"type": "Feature", "properties": {"codigo_setor": "510490605000011", "municipio": "Jangada", "populacao": 473, "domicilios": 187, "situacao": "Urbana"}, "geometry": {"type": "Point", "coordinates": [-56.500147, -15.228253]}}, {"type": "Feature", "properties": {"codigo_setor": "510490605000016", "municipio": "Jangada", "populacao": 145, "domicilios": 62, "situacao": "Urbana"}, "geometry": {"type": "Point", "coordinates": [-56.496647, -15.233458]}}, {"type": "Feature", "properties": {"codigo_setor": "510490605000017", "municipio": "Jangada", "populacao": 428, "domicilios": 151, "situacao": "Urbana"}, "geometry": {"type": "Point", "coordinates": [-56.497349, -15.236475]}}, {"type": "Feature", "properties": {"codigo_setor": "510490605000010", "municipio": "Jangada", "populacao": 461, "domicilios": 180, "situacao": "Urbana"}, "geometry": {"type": "Point", "coordinates": [-56.493769, -15.237535]}}, {"type": "Feature", "properties": {"codigo_setor": "510490605000001", "municipio": "Jangada", "populacao": 790, "domicilios": 301, "situacao": "Urbana"}, "geometry": {"type": "Point", "coordinates": [-56.489479, -15.240564]}}, {"type": "Feature", "properties": {"codigo_setor": "510490605000002", "municipio": "Jangada", "populacao": 765, "domicilios": 309, "situacao": "Urbana"}, "geometry": {"type": "Point", "coordinates": [-56.490248, -15.233716]}}, {"type": "Feature", "properties": {"codigo_setor": "510490605000003", "municipio": "Jangada", "populacao": 634, "domicilios": 259, "situacao": "Urbana"}, "geometry": {"type": "Point", "coordinates": [-56.485048, -15.237758]}}, {"type": "Feature", "properties": {"codigo_setor": "510610915000005", "municipio": "Nossa Senhora do Livramento", "populacao": 417, "domicilios": 324, "situacao": "Rural"}, "geometry": {"type": "Point", "coordinates": [-56.646374, -15.612943]}}, {"type": "Feature", "properties": {"codigo_setor": "510610915000002", "municipio": "Nossa Senhora do Livramento", "populacao": 404, "domicilios": 311, "situacao": "Rural"}, "geometry": {"type": "Point", "coordinates": [-56.807245, -15.672639]}}, {"type": "Feature", "properties": {"codigo_setor": "510610915000003", "municipio": "Nossa Senhora do Livramento", "populacao": 383, "domicilios": 269, "situacao": "Rural"}, "geometry": {"type": "Point", "coordinates": [-56.884979, -15.652513]}}, {"type": "Feature", "properties": {"codigo_setor": "510610915000006", "municipio": "Nossa Senhora do Livramento", "populacao": 207, "domicilios": 265, "situacao": "Rural"}, "geometry": {"type": "Point", "coordinates": [-56.457596, -15.588356]}}, {"type": "Feature", "properties": {"codigo_setor": "510770115000001", "municipio": "Rosário Oeste", "populacao": 401, "domicilios": 201, "situacao": "Urbana"}, "geometry": {"type": "Point", "coordinates": [-56.725922, -15.146548]}}, {"type": "Feature", "properties": {"codigo_setor": "510770115000002", "municipio": "Rosário Oeste", "populacao": 195, "domicilios": 119, "situacao": "Rural"}, "geometry": {"type": "Point", "coordinates": [-56.652109, -15.056085]}}, {"type": "Feature", "properties": {"codigo_setor": "510770115000003", "municipio": "Rosário Oeste", "populacao": 256, "domicilios": 173, "situacao": "Rural"}, "geometry": {"type": "Point", "coordinates": [-56.542099, -15.054737]}}, {"type": "Feature", "properties": {"codigo_setor": "510770115000004", "municipio": "Rosário Oeste", "populacao": 248, "domicilios": 128, "situacao": "Rural"}, "geometry": {"type": "Point", "coordinates": [-56.765413, -15.332624]}}, {"type": "Feature", "properties": {"codigo_setor": "510770115000005", "municipio": "Rosário Oeste", "populacao": 298, "domicilios": 205, "situacao": "Rural"}, "geometry": {"type": "Point", "coordinates": [-56.817345, -15.298768]}}, {"type": "Feature", "properties": {"codigo_setor": "510770115000007", "municipio": "Rosário Oeste", "populacao": 269, "domicilios": 172, "situacao": "Rural"}, "geometry": {"type": "Point", "coordinates": [-56.475304, -15.070218]}}, {"type": "Feature", "properties": {"codigo_setor": "510770115000008", "municipio": "Rosário Oeste", "populacao": 40, "domicilios": 22, "situacao": "Rural"}, "geometry": {"type": "Point", "coordinates": [-56.776949, -15.458545]}}, {"type": "Feature", "properties": {"codigo_setor": "510590305000033", "municipio": "Nobres", "populacao": 92, "domicilios": 91, "situacao": "Rural"}, "geometry": {"type": "Point", "coordinates": [-56.375652, -14.686899]}}, {"type": "Feature", "properties": {"codigo_setor": "510590305000008", "municipio": "Nobres", "populacao": 13, "domicilios": 7, "situacao": "Rural"}, "geometry": {"type": "Point", "coordinates": [-56.343485, -14.721211]}}, {"type": "Feature", "properties": {"codigo_setor": "510770105000033", "municipio": "Rosário Oeste", "populacao": 209, "domicilios": 106, "situacao": "Rural"}, "geometry": {"type": "Point", "coordinates": [-56.50474, -14.85989]}}, {"type": "Feature", "properties": {"codigo_setor": "510650505000047", "municipio": "Poconé", "populacao": 266, "domicilios": 132, "situacao": "Urbana"}, "geometry": {"type": "Point", "coordinates": [-56.627115, -16.257803]}}, {"type": "Feature", "properties": {"codigo_setor": "510650505000068", "municipio": "Poconé", "populacao": 419, "domicilios": 165, "situacao": "Urbana"}, "geometry": {"type": "Point", "coordinates": [-56.644138, -16.269491]}}, {"type": "Feature", "properties": {"codigo_setor": "510650505000021", "municipio": "Poconé", "populacao": 567, "domicilios": 188, "situacao": "Urbana"}, "geometry": {"type": "Point", "coordinates": [-56.631729, -16.248007]}}, {"type": "Feature", "properties": {"codigo_setor": "510650505000010", "municipio": "Poconé", "populacao": 317, "domicilios": 144, "situacao": "Urbana"}, "geometry": {"type": "Point", "coordinates": [-56.624599, -16.254877]}}, {"type": "Feature", "properties": {"codigo_setor": "510650505000071", "municipio": "Poconé", "populacao": 467, "domicilios": 189, "situacao": "Urbana"}, "geometry": {"type": "Point", "coordinates": [-56.615234, -16.266623]}}, {"type": "Feature", "properties": {"codigo_setor": "510650505000043", "municipio": "Poconé", "populacao": 652, "domicilios": 243, "situacao": "Urbana"}, "geometry": {"type": "Point", "coordinates": [-56.642492, -16.272063]}}, {"type": "Feature", "properties": {"codigo_setor": "510650505000022", "municipio": "Poconé", "populacao": 762, "domicilios": 328, "situacao": "Urbana"}, "geometry": {"type": "Point", "coordinates": [-56.628244, -16.251018]}}, {"type": "Feature", "properties": {"codigo_setor": "510650505000023", "municipio": "Poconé", "populacao": 1021, "domicilios": 357, "situacao": "Urbana"}, "geometry": {"type": "Point", "coordinates": [-56.646122, -16.267616]}}, {"type": "Feature", "properties": {"codigo_setor": "510650505000002", "municipio": "Poconé", "populacao": 373, "domicilios": 186, "situacao": "Urbana"}, "geometry": {"type": "Point", "coordinates": [-56.623861, -16.261413]}}, {"type": "Feature", "properties": {"codigo_setor": "510650505000066", "municipio": "Poconé", "populacao": 153, "domicilios": 82, "situacao": "Urbana"}, "geometry": {"type": "Point", "coordinates": [-56.625368, -16.269755]}}, {"type": "Feature", "properties": {"codigo_setor": "510160505000001", "municipio": "Barão de Melgaço", "populacao": 329, "domicilios": 186, "situacao": "Urbana"}, "geometry": {"type": "Point", "coordinates": [-55.967533, -16.194386]}}, {"type": "Feature", "properties": {"codigo_setor": "510650505000005", "municipio": "Poconé", "populacao": 571, "domicilios": 244, "situacao": "Urbana"}, "geometry": {"type": "Point", "coordinates": [-56.630619, -16.263525]}}, {"type": "Feature", "properties": {"codigo_setor": "510650505000020", "municipio": "Poconé", "populacao": 721, "domicilios": 273, "situacao": "Urbana"}, "geometry": {"type": "Point", "coordinates": [-56.636251, -16.248361]}}, {"type": "Feature", "properties": {"codigo_setor": "510650505000007", "municipio": "Poconé", "populacao": 820, "domicilios": 302, "situacao": "Urbana"}, "geometry": {"type": "Point", "coordinates": [-56.627047, -16.243968]}}, {"type": "Feature", "properties": {"codigo_setor": "510650505000004", "municipio": "Poconé", "populacao": 854, "domicilios": 307, "situacao": "Urbana"}, "geometry": {"type": "Point", "coordinates": [-56.631182, -16.268492]}}, {"type": "Feature", "properties": {"codigo_setor": "510650505000014", "municipio": "Poconé", "populacao": 589, "domicilios": 240, "situacao": "Urbana"}, "geometry": {"type": "Point", "coordinates": [-56.62743, -16.27215]}}, {"type": "Feature", "properties": {"codigo_setor": "510650505000042", "municipio": "Poconé", "populacao": 1097, "domicilios": 401, "situacao": "Urbana"}, "geometry": {"type": "Point", "coordinates": [-56.632486, -16.244921]}}, {"type": "Feature", "properties": {"codigo_setor": "510650505000040", "municipio": "Poconé", "populacao": 625, "domicilios": 237, "situacao": "Urbana"}, "geometry": {"type": "Point", "coordinates": [-56.623138, -16.250729]}}, {"type": "Feature", "properties": {"codigo_setor": "510650505000001", "municipio": "Poconé", "populacao": 405, "domicilios": 181, "situacao": "Urbana"}, "geometry": {"type": "Point", "coordinates": [-56.62632, -16.259912]}}, {"type": "Feature", "properties": {"codigo_setor": "510650505000013", "municipio": "Poconé", "populacao": 438, "domicilios": 167, "situacao": "Urbana"}, "geometry": {"type": "Point", "coordinates": [-56.621407, -16.269725]}}, {"type": "Feature", "properties": {"codigo_setor": "510650505000063", "municipio": "Poconé", "populacao": 520, "domicilios": 224, "situacao": "Urbana"}, "geometry": {"type": "Point", "coordinates": [-56.620222, -16.267385]}}, {"type": "Feature", "properties": {"codigo_setor": "510650505000024", "municipio": "Poconé", "populacao": 480, "domicilios": 202, "situacao": "Urbana"}, "geometry": {"type": "Point", "coordinates": [-56.639021, -16.265448]}}, {"type": "Feature", "properties": {"codigo_setor": "510650505000067", "municipio": "Poconé", "populacao": 740, "domicilios": 321, "situacao": "Urbana"}, "geometry": {"type": "Point", "coordinates": [-56.633202, -16.251454]}}, {"type": "Feature", "properties": {"codigo_setor": "510650505000003", "municipio": "Poconé", "populacao": 517, "domicilios": 291, "situacao": "Urbana"}, "geometry": {"type": "Point", "coordinates": [-56.626293, -16.26562]}}, {"type": "Feature", "properties": {"codigo_setor": "510650505000009", "municipio": "Poconé", "populacao": 1084, "domicilios": 457, "situacao": "Urbana"}, "geometry": {"type": "Point", "coordinates": [-56.622059, -16.247622]}}, {"type": "Feature", "properties": {"codigo_setor": "510650505000015", "municipio": "Poconé", "populacao": 556, "domicilios": 229, "situacao": "Urbana"}, "geometry": {"type": "Point", "coordinates": [-56.626841, -16.280357]}}, {"type": "Feature", "properties": {"codigo_setor": "510650505000006", "municipio": "Poconé", "populacao": 505, "domicilios": 238, "situacao": "Urbana"}, "geometry": {"type": "Point", "coordinates": [-56.63113, -16.256454]}}, {"type": "Feature", "properties": {"codigo_setor": "510650505000018", "municipio": "Poconé", "populacao": 673, "domicilios": 275, "situacao": "Urbana"}, "geometry": {"type": "Point", "coordinates": [-56.634039, -16.261318]}}, {"type": "Feature", "properties": {"codigo_setor": "510650505000008", "municipio": "Poconé", "populacao": 825, "domicilios": 316, "situacao": "Urbana"}, "geometry": {"type": "Point", "coordinates": [-56.62044, -16.244528]}}, {"type": "Feature", "properties": {"codigo_setor": "510650505000064", "municipio": "Poconé", "populacao": 563, "domicilios": 194, "situacao": "Urbana"}, "geometry": {"type": "Point", "coordinates": [-56.636517, -16.268368]}}, {"type": "Feature", "properties": {"codigo_setor": "510650505000011", "municipio": "Poconé", "populacao": 481, "domicilios": 191, "situacao": "Urbana"}, "geometry": {"type": "Point", "coordinates": [-56.619492, -16.25375]}}, {"type": "Feature", "properties": {"codigo_setor": "510650505000041", "municipio": "Poconé", "populacao": 744, "domicilios": 282, "situacao": "Urbana"}, "geometry": {"type": "Point", "coordinates": [-56.638391, -16.266788]}}, {"type": "Feature", "properties": {"codigo_setor": "510650505000017", "municipio": "Poconé", "populacao": 490, "domicilios": 195, "situacao": "Urbana"}, "geometry": {"type": "Point", "coordinates": [-56.646954, -16.263403]}}, {"type": "Feature", "properties": {"codigo_setor": "510650505000012", "municipio": "Poconé", "populacao": 1385, "domicilios": 461, "situacao": "Urbana"}, "geometry": {"type": "Point", "coordinates": [-56.618521, -16.262971]}}, {"type": "Feature", "properties": {"codigo_setor": "510650505000019", "municipio": "Poconé", "populacao": 1172, "domicilios": 422, "situacao": "Urbana"}, "geometry": {"type": "Point", "coordinates": [-56.639385, -16.253679]}}, {"type": "Feature", "properties": {"codigo_setor": "510160505000003", "municipio": "Barão de Melgaço", "populacao": 676, "domicilios": 341, "situacao": "Urbana"}, "geometry": {"type": "Point", "coordinates": [-55.974195, -16.20134]}}, {"type": "Feature", "properties": {"codigo_setor": "510610910000001", "municipio": "Nossa Senhora do Livramento", "populacao": 264, "domicilios": 118, "situacao": "Urbana"}, "geometry": {"type": "Point", "coordinates": [-56.378799, -16.235426]}}, {"type": "Feature", "properties": {"codigo_setor": "510650505000057", "municipio": "Poconé", "populacao": 210, "domicilios": 74, "situacao": "Urbana"}, "geometry": {"type": "Point", "coordinates": [-56.643377, -16.259563]}}, {"type": "Feature", "properties": {"codigo_setor": "510160505000009", "municipio": "Barão de Melgaço", "populacao": 675, "domicilios": 534, "situacao": "Rural"}, "geometry": {"type": "Point", "coordinates": [-55.94157, -16.22146]}}, {"type": "Feature", "properties": {"codigo_setor": "510650505000072", "municipio": "Poconé", "populacao": 537, "domicilios": 308, "situacao": "Rural"}, "geometry": {"type": "Point", "coordinates": [-56.644735, -16.212193]}}, {"type": "Feature", "properties": {"codigo_setor": "510650510000008", "municipio": "Poconé", "populacao": 109, "domicilios": 48, "situacao": "Rural"}, "geometry": {"type": "Point", "coordinates": [-56.439281, -16.161748]}}, {"type": "Feature", "properties": {"codigo_setor": "510010210000002", "municipio": "Acorizal", "populacao": 342, "domicilios": 242, "situacao": "Rural"}, "geometry": {"type": "Point", "coordinates": [-56.352848, -15.074024]}}, {"type": "Feature", "properties": {"codigo_setor": "510010205000005", "municipio": "Acorizal", "populacao": 267, "domicilios": 184, "situacao": "Rural"}, "geometry": {"type": "Point", "coordinates": [-56.365097, -15.312239]}}, {"type": "Feature", "properties": {"codigo_setor": "510010210000001", "municipio": "Acorizal", "populacao": 345, "domicilios": 196, "situacao": "Urbana"}, "geometry": {"type": "Point", "coordinates": [-56.412979, -15.155647]}}, {"type": "Feature", "properties": {"codigo_setor": "510010205000008", "municipio": "Acorizal", "populacao": 257, "domicilios": 287, "situacao": "Rural"}, "geometry": {"type": "Point", "coordinates": [-56.34267, -15.267484]}}, {"type": "Feature", "properties": {"codigo_setor": "510010205000013", "municipio": "Acorizal", "populacao": 136, "domicilios": 102, "situacao": "Rural"}, "geometry": {"type": "Point", "coordinates": [-56.364525, -15.128463]}}, {"type": "Feature", "properties": {"codigo_setor": "510010205000016", "municipio": "Acorizal", "populacao": 18, "domicilios": 29, "situacao": "Rural"}, "geometry": {"type": "Point", "coordinates": [-56.386433, -15.189106]}}, {"type": "Feature", "properties": {"codigo_setor": "510010205000017", "municipio": "Acorizal", "populacao": 5, "domicilios": 55, "situacao": "Urbana"}, "geometry": {"type": "Point", "coordinates": [-56.386309, -15.195948]}}, {"type": "Feature", "properties": {"codigo_setor": "510010205000001", "municipio": "Acorizal", "populacao": 537, "domicilios": 273, "situacao": "Urbana"}, "geometry": {"type": "Point", "coordinates": [-56.372765, -15.199877]}}, {"type": "Feature", "properties": {"codigo_setor": "510010205000010", "municipio": "Acorizal", "populacao": 576, "domicilios": 280, "situacao": "Urbana"}, "geometry": {"type": "Point", "coordinates": [-56.37112, -15.19269]}}, {"type": "Feature", "properties": {"codigo_setor": "510010205000009", "municipio": "Acorizal", "populacao": 15, "domicilios": 41, "situacao": "Rural"}, "geometry": {"type": "Point", "coordinates": [-56.358486, -15.198272]}}, {"type": "Feature", "properties": {"codigo_setor": "510010205000002", "municipio": "Acorizal", "populacao": 376, "domicilios": 193, "situacao": "Urbana"}, "geometry": {"type": "Point", "coordinates": [-56.363596, -15.200559]}}, {"type": "Feature", "properties": {"codigo_setor": "510010205000011", "municipio": "Acorizal", "populacao": 474, "domicilios": 209, "situacao": "Urbana"}, "geometry": {"type": "Point", "coordinates": [-56.362488, -15.196762]}}, {"type": "Feature", "properties": {"codigo_setor": "510010205000003", "municipio": "Acorizal", "populacao": 450, "domicilios": 254, "situacao": "Urbana"}, "geometry": {"type": "Point", "coordinates": [-56.362989, -15.203839]}}, {"type": "Feature", "properties": {"codigo_setor": "510010205000004", "municipio": "Acorizal", "populacao": 81, "domicilios": 66, "situacao": "Rural"}, "geometry": {"type": "Point", "coordinates": [-56.307049, -15.162004]}}, {"type": "Feature", "properties": {"codigo_setor": "510010205000015", "municipio": "Acorizal", "populacao": 264, "domicilios": 159, "situacao": "Rural"}, "geometry": {"type": "Point", "coordinates": [-56.267347, -15.061689]}}, {"type": "Feature", "properties": {"codigo_setor": "510010205000012", "municipio": "Acorizal", "populacao": 157, "domicilios": 77, "situacao": "Rural"}, "geometry": {"type": "Point", "coordinates": [-56.342936, -15.145988]}}, {"type": "Feature", "properties": {"codigo_setor": "510010207000002", "municipio": "Acorizal", "populacao": 238, "domicilios": 142, "situacao": "Rural"}, "geometry": {"type": "Point", "coordinates": [-56.255072, -15.148366]}}, {"type": "Feature", "properties": {"codigo_setor": "510340320000003", "municipio": "Cuiabá", "populacao": 426, "domicilios": 404, "situacao": "Rural"}, "geometry": {"type": "Point", "coordinates": [-56.236874, -15.264306]}}, {"type": "Feature", "properties": {"codigo_setor": "510010207000001", "municipio": "Acorizal", "populacao": 226, "domicilios": 144, "situacao": "Urbana"}, "geometry": {"type": "Point", "coordinates": [-56.294666, -15.234581]}}, {"type": "Feature", "properties": {"codigo_setor": "510010207000003", "municipio": "Acorizal", "populacao": 250, "domicilios": 164, "situacao": "Rural"}, "geometry": {"type": "Point", "coordinates": [-56.197792, -15.168745]}}, {"type": "Feature", "properties": {"codigo_setor": "510340320000011", "municipio": "Cuiabá", "populacao": 550, "domicilios": 275, "situacao": "Urbana"}, "geometry": {"type": "Point", "coordinates": [-56.242432, -15.360438]}}, {"type": "Feature", "properties": {"codigo_setor": "510300710000009", "municipio": "Chapada dos Guimarães", "populacao": 48, "domicilios": 40, "situacao": "Rural"}, "geometry": {"type": "Point", "coordinates": [-56.135937, -15.040105]}}, {"type": "Feature", "properties": {"codigo_setor": "510340320000002", "municipio": "Cuiabá", "populacao": 255, "domicilios": 293, "situacao": "Rural"}, "geometry": {"type": "Point", "coordinates": [-56.185183, -15.271182]}}, {"type": "Feature", "properties": {"codigo_setor": "510340320000001", "municipio": "Cuiabá", "populacao": 1041, "domicilios": 465, "situacao": "Urbana"}, "geometry": {"type": "Point", "coordinates": [-56.233471, -15.353097]}}, {"type": "Feature", "properties": {"codigo_setor": "510340330000003", "municipio": "Cuiabá", "populacao": 425, "domicilios": 399, "situacao": "Rural"}, "geometry": {"type": "Point", "coordinates": [-56.091496, -15.191429]}}, {"type": "Feature", "properties": {"codigo_setor": "510340330000002", "municipio": "Cuiabá", "populacao": 521, "domicilios": 548, "situacao": "Rural"}, "geometry": {"type": "Point", "coordinates": [-56.045635, -15.26925]}}, {"type": "Feature", "properties": {"codigo_setor": "510340330000001", "municipio": "Cuiabá", "populacao": 446, "domicilios": 305, "situacao": "Urbana"}, "geometry": {"type": "Point", "coordinates": [-56.12455, -15.279896]}}, {"type": "Feature", "properties": {"codigo_setor": "510340330000005", "municipio": "Cuiabá", "populacao": 0, "domicilios": 0, "situacao": "Rural"}, "geometry": {"type": "Point", "coordinates": [-55.950853, -15.246131]}}, {"type": "Feature", "properties": {"codigo_setor": "510160510000027", "municipio": "Barão de Melgaço", "populacao": 6, "domicilios": 3, "situacao": "Rural"}, "geometry": {"type": "Point", "coordinates": [-56.040499, -16.924726]}}, {"type": "Feature", "properties": {"codigo_setor": "510160510000028", "municipio": "Barão de Melgaço", "populacao": 217, "domicilios": 205, "situacao": "Rural"}, "geometry": {"type": "Point", "coordinates": [-55.911165, -16.482691]}}, {"type": "Feature", "properties": {"codigo_setor": "510160510000002", "municipio": "Barão de Melgaço", "populacao": 60, "domicilios": 41, "situacao": "Rural"}, "geometry": {"type": "Point", "coordinates": [-55.939878, -16.636701]}}, {"type": "Feature", "properties": {"codigo_setor": "510160510000018", "municipio": "Barão de Melgaço", "populacao": 23, "domicilios": 23, "situacao": "Rural"}, "geometry": {"type": "Point", "coordinates": [-55.903334, -17.016533]}}, {"type": "Feature", "properties": {"codigo_setor": "510160505000013", "municipio": "Barão de Melgaço", "populacao": 109, "domicilios": 90, "situacao": "Rural"}, "geometry": {"type": "Point", "coordinates": [-56.029114, -16.271497]}}, {"type": "Feature", "properties": {"codigo_setor": "510160510000007", "municipio": "Barão de Melgaço", "populacao": 102, "domicilios": 86, "situacao": "Rural"}, "geometry": {"type": "Point", "coordinates": [-55.944445, -17.16927]}}, {"type": "Feature", "properties": {"codigo_setor": "510160505000014", "municipio": "Barão de Melgaço", "populacao": 111, "domicilios": 95, "situacao": "Rural"}, "geometry": {"type": "Point", "coordinates": [-55.979742, -16.363586]}}, {"type": "Feature", "properties": {"codigo_setor": "510160510000025", "municipio": "Barão de Melgaço", "populacao": 7, "domicilios": 4, "situacao": "Rural"}, "geometry": {"type": "Point", "coordinates": [-55.872963, -16.841215]}}, {"type": "Feature", "properties": {"codigo_setor": "510160505000015", "municipio": "Barão de Melgaço", "populacao": 305, "domicilios": 138, "situacao": "Rural"}, "geometry": {"type": "Point", "coordinates": [-55.976192, -16.313686]}}, {"type": "Feature", "properties": {"codigo_setor": "510160505000019", "municipio": "Barão de Melgaço", "populacao": 51, "domicilios": 30, "situacao": "Rural"}, "geometry": {"type": "Point", "coordinates": [-55.964815, -16.202906]}}, {"type": "Feature", "properties": {"codigo_setor": "510160505000016", "municipio": "Barão de Melgaço", "populacao": 94, "domicilios": 75, "situacao": "Rural"}, "geometry": {"type": "Point", "coordinates": [-55.907682, -16.265911]}}, {"type": "Feature", "properties": {"codigo_setor": "510160505000012", "municipio": "Barão de Melgaço", "populacao": 260, "domicilios": 97, "situacao": "Rural"}, "geometry": {"type": "Point", "coordinates": [-55.95632, -16.3543]}}, {"type": "Feature", "properties": {"codigo_setor": "510160505000017", "municipio": "Barão de Melgaço", "populacao": 153, "domicilios": 125, "situacao": "Rural"}, "geometry": {"type": "Point", "coordinates": [-55.827541, -16.24328]}}, {"type": "Feature", "properties": {"codigo_setor": "510160510000003", "municipio": "Barão de Melgaço", "populacao": 139, "domicilios": 51, "situacao": "Rural"}, "geometry": {"type": "Point", "coordinates": [-55.769041, -16.473591]}}, {"type": "Feature", "properties": {"codigo_setor": "510160510000021", "municipio": "Barão de Melgaço", "populacao": 13, "domicilios": 15, "situacao": "Rural"}, "geometry": {"type": "Point", "coordinates": [-55.745138, -17.227462]}}, {"type": "Feature", "properties": {"codigo_setor": "510160510000019", "municipio": "Barão de Melgaço", "populacao": 20, "domicilios": 12, "situacao": "Rural"}, "geometry": {"type": "Point", "coordinates": [-55.689154, -16.621694]}}, {"type": "Feature", "properties": {"codigo_setor": "510160510000004", "municipio": "Barão de Melgaço", "populacao": 34, "domicilios": 36, "situacao": "Rural"}, "geometry": {"type": "Point", "coordinates": [-55.654825, -16.43367]}}, {"type": "Feature", "properties": {"codigo_setor": "510160510000006", "municipio": "Barão de Melgaço", "populacao": 66, "domicilios": 50, "situacao": "Rural"}, "geometry": {"type": "Point", "coordinates": [-55.674726, -16.862635]}}, {"type": "Feature", "properties": {"codigo_setor": "510160505000018", "municipio": "Barão de Melgaço", "populacao": 335, "domicilios": 256, "situacao": "Urbana"}, "geometry": {"type": "Point", "coordinates": [-55.790899, -16.257277]}}, {"type": "Feature", "properties": {"codigo_setor": "510160510000005", "municipio": "Barão de Melgaço", "populacao": 74, "domicilios": 59, "situacao": "Rural"}, "geometry": {"type": "Point", "coordinates": [-55.660524, -16.712901]}}, {"type": "Feature", "properties": {"codigo_setor": "510160510000020", "municipio": "Barão de Melgaço", "populacao": 58, "domicilios": 48, "situacao": "Rural"}, "geometry": {"type": "Point", "coordinates": [-55.663483, -17.009251]}}, {"type": "Feature", "properties": {"codigo_setor": "510780005000032", "municipio": "Santo Antônio de Leverger", "populacao": 208, "domicilios": 201, "situacao": "Rural"}, "geometry": {"type": "Point", "coordinates": [-55.80949, -16.119563]}}, {"type": "Feature", "properties": {"codigo_setor": "510780015000001", "municipio": "Santo Antônio de Leverger", "populacao": 42, "domicilios": 34, "situacao": "Rural"}, "geometry": {"type": "Point", "coordinates": [-55.759289, -16.189535]}}, {"type": "Feature", "properties": {"codigo_setor": "510610905000006", "municipio": "Nossa Senhora do Livramento", "populacao": 137, "domicilios": 122, "situacao": "Rural"}, "geometry": {"type": "Point", "coordinates": [-56.386406, -15.748866]}}, {"type": "Feature", "properties": {"codigo_setor": "510610913000004", "municipio": "Nossa Senhora do Livramento", "populacao": 282, "domicilios": 167, "situacao": "Rural"}, "geometry": {"type": "Point", "coordinates": [-56.324703, -16.009203]}}, {"type": "Feature", "properties": {"codigo_setor": "510610905000014", "municipio": "Nossa Senhora do Livramento", "populacao": 66, "domicilios": 49, "situacao": "Rural"}, "geometry": {"type": "Point", "coordinates": [-56.374773, -15.77115]}}, {"type": "Feature", "properties": {"codigo_setor": "510610913000002", "municipio": "Nossa Senhora do Livramento", "populacao": 242, "domicilios": 163, "situacao": "Rural"}, "geometry": {"type": "Point", "coordinates": [-56.264502, -15.850433]}}, {"type": "Feature", "properties": {"codigo_setor": "510610905000009", "municipio": "Nossa Senhora do Livramento", "populacao": 174, "domicilios": 81, "situacao": "Rural"}, "geometry": {"type": "Point", "coordinates": [-56.332083, -15.679778]}}, {"type": "Feature", "properties": {"codigo_setor": "510610905000016", "municipio": "Nossa Senhora do Livramento", "populacao": 94, "domicilios": 53, "situacao": "Rural"}, "geometry": {"type": "Point", "coordinates": [-56.329523, -15.772125]}}, {"type": "Feature", "properties": {"codigo_setor": "510610905000018", "municipio": "Nossa Senhora do Livramento", "populacao": 122, "domicilios": 116, "situacao": "Rural"}, "geometry": {"type": "Point", "coordinates": [-56.282698, -15.662018]}}, {"type": "Feature", "properties": {"codigo_setor": "510610905000002", "municipio": "Nossa Senhora do Livramento", "populacao": 634, "domicilios": 260, "situacao": "Urbana"}, "geometry": {"type": "Point", "coordinates": [-56.349751, -15.773455]}}, {"type": "Feature", "properties": {"codigo_setor": "510610905000001", "municipio": "Nossa Senhora do Livramento", "populacao": 872, "domicilios": 367, "situacao": "Urbana"}, "geometry": {"type": "Point", "coordinates": [-56.343513, -15.77907]}}, {"type": "Feature", "properties": {"codigo_setor": "510610905000012", "municipio": "Nossa Senhora do Livramento", "populacao": 431, "domicilios": 224, "situacao": "Urbana"}, "geometry": {"type": "Point", "coordinates": [-56.346302, -15.771497]}}, {"type": "Feature", "properties": {"codigo_setor": "510610905000013", "municipio": "Nossa Senhora do Livramento", "populacao": 596, "domicilios": 253, "situacao": "Urbana"}, "geometry": {"type": "Point", "coordinates": [-56.340118, -15.771029]}}, {"type": "Feature", "properties": {"codigo_setor": "510610905000003", "municipio": "Nossa Senhora do Livramento", "populacao": 618, "domicilios": 276, "situacao": "Urbana"}, "geometry": {"type": "Point", "coordinates": [-56.340008, -15.767804]}}, {"type": "Feature", "properties": {"codigo_setor": "510610905000004", "municipio": "Nossa Senhora do Livramento", "populacao": 371, "domicilios": 159, "situacao": "Urbana"}, "geometry": {"type": "Point", "coordinates": [-56.339088, -15.772982]}}, {"type": "Feature", "properties": {"codigo_setor": "510610905000015", "municipio": "Nossa Senhora do Livramento", "populacao": 322, "domicilios": 116, "situacao": "Urbana"}, "geometry": {"type": "Point", "coordinates": [-56.333738, -15.770709]}}, {"type": "Feature", "properties": {"codigo_setor": "510610913000005", "municipio": "Nossa Senhora do Livramento", "populacao": 215, "domicilios": 140, "situacao": "Rural"}, "geometry": {"type": "Point", "coordinates": [-56.218294, -15.94136]}}, {"type": "Feature", "properties": {"codigo_setor": "510610913000003", "municipio": "Nossa Senhora do Livramento", "populacao": 562, "domicilios": 204, "situacao": "Rural"}, "geometry": {"type": "Point", "coordinates": [-56.21648, -15.855677]}}, {"type": "Feature", "properties": {"codigo_setor": "510610913000001", "municipio": "Nossa Senhora do Livramento", "populacao": 222, "domicilios": 110, "situacao": "Urbana"}, "geometry": {"type": "Point", "coordinates": [-56.221794, -15.782613]}}, {"type": "Feature", "properties": {"codigo_setor": "510610913000006", "municipio": "Nossa Senhora do Livramento", "populacao": 485, "domicilios": 252, "situacao": "Rural"}, "geometry": {"type": "Point", "coordinates": [-56.142002, -15.849745]}}, {"type": "Feature", "properties": {"codigo_setor": "510610913000011", "municipio": "Nossa Senhora do Livramento", "populacao": 262, "domicilios": 272, "situacao": "Urbana"}, "geometry": {"type": "Point", "coordinates": [-56.09952, -15.846929]}}, {"type": "Feature", "properties": {"codigo_setor": "510780005000014", "municipio": "Santo Antônio de Leverger", "populacao": 3, "domicilios": 15, "situacao": "Rural"}, "geometry": {"type": "Point", "coordinates": [-56.073454, -15.888918]}}, {"type": "Feature", "properties": {"codigo_setor": "510780005000009", "municipio": "Santo Antônio de Leverger", "populacao": 118, "domicilios": 141, "situacao": "Rural"}, "geometry": {"type": "Point", "coordinates": [-56.053919, -15.941241]}}, {"type": "Feature", "properties": {"codigo_setor": "510780005000018", "municipio": "Santo Antônio de Leverger", "populacao": 47, "domicilios": 32, "situacao": "Urbana"}, "geometry": {"type": "Point", "coordinates": [-56.086662, -15.857165]}}, {"type": "Feature", "properties": {"codigo_setor": "510610910000004", "municipio": "Nossa Senhora do Livramento", "populacao": 29, "domicilios": 41, "situacao": "Rural"}, "geometry": {"type": "Point", "coordinates": [-56.044472, -16.01625]}}, {"type": "Feature", "properties": {"codigo_setor": "510610905000010", "municipio": "Nossa Senhora do Livramento", "populacao": 364, "domicilios": 174, "situacao": "Rural"}, "geometry": {"type": "Point", "coordinates": [-56.361031, -15.85978]}}, {"type": "Feature", "properties": {"codigo_setor": "510780005000010", "municipio": "Santo Antônio de Leverger", "populacao": 814, "domicilios": 295, "situacao": "Urbana"}, "geometry": {"type": "Point", "coordinates": [-56.08354, -15.859941]}}, {"type": "Feature", "properties": {"codigo_setor": "510780005000019", "municipio": "Santo Antônio de Leverger", "populacao": 387, "domicilios": 149, "situacao": "Urbana"}, "geometry": {"type": "Point", "coordinates": [-56.082722, -15.855462]}}]}