codigo_setor;codigo_ibge;municipio;situacao;area_km2;populacao;domicilios;latitude;longitude;ano_censo;fonte;aviso
510780015000022;5107800;Santo Antônio de Leverger;Rural;530.5064;36;53;-17.227486;-55.478636;2022;IBGE Censo 2022 — malha setores + agregados básicos (V0001);"Centroide = centro da bbox do setor; exposição proxy por centroide na mancha"
510780015000024;5107800;Santo Antônio de Leverger;Rural;494.6589;73;26;-17.223973;-55.282999;2022;IBGE Censo 2022 — malha setores + agregados básicos (V0001);"Centroide = centro da bbox do setor; exposição proxy por centroide na mancha"
510780015000007;5107800;Santo Antônio de Leverger;Rural;0.5878;255;69;-16.595176;-55.213144;2022;IBGE Censo 2022 — malha setores + agregados básicos (V0001);"Centroide = centro da bbox do setor; exposição proxy por centroide na mancha"
510780015000006;5107800;Santo Antônio de Leverger;Rural;1.3918;62;17;-16.591869;-54.991911;2022;IBGE Censo 2022 — malha setores + agregados básicos (V0001);"Centroide = centro da bbox do setor; exposição proxy por centroide na mancha"
510340310000037;5103403;Cuiabá;Rural;61.8804;52;31;-15.85152;-55.356052;2022;IBGE Censo 2022 — malha setores + agregados básicos (V0001);"Centroide = centro da bbox do setor; exposição proxy por centroide na mancha"
510780015000008;5107800;Santo Antônio de Leverger;Rural;69.036;0;0;-16.523624;-55.00127;2022;IBGE Censo 2022 — malha setores + agregados básicos (V0001);"Centroide = centro da bbox do setor; exposição proxy por centroide na mancha"
510340310000031;5103403;Cuiabá;Rural;426.28;97;88;-16.354822;-55.258644;2022;IBGE Censo 2022 — malha setores + agregados básicos (V0001);"Centroide = centro da bbox do setor; exposição proxy por centroide na mancha"
510780015000026;5107800;Santo Antônio de Leverger;Rural;54.6983;15;16;-16.477044;-55.095406;2022;IBGE Censo 2022 — malha setores + agregados básicos (V0001);"Centroide = centro da bbox do setor; exposição proxy por centroide na mancha"
510780015000027;5107800;Santo Antônio de Leverger;Rural;498.0041;73;65;-16.455611;-55.336924;2022;IBGE Censo 2022 — malha setores + agregados básicos (V0001);"Centroide = centro da bbox do setor; exposição proxy por centroide na mancha"
510300720000012;5103007;Chapada dos Guimarães;Rural;141.2326;171;117;-15.441711;-55.342176;2022;IBGE Censo 2022 — malha setores + agregados básicos (V0001);"Centroide = centro da bbox do setor; exposição proxy por centroide na mancha"
510300705000053;5103007;Chapada dos Guimarães;Rural;24.2433;6;5;-15.391259;-55.537674;2022;IBGE Censo 2022 — malha setores + agregados básicos (V0001);"Centroide = centro da bbox do setor; exposição proxy por centroide na mancha"
510300720000013;5103007;Chapada dos Guimarães;Rural;0.1484;60;43;-15.421592;-55.3827;2022;IBGE Censo 2022 — malha setores + agregados básicos (V0001);"Centroide = centro da bbox do setor; exposição proxy por centroide na mancha"
510300720000001;5103007;Chapada dos Guimarães;Urbana;2.2373;131;107;-15.366568;-55.451649;2022;IBGE Censo 2022 — malha setores + agregados básicos (V0001);"Centroide = centro da bbox do setor; exposição proxy por centroide na mancha"
510300720000008;5103007;Chapada dos Guimarães;Rural;282.8472;101;92;-15.289373;-55.35651;2022;IBGE Censo 2022 — malha setores + agregados básicos (V0001);"Centroide = centro da bbox do setor; exposição proxy por centroide na mancha"
510300720000004;5103007;Chapada dos Guimarães;Rural;250.6334;230;146;-15.162699;-55.253868;2022;IBGE Censo 2022 — malha setores + agregados básicos (V0001);"Centroide = centro da bbox do setor; exposição proxy por centroide na mancha"
510300720000007;5103007;Chapada dos Guimarães;Rural;145.6234;237;184;-15.196821;-55.341885;2022;IBGE Censo 2022 — malha setores + agregados básicos (V0001);"Centroide = centro da bbox do setor; exposição proxy por centroide na mancha"
510780015000018;5107800;Santo Antônio de Leverger;Rural;485.877;35;26;-16.950967;-55.49865;2022;IBGE Censo 2022 — malha setores + agregados básicos (V0001);"Centroide = centro da bbox do setor; exposição proxy por centroide na mancha"
510780015000010;5107800;Santo Antônio de Leverger;Rural;436.6495;185;70;-16.961087;-55.010489;2022;IBGE Censo 2022 — malha setores + agregados básicos (V0001);"Centroide = centro da bbox do setor; exposição proxy por centroide na mancha"
510780015000019;5107800;Santo Antônio de Leverger;Rural;508.9154;43;29;-16.772701;-55.289186;2022;IBGE Censo 2022 — malha setores + agregados básicos (V0001);"Centroide = centro da bbox do setor; exposição proxy por centroide na mancha"
510780015000020;5107800;Santo Antônio de Leverger;Rural;535.4292;56;47;-16.785462;-55.115763;2022;IBGE Censo 2022 — malha setores + agregados básicos (V0001);"Centroide = centro da bbox do setor; exposição proxy por centroide na mancha"
510780015000005;5107800;Santo Antônio de Leverger;Rural;524.3174;153;241;-16.635483;-55.377035;2022;IBGE Censo 2022 — malha setores + agregados básicos (V0001);"Centroide = centro da bbox do setor; exposição proxy por centroide na mancha"
510780015000009;5107800;Santo Antônio de Leverger;Rural;449.2804;102;57;-16.981943;-55.122122;2022;IBGE Censo 2022 — malha setores + agregados básicos (V0001);"Centroide = centro da bbox do setor; exposição proxy por centroide na mancha"
510780015000021;5107800;Santo Antônio de Leverger;Rural;484.6349;17;16;-17.026954;-55.35644;2022;IBGE Censo 2022 — malha setores + agregados básicos (V0001);"Centroide = centro da bbox do setor; exposição proxy por centroide na mancha"
510780015000023;5107800;Santo Antônio de Leverger;Rural;501.1134;83;33;-16.874557;-55.036491;2022;IBGE Censo 2022 — malha setores + agregados básicos (V0001);"Centroide = centro da bbox do setor; exposição proxy por centroide na mancha"
510780015000028;5107800;Santo Antônio de Leverger;Rural;0.39;37;15;-16.613288;-55.016891;2022;IBGE Censo 2022 — malha setores + agregados básicos (V0001);"Centroide = centro da bbox do setor; exposição proxy por centroide na mancha"
510780015000029;5107800;Santo Antônio de Leverger;Rural;302.9886;55;14;-16.562098;-55.093334;2022;IBGE Censo 2022 — malha setores + agregados básicos (V0001);"Centroide = centro da bbox do setor; exposição proxy por centroide na mancha"
510770120000014;5107701;Rosário Oeste;Rural;286.945;53;28;-14.533048;-55.135;2022;IBGE Censo 2022 — malha setores + agregados básicos (V0001);"Centroide = centro da bbox do setor; exposição proxy por centroide na mancha"
510770120000004;5107701;Rosário Oeste;Rural;355.15;34;35;-14.491349;-55.192492;2022;IBGE Censo 2022 — malha setores + agregados básicos (V0001);"Centroide = centro da bbox do setor; exposição proxy por centroide na mancha"
510770120000012;5107701;Rosário Oeste;Rural;502.7518;35;25;-14.414006;-55.366482;2022;IBGE Censo 2022 — malha setores + agregados básicos (V0001);"Centroide = centro da bbox do setor; exposição proxy por centroide na mancha"
510770120000007;5107701;Rosário Oeste;Rural;433.341;24;12;-14.331128;-54.932428;2022;IBGE Censo 2022 — malha setores + agregados básicos (V0001);"Centroide = centro da bbox do setor; exposição proxy por centroide na mancha"
510770120000013;5107701;Rosário Oeste;Rural;475.0652;36;17;-14.294741;-55.185312;2022;IBGE Censo 2022 — malha setores + agregados básicos (V0001);"Centroide = centro da bbox do setor; exposição proxy por centroide na mancha"
510340310400171;5103403;Cuiabá;Urbana;0.0135;161;59;-15.560125;-56.055828;2022;IBGE Censo 2022 — malha setores + agregados básicos (V0001);"Centroide = centro da bbox do setor; exposição proxy por centroide na mancha"
510340305400012;5103403;Cuiabá;Urbana;0.0305;191;126;-15.56305;-56.081856;2022;IBGE Censo 2022 — malha setores + agregados básicos (V0001);"Centroide = centro da bbox do setor; exposição proxy por centroide na mancha"
510340310400031;5103403;Cuiabá;Urbana;0.0463;440;178;-15.557071;-56.037996;2022;IBGE Censo 2022 — malha setores + agregados básicos (V0001);"Centroide = centro da bbox do setor; exposição proxy por centroide na mancha"
510340305400013;5103403;Cuiabá;Urbana;0.0307;47;35;-15.563898;-56.081676;2022;IBGE Censo 2022 — malha setores + agregados básicos (V0001);"Centroide = centro da bbox do setor; exposição proxy por centroide na mancha"
510340305410253;5103403;Cuiabá;Urbana;0.0594;435;237;-15.544147;-56.081553;2022;IBGE Censo 2022 — malha setores + agregados básicos (V0001);"Centroide = centro da bbox do setor; exposição proxy por centroide na mancha"
510340310400016;5103403;Cuiabá;Urbana;0.0414;337;148;-15.563638;-56.045946;2022;IBGE Censo 2022 — malha setores + agregados básicos (V0001);"Centroide = centro da bbox do setor; exposição proxy por centroide na mancha"
510340310400098;5103403;Cuiabá;Urbana;0.077;566;201;-15.563219;-56.043783;2022;IBGE Censo 2022 — malha setores + agregados básicos (V0001);"Centroide = centro da bbox do setor; exposição proxy por centroide na mancha"
510340310400151;5103403;Cuiabá;Urbana;0.0567;548;229;-15.547021;-56.044073;2022;IBGE Censo 2022 — malha setores + agregados básicos (V0001);"Centroide = centro da bbox do setor; exposição proxy por centroide na mancha"
510340310400011;5103403;Cuiabá;Urbana;0.0556;508;204;-15.561101;-56.038214;2022;IBGE Censo 2022 — malha setores + agregados básicos (V0001);"Centroide = centro da bbox do setor; exposição proxy por centroide na mancha"
510340310400109;5103403;Cuiabá;Urbana;0.058;439;135;-15.553366;-56.048582;2022;IBGE Censo 2022 — malha setores + agregados básicos (V0001);"Centroide = centro da bbox do setor; exposição proxy por centroide na mancha"
510340310400163;5103403;Cuiabá;Urbana;0.0632;319;149;-15.563115;-56.055107;2022;IBGE Censo 2022 — malha setores + agregados básicos (V0001);"Centroide = centro da bbox do setor; exposição proxy por centroide na mancha"
510340310400102;5103403;Cuiabá;Urbana;0.0565;370;156;-15.557429;-56.043398;2022;IBGE Censo 2022 — malha setores + agregados básicos (V0001);"Centroide = centro da bbox do setor; exposição proxy por centroide na mancha"
510340310400100;5103403;Cuiabá;Urbana;0.0642;400;147;-15.563462;-56.047131;2022;IBGE Censo 2022 — malha setores + agregados básicos (V0001);"Centroide = centro da bbox do setor; exposição proxy por centroide na mancha"
510340310400028;5103403;Cuiabá;Urbana;0.066;488;224;-15.556005;-56.041153;2022;IBGE Censo 2022 — malha setores + agregados básicos (V0001);"Centroide = centro da bbox do setor; exposição proxy por centroide na mancha"
510340310400030;5103403;Cuiabá;Urbana;0.0697;666;268;-15.557027;-56.039478;2022;IBGE Censo 2022 — malha setores + agregados básicos (V0001);"Centroide = centro da bbox do setor; exposição proxy por centroide na mancha"
510340310400097;5103403;Cuiabá;Urbana;0.0552;386;170;-15.560728;-56.041542;2022;IBGE Censo 2022 — malha setores + agregados básicos (V0001);"Centroide = centro da bbox do setor; exposição proxy por centroide na mancha"
510340310400024;5103403;Cuiabá;Urbana;0.0822;464;178;-15.560345;-56.052061;2022;IBGE Censo 2022 — malha setores + agregados básicos (V0001);"Centroide = centro da bbox do setor; exposição proxy por centroide na mancha"
510340310400059;5103403;Cuiabá;Urbana;0.0861;632;287;-15.55389;-56.045971;2022;IBGE Censo 2022 — malha setores + agregados básicos (V0001);"Centroide = centro da bbox do setor; exposição proxy por centroide na mancha"
510340310400012;5103403;Cuiabá;Urbana;0.0601;431;172;-15.563083;-56.038227;2022;IBGE Censo 2022 — malha setores + agregados básicos (V0001);"Centroide = centro da bbox do setor; exposição proxy por centroide na mancha"
510340310400013;5103403;Cuiabá;Urbana;0.0897;527;205;-15.562437;-56.04237;2022;IBGE Censo 2022 — malha setores + agregados básicos (V0001);"Centroide = centro da bbox do setor; exposição proxy por centroide na mancha"
510340305400016;5103403;Cuiabá;Urbana;0.1114;794;286;-15.547622;-56.080236;2022;IBGE Censo 2022 — malha setores + agregados básicos (V0001);"Centroide = centro da bbox do setor; exposição proxy por centroide na mancha"
510340310400170;5103403;Cuiabá;Urbana;0.0869;321;120;-15.560662;-56.054392;2022;IBGE Censo 2022 — malha setores + agregados básicos (V0001);"Centroide = centro da bbox do setor; exposição proxy por centroide na mancha"
510340310400027;5103403;Cuiabá;Urbana;0.0793;499;225;-15.558267;-56.044865;2022;IBGE Censo 2022 — malha setores + agregados básicos (V0001);"Centroide = centro da bbox do setor; exposição proxy por centroide na mancha"
510340310400010;5103403;Cuiabá;Urbana;0.1062;760;289;-15.559178;-56.040508;2022;IBGE Censo 2022 — malha setores + agregados básicos (V0001);"Centroide = centro da bbox do setor; exposição proxy por centroide na mancha"
510340310400153;5103403;Cuiabá;Urbana;0.1197;888;329;-15.548103;-56.041094;2022;IBGE Censo 2022 — malha setores + agregados básicos (V0001);"Centroide = centro da bbox do setor; exposição proxy por centroide na mancha"
510340310400056;5103403;Cuiabá;Urbana;0.1162;594;211;-15.55629;-56.053261;2022;IBGE Censo 2022 — malha setores + agregados básicos (V0001);"Centroide = centro da bbox do setor; exposição proxy por centroide na mancha"
510340310400107;5103403;Cuiabá;Urbana;0.0988;370;139;-15.556678;-56.05131;2022;IBGE Censo 2022 — malha setores + agregados básicos (V0001);"Centroide = centro da bbox do setor; exposição proxy por centroide na mancha"
510340310400113;5103403;Cuiabá;Urbana;0.1309;531;193;-15.546202;-56.049192;2022;IBGE Censo 2022 — malha setores + agregados básicos (V0001);"Centroide = centro da bbox do setor; exposição proxy por centroide na mancha"
510340310400029;5103403;Cuiabá;Urbana;0.1153;638;313;-15.555275;-56.043568;2022;IBGE Censo 2022 — malha setores + agregados básicos (V0001);"Centroide = centro da bbox do setor; exposição proxy por centroide na mancha"
510340310400137;5103403;Cuiabá;Urbana;0.1267;475;163;-15.543674;-56.041489;2022;IBGE Censo 2022 — malha setores + agregados básicos (V0001);"Centroide = centro da bbox do setor; exposição proxy por centroide na mancha"
510340310400161;5103403;Cuiabá;Urbana;0.0669;357;148;-15.552191;-56.045588;2022;IBGE Censo 2022 — malha setores + agregados básicos (V0001);"Centroide = centro da bbox do setor; exposição proxy por centroide na mancha"
510340310400026;5103403;Cuiabá;Urbana;0.1578;525;217;-15.56005;-56.046265;2022;IBGE Censo 2022 — malha setores + agregados básicos (V0001);"Centroide = centro da bbox do setor; exposição proxy por centroide na mancha"
510340310400023;5103403;Cuiabá;Urbana;0.1266;761;317;-15.562414;-56.051548;2022;IBGE Censo 2022 — malha setores + agregados básicos (V0001);"Centroide = centro da bbox do setor; exposição proxy por centroide na mancha"
510340310400054;5103403;Cuiabá;Urbana;0.1088;486;188;-15.559182;-56.056713;2022;IBGE Censo 2022 — malha setores + agregados básicos (V0001);"Centroide = centro da bbox do setor; exposição proxy por centroide na mancha"
510340310400160;5103403;Cuiabá;Urbana;0.1568;690;278;-15.549397;-56.050753;2022;IBGE Censo 2022 — malha setores + agregados básicos (V0001);"Centroide = centro da bbox do setor; exposição proxy por centroide na mancha"
510340310400108;5103403;Cuiabá;Urbana;0.131;765;302;-15.551901;-56.051653;2022;IBGE Censo 2022 — malha setores + agregados básicos (V0001);"Centroide = centro da bbox do setor; exposição proxy por centroide na mancha"
510340310400120;5103403;Cuiabá;Urbana;0.2051;1045;387;-15.547861;-56.046806;2022;IBGE Censo 2022 — malha setores + agregados básicos (V0001);"Centroide = centro da bbox do setor; exposição proxy por centroide na mancha"
510340310400025;5103403;Cuiabá;Urbana;0.2027;812;328;-15.556859;-56.048517;2022;IBGE Censo 2022 — malha setores + agregados básicos (V0001);"Centroide = centro da bbox do setor; exposição proxy por centroide na mancha"
510340310400138;5103403;Cuiabá;Urbana;0.1958;777;271;-15.550316;-56.043562;2022;IBGE Censo 2022 — malha setores + agregados básicos (V0001);"Centroide = centro da bbox do setor; exposição proxy por centroide na mancha"
510340310400057;5103403;Cuiabá;Urbana;0.1944;671;262;-15.555426;-56.055912;2022;IBGE Censo 2022 — malha setores + agregados básicos (V0001);"Centroide = centro da bbox do setor; exposição proxy por centroide na mancha"
510340310400058;5103403;Cuiabá;Urbana;0.1202;518;276;-15.553095;-56.053091;2022;IBGE Censo 2022 — malha setores + agregados básicos (V0001);"Centroide = centro da bbox do setor; exposição proxy por centroide na mancha"
510340310400152;5103403;Cuiabá;Urbana;0.1158;659;260;-15.544722;-56.043291;2022;IBGE Censo 2022 — malha setores + agregados básicos (V0001);"Centroide = centro da bbox do setor; exposição proxy por centroide na mancha"
510340305400003;5103403;Cuiabá;Urbana;1.3309;180;69;-15.552413;-56.062243;2022;IBGE Censo 2022 — malha setores + agregados básicos (V0001);"Centroide = centro da bbox do setor; exposição proxy por centroide na mancha"
510340305420001;5103403;Cuiabá;Urbana;0.1592;870;353;-15.598163;-56.080469;2022;IBGE Censo 2022 — malha setores + agregados básicos (V0001);"Centroide = centro da bbox do setor; exposição proxy por centroide na mancha"
510340305420105;5103403;Cuiabá;Urbana;0.1028;517;270;-15.602003;-56.079603;2022;IBGE Censo 2022 — malha setores + agregados básicos (V0001);"Centroide = centro da bbox do setor; exposição proxy por centroide na mancha"
510340305420003;5103403;Cuiabá;Urbana;0.1375;453;263;-15.604984;-56.079102;2022;IBGE Censo 2022 — malha setores + agregados básicos (V0001);"Centroide = centro da bbox do setor; exposição proxy por centroide na mancha"
510340305420043;5103403;Cuiabá;Urbana;0.1253;825;440;-15.612145;-56.078861;2022;IBGE Censo 2022 — malha setores + agregados básicos (V0001);"Centroide = centro da bbox do setor; exposição proxy por centroide na mancha"
510340305420041;5103403;Cuiabá;Urbana;0.3292;565;266;-15.606925;-56.076635;2022;IBGE Censo 2022 — malha setores + agregados básicos (V0001);"Centroide = centro da bbox do setor; exposição proxy por centroide na mancha"
510340305420104;5103403;Cuiabá;Urbana;0.0573;351;131;-15.599289;-56.078728;2022;IBGE Censo 2022 — malha setores + agregados básicos (V0001);"Centroide = centro da bbox do setor; exposição proxy por centroide na mancha"
510340305420002;5103403;Cuiabá;Urbana;0.0577;428;185;-15.601035;-56.077793;2022;IBGE Censo 2022 — malha setores + agregados básicos (V0001);"Centroide = centro da bbox do setor; exposição proxy por centroide na mancha"
510340305420092;5103403;Cuiabá;Urbana;0.0853;447;216;-15.598133;-56.07638;2022;IBGE Censo 2022 — malha setores + agregados básicos (V0001);"Centroide = centro da bbox do setor; exposição proxy por centroide na mancha"
510340305420144;5103403;Cuiabá;Urbana;0.0896;466;224;-15.613547;-56.076391;2022;IBGE Censo 2022 — malha setores + agregados básicos (V0001);"Centroide = centro da bbox do setor; exposição proxy por centroide na mancha"
510340305420132;5103403;Cuiabá;Urbana;0.0552;795;309;-15.610401;-56.076097;2022;IBGE Censo 2022 — malha setores + agregados básicos (V0001);"Centroide = centro da bbox do setor; exposição proxy por centroide na mancha"
510340305420038;5103403;Cuiabá;Urbana;0.0809;401;189;-15.601499;-56.075241;2022;IBGE Censo 2022 — malha setores + agregados básicos (V0001);"Centroide = centro da bbox do setor; exposição proxy por centroide na mancha"
510340305420133;5103403;Cuiabá;Urbana;0.1122;634;264;-15.607759;-56.073717;2022;IBGE Censo 2022 — malha setores + agregados básicos (V0001);"Centroide = centro da bbox do setor; exposição proxy por centroide na mancha"
510340305420110;5103403;Cuiabá;Urbana;0.0702;677;359;-15.611125;-56.074203;2022;IBGE Censo 2022 — malha setores + agregados básicos (V0001);"Centroide = centro da bbox do setor; exposição proxy por centroide na mancha"
510340305420093;5103403;Cuiabá;Urbana;0.0964;787;298;-15.60288;-56.073635;2022;IBGE Censo 2022 — malha setores + agregados básicos (V0001);"Centroide = centro da bbox do setor; exposição proxy por centroide na mancha"
510340305420138;5103403;Cuiabá;Urbana;0.1041;240;104;-15.600646;-56.073132;2022;IBGE Censo 2022 — malha setores + agregados básicos (V0001);"Centroide = centro da bbox do setor; exposição proxy por centroide na mancha"
510340305420034;5103403;Cuiabá;Urbana;0.1002;710;287;-15.598503;-56.07296;2022;IBGE Censo 2022 — malha setores + agregados básicos (V0001);"Centroide = centro da bbox do setor; exposição proxy por centroide na mancha"
510340305420094;5103403;Cuiabá;Urbana;0.0814;670;319;-15.611047;-56.072838;2022;IBGE Censo 2022 — malha setores + agregados básicos (V0001);"Centroide = centro da bbox do setor; exposição proxy por centroide na mancha"
510340310430124;5103403;Cuiabá;Urbana;0.7504;880;372;-15.666434;-56.064451;2022;IBGE Censo 2022 — malha setores + agregados básicos (V0001);"Centroide = centro da bbox do setor; exposição proxy por centroide na mancha"
510340310430156;5103403;Cuiabá;Urbana;0.1599;1017;397;-15.648545;-56.057238;2022;IBGE Censo 2022 — malha setores + agregados básicos (V0001);"Centroide = centro da bbox do setor; exposição proxy por centroide na mancha"
510340310430157;5103403;Cuiabá;Urbana;0.334;906;358;-15.636398;-56.057283;2022;IBGE Censo 2022 — malha setores + agregados básicos (V0001);"Centroide = centro da bbox do setor; exposição proxy por centroide na mancha"
510340310430185;5103403;Cuiabá;Urbana;0.5487;1408;549;-15.661529;-56.063993;2022;IBGE Censo 2022 — malha setores + agregados básicos (V0001);"Centroide = centro da bbox do setor; exposição proxy por centroide na mancha"
510340310430254;5103403;Cuiabá;Urbana;1.2016;313;208;-15.652963;-56.059248;2022;IBGE Censo 2022 — malha setores + agregados básicos (V0001);"Centroide = centro da bbox do setor; exposição proxy por centroide na mancha"
510340310430255;5103403;Cuiabá;Urbana;0.1505;718;268;-15.649181;-56.055676;2022;IBGE Censo 2022 — malha setores + agregados básicos (V0001);"Centroide = centro da bbox do setor; exposição proxy por centroide na mancha"
510340310430315;5103403;Cuiabá;Urbana;0.2411;535;226;-15.646636;-56.063072;2022;IBGE Censo 2022 — malha setores + agregados básicos (V0001);"Centroide = centro da bbox do setor; exposição proxy por centroide na mancha"
510340310430316;5103403;Cuiabá;Urbana;0.2205;934;389;-15.645664;-56.056364;2022;IBGE Censo 2022 — malha setores + agregados básicos (V0001);"Centroide = centro da bbox do setor; exposição proxy por centroide na mancha"
510340310430321;5103403;Cuiabá;Urbana;0.0657;927;434;-15.639071;-56.067822;2022;IBGE Censo 2022 — malha setores + agregados básicos (V0001);"Centroide = centro da bbox do setor; exposição proxy por centroide na mancha"
510340310430322;5103403;Cuiabá;Urbana;1.0551;252;118;-15.649428;-56.070131;2022;IBGE Censo 2022 — malha setores + agregados básicos (V0001);"Centroide = centro da bbox do setor; exposição proxy por centroide na mancha"
510340310430331;5103403;Cuiabá;Urbana;0.2364;699;297;-15.658004;-56.056475;2022;IBGE Censo 2022 — malha setores + agregados básicos (V0001);"Centroide = centro da bbox do setor; exposição proxy por centroide na mancha"
510340310430332;5103403;Cuiabá;Urbana;0.2884;710;263;-15.659009;-56.064764;2022;IBGE Censo 2022 — malha setores + agregados básicos (V0001);"Centroide = centro da bbox do setor; exposição proxy por centroide na mancha"
510340310430335;5103403;Cuiabá;Urbana;0.3447;990;354;-15.640005;-56.055527;2022;IBGE Censo 2022 — malha setores + agregados básicos (V0001);"Centroide = centro da bbox do setor; exposição proxy por centroide na mancha"
510340310430336;5103403;Cuiabá;Urbana;0.1221;1245;664;-15.639369;-56.053205;2022;IBGE Censo 2022 — malha setores + agregados básicos (V0001);"Centroide = centro da bbox do setor; exposição proxy por centroide na mancha"
510340310430337;5103403;Cuiabá;Urbana;0.6096;313;126;-15.632281;-56.06402;2022;IBGE Censo 2022 — malha setores + agregados básicos (V0001);"Centroide = centro da bbox do setor; exposição proxy por centroide na mancha"
510340310430338;5103403;Cuiabá;Urbana;0.3695;850;396;-15.63144;-56.058561;2022;IBGE Censo 2022 — malha setores + agregados básicos (V0001);"Centroide = centro da bbox do setor; exposição proxy por centroide na mancha"
510340310430034;5103403;Cuiabá;Urbana;0.1811;636;247;-15.638411;-56.063978;2022;IBGE Censo 2022 — malha setores + agregados básicos (V0001);"Centroide = centro da bbox do setor; exposição proxy por centroide na mancha"
510340310430029;5103403;Cuiabá;Urbana;0.2382;1017;411;-15.660599;-56.053082;2022;IBGE Censo 2022 — malha setores + agregados básicos (V0001);"Centroide = centro da bbox do setor; exposição proxy por centroide na mancha"
510340310430035;5103403;Cuiabá;Urbana;0.1332;605;215;-15.637514;-56.061066;2022;IBGE Censo 2022 — malha setores + agregados básicos (V0001);"Centroide = centro da bbox do setor; exposição proxy por centroide na mancha"
510340310430037;5103403;Cuiabá;Urbana;0.1345;150;97;-15.629807;-56.055332;2022;IBGE Censo 2022 — malha setores + agregados básicos (V0001);"Centroide = centro da bbox do setor; exposição proxy por centroide na mancha"
510340310430027;5103403;Cuiabá;Urbana;0.284;771;316;-15.668445;-56.05682;2022;IBGE Censo 2022 — malha setores + agregados básicos (V0001);"Centroide = centro da bbox do setor; exposição proxy por centroide na mancha"
510340310430032;5103403;Cuiabá;Urbana;0.4045;991;400;-15.64274;-56.062548;2022;IBGE Censo 2022 — malha setores + agregados básicos (V0001);"Centroide = centro da bbox do setor; exposição proxy por centroide na mancha"
510340310420108;5103403;Cuiabá;Urbana;0.2706;504;171;-15.633699;-56.076223;2022;IBGE Censo 2022 — malha setores + agregados básicos (V0001);"Centroide = centro da bbox do setor; exposição proxy por centroide na mancha"
510340310430028;5103403;Cuiabá;Urbana;0.2294;889;361;-15.664048;-56.05389;2022;IBGE Censo 2022 — malha setores + agregados básicos (V0001);"Centroide = centro da bbox do setor; exposição proxy por centroide na mancha"
510340310430048;5103403;Cuiabá;Urbana;0.3378;643;254;-15.642178;-56.052568;2022;IBGE Censo 2022 — malha setores + agregados básicos (V0001);"Centroide = centro da bbox do setor; exposição proxy por centroide na mancha"
510340310420056;5103403;Cuiabá;Urbana;1.1063;2078;1018;-15.633012;-56.069473;2022;IBGE Censo 2022 — malha setores + agregados básicos (V0001);"Centroide = centro da bbox do setor; exposição proxy por centroide na mancha"
510840220000048;5108402;Várzea Grande;Urbana;0.4097;449;195;-15.650168;-56.075466;2022;IBGE Censo 2022 — malha setores + agregados básicos (V0001);"Centroide = centro da bbox do setor; exposição proxy por centroide na mancha"
510840220000068;5108402;Várzea Grande;Urbana;0.1071;781;279;-15.66629;-56.080341;2022;IBGE Censo 2022 — malha setores + agregados básicos (V0001);"Centroide = centro da bbox do setor; exposição proxy por centroide na mancha"
510340305420044;5103403;Cuiabá;Urbana;0.1145;506;193;-15.616275;-56.080778;2022;IBGE Censo 2022 — malha setores + agregados básicos (V0001);"Centroide = centro da bbox do setor; exposição proxy por centroide na mancha"
510340310420059;5103403;Cuiabá;Urbana;0.1119;557;226;-15.628937;-56.076712;2022;IBGE Censo 2022 — malha setores + agregados básicos (V0001);"Centroide = centro da bbox do setor; exposição proxy por centroide na mancha"
510840220000089;5108402;Várzea Grande;Urbana;0.2625;790;347;-15.666717;-56.078375;2022;IBGE Censo 2022 — malha setores + agregados básicos (V0001);"Centroide = centro da bbox do setor; exposição proxy por centroide na mancha"
510340305410200;5103403;Cuiabá;Urbana;0.1305;1160;501;-15.541058;-56.080116;2022;IBGE Censo 2022 — malha setores + agregados básicos (V0001);"Centroide = centro da bbox do setor; exposição proxy por centroide na mancha"
510340305400041;5103403;Cuiabá;Urbana;0.0152;283;195;-15.56323;-56.081081;2022;IBGE Censo 2022 — malha setores + agregados básicos (V0001);"Centroide = centro da bbox do setor; exposição proxy por centroide na mancha"
510340305400060;5103403;Cuiabá;Urbana;0.1673;682;309;-15.561699;-56.07818;2022;IBGE Censo 2022 — malha setores + agregados básicos (V0001);"Centroide = centro da bbox do setor; exposição proxy por centroide na mancha"
510340305400017;5103403;Cuiabá;Urbana;0.1192;1015;403;-15.545016;-56.07876;2022;IBGE Censo 2022 — malha setores + agregados básicos (V0001);"Centroide = centro da bbox do setor; exposição proxy por centroide na mancha"
510340305400039;5103403;Cuiabá;Urbana;0.2644;868;357;-15.556064;-56.077927;2022;IBGE Censo 2022 — malha setores + agregados básicos (V0001);"Centroide = centro da bbox do setor; exposição proxy por centroide na mancha"
510340305400018;5103403;Cuiabá;Urbana;0.0928;849;294;-15.542655;-56.077805;2022;IBGE Censo 2022 — malha setores + agregados básicos (V0001);"Centroide = centro da bbox do setor; exposição proxy por centroide na mancha"
510340305400062;5103403;Cuiabá;Urbana;0.283;1114;429;-15.550761;-56.076353;2022;IBGE Censo 2022 — malha setores + agregados básicos (V0001);"Centroide = centro da bbox do setor; exposição proxy por centroide na mancha"
510340305400063;5103403;Cuiabá;Urbana;0.0931;980;375;-15.547216;-56.076935;2022;IBGE Censo 2022 — malha setores + agregados básicos (V0001);"Centroide = centro da bbox do setor; exposição proxy por centroide na mancha"
510340305400066;5103403;Cuiabá;Urbana;0.0473;472;187;-15.541338;-56.076902;2022;IBGE Censo 2022 — malha setores + agregados básicos (V0001);"Centroide = centro da bbox do setor; exposição proxy por centroide na mancha"
510340305400067;5103403;Cuiabá;Urbana;0.1084;621;240;-15.540134;-56.076;2022;IBGE Censo 2022 — malha setores + agregados básicos (V0001);"Centroide = centro da bbox do setor; exposição proxy por centroide na mancha"
510340305400064;5103403;Cuiabá;Urbana;0.0886;664;251;-15.54475;-56.075129;2022;IBGE Censo 2022 — malha setores + agregados básicos (V0001);"Centroide = centro da bbox do setor; exposição proxy por centroide na mancha"
510340305400002;5103403;Cuiabá;Urbana;0.0706;761;290;-15.543104;-56.074169;2022;IBGE Censo 2022 — malha setores + agregados básicos (V0001);"Centroide = centro da bbox do setor; exposição proxy por centroide na mancha"
510340305400038;5103403;Cuiabá;Urbana;0.1173;311;129;-15.549713;-56.072315;2022;IBGE Censo 2022 — malha setores + agregados básicos (V0001);"Centroide = centro da bbox do setor; exposição proxy por centroide na mancha"
510340305400065;5103403;Cuiabá;Urbana;0.1401;475;203;-15.544008;-56.072641;2022;IBGE Censo 2022 — malha setores + agregados básicos (V0001);"Centroide = centro da bbox do setor; exposição proxy por centroide na mancha"
510340305400020;5103403;Cuiabá;Urbana;0.0887;620;234;-15.539446;-56.072189;2022;IBGE Censo 2022 — malha setores + agregados básicos (V0001);"Centroide = centro da bbox do setor; exposição proxy por centroide na mancha"
510340305400033;5103403;Cuiabá;Urbana;0.0819;628;222;-15.541173;-56.070574;2022;IBGE Censo 2022 — malha setores + agregados básicos (V0001);"Centroide = centro da bbox do setor; exposição proxy por centroide na mancha"
510340305400021;5103403;Cuiabá;Urbana;0.1165;1011;389;-15.542749;-56.069036;2022;IBGE Censo 2022 — malha setores + agregados básicos (V0001);"Centroide = centro da bbox do setor; exposição proxy por centroide na mancha"
510780005000001;5107800;Santo Antônio de Leverger;Urbana;0.1456;256;123;-15.864995;-56.079811;2022;IBGE Censo 2022 — malha setores + agregados básicos (V0001);"Centroide = centro da bbox do setor; exposição proxy por centroide na mancha"
510780005000002;5107800;Santo Antônio de Leverger;Urbana;0.2971;899;319;-15.841906;-56.07935;2022;IBGE Censo 2022 — malha setores + agregados básicos (V0001);"Centroide = centro da bbox do setor; exposição proxy por centroide na mancha"
510780005000003;5107800;Santo Antônio de Leverger;Urbana;0.4216;386;167;-15.853326;-56.075449;2022;IBGE Censo 2022 — malha setores + agregados básicos (V0001);"Centroide = centro da bbox do setor; exposição proxy por centroide na mancha"
510780005000004;5107800;Santo Antônio de Leverger;Urbana;0.1186;498;179;-15.862962;-56.07387;2022;IBGE Censo 2022 — malha setores + agregados básicos (V0001);"Centroide = centro da bbox do setor; exposição proxy por centroide na mancha"
510780005000011;5107800;Santo Antônio de Leverger;Urbana;0.3892;911;289;-15.863243;-56.069206;2022;IBGE Censo 2022 — malha setores + agregados básicos (V0001);"Centroide = centro da bbox do setor; exposição proxy por centroide na mancha"
510780005000017;5107800;Santo Antônio de Leverger;Urbana;4.2653;68;35;-15.845486;-56.067152;2022;IBGE Censo 2022 — malha setores + agregados básicos (V0001);"Centroide = centro da bbox do setor; exposição proxy por centroide na mancha"
510780005000020;5107800;Santo Antônio de Leverger;Rural;4.2203;56;42;-15.864787;-56.063353;2022;IBGE Censo 2022 — malha setores + agregados básicos (V0001);"Centroide = centro da bbox do setor; exposição proxy por centroide na mancha"
510780005000021;5107800;Santo Antônio de Leverger;Urbana;0.711;557;192;-15.859172;-56.072523;2022;IBGE Censo 2022 — malha setores + agregados básicos (V0001);"Centroide = centro da bbox do setor; exposição proxy por centroide na mancha"
510780005000023;5107800;Santo Antônio de Leverger;Urbana;0.1488;289;115;-15.866097;-56.077492;2022;IBGE Censo 2022 — malha setores + agregados básicos (V0001);"Centroide = centro da bbox do setor; exposição proxy por centroide na mancha"
510780005000024;5107800;Santo Antônio de Leverger;Urbana;0.2334;417;160;-15.867043;-56.074484;2022;IBGE Censo 2022 — malha setores + agregados básicos (V0001);"Centroide = centro da bbox do setor; exposição proxy por centroide na mancha"
510780005000025;5107800;Santo Antônio de Leverger;Urbana;0.1094;487;158;-15.840466;-56.067183;2022;IBGE Censo 2022 — malha setores + agregados básicos (V0001);"Centroide = centro da bbox do setor; exposição proxy por centroide na mancha"
510780005000030;5107800;Santo Antônio de Leverger;Urbana;0.2314;636;216;-15.840002;-56.074102;2022;IBGE Censo 2022 — malha setores + agregados básicos (V0001);"Centroide = centro da bbox do setor; exposição proxy por centroide na mancha"
510340310420081;5103403;Cuiabá;Urbana;0.2053;700;313;-15.62875;-56.072453;2022;IBGE Censo 2022 — malha setores + agregados básicos (V0001);"Centroide = centro da bbox do setor; exposição proxy por centroide na mancha"
510340310420047;5103403;Cuiabá;Urbana;0.832;106;58;-15.623011;-56.042219;2022;IBGE Censo 2022 — malha setores + agregados básicos (V0001);"Centroide = centro da bbox do setor; exposição proxy por centroide na mancha"
510340310420055;5103403;Cuiabá;Urbana;0.1176;279;116;-15.622598;-56.069349;2022;IBGE Censo 2022 — malha setores + agregados básicos (V0001);"Centroide = centro da bbox do setor; exposição proxy por centroide na mancha"
510340310420061;5103403;Cuiabá;Urbana;0.2208;848;407;-15.618141;-56.074621;2022;IBGE Censo 2022 — malha setores + agregados básicos (V0001);"Centroide = centro da bbox do setor; exposição proxy por centroide na mancha"
510340310420052;5103403;Cuiabá;Urbana;0.1711;368;212;-15.617179;-56.062511;2022;IBGE Censo 2022 — malha setores + agregados básicos (V0001);"Centroide = centro da bbox do setor; exposição proxy por centroide na mancha"
510340310420053;5103403;Cuiabá;Urbana;0.1544;0;1;-15.61723;-56.06535;2022;IBGE Censo 2022 — malha setores + agregados básicos (V0001);"Centroide = centro da bbox do setor; exposição proxy por centroide na mancha"
510340310420177;5103403;Cuiabá;Urbana;0.1636;488;260;-15.616057;-56.054987;2022;IBGE Censo 2022 — malha setores + agregados básicos (V0001);"Centroide = centro da bbox do setor; exposição proxy por centroide na mancha"
510340310420178;5103403;Cuiabá;Urbana;0.1868;410;247;-15.616516;-56.057753;2022;IBGE Censo 2022 — malha setores + agregados básicos (V0001);"Centroide = centro da bbox do setor; exposição proxy por centroide na mancha"
510340310420078;5103403;Cuiabá;Urbana;0.1538;514;330;-15.61519;-56.066229;2022;IBGE Censo 2022 — malha setores + agregados básicos (V0001);"Centroide = centro da bbox do setor; exposição proxy por centroide na mancha"
510340310420072;5103403;Cuiabá;Urbana;0.5463;876;458;-15.612211;-56.049509;2022;IBGE Censo 2022 — malha setores + agregados básicos (V0001);"Centroide = centro da bbox do setor; exposição proxy por centroide na mancha"
510340310420117;5103403;Cuiabá;Urbana;0.1437;837;481;-15.615581;-56.073164;2022;IBGE Censo 2022 — malha setores + agregados básicos (V0001);"Centroide = centro da bbox do setor; exposição proxy por centroide na mancha"
510340310420077;5103403;Cuiabá;Urbana;0.1916;600;275;-15.614129;-56.05397;2022;IBGE Censo 2022 — malha setores + agregados básicos (V0001);"Centroide = centro da bbox do setor; exposição proxy por centroide na mancha"
510340310420054;5103403;Cuiabá;Urbana;0.1498;422;246;-15.614659;-56.06781;2022;IBGE Censo 2022 — malha setores + agregados básicos (V0001);"Centroide = centro da bbox do setor; exposição proxy por centroide na mancha"
510340310420114;5103403;Cuiabá;Urbana;0.4253;592;232;-15.610525;-56.039122;2022;IBGE Censo 2022 — malha setores + agregados básicos (V0001);"Centroide = centro da bbox do setor; exposição proxy por centroide na mancha"
510340310420049;5103403;Cuiabá;Urbana;0.1852;819;386;-15.613648;-56.059204;2022;IBGE Censo 2022 — malha setores + agregados básicos (V0001);"Centroide = centro da bbox do setor; exposição proxy por centroide na mancha"
510340310420001;5103403;Cuiabá;Urbana;0.7964;97;105;-15.610502;-56.066292;2022;IBGE Censo 2022 — malha setores + agregados básicos (V0001);"Centroide = centro da bbox do setor; exposição proxy por centroide na mancha"
510340310420048;5103403;Cuiabá;Urbana;0.1296;429;236;-15.613188;-56.061293;2022;IBGE Censo 2022 — malha setores + agregados básicos (V0001);"Centroide = centro da bbox do setor; exposição proxy por centroide na mancha"
510340310420050;5103403;Cuiabá;Urbana;0.0771;396;276;-15.609927;-56.058214;2022;IBGE Censo 2022 — malha setores + agregados básicos (V0001);"Centroide = centro da bbox do setor; exposição proxy por centroide na mancha"
510340305420119;5103403;Cuiabá;Urbana;0.1459;241;96;-15.608933;-56.070892;2022;IBGE Censo 2022 — malha setores + agregados básicos (V0001);"Centroide = centro da bbox do setor; exposição proxy por centroide na mancha"
510340310420107;5103403;Cuiabá;Urbana;0.1713;353;145;-15.607678;-56.055496;2022;IBGE Censo 2022 — malha setores + agregados básicos (V0001);"Centroide = centro da bbox do setor; exposição proxy por centroide na mancha"
510340310420002;5103403;Cuiabá;Urbana;0.2508;487;193;-15.60584;-56.066713;2022;IBGE Censo 2022 — malha setores + agregados básicos (V0001);"Centroide = centro da bbox do setor; exposição proxy por centroide na mancha"
510340310420004;5103403;Cuiabá;Urbana;0.1912;372;222;-15.606225;-56.057873;2022;IBGE Censo 2022 — malha setores + agregados básicos (V0001);"Centroide = centro da bbox do setor; exposição proxy por centroide na mancha"
510340305420141;5103403;Cuiabá;Urbana;0.1197;485;211;-15.605335;-56.071056;2022;IBGE Censo 2022 — malha setores + agregados básicos (V0001);"Centroide = centro da bbox do setor; exposição proxy por centroide na mancha"
510340310420182;5103403;Cuiabá;Urbana;1.0068;590;276;-15.609825;-56.045673;2022;IBGE Censo 2022 — malha setores + agregados básicos (V0001);"Centroide = centro da bbox do setor; exposição proxy por centroide na mancha"
510340310430041;5103403;Cuiabá;Urbana;0.1004;402;213;-15.620518;-56.063934;2022;IBGE Censo 2022 — malha setores + agregados básicos (V0001);"Centroide = centro da bbox do setor; exposição proxy por centroide na mancha"
510340310430042;5103403;Cuiabá;Urbana;0.3245;382;126;-15.620591;-56.051476;2022;IBGE Censo 2022 — malha setores + agregados básicos (V0001);"Centroide = centro da bbox do setor; exposição proxy por centroide na mancha"
510340310430043;5103403;Cuiabá;Urbana;0.1281;626;259;-15.626378;-56.050354;2022;IBGE Censo 2022 — malha setores + agregados básicos (V0001);"Centroide = centro da bbox do setor; exposição proxy por centroide na mancha"
510340310430158;5103403;Cuiabá;Urbana;0.2901;607;268;-15.621675;-56.059553;2022;IBGE Censo 2022 — malha setores + agregados básicos (V0001);"Centroide = centro da bbox do setor; exposição proxy por centroide na mancha"
510340310420181;5103403;Cuiabá;Urbana;0.3591;707;331;-15.605442;-56.044104;2022;IBGE Censo 2022 — malha setores + agregados básicos (V0001);"Centroide = centro da bbox do setor; exposição proxy por centroide na mancha"
510340310430265;5103403;Cuiabá;Urbana;0.132;802;407;-15.623663;-56.051735;2022;IBGE Censo 2022 — malha setores + agregados básicos (V0001);"Centroide = centro da bbox do setor; exposição proxy por centroide na mancha"
510340310430313;5103403;Cuiabá;Urbana;0.1004;5;1;-15.621143;-56.056326;2022;IBGE Censo 2022 — malha setores + agregados básicos (V0001);"Centroide = centro da bbox do setor; exposição proxy por centroide na mancha"
510340310430314;5103403;Cuiabá;Urbana;0.0364;658;333;-15.62246;-56.058065;2022;IBGE Censo 2022 — malha setores + agregados básicos (V0001);"Centroide = centro da bbox do setor; exposição proxy por centroide na mancha"
510340310430333;5103403;Cuiabá;Urbana;0.0855;1079;576;-15.623105;-56.055765;2022;IBGE Censo 2022 — malha setores + agregados básicos (V0001);"Centroide = centro da bbox do setor; exposição proxy por centroide na mancha"
510340310430334;5103403;Cuiabá;Urbana;0.1629;363;186;-15.623406;-56.057793;2022;IBGE Censo 2022 — malha setores + agregados básicos (V0001);"Centroide = centro da bbox do setor; exposição proxy por centroide na mancha"
510340310430339;5103403;Cuiabá;Urbana;0.0274;768;410;-15.629823;-56.05879;2022;IBGE Censo 2022 — malha setores + agregados básicos (V0001);"Centroide = centro da bbox do setor; exposição proxy por centroide na mancha"
510340310420082;5103403;Cuiabá;Urbana;0.1944;313;174;-15.618899;-56.06978;2022;IBGE Censo 2022 — malha setores + agregados básicos (V0001);"Centroide = centro da bbox do setor; exposição proxy por centroide na mancha"
510340310430038;5103403;Cuiabá;Urbana;0.3039;405;209;-15.627904;-56.053362;2022;IBGE Censo 2022 — malha setores + agregados básicos (V0001);"Centroide = centro da bbox do setor; exposição proxy por centroide na mancha"
510340310420060;5103403;Cuiabá;Urbana;0.4251;745;285;-15.624477;-56.073235;2022;IBGE Censo 2022 — malha setores + agregados básicos (V0001);"Centroide = centro da bbox do setor; exposição proxy por centroide na mancha"
510340310420079;5103403;Cuiabá;Urbana;0.4686;855;347;-15.625552;-56.065895;2022;IBGE Censo 2022 — malha setores + agregados básicos (V0001);"Centroide = centro da bbox do setor; exposição proxy por centroide na mancha"
510340305400004;5103403;Cuiabá;Urbana;0.0826;0;0;-15.549843;-56.055927;2022;IBGE Censo 2022 — malha setores + agregados básicos (V0001);"Centroide = centro da bbox do setor; exposição proxy por centroide na mancha"
510340305400028;5103403;Cuiabá;Urbana;0.067;525;187;-15.548231;-56.054356;2022;IBGE Censo 2022 — malha setores + agregados básicos (V0001);"Centroide = centro da bbox do setor; exposição proxy por centroide na mancha"
510340305400043;5103403;Cuiabá;Urbana;0.0474;426;147;-15.546916;-56.05315;2022;IBGE Censo 2022 — malha setores + agregados básicos (V0001);"Centroide = centro da bbox do setor; exposição proxy por centroide na mancha"
510340305400070;5103403;Cuiabá;Urbana;0.0928;337;142;-15.546154;-56.058855;2022;IBGE Censo 2022 — malha setores + agregados básicos (V0001);"Centroide = centro da bbox do setor; exposição proxy por centroide na mancha"
510340305400036;5103403;Cuiabá;Urbana;0.1216;1074;425;-15.545244;-56.057178;2022;IBGE Censo 2022 — malha setores + agregados básicos (V0001);"Centroide = centro da bbox do setor; exposição proxy por centroide na mancha"
510340305400071;5103403;Cuiabá;Urbana;0.0999;415;133;-15.54568;-56.06328;2022;IBGE Censo 2022 — malha setores + agregados básicos (V0001);"Centroide = centro da bbox do setor; exposição proxy por centroide na mancha"
510340305400025;5103403;Cuiabá;Urbana;0.0931;810;291;-15.54504;-56.065975;2022;IBGE Censo 2022 — malha setores + agregados básicos (V0001);"Centroide = centro da bbox do setor; exposição proxy por centroide na mancha"
510340305400035;5103403;Cuiabá;Urbana;0.0988;825;285;-15.544679;-56.053949;2022;IBGE Censo 2022 — malha setores + agregados básicos (V0001);"Centroide = centro da bbox do setor; exposição proxy por centroide na mancha"
510340305400024;5103403;Cuiabá;Urbana;0.1086;874;362;-15.544174;-56.067518;2022;IBGE Censo 2022 — malha setores + agregados básicos (V0001);"Centroide = centro da bbox do setor; exposição proxy por centroide na mancha"
510340305400026;5103403;Cuiabá;Urbana;0.0825;798;284;-15.544691;-56.061642;2022;IBGE Censo 2022 — malha setores + agregados básicos (V0001);"Centroide = centro da bbox do setor; exposição proxy por centroide na mancha"
510340310400083;5103403;Cuiabá;Urbana;0.2043;635;257;-15.543436;-56.045271;2022;IBGE Censo 2022 — malha setores + agregados básicos (V0001);"Centroide = centro da bbox do setor; exposição proxy por centroide na mancha"
510340305400029;5103403;Cuiabá;Urbana;0.0707;327;150;-15.541927;-56.051079;2022;IBGE Censo 2022 — malha setores + agregados básicos (V0001);"Centroide = centro da bbox do setor; exposição proxy por centroide na mancha"
510340305400050;5103403;Cuiabá;Urbana;0.0962;775;279;-15.543145;-56.05916;2022;IBGE Censo 2022 — malha setores + agregados básicos (V0001);"Centroide = centro da bbox do setor; exposição proxy por centroide na mancha"
510340305400051;5103403;Cuiabá;Urbana;0.1604;849;299;-15.541879;-56.056133;2022;IBGE Censo 2022 — malha setores + agregados básicos (V0001);"Centroide = centro da bbox do setor; exposição proxy por centroide na mancha"
510340305400023;5103403;Cuiabá;Urbana;0.0513;561;201;-15.542549;-56.064478;2022;IBGE Censo 2022 — malha setores + agregados básicos (V0001);"Centroide = centro da bbox do setor; exposição proxy por centroide na mancha"
510340310400095;5103403;Cuiabá;Urbana;0.3694;336;169;-15.539062;-56.046383;2022;IBGE Censo 2022 — malha setores + agregados básicos (V0001);"Centroide = centro da bbox do setor; exposição proxy por centroide na mancha"
510340305400030;5103403;Cuiabá;Urbana;0.12;730;265;-15.541317;-56.061028;2022;IBGE Censo 2022 — malha setores + agregados básicos (V0001);"Centroide = centro da bbox do setor; exposição proxy por centroide na mancha"
510340305400027;5103403;Cuiabá;Urbana;0.2035;1004;378;-15.540886;-56.052996;2022;IBGE Censo 2022 — malha setores + agregados básicos (V0001);"Centroide = centro da bbox do setor; exposição proxy por centroide na mancha"
510340305400022;5103403;Cuiabá;Urbana;0.0962;866;331;-15.540157;-56.067699;2022;IBGE Censo 2022 — malha setores + agregados básicos (V0001);"Centroide = centro da bbox do setor; exposição proxy por centroide na mancha"
510340305000002;5103403;Cuiabá;Urbana;11.5025;1146;508;-15.519643;-56.054092;2022;IBGE Censo 2022 — malha setores + agregados básicos (V0001);"Centroide = centro da bbox do setor; exposição proxy por centroide na mancha"
510340310400122;5103403;Cuiabá;Urbana;0.1988;1028;370;-15.535537;-56.038607;2022;IBGE Censo 2022 — malha setores + agregados básicos (V0001);"Centroide = centro da bbox do setor; exposição proxy por centroide na mancha"
510340305000007;5103403;Cuiabá;Urbana;0.128;162;114;-15.531332;-56.042336;2022;IBGE Censo 2022 — malha setores + agregados básicos (V0001);"Centroide = centro da bbox do setor; exposição proxy por centroide na mancha"
510340310400150;5103403;Cuiabá;Urbana;0.2453;191;156;-15.534276;-56.041803;2022;IBGE Censo 2022 — malha setores + agregados básicos (V0001);"Centroide = centro da bbox do setor; exposição proxy por centroide na mancha"
510340305400045;5103403;Cuiabá;Urbana;0.398;748;253;-15.538509;-56.063803;2022;IBGE Censo 2022 — malha setores + agregados básicos (V0001);"Centroide = centro da bbox do setor; exposição proxy por centroide na mancha"
510340310400135;5103403;Cuiabá;Urbana;0.1909;867;330;-15.541155;-56.041405;2022;IBGE Censo 2022 — malha setores + agregados básicos (V0001);"Centroide = centro da bbox do setor; exposição proxy por centroide na mancha"
510340310420039;5103403;Cuiabá;Urbana;1.1219;243;95;-15.598532;-56.051172;2022;IBGE Censo 2022 — malha setores + agregados básicos (V0001);"Centroide = centro da bbox do setor; exposição proxy por centroide na mancha"
510340310420147;5103403;Cuiabá;Urbana;0.1582;556;266;-15.603442;-56.057348;2022;IBGE Censo 2022 — malha setores + agregados básicos (V0001);"Centroide = centro da bbox do setor; exposição proxy por centroide na mancha"
510340310420163;5103403;Cuiabá;Urbana;0.1101;555;205;-15.602103;-56.035315;2022;IBGE Censo 2022 — malha setores + agregados básicos (V0001);"Centroide = centro da bbox do setor; exposição proxy por centroide na mancha"
510340305420140;5103403;Cuiabá;Urbana;0.0639;733;348;-15.602632;-56.069422;2022;IBGE Censo 2022 — malha setores + agregados básicos (V0001);"Centroide = centro da bbox do setor; exposição proxy por centroide na mancha"
510340310420091;5103403;Cuiabá;Urbana;0.4791;626;241;-15.597999;-56.056997;2022;IBGE Censo 2022 — malha setores + agregados básicos (V0001);"Centroide = centro da bbox do setor; exposição proxy por centroide na mancha"
510340310420064;5103403;Cuiabá;Urbana;0.0846;790;307;-15.601469;-56.061779;2022;IBGE Censo 2022 — malha setores + agregados básicos (V0001);"Centroide = centro da bbox do setor; exposição proxy por centroide na mancha"
510340305420032;5103403;Cuiabá;Urbana;0.0984;668;266;-15.600233;-56.068853;2022;IBGE Censo 2022 — malha setores + agregados básicos (V0001);"Centroide = centro da bbox do setor; exposição proxy por centroide na mancha"
510340310420146;5103403;Cuiabá;Urbana;0.0792;641;269;-15.600827;-56.06525;2022;IBGE Censo 2022 — malha setores + agregados básicos (V0001);"Centroide = centro da bbox do setor; exposição proxy por centroide na mancha"
510340305420139;5103403;Cuiabá;Urbana;0.0241;520;300;-15.600906;-56.071573;2022;IBGE Censo 2022 — malha setores + agregados básicos (V0001);"Centroide = centro da bbox do setor; exposição proxy por centroide na mancha"
510340305420033;5103403;Cuiabá;Urbana;0.0567;496;204;-15.600415;-56.070065;2022;IBGE Censo 2022 — malha setores + agregados básicos (V0001);"Centroide = centro da bbox do setor; exposição proxy por centroide na mancha"
510340310420145;5103403;Cuiabá;Urbana;0.0848;586;206;-15.599514;-56.061714;2022;IBGE Censo 2022 — malha setores + agregados básicos (V0001);"Centroide = centro da bbox do setor; exposição proxy por centroide na mancha"
510340310420003;5103403;Cuiabá;Urbana;0.1185;683;299;-15.597806;-56.065649;2022;IBGE Censo 2022 — malha setores + agregados básicos (V0001);"Centroide = centro da bbox do setor; exposição proxy por centroide na mancha"
510340310420128;5103403;Cuiabá;Urbana;0.7902;1504;501;-15.59489;-56.06352;2022;IBGE Censo 2022 — malha setores + agregados básicos (V0001);"Centroide = centro da bbox do setor; exposição proxy por centroide na mancha"
510340310420036;5103403;Cuiabá;Urbana;0.3826;816;266;-15.590785;-56.056459;2022;IBGE Censo 2022 — malha setores + agregados básicos (V0001);"Centroide = centro da bbox do setor; exposição proxy por centroide na mancha"
510340310420005;5103403;Cuiabá;Urbana;0.0989;247;93;-15.590559;-56.068571;2022;IBGE Censo 2022 — malha setores + agregados básicos (V0001);"Centroide = centro da bbox do setor; exposição proxy por centroide na mancha"
510340310420092;5103403;Cuiabá;Urbana;0.1087;745;286;-15.589354;-56.066238;2022;IBGE Censo 2022 — malha setores + agregados básicos (V0001);"Centroide = centro da bbox do setor; exposição proxy por centroide na mancha"
510340310420006;5103403;Cuiabá;Urbana;0.0677;538;218;-15.588573;-56.06354;2022;IBGE Censo 2022 — malha setores + agregados básicos (V0001);"Centroide = centro da bbox do setor; exposição proxy por centroide na mancha"
510340310420071;5103403;Cuiabá;Urbana;0.1181;725;291;-15.588385;-56.049101;2022;IBGE Censo 2022 — malha setores + agregados básicos (V0001);"Centroide = centro da bbox do setor; exposição proxy por centroide na mancha"
510340310420030;5103403;Cuiabá;Urbana;0.1593;1004;385;-15.587294;-56.051237;2022;IBGE Censo 2022 — malha setores + agregados básicos (V0001);"Centroide = centro da bbox do setor; exposição proxy por centroide na mancha"
510340310420170;5103403;Cuiabá;Urbana;0.0684;240;82;-15.588251;-56.045479;2022;IBGE Censo 2022 — malha setores + agregados básicos (V0001);"Centroide = centro da bbox do setor; exposição proxy por centroide na mancha"
510340310420095;5103403;Cuiabá;Urbana;0.0601;444;175;-15.588313;-56.060856;2022;IBGE Censo 2022 — malha setores + agregados básicos (V0001);"Centroide = centro da bbox do setor; exposição proxy por centroide na mancha"
510340310420035;5103403;Cuiabá;Urbana;0.0567;481;276;-15.587861;-56.056158;2022;IBGE Censo 2022 — malha setores + agregados básicos (V0001);"Centroide = centro da bbox do setor; exposição proxy por centroide na mancha"
510340310420144;5103403;Cuiabá;Urbana;0.0148;369;223;-15.58907;-56.055075;2022;IBGE Censo 2022 — malha setores + agregados básicos (V0001);"Centroide = centro da bbox do setor; exposição proxy por centroide na mancha"
510340310420037;5103403;Cuiabá;Urbana;0.0154;350;192;-15.588241;-56.055796;2022;IBGE Censo 2022 — malha setores + agregados básicos (V0001);"Centroide = centro da bbox do setor; exposição proxy por centroide na mancha"
510340310420038;5103403;Cuiabá;Urbana;0.0139;370;224;-15.588454;-56.055004;2022;IBGE Censo 2022 — malha setores + agregados básicos (V0001);"Centroide = centro da bbox do setor; exposição proxy por centroide na mancha"
510340310420173;5103403;Cuiabá;Urbana;0.0523;396;134;-15.586612;-56.058947;2022;IBGE Censo 2022 — malha setores + agregados básicos (V0001);"Centroide = centro da bbox do setor; exposição proxy por centroide na mancha"
510340310420012;5103403;Cuiabá;Urbana;0.0634;561;213;-15.58674;-56.06135;2022;IBGE Censo 2022 — malha setores + agregados básicos (V0001);"Centroide = centro da bbox do setor; exposição proxy por centroide na mancha"
510340310420174;5103403;Cuiabá;Urbana;0.0381;602;315;-15.586759;-56.057011;2022;IBGE Censo 2022 — malha setores + agregados básicos (V0001);"Centroide = centro da bbox do setor; exposição proxy por centroide na mancha"
510340310420169;5103403;Cuiabá;Urbana;0.0276;279;100;-15.586691;-56.048954;2022;IBGE Censo 2022 — malha setores + agregados básicos (V0001);"Centroide = centro da bbox do setor; exposição proxy por centroide na mancha"
510340310420179;5103403;Cuiabá;Urbana;0.0767;386;175;-15.602798;-56.065708;2022;IBGE Censo 2022 — malha setores + agregados básicos (V0001);"Centroide = centro da bbox do setor; exposição proxy por centroide na mancha"
510340310420180;5103403;Cuiabá;Urbana;0.1267;620;300;-15.604019;-56.062628;2022;IBGE Censo 2022 — malha setores + agregados básicos (V0001);"Centroide = centro da bbox do setor; exposição proxy por centroide na mancha"
510340310420185;5103403;Cuiabá;Urbana;0.3175;1439;566;-15.600359;-56.045431;2022;IBGE Censo 2022 — malha setores + agregados básicos (V0001);"Centroide = centro da bbox do setor; exposição proxy por centroide na mancha"
510340310420186;5103403;Cuiabá;Urbana;0.354;814;312;-15.602365;-56.040537;2022;IBGE Censo 2022 — malha setores + agregados básicos (V0001);"Centroide = centro da bbox do setor; exposição proxy por centroide na mancha"
510340310420189;5103403;Cuiabá;Urbana;1.3409;544;200;-15.593009;-56.043163;2022;IBGE Censo 2022 — malha setores + agregados básicos (V0001);"Centroide = centro da bbox do setor; exposição proxy por centroide na mancha"
510340305420031;5103403;Cuiabá;Urbana;0.0845;719;290;-15.597752;-56.068947;2022;IBGE Censo 2022 — malha setores + agregados básicos (V0001);"Centroide = centro da bbox do setor; exposição proxy por centroide na mancha"
510340305420030;5103403;Cuiabá;Urbana;0.0551;584;216;-15.5962;-56.069347;2022;IBGE Censo 2022 — malha setores + agregados básicos (V0001);"Centroide = centro da bbox do setor; exposição proxy por centroide na mancha"
510340310420007;5103403;Cuiabá;Urbana;0.2894;812;343;-15.586092;-56.06654;2022;IBGE Censo 2022 — malha setores + agregados básicos (V0001);"Centroide = centro da bbox do setor; exposição proxy por centroide na mancha"
510340305000014;5103403;Cuiabá;Urbana;0.0748;158;94;-15.586337;-56.019365;2022;IBGE Censo 2022 — malha setores + agregados básicos (V0001);"Centroide = centro da bbox do setor; exposição proxy por centroide na mancha"
510340310420028;5103403;Cuiabá;Urbana;0.0661;598;223;-15.585536;-56.044252;2022;IBGE Censo 2022 — malha setores + agregados básicos (V0001);"Centroide = centro da bbox do setor; exposição proxy por centroide na mancha"
510340310420175;5103403;Cuiabá;Urbana;0.0405;590;309;-15.585848;-56.054644;2022;IBGE Censo 2022 — malha setores + agregados básicos (V0001);"Centroide = centro da bbox do setor; exposição proxy por centroide na mancha"
510340310420029;5103403;Cuiabá;Urbana;0.1214;962;386;-15.585352;-56.047045;2022;IBGE Censo 2022 — malha setores + agregados básicos (V0001);"Centroide = centro da bbox do setor; exposição proxy por centroide na mancha"
510340310420100;5103403;Cuiabá;Urbana;0.0341;207;100;-15.585149;-56.043823;2022;IBGE Censo 2022 — malha setores + agregados básicos (V0001);"Centroide = centro da bbox do setor; exposição proxy por centroide na mancha"
510340310420008;5103403;Cuiabá;Urbana;0.1435;783;302;-15.584316;-56.063086;2022;IBGE Censo 2022 — malha setores + agregados básicos (V0001);"Centroide = centro da bbox do setor; exposição proxy por centroide na mancha"
510340310420026;5103403;Cuiabá;Urbana;0.0676;485;225;-15.584642;-56.043173;2022;IBGE Censo 2022 — malha setores + agregados básicos (V0001);"Centroide = centro da bbox do setor; exposição proxy por centroide na mancha"
510340310420013;5103403;Cuiabá;Urbana;0.0616;531;188;-15.585078;-56.056805;2022;IBGE Censo 2022 — malha setores + agregados básicos (V0001);"Centroide = centro da bbox do setor; exposição proxy por centroide na mancha"
510340310420176;5103403;Cuiabá;Urbana;0.0211;541;270;-15.585386;-56.053793;2022;IBGE Censo 2022 — malha setores + agregados básicos (V0001);"Centroide = centro da bbox do setor; exposição proxy por centroide na mancha"
510340310420172;5103403;Cuiabá;Urbana;0.045;638;319;-15.584886;-56.05192;2022;IBGE Censo 2022 — malha setores + agregados básicos (V0001);"Centroide = centro da bbox do setor; exposição proxy por centroide na mancha"
510340310420010;5103403;Cuiabá;Urbana;0.0444;304;111;-15.584366;-56.0602;2022;IBGE Censo 2022 — malha setores + agregados básicos (V0001);"Centroide = centro da bbox do setor; exposição proxy por centroide na mancha"
510340310420171;5103403;Cuiabá;Urbana;0.0876;941;355;-15.58371;-56.052822;2022;IBGE Censo 2022 — malha setores + agregados básicos (V0001);"Centroide = centro da bbox do setor; exposição proxy por centroide na mancha"
510340310420094;5103403;Cuiabá;Urbana;0.0694;597;228;-15.583091;-56.059584;2022;IBGE Censo 2022 — malha setores + agregados básicos (V0001);"Centroide = centro da bbox do setor; exposição proxy por centroide na mancha"
510340310420033;5103403;Cuiabá;Urbana;0.0191;585;323;-15.584224;-56.049637;2022;IBGE Censo 2022 — malha setores + agregados básicos (V0001);"Centroide = centro da bbox do setor; exposição proxy por centroide na mancha"
510340310420034;5103403;Cuiabá;Urbana;0.0355;546;287;-15.583745;-56.047434;2022;IBGE Censo 2022 — malha setores + agregados básicos (V0001);"Centroide = centro da bbox do setor; exposição proxy por centroide na mancha"
510340310420014;5103403;Cuiabá;Urbana;0.1471;504;185;-15.582862;-56.055573;2022;IBGE Censo 2022 — malha setores + agregados básicos (V0001);"Centroide = centro da bbox do setor; exposição proxy por centroide na mancha"
510340310420032;5103403;Cuiabá;Urbana;0.0246;405;224;-15.583279;-56.049959;2022;IBGE Censo 2022 — malha setores + agregados básicos (V0001);"Centroide = centro da bbox do setor; exposição proxy por centroide na mancha"
510340310420069;5103403;Cuiabá;Urbana;0.0839;462;187;-15.581971;-56.040636;2022;IBGE Censo 2022 — malha setores + agregados básicos (V0001);"Centroide = centro da bbox do setor; exposição proxy por centroide na mancha"
510340305420024;5103403;Cuiabá;Urbana;0.046;433;213;-15.582099;-56.068174;2022;IBGE Censo 2022 — malha setores + agregados básicos (V0001);"Centroide = centro da bbox do setor; exposição proxy por centroide na mancha"
510340310420015;5103403;Cuiabá;Urbana;1.0044;516;58;-15.579167;-56.048092;2022;IBGE Censo 2022 — malha setores + agregados básicos (V0001);"Centroide = centro da bbox do setor; exposição proxy por centroide na mancha"
510340310420066;5103403;Cuiabá;Urbana;0.0887;926;399;-15.58173;-56.062256;2022;IBGE Censo 2022 — malha setores + agregados básicos (V0001);"Centroide = centro da bbox do setor; exposição proxy por centroide na mancha"
510340305420022;5103403;Cuiabá;Urbana;0.0354;533;267;-15.581587;-56.071218;2022;IBGE Censo 2022 — malha setores + agregados básicos (V0001);"Centroide = centro da bbox do setor; exposição proxy por centroide na mancha"
510340305420023;5103403;Cuiabá;Urbana;0.0325;716;397;-15.58132;-56.069517;2022;IBGE Censo 2022 — malha setores + agregados básicos (V0001);"Centroide = centro da bbox do setor; exposição proxy por centroide na mancha"
510340310420093;5103403;Cuiabá;Urbana;0.0353;273;114;-15.580866;-56.065165;2022;IBGE Censo 2022 — malha setores + agregados básicos (V0001);"Centroide = centro da bbox do setor; exposição proxy por centroide na mancha"
510340310400007;5103403;Cuiabá;Urbana;0.7397;1456;766;-15.575979;-56.054276;2022;IBGE Censo 2022 — malha setores + agregados básicos (V0001);"Centroide = centro da bbox do setor; exposição proxy por centroide na mancha"
510340310400008;5103403;Cuiabá;Urbana;0.4042;484;367;-15.576816;-56.061485;2022;IBGE Censo 2022 — malha setores + agregados básicos (V0001);"Centroide = centro da bbox do setor; exposição proxy por centroide na mancha"
510340310400167;5103403;Cuiabá;Urbana;0.3598;1028;399;-15.574355;-56.065849;2022;IBGE Censo 2022 — malha setores + agregados básicos (V0001);"Centroide = centro da bbox do setor; exposição proxy por centroide na mancha"
510340305400059;5103403;Cuiabá;Urbana;0.0375;734;300;-15.577929;-56.067289;2022;IBGE Censo 2022 — malha setores + agregados básicos (V0001);"Centroide = centro da bbox do setor; exposição proxy por centroide na mancha"
510340305400058;5103403;Cuiabá;Urbana;0.0215;530;198;-15.576659;-56.068054;2022;IBGE Censo 2022 — malha setores + agregados básicos (V0001);"Centroide = centro da bbox do setor; exposição proxy por centroide na mancha"
510340310400051;5103403;Cuiabá;Urbana;0.1373;808;306;-15.574652;-56.048073;2022;IBGE Censo 2022 — malha setores + agregados básicos (V0001);"Centroide = centro da bbox do setor; exposição proxy por centroide na mancha"
510340310400049;5103403;Cuiabá;Urbana;0.1019;844;359;-15.57437;-56.044388;2022;IBGE Censo 2022 — malha setores + agregados básicos (V0001);"Centroide = centro da bbox do setor; exposição proxy por centroide na mancha"
510340305400046;5103403;Cuiabá;Urbana;0.1322;347;150;-15.544353;-56.051245;2022;IBGE Censo 2022 — malha setores + agregados básicos (V0001);"Centroide = centro da bbox do setor; exposição proxy por centroide na mancha"
510340310400048;5103403;Cuiabá;Urbana;0.0822;703;265;-15.573799;-56.043655;2022;IBGE Censo 2022 — malha setores + agregados básicos (V0001);"Centroide = centro da bbox do setor; exposição proxy por centroide na mancha"
510340310400002;5103403;Cuiabá;Urbana;0.2198;766;366;-15.571979;-56.06579;2022;IBGE Censo 2022 — malha setores + agregados básicos (V0001);"Centroide = centro da bbox do setor; exposição proxy por centroide na mancha"
510340310400050;5103403;Cuiabá;Urbana;0.0487;464;167;-15.573243;-56.047941;2022;IBGE Censo 2022 — malha setores + agregados básicos (V0001);"Centroide = centro da bbox do setor; exposição proxy por centroide na mancha"
510340310400086;5103403;Cuiabá;Urbana;0.0838;540;225;-15.571633;-56.050859;2022;IBGE Censo 2022 — malha setores + agregados básicos (V0001);"Centroide = centro da bbox do setor; exposição proxy por centroide na mancha"
510340310400001;5103403;Cuiabá;Urbana;0.1714;756;300;-15.571197;-56.061373;2022;IBGE Censo 2022 — malha setores + agregados básicos (V0001);"Centroide = centro da bbox do setor; exposição proxy por centroide na mancha"
510340310400006;5103403;Cuiabá;Urbana;0.2726;1006;414;-15.569939;-56.056053;2022;IBGE Censo 2022 — malha setores + agregados básicos (V0001);"Centroide = centro da bbox do setor; exposição proxy por centroide na mancha"
510340310400047;5103403;Cuiabá;Urbana;0.0732;639;249;-15.571181;-56.04565;2022;IBGE Censo 2022 — malha setores + agregados básicos (V0001);"Centroide = centro da bbox do setor; exposição proxy por centroide na mancha"
510340310400106;5103403;Cuiabá;Urbana;0.069;589;212;-15.570834;-56.048803;2022;IBGE Censo 2022 — malha setores + agregados básicos (V0001);"Centroide = centro da bbox do setor; exposição proxy por centroide na mancha"
510340310400105;5103403;Cuiabá;Urbana;0.0905;501;187;-15.570432;-56.041924;2022;IBGE Censo 2022 — malha setores + agregados básicos (V0001);"Centroide = centro da bbox do setor; exposição proxy por centroide na mancha"
510340310400085;5103403;Cuiabá;Urbana;0.082;624;220;-15.569508;-56.046185;2022;IBGE Censo 2022 — malha setores + agregados básicos (V0001);"Centroide = centro da bbox do setor; exposição proxy por centroide na mancha"
510340310400052;5103403;Cuiabá;Urbana;0.1322;731;324;-15.568156;-56.052481;2022;IBGE Censo 2022 — malha setores + agregados básicos (V0001);"Centroide = centro da bbox do setor; exposição proxy por centroide na mancha"
510340310400046;5103403;Cuiabá;Urbana;0.0865;540;220;-15.568745;-56.042725;2022;IBGE Censo 2022 — malha setores + agregados básicos (V0001);"Centroide = centro da bbox do setor; exposição proxy por centroide na mancha"
510340310400019;5103403;Cuiabá;Urbana;0.0701;485;198;-15.567962;-56.049303;2022;IBGE Censo 2022 — malha setores + agregados básicos (V0001);"Centroide = centro da bbox do setor; exposição proxy por centroide na mancha"
510340310400003;5103403;Cuiabá;Urbana;0.1726;641;272;-15.568639;-56.062658;2022;IBGE Censo 2022 — malha setores + agregados básicos (V0001);"Centroide = centro da bbox do setor; exposição proxy por centroide na mancha"
510340310400018;5103403;Cuiabá;Urbana;0.0514;307;121;-15.568104;-56.046108;2022;IBGE Censo 2022 — malha setores + agregados básicos (V0001);"Centroide = centro da bbox do setor; exposição proxy por centroide na mancha"
510340310400166;5103403;Cuiabá;Urbana;0.4592;484;218;-15.562778;-56.062466;2022;IBGE Censo 2022 — malha setores + agregados básicos (V0001);"Centroide = centro da bbox do setor; exposição proxy por centroide na mancha"
510340310400020;5103403;Cuiabá;Urbana;0.0743;411;195;-15.56644;-56.049437;2022;IBGE Censo 2022 — malha setores + agregados básicos (V0001);"Centroide = centro da bbox do setor; exposição proxy por centroide na mancha"
510340310400017;5103403;Cuiabá;Urbana;0.0722;430;166;-15.566371;-56.046576;2022;IBGE Censo 2022 — malha setores + agregados básicos (V0001);"Centroide = centro da bbox do setor; exposição proxy por centroide na mancha"
510340310400004;5103403;Cuiabá;Urbana;0.1865;777;290;-15.565966;-56.061928;2022;IBGE Censo 2022 — malha setores + agregados básicos (V0001);"Centroide = centro da bbox do setor; exposição proxy por centroide na mancha"
510340310400101;5103403;Cuiabá;Urbana;0.0932;686;271;-15.564352;-56.049448;2022;IBGE Censo 2022 — malha setores + agregados básicos (V0001);"Centroide = centro da bbox do setor; exposição proxy por centroide na mancha"
510340310400099;5103403;Cuiabá;Urbana;0.053;479;182;-15.565885;-56.044739;2022;IBGE Censo 2022 — malha setores + agregados básicos (V0001);"Centroide = centro da bbox do setor; exposição proxy por centroide na mancha"
510340310400146;5103403;Cuiabá;Urbana;0.0313;548;263;-15.566653;-56.056433;2022;IBGE Censo 2022 — malha setores + agregados básicos (V0001);"Centroide = centro da bbox do setor; exposição proxy por centroide na mancha"
510340310400143;5103403;Cuiabá;Urbana;0.1721;1619;764;-15.563962;-56.058739;2022;IBGE Censo 2022 — malha setores + agregados básicos (V0001);"Centroide = centro da bbox do setor; exposição proxy por centroide na mancha"
510340310400162;5103403;Cuiabá;Urbana;0.0746;377;151;-15.564783;-56.054594;2022;IBGE Censo 2022 — malha setores + agregados básicos (V0001);"Centroide = centro da bbox do setor; exposição proxy por centroide na mancha"
510340310400021;5103403;Cuiabá;Urbana;0.0469;297;114;-15.563907;-56.05006;2022;IBGE Censo 2022 — malha setores + agregados básicos (V0001);"Centroide = centro da bbox do setor; exposição proxy por centroide na mancha"
510340310400145;5103403;Cuiabá;Urbana;0.0184;568;248;-15.566026;-56.056709;2022;IBGE Censo 2022 — malha setores + agregados básicos (V0001);"Centroide = centro da bbox do setor; exposição proxy por centroide na mancha"
510340310400022;5103403;Cuiabá;Urbana;0.1178;474;187;-15.563358;-56.050722;2022;IBGE Censo 2022 — malha setores + agregados básicos (V0001);"Centroide = centro da bbox do setor; exposição proxy por centroide na mancha"
510340310400144;5103403;Cuiabá;Urbana;0.0248;554;252;-15.565103;-56.056913;2022;IBGE Censo 2022 — malha setores + agregados básicos (V0001);"Centroide = centro da bbox do setor; exposição proxy por centroide na mancha"
510340305400006;5103403;Cuiabá;Urbana;0.2102;0;0;-15.56064;-56.064461;2022;IBGE Censo 2022 — malha setores + agregados básicos (V0001);"Centroide = centro da bbox do setor; exposição proxy por centroide na mancha"
510340305400005;5103403;Cuiabá;Urbana;0.0525;80;1;-15.558002;-56.062378;2022;IBGE Censo 2022 — malha setores + agregados básicos (V0001);"Centroide = centro da bbox do setor; exposição proxy por centroide na mancha"
510340310430229;5103403;Cuiabá;Urbana;0.1146;1065;302;-15.687769;-56.026924;2022;IBGE Censo 2022 — malha setores + agregados básicos (V0001);"Centroide = centro da bbox do setor; exposição proxy por centroide na mancha"
510340310430230;5103403;Cuiabá;Urbana;0.1156;1071;339;-15.685788;-56.026356;2022;IBGE Censo 2022 — malha setores + agregados básicos (V0001);"Centroide = centro da bbox do setor; exposição proxy por centroide na mancha"
510340310430228;5103403;Cuiabá;Urbana;0.11;1164;367;-15.685104;-56.033161;2022;IBGE Censo 2022 — malha setores + agregados básicos (V0001);"Centroide = centro da bbox do setor; exposição proxy por centroide na mancha"
510340310430227;5103403;Cuiabá;Urbana;0.2147;718;314;-15.683935;-56.038092;2022;IBGE Censo 2022 — malha setores + agregados básicos (V0001);"Centroide = centro da bbox do setor; exposição proxy por centroide na mancha"
510340310430226;5103403;Cuiabá;Urbana;0.2944;720;278;-15.6804;-56.040802;2022;IBGE Censo 2022 — malha setores + agregados básicos (V0001);"Centroide = centro da bbox do setor; exposição proxy por centroide na mancha"
510340310430232;5103403;Cuiabá;Urbana;0.231;671;284;-15.679727;-56.035522;2022;IBGE Censo 2022 — malha setores + agregados básicos (V0001);"Centroide = centro da bbox do setor; exposição proxy por centroide na mancha"
510340310430114;5103403;Cuiabá;Urbana;0.2247;805;353;-15.678929;-56.037323;2022;IBGE Censo 2022 — malha setores + agregados básicos (V0001);"Centroide = centro da bbox do setor; exposição proxy por centroide na mancha"
510340310430179;5103403;Cuiabá;Urbana;0.4685;965;469;-15.673518;-56.040579;2022;IBGE Censo 2022 — malha setores + agregados básicos (V0001);"Centroide = centro da bbox do setor; exposição proxy por centroide na mancha"
510340310430180;5103403;Cuiabá;Urbana;0.1169;390;173;-15.674163;-56.035242;2022;IBGE Censo 2022 — malha setores + agregados básicos (V0001);"Centroide = centro da bbox do setor; exposição proxy por centroide na mancha"
510340310430022;5103403;Cuiabá;Urbana;0.2957;836;324;-15.669167;-56.044466;2022;IBGE Censo 2022 — malha setores + agregados básicos (V0001);"Centroide = centro da bbox do setor; exposição proxy por centroide na mancha"
510340310430021;5103403;Cuiabá;Urbana;0.0743;562;193;-15.670192;-56.040091;2022;IBGE Censo 2022 — malha setores + agregados básicos (V0001);"Centroide = centro da bbox do setor; exposição proxy por centroide na mancha"
510340310430020;5103403;Cuiabá;Urbana;0.1084;714;256;-15.667875;-56.041239;2022;IBGE Censo 2022 — malha setores + agregados básicos (V0001);"Centroide = centro da bbox do setor; exposição proxy por centroide na mancha"
510340310430024;5103403;Cuiabá;Urbana;0.1831;758;301;-15.6654;-56.046103;2022;IBGE Censo 2022 — malha setores + agregados básicos (V0001);"Centroide = centro da bbox do setor; exposição proxy por centroide na mancha"
510340310430205;5103403;Cuiabá;Urbana;0.1152;601;226;-15.66305;-56.032217;2022;IBGE Censo 2022 — malha setores + agregados básicos (V0001);"Centroide = centro da bbox do setor; exposição proxy por centroide na mancha"
510340310430123;5103403;Cuiabá;Urbana;0.0588;490;189;-15.663949;-56.04101;2022;IBGE Censo 2022 — malha setores + agregados básicos (V0001);"Centroide = centro da bbox do setor; exposição proxy por centroide na mancha"
510340310430019;5103403;Cuiabá;Urbana;0.1061;610;299;-15.662704;-56.040815;2022;IBGE Censo 2022 — malha setores + agregados básicos (V0001);"Centroide = centro da bbox do setor; exposição proxy por centroide na mancha"
510340310430206;5103403;Cuiabá;Urbana;0.0759;673;236;-15.663186;-56.034864;2022;IBGE Censo 2022 — malha setores + agregados básicos (V0001);"Centroide = centro da bbox do setor; exposição proxy por centroide na mancha"
510340310430204;5103403;Cuiabá;Urbana;0.0967;846;322;-15.660762;-56.031248;2022;IBGE Censo 2022 — malha setores + agregados básicos (V0001);"Centroide = centro da bbox do setor; exposição proxy por centroide na mancha"
510340310430026;5103403;Cuiabá;Urbana;0.1676;838;316;-15.660224;-56.048597;2022;IBGE Censo 2022 — malha setores + agregados básicos (V0001);"Centroide = centro da bbox do setor; exposição proxy por centroide na mancha"
510340310430207;5103403;Cuiabá;Urbana;0.1216;844;329;-15.659915;-56.03521;2022;IBGE Censo 2022 — malha setores + agregados básicos (V0001);"Centroide = centro da bbox do setor; exposição proxy por centroide na mancha"
510340310430025;5103403;Cuiabá;Urbana;0.074;450;184;-15.660017;-56.046417;2022;IBGE Censo 2022 — malha setores + agregados básicos (V0001);"Centroide = centro da bbox do setor; exposição proxy por centroide na mancha"
510340310430155;5103403;Cuiabá;Urbana;0.0782;485;186;-15.659455;-56.045551;2022;IBGE Censo 2022 — malha setores + agregados básicos (V0001);"Centroide = centro da bbox do setor; exposição proxy por centroide na mancha"
510340310430203;5103403;Cuiabá;Urbana;0.0871;636;226;-15.659404;-56.032398;2022;IBGE Censo 2022 — malha setores + agregados básicos (V0001);"Centroide = centro da bbox do setor; exposição proxy por centroide na mancha"
510340310430018;5103403;Cuiabá;Urbana;0.1094;668;296;-15.659407;-56.043083;2022;IBGE Censo 2022 — malha setores + agregados básicos (V0001);"Centroide = centro da bbox do setor; exposição proxy por centroide na mancha"
510340310430200;5103403;Cuiabá;Urbana;0.1373;0;0;-15.656887;-56.029806;2022;IBGE Censo 2022 — malha setores + agregados básicos (V0001);"Centroide = centro da bbox do setor; exposição proxy por centroide na mancha"
510340310430199;5103403;Cuiabá;Urbana;0.133;892;318;-15.657639;-56.027451;2022;IBGE Censo 2022 — malha setores + agregados básicos (V0001);"Centroide = centro da bbox do setor; exposição proxy por centroide na mancha"
510340310430202;5103403;Cuiabá;Urbana;0.0734;593;231;-15.657469;-56.032713;2022;IBGE Censo 2022 — malha setores + agregados básicos (V0001);"Centroide = centro da bbox do setor; exposição proxy por centroide na mancha"
510340310430120;5103403;Cuiabá;Urbana;0.0422;432;160;-15.655904;-56.027716;2022;IBGE Censo 2022 — malha setores + agregados básicos (V0001);"Centroide = centro da bbox do setor; exposição proxy por centroide na mancha"
510340310430201;5103403;Cuiabá;Urbana;0.0775;642;261;-15.655154;-56.033033;2022;IBGE Censo 2022 — malha setores + agregados básicos (V0001);"Centroide = centro da bbox do setor; exposição proxy por centroide na mancha"
510340310430208;5103403;Cuiabá;Urbana;0.0712;565;233;-15.655299;-56.035957;2022;IBGE Censo 2022 — malha setores + agregados básicos (V0001);"Centroide = centro da bbox do setor; exposição proxy por centroide na mancha"
510340310430010;5103403;Cuiabá;Urbana;0.1637;771;266;-15.653146;-56.033564;2022;IBGE Censo 2022 — malha setores + agregados básicos (V0001);"Centroide = centro da bbox do setor; exposição proxy por centroide na mancha"
510340310430235;5103403;Cuiabá;Urbana;0.1261;878;347;-15.663569;-56.025604;2022;IBGE Censo 2022 — malha setores + agregados básicos (V0001);"Centroide = centro da bbox do setor; exposição proxy por centroide na mancha"
510340310430266;5103403;Cuiabá;Urbana;0.0939;635;233;-15.663933;-56.030422;2022;IBGE Censo 2022 — malha setores + agregados básicos (V0001);"Centroide = centro da bbox do setor; exposição proxy por centroide na mancha"
510340310430267;5103403;Cuiabá;Urbana;0.0893;586;214;-15.662866;-56.028982;2022;IBGE Censo 2022 — malha setores + agregados básicos (V0001);"Centroide = centro da bbox do setor; exposição proxy por centroide na mancha"
510340310430268;5103403;Cuiabá;Urbana;0.0766;555;208;-15.660947;-56.026705;2022;IBGE Censo 2022 — malha setores + agregados básicos (V0001);"Centroide = centro da bbox do setor; exposição proxy por centroide na mancha"
510340310430269;5103403;Cuiabá;Urbana;0.0779;550;198;-15.660037;-56.025389;2022;IBGE Censo 2022 — malha setores + agregados básicos (V0001);"Centroide = centro da bbox do setor; exposição proxy por centroide na mancha"
510340310430278;5103403;Cuiabá;Urbana;0.094;332;118;-15.666472;-56.0369;2022;IBGE Censo 2022 — malha setores + agregados básicos (V0001);"Centroide = centro da bbox do setor; exposição proxy por centroide na mancha"
510340310430279;5103403;Cuiabá;Urbana;0.0808;674;260;-15.667577;-56.038965;2022;IBGE Censo 2022 — malha setores + agregados básicos (V0001);"Centroide = centro da bbox do setor; exposição proxy por centroide na mancha"
510340310430295;5103403;Cuiabá;Urbana;0.0374;349;133;-15.65558;-56.02622;2022;IBGE Censo 2022 — malha setores + agregados básicos (V0001);"Centroide = centro da bbox do setor; exposição proxy por centroide na mancha"
510340310430296;5103403;Cuiabá;Urbana;0.0407;180;70;-15.654038;-56.026381;2022;IBGE Censo 2022 — malha setores + agregados básicos (V0001);"Centroide = centro da bbox do setor; exposição proxy por centroide na mancha"
510340310430317;5103403;Cuiabá;Urbana;0.3326;636;273;-15.655041;-56.045376;2022;IBGE Censo 2022 — malha setores + agregados básicos (V0001);"Centroide = centro da bbox do setor; exposição proxy por centroide na mancha"
510340310430318;5103403;Cuiabá;Urbana;0.3162;695;347;-15.656501;-56.044584;2022;IBGE Censo 2022 — malha setores + agregados básicos (V0001);"Centroide = centro da bbox do setor; exposição proxy por centroide na mancha"
510340310430329;5103403;Cuiabá;Urbana;0.1006;660;236;-15.663241;-56.045208;2022;IBGE Censo 2022 — malha setores + agregados básicos (V0001);"Centroide = centro da bbox do setor; exposição proxy por centroide na mancha"
510340310430330;5103403;Cuiabá;Urbana;0.0929;603;255;-15.66442;-56.042439;2022;IBGE Censo 2022 — malha setores + agregados básicos (V0001);"Centroide = centro da bbox do setor; exposição proxy por centroide na mancha"
510340310430345;5103403;Cuiabá;Urbana;0.2285;1014;473;-15.691792;-56.023674;2022;IBGE Censo 2022 — malha setores + agregados básicos (V0001);"Centroide = centro da bbox do setor; exposição proxy por centroide na mancha"
510340310430348;5103403;Cuiabá;Urbana;3.3697;242;120;-15.672722;-56.057188;2022;IBGE Censo 2022 — malha setores + agregados básicos (V0001);"Centroide = centro da bbox do setor; exposição proxy por centroide na mancha"
510340310430349;5103403;Cuiabá;Urbana;0.0922;296;166;-15.66575;-56.052477;2022;IBGE Censo 2022 — malha setores + agregados básicos (V0001);"Centroide = centro da bbox do setor; exposição proxy por centroide na mancha"
510340310430352;5103403;Cuiabá;Urbana;0.4986;115;59;-15.661226;-56.038305;2022;IBGE Censo 2022 — malha setores + agregados básicos (V0001);"Centroide = centro da bbox do setor; exposição proxy por centroide na mancha"
510340310430353;5103403;Cuiabá;Urbana;6.294;28;13;-15.662753;-56.022419;2022;IBGE Censo 2022 — malha setores + agregados básicos (V0001);"Centroide = centro da bbox do setor; exposição proxy por centroide na mancha"
510340310430355;5103403;Cuiabá;Urbana;0.0785;0;0;-15.689622;-56.028246;2022;IBGE Censo 2022 — malha setores + agregados básicos (V0001);"Centroide = centro da bbox do setor; exposição proxy por centroide na mancha"
510340310400129;5103403;Cuiabá;Urbana;0.0963;839;286;-15.533678;-56.035732;2022;IBGE Censo 2022 — malha setores + agregados básicos (V0001);"Centroide = centro da bbox do setor; exposição proxy por centroide na mancha"
510340310400131;5103403;Cuiabá;Urbana;0.206;1001;359;-15.531345;-56.033195;2022;IBGE Censo 2022 — malha setores + agregados básicos (V0001);"Centroide = centro da bbox do setor; exposição proxy por centroide na mancha"
510340310400084;5103403;Cuiabá;Urbana;0.1272;966;350;-15.53675;-56.032557;2022;IBGE Censo 2022 — malha setores + agregados básicos (V0001);"Centroide = centro da bbox do setor; exposição proxy por centroide na mancha"
510340310400121;5103403;Cuiabá;Urbana;0.0663;689;241;-15.540075;-56.032396;2022;IBGE Censo 2022 — malha setores + agregados básicos (V0001);"Centroide = centro da bbox do setor; exposição proxy por centroide na mancha"
510340310400132;5103403;Cuiabá;Urbana;0.4282;36;15;-15.533294;-56.029348;2022;IBGE Censo 2022 — malha setores + agregados básicos (V0001);"Centroide = centro da bbox do setor; exposição proxy por centroide na mancha"
510340310400128;5103403;Cuiabá;Urbana;0.1015;910;306;-15.538392;-56.029734;2022;IBGE Censo 2022 — malha setores + agregados básicos (V0001);"Centroide = centro da bbox do setor; exposição proxy por centroide na mancha"
510340310400127;5103403;Cuiabá;Urbana;0.3131;1498;442;-15.539045;-56.025023;2022;IBGE Censo 2022 — malha setores + agregados básicos (V0001);"Centroide = centro da bbox do setor; exposição proxy por centroide na mancha"
510340310400093;5103403;Cuiabá;Urbana;0.1119;739;243;-15.55863;-56.026196;2022;IBGE Censo 2022 — malha setores + agregados básicos (V0001);"Centroide = centro da bbox do setor; exposição proxy por centroide na mancha"
510340310400112;5103403;Cuiabá;Urbana;0.0464;349;133;-15.555329;-56.025673;2022;IBGE Censo 2022 — malha setores + agregados básicos (V0001);"Centroide = centro da bbox do setor; exposição proxy por centroide na mancha"
510340310400139;5103403;Cuiabá;Urbana;0.085;328;180;-15.549574;-56.025549;2022;IBGE Censo 2022 — malha setores + agregados básicos (V0001);"Centroide = centro da bbox do setor; exposição proxy por centroide na mancha"
510340310400119;5103403;Cuiabá;Urbana;0.2283;1018;400;-15.554551;-56.023804;2022;IBGE Censo 2022 — malha setores + agregados básicos (V0001);"Centroide = centro da bbox do setor; exposição proxy por centroide na mancha"
510340310400079;5103403;Cuiabá;Urbana;0.0687;519;219;-15.546754;-56.024559;2022;IBGE Censo 2022 — malha setores + agregados básicos (V0001);"Centroide = centro da bbox do setor; exposição proxy por centroide na mancha"
510340310400081;5103403;Cuiabá;Urbana;0.0807;636;199;-15.557866;-56.02367;2022;IBGE Censo 2022 — malha setores + agregados básicos (V0001);"Centroide = centro da bbox do setor; exposição proxy por centroide na mancha"
510340310400140;5103403;Cuiabá;Urbana;0.0857;764;301;-15.548992;-56.023151;2022;IBGE Censo 2022 — malha setores + agregados básicos (V0001);"Centroide = centro da bbox do setor; exposição proxy por centroide na mancha"
510340310400111;5103403;Cuiabá;Urbana;0.0721;487;161;-15.545629;-56.022406;2022;IBGE Censo 2022 — malha setores + agregados básicos (V0001);"Centroide = centro da bbox do setor; exposição proxy por centroide na mancha"
510340310400147;5103403;Cuiabá;Urbana;0.0914;699;253;-15.552058;-56.02228;2022;IBGE Censo 2022 — malha setores + agregados básicos (V0001);"Centroide = centro da bbox do setor; exposição proxy por centroide na mancha"
510340310400092;5103403;Cuiabá;Urbana;0.0582;423;172;-15.547868;-56.021389;2022;IBGE Censo 2022 — malha setores + agregados básicos (V0001);"Centroide = centro da bbox do setor; exposição proxy por centroide na mancha"
510340310400155;5103403;Cuiabá;Urbana;0.075;478;186;-15.541397;-56.033865;2022;IBGE Censo 2022 — malha setores + agregados básicos (V0001);"Centroide = centro da bbox do setor; exposição proxy por centroide na mancha"
510340310400156;5103403;Cuiabá;Urbana;0.1021;338;142;-15.542605;-56.035362;2022;IBGE Censo 2022 — malha setores + agregados básicos (V0001);"Centroide = centro da bbox do setor; exposição proxy por centroide na mancha"
510340310000008;5103403;Cuiabá;Rural;122.189;517;812;-15.512071;-55.951342;2022;IBGE Censo 2022 — malha setores + agregados básicos (V0001);"Centroide = centro da bbox do setor; exposição proxy por centroide na mancha"
510340310000010;5103403;Cuiabá;Rural;185.1976;520;336;-15.507395;-55.855259;2022;IBGE Censo 2022 — malha setores + agregados básicos (V0001);"Centroide = centro da bbox do setor; exposição proxy por centroide na mancha"
510340310420119;5103403;Cuiabá;Urbana;0.0902;548;209;-15.574529;-56.026003;2022;IBGE Censo 2022 — malha setores + agregados básicos (V0001);"Centroide = centro da bbox do setor; exposição proxy por centroide na mancha"
510340310420122;5103403;Cuiabá;Urbana;0.1137;743;302;-15.573546;-56.022377;2022;IBGE Censo 2022 — malha setores + agregados básicos (V0001);"Centroide = centro da bbox do setor; exposição proxy por centroide na mancha"
510340310420126;5103403;Cuiabá;Urbana;0.24;807;329;-15.569275;-56.016375;2022;IBGE Censo 2022 — malha setores + agregados básicos (V0001);"Centroide = centro da bbox do setor; exposição proxy por centroide na mancha"
510340310420127;5103403;Cuiabá;Urbana;0.5422;966;398;-15.566903;-56.011656;2022;IBGE Censo 2022 — malha setores + agregados básicos (V0001);"Centroide = centro da bbox do setor; exposição proxy por centroide na mancha"
510340310420140;5103403;Cuiabá;Urbana;0.3577;680;309;-15.561337;-56.013203;2022;IBGE Censo 2022 — malha setores + agregados básicos (V0001);"Centroide = centro da bbox do setor; exposição proxy por centroide na mancha"
510340310420142;5103403;Cuiabá;Urbana;0.6245;212;103;-15.576036;-56.015528;2022;IBGE Censo 2022 — malha setores + agregados básicos (V0001);"Centroide = centro da bbox do setor; exposição proxy por centroide na mancha"
510340310420150;5103403;Cuiabá;Urbana;0.1162;917;334;-15.602996;-56.032116;2022;IBGE Censo 2022 — malha setores + agregados básicos (V0001);"Centroide = centro da bbox do setor; exposição proxy por centroide na mancha"
510340310420151;5103403;Cuiabá;Urbana;0.1304;570;224;-15.577722;-56.021288;2022;IBGE Censo 2022 — malha setores + agregados básicos (V0001);"Centroide = centro da bbox do setor; exposição proxy por centroide na mancha"
510340310420154;5103403;Cuiabá;Urbana;0.2124;533;198;-15.583586;-56.018764;2022;IBGE Censo 2022 — malha setores + agregados básicos (V0001);"Centroide = centro da bbox do setor; exposição proxy por centroide na mancha"
510340310420155;5103403;Cuiabá;Urbana;0.0983;512;216;-15.5798;-56.02087;2022;IBGE Censo 2022 — malha setores + agregados básicos (V0001);"Centroide = centro da bbox do setor; exposição proxy por centroide na mancha"
510340310420164;5103403;Cuiabá;Urbana;0.055;520;205;-15.601754;-56.033394;2022;IBGE Censo 2022 — malha setores + agregados básicos (V0001);"Centroide = centro da bbox do setor; exposição proxy por centroide na mancha"
510340305000010;5103403;Cuiabá;Urbana;0.3068;200;171;-15.548385;-55.98815;2022;IBGE Censo 2022 — malha setores + agregados básicos (V0001);"Centroide = centro da bbox do setor; exposição proxy por centroide na mancha"
510340305000009;5103403;Cuiabá;Urbana;0.4108;125;109;-15.546073;-55.993832;2022;IBGE Censo 2022 — malha setores + agregados básicos (V0001);"Centroide = centro da bbox do setor; exposição proxy por centroide na mancha"
510340310400125;5103403;Cuiabá;Urbana;0.6148;67;24;-15.553837;-56.014322;2022;IBGE Censo 2022 — malha setores + agregados básicos (V0001);"Centroide = centro da bbox do setor; exposição proxy por centroide na mancha"
510340310400164;5103403;Cuiabá;Urbana;0.3887;428;222;-15.542333;-56.025841;2022;IBGE Censo 2022 — malha setores + agregados básicos (V0001);"Centroide = centro da bbox do setor; exposição proxy por centroide na mancha"
510340305000006;5103403;Cuiabá;Urbana;2.2139;553;249;-15.546036;-56.012032;2022;IBGE Censo 2022 — malha setores + agregados básicos (V0001);"Centroide = centro da bbox do setor; exposição proxy por centroide na mancha"
510340305000011;5103403;Cuiabá;Urbana;16.7956;851;800;-15.577772;-55.99946;2022;IBGE Censo 2022 — malha setores + agregados básicos (V0001);"Centroide = centro da bbox do setor; exposição proxy por centroide na mancha"
510340305000008;5103403;Cuiabá;Rural;19.0278;926;497;-15.529588;-56.010666;2022;IBGE Censo 2022 — malha setores + agregados básicos (V0001);"Centroide = centro da bbox do setor; exposição proxy por centroide na mancha"
510340310420183;5103403;Cuiabá;Urbana;0.1705;678;286;-15.562364;-56.017635;2022;IBGE Censo 2022 — malha setores + agregados básicos (V0001);"Centroide = centro da bbox do setor; exposição proxy por centroide na mancha"
510340310420184;5103403;Cuiabá;Urbana;0.1331;702;274;-15.564956;-56.01663;2022;IBGE Censo 2022 — malha setores + agregados básicos (V0001);"Centroide = centro da bbox do setor; exposição proxy por centroide na mancha"
510340310420190;5103403;Cuiabá;Urbana;1.7326;187;79;-15.593982;-56.028332;2022;IBGE Censo 2022 — malha setores + agregados básicos (V0001);"Centroide = centro da bbox do setor; exposição proxy por centroide na mancha"
510340310420104;5103403;Cuiabá;Urbana;0.1617;483;195;-15.605383;-56.035002;2022;IBGE Censo 2022 — malha setores + agregados básicos (V0001);"Centroide = centro da bbox do setor; exposição proxy por centroide na mancha"
510340310420073;5103403;Cuiabá;Urbana;0.1716;578;323;-15.611832;-56.036512;2022;IBGE Censo 2022 — malha setores + agregados básicos (V0001);"Centroide = centro da bbox do setor; exposição proxy por centroide na mancha"
510340310420070;5103403;Cuiabá;Urbana;0.3402;1014;362;-15.589511;-56.035353;2022;IBGE Censo 2022 — malha setores + agregados básicos (V0001);"Centroide = centro da bbox do setor; exposição proxy por centroide na mancha"
510340310400043;5103403;Cuiabá;Urbana;0.437;532;236;-15.572277;-56.037735;2022;IBGE Censo 2022 — malha setores + agregados básicos (V0001);"Centroide = centro da bbox do setor; exposição proxy por centroide na mancha"
510340310400124;5103403;Cuiabá;Urbana;0.1343;731;276;-15.559836;-56.018831;2022;IBGE Censo 2022 — malha setores + agregados básicos (V0001);"Centroide = centro da bbox do setor; exposição proxy por centroide na mancha"
510340305000013;5103403;Cuiabá;Urbana;0.1765;522;193;-15.545935;-56.016535;2022;IBGE Censo 2022 — malha setores + agregados básicos (V0001);"Centroide = centro da bbox do setor; exposição proxy por centroide na mancha"
510340310430351;5103403;Cuiabá;Urbana;1.0599;31;11;-15.60427;-56.001251;2022;IBGE Censo 2022 — malha setores + agregados básicos (V0001);"Centroide = centro da bbox do setor; exposição proxy por centroide na mancha"
510340315000001;5103403;Cuiabá;Urbana;0.8203;212;151;-15.455703;-55.981777;2022;IBGE Censo 2022 — malha setores + agregados básicos (V0001);"Centroide = centro da bbox do setor; exposição proxy por centroide na mancha"
510340315000009;5103403;Cuiabá;Rural;24.0205;328;292;-15.4876;-55.981245;2022;IBGE Censo 2022 — malha setores + agregados básicos (V0001);"Centroide = centro da bbox do setor; exposição proxy por centroide na mancha"
510340310420019;5103403;Cuiabá;Urbana;0.0955;521;249;-15.572315;-56.031033;2022;IBGE Censo 2022 — malha setores + agregados básicos (V0001);"Centroide = centro da bbox do setor; exposição proxy por centroide na mancha"
510340310400072;5103403;Cuiabá;Urbana;0.1021;768;284;-15.572778;-56.034441;2022;IBGE Censo 2022 — malha setores + agregados básicos (V0001);"Centroide = centro da bbox do setor; exposição proxy por centroide na mancha"
510340310400045;5103403;Cuiabá;Urbana;0.1086;853;351;-15.573003;-56.04133;2022;IBGE Censo 2022 — malha setores + agregados básicos (V0001);"Centroide = centro da bbox do setor; exposição proxy por centroide na mancha"
510340310400071;5103403;Cuiabá;Urbana;0.1022;886;376;-15.571629;-56.031382;2022;IBGE Censo 2022 — malha setores + agregados básicos (V0001);"Centroide = centro da bbox do setor; exposição proxy por centroide na mancha"
510340310420090;5103403;Cuiabá;Urbana;0.1973;1014;406;-15.570608;-56.019205;2022;IBGE Censo 2022 — malha setores + agregados básicos (V0001);"Centroide = centro da bbox do setor; exposição proxy por centroide na mancha"
510340310420087;5103403;Cuiabá;Urbana;0.1866;687;339;-15.570358;-56.022512;2022;IBGE Censo 2022 — malha setores + agregados básicos (V0001);"Centroide = centro da bbox do setor; exposição proxy por centroide na mancha"
510340310420086;5103403;Cuiabá;Urbana;0.0984;678;269;-15.570798;-56.02713;2022;IBGE Censo 2022 — malha setores + agregados básicos (V0001);"Centroide = centro da bbox do setor; exposição proxy por centroide na mancha"
510340310400104;5103403;Cuiabá;Urbana;0.0383;243;98;-15.570761;-56.034281;2022;IBGE Censo 2022 — malha setores + agregados básicos (V0001);"Centroide = centro da bbox do setor; exposição proxy por centroide na mancha"
510340310400041;5103403;Cuiabá;Urbana;0.0652;411;164;-15.570483;-56.035275;2022;IBGE Censo 2022 — malha setores + agregados básicos (V0001);"Centroide = centro da bbox do setor; exposição proxy por centroide na mancha"
510340310400042;5103403;Cuiabá;Urbana;0.083;441;174;-15.568617;-56.037132;2022;IBGE Censo 2022 — malha setores + agregados básicos (V0001);"Centroide = centro da bbox do setor; exposição proxy por centroide na mancha"
510340310400040;5103403;Cuiabá;Urbana;0.0926;797;291;-15.568676;-56.033026;2022;IBGE Censo 2022 — malha setores + agregados básicos (V0001);"Centroide = centro da bbox do setor; exposição proxy por centroide na mancha"
510340310400094;5103403;Cuiabá;Urbana;0.2946;903;398;-15.564914;-56.025478;2022;IBGE Censo 2022 — malha setores + agregados básicos (V0001);"Centroide = centro da bbox do setor; exposição proxy por centroide na mancha"
510340310400068;5103403;Cuiabá;Urbana;0.0514;234;90;-15.567734;-56.028103;2022;IBGE Censo 2022 — malha setores + agregados básicos (V0001);"Centroide = centro da bbox do setor; exposição proxy por centroide na mancha"
510340310400070;5103403;Cuiabá;Urbana;0.0728;607;241;-15.566812;-56.030399;2022;IBGE Censo 2022 — malha setores + agregados básicos (V0001);"Centroide = centro da bbox do setor; exposição proxy por centroide na mancha"
510340310420063;5103403;Cuiabá;Urbana;0.2321;742;388;-15.56544;-56.021044;2022;IBGE Censo 2022 — malha setores + agregados básicos (V0001);"Centroide = centro da bbox do setor; exposição proxy por centroide na mancha"
510340310400039;5103403;Cuiabá;Urbana;0.0914;752;284;-15.566626;-56.036137;2022;IBGE Censo 2022 — malha setores + agregados básicos (V0001);"Centroide = centro da bbox do setor; exposição proxy por centroide na mancha"
510340310400015;5103403;Cuiabá;Urbana;0.0657;449;172;-15.566267;-56.042381;2022;IBGE Censo 2022 — malha setores + agregados básicos (V0001);"Centroide = centro da bbox do setor; exposição proxy por centroide na mancha"
510340310400014;5103403;Cuiabá;Urbana;0.1816;875;314;-15.564878;-56.039711;2022;IBGE Censo 2022 — malha setores + agregados básicos (V0001);"Centroide = centro da bbox do setor; exposição proxy por centroide na mancha"
510340310400067;5103403;Cuiabá;Urbana;0.0681;484;187;-15.565417;-56.028725;2022;IBGE Censo 2022 — malha setores + agregados básicos (V0001);"Centroide = centro da bbox do setor; exposição proxy por centroide na mancha"
510340310400069;5103403;Cuiabá;Urbana;0.076;657;243;-15.565007;-56.031464;2022;IBGE Censo 2022 — malha setores + agregados básicos (V0001);"Centroide = centro da bbox do setor; exposição proxy por centroide na mancha"
510340310400037;5103403;Cuiabá;Urbana;0.1024;912;328;-15.564095;-56.034252;2022;IBGE Censo 2022 — malha setores + agregados básicos (V0001);"Centroide = centro da bbox do setor; exposição proxy por centroide na mancha"
510340310400082;5103403;Cuiabá;Urbana;0.1543;956;405;-15.55923;-56.021282;2022;IBGE Censo 2022 — malha setores + agregados básicos (V0001);"Centroide = centro da bbox do setor; exposição proxy por centroide na mancha"
510340310400133;5103403;Cuiabá;Urbana;0.1107;916;345;-15.556294;-56.018515;2022;IBGE Censo 2022 — malha setores + agregados básicos (V0001);"Centroide = centro da bbox do setor; exposição proxy por centroide na mancha"
510340310400134;5103403;Cuiabá;Urbana;0.1719;994;340;-15.553433;-56.019165;2022;IBGE Censo 2022 — malha setores + agregados básicos (V0001);"Centroide = centro da bbox do setor; exposição proxy por centroide na mancha"
510340310400148;5103403;Cuiabá;Urbana;0.0396;318;93;-15.550342;-56.020395;2022;IBGE Censo 2022 — malha setores + agregados básicos (V0001);"Centroide = centro da bbox do setor; exposição proxy por centroide na mancha"
510340310400169;5103403;Cuiabá;Urbana;0.1222;780;309;-15.547544;-56.018675;2022;IBGE Censo 2022 — malha setores + agregados básicos (V0001);"Centroide = centro da bbox do setor; exposição proxy por centroide na mancha"
510340310400168;5103403;Cuiabá;Urbana;0.1014;451;162;-15.54496;-56.020449;2022;IBGE Censo 2022 — malha setores + agregados básicos (V0001);"Centroide = centro da bbox do setor; exposição proxy por centroide na mancha"
510340310420120;5103403;Cuiabá;Urbana;0.0808;456;161;-15.572505;-56.028645;2022;IBGE Censo 2022 — malha setores + agregados básicos (V0001);"Centroide = centro da bbox do setor; exposição proxy por centroide na mancha"
510340310420121;5103403;Cuiabá;Urbana;0.0829;581;206;-15.572217;-56.025196;2022;IBGE Censo 2022 — malha setores + agregados básicos (V0001);"Centroide = centro da bbox do setor; exposição proxy por centroide na mancha"
510340310420123;5103403;Cuiabá;Urbana;0.1071;741;232;-15.567736;-56.024574;2022;IBGE Censo 2022 — malha setores + agregados básicos (V0001);"Centroide = centro da bbox do setor; exposição proxy por centroide na mancha"
510340310420124;5103403;Cuiabá;Urbana;0.1144;549;208;-15.566285;-56.025446;2022;IBGE Censo 2022 — malha setores + agregados básicos (V0001);"Centroide = centro da bbox do setor; exposição proxy por centroide na mancha"
510340310400038;5103403;Cuiabá;Urbana;0.0904;714;279;-15.566785;-56.03306;2022;IBGE Censo 2022 — malha setores + agregados básicos (V0001);"Centroide = centro da bbox do setor; exposição proxy por centroide na mancha"
510340310400073;5103403;Cuiabá;Urbana;0.1066;683;268;-15.546986;-56.036715;2022;IBGE Censo 2022 — malha setores + agregados básicos (V0001);"Centroide = centro da bbox do setor; exposição proxy por centroide na mancha"
510340310400074;5103403;Cuiabá;Urbana;0.1209;893;326;-15.549404;-56.037411;2022;IBGE Censo 2022 — malha setores + agregados básicos (V0001);"Centroide = centro da bbox do setor; exposição proxy por centroide na mancha"
510340310400062;5103403;Cuiabá;Urbana;0.1008;665;244;-15.55575;-56.035955;2022;IBGE Censo 2022 — malha setores + agregados básicos (V0001);"Centroide = centro da bbox do setor; exposição proxy por centroide na mancha"
510340310400061;5103403;Cuiabá;Urbana;0.1374;451;186;-15.554814;-56.03297;2022;IBGE Censo 2022 — malha setores + agregados básicos (V0001);"Centroide = centro da bbox do setor; exposição proxy por centroide na mancha"
510340310400032;5103403;Cuiabá;Urbana;0.0648;600;222;-15.556948;-56.035135;2022;IBGE Censo 2022 — malha setores + agregados básicos (V0001);"Centroide = centro da bbox do setor; exposição proxy por centroide na mancha"
510340310400033;5103403;Cuiabá;Urbana;0.0651;546;200;-15.559846;-56.034538;2022;IBGE Censo 2022 — malha setores + agregados básicos (V0001);"Centroide = centro da bbox do setor; exposição proxy por centroide na mancha"
510340310400075;5103403;Cuiabá;Urbana;0.072;713;243;-15.545932;-56.033562;2022;IBGE Censo 2022 — malha setores + agregados básicos (V0001);"Centroide = centro da bbox do setor; exposição proxy por centroide na mancha"
510340310400034;5103403;Cuiabá;Urbana;0.0725;642;242;-15.560569;-56.032833;2022;IBGE Censo 2022 — malha setores + agregados básicos (V0001);"Centroide = centro da bbox do setor; exposição proxy por centroide na mancha"
510340310400036;5103403;Cuiabá;Urbana;0.0703;552;204;-15.563108;-56.032074;2022;IBGE Censo 2022 — malha setores + agregados básicos (V0001);"Centroide = centro da bbox do setor; exposição proxy por centroide na mancha"
510340310400077;5103403;Cuiabá;Urbana;0.0914;886;318;-15.551467;-56.03087;2022;IBGE Censo 2022 — malha setores + agregados básicos (V0001);"Centroide = centro da bbox do setor; exposição proxy por centroide na mancha"
510340310400076;5103403;Cuiabá;Urbana;0.2252;748;275;-15.544371;-56.030569;2022;IBGE Censo 2022 — malha setores + agregados básicos (V0001);"Centroide = centro da bbox do setor; exposição proxy por centroide na mancha"
510340310400063;5103403;Cuiabá;Urbana;0.0703;599;244;-15.556163;-56.032015;2022;IBGE Censo 2022 — malha setores + agregados básicos (V0001);"Centroide = centro da bbox do setor; exposição proxy por centroide na mancha"
510340310400035;5103403;Cuiabá;Urbana;0.0549;506;210;-15.56122;-56.030922;2022;IBGE Censo 2022 — malha setores + agregados básicos (V0001);"Centroide = centro da bbox do setor; exposição proxy por centroide na mancha"
510340310400064;5103403;Cuiabá;Urbana;0.1054;475;206;-15.558568;-56.030001;2022;IBGE Censo 2022 — malha setores + agregados básicos (V0001);"Centroide = centro da bbox do setor; exposição proxy por centroide na mancha"
510340310400066;5103403;Cuiabá;Urbana;0.0678;314;149;-15.562874;-56.029236;2022;IBGE Censo 2022 — malha setores + agregados básicos (V0001);"Centroide = centro da bbox do setor; exposição proxy por centroide na mancha"
510340310400065;5103403;Cuiabá;Urbana;0.0511;259;114;-15.559859;-56.028887;2022;IBGE Censo 2022 — malha setores + agregados básicos (V0001);"Centroide = centro da bbox do setor; exposição proxy por centroide na mancha"
510340310400078;5103403;Cuiabá;Urbana;0.1234;901;318;-15.554516;-56.027157;2022;IBGE Censo 2022 — malha setores + agregados básicos (V0001);"Centroide = centro da bbox do setor; exposição proxy por centroide na mancha"
510340310400080;5103403;Cuiabá;Urbana;0.0589;531;210;-15.556791;-56.027163;2022;IBGE Censo 2022 — malha setores + agregados básicos (V0001);"Centroide = centro da bbox do setor; exposição proxy por centroide na mancha"
510340310400087;5103403;Cuiabá;Urbana;0.1008;775;307;-15.550821;-56.034002;2022;IBGE Censo 2022 — malha setores + agregados básicos (V0001);"Centroide = centro da bbox do setor; exposição proxy por centroide na mancha"
510340310400088;5103403;Cuiabá;Urbana;0.0899;769;292;-15.547941;-56.033352;2022;IBGE Censo 2022 — malha setores + agregados básicos (V0001);"Centroide = centro da bbox do setor; exposição proxy por centroide na mancha"
510340310400089;5103403;Cuiabá;Urbana;0.048;518;189;-15.548844;-56.030533;2022;IBGE Censo 2022 — malha setores + agregados básicos (V0001);"Centroide = centro da bbox do setor; exposição proxy por centroide na mancha"
510340310400090;5103403;Cuiabá;Urbana;0.0558;587;202;-15.552462;-56.030905;2022;IBGE Censo 2022 — malha setores + agregados básicos (V0001);"Centroide = centro da bbox do setor; exposição proxy por centroide na mancha"
510340310400091;5103403;Cuiabá;Urbana;0.0809;510;171;-15.551709;-56.027351;2022;IBGE Censo 2022 — malha setores + agregados básicos (V0001);"Centroide = centro da bbox do setor; exposição proxy por centroide na mancha"
510340310400096;5103403;Cuiabá;Urbana;0.0881;217;107;-15.561912;-56.036339;2022;IBGE Censo 2022 — malha setores + agregados básicos (V0001);"Centroide = centro da bbox do setor; exposição proxy por centroide na mancha"
510340310400103;5103403;Cuiabá;Urbana;0.048;417;157;-15.558113;-56.033182;2022;IBGE Censo 2022 — malha setores + agregados básicos (V0001);"Centroide = centro da bbox do setor; exposição proxy por centroide na mancha"
510340310400116;5103403;Cuiabá;Urbana;0.0547;543;209;-15.548532;-56.029146;2022;IBGE Censo 2022 — malha setores + agregados básicos (V0001);"Centroide = centro da bbox do setor; exposição proxy por centroide na mancha"
510340310400118;5103403;Cuiabá;Urbana;0.1031;718;259;-15.544991;-56.036303;2022;IBGE Censo 2022 — malha setores + agregados básicos (V0001);"Centroide = centro da bbox do setor; exposição proxy por centroide na mancha"
510340310400141;5103403;Cuiabá;Urbana;0.1363;343;153;-15.54716;-56.027437;2022;IBGE Censo 2022 — malha setores + agregados básicos (V0001);"Centroide = centro da bbox do setor; exposição proxy por centroide na mancha"
510340310400142;5103403;Cuiabá;Urbana;0.075;357;150;-15.558673;-56.03688;2022;IBGE Censo 2022 — malha setores + agregados básicos (V0001);"Centroide = centro da bbox do setor; exposição proxy por centroide na mancha"
510340310400154;5103403;Cuiabá;Urbana;0.0885;364;128;-15.54612;-56.03915;2022;IBGE Censo 2022 — malha setores + agregados básicos (V0001);"Centroide = centro da bbox do setor; exposição proxy por centroide na mancha"
510340310400157;5103403;Cuiabá;Urbana;0.2008;733;276;-15.551229;-56.037275;2022;IBGE Censo 2022 — malha setores + agregados básicos (V0001);"Centroide = centro da bbox do setor; exposição proxy por centroide na mancha"
510340310400158;5103403;Cuiabá;Urbana;0.1227;473;178;-15.553198;-56.039951;2022;IBGE Censo 2022 — malha setores + agregados básicos (V0001);"Centroide = centro da bbox do setor; exposição proxy por centroide na mancha"
510340310400159;5103403;Cuiabá;Urbana;0.0706;335;133;-15.552958;-56.032944;2022;IBGE Censo 2022 — malha setores + agregados básicos (V0001);"Centroide = centro da bbox do setor; exposição proxy por centroide na mancha"
510340310420027;5103403;Cuiabá;Urbana;0.0857;569;231;-15.586479;-56.039557;2022;IBGE Censo 2022 — malha setores + agregados básicos (V0001);"Centroide = centro da bbox do setor; exposição proxy por centroide na mancha"
510340310420109;5103403;Cuiabá;Urbana;0.1088;607;230;-15.58495;-56.027554;2022;IBGE Censo 2022 — malha setores + agregados básicos (V0001);"Centroide = centro da bbox do setor; exposição proxy por centroide na mancha"
510340310420099;5103403;Cuiabá;Urbana;0.0919;654;248;-15.584793;-56.037827;2022;IBGE Censo 2022 — malha setores + agregados básicos (V0001);"Centroide = centro da bbox do setor; exposição proxy por centroide na mancha"
510340310420098;5103403;Cuiabá;Urbana;0.0528;464;184;-15.584551;-56.040997;2022;IBGE Censo 2022 — malha setores + agregados básicos (V0001);"Centroide = centro da bbox do setor; exposição proxy por centroide na mancha"
510340310420062;5103403;Cuiabá;Urbana;0.1833;906;367;-15.583424;-56.028442;2022;IBGE Censo 2022 — malha setores + agregados básicos (V0001);"Centroide = centro da bbox do setor; exposição proxy por centroide na mancha"
510340310420068;5103403;Cuiabá;Urbana;0.0922;643;244;-15.584239;-56.033327;2022;IBGE Censo 2022 — malha setores + agregados básicos (V0001);"Centroide = centro da bbox do setor; exposição proxy por centroide na mancha"
510340310420022;5103403;Cuiabá;Urbana;0.0768;528;210;-15.583138;-56.03458;2022;IBGE Censo 2022 — malha setores + agregados básicos (V0001);"Centroide = centro da bbox do setor; exposição proxy por centroide na mancha"
510340310420025;5103403;Cuiabá;Urbana;0.0782;590;251;-15.583066;-56.040178;2022;IBGE Censo 2022 — malha setores + agregados básicos (V0001);"Centroide = centro da bbox do setor; exposição proxy por centroide na mancha"
510340310420024;5103403;Cuiabá;Urbana;0.0765;693;256;-15.582344;-56.036213;2022;IBGE Censo 2022 — malha setores + agregados básicos (V0001);"Centroide = centro da bbox do setor; exposição proxy por centroide na mancha"
510340310420089;5103403;Cuiabá;Urbana;0.1597;692;313;-15.580917;-56.024197;2022;IBGE Censo 2022 — malha setores + agregados básicos (V0001);"Centroide = centro da bbox do setor; exposição proxy por centroide na mancha"
510340310420083;5103403;Cuiabá;Urbana;0.1386;839;300;-15.581145;-56.029339;2022;IBGE Censo 2022 — malha setores + agregados básicos (V0001);"Centroide = centro da bbox do setor; exposição proxy por centroide na mancha"
510340310420021;5103403;Cuiabá;Urbana;0.1226;535;227;-15.580284;-56.032764;2022;IBGE Censo 2022 — malha setores + agregados básicos (V0001);"Centroide = centro da bbox do setor; exposição proxy por centroide na mancha"
510340310420023;5103403;Cuiabá;Urbana;0.1113;566;229;-15.579842;-56.036428;2022;IBGE Censo 2022 — malha setores + agregados básicos (V0001);"Centroide = centro da bbox do setor; exposição proxy por centroide na mancha"
510340310420118;5103403;Cuiabá;Urbana;0.0804;442;182;-15.579248;-56.029869;2022;IBGE Censo 2022 — malha setores + agregados básicos (V0001);"Centroide = centro da bbox do setor; exposição proxy por centroide na mancha"
510340310420067;5103403;Cuiabá;Urbana;0.0646;435;165;-15.578859;-56.038181;2022;IBGE Censo 2022 — malha setores + agregados básicos (V0001);"Centroide = centro da bbox do setor; exposição proxy por centroide na mancha"
510340310420112;5103403;Cuiabá;Urbana;0.0629;457;158;-15.578619;-56.040001;2022;IBGE Censo 2022 — malha setores + agregados básicos (V0001);"Centroide = centro da bbox do setor; exposição proxy por centroide na mancha"
510340310420017;5103403;Cuiabá;Urbana;0.0716;439;184;-15.577578;-56.034529;2022;IBGE Censo 2022 — malha setores + agregados básicos (V0001);"Centroide = centro da bbox do setor; exposição proxy por centroide na mancha"
510340310420018;5103403;Cuiabá;Urbana;0.0602;493;216;-15.576663;-56.032871;2022;IBGE Censo 2022 — malha setores + agregados básicos (V0001);"Centroide = centro da bbox do setor; exposição proxy por centroide na mancha"
510340310420016;5103403;Cuiabá;Urbana;0.044;323;104;-15.577252;-56.039713;2022;IBGE Censo 2022 — malha setores + agregados básicos (V0001);"Centroide = centro da bbox do setor; exposição proxy por centroide na mancha"
510340310420085;5103403;Cuiabá;Urbana;0.0546;292;111;-15.575599;-56.029528;2022;IBGE Censo 2022 — malha setores + agregados básicos (V0001);"Centroide = centro da bbox do setor; exposição proxy por centroide na mancha"
510340310420088;5103403;Cuiabá;Urbana;0.1409;671;273;-15.575862;-56.022285;2022;IBGE Censo 2022 — malha setores + agregados básicos (V0001);"Centroide = centro da bbox do setor; exposição proxy por centroide na mancha"
510340310420097;5103403;Cuiabá;Urbana;0.0309;103;69;-15.5763;-56.031086;2022;IBGE Censo 2022 — malha setores + agregados básicos (V0001);"Centroide = centro da bbox do setor; exposição proxy por centroide na mancha"
510340310420084;5103403;Cuiabá;Urbana;0.0694;494;169;-15.576239;-56.028084;2022;IBGE Censo 2022 — malha setores + agregados básicos (V0001);"Centroide = centro da bbox do setor; exposição proxy por centroide na mancha"
510340310420020;5103403;Cuiabá;Urbana;0.0413;387;137;-15.575589;-56.032104;2022;IBGE Censo 2022 — malha setores + agregados básicos (V0001);"Centroide = centro da bbox do setor; exposição proxy por centroide na mancha"
510340310400044;5103403;Cuiabá;Urbana;0.0684;604;226;-15.574925;-56.040703;2022;IBGE Censo 2022 — malha setores + agregados básicos (V0001);"Centroide = centro da bbox do setor; exposição proxy por centroide na mancha"
510340310420125;5103403;Cuiabá;Urbana;0.1539;1138;383;-15.57837;-56.026421;2022;IBGE Censo 2022 — malha setores + agregados básicos (V0001);"Centroide = centro da bbox do setor; exposição proxy por centroide na mancha"
510340310420143;5103403;Cuiabá;Urbana;0.1591;529;256;-15.584094;-56.022182;2022;IBGE Censo 2022 — malha setores + agregados básicos (V0001);"Centroide = centro da bbox do setor; exposição proxy por centroide na mancha"
510340310420167;5103403;Cuiabá;Urbana;0.1448;568;269;-15.586213;-56.025375;2022;IBGE Censo 2022 — malha setores + agregados básicos (V0001);"Centroide = centro da bbox do setor; exposição proxy por centroide na mancha"
510340310420043;5103403;Cuiabá;Urbana;0.1279;618;250;-15.61089;-56.028543;2022;IBGE Censo 2022 — malha setores + agregados básicos (V0001);"Centroide = centro da bbox do setor; exposição proxy por centroide na mancha"
510340310420162;5103403;Cuiabá;Urbana;0.0718;735;303;-15.611175;-56.020811;2022;IBGE Censo 2022 — malha setores + agregados básicos (V0001);"Centroide = centro da bbox do setor; exposição proxy por centroide na mancha"
510340310420161;5103403;Cuiabá;Urbana;0.0522;742;298;-15.611041;-56.019974;2022;IBGE Censo 2022 — malha setores + agregados básicos (V0001);"Centroide = centro da bbox do setor; exposição proxy por centroide na mancha"
510340310420134;5103403;Cuiabá;Urbana;0.1157;1098;416;-15.609757;-56.02146;2022;IBGE Censo 2022 — malha setores + agregados básicos (V0001);"Centroide = centro da bbox do setor; exposição proxy por centroide na mancha"
510340310420105;5103403;Cuiabá;Urbana;0.0684;559;187;-15.609817;-56.025442;2022;IBGE Censo 2022 — malha setores + agregados básicos (V0001);"Centroide = centro da bbox do setor; exposição proxy por centroide na mancha"
510340310420041;5103403;Cuiabá;Urbana;0.111;575;237;-15.608807;-56.032663;2022;IBGE Censo 2022 — malha setores + agregados básicos (V0001);"Centroide = centro da bbox do setor; exposição proxy por centroide na mancha"
510340310420074;5103403;Cuiabá;Urbana;0.0764;419;164;-15.608613;-56.029949;2022;IBGE Censo 2022 — malha setores + agregados básicos (V0001);"Centroide = centro da bbox do setor; exposição proxy por centroide na mancha"
510340310420133;5103403;Cuiabá;Urbana;0.1166;796;338;-15.608403;-56.022886;2022;IBGE Censo 2022 — malha setores + agregados básicos (V0001);"Centroide = centro da bbox do setor; exposição proxy por centroide na mancha"
510340310420165;5103403;Cuiabá;Urbana;0.169;748;246;-15.606774;-56.019495;2022;IBGE Censo 2022 — malha setores + agregados básicos (V0001);"Centroide = centro da bbox do setor; exposição proxy por centroide na mancha"
510340310420102;5103403;Cuiabá;Urbana;0.0301;184;69;-15.607892;-56.028042;2022;IBGE Censo 2022 — malha setores + agregados básicos (V0001);"Centroide = centro da bbox do setor; exposição proxy por centroide na mancha"
510340310420042;5103403;Cuiabá;Urbana;0.0593;218;76;-15.607287;-56.026566;2022;IBGE Censo 2022 — malha setores + agregados básicos (V0001);"Centroide = centro da bbox do setor; exposição proxy por centroide na mancha"
510340310420103;5103403;Cuiabá;Urbana;0.2287;796;432;-15.605498;-56.02948;2022;IBGE Censo 2022 — malha setores + agregados básicos (V0001);"Centroide = centro da bbox do setor; exposição proxy por centroide na mancha"
510340310420166;5103403;Cuiabá;Urbana;0.2538;1591;528;-15.603787;-56.022762;2022;IBGE Censo 2022 — malha setores + agregados básicos (V0001);"Centroide = centro da bbox do setor; exposição proxy por centroide na mancha"
510340310420131;5103403;Cuiabá;Urbana;0.3224;1070;334;-15.602125;-56.023178;2022;IBGE Censo 2022 — malha setores + agregados básicos (V0001);"Centroide = centro da bbox do setor; exposição proxy por centroide na mancha"
510340310420130;5103403;Cuiabá;Urbana;0.5188;1319;418;-15.599811;-56.023314;2022;IBGE Censo 2022 — malha setores + agregados básicos (V0001);"Centroide = centro da bbox do setor; exposição proxy por centroide na mancha"
510340310420191;5103403;Cuiabá;Urbana;0.3481;244;105;-15.599327;-56.030863;2022;IBGE Censo 2022 — malha setores + agregados básicos (V0001);"Centroide = centro da bbox do setor; exposição proxy por centroide na mancha"
510340310420168;5103403;Cuiabá;Urbana;0.0417;97;32;-15.587027;-56.022657;2022;IBGE Censo 2022 — malha setores + agregados básicos (V0001);"Centroide = centro da bbox do setor; exposição proxy por centroide na mancha"
510340310430006;5103403;Cuiabá;Urbana;0.0892;397;174;-15.647741;-56.03019;2022;IBGE Censo 2022 — malha setores + agregados básicos (V0001);"Centroide = centro da bbox do setor; exposição proxy por centroide na mancha"
510340310420076;5103403;Cuiabá;Urbana;0.1306;454;188;-15.612145;-56.030239;2022;IBGE Censo 2022 — malha setores + agregados básicos (V0001);"Centroide = centro da bbox do setor; exposição proxy por centroide na mancha"
510340310430007;5103403;Cuiabá;Urbana;0.0687;519;216;-15.649607;-56.029726;2022;IBGE Censo 2022 — malha setores + agregados básicos (V0001);"Centroide = centro da bbox do setor; exposição proxy por centroide na mancha"
510340310420152;5103403;Cuiabá;Urbana;0.238;695;260;-15.618841;-56.029486;2022;IBGE Censo 2022 — malha setores + agregados básicos (V0001);"Centroide = centro da bbox do setor; exposição proxy por centroide na mancha"
510340310430008;5103403;Cuiabá;Urbana;0.0663;514;181;-15.651183;-56.029291;2022;IBGE Censo 2022 — malha setores + agregados básicos (V0001);"Centroide = centro da bbox do setor; exposição proxy por centroide na mancha"
510340310420046;5103403;Cuiabá;Urbana;0.1187;540;206;-15.615482;-56.029331;2022;IBGE Censo 2022 — malha setores + agregados básicos (V0001);"Centroide = centro da bbox do setor; exposição proxy por centroide na mancha"
510340310430011;5103403;Cuiabá;Urbana;0.1049;753;289;-15.653224;-56.028929;2022;IBGE Censo 2022 — malha setores + agregados básicos (V0001);"Centroide = centro da bbox do setor; exposição proxy por centroide na mancha"
510340310430005;5103403;Cuiabá;Urbana;0.1075;739;274;-15.646644;-56.028093;2022;IBGE Censo 2022 — malha setores + agregados básicos (V0001);"Centroide = centro da bbox do setor; exposição proxy por centroide na mancha"
510340310430051;5103403;Cuiabá;Urbana;0.2705;331;169;-15.635139;-56.026043;2022;IBGE Censo 2022 — malha setores + agregados básicos (V0001);"Centroide = centro da bbox do setor; exposição proxy por centroide na mancha"
510340310420153;5103403;Cuiabá;Urbana;0.101;418;180;-15.619873;-56.026861;2022;IBGE Censo 2022 — malha setores + agregados básicos (V0001);"Centroide = centro da bbox do setor; exposição proxy por centroide na mancha"
510340310420115;5103403;Cuiabá;Urbana;0.1463;938;397;-15.61713;-56.025982;2022;IBGE Censo 2022 — malha setores + agregados básicos (V0001);"Centroide = centro da bbox do setor; exposição proxy por centroide na mancha"
510340310420116;5103403;Cuiabá;Urbana;0.1327;640;237;-15.614056;-56.025217;2022;IBGE Censo 2022 — malha setores + agregados básicos (V0001);"Centroide = centro da bbox do setor; exposição proxy por centroide na mancha"
510340310430004;5103403;Cuiabá;Urbana;0.5104;498;249;-15.645702;-56.022449;2022;IBGE Censo 2022 — malha setores + agregados básicos (V0001);"Centroide = centro da bbox do setor; exposição proxy por centroide na mancha"
510340310420044;5103403;Cuiabá;Urbana;0.0736;397;139;-15.611735;-56.025425;2022;IBGE Censo 2022 — malha setores + agregados básicos (V0001);"Centroide = centro da bbox do setor; exposição proxy por centroide na mancha"
510340310430062;5103403;Cuiabá;Urbana;0.173;481;181;-15.637242;-56.023172;2022;IBGE Censo 2022 — malha setores + agregados básicos (V0001);"Centroide = centro da bbox do setor; exposição proxy por centroide na mancha"
510340310420075;5103403;Cuiabá;Urbana;0.2328;758;311;-15.618202;-56.023001;2022;IBGE Censo 2022 — malha setores + agregados básicos (V0001);"Centroide = centro da bbox do setor; exposição proxy por centroide na mancha"
510340310430003;5103403;Cuiabá;Urbana;0.3075;327;120;-15.641371;-56.01897;2022;IBGE Censo 2022 — malha setores + agregados básicos (V0001);"Centroide = centro da bbox do setor; exposição proxy por centroide na mancha"
510340310420160;5103403;Cuiabá;Urbana;0.0698;686;311;-15.612103;-56.020086;2022;IBGE Censo 2022 — malha setores + agregados básicos (V0001);"Centroide = centro da bbox do setor; exposição proxy por centroide na mancha"
510340310420158;5103403;Cuiabá;Urbana;0.1293;929;437;-15.614393;-56.019232;2022;IBGE Censo 2022 — malha setores + agregados básicos (V0001);"Centroide = centro da bbox do setor; exposição proxy por centroide na mancha"
510340310420156;5103403;Cuiabá;Urbana;0.3991;654;241;-15.620091;-56.01787;2022;IBGE Censo 2022 — malha setores + agregados básicos (V0001);"Centroide = centro da bbox do setor; exposição proxy por centroide na mancha"
510340310420159;5103403;Cuiabá;Urbana;0.091;690;294;-15.611816;-56.019066;2022;IBGE Censo 2022 — malha setores + agregados básicos (V0001);"Centroide = centro da bbox do setor; exposição proxy por centroide na mancha"
510340310430065;5103403;Cuiabá;Urbana;0.1112;536;269;-15.632705;-56.01837;2022;IBGE Censo 2022 — malha setores + agregados básicos (V0001);"Centroide = centro da bbox do setor; exposição proxy por centroide na mancha"
510340310430063;5103403;Cuiabá;Urbana;0.0894;565;294;-15.636322;-56.018848;2022;IBGE Censo 2022 — malha setores + agregados básicos (V0001);"Centroide = centro da bbox do setor; exposição proxy por centroide na mancha"
510340310420157;5103403;Cuiabá;Urbana;0.1136;594;226;-15.616968;-56.017548;2022;IBGE Censo 2022 — malha setores + agregados básicos (V0001);"Centroide = centro da bbox do setor; exposição proxy por centroide na mancha"
510340310430052;5103403;Cuiabá;Urbana;0.2772;931;371;-15.62537;-56.015545;2022;IBGE Censo 2022 — malha setores + agregados básicos (V0001);"Centroide = centro da bbox do setor; exposição proxy por centroide na mancha"
510340310430064;5103403;Cuiabá;Urbana;0.0862;694;276;-15.633494;-56.016953;2022;IBGE Censo 2022 — malha setores + agregados básicos (V0001);"Centroide = centro da bbox do setor; exposição proxy por centroide na mancha"
510340310430061;5103403;Cuiabá;Urbana;0.0642;530;215;-15.636411;-56.016562;2022;IBGE Censo 2022 — malha setores + agregados básicos (V0001);"Centroide = centro da bbox do setor; exposição proxy por centroide na mancha"
510340310430053;5103403;Cuiabá;Urbana;0.1726;801;371;-15.627307;-56.014181;2022;IBGE Censo 2022 — malha setores + agregados básicos (V0001);"Centroide = centro da bbox do setor; exposição proxy por centroide na mancha"
510340310430066;5103403;Cuiabá;Urbana;0.0997;582;251;-15.630895;-56.014553;2022;IBGE Censo 2022 — malha setores + agregados básicos (V0001);"Centroide = centro da bbox do setor; exposição proxy por centroide na mancha"
510340310430060;5103403;Cuiabá;Urbana;0.0675;562;219;-15.633976;-56.014341;2022;IBGE Censo 2022 — malha setores + agregados básicos (V0001);"Centroide = centro da bbox do setor; exposição proxy por centroide na mancha"
510340310430059;5103403;Cuiabá;Urbana;0.0657;577;219;-15.63448;-56.012861;2022;IBGE Censo 2022 — malha setores + agregados básicos (V0001);"Centroide = centro da bbox do setor; exposição proxy por centroide na mancha"
510340310430068;5103403;Cuiabá;Urbana;0.0621;612;206;-15.631948;-56.011978;2022;IBGE Censo 2022 — malha setores + agregados básicos (V0001);"Centroide = centro da bbox do setor; exposição proxy por centroide na mancha"
510340310430127;5103403;Cuiabá;Urbana;0.1778;465;280;-15.632235;-56.020695;2022;IBGE Censo 2022 — malha setores + agregados básicos (V0001);"Centroide = centro da bbox do setor; exposição proxy por centroide na mancha"
510340310430128;5103403;Cuiabá;Urbana;0.0794;531;224;-15.63797;-56.019976;2022;IBGE Censo 2022 — malha setores + agregados básicos (V0001);"Centroide = centro da bbox do setor; exposição proxy por centroide na mancha"
510340310430129;5103403;Cuiabá;Urbana;0.0577;518;195;-15.633649;-56.01856;2022;IBGE Censo 2022 — malha setores + agregados básicos (V0001);"Centroide = centro da bbox do setor; exposição proxy por centroide na mancha"
510340310430186;5103403;Cuiabá;Urbana;1.8403;618;361;-15.627188;-56.027224;2022;IBGE Censo 2022 — malha setores + agregados básicos (V0001);"Centroide = centro da bbox do setor; exposição proxy por centroide na mancha"
510340310430212;5103403;Cuiabá;Urbana;0.3253;325;169;-15.641936;-56.028885;2022;IBGE Censo 2022 — malha setores + agregados básicos (V0001);"Centroide = centro da bbox do setor; exposição proxy por centroide na mancha"
510340310430257;5103403;Cuiabá;Urbana;0.3658;510;175;-15.646657;-56.016455;2022;IBGE Censo 2022 — malha setores + agregados básicos (V0001);"Centroide = centro da bbox do setor; exposição proxy por centroide na mancha"
510340310430259;5103403;Cuiabá;Urbana;0.0495;411;165;-15.628564;-56.013639;2022;IBGE Censo 2022 — malha setores + agregados básicos (V0001);"Centroide = centro da bbox do setor; exposição proxy por centroide na mancha"
510340310430281;5103403;Cuiabá;Urbana;0.3116;514;221;-15.643303;-56.025505;2022;IBGE Censo 2022 — malha setores + agregados básicos (V0001);"Centroide = centro da bbox do setor; exposição proxy por centroide na mancha"
510340310430282;5103403;Cuiabá;Urbana;0.0509;280;133;-15.644036;-56.023106;2022;IBGE Censo 2022 — malha setores + agregados básicos (V0001);"Centroide = centro da bbox do setor; exposição proxy por centroide na mancha"
510340310430299;5103403;Cuiabá;Urbana;0.1321;583;288;-15.637505;-56.015413;2022;IBGE Censo 2022 — malha setores + agregados básicos (V0001);"Centroide = centro da bbox do setor; exposição proxy por centroide na mancha"
510340310430300;5103403;Cuiabá;Urbana;0.0879;454;165;-15.639331;-56.014746;2022;IBGE Censo 2022 — malha setores + agregados básicos (V0001);"Centroide = centro da bbox do setor; exposição proxy por centroide na mancha"
510340310430105;5103403;Cuiabá;Urbana;0.0433;420;159;-15.653789;-55.980955;2022;IBGE Censo 2022 — malha setores + agregados básicos (V0001);"Centroide = centro da bbox do setor; exposição proxy por centroide na mancha"
510340310430108;5103403;Cuiabá;Urbana;0.1495;2731;3;-15.652418;-55.985336;2022;IBGE Censo 2022 — malha setores + agregados básicos (V0001);"Centroide = centro da bbox do setor; exposição proxy por centroide na mancha"
510340310430106;5103403;Cuiabá;Urbana;0.0489;391;163;-15.653905;-55.983547;2022;IBGE Censo 2022 — malha setores + agregados básicos (V0001);"Centroide = centro da bbox do setor; exposição proxy por centroide na mancha"
510340310430243;5103403;Cuiabá;Urbana;1.4675;79;31;-15.646382;-55.988583;2022;IBGE Censo 2022 — malha setores + agregados básicos (V0001);"Centroide = centro da bbox do setor; exposição proxy por centroide na mancha"
510340310430190;5103403;Cuiabá;Urbana;0.1262;703;254;-15.64966;-55.992878;2022;IBGE Censo 2022 — malha setores + agregados básicos (V0001);"Centroide = centro da bbox do setor; exposição proxy por centroide na mancha"
510340310430149;5103403;Cuiabá;Urbana;0.2823;617;207;-15.64708;-55.997353;2022;IBGE Censo 2022 — malha setores + agregados básicos (V0001);"Centroide = centro da bbox do setor; exposição proxy por centroide na mancha"
510340310430244;5103403;Cuiabá;Urbana;0.0817;642;237;-15.647728;-55.992117;2022;IBGE Censo 2022 — malha setores + agregados básicos (V0001);"Centroide = centro da bbox do setor; exposição proxy por centroide na mancha"
510340310430182;5103403;Cuiabá;Urbana;0.2983;472;195;-15.644261;-55.999323;2022;IBGE Censo 2022 — malha setores + agregados básicos (V0001);"Centroide = centro da bbox do setor; exposição proxy por centroide na mancha"
510340310430242;5103403;Cuiabá;Urbana;0.0713;742;251;-15.646365;-55.993622;2022;IBGE Censo 2022 — malha setores + agregados básicos (V0001);"Centroide = centro da bbox do setor; exposição proxy por centroide na mancha"
510340310430195;5103403;Cuiabá;Urbana;0.7466;335;133;-15.64314;-56.002705;2022;IBGE Censo 2022 — malha setores + agregados básicos (V0001);"Centroide = centro da bbox do setor; exposição proxy por centroide na mancha"
510340310430241;5103403;Cuiabá;Urbana;0.1954;640;217;-15.642277;-55.995527;2022;IBGE Censo 2022 — malha setores + agregados básicos (V0001);"Centroide = centro da bbox do setor; exposição proxy por centroide na mancha"
510340310430001;5103403;Cuiabá;Urbana;0.3014;836;359;-15.641863;-56.009077;2022;IBGE Censo 2022 — malha setores + agregados básicos (V0001);"Centroide = centro da bbox do setor; exposição proxy por centroide na mancha"
510340310430002;5103403;Cuiabá;Urbana;0.1521;475;234;-15.63806;-56.010983;2022;IBGE Censo 2022 — malha setores + agregados básicos (V0001);"Centroide = centro da bbox do setor; exposição proxy por centroide na mancha"
510340310430069;5103403;Cuiabá;Urbana;0.3396;532;215;-15.635335;-56.001516;2022;IBGE Censo 2022 — malha setores + agregados básicos (V0001);"Centroide = centro da bbox do setor; exposição proxy por centroide na mancha"
510340310430245;5103403;Cuiabá;Urbana;0.1287;882;316;-15.636376;-55.986713;2022;IBGE Censo 2022 — malha setores + agregados básicos (V0001);"Centroide = centro da bbox do setor; exposição proxy por centroide na mancha"
510340310430163;5103403;Cuiabá;Urbana;0.0739;403;162;-15.634085;-56.010847;2022;IBGE Censo 2022 — malha setores + agregados básicos (V0001);"Centroide = centro da bbox do setor; exposição proxy por centroide na mancha"
510340310430058;5103403;Cuiabá;Urbana;0.0683;549;212;-15.634545;-56.009344;2022;IBGE Censo 2022 — malha setores + agregados básicos (V0001);"Centroide = centro da bbox do setor; exposição proxy por centroide na mancha"
510340310430070;5103403;Cuiabá;Urbana;0.149;1002;368;-15.634423;-55.986357;2022;IBGE Censo 2022 — malha setores + agregados básicos (V0001);"Centroide = centro da bbox do setor; exposição proxy por centroide na mancha"
510340310430057;5103403;Cuiabá;Urbana;0.097;757;325;-15.634385;-56.006535;2022;IBGE Censo 2022 — malha setores + agregados básicos (V0001);"Centroide = centro da bbox do setor; exposição proxy por centroide na mancha"
510340310430164;5103403;Cuiabá;Urbana;0.0424;351;137;-15.632887;-56.010489;2022;IBGE Censo 2022 — malha setores + agregados básicos (V0001);"Centroide = centro da bbox do setor; exposição proxy por centroide na mancha"
510340310430251;5103403;Cuiabá;Urbana;0.2502;704;262;-15.637019;-55.994635;2022;IBGE Censo 2022 — malha setores + agregados básicos (V0001);"Centroide = centro da bbox do setor; exposição proxy por centroide na mancha"
510340310430252;5103403;Cuiabá;Urbana;0.0749;714;244;-15.637818;-55.997057;2022;IBGE Censo 2022 — malha setores + agregados básicos (V0001);"Centroide = centro da bbox do setor; exposição proxy por centroide na mancha"
510340310430301;5103403;Cuiabá;Urbana;0.0387;331;120;-15.637892;-56.008774;2022;IBGE Censo 2022 — malha setores + agregados básicos (V0001);"Centroide = centro da bbox do setor; exposição proxy por centroide na mancha"
510340310430302;5103403;Cuiabá;Urbana;0.0553;530;185;-15.637587;-56.007647;2022;IBGE Censo 2022 — malha setores + agregados básicos (V0001);"Centroide = centro da bbox do setor; exposição proxy por centroide na mancha"
510340310430303;5103403;Cuiabá;Urbana;0.072;529;172;-15.639032;-56.005749;2022;IBGE Censo 2022 — malha setores + agregados básicos (V0001);"Centroide = centro da bbox do setor; exposição proxy por centroide na mancha"
510340310430304;5103403;Cuiabá;Urbana;0.0506;378;141;-15.636507;-56.00494;2022;IBGE Censo 2022 — malha setores + agregados básicos (V0001);"Centroide = centro da bbox do setor; exposição proxy por centroide na mancha"
510780015000004;5107800;Santo Antônio de Leverger;Rural;415.7793;124;88;-16.257422;-55.523144;2022;IBGE Censo 2022 — malha setores + agregados básicos (V0001);"Centroide = centro da bbox do setor; exposição proxy por centroide na mancha"
510780015000012;5107800;Santo Antônio de Leverger;Rural;65.7201;38;34;-16.248783;-55.702049;2022;IBGE Censo 2022 — malha setores + agregados básicos (V0001);"Centroide = centro da bbox do setor; exposição proxy por centroide na mancha"
510780015000011;5107800;Santo Antônio de Leverger;Rural;159.2674;188;108;-16.13763;-55.723183;2022;IBGE Censo 2022 — malha setores + agregados básicos (V0001);"Centroide = centro da bbox do setor; exposição proxy por centroide na mancha"
510780017000011;5107800;Santo Antônio de Leverger;Rural;317.8788;179;111;-16.07432;-55.573946;2022;IBGE Censo 2022 — malha setores + agregados básicos (V0001);"Centroide = centro da bbox do setor; exposição proxy por centroide na mancha"
510780017000010;5107800;Santo Antônio de Leverger;Rural;129.9163;198;128;-16.096883;-55.434549;2022;IBGE Censo 2022 — malha setores + agregados básicos (V0001);"Centroide = centro da bbox do setor; exposição proxy por centroide na mancha"
510780017000008;5107800;Santo Antônio de Leverger;Rural;75.1127;299;154;-16.032531;-55.471449;2022;IBGE Censo 2022 — malha setores + agregados básicos (V0001);"Centroide = centro da bbox do setor; exposição proxy por centroide na mancha"
510780017000004;5107800;Santo Antônio de Leverger;Rural;161.9548;268;247;-15.991122;-55.643562;2022;IBGE Censo 2022 — malha setores + agregados básicos (V0001);"Centroide = centro da bbox do setor; exposição proxy por centroide na mancha"
510780017000003;5107800;Santo Antônio de Leverger;Rural;51.0023;26;19;-15.986529;-55.40835;2022;IBGE Censo 2022 — malha setores + agregados básicos (V0001);"Centroide = centro da bbox do setor; exposição proxy por centroide na mancha"
510780017000005;5107800;Santo Antônio de Leverger;Rural;314.3715;64;120;-15.884617;-55.683823;2022;IBGE Censo 2022 — malha setores + agregados básicos (V0001);"Centroide = centro da bbox do setor; exposição proxy por centroide na mancha"
510340310000035;5103403;Cuiabá;Rural;201.7808;460;317;-15.895757;-55.483065;2022;IBGE Censo 2022 — malha setores + agregados básicos (V0001);"Centroide = centro da bbox do setor; exposição proxy por centroide na mancha"
510780017000002;5107800;Santo Antônio de Leverger;Rural;13.3484;20;15;-15.959634;-55.456972;2022;IBGE Censo 2022 — malha setores + agregados básicos (V0001);"Centroide = centro da bbox do setor; exposição proxy por centroide na mancha"
510780017000001;5107800;Santo Antônio de Leverger;Urbana;0.457;788;370;-15.966843;-55.536592;2022;IBGE Censo 2022 — malha setores + agregados básicos (V0001);"Centroide = centro da bbox do setor; exposição proxy por centroide na mancha"
510780017000013;5107800;Santo Antônio de Leverger;Rural;2.5868;4;12;-15.896099;-55.510658;2022;IBGE Censo 2022 — malha setores + agregados básicos (V0001);"Centroide = centro da bbox do setor; exposição proxy por centroide na mancha"
510780005000029;5107800;Santo Antônio de Leverger;Rural;100.8397;390;251;-15.803328;-55.782749;2022;IBGE Censo 2022 — malha setores + agregados básicos (V0001);"Centroide = centro da bbox do setor; exposição proxy por centroide na mancha"
510340310000033;5103403;Cuiabá;Rural;67.9782;436;236;-15.789017;-55.45105;2022;IBGE Censo 2022 — malha setores + agregados básicos (V0001);"Centroide = centro da bbox do setor; exposição proxy por centroide na mancha"
510340310000034;5103403;Cuiabá;Rural;0.3912;37;19;-15.825095;-55.416779;2022;IBGE Censo 2022 — malha setores + agregados básicos (V0001);"Centroide = centro da bbox do setor; exposição proxy por centroide na mancha"
510340310000026;5103403;Cuiabá;Rural;252.8149;498;261;-15.721636;-55.500538;2022;IBGE Censo 2022 — malha setores + agregados básicos (V0001);"Centroide = centro da bbox do setor; exposição proxy por centroide na mancha"
510780005000007;5107800;Santo Antônio de Leverger;Rural;172.4038;495;282;-15.756747;-55.753687;2022;IBGE Censo 2022 — malha setores + agregados básicos (V0001);"Centroide = centro da bbox do setor; exposição proxy por centroide na mancha"
510780017000006;5107800;Santo Antônio de Leverger;Rural;25.9867;52;35;-15.787251;-55.609169;2022;IBGE Censo 2022 — malha setores + agregados básicos (V0001);"Centroide = centro da bbox do setor; exposição proxy por centroide na mancha"
510340310000042;5103403;Cuiabá;Rural;15.7809;404;167;-15.756292;-55.434423;2022;IBGE Censo 2022 — malha setores + agregados básicos (V0001);"Centroide = centro da bbox do setor; exposição proxy por centroide na mancha"
510340310000025;5103403;Cuiabá;Rural;8.6786;224;132;-15.77247;-55.405611;2022;IBGE Censo 2022 — malha setores + agregados básicos (V0001);"Centroide = centro da bbox do setor; exposição proxy por centroide na mancha"
510780017000007;5107800;Santo Antônio de Leverger;Rural;12.5673;32;27;-15.761664;-55.579021;2022;IBGE Censo 2022 — malha setores + agregados básicos (V0001);"Centroide = centro da bbox do setor; exposição proxy por centroide na mancha"
510340310000043;5103403;Cuiabá;Rural;0.2143;55;30;-15.776772;-55.425114;2022;IBGE Censo 2022 — malha setores + agregados básicos (V0001);"Centroide = centro da bbox do setor; exposição proxy por centroide na mancha"
510780005000028;5107800;Santo Antônio de Leverger;Rural;39.2786;37;26;-15.748856;-55.596844;2022;IBGE Censo 2022 — malha setores + agregados básicos (V0001);"Centroide = centro da bbox do setor; exposição proxy por centroide na mancha"
510340310000004;5103403;Cuiabá;Rural;375.8406;271;188;-15.609673;-55.613564;2022;IBGE Censo 2022 — malha setores + agregados básicos (V0001);"Centroide = centro da bbox do setor; exposição proxy por centroide na mancha"
510340310000013;5103403;Cuiabá;Rural;233.3626;273;140;-15.621455;-55.753256;2022;IBGE Censo 2022 — malha setores + agregados básicos (V0001);"Centroide = centro da bbox do setor; exposição proxy por centroide na mancha"
510340310000012;5103403;Cuiabá;Rural;26.3046;234;162;-15.624976;-55.820515;2022;IBGE Censo 2022 — malha setores + agregados básicos (V0001);"Centroide = centro da bbox do setor; exposição proxy por centroide na mancha"
510300720000005;5103007;Chapada dos Guimarães;Rural;138.0927;43;51;-15.557963;-55.478903;2022;IBGE Censo 2022 — malha setores + agregados básicos (V0001);"Centroide = centro da bbox do setor; exposição proxy por centroide na mancha"
510340310000011;5103403;Cuiabá;Rural;96.6412;250;170;-15.541272;-55.738655;2022;IBGE Censo 2022 — malha setores + agregados básicos (V0001);"Centroide = centro da bbox do setor; exposição proxy por centroide na mancha"
510300720000002;5103007;Chapada dos Guimarães;Rural;237.1997;202;160;-15.459203;-55.48181;2022;IBGE Censo 2022 — malha setores + agregados básicos (V0001);"Centroide = centro da bbox do setor; exposição proxy por centroide na mancha"
510300705000041;5103007;Chapada dos Guimarães;Urbana;3.3043;75;119;-15.475307;-55.757935;2022;IBGE Censo 2022 — malha setores + agregados básicos (V0001);"Centroide = centro da bbox do setor; exposição proxy por centroide na mancha"
510300705000031;5103007;Chapada dos Guimarães;Urbana;0.3158;1190;449;-15.475255;-55.731031;2022;IBGE Censo 2022 — malha setores + agregados básicos (V0001);"Centroide = centro da bbox do setor; exposição proxy por centroide na mancha"
510300705000050;5103007;Chapada dos Guimarães;Urbana;0.1321;135;129;-15.473507;-55.7353;2022;IBGE Censo 2022 — malha setores + agregados básicos (V0001);"Centroide = centro da bbox do setor; exposição proxy por centroide na mancha"
510300705000003;5103007;Chapada dos Guimarães;Urbana;1.0082;622;363;-15.468132;-55.746723;2022;IBGE Censo 2022 — malha setores + agregados básicos (V0001);"Centroide = centro da bbox do setor; exposição proxy por centroide na mancha"
510780017000014;5107800;Santo Antônio de Leverger;Rural;88.0613;80;103;-15.877644;-55.568687;2022;IBGE Censo 2022 — malha setores + agregados básicos (V0001);"Centroide = centro da bbox do setor; exposição proxy por centroide na mancha"
510780017000015;5107800;Santo Antônio de Leverger;Rural;37.8647;202;212;-15.931234;-55.50256;2022;IBGE Censo 2022 — malha setores + agregados básicos (V0001);"Centroide = centro da bbox do setor; exposição proxy por centroide na mancha"
510340310000038;5103403;Cuiabá;Rural;20.896;74;48;-15.670102;-55.916126;2022;IBGE Censo 2022 — malha setores + agregados básicos (V0001);"Centroide = centro da bbox do setor; exposição proxy por centroide na mancha"
510340310430250;5103403;Cuiabá;Rural;8.8852;57;43;-15.671348;-55.957821;2022;IBGE Censo 2022 — malha setores + agregados básicos (V0001);"Centroide = centro da bbox do setor; exposição proxy por centroide na mancha"
510340310000002;5103403;Cuiabá;Rural;62.34;291;182;-15.638943;-55.874313;2022;IBGE Censo 2022 — malha setores + agregados básicos (V0001);"Centroide = centro da bbox do setor; exposição proxy por centroide na mancha"
510340310430112;5103403;Cuiabá;Urbana;0.506;1314;531;-15.675714;-55.957008;2022;IBGE Censo 2022 — malha setores + agregados básicos (V0001);"Centroide = centro da bbox do setor; exposição proxy por centroide na mancha"
510340310000039;5103403;Cuiabá;Urbana;4.1724;356;187;-15.65302;-55.930799;2022;IBGE Censo 2022 — malha setores + agregados básicos (V0001);"Centroide = centro da bbox do setor; exposição proxy por centroide na mancha"
510340310430284;5103403;Cuiabá;Urbana;0.1054;632;226;-15.653513;-55.97275;2022;IBGE Censo 2022 — malha setores + agregados básicos (V0001);"Centroide = centro da bbox do setor; exposição proxy por centroide na mancha"
510340310430249;5103403;Cuiabá;Urbana;1.2556;454;188;-15.648638;-55.958382;2022;IBGE Censo 2022 — malha setores + agregados básicos (V0001);"Centroide = centro da bbox do setor; exposição proxy por centroide na mancha"
510340310000040;5103403;Cuiabá;Urbana;5.4144;560;296;-15.638658;-55.926281;2022;IBGE Censo 2022 — malha setores + agregados básicos (V0001);"Centroide = centro da bbox do setor; exposição proxy por centroide na mancha"
510340310000041;5103403;Cuiabá;Urbana;0.9147;509;257;-15.64475;-55.938585;2022;IBGE Censo 2022 — malha setores + agregados básicos (V0001);"Centroide = centro da bbox do setor; exposição proxy por centroide na mancha"
510340310430175;5103403;Cuiabá;Urbana;0.1092;791;287;-15.647005;-55.973827;2022;IBGE Censo 2022 — malha setores + agregados básicos (V0001);"Centroide = centro da bbox do setor; exposição proxy por centroide na mancha"
510340310430103;5103403;Cuiabá;Urbana;0.1027;1007;412;-15.646708;-55.977699;2022;IBGE Censo 2022 — malha setores + agregados básicos (V0001);"Centroide = centro da bbox do setor; exposição proxy por centroide na mancha"
510340310000016;5103403;Cuiabá;Urbana;0.1346;617;252;-15.64378;-55.939659;2022;IBGE Censo 2022 — malha setores + agregados básicos (V0001);"Centroide = centro da bbox do setor; exposição proxy por centroide na mancha"
510340310430102;5103403;Cuiabá;Urbana;0.1375;861;321;-15.644469;-55.975063;2022;IBGE Censo 2022 — malha setores + agregados básicos (V0001);"Centroide = centro da bbox do setor; exposição proxy por centroide na mancha"
510340310430100;5103403;Cuiabá;Urbana;0.2249;1133;444;-15.642463;-55.969305;2022;IBGE Censo 2022 — malha setores + agregados básicos (V0001);"Centroide = centro da bbox do setor; exposição proxy por centroide na mancha"
510340310430247;5103403;Cuiabá;Urbana;0.292;596;247;-15.6379;-55.968054;2022;IBGE Censo 2022 — malha setores + agregados básicos (V0001);"Centroide = centro da bbox do setor; exposição proxy por centroide na mancha"
510340310430189;5103403;Cuiabá;Urbana;0.1264;610;257;-15.642088;-55.973385;2022;IBGE Censo 2022 — malha setores + agregados básicos (V0001);"Centroide = centro da bbox do setor; exposição proxy por centroide na mancha"
510340310430146;5103403;Cuiabá;Urbana;0.1633;751;285;-15.641741;-55.976343;2022;IBGE Censo 2022 — malha setores + agregados básicos (V0001);"Centroide = centro da bbox do setor; exposição proxy por centroide na mancha"
510340310000017;5103403;Cuiabá;Urbana;8.9206;656;311;-15.623622;-55.929447;2022;IBGE Censo 2022 — malha setores + agregados básicos (V0001);"Centroide = centro da bbox do setor; exposição proxy por centroide na mancha"
510340310430101;5103403;Cuiabá;Urbana;0.2398;806;326;-15.638957;-55.973572;2022;IBGE Censo 2022 — malha setores + agregados básicos (V0001);"Centroide = centro da bbox do setor; exposição proxy por centroide na mancha"
510340310430140;5103403;Cuiabá;Urbana;0.1251;959;358;-15.637585;-55.945181;2022;IBGE Censo 2022 — malha setores + agregados básicos (V0001);"Centroide = centro da bbox do setor; exposição proxy por centroide na mancha"
510340310430088;5103403;Cuiabá;Urbana;0.1104;1081;387;-15.637464;-55.942923;2022;IBGE Censo 2022 — malha setores + agregados básicos (V0001);"Centroide = centro da bbox do setor; exposição proxy por centroide na mancha"
510340310430089;5103403;Cuiabá;Urbana;0.1975;581;221;-15.635269;-55.946827;2022;IBGE Censo 2022 — malha setores + agregados básicos (V0001);"Centroide = centro da bbox do setor; exposição proxy por centroide na mancha"
510340310430090;5103403;Cuiabá;Urbana;0.0668;588;222;-15.635643;-55.949652;2022;IBGE Censo 2022 — malha setores + agregados básicos (V0001);"Centroide = centro da bbox do setor; exposição proxy por centroide na mancha"
510340310430091;5103403;Cuiabá;Urbana;0.0942;831;338;-15.634915;-55.951612;2022;IBGE Censo 2022 — malha setores + agregados básicos (V0001);"Centroide = centro da bbox do setor; exposição proxy por centroide na mancha"
510340310430084;5103403;Cuiabá;Urbana;3.5324;805;324;-15.623589;-55.964783;2022;IBGE Censo 2022 — malha setores + agregados básicos (V0001);"Centroide = centro da bbox do setor; exposição proxy por centroide na mancha"
510340310430092;5103403;Cuiabá;Urbana;0.0939;875;332;-15.634078;-55.953777;2022;IBGE Censo 2022 — malha setores + agregados básicos (V0001);"Centroide = centro da bbox do setor; exposição proxy por centroide na mancha"
510340310430139;5103403;Cuiabá;Urbana;0.098;706;276;-15.634829;-55.941107;2022;IBGE Censo 2022 — malha setores + agregados básicos (V0001);"Centroide = centro da bbox do setor; exposição proxy por centroide na mancha"
510340310430143;5103403;Cuiabá;Urbana;0.0931;812;300;-15.633397;-55.948086;2022;IBGE Censo 2022 — malha setores + agregados básicos (V0001);"Centroide = centro da bbox do setor; exposição proxy por centroide na mancha"
510340310430094;5103403;Cuiabá;Urbana;0.0927;794;296;-15.634198;-55.956371;2022;IBGE Censo 2022 — malha setores + agregados básicos (V0001);"Centroide = centro da bbox do setor; exposição proxy por centroide na mancha"
510340310430087;5103403;Cuiabá;Urbana;0.0981;832;308;-15.63362;-55.943605;2022;IBGE Censo 2022 — malha setores + agregados básicos (V0001);"Centroide = centro da bbox do setor; exposição proxy por centroide na mancha"
510340310430144;5103403;Cuiabá;Urbana;0.106;868;352;-15.632648;-55.94981;2022;IBGE Censo 2022 — malha setores + agregados básicos (V0001);"Centroide = centro da bbox do setor; exposição proxy por centroide na mancha"
510340310430141;5103403;Cuiabá;Urbana;0.0662;641;225;-15.633202;-55.958996;2022;IBGE Censo 2022 — malha setores + agregados básicos (V0001);"Centroide = centro da bbox do setor; exposição proxy por centroide na mancha"
510340310430145;5103403;Cuiabá;Urbana;0.1068;924;358;-15.631825;-55.951994;2022;IBGE Censo 2022 — malha setores + agregados básicos (V0001);"Centroide = centro da bbox do setor; exposição proxy por centroide na mancha"
510340310430188;5103403;Cuiabá;Urbana;0.1471;1313;475;-15.632282;-55.94043;2022;IBGE Censo 2022 — malha setores + agregados básicos (V0001);"Centroide = centro da bbox do setor; exposição proxy por centroide na mancha"
510340310430260;5103403;Cuiabá;Urbana;0.0538;580;213;-15.632463;-55.960955;2022;IBGE Censo 2022 — malha setores + agregados básicos (V0001);"Centroide = centro da bbox do setor; exposição proxy por centroide na mancha"
510340310430285;5103403;Cuiabá;Urbana;0.3463;896;297;-15.642726;-55.963963;2022;IBGE Censo 2022 — malha setores + agregados básicos (V0001);"Centroide = centro da bbox do setor; exposição proxy por centroide na mancha"
510340310430286;5103403;Cuiabá;Urbana;0.0985;445;161;-15.645169;-55.96813;2022;IBGE Censo 2022 — malha setores + agregados básicos (V0001);"Centroide = centro da bbox do setor; exposição proxy por centroide na mancha"
510340310430287;5103403;Cuiabá;Urbana;0.5731;761;288;-15.637474;-55.962702;2022;IBGE Censo 2022 — malha setores + agregados básicos (V0001);"Centroide = centro da bbox do setor; exposição proxy por centroide na mancha"
510340310430288;5103403;Cuiabá;Urbana;0.0499;279;137;-15.636496;-55.958504;2022;IBGE Censo 2022 — malha setores + agregados básicos (V0001);"Centroide = centro da bbox do setor; exposição proxy por centroide na mancha"
510340310430305;5103403;Cuiabá;Urbana;0.0893;527;165;-15.636634;-55.938482;2022;IBGE Censo 2022 — malha setores + agregados básicos (V0001);"Centroide = centro da bbox do setor; exposição proxy por centroide na mancha"
510340310430306;5103403;Cuiabá;Urbana;0.6972;122;58;-15.630266;-55.939014;2022;IBGE Censo 2022 — malha setores + agregados básicos (V0001);"Centroide = centro da bbox do setor; exposição proxy por centroide na mancha"
510340310430327;5103403;Cuiabá;Urbana;0.2014;831;303;-15.647959;-55.967188;2022;IBGE Censo 2022 — malha setores + agregados básicos (V0001);"Centroide = centro da bbox do setor; exposição proxy por centroide na mancha"
510340310430328;5103403;Cuiabá;Urbana;0.1149;581;221;-15.649355;-55.967712;2022;IBGE Censo 2022 — malha setores + agregados básicos (V0001);"Centroide = centro da bbox do setor; exposição proxy por centroide na mancha"
510340310430343;5103403;Cuiabá;Urbana;3.4543;2;8;-15.66818;-55.973867;2022;IBGE Censo 2022 — malha setores + agregados básicos (V0001);"Centroide = centro da bbox do setor; exposição proxy por centroide na mancha"
510340310430346;5103403;Cuiabá;Urbana;1.2479;588;218;-15.623158;-55.979399;2022;IBGE Censo 2022 — malha setores + agregados básicos (V0001);"Centroide = centro da bbox do setor; exposição proxy por centroide na mancha"
510340310430356;5103403;Cuiabá;Urbana;1.7272;864;342;-15.641955;-55.949417;2022;IBGE Censo 2022 — malha setores + agregados básicos (V0001);"Centroide = centro da bbox do setor; exposição proxy por centroide na mancha"
510340310430357;5103403;Cuiabá;Urbana;0.0839;426;164;-15.641105;-55.946838;2022;IBGE Censo 2022 — malha setores + agregados básicos (V0001);"Centroide = centro da bbox do setor; exposição proxy por centroide na mancha"
510340310420137;5103403;Cuiabá;Urbana;0.3796;1028;341;-15.614175;-56.014765;2022;IBGE Censo 2022 — malha setores + agregados básicos (V0001);"Centroide = centro da bbox do setor; exposição proxy por centroide na mancha"
510340310430115;5103403;Cuiabá;Urbana;0.2711;951;367;-15.622289;-56.01182;2022;IBGE Censo 2022 — malha setores + agregados básicos (V0001);"Centroide = centro da bbox do setor; exposição proxy por centroide na mancha"
510340310430151;5103403;Cuiabá;Urbana;0.2315;283;125;-15.643748;-56.010775;2022;IBGE Censo 2022 — malha setores + agregados básicos (V0001);"Centroide = centro da bbox do setor; exposição proxy por centroide na mancha"
510340310430137;5103403;Cuiabá;Urbana;0.3355;1248;559;-15.607842;-55.997313;2022;IBGE Censo 2022 — malha setores + agregados básicos (V0001);"Centroide = centro da bbox do setor; exposição proxy por centroide na mancha"
510340310430192;5103403;Cuiabá;Urbana;0.1007;689;287;-15.606128;-55.997505;2022;IBGE Censo 2022 — malha setores + agregados básicos (V0001);"Centroide = centro da bbox do setor; exposição proxy por centroide na mancha"
510340310430193;5103403;Cuiabá;Urbana;0.0986;489;196;-15.605664;-55.992916;2022;IBGE Censo 2022 — malha setores + agregados básicos (V0001);"Centroide = centro da bbox do setor; exposição proxy por centroide na mancha"
510340310430194;5103403;Cuiabá;Urbana;0.0895;644;267;-15.610564;-55.993233;2022;IBGE Censo 2022 — malha setores + agregados básicos (V0001);"Centroide = centro da bbox do setor; exposição proxy por centroide na mancha"
510340310430134;5103403;Cuiabá;Urbana;0.0866;660;222;-15.610169;-55.991165;2022;IBGE Censo 2022 — malha setores + agregados básicos (V0001);"Centroide = centro da bbox do setor; exposição proxy por centroide na mancha"
510340310430165;5103403;Cuiabá;Urbana;0.1188;699;261;-15.610463;-55.988655;2022;IBGE Censo 2022 — malha setores + agregados básicos (V0001);"Centroide = centro da bbox do setor; exposição proxy por centroide na mancha"
510340310430191;5103403;Cuiabá;Urbana;0.3783;498;212;-15.64662;-55.984707;2022;IBGE Censo 2022 — malha setores + agregados básicos (V0001);"Centroide = centro da bbox do setor; exposição proxy por centroide na mancha"
510340310430148;5103403;Cuiabá;Urbana;0.8245;747;355;-15.658269;-55.976723;2022;IBGE Censo 2022 — malha setores + agregados básicos (V0001);"Centroide = centro da bbox do setor; exposição proxy por centroide na mancha"
510340310430109;5103403;Cuiabá;Urbana;1.4618;1260;520;-15.629769;-55.978815;2022;IBGE Censo 2022 — malha setores + agregados básicos (V0001);"Centroide = centro da bbox do setor; exposição proxy por centroide na mancha"
510340310430130;5103403;Cuiabá;Urbana;0.319;623;221;-15.633915;-55.982691;2022;IBGE Censo 2022 — malha setores + agregados básicos (V0001);"Centroide = centro da bbox do setor; exposição proxy por centroide na mancha"
510340310430107;5103403;Cuiabá;Urbana;0.0799;612;228;-15.650216;-55.981735;2022;IBGE Censo 2022 — malha setores + agregados básicos (V0001);"Centroide = centro da bbox do setor; exposição proxy por centroide na mancha"
510340310430177;5103403;Cuiabá;Urbana;0.0704;422;174;-15.647985;-55.98107;2022;IBGE Censo 2022 — malha setores + agregados básicos (V0001);"Centroide = centro da bbox do setor; exposição proxy por centroide na mancha"
510340310430110;5103403;Cuiabá;Urbana;0.1719;542;243;-15.639823;-55.978491;2022;IBGE Censo 2022 — malha setores + agregados básicos (V0001);"Centroide = centro da bbox do setor; exposição proxy por centroide na mancha"
510160505000020;5101605;Barão de Melgaço;Urbana;0.1271;329;153;-16.199183;-55.967384;2022;IBGE Censo 2022 — malha setores + agregados básicos (V0001);"Centroide = centro da bbox do setor; exposição proxy por centroide na mancha"
510340310430196;5103403;Cuiabá;Urbana;0.3762;788;325;-15.617566;-55.98337;2022;IBGE Censo 2022 — malha setores + agregados básicos (V0001);"Centroide = centro da bbox do setor; exposição proxy por centroide na mancha"
510340310430221;5103403;Cuiabá;Urbana;0.3587;93;42;-15.609584;-55.983679;2022;IBGE Censo 2022 — malha setores + agregados básicos (V0001);"Centroide = centro da bbox do setor; exposição proxy por centroide na mancha"
510340310430222;5103403;Cuiabá;Urbana;0.1407;988;363;-15.606361;-55.988781;2022;IBGE Censo 2022 — malha setores + agregados básicos (V0001);"Centroide = centro da bbox do setor; exposição proxy por centroide na mancha"
510340310430223;5103403;Cuiabá;Urbana;0.203;782;259;-15.605968;-55.984844;2022;IBGE Censo 2022 — malha setores + agregados básicos (V0001);"Centroide = centro da bbox do setor; exposição proxy por centroide na mancha"
510340310430239;5103403;Cuiabá;Urbana;0.1019;558;207;-15.605003;-55.998716;2022;IBGE Censo 2022 — malha setores + agregados básicos (V0001);"Centroide = centro da bbox do setor; exposição proxy por centroide na mancha"
510340310430246;5103403;Cuiabá;Urbana;1.164;5;5;-15.633111;-55.992521;2022;IBGE Censo 2022 — malha setores + agregados básicos (V0001);"Centroide = centro da bbox do setor; exposição proxy por centroide na mancha"
510340310430262;5103403;Cuiabá;Urbana;0.0712;383;160;-15.651861;-55.981798;2022;IBGE Censo 2022 — malha setores + agregados básicos (V0001);"Centroide = centro da bbox do setor; exposição proxy por centroide na mancha"
510340310430272;5103403;Cuiabá;Urbana;0.0685;726;242;-15.61448;-55.980774;2022;IBGE Censo 2022 — malha setores + agregados básicos (V0001);"Centroide = centro da bbox do setor; exposição proxy por centroide na mancha"
510340310430273;5103403;Cuiabá;Urbana;0.0533;577;189;-15.61596;-55.979855;2022;IBGE Censo 2022 — malha setores + agregados básicos (V0001);"Centroide = centro da bbox do setor; exposição proxy por centroide na mancha"
510340310430176;5103403;Cuiabá;Urbana;0.1252;840;324;-15.648211;-55.975645;2022;IBGE Censo 2022 — malha setores + agregados básicos (V0001);"Centroide = centro da bbox do setor; exposição proxy por centroide na mancha"
510340310430104;5103403;Cuiabá;Urbana;0.1868;307;132;-15.650493;-55.975788;2022;IBGE Censo 2022 — malha setores + agregados básicos (V0001);"Centroide = centro da bbox do setor; exposição proxy por centroide na mancha"
510340310430276;5103403;Cuiabá;Urbana;0.0673;553;176;-15.612065;-55.979317;2022;IBGE Censo 2022 — malha setores + agregados básicos (V0001);"Centroide = centro da bbox do setor; exposição proxy por centroide na mancha"
510340310430283;5103403;Cuiabá;Urbana;0.3021;716;300;-15.654638;-55.975779;2022;IBGE Censo 2022 — malha setores + agregados básicos (V0001);"Centroide = centro da bbox do setor; exposição proxy por centroide na mancha"
510340310430325;5103403;Cuiabá;Urbana;0.1048;670;241;-15.609467;-56.002613;2022;IBGE Censo 2022 — malha setores + agregados básicos (V0001);"Centroide = centro da bbox do setor; exposição proxy por centroide na mancha"
510340310430342;5103403;Cuiabá;Urbana;3.5385;155;51;-15.660008;-55.993544;2022;IBGE Censo 2022 — malha setores + agregados básicos (V0001);"Centroide = centro da bbox do setor; exposição proxy por centroide na mancha"
510340310430350;5103403;Cuiabá;Urbana;0.9959;766;322;-15.612911;-56.009686;2022;IBGE Censo 2022 — malha setores + agregados básicos (V0001);"Centroide = centro da bbox do setor; exposição proxy por centroide na mancha"
510160505000011;5101605;Barão de Melgaço;Rural;21.6333;102;201;-16.144247;-55.904636;2022;IBGE Censo 2022 — malha setores + agregados básicos (V0001);"Centroide = centro da bbox do setor; exposição proxy por centroide na mancha"
510160505000004;5101605;Barão de Melgaço;Urbana;1.6806;683;289;-16.191931;-55.957787;2022;IBGE Censo 2022 — malha setores + agregados básicos (V0001);"Centroide = centro da bbox do setor; exposição proxy por centroide na mancha"
510160505000002;5101605;Barão de Melgaço;Urbana;0.9298;606;324;-16.193034;-55.949308;2022;IBGE Censo 2022 — malha setores + agregados básicos (V0001);"Centroide = centro da bbox do setor; exposição proxy por centroide na mancha"
510780005000005;5107800;Santo Antônio de Leverger;Rural;25.3247;170;247;-15.947804;-56.01078;2022;IBGE Censo 2022 — malha setores + agregados básicos (V0001);"Centroide = centro da bbox do setor; exposição proxy por centroide na mancha"
510780005000006;5107800;Santo Antônio de Leverger;Rural;334.112;128;147;-15.94964;-55.83326;2022;IBGE Censo 2022 — malha setores + agregados básicos (V0001);"Centroide = centro da bbox do setor; exposição proxy por centroide na mancha"
510780005000008;5107800;Santo Antônio de Leverger;Rural;0.3824;370;151;-15.707477;-55.7451;2022;IBGE Censo 2022 — malha setores + agregados básicos (V0001);"Centroide = centro da bbox do setor; exposição proxy por centroide na mancha"
510780005000012;5107800;Santo Antônio de Leverger;Rural;77.6211;153;137;-15.852604;-56.006393;2022;IBGE Censo 2022 — malha setores + agregados básicos (V0001);"Centroide = centro da bbox do setor; exposição proxy por centroide na mancha"
510780005000026;5107800;Santo Antônio de Leverger;Rural;230.1607;100;171;-16.061213;-55.962679;2022;IBGE Censo 2022 — malha setores + agregados básicos (V0001);"Centroide = centro da bbox do setor; exposição proxy por centroide na mancha"
510780005000027;5107800;Santo Antônio de Leverger;Rural;294.4742;52;67;-15.844796;-55.918245;2022;IBGE Censo 2022 — malha setores + agregados básicos (V0001);"Centroide = centro da bbox do setor; exposição proxy por centroide na mancha"
510780005000031;5107800;Santo Antônio de Leverger;Rural;13.6402;130;113;-15.913475;-56.015818;2022;IBGE Censo 2022 — malha setores + agregados básicos (V0001);"Centroide = centro da bbox do setor; exposição proxy por centroide na mancha"
510780005000033;5107800;Santo Antônio de Leverger;Rural;13.5152;45;24;-15.868136;-56.044991;2022;IBGE Censo 2022 — malha setores + agregados básicos (V0001);"Centroide = centro da bbox do setor; exposição proxy por centroide na mancha"
510780005000034;5107800;Santo Antônio de Leverger;Urbana;0.9023;389;179;-15.86572;-56.045738;2022;IBGE Censo 2022 — malha setores + agregados básicos (V0001);"Centroide = centro da bbox do setor; exposição proxy por centroide na mancha"
510780010000003;5107800;Santo Antônio de Leverger;Rural;22.4695;90;130;-15.736936;-55.978102;2022;IBGE Censo 2022 — malha setores + agregados básicos (V0001);"Centroide = centro da bbox do setor; exposição proxy por centroide na mancha"
510780015000003;5107800;Santo Antônio de Leverger;Rural;89.7076;145;100;-16.07232;-55.820219;2022;IBGE Censo 2022 — malha setores + agregados básicos (V0001);"Centroide = centro da bbox do setor; exposição proxy por centroide na mancha"
510780025000001;5107800;Santo Antônio de Leverger;Rural;29.1858;42;45;-15.74029;-55.963293;2022;IBGE Censo 2022 — malha setores + agregados básicos (V0001);"Centroide = centro da bbox do setor; exposição proxy por centroide na mancha"
510780025000002;5107800;Santo Antônio de Leverger;Rural;33.653;280;204;-15.798112;-56.037802;2022;IBGE Censo 2022 — malha setores + agregados básicos (V0001);"Centroide = centro da bbox do setor; exposição proxy por centroide na mancha"
510340310430152;5103403;Cuiabá;Urbana;0.1405;867;380;-15.651544;-56.035141;2022;IBGE Censo 2022 — malha setores + agregados básicos (V0001);"Centroide = centro da bbox do setor; exposição proxy por centroide na mancha"
510340310430210;5103403;Cuiabá;Urbana;0.2048;0;0;-15.651091;-56.041695;2022;IBGE Censo 2022 — malha setores + agregados básicos (V0001);"Centroide = centro da bbox do setor; exposição proxy por centroide na mancha"
510340310430183;5103403;Cuiabá;Urbana;0.0779;656;247;-15.649771;-56.034412;2022;IBGE Censo 2022 — malha setores + agregados básicos (V0001);"Centroide = centro da bbox do setor; exposição proxy por centroide na mancha"
510340310430016;5103403;Cuiabá;Urbana;0.1151;755;385;-15.649583;-56.04892;2022;IBGE Censo 2022 — malha setores + agregados básicos (V0001);"Centroide = centro da bbox do setor; exposição proxy por centroide na mancha"
510340310430119;5103403;Cuiabá;Urbana;0.0643;422;172;-15.649008;-56.037502;2022;IBGE Censo 2022 — malha setores + agregados básicos (V0001);"Centroide = centro da bbox do setor; exposição proxy por centroide na mancha"
510340310430153;5103403;Cuiabá;Urbana;0.1139;796;337;-15.648826;-56.042078;2022;IBGE Censo 2022 — malha setores + agregados básicos (V0001);"Centroide = centro da bbox do setor; exposição proxy por centroide na mancha"
510340310430015;5103403;Cuiabá;Urbana;0.0979;642;258;-15.647818;-56.050356;2022;IBGE Censo 2022 — malha setores + agregados básicos (V0001);"Centroide = centro da bbox do setor; exposição proxy por centroide na mancha"
510340310430014;5103403;Cuiabá;Urbana;0.0949;700;297;-15.647447;-56.047684;2022;IBGE Censo 2022 — malha setores + agregados básicos (V0001);"Centroide = centro da bbox do setor; exposição proxy por centroide na mancha"
510340310430122;5103403;Cuiabá;Urbana;0.0691;442;221;-15.647586;-56.04232;2022;IBGE Censo 2022 — malha setores + agregados básicos (V0001);"Centroide = centro da bbox do setor; exposição proxy por centroide na mancha"
510340310430013;5103403;Cuiabá;Urbana;0.096;515;193;-15.646764;-56.043266;2022;IBGE Censo 2022 — malha setores + agregados básicos (V0001);"Centroide = centro da bbox do setor; exposição proxy por centroide na mancha"
510340310430121;5103403;Cuiabá;Urbana;0.0233;222;87;-15.646752;-56.040552;2022;IBGE Censo 2022 — malha setores + agregados básicos (V0001);"Centroide = centro da bbox do setor; exposição proxy por centroide na mancha"
510340310430126;5103403;Cuiabá;Urbana;0.202;888;372;-15.644532;-56.048784;2022;IBGE Censo 2022 — malha setores + agregados básicos (V0001);"Centroide = centro da bbox do setor; exposição proxy por centroide na mancha"
510340310430049;5103403;Cuiabá;Urbana;0.478;1035;432;-15.64174;-56.042444;2022;IBGE Censo 2022 — malha setores + agregados básicos (V0001);"Centroide = centro da bbox do setor; exposição proxy por centroide na mancha"
510340310430211;5103403;Cuiabá;Urbana;0.0254;188;97;-15.642218;-56.034052;2022;IBGE Censo 2022 — malha setores + agregados básicos (V0001);"Centroide = centro da bbox do setor; exposição proxy por centroide na mancha"
510340310430161;5103403;Cuiabá;Urbana;0.271;292;118;-15.641426;-56.03837;2022;IBGE Censo 2022 — malha setores + agregados básicos (V0001);"Centroide = centro da bbox do setor; exposição proxy por centroide na mancha"
510340310430047;5103403;Cuiabá;Urbana;0.1608;675;283;-15.640881;-56.047468;2022;IBGE Censo 2022 — malha setores + agregados básicos (V0001);"Centroide = centro da bbox do setor; exposição proxy por centroide na mancha"
510340310430160;5103403;Cuiabá;Urbana;0.257;620;222;-15.638243;-56.045368;2022;IBGE Censo 2022 — malha setores + agregados básicos (V0001);"Centroide = centro da bbox do setor; exposição proxy por centroide na mancha"
510340310430050;5103403;Cuiabá;Urbana;1.4712;182;122;-15.632702;-56.032955;2022;IBGE Censo 2022 — malha setores + agregados básicos (V0001);"Centroide = centro da bbox do setor; exposição proxy por centroide na mancha"
510340310430044;5103403;Cuiabá;Urbana;0.9116;617;278;-15.632287;-56.043219;2022;IBGE Censo 2022 — malha setores + agregados básicos (V0001);"Centroide = centro da bbox do setor; exposição proxy por centroide na mancha"
510340310420149;5103403;Cuiabá;Urbana;1.0374;850;445;-15.618734;-56.036966;2022;IBGE Censo 2022 — malha setores + agregados básicos (V0001);"Centroide = centro da bbox do setor; exposição proxy por centroide na mancha"
510340310420106;5103403;Cuiabá;Urbana;0.125;357;136;-15.614398;-56.03282;2022;IBGE Censo 2022 — malha setores + agregados básicos (V0001);"Centroide = centro da bbox do setor; exposição proxy por centroide na mancha"
510340310430258;5103403;Cuiabá;Urbana;0.2651;1152;528;-15.625051;-56.047016;2022;IBGE Censo 2022 — malha setores + agregados básicos (V0001);"Centroide = centro da bbox do setor; exposição proxy por centroide na mancha"
510340310430261;5103403;Cuiabá;Urbana;0.4531;485;209;-15.652412;-56.0469;2022;IBGE Censo 2022 — malha setores + agregados básicos (V0001);"Centroide = centro da bbox do setor; exposição proxy por centroide na mancha"
510340310430264;5103403;Cuiabá;Urbana;0.1097;515;226;-15.622329;-56.04932;2022;IBGE Censo 2022 — malha setores + agregados básicos (V0001);"Centroide = centro da bbox do setor; exposição proxy por centroide na mancha"
510340310430293;5103403;Cuiabá;Urbana;0.0826;584;247;-15.647619;-56.034864;2022;IBGE Censo 2022 — malha setores + agregados básicos (V0001);"Centroide = centro da bbox do setor; exposição proxy por centroide na mancha"
510340310430294;5103403;Cuiabá;Urbana;0.1329;812;345;-15.647337;-56.032801;2022;IBGE Censo 2022 — malha setores + agregados básicos (V0001);"Centroide = centro da bbox do setor; exposição proxy por centroide na mancha"
510340310430297;5103403;Cuiabá;Urbana;0.0591;475;166;-15.646597;-56.030626;2022;IBGE Censo 2022 — malha setores + agregados básicos (V0001);"Centroide = centro da bbox do setor; exposição proxy por centroide na mancha"
510340310430298;5103403;Cuiabá;Urbana;0.1359;260;98;-15.644926;-56.032978;2022;IBGE Censo 2022 — malha setores + agregados básicos (V0001);"Centroide = centro da bbox do setor; exposição proxy por centroide na mancha"
510340310430323;5103403;Cuiabá;Urbana;0.0715;748;280;-15.645736;-56.038033;2022;IBGE Censo 2022 — malha setores + agregados básicos (V0001);"Centroide = centro da bbox do setor; exposição proxy por centroide na mancha"
510340310430324;5103403;Cuiabá;Urbana;0.0395;565;236;-15.647106;-56.038363;2022;IBGE Censo 2022 — malha setores + agregados básicos (V0001);"Centroide = centro da bbox do setor; exposição proxy por centroide na mancha"
510340310430340;5103403;Cuiabá;Urbana;0.1059;328;151;-15.630393;-56.048389;2022;IBGE Censo 2022 — malha setores + agregados básicos (V0001);"Centroide = centro da bbox do setor; exposição proxy por centroide na mancha"
510340310430341;5103403;Cuiabá;Urbana;0.0979;693;400;-15.632117;-56.047783;2022;IBGE Censo 2022 — malha setores + agregados básicos (V0001);"Centroide = centro da bbox do setor; exposição proxy por centroide na mancha"
510340310430046;5103403;Cuiabá;Urbana;0.3798;600;324;-15.635357;-56.049597;2022;IBGE Censo 2022 — malha setores + agregados básicos (V0001);"Centroide = centro da bbox do setor; exposição proxy por centroide na mancha"
510340325000001;5103403;Cuiabá;Urbana;1.7995;486;226;-15.726968;-56.04624;2022;IBGE Censo 2022 — malha setores + agregados básicos (V0001);"Centroide = centro da bbox do setor; exposição proxy por centroide na mancha"
510340325000002;5103403;Cuiabá;Urbana;1.8976;540;249;-15.73423;-56.049608;2022;IBGE Censo 2022 — malha setores + agregados básicos (V0001);"Centroide = centro da bbox do setor; exposição proxy por centroide na mancha"
510340325000003;5103403;Cuiabá;Urbana;3.2358;424;271;-15.737604;-56.032175;2022;IBGE Censo 2022 — malha setores + agregados básicos (V0001);"Centroide = centro da bbox do setor; exposição proxy por centroide na mancha"
510340325000007;5103403;Cuiabá;Urbana;4.2339;212;164;-15.748731;-56.056055;2022;IBGE Censo 2022 — malha setores + agregados básicos (V0001);"Centroide = centro da bbox do setor; exposição proxy por centroide na mancha"
510340310430056;5103403;Cuiabá;Urbana;0.108;507;159;-15.631947;-56.007162;2022;IBGE Censo 2022 — malha setores + agregados básicos (V0001);"Centroide = centro da bbox do setor; exposição proxy por centroide na mancha"
510340310430238;5103403;Cuiabá;Urbana;0.9505;143;59;-15.627048;-56.003014;2022;IBGE Censo 2022 — malha setores + agregados básicos (V0001);"Centroide = centro da bbox do setor; exposição proxy por centroide na mancha"
510340310430067;5103403;Cuiabá;Urbana;0.1013;887;362;-15.629988;-56.010969;2022;IBGE Censo 2022 — malha setores + agregados básicos (V0001);"Centroide = centro da bbox do setor; exposição proxy por centroide na mancha"
510340310430162;5103403;Cuiabá;Urbana;0.0679;486;193;-15.629902;-56.007101;2022;IBGE Censo 2022 — malha setores + agregados básicos (V0001);"Centroide = centro da bbox do setor; exposição proxy por centroide na mancha"
510340310430217;5103403;Cuiabá;Urbana;0.1212;741;271;-15.629313;-55.987093;2022;IBGE Censo 2022 — malha setores + agregados básicos (V0001);"Centroide = centro da bbox do setor; exposição proxy por centroide na mancha"
510340310430055;5103403;Cuiabá;Urbana;0.0982;810;315;-15.628485;-56.009727;2022;IBGE Censo 2022 — malha setores + agregados básicos (V0001);"Centroide = centro da bbox do setor; exposição proxy por centroide na mancha"
510340310430216;5103403;Cuiabá;Urbana;0.1641;967;361;-15.627653;-55.99094;2022;IBGE Censo 2022 — malha setores + agregados básicos (V0001);"Centroide = centro da bbox do setor; exposição proxy por centroide na mancha"
510340310430054;5103403;Cuiabá;Urbana;0.1197;699;337;-15.626127;-56.010067;2022;IBGE Censo 2022 — malha setores + agregados básicos (V0001);"Centroide = centro da bbox do setor; exposição proxy por centroide na mancha"
510340310430215;5103403;Cuiabá;Urbana;0.1256;780;326;-15.626079;-55.993849;2022;IBGE Censo 2022 — malha setores + agregados básicos (V0001);"Centroide = centro da bbox do setor; exposição proxy por centroide na mancha"
510340310430213;5103403;Cuiabá;Urbana;0.1358;673;240;-15.623581;-55.990709;2022;IBGE Censo 2022 — malha setores + agregados básicos (V0001);"Centroide = centro da bbox do setor; exposição proxy por centroide na mancha"
510340310430214;5103403;Cuiabá;Urbana;0.0835;503;207;-15.624197;-55.987516;2022;IBGE Censo 2022 — malha setores + agregados básicos (V0001);"Centroide = centro da bbox do setor; exposição proxy por centroide na mancha"
510340310430237;5103403;Cuiabá;Urbana;0.3573;278;130;-15.621219;-56.004034;2022;IBGE Censo 2022 — malha setores + agregados básicos (V0001);"Centroide = centro da bbox do setor; exposição proxy por centroide na mancha"
510340310430224;5103403;Cuiabá;Urbana;0.2559;509;191;-15.6213;-55.987347;2022;IBGE Censo 2022 — malha setores + agregados básicos (V0001);"Centroide = centro da bbox do setor; exposição proxy por centroide na mancha"
510340310430132;5103403;Cuiabá;Urbana;0.1967;548;201;-15.621713;-55.993496;2022;IBGE Censo 2022 — malha setores + agregados básicos (V0001);"Centroide = centro da bbox do setor; exposição proxy por centroide na mancha"
510340310430073;5103403;Cuiabá;Urbana;0.0535;418;161;-15.621675;-55.996983;2022;IBGE Censo 2022 — malha setores + agregados básicos (V0001);"Centroide = centro da bbox do setor; exposição proxy por centroide na mancha"
510340310430071;5103403;Cuiabá;Urbana;0.2461;627;251;-15.616908;-55.987225;2022;IBGE Censo 2022 — malha setores + agregados básicos (V0001);"Centroide = centro da bbox do setor; exposição proxy por centroide na mancha"
510340310430131;5103403;Cuiabá;Urbana;0.1595;1048;358;-15.617285;-55.991646;2022;IBGE Censo 2022 — malha setores + agregados básicos (V0001);"Centroide = centro da bbox do setor; exposição proxy por centroide na mancha"
510340310430167;5103403;Cuiabá;Urbana;0.1113;890;349;-15.616254;-55.998758;2022;IBGE Censo 2022 — malha setores + agregados básicos (V0001);"Centroide = centro da bbox do setor; exposição proxy por centroide na mancha"
510340310430166;5103403;Cuiabá;Urbana;0.1375;1048;357;-15.616579;-56.001369;2022;IBGE Censo 2022 — malha setores + agregados básicos (V0001);"Centroide = centro da bbox do setor; exposição proxy por centroide na mancha"
510340310430075;5103403;Cuiabá;Urbana;0.058;490;193;-15.616575;-56.003536;2022;IBGE Censo 2022 — malha setores + agregados básicos (V0001);"Centroide = centro da bbox do setor; exposição proxy por centroide na mancha"
510340310430072;5103403;Cuiabá;Urbana;0.1003;974;363;-15.615333;-55.993439;2022;IBGE Censo 2022 — malha setores + agregados básicos (V0001);"Centroide = centro da bbox do setor; exposição proxy por centroide na mancha"
510340310430076;5103403;Cuiabá;Urbana;0.0867;692;284;-15.615396;-56.007395;2022;IBGE Censo 2022 — malha setores + agregados básicos (V0001);"Centroide = centro da bbox do setor; exposição proxy por centroide na mancha"
510340310430079;5103403;Cuiabá;Urbana;0.112;976;389;-15.614628;-55.995821;2022;IBGE Censo 2022 — malha setores + agregados básicos (V0001);"Centroide = centro da bbox do setor; exposição proxy por centroide na mancha"
510340310430074;5103403;Cuiabá;Urbana;0.0611;483;205;-15.615003;-55.998083;2022;IBGE Censo 2022 — malha setores + agregados básicos (V0001);"Centroide = centro da bbox do setor; exposição proxy por centroide na mancha"
510340310430197;5103403;Cuiabá;Urbana;0.3219;336;126;-15.612429;-55.984957;2022;IBGE Censo 2022 — malha setores + agregados básicos (V0001);"Centroide = centro da bbox do setor; exposição proxy por centroide na mancha"
510340310430077;5103403;Cuiabá;Urbana;0.1352;901;339;-15.613082;-56.00493;2022;IBGE Censo 2022 — malha setores + agregados básicos (V0001);"Centroide = centro da bbox do setor; exposição proxy por centroide na mancha"
510340310430078;5103403;Cuiabá;Urbana;0.0597;496;190;-15.612985;-56.000517;2022;IBGE Censo 2022 — malha setores + agregados básicos (V0001);"Centroide = centro da bbox do setor; exposição proxy por centroide na mancha"
510340310430133;5103403;Cuiabá;Urbana;0.0946;658;264;-15.6127;-55.992113;2022;IBGE Censo 2022 — malha setores + agregados básicos (V0001);"Centroide = centro da bbox do setor; exposição proxy por centroide na mancha"
510340310430080;5103403;Cuiabá;Urbana;0.083;667;253;-15.611811;-55.997721;2022;IBGE Censo 2022 — malha setores + agregados básicos (V0001);"Centroide = centro da bbox do setor; exposição proxy por centroide na mancha"
510340310430136;5103403;Cuiabá;Urbana;0.0608;628;239;-15.612375;-55.99999;2022;IBGE Censo 2022 — malha setores + agregados básicos (V0001);"Centroide = centro da bbox do setor; exposição proxy por centroide na mancha"
510340310430082;5103403;Cuiabá;Urbana;0.0606;542;191;-15.611178;-55.995169;2022;IBGE Censo 2022 — malha setores + agregados básicos (V0001);"Centroide = centro da bbox do setor; exposição proxy por centroide na mancha"
510340310430081;5103403;Cuiabá;Urbana;0.0745;692;259;-15.609743;-55.99564;2022;IBGE Censo 2022 — malha setores + agregados básicos (V0001);"Centroide = centro da bbox do setor; exposição proxy por centroide na mancha"
510340310430263;5103403;Cuiabá;Urbana;0.107;861;315;-15.619246;-55.99029;2022;IBGE Censo 2022 — malha setores + agregados básicos (V0001);"Centroide = centro da bbox do setor; exposição proxy por centroide na mancha"
510340310430307;5103403;Cuiabá;Urbana;0.0657;478;172;-15.61552;-56.005116;2022;IBGE Censo 2022 — malha setores + agregados básicos (V0001);"Centroide = centro da bbox do setor; exposição proxy por centroide na mancha"
510340310430308;5103403;Cuiabá;Urbana;0.0885;180;74;-15.61745;-56.003923;2022;IBGE Censo 2022 — malha setores + agregados básicos (V0001);"Centroide = centro da bbox do setor; exposição proxy por centroide na mancha"
510340310430309;5103403;Cuiabá;Urbana;0.2411;587;230;-15.622559;-55.998861;2022;IBGE Censo 2022 — malha setores + agregados básicos (V0001);"Centroide = centro da bbox do setor; exposição proxy por centroide na mancha"
510340310430310;5103403;Cuiabá;Urbana;0.055;154;59;-15.619921;-56.000849;2022;IBGE Censo 2022 — malha setores + agregados básicos (V0001);"Centroide = centro da bbox do setor; exposição proxy por centroide na mancha"
510340310430311;5103403;Cuiabá;Urbana;0.0968;730;283;-15.617786;-55.995609;2022;IBGE Censo 2022 — malha setores + agregados básicos (V0001);"Centroide = centro da bbox do setor; exposição proxy por centroide na mancha"
510340310430312;5103403;Cuiabá;Urbana;0.0985;547;209;-15.619688;-55.997431;2022;IBGE Censo 2022 — malha setores + agregados básicos (V0001);"Centroide = centro da bbox do setor; exposição proxy por centroide na mancha"
510340310430326;5103403;Cuiabá;Urbana;0.1308;608;253;-15.611047;-56.00317;2022;IBGE Censo 2022 — malha setores + agregados básicos (V0001);"Centroide = centro da bbox do setor; exposição proxy por centroide na mancha"
510340310430347;5103403;Cuiabá;Urbana;0.1737;883;326;-15.626471;-55.986908;2022;IBGE Censo 2022 — malha setores + agregados básicos (V0001);"Centroide = centro da bbox do setor; exposição proxy por centroide na mancha"
510340310430093;5103403;Cuiabá;Urbana;0.0921;789;336;-15.631945;-55.9555;2022;IBGE Censo 2022 — malha setores + agregados básicos (V0001);"Centroide = centro da bbox do setor; exposição proxy por centroide na mancha"
510340310000023;5103403;Cuiabá;Urbana;0.1329;325;162;-15.631986;-55.929916;2022;IBGE Censo 2022 — malha setores + agregados básicos (V0001);"Centroide = centro da bbox do setor; exposição proxy por centroide na mancha"
510340310430095;5103403;Cuiabá;Urbana;0.0668;480;185;-15.630944;-55.962105;2022;IBGE Censo 2022 — malha setores + agregados básicos (V0001);"Centroide = centro da bbox do setor; exposição proxy por centroide na mancha"
510340310430142;5103403;Cuiabá;Urbana;0.1192;729;271;-15.630645;-55.958967;2022;IBGE Censo 2022 — malha setores + agregados básicos (V0001);"Centroide = centro da bbox do setor; exposição proxy por centroide na mancha"
510340310000022;5103403;Cuiabá;Urbana;0.1712;468;205;-15.629818;-55.930107;2022;IBGE Censo 2022 — malha setores + agregados básicos (V0001);"Centroide = centro da bbox do setor; exposição proxy por centroide na mancha"
510340310430172;5103403;Cuiabá;Urbana;0.0804;476;171;-15.630291;-55.944269;2022;IBGE Censo 2022 — malha setores + agregados básicos (V0001);"Centroide = centro da bbox do setor; exposição proxy por centroide na mancha"
510340310430097;5103403;Cuiabá;Urbana;0.0929;913;340;-15.629734;-55.954588;2022;IBGE Censo 2022 — malha setores + agregados básicos (V0001);"Centroide = centro da bbox do setor; exposição proxy por centroide na mancha"
510340310430271;5103403;Cuiabá;Urbana;0.1083;585;218;-15.628368;-55.961935;2022;IBGE Censo 2022 — malha setores + agregados básicos (V0001);"Centroide = centro da bbox do setor; exposição proxy por centroide na mancha"
510340310430173;5103403;Cuiabá;Urbana;0.0665;671;237;-15.628735;-55.957205;2022;IBGE Censo 2022 — malha setores + agregados básicos (V0001);"Centroide = centro da bbox do setor; exposição proxy por centroide na mancha"
510340310430270;5103403;Cuiabá;Urbana;0.0964;767;259;-15.627671;-55.964031;2022;IBGE Censo 2022 — malha setores + agregados básicos (V0001);"Centroide = centro da bbox do setor; exposição proxy por centroide na mancha"
510340310430170;5103403;Cuiabá;Urbana;0.0842;490;174;-15.627498;-55.953352;2022;IBGE Censo 2022 — malha setores + agregados básicos (V0001);"Centroide = centro da bbox do setor; exposição proxy por centroide na mancha"
510340310430096;5103403;Cuiabá;Urbana;0.052;427;166;-15.628092;-55.959339;2022;IBGE Censo 2022 — malha setores + agregados básicos (V0001);"Centroide = centro da bbox do setor; exposição proxy por centroide na mancha"
510340310430086;5103403;Cuiabá;Urbana;0.1202;1029;381;-15.626112;-55.956839;2022;IBGE Censo 2022 — malha setores + agregados básicos (V0001);"Centroide = centro da bbox do setor; exposição proxy por centroide na mancha"
510340310430085;5103403;Cuiabá;Urbana;0.1148;922;363;-15.623421;-55.955065;2022;IBGE Censo 2022 — malha setores + agregados básicos (V0001);"Centroide = centro da bbox do setor; exposição proxy por centroide na mancha"
510340310430274;5103403;Cuiabá;Urbana;0.0632;584;219;-15.614574;-55.977921;2022;IBGE Censo 2022 — malha setores + agregados básicos (V0001);"Centroide = centro da bbox do setor; exposição proxy por centroide na mancha"
510340310430275;5103403;Cuiabá;Urbana;0.0865;555;204;-15.61354;-55.976219;2022;IBGE Censo 2022 — malha setores + agregados básicos (V0001);"Centroide = centro da bbox do setor; exposição proxy por centroide na mancha"
510340310430277;5103403;Cuiabá;Urbana;0.1044;655;231;-15.611071;-55.977253;2022;IBGE Censo 2022 — malha setores + agregados básicos (V0001);"Centroide = centro da bbox do setor; exposição proxy por centroide na mancha"
510340310430289;5103403;Cuiabá;Urbana;0.0874;876;285;-15.628868;-55.949135;2022;IBGE Censo 2022 — malha setores + agregados básicos (V0001);"Centroide = centro da bbox do setor; exposição proxy por centroide na mancha"
510340310430290;5103403;Cuiabá;Urbana;0.1174;354;125;-15.63013;-55.946106;2022;IBGE Censo 2022 — malha setores + agregados básicos (V0001);"Centroide = centro da bbox do setor; exposição proxy por centroide na mancha"
510340310430291;5103403;Cuiabá;Urbana;0.2498;772;314;-15.625527;-55.95084;2022;IBGE Censo 2022 — malha setores + agregados básicos (V0001);"Centroide = centro da bbox do setor; exposição proxy por centroide na mancha"
510340310430292;5103403;Cuiabá;Urbana;0.3119;153;66;-15.626453;-55.946068;2022;IBGE Censo 2022 — malha setores + agregados básicos (V0001);"Centroide = centro da bbox do setor; exposição proxy por centroide na mancha"
510340310430319;5103403;Cuiabá;Urbana;0.1798;630;241;-15.619318;-55.952724;2022;IBGE Censo 2022 — malha setores + agregados básicos (V0001);"Centroide = centro da bbox do setor; exposição proxy por centroide na mancha"
510340310430320;5103403;Cuiabá;Urbana;0.164;763;280;-15.622231;-55.951483;2022;IBGE Censo 2022 — malha setores + agregados básicos (V0001);"Centroide = centro da bbox do setor; exposição proxy por centroide na mancha"
510300705000013;5103007;Chapada dos Guimarães;Rural;230.4762;68;82;-15.207821;-55.522341;2022;IBGE Censo 2022 — malha setores + agregados básicos (V0001);"Centroide = centro da bbox do setor; exposição proxy por centroide na mancha"
510300720000006;5103007;Chapada dos Guimarães;Rural;186.3329;115;98;-15.171929;-55.435087;2022;IBGE Censo 2022 — malha setores + agregados básicos (V0001);"Centroide = centro da bbox do setor; exposição proxy por centroide na mancha"
510770120000003;5107701;Rosário Oeste;Rural;241.3737;27;20;-14.599113;-55.764975;2022;IBGE Censo 2022 — malha setores + agregados básicos (V0001);"Centroide = centro da bbox do setor; exposição proxy por centroide na mancha"
510770120000002;5107701;Rosário Oeste;Rural;271.9688;109;67;-14.625309;-55.551907;2022;IBGE Censo 2022 — malha setores + agregados básicos (V0001);"Centroide = centro da bbox do setor; exposição proxy por centroide na mancha"
510770120000010;5107701;Rosário Oeste;Urbana;0.413;118;88;-14.664894;-55.691483;2022;IBGE Censo 2022 — malha setores + agregados básicos (V0001);"Centroide = centro da bbox do setor; exposição proxy por centroide na mancha"
510590307000006;5105903;Nobres;Rural;60.3523;46;58;-14.566526;-56.006441;2022;IBGE Censo 2022 — malha setores + agregados básicos (V0001);"Centroide = centro da bbox do setor; exposição proxy por centroide na mancha"
510590307000010;5105903;Nobres;Rural;67.965;70;72;-14.522528;-56.018362;2022;IBGE Censo 2022 — malha setores + agregados básicos (V0001);"Centroide = centro da bbox do setor; exposição proxy por centroide na mancha"
510590306000008;5105903;Nobres;Rural;189.0158;285;124;-14.507758;-55.855526;2022;IBGE Censo 2022 — malha setores + agregados básicos (V0001);"Centroide = centro da bbox do setor; exposição proxy por centroide na mancha"
510770120000011;5107701;Rosário Oeste;Rural;468.8212;75;60;-14.49612;-55.52898;2022;IBGE Censo 2022 — malha setores + agregados básicos (V0001);"Centroide = centro da bbox do setor; exposição proxy por centroide na mancha"
510590307000001;5105903;Nobres;Urbana;0.9537;490;222;-14.540378;-55.974689;2022;IBGE Censo 2022 — malha setores + agregados básicos (V0001);"Centroide = centro da bbox do setor; exposição proxy por centroide na mancha"
510590307000005;5105903;Nobres;Rural;115.4874;187;131;-14.461702;-55.936693;2022;IBGE Censo 2022 — malha setores + agregados básicos (V0001);"Centroide = centro da bbox do setor; exposição proxy por centroide na mancha"
510590306000007;5105903;Nobres;Rural;174.1608;16;13;-14.419037;-55.678507;2022;IBGE Censo 2022 — malha setores + agregados básicos (V0001);"Centroide = centro da bbox do setor; exposição proxy por centroide na mancha"
510590307000003;5105903;Nobres;Rural;62.5533;59;37;-14.423715;-55.861938;2022;IBGE Censo 2022 — malha setores + agregados básicos (V0001);"Centroide = centro da bbox do setor; exposição proxy por centroide na mancha"
510590306000006;5105903;Nobres;Rural;447.8497;14;17;-14.326054;-55.486284;2022;IBGE Censo 2022 — malha setores + agregados básicos (V0001);"Centroide = centro da bbox do setor; exposição proxy por centroide na mancha"
510590306000009;5105903;Nobres;Rural;88.6663;0;0;-14.30058;-55.361597;2022;IBGE Censo 2022 — malha setores + agregados básicos (V0001);"Centroide = centro da bbox do setor; exposição proxy por centroide na mancha"
510590306000010;5105903;Nobres;Rural;0.785;147;43;-14.231201;-55.477673;2022;IBGE Censo 2022 — malha setores + agregados básicos (V0001);"Centroide = centro da bbox do setor; exposição proxy por centroide na mancha"
510770120000015;5107701;Rosário Oeste;Rural;290.8324;147;114;-14.729719;-55.741371;2022;IBGE Censo 2022 — malha setores + agregados básicos (V0001);"Centroide = centro da bbox do setor; exposição proxy por centroide na mancha"
510770120000016;5107701;Rosário Oeste;Rural;218.063;155;178;-14.732145;-55.938831;2022;IBGE Censo 2022 — malha setores + agregados básicos (V0001);"Centroide = centro da bbox do setor; exposição proxy por centroide na mancha"
510300720000011;5103007;Chapada dos Guimarães;Rural;100.4916;65;50;-15.415657;-55.36808;2022;IBGE Censo 2022 — malha setores + agregados básicos (V0001);"Centroide = centro da bbox do setor; exposição proxy por centroide na mancha"
510300705000024;5103007;Chapada dos Guimarães;Urbana;0.6855;782;576;-15.468493;-55.740278;2022;IBGE Censo 2022 — malha setores + agregados básicos (V0001);"Centroide = centro da bbox do setor; exposição proxy por centroide na mancha"
510300705000028;5103007;Chapada dos Guimarães;Urbana;0.3641;289;244;-15.470257;-55.752863;2022;IBGE Censo 2022 — malha setores + agregados básicos (V0001);"Centroide = centro da bbox do setor; exposição proxy por centroide na mancha"
510300705000048;5103007;Chapada dos Guimarães;Urbana;0.2394;494;177;-15.470765;-55.730087;2022;IBGE Censo 2022 — malha setores + agregados básicos (V0001);"Centroide = centro da bbox do setor; exposição proxy por centroide na mancha"
510300705000027;5103007;Chapada dos Guimarães;Urbana;0.3271;514;353;-15.468463;-55.755856;2022;IBGE Censo 2022 — malha setores + agregados básicos (V0001);"Centroide = centro da bbox do setor; exposição proxy por centroide na mancha"
510300705000011;5103007;Chapada dos Guimarães;Urbana;0.1038;710;280;-15.469749;-55.732479;2022;IBGE Censo 2022 — malha setores + agregados básicos (V0001);"Centroide = centro da bbox do setor; exposição proxy por centroide na mancha"
510300705000049;5103007;Chapada dos Guimarães;Urbana;0.1345;766;323;-15.470037;-55.735121;2022;IBGE Censo 2022 — malha setores + agregados básicos (V0001);"Centroide = centro da bbox do setor; exposição proxy por centroide na mancha"
510300705000005;5103007;Chapada dos Guimarães;Urbana;0.4676;362;334;-15.464743;-55.757412;2022;IBGE Censo 2022 — malha setores + agregados básicos (V0001);"Centroide = centro da bbox do setor; exposição proxy por centroide na mancha"
510300705000002;5103007;Chapada dos Guimarães;Urbana;0.199;440;219;-15.466053;-55.737091;2022;IBGE Censo 2022 — malha setores + agregados básicos (V0001);"Centroide = centro da bbox do setor; exposição proxy por centroide na mancha"
510300705000004;5103007;Chapada dos Guimarães;Urbana;0.2839;262;173;-15.464161;-55.751146;2022;IBGE Censo 2022 — malha setores + agregados básicos (V0001);"Centroide = centro da bbox do setor; exposição proxy por centroide na mancha"
510300705000010;5103007;Chapada dos Guimarães;Urbana;0.3911;504;286;-15.461385;-55.73789;2022;IBGE Censo 2022 — malha setores + agregados básicos (V0001);"Centroide = centro da bbox do setor; exposição proxy por centroide na mancha"
510300705000022;5103007;Chapada dos Guimarães;Urbana;0.1665;347;187;-15.462029;-55.740299;2022;IBGE Censo 2022 — malha setores + agregados básicos (V0001);"Centroide = centro da bbox do setor; exposição proxy por centroide na mancha"
510300705000001;5103007;Chapada dos Guimarães;Urbana;0.1535;214;143;-15.460493;-55.744841;2022;IBGE Censo 2022 — malha setores + agregados básicos (V0001);"Centroide = centro da bbox do setor; exposição proxy por centroide na mancha"
510300705000026;5103007;Chapada dos Guimarães;Urbana;0.173;117;103;-15.460348;-55.749634;2022;IBGE Censo 2022 — malha setores + agregados básicos (V0001);"Centroide = centro da bbox do setor; exposição proxy por centroide na mancha"
510300705000006;5103007;Chapada dos Guimarães;Urbana;0.232;100;152;-15.458155;-55.754786;2022;IBGE Censo 2022 — malha setores + agregados básicos (V0001);"Centroide = centro da bbox do setor; exposição proxy por centroide na mancha"
510300705000029;5103007;Chapada dos Guimarães;Urbana;0.3267;204;168;-15.454098;-55.748451;2022;IBGE Censo 2022 — malha setores + agregados básicos (V0001);"Centroide = centro da bbox do setor; exposição proxy por centroide na mancha"
510300705000008;5103007;Chapada dos Guimarães;Urbana;0.1747;175;147;-15.452556;-55.74526;2022;IBGE Censo 2022 — malha setores + agregados básicos (V0001);"Centroide = centro da bbox do setor; exposição proxy por centroide na mancha"
510300705000030;5103007;Chapada dos Guimarães;Urbana;0.1992;443;289;-15.448562;-55.741695;2022;IBGE Censo 2022 — malha setores + agregados básicos (V0001);"Centroide = centro da bbox do setor; exposição proxy por centroide na mancha"
510770105000030;5107701;Rosário Oeste;Rural;81.0007;218;220;-15.023708;-56.413702;2022;IBGE Censo 2022 — malha setores + agregados básicos (V0001);"Centroide = centro da bbox do setor; exposição proxy por centroide na mancha"
510770110000001;5107701;Rosário Oeste;Rural;122.1226;148;103;-14.95266;-56.294041;2022;IBGE Censo 2022 — malha setores + agregados básicos (V0001);"Centroide = centro da bbox do setor; exposição proxy por centroide na mancha"
510770105000029;5107701;Rosário Oeste;Rural;86.1957;377;302;-14.98084;-56.387749;2022;IBGE Censo 2022 — malha setores + agregados básicos (V0001);"Centroide = centro da bbox do setor; exposição proxy por centroide na mancha"
510770105000016;5107701;Rosário Oeste;Rural;160.343;368;233;-14.881454;-56.335382;2022;IBGE Censo 2022 — malha setores + agregados básicos (V0001);"Centroide = centro da bbox do setor; exposição proxy por centroide na mancha"
510770105000034;5107701;Rosário Oeste;Rural;56.3707;172;112;-14.891438;-56.426054;2022;IBGE Censo 2022 — malha setores + agregados básicos (V0001);"Centroide = centro da bbox do setor; exposição proxy por centroide na mancha"
510770105000020;5107701;Rosário Oeste;Rural;8.652;26;20;-14.844427;-56.404041;2022;IBGE Censo 2022 — malha setores + agregados básicos (V0001);"Centroide = centro da bbox do setor; exposição proxy por centroide na mancha"
510770105000022;5107701;Rosário Oeste;Rural;1.3056;45;18;-14.849663;-56.440826;2022;IBGE Censo 2022 — malha setores + agregados básicos (V0001);"Centroide = centro da bbox do setor; exposição proxy por centroide na mancha"
510770105000009;5107701;Rosário Oeste;Urbana;0.3815;759;282;-14.84286;-56.441299;2022;IBGE Censo 2022 — malha setores + agregados básicos (V0001);"Centroide = centro da bbox do setor; exposição proxy por centroide na mancha"
510770105000011;5107701;Rosário Oeste;Urbana;0.5666;690;234;-14.841745;-56.432962;2022;IBGE Censo 2022 — malha setores + agregados básicos (V0001);"Centroide = centro da bbox do setor; exposição proxy por centroide na mancha"
510770105000019;5107701;Rosário Oeste;Urbana;0.4629;891;318;-14.842175;-56.446562;2022;IBGE Censo 2022 — malha setores + agregados básicos (V0001);"Centroide = centro da bbox do setor; exposição proxy por centroide na mancha"
510770105000026;5107701;Rosário Oeste;Urbana;1.145;123;76;-14.836535;-56.422251;2022;IBGE Censo 2022 — malha setores + agregados básicos (V0001);"Centroide = centro da bbox do setor; exposição proxy por centroide na mancha"
510770105000012;5107701;Rosário Oeste;Urbana;1.0625;236;82;-14.836741;-56.445913;2022;IBGE Censo 2022 — malha setores + agregados básicos (V0001);"Centroide = centro da bbox do setor; exposição proxy por centroide na mancha"
510770105000007;5107701;Rosário Oeste;Urbana;0.3583;411;220;-14.836967;-56.43037;2022;IBGE Censo 2022 — malha setores + agregados básicos (V0001);"Centroide = centro da bbox do setor; exposição proxy por centroide na mancha"
510770105000008;5107701;Rosário Oeste;Urbana;0.3044;517;208;-14.838089;-56.434549;2022;IBGE Censo 2022 — malha setores + agregados básicos (V0001);"Centroide = centro da bbox do setor; exposição proxy por centroide na mancha"
510770105000021;5107701;Rosário Oeste;Urbana;0.5529;43;18;-14.83599;-56.440948;2022;IBGE Censo 2022 — malha setores + agregados básicos (V0001);"Centroide = centro da bbox do setor; exposição proxy por centroide na mancha"
510770105000010;5107701;Rosário Oeste;Urbana;0.1196;166;86;-14.832954;-56.427916;2022;IBGE Censo 2022 — malha setores + agregados básicos (V0001);"Centroide = centro da bbox do setor; exposição proxy por centroide na mancha"
510770105000023;5107701;Rosário Oeste;Urbana;0.4304;16;13;-14.830016;-56.435648;2022;IBGE Censo 2022 — malha setores + agregados básicos (V0001);"Centroide = centro da bbox do setor; exposição proxy por centroide na mancha"
510770105000006;5107701;Rosário Oeste;Urbana;0.2878;565;244;-14.830028;-56.425308;2022;IBGE Censo 2022 — malha setores + agregados básicos (V0001);"Centroide = centro da bbox do setor; exposição proxy por centroide na mancha"
510770105000014;5107701;Rosário Oeste;Rural;1.9042;17;19;-14.819597;-56.412718;2022;IBGE Censo 2022 — malha setores + agregados básicos (V0001);"Centroide = centro da bbox do setor; exposição proxy por centroide na mancha"
510770105000001;5107701;Rosário Oeste;Urbana;0.4796;651;275;-14.826718;-56.428511;2022;IBGE Censo 2022 — malha setores + agregados básicos (V0001);"Centroide = centro da bbox do setor; exposição proxy por centroide na mancha"
510770105000013;5107701;Rosário Oeste;Urbana;0.5595;524;205;-14.824054;-56.430321;2022;IBGE Censo 2022 — malha setores + agregados básicos (V0001);"Centroide = centro da bbox do setor; exposição proxy por centroide na mancha"
510770105000024;5107701;Rosário Oeste;Urbana;0.0974;204;94;-14.827134;-56.422646;2022;IBGE Censo 2022 — malha setores + agregados básicos (V0001);"Centroide = centro da bbox do setor; exposição proxy por centroide na mancha"
510770105000005;5107701;Rosário Oeste;Urbana;0.3585;824;340;-14.822587;-56.420475;2022;IBGE Censo 2022 — malha setores + agregados básicos (V0001);"Centroide = centro da bbox do setor; exposição proxy por centroide na mancha"
510770105000002;5107701;Rosário Oeste;Urbana;0.2627;772;294;-14.823638;-56.425161;2022;IBGE Censo 2022 — malha setores + agregados básicos (V0001);"Centroide = centro da bbox do setor; exposição proxy por centroide na mancha"
510770105000003;5107701;Rosário Oeste;Urbana;0.2099;987;337;-14.819969;-56.426853;2022;IBGE Censo 2022 — malha setores + agregados básicos (V0001);"Centroide = centro da bbox do setor; exposição proxy por centroide na mancha"
510770105000004;5107701;Rosário Oeste;Urbana;0.4027;520;186;-14.815387;-56.420191;2022;IBGE Censo 2022 — malha setores + agregados básicos (V0001);"Centroide = centro da bbox do setor; exposição proxy por centroide na mancha"
510770105000028;5107701;Rosário Oeste;Urbana;1.5081;124;60;-14.812581;-56.421621;2022;IBGE Censo 2022 — malha setores + agregados básicos (V0001);"Centroide = centro da bbox do setor; exposição proxy por centroide na mancha"
510770105000025;5107701;Rosário Oeste;Urbana;0.6173;233;91;-14.814238;-56.415386;2022;IBGE Censo 2022 — malha setores + agregados básicos (V0001);"Centroide = centro da bbox do setor; exposição proxy por centroide na mancha"
510770105000027;5107701;Rosário Oeste;Urbana;0.0238;71;28;-14.807145;-56.413088;2022;IBGE Censo 2022 — malha setores + agregados básicos (V0001);"Centroide = centro da bbox do setor; exposição proxy por centroide na mancha"
510770110000002;5107701;Rosário Oeste;Rural;310.937;426;287;-14.95803;-56.092449;2022;IBGE Censo 2022 — malha setores + agregados básicos (V0001);"Centroide = centro da bbox do setor; exposição proxy por centroide na mancha"
510770110000003;5107701;Rosário Oeste;Rural;240.7355;421;212;-14.851599;-56.130966;2022;IBGE Censo 2022 — malha setores + agregados básicos (V0001);"Centroide = centro da bbox do setor; exposição proxy por centroide na mancha"
510770105000032;5107701;Rosário Oeste;Rural;91.7529;174;163;-14.804024;-56.281071;2022;IBGE Censo 2022 — malha setores + agregados básicos (V0001);"Centroide = centro da bbox do setor; exposição proxy por centroide na mancha"
510770105000031;5107701;Rosário Oeste;Rural;96.483;193;140;-14.755302;-56.199663;2022;IBGE Censo 2022 — malha setores + agregados básicos (V0001);"Centroide = centro da bbox do setor; exposição proxy por centroide na mancha"
510590305000015;5105903;Nobres;Rural;66.748;129;125;-14.686579;-56.242086;2022;IBGE Censo 2022 — malha setores + agregados básicos (V0001);"Centroide = centro da bbox do setor; exposição proxy por centroide na mancha"
510590305000010;5105903;Nobres;Urbana;3.5033;135;63;-14.718555;-56.316254;2022;IBGE Censo 2022 — malha setores + agregados básicos (V0001);"Centroide = centro da bbox do setor; exposição proxy por centroide na mancha"
510590305000007;5105903;Nobres;Rural;2.3812;21;12;-14.728914;-56.327723;2022;IBGE Censo 2022 — malha setores + agregados básicos (V0001);"Centroide = centro da bbox do setor; exposição proxy por centroide na mancha"
510590305000035;5105903;Nobres;Urbana;0.1393;244;123;-14.72982;-56.342655;2022;IBGE Censo 2022 — malha setores + agregados básicos (V0001);"Centroide = centro da bbox do setor; exposição proxy por centroide na mancha"
510590305000022;5105903;Nobres;Urbana;0.1516;473;201;-14.729456;-56.335852;2022;IBGE Censo 2022 — malha setores + agregados básicos (V0001);"Centroide = centro da bbox do setor; exposição proxy por centroide na mancha"
510590305000023;5105903;Nobres;Urbana;0.1845;545;216;-14.726864;-56.341442;2022;IBGE Censo 2022 — malha setores + agregados básicos (V0001);"Centroide = centro da bbox do setor; exposição proxy por centroide na mancha"
510590305000021;5105903;Nobres;Urbana;0.0604;242;85;-14.728179;-56.335249;2022;IBGE Censo 2022 — malha setores + agregados básicos (V0001);"Centroide = centro da bbox do setor; exposição proxy por centroide na mancha"
510590305000019;5105903;Nobres;Urbana;0.1346;279;107;-14.726476;-56.325294;2022;IBGE Censo 2022 — malha setores + agregados básicos (V0001);"Centroide = centro da bbox do setor; exposição proxy por centroide na mancha"
510590305000012;5105903;Nobres;Urbana;0.193;574;212;-14.726781;-56.340149;2022;IBGE Censo 2022 — malha setores + agregados básicos (V0001);"Centroide = centro da bbox do setor; exposição proxy por centroide na mancha"
510590305000020;5105903;Nobres;Urbana;0.2039;502;218;-14.727008;-56.332602;2022;IBGE Censo 2022 — malha setores + agregados básicos (V0001);"Centroide = centro da bbox do setor; exposição proxy por centroide na mancha"
510590305000006;5105903;Nobres;Urbana;0.1833;741;304;-14.726517;-56.329266;2022;IBGE Censo 2022 — malha setores + agregados básicos (V0001);"Centroide = centro da bbox do setor; exposição proxy por centroide na mancha"
510590305000034;5105903;Nobres;Urbana;0.1735;856;267;-14.723436;-56.314768;2022;IBGE Censo 2022 — malha setores + agregados básicos (V0001);"Centroide = centro da bbox do setor; exposição proxy por centroide na mancha"
510590305000032;5105903;Nobres;Urbana;0.1403;308;116;-14.723521;-56.31255;2022;IBGE Censo 2022 — malha setores + agregados básicos (V0001);"Centroide = centro da bbox do setor; exposição proxy por centroide na mancha"
510590305000029;5105903;Nobres;Urbana;0.1605;157;62;-14.722747;-56.324499;2022;IBGE Censo 2022 — malha setores + agregados básicos (V0001);"Centroide = centro da bbox do setor; exposição proxy por centroide na mancha"
510590305000016;5105903;Nobres;Rural;251.3755;118;86;-14.607914;-56.195608;2022;IBGE Censo 2022 — malha setores + agregados básicos (V0001);"Centroide = centro da bbox do setor; exposição proxy por centroide na mancha"
510590305000013;5105903;Nobres;Urbana;0.3482;767;335;-14.720349;-56.309168;2022;IBGE Censo 2022 — malha setores + agregados básicos (V0001);"Centroide = centro da bbox do setor; exposição proxy por centroide na mancha"
510590305000005;5105903;Nobres;Urbana;0.1966;122;63;-14.719819;-56.326035;2022;IBGE Censo 2022 — malha setores + agregados básicos (V0001);"Centroide = centro da bbox do setor; exposição proxy por centroide na mancha"
510590305000031;5105903;Nobres;Urbana;0.2349;474;193;-14.717509;-56.317797;2022;IBGE Censo 2022 — malha setores + agregados básicos (V0001);"Centroide = centro da bbox do setor; exposição proxy por centroide na mancha"
510590305000030;5105903;Nobres;Urbana;0.0639;447;164;-14.718615;-56.316822;2022;IBGE Censo 2022 — malha setores + agregados básicos (V0001);"Centroide = centro da bbox do setor; exposição proxy por centroide na mancha"
510770120000006;5107701;Rosário Oeste;Rural;74.5649;275;154;-14.751675;-56.159645;2022;IBGE Censo 2022 — malha setores + agregados básicos (V0001);"Centroide = centro da bbox do setor; exposição proxy por centroide na mancha"
510770120000008;5107701;Rosário Oeste;Rural;99.9398;289;235;-14.711648;-56.138445;2022;IBGE Censo 2022 — malha setores + agregados básicos (V0001);"Centroide = centro da bbox do setor; exposição proxy por centroide na mancha"
510340305000015;5103403;Cuiabá;Rural;42.3856;421;253;-15.493419;-56.08428;2022;IBGE Censo 2022 — malha setores + agregados básicos (V0001);"Centroide = centro da bbox do setor; exposição proxy por centroide na mancha"
510340305410214;5103403;Cuiabá;Urbana;2.8898;74;25;-15.543913;-56.108217;2022;IBGE Censo 2022 — malha setores + agregados básicos (V0001);"Centroide = centro da bbox do setor; exposição proxy por centroide na mancha"
510340305410057;5103403;Cuiabá;Urbana;0.1066;919;322;-15.563863;-56.117476;2022;IBGE Censo 2022 — malha setores + agregados básicos (V0001);"Centroide = centro da bbox do setor; exposição proxy por centroide na mancha"
510340305410138;5103403;Cuiabá;Urbana;0.0797;752;261;-15.563451;-56.114851;2022;IBGE Censo 2022 — malha setores + agregados básicos (V0001);"Centroide = centro da bbox do setor; exposição proxy por centroide na mancha"
510340305410262;5103403;Cuiabá;Urbana;0.4487;720;401;-15.533326;-56.110889;2022;IBGE Censo 2022 — malha setores + agregados básicos (V0001);"Centroide = centro da bbox do setor; exposição proxy por centroide na mancha"
510340305410235;5103403;Cuiabá;Urbana;0.2667;358;145;-15.557123;-56.112057;2022;IBGE Censo 2022 — malha setores + agregados básicos (V0001);"Centroide = centro da bbox do setor; exposição proxy por centroide na mancha"
510340305410206;5103403;Cuiabá;Rural;1.4509;0;0;-15.531184;-56.105703;2022;IBGE Censo 2022 — malha setores + agregados básicos (V0001);"Centroide = centro da bbox do setor; exposição proxy por centroide na mancha"
510340305410234;5103403;Cuiabá;Urbana;0.2043;386;144;-15.555181;-56.107208;2022;IBGE Censo 2022 — malha setores + agregados básicos (V0001);"Centroide = centro da bbox do setor; exposição proxy por centroide na mancha"
510340305410261;5103403;Cuiabá;Urbana;0.4579;60;17;-15.539985;-56.106615;2022;IBGE Censo 2022 — malha setores + agregados básicos (V0001);"Centroide = centro da bbox do setor; exposição proxy por centroide na mancha"
510340305410241;5103403;Cuiabá;Urbana;0.2243;1573;723;-15.557312;-56.104792;2022;IBGE Censo 2022 — malha setores + agregados básicos (V0001);"Centroide = centro da bbox do setor; exposição proxy por centroide na mancha"
510340305410194;5103403;Cuiabá;Urbana;0.4081;574;255;-15.555145;-56.10088;2022;IBGE Censo 2022 — malha setores + agregados básicos (V0001);"Centroide = centro da bbox do setor; exposição proxy por centroide na mancha"
510340305410139;5103403;Cuiabá;Urbana;0.1858;1195;414;-15.555665;-56.101313;2022;IBGE Censo 2022 — malha setores + agregados básicos (V0001);"Centroide = centro da bbox do setor; exposição proxy por centroide na mancha"
510340305410205;5103403;Cuiabá;Urbana;0.427;690;273;-15.538635;-56.098827;2022;IBGE Censo 2022 — malha setores + agregados básicos (V0001);"Centroide = centro da bbox do setor; exposição proxy por centroide na mancha"
510340305410186;5103403;Cuiabá;Urbana;0.5861;1116;349;-15.542685;-56.095081;2022;IBGE Censo 2022 — malha setores + agregados básicos (V0001);"Centroide = centro da bbox do setor; exposição proxy por centroide na mancha"
510340305410204;5103403;Cuiabá;Urbana;0.3031;789;284;-15.548117;-56.095884;2022;IBGE Censo 2022 — malha setores + agregados básicos (V0001);"Centroide = centro da bbox do setor; exposição proxy por centroide na mancha"
510340305410187;5103403;Cuiabá;Urbana;0.2288;45;28;-15.5588;-56.095976;2022;IBGE Censo 2022 — malha setores + agregados básicos (V0001);"Centroide = centro da bbox do setor; exposição proxy por centroide na mancha"
510340305410203;5103403;Cuiabá;Urbana;2.0768;45;27;-15.54436;-56.085466;2022;IBGE Censo 2022 — malha setores + agregados básicos (V0001);"Centroide = centro da bbox do setor; exposição proxy por centroide na mancha"
510340305410201;5103403;Cuiabá;Urbana;0.7572;863;268;-15.537645;-56.090605;2022;IBGE Censo 2022 — malha setores + agregados básicos (V0001);"Centroide = centro da bbox do setor; exposição proxy por centroide na mancha"
510340305410166;5103403;Cuiabá;Urbana;0.1371;380;139;-15.561852;-56.094358;2022;IBGE Censo 2022 — malha setores + agregados básicos (V0001);"Centroide = centro da bbox do setor; exposição proxy por centroide na mancha"
510340305410236;5103403;Cuiabá;Urbana;0.1443;854;331;-15.557846;-56.091007;2022;IBGE Censo 2022 — malha setores + agregados básicos (V0001);"Centroide = centro da bbox do setor; exposição proxy por centroide na mancha"
510340305410237;5103403;Cuiabá;Urbana;0.1746;786;398;-15.558783;-56.088932;2022;IBGE Censo 2022 — malha setores + agregados básicos (V0001);"Centroide = centro da bbox do setor; exposição proxy por centroide na mancha"
510340305400055;5103403;Cuiabá;Urbana;0.1648;331;173;-15.561176;-56.086199;2022;IBGE Censo 2022 — malha setores + agregados básicos (V0001);"Centroide = centro da bbox do setor; exposição proxy por centroide na mancha"
510340305410202;5103403;Cuiabá;Urbana;0.6065;1061;351;-15.536604;-56.082853;2022;IBGE Censo 2022 — malha setores + agregados básicos (V0001);"Centroide = centro da bbox do setor; exposição proxy por centroide na mancha"
510340305410197;5103403;Cuiabá;Urbana;0.1236;1198;498;-15.546173;-56.084473;2022;IBGE Censo 2022 — malha setores + agregados básicos (V0001);"Centroide = centro da bbox do setor; exposição proxy por centroide na mancha"
510340305400069;5103403;Cuiabá;Urbana;0.1217;344;144;-15.555369;-56.08375;2022;IBGE Censo 2022 — malha setores + agregados básicos (V0001);"Centroide = centro da bbox do setor; exposição proxy por centroide na mancha"
510340305400054;5103403;Cuiabá;Urbana;0.1503;380;164;-15.559483;-56.084557;2022;IBGE Censo 2022 — malha setores + agregados básicos (V0001);"Centroide = centro da bbox do setor; exposição proxy por centroide na mancha"
510340305400014;5103403;Cuiabá;Urbana;0.0549;304;194;-15.564651;-56.084379;2022;IBGE Censo 2022 — malha setores + agregados básicos (V0001);"Centroide = centro da bbox do setor; exposição proxy por centroide na mancha"
510340305410198;5103403;Cuiabá;Urbana;0.1048;1036;472;-15.544963;-56.083599;2022;IBGE Censo 2022 — malha setores + agregados básicos (V0001);"Centroide = centro da bbox do setor; exposição proxy por centroide na mancha"
510340305410252;5103403;Cuiabá;Urbana;0.097;497;200;-15.54235;-56.083523;2022;IBGE Censo 2022 — malha setores + agregados básicos (V0001);"Centroide = centro da bbox do setor; exposição proxy por centroide na mancha"
510340305400007;5103403;Cuiabá;Urbana;0.0422;477;290;-15.563436;-56.084055;2022;IBGE Censo 2022 — malha setores + agregados básicos (V0001);"Centroide = centro da bbox do setor; exposição proxy por centroide na mancha"
510340305400068;5103403;Cuiabá;Urbana;0.1009;625;260;-15.551307;-56.082901;2022;IBGE Censo 2022 — malha setores + agregados básicos (V0001);"Centroide = centro da bbox do setor; exposição proxy por centroide na mancha"
510340305400008;5103403;Cuiabá;Urbana;0.0141;172;112;-15.56134;-56.083282;2022;IBGE Censo 2022 — malha setores + agregados básicos (V0001);"Centroide = centro da bbox do setor; exposição proxy por centroide na mancha"
510340305400053;5103403;Cuiabá;Urbana;0.0224;275;172;-15.560483;-56.082796;2022;IBGE Censo 2022 — malha setores + agregados básicos (V0001);"Centroide = centro da bbox do setor; exposição proxy por centroide na mancha"
510340305400011;5103403;Cuiabá;Urbana;0.0383;448;275;-15.560207;-56.082108;2022;IBGE Censo 2022 — malha setores + agregados básicos (V0001);"Centroide = centro da bbox do setor; exposição proxy por centroide na mancha"
510340305400042;5103403;Cuiabá;Urbana;0.0616;627;245;-15.551362;-56.081556;2022;IBGE Censo 2022 — malha setores + agregados básicos (V0001);"Centroide = centro da bbox do setor; exposição proxy por centroide na mancha"
510340310400149;5103403;Cuiabá;Urbana;0.4576;0;0;-15.538693;-56.038082;2022;IBGE Censo 2022 — malha setores + agregados básicos (V0001);"Centroide = centro da bbox do setor; exposição proxy por centroide na mancha"
510340305400032;5103403;Cuiabá;Urbana;0.1414;1042;392;-15.536417;-56.072794;2022;IBGE Censo 2022 — malha setores + agregados básicos (V0001);"Centroide = centro da bbox do setor; exposição proxy por centroide na mancha"
510340305400037;5103403;Cuiabá;Urbana;0.658;544;214;-15.534112;-56.070297;2022;IBGE Censo 2022 — malha setores + agregados básicos (V0001);"Centroide = centro da bbox do setor; exposição proxy por centroide na mancha"
510340310400130;5103403;Cuiabá;Urbana;0.232;824;272;-15.529124;-56.034616;2022;IBGE Censo 2022 — malha setores + agregados básicos (V0001);"Centroide = centro da bbox do setor; exposição proxy por centroide na mancha"
510340320000007;5103403;Cuiabá;Rural;235.9966;248;373;-15.411536;-56.149973;2022;IBGE Censo 2022 — malha setores + agregados básicos (V0001);"Centroide = centro da bbox do setor; exposição proxy por centroide na mancha"
510340320000009;5103403;Cuiabá;Urbana;0.5181;397;206;-15.354564;-56.228493;2022;IBGE Censo 2022 — malha setores + agregados básicos (V0001);"Centroide = centro da bbox do setor; exposição proxy por centroide na mancha"
510340320000014;5103403;Cuiabá;Rural;116.1862;317;343;-15.404296;-56.093191;2022;IBGE Censo 2022 — malha setores + agregados básicos (V0001);"Centroide = centro da bbox do setor; exposição proxy por centroide na mancha"
510340320000015;5103403;Cuiabá;Urbana;1.5138;769;364;-15.347888;-56.239889;2022;IBGE Censo 2022 — malha setores + agregados básicos (V0001);"Centroide = centro da bbox do setor; exposição proxy por centroide na mancha"
510340320000016;5103403;Cuiabá;Urbana;2.4036;481;210;-15.338822;-56.232134;2022;IBGE Censo 2022 — malha setores + agregados básicos (V0001);"Centroide = centro da bbox do setor; exposição proxy por centroide na mancha"
510340335000001;5103403;Cuiabá;Urbana;1.779;895;351;-15.550235;-56.160618;2022;IBGE Censo 2022 — malha setores + agregados básicos (V0001);"Centroide = centro da bbox do setor; exposição proxy por centroide na mancha"
510340335000002;5103403;Cuiabá;Urbana;7.7465;441;291;-15.530591;-56.174162;2022;IBGE Censo 2022 — malha setores + agregados básicos (V0001);"Centroide = centro da bbox do setor; exposição proxy por centroide na mancha"
510340335000003;5103403;Cuiabá;Rural;43.6832;166;133;-15.518706;-56.122442;2022;IBGE Censo 2022 — malha setores + agregados básicos (V0001);"Centroide = centro da bbox do setor; exposição proxy por centroide na mancha"
510340305410195;5103403;Cuiabá;Urbana;1.0927;886;387;-15.559931;-56.120308;2022;IBGE Censo 2022 — malha setores + agregados básicos (V0001);"Centroide = centro da bbox do setor; exposição proxy por centroide na mancha"
510340305410196;5103403;Cuiabá;Urbana;1.2533;521;199;-15.556876;-56.126108;2022;IBGE Censo 2022 — malha setores + agregados básicos (V0001);"Centroide = centro da bbox do setor; exposição proxy por centroide na mancha"
510340305000001;5103403;Cuiabá;Urbana;0.6727;981;309;-15.559712;-56.136358;2022;IBGE Censo 2022 — malha setores + agregados básicos (V0001);"Centroide = centro da bbox do setor; exposição proxy por centroide na mancha"
510840215000004;5108402;Várzea Grande;Rural;163.8552;279;232;-15.437327;-56.27619;2022;IBGE Censo 2022 — malha setores + agregados básicos (V0001);"Centroide = centro da bbox do setor; exposição proxy por centroide na mancha"
510340305410207;5103403;Cuiabá;Urbana;0.1679;654;289;-15.579101;-56.119989;2022;IBGE Censo 2022 — malha setores + agregados básicos (V0001);"Centroide = centro da bbox do setor; exposição proxy por centroide na mancha"
510340305410055;5103403;Cuiabá;Urbana;0.2716;127;54;-15.571272;-56.116434;2022;IBGE Censo 2022 — malha setores + agregados básicos (V0001);"Centroide = centro da bbox do setor; exposição proxy por centroide na mancha"
510340305410165;5103403;Cuiabá;Urbana;0.1452;613;219;-15.566713;-56.11622;2022;IBGE Censo 2022 — malha setores + agregados básicos (V0001);"Centroide = centro da bbox do setor; exposição proxy por centroide na mancha"
510610905000008;5106109;Nossa Senhora do Livramento;Rural;174.0364;179;210;-15.638762;-56.354975;2022;IBGE Censo 2022 — malha setores + agregados básicos (V0001);"Centroide = centro da bbox do setor; exposição proxy por centroide na mancha"
510840225000004;5108402;Várzea Grande;Rural;35.5833;368;212;-15.683481;-56.217768;2022;IBGE Censo 2022 — malha setores + agregados básicos (V0001);"Centroide = centro da bbox do setor; exposição proxy por centroide na mancha"
510840205000292;5108402;Várzea Grande;Rural;5.349;77;52;-15.631484;-56.213552;2022;IBGE Censo 2022 — malha setores + agregados básicos (V0001);"Centroide = centro da bbox do setor; exposição proxy por centroide na mancha"
510840225000007;5108402;Várzea Grande;Rural;3.1461;197;117;-15.670576;-56.202562;2022;IBGE Censo 2022 — malha setores + agregados básicos (V0001);"Centroide = centro da bbox do setor; exposição proxy por centroide na mancha"
510840205000124;5108402;Várzea Grande;Urbana;1.8593;319;168;-15.640046;-56.203083;2022;IBGE Censo 2022 — malha setores + agregados básicos (V0001);"Centroide = centro da bbox do setor; exposição proxy por centroide na mancha"
510840205000352;5108402;Várzea Grande;Urbana;0.2453;750;276;-15.65509;-56.203268;2022;IBGE Censo 2022 — malha setores + agregados básicos (V0001);"Centroide = centro da bbox do setor; exposição proxy por centroide na mancha"
510840205000351;5108402;Várzea Grande;Urbana;1.1044;649;272;-15.656169;-56.198524;2022;IBGE Censo 2022 — malha setores + agregados básicos (V0001);"Centroide = centro da bbox do setor; exposição proxy por centroide na mancha"
510840205000371;5108402;Várzea Grande;Rural;7.7263;41;14;-15.605394;-56.19236;2022;IBGE Censo 2022 — malha setores + agregados básicos (V0001);"Centroide = centro da bbox do setor; exposição proxy por centroide na mancha"
510840205000388;5108402;Várzea Grande;Urbana;1.4454;23;5;-15.637755;-56.1999;2022;IBGE Censo 2022 — malha setores + agregados básicos (V0001);"Centroide = centro da bbox do setor; exposição proxy por centroide na mancha"
510840205000290;5108402;Várzea Grande;Urbana;1.5867;3;3;-15.635683;-56.190405;2022;IBGE Censo 2022 — malha setores + agregados básicos (V0001);"Centroide = centro da bbox do setor; exposição proxy por centroide na mancha"
510840205000389;5108402;Várzea Grande;Urbana;0.0846;643;268;-15.628116;-56.198082;2022;IBGE Censo 2022 — malha setores + agregados básicos (V0001);"Centroide = centro da bbox do setor; exposição proxy por centroide na mancha"
510840205000305;5108402;Várzea Grande;Urbana;0.2535;1100;381;-15.627291;-56.194351;2022;IBGE Censo 2022 — malha setores + agregados básicos (V0001);"Centroide = centro da bbox do setor; exposição proxy por centroide na mancha"
510840205000240;5108402;Várzea Grande;Urbana;0.4332;534;309;-15.672202;-56.193624;2022;IBGE Censo 2022 — malha setores + agregados básicos (V0001);"Centroide = centro da bbox do setor; exposição proxy por centroide na mancha"
510840205000271;5108402;Várzea Grande;Urbana;0.1384;1205;384;-15.632329;-56.19607;2022;IBGE Censo 2022 — malha setores + agregados básicos (V0001);"Centroide = centro da bbox do setor; exposição proxy por centroide na mancha"
510840205000296;5108402;Várzea Grande;Urbana;0.0842;994;320;-15.628047;-56.196251;2022;IBGE Censo 2022 — malha setores + agregados básicos (V0001);"Centroide = centro da bbox do setor; exposição proxy por centroide na mancha"
510840205000303;5108402;Várzea Grande;Urbana;0.144;545;220;-15.667912;-56.193686;2022;IBGE Censo 2022 — malha setores + agregados básicos (V0001);"Centroide = centro da bbox do setor; exposição proxy por centroide na mancha"
510840205000122;5108402;Várzea Grande;Urbana;0.1477;591;257;-15.664107;-56.19371;2022;IBGE Censo 2022 — malha setores + agregados básicos (V0001);"Centroide = centro da bbox do setor; exposição proxy por centroide na mancha"
510840205000190;5108402;Várzea Grande;Urbana;0.3983;602;282;-15.650845;-56.191111;2022;IBGE Censo 2022 — malha setores + agregados básicos (V0001);"Centroide = centro da bbox do setor; exposição proxy por centroide na mancha"
510840205000336;5108402;Várzea Grande;Urbana;1.0286;175;90;-15.642376;-56.187962;2022;IBGE Censo 2022 — malha setores + agregados básicos (V0001);"Centroide = centro da bbox do setor; exposição proxy por centroide na mancha"
510840205000191;5108402;Várzea Grande;Urbana;0.1779;947;370;-15.659393;-56.19158;2022;IBGE Censo 2022 — malha setores + agregados básicos (V0001);"Centroide = centro da bbox do setor; exposição proxy por centroide na mancha"
510840205000118;5108402;Várzea Grande;Urbana;0.183;850;328;-15.664445;-56.190371;2022;IBGE Censo 2022 — malha setores + agregados básicos (V0001);"Centroide = centro da bbox do setor; exposição proxy por centroide na mancha"
510840205000117;5108402;Várzea Grande;Urbana;0.2362;819;319;-15.658707;-56.188734;2022;IBGE Censo 2022 — malha setores + agregados básicos (V0001);"Centroide = centro da bbox do setor; exposição proxy por centroide na mancha"
510840205000119;5108402;Várzea Grande;Urbana;0.1915;483;185;-15.668701;-56.188986;2022;IBGE Censo 2022 — malha setores + agregados básicos (V0001);"Centroide = centro da bbox do setor; exposição proxy por centroide na mancha"
510840205000189;5108402;Várzea Grande;Urbana;0.1591;681;267;-15.655098;-56.188017;2022;IBGE Censo 2022 — malha setores + agregados básicos (V0001);"Centroide = centro da bbox do setor; exposição proxy por centroide na mancha"
510840205000192;5108402;Várzea Grande;Urbana;0.155;614;244;-15.671463;-56.187346;2022;IBGE Censo 2022 — malha setores + agregados básicos (V0001);"Centroide = centro da bbox do setor; exposição proxy por centroide na mancha"
510840205000283;5108402;Várzea Grande;Urbana;0.1721;662;235;-15.664152;-56.186995;2022;IBGE Censo 2022 — malha setores + agregados básicos (V0001);"Centroide = centro da bbox do setor; exposição proxy por centroide na mancha"
510840205000363;5108402;Várzea Grande;Urbana;0.4498;517;204;-15.648584;-56.185583;2022;IBGE Censo 2022 — malha setores + agregados básicos (V0001);"Centroide = centro da bbox do setor; exposição proxy por centroide na mancha"
510840205000238;5108402;Várzea Grande;Urbana;0.1845;619;257;-15.667393;-56.184752;2022;IBGE Censo 2022 — malha setores + agregados básicos (V0001);"Centroide = centro da bbox do setor; exposição proxy por centroide na mancha"
510840205000121;5108402;Várzea Grande;Urbana;0.2032;675;281;-15.674037;-56.184805;2022;IBGE Censo 2022 — malha setores + agregados básicos (V0001);"Centroide = centro da bbox do setor; exposição proxy por centroide na mancha"
510840205000372;5108402;Várzea Grande;Urbana;0.1794;350;439;-15.592133;-56.184855;2022;IBGE Censo 2022 — malha setores + agregados básicos (V0001);"Centroide = centro da bbox do setor; exposição proxy por centroide na mancha"
510840205000364;5108402;Várzea Grande;Urbana;0.0962;551;188;-15.651948;-56.18466;2022;IBGE Censo 2022 — malha setores + agregados básicos (V0001);"Centroide = centro da bbox do setor; exposição proxy por centroide na mancha"
510840205000239;5108402;Várzea Grande;Urbana;0.2412;767;318;-15.678596;-56.184038;2022;IBGE Censo 2022 — malha setores + agregados básicos (V0001);"Centroide = centro da bbox do setor; exposição proxy por centroide na mancha"
510840205000116;5108402;Várzea Grande;Urbana;0.1687;829;281;-15.654327;-56.183264;2022;IBGE Censo 2022 — malha setores + agregados básicos (V0001);"Centroide = centro da bbox do setor; exposição proxy por centroide na mancha"
510840205000120;5108402;Várzea Grande;Urbana;0.1744;757;258;-15.669909;-56.182915;2022;IBGE Censo 2022 — malha setores + agregados básicos (V0001);"Centroide = centro da bbox do setor; exposição proxy por centroide na mancha"
510840205000335;5108402;Várzea Grande;Urbana;0.1911;769;294;-15.640803;-56.181313;2022;IBGE Censo 2022 — malha setores + agregados básicos (V0001);"Centroide = centro da bbox do setor; exposição proxy por centroide na mancha"
510780005000016;5107800;Santo Antônio de Leverger;Urbana;0.3964;511;212;-15.847256;-56.080263;2022;IBGE Censo 2022 — malha setores + agregados básicos (V0001);"Centroide = centro da bbox do setor; exposição proxy por centroide na mancha"
510780005000022;5107800;Santo Antônio de Leverger;Urbana;1.1773;244;142;-15.841;-56.083246;2022;IBGE Censo 2022 — malha setores + agregados básicos (V0001);"Centroide = centro da bbox do setor; exposição proxy por centroide na mancha"
510780025000009;5107800;Santo Antônio de Leverger;Urbana;1.1159;147;82;-15.833279;-56.083212;2022;IBGE Censo 2022 — malha setores + agregados básicos (V0001);"Centroide = centro da bbox do setor; exposição proxy por centroide na mancha"
510780025000008;5107800;Santo Antônio de Leverger;Rural;4.4477;40;19;-15.829451;-56.068295;2022;IBGE Censo 2022 — malha setores + agregados básicos (V0001);"Centroide = centro da bbox do setor; exposição proxy por centroide na mancha"
510610913000008;5106109;Nossa Senhora do Livramento;Rural;9.6714;153;107;-15.80783;-56.110086;2022;IBGE Censo 2022 — malha setores + agregados básicos (V0001);"Centroide = centro da bbox do setor; exposição proxy por centroide na mancha"
510610913000010;5106109;Nossa Senhora do Livramento;Urbana;0.6504;244;148;-15.82138;-56.102657;2022;IBGE Censo 2022 — malha setores + agregados básicos (V0001);"Centroide = centro da bbox do setor; exposição proxy por centroide na mancha"
510780025000004;5107800;Santo Antônio de Leverger;Rural;9.9028;84;78;-15.80248;-56.080858;2022;IBGE Censo 2022 — malha setores + agregados básicos (V0001);"Centroide = centro da bbox do setor; exposição proxy por centroide na mancha"
510610913000009;5106109;Nossa Senhora do Livramento;Urbana;0.6439;369;238;-15.814159;-56.101213;2022;IBGE Censo 2022 — malha setores + agregados básicos (V0001);"Centroide = centro da bbox do setor; exposição proxy por centroide na mancha"
510610913000007;5106109;Nossa Senhora do Livramento;Rural;7.8103;191;126;-15.783329;-56.122784;2022;IBGE Censo 2022 — malha setores + agregados básicos (V0001);"Centroide = centro da bbox do setor; exposição proxy por centroide na mancha"
510780010000001;5107800;Santo Antônio de Leverger;Urbana;14.5566;283;223;-15.775344;-56.095821;2022;IBGE Censo 2022 — malha setores + agregados básicos (V0001);"Centroide = centro da bbox do setor; exposição proxy por centroide na mancha"
510340325000006;5103403;Cuiabá;Rural;23.5839;276;217;-15.743359;-56.108341;2022;IBGE Censo 2022 — malha setores + agregados básicos (V0001);"Centroide = centro da bbox do setor; exposição proxy por centroide na mancha"
510840205000110;5108402;Várzea Grande;Rural;0.9856;12;10;-15.744819;-56.15737;2022;IBGE Censo 2022 — malha setores + agregados básicos (V0001);"Centroide = centro da bbox do setor; exposição proxy por centroide na mancha"
510840205000111;5108402;Várzea Grande;Urbana;0.1935;656;300;-15.742489;-56.15765;2022;IBGE Censo 2022 — malha setores + agregados básicos (V0001);"Centroide = centro da bbox do setor; exposição proxy por centroide na mancha"
510840205000112;5108402;Várzea Grande;Urbana;0.0888;521;223;-15.740872;-56.159115;2022;IBGE Censo 2022 — malha setores + agregados básicos (V0001);"Centroide = centro da bbox do setor; exposição proxy por centroide na mancha"
510840205000109;5108402;Várzea Grande;Urbana;0.2299;517;225;-15.738334;-56.155005;2022;IBGE Censo 2022 — malha setores + agregados básicos (V0001);"Centroide = centro da bbox do setor; exposição proxy por centroide na mancha"
510840205000103;5108402;Várzea Grande;Urbana;2.1932;904;423;-15.715919;-56.141731;2022;IBGE Censo 2022 — malha setores + agregados básicos (V0001);"Centroide = centro da bbox do setor; exposição proxy por centroide na mancha"
510840205000107;5108402;Várzea Grande;Urbana;0.0919;581;245;-15.722466;-56.140129;2022;IBGE Censo 2022 — malha setores + agregados básicos (V0001);"Centroide = centro da bbox do setor; exposição proxy por centroide na mancha"
510840205000106;5108402;Várzea Grande;Urbana;0.0983;590;234;-15.720495;-56.139519;2022;IBGE Censo 2022 — malha setores + agregados básicos (V0001);"Centroide = centro da bbox do setor; exposição proxy por centroide na mancha"
510840205000105;5108402;Várzea Grande;Urbana;0.0801;654;245;-15.715592;-56.139011;2022;IBGE Censo 2022 — malha setores + agregados básicos (V0001);"Centroide = centro da bbox do setor; exposição proxy por centroide na mancha"
510840205000104;5108402;Várzea Grande;Urbana;0.0957;722;260;-15.713226;-56.138769;2022;IBGE Censo 2022 — malha setores + agregados básicos (V0001);"Centroide = centro da bbox do setor; exposição proxy por centroide na mancha"
510840205000185;5108402;Várzea Grande;Urbana;0.0856;389;170;-15.740879;-56.161037;2022;IBGE Censo 2022 — malha setores + agregados básicos (V0001);"Centroide = centro da bbox do setor; exposição proxy por centroide na mancha"
510840205000265;5108402;Várzea Grande;Urbana;0.1697;582;253;-15.737107;-56.158119;2022;IBGE Censo 2022 — malha setores + agregados básicos (V0001);"Centroide = centro da bbox do setor; exposição proxy por centroide na mancha"
510840205000383;5108402;Várzea Grande;Urbana;1.8827;66;36;-15.730855;-56.147299;2022;IBGE Censo 2022 — malha setores + agregados básicos (V0001);"Centroide = centro da bbox do setor; exposição proxy por centroide na mancha"
510840205000384;5108402;Várzea Grande;Urbana;0.2087;633;243;-15.728161;-56.15123;2022;IBGE Censo 2022 — malha setores + agregados básicos (V0001);"Centroide = centro da bbox do setor; exposição proxy por centroide na mancha"
510840210000001;5108402;Várzea Grande;Urbana;0.7323;508;216;-15.71698;-56.106283;2022;IBGE Censo 2022 — malha setores + agregados básicos (V0001);"Centroide = centro da bbox do setor; exposição proxy por centroide na mancha"
510840210000002;5108402;Várzea Grande;Urbana;7.9211;535;228;-15.727075;-56.119684;2022;IBGE Censo 2022 — malha setores + agregados básicos (V0001);"Centroide = centro da bbox do setor; exposição proxy por centroide na mancha"
510840210000003;5108402;Várzea Grande;Urbana;1.0923;229;103;-15.725404;-56.127346;2022;IBGE Censo 2022 — malha setores + agregados básicos (V0001);"Centroide = centro da bbox do setor; exposição proxy por centroide na mancha"
510840210000004;5108402;Várzea Grande;Rural;0.228;122;61;-15.749755;-56.141851;2022;IBGE Censo 2022 — malha setores + agregados básicos (V0001);"Centroide = centro da bbox do setor; exposição proxy por centroide na mancha"
510840210000005;5108402;Várzea Grande;Rural;5.7943;377;199;-15.752082;-56.141315;2022;IBGE Censo 2022 — malha setores + agregados básicos (V0001);"Centroide = centro da bbox do setor; exposição proxy por centroide na mancha"
510840210000006;5108402;Várzea Grande;Urbana;0.7247;208;88;-15.738103;-56.126629;2022;IBGE Censo 2022 — malha setores + agregados básicos (V0001);"Centroide = centro da bbox do setor; exposição proxy por centroide na mancha"
510840210000007;5108402;Várzea Grande;Urbana;1.7634;82;31;-15.709631;-56.124146;2022;IBGE Censo 2022 — malha setores + agregados básicos (V0001);"Centroide = centro da bbox do setor; exposição proxy por centroide na mancha"
510840210000008;5108402;Várzea Grande;Urbana;0.1813;953;340;-15.71935;-56.134108;2022;IBGE Censo 2022 — malha setores + agregados básicos (V0001);"Centroide = centro da bbox do setor; exposição proxy por centroide na mancha"
510840210000009;5108402;Várzea Grande;Rural;1.5187;82;33;-15.740222;-56.145506;2022;IBGE Censo 2022 — malha setores + agregados básicos (V0001);"Centroide = centro da bbox do setor; exposição proxy por centroide na mancha"
510840210000010;5108402;Várzea Grande;Urbana;1.0639;445;203;-15.731578;-56.134439;2022;IBGE Censo 2022 — malha setores + agregados básicos (V0001);"Centroide = centro da bbox do setor; exposição proxy por centroide na mancha"
510840210000011;5108402;Várzea Grande;Urbana;0.4063;764;294;-15.722867;-56.134888;2022;IBGE Censo 2022 — malha setores + agregados básicos (V0001);"Centroide = centro da bbox do setor; exposição proxy por centroide na mancha"
510840210000012;5108402;Várzea Grande;Urbana;0.3925;320;121;-15.717885;-56.125507;2022;IBGE Censo 2022 — malha setores + agregados básicos (V0001);"Centroide = centro da bbox do setor; exposição proxy por centroide na mancha"
510840205000311;5108402;Várzea Grande;Urbana;0.3007;486;290;-15.70445;-56.12632;2022;IBGE Censo 2022 — malha setores + agregados básicos (V0001);"Centroide = centro da bbox do setor; exposição proxy por centroide na mancha"
510840225000001;5108402;Várzea Grande;Urbana;0.5802;707;273;-15.705745;-56.162451;2022;IBGE Censo 2022 — malha setores + agregados básicos (V0001);"Centroide = centro da bbox do setor; exposição proxy por centroide na mancha"
510840225000018;5108402;Várzea Grande;Urbana;1.2461;217;94;-15.709526;-56.152588;2022;IBGE Censo 2022 — malha setores + agregados básicos (V0001);"Centroide = centro da bbox do setor; exposição proxy por centroide na mancha"
510840205000008;5108402;Várzea Grande;Urbana;0.1435;718;332;-15.668135;-56.138874;2022;IBGE Censo 2022 — malha setores + agregados básicos (V0001);"Centroide = centro da bbox do setor; exposição proxy por centroide na mancha"
510840205000010;5108402;Várzea Grande;Urbana;0.106;559;276;-15.66819;-56.134838;2022;IBGE Censo 2022 — malha setores + agregados básicos (V0001);"Centroide = centro da bbox do setor; exposição proxy por centroide na mancha"
510840205000082;5108402;Várzea Grande;Urbana;0.3817;809;353;-15.66393;-56.130196;2022;IBGE Censo 2022 — malha setores + agregados básicos (V0001);"Centroide = centro da bbox do setor; exposição proxy por centroide na mancha"
510840205000092;5108402;Várzea Grande;Urbana;0.1736;624;297;-15.663408;-56.124393;2022;IBGE Censo 2022 — malha setores + agregados básicos (V0001);"Centroide = centro da bbox do setor; exposição proxy por centroide na mancha"
510840205000154;5108402;Várzea Grande;Urbana;0.146;581;253;-15.662743;-56.139858;2022;IBGE Censo 2022 — malha setores + agregados básicos (V0001);"Centroide = centro da bbox do setor; exposição proxy por centroide na mancha"
510840205000009;5108402;Várzea Grande;Urbana;0.0802;704;262;-15.663285;-56.13562;2022;IBGE Censo 2022 — malha setores + agregados básicos (V0001);"Centroide = centro da bbox do setor; exposição proxy por centroide na mancha"
510840205000085;5108402;Várzea Grande;Urbana;0.1949;682;302;-15.661193;-56.125889;2022;IBGE Censo 2022 — malha setores + agregados básicos (V0001);"Centroide = centro da bbox do setor; exposição proxy por centroide na mancha"
510840205000083;5108402;Várzea Grande;Urbana;0.1459;722;337;-15.658636;-56.134552;2022;IBGE Censo 2022 — malha setores + agregados básicos (V0001);"Centroide = centro da bbox do setor; exposição proxy por centroide na mancha"
510840205000084;5108402;Várzea Grande;Urbana;0.1516;1117;580;-15.657662;-56.134598;2022;IBGE Censo 2022 — malha setores + agregados básicos (V0001);"Centroide = centro da bbox do setor; exposição proxy por centroide na mancha"
510840205000007;5108402;Várzea Grande;Urbana;0.0729;217;92;-15.657314;-56.141336;2022;IBGE Censo 2022 — malha setores + agregados básicos (V0001);"Centroide = centro da bbox do setor; exposição proxy por centroide na mancha"
510840205000006;5108402;Várzea Grande;Urbana;0.1419;551;210;-15.655336;-56.139181;2022;IBGE Censo 2022 — malha setores + agregados básicos (V0001);"Centroide = centro da bbox do setor; exposição proxy por centroide na mancha"
510840205000086;5108402;Várzea Grande;Urbana;0.2124;638;357;-15.654006;-56.125263;2022;IBGE Censo 2022 — malha setores + agregados básicos (V0001);"Centroide = centro da bbox do setor; exposição proxy por centroide na mancha"
510840205000081;5108402;Várzea Grande;Urbana;0.1407;577;225;-15.655222;-56.12989;2022;IBGE Censo 2022 — malha setores + agregados básicos (V0001);"Centroide = centro da bbox do setor; exposição proxy por centroide na mancha"
510840205000089;5108402;Várzea Grande;Urbana;0.0233;515;277;-15.655625;-56.124479;2022;IBGE Censo 2022 — malha setores + agregados básicos (V0001);"Centroide = centro da bbox do setor; exposição proxy por centroide na mancha"
510840205000079;5108402;Várzea Grande;Urbana;0.1448;567;294;-15.653351;-56.137369;2022;IBGE Censo 2022 — malha setores + agregados básicos (V0001);"Centroide = centro da bbox do setor; exposição proxy por centroide na mancha"
510840205000090;5108402;Várzea Grande;Urbana;0.0433;506;286;-15.655033;-56.125059;2022;IBGE Censo 2022 — malha setores + agregados básicos (V0001);"Centroide = centro da bbox do setor; exposição proxy por centroide na mancha"
510840205000075;5108402;Várzea Grande;Urbana;0.2184;625;333;-15.651396;-56.129221;2022;IBGE Censo 2022 — malha setores + agregados básicos (V0001);"Centroide = centro da bbox do setor; exposição proxy por centroide na mancha"
510840205000088;5108402;Várzea Grande;Urbana;0.0181;322;174;-15.653453;-56.124033;2022;IBGE Censo 2022 — malha setores + agregados básicos (V0001);"Centroide = centro da bbox do setor; exposição proxy por centroide na mancha"
510840205000087;5108402;Várzea Grande;Urbana;0.0266;577;321;-15.65298;-56.12561;2022;IBGE Censo 2022 — malha setores + agregados básicos (V0001);"Centroide = centro da bbox do setor; exposição proxy por centroide na mancha"
510840205000080;5108402;Várzea Grande;Urbana;0.0921;472;224;-15.651987;-56.134176;2022;IBGE Censo 2022 — malha setores + agregados básicos (V0001);"Centroide = centro da bbox do setor; exposição proxy por centroide na mancha"
510840205000076;5108402;Várzea Grande;Urbana;0.1885;263;152;-15.650225;-56.133657;2022;IBGE Censo 2022 — malha setores + agregados básicos (V0001);"Centroide = centro da bbox do setor; exposição proxy por centroide na mancha"
510840205000073;5108402;Várzea Grande;Urbana;0.2002;368;170;-15.646078;-56.125683;2022;IBGE Censo 2022 — malha setores + agregados básicos (V0001);"Centroide = centro da bbox do setor; exposição proxy por centroide na mancha"
510840205000077;5108402;Várzea Grande;Urbana;0.1047;39;28;-15.648277;-56.135225;2022;IBGE Censo 2022 — malha setores + agregados básicos (V0001);"Centroide = centro da bbox do setor; exposição proxy por centroide na mancha"
510840205000074;5108402;Várzea Grande;Urbana;0.1168;276;118;-15.647255;-56.128912;2022;IBGE Censo 2022 — malha setores + agregados básicos (V0001);"Centroide = centro da bbox do setor; exposição proxy por centroide na mancha"
510840205000070;5108402;Várzea Grande;Urbana;0.2191;461;204;-15.644249;-56.133478;2022;IBGE Censo 2022 — malha setores + agregados básicos (V0001);"Centroide = centro da bbox do setor; exposição proxy por centroide na mancha"
510840205000175;5108402;Várzea Grande;Urbana;0.2739;510;228;-15.642756;-56.132769;2022;IBGE Censo 2022 — malha setores + agregados básicos (V0001);"Centroide = centro da bbox do setor; exposição proxy por centroide na mancha"
510840205000071;5108402;Várzea Grande;Urbana;0.1427;507;226;-15.644164;-56.128168;2022;IBGE Censo 2022 — malha setores + agregados básicos (V0001);"Centroide = centro da bbox do setor; exposição proxy por centroide na mancha"
510840205000064;5108402;Várzea Grande;Urbana;0.204;846;353;-15.641828;-56.141863;2022;IBGE Censo 2022 — malha setores + agregados básicos (V0001);"Centroide = centro da bbox do setor; exposição proxy por centroide na mancha"
510840205000068;5108402;Várzea Grande;Urbana;0.1246;260;106;-15.643497;-56.138084;2022;IBGE Censo 2022 — malha setores + agregados básicos (V0001);"Centroide = centro da bbox do setor; exposição proxy por centroide na mancha"
510840205000072;5108402;Várzea Grande;Urbana;0.157;190;120;-15.641364;-56.124884;2022;IBGE Censo 2022 — malha setores + agregados básicos (V0001);"Centroide = centro da bbox do setor; exposição proxy por centroide na mancha"
510840205000067;5108402;Várzea Grande;Urbana;0.2496;847;322;-15.63967;-56.138903;2022;IBGE Censo 2022 — malha setores + agregados básicos (V0001);"Centroide = centro da bbox do setor; exposição proxy por centroide na mancha"
510840205000142;5108402;Várzea Grande;Urbana;0.3478;450;147;-15.637068;-56.128265;2022;IBGE Censo 2022 — malha setores + agregados básicos (V0001);"Centroide = centro da bbox do setor; exposição proxy por centroide na mancha"
510840205000141;5108402;Várzea Grande;Urbana;0.1516;665;260;-15.634508;-56.132286;2022;IBGE Censo 2022 — malha setores + agregados básicos (V0001);"Centroide = centro da bbox do setor; exposição proxy por centroide na mancha"
510840205000176;5108402;Várzea Grande;Urbana;0.0923;240;112;-15.650418;-56.137548;2022;IBGE Censo 2022 — malha setores + agregados básicos (V0001);"Centroide = centro da bbox do setor; exposição proxy por centroide na mancha"
510840205000178;5108402;Várzea Grande;Urbana;0.1097;488;235;-15.653831;-56.133657;2022;IBGE Censo 2022 — malha setores + agregados básicos (V0001);"Centroide = centro da bbox do setor; exposição proxy por centroide na mancha"
510840205000179;5108402;Várzea Grande;Urbana;0.1754;662;288;-15.658877;-56.129848;2022;IBGE Censo 2022 — malha setores + agregados básicos (V0001);"Centroide = centro da bbox do setor; exposição proxy por centroide na mancha"
510840205000180;5108402;Várzea Grande;Urbana;0.1349;288;202;-15.658197;-56.124899;2022;IBGE Censo 2022 — malha setores + agregados básicos (V0001);"Centroide = centro da bbox do setor; exposição proxy por centroide na mancha"
510840205000202;5108402;Várzea Grande;Urbana;0.1391;622;331;-15.660132;-56.137417;2022;IBGE Censo 2022 — malha setores + agregados básicos (V0001);"Centroide = centro da bbox do setor; exposição proxy por centroide na mancha"
510840205000203;5108402;Várzea Grande;Urbana;0.0587;237;95;-15.656468;-56.140444;2022;IBGE Censo 2022 — malha setores + agregados básicos (V0001);"Centroide = centro da bbox do setor; exposição proxy por centroide na mancha"
510840205000204;5108402;Várzea Grande;Urbana;0.0896;476;212;-15.665876;-56.137815;2022;IBGE Censo 2022 — malha setores + agregados básicos (V0001);"Centroide = centro da bbox do setor; exposição proxy por centroide na mancha"
510840205000205;5108402;Várzea Grande;Urbana;0.0689;325;130;-15.665063;-56.135527;2022;IBGE Censo 2022 — malha setores + agregados básicos (V0001);"Centroide = centro da bbox do setor; exposição proxy por centroide na mancha"
510840205000226;5108402;Várzea Grande;Urbana;0.1514;228;158;-15.650045;-56.124128;2022;IBGE Censo 2022 — malha setores + agregados básicos (V0001);"Centroide = centro da bbox do setor; exposição proxy por centroide na mancha"
510840205000227;5108402;Várzea Grande;Urbana;0.1587;262;120;-15.664161;-56.133907;2022;IBGE Censo 2022 — malha setores + agregados básicos (V0001);"Centroide = centro da bbox do setor; exposição proxy por centroide na mancha"
510840205000228;5108402;Várzea Grande;Urbana;0.024;367;195;-15.65427;-56.122934;2022;IBGE Censo 2022 — malha setores + agregados básicos (V0001);"Centroide = centro da bbox do setor; exposição proxy por centroide na mancha"
510840205000246;5108402;Várzea Grande;Urbana;0.249;636;281;-15.639014;-56.132786;2022;IBGE Censo 2022 — malha setores + agregados básicos (V0001);"Centroide = centro da bbox do setor; exposição proxy por centroide na mancha"
510840205000249;5108402;Várzea Grande;Urbana;0.0427;257;102;-15.661486;-56.138447;2022;IBGE Censo 2022 — malha setores + agregados básicos (V0001);"Centroide = centro da bbox do setor; exposição proxy por centroide na mancha"
510840205000282;5108402;Várzea Grande;Urbana;0.0247;423;227;-15.65591;-56.123243;2022;IBGE Censo 2022 — malha setores + agregados básicos (V0001);"Centroide = centro da bbox do setor; exposição proxy por centroide na mancha"
510840205000317;5108402;Várzea Grande;Urbana;1.102;55;21;-15.632607;-56.130215;2022;IBGE Censo 2022 — malha setores + agregados básicos (V0001);"Centroide = centro da bbox do setor; exposição proxy por centroide na mancha"
510840205000347;5108402;Várzea Grande;Urbana;0.0947;207;126;-15.646184;-56.138046;2022;IBGE Censo 2022 — malha setores + agregados básicos (V0001);"Centroide = centro da bbox do setor; exposição proxy por centroide na mancha"
510840205000348;5108402;Várzea Grande;Urbana;0.0841;178;99;-15.645292;-56.136103;2022;IBGE Censo 2022 — malha setores + agregados básicos (V0001);"Centroide = centro da bbox do setor; exposição proxy por centroide na mancha"
510340305410011;5103403;Cuiabá;Urbana;0.0766;628;285;-15.60936;-56.114477;2022;IBGE Censo 2022 — malha setores + agregados básicos (V0001);"Centroide = centro da bbox do setor; exposição proxy por centroide na mancha"
510340305410013;5103403;Cuiabá;Urbana;0.2203;1320;677;-15.60684;-56.109819;2022;IBGE Censo 2022 — malha setores + agregados básicos (V0001);"Centroide = centro da bbox do setor; exposição proxy por centroide na mancha"
510340305410102;5103403;Cuiabá;Urbana;0.1078;593;228;-15.608411;-56.119572;2022;IBGE Censo 2022 — malha setores + agregados básicos (V0001);"Centroide = centro da bbox do setor; exposição proxy por centroide na mancha"
510340305410006;5103403;Cuiabá;Urbana;0.1641;344;174;-15.606515;-56.106623;2022;IBGE Censo 2022 — malha setores + agregados básicos (V0001);"Centroide = centro da bbox do setor; exposição proxy por centroide na mancha"
510340305410012;5103403;Cuiabá;Urbana;0.054;720;358;-15.607455;-56.113304;2022;IBGE Censo 2022 — malha setores + agregados básicos (V0001);"Centroide = centro da bbox do setor; exposição proxy por centroide na mancha"
510340305410005;5103403;Cuiabá;Urbana;0.0557;271;201;-15.607568;-56.101851;2022;IBGE Censo 2022 — malha setores + agregados básicos (V0001);"Centroide = centro da bbox do setor; exposição proxy por centroide na mancha"
510340305410096;5103403;Cuiabá;Urbana;0.0364;482;273;-15.607873;-56.122404;2022;IBGE Censo 2022 — malha setores + agregados básicos (V0001);"Centroide = centro da bbox do setor; exposição proxy por centroide na mancha"
510340305410100;5103403;Cuiabá;Urbana;0.1275;499;231;-15.60552;-56.115204;2022;IBGE Censo 2022 — malha setores + agregados básicos (V0001);"Centroide = centro da bbox do setor; exposição proxy por centroide na mancha"
510340305410007;5103403;Cuiabá;Urbana;0.2304;850;440;-15.603511;-56.105251;2022;IBGE Censo 2022 — malha setores + agregados básicos (V0001);"Centroide = centro da bbox do setor; exposição proxy por centroide na mancha"
510340305410101;5103403;Cuiabá;Urbana;0.0983;482;200;-15.605517;-56.119125;2022;IBGE Censo 2022 — malha setores + agregados básicos (V0001);"Centroide = centro da bbox do setor; exposição proxy por centroide na mancha"
510340305410099;5103403;Cuiabá;Urbana;0.453;374;156;-15.602681;-56.120964;2022;IBGE Censo 2022 — malha setores + agregados básicos (V0001);"Centroide = centro da bbox do setor; exposição proxy por centroide na mancha"
510340305410003;5103403;Cuiabá;Urbana;0.1518;113;68;-15.602692;-56.099663;2022;IBGE Censo 2022 — malha setores + agregados básicos (V0001);"Centroide = centro da bbox do setor; exposição proxy por centroide na mancha"
510340305410092;5103403;Cuiabá;Urbana;0.1343;646;299;-15.602062;-56.109344;2022;IBGE Censo 2022 — malha setores + agregados básicos (V0001);"Centroide = centro da bbox do setor; exposição proxy por centroide na mancha"
510340305410004;5103403;Cuiabá;Urbana;0.1006;271;179;-15.602448;-56.103113;2022;IBGE Censo 2022 — malha setores + agregados básicos (V0001);"Centroide = centro da bbox do setor; exposição proxy por centroide na mancha"
510340305410093;5103403;Cuiabá;Urbana;0.0783;1282;665;-15.601559;-56.111731;2022;IBGE Censo 2022 — malha setores + agregados básicos (V0001);"Centroide = centro da bbox do setor; exposição proxy por centroide na mancha"
510340305410091;5103403;Cuiabá;Urbana;0.1368;718;360;-15.599987;-56.106413;2022;IBGE Censo 2022 — malha setores + agregados básicos (V0001);"Centroide = centro da bbox do setor; exposição proxy por centroide na mancha"
510340305410002;5103403;Cuiabá;Urbana;0.1303;181;137;-15.599814;-56.10022;2022;IBGE Censo 2022 — malha setores + agregados básicos (V0001);"Centroide = centro da bbox do setor; exposição proxy por centroide na mancha"
510340305410094;5103403;Cuiabá;Urbana;0.1666;1090;488;-15.599347;-56.111679;2022;IBGE Censo 2022 — malha setores + agregados básicos (V0001);"Centroide = centro da bbox do setor; exposição proxy por centroide na mancha"
510340305410085;5103403;Cuiabá;Urbana;0.0459;12;34;-15.599439;-56.096775;2022;IBGE Censo 2022 — malha setores + agregados básicos (V0001);"Centroide = centro da bbox do setor; exposição proxy por centroide na mancha"
510340305410128;5103403;Cuiabá;Urbana;0.0403;372;217;-15.598689;-56.102915;2022;IBGE Censo 2022 — malha setores + agregados básicos (V0001);"Centroide = centro da bbox do setor; exposição proxy por centroide na mancha"
510340305410129;5103403;Cuiabá;Urbana;0.1161;203;129;-15.605654;-56.10162;2022;IBGE Censo 2022 — malha setores + agregados básicos (V0001);"Centroide = centro da bbox do setor; exposição proxy por centroide na mancha"
510340305410130;5103403;Cuiabá;Urbana;0.1747;181;83;-15.610009;-56.10215;2022;IBGE Censo 2022 — malha setores + agregados básicos (V0001);"Centroide = centro da bbox do setor; exposição proxy por centroide na mancha"
510340305410132;5103403;Cuiabá;Urbana;0.0717;209;93;-15.609933;-56.106758;2022;IBGE Censo 2022 — malha setores + agregados básicos (V0001);"Centroide = centro da bbox do setor; exposição proxy por centroide na mancha"
510340305410150;5103403;Cuiabá;Urbana;0.0954;491;211;-15.599981;-56.114891;2022;IBGE Censo 2022 — malha setores + agregados básicos (V0001);"Centroide = centro da bbox do setor; exposição proxy por centroide na mancha"
510340305410152;5103403;Cuiabá;Urbana;0.0878;531;200;-15.6075;-56.117504;2022;IBGE Censo 2022 — malha setores + agregados básicos (V0001);"Centroide = centro da bbox do setor; exposição proxy por centroide na mancha"
510340305410178;5103403;Cuiabá;Urbana;0.1034;398;130;-15.601828;-56.116081;2022;IBGE Censo 2022 — malha setores + agregados básicos (V0001);"Centroide = centro da bbox do setor; exposição proxy por centroide na mancha"
510340305410179;5103403;Cuiabá;Urbana;0.1035;410;182;-15.60354;-56.113642;2022;IBGE Censo 2022 — malha setores + agregados básicos (V0001);"Centroide = centro da bbox do setor; exposição proxy por centroide na mancha"
510340305410256;5103403;Cuiabá;Urbana;0.0269;445;210;-15.60782;-56.111565;2022;IBGE Censo 2022 — malha setores + agregados básicos (V0001);"Centroide = centro da bbox do setor; exposição proxy por centroide na mancha"
510340305410257;5103403;Cuiabá;Urbana;0.0168;609;282;-15.608524;-56.112259;2022;IBGE Censo 2022 — malha setores + agregados básicos (V0001);"Centroide = centro da bbox do setor; exposição proxy por centroide na mancha"
510340305410258;5103403;Cuiabá;Urbana;0.0181;438;239;-15.609434;-56.112682;2022;IBGE Censo 2022 — malha setores + agregados básicos (V0001);"Centroide = centro da bbox do setor; exposição proxy por centroide na mancha"
510340305420065;5103403;Cuiabá;Urbana;0.1218;100;93;-15.602314;-56.097078;2022;IBGE Censo 2022 — malha setores + agregados básicos (V0001);"Centroide = centro da bbox do setor; exposição proxy por centroide na mancha"
510340305420101;5103403;Cuiabá;Urbana;0.0865;609;254;-15.608543;-56.096237;2022;IBGE Censo 2022 — malha setores + agregados básicos (V0001);"Centroide = centro da bbox do setor; exposição proxy por centroide na mancha"
510340305420102;5103403;Cuiabá;Urbana;0.1081;335;213;-15.605076;-56.0949;2022;IBGE Censo 2022 — malha setores + agregados básicos (V0001);"Centroide = centro da bbox do setor; exposição proxy por centroide na mancha"
510340305420130;5103403;Cuiabá;Urbana;0.119;226;124;-15.606373;-56.098433;2022;IBGE Censo 2022 — malha setores + agregados básicos (V0001);"Centroide = centro da bbox do setor; exposição proxy por centroide na mancha"
510340305420131;5103403;Cuiabá;Urbana;0.0257;668;319;-15.606635;-56.096846;2022;IBGE Censo 2022 — malha setores + agregados básicos (V0001);"Centroide = centro da bbox do setor; exposição proxy por centroide na mancha"
510340305420136;5103403;Cuiabá;Urbana;0.1224;679;280;-15.610207;-56.094992;2022;IBGE Censo 2022 — malha setores + agregados básicos (V0001);"Centroide = centro da bbox do setor; exposição proxy por centroide na mancha"
510340305410103;5103403;Cuiabá;Urbana;0.0929;500;193;-15.609624;-56.121901;2022;IBGE Censo 2022 — malha setores + agregados básicos (V0001);"Centroide = centro da bbox do setor; exposição proxy por centroide na mancha"
510340305410106;5103403;Cuiabá;Urbana;0.3285;614;240;-15.596571;-56.114967;2022;IBGE Censo 2022 — malha setores + agregados básicos (V0001);"Centroide = centro da bbox do setor; exposição proxy por centroide na mancha"
510340305410001;5103403;Cuiabá;Urbana;0.102;200;124;-15.597142;-56.101223;2022;IBGE Censo 2022 — malha setores + agregados básicos (V0001);"Centroide = centro da bbox do setor; exposição proxy por centroide na mancha"
510340305410090;5103403;Cuiabá;Urbana;0.0757;270;167;-15.597269;-56.104218;2022;IBGE Censo 2022 — malha setores + agregados básicos (V0001);"Centroide = centro da bbox do setor; exposição proxy por centroide na mancha"
510340305410177;5103403;Cuiabá;Urbana;0.0586;12;21;-15.597701;-56.097921;2022;IBGE Censo 2022 — malha setores + agregados básicos (V0001);"Centroide = centro da bbox do setor; exposição proxy por centroide na mancha"
510340305410095;5103403;Cuiabá;Urbana;0.1115;400;220;-15.596815;-56.108854;2022;IBGE Censo 2022 — malha setores + agregados básicos (V0001);"Centroide = centro da bbox do setor; exposição proxy por centroide na mancha"
510340305410107;5103403;Cuiabá;Urbana;0.3886;770;321;-15.594101;-56.117517;2022;IBGE Censo 2022 — malha setores + agregados básicos (V0001);"Centroide = centro da bbox do setor; exposição proxy por centroide na mancha"
510340305410089;5103403;Cuiabá;Urbana;0.037;598;273;-15.5965;-56.105154;2022;IBGE Censo 2022 — malha setores + agregados básicos (V0001);"Centroide = centro da bbox do setor; exposição proxy por centroide na mancha"
510340305410086;5103403;Cuiabá;Urbana;0.149;48;68;-15.595191;-56.099712;2022;IBGE Censo 2022 — malha setores + agregados básicos (V0001);"Centroide = centro da bbox do setor; exposição proxy por centroide na mancha"
510340305410149;5103403;Cuiabá;Urbana;0.036;424;204;-15.595964;-56.105904;2022;IBGE Censo 2022 — malha setores + agregados básicos (V0001);"Centroide = centro da bbox do setor; exposição proxy por centroide na mancha"
510340305410126;5103403;Cuiabá;Urbana;0.0821;420;195;-15.594227;-56.1057;2022;IBGE Censo 2022 — malha setores + agregados básicos (V0001);"Centroide = centro da bbox do setor; exposição proxy por centroide na mancha"
510340305410124;5103403;Cuiabá;Urbana;0.0566;443;253;-15.594556;-56.107769;2022;IBGE Censo 2022 — malha setores + agregados básicos (V0001);"Centroide = centro da bbox do setor; exposição proxy por centroide na mancha"
510340305410108;5103403;Cuiabá;Urbana;0.2748;44;20;-15.592188;-56.110674;2022;IBGE Censo 2022 — malha setores + agregados básicos (V0001);"Centroide = centro da bbox do setor; exposição proxy por centroide na mancha"
510340305410088;5103403;Cuiabá;Urbana;0.0688;72;47;-15.594011;-56.103327;2022;IBGE Censo 2022 — malha setores + agregados básicos (V0001);"Centroide = centro da bbox do setor; exposição proxy por centroide na mancha"
510340305410081;5103403;Cuiabá;Urbana;0.1287;65;49;-15.593034;-56.097738;2022;IBGE Censo 2022 — malha setores + agregados básicos (V0001);"Centroide = centro da bbox do setor; exposição proxy por centroide na mancha"
510340305410125;5103403;Cuiabá;Urbana;0.1222;272;136;-15.592925;-56.107389;2022;IBGE Censo 2022 — malha setores + agregados básicos (V0001);"Centroide = centro da bbox do setor; exposição proxy por centroide na mancha"
510340305410121;5103403;Cuiabá;Urbana;0.201;542;288;-15.590327;-56.101505;2022;IBGE Censo 2022 — malha setores + agregados básicos (V0001);"Centroide = centro da bbox do setor; exposição proxy por centroide na mancha"
510340305410087;5103403;Cuiabá;Urbana;0.0583;416;228;-15.590888;-56.09939;2022;IBGE Censo 2022 — malha setores + agregados básicos (V0001);"Centroide = centro da bbox do setor; exposição proxy por centroide na mancha"
510340305410109;5103403;Cuiabá;Urbana;0.2277;1383;607;-15.590506;-56.11532;2022;IBGE Censo 2022 — malha setores + agregados básicos (V0001);"Centroide = centro da bbox do setor; exposição proxy por centroide na mancha"
510340305410122;5103403;Cuiabá;Urbana;0.0846;319;199;-15.589767;-56.104111;2022;IBGE Censo 2022 — malha setores + agregados básicos (V0001);"Centroide = centro da bbox do setor; exposição proxy por centroide na mancha"
510340305410148;5103403;Cuiabá;Urbana;0.0508;552;263;-15.589461;-56.097589;2022;IBGE Censo 2022 — malha setores + agregados básicos (V0001);"Centroide = centro da bbox do setor; exposição proxy por centroide na mancha"
510340305410154;5103403;Cuiabá;Urbana;0.0562;322;156;-15.588976;-56.105524;2022;IBGE Censo 2022 — malha setores + agregados básicos (V0001);"Centroide = centro da bbox do setor; exposição proxy por centroide na mancha"
510340305410110;5103403;Cuiabá;Urbana;0.1272;524;261;-15.588382;-56.113392;2022;IBGE Censo 2022 — malha setores + agregados básicos (V0001);"Centroide = centro da bbox do setor; exposição proxy por centroide na mancha"
510340305410123;5103403;Cuiabá;Urbana;0.0317;186;77;-15.589224;-56.106853;2022;IBGE Censo 2022 — malha setores + agregados básicos (V0001);"Centroide = centro da bbox do setor; exposição proxy por centroide na mancha"
510340305410180;5103403;Cuiabá;Urbana;0.0491;334;149;-15.588881;-56.108488;2022;IBGE Censo 2022 — malha setores + agregados básicos (V0001);"Centroide = centro da bbox do setor; exposição proxy por centroide na mancha"
510340305410255;5103403;Cuiabá;Urbana;0.1198;512;318;-15.586876;-56.100618;2022;IBGE Censo 2022 — malha setores + agregados básicos (V0001);"Centroide = centro da bbox do setor; exposição proxy por centroide na mancha"
510340305410111;5103403;Cuiabá;Urbana;0.0877;795;348;-15.587012;-56.111801;2022;IBGE Censo 2022 — malha setores + agregados básicos (V0001);"Centroide = centro da bbox do setor; exposição proxy por centroide na mancha"
510340305410113;5103403;Cuiabá;Urbana;0.065;463;209;-15.58702;-56.107529;2022;IBGE Censo 2022 — malha setores + agregados básicos (V0001);"Centroide = centro da bbox do setor; exposição proxy por centroide na mancha"
510340305410254;5103403;Cuiabá;Urbana;0.0909;827;347;-15.585983;-56.103149;2022;IBGE Censo 2022 — malha setores + agregados básicos (V0001);"Centroide = centro da bbox do setor; exposição proxy por centroide na mancha"
510340305410120;5103403;Cuiabá;Urbana;0.0751;427;215;-15.586313;-56.097969;2022;IBGE Censo 2022 — malha setores + agregados básicos (V0001);"Centroide = centro da bbox do setor; exposição proxy por centroide na mancha"
510340305410184;5103403;Cuiabá;Urbana;0.0563;724;371;-15.586346;-56.105116;2022;IBGE Censo 2022 — malha setores + agregados básicos (V0001);"Centroide = centro da bbox do setor; exposição proxy por centroide na mancha"
510340305410210;5103403;Cuiabá;Urbana;0.0588;733;298;-15.585962;-56.10911;2022;IBGE Censo 2022 — malha setores + agregados básicos (V0001);"Centroide = centro da bbox do setor; exposição proxy por centroide na mancha"
510340305410112;5103403;Cuiabá;Urbana;0.0492;754;381;-15.585428;-56.111506;2022;IBGE Censo 2022 — malha setores + agregados básicos (V0001);"Centroide = centro da bbox do setor; exposição proxy por centroide na mancha"
510340305410217;5103403;Cuiabá;Urbana;0.3831;423;224;-15.588492;-56.119358;2022;IBGE Censo 2022 — malha setores + agregados básicos (V0001);"Centroide = centro da bbox do setor; exposição proxy por centroide na mancha"
510340305420047;5103403;Cuiabá;Urbana;0.027;211;143;-15.619497;-56.08256;2022;IBGE Censo 2022 — malha setores + agregados básicos (V0001);"Centroide = centro da bbox do setor; exposição proxy por centroide na mancha"
510340305420116;5103403;Cuiabá;Urbana;0.0264;253;115;-15.621581;-56.091536;2022;IBGE Censo 2022 — malha setores + agregados básicos (V0001);"Centroide = centro da bbox do setor; exposição proxy por centroide na mancha"
510340310420188;5103403;Cuiabá;Urbana;0.0359;588;256;-15.628624;-56.06987;2022;IBGE Censo 2022 — malha setores + agregados básicos (V0001);"Centroide = centro da bbox do setor; exposição proxy por centroide na mancha"
510340305420120;5103403;Cuiabá;Urbana;0.0517;416;218;-15.623046;-56.078836;2022;IBGE Censo 2022 — malha setores + agregados básicos (V0001);"Centroide = centro da bbox do setor; exposição proxy por centroide na mancha"
510340305420052;5103403;Cuiabá;Urbana;0.0561;449;177;-15.625156;-56.079762;2022;IBGE Censo 2022 — malha setores + agregados básicos (V0001);"Centroide = centro da bbox do setor; exposição proxy por centroide na mancha"
510340305420112;5103403;Cuiabá;Urbana;0.0566;471;267;-15.61713;-56.083782;2022;IBGE Censo 2022 — malha setores + agregados básicos (V0001);"Centroide = centro da bbox do setor; exposição proxy por centroide na mancha"
510340305420096;5103403;Cuiabá;Urbana;0.066;357;210;-15.625565;-56.077862;2022;IBGE Censo 2022 — malha setores + agregados básicos (V0001);"Centroide = centro da bbox do setor; exposição proxy por centroide na mancha"
510340310420080;5103403;Cuiabá;Urbana;0.0739;477;233;-15.627339;-56.076302;2022;IBGE Censo 2022 — malha setores + agregados básicos (V0001);"Centroide = centro da bbox do setor; exposição proxy por centroide na mancha"
510340305420051;5103403;Cuiabá;Urbana;0.0835;822;400;-15.623873;-56.081371;2022;IBGE Censo 2022 — malha setores + agregados básicos (V0001);"Centroide = centro da bbox do setor; exposição proxy por centroide na mancha"
510340305420045;5103403;Cuiabá;Urbana;0.0842;523;320;-15.618649;-56.078304;2022;IBGE Censo 2022 — malha setores + agregados básicos (V0001);"Centroide = centro da bbox do setor; exposição proxy por centroide na mancha"
510340305420097;5103403;Cuiabá;Urbana;0.0762;552;343;-15.623528;-56.082857;2022;IBGE Censo 2022 — malha setores + agregados básicos (V0001);"Centroide = centro da bbox do setor; exposição proxy por centroide na mancha"
510840220000083;5108402;Várzea Grande;Urbana;0.0638;574;204;-15.641768;-56.08602;2022;IBGE Censo 2022 — malha setores + agregados básicos (V0001);"Centroide = centro da bbox do setor; exposição proxy por centroide na mancha"
510340305420145;5103403;Cuiabá;Urbana;0.0647;601;318;-15.615301;-56.07728;2022;IBGE Censo 2022 — malha setores + agregados básicos (V0001);"Centroide = centro da bbox do setor; exposição proxy por centroide na mancha"
510340310420057;5103403;Cuiabá;Urbana;0.0662;895;334;-15.632749;-56.078497;2022;IBGE Censo 2022 — malha setores + agregados básicos (V0001);"Centroide = centro da bbox do setor; exposição proxy por centroide na mancha"
510340305420057;5103403;Cuiabá;Urbana;0.0598;396;176;-15.619375;-56.091009;2022;IBGE Censo 2022 — malha setores + agregados básicos (V0001);"Centroide = centro da bbox do setor; exposição proxy por centroide na mancha"
510340305420070;5103403;Cuiabá;Urbana;0.0697;427;191;-15.615323;-56.088936;2022;IBGE Censo 2022 — malha setores + agregados básicos (V0001);"Centroide = centro da bbox do setor; exposição proxy por centroide na mancha"
510340305420053;5103403;Cuiabá;Urbana;0.0775;422;277;-15.62322;-56.084639;2022;IBGE Censo 2022 — malha setores + agregados básicos (V0001);"Centroide = centro da bbox do setor; exposição proxy por centroide na mancha"
510340305420050;5103403;Cuiabá;Urbana;0.0446;198;112;-15.622101;-56.080688;2022;IBGE Censo 2022 — malha setores + agregados básicos (V0001);"Centroide = centro da bbox do setor; exposição proxy por centroide na mancha"
510340305420049;5103403;Cuiabá;Urbana;0.0777;456;227;-15.622985;-56.077459;2022;IBGE Censo 2022 — malha setores + agregados básicos (V0001);"Centroide = centro da bbox do setor; exposição proxy por centroide na mancha"
510840220000063;5108402;Várzea Grande;Urbana;0.0916;477;178;-15.639629;-56.110613;2022;IBGE Censo 2022 — malha setores + agregados básicos (V0001);"Centroide = centro da bbox do setor; exposição proxy por centroide na mancha"
510340305420046;5103403;Cuiabá;Urbana;0.0715;542;250;-15.615104;-56.083744;2022;IBGE Censo 2022 — malha setores + agregados básicos (V0001);"Centroide = centro da bbox do setor; exposição proxy por centroide na mancha"
510340305420048;5103403;Cuiabá;Urbana;0.1015;698;345;-15.618497;-56.080969;2022;IBGE Censo 2022 — malha setores + agregados básicos (V0001);"Centroide = centro da bbox do setor; exposição proxy por centroide na mancha"
510340305420127;5103403;Cuiabá;Urbana;0.0994;719;409;-15.6278;-56.084223;2022;IBGE Censo 2022 — malha setores + agregados básicos (V0001);"Centroide = centro da bbox do setor; exposição proxy por centroide na mancha"
510340310420058;5103403;Cuiabá;Urbana;0.082;517;198;-15.631936;-56.078936;2022;IBGE Censo 2022 — malha setores + agregados básicos (V0001);"Centroide = centro da bbox do setor; exposição proxy por centroide na mancha"
510840220000055;5108402;Várzea Grande;Urbana;0.1246;1010;381;-15.666897;-56.083494;2022;IBGE Censo 2022 — malha setores + agregados básicos (V0001);"Centroide = centro da bbox do setor; exposição proxy por centroide na mancha"
510840220000081;5108402;Várzea Grande;Urbana;0.0874;629;265;-15.665558;-56.095827;2022;IBGE Censo 2022 — malha setores + agregados básicos (V0001);"Centroide = centro da bbox do setor; exposição proxy por centroide na mancha"
510840220000012;5108402;Várzea Grande;Urbana;0.1226;667;250;-15.640485;-56.108906;2022;IBGE Censo 2022 — malha setores + agregados básicos (V0001);"Centroide = centro da bbox do setor; exposição proxy por centroide na mancha"
510340305420128;5103403;Cuiabá;Urbana;0.0564;438;263;-15.628389;-56.082813;2022;IBGE Censo 2022 — malha setores + agregados básicos (V0001);"Centroide = centro da bbox do setor; exposição proxy por centroide na mancha"
510340305420056;5103403;Cuiabá;Urbana;0.0733;636;313;-15.617696;-56.086889;2022;IBGE Censo 2022 — malha setores + agregados básicos (V0001);"Centroide = centro da bbox do setor; exposição proxy por centroide na mancha"
510340305420111;5103403;Cuiabá;Urbana;0.122;569;235;-15.61459;-56.079987;2022;IBGE Censo 2022 — malha setores + agregados básicos (V0001);"Centroide = centro da bbox do setor; exposição proxy por centroide na mancha"
510340310420187;5103403;Cuiabá;Urbana;0.1192;377;153;-15.62605;-56.070196;2022;IBGE Censo 2022 — malha setores + agregados básicos (V0001);"Centroide = centro da bbox do setor; exposição proxy por centroide na mancha"
510840220000017;5108402;Várzea Grande;Urbana;0.1674;439;218;-15.638361;-56.105267;2022;IBGE Censo 2022 — malha setores + agregados básicos (V0001);"Centroide = centro da bbox do setor; exposição proxy por centroide na mancha"
510340305420115;5103403;Cuiabá;Urbana;0.0947;543;255;-15.614493;-56.085539;2022;IBGE Censo 2022 — malha setores + agregados básicos (V0001);"Centroide = centro da bbox do setor; exposição proxy por centroide na mancha"
510840220000056;5108402;Várzea Grande;Urbana;0.1302;741;295;-15.669135;-56.08325;2022;IBGE Censo 2022 — malha setores + agregados básicos (V0001);"Centroide = centro da bbox do setor; exposição proxy por centroide na mancha"
510340305420114;5103403;Cuiabá;Urbana;0.066;253;197;-15.622558;-56.087149;2022;IBGE Censo 2022 — malha setores + agregados básicos (V0001);"Centroide = centro da bbox do setor; exposição proxy por centroide na mancha"
510340305420099;5103403;Cuiabá;Urbana;0.1181;538;302;-15.620435;-56.085068;2022;IBGE Censo 2022 — malha setores + agregados básicos (V0001);"Centroide = centro da bbox do setor; exposição proxy por centroide na mancha"
510840220000042;5108402;Várzea Grande;Urbana;0.1493;715;279;-15.640301;-56.101475;2022;IBGE Censo 2022 — malha setores + agregados básicos (V0001);"Centroide = centro da bbox do setor; exposição proxy por centroide na mancha"
510840220000047;5108402;Várzea Grande;Urbana;0.1209;646;316;-15.641317;-56.082468;2022;IBGE Censo 2022 — malha setores + agregados básicos (V0001);"Centroide = centro da bbox do setor; exposição proxy por centroide na mancha"
510340305420055;5103403;Cuiabá;Urbana;0.1133;528;357;-15.618783;-56.086649;2022;IBGE Censo 2022 — malha setores + agregados básicos (V0001);"Centroide = centro da bbox do setor; exposição proxy por centroide na mancha"
510340305420072;5103403;Cuiabá;Urbana;0.1325;545;196;-15.617006;-56.090963;2022;IBGE Censo 2022 — malha setores + agregados básicos (V0001);"Centroide = centro da bbox do setor; exposição proxy por centroide na mancha"
510340305420113;5103403;Cuiabá;Urbana;0.1545;3;2;-15.623401;-56.087559;2022;IBGE Censo 2022 — malha setores + agregados básicos (V0001);"Centroide = centro da bbox do setor; exposição proxy por centroide na mancha"
510340305420129;5103403;Cuiabá;Urbana;0.2996;466;275;-15.63063;-56.081469;2022;IBGE Censo 2022 — malha setores + agregados básicos (V0001);"Centroide = centro da bbox do setor; exposição proxy por centroide na mancha"
510340305420054;5103403;Cuiabá;Urbana;0.3457;508;239;-15.624708;-56.089043;2022;IBGE Censo 2022 — malha setores + agregados básicos (V0001);"Centroide = centro da bbox do setor; exposição proxy por centroide na mancha"
510840220000078;5108402;Várzea Grande;Urbana;2.5042;74;57;-15.661207;-56.077879;2022;IBGE Censo 2022 — malha setores + agregados básicos (V0001);"Centroide = centro da bbox do setor; exposição proxy por centroide na mancha"
510840220000084;5108402;Várzea Grande;Urbana;0.1149;478;180;-15.646043;-56.084724;2022;IBGE Censo 2022 — malha setores + agregados básicos (V0001);"Centroide = centro da bbox do setor; exposição proxy por centroide na mancha"
510840220000087;5108402;Várzea Grande;Urbana;0.1493;476;183;-15.639591;-56.084724;2022;IBGE Censo 2022 — malha setores + agregados básicos (V0001);"Centroide = centro da bbox do setor; exposição proxy por centroide na mancha"
510840220000090;5108402;Várzea Grande;Urbana;0.3031;3588;1414;-15.651676;-56.087408;2022;IBGE Censo 2022 — malha setores + agregados básicos (V0001);"Centroide = centro da bbox do setor; exposição proxy por centroide na mancha"
510840220000091;5108402;Várzea Grande;Urbana;2.6804;80;62;-15.643955;-56.085573;2022;IBGE Censo 2022 — malha setores + agregados básicos (V0001);"Centroide = centro da bbox do setor; exposição proxy por centroide na mancha"
510840220000092;5108402;Várzea Grande;Urbana;1.7791;0;1;-15.632518;-56.094828;2022;IBGE Censo 2022 — malha setores + agregados básicos (V0001);"Centroide = centro da bbox do setor; exposição proxy por centroide na mancha"
510840220000093;5108402;Várzea Grande;Urbana;0.055;554;204;-15.644209;-56.084805;2022;IBGE Censo 2022 — malha setores + agregados básicos (V0001);"Centroide = centro da bbox do setor; exposição proxy por centroide na mancha"
510300705000057;5103007;Chapada dos Guimarães;Rural;50.8277;78;128;-15.388865;-55.793463;2022;IBGE Censo 2022 — malha setores + agregados básicos (V0001);"Centroide = centro da bbox do setor; exposição proxy por centroide na mancha"
510300705000059;5103007;Chapada dos Guimarães;Rural;37.5498;121;119;-15.394377;-55.747574;2022;IBGE Censo 2022 — malha setores + agregados básicos (V0001);"Centroide = centro da bbox do setor; exposição proxy por centroide na mancha"
510300705000060;5103007;Chapada dos Guimarães;Urbana;0.2075;100;55;-15.433905;-55.737883;2022;IBGE Censo 2022 — malha setores + agregados básicos (V0001);"Centroide = centro da bbox do setor; exposição proxy por centroide na mancha"
510300705000015;5103007;Chapada dos Guimarães;Rural;294.4159;115;146;-15.279737;-55.697912;2022;IBGE Censo 2022 — malha setores + agregados básicos (V0001);"Centroide = centro da bbox do setor; exposição proxy por centroide na mancha"
510300705000016;5103007;Chapada dos Guimarães;Rural;39.7714;4;8;-15.322375;-55.821907;2022;IBGE Censo 2022 — malha setores + agregados básicos (V0001);"Centroide = centro da bbox do setor; exposição proxy por centroide na mancha"
510300705000054;5103007;Chapada dos Guimarães;Rural;0.3212;57;38;-15.35784;-55.553202;2022;IBGE Censo 2022 — malha setores + agregados básicos (V0001);"Centroide = centro da bbox do setor; exposição proxy por centroide na mancha"
510300705000018;5103007;Chapada dos Guimarães;Rural;198.1397;376;209;-15.170752;-55.61466;2022;IBGE Censo 2022 — malha setores + agregados básicos (V0001);"Centroide = centro da bbox do setor; exposição proxy por centroide na mancha"
510300705000033;5103007;Chapada dos Guimarães;Rural;1.5101;155;92;-15.264685;-55.607353;2022;IBGE Censo 2022 — malha setores + agregados básicos (V0001);"Centroide = centro da bbox do setor; exposição proxy por centroide na mancha"
510300710000002;5103007;Chapada dos Guimarães;Rural;144.8133;212;175;-15.199728;-55.792599;2022;IBGE Censo 2022 — malha setores + agregados básicos (V0001);"Centroide = centro da bbox do setor; exposição proxy por centroide na mancha"
510300710000001;5103007;Chapada dos Guimarães;Urbana;2.3119;365;225;-15.182041;-55.75466;2022;IBGE Censo 2022 — malha setores + agregados básicos (V0001);"Centroide = centro da bbox do setor; exposição proxy por centroide na mancha"
510300705000019;5103007;Chapada dos Guimarães;Rural;157.1568;334;288;-15.034369;-55.648785;2022;IBGE Censo 2022 — malha setores + agregados básicos (V0001);"Centroide = centro da bbox do setor; exposição proxy por centroide na mancha"
510300705000032;5103007;Chapada dos Guimarães;Rural;1.7468;276;161;-15.085299;-55.657438;2022;IBGE Censo 2022 — malha setores + agregados básicos (V0001);"Centroide = centro da bbox do setor; exposição proxy por centroide na mancha"
510300705000012;5103007;Chapada dos Guimarães;Rural;540.3707;110;121;-14.933894;-55.588139;2022;IBGE Censo 2022 — malha setores + agregados básicos (V0001);"Centroide = centro da bbox do setor; exposição proxy por centroide na mancha"
510300705000055;5103007;Chapada dos Guimarães;Rural;158.4262;134;157;-14.905601;-55.837234;2022;IBGE Censo 2022 — malha setores + agregados básicos (V0001);"Centroide = centro da bbox do setor; exposição proxy por centroide na mancha"
510300705000056;5103007;Chapada dos Guimarães;Urbana;2.717;3;60;-14.94993;-55.784502;2022;IBGE Censo 2022 — malha setores + agregados básicos (V0001);"Centroide = centro da bbox do setor; exposição proxy por centroide na mancha"
510300705000051;5103007;Chapada dos Guimarães;Rural;417.2407;319;438;-14.722272;-55.601948;2022;IBGE Censo 2022 — malha setores + agregados básicos (V0001);"Centroide = centro da bbox do setor; exposição proxy por centroide na mancha"
510300705000052;5103007;Chapada dos Guimarães;Rural;0.5899;193;148;-14.793511;-55.695312;2022;IBGE Censo 2022 — malha setores + agregados básicos (V0001);"Centroide = centro da bbox do setor; exposição proxy por centroide na mancha"
510300710000004;5103007;Chapada dos Guimarães;Rural;138.0607;289;241;-15.160197;-55.828798;2022;IBGE Censo 2022 — malha setores + agregados básicos (V0001);"Centroide = centro da bbox do setor; exposição proxy por centroide na mancha"
510300710000005;5103007;Chapada dos Guimarães;Rural;89.002;255;251;-15.114998;-55.734343;2022;IBGE Censo 2022 — malha setores + agregados básicos (V0001);"Centroide = centro da bbox do setor; exposição proxy por centroide na mancha"
510300710000006;5103007;Chapada dos Guimarães;Rural;395.3938;421;341;-15.001247;-55.866014;2022;IBGE Censo 2022 — malha setores + agregados básicos (V0001);"Centroide = centro da bbox do setor; exposição proxy por centroide na mancha"
510300710000008;5103007;Chapada dos Guimarães;Rural;94.0397;165;141;-15.057432;-56.020805;2022;IBGE Censo 2022 — malha setores + agregados básicos (V0001);"Centroide = centro da bbox do setor; exposição proxy por centroide na mancha"
510300710000010;5103007;Chapada dos Guimarães;Rural;93.4806;168;158;-15.082652;-55.792593;2022;IBGE Censo 2022 — malha setores + agregados básicos (V0001);"Centroide = centro da bbox do setor; exposição proxy por centroide na mancha"
510300710000011;5103007;Chapada dos Guimarães;Urbana;2.3743;38;62;-15.030253;-55.742531;2022;IBGE Censo 2022 — malha setores + agregados básicos (V0001);"Centroide = centro da bbox do setor; exposição proxy por centroide na mancha"
510300705000043;5103007;Chapada dos Guimarães;Urbana;0.7368;497;443;-15.434799;-55.772064;2022;IBGE Censo 2022 — malha setores + agregados básicos (V0001);"Centroide = centro da bbox do setor; exposição proxy por centroide na mancha"
510300705000035;5103007;Chapada dos Guimarães;Rural;21.4263;4;4;-15.422525;-55.848263;2022;IBGE Censo 2022 — malha setores + agregados básicos (V0001);"Centroide = centro da bbox do setor; exposição proxy por centroide na mancha"
510300705000058;5103007;Chapada dos Guimarães;Rural;44.9768;117;135;-15.398853;-55.690241;2022;IBGE Censo 2022 — malha setores + agregados básicos (V0001);"Centroide = centro da bbox do setor; exposição proxy por centroide na mancha"
510300710000003;5103007;Chapada dos Guimarães;Rural;65.2898;6;3;-15.259913;-55.888577;2022;IBGE Censo 2022 — malha setores + agregados básicos (V0001);"Centroide = centro da bbox do setor; exposição proxy por centroide na mancha"
510300705000020;5103007;Chapada dos Guimarães;Rural;114.1252;141;91;-15.430929;-55.597887;2022;IBGE Censo 2022 — malha setores + agregados básicos (V0001);"Centroide = centro da bbox do setor; exposição proxy por centroide na mancha"
510300705000017;5103007;Chapada dos Guimarães;Rural;221.0945;270;380;-15.377812;-55.622269;2022;IBGE Censo 2022 — malha setores + agregados básicos (V0001);"Centroide = centro da bbox do setor; exposição proxy por centroide na mancha"
510300705000007;5103007;Chapada dos Guimarães;Urbana;0.8851;271;252;-15.442878;-55.744123;2022;IBGE Censo 2022 — malha setores + agregados básicos (V0001);"Centroide = centro da bbox do setor; exposição proxy por centroide na mancha"
510300705000044;5103007;Chapada dos Guimarães;Urbana;0.9883;478;315;-15.440945;-55.758795;2022;IBGE Censo 2022 — malha setores + agregados básicos (V0001);"Centroide = centro da bbox do setor; exposição proxy por centroide na mancha"
510300705000009;5103007;Chapada dos Guimarães;Urbana;0.8233;250;215;-15.451327;-55.740877;2022;IBGE Censo 2022 — malha setores + agregados básicos (V0001);"Centroide = centro da bbox do setor; exposição proxy por centroide na mancha"
510300705000045;5103007;Chapada dos Guimarães;Urbana;2.5084;58;53;-15.442854;-55.746307;2022;IBGE Censo 2022 — malha setores + agregados básicos (V0001);"Centroide = centro da bbox do setor; exposição proxy por centroide na mancha"
510300705000046;5103007;Chapada dos Guimarães;Urbana;3.7194;77;55;-15.451996;-55.730232;2022;IBGE Censo 2022 — malha setores + agregados básicos (V0001);"Centroide = centro da bbox do setor; exposição proxy por centroide na mancha"
510300705000042;5103007;Chapada dos Guimarães;Urbana;4.5592;48;63;-15.44333;-55.779459;2022;IBGE Censo 2022 — malha setores + agregados básicos (V0001);"Centroide = centro da bbox do setor; exposição proxy por centroide na mancha"
510300705000038;5103007;Chapada dos Guimarães;Rural;40.3261;66;64;-15.443378;-55.800703;2022;IBGE Censo 2022 — malha setores + agregados básicos (V0001);"Centroide = centro da bbox do setor; exposição proxy por centroide na mancha"
510300705000047;5103007;Chapada dos Guimarães;Urbana;0.2091;1092;413;-15.454303;-55.729218;2022;IBGE Censo 2022 — malha setores + agregados básicos (V0001);"Centroide = centro da bbox do setor; exposição proxy por centroide na mancha"
510300705000023;5103007;Chapada dos Guimarães;Urbana;0.1455;846;344;-15.467182;-55.73111;2022;IBGE Censo 2022 — malha setores + agregados básicos (V0001);"Centroide = centro da bbox do setor; exposição proxy por centroide na mancha"
510340305000016;5103403;Cuiabá;Urbana;0.9171;136;76;-15.490678;-56.068996;2022;IBGE Censo 2022 — malha setores + agregados básicos (V0001);"Centroide = centro da bbox do setor; exposição proxy por centroide na mancha"
510340310000003;5103403;Cuiabá;Rural;23.3028;1;2;-15.444094;-55.870821;2022;IBGE Censo 2022 — malha setores + agregados básicos (V0001);"Centroide = centro da bbox do setor; exposição proxy por centroide na mancha"
510340315000003;5103403;Cuiabá;Rural;156.5635;27;52;-15.344041;-55.885353;2022;IBGE Censo 2022 — malha setores + agregados básicos (V0001);"Centroide = centro da bbox do setor; exposição proxy por centroide na mancha"
510340315000006;5103403;Cuiabá;Rural;72.9591;381;412;-15.335699;-55.967634;2022;IBGE Censo 2022 — malha setores + agregados básicos (V0001);"Centroide = centro da bbox do setor; exposição proxy por centroide na mancha"
510340315000008;5103403;Cuiabá;Rural;89.1156;228;336;-15.407352;-55.906757;2022;IBGE Censo 2022 — malha setores + agregados básicos (V0001);"Centroide = centro da bbox do setor; exposição proxy por centroide na mancha"
510340315000010;5103403;Cuiabá;Rural;87.3943;988;382;-15.430948;-56.025961;2022;IBGE Censo 2022 — malha setores + agregados básicos (V0001);"Centroide = centro da bbox do setor; exposição proxy por centroide na mancha"
510340315000011;5103403;Cuiabá;Rural;0.0658;228;63;-15.390746;-55.994856;2022;IBGE Censo 2022 — malha setores + agregados básicos (V0001);"Centroide = centro da bbox do setor; exposição proxy por centroide na mancha"
510340330000004;5103403;Cuiabá;Rural;108.7088;72;112;-15.136599;-55.960014;2022;IBGE Censo 2022 — malha setores + agregados básicos (V0001);"Centroide = centro da bbox do setor; exposição proxy por centroide na mancha"
510770120000001;5107701;Rosário Oeste;Rural;317.863;248;161;-14.79407;-55.954435;2022;IBGE Censo 2022 — malha setores + agregados básicos (V0001);"Centroide = centro da bbox do setor; exposição proxy por centroide na mancha"
510340305420006;5103403;Cuiabá;Urbana;0.1143;337;173;-15.601024;-56.087023;2022;IBGE Censo 2022 — malha setores + agregados básicos (V0001);"Centroide = centro da bbox do setor; exposição proxy por centroide na mancha"
510340305420079;5103403;Cuiabá;Urbana;0.1975;412;201;-15.600505;-56.093332;2022;IBGE Censo 2022 — malha setores + agregados básicos (V0001);"Centroide = centro da bbox do setor; exposição proxy por centroide na mancha"
510340305420080;5103403;Cuiabá;Urbana;0.2161;386;243;-15.598782;-56.091017;2022;IBGE Censo 2022 — malha setores + agregados básicos (V0001);"Centroide = centro da bbox do setor; exposição proxy por centroide na mancha"
510340305420007;5103403;Cuiabá;Urbana;0.1069;368;211;-15.597546;-56.088383;2022;IBGE Censo 2022 — malha setores + agregados básicos (V0001);"Centroide = centro da bbox do setor; exposição proxy por centroide na mancha"
510340305410084;5103403;Cuiabá;Urbana;0.072;13;22;-15.597324;-56.095881;2022;IBGE Censo 2022 — malha setores + agregados básicos (V0001);"Centroide = centro da bbox do setor; exposição proxy por centroide na mancha"
510340305420008;5103403;Cuiabá;Urbana;0.1298;539;290;-15.596812;-56.08589;2022;IBGE Censo 2022 — malha setores + agregados básicos (V0001);"Centroide = centro da bbox do setor; exposição proxy por centroide na mancha"
510340305410175;5103403;Cuiabá;Urbana;0.087;146;154;-15.596128;-56.09454;2022;IBGE Censo 2022 — malha setores + agregados básicos (V0001);"Centroide = centro da bbox do setor; exposição proxy por centroide na mancha"
510340305420009;5103403;Cuiabá;Urbana;0.1144;625;317;-15.595006;-56.082872;2022;IBGE Censo 2022 — malha setores + agregados básicos (V0001);"Centroide = centro da bbox do setor; exposição proxy por centroide na mancha"
510340305410083;5103403;Cuiabá;Urbana;0.0286;223;106;-15.594318;-56.095921;2022;IBGE Censo 2022 — malha setores + agregados básicos (V0001);"Centroide = centro da bbox do setor; exposição proxy por centroide na mancha"
510340305410176;5103403;Cuiabá;Urbana;0.0223;43;43;-15.594174;-56.093424;2022;IBGE Censo 2022 — malha setores + agregados básicos (V0001);"Centroide = centro da bbox do setor; exposição proxy por centroide na mancha"
510340305420011;5103403;Cuiabá;Urbana;0.1107;443;241;-15.593523;-56.090694;2022;IBGE Censo 2022 — malha setores + agregados básicos (V0001);"Centroide = centro da bbox do setor; exposição proxy por centroide na mancha"
510340305410147;5103403;Cuiabá;Urbana;0.0487;118;123;-15.5931;-56.093958;2022;IBGE Censo 2022 — malha setores + agregados básicos (V0001);"Centroide = centro da bbox do setor; exposição proxy por centroide na mancha"
510340305420012;5103403;Cuiabá;Urbana;0.1143;366;213;-15.59231;-56.088249;2022;IBGE Censo 2022 — malha setores + agregados básicos (V0001);"Centroide = centro da bbox do setor; exposição proxy por centroide na mancha"
510340305410082;5103403;Cuiabá;Urbana;0.0666;276;160;-15.591532;-56.095938;2022;IBGE Censo 2022 — malha setores + agregados básicos (V0001);"Centroide = centro da bbox do setor; exposição proxy por centroide na mancha"
510340305410080;5103403;Cuiabá;Urbana;0.0942;296;210;-15.588778;-56.095385;2022;IBGE Censo 2022 — malha setores + agregados básicos (V0001);"Centroide = centro da bbox do setor; exposição proxy por centroide na mancha"
510340305410250;5103403;Cuiabá;Urbana;0.0563;546;344;-15.587949;-56.093176;2022;IBGE Censo 2022 — malha setores + agregados básicos (V0001);"Centroide = centro da bbox do setor; exposição proxy por centroide na mancha"
510340305410146;5103403;Cuiabá;Urbana;0.0536;432;253;-15.586771;-56.095995;2022;IBGE Censo 2022 — malha setores + agregados básicos (V0001);"Centroide = centro da bbox do setor; exposição proxy por centroide na mancha"
510340305410143;5103403;Cuiabá;Urbana;0.0336;424;235;-15.587449;-56.083719;2022;IBGE Censo 2022 — malha setores + agregados básicos (V0001);"Centroide = centro da bbox do setor; exposição proxy por centroide na mancha"
510340305410251;5103403;Cuiabá;Urbana;0.0509;273;165;-15.58651;-56.090923;2022;IBGE Censo 2022 — malha setores + agregados básicos (V0001);"Centroide = centro da bbox do setor; exposição proxy por centroide na mancha"
510340305420081;5103403;Cuiabá;Urbana;0.1211;337;222;-15.590758;-56.092571;2022;IBGE Censo 2022 — malha setores + agregados básicos (V0001);"Centroide = centro da bbox do setor; exposição proxy por centroide na mancha"
510340305420082;5103403;Cuiabá;Urbana;0.153;600;290;-15.588267;-56.09013;2022;IBGE Censo 2022 — malha setores + agregados básicos (V0001);"Centroide = centro da bbox do setor; exposição proxy por centroide na mancha"
510340305420083;5103403;Cuiabá;Urbana;0.1836;555;334;-15.588434;-56.086998;2022;IBGE Censo 2022 — malha setores + agregados básicos (V0001);"Centroide = centro da bbox do setor; exposição proxy por centroide na mancha"
510340305420084;5103403;Cuiabá;Urbana;0.1288;792;346;-15.599383;-56.08452;2022;IBGE Censo 2022 — malha setores + agregados básicos (V0001);"Centroide = centro da bbox do setor; exposição proxy por centroide na mancha"
510340305420085;5103403;Cuiabá;Urbana;0.0801;378;218;-15.595329;-56.089893;2022;IBGE Censo 2022 — malha setores + agregados básicos (V0001);"Centroide = centro da bbox do setor; exposição proxy por centroide na mancha"
510340305420086;5103403;Cuiabá;Urbana;0.1118;472;264;-15.593793;-56.08585;2022;IBGE Censo 2022 — malha setores + agregados básicos (V0001);"Centroide = centro da bbox do setor; exposição proxy por centroide na mancha"
510340305420088;5103403;Cuiabá;Urbana;0.0775;277;202;-15.589749;-56.085114;2022;IBGE Censo 2022 — malha setores + agregados básicos (V0001);"Centroide = centro da bbox do setor; exposição proxy por centroide na mancha"
510340305410078;5103403;Cuiabá;Urbana;0.0672;436;230;-15.585375;-56.092052;2022;IBGE Censo 2022 — malha setores + agregados básicos (V0001);"Centroide = centro da bbox do setor; exposição proxy por centroide na mancha"
510340305410069;5103403;Cuiabá;Urbana;0.0358;83;48;-15.586237;-56.085903;2022;IBGE Censo 2022 — malha setores + agregados básicos (V0001);"Centroide = centro da bbox do setor; exposição proxy por centroide na mancha"
510340305410145;5103403;Cuiabá;Urbana;0.0896;275;151;-15.584522;-56.092129;2022;IBGE Censo 2022 — malha setores + agregados básicos (V0001);"Centroide = centro da bbox do setor; exposição proxy por centroide na mancha"
510340305410119;5103403;Cuiabá;Urbana;0.1368;739;354;-15.584056;-56.095249;2022;IBGE Censo 2022 — malha setores + agregados básicos (V0001);"Centroide = centro da bbox do setor; exposição proxy por centroide na mancha"
510340305410174;5103403;Cuiabá;Urbana;0.0386;87;52;-15.584945;-56.089399;2022;IBGE Censo 2022 — malha setores + agregados básicos (V0001);"Centroide = centro da bbox do setor; exposição proxy por centroide na mancha"
510340305410226;5103403;Cuiabá;Urbana;0.0248;463;219;-15.584708;-56.086227;2022;IBGE Censo 2022 — malha setores + agregados básicos (V0001);"Centroide = centro da bbox do setor; exposição proxy por centroide na mancha"
510340305410225;5103403;Cuiabá;Urbana;0.0489;400;176;-15.583984;-56.084154;2022;IBGE Censo 2022 — malha setores + agregados básicos (V0001);"Centroide = centro da bbox do setor; exposição proxy por centroide na mancha"
510340305410070;5103403;Cuiabá;Urbana;0.2109;701;379;-15.58309;-56.086535;2022;IBGE Censo 2022 — malha setores + agregados básicos (V0001);"Centroide = centro da bbox do setor; exposição proxy por centroide na mancha"
510340305410183;5103403;Cuiabá;Urbana;0.1375;410;184;-15.58109;-56.093105;2022;IBGE Censo 2022 — malha setores + agregados básicos (V0001);"Centroide = centro da bbox do setor; exposição proxy por centroide na mancha"
510340305410167;5103403;Cuiabá;Urbana;0.4178;858;375;-15.577493;-56.089592;2022;IBGE Censo 2022 — malha setores + agregados básicos (V0001);"Centroide = centro da bbox do setor; exposição proxy por centroide na mancha"
510340305410071;5103403;Cuiabá;Urbana;0.0994;506;286;-15.580979;-56.084541;2022;IBGE Censo 2022 — malha setores + agregados básicos (V0001);"Centroide = centro da bbox do setor; exposição proxy por centroide na mancha"
510340305410118;5103403;Cuiabá;Urbana;0.0636;637;284;-15.580626;-56.095171;2022;IBGE Censo 2022 — malha setores + agregados básicos (V0001);"Centroide = centro da bbox do setor; exposição proxy por centroide na mancha"
510340305410249;5103403;Cuiabá;Urbana;0.0712;486;269;-15.579757;-56.084829;2022;IBGE Censo 2022 — malha setores + agregados básicos (V0001);"Centroide = centro da bbox do setor; exposição proxy por centroide na mancha"
510340305410142;5103403;Cuiabá;Urbana;0.1142;571;304;-15.577737;-56.093168;2022;IBGE Censo 2022 — malha setores + agregados básicos (V0001);"Centroide = centro da bbox do setor; exposição proxy por centroide na mancha"
510340305410248;5103403;Cuiabá;Urbana;0.0416;393;190;-15.578279;-56.085405;2022;IBGE Censo 2022 — malha setores + agregados básicos (V0001);"Centroide = centro da bbox do setor; exposição proxy por centroide na mancha"
510340305410073;5103403;Cuiabá;Urbana;0.0577;589;323;-15.577359;-56.085831;2022;IBGE Censo 2022 — malha setores + agregados básicos (V0001);"Centroide = centro da bbox do setor; exposição proxy por centroide na mancha"
510340305410247;5103403;Cuiabá;Urbana;0.2108;564;308;-15.575867;-56.093592;2022;IBGE Censo 2022 — malha setores + agregados básicos (V0001);"Centroide = centro da bbox do setor; exposição proxy por centroide na mancha"
510340305410074;5103403;Cuiabá;Urbana;0.0295;295;129;-15.577012;-56.086237;2022;IBGE Censo 2022 — malha setores + agregados básicos (V0001);"Centroide = centro da bbox do setor; exposição proxy por centroide na mancha"
510340305410075;5103403;Cuiabá;Urbana;0.0833;600;281;-15.575637;-56.083975;2022;IBGE Censo 2022 — malha setores + agregados básicos (V0001);"Centroide = centro da bbox do setor; exposição proxy por centroide na mancha"
510340305410171;5103403;Cuiabá;Urbana;0.031;304;163;-15.574862;-56.086296;2022;IBGE Censo 2022 — malha setores + agregados básicos (V0001);"Centroide = centro da bbox do setor; exposição proxy por centroide na mancha"
510340305410239;5103403;Cuiabá;Urbana;0.0403;348;135;-15.573474;-56.083445;2022;IBGE Censo 2022 — malha setores + agregados básicos (V0001);"Centroide = centro da bbox do setor; exposição proxy por centroide na mancha"
510340305410246;5103403;Cuiabá;Urbana;0.0489;364;197;-15.573091;-56.095751;2022;IBGE Censo 2022 — malha setores + agregados básicos (V0001);"Centroide = centro da bbox do setor; exposição proxy por centroide na mancha"
510340305410076;5103403;Cuiabá;Urbana;0.035;476;225;-15.573032;-56.084812;2022;IBGE Censo 2022 — malha setores + agregados básicos (V0001);"Centroide = centro da bbox do setor; exposição proxy por centroide na mancha"
510340305410144;5103403;Cuiabá;Urbana;0.0242;380;183;-15.572675;-56.083927;2022;IBGE Censo 2022 — malha setores + agregados básicos (V0001);"Centroide = centro da bbox do setor; exposição proxy por centroide na mancha"
510340305410061;5103403;Cuiabá;Urbana;0.0738;546;191;-15.57108;-56.092968;2022;IBGE Censo 2022 — malha setores + agregados básicos (V0001);"Centroide = centro da bbox do setor; exposição proxy por centroide na mancha"
510340305410188;5103403;Cuiabá;Urbana;0.4315;743;390;-15.568913;-56.08947;2022;IBGE Censo 2022 — malha setores + agregados básicos (V0001);"Centroide = centro da bbox do setor; exposição proxy por centroide na mancha"
510340305410224;5103403;Cuiabá;Urbana;0.1046;661;297;-15.570546;-56.095303;2022;IBGE Censo 2022 — malha setores + agregados básicos (V0001);"Centroide = centro da bbox do setor; exposição proxy por centroide na mancha"
510340305410141;5103403;Cuiabá;Urbana;0.0588;502;172;-15.57121;-56.094378;2022;IBGE Censo 2022 — malha setores + agregados básicos (V0001);"Centroide = centro da bbox do setor; exposição proxy por centroide na mancha"
510340305410222;5103403;Cuiabá;Urbana;0.0225;261;144;-15.570351;-56.096653;2022;IBGE Censo 2022 — malha setores + agregados básicos (V0001);"Centroide = centro da bbox do setor; exposição proxy por centroide na mancha"
510340305410223;5103403;Cuiabá;Urbana;0.1101;738;305;-15.567605;-56.092468;2022;IBGE Censo 2022 — malha setores + agregados básicos (V0001);"Centroide = centro da bbox do setor; exposição proxy por centroide na mancha"
510340305410221;5103403;Cuiabá;Urbana;0.0619;601;261;-15.567548;-56.096157;2022;IBGE Censo 2022 — malha setores + agregados básicos (V0001);"Centroide = centro da bbox do setor; exposição proxy por centroide na mancha"
510340305410227;5103403;Cuiabá;Urbana;0.0379;665;277;-15.566907;-56.090242;2022;IBGE Censo 2022 — malha setores + agregados básicos (V0001);"Centroide = centro da bbox do setor; exposição proxy por centroide na mancha"
510340305410228;5103403;Cuiabá;Urbana;0.0346;449;182;-15.565837;-56.089783;2022;IBGE Censo 2022 — malha setores + agregados básicos (V0001);"Centroide = centro da bbox do setor; exposição proxy por centroide na mancha"
510340305410140;5103403;Cuiabá;Urbana;0.3696;814;332;-15.563687;-56.090645;2022;IBGE Censo 2022 — malha setores + agregados básicos (V0001);"Centroide = centro da bbox do setor; exposição proxy por centroide na mancha"
510610915000009;5106109;Nossa Senhora do Livramento;Rural;0.4844;96;95;-15.497298;-56.469316;2022;IBGE Censo 2022 — malha setores + agregados básicos (V0001);"Centroide = centro da bbox do setor; exposição proxy por centroide na mancha"
510340305410127;5103403;Cuiabá;Urbana;2.2573;546;198;-15.57219;-56.131508;2022;IBGE Censo 2022 — malha setores + agregados básicos (V0001);"Centroide = centro da bbox do setor; exposição proxy por centroide na mancha"
510340305410192;5103403;Cuiabá;Urbana;0.3265;933;347;-15.566379;-56.12492;2022;IBGE Censo 2022 — malha setores + agregados básicos (V0001);"Centroide = centro da bbox do setor; exposição proxy por centroide na mancha"
510340305410230;5103403;Cuiabá;Urbana;0.3336;744;284;-15.571497;-56.122105;2022;IBGE Censo 2022 — malha setores + agregados básicos (V0001);"Centroide = centro da bbox do setor; exposição proxy por centroide na mancha"
510340305410231;5103403;Cuiabá;Urbana;0.2545;572;229;-15.575461;-56.121319;2022;IBGE Censo 2022 — malha setores + agregados básicos (V0001);"Centroide = centro da bbox do setor; exposição proxy por centroide na mancha"
510340305410056;5103403;Cuiabá;Urbana;0.1314;715;295;-15.567551;-56.12019;2022;IBGE Censo 2022 — malha setores + agregados básicos (V0001);"Centroide = centro da bbox do setor; exposição proxy por centroide na mancha"
510340305410137;5103403;Cuiabá;Urbana;0.2802;986;452;-15.584252;-56.117844;2022;IBGE Censo 2022 — malha setores + agregados básicos (V0001);"Centroide = centro da bbox do setor; exposição proxy por centroide na mancha"
510340305410216;5103403;Cuiabá;Urbana;0.3289;457;204;-15.582538;-56.123821;2022;IBGE Censo 2022 — malha setores + agregados básicos (V0001);"Centroide = centro da bbox do setor; exposição proxy por centroide na mancha"
510840215000001;5108402;Várzea Grande;Urbana;1.4071;250;155;-15.568899;-56.144346;2022;IBGE Censo 2022 — malha setores + agregados básicos (V0001);"Centroide = centro da bbox do setor; exposição proxy por centroide na mancha"
510840215000003;5108402;Várzea Grande;Rural;148.8143;290;267;-15.478356;-56.347994;2022;IBGE Censo 2022 — malha setores + agregados básicos (V0001);"Centroide = centro da bbox do setor; exposição proxy por centroide na mancha"
510840215000010;5108402;Várzea Grande;Urbana;1.0456;298;146;-15.577776;-56.139257;2022;IBGE Censo 2022 — malha setores + agregados básicos (V0001);"Centroide = centro da bbox do setor; exposição proxy por centroide na mancha"
510840215000014;5108402;Várzea Grande;Rural;44.1767;156;147;-15.574852;-56.2857;2022;IBGE Censo 2022 — malha setores + agregados básicos (V0001);"Centroide = centro da bbox do setor; exposição proxy por centroide na mancha"
510840215000015;5108402;Várzea Grande;Rural;82.8677;303;168;-15.55233;-56.208963;2022;IBGE Censo 2022 — malha setores + agregados básicos (V0001);"Centroide = centro da bbox do setor; exposição proxy por centroide na mancha"
510340305410066;5103403;Cuiabá;Urbana;0.0854;564;331;-15.583049;-56.081886;2022;IBGE Censo 2022 — malha setores + agregados básicos (V0001);"Centroide = centro da bbox do setor; exposição proxy por centroide na mancha"
510340305410168;5103403;Cuiabá;Urbana;0.1061;450;242;-15.581734;-56.078787;2022;IBGE Censo 2022 — malha setores + agregados básicos (V0001);"Centroide = centro da bbox do setor; exposição proxy por centroide na mancha"
510340305420134;5103403;Cuiabá;Urbana;0.0204;191;120;-15.5829;-56.070696;2022;IBGE Censo 2022 — malha setores + agregados básicos (V0001);"Centroide = centro da bbox do setor; exposição proxy por centroide na mancha"
510340305420021;5103403;Cuiabá;Urbana;0.0214;446;252;-15.582807;-56.072031;2022;IBGE Censo 2022 — malha setores + agregados básicos (V0001);"Centroide = centro da bbox do setor; exposição proxy por centroide na mancha"
510340305420019;5103403;Cuiabá;Urbana;0.1825;335;123;-15.580213;-56.075083;2022;IBGE Censo 2022 — malha setores + agregados básicos (V0001);"Centroide = centro da bbox do setor; exposição proxy por centroide na mancha"
510340305420020;5103403;Cuiabá;Urbana;0.021;321;187;-15.582029;-56.073324;2022;IBGE Censo 2022 — malha setores + agregados básicos (V0001);"Centroide = centro da bbox do setor; exposição proxy por centroide na mancha"
510340305420109;5103403;Cuiabá;Urbana;0.073;566;300;-15.579931;-56.068634;2022;IBGE Censo 2022 — malha setores + agregados básicos (V0001);"Centroide = centro da bbox do setor; exposição proxy por centroide na mancha"
510340305420108;5103403;Cuiabá;Urbana;0.0119;274;155;-15.580673;-56.071564;2022;IBGE Censo 2022 — malha setores + agregados básicos (V0001);"Centroide = centro da bbox do setor; exposição proxy por centroide na mancha"
510340305410065;5103403;Cuiabá;Urbana;0.1608;704;356;-15.579312;-56.078882;2022;IBGE Censo 2022 — malha setores + agregados básicos (V0001);"Centroide = centro da bbox do setor; exposição proxy por centroide na mancha"
510340305420147;5103403;Cuiabá;Urbana;0.0476;1149;540;-15.579654;-56.072264;2022;IBGE Censo 2022 — malha setores + agregados básicos (V0001);"Centroide = centro da bbox do setor; exposição proxy por centroide na mancha"
510340305420146;5103403;Cuiabá;Urbana;0.2629;1111;476;-15.577213;-56.07163;2022;IBGE Censo 2022 — malha setores + agregados básicos (V0001);"Centroide = centro da bbox do setor; exposição proxy por centroide na mancha"
510340305410064;5103403;Cuiabá;Urbana;0.1069;905;382;-15.577794;-56.082359;2022;IBGE Censo 2022 — malha setores + agregados básicos (V0001);"Centroide = centro da bbox do setor; exposição proxy por centroide na mancha"
510340305410173;5103403;Cuiabá;Urbana;0.2159;254;120;-15.575987;-56.079023;2022;IBGE Censo 2022 — malha setores + agregados básicos (V0001);"Centroide = centro da bbox do setor; exposição proxy por centroide na mancha"
510340305410229;5103403;Cuiabá;Urbana;0.0385;377;185;-15.575878;-56.075136;2022;IBGE Censo 2022 — malha setores + agregados básicos (V0001);"Centroide = centro da bbox do setor; exposição proxy por centroide na mancha"
510340305410220;5103403;Cuiabá;Urbana;0.0258;429;209;-15.57479;-56.076462;2022;IBGE Censo 2022 — malha setores + agregados básicos (V0001);"Centroide = centro da bbox do setor; exposição proxy por centroide na mancha"
510340305400056;5103403;Cuiabá;Urbana;1.0737;0;0;-15.568545;-56.071491;2022;IBGE Censo 2022 — malha setores + agregados básicos (V0001);"Centroide = centro da bbox do setor; exposição proxy por centroide na mancha"
510340305410219;5103403;Cuiabá;Urbana;0.2297;19;138;-15.571612;-56.078918;2022;IBGE Censo 2022 — malha setores + agregados básicos (V0001);"Centroide = centro da bbox do setor; exposição proxy por centroide na mancha"
510340305410172;5103403;Cuiabá;Urbana;0.1608;365;195;-15.569156;-56.084967;2022;IBGE Censo 2022 — malha setores + agregados básicos (V0001);"Centroide = centro da bbox do setor; exposição proxy por centroide na mancha"
510340305410238;5103403;Cuiabá;Urbana;0.193;207;92;-15.569605;-56.082544;2022;IBGE Censo 2022 — malha setores + agregados básicos (V0001);"Centroide = centro da bbox do setor; exposição proxy por centroide na mancha"
510340305400040;5103403;Cuiabá;Urbana;1.0598;5;1;-15.562802;-56.074066;2022;IBGE Censo 2022 — malha setores + agregados básicos (V0001);"Centroide = centro da bbox do setor; exposição proxy por centroide na mancha"
510340305400061;5103403;Cuiabá;Urbana;0.1565;745;324;-15.559073;-56.080128;2022;IBGE Censo 2022 — malha setores + agregados básicos (V0001);"Centroide = centro da bbox do setor; exposição proxy por centroide na mancha"
510340305400048;5103403;Cuiabá;Urbana;0.2668;1142;477;-15.554384;-56.080641;2022;IBGE Censo 2022 — malha setores + agregados básicos (V0001);"Centroide = centro da bbox do setor; exposição proxy por centroide na mancha"
510340305400019;5103403;Cuiabá;Urbana;0.1398;1147;394;-15.537758;-56.075037;2022;IBGE Censo 2022 — malha setores + agregados básicos (V0001);"Centroide = centro da bbox do setor; exposição proxy por centroide na mancha"
510340305400047;5103403;Cuiabá;Urbana;0.5456;583;219;-15.554564;-56.071449;2022;IBGE Censo 2022 — malha setores + agregados básicos (V0001);"Centroide = centro da bbox do setor; exposição proxy por centroide na mancha"
510340305400034;5103403;Cuiabá;Urbana;0.2417;754;281;-15.547511;-56.070026;2022;IBGE Censo 2022 — malha setores + agregados básicos (V0001);"Centroide = centro da bbox do setor; exposição proxy por centroide na mancha"
510340310420009;5103403;Cuiabá;Urbana;0.0411;323;141;-15.581649;-56.066118;2022;IBGE Censo 2022 — malha setores + agregados básicos (V0001);"Centroide = centro da bbox do setor; exposição proxy por centroide na mancha"
510340310420011;5103403;Cuiabá;Urbana;0.0274;0;0;-15.579287;-56.06698;2022;IBGE Censo 2022 — malha setores + agregados básicos (V0001);"Centroide = centro da bbox do setor; exposição proxy por centroide na mancha"
510340305400057;5103403;Cuiabá;Urbana;0.2511;812;303;-15.572525;-56.070038;2022;IBGE Censo 2022 — malha setores + agregados básicos (V0001);"Centroide = centro da bbox do setor; exposição proxy por centroide na mancha"
510340305420035;5103403;Cuiabá;Urbana;0.0614;604;231;-15.596605;-56.072933;2022;IBGE Censo 2022 — malha setores + agregados básicos (V0001);"Centroide = centro da bbox do setor; exposição proxy por centroide na mancha"
510340305420037;5103403;Cuiabá;Urbana;0.0794;308;120;-15.595786;-56.076376;2022;IBGE Censo 2022 — malha setores + agregados básicos (V0001);"Centroide = centro da bbox do setor; exposição proxy por centroide na mancha"
510340305420010;5103403;Cuiabá;Urbana;0.0768;560;266;-15.594598;-56.081696;2022;IBGE Censo 2022 — malha setores + agregados básicos (V0001);"Centroide = centro da bbox do setor; exposição proxy por centroide na mancha"
510340305420029;5103403;Cuiabá;Urbana;0.1061;617;212;-15.594613;-56.070297;2022;IBGE Censo 2022 — malha setores + agregados básicos (V0001);"Centroide = centro da bbox do setor; exposição proxy por centroide na mancha"
510340305420028;5103403;Cuiabá;Urbana;0.0626;618;244;-15.595214;-56.072762;2022;IBGE Censo 2022 — malha setores + agregados básicos (V0001);"Centroide = centro da bbox do setor; exposição proxy por centroide na mancha"
510340305420087;5103403;Cuiabá;Urbana;0.0592;181;92;-15.59438;-56.079674;2022;IBGE Censo 2022 — malha setores + agregados básicos (V0001);"Centroide = centro da bbox do setor; exposição proxy por centroide na mancha"
510340305420036;5103403;Cuiabá;Urbana;0.0889;612;260;-15.59398;-56.078249;2022;IBGE Censo 2022 — malha setores + agregados básicos (V0001);"Centroide = centro da bbox do setor; exposição proxy por centroide na mancha"
510340305420017;5103403;Cuiabá;Urbana;0.1769;398;190;-15.5927;-56.073444;2022;IBGE Censo 2022 — malha setores + agregados básicos (V0001);"Centroide = centro da bbox do setor; exposição proxy por centroide na mancha"
510340305420016;5103403;Cuiabá;Urbana;0.0571;249;126;-15.591325;-56.074011;2022;IBGE Censo 2022 — malha setores + agregados básicos (V0001);"Centroide = centro da bbox do setor; exposição proxy por centroide na mancha"
510340305420013;5103403;Cuiabá;Urbana;0.1298;350;151;-15.591218;-56.083279;2022;IBGE Censo 2022 — malha setores + agregados básicos (V0001);"Centroide = centro da bbox do setor; exposição proxy por centroide na mancha"
510340305420015;5103403;Cuiabá;Urbana;0.1326;631;288;-15.590209;-56.079178;2022;IBGE Censo 2022 — malha setores + agregados básicos (V0001);"Centroide = centro da bbox do setor; exposição proxy por centroide na mancha"
510340305420118;5103403;Cuiabá;Urbana;0.1172;777;418;-15.590088;-56.07585;2022;IBGE Censo 2022 — malha setores + agregados básicos (V0001);"Centroide = centro da bbox do setor; exposição proxy por centroide na mancha"
510340305420124;5103403;Cuiabá;Urbana;0.1013;453;227;-15.588651;-56.074612;2022;IBGE Censo 2022 — malha setores + agregados básicos (V0001);"Centroide = centro da bbox do setor; exposição proxy por centroide na mancha"
510340305420143;5103403;Cuiabá;Urbana;0.045;665;315;-15.588869;-56.072262;2022;IBGE Censo 2022 — malha setores + agregados básicos (V0001);"Centroide = centro da bbox do setor; exposição proxy por centroide na mancha"
510340305420014;5103403;Cuiabá;Urbana;0.0549;379;211;-15.588381;-56.082273;2022;IBGE Censo 2022 — malha setores + agregados básicos (V0001);"Centroide = centro da bbox do setor; exposição proxy por centroide na mancha"
510340305420126;5103403;Cuiabá;Urbana;0.0427;285;141;-15.588494;-56.078445;2022;IBGE Censo 2022 — malha setores + agregados básicos (V0001);"Centroide = centro da bbox do setor; exposição proxy por centroide na mancha"
510340305420025;5103403;Cuiabá;Urbana;0.0813;507;181;-15.586668;-56.070438;2022;IBGE Censo 2022 — malha setores + agregados básicos (V0001);"Centroide = centro da bbox do setor; exposição proxy por centroide na mancha"
510340305420125;5103403;Cuiabá;Urbana;0.0305;385;272;-15.58777;-56.079453;2022;IBGE Censo 2022 — malha setores + agregados básicos (V0001);"Centroide = centro da bbox do setor; exposição proxy por centroide na mancha"
510340305420135;5103403;Cuiabá;Urbana;0.1813;485;300;-15.585645;-56.069971;2022;IBGE Censo 2022 — malha setores + agregados básicos (V0001);"Centroide = centro da bbox do setor; exposição proxy por centroide na mancha"
510340305420123;5103403;Cuiabá;Urbana;0.088;537;298;-15.586516;-56.076778;2022;IBGE Censo 2022 — malha setores + agregados básicos (V0001);"Centroide = centro da bbox do setor; exposição proxy por centroide na mancha"
510340305420142;5103403;Cuiabá;Urbana;0.047;293;114;-15.586341;-56.074547;2022;IBGE Censo 2022 — malha setores + agregados básicos (V0001);"Centroide = centro da bbox do setor; exposição proxy por centroide na mancha"
510340305420106;5103403;Cuiabá;Urbana;0.0615;478;245;-15.586459;-56.080311;2022;IBGE Censo 2022 — malha setores + agregados básicos (V0001);"Centroide = centro da bbox do setor; exposição proxy por centroide na mancha"
510340305410067;5103403;Cuiabá;Urbana;0.0337;532;280;-15.585986;-56.083017;2022;IBGE Censo 2022 — malha setores + agregados básicos (V0001);"Centroide = centro da bbox do setor; exposição proxy por centroide na mancha"
510340305410169;5103403;Cuiabá;Urbana;0.0288;55;20;-15.585267;-56.081104;2022;IBGE Censo 2022 — malha setores + agregados básicos (V0001);"Centroide = centro da bbox do setor; exposição proxy por centroide na mancha"
510340305420026;5103403;Cuiabá;Urbana;0.0492;517;242;-15.584876;-56.07275;2022;IBGE Censo 2022 — malha setores + agregados básicos (V0001);"Centroide = centro da bbox do setor; exposição proxy por centroide na mancha"
510340305410068;5103403;Cuiabá;Urbana;0.0537;532;301;-15.585113;-56.08334;2022;IBGE Censo 2022 — malha setores + agregados básicos (V0001);"Centroide = centro da bbox do setor; exposição proxy por centroide na mancha"
510340305420018;5103403;Cuiabá;Urbana;0.0989;637;296;-15.584054;-56.078279;2022;IBGE Censo 2022 — malha setores + agregados básicos (V0001);"Centroide = centro da bbox do setor; exposição proxy por centroide na mancha"
510340305420091;5103403;Cuiabá;Urbana;0.0375;421;154;-15.584499;-56.075726;2022;IBGE Censo 2022 — malha setores + agregados básicos (V0001);"Centroide = centro da bbox do setor; exposição proxy por centroide na mancha"
510340305420090;5103403;Cuiabá;Urbana;0.0672;581;290;-15.583801;-56.073957;2022;IBGE Censo 2022 — malha setores + agregados básicos (V0001);"Centroide = centro da bbox do setor; exposição proxy por centroide na mancha"
510590306000003;5105903;Nobres;Rural;128.3167;43;31;-14.654521;-56.029013;2022;IBGE Censo 2022 — malha setores + agregados básicos (V0001);"Centroide = centro da bbox do setor; exposição proxy por centroide na mancha"
510590306000002;5105903;Nobres;Rural;160.1225;499;328;-14.609511;-55.94178;2022;IBGE Censo 2022 — malha setores + agregados básicos (V0001);"Centroide = centro da bbox do setor; exposição proxy por centroide na mancha"
510590307000009;5105903;Nobres;Rural;59.4444;24;16;-14.606167;-56.103193;2022;IBGE Censo 2022 — malha setores + agregados básicos (V0001);"Centroide = centro da bbox do setor; exposição proxy por centroide na mancha"
510590306000001;5105903;Nobres;Urbana;1.5147;785;353;-14.552113;-55.873201;2022;IBGE Censo 2022 — malha setores + agregados básicos (V0001);"Centroide = centro da bbox do setor; exposição proxy por centroide na mancha"
510590305000014;5105903;Nobres;Rural;456.6374;177;125;-14.328466;-55.960716;2022;IBGE Censo 2022 — malha setores + agregados básicos (V0001);"Centroide = centro da bbox do setor; exposição proxy por centroide na mancha"
510590306000004;5105903;Nobres;Rural;153.3523;19;9;-14.295583;-55.665649;2022;IBGE Censo 2022 — malha setores + agregados básicos (V0001);"Centroide = centro da bbox do setor; exposição proxy por centroide na mancha"
510590307000002;5105903;Nobres;Rural;315.2528;27;13;-14.308068;-55.788324;2022;IBGE Censo 2022 — malha setores + agregados básicos (V0001);"Centroide = centro da bbox do setor; exposição proxy por centroide na mancha"
510590307000004;5105903;Nobres;Rural;513.0665;15;21;-14.147727;-55.65674;2022;IBGE Censo 2022 — malha setores + agregados básicos (V0001);"Centroide = centro da bbox do setor; exposição proxy por centroide na mancha"
510590306000011;5105903;Nobres;Rural;0.4149;36;11;-14.194492;-55.476864;2022;IBGE Censo 2022 — malha setores + agregados básicos (V0001);"Centroide = centro da bbox do setor; exposição proxy por centroide na mancha"
510590305000001;5105903;Nobres;Urbana;0.161;479;210;-14.724615;-56.334019;2022;IBGE Censo 2022 — malha setores + agregados básicos (V0001);"Centroide = centro da bbox do setor; exposição proxy por centroide na mancha"
510590305000018;5105903;Nobres;Urbana;0.115;309;160;-14.723273;-56.32822;2022;IBGE Censo 2022 — malha setores + agregados básicos (V0001);"Centroide = centro da bbox do setor; exposição proxy por centroide na mancha"
510590305000002;5105903;Nobres;Urbana;0.2949;376;203;-14.721459;-56.335323;2022;IBGE Censo 2022 — malha setores + agregados básicos (V0001);"Centroide = centro da bbox do setor; exposição proxy por centroide na mancha"
510590305000017;5105903;Nobres;Urbana;0.1964;508;236;-14.721844;-56.331211;2022;IBGE Censo 2022 — malha setores + agregados básicos (V0001);"Centroide = centro da bbox do setor; exposição proxy por centroide na mancha"
510590305000024;5105903;Nobres;Urbana;0.1944;237;89;-14.719191;-56.338234;2022;IBGE Censo 2022 — malha setores + agregados básicos (V0001);"Centroide = centro da bbox do setor; exposição proxy por centroide na mancha"
510590305000036;5105903;Nobres;Urbana;0.3087;561;207;-14.719409;-56.340527;2022;IBGE Censo 2022 — malha setores + agregados básicos (V0001);"Centroide = centro da bbox do setor; exposição proxy por centroide na mancha"
510590305000011;5105903;Nobres;Urbana;0.3564;364;169;-14.717693;-56.331223;2022;IBGE Censo 2022 — malha setores + agregados básicos (V0001);"Centroide = centro da bbox do setor; exposição proxy por centroide na mancha"
510590305000004;5105903;Nobres;Urbana;0.3572;623;258;-14.71278;-56.32658;2022;IBGE Censo 2022 — malha setores + agregados básicos (V0001);"Centroide = centro da bbox do setor; exposição proxy por centroide na mancha"
510590305000003;5105903;Nobres;Urbana;0.21;524;219;-14.713324;-56.331865;2022;IBGE Censo 2022 — malha setores + agregados básicos (V0001);"Centroide = centro da bbox do setor; exposição proxy por centroide na mancha"
510590305000028;5105903;Nobres;Urbana;0.157;188;85;-14.713699;-56.330463;2022;IBGE Censo 2022 — malha setores + agregados básicos (V0001);"Centroide = centro da bbox do setor; exposição proxy por centroide na mancha"
510590305000025;5105903;Nobres;Urbana;0.2486;556;203;-14.710167;-56.334541;2022;IBGE Censo 2022 — malha setores + agregados básicos (V0001);"Centroide = centro da bbox do setor; exposição proxy por centroide na mancha"
510590305000026;5105903;Nobres;Urbana;0.1247;254;97;-14.711632;-56.333776;2022;IBGE Censo 2022 — malha setores + agregados básicos (V0001);"Centroide = centro da bbox do setor; exposição proxy por centroide na mancha"
510590305000009;5105903;Nobres;Urbana;2.5708;166;90;-14.70606;-56.337608;2022;IBGE Censo 2022 — malha setores + agregados básicos (V0001);"Centroide = centro da bbox do setor; exposição proxy por centroide na mancha"
510590305000027;5105903;Nobres;Urbana;0.0875;156;64;-14.708346;-56.330807;2022;IBGE Censo 2022 — malha setores + agregados básicos (V0001);"Centroide = centro da bbox do setor; exposição proxy por centroide na mancha"
510340305410181;5103403;Cuiabá;Urbana;0.9612;655;311;-15.580569;-56.105377;2022;IBGE Censo 2022 — malha setores + agregados básicos (V0001);"Centroide = centro da bbox do setor; exposição proxy por centroide na mancha"
510340305410116;5103403;Cuiabá;Urbana;0.1963;884;367;-15.582292;-56.100019;2022;IBGE Censo 2022 — malha setores + agregados básicos (V0001);"Centroide = centro da bbox do setor; exposição proxy por centroide na mancha"
510340305410155;5103403;Cuiabá;Urbana;0.0597;602;258;-15.58194;-56.10157;2022;IBGE Censo 2022 — malha setores + agregados básicos (V0001);"Centroide = centro da bbox do setor; exposição proxy por centroide na mancha"
510340305410211;5103403;Cuiabá;Urbana;0.0497;644;324;-15.583977;-56.111256;2022;IBGE Censo 2022 — malha setores + agregados básicos (V0001);"Centroide = centro da bbox do setor; exposição proxy por centroide na mancha"
510340305410233;5103403;Cuiabá;Urbana;0.115;829;399;-15.582424;-56.11377;2022;IBGE Censo 2022 — malha setores + agregados básicos (V0001);"Centroide = centro da bbox do setor; exposição proxy por centroide na mancha"
510340305410117;5103403;Cuiabá;Urbana;0.1011;432;199;-15.581882;-56.096537;2022;IBGE Censo 2022 — malha setores + agregados básicos (V0001);"Centroide = centro da bbox do setor; exposição proxy por centroide na mancha"
510340305410245;5103403;Cuiabá;Urbana;0.0634;373;264;-15.582167;-56.117039;2022;IBGE Censo 2022 — malha setores + agregados básicos (V0001);"Centroide = centro da bbox do setor; exposição proxy por centroide na mancha"
510340305410244;5103403;Cuiabá;Urbana;0.0622;376;169;-15.581465;-56.116556;2022;IBGE Censo 2022 — malha setores + agregados básicos (V0001);"Centroide = centro da bbox do setor; exposição proxy por centroide na mancha"
510340305410208;5103403;Cuiabá;Urbana;0.0431;901;377;-15.581822;-56.112198;2022;IBGE Censo 2022 — malha setores + agregados básicos (V0001);"Centroide = centro da bbox do setor; exposição proxy por centroide na mancha"
510340305410209;5103403;Cuiabá;Urbana;0.5246;970;526;-15.577067;-56.114067;2022;IBGE Censo 2022 — malha setores + agregados básicos (V0001);"Centroide = centro da bbox do setor; exposição proxy por centroide na mancha"
510340305410054;5103403;Cuiabá;Urbana;0.1412;680;291;-15.579483;-56.111582;2022;IBGE Censo 2022 — malha setores + agregados básicos (V0001);"Centroide = centro da bbox do setor; exposição proxy por centroide na mancha"
510340305410232;5103403;Cuiabá;Urbana;0.0536;364;131;-15.578416;-56.117352;2022;IBGE Censo 2022 — malha setores + agregados básicos (V0001);"Centroide = centro da bbox do setor; exposição proxy por centroide na mancha"
510340305410243;5103403;Cuiabá;Urbana;0.0484;654;309;-15.577949;-56.099165;2022;IBGE Censo 2022 — malha setores + agregados básicos (V0001);"Centroide = centro da bbox do setor; exposição proxy por centroide na mancha"
510340305410182;5103403;Cuiabá;Urbana;0.154;372;137;-15.57626;-56.097351;2022;IBGE Censo 2022 — malha setores + agregados básicos (V0001);"Centroide = centro da bbox do setor; exposição proxy por centroide na mancha"
510340305410242;5103403;Cuiabá;Urbana;0.0881;422;248;-15.575172;-56.100445;2022;IBGE Censo 2022 — malha setores + agregados básicos (V0001);"Centroide = centro da bbox do setor; exposição proxy por centroide na mancha"
510340305410114;5103403;Cuiabá;Urbana;0.3582;578;323;-15.573778;-56.103577;2022;IBGE Censo 2022 — malha setores + agregados básicos (V0001);"Centroide = centro da bbox do setor; exposição proxy por centroide na mancha"
510340305410259;5103403;Cuiabá;Urbana;2.0967;295;103;-15.566712;-56.106049;2022;IBGE Censo 2022 — malha setores + agregados básicos (V0001);"Centroide = centro da bbox do setor; exposição proxy por centroide na mancha"
510340305410060;5103403;Cuiabá;Urbana;0.3683;551;244;-15.567858;-56.09911;2022;IBGE Censo 2022 — malha setores + agregados básicos (V0001);"Centroide = centro da bbox do setor; exposição proxy por centroide na mancha"
510340305410240;5103403;Cuiabá;Urbana;0.2923;534;219;-15.560965;-56.101217;2022;IBGE Censo 2022 — malha setores + agregados básicos (V0001);"Centroide = centro da bbox do setor; exposição proxy por centroide na mancha"
510340305410260;5103403;Cuiabá;Urbana;0.0342;139;49;-15.559151;-56.107466;2022;IBGE Censo 2022 — malha setores + agregados básicos (V0001);"Centroide = centro da bbox do setor; exposição proxy por centroide na mancha"
510340305410153;5103403;Cuiabá;Urbana;0.0822;485;207;-15.608054;-56.126461;2022;IBGE Censo 2022 — malha setores + agregados básicos (V0001);"Centroide = centro da bbox do setor; exposição proxy por centroide na mancha"
510340305410097;5103403;Cuiabá;Urbana;0.1628;469;254;-15.606889;-56.125183;2022;IBGE Censo 2022 — malha setores + agregados básicos (V0001);"Centroide = centro da bbox do setor; exposição proxy por centroide na mancha"
510340305410098;5103403;Cuiabá;Urbana;0.2167;807;358;-15.601858;-56.124954;2022;IBGE Censo 2022 — malha setores + agregados básicos (V0001);"Centroide = centro da bbox do setor; exposição proxy por centroide na mancha"
510340305410042;5103403;Cuiabá;Urbana;0.1411;879;349;-15.603267;-56.137165;2022;IBGE Censo 2022 — malha setores + agregados básicos (V0001);"Centroide = centro da bbox do setor; exposição proxy por centroide na mancha"
510340305410038;5103403;Cuiabá;Urbana;0.0751;487;247;-15.602387;-56.129461;2022;IBGE Censo 2022 — malha setores + agregados básicos (V0001);"Centroide = centro da bbox do setor; exposição proxy por centroide na mancha"
510340305410040;5103403;Cuiabá;Urbana;0.0736;660;213;-15.602872;-56.132294;2022;IBGE Censo 2022 — malha setores + agregados básicos (V0001);"Centroide = centro da bbox do setor; exposição proxy por centroide na mancha"
510340305410043;5103403;Cuiabá;Urbana;0.202;753;307;-15.600967;-56.138494;2022;IBGE Censo 2022 — malha setores + agregados básicos (V0001);"Centroide = centro da bbox do setor; exposição proxy por centroide na mancha"
510340305410041;5103403;Cuiabá;Urbana;0.065;451;212;-15.601725;-56.133026;2022;IBGE Censo 2022 — malha setores + agregados básicos (V0001);"Centroide = centro da bbox do setor; exposição proxy por centroide na mancha"
510340305410037;5103403;Cuiabá;Urbana;0.0904;597;235;-15.601057;-56.128128;2022;IBGE Censo 2022 — malha setores + agregados básicos (V0001);"Centroide = centro da bbox do setor; exposição proxy por centroide na mancha"
510340305410033;5103403;Cuiabá;Urbana;0.0705;488;213;-15.600298;-56.133623;2022;IBGE Censo 2022 — malha setores + agregados básicos (V0001);"Centroide = centro da bbox do setor; exposição proxy por centroide na mancha"
510340305410047;5103403;Cuiabá;Urbana;0.5857;1030;407;-15.596684;-56.139793;2022;IBGE Censo 2022 — malha setores + agregados básicos (V0001);"Centroide = centro da bbox do setor; exposição proxy por centroide na mancha"
510340305410036;5103403;Cuiabá;Urbana;0.0704;556;201;-15.599452;-56.129829;2022;IBGE Censo 2022 — malha setores + agregados básicos (V0001);"Centroide = centro da bbox do setor; exposição proxy por centroide na mancha"
510340305410151;5103403;Cuiabá;Urbana;0.1605;457;181;-15.59766;-56.122131;2022;IBGE Censo 2022 — malha setores + agregados básicos (V0001);"Centroide = centro da bbox do setor; exposição proxy por centroide na mancha"
510340305410034;5103403;Cuiabá;Urbana;0.0436;262;90;-15.598962;-56.133467;2022;IBGE Censo 2022 — malha setores + agregados básicos (V0001);"Centroide = centro da bbox do setor; exposição proxy por centroide na mancha"
510340305410164;5103403;Cuiabá;Urbana;0.6464;626;220;-15.595625;-56.12604;2022;IBGE Censo 2022 — malha setores + agregados básicos (V0001);"Centroide = centro da bbox do setor; exposição proxy por centroide na mancha"
510340305410161;5103403;Cuiabá;Urbana;0.0699;641;265;-15.598468;-56.135075;2022;IBGE Censo 2022 — malha setores + agregados básicos (V0001);"Centroide = centro da bbox do setor; exposição proxy por centroide na mancha"
510340305410035;5103403;Cuiabá;Urbana;0.099;810;340;-15.597577;-56.13158;2022;IBGE Censo 2022 — malha setores + agregados básicos (V0001);"Centroide = centro da bbox do setor; exposição proxy por centroide na mancha"
510340305410046;5103403;Cuiabá;Urbana;0.0658;494;184;-15.597192;-56.135983;2022;IBGE Censo 2022 — malha setores + agregados básicos (V0001);"Centroide = centro da bbox do setor; exposição proxy por centroide na mancha"
510340305410045;5103403;Cuiabá;Urbana;0.0407;216;92;-15.596168;-56.132648;2022;IBGE Censo 2022 — malha setores + agregados básicos (V0001);"Centroide = centro da bbox do setor; exposição proxy por centroide na mancha"
510340305410044;5103403;Cuiabá;Urbana;0.1683;657;255;-15.594476;-56.135002;2022;IBGE Censo 2022 — malha setores + agregados básicos (V0001);"Centroide = centro da bbox do setor; exposição proxy por centroide na mancha"
510340305410050;5103403;Cuiabá;Urbana;0.182;587;226;-15.592241;-56.128305;2022;IBGE Censo 2022 — malha setores + agregados básicos (V0001);"Centroide = centro da bbox do setor; exposição proxy por centroide na mancha"
510340305410162;5103403;Cuiabá;Urbana;0.0536;326;137;-15.593533;-56.134756;2022;IBGE Censo 2022 — malha setores + agregados básicos (V0001);"Centroide = centro da bbox do setor; exposição proxy por centroide na mancha"
510340305410163;5103403;Cuiabá;Urbana;0.1234;534;244;-15.591578;-56.132801;2022;IBGE Censo 2022 — malha setores + agregados básicos (V0001);"Centroide = centro da bbox do setor; exposição proxy por centroide na mancha"
510340305410136;5103403;Cuiabá;Urbana;0.0631;434;199;-15.589441;-56.129698;2022;IBGE Censo 2022 — malha setores + agregados básicos (V0001);"Centroide = centro da bbox do setor; exposição proxy por centroide na mancha"
510340305410049;5103403;Cuiabá;Urbana;0.1187;545;262;-15.588174;-56.13147;2022;IBGE Censo 2022 — malha setores + agregados básicos (V0001);"Centroide = centro da bbox do setor; exposição proxy por centroide na mancha"
510340305410051;5103403;Cuiabá;Urbana;0.9726;700;286;-15.585146;-56.130182;2022;IBGE Censo 2022 — malha setores + agregados básicos (V0001);"Centroide = centro da bbox do setor; exposição proxy por centroide na mancha"
510340305410048;5103403;Cuiabá;Urbana;0.6731;696;290;-15.589072;-56.138145;2022;IBGE Censo 2022 — malha setores + agregados básicos (V0001);"Centroide = centro da bbox do setor; exposição proxy por centroide na mancha"
510840205000394;5108402;Várzea Grande;Urbana;5.7893;37;44;-15.587102;-56.166716;2022;IBGE Censo 2022 — malha setores + agregados básicos (V0001);"Centroide = centro da bbox do setor; exposição proxy por centroide na mancha"
510840205000395;5108402;Várzea Grande;Urbana;0.9773;373;144;-15.59138;-56.161068;2022;IBGE Censo 2022 — malha setores + agregados básicos (V0001);"Centroide = centro da bbox do setor; exposição proxy por centroide na mancha"
510840215000007;5108402;Várzea Grande;Urbana;2.0031;52;25;-15.583565;-56.14678;2022;IBGE Censo 2022 — malha setores + agregados básicos (V0001);"Centroide = centro da bbox do setor; exposição proxy por centroide na mancha"
510840205000266;5108402;Várzea Grande;Urbana;0.1699;788;306;-15.611156;-56.170712;2022;IBGE Censo 2022 — malha setores + agregados básicos (V0001);"Centroide = centro da bbox do setor; exposição proxy por centroide na mancha"
510840205000284;5108402;Várzea Grande;Urbana;0.1115;591;267;-15.637926;-56.171095;2022;IBGE Censo 2022 — malha setores + agregados básicos (V0001);"Centroide = centro da bbox do setor; exposição proxy por centroide na mancha"
510840205000242;5108402;Várzea Grande;Urbana;0.109;403;161;-15.622283;-56.169767;2022;IBGE Censo 2022 — malha setores + agregados básicos (V0001);"Centroide = centro da bbox do setor; exposição proxy por centroide na mancha"
510840205000049;5108402;Várzea Grande;Urbana;0.2504;583;216;-15.624763;-56.163465;2022;IBGE Censo 2022 — malha setores + agregados básicos (V0001);"Centroide = centro da bbox do setor; exposição proxy por centroide na mancha"
510840205000169;5108402;Várzea Grande;Urbana;0.1035;881;374;-15.627732;-56.167471;2022;IBGE Censo 2022 — malha setores + agregados básicos (V0001);"Centroide = centro da bbox do setor; exposição proxy por centroide na mancha"
510840205000048;5108402;Várzea Grande;Urbana;0.2109;692;270;-15.630384;-56.166573;2022;IBGE Censo 2022 — malha setores + agregados básicos (V0001);"Centroide = centro da bbox do setor; exposição proxy por centroide na mancha"
510840205000285;5108402;Várzea Grande;Urbana;0.3589;1072;449;-15.6209;-56.161528;2022;IBGE Censo 2022 — malha setores + agregados básicos (V0001);"Centroide = centro da bbox do setor; exposição proxy por centroide na mancha"
510840205000168;5108402;Várzea Grande;Urbana;0.0765;687;255;-15.629224;-56.163988;2022;IBGE Censo 2022 — malha setores + agregados básicos (V0001);"Centroide = centro da bbox do setor; exposição proxy por centroide na mancha"
510840205000047;5108402;Várzea Grande;Urbana;0.0923;670;281;-15.630173;-56.162668;2022;IBGE Censo 2022 — malha setores + agregados básicos (V0001);"Centroide = centro da bbox do setor; exposição proxy por centroide na mancha"
510840205000224;5108402;Várzea Grande;Urbana;0.0969;579;221;-15.625968;-56.161688;2022;IBGE Censo 2022 — malha setores + agregados básicos (V0001);"Centroide = centro da bbox do setor; exposição proxy por centroide na mancha"
510840205000170;5108402;Várzea Grande;Urbana;0.158;1035;388;-15.627041;-56.15807;2022;IBGE Censo 2022 — malha setores + agregados básicos (V0001);"Centroide = centro da bbox do setor; exposição proxy por centroide na mancha"
510840205000050;5108402;Várzea Grande;Urbana;0.0731;569;210;-15.624091;-56.158758;2022;IBGE Censo 2022 — malha setores + agregados básicos (V0001);"Centroide = centro da bbox do setor; exposição proxy por centroide na mancha"
510840205000167;5108402;Várzea Grande;Urbana;0.1259;474;216;-15.637499;-56.15576;2022;IBGE Censo 2022 — malha setores + agregados básicos (V0001);"Centroide = centro da bbox do setor; exposição proxy por centroide na mancha"
510840205000053;5108402;Várzea Grande;Urbana;0.1993;920;353;-15.629;-56.155914;2022;IBGE Censo 2022 — malha setores + agregados básicos (V0001);"Centroide = centro da bbox do setor; exposição proxy por centroide na mancha"
510840205000052;5108402;Várzea Grande;Urbana;0.0911;686;269;-15.624869;-56.156466;2022;IBGE Censo 2022 — malha setores + agregados básicos (V0001);"Centroide = centro da bbox do setor; exposição proxy por centroide na mancha"
510840205000051;5108402;Várzea Grande;Urbana;0.3495;498;183;-15.621209;-56.154245;2022;IBGE Censo 2022 — malha setores + agregados básicos (V0001);"Centroide = centro da bbox do setor; exposição proxy por centroide na mancha"
510840205000054;5108402;Várzea Grande;Urbana;0.0761;471;187;-15.632881;-56.155035;2022;IBGE Censo 2022 — malha setores + agregados básicos (V0001);"Centroide = centro da bbox do setor; exposição proxy por centroide na mancha"
510840205000171;5108402;Várzea Grande;Urbana;0.1881;757;298;-15.628881;-56.152735;2022;IBGE Censo 2022 — malha setores + agregados básicos (V0001);"Centroide = centro da bbox do setor; exposição proxy por centroide na mancha"
510840205000060;5108402;Várzea Grande;Urbana;0.1419;639;262;-15.643155;-56.151798;2022;IBGE Censo 2022 — malha setores + agregados básicos (V0001);"Centroide = centro da bbox do setor; exposição proxy por centroide na mancha"
510840205000244;5108402;Várzea Grande;Urbana;1.003;8;3;-15.620206;-56.147215;2022;IBGE Censo 2022 — malha setores + agregados básicos (V0001);"Centroide = centro da bbox do setor; exposição proxy por centroide na mancha"
510840205000058;5108402;Várzea Grande;Urbana;0.1991;783;287;-15.63761;-56.149639;2022;IBGE Censo 2022 — malha setores + agregados básicos (V0001);"Centroide = centro da bbox do setor; exposição proxy por centroide na mancha"
510840205000055;5108402;Várzea Grande;Urbana;0.2494;608;253;-15.627241;-56.149635;2022;IBGE Censo 2022 — malha setores + agregados básicos (V0001);"Centroide = centro da bbox do setor; exposição proxy por centroide na mancha"
510840205000173;5108402;Várzea Grande;Urbana;0.1954;901;332;-15.633008;-56.148232;2022;IBGE Censo 2022 — malha setores + agregados básicos (V0001);"Centroide = centro da bbox do setor; exposição proxy por centroide na mancha"
510840205000056;5108402;Várzea Grande;Urbana;0.3173;954;377;-15.631286;-56.144823;2022;IBGE Censo 2022 — malha setores + agregados básicos (V0001);"Centroide = centro da bbox do setor; exposição proxy por centroide na mancha"
510840205000172;5108402;Várzea Grande;Urbana;0.4717;727;304;-15.624993;-56.143663;2022;IBGE Censo 2022 — malha setores + agregados básicos (V0001);"Centroide = centro da bbox do setor; exposição proxy por centroide na mancha"
510840205000057;5108402;Várzea Grande;Urbana;0.2258;909;358;-15.635308;-56.144629;2022;IBGE Censo 2022 — malha setores + agregados básicos (V0001);"Centroide = centro da bbox do setor; exposição proxy por centroide na mancha"
510840205000066;5108402;Várzea Grande;Urbana;0.5819;896;497;-15.631744;-56.141363;2022;IBGE Censo 2022 — malha setores + agregados básicos (V0001);"Centroide = centro da bbox do setor; exposição proxy por centroide na mancha"
510840205000245;5108402;Várzea Grande;Urbana;1.3036;83;34;-15.617518;-56.137926;2022;IBGE Censo 2022 — malha setores + agregados básicos (V0001);"Centroide = centro da bbox do setor; exposição proxy por centroide na mancha"
510840205000273;5108402;Várzea Grande;Urbana;0.099;919;334;-15.633583;-56.137316;2022;IBGE Censo 2022 — malha setores + agregados básicos (V0001);"Centroide = centro da bbox do setor; exposição proxy por centroide na mancha"
510840205000272;5108402;Várzea Grande;Urbana;0.0859;734;325;-15.634279;-56.13661;2022;IBGE Censo 2022 — malha setores + agregados básicos (V0001);"Centroide = centro da bbox do setor; exposição proxy por centroide na mancha"
510840205000294;5108402;Várzea Grande;Urbana;3.2146;163;80;-15.602676;-56.155859;2022;IBGE Censo 2022 — malha setores + agregados básicos (V0001);"Centroide = centro da bbox do setor; exposição proxy por centroide na mancha"
510840205000321;5108402;Várzea Grande;Urbana;0.0514;600;237;-15.611846;-56.163471;2022;IBGE Censo 2022 — malha setores + agregados básicos (V0001);"Centroide = centro da bbox do setor; exposição proxy por centroide na mancha"
510840205000322;5108402;Várzea Grande;Urbana;0.1026;613;250;-15.612185;-56.163782;2022;IBGE Censo 2022 — malha setores + agregados básicos (V0001);"Centroide = centro da bbox do setor; exposição proxy por centroide na mancha"
510840205000323;5108402;Várzea Grande;Urbana;0.0715;534;215;-15.611862;-56.16118;2022;IBGE Censo 2022 — malha setores + agregados básicos (V0001);"Centroide = centro da bbox do setor; exposição proxy por centroide na mancha"
510840205000324;5108402;Várzea Grande;Urbana;0.1124;594;234;-15.61121;-56.159763;2022;IBGE Censo 2022 — malha setores + agregados básicos (V0001);"Centroide = centro da bbox do setor; exposição proxy por centroide na mancha"
510840205000325;5108402;Várzea Grande;Urbana;0.4473;977;398;-15.611148;-56.165325;2022;IBGE Censo 2022 — malha setores + agregados básicos (V0001);"Centroide = centro da bbox do setor; exposição proxy por centroide na mancha"
510840205000326;5108402;Várzea Grande;Urbana;1.225;424;189;-15.59927;-56.156523;2022;IBGE Censo 2022 — malha setores + agregados básicos (V0001);"Centroide = centro da bbox do setor; exposição proxy por centroide na mancha"
510840205000355;5108402;Várzea Grande;Urbana;0.1594;787;312;-15.620226;-56.163832;2022;IBGE Censo 2022 — malha setores + agregados básicos (V0001);"Centroide = centro da bbox do setor; exposição proxy por centroide na mancha"
510840205000356;5108402;Várzea Grande;Urbana;0.0969;373;128;-15.619937;-56.162716;2022;IBGE Censo 2022 — malha setores + agregados básicos (V0001);"Centroide = centro da bbox do setor; exposição proxy por centroide na mancha"
510840205000392;5108402;Várzea Grande;Urbana;1.6367;184;71;-15.614726;-56.157568;2022;IBGE Censo 2022 — malha setores + agregados básicos (V0001);"Centroide = centro da bbox do setor; exposição proxy por centroide na mancha"
510840205000393;5108402;Várzea Grande;Urbana;0.0257;0;480;-15.613689;-56.154022;2022;IBGE Censo 2022 — malha setores + agregados básicos (V0001);"Centroide = centro da bbox do setor; exposição proxy por centroide na mancha"
510840225000020;5108402;Várzea Grande;Rural;39.6647;437;160;-15.736148;-56.219707;2022;IBGE Censo 2022 — malha setores + agregados básicos (V0001);"Centroide = centro da bbox do setor; exposição proxy por centroide na mancha"
510840225000003;5108402;Várzea Grande;Rural;20.5176;343;188;-15.74687;-56.185719;2022;IBGE Censo 2022 — malha setores + agregados básicos (V0001);"Centroide = centro da bbox do setor; exposição proxy por centroide na mancha"
510840225000016;5108402;Várzea Grande;Urbana;0.1373;1180;418;-15.67457;-56.189489;2022;IBGE Censo 2022 — malha setores + agregados básicos (V0001);"Centroide = centro da bbox do setor; exposição proxy por centroide na mancha"
510840225000015;5108402;Várzea Grande;Urbana;0.0826;821;299;-15.676745;-56.188869;2022;IBGE Censo 2022 — malha setores + agregados básicos (V0001);"Centroide = centro da bbox do setor; exposição proxy por centroide na mancha"
510840225000014;5108402;Várzea Grande;Urbana;0.2359;844;316;-15.68019;-56.187838;2022;IBGE Censo 2022 — malha setores + agregados básicos (V0001);"Centroide = centro da bbox do setor; exposição proxy por centroide na mancha"
510840225000013;5108402;Várzea Grande;Urbana;0.0993;849;305;-15.683784;-56.186079;2022;IBGE Censo 2022 — malha setores + agregados básicos (V0001);"Centroide = centro da bbox do setor; exposição proxy por centroide na mancha"
510840225000012;5108402;Várzea Grande;Urbana;0.2343;951;307;-15.686283;-56.183867;2022;IBGE Censo 2022 — malha setores + agregados básicos (V0001);"Centroide = centro da bbox do setor; exposição proxy por centroide na mancha"
510840225000010;5108402;Várzea Grande;Urbana;0.106;2;1;-15.680979;-56.182453;2022;IBGE Censo 2022 — malha setores + agregados básicos (V0001);"Centroide = centro da bbox do setor; exposição proxy por centroide na mancha"
510840225000009;5108402;Várzea Grande;Urbana;0.1051;1132;363;-15.689267;-56.18248;2022;IBGE Censo 2022 — malha setores + agregados básicos (V0001);"Centroide = centro da bbox do setor; exposição proxy por centroide na mancha"
510840225000006;5108402;Várzea Grande;Urbana;5.1072;581;238;-15.694203;-56.174051;2022;IBGE Censo 2022 — malha setores + agregados básicos (V0001);"Centroide = centro da bbox do setor; exposição proxy por centroide na mancha"
510840225000008;5108402;Várzea Grande;Urbana;0.1129;1041;340;-15.690952;-56.181602;2022;IBGE Censo 2022 — malha setores + agregados básicos (V0001);"Centroide = centro da bbox do setor; exposição proxy por centroide na mancha"
510840225000011;5108402;Várzea Grande;Urbana;0.1222;0;1;-15.682752;-56.181473;2022;IBGE Censo 2022 — malha setores + agregados básicos (V0001);"Centroide = centro da bbox do setor; exposição proxy por centroide na mancha"
510840225000002;5108402;Várzea Grande;Rural;3.4849;437;193;-15.719944;-56.160622;2022;IBGE Censo 2022 — malha setores + agregados básicos (V0001);"Centroide = centro da bbox do setor; exposição proxy por centroide na mancha"
510840205000017;5108402;Várzea Grande;Urbana;0.8646;815;378;-15.683638;-56.166758;2022;IBGE Censo 2022 — malha setores + agregados básicos (V0001);"Centroide = centro da bbox do setor; exposição proxy por centroide na mancha"
510840205000380;5108402;Várzea Grande;Urbana;0.4493;1715;930;-15.674068;-56.165983;2022;IBGE Censo 2022 — malha setores + agregados básicos (V0001);"Centroide = centro da bbox do setor; exposição proxy por centroide na mancha"
510840205000113;5108402;Várzea Grande;Urbana;1.3663;913;379;-15.693668;-56.164173;2022;IBGE Censo 2022 — malha setores + agregados básicos (V0001);"Centroide = centro da bbox do setor; exposição proxy por centroide na mancha"
510840205000208;5108402;Várzea Grande;Urbana;0.3208;1032;441;-15.678173;-56.164509;2022;IBGE Censo 2022 — malha setores + agregados básicos (V0001);"Centroide = centro da bbox do setor; exposição proxy por centroide na mancha"
510840205000338;5108402;Várzea Grande;Urbana;0.114;943;376;-15.673299;-56.164877;2022;IBGE Censo 2022 — malha setores + agregados básicos (V0001);"Centroide = centro da bbox do setor; exposição proxy por centroide na mancha"
510840205000159;5108402;Várzea Grande;Urbana;0.2474;889;360;-15.680052;-56.160583;2022;IBGE Censo 2022 — malha setores + agregados básicos (V0001);"Centroide = centro da bbox do setor; exposição proxy por centroide na mancha"
510840225000019;5108402;Várzea Grande;Urbana;0.349;606;249;-15.707336;-56.159201;2022;IBGE Censo 2022 — malha setores + agregados básicos (V0001);"Centroide = centro da bbox do setor; exposição proxy por centroide na mancha"
510840205000209;5108402;Várzea Grande;Urbana;0.1889;961;345;-15.674862;-56.158436;2022;IBGE Censo 2022 — malha setores + agregados básicos (V0001);"Centroide = centro da bbox do setor; exposição proxy por centroide na mancha"
510840205000158;5108402;Várzea Grande;Urbana;0.4825;902;377;-15.687125;-56.155928;2022;IBGE Censo 2022 — malha setores + agregados básicos (V0001);"Centroide = centro da bbox do setor; exposição proxy por centroide na mancha"
510840205000304;5108402;Várzea Grande;Urbana;0.153;763;290;-15.682953;-56.156853;2022;IBGE Censo 2022 — malha setores + agregados básicos (V0001);"Centroide = centro da bbox do setor; exposição proxy por centroide na mancha"
510840205000302;5108402;Várzea Grande;Urbana;0.5271;1005;486;-15.693418;-56.155951;2022;IBGE Censo 2022 — malha setores + agregados básicos (V0001);"Centroide = centro da bbox do setor; exposição proxy por centroide na mancha"
510840205000253;5108402;Várzea Grande;Urbana;0.0938;673;253;-15.677837;-56.157875;2022;IBGE Censo 2022 — malha setores + agregados básicos (V0001);"Centroide = centro da bbox do setor; exposição proxy por centroide na mancha"
510840225000021;5108402;Várzea Grande;Urbana;0.085;348;2;-15.737041;-56.19828;2022;IBGE Censo 2022 — malha setores + agregados básicos (V0001);"Centroide = centro da bbox do setor; exposição proxy por centroide na mancha"
510340305410158;5103403;Cuiabá;Urbana;0.0989;510;205;-15.62164;-56.130003;2022;IBGE Censo 2022 — malha setores + agregados básicos (V0001);"Centroide = centro da bbox do setor; exposição proxy por centroide na mancha"
510340305410024;5103403;Cuiabá;Urbana;0.0966;419;165;-15.621219;-56.131323;2022;IBGE Censo 2022 — malha setores + agregados básicos (V0001);"Centroide = centro da bbox do setor; exposição proxy por centroide na mancha"
510340305410025;5103403;Cuiabá;Urbana;0.1941;671;259;-15.61949;-56.132074;2022;IBGE Censo 2022 — malha setores + agregados básicos (V0001);"Centroide = centro da bbox do setor; exposição proxy por centroide na mancha"
510340305410135;5103403;Cuiabá;Urbana;0.0523;360;157;-15.618786;-56.127018;2022;IBGE Censo 2022 — malha setores + agregados básicos (V0001);"Centroide = centro da bbox do setor; exposição proxy por centroide na mancha"
510340305410022;5103403;Cuiabá;Urbana;0.0509;589;251;-15.616609;-56.126993;2022;IBGE Censo 2022 — malha setores + agregados básicos (V0001);"Centroide = centro da bbox do setor; exposição proxy por centroide na mancha"
510340305410159;5103403;Cuiabá;Urbana;0.0582;499;194;-15.617184;-56.132492;2022;IBGE Censo 2022 — malha setores + agregados básicos (V0001);"Centroide = centro da bbox do setor; exposição proxy por centroide na mancha"
510340305410021;5103403;Cuiabá;Urbana;0.042;381;150;-15.617001;-56.128542;2022;IBGE Censo 2022 — malha setores + agregados básicos (V0001);"Centroide = centro da bbox do setor; exposição proxy por centroide na mancha"
510340305410029;5103403;Cuiabá;Urbana;0.174;503;172;-15.615245;-56.134291;2022;IBGE Censo 2022 — malha setores + agregados básicos (V0001);"Centroide = centro da bbox do setor; exposição proxy por centroide na mancha"
510340305410019;5103403;Cuiabá;Urbana;0.034;306;168;-15.616461;-56.130322;2022;IBGE Censo 2022 — malha setores + agregados básicos (V0001);"Centroide = centro da bbox do setor; exposição proxy por centroide na mancha"
510340305410020;5103403;Cuiabá;Urbana;0.0853;555;220;-15.615208;-56.128099;2022;IBGE Censo 2022 — malha setores + agregados básicos (V0001);"Centroide = centro da bbox do setor; exposição proxy por centroide na mancha"
510340305410104;5103403;Cuiabá;Urbana;0.0808;640;237;-15.614332;-56.123425;2022;IBGE Censo 2022 — malha setores + agregados básicos (V0001);"Centroide = centro da bbox do setor; exposição proxy por centroide na mancha"
510340305410157;5103403;Cuiabá;Urbana;0.0231;316;145;-15.61473;-56.129299;2022;IBGE Censo 2022 — malha setores + agregados básicos (V0001);"Centroide = centro da bbox do setor; exposição proxy por centroide na mancha"
510340305410028;5103403;Cuiabá;Urbana;0.0666;506;232;-15.613578;-56.130836;2022;IBGE Censo 2022 — malha setores + agregados básicos (V0001);"Centroide = centro da bbox do setor; exposição proxy por centroide na mancha"
510340305410027;5103403;Cuiabá;Urbana;0.0688;777;292;-15.613786;-56.131763;2022;IBGE Censo 2022 — malha setores + agregados básicos (V0001);"Centroide = centro da bbox do setor; exposição proxy por centroide na mancha"
510340305410026;5103403;Cuiabá;Urbana;0.0329;370;142;-15.613128;-56.132008;2022;IBGE Censo 2022 — malha setores + agregados básicos (V0001);"Centroide = centro da bbox do setor; exposição proxy por centroide na mancha"
510340305410160;5103403;Cuiabá;Urbana;0.0662;528;169;-15.612763;-56.132105;2022;IBGE Censo 2022 — malha setores + agregados básicos (V0001);"Centroide = centro da bbox do setor; exposição proxy por centroide na mancha"
510340305410215;5103403;Cuiabá;Urbana;0.0557;334;166;-15.611876;-56.121937;2022;IBGE Censo 2022 — malha setores + agregados básicos (V0001);"Centroide = centro da bbox do setor; exposição proxy por centroide na mancha"
510340305410030;5103403;Cuiabá;Urbana;0.1669;726;271;-15.611371;-56.134663;2022;IBGE Censo 2022 — malha setores + agregados básicos (V0001);"Centroide = centro da bbox do setor; exposição proxy por centroide na mancha"
510340305410032;5103403;Cuiabá;Urbana;0.0756;584;220;-15.610884;-56.130047;2022;IBGE Censo 2022 — malha setores + agregados básicos (V0001);"Centroide = centro da bbox do setor; exposição proxy por centroide na mancha"
510840205000128;5108402;Várzea Grande;Urbana;0.0922;593;233;-15.63579;-56.169775;2022;IBGE Censo 2022 — malha setores + agregados básicos (V0001);"Centroide = centro da bbox do setor; exposição proxy por centroide na mancha"
510840205000024;5108402;Várzea Grande;Urbana;0.1215;638;259;-15.657802;-56.168518;2022;IBGE Censo 2022 — malha setores + agregados básicos (V0001);"Centroide = centro da bbox do setor; exposição proxy por centroide na mancha"
510840205000044;5108402;Várzea Grande;Urbana;0.4885;663;304;-15.637788;-56.166122;2022;IBGE Censo 2022 — malha setores + agregados básicos (V0001);"Centroide = centro da bbox do setor; exposição proxy por centroide na mancha"
510840205000025;5108402;Várzea Grande;Urbana;0.1089;736;316;-15.655255;-56.166214;2022;IBGE Censo 2022 — malha setores + agregados básicos (V0001);"Centroide = centro da bbox do setor; exposição proxy por centroide na mancha"
510840205000046;5108402;Várzea Grande;Urbana;0.1129;732;302;-15.633015;-56.16468;2022;IBGE Censo 2022 — malha setores + agregados básicos (V0001);"Centroide = centro da bbox do setor; exposição proxy por centroide na mancha"
510840205000023;5108402;Várzea Grande;Urbana;0.134;672;278;-15.658542;-56.16423;2022;IBGE Censo 2022 — malha setores + agregados básicos (V0001);"Centroide = centro da bbox do setor; exposição proxy por centroide na mancha"
510840205000033;5108402;Várzea Grande;Urbana;0.3598;421;178;-15.645648;-56.159632;2022;IBGE Censo 2022 — malha setores + agregados básicos (V0001);"Centroide = centro da bbox do setor; exposição proxy por centroide na mancha"
510840205000043;5108402;Várzea Grande;Urbana;0.1291;376;173;-15.638621;-56.162277;2022;IBGE Censo 2022 — malha setores + agregados básicos (V0001);"Centroide = centro da bbox do setor; exposição proxy por centroide na mancha"
510840205000026;5108402;Várzea Grande;Urbana;0.1958;774;320;-15.652321;-56.160618;2022;IBGE Censo 2022 — malha setores + agregados básicos (V0001);"Centroide = centro da bbox do setor; exposição proxy por centroide na mancha"
510840205000045;5108402;Várzea Grande;Urbana;0.0836;528;221;-15.63333;-56.162016;2022;IBGE Censo 2022 — malha setores + agregados básicos (V0001);"Centroide = centro da bbox do setor; exposição proxy por centroide na mancha"
510840205000041;5108402;Várzea Grande;Urbana;0.0639;474;211;-15.629797;-56.160738;2022;IBGE Censo 2022 — malha setores + agregados básicos (V0001);"Centroide = centro da bbox do setor; exposição proxy por centroide na mancha"
510840205000042;5108402;Várzea Grande;Urbana;0.1799;784;317;-15.635176;-56.15897;2022;IBGE Censo 2022 — malha setores + agregados básicos (V0001);"Centroide = centro da bbox do setor; exposição proxy por centroide na mancha"
510840205000032;5108402;Várzea Grande;Urbana;0.1765;680;298;-15.64897;-56.157276;2022;IBGE Censo 2022 — malha setores + agregados básicos (V0001);"Centroide = centro da bbox do setor; exposição proxy por centroide na mancha"
510840205000022;5108402;Várzea Grande;Urbana;0.1333;524;223;-15.655985;-56.158068;2022;IBGE Censo 2022 — malha setores + agregados básicos (V0001);"Centroide = centro da bbox do setor; exposição proxy por centroide na mancha"
510840205000040;5108402;Várzea Grande;Urbana;0.1318;627;252;-15.635446;-56.15538;2022;IBGE Censo 2022 — malha setores + agregados básicos (V0001);"Centroide = centro da bbox do setor; exposição proxy por centroide na mancha"
510840205000031;5108402;Várzea Grande;Urbana;0.2176;750;276;-15.649629;-56.154257;2022;IBGE Censo 2022 — malha setores + agregados básicos (V0001);"Centroide = centro da bbox do setor; exposição proxy por centroide na mancha"
510840205000021;5108402;Várzea Grande;Urbana;0.1334;808;335;-15.661932;-56.153362;2022;IBGE Censo 2022 — malha setores + agregados básicos (V0001);"Centroide = centro da bbox do setor; exposição proxy por centroide na mancha"
510840205000030;5108402;Várzea Grande;Urbana;0.1319;450;253;-15.6512;-56.152348;2022;IBGE Censo 2022 — malha setores + agregados básicos (V0001);"Centroide = centro da bbox do setor; exposição proxy por centroide na mancha"
510840205000039;5108402;Várzea Grande;Urbana;0.1116;634;222;-15.636215;-56.151625;2022;IBGE Censo 2022 — malha setores + agregados básicos (V0001);"Centroide = centro da bbox do setor; exposição proxy por centroide na mancha"
510840205000029;5108402;Várzea Grande;Urbana;0.1866;695;303;-15.652268;-56.15103;2022;IBGE Censo 2022 — malha setores + agregados básicos (V0001);"Centroide = centro da bbox do setor; exposição proxy por centroide na mancha"
510840205000003;5108402;Várzea Grande;Urbana;0.304;837;363;-15.657744;-56.149651;2022;IBGE Censo 2022 — malha setores + agregados básicos (V0001);"Centroide = centro da bbox do setor; exposição proxy por centroide na mancha"
510840205000028;5108402;Várzea Grande;Urbana;0.1038;510;237;-15.652151;-56.147366;2022;IBGE Censo 2022 — malha setores + agregados básicos (V0001);"Centroide = centro da bbox do setor; exposição proxy por centroide na mancha"
510840205000004;5108402;Várzea Grande;Urbana;0.1404;483;253;-15.654126;-56.146349;2022;IBGE Censo 2022 — malha setores + agregados básicos (V0001);"Centroide = centro da bbox do setor; exposição proxy por centroide na mancha"
510840205000027;5108402;Várzea Grande;Urbana;0.0713;395;180;-15.650907;-56.146242;2022;IBGE Censo 2022 — malha setores + agregados básicos (V0001);"Centroide = centro da bbox do setor; exposição proxy por centroide na mancha"
510840205000001;5108402;Várzea Grande;Urbana;0.1365;779;353;-15.658053;-56.144819;2022;IBGE Censo 2022 — malha setores + agregados básicos (V0001);"Centroide = centro da bbox do setor; exposição proxy por centroide na mancha"
510840205000161;5108402;Várzea Grande;Urbana;0.3568;1048;453;-15.658781;-56.155369;2022;IBGE Censo 2022 — malha setores + agregados básicos (V0001);"Centroide = centro da bbox do setor; exposição proxy por centroide na mancha"
510840205000174;5108402;Várzea Grande;Urbana;0.1697;468;270;-15.645957;-56.150732;2022;IBGE Censo 2022 — malha setores + agregados básicos (V0001);"Centroide = centro da bbox do setor; exposição proxy por centroide na mancha"
510840205000212;5108402;Várzea Grande;Urbana;0.1335;639;276;-15.657264;-56.161123;2022;IBGE Censo 2022 — malha setores + agregados básicos (V0001);"Centroide = centro da bbox do setor; exposição proxy por centroide na mancha"
510840205000213;5108402;Várzea Grande;Urbana;0.1277;599;229;-15.660242;-56.167473;2022;IBGE Censo 2022 — malha setores + agregados básicos (V0001);"Centroide = centro da bbox do setor; exposição proxy por centroide na mancha"
510840205000214;5108402;Várzea Grande;Urbana;0.1156;680;258;-15.6543;-56.164186;2022;IBGE Censo 2022 — malha setores + agregados básicos (V0001);"Centroide = centro da bbox do setor; exposição proxy por centroide na mancha"
510840205000215;5108402;Várzea Grande;Urbana;0.1319;799;325;-15.653926;-56.159008;2022;IBGE Censo 2022 — malha setores + agregados básicos (V0001);"Centroide = centro da bbox do setor; exposição proxy por centroide na mancha"
510840205000216;5108402;Várzea Grande;Urbana;0.2455;799;337;-15.643876;-56.169325;2022;IBGE Censo 2022 — malha setores + agregados básicos (V0001);"Centroide = centro da bbox do setor; exposição proxy por centroide na mancha"
510840205000225;5108402;Várzea Grande;Urbana;0.1276;565;199;-15.632457;-56.152279;2022;IBGE Censo 2022 — malha setores + agregados básicos (V0001);"Centroide = centro da bbox do setor; exposição proxy por centroide na mancha"
510840205000065;5108402;Várzea Grande;Urbana;0.2136;834;299;-15.640895;-56.145533;2022;IBGE Censo 2022 — malha setores + agregados básicos (V0001);"Centroide = centro da bbox do setor; exposição proxy por centroide na mancha"
510840205000166;5108402;Várzea Grande;Urbana;0.1711;533;283;-15.640231;-56.157652;2022;IBGE Censo 2022 — malha setores + agregados básicos (V0001);"Centroide = centro da bbox do setor; exposição proxy por centroide na mancha"
510840205000037;5108402;Várzea Grande;Urbana;0.2204;287;140;-15.642471;-56.158716;2022;IBGE Censo 2022 — malha setores + agregados básicos (V0001);"Centroide = centro da bbox do setor; exposição proxy por centroide na mancha"
510840205000059;5108402;Várzea Grande;Urbana;0.3219;1154;444;-15.641985;-56.148876;2022;IBGE Censo 2022 — malha setores + agregados básicos (V0001);"Centroide = centro da bbox do setor; exposição proxy por centroide na mancha"
510840205000276;5108402;Várzea Grande;Urbana;0.0566;331;115;-15.633422;-56.16065;2022;IBGE Censo 2022 — malha setores + agregados básicos (V0001);"Centroide = centro da bbox do setor; exposição proxy por centroide na mancha"
510840205000277;5108402;Várzea Grande;Urbana;0.0819;520;187;-15.630182;-56.158886;2022;IBGE Censo 2022 — malha setores + agregados básicos (V0001);"Centroide = centro da bbox do setor; exposição proxy por centroide na mancha"
510840205000278;5108402;Várzea Grande;Urbana;0.0582;346;116;-15.632537;-56.150553;2022;IBGE Censo 2022 — malha setores + agregados básicos (V0001);"Centroide = centro da bbox do setor; exposição proxy por centroide na mancha"
510840205000038;5108402;Várzea Grande;Urbana;0.1264;543;247;-15.638589;-56.156799;2022;IBGE Censo 2022 — malha setores + agregados básicos (V0001);"Centroide = centro da bbox do setor; exposição proxy por centroide na mancha"
510840205000286;5108402;Várzea Grande;Urbana;0.2496;499;232;-15.643888;-56.165184;2022;IBGE Censo 2022 — malha setores + agregados básicos (V0001);"Centroide = centro da bbox do setor; exposição proxy por centroide na mancha"
510840205000366;5108402;Várzea Grande;Urbana;0.0145;426;226;-15.659378;-56.144726;2022;IBGE Censo 2022 — malha setores + agregados básicos (V0001);"Centroide = centro da bbox do setor; exposição proxy por centroide na mancha"
510840205000331;5108402;Várzea Grande;Urbana;0.2147;528;281;-15.670666;-56.130186;2022;IBGE Censo 2022 — malha setores + agregados básicos (V0001);"Centroide = centro da bbox do setor; exposição proxy por centroide na mancha"
510840205000182;5108402;Várzea Grande;Urbana;2.1558;59;32;-15.693354;-56.120073;2022;IBGE Censo 2022 — malha setores + agregados básicos (V0001);"Centroide = centro da bbox do setor; exposição proxy por centroide na mancha"
510840205000332;5108402;Várzea Grande;Urbana;0.1076;506;246;-15.675732;-56.129078;2022;IBGE Censo 2022 — malha setores + agregados básicos (V0001);"Centroide = centro da bbox do setor; exposição proxy por centroide na mancha"
510840205000100;5108402;Várzea Grande;Urbana;0.3766;808;311;-15.693832;-56.126869;2022;IBGE Censo 2022 — malha setores + agregados básicos (V0001);"Centroide = centro da bbox do setor; exposição proxy por centroide na mancha"
510840205000312;5108402;Várzea Grande;Urbana;0.0532;375;152;-15.702783;-56.126768;2022;IBGE Censo 2022 — malha setores + agregados básicos (V0001);"Centroide = centro da bbox do setor; exposição proxy por centroide na mancha"
510840205000300;5108402;Várzea Grande;Urbana;0.1905;794;336;-15.701211;-56.126553;2022;IBGE Censo 2022 — malha setores + agregados básicos (V0001);"Centroide = centro da bbox do setor; exposição proxy por centroide na mancha"
510840205000183;5108402;Várzea Grande;Urbana;0.2085;878;365;-15.697469;-56.126221;2022;IBGE Censo 2022 — malha setores + agregados básicos (V0001);"Centroide = centro da bbox do setor; exposição proxy por centroide na mancha"
510840205000258;5108402;Várzea Grande;Urbana;0.2222;885;336;-15.686145;-56.124872;2022;IBGE Censo 2022 — malha setores + agregados básicos (V0001);"Centroide = centro da bbox do setor; exposição proxy por centroide na mancha"
510840205000096;5108402;Várzea Grande;Urbana;0.1859;679;290;-15.672377;-56.125828;2022;IBGE Censo 2022 — malha setores + agregados básicos (V0001);"Centroide = centro da bbox do setor; exposição proxy por centroide na mancha"
510840205000233;5108402;Várzea Grande;Urbana;0.2894;940;403;-15.67079;-56.124094;2022;IBGE Censo 2022 — malha setores + agregados básicos (V0001);"Centroide = centro da bbox do setor; exposição proxy por centroide na mancha"
510840205000370;5108402;Várzea Grande;Urbana;0.1546;174;80;-15.681562;-56.125772;2022;IBGE Censo 2022 — malha setores + agregados básicos (V0001);"Centroide = centro da bbox do setor; exposição proxy por centroide na mancha"
510840205000281;5108402;Várzea Grande;Urbana;0.1731;427;175;-15.666893;-56.124205;2022;IBGE Censo 2022 — malha setores + agregados básicos (V0001);"Centroide = centro da bbox do setor; exposição proxy por centroide na mancha"
510840205000094;5108402;Várzea Grande;Urbana;0.1535;690;297;-15.676753;-56.126656;2022;IBGE Censo 2022 — malha setores + agregados básicos (V0001);"Centroide = centro da bbox do setor; exposição proxy por centroide na mancha"
510840205000232;5108402;Várzea Grande;Urbana;0.1609;841;324;-15.678561;-56.124447;2022;IBGE Censo 2022 — malha setores + agregados básicos (V0001);"Centroide = centro da bbox do setor; exposição proxy por centroide na mancha"
510840205000369;5108402;Várzea Grande;Urbana;0.2182;1241;470;-15.683216;-56.122749;2022;IBGE Censo 2022 — malha setores + agregados básicos (V0001);"Centroide = centro da bbox do setor; exposição proxy por centroide na mancha"
510840205000229;5108402;Várzea Grande;Urbana;0.232;747;316;-15.665356;-56.122532;2022;IBGE Censo 2022 — malha setores + agregados básicos (V0001);"Centroide = centro da bbox do setor; exposição proxy por centroide na mancha"
510840205000350;5108402;Várzea Grande;Urbana;0.0868;448;172;-15.676019;-56.122829;2022;IBGE Censo 2022 — malha setores + agregados básicos (V0001);"Centroide = centro da bbox do setor; exposição proxy por centroide na mancha"
510840205000099;5108402;Várzea Grande;Urbana;0.3628;764;358;-15.696408;-56.122007;2022;IBGE Censo 2022 — malha setores + agregados básicos (V0001);"Centroide = centro da bbox do setor; exposição proxy por centroide na mancha"
510840205000145;5108402;Várzea Grande;Urbana;6.9675;2;3;-15.659145;-56.108858;2022;IBGE Censo 2022 — malha setores + agregados básicos (V0001);"Centroide = centro da bbox do setor; exposição proxy por centroide na mancha"
510840205000234;5108402;Várzea Grande;Urbana;0.2615;1456;578;-15.679644;-56.12035;2022;IBGE Censo 2022 — malha setores + agregados básicos (V0001);"Centroide = centro da bbox do setor; exposição proxy por centroide na mancha"
510840205000349;5108402;Várzea Grande;Urbana;0.154;539;254;-15.673423;-56.12146;2022;IBGE Censo 2022 — malha setores + agregados básicos (V0001);"Centroide = centro da bbox do setor; exposição proxy por centroide na mancha"
510840205000091;5108402;Várzea Grande;Urbana;0.7173;820;421;-15.660611;-56.118132;2022;IBGE Censo 2022 — malha setores + agregados básicos (V0001);"Centroide = centro da bbox do setor; exposição proxy por centroide na mancha"
510840205000274;5108402;Várzea Grande;Urbana;0.0809;615;252;-15.701797;-56.122204;2022;IBGE Censo 2022 — malha setores + agregados básicos (V0001);"Centroide = centro da bbox do setor; exposição proxy por centroide na mancha"
510840205000313;5108402;Várzea Grande;Urbana;0.3563;948;409;-15.683593;-56.117729;2022;IBGE Censo 2022 — malha setores + agregados básicos (V0001);"Centroide = centro da bbox do setor; exposição proxy por centroide na mancha"
510840205000181;5108402;Várzea Grande;Urbana;0.1744;862;331;-15.666247;-56.119179;2022;IBGE Censo 2022 — malha setores + agregados básicos (V0001);"Centroide = centro da bbox do setor; exposição proxy por centroide na mancha"
510840205000257;5108402;Várzea Grande;Urbana;1.0362;288;117;-15.675296;-56.115278;2022;IBGE Censo 2022 — malha setores + agregados básicos (V0001);"Centroide = centro da bbox do setor; exposição proxy por centroide na mancha"
510840205000256;5108402;Várzea Grande;Urbana;0.2353;861;375;-15.668906;-56.116522;2022;IBGE Censo 2022 — malha setores + agregados básicos (V0001);"Centroide = centro da bbox do setor; exposição proxy por centroide na mancha"
510840205000329;5108402;Várzea Grande;Urbana;0.9015;75;48;-15.682296;-56.10885;2022;IBGE Censo 2022 — malha setores + agregados básicos (V0001);"Centroide = centro da bbox do setor; exposição proxy por centroide na mancha"
510840220000016;5108402;Várzea Grande;Urbana;0.0857;334;171;-15.642702;-56.10784;2022;IBGE Censo 2022 — malha setores + agregados básicos (V0001);"Centroide = centro da bbox do setor; exposição proxy por centroide na mancha"
510840220000026;5108402;Várzea Grande;Urbana;0.1226;627;346;-15.646932;-56.105801;2022;IBGE Censo 2022 — malha setores + agregados básicos (V0001);"Centroide = centro da bbox do setor; exposição proxy por centroide na mancha"
510840220000018;5108402;Várzea Grande;Urbana;0.0853;343;178;-15.64093;-56.104918;2022;IBGE Censo 2022 — malha setores + agregados básicos (V0001);"Centroide = centro da bbox do setor; exposição proxy por centroide na mancha"
510840220000025;5108402;Várzea Grande;Urbana;0.0654;363;199;-15.649412;-56.105503;2022;IBGE Censo 2022 — malha setores + agregados básicos (V0001);"Centroide = centro da bbox do setor; exposição proxy por centroide na mancha"
510840205000093;5108402;Várzea Grande;Urbana;0.2222;903;326;-15.679567;-56.103014;2022;IBGE Censo 2022 — malha setores + agregados básicos (V0001);"Centroide = centro da bbox do setor; exposição proxy por centroide na mancha"
510840220000024;5108402;Várzea Grande;Urbana;0.082;390;176;-15.651903;-56.103462;2022;IBGE Censo 2022 — malha setores + agregados básicos (V0001);"Centroide = centro da bbox do setor; exposição proxy por centroide na mancha"
510840220000022;5108402;Várzea Grande;Urbana;0.0558;249;126;-15.645678;-56.103724;2022;IBGE Censo 2022 — malha setores + agregados básicos (V0001);"Centroide = centro da bbox do setor; exposição proxy por centroide na mancha"
510840220000043;5108402;Várzea Grande;Urbana;0.1042;664;360;-15.640501;-56.098469;2022;IBGE Censo 2022 — malha setores + agregados básicos (V0001);"Centroide = centro da bbox do setor; exposição proxy por centroide na mancha"
510840220000065;5108402;Várzea Grande;Urbana;0.1224;307;244;-15.644133;-56.105833;2022;IBGE Censo 2022 — malha setores + agregados básicos (V0001);"Centroide = centro da bbox do setor; exposição proxy por centroide na mancha"
510840220000073;5108402;Várzea Grande;Urbana;0.0394;206;95;-15.643964;-56.107054;2022;IBGE Censo 2022 — malha setores + agregados básicos (V0001);"Centroide = centro da bbox do setor; exposição proxy por centroide na mancha"
510840220000075;5108402;Várzea Grande;Urbana;0.0551;285;144;-15.650055;-56.104141;2022;IBGE Censo 2022 — malha setores + agregados básicos (V0001);"Centroide = centro da bbox do setor; exposição proxy por centroide na mancha"
510840205000314;5108402;Várzea Grande;Urbana;0.1649;667;271;-15.682602;-56.101091;2022;IBGE Censo 2022 — malha setores + agregados básicos (V0001);"Centroide = centro da bbox do setor; exposição proxy por centroide na mancha"
510340305410023;5103403;Cuiabá;Urbana;1.3234;320;129;-15.621541;-56.124699;2022;IBGE Censo 2022 — malha setores + agregados básicos (V0001);"Centroide = centro da bbox do setor; exposição proxy por centroide na mancha"
510340305410105;5103403;Cuiabá;Urbana;0.2623;815;286;-15.611974;-56.12565;2022;IBGE Censo 2022 — malha setores + agregados básicos (V0001);"Centroide = centro da bbox do setor; exposição proxy por centroide na mancha"
510840205000143;5108402;Várzea Grande;Urbana;0.4674;865;361;-15.636677;-56.123823;2022;IBGE Censo 2022 — malha setores + agregados básicos (V0001);"Centroide = centro da bbox do setor; exposição proxy por centroide na mancha"
510340305410018;5103403;Cuiabá;Urbana;0.3654;833;414;-15.615577;-56.120283;2022;IBGE Censo 2022 — malha setores + agregados básicos (V0001);"Centroide = centro da bbox do setor; exposição proxy por centroide na mancha"
510840205000144;5108402;Várzea Grande;Urbana;0.4174;430;215;-15.63238;-56.120148;2022;IBGE Censo 2022 — malha setores + agregados básicos (V0001);"Centroide = centro da bbox do setor; exposição proxy por centroide na mancha"
510340305410016;5103403;Cuiabá;Urbana;0.7523;410;212;-15.617803;-56.115025;2022;IBGE Censo 2022 — malha setores + agregados básicos (V0001);"Centroide = centro da bbox do setor; exposição proxy por centroide na mancha"
510340305410009;5103403;Cuiabá;Urbana;0.0628;547;206;-15.611577;-56.118492;2022;IBGE Censo 2022 — malha setores + agregados básicos (V0001);"Centroide = centro da bbox do setor; exposição proxy por centroide na mancha"
510340305410017;5103403;Cuiabá;Urbana;0.0206;405;224;-15.619627;-56.117903;2022;IBGE Censo 2022 — malha setores + agregados básicos (V0001);"Centroide = centro da bbox do setor; exposição proxy por centroide na mancha"
510340305410010;5103403;Cuiabá;Urbana;0.1027;694;365;-15.610713;-56.117138;2022;IBGE Censo 2022 — malha setores + agregados básicos (V0001);"Centroide = centro da bbox do setor; exposição proxy por centroide na mancha"
510340305410134;5103403;Cuiabá;Urbana;0.0259;433;273;-15.619415;-56.117672;2022;IBGE Censo 2022 — malha setores + agregados básicos (V0001);"Centroide = centro da bbox do setor; exposição proxy por centroide na mancha"
510340305410008;5103403;Cuiabá;Urbana;0.0979;666;264;-15.613949;-56.116722;2022;IBGE Censo 2022 — malha setores + agregados básicos (V0001);"Centroide = centro da bbox do setor; exposição proxy por centroide na mancha"
510340305410131;5103403;Cuiabá;Urbana;0.1387;321;172;-15.610943;-56.112841;2022;IBGE Censo 2022 — malha setores + agregados básicos (V0001);"Centroide = centro da bbox do setor; exposição proxy por centroide na mancha"
510340305410133;5103403;Cuiabá;Urbana;0.1462;397;178;-15.61173;-56.10948;2022;IBGE Censo 2022 — malha setores + agregados básicos (V0001);"Centroide = centro da bbox do setor; exposição proxy por centroide na mancha"
510340305410015;5103403;Cuiabá;Urbana;0.1981;229;109;-15.614585;-56.107502;2022;IBGE Censo 2022 — malha setores + agregados básicos (V0001);"Centroide = centro da bbox do setor; exposição proxy por centroide na mancha"
510340305410014;5103403;Cuiabá;Urbana;0.2316;186;97;-15.613061;-56.104292;2022;IBGE Censo 2022 — malha setores + agregados básicos (V0001);"Centroide = centro da bbox do setor; exposição proxy por centroide na mancha"
510340305420058;5103403;Cuiabá;Urbana;0.5697;11;4;-15.617298;-56.098333;2022;IBGE Censo 2022 — malha setores + agregados básicos (V0001);"Centroide = centro da bbox do setor; exposição proxy por centroide na mancha"
510340305420063;5103403;Cuiabá;Urbana;0.0961;434;199;-15.61063;-56.09955;2022;IBGE Censo 2022 — malha setores + agregados básicos (V0001);"Centroide = centro da bbox do setor; exposição proxy por centroide na mancha"
510340305420059;5103403;Cuiabá;Urbana;0.1346;455;206;-15.613642;-56.096758;2022;IBGE Censo 2022 — malha setores + agregados básicos (V0001);"Centroide = centro da bbox do setor; exposição proxy por centroide na mancha"
510340305420062;5103403;Cuiabá;Urbana;0.0758;592;254;-15.611382;-56.097879;2022;IBGE Censo 2022 — malha setores + agregados básicos (V0001);"Centroide = centro da bbox do setor; exposição proxy por centroide na mancha"
510340305420100;5103403;Cuiabá;Urbana;0.213;456;204;-15.62218;-56.094063;2022;IBGE Censo 2022 — malha setores + agregados básicos (V0001);"Centroide = centro da bbox do setor; exposição proxy por centroide na mancha"
510340305420121;5103403;Cuiabá;Urbana;0.0763;596;235;-15.617661;-56.093725;2022;IBGE Censo 2022 — malha setores + agregados básicos (V0001);"Centroide = centro da bbox do setor; exposição proxy por centroide na mancha"
510340305420103;5103403;Cuiabá;Urbana;0.0718;415;179;-15.614953;-56.093262;2022;IBGE Censo 2022 — malha setores + agregados básicos (V0001);"Centroide = centro da bbox do setor; exposição proxy por centroide na mancha"
510840220000001;5108402;Várzea Grande;Urbana;0.3431;682;337;-15.62816;-56.116894;2022;IBGE Censo 2022 — malha setores + agregados básicos (V0001);"Centroide = centro da bbox do setor; exposição proxy por centroide na mancha"
510840220000002;5108402;Várzea Grande;Urbana;0.6357;610;287;-15.621709;-56.110552;2022;IBGE Censo 2022 — malha setores + agregados básicos (V0001);"Centroide = centro da bbox do setor; exposição proxy por centroide na mancha"
510840220000005;5108402;Várzea Grande;Urbana;0.0753;417;209;-15.633013;-56.102201;2022;IBGE Censo 2022 — malha setores + agregados básicos (V0001);"Centroide = centro da bbox do setor; exposição proxy por centroide na mancha"
510840220000006;5108402;Várzea Grande;Urbana;0.1096;534;240;-15.632491;-56.106535;2022;IBGE Censo 2022 — malha setores + agregados básicos (V0001);"Centroide = centro da bbox do setor; exposição proxy por centroide na mancha"
510840220000007;5108402;Várzea Grande;Urbana;0.1226;858;394;-15.628883;-56.105108;2022;IBGE Censo 2022 — malha setores + agregados básicos (V0001);"Centroide = centro da bbox do setor; exposição proxy por centroide na mancha"
510840220000008;5108402;Várzea Grande;Urbana;0.1146;707;317;-15.630782;-56.108397;2022;IBGE Censo 2022 — malha setores + agregados básicos (V0001);"Centroide = centro da bbox do setor; exposição proxy por centroide na mancha"
510840220000009;5108402;Várzea Grande;Urbana;0.1392;593;213;-15.625501;-56.107965;2022;IBGE Censo 2022 — malha setores + agregados básicos (V0001);"Centroide = centro da bbox do setor; exposição proxy por centroide na mancha"
510840220000010;5108402;Várzea Grande;Urbana;0.1844;623;248;-15.630334;-56.1124;2022;IBGE Censo 2022 — malha setores + agregados básicos (V0001);"Centroide = centro da bbox do setor; exposição proxy por centroide na mancha"
510840220000011;5108402;Várzea Grande;Urbana;0.1728;683;261;-15.634098;-56.109737;2022;IBGE Censo 2022 — malha setores + agregados básicos (V0001);"Centroide = centro da bbox do setor; exposição proxy por centroide na mancha"
510840220000013;5108402;Várzea Grande;Urbana;0.1117;691;270;-15.636884;-56.108643;2022;IBGE Censo 2022 — malha setores + agregados básicos (V0001);"Centroide = centro da bbox do setor; exposição proxy por centroide na mancha"
510840220000014;5108402;Várzea Grande;Urbana;0.1089;500;225;-15.636458;-56.11249;2022;IBGE Censo 2022 — malha setores + agregados básicos (V0001);"Centroide = centro da bbox do setor; exposição proxy por centroide na mancha"
510840220000015;5108402;Várzea Grande;Urbana;0.2503;708;285;-15.633459;-56.116226;2022;IBGE Censo 2022 — malha setores + agregados básicos (V0001);"Centroide = centro da bbox do setor; exposição proxy por centroide na mancha"
510840220000061;5108402;Várzea Grande;Urbana;0.0957;550;221;-15.621729;-56.102991;2022;IBGE Censo 2022 — malha setores + agregados básicos (V0001);"Centroide = centro da bbox do setor; exposição proxy por centroide na mancha"
510840220000062;5108402;Várzea Grande;Urbana;0.1187;713;241;-15.628009;-56.100756;2022;IBGE Censo 2022 — malha setores + agregados básicos (V0001);"Centroide = centro da bbox do setor; exposição proxy por centroide na mancha"
510840220000064;5108402;Várzea Grande;Urbana;0.2373;661;242;-15.635937;-56.116598;2022;IBGE Censo 2022 — malha setores + agregados básicos (V0001);"Centroide = centro da bbox do setor; exposição proxy por centroide na mancha"
510840220000072;5108402;Várzea Grande;Urbana;0.1582;774;369;-15.625591;-56.105331;2022;IBGE Censo 2022 — malha setores + agregados básicos (V0001);"Centroide = centro da bbox do setor; exposição proxy por centroide na mancha"
510840220000085;5108402;Várzea Grande;Urbana;0.1849;244;114;-15.626877;-56.110212;2022;IBGE Censo 2022 — malha setores + agregados básicos (V0001);"Centroide = centro da bbox do setor; exposição proxy por centroide na mancha"
510840220000088;5108402;Várzea Grande;Urbana;0.1751;493;237;-15.619179;-56.103518;2022;IBGE Censo 2022 — malha setores + agregados básicos (V0001);"Centroide = centro da bbox do setor; exposição proxy por centroide na mancha"
510840220000095;5108402;Várzea Grande;Urbana;0.0824;353;144;-15.633883;-56.103333;2022;IBGE Censo 2022 — malha setores + agregados básicos (V0001);"Centroide = centro da bbox do setor; exposição proxy por centroide na mancha"
510840220000096;5108402;Várzea Grande;Urbana;0.1125;421;166;-15.630619;-56.102215;2022;IBGE Censo 2022 — malha setores + agregados básicos (V0001);"Centroide = centro da bbox do setor; exposição proxy por centroide na mancha"
510840220000097;5108402;Várzea Grande;Urbana;0.8309;268;119;-15.625407;-56.098072;2022;IBGE Censo 2022 — malha setores + agregados básicos (V0001);"Centroide = centro da bbox do setor; exposição proxy por centroide na mancha"
510840220000098;5108402;Várzea Grande;Urbana;0.0645;1233;688;-15.622983;-56.099266;2022;IBGE Censo 2022 — malha setores + agregados básicos (V0001);"Centroide = centro da bbox do setor; exposição proxy por centroide na mancha"
510840220000099;5108402;Várzea Grande;Urbana;0.0212;541;288;-15.618908;-56.105438;2022;IBGE Censo 2022 — malha setores + agregados básicos (V0001);"Centroide = centro da bbox do setor; exposição proxy por centroide na mancha"
510840220000100;5108402;Várzea Grande;Urbana;0.015;484;240;-15.620471;-56.105089;2022;IBGE Censo 2022 — malha setores + agregados básicos (V0001);"Centroide = centro da bbox do setor; exposição proxy por centroide na mancha"
510840220000101;5108402;Várzea Grande;Urbana;0.1619;392;180;-15.621438;-56.106575;2022;IBGE Censo 2022 — malha setores + agregados básicos (V0001);"Centroide = centro da bbox do setor; exposição proxy por centroide na mancha"
510840205000164;5108402;Várzea Grande;Urbana;0.1636;881;348;-15.656882;-56.172112;2022;IBGE Censo 2022 — malha setores + agregados básicos (V0001);"Centroide = centro da bbox do setor; exposição proxy por centroide na mancha"
510840205000223;5108402;Várzea Grande;Urbana;0.0748;509;225;-15.656687;-56.175882;2022;IBGE Censo 2022 — malha setores + agregados básicos (V0001);"Centroide = centro da bbox do setor; exposição proxy por centroide na mancha"
510840205000036;5108402;Várzea Grande;Urbana;0.0756;511;215;-15.656883;-56.177574;2022;IBGE Censo 2022 — malha setores + agregados básicos (V0001);"Centroide = centro da bbox do setor; exposição proxy por centroide na mancha"
510840205000222;5108402;Várzea Grande;Urbana;0.0949;608;211;-15.655297;-56.174067;2022;IBGE Censo 2022 — malha setores + agregados básicos (V0001);"Centroide = centro da bbox do setor; exposição proxy por centroide na mancha"
510840205000005;5108402;Várzea Grande;Urbana;0.0942;499;203;-15.655571;-56.144846;2022;IBGE Censo 2022 — malha setores + agregados básicos (V0001);"Centroide = centro da bbox do setor; exposição proxy por centroide na mancha"
510840205000162;5108402;Várzea Grande;Urbana;0.1204;589;241;-15.654933;-56.155003;2022;IBGE Censo 2022 — malha setores + agregados básicos (V0001);"Centroide = centro da bbox do setor; exposição proxy por centroide na mancha"
510840205000034;5108402;Várzea Grande;Urbana;1.0312;249;115;-15.650075;-56.165804;2022;IBGE Censo 2022 — malha setores + agregados básicos (V0001);"Centroide = centro da bbox do setor; exposição proxy por centroide na mancha"
510840205000219;5108402;Várzea Grande;Urbana;0.1043;660;301;-15.652708;-56.172554;2022;IBGE Censo 2022 — malha setores + agregados básicos (V0001);"Centroide = centro da bbox do setor; exposição proxy por centroide na mancha"
510840205000153;5108402;Várzea Grande;Urbana;0.1556;415;195;-15.652143;-56.141861;2022;IBGE Censo 2022 — malha setores + agregados básicos (V0001);"Centroide = centro da bbox do setor; exposição proxy por centroide na mancha"
510840205000221;5108402;Várzea Grande;Urbana;0.0695;401;168;-15.650995;-56.174862;2022;IBGE Censo 2022 — malha setores + agregados básicos (V0001);"Centroide = centro da bbox do setor; exposição proxy por centroide na mancha"
510840205000177;5108402;Várzea Grande;Urbana;0.1176;223;106;-15.650049;-56.142052;2022;IBGE Censo 2022 — malha setores + agregados básicos (V0001);"Centroide = centro da bbox do setor; exposição proxy por centroide na mancha"
510840205000218;5108402;Várzea Grande;Urbana;0.0706;553;230;-15.649614;-56.17334;2022;IBGE Censo 2022 — malha setores + agregados básicos (V0001);"Centroide = centro da bbox do setor; exposição proxy por centroide na mancha"
510840205000165;5108402;Várzea Grande;Urbana;0.0861;140;109;-15.649127;-56.147957;2022;IBGE Censo 2022 — malha setores + agregados básicos (V0001);"Centroide = centro da bbox do setor; exposição proxy por centroide na mancha"
510840205000078;5108402;Várzea Grande;Urbana;0.1451;531;275;-15.647536;-56.143;2022;IBGE Censo 2022 — malha setores + agregados básicos (V0001);"Centroide = centro da bbox do setor; exposição proxy por centroide na mancha"
510840205000063;5108402;Várzea Grande;Urbana;0.2048;846;358;-15.64625;-56.143745;2022;IBGE Censo 2022 — malha setores + agregados básicos (V0001);"Centroide = centro da bbox do setor; exposição proxy por centroide na mancha"
510840205000062;5108402;Várzea Grande;Urbana;0.1097;242;117;-15.645883;-56.152498;2022;IBGE Censo 2022 — malha setores + agregados básicos (V0001);"Centroide = centro da bbox do setor; exposição proxy por centroide na mancha"
510840205000061;5108402;Várzea Grande;Urbana;0.098;506;248;-15.645154;-56.147545;2022;IBGE Censo 2022 — malha setores + agregados básicos (V0001);"Centroide = centro da bbox do setor; exposição proxy por centroide na mancha"
510840205000365;5108402;Várzea Grande;Urbana;0.0147;401;255;-15.658223;-56.144791;2022;IBGE Censo 2022 — malha setores + agregados básicos (V0001);"Centroide = centro da bbox do setor; exposição proxy por centroide na mancha"
510840205000367;5108402;Várzea Grande;Urbana;0.0175;371;216;-15.658093;-56.143206;2022;IBGE Censo 2022 — malha setores + agregados básicos (V0001);"Centroide = centro da bbox do setor; exposição proxy por centroide na mancha"
510840205000368;5108402;Várzea Grande;Urbana;0.0146;465;269;-15.658614;-56.143755;2022;IBGE Censo 2022 — malha setores + agregados básicos (V0001);"Centroide = centro da bbox do setor; exposição proxy por centroide na mancha"
510840205000287;5108402;Várzea Grande;Urbana;0.1271;1159;387;-15.631526;-56.192854;2022;IBGE Censo 2022 — malha setores + agregados básicos (V0001);"Centroide = centro da bbox do setor; exposição proxy por centroide na mancha"
510840205000130;5108402;Várzea Grande;Urbana;0.1625;796;293;-15.628736;-56.170769;2022;IBGE Censo 2022 — malha setores + agregados básicos (V0001);"Centroide = centro da bbox do setor; exposição proxy por centroide na mancha"
510840205000269;5108402;Várzea Grande;Urbana;0.1384;1024;366;-15.629375;-56.188959;2022;IBGE Censo 2022 — malha setores + agregados básicos (V0001);"Centroide = centro da bbox do setor; exposição proxy por centroide na mancha"
510840205000132;5108402;Várzea Grande;Urbana;0.1582;815;293;-15.625473;-56.172462;2022;IBGE Censo 2022 — malha setores + agregados básicos (V0001);"Centroide = centro da bbox do setor; exposição proxy por centroide na mancha"
510840205000194;5108402;Várzea Grande;Urbana;0.1592;870;329;-15.621801;-56.174158;2022;IBGE Censo 2022 — malha setores + agregados básicos (V0001);"Centroide = centro da bbox do setor; exposição proxy por centroide na mancha"
510840205000270;5108402;Várzea Grande;Urbana;0.0779;399;158;-15.624681;-56.185951;2022;IBGE Censo 2022 — malha setores + agregados básicos (V0001);"Centroide = centro da bbox do setor; exposição proxy por centroide na mancha"
510840205000195;5108402;Várzea Grande;Urbana;0.0856;613;229;-15.622757;-56.172251;2022;IBGE Censo 2022 — malha setores + agregados básicos (V0001);"Centroide = centro da bbox do setor; exposição proxy por centroide na mancha"
510840205000268;5108402;Várzea Grande;Urbana;1.1866;535;590;-15.620233;-56.186789;2022;IBGE Censo 2022 — malha setores + agregados básicos (V0001);"Centroide = centro da bbox do setor; exposição proxy por centroide na mancha"
510840205000133;5108402;Várzea Grande;Urbana;0.0938;780;277;-15.619265;-56.172037;2022;IBGE Censo 2022 — malha setores + agregados básicos (V0001);"Centroide = centro da bbox do setor; exposição proxy por centroide na mancha"
510840205000289;5108402;Várzea Grande;Urbana;0.1282;650;246;-15.618257;-56.180338;2022;IBGE Censo 2022 — malha setores + agregados básicos (V0001);"Centroide = centro da bbox do setor; exposição proxy por centroide na mancha"
510840205000291;5108402;Várzea Grande;Urbana;0.1294;100;40;-15.616886;-56.18215;2022;IBGE Censo 2022 — malha setores + agregados básicos (V0001);"Centroide = centro da bbox do setor; exposição proxy por centroide na mancha"
510840205000267;5108402;Várzea Grande;Urbana;0.146;757;303;-15.616196;-56.177704;2022;IBGE Censo 2022 — malha setores + agregados básicos (V0001);"Centroide = centro da bbox do setor; exposição proxy por centroide na mancha"
510840205000136;5108402;Várzea Grande;Urbana;0.0805;495;189;-15.613181;-56.173794;2022;IBGE Censo 2022 — malha setores + agregados básicos (V0001);"Centroide = centro da bbox do setor; exposição proxy por centroide na mancha"
510840205000196;5108402;Várzea Grande;Urbana;0.6517;1038;439;-15.608742;-56.179667;2022;IBGE Censo 2022 — malha setores + agregados básicos (V0001);"Centroide = centro da bbox do setor; exposição proxy por centroide na mancha"
510840205000137;5108402;Várzea Grande;Urbana;0.0875;636;233;-15.610751;-56.174631;2022;IBGE Censo 2022 — malha setores + agregados básicos (V0001);"Centroide = centro da bbox do setor; exposição proxy por centroide na mancha"
510840205000138;5108402;Várzea Grande;Urbana;0.1016;882;323;-15.608423;-56.17584;2022;IBGE Censo 2022 — malha setores + agregados básicos (V0001);"Centroide = centro da bbox do setor; exposição proxy por centroide na mancha"
510840205000139;5108402;Várzea Grande;Urbana;0.4852;1106;428;-15.602927;-56.175529;2022;IBGE Censo 2022 — malha setores + agregados básicos (V0001);"Centroide = centro da bbox do setor; exposição proxy por centroide na mancha"
510840205000293;5108402;Várzea Grande;Urbana;1.0587;435;219;-15.601618;-56.169661;2022;IBGE Censo 2022 — malha setores + agregados básicos (V0001);"Centroide = centro da bbox do setor; exposição proxy por centroide na mancha"
510840205000297;5108402;Várzea Grande;Urbana;0.0781;829;287;-15.626007;-56.186661;2022;IBGE Censo 2022 — malha setores + agregados básicos (V0001);"Centroide = centro da bbox do setor; exposição proxy por centroide na mancha"
510840205000298;5108402;Várzea Grande;Urbana;0.0911;867;282;-15.62594;-56.182873;2022;IBGE Censo 2022 — malha setores + agregados básicos (V0001);"Centroide = centro da bbox do setor; exposição proxy por centroide na mancha"
510840205000299;5108402;Várzea Grande;Urbana;0.1205;1133;399;-15.628547;-56.191294;2022;IBGE Censo 2022 — malha setores + agregados básicos (V0001);"Centroide = centro da bbox do setor; exposição proxy por centroide na mancha"
510840205000306;5108402;Várzea Grande;Urbana;0.962;46;46;-15.633758;-56.176016;2022;IBGE Censo 2022 — malha setores + agregados básicos (V0001);"Centroide = centro da bbox do setor; exposição proxy por centroide na mancha"
510840205000307;5108402;Várzea Grande;Urbana;0.6273;7;2;-15.622463;-56.17734;2022;IBGE Censo 2022 — malha setores + agregados básicos (V0001);"Centroide = centro da bbox do setor; exposição proxy por centroide na mancha"
510840205000327;5108402;Várzea Grande;Urbana;0.0663;718;245;-15.626052;-56.189701;2022;IBGE Censo 2022 — malha setores + agregados básicos (V0001);"Centroide = centro da bbox do setor; exposição proxy por centroide na mancha"
510840205000328;5108402;Várzea Grande;Urbana;0.0769;286;107;-15.614849;-56.17478;2022;IBGE Censo 2022 — malha setores + agregados básicos (V0001);"Centroide = centro da bbox do setor; exposição proxy por centroide na mancha"
510840205000353;5108402;Várzea Grande;Urbana;0.0669;446;170;-15.622814;-56.168484;2022;IBGE Censo 2022 — malha setores + agregados básicos (V0001);"Centroide = centro da bbox do setor; exposição proxy por centroide na mancha"
510840205000354;5108402;Várzea Grande;Urbana;0.0908;611;233;-15.622439;-56.167084;2022;IBGE Censo 2022 — malha setores + agregados básicos (V0001);"Centroide = centro da bbox do setor; exposição proxy por centroide na mancha"
510840205000359;5108402;Várzea Grande;Urbana;0.1151;495;205;-15.604118;-56.179987;2022;IBGE Censo 2022 — malha setores + agregados básicos (V0001);"Centroide = centro da bbox do setor; exposição proxy por centroide na mancha"
510840205000360;5108402;Várzea Grande;Urbana;0.084;550;215;-15.60676;-56.179028;2022;IBGE Censo 2022 — malha setores + agregados básicos (V0001);"Centroide = centro da bbox do setor; exposição proxy por centroide na mancha"
510840205000361;5108402;Várzea Grande;Urbana;0.1193;534;208;-15.601773;-56.178785;2022;IBGE Censo 2022 — malha setores + agregados básicos (V0001);"Centroide = centro da bbox do setor; exposição proxy por centroide na mancha"
510840205000362;5108402;Várzea Grande;Urbana;0.1314;629;238;-15.605165;-56.176241;2022;IBGE Censo 2022 — malha setores + agregados básicos (V0001);"Centroide = centro da bbox do setor; exposição proxy por centroide na mancha"
510840205000131;5108402;Várzea Grande;Urbana;0.4035;540;226;-15.630961;-56.180029;2022;IBGE Censo 2022 — malha setores + agregados básicos (V0001);"Centroide = centro da bbox do setor; exposição proxy por centroide na mancha"
510840205000211;5108402;Várzea Grande;Urbana;0.5151;1101;479;-15.669691;-56.158356;2022;IBGE Censo 2022 — malha setores + agregados básicos (V0001);"Centroide = centro da bbox do setor; exposição proxy por centroide na mancha"
510840205000279;5108402;Várzea Grande;Urbana;0.1576;744;316;-15.670706;-56.134981;2022;IBGE Censo 2022 — malha setores + agregados básicos (V0001);"Centroide = centro da bbox do setor; exposição proxy por centroide na mancha"
510840205000342;5108402;Várzea Grande;Urbana;0.1066;378;147;-15.671018;-56.140118;2022;IBGE Censo 2022 — malha setores + agregados básicos (V0001);"Centroide = centro da bbox do setor; exposição proxy por centroide na mancha"
510840205000254;5108402;Várzea Grande;Urbana;0.2637;670;251;-15.669287;-56.148222;2022;IBGE Censo 2022 — malha setores + agregados básicos (V0001);"Centroide = centro da bbox do setor; exposição proxy por centroide na mancha"
510840205000377;5108402;Várzea Grande;Urbana;0.1893;1268;507;-15.668557;-56.170412;2022;IBGE Censo 2022 — malha setores + agregados básicos (V0001);"Centroide = centro da bbox do setor; exposição proxy por centroide na mancha"
510840205000210;5108402;Várzea Grande;Urbana;0.1799;948;364;-15.668168;-56.153154;2022;IBGE Censo 2022 — malha setores + agregados básicos (V0001);"Centroide = centro da bbox do setor; exposição proxy por centroide na mancha"
510840205000341;5108402;Várzea Grande;Urbana;0.1476;654;259;-15.668612;-56.14185;2022;IBGE Censo 2022 — malha setores + agregados básicos (V0001);"Centroide = centro da bbox do setor; exposição proxy por centroide na mancha"
510840205000152;5108402;Várzea Grande;Urbana;0.3559;951;381;-15.665882;-56.145037;2022;IBGE Censo 2022 — malha setores + agregados básicos (V0001);"Centroide = centro da bbox do setor; exposição proxy por centroide na mancha"
510840205000376;5108402;Várzea Grande;Urbana;0.1428;644;254;-15.665346;-56.168406;2022;IBGE Censo 2022 — malha setores + agregados básicos (V0001);"Centroide = centro da bbox do setor; exposição proxy por centroide na mancha"
510840205000280;5108402;Várzea Grande;Urbana;0.2355;916;346;-15.66553;-56.159389;2022;IBGE Censo 2022 — malha setores + agregados básicos (V0001);"Centroide = centro da bbox do setor; exposição proxy por centroide na mancha"
510840205000236;5108402;Várzea Grande;Urbana;0.1916;670;261;-15.665458;-56.172014;2022;IBGE Censo 2022 — malha setores + agregados básicos (V0001);"Centroide = centro da bbox do setor; exposição proxy por centroide na mancha"
510840205000375;5108402;Várzea Grande;Urbana;0.2717;1002;353;-15.664196;-56.165892;2022;IBGE Censo 2022 — malha setores + agregados básicos (V0001);"Centroide = centro da bbox do setor; exposição proxy por centroide na mancha"
510840205000019;5108402;Várzea Grande;Urbana;0.2252;722;319;-15.664959;-56.152281;2022;IBGE Censo 2022 — malha setores + agregados básicos (V0001);"Centroide = centro da bbox do setor; exposição proxy por centroide na mancha"
510840205000374;5108402;Várzea Grande;Urbana;0.1453;792;308;-15.66278;-56.162918;2022;IBGE Censo 2022 — malha setores + agregados básicos (V0001);"Centroide = centro da bbox do setor; exposição proxy por centroide na mancha"
510840205000002;5108402;Várzea Grande;Urbana;0.1364;861;346;-15.663187;-56.14249;2022;IBGE Censo 2022 — malha setores + agregados básicos (V0001);"Centroide = centro da bbox do setor; exposição proxy por centroide na mancha"
510840205000201;5108402;Várzea Grande;Urbana;0.2057;766;301;-15.66218;-56.148159;2022;IBGE Censo 2022 — malha setores + agregados básicos (V0001);"Centroide = centro da bbox do setor; exposição proxy por centroide na mancha"
510840205000373;5108402;Várzea Grande;Urbana;0.2834;1095;434;-15.661531;-56.159193;2022;IBGE Censo 2022 — malha setores + agregados básicos (V0001);"Centroide = centro da bbox do setor; exposição proxy por centroide na mancha"
510840205000255;5108402;Várzea Grande;Urbana;0.1825;647;260;-15.662079;-56.171974;2022;IBGE Censo 2022 — malha setores + agregados básicos (V0001);"Centroide = centro da bbox do setor; exposição proxy por centroide na mancha"
510840205000200;5108402;Várzea Grande;Urbana;0.1687;905;391;-15.660167;-56.143293;2022;IBGE Censo 2022 — malha setores + agregados básicos (V0001);"Centroide = centro da bbox do setor; exposição proxy por centroide na mancha"
510840205000358;5108402;Várzea Grande;Urbana;0.0832;406;195;-15.659066;-56.171583;2022;IBGE Censo 2022 — malha setores + agregados básicos (V0001);"Centroide = centro da bbox do setor; exposição proxy por centroide na mancha"
510840205000378;5108402;Várzea Grande;Urbana;0.1238;1082;412;-15.668276;-56.165369;2022;IBGE Censo 2022 — malha setores + agregados básicos (V0001);"Centroide = centro da bbox do setor; exposição proxy por centroide na mancha"
510840205000381;5108402;Várzea Grande;Urbana;0.1117;922;409;-15.670177;-56.164177;2022;IBGE Censo 2022 — malha setores + agregados básicos (V0001);"Centroide = centro da bbox do setor; exposição proxy por centroide na mancha"
510840205000382;5108402;Várzea Grande;Urbana;0.1034;780;337;-15.671407;-56.167091;2022;IBGE Censo 2022 — malha setores + agregados básicos (V0001);"Centroide = centro da bbox do setor; exposição proxy por centroide na mancha"
510840205000309;5108402;Várzea Grande;Urbana;1.2148;43;17;-15.660744;-56.212194;2022;IBGE Censo 2022 — malha setores + agregados básicos (V0001);"Centroide = centro da bbox do setor; exposição proxy por centroide na mancha"
510840205000186;5108402;Várzea Grande;Urbana;0.2382;575;262;-15.66502;-56.181641;2022;IBGE Censo 2022 — malha setores + agregados básicos (V0001);"Centroide = centro da bbox do setor; exposição proxy por centroide na mancha"
510840205000260;5108402;Várzea Grande;Urbana;0.3727;945;333;-15.659622;-56.184982;2022;IBGE Censo 2022 — malha setores + agregados básicos (V0001);"Centroide = centro da bbox do setor; exposição proxy por centroide na mancha"
510840205000151;5108402;Várzea Grande;Urbana;0.1349;567;220;-15.681561;-56.09758;2022;IBGE Censo 2022 — malha setores + agregados básicos (V0001);"Centroide = centro da bbox do setor; exposição proxy por centroide na mancha"
510840205000264;5108402;Várzea Grande;Urbana;0.0723;440;147;-15.679131;-56.096926;2022;IBGE Censo 2022 — malha setores + agregados básicos (V0001);"Centroide = centro da bbox do setor; exposição proxy por centroide na mancha"
510840205000248;5108402;Várzea Grande;Urbana;0.1796;863;312;-15.677472;-56.093508;2022;IBGE Censo 2022 — malha setores + agregados básicos (V0001);"Centroide = centro da bbox do setor; exposição proxy por centroide na mancha"
510840205000148;5108402;Várzea Grande;Urbana;0.1093;673;276;-15.676736;-56.091459;2022;IBGE Censo 2022 — malha setores + agregados básicos (V0001);"Centroide = centro da bbox do setor; exposição proxy por centroide na mancha"
510840205000198;5108402;Várzea Grande;Urbana;0.0928;607;253;-15.67774;-56.098486;2022;IBGE Censo 2022 — malha setores + agregados básicos (V0001);"Centroide = centro da bbox do setor; exposição proxy por centroide na mancha"
510840205000150;5108402;Várzea Grande;Urbana;0.105;714;251;-15.675877;-56.095861;2022;IBGE Censo 2022 — malha setores + agregados básicos (V0001);"Centroide = centro da bbox do setor; exposição proxy por centroide na mancha"
510840205000147;5108402;Várzea Grande;Urbana;0.1258;707;278;-15.67309;-56.090317;2022;IBGE Censo 2022 — malha setores + agregados básicos (V0001);"Centroide = centro da bbox do setor; exposição proxy por centroide na mancha"
510840205000316;5108402;Várzea Grande;Urbana;0.122;602;211;-15.672166;-56.091957;2022;IBGE Censo 2022 — malha setores + agregados básicos (V0001);"Centroide = centro da bbox do setor; exposição proxy por centroide na mancha"
510840205000149;5108402;Várzea Grande;Urbana;0.085;548;232;-15.671245;-56.093046;2022;IBGE Censo 2022 — malha setores + agregados básicos (V0001);"Centroide = centro da bbox do setor; exposição proxy por centroide na mancha"
510840205000146;5108402;Várzea Grande;Urbana;0.0799;511;202;-15.671223;-56.086657;2022;IBGE Censo 2022 — malha setores + agregados básicos (V0001);"Centroide = centro da bbox do setor; exposição proxy por centroide na mancha"
510840220000058;5108402;Várzea Grande;Urbana;0.0378;208;92;-15.669328;-56.095039;2022;IBGE Censo 2022 — malha setores + agregados básicos (V0001);"Centroide = centro da bbox do setor; exposição proxy por centroide na mancha"
510840220000079;5108402;Várzea Grande;Urbana;0.0831;577;257;-15.668504;-56.092743;2022;IBGE Censo 2022 — malha setores + agregados básicos (V0001);"Centroide = centro da bbox do setor; exposição proxy por centroide na mancha"
510840220000057;5108402;Várzea Grande;Urbana;0.1018;730;262;-15.668988;-56.088657;2022;IBGE Censo 2022 — malha setores + agregados básicos (V0001);"Centroide = centro da bbox do setor; exposição proxy por centroide na mancha"
510840220000071;5108402;Várzea Grande;Urbana;0.0737;577;240;-15.667574;-56.095192;2022;IBGE Censo 2022 — malha setores + agregados básicos (V0001);"Centroide = centro da bbox do setor; exposição proxy por centroide na mancha"
510840220000070;5108402;Várzea Grande;Urbana;0.0624;522;243;-15.66763;-56.088554;2022;IBGE Censo 2022 — malha setores + agregados básicos (V0001);"Centroide = centro da bbox do setor; exposição proxy por centroide na mancha"
510840220000054;5108402;Várzea Grande;Urbana;0.0784;522;218;-15.666796;-56.088457;2022;IBGE Censo 2022 — malha setores + agregados básicos (V0001);"Centroide = centro da bbox do setor; exposição proxy por centroide na mancha"
510840220000059;5108402;Várzea Grande;Urbana;0.0648;464;193;-15.666317;-56.092869;2022;IBGE Censo 2022 — malha setores + agregados básicos (V0001);"Centroide = centro da bbox do setor; exposição proxy por centroide na mancha"
510840205000247;5108402;Várzea Grande;Urbana;0.2029;932;324;-15.67238;-56.082134;2022;IBGE Censo 2022 — malha setores + agregados básicos (V0001);"Centroide = centro da bbox do setor; exposição proxy por centroide na mancha"
510840205000315;5108402;Várzea Grande;Urbana;0.3542;719;281;-15.673813;-56.084751;2022;IBGE Censo 2022 — malha setores + agregados básicos (V0001);"Centroide = centro da bbox do setor; exposição proxy por centroide na mancha"
510840205000197;5108402;Várzea Grande;Urbana;3.4687;353;177;-15.678699;-56.088345;2022;IBGE Censo 2022 — malha setores + agregados básicos (V0001);"Centroide = centro da bbox do setor; exposição proxy por centroide na mancha"
510340310430354;5103403;Cuiabá;Rural;10.0596;38;15;-15.68746;-56.065575;2022;IBGE Censo 2022 — malha setores + agregados básicos (V0001);"Centroide = centro da bbox do setor; exposição proxy por centroide na mancha"
510340310430344;5103403;Cuiabá;Rural;24.9087;1;7;-15.679385;-56.039753;2022;IBGE Censo 2022 — malha setores + agregados básicos (V0001);"Centroide = centro da bbox do setor; exposição proxy por centroide na mancha"
510340325000004;5103403;Cuiabá;Rural;77.9853;130;91;-15.709465;-56.000637;2022;IBGE Censo 2022 — malha setores + agregados básicos (V0001);"Centroide = centro da bbox do setor; exposição proxy por centroide na mancha"
510840220000052;5108402;Várzea Grande;Urbana;0.1168;923;377;-15.66406;-56.087002;2022;IBGE Censo 2022 — malha setores + agregados básicos (V0001);"Centroide = centro da bbox do setor; exposição proxy por centroide na mancha"
510840220000053;5108402;Várzea Grande;Urbana;0.1201;710;291;-15.663864;-56.089516;2022;IBGE Censo 2022 — malha setores + agregados básicos (V0001);"Centroide = centro da bbox do setor; exposição proxy por centroide na mancha"
510840220000080;5108402;Várzea Grande;Urbana;0.1411;680;258;-15.66371;-56.092682;2022;IBGE Censo 2022 — malha setores + agregados básicos (V0001);"Centroide = centro da bbox do setor; exposição proxy por centroide na mancha"
510840220000060;5108402;Várzea Grande;Urbana;0.3829;1079;390;-15.661474;-56.094492;2022;IBGE Censo 2022 — malha setores + agregados básicos (V0001);"Centroide = centro da bbox do setor; exposição proxy por centroide na mancha"
510840220000030;5108402;Várzea Grande;Urbana;0.1;904;368;-15.661706;-56.097569;2022;IBGE Censo 2022 — malha setores + agregados básicos (V0001);"Centroide = centro da bbox do setor; exposição proxy por centroide na mancha"
510840220000031;5108402;Várzea Grande;Urbana;0.057;513;199;-15.661078;-56.09944;2022;IBGE Censo 2022 — malha setores + agregados básicos (V0001);"Centroide = centro da bbox do setor; exposição proxy por centroide na mancha"
510840220000069;5108402;Várzea Grande;Urbana;0.0648;489;203;-15.661418;-56.088028;2022;IBGE Censo 2022 — malha setores + agregados básicos (V0001);"Centroide = centro da bbox do setor; exposição proxy por centroide na mancha"
510840220000051;5108402;Várzea Grande;Urbana;0.0687;542;223;-15.660248;-56.087921;2022;IBGE Censo 2022 — malha setores + agregados básicos (V0001);"Centroide = centro da bbox do setor; exposição proxy por centroide na mancha"
510840220000032;5108402;Várzea Grande;Urbana;0.0641;637;261;-15.659103;-56.10047;2022;IBGE Censo 2022 — malha setores + agregados básicos (V0001);"Centroide = centro da bbox do setor; exposição proxy por centroide na mancha"
510840220000029;5108402;Várzea Grande;Urbana;0.056;683;254;-15.65851;-56.095407;2022;IBGE Censo 2022 — malha setores + agregados básicos (V0001);"Centroide = centro da bbox do setor; exposição proxy por centroide na mancha"
510840220000050;5108402;Várzea Grande;Urbana;0.0981;688;291;-15.658764;-56.087803;2022;IBGE Censo 2022 — malha setores + agregados básicos (V0001);"Centroide = centro da bbox do setor; exposição proxy por centroide na mancha"
510840220000035;5108402;Várzea Grande;Urbana;0.0768;651;263;-15.657893;-56.097441;2022;IBGE Censo 2022 — malha setores + agregados básicos (V0001);"Centroide = centro da bbox do setor; exposição proxy por centroide na mancha"
510840220000077;5108402;Várzea Grande;Urbana;0.0582;352;174;-15.657629;-56.091978;2022;IBGE Censo 2022 — malha setores + agregados básicos (V0001);"Centroide = centro da bbox do setor; exposição proxy por centroide na mancha"
510840220000034;5108402;Várzea Grande;Urbana;0.0719;653;248;-15.656548;-56.099348;2022;IBGE Censo 2022 — malha setores + agregados básicos (V0001);"Centroide = centro da bbox do setor; exposição proxy por centroide na mancha"
510840220000049;5108402;Várzea Grande;Urbana;0.1309;717;353;-15.656649;-56.087633;2022;IBGE Censo 2022 — malha setores + agregados básicos (V0001);"Centroide = centro da bbox do setor; exposição proxy por centroide na mancha"
510840220000033;5108402;Várzea Grande;Urbana;0.0658;617;243;-15.656557;-56.101519;2022;IBGE Censo 2022 — malha setores + agregados básicos (V0001);"Centroide = centro da bbox do setor; exposição proxy por centroide na mancha"
510840220000028;5108402;Várzea Grande;Urbana;0.115;760;311;-15.656105;-56.096121;2022;IBGE Censo 2022 — malha setores + agregados básicos (V0001);"Centroide = centro da bbox do setor; exposição proxy por centroide na mancha"
510840220000036;5108402;Várzea Grande;Urbana;0.08;421;215;-15.65605;-56.091812;2022;IBGE Censo 2022 — malha setores + agregados básicos (V0001);"Centroide = centro da bbox do setor; exposição proxy por centroide na mancha"
510840220000076;5108402;Várzea Grande;Urbana;0.1152;390;156;-15.654577;-56.101381;2022;IBGE Censo 2022 — malha setores + agregados básicos (V0001);"Centroide = centro da bbox do setor; exposição proxy por centroide na mancha"
510840220000037;5108402;Várzea Grande;Urbana;0.1465;856;333;-15.653584;-56.091576;2022;IBGE Censo 2022 — malha setores + agregados básicos (V0001);"Centroide = centro da bbox do setor; exposição proxy por centroide na mancha"
510840220000038;5108402;Várzea Grande;Urbana;0.0876;632;261;-15.653444;-56.094822;2022;IBGE Censo 2022 — malha setores + agregados básicos (V0001);"Centroide = centro da bbox do setor; exposição proxy por centroide na mancha"
510840220000039;5108402;Várzea Grande;Urbana;0.0978;566;221;-15.65324;-56.097858;2022;IBGE Censo 2022 — malha setores + agregados básicos (V0001);"Centroide = centro da bbox do setor; exposição proxy por centroide na mancha"
510840220000027;5108402;Várzea Grande;Urbana;0.08;365;165;-15.652745;-56.101927;2022;IBGE Censo 2022 — malha setores + agregados básicos (V0001);"Centroide = centro da bbox do setor; exposição proxy por centroide na mancha"
510840220000023;5108402;Várzea Grande;Urbana;0.0644;375;171;-15.650265;-56.101364;2022;IBGE Censo 2022 — malha setores + agregados básicos (V0001);"Centroide = centro da bbox do setor; exposição proxy por centroide na mancha"
510840220000046;5108402;Várzea Grande;Urbana;0.1734;731;303;-15.650983;-56.091446;2022;IBGE Censo 2022 — malha setores + agregados básicos (V0001);"Centroide = centro da bbox do setor; exposição proxy por centroide na mancha"
510840220000040;5108402;Várzea Grande;Urbana;0.14;782;320;-15.649824;-56.09778;2022;IBGE Censo 2022 — malha setores + agregados básicos (V0001);"Centroide = centro da bbox do setor; exposição proxy por centroide na mancha"
510840220000021;5108402;Várzea Grande;Urbana;0.0719;424;267;-15.648123;-56.100965;2022;IBGE Censo 2022 — malha setores + agregados básicos (V0001);"Centroide = centro da bbox do setor; exposição proxy por centroide na mancha"
510840220000045;5108402;Várzea Grande;Urbana;0.0637;582;215;-15.64929;-56.092979;2022;IBGE Censo 2022 — malha setores + agregados básicos (V0001);"Centroide = centro da bbox do setor; exposição proxy por centroide na mancha"
510840220000041;5108402;Várzea Grande;Urbana;0.2184;596;223;-15.64711;-56.09638;2022;IBGE Censo 2022 — malha setores + agregados básicos (V0001);"Centroide = centro da bbox do setor; exposição proxy por centroide na mancha"
510840220000074;5108402;Várzea Grande;Urbana;0.0548;280;156;-15.647894;-56.102543;2022;IBGE Censo 2022 — malha setores + agregados básicos (V0001);"Centroide = centro da bbox do setor; exposição proxy por centroide na mancha"
510840220000067;5108402;Várzea Grande;Urbana;0.0571;586;213;-15.648549;-56.092979;2022;IBGE Censo 2022 — malha setores + agregados básicos (V0001);"Centroide = centro da bbox do setor; exposição proxy por centroide na mancha"
510840220000044;5108402;Várzea Grande;Urbana;0.2479;906;312;-15.644911;-56.088778;2022;IBGE Censo 2022 — malha setores + agregados básicos (V0001);"Centroide = centro da bbox do setor; exposição proxy por centroide na mancha"
510840220000066;5108402;Várzea Grande;Urbana;0.1443;721;345;-15.646328;-56.092787;2022;IBGE Censo 2022 — malha setores + agregados básicos (V0001);"Centroide = centro da bbox do setor; exposição proxy por centroide na mancha"
510840220000020;5108402;Várzea Grande;Urbana;0.0699;399;245;-15.64463;-56.102045;2022;IBGE Censo 2022 — malha setores + agregados básicos (V0001);"Centroide = centro da bbox do setor; exposição proxy por centroide na mancha"
510840220000019;5108402;Várzea Grande;Urbana;0.1043;627;330;-15.641612;-56.102821;2022;IBGE Censo 2022 — malha setores + agregados básicos (V0001);"Centroide = centro da bbox do setor; exposição proxy por centroide na mancha"
510840220000082;5108402;Várzea Grande;Urbana;0.0717;691;235;-15.648394;-56.087025;2022;IBGE Censo 2022 — malha setores + agregados básicos (V0001);"Centroide = centro da bbox do setor; exposição proxy por centroide na mancha"
510840220000086;5108402;Várzea Grande;Urbana;0.0567;558;206;-15.648827;-56.0893;2022;IBGE Censo 2022 — malha setores + agregados básicos (V0001);"Centroide = centro da bbox do setor; exposição proxy por centroide na mancha"
510840220000094;5108402;Várzea Grande;Urbana;0.0566;431;158;-15.642457;-56.087658;2022;IBGE Censo 2022 — malha setores + agregados básicos (V0001);"Centroide = centro da bbox do setor; exposição proxy por centroide na mancha"
510840205000237;5108402;Várzea Grande;Urbana;0.1453;732;328;-15.655745;-56.18182;2022;IBGE Censo 2022 — malha setores + agregados básicos (V0001);"Centroide = centro da bbox do setor; exposição proxy por centroide na mancha"
510840205000188;5108402;Várzea Grande;Urbana;0.1859;859;345;-15.65843;-56.180801;2022;IBGE Censo 2022 — malha setores + agregados básicos (V0001);"Centroide = centro da bbox do setor; exposição proxy por centroide na mancha"
510840205000345;5108402;Várzea Grande;Urbana;0.658;261;99;-15.646511;-56.179478;2022;IBGE Censo 2022 — malha setores + agregados básicos (V0001);"Centroide = centro da bbox do setor; exposição proxy por centroide na mancha"
510840205000318;5108402;Várzea Grande;Urbana;0.386;244;128;-15.674989;-56.179674;2022;IBGE Censo 2022 — malha setores + agregados básicos (V0001);"Centroide = centro da bbox do setor; exposição proxy por centroide na mancha"
510840205000187;5108402;Várzea Grande;Urbana;0.1559;707;286;-15.660343;-56.179552;2022;IBGE Censo 2022 — malha setores + agregados básicos (V0001);"Centroide = centro da bbox do setor; exposição proxy por centroide na mancha"
510840205000259;5108402;Várzea Grande;Urbana;0.2803;753;286;-15.669683;-56.178795;2022;IBGE Censo 2022 — malha setores + agregados básicos (V0001);"Centroide = centro da bbox do setor; exposição proxy por centroide na mancha"
510840205000346;5108402;Várzea Grande;Urbana;0.0895;819;297;-15.650872;-56.178434;2022;IBGE Censo 2022 — malha setores + agregados básicos (V0001);"Centroide = centro da bbox do setor; exposição proxy por centroide na mancha"
510840205000220;5108402;Várzea Grande;Urbana;0.0772;726;255;-15.653522;-56.179289;2022;IBGE Censo 2022 — malha setores + agregados básicos (V0001);"Centroide = centro da bbox do setor; exposição proxy por centroide na mancha"
510840205000115;5108402;Várzea Grande;Urbana;0.2417;800;349;-15.663408;-56.177031;2022;IBGE Censo 2022 — malha setores + agregados básicos (V0001);"Centroide = centro da bbox do setor; exposição proxy por centroide na mancha"
510840205000301;5108402;Várzea Grande;Urbana;0.1162;974;313;-15.632791;-56.176676;2022;IBGE Censo 2022 — malha setores + agregados básicos (V0001);"Centroide = centro da bbox do setor; exposição proxy por centroide na mancha"
510840205000275;5108402;Várzea Grande;Urbana;0.1292;699;267;-15.653275;-56.177155;2022;IBGE Censo 2022 — malha setores + agregados básicos (V0001);"Centroide = centro da bbox do setor; exposição proxy por centroide na mancha"
510840205000193;5108402;Várzea Grande;Urbana;0.1149;542;217;-15.639834;-56.177145;2022;IBGE Censo 2022 — malha setores + agregados básicos (V0001);"Centroide = centro da bbox do setor; exposição proxy por centroide na mancha"
510840205000357;5108402;Várzea Grande;Urbana;0.1048;608;222;-15.660182;-56.174467;2022;IBGE Censo 2022 — malha setores + agregados básicos (V0001);"Centroide = centro da bbox do setor; exposição proxy por centroide na mancha"
510840205000217;5108402;Várzea Grande;Urbana;0.3098;921;357;-15.644657;-56.173561;2022;IBGE Censo 2022 — malha setores + agregados básicos (V0001);"Centroide = centro da bbox do setor; exposição proxy por centroide na mancha"
510840205000129;5108402;Várzea Grande;Urbana;0.0868;623;280;-15.637479;-56.173994;2022;IBGE Censo 2022 — malha setores + agregados básicos (V0001);"Centroide = centro da bbox do setor; exposição proxy por centroide na mancha"
510840205000127;5108402;Várzea Grande;Urbana;0.115;894;306;-15.63434;-56.173647;2022;IBGE Censo 2022 — malha setores + agregados básicos (V0001);"Centroide = centro da bbox do setor; exposição proxy por centroide na mancha"
510840205000241;5108402;Várzea Grande;Urbana;0.1029;301;133;-15.639851;-56.173561;2022;IBGE Censo 2022 — malha setores + agregados básicos (V0001);"Centroide = centro da bbox do setor; exposição proxy por centroide na mancha"
510840205000379;5108402;Várzea Grande;Urbana;0.9301;130;116;-15.67293;-56.17293;2022;IBGE Censo 2022 — malha setores + agregados básicos (V0001);"Centroide = centro da bbox do setor; exposição proxy por centroide na mancha"
510840205000386;5108402;Várzea Grande;Urbana;1.6645;383;176;-15.697777;-56.148022;2022;IBGE Censo 2022 — malha setores + agregados básicos (V0001);"Centroide = centro da bbox do setor; exposição proxy por centroide na mancha"
510840205000016;5108402;Várzea Grande;Urbana;0.2904;738;307;-15.678375;-56.153791;2022;IBGE Censo 2022 — malha setores + agregados básicos (V0001);"Centroide = centro da bbox do setor; exposição proxy por centroide na mancha"
510840205000018;5108402;Várzea Grande;Urbana;0.2599;1282;511;-15.67463;-56.154545;2022;IBGE Censo 2022 — malha setores + agregados básicos (V0001);"Centroide = centro da bbox do setor; exposição proxy por centroide na mancha"
510840205000207;5108402;Várzea Grande;Urbana;0.3248;810;322;-15.683201;-56.15313;2022;IBGE Censo 2022 — malha setores + agregados básicos (V0001);"Centroide = centro da bbox do setor; exposição proxy por centroide na mancha"
510840205000385;5108402;Várzea Grande;Urbana;0.2258;231;96;-15.69248;-56.15131;2022;IBGE Censo 2022 — malha setores + agregados básicos (V0001);"Centroide = centro da bbox do setor; exposição proxy por centroide na mancha"
510840205000160;5108402;Várzea Grande;Urbana;0.2815;1210;463;-15.672688;-56.151203;2022;IBGE Censo 2022 — malha setores + agregados básicos (V0001);"Centroide = centro da bbox do setor; exposição proxy por centroide na mancha"
510840205000310;5108402;Várzea Grande;Urbana;0.4621;556;226;-15.688001;-56.147207;2022;IBGE Censo 2022 — malha setores + agregados básicos (V0001);"Centroide = centro da bbox do setor; exposição proxy por centroide na mancha"
510840205000333;5108402;Várzea Grande;Urbana;0.1362;624;244;-15.677608;-56.148632;2022;IBGE Censo 2022 — malha setores + agregados básicos (V0001);"Centroide = centro da bbox do setor; exposição proxy por centroide na mancha"
510840205000156;5108402;Várzea Grande;Urbana;1.2765;7;3;-15.680716;-56.140614;2022;IBGE Censo 2022 — malha setores + agregados básicos (V0001);"Centroide = centro da bbox do setor; exposição proxy por centroide na mancha"
510840205000334;5108402;Várzea Grande;Urbana;0.1512;731;277;-15.678373;-56.146654;2022;IBGE Censo 2022 — malha setores + agregados básicos (V0001);"Centroide = centro da bbox do setor; exposição proxy por centroide na mancha"
510840205000308;5108402;Várzea Grande;Urbana;0.1915;815;309;-15.675251;-56.145864;2022;IBGE Censo 2022 — malha setores + agregados básicos (V0001);"Centroide = centro da bbox do setor; exposição proxy por centroide na mancha"
510840205000387;5108402;Várzea Grande;Urbana;0.0152;154;3;-15.696727;-56.147507;2022;IBGE Censo 2022 — malha setores + agregados básicos (V0001);"Centroide = centro da bbox do setor; exposição proxy por centroide na mancha"
510840205000206;5108402;Várzea Grande;Urbana;0.3391;925;344;-15.67265;-56.143751;2022;IBGE Censo 2022 — malha setores + agregados básicos (V0001);"Centroide = centro da bbox do setor; exposição proxy por centroide na mancha"
510840205000390;5108402;Várzea Grande;Urbana;1.3892;127;52;-15.70072;-56.139982;2022;IBGE Censo 2022 — malha setores + agregados básicos (V0001);"Centroide = centro da bbox do setor; exposição proxy por centroide na mancha"
510840205000344;5108402;Várzea Grande;Urbana;0.1457;820;293;-15.68714;-56.140654;2022;IBGE Censo 2022 — malha setores + agregados básicos (V0001);"Centroide = centro da bbox do setor; exposição proxy por centroide na mancha"
510840205000252;5108402;Várzea Grande;Urbana;0.2131;702;248;-15.689678;-56.140831;2022;IBGE Censo 2022 — malha setores + agregados básicos (V0001);"Centroide = centro da bbox do setor; exposição proxy por centroide na mancha"
510840205000343;5108402;Várzea Grande;Urbana;0.3922;632;272;-15.684968;-56.137266;2022;IBGE Censo 2022 — malha setores + agregados básicos (V0001);"Centroide = centro da bbox do setor; exposição proxy por centroide na mancha"
510840205000011;5108402;Várzea Grande;Urbana;0.3062;1219;494;-15.67348;-56.135574;2022;IBGE Censo 2022 — malha setores + agregados básicos (V0001);"Centroide = centro da bbox do setor; exposição proxy por centroide na mancha"
510840205000391;5108402;Várzea Grande;Urbana;0.415;610;227;-15.694575;-56.133701;2022;IBGE Censo 2022 — malha setores + agregados básicos (V0001);"Centroide = centro da bbox do setor; exposição proxy por centroide na mancha"
510840205000157;5108402;Várzea Grande;Urbana;0.176;722;311;-15.690756;-56.133963;2022;IBGE Censo 2022 — malha setores + agregados básicos (V0001);"Centroide = centro da bbox do setor; exposição proxy por centroide na mancha"
510840205000155;5108402;Várzea Grande;Urbana;0.1562;735;330;-15.675409;-56.133974;2022;IBGE Censo 2022 — malha setores + agregados básicos (V0001);"Centroide = centro da bbox do setor; exposição proxy por centroide na mancha"
510840205000288;5108402;Várzea Grande;Urbana;0.2688;485;202;-15.678397;-56.133623;2022;IBGE Censo 2022 — malha setores + agregados básicos (V0001);"Centroide = centro da bbox do setor; exposição proxy por centroide na mancha"
510840205000015;5108402;Várzea Grande;Urbana;0.2003;880;358;-15.688836;-56.133606;2022;IBGE Censo 2022 — malha setores + agregados básicos (V0001);"Centroide = centro da bbox do setor; exposição proxy por centroide na mancha"
510840205000184;5108402;Várzea Grande;Urbana;0.4063;780;309;-15.700778;-56.132347;2022;IBGE Censo 2022 — malha setores + agregados básicos (V0001);"Centroide = centro da bbox do setor; exposição proxy por centroide na mancha"
510840205000101;5108402;Várzea Grande;Urbana;0.1524;712;288;-15.703609;-56.132034;2022;IBGE Censo 2022 — malha setores + agregados básicos (V0001);"Centroide = centro da bbox do setor; exposição proxy por centroide na mancha"
510840205000251;5108402;Várzea Grande;Urbana;0.3405;960;369;-15.682322;-56.131414;2022;IBGE Censo 2022 — malha setores + agregados básicos (V0001);"Centroide = centro da bbox do setor; exposição proxy por centroide na mancha"
510840205000250;5108402;Várzea Grande;Urbana;0.1398;726;282;-15.678381;-56.131035;2022;IBGE Censo 2022 — malha setores + agregados básicos (V0001);"Centroide = centro da bbox do setor; exposição proxy por centroide na mancha"
510300705000014;5103007;Chapada dos Guimarães;Rural;508.6266;92;77;-15.052892;-55.13537;2022;IBGE Censo 2022 — malha setores + agregados básicos (V0001);"Centroide = centro da bbox do setor; exposição proxy por centroide na mancha"
510300705000036;5103007;Chapada dos Guimarães;Rural;367.9961;100;75;-14.885031;-55.222769;2022;IBGE Censo 2022 — malha setores + agregados básicos (V0001);"Centroide = centro da bbox do setor; exposição proxy por centroide na mancha"
510590306000005;5105903;Nobres;Rural;258.0201;13;4;-14.193944;-55.396395;2022;IBGE Censo 2022 — malha setores + agregados básicos (V0001);"Centroide = centro da bbox do setor; exposição proxy por centroide na mancha"
510300705000037;5103007;Chapada dos Guimarães;Rural;434.1124;67;72;-14.958448;-55.400099;2022;IBGE Censo 2022 — malha setores + agregados básicos (V0001);"Centroide = centro da bbox do setor; exposição proxy por centroide na mancha"
510590307000011;5105903;Nobres;Rural;108.9877;0;0;-14.082108;-55.476435;2022;IBGE Censo 2022 — malha setores + agregados básicos (V0001);"Centroide = centro da bbox do setor; exposição proxy por centroide na mancha"
510650505000026;5106505;Poconé;Rural;643.3907;26;9;-17.702291;-57.178047;2022;IBGE Censo 2022 — malha setores + agregados básicos (V0001);"Centroide = centro da bbox do setor; exposição proxy por centroide na mancha"
510650505000048;5106505;Poconé;Rural;564.6927;3;2;-17.370655;-57.278793;2022;IBGE Censo 2022 — malha setores + agregados básicos (V0001);"Centroide = centro da bbox do setor; exposição proxy por centroide na mancha"
510650505000049;5106505;Poconé;Rural;469.6774;0;0;-17.419069;-57.170166;2022;IBGE Censo 2022 — malha setores + agregados básicos (V0001);"Centroide = centro da bbox do setor; exposição proxy por centroide na mancha"
510650505000055;5106505;Poconé;Rural;587.4072;22;13;-17.171048;-57.145451;2022;IBGE Censo 2022 — malha setores + agregados básicos (V0001);"Centroide = centro da bbox do setor; exposição proxy por centroide na mancha"
510650505000060;5106505;Poconé;Rural;653.8582;5;4;-17.013358;-57.080944;2022;IBGE Censo 2022 — malha setores + agregados básicos (V0001);"Centroide = centro da bbox do setor; exposição proxy por centroide na mancha"
510650505000053;5106505;Poconé;Rural;635.1859;4;6;-16.927312;-57.118723;2022;IBGE Censo 2022 — malha setores + agregados básicos (V0001);"Centroide = centro da bbox do setor; exposição proxy por centroide na mancha"
510650505000028;5106505;Poconé;Rural;574.9768;13;6;-16.880937;-57.263618;2022;IBGE Censo 2022 — malha setores + agregados básicos (V0001);"Centroide = centro da bbox do setor; exposição proxy por centroide na mancha"
510650505000051;5106505;Poconé;Rural;619.7309;11;8;-16.611953;-57.145643;2022;IBGE Censo 2022 — malha setores + agregados básicos (V0001);"Centroide = centro da bbox do setor; exposição proxy por centroide na mancha"
510650505000050;5106505;Poconé;Rural;545.4404;5;3;-16.579897;-57.206631;2022;IBGE Censo 2022 — malha setores + agregados básicos (V0001);"Centroide = centro da bbox do setor; exposição proxy por centroide na mancha"
510650505000056;5106505;Poconé;Rural;484.0264;240;145;-16.17956;-56.988924;2022;IBGE Censo 2022 — malha setores + agregados básicos (V0001);"Centroide = centro da bbox do setor; exposição proxy por centroide na mancha"
510650505000061;5106505;Poconé;Rural;463.026;0;0;-17.302252;-57.015862;2022;IBGE Censo 2022 — malha setores + agregados básicos (V0001);"Centroide = centro da bbox do setor; exposição proxy por centroide na mancha"
510650505000052;5106505;Poconé;Rural;615.4985;8;8;-16.719539;-57.031269;2022;IBGE Censo 2022 — malha setores + agregados básicos (V0001);"Centroide = centro da bbox do setor; exposição proxy por centroide na mancha"
510650505000038;5106505;Poconé;Rural;585.9066;0;5;-17.451598;-56.984793;2022;IBGE Censo 2022 — malha setores + agregados básicos (V0001);"Centroide = centro da bbox do setor; exposição proxy por centroide na mancha"
510650505000080;5106505;Poconé;Rural;1384.1481;2;4;-17.674617;-57.426538;2022;IBGE Censo 2022 — malha setores + agregados básicos (V0001);"Centroide = centro da bbox do setor; exposição proxy por centroide na mancha"
510650505000081;5106505;Poconé;;6.5203;0;0;-17.369525;-57.507179;2022;IBGE Censo 2022 — malha setores + agregados básicos (V0001);"Centroide = centro da bbox do setor; exposição proxy por centroide na mancha"
510340305420078;5103403;Cuiabá;Urbana;0.1142;86;85;-15.602874;-56.091108;2022;IBGE Censo 2022 — malha setores + agregados básicos (V0001);"Centroide = centro da bbox do setor; exposição proxy por centroide na mancha"
510340305420066;5103403;Cuiabá;Urbana;0.1292;576;304;-15.607523;-56.092167;2022;IBGE Censo 2022 — malha setores + agregados básicos (V0001);"Centroide = centro da bbox do setor; exposição proxy por centroide na mancha"
510340305420060;5103403;Cuiabá;Urbana;0.0752;532;215;-15.611796;-56.092552;2022;IBGE Censo 2022 — malha setores + agregados básicos (V0001);"Centroide = centro da bbox do setor; exposição proxy por centroide na mancha"
510340305420137;5103403;Cuiabá;Urbana;0.0487;1168;614;-15.609725;-56.092972;2022;IBGE Censo 2022 — malha setores + agregados básicos (V0001);"Centroide = centro da bbox do setor; exposição proxy por centroide na mancha"
510340305420077;5103403;Cuiabá;Urbana;0.0902;555;309;-15.604427;-56.091183;2022;IBGE Censo 2022 — malha setores + agregados básicos (V0001);"Centroide = centro da bbox do setor; exposição proxy por centroide na mancha"
510340305420071;5103403;Cuiabá;Urbana;0.0873;807;302;-15.613399;-56.090759;2022;IBGE Censo 2022 — malha setores + agregados básicos (V0001);"Centroide = centro da bbox do setor; exposição proxy por centroide na mancha"
510340305420076;5103403;Cuiabá;Urbana;0.1445;606;308;-15.604824;-56.089294;2022;IBGE Censo 2022 — malha setores + agregados básicos (V0001);"Centroide = centro da bbox do setor; exposição proxy por centroide na mancha"
510340305420067;5103403;Cuiabá;Urbana;0.0868;501;238;-15.610479;-56.089939;2022;IBGE Censo 2022 — malha setores + agregados básicos (V0001);"Centroide = centro da bbox do setor; exposição proxy por centroide na mancha"
510340305420075;5103403;Cuiabá;Urbana;0.1174;501;288;-15.607522;-56.088146;2022;IBGE Censo 2022 — malha setores + agregados básicos (V0001);"Centroide = centro da bbox do setor; exposição proxy por centroide na mancha"
510340305420068;5103403;Cuiabá;Urbana;0.0797;720;289;-15.611656;-56.088245;2022;IBGE Censo 2022 — malha setores + agregados básicos (V0001);"Centroide = centro da bbox do setor; exposição proxy por centroide na mancha"
510340305420069;5103403;Cuiabá;Urbana;0.1326;630;334;-15.612568;-56.086514;2022;IBGE Censo 2022 — malha setores + agregados básicos (V0001);"Centroide = centro da bbox do setor; exposição proxy por centroide na mancha"
510340305420074;5103403;Cuiabá;Urbana;0.0903;514;287;-15.606617;-56.085331;2022;IBGE Censo 2022 — malha setores + agregados básicos (V0001);"Centroide = centro da bbox do setor; exposição proxy por centroide na mancha"
510340305420073;5103403;Cuiabá;Urbana;0.137;579;290;-15.60955;-56.084791;2022;IBGE Censo 2022 — malha setores + agregados básicos (V0001);"Centroide = centro da bbox do setor; exposição proxy por centroide na mancha"
510340305420117;5103403;Cuiabá;Urbana;0.1182;489;356;-15.606412;-56.083773;2022;IBGE Censo 2022 — malha setores + agregados básicos (V0001);"Centroide = centro da bbox do setor; exposição proxy por centroide na mancha"
510340305420005;5103403;Cuiabá;Urbana;0.1402;395;250;-15.602302;-56.083067;2022;IBGE Censo 2022 — malha setores + agregados básicos (V0001);"Centroide = centro da bbox do setor; exposição proxy por centroide na mancha"
510340305420042;5103403;Cuiabá;Urbana;0.1738;666;356;-15.610677;-56.081705;2022;IBGE Censo 2022 — malha setores + agregados básicos (V0001);"Centroide = centro da bbox do setor; exposição proxy por centroide na mancha"
510340305420004;5103403;Cuiabá;Urbana;0.1326;482;294;-15.604387;-56.081846;2022;IBGE Censo 2022 — malha setores + agregados básicos (V0001);"Centroide = centro da bbox do setor; exposição proxy por centroide na mancha"
510340305410031;5103403;Cuiabá;Urbana;0.2677;816;299;-15.608664;-56.133101;2022;IBGE Censo 2022 — malha setores + agregados básicos (V0001);"Centroide = centro da bbox do setor; exposição proxy por centroide na mancha"
510340305410039;5103403;Cuiabá;Urbana;0.4116;1233;576;-15.605761;-56.133255;2022;IBGE Censo 2022 — malha setores + agregados básicos (V0001);"Centroide = centro da bbox do setor; exposição proxy por centroide na mancha"
510610915000004;5106109;Nossa Senhora do Livramento;Rural;605.6266;346;234;-15.653412;-57.017668;2022;IBGE Censo 2022 — malha setores + agregados básicos (V0001);"Centroide = centro da bbox do setor; exposição proxy por centroide na mancha"
510650515000004;5106505;Poconé;Rural;108.4023;281;184;-16.084923;-57.095079;2022;IBGE Censo 2022 — malha setores + agregados básicos (V0001);"Centroide = centro da bbox do setor; exposição proxy por centroide na mancha"
510650515000003;5106505;Poconé;Rural;180.6076;276;161;-15.944615;-57.001316;2022;IBGE Censo 2022 — malha setores + agregados básicos (V0001);"Centroide = centro da bbox do setor; exposição proxy por centroide na mancha"
510650515000002;5106505;Poconé;Rural;381.585;432;243;-15.851793;-56.911377;2022;IBGE Censo 2022 — malha setores + agregados básicos (V0001);"Centroide = centro da bbox do setor; exposição proxy por centroide na mancha"
510650505000032;5106505;Poconé;Rural;78.9979;273;158;-16.013399;-56.96529;2022;IBGE Censo 2022 — malha setores + agregados básicos (V0001);"Centroide = centro da bbox do setor; exposição proxy por centroide na mancha"
510650505000069;5106505;Poconé;Rural;17.8648;57;33;-16.044925;-56.898584;2022;IBGE Censo 2022 — malha setores + agregados básicos (V0001);"Centroide = centro da bbox do setor; exposição proxy por centroide na mancha"
510650505000074;5106505;Poconé;Rural;326.5541;299;204;-15.980271;-56.785551;2022;IBGE Censo 2022 — malha setores + agregados básicos (V0001);"Centroide = centro da bbox do setor; exposição proxy por centroide na mancha"
510650505000033;5106505;Poconé;Rural;133.1931;299;214;-15.979182;-56.84964;2022;IBGE Censo 2022 — malha setores + agregados básicos (V0001);"Centroide = centro da bbox do setor; exposição proxy por centroide na mancha"
510650505000076;5106505;Poconé;Rural;236.1654;151;108;-16.116851;-56.72266;2022;IBGE Censo 2022 — malha setores + agregados básicos (V0001);"Centroide = centro da bbox do setor; exposição proxy por centroide na mancha"
510650515000006;5106505;Poconé;Rural;185.2564;285;206;-15.869096;-56.676071;2022;IBGE Censo 2022 — malha setores + agregados básicos (V0001);"Centroide = centro da bbox do setor; exposição proxy por centroide na mancha"
510650515000007;5106505;Poconé;Rural;1.4018;31;14;-15.884236;-56.734488;2022;IBGE Censo 2022 — malha setores + agregados básicos (V0001);"Centroide = centro da bbox do setor; exposição proxy por centroide na mancha"
510650505000075;5106505;Poconé;Rural;15.7034;229;104;-15.933636;-56.695454;2022;IBGE Censo 2022 — malha setores + agregados básicos (V0001);"Centroide = centro da bbox do setor; exposição proxy por centroide na mancha"
510610915000001;5106109;Nossa Senhora do Livramento;Urbana;0.2606;123;65;-15.782016;-56.727879;2022;IBGE Censo 2022 — malha setores + agregados básicos (V0001);"Centroide = centro da bbox do setor; exposição proxy por centroide na mancha"
510650510000005;5106505;Poconé;Rural;151.87;345;209;-16.01106;-56.647123;2022;IBGE Censo 2022 — malha setores + agregados básicos (V0001);"Centroide = centro da bbox do setor; exposição proxy por centroide na mancha"
510650505000035;5106505;Poconé;Rural;0.675;723;361;-16.04814;-56.722309;2022;IBGE Censo 2022 — malha setores + agregados básicos (V0001);"Centroide = centro da bbox do setor; exposição proxy por centroide na mancha"
510610915000007;5106109;Nossa Senhora do Livramento;Rural;178.5365;259;303;-15.703754;-56.591465;2022;IBGE Censo 2022 — malha setores + agregados básicos (V0001);"Centroide = centro da bbox do setor; exposição proxy por centroide na mancha"
510650505000077;5106505;Poconé;Rural;2.449;59;32;-16.09544;-56.708092;2022;IBGE Censo 2022 — malha setores + agregados básicos (V0001);"Centroide = centro da bbox do setor; exposição proxy por centroide na mancha"
510650510000006;5106505;Poconé;Rural;5.3681;0;0;-15.959651;-56.689428;2022;IBGE Censo 2022 — malha setores + agregados básicos (V0001);"Centroide = centro da bbox do setor; exposição proxy por centroide na mancha"
510650515000009;5106505;Poconé;Rural;78.2332;211;151;-15.776005;-56.604403;2022;IBGE Censo 2022 — malha setores + agregados básicos (V0001);"Centroide = centro da bbox do setor; exposição proxy por centroide na mancha"
510650515000012;5106505;Poconé;Rural;68.6506;173;115;-15.828906;-56.624308;2022;IBGE Censo 2022 — malha setores + agregados básicos (V0001);"Centroide = centro da bbox do setor; exposição proxy por centroide na mancha"
510610905000021;5106109;Nossa Senhora do Livramento;Rural;116.514;312;226;-15.72121;-56.537041;2022;IBGE Censo 2022 — malha setores + agregados básicos (V0001);"Centroide = centro da bbox do setor; exposição proxy por centroide na mancha"
510650515000011;5106505;Poconé;Rural;70.2292;311;215;-15.890016;-56.594687;2022;IBGE Censo 2022 — malha setores + agregados básicos (V0001);"Centroide = centro da bbox do setor; exposição proxy por centroide na mancha"
510650510000004;5106505;Poconé;Rural;122.9537;392;243;-16.019907;-56.556534;2022;IBGE Censo 2022 — malha setores + agregados básicos (V0001);"Centroide = centro da bbox do setor; exposição proxy por centroide na mancha"
510650510000001;5106505;Poconé;Urbana;1.5071;1101;486;-16.079503;-56.567154;2022;IBGE Censo 2022 — malha setores + agregados básicos (V0001);"Centroide = centro da bbox do setor; exposição proxy por centroide na mancha"
510610905000011;5106109;Nossa Senhora do Livramento;Rural;104.6887;240;98;-15.92897;-56.501705;2022;IBGE Censo 2022 — malha setores + agregados básicos (V0001);"Centroide = centro da bbox do setor; exposição proxy por centroide na mancha"
510650515000010;5106505;Poconé;Rural;60.2301;128;127;-15.765828;-56.505983;2022;IBGE Censo 2022 — malha setores + agregados básicos (V0001);"Centroide = centro da bbox do setor; exposição proxy por centroide na mancha"
510610905000005;5106109;Nossa Senhora do Livramento;Rural;85.781;211;117;-15.825965;-56.482515;2022;IBGE Censo 2022 — malha setores + agregados básicos (V0001);"Centroide = centro da bbox do setor; exposição proxy por centroide na mancha"
510610905000020;5106109;Nossa Senhora do Livramento;Rural;71.1919;468;246;-15.871592;-56.435427;2022;IBGE Censo 2022 — malha setores + agregados básicos (V0001);"Centroide = centro da bbox do setor; exposição proxy por centroide na mancha"
510610905000019;5106109;Nossa Senhora do Livramento;Rural;76.6468;420;222;-15.853142;-56.417112;2022;IBGE Censo 2022 — malha setores + agregados básicos (V0001);"Centroide = centro da bbox do setor; exposição proxy por centroide na mancha"
510650505000030;5106505;Poconé;Rural;409.8599;104;74;-16.370277;-56.851841;2022;IBGE Censo 2022 — malha setores + agregados básicos (V0001);"Centroide = centro da bbox do setor; exposição proxy por centroide na mancha"
510650505000059;5106505;Poconé;Rural;618.5314;22;19;-17.172033;-56.808222;2022;IBGE Censo 2022 — malha setores + agregados básicos (V0001);"Centroide = centro da bbox do setor; exposição proxy por centroide na mancha"
510650505000044;5106505;Poconé;Rural;325.5761;124;43;-16.419863;-56.777895;2022;IBGE Censo 2022 — malha setores + agregados básicos (V0001);"Centroide = centro da bbox do setor; exposição proxy por centroide na mancha"
510650505000029;5106505;Poconé;Rural;457.6727;3;8;-16.730675;-56.800724;2022;IBGE Censo 2022 — malha setores + agregados básicos (V0001);"Centroide = centro da bbox do setor; exposição proxy por centroide na mancha"
510650505000054;5106505;Poconé;Rural;429.321;249;106;-16.45362;-56.757593;2022;IBGE Censo 2022 — malha setores + agregados básicos (V0001);"Centroide = centro da bbox do setor; exposição proxy por centroide na mancha"
510650505000058;5106505;Poconé;Rural;618.6198;2;1;-17.022106;-56.734745;2022;IBGE Censo 2022 — malha setores + agregados básicos (V0001);"Centroide = centro da bbox do setor; exposição proxy por centroide na mancha"
510650505000037;5106505;Poconé;Rural;500.667;34;50;-16.855384;-56.630873;2022;IBGE Censo 2022 — malha setores + agregados básicos (V0001);"Centroide = centro da bbox do setor; exposição proxy por centroide na mancha"
510650505000065;5106505;Poconé;Rural;502.7994;24;34;-16.598413;-56.587475;2022;IBGE Censo 2022 — malha setores + agregados básicos (V0001);"Centroide = centro da bbox do setor; exposição proxy por centroide na mancha"
510160510000017;5101605;Barão de Melgaço;Rural;479.6734;13;13;-17.227412;-56.56332;2022;IBGE Censo 2022 — malha setores + agregados básicos (V0001);"Centroide = centro da bbox do setor; exposição proxy por centroide na mancha"
510650505000016;5106505;Poconé;Urbana;0.8985;245;94;-16.272445;-56.647816;2022;IBGE Censo 2022 — malha setores + agregados básicos (V0001);"Centroide = centro da bbox do setor; exposição proxy por centroide na mancha"
510160510000008;5101605;Barão de Melgaço;Rural;549.8699;91;53;-17.119353;-56.445808;2022;IBGE Censo 2022 — malha setores + agregados básicos (V0001);"Centroide = centro da bbox do setor; exposição proxy por centroide na mancha"
510160510000013;5101605;Barão de Melgaço;Rural;194.8297;129;37;-16.979536;-56.545685;2022;IBGE Censo 2022 — malha setores + agregados básicos (V0001);"Centroide = centro da bbox do setor; exposição proxy por centroide na mancha"
510650505000070;5106505;Poconé;Rural;34.8939;598;258;-16.263867;-56.590183;2022;IBGE Censo 2022 — malha setores + agregados básicos (V0001);"Centroide = centro da bbox do setor; exposição proxy por centroide na mancha"
510650505000079;5106505;Poconé;Rural;135.1105;107;112;-16.398308;-56.574913;2022;IBGE Censo 2022 — malha setores + agregados básicos (V0001);"Centroide = centro da bbox do setor; exposição proxy por centroide na mancha"
510650505000045;5106505;Poconé;Rural;19.2348;202;104;-16.297901;-56.585649;2022;IBGE Censo 2022 — malha setores + agregados básicos (V0001);"Centroide = centro da bbox do setor; exposição proxy por centroide na mancha"
510160510000011;5101605;Barão de Melgaço;Rural;323.4114;31;20;-16.779841;-56.477013;2022;IBGE Censo 2022 — malha setores + agregados básicos (V0001);"Centroide = centro da bbox do setor; exposição proxy por centroide na mancha"
510650505000078;5106505;Poconé;Rural;348.3116;48;172;-16.460674;-56.470085;2022;IBGE Censo 2022 — malha setores + agregados básicos (V0001);"Centroide = centro da bbox do setor; exposição proxy por centroide na mancha"
510650505000036;5106505;Poconé;Rural;561.9615;126;103;-16.350702;-56.387924;2022;IBGE Censo 2022 — malha setores + agregados básicos (V0001);"Centroide = centro da bbox do setor; exposição proxy por centroide na mancha"
510160510000029;5101605;Barão de Melgaço;Rural;428.0631;4;16;-16.89809;-56.374884;2022;IBGE Censo 2022 — malha setores + agregados básicos (V0001);"Centroide = centro da bbox do setor; exposição proxy por centroide na mancha"
510160510000023;5101605;Barão de Melgaço;Rural;499.9461;0;0;-16.7846;-56.268719;2022;IBGE Censo 2022 — malha setores + agregados básicos (V0001);"Centroide = centro da bbox do setor; exposição proxy por centroide na mancha"
510160510000022;5101605;Barão de Melgaço;Rural;429.2055;59;75;-16.582331;-56.338675;2022;IBGE Censo 2022 — malha setores + agregados básicos (V0001);"Centroide = centro da bbox do setor; exposição proxy por centroide na mancha"
510160510000024;5101605;Barão de Melgaço;Rural;409.8928;4;4;-17.10381;-56.304573;2022;IBGE Censo 2022 — malha setores + agregados básicos (V0001);"Centroide = centro da bbox do setor; exposição proxy por centroide na mancha"
510160510000026;5101605;Barão de Melgaço;Rural;525.8835;4;3;-17.074976;-56.212744;2022;IBGE Censo 2022 — malha setores + agregados básicos (V0001);"Centroide = centro da bbox do setor; exposição proxy por centroide na mancha"
510160505000005;5101605;Barão de Melgaço;Rural;369.8568;222;242;-16.400146;-56.157848;2022;IBGE Censo 2022 — malha setores + agregados básicos (V0001);"Centroide = centro da bbox do setor; exposição proxy por centroide na mancha"
510610910000003;5106109;Nossa Senhora do Livramento;Rural;574.8852;72;36;-16.243585;-56.150993;2022;IBGE Censo 2022 — malha setores + agregados básicos (V0001);"Centroide = centro da bbox do setor; exposição proxy por centroide na mancha"
510160510000012;5101605;Barão de Melgaço;Rural;229.7374;409;181;-16.640821;-56.143354;2022;IBGE Censo 2022 — malha setores + agregados básicos (V0001);"Centroide = centro da bbox do setor; exposição proxy por centroide na mancha"
510160510000009;5101605;Barão de Melgaço;Rural;40.8169;0;0;-16.867756;-56.21106;2022;IBGE Censo 2022 — malha setores + agregados básicos (V0001);"Centroide = centro da bbox do setor; exposição proxy por centroide na mancha"
510160510000030;5101605;Barão de Melgaço;Rural;68.7146;0;1;-16.868958;-56.168655;2022;IBGE Censo 2022 — malha setores + agregados básicos (V0001);"Centroide = centro da bbox do setor; exposição proxy por centroide na mancha"
510160510000031;5101605;Barão de Melgaço;Rural;0.5581;89;21;-16.920216;-56.227005;2022;IBGE Censo 2022 — malha setores + agregados básicos (V0001);"Centroide = centro da bbox do setor; exposição proxy por centroide na mancha"
510160510000014;5101605;Barão de Melgaço;Rural;178.7388;203;175;-16.550313;-56.150274;2022;IBGE Censo 2022 — malha setores + agregados básicos (V0001);"Centroide = centro da bbox do setor; exposição proxy por centroide na mancha"
510160510000001;5101605;Barão de Melgaço;Urbana;3.1742;358;164;-16.571595;-56.205416;2022;IBGE Censo 2022 — malha setores + agregados básicos (V0001);"Centroide = centro da bbox do setor; exposição proxy por centroide na mancha"
510650505000031;5106505;Poconé;Rural;512.4808;152;73;-16.250806;-56.892735;2022;IBGE Censo 2022 — malha setores + agregados básicos (V0001);"Centroide = centro da bbox do setor; exposição proxy por centroide na mancha"
510650510000007;5106505;Poconé;Rural;428.8656;74;154;-16.150398;-56.511381;2022;IBGE Censo 2022 — malha setores + agregados básicos (V0001);"Centroide = centro da bbox do setor; exposição proxy por centroide na mancha"
510610910000002;5106109;Nossa Senhora do Livramento;Rural;611.0195;177;112;-16.121759;-56.304323;2022;IBGE Censo 2022 — malha setores + agregados básicos (V0001);"Centroide = centro da bbox do setor; exposição proxy por centroide na mancha"
510490605000019;5104906;Jangada;Rural;89.088;63;21;-15.441023;-56.827591;2022;IBGE Censo 2022 — malha setores + agregados básicos (V0001);"Centroide = centro da bbox do setor; exposição proxy por centroide na mancha"
510490605000004;5104906;Jangada;Rural;87.1839;450;177;-15.337402;-56.679188;2022;IBGE Censo 2022 — malha setores + agregados básicos (V0001);"Centroide = centro da bbox do setor; exposição proxy por centroide na mancha"
510490605000022;5104906;Jangada;Rural;32.3764;336;137;-15.409316;-56.677036;2022;IBGE Censo 2022 — malha setores + agregados básicos (V0001);"Centroide = centro da bbox do setor; exposição proxy por centroide na mancha"
510490605000005;5104906;Jangada;Rural;97.2698;285;155;-15.292106;-56.649132;2022;IBGE Censo 2022 — malha setores + agregados básicos (V0001);"Centroide = centro da bbox do setor; exposição proxy por centroide na mancha"
510490605000013;5104906;Jangada;Rural;172.6849;259;139;-15.44927;-56.572823;2022;IBGE Censo 2022 — malha setores + agregados básicos (V0001);"Centroide = centro da bbox do setor; exposição proxy por centroide na mancha"
510490605000020;5104906;Jangada;Rural;18.1614;283;121;-15.371564;-56.646391;2022;IBGE Censo 2022 — malha setores + agregados básicos (V0001);"Centroide = centro da bbox do setor; exposição proxy por centroide na mancha"
510490605000023;5104906;Jangada;Rural;11.1981;287;108;-15.413399;-56.626055;2022;IBGE Censo 2022 — malha setores + agregados básicos (V0001);"Centroide = centro da bbox do setor; exposição proxy por centroide na mancha"
510490605000021;5104906;Jangada;Rural;17.3813;264;140;-15.365172;-56.613552;2022;IBGE Censo 2022 — malha setores + agregados básicos (V0001);"Centroide = centro da bbox do setor; exposição proxy por centroide na mancha"
510490605000006;5104906;Jangada;Rural;142.5434;469;243;-15.222134;-56.55769;2022;IBGE Censo 2022 — malha setores + agregados básicos (V0001);"Centroide = centro da bbox do setor; exposição proxy por centroide na mancha"
510490605000008;5104906;Jangada;Rural;323.1296;314;160;-15.34656;-56.479912;2022;IBGE Censo 2022 — malha setores + agregados básicos (V0001);"Centroide = centro da bbox do setor; exposição proxy por centroide na mancha"
510610915000008;5106109;Nossa Senhora do Livramento;Rural;153.0282;305;318;-15.524133;-56.486837;2022;IBGE Censo 2022 — malha setores + agregados básicos (V0001);"Centroide = centro da bbox do setor; exposição proxy por centroide na mancha"
510490605000007;5104906;Jangada;Rural;120.3382;374;151;-15.18208;-56.453918;2022;IBGE Censo 2022 — malha setores + agregados básicos (V0001);"Centroide = centro da bbox do setor; exposição proxy por centroide na mancha"
510490605000015;5104906;Jangada;Rural;0.5841;346;148;-15.179374;-56.518501;2022;IBGE Censo 2022 — malha setores + agregados básicos (V0001);"Centroide = centro da bbox do setor; exposição proxy por centroide na mancha"
510490605000011;5104906;Jangada;Urbana;0.4784;473;187;-15.228253;-56.500147;2022;IBGE Censo 2022 — malha setores + agregados básicos (V0001);"Centroide = centro da bbox do setor; exposição proxy por centroide na mancha"
510490605000016;5104906;Jangada;Urbana;0.1854;145;62;-15.233458;-56.496647;2022;IBGE Censo 2022 — malha setores + agregados básicos (V0001);"Centroide = centro da bbox do setor; exposição proxy por centroide na mancha"
510490605000017;5104906;Jangada;Urbana;0.0708;428;151;-15.236475;-56.497349;2022;IBGE Censo 2022 — malha setores + agregados básicos (V0001);"Centroide = centro da bbox do setor; exposição proxy por centroide na mancha"
510490605000010;5104906;Jangada;Urbana;0.1994;461;180;-15.237535;-56.493769;2022;IBGE Censo 2022 — malha setores + agregados básicos (V0001);"Centroide = centro da bbox do setor; exposição proxy por centroide na mancha"
510490605000001;5104906;Jangada;Urbana;0.5299;790;301;-15.240564;-56.489479;2022;IBGE Censo 2022 — malha setores + agregados básicos (V0001);"Centroide = centro da bbox do setor; exposição proxy por centroide na mancha"
510490605000002;5104906;Jangada;Urbana;0.4205;765;309;-15.233716;-56.490248;2022;IBGE Censo 2022 — malha setores + agregados básicos (V0001);"Centroide = centro da bbox do setor; exposição proxy por centroide na mancha"
510490605000003;5104906;Jangada;Urbana;0.4783;634;259;-15.237758;-56.485048;2022;IBGE Censo 2022 — malha setores + agregados básicos (V0001);"Centroide = centro da bbox do setor; exposição proxy por centroide na mancha"
510610915000005;5106109;Nossa Senhora do Livramento;Rural;344.5174;417;324;-15.612943;-56.646374;2022;IBGE Censo 2022 — malha setores + agregados básicos (V0001);"Centroide = centro da bbox do setor; exposição proxy por centroide na mancha"
510610915000002;5106109;Nossa Senhora do Livramento;Rural;390.649;404;311;-15.672639;-56.807245;2022;IBGE Censo 2022 — malha setores + agregados básicos (V0001);"Centroide = centro da bbox do setor; exposição proxy por centroide na mancha"
510610915000003;5106109;Nossa Senhora do Livramento;Rural;382.0898;383;269;-15.652513;-56.884979;2022;IBGE Censo 2022 — malha setores + agregados básicos (V0001);"Centroide = centro da bbox do setor; exposição proxy por centroide na mancha"
510610915000006;5106109;Nossa Senhora do Livramento;Rural;205.3034;207;265;-15.588356;-56.457596;2022;IBGE Censo 2022 — malha setores + agregados básicos (V0001);"Centroide = centro da bbox do setor; exposição proxy por centroide na mancha"
510770115000001;5107701;Rosário Oeste;Urbana;0.3649;401;201;-15.146548;-56.725922;2022;IBGE Censo 2022 — malha setores + agregados básicos (V0001);"Centroide = centro da bbox do setor; exposição proxy por centroide na mancha"
510770115000002;5107701;Rosário Oeste;Rural;337.2491;195;119;-15.056085;-56.652109;2022;IBGE Censo 2022 — malha setores + agregados básicos (V0001);"Centroide = centro da bbox do setor; exposição proxy por centroide na mancha"
510770115000003;5107701;Rosário Oeste;Rural;189.6606;256;173;-15.054737;-56.542099;2022;IBGE Censo 2022 — malha setores + agregados básicos (V0001);"Centroide = centro da bbox do setor; exposição proxy por centroide na mancha"
510770115000004;5107701;Rosário Oeste;Rural;306.4977;248;128;-15.332624;-56.765413;2022;IBGE Censo 2022 — malha setores + agregados básicos (V0001);"Centroide = centro da bbox do setor; exposição proxy por centroide na mancha"
510770115000005;5107701;Rosário Oeste;Rural;518.5665;298;205;-15.298768;-56.817345;2022;IBGE Censo 2022 — malha setores + agregados básicos (V0001);"Centroide = centro da bbox do setor; exposição proxy por centroide na mancha"
510770115000007;5107701;Rosário Oeste;Rural;98.0688;269;172;-15.070218;-56.475304;2022;IBGE Censo 2022 — malha setores + agregados básicos (V0001);"Centroide = centro da bbox do setor; exposição proxy por centroide na mancha"
510770115000008;5107701;Rosário Oeste;Rural;182.9535;40;22;-15.458545;-56.776949;2022;IBGE Censo 2022 — malha setores + agregados básicos (V0001);"Centroide = centro da bbox do setor; exposição proxy por centroide na mancha"
510590305000033;5105903;Nobres;Rural;211.2474;92;91;-14.686899;-56.375652;2022;IBGE Censo 2022 — malha setores + agregados básicos (V0001);"Centroide = centro da bbox do setor; exposição proxy por centroide na mancha"
510590305000008;5105903;Nobres;Rural;2.6133;13;7;-14.721211;-56.343485;2022;IBGE Censo 2022 — malha setores + agregados básicos (V0001);"Centroide = centro da bbox do setor; exposição proxy por centroide na mancha"
510770105000033;5107701;Rosário Oeste;Rural;400.9949;209;106;-14.85989;-56.50474;2022;IBGE Censo 2022 — malha setores + agregados básicos (V0001);"Centroide = centro da bbox do setor; exposição proxy por centroide na mancha"
510650505000047;5106505;Poconé;Urbana;0.1387;266;132;-16.257803;-56.627115;2022;IBGE Censo 2022 — malha setores + agregados básicos (V0001);"Centroide = centro da bbox do setor; exposição proxy por centroide na mancha"
510650505000068;5106505;Poconé;Urbana;0.1;419;165;-16.269491;-56.644138;2022;IBGE Censo 2022 — malha setores + agregados básicos (V0001);"Centroide = centro da bbox do setor; exposição proxy por centroide na mancha"
510650505000021;5106505;Poconé;Urbana;0.1501;567;188;-16.248007;-56.631729;2022;IBGE Censo 2022 — malha setores + agregados básicos (V0001);"Centroide = centro da bbox do setor; exposição proxy por centroide na mancha"
510650505000010;5106505;Poconé;Urbana;0.1599;317;144;-16.254877;-56.624599;2022;IBGE Censo 2022 — malha setores + agregados básicos (V0001);"Centroide = centro da bbox do setor; exposição proxy por centroide na mancha"
510650505000071;5106505;Poconé;Urbana;0.1715;467;189;-16.266623;-56.615234;2022;IBGE Censo 2022 — malha setores + agregados básicos (V0001);"Centroide = centro da bbox do setor; exposição proxy por centroide na mancha"
510650505000043;5106505;Poconé;Urbana;0.1738;652;243;-16.272063;-56.642492;2022;IBGE Censo 2022 — malha setores + agregados básicos (V0001);"Centroide = centro da bbox do setor; exposição proxy por centroide na mancha"
510650505000022;5106505;Poconé;Urbana;0.257;762;328;-16.251018;-56.628244;2022;IBGE Censo 2022 — malha setores + agregados básicos (V0001);"Centroide = centro da bbox do setor; exposição proxy por centroide na mancha"
510650505000023;5106505;Poconé;Urbana;0.1551;1021;357;-16.267616;-56.646122;2022;IBGE Censo 2022 — malha setores + agregados básicos (V0001);"Centroide = centro da bbox do setor; exposição proxy por centroide na mancha"
510650505000002;5106505;Poconé;Urbana;0.212;373;186;-16.261413;-56.623861;2022;IBGE Censo 2022 — malha setores + agregados básicos (V0001);"Centroide = centro da bbox do setor; exposição proxy por centroide na mancha"
510650505000066;5106505;Poconé;Urbana;0.1926;153;82;-16.269755;-56.625368;2022;IBGE Censo 2022 — malha setores + agregados básicos (V0001);"Centroide = centro da bbox do setor; exposição proxy por centroide na mancha"
510160505000001;5101605;Barão de Melgaço;Urbana;0.1892;329;186;-16.194386;-55.967533;2022;IBGE Censo 2022 — malha setores + agregados básicos (V0001);"Centroide = centro da bbox do setor; exposição proxy por centroide na mancha"
510650505000005;5106505;Poconé;Urbana;0.2078;571;244;-16.263525;-56.630619;2022;IBGE Censo 2022 — malha setores + agregados básicos (V0001);"Centroide = centro da bbox do setor; exposição proxy por centroide na mancha"
510650505000020;5106505;Poconé;Urbana;0.1759;721;273;-16.248361;-56.636251;2022;IBGE Censo 2022 — malha setores + agregados básicos (V0001);"Centroide = centro da bbox do setor; exposição proxy por centroide na mancha"
510650505000007;5106505;Poconé;Urbana;0.3542;820;302;-16.243968;-56.627047;2022;IBGE Censo 2022 — malha setores + agregados básicos (V0001);"Centroide = centro da bbox do setor; exposição proxy por centroide na mancha"
510650505000004;5106505;Poconé;Urbana;0.2347;854;307;-16.268492;-56.631182;2022;IBGE Censo 2022 — malha setores + agregados básicos (V0001);"Centroide = centro da bbox do setor; exposição proxy por centroide na mancha"
510650505000014;5106505;Poconé;Urbana;0.2163;589;240;-16.27215;-56.62743;2022;IBGE Censo 2022 — malha setores + agregados básicos (V0001);"Centroide = centro da bbox do setor; exposição proxy por centroide na mancha"
510650505000042;5106505;Poconé;Urbana;0.1981;1097;401;-16.244921;-56.632486;2022;IBGE Censo 2022 — malha setores + agregados básicos (V0001);"Centroide = centro da bbox do setor; exposição proxy por centroide na mancha"
510650505000040;5106505;Poconé;Urbana;0.1747;625;237;-16.250729;-56.623138;2022;IBGE Censo 2022 — malha setores + agregados básicos (V0001);"Centroide = centro da bbox do setor; exposição proxy por centroide na mancha"
510650505000001;5106505;Poconé;Urbana;0.1778;405;181;-16.259912;-56.62632;2022;IBGE Censo 2022 — malha setores + agregados básicos (V0001);"Centroide = centro da bbox do setor; exposição proxy por centroide na mancha"
510650505000013;5106505;Poconé;Urbana;0.2445;438;167;-16.269725;-56.621407;2022;IBGE Censo 2022 — malha setores + agregados básicos (V0001);"Centroide = centro da bbox do setor; exposição proxy por centroide na mancha"
510650505000063;5106505;Poconé;Urbana;0.2312;520;224;-16.267385;-56.620222;2022;IBGE Censo 2022 — malha setores + agregados básicos (V0001);"Centroide = centro da bbox do setor; exposição proxy por centroide na mancha"
510650505000024;5106505;Poconé;Urbana;0.1783;480;202;-16.265448;-56.639021;2022;IBGE Censo 2022 — malha setores + agregados básicos (V0001);"Centroide = centro da bbox do setor; exposição proxy por centroide na mancha"
510650505000067;5106505;Poconé;Urbana;0.2728;740;321;-16.251454;-56.633202;2022;IBGE Censo 2022 — malha setores + agregados básicos (V0001);"Centroide = centro da bbox do setor; exposição proxy por centroide na mancha"
510650505000003;5106505;Poconé;Urbana;0.2725;517;291;-16.26562;-56.626293;2022;IBGE Censo 2022 — malha setores + agregados básicos (V0001);"Centroide = centro da bbox do setor; exposição proxy por centroide na mancha"
510650505000009;5106505;Poconé;Urbana;0.3185;1084;457;-16.247622;-56.622059;2022;IBGE Censo 2022 — malha setores + agregados básicos (V0001);"Centroide = centro da bbox do setor; exposição proxy por centroide na mancha"
510650505000015;5106505;Poconé;Urbana;0.218;556;229;-16.280357;-56.626841;2022;IBGE Censo 2022 — malha setores + agregados básicos (V0001);"Centroide = centro da bbox do setor; exposição proxy por centroide na mancha"
510650505000006;5106505;Poconé;Urbana;0.4075;505;238;-16.256454;-56.63113;2022;IBGE Censo 2022 — malha setores + agregados básicos (V0001);"Centroide = centro da bbox do setor; exposição proxy por centroide na mancha"
510650505000018;5106505;Poconé;Urbana;0.3304;673;275;-16.261318;-56.634039;2022;IBGE Censo 2022 — malha setores + agregados básicos (V0001);"Centroide = centro da bbox do setor; exposição proxy por centroide na mancha"
510650505000008;5106505;Poconé;Urbana;0.4391;825;316;-16.244528;-56.62044;2022;IBGE Censo 2022 — malha setores + agregados básicos (V0001);"Centroide = centro da bbox do setor; exposição proxy por centroide na mancha"
510650505000064;5106505;Poconé;Urbana;0.2356;563;194;-16.268368;-56.636517;2022;IBGE Censo 2022 — malha setores + agregados básicos (V0001);"Centroide = centro da bbox do setor; exposição proxy por centroide na mancha"
510650505000011;5106505;Poconé;Urbana;0.4583;481;191;-16.25375;-56.619492;2022;IBGE Censo 2022 — malha setores + agregados básicos (V0001);"Centroide = centro da bbox do setor; exposição proxy por centroide na mancha"
510650505000041;5106505;Poconé;Urbana;0.2398;744;282;-16.266788;-56.638391;2022;IBGE Censo 2022 — malha setores + agregados básicos (V0001);"Centroide = centro da bbox do setor; exposição proxy por centroide na mancha"
510650505000017;5106505;Poconé;Urbana;0.4812;490;195;-16.263403;-56.646954;2022;IBGE Censo 2022 — malha setores + agregados básicos (V0001);"Centroide = centro da bbox do setor; exposição proxy por centroide na mancha"
510650505000012;5106505;Poconé;Urbana;0.5557;1385;461;-16.262971;-56.618521;2022;IBGE Censo 2022 — malha setores + agregados básicos (V0001);"Centroide = centro da bbox do setor; exposição proxy por centroide na mancha"
510650505000019;5106505;Poconé;Urbana;0.9965;1172;422;-16.253679;-56.639385;2022;IBGE Censo 2022 — malha setores + agregados básicos (V0001);"Centroide = centro da bbox do setor; exposição proxy por centroide na mancha"
510160505000003;5101605;Barão de Melgaço;Urbana;0.8108;676;341;-16.20134;-55.974195;2022;IBGE Censo 2022 — malha setores + agregados básicos (V0001);"Centroide = centro da bbox do setor; exposição proxy por centroide na mancha"
510610910000001;5106109;Nossa Senhora do Livramento;Urbana;0.7317;264;118;-16.235426;-56.378799;2022;IBGE Censo 2022 — malha setores + agregados básicos (V0001);"Centroide = centro da bbox do setor; exposição proxy por centroide na mancha"
510650505000057;5106505;Poconé;Urbana;0.8869;210;74;-16.259563;-56.643377;2022;IBGE Censo 2022 — malha setores + agregados básicos (V0001);"Centroide = centro da bbox do setor; exposição proxy por centroide na mancha"
510160505000009;5101605;Barão de Melgaço;Rural;88.7227;675;534;-16.22146;-55.94157;2022;IBGE Censo 2022 — malha setores + agregados básicos (V0001);"Centroide = centro da bbox do setor; exposição proxy por centroide na mancha"
510650505000072;5106505;Poconé;Rural;170.2991;537;308;-16.212193;-56.644735;2022;IBGE Censo 2022 — malha setores + agregados básicos (V0001);"Centroide = centro da bbox do setor; exposição proxy por centroide na mancha"
510650510000008;5106505;Poconé;Rural;5.6426;109;48;-16.161748;-56.439281;2022;IBGE Censo 2022 — malha setores + agregados básicos (V0001);"Centroide = centro da bbox do setor; exposição proxy por centroide na mancha"
510010210000002;5100102;Acorizal;Rural;99.2018;342;242;-15.074024;-56.352848;2022;IBGE Censo 2022 — malha setores + agregados básicos (V0001);"Centroide = centro da bbox do setor; exposição proxy por centroide na mancha"
510010205000005;5100102;Acorizal;Rural;163.2295;267;184;-15.312239;-56.365097;2022;IBGE Censo 2022 — malha setores + agregados básicos (V0001);"Centroide = centro da bbox do setor; exposição proxy por centroide na mancha"
510010210000001;5100102;Acorizal;Urbana;0.7136;345;196;-15.155647;-56.412979;2022;IBGE Censo 2022 — malha setores + agregados básicos (V0001);"Centroide = centro da bbox do setor; exposição proxy por centroide na mancha"
510010205000008;5100102;Acorizal;Rural;115.6064;257;287;-15.267484;-56.34267;2022;IBGE Censo 2022 — malha setores + agregados básicos (V0001);"Centroide = centro da bbox do setor; exposição proxy por centroide na mancha"
510010205000013;5100102;Acorizal;Rural;71.8168;136;102;-15.128463;-56.364525;2022;IBGE Censo 2022 — malha setores + agregados básicos (V0001);"Centroide = centro da bbox do setor; exposição proxy por centroide na mancha"
510010205000016;5100102;Acorizal;Rural;7.8383;18;29;-15.189106;-56.386433;2022;IBGE Censo 2022 — malha setores + agregados básicos (V0001);"Centroide = centro da bbox do setor; exposição proxy por centroide na mancha"
510010205000017;5100102;Acorizal;Urbana;0.4091;5;55;-15.195948;-56.386309;2022;IBGE Censo 2022 — malha setores + agregados básicos (V0001);"Centroide = centro da bbox do setor; exposição proxy por centroide na mancha"
510010205000001;5100102;Acorizal;Urbana;0.777;537;273;-15.199877;-56.372765;2022;IBGE Censo 2022 — malha setores + agregados básicos (V0001);"Centroide = centro da bbox do setor; exposição proxy por centroide na mancha"
510010205000010;5100102;Acorizal;Urbana;0.555;576;280;-15.19269;-56.37112;2022;IBGE Censo 2022 — malha setores + agregados básicos (V0001);"Centroide = centro da bbox do setor; exposição proxy por centroide na mancha"
510010205000009;5100102;Acorizal;Rural;2.6276;15;41;-15.198272;-56.358486;2022;IBGE Censo 2022 — malha setores + agregados básicos (V0001);"Centroide = centro da bbox do setor; exposição proxy por centroide na mancha"
510010205000002;5100102;Acorizal;Urbana;0.2258;376;193;-15.200559;-56.363596;2022;IBGE Censo 2022 — malha setores + agregados básicos (V0001);"Centroide = centro da bbox do setor; exposição proxy por centroide na mancha"
510010205000011;5100102;Acorizal;Urbana;0.2985;474;209;-15.196762;-56.362488;2022;IBGE Censo 2022 — malha setores + agregados básicos (V0001);"Centroide = centro da bbox do setor; exposição proxy por centroide na mancha"
510010205000003;5100102;Acorizal;Urbana;0.464;450;254;-15.203839;-56.362989;2022;IBGE Censo 2022 — malha setores + agregados básicos (V0001);"Centroide = centro da bbox do setor; exposição proxy por centroide na mancha"
510010205000004;5100102;Acorizal;Rural;76.1187;81;66;-15.162004;-56.307049;2022;IBGE Censo 2022 — malha setores + agregados básicos (V0001);"Centroide = centro da bbox do setor; exposição proxy por centroide na mancha"
510010205000015;5100102;Acorizal;Rural;142.4206;264;159;-15.061689;-56.267347;2022;IBGE Censo 2022 — malha setores + agregados básicos (V0001);"Centroide = centro da bbox do setor; exposição proxy por centroide na mancha"
510010205000012;5100102;Acorizal;Rural;0.1719;157;77;-15.145988;-56.342936;2022;IBGE Censo 2022 — malha setores + agregados básicos (V0001);"Centroide = centro da bbox do setor; exposição proxy por centroide na mancha"
510010207000002;5100102;Acorizal;Rural;87.7671;238;142;-15.148366;-56.255072;2022;IBGE Censo 2022 — malha setores + agregados básicos (V0001);"Centroide = centro da bbox do setor; exposição proxy por centroide na mancha"
510340320000003;5103403;Cuiabá;Rural;128.5228;426;404;-15.264306;-56.236874;2022;IBGE Censo 2022 — malha setores + agregados básicos (V0001);"Centroide = centro da bbox do setor; exposição proxy por centroide na mancha"
510010207000001;5100102;Acorizal;Urbana;0.418;226;144;-15.234581;-56.294666;2022;IBGE Censo 2022 — malha setores + agregados básicos (V0001);"Centroide = centro da bbox do setor; exposição proxy por centroide na mancha"
510010207000003;5100102;Acorizal;Rural;80.1033;250;164;-15.168745;-56.197792;2022;IBGE Censo 2022 — malha setores + agregados básicos (V0001);"Centroide = centro da bbox do setor; exposição proxy por centroide na mancha"
510340320000011;5103403;Cuiabá;Urbana;1.4738;550;275;-15.360438;-56.242432;2022;IBGE Censo 2022 — malha setores + agregados básicos (V0001);"Centroide = centro da bbox do setor; exposição proxy por centroide na mancha"
510300710000009;5103007;Chapada dos Guimarães;Rural;161.2941;48;40;-15.040105;-56.135937;2022;IBGE Censo 2022 — malha setores + agregados básicos (V0001);"Centroide = centro da bbox do setor; exposição proxy por centroide na mancha"
510340320000002;5103403;Cuiabá;Rural;76.256;255;293;-15.271182;-56.185183;2022;IBGE Censo 2022 — malha setores + agregados básicos (V0001);"Centroide = centro da bbox do setor; exposição proxy por centroide na mancha"
510340320000001;5103403;Cuiabá;Urbana;0.4113;1041;465;-15.353097;-56.233471;2022;IBGE Censo 2022 — malha setores + agregados básicos (V0001);"Centroide = centro da bbox do setor; exposição proxy por centroide na mancha"
510340330000003;5103403;Cuiabá;Rural;283.5705;425;399;-15.191429;-56.091496;2022;IBGE Censo 2022 — malha setores + agregados básicos (V0001);"Centroide = centro da bbox do setor; exposição proxy por centroide na mancha"
510340330000002;5103403;Cuiabá;Rural;196.7837;521;548;-15.26925;-56.045635;2022;IBGE Censo 2022 — malha setores + agregados básicos (V0001);"Centroide = centro da bbox do setor; exposição proxy por centroide na mancha"
510340330000001;5103403;Cuiabá;Urbana;2.9664;446;305;-15.279896;-56.12455;2022;IBGE Censo 2022 — malha setores + agregados básicos (V0001);"Centroide = centro da bbox do setor; exposição proxy por centroide na mancha"
510340330000005;5103403;Cuiabá;Rural;21.7588;0;0;-15.246131;-55.950853;2022;IBGE Censo 2022 — malha setores + agregados básicos (V0001);"Centroide = centro da bbox do setor; exposição proxy por centroide na mancha"
510160510000027;5101605;Barão de Melgaço;Rural;521.6259;6;3;-16.924726;-56.040499;2022;IBGE Censo 2022 — malha setores + agregados básicos (V0001);"Centroide = centro da bbox do setor; exposição proxy por centroide na mancha"
510160510000028;5101605;Barão de Melgaço;Rural;548.8474;217;205;-16.482691;-55.911165;2022;IBGE Censo 2022 — malha setores + agregados básicos (V0001);"Centroide = centro da bbox do setor; exposição proxy por centroide na mancha"
510160510000002;5101605;Barão de Melgaço;Rural;410.4366;60;41;-16.636701;-55.939878;2022;IBGE Censo 2022 — malha setores + agregados básicos (V0001);"Centroide = centro da bbox do setor; exposição proxy por centroide na mancha"
510160510000018;5101605;Barão de Melgaço;Rural;485.2799;23;23;-17.016533;-55.903334;2022;IBGE Censo 2022 — malha setores + agregados básicos (V0001);"Centroide = centro da bbox do setor; exposição proxy por centroide na mancha"
510160505000013;5101605;Barão de Melgaço;Rural;62.2837;109;90;-16.271497;-56.029114;2022;IBGE Censo 2022 — malha setores + agregados básicos (V0001);"Centroide = centro da bbox do setor; exposição proxy por centroide na mancha"
510160510000007;5101605;Barão de Melgaço;Rural;347.83;102;86;-17.16927;-55.944445;2022;IBGE Censo 2022 — malha setores + agregados básicos (V0001);"Centroide = centro da bbox do setor; exposição proxy por centroide na mancha"
510160505000014;5101605;Barão de Melgaço;Rural;30.7211;111;95;-16.363586;-55.979742;2022;IBGE Censo 2022 — malha setores + agregados básicos (V0001);"Centroide = centro da bbox do setor; exposição proxy por centroide na mancha"
510160510000025;5101605;Barão de Melgaço;Rural;468.6868;7;4;-16.841215;-55.872963;2022;IBGE Censo 2022 — malha setores + agregados básicos (V0001);"Centroide = centro da bbox do setor; exposição proxy por centroide na mancha"
510160505000015;5101605;Barão de Melgaço;Rural;28.3839;305;138;-16.313686;-55.976192;2022;IBGE Censo 2022 — malha setores + agregados básicos (V0001);"Centroide = centro da bbox do setor; exposição proxy por centroide na mancha"
510160505000019;5101605;Barão de Melgaço;Rural;1.3619;51;30;-16.202906;-55.964815;2022;IBGE Censo 2022 — malha setores + agregados básicos (V0001);"Centroide = centro da bbox do setor; exposição proxy por centroide na mancha"
510160505000016;5101605;Barão de Melgaço;Rural;84.6481;94;75;-16.265911;-55.907682;2022;IBGE Censo 2022 — malha setores + agregados básicos (V0001);"Centroide = centro da bbox do setor; exposição proxy por centroide na mancha"
510160505000012;5101605;Barão de Melgaço;Rural;0.7164;260;97;-16.3543;-55.95632;2022;IBGE Censo 2022 — malha setores + agregados básicos (V0001);"Centroide = centro da bbox do setor; exposição proxy por centroide na mancha"
510160505000017;5101605;Barão de Melgaço;Rural;225.4586;153;125;-16.24328;-55.827541;2022;IBGE Censo 2022 — malha setores + agregados básicos (V0001);"Centroide = centro da bbox do setor; exposição proxy por centroide na mancha"
510160510000003;5101605;Barão de Melgaço;Rural;534.1641;139;51;-16.473591;-55.769041;2022;IBGE Censo 2022 — malha setores + agregados básicos (V0001);"Centroide = centro da bbox do setor; exposição proxy por centroide na mancha"
510160510000021;5101605;Barão de Melgaço;Rural;562.7965;13;15;-17.227462;-55.745138;2022;IBGE Censo 2022 — malha setores + agregados básicos (V0001);"Centroide = centro da bbox do setor; exposição proxy por centroide na mancha"
510160510000019;5101605;Barão de Melgaço;Rural;351.5432;20;12;-16.621694;-55.689154;2022;IBGE Censo 2022 — malha setores + agregados básicos (V0001);"Centroide = centro da bbox do setor; exposição proxy por centroide na mancha"
510160510000004;5101605;Barão de Melgaço;Rural;462.6443;34;36;-16.43367;-55.654825;2022;IBGE Censo 2022 — malha setores + agregados básicos (V0001);"Centroide = centro da bbox do setor; exposição proxy por centroide na mancha"
510160510000006;5101605;Barão de Melgaço;Rural;494.0921;66;50;-16.862635;-55.674726;2022;IBGE Censo 2022 — malha setores + agregados básicos (V0001);"Centroide = centro da bbox do setor; exposição proxy por centroide na mancha"
510160505000018;5101605;Barão de Melgaço;Urbana;7.1355;335;256;-16.257277;-55.790899;2022;IBGE Censo 2022 — malha setores + agregados básicos (V0001);"Centroide = centro da bbox do setor; exposição proxy por centroide na mancha"
510160510000005;5101605;Barão de Melgaço;Rural;328.972;74;59;-16.712901;-55.660524;2022;IBGE Censo 2022 — malha setores + agregados básicos (V0001);"Centroide = centro da bbox do setor; exposição proxy por centroide na mancha"
510160510000020;5101605;Barão de Melgaço;Rural;570.7789;58;48;-17.009251;-55.663483;2022;IBGE Censo 2022 — malha setores + agregados básicos (V0001);"Centroide = centro da bbox do setor; exposição proxy por centroide na mancha"
510780005000032;5107800;Santo Antônio de Leverger;Rural;100.9895;208;201;-16.119563;-55.80949;2022;IBGE Censo 2022 — malha setores + agregados básicos (V0001);"Centroide = centro da bbox do setor; exposição proxy por centroide na mancha"
510780015000001;5107800;Santo Antônio de Leverger;Rural;36.2344;42;34;-16.189535;-55.759289;2022;IBGE Censo 2022 — malha setores + agregados básicos (V0001);"Centroide = centro da bbox do setor; exposição proxy por centroide na mancha"
510610905000006;5106109;Nossa Senhora do Livramento;Rural;79.913;137;122;-15.748866;-56.386406;2022;IBGE Censo 2022 — malha setores + agregados básicos (V0001);"Centroide = centro da bbox do setor; exposição proxy por centroide na mancha"
510610913000004;5106109;Nossa Senhora do Livramento;Rural;287.8629;282;167;-16.009203;-56.324703;2022;IBGE Censo 2022 — malha setores + agregados básicos (V0001);"Centroide = centro da bbox do setor; exposição proxy por centroide na mancha"
510610905000014;5106109;Nossa Senhora do Livramento;Rural;20.5879;66;49;-15.77115;-56.374773;2022;IBGE Censo 2022 — malha setores + agregados básicos (V0001);"Centroide = centro da bbox do setor; exposição proxy por centroide na mancha"
510610913000002;5106109;Nossa Senhora do Livramento;Rural;144.9296;242;163;-15.850433;-56.264502;2022;IBGE Censo 2022 — malha setores + agregados básicos (V0001);"Centroide = centro da bbox do setor; exposição proxy por centroide na mancha"
510610905000009;5106109;Nossa Senhora do Livramento;Rural;38.1959;174;81;-15.679778;-56.332083;2022;IBGE Censo 2022 — malha setores + agregados básicos (V0001);"Centroide = centro da bbox do setor; exposição proxy por centroide na mancha"
510610905000016;5106109;Nossa Senhora do Livramento;Rural;12.8833;94;53;-15.772125;-56.329523;2022;IBGE Censo 2022 — malha setores + agregados básicos (V0001);"Centroide = centro da bbox do setor; exposição proxy por centroide na mancha"
510610905000018;5106109;Nossa Senhora do Livramento;Rural;71.308;122;116;-15.662018;-56.282698;2022;IBGE Censo 2022 — malha setores + agregados básicos (V0001);"Centroide = centro da bbox do setor; exposição proxy por centroide na mancha"
510610905000002;5106109;Nossa Senhora do Livramento;Urbana;0.2571;634;260;-15.773455;-56.349751;2022;IBGE Censo 2022 — malha setores + agregados básicos (V0001);"Centroide = centro da bbox do setor; exposição proxy por centroide na mancha"
510610905000001;5106109;Nossa Senhora do Livramento;Urbana;0.6886;872;367;-15.77907;-56.343513;2022;IBGE Censo 2022 — malha setores + agregados básicos (V0001);"Centroide = centro da bbox do setor; exposição proxy por centroide na mancha"
510610905000012;5106109;Nossa Senhora do Livramento;Urbana;0.3255;431;224;-15.771497;-56.346302;2022;IBGE Censo 2022 — malha setores + agregados básicos (V0001);"Centroide = centro da bbox do setor; exposição proxy por centroide na mancha"
510610905000013;5106109;Nossa Senhora do Livramento;Urbana;0.2261;596;253;-15.771029;-56.340118;2022;IBGE Censo 2022 — malha setores + agregados básicos (V0001);"Centroide = centro da bbox do setor; exposição proxy por centroide na mancha"
510610905000003;5106109;Nossa Senhora do Livramento;Urbana;0.2237;618;276;-15.767804;-56.340008;2022;IBGE Censo 2022 — malha setores + agregados básicos (V0001);"Centroide = centro da bbox do setor; exposição proxy por centroide na mancha"
510610905000004;5106109;Nossa Senhora do Livramento;Urbana;0.189;371;159;-15.772982;-56.339088;2022;IBGE Censo 2022 — malha setores + agregados básicos (V0001);"Centroide = centro da bbox do setor; exposição proxy por centroide na mancha"
510610905000015;5106109;Nossa Senhora do Livramento;Urbana;0.0518;322;116;-15.770709;-56.333738;2022;IBGE Censo 2022 — malha setores + agregados básicos (V0001);"Centroide = centro da bbox do setor; exposição proxy por centroide na mancha"
510610913000005;5106109;Nossa Senhora do Livramento;Rural;103.2353;215;140;-15.94136;-56.218294;2022;IBGE Censo 2022 — malha setores + agregados básicos (V0001);"Centroide = centro da bbox do setor; exposição proxy por centroide na mancha"
510610913000003;5106109;Nossa Senhora do Livramento;Rural;151.1081;562;204;-15.855677;-56.21648;2022;IBGE Censo 2022 — malha setores + agregados básicos (V0001);"Centroide = centro da bbox do setor; exposição proxy por centroide na mancha"
510610913000001;5106109;Nossa Senhora do Livramento;Urbana;3.5927;222;110;-15.782613;-56.221794;2022;IBGE Censo 2022 — malha setores + agregados básicos (V0001);"Centroide = centro da bbox do setor; exposição proxy por centroide na mancha"
510610913000006;5106109;Nossa Senhora do Livramento;Rural;59.2084;485;252;-15.849745;-56.142002;2022;IBGE Censo 2022 — malha setores + agregados básicos (V0001);"Centroide = centro da bbox do setor; exposição proxy por centroide na mancha"
510610913000011;5106109;Nossa Senhora do Livramento;Urbana;6.2767;262;272;-15.846929;-56.09952;2022;IBGE Censo 2022 — malha setores + agregados básicos (V0001);"Centroide = centro da bbox do setor; exposição proxy por centroide na mancha"
510780005000014;5107800;Santo Antônio de Leverger;Rural;21.5462;3;15;-15.888918;-56.073454;2022;IBGE Censo 2022 — malha setores + agregados básicos (V0001);"Centroide = centro da bbox do setor; exposição proxy por centroide na mancha"
510780005000009;5107800;Santo Antônio de Leverger;Rural;35.3906;118;141;-15.941241;-56.053919;2022;IBGE Censo 2022 — malha setores + agregados básicos (V0001);"Centroide = centro da bbox do setor; exposição proxy por centroide na mancha"
510780005000018;5107800;Santo Antônio de Leverger;Urbana;3.2814;47;32;-15.857165;-56.086662;2022;IBGE Censo 2022 — malha setores + agregados básicos (V0001);"Centroide = centro da bbox do setor; exposição proxy por centroide na mancha"
510610910000004;5106109;Nossa Senhora do Livramento;Rural;245.9366;29;41;-16.01625;-56.044472;2022;IBGE Censo 2022 — malha setores + agregados básicos (V0001);"Centroide = centro da bbox do setor; exposição proxy por centroide na mancha"
510610905000010;5106109;Nossa Senhora do Livramento;Rural;215.6456;364;174;-15.85978;-56.361031;2022;IBGE Censo 2022 — malha setores + agregados básicos (V0001);"Centroide = centro da bbox do setor; exposição proxy por centroide na mancha"
510780005000010;5107800;Santo Antônio de Leverger;Urbana;0.3573;814;295;-15.859941;-56.08354;2022;IBGE Censo 2022 — malha setores + agregados básicos (V0001);"Centroide = centro da bbox do setor; exposição proxy por centroide na mancha"
510780005000019;5107800;Santo Antônio de Leverger;Urbana;0.4263;387;149;-15.855462;-56.082722;2022;IBGE Censo 2022 — malha setores + agregados básicos (V0001);"Centroide = centro da bbox do setor; exposição proxy por centroide na mancha"
